08-04-2026 11:14:44 RAM 3702/7620MB (lfb 3x1MB) SWAP 2447/12002MB (cached 118MB) CPU [9%@1728,0%@1728,20%@1728,18%@1728,10%@1728,0%@1728] GR3D_FREQ 65% cpu@72C soc2@70.468C soc0@71.031C gpu@73.406C tj@73.406C soc1@71.531C VDD_IN 18536mW/18536mW VDD_CPU_GPU_CV 9068mW/9068mW VDD_SOC 4106mW/4106mW
08-04-2026 11:14:45 RAM 3703/7620MB (lfb 3x1MB) SWAP 2447/12002MB (cached 118MB) CPU [9%@1728,20%@1728,0%@1728,0%@1728,36%@1728,27%@1728] GR3D_FREQ 67% cpu@71.843C soc2@70.531C soc0@71.031C gpu@73.781C tj@73.781C soc1@71.562C VDD_IN 18536mW/18536mW VDD_CPU_GPU_CV 8988mW/9028mW VDD_SOC 4106mW/4106mW
08-04-2026 11:14:45 RAM 3703/7620MB (lfb 3x1MB) SWAP 2447/12002MB (cached 118MB) CPU [0%@1728,9%@1728,8%@1728,0%@1728,54%@1728,0%@1728] GR3D_FREQ 65% cpu@71.812C soc2@70.625C soc0@71.062C gpu@73.468C tj@73.468C soc1@71.687C VDD_IN 18576mW/18549mW VDD_CPU_GPU_CV 8948mW/9001mW VDD_SOC 4106mW/4106mW
08-04-2026 11:14:45 RAM 3703/7620MB (lfb 3x1MB) SWAP 2447/12002MB (cached 118MB) CPU [0%@1728,0%@1728,0%@1728,9%@1728,63%@1728,0%@1728] GR3D_FREQ 69% cpu@71.781C soc2@70.562C soc0@71.187C gpu@73.843C tj@73.843C soc1@71.406C VDD_IN 18617mW/18566mW VDD_CPU_GPU_CV 8908mW/8978mW VDD_SOC 4106mW/4106mW
08-04-2026 11:14:45 RAM 3703/7620MB (lfb 3x1MB) SWAP 2447/12002MB (cached 118MB) CPU [16%@1728,0%@1728,10%@1728,10%@1728,54%@1728,9%@1728] GR3D_FREQ 69% cpu@71.781C soc2@70.5C soc0@70.968C gpu@73.656C tj@73.656C soc1@71.562C VDD_IN 18617mW/18576mW VDD_CPU_GPU_CV 8908mW/8964mW VDD_SOC 4106mW/4106mW
08-04-2026 11:14:45 RAM 3703/7620MB (lfb 3x1MB) SWAP 2447/12002MB (cached 118MB) CPU [0%@1728,0%@1728,0%@1728,0%@1728,55%@1728,0%@1728] GR3D_FREQ 64% cpu@71.687C soc2@70.437C soc0@71.062C gpu@73.593C tj@73.593C soc1@71.593C VDD_IN 18617mW/18583mW VDD_CPU_GPU_CV 8828mW/8941mW VDD_SOC 4106mW/4106mW
08-04-2026 11:14:45 RAM 3703/7620MB (lfb 3x1MB) SWAP 2447/12002MB (cached 118MB) CPU [0%@1728,9%@1728,0%@1728,9%@1728,50%@1728,0%@1728] GR3D_FREQ 68% cpu@71.812C soc2@70.625C soc0@71.156C gpu@73.843C tj@73.843C soc1@71.687C VDD_IN 18576mW/18582mW VDD_CPU_GPU_CV 8828mW/8925mW VDD_SOC 4106mW/4106mW
08-04-2026 11:14:45 RAM 3703/7620MB (lfb 3x1MB) SWAP 2447/12002MB (cached 118MB) CPU [0%@1728,0%@1728,0%@1728,0%@1728,55%@1728,8%@1728] GR3D_FREQ 68% cpu@71.781C soc2@70.593C soc0@71C gpu@73.687C tj@73.687C soc1@71.531C VDD_IN 18657mW/18592mW VDD_CPU_GPU_CV 8828mW/8913mW VDD_SOC 4106mW/4106mW
08-04-2026 11:14:45 RAM 3703/7620MB (lfb 3x1MB) SWAP 2447/12002MB (cached 118MB) CPU [0%@1728,0%@1728,0%@1728,0%@1728,61%@1728,0%@1728] GR3D_FREQ 69% cpu@71.687C soc2@70.531C soc0@71.031C gpu@73.687C tj@73.687C soc1@71.468C VDD_IN 18657mW/18599mW VDD_CPU_GPU_CV 8788mW/8899mW VDD_SOC 4106mW/4106mW
08-04-2026 11:14:45 RAM 3703/7620MB (lfb 3x1MB) SWAP 2447/12002MB (cached 118MB) CPU [9%@1728,9%@1728,9%@1728,0%@1728,50%@1728,0%@1728] GR3D_FREQ 66% cpu@71.625C soc2@70.593C soc0@71.062C gpu@73.812C tj@73.5C soc1@71.593C VDD_IN 18657mW/18605mW VDD_CPU_GPU_CV 8828mW/8892mW VDD_SOC 4106mW/4106mW
08-04-2026 11:14:46 RAM 3703/7620MB (lfb 3x1MB) SWAP 2447/12002MB (cached 118MB) CPU [0%@1728,10%@1728,9%@1728,16%@1728,55%@1728,0%@1728] GR3D_FREQ 65% cpu@71.687C soc2@70.562C soc0@71.156C gpu@73.656C tj@73.656C soc1@71.75C VDD_IN 18697mW/18613mW VDD_CPU_GPU_CV 8788mW/8883mW VDD_SOC 4106mW/4106mW
08-04-2026 11:14:46 RAM 3706/7620MB (lfb 3x1MB) SWAP 2447/12002MB (cached 118MB) CPU [45%@1728,40%@1728,20%@1728,9%@1728,27%@1728,10%@1728] GR3D_FREQ 65% cpu@71.968C soc2@70.687C soc0@71.031C gpu@73.5C tj@73.5C soc1@71.468C VDD_IN 18576mW/18610mW VDD_CPU_GPU_CV 8828mW/8878mW VDD_SOC 4106mW/4106mW
08-04-2026 11:14:46 RAM 3706/7620MB (lfb 3x1MB) SWAP 2447/12002MB (cached 118MB) CPU [0%@1728,58%@1728,9%@1728,0%@1728,0%@1728,0%@1728] GR3D_FREQ 67% cpu@71.812C soc2@70.468C soc0@70.937C gpu@73.468C tj@73.468C soc1@71.531C VDD_IN 18576mW/18607mW VDD_CPU_GPU_CV 8802mW/8872mW VDD_SOC 4106mW/4106mW
08-04-2026 11:14:46 RAM 3706/7620MB (lfb 3x1MB) SWAP 2447/12002MB (cached 118MB) CPU [16%@1728,60%@1728,9%@1728,0%@1728,0%@1728,0%@1728] GR3D_FREQ 68% cpu@71.812C soc2@70.531C soc0@71.125C gpu@73.625C tj@73.625C soc1@71.593C VDD_IN 18617mW/18608mW VDD_CPU_GPU_CV 8761mW/8864mW VDD_SOC 4106mW/4106mW
08-04-2026 11:14:46 RAM 3706/7620MB (lfb 3x1MB) SWAP 2447/12002MB (cached 118MB) CPU [33%@1728,10%@1728,9%@1728,10%@1728,20%@1728,0%@1728] GR3D_FREQ 66% cpu@71.781C soc2@70.593C soc0@71.125C gpu@73.531C tj@73.531C soc1@71.656C VDD_IN 18536mW/18603mW VDD_CPU_GPU_CV 8761mW/8857mW VDD_SOC 4106mW/4106mW
08-04-2026 11:14:46 RAM 3706/7620MB (lfb 3x1MB) SWAP 2447/12002MB (cached 118MB) CPU [0%@1728,0%@1728,0%@1728,0%@1728,60%@1728,0%@1728] GR3D_FREQ 69% cpu@72.062C soc2@70.593C soc0@71.312C gpu@73.531C tj@73.531C soc1@71.5C VDD_IN 18617mW/18604mW VDD_CPU_GPU_CV 8761mW/8851mW VDD_SOC 4106mW/4106mW
08-04-2026 11:14:46 RAM 3706/7620MB (lfb 3x1MB) SWAP 2447/12002MB (cached 118MB) CPU [9%@1728,16%@1728,0%@1728,0%@1728,54%@1728,0%@1728] GR3D_FREQ 69% cpu@71.687C soc2@70.562C soc0@71.062C gpu@73.406C tj@73.406C soc1@71.5C VDD_IN 18617mW/18605mW VDD_CPU_GPU_CV 8802mW/8848mW VDD_SOC 4106mW/4106mW
08-04-2026 11:14:46 RAM 3706/7620MB (lfb 3x1MB) SWAP 2447/12002MB (cached 118MB) CPU [0%@1728,0%@1728,0%@1728,0%@1728,50%@1728,0%@1728] GR3D_FREQ 65% cpu@71.593C soc2@70.562C soc0@71.125C gpu@73.593C tj@73.593C soc1@71.562C VDD_IN 18657mW/18608mW VDD_CPU_GPU_CV 8802mW/8846mW VDD_SOC 4106mW/4106mW
08-04-2026 11:14:46 RAM 3706/7620MB (lfb 3x1MB) SWAP 2447/12002MB (cached 118MB) CPU [9%@1728,0%@1728,0%@1728,0%@1728,60%@1728,0%@1728] GR3D_FREQ 65% cpu@71.687C soc2@70.562C soc0@71.187C gpu@73.531C tj@73.531C soc1@71.656C VDD_IN 18657mW/18610mW VDD_CPU_GPU_CV 8802mW/8844mW VDD_SOC 4106mW/4106mW
08-04-2026 11:14:46 RAM 3706/7620MB (lfb 3x1MB) SWAP 2447/12002MB (cached 118MB) CPU [0%@1728,0%@1728,0%@1728,0%@1728,54%@1728,0%@1728] GR3D_FREQ 69% cpu@72.031C soc2@70.593C soc0@71.25C gpu@73.5C tj@73.5C soc1@71.468C VDD_IN 18697mW/18615mW VDD_CPU_GPU_CV 8802mW/8841mW VDD_SOC 4106mW/4106mW
08-04-2026 11:14:47 RAM 3706/7620MB (lfb 3x1MB) SWAP 2447/12002MB (cached 118MB) CPU [0%@1728,0%@1728,9%@1728,18%@1728,40%@1728,45%@1728] GR3D_FREQ 62% cpu@71.718C soc2@70.437C soc0@71.062C gpu@73.625C tj@73.625C soc1@71.562C VDD_IN 18697mW/18619mW VDD_CPU_GPU_CV 8802mW/8840mW VDD_SOC 4106mW/4106mW
08-04-2026 11:14:47 RAM 3706/7620MB (lfb 3x1MB) SWAP 2447/12002MB (cached 118MB) CPU [0%@1728,0%@1728,0%@1728,0%@1728,0%@1728,63%@1728] GR3D_FREQ 66% cpu@71.687C soc2@70.593C soc0@71.125C gpu@73.593C tj@73.593C soc1@71.625C VDD_IN 18697mW/18622mW VDD_CPU_GPU_CV 8828mW/8839mW VDD_SOC 4106mW/4106mW
08-04-2026 11:14:47 RAM 3706/7620MB (lfb 3x1MB) SWAP 2447/12002MB (cached 118MB) CPU [0%@1728,8%@1728,0%@1728,0%@1728,0%@1728,54%@1728] GR3D_FREQ 70% cpu@71.5C soc2@70.625C soc0@71.187C gpu@73.531C tj@73.531C soc1@71.75C VDD_IN 18738mW/18627mW VDD_CPU_GPU_CV 8828mW/8839mW VDD_SOC 4106mW/4106mW
08-04-2026 11:14:47 RAM 3706/7620MB (lfb 3x1MB) SWAP 2447/12002MB (cached 118MB) CPU [16%@1728,10%@1728,9%@1728,18%@1728,0%@1728,54%@1728] GR3D_FREQ 67% cpu@72.187C soc2@70.562C soc0@71.125C gpu@73.812C tj@73.812C soc1@71.531C VDD_IN 18697mW/18630mW VDD_CPU_GPU_CV 8828mW/8838mW VDD_SOC 4106mW/4106mW
08-04-2026 11:14:47 RAM 3706/7620MB (lfb 3x1MB) SWAP 2447/12002MB (cached 118MB) CPU [0%@1728,0%@1728,9%@1728,0%@1728,66%@1728,0%@1728] GR3D_FREQ 66% cpu@72.093C soc2@70.531C soc0@71.093C gpu@73.75C tj@73.75C soc1@71.562C VDD_IN 18697mW/18633mW VDD_CPU_GPU_CV 8788mW/8836mW VDD_SOC 4106mW/4106mW
08-04-2026 11:14:47 RAM 3706/7620MB (lfb 3x1MB) SWAP 2447/12002MB (cached 118MB) CPU [0%@1728,9%@1728,0%@1728,0%@1728,54%@1728,0%@1728] GR3D_FREQ 72% cpu@71.75C soc2@70.625C soc0@71.156C gpu@73.5C tj@73.5C soc1@71.656C VDD_IN 18697mW/18635mW VDD_CPU_GPU_CV 8788mW/8834mW VDD_SOC 4106mW/4106mW
08-04-2026 11:14:47 RAM 3706/7620MB (lfb 3x1MB) SWAP 2447/12002MB (cached 118MB) CPU [0%@1728,0%@1728,0%@1728,0%@1728,54%@1728,0%@1728] GR3D_FREQ 64% cpu@71.875C soc2@70.656C soc0@71.187C gpu@73.781C tj@73.781C soc1@71.781C VDD_IN 18697mW/18638mW VDD_CPU_GPU_CV 8747mW/8831mW VDD_SOC 4106mW/4106mW
08-04-2026 11:14:47 RAM 3706/7620MB (lfb 3x1MB) SWAP 2447/12002MB (cached 118MB) CPU [0%@1728,0%@1728,9%@1728,0%@1728,55%@1728,0%@1728] GR3D_FREQ 69% cpu@71.843C soc2@70.718C soc0@71.312C gpu@73.781C tj@73.781C soc1@71.531C VDD_IN 18697mW/18640mW VDD_CPU_GPU_CV 8788mW/8830mW VDD_SOC 4106mW/4106mW
08-04-2026 11:14:47 RAM 3706/7620MB (lfb 3x1MB) SWAP 2447/12002MB (cached 118MB) CPU [20%@1728,0%@1728,22%@1728,0%@1728,10%@1728,10%@1728] GR3D_FREQ 62% cpu@72.187C soc2@70.562C soc0@71.062C gpu@73.468C tj@73.468C soc1@71.625C VDD_IN 18617mW/18639mW VDD_CPU_GPU_CV 8788mW/8828mW VDD_SOC 4106mW/4106mW
08-04-2026 11:14:48 RAM 3707/7620MB (lfb 3x1MB) SWAP 2447/12002MB (cached 118MB) CPU [45%@1728,36%@1728,18%@1728,9%@1728,18%@1728,0%@1728] GR3D_FREQ 65% cpu@71.812C soc2@70.593C soc0@71.125C gpu@73.718C tj@73.718C soc1@71.625C VDD_IN 18576mW/18637mW VDD_CPU_GPU_CV 8721mW/8825mW VDD_SOC 4106mW/4106mW
08-04-2026 11:14:48 RAM 3707/7620MB (lfb 3x1MB) SWAP 2447/12002MB (cached 118MB) CPU [50%@1728,30%@1728,16%@1728,0%@1728,0%@1728,0%@1728] GR3D_FREQ 67% cpu@71.906C soc2@70.75C soc0@71.218C gpu@73.75C tj@73.75C soc1@71.75C VDD_IN 18576mW/18635mW VDD_CPU_GPU_CV 8721mW/8821mW VDD_SOC 4106mW/4106mW
08-04-2026 11:14:48 RAM 3707/7620MB (lfb 3x1MB) SWAP 2447/12002MB (cached 118MB) CPU [18%@1728,18%@1728,10%@1728,9%@1728,27%@1728,9%@1728] GR3D_FREQ 64% cpu@71.968C soc2@70.687C soc0@71.031C gpu@73.687C tj@73.687C soc1@71.531C VDD_IN 18576mW/18633mW VDD_CPU_GPU_CV 8721mW/8818mW VDD_SOC 4106mW/4106mW
08-04-2026 11:14:48 RAM 3707/7620MB (lfb 3x1MB) SWAP 2447/12002MB (cached 118MB) CPU [0%@1728,0%@1728,0%@1728,0%@1728,55%@1728,0%@1728] GR3D_FREQ 66% cpu@72C soc2@70.593C soc0@71.031C gpu@73.843C tj@73.843C soc1@71.593C VDD_IN 18617mW/18632mW VDD_CPU_GPU_CV 8761mW/8816mW VDD_SOC 4106mW/4106mW
08-04-2026 11:14:48 RAM 3707/7620MB (lfb 3x1MB) SWAP 2447/12002MB (cached 118MB) CPU [0%@1728,18%@1728,9%@1728,0%@1728,54%@1728,0%@1728] GR3D_FREQ 66% cpu@71.781C soc2@70.531C soc0@71.125C gpu@73.625C tj@73.625C soc1@71.625C VDD_IN 18576mW/18631mW VDD_CPU_GPU_CV 8721mW/8814mW VDD_SOC 4106mW/4106mW
08-04-2026 11:14:48 RAM 3707/7620MB (lfb 3x1MB) SWAP 2447/12002MB (cached 118MB) CPU [18%@1728,18%@1728,22%@1728,0%@1728,9%@1728,63%@1728] GR3D_FREQ 70% cpu@71.906C soc2@70.718C soc0@71.281C gpu@73.562C tj@73.562C soc1@71.781C VDD_IN 18576mW/18629mW VDD_CPU_GPU_CV 8761mW/8812mW VDD_SOC 4106mW/4106mW
08-04-2026 11:14:48 RAM 3707/7620MB (lfb 3x1MB) SWAP 2447/12002MB (cached 118MB) CPU [0%@1728,9%@1728,8%@1728,0%@1728,0%@1728,50%@1728] GR3D_FREQ 68% cpu@71.843C soc2@70.687C soc0@71.187C gpu@73.531C tj@73.531C soc1@71.562C VDD_IN 18617mW/18629mW VDD_CPU_GPU_CV 8747mW/8810mW VDD_SOC 4106mW/4106mW
08-04-2026 11:14:48 RAM 3707/7620MB (lfb 3x1MB) SWAP 2447/12002MB (cached 118MB) CPU [0%@1728,0%@1728,0%@1728,9%@1728,0%@1728,55%@1728] GR3D_FREQ 67% cpu@71.968C soc2@70.562C soc0@71.156C gpu@73.718C tj@73.718C soc1@71.593C VDD_IN 18617mW/18629mW VDD_CPU_GPU_CV 8802mW/8810mW VDD_SOC 4106mW/4106mW
08-04-2026 11:14:48 RAM 3707/7620MB (lfb 3x1MB) SWAP 2447/12002MB (cached 118MB) CPU [0%@1728,0%@1728,9%@1728,0%@1728,0%@1728,54%@1728] GR3D_FREQ 66% cpu@71.812C soc2@70.656C soc0@71.187C gpu@73.562C tj@73.562C soc1@71.687C VDD_IN 18657mW/18629mW VDD_CPU_GPU_CV 8788mW/8809mW VDD_SOC 4106mW/4106mW
08-04-2026 11:14:48 RAM 3707/7620MB (lfb 3x1MB) SWAP 2447/12002MB (cached 118MB) CPU [9%@1728,0%@1728,0%@1728,0%@1728,0%@1728,60%@1728] GR3D_FREQ 69% cpu@71.75C soc2@70.593C soc0@71.218C gpu@73.625C tj@73.625C soc1@71.781C VDD_IN 18697mW/18631mW VDD_CPU_GPU_CV 8802mW/8809mW VDD_SOC 4106mW/4106mW
08-04-2026 11:14:49 RAM 3707/7620MB (lfb 3x1MB) SWAP 2447/12002MB (cached 118MB) CPU [18%@1728,0%@1728,9%@1728,25%@1728,22%@1728,45%@1728] GR3D_FREQ 65% cpu@71.937C soc2@70.812C soc0@71.343C gpu@73.812C tj@73.812C soc1@72C VDD_IN 18697mW/18633mW VDD_CPU_GPU_CV 8788mW/8809mW VDD_SOC 4106mW/4106mW
08-04-2026 11:14:49 RAM 3707/7620MB (lfb 3x1MB) SWAP 2447/12002MB (cached 118MB) CPU [0%@1728,9%@1728,0%@1728,0%@1728,0%@1728,50%@1728] GR3D_FREQ 69% cpu@71.875C soc2@70.593C soc0@71.031C gpu@73.656C tj@73.656C soc1@71.593C VDD_IN 18697mW/18634mW VDD_CPU_GPU_CV 8828mW/8809mW VDD_SOC 4106mW/4106mW
08-04-2026 11:14:49 RAM 3706/7620MB (lfb 3x1MB) SWAP 2447/12002MB (cached 118MB) CPU [18%@1728,9%@1728,20%@1728,9%@1728,9%@1728,54%@1728] GR3D_FREQ 69% cpu@71.812C soc2@70.562C soc0@71.218C gpu@73.531C tj@73.531C soc1@71.718C VDD_IN 18738mW/18637mW VDD_CPU_GPU_CV 8828mW/8810mW VDD_SOC 4106mW/4106mW
08-04-2026 11:14:49 RAM 3706/7620MB (lfb 3x1MB) SWAP 2447/12002MB (cached 118MB) CPU [0%@1728,0%@1728,0%@1728,10%@1728,0%@1728,60%@1728] GR3D_FREQ 67% cpu@71.906C soc2@70.812C soc0@71.281C gpu@74C tj@74C soc1@71.781C VDD_IN 18697mW/18638mW VDD_CPU_GPU_CV 8828mW/8810mW VDD_SOC 4106mW/4106mW
08-04-2026 11:14:49 RAM 3706/7620MB (lfb 3x1MB) SWAP 2447/12002MB (cached 118MB) CPU [16%@1728,9%@1728,9%@1728,0%@1728,63%@1728,0%@1728] GR3D_FREQ 69% cpu@72.062C soc2@70.718C soc0@71.343C gpu@73.687C tj@73.687C soc1@71.625C VDD_IN 18657mW/18639mW VDD_CPU_GPU_CV 8788mW/8810mW VDD_SOC 4106mW/4106mW
08-04-2026 11:14:49 RAM 3706/7620MB (lfb 3x1MB) SWAP 2447/12002MB (cached 118MB) CPU [0%@1728,18%@1728,0%@1728,0%@1728,54%@1728,0%@1728] GR3D_FREQ 72% cpu@71.843C soc2@70.625C soc0@71.125C gpu@73.562C tj@73.562C soc1@71.656C VDD_IN 18657mW/18639mW VDD_CPU_GPU_CV 8788mW/8809mW VDD_SOC 4106mW/4106mW
08-04-2026 11:14:49 RAM 3706/7620MB (lfb 3x1MB) SWAP 2447/12002MB (cached 118MB) CPU [0%@1728,0%@1728,0%@1728,0%@1728,60%@1728,0%@1728] GR3D_FREQ 65% cpu@71.875C soc2@70.625C soc0@71.25C gpu@74.031C tj@74.031C soc1@71.75C VDD_IN 18697mW/18640mW VDD_CPU_GPU_CV 8788mW/8809mW VDD_SOC 4106mW/4106mW
08-04-2026 11:14:49 RAM 3706/7620MB (lfb 3x1MB) SWAP 2447/12002MB (cached 118MB) CPU [0%@1728,0%@1728,0%@1728,0%@1728,54%@1728,0%@1728] GR3D_FREQ 67% cpu@71.937C soc2@70.75C soc0@71.343C gpu@73.875C tj@73.875C soc1@71.843C VDD_IN 18697mW/18641mW VDD_CPU_GPU_CV 8802mW/8808mW VDD_SOC 4106mW/4106mW
08-04-2026 11:14:49 RAM 3706/7620MB (lfb 3x1MB) SWAP 2447/12002MB (cached 118MB) CPU [60%@1728,0%@1728,9%@1728,0%@1728,0%@1728,0%@1728] GR3D_FREQ 66% cpu@72.281C soc2@70.812C soc0@71.187C gpu@73.593C tj@73.593C soc1@71.656C VDD_IN 18617mW/18641mW VDD_CPU_GPU_CV 8721mW/8807mW VDD_SOC 4106mW/4106mW
08-04-2026 11:14:50 RAM 3706/7620MB (lfb 3x1MB) SWAP 2447/12002MB (cached 118MB) CPU [54%@1728,20%@1728,9%@1728,0%@1728,10%@1728,0%@1728] GR3D_FREQ 66% cpu@72.125C soc2@70.687C soc0@71.218C gpu@74C tj@74C soc1@71.75C VDD_IN 18565mW/18639mW VDD_CPU_GPU_CV 8721mW/8805mW VDD_SOC 4106mW/4106mW
08-04-2026 11:14:50 RAM 3707/7620MB (lfb 3x1MB) SWAP 2447/12002MB (cached 118MB) CPU [58%@1728,18%@1728,0%@1728,20%@1728,9%@1728,0%@1728] GR3D_FREQ 66% cpu@72.031C soc2@70.812C soc0@71.281C gpu@73.781C tj@73.781C soc1@71.875C VDD_IN 18536mW/18637mW VDD_CPU_GPU_CV 8721mW/8803mW VDD_SOC 4106mW/4106mW
08-04-2026 11:14:50 RAM 3707/7620MB (lfb 3x1MB) SWAP 2447/12002MB (cached 118MB) CPU [36%@1728,30%@1728,0%@1728,0%@1728,0%@1728,0%@1728] GR3D_FREQ 65% cpu@71.937C soc2@70.656C soc0@71.312C gpu@73.781C tj@73.781C soc1@71.906C VDD_IN 18536mW/18635mW VDD_CPU_GPU_CV 8761mW/8802mW VDD_SOC 4106mW/4106mW
08-04-2026 11:14:50 RAM 3707/7620MB (lfb 3x1MB) SWAP 2447/12002MB (cached 118MB) CPU [20%@1728,41%@1728,10%@1728,0%@1728,0%@1728,0%@1728] GR3D_FREQ 67% cpu@72.656C soc2@70.843C soc0@71.406C gpu@74.031C tj@74.031C soc1@71.718C VDD_IN 18576mW/18634mW VDD_CPU_GPU_CV 8761mW/8802mW VDD_SOC 4106mW/4106mW
08-04-2026 11:14:50 RAM 3707/7620MB (lfb 3x1MB) SWAP 2447/12002MB (cached 118MB) CPU [54%@1728,16%@1728,20%@1728,20%@1728,0%@1728,0%@1728] GR3D_FREQ 71% cpu@72C soc2@70.812C soc0@71.187C gpu@73.75C tj@73.75C soc1@71.75C VDD_IN 18455mW/18631mW VDD_CPU_GPU_CV 8707mW/8800mW VDD_SOC 4106mW/4106mW
08-04-2026 11:14:50 RAM 3707/7620MB (lfb 3x1MB) SWAP 2447/12002MB (cached 118MB) CPU [55%@1728,0%@1728,8%@1728,9%@1728,0%@1728,0%@1728] GR3D_FREQ 67% cpu@72.093C soc2@70.843C soc0@71.312C gpu@73.781C tj@73.781C soc1@71.812C VDD_IN 18495mW/18628mW VDD_CPU_GPU_CV 8747mW/8799mW VDD_SOC 4106mW/4106mW
08-04-2026 11:14:50 RAM 3707/7620MB (lfb 3x1MB) SWAP 2447/12002MB (cached 118MB) CPU [40%@1728,33%@1728,9%@1728,9%@1728,0%@1728,0%@1728] GR3D_FREQ 66% cpu@72.25C soc2@70.843C soc0@71.343C gpu@73.625C tj@73.625C soc1@71.937C VDD_IN 18455mW/18625mW VDD_CPU_GPU_CV 8721mW/8797mW VDD_SOC 4106mW/4106mW
08-04-2026 11:14:50 RAM 3707/7620MB (lfb 3x1MB) SWAP 2447/12002MB (cached 118MB) CPU [38%@1728,40%@1728,0%@1728,0%@1728,0%@1728,0%@1728] GR3D_FREQ 67% cpu@72.406C soc2@70.875C soc0@71.312C gpu@73.968C tj@73.968C soc1@71.687C VDD_IN 18495mW/18623mW VDD_CPU_GPU_CV 8721mW/8796mW VDD_SOC 4106mW/4106mW
08-04-2026 11:14:50 RAM 3707/7620MB (lfb 3x1MB) SWAP 2447/12002MB (cached 118MB) CPU [33%@1728,20%@1728,9%@1728,10%@1728,18%@1728,0%@1728] GR3D_FREQ 64% cpu@71.937C soc2@70.781C soc0@71.218C gpu@73.843C tj@73.843C soc1@71.781C VDD_IN 18495mW/18621mW VDD_CPU_GPU_CV 8761mW/8795mW VDD_SOC 4106mW/4106mW
08-04-2026 11:14:50 RAM 3707/7620MB (lfb 3x1MB) SWAP 2447/12002MB (cached 118MB) CPU [9%@1728,0%@1728,0%@1728,0%@1728,54%@1728,0%@1728] GR3D_FREQ 67% cpu@71.812C soc2@70.656C soc0@71.281C gpu@73.656C tj@73.656C soc1@71.812C VDD_IN 18536mW/18619mW VDD_CPU_GPU_CV 8747mW/8795mW VDD_SOC 4106mW/4106mW
08-04-2026 11:14:51 RAM 3708/7620MB (lfb 3x1MB) SWAP 2447/12002MB (cached 118MB) CPU [0%@1728,10%@1728,0%@1728,10%@1728,61%@1728,27%@1728] GR3D_FREQ 66% cpu@72.031C soc2@70.843C soc0@71.375C gpu@73.75C tj@73.75C soc1@71.906C VDD_IN 18576mW/18618mW VDD_CPU_GPU_CV 8747mW/8794mW VDD_SOC 4106mW/4106mW
08-04-2026 11:14:51 RAM 3708/7620MB (lfb 3x1MB) SWAP 2447/12002MB (cached 118MB) CPU [0%@1728,0%@1728,0%@1728,16%@1728,63%@1728,0%@1728] GR3D_FREQ 67% cpu@72.281C soc2@70.843C soc0@71.312C gpu@73.875C tj@73.875C soc1@71.75C VDD_IN 18617mW/18618mW VDD_CPU_GPU_CV 8747mW/8793mW VDD_SOC 4106mW/4106mW
08-04-2026 11:14:51 RAM 3708/7620MB (lfb 3x1MB) SWAP 2447/12002MB (cached 118MB) CPU [0%@1728,16%@1728,0%@1728,60%@1728,50%@1728,0%@1728] GR3D_FREQ 70% cpu@72.156C soc2@70.718C soc0@71.312C gpu@73.625C tj@73.625C soc1@71.843C VDD_IN 18617mW/18618mW VDD_CPU_GPU_CV 8788mW/8793mW VDD_SOC 4106mW/4106mW
08-04-2026 11:14:51 RAM 3708/7620MB (lfb 3x1MB) SWAP 2447/12002MB (cached 118MB) CPU [9%@1728,16%@1728,0%@1728,10%@1728,50%@1728,0%@1728] GR3D_FREQ 69% cpu@72.093C soc2@70.843C soc0@71.375C gpu@73.687C tj@73.687C soc1@71.937C VDD_IN 18617mW/18618mW VDD_CPU_GPU_CV 8828mW/8793mW VDD_SOC 4106mW/4106mW
08-04-2026 11:14:51 RAM 3708/7620MB (lfb 3x1MB) SWAP 2447/12002MB (cached 118MB) CPU [10%@1728,0%@1728,0%@1728,9%@1728,55%@1728,0%@1728] GR3D_FREQ 65% cpu@72.093C soc2@70.812C soc0@71.406C gpu@73.843C tj@73.843C soc1@71.968C VDD_IN 18617mW/18618mW VDD_CPU_GPU_CV 8828mW/8794mW VDD_SOC 4106mW/4106mW
08-04-2026 11:14:51 RAM 3708/7620MB (lfb 3x1MB) SWAP 2447/12002MB (cached 118MB) CPU [0%@1728,0%@1728,0%@1728,10%@1728,58%@1728,0%@1728] GR3D_FREQ 68% cpu@72.218C soc2@70.812C soc0@71.281C gpu@73.75C tj@73.75C soc1@71.718C VDD_IN 18657mW/18619mW VDD_CPU_GPU_CV 8828mW/8795mW VDD_SOC 4106mW/4106mW
08-04-2026 11:14:51 RAM 3708/7620MB (lfb 3x1MB) SWAP 2447/12002MB (cached 118MB) CPU [16%@1728,16%@1728,16%@1728,0%@1728,60%@1728,0%@1728] GR3D_FREQ 65% cpu@72.312C soc2@70.781C soc0@71.281C gpu@73.718C tj@73.718C soc1@71.812C VDD_IN 18697mW/18620mW VDD_CPU_GPU_CV 8842mW/8795mW VDD_SOC 4106mW/4106mW
08-04-2026 11:14:51 RAM 3708/7620MB (lfb 3x1MB) SWAP 2447/12002MB (cached 118MB) CPU [0%@1728,0%@1728,0%@1728,0%@1728,27%@1728,27%@1728] GR3D_FREQ 67% cpu@71.812C soc2@70.843C soc0@71.375C gpu@74.125C tj@74.125C soc1@71.843C VDD_IN 18697mW/18621mW VDD_CPU_GPU_CV 8842mW/8796mW VDD_SOC 4106mW/4106mW
08-04-2026 11:14:51 RAM 3708/7620MB (lfb 3x1MB) SWAP 2447/12002MB (cached 118MB) CPU [0%@1728,0%@1728,0%@1728,0%@1728,0%@1728,60%@1728] GR3D_FREQ 69% cpu@72.125C soc2@70.812C soc0@71.5C gpu@73.812C tj@73.812C soc1@72C VDD_IN 18697mW/18622mW VDD_CPU_GPU_CV 8828mW/8796mW VDD_SOC 4106mW/4106mW
08-04-2026 11:14:52 RAM 3708/7620MB (lfb 3x1MB) SWAP 2447/12002MB (cached 118MB) CPU [16%@1728,9%@1728,0%@1728,9%@1728,0%@1728,61%@1728] GR3D_FREQ 64% cpu@72.375C soc2@70.937C soc0@71.562C gpu@73.656C tj@73.656C soc1@71.781C VDD_IN 18697mW/18624mW VDD_CPU_GPU_CV 8828mW/8797mW VDD_SOC 4106mW/4106mW
08-04-2026 11:14:52 RAM 3708/7620MB (lfb 3x1MB) SWAP 2447/12002MB (cached 118MB) CPU [10%@1728,10%@1728,10%@1728,0%@1728,30%@1728,30%@1728] GR3D_FREQ 66% cpu@72.312C soc2@70.843C soc0@71.375C gpu@74.093C tj@74.093C soc1@71.812C VDD_IN 18697mW/18625mW VDD_CPU_GPU_CV 8828mW/8797mW VDD_SOC 4106mW/4106mW
08-04-2026 11:14:52 RAM 3708/7620MB (lfb 3x1MB) SWAP 2447/12002MB (cached 118MB) CPU [9%@1728,9%@1728,0%@1728,16%@1728,58%@1728,9%@1728] GR3D_FREQ 65% cpu@72.093C soc2@70.843C soc0@71.406C gpu@74C tj@74C soc1@72C VDD_IN 18738mW/18626mW VDD_CPU_GPU_CV 8828mW/8798mW VDD_SOC 4106mW/4106mW
08-04-2026 11:14:52 RAM 3708/7620MB (lfb 3x1MB) SWAP 2447/12002MB (cached 118MB) CPU [0%@1728,0%@1728,0%@1728,9%@1728,60%@1728,0%@1728] GR3D_FREQ 68% cpu@72.062C soc2@70.843C soc0@71.5C gpu@74.281C tj@74.281C soc1@71.968C VDD_IN 18738mW/18628mW VDD_CPU_GPU_CV 8828mW/8798mW VDD_SOC 4106mW/4106mW
08-04-2026 11:14:52 RAM 3707/7620MB (lfb 3x1MB) SWAP 2447/12002MB (cached 118MB) CPU [9%@1728,18%@1728,16%@1728,20%@1728,54%@1728,0%@1728] GR3D_FREQ 66% cpu@72.406C soc2@70.906C soc0@71.343C gpu@73.968C tj@73.968C soc1@71.843C VDD_IN 18657mW/18628mW VDD_CPU_GPU_CV 8788mW/8798mW VDD_SOC 4106mW/4106mW
08-04-2026 11:14:52 RAM 3701/7620MB (lfb 3x1MB) SWAP 2447/12002MB (cached 118MB) CPU [0%@1728,0%@1728,23%@1728,18%@1728,9%@1728,50%@1728] GR3D_FREQ 66% cpu@72.312C soc2@70.843C soc0@71.343C gpu@73.937C tj@73.937C soc1@71.843C VDD_IN 18657mW/18629mW VDD_CPU_GPU_CV 8788mW/8798mW VDD_SOC 4106mW/4106mW
08-04-2026 11:14:52 RAM 3701/7620MB (lfb 3x1MB) SWAP 2447/12002MB (cached 118MB) CPU [50%@1728,9%@1728,10%@1728,9%@1728,0%@1728,10%@1728] GR3D_FREQ 66% cpu@72.218C soc2@70.906C soc0@71.468C gpu@73.875C tj@73.875C soc1@71.875C VDD_IN 18617mW/18628mW VDD_CPU_GPU_CV 8788mW/8798mW VDD_SOC 4106mW/4106mW
08-04-2026 11:14:52 RAM 3701/7620MB (lfb 3x1MB) SWAP 2447/12002MB (cached 118MB) CPU [20%@1728,9%@1728,36%@1728,9%@1728,0%@1728,0%@1728] GR3D_FREQ 68% cpu@72.406C soc2@70.875C soc0@71.468C gpu@74.062C tj@74.062C soc1@72.062C VDD_IN 18576mW/18628mW VDD_CPU_GPU_CV 8747mW/8797mW VDD_SOC 4106mW/4106mW
08-04-2026 11:14:52 RAM 3701/7620MB (lfb 3x1MB) SWAP 2447/12002MB (cached 118MB) CPU [9%@1728,18%@1728,54%@1728,0%@1728,0%@1728,0%@1728] GR3D_FREQ 67% cpu@72.656C soc2@71.031C soc0@71.406C gpu@74.093C tj@74.093C soc1@71.843C VDD_IN 18576mW/18627mW VDD_CPU_GPU_CV 8761mW/8797mW VDD_SOC 4106mW/4106mW
08-04-2026 11:14:52 RAM 3701/7620MB (lfb 3x1MB) SWAP 2447/12002MB (cached 118MB) CPU [0%@1728,0%@1728,50%@1728,0%@1728,0%@1728,8%@1728] GR3D_FREQ 65% cpu@72.281C soc2@70.875C soc0@71.406C gpu@73.968C tj@73.968C soc1@71.875C VDD_IN 18576mW/18626mW VDD_CPU_GPU_CV 8721mW/8796mW VDD_SOC 4106mW/4106mW
08-04-2026 11:14:53 RAM 3703/7620MB (lfb 3x1MB) SWAP 2447/12002MB (cached 118MB) CPU [11%@1728,10%@1728,63%@1728,0%@1728,0%@1728,0%@1728] GR3D_FREQ 68% cpu@72.531C soc2@70.906C soc0@71.5C gpu@74.031C tj@73.843C soc1@72C VDD_IN 18576mW/18626mW VDD_CPU_GPU_CV 8707mW/8795mW VDD_SOC 4106mW/4106mW
08-04-2026 11:14:53 RAM 3703/7620MB (lfb 3x1MB) SWAP 2447/12002MB (cached 118MB) CPU [9%@1728,63%@1728,9%@1728,9%@1728,0%@1728,0%@1728] GR3D_FREQ 69% cpu@72.25C soc2@70.968C soc0@71.593C gpu@74.031C tj@74.031C soc1@72.031C VDD_IN 18576mW/18625mW VDD_CPU_GPU_CV 8747mW/8794mW VDD_SOC 4106mW/4106mW
08-04-2026 11:14:53 RAM 3703/7620MB (lfb 3x1MB) SWAP 2447/12002MB (cached 118MB) CPU [0%@1728,36%@1728,27%@1728,10%@1728,0%@1728,0%@1728] GR3D_FREQ 67% cpu@72.281C soc2@71C soc0@71.656C gpu@73.968C tj@73.968C soc1@71.875C VDD_IN 18617mW/18625mW VDD_CPU_GPU_CV 8761mW/8794mW VDD_SOC 4106mW/4106mW
08-04-2026 11:14:53 RAM 3703/7620MB (lfb 3x1MB) SWAP 2447/12002MB (cached 118MB) CPU [0%@1728,55%@1728,9%@1728,10%@1728,0%@1728,0%@1728] GR3D_FREQ 67% cpu@72.343C soc2@70.937C soc0@71.375C gpu@73.75C tj@73.75C soc1@71.937C VDD_IN 18617mW/18625mW VDD_CPU_GPU_CV 8788mW/8793mW VDD_SOC 4106mW/4106mW
08-04-2026 11:14:53 RAM 3703/7620MB (lfb 3x1MB) SWAP 2447/12002MB (cached 118MB) CPU [18%@1728,27%@1728,50%@1728,18%@1728,0%@1728,0%@1728] GR3D_FREQ 65% cpu@72.593C soc2@70.968C soc0@71.468C gpu@73.75C tj@73.75C soc1@71.968C VDD_IN 18536mW/18624mW VDD_CPU_GPU_CV 8747mW/8793mW VDD_SOC 4106mW/4106mW
08-04-2026 11:14:53 RAM 3703/7620MB (lfb 3x1MB) SWAP 2447/12002MB (cached 118MB) CPU [10%@1728,9%@1728,55%@1728,10%@1728,0%@1728,0%@1728] GR3D_FREQ 68% cpu@72.593C soc2@71.031C soc0@71.531C gpu@73.875C tj@73.875C soc1@72.125C VDD_IN 18536mW/18623mW VDD_CPU_GPU_CV 8747mW/8792mW VDD_SOC 4106mW/4106mW
08-04-2026 11:14:53 RAM 3703/7620MB (lfb 3x1MB) SWAP 2447/12002MB (cached 118MB) CPU [8%@1728,0%@1728,46%@1728,16%@1728,18%@1728,0%@1728] GR3D_FREQ 64% cpu@72.281C soc2@70.937C soc0@71.375C gpu@73.875C tj@73.875C soc1@71.843C VDD_IN 18536mW/18622mW VDD_CPU_GPU_CV 8761mW/8792mW VDD_SOC 4106mW/4106mW
08-04-2026 11:14:53 RAM 3703/7620MB (lfb 3x1MB) SWAP 2447/12002MB (cached 118MB) CPU [0%@1728,0%@1728,0%@1728,0%@1728,55%@1728,0%@1728] GR3D_FREQ 68% cpu@72.093C soc2@70.875C soc0@71.375C gpu@74.375C tj@74.375C soc1@71.875C VDD_IN 18536mW/18621mW VDD_CPU_GPU_CV 8761mW/8792mW VDD_SOC 4106mW/4106mW
08-04-2026 11:14:53 RAM 3703/7620MB (lfb 3x1MB) SWAP 2447/12002MB (cached 118MB) CPU [0%@1728,0%@1728,0%@1728,0%@1728,58%@1728,10%@1728] GR3D_FREQ 69% cpu@72C soc2@70.906C soc0@71.5C gpu@73.812C tj@73.812C soc1@71.906C VDD_IN 18576mW/18620mW VDD_CPU_GPU_CV 8761mW/8791mW VDD_SOC 4106mW/4106mW
08-04-2026 11:14:54 RAM 3703/7620MB (lfb 3x1MB) SWAP 2447/12002MB (cached 118MB) CPU [9%@1728,10%@1728,10%@1728,0%@1728,54%@1728,0%@1728] GR3D_FREQ 67% cpu@72.125C soc2@70.906C soc0@71.5C gpu@73.875C tj@73.875C soc1@72.031C VDD_IN 18617mW/18620mW VDD_CPU_GPU_CV 8802mW/8791mW VDD_SOC 4106mW/4106mW
08-04-2026 11:14:54 RAM 3704/7620MB (lfb 3x1MB) SWAP 2447/12002MB (cached 118MB) CPU [0%@1728,9%@1728,0%@1728,10%@1728,54%@1728,0%@1728] GR3D_FREQ 69% cpu@72.156C soc2@70.843C soc0@71.375C gpu@74.218C tj@74.218C soc1@71.781C VDD_IN 18657mW/18621mW VDD_CPU_GPU_CV 8842mW/8792mW VDD_SOC 4106mW/4106mW
08-04-2026 11:14:54 RAM 3704/7620MB (lfb 3x1MB) SWAP 2447/12002MB (cached 118MB) CPU [9%@1728,0%@1728,9%@1728,0%@1728,55%@1728,0%@1728] GR3D_FREQ 65% cpu@72.031C soc2@70.875C soc0@71.343C gpu@74.031C tj@74.031C soc1@71.843C VDD_IN 18697mW/18621mW VDD_CPU_GPU_CV 8842mW/8793mW VDD_SOC 4106mW/4106mW
08-04-2026 11:14:54 RAM 3704/7620MB (lfb 3x1MB) SWAP 2447/12002MB (cached 118MB) CPU [0%@1728,0%@1728,9%@1728,0%@1728,58%@1728,0%@1728] GR3D_FREQ 68% cpu@71.968C soc2@70.875C soc0@71.437C gpu@73.781C tj@73.781C soc1@71.906C VDD_IN 18697mW/18622mW VDD_CPU_GPU_CV 8842mW/8793mW VDD_SOC 4106mW/4106mW
08-04-2026 11:14:54 RAM 3704/7620MB (lfb 3x1MB) SWAP 2447/12002MB (cached 118MB) CPU [11%@1728,18%@1728,0%@1728,9%@1728,60%@1728,0%@1728] GR3D_FREQ 68% cpu@72.156C soc2@70.843C soc0@71.5C gpu@74.125C tj@74.125C soc1@72.031C VDD_IN 18617mW/18622mW VDD_CPU_GPU_CV 8761mW/8793mW VDD_SOC 4106mW/4106mW
08-04-2026 11:14:54 RAM 3704/7620MB (lfb 3x1MB) SWAP 2447/12002MB (cached 118MB) CPU [0%@1728,9%@1728,0%@1728,0%@1728,54%@1728,0%@1728] GR3D_FREQ 70% cpu@72.343C soc2@70.843C soc0@71.625C gpu@74.062C tj@74.062C soc1@71.781C VDD_IN 18697mW/18623mW VDD_CPU_GPU_CV 8842mW/8793mW VDD_SOC 4106mW/4106mW
08-04-2026 11:14:54 RAM 3704/7620MB (lfb 3x1MB) SWAP 2447/12002MB (cached 118MB) CPU [16%@1728,9%@1728,0%@1728,9%@1728,55%@1728,9%@1728] GR3D_FREQ 69% cpu@72C soc2@70.843C soc0@71.343C gpu@73.812C tj@73.812C soc1@71.906C VDD_IN 18697mW/18624mW VDD_CPU_GPU_CV 8842mW/8794mW VDD_SOC 4106mW/4106mW
08-04-2026 11:14:54 RAM 3704/7620MB (lfb 3x1MB) SWAP 2447/12002MB (cached 118MB) CPU [0%@1728,8%@1728,9%@1728,0%@1728,61%@1728,0%@1728] GR3D_FREQ 70% cpu@72.062C soc2@70.812C soc0@71.343C gpu@74.093C tj@74.093C soc1@71.937C VDD_IN 18697mW/18625mW VDD_CPU_GPU_CV 8802mW/8794mW VDD_SOC 4106mW/4106mW
08-04-2026 11:14:54 RAM 3704/7620MB (lfb 3x1MB) SWAP 2447/12002MB (cached 118MB) CPU [0%@1728,0%@1728,0%@1728,0%@1728,60%@1728,0%@1728] GR3D_FREQ 68% cpu@72.093C soc2@70.937C soc0@71.406C gpu@73.937C tj@73.937C soc1@71.937C VDD_IN 18657mW/18625mW VDD_CPU_GPU_CV 8788mW/8794mW VDD_SOC 4106mW/4106mW
08-04-2026 11:14:54 RAM 3704/7620MB (lfb 3x1MB) SWAP 2447/12002MB (cached 118MB) CPU [0%@1728,0%@1728,0%@1728,0%@1728,54%@1728,0%@1728] GR3D_FREQ 68% cpu@72.375C soc2@70.875C soc0@71.468C gpu@73.812C tj@73.812C soc1@71.75C VDD_IN 18697mW/18626mW VDD_CPU_GPU_CV 8788mW/8794mW VDD_SOC 4106mW/4106mW
08-04-2026 11:14:55 RAM 3704/7620MB (lfb 3x1MB) SWAP 2447/12002MB (cached 118MB) CPU [10%@1728,10%@1728,18%@1728,0%@1728,60%@1728,8%@1728] GR3D_FREQ 65% cpu@72C soc2@70.781C soc0@71.218C gpu@74.156C tj@74.156C soc1@71.75C VDD_IN 18738mW/18627mW VDD_CPU_GPU_CV 8828mW/8794mW VDD_SOC 4106mW/4106mW
08-04-2026 11:14:55 RAM 3704/7620MB (lfb 3x1MB) SWAP 2447/12002MB (cached 118MB) CPU [0%@1728,0%@1728,9%@1728,16%@1728,54%@1728,0%@1728] GR3D_FREQ 67% cpu@72.187C soc2@70.843C soc0@71.281C gpu@74C tj@74C soc1@71.875C VDD_IN 18738mW/18628mW VDD_CPU_GPU_CV 8828mW/8794mW VDD_SOC 4106mW/4106mW
08-04-2026 11:14:55 RAM 3704/7620MB (lfb 3x1MB) SWAP 2447/12002MB (cached 118MB) CPU [0%@1728,0%@1728,0%@1728,0%@1728,60%@1728,0%@1728] GR3D_FREQ 68% cpu@71.906C soc2@70.843C soc0@71.375C gpu@73.906C tj@73.906C soc1@71.906C VDD_IN 18738mW/18629mW VDD_CPU_GPU_CV 8828mW/8795mW VDD_SOC 4106mW/4106mW
08-04-2026 11:14:55 RAM 3704/7620MB (lfb 3x1MB) SWAP 2447/12002MB (cached 118MB) CPU [18%@1728,0%@1728,0%@1728,0%@1728,54%@1728,9%@1728] GR3D_FREQ 69% cpu@72.437C soc2@70.906C soc0@71.218C gpu@74.031C tj@74.031C soc1@71.75C VDD_IN 18738mW/18630mW VDD_CPU_GPU_CV 8828mW/8795mW VDD_SOC 4106mW/4106mW
08-04-2026 11:14:55 RAM 3704/7620MB (lfb 3x1MB) SWAP 2447/12002MB (cached 118MB) CPU [0%@1728,16%@1728,8%@1728,9%@1728,50%@1728,8%@1728] GR3D_FREQ 67% cpu@71.937C soc2@70.781C soc0@71.312C gpu@73.906C tj@73.906C soc1@71.75C VDD_IN 18697mW/18631mW VDD_CPU_GPU_CV 8788mW/8795mW VDD_SOC 4106mW/4106mW
08-04-2026 11:14:55 RAM 3704/7620MB (lfb 3x1MB) SWAP 2447/12002MB (cached 118MB) CPU [10%@1728,9%@1728,0%@1728,16%@1728,63%@1728,0%@1728] GR3D_FREQ 66% cpu@72.031C soc2@70.75C soc0@71.281C gpu@73.843C tj@73.843C soc1@71.781C VDD_IN 18657mW/18631mW VDD_CPU_GPU_CV 8788mW/8795mW VDD_SOC 4106mW/4106mW
08-04-2026 11:14:55 RAM 3710/7620MB (lfb 3x1MB) SWAP 2447/12002MB (cached 118MB) CPU [16%@1728,9%@1728,9%@1728,20%@1728,50%@1728,9%@1728] GR3D_FREQ 65% cpu@72.312C soc2@70.812C soc0@71.375C gpu@73.687C tj@73.687C soc1@71.968C VDD_IN 18697mW/18632mW VDD_CPU_GPU_CV 8828mW/8795mW VDD_SOC 4106mW/4106mW
08-04-2026 11:14:55 RAM 3703/7620MB (lfb 3x1MB) SWAP 2447/12002MB (cached 118MB) CPU [0%@1728,9%@1728,0%@1728,0%@1728,55%@1728,0%@1728] GR3D_FREQ 69% cpu@72.218C soc2@70.687C soc0@71.562C gpu@73.718C tj@73.718C soc1@71.718C VDD_IN 18697mW/18632mW VDD_CPU_GPU_CV 8828mW/8796mW VDD_SOC 4106mW/4106mW
08-04-2026 11:14:55 RAM 3703/7620MB (lfb 3x1MB) SWAP 2447/12002MB (cached 118MB) CPU [0%@1728,0%@1728,9%@1728,0%@1728,25%@1728,33%@1728] GR3D_FREQ 68% cpu@72.281C soc2@70.718C soc0@71.25C gpu@73.75C tj@73.75C soc1@71.718C VDD_IN 18697mW/18633mW VDD_CPU_GPU_CV 8788mW/8796mW VDD_SOC 4106mW/4106mW
08-04-2026 11:14:56 RAM 3703/7620MB (lfb 3x1MB) SWAP 2447/12002MB (cached 118MB) CPU [0%@1728,9%@1728,16%@1728,18%@1728,63%@1728,0%@1728] GR3D_FREQ 65% cpu@72.187C soc2@70.718C soc0@71.343C gpu@73.781C tj@73.781C soc1@71.781C VDD_IN 18697mW/18634mW VDD_CPU_GPU_CV 8828mW/8796mW VDD_SOC 4106mW/4106mW
08-04-2026 11:14:56 RAM 3704/7620MB (lfb 3x1MB) SWAP 2447/12002MB (cached 118MB) CPU [18%@1728,10%@1728,0%@1728,10%@1728,33%@1728,27%@1728] GR3D_FREQ 65% cpu@72.031C soc2@70.781C soc0@71.375C gpu@73.593C tj@73.593C soc1@71.906C VDD_IN 18697mW/18634mW VDD_CPU_GPU_CV 8828mW/8796mW VDD_SOC 4106mW/4106mW
08-04-2026 11:14:56 RAM 3704/7620MB (lfb 3x1MB) SWAP 2447/12002MB (cached 118MB) CPU [9%@1728,0%@1728,16%@1728,0%@1728,58%@1728,0%@1728] GR3D_FREQ 69% cpu@72.187C soc2@70.75C soc0@71.156C gpu@74.031C tj@74.031C soc1@71.718C VDD_IN 18697mW/18635mW VDD_CPU_GPU_CV 8828mW/8796mW VDD_SOC 4106mW/4106mW
08-04-2026 11:14:56 RAM 3704/7620MB (lfb 3x1MB) SWAP 2447/12002MB (cached 118MB) CPU [0%@1728,9%@1728,0%@1728,9%@1728,54%@1728,0%@1728] GR3D_FREQ 66% cpu@72.218C soc2@70.687C soc0@71.312C gpu@73.625C tj@73.625C soc1@71.75C VDD_IN 18738mW/18636mW VDD_CPU_GPU_CV 8828mW/8797mW VDD_SOC 4106mW/4106mW
08-04-2026 11:14:56 RAM 3704/7620MB (lfb 3x1MB) SWAP 2447/12002MB (cached 118MB) CPU [18%@1728,9%@1728,0%@1728,0%@1728,20%@1728,40%@1728] GR3D_FREQ 66% cpu@72C soc2@70.781C soc0@71.343C gpu@73.625C tj@73.625C soc1@71.812C VDD_IN 18697mW/18636mW VDD_CPU_GPU_CV 8788mW/8797mW VDD_SOC 4106mW/4106mW
08-04-2026 11:14:56 RAM 3704/7620MB (lfb 3x1MB) SWAP 2447/12002MB (cached 118MB) CPU [0%@1728,0%@1728,9%@1728,0%@1728,0%@1728,54%@1728] GR3D_FREQ 65% cpu@71.906C soc2@70.812C soc0@71.375C gpu@74C tj@74C soc1@71.937C VDD_IN 18697mW/18637mW VDD_CPU_GPU_CV 8788mW/8797mW VDD_SOC 4106mW/4106mW
08-04-2026 11:14:56 RAM 3704/7620MB (lfb 3x1MB) SWAP 2447/12002MB (cached 118MB) CPU [0%@1728,0%@1728,9%@1728,9%@1728,0%@1728,55%@1728] GR3D_FREQ 67% cpu@72C soc2@70.75C soc0@71.218C gpu@73.656C tj@73.656C soc1@71.718C VDD_IN 18697mW/18637mW VDD_CPU_GPU_CV 8788mW/8796mW VDD_SOC 4106mW/4106mW
08-04-2026 11:14:56 RAM 3704/7620MB (lfb 3x1MB) SWAP 2447/12002MB (cached 118MB) CPU [0%@1728,9%@1728,9%@1728,0%@1728,0%@1728,54%@1728] GR3D_FREQ 69% cpu@72.093C soc2@70.687C soc0@71.281C gpu@74.218C tj@74.218C soc1@71.593C VDD_IN 18697mW/18638mW VDD_CPU_GPU_CV 8788mW/8796mW VDD_SOC 4106mW/4106mW
08-04-2026 11:14:56 RAM 3704/7620MB (lfb 3x1MB) SWAP 2447/12002MB (cached 118MB) CPU [9%@1728,0%@1728,0%@1728,9%@1728,0%@1728,60%@1728] GR3D_FREQ 69% cpu@71.843C soc2@70.718C soc0@71.218C gpu@74C tj@74C soc1@71.812C VDD_IN 18697mW/18638mW VDD_CPU_GPU_CV 8788mW/8796mW VDD_SOC 4106mW/4106mW
08-04-2026 11:14:56 RAM 3704/7620MB (lfb 3x1MB) SWAP 2447/12002MB (cached 118MB) CPU [0%@1728,0%@1728,0%@1728,0%@1728,0%@1728,58%@1728] GR3D_FREQ 65% cpu@71.843C soc2@70.687C soc0@71.281C gpu@73.906C tj@73.906C soc1@71.906C VDD_IN 18738mW/18639mW VDD_CPU_GPU_CV 8828mW/8797mW VDD_SOC 4106mW/4106mW
08-04-2026 11:14:57 RAM 3704/7620MB (lfb 3x1MB) SWAP 2447/12002MB (cached 118MB) CPU [27%@1728,18%@1728,18%@1728,10%@1728,0%@1728,60%@1728] GR3D_FREQ 69% cpu@72.062C soc2@70.843C soc0@71.156C gpu@74.062C tj@74.062C soc1@71.562C VDD_IN 18697mW/18640mW VDD_CPU_GPU_CV 8868mW/8797mW VDD_SOC 4106mW/4106mW
08-04-2026 11:14:57 RAM 3704/7620MB (lfb 3x1MB) SWAP 2447/12002MB (cached 118MB) CPU [0%@1728,9%@1728,8%@1728,0%@1728,9%@1728,54%@1728] GR3D_FREQ 69% cpu@71.812C soc2@70.75C soc0@71.25C gpu@73.875C tj@73.875C soc1@71.718C VDD_IN 18738mW/18641mW VDD_CPU_GPU_CV 8828mW/8798mW VDD_SOC 4106mW/4106mW
08-04-2026 11:14:57 RAM 3704/7620MB (lfb 3x1MB) SWAP 2447/12002MB (cached 118MB) CPU [9%@1728,0%@1728,9%@1728,0%@1728,0%@1728,54%@1728] GR3D_FREQ 67% cpu@71.75C soc2@70.562C soc0@71.281C gpu@73.812C tj@73.812C soc1@71.781C VDD_IN 18738mW/18641mW VDD_CPU_GPU_CV 8842mW/8798mW VDD_SOC 4106mW/4106mW
08-04-2026 11:14:57 RAM 3704/7620MB (lfb 3x1MB) SWAP 2447/12002MB (cached 118MB) CPU [9%@1728,0%@1728,9%@1728,18%@1728,54%@1728,0%@1728] GR3D_FREQ 68% cpu@72.062C soc2@70.718C soc0@71.343C gpu@73.625C tj@73.625C soc1@71.781C VDD_IN 18738mW/18642mW VDD_CPU_GPU_CV 8828mW/8798mW VDD_SOC 4106mW/4106mW
08-04-2026 11:14:57 RAM 3704/7620MB (lfb 3x1MB) SWAP 2447/12002MB (cached 118MB) CPU [0%@1728,0%@1728,0%@1728,0%@1728,0%@1728,54%@1728] GR3D_FREQ 69% cpu@71.875C soc2@70.531C soc0@71.187C gpu@73.906C tj@73.906C soc1@71.656C VDD_IN 18697mW/18643mW VDD_CPU_GPU_CV 8788mW/8798mW VDD_SOC 4106mW/4106mW
08-04-2026 11:14:57 RAM 3704/7620MB (lfb 3x1MB) SWAP 2447/12002MB (cached 118MB) CPU [9%@1728,9%@1728,9%@1728,0%@1728,0%@1728,50%@1728] GR3D_FREQ 66% cpu@71.906C soc2@70.562C soc0@71.156C gpu@73.75C tj@73.75C soc1@71.656C VDD_IN 18657mW/18643mW VDD_CPU_GPU_CV 8828mW/8798mW VDD_SOC 4106mW/4106mW
08-04-2026 11:14:57 RAM 3704/7620MB (lfb 3x1MB) SWAP 2447/12002MB (cached 118MB) CPU [0%@1728,0%@1728,9%@1728,0%@1728,0%@1728,60%@1728] GR3D_FREQ 69% cpu@71.75C soc2@70.625C soc0@71.218C gpu@73.625C tj@73.625C soc1@71.75C VDD_IN 18697mW/18643mW VDD_CPU_GPU_CV 8828mW/8799mW VDD_SOC 4106mW/4106mW
08-04-2026 11:14:57 RAM 3704/7620MB (lfb 3x1MB) SWAP 2447/12002MB (cached 118MB) CPU [0%@1728,0%@1728,0%@1728,0%@1728,0%@1728,50%@1728] GR3D_FREQ 68% cpu@71.812C soc2@70.75C soc0@71.187C gpu@73.562C tj@73.562C soc1@71.875C VDD_IN 18738mW/18644mW VDD_CPU_GPU_CV 8842mW/8799mW VDD_SOC 4106mW/4106mW
08-04-2026 11:14:57 RAM 3704/7620MB (lfb 3x1MB) SWAP 2447/12002MB (cached 118MB) CPU [0%@1728,0%@1728,0%@1728,16%@1728,0%@1728,60%@1728] GR3D_FREQ 65% cpu@71.812C soc2@70.625C soc0@71.156C gpu@73.687C tj@73.687C soc1@71.593C VDD_IN 18738mW/18645mW VDD_CPU_GPU_CV 8842mW/8799mW VDD_SOC 4106mW/4106mW
08-04-2026 11:14:58 RAM 3704/7620MB (lfb 3x1MB) SWAP 2447/12002MB (cached 118MB) CPU [9%@1728,18%@1728,9%@1728,0%@1728,0%@1728,58%@1728] GR3D_FREQ 65% cpu@71.812C soc2@70.656C soc0@71.125C gpu@73.593C tj@73.593C soc1@71.687C VDD_IN 18738mW/18646mW VDD_CPU_GPU_CV 8868mW/8800mW VDD_SOC 4106mW/4106mW
08-04-2026 11:14:58 RAM 3705/7620MB (lfb 3x1MB) SWAP 2447/12002MB (cached 118MB) CPU [10%@1728,18%@1728,10%@1728,10%@1728,0%@1728,55%@1728] GR3D_FREQ 68% cpu@71.75C soc2@70.656C soc0@71.281C gpu@73.531C tj@73.531C soc1@71.625C VDD_IN 18738mW/18646mW VDD_CPU_GPU_CV 8908mW/8801mW VDD_SOC 4106mW/4106mW
08-04-2026 11:14:58 RAM 3705/7620MB (lfb 3x1MB) SWAP 2447/12002MB (cached 118MB) CPU [0%@1728,0%@1728,0%@1728,9%@1728,0%@1728,54%@1728] GR3D_FREQ 68% cpu@71.812C soc2@70.593C soc0@71.375C gpu@73.718C tj@73.718C soc1@71.812C VDD_IN 18738mW/18647mW VDD_CPU_GPU_CV 8868mW/8801mW VDD_SOC 4106mW/4106mW
08-04-2026 11:14:58 RAM 3705/7620MB (lfb 3x1MB) SWAP 2447/12002MB (cached 118MB) CPU [9%@1728,0%@1728,0%@1728,0%@1728,0%@1728,60%@1728] GR3D_FREQ 67% cpu@71.812C soc2@70.531C soc0@71.125C gpu@73.593C tj@73.593C soc1@71.593C VDD_IN 18738mW/18648mW VDD_CPU_GPU_CV 8882mW/8802mW VDD_SOC 4106mW/4106mW
08-04-2026 11:14:58 RAM 3705/7620MB (lfb 3x1MB) SWAP 2447/12002MB (cached 118MB) CPU [0%@1728,9%@1728,0%@1728,20%@1728,36%@1728,25%@1728] GR3D_FREQ 64% cpu@71.812C soc2@70.593C soc0@71.062C gpu@73.531C tj@73.531C soc1@71.562C VDD_IN 18697mW/18648mW VDD_CPU_GPU_CV 8828mW/8802mW VDD_SOC 4106mW/4106mW
08-04-2026 11:14:58 RAM 3705/7620MB (lfb 3x1MB) SWAP 2447/12002MB (cached 118MB) CPU [18%@1728,10%@1728,33%@1728,9%@1728,60%@1728,0%@1728] GR3D_FREQ 70% cpu@71.812C soc2@70.656C soc0@71.25C gpu@73.968C tj@73.968C soc1@71.75C VDD_IN 18657mW/18648mW VDD_CPU_GPU_CV 8828mW/8802mW VDD_SOC 4106mW/4106mW
08-04-2026 11:14:58 RAM 3705/7620MB (lfb 3x1MB) SWAP 2447/12002MB (cached 118MB) CPU [0%@1728,0%@1728,0%@1728,0%@1728,54%@1728,0%@1728] GR3D_FREQ 68% cpu@71.812C soc2@70.718C soc0@71.312C gpu@73.562C tj@73.562C soc1@71.781C VDD_IN 18657mW/18648mW VDD_CPU_GPU_CV 8788mW/8802mW VDD_SOC 4106mW/4106mW
08-04-2026 11:14:58 RAM 3705/7620MB (lfb 3x1MB) SWAP 2447/12002MB (cached 118MB) CPU [0%@1728,9%@1728,16%@1728,0%@1728,55%@1728,0%@1728] GR3D_FREQ 70% cpu@72.187C soc2@70.718C soc0@71.125C gpu@73.562C tj@73.562C soc1@71.562C VDD_IN 18697mW/18649mW VDD_CPU_GPU_CV 8842mW/8802mW VDD_SOC 4106mW/4106mW
08-04-2026 11:14:58 RAM 3705/7620MB (lfb 3x1MB) SWAP 2447/12002MB (cached 118MB) CPU [9%@1728,0%@1728,0%@1728,0%@1728,54%@1728,0%@1728] GR3D_FREQ 66% cpu@71.75C soc2@70.625C soc0@71.156C gpu@73.937C tj@73.937C soc1@71.593C VDD_IN 18697mW/18649mW VDD_CPU_GPU_CV 8828mW/8803mW VDD_SOC 4106mW/4106mW
08-04-2026 11:14:58 RAM 3703/7620MB (lfb 3x1MB) SWAP 2447/12002MB (cached 118MB) CPU [9%@1728,18%@1728,36%@1728,10%@1728,63%@1728,16%@1728] GR3D_FREQ 66% cpu@72.093C soc2@70.656C soc0@71.187C gpu@73.781C tj@73.781C soc1@71.75C VDD_IN 18697mW/18649mW VDD_CPU_GPU_CV 8828mW/8803mW VDD_SOC 4106mW/4106mW
08-04-2026 11:14:59 RAM 3705/7620MB (lfb 3x1MB) SWAP 2447/12002MB (cached 118MB) CPU [0%@1728,33%@1728,10%@1728,18%@1728,54%@1728,0%@1728] GR3D_FREQ 64% cpu@72.281C soc2@70.75C soc0@71.312C gpu@73.5C tj@73.5C soc1@71.937C VDD_IN 18697mW/18650mW VDD_CPU_GPU_CV 8868mW/8803mW VDD_SOC 4106mW/4106mW
08-04-2026 11:14:59 RAM 3705/7620MB (lfb 3x1MB) SWAP 2447/12002MB (cached 118MB) CPU [9%@1728,9%@1728,10%@1728,0%@1728,60%@1728,0%@1728] GR3D_FREQ 65% cpu@72.093C soc2@70.593C soc0@71.125C gpu@73.906C tj@73.906C soc1@71.593C VDD_IN 18697mW/18650mW VDD_CPU_GPU_CV 8828mW/8803mW VDD_SOC 4106mW/4106mW
08-04-2026 11:14:59 RAM 3705/7620MB (lfb 3x1MB) SWAP 2447/12002MB (cached 118MB) CPU [9%@1728,9%@1728,0%@1728,8%@1728,58%@1728,0%@1728] GR3D_FREQ 66% cpu@71.843C soc2@70.656C soc0@71.093C gpu@73.781C tj@73.781C soc1@71.562C VDD_IN 18697mW/18650mW VDD_CPU_GPU_CV 8828mW/8804mW VDD_SOC 4106mW/4106mW
08-04-2026 11:14:59 RAM 3705/7620MB (lfb 3x1MB) SWAP 2447/12002MB (cached 118MB) CPU [9%@1728,10%@1728,0%@1728,18%@1728,60%@1728,0%@1728] GR3D_FREQ 66% cpu@71.875C soc2@70.625C soc0@71.25C gpu@73.687C tj@73.687C soc1@71.656C VDD_IN 18697mW/18651mW VDD_CPU_GPU_CV 8828mW/8804mW VDD_SOC 4106mW/4106mW
08-04-2026 11:14:59 RAM 3705/7620MB (lfb 3x1MB) SWAP 2447/12002MB (cached 118MB) CPU [9%@1728,0%@1728,0%@1728,0%@1728,50%@1728,0%@1728] GR3D_FREQ 69% cpu@72C soc2@70.687C soc0@71.312C gpu@73.875C tj@73.875C soc1@71.843C VDD_IN 18686mW/18651mW VDD_CPU_GPU_CV 8788mW/8804mW VDD_SOC 4106mW/4106mW
08-04-2026 11:14:59 RAM 3705/7620MB (lfb 3x1MB) SWAP 2447/12002MB (cached 118MB) CPU [10%@1728,0%@1728,0%@1728,0%@1728,60%@1728,0%@1728] GR3D_FREQ 69% cpu@72.062C soc2@70.625C soc0@71.093C gpu@73.687C tj@73.687C soc1@71.562C VDD_IN 18686mW/18651mW VDD_CPU_GPU_CV 8747mW/8803mW VDD_SOC 4106mW/4106mW
08-04-2026 11:14:59 RAM 3705/7620MB (lfb 3x1MB) SWAP 2447/12002MB (cached 118MB) CPU [30%@1728,18%@1728,9%@1728,9%@1728,10%@1728,0%@1728] GR3D_FREQ 65% cpu@72.281C soc2@70.562C soc0@71.156C gpu@73.687C tj@73.687C soc1@71.562C VDD_IN 18617mW/18651mW VDD_CPU_GPU_CV 8788mW/8803mW VDD_SOC 4106mW/4106mW
08-04-2026 11:14:59 RAM 3705/7620MB (lfb 3x1MB) SWAP 2447/12002MB (cached 118MB) CPU [45%@1728,27%@1728,9%@1728,0%@1728,0%@1728,9%@1728] GR3D_FREQ 66% cpu@72.062C soc2@70.593C soc0@71.156C gpu@73.562C tj@73.562C soc1@71.718C VDD_IN 18576mW/18650mW VDD_CPU_GPU_CV 8788mW/8803mW VDD_SOC 4106mW/4106mW
08-04-2026 11:14:59 RAM 3705/7620MB (lfb 3x1MB) SWAP 2447/12002MB (cached 118MB) CPU [58%@1728,0%@1728,0%@1728,0%@1728,0%@1728,0%@1728] GR3D_FREQ 66% cpu@72.062C soc2@70.781C soc0@71.281C gpu@73.781C tj@73.781C soc1@71.562C VDD_IN 18576mW/18650mW VDD_CPU_GPU_CV 8828mW/8803mW VDD_SOC 4106mW/4106mW
08-04-2026 11:15:00 RAM 3705/7620MB (lfb 3x1MB) SWAP 2447/12002MB (cached 118MB) CPU [55%@1728,10%@1728,0%@1728,16%@1728,0%@1728,0%@1728] GR3D_FREQ 68% cpu@72.25C soc2@70.625C soc0@71.125C gpu@73.531C tj@73.531C soc1@71.687C VDD_IN 18536mW/18649mW VDD_CPU_GPU_CV 8761mW/8803mW VDD_SOC 4106mW/4106mW
08-04-2026 11:15:00 RAM 3705/7620MB (lfb 3x1MB) SWAP 2447/12002MB (cached 118MB) CPU [66%@1728,18%@1728,18%@1728,10%@1728,9%@1728,0%@1728] GR3D_FREQ 66% cpu@72.281C soc2@70.656C soc0@71.187C gpu@73.531C tj@73.531C soc1@71.718C VDD_IN 18495mW/18648mW VDD_CPU_GPU_CV 8761mW/8803mW VDD_SOC 4106mW/4106mW
08-04-2026 11:15:00 RAM 3705/7620MB (lfb 3x1MB) SWAP 2447/12002MB (cached 118MB) CPU [27%@1728,0%@1728,9%@1728,36%@1728,0%@1728,0%@1728] GR3D_FREQ 69% cpu@72.156C soc2@70.718C soc0@71.25C gpu@73.531C tj@73.531C soc1@71.75C VDD_IN 18495mW/18647mW VDD_CPU_GPU_CV 8747mW/8802mW VDD_SOC 4106mW/4106mW
08-04-2026 11:15:00 RAM 3705/7620MB (lfb 3x1MB) SWAP 2447/12002MB (cached 118MB) CPU [9%@1728,0%@1728,0%@1728,60%@1728,0%@1728,0%@1728] GR3D_FREQ 68% cpu@72.093C soc2@70.781C soc0@71.312C gpu@73.625C tj@73.625C soc1@71.875C VDD_IN 18536mW/18646mW VDD_CPU_GPU_CV 8721mW/8802mW VDD_SOC 4106mW/4106mW
08-04-2026 11:15:00 RAM 3705/7620MB (lfb 3x1MB) SWAP 2447/12002MB (cached 118MB) CPU [10%@1728,10%@1728,9%@1728,54%@1728,0%@1728,0%@1728] GR3D_FREQ 66% cpu@72.187C soc2@70.656C soc0@71.218C gpu@73.531C tj@73.531C soc1@71.656C VDD_IN 18455mW/18645mW VDD_CPU_GPU_CV 8721mW/8801mW VDD_SOC 4106mW/4106mW
08-04-2026 11:15:00 RAM 3705/7620MB (lfb 3x1MB) SWAP 2447/12002MB (cached 118MB) CPU [9%@1728,0%@1728,9%@1728,54%@1728,0%@1728,0%@1728] GR3D_FREQ 67% cpu@72.062C soc2@70.718C soc0@71.187C gpu@73.531C tj@73.531C soc1@71.656C VDD_IN 18495mW/18644mW VDD_CPU_GPU_CV 8721mW/8801mW VDD_SOC 4106mW/4106mW
08-04-2026 11:15:00 RAM 3705/7620MB (lfb 3x1MB) SWAP 2447/12002MB (cached 118MB) CPU [9%@1728,18%@1728,0%@1728,63%@1728,0%@1728,0%@1728] GR3D_FREQ 68% cpu@72.093C soc2@70.656C soc0@71.218C gpu@73.875C tj@73.875C soc1@71.781C VDD_IN 18525mW/18643mW VDD_CPU_GPU_CV 8681mW/8800mW VDD_SOC 4106mW/4106mW
08-04-2026 11:15:00 RAM 3705/7620MB (lfb 3x1MB) SWAP 2447/12002MB (cached 118MB) CPU [9%@1728,0%@1728,0%@1728,50%@1728,0%@1728,0%@1728] GR3D_FREQ 69% cpu@72.156C soc2@70.718C soc0@71.343C gpu@73.656C tj@73.656C soc1@71.906C VDD_IN 18606mW/18643mW VDD_CPU_GPU_CV 8721mW/8799mW VDD_SOC 4106mW/4106mW
08-04-2026 11:15:00 RAM 3705/7620MB (lfb 3x1MB) SWAP 2447/12002MB (cached 118MB) CPU [9%@1728,0%@1728,9%@1728,60%@1728,0%@1728,0%@1728] GR3D_FREQ 68% cpu@72.156C soc2@70.718C soc0@71.125C gpu@73.531C tj@73.531C soc1@71.625C VDD_IN 18606mW/18643mW VDD_CPU_GPU_CV 8721mW/8799mW VDD_SOC 4106mW/4106mW
08-04-2026 11:15:00 RAM 3705/7620MB (lfb 3x1MB) SWAP 2447/12002MB (cached 118MB) CPU [0%@1728,25%@1728,0%@1728,58%@1728,8%@1728,0%@1728] GR3D_FREQ 69% cpu@72.093C soc2@70.625C soc0@71.25C gpu@73.968C tj@73.968C soc1@71.687C VDD_IN 18617mW/18643mW VDD_CPU_GPU_CV 8761mW/8799mW VDD_SOC 4106mW/4106mW
08-04-2026 11:15:01 RAM 3703/7620MB (lfb 3x1MB) SWAP 2447/12002MB (cached 118MB) CPU [41%@1728,20%@1728,10%@1728,54%@1728,0%@1728,0%@1728] GR3D_FREQ 66% cpu@72.281C soc2@70.625C soc0@71.312C gpu@73.687C tj@73.687C soc1@71.843C VDD_IN 18606mW/18642mW VDD_CPU_GPU_CV 8721mW/8798mW VDD_SOC 4106mW/4106mW
08-04-2026 11:15:01 RAM 3703/7620MB (lfb 3x1MB) SWAP 2447/12002MB (cached 118MB) CPU [0%@1728,0%@1728,10%@1728,63%@1728,0%@1728,0%@1728] GR3D_FREQ 69% cpu@72.125C soc2@70.687C soc0@71.281C gpu@74.031C tj@74.031C soc1@71.625C VDD_IN 18646mW/18642mW VDD_CPU_GPU_CV 8721mW/8798mW VDD_SOC 4106mW/4106mW
08-04-2026 11:15:01 RAM 3703/7620MB (lfb 3x1MB) SWAP 2447/12002MB (cached 118MB) CPU [0%@1728,63%@1728,9%@1728,50%@1728,0%@1728,0%@1728] GR3D_FREQ 62% cpu@72.062C soc2@70.562C soc0@71.093C gpu@73.843C tj@73.843C soc1@71.625C VDD_IN 18617mW/18642mW VDD_CPU_GPU_CV 8747mW/8797mW VDD_SOC 4106mW/4106mW
08-04-2026 11:15:01 RAM 3703/7620MB (lfb 3x1MB) SWAP 2447/12002MB (cached 118MB) CPU [16%@1728,9%@1728,25%@1728,63%@1728,0%@1728,8%@1728] GR3D_FREQ 68% cpu@72.25C soc2@70.625C soc0@71.187C gpu@73.656C tj@73.656C soc1@71.625C VDD_IN 18657mW/18642mW VDD_CPU_GPU_CV 8747mW/8797mW VDD_SOC 4106mW/4106mW
08-04-2026 11:15:01 RAM 3703/7620MB (lfb 3x1MB) SWAP 2447/12002MB (cached 118MB) CPU [0%@1728,0%@1728,18%@1728,54%@1728,0%@1728,0%@1728] GR3D_FREQ 67% cpu@72.093C soc2@70.718C soc0@71.218C gpu@73.718C tj@73.718C soc1@71.75C VDD_IN 18617mW/18642mW VDD_CPU_GPU_CV 8802mW/8797mW VDD_SOC 4106mW/4106mW
08-04-2026 11:15:01 RAM 3703/7620MB (lfb 3x1MB) SWAP 2447/12002MB (cached 118MB) CPU [9%@1728,10%@1728,9%@1728,60%@1728,0%@1728,0%@1728] GR3D_FREQ 66% cpu@72.437C soc2@70.656C soc0@71.343C gpu@73.781C tj@73.531C soc1@71.593C VDD_IN 18617mW/18642mW VDD_CPU_GPU_CV 8761mW/8797mW VDD_SOC 4106mW/4106mW
08-04-2026 11:15:01 RAM 3703/7620MB (lfb 3x1MB) SWAP 2447/12002MB (cached 118MB) CPU [0%@1728,0%@1728,0%@1728,58%@1728,9%@1728,8%@1728] GR3D_FREQ 66% cpu@71.968C soc2@70.593C soc0@71.156C gpu@73.718C tj@73.718C soc1@71.531C VDD_IN 18617mW/18642mW VDD_CPU_GPU_CV 8802mW/8797mW VDD_SOC 4106mW/4106mW
08-04-2026 11:15:01 RAM 3703/7620MB (lfb 3x1MB) SWAP 2447/12002MB (cached 118MB) CPU [0%@1728,0%@1728,0%@1728,55%@1728,0%@1728,0%@1728] GR3D_FREQ 64% cpu@72C soc2@70.593C soc0@71.218C gpu@73.593C tj@73.593C soc1@71.625C VDD_IN 18617mW/18642mW VDD_CPU_GPU_CV 8802mW/8797mW VDD_SOC 4106mW/4106mW
08-04-2026 11:15:01 RAM 3703/7620MB (lfb 3x1MB) SWAP 2447/12002MB (cached 118MB) CPU [9%@1728,16%@1728,0%@1728,50%@1728,0%@1728,0%@1728] GR3D_FREQ 69% cpu@71.937C soc2@70.656C soc0@71.218C gpu@73.531C tj@73.531C soc1@71.718C VDD_IN 18617mW/18641mW VDD_CPU_GPU_CV 8761mW/8797mW VDD_SOC 4106mW/4106mW
08-04-2026 11:15:02 RAM 3704/7620MB (lfb 3x1MB) SWAP 2447/12002MB (cached 118MB) CPU [54%@1728,27%@1728,0%@1728,9%@1728,9%@1728,0%@1728] GR3D_FREQ 59% cpu@72.312C soc2@70.593C soc0@71C gpu@73.406C tj@73.406C soc1@71.625C VDD_IN 18576mW/18641mW VDD_CPU_GPU_CV 8721mW/8796mW VDD_SOC 4106mW/4106mW
08-04-2026 11:15:02 RAM 3704/7620MB (lfb 3x1MB) SWAP 2447/12002MB (cached 118MB) CPU [60%@1728,10%@1728,27%@1728,36%@1728,18%@1728,9%@1728] GR3D_FREQ 67% cpu@71.968C soc2@70.656C soc0@71.093C gpu@73.75C tj@73.75C soc1@71.562C VDD_IN 18606mW/18641mW VDD_CPU_GPU_CV 8721mW/8796mW VDD_SOC 4106mW/4106mW
08-04-2026 11:15:02 RAM 3704/7620MB (lfb 3x1MB) SWAP 2447/12002MB (cached 118MB) CPU [60%@1728,10%@1728,0%@1728,0%@1728,8%@1728,0%@1728] GR3D_FREQ 67% cpu@71.937C soc2@70.562C soc0@71.25C gpu@73.468C tj@73.468C soc1@71.718C VDD_IN 18576mW/18640mW VDD_CPU_GPU_CV 8761mW/8795mW VDD_SOC 4106mW/4106mW
08-04-2026 11:15:02 RAM 3704/7620MB (lfb 3x1MB) SWAP 2447/12002MB (cached 118MB) CPU [0%@1728,0%@1728,16%@1728,54%@1728,9%@1728,0%@1728] GR3D_FREQ 65% cpu@72.218C soc2@70.656C soc0@71.281C gpu@73.906C tj@73.906C soc1@71.781C VDD_IN 18576mW/18640mW VDD_CPU_GPU_CV 8721mW/8795mW VDD_SOC 4106mW/4106mW
08-04-2026 11:15:02 RAM 3704/7620MB (lfb 3x1MB) SWAP 2447/12002MB (cached 118MB) CPU [45%@1728,10%@1728,0%@1728,27%@1728,0%@1728,9%@1728] GR3D_FREQ 71% cpu@72.25C soc2@70.625C soc0@71.062C gpu@73.812C tj@73.812C soc1@71.562C VDD_IN 18525mW/18639mW VDD_CPU_GPU_CV 8681mW/8794mW VDD_SOC 4106mW/4106mW
08-04-2026 11:15:02 RAM 3704/7620MB (lfb 3x1MB) SWAP 2447/12002MB (cached 118MB) CPU [45%@1728,0%@1728,10%@1728,20%@1728,0%@1728,0%@1728] GR3D_FREQ 65% cpu@72.031C soc2@70.625C soc0@71.156C gpu@73.656C tj@73.656C soc1@71.625C VDD_IN 18565mW/18639mW VDD_CPU_GPU_CV 8681mW/8794mW VDD_SOC 4106mW/4106mW
08-04-2026 11:15:02 RAM 3704/7620MB (lfb 3x1MB) SWAP 2447/12002MB (cached 118MB) CPU [54%@1728,9%@1728,9%@1728,0%@1728,0%@1728,0%@1728] GR3D_FREQ 69% cpu@72C soc2@70.781C soc0@71.125C gpu@74.031C tj@74.031C soc1@71.781C VDD_IN 18536mW/18638mW VDD_CPU_GPU_CV 8721mW/8793mW VDD_SOC 4106mW/4106mW
08-04-2026 11:15:02 RAM 3704/7620MB (lfb 3x1MB) SWAP 2447/12002MB (cached 118MB) CPU [63%@1728,0%@1728,0%@1728,9%@1728,8%@1728,0%@1728] GR3D_FREQ 67% cpu@72.093C soc2@70.781C soc0@71.343C gpu@73.687C tj@73.687C soc1@71.562C VDD_IN 18525mW/18638mW VDD_CPU_GPU_CV 8681mW/8793mW VDD_SOC 4106mW/4106mW
08-04-2026 11:15:02 RAM 3704/7620MB (lfb 3x1MB) SWAP 2447/12002MB (cached 118MB) CPU [50%@1728,0%@1728,9%@1728,0%@1728,0%@1728,0%@1728] GR3D_FREQ 64% cpu@72.125C soc2@70.593C soc0@71.062C gpu@73.656C tj@73.656C soc1@71.562C VDD_IN 18536mW/18637mW VDD_CPU_GPU_CV 8721mW/8792mW VDD_SOC 4106mW/4106mW
08-04-2026 11:15:02 RAM 3704/7620MB (lfb 3x1MB) SWAP 2447/12002MB (cached 118MB) CPU [63%@1728,8%@1728,9%@1728,0%@1728,0%@1728,8%@1728] GR3D_FREQ 64% cpu@72.281C soc2@70.625C soc0@71.187C gpu@73.531C tj@73.531C soc1@71.687C VDD_IN 18565mW/18637mW VDD_CPU_GPU_CV 8721mW/8792mW VDD_SOC 4106mW/4106mW
08-04-2026 11:15:03 RAM 3706/7620MB (lfb 3x1MB) SWAP 2447/12002MB (cached 118MB) CPU [44%@1728,11%@1728,10%@1728,12%@1728,9%@1728,27%@1728] GR3D_FREQ 61% cpu@72.125C soc2@70.687C soc0@71.218C gpu@73.781C tj@73.781C soc1@71.687C VDD_IN 18536mW/18636mW VDD_CPU_GPU_CV 8788mW/8792mW VDD_SOC 4106mW/4106mW
08-04-2026 11:15:03 RAM 3706/7620MB (lfb 3x1MB) SWAP 2447/12002MB (cached 118MB) CPU [40%@1728,0%@1728,15%@1728,25%@1728,0%@1728,0%@1728] GR3D_FREQ 66% cpu@72C soc2@70.656C soc0@71.312C gpu@73.656C tj@73.656C soc1@71.906C VDD_IN 18536mW/18635mW VDD_CPU_GPU_CV 8788mW/8792mW VDD_SOC 4106mW/4106mW
08-04-2026 11:15:03 RAM 3706/7620MB (lfb 3x1MB) SWAP 2447/12002MB (cached 118MB) CPU [18%@1728,9%@1728,0%@1728,0%@1728,0%@1728,40%@1728] GR3D_FREQ 69% cpu@71.968C soc2@70.593C soc0@71.125C gpu@73.593C tj@73.593C soc1@71.656C VDD_IN 18576mW/18635mW VDD_CPU_GPU_CV 8788mW/8792mW VDD_SOC 4106mW/4106mW
08-04-2026 11:15:03 RAM 3706/7620MB (lfb 3x1MB) SWAP 2447/12002MB (cached 118MB) CPU [0%@1728,23%@1728,0%@1728,0%@1728,0%@1728,63%@1728] GR3D_FREQ 65% cpu@71.843C soc2@70.593C soc0@71.093C gpu@73.687C tj@73.5C soc1@71.781C VDD_IN 18576mW/18635mW VDD_CPU_GPU_CV 8761mW/8791mW VDD_SOC 4106mW/4106mW
08-04-2026 11:15:03 RAM 3706/7620MB (lfb 3x1MB) SWAP 2447/12002MB (cached 118MB) CPU [30%@1728,0%@1728,0%@1728,9%@1728,55%@1728,0%@1728] GR3D_FREQ 65% cpu@71.875C soc2@70.625C soc0@71.218C gpu@73.718C tj@73.718C soc1@71.781C VDD_IN 18576mW/18634mW VDD_CPU_GPU_CV 8788mW/8791mW VDD_SOC 4106mW/4106mW
08-04-2026 11:15:03 RAM 3706/7620MB (lfb 3x1MB) SWAP 2447/12002MB (cached 118MB) CPU [0%@1728,0%@1728,16%@1728,10%@1728,58%@1728,0%@1728] GR3D_FREQ 64% cpu@71.968C soc2@70.718C soc0@71.312C gpu@73.531C tj@73.531C soc1@71.812C VDD_IN 18576mW/18634mW VDD_CPU_GPU_CV 8788mW/8791mW VDD_SOC 4106mW/4106mW
08-04-2026 11:15:03 RAM 3706/7620MB (lfb 3x1MB) SWAP 2447/12002MB (cached 118MB) CPU [8%@1728,0%@1728,0%@1728,9%@1728,60%@1728,0%@1728] GR3D_FREQ 66% cpu@71.937C soc2@70.656C soc0@71.125C gpu@73.593C tj@73.593C soc1@71.593C VDD_IN 18617mW/18634mW VDD_CPU_GPU_CV 8788mW/8791mW VDD_SOC 4106mW/4106mW
08-04-2026 11:15:03 RAM 3706/7620MB (lfb 3x1MB) SWAP 2447/12002MB (cached 118MB) CPU [0%@1728,0%@1728,9%@1728,0%@1728,58%@1728,0%@1728] GR3D_FREQ 64% cpu@71.906C soc2@70.562C soc0@71.156C gpu@73.593C tj@73.593C soc1@71.562C VDD_IN 18657mW/18634mW VDD_CPU_GPU_CV 8788mW/8791mW VDD_SOC 4106mW/4106mW
08-04-2026 11:15:03 RAM 3706/7620MB (lfb 3x1MB) SWAP 2447/12002MB (cached 118MB) CPU [9%@1728,8%@1728,0%@1728,0%@1728,27%@1728,40%@1728] GR3D_FREQ 67% cpu@71.781C soc2@70.625C soc0@71.187C gpu@73.625C tj@73.625C soc1@71.687C VDD_IN 18657mW/18634mW VDD_CPU_GPU_CV 8788mW/8791mW VDD_SOC 4106mW/4106mW
08-04-2026 11:15:04 RAM 3706/7620MB (lfb 3x1MB) SWAP 2447/12002MB (cached 118MB) CPU [0%@1728,0%@1728,0%@1728,9%@1728,10%@1728,54%@1728] GR3D_FREQ 66% cpu@71.937C soc2@70.843C soc0@71.093C gpu@73.593C tj@73.593C soc1@71.593C VDD_IN 18657mW/18634mW VDD_CPU_GPU_CV 8788mW/8791mW VDD_SOC 4106mW/4106mW
08-04-2026 11:15:04 RAM 3706/7620MB (lfb 3x1MB) SWAP 2447/12002MB (cached 118MB) CPU [0%@1728,18%@1728,16%@1728,10%@1728,50%@1728,0%@1728] GR3D_FREQ 70% cpu@71.843C soc2@70.562C soc0@71.093C gpu@74C tj@74C soc1@71.656C VDD_IN 18657mW/18635mW VDD_CPU_GPU_CV 8788mW/8791mW VDD_SOC 4106mW/4106mW
08-04-2026 11:15:04 RAM 3706/7620MB (lfb 3x1MB) SWAP 2447/12002MB (cached 118MB) CPU [18%@1728,0%@1728,0%@1728,0%@1728,55%@1728,0%@1728] GR3D_FREQ 67% cpu@71.781C soc2@70.625C soc0@71.25C gpu@73.812C tj@73.812C soc1@71.75C VDD_IN 18697mW/18635mW VDD_CPU_GPU_CV 8788mW/8791mW VDD_SOC 4106mW/4106mW
08-04-2026 11:15:04 RAM 3706/7620MB (lfb 3x1MB) SWAP 2447/12002MB (cached 118MB) CPU [8%@1728,18%@1728,16%@1728,0%@1728,58%@1728,0%@1728] GR3D_FREQ 68% cpu@71.875C soc2@70.625C soc0@71.281C gpu@73.531C tj@73.812C soc1@71.843C VDD_IN 18738mW/18635mW VDD_CPU_GPU_CV 8828mW/8792mW VDD_SOC 4106mW/4106mW
08-04-2026 11:15:04 RAM 3706/7620MB (lfb 3x1MB) SWAP 2447/12002MB (cached 118MB) CPU [0%@1728,0%@1728,0%@1728,18%@1728,55%@1728,0%@1728] GR3D_FREQ 69% cpu@72.281C soc2@70.75C soc0@71.437C gpu@73.968C tj@73.968C soc1@71.625C VDD_IN 18657mW/18636mW VDD_CPU_GPU_CV 8788mW/8792mW VDD_SOC 4106mW/4106mW
08-04-2026 11:15:04 RAM 3706/7620MB (lfb 3x1MB) SWAP 2447/12002MB (cached 118MB) CPU [0%@1728,9%@1728,9%@1728,10%@1728,50%@1728,0%@1728] GR3D_FREQ 66% cpu@71.812C soc2@70.562C soc0@71.156C gpu@73.812C tj@73.812C soc1@71.656C VDD_IN 18697mW/18636mW VDD_CPU_GPU_CV 8828mW/8792mW VDD_SOC 4106mW/4106mW
08-04-2026 11:15:04 RAM 3706/7620MB (lfb 3x1MB) SWAP 2447/12002MB (cached 118MB) CPU [9%@1728,0%@1728,9%@1728,9%@1728,63%@1728,0%@1728] GR3D_FREQ 66% cpu@71.906C soc2@70.625C soc0@71.25C gpu@73.75C tj@73.75C soc1@71.687C VDD_IN 18657mW/18636mW VDD_CPU_GPU_CV 8828mW/8792mW VDD_SOC 4106mW/4106mW
08-04-2026 11:15:04 RAM 3706/7620MB (lfb 3x1MB) SWAP 2447/12002MB (cached 118MB) CPU [0%@1728,9%@1728,0%@1728,0%@1728,54%@1728,0%@1728] GR3D_FREQ 69% cpu@71.843C soc2@70.656C soc0@71.375C gpu@73.968C tj@73.656C soc1@71.906C VDD_IN 18697mW/18636mW VDD_CPU_GPU_CV 8828mW/8792mW VDD_SOC 4106mW/4106mW
08-04-2026 11:15:04 RAM 3706/7620MB (lfb 3x1MB) SWAP 2447/12002MB (cached 118MB) CPU [9%@1728,0%@1728,0%@1728,9%@1728,55%@1728,0%@1728] GR3D_FREQ 66% cpu@72.25C soc2@70.718C soc0@71.375C gpu@73.75C tj@73.75C soc1@71.562C VDD_IN 18697mW/18637mW VDD_CPU_GPU_CV 8828mW/8792mW VDD_SOC 4106mW/4106mW
08-04-2026 11:15:04 RAM 3706/7620MB (lfb 3x1MB) SWAP 2447/12002MB (cached 118MB) CPU [0%@1728,8%@1728,9%@1728,0%@1728,58%@1728,0%@1728] GR3D_FREQ 68% cpu@71.812C soc2@70.656C soc0@71.093C gpu@73.812C tj@73.812C soc1@71.687C VDD_IN 18738mW/18637mW VDD_CPU_GPU_CV 8828mW/8792mW VDD_SOC 4106mW/4106mW
08-04-2026 11:15:05 RAM 3708/7620MB (lfb 3x1MB) SWAP 2447/12002MB (cached 118MB) CPU [0%@1728,18%@1728,0%@1728,18%@1728,50%@1728,20%@1728] GR3D_FREQ 69% cpu@71.875C soc2@70.75C soc0@71.218C gpu@73.718C tj@73.718C soc1@71.687C VDD_IN 18738mW/18638mW VDD_CPU_GPU_CV 8828mW/8793mW VDD_SOC 4106mW/4106mW
08-04-2026 11:15:05 RAM 3710/7620MB (lfb 3x1MB) SWAP 2447/12002MB (cached 118MB) CPU [25%@1728,0%@1728,9%@1728,16%@1728,45%@1728,16%@1728] GR3D_FREQ 67% cpu@72.031C soc2@70.656C soc0@71.343C gpu@73.718C tj@73.718C soc1@71.812C VDD_IN 18738mW/18638mW VDD_CPU_GPU_CV 8828mW/8793mW VDD_SOC 4106mW/4106mW
08-04-2026 11:15:05 RAM 3700/7620MB (lfb 3x1MB) SWAP 2447/12002MB (cached 118MB) CPU [11%@1728,9%@1728,9%@1728,0%@1728,0%@1728,55%@1728] GR3D_FREQ 66% cpu@72.218C soc2@70.812C soc0@71.312C gpu@73.812C tj@73.812C soc1@71.656C VDD_IN 18738mW/18639mW VDD_CPU_GPU_CV 8868mW/8793mW VDD_SOC 4106mW/4106mW
08-04-2026 11:15:05 RAM 3700/7620MB (lfb 3x1MB) SWAP 2447/12002MB (cached 118MB) CPU [0%@1728,10%@1728,0%@1728,0%@1728,9%@1728,54%@1728] GR3D_FREQ 68% cpu@71.937C soc2@70.593C soc0@71.218C gpu@73.718C tj@73.718C soc1@71.718C VDD_IN 18738mW/18639mW VDD_CPU_GPU_CV 8868mW/8794mW VDD_SOC 4106mW/4106mW
08-04-2026 11:15:05 RAM 3700/7620MB (lfb 3x1MB) SWAP 2447/12002MB (cached 118MB) CPU [9%@1728,0%@1728,0%@1728,0%@1728,0%@1728,60%@1728] GR3D_FREQ 69% cpu@71.812C soc2@70.75C soc0@71.312C gpu@73.656C tj@73.656C soc1@71.875C VDD_IN 18697mW/18640mW VDD_CPU_GPU_CV 8828mW/8794mW VDD_SOC 4106mW/4106mW
08-04-2026 11:15:05 RAM 3700/7620MB (lfb 3x1MB) SWAP 2447/12002MB (cached 118MB) CPU [9%@1728,9%@1728,0%@1728,9%@1728,0%@1728,50%@1728] GR3D_FREQ 68% cpu@71.906C soc2@70.718C soc0@71.343C gpu@73.781C tj@73.781C soc1@71.906C VDD_IN 18697mW/18640mW VDD_CPU_GPU_CV 8828mW/8794mW VDD_SOC 4106mW/4106mW
08-04-2026 11:15:05 RAM 3700/7620MB (lfb 3x1MB) SWAP 2447/12002MB (cached 118MB) CPU [9%@1728,0%@1728,0%@1728,9%@1728,0%@1728,50%@1728] GR3D_FREQ 66% cpu@72C soc2@70.781C soc0@71.343C gpu@73.75C tj@73.75C soc1@71.718C VDD_IN 18697mW/18640mW VDD_CPU_GPU_CV 8828mW/8794mW VDD_SOC 4106mW/4106mW
08-04-2026 11:15:05 RAM 3700/7620MB (lfb 3x1MB) SWAP 2447/12002MB (cached 118MB) CPU [9%@1728,0%@1728,0%@1728,0%@1728,50%@1728,18%@1728] GR3D_FREQ 68% cpu@72.281C soc2@70.718C soc0@71.281C gpu@73.562C tj@73.562C soc1@71.718C VDD_IN 18738mW/18641mW VDD_CPU_GPU_CV 8828mW/8794mW VDD_SOC 4106mW/4106mW
08-04-2026 11:15:05 RAM 3700/7620MB (lfb 3x1MB) SWAP 2447/12002MB (cached 118MB) CPU [0%@1728,9%@1728,8%@1728,0%@1728,16%@1728,44%@1728] GR3D_FREQ 69% cpu@71.812C soc2@70.687C soc0@71.312C gpu@73.75C tj@73.75C soc1@71.75C VDD_IN 18738mW/18641mW VDD_CPU_GPU_CV 8828mW/8794mW VDD_SOC 4106mW/4106mW
08-04-2026 11:15:06 RAM 3700/7620MB (lfb 3x1MB) SWAP 2447/12002MB (cached 118MB) CPU [25%@1728,0%@1728,0%@1728,0%@1728,0%@1728,54%@1728] GR3D_FREQ 63% cpu@72.156C soc2@70.781C soc0@71.437C gpu@73.968C tj@73.968C soc1@72.062C VDD_IN 18697mW/18641mW VDD_CPU_GPU_CV 8788mW/8794mW VDD_SOC 4106mW/4106mW
08-04-2026 11:15:06 RAM 3700/7620MB (lfb 3x1MB) SWAP 2447/12002MB (cached 118MB) CPU [16%@1728,9%@1728,10%@1728,10%@1728,0%@1728,60%@1728] GR3D_FREQ 68% cpu@72.031C soc2@70.812C soc0@71.218C gpu@73.625C tj@73.625C soc1@71.718C VDD_IN 18738mW/18642mW VDD_CPU_GPU_CV 8828mW/8795mW VDD_SOC 4106mW/4106mW
08-04-2026 11:15:06 RAM 3700/7620MB (lfb 3x1MB) SWAP 2447/12002MB (cached 118MB) CPU [0%@1728,18%@1728,9%@1728,0%@1728,0%@1728,50%@1728] GR3D_FREQ 69% cpu@72.25C soc2@70.656C soc0@71.25C gpu@74.062C tj@74.062C soc1@71.75C VDD_IN 18738mW/18642mW VDD_CPU_GPU_CV 8868mW/8795mW VDD_SOC 4106mW/4106mW
08-04-2026 11:15:06 RAM 3700/7620MB (lfb 3x1MB) SWAP 2447/12002MB (cached 118MB) CPU [0%@1728,0%@1728,9%@1728,0%@1728,0%@1728,60%@1728] GR3D_FREQ 66% cpu@71.875C soc2@70.781C soc0@71.375C gpu@73.937C tj@73.937C soc1@71.843C VDD_IN 18738mW/18643mW VDD_CPU_GPU_CV 8828mW/8795mW VDD_SOC 4106mW/4106mW
08-04-2026 11:15:06 RAM 3700/7620MB (lfb 3x1MB) SWAP 2447/12002MB (cached 118MB) CPU [33%@1728,10%@1728,9%@1728,18%@1728,0%@1728,27%@1728] GR3D_FREQ 71% cpu@72.187C soc2@70.781C soc0@71.437C gpu@74.156C tj@73.75C soc1@72.031C VDD_IN 18697mW/18643mW VDD_CPU_GPU_CV 8828mW/8795mW VDD_SOC 4106mW/4106mW
08-04-2026 11:15:06 RAM 3700/7620MB (lfb 3x1MB) SWAP 2447/12002MB (cached 118MB) CPU [0%@1728,0%@1728,16%@1728,50%@1728,0%@1728,0%@1728] GR3D_FREQ 67% cpu@72.281C soc2@70.843C soc0@71.312C gpu@73.906C tj@73.906C soc1@71.718C VDD_IN 18657mW/18643mW VDD_CPU_GPU_CV 8788mW/8795mW VDD_SOC 4106mW/4106mW
08-04-2026 11:15:06 RAM 3700/7620MB (lfb 3x1MB) SWAP 2447/12002MB (cached 118MB) CPU [16%@1728,9%@1728,0%@1728,55%@1728,0%@1728,0%@1728] GR3D_FREQ 68% cpu@72.375C soc2@70.812C soc0@71.312C gpu@73.875C tj@73.875C soc1@71.718C VDD_IN 18617mW/18643mW VDD_CPU_GPU_CV 8802mW/8795mW VDD_SOC 4106mW/4106mW
08-04-2026 11:15:06 RAM 3700/7620MB (lfb 3x1MB) SWAP 2447/12002MB (cached 118MB) CPU [58%@1728,9%@1728,0%@1728,16%@1728,0%@1728,0%@1728] GR3D_FREQ 66% cpu@72.125C soc2@70.843C soc0@71.375C gpu@73.75C tj@73.75C soc1@71.843C VDD_IN 18576mW/18643mW VDD_CPU_GPU_CV 8802mW/8795mW VDD_SOC 4106mW/4106mW
08-04-2026 11:15:06 RAM 3700/7620MB (lfb 3x1MB) SWAP 2447/12002MB (cached 118MB) CPU [0%@1728,0%@1728,0%@1728,55%@1728,0%@1728,0%@1728] GR3D_FREQ 64% cpu@72.125C soc2@70.812C soc0@71.5C gpu@74C tj@74C soc1@71.906C VDD_IN 18576mW/18642mW VDD_CPU_GPU_CV 8721mW/8795mW VDD_SOC 4106mW/4106mW
08-04-2026 11:15:06 RAM 3700/7620MB (lfb 3x1MB) SWAP 2447/12002MB (cached 118MB) CPU [9%@1728,54%@1728,9%@1728,0%@1728,0%@1728,0%@1728] GR3D_FREQ 67% cpu@72.281C soc2@70.875C soc0@71.343C gpu@73.843C tj@73.843C soc1@71.843C VDD_IN 18576mW/18642mW VDD_CPU_GPU_CV 8761mW/8795mW VDD_SOC 4106mW/4106mW
08-04-2026 11:15:07 RAM 3701/7620MB (lfb 3x1MB) SWAP 2447/12002MB (cached 118MB) CPU [20%@1728,45%@1728,10%@1728,41%@1728,0%@1728,9%@1728] GR3D_FREQ 68% cpu@72.312C soc2@70.718C soc0@71.312C gpu@73.75C tj@73.75C soc1@71.75C VDD_IN 18536mW/18642mW VDD_CPU_GPU_CV 8761mW/8795mW VDD_SOC 4106mW/4106mW
08-04-2026 11:15:07 RAM 3701/7620MB (lfb 3x1MB) SWAP 2447/12002MB (cached 118MB) CPU [9%@1728,60%@1728,9%@1728,0%@1728,0%@1728,0%@1728] GR3D_FREQ 64% cpu@72.156C soc2@70.781C soc0@71.281C gpu@73.687C tj@73.687C soc1@71.875C VDD_IN 18576mW/18641mW VDD_CPU_GPU_CV 8721mW/8794mW VDD_SOC 4106mW/4106mW
08-04-2026 11:15:07 RAM 3701/7620MB (lfb 3x1MB) SWAP 2447/12002MB (cached 118MB) CPU [10%@1728,60%@1728,0%@1728,9%@1728,0%@1728,0%@1728] GR3D_FREQ 66% cpu@72.093C soc2@70.843C soc0@71.406C gpu@73.656C tj@73.656C soc1@71.687C VDD_IN 18576mW/18641mW VDD_CPU_GPU_CV 8761mW/8794mW VDD_SOC 4106mW/4106mW
08-04-2026 11:15:07 RAM 3701/7620MB (lfb 3x1MB) SWAP 2447/12002MB (cached 118MB) CPU [23%@1728,58%@1728,9%@1728,27%@1728,0%@1728,0%@1728] GR3D_FREQ 66% cpu@72.375C soc2@70.75C soc0@71.25C gpu@73.625C tj@73.625C soc1@71.75C VDD_IN 18617mW/18641mW VDD_CPU_GPU_CV 8761mW/8794mW VDD_SOC 4106mW/4106mW
08-04-2026 11:15:07 RAM 3701/7620MB (lfb 3x1MB) SWAP 2447/12002MB (cached 118MB) CPU [16%@1728,9%@1728,55%@1728,9%@1728,0%@1728,0%@1728] GR3D_FREQ 66% cpu@72.281C soc2@70.75C soc0@71.312C gpu@73.687C tj@73.687C soc1@71.812C VDD_IN 18536mW/18640mW VDD_CPU_GPU_CV 8721mW/8794mW VDD_SOC 4106mW/4106mW
08-04-2026 11:15:07 RAM 3701/7620MB (lfb 3x1MB) SWAP 2447/12002MB (cached 118MB) CPU [0%@1728,0%@1728,45%@1728,11%@1728,0%@1728,0%@1728] GR3D_FREQ 66% cpu@72.281C soc2@70.687C soc0@71.375C gpu@73.625C tj@73.625C soc1@71.875C VDD_IN 18576mW/18640mW VDD_CPU_GPU_CV 8681mW/8793mW VDD_SOC 4106mW/4106mW
08-04-2026 11:15:07 RAM 3701/7620MB (lfb 3x1MB) SWAP 2447/12002MB (cached 118MB) CPU [0%@1728,0%@1728,63%@1728,9%@1728,0%@1728,0%@1728] GR3D_FREQ 64% cpu@72.343C soc2@70.781C soc0@71.343C gpu@73.781C tj@73.781C soc1@71.906C VDD_IN 18576mW/18640mW VDD_CPU_GPU_CV 8721mW/8793mW VDD_SOC 4106mW/4106mW
08-04-2026 11:15:07 RAM 3701/7620MB (lfb 3x1MB) SWAP 2447/12002MB (cached 118MB) CPU [10%@1728,0%@1728,50%@1728,0%@1728,0%@1728,0%@1728] GR3D_FREQ 65% cpu@72.125C soc2@70.906C soc0@71.281C gpu@73.75C tj@73.75C soc1@71.625C VDD_IN 18576mW/18639mW VDD_CPU_GPU_CV 8721mW/8792mW VDD_SOC 4106mW/4106mW
08-04-2026 11:15:07 RAM 3701/7620MB (lfb 3x1MB) SWAP 2447/12002MB (cached 118MB) CPU [33%@1728,9%@1728,0%@1728,50%@1728,0%@1728,0%@1728] GR3D_FREQ 69% cpu@72.062C soc2@70.687C soc0@71.281C gpu@74.156C tj@74.156C soc1@71.781C VDD_IN 18536mW/18639mW VDD_CPU_GPU_CV 8761mW/8792mW VDD_SOC 4106mW/4106mW
08-04-2026 11:15:08 RAM 3701/7620MB (lfb 3x1MB) SWAP 2447/12002MB (cached 118MB) CPU [10%@1728,27%@1728,16%@1728,40%@1728,0%@1728,0%@1728] GR3D_FREQ 64% cpu@72.218C soc2@70.718C soc0@71.343C gpu@73.906C tj@73.906C soc1@71.875C VDD_IN 18536mW/18638mW VDD_CPU_GPU_CV 8747mW/8792mW VDD_SOC 4106mW/4106mW
08-04-2026 11:15:08 RAM 3701/7620MB (lfb 3x1MB) SWAP 2447/12002MB (cached 118MB) CPU [10%@1728,40%@1728,18%@1728,36%@1728,0%@1728,0%@1728] GR3D_FREQ 68% cpu@72.437C soc2@70.812C soc0@71.343C gpu@73.781C tj@73.781C soc1@71.625C VDD_IN 18536mW/18638mW VDD_CPU_GPU_CV 8747mW/8792mW VDD_SOC 4106mW/4106mW
08-04-2026 11:15:08 RAM 3701/7620MB (lfb 3x1MB) SWAP 2447/12002MB (cached 118MB) CPU [10%@1728,45%@1728,9%@1728,20%@1728,0%@1728,8%@1728] GR3D_FREQ 65% cpu@72.125C soc2@70.687C soc0@71.218C gpu@74C tj@74C soc1@71.718C VDD_IN 18536mW/18638mW VDD_CPU_GPU_CV 8761mW/8792mW VDD_SOC 4106mW/4106mW
08-04-2026 11:15:08 RAM 3701/7620MB (lfb 3x1MB) SWAP 2447/12002MB (cached 118MB) CPU [18%@1728,27%@1728,0%@1728,45%@1728,0%@1728,0%@1728] GR3D_FREQ 65% cpu@71.875C soc2@70.625C soc0@71.25C gpu@73.906C tj@73.906C soc1@71.781C VDD_IN 18576mW/18637mW VDD_CPU_GPU_CV 8721mW/8791mW VDD_SOC 4106mW/4106mW
08-04-2026 11:15:08 RAM 3699/7620MB (lfb 3x1MB) SWAP 2447/12002MB (cached 118MB) CPU [20%@1728,50%@1728,20%@1728,30%@1728,0%@1728,20%@1728] GR3D_FREQ 64% cpu@72.312C soc2@70.656C soc0@71.312C gpu@73.625C tj@73.625C soc1@71.937C VDD_IN 18495mW/18637mW VDD_CPU_GPU_CV 8721mW/8791mW VDD_SOC 4106mW/4106mW
08-04-2026 11:15:08 RAM 3699/7620MB (lfb 3x1MB) SWAP 2447/12002MB (cached 118MB) CPU [0%@1728,10%@1728,55%@1728,10%@1728,0%@1728,0%@1728] GR3D_FREQ 69% cpu@72.5C soc2@70.875C soc0@71.187C gpu@73.625C tj@73.625C soc1@71.718C VDD_IN 18525mW/18636mW VDD_CPU_GPU_CV 8681mW/8791mW VDD_SOC 4106mW/4106mW
08-04-2026 11:15:08 RAM 3699/7620MB (lfb 3x1MB) SWAP 2447/12002MB (cached 118MB) CPU [0%@1728,0%@1728,41%@1728,20%@1728,0%@1728,0%@1728] GR3D_FREQ 65% cpu@72.468C soc2@70.687C soc0@71.187C gpu@73.875C tj@73.875C soc1@71.656C VDD_IN 18495mW/18636mW VDD_CPU_GPU_CV 8707mW/8790mW VDD_SOC 4106mW/4106mW
08-04-2026 11:15:08 RAM 3699/7620MB (lfb 3x1MB) SWAP 2447/12002MB (cached 118MB) CPU [9%@1728,22%@1728,0%@1728,27%@1728,0%@1728,0%@1728] GR3D_FREQ 66% cpu@72C soc2@70.656C soc0@71.25C gpu@73.812C tj@73.812C soc1@71.656C VDD_IN 18536mW/18635mW VDD_CPU_GPU_CV 8707mW/8790mW VDD_SOC 4106mW/4106mW
08-04-2026 11:15:08 RAM 3699/7620MB (lfb 3x1MB) SWAP 2447/12002MB (cached 118MB) CPU [9%@1728,33%@1728,0%@1728,50%@1728,0%@1728,0%@1728] GR3D_FREQ 64% cpu@72.156C soc2@70.718C soc0@71.281C gpu@73.656C tj@73.656C soc1@71.812C VDD_IN 18536mW/18635mW VDD_CPU_GPU_CV 8747mW/8790mW VDD_SOC 4106mW/4106mW
08-04-2026 11:15:08 RAM 3699/7620MB (lfb 3x1MB) SWAP 2447/12002MB (cached 118MB) CPU [0%@1728,9%@1728,0%@1728,55%@1728,0%@1728,0%@1728] GR3D_FREQ 66% cpu@72.218C soc2@70.75C soc0@71.406C gpu@73.531C tj@73.531C soc1@71.625C VDD_IN 18576mW/18634mW VDD_CPU_GPU_CV 8761mW/8790mW VDD_SOC 4106mW/4106mW
08-04-2026 11:15:09 RAM 3699/7620MB (lfb 3x1MB) SWAP 2447/12002MB (cached 118MB) CPU [42%@1728,18%@1728,10%@1728,63%@1728,0%@1728,0%@1728] GR3D_FREQ 69% cpu@72.375C soc2@70.656C soc0@71.125C gpu@73.687C tj@73.687C soc1@71.625C VDD_IN 18536mW/18634mW VDD_CPU_GPU_CV 8747mW/8789mW VDD_SOC 4106mW/4106mW
08-04-2026 11:15:09 RAM 3699/7620MB (lfb 3x1MB) SWAP 2447/12002MB (cached 118MB) CPU [10%@1728,10%@1728,0%@1728,50%@1728,0%@1728,0%@1728] GR3D_FREQ 65% cpu@72C soc2@70.593C soc0@71.156C gpu@73.625C tj@73.625C soc1@71.625C VDD_IN 18576mW/18634mW VDD_CPU_GPU_CV 8747mW/8789mW VDD_SOC 4106mW/4106mW
08-04-2026 11:15:09 RAM 3699/7620MB (lfb 3x1MB) SWAP 2447/12002MB (cached 118MB) CPU [0%@1728,0%@1728,8%@1728,60%@1728,0%@1728,0%@1728] GR3D_FREQ 67% cpu@72.093C soc2@70.562C soc0@71.312C gpu@73.531C tj@73.531C soc1@71.781C VDD_IN 18576mW/18633mW VDD_CPU_GPU_CV 8721mW/8789mW VDD_SOC 4106mW/4106mW
08-04-2026 11:15:09 RAM 3699/7620MB (lfb 3x1MB) SWAP 2447/12002MB (cached 118MB) CPU [18%@1728,0%@1728,0%@1728,58%@1728,0%@1728,9%@1728] GR3D_FREQ 66% cpu@72.281C soc2@70.718C soc0@71.093C gpu@74C tj@74C soc1@71.593C VDD_IN 18606mW/18633mW VDD_CPU_GPU_CV 8721mW/8789mW VDD_SOC 4106mW/4106mW
08-04-2026 11:15:09 RAM 3699/7620MB (lfb 3x1MB) SWAP 2447/12002MB (cached 118MB) CPU [20%@1728,0%@1728,0%@1728,45%@1728,0%@1728,0%@1728] GR3D_FREQ 67% cpu@72.25C soc2@70.625C soc0@71.093C gpu@73.531C tj@73.531C soc1@71.656C VDD_IN 18495mW/18633mW VDD_CPU_GPU_CV 8721mW/8788mW VDD_SOC 4106mW/4106mW
08-04-2026 11:15:09 RAM 3699/7620MB (lfb 3x1MB) SWAP 2447/12002MB (cached 118MB) CPU [45%@1728,30%@1728,0%@1728,0%@1728,0%@1728,0%@1728] GR3D_FREQ 67% cpu@71.937C soc2@70.593C soc0@71.125C gpu@73.531C tj@73.531C soc1@71.656C VDD_IN 18495mW/18632mW VDD_CPU_GPU_CV 8721mW/8788mW VDD_SOC 4106mW/4106mW
08-04-2026 11:15:09 RAM 3699/7620MB (lfb 3x1MB) SWAP 2447/12002MB (cached 118MB) CPU [9%@1728,54%@1728,0%@1728,0%@1728,0%@1728,0%@1728] GR3D_FREQ 69% cpu@71.906C soc2@70.687C soc0@71.281C gpu@74C tj@74C soc1@71.781C VDD_IN 18536mW/18632mW VDD_CPU_GPU_CV 8721mW/8788mW VDD_SOC 4106mW/4106mW
08-04-2026 11:15:09 RAM 3699/7620MB (lfb 3x1MB) SWAP 2447/12002MB (cached 118MB) CPU [0%@1728,55%@1728,9%@1728,9%@1728,0%@1728,9%@1728] GR3D_FREQ 69% cpu@72.062C soc2@70.718C soc0@71.125C gpu@73.812C tj@73.812C soc1@71.562C VDD_IN 18576mW/18632mW VDD_CPU_GPU_CV 8721mW/8787mW VDD_SOC 4106mW/4106mW
08-04-2026 11:15:09 RAM 3699/7620MB (lfb 3x1MB) SWAP 2447/12002MB (cached 118MB) CPU [9%@1728,63%@1728,0%@1728,9%@1728,0%@1728,0%@1728] GR3D_FREQ 70% cpu@72C soc2@70.5C soc0@71.125C gpu@73.5C tj@73.5C soc1@71.531C VDD_IN 18576mW/18631mW VDD_CPU_GPU_CV 8761mW/8787mW VDD_SOC 4106mW/4106mW
08-04-2026 11:15:10 RAM 3699/7620MB (lfb 3x1MB) SWAP 2447/12002MB (cached 118MB) CPU [25%@1728,54%@1728,10%@1728,0%@1728,0%@1728,0%@1728] GR3D_FREQ 62% cpu@72.218C soc2@70.656C soc0@71.25C gpu@73.875C tj@73.875C soc1@71.687C VDD_IN 18617mW/18631mW VDD_CPU_GPU_CV 8747mW/8787mW VDD_SOC 4106mW/4106mW
08-04-2026 11:15:10 RAM 3699/7620MB (lfb 3x1MB) SWAP 2447/12002MB (cached 118MB) CPU [10%@1728,55%@1728,18%@1728,18%@1728,8%@1728,0%@1728] GR3D_FREQ 68% cpu@72C soc2@70.625C soc0@71.343C gpu@73.718C tj@73.718C soc1@71.843C VDD_IN 18617mW/18631mW VDD_CPU_GPU_CV 8761mW/8787mW VDD_SOC 4106mW/4106mW
08-04-2026 11:15:10 RAM 3699/7620MB (lfb 3x1MB) SWAP 2447/12002MB (cached 118MB) CPU [0%@1728,45%@1728,25%@1728,0%@1728,0%@1728,8%@1728] GR3D_FREQ 64% cpu@72.156C soc2@70.812C soc0@71.125C gpu@73.656C tj@73.656C soc1@71.531C VDD_IN 18617mW/18631mW VDD_CPU_GPU_CV 8747mW/8787mW VDD_SOC 4106mW/4106mW
08-04-2026 11:15:10 RAM 3699/7620MB (lfb 3x1MB) SWAP 2447/12002MB (cached 118MB) CPU [0%@1728,50%@1728,10%@1728,0%@1728,0%@1728,0%@1728] GR3D_FREQ 66% cpu@71.968C soc2@70.531C soc0@71.125C gpu@73.906C tj@73.906C soc1@71.687C VDD_IN 18617mW/18631mW VDD_CPU_GPU_CV 8761mW/8787mW VDD_SOC 4106mW/4106mW
08-04-2026 11:15:10 RAM 3699/7620MB (lfb 3x1MB) SWAP 2447/12002MB (cached 118MB) CPU [40%@1728,25%@1728,10%@1728,25%@1728,0%@1728,0%@1728] GR3D_FREQ 64% cpu@71.937C soc2@70.593C soc0@71.156C gpu@73.718C tj@73.718C soc1@71.781C VDD_IN 18536mW/18631mW VDD_CPU_GPU_CV 8681mW/8786mW VDD_SOC 4106mW/4106mW
08-04-2026 11:15:10 RAM 3699/7620MB (lfb 3x1MB) SWAP 2447/12002MB (cached 118MB) CPU [10%@1728,9%@1728,0%@1728,58%@1728,0%@1728,9%@1728] GR3D_FREQ 66% cpu@72.093C soc2@70.687C soc0@71.218C gpu@73.656C tj@73.656C soc1@71.656C VDD_IN 18576mW/18630mW VDD_CPU_GPU_CV 8721mW/8786mW VDD_SOC 4106mW/4106mW
08-04-2026 11:15:10 RAM 3699/7620MB (lfb 3x1MB) SWAP 2447/12002MB (cached 118MB) CPU [16%@1728,10%@1728,41%@1728,20%@1728,0%@1728,0%@1728] GR3D_FREQ 64% cpu@72.281C soc2@70.718C soc0@71.031C gpu@73.531C tj@73.531C soc1@71.593C VDD_IN 18576mW/18630mW VDD_CPU_GPU_CV 8721mW/8786mW VDD_SOC 4106mW/4106mW
08-04-2026 11:15:10 RAM 3699/7620MB (lfb 3x1MB) SWAP 2447/12002MB (cached 118MB) CPU [9%@1728,9%@1728,36%@1728,33%@1728,0%@1728,0%@1728] GR3D_FREQ 67% cpu@72.156C soc2@70.562C soc0@71.187C gpu@73.75C tj@73.75C soc1@71.656C VDD_IN 18617mW/18630mW VDD_CPU_GPU_CV 8761mW/8786mW VDD_SOC 4106mW/4106mW
08-04-2026 11:15:10 RAM 3699/7620MB (lfb 3x1MB) SWAP 2447/12002MB (cached 118MB) CPU [20%@1728,0%@1728,36%@1728,9%@1728,0%@1728,0%@1728] GR3D_FREQ 66% cpu@72.031C soc2@70.687C soc0@71.187C gpu@73.687C tj@73.687C soc1@71.656C VDD_IN 18617mW/18630mW VDD_CPU_GPU_CV 8802mW/8786mW VDD_SOC 4106mW/4106mW
08-04-2026 11:15:11 RAM 3699/7620MB (lfb 3x1MB) SWAP 2447/12002MB (cached 118MB) CPU [18%@1728,0%@1728,44%@1728,0%@1728,16%@1728,0%@1728] GR3D_FREQ 66% cpu@72.031C soc2@70.781C soc0@71.312C gpu@73.562C tj@73.562C soc1@71.812C VDD_IN 18617mW/18630mW VDD_CPU_GPU_CV 8721mW/8786mW VDD_SOC 4106mW/4106mW
08-04-2026 11:15:11 RAM 3699/7620MB (lfb 3x1MB) SWAP 2447/12002MB (cached 118MB) CPU [36%@1728,25%@1728,50%@1728,18%@1728,0%@1728,0%@1728] GR3D_FREQ 64% cpu@72.062C soc2@70.718C soc0@71.062C gpu@73.468C tj@73.468C soc1@71.593C VDD_IN 18536mW/18630mW VDD_CPU_GPU_CV 8707mW/8785mW VDD_SOC 4106mW/4106mW
08-04-2026 11:15:11 RAM 3699/7620MB (lfb 3x1MB) SWAP 2447/12002MB (cached 118MB) CPU [0%@1728,10%@1728,25%@1728,40%@1728,0%@1728,0%@1728] GR3D_FREQ 66% cpu@72C soc2@70.593C soc0@71.156C gpu@73.625C tj@73.625C soc1@71.656C VDD_IN 18576mW/18629mW VDD_CPU_GPU_CV 8747mW/8785mW VDD_SOC 4106mW/4106mW
08-04-2026 11:15:11 RAM 3699/7620MB (lfb 3x1MB) SWAP 2447/12002MB (cached 118MB) CPU [70%@1728,0%@1728,30%@1728,27%@1728,0%@1728,0%@1728] GR3D_FREQ 66% cpu@72.187C soc2@70.687C soc0@71.281C gpu@73.5C tj@73.5C soc1@71.625C VDD_IN 18576mW/18629mW VDD_CPU_GPU_CV 8747mW/8785mW VDD_SOC 4106mW/4106mW
08-04-2026 11:15:11 RAM 3699/7620MB (lfb 3x1MB) SWAP 2447/12002MB (cached 118MB) CPU [18%@1728,9%@1728,54%@1728,0%@1728,0%@1728,0%@1728] GR3D_FREQ 67% cpu@72.25C soc2@70.687C soc0@71.312C gpu@73.375C tj@73.375C soc1@71.781C VDD_IN 18576mW/18629mW VDD_CPU_GPU_CV 8707mW/8785mW VDD_SOC 4106mW/4106mW
08-04-2026 11:15:11 RAM 3699/7620MB (lfb 3x1MB) SWAP 2447/12002MB (cached 118MB) CPU [10%@1728,16%@1728,60%@1728,9%@1728,0%@1728,0%@1728] GR3D_FREQ 68% cpu@72.437C soc2@70.718C soc0@71.375C gpu@73.593C tj@73.593C soc1@71.562C VDD_IN 18576mW/18629mW VDD_CPU_GPU_CV 8707mW/8784mW VDD_SOC 4106mW/4106mW
08-04-2026 11:15:11 RAM 3699/7620MB (lfb 3x1MB) SWAP 2447/12002MB (cached 118MB) CPU [0%@1728,0%@1728,58%@1728,0%@1728,9%@1728,0%@1728] GR3D_FREQ 68% cpu@72.187C soc2@70.593C soc0@71.218C gpu@73.5C tj@73.5C soc1@71.687C VDD_IN 18576mW/18629mW VDD_CPU_GPU_CV 8761mW/8784mW VDD_SOC 4106mW/4106mW
08-04-2026 11:15:11 RAM 3703/7620MB (lfb 3x1MB) SWAP 2447/12002MB (cached 118MB) CPU [16%@1728,0%@1728,33%@1728,33%@1728,20%@1728,0%@1728] GR3D_FREQ 63% cpu@72.093C soc2@70.687C soc0@71.281C gpu@73.531C tj@73.531C soc1@71.812C VDD_IN 18576mW/18628mW VDD_CPU_GPU_CV 8802mW/8784mW VDD_SOC 4106mW/4106mW
08-04-2026 11:15:11 RAM 3702/7620MB (lfb 3x1MB) SWAP 2447/12002MB (cached 118MB) CPU [0%@1728,0%@1728,10%@1728,50%@1728,16%@1728,0%@1728] GR3D_FREQ 67% cpu@72.25C soc2@70.656C soc0@71.25C gpu@73.906C tj@73.906C soc1@71.812C VDD_IN 18617mW/18628mW VDD_CPU_GPU_CV 8802mW/8784mW VDD_SOC 4106mW/4106mW
08-04-2026 11:15:11 RAM 3702/7620MB (lfb 3x1MB) SWAP 2447/12002MB (cached 118MB) CPU [0%@1728,9%@1728,9%@1728,50%@1728,0%@1728,0%@1728] GR3D_FREQ 66% cpu@72.343C soc2@70.781C soc0@71.125C gpu@73.593C tj@73.593C soc1@71.656C VDD_IN 18617mW/18628mW VDD_CPU_GPU_CV 8747mW/8784mW VDD_SOC 4106mW/4106mW
08-04-2026 11:15:12 RAM 3702/7620MB (lfb 3x1MB) SWAP 2447/12002MB (cached 118MB) CPU [18%@1728,10%@1728,0%@1728,60%@1728,0%@1728,0%@1728] GR3D_FREQ 66% cpu@72C soc2@70.687C soc0@71.187C gpu@73.968C tj@73.968C soc1@71.656C VDD_IN 18617mW/18628mW VDD_CPU_GPU_CV 8747mW/8784mW VDD_SOC 4106mW/4106mW
08-04-2026 11:15:12 RAM 3702/7620MB (lfb 3x1MB) SWAP 2447/12002MB (cached 118MB) CPU [18%@1728,10%@1728,50%@1728,18%@1728,0%@1728,0%@1728] GR3D_FREQ 66% cpu@72.218C soc2@70.687C soc0@71.25C gpu@73.875C tj@73.875C soc1@71.781C VDD_IN 18617mW/18628mW VDD_CPU_GPU_CV 8747mW/8784mW VDD_SOC 4106mW/4106mW
08-04-2026 11:15:12 RAM 3702/7620MB (lfb 3x1MB) SWAP 2447/12002MB (cached 118MB) CPU [0%@1728,0%@1728,54%@1728,9%@1728,0%@1728,0%@1728] GR3D_FREQ 67% cpu@72.343C soc2@70.718C soc0@71.343C gpu@73.781C tj@73.781C soc1@71.937C VDD_IN 18617mW/18628mW VDD_CPU_GPU_CV 8761mW/8784mW VDD_SOC 4106mW/4106mW
08-04-2026 11:15:12 RAM 3702/7620MB (lfb 3x1MB) SWAP 2447/12002MB (cached 118MB) CPU [10%@1728,18%@1728,60%@1728,0%@1728,0%@1728,0%@1728] GR3D_FREQ 69% cpu@72.531C soc2@70.718C soc0@71.156C gpu@74.093C tj@74.093C soc1@71.687C VDD_IN 18657mW/18628mW VDD_CPU_GPU_CV 8761mW/8784mW VDD_SOC 4106mW/4106mW
08-04-2026 11:15:12 RAM 3702/7620MB (lfb 3x1MB) SWAP 2447/12002MB (cached 118MB) CPU [27%@1728,0%@1728,27%@1728,30%@1728,9%@1728,9%@1728] GR3D_FREQ 70% cpu@72.125C soc2@70.687C soc0@71.25C gpu@73.906C tj@73.906C soc1@71.687C VDD_IN 18576mW/18628mW VDD_CPU_GPU_CV 8761mW/8784mW VDD_SOC 4106mW/4106mW
08-04-2026 11:15:12 RAM 3702/7620MB (lfb 3x1MB) SWAP 2447/12002MB (cached 118MB) CPU [0%@1728,9%@1728,0%@1728,40%@1728,0%@1728,9%@1728] GR3D_FREQ 65% cpu@71.843C soc2@70.625C soc0@71.25C gpu@73.687C tj@73.687C soc1@71.75C VDD_IN 18576mW/18628mW VDD_CPU_GPU_CV 8761mW/8784mW VDD_SOC 4106mW/4106mW
08-04-2026 11:15:12 RAM 3702/7620MB (lfb 3x1MB) SWAP 2447/12002MB (cached 118MB) CPU [0%@1728,9%@1728,0%@1728,0%@1728,9%@1728,63%@1728] GR3D_FREQ 69% cpu@71.968C soc2@70.625C soc0@71.281C gpu@74C tj@74C soc1@71.812C VDD_IN 18576mW/18628mW VDD_CPU_GPU_CV 8761mW/8784mW VDD_SOC 4106mW/4106mW
08-04-2026 11:15:12 RAM 3702/7620MB (lfb 3x1MB) SWAP 2447/12002MB (cached 118MB) CPU [9%@1728,0%@1728,0%@1728,0%@1728,0%@1728,50%@1728] GR3D_FREQ 69% cpu@72C soc2@70.781C soc0@71.25C gpu@73.843C tj@73.843C soc1@71.687C VDD_IN 18617mW/18628mW VDD_CPU_GPU_CV 8761mW/8783mW VDD_SOC 4106mW/4106mW
08-04-2026 11:15:12 RAM 3702/7620MB (lfb 3x1MB) SWAP 2447/12002MB (cached 118MB) CPU [0%@1728,0%@1728,9%@1728,8%@1728,50%@1728,10%@1728] GR3D_FREQ 68% cpu@72.25C soc2@70.593C soc0@71.281C gpu@73.812C tj@73.812C soc1@71.718C VDD_IN 18657mW/18628mW VDD_CPU_GPU_CV 8802mW/8783mW VDD_SOC 4106mW/4106mW
08-04-2026 11:15:13 RAM 3702/7620MB (lfb 3x1MB) SWAP 2447/12002MB (cached 118MB) CPU [0%@1728,9%@1728,0%@1728,0%@1728,50%@1728,0%@1728] GR3D_FREQ 68% cpu@71.812C soc2@70.75C soc0@71.343C gpu@73.718C tj@73.718C soc1@71.718C VDD_IN 18657mW/18628mW VDD_CPU_GPU_CV 8802mW/8784mW VDD_SOC 4106mW/4106mW
08-04-2026 11:15:13 RAM 3703/7620MB (lfb 3x1MB) SWAP 2447/12002MB (cached 118MB) CPU [18%@1728,18%@1728,25%@1728,20%@1728,60%@1728,9%@1728] GR3D_FREQ 66% cpu@72.156C soc2@70.781C soc0@71.343C gpu@73.937C tj@73.937C soc1@71.875C VDD_IN 18657mW/18628mW VDD_CPU_GPU_CV 8802mW/8784mW VDD_SOC 4106mW/4106mW
08-04-2026 11:15:13 RAM 3703/7620MB (lfb 3x1MB) SWAP 2447/12002MB (cached 118MB) CPU [0%@1728,0%@1728,0%@1728,0%@1728,54%@1728,0%@1728] GR3D_FREQ 66% cpu@72.031C soc2@70.75C soc0@71.437C gpu@73.781C tj@73.781C soc1@71.687C VDD_IN 18617mW/18628mW VDD_CPU_GPU_CV 8788mW/8784mW VDD_SOC 4106mW/4106mW
08-04-2026 11:15:13 RAM 3703/7620MB (lfb 3x1MB) SWAP 2447/12002MB (cached 118MB) CPU [0%@1728,9%@1728,0%@1728,0%@1728,60%@1728,0%@1728] GR3D_FREQ 70% cpu@72.156C soc2@70.718C soc0@71.281C gpu@73.718C tj@73.718C soc1@71.718C VDD_IN 18657mW/18628mW VDD_CPU_GPU_CV 8842mW/8784mW VDD_SOC 4106mW/4106mW
08-04-2026 11:15:13 RAM 3703/7620MB (lfb 3x1MB) SWAP 2447/12002MB (cached 118MB) CPU [10%@1728,0%@1728,9%@1728,0%@1728,50%@1728,9%@1728] GR3D_FREQ 66% cpu@71.906C soc2@70.687C soc0@71.343C gpu@73.875C tj@73.875C soc1@71.843C VDD_IN 18657mW/18628mW VDD_CPU_GPU_CV 8788mW/8784mW VDD_SOC 4106mW/4106mW
08-04-2026 11:15:13 RAM 3703/7620MB (lfb 3x1MB) SWAP 2447/12002MB (cached 118MB) CPU [18%@1728,25%@1728,20%@1728,16%@1728,30%@1728,20%@1728] GR3D_FREQ 65% cpu@72C soc2@70.687C soc0@71.437C gpu@73.718C tj@73.718C soc1@71.843C VDD_IN 18617mW/18628mW VDD_CPU_GPU_CV 8788mW/8784mW VDD_SOC 4106mW/4106mW
08-04-2026 11:15:13 RAM 3703/7620MB (lfb 3x1MB) SWAP 2447/12002MB (cached 118MB) CPU [0%@1728,9%@1728,0%@1728,9%@1728,0%@1728,60%@1728] GR3D_FREQ 72% cpu@72.062C soc2@70.875C soc0@71.218C gpu@73.75C tj@73.75C soc1@71.718C VDD_IN 18617mW/18628mW VDD_CPU_GPU_CV 8788mW/8784mW VDD_SOC 4106mW/4106mW
08-04-2026 11:15:13 RAM 3703/7620MB (lfb 3x1MB) SWAP 2447/12002MB (cached 118MB) CPU [9%@1728,0%@1728,0%@1728,0%@1728,0%@1728,50%@1728] GR3D_FREQ 68% cpu@72.125C soc2@70.625C soc0@71.281C gpu@73.656C tj@73.656C soc1@71.812C VDD_IN 18697mW/18628mW VDD_CPU_GPU_CV 8788mW/8784mW VDD_SOC 4106mW/4106mW
08-04-2026 11:15:13 RAM 3703/7620MB (lfb 3x1MB) SWAP 2447/12002MB (cached 118MB) CPU [0%@1728,0%@1728,0%@1728,0%@1728,22%@1728,30%@1728] GR3D_FREQ 69% cpu@71.968C soc2@70.625C soc0@71.25C gpu@73.812C tj@73.812C soc1@71.843C VDD_IN 18657mW/18628mW VDD_CPU_GPU_CV 8788mW/8784mW VDD_SOC 4106mW/4106mW
08-04-2026 11:15:13 RAM 3703/7620MB (lfb 3x1MB) SWAP 2447/12002MB (cached 118MB) CPU [0%@1728,9%@1728,16%@1728,18%@1728,54%@1728,0%@1728] GR3D_FREQ 65% cpu@72C soc2@70.656C soc0@71.343C gpu@73.718C tj@73.718C soc1@71.906C VDD_IN 18697mW/18629mW VDD_CPU_GPU_CV 8828mW/8784mW VDD_SOC 4106mW/4106mW
08-04-2026 11:15:14 RAM 3703/7620MB (lfb 3x1MB) SWAP 2447/12002MB (cached 118MB) CPU [9%@1728,0%@1728,0%@1728,20%@1728,60%@1728,0%@1728] GR3D_FREQ 63% cpu@72.25C soc2@70.843C soc0@71.218C gpu@73.656C tj@73.656C soc1@71.718C VDD_IN 18738mW/18629mW VDD_CPU_GPU_CV 8828mW/8784mW VDD_SOC 4106mW/4106mW
08-04-2026 11:15:14 RAM 3703/7620MB (lfb 3x1MB) SWAP 2447/12002MB (cached 118MB) CPU [9%@1728,25%@1728,10%@1728,9%@1728,54%@1728,0%@1728] GR3D_FREQ 69% cpu@72.156C soc2@70.625C soc0@71.25C gpu@74.093C tj@74.093C soc1@71.718C VDD_IN 18697mW/18629mW VDD_CPU_GPU_CV 8828mW/8784mW VDD_SOC 4106mW/4106mW
08-04-2026 11:15:14 RAM 3703/7620MB (lfb 3x1MB) SWAP 2447/12002MB (cached 118MB) CPU [9%@1728,0%@1728,16%@1728,9%@1728,63%@1728,0%@1728] GR3D_FREQ 66% cpu@72C soc2@70.843C soc0@71.343C gpu@73.781C tj@73.781C soc1@71.812C VDD_IN 18738mW/18630mW VDD_CPU_GPU_CV 8828mW/8785mW VDD_SOC 4106mW/4106mW
08-04-2026 11:15:14 RAM 3703/7620MB (lfb 3x1MB) SWAP 2447/12002MB (cached 118MB) CPU [0%@1728,0%@1728,0%@1728,0%@1728,54%@1728,0%@1728] GR3D_FREQ 67% cpu@71.968C soc2@70.781C soc0@71.25C gpu@73.687C tj@73.687C soc1@71.906C VDD_IN 18738mW/18630mW VDD_CPU_GPU_CV 8788mW/8785mW VDD_SOC 4106mW/4106mW
08-04-2026 11:15:14 RAM 3703/7620MB (lfb 3x1MB) SWAP 2447/12002MB (cached 118MB) CPU [10%@1728,9%@1728,16%@1728,0%@1728,55%@1728,0%@1728] GR3D_FREQ 68% cpu@72.093C soc2@70.843C soc0@71.468C gpu@74C tj@74C soc1@71.75C VDD_IN 18686mW/18630mW VDD_CPU_GPU_CV 8747mW/8784mW VDD_SOC 4106mW/4106mW
08-04-2026 11:15:14 RAM 3703/7620MB (lfb 3x1MB) SWAP 2447/12002MB (cached 118MB) CPU [0%@1728,0%@1728,9%@1728,0%@1728,50%@1728,0%@1728] GR3D_FREQ 69% cpu@72C soc2@70.781C soc0@71.25C gpu@73.937C tj@73.937C soc1@71.781C VDD_IN 18697mW/18631mW VDD_CPU_GPU_CV 8788mW/8784mW VDD_SOC 4106mW/4106mW
08-04-2026 11:15:14 RAM 3703/7620MB (lfb 3x1MB) SWAP 2447/12002MB (cached 118MB) CPU [16%@1728,0%@1728,0%@1728,0%@1728,33%@1728,18%@1728] GR3D_FREQ 69% cpu@71.968C soc2@70.781C soc0@71.343C gpu@73.593C tj@73.593C soc1@71.812C VDD_IN 18697mW/18631mW VDD_CPU_GPU_CV 8788mW/8784mW VDD_SOC 4106mW/4106mW
08-04-2026 11:15:14 RAM 3703/7620MB (lfb 3x1MB) SWAP 2447/12002MB (cached 118MB) CPU [0%@1728,8%@1728,0%@1728,0%@1728,0%@1728,60%@1728] GR3D_FREQ 67% cpu@71.937C soc2@70.781C soc0@71.375C gpu@74.093C tj@74.093C soc1@71.906C VDD_IN 18697mW/18631mW VDD_CPU_GPU_CV 8788mW/8784mW VDD_SOC 4106mW/4106mW
08-04-2026 11:15:14 RAM 3703/7620MB (lfb 3x1MB) SWAP 2447/12002MB (cached 118MB) CPU [8%@1728,0%@1728,0%@1728,16%@1728,0%@1728,54%@1728] GR3D_FREQ 67% cpu@72.031C soc2@70.843C soc0@71.406C gpu@73.875C tj@73.875C soc1@71.687C VDD_IN 18738mW/18631mW VDD_CPU_GPU_CV 8788mW/8784mW VDD_SOC 4106mW/4106mW
08-04-2026 11:15:15 RAM 3698/7620MB (lfb 3x1MB) SWAP 2447/12002MB (cached 118MB) CPU [10%@1728,0%@1728,10%@1728,9%@1728,18%@1728,63%@1728] GR3D_FREQ 70% cpu@71.937C soc2@70.687C soc0@71.281C gpu@73.625C tj@73.625C soc1@71.718C VDD_IN 18738mW/18632mW VDD_CPU_GPU_CV 8788mW/8785mW VDD_SOC 4106mW/4106mW
08-04-2026 11:15:15 RAM 3699/7620MB (lfb 3x1MB) SWAP 2447/12002MB (cached 118MB) CPU [10%@1728,27%@1728,18%@1728,18%@1728,0%@1728,63%@1728] GR3D_FREQ 66% cpu@71.937C soc2@70.718C soc0@71.312C gpu@74C tj@74C soc1@71.781C VDD_IN 18697mW/18632mW VDD_CPU_GPU_CV 8828mW/8785mW VDD_SOC 4106mW/4106mW
08-04-2026 11:15:15 RAM 3699/7620MB (lfb 3x1MB) SWAP 2447/12002MB (cached 118MB) CPU [0%@1728,9%@1728,0%@1728,0%@1728,0%@1728,58%@1728] GR3D_FREQ 66% cpu@71.812C soc2@70.687C soc0@71.375C gpu@73.843C tj@73.843C soc1@71.812C VDD_IN 18738mW/18632mW VDD_CPU_GPU_CV 8828mW/8785mW VDD_SOC 4106mW/4106mW
08-04-2026 11:15:15 RAM 3699/7620MB (lfb 3x1MB) SWAP 2447/12002MB (cached 118MB) CPU [0%@1728,0%@1728,0%@1728,0%@1728,0%@1728,54%@1728] GR3D_FREQ 70% cpu@71.937C soc2@70.812C soc0@71.156C gpu@73.75C tj@73.75C soc1@71.656C VDD_IN 18738mW/18633mW VDD_CPU_GPU_CV 8828mW/8785mW VDD_SOC 4106mW/4106mW
08-04-2026 11:15:15 RAM 3699/7620MB (lfb 3x1MB) SWAP 2447/12002MB (cached 118MB) CPU [0%@1728,0%@1728,18%@1728,0%@1728,60%@1728,0%@1728] GR3D_FREQ 70% cpu@72.218C soc2@70.718C soc0@71.312C gpu@73.937C tj@73.937C soc1@71.718C VDD_IN 18738mW/18633mW VDD_CPU_GPU_CV 8828mW/8785mW VDD_SOC 4106mW/4106mW
08-04-2026 11:15:15 RAM 3699/7620MB (lfb 3x1MB) SWAP 2447/12002MB (cached 118MB) CPU [0%@1728,9%@1728,9%@1728,9%@1728,58%@1728,0%@1728] GR3D_FREQ 67% cpu@71.937C soc2@70.718C soc0@71.25C gpu@73.781C tj@73.781C soc1@71.718C VDD_IN 18697mW/18633mW VDD_CPU_GPU_CV 8788mW/8785mW VDD_SOC 4106mW/4106mW
08-04-2026 11:15:15 RAM 3699/7620MB (lfb 3x1MB) SWAP 2447/12002MB (cached 118MB) CPU [28%@1728,0%@1728,0%@1728,0%@1728,55%@1728,0%@1728] GR3D_FREQ 68% cpu@71.812C soc2@70.75C soc0@71.343C gpu@73.75C tj@73.75C soc1@71.875C VDD_IN 18697mW/18634mW VDD_CPU_GPU_CV 8788mW/8785mW VDD_SOC 4106mW/4106mW
08-04-2026 11:15:15 RAM 3699/7620MB (lfb 3x1MB) SWAP 2447/12002MB (cached 118MB) CPU [0%@1728,0%@1728,9%@1728,0%@1728,50%@1728,8%@1728] GR3D_FREQ 68% cpu@72.281C soc2@70.718C soc0@71.437C gpu@73.687C tj@73.687C soc1@71.687C VDD_IN 18697mW/18634mW VDD_CPU_GPU_CV 8788mW/8785mW VDD_SOC 4106mW/4106mW
08-04-2026 11:15:15 RAM 3699/7620MB (lfb 3x1MB) SWAP 2447/12002MB (cached 118MB) CPU [9%@1728,0%@1728,9%@1728,9%@1728,60%@1728,0%@1728] GR3D_FREQ 68% cpu@71.875C soc2@70.687C soc0@71.25C gpu@73.812C tj@73.812C soc1@71.656C VDD_IN 18738mW/18634mW VDD_CPU_GPU_CV 8788mW/8785mW VDD_SOC 4106mW/4106mW
08-04-2026 11:15:15 RAM 3699/7620MB (lfb 3x1MB) SWAP 2447/12002MB (cached 118MB) CPU [0%@1728,0%@1728,9%@1728,0%@1728,54%@1728,0%@1728] GR3D_FREQ 63% cpu@71.906C soc2@70.687C soc0@71.25C gpu@73.75C tj@73.75C soc1@71.718C VDD_IN 18738mW/18634mW VDD_CPU_GPU_CV 8788mW/8785mW VDD_SOC 4106mW/4106mW
08-04-2026 11:15:16 RAM 3700/7620MB (lfb 3x1MB) SWAP 2447/12002MB (cached 118MB) CPU [10%@1728,0%@1728,10%@1728,0%@1728,54%@1728,0%@1728] GR3D_FREQ 68% cpu@72.031C soc2@70.718C soc0@71.343C gpu@73.687C tj@73.687C soc1@71.843C VDD_IN 18738mW/18635mW VDD_CPU_GPU_CV 8828mW/8785mW VDD_SOC 4106mW/4106mW
08-04-2026 11:15:16 RAM 3700/7620MB (lfb 3x1MB) SWAP 2447/12002MB (cached 118MB) CPU [16%@1728,9%@1728,10%@1728,10%@1728,60%@1728,0%@1728] GR3D_FREQ 69% cpu@72.187C soc2@70.843C soc0@71.281C gpu@73.593C tj@73.593C soc1@71.656C VDD_IN 18738mW/18635mW VDD_CPU_GPU_CV 8828mW/8785mW VDD_SOC 4106mW/4106mW
08-04-2026 11:15:16 RAM 3700/7620MB (lfb 3x1MB) SWAP 2447/12002MB (cached 118MB) CPU [0%@1728,0%@1728,0%@1728,9%@1728,54%@1728,0%@1728] GR3D_FREQ 65% cpu@71.968C soc2@70.687C soc0@71.218C gpu@73.75C tj@73.75C soc1@71.687C VDD_IN 18738mW/18636mW VDD_CPU_GPU_CV 8788mW/8785mW VDD_SOC 4106mW/4106mW
08-04-2026 11:15:16 RAM 3700/7620MB (lfb 3x1MB) SWAP 2447/12002MB (cached 118MB) CPU [0%@1728,0%@1728,9%@1728,0%@1728,60%@1728,0%@1728] GR3D_FREQ 70% cpu@71.875C soc2@70.718C soc0@71.312C gpu@73.687C tj@73.687C soc1@71.843C VDD_IN 18738mW/18636mW VDD_CPU_GPU_CV 8788mW/8785mW VDD_SOC 4106mW/4106mW
08-04-2026 11:15:16 RAM 3700/7620MB (lfb 3x1MB) SWAP 2447/12002MB (cached 118MB) CPU [18%@1728,10%@1728,0%@1728,10%@1728,50%@1728,0%@1728] GR3D_FREQ 69% cpu@72C soc2@70.687C soc0@71.375C gpu@74.093C tj@74.093C soc1@71.781C VDD_IN 18657mW/18636mW VDD_CPU_GPU_CV 8828mW/8786mW VDD_SOC 4106mW/4106mW
08-04-2026 11:15:16 RAM 3700/7620MB (lfb 3x1MB) SWAP 2447/12002MB (cached 118MB) CPU [9%@1728,0%@1728,0%@1728,0%@1728,60%@1728,0%@1728] GR3D_FREQ 68% cpu@72.218C soc2@70.843C soc0@71.25C gpu@73.656C tj@73.656C soc1@71.687C VDD_IN 18738mW/18636mW VDD_CPU_GPU_CV 8828mW/8786mW VDD_SOC 4106mW/4106mW
08-04-2026 11:15:16 RAM 3705/7620MB (lfb 3x1MB) SWAP 2447/12002MB (cached 118MB) CPU [10%@1728,0%@1728,10%@1728,0%@1728,54%@1728,10%@1728] GR3D_FREQ 65% cpu@71.843C soc2@70.718C soc0@71.25C gpu@73.5C tj@73.5C soc1@71.718C VDD_IN 18697mW/18636mW VDD_CPU_GPU_CV 8788mW/8786mW VDD_SOC 4106mW/4106mW
08-04-2026 11:15:16 RAM 3705/7620MB (lfb 3x1MB) SWAP 2447/12002MB (cached 118MB) CPU [0%@1728,9%@1728,9%@1728,0%@1728,63%@1728,0%@1728] GR3D_FREQ 68% cpu@71.812C soc2@70.687C soc0@71.343C gpu@74.093C tj@74.093C soc1@71.75C VDD_IN 18738mW/18637mW VDD_CPU_GPU_CV 8842mW/8786mW VDD_SOC 4106mW/4106mW
08-04-2026 11:15:16 RAM 3705/7620MB (lfb 3x1MB) SWAP 2447/12002MB (cached 118MB) CPU [0%@1728,0%@1728,9%@1728,0%@1728,54%@1728,0%@1728] GR3D_FREQ 69% cpu@72.062C soc2@70.843C soc0@71.406C gpu@74C tj@74C soc1@71.906C VDD_IN 18738mW/18637mW VDD_CPU_GPU_CV 8842mW/8786mW VDD_SOC 4106mW/4106mW
08-04-2026 11:15:17 RAM 3705/7620MB (lfb 3x1MB) SWAP 2447/12002MB (cached 118MB) CPU [0%@1728,0%@1728,9%@1728,9%@1728,40%@1728,10%@1728] GR3D_FREQ 67% cpu@72.062C soc2@70.75C soc0@71.5C gpu@73.625C tj@73.625C soc1@71.781C VDD_IN 18738mW/18637mW VDD_CPU_GPU_CV 8842mW/8786mW VDD_SOC 4106mW/4106mW
08-04-2026 11:15:17 RAM 3706/7620MB (lfb 3x1MB) SWAP 2447/12002MB (cached 118MB) CPU [27%@1728,18%@1728,10%@1728,20%@1728,0%@1728,60%@1728] GR3D_FREQ 65% cpu@72.281C soc2@70.718C soc0@71.312C gpu@74.031C tj@74.031C soc1@71.718C VDD_IN 18738mW/18638mW VDD_CPU_GPU_CV 8828mW/8786mW VDD_SOC 4106mW/4106mW
08-04-2026 11:15:17 RAM 3706/7620MB (lfb 3x1MB) SWAP 2447/12002MB (cached 118MB) CPU [0%@1728,0%@1728,0%@1728,0%@1728,0%@1728,54%@1728] GR3D_FREQ 69% cpu@71.812C soc2@70.75C soc0@71.281C gpu@74C tj@74C soc1@71.718C VDD_IN 18778mW/18638mW VDD_CPU_GPU_CV 8828mW/8787mW VDD_SOC 4106mW/4106mW
08-04-2026 11:15:17 RAM 3706/7620MB (lfb 3x1MB) SWAP 2447/12002MB (cached 118MB) CPU [0%@1728,0%@1728,0%@1728,0%@1728,0%@1728,55%@1728] GR3D_FREQ 65% cpu@71.968C soc2@70.75C soc0@71.375C gpu@73.781C tj@73.781C soc1@71.843C VDD_IN 18738mW/18639mW VDD_CPU_GPU_CV 8828mW/8787mW VDD_SOC 4106mW/4106mW
08-04-2026 11:15:17 RAM 3706/7620MB (lfb 3x1MB) SWAP 2447/12002MB (cached 118MB) CPU [18%@1728,0%@1728,9%@1728,0%@1728,9%@1728,58%@1728] GR3D_FREQ 65% cpu@72.25C soc2@70.843C soc0@71.468C gpu@74C tj@74C soc1@71.718C VDD_IN 18738mW/18639mW VDD_CPU_GPU_CV 8828mW/8787mW VDD_SOC 4106mW/4106mW
08-04-2026 11:15:17 RAM 3706/7620MB (lfb 3x1MB) SWAP 2447/12002MB (cached 118MB) CPU [10%@1728,9%@1728,0%@1728,9%@1728,0%@1728,54%@1728] GR3D_FREQ 68% cpu@72.218C soc2@70.687C soc0@71.281C gpu@73.968C tj@73.968C soc1@71.75C VDD_IN 18697mW/18639mW VDD_CPU_GPU_CV 8788mW/8787mW VDD_SOC 4106mW/4106mW
08-04-2026 11:15:17 RAM 3706/7620MB (lfb 3x1MB) SWAP 2447/12002MB (cached 118MB) CPU [0%@1728,9%@1728,0%@1728,0%@1728,0%@1728,63%@1728] GR3D_FREQ 69% cpu@71.906C soc2@70.75C soc0@71.312C gpu@73.875C tj@73.875C soc1@71.875C VDD_IN 18697mW/18639mW VDD_CPU_GPU_CV 8788mW/8787mW VDD_SOC 4106mW/4106mW
08-04-2026 11:15:17 RAM 3706/7620MB (lfb 3x1MB) SWAP 2447/12002MB (cached 118MB) CPU [0%@1728,0%@1728,0%@1728,16%@1728,50%@1728,9%@1728] GR3D_FREQ 69% cpu@72C soc2@70.843C soc0@71.468C gpu@74.031C tj@73.781C soc1@71.906C VDD_IN 18697mW/18639mW VDD_CPU_GPU_CV 8788mW/8787mW VDD_SOC 4106mW/4106mW
08-04-2026 11:15:17 RAM 3706/7620MB (lfb 3x1MB) SWAP 2447/12002MB (cached 118MB) CPU [0%@1728,0%@1728,9%@1728,0%@1728,54%@1728,0%@1728] GR3D_FREQ 69% cpu@72.093C soc2@70.843C soc0@71.218C gpu@73.937C tj@73.937C soc1@71.812C VDD_IN 18697mW/18640mW VDD_CPU_GPU_CV 8842mW/8787mW VDD_SOC 4106mW/4106mW
08-04-2026 11:15:17 RAM 3706/7620MB (lfb 3x1MB) SWAP 2447/12002MB (cached 118MB) CPU [0%@1728,0%@1728,0%@1728,0%@1728,60%@1728,0%@1728] GR3D_FREQ 67% cpu@72.218C soc2@70.718C soc0@71.281C gpu@73.781C tj@73.781C soc1@71.812C VDD_IN 18738mW/18640mW VDD_CPU_GPU_CV 8842mW/8787mW VDD_SOC 4106mW/4106mW
08-04-2026 11:15:18 RAM 3706/7620MB (lfb 3x1MB) SWAP 2447/12002MB (cached 118MB) CPU [18%@1728,9%@1728,0%@1728,10%@1728,50%@1728,0%@1728] GR3D_FREQ 64% cpu@72.25C soc2@70.843C soc0@71.343C gpu@73.812C tj@73.812C soc1@71.875C VDD_IN 18738mW/18640mW VDD_CPU_GPU_CV 8842mW/8787mW VDD_SOC 4106mW/4106mW
08-04-2026 11:15:18 RAM 3704/7620MB (lfb 3x1MB) SWAP 2447/12002MB (cached 118MB) CPU [25%@1728,27%@1728,25%@1728,20%@1728,27%@1728,40%@1728] GR3D_FREQ 67% cpu@72.031C soc2@70.812C soc0@71.343C gpu@73.843C tj@73.843C soc1@71.937C VDD_IN 18738mW/18641mW VDD_CPU_GPU_CV 8868mW/8788mW VDD_SOC 4106mW/4106mW
08-04-2026 11:15:18 RAM 3704/7620MB (lfb 3x1MB) SWAP 2447/12002MB (cached 118MB) CPU [10%@1728,8%@1728,9%@1728,8%@1728,0%@1728,60%@1728] GR3D_FREQ 70% cpu@72.093C soc2@70.843C soc0@71.281C gpu@73.843C tj@73.843C soc1@71.812C VDD_IN 18778mW/18641mW VDD_CPU_GPU_CV 8882mW/8788mW VDD_SOC 4106mW/4106mW
08-04-2026 11:15:18 RAM 3704/7620MB (lfb 3x1MB) SWAP 2447/12002MB (cached 118MB) CPU [9%@1728,0%@1728,9%@1728,0%@1728,0%@1728,54%@1728] GR3D_FREQ 64% cpu@72.093C soc2@70.687C soc0@71.25C gpu@73.781C tj@73.781C soc1@71.718C VDD_IN 18738mW/18641mW VDD_CPU_GPU_CV 8868mW/8788mW VDD_SOC 4106mW/4106mW
08-04-2026 11:15:18 RAM 3705/7620MB (lfb 3x1MB) SWAP 2447/12002MB (cached 118MB) CPU [18%@1728,10%@1728,16%@1728,20%@1728,0%@1728,60%@1728] GR3D_FREQ 68% cpu@72.125C soc2@70.781C soc0@71.375C gpu@73.656C tj@73.656C soc1@71.875C VDD_IN 18697mW/18641mW VDD_CPU_GPU_CV 8868mW/8788mW VDD_SOC 4106mW/4106mW
08-04-2026 11:15:18 RAM 3705/7620MB (lfb 3x1MB) SWAP 2447/12002MB (cached 118MB) CPU [0%@1728,0%@1728,0%@1728,0%@1728,0%@1728,58%@1728] GR3D_FREQ 66% cpu@71.937C soc2@70.843C soc0@71.406C gpu@73.843C tj@73.843C soc1@71.968C VDD_IN 18738mW/18642mW VDD_CPU_GPU_CV 8868mW/8789mW VDD_SOC 4106mW/4106mW
08-04-2026 11:15:18 RAM 3705/7620MB (lfb 3x1MB) SWAP 2447/12002MB (cached 118MB) CPU [10%@1728,9%@1728,0%@1728,9%@1728,9%@1728,60%@1728] GR3D_FREQ 67% cpu@72.062C soc2@70.906C soc0@71.468C gpu@73.812C tj@73.812C soc1@71.781C VDD_IN 18697mW/18642mW VDD_CPU_GPU_CV 8868mW/8789mW VDD_SOC 4146mW/4106mW
08-04-2026 11:15:18 RAM 3705/7620MB (lfb 3x1MB) SWAP 2447/12002MB (cached 118MB) CPU [0%@1728,0%@1728,9%@1728,0%@1728,0%@1728,54%@1728] GR3D_FREQ 67% cpu@71.843C soc2@70.781C soc0@71.343C gpu@73.781C tj@73.781C soc1@71.875C VDD_IN 18738mW/18642mW VDD_CPU_GPU_CV 8868mW/8789mW VDD_SOC 4106mW/4106mW
08-04-2026 11:15:18 RAM 3705/7620MB (lfb 3x1MB) SWAP 2447/12002MB (cached 118MB) CPU [0%@1728,0%@1728,0%@1728,0%@1728,0%@1728,55%@1728] GR3D_FREQ 70% cpu@71.906C soc2@70.781C soc0@71.375C gpu@73.875C tj@73.875C soc1@71.906C VDD_IN 18778mW/18643mW VDD_CPU_GPU_CV 8868mW/8789mW VDD_SOC 4106mW/4106mW
08-04-2026 11:15:19 RAM 3705/7620MB (lfb 3x1MB) SWAP 2447/12002MB (cached 118MB) CPU [8%@1728,0%@1728,0%@1728,8%@1728,0%@1728,54%@1728] GR3D_FREQ 67% cpu@71.968C soc2@70.812C soc0@71.437C gpu@73.781C tj@73.781C soc1@71.937C VDD_IN 18738mW/18643mW VDD_CPU_GPU_CV 8882mW/8790mW VDD_SOC 4106mW/4106mW
08-04-2026 11:15:19 RAM 3705/7620MB (lfb 3x1MB) SWAP 2447/12002MB (cached 118MB) CPU [22%@1728,9%@1728,18%@1728,11%@1728,0%@1728,54%@1728] GR3D_FREQ 70% cpu@72.093C soc2@70.843C soc0@71.5C gpu@73.625C tj@73.625C soc1@71.781C VDD_IN 18738mW/18643mW VDD_CPU_GPU_CV 8908mW/8790mW VDD_SOC 4106mW/4106mW
08-04-2026 11:15:19 RAM 3705/7620MB (lfb 3x1MB) SWAP 2447/12002MB (cached 118MB) CPU [16%@1728,0%@1728,9%@1728,8%@1728,0%@1728,55%@1728] GR3D_FREQ 70% cpu@71.906C soc2@70.812C soc0@71.343C gpu@74.218C tj@74.218C soc1@71.843C VDD_IN 18738mW/18644mW VDD_CPU_GPU_CV 8868mW/8790mW VDD_SOC 4106mW/4106mW
08-04-2026 11:15:19 RAM 3705/7620MB (lfb 3x1MB) SWAP 2447/12002MB (cached 118MB) CPU [0%@1728,9%@1728,9%@1728,9%@1728,0%@1728,58%@1728] GR3D_FREQ 65% cpu@71.937C soc2@70.75C soc0@71.375C gpu@73.75C tj@73.75C soc1@71.781C VDD_IN 18738mW/18644mW VDD_CPU_GPU_CV 8868mW/8791mW VDD_SOC 4106mW/4106mW
08-04-2026 11:15:19 RAM 3705/7620MB (lfb 3x1MB) SWAP 2447/12002MB (cached 118MB) CPU [9%@1728,9%@1728,0%@1728,0%@1728,0%@1728,60%@1728] GR3D_FREQ 68% cpu@72.125C soc2@70.843C soc0@71.5C gpu@74.218C tj@74.218C soc1@71.906C VDD_IN 18738mW/18644mW VDD_CPU_GPU_CV 8828mW/8791mW VDD_SOC 4106mW/4106mW
08-04-2026 11:15:19 RAM 3705/7620MB (lfb 3x1MB) SWAP 2447/12002MB (cached 118MB) CPU [18%@1728,0%@1728,9%@1728,0%@1728,20%@1728,30%@1728] GR3D_FREQ 66% cpu@72.125C soc2@70.906C soc0@71.281C gpu@74C tj@74C soc1@71.843C VDD_IN 18697mW/18644mW VDD_CPU_GPU_CV 8828mW/8791mW VDD_SOC 4106mW/4106mW
08-04-2026 11:15:19 RAM 3705/7620MB (lfb 3x1MB) SWAP 2447/12002MB (cached 118MB) CPU [9%@1728,9%@1728,0%@1728,0%@1728,60%@1728,0%@1728] GR3D_FREQ 68% cpu@72.062C soc2@70.843C soc0@71.406C gpu@73.843C tj@73.843C soc1@71.906C VDD_IN 18738mW/18645mW VDD_CPU_GPU_CV 8788mW/8791mW VDD_SOC 4106mW/4106mW
08-04-2026 11:15:19 RAM 3705/7620MB (lfb 3x1MB) SWAP 2447/12002MB (cached 118MB) CPU [9%@1728,0%@1728,0%@1728,0%@1728,54%@1728,0%@1728] GR3D_FREQ 65% cpu@72.093C soc2@70.781C soc0@71.5C gpu@74.312C tj@74.312C soc1@71.875C VDD_IN 18727mW/18645mW VDD_CPU_GPU_CV 8747mW/8791mW VDD_SOC 4106mW/4106mW
08-04-2026 11:15:19 RAM 3705/7620MB (lfb 3x1MB) SWAP 2447/12002MB (cached 118MB) CPU [0%@1728,0%@1728,10%@1728,0%@1728,60%@1728,0%@1728] GR3D_FREQ 68% cpu@72.187C soc2@70.781C soc0@71.562C gpu@74.031C tj@74.031C soc1@72.031C VDD_IN 18738mW/18645mW VDD_CPU_GPU_CV 8747mW/8791mW VDD_SOC 4106mW/4106mW
08-04-2026 11:15:19 RAM 3705/7620MB (lfb 3x1MB) SWAP 2447/12002MB (cached 118MB) CPU [0%@1728,0%@1728,0%@1728,8%@1728,54%@1728,0%@1728] GR3D_FREQ 66% cpu@72.531C soc2@70.968C soc0@71.625C gpu@74.062C tj@74.062C soc1@71.843C VDD_IN 18738mW/18645mW VDD_CPU_GPU_CV 8828mW/8791mW VDD_SOC 4146mW/4106mW
08-04-2026 11:15:20 RAM 3706/7620MB (lfb 3x1MB) SWAP 2447/12002MB (cached 118MB) CPU [0%@1728,16%@1728,0%@1728,10%@1728,60%@1728,0%@1728] GR3D_FREQ 64% cpu@72.25C soc2@70.843C soc0@71.437C gpu@73.875C tj@73.875C soc1@71.843C VDD_IN 18738mW/18646mW VDD_CPU_GPU_CV 8828mW/8791mW VDD_SOC 4106mW/4106mW
08-04-2026 11:15:20 RAM 3706/7620MB (lfb 3x1MB) SWAP 2447/12002MB (cached 118MB) CPU [9%@1728,10%@1728,0%@1728,18%@1728,54%@1728,0%@1728] GR3D_FREQ 65% cpu@72.062C soc2@70.843C soc0@71.343C gpu@74.156C tj@74.156C soc1@71.937C VDD_IN 18738mW/18646mW VDD_CPU_GPU_CV 8828mW/8791mW VDD_SOC 4106mW/4106mW
08-04-2026 11:15:20 RAM 3706/7620MB (lfb 3x1MB) SWAP 2447/12002MB (cached 118MB) CPU [9%@1728,0%@1728,9%@1728,0%@1728,60%@1728,0%@1728] GR3D_FREQ 68% cpu@72.062C soc2@70.937C soc0@71.5C gpu@74C tj@74C soc1@72.031C VDD_IN 18738mW/18646mW VDD_CPU_GPU_CV 8828mW/8791mW VDD_SOC 4106mW/4106mW
08-04-2026 11:15:20 RAM 3706/7620MB (lfb 3x1MB) SWAP 2447/12002MB (cached 118MB) CPU [9%@1728,18%@1728,0%@1728,0%@1728,54%@1728,0%@1728] GR3D_FREQ 70% cpu@72.375C soc2@70.875C soc0@71.343C gpu@73.906C tj@73.906C soc1@71.812C VDD_IN 18778mW/18647mW VDD_CPU_GPU_CV 8788mW/8791mW VDD_SOC 4146mW/4106mW
08-04-2026 11:15:20 RAM 3706/7620MB (lfb 3x1MB) SWAP 2447/12002MB (cached 118MB) CPU [0%@1728,10%@1728,10%@1728,9%@1728,20%@1728,33%@1728] GR3D_FREQ 71% cpu@72.062C soc2@70.843C soc0@71.406C gpu@73.781C tj@73.781C soc1@71.812C VDD_IN 18738mW/18647mW VDD_CPU_GPU_CV 8788mW/8791mW VDD_SOC 4106mW/4106mW
08-04-2026 11:15:20 RAM 3706/7620MB (lfb 3x1MB) SWAP 2447/12002MB (cached 118MB) CPU [0%@1728,0%@1728,0%@1728,0%@1728,0%@1728,61%@1728] GR3D_FREQ 66% cpu@71.968C soc2@70.843C soc0@71.468C gpu@74C tj@74C soc1@71.937C VDD_IN 18697mW/18647mW VDD_CPU_GPU_CV 8788mW/8791mW VDD_SOC 4106mW/4106mW
08-04-2026 11:15:20 RAM 3706/7620MB (lfb 3x1MB) SWAP 2447/12002MB (cached 118MB) CPU [9%@1728,0%@1728,9%@1728,9%@1728,0%@1728,55%@1728] GR3D_FREQ 66% cpu@72.062C soc2@70.875C soc0@71.5C gpu@73.875C tj@73.875C soc1@72.031C VDD_IN 18697mW/18647mW VDD_CPU_GPU_CV 8747mW/8791mW VDD_SOC 4106mW/4106mW
08-04-2026 11:15:20 RAM 3706/7620MB (lfb 3x1MB) SWAP 2447/12002MB (cached 118MB) CPU [0%@1728,0%@1728,9%@1728,0%@1728,0%@1728,54%@1728] GR3D_FREQ 67% cpu@72.218C soc2@70.968C soc0@71.343C gpu@73.812C tj@73.812C soc1@71.875C VDD_IN 18738mW/18647mW VDD_CPU_GPU_CV 8788mW/8791mW VDD_SOC 4106mW/4106mW
08-04-2026 11:15:20 RAM 3706/7620MB (lfb 3x1MB) SWAP 2447/12002MB (cached 118MB) CPU [0%@1728,9%@1728,0%@1728,0%@1728,0%@1728,50%@1728] GR3D_FREQ 68% cpu@72.5C soc2@70.812C soc0@71.375C gpu@73.937C tj@73.937C soc1@71.781C VDD_IN 18738mW/18648mW VDD_CPU_GPU_CV 8788mW/8791mW VDD_SOC 4106mW/4106mW
08-04-2026 11:15:21 RAM 3706/7620MB (lfb 3x1MB) SWAP 2447/12002MB (cached 118MB) CPU [0%@1728,0%@1728,0%@1728,0%@1728,0%@1728,63%@1728] GR3D_FREQ 69% cpu@71.875C soc2@70.75C soc0@71.343C gpu@73.906C tj@73.906C soc1@71.937C VDD_IN 18738mW/18648mW VDD_CPU_GPU_CV 8788mW/8791mW VDD_SOC 4106mW/4106mW
08-04-2026 11:15:21 RAM 3707/7620MB (lfb 3x1MB) SWAP 2447/12002MB (cached 118MB) CPU [27%@1728,18%@1728,9%@1728,18%@1728,10%@1728,40%@1728] GR3D_FREQ 66% cpu@72.281C soc2@70.906C soc0@71.5C gpu@73.687C tj@73.687C soc1@71.968C VDD_IN 18738mW/18648mW VDD_CPU_GPU_CV 8788mW/8791mW VDD_SOC 4106mW/4106mW
08-04-2026 11:15:21 RAM 3706/7620MB (lfb 3x1MB) SWAP 2447/12002MB (cached 118MB) CPU [60%@1728,0%@1728,30%@1728,10%@1728,0%@1728,0%@1728] GR3D_FREQ 62% cpu@72.656C soc2@70.968C soc0@71.593C gpu@73.937C tj@73.937C soc1@72.093C VDD_IN 18657mW/18648mW VDD_CPU_GPU_CV 8721mW/8791mW VDD_SOC 4106mW/4106mW
08-04-2026 11:15:21 RAM 3706/7620MB (lfb 3x1MB) SWAP 2447/12002MB (cached 118MB) CPU [63%@1728,58%@1728,0%@1728,16%@1728,9%@1728,0%@1728] GR3D_FREQ 68% cpu@72.437C soc2@70.812C soc0@71.281C gpu@73.781C tj@73.781C soc1@71.875C VDD_IN 18617mW/18648mW VDD_CPU_GPU_CV 8747mW/8790mW VDD_SOC 4106mW/4106mW
08-04-2026 11:15:21 RAM 3706/7620MB (lfb 3x1MB) SWAP 2447/12002MB (cached 118MB) CPU [18%@1728,63%@1728,9%@1728,10%@1728,0%@1728,0%@1728] GR3D_FREQ 66% cpu@72.218C soc2@70.843C soc0@71.406C gpu@73.718C tj@73.718C soc1@71.875C VDD_IN 18617mW/18648mW VDD_CPU_GPU_CV 8761mW/8790mW VDD_SOC 4106mW/4106mW
08-04-2026 11:15:21 RAM 3706/7620MB (lfb 3x1MB) SWAP 2447/12002MB (cached 118MB) CPU [55%@1728,18%@1728,0%@1728,9%@1728,0%@1728,0%@1728] GR3D_FREQ 65% cpu@72.218C soc2@70.875C soc0@71.468C gpu@74.125C tj@74.125C soc1@71.968C VDD_IN 18565mW/18648mW VDD_CPU_GPU_CV 8681mW/8790mW VDD_SOC 4106mW/4106mW
08-04-2026 11:15:21 RAM 3706/7620MB (lfb 3x1MB) SWAP 2447/12002MB (cached 118MB) CPU [60%@1728,16%@1728,8%@1728,0%@1728,0%@1728,0%@1728] GR3D_FREQ 69% cpu@72.281C soc2@70.781C soc0@71.343C gpu@73.937C tj@73.937C soc1@71.781C VDD_IN 18525mW/18647mW VDD_CPU_GPU_CV 8721mW/8790mW VDD_SOC 4106mW/4106mW
08-04-2026 11:15:21 RAM 3706/7620MB (lfb 3x1MB) SWAP 2447/12002MB (cached 118MB) CPU [58%@1728,0%@1728,0%@1728,0%@1728,0%@1728,0%@1728] GR3D_FREQ 66% cpu@72.343C soc2@70.875C soc0@71.343C gpu@73.843C tj@73.843C soc1@71.843C VDD_IN 18495mW/18647mW VDD_CPU_GPU_CV 8721mW/8790mW VDD_SOC 4106mW/4106mW
08-04-2026 11:15:21 RAM 3706/7620MB (lfb 3x1MB) SWAP 2447/12002MB (cached 118MB) CPU [60%@1728,0%@1728,0%@1728,10%@1728,0%@1728,0%@1728] GR3D_FREQ 68% cpu@72.218C soc2@70.906C soc0@71.375C gpu@74.156C tj@74.156C soc1@71.875C VDD_IN 18536mW/18647mW VDD_CPU_GPU_CV 8721mW/8789mW VDD_SOC 4106mW/4106mW
08-04-2026 11:15:21 RAM 3706/7620MB (lfb 3x1MB) SWAP 2447/12002MB (cached 118MB) CPU [54%@1728,0%@1728,0%@1728,0%@1728,0%@1728,0%@1728] GR3D_FREQ 67% cpu@72.25C soc2@71.031C soc0@71.593C gpu@73.968C tj@73.968C soc1@72.156C VDD_IN 18536mW/18646mW VDD_CPU_GPU_CV 8721mW/8789mW VDD_SOC 4106mW/4106mW
08-04-2026 11:15:22 RAM 3706/7620MB (lfb 3x1MB) SWAP 2447/12002MB (cached 118MB) CPU [20%@1728,50%@1728,16%@1728,27%@1728,0%@1728,0%@1728] GR3D_FREQ 61% cpu@72.437C soc2@70.843C soc0@71.281C gpu@73.75C tj@73.75C soc1@71.875C VDD_IN 18495mW/18646mW VDD_CPU_GPU_CV 8721mW/8789mW VDD_SOC 4106mW/4106mW
08-04-2026 11:15:22 RAM 3706/7620MB (lfb 3x1MB) SWAP 2447/12002MB (cached 118MB) CPU [54%@1728,10%@1728,20%@1728,10%@1728,0%@1728,0%@1728] GR3D_FREQ 65% cpu@72.281C soc2@70.843C soc0@71.406C gpu@73.843C tj@73.843C soc1@71.937C VDD_IN 18495mW/18646mW VDD_CPU_GPU_CV 8761mW/8789mW VDD_SOC 4106mW/4106mW
08-04-2026 11:15:22 RAM 3706/7620MB (lfb 3x1MB) SWAP 2447/12002MB (cached 118MB) CPU [60%@1728,0%@1728,0%@1728,16%@1728,0%@1728,0%@1728] GR3D_FREQ 69% cpu@72.218C soc2@70.843C soc0@71.406C gpu@73.937C tj@73.937C soc1@71.937C VDD_IN 18495mW/18645mW VDD_CPU_GPU_CV 8721mW/8789mW VDD_SOC 4106mW/4106mW
08-04-2026 11:15:22 RAM 3706/7620MB (lfb 3x1MB) SWAP 2447/12002MB (cached 118MB) CPU [33%@1728,0%@1728,20%@1728,0%@1728,0%@1728,0%@1728] GR3D_FREQ 68% cpu@72.437C soc2@70.968C soc0@71.468C gpu@73.875C tj@73.875C soc1@71.718C VDD_IN 18495mW/18645mW VDD_CPU_GPU_CV 8761mW/8789mW VDD_SOC 4106mW/4106mW
08-04-2026 11:15:22 RAM 3706/7620MB (lfb 3x1MB) SWAP 2447/12002MB (cached 118MB) CPU [40%@1728,18%@1728,27%@1728,10%@1728,0%@1728,0%@1728] GR3D_FREQ 64% cpu@72.156C soc2@70.906C soc0@71.312C gpu@73.687C tj@73.687C soc1@71.843C VDD_IN 18403mW/18644mW VDD_CPU_GPU_CV 8641mW/8788mW VDD_SOC 4106mW/4106mW
08-04-2026 11:15:22 RAM 3706/7620MB (lfb 3x1MB) SWAP 2447/12002MB (cached 118MB) CPU [54%@1728,9%@1728,18%@1728,0%@1728,0%@1728,0%@1728] GR3D_FREQ 64% cpu@72.187C soc2@71C soc0@71.375C gpu@73.75C tj@73.75C soc1@71.906C VDD_IN 18444mW/18643mW VDD_CPU_GPU_CV 8681mW/8788mW VDD_SOC 4106mW/4106mW
08-04-2026 11:15:22 RAM 3706/7620MB (lfb 3x1MB) SWAP 2447/12002MB (cached 118MB) CPU [0%@1728,0%@1728,27%@1728,9%@1728,30%@1728,0%@1728] GR3D_FREQ 65% cpu@72C soc2@70.843C soc0@71.406C gpu@74.187C tj@74.187C soc1@71.968C VDD_IN 18444mW/18643mW VDD_CPU_GPU_CV 8681mW/8788mW VDD_SOC 4106mW/4106mW
08-04-2026 11:15:22 RAM 3706/7620MB (lfb 3x1MB) SWAP 2447/12002MB (cached 118MB) CPU [0%@1728,0%@1728,8%@1728,0%@1728,55%@1728,0%@1728] GR3D_FREQ 65% cpu@72C soc2@70.843C soc0@71.625C gpu@73.718C tj@73.718C soc1@72.031C VDD_IN 18525mW/18643mW VDD_CPU_GPU_CV 8681mW/8787mW VDD_SOC 4106mW/4106mW
08-04-2026 11:15:22 RAM 3706/7620MB (lfb 3x1MB) SWAP 2447/12002MB (cached 118MB) CPU [9%@1728,0%@1728,0%@1728,16%@1728,50%@1728,0%@1728] GR3D_FREQ 65% cpu@71.937C soc2@70.843C soc0@71.343C gpu@73.781C tj@73.781C soc1@71.875C VDD_IN 18565mW/18642mW VDD_CPU_GPU_CV 8721mW/8787mW VDD_SOC 4106mW/4106mW
08-04-2026 11:15:23 RAM 3706/7620MB (lfb 3x1MB) SWAP 2447/12002MB (cached 118MB) CPU [9%@1728,9%@1728,0%@1728,0%@1728,60%@1728,0%@1728] GR3D_FREQ 67% cpu@72C soc2@70.812C soc0@71.343C gpu@74.156C tj@74.156C soc1@71.875C VDD_IN 18617mW/18642mW VDD_CPU_GPU_CV 8721mW/8787mW VDD_SOC 4106mW/4106mW
08-04-2026 11:15:23 RAM 3707/7620MB (lfb 3x1MB) SWAP 2447/12002MB (cached 118MB) CPU [10%@1728,9%@1728,11%@1728,25%@1728,58%@1728,0%@1728] GR3D_FREQ 65% cpu@72.125C soc2@70.875C soc0@71.468C gpu@73.75C tj@74C soc1@72C VDD_IN 18617mW/18642mW VDD_CPU_GPU_CV 8788mW/8787mW VDD_SOC 4106mW/4106mW
08-04-2026 11:15:23 RAM 3707/7620MB (lfb 3x1MB) SWAP 2447/12002MB (cached 118MB) CPU [0%@1728,0%@1728,0%@1728,0%@1728,20%@1728,40%@1728] GR3D_FREQ 70% cpu@72C soc2@70.875C soc0@71.531C gpu@73.781C tj@73.781C soc1@72.031C VDD_IN 18657mW/18642mW VDD_CPU_GPU_CV 8828mW/8787mW VDD_SOC 4106mW/4106mW
08-04-2026 11:15:23 RAM 3707/7620MB (lfb 3x1MB) SWAP 2447/12002MB (cached 118MB) CPU [0%@1728,0%@1728,0%@1728,9%@1728,0%@1728,54%@1728] GR3D_FREQ 65% cpu@71.937C soc2@70.843C soc0@71.343C gpu@74.156C tj@74.156C soc1@71.812C VDD_IN 18697mW/18642mW VDD_CPU_GPU_CV 8828mW/8787mW VDD_SOC 4106mW/4106mW
08-04-2026 11:15:23 RAM 3707/7620MB (lfb 3x1MB) SWAP 2447/12002MB (cached 118MB) CPU [9%@1728,18%@1728,9%@1728,0%@1728,9%@1728,60%@1728] GR3D_FREQ 66% cpu@72.031C soc2@70.906C soc0@71.343C gpu@73.937C tj@73.937C soc1@71.968C VDD_IN 18657mW/18642mW VDD_CPU_GPU_CV 8828mW/8787mW VDD_SOC 4106mW/4106mW
08-04-2026 11:15:23 RAM 3707/7620MB (lfb 3x1MB) SWAP 2447/12002MB (cached 118MB) CPU [16%@1728,16%@1728,27%@1728,10%@1728,0%@1728,54%@1728] GR3D_FREQ 65% cpu@72.031C soc2@70.875C soc0@71.531C gpu@73.718C tj@73.718C soc1@71.968C VDD_IN 18617mW/18642mW VDD_CPU_GPU_CV 8828mW/8787mW VDD_SOC 4106mW/4106mW
08-04-2026 11:15:23 RAM 3707/7620MB (lfb 3x1MB) SWAP 2447/12002MB (cached 118MB) CPU [10%@1728,0%@1728,0%@1728,0%@1728,10%@1728,40%@1728] GR3D_FREQ 67% cpu@72.281C soc2@70.937C soc0@71.468C gpu@74.062C tj@74.062C soc1@71.843C VDD_IN 18657mW/18642mW VDD_CPU_GPU_CV 8828mW/8788mW VDD_SOC 4106mW/4106mW
08-04-2026 11:15:23 RAM 3707/7620MB (lfb 3x1MB) SWAP 2447/12002MB (cached 118MB) CPU [0%@1728,9%@1728,9%@1728,0%@1728,63%@1728,0%@1728] GR3D_FREQ 68% cpu@72C soc2@70.781C soc0@71.343C gpu@74C tj@74C soc1@71.843C VDD_IN 18657mW/18642mW VDD_CPU_GPU_CV 8788mW/8788mW VDD_SOC 4106mW/4106mW
08-04-2026 11:15:23 RAM 3707/7620MB (lfb 3x1MB) SWAP 2447/12002MB (cached 118MB) CPU [0%@1728,9%@1728,10%@1728,0%@1728,58%@1728,0%@1728] GR3D_FREQ 65% cpu@72.093C soc2@70.812C soc0@71.468C gpu@74.187C tj@74.187C soc1@71.843C VDD_IN 18697mW/18643mW VDD_CPU_GPU_CV 8788mW/8788mW VDD_SOC 4106mW/4106mW
08-04-2026 11:15:23 RAM 3707/7620MB (lfb 3x1MB) SWAP 2447/12002MB (cached 118MB) CPU [0%@1728,0%@1728,0%@1728,0%@1728,30%@1728,20%@1728] GR3D_FREQ 68% cpu@71.906C soc2@70.875C soc0@71.437C gpu@74.125C tj@74.125C soc1@71.968C VDD_IN 18697mW/18643mW VDD_CPU_GPU_CV 8788mW/8788mW VDD_SOC 4106mW/4106mW
08-04-2026 11:15:24 RAM 3708/7620MB (lfb 3x1MB) SWAP 2447/12002MB (cached 118MB) CPU [9%@1728,0%@1728,25%@1728,0%@1728,0%@1728,50%@1728] GR3D_FREQ 67% cpu@72.406C soc2@70.906C soc0@71.531C gpu@73.937C tj@73.937C soc1@72.093C VDD_IN 18697mW/18643mW VDD_CPU_GPU_CV 8788mW/8788mW VDD_SOC 4106mW/4106mW
08-04-2026 11:15:24 RAM 3708/7620MB (lfb 3x1MB) SWAP 2447/12002MB (cached 118MB) CPU [0%@1728,9%@1728,18%@1728,9%@1728,0%@1728,50%@1728] GR3D_FREQ 69% cpu@72.406C soc2@70.843C soc0@71.343C gpu@73.843C tj@73.843C soc1@71.875C VDD_IN 18738mW/18643mW VDD_CPU_GPU_CV 8828mW/8788mW VDD_SOC 4106mW/4106mW
08-04-2026 11:15:24 RAM 3708/7620MB (lfb 3x1MB) SWAP 2447/12002MB (cached 118MB) CPU [0%@1728,0%@1728,9%@1728,0%@1728,0%@1728,63%@1728] GR3D_FREQ 70% cpu@72.031C soc2@70.781C soc0@71.437C gpu@74.156C tj@74.156C soc1@71.875C VDD_IN 18738mW/18643mW VDD_CPU_GPU_CV 8828mW/8788mW VDD_SOC 4106mW/4106mW
08-04-2026 11:15:24 RAM 3708/7620MB (lfb 3x1MB) SWAP 2447/12002MB (cached 118MB) CPU [0%@1728,0%@1728,0%@1728,9%@1728,0%@1728,58%@1728] GR3D_FREQ 66% cpu@71.937C soc2@70.875C soc0@71.5C gpu@74C tj@74C soc1@71.906C VDD_IN 18738mW/18644mW VDD_CPU_GPU_CV 8828mW/8788mW VDD_SOC 4106mW/4106mW
08-04-2026 11:15:24 RAM 3700/7620MB (lfb 3x1MB) SWAP 2447/12002MB (cached 118MB) CPU [27%@1728,11%@1728,22%@1728,20%@1728,30%@1728,30%@1728] GR3D_FREQ 70% cpu@72.406C soc2@70.968C soc0@71.593C gpu@73.812C tj@73.812C soc1@72.062C VDD_IN 18657mW/18644mW VDD_CPU_GPU_CV 8828mW/8788mW VDD_SOC 4106mW/4106mW
08-04-2026 11:15:24 RAM 3700/7620MB (lfb 3x1MB) SWAP 2447/12002MB (cached 118MB) CPU [0%@1728,16%@1728,9%@1728,16%@1728,60%@1728,0%@1728] GR3D_FREQ 70% cpu@72.375C soc2@70.843C soc0@71.437C gpu@73.812C tj@73.812C soc1@71.843C VDD_IN 18657mW/18644mW VDD_CPU_GPU_CV 8788mW/8788mW VDD_SOC 4106mW/4106mW
08-04-2026 11:15:24 RAM 3700/7620MB (lfb 3x1MB) SWAP 2447/12002MB (cached 118MB) CPU [0%@1728,8%@1728,0%@1728,0%@1728,54%@1728,9%@1728] GR3D_FREQ 69% cpu@72C soc2@70.843C soc0@71.437C gpu@74.031C tj@74.031C soc1@71.968C VDD_IN 18617mW/18644mW VDD_CPU_GPU_CV 8788mW/8788mW VDD_SOC 4106mW/4106mW
08-04-2026 11:15:24 RAM 3700/7620MB (lfb 3x1MB) SWAP 2447/12002MB (cached 118MB) CPU [0%@1728,0%@1728,0%@1728,0%@1728,60%@1728,0%@1728] GR3D_FREQ 70% cpu@72.218C soc2@70.781C soc0@71.437C gpu@73.875C tj@73.875C soc1@72C VDD_IN 18657mW/18644mW VDD_CPU_GPU_CV 8788mW/8788mW VDD_SOC 4106mW/4106mW
08-04-2026 11:15:24 RAM 3700/7620MB (lfb 3x1MB) SWAP 2447/12002MB (cached 118MB) CPU [9%@1728,0%@1728,0%@1728,0%@1728,50%@1728,0%@1728] GR3D_FREQ 65% cpu@72.218C soc2@70.875C soc0@71.531C gpu@73.781C tj@73.781C soc1@72.031C VDD_IN 18697mW/18644mW VDD_CPU_GPU_CV 8788mW/8788mW VDD_SOC 4106mW/4106mW
08-04-2026 11:15:25 RAM 3700/7620MB (lfb 3x1MB) SWAP 2447/12002MB (cached 118MB) CPU [0%@1728,0%@1728,9%@1728,0%@1728,55%@1728,0%@1728] GR3D_FREQ 67% cpu@72.281C soc2@70.812C soc0@71.343C gpu@74.25C tj@74.25C soc1@71.781C VDD_IN 18697mW/18644mW VDD_CPU_GPU_CV 8802mW/8788mW VDD_SOC 4106mW/4106mW
08-04-2026 11:15:25 RAM 3703/7620MB (lfb 3x1MB) SWAP 2447/12002MB (cached 118MB) CPU [16%@1728,10%@1728,20%@1728,18%@1728,41%@1728,27%@1728] GR3D_FREQ 68% cpu@72.562C soc2@70.875C soc0@71.406C gpu@73.843C tj@73.843C soc1@71.875C VDD_IN 18657mW/18644mW VDD_CPU_GPU_CV 8828mW/8788mW VDD_SOC 4106mW/4106mW
08-04-2026 11:15:25 RAM 3703/7620MB (lfb 3x1MB) SWAP 2447/12002MB (cached 118MB) CPU [0%@1728,9%@1728,0%@1728,0%@1728,0%@1728,54%@1728] GR3D_FREQ 67% cpu@72.062C soc2@70.843C soc0@71.406C gpu@73.781C tj@73.781C soc1@71.968C VDD_IN 18697mW/18644mW VDD_CPU_GPU_CV 8788mW/8788mW VDD_SOC 4106mW/4106mW
08-04-2026 11:15:25 RAM 3703/7620MB (lfb 3x1MB) SWAP 2447/12002MB (cached 118MB) CPU [0%@1728,0%@1728,0%@1728,16%@1728,0%@1728,55%@1728] GR3D_FREQ 68% cpu@72.125C soc2@70.843C soc0@71.437C gpu@74.25C tj@74.25C soc1@71.781C VDD_IN 18697mW/18644mW VDD_CPU_GPU_CV 8747mW/8788mW VDD_SOC 4106mW/4106mW
08-04-2026 11:15:25 RAM 3703/7620MB (lfb 3x1MB) SWAP 2447/12002MB (cached 118MB) CPU [10%@1728,0%@1728,9%@1728,0%@1728,9%@1728,58%@1728] GR3D_FREQ 67% cpu@72.312C soc2@70.843C soc0@71.312C gpu@73.875C tj@74.031C soc1@71.843C VDD_IN 18738mW/18645mW VDD_CPU_GPU_CV 8788mW/8788mW VDD_SOC 4106mW/4106mW
08-04-2026 11:15:25 RAM 3703/7620MB (lfb 3x1MB) SWAP 2447/12002MB (cached 118MB) CPU [9%@1728,16%@1728,0%@1728,0%@1728,0%@1728,55%@1728] GR3D_FREQ 69% cpu@72.25C soc2@70.843C soc0@71.343C gpu@73.781C tj@73.781C soc1@71.781C VDD_IN 18686mW/18645mW VDD_CPU_GPU_CV 8707mW/8788mW VDD_SOC 4106mW/4106mW
08-04-2026 11:15:25 RAM 3703/7620MB (lfb 3x1MB) SWAP 2447/12002MB (cached 118MB) CPU [0%@1728,0%@1728,0%@1728,0%@1728,0%@1728,54%@1728] GR3D_FREQ 70% cpu@72.031C soc2@70.843C soc0@71.437C gpu@74.062C tj@74.062C soc1@71.906C VDD_IN 18686mW/18645mW VDD_CPU_GPU_CV 8707mW/8788mW VDD_SOC 4106mW/4106mW
08-04-2026 11:15:25 RAM 3703/7620MB (lfb 3x1MB) SWAP 2447/12002MB (cached 118MB) CPU [8%@1728,9%@1728,0%@1728,9%@1728,8%@1728,60%@1728] GR3D_FREQ 66% cpu@72.062C soc2@70.875C soc0@71.531C gpu@74C tj@74C soc1@72.031C VDD_IN 18686mW/18645mW VDD_CPU_GPU_CV 8747mW/8788mW VDD_SOC 4106mW/4106mW
08-04-2026 11:15:25 RAM 3703/7620MB (lfb 3x1MB) SWAP 2447/12002MB (cached 118MB) CPU [9%@1728,0%@1728,9%@1728,0%@1728,9%@1728,58%@1728] GR3D_FREQ 69% cpu@72.062C soc2@70.75C soc0@71.312C gpu@73.75C tj@73.75C soc1@71.843C VDD_IN 18697mW/18645mW VDD_CPU_GPU_CV 8747mW/8787mW VDD_SOC 4106mW/4106mW
08-04-2026 11:15:25 RAM 3703/7620MB (lfb 3x1MB) SWAP 2447/12002MB (cached 118MB) CPU [0%@1728,0%@1728,0%@1728,0%@1728,9%@1728,60%@1728] GR3D_FREQ 69% cpu@71.906C soc2@70.812C soc0@71.312C gpu@74.187C tj@74.187C soc1@71.843C VDD_IN 18738mW/18645mW VDD_CPU_GPU_CV 8747mW/8787mW VDD_SOC 4106mW/4106mW
08-04-2026 11:15:26 RAM 3704/7620MB (lfb 3x1MB) SWAP 2447/12002MB (cached 118MB) CPU [0%@1728,0%@1728,10%@1728,25%@1728,0%@1728,44%@1728] GR3D_FREQ 65% cpu@72.281C soc2@70.781C soc0@71.375C gpu@73.937C tj@73.937C soc1@71.937C VDD_IN 18697mW/18645mW VDD_CPU_GPU_CV 8788mW/8787mW VDD_SOC 4106mW/4106mW
08-04-2026 11:15:26 RAM 3704/7620MB (lfb 3x1MB) SWAP 2447/12002MB (cached 118MB) CPU [9%@1728,16%@1728,9%@1728,0%@1728,0%@1728,63%@1728] GR3D_FREQ 66% cpu@72C soc2@70.843C soc0@71.468C gpu@73.843C tj@73.843C soc1@72.031C VDD_IN 18697mW/18645mW VDD_CPU_GPU_CV 8788mW/8787mW VDD_SOC 4106mW/4106mW
08-04-2026 11:15:26 RAM 3704/7620MB (lfb 3x1MB) SWAP 2447/12002MB (cached 118MB) CPU [0%@1728,0%@1728,0%@1728,0%@1728,0%@1728,50%@1728] GR3D_FREQ 70% cpu@72.062C soc2@70.843C soc0@71.343C gpu@74.156C tj@74.156C soc1@71.75C VDD_IN 18697mW/18646mW VDD_CPU_GPU_CV 8828mW/8787mW VDD_SOC 4106mW/4106mW
08-04-2026 11:15:26 RAM 3704/7620MB (lfb 3x1MB) SWAP 2447/12002MB (cached 118MB) CPU [0%@1728,0%@1728,0%@1728,0%@1728,0%@1728,55%@1728] GR3D_FREQ 65% cpu@71.843C soc2@70.843C soc0@71.343C gpu@73.968C tj@73.968C soc1@71.843C VDD_IN 18738mW/18646mW VDD_CPU_GPU_CV 8842mW/8788mW VDD_SOC 4106mW/4106mW
08-04-2026 11:15:26 RAM 3704/7620MB (lfb 3x1MB) SWAP 2447/12002MB (cached 118MB) CPU [18%@1728,9%@1728,0%@1728,0%@1728,0%@1728,54%@1728] GR3D_FREQ 65% cpu@72C soc2@70.843C soc0@71.375C gpu@73.937C tj@73.937C soc1@71.906C VDD_IN 18697mW/18646mW VDD_CPU_GPU_CV 8802mW/8788mW VDD_SOC 4106mW/4106mW
08-04-2026 11:15:26 RAM 3704/7620MB (lfb 3x1MB) SWAP 2447/12002MB (cached 118MB) CPU [0%@1728,0%@1728,0%@1728,0%@1728,0%@1728,66%@1728] GR3D_FREQ 66% cpu@72C soc2@70.843C soc0@71.5C gpu@74.093C tj@74.093C soc1@72C VDD_IN 18697mW/18646mW VDD_CPU_GPU_CV 8802mW/8788mW VDD_SOC 4106mW/4106mW
08-04-2026 11:15:26 RAM 3704/7620MB (lfb 3x1MB) SWAP 2447/12002MB (cached 118MB) CPU [18%@1728,9%@1728,0%@1728,0%@1728,9%@1728,58%@1728] GR3D_FREQ 70% cpu@72.062C soc2@70.75C soc0@71.312C gpu@73.937C tj@73.937C soc1@71.812C VDD_IN 18697mW/18646mW VDD_CPU_GPU_CV 8802mW/8788mW VDD_SOC 4106mW/4106mW
08-04-2026 11:15:26 RAM 3704/7620MB (lfb 3x1MB) SWAP 2447/12002MB (cached 118MB) CPU [0%@1728,0%@1728,18%@1728,0%@1728,9%@1728,60%@1728] GR3D_FREQ 64% cpu@72C soc2@70.812C soc0@71.406C gpu@73.843C tj@73.843C soc1@71.906C VDD_IN 18697mW/18646mW VDD_CPU_GPU_CV 8802mW/8788mW VDD_SOC 4106mW/4106mW
08-04-2026 11:15:26 RAM 3704/7620MB (lfb 3x1MB) SWAP 2447/12002MB (cached 118MB) CPU [8%@1728,0%@1728,16%@1728,0%@1728,0%@1728,54%@1728] GR3D_FREQ 68% cpu@71.875C soc2@70.843C soc0@71.375C gpu@73.812C tj@73.812C soc1@71.937C VDD_IN 18697mW/18647mW VDD_CPU_GPU_CV 8788mW/8788mW VDD_SOC 4106mW/4106mW
08-04-2026 11:15:27 RAM 3704/7620MB (lfb 3x1MB) SWAP 2447/12002MB (cached 118MB) CPU [0%@1728,0%@1728,0%@1728,9%@1728,0%@1728,54%@1728] GR3D_FREQ 69% cpu@71.968C soc2@70.875C soc0@71.468C gpu@73.937C tj@73.937C soc1@72.031C VDD_IN 18738mW/18647mW VDD_CPU_GPU_CV 8802mW/8788mW VDD_SOC 4106mW/4106mW
08-04-2026 11:15:27 RAM 3705/7620MB (lfb 3x1MB) SWAP 2447/12002MB (cached 118MB) CPU [10%@1728,25%@1728,9%@1728,20%@1728,9%@1728,60%@1728] GR3D_FREQ 68% cpu@72.093C soc2@70.75C soc0@71.406C gpu@73.875C tj@73.875C soc1@71.75C VDD_IN 18697mW/18647mW VDD_CPU_GPU_CV 8828mW/8788mW VDD_SOC 4106mW/4106mW
08-04-2026 11:15:27 RAM 3705/7620MB (lfb 3x1MB) SWAP 2447/12002MB (cached 118MB) CPU [0%@1728,0%@1728,0%@1728,9%@1728,9%@1728,54%@1728] GR3D_FREQ 66% cpu@72C soc2@70.812C soc0@71.375C gpu@73.812C tj@73.812C soc1@71.843C VDD_IN 18738mW/18647mW VDD_CPU_GPU_CV 8828mW/8788mW VDD_SOC 4106mW/4106mW
08-04-2026 11:15:27 RAM 3705/7620MB (lfb 3x1MB) SWAP 2447/12002MB (cached 118MB) CPU [0%@1728,0%@1728,0%@1728,0%@1728,0%@1728,63%@1728] GR3D_FREQ 65% cpu@72.031C soc2@70.843C soc0@71.5C gpu@73.906C tj@73.781C soc1@71.875C VDD_IN 18738mW/18647mW VDD_CPU_GPU_CV 8802mW/8788mW VDD_SOC 4106mW/4106mW
08-04-2026 11:15:27 RAM 3705/7620MB (lfb 3x1MB) SWAP 2447/12002MB (cached 118MB) CPU [9%@1728,9%@1728,0%@1728,0%@1728,0%@1728,50%@1728] GR3D_FREQ 67% cpu@72.093C soc2@70.843C soc0@71.468C gpu@73.843C tj@73.843C soc1@72.031C VDD_IN 18738mW/18648mW VDD_CPU_GPU_CV 8788mW/8788mW VDD_SOC 4106mW/4106mW
08-04-2026 11:15:27 RAM 3705/7620MB (lfb 3x1MB) SWAP 2447/12002MB (cached 118MB) CPU [0%@1728,0%@1728,0%@1728,0%@1728,8%@1728,63%@1728] GR3D_FREQ 67% cpu@72C soc2@70.781C soc0@71.312C gpu@73.812C tj@73.812C soc1@71.812C VDD_IN 18657mW/18648mW VDD_CPU_GPU_CV 8802mW/8788mW VDD_SOC 4106mW/4106mW
08-04-2026 11:15:27 RAM 3705/7620MB (lfb 3x1MB) SWAP 2447/12002MB (cached 118MB) CPU [0%@1728,9%@1728,9%@1728,8%@1728,44%@1728,9%@1728] GR3D_FREQ 69% cpu@72.062C soc2@70.843C soc0@71.312C gpu@73.75C tj@73.75C soc1@71.75C VDD_IN 18697mW/18648mW VDD_CPU_GPU_CV 8788mW/8788mW VDD_SOC 4106mW/4106mW
08-04-2026 11:15:27 RAM 3703/7620MB (lfb 3x1MB) SWAP 2447/12002MB (cached 118MB) CPU [9%@1728,0%@1728,20%@1728,10%@1728,40%@1728,22%@1728] GR3D_FREQ 65% cpu@72.031C soc2@70.812C soc0@71.437C gpu@73.875C tj@73.875C soc1@72C VDD_IN 18697mW/18648mW VDD_CPU_GPU_CV 8788mW/8788mW VDD_SOC 4106mW/4106mW
08-04-2026 11:15:27 RAM 3703/7620MB (lfb 3x1MB) SWAP 2447/12002MB (cached 118MB) CPU [0%@1728,0%@1728,9%@1728,0%@1728,54%@1728,0%@1728] GR3D_FREQ 67% cpu@72.156C soc2@70.906C soc0@71.5C gpu@73.75C tj@73.75C soc1@71.937C VDD_IN 18657mW/18648mW VDD_CPU_GPU_CV 8788mW/8788mW VDD_SOC 4106mW/4106mW
08-04-2026 11:15:27 RAM 3703/7620MB (lfb 3x1MB) SWAP 2447/12002MB (cached 118MB) CPU [9%@1728,9%@1728,0%@1728,0%@1728,60%@1728,9%@1728] GR3D_FREQ 68% cpu@72.437C soc2@70.781C soc0@71.375C gpu@74.281C tj@74.281C soc1@71.812C VDD_IN 18657mW/18648mW VDD_CPU_GPU_CV 8788mW/8788mW VDD_SOC 4106mW/4106mW
08-04-2026 11:15:28 RAM 3703/7620MB (lfb 3x1MB) SWAP 2447/12002MB (cached 118MB) CPU [0%@1728,10%@1728,0%@1728,0%@1728,54%@1728,0%@1728] GR3D_FREQ 69% cpu@72.125C soc2@70.812C soc0@71.312C gpu@74.031C tj@74.031C soc1@71.781C VDD_IN 18657mW/18648mW VDD_CPU_GPU_CV 8788mW/8788mW VDD_SOC 4106mW/4106mW
08-04-2026 11:15:28 RAM 3703/7620MB (lfb 3x1MB) SWAP 2447/12002MB (cached 118MB) CPU [9%@1728,0%@1728,23%@1728,23%@1728,60%@1728,0%@1728] GR3D_FREQ 65% cpu@71.937C soc2@70.781C soc0@71.406C gpu@73.75C tj@73.75C soc1@71.843C VDD_IN 18657mW/18648mW VDD_CPU_GPU_CV 8788mW/8788mW VDD_SOC 4106mW/4106mW
08-04-2026 11:15:28 RAM 3703/7620MB (lfb 3x1MB) SWAP 2447/12002MB (cached 118MB) CPU [0%@1728,9%@1728,9%@1728,0%@1728,54%@1728,0%@1728] GR3D_FREQ 66% cpu@72.187C soc2@70.812C soc0@71.437C gpu@74.25C tj@74.25C soc1@72.031C VDD_IN 18657mW/18648mW VDD_CPU_GPU_CV 8828mW/8788mW VDD_SOC 4106mW/4106mW
08-04-2026 11:15:28 RAM 3703/7620MB (lfb 3x1MB) SWAP 2447/12002MB (cached 118MB) CPU [0%@1728,0%@1728,0%@1728,0%@1728,16%@1728,54%@1728] GR3D_FREQ 65% cpu@72.187C soc2@70.718C soc0@71.281C gpu@74.031C tj@74.031C soc1@71.812C VDD_IN 18697mW/18648mW VDD_CPU_GPU_CV 8828mW/8788mW VDD_SOC 4106mW/4106mW
08-04-2026 11:15:28 RAM 3703/7620MB (lfb 3x1MB) SWAP 2447/12002MB (cached 118MB) CPU [18%@1728,41%@1728,11%@1728,25%@1728,0%@1728,54%@1728] GR3D_FREQ 68% cpu@72.218C soc2@70.843C soc0@71.312C gpu@73.875C tj@73.875C soc1@71.812C VDD_IN 18657mW/18648mW VDD_CPU_GPU_CV 8828mW/8788mW VDD_SOC 4106mW/4106mW
08-04-2026 11:15:28 RAM 3703/7620MB (lfb 3x1MB) SWAP 2447/12002MB (cached 118MB) CPU [18%@1728,0%@1728,8%@1728,0%@1728,10%@1728,50%@1728] GR3D_FREQ 69% cpu@71.937C soc2@70.781C soc0@71.312C gpu@74.062C tj@74.062C soc1@71.968C VDD_IN 18657mW/18648mW VDD_CPU_GPU_CV 8788mW/8788mW VDD_SOC 4106mW/4106mW
08-04-2026 11:15:28 RAM 3703/7620MB (lfb 3x1MB) SWAP 2447/12002MB (cached 118MB) CPU [9%@1728,0%@1728,0%@1728,0%@1728,9%@1728,54%@1728] GR3D_FREQ 70% cpu@72.062C soc2@70.875C soc0@71.5C gpu@73.937C tj@73.937C soc1@72.031C VDD_IN 18697mW/18648mW VDD_CPU_GPU_CV 8788mW/8788mW VDD_SOC 4106mW/4106mW
08-04-2026 11:15:28 RAM 3703/7620MB (lfb 3x1MB) SWAP 2447/12002MB (cached 118MB) CPU [0%@1728,0%@1728,0%@1728,0%@1728,8%@1728,60%@1728] GR3D_FREQ 69% cpu@72.218C soc2@70.781C soc0@71.218C gpu@73.718C tj@73.718C soc1@71.75C VDD_IN 18697mW/18648mW VDD_CPU_GPU_CV 8788mW/8788mW VDD_SOC 4106mW/4106mW
08-04-2026 11:15:28 RAM 3703/7620MB (lfb 3x1MB) SWAP 2447/12002MB (cached 118MB) CPU [10%@1728,0%@1728,8%@1728,0%@1728,0%@1728,50%@1728] GR3D_FREQ 67% cpu@71.968C soc2@70.75C soc0@71.312C gpu@74.125C tj@74.125C soc1@71.843C VDD_IN 18727mW/18648mW VDD_CPU_GPU_CV 8747mW/8788mW VDD_SOC 4106mW/4106mW
08-04-2026 11:15:29 RAM 3703/7620MB (lfb 3x1MB) SWAP 2447/12002MB (cached 118MB) CPU [0%@1728,0%@1728,9%@1728,8%@1728,20%@1728,45%@1728] GR3D_FREQ 66% cpu@71.812C soc2@70.718C soc0@71.406C gpu@73.937C tj@73.937C soc1@71.906C VDD_IN 18697mW/18649mW VDD_CPU_GPU_CV 8747mW/8788mW VDD_SOC 4106mW/4106mW
08-04-2026 11:15:29 RAM 3704/7620MB (lfb 3x1MB) SWAP 2447/12002MB (cached 118MB) CPU [18%@1728,0%@1728,10%@1728,27%@1728,55%@1728,8%@1728] GR3D_FREQ 70% cpu@72.25C soc2@70.812C soc0@71.468C gpu@73.843C tj@73.843C soc1@71.843C VDD_IN 18778mW/18649mW VDD_CPU_GPU_CV 8828mW/8788mW VDD_SOC 4106mW/4106mW
08-04-2026 11:15:29 RAM 3704/7620MB (lfb 3x1MB) SWAP 2447/12002MB (cached 118MB) CPU [0%@1728,0%@1728,0%@1728,0%@1728,54%@1728,0%@1728] GR3D_FREQ 70% cpu@72.281C soc2@70.718C soc0@71.25C gpu@73.781C tj@73.781C soc1@71.718C VDD_IN 18738mW/18649mW VDD_CPU_GPU_CV 8788mW/8788mW VDD_SOC 4106mW/4106mW
08-04-2026 11:15:29 RAM 3704/7620MB (lfb 3x1MB) SWAP 2447/12002MB (cached 118MB) CPU [9%@1728,0%@1728,0%@1728,0%@1728,63%@1728,0%@1728] GR3D_FREQ 70% cpu@72.281C soc2@70.812C soc0@71.343C gpu@73.968C tj@73.968C soc1@71.75C VDD_IN 18697mW/18649mW VDD_CPU_GPU_CV 8788mW/8788mW VDD_SOC 4106mW/4106mW
08-04-2026 11:15:29 RAM 3704/7620MB (lfb 3x1MB) SWAP 2447/12002MB (cached 118MB) CPU [18%@1728,9%@1728,9%@1728,9%@1728,58%@1728,0%@1728] GR3D_FREQ 65% cpu@72.187C soc2@70.718C soc0@71.343C gpu@73.843C tj@73.843C soc1@71.875C VDD_IN 18738mW/18649mW VDD_CPU_GPU_CV 8788mW/8788mW VDD_SOC 4106mW/4106mW
08-04-2026 11:15:29 RAM 3704/7620MB (lfb 3x1MB) SWAP 2447/12002MB (cached 118MB) CPU [9%@1728,0%@1728,0%@1728,0%@1728,60%@1728,9%@1728] GR3D_FREQ 69% cpu@72.218C soc2@70.843C soc0@71.468C gpu@73.781C tj@73.781C soc1@72.062C VDD_IN 18697mW/18650mW VDD_CPU_GPU_CV 8828mW/8788mW VDD_SOC 4106mW/4106mW
08-04-2026 11:15:29 RAM 3704/7620MB (lfb 3x1MB) SWAP 2447/12002MB (cached 118MB) CPU [10%@1728,16%@1728,0%@1728,9%@1728,50%@1728,0%@1728] GR3D_FREQ 68% cpu@72.281C soc2@70.687C soc0@71.187C gpu@73.687C tj@73.687C soc1@71.781C VDD_IN 18697mW/18650mW VDD_CPU_GPU_CV 8828mW/8788mW VDD_SOC 4106mW/4106mW
08-04-2026 11:15:29 RAM 3704/7620MB (lfb 3x1MB) SWAP 2447/12002MB (cached 118MB) CPU [9%@1728,0%@1728,0%@1728,8%@1728,54%@1728,0%@1728] GR3D_FREQ 65% cpu@72.218C soc2@70.781C soc0@71.343C gpu@73.812C tj@74.093C soc1@71.843C VDD_IN 18697mW/18650mW VDD_CPU_GPU_CV 8828mW/8788mW VDD_SOC 4106mW/4106mW
08-04-2026 11:15:29 RAM 3704/7620MB (lfb 3x1MB) SWAP 2447/12002MB (cached 118MB) CPU [0%@1728,0%@1728,8%@1728,0%@1728,63%@1728,0%@1728] GR3D_FREQ 70% cpu@72.031C soc2@70.781C soc0@71.343C gpu@73.718C tj@73.718C soc1@71.812C VDD_IN 18697mW/18650mW VDD_CPU_GPU_CV 8828mW/8789mW VDD_SOC 4106mW/4106mW
08-04-2026 11:15:29 RAM 3704/7620MB (lfb 3x1MB) SWAP 2447/12002MB (cached 118MB) CPU [0%@1728,0%@1728,0%@1728,0%@1728,54%@1728,0%@1728] GR3D_FREQ 70% cpu@71.937C soc2@70.812C soc0@71.437C gpu@73.625C tj@73.625C soc1@71.968C VDD_IN 18697mW/18650mW VDD_CPU_GPU_CV 8842mW/8789mW VDD_SOC 4106mW/4106mW
08-04-2026 11:15:30 RAM 3704/7620MB (lfb 3x1MB) SWAP 2447/12002MB (cached 118MB) CPU [27%@1728,16%@1728,0%@1728,0%@1728,63%@1728,0%@1728] GR3D_FREQ 68% cpu@72.312C soc2@70.687C soc0@71.281C gpu@74C tj@74C soc1@71.656C VDD_IN 18738mW/18650mW VDD_CPU_GPU_CV 8828mW/8789mW VDD_SOC 4106mW/4106mW
08-04-2026 11:15:30 RAM 3705/7620MB (lfb 3x1MB) SWAP 2447/12002MB (cached 118MB) CPU [0%@1728,10%@1728,0%@1728,9%@1728,50%@1728,8%@1728] GR3D_FREQ 67% cpu@71.968C soc2@70.687C soc0@71.218C gpu@73.687C tj@73.687C soc1@71.75C VDD_IN 18697mW/18650mW VDD_CPU_GPU_CV 8828mW/8789mW VDD_SOC 4106mW/4106mW
08-04-2026 11:15:30 RAM 3705/7620MB (lfb 3x1MB) SWAP 2447/12002MB (cached 118MB) CPU [0%@1728,9%@1728,0%@1728,9%@1728,60%@1728,0%@1728] GR3D_FREQ 67% cpu@71.937C soc2@70.75C soc0@71.281C gpu@73.656C tj@73.656C soc1@71.843C VDD_IN 18738mW/18651mW VDD_CPU_GPU_CV 8868mW/8789mW VDD_SOC 4106mW/4106mW
08-04-2026 11:15:30 RAM 3705/7620MB (lfb 3x1MB) SWAP 2447/12002MB (cached 118MB) CPU [0%@1728,0%@1728,0%@1728,0%@1728,50%@1728,0%@1728] GR3D_FREQ 65% cpu@71.937C soc2@70.781C soc0@71.437C gpu@74.062C tj@74.062C soc1@71.906C VDD_IN 18738mW/18651mW VDD_CPU_GPU_CV 8882mW/8789mW VDD_SOC 4106mW/4106mW
08-04-2026 11:15:30 RAM 3705/7620MB (lfb 3x1MB) SWAP 2447/12002MB (cached 118MB) CPU [30%@1728,0%@1728,9%@1728,0%@1728,66%@1728,0%@1728] GR3D_FREQ 70% cpu@72.156C soc2@70.656C soc0@71.187C gpu@73.843C tj@73.843C soc1@71.656C VDD_IN 18617mW/18651mW VDD_CPU_GPU_CV 8868mW/8789mW VDD_SOC 4106mW/4106mW
08-04-2026 11:15:30 RAM 3705/7620MB (lfb 3x1MB) SWAP 2447/12002MB (cached 118MB) CPU [0%@1728,0%@1728,0%@1728,0%@1728,58%@1728,0%@1728] GR3D_FREQ 67% cpu@71.843C soc2@70.687C soc0@71.25C gpu@73.531C tj@73.531C soc1@71.625C VDD_IN 18657mW/18651mW VDD_CPU_GPU_CV 8828mW/8790mW VDD_SOC 4106mW/4106mW
08-04-2026 11:15:30 RAM 3705/7620MB (lfb 3x1MB) SWAP 2447/12002MB (cached 118MB) CPU [18%@1728,0%@1728,0%@1728,0%@1728,55%@1728,0%@1728] GR3D_FREQ 69% cpu@71.812C soc2@70.718C soc0@71.25C gpu@73.937C tj@73.937C soc1@71.75C VDD_IN 18657mW/18651mW VDD_CPU_GPU_CV 8828mW/8790mW VDD_SOC 4106mW/4106mW
08-04-2026 11:15:30 RAM 3705/7620MB (lfb 3x1MB) SWAP 2447/12002MB (cached 118MB) CPU [9%@1728,0%@1728,0%@1728,9%@1728,50%@1728,0%@1728] GR3D_FREQ 69% cpu@71.875C soc2@70.781C soc0@71.312C gpu@73.937C tj@73.937C soc1@71.656C VDD_IN 18657mW/18651mW VDD_CPU_GPU_CV 8842mW/8790mW VDD_SOC 4106mW/4106mW
08-04-2026 11:15:30 RAM 3705/7620MB (lfb 3x1MB) SWAP 2447/12002MB (cached 118MB) CPU [0%@1728,0%@1728,9%@1728,0%@1728,55%@1728,0%@1728] GR3D_FREQ 69% cpu@72C soc2@70.687C soc0@71.156C gpu@74.062C tj@74.062C soc1@71.656C VDD_IN 18697mW/18651mW VDD_CPU_GPU_CV 8842mW/8790mW VDD_SOC 4106mW/4106mW
08-04-2026 11:15:31 RAM 3699/7620MB (lfb 3x1MB) SWAP 2447/12002MB (cached 118MB) CPU [16%@1728,18%@1728,10%@1728,18%@1728,54%@1728,0%@1728] GR3D_FREQ 68% cpu@71.812C soc2@70.593C soc0@71.218C gpu@73.875C tj@73.875C soc1@71.562C VDD_IN 18657mW/18651mW VDD_CPU_GPU_CV 8868mW/8790mW VDD_SOC 4106mW/4106mW
08-04-2026 11:15:31 RAM 3701/7620MB (lfb 3x1MB) SWAP 2447/12002MB (cached 118MB) CPU [20%@1728,20%@1728,9%@1728,20%@1728,20%@1728,36%@1728] GR3D_FREQ 65% cpu@71.843C soc2@70.656C soc0@71.156C gpu@73.718C tj@73.718C soc1@71.687C VDD_IN 18657mW/18651mW VDD_CPU_GPU_CV 8868mW/8790mW VDD_SOC 4106mW/4106mW
08-04-2026 11:15:31 RAM 3701/7620MB (lfb 3x1MB) SWAP 2447/12002MB (cached 118MB) CPU [18%@1728,0%@1728,9%@1728,8%@1728,0%@1728,60%@1728] GR3D_FREQ 68% cpu@71.812C soc2@70.625C soc0@71.25C gpu@73.625C tj@73.625C soc1@71.875C VDD_IN 18697mW/18651mW VDD_CPU_GPU_CV 8828mW/8790mW VDD_SOC 4106mW/4106mW
08-04-2026 11:15:31 RAM 3701/7620MB (lfb 3x1MB) SWAP 2447/12002MB (cached 118MB) CPU [50%@1728,9%@1728,0%@1728,0%@1728,0%@1728,54%@1728] GR3D_FREQ 68% cpu@71.781C soc2@70.781C soc0@71.093C gpu@73.781C tj@73.781C soc1@71.562C VDD_IN 18657mW/18651mW VDD_CPU_GPU_CV 8868mW/8791mW VDD_SOC 4106mW/4106mW
08-04-2026 11:15:31 RAM 3701/7620MB (lfb 3x1MB) SWAP 2447/12002MB (cached 118MB) CPU [10%@1728,0%@1728,0%@1728,10%@1728,0%@1728,60%@1728] GR3D_FREQ 65% cpu@71.875C soc2@70.562C soc0@71.156C gpu@73.687C tj@73.687C soc1@71.625C VDD_IN 18697mW/18651mW VDD_CPU_GPU_CV 8868mW/8791mW VDD_SOC 4146mW/4106mW
08-04-2026 11:15:31 RAM 3701/7620MB (lfb 3x1MB) SWAP 2447/12002MB (cached 118MB) CPU [16%@1728,16%@1728,0%@1728,0%@1728,0%@1728,58%@1728] GR3D_FREQ 64% cpu@71.781C soc2@70.531C soc0@71.125C gpu@73.625C tj@73.625C soc1@71.593C VDD_IN 18697mW/18651mW VDD_CPU_GPU_CV 8868mW/8791mW VDD_SOC 4106mW/4106mW
08-04-2026 11:15:31 RAM 3701/7620MB (lfb 3x1MB) SWAP 2447/12002MB (cached 118MB) CPU [10%@1728,0%@1728,9%@1728,0%@1728,0%@1728,54%@1728] GR3D_FREQ 67% cpu@71.75C soc2@70.593C soc0@71.187C gpu@73.468C tj@73.468C soc1@71.781C VDD_IN 18697mW/18651mW VDD_CPU_GPU_CV 8828mW/8791mW VDD_SOC 4106mW/4106mW
08-04-2026 11:15:31 RAM 3701/7620MB (lfb 3x1MB) SWAP 2447/12002MB (cached 118MB) CPU [9%@1728,9%@1728,9%@1728,0%@1728,10%@1728,45%@1728] GR3D_FREQ 66% cpu@71.75C soc2@70.531C soc0@71.062C gpu@73.718C tj@73.718C soc1@71.531C VDD_IN 18697mW/18651mW VDD_CPU_GPU_CV 8828mW/8791mW VDD_SOC 4106mW/4106mW
08-04-2026 11:15:31 RAM 3701/7620MB (lfb 3x1MB) SWAP 2447/12002MB (cached 118MB) CPU [9%@1728,9%@1728,16%@1728,23%@1728,10%@1728,50%@1728] GR3D_FREQ 70% cpu@71.687C soc2@70.531C soc0@71.062C gpu@73.593C tj@73.593C soc1@71.562C VDD_IN 18697mW/18651mW VDD_CPU_GPU_CV 8828mW/8791mW VDD_SOC 4106mW/4106mW
08-04-2026 11:15:31 RAM 3701/7620MB (lfb 3x1MB) SWAP 2447/12002MB (cached 118MB) CPU [0%@1728,0%@1728,0%@1728,0%@1728,0%@1728,50%@1728] GR3D_FREQ 69% cpu@71.687C soc2@70.562C soc0@71.156C gpu@73.531C tj@73.531C soc1@71.656C VDD_IN 18738mW/18652mW VDD_CPU_GPU_CV 8788mW/8791mW VDD_SOC 4106mW/4106mW
08-04-2026 11:15:32 RAM 3702/7620MB (lfb 3x1MB) SWAP 2447/12002MB (cached 118MB) CPU [9%@1728,20%@1728,0%@1728,9%@1728,50%@1728,18%@1728] GR3D_FREQ 66% cpu@72.25C soc2@70.593C soc0@71.187C gpu@73.406C tj@73.406C soc1@71.5C VDD_IN 18738mW/18652mW VDD_CPU_GPU_CV 8828mW/8791mW VDD_SOC 4106mW/4106mW
08-04-2026 11:15:32 RAM 3702/7620MB (lfb 3x1MB) SWAP 2447/12002MB (cached 118MB) CPU [0%@1728,10%@1728,0%@1728,10%@1728,55%@1728,0%@1728] GR3D_FREQ 65% cpu@72.156C soc2@70.562C soc0@71.062C gpu@73.562C tj@73.562C soc1@71.531C VDD_IN 18738mW/18652mW VDD_CPU_GPU_CV 8828mW/8791mW VDD_SOC 4106mW/4106mW
08-04-2026 11:15:32 RAM 3702/7620MB (lfb 3x1MB) SWAP 2447/12002MB (cached 118MB) CPU [0%@1728,0%@1728,9%@1728,0%@1728,54%@1728,0%@1728] GR3D_FREQ 67% cpu@71.625C soc2@70.5C soc0@71.093C gpu@73.437C tj@73.437C soc1@71.593C VDD_IN 18778mW/18652mW VDD_CPU_GPU_CV 8828mW/8791mW VDD_SOC 4106mW/4106mW
08-04-2026 11:15:32 RAM 3702/7620MB (lfb 3x1MB) SWAP 2447/12002MB (cached 118MB) CPU [9%@1728,0%@1728,0%@1728,0%@1728,63%@1728,0%@1728] GR3D_FREQ 69% cpu@71.781C soc2@70.562C soc0@71.093C gpu@73.906C tj@73.906C soc1@71.656C VDD_IN 18738mW/18653mW VDD_CPU_GPU_CV 8788mW/8791mW VDD_SOC 4106mW/4106mW
08-04-2026 11:15:32 RAM 3702/7620MB (lfb 3x1MB) SWAP 2447/12002MB (cached 118MB) CPU [0%@1728,10%@1728,18%@1728,9%@1728,54%@1728,9%@1728] GR3D_FREQ 71% cpu@71.906C soc2@70.625C soc0@71.25C gpu@73.5C tj@73.5C soc1@71.812C VDD_IN 18657mW/18653mW VDD_CPU_GPU_CV 8788mW/8791mW VDD_SOC 4106mW/4106mW
08-04-2026 11:15:32 RAM 3702/7620MB (lfb 3x1MB) SWAP 2447/12002MB (cached 118MB) CPU [9%@1728,0%@1728,0%@1728,0%@1728,60%@1728,0%@1728] GR3D_FREQ 69% cpu@71.968C soc2@70.468C soc0@71C gpu@73.5C tj@73.5C soc1@71.562C VDD_IN 18697mW/18653mW VDD_CPU_GPU_CV 8788mW/8791mW VDD_SOC 4106mW/4106mW
08-04-2026 11:15:32 RAM 3702/7620MB (lfb 3x1MB) SWAP 2447/12002MB (cached 118MB) CPU [9%@1728,9%@1728,0%@1728,0%@1728,58%@1728,0%@1728] GR3D_FREQ 69% cpu@71.656C soc2@70.5C soc0@71C gpu@73.906C tj@73.906C soc1@71.5C VDD_IN 18697mW/18653mW VDD_CPU_GPU_CV 8802mW/8791mW VDD_SOC 4106mW/4106mW
08-04-2026 11:15:32 RAM 3702/7620MB (lfb 3x1MB) SWAP 2447/12002MB (cached 118MB) CPU [0%@1728,0%@1728,9%@1728,0%@1728,60%@1728,0%@1728] GR3D_FREQ 65% cpu@71.593C soc2@70.406C soc0@71.156C gpu@73.75C tj@73.75C soc1@71.625C VDD_IN 18697mW/18653mW VDD_CPU_GPU_CV 8802mW/8791mW VDD_SOC 4106mW/4106mW
08-04-2026 11:15:32 RAM 3702/7620MB (lfb 3x1MB) SWAP 2447/12002MB (cached 118MB) CPU [9%@1728,9%@1728,9%@1728,9%@1728,50%@1728,0%@1728] GR3D_FREQ 66% cpu@71.812C soc2@70.531C soc0@71.156C gpu@73.406C tj@73.406C soc1@71.718C VDD_IN 18738mW/18653mW VDD_CPU_GPU_CV 8788mW/8791mW VDD_SOC 4106mW/4106mW
08-04-2026 11:15:33 RAM 3702/7620MB (lfb 3x1MB) SWAP 2447/12002MB (cached 118MB) CPU [0%@1728,16%@1728,0%@1728,0%@1728,55%@1728,0%@1728] GR3D_FREQ 68% cpu@71.906C soc2@70.625C soc0@71.031C gpu@73.906C tj@73.906C soc1@71.531C VDD_IN 18697mW/18653mW VDD_CPU_GPU_CV 8828mW/8791mW VDD_SOC 4106mW/4106mW
08-04-2026 11:15:33 RAM 3702/7620MB (lfb 3x1MB) SWAP 2447/12002MB (cached 118MB) CPU [22%@1728,10%@1728,20%@1728,18%@1728,61%@1728,0%@1728] GR3D_FREQ 67% cpu@71.812C soc2@70.468C soc0@71C gpu@73.687C tj@73.687C soc1@71.625C VDD_IN 18697mW/18653mW VDD_CPU_GPU_CV 8828mW/8792mW VDD_SOC 4106mW/4106mW
08-04-2026 11:15:33 RAM 3702/7620MB (lfb 3x1MB) SWAP 2447/12002MB (cached 118MB) CPU [0%@1728,0%@1728,8%@1728,0%@1728,50%@1728,0%@1728] GR3D_FREQ 64% cpu@71.625C soc2@70.468C soc0@71.156C gpu@73.5C tj@73.5C soc1@71.656C VDD_IN 18738mW/18653mW VDD_CPU_GPU_CV 8788mW/8792mW VDD_SOC 4106mW/4106mW
08-04-2026 11:15:33 RAM 3702/7620MB (lfb 3x1MB) SWAP 2447/12002MB (cached 118MB) CPU [16%@1728,9%@1728,0%@1728,0%@1728,60%@1728,0%@1728] GR3D_FREQ 70% cpu@71.875C soc2@70.625C soc0@71.218C gpu@73.937C tj@73.937C soc1@71.718C VDD_IN 18738mW/18654mW VDD_CPU_GPU_CV 8788mW/8792mW VDD_SOC 4106mW/4106mW
08-04-2026 11:15:33 RAM 3702/7620MB (lfb 3x1MB) SWAP 2447/12002MB (cached 118MB) CPU [18%@1728,9%@1728,16%@1728,9%@1728,50%@1728,0%@1728] GR3D_FREQ 64% cpu@72.031C soc2@70.406C soc0@70.968C gpu@73.687C tj@73.687C soc1@71.531C VDD_IN 18738mW/18654mW VDD_CPU_GPU_CV 8788mW/8791mW VDD_SOC 4106mW/4106mW
08-04-2026 11:15:33 RAM 3702/7620MB (lfb 3x1MB) SWAP 2447/12002MB (cached 118MB) CPU [18%@1728,36%@1728,10%@1728,0%@1728,60%@1728,0%@1728] GR3D_FREQ 65% cpu@72.031C soc2@70.5C soc0@71.093C gpu@73.593C tj@73.593C soc1@71.562C VDD_IN 18697mW/18654mW VDD_CPU_GPU_CV 8788mW/8791mW VDD_SOC 4106mW/4106mW
08-04-2026 11:15:33 RAM 3702/7620MB (lfb 3x1MB) SWAP 2447/12002MB (cached 118MB) CPU [0%@1728,9%@1728,0%@1728,0%@1728,58%@1728,0%@1728] GR3D_FREQ 66% cpu@71.781C soc2@70.468C soc0@71.062C gpu@73.812C tj@73.812C soc1@71.687C VDD_IN 18697mW/18654mW VDD_CPU_GPU_CV 8788mW/8791mW VDD_SOC 4106mW/4106mW
08-04-2026 11:15:33 RAM 3702/7620MB (lfb 3x1MB) SWAP 2447/12002MB (cached 118MB) CPU [0%@1728,0%@1728,0%@1728,0%@1728,60%@1728,0%@1728] GR3D_FREQ 66% cpu@71.812C soc2@70.593C soc0@71.25C gpu@73.687C tj@73.687C soc1@71.781C VDD_IN 18697mW/18654mW VDD_CPU_GPU_CV 8788mW/8791mW VDD_SOC 4106mW/4106mW
08-04-2026 11:15:33 RAM 3702/7620MB (lfb 3x1MB) SWAP 2447/12002MB (cached 118MB) CPU [9%@1728,0%@1728,0%@1728,9%@1728,54%@1728,0%@1728] GR3D_FREQ 67% cpu@71.812C soc2@70.5C soc0@71.062C gpu@73.531C tj@73.531C soc1@71.5C VDD_IN 18738mW/18654mW VDD_CPU_GPU_CV 8747mW/8791mW VDD_SOC 4106mW/4106mW
08-04-2026 11:15:33 RAM 3702/7620MB (lfb 3x1MB) SWAP 2447/12002MB (cached 118MB) CPU [0%@1728,9%@1728,0%@1728,9%@1728,60%@1728,0%@1728] GR3D_FREQ 70% cpu@71.968C soc2@70.468C soc0@71.062C gpu@73.562C tj@73.562C soc1@71.5C VDD_IN 18697mW/18654mW VDD_CPU_GPU_CV 8788mW/8791mW VDD_SOC 4106mW/4106mW
08-04-2026 11:15:34 RAM 3702/7620MB (lfb 3x1MB) SWAP 2447/12002MB (cached 118MB) CPU [9%@1728,10%@1728,9%@1728,9%@1728,9%@1728,50%@1728] GR3D_FREQ 64% cpu@71.843C soc2@70.625C soc0@71.187C gpu@73.593C tj@73.593C soc1@71.625C VDD_IN 18738mW/18654mW VDD_CPU_GPU_CV 8828mW/8791mW VDD_SOC 4106mW/4106mW
08-04-2026 11:15:34 RAM 3701/7620MB (lfb 3x1MB) SWAP 2447/12002MB (cached 118MB) CPU [20%@1728,11%@1728,18%@1728,20%@1728,50%@1728,0%@1728] GR3D_FREQ 66% cpu@71.812C soc2@70.656C soc0@71.187C gpu@73.593C tj@73.593C soc1@71.812C VDD_IN 18738mW/18655mW VDD_CPU_GPU_CV 8828mW/8792mW VDD_SOC 4106mW/4106mW
08-04-2026 11:15:34 RAM 3701/7620MB (lfb 3x1MB) SWAP 2447/12002MB (cached 118MB) CPU [10%@1728,9%@1728,0%@1728,0%@1728,50%@1728,9%@1728] GR3D_FREQ 66% cpu@71.875C soc2@70.625C soc0@71.093C gpu@73.531C tj@73.531C soc1@71.5C VDD_IN 18738mW/18655mW VDD_CPU_GPU_CV 8828mW/8792mW VDD_SOC 4106mW/4106mW
08-04-2026 11:15:34 RAM 3701/7620MB (lfb 3x1MB) SWAP 2447/12002MB (cached 118MB) CPU [36%@1728,0%@1728,0%@1728,0%@1728,0%@1728,20%@1728] GR3D_FREQ 66% cpu@71.843C soc2@70.531C soc0@71.062C gpu@73.312C tj@73.312C soc1@71.625C VDD_IN 18697mW/18655mW VDD_CPU_GPU_CV 8788mW/8792mW VDD_SOC 4106mW/4106mW
08-04-2026 11:15:34 RAM 3701/7620MB (lfb 3x1MB) SWAP 2447/12002MB (cached 118MB) CPU [40%@1728,10%@1728,9%@1728,36%@1728,0%@1728,0%@1728] GR3D_FREQ 62% cpu@72.156C soc2@70.5C soc0@71.218C gpu@73.468C tj@73.468C soc1@71.75C VDD_IN 18565mW/18655mW VDD_CPU_GPU_CV 8721mW/8791mW VDD_SOC 4106mW/4106mW
08-04-2026 11:15:34 RAM 3701/7620MB (lfb 3x1MB) SWAP 2447/12002MB (cached 118MB) CPU [30%@1728,63%@1728,10%@1728,8%@1728,0%@1728,0%@1728] GR3D_FREQ 65% cpu@72.062C soc2@70.625C soc0@71.281C gpu@73.375C tj@73.375C soc1@71.781C VDD_IN 18536mW/18654mW VDD_CPU_GPU_CV 8721mW/8791mW VDD_SOC 4106mW/4106mW
08-04-2026 11:15:34 RAM 3701/7620MB (lfb 3x1MB) SWAP 2447/12002MB (cached 118MB) CPU [0%@1728,54%@1728,10%@1728,0%@1728,0%@1728,0%@1728] GR3D_FREQ 63% cpu@72C soc2@70.531C soc0@71.093C gpu@73.437C tj@73.437C soc1@71.531C VDD_IN 18576mW/18654mW VDD_CPU_GPU_CV 8721mW/8791mW VDD_SOC 4106mW/4106mW
08-04-2026 11:15:34 RAM 3701/7620MB (lfb 3x1MB) SWAP 2447/12002MB (cached 118MB) CPU [9%@1728,33%@1728,9%@1728,11%@1728,0%@1728,0%@1728] GR3D_FREQ 67% cpu@71.968C soc2@70.562C soc0@71.125C gpu@73.812C tj@73.812C soc1@71.625C VDD_IN 18536mW/18654mW VDD_CPU_GPU_CV 8721mW/8791mW VDD_SOC 4106mW/4106mW
08-04-2026 11:15:34 RAM 3701/7620MB (lfb 3x1MB) SWAP 2447/12002MB (cached 118MB) CPU [40%@1728,0%@1728,0%@1728,20%@1728,0%@1728,0%@1728] GR3D_FREQ 67% cpu@71.906C soc2@70.562C soc0@71.218C gpu@73.531C tj@73.531C soc1@71.687C VDD_IN 18536mW/18654mW VDD_CPU_GPU_CV 8721mW/8791mW VDD_SOC 4106mW/4106mW
08-04-2026 11:15:35 RAM 3701/7620MB (lfb 3x1MB) SWAP 2447/12002MB (cached 118MB) CPU [18%@1728,40%@1728,9%@1728,0%@1728,0%@1728,0%@1728] GR3D_FREQ 66% cpu@71.968C soc2@70.625C soc0@71.281C gpu@73.468C tj@73.468C soc1@71.875C VDD_IN 18536mW/18654mW VDD_CPU_GPU_CV 8747mW/8791mW VDD_SOC 4106mW/4106mW
08-04-2026 11:15:35 RAM 3702/7620MB (lfb 3x1MB) SWAP 2447/12002MB (cached 118MB) CPU [27%@1728,60%@1728,20%@1728,30%@1728,0%@1728,9%@1728] GR3D_FREQ 67% cpu@71.937C soc2@70.687C soc0@71.062C gpu@73.812C tj@73.812C soc1@71.562C VDD_IN 18536mW/18653mW VDD_CPU_GPU_CV 8747mW/8791mW VDD_SOC 4106mW/4106mW
08-04-2026 11:15:35 RAM 3702/7620MB (lfb 3x1MB) SWAP 2447/12002MB (cached 118MB) CPU [16%@1728,9%@1728,18%@1728,27%@1728,36%@1728,0%@1728] GR3D_FREQ 69% cpu@71.781C soc2@70.593C soc0@71.062C gpu@73.468C tj@73.718C soc1@71.625C VDD_IN 18576mW/18653mW VDD_CPU_GPU_CV 8747mW/8791mW VDD_SOC 4106mW/4106mW
08-04-2026 11:15:35 RAM 3702/7620MB (lfb 3x1MB) SWAP 2447/12002MB (cached 118MB) CPU [0%@1728,0%@1728,0%@1728,0%@1728,54%@1728,0%@1728] GR3D_FREQ 65% cpu@71.812C soc2@70.687C soc0@71.218C gpu@74C tj@74C soc1@71.656C VDD_IN 18576mW/18653mW VDD_CPU_GPU_CV 8788mW/8791mW VDD_SOC 4106mW/4106mW
08-04-2026 11:15:35 RAM 3702/7620MB (lfb 3x1MB) SWAP 2447/12002MB (cached 118MB) CPU [9%@1728,9%@1728,0%@1728,16%@1728,54%@1728,0%@1728] GR3D_FREQ 65% cpu@71.812C soc2@70.656C soc0@71.343C gpu@73.843C tj@73.843C soc1@71.875C VDD_IN 18657mW/18653mW VDD_CPU_GPU_CV 8802mW/8791mW VDD_SOC 4106mW/4106mW
08-04-2026 11:15:35 RAM 3702/7620MB (lfb 3x1MB) SWAP 2447/12002MB (cached 118MB) CPU [0%@1728,0%@1728,0%@1728,0%@1728,40%@1728,18%@1728] GR3D_FREQ 67% cpu@71.75C soc2@70.593C soc0@71.125C gpu@73.656C tj@73.656C soc1@71.625C VDD_IN 18617mW/18653mW VDD_CPU_GPU_CV 8761mW/8791mW VDD_SOC 4106mW/4106mW
08-04-2026 11:15:35 RAM 3702/7620MB (lfb 3x1MB) SWAP 2447/12002MB (cached 118MB) CPU [0%@1728,0%@1728,9%@1728,0%@1728,0%@1728,55%@1728] GR3D_FREQ 66% cpu@71.843C soc2@70.562C soc0@71.156C gpu@73.625C tj@73.625C soc1@71.625C VDD_IN 18657mW/18653mW VDD_CPU_GPU_CV 8747mW/8790mW VDD_SOC 4106mW/4106mW
08-04-2026 11:15:35 RAM 3702/7620MB (lfb 3x1MB) SWAP 2447/12002MB (cached 118MB) CPU [0%@1728,0%@1728,9%@1728,0%@1728,0%@1728,58%@1728] GR3D_FREQ 65% cpu@71.718C soc2@70.625C soc0@71.187C gpu@73.781C tj@73.781C soc1@71.781C VDD_IN 18657mW/18653mW VDD_CPU_GPU_CV 8747mW/8790mW VDD_SOC 4106mW/4106mW
08-04-2026 11:15:35 RAM 3702/7620MB (lfb 3x1MB) SWAP 2447/12002MB (cached 118MB) CPU [0%@1728,0%@1728,0%@1728,0%@1728,0%@1728,60%@1728] GR3D_FREQ 69% cpu@71.75C soc2@70.687C soc0@71.343C gpu@73.625C tj@73.625C soc1@71.906C VDD_IN 18697mW/18653mW VDD_CPU_GPU_CV 8747mW/8790mW VDD_SOC 4106mW/4106mW
08-04-2026 11:15:35 RAM 3702/7620MB (lfb 3x1MB) SWAP 2447/12002MB (cached 118MB) CPU [9%@1728,0%@1728,9%@1728,0%@1728,27%@1728,41%@1728] GR3D_FREQ 69% cpu@71.781C soc2@70.625C soc0@71.187C gpu@73.687C tj@73.687C soc1@71.687C VDD_IN 18697mW/18653mW VDD_CPU_GPU_CV 8747mW/8790mW VDD_SOC 4106mW/4106mW
08-04-2026 11:15:36 RAM 3704/7620MB (lfb 3x1MB) SWAP 2447/12002MB (cached 118MB) CPU [0%@1728,18%@1728,0%@1728,16%@1728,50%@1728,0%@1728] GR3D_FREQ 64% cpu@71.812C soc2@70.625C soc0@71.218C gpu@73.781C tj@73.781C soc1@71.718C VDD_IN 18697mW/18653mW VDD_CPU_GPU_CV 8788mW/8790mW VDD_SOC 4106mW/4106mW
08-04-2026 11:15:36 RAM 3704/7620MB (lfb 3x1MB) SWAP 2447/12002MB (cached 118MB) CPU [9%@1728,0%@1728,16%@1728,0%@1728,9%@1728,44%@1728] GR3D_FREQ 64% cpu@71.812C soc2@70.625C soc0@71.281C gpu@73.781C tj@73.781C soc1@71.781C VDD_IN 18697mW/18653mW VDD_CPU_GPU_CV 8747mW/8790mW VDD_SOC 4106mW/4106mW
08-04-2026 11:15:36 RAM 3704/7620MB (lfb 3x1MB) SWAP 2447/12002MB (cached 118MB) CPU [0%@1728,0%@1728,9%@1728,9%@1728,0%@1728,66%@1728] GR3D_FREQ 68% cpu@72.062C soc2@70.625C soc0@71.437C gpu@73.656C tj@73.656C soc1@71.656C VDD_IN 18697mW/18653mW VDD_CPU_GPU_CV 8788mW/8790mW VDD_SOC 4106mW/4106mW
08-04-2026 11:15:36 RAM 3704/7620MB (lfb 3x1MB) SWAP 2447/12002MB (cached 118MB) CPU [9%@1728,0%@1728,0%@1728,0%@1728,0%@1728,54%@1728] GR3D_FREQ 69% cpu@72.093C soc2@70.593C soc0@71.25C gpu@73.531C tj@73.531C soc1@71.656C VDD_IN 18697mW/18653mW VDD_CPU_GPU_CV 8788mW/8790mW VDD_SOC 4106mW/4106mW
08-04-2026 11:15:36 RAM 3704/7620MB (lfb 3x1MB) SWAP 2447/12002MB (cached 118MB) CPU [9%@1728,10%@1728,10%@1728,18%@1728,0%@1728,55%@1728] GR3D_FREQ 70% cpu@71.843C soc2@70.593C soc0@71.281C gpu@73.718C tj@73.718C soc1@71.687C VDD_IN 18657mW/18653mW VDD_CPU_GPU_CV 8788mW/8790mW VDD_SOC 4106mW/4106mW
08-04-2026 11:15:36 RAM 3704/7620MB (lfb 3x1MB) SWAP 2447/12002MB (cached 118MB) CPU [9%@1728,9%@1728,9%@1728,0%@1728,0%@1728,54%@1728] GR3D_FREQ 65% cpu@71.812C soc2@70.625C soc0@71.312C gpu@73.687C tj@73.687C soc1@71.75C VDD_IN 18697mW/18654mW VDD_CPU_GPU_CV 8788mW/8790mW VDD_SOC 4106mW/4106mW
08-04-2026 11:15:36 RAM 3704/7620MB (lfb 3x1MB) SWAP 2447/12002MB (cached 118MB) CPU [0%@1728,9%@1728,0%@1728,0%@1728,0%@1728,63%@1728] GR3D_FREQ 66% cpu@72C soc2@70.75C soc0@71.343C gpu@73.531C tj@73.531C soc1@71.937C VDD_IN 18697mW/18654mW VDD_CPU_GPU_CV 8788mW/8790mW VDD_SOC 4106mW/4106mW
08-04-2026 11:15:36 RAM 3704/7620MB (lfb 3x1MB) SWAP 2447/12002MB (cached 118MB) CPU [0%@1728,0%@1728,0%@1728,0%@1728,0%@1728,50%@1728] GR3D_FREQ 65% cpu@72.093C soc2@70.531C soc0@71.218C gpu@74C tj@74C soc1@71.687C VDD_IN 18697mW/18654mW VDD_CPU_GPU_CV 8788mW/8790mW VDD_SOC 4106mW/4106mW
08-04-2026 11:15:36 RAM 3704/7620MB (lfb 3x1MB) SWAP 2447/12002MB (cached 118MB) CPU [16%@1728,0%@1728,0%@1728,0%@1728,0%@1728,60%@1728] GR3D_FREQ 69% cpu@71.812C soc2@70.625C soc0@71.281C gpu@73.625C tj@73.625C soc1@71.781C VDD_IN 18738mW/18654mW VDD_CPU_GPU_CV 8788mW/8790mW VDD_SOC 4106mW/4106mW
08-04-2026 11:15:37 RAM 3704/7620MB (lfb 3x1MB) SWAP 2447/12002MB (cached 118MB) CPU [9%@1728,9%@1728,0%@1728,0%@1728,0%@1728,58%@1728] GR3D_FREQ 66% cpu@71.75C soc2@70.687C soc0@71.312C gpu@73.562C tj@73.562C soc1@71.718C VDD_IN 18738mW/18654mW VDD_CPU_GPU_CV 8788mW/8790mW VDD_SOC 4106mW/4106mW
08-04-2026 11:15:37 RAM 3705/7620MB (lfb 3x1MB) SWAP 2447/12002MB (cached 118MB) CPU [10%@1728,18%@1728,20%@1728,18%@1728,0%@1728,60%@1728] GR3D_FREQ 68% cpu@72.156C soc2@70.843C soc0@71.406C gpu@73.968C tj@73.968C soc1@71.906C VDD_IN 18738mW/18654mW VDD_CPU_GPU_CV 8828mW/8790mW VDD_SOC 4106mW/4106mW
08-04-2026 11:15:37 RAM 3707/7620MB (lfb 3x1MB) SWAP 2447/12002MB (cached 118MB) CPU [36%@1728,9%@1728,23%@1728,18%@1728,0%@1728,50%@1728] GR3D_FREQ 68% cpu@72.25C soc2@70.906C soc0@71.218C gpu@73.656C tj@73.656C soc1@71.625C VDD_IN 18738mW/18654mW VDD_CPU_GPU_CV 8828mW/8790mW VDD_SOC 4106mW/4106mW
08-04-2026 11:15:37 RAM 3707/7620MB (lfb 3x1MB) SWAP 2447/12002MB (cached 118MB) CPU [0%@1728,0%@1728,9%@1728,0%@1728,30%@1728,20%@1728] GR3D_FREQ 68% cpu@72.281C soc2@70.656C soc0@71.218C gpu@73.593C tj@73.593C soc1@71.718C VDD_IN 18738mW/18655mW VDD_CPU_GPU_CV 8828mW/8790mW VDD_SOC 4106mW/4106mW
08-04-2026 11:15:37 RAM 3707/7620MB (lfb 3x1MB) SWAP 2447/12002MB (cached 118MB) CPU [10%@1728,0%@1728,9%@1728,0%@1728,50%@1728,9%@1728] GR3D_FREQ 69% cpu@72.125C soc2@70.718C soc0@71.343C gpu@74C tj@74C soc1@71.875C VDD_IN 18778mW/18655mW VDD_CPU_GPU_CV 8828mW/8790mW VDD_SOC 4106mW/4106mW
08-04-2026 11:15:37 RAM 3707/7620MB (lfb 3x1MB) SWAP 2447/12002MB (cached 118MB) CPU [0%@1728,9%@1728,0%@1728,0%@1728,54%@1728,10%@1728] GR3D_FREQ 64% cpu@72.125C soc2@70.812C soc0@71.375C gpu@73.906C tj@73.906C soc1@71.75C VDD_IN 18697mW/18655mW VDD_CPU_GPU_CV 8828mW/8790mW VDD_SOC 4106mW/4106mW
08-04-2026 11:15:37 RAM 3707/7620MB (lfb 3x1MB) SWAP 2447/12002MB (cached 118MB) CPU [0%@1728,9%@1728,9%@1728,9%@1728,0%@1728,54%@1728] GR3D_FREQ 66% cpu@72.156C soc2@70.812C soc0@71.218C gpu@73.656C tj@73.656C soc1@71.75C VDD_IN 18738mW/18655mW VDD_CPU_GPU_CV 8788mW/8790mW VDD_SOC 4106mW/4106mW
08-04-2026 11:15:37 RAM 3707/7620MB (lfb 3x1MB) SWAP 2447/12002MB (cached 118MB) CPU [0%@1728,0%@1728,0%@1728,0%@1728,40%@1728,10%@1728] GR3D_FREQ 66% cpu@72.156C soc2@70.75C soc0@71.281C gpu@74.062C tj@74.062C soc1@71.656C VDD_IN 18738mW/18655mW VDD_CPU_GPU_CV 8788mW/8790mW VDD_SOC 4106mW/4106mW
08-04-2026 11:15:37 RAM 3707/7620MB (lfb 3x1MB) SWAP 2447/12002MB (cached 118MB) CPU [9%@1728,18%@1728,0%@1728,0%@1728,63%@1728,0%@1728] GR3D_FREQ 65% cpu@72C soc2@70.812C soc0@71.343C gpu@73.906C tj@73.906C soc1@71.875C VDD_IN 18697mW/18655mW VDD_CPU_GPU_CV 8788mW/8790mW VDD_SOC 4106mW/4106mW
08-04-2026 11:15:37 RAM 3707/7620MB (lfb 3x1MB) SWAP 2447/12002MB (cached 118MB) CPU [9%@1728,9%@1728,9%@1728,0%@1728,54%@1728,0%@1728] GR3D_FREQ 70% cpu@72.031C soc2@70.781C soc0@71.562C gpu@73.812C tj@73.812C soc1@72C VDD_IN 18697mW/18655mW VDD_CPU_GPU_CV 8788mW/8790mW VDD_SOC 4106mW/4106mW
08-04-2026 11:15:38 RAM 3709/7620MB (lfb 3x1MB) SWAP 2447/12002MB (cached 118MB) CPU [18%@1728,20%@1728,0%@1728,9%@1728,55%@1728,0%@1728] GR3D_FREQ 67% cpu@72.281C soc2@70.781C soc0@71.343C gpu@74C tj@74C soc1@71.718C VDD_IN 18657mW/18655mW VDD_CPU_GPU_CV 8828mW/8790mW VDD_SOC 4146mW/4106mW
08-04-2026 11:15:38 RAM 3709/7620MB (lfb 3x1MB) SWAP 2447/12002MB (cached 118MB) CPU [10%@1728,0%@1728,18%@1728,10%@1728,50%@1728,0%@1728] GR3D_FREQ 69% cpu@72.093C soc2@70.781C soc0@71.343C gpu@73.906C tj@73.906C soc1@71.843C VDD_IN 18657mW/18655mW VDD_CPU_GPU_CV 8868mW/8791mW VDD_SOC 4146mW/4106mW
08-04-2026 11:15:38 RAM 3709/7620MB (lfb 3x1MB) SWAP 2447/12002MB (cached 118MB) CPU [0%@1728,16%@1728,0%@1728,0%@1728,60%@1728,0%@1728] GR3D_FREQ 68% cpu@72.062C soc2@70.812C soc0@71.343C gpu@73.843C tj@73.843C soc1@71.968C VDD_IN 18697mW/18656mW VDD_CPU_GPU_CV 8868mW/8791mW VDD_SOC 4146mW/4107mW
08-04-2026 11:15:38 RAM 3709/7620MB (lfb 3x1MB) SWAP 2447/12002MB (cached 118MB) CPU [0%@1728,0%@1728,0%@1728,0%@1728,58%@1728,0%@1728] GR3D_FREQ 69% cpu@72.031C soc2@70.843C soc0@71.5C gpu@73.75C tj@73.75C soc1@71.968C VDD_IN 18697mW/18656mW VDD_CPU_GPU_CV 8828mW/8791mW VDD_SOC 4146mW/4107mW
08-04-2026 11:15:38 RAM 3709/7620MB (lfb 3x1MB) SWAP 2447/12002MB (cached 118MB) CPU [18%@1728,20%@1728,18%@1728,41%@1728,44%@1728,9%@1728] GR3D_FREQ 66% cpu@72.281C soc2@70.718C soc0@71.343C gpu@73.906C tj@73.906C soc1@71.718C VDD_IN 18657mW/18656mW VDD_CPU_GPU_CV 8788mW/8791mW VDD_SOC 4146mW/4107mW
08-04-2026 11:15:38 RAM 3709/7620MB (lfb 3x1MB) SWAP 2447/12002MB (cached 118MB) CPU [0%@1728,9%@1728,0%@1728,0%@1728,0%@1728,63%@1728] GR3D_FREQ 65% cpu@72C soc2@70.812C soc0@71.406C gpu@73.843C tj@73.843C soc1@71.812C VDD_IN 18697mW/18656mW VDD_CPU_GPU_CV 8788mW/8791mW VDD_SOC 4106mW/4107mW
08-04-2026 11:15:38 RAM 3709/7620MB (lfb 3x1MB) SWAP 2447/12002MB (cached 118MB) CPU [9%@1728,0%@1728,0%@1728,0%@1728,0%@1728,54%@1728] GR3D_FREQ 69% cpu@72.031C soc2@70.75C soc0@71.437C gpu@73.687C tj@73.687C soc1@71.937C VDD_IN 18657mW/18656mW VDD_CPU_GPU_CV 8747mW/8791mW VDD_SOC 4106mW/4107mW
08-04-2026 11:15:38 RAM 3709/7620MB (lfb 3x1MB) SWAP 2447/12002MB (cached 118MB) CPU [0%@1728,0%@1728,9%@1728,0%@1728,0%@1728,60%@1728] GR3D_FREQ 67% cpu@72.031C soc2@70.812C soc0@71.468C gpu@73.968C tj@73.968C soc1@72.062C VDD_IN 18697mW/18656mW VDD_CPU_GPU_CV 8747mW/8791mW VDD_SOC 4106mW/4107mW
08-04-2026 11:15:38 RAM 3709/7620MB (lfb 3x1MB) SWAP 2447/12002MB (cached 118MB) CPU [0%@1728,0%@1728,9%@1728,16%@1728,9%@1728,54%@1728] GR3D_FREQ 65% cpu@72.062C soc2@70.687C soc0@71.343C gpu@73.812C tj@73.812C soc1@71.843C VDD_IN 18697mW/18656mW VDD_CPU_GPU_CV 8788mW/8791mW VDD_SOC 4106mW/4107mW
08-04-2026 11:15:39 RAM 3709/7620MB (lfb 3x1MB) SWAP 2447/12002MB (cached 118MB) CPU [0%@1728,0%@1728,0%@1728,0%@1728,0%@1728,60%@1728] GR3D_FREQ 69% cpu@71.906C soc2@70.781C soc0@71.343C gpu@73.718C tj@73.718C soc1@71.906C VDD_IN 18738mW/18656mW VDD_CPU_GPU_CV 8788mW/8791mW VDD_SOC 4106mW/4107mW
08-04-2026 11:15:39 RAM 3710/7620MB (lfb 3x1MB) SWAP 2447/12002MB (cached 118MB) CPU [10%@1728,20%@1728,0%@1728,9%@1728,0%@1728,58%@1728] GR3D_FREQ 67% cpu@71.937C soc2@70.843C soc0@71.343C gpu@73.75C tj@73.75C soc1@71.937C VDD_IN 18738mW/18656mW VDD_CPU_GPU_CV 8828mW/8791mW VDD_SOC 4106mW/4107mW
08-04-2026 11:15:39 RAM 3710/7620MB (lfb 3x1MB) SWAP 2447/12002MB (cached 118MB) CPU [9%@1728,9%@1728,9%@1728,9%@1728,0%@1728,60%@1728] GR3D_FREQ 69% cpu@72C soc2@70.843C soc0@71.468C gpu@73.812C tj@73.812C soc1@72.156C VDD_IN 18738mW/18656mW VDD_CPU_GPU_CV 8828mW/8791mW VDD_SOC 4106mW/4107mW
08-04-2026 11:15:39 RAM 3710/7620MB (lfb 3x1MB) SWAP 2447/12002MB (cached 118MB) CPU [0%@1728,0%@1728,9%@1728,0%@1728,0%@1728,54%@1728] GR3D_FREQ 66% cpu@72.031C soc2@70.75C soc0@71.312C gpu@73.812C tj@73.812C soc1@71.843C VDD_IN 18738mW/18656mW VDD_CPU_GPU_CV 8828mW/8791mW VDD_SOC 4106mW/4107mW
08-04-2026 11:15:39 RAM 3710/7620MB (lfb 3x1MB) SWAP 2447/12002MB (cached 118MB) CPU [0%@1728,0%@1728,9%@1728,9%@1728,0%@1728,55%@1728] GR3D_FREQ 68% cpu@72.156C soc2@70.718C soc0@71.437C gpu@73.75C tj@73.75C soc1@71.937C VDD_IN 18738mW/18657mW VDD_CPU_GPU_CV 8828mW/8791mW VDD_SOC 4106mW/4107mW
08-04-2026 11:15:39 RAM 3710/7620MB (lfb 3x1MB) SWAP 2447/12002MB (cached 118MB) CPU [0%@1728,9%@1728,0%@1728,9%@1728,0%@1728,50%@1728] GR3D_FREQ 65% cpu@72.125C soc2@70.875C soc0@71.375C gpu@74.156C tj@74.156C soc1@71.937C VDD_IN 18697mW/18657mW VDD_CPU_GPU_CV 8788mW/8791mW VDD_SOC 4106mW/4107mW
08-04-2026 11:15:39 RAM 3710/7620MB (lfb 3x1MB) SWAP 2447/12002MB (cached 118MB) CPU [23%@1728,0%@1728,9%@1728,0%@1728,0%@1728,50%@1728] GR3D_FREQ 67% cpu@72.125C soc2@70.843C soc0@71.562C gpu@73.75C tj@73.75C soc1@72C VDD_IN 18657mW/18657mW VDD_CPU_GPU_CV 8788mW/8791mW VDD_SOC 4106mW/4107mW
08-04-2026 11:15:39 RAM 3710/7620MB (lfb 3x1MB) SWAP 2447/12002MB (cached 118MB) CPU [0%@1728,0%@1728,0%@1728,9%@1728,0%@1728,63%@1728] GR3D_FREQ 64% cpu@72.062C soc2@70.843C soc0@71.343C gpu@74.281C tj@74.281C soc1@71.812C VDD_IN 18697mW/18657mW VDD_CPU_GPU_CV 8802mW/8791mW VDD_SOC 4106mW/4107mW
08-04-2026 11:15:39 RAM 3710/7620MB (lfb 3x1MB) SWAP 2447/12002MB (cached 118MB) CPU [0%@1728,0%@1728,0%@1728,10%@1728,0%@1728,50%@1728] GR3D_FREQ 67% cpu@71.968C soc2@70.843C soc0@71.406C gpu@74.125C tj@74.125C soc1@71.968C VDD_IN 18697mW/18657mW VDD_CPU_GPU_CV 8842mW/8791mW VDD_SOC 4106mW/4107mW
08-04-2026 11:15:39 RAM 3710/7620MB (lfb 3x1MB) SWAP 2447/12002MB (cached 118MB) CPU [9%@1728,9%@1728,0%@1728,0%@1728,0%@1728,60%@1728] GR3D_FREQ 65% cpu@72C soc2@70.875C soc0@71.375C gpu@74.031C tj@74.031C soc1@72C VDD_IN 18697mW/18657mW VDD_CPU_GPU_CV 8842mW/8791mW VDD_SOC 4106mW/4107mW
08-04-2026 11:15:40 RAM 3712/7620MB (lfb 3x1MB) SWAP 2447/12002MB (cached 118MB) CPU [9%@1728,9%@1728,18%@1728,0%@1728,9%@1728,54%@1728] GR3D_FREQ 69% cpu@72.562C soc2@70.812C soc0@71.531C gpu@74.281C tj@73.812C soc1@71.875C VDD_IN 18697mW/18657mW VDD_CPU_GPU_CV 8828mW/8791mW VDD_SOC 4106mW/4107mW
08-04-2026 11:15:40 RAM 3712/7620MB (lfb 3x1MB) SWAP 2447/12002MB (cached 118MB) CPU [9%@1728,9%@1728,16%@1728,16%@1728,54%@1728,0%@1728] GR3D_FREQ 68% cpu@72.093C soc2@70.843C soc0@71.406C gpu@74C tj@74C soc1@71.968C VDD_IN 18738mW/18657mW VDD_CPU_GPU_CV 8828mW/8791mW VDD_SOC 4106mW/4107mW
08-04-2026 11:15:40 RAM 3712/7620MB (lfb 3x1MB) SWAP 2447/12002MB (cached 118MB) CPU [0%@1728,0%@1728,0%@1728,0%@1728,54%@1728,0%@1728] GR3D_FREQ 65% cpu@72C soc2@70.843C soc0@71.343C gpu@74.031C tj@74.031C soc1@72.031C VDD_IN 18738mW/18657mW VDD_CPU_GPU_CV 8868mW/8791mW VDD_SOC 4106mW/4107mW
08-04-2026 11:15:40 RAM 3712/7620MB (lfb 3x1MB) SWAP 2447/12002MB (cached 118MB) CPU [9%@1728,0%@1728,9%@1728,0%@1728,60%@1728,0%@1728] GR3D_FREQ 68% cpu@72.093C soc2@70.843C soc0@71.437C gpu@73.906C tj@73.906C soc1@72.093C VDD_IN 18738mW/18657mW VDD_CPU_GPU_CV 8868mW/8792mW VDD_SOC 4106mW/4107mW
08-04-2026 11:15:40 RAM 3707/7620MB (lfb 3x1MB) SWAP 2447/12002MB (cached 118MB) CPU [20%@1728,11%@1728,27%@1728,9%@1728,27%@1728,45%@1728] GR3D_FREQ 70% cpu@72.468C soc2@71C soc0@71.656C gpu@74C tj@74C soc1@72.187C VDD_IN 18697mW/18658mW VDD_CPU_GPU_CV 8828mW/8792mW VDD_SOC 4106mW/4107mW
08-04-2026 11:15:40 RAM 3707/7620MB (lfb 3x1MB) SWAP 2447/12002MB (cached 118MB) CPU [18%@1728,0%@1728,0%@1728,0%@1728,20%@1728,40%@1728] GR3D_FREQ 63% cpu@72.531C soc2@70.875C soc0@71.468C gpu@73.968C tj@73.968C soc1@71.968C VDD_IN 18697mW/18658mW VDD_CPU_GPU_CV 8868mW/8792mW VDD_SOC 4106mW/4107mW
08-04-2026 11:15:40 RAM 3707/7620MB (lfb 3x1MB) SWAP 2447/12002MB (cached 118MB) CPU [0%@1728,0%@1728,0%@1728,0%@1728,58%@1728,0%@1728] GR3D_FREQ 67% cpu@71.968C soc2@70.875C soc0@71.5C gpu@73.906C tj@73.906C soc1@71.968C VDD_IN 18697mW/18658mW VDD_CPU_GPU_CV 8828mW/8792mW VDD_SOC 4106mW/4107mW
08-04-2026 11:15:40 RAM 3707/7620MB (lfb 3x1MB) SWAP 2447/12002MB (cached 118MB) CPU [0%@1728,0%@1728,0%@1728,0%@1728,0%@1728,50%@1728] GR3D_FREQ 66% cpu@72.218C soc2@70.937C soc0@71.562C gpu@73.906C tj@73.906C soc1@72.031C VDD_IN 18697mW/18658mW VDD_CPU_GPU_CV 8828mW/8792mW VDD_SOC 4106mW/4107mW
08-04-2026 11:15:40 RAM 3707/7620MB (lfb 3x1MB) SWAP 2447/12002MB (cached 118MB) CPU [0%@1728,0%@1728,9%@1728,0%@1728,9%@1728,60%@1728] GR3D_FREQ 69% cpu@72.281C soc2@70.906C soc0@71.593C gpu@73.937C tj@73.937C soc1@71.937C VDD_IN 18738mW/18658mW VDD_CPU_GPU_CV 8828mW/8792mW VDD_SOC 4106mW/4107mW
08-04-2026 11:15:41 RAM 3707/7620MB (lfb 3x1MB) SWAP 2447/12002MB (cached 118MB) CPU [0%@1728,8%@1728,9%@1728,0%@1728,0%@1728,54%@1728] GR3D_FREQ 64% cpu@72.406C soc2@70.875C soc0@71.5C gpu@73.937C tj@73.937C soc1@71.875C VDD_IN 18738mW/18658mW VDD_CPU_GPU_CV 8828mW/8792mW VDD_SOC 4106mW/4107mW
08-04-2026 11:15:41 RAM 3707/7620MB (lfb 3x1MB) SWAP 2447/12002MB (cached 118MB) CPU [11%@1728,20%@1728,18%@1728,10%@1728,20%@1728,36%@1728] GR3D_FREQ 70% cpu@72.187C soc2@70.937C soc0@71.437C gpu@73.875C tj@73.875C soc1@72C VDD_IN 18697mW/18658mW VDD_CPU_GPU_CV 8868mW/8792mW VDD_SOC 4106mW/4107mW
08-04-2026 11:15:41 RAM 3707/7620MB (lfb 3x1MB) SWAP 2447/12002MB (cached 118MB) CPU [30%@1728,9%@1728,0%@1728,9%@1728,66%@1728,0%@1728] GR3D_FREQ 68% cpu@72.281C soc2@70.968C soc0@71.531C gpu@74.187C tj@74.187C soc1@72.031C VDD_IN 18738mW/18658mW VDD_CPU_GPU_CV 8868mW/8792mW VDD_SOC 4106mW/4107mW
08-04-2026 11:15:41 RAM 3707/7620MB (lfb 3x1MB) SWAP 2447/12002MB (cached 118MB) CPU [41%@1728,16%@1728,0%@1728,0%@1728,54%@1728,0%@1728] GR3D_FREQ 70% cpu@72.281C soc2@71C soc0@71.375C gpu@73.937C tj@73.937C soc1@71.937C VDD_IN 18738mW/18658mW VDD_CPU_GPU_CV 8868mW/8793mW VDD_SOC 4146mW/4107mW
08-04-2026 11:15:41 RAM 3707/7620MB (lfb 3x1MB) SWAP 2447/12002MB (cached 118MB) CPU [10%@1728,0%@1728,0%@1728,0%@1728,44%@1728,9%@1728] GR3D_FREQ 66% cpu@72.375C soc2@70.937C soc0@71.468C gpu@73.812C tj@73.812C soc1@72C VDD_IN 18738mW/18659mW VDD_CPU_GPU_CV 8868mW/8793mW VDD_SOC 4146mW/4107mW
08-04-2026 11:15:41 RAM 3707/7620MB (lfb 3x1MB) SWAP 2447/12002MB (cached 118MB) CPU [18%@1728,9%@1728,9%@1728,0%@1728,0%@1728,50%@1728] GR3D_FREQ 66% cpu@72.125C soc2@70.843C soc0@71.5C gpu@74.343C tj@74.343C soc1@72.031C VDD_IN 18697mW/18659mW VDD_CPU_GPU_CV 8828mW/8793mW VDD_SOC 4146mW/4107mW
08-04-2026 11:15:41 RAM 3707/7620MB (lfb 3x1MB) SWAP 2447/12002MB (cached 118MB) CPU [9%@1728,0%@1728,9%@1728,9%@1728,0%@1728,55%@1728] GR3D_FREQ 67% cpu@72.218C soc2@70.968C soc0@71.5C gpu@74.156C tj@74.156C soc1@72.093C VDD_IN 18697mW/18659mW VDD_CPU_GPU_CV 8828mW/8793mW VDD_SOC 4146mW/4107mW
08-04-2026 11:15:41 RAM 3707/7620MB (lfb 3x1MB) SWAP 2447/12002MB (cached 118MB) CPU [0%@1728,0%@1728,0%@1728,0%@1728,0%@1728,54%@1728] GR3D_FREQ 69% cpu@72.156C soc2@71.062C soc0@71.687C gpu@73.843C tj@73.843C soc1@71.843C VDD_IN 18697mW/18659mW VDD_CPU_GPU_CV 8828mW/8793mW VDD_SOC 4146mW/4107mW
08-04-2026 11:15:41 RAM 3707/7620MB (lfb 3x1MB) SWAP 2447/12002MB (cached 118MB) CPU [0%@1728,0%@1728,9%@1728,9%@1728,50%@1728,20%@1728] GR3D_FREQ 65% cpu@72.375C soc2@70.843C soc0@71.406C gpu@74.187C tj@74.187C soc1@71.937C VDD_IN 18697mW/18659mW VDD_CPU_GPU_CV 8828mW/8793mW VDD_SOC 4146mW/4107mW
08-04-2026 11:15:41 RAM 3707/7620MB (lfb 3x1MB) SWAP 2447/12002MB (cached 118MB) CPU [0%@1728,0%@1728,9%@1728,0%@1728,60%@1728,0%@1728] GR3D_FREQ 66% cpu@72.093C soc2@70.875C soc0@71.406C gpu@74.093C tj@74.093C soc1@71.906C VDD_IN 18738mW/18659mW VDD_CPU_GPU_CV 8828mW/8793mW VDD_SOC 4106mW/4107mW
08-04-2026 11:15:42 RAM 3708/7620MB (lfb 3x1MB) SWAP 2447/12002MB (cached 118MB) CPU [9%@1728,18%@1728,10%@1728,18%@1728,50%@1728,0%@1728] GR3D_FREQ 63% cpu@72.312C soc2@70.875C soc0@71.562C gpu@73.906C tj@73.906C soc1@72C VDD_IN 18738mW/18659mW VDD_CPU_GPU_CV 8828mW/8793mW VDD_SOC 4106mW/4107mW
08-04-2026 11:15:42 RAM 3708/7620MB (lfb 3x1MB) SWAP 2447/12002MB (cached 118MB) CPU [0%@1728,9%@1728,0%@1728,9%@1728,0%@1728,60%@1728] GR3D_FREQ 66% cpu@72.218C soc2@70.937C soc0@71.312C gpu@73.968C tj@73.968C soc1@71.843C VDD_IN 18738mW/18659mW VDD_CPU_GPU_CV 8828mW/8793mW VDD_SOC 4146mW/4107mW
08-04-2026 11:15:42 RAM 3708/7620MB (lfb 3x1MB) SWAP 2447/12002MB (cached 118MB) CPU [8%@1728,0%@1728,16%@1728,0%@1728,8%@1728,50%@1728] GR3D_FREQ 70% cpu@72C soc2@70.843C soc0@71.406C gpu@74.031C tj@74.031C soc1@71.937C VDD_IN 18738mW/18659mW VDD_CPU_GPU_CV 8828mW/8793mW VDD_SOC 4106mW/4107mW
08-04-2026 11:15:42 RAM 3708/7620MB (lfb 3x1MB) SWAP 2447/12002MB (cached 118MB) CPU [0%@1728,0%@1728,0%@1728,0%@1728,36%@1728,30%@1728] GR3D_FREQ 66% cpu@72C soc2@70.937C soc0@71.343C gpu@73.968C tj@73.968C soc1@72C VDD_IN 18778mW/18660mW VDD_CPU_GPU_CV 8828mW/8793mW VDD_SOC 4106mW/4107mW
08-04-2026 11:15:42 RAM 3708/7620MB (lfb 3x1MB) SWAP 2447/12002MB (cached 118MB) CPU [25%@1728,0%@1728,9%@1728,18%@1728,50%@1728,9%@1728] GR3D_FREQ 70% cpu@72.187C soc2@70.812C soc0@71.468C gpu@73.781C tj@73.781C soc1@72.031C VDD_IN 18697mW/18660mW VDD_CPU_GPU_CV 8828mW/8793mW VDD_SOC 4106mW/4107mW
08-04-2026 11:15:42 RAM 3708/7620MB (lfb 3x1MB) SWAP 2447/12002MB (cached 118MB) CPU [9%@1728,0%@1728,0%@1728,0%@1728,60%@1728,0%@1728] GR3D_FREQ 70% cpu@72.125C soc2@70.968C soc0@71.343C gpu@73.812C tj@73.812C soc1@71.812C VDD_IN 18738mW/18660mW VDD_CPU_GPU_CV 8842mW/8793mW VDD_SOC 4106mW/4107mW
08-04-2026 11:15:42 RAM 3708/7620MB (lfb 3x1MB) SWAP 2447/12002MB (cached 118MB) CPU [0%@1728,0%@1728,0%@1728,0%@1728,50%@1728,0%@1728] GR3D_FREQ 66% cpu@72.031C soc2@70.843C soc0@71.343C gpu@73.968C tj@73.968C soc1@71.812C VDD_IN 18697mW/18660mW VDD_CPU_GPU_CV 8828mW/8793mW VDD_SOC 4106mW/4107mW
08-04-2026 11:15:42 RAM 3708/7620MB (lfb 3x1MB) SWAP 2447/12002MB (cached 118MB) CPU [0%@1728,0%@1728,8%@1728,0%@1728,63%@1728,0%@1728] GR3D_FREQ 69% cpu@71.937C soc2@70.843C soc0@71.343C gpu@73.718C tj@73.718C soc1@71.812C VDD_IN 18697mW/18660mW VDD_CPU_GPU_CV 8828mW/8794mW VDD_SOC 4106mW/4107mW
08-04-2026 11:15:42 RAM 3708/7620MB (lfb 3x1MB) SWAP 2447/12002MB (cached 118MB) CPU [0%@1728,0%@1728,0%@1728,0%@1728,54%@1728,0%@1728] GR3D_FREQ 68% cpu@72C soc2@70.812C soc0@71.437C gpu@73.75C tj@73.75C soc1@71.968C VDD_IN 18697mW/18660mW VDD_CPU_GPU_CV 8842mW/8794mW VDD_SOC 4106mW/4107mW
08-04-2026 11:15:43 RAM 3708/7620MB (lfb 3x1MB) SWAP 2447/12002MB (cached 118MB) CPU [0%@1728,0%@1728,0%@1728,0%@1728,50%@1728,10%@1728] GR3D_FREQ 64% cpu@71.968C soc2@70.843C soc0@71.312C gpu@73.781C tj@73.781C soc1@71.718C VDD_IN 18697mW/18660mW VDD_CPU_GPU_CV 8842mW/8794mW VDD_SOC 4106mW/4107mW
08-04-2026 11:15:43 RAM 3708/7620MB (lfb 3x1MB) SWAP 2447/12002MB (cached 118MB) CPU [18%@1728,10%@1728,10%@1728,10%@1728,0%@1728,50%@1728] GR3D_FREQ 65% cpu@71.906C soc2@70.75C soc0@71.25C gpu@73.75C tj@73.75C soc1@71.812C VDD_IN 18697mW/18660mW VDD_CPU_GPU_CV 8868mW/8794mW VDD_SOC 4106mW/4107mW
08-04-2026 11:15:43 RAM 3708/7620MB (lfb 3x1MB) SWAP 2447/12002MB (cached 118MB) CPU [0%@1728,9%@1728,0%@1728,0%@1728,0%@1728,60%@1728] GR3D_FREQ 69% cpu@71.812C soc2@70.781C soc0@71.343C gpu@73.75C tj@73.75C soc1@71.75C VDD_IN 18738mW/18660mW VDD_CPU_GPU_CV 8842mW/8794mW VDD_SOC 4106mW/4107mW
08-04-2026 11:15:43 RAM 3708/7620MB (lfb 3x1MB) SWAP 2447/12002MB (cached 118MB) CPU [0%@1728,9%@1728,0%@1728,0%@1728,0%@1728,50%@1728] GR3D_FREQ 68% cpu@71.906C soc2@70.812C soc0@71.406C gpu@74.125C tj@74.125C soc1@71.968C VDD_IN 18738mW/18661mW VDD_CPU_GPU_CV 8842mW/8794mW VDD_SOC 4106mW/4107mW
08-04-2026 11:15:43 RAM 3708/7620MB (lfb 3x1MB) SWAP 2447/12002MB (cached 118MB) CPU [23%@1728,0%@1728,9%@1728,18%@1728,0%@1728,60%@1728] GR3D_FREQ 65% cpu@72.5C soc2@70.843C soc0@71.281C gpu@73.718C tj@73.718C soc1@71.718C VDD_IN 18738mW/18661mW VDD_CPU_GPU_CV 8842mW/8794mW VDD_SOC 4106mW/4107mW
08-04-2026 11:15:43 RAM 3708/7620MB (lfb 3x1MB) SWAP 2447/12002MB (cached 118MB) CPU [0%@1728,0%@1728,20%@1728,18%@1728,0%@1728,61%@1728] GR3D_FREQ 69% cpu@71.843C soc2@70.687C soc0@71.281C gpu@73.625C tj@73.625C soc1@71.718C VDD_IN 18697mW/18661mW VDD_CPU_GPU_CV 8868mW/8794mW VDD_SOC 4106mW/4107mW
08-04-2026 11:15:43 RAM 3708/7620MB (lfb 3x1MB) SWAP 2447/12002MB (cached 118MB) CPU [0%@1728,16%@1728,0%@1728,9%@1728,8%@1728,54%@1728] GR3D_FREQ 65% cpu@71.781C soc2@70.75C soc0@71.312C gpu@73.968C tj@73.968C soc1@71.781C VDD_IN 18697mW/18661mW VDD_CPU_GPU_CV 8828mW/8794mW VDD_SOC 4106mW/4107mW
08-04-2026 11:15:43 RAM 3706/7620MB (lfb 3x1MB) SWAP 2447/12002MB (cached 118MB) CPU [18%@1728,18%@1728,30%@1728,9%@1728,0%@1728,55%@1728] GR3D_FREQ 66% cpu@72.187C soc2@70.812C soc0@71.312C gpu@73.812C tj@73.812C soc1@72C VDD_IN 18697mW/18661mW VDD_CPU_GPU_CV 8828mW/8794mW VDD_SOC 4106mW/4107mW
08-04-2026 11:15:43 RAM 3706/7620MB (lfb 3x1MB) SWAP 2447/12002MB (cached 118MB) CPU [0%@1728,0%@1728,0%@1728,0%@1728,0%@1728,54%@1728] GR3D_FREQ 69% cpu@72.093C soc2@70.812C soc0@71.25C gpu@74.093C tj@74.093C soc1@71.687C VDD_IN 18657mW/18661mW VDD_CPU_GPU_CV 8868mW/8794mW VDD_SOC 4106mW/4107mW
08-04-2026 11:15:43 RAM 3706/7620MB (lfb 3x1MB) SWAP 2447/12002MB (cached 118MB) CPU [0%@1728,0%@1728,9%@1728,0%@1728,30%@1728,20%@1728] GR3D_FREQ 68% cpu@71.875C soc2@70.656C soc0@71.156C gpu@73.968C tj@73.968C soc1@71.781C VDD_IN 18697mW/18661mW VDD_CPU_GPU_CV 8828mW/8795mW VDD_SOC 4106mW/4107mW
08-04-2026 11:15:44 RAM 3706/7620MB (lfb 3x1MB) SWAP 2447/12002MB (cached 118MB) CPU [10%@1728,0%@1728,10%@1728,20%@1728,63%@1728,0%@1728] GR3D_FREQ 66% cpu@72C soc2@70.781C soc0@71.25C gpu@73.718C tj@73.718C soc1@71.843C VDD_IN 18697mW/18661mW VDD_CPU_GPU_CV 8868mW/8795mW VDD_SOC 4146mW/4107mW
08-04-2026 11:15:44 RAM 3707/7620MB (lfb 3x1MB) SWAP 2447/12002MB (cached 118MB) CPU [16%@1728,18%@1728,9%@1728,10%@1728,16%@1728,45%@1728] GR3D_FREQ 68% cpu@72.125C soc2@70.718C soc0@71.312C gpu@73.718C tj@73.718C soc1@71.906C VDD_IN 18738mW/18661mW VDD_CPU_GPU_CV 8868mW/8795mW VDD_SOC 4106mW/4107mW
08-04-2026 11:15:44 RAM 3707/7620MB (lfb 3x1MB) SWAP 2447/12002MB (cached 118MB) CPU [0%@1728,0%@1728,9%@1728,0%@1728,44%@1728,0%@1728] GR3D_FREQ 69% cpu@72.187C soc2@70.593C soc0@71.156C gpu@73.656C tj@73.656C soc1@71.625C VDD_IN 18738mW/18661mW VDD_CPU_GPU_CV 8868mW/8795mW VDD_SOC 4106mW/4107mW
08-04-2026 11:15:44 RAM 3707/7620MB (lfb 3x1MB) SWAP 2447/12002MB (cached 118MB) CPU [9%@1728,9%@1728,9%@1728,0%@1728,0%@1728,55%@1728] GR3D_FREQ 66% cpu@72.187C soc2@70.718C soc0@71.156C gpu@73.718C tj@73.718C soc1@71.656C VDD_IN 18697mW/18661mW VDD_CPU_GPU_CV 8868mW/8795mW VDD_SOC 4106mW/4107mW
08-04-2026 11:15:44 RAM 3707/7620MB (lfb 3x1MB) SWAP 2447/12002MB (cached 118MB) CPU [20%@1728,9%@1728,10%@1728,0%@1728,50%@1728,9%@1728] GR3D_FREQ 72% cpu@72C soc2@70.625C soc0@71.25C gpu@73.625C tj@73.625C soc1@71.687C VDD_IN 18697mW/18661mW VDD_CPU_GPU_CV 8828mW/8795mW VDD_SOC 4106mW/4107mW
08-04-2026 11:15:44 RAM 3707/7620MB (lfb 3x1MB) SWAP 2447/12002MB (cached 118MB) CPU [9%@1728,10%@1728,0%@1728,0%@1728,54%@1728,0%@1728] GR3D_FREQ 65% cpu@71.968C soc2@70.656C soc0@71.343C gpu@73.562C tj@73.562C soc1@71.562C VDD_IN 18738mW/18662mW VDD_CPU_GPU_CV 8868mW/8795mW VDD_SOC 4106mW/4107mW
08-04-2026 11:15:44 RAM 3707/7620MB (lfb 3x1MB) SWAP 2447/12002MB (cached 118MB) CPU [0%@1728,0%@1728,0%@1728,9%@1728,60%@1728,0%@1728] GR3D_FREQ 66% cpu@72C soc2@70.593C soc0@71.156C gpu@73.656C tj@73.656C soc1@71.593C VDD_IN 18738mW/18662mW VDD_CPU_GPU_CV 8828mW/8795mW VDD_SOC 4106mW/4107mW
08-04-2026 11:15:44 RAM 3707/7620MB (lfb 3x1MB) SWAP 2447/12002MB (cached 118MB) CPU [9%@1728,0%@1728,16%@1728,0%@1728,50%@1728,0%@1728] GR3D_FREQ 67% cpu@72.218C soc2@70.562C soc0@71.156C gpu@73.687C tj@73.687C soc1@71.718C VDD_IN 18738mW/18662mW VDD_CPU_GPU_CV 8842mW/8795mW VDD_SOC 4106mW/4107mW
08-04-2026 11:15:44 RAM 3707/7620MB (lfb 3x1MB) SWAP 2447/12002MB (cached 118MB) CPU [9%@1728,9%@1728,0%@1728,0%@1728,60%@1728,0%@1728] GR3D_FREQ 69% cpu@71.781C soc2@70.625C soc0@71.281C gpu@73.562C tj@73.562C soc1@71.75C VDD_IN 18738mW/18662mW VDD_CPU_GPU_CV 8828mW/8795mW VDD_SOC 4106mW/4107mW
08-04-2026 11:15:45 RAM 3707/7620MB (lfb 3x1MB) SWAP 2447/12002MB (cached 118MB) CPU [0%@1728,0%@1728,9%@1728,0%@1728,54%@1728,0%@1728] GR3D_FREQ 67% cpu@71.843C soc2@70.562C soc0@71.312C gpu@74.062C tj@74.062C soc1@71.843C VDD_IN 18738mW/18662mW VDD_CPU_GPU_CV 8828mW/8795mW VDD_SOC 4106mW/4107mW
08-04-2026 11:15:45 RAM 3708/7620MB (lfb 3x1MB) SWAP 2447/12002MB (cached 118MB) CPU [10%@1728,18%@1728,27%@1728,10%@1728,60%@1728,0%@1728] GR3D_FREQ 69% cpu@72.062C soc2@70.593C soc0@71.125C gpu@73.656C tj@73.656C soc1@71.531C VDD_IN 18738mW/18662mW VDD_CPU_GPU_CV 8868mW/8796mW VDD_SOC 4106mW/4107mW
08-04-2026 11:15:45 RAM 3708/7620MB (lfb 3x1MB) SWAP 2447/12002MB (cached 118MB) CPU [16%@1728,9%@1728,0%@1728,9%@1728,10%@1728,40%@1728] GR3D_FREQ 66% cpu@72.093C soc2@70.562C soc0@71.187C gpu@73.531C tj@73.531C soc1@71.656C VDD_IN 18738mW/18662mW VDD_CPU_GPU_CV 8868mW/8796mW VDD_SOC 4106mW/4107mW
08-04-2026 11:15:45 RAM 3708/7620MB (lfb 3x1MB) SWAP 2447/12002MB (cached 118MB) CPU [9%@1728,9%@1728,0%@1728,0%@1728,0%@1728,60%@1728] GR3D_FREQ 67% cpu@71.812C soc2@70.593C soc0@71.25C gpu@73.968C tj@73.968C soc1@71.656C VDD_IN 18738mW/18662mW VDD_CPU_GPU_CV 8828mW/8796mW VDD_SOC 4106mW/4107mW
08-04-2026 11:15:45 RAM 3708/7620MB (lfb 3x1MB) SWAP 2447/12002MB (cached 118MB) CPU [0%@1728,9%@1728,9%@1728,0%@1728,0%@1728,50%@1728] GR3D_FREQ 69% cpu@71.937C soc2@70.718C soc0@71.343C gpu@73.625C tj@73.812C soc1@71.843C VDD_IN 18778mW/18663mW VDD_CPU_GPU_CV 8842mW/8796mW VDD_SOC 4106mW/4107mW
08-04-2026 11:15:45 RAM 3708/7620MB (lfb 3x1MB) SWAP 2447/12002MB (cached 118MB) CPU [0%@1728,0%@1728,0%@1728,0%@1728,0%@1728,61%@1728] GR3D_FREQ 69% cpu@71.875C soc2@70.562C soc0@71.125C gpu@73.531C tj@73.531C soc1@71.625C VDD_IN 18738mW/18663mW VDD_CPU_GPU_CV 8802mW/8796mW VDD_SOC 4106mW/4107mW
08-04-2026 11:15:45 RAM 3708/7620MB (lfb 3x1MB) SWAP 2447/12002MB (cached 118MB) CPU [10%@1728,9%@1728,9%@1728,0%@1728,0%@1728,55%@1728] GR3D_FREQ 67% cpu@71.75C soc2@70.625C soc0@71.218C gpu@73.968C tj@73.968C soc1@71.593C VDD_IN 18738mW/18663mW VDD_CPU_GPU_CV 8842mW/8796mW VDD_SOC 4106mW/4107mW
08-04-2026 11:15:45 RAM 3708/7620MB (lfb 3x1MB) SWAP 2447/12002MB (cached 118MB) CPU [0%@1728,0%@1728,0%@1728,0%@1728,27%@1728,41%@1728] GR3D_FREQ 69% cpu@71.812C soc2@70.687C soc0@71.218C gpu@73.718C tj@73.718C soc1@71.812C VDD_IN 18738mW/18663mW VDD_CPU_GPU_CV 8802mW/8796mW VDD_SOC 4106mW/4107mW
08-04-2026 11:15:45 RAM 3708/7620MB (lfb 3x1MB) SWAP 2447/12002MB (cached 118MB) CPU [0%@1728,0%@1728,0%@1728,0%@1728,36%@1728,18%@1728] GR3D_FREQ 66% cpu@71.812C soc2@70.718C soc0@71.343C gpu@73.562C tj@73.562C soc1@71.875C VDD_IN 18738mW/18663mW VDD_CPU_GPU_CV 8802mW/8796mW VDD_SOC 4106mW/4107mW
08-04-2026 11:15:45 RAM 3708/7620MB (lfb 3x1MB) SWAP 2447/12002MB (cached 118MB) CPU [0%@1728,0%@1728,9%@1728,0%@1728,0%@1728,50%@1728] GR3D_FREQ 69% cpu@71.812C soc2@70.625C soc0@71.093C gpu@74C tj@74C soc1@71.625C VDD_IN 18738mW/18663mW VDD_CPU_GPU_CV 8802mW/8796mW VDD_SOC 4106mW/4107mW
08-04-2026 11:15:46 RAM 3708/7620MB (lfb 3x1MB) SWAP 2447/12002MB (cached 118MB) CPU [16%@1728,18%@1728,18%@1728,10%@1728,0%@1728,55%@1728] GR3D_FREQ 63% cpu@71.968C soc2@70.687C soc0@71.187C gpu@73.75C tj@73.75C soc1@71.656C VDD_IN 18738mW/18663mW VDD_CPU_GPU_CV 8828mW/8796mW VDD_SOC 4106mW/4107mW
08-04-2026 11:15:46 RAM 3708/7620MB (lfb 3x1MB) SWAP 2447/12002MB (cached 118MB) CPU [10%@1728,0%@1728,0%@1728,0%@1728,0%@1728,54%@1728] GR3D_FREQ 66% cpu@71.875C soc2@70.656C soc0@71.25C gpu@73.718C tj@73.718C soc1@71.812C VDD_IN 18738mW/18664mW VDD_CPU_GPU_CV 8828mW/8796mW VDD_SOC 4106mW/4107mW
08-04-2026 11:15:46 RAM 3708/7620MB (lfb 3x1MB) SWAP 2447/12002MB (cached 118MB) CPU [0%@1728,20%@1728,9%@1728,0%@1728,0%@1728,55%@1728] GR3D_FREQ 69% cpu@71.843C soc2@70.718C soc0@71.281C gpu@73.937C tj@73.937C soc1@71.875C VDD_IN 18778mW/18664mW VDD_CPU_GPU_CV 8828mW/8796mW VDD_SOC 4106mW/4107mW
08-04-2026 11:15:46 RAM 3708/7620MB (lfb 3x1MB) SWAP 2447/12002MB (cached 118MB) CPU [0%@1728,0%@1728,9%@1728,9%@1728,0%@1728,50%@1728] GR3D_FREQ 67% cpu@71.812C soc2@70.593C soc0@71.125C gpu@73.843C tj@73.843C soc1@71.593C VDD_IN 18778mW/18664mW VDD_CPU_GPU_CV 8828mW/8796mW VDD_SOC 4106mW/4107mW
08-04-2026 11:15:46 RAM 3708/7620MB (lfb 3x1MB) SWAP 2447/12002MB (cached 118MB) CPU [0%@1728,20%@1728,0%@1728,9%@1728,63%@1728,0%@1728] GR3D_FREQ 67% cpu@71.812C soc2@70.625C soc0@71.156C gpu@73.687C tj@73.687C soc1@71.75C VDD_IN 18697mW/18664mW VDD_CPU_GPU_CV 8828mW/8796mW VDD_SOC 4106mW/4107mW
08-04-2026 11:15:46 RAM 3708/7620MB (lfb 3x1MB) SWAP 2447/12002MB (cached 118MB) CPU [0%@1728,16%@1728,9%@1728,0%@1728,50%@1728,0%@1728] GR3D_FREQ 68% cpu@71.843C soc2@70.656C soc0@71.312C gpu@73.562C tj@73.562C soc1@71.718C VDD_IN 18697mW/18664mW VDD_CPU_GPU_CV 8828mW/8796mW VDD_SOC 4106mW/4107mW
08-04-2026 11:15:46 RAM 3708/7620MB (lfb 3x1MB) SWAP 2447/12002MB (cached 118MB) CPU [9%@1728,9%@1728,0%@1728,0%@1728,60%@1728,0%@1728] GR3D_FREQ 66% cpu@71.937C soc2@70.687C soc0@71.437C gpu@73.687C tj@73.687C soc1@71.812C VDD_IN 18697mW/18664mW VDD_CPU_GPU_CV 8788mW/8796mW VDD_SOC 4106mW/4107mW
08-04-2026 11:15:46 RAM 3708/7620MB (lfb 3x1MB) SWAP 2447/12002MB (cached 118MB) CPU [0%@1728,0%@1728,0%@1728,0%@1728,54%@1728,0%@1728] GR3D_FREQ 67% cpu@71.812C soc2@70.656C soc0@71.156C gpu@73.656C tj@73.656C soc1@71.656C VDD_IN 18697mW/18664mW VDD_CPU_GPU_CV 8828mW/8796mW VDD_SOC 4106mW/4107mW
08-04-2026 11:15:46 RAM 3708/7620MB (lfb 3x1MB) SWAP 2447/12002MB (cached 118MB) CPU [0%@1728,9%@1728,0%@1728,0%@1728,0%@1728,54%@1728] GR3D_FREQ 68% cpu@71.718C soc2@70.593C soc0@71.125C gpu@73.656C tj@73.656C soc1@71.656C VDD_IN 18738mW/18664mW VDD_CPU_GPU_CV 8788mW/8796mW VDD_SOC 4106mW/4107mW
08-04-2026 11:15:47 RAM 3704/7620MB (lfb 3x1MB) SWAP 2447/12002MB (cached 118MB) CPU [0%@1728,0%@1728,36%@1728,0%@1728,0%@1728,60%@1728] GR3D_FREQ 68% cpu@71.812C soc2@70.75C soc0@71.25C gpu@73.75C tj@73.75C soc1@71.75C VDD_IN 18697mW/18664mW VDD_CPU_GPU_CV 8788mW/8796mW VDD_SOC 4106mW/4107mW
08-04-2026 11:15:47 RAM 3705/7620MB (lfb 3x1MB) SWAP 2447/12002MB (cached 118MB) CPU [25%@1728,27%@1728,9%@1728,18%@1728,0%@1728,54%@1728] GR3D_FREQ 65% cpu@71.906C soc2@70.687C soc0@71.312C gpu@73.718C tj@73.718C soc1@71.812C VDD_IN 18697mW/18664mW VDD_CPU_GPU_CV 8828mW/8796mW VDD_SOC 4106mW/4107mW
08-04-2026 11:15:47 RAM 3705/7620MB (lfb 3x1MB) SWAP 2447/12002MB (cached 118MB) CPU [9%@1728,9%@1728,0%@1728,0%@1728,40%@1728,11%@1728] GR3D_FREQ 66% cpu@71.812C soc2@70.625C soc0@71.281C gpu@73.687C tj@73.687C soc1@71.687C VDD_IN 18738mW/18665mW VDD_CPU_GPU_CV 8828mW/8796mW VDD_SOC 4106mW/4107mW
08-04-2026 11:15:47 RAM 3705/7620MB (lfb 3x1MB) SWAP 2447/12002MB (cached 118MB) CPU [0%@1728,0%@1728,9%@1728,0%@1728,50%@1728,0%@1728] GR3D_FREQ 69% cpu@71.843C soc2@70.625C soc0@71.187C gpu@73.562C tj@73.562C soc1@71.781C VDD_IN 18738mW/18665mW VDD_CPU_GPU_CV 8828mW/8796mW VDD_SOC 4106mW/4107mW
08-04-2026 11:15:47 RAM 3705/7620MB (lfb 3x1MB) SWAP 2447/12002MB (cached 118MB) CPU [10%@1728,0%@1728,9%@1728,9%@1728,45%@1728,18%@1728] GR3D_FREQ 66% cpu@71.875C soc2@70.656C soc0@71.312C gpu@73.875C tj@73.875C soc1@71.812C VDD_IN 18738mW/18665mW VDD_CPU_GPU_CV 8788mW/8796mW VDD_SOC 4106mW/4107mW
08-04-2026 11:15:47 RAM 3705/7620MB (lfb 3x1MB) SWAP 2447/12002MB (cached 118MB) CPU [9%@1728,16%@1728,10%@1728,0%@1728,0%@1728,54%@1728] GR3D_FREQ 64% cpu@72.093C soc2@70.781C soc0@71.312C gpu@73.593C tj@73.593C soc1@72C VDD_IN 18657mW/18665mW VDD_CPU_GPU_CV 8788mW/8796mW VDD_SOC 4106mW/4107mW
08-04-2026 11:15:47 RAM 3705/7620MB (lfb 3x1MB) SWAP 2447/12002MB (cached 118MB) CPU [0%@1728,0%@1728,0%@1728,16%@1728,0%@1728,55%@1728] GR3D_FREQ 66% cpu@72.125C soc2@70.687C soc0@71.187C gpu@73.593C tj@73.593C soc1@71.687C VDD_IN 18657mW/18665mW VDD_CPU_GPU_CV 8788mW/8796mW VDD_SOC 4106mW/4107mW
08-04-2026 11:15:47 RAM 3705/7620MB (lfb 3x1MB) SWAP 2447/12002MB (cached 118MB) CPU [0%@1728,23%@1728,9%@1728,0%@1728,10%@1728,40%@1728] GR3D_FREQ 64% cpu@71.875C soc2@70.562C soc0@71.156C gpu@73.937C tj@73.937C soc1@71.718C VDD_IN 18697mW/18665mW VDD_CPU_GPU_CV 8788mW/8796mW VDD_SOC 4106mW/4107mW
08-04-2026 11:15:47 RAM 3705/7620MB (lfb 3x1MB) SWAP 2447/12002MB (cached 118MB) CPU [10%@1728,9%@1728,0%@1728,0%@1728,0%@1728,58%@1728] GR3D_FREQ 70% cpu@71.843C soc2@70.687C soc0@71.281C gpu@73.656C tj@73.656C soc1@71.843C VDD_IN 18697mW/18665mW VDD_CPU_GPU_CV 8788mW/8796mW VDD_SOC 4106mW/4107mW
08-04-2026 11:15:47 RAM 3705/7620MB (lfb 3x1MB) SWAP 2447/12002MB (cached 118MB) CPU [0%@1728,0%@1728,0%@1728,0%@1728,0%@1728,63%@1728] GR3D_FREQ 65% cpu@72.031C soc2@70.718C soc0@71.343C gpu@73.593C tj@73.593C soc1@71.937C VDD_IN 18738mW/18665mW VDD_CPU_GPU_CV 8828mW/8796mW VDD_SOC 4106mW/4107mW
08-04-2026 11:15:48 RAM 3705/7620MB (lfb 3x1MB) SWAP 2447/12002MB (cached 118MB) CPU [20%@1728,10%@1728,0%@1728,0%@1728,0%@1728,54%@1728] GR3D_FREQ 65% cpu@72.406C soc2@70.625C soc0@71.312C gpu@73.968C tj@73.968C soc1@71.718C VDD_IN 18738mW/18665mW VDD_CPU_GPU_CV 8828mW/8797mW VDD_SOC 4106mW/4107mW
08-04-2026 11:15:48 RAM 3705/7620MB (lfb 3x1MB) SWAP 2447/12002MB (cached 118MB) CPU [9%@1728,0%@1728,9%@1728,9%@1728,54%@1728,0%@1728] GR3D_FREQ 64% cpu@71.812C soc2@70.656C soc0@71.25C gpu@73.843C tj@73.843C soc1@71.718C VDD_IN 18738mW/18665mW VDD_CPU_GPU_CV 8828mW/8797mW VDD_SOC 4146mW/4107mW
08-04-2026 11:15:48 RAM 3705/7620MB (lfb 3x1MB) SWAP 2447/12002MB (cached 118MB) CPU [0%@1728,0%@1728,0%@1728,9%@1728,55%@1728,0%@1728] GR3D_FREQ 67% cpu@72C soc2@70.687C soc0@71.281C gpu@74.093C tj@74.093C soc1@71.906C VDD_IN 18738mW/18665mW VDD_CPU_GPU_CV 8828mW/8797mW VDD_SOC 4106mW/4107mW
08-04-2026 11:15:48 RAM 3705/7620MB (lfb 3x1MB) SWAP 2447/12002MB (cached 118MB) CPU [0%@1728,8%@1728,0%@1728,0%@1728,58%@1728,0%@1728] GR3D_FREQ 69% cpu@72.031C soc2@70.718C soc0@71.343C gpu@73.937C tj@73.937C soc1@71.906C VDD_IN 18778mW/18666mW VDD_CPU_GPU_CV 8828mW/8797mW VDD_SOC 4106mW/4107mW
08-04-2026 11:15:48 RAM 3705/7620MB (lfb 3x1MB) SWAP 2447/12002MB (cached 118MB) CPU [45%@1728,10%@1728,27%@1728,27%@1728,0%@1728,30%@1728] GR3D_FREQ 71% cpu@72.281C soc2@70.656C soc0@71.218C gpu@73.781C tj@73.781C soc1@71.656C VDD_IN 18697mW/18666mW VDD_CPU_GPU_CV 8761mW/8797mW VDD_SOC 4106mW/4107mW
08-04-2026 11:15:48 RAM 3705/7620MB (lfb 3x1MB) SWAP 2447/12002MB (cached 118MB) CPU [25%@1728,54%@1728,9%@1728,16%@1728,0%@1728,0%@1728] GR3D_FREQ 66% cpu@72.375C soc2@70.718C soc0@71.312C gpu@73.718C tj@73.718C soc1@71.718C VDD_IN 18657mW/18666mW VDD_CPU_GPU_CV 8761mW/8797mW VDD_SOC 4106mW/4107mW
08-04-2026 11:15:48 RAM 3705/7620MB (lfb 3x1MB) SWAP 2447/12002MB (cached 118MB) CPU [18%@1728,60%@1728,10%@1728,16%@1728,8%@1728,0%@1728] GR3D_FREQ 65% cpu@72.187C soc2@70.75C soc0@71.343C gpu@73.968C tj@73.968C soc1@71.937C VDD_IN 18657mW/18666mW VDD_CPU_GPU_CV 8802mW/8797mW VDD_SOC 4106mW/4107mW
08-04-2026 11:15:48 RAM 3705/7620MB (lfb 3x1MB) SWAP 2447/12002MB (cached 118MB) CPU [0%@1728,58%@1728,8%@1728,0%@1728,0%@1728,0%@1728] GR3D_FREQ 65% cpu@72.156C soc2@70.843C soc0@71.375C gpu@73.75C tj@73.75C soc1@72.093C VDD_IN 18657mW/18666mW VDD_CPU_GPU_CV 8802mW/8797mW VDD_SOC 4106mW/4107mW
08-04-2026 11:15:48 RAM 3705/7620MB (lfb 3x1MB) SWAP 2447/12002MB (cached 118MB) CPU [54%@1728,10%@1728,0%@1728,0%@1728,0%@1728,0%@1728] GR3D_FREQ 70% cpu@72.156C soc2@70.781C soc0@71.312C gpu@73.812C tj@73.812C soc1@71.781C VDD_IN 18617mW/18665mW VDD_CPU_GPU_CV 8802mW/8797mW VDD_SOC 4106mW/4107mW
08-04-2026 11:15:49 RAM 3705/7620MB (lfb 3x1MB) SWAP 2447/12002MB (cached 118MB) CPU [0%@1728,0%@1728,0%@1728,0%@1728,63%@1728,0%@1728] GR3D_FREQ 65% cpu@72.281C soc2@70.656C soc0@71.281C gpu@74C tj@73.656C soc1@71.812C VDD_IN 18657mW/18665mW VDD_CPU_GPU_CV 8802mW/8797mW VDD_SOC 4106mW/4107mW
08-04-2026 11:15:49 RAM 3706/7620MB (lfb 3x1MB) SWAP 2447/12002MB (cached 118MB) CPU [22%@1728,18%@1728,18%@1728,10%@1728,50%@1728,0%@1728] GR3D_FREQ 69% cpu@72.031C soc2@70.843C soc0@71.343C gpu@73.906C tj@73.906C soc1@71.843C VDD_IN 18697mW/18665mW VDD_CPU_GPU_CV 8842mW/8797mW VDD_SOC 4106mW/4107mW
08-04-2026 11:15:49 RAM 3706/7620MB (lfb 3x1MB) SWAP 2447/12002MB (cached 118MB) CPU [0%@1728,0%@1728,0%@1728,9%@1728,66%@1728,0%@1728] GR3D_FREQ 69% cpu@72.031C soc2@70.75C soc0@71.468C gpu@73.687C tj@73.687C soc1@72.031C VDD_IN 18697mW/18666mW VDD_CPU_GPU_CV 8842mW/8797mW VDD_SOC 4106mW/4107mW
08-04-2026 11:15:49 RAM 3706/7620MB (lfb 3x1MB) SWAP 2447/12002MB (cached 118MB) CPU [0%@1728,9%@1728,0%@1728,0%@1728,50%@1728,0%@1728] GR3D_FREQ 65% cpu@72.031C soc2@70.718C soc0@71.25C gpu@73.75C tj@73.75C soc1@71.718C VDD_IN 18697mW/18666mW VDD_CPU_GPU_CV 8842mW/8797mW VDD_SOC 4106mW/4107mW
08-04-2026 11:15:49 RAM 3708/7620MB (lfb 3x1MB) SWAP 2447/12002MB (cached 118MB) CPU [16%@1728,0%@1728,25%@1728,0%@1728,63%@1728,9%@1728] GR3D_FREQ 69% cpu@72.218C soc2@70.75C soc0@71.25C gpu@73.781C tj@73.781C soc1@71.875C VDD_IN 18738mW/18666mW VDD_CPU_GPU_CV 8842mW/8797mW VDD_SOC 4106mW/4107mW
08-04-2026 11:15:49 RAM 3708/7620MB (lfb 3x1MB) SWAP 2447/12002MB (cached 118MB) CPU [0%@1728,0%@1728,10%@1728,9%@1728,50%@1728,0%@1728] GR3D_FREQ 69% cpu@71.937C soc2@70.812C soc0@71.343C gpu@73.781C tj@73.781C soc1@71.906C VDD_IN 18697mW/18666mW VDD_CPU_GPU_CV 8842mW/8797mW VDD_SOC 4106mW/4107mW
08-04-2026 11:15:49 RAM 3708/7620MB (lfb 3x1MB) SWAP 2447/12002MB (cached 118MB) CPU [0%@1728,9%@1728,9%@1728,0%@1728,50%@1728,0%@1728] GR3D_FREQ 69% cpu@72.031C soc2@70.875C soc0@71.531C gpu@73.625C tj@73.625C soc1@71.718C VDD_IN 18738mW/18666mW VDD_CPU_GPU_CV 8842mW/8797mW VDD_SOC 4106mW/4107mW
08-04-2026 11:15:49 RAM 3708/7620MB (lfb 3x1MB) SWAP 2447/12002MB (cached 118MB) CPU [0%@1728,0%@1728,0%@1728,0%@1728,60%@1728,0%@1728] GR3D_FREQ 69% cpu@72.031C soc2@70.687C soc0@71.343C gpu@74.25C tj@74.25C soc1@71.75C VDD_IN 18738mW/18666mW VDD_CPU_GPU_CV 8802mW/8797mW VDD_SOC 4106mW/4107mW
08-04-2026 11:15:49 RAM 3708/7620MB (lfb 3x1MB) SWAP 2447/12002MB (cached 118MB) CPU [0%@1728,9%@1728,0%@1728,0%@1728,54%@1728,0%@1728] GR3D_FREQ 66% cpu@72.031C soc2@70.75C soc0@71.343C gpu@73.812C tj@73.812C soc1@71.875C VDD_IN 18778mW/18666mW VDD_CPU_GPU_CV 8842mW/8797mW VDD_SOC 4106mW/4107mW
08-04-2026 11:15:49 RAM 3708/7620MB (lfb 3x1MB) SWAP 2447/12002MB (cached 118MB) CPU [9%@1728,8%@1728,0%@1728,0%@1728,60%@1728,0%@1728] GR3D_FREQ 69% cpu@71.968C soc2@70.812C soc0@71.343C gpu@73.812C tj@73.812C soc1@71.906C VDD_IN 18778mW/18666mW VDD_CPU_GPU_CV 8802mW/8797mW VDD_SOC 4106mW/4107mW
08-04-2026 11:15:50 RAM 3708/7620MB (lfb 3x1MB) SWAP 2447/12002MB (cached 118MB) CPU [18%@1728,20%@1728,9%@1728,0%@1728,30%@1728,25%@1728] GR3D_FREQ 65% cpu@72.25C soc2@70.937C soc0@71.5C gpu@74.187C tj@74.187C soc1@71.718C VDD_IN 18778mW/18667mW VDD_CPU_GPU_CV 8842mW/8797mW VDD_SOC 4106mW/4107mW
08-04-2026 11:15:50 RAM 3710/7620MB (lfb 3x1MB) SWAP 2447/12002MB (cached 118MB) CPU [10%@1728,27%@1728,10%@1728,27%@1728,50%@1728,0%@1728] GR3D_FREQ 67% cpu@72C soc2@70.781C soc0@71.312C gpu@73.937C tj@73.937C soc1@71.75C VDD_IN 18778mW/18667mW VDD_CPU_GPU_CV 8868mW/8797mW VDD_SOC 4106mW/4107mW
08-04-2026 11:15:50 RAM 3710/7620MB (lfb 3x1MB) SWAP 2447/12002MB (cached 118MB) CPU [0%@1728,0%@1728,0%@1728,0%@1728,66%@1728,0%@1728] GR3D_FREQ 69% cpu@71.968C soc2@70.75C soc0@71.406C gpu@73.75C tj@73.75C soc1@71.906C VDD_IN 18778mW/18667mW VDD_CPU_GPU_CV 8828mW/8797mW VDD_SOC 4106mW/4107mW
08-04-2026 11:15:50 RAM 3710/7620MB (lfb 3x1MB) SWAP 2447/12002MB (cached 118MB) CPU [0%@1728,0%@1728,9%@1728,0%@1728,50%@1728,0%@1728] GR3D_FREQ 65% cpu@72.031C soc2@70.843C soc0@71.468C gpu@74.125C tj@74.125C soc1@71.906C VDD_IN 18778mW/18667mW VDD_CPU_GPU_CV 8828mW/8797mW VDD_SOC 4106mW/4107mW
08-04-2026 11:15:50 RAM 3710/7620MB (lfb 3x1MB) SWAP 2447/12002MB (cached 118MB) CPU [0%@1728,18%@1728,9%@1728,16%@1728,63%@1728,0%@1728] GR3D_FREQ 73% cpu@72.062C soc2@70.906C soc0@71.656C gpu@73.906C tj@73.906C soc1@72.031C VDD_IN 18697mW/18667mW VDD_CPU_GPU_CV 8788mW/8797mW VDD_SOC 4106mW/4107mW
08-04-2026 11:15:50 RAM 3710/7620MB (lfb 3x1MB) SWAP 2447/12002MB (cached 118MB) CPU [16%@1728,0%@1728,0%@1728,9%@1728,54%@1728,0%@1728] GR3D_FREQ 69% cpu@71.968C soc2@70.781C soc0@71.343C gpu@73.906C tj@73.906C soc1@71.843C VDD_IN 18697mW/18667mW VDD_CPU_GPU_CV 8788mW/8797mW VDD_SOC 4106mW/4107mW
08-04-2026 11:15:50 RAM 3710/7620MB (lfb 3x1MB) SWAP 2447/12002MB (cached 118MB) CPU [0%@1728,0%@1728,9%@1728,0%@1728,0%@1728,54%@1728] GR3D_FREQ 66% cpu@72.031C soc2@70.812C soc0@71.437C gpu@74.125C tj@74.125C soc1@71.906C VDD_IN 18697mW/18667mW VDD_CPU_GPU_CV 8761mW/8797mW VDD_SOC 4106mW/4107mW
08-04-2026 11:15:50 RAM 3710/7620MB (lfb 3x1MB) SWAP 2447/12002MB (cached 118MB) CPU [9%@1728,9%@1728,0%@1728,9%@1728,0%@1728,55%@1728] GR3D_FREQ 69% cpu@72C soc2@70.875C soc0@71.468C gpu@74.062C tj@74.062C soc1@71.968C VDD_IN 18697mW/18667mW VDD_CPU_GPU_CV 8802mW/8797mW VDD_SOC 4106mW/4107mW
08-04-2026 11:15:50 RAM 3710/7620MB (lfb 3x1MB) SWAP 2447/12002MB (cached 118MB) CPU [9%@1728,0%@1728,10%@1728,23%@1728,0%@1728,58%@1728] GR3D_FREQ 67% cpu@72.312C soc2@70.875C soc0@71.531C gpu@73.906C tj@73.906C soc1@71.843C VDD_IN 18738mW/18667mW VDD_CPU_GPU_CV 8788mW/8797mW VDD_SOC 4106mW/4107mW
08-04-2026 11:15:51 RAM 3710/7620MB (lfb 3x1MB) SWAP 2447/12002MB (cached 118MB) CPU [0%@1728,0%@1728,15%@1728,0%@1728,0%@1728,55%@1728] GR3D_FREQ 69% cpu@72.062C soc2@70.75C soc0@71.343C gpu@73.843C tj@73.843C soc1@71.75C VDD_IN 18738mW/18668mW VDD_CPU_GPU_CV 8788mW/8797mW VDD_SOC 4106mW/4107mW
08-04-2026 11:15:51 RAM 3710/7620MB (lfb 3x1MB) SWAP 2447/12002MB (cached 118MB) CPU [18%@1728,18%@1728,20%@1728,10%@1728,36%@1728,33%@1728] GR3D_FREQ 67% cpu@72.093C soc2@70.843C soc0@71.375C gpu@74C tj@74C soc1@71.843C VDD_IN 18738mW/18668mW VDD_CPU_GPU_CV 8788mW/8797mW VDD_SOC 4106mW/4107mW
08-04-2026 11:15:51 RAM 3710/7620MB (lfb 3x1MB) SWAP 2447/12002MB (cached 118MB) CPU [0%@1728,30%@1728,9%@1728,0%@1728,55%@1728,0%@1728] GR3D_FREQ 67% cpu@72.062C soc2@70.843C soc0@71.5C gpu@73.875C tj@73.875C soc1@71.937C VDD_IN 18738mW/18668mW VDD_CPU_GPU_CV 8828mW/8797mW VDD_SOC 4106mW/4107mW
08-04-2026 11:15:51 RAM 3710/7620MB (lfb 3x1MB) SWAP 2447/12002MB (cached 118MB) CPU [9%@1728,27%@1728,0%@1728,9%@1728,27%@1728,30%@1728] GR3D_FREQ 68% cpu@72.218C soc2@70.875C soc0@71.468C gpu@73.781C tj@73.781C soc1@71.843C VDD_IN 18738mW/18668mW VDD_CPU_GPU_CV 8828mW/8797mW VDD_SOC 4146mW/4107mW
08-04-2026 11:15:51 RAM 3710/7620MB (lfb 3x1MB) SWAP 2447/12002MB (cached 118MB) CPU [0%@1728,10%@1728,0%@1728,9%@1728,36%@1728,20%@1728] GR3D_FREQ 68% cpu@72.562C soc2@70.812C soc0@71.406C gpu@73.718C tj@73.718C soc1@71.875C VDD_IN 18738mW/18668mW VDD_CPU_GPU_CV 8828mW/8797mW VDD_SOC 4106mW/4107mW
08-04-2026 11:15:51 RAM 3710/7620MB (lfb 3x1MB) SWAP 2447/12002MB (cached 118MB) CPU [0%@1728,18%@1728,0%@1728,0%@1728,66%@1728,0%@1728] GR3D_FREQ 66% cpu@72C soc2@70.843C soc0@71.343C gpu@73.906C tj@73.906C soc1@71.937C VDD_IN 18738mW/18668mW VDD_CPU_GPU_CV 8788mW/8797mW VDD_SOC 4106mW/4107mW
08-04-2026 11:15:51 RAM 3710/7620MB (lfb 3x1MB) SWAP 2447/12002MB (cached 118MB) CPU [0%@1728,0%@1728,0%@1728,0%@1728,54%@1728,0%@1728] GR3D_FREQ 70% cpu@72.156C soc2@70.875C soc0@71.406C gpu@73.656C tj@73.656C soc1@72.031C VDD_IN 18738mW/18668mW VDD_CPU_GPU_CV 8788mW/8797mW VDD_SOC 4106mW/4107mW
08-04-2026 11:15:51 RAM 3710/7620MB (lfb 3x1MB) SWAP 2447/12002MB (cached 118MB) CPU [9%@1728,0%@1728,9%@1728,10%@1728,54%@1728,0%@1728] GR3D_FREQ 69% cpu@72.281C soc2@70.875C soc0@71.625C gpu@73.687C tj@73.687C soc1@71.875C VDD_IN 18738mW/18668mW VDD_CPU_GPU_CV 8828mW/8797mW VDD_SOC 4106mW/4107mW
08-04-2026 11:15:51 RAM 3710/7620MB (lfb 3x1MB) SWAP 2447/12002MB (cached 118MB) CPU [0%@1728,0%@1728,0%@1728,0%@1728,55%@1728,0%@1728] GR3D_FREQ 66% cpu@72.312C soc2@70.843C soc0@71.343C gpu@74.093C tj@74.093C soc1@71.843C VDD_IN 18738mW/18668mW VDD_CPU_GPU_CV 8828mW/8798mW VDD_SOC 4106mW/4107mW
08-04-2026 11:15:51 RAM 3710/7620MB (lfb 3x1MB) SWAP 2447/12002MB (cached 118MB) CPU [0%@1728,0%@1728,8%@1728,16%@1728,54%@1728,0%@1728] GR3D_FREQ 66% cpu@71.968C soc2@70.843C soc0@71.343C gpu@73.812C tj@73.812C soc1@71.843C VDD_IN 18778mW/18669mW VDD_CPU_GPU_CV 8788mW/8797mW VDD_SOC 4106mW/4107mW
08-04-2026 11:15:52 RAM 3711/7620MB (lfb 3x1MB) SWAP 2447/12002MB (cached 118MB) CPU [11%@1728,9%@1728,23%@1728,20%@1728,55%@1728,0%@1728] GR3D_FREQ 68% cpu@72.218C soc2@70.843C soc0@71.437C gpu@73.687C tj@73.687C soc1@71.937C VDD_IN 18738mW/18669mW VDD_CPU_GPU_CV 8828mW/8798mW VDD_SOC 4106mW/4107mW
08-04-2026 11:15:52 RAM 3711/7620MB (lfb 3x1MB) SWAP 2447/12002MB (cached 118MB) CPU [0%@1728,0%@1728,0%@1728,0%@1728,9%@1728,45%@1728] GR3D_FREQ 68% cpu@72.25C soc2@70.843C soc0@71.531C gpu@74.062C tj@74.062C soc1@71.718C VDD_IN 18697mW/18669mW VDD_CPU_GPU_CV 8828mW/8798mW VDD_SOC 4106mW/4107mW
08-04-2026 11:15:52 RAM 3711/7620MB (lfb 3x1MB) SWAP 2447/12002MB (cached 118MB) CPU [0%@1728,0%@1728,0%@1728,0%@1728,0%@1728,55%@1728] GR3D_FREQ 68% cpu@72.156C soc2@70.75C soc0@71.375C gpu@74C tj@74C soc1@71.875C VDD_IN 18738mW/18669mW VDD_CPU_GPU_CV 8788mW/8798mW VDD_SOC 4106mW/4107mW
08-04-2026 11:15:52 RAM 3711/7620MB (lfb 3x1MB) SWAP 2447/12002MB (cached 118MB) CPU [0%@1728,0%@1728,16%@1728,8%@1728,0%@1728,58%@1728] GR3D_FREQ 66% cpu@72.031C soc2@70.812C soc0@71.406C gpu@74.187C tj@74.187C soc1@71.906C VDD_IN 18738mW/18669mW VDD_CPU_GPU_CV 8828mW/8798mW VDD_SOC 4106mW/4107mW
08-04-2026 11:15:52 RAM 3711/7620MB (lfb 3x1MB) SWAP 2447/12002MB (cached 118MB) CPU [0%@1728,18%@1728,10%@1728,0%@1728,0%@1728,55%@1728] GR3D_FREQ 71% cpu@72.187C soc2@70.843C soc0@71.406C gpu@74.093C tj@74.093C soc1@71.937C VDD_IN 18738mW/18669mW VDD_CPU_GPU_CV 8828mW/8798mW VDD_SOC 4106mW/4107mW
08-04-2026 11:15:52 RAM 3711/7620MB (lfb 3x1MB) SWAP 2447/12002MB (cached 118MB) CPU [28%@1728,0%@1728,0%@1728,9%@1728,0%@1728,58%@1728] GR3D_FREQ 68% cpu@72.187C soc2@70.843C soc0@71.312C gpu@73.937C tj@73.937C soc1@71.75C VDD_IN 18778mW/18669mW VDD_CPU_GPU_CV 8828mW/8798mW VDD_SOC 4106mW/4107mW
08-04-2026 11:15:52 RAM 3711/7620MB (lfb 3x1MB) SWAP 2447/12002MB (cached 118MB) CPU [18%@1728,9%@1728,9%@1728,0%@1728,0%@1728,58%@1728] GR3D_FREQ 66% cpu@72.187C soc2@70.812C soc0@71.281C gpu@74.125C tj@74.125C soc1@71.718C VDD_IN 18697mW/18669mW VDD_CPU_GPU_CV 8788mW/8798mW VDD_SOC 4106mW/4107mW
08-04-2026 11:15:52 RAM 3711/7620MB (lfb 3x1MB) SWAP 2447/12002MB (cached 118MB) CPU [0%@1728,10%@1728,0%@1728,0%@1728,0%@1728,63%@1728] GR3D_FREQ 65% cpu@72.031C soc2@70.843C soc0@71.281C gpu@74.093C tj@74.093C soc1@72C VDD_IN 18738mW/18669mW VDD_CPU_GPU_CV 8828mW/8798mW VDD_SOC 4106mW/4107mW
08-04-2026 11:15:52 RAM 3711/7620MB (lfb 3x1MB) SWAP 2447/12002MB (cached 118MB) CPU [9%@1728,9%@1728,0%@1728,0%@1728,0%@1728,50%@1728] GR3D_FREQ 69% cpu@72C soc2@70.781C soc0@71.468C gpu@74C tj@74C soc1@71.968C VDD_IN 18738mW/18669mW VDD_CPU_GPU_CV 8788mW/8798mW VDD_SOC 4106mW/4107mW
08-04-2026 11:15:53 RAM 3711/7620MB (lfb 3x1MB) SWAP 2447/12002MB (cached 118MB) CPU [0%@1728,0%@1728,0%@1728,0%@1728,0%@1728,55%@1728] GR3D_FREQ 65% cpu@72.031C soc2@70.875C soc0@71.531C gpu@73.875C tj@73.875C soc1@72.093C VDD_IN 18738mW/18670mW VDD_CPU_GPU_CV 8828mW/8798mW VDD_SOC 4106mW/4107mW
08-04-2026 11:15:53 RAM 3712/7620MB (lfb 3x1MB) SWAP 2447/12002MB (cached 118MB) CPU [10%@1728,10%@1728,9%@1728,27%@1728,0%@1728,50%@1728] GR3D_FREQ 66% cpu@72.218C soc2@70.781C soc0@71.343C gpu@74C tj@74C soc1@71.843C VDD_IN 18738mW/18670mW VDD_CPU_GPU_CV 8868mW/8798mW VDD_SOC 4106mW/4107mW
08-04-2026 11:15:53 RAM 3705/7620MB (lfb 3x1MB) SWAP 2447/12002MB (cached 118MB) CPU [18%@1728,16%@1728,30%@1728,18%@1728,9%@1728,63%@1728] GR3D_FREQ 65% cpu@72C soc2@70.843C soc0@71.343C gpu@73.875C tj@73.875C soc1@71.843C VDD_IN 18697mW/18670mW VDD_CPU_GPU_CV 8868mW/8798mW VDD_SOC 4106mW/4107mW
08-04-2026 11:15:53 RAM 3705/7620MB (lfb 3x1MB) SWAP 2447/12002MB (cached 118MB) CPU [0%@1728,0%@1728,0%@1728,9%@1728,0%@1728,54%@1728] GR3D_FREQ 67% cpu@72C soc2@70.812C soc0@71.406C gpu@73.812C tj@73.812C soc1@71.937C VDD_IN 18697mW/18670mW VDD_CPU_GPU_CV 8868mW/8798mW VDD_SOC 4106mW/4107mW
08-04-2026 11:15:53 RAM 3706/7620MB (lfb 3x1MB) SWAP 2447/12002MB (cached 118MB) CPU [16%@1728,18%@1728,16%@1728,10%@1728,0%@1728,60%@1728] GR3D_FREQ 70% cpu@72.281C soc2@70.875C soc0@71.281C gpu@73.75C tj@73.75C soc1@71.843C VDD_IN 18738mW/18670mW VDD_CPU_GPU_CV 8868mW/8798mW VDD_SOC 4106mW/4107mW
08-04-2026 11:15:53 RAM 3706/7620MB (lfb 3x1MB) SWAP 2447/12002MB (cached 118MB) CPU [10%@1728,10%@1728,18%@1728,18%@1728,9%@1728,50%@1728] GR3D_FREQ 69% cpu@72.031C soc2@70.843C soc0@71.343C gpu@73.843C tj@73.718C soc1@71.843C VDD_IN 18657mW/18670mW VDD_CPU_GPU_CV 8868mW/8798mW VDD_SOC 4106mW/4107mW
08-04-2026 11:15:53 RAM 3706/7620MB (lfb 3x1MB) SWAP 2447/12002MB (cached 118MB) CPU [9%@1728,9%@1728,0%@1728,0%@1728,0%@1728,60%@1728] GR3D_FREQ 66% cpu@72.093C soc2@70.812C soc0@71.343C gpu@73.75C tj@73.75C soc1@71.937C VDD_IN 18697mW/18670mW VDD_CPU_GPU_CV 8788mW/8798mW VDD_SOC 4106mW/4107mW
08-04-2026 11:15:53 RAM 3706/7620MB (lfb 3x1MB) SWAP 2447/12002MB (cached 118MB) CPU [0%@1728,0%@1728,0%@1728,0%@1728,0%@1728,54%@1728] GR3D_FREQ 69% cpu@71.968C soc2@70.843C soc0@71.468C gpu@73.687C tj@73.687C soc1@72.031C VDD_IN 18697mW/18670mW VDD_CPU_GPU_CV 8828mW/8798mW VDD_SOC 4106mW/4107mW
08-04-2026 11:15:53 RAM 3706/7620MB (lfb 3x1MB) SWAP 2447/12002MB (cached 118MB) CPU [0%@1728,9%@1728,0%@1728,0%@1728,0%@1728,50%@1728] GR3D_FREQ 64% cpu@72.093C soc2@70.906C soc0@71.343C gpu@74.281C tj@74.281C soc1@71.812C VDD_IN 18697mW/18670mW VDD_CPU_GPU_CV 8828mW/8798mW VDD_SOC 4106mW/4107mW
08-04-2026 11:15:53 RAM 3706/7620MB (lfb 3x1MB) SWAP 2447/12002MB (cached 118MB) CPU [0%@1728,0%@1728,0%@1728,0%@1728,0%@1728,60%@1728] GR3D_FREQ 65% cpu@71.875C soc2@70.75C soc0@71.343C gpu@73.812C tj@73.812C soc1@71.812C VDD_IN 18738mW/18670mW VDD_CPU_GPU_CV 8788mW/8798mW VDD_SOC 4106mW/4107mW
08-04-2026 11:15:54 RAM 3708/7620MB (lfb 3x1MB) SWAP 2447/12002MB (cached 118MB) CPU [25%@1728,25%@1728,18%@1728,18%@1728,0%@1728,50%@1728] GR3D_FREQ 66% cpu@72.343C soc2@70.843C soc0@71.5C gpu@73.687C tj@73.687C soc1@71.906C VDD_IN 18697mW/18670mW VDD_CPU_GPU_CV 8788mW/8798mW VDD_SOC 4106mW/4107mW
08-04-2026 11:15:54 RAM 3708/7620MB (lfb 3x1MB) SWAP 2447/12002MB (cached 118MB) CPU [0%@1728,18%@1728,50%@1728,0%@1728,0%@1728,0%@1728] GR3D_FREQ 64% cpu@72.312C soc2@70.843C soc0@71.593C gpu@74.125C tj@74.125C soc1@72C VDD_IN 18617mW/18670mW VDD_CPU_GPU_CV 8747mW/8798mW VDD_SOC 4106mW/4107mW
08-04-2026 11:15:54 RAM 3708/7620MB (lfb 3x1MB) SWAP 2447/12002MB (cached 118MB) CPU [61%@1728,0%@1728,0%@1728,0%@1728,0%@1728,0%@1728] GR3D_FREQ 69% cpu@72.281C soc2@70.843C soc0@71.343C gpu@74C tj@74C soc1@71.843C VDD_IN 18617mW/18670mW VDD_CPU_GPU_CV 8747mW/8798mW VDD_SOC 4106mW/4107mW
08-04-2026 11:15:54 RAM 3708/7620MB (lfb 3x1MB) SWAP 2447/12002MB (cached 118MB) CPU [10%@1728,0%@1728,45%@1728,0%@1728,0%@1728,0%@1728] GR3D_FREQ 65% cpu@72.406C soc2@70.843C soc0@71.343C gpu@73.968C tj@73.968C soc1@71.937C VDD_IN 18617mW/18670mW VDD_CPU_GPU_CV 8707mW/8798mW VDD_SOC 4106mW/4107mW
08-04-2026 11:15:54 RAM 3708/7620MB (lfb 3x1MB) SWAP 2447/12002MB (cached 118MB) CPU [18%@1728,30%@1728,20%@1728,50%@1728,0%@1728,10%@1728] GR3D_FREQ 67% cpu@72.156C soc2@70.906C soc0@71.406C gpu@74.093C tj@74.093C soc1@71.968C VDD_IN 18606mW/18670mW VDD_CPU_GPU_CV 8681mW/8798mW VDD_SOC 4106mW/4107mW
08-04-2026 11:15:54 RAM 3708/7620MB (lfb 3x1MB) SWAP 2447/12002MB (cached 118MB) CPU [0%@1728,0%@1728,9%@1728,9%@1728,0%@1728,55%@1728] GR3D_FREQ 66% cpu@72.125C soc2@70.843C soc0@71.531C gpu@74.031C tj@74.031C soc1@72.156C VDD_IN 18617mW/18670mW VDD_CPU_GPU_CV 8707mW/8798mW VDD_SOC 4106mW/4107mW
08-04-2026 11:15:54 RAM 3708/7620MB (lfb 3x1MB) SWAP 2447/12002MB (cached 118MB) CPU [0%@1728,16%@1728,0%@1728,0%@1728,8%@1728,54%@1728] GR3D_FREQ 69% cpu@72.343C soc2@70.843C soc0@71.312C gpu@73.937C tj@73.937C soc1@71.781C VDD_IN 18617mW/18670mW VDD_CPU_GPU_CV 8707mW/8798mW VDD_SOC 4106mW/4107mW
08-04-2026 11:15:54 RAM 3708/7620MB (lfb 3x1MB) SWAP 2447/12002MB (cached 118MB) CPU [0%@1728,0%@1728,0%@1728,0%@1728,9%@1728,55%@1728] GR3D_FREQ 67% cpu@71.937C soc2@70.843C soc0@71.437C gpu@73.937C tj@73.937C soc1@71.906C VDD_IN 18657mW/18670mW VDD_CPU_GPU_CV 8747mW/8798mW VDD_SOC 4106mW/4107mW
08-04-2026 11:15:54 RAM 3708/7620MB (lfb 3x1MB) SWAP 2447/12002MB (cached 118MB) CPU [0%@1728,0%@1728,0%@1728,9%@1728,0%@1728,50%@1728] GR3D_FREQ 67% cpu@71.875C soc2@70.843C soc0@71.406C gpu@74C tj@74C soc1@71.968C VDD_IN 18657mW/18670mW VDD_CPU_GPU_CV 8747mW/8797mW VDD_SOC 4106mW/4107mW
08-04-2026 11:15:55 RAM 3708/7620MB (lfb 3x1MB) SWAP 2447/12002MB (cached 118MB) CPU [0%@1728,0%@1728,0%@1728,9%@1728,0%@1728,60%@1728] GR3D_FREQ 69% cpu@72.062C soc2@70.843C soc0@71.593C gpu@73.937C tj@73.937C soc1@72.125C VDD_IN 18657mW/18670mW VDD_CPU_GPU_CV 8747mW/8797mW VDD_SOC 4106mW/4107mW
08-04-2026 11:15:55 RAM 3708/7620MB (lfb 3x1MB) SWAP 2447/12002MB (cached 118MB) CPU [25%@1728,11%@1728,0%@1728,18%@1728,0%@1728,58%@1728] GR3D_FREQ 67% cpu@72.406C soc2@70.843C soc0@71.406C gpu@73.843C tj@73.843C soc1@71.875C VDD_IN 18697mW/18670mW VDD_CPU_GPU_CV 8788mW/8797mW VDD_SOC 4106mW/4107mW
08-04-2026 11:15:55 RAM 3708/7620MB (lfb 3x1MB) SWAP 2447/12002MB (cached 118MB) CPU [0%@1728,9%@1728,9%@1728,0%@1728,45%@1728,18%@1728] GR3D_FREQ 68% cpu@72.031C soc2@70.875C soc0@71.343C gpu@74.031C tj@74.031C soc1@71.937C VDD_IN 18697mW/18670mW VDD_CPU_GPU_CV 8788mW/8797mW VDD_SOC 4106mW/4107mW
08-04-2026 11:15:55 RAM 3708/7620MB (lfb 3x1MB) SWAP 2447/12002MB (cached 118MB) CPU [0%@1728,9%@1728,0%@1728,0%@1728,60%@1728,0%@1728] GR3D_FREQ 69% cpu@71.968C soc2@70.875C soc0@71.562C gpu@74C tj@74C soc1@71.937C VDD_IN 18697mW/18670mW VDD_CPU_GPU_CV 8788mW/8797mW VDD_SOC 4106mW/4107mW
08-04-2026 11:15:55 RAM 3708/7620MB (lfb 3x1MB) SWAP 2447/12002MB (cached 118MB) CPU [0%@1728,10%@1728,0%@1728,9%@1728,50%@1728,0%@1728] GR3D_FREQ 67% cpu@72.281C soc2@70.937C soc0@71.593C gpu@73.812C tj@73.812C soc1@72.031C VDD_IN 18738mW/18670mW VDD_CPU_GPU_CV 8788mW/8797mW VDD_SOC 4106mW/4107mW
08-04-2026 11:15:55 RAM 3708/7620MB (lfb 3x1MB) SWAP 2447/12002MB (cached 118MB) CPU [16%@1728,0%@1728,0%@1728,0%@1728,60%@1728,0%@1728] GR3D_FREQ 68% cpu@72.281C soc2@70.843C soc0@71.406C gpu@73.781C tj@73.781C soc1@71.812C VDD_IN 18697mW/18670mW VDD_CPU_GPU_CV 8747mW/8797mW VDD_SOC 4106mW/4107mW
08-04-2026 11:15:55 RAM 3708/7620MB (lfb 3x1MB) SWAP 2447/12002MB (cached 118MB) CPU [0%@1728,9%@1728,9%@1728,0%@1728,50%@1728,0%@1728] GR3D_FREQ 70% cpu@72.437C soc2@70.812C soc0@71.375C gpu@73.875C tj@73.875C soc1@71.875C VDD_IN 18697mW/18670mW VDD_CPU_GPU_CV 8747mW/8797mW VDD_SOC 4106mW/4107mW
08-04-2026 11:15:55 RAM 3708/7620MB (lfb 3x1MB) SWAP 2447/12002MB (cached 118MB) CPU [0%@1728,0%@1728,0%@1728,9%@1728,60%@1728,0%@1728] GR3D_FREQ 69% cpu@72.062C soc2@70.875C soc0@71.468C gpu@73.843C tj@73.843C soc1@71.968C VDD_IN 18727mW/18670mW VDD_CPU_GPU_CV 8747mW/8797mW VDD_SOC 4106mW/4107mW
08-04-2026 11:15:55 RAM 3708/7620MB (lfb 3x1MB) SWAP 2447/12002MB (cached 118MB) CPU [0%@1728,0%@1728,0%@1728,0%@1728,54%@1728,0%@1728] GR3D_FREQ 69% cpu@72.25C soc2@70.906C soc0@71.562C gpu@73.687C tj@73.687C soc1@72.156C VDD_IN 18697mW/18670mW VDD_CPU_GPU_CV 8747mW/8797mW VDD_SOC 4106mW/4107mW
08-04-2026 11:15:56 RAM 3708/7620MB (lfb 3x1MB) SWAP 2447/12002MB (cached 118MB) CPU [36%@1728,0%@1728,0%@1728,36%@1728,0%@1728,0%@1728] GR3D_FREQ 65% cpu@72.343C soc2@70.843C soc0@71.343C gpu@74.187C tj@74.187C soc1@71.812C VDD_IN 18657mW/18670mW VDD_CPU_GPU_CV 8747mW/8797mW VDD_SOC 4106mW/4107mW
08-04-2026 11:15:56 RAM 3708/7620MB (lfb 3x1MB) SWAP 2447/12002MB (cached 118MB) CPU [63%@1728,20%@1728,9%@1728,18%@1728,0%@1728,0%@1728] GR3D_FREQ 63% cpu@72.375C soc2@70.906C soc0@71.468C gpu@73.937C tj@73.937C soc1@71.906C VDD_IN 18536mW/18670mW VDD_CPU_GPU_CV 8721mW/8797mW VDD_SOC 4106mW/4107mW
08-04-2026 11:15:56 RAM 3708/7620MB (lfb 3x1MB) SWAP 2447/12002MB (cached 118MB) CPU [27%@1728,9%@1728,0%@1728,45%@1728,9%@1728,9%@1728] GR3D_FREQ 69% cpu@72.312C soc2@70.906C soc0@71.5C gpu@73.656C tj@73.656C soc1@71.968C VDD_IN 18536mW/18670mW VDD_CPU_GPU_CV 8721mW/8797mW VDD_SOC 4106mW/4107mW
08-04-2026 11:15:56 RAM 3708/7620MB (lfb 3x1MB) SWAP 2447/12002MB (cached 118MB) CPU [9%@1728,9%@1728,0%@1728,60%@1728,0%@1728,0%@1728] GR3D_FREQ 68% cpu@72.312C soc2@71C soc0@71.562C gpu@74.187C tj@74.187C soc1@72.093C VDD_IN 18617mW/18669mW VDD_CPU_GPU_CV 8761mW/8797mW VDD_SOC 4106mW/4107mW
08-04-2026 11:15:56 RAM 3708/7620MB (lfb 3x1MB) SWAP 2447/12002MB (cached 118MB) CPU [0%@1728,23%@1728,0%@1728,55%@1728,0%@1728,0%@1728] GR3D_FREQ 64% cpu@72.437C soc2@70.875C soc0@71.375C gpu@74.062C tj@74.062C soc1@71.812C VDD_IN 18617mW/18669mW VDD_CPU_GPU_CV 8761mW/8797mW VDD_SOC 4106mW/4107mW
08-04-2026 11:15:56 RAM 3707/7620MB (lfb 3x1MB) SWAP 2447/12002MB (cached 118MB) CPU [30%@1728,27%@1728,20%@1728,38%@1728,25%@1728,46%@1728] GR3D_FREQ 69% cpu@72.125C soc2@70.843C soc0@71.343C gpu@73.593C tj@73.593C soc1@71.875C VDD_IN 18495mW/18669mW VDD_CPU_GPU_CV 8721mW/8797mW VDD_SOC 4106mW/4107mW
08-04-2026 11:15:56 RAM 3707/7620MB (lfb 3x1MB) SWAP 2447/12002MB (cached 118MB) CPU [0%@1728,10%@1728,0%@1728,0%@1728,0%@1728,60%@1728] GR3D_FREQ 69% cpu@72.093C soc2@70.875C soc0@71.343C gpu@74.031C tj@74.031C soc1@71.937C VDD_IN 18576mW/18669mW VDD_CPU_GPU_CV 8721mW/8796mW VDD_SOC 4106mW/4107mW
08-04-2026 11:15:56 RAM 3707/7620MB (lfb 3x1MB) SWAP 2447/12002MB (cached 118MB) CPU [18%@1728,10%@1728,9%@1728,0%@1728,30%@1728,27%@1728] GR3D_FREQ 68% cpu@72.062C soc2@70.843C soc0@71.5C gpu@73.937C tj@73.937C soc1@72.031C VDD_IN 18536mW/18669mW VDD_CPU_GPU_CV 8721mW/8796mW VDD_SOC 4106mW/4107mW
08-04-2026 11:15:56 RAM 3707/7620MB (lfb 3x1MB) SWAP 2447/12002MB (cached 118MB) CPU [0%@1728,0%@1728,0%@1728,8%@1728,0%@1728,63%@1728] GR3D_FREQ 66% cpu@72.031C soc2@70.75C soc0@71.218C gpu@73.906C tj@73.906C soc1@71.812C VDD_IN 18576mW/18669mW VDD_CPU_GPU_CV 8747mW/8796mW VDD_SOC 4106mW/4107mW
08-04-2026 11:15:56 RAM 3707/7620MB (lfb 3x1MB) SWAP 2447/12002MB (cached 118MB) CPU [0%@1728,9%@1728,0%@1728,9%@1728,40%@1728,20%@1728] GR3D_FREQ 68% cpu@72.031C soc2@70.781C soc0@71.312C gpu@74.031C tj@74.031C soc1@71.812C VDD_IN 18617mW/18669mW VDD_CPU_GPU_CV 8761mW/8796mW VDD_SOC 4106mW/4107mW
08-04-2026 11:15:57 RAM 3707/7620MB (lfb 3x1MB) SWAP 2447/12002MB (cached 118MB) CPU [9%@1728,8%@1728,16%@1728,9%@1728,60%@1728,0%@1728] GR3D_FREQ 65% cpu@71.906C soc2@70.812C soc0@71.343C gpu@73.906C tj@73.906C soc1@71.906C VDD_IN 18657mW/18669mW VDD_CPU_GPU_CV 8761mW/8796mW VDD_SOC 4106mW/4107mW
08-04-2026 11:15:57 RAM 3708/7620MB (lfb 3x1MB) SWAP 2447/12002MB (cached 118MB) CPU [0%@1728,22%@1728,9%@1728,10%@1728,54%@1728,9%@1728] GR3D_FREQ 64% cpu@72.093C soc2@70.812C soc0@71.375C gpu@73.812C tj@73.812C soc1@71.781C VDD_IN 18657mW/18669mW VDD_CPU_GPU_CV 8788mW/8796mW VDD_SOC 4106mW/4107mW
08-04-2026 11:15:57 RAM 3708/7620MB (lfb 3x1MB) SWAP 2447/12002MB (cached 118MB) CPU [0%@1728,9%@1728,0%@1728,0%@1728,60%@1728,0%@1728] GR3D_FREQ 67% cpu@72.062C soc2@70.75C soc0@71.343C gpu@74C tj@74C soc1@71.781C VDD_IN 18697mW/18669mW VDD_CPU_GPU_CV 8788mW/8796mW VDD_SOC 4106mW/4107mW
08-04-2026 11:15:57 RAM 3708/7620MB (lfb 3x1MB) SWAP 2447/12002MB (cached 118MB) CPU [9%@1728,0%@1728,0%@1728,0%@1728,54%@1728,9%@1728] GR3D_FREQ 68% cpu@71.906C soc2@70.656C soc0@71.343C gpu@73.875C tj@73.875C soc1@71.812C VDD_IN 18697mW/18669mW VDD_CPU_GPU_CV 8802mW/8796mW VDD_SOC 4106mW/4107mW
08-04-2026 11:15:57 RAM 3708/7620MB (lfb 3x1MB) SWAP 2447/12002MB (cached 118MB) CPU [0%@1728,23%@1728,0%@1728,16%@1728,60%@1728,0%@1728] GR3D_FREQ 69% cpu@72.062C soc2@70.75C soc0@71.375C gpu@73.781C tj@73.781C soc1@71.906C VDD_IN 18697mW/18669mW VDD_CPU_GPU_CV 8842mW/8796mW VDD_SOC 4106mW/4107mW
08-04-2026 11:15:57 RAM 3708/7620MB (lfb 3x1MB) SWAP 2447/12002MB (cached 118MB) CPU [0%@1728,0%@1728,0%@1728,0%@1728,58%@1728,0%@1728] GR3D_FREQ 69% cpu@71.937C soc2@70.718C soc0@71.375C gpu@73.625C tj@73.625C soc1@71.937C VDD_IN 18657mW/18669mW VDD_CPU_GPU_CV 8802mW/8796mW VDD_SOC 4106mW/4107mW
08-04-2026 11:15:57 RAM 3708/7620MB (lfb 3x1MB) SWAP 2447/12002MB (cached 118MB) CPU [0%@1728,0%@1728,0%@1728,0%@1728,60%@1728,0%@1728] GR3D_FREQ 68% cpu@71.875C soc2@70.718C soc0@71.218C gpu@73.75C tj@73.625C soc1@71.687C VDD_IN 18697mW/18669mW VDD_CPU_GPU_CV 8802mW/8796mW VDD_SOC 4106mW/4107mW
08-04-2026 11:15:57 RAM 3708/7620MB (lfb 3x1MB) SWAP 2447/12002MB (cached 118MB) CPU [8%@1728,0%@1728,9%@1728,0%@1728,54%@1728,0%@1728] GR3D_FREQ 69% cpu@71.843C soc2@70.718C soc0@71.312C gpu@73.718C tj@73.718C soc1@71.75C VDD_IN 18697mW/18669mW VDD_CPU_GPU_CV 8802mW/8796mW VDD_SOC 4106mW/4107mW
08-04-2026 11:15:57 RAM 3708/7620MB (lfb 3x1MB) SWAP 2447/12002MB (cached 118MB) CPU [0%@1728,9%@1728,0%@1728,0%@1728,60%@1728,9%@1728] GR3D_FREQ 64% cpu@71.875C soc2@70.75C soc0@71.343C gpu@73.656C tj@73.656C soc1@71.781C VDD_IN 18697mW/18669mW VDD_CPU_GPU_CV 8828mW/8796mW VDD_SOC 4106mW/4107mW
08-04-2026 11:15:58 RAM 3708/7620MB (lfb 3x1MB) SWAP 2447/12002MB (cached 118MB) CPU [9%@1728,9%@1728,0%@1728,0%@1728,54%@1728,0%@1728] GR3D_FREQ 66% cpu@71.875C soc2@70.687C soc0@71.437C gpu@74.062C tj@74.062C soc1@71.906C VDD_IN 18738mW/18669mW VDD_CPU_GPU_CV 8828mW/8796mW VDD_SOC 4106mW/4107mW
08-04-2026 11:15:58 RAM 3708/7620MB (lfb 3x1MB) SWAP 2447/12002MB (cached 118MB) CPU [10%@1728,10%@1728,10%@1728,35%@1728,60%@1728,0%@1728] GR3D_FREQ 64% cpu@72.125C soc2@70.687C soc0@71.125C gpu@73.656C tj@73.656C soc1@71.687C VDD_IN 18738mW/18669mW VDD_CPU_GPU_CV 8828mW/8796mW VDD_SOC 4106mW/4107mW
08-04-2026 11:15:58 RAM 3708/7620MB (lfb 3x1MB) SWAP 2447/12002MB (cached 118MB) CPU [0%@1728,9%@1728,0%@1728,0%@1728,54%@1728,0%@1728] GR3D_FREQ 69% cpu@71.875C soc2@70.718C soc0@71.156C gpu@73.593C tj@73.593C soc1@71.718C VDD_IN 18697mW/18669mW VDD_CPU_GPU_CV 8828mW/8796mW VDD_SOC 4106mW/4107mW
08-04-2026 11:15:58 RAM 3708/7620MB (lfb 3x1MB) SWAP 2447/12002MB (cached 118MB) CPU [9%@1728,9%@1728,0%@1728,0%@1728,60%@1728,0%@1728] GR3D_FREQ 67% cpu@71.812C soc2@70.687C soc0@71.281C gpu@74.031C tj@74.031C soc1@71.781C VDD_IN 18738mW/18669mW VDD_CPU_GPU_CV 8828mW/8796mW VDD_SOC 4106mW/4107mW
08-04-2026 11:15:58 RAM 3708/7620MB (lfb 3x1MB) SWAP 2447/12002MB (cached 118MB) CPU [0%@1728,0%@1728,9%@1728,8%@1728,64%@1728,0%@1728] GR3D_FREQ 64% cpu@71.875C soc2@70.718C soc0@71.343C gpu@73.593C tj@73.593C soc1@71.906C VDD_IN 18738mW/18669mW VDD_CPU_GPU_CV 8842mW/8796mW VDD_SOC 4106mW/4107mW
08-04-2026 11:15:58 RAM 3709/7620MB (lfb 3x1MB) SWAP 2447/12002MB (cached 118MB) CPU [18%@1728,20%@1728,20%@1728,18%@1728,30%@1728,30%@1728] GR3D_FREQ 69% cpu@72.281C soc2@70.656C soc0@71.093C gpu@73.5C tj@73.5C soc1@71.593C VDD_IN 18697mW/18669mW VDD_CPU_GPU_CV 8802mW/8796mW VDD_SOC 4106mW/4107mW
08-04-2026 11:15:58 RAM 3709/7620MB (lfb 3x1MB) SWAP 2447/12002MB (cached 118MB) CPU [0%@1728,9%@1728,0%@1728,0%@1728,0%@1728,63%@1728] GR3D_FREQ 66% cpu@71.781C soc2@70.687C soc0@71.156C gpu@74C tj@74C soc1@71.625C VDD_IN 18697mW/18669mW VDD_CPU_GPU_CV 8802mW/8797mW VDD_SOC 4106mW/4107mW
08-04-2026 11:15:58 RAM 3709/7620MB (lfb 3x1MB) SWAP 2447/12002MB (cached 118MB) CPU [0%@1728,9%@1728,0%@1728,9%@1728,0%@1728,54%@1728] GR3D_FREQ 65% cpu@71.718C soc2@70.687C soc0@71.187C gpu@73.75C tj@73.75C soc1@71.718C VDD_IN 18697mW/18669mW VDD_CPU_GPU_CV 8842mW/8797mW VDD_SOC 4106mW/4107mW
08-04-2026 11:15:58 RAM 3709/7620MB (lfb 3x1MB) SWAP 2447/12002MB (cached 118MB) CPU [0%@1728,0%@1728,0%@1728,0%@1728,0%@1728,55%@1728] GR3D_FREQ 69% cpu@71.875C soc2@70.593C soc0@71.281C gpu@73.5C tj@73.5C soc1@71.906C VDD_IN 18697mW/18669mW VDD_CPU_GPU_CV 8842mW/8797mW VDD_SOC 4106mW/4107mW
08-04-2026 11:15:58 RAM 3709/7620MB (lfb 3x1MB) SWAP 2447/12002MB (cached 118MB) CPU [9%@1728,0%@1728,9%@1728,0%@1728,0%@1728,54%@1728] GR3D_FREQ 69% cpu@72.125C soc2@70.531C soc0@71.062C gpu@73.968C tj@73.968C soc1@71.562C VDD_IN 18738mW/18670mW VDD_CPU_GPU_CV 8842mW/8797mW VDD_SOC 4106mW/4107mW
08-04-2026 11:15:59 RAM 3709/7620MB (lfb 3x1MB) SWAP 2447/12002MB (cached 118MB) CPU [0%@1728,9%@1728,0%@1728,0%@1728,8%@1728,60%@1728] GR3D_FREQ 66% cpu@71.718C soc2@70.718C soc0@71.218C gpu@73.843C tj@73.843C soc1@71.656C VDD_IN 18738mW/18670mW VDD_CPU_GPU_CV 8842mW/8797mW VDD_SOC 4106mW/4107mW
08-04-2026 11:15:59 RAM 3709/7620MB (lfb 3x1MB) SWAP 2447/12002MB (cached 118MB) CPU [9%@1728,10%@1728,10%@1728,18%@1728,0%@1728,50%@1728] GR3D_FREQ 68% cpu@71.687C soc2@70.625C soc0@71.156C gpu@73.593C tj@73.593C soc1@71.687C VDD_IN 18697mW/18670mW VDD_CPU_GPU_CV 8828mW/8797mW VDD_SOC 4106mW/4107mW
08-04-2026 11:15:59 RAM 3709/7620MB (lfb 3x1MB) SWAP 2447/12002MB (cached 118MB) CPU [10%@1728,0%@1728,9%@1728,0%@1728,0%@1728,60%@1728] GR3D_FREQ 68% cpu@71.843C soc2@70.562C soc0@71.187C gpu@73.875C tj@73.875C soc1@71.781C VDD_IN 18738mW/18670mW VDD_CPU_GPU_CV 8828mW/8797mW VDD_SOC 4106mW/4107mW
08-04-2026 11:15:59 RAM 3709/7620MB (lfb 3x1MB) SWAP 2447/12002MB (cached 118MB) CPU [9%@1728,0%@1728,0%@1728,0%@1728,8%@1728,54%@1728] GR3D_FREQ 65% cpu@71.906C soc2@70.625C soc0@71.031C gpu@73.718C tj@73.718C soc1@71.531C VDD_IN 18697mW/18670mW VDD_CPU_GPU_CV 8828mW/8797mW VDD_SOC 4106mW/4107mW
08-04-2026 11:15:59 RAM 3709/7620MB (lfb 3x1MB) SWAP 2447/12002MB (cached 118MB) CPU [0%@1728,9%@1728,0%@1728,10%@1728,10%@1728,40%@1728] GR3D_FREQ 69% cpu@71.781C soc2@70.593C soc0@71.062C gpu@73.531C tj@73.531C soc1@71.625C VDD_IN 18697mW/18670mW VDD_CPU_GPU_CV 8828mW/8797mW VDD_SOC 4106mW/4107mW
08-04-2026 11:15:59 RAM 3709/7620MB (lfb 3x1MB) SWAP 2447/12002MB (cached 118MB) CPU [9%@1728,9%@1728,0%@1728,16%@1728,10%@1728,50%@1728] GR3D_FREQ 64% cpu@71.812C soc2@70.562C soc0@71.187C gpu@73.531C tj@73.531C soc1@71.593C VDD_IN 18697mW/18670mW VDD_CPU_GPU_CV 8868mW/8797mW VDD_SOC 4106mW/4107mW
08-04-2026 11:15:59 RAM 3709/7620MB (lfb 3x1MB) SWAP 2447/12002MB (cached 118MB) CPU [0%@1728,9%@1728,0%@1728,0%@1728,45%@1728,10%@1728] GR3D_FREQ 69% cpu@71.937C soc2@70.656C soc0@71.281C gpu@73.718C tj@73.718C soc1@71.531C VDD_IN 18697mW/18670mW VDD_CPU_GPU_CV 8868mW/8797mW VDD_SOC 4106mW/4107mW
08-04-2026 11:15:59 RAM 3706/7620MB (lfb 3x1MB) SWAP 2447/12002MB (cached 118MB) CPU [23%@1728,0%@1728,20%@1728,10%@1728,60%@1728,0%@1728] GR3D_FREQ 68% cpu@71.968C soc2@70.562C soc0@71.031C gpu@73.531C tj@73.531C soc1@71.593C VDD_IN 18657mW/18670mW VDD_CPU_GPU_CV 8828mW/8797mW VDD_SOC 4106mW/4107mW
08-04-2026 11:15:59 RAM 3706/7620MB (lfb 3x1MB) SWAP 2447/12002MB (cached 118MB) CPU [0%@1728,0%@1728,0%@1728,0%@1728,54%@1728,0%@1728] GR3D_FREQ 67% cpu@72.156C soc2@70.562C soc0@71.125C gpu@73.593C tj@73.593C soc1@71.562C VDD_IN 18697mW/18670mW VDD_CPU_GPU_CV 8828mW/8797mW VDD_SOC 4106mW/4107mW
08-04-2026 11:16:00 RAM 3706/7620MB (lfb 3x1MB) SWAP 2447/12002MB (cached 118MB) CPU [0%@1728,9%@1728,0%@1728,9%@1728,60%@1728,0%@1728] GR3D_FREQ 68% cpu@71.843C soc2@70.5C soc0@71.218C gpu@73.437C tj@73.437C soc1@71.687C VDD_IN 18697mW/18670mW VDD_CPU_GPU_CV 8828mW/8797mW VDD_SOC 4106mW/4107mW
08-04-2026 11:16:00 RAM 3708/7620MB (lfb 3x1MB) SWAP 2447/12002MB (cached 118MB) CPU [10%@1728,23%@1728,11%@1728,0%@1728,54%@1728,9%@1728] GR3D_FREQ 65% cpu@72.125C soc2@70.562C soc0@71.281C gpu@73.531C tj@73.531C soc1@71.812C VDD_IN 18697mW/18670mW VDD_CPU_GPU_CV 8828mW/8797mW VDD_SOC 4106mW/4107mW
08-04-2026 11:16:00 RAM 3708/7620MB (lfb 3x1MB) SWAP 2447/12002MB (cached 118MB) CPU [18%@1728,18%@1728,9%@1728,9%@1728,0%@1728,63%@1728] GR3D_FREQ 69% cpu@71.906C soc2@70.468C soc0@71C gpu@73.531C tj@73.531C soc1@71.593C VDD_IN 18738mW/18670mW VDD_CPU_GPU_CV 8828mW/8797mW VDD_SOC 4106mW/4107mW
08-04-2026 11:16:00 RAM 3708/7620MB (lfb 3x1MB) SWAP 2447/12002MB (cached 118MB) CPU [0%@1728,0%@1728,0%@1728,0%@1728,0%@1728,58%@1728] GR3D_FREQ 67% cpu@71.968C soc2@70.531C soc0@71.125C gpu@73.437C tj@73.437C soc1@71.562C VDD_IN 18738mW/18670mW VDD_CPU_GPU_CV 8828mW/8797mW VDD_SOC 4106mW/4107mW
08-04-2026 11:16:00 RAM 3708/7620MB (lfb 3x1MB) SWAP 2447/12002MB (cached 118MB) CPU [0%@1728,0%@1728,9%@1728,0%@1728,60%@1728,0%@1728] GR3D_FREQ 69% cpu@71.781C soc2@70.531C soc0@71.218C gpu@73.562C tj@73.562C soc1@71.656C VDD_IN 18738mW/18670mW VDD_CPU_GPU_CV 8828mW/8797mW VDD_SOC 4106mW/4107mW
08-04-2026 11:16:00 RAM 3708/7620MB (lfb 3x1MB) SWAP 2447/12002MB (cached 118MB) CPU [0%@1728,10%@1728,10%@1728,9%@1728,50%@1728,0%@1728] GR3D_FREQ 69% cpu@71.843C soc2@70.625C soc0@71.25C gpu@73.375C tj@73.375C soc1@71.718C VDD_IN 18657mW/18670mW VDD_CPU_GPU_CV 8788mW/8797mW VDD_SOC 4106mW/4107mW
08-04-2026 11:16:00 RAM 3708/7620MB (lfb 3x1MB) SWAP 2447/12002MB (cached 118MB) CPU [0%@1728,9%@1728,9%@1728,0%@1728,0%@1728,50%@1728] GR3D_FREQ 65% cpu@71.843C soc2@70.468C soc0@71.125C gpu@73.406C tj@73.406C soc1@71.531C VDD_IN 18697mW/18670mW VDD_CPU_GPU_CV 8828mW/8797mW VDD_SOC 4106mW/4107mW
08-04-2026 11:16:00 RAM 3708/7620MB (lfb 3x1MB) SWAP 2447/12002MB (cached 118MB) CPU [0%@1728,0%@1728,0%@1728,0%@1728,0%@1728,54%@1728] GR3D_FREQ 67% cpu@71.75C soc2@70.531C soc0@71.125C gpu@73.843C tj@73.843C soc1@71.593C VDD_IN 18697mW/18670mW VDD_CPU_GPU_CV 8828mW/8798mW VDD_SOC 4106mW/4107mW
08-04-2026 11:16:00 RAM 3708/7620MB (lfb 3x1MB) SWAP 2447/12002MB (cached 118MB) CPU [0%@1728,9%@1728,9%@1728,8%@1728,0%@1728,60%@1728] GR3D_FREQ 67% cpu@71.656C soc2@70.593C soc0@71.218C gpu@73.406C tj@73.406C soc1@71.656C VDD_IN 18697mW/18670mW VDD_CPU_GPU_CV 8828mW/8798mW VDD_SOC 4106mW/4107mW
08-04-2026 11:16:00 RAM 3708/7620MB (lfb 3x1MB) SWAP 2447/12002MB (cached 118MB) CPU [9%@1728,0%@1728,0%@1728,0%@1728,0%@1728,50%@1728] GR3D_FREQ 69% cpu@71.812C soc2@70.531C soc0@71.25C gpu@74C tj@74C soc1@71.531C VDD_IN 18697mW/18670mW VDD_CPU_GPU_CV 8828mW/8798mW VDD_SOC 4106mW/4107mW
08-04-2026 11:16:01 RAM 3708/7620MB (lfb 3x1MB) SWAP 2447/12002MB (cached 118MB) CPU [0%@1728,9%@1728,0%@1728,0%@1728,0%@1728,55%@1728] GR3D_FREQ 66% cpu@71.812C soc2@70.468C soc0@71.062C gpu@73.75C tj@73.75C soc1@71.531C VDD_IN 18697mW/18670mW VDD_CPU_GPU_CV 8828mW/8798mW VDD_SOC 4106mW/4107mW
08-04-2026 11:16:01 RAM 3709/7620MB (lfb 3x1MB) SWAP 2447/12002MB (cached 118MB) CPU [25%@1728,27%@1728,18%@1728,0%@1728,0%@1728,54%@1728] GR3D_FREQ 70% cpu@71.75C soc2@70.5C soc0@71.218C gpu@73.75C tj@73.75C soc1@71.562C VDD_IN 18697mW/18670mW VDD_CPU_GPU_CV 8868mW/8798mW VDD_SOC 4106mW/4107mW
08-04-2026 11:16:01 RAM 3709/7620MB (lfb 3x1MB) SWAP 2447/12002MB (cached 118MB) CPU [9%@1728,9%@1728,50%@1728,0%@1728,0%@1728,63%@1728] GR3D_FREQ 65% cpu@72.093C soc2@70.5C soc0@71.187C gpu@73.875C tj@73.875C soc1@71.625C VDD_IN 18697mW/18671mW VDD_CPU_GPU_CV 8828mW/8798mW VDD_SOC 4106mW/4107mW
08-04-2026 11:16:01 RAM 3709/7620MB (lfb 3x1MB) SWAP 2447/12002MB (cached 118MB) CPU [0%@1728,0%@1728,10%@1728,16%@1728,0%@1728,54%@1728] GR3D_FREQ 68% cpu@71.781C soc2@70.531C soc0@71.312C gpu@73.812C tj@73.812C soc1@71.75C VDD_IN 18738mW/18671mW VDD_CPU_GPU_CV 8828mW/8798mW VDD_SOC 4106mW/4107mW
08-04-2026 11:16:01 RAM 3709/7620MB (lfb 3x1MB) SWAP 2447/12002MB (cached 118MB) CPU [23%@1728,9%@1728,10%@1728,0%@1728,0%@1728,60%@1728] GR3D_FREQ 65% cpu@71.906C soc2@70.5C soc0@71.031C gpu@73.687C tj@73.687C soc1@71.593C VDD_IN 18738mW/18671mW VDD_CPU_GPU_CV 8828mW/8798mW VDD_SOC 4106mW/4107mW
08-04-2026 11:16:01 RAM 3709/7620MB (lfb 3x1MB) SWAP 2447/12002MB (cached 118MB) CPU [0%@1728,0%@1728,9%@1728,9%@1728,0%@1728,54%@1728] GR3D_FREQ 66% cpu@71.812C soc2@70.562C soc0@71.031C gpu@73.531C tj@73.531C soc1@71.625C VDD_IN 18697mW/18671mW VDD_CPU_GPU_CV 8788mW/8798mW VDD_SOC 4106mW/4107mW
08-04-2026 11:16:01 RAM 3709/7620MB (lfb 3x1MB) SWAP 2447/12002MB (cached 118MB) CPU [0%@1728,18%@1728,9%@1728,0%@1728,0%@1728,60%@1728] GR3D_FREQ 70% cpu@71.718C soc2@70.562C soc0@71.25C gpu@73.781C tj@73.781C soc1@71.656C VDD_IN 18697mW/18671mW VDD_CPU_GPU_CV 8788mW/8798mW VDD_SOC 4106mW/4107mW
08-04-2026 11:16:01 RAM 3709/7620MB (lfb 3x1MB) SWAP 2447/12002MB (cached 118MB) CPU [9%@1728,0%@1728,0%@1728,0%@1728,0%@1728,54%@1728] GR3D_FREQ 69% cpu@71.718C soc2@70.562C soc0@71.312C gpu@73.625C tj@73.625C soc1@71.843C VDD_IN 18727mW/18671mW VDD_CPU_GPU_CV 8788mW/8798mW VDD_SOC 4106mW/4107mW
08-04-2026 11:16:01 RAM 3709/7620MB (lfb 3x1MB) SWAP 2447/12002MB (cached 118MB) CPU [9%@1728,0%@1728,0%@1728,0%@1728,18%@1728,40%@1728] GR3D_FREQ 66% cpu@71.75C soc2@70.468C soc0@71.125C gpu@73.593C tj@73.593C soc1@71.562C VDD_IN 18738mW/18671mW VDD_CPU_GPU_CV 8788mW/8798mW VDD_SOC 4106mW/4107mW
08-04-2026 11:16:02 RAM 3709/7620MB (lfb 3x1MB) SWAP 2447/12002MB (cached 118MB) CPU [0%@1728,0%@1728,0%@1728,9%@1728,50%@1728,0%@1728] GR3D_FREQ 65% cpu@71.656C soc2@70.531C soc0@71.187C gpu@73.781C tj@73.781C soc1@71.687C VDD_IN 18738mW/18671mW VDD_CPU_GPU_CV 8747mW/8798mW VDD_SOC 4106mW/4107mW
08-04-2026 11:16:02 RAM 3709/7620MB (lfb 3x1MB) SWAP 2447/12002MB (cached 118MB) CPU [25%@1728,27%@1728,20%@1728,0%@1728,60%@1728,0%@1728] GR3D_FREQ 70% cpu@71.968C soc2@70.593C soc0@71.218C gpu@73.656C tj@73.656C soc1@71.687C VDD_IN 18697mW/18671mW VDD_CPU_GPU_CV 8828mW/8798mW VDD_SOC 4106mW/4107mW
08-04-2026 11:16:02 RAM 3709/7620MB (lfb 3x1MB) SWAP 2447/12002MB (cached 118MB) CPU [0%@1728,0%@1728,0%@1728,0%@1728,54%@1728,0%@1728] GR3D_FREQ 68% cpu@71.781C soc2@70.656C soc0@71.343C gpu@73.5C tj@73.5C soc1@71.781C VDD_IN 18738mW/18671mW VDD_CPU_GPU_CV 8788mW/8798mW VDD_SOC 4106mW/4107mW
08-04-2026 11:16:02 RAM 3709/7620MB (lfb 3x1MB) SWAP 2447/12002MB (cached 118MB) CPU [9%@1728,0%@1728,0%@1728,0%@1728,60%@1728,0%@1728] GR3D_FREQ 65% cpu@71.812C soc2@70.531C soc0@71.062C gpu@73.5C tj@73.5C soc1@71.531C VDD_IN 18738mW/18671mW VDD_CPU_GPU_CV 8788mW/8798mW VDD_SOC 4106mW/4107mW
08-04-2026 11:16:02 RAM 3709/7620MB (lfb 3x1MB) SWAP 2447/12002MB (cached 118MB) CPU [0%@1728,0%@1728,0%@1728,9%@1728,58%@1728,0%@1728] GR3D_FREQ 69% cpu@71.656C soc2@70.531C soc0@71.156C gpu@73.687C tj@73.687C soc1@71.593C VDD_IN 18738mW/18671mW VDD_CPU_GPU_CV 8828mW/8798mW VDD_SOC 4106mW/4107mW
08-04-2026 11:16:02 RAM 3709/7620MB (lfb 3x1MB) SWAP 2447/12002MB (cached 118MB) CPU [0%@1728,0%@1728,10%@1728,0%@1728,55%@1728,0%@1728] GR3D_FREQ 74% cpu@71.812C soc2@70.593C soc0@71.187C gpu@73.593C tj@73.593C soc1@71.75C VDD_IN 18697mW/18671mW VDD_CPU_GPU_CV 8788mW/8798mW VDD_SOC 4106mW/4107mW
08-04-2026 11:16:02 RAM 3709/7620MB (lfb 3x1MB) SWAP 2447/12002MB (cached 118MB) CPU [0%@1728,0%@1728,9%@1728,10%@1728,54%@1728,0%@1728] GR3D_FREQ 66% cpu@72.062C soc2@70.656C soc0@71.343C gpu@73.562C tj@73.562C soc1@71.593C VDD_IN 18738mW/18671mW VDD_CPU_GPU_CV 8788mW/8798mW VDD_SOC 4106mW/4107mW
08-04-2026 11:16:02 RAM 3709/7620MB (lfb 3x1MB) SWAP 2447/12002MB (cached 118MB) CPU [0%@1728,9%@1728,0%@1728,9%@1728,50%@1728,0%@1728] GR3D_FREQ 66% cpu@72.156C soc2@70.625C soc0@71.093C gpu@74C tj@74C soc1@71.593C VDD_IN 18738mW/18672mW VDD_CPU_GPU_CV 8788mW/8798mW VDD_SOC 4106mW/4107mW
08-04-2026 11:16:02 RAM 3709/7620MB (lfb 3x1MB) SWAP 2447/12002MB (cached 118MB) CPU [0%@1728,8%@1728,9%@1728,9%@1728,60%@1728,0%@1728] GR3D_FREQ 66% cpu@71.718C soc2@70.718C soc0@71.218C gpu@73.593C tj@73.593C soc1@71.562C VDD_IN 18738mW/18672mW VDD_CPU_GPU_CV 8802mW/8798mW VDD_SOC 4106mW/4107mW
08-04-2026 11:16:02 RAM 3711/7620MB (lfb 3x1MB) SWAP 2447/12002MB (cached 118MB) CPU [18%@1728,0%@1728,20%@1728,18%@1728,54%@1728,8%@1728] GR3D_FREQ 67% cpu@72.062C soc2@70.625C soc0@71.25C gpu@73.531C tj@73.531C soc1@71.75C VDD_IN 18738mW/18672mW VDD_CPU_GPU_CV 8828mW/8798mW VDD_SOC 4106mW/4107mW
08-04-2026 11:16:03 RAM 3705/7620MB (lfb 3x1MB) SWAP 2447/12002MB (cached 118MB) CPU [9%@1728,9%@1728,9%@1728,18%@1728,55%@1728,0%@1728] GR3D_FREQ 69% cpu@72.031C soc2@70.656C soc0@71.312C gpu@74C tj@74C soc1@71.843C VDD_IN 18738mW/18672mW VDD_CPU_GPU_CV 8828mW/8798mW VDD_SOC 4106mW/4107mW
08-04-2026 11:16:03 RAM 3707/7620MB (lfb 3x1MB) SWAP 2447/12002MB (cached 118MB) CPU [0%@1728,10%@1728,10%@1728,20%@1728,54%@1728,0%@1728] GR3D_FREQ 65% cpu@72.218C soc2@70.812C soc0@71.125C gpu@73.562C tj@73.687C soc1@71.687C VDD_IN 18738mW/18672mW VDD_CPU_GPU_CV 8828mW/8798mW VDD_SOC 4106mW/4107mW
08-04-2026 11:16:03 RAM 3707/7620MB (lfb 3x1MB) SWAP 2447/12002MB (cached 118MB) CPU [9%@1728,0%@1728,9%@1728,8%@1728,63%@1728,0%@1728] GR3D_FREQ 69% cpu@71.875C soc2@70.656C soc0@71.218C gpu@73.562C tj@73.562C soc1@71.718C VDD_IN 18738mW/18672mW VDD_CPU_GPU_CV 8828mW/8798mW VDD_SOC 4106mW/4107mW
08-04-2026 11:16:03 RAM 3707/7620MB (lfb 3x1MB) SWAP 2447/12002MB (cached 118MB) CPU [0%@1728,0%@1728,9%@1728,0%@1728,58%@1728,0%@1728] GR3D_FREQ 65% cpu@71.812C soc2@70.75C soc0@71.343C gpu@74.031C tj@74.031C soc1@71.718C VDD_IN 18738mW/18672mW VDD_CPU_GPU_CV 8868mW/8798mW VDD_SOC 4106mW/4107mW
08-04-2026 11:16:03 RAM 3707/7620MB (lfb 3x1MB) SWAP 2447/12002MB (cached 118MB) CPU [18%@1728,20%@1728,0%@1728,18%@1728,55%@1728,0%@1728] GR3D_FREQ 69% cpu@72.25C soc2@70.843C soc0@71.187C gpu@73.781C tj@73.781C soc1@71.593C VDD_IN 18778mW/18672mW VDD_CPU_GPU_CV 8908mW/8798mW VDD_SOC 4106mW/4107mW
08-04-2026 11:16:03 RAM 3707/7620MB (lfb 3x1MB) SWAP 2447/12002MB (cached 118MB) CPU [0%@1728,9%@1728,0%@1728,18%@1728,50%@1728,0%@1728] GR3D_FREQ 68% cpu@72.125C soc2@70.687C soc0@71.218C gpu@73.812C tj@73.812C soc1@71.656C VDD_IN 18697mW/18672mW VDD_CPU_GPU_CV 8868mW/8798mW VDD_SOC 4106mW/4107mW
08-04-2026 11:16:03 RAM 3707/7620MB (lfb 3x1MB) SWAP 2447/12002MB (cached 118MB) CPU [0%@1728,9%@1728,0%@1728,9%@1728,30%@1728,22%@1728] GR3D_FREQ 69% cpu@71.906C soc2@70.625C soc0@71.312C gpu@73.625C tj@73.625C soc1@71.843C VDD_IN 18697mW/18672mW VDD_CPU_GPU_CV 8868mW/8798mW VDD_SOC 4106mW/4107mW
08-04-2026 11:16:03 RAM 3707/7620MB (lfb 3x1MB) SWAP 2447/12002MB (cached 118MB) CPU [9%@1728,8%@1728,0%@1728,9%@1728,8%@1728,50%@1728] GR3D_FREQ 69% cpu@71.875C soc2@70.687C soc0@71.312C gpu@73.593C tj@73.593C soc1@71.875C VDD_IN 18738mW/18672mW VDD_CPU_GPU_CV 8868mW/8798mW VDD_SOC 4106mW/4107mW
08-04-2026 11:16:03 RAM 3707/7620MB (lfb 3x1MB) SWAP 2447/12002MB (cached 118MB) CPU [9%@1728,0%@1728,0%@1728,0%@1728,0%@1728,55%@1728] GR3D_FREQ 63% cpu@71.968C soc2@70.687C soc0@71.187C gpu@73.687C tj@73.687C soc1@71.718C VDD_IN 18697mW/18672mW VDD_CPU_GPU_CV 8868mW/8799mW VDD_SOC 4106mW/4107mW
08-04-2026 11:16:04 RAM 3707/7620MB (lfb 3x1MB) SWAP 2447/12002MB (cached 118MB) CPU [0%@1728,0%@1728,0%@1728,9%@1728,0%@1728,58%@1728] GR3D_FREQ 70% cpu@72C soc2@70.625C soc0@71.218C gpu@73.656C tj@73.656C soc1@71.687C VDD_IN 18738mW/18673mW VDD_CPU_GPU_CV 8868mW/8799mW VDD_SOC 4106mW/4107mW
08-04-2026 11:16:04 RAM 3709/7620MB (lfb 3x1MB) SWAP 2447/12002MB (cached 118MB) CPU [11%@1728,16%@1728,27%@1728,0%@1728,0%@1728,60%@1728] GR3D_FREQ 65% cpu@72.062C soc2@70.75C soc0@71.312C gpu@73.593C tj@73.593C soc1@71.718C VDD_IN 18697mW/18673mW VDD_CPU_GPU_CV 8868mW/8799mW VDD_SOC 4106mW/4107mW
08-04-2026 11:16:04 RAM 3708/7620MB (lfb 3x1MB) SWAP 2447/12002MB (cached 118MB) CPU [0%@1728,0%@1728,0%@1728,0%@1728,0%@1728,54%@1728] GR3D_FREQ 66% cpu@71.875C soc2@70.656C soc0@71.375C gpu@73.687C tj@73.687C soc1@71.843C VDD_IN 18697mW/18673mW VDD_CPU_GPU_CV 8868mW/8799mW VDD_SOC 4106mW/4107mW
08-04-2026 11:16:04 RAM 3708/7620MB (lfb 3x1MB) SWAP 2447/12002MB (cached 118MB) CPU [0%@1728,9%@1728,8%@1728,0%@1728,0%@1728,50%@1728] GR3D_FREQ 69% cpu@71.906C soc2@70.781C soc0@71.468C gpu@73.687C tj@73.687C soc1@71.687C VDD_IN 18738mW/18673mW VDD_CPU_GPU_CV 8828mW/8799mW VDD_SOC 4106mW/4107mW
08-04-2026 11:16:04 RAM 3708/7620MB (lfb 3x1MB) SWAP 2447/12002MB (cached 118MB) CPU [0%@1728,0%@1728,0%@1728,9%@1728,0%@1728,60%@1728] GR3D_FREQ 65% cpu@71.718C soc2@70.812C soc0@71.218C gpu@73.593C tj@73.593C soc1@71.718C VDD_IN 18697mW/18673mW VDD_CPU_GPU_CV 8868mW/8799mW VDD_SOC 4106mW/4107mW
08-04-2026 11:16:04 RAM 3708/7620MB (lfb 3x1MB) SWAP 2447/12002MB (cached 118MB) CPU [10%@1728,18%@1728,0%@1728,10%@1728,0%@1728,50%@1728] GR3D_FREQ 65% cpu@71.968C soc2@70.656C soc0@71.25C gpu@74C tj@74C soc1@71.718C VDD_IN 18697mW/18673mW VDD_CPU_GPU_CV 8828mW/8799mW VDD_SOC 4106mW/4107mW
08-04-2026 11:16:04 RAM 3708/7620MB (lfb 3x1MB) SWAP 2447/12002MB (cached 118MB) CPU [9%@1728,9%@1728,0%@1728,0%@1728,36%@1728,30%@1728] GR3D_FREQ 66% cpu@71.875C soc2@70.781C soc0@71.343C gpu@73.625C tj@73.625C soc1@71.906C VDD_IN 18697mW/18673mW VDD_CPU_GPU_CV 8828mW/8799mW VDD_SOC 4106mW/4107mW
08-04-2026 11:16:04 RAM 3708/7620MB (lfb 3x1MB) SWAP 2447/12002MB (cached 118MB) CPU [16%@1728,0%@1728,9%@1728,0%@1728,0%@1728,50%@1728] GR3D_FREQ 68% cpu@71.937C soc2@70.75C soc0@71.187C gpu@73.625C tj@73.625C soc1@71.687C VDD_IN 18697mW/18673mW VDD_CPU_GPU_CV 8828mW/8799mW VDD_SOC 4106mW/4107mW
08-04-2026 11:16:04 RAM 3708/7620MB (lfb 3x1MB) SWAP 2447/12002MB (cached 118MB) CPU [10%@1728,9%@1728,0%@1728,0%@1728,0%@1728,60%@1728] GR3D_FREQ 69% cpu@71.843C soc2@70.687C soc0@71.218C gpu@74C tj@74C soc1@71.781C VDD_IN 18738mW/18673mW VDD_CPU_GPU_CV 8828mW/8799mW VDD_SOC 4106mW/4107mW
08-04-2026 11:16:04 RAM 3708/7620MB (lfb 3x1MB) SWAP 2447/12002MB (cached 118MB) CPU [0%@1728,9%@1728,0%@1728,0%@1728,0%@1728,54%@1728] GR3D_FREQ 65% cpu@71.843C soc2@70.781C soc0@71.312C gpu@73.625C tj@73.625C soc1@71.843C VDD_IN 18738mW/18673mW VDD_CPU_GPU_CV 8868mW/8799mW VDD_SOC 4106mW/4107mW
08-04-2026 11:16:05 RAM 3708/7620MB (lfb 3x1MB) SWAP 2447/12002MB (cached 118MB) CPU [0%@1728,0%@1728,0%@1728,0%@1728,0%@1728,60%@1728] GR3D_FREQ 69% cpu@71.906C soc2@70.781C soc0@71.343C gpu@73.656C tj@73.656C soc1@71.968C VDD_IN 18778mW/18673mW VDD_CPU_GPU_CV 8842mW/8799mW VDD_SOC 4106mW/4107mW
08-04-2026 11:16:05 RAM 3709/7620MB (lfb 3x1MB) SWAP 2447/12002MB (cached 118MB) CPU [20%@1728,0%@1728,10%@1728,18%@1728,0%@1728,54%@1728] GR3D_FREQ 64% cpu@71.937C soc2@70.843C soc0@71.312C gpu@73.968C tj@73.968C soc1@71.718C VDD_IN 18738mW/18673mW VDD_CPU_GPU_CV 8868mW/8799mW VDD_SOC 4106mW/4107mW
08-04-2026 11:16:05 RAM 3709/7620MB (lfb 3x1MB) SWAP 2447/12002MB (cached 118MB) CPU [0%@1728,9%@1728,0%@1728,0%@1728,0%@1728,55%@1728] GR3D_FREQ 69% cpu@71.812C soc2@70.718C soc0@71.281C gpu@73.812C tj@73.812C soc1@71.718C VDD_IN 18738mW/18673mW VDD_CPU_GPU_CV 8868mW/8799mW VDD_SOC 4106mW/4107mW
08-04-2026 11:16:05 RAM 3709/7620MB (lfb 3x1MB) SWAP 2447/12002MB (cached 118MB) CPU [0%@1728,8%@1728,0%@1728,0%@1728,0%@1728,58%@1728] GR3D_FREQ 70% cpu@71.812C soc2@70.781C soc0@71.312C gpu@74.093C tj@74.093C soc1@71.75C VDD_IN 18738mW/18673mW VDD_CPU_GPU_CV 8828mW/8799mW VDD_SOC 4106mW/4107mW
08-04-2026 11:16:05 RAM 3709/7620MB (lfb 3x1MB) SWAP 2447/12002MB (cached 118MB) CPU [0%@1728,9%@1728,9%@1728,0%@1728,0%@1728,60%@1728] GR3D_FREQ 68% cpu@71.968C soc2@70.843C soc0@71.375C gpu@74C tj@74C soc1@71.875C VDD_IN 18738mW/18673mW VDD_CPU_GPU_CV 8828mW/8799mW VDD_SOC 4106mW/4107mW
08-04-2026 11:16:05 RAM 3709/7620MB (lfb 3x1MB) SWAP 2447/12002MB (cached 118MB) CPU [0%@1728,0%@1728,9%@1728,9%@1728,0%@1728,50%@1728] GR3D_FREQ 69% cpu@72.281C soc2@70.781C soc0@71.531C gpu@73.812C tj@73.812C soc1@71.812C VDD_IN 18697mW/18673mW VDD_CPU_GPU_CV 8802mW/8800mW VDD_SOC 4106mW/4107mW
08-04-2026 11:16:05 RAM 3709/7620MB (lfb 3x1MB) SWAP 2447/12002MB (cached 118MB) CPU [9%@1728,10%@1728,0%@1728,0%@1728,30%@1728,20%@1728] GR3D_FREQ 64% cpu@71.875C soc2@70.781C soc0@71.343C gpu@73.718C tj@73.718C soc1@71.812C VDD_IN 18697mW/18673mW VDD_CPU_GPU_CV 8842mW/8800mW VDD_SOC 4106mW/4107mW
08-04-2026 11:16:05 RAM 3709/7620MB (lfb 3x1MB) SWAP 2447/12002MB (cached 118MB) CPU [0%@1728,9%@1728,0%@1728,0%@1728,54%@1728,0%@1728] GR3D_FREQ 66% cpu@71.906C soc2@70.718C soc0@71.343C gpu@74.031C tj@73.812C soc1@71.875C VDD_IN 18738mW/18674mW VDD_CPU_GPU_CV 8842mW/8800mW VDD_SOC 4106mW/4107mW
08-04-2026 11:16:05 RAM 3709/7620MB (lfb 3x1MB) SWAP 2447/12002MB (cached 118MB) CPU [10%@1728,9%@1728,25%@1728,0%@1728,60%@1728,0%@1728] GR3D_FREQ 66% cpu@71.968C soc2@70.812C soc0@71.468C gpu@73.968C tj@73.968C soc1@71.875C VDD_IN 18738mW/18674mW VDD_CPU_GPU_CV 8842mW/8800mW VDD_SOC 4106mW/4107mW
08-04-2026 11:16:06 RAM 3709/7620MB (lfb 3x1MB) SWAP 2447/12002MB (cached 118MB) CPU [0%@1728,0%@1728,0%@1728,0%@1728,58%@1728,0%@1728] GR3D_FREQ 70% cpu@72.343C soc2@70.843C soc0@71.312C gpu@73.875C tj@73.875C soc1@71.781C VDD_IN 18738mW/18674mW VDD_CPU_GPU_CV 8868mW/8800mW VDD_SOC 4106mW/4107mW
08-04-2026 11:16:06 RAM 3710/7620MB (lfb 3x1MB) SWAP 2447/12002MB (cached 118MB) CPU [25%@1728,27%@1728,18%@1728,10%@1728,55%@1728,0%@1728] GR3D_FREQ 65% cpu@72.343C soc2@70.843C soc0@71.406C gpu@73.687C tj@73.687C soc1@71.812C VDD_IN 18738mW/18674mW VDD_CPU_GPU_CV 8908mW/8800mW VDD_SOC 4106mW/4107mW
08-04-2026 11:16:06 RAM 3702/7620MB (lfb 3x1MB) SWAP 2447/12002MB (cached 118MB) CPU [18%@1728,10%@1728,0%@1728,18%@1728,50%@1728,18%@1728] GR3D_FREQ 64% cpu@71.937C soc2@70.812C soc0@71.468C gpu@73.718C tj@73.718C soc1@71.875C VDD_IN 18738mW/18674mW VDD_CPU_GPU_CV 8908mW/8800mW VDD_SOC 4106mW/4107mW
08-04-2026 11:16:06 RAM 3702/7620MB (lfb 3x1MB) SWAP 2447/12002MB (cached 118MB) CPU [0%@1728,9%@1728,0%@1728,0%@1728,50%@1728,0%@1728] GR3D_FREQ 68% cpu@72.281C soc2@70.781C soc0@71.5C gpu@73.812C tj@73.812C soc1@71.968C VDD_IN 18738mW/18674mW VDD_CPU_GPU_CV 8868mW/8800mW VDD_SOC 4106mW/4107mW
08-04-2026 11:16:06 RAM 3702/7620MB (lfb 3x1MB) SWAP 2447/12002MB (cached 118MB) CPU [0%@1728,0%@1728,9%@1728,0%@1728,55%@1728,0%@1728] GR3D_FREQ 70% cpu@72.281C soc2@70.968C soc0@71.375C gpu@73.812C tj@73.812C soc1@71.75C VDD_IN 18738mW/18674mW VDD_CPU_GPU_CV 8948mW/8800mW VDD_SOC 4146mW/4107mW
08-04-2026 11:16:06 RAM 3702/7620MB (lfb 3x1MB) SWAP 2447/12002MB (cached 118MB) CPU [18%@1728,0%@1728,9%@1728,9%@1728,54%@1728,0%@1728] GR3D_FREQ 69% cpu@72.031C soc2@70.843C soc0@71.406C gpu@74.25C tj@74.25C soc1@71.875C VDD_IN 18738mW/18674mW VDD_CPU_GPU_CV 8868mW/8800mW VDD_SOC 4146mW/4107mW
08-04-2026 11:16:06 RAM 3702/7620MB (lfb 3x1MB) SWAP 2447/12002MB (cached 118MB) CPU [0%@1728,9%@1728,0%@1728,0%@1728,60%@1728,0%@1728] GR3D_FREQ 66% cpu@72.031C soc2@70.875C soc0@71.468C gpu@73.843C tj@73.843C soc1@71.937C VDD_IN 18738mW/18674mW VDD_CPU_GPU_CV 8868mW/8800mW VDD_SOC 4106mW/4107mW
08-04-2026 11:16:06 RAM 3702/7620MB (lfb 3x1MB) SWAP 2447/12002MB (cached 118MB) CPU [0%@1728,0%@1728,0%@1728,0%@1728,50%@1728,0%@1728] GR3D_FREQ 67% cpu@72.093C soc2@70.875C soc0@71.468C gpu@73.75C tj@73.75C soc1@71.906C VDD_IN 18738mW/18674mW VDD_CPU_GPU_CV 8828mW/8801mW VDD_SOC 4106mW/4107mW
08-04-2026 11:16:06 RAM 3702/7620MB (lfb 3x1MB) SWAP 2447/12002MB (cached 118MB) CPU [9%@1728,9%@1728,8%@1728,0%@1728,58%@1728,8%@1728] GR3D_FREQ 65% cpu@72.218C soc2@70.906C soc0@71.531C gpu@74.343C tj@74.343C soc1@71.812C VDD_IN 18738mW/18674mW VDD_CPU_GPU_CV 8828mW/8801mW VDD_SOC 4106mW/4107mW
08-04-2026 11:16:06 RAM 3702/7620MB (lfb 3x1MB) SWAP 2447/12002MB (cached 118MB) CPU [15%@1728,9%@1728,0%@1728,0%@1728,55%@1728,0%@1728] GR3D_FREQ 69% cpu@72.406C soc2@70.843C soc0@71.312C gpu@74.156C tj@74.156C soc1@71.906C VDD_IN 18778mW/18675mW VDD_CPU_GPU_CV 8828mW/8801mW VDD_SOC 4106mW/4107mW
08-04-2026 11:16:07 RAM 3702/7620MB (lfb 3x1MB) SWAP 2447/12002MB (cached 118MB) CPU [0%@1728,0%@1728,0%@1728,0%@1728,54%@1728,0%@1728] GR3D_FREQ 68% cpu@72.156C soc2@70.843C soc0@71.406C gpu@73.75C tj@73.75C soc1@71.968C VDD_IN 18738mW/18675mW VDD_CPU_GPU_CV 8828mW/8801mW VDD_SOC 4106mW/4107mW
08-04-2026 11:16:07 RAM 3704/7620MB (lfb 3x1MB) SWAP 2447/12002MB (cached 118MB) CPU [11%@1728,10%@1728,9%@1728,18%@1728,60%@1728,0%@1728] GR3D_FREQ 65% cpu@72.218C soc2@70.843C soc0@71.343C gpu@74.281C tj@74.281C soc1@72.031C VDD_IN 18738mW/18675mW VDD_CPU_GPU_CV 8828mW/8801mW VDD_SOC 4106mW/4107mW
08-04-2026 11:16:07 RAM 3704/7620MB (lfb 3x1MB) SWAP 2447/12002MB (cached 118MB) CPU [16%@1728,9%@1728,0%@1728,0%@1728,54%@1728,10%@1728] GR3D_FREQ 66% cpu@72.187C soc2@70.906C soc0@71.375C gpu@74.031C tj@74.031C soc1@71.781C VDD_IN 18738mW/18675mW VDD_CPU_GPU_CV 8828mW/8801mW VDD_SOC 4106mW/4107mW
08-04-2026 11:16:07 RAM 3704/7620MB (lfb 3x1MB) SWAP 2447/12002MB (cached 118MB) CPU [0%@1728,9%@1728,0%@1728,0%@1728,0%@1728,54%@1728] GR3D_FREQ 69% cpu@72.281C soc2@70.843C soc0@71.281C gpu@73.75C tj@73.75C soc1@71.875C VDD_IN 18778mW/18675mW VDD_CPU_GPU_CV 8828mW/8801mW VDD_SOC 4106mW/4107mW
08-04-2026 11:16:07 RAM 3704/7620MB (lfb 3x1MB) SWAP 2447/12002MB (cached 118MB) CPU [0%@1728,10%@1728,0%@1728,10%@1728,0%@1728,54%@1728] GR3D_FREQ 65% cpu@72.187C soc2@70.843C soc0@71.406C gpu@74.187C tj@74.187C soc1@71.906C VDD_IN 18738mW/18675mW VDD_CPU_GPU_CV 8788mW/8801mW VDD_SOC 4106mW/4107mW
08-04-2026 11:16:07 RAM 3704/7620MB (lfb 3x1MB) SWAP 2447/12002MB (cached 118MB) CPU [9%@1728,0%@1728,0%@1728,0%@1728,60%@1728,0%@1728] GR3D_FREQ 66% cpu@72.156C soc2@70.875C soc0@71.468C gpu@74.125C tj@74.125C soc1@72.062C VDD_IN 18697mW/18675mW VDD_CPU_GPU_CV 8788mW/8801mW VDD_SOC 4106mW/4107mW
08-04-2026 11:16:07 RAM 3704/7620MB (lfb 3x1MB) SWAP 2447/12002MB (cached 118MB) CPU [0%@1728,9%@1728,0%@1728,16%@1728,58%@1728,0%@1728] GR3D_FREQ 73% cpu@72.156C soc2@70.906C soc0@71.312C gpu@73.906C tj@73.906C soc1@71.937C VDD_IN 18657mW/18675mW VDD_CPU_GPU_CV 8747mW/8801mW VDD_SOC 4106mW/4107mW
08-04-2026 11:16:07 RAM 3704/7620MB (lfb 3x1MB) SWAP 2447/12002MB (cached 118MB) CPU [0%@1728,9%@1728,0%@1728,0%@1728,54%@1728,9%@1728] GR3D_FREQ 66% cpu@72.281C soc2@70.781C soc0@71.343C gpu@74.125C tj@73.781C soc1@71.843C VDD_IN 18697mW/18675mW VDD_CPU_GPU_CV 8788mW/8801mW VDD_SOC 4106mW/4107mW
08-04-2026 11:16:07 RAM 3704/7620MB (lfb 3x1MB) SWAP 2447/12002MB (cached 118MB) CPU [9%@1728,0%@1728,9%@1728,0%@1728,0%@1728,60%@1728] GR3D_FREQ 67% cpu@71.968C soc2@70.812C soc0@71.375C gpu@74C tj@74C soc1@71.906C VDD_IN 18697mW/18675mW VDD_CPU_GPU_CV 8747mW/8801mW VDD_SOC 4106mW/4107mW
08-04-2026 11:16:08 RAM 3704/7620MB (lfb 3x1MB) SWAP 2447/12002MB (cached 118MB) CPU [0%@1728,9%@1728,0%@1728,0%@1728,0%@1728,54%@1728] GR3D_FREQ 69% cpu@72.156C soc2@70.843C soc0@71.531C gpu@73.875C tj@73.875C soc1@72C VDD_IN 18697mW/18675mW VDD_CPU_GPU_CV 8747mW/8800mW VDD_SOC 4106mW/4107mW
08-04-2026 11:16:08 RAM 3704/7620MB (lfb 3x1MB) SWAP 2447/12002MB (cached 118MB) CPU [10%@1728,0%@1728,25%@1728,10%@1728,8%@1728,60%@1728] GR3D_FREQ 65% cpu@72.281C soc2@70.968C soc0@71.312C gpu@73.781C tj@73.781C soc1@71.781C VDD_IN 18738mW/18675mW VDD_CPU_GPU_CV 8788mW/8800mW VDD_SOC 4106mW/4107mW
08-04-2026 11:16:08 RAM 3704/7620MB (lfb 3x1MB) SWAP 2447/12002MB (cached 118MB) CPU [16%@1728,0%@1728,0%@1728,8%@1728,0%@1728,58%@1728] GR3D_FREQ 69% cpu@72C soc2@70.843C soc0@71.343C gpu@73.968C tj@73.968C soc1@71.875C VDD_IN 18738mW/18675mW VDD_CPU_GPU_CV 8828mW/8801mW VDD_SOC 4106mW/4107mW
08-04-2026 11:16:08 RAM 3704/7620MB (lfb 3x1MB) SWAP 2447/12002MB (cached 118MB) CPU [0%@1728,0%@1728,0%@1728,0%@1728,0%@1728,60%@1728] GR3D_FREQ 68% cpu@72C soc2@70.812C soc0@71.375C gpu@73.937C tj@73.937C soc1@71.906C VDD_IN 18778mW/18675mW VDD_CPU_GPU_CV 8828mW/8801mW VDD_SOC 4106mW/4107mW
08-04-2026 11:16:08 RAM 3704/7620MB (lfb 3x1MB) SWAP 2447/12002MB (cached 118MB) CPU [0%@1728,9%@1728,0%@1728,0%@1728,0%@1728,54%@1728] GR3D_FREQ 68% cpu@71.937C soc2@70.875C soc0@71.437C gpu@73.781C tj@73.781C soc1@72.062C VDD_IN 18778mW/18676mW VDD_CPU_GPU_CV 8828mW/8801mW VDD_SOC 4106mW/4107mW
08-04-2026 11:16:08 RAM 3704/7620MB (lfb 3x1MB) SWAP 2447/12002MB (cached 118MB) CPU [25%@1728,18%@1728,36%@1728,9%@1728,36%@1728,30%@1728] GR3D_FREQ 69% cpu@72C soc2@70.843C soc0@71.25C gpu@73.687C tj@73.687C soc1@71.843C VDD_IN 18697mW/18676mW VDD_CPU_GPU_CV 8842mW/8801mW VDD_SOC 4106mW/4107mW
08-04-2026 11:16:08 RAM 3704/7620MB (lfb 3x1MB) SWAP 2447/12002MB (cached 118MB) CPU [9%@1728,9%@1728,0%@1728,0%@1728,55%@1728,0%@1728] GR3D_FREQ 68% cpu@72C soc2@70.812C soc0@71.375C gpu@74.156C tj@74.156C soc1@71.75C VDD_IN 18697mW/18676mW VDD_CPU_GPU_CV 8828mW/8801mW VDD_SOC 4106mW/4107mW
08-04-2026 11:16:08 RAM 3704/7620MB (lfb 3x1MB) SWAP 2447/12002MB (cached 118MB) CPU [0%@1728,0%@1728,0%@1728,0%@1728,54%@1728,0%@1728] GR3D_FREQ 65% cpu@72.062C soc2@70.843C soc0@71.343C gpu@73.812C tj@73.812C soc1@71.906C VDD_IN 18697mW/18676mW VDD_CPU_GPU_CV 8828mW/8801mW VDD_SOC 4106mW/4107mW
08-04-2026 11:16:08 RAM 3704/7620MB (lfb 3x1MB) SWAP 2447/12002MB (cached 118MB) CPU [9%@1728,16%@1728,0%@1728,0%@1728,20%@1728,40%@1728] GR3D_FREQ 67% cpu@72C soc2@70.812C soc0@71.562C gpu@73.718C tj@73.718C soc1@72.031C VDD_IN 18697mW/18676mW VDD_CPU_GPU_CV 8828mW/8801mW VDD_SOC 4106mW/4107mW
08-04-2026 11:16:08 RAM 3704/7620MB (lfb 3x1MB) SWAP 2447/12002MB (cached 118MB) CPU [18%@1728,0%@1728,9%@1728,0%@1728,63%@1728,0%@1728] GR3D_FREQ 68% cpu@71.968C soc2@70.781C soc0@71.343C gpu@74.125C tj@74.125C soc1@71.75C VDD_IN 18697mW/18676mW VDD_CPU_GPU_CV 8788mW/8801mW VDD_SOC 4106mW/4107mW
08-04-2026 11:16:09 RAM 3704/7620MB (lfb 3x1MB) SWAP 2447/12002MB (cached 118MB) CPU [0%@1728,9%@1728,0%@1728,9%@1728,54%@1728,0%@1728] GR3D_FREQ 65% cpu@72C soc2@70.781C soc0@71.343C gpu@74C tj@74C soc1@71.875C VDD_IN 18697mW/18676mW VDD_CPU_GPU_CV 8788mW/8801mW VDD_SOC 4106mW/4107mW
08-04-2026 11:16:09 RAM 3705/7620MB (lfb 3x1MB) SWAP 2447/12002MB (cached 118MB) CPU [18%@1728,18%@1728,10%@1728,27%@1728,0%@1728,63%@1728] GR3D_FREQ 68% cpu@72C soc2@70.781C soc0@71.343C gpu@73.687C tj@73.687C soc1@71.906C VDD_IN 18697mW/18676mW VDD_CPU_GPU_CV 8828mW/8801mW VDD_SOC 4106mW/4107mW
08-04-2026 11:16:09 RAM 3708/7620MB (lfb 3x1MB) SWAP 2447/12002MB (cached 118MB) CPU [54%@1728,10%@1728,30%@1728,9%@1728,0%@1728,18%@1728] GR3D_FREQ 67% cpu@72.375C soc2@70.843C soc0@71.562C gpu@74.031C tj@74.031C soc1@71.75C VDD_IN 18657mW/18676mW VDD_CPU_GPU_CV 8788mW/8801mW VDD_SOC 4106mW/4107mW
08-04-2026 11:16:09 RAM 3708/7620MB (lfb 3x1MB) SWAP 2447/12002MB (cached 118MB) CPU [50%@1728,9%@1728,20%@1728,0%@1728,0%@1728,0%@1728] GR3D_FREQ 65% cpu@72.281C soc2@70.843C soc0@71.343C gpu@73.937C tj@73.937C soc1@71.718C VDD_IN 18617mW/18676mW VDD_CPU_GPU_CV 8828mW/8801mW VDD_SOC 4106mW/4107mW
08-04-2026 11:16:09 RAM 3708/7620MB (lfb 3x1MB) SWAP 2447/12002MB (cached 118MB) CPU [0%@1728,10%@1728,63%@1728,9%@1728,9%@1728,0%@1728] GR3D_FREQ 68% cpu@72.375C soc2@70.875C soc0@71.343C gpu@73.875C tj@73.875C soc1@71.843C VDD_IN 18617mW/18676mW VDD_CPU_GPU_CV 8788mW/8801mW VDD_SOC 4106mW/4107mW
08-04-2026 11:16:09 RAM 3708/7620MB (lfb 3x1MB) SWAP 2447/12002MB (cached 118MB) CPU [0%@1728,9%@1728,9%@1728,0%@1728,36%@1728,20%@1728] GR3D_FREQ 67% cpu@72C soc2@70.812C soc0@71.343C gpu@74C tj@74C soc1@71.906C VDD_IN 18536mW/18675mW VDD_CPU_GPU_CV 8747mW/8801mW VDD_SOC 4106mW/4107mW
08-04-2026 11:16:09 RAM 3708/7620MB (lfb 3x1MB) SWAP 2447/12002MB (cached 118MB) CPU [9%@1728,0%@1728,9%@1728,8%@1728,0%@1728,60%@1728] GR3D_FREQ 69% cpu@72.187C soc2@70.843C soc0@71.25C gpu@73.875C tj@73.875C soc1@71.718C VDD_IN 18617mW/18675mW VDD_CPU_GPU_CV 8747mW/8801mW VDD_SOC 4106mW/4107mW
08-04-2026 11:16:09 RAM 3708/7620MB (lfb 3x1MB) SWAP 2447/12002MB (cached 118MB) CPU [0%@1728,0%@1728,0%@1728,0%@1728,20%@1728,30%@1728] GR3D_FREQ 66% cpu@72.281C soc2@70.812C soc0@71.25C gpu@73.781C tj@73.781C soc1@71.718C VDD_IN 18617mW/18675mW VDD_CPU_GPU_CV 8788mW/8801mW VDD_SOC 4106mW/4107mW
08-04-2026 11:16:09 RAM 3708/7620MB (lfb 3x1MB) SWAP 2447/12002MB (cached 118MB) CPU [9%@1728,0%@1728,0%@1728,0%@1728,16%@1728,50%@1728] GR3D_FREQ 66% cpu@71.968C soc2@70.781C soc0@71.343C gpu@74.031C tj@74.031C soc1@71.812C VDD_IN 18617mW/18675mW VDD_CPU_GPU_CV 8788mW/8801mW VDD_SOC 4106mW/4107mW
08-04-2026 11:16:10 RAM 3708/7620MB (lfb 3x1MB) SWAP 2447/12002MB (cached 118MB) CPU [0%@1728,0%@1728,0%@1728,0%@1728,0%@1728,58%@1728] GR3D_FREQ 67% cpu@71.812C soc2@70.75C soc0@71.375C gpu@73.843C tj@73.843C soc1@71.812C VDD_IN 18657mW/18675mW VDD_CPU_GPU_CV 8788mW/8801mW VDD_SOC 4106mW/4107mW
08-04-2026 11:16:10 RAM 3708/7620MB (lfb 3x1MB) SWAP 2447/12002MB (cached 118MB) CPU [11%@1728,18%@1728,10%@1728,10%@1728,0%@1728,60%@1728] GR3D_FREQ 67% cpu@72.281C soc2@70.843C soc0@71.437C gpu@73.656C tj@73.656C soc1@71.968C VDD_IN 18657mW/18675mW VDD_CPU_GPU_CV 8788mW/8801mW VDD_SOC 4106mW/4107mW
08-04-2026 11:16:10 RAM 3708/7620MB (lfb 3x1MB) SWAP 2447/12002MB (cached 118MB) CPU [0%@1728,0%@1728,0%@1728,0%@1728,9%@1728,54%@1728] GR3D_FREQ 70% cpu@72.156C soc2@70.75C soc0@71.25C gpu@73.718C tj@73.718C soc1@71.718C VDD_IN 18697mW/18675mW VDD_CPU_GPU_CV 8788mW/8801mW VDD_SOC 4106mW/4107mW
08-04-2026 11:16:10 RAM 3708/7620MB (lfb 3x1MB) SWAP 2447/12002MB (cached 118MB) CPU [9%@1728,9%@1728,0%@1728,0%@1728,0%@1728,55%@1728] GR3D_FREQ 69% cpu@71.812C soc2@70.75C soc0@71.218C gpu@73.843C tj@73.843C soc1@71.781C VDD_IN 18697mW/18675mW VDD_CPU_GPU_CV 8802mW/8801mW VDD_SOC 4106mW/4107mW
08-04-2026 11:16:10 RAM 3708/7620MB (lfb 3x1MB) SWAP 2447/12002MB (cached 118MB) CPU [0%@1728,8%@1728,9%@1728,0%@1728,0%@1728,54%@1728] GR3D_FREQ 65% cpu@71.906C soc2@70.687C soc0@71.375C gpu@73.656C tj@73.656C soc1@71.843C VDD_IN 18697mW/18675mW VDD_CPU_GPU_CV 8802mW/8801mW VDD_SOC 4106mW/4107mW
08-04-2026 11:16:10 RAM 3708/7620MB (lfb 3x1MB) SWAP 2447/12002MB (cached 118MB) CPU [9%@1728,9%@1728,10%@1728,0%@1728,9%@1728,58%@1728] GR3D_FREQ 70% cpu@72.031C soc2@70.718C soc0@71.406C gpu@73.625C tj@73.625C soc1@71.718C VDD_IN 18657mW/18675mW VDD_CPU_GPU_CV 8802mW/8801mW VDD_SOC 4106mW/4107mW
08-04-2026 11:16:10 RAM 3708/7620MB (lfb 3x1MB) SWAP 2447/12002MB (cached 118MB) CPU [9%@1728,0%@1728,0%@1728,9%@1728,0%@1728,60%@1728] GR3D_FREQ 66% cpu@72.125C soc2@70.687C soc0@71.25C gpu@73.593C tj@73.593C soc1@71.75C VDD_IN 18697mW/18675mW VDD_CPU_GPU_CV 8761mW/8800mW VDD_SOC 4106mW/4107mW
08-04-2026 11:16:10 RAM 3708/7620MB (lfb 3x1MB) SWAP 2447/12002MB (cached 118MB) CPU [9%@1728,0%@1728,0%@1728,9%@1728,0%@1728,54%@1728] GR3D_FREQ 68% cpu@72.25C soc2@70.656C soc0@71.312C gpu@73.687C tj@73.687C soc1@71.843C VDD_IN 18657mW/18675mW VDD_CPU_GPU_CV 8802mW/8800mW VDD_SOC 4106mW/4107mW
08-04-2026 11:16:10 RAM 3708/7620MB (lfb 3x1MB) SWAP 2447/12002MB (cached 118MB) CPU [0%@1728,0%@1728,0%@1728,0%@1728,0%@1728,60%@1728] GR3D_FREQ 67% cpu@71.875C soc2@70.625C soc0@71.312C gpu@73.562C tj@73.562C soc1@71.843C VDD_IN 18697mW/18675mW VDD_CPU_GPU_CV 8802mW/8800mW VDD_SOC 4106mW/4107mW
08-04-2026 11:16:10 RAM 3708/7620MB (lfb 3x1MB) SWAP 2447/12002MB (cached 118MB) CPU [9%@1728,0%@1728,0%@1728,0%@1728,18%@1728,45%@1728] GR3D_FREQ 64% cpu@72C soc2@70.843C soc0@71.437C gpu@74.062C tj@74.062C soc1@71.656C VDD_IN 18697mW/18675mW VDD_CPU_GPU_CV 8802mW/8800mW VDD_SOC 4106mW/4107mW
08-04-2026 11:16:11 RAM 3708/7620MB (lfb 3x1MB) SWAP 2447/12002MB (cached 118MB) CPU [0%@1728,9%@1728,0%@1728,0%@1728,0%@1728,60%@1728] GR3D_FREQ 67% cpu@71.968C soc2@70.687C soc0@71.25C gpu@73.687C tj@73.687C soc1@71.781C VDD_IN 18697mW/18675mW VDD_CPU_GPU_CV 8802mW/8800mW VDD_SOC 4106mW/4107mW
08-04-2026 11:16:11 RAM 3708/7620MB (lfb 3x1MB) SWAP 2447/12002MB (cached 118MB) CPU [10%@1728,10%@1728,9%@1728,33%@1728,0%@1728,54%@1728] GR3D_FREQ 67% cpu@72.125C soc2@70.718C soc0@71.375C gpu@73.656C tj@73.656C soc1@71.593C VDD_IN 18738mW/18675mW VDD_CPU_GPU_CV 8788mW/8800mW VDD_SOC 4106mW/4107mW
08-04-2026 11:16:11 RAM 3708/7620MB (lfb 3x1MB) SWAP 2447/12002MB (cached 118MB) CPU [0%@1728,0%@1728,0%@1728,0%@1728,0%@1728,50%@1728] GR3D_FREQ 67% cpu@71.843C soc2@70.656C soc0@71.343C gpu@74.031C tj@74.031C soc1@71.781C VDD_IN 18697mW/18675mW VDD_CPU_GPU_CV 8788mW/8800mW VDD_SOC 4106mW/4107mW
08-04-2026 11:16:11 RAM 3708/7620MB (lfb 3x1MB) SWAP 2447/12002MB (cached 118MB) CPU [9%@1728,0%@1728,0%@1728,0%@1728,40%@1728,30%@1728] GR3D_FREQ 69% cpu@71.906C soc2@70.656C soc0@71.343C gpu@73.875C tj@73.875C soc1@71.937C VDD_IN 18738mW/18675mW VDD_CPU_GPU_CV 8828mW/8800mW VDD_SOC 4106mW/4107mW
08-04-2026 11:16:11 RAM 3708/7620MB (lfb 3x1MB) SWAP 2447/12002MB (cached 118MB) CPU [9%@1728,9%@1728,10%@1728,0%@1728,55%@1728,0%@1728] GR3D_FREQ 67% cpu@72.187C soc2@70.687C soc0@71.187C gpu@73.562C tj@73.562C soc1@71.687C VDD_IN 18738mW/18675mW VDD_CPU_GPU_CV 8828mW/8801mW VDD_SOC 4106mW/4107mW
08-04-2026 11:16:11 RAM 3708/7620MB (lfb 3x1MB) SWAP 2447/12002MB (cached 118MB) CPU [0%@1728,0%@1728,0%@1728,8%@1728,61%@1728,0%@1728] GR3D_FREQ 68% cpu@71.875C soc2@70.562C soc0@71.343C gpu@74.031C tj@74.031C soc1@71.812C VDD_IN 18697mW/18676mW VDD_CPU_GPU_CV 8788mW/8801mW VDD_SOC 4106mW/4107mW
08-04-2026 11:16:11 RAM 3708/7620MB (lfb 3x1MB) SWAP 2447/12002MB (cached 118MB) CPU [10%@1728,16%@1728,8%@1728,0%@1728,55%@1728,0%@1728] GR3D_FREQ 69% cpu@71.937C soc2@70.687C soc0@71.343C gpu@73.875C tj@73.875C soc1@71.843C VDD_IN 18697mW/18676mW VDD_CPU_GPU_CV 8828mW/8801mW VDD_SOC 4106mW/4107mW
08-04-2026 11:16:11 RAM 3708/7620MB (lfb 3x1MB) SWAP 2447/12002MB (cached 118MB) CPU [0%@1728,0%@1728,0%@1728,0%@1728,58%@1728,9%@1728] GR3D_FREQ 67% cpu@71.937C soc2@70.781C soc0@71.437C gpu@73.812C tj@73.812C soc1@71.937C VDD_IN 18697mW/18676mW VDD_CPU_GPU_CV 8788mW/8801mW VDD_SOC 4106mW/4107mW
08-04-2026 11:16:11 RAM 3708/7620MB (lfb 3x1MB) SWAP 2447/12002MB (cached 118MB) CPU [0%@1728,0%@1728,9%@1728,0%@1728,54%@1728,0%@1728] GR3D_FREQ 65% cpu@72.031C soc2@70.656C soc0@71.218C gpu@74C tj@74C soc1@71.75C VDD_IN 18697mW/18676mW VDD_CPU_GPU_CV 8842mW/8801mW VDD_SOC 4106mW/4107mW
08-04-2026 11:16:12 RAM 3708/7620MB (lfb 3x1MB) SWAP 2447/12002MB (cached 118MB) CPU [0%@1728,0%@1728,0%@1728,0%@1728,0%@1728,50%@1728] GR3D_FREQ 70% cpu@71.781C soc2@70.656C soc0@71.343C gpu@73.875C tj@73.875C soc1@71.718C VDD_IN 18738mW/18676mW VDD_CPU_GPU_CV 8828mW/8801mW VDD_SOC 4106mW/4107mW
08-04-2026 11:16:12 RAM 3708/7620MB (lfb 3x1MB) SWAP 2447/12002MB (cached 118MB) CPU [30%@1728,9%@1728,25%@1728,18%@1728,0%@1728,40%@1728] GR3D_FREQ 63% cpu@72.375C soc2@70.812C soc0@71.281C gpu@73.718C tj@73.718C soc1@71.843C VDD_IN 18657mW/18676mW VDD_CPU_GPU_CV 8802mW/8801mW VDD_SOC 4106mW/4107mW
08-04-2026 11:16:12 RAM 3708/7620MB (lfb 3x1MB) SWAP 2447/12002MB (cached 118MB) CPU [45%@1728,9%@1728,30%@1728,0%@1728,9%@1728,0%@1728] GR3D_FREQ 68% cpu@72.375C soc2@70.812C soc0@71.437C gpu@73.656C tj@73.656C soc1@71.656C VDD_IN 18617mW/18676mW VDD_CPU_GPU_CV 8802mW/8801mW VDD_SOC 4106mW/4107mW
08-04-2026 11:16:12 RAM 3708/7620MB (lfb 3x1MB) SWAP 2447/12002MB (cached 118MB) CPU [60%@1728,10%@1728,50%@1728,18%@1728,9%@1728,8%@1728] GR3D_FREQ 65% cpu@72.218C soc2@70.843C soc0@71.25C gpu@73.843C tj@73.843C soc1@71.718C VDD_IN 18617mW/18676mW VDD_CPU_GPU_CV 8788mW/8801mW VDD_SOC 4106mW/4107mW
08-04-2026 11:16:12 RAM 3708/7620MB (lfb 3x1MB) SWAP 2447/12002MB (cached 118MB) CPU [0%@1728,0%@1728,44%@1728,30%@1728,0%@1728,0%@1728] GR3D_FREQ 64% cpu@72.25C soc2@70.718C soc0@71.25C gpu@73.687C tj@73.687C soc1@71.812C VDD_IN 18657mW/18675mW VDD_CPU_GPU_CV 8788mW/8801mW VDD_SOC 4106mW/4107mW
08-04-2026 11:16:12 RAM 3703/7620MB (lfb 3x1MB) SWAP 2447/12002MB (cached 118MB) CPU [27%@1728,18%@1728,9%@1728,60%@1728,20%@1728,0%@1728] GR3D_FREQ 68% cpu@72.218C soc2@70.781C soc0@71.312C gpu@73.687C tj@73.687C soc1@71.906C VDD_IN 18536mW/18675mW VDD_CPU_GPU_CV 8747mW/8801mW VDD_SOC 4106mW/4107mW
08-04-2026 11:16:12 RAM 3703/7620MB (lfb 3x1MB) SWAP 2447/12002MB (cached 118MB) CPU [0%@1728,0%@1728,0%@1728,58%@1728,0%@1728,9%@1728] GR3D_FREQ 69% cpu@72.437C soc2@70.875C soc0@71.375C gpu@73.562C tj@73.562C soc1@71.656C VDD_IN 18576mW/18675mW VDD_CPU_GPU_CV 8761mW/8800mW VDD_SOC 4106mW/4107mW
08-04-2026 11:16:12 RAM 3703/7620MB (lfb 3x1MB) SWAP 2447/12002MB (cached 118MB) CPU [0%@1728,9%@1728,9%@1728,55%@1728,0%@1728,0%@1728] GR3D_FREQ 66% cpu@72.062C soc2@70.625C soc0@71.156C gpu@74C tj@74C soc1@71.75C VDD_IN 18576mW/18675mW VDD_CPU_GPU_CV 8761mW/8800mW VDD_SOC 4106mW/4107mW
08-04-2026 11:16:12 RAM 3703/7620MB (lfb 3x1MB) SWAP 2447/12002MB (cached 118MB) CPU [9%@1728,0%@1728,18%@1728,54%@1728,0%@1728,0%@1728] GR3D_FREQ 69% cpu@72.031C soc2@70.781C soc0@71.25C gpu@73.625C tj@73.625C soc1@71.718C VDD_IN 18617mW/18675mW VDD_CPU_GPU_CV 8761mW/8800mW VDD_SOC 4106mW/4107mW
08-04-2026 11:16:12 RAM 3703/7620MB (lfb 3x1MB) SWAP 2447/12002MB (cached 118MB) CPU [54%@1728,0%@1728,15%@1728,10%@1728,0%@1728,9%@1728] GR3D_FREQ 67% cpu@72C soc2@70.718C soc0@71.343C gpu@73.531C tj@73.531C soc1@71.937C VDD_IN 18576mW/18675mW VDD_CPU_GPU_CV 8761mW/8800mW VDD_SOC 4106mW/4107mW
08-04-2026 11:16:13 RAM 3703/7620MB (lfb 3x1MB) SWAP 2447/12002MB (cached 118MB) CPU [0%@1728,0%@1728,10%@1728,40%@1728,9%@1728,0%@1728] GR3D_FREQ 67% cpu@72.312C soc2@70.687C soc0@71.406C gpu@73.937C tj@73.937C soc1@71.75C VDD_IN 18617mW/18675mW VDD_CPU_GPU_CV 8761mW/8800mW VDD_SOC 4106mW/4107mW
08-04-2026 11:16:13 RAM 3704/7620MB (lfb 3x1MB) SWAP 2447/12002MB (cached 118MB) CPU [25%@1728,10%@1728,18%@1728,33%@1728,50%@1728,0%@1728] GR3D_FREQ 65% cpu@71.937C soc2@70.656C soc0@71.187C gpu@73.531C tj@73.531C soc1@71.625C VDD_IN 18617mW/18675mW VDD_CPU_GPU_CV 8802mW/8800mW VDD_SOC 4106mW/4107mW
08-04-2026 11:16:13 RAM 3704/7620MB (lfb 3x1MB) SWAP 2447/12002MB (cached 118MB) CPU [0%@1728,0%@1728,0%@1728,0%@1728,63%@1728,0%@1728] GR3D_FREQ 66% cpu@71.843C soc2@70.593C soc0@71.125C gpu@73.593C tj@73.593C soc1@71.781C VDD_IN 18657mW/18675mW VDD_CPU_GPU_CV 8802mW/8800mW VDD_SOC 4106mW/4107mW
08-04-2026 11:16:13 RAM 3704/7620MB (lfb 3x1MB) SWAP 2447/12002MB (cached 118MB) CPU [0%@1728,0%@1728,0%@1728,0%@1728,50%@1728,9%@1728] GR3D_FREQ 65% cpu@71.843C soc2@70.687C soc0@71.375C gpu@73.937C tj@73.937C soc1@71.781C VDD_IN 18697mW/18675mW VDD_CPU_GPU_CV 8842mW/8800mW VDD_SOC 4106mW/4107mW
08-04-2026 11:16:13 RAM 3704/7620MB (lfb 3x1MB) SWAP 2447/12002MB (cached 118MB) CPU [9%@1728,9%@1728,0%@1728,30%@1728,54%@1728,0%@1728] GR3D_FREQ 69% cpu@72.281C soc2@70.687C soc0@71.187C gpu@73.75C tj@73.75C soc1@71.593C VDD_IN 18697mW/18675mW VDD_CPU_GPU_CV 8842mW/8800mW VDD_SOC 4106mW/4107mW
08-04-2026 11:16:13 RAM 3704/7620MB (lfb 3x1MB) SWAP 2447/12002MB (cached 118MB) CPU [0%@1728,16%@1728,9%@1728,0%@1728,63%@1728,9%@1728] GR3D_FREQ 66% cpu@71.812C soc2@70.562C soc0@71.218C gpu@73.531C tj@73.625C soc1@71.593C VDD_IN 18657mW/18675mW VDD_CPU_GPU_CV 8802mW/8800mW VDD_SOC 4106mW/4107mW
08-04-2026 11:16:13 RAM 3704/7620MB (lfb 3x1MB) SWAP 2447/12002MB (cached 118MB) CPU [0%@1728,0%@1728,0%@1728,0%@1728,50%@1728,9%@1728] GR3D_FREQ 66% cpu@71.75C soc2@70.531C soc0@71.281C gpu@73.906C tj@73.906C soc1@71.781C VDD_IN 18657mW/18675mW VDD_CPU_GPU_CV 8802mW/8800mW VDD_SOC 4106mW/4107mW
08-04-2026 11:16:13 RAM 3704/7620MB (lfb 3x1MB) SWAP 2447/12002MB (cached 118MB) CPU [0%@1728,0%@1728,0%@1728,0%@1728,60%@1728,0%@1728] GR3D_FREQ 68% cpu@71.968C soc2@70.656C soc0@71.312C gpu@73.75C tj@73.75C soc1@71.906C VDD_IN 18657mW/18675mW VDD_CPU_GPU_CV 8761mW/8800mW VDD_SOC 4106mW/4107mW
08-04-2026 11:16:13 RAM 3704/7620MB (lfb 3x1MB) SWAP 2447/12002MB (cached 118MB) CPU [0%@1728,0%@1728,9%@1728,9%@1728,58%@1728,9%@1728] GR3D_FREQ 69% cpu@71.906C soc2@70.656C soc0@71.437C gpu@73.656C tj@73.656C soc1@71.625C VDD_IN 18657mW/18675mW VDD_CPU_GPU_CV 8761mW/8800mW VDD_SOC 4106mW/4107mW
08-04-2026 11:16:14 RAM 3704/7620MB (lfb 3x1MB) SWAP 2447/12002MB (cached 118MB) CPU [0%@1728,0%@1728,9%@1728,9%@1728,60%@1728,0%@1728] GR3D_FREQ 69% cpu@72.187C soc2@70.531C soc0@71.187C gpu@73.843C tj@73.843C soc1@71.687C VDD_IN 18697mW/18675mW VDD_CPU_GPU_CV 8802mW/8800mW VDD_SOC 4065mW/4107mW
08-04-2026 11:16:14 RAM 3704/7620MB (lfb 3x1MB) SWAP 2447/12002MB (cached 118MB) CPU [27%@1728,18%@1728,0%@1728,10%@1728,54%@1728,0%@1728] GR3D_FREQ 65% cpu@72C soc2@70.593C soc0@71.25C gpu@73.718C tj@73.718C soc1@71.687C VDD_IN 18697mW/18675mW VDD_CPU_GPU_CV 8802mW/8800mW VDD_SOC 4106mW/4107mW
08-04-2026 11:16:14 RAM 3704/7620MB (lfb 3x1MB) SWAP 2447/12002MB (cached 118MB) CPU [16%@1728,0%@1728,0%@1728,0%@1728,60%@1728,9%@1728] GR3D_FREQ 65% cpu@72.031C soc2@70.593C soc0@71.312C gpu@73.687C tj@73.687C soc1@71.843C VDD_IN 18697mW/18675mW VDD_CPU_GPU_CV 8842mW/8800mW VDD_SOC 4106mW/4107mW
08-04-2026 11:16:14 RAM 3704/7620MB (lfb 3x1MB) SWAP 2447/12002MB (cached 118MB) CPU [0%@1728,0%@1728,0%@1728,0%@1728,54%@1728,9%@1728] GR3D_FREQ 68% cpu@71.875C soc2@70.625C soc0@71.375C gpu@73.562C tj@73.562C soc1@71.593C VDD_IN 18697mW/18675mW VDD_CPU_GPU_CV 8802mW/8800mW VDD_SOC 4106mW/4107mW
08-04-2026 11:16:14 RAM 3704/7620MB (lfb 3x1MB) SWAP 2447/12002MB (cached 118MB) CPU [0%@1728,0%@1728,0%@1728,0%@1728,60%@1728,0%@1728] GR3D_FREQ 69% cpu@72.031C soc2@70.562C soc0@71.187C gpu@73.75C tj@73.75C soc1@71.687C VDD_IN 18738mW/18675mW VDD_CPU_GPU_CV 8802mW/8800mW VDD_SOC 4106mW/4107mW
08-04-2026 11:16:14 RAM 3704/7620MB (lfb 3x1MB) SWAP 2447/12002MB (cached 118MB) CPU [9%@1728,0%@1728,16%@1728,18%@1728,30%@1728,22%@1728] GR3D_FREQ 70% cpu@71.781C soc2@70.625C soc0@71.156C gpu@73.593C tj@73.593C soc1@71.75C VDD_IN 18697mW/18675mW VDD_CPU_GPU_CV 8761mW/8800mW VDD_SOC 4106mW/4107mW
08-04-2026 11:16:14 RAM 3704/7620MB (lfb 3x1MB) SWAP 2447/12002MB (cached 118MB) CPU [0%@1728,9%@1728,9%@1728,0%@1728,8%@1728,63%@1728] GR3D_FREQ 68% cpu@71.875C soc2@70.687C soc0@71.25C gpu@73.531C tj@73.531C soc1@71.781C VDD_IN 18697mW/18675mW VDD_CPU_GPU_CV 8761mW/8800mW VDD_SOC 4106mW/4107mW
08-04-2026 11:16:14 RAM 3704/7620MB (lfb 3x1MB) SWAP 2447/12002MB (cached 118MB) CPU [0%@1728,0%@1728,0%@1728,0%@1728,9%@1728,54%@1728] GR3D_FREQ 66% cpu@71.906C soc2@70.656C soc0@71.187C gpu@73.718C tj@73.718C soc1@71.625C VDD_IN 18686mW/18675mW VDD_CPU_GPU_CV 8761mW/8800mW VDD_SOC 4106mW/4107mW
08-04-2026 11:16:14 RAM 3704/7620MB (lfb 3x1MB) SWAP 2447/12002MB (cached 118MB) CPU [0%@1728,0%@1728,0%@1728,0%@1728,0%@1728,63%@1728] GR3D_FREQ 65% cpu@71.875C soc2@70.593C soc0@71.218C gpu@73.593C tj@73.593C soc1@71.625C VDD_IN 18697mW/18675mW VDD_CPU_GPU_CV 8721mW/8800mW VDD_SOC 4106mW/4107mW
08-04-2026 11:16:14 RAM 3704/7620MB (lfb 3x1MB) SWAP 2447/12002MB (cached 118MB) CPU [0%@1728,0%@1728,0%@1728,9%@1728,0%@1728,54%@1728] GR3D_FREQ 67% cpu@71.75C soc2@70.593C soc0@71.218C gpu@73.562C tj@73.562C soc1@71.781C VDD_IN 18697mW/18675mW VDD_CPU_GPU_CV 8761mW/8800mW VDD_SOC 4106mW/4107mW
08-04-2026 11:16:15 RAM 3704/7620MB (lfb 3x1MB) SWAP 2447/12002MB (cached 118MB) CPU [0%@1728,0%@1728,0%@1728,0%@1728,9%@1728,55%@1728] GR3D_FREQ 70% cpu@71.812C soc2@70.687C soc0@71.25C gpu@74.093C tj@74.093C soc1@71.812C VDD_IN 18738mW/18675mW VDD_CPU_GPU_CV 8761mW/8800mW VDD_SOC 4106mW/4107mW
08-04-2026 11:16:15 RAM 3703/7620MB (lfb 3x1MB) SWAP 2447/12002MB (cached 118MB) CPU [18%@1728,33%@1728,0%@1728,0%@1728,0%@1728,54%@1728] GR3D_FREQ 66% cpu@71.906C soc2@70.718C soc0@71.156C gpu@73.593C tj@73.593C soc1@71.593C VDD_IN 18697mW/18675mW VDD_CPU_GPU_CV 8788mW/8800mW VDD_SOC 4106mW/4107mW
08-04-2026 11:16:15 RAM 3703/7620MB (lfb 3x1MB) SWAP 2447/12002MB (cached 118MB) CPU [9%@1728,0%@1728,8%@1728,0%@1728,0%@1728,58%@1728] GR3D_FREQ 68% cpu@71.906C soc2@70.625C soc0@71.218C gpu@73.562C tj@73.562C soc1@71.656C VDD_IN 18738mW/18675mW VDD_CPU_GPU_CV 8802mW/8800mW VDD_SOC 4106mW/4107mW
08-04-2026 11:16:15 RAM 3703/7620MB (lfb 3x1MB) SWAP 2447/12002MB (cached 118MB) CPU [0%@1728,9%@1728,0%@1728,0%@1728,0%@1728,55%@1728] GR3D_FREQ 69% cpu@71.812C soc2@70.593C soc0@71.25C gpu@74.093C tj@74.093C soc1@71.718C VDD_IN 18738mW/18675mW VDD_CPU_GPU_CV 8788mW/8800mW VDD_SOC 4106mW/4107mW
08-04-2026 11:16:15 RAM 3703/7620MB (lfb 3x1MB) SWAP 2447/12002MB (cached 118MB) CPU [0%@1728,0%@1728,0%@1728,9%@1728,9%@1728,50%@1728] GR3D_FREQ 67% cpu@71.812C soc2@70.687C soc0@71.312C gpu@73.593C tj@73.593C soc1@71.875C VDD_IN 18738mW/18675mW VDD_CPU_GPU_CV 8788mW/8800mW VDD_SOC 4106mW/4107mW
08-04-2026 11:16:15 RAM 3703/7620MB (lfb 3x1MB) SWAP 2447/12002MB (cached 118MB) CPU [0%@1728,0%@1728,0%@1728,0%@1728,9%@1728,63%@1728] GR3D_FREQ 67% cpu@71.875C soc2@70.656C soc0@71.406C gpu@73.656C tj@73.656C soc1@71.843C VDD_IN 18697mW/18675mW VDD_CPU_GPU_CV 8842mW/8800mW VDD_SOC 4106mW/4107mW
08-04-2026 11:16:15 RAM 3705/7620MB (lfb 3x1MB) SWAP 2447/12002MB (cached 118MB) CPU [18%@1728,20%@1728,18%@1728,18%@1728,0%@1728,50%@1728] GR3D_FREQ 66% cpu@72C soc2@70.687C soc0@71.187C gpu@73.906C tj@73.906C soc1@71.75C VDD_IN 18657mW/18675mW VDD_CPU_GPU_CV 8828mW/8800mW VDD_SOC 4106mW/4107mW
08-04-2026 11:16:15 RAM 3699/7620MB (lfb 3x1MB) SWAP 2447/12002MB (cached 118MB) CPU [0%@1728,9%@1728,0%@1728,16%@1728,0%@1728,60%@1728] GR3D_FREQ 65% cpu@71.812C soc2@70.625C soc0@71.218C gpu@73.843C tj@73.843C soc1@71.687C VDD_IN 18657mW/18675mW VDD_CPU_GPU_CV 8788mW/8800mW VDD_SOC 4106mW/4107mW
08-04-2026 11:16:15 RAM 3699/7620MB (lfb 3x1MB) SWAP 2447/12002MB (cached 118MB) CPU [0%@1728,0%@1728,0%@1728,9%@1728,0%@1728,50%@1728] GR3D_FREQ 68% cpu@71.812C soc2@70.687C soc0@71.312C gpu@73.625C tj@73.625C soc1@71.718C VDD_IN 18657mW/18675mW VDD_CPU_GPU_CV 8828mW/8800mW VDD_SOC 4106mW/4107mW
08-04-2026 11:16:16 RAM 3699/7620MB (lfb 3x1MB) SWAP 2447/12002MB (cached 118MB) CPU [9%@1728,0%@1728,0%@1728,0%@1728,9%@1728,55%@1728] GR3D_FREQ 68% cpu@71.875C soc2@70.781C soc0@71.406C gpu@74C tj@74C soc1@71.656C VDD_IN 18697mW/18675mW VDD_CPU_GPU_CV 8842mW/8800mW VDD_SOC 4106mW/4107mW
08-04-2026 11:16:16 RAM 3700/7620MB (lfb 3x1MB) SWAP 2447/12002MB (cached 118MB) CPU [11%@1728,10%@1728,9%@1728,10%@1728,8%@1728,54%@1728] GR3D_FREQ 65% cpu@72.031C soc2@70.656C soc0@71.187C gpu@73.906C tj@73.906C soc1@71.718C VDD_IN 18697mW/18675mW VDD_CPU_GPU_CV 8868mW/8800mW VDD_SOC 4106mW/4107mW
08-04-2026 11:16:16 RAM 3700/7620MB (lfb 3x1MB) SWAP 2447/12002MB (cached 118MB) CPU [9%@1728,0%@1728,0%@1728,9%@1728,0%@1728,60%@1728] GR3D_FREQ 69% cpu@71.718C soc2@70.625C soc0@71.25C gpu@73.812C tj@73.812C soc1@71.687C VDD_IN 18697mW/18675mW VDD_CPU_GPU_CV 8868mW/8800mW VDD_SOC 4106mW/4107mW
08-04-2026 11:16:16 RAM 3700/7620MB (lfb 3x1MB) SWAP 2447/12002MB (cached 118MB) CPU [9%@1728,0%@1728,0%@1728,0%@1728,50%@1728,10%@1728] GR3D_FREQ 70% cpu@71.812C soc2@70.625C soc0@71.343C gpu@73.937C tj@73.937C soc1@71.843C VDD_IN 18738mW/18675mW VDD_CPU_GPU_CV 8842mW/8800mW VDD_SOC 4106mW/4107mW
08-04-2026 11:16:16 RAM 3700/7620MB (lfb 3x1MB) SWAP 2447/12002MB (cached 118MB) CPU [0%@1728,0%@1728,0%@1728,0%@1728,54%@1728,16%@1728] GR3D_FREQ 67% cpu@71.906C soc2@70.75C soc0@71.156C gpu@73.875C tj@73.875C soc1@71.625C VDD_IN 18697mW/18675mW VDD_CPU_GPU_CV 8842mW/8800mW VDD_SOC 4106mW/4107mW
08-04-2026 11:16:16 RAM 3700/7620MB (lfb 3x1MB) SWAP 2447/12002MB (cached 118MB) CPU [0%@1728,9%@1728,18%@1728,0%@1728,50%@1728,0%@1728] GR3D_FREQ 69% cpu@71.906C soc2@70.562C soc0@71.281C gpu@73.718C tj@73.718C soc1@71.687C VDD_IN 18657mW/18675mW VDD_CPU_GPU_CV 8802mW/8800mW VDD_SOC 4106mW/4107mW
08-04-2026 11:16:16 RAM 3700/7620MB (lfb 3x1MB) SWAP 2447/12002MB (cached 118MB) CPU [18%@1728,0%@1728,0%@1728,0%@1728,54%@1728,0%@1728] GR3D_FREQ 70% cpu@72.031C soc2@70.687C soc0@71.25C gpu@73.937C tj@73.937C soc1@71.718C VDD_IN 18657mW/18675mW VDD_CPU_GPU_CV 8802mW/8800mW VDD_SOC 4106mW/4107mW
08-04-2026 11:16:16 RAM 3700/7620MB (lfb 3x1MB) SWAP 2447/12002MB (cached 118MB) CPU [0%@1728,0%@1728,9%@1728,0%@1728,60%@1728,0%@1728] GR3D_FREQ 65% cpu@71.906C soc2@70.625C soc0@71.343C gpu@73.812C tj@73.812C soc1@71.843C VDD_IN 18697mW/18675mW VDD_CPU_GPU_CV 8761mW/8800mW VDD_SOC 4106mW/4107mW
08-04-2026 11:16:16 RAM 3700/7620MB (lfb 3x1MB) SWAP 2447/12002MB (cached 118MB) CPU [0%@1728,0%@1728,9%@1728,0%@1728,50%@1728,9%@1728] GR3D_FREQ 68% cpu@71.968C soc2@70.781C soc0@71.5C gpu@73.781C tj@73.781C soc1@71.968C VDD_IN 18697mW/18675mW VDD_CPU_GPU_CV 8802mW/8800mW VDD_SOC 4106mW/4107mW
08-04-2026 11:16:16 RAM 3700/7620MB (lfb 3x1MB) SWAP 2447/12002MB (cached 118MB) CPU [9%@1728,0%@1728,9%@1728,9%@1728,60%@1728,0%@1728] GR3D_FREQ 65% cpu@71.812C soc2@70.687C soc0@71.218C gpu@73.656C tj@73.656C soc1@71.75C VDD_IN 18738mW/18676mW VDD_CPU_GPU_CV 8842mW/8800mW VDD_SOC 4106mW/4107mW
08-04-2026 11:16:17 RAM 3700/7620MB (lfb 3x1MB) SWAP 2447/12002MB (cached 118MB) CPU [0%@1728,0%@1728,0%@1728,0%@1728,54%@1728,8%@1728] GR3D_FREQ 65% cpu@71.812C soc2@70.843C soc0@71.25C gpu@73.812C tj@73.812C soc1@71.812C VDD_IN 18738mW/18676mW VDD_CPU_GPU_CV 8802mW/8800mW VDD_SOC 4106mW/4107mW
08-04-2026 11:16:17 RAM 3701/7620MB (lfb 3x1MB) SWAP 2447/12002MB (cached 118MB) CPU [10%@1728,9%@1728,10%@1728,20%@1728,55%@1728,0%@1728] GR3D_FREQ 69% cpu@71.906C soc2@70.843C soc0@71.343C gpu@73.625C tj@73.625C soc1@71.843C VDD_IN 18738mW/18676mW VDD_CPU_GPU_CV 8788mW/8800mW VDD_SOC 4106mW/4107mW
08-04-2026 11:16:17 RAM 3701/7620MB (lfb 3x1MB) SWAP 2447/12002MB (cached 118MB) CPU [0%@1728,9%@1728,0%@1728,8%@1728,61%@1728,9%@1728] GR3D_FREQ 69% cpu@72C soc2@70.781C soc0@71.437C gpu@73.687C tj@73.687C soc1@71.906C VDD_IN 18738mW/18676mW VDD_CPU_GPU_CV 8788mW/8800mW VDD_SOC 4106mW/4107mW
08-04-2026 11:16:17 RAM 3701/7620MB (lfb 3x1MB) SWAP 2447/12002MB (cached 118MB) CPU [8%@1728,0%@1728,8%@1728,0%@1728,54%@1728,0%@1728] GR3D_FREQ 66% cpu@72C soc2@70.687C soc0@71.281C gpu@73.875C tj@73.875C soc1@71.687C VDD_IN 18738mW/18676mW VDD_CPU_GPU_CV 8788mW/8800mW VDD_SOC 4106mW/4107mW
08-04-2026 11:16:17 RAM 3701/7620MB (lfb 3x1MB) SWAP 2447/12002MB (cached 118MB) CPU [55%@1728,0%@1728,10%@1728,0%@1728,0%@1728,0%@1728] GR3D_FREQ 65% cpu@72.156C soc2@70.781C soc0@71.25C gpu@73.625C tj@73.625C soc1@71.781C VDD_IN 18657mW/18676mW VDD_CPU_GPU_CV 8802mW/8800mW VDD_SOC 4106mW/4107mW
08-04-2026 11:16:17 RAM 3701/7620MB (lfb 3x1MB) SWAP 2447/12002MB (cached 118MB) CPU [0%@1728,54%@1728,18%@1728,9%@1728,9%@1728,0%@1728] GR3D_FREQ 64% cpu@72C soc2@70.718C soc0@71.343C gpu@73.625C tj@73.625C soc1@71.843C VDD_IN 18576mW/18676mW VDD_CPU_GPU_CV 8761mW/8800mW VDD_SOC 4106mW/4107mW
08-04-2026 11:16:17 RAM 3701/7620MB (lfb 3x1MB) SWAP 2447/12002MB (cached 118MB) CPU [9%@1728,50%@1728,9%@1728,9%@1728,0%@1728,0%@1728] GR3D_FREQ 65% cpu@72.281C soc2@70.812C soc0@71.375C gpu@73.531C tj@73.531C soc1@71.656C VDD_IN 18617mW/18676mW VDD_CPU_GPU_CV 8802mW/8800mW VDD_SOC 4106mW/4107mW
08-04-2026 11:16:17 RAM 3701/7620MB (lfb 3x1MB) SWAP 2447/12002MB (cached 118MB) CPU [27%@1728,18%@1728,9%@1728,0%@1728,22%@1728,9%@1728] GR3D_FREQ 66% cpu@72.406C soc2@70.656C soc0@71.218C gpu@73.687C tj@74C soc1@71.75C VDD_IN 18576mW/18675mW VDD_CPU_GPU_CV 8761mW/8800mW VDD_SOC 4106mW/4107mW
08-04-2026 11:16:17 RAM 3701/7620MB (lfb 3x1MB) SWAP 2447/12002MB (cached 118MB) CPU [27%@1728,0%@1728,18%@1728,41%@1728,0%@1728,0%@1728] GR3D_FREQ 66% cpu@71.968C soc2@70.656C soc0@71.312C gpu@73.625C tj@73.625C soc1@71.781C VDD_IN 18576mW/18675mW VDD_CPU_GPU_CV 8761mW/8800mW VDD_SOC 4106mW/4107mW
08-04-2026 11:16:18 RAM 3701/7620MB (lfb 3x1MB) SWAP 2447/12002MB (cached 118MB) CPU [9%@1728,0%@1728,9%@1728,50%@1728,0%@1728,0%@1728] GR3D_FREQ 65% cpu@72.062C soc2@70.687C soc0@71.25C gpu@73.531C tj@73.531C soc1@71.781C VDD_IN 18576mW/18675mW VDD_CPU_GPU_CV 8761mW/8800mW VDD_SOC 4106mW/4107mW
08-04-2026 11:16:18 RAM 3701/7620MB (lfb 3x1MB) SWAP 2447/12002MB (cached 118MB) CPU [20%@1728,18%@1728,20%@1728,50%@1728,9%@1728,0%@1728] GR3D_FREQ 60% cpu@72.437C soc2@70.718C soc0@71.468C gpu@73.812C tj@73.812C soc1@71.968C VDD_IN 18536mW/18675mW VDD_CPU_GPU_CV 8802mW/8800mW VDD_SOC 4106mW/4107mW
08-04-2026 11:16:18 RAM 3701/7620MB (lfb 3x1MB) SWAP 2447/12002MB (cached 118MB) CPU [9%@1728,0%@1728,0%@1728,0%@1728,55%@1728,9%@1728] GR3D_FREQ 70% cpu@72.093C soc2@70.625C soc0@71.25C gpu@73.531C tj@73.531C soc1@71.718C VDD_IN 18576mW/18675mW VDD_CPU_GPU_CV 8802mW/8800mW VDD_SOC 4106mW/4107mW
08-04-2026 11:16:18 RAM 3701/7620MB (lfb 3x1MB) SWAP 2447/12002MB (cached 118MB) CPU [0%@1728,0%@1728,0%@1728,8%@1728,58%@1728,8%@1728] GR3D_FREQ 67% cpu@71.812C soc2@70.531C soc0@71.218C gpu@74C tj@74C soc1@71.718C VDD_IN 18617mW/18675mW VDD_CPU_GPU_CV 8802mW/8800mW VDD_SOC 4106mW/4107mW
08-04-2026 11:16:18 RAM 3701/7620MB (lfb 3x1MB) SWAP 2447/12002MB (cached 118MB) CPU [0%@1728,0%@1728,9%@1728,9%@1728,60%@1728,0%@1728] GR3D_FREQ 64% cpu@72.031C soc2@70.656C soc0@71.218C gpu@73.937C tj@73.937C soc1@71.812C VDD_IN 18617mW/18675mW VDD_CPU_GPU_CV 8802mW/8800mW VDD_SOC 4106mW/4107mW
08-04-2026 11:16:18 RAM 3701/7620MB (lfb 3x1MB) SWAP 2447/12002MB (cached 118MB) CPU [0%@1728,18%@1728,27%@1728,36%@1728,54%@1728,9%@1728] GR3D_FREQ 70% cpu@72.25C soc2@70.781C soc0@71.343C gpu@73.781C tj@73.781C soc1@71.906C VDD_IN 18576mW/18675mW VDD_CPU_GPU_CV 8788mW/8800mW VDD_SOC 4106mW/4107mW
08-04-2026 11:16:18 RAM 3701/7620MB (lfb 3x1MB) SWAP 2447/12002MB (cached 118MB) CPU [9%@1728,9%@1728,9%@1728,0%@1728,63%@1728,0%@1728] GR3D_FREQ 67% cpu@72.218C soc2@70.593C soc0@71.125C gpu@74.125C tj@74.125C soc1@71.656C VDD_IN 18617mW/18675mW VDD_CPU_GPU_CV 8788mW/8800mW VDD_SOC 4106mW/4107mW
08-04-2026 11:16:18 RAM 3701/7620MB (lfb 3x1MB) SWAP 2447/12002MB (cached 118MB) CPU [18%@1728,9%@1728,0%@1728,0%@1728,50%@1728,9%@1728] GR3D_FREQ 69% cpu@71.875C soc2@70.625C soc0@71.25C gpu@73.875C tj@73.875C soc1@71.781C VDD_IN 18617mW/18675mW VDD_CPU_GPU_CV 8828mW/8800mW VDD_SOC 4106mW/4107mW
08-04-2026 11:16:18 RAM 3701/7620MB (lfb 3x1MB) SWAP 2447/12002MB (cached 118MB) CPU [9%@1728,0%@1728,9%@1728,18%@1728,63%@1728,0%@1728] GR3D_FREQ 66% cpu@71.968C soc2@70.75C soc0@71.25C gpu@73.75C tj@73.75C soc1@71.843C VDD_IN 18657mW/18675mW VDD_CPU_GPU_CV 8828mW/8800mW VDD_SOC 4106mW/4107mW
08-04-2026 11:16:18 RAM 3703/7620MB (lfb 3x1MB) SWAP 2447/12002MB (cached 118MB) CPU [10%@1728,20%@1728,25%@1728,0%@1728,50%@1728,9%@1728] GR3D_FREQ 65% cpu@72.281C soc2@70.781C soc0@71.343C gpu@74C tj@74C soc1@71.687C VDD_IN 18657mW/18675mW VDD_CPU_GPU_CV 8868mW/8800mW VDD_SOC 4106mW/4107mW
08-04-2026 11:16:19 RAM 3703/7620MB (lfb 3x1MB) SWAP 2447/12002MB (cached 118MB) CPU [0%@1728,0%@1728,0%@1728,0%@1728,60%@1728,9%@1728] GR3D_FREQ 66% cpu@72.062C soc2@70.687C soc0@71.093C gpu@73.875C tj@73.875C soc1@71.687C VDD_IN 18657mW/18675mW VDD_CPU_GPU_CV 8868mW/8800mW VDD_SOC 4106mW/4107mW
08-04-2026 11:16:19 RAM 3705/7620MB (lfb 3x1MB) SWAP 2447/12002MB (cached 118MB) CPU [11%@1728,20%@1728,20%@1728,10%@1728,54%@1728,0%@1728] GR3D_FREQ 67% cpu@72.218C soc2@70.656C soc0@71.125C gpu@73.781C tj@73.781C soc1@71.718C VDD_IN 18657mW/18675mW VDD_CPU_GPU_CV 8908mW/8800mW VDD_SOC 4146mW/4107mW
08-04-2026 11:16:19 RAM 3705/7620MB (lfb 3x1MB) SWAP 2447/12002MB (cached 118MB) CPU [8%@1728,0%@1728,0%@1728,0%@1728,60%@1728,0%@1728] GR3D_FREQ 68% cpu@71.843C soc2@70.75C soc0@71.25C gpu@73.625C tj@73.625C soc1@71.812C VDD_IN 18697mW/18675mW VDD_CPU_GPU_CV 8868mW/8801mW VDD_SOC 4106mW/4107mW
08-04-2026 11:16:19 RAM 3705/7620MB (lfb 3x1MB) SWAP 2447/12002MB (cached 118MB) CPU [9%@1728,0%@1728,0%@1728,0%@1728,50%@1728,0%@1728] GR3D_FREQ 67% cpu@71.968C soc2@70.781C soc0@71.343C gpu@73.812C tj@73.812C soc1@71.937C VDD_IN 18697mW/18675mW VDD_CPU_GPU_CV 8868mW/8801mW VDD_SOC 4106mW/4107mW
08-04-2026 11:16:19 RAM 3705/7620MB (lfb 3x1MB) SWAP 2447/12002MB (cached 118MB) CPU [0%@1728,0%@1728,0%@1728,9%@1728,60%@1728,0%@1728] GR3D_FREQ 66% cpu@72.25C soc2@70.625C soc0@71.156C gpu@73.687C tj@73.687C soc1@71.781C VDD_IN 18697mW/18675mW VDD_CPU_GPU_CV 8922mW/8801mW VDD_SOC 4106mW/4107mW
08-04-2026 11:16:19 RAM 3705/7620MB (lfb 3x1MB) SWAP 2447/12002MB (cached 118MB) CPU [9%@1728,9%@1728,16%@1728,0%@1728,54%@1728,0%@1728] GR3D_FREQ 66% cpu@71.718C soc2@70.687C soc0@71.25C gpu@73.625C tj@73.625C soc1@71.75C VDD_IN 18657mW/18675mW VDD_CPU_GPU_CV 8842mW/8801mW VDD_SOC 4106mW/4107mW
08-04-2026 11:16:19 RAM 3705/7620MB (lfb 3x1MB) SWAP 2447/12002MB (cached 118MB) CPU [0%@1728,0%@1728,0%@1728,0%@1728,60%@1728,8%@1728] GR3D_FREQ 69% cpu@72C soc2@70.718C soc0@71.343C gpu@73.593C tj@73.593C soc1@71.906C VDD_IN 18657mW/18675mW VDD_CPU_GPU_CV 8842mW/8801mW VDD_SOC 4106mW/4107mW
08-04-2026 11:16:19 RAM 3705/7620MB (lfb 3x1MB) SWAP 2447/12002MB (cached 118MB) CPU [25%@1728,9%@1728,0%@1728,8%@1728,40%@1728,0%@1728] GR3D_FREQ 65% cpu@72.031C soc2@70.718C soc0@71.437C gpu@73.718C tj@73.718C soc1@71.937C VDD_IN 18657mW/18675mW VDD_CPU_GPU_CV 8802mW/8801mW VDD_SOC 4106mW/4107mW
08-04-2026 11:16:19 RAM 3705/7620MB (lfb 3x1MB) SWAP 2447/12002MB (cached 118MB) CPU [0%@1728,60%@1728,9%@1728,0%@1728,0%@1728,0%@1728] GR3D_FREQ 64% cpu@72.125C soc2@70.687C soc0@71.25C gpu@73.625C tj@73.625C soc1@71.656C VDD_IN 18617mW/18675mW VDD_CPU_GPU_CV 8761mW/8801mW VDD_SOC 4106mW/4107mW
08-04-2026 11:16:20 RAM 3705/7620MB (lfb 3x1MB) SWAP 2447/12002MB (cached 118MB) CPU [0%@1728,58%@1728,0%@1728,9%@1728,0%@1728,0%@1728] GR3D_FREQ 67% cpu@72.031C soc2@70.718C soc0@71.218C gpu@73.593C tj@73.593C soc1@71.812C VDD_IN 18617mW/18674mW VDD_CPU_GPU_CV 8761mW/8801mW VDD_SOC 4106mW/4107mW
08-04-2026 11:16:20 RAM 3706/7620MB (lfb 3x1MB) SWAP 2447/12002MB (cached 118MB) CPU [25%@1728,60%@1728,18%@1728,18%@1728,0%@1728,0%@1728] GR3D_FREQ 63% cpu@72.25C soc2@70.812C soc0@71.312C gpu@73.937C tj@73.937C soc1@71.875C VDD_IN 18617mW/18674mW VDD_CPU_GPU_CV 8721mW/8801mW VDD_SOC 4106mW/4107mW
08-04-2026 11:16:20 RAM 3706/7620MB (lfb 3x1MB) SWAP 2447/12002MB (cached 118MB) CPU [0%@1728,16%@1728,10%@1728,40%@1728,0%@1728,9%@1728] GR3D_FREQ 68% cpu@72.312C soc2@70.781C soc0@71.406C gpu@73.656C tj@73.656C soc1@71.625C VDD_IN 18576mW/18674mW VDD_CPU_GPU_CV 8761mW/8801mW VDD_SOC 4106mW/4107mW
08-04-2026 11:16:20 RAM 3706/7620MB (lfb 3x1MB) SWAP 2447/12002MB (cached 118MB) CPU [0%@1728,0%@1728,55%@1728,0%@1728,0%@1728,9%@1728] GR3D_FREQ 69% cpu@72.281C soc2@70.75C soc0@71.312C gpu@73.656C tj@73.656C soc1@71.718C VDD_IN 18617mW/18674mW VDD_CPU_GPU_CV 8721mW/8801mW VDD_SOC 4106mW/4107mW
08-04-2026 11:16:20 RAM 3706/7620MB (lfb 3x1MB) SWAP 2447/12002MB (cached 118MB) CPU [0%@1728,0%@1728,58%@1728,0%@1728,0%@1728,0%@1728] GR3D_FREQ 69% cpu@72.343C soc2@70.812C soc0@71.25C gpu@74.062C tj@74.062C soc1@71.812C VDD_IN 18617mW/18674mW VDD_CPU_GPU_CV 8802mW/8801mW VDD_SOC 4106mW/4107mW
08-04-2026 11:16:20 RAM 3706/7620MB (lfb 3x1MB) SWAP 2447/12002MB (cached 118MB) CPU [36%@1728,16%@1728,36%@1728,10%@1728,0%@1728,9%@1728] GR3D_FREQ 65% cpu@72.031C soc2@70.843C soc0@71.343C gpu@73.687C tj@73.843C soc1@71.812C VDD_IN 18576mW/18674mW VDD_CPU_GPU_CV 8761mW/8801mW VDD_SOC 4106mW/4107mW
08-04-2026 11:16:20 RAM 3706/7620MB (lfb 3x1MB) SWAP 2447/12002MB (cached 118MB) CPU [50%@1728,0%@1728,0%@1728,8%@1728,0%@1728,0%@1728] GR3D_FREQ 67% cpu@72.156C soc2@70.812C soc0@71.281C gpu@73.531C tj@73.531C soc1@71.687C VDD_IN 18576mW/18674mW VDD_CPU_GPU_CV 8761mW/8800mW VDD_SOC 4106mW/4107mW
08-04-2026 11:16:20 RAM 3706/7620MB (lfb 3x1MB) SWAP 2447/12002MB (cached 118MB) CPU [63%@1728,9%@1728,9%@1728,0%@1728,0%@1728,0%@1728] GR3D_FREQ 69% cpu@72.062C soc2@70.812C soc0@71.25C gpu@74.031C tj@74.031C soc1@71.75C VDD_IN 18536mW/18674mW VDD_CPU_GPU_CV 8761mW/8800mW VDD_SOC 4106mW/4107mW
08-04-2026 11:16:20 RAM 3706/7620MB (lfb 3x1MB) SWAP 2447/12002MB (cached 118MB) CPU [27%@1728,25%@1728,9%@1728,9%@1728,16%@1728,0%@1728] GR3D_FREQ 67% cpu@72.062C soc2@70.812C soc0@71.343C gpu@73.937C tj@73.937C soc1@71.75C VDD_IN 18576mW/18674mW VDD_CPU_GPU_CV 8761mW/8800mW VDD_SOC 4106mW/4107mW
08-04-2026 11:16:20 RAM 3706/7620MB (lfb 3x1MB) SWAP 2447/12002MB (cached 118MB) CPU [63%@1728,9%@1728,0%@1728,0%@1728,0%@1728,0%@1728] GR3D_FREQ 65% cpu@72.031C soc2@70.843C soc0@71.343C gpu@73.625C tj@73.843C soc1@71.906C VDD_IN 18576mW/18674mW VDD_CPU_GPU_CV 8761mW/8800mW VDD_SOC 4106mW/4107mW
08-04-2026 11:16:21 RAM 3706/7620MB (lfb 3x1MB) SWAP 2447/12002MB (cached 118MB) CPU [54%@1728,0%@1728,0%@1728,0%@1728,0%@1728,0%@1728] GR3D_FREQ 64% cpu@72.281C soc2@70.843C soc0@71.437C gpu@74.031C tj@74.031C soc1@71.937C VDD_IN 18576mW/18673mW VDD_CPU_GPU_CV 8761mW/8800mW VDD_SOC 4106mW/4107mW
08-04-2026 11:16:21 RAM 3706/7620MB (lfb 3x1MB) SWAP 2447/12002MB (cached 118MB) CPU [63%@1728,10%@1728,10%@1728,20%@1728,0%@1728,0%@1728] GR3D_FREQ 68% cpu@72.125C soc2@70.812C soc0@71.187C gpu@73.843C tj@73.843C soc1@71.75C VDD_IN 18495mW/18673mW VDD_CPU_GPU_CV 8788mW/8800mW VDD_SOC 4106mW/4107mW
08-04-2026 11:16:21 RAM 3706/7620MB (lfb 3x1MB) SWAP 2447/12002MB (cached 118MB) CPU [60%@1728,16%@1728,9%@1728,8%@1728,0%@1728,0%@1728] GR3D_FREQ 69% cpu@72.093C soc2@70.843C soc0@71.312C gpu@73.812C tj@73.812C soc1@71.843C VDD_IN 18536mW/18673mW VDD_CPU_GPU_CV 8788mW/8800mW VDD_SOC 4106mW/4107mW
08-04-2026 11:16:21 RAM 3706/7620MB (lfb 3x1MB) SWAP 2447/12002MB (cached 118MB) CPU [60%@1728,0%@1728,0%@1728,9%@1728,9%@1728,0%@1728] GR3D_FREQ 65% cpu@72C soc2@70.875C soc0@71.343C gpu@74C tj@73.656C soc1@71.906C VDD_IN 18536mW/18673mW VDD_CPU_GPU_CV 8761mW/8800mW VDD_SOC 4106mW/4107mW
08-04-2026 11:16:21 RAM 3706/7620MB (lfb 3x1MB) SWAP 2447/12002MB (cached 118MB) CPU [58%@1728,0%@1728,9%@1728,9%@1728,0%@1728,0%@1728] GR3D_FREQ 67% cpu@72.468C soc2@70.875C soc0@71.312C gpu@73.875C tj@73.875C soc1@71.781C VDD_IN 18617mW/18673mW VDD_CPU_GPU_CV 8802mW/8800mW VDD_SOC 4106mW/4107mW
08-04-2026 11:16:21 RAM 3706/7620MB (lfb 3x1MB) SWAP 2447/12002MB (cached 118MB) CPU [66%@1728,0%@1728,0%@1728,0%@1728,0%@1728,0%@1728] GR3D_FREQ 69% cpu@72.281C soc2@70.812C soc0@71.187C gpu@73.75C tj@73.75C soc1@71.75C VDD_IN 18536mW/18673mW VDD_CPU_GPU_CV 8761mW/8800mW VDD_SOC 4106mW/4107mW
08-04-2026 11:16:21 RAM 3706/7620MB (lfb 3x1MB) SWAP 2447/12002MB (cached 118MB) CPU [50%@1728,9%@1728,0%@1728,0%@1728,9%@1728,0%@1728] GR3D_FREQ 63% cpu@72.062C soc2@70.812C soc0@71.343C gpu@73.593C tj@73.593C soc1@71.812C VDD_IN 18495mW/18673mW VDD_CPU_GPU_CV 8761mW/8800mW VDD_SOC 4106mW/4107mW
08-04-2026 11:16:21 RAM 3706/7620MB (lfb 3x1MB) SWAP 2447/12002MB (cached 118MB) CPU [50%@1728,10%@1728,0%@1728,0%@1728,0%@1728,9%@1728] GR3D_FREQ 69% cpu@72.156C soc2@70.843C soc0@71.343C gpu@73.562C tj@73.562C soc1@71.875C VDD_IN 18536mW/18672mW VDD_CPU_GPU_CV 8802mW/8800mW VDD_SOC 4106mW/4107mW
08-04-2026 11:16:21 RAM 3706/7620MB (lfb 3x1MB) SWAP 2447/12002MB (cached 118MB) CPU [55%@1728,0%@1728,0%@1728,0%@1728,0%@1728,0%@1728] GR3D_FREQ 65% cpu@72.281C soc2@70.906C soc0@71.281C gpu@73.75C tj@73.75C soc1@71.687C VDD_IN 18495mW/18672mW VDD_CPU_GPU_CV 8761mW/8800mW VDD_SOC 4106mW/4107mW
08-04-2026 11:16:22 RAM 3706/7620MB (lfb 3x1MB) SWAP 2447/12002MB (cached 118MB) CPU [61%@1728,9%@1728,9%@1728,0%@1728,9%@1728,0%@1728] GR3D_FREQ 66% cpu@72.468C soc2@70.781C soc0@71.281C gpu@73.687C tj@73.687C soc1@71.812C VDD_IN 18536mW/18672mW VDD_CPU_GPU_CV 8761mW/8800mW VDD_SOC 4106mW/4107mW
08-04-2026 11:16:22 RAM 3707/7620MB (lfb 3x1MB) SWAP 2447/12002MB (cached 118MB) CPU [60%@1728,18%@1728,20%@1728,20%@1728,16%@1728,9%@1728] GR3D_FREQ 61% cpu@72.281C soc2@70.843C soc0@71.343C gpu@73.531C tj@73.531C soc1@71.812C VDD_IN 18455mW/18672mW VDD_CPU_GPU_CV 8721mW/8800mW VDD_SOC 4106mW/4107mW
08-04-2026 11:16:22 RAM 3707/7620MB (lfb 3x1MB) SWAP 2447/12002MB (cached 118MB) CPU [0%@1728,20%@1728,11%@1728,10%@1728,50%@1728,25%@1728] GR3D_FREQ 68% cpu@72.031C soc2@70.781C soc0@71.375C gpu@73.906C tj@73.906C soc1@71.843C VDD_IN 18525mW/18672mW VDD_CPU_GPU_CV 8707mW/8800mW VDD_SOC 4106mW/4107mW
08-04-2026 11:16:22 RAM 3707/7620MB (lfb 3x1MB) SWAP 2447/12002MB (cached 118MB) CPU [9%@1728,0%@1728,0%@1728,0%@1728,60%@1728,0%@1728] GR3D_FREQ 67% cpu@72.031C soc2@70.812C soc0@71.406C gpu@73.593C tj@73.593C soc1@71.656C VDD_IN 18525mW/18672mW VDD_CPU_GPU_CV 8707mW/8800mW VDD_SOC 4106mW/4107mW
08-04-2026 11:16:22 RAM 3707/7620MB (lfb 3x1MB) SWAP 2447/12002MB (cached 118MB) CPU [0%@1728,0%@1728,0%@1728,0%@1728,50%@1728,0%@1728] GR3D_FREQ 69% cpu@72.25C soc2@70.625C soc0@71.25C gpu@74.125C tj@74.125C soc1@71.75C VDD_IN 18606mW/18671mW VDD_CPU_GPU_CV 8761mW/8800mW VDD_SOC 4106mW/4107mW
08-04-2026 11:16:22 RAM 3707/7620MB (lfb 3x1MB) SWAP 2447/12002MB (cached 118MB) CPU [9%@1728,9%@1728,23%@1728,10%@1728,60%@1728,18%@1728] GR3D_FREQ 71% cpu@71.906C soc2@70.656C soc0@71.281C gpu@73.843C tj@73.843C soc1@71.75C VDD_IN 18536mW/18671mW VDD_CPU_GPU_CV 8747mW/8800mW VDD_SOC 4106mW/4107mW
08-04-2026 11:16:22 RAM 3707/7620MB (lfb 3x1MB) SWAP 2447/12002MB (cached 118MB) CPU [0%@1728,0%@1728,0%@1728,9%@1728,60%@1728,0%@1728] GR3D_FREQ 68% cpu@72.031C soc2@70.781C soc0@71.281C gpu@73.656C tj@73.656C soc1@71.875C VDD_IN 18576mW/18671mW VDD_CPU_GPU_CV 8761mW/8800mW VDD_SOC 4106mW/4107mW
08-04-2026 11:16:22 RAM 3707/7620MB (lfb 3x1MB) SWAP 2447/12002MB (cached 118MB) CPU [0%@1728,0%@1728,0%@1728,0%@1728,58%@1728,0%@1728] GR3D_FREQ 69% cpu@72.062C soc2@70.812C soc0@71.125C gpu@74.125C tj@74.125C soc1@71.687C VDD_IN 18576mW/18671mW VDD_CPU_GPU_CV 8707mW/8800mW VDD_SOC 4106mW/4107mW
08-04-2026 11:16:22 RAM 3707/7620MB (lfb 3x1MB) SWAP 2447/12002MB (cached 118MB) CPU [0%@1728,8%@1728,0%@1728,9%@1728,50%@1728,0%@1728] GR3D_FREQ 69% cpu@72.125C soc2@70.687C soc0@71.281C gpu@74.031C tj@74.031C soc1@71.687C VDD_IN 18576mW/18671mW VDD_CPU_GPU_CV 8707mW/8799mW VDD_SOC 4106mW/4107mW
08-04-2026 11:16:22 RAM 3707/7620MB (lfb 3x1MB) SWAP 2447/12002MB (cached 118MB) CPU [0%@1728,0%@1728,0%@1728,0%@1728,60%@1728,9%@1728] GR3D_FREQ 67% cpu@71.843C soc2@70.593C soc0@71.187C gpu@73.812C tj@73.812C soc1@71.75C VDD_IN 18617mW/18671mW VDD_CPU_GPU_CV 8747mW/8799mW VDD_SOC 4106mW/4107mW
08-04-2026 11:16:23 RAM 3707/7620MB (lfb 3x1MB) SWAP 2447/12002MB (cached 118MB) CPU [0%@1728,0%@1728,0%@1728,0%@1728,54%@1728,9%@1728] GR3D_FREQ 66% cpu@71.968C soc2@70.781C soc0@71.406C gpu@74C tj@74C soc1@71.968C VDD_IN 18657mW/18671mW VDD_CPU_GPU_CV 8761mW/8799mW VDD_SOC 4106mW/4107mW
08-04-2026 11:16:23 RAM 3708/7620MB (lfb 3x1MB) SWAP 2447/12002MB (cached 118MB) CPU [25%@1728,18%@1728,10%@1728,18%@1728,55%@1728,18%@1728] GR3D_FREQ 66% cpu@72.062C soc2@70.75C soc0@71.187C gpu@73.843C tj@73.843C soc1@71.625C VDD_IN 18657mW/18671mW VDD_CPU_GPU_CV 8788mW/8799mW VDD_SOC 4106mW/4107mW
08-04-2026 11:16:23 RAM 3708/7620MB (lfb 3x1MB) SWAP 2447/12002MB (cached 118MB) CPU [18%@1728,9%@1728,0%@1728,60%@1728,60%@1728,0%@1728] GR3D_FREQ 65% cpu@72.312C soc2@70.687C soc0@71.312C gpu@73.75C tj@73.75C soc1@71.75C VDD_IN 18657mW/18671mW VDD_CPU_GPU_CV 8828mW/8799mW VDD_SOC 4106mW/4107mW
08-04-2026 11:16:23 RAM 3708/7620MB (lfb 3x1MB) SWAP 2447/12002MB (cached 118MB) CPU [0%@1728,9%@1728,9%@1728,0%@1728,54%@1728,0%@1728] GR3D_FREQ 69% cpu@71.937C soc2@70.718C soc0@71.25C gpu@73.625C tj@73.625C soc1@71.718C VDD_IN 18697mW/18671mW VDD_CPU_GPU_CV 8788mW/8799mW VDD_SOC 4106mW/4107mW
08-04-2026 11:16:23 RAM 3708/7620MB (lfb 3x1MB) SWAP 2447/12002MB (cached 118MB) CPU [20%@1728,9%@1728,16%@1728,0%@1728,54%@1728,0%@1728] GR3D_FREQ 68% cpu@72.125C soc2@70.812C soc0@71.25C gpu@73.843C tj@73.843C soc1@71.875C VDD_IN 18738mW/18671mW VDD_CPU_GPU_CV 8788mW/8799mW VDD_SOC 4146mW/4107mW
08-04-2026 11:16:23 RAM 3708/7620MB (lfb 3x1MB) SWAP 2447/12002MB (cached 118MB) CPU [9%@1728,18%@1728,0%@1728,0%@1728,55%@1728,8%@1728] GR3D_FREQ 68% cpu@71.875C soc2@70.812C soc0@71.437C gpu@73.718C tj@73.718C soc1@71.625C VDD_IN 18657mW/18671mW VDD_CPU_GPU_CV 8788mW/8799mW VDD_SOC 4146mW/4107mW
08-04-2026 11:16:23 RAM 3708/7620MB (lfb 3x1MB) SWAP 2447/12002MB (cached 118MB) CPU [0%@1728,0%@1728,0%@1728,10%@1728,54%@1728,0%@1728] GR3D_FREQ 70% cpu@71.968C soc2@70.781C soc0@71.187C gpu@73.75C tj@73.75C soc1@71.75C VDD_IN 18657mW/18671mW VDD_CPU_GPU_CV 8788mW/8799mW VDD_SOC 4106mW/4107mW
08-04-2026 11:16:23 RAM 3708/7620MB (lfb 3x1MB) SWAP 2447/12002MB (cached 118MB) CPU [0%@1728,9%@1728,0%@1728,0%@1728,60%@1728,0%@1728] GR3D_FREQ 68% cpu@71.843C soc2@70.656C soc0@71.312C gpu@73.593C tj@73.593C soc1@71.812C VDD_IN 18657mW/18671mW VDD_CPU_GPU_CV 8788mW/8799mW VDD_SOC 4106mW/4107mW
08-04-2026 11:16:23 RAM 3708/7620MB (lfb 3x1MB) SWAP 2447/12002MB (cached 118MB) CPU [0%@1728,0%@1728,0%@1728,9%@1728,54%@1728,0%@1728] GR3D_FREQ 68% cpu@71.968C soc2@70.812C soc0@71.312C gpu@73.75C tj@73.75C soc1@71.875C VDD_IN 18738mW/18671mW VDD_CPU_GPU_CV 8788mW/8799mW VDD_SOC 4106mW/4107mW
08-04-2026 11:16:24 RAM 3708/7620MB (lfb 3x1MB) SWAP 2447/12002MB (cached 118MB) CPU [0%@1728,9%@1728,0%@1728,0%@1728,60%@1728,0%@1728] GR3D_FREQ 65% cpu@71.968C soc2@70.843C soc0@71.281C gpu@73.718C tj@73.718C soc1@71.75C VDD_IN 18738mW/18671mW VDD_CPU_GPU_CV 8788mW/8799mW VDD_SOC 4106mW/4107mW
08-04-2026 11:16:24 RAM 3708/7620MB (lfb 3x1MB) SWAP 2447/12002MB (cached 118MB) CPU [10%@1728,18%@1728,18%@1728,23%@1728,54%@1728,11%@1728] GR3D_FREQ 63% cpu@71.968C soc2@70.687C soc0@71.25C gpu@73.531C tj@73.531C soc1@71.718C VDD_IN 18738mW/18671mW VDD_CPU_GPU_CV 8788mW/8799mW VDD_SOC 4106mW/4107mW
08-04-2026 11:16:24 RAM 3708/7620MB (lfb 3x1MB) SWAP 2447/12002MB (cached 118MB) CPU [15%@1728,0%@1728,9%@1728,0%@1728,60%@1728,0%@1728] GR3D_FREQ 67% cpu@71.843C soc2@70.75C soc0@71.281C gpu@73.718C tj@73.718C soc1@71.812C VDD_IN 18738mW/18671mW VDD_CPU_GPU_CV 8788mW/8799mW VDD_SOC 4106mW/4107mW
08-04-2026 11:16:24 RAM 3708/7620MB (lfb 3x1MB) SWAP 2447/12002MB (cached 118MB) CPU [0%@1728,0%@1728,9%@1728,0%@1728,58%@1728,0%@1728] GR3D_FREQ 69% cpu@71.906C soc2@70.781C soc0@71.312C gpu@73.625C tj@73.625C soc1@72C VDD_IN 18738mW/18671mW VDD_CPU_GPU_CV 8788mW/8799mW VDD_SOC 4106mW/4107mW
08-04-2026 11:16:24 RAM 3708/7620MB (lfb 3x1MB) SWAP 2447/12002MB (cached 118MB) CPU [0%@1728,0%@1728,0%@1728,9%@1728,60%@1728,0%@1728] GR3D_FREQ 66% cpu@71.937C soc2@70.781C soc0@71.25C gpu@73.625C tj@73.625C soc1@71.687C VDD_IN 18778mW/18671mW VDD_CPU_GPU_CV 8788mW/8799mW VDD_SOC 4106mW/4107mW
08-04-2026 11:16:24 RAM 3708/7620MB (lfb 3x1MB) SWAP 2447/12002MB (cached 118MB) CPU [9%@1728,9%@1728,9%@1728,25%@1728,36%@1728,41%@1728] GR3D_FREQ 72% cpu@71.875C soc2@70.687C soc0@71.281C gpu@74C tj@74C soc1@71.687C VDD_IN 18697mW/18671mW VDD_CPU_GPU_CV 8747mW/8799mW VDD_SOC 4106mW/4107mW
08-04-2026 11:16:24 RAM 3708/7620MB (lfb 3x1MB) SWAP 2447/12002MB (cached 118MB) CPU [0%@1728,9%@1728,9%@1728,0%@1728,0%@1728,54%@1728] GR3D_FREQ 69% cpu@71.875C soc2@70.718C soc0@71.312C gpu@73.656C tj@73.656C soc1@71.843C VDD_IN 18697mW/18671mW VDD_CPU_GPU_CV 8788mW/8799mW VDD_SOC 4106mW/4107mW
08-04-2026 11:16:24 RAM 3708/7620MB (lfb 3x1MB) SWAP 2447/12002MB (cached 118MB) CPU [9%@1728,0%@1728,0%@1728,0%@1728,0%@1728,55%@1728] GR3D_FREQ 68% cpu@71.937C soc2@70.75C soc0@71.343C gpu@73.75C tj@73.75C soc1@72C VDD_IN 18697mW/18671mW VDD_CPU_GPU_CV 8788mW/8799mW VDD_SOC 4106mW/4107mW
08-04-2026 11:16:24 RAM 3708/7620MB (lfb 3x1MB) SWAP 2447/12002MB (cached 118MB) CPU [0%@1728,0%@1728,0%@1728,0%@1728,0%@1728,54%@1728] GR3D_FREQ 67% cpu@72.343C soc2@70.812C soc0@71.468C gpu@74.156C tj@74.156C soc1@71.75C VDD_IN 18738mW/18672mW VDD_CPU_GPU_CV 8828mW/8799mW VDD_SOC 4106mW/4107mW
08-04-2026 11:16:24 RAM 3708/7620MB (lfb 3x1MB) SWAP 2447/12002MB (cached 118MB) CPU [0%@1728,0%@1728,10%@1728,0%@1728,18%@1728,36%@1728] GR3D_FREQ 69% cpu@71.906C soc2@70.718C soc0@71.312C gpu@73.656C tj@73.656C soc1@71.781C VDD_IN 18738mW/18672mW VDD_CPU_GPU_CV 8828mW/8799mW VDD_SOC 4106mW/4107mW
08-04-2026 11:16:25 RAM 3708/7620MB (lfb 3x1MB) SWAP 2447/12002MB (cached 118MB) CPU [0%@1728,9%@1728,0%@1728,0%@1728,60%@1728,0%@1728] GR3D_FREQ 67% cpu@71.937C soc2@70.75C soc0@71.312C gpu@73.625C tj@73.625C soc1@71.843C VDD_IN 18738mW/18672mW VDD_CPU_GPU_CV 8788mW/8799mW VDD_SOC 4106mW/4107mW
08-04-2026 11:16:25 RAM 3708/7620MB (lfb 3x1MB) SWAP 2447/12002MB (cached 118MB) CPU [30%@1728,40%@1728,11%@1728,27%@1728,18%@1728,20%@1728] GR3D_FREQ 69% cpu@72.5C soc2@70.843C soc0@71.406C gpu@73.937C tj@73.937C soc1@71.968C VDD_IN 18697mW/18672mW VDD_CPU_GPU_CV 8788mW/8799mW VDD_SOC 4106mW/4107mW
08-04-2026 11:16:25 RAM 3705/7620MB (lfb 3x1MB) SWAP 2447/12002MB (cached 118MB) CPU [50%@1728,10%@1728,10%@1728,41%@1728,0%@1728,0%@1728] GR3D_FREQ 65% cpu@72.437C soc2@70.906C soc0@71.343C gpu@73.812C tj@73.812C soc1@71.75C VDD_IN 18617mW/18672mW VDD_CPU_GPU_CV 8747mW/8799mW VDD_SOC 4106mW/4107mW
08-04-2026 11:16:25 RAM 3705/7620MB (lfb 3x1MB) SWAP 2447/12002MB (cached 118MB) CPU [60%@1728,0%@1728,16%@1728,0%@1728,0%@1728,8%@1728] GR3D_FREQ 64% cpu@71.937C soc2@70.75C soc0@71.343C gpu@73.812C tj@73.812C soc1@71.843C VDD_IN 18576mW/18672mW VDD_CPU_GPU_CV 8747mW/8799mW VDD_SOC 4106mW/4107mW
08-04-2026 11:16:25 RAM 3705/7620MB (lfb 3x1MB) SWAP 2447/12002MB (cached 118MB) CPU [54%@1728,16%@1728,0%@1728,0%@1728,0%@1728,0%@1728] GR3D_FREQ 66% cpu@72.093C soc2@70.875C soc0@71.343C gpu@73.718C tj@73.718C soc1@71.843C VDD_IN 18576mW/18671mW VDD_CPU_GPU_CV 8761mW/8799mW VDD_SOC 4106mW/4107mW
08-04-2026 11:16:25 RAM 3705/7620MB (lfb 3x1MB) SWAP 2447/12002MB (cached 118MB) CPU [0%@1728,0%@1728,60%@1728,10%@1728,8%@1728,9%@1728] GR3D_FREQ 66% cpu@72.531C soc2@70.906C soc0@71.468C gpu@73.875C tj@73.875C soc1@71.937C VDD_IN 18536mW/18671mW VDD_CPU_GPU_CV 8761mW/8799mW VDD_SOC 4106mW/4107mW
08-04-2026 11:16:25 RAM 3705/7620MB (lfb 3x1MB) SWAP 2447/12002MB (cached 118MB) CPU [9%@1728,0%@1728,54%@1728,0%@1728,0%@1728,0%@1728] GR3D_FREQ 69% cpu@72.531C soc2@70.687C soc0@71.343C gpu@73.781C tj@73.781C soc1@71.812C VDD_IN 18576mW/18671mW VDD_CPU_GPU_CV 8721mW/8799mW VDD_SOC 4106mW/4107mW
08-04-2026 11:16:25 RAM 3705/7620MB (lfb 3x1MB) SWAP 2447/12002MB (cached 118MB) CPU [0%@1728,8%@1728,60%@1728,9%@1728,0%@1728,0%@1728] GR3D_FREQ 67% cpu@72.218C soc2@70.812C soc0@71.343C gpu@73.687C tj@73.687C soc1@71.937C VDD_IN 18606mW/18671mW VDD_CPU_GPU_CV 8721mW/8799mW VDD_SOC 4106mW/4107mW
08-04-2026 11:16:25 RAM 3705/7620MB (lfb 3x1MB) SWAP 2447/12002MB (cached 118MB) CPU [9%@1728,16%@1728,50%@1728,9%@1728,0%@1728,0%@1728] GR3D_FREQ 68% cpu@72.343C soc2@70.812C soc0@71.406C gpu@73.687C tj@73.687C soc1@71.906C VDD_IN 18617mW/18671mW VDD_CPU_GPU_CV 8721mW/8799mW VDD_SOC 4106mW/4107mW
08-04-2026 11:16:26 RAM 3705/7620MB (lfb 3x1MB) SWAP 2447/12002MB (cached 118MB) CPU [54%@1728,0%@1728,9%@1728,0%@1728,0%@1728,0%@1728] GR3D_FREQ 69% cpu@72.156C soc2@71C soc0@71.5C gpu@73.812C tj@73.812C soc1@71.781C VDD_IN 18617mW/18671mW VDD_CPU_GPU_CV 8721mW/8799mW VDD_SOC 4106mW/4107mW
08-04-2026 11:16:26 RAM 3707/7620MB (lfb 3x1MB) SWAP 2447/12002MB (cached 118MB) CPU [50%@1728,0%@1728,20%@1728,20%@1728,16%@1728,9%@1728] GR3D_FREQ 67% cpu@72.562C soc2@70.906C soc0@71.312C gpu@73.687C tj@73.687C soc1@71.843C VDD_IN 18606mW/18671mW VDD_CPU_GPU_CV 8721mW/8799mW VDD_SOC 4106mW/4107mW
08-04-2026 11:16:26 RAM 3707/7620MB (lfb 3x1MB) SWAP 2447/12002MB (cached 118MB) CPU [63%@1728,18%@1728,0%@1728,0%@1728,0%@1728,9%@1728] GR3D_FREQ 69% cpu@72.437C soc2@70.875C soc0@71.312C gpu@73.656C tj@73.656C soc1@71.875C VDD_IN 18576mW/18671mW VDD_CPU_GPU_CV 8721mW/8799mW VDD_SOC 4106mW/4107mW
08-04-2026 11:16:26 RAM 3707/7620MB (lfb 3x1MB) SWAP 2447/12002MB (cached 118MB) CPU [50%@1728,0%@1728,0%@1728,9%@1728,0%@1728,0%@1728] GR3D_FREQ 69% cpu@72.312C soc2@71C soc0@71.375C gpu@74.062C tj@74.062C soc1@71.968C VDD_IN 18576mW/18671mW VDD_CPU_GPU_CV 8721mW/8798mW VDD_SOC 4106mW/4107mW
08-04-2026 11:16:26 RAM 3707/7620MB (lfb 3x1MB) SWAP 2447/12002MB (cached 118MB) CPU [50%@1728,0%@1728,9%@1728,0%@1728,0%@1728,0%@1728] GR3D_FREQ 68% cpu@72.343C soc2@70.843C soc0@71.5C gpu@73.718C tj@73.718C soc1@72.062C VDD_IN 18606mW/18671mW VDD_CPU_GPU_CV 8681mW/8798mW VDD_SOC 4106mW/4107mW
08-04-2026 11:16:26 RAM 3707/7620MB (lfb 3x1MB) SWAP 2447/12002MB (cached 118MB) CPU [36%@1728,0%@1728,36%@1728,20%@1728,0%@1728,8%@1728] GR3D_FREQ 67% cpu@72.625C soc2@70.875C soc0@71.343C gpu@73.593C tj@73.593C soc1@71.781C VDD_IN 18525mW/18671mW VDD_CPU_GPU_CV 8681mW/8798mW VDD_SOC 4106mW/4107mW
08-04-2026 11:16:26 RAM 3707/7620MB (lfb 3x1MB) SWAP 2447/12002MB (cached 118MB) CPU [0%@1728,0%@1728,10%@1728,9%@1728,50%@1728,0%@1728] GR3D_FREQ 65% cpu@72.062C soc2@70.875C soc0@71.343C gpu@74.031C tj@74.031C soc1@71.937C VDD_IN 18565mW/18670mW VDD_CPU_GPU_CV 8721mW/8798mW VDD_SOC 4106mW/4107mW
08-04-2026 11:16:26 RAM 3707/7620MB (lfb 3x1MB) SWAP 2447/12002MB (cached 118MB) CPU [0%@1728,23%@1728,9%@1728,18%@1728,55%@1728,0%@1728] GR3D_FREQ 69% cpu@72C soc2@70.812C soc0@71.468C gpu@73.812C tj@73.812C soc1@71.906C VDD_IN 18576mW/18670mW VDD_CPU_GPU_CV 8721mW/8798mW VDD_SOC 4106mW/4107mW
08-04-2026 11:16:26 RAM 3707/7620MB (lfb 3x1MB) SWAP 2447/12002MB (cached 118MB) CPU [16%@1728,0%@1728,0%@1728,9%@1728,54%@1728,0%@1728] GR3D_FREQ 66% cpu@72.093C soc2@70.812C soc0@71.562C gpu@74.25C tj@74.25C soc1@72.031C VDD_IN 18617mW/18670mW VDD_CPU_GPU_CV 8761mW/8798mW VDD_SOC 4106mW/4107mW
08-04-2026 11:16:26 RAM 3707/7620MB (lfb 3x1MB) SWAP 2447/12002MB (cached 118MB) CPU [9%@1728,0%@1728,0%@1728,0%@1728,60%@1728,0%@1728] GR3D_FREQ 64% cpu@72.062C soc2@70.781C soc0@71.343C gpu@74.062C tj@74.062C soc1@71.812C VDD_IN 18657mW/18670mW VDD_CPU_GPU_CV 8761mW/8798mW VDD_SOC 4106mW/4107mW
08-04-2026 11:16:27 RAM 3707/7620MB (lfb 3x1MB) SWAP 2447/12002MB (cached 118MB) CPU [0%@1728,0%@1728,0%@1728,0%@1728,54%@1728,0%@1728] GR3D_FREQ 69% cpu@72.156C soc2@70.843C soc0@71.406C gpu@74C tj@74C soc1@71.937C VDD_IN 18697mW/18670mW VDD_CPU_GPU_CV 8802mW/8798mW VDD_SOC 4106mW/4107mW
08-04-2026 11:16:27 RAM 3708/7620MB (lfb 3x1MB) SWAP 2447/12002MB (cached 118MB) CPU [18%@1728,0%@1728,10%@1728,20%@1728,18%@1728,55%@1728] GR3D_FREQ 70% cpu@72.125C soc2@70.968C soc0@71.468C gpu@74.25C tj@74.25C soc1@72.031C VDD_IN 18697mW/18670mW VDD_CPU_GPU_CV 8802mW/8798mW VDD_SOC 4106mW/4107mW
08-04-2026 11:16:27 RAM 3708/7620MB (lfb 3x1MB) SWAP 2447/12002MB (cached 118MB) CPU [16%@1728,8%@1728,9%@1728,8%@1728,0%@1728,54%@1728] GR3D_FREQ 66% cpu@72.093C soc2@70.968C soc0@71.593C gpu@74.062C tj@74.062C soc1@72.031C VDD_IN 18738mW/18670mW VDD_CPU_GPU_CV 8802mW/8798mW VDD_SOC 4106mW/4107mW
08-04-2026 11:16:27 RAM 3708/7620MB (lfb 3x1MB) SWAP 2447/12002MB (cached 118MB) CPU [0%@1728,9%@1728,0%@1728,0%@1728,9%@1728,54%@1728] GR3D_FREQ 66% cpu@72.093C soc2@70.75C soc0@71.312C gpu@73.968C tj@73.968C soc1@71.843C VDD_IN 18738mW/18670mW VDD_CPU_GPU_CV 8802mW/8798mW VDD_SOC 4106mW/4107mW
08-04-2026 11:16:27 RAM 3708/7620MB (lfb 3x1MB) SWAP 2447/12002MB (cached 118MB) CPU [0%@1728,0%@1728,0%@1728,0%@1728,50%@1728,0%@1728] GR3D_FREQ 70% cpu@72.093C soc2@70.781C soc0@71.343C gpu@73.906C tj@73.906C soc1@71.906C VDD_IN 18738mW/18671mW VDD_CPU_GPU_CV 8802mW/8798mW VDD_SOC 4106mW/4107mW
08-04-2026 11:16:27 RAM 3708/7620MB (lfb 3x1MB) SWAP 2447/12002MB (cached 118MB) CPU [0%@1728,9%@1728,16%@1728,16%@1728,0%@1728,60%@1728] GR3D_FREQ 67% cpu@72C soc2@70.843C soc0@71.406C gpu@74.031C tj@74.031C soc1@71.906C VDD_IN 18657mW/18671mW VDD_CPU_GPU_CV 8802mW/8798mW VDD_SOC 4106mW/4107mW
08-04-2026 11:16:27 RAM 3708/7620MB (lfb 3x1MB) SWAP 2447/12002MB (cached 118MB) CPU [16%@1728,9%@1728,0%@1728,9%@1728,0%@1728,54%@1728] GR3D_FREQ 70% cpu@72.031C soc2@70.875C soc0@71.5C gpu@74C tj@74C soc1@71.843C VDD_IN 18697mW/18671mW VDD_CPU_GPU_CV 8788mW/8798mW VDD_SOC 4106mW/4107mW
08-04-2026 11:16:27 RAM 3708/7620MB (lfb 3x1MB) SWAP 2447/12002MB (cached 118MB) CPU [0%@1728,0%@1728,0%@1728,0%@1728,0%@1728,54%@1728] GR3D_FREQ 70% cpu@72.062C soc2@70.968C soc0@71.343C gpu@73.875C tj@73.875C soc1@71.812C VDD_IN 18697mW/18671mW VDD_CPU_GPU_CV 8747mW/8798mW VDD_SOC 4106mW/4107mW
08-04-2026 11:16:27 RAM 3708/7620MB (lfb 3x1MB) SWAP 2447/12002MB (cached 118MB) CPU [0%@1728,0%@1728,0%@1728,0%@1728,0%@1728,55%@1728] GR3D_FREQ 66% cpu@72C soc2@70.781C soc0@71.437C gpu@74C tj@74C soc1@71.906C VDD_IN 18738mW/18671mW VDD_CPU_GPU_CV 8747mW/8798mW VDD_SOC 4106mW/4107mW
08-04-2026 11:16:28 RAM 3708/7620MB (lfb 3x1MB) SWAP 2447/12002MB (cached 118MB) CPU [16%@1728,0%@1728,9%@1728,0%@1728,0%@1728,54%@1728] GR3D_FREQ 66% cpu@71.968C soc2@70.843C soc0@71.468C gpu@73.968C tj@73.968C soc1@71.906C VDD_IN 18697mW/18671mW VDD_CPU_GPU_CV 8788mW/8798mW VDD_SOC 4106mW/4107mW
08-04-2026 11:16:28 RAM 3710/7620MB (lfb 3x1MB) SWAP 2447/12002MB (cached 118MB) CPU [10%@1728,18%@1728,9%@1728,10%@1728,10%@1728,60%@1728] GR3D_FREQ 65% cpu@72.156C soc2@70.843C soc0@71.437C gpu@73.781C tj@73.781C soc1@72.031C VDD_IN 18738mW/18671mW VDD_CPU_GPU_CV 8788mW/8798mW VDD_SOC 4106mW/4107mW
08-04-2026 11:16:28 RAM 3710/7620MB (lfb 3x1MB) SWAP 2447/12002MB (cached 118MB) CPU [10%@1728,9%@1728,0%@1728,0%@1728,0%@1728,58%@1728] GR3D_FREQ 69% cpu@72.062C soc2@70.937C soc0@71.343C gpu@73.812C tj@73.812C soc1@71.781C VDD_IN 18738mW/18671mW VDD_CPU_GPU_CV 8788mW/8798mW VDD_SOC 4106mW/4107mW
08-04-2026 11:16:28 RAM 3710/7620MB (lfb 3x1MB) SWAP 2447/12002MB (cached 118MB) CPU [0%@1728,0%@1728,0%@1728,0%@1728,0%@1728,50%@1728] GR3D_FREQ 65% cpu@71.968C soc2@70.843C soc0@71.406C gpu@73.875C tj@73.875C soc1@71.843C VDD_IN 18738mW/18671mW VDD_CPU_GPU_CV 8788mW/8798mW VDD_SOC 4106mW/4107mW
08-04-2026 11:16:28 RAM 3714/7620MB (lfb 3x1MB) SWAP 2447/12002MB (cached 118MB) CPU [18%@1728,20%@1728,9%@1728,0%@1728,0%@1728,58%@1728] GR3D_FREQ 70% cpu@72.437C soc2@70.875C soc0@71.5C gpu@74C tj@74C soc1@72.031C VDD_IN 18778mW/18671mW VDD_CPU_GPU_CV 8828mW/8798mW VDD_SOC 4146mW/4107mW
08-04-2026 11:16:28 RAM 3707/7620MB (lfb 3x1MB) SWAP 2447/12002MB (cached 118MB) CPU [27%@1728,16%@1728,10%@1728,27%@1728,58%@1728,18%@1728] GR3D_FREQ 65% cpu@72.468C soc2@70.843C soc0@71.343C gpu@73.937C tj@73.937C soc1@71.781C VDD_IN 18657mW/18671mW VDD_CPU_GPU_CV 8828mW/8798mW VDD_SOC 4146mW/4107mW
08-04-2026 11:16:28 RAM 3707/7620MB (lfb 3x1MB) SWAP 2447/12002MB (cached 118MB) CPU [0%@1728,0%@1728,9%@1728,0%@1728,50%@1728,0%@1728] GR3D_FREQ 67% cpu@72.093C soc2@70.843C soc0@71.312C gpu@74.187C tj@74.187C soc1@71.875C VDD_IN 18697mW/18671mW VDD_CPU_GPU_CV 8828mW/8798mW VDD_SOC 4106mW/4107mW
08-04-2026 11:16:28 RAM 3707/7620MB (lfb 3x1MB) SWAP 2447/12002MB (cached 118MB) CPU [28%@1728,0%@1728,0%@1728,0%@1728,63%@1728,0%@1728] GR3D_FREQ 69% cpu@71.968C soc2@70.875C soc0@71.437C gpu@74C tj@74C soc1@71.906C VDD_IN 18697mW/18671mW VDD_CPU_GPU_CV 8788mW/8798mW VDD_SOC 4106mW/4107mW
08-04-2026 11:16:28 RAM 3707/7620MB (lfb 3x1MB) SWAP 2447/12002MB (cached 118MB) CPU [0%@1728,0%@1728,18%@1728,0%@1728,54%@1728,0%@1728] GR3D_FREQ 67% cpu@72.281C soc2@70.843C soc0@71.468C gpu@73.906C tj@73.906C soc1@72.031C VDD_IN 18738mW/18671mW VDD_CPU_GPU_CV 8788mW/8798mW VDD_SOC 4106mW/4107mW
08-04-2026 11:16:28 RAM 3707/7620MB (lfb 3x1MB) SWAP 2447/12002MB (cached 118MB) CPU [9%@1728,0%@1728,0%@1728,0%@1728,55%@1728,0%@1728] GR3D_FREQ 66% cpu@72.281C soc2@70.812C soc0@71.343C gpu@73.812C tj@73.812C soc1@71.75C VDD_IN 18738mW/18671mW VDD_CPU_GPU_CV 8828mW/8798mW VDD_SOC 4106mW/4107mW
08-04-2026 11:16:29 RAM 3707/7620MB (lfb 3x1MB) SWAP 2447/12002MB (cached 118MB) CPU [0%@1728,8%@1728,0%@1728,0%@1728,54%@1728,8%@1728] GR3D_FREQ 69% cpu@72.437C soc2@70.781C soc0@71.406C gpu@74C tj@74C soc1@71.812C VDD_IN 18778mW/18671mW VDD_CPU_GPU_CV 8842mW/8798mW VDD_SOC 4106mW/4107mW
08-04-2026 11:16:29 RAM 3705/7620MB (lfb 3x1MB) SWAP 2447/12002MB (cached 118MB) CPU [10%@1728,0%@1728,25%@1728,18%@1728,58%@1728,10%@1728] GR3D_FREQ 70% cpu@72.125C soc2@70.843C soc0@71.343C gpu@73.937C tj@73.937C soc1@71.843C VDD_IN 18697mW/18671mW VDD_CPU_GPU_CV 8868mW/8798mW VDD_SOC 4106mW/4107mW
08-04-2026 11:16:29 RAM 3706/7620MB (lfb 3x1MB) SWAP 2447/12002MB (cached 118MB) CPU [8%@1728,0%@1728,0%@1728,16%@1728,60%@1728,0%@1728] GR3D_FREQ 65% cpu@72.156C soc2@70.843C soc0@71.468C gpu@73.781C tj@73.781C soc1@71.812C VDD_IN 18738mW/18671mW VDD_CPU_GPU_CV 8828mW/8798mW VDD_SOC 4106mW/4107mW
08-04-2026 11:16:29 RAM 3706/7620MB (lfb 3x1MB) SWAP 2447/12002MB (cached 118MB) CPU [0%@1728,9%@1728,0%@1728,0%@1728,50%@1728,0%@1728] GR3D_FREQ 69% cpu@72.125C soc2@70.75C soc0@71.281C gpu@73.656C tj@73.656C soc1@71.75C VDD_IN 18738mW/18671mW VDD_CPU_GPU_CV 8868mW/8798mW VDD_SOC 4106mW/4107mW
08-04-2026 11:16:29 RAM 3707/7620MB (lfb 3x1MB) SWAP 2447/12002MB (cached 118MB) CPU [16%@1728,10%@1728,10%@1728,0%@1728,63%@1728,0%@1728] GR3D_FREQ 63% cpu@72.468C soc2@70.812C soc0@71.281C gpu@73.75C tj@73.75C soc1@71.781C VDD_IN 18738mW/18672mW VDD_CPU_GPU_CV 8868mW/8798mW VDD_SOC 4106mW/4107mW
08-04-2026 11:16:29 RAM 3707/7620MB (lfb 3x1MB) SWAP 2447/12002MB (cached 118MB) CPU [0%@1728,0%@1728,9%@1728,9%@1728,50%@1728,0%@1728] GR3D_FREQ 69% cpu@72.093C soc2@70.75C soc0@71.406C gpu@73.656C tj@73.656C soc1@71.843C VDD_IN 18697mW/18672mW VDD_CPU_GPU_CV 8842mW/8798mW VDD_SOC 4106mW/4107mW
08-04-2026 11:16:29 RAM 3707/7620MB (lfb 3x1MB) SWAP 2447/12002MB (cached 118MB) CPU [9%@1728,9%@1728,9%@1728,0%@1728,60%@1728,0%@1728] GR3D_FREQ 65% cpu@72.031C soc2@70.812C soc0@71.375C gpu@73.687C tj@73.687C soc1@71.968C VDD_IN 18778mW/18672mW VDD_CPU_GPU_CV 8842mW/8798mW VDD_SOC 4106mW/4107mW
08-04-2026 11:16:29 RAM 3707/7620MB (lfb 3x1MB) SWAP 2447/12002MB (cached 118MB) CPU [9%@1728,0%@1728,0%@1728,0%@1728,58%@1728,0%@1728] GR3D_FREQ 70% cpu@72.156C soc2@70.781C soc0@71.187C gpu@74.093C tj@74.093C soc1@71.75C VDD_IN 18738mW/18672mW VDD_CPU_GPU_CV 8842mW/8798mW VDD_SOC 4106mW/4107mW
08-04-2026 11:16:29 RAM 3707/7620MB (lfb 3x1MB) SWAP 2447/12002MB (cached 118MB) CPU [0%@1728,0%@1728,0%@1728,9%@1728,60%@1728,0%@1728] GR3D_FREQ 68% cpu@72.031C soc2@70.656C soc0@71.312C gpu@73.656C tj@73.656C soc1@71.812C VDD_IN 18738mW/18672mW VDD_CPU_GPU_CV 8842mW/8798mW VDD_SOC 4106mW/4107mW
08-04-2026 11:16:30 RAM 3707/7620MB (lfb 3x1MB) SWAP 2447/12002MB (cached 118MB) CPU [0%@1728,9%@1728,0%@1728,0%@1728,50%@1728,0%@1728] GR3D_FREQ 69% cpu@72C soc2@70.843C soc0@71.343C gpu@73.718C tj@73.718C soc1@71.843C VDD_IN 18778mW/18672mW VDD_CPU_GPU_CV 8842mW/8798mW VDD_SOC 4106mW/4107mW
08-04-2026 11:16:30 RAM 3707/7620MB (lfb 3x1MB) SWAP 2447/12002MB (cached 118MB) CPU [25%@1728,9%@1728,9%@1728,9%@1728,60%@1728,25%@1728] GR3D_FREQ 65% cpu@72.125C soc2@70.781C soc0@71.468C gpu@73.937C tj@73.937C soc1@71.968C VDD_IN 18778mW/18672mW VDD_CPU_GPU_CV 8842mW/8798mW VDD_SOC 4106mW/4107mW
08-04-2026 11:16:30 RAM 3707/7620MB (lfb 3x1MB) SWAP 2447/12002MB (cached 118MB) CPU [0%@1728,9%@1728,0%@1728,9%@1728,63%@1728,0%@1728] GR3D_FREQ 66% cpu@72.062C soc2@70.781C soc0@71.156C gpu@73.718C tj@73.718C soc1@71.625C VDD_IN 18778mW/18672mW VDD_CPU_GPU_CV 8842mW/8799mW VDD_SOC 4106mW/4107mW
08-04-2026 11:16:30 RAM 3707/7620MB (lfb 3x1MB) SWAP 2447/12002MB (cached 118MB) CPU [0%@1728,0%@1728,9%@1728,0%@1728,54%@1728,0%@1728] GR3D_FREQ 67% cpu@71.875C soc2@70.687C soc0@71.25C gpu@73.656C tj@73.656C soc1@71.781C VDD_IN 18778mW/18672mW VDD_CPU_GPU_CV 8842mW/8799mW VDD_SOC 4106mW/4107mW
08-04-2026 11:16:30 RAM 3707/7620MB (lfb 3x1MB) SWAP 2447/12002MB (cached 118MB) CPU [0%@1728,0%@1728,0%@1728,0%@1728,58%@1728,0%@1728] GR3D_FREQ 69% cpu@71.875C soc2@70.718C soc0@71.343C gpu@74C tj@74C soc1@71.812C VDD_IN 18778mW/18672mW VDD_CPU_GPU_CV 8842mW/8799mW VDD_SOC 4106mW/4107mW
08-04-2026 11:16:30 RAM 3707/7620MB (lfb 3x1MB) SWAP 2447/12002MB (cached 118MB) CPU [0%@1728,9%@1728,0%@1728,0%@1728,54%@1728,0%@1728] GR3D_FREQ 69% cpu@72C soc2@70.75C soc0@71.343C gpu@73.875C tj@73.875C soc1@71.906C VDD_IN 18697mW/18672mW VDD_CPU_GPU_CV 8802mW/8799mW VDD_SOC 4106mW/4107mW
08-04-2026 11:16:30 RAM 3707/7620MB (lfb 3x1MB) SWAP 2447/12002MB (cached 118MB) CPU [16%@1728,0%@1728,9%@1728,9%@1728,55%@1728,0%@1728] GR3D_FREQ 69% cpu@72.062C soc2@70.593C soc0@71.25C gpu@73.593C tj@73.593C soc1@71.656C VDD_IN 18738mW/18672mW VDD_CPU_GPU_CV 8788mW/8799mW VDD_SOC 4106mW/4107mW
08-04-2026 11:16:30 RAM 3707/7620MB (lfb 3x1MB) SWAP 2447/12002MB (cached 118MB) CPU [0%@1728,0%@1728,10%@1728,9%@1728,54%@1728,0%@1728] GR3D_FREQ 68% cpu@71.937C soc2@70.625C soc0@71.25C gpu@74C tj@74C soc1@71.781C VDD_IN 18697mW/18672mW VDD_CPU_GPU_CV 8802mW/8799mW VDD_SOC 4106mW/4107mW
08-04-2026 11:16:30 RAM 3707/7620MB (lfb 3x1MB) SWAP 2447/12002MB (cached 118MB) CPU [15%@1728,0%@1728,0%@1728,0%@1728,60%@1728,0%@1728] GR3D_FREQ 69% cpu@71.875C soc2@70.625C soc0@71.343C gpu@73.843C tj@73.843C soc1@71.812C VDD_IN 18697mW/18672mW VDD_CPU_GPU_CV 8802mW/8799mW VDD_SOC 4106mW/4107mW
08-04-2026 11:16:30 RAM 3707/7620MB (lfb 3x1MB) SWAP 2447/12002MB (cached 118MB) CPU [0%@1728,0%@1728,0%@1728,0%@1728,54%@1728,0%@1728] GR3D_FREQ 66% cpu@71.968C soc2@70.781C soc0@71.406C gpu@74.187C tj@74.187C soc1@71.875C VDD_IN 18738mW/18673mW VDD_CPU_GPU_CV 8747mW/8799mW VDD_SOC 4106mW/4107mW
08-04-2026 11:16:31 RAM 3707/7620MB (lfb 3x1MB) SWAP 2447/12002MB (cached 118MB) CPU [0%@1728,0%@1728,9%@1728,9%@1728,60%@1728,0%@1728] GR3D_FREQ 68% cpu@72.031C soc2@70.781C soc0@71.156C gpu@74C tj@74C soc1@71.687C VDD_IN 18738mW/18673mW VDD_CPU_GPU_CV 8802mW/8799mW VDD_SOC 4106mW/4107mW
08-04-2026 11:16:31 RAM 3707/7620MB (lfb 3x1MB) SWAP 2447/12002MB (cached 118MB) CPU [9%@1728,18%@1728,27%@1728,16%@1728,54%@1728,0%@1728] GR3D_FREQ 65% cpu@71.906C soc2@70.718C soc0@71.25C gpu@73.812C tj@73.812C soc1@71.687C VDD_IN 18738mW/18673mW VDD_CPU_GPU_CV 8828mW/8799mW VDD_SOC 4106mW/4107mW
08-04-2026 11:16:31 RAM 3707/7620MB (lfb 3x1MB) SWAP 2447/12002MB (cached 118MB) CPU [9%@1728,0%@1728,0%@1728,0%@1728,60%@1728,0%@1728] GR3D_FREQ 70% cpu@71.906C soc2@70.687C soc0@71.281C gpu@73.75C tj@73.75C soc1@71.843C VDD_IN 18738mW/18673mW VDD_CPU_GPU_CV 8828mW/8799mW VDD_SOC 4106mW/4107mW
08-04-2026 11:16:31 RAM 3707/7620MB (lfb 3x1MB) SWAP 2447/12002MB (cached 118MB) CPU [0%@1728,0%@1728,0%@1728,0%@1728,54%@1728,0%@1728] GR3D_FREQ 67% cpu@71.937C soc2@70.75C soc0@71.375C gpu@73.968C tj@73.968C soc1@71.937C VDD_IN 18738mW/18673mW VDD_CPU_GPU_CV 8828mW/8799mW VDD_SOC 4106mW/4107mW
08-04-2026 11:16:31 RAM 3707/7620MB (lfb 3x1MB) SWAP 2447/12002MB (cached 118MB) CPU [10%@1728,16%@1728,0%@1728,0%@1728,60%@1728,0%@1728] GR3D_FREQ 66% cpu@72.062C soc2@70.687C soc0@71.187C gpu@73.875C tj@73.875C soc1@71.656C VDD_IN 18778mW/18673mW VDD_CPU_GPU_CV 8788mW/8799mW VDD_SOC 4106mW/4107mW
08-04-2026 11:16:31 RAM 3707/7620MB (lfb 3x1MB) SWAP 2447/12002MB (cached 118MB) CPU [10%@1728,0%@1728,16%@1728,0%@1728,54%@1728,0%@1728] GR3D_FREQ 66% cpu@71.843C soc2@70.718C soc0@71.25C gpu@73.812C tj@73.812C soc1@71.843C VDD_IN 18697mW/18673mW VDD_CPU_GPU_CV 8788mW/8799mW VDD_SOC 4106mW/4107mW
08-04-2026 11:16:31 RAM 3705/7620MB (lfb 3x1MB) SWAP 2447/12002MB (cached 118MB) CPU [33%@1728,45%@1728,33%@1728,41%@1728,50%@1728,20%@1728] GR3D_FREQ 69% cpu@72.218C soc2@70.718C soc0@71.343C gpu@73.531C tj@73.531C soc1@71.843C VDD_IN 18697mW/18673mW VDD_CPU_GPU_CV 8828mW/8799mW VDD_SOC 4106mW/4107mW
08-04-2026 11:16:31 RAM 3705/7620MB (lfb 3x1MB) SWAP 2447/12002MB (cached 118MB) CPU [0%@1728,0%@1728,0%@1728,0%@1728,55%@1728,9%@1728] GR3D_FREQ 68% cpu@71.875C soc2@70.843C soc0@71.375C gpu@73.781C tj@73.781C soc1@72C VDD_IN 18697mW/18673mW VDD_CPU_GPU_CV 8828mW/8799mW VDD_SOC 4106mW/4107mW
08-04-2026 11:16:31 RAM 3705/7620MB (lfb 3x1MB) SWAP 2447/12002MB (cached 118MB) CPU [9%@1728,0%@1728,9%@1728,10%@1728,58%@1728,0%@1728] GR3D_FREQ 65% cpu@72.312C soc2@70.718C soc0@71.25C gpu@73.812C tj@73.812C soc1@71.718C VDD_IN 18697mW/18673mW VDD_CPU_GPU_CV 8828mW/8799mW VDD_SOC 4106mW/4107mW
08-04-2026 11:16:32 RAM 3705/7620MB (lfb 3x1MB) SWAP 2447/12002MB (cached 118MB) CPU [0%@1728,0%@1728,8%@1728,0%@1728,60%@1728,0%@1728] GR3D_FREQ 68% cpu@71.843C soc2@70.718C soc0@71.312C gpu@73.75C tj@73.75C soc1@71.812C VDD_IN 18738mW/18673mW VDD_CPU_GPU_CV 8788mW/8799mW VDD_SOC 4106mW/4107mW
08-04-2026 11:16:32 RAM 3705/7620MB (lfb 3x1MB) SWAP 2447/12002MB (cached 118MB) CPU [10%@1728,10%@1728,10%@1728,27%@1728,54%@1728,0%@1728] GR3D_FREQ 65% cpu@72.125C soc2@70.593C soc0@71.343C gpu@73.593C tj@73.593C soc1@71.781C VDD_IN 18697mW/18673mW VDD_CPU_GPU_CV 8828mW/8799mW VDD_SOC 4106mW/4107mW
08-04-2026 11:16:32 RAM 3705/7620MB (lfb 3x1MB) SWAP 2447/12002MB (cached 118MB) CPU [0%@1728,0%@1728,9%@1728,9%@1728,60%@1728,0%@1728] GR3D_FREQ 67% cpu@72.156C soc2@70.781C soc0@71.437C gpu@74C tj@74C soc1@72C VDD_IN 18738mW/18673mW VDD_CPU_GPU_CV 8788mW/8799mW VDD_SOC 4106mW/4107mW
08-04-2026 11:16:32 RAM 3705/7620MB (lfb 3x1MB) SWAP 2447/12002MB (cached 118MB) CPU [0%@1728,0%@1728,0%@1728,9%@1728,54%@1728,0%@1728] GR3D_FREQ 66% cpu@72.187C soc2@70.656C soc0@71.25C gpu@73.656C tj@73.656C soc1@71.718C VDD_IN 18738mW/18673mW VDD_CPU_GPU_CV 8828mW/8799mW VDD_SOC 4106mW/4107mW
08-04-2026 11:16:32 RAM 3705/7620MB (lfb 3x1MB) SWAP 2447/12002MB (cached 118MB) CPU [0%@1728,0%@1728,0%@1728,0%@1728,54%@1728,0%@1728] GR3D_FREQ 70% cpu@71.812C soc2@70.75C soc0@71.312C gpu@74.187C tj@74.187C soc1@71.812C VDD_IN 18738mW/18673mW VDD_CPU_GPU_CV 8828mW/8799mW VDD_SOC 4106mW/4107mW
08-04-2026 11:16:32 RAM 3705/7620MB (lfb 3x1MB) SWAP 2447/12002MB (cached 118MB) CPU [30%@1728,0%@1728,0%@1728,10%@1728,54%@1728,10%@1728] GR3D_FREQ 70% cpu@71.906C soc2@70.781C soc0@71.312C gpu@73.906C tj@73.906C soc1@71.843C VDD_IN 18697mW/18673mW VDD_CPU_GPU_CV 8842mW/8799mW VDD_SOC 4106mW/4107mW
08-04-2026 11:16:32 RAM 3705/7620MB (lfb 3x1MB) SWAP 2447/12002MB (cached 118MB) CPU [9%@1728,9%@1728,15%@1728,9%@1728,55%@1728,0%@1728] GR3D_FREQ 68% cpu@72.156C soc2@70.812C soc0@71.406C gpu@73.656C tj@73.656C soc1@71.968C VDD_IN 18738mW/18673mW VDD_CPU_GPU_CV 8842mW/8799mW VDD_SOC 4106mW/4107mW
08-04-2026 11:16:32 RAM 3705/7620MB (lfb 3x1MB) SWAP 2447/12002MB (cached 118MB) CPU [0%@1728,0%@1728,0%@1728,9%@1728,54%@1728,9%@1728] GR3D_FREQ 69% cpu@72.25C soc2@70.687C soc0@71.25C gpu@74.062C tj@74.062C soc1@71.75C VDD_IN 18738mW/18673mW VDD_CPU_GPU_CV 8802mW/8799mW VDD_SOC 4106mW/4107mW
08-04-2026 11:16:32 RAM 3705/7620MB (lfb 3x1MB) SWAP 2447/12002MB (cached 118MB) CPU [0%@1728,0%@1728,0%@1728,16%@1728,20%@1728,40%@1728] GR3D_FREQ 64% cpu@71.812C soc2@70.75C soc0@71.281C gpu@73.875C tj@73.875C soc1@71.75C VDD_IN 18738mW/18673mW VDD_CPU_GPU_CV 8828mW/8799mW VDD_SOC 4106mW/4107mW
08-04-2026 11:16:32 RAM 3705/7620MB (lfb 3x1MB) SWAP 2447/12002MB (cached 118MB) CPU [0%@1728,9%@1728,0%@1728,10%@1728,0%@1728,54%@1728] GR3D_FREQ 66% cpu@72C soc2@70.75C soc0@71.343C gpu@73.812C tj@73.812C soc1@71.937C VDD_IN 18697mW/18673mW VDD_CPU_GPU_CV 8828mW/8799mW VDD_SOC 4106mW/4107mW
08-04-2026 11:16:33 RAM 3705/7620MB (lfb 3x1MB) SWAP 2447/12002MB (cached 118MB) CPU [0%@1728,0%@1728,0%@1728,18%@1728,0%@1728,63%@1728] GR3D_FREQ 70% cpu@72.093C soc2@70.781C soc0@71.375C gpu@74.093C tj@74.093C soc1@71.906C VDD_IN 18738mW/18674mW VDD_CPU_GPU_CV 8828mW/8799mW VDD_SOC 4106mW/4107mW
08-04-2026 11:16:33 RAM 3706/7620MB (lfb 3x1MB) SWAP 2447/12002MB (cached 118MB) CPU [10%@1728,18%@1728,0%@1728,10%@1728,0%@1728,44%@1728] GR3D_FREQ 65% cpu@72.125C soc2@70.718C soc0@71.218C gpu@73.875C tj@73.875C soc1@71.75C VDD_IN 18738mW/18674mW VDD_CPU_GPU_CV 8828mW/8799mW VDD_SOC 4106mW/4107mW
08-04-2026 11:16:33 RAM 3706/7620MB (lfb 3x1MB) SWAP 2447/12002MB (cached 118MB) CPU [0%@1728,0%@1728,8%@1728,0%@1728,0%@1728,60%@1728] GR3D_FREQ 70% cpu@72.187C soc2@70.75C soc0@71.187C gpu@73.75C tj@73.75C soc1@71.75C VDD_IN 18778mW/18674mW VDD_CPU_GPU_CV 8828mW/8799mW VDD_SOC 4106mW/4107mW
08-04-2026 11:16:33 RAM 3706/7620MB (lfb 3x1MB) SWAP 2447/12002MB (cached 118MB) CPU [0%@1728,10%@1728,0%@1728,16%@1728,0%@1728,54%@1728] GR3D_FREQ 65% cpu@71.906C soc2@70.656C soc0@71.343C gpu@73.75C tj@73.75C soc1@71.812C VDD_IN 18778mW/18674mW VDD_CPU_GPU_CV 8828mW/8799mW VDD_SOC 4106mW/4107mW
08-04-2026 11:16:33 RAM 3707/7620MB (lfb 3x1MB) SWAP 2447/12002MB (cached 118MB) CPU [33%@1728,16%@1728,27%@1728,0%@1728,0%@1728,55%@1728] GR3D_FREQ 68% cpu@72.156C soc2@70.75C soc0@71.281C gpu@73.781C tj@73.781C soc1@71.968C VDD_IN 18738mW/18674mW VDD_CPU_GPU_CV 8868mW/8799mW VDD_SOC 4106mW/4107mW
08-04-2026 11:16:33 RAM 3707/7620MB (lfb 3x1MB) SWAP 2447/12002MB (cached 118MB) CPU [0%@1728,10%@1728,0%@1728,0%@1728,0%@1728,61%@1728] GR3D_FREQ 69% cpu@72.062C soc2@70.812C soc0@71.281C gpu@73.687C tj@73.687C soc1@71.625C VDD_IN 18738mW/18674mW VDD_CPU_GPU_CV 8828mW/8799mW VDD_SOC 4106mW/4107mW
08-04-2026 11:16:33 RAM 3707/7620MB (lfb 3x1MB) SWAP 2447/12002MB (cached 118MB) CPU [10%@1728,9%@1728,0%@1728,0%@1728,0%@1728,54%@1728] GR3D_FREQ 69% cpu@71.968C soc2@70.718C soc0@71.25C gpu@73.687C tj@73.687C soc1@71.75C VDD_IN 18738mW/18674mW VDD_CPU_GPU_CV 8788mW/8799mW VDD_SOC 4106mW/4107mW
08-04-2026 11:16:33 RAM 3707/7620MB (lfb 3x1MB) SWAP 2447/12002MB (cached 118MB) CPU [8%@1728,0%@1728,0%@1728,0%@1728,0%@1728,60%@1728] GR3D_FREQ 64% cpu@71.906C soc2@70.656C soc0@71.25C gpu@73.625C tj@73.625C soc1@71.781C VDD_IN 18697mW/18674mW VDD_CPU_GPU_CV 8788mW/8799mW VDD_SOC 4106mW/4107mW
08-04-2026 11:16:33 RAM 3707/7620MB (lfb 3x1MB) SWAP 2447/12002MB (cached 118MB) CPU [0%@1728,9%@1728,0%@1728,0%@1728,0%@1728,54%@1728] GR3D_FREQ 68% cpu@71.812C soc2@70.75C soc0@71.343C gpu@73.781C tj@73.781C soc1@71.906C VDD_IN 18738mW/18674mW VDD_CPU_GPU_CV 8828mW/8799mW VDD_SOC 4106mW/4107mW
08-04-2026 11:16:34 RAM 3707/7620MB (lfb 3x1MB) SWAP 2447/12002MB (cached 118MB) CPU [0%@1728,0%@1728,9%@1728,9%@1728,0%@1728,63%@1728] GR3D_FREQ 69% cpu@71.906C soc2@70.718C soc0@71.187C gpu@73.656C tj@73.656C soc1@71.718C VDD_IN 18778mW/18674mW VDD_CPU_GPU_CV 8788mW/8799mW VDD_SOC 4106mW/4107mW
08-04-2026 11:16:34 RAM 3708/7620MB (lfb 3x1MB) SWAP 2447/12002MB (cached 118MB) CPU [10%@1728,18%@1728,10%@1728,27%@1728,0%@1728,50%@1728] GR3D_FREQ 68% cpu@72.062C soc2@70.656C soc0@71.218C gpu@73.5C tj@73.5C soc1@71.75C VDD_IN 18738mW/18674mW VDD_CPU_GPU_CV 8828mW/8799mW VDD_SOC 4106mW/4107mW
08-04-2026 11:16:34 RAM 3707/7620MB (lfb 3x1MB) SWAP 2447/12002MB (cached 118MB) CPU [40%@1728,0%@1728,9%@1728,0%@1728,0%@1728,60%@1728] GR3D_FREQ 65% cpu@71.968C soc2@70.812C soc0@71.281C gpu@73.593C tj@73.593C soc1@71.843C VDD_IN 18738mW/18674mW VDD_CPU_GPU_CV 8828mW/8799mW VDD_SOC 4146mW/4107mW
08-04-2026 11:16:34 RAM 3707/7620MB (lfb 3x1MB) SWAP 2447/12002MB (cached 118MB) CPU [33%@1728,0%@1728,0%@1728,9%@1728,0%@1728,58%@1728] GR3D_FREQ 69% cpu@71.906C soc2@70.718C soc0@71.281C gpu@73.562C tj@73.562C soc1@71.781C VDD_IN 18738mW/18674mW VDD_CPU_GPU_CV 8828mW/8799mW VDD_SOC 4106mW/4107mW
08-04-2026 11:16:34 RAM 3707/7620MB (lfb 3x1MB) SWAP 2447/12002MB (cached 118MB) CPU [0%@1728,0%@1728,0%@1728,0%@1728,0%@1728,60%@1728] GR3D_FREQ 67% cpu@71.968C soc2@70.718C soc0@71.218C gpu@73.531C tj@73.531C soc1@71.625C VDD_IN 18778mW/18674mW VDD_CPU_GPU_CV 8828mW/8799mW VDD_SOC 4106mW/4107mW
08-04-2026 11:16:34 RAM 3707/7620MB (lfb 3x1MB) SWAP 2447/12002MB (cached 118MB) CPU [25%@1728,0%@1728,0%@1728,9%@1728,22%@1728,27%@1728] GR3D_FREQ 70% cpu@71.937C soc2@70.656C soc0@71.156C gpu@73.968C tj@73.968C soc1@71.593C VDD_IN 18697mW/18674mW VDD_CPU_GPU_CV 8828mW/8799mW VDD_SOC 4106mW/4107mW
08-04-2026 11:16:34 RAM 3707/7620MB (lfb 3x1MB) SWAP 2447/12002MB (cached 118MB) CPU [0%@1728,16%@1728,0%@1728,0%@1728,50%@1728,0%@1728] GR3D_FREQ 69% cpu@71.875C soc2@70.625C soc0@71.156C gpu@73.531C tj@73.531C soc1@71.687C VDD_IN 18738mW/18675mW VDD_CPU_GPU_CV 8828mW/8799mW VDD_SOC 4106mW/4107mW
08-04-2026 11:16:34 RAM 3707/7620MB (lfb 3x1MB) SWAP 2447/12002MB (cached 118MB) CPU [9%@1728,0%@1728,9%@1728,0%@1728,46%@1728,27%@1728] GR3D_FREQ 69% cpu@71.75C soc2@70.718C soc0@71.312C gpu@73.531C tj@73.531C soc1@71.531C VDD_IN 18738mW/18675mW VDD_CPU_GPU_CV 8828mW/8799mW VDD_SOC 4106mW/4107mW
08-04-2026 11:16:34 RAM 3707/7620MB (lfb 3x1MB) SWAP 2447/12002MB (cached 118MB) CPU [0%@1728,0%@1728,0%@1728,0%@1728,0%@1728,50%@1728] GR3D_FREQ 65% cpu@71.843C soc2@70.781C soc0@71.062C gpu@73.843C tj@73.843C soc1@71.468C VDD_IN 18738mW/18675mW VDD_CPU_GPU_CV 8828mW/8799mW VDD_SOC 4106mW/4107mW
08-04-2026 11:16:34 RAM 3701/7620MB (lfb 3x1MB) SWAP 2447/12002MB (cached 118MB) CPU [20%@1728,10%@1728,16%@1728,20%@1728,25%@1728,40%@1728] GR3D_FREQ 68% cpu@71.875C soc2@70.593C soc0@71.187C gpu@73.531C tj@73.531C soc1@71.562C VDD_IN 18738mW/18675mW VDD_CPU_GPU_CV 8828mW/8799mW VDD_SOC 4106mW/4107mW
08-04-2026 11:16:35 RAM 3701/7620MB (lfb 3x1MB) SWAP 2447/12002MB (cached 118MB) CPU [0%@1728,16%@1728,0%@1728,9%@1728,63%@1728,0%@1728] GR3D_FREQ 65% cpu@71.906C soc2@70.687C soc0@71.093C gpu@73.562C tj@73.562C soc1@71.656C VDD_IN 18738mW/18675mW VDD_CPU_GPU_CV 8868mW/8799mW VDD_SOC 4106mW/4107mW
08-04-2026 11:16:35 RAM 3704/7620MB (lfb 3x1MB) SWAP 2447/12002MB (cached 118MB) CPU [11%@1728,18%@1728,10%@1728,27%@1728,50%@1728,0%@1728] GR3D_FREQ 69% cpu@71.812C soc2@70.625C soc0@71.281C gpu@73.843C tj@73.843C soc1@71.781C VDD_IN 18738mW/18675mW VDD_CPU_GPU_CV 8908mW/8800mW VDD_SOC 4146mW/4107mW
08-04-2026 11:16:35 RAM 3704/7620MB (lfb 3x1MB) SWAP 2447/12002MB (cached 118MB) CPU [8%@1728,0%@1728,0%@1728,0%@1728,60%@1728,0%@1728] GR3D_FREQ 65% cpu@71.781C soc2@70.718C soc0@71.031C gpu@73.687C tj@73.687C soc1@71.531C VDD_IN 18738mW/18675mW VDD_CPU_GPU_CV 8868mW/8800mW VDD_SOC 4106mW/4107mW
08-04-2026 11:16:35 RAM 3704/7620MB (lfb 3x1MB) SWAP 2447/12002MB (cached 118MB) CPU [0%@1728,0%@1728,0%@1728,0%@1728,58%@1728,0%@1728] GR3D_FREQ 68% cpu@71.656C soc2@70.562C soc0@71.093C gpu@74C tj@74C soc1@71.562C VDD_IN 18738mW/18675mW VDD_CPU_GPU_CV 8868mW/8800mW VDD_SOC 4106mW/4107mW
08-04-2026 11:16:35 RAM 3704/7620MB (lfb 3x1MB) SWAP 2447/12002MB (cached 118MB) CPU [18%@1728,9%@1728,0%@1728,0%@1728,50%@1728,10%@1728] GR3D_FREQ 66% cpu@71.812C soc2@70.593C soc0@71.125C gpu@73.781C tj@73.781C soc1@71.75C VDD_IN 18738mW/18675mW VDD_CPU_GPU_CV 8868mW/8800mW VDD_SOC 4106mW/4107mW
08-04-2026 11:16:35 RAM 3704/7620MB (lfb 3x1MB) SWAP 2447/12002MB (cached 118MB) CPU [9%@1728,16%@1728,0%@1728,0%@1728,50%@1728,0%@1728] GR3D_FREQ 69% cpu@72.031C soc2@70.656C soc0@71.281C gpu@73.625C tj@73.625C soc1@71.531C VDD_IN 18697mW/18675mW VDD_CPU_GPU_CV 8828mW/8800mW VDD_SOC 4106mW/4107mW
08-04-2026 11:16:35 RAM 3704/7620MB (lfb 3x1MB) SWAP 2447/12002MB (cached 118MB) CPU [0%@1728,18%@1728,0%@1728,0%@1728,55%@1728,0%@1728] GR3D_FREQ 70% cpu@71.843C soc2@70.406C soc0@71.031C gpu@73.562C tj@73.562C soc1@71.593C VDD_IN 18697mW/18675mW VDD_CPU_GPU_CV 8788mW/8800mW VDD_SOC 4106mW/4107mW
08-04-2026 11:16:35 RAM 3704/7620MB (lfb 3x1MB) SWAP 2447/12002MB (cached 118MB) CPU [0%@1728,0%@1728,0%@1728,0%@1728,54%@1728,0%@1728] GR3D_FREQ 68% cpu@71.656C soc2@70.468C soc0@71.093C gpu@73.718C tj@73.718C soc1@71.562C VDD_IN 18697mW/18675mW VDD_CPU_GPU_CV 8788mW/8800mW VDD_SOC 4106mW/4107mW
08-04-2026 11:16:35 RAM 3704/7620MB (lfb 3x1MB) SWAP 2447/12002MB (cached 118MB) CPU [0%@1728,0%@1728,0%@1728,0%@1728,60%@1728,0%@1728] GR3D_FREQ 69% cpu@71.656C soc2@70.562C soc0@71.156C gpu@73.75C tj@73.75C soc1@71.687C VDD_IN 18738mW/18675mW VDD_CPU_GPU_CV 8802mW/8800mW VDD_SOC 4106mW/4107mW
08-04-2026 11:16:36 RAM 3704/7620MB (lfb 3x1MB) SWAP 2447/12002MB (cached 118MB) CPU [0%@1728,16%@1728,8%@1728,0%@1728,58%@1728,9%@1728] GR3D_FREQ 66% cpu@71.843C soc2@70.625C soc0@71.218C gpu@73.593C tj@73.593C soc1@71.531C VDD_IN 18738mW/18675mW VDD_CPU_GPU_CV 8802mW/8800mW VDD_SOC 4106mW/4107mW
08-04-2026 11:16:36 RAM 3704/7620MB (lfb 3x1MB) SWAP 2447/12002MB (cached 118MB) CPU [18%@1728,25%@1728,11%@1728,16%@1728,63%@1728,0%@1728] GR3D_FREQ 67% cpu@72.375C soc2@70.562C soc0@71.125C gpu@73.531C tj@73.531C soc1@71.531C VDD_IN 18738mW/18675mW VDD_CPU_GPU_CV 8828mW/8800mW VDD_SOC 4106mW/4107mW
08-04-2026 11:16:36 RAM 3704/7620MB (lfb 3x1MB) SWAP 2447/12002MB (cached 118MB) CPU [0%@1728,18%@1728,0%@1728,0%@1728,50%@1728,9%@1728] GR3D_FREQ 70% cpu@71.75C soc2@70.531C soc0@71.062C gpu@73.625C tj@73.625C soc1@71.625C VDD_IN 18738mW/18675mW VDD_CPU_GPU_CV 8828mW/8800mW VDD_SOC 4106mW/4107mW
08-04-2026 11:16:36 RAM 3704/7620MB (lfb 3x1MB) SWAP 2447/12002MB (cached 118MB) CPU [0%@1728,0%@1728,8%@1728,0%@1728,60%@1728,0%@1728] GR3D_FREQ 67% cpu@71.75C soc2@70.625C soc0@71.187C gpu@73.593C tj@73.593C soc1@71.593C VDD_IN 18738mW/18675mW VDD_CPU_GPU_CV 8828mW/8800mW VDD_SOC 4106mW/4107mW
08-04-2026 11:16:36 RAM 3704/7620MB (lfb 3x1MB) SWAP 2447/12002MB (cached 118MB) CPU [9%@1728,0%@1728,0%@1728,0%@1728,50%@1728,0%@1728] GR3D_FREQ 69% cpu@71.875C soc2@70.562C soc0@71.312C gpu@73.468C tj@73.468C soc1@71.843C VDD_IN 18738mW/18675mW VDD_CPU_GPU_CV 8828mW/8800mW VDD_SOC 4106mW/4107mW
08-04-2026 11:16:36 RAM 3704/7620MB (lfb 3x1MB) SWAP 2447/12002MB (cached 118MB) CPU [10%@1728,0%@1728,0%@1728,0%@1728,60%@1728,0%@1728] GR3D_FREQ 73% cpu@72.031C soc2@70.5C soc0@71.031C gpu@73.562C tj@73.562C soc1@71.593C VDD_IN 18697mW/18675mW VDD_CPU_GPU_CV 8788mW/8800mW VDD_SOC 4106mW/4107mW
08-04-2026 11:16:36 RAM 3704/7620MB (lfb 3x1MB) SWAP 2447/12002MB (cached 118MB) CPU [16%@1728,9%@1728,9%@1728,0%@1728,50%@1728,0%@1728] GR3D_FREQ 69% cpu@71.812C soc2@70.562C soc0@71.125C gpu@73.531C tj@73.531C soc1@71.656C VDD_IN 18738mW/18676mW VDD_CPU_GPU_CV 8788mW/8800mW VDD_SOC 4106mW/4107mW
08-04-2026 11:16:36 RAM 3704/7620MB (lfb 3x1MB) SWAP 2447/12002MB (cached 118MB) CPU [0%@1728,0%@1728,0%@1728,0%@1728,60%@1728,0%@1728] GR3D_FREQ 70% cpu@71.625C soc2@70.656C soc0@71.25C gpu@73.468C tj@73.468C soc1@71.718C VDD_IN 18697mW/18676mW VDD_CPU_GPU_CV 8788mW/8800mW VDD_SOC 4106mW/4107mW
08-04-2026 11:16:36 RAM 3704/7620MB (lfb 3x1MB) SWAP 2447/12002MB (cached 118MB) CPU [0%@1728,0%@1728,0%@1728,16%@1728,50%@1728,0%@1728] GR3D_FREQ 66% cpu@71.906C soc2@70.5C soc0@71.25C gpu@73.968C tj@73.968C soc1@71.843C VDD_IN 18738mW/18676mW VDD_CPU_GPU_CV 8788mW/8800mW VDD_SOC 4106mW/4107mW
08-04-2026 11:16:36 RAM 3704/7620MB (lfb 3x1MB) SWAP 2447/12002MB (cached 118MB) CPU [9%@1728,0%@1728,9%@1728,0%@1728,58%@1728,0%@1728] GR3D_FREQ 67% cpu@72.062C soc2@70.531C soc0@71.062C gpu@73.531C tj@73.531C soc1@71.593C VDD_IN 18738mW/18676mW VDD_CPU_GPU_CV 8788mW/8800mW VDD_SOC 4106mW/4107mW
08-04-2026 11:16:37 RAM 3704/7620MB (lfb 3x1MB) SWAP 2447/12002MB (cached 118MB) CPU [0%@1728,9%@1728,9%@1728,0%@1728,63%@1728,0%@1728] GR3D_FREQ 69% cpu@71.781C soc2@70.562C soc0@71.156C gpu@73.5C tj@73.5C soc1@71.593C VDD_IN 18738mW/18676mW VDD_CPU_GPU_CV 8788mW/8800mW VDD_SOC 4106mW/4107mW
08-04-2026 11:16:37 RAM 3705/7620MB (lfb 3x1MB) SWAP 2447/12002MB (cached 118MB) CPU [20%@1728,10%@1728,18%@1728,10%@1728,50%@1728,0%@1728] GR3D_FREQ 70% cpu@71.843C soc2@70.656C soc0@71.125C gpu@74C tj@74C soc1@71.718C VDD_IN 18697mW/18676mW VDD_CPU_GPU_CV 8788mW/8800mW VDD_SOC 4106mW/4107mW
08-04-2026 11:16:37 RAM 3705/7620MB (lfb 3x1MB) SWAP 2447/12002MB (cached 118MB) CPU [8%@1728,0%@1728,0%@1728,8%@1728,55%@1728,0%@1728] GR3D_FREQ 69% cpu@71.812C soc2@70.5C soc0@71.281C gpu@73.687C tj@73.687C soc1@71.718C VDD_IN 18697mW/18676mW VDD_CPU_GPU_CV 8842mW/8800mW VDD_SOC 4106mW/4107mW
08-04-2026 11:16:37 RAM 3705/7620MB (lfb 3x1MB) SWAP 2447/12002MB (cached 118MB) CPU [9%@1728,0%@1728,0%@1728,0%@1728,8%@1728,50%@1728] GR3D_FREQ 65% cpu@71.937C soc2@70.593C soc0@71.093C gpu@73.468C tj@73.468C soc1@71.531C VDD_IN 18738mW/18676mW VDD_CPU_GPU_CV 8802mW/8800mW VDD_SOC 4106mW/4107mW
08-04-2026 11:16:37 RAM 3705/7620MB (lfb 3x1MB) SWAP 2447/12002MB (cached 118MB) CPU [0%@1728,9%@1728,0%@1728,0%@1728,0%@1728,60%@1728] GR3D_FREQ 67% cpu@71.937C soc2@70.531C soc0@71.125C gpu@73.843C tj@73.843C soc1@71.531C VDD_IN 18738mW/18676mW VDD_CPU_GPU_CV 8802mW/8800mW VDD_SOC 4106mW/4107mW
08-04-2026 11:16:37 RAM 3705/7620MB (lfb 3x1MB) SWAP 2447/12002MB (cached 118MB) CPU [0%@1728,10%@1728,0%@1728,9%@1728,54%@1728,9%@1728] GR3D_FREQ 66% cpu@71.843C soc2@70.593C soc0@71.187C gpu@73.687C tj@73.687C soc1@71.656C VDD_IN 18657mW/18676mW VDD_CPU_GPU_CV 8802mW/8800mW VDD_SOC 4106mW/4107mW
08-04-2026 11:16:37 RAM 3705/7620MB (lfb 3x1MB) SWAP 2447/12002MB (cached 118MB) CPU [0%@1728,0%@1728,0%@1728,10%@1728,55%@1728,0%@1728] GR3D_FREQ 66% cpu@71.875C soc2@70.656C soc0@71.187C gpu@73.468C tj@73.468C soc1@71.875C VDD_IN 18657mW/18676mW VDD_CPU_GPU_CV 8761mW/8800mW VDD_SOC 4106mW/4107mW
08-04-2026 11:16:37 RAM 3705/7620MB (lfb 3x1MB) SWAP 2447/12002MB (cached 118MB) CPU [8%@1728,0%@1728,9%@1728,0%@1728,54%@1728,0%@1728] GR3D_FREQ 66% cpu@71.812C soc2@70.562C soc0@71.093C gpu@73.843C tj@73.843C soc1@71.531C VDD_IN 18657mW/18676mW VDD_CPU_GPU_CV 8761mW/8800mW VDD_SOC 4106mW/4107mW
08-04-2026 11:16:37 RAM 3705/7620MB (lfb 3x1MB) SWAP 2447/12002MB (cached 118MB) CPU [0%@1728,0%@1728,0%@1728,0%@1728,55%@1728,0%@1728] GR3D_FREQ 67% cpu@72C soc2@70.562C soc0@71.156C gpu@73.75C tj@73.75C soc1@71.656C VDD_IN 18697mW/18676mW VDD_CPU_GPU_CV 8802mW/8800mW VDD_SOC 4106mW/4107mW
08-04-2026 11:16:38 RAM 3705/7620MB (lfb 3x1MB) SWAP 2447/12002MB (cached 118MB) CPU [0%@1728,0%@1728,0%@1728,15%@1728,54%@1728,0%@1728] GR3D_FREQ 70% cpu@71.812C soc2@70.562C soc0@71.25C gpu@73.687C tj@73.687C soc1@71.718C VDD_IN 18697mW/18676mW VDD_CPU_GPU_CV 8802mW/8800mW VDD_SOC 4106mW/4107mW
08-04-2026 11:16:38 RAM 3706/7620MB (lfb 3x1MB) SWAP 2447/12002MB (cached 118MB) CPU [30%@1728,27%@1728,20%@1728,11%@1728,63%@1728,8%@1728] GR3D_FREQ 64% cpu@72.281C soc2@70.687C soc0@71.312C gpu@73.843C tj@73.843C soc1@71.812C VDD_IN 18697mW/18676mW VDD_CPU_GPU_CV 8828mW/8800mW VDD_SOC 4106mW/4107mW
08-04-2026 11:16:38 RAM 3699/7620MB (lfb 3x1MB) SWAP 2447/12002MB (cached 118MB) CPU [9%@1728,10%@1728,45%@1728,18%@1728,0%@1728,10%@1728] GR3D_FREQ 65% cpu@72.281C soc2@70.593C soc0@71.062C gpu@73.687C tj@73.687C soc1@71.531C VDD_IN 18657mW/18676mW VDD_CPU_GPU_CV 8788mW/8800mW VDD_SOC 4106mW/4107mW
08-04-2026 11:16:38 RAM 3699/7620MB (lfb 3x1MB) SWAP 2447/12002MB (cached 118MB) CPU [16%@1728,0%@1728,60%@1728,0%@1728,0%@1728,0%@1728] GR3D_FREQ 65% cpu@72.218C soc2@70.593C soc0@71.156C gpu@73.625C tj@73.625C soc1@71.687C VDD_IN 18657mW/18676mW VDD_CPU_GPU_CV 8788mW/8800mW VDD_SOC 4106mW/4107mW
08-04-2026 11:16:38 RAM 3699/7620MB (lfb 3x1MB) SWAP 2447/12002MB (cached 118MB) CPU [18%@1728,0%@1728,18%@1728,9%@1728,50%@1728,0%@1728] GR3D_FREQ 66% cpu@71.875C soc2@70.718C soc0@71.218C gpu@73.468C tj@73.468C soc1@71.687C VDD_IN 18617mW/18676mW VDD_CPU_GPU_CV 8788mW/8800mW VDD_SOC 4106mW/4107mW
08-04-2026 11:16:38 RAM 3700/7620MB (lfb 3x1MB) SWAP 2447/12002MB (cached 118MB) CPU [33%@1728,10%@1728,0%@1728,18%@1728,20%@1728,9%@1728] GR3D_FREQ 70% cpu@72.031C soc2@70.718C soc0@71.375C gpu@73.75C tj@73.75C soc1@71.781C VDD_IN 18576mW/18676mW VDD_CPU_GPU_CV 8747mW/8800mW VDD_SOC 4106mW/4107mW
08-04-2026 11:16:38 RAM 3700/7620MB (lfb 3x1MB) SWAP 2447/12002MB (cached 118MB) CPU [60%@1728,0%@1728,9%@1728,18%@1728,0%@1728,9%@1728] GR3D_FREQ 64% cpu@72.031C soc2@70.687C soc0@71.156C gpu@73.562C tj@73.562C soc1@71.593C VDD_IN 18536mW/18676mW VDD_CPU_GPU_CV 8707mW/8800mW VDD_SOC 4106mW/4107mW
08-04-2026 11:16:38 RAM 3700/7620MB (lfb 3x1MB) SWAP 2447/12002MB (cached 118MB) CPU [60%@1728,9%@1728,0%@1728,0%@1728,0%@1728,8%@1728] GR3D_FREQ 69% cpu@71.937C soc2@70.625C soc0@71.125C gpu@73.5C tj@73.5C soc1@71.75C VDD_IN 18495mW/18675mW VDD_CPU_GPU_CV 8747mW/8800mW VDD_SOC 4106mW/4107mW
08-04-2026 11:16:38 RAM 3700/7620MB (lfb 3x1MB) SWAP 2447/12002MB (cached 118MB) CPU [25%@1728,9%@1728,45%@1728,8%@1728,0%@1728,0%@1728] GR3D_FREQ 66% cpu@72.156C soc2@70.718C soc0@71.218C gpu@73.531C tj@73.531C soc1@71.718C VDD_IN 18536mW/18675mW VDD_CPU_GPU_CV 8707mW/8799mW VDD_SOC 4106mW/4107mW
08-04-2026 11:16:39 RAM 3700/7620MB (lfb 3x1MB) SWAP 2447/12002MB (cached 118MB) CPU [60%@1728,0%@1728,9%@1728,10%@1728,0%@1728,0%@1728] GR3D_FREQ 66% cpu@71.875C soc2@70.843C soc0@71.343C gpu@73.656C tj@73.656C soc1@71.843C VDD_IN 18536mW/18675mW VDD_CPU_GPU_CV 8747mW/8799mW VDD_SOC 4106mW/4107mW
08-04-2026 11:16:39 RAM 3700/7620MB (lfb 3x1MB) SWAP 2447/12002MB (cached 118MB) CPU [50%@1728,9%@1728,0%@1728,0%@1728,0%@1728,0%@1728] GR3D_FREQ 67% cpu@72.031C soc2@70.75C soc0@71.156C gpu@73.593C tj@73.593C soc1@71.593C VDD_IN 18536mW/18675mW VDD_CPU_GPU_CV 8761mW/8799mW VDD_SOC 4106mW/4107mW
08-04-2026 11:16:39 RAM 3700/7620MB (lfb 3x1MB) SWAP 2447/12002MB (cached 118MB) CPU [27%@1728,10%@1728,20%@1728,27%@1728,45%@1728,0%@1728] GR3D_FREQ 67% cpu@71.906C soc2@70.656C soc0@71.218C gpu@73.5C tj@73.5C soc1@71.75C VDD_IN 18536mW/18675mW VDD_CPU_GPU_CV 8721mW/8799mW VDD_SOC 4106mW/4107mW
08-04-2026 11:16:39 RAM 3700/7620MB (lfb 3x1MB) SWAP 2447/12002MB (cached 118MB) CPU [0%@1728,10%@1728,45%@1728,0%@1728,0%@1728,0%@1728] GR3D_FREQ 67% cpu@72.218C soc2@70.718C soc0@71.281C gpu@73.875C tj@73.875C soc1@71.718C VDD_IN 18536mW/18675mW VDD_CPU_GPU_CV 8761mW/8799mW VDD_SOC 4106mW/4107mW
08-04-2026 11:16:39 RAM 3700/7620MB (lfb 3x1MB) SWAP 2447/12002MB (cached 118MB) CPU [8%@1728,10%@1728,50%@1728,0%@1728,0%@1728,0%@1728] GR3D_FREQ 64% cpu@72.218C soc2@70.781C soc0@71.375C gpu@73.625C tj@73.625C soc1@71.906C VDD_IN 18536mW/18675mW VDD_CPU_GPU_CV 8761mW/8799mW VDD_SOC 4106mW/4107mW
08-04-2026 11:16:39 RAM 3700/7620MB (lfb 3x1MB) SWAP 2447/12002MB (cached 118MB) CPU [0%@1728,9%@1728,45%@1728,20%@1728,0%@1728,0%@1728] GR3D_FREQ 66% cpu@72.093C soc2@70.593C soc0@71.187C gpu@74.031C tj@74.031C soc1@71.687C VDD_IN 18536mW/18675mW VDD_CPU_GPU_CV 8721mW/8799mW VDD_SOC 4106mW/4107mW
08-04-2026 11:16:39 RAM 3700/7620MB (lfb 3x1MB) SWAP 2447/12002MB (cached 118MB) CPU [0%@1728,20%@1728,10%@1728,50%@1728,0%@1728,0%@1728] GR3D_FREQ 68% cpu@72.031C soc2@70.656C soc0@71.218C gpu@73.906C tj@73.906C soc1@71.687C VDD_IN 18525mW/18674mW VDD_CPU_GPU_CV 8721mW/8799mW VDD_SOC 4106mW/4107mW
08-04-2026 11:16:39 RAM 3700/7620MB (lfb 3x1MB) SWAP 2447/12002MB (cached 118MB) CPU [10%@1728,16%@1728,9%@1728,63%@1728,0%@1728,0%@1728] GR3D_FREQ 68% cpu@72.093C soc2@70.687C soc0@71.281C gpu@73.75C tj@73.75C soc1@71.812C VDD_IN 18495mW/18674mW VDD_CPU_GPU_CV 8721mW/8799mW VDD_SOC 4106mW/4107mW
08-04-2026 11:16:39 RAM 3700/7620MB (lfb 3x1MB) SWAP 2447/12002MB (cached 118MB) CPU [0%@1728,9%@1728,0%@1728,50%@1728,0%@1728,0%@1728] GR3D_FREQ 66% cpu@72.281C soc2@70.75C soc0@71.437C gpu@74C tj@74C soc1@71.656C VDD_IN 18536mW/18674mW VDD_CPU_GPU_CV 8721mW/8799mW VDD_SOC 4106mW/4107mW
08-04-2026 11:16:39 RAM 3700/7620MB (lfb 3x1MB) SWAP 2447/12002MB (cached 118MB) CPU [0%@1728,0%@1728,0%@1728,60%@1728,0%@1728,0%@1728] GR3D_FREQ 67% cpu@72.062C soc2@70.656C soc0@71.187C gpu@73.937C tj@73.937C soc1@71.687C VDD_IN 18536mW/18674mW VDD_CPU_GPU_CV 8761mW/8799mW VDD_SOC 4106mW/4107mW
08-04-2026 11:16:40 RAM 3700/7620MB (lfb 3x1MB) SWAP 2447/12002MB (cached 118MB) CPU [0%@1728,16%@1728,0%@1728,60%@1728,0%@1728,0%@1728] GR3D_FREQ 67% cpu@72.031C soc2@70.718C soc0@71.281C gpu@73.75C tj@73.75C soc1@71.781C VDD_IN 18576mW/18674mW VDD_CPU_GPU_CV 8761mW/8799mW VDD_SOC 4106mW/4107mW
08-04-2026 11:16:40 RAM 3700/7620MB (lfb 3x1MB) SWAP 2447/12002MB (cached 118MB) CPU [20%@1728,36%@1728,25%@1728,44%@1728,9%@1728,0%@1728] GR3D_FREQ 64% cpu@72.156C soc2@70.781C soc0@71.343C gpu@73.625C tj@73.625C soc1@71.781C VDD_IN 18536mW/18674mW VDD_CPU_GPU_CV 8747mW/8799mW VDD_SOC 4106mW/4107mW
08-04-2026 11:16:40 RAM 3700/7620MB (lfb 3x1MB) SWAP 2447/12002MB (cached 118MB) CPU [9%@1728,58%@1728,0%@1728,16%@1728,0%@1728,0%@1728] GR3D_FREQ 64% cpu@72.218C soc2@70.843C soc0@71.5C gpu@73.843C tj@73.843C soc1@71.687C VDD_IN 18536mW/18674mW VDD_CPU_GPU_CV 8707mW/8799mW VDD_SOC 4106mW/4107mW
08-04-2026 11:16:40 RAM 3700/7620MB (lfb 3x1MB) SWAP 2447/12002MB (cached 118MB) CPU [0%@1728,54%@1728,0%@1728,10%@1728,0%@1728,0%@1728] GR3D_FREQ 69% cpu@72.375C soc2@70.812C soc0@71.25C gpu@73.812C tj@73.812C soc1@71.718C VDD_IN 18576mW/18674mW VDD_CPU_GPU_CV 8747mW/8799mW VDD_SOC 4106mW/4107mW
08-04-2026 11:16:40 RAM 3700/7620MB (lfb 3x1MB) SWAP 2447/12002MB (cached 118MB) CPU [9%@1728,0%@1728,0%@1728,54%@1728,0%@1728,0%@1728] GR3D_FREQ 69% cpu@71.968C soc2@70.781C soc0@71.218C gpu@73.75C tj@73.75C soc1@71.781C VDD_IN 18617mW/18673mW VDD_CPU_GPU_CV 8747mW/8799mW VDD_SOC 4106mW/4107mW
08-04-2026 11:16:40 RAM 3700/7620MB (lfb 3x1MB) SWAP 2447/12002MB (cached 118MB) CPU [16%@1728,30%@1728,18%@1728,36%@1728,0%@1728,0%@1728] GR3D_FREQ 71% cpu@72.125C soc2@70.75C soc0@71.375C gpu@73.531C tj@73.531C soc1@71.843C VDD_IN 18525mW/18673mW VDD_CPU_GPU_CV 8667mW/8799mW VDD_SOC 4106mW/4107mW
08-04-2026 11:16:40 RAM 3700/7620MB (lfb 3x1MB) SWAP 2447/12002MB (cached 118MB) CPU [10%@1728,10%@1728,0%@1728,60%@1728,0%@1728,0%@1728] GR3D_FREQ 64% cpu@72.343C soc2@70.843C soc0@71.562C gpu@73.687C tj@73.687C soc1@71.75C VDD_IN 18525mW/18673mW VDD_CPU_GPU_CV 8667mW/8798mW VDD_SOC 4106mW/4107mW
08-04-2026 11:16:40 RAM 3700/7620MB (lfb 3x1MB) SWAP 2447/12002MB (cached 118MB) CPU [0%@1728,0%@1728,9%@1728,54%@1728,0%@1728,0%@1728] GR3D_FREQ 63% cpu@72.375C soc2@70.75C soc0@71.218C gpu@73.656C tj@73.656C soc1@71.843C VDD_IN 18565mW/18673mW VDD_CPU_GPU_CV 8667mW/8798mW VDD_SOC 4106mW/4107mW
08-04-2026 11:16:40 RAM 3700/7620MB (lfb 3x1MB) SWAP 2447/12002MB (cached 118MB) CPU [0%@1728,9%@1728,0%@1728,55%@1728,0%@1728,0%@1728] GR3D_FREQ 67% cpu@72.093C soc2@70.781C soc0@71.25C gpu@73.656C tj@73.656C soc1@71.75C VDD_IN 18565mW/18673mW VDD_CPU_GPU_CV 8667mW/8798mW VDD_SOC 4106mW/4107mW
08-04-2026 11:16:41 RAM 3700/7620MB (lfb 3x1MB) SWAP 2447/12002MB (cached 118MB) CPU [9%@1728,60%@1728,0%@1728,23%@1728,0%@1728,0%@1728] GR3D_FREQ 68% cpu@72.218C soc2@70.781C soc0@71.437C gpu@74.062C tj@74.062C soc1@71.968C VDD_IN 18606mW/18673mW VDD_CPU_GPU_CV 8667mW/8798mW VDD_SOC 4106mW/4107mW
08-04-2026 11:16:41 RAM 3700/7620MB (lfb 3x1MB) SWAP 2447/12002MB (cached 118MB) CPU [18%@1728,54%@1728,0%@1728,0%@1728,0%@1728,0%@1728] GR3D_FREQ 67% cpu@72.25C soc2@70.875C soc0@71.218C gpu@73.75C tj@73.75C soc1@71.75C VDD_IN 18617mW/18673mW VDD_CPU_GPU_CV 8707mW/8798mW VDD_SOC 4106mW/4107mW
08-04-2026 11:16:41 RAM 3704/7620MB (lfb 3x1MB) SWAP 2447/12002MB (cached 118MB) CPU [40%@1728,60%@1728,36%@1728,11%@1728,0%@1728,0%@1728] GR3D_FREQ 66% cpu@72.625C soc2@70.75C soc0@71.343C gpu@73.593C tj@73.593C soc1@71.781C VDD_IN 18565mW/18673mW VDD_CPU_GPU_CV 8667mW/8798mW VDD_SOC 4106mW/4107mW
08-04-2026 11:16:41 RAM 3696/7620MB (lfb 3x1MB) SWAP 2447/12002MB (cached 118MB) CPU [18%@1728,0%@1728,60%@1728,0%@1728,9%@1728,8%@1728] GR3D_FREQ 64% cpu@72.281C soc2@70.843C soc0@71.343C gpu@74.125C tj@74.125C soc1@71.906C VDD_IN 18495mW/18673mW VDD_CPU_GPU_CV 8707mW/8798mW VDD_SOC 4106mW/4107mW
08-04-2026 11:16:41 RAM 3696/7620MB (lfb 3x1MB) SWAP 2447/12002MB (cached 118MB) CPU [0%@1728,0%@1728,54%@1728,0%@1728,0%@1728,0%@1728] GR3D_FREQ 68% cpu@72.312C soc2@70.781C soc0@71.468C gpu@73.937C tj@73.937C soc1@72.031C VDD_IN 18576mW/18673mW VDD_CPU_GPU_CV 8707mW/8798mW VDD_SOC 4106mW/4107mW
08-04-2026 11:16:41 RAM 3696/7620MB (lfb 3x1MB) SWAP 2447/12002MB (cached 118MB) CPU [0%@1728,9%@1728,66%@1728,16%@1728,8%@1728,0%@1728] GR3D_FREQ 65% cpu@72.281C soc2@70.843C soc0@71.343C gpu@73.718C tj@73.718C soc1@71.687C VDD_IN 18576mW/18672mW VDD_CPU_GPU_CV 8747mW/8798mW VDD_SOC 4106mW/4107mW
08-04-2026 11:16:41 RAM 3696/7620MB (lfb 3x1MB) SWAP 2447/12002MB (cached 118MB) CPU [9%@1728,10%@1728,50%@1728,0%@1728,0%@1728,0%@1728] GR3D_FREQ 69% cpu@72.593C soc2@70.781C soc0@71.312C gpu@74.125C tj@74.125C soc1@71.781C VDD_IN 18576mW/18672mW VDD_CPU_GPU_CV 8721mW/8798mW VDD_SOC 4106mW/4107mW
08-04-2026 11:16:41 RAM 3696/7620MB (lfb 3x1MB) SWAP 2447/12002MB (cached 118MB) CPU [0%@1728,45%@1728,27%@1728,9%@1728,0%@1728,0%@1728] GR3D_FREQ 68% cpu@72.093C soc2@70.781C soc0@71.343C gpu@73.968C tj@73.968C soc1@71.843C VDD_IN 18576mW/18672mW VDD_CPU_GPU_CV 8761mW/8798mW VDD_SOC 4106mW/4107mW
08-04-2026 11:16:41 RAM 3696/7620MB (lfb 3x1MB) SWAP 2447/12002MB (cached 118MB) CPU [9%@1728,54%@1728,0%@1728,9%@1728,0%@1728,0%@1728] GR3D_FREQ 65% cpu@72.062C soc2@70.843C soc0@71.406C gpu@73.937C tj@73.937C soc1@71.968C VDD_IN 18576mW/18672mW VDD_CPU_GPU_CV 8747mW/8798mW VDD_SOC 4106mW/4107mW
08-04-2026 11:16:41 RAM 3696/7620MB (lfb 3x1MB) SWAP 2447/12002MB (cached 118MB) CPU [9%@1728,63%@1728,8%@1728,0%@1728,0%@1728,8%@1728] GR3D_FREQ 65% cpu@72.156C soc2@71C soc0@71.437C gpu@74.062C tj@74.062C soc1@71.875C VDD_IN 18576mW/18672mW VDD_CPU_GPU_CV 8747mW/8797mW VDD_SOC 4106mW/4107mW
08-04-2026 11:16:42 RAM 3696/7620MB (lfb 3x1MB) SWAP 2447/12002MB (cached 118MB) CPU [0%@1728,20%@1728,30%@1728,0%@1728,8%@1728,0%@1728] GR3D_FREQ 65% cpu@72.5C soc2@70.781C soc0@71.312C gpu@73.937C tj@73.937C soc1@71.937C VDD_IN 18617mW/18672mW VDD_CPU_GPU_CV 8747mW/8797mW VDD_SOC 4106mW/4107mW
08-04-2026 11:16:42 RAM 3699/7620MB (lfb 3x1MB) SWAP 2447/12002MB (cached 118MB) CPU [20%@1728,27%@1728,50%@1728,20%@1728,9%@1728,9%@1728] GR3D_FREQ 65% cpu@72.468C soc2@70.875C soc0@71.343C gpu@73.781C tj@73.781C soc1@71.843C VDD_IN 18617mW/18672mW VDD_CPU_GPU_CV 8747mW/8797mW VDD_SOC 4106mW/4107mW
08-04-2026 11:16:42 RAM 3699/7620MB (lfb 3x1MB) SWAP 2447/12002MB (cached 118MB) CPU [9%@1728,40%@1728,18%@1728,0%@1728,0%@1728,0%@1728] GR3D_FREQ 67% cpu@72.343C soc2@70.843C soc0@71.406C gpu@74.093C tj@74.093C soc1@72.062C VDD_IN 18617mW/18672mW VDD_CPU_GPU_CV 8721mW/8797mW VDD_SOC 4106mW/4107mW
08-04-2026 11:16:42 RAM 3699/7620MB (lfb 3x1MB) SWAP 2447/12002MB (cached 118MB) CPU [0%@1728,9%@1728,55%@1728,0%@1728,0%@1728,0%@1728] GR3D_FREQ 64% cpu@72.437C soc2@71C soc0@71.468C gpu@74C tj@74C soc1@71.875C VDD_IN 18657mW/18672mW VDD_CPU_GPU_CV 8721mW/8797mW VDD_SOC 4106mW/4107mW
08-04-2026 11:16:42 RAM 3699/7620MB (lfb 3x1MB) SWAP 2447/12002MB (cached 118MB) CPU [0%@1728,0%@1728,54%@1728,0%@1728,0%@1728,0%@1728] GR3D_FREQ 65% cpu@72.281C soc2@70.75C soc0@71.343C gpu@73.968C tj@73.968C soc1@71.875C VDD_IN 18657mW/18672mW VDD_CPU_GPU_CV 8721mW/8797mW VDD_SOC 4106mW/4107mW
08-04-2026 11:16:42 RAM 3699/7620MB (lfb 3x1MB) SWAP 2447/12002MB (cached 118MB) CPU [9%@1728,10%@1728,60%@1728,9%@1728,0%@1728,0%@1728] GR3D_FREQ 69% cpu@72.437C soc2@70.843C soc0@71.406C gpu@74C tj@73.843C soc1@71.906C VDD_IN 18617mW/18672mW VDD_CPU_GPU_CV 8721mW/8797mW VDD_SOC 4106mW/4107mW
08-04-2026 11:16:42 RAM 3699/7620MB (lfb 3x1MB) SWAP 2447/12002MB (cached 118MB) CPU [0%@1728,9%@1728,58%@1728,9%@1728,0%@1728,0%@1728] GR3D_FREQ 68% cpu@72.437C soc2@70.875C soc0@71.437C gpu@73.937C tj@73.937C soc1@72C VDD_IN 18617mW/18672mW VDD_CPU_GPU_CV 8721mW/8797mW VDD_SOC 4106mW/4107mW
08-04-2026 11:16:42 RAM 3699/7620MB (lfb 3x1MB) SWAP 2447/12002MB (cached 118MB) CPU [0%@1728,0%@1728,60%@1728,9%@1728,0%@1728,0%@1728] GR3D_FREQ 68% cpu@72.5C soc2@70.937C soc0@71.531C gpu@73.875C tj@73.875C soc1@71.875C VDD_IN 18617mW/18672mW VDD_CPU_GPU_CV 8761mW/8797mW VDD_SOC 4106mW/4107mW
08-04-2026 11:16:42 RAM 3699/7620MB (lfb 3x1MB) SWAP 2447/12002MB (cached 118MB) CPU [63%@1728,9%@1728,0%@1728,0%@1728,8%@1728,0%@1728] GR3D_FREQ 67% cpu@72.093C soc2@70.843C soc0@71.375C gpu@73.875C tj@73.875C soc1@71.875C VDD_IN 18617mW/18672mW VDD_CPU_GPU_CV 8761mW/8797mW VDD_SOC 4106mW/4107mW
08-04-2026 11:16:43 RAM 3699/7620MB (lfb 3x1MB) SWAP 2447/12002MB (cached 118MB) CPU [60%@1728,9%@1728,0%@1728,0%@1728,0%@1728,0%@1728] GR3D_FREQ 68% cpu@72.062C soc2@70.875C soc0@71.343C gpu@73.906C tj@73.906C soc1@71.906C VDD_IN 18617mW/18672mW VDD_CPU_GPU_CV 8761mW/8797mW VDD_SOC 4106mW/4107mW
08-04-2026 11:16:43 RAM 3699/7620MB (lfb 3x1MB) SWAP 2447/12002MB (cached 118MB) CPU [36%@1728,0%@1728,30%@1728,9%@1728,0%@1728,0%@1728] GR3D_FREQ 68% cpu@72.343C soc2@70.875C soc0@71.437C gpu@73.812C tj@73.812C soc1@71.937C VDD_IN 18617mW/18672mW VDD_CPU_GPU_CV 8721mW/8797mW VDD_SOC 4106mW/4107mW
08-04-2026 11:16:43 RAM 3700/7620MB (lfb 3x1MB) SWAP 2447/12002MB (cached 118MB) CPU [20%@1728,27%@1728,50%@1728,18%@1728,9%@1728,9%@1728] GR3D_FREQ 68% cpu@72.875C soc2@70.968C soc0@71.625C gpu@73.75C tj@73.75C soc1@71.875C VDD_IN 18576mW/18672mW VDD_CPU_GPU_CV 8721mW/8797mW VDD_SOC 4106mW/4107mW
08-04-2026 11:16:43 RAM 3700/7620MB (lfb 3x1MB) SWAP 2447/12002MB (cached 118MB) CPU [0%@1728,0%@1728,55%@1728,9%@1728,0%@1728,0%@1728] GR3D_FREQ 68% cpu@72.406C soc2@70.843C soc0@71.312C gpu@73.75C tj@73.75C soc1@71.843C VDD_IN 18646mW/18672mW VDD_CPU_GPU_CV 8721mW/8797mW VDD_SOC 4106mW/4107mW
08-04-2026 11:16:43 RAM 3700/7620MB (lfb 3x1MB) SWAP 2447/12002MB (cached 118MB) CPU [0%@1728,0%@1728,54%@1728,0%@1728,9%@1728,0%@1728] GR3D_FREQ 70% cpu@72.343C soc2@70.843C soc0@71.5C gpu@74.218C tj@74.218C soc1@71.843C VDD_IN 18657mW/18672mW VDD_CPU_GPU_CV 8761mW/8797mW VDD_SOC 4106mW/4107mW
08-04-2026 11:16:43 RAM 3700/7620MB (lfb 3x1MB) SWAP 2447/12002MB (cached 118MB) CPU [18%@1728,11%@1728,55%@1728,20%@1728,0%@1728,0%@1728] GR3D_FREQ 69% cpu@72.625C soc2@70.937C soc0@71.5C gpu@73.968C tj@73.968C soc1@72.031C VDD_IN 18617mW/18671mW VDD_CPU_GPU_CV 8761mW/8797mW VDD_SOC 4106mW/4107mW
08-04-2026 11:16:43 RAM 3700/7620MB (lfb 3x1MB) SWAP 2447/12002MB (cached 118MB) CPU [0%@1728,10%@1728,27%@1728,30%@1728,0%@1728,8%@1728] GR3D_FREQ 65% cpu@72.531C soc2@70.875C soc0@71.375C gpu@73.906C tj@73.906C soc1@71.875C VDD_IN 18576mW/18671mW VDD_CPU_GPU_CV 8721mW/8797mW VDD_SOC 4106mW/4107mW
08-04-2026 11:16:43 RAM 3700/7620MB (lfb 3x1MB) SWAP 2447/12002MB (cached 118MB) CPU [23%@1728,16%@1728,40%@1728,18%@1728,0%@1728,0%@1728] GR3D_FREQ 67% cpu@72.406C soc2@70.875C soc0@71.406C gpu@74.093C tj@74.093C soc1@71.937C VDD_IN 18536mW/18671mW VDD_CPU_GPU_CV 8721mW/8797mW VDD_SOC 4106mW/4107mW
08-04-2026 11:16:43 RAM 3700/7620MB (lfb 3x1MB) SWAP 2447/12002MB (cached 118MB) CPU [0%@1728,16%@1728,0%@1728,0%@1728,18%@1728,45%@1728] GR3D_FREQ 67% cpu@72C soc2@70.843C soc0@71.406C gpu@73.968C tj@73.968C soc1@71.968C VDD_IN 18576mW/18671mW VDD_CPU_GPU_CV 8761mW/8797mW VDD_SOC 4106mW/4107mW
08-04-2026 11:16:43 RAM 3700/7620MB (lfb 3x1MB) SWAP 2447/12002MB (cached 118MB) CPU [16%@1728,44%@1728,0%@1728,9%@1728,0%@1728,18%@1728] GR3D_FREQ 67% cpu@72.281C soc2@70.843C soc0@71.468C gpu@73.906C tj@73.906C soc1@71.812C VDD_IN 18576mW/18671mW VDD_CPU_GPU_CV 8721mW/8796mW VDD_SOC 4106mW/4107mW
08-04-2026 11:16:44 RAM 3700/7620MB (lfb 3x1MB) SWAP 2447/12002MB (cached 118MB) CPU [0%@1728,0%@1728,63%@1728,0%@1728,0%@1728,0%@1728] GR3D_FREQ 66% cpu@72.5C soc2@70.781C soc0@71.281C gpu@73.875C tj@73.875C soc1@71.875C VDD_IN 18576mW/18671mW VDD_CPU_GPU_CV 8721mW/8796mW VDD_SOC 4106mW/4107mW
08-04-2026 11:16:44 RAM 3701/7620MB (lfb 3x1MB) SWAP 2447/12002MB (cached 118MB) CPU [10%@1728,33%@1728,45%@1728,30%@1728,0%@1728,0%@1728] GR3D_FREQ 62% cpu@72.343C soc2@70.843C soc0@71.312C gpu@73.875C tj@73.875C soc1@71.843C VDD_IN 18495mW/18671mW VDD_CPU_GPU_CV 8747mW/8796mW VDD_SOC 4106mW/4107mW
08-04-2026 11:16:44 RAM 3701/7620MB (lfb 3x1MB) SWAP 2447/12002MB (cached 118MB) CPU [9%@1728,9%@1728,0%@1728,66%@1728,0%@1728,9%@1728] GR3D_FREQ 66% cpu@72.281C soc2@70.906C soc0@71.343C gpu@73.843C tj@73.843C soc1@71.937C VDD_IN 18536mW/18671mW VDD_CPU_GPU_CV 8707mW/8796mW VDD_SOC 4106mW/4107mW
08-04-2026 11:16:44 RAM 3701/7620MB (lfb 3x1MB) SWAP 2447/12002MB (cached 118MB) CPU [0%@1728,9%@1728,9%@1728,50%@1728,0%@1728,0%@1728] GR3D_FREQ 67% cpu@72.375C soc2@70.843C soc0@71.437C gpu@73.718C tj@73.718C soc1@71.812C VDD_IN 18536mW/18671mW VDD_CPU_GPU_CV 8667mW/8796mW VDD_SOC 4106mW/4107mW
08-04-2026 11:16:44 RAM 3699/7620MB (lfb 3x1MB) SWAP 2447/12002MB (cached 118MB) CPU [30%@1728,18%@1728,20%@1728,40%@1728,16%@1728,9%@1728] GR3D_FREQ 63% cpu@72.562C soc2@70.812C soc0@71.281C gpu@73.625C tj@73.625C soc1@71.781C VDD_IN 18536mW/18671mW VDD_CPU_GPU_CV 8707mW/8796mW VDD_SOC 4106mW/4107mW
08-04-2026 11:16:44 RAM 3700/7620MB (lfb 3x1MB) SWAP 2447/12002MB (cached 118MB) CPU [27%@1728,20%@1728,9%@1728,50%@1728,9%@1728,9%@1728] GR3D_FREQ 64% cpu@72.218C soc2@70.812C soc0@71.343C gpu@73.718C tj@73.718C soc1@71.781C VDD_IN 18484mW/18670mW VDD_CPU_GPU_CV 8627mW/8796mW VDD_SOC 4106mW/4107mW
08-04-2026 11:16:44 RAM 3700/7620MB (lfb 3x1MB) SWAP 2447/12002MB (cached 118MB) CPU [0%@1728,0%@1728,0%@1728,58%@1728,0%@1728,0%@1728] GR3D_FREQ 65% cpu@72.281C soc2@70.812C soc0@71.343C gpu@73.687C tj@73.687C soc1@71.812C VDD_IN 18495mW/18670mW VDD_CPU_GPU_CV 8707mW/8796mW VDD_SOC 4106mW/4107mW
08-04-2026 11:16:44 RAM 3700/7620MB (lfb 3x1MB) SWAP 2447/12002MB (cached 118MB) CPU [0%@1728,0%@1728,16%@1728,60%@1728,0%@1728,0%@1728] GR3D_FREQ 69% cpu@72.218C soc2@70.843C soc0@71.437C gpu@73.687C tj@73.687C soc1@72C VDD_IN 18536mW/18670mW VDD_CPU_GPU_CV 8707mW/8796mW VDD_SOC 4106mW/4107mW
