08-04-2026 11:53:33 RAM 3720/7620MB (lfb 39x1MB) SWAP 2411/12002MB (cached 119MB) CPU [0%@1728,0%@1728,0%@1728,9%@1728,0%@1728,20%@1728] GR3D_FREQ 96% cpu@71.75C soc2@70.531C soc0@70.843C gpu@73.968C tj@73.968C soc1@71.156C VDD_IN 22876mW/22876mW VDD_CPU_GPU_CV 9816mW/9816mW VDD_SOC 6070mW/6070mW
08-04-2026 11:53:33 RAM 3720/7620MB (lfb 39x1MB) SWAP 2411/12002MB (cached 119MB) CPU [9%@1728,27%@1728,9%@1728,0%@1728,0%@1728,10%@1728] GR3D_FREQ 96% cpu@71.906C soc2@70.656C soc0@71.031C gpu@74.187C tj@74.187C soc1@71.375C VDD_IN 22956mW/22916mW VDD_CPU_GPU_CV 9816mW/9816mW VDD_SOC 6070mW/6070mW
08-04-2026 11:53:33 RAM 3720/7620MB (lfb 39x1MB) SWAP 2411/12002MB (cached 119MB) CPU [0%@1728,9%@1728,0%@1728,0%@1728,0%@1728,18%@1728] GR3D_FREQ 94% cpu@72.062C soc2@70.5C soc0@70.75C gpu@74.093C tj@74.093C soc1@71.125C VDD_IN 22996mW/22943mW VDD_CPU_GPU_CV 9816mW/9816mW VDD_SOC 6110mW/6083mW
08-04-2026 11:53:33 RAM 3720/7620MB (lfb 39x1MB) SWAP 2411/12002MB (cached 119MB) CPU [27%@1728,9%@1728,9%@1728,0%@1728,0%@1728,20%@1728] GR3D_FREQ 96% cpu@71.593C soc2@70.593C soc0@70.75C gpu@73.812C tj@73.812C soc1@71.187C VDD_IN 22956mW/22946mW VDD_CPU_GPU_CV 9777mW/9806mW VDD_SOC 6070mW/6080mW
08-04-2026 11:53:33 RAM 3720/7620MB (lfb 39x1MB) SWAP 2411/12002MB (cached 119MB) CPU [0%@1728,9%@1728,0%@1728,0%@1728,9%@1728,25%@1728] GR3D_FREQ 95% cpu@71.812C soc2@70.562C soc0@70.875C gpu@73.906C tj@73.906C soc1@71.187C VDD_IN 22956mW/22948mW VDD_CPU_GPU_CV 9816mW/9808mW VDD_SOC 6070mW/6078mW
08-04-2026 11:53:34 RAM 3720/7620MB (lfb 39x1MB) SWAP 2411/12002MB (cached 119MB) CPU [0%@1728,0%@1728,0%@1728,16%@1728,0%@1728,0%@1728] GR3D_FREQ 96% cpu@71.843C soc2@70.593C soc0@70.656C gpu@73.781C tj@73.781C soc1@71.125C VDD_IN 22956mW/22949mW VDD_CPU_GPU_CV 9777mW/9803mW VDD_SOC 6070mW/6077mW
08-04-2026 11:53:34 RAM 3720/7620MB (lfb 39x1MB) SWAP 2411/12002MB (cached 119MB) CPU [9%@1728,0%@1728,0%@1728,0%@1728,0%@1728,25%@1728] GR3D_FREQ 95% cpu@71.906C soc2@70.562C soc0@70.75C gpu@73.937C tj@73.937C soc1@71.156C VDD_IN 22956mW/22950mW VDD_CPU_GPU_CV 9777mW/9799mW VDD_SOC 6070mW/6076mW
08-04-2026 11:53:34 RAM 3720/7620MB (lfb 39x1MB) SWAP 2411/12002MB (cached 119MB) CPU [16%@1728,0%@1728,0%@1728,0%@1728,27%@1728,0%@1728] GR3D_FREQ 94% cpu@71.656C soc2@70.5C soc0@70.718C gpu@73.781C tj@73.781C soc1@71.125C VDD_IN 23036mW/22961mW VDD_CPU_GPU_CV 9777mW/9797mW VDD_SOC 6110mW/6080mW
08-04-2026 11:53:34 RAM 3720/7620MB (lfb 39x1MB) SWAP 2411/12002MB (cached 119MB) CPU [9%@1728,0%@1728,0%@1728,0%@1728,18%@1728,0%@1728] GR3D_FREQ 96% cpu@71.75C soc2@70.593C soc0@70.843C gpu@73.812C tj@73.812C soc1@71.25C VDD_IN 23036mW/22969mW VDD_CPU_GPU_CV 9777mW/9794mW VDD_SOC 6110mW/6083mW
08-04-2026 11:53:34 RAM 3720/7620MB (lfb 39x1MB) SWAP 2411/12002MB (cached 119MB) CPU [0%@1728,0%@1728,0%@1728,0%@1728,27%@1728,0%@1728] GR3D_FREQ 96% cpu@71.875C soc2@70.593C soc0@70.875C gpu@74.25C tj@74.25C soc1@71.062C VDD_IN 23036mW/22976mW VDD_CPU_GPU_CV 9777mW/9793mW VDD_SOC 6110mW/6086mW
08-04-2026 11:53:34 RAM 3720/7620MB (lfb 39x1MB) SWAP 2411/12002MB (cached 119MB) CPU [0%@1728,9%@1728,0%@1728,0%@1728,18%@1728,8%@1728] GR3D_FREQ 93% cpu@72.062C soc2@70.468C soc0@70.781C gpu@74C tj@74C soc1@71.062C VDD_IN 23076mW/22985mW VDD_CPU_GPU_CV 9777mW/9791mW VDD_SOC 6110mW/6088mW
08-04-2026 11:53:34 RAM 3720/7620MB (lfb 39x1MB) SWAP 2411/12002MB (cached 119MB) CPU [0%@1728,0%@1728,9%@1728,0%@1728,27%@1728,0%@1728] GR3D_FREQ 95% cpu@71.656C soc2@70.437C soc0@70.75C gpu@73.75C tj@73.75C soc1@71.187C VDD_IN 23076mW/22993mW VDD_CPU_GPU_CV 9777mW/9790mW VDD_SOC 6110mW/6090mW
08-04-2026 11:53:34 RAM 3720/7620MB (lfb 39x1MB) SWAP 2411/12002MB (cached 119MB) CPU [0%@1728,18%@1728,9%@1728,16%@1728,10%@1728,0%@1728] GR3D_FREQ 95% cpu@71.812C soc2@70.5C soc0@70.843C gpu@74.156C tj@74.156C soc1@71.25C VDD_IN 23036mW/22996mW VDD_CPU_GPU_CV 9777mW/9789mW VDD_SOC 6110mW/6092mW
08-04-2026 11:53:34 RAM 3720/7620MB (lfb 39x1MB) SWAP 2411/12002MB (cached 119MB) CPU [9%@1728,0%@1728,0%@1728,0%@1728,0%@1728,0%@1728] GR3D_FREQ 94% cpu@71.781C soc2@70.468C soc0@70.656C gpu@74C tj@74C soc1@71.031C VDD_IN 23036mW/22999mW VDD_CPU_GPU_CV 9777mW/9788mW VDD_SOC 6110mW/6093mW
08-04-2026 11:53:35 RAM 3720/7620MB (lfb 39x1MB) SWAP 2411/12002MB (cached 119MB) CPU [9%@1728,8%@1728,9%@1728,8%@1728,20%@1728,0%@1728] GR3D_FREQ 94% cpu@71.812C soc2@70.437C soc0@70.781C gpu@73.843C tj@73.843C soc1@71.093C VDD_IN 22996mW/22999mW VDD_CPU_GPU_CV 9777mW/9787mW VDD_SOC 6110mW/6094mW
08-04-2026 11:53:35 RAM 3720/7620MB (lfb 39x1MB) SWAP 2411/12002MB (cached 119MB) CPU [0%@1728,0%@1728,0%@1728,0%@1728,25%@1728,0%@1728] GR3D_FREQ 94% cpu@71.656C soc2@70.406C soc0@70.812C gpu@74.187C tj@74.187C soc1@71.187C VDD_IN 22996mW/22998mW VDD_CPU_GPU_CV 9777mW/9787mW VDD_SOC 6110mW/6095mW
08-04-2026 11:53:35 RAM 3720/7620MB (lfb 39x1MB) SWAP 2411/12002MB (cached 119MB) CPU [9%@1728,0%@1728,0%@1728,0%@1728,20%@1728,9%@1728] GR3D_FREQ 96% cpu@71.718C soc2@70.468C soc0@70.906C gpu@74C tj@74C soc1@71.312C VDD_IN 23036mW/23001mW VDD_CPU_GPU_CV 9816mW/9788mW VDD_SOC 6110mW/6096mW
08-04-2026 11:53:35 RAM 3720/7620MB (lfb 39x1MB) SWAP 2411/12002MB (cached 119MB) CPU [0%@1728,0%@1728,0%@1728,9%@1728,0%@1728,0%@1728] GR3D_FREQ 94% cpu@71.75C soc2@70.406C soc0@70.625C gpu@73.937C tj@73.937C soc1@71.125C VDD_IN 23036mW/23003mW VDD_CPU_GPU_CV 9777mW/9788mW VDD_SOC 6110mW/6097mW
08-04-2026 11:53:35 RAM 3720/7620MB (lfb 39x1MB) SWAP 2411/12002MB (cached 119MB) CPU [8%@1728,0%@1728,0%@1728,0%@1728,10%@1728,0%@1728] GR3D_FREQ 95% cpu@71.656C soc2@70.531C soc0@70.656C gpu@73.875C tj@73.875C soc1@71.187C VDD_IN 23076mW/23007mW VDD_CPU_GPU_CV 9777mW/9787mW VDD_SOC 6110mW/6097mW
08-04-2026 11:53:35 RAM 3720/7620MB (lfb 39x1MB) SWAP 2411/12002MB (cached 119MB) CPU [0%@1728,0%@1728,0%@1728,9%@1728,27%@1728,0%@1728] GR3D_FREQ 96% cpu@71.625C soc2@70.437C soc0@70.75C gpu@73.937C tj@73.937C soc1@71.156C VDD_IN 23076mW/23010mW VDD_CPU_GPU_CV 9777mW/9787mW VDD_SOC 6110mW/6098mW
08-04-2026 11:53:35 RAM 3720/7620MB (lfb 39x1MB) SWAP 2411/12002MB (cached 119MB) CPU [0%@1728,16%@1728,8%@1728,9%@1728,25%@1728,10%@1728] GR3D_FREQ 96% cpu@71.75C soc2@70.593C soc0@70.906C gpu@73.843C tj@73.843C soc1@71.187C VDD_IN 23076mW/23013mW VDD_CPU_GPU_CV 9816mW/9788mW VDD_SOC 6110mW/6099mW
08-04-2026 11:53:35 RAM 3720/7620MB (lfb 39x1MB) SWAP 2411/12002MB (cached 119MB) CPU [0%@1728,0%@1728,9%@1728,0%@1728,20%@1728,0%@1728] GR3D_FREQ 94% cpu@71.781C soc2@70.531C soc0@70.75C gpu@73.875C tj@73.875C soc1@71.062C VDD_IN 23036mW/23014mW VDD_CPU_GPU_CV 9816mW/9789mW VDD_SOC 6110mW/6099mW
08-04-2026 11:53:35 RAM 3720/7620MB (lfb 39x1MB) SWAP 2411/12002MB (cached 119MB) CPU [18%@1728,9%@1728,0%@1728,0%@1728,25%@1728,0%@1728] GR3D_FREQ 93% cpu@71.687C soc2@70.406C soc0@70.75C gpu@73.781C tj@73.781C soc1@71.062C VDD_IN 23036mW/23015mW VDD_CPU_GPU_CV 9777mW/9789mW VDD_SOC 6070mW/6098mW
08-04-2026 11:53:36 RAM 3720/7620MB (lfb 39x1MB) SWAP 2411/12002MB (cached 119MB) CPU [0%@1728,0%@1728,0%@1728,0%@1728,0%@1728,9%@1728] GR3D_FREQ 96% cpu@71.718C soc2@70.531C soc0@70.812C gpu@73.937C tj@73.937C soc1@71.187C VDD_IN 22996mW/23014mW VDD_CPU_GPU_CV 9816mW/9790mW VDD_SOC 6110mW/6098mW
08-04-2026 11:53:36 RAM 3720/7620MB (lfb 39x1MB) SWAP 2411/12002MB (cached 119MB) CPU [16%@1728,0%@1728,0%@1728,9%@1728,27%@1728,0%@1728] GR3D_FREQ 92% cpu@71.968C soc2@70.531C soc0@70.875C gpu@73.843C tj@73.843C soc1@71.031C VDD_IN 23036mW/23015mW VDD_CPU_GPU_CV 9777mW/9789mW VDD_SOC 6070mW/6097mW
08-04-2026 11:53:36 RAM 3720/7620MB (lfb 39x1MB) SWAP 2411/12002MB (cached 119MB) CPU [0%@1728,0%@1728,9%@1728,0%@1728,25%@1728,0%@1728] GR3D_FREQ 96% cpu@71.656C soc2@70.5C soc0@70.718C gpu@73.718C tj@73.718C soc1@71.125C VDD_IN 23036mW/23016mW VDD_CPU_GPU_CV 9777mW/9789mW VDD_SOC 6110mW/6098mW
08-04-2026 11:53:36 RAM 3720/7620MB (lfb 39x1MB) SWAP 2411/12002MB (cached 119MB) CPU [0%@1728,0%@1728,0%@1728,0%@1728,27%@1728,0%@1728] GR3D_FREQ 94% cpu@71.656C soc2@70.625C soc0@70.812C gpu@74.187C tj@74.187C soc1@71.25C VDD_IN 23076mW/23018mW VDD_CPU_GPU_CV 9777mW/9789mW VDD_SOC 6110mW/6098mW
08-04-2026 11:53:36 RAM 3720/7620MB (lfb 39x1MB) SWAP 2411/12002MB (cached 119MB) CPU [0%@1728,0%@1728,0%@1728,9%@1728,18%@1728,0%@1728] GR3D_FREQ 96% cpu@71.687C soc2@70.562C soc0@70.937C gpu@73.812C tj@73.812C soc1@71.312C VDD_IN 23116mW/23022mW VDD_CPU_GPU_CV 9816mW/9790mW VDD_SOC 6110mW/6099mW
08-04-2026 11:53:36 RAM 3720/7620MB (lfb 39x1MB) SWAP 2411/12002MB (cached 119MB) CPU [0%@1728,10%@1728,30%@1728,9%@1728,27%@1728,0%@1728] GR3D_FREQ 96% cpu@71.875C soc2@70.562C soc0@70.968C gpu@73.781C tj@73.781C soc1@71.406C VDD_IN 23116mW/23025mW VDD_CPU_GPU_CV 9856mW/9792mW VDD_SOC 6110mW/6099mW
08-04-2026 11:53:36 RAM 3722/7620MB (lfb 35x1MB) SWAP 2411/12002MB (cached 119MB) CPU [9%@1728,60%@1728,9%@1728,9%@1728,25%@1728,0%@1728] GR3D_FREQ 94% cpu@72.187C soc2@70.562C soc0@70.75C gpu@74.156C tj@74.156C soc1@71.125C VDD_IN 23237mW/23032mW VDD_CPU_GPU_CV 9896mW/9795mW VDD_SOC 6150mW/6101mW
08-04-2026 11:53:36 RAM 3722/7620MB (lfb 35x1MB) SWAP 2411/12002MB (cached 119MB) CPU [9%@1728,9%@1728,9%@1728,9%@1728,27%@1728,0%@1728] GR3D_FREQ 96% cpu@71.656C soc2@70.625C soc0@70.812C gpu@74C tj@74C soc1@71.218C VDD_IN 23197mW/23037mW VDD_CPU_GPU_CV 9856mW/9797mW VDD_SOC 6110mW/6101mW
08-04-2026 11:53:36 RAM 3722/7620MB (lfb 35x1MB) SWAP 2411/12002MB (cached 119MB) CPU [20%@1728,0%@1728,9%@1728,9%@1728,18%@1728,0%@1728] GR3D_FREQ 95% cpu@71.812C soc2@70.625C soc0@70.906C gpu@73.937C tj@73.937C soc1@71.375C VDD_IN 23156mW/23041mW VDD_CPU_GPU_CV 9856mW/9799mW VDD_SOC 6110mW/6101mW
08-04-2026 11:53:36 RAM 3722/7620MB (lfb 35x1MB) SWAP 2411/12002MB (cached 119MB) CPU [0%@1728,0%@1728,0%@1728,0%@1728,20%@1728,0%@1728] GR3D_FREQ 89% cpu@71.968C soc2@70.625C soc0@70.687C gpu@74.093C tj@74.093C soc1@71.062C VDD_IN 23156mW/23045mW VDD_CPU_GPU_CV 9816mW/9800mW VDD_SOC 6110mW/6102mW
08-04-2026 11:53:37 RAM 3722/7620MB (lfb 35x1MB) SWAP 2411/12002MB (cached 119MB) CPU [16%@1728,9%@1728,9%@1728,0%@1728,18%@1728,0%@1728] GR3D_FREQ 94% cpu@72.062C soc2@70.656C soc0@70.843C gpu@74.031C tj@74.031C soc1@71.156C VDD_IN 23116mW/23047mW VDD_CPU_GPU_CV 9816mW/9800mW VDD_SOC 6110mW/6102mW
08-04-2026 11:53:37 RAM 3722/7620MB (lfb 35x1MB) SWAP 2411/12002MB (cached 119MB) CPU [0%@1728,0%@1728,0%@1728,0%@1728,20%@1728,0%@1728] GR3D_FREQ 92% cpu@71.687C soc2@70.562C soc0@70.875C gpu@73.937C tj@73.937C soc1@71.218C VDD_IN 23076mW/23047mW VDD_CPU_GPU_CV 9856mW/9802mW VDD_SOC 6110mW/6102mW
08-04-2026 11:53:37 RAM 3722/7620MB (lfb 35x1MB) SWAP 2411/12002MB (cached 119MB) CPU [9%@1728,50%@1728,9%@1728,0%@1728,18%@1728,8%@1728] GR3D_FREQ 94% cpu@71.968C soc2@70.625C soc0@70.843C gpu@73.812C tj@73.812C soc1@71.375C VDD_IN 23076mW/23048mW VDD_CPU_GPU_CV 9896mW/9804mW VDD_SOC 6110mW/6102mW
08-04-2026 11:53:37 RAM 3722/7620MB (lfb 35x1MB) SWAP 2411/12002MB (cached 119MB) CPU [0%@1728,27%@1728,9%@1728,0%@1728,27%@1728,0%@1728] GR3D_FREQ 94% cpu@72C soc2@70.625C soc0@70.75C gpu@74.031C tj@74.031C soc1@71.187C VDD_IN 23116mW/23050mW VDD_CPU_GPU_CV 9896mW/9807mW VDD_SOC 6110mW/6102mW
08-04-2026 11:53:37 RAM 3722/7620MB (lfb 35x1MB) SWAP 2411/12002MB (cached 119MB) CPU [9%@1728,8%@1728,0%@1728,0%@1728,18%@1728,0%@1728] GR3D_FREQ 96% cpu@72.093C soc2@70.656C soc0@70.843C gpu@73.968C tj@73.968C soc1@71.218C VDD_IN 23116mW/23052mW VDD_CPU_GPU_CV 9856mW/9808mW VDD_SOC 6110mW/6103mW
08-04-2026 11:53:37 RAM 3722/7620MB (lfb 35x1MB) SWAP 2411/12002MB (cached 119MB) CPU [8%@1728,0%@1728,0%@1728,0%@1728,25%@1728,0%@1728] GR3D_FREQ 96% cpu@71.781C soc2@70.593C soc0@70.843C gpu@73.875C tj@73.875C soc1@71.312C VDD_IN 23116mW/23053mW VDD_CPU_GPU_CV 9856mW/9809mW VDD_SOC 6110mW/6103mW
08-04-2026 11:53:37 RAM 3722/7620MB (lfb 35x1MB) SWAP 2411/12002MB (cached 119MB) CPU [9%@1728,0%@1728,9%@1728,9%@1728,11%@1728,9%@1728] GR3D_FREQ 94% cpu@71.812C soc2@70.718C soc0@70.937C gpu@73.812C tj@73.812C soc1@71.312C VDD_IN 23116mW/23055mW VDD_CPU_GPU_CV 9856mW/9810mW VDD_SOC 6110mW/6103mW
08-04-2026 11:53:37 RAM 3722/7620MB (lfb 35x1MB) SWAP 2411/12002MB (cached 119MB) CPU [0%@1728,0%@1728,0%@1728,0%@1728,0%@1728,0%@1728] GR3D_FREQ 94% cpu@71.875C soc2@70.531C soc0@70.781C gpu@74.281C tj@74.281C soc1@71.093C VDD_IN 23076mW/23056mW VDD_CPU_GPU_CV 9816mW/9811mW VDD_SOC 6110mW/6103mW
08-04-2026 11:53:37 RAM 3722/7620MB (lfb 35x1MB) SWAP 2411/12002MB (cached 119MB) CPU [0%@1728,20%@1728,10%@1728,0%@1728,20%@1728,0%@1728] GR3D_FREQ 94% cpu@72.218C soc2@70.625C soc0@70.843C gpu@73.843C tj@73.843C soc1@71.218C VDD_IN 23036mW/23055mW VDD_CPU_GPU_CV 9816mW/9811mW VDD_SOC 6110mW/6103mW
08-04-2026 11:53:38 RAM 3722/7620MB (lfb 35x1MB) SWAP 2411/12002MB (cached 119MB) CPU [0%@1728,0%@1728,9%@1728,0%@1728,10%@1728,0%@1728] GR3D_FREQ 93% cpu@71.812C soc2@70.687C soc0@70.875C gpu@73.843C tj@73.843C soc1@71.281C VDD_IN 23076mW/23056mW VDD_CPU_GPU_CV 9816mW/9811mW VDD_SOC 6110mW/6103mW
08-04-2026 11:53:38 RAM 3722/7620MB (lfb 35x1MB) SWAP 2411/12002MB (cached 119MB) CPU [0%@1728,0%@1728,0%@1728,9%@1728,18%@1728,0%@1728] GR3D_FREQ 94% cpu@71.812C soc2@70.718C soc0@71.031C gpu@74.281C tj@74.281C soc1@71.5C VDD_IN 23036mW/23055mW VDD_CPU_GPU_CV 9856mW/9812mW VDD_SOC 6110mW/6104mW
08-04-2026 11:53:38 RAM 3722/7620MB (lfb 35x1MB) SWAP 2411/12002MB (cached 119MB) CPU [9%@1728,0%@1728,0%@1728,9%@1728,27%@1728,0%@1728] GR3D_FREQ 89% cpu@71.906C soc2@70.625C soc0@70.812C gpu@74.062C tj@74.062C soc1@71.281C VDD_IN 22996mW/23054mW VDD_CPU_GPU_CV 9816mW/9812mW VDD_SOC 6110mW/6104mW
08-04-2026 11:53:38 RAM 3722/7620MB (lfb 35x1MB) SWAP 2411/12002MB (cached 119MB) CPU [16%@1728,9%@1728,9%@1728,0%@1728,27%@1728,8%@1728] GR3D_FREQ 96% cpu@71.812C soc2@70.656C soc0@70.843C gpu@73.875C tj@73.875C soc1@71.25C VDD_IN 23036mW/23053mW VDD_CPU_GPU_CV 9816mW/9812mW VDD_SOC 6110mW/6104mW
08-04-2026 11:53:38 RAM 3722/7620MB (lfb 35x1MB) SWAP 2411/12002MB (cached 119MB) CPU [0%@1728,0%@1728,0%@1728,9%@1728,25%@1728,0%@1728] GR3D_FREQ 96% cpu@71.906C soc2@70.718C soc0@70.968C gpu@74.25C tj@74.25C soc1@71.343C VDD_IN 23036mW/23053mW VDD_CPU_GPU_CV 9896mW/9814mW VDD_SOC 6110mW/6104mW
08-04-2026 11:53:38 RAM 3722/7620MB (lfb 35x1MB) SWAP 2411/12002MB (cached 119MB) CPU [0%@1728,0%@1728,0%@1728,0%@1728,18%@1728,0%@1728] GR3D_FREQ 94% cpu@71.812C soc2@70.718C soc0@71.031C gpu@74.093C tj@74.093C soc1@71.218C VDD_IN 22996mW/23052mW VDD_CPU_GPU_CV 9856mW/9815mW VDD_SOC 6110mW/6104mW
08-04-2026 11:53:38 RAM 3722/7620MB (lfb 35x1MB) SWAP 2411/12002MB (cached 119MB) CPU [9%@1728,0%@1728,0%@1728,0%@1728,11%@1728,0%@1728] GR3D_FREQ 94% cpu@71.906C soc2@70.593C soc0@70.843C gpu@73.968C tj@73.968C soc1@71.25C VDD_IN 23036mW/23052mW VDD_CPU_GPU_CV 9856mW/9816mW VDD_SOC 6110mW/6104mW
08-04-2026 11:53:38 RAM 3722/7620MB (lfb 35x1MB) SWAP 2411/12002MB (cached 119MB) CPU [0%@1728,0%@1728,8%@1728,0%@1728,0%@1728,0%@1728] GR3D_FREQ 96% cpu@71.812C soc2@70.625C soc0@70.875C gpu@74.218C tj@74.218C soc1@71.218C VDD_IN 23076mW/23052mW VDD_CPU_GPU_CV 9856mW/9816mW VDD_SOC 6110mW/6104mW
08-04-2026 11:53:38 RAM 3722/7620MB (lfb 35x1MB) SWAP 2411/12002MB (cached 119MB) CPU [9%@1728,10%@1728,0%@1728,9%@1728,0%@1728,0%@1728] GR3D_FREQ 95% cpu@71.875C soc2@70.656C soc0@70.937C gpu@74C tj@74C soc1@71.406C VDD_IN 23036mW/23052mW VDD_CPU_GPU_CV 9856mW/9817mW VDD_SOC 6110mW/6105mW
08-04-2026 11:53:38 RAM 3722/7620MB (lfb 35x1MB) SWAP 2411/12002MB (cached 119MB) CPU [18%@1728,16%@1728,0%@1728,16%@1728,20%@1728,16%@1728] GR3D_FREQ 95% cpu@72.062C soc2@70.718C soc0@70.812C gpu@74C tj@74C soc1@71.187C VDD_IN 23076mW/23052mW VDD_CPU_GPU_CV 9856mW/9818mW VDD_SOC 6110mW/6105mW
08-04-2026 11:53:39 RAM 3722/7620MB (lfb 35x1MB) SWAP 2411/12002MB (cached 119MB) CPU [9%@1728,0%@1728,9%@1728,0%@1728,10%@1728,0%@1728] GR3D_FREQ 93% cpu@71.843C soc2@70.656C soc0@70.812C gpu@73.937C tj@73.937C soc1@71.218C VDD_IN 23076mW/23053mW VDD_CPU_GPU_CV 9777mW/9817mW VDD_SOC 6110mW/6105mW
08-04-2026 11:53:39 RAM 3722/7620MB (lfb 35x1MB) SWAP 2411/12002MB (cached 119MB) CPU [9%@1728,8%@1728,8%@1728,0%@1728,27%@1728,0%@1728] GR3D_FREQ 94% cpu@71.718C soc2@70.656C soc0@70.906C gpu@73.937C tj@73.937C soc1@71.375C VDD_IN 23076mW/23053mW VDD_CPU_GPU_CV 9777mW/9816mW VDD_SOC 6110mW/6105mW
08-04-2026 11:53:39 RAM 3722/7620MB (lfb 35x1MB) SWAP 2411/12002MB (cached 119MB) CPU [9%@1728,0%@1728,0%@1728,8%@1728,10%@1728,9%@1728] GR3D_FREQ 91% cpu@71.812C soc2@70.687C soc0@70.875C gpu@74C tj@74C soc1@71.375C VDD_IN 23116mW/23054mW VDD_CPU_GPU_CV 9777mW/9816mW VDD_SOC 6110mW/6105mW
08-04-2026 11:53:39 RAM 3722/7620MB (lfb 35x1MB) SWAP 2411/12002MB (cached 119MB) CPU [0%@1728,0%@1728,0%@1728,0%@1728,0%@1728,0%@1728] GR3D_FREQ 94% cpu@72.125C soc2@70.656C soc0@71.093C gpu@74C tj@74C soc1@71.218C VDD_IN 23116mW/23055mW VDD_CPU_GPU_CV 9777mW/9815mW VDD_SOC 6110mW/6105mW
08-04-2026 11:53:39 RAM 3723/7620MB (lfb 35x1MB) SWAP 2411/12002MB (cached 119MB) CPU [0%@1728,9%@1728,0%@1728,0%@1728,25%@1728,22%@1728] GR3D_FREQ 91% cpu@72.25C soc2@70.625C soc0@70.843C gpu@73.875C tj@73.875C soc1@71.218C VDD_IN 23156mW/23057mW VDD_CPU_GPU_CV 9856mW/9816mW VDD_SOC 6110mW/6105mW
08-04-2026 11:53:39 RAM 3723/7620MB (lfb 35x1MB) SWAP 2411/12002MB (cached 119MB) CPU [9%@1728,0%@1728,0%@1728,0%@1728,20%@1728,16%@1728] GR3D_FREQ 96% cpu@71.781C soc2@70.687C soc0@70.937C gpu@74.218C tj@74.218C soc1@71.25C VDD_IN 23116mW/23058mW VDD_CPU_GPU_CV 9816mW/9816mW VDD_SOC 6110mW/6105mW
08-04-2026 11:53:39 RAM 3723/7620MB (lfb 35x1MB) SWAP 2411/12002MB (cached 119MB) CPU [0%@1728,0%@1728,0%@1728,9%@1728,20%@1728,10%@1728] GR3D_FREQ 89% cpu@72.25C soc2@70.718C soc0@71.031C gpu@74.125C tj@74.125C soc1@71.531C VDD_IN 23156mW/23060mW VDD_CPU_GPU_CV 9856mW/9816mW VDD_SOC 6110mW/6105mW
08-04-2026 11:53:39 RAM 3720/7620MB (lfb 35x1MB) SWAP 2411/12002MB (cached 119MB) CPU [0%@1728,23%@1728,18%@1728,18%@1728,25%@1728,9%@1728] GR3D_FREQ 96% cpu@72.156C soc2@70.812C soc0@70.843C gpu@73.875C tj@73.875C soc1@71.343C VDD_IN 23156mW/23061mW VDD_CPU_GPU_CV 9856mW/9817mW VDD_SOC 6110mW/6105mW
08-04-2026 11:53:39 RAM 3720/7620MB (lfb 35x1MB) SWAP 2411/12002MB (cached 119MB) CPU [27%@1728,9%@1728,10%@1728,0%@1728,27%@1728,0%@1728] GR3D_FREQ 94% cpu@72.125C soc2@70.625C soc0@70.875C gpu@74.187C tj@74.187C soc1@71.218C VDD_IN 23156mW/23063mW VDD_CPU_GPU_CV 9816mW/9817mW VDD_SOC 6110mW/6105mW
08-04-2026 11:53:40 RAM 3720/7620MB (lfb 35x1MB) SWAP 2411/12002MB (cached 119MB) CPU [0%@1728,0%@1728,8%@1728,9%@1728,25%@1728,8%@1728] GR3D_FREQ 94% cpu@71.875C soc2@70.656C soc0@70.906C gpu@74.125C tj@74.125C soc1@71.437C VDD_IN 23156mW/23064mW VDD_CPU_GPU_CV 9856mW/9818mW VDD_SOC 6110mW/6105mW
08-04-2026 11:53:40 RAM 3720/7620MB (lfb 35x1MB) SWAP 2411/12002MB (cached 119MB) CPU [10%@1728,0%@1728,0%@1728,0%@1728,20%@1728,0%@1728] GR3D_FREQ 96% cpu@71.937C soc2@70.781C soc0@71.031C gpu@74C tj@74C soc1@71.343C VDD_IN 23116mW/23065mW VDD_CPU_GPU_CV 9856mW/9818mW VDD_SOC 6110mW/6106mW
08-04-2026 11:53:40 RAM 3720/7620MB (lfb 35x1MB) SWAP 2411/12002MB (cached 119MB) CPU [9%@1728,18%@1728,9%@1728,9%@1728,30%@1728,0%@1728] GR3D_FREQ 95% cpu@72.031C soc2@70.687C soc0@70.875C gpu@73.812C tj@73.812C soc1@71.187C VDD_IN 23116mW/23066mW VDD_CPU_GPU_CV 9856mW/9819mW VDD_SOC 6110mW/6106mW
08-04-2026 11:53:40 RAM 3720/7620MB (lfb 35x1MB) SWAP 2411/12002MB (cached 119MB) CPU [0%@1728,9%@1728,0%@1728,0%@1728,11%@1728,0%@1728] GR3D_FREQ 91% cpu@72.187C soc2@70.656C soc0@70.843C gpu@73.812C tj@73.812C soc1@71.343C VDD_IN 23116mW/23067mW VDD_CPU_GPU_CV 9816mW/9819mW VDD_SOC 6110mW/6106mW
08-04-2026 11:53:40 RAM 3720/7620MB (lfb 35x1MB) SWAP 2411/12002MB (cached 119MB) CPU [0%@1728,0%@1728,0%@1728,0%@1728,18%@1728,0%@1728] GR3D_FREQ 94% cpu@71.843C soc2@70.687C soc0@70.875C gpu@73.968C tj@73.968C soc1@71.375C VDD_IN 23156mW/23068mW VDD_CPU_GPU_CV 9896mW/9820mW VDD_SOC 6110mW/6106mW
08-04-2026 11:53:40 RAM 3720/7620MB (lfb 35x1MB) SWAP 2411/12002MB (cached 119MB) CPU [0%@1728,9%@1728,0%@1728,0%@1728,27%@1728,0%@1728] GR3D_FREQ 95% cpu@71.843C soc2@70.781C soc0@70.812C gpu@73.937C tj@73.937C soc1@71.156C VDD_IN 23116mW/23069mW VDD_CPU_GPU_CV 9856mW/9821mW VDD_SOC 6110mW/6106mW
08-04-2026 11:53:40 RAM 3720/7620MB (lfb 35x1MB) SWAP 2411/12002MB (cached 119MB) CPU [8%@1728,0%@1728,0%@1728,0%@1728,18%@1728,0%@1728] GR3D_FREQ 93% cpu@72C soc2@70.625C soc0@70.843C gpu@73.843C tj@73.843C soc1@71.218C VDD_IN 23156mW/23070mW VDD_CPU_GPU_CV 9856mW/9821mW VDD_SOC 6110mW/6106mW
08-04-2026 11:53:40 RAM 3720/7620MB (lfb 35x1MB) SWAP 2411/12002MB (cached 119MB) CPU [0%@1728,0%@1728,0%@1728,0%@1728,0%@1728,10%@1728] GR3D_FREQ 96% cpu@71.75C soc2@70.687C soc0@70.875C gpu@74C tj@74C soc1@71.187C VDD_IN 23156mW/23071mW VDD_CPU_GPU_CV 9856mW/9822mW VDD_SOC 6110mW/6106mW
08-04-2026 11:53:40 RAM 3720/7620MB (lfb 35x1MB) SWAP 2411/12002MB (cached 119MB) CPU [20%@1728,9%@1728,0%@1728,0%@1728,0%@1728,10%@1728] GR3D_FREQ 94% cpu@71.875C soc2@70.687C soc0@70.875C gpu@73.968C tj@73.968C soc1@71.343C VDD_IN 23156mW/23073mW VDD_CPU_GPU_CV 9856mW/9822mW VDD_SOC 6110mW/6106mW
08-04-2026 11:53:40 RAM 3720/7620MB (lfb 35x1MB) SWAP 2411/12002MB (cached 119MB) CPU [9%@1728,0%@1728,0%@1728,0%@1728,9%@1728,20%@1728] GR3D_FREQ 90% cpu@71.906C soc2@70.656C soc0@71C gpu@73.843C tj@73.843C soc1@71.093C VDD_IN 23076mW/23073mW VDD_CPU_GPU_CV 9816mW/9822mW VDD_SOC 6110mW/6106mW
08-04-2026 11:53:41 RAM 3720/7620MB (lfb 35x1MB) SWAP 2411/12002MB (cached 119MB) CPU [9%@1728,10%@1728,0%@1728,0%@1728,0%@1728,18%@1728] GR3D_FREQ 94% cpu@71.781C soc2@70.562C soc0@70.843C gpu@74.187C tj@74.187C soc1@71.281C VDD_IN 23036mW/23072mW VDD_CPU_GPU_CV 9816mW/9822mW VDD_SOC 6110mW/6106mW
08-04-2026 11:53:41 RAM 3720/7620MB (lfb 35x1MB) SWAP 2411/12002MB (cached 119MB) CPU [0%@1728,0%@1728,0%@1728,0%@1728,0%@1728,10%@1728] GR3D_FREQ 96% cpu@71.75C soc2@70.656C soc0@70.843C gpu@74.031C tj@74.031C soc1@71.343C VDD_IN 23036mW/23072mW VDD_CPU_GPU_CV 9777mW/9821mW VDD_SOC 6110mW/6106mW
08-04-2026 11:53:41 RAM 3720/7620MB (lfb 35x1MB) SWAP 2411/12002MB (cached 119MB) CPU [9%@1728,0%@1728,0%@1728,8%@1728,0%@1728,0%@1728] GR3D_FREQ 96% cpu@71.812C soc2@70.687C soc0@70.968C gpu@74.312C tj@74.312C soc1@71.375C VDD_IN 23116mW/23072mW VDD_CPU_GPU_CV 9777mW/9821mW VDD_SOC 6110mW/6106mW
08-04-2026 11:53:41 RAM 3721/7620MB (lfb 35x1MB) SWAP 2411/12002MB (cached 119MB) CPU [0%@1728,9%@1728,8%@1728,0%@1728,0%@1728,0%@1728] GR3D_FREQ 92% cpu@72.187C soc2@70.718C soc0@70.812C gpu@74.218C tj@74.218C soc1@71.156C VDD_IN 23076mW/23072mW VDD_CPU_GPU_CV 9816mW/9821mW VDD_SOC 6110mW/6106mW
08-04-2026 11:53:41 RAM 3721/7620MB (lfb 35x1MB) SWAP 2411/12002MB (cached 119MB) CPU [0%@1728,0%@1728,0%@1728,9%@1728,0%@1728,0%@1728] GR3D_FREQ 95% cpu@71.687C soc2@70.593C soc0@70.718C gpu@74.093C tj@74.093C soc1@71.156C VDD_IN 23116mW/23073mW VDD_CPU_GPU_CV 9856mW/9821mW VDD_SOC 6110mW/6106mW
08-04-2026 11:53:41 RAM 3721/7620MB (lfb 35x1MB) SWAP 2411/12002MB (cached 119MB) CPU [0%@1728,0%@1728,0%@1728,0%@1728,0%@1728,0%@1728] GR3D_FREQ 96% cpu@71.718C soc2@70.562C soc0@70.937C gpu@73.968C tj@73.968C soc1@71.281C VDD_IN 23116mW/23073mW VDD_CPU_GPU_CV 9856mW/9822mW VDD_SOC 6110mW/6106mW
08-04-2026 11:53:41 RAM 3721/7620MB (lfb 35x1MB) SWAP 2411/12002MB (cached 119MB) CPU [0%@1728,0%@1728,0%@1728,0%@1728,9%@1728,0%@1728] GR3D_FREQ 96% cpu@72C soc2@70.625C soc0@70.968C gpu@74.156C tj@74.156C soc1@71.406C VDD_IN 23156mW/23074mW VDD_CPU_GPU_CV 9856mW/9822mW VDD_SOC 6110mW/6106mW
08-04-2026 11:53:41 RAM 3721/7620MB (lfb 35x1MB) SWAP 2411/12002MB (cached 119MB) CPU [0%@1728,0%@1728,0%@1728,0%@1728,0%@1728,18%@1728] GR3D_FREQ 96% cpu@72.031C soc2@70.687C soc0@70.781C gpu@74C tj@74C soc1@71.218C VDD_IN 23197mW/23076mW VDD_CPU_GPU_CV 9856mW/9822mW VDD_SOC 6110mW/6106mW
08-04-2026 11:53:41 RAM 3721/7620MB (lfb 35x1MB) SWAP 2411/12002MB (cached 119MB) CPU [18%@1728,9%@1728,10%@1728,9%@1728,0%@1728,10%@1728] GR3D_FREQ 96% cpu@71.75C soc2@70.593C soc0@70.812C gpu@73.937C tj@73.937C soc1@71.187C VDD_IN 23116mW/23077mW VDD_CPU_GPU_CV 9856mW/9823mW VDD_SOC 6110mW/6106mW
08-04-2026 11:53:42 RAM 3721/7620MB (lfb 35x1MB) SWAP 2411/12002MB (cached 119MB) CPU [9%@1728,0%@1728,9%@1728,9%@1728,9%@1728,27%@1728] GR3D_FREQ 96% cpu@71.75C soc2@70.593C soc0@70.843C gpu@73.843C tj@73.843C soc1@71.281C VDD_IN 23197mW/23078mW VDD_CPU_GPU_CV 9896mW/9824mW VDD_SOC 6110mW/6107mW
08-04-2026 11:53:42 RAM 3721/7620MB (lfb 35x1MB) SWAP 2411/12002MB (cached 119MB) CPU [0%@1728,0%@1728,0%@1728,0%@1728,0%@1728,18%@1728] GR3D_FREQ 95% cpu@71.906C soc2@70.562C soc0@70.875C gpu@73.843C tj@73.843C soc1@71.093C VDD_IN 23156mW/23079mW VDD_CPU_GPU_CV 9896mW/9825mW VDD_SOC 6110mW/6107mW
08-04-2026 11:53:42 RAM 3721/7620MB (lfb 35x1MB) SWAP 2411/12002MB (cached 119MB) CPU [9%@1728,9%@1728,0%@1728,0%@1728,0%@1728,11%@1728] GR3D_FREQ 94% cpu@72.187C soc2@70.5C soc0@70.718C gpu@73.875C tj@74.031C soc1@71.187C VDD_IN 23156mW/23080mW VDD_CPU_GPU_CV 9896mW/9825mW VDD_SOC 6110mW/6107mW
08-04-2026 11:53:42 RAM 3721/7620MB (lfb 35x1MB) SWAP 2411/12002MB (cached 119MB) CPU [0%@1728,0%@1728,0%@1728,0%@1728,0%@1728,0%@1728] GR3D_FREQ 96% cpu@71.625C soc2@70.593C soc0@70.75C gpu@73.875C tj@73.875C soc1@71.218C VDD_IN 23197mW/23081mW VDD_CPU_GPU_CV 9936mW/9827mW VDD_SOC 6110mW/6107mW
08-04-2026 11:53:42 RAM 3721/7620MB (lfb 35x1MB) SWAP 2411/12002MB (cached 119MB) CPU [0%@1728,9%@1728,9%@1728,0%@1728,0%@1728,10%@1728] GR3D_FREQ 94% cpu@71.656C soc2@70.593C soc0@70.843C gpu@74.343C tj@74.343C soc1@71.218C VDD_IN 23197mW/23083mW VDD_CPU_GPU_CV 9896mW/9828mW VDD_SOC 6110mW/6107mW
08-04-2026 11:53:42 RAM 3721/7620MB (lfb 35x1MB) SWAP 2411/12002MB (cached 119MB) CPU [0%@1728,0%@1728,0%@1728,0%@1728,0%@1728,11%@1728] GR3D_FREQ 93% cpu@71.906C soc2@70.562C soc0@71.031C gpu@74.093C tj@74.093C soc1@71.375C VDD_IN 23237mW/23084mW VDD_CPU_GPU_CV 9896mW/9828mW VDD_SOC 6110mW/6107mW
08-04-2026 11:53:42 RAM 3721/7620MB (lfb 35x1MB) SWAP 2411/12002MB (cached 119MB) CPU [0%@1728,9%@1728,9%@1728,0%@1728,10%@1728,18%@1728] GR3D_FREQ 96% cpu@71.937C soc2@70.531C soc0@70.843C gpu@73.875C tj@73.875C soc1@71.062C VDD_IN 23197mW/23086mW VDD_CPU_GPU_CV 9896mW/9829mW VDD_SOC 6110mW/6107mW
08-04-2026 11:53:42 RAM 3721/7620MB (lfb 35x1MB) SWAP 2411/12002MB (cached 119MB) CPU [0%@1728,9%@1728,0%@1728,8%@1728,0%@1728,11%@1728] GR3D_FREQ 93% cpu@71.718C soc2@70.468C soc0@70.75C gpu@74.156C tj@74.156C soc1@71.156C VDD_IN 23197mW/23087mW VDD_CPU_GPU_CV 9896mW/9830mW VDD_SOC 6110mW/6107mW
08-04-2026 11:53:42 RAM 3721/7620MB (lfb 35x1MB) SWAP 2411/12002MB (cached 119MB) CPU [9%@1728,18%@1728,9%@1728,0%@1728,0%@1728,10%@1728] GR3D_FREQ 94% cpu@71.812C soc2@70.593C soc0@70.812C gpu@74.031C tj@74.031C soc1@71.281C VDD_IN 23197mW/23088mW VDD_CPU_GPU_CV 9896mW/9831mW VDD_SOC 6110mW/6107mW
08-04-2026 11:53:42 RAM 3721/7620MB (lfb 35x1MB) SWAP 2411/12002MB (cached 119MB) CPU [0%@1728,10%@1728,0%@1728,30%@1728,8%@1728,11%@1728] GR3D_FREQ 94% cpu@72.125C soc2@70.593C soc0@70.843C gpu@73.937C tj@73.937C soc1@71.125C VDD_IN 23156mW/23089mW VDD_CPU_GPU_CV 9896mW/9831mW VDD_SOC 6110mW/6107mW
08-04-2026 11:53:43 RAM 3719/7620MB (lfb 35x1MB) SWAP 2411/12002MB (cached 119MB) CPU [9%@1728,10%@1728,0%@1728,9%@1728,0%@1728,25%@1728] GR3D_FREQ 96% cpu@71.843C soc2@70.562C soc0@70.718C gpu@73.875C tj@73.875C soc1@71.187C VDD_IN 23116mW/23089mW VDD_CPU_GPU_CV 9896mW/9832mW VDD_SOC 6110mW/6107mW
08-04-2026 11:53:43 RAM 3719/7620MB (lfb 35x1MB) SWAP 2411/12002MB (cached 119MB) CPU [9%@1728,0%@1728,9%@1728,0%@1728,0%@1728,20%@1728] GR3D_FREQ 96% cpu@71.75C soc2@70.531C soc0@70.781C gpu@74.062C tj@74.062C soc1@71.156C VDD_IN 23156mW/23090mW VDD_CPU_GPU_CV 9896mW/9833mW VDD_SOC 6110mW/6107mW
08-04-2026 11:53:43 RAM 3719/7620MB (lfb 35x1MB) SWAP 2411/12002MB (cached 119MB) CPU [9%@1728,10%@1728,0%@1728,0%@1728,0%@1728,10%@1728] GR3D_FREQ 94% cpu@71.718C soc2@70.5C soc0@70.812C gpu@73.906C tj@73.906C soc1@71.312C VDD_IN 23197mW/23091mW VDD_CPU_GPU_CV 9896mW/9833mW VDD_SOC 6110mW/6107mW
08-04-2026 11:53:43 RAM 3719/7620MB (lfb 35x1MB) SWAP 2411/12002MB (cached 119MB) CPU [0%@1728,16%@1728,0%@1728,0%@1728,0%@1728,0%@1728] GR3D_FREQ 96% cpu@71.781C soc2@70.562C soc0@70.625C gpu@73.875C tj@73.875C soc1@71.062C VDD_IN 23156mW/23092mW VDD_CPU_GPU_CV 9896mW/9834mW VDD_SOC 6110mW/6107mW
08-04-2026 11:53:43 RAM 3719/7620MB (lfb 35x1MB) SWAP 2411/12002MB (cached 119MB) CPU [0%@1728,0%@1728,9%@1728,9%@1728,0%@1728,0%@1728] GR3D_FREQ 96% cpu@71.781C soc2@70.468C soc0@70.812C gpu@73.781C tj@73.781C soc1@71.093C VDD_IN 23197mW/23093mW VDD_CPU_GPU_CV 9896mW/9835mW VDD_SOC 6110mW/6107mW
08-04-2026 11:53:43 RAM 3719/7620MB (lfb 35x1MB) SWAP 2411/12002MB (cached 119MB) CPU [0%@1728,9%@1728,0%@1728,0%@1728,0%@1728,11%@1728] GR3D_FREQ 94% cpu@71.718C soc2@70.593C soc0@70.656C gpu@73.968C tj@73.968C soc1@71.093C VDD_IN 23197mW/23094mW VDD_CPU_GPU_CV 9896mW/9835mW VDD_SOC 6110mW/6107mW
08-04-2026 11:53:43 RAM 3719/7620MB (lfb 35x1MB) SWAP 2411/12002MB (cached 119MB) CPU [0%@1728,9%@1728,0%@1728,8%@1728,0%@1728,0%@1728] GR3D_FREQ 94% cpu@71.656C soc2@70.562C soc0@70.875C gpu@73.875C tj@73.875C soc1@71.25C VDD_IN 23237mW/23096mW VDD_CPU_GPU_CV 9936mW/9836mW VDD_SOC 6150mW/6108mW
08-04-2026 11:53:43 RAM 3719/7620MB (lfb 35x1MB) SWAP 2411/12002MB (cached 119MB) CPU [0%@1728,0%@1728,0%@1728,0%@1728,0%@1728,25%@1728] GR3D_FREQ 95% cpu@71.718C soc2@70.468C soc0@70.718C gpu@73.875C tj@73.875C soc1@71C VDD_IN 23237mW/23097mW VDD_CPU_GPU_CV 9896mW/9837mW VDD_SOC 6150mW/6108mW
08-04-2026 11:53:43 RAM 3719/7620MB (lfb 35x1MB) SWAP 2411/12002MB (cached 119MB) CPU [18%@1728,18%@1728,0%@1728,0%@1728,9%@1728,18%@1728] GR3D_FREQ 95% cpu@71.687C soc2@70.531C soc0@70.718C gpu@74.125C tj@74.125C soc1@71.093C VDD_IN 23156mW/23098mW VDD_CPU_GPU_CV 9856mW/9837mW VDD_SOC 6110mW/6108mW
08-04-2026 11:53:44 RAM 3719/7620MB (lfb 35x1MB) SWAP 2411/12002MB (cached 119MB) CPU [0%@1728,0%@1728,0%@1728,0%@1728,0%@1728,11%@1728] GR3D_FREQ 95% cpu@71.718C soc2@70.531C soc0@70.75C gpu@74.062C tj@74.062C soc1@71.156C VDD_IN 23156mW/23098mW VDD_CPU_GPU_CV 9896mW/9838mW VDD_SOC 6110mW/6108mW
08-04-2026 11:53:44 RAM 3719/7620MB (lfb 35x1MB) SWAP 2411/12002MB (cached 119MB) CPU [0%@1728,16%@1728,0%@1728,0%@1728,0%@1728,25%@1728] GR3D_FREQ 96% cpu@71.906C soc2@70.593C soc0@70.843C gpu@73.781C tj@73.781C soc1@71.343C VDD_IN 23156mW/23099mW VDD_CPU_GPU_CV 9896mW/9838mW VDD_SOC 6110mW/6108mW
08-04-2026 11:53:44 RAM 3719/7620MB (lfb 35x1MB) SWAP 2411/12002MB (cached 119MB) CPU [9%@1728,9%@1728,9%@1728,0%@1728,0%@1728,20%@1728] GR3D_FREQ 96% cpu@72.031C soc2@70.437C soc0@70.687C gpu@74.25C tj@74.25C soc1@71.093C VDD_IN 23197mW/23100mW VDD_CPU_GPU_CV 9896mW/9839mW VDD_SOC 6110mW/6108mW
08-04-2026 11:53:44 RAM 3719/7620MB (lfb 35x1MB) SWAP 2411/12002MB (cached 119MB) CPU [0%@1728,0%@1728,9%@1728,0%@1728,0%@1728,25%@1728] GR3D_FREQ 95% cpu@71.593C soc2@70.468C soc0@70.718C gpu@74.031C tj@74.031C soc1@71.156C VDD_IN 23197mW/23101mW VDD_CPU_GPU_CV 9896mW/9840mW VDD_SOC 6110mW/6108mW
08-04-2026 11:53:44 RAM 3720/7620MB (lfb 35x1MB) SWAP 2411/12002MB (cached 119MB) CPU [0%@1728,0%@1728,0%@1728,0%@1728,10%@1728,22%@1728] GR3D_FREQ 92% cpu@71.75C soc2@70.531C soc0@70.812C gpu@73.968C tj@73.968C soc1@71.187C VDD_IN 23197mW/23102mW VDD_CPU_GPU_CV 9936mW/9840mW VDD_SOC 6110mW/6108mW
08-04-2026 11:53:44 RAM 3720/7620MB (lfb 35x1MB) SWAP 2411/12002MB (cached 119MB) CPU [9%@1728,0%@1728,0%@1728,16%@1728,27%@1728,18%@1728] GR3D_FREQ 94% cpu@71.843C soc2@70.625C soc0@70.937C gpu@74.093C tj@74.093C soc1@71.281C VDD_IN 23237mW/23103mW VDD_CPU_GPU_CV 9936mW/9841mW VDD_SOC 6110mW/6108mW
08-04-2026 11:53:44 RAM 3720/7620MB (lfb 35x1MB) SWAP 2411/12002MB (cached 119MB) CPU [10%@1728,0%@1728,9%@1728,0%@1728,18%@1728,9%@1728] GR3D_FREQ 95% cpu@71.937C soc2@70.468C soc0@70.718C gpu@74.031C tj@74.031C soc1@71.093C VDD_IN 23277mW/23104mW VDD_CPU_GPU_CV 9936mW/9842mW VDD_SOC 6110mW/6108mW
08-04-2026 11:53:44 RAM 3720/7620MB (lfb 35x1MB) SWAP 2411/12002MB (cached 119MB) CPU [0%@1728,0%@1728,0%@1728,0%@1728,27%@1728,0%@1728] GR3D_FREQ 96% cpu@71.656C soc2@70.531C soc0@70.812C gpu@73.875C tj@73.875C soc1@71.187C VDD_IN 23237mW/23106mW VDD_CPU_GPU_CV 9936mW/9843mW VDD_SOC 6110mW/6108mW
08-04-2026 11:53:44 RAM 3720/7620MB (lfb 35x1MB) SWAP 2411/12002MB (cached 119MB) CPU [16%@1728,0%@1728,0%@1728,0%@1728,9%@1728,0%@1728] GR3D_FREQ 96% cpu@71.875C soc2@70.625C soc0@70.906C gpu@73.843C tj@73.843C soc1@71.218C VDD_IN 23156mW/23106mW VDD_CPU_GPU_CV 9975mW/9844mW VDD_SOC 6110mW/6108mW
08-04-2026 11:53:44 RAM 3720/7620MB (lfb 35x1MB) SWAP 2411/12002MB (cached 119MB) CPU [0%@1728,10%@1728,0%@1728,9%@1728,0%@1728,10%@1728] GR3D_FREQ 96% cpu@71.906C soc2@70.656C soc0@70.968C gpu@73.937C tj@73.781C soc1@71.031C VDD_IN 23116mW/23106mW VDD_CPU_GPU_CV 9936mW/9845mW VDD_SOC 6110mW/6108mW
08-04-2026 11:53:45 RAM 3720/7620MB (lfb 35x1MB) SWAP 2411/12002MB (cached 119MB) CPU [0%@1728,0%@1728,9%@1728,0%@1728,0%@1728,11%@1728] GR3D_FREQ 96% cpu@71.968C soc2@70.562C soc0@70.781C gpu@73.812C tj@73.812C soc1@71.093C VDD_IN 23076mW/23106mW VDD_CPU_GPU_CV 9896mW/9846mW VDD_SOC 6110mW/6108mW
08-04-2026 11:53:45 RAM 3720/7620MB (lfb 35x1MB) SWAP 2411/12002MB (cached 119MB) CPU [0%@1728,0%@1728,0%@1728,0%@1728,0%@1728,25%@1728] GR3D_FREQ 96% cpu@71.687C soc2@70.687C soc0@70.812C gpu@73.781C tj@73.781C soc1@71.187C VDD_IN 23076mW/23106mW VDD_CPU_GPU_CV 9896mW/9846mW VDD_SOC 6110mW/6108mW
08-04-2026 11:53:45 RAM 3720/7620MB (lfb 35x1MB) SWAP 2411/12002MB (cached 119MB) CPU [0%@1728,9%@1728,0%@1728,0%@1728,0%@1728,27%@1728] GR3D_FREQ 96% cpu@71.906C soc2@70.625C soc0@70.906C gpu@73.812C tj@73.812C soc1@71.406C VDD_IN 23156mW/23106mW VDD_CPU_GPU_CV 9936mW/9847mW VDD_SOC 6110mW/6108mW
08-04-2026 11:53:45 RAM 3720/7620MB (lfb 35x1MB) SWAP 2411/12002MB (cached 119MB) CPU [0%@1728,0%@1728,0%@1728,9%@1728,0%@1728,25%@1728] GR3D_FREQ 94% cpu@71.906C soc2@70.562C soc0@70.968C gpu@74.25C tj@74.25C soc1@71.437C VDD_IN 23156mW/23107mW VDD_CPU_GPU_CV 9896mW/9847mW VDD_SOC 6110mW/6108mW
08-04-2026 11:53:45 RAM 3720/7620MB (lfb 35x1MB) SWAP 2411/12002MB (cached 119MB) CPU [9%@1728,0%@1728,16%@1728,0%@1728,0%@1728,27%@1728] GR3D_FREQ 93% cpu@72.031C soc2@70.593C soc0@70.75C gpu@73.906C tj@73.906C soc1@71.156C VDD_IN 23116mW/23107mW VDD_CPU_GPU_CV 9896mW/9848mW VDD_SOC 6110mW/6108mW
08-04-2026 11:53:45 RAM 3720/7620MB (lfb 35x1MB) SWAP 2411/12002MB (cached 119MB) CPU [0%@1728,0%@1728,0%@1728,8%@1728,0%@1728,10%@1728] GR3D_FREQ 94% cpu@71.812C soc2@70.656C soc0@70.875C gpu@73.875C tj@73.875C soc1@71.281C VDD_IN 23116mW/23107mW VDD_CPU_GPU_CV 9936mW/9849mW VDD_SOC 6110mW/6108mW
08-04-2026 11:53:45 RAM 3720/7620MB (lfb 35x1MB) SWAP 2411/12002MB (cached 119MB) CPU [9%@1728,0%@1728,0%@1728,0%@1728,9%@1728,0%@1728] GR3D_FREQ 96% cpu@71.843C soc2@70.656C soc0@70.937C gpu@74.281C tj@74.281C soc1@71.375C VDD_IN 23156mW/23107mW VDD_CPU_GPU_CV 9936mW/9849mW VDD_SOC 6110mW/6108mW
08-04-2026 11:53:45 RAM 3720/7620MB (lfb 35x1MB) SWAP 2411/12002MB (cached 119MB) CPU [8%@1728,0%@1728,0%@1728,0%@1728,0%@1728,11%@1728] GR3D_FREQ 96% cpu@71.968C soc2@70.625C soc0@70.937C gpu@74.093C tj@74.093C soc1@71.156C VDD_IN 23197mW/23108mW VDD_CPU_GPU_CV 9896mW/9850mW VDD_SOC 6110mW/6108mW
08-04-2026 11:53:45 RAM 3720/7620MB (lfb 35x1MB) SWAP 2411/12002MB (cached 119MB) CPU [0%@1728,20%@1728,9%@1728,8%@1728,0%@1728,0%@1728] GR3D_FREQ 93% cpu@72.031C soc2@70.562C soc0@70.812C gpu@73.812C tj@73.812C soc1@71.156C VDD_IN 23116mW/23108mW VDD_CPU_GPU_CV 9856mW/9850mW VDD_SOC 6110mW/6108mW
08-04-2026 11:53:46 RAM 3720/7620MB (lfb 35x1MB) SWAP 2411/12002MB (cached 119MB) CPU [10%@1728,0%@1728,0%@1728,0%@1728,0%@1728,20%@1728] GR3D_FREQ 94% cpu@71.906C soc2@70.625C soc0@70.875C gpu@74.218C tj@74.218C soc1@71.187C VDD_IN 23156mW/23108mW VDD_CPU_GPU_CV 9896mW/9850mW VDD_SOC 6110mW/6108mW
08-04-2026 11:53:46 RAM 3720/7620MB (lfb 35x1MB) SWAP 2411/12002MB (cached 119MB) CPU [0%@1728,8%@1728,9%@1728,0%@1728,0%@1728,25%@1728] GR3D_FREQ 96% cpu@71.812C soc2@70.593C soc0@70.937C gpu@74.062C tj@74.062C soc1@71.312C VDD_IN 23116mW/23109mW VDD_CPU_GPU_CV 9896mW/9851mW VDD_SOC 6110mW/6108mW
08-04-2026 11:53:46 RAM 3721/7620MB (lfb 35x1MB) SWAP 2411/12002MB (cached 119MB) CPU [40%@1728,11%@1728,0%@1728,0%@1728,9%@1728,33%@1728] GR3D_FREQ 93% cpu@72.125C soc2@70.75C soc0@70.843C gpu@74.062C tj@74.062C soc1@71.218C VDD_IN 23197mW/23109mW VDD_CPU_GPU_CV 9936mW/9851mW VDD_SOC 6110mW/6108mW
08-04-2026 11:53:46 RAM 3721/7620MB (lfb 35x1MB) SWAP 2411/12002MB (cached 119MB) CPU [0%@1728,0%@1728,9%@1728,0%@1728,0%@1728,0%@1728] GR3D_FREQ 96% cpu@71.937C soc2@70.593C soc0@70.843C gpu@74.312C tj@74.312C soc1@71.156C VDD_IN 23197mW/23110mW VDD_CPU_GPU_CV 9936mW/9852mW VDD_SOC 6110mW/6108mW
08-04-2026 11:53:46 RAM 3721/7620MB (lfb 35x1MB) SWAP 2411/12002MB (cached 119MB) CPU [0%@1728,0%@1728,0%@1728,0%@1728,0%@1728,0%@1728] GR3D_FREQ 96% cpu@71.812C soc2@70.625C soc0@70.875C gpu@74.062C tj@74.062C soc1@71.281C VDD_IN 23237mW/23111mW VDD_CPU_GPU_CV 9936mW/9853mW VDD_SOC 6110mW/6108mW
08-04-2026 11:53:46 RAM 3721/7620MB (lfb 35x1MB) SWAP 2411/12002MB (cached 119MB) CPU [0%@1728,0%@1728,0%@1728,0%@1728,18%@1728,0%@1728] GR3D_FREQ 94% cpu@71.843C soc2@70.656C soc0@70.937C gpu@74.062C tj@74.062C soc1@71.468C VDD_IN 23237mW/23112mW VDD_CPU_GPU_CV 9936mW/9853mW VDD_SOC 6150mW/6109mW
08-04-2026 11:53:46 RAM 3721/7620MB (lfb 35x1MB) SWAP 2411/12002MB (cached 119MB) CPU [9%@1728,8%@1728,8%@1728,9%@1728,18%@1728,20%@1728] GR3D_FREQ 95% cpu@71.812C soc2@70.687C soc0@71.062C gpu@73.875C tj@73.875C soc1@71.125C VDD_IN 23237mW/23113mW VDD_CPU_GPU_CV 9936mW/9854mW VDD_SOC 6110mW/6109mW
08-04-2026 11:53:46 RAM 3721/7620MB (lfb 35x1MB) SWAP 2411/12002MB (cached 119MB) CPU [9%@1728,9%@1728,0%@1728,0%@1728,0%@1728,0%@1728] GR3D_FREQ 96% cpu@71.812C soc2@70.593C soc0@70.843C gpu@74.125C tj@74.125C soc1@71.218C VDD_IN 23277mW/23114mW VDD_CPU_GPU_CV 9936mW/9855mW VDD_SOC 6110mW/6109mW
08-04-2026 11:53:46 RAM 3721/7620MB (lfb 35x1MB) SWAP 2411/12002MB (cached 119MB) CPU [0%@1728,18%@1728,0%@1728,9%@1728,0%@1728,11%@1728] GR3D_FREQ 93% cpu@71.906C soc2@70.687C soc0@70.875C gpu@74C tj@74C soc1@71.312C VDD_IN 23277mW/23116mW VDD_CPU_GPU_CV 9896mW/9855mW VDD_SOC 6110mW/6109mW
08-04-2026 11:53:46 RAM 3721/7620MB (lfb 35x1MB) SWAP 2411/12002MB (cached 119MB) CPU [0%@1728,9%@1728,9%@1728,0%@1728,0%@1728,0%@1728] GR3D_FREQ 96% cpu@71.812C soc2@70.656C soc0@71.062C gpu@73.937C tj@73.937C soc1@71.281C VDD_IN 23197mW/23116mW VDD_CPU_GPU_CV 9856mW/9855mW VDD_SOC 6110mW/6109mW
08-04-2026 11:53:47 RAM 3721/7620MB (lfb 35x1MB) SWAP 2411/12002MB (cached 119MB) CPU [16%@1728,0%@1728,0%@1728,0%@1728,11%@1728,0%@1728] GR3D_FREQ 94% cpu@71.843C soc2@70.75C soc0@70.875C gpu@73.875C tj@73.875C soc1@71.187C VDD_IN 23156mW/23117mW VDD_CPU_GPU_CV 9856mW/9855mW VDD_SOC 6110mW/6109mW
08-04-2026 11:53:47 RAM 3721/7620MB (lfb 35x1MB) SWAP 2411/12002MB (cached 119MB) CPU [0%@1728,0%@1728,0%@1728,0%@1728,18%@1728,0%@1728] GR3D_FREQ 94% cpu@71.812C soc2@70.593C soc0@70.843C gpu@74.031C tj@74.031C soc1@71.25C VDD_IN 23156mW/23117mW VDD_CPU_GPU_CV 9896mW/9855mW VDD_SOC 6110mW/6109mW
08-04-2026 11:53:47 RAM 3721/7620MB (lfb 35x1MB) SWAP 2411/12002MB (cached 119MB) CPU [0%@1728,0%@1728,0%@1728,0%@1728,27%@1728,9%@1728] GR3D_FREQ 94% cpu@71.75C soc2@70.75C soc0@70.968C gpu@73.968C tj@73.968C soc1@71.312C VDD_IN 23156mW/23117mW VDD_CPU_GPU_CV 9896mW/9856mW VDD_SOC 6110mW/6109mW
08-04-2026 11:53:47 RAM 3721/7620MB (lfb 35x1MB) SWAP 2411/12002MB (cached 119MB) CPU [0%@1728,0%@1728,8%@1728,9%@1728,18%@1728,0%@1728] GR3D_FREQ 95% cpu@72C soc2@70.718C soc0@70.937C gpu@73.968C tj@73.968C soc1@71.531C VDD_IN 23197mW/23118mW VDD_CPU_GPU_CV 9896mW/9856mW VDD_SOC 6110mW/6109mW
08-04-2026 11:53:47 RAM 3721/7620MB (lfb 35x1MB) SWAP 2411/12002MB (cached 119MB) CPU [0%@1728,9%@1728,16%@1728,0%@1728,27%@1728,0%@1728] GR3D_FREQ 95% cpu@72.218C soc2@70.625C soc0@70.843C gpu@74.343C tj@74.343C soc1@71.187C VDD_IN 23197mW/23118mW VDD_CPU_GPU_CV 9856mW/9856mW VDD_SOC 6110mW/6109mW
08-04-2026 11:53:47 RAM 3721/7620MB (lfb 35x1MB) SWAP 2411/12002MB (cached 119MB) CPU [0%@1728,0%@1728,0%@1728,0%@1728,0%@1728,0%@1728] GR3D_FREQ 94% cpu@71.843C soc2@70.687C soc0@70.843C gpu@73.968C tj@73.968C soc1@71.281C VDD_IN 23237mW/23119mW VDD_CPU_GPU_CV 9856mW/9856mW VDD_SOC 6110mW/6109mW
08-04-2026 11:53:47 RAM 3721/7620MB (lfb 35x1MB) SWAP 2411/12002MB (cached 119MB) CPU [0%@1728,9%@1728,0%@1728,0%@1728,11%@1728,0%@1728] GR3D_FREQ 91% cpu@71.843C soc2@70.656C soc0@70.968C gpu@73.906C tj@73.906C soc1@71.406C VDD_IN 23197mW/23120mW VDD_CPU_GPU_CV 9856mW/9856mW VDD_SOC 6110mW/6109mW
08-04-2026 11:53:47 RAM 3721/7620MB (lfb 35x1MB) SWAP 2411/12002MB (cached 119MB) CPU [8%@1728,0%@1728,0%@1728,0%@1728,25%@1728,0%@1728] GR3D_FREQ 94% cpu@71.968C soc2@70.75C soc0@71.093C gpu@74.281C tj@74.281C soc1@71.406C VDD_IN 23197mW/23120mW VDD_CPU_GPU_CV 9856mW/9856mW VDD_SOC 6110mW/6109mW
08-04-2026 11:53:47 RAM 3721/7620MB (lfb 35x1MB) SWAP 2411/12002MB (cached 119MB) CPU [10%@1728,18%@1728,0%@1728,9%@1728,27%@1728,0%@1728] GR3D_FREQ 93% cpu@72.062C soc2@70.656C soc0@70.875C gpu@74.031C tj@74.031C soc1@71.187C VDD_IN 23116mW/23120mW VDD_CPU_GPU_CV 9856mW/9856mW VDD_SOC 6110mW/6109mW
08-04-2026 11:53:48 RAM 3721/7620MB (lfb 35x1MB) SWAP 2411/12002MB (cached 119MB) CPU [0%@1728,9%@1728,8%@1728,0%@1728,18%@1728,0%@1728] GR3D_FREQ 95% cpu@71.812C soc2@70.625C soc0@70.937C gpu@74.125C tj@74.125C soc1@71.281C VDD_IN 23116mW/23120mW VDD_CPU_GPU_CV 9856mW/9856mW VDD_SOC 6110mW/6109mW
08-04-2026 11:53:48 RAM 3721/7620MB (lfb 35x1MB) SWAP 2411/12002MB (cached 119MB) CPU [0%@1728,0%@1728,9%@1728,0%@1728,20%@1728,0%@1728] GR3D_FREQ 94% cpu@71.906C soc2@70.687C soc0@70.906C gpu@74.218C tj@74.218C soc1@71.312C VDD_IN 23076mW/23120mW VDD_CPU_GPU_CV 9816mW/9856mW VDD_SOC 6110mW/6109mW
08-04-2026 11:53:48 RAM 3721/7620MB (lfb 35x1MB) SWAP 2411/12002MB (cached 119MB) CPU [0%@1728,20%@1728,0%@1728,0%@1728,18%@1728,0%@1728] GR3D_FREQ 94% cpu@72.187C soc2@70.718C soc0@71.125C gpu@74.062C tj@74.062C soc1@71.281C VDD_IN 23116mW/23120mW VDD_CPU_GPU_CV 9856mW/9856mW VDD_SOC 6110mW/6109mW
08-04-2026 11:53:48 RAM 3721/7620MB (lfb 35x1MB) SWAP 2411/12002MB (cached 119MB) CPU [0%@1728,45%@1728,9%@1728,18%@1728,27%@1728,0%@1728] GR3D_FREQ 94% cpu@72.25C soc2@70.656C soc0@70.843C gpu@74.062C tj@74.062C soc1@71.281C VDD_IN 23197mW/23121mW VDD_CPU_GPU_CV 9896mW/9856mW VDD_SOC 6110mW/6109mW
08-04-2026 11:53:48 RAM 3721/7620MB (lfb 35x1MB) SWAP 2411/12002MB (cached 119MB) CPU [8%@1728,0%@1728,0%@1728,0%@1728,18%@1728,0%@1728] GR3D_FREQ 96% cpu@71.812C soc2@70.687C soc0@70.843C gpu@73.937C tj@73.937C soc1@71.343C VDD_IN 23197mW/23121mW VDD_CPU_GPU_CV 9896mW/9856mW VDD_SOC 6110mW/6109mW
08-04-2026 11:53:48 RAM 3721/7620MB (lfb 35x1MB) SWAP 2411/12002MB (cached 119MB) CPU [0%@1728,0%@1728,0%@1728,0%@1728,0%@1728,25%@1728] GR3D_FREQ 94% cpu@71.937C soc2@70.781C soc0@70.968C gpu@74.125C tj@74.125C soc1@71.375C VDD_IN 23197mW/23122mW VDD_CPU_GPU_CV 9856mW/9856mW VDD_SOC 6110mW/6109mW
08-04-2026 11:53:48 RAM 3721/7620MB (lfb 35x1MB) SWAP 2411/12002MB (cached 119MB) CPU [16%@1728,0%@1728,9%@1728,9%@1728,18%@1728,18%@1728] GR3D_FREQ 94% cpu@72.031C soc2@70.781C soc0@71.031C gpu@74C tj@74C soc1@71.25C VDD_IN 23237mW/23122mW VDD_CPU_GPU_CV 9896mW/9856mW VDD_SOC 6110mW/6109mW
08-04-2026 11:53:48 RAM 3721/7620MB (lfb 35x1MB) SWAP 2411/12002MB (cached 119MB) CPU [0%@1728,8%@1728,0%@1728,0%@1728,18%@1728,0%@1728] GR3D_FREQ 96% cpu@72.093C soc2@70.718C soc0@70.843C gpu@74C tj@74C soc1@71.343C VDD_IN 23237mW/23123mW VDD_CPU_GPU_CV 9896mW/9857mW VDD_SOC 6110mW/6109mW
08-04-2026 11:53:48 RAM 3721/7620MB (lfb 35x1MB) SWAP 2411/12002MB (cached 119MB) CPU [9%@1728,0%@1728,0%@1728,0%@1728,27%@1728,0%@1728] GR3D_FREQ 94% cpu@71.781C soc2@70.75C soc0@70.937C gpu@73.875C tj@73.875C soc1@71.312C VDD_IN 23197mW/23124mW VDD_CPU_GPU_CV 9896mW/9857mW VDD_SOC 6110mW/6109mW
08-04-2026 11:53:48 RAM 3721/7620MB (lfb 35x1MB) SWAP 2411/12002MB (cached 119MB) CPU [0%@1728,0%@1728,18%@1728,9%@1728,25%@1728,0%@1728] GR3D_FREQ 96% cpu@71.875C soc2@70.656C soc0@71.031C gpu@74C tj@74C soc1@71.437C VDD_IN 23197mW/23124mW VDD_CPU_GPU_CV 9896mW/9857mW VDD_SOC 6110mW/6109mW
08-04-2026 11:53:49 RAM 3721/7620MB (lfb 35x1MB) SWAP 2411/12002MB (cached 119MB) CPU [0%@1728,0%@1728,9%@1728,9%@1728,20%@1728,0%@1728] GR3D_FREQ 96% cpu@71.937C soc2@70.75C soc0@70.906C gpu@73.968C tj@73.968C soc1@71.25C VDD_IN 23197mW/23125mW VDD_CPU_GPU_CV 9896mW/9858mW VDD_SOC 6110mW/6109mW
08-04-2026 11:53:49 RAM 3721/7620MB (lfb 35x1MB) SWAP 2411/12002MB (cached 119MB) CPU [0%@1728,0%@1728,0%@1728,0%@1728,25%@1728,0%@1728] GR3D_FREQ 96% cpu@71.937C soc2@70.593C soc0@70.812C gpu@74.531C tj@74.531C soc1@71.187C VDD_IN 23197mW/23125mW VDD_CPU_GPU_CV 9896mW/9858mW VDD_SOC 6110mW/6109mW
08-04-2026 11:53:49 RAM 3721/7620MB (lfb 35x1MB) SWAP 2411/12002MB (cached 119MB) CPU [0%@1728,0%@1728,0%@1728,0%@1728,11%@1728,0%@1728] GR3D_FREQ 94% cpu@71.843C soc2@70.718C soc0@70.843C gpu@74.218C tj@74.218C soc1@71.25C VDD_IN 23156mW/23125mW VDD_CPU_GPU_CV 9856mW/9858mW VDD_SOC 6110mW/6109mW
08-04-2026 11:53:49 RAM 3721/7620MB (lfb 35x1MB) SWAP 2411/12002MB (cached 119MB) CPU [0%@1728,0%@1728,0%@1728,0%@1728,0%@1728,0%@1728] GR3D_FREQ 96% cpu@71.875C soc2@70.625C soc0@71.031C gpu@73.906C tj@73.906C soc1@71.437C VDD_IN 23197mW/23126mW VDD_CPU_GPU_CV 9856mW/9858mW VDD_SOC 6150mW/6109mW
08-04-2026 11:53:49 RAM 3721/7620MB (lfb 35x1MB) SWAP 2411/12002MB (cached 119MB) CPU [30%@1728,9%@1728,0%@1728,18%@1728,11%@1728,9%@1728] GR3D_FREQ 93% cpu@71.968C soc2@70.718C soc0@70.875C gpu@74.375C tj@74.375C soc1@71.25C VDD_IN 23197mW/23126mW VDD_CPU_GPU_CV 9896mW/9858mW VDD_SOC 6150mW/6109mW
08-04-2026 11:53:49 RAM 3721/7620MB (lfb 35x1MB) SWAP 2411/12002MB (cached 119MB) CPU [0%@1728,0%@1728,0%@1728,0%@1728,25%@1728,0%@1728] GR3D_FREQ 94% cpu@71.937C soc2@70.656C soc0@70.843C gpu@74.281C tj@74.281C soc1@71.156C VDD_IN 23197mW/23127mW VDD_CPU_GPU_CV 9896mW/9858mW VDD_SOC 6150mW/6110mW
08-04-2026 11:53:49 RAM 3721/7620MB (lfb 35x1MB) SWAP 2411/12002MB (cached 119MB) CPU [0%@1728,9%@1728,8%@1728,0%@1728,27%@1728,0%@1728] GR3D_FREQ 96% cpu@71.906C soc2@70.687C soc0@70.937C gpu@74.125C tj@74.125C soc1@71.312C VDD_IN 23197mW/23127mW VDD_CPU_GPU_CV 9936mW/9859mW VDD_SOC 6150mW/6110mW
08-04-2026 11:53:49 RAM 3721/7620MB (lfb 35x1MB) SWAP 2411/12002MB (cached 119MB) CPU [9%@1728,0%@1728,0%@1728,9%@1728,25%@1728,0%@1728] GR3D_FREQ 96% cpu@71.812C soc2@70.718C soc0@71.031C gpu@74.343C tj@74.343C soc1@71.406C VDD_IN 23237mW/23128mW VDD_CPU_GPU_CV 9896mW/9859mW VDD_SOC 6150mW/6110mW
08-04-2026 11:53:49 RAM 3721/7620MB (lfb 35x1MB) SWAP 2411/12002MB (cached 119MB) CPU [9%@1728,0%@1728,10%@1728,9%@1728,20%@1728,0%@1728] GR3D_FREQ 93% cpu@71.968C soc2@70.718C soc0@70.812C gpu@74.093C tj@74.093C soc1@71.187C VDD_IN 23156mW/23128mW VDD_CPU_GPU_CV 9896mW/9859mW VDD_SOC 6150mW/6111mW
08-04-2026 11:53:50 RAM 3721/7620MB (lfb 35x1MB) SWAP 2411/12002MB (cached 119MB) CPU [0%@1728,0%@1728,16%@1728,9%@1728,25%@1728,0%@1728] GR3D_FREQ 94% cpu@71.718C soc2@70.625C soc0@70.875C gpu@74.062C tj@74.062C soc1@71.218C VDD_IN 23197mW/23129mW VDD_CPU_GPU_CV 9896mW/9859mW VDD_SOC 6110mW/6111mW
08-04-2026 11:53:50 RAM 3721/7620MB (lfb 35x1MB) SWAP 2411/12002MB (cached 119MB) CPU [0%@1728,0%@1728,9%@1728,0%@1728,20%@1728,0%@1728] GR3D_FREQ 94% cpu@71.75C soc2@70.562C soc0@70.906C gpu@73.968C tj@73.968C soc1@71.343C VDD_IN 23156mW/23129mW VDD_CPU_GPU_CV 9856mW/9859mW VDD_SOC 6110mW/6111mW
08-04-2026 11:53:50 RAM 3721/7620MB (lfb 35x1MB) SWAP 2411/12002MB (cached 119MB) CPU [0%@1728,10%@1728,0%@1728,0%@1728,25%@1728,0%@1728] GR3D_FREQ 94% cpu@71.875C soc2@70.625C soc0@70.843C gpu@73.875C tj@73.875C soc1@71.5C VDD_IN 23156mW/23129mW VDD_CPU_GPU_CV 9856mW/9859mW VDD_SOC 6110mW/6111mW
08-04-2026 11:53:50 RAM 3721/7620MB (lfb 35x1MB) SWAP 2411/12002MB (cached 119MB) CPU [0%@1728,0%@1728,9%@1728,0%@1728,18%@1728,0%@1728] GR3D_FREQ 94% cpu@72.062C soc2@70.593C soc0@70.843C gpu@74.031C tj@74.031C soc1@71.25C VDD_IN 23116mW/23129mW VDD_CPU_GPU_CV 9856mW/9859mW VDD_SOC 6150mW/6111mW
08-04-2026 11:53:50 RAM 3721/7620MB (lfb 35x1MB) SWAP 2411/12002MB (cached 119MB) CPU [0%@1728,15%@1728,0%@1728,0%@1728,0%@1728,0%@1728] GR3D_FREQ 96% cpu@71.75C soc2@70.562C soc0@70.843C gpu@74C tj@74C soc1@71.156C VDD_IN 23156mW/23129mW VDD_CPU_GPU_CV 9856mW/9859mW VDD_SOC 6110mW/6111mW
08-04-2026 11:53:50 RAM 3721/7620MB (lfb 35x1MB) SWAP 2411/12002MB (cached 119MB) CPU [0%@1728,0%@1728,9%@1728,0%@1728,10%@1728,0%@1728] GR3D_FREQ 96% cpu@71.75C soc2@70.656C soc0@70.937C gpu@73.968C tj@73.968C soc1@71.281C VDD_IN 23237mW/23130mW VDD_CPU_GPU_CV 9856mW/9859mW VDD_SOC 6150mW/6111mW
08-04-2026 11:53:50 RAM 3721/7620MB (lfb 35x1MB) SWAP 2411/12002MB (cached 119MB) CPU [9%@1728,0%@1728,0%@1728,0%@1728,11%@1728,9%@1728] GR3D_FREQ 93% cpu@71.875C soc2@70.812C soc0@71C gpu@74.375C tj@74.375C soc1@71.437C VDD_IN 23156mW/23130mW VDD_CPU_GPU_CV 9856mW/9859mW VDD_SOC 6110mW/6111mW
08-04-2026 11:53:50 RAM 3721/7620MB (lfb 35x1MB) SWAP 2411/12002MB (cached 119MB) CPU [16%@1728,9%@1728,0%@1728,0%@1728,18%@1728,0%@1728] GR3D_FREQ 94% cpu@72.031C soc2@70.625C soc0@70.875C gpu@73.968C tj@73.968C soc1@71.187C VDD_IN 23197mW/23130mW VDD_CPU_GPU_CV 9896mW/9860mW VDD_SOC 6110mW/6111mW
08-04-2026 11:53:50 RAM 3721/7620MB (lfb 35x1MB) SWAP 2411/12002MB (cached 119MB) CPU [0%@1728,0%@1728,0%@1728,0%@1728,0%@1728,0%@1728] GR3D_FREQ 93% cpu@71.718C soc2@70.625C soc0@70.781C gpu@73.781C tj@73.781C soc1@71.187C VDD_IN 23116mW/23130mW VDD_CPU_GPU_CV 9896mW/9860mW VDD_SOC 6110mW/6111mW
08-04-2026 11:53:50 RAM 3721/7620MB (lfb 35x1MB) SWAP 2411/12002MB (cached 119MB) CPU [9%@1728,0%@1728,18%@1728,9%@1728,18%@1728,9%@1728] GR3D_FREQ 94% cpu@71.781C soc2@70.625C soc0@70.843C gpu@74.343C tj@74.343C soc1@71.312C VDD_IN 23116mW/23130mW VDD_CPU_GPU_CV 9856mW/9860mW VDD_SOC 6110mW/6111mW
08-04-2026 11:53:51 RAM 3721/7620MB (lfb 35x1MB) SWAP 2411/12002MB (cached 119MB) CPU [0%@1728,0%@1728,0%@1728,0%@1728,27%@1728,0%@1728] GR3D_FREQ 94% cpu@71.906C soc2@70.593C soc0@70.937C gpu@74.062C tj@74.062C soc1@71.187C VDD_IN 23116mW/23130mW VDD_CPU_GPU_CV 9856mW/9860mW VDD_SOC 6110mW/6111mW
08-04-2026 11:53:51 RAM 3721/7620MB (lfb 35x1MB) SWAP 2411/12002MB (cached 119MB) CPU [0%@1728,0%@1728,9%@1728,0%@1728,10%@1728,0%@1728] GR3D_FREQ 96% cpu@72.062C soc2@70.531C soc0@70.75C gpu@73.875C tj@73.875C soc1@71.218C VDD_IN 23076mW/23130mW VDD_CPU_GPU_CV 9816mW/9859mW VDD_SOC 6110mW/6111mW
08-04-2026 11:53:51 RAM 3721/7620MB (lfb 35x1MB) SWAP 2411/12002MB (cached 119MB) CPU [0%@1728,9%@1728,0%@1728,9%@1728,0%@1728,0%@1728] GR3D_FREQ 94% cpu@72.093C soc2@70.625C soc0@70.875C gpu@74.312C tj@74.312C soc1@71.156C VDD_IN 23116mW/23130mW VDD_CPU_GPU_CV 9856mW/9859mW VDD_SOC 6110mW/6111mW
08-04-2026 11:53:51 RAM 3721/7620MB (lfb 35x1MB) SWAP 2411/12002MB (cached 119MB) CPU [0%@1728,9%@1728,0%@1728,0%@1728,18%@1728,0%@1728] GR3D_FREQ 96% cpu@71.75C soc2@70.593C soc0@70.843C gpu@74.125C tj@74.125C soc1@71.218C VDD_IN 23156mW/23130mW VDD_CPU_GPU_CV 9896mW/9860mW VDD_SOC 6110mW/6111mW
08-04-2026 11:53:51 RAM 3721/7620MB (lfb 35x1MB) SWAP 2411/12002MB (cached 119MB) CPU [9%@1728,0%@1728,0%@1728,0%@1728,18%@1728,0%@1728] GR3D_FREQ 93% cpu@71.812C soc2@70.718C soc0@70.968C gpu@74C tj@74C soc1@71.437C VDD_IN 23197mW/23130mW VDD_CPU_GPU_CV 9896mW/9860mW VDD_SOC 6110mW/6111mW
08-04-2026 11:53:51 RAM 3721/7620MB (lfb 35x1MB) SWAP 2411/12002MB (cached 119MB) CPU [0%@1728,0%@1728,0%@1728,0%@1728,27%@1728,0%@1728] GR3D_FREQ 96% cpu@72C soc2@70.531C soc0@70.718C gpu@74.218C tj@74.218C soc1@71.156C VDD_IN 23197mW/23131mW VDD_CPU_GPU_CV 9896mW/9860mW VDD_SOC 6110mW/6111mW
08-04-2026 11:53:51 RAM 3721/7620MB (lfb 35x1MB) SWAP 2411/12002MB (cached 119MB) CPU [0%@1728,0%@1728,0%@1728,0%@1728,10%@1728,9%@1728] GR3D_FREQ 95% cpu@72.031C soc2@70.625C soc0@70.75C gpu@74.093C tj@74.093C soc1@71.25C VDD_IN 23197mW/23131mW VDD_CPU_GPU_CV 9896mW/9860mW VDD_SOC 6110mW/6111mW
08-04-2026 11:53:51 RAM 3721/7620MB (lfb 35x1MB) SWAP 2411/12002MB (cached 119MB) CPU [0%@1728,0%@1728,0%@1728,0%@1728,11%@1728,0%@1728] GR3D_FREQ 94% cpu@71.812C soc2@70.562C soc0@70.906C gpu@74C tj@74C soc1@71.312C VDD_IN 23237mW/23131mW VDD_CPU_GPU_CV 9856mW/9860mW VDD_SOC 6110mW/6111mW
08-04-2026 11:53:51 RAM 3721/7620MB (lfb 35x1MB) SWAP 2411/12002MB (cached 119MB) CPU [0%@1728,0%@1728,20%@1728,0%@1728,0%@1728,0%@1728] GR3D_FREQ 94% cpu@71.968C soc2@70.562C soc0@71C gpu@73.906C tj@73.906C soc1@71.375C VDD_IN 23197mW/23132mW VDD_CPU_GPU_CV 9896mW/9860mW VDD_SOC 6110mW/6111mW
08-04-2026 11:53:52 RAM 3721/7620MB (lfb 35x1MB) SWAP 2411/12002MB (cached 119MB) CPU [9%@1728,0%@1728,9%@1728,0%@1728,11%@1728,0%@1728] GR3D_FREQ 94% cpu@71.968C soc2@70.593C soc0@70.781C gpu@74.031C tj@74.031C soc1@71.156C VDD_IN 23116mW/23132mW VDD_CPU_GPU_CV 9856mW/9860mW VDD_SOC 6110mW/6111mW
08-04-2026 11:53:52 RAM 3721/7620MB (lfb 35x1MB) SWAP 2411/12002MB (cached 119MB) CPU [0%@1728,8%@1728,0%@1728,8%@1728,25%@1728,0%@1728] GR3D_FREQ 96% cpu@71.656C soc2@70.562C soc0@70.875C gpu@73.937C tj@73.937C soc1@71.156C VDD_IN 23116mW/23132mW VDD_CPU_GPU_CV 9856mW/9860mW VDD_SOC 6110mW/6111mW
08-04-2026 11:53:52 RAM 3721/7620MB (lfb 35x1MB) SWAP 2411/12002MB (cached 119MB) CPU [0%@1728,0%@1728,9%@1728,0%@1728,27%@1728,0%@1728] GR3D_FREQ 96% cpu@71.843C soc2@70.687C soc0@71C gpu@73.906C tj@73.906C soc1@71.218C VDD_IN 23156mW/23132mW VDD_CPU_GPU_CV 9856mW/9860mW VDD_SOC 6110mW/6111mW
08-04-2026 11:53:52 RAM 3721/7620MB (lfb 35x1MB) SWAP 2411/12002MB (cached 119MB) CPU [8%@1728,9%@1728,0%@1728,0%@1728,0%@1728,0%@1728] GR3D_FREQ 94% cpu@71.875C soc2@70.656C soc0@70.968C gpu@73.906C tj@73.906C soc1@71.062C VDD_IN 23197mW/23132mW VDD_CPU_GPU_CV 9816mW/9860mW VDD_SOC 6110mW/6111mW
08-04-2026 11:53:52 RAM 3721/7620MB (lfb 35x1MB) SWAP 2411/12002MB (cached 119MB) CPU [9%@1728,0%@1728,0%@1728,0%@1728,0%@1728,0%@1728] GR3D_FREQ 96% cpu@71.875C soc2@70.562C soc0@70.781C gpu@73.937C tj@73.937C soc1@71.156C VDD_IN 23197mW/23133mW VDD_CPU_GPU_CV 9856mW/9860mW VDD_SOC 6110mW/6111mW
08-04-2026 11:53:52 RAM 3721/7620MB (lfb 35x1MB) SWAP 2411/12002MB (cached 119MB) CPU [0%@1728,8%@1728,0%@1728,0%@1728,18%@1728,0%@1728] GR3D_FREQ 94% cpu@72C soc2@70.625C soc0@70.781C gpu@73.906C tj@73.906C soc1@71.187C VDD_IN 23197mW/23133mW VDD_CPU_GPU_CV 9856mW/9860mW VDD_SOC 6110mW/6111mW
08-04-2026 11:53:52 RAM 3721/7620MB (lfb 35x1MB) SWAP 2411/12002MB (cached 119MB) CPU [8%@1728,0%@1728,0%@1728,0%@1728,0%@1728,9%@1728] GR3D_FREQ 93% cpu@71.843C soc2@70.687C soc0@70.875C gpu@73.781C tj@73.781C soc1@71.312C VDD_IN 23156mW/23133mW VDD_CPU_GPU_CV 9896mW/9860mW VDD_SOC 6110mW/6111mW
08-04-2026 11:53:52 RAM 3725/7620MB (lfb 35x1MB) SWAP 2411/12002MB (cached 119MB) CPU [22%@1728,10%@1728,16%@1728,33%@1728,25%@1728,0%@1728] GR3D_FREQ 91% cpu@71.812C soc2@70.625C soc0@71.062C gpu@74C tj@74C soc1@71.375C VDD_IN 23237mW/23134mW VDD_CPU_GPU_CV 9936mW/9861mW VDD_SOC 6110mW/6111mW
08-04-2026 11:53:52 RAM 3725/7620MB (lfb 35x1MB) SWAP 2411/12002MB (cached 119MB) CPU [0%@1728,0%@1728,0%@1728,0%@1728,18%@1728,0%@1728] GR3D_FREQ 94% cpu@71.843C soc2@70.593C soc0@70.843C gpu@73.875C tj@73.875C soc1@71.125C VDD_IN 23197mW/23134mW VDD_CPU_GPU_CV 9936mW/9861mW VDD_SOC 6110mW/6111mW
08-04-2026 11:53:52 RAM 3725/7620MB (lfb 35x1MB) SWAP 2411/12002MB (cached 119MB) CPU [23%@1728,16%@1728,10%@1728,0%@1728,27%@1728,9%@1728] GR3D_FREQ 92% cpu@71.781C soc2@70.625C soc0@70.843C gpu@73.875C tj@73.875C soc1@71.25C VDD_IN 23076mW/23134mW VDD_CPU_GPU_CV 9936mW/9862mW VDD_SOC 6110mW/6111mW
08-04-2026 11:53:53 RAM 3725/7620MB (lfb 35x1MB) SWAP 2411/12002MB (cached 119MB) CPU [0%@1728,0%@1728,16%@1728,9%@1728,27%@1728,0%@1728] GR3D_FREQ 93% cpu@71.812C soc2@70.718C soc0@70.906C gpu@74.281C tj@74.281C soc1@71.343C VDD_IN 23116mW/23134mW VDD_CPU_GPU_CV 9936mW/9862mW VDD_SOC 6110mW/6111mW
08-04-2026 11:53:53 RAM 3725/7620MB (lfb 35x1MB) SWAP 2411/12002MB (cached 119MB) CPU [9%@1728,0%@1728,9%@1728,0%@1728,0%@1728,11%@1728] GR3D_FREQ 96% cpu@71.843C soc2@70.718C soc0@70.968C gpu@73.843C tj@73.843C soc1@71.187C VDD_IN 23116mW/23133mW VDD_CPU_GPU_CV 9936mW/9862mW VDD_SOC 6110mW/6111mW
08-04-2026 11:53:53 RAM 3725/7620MB (lfb 35x1MB) SWAP 2411/12002MB (cached 119MB) CPU [0%@1728,0%@1728,0%@1728,0%@1728,0%@1728,0%@1728] GR3D_FREQ 94% cpu@71.875C soc2@70.5C soc0@70.843C gpu@73.812C tj@73.812C soc1@71.093C VDD_IN 23116mW/23133mW VDD_CPU_GPU_CV 9936mW/9863mW VDD_SOC 6110mW/6111mW
08-04-2026 11:53:53 RAM 3725/7620MB (lfb 35x1MB) SWAP 2411/12002MB (cached 119MB) CPU [0%@1728,0%@1728,0%@1728,0%@1728,20%@1728,0%@1728] GR3D_FREQ 93% cpu@71.812C soc2@70.562C soc0@70.843C gpu@74.187C tj@74.187C soc1@71.281C VDD_IN 23116mW/23133mW VDD_CPU_GPU_CV 9896mW/9863mW VDD_SOC 6110mW/6111mW
08-04-2026 11:53:53 RAM 3725/7620MB (lfb 35x1MB) SWAP 2411/12002MB (cached 119MB) CPU [0%@1728,0%@1728,0%@1728,0%@1728,25%@1728,0%@1728] GR3D_FREQ 94% cpu@71.812C soc2@70.625C soc0@70.968C gpu@74.031C tj@74.031C soc1@71.406C VDD_IN 23116mW/23133mW VDD_CPU_GPU_CV 9896mW/9863mW VDD_SOC 6110mW/6111mW
08-04-2026 11:53:53 RAM 3725/7620MB (lfb 35x1MB) SWAP 2411/12002MB (cached 119MB) CPU [0%@1728,9%@1728,9%@1728,0%@1728,27%@1728,0%@1728] GR3D_FREQ 92% cpu@72.062C soc2@70.687C soc0@71.062C gpu@74.406C tj@74.406C soc1@71.187C VDD_IN 23116mW/23133mW VDD_CPU_GPU_CV 9856mW/9863mW VDD_SOC 6110mW/6111mW
08-04-2026 11:53:53 RAM 3725/7620MB (lfb 35x1MB) SWAP 2411/12002MB (cached 119MB) CPU [0%@1728,8%@1728,0%@1728,0%@1728,18%@1728,10%@1728] GR3D_FREQ 96% cpu@71.781C soc2@70.625C soc0@70.843C gpu@74.125C tj@74.125C soc1@71.25C VDD_IN 23156mW/23133mW VDD_CPU_GPU_CV 9856mW/9863mW VDD_SOC 6110mW/6111mW
08-04-2026 11:53:53 RAM 3725/7620MB (lfb 35x1MB) SWAP 2411/12002MB (cached 119MB) CPU [0%@1728,0%@1728,0%@1728,0%@1728,27%@1728,0%@1728] GR3D_FREQ 88% cpu@71.687C soc2@70.656C soc0@70.906C gpu@74.062C tj@74.062C soc1@71.312C VDD_IN 23197mW/23134mW VDD_CPU_GPU_CV 9856mW/9863mW VDD_SOC 6110mW/6111mW
08-04-2026 11:53:53 RAM 3725/7620MB (lfb 35x1MB) SWAP 2411/12002MB (cached 119MB) CPU [9%@1728,10%@1728,0%@1728,9%@1728,10%@1728,0%@1728] GR3D_FREQ 92% cpu@71.843C soc2@70.687C soc0@70.843C gpu@73.875C tj@73.875C soc1@71.281C VDD_IN 23156mW/23134mW VDD_CPU_GPU_CV 9856mW/9863mW VDD_SOC 6110mW/6111mW
08-04-2026 11:53:54 RAM 3725/7620MB (lfb 35x1MB) SWAP 2411/12002MB (cached 119MB) CPU [0%@1728,0%@1728,8%@1728,9%@1728,11%@1728,0%@1728] GR3D_FREQ 94% cpu@71.937C soc2@70.781C soc0@71.093C gpu@74.187C tj@74.187C soc1@71.375C VDD_IN 23116mW/23134mW VDD_CPU_GPU_CV 9856mW/9863mW VDD_SOC 6070mW/6111mW
08-04-2026 11:53:54 RAM 3725/7620MB (lfb 35x1MB) SWAP 2411/12002MB (cached 119MB) CPU [9%@1728,9%@1728,0%@1728,0%@1728,0%@1728,18%@1728] GR3D_FREQ 94% cpu@71.75C soc2@70.625C soc0@70.75C gpu@74.031C tj@74.031C soc1@71.187C VDD_IN 23076mW/23133mW VDD_CPU_GPU_CV 9856mW/9863mW VDD_SOC 6110mW/6111mW
08-04-2026 11:53:54 RAM 3725/7620MB (lfb 35x1MB) SWAP 2411/12002MB (cached 119MB) CPU [0%@1728,16%@1728,0%@1728,8%@1728,0%@1728,20%@1728] GR3D_FREQ 96% cpu@71.843C soc2@70.625C soc0@70.906C gpu@73.937C tj@73.937C soc1@71.343C VDD_IN 23116mW/23133mW VDD_CPU_GPU_CV 9856mW/9863mW VDD_SOC 6110mW/6111mW
08-04-2026 11:53:54 RAM 3725/7620MB (lfb 35x1MB) SWAP 2411/12002MB (cached 119MB) CPU [0%@1728,0%@1728,0%@1728,0%@1728,0%@1728,25%@1728] GR3D_FREQ 96% cpu@71.843C soc2@70.625C soc0@70.906C gpu@73.875C tj@73.875C soc1@71.343C VDD_IN 23156mW/23133mW VDD_CPU_GPU_CV 9856mW/9863mW VDD_SOC 6110mW/6111mW
08-04-2026 11:53:54 RAM 3725/7620MB (lfb 35x1MB) SWAP 2411/12002MB (cached 119MB) CPU [0%@1728,0%@1728,9%@1728,0%@1728,0%@1728,20%@1728] GR3D_FREQ 93% cpu@72C soc2@70.625C soc0@70.968C gpu@73.937C tj@73.937C soc1@71.187C VDD_IN 23116mW/23133mW VDD_CPU_GPU_CV 9856mW/9863mW VDD_SOC 6110mW/6111mW
08-04-2026 11:53:54 RAM 3725/7620MB (lfb 35x1MB) SWAP 2411/12002MB (cached 119MB) CPU [0%@1728,0%@1728,0%@1728,0%@1728,0%@1728,0%@1728] GR3D_FREQ 96% cpu@72.125C soc2@70.625C soc0@70.75C gpu@74.062C tj@74.062C soc1@71.218C VDD_IN 23197mW/23134mW VDD_CPU_GPU_CV 9896mW/9863mW VDD_SOC 6110mW/6111mW
08-04-2026 11:53:54 RAM 3725/7620MB (lfb 35x1MB) SWAP 2411/12002MB (cached 119MB) CPU [0%@1728,0%@1728,0%@1728,0%@1728,9%@1728,11%@1728] GR3D_FREQ 90% cpu@71.75C soc2@70.656C soc0@70.937C gpu@73.812C tj@73.812C soc1@71.375C VDD_IN 23156mW/23134mW VDD_CPU_GPU_CV 9856mW/9863mW VDD_SOC 6110mW/6111mW
08-04-2026 11:53:54 RAM 3725/7620MB (lfb 35x1MB) SWAP 2411/12002MB (cached 119MB) CPU [0%@1728,0%@1728,9%@1728,0%@1728,0%@1728,0%@1728] GR3D_FREQ 96% cpu@71.937C soc2@70.625C soc0@70.906C gpu@74.437C tj@74.437C soc1@71.375C VDD_IN 23197mW/23134mW VDD_CPU_GPU_CV 9856mW/9863mW VDD_SOC 6110mW/6111mW
08-04-2026 11:53:54 RAM 3725/7620MB (lfb 35x1MB) SWAP 2411/12002MB (cached 119MB) CPU [9%@1728,0%@1728,9%@1728,0%@1728,0%@1728,10%@1728] GR3D_FREQ 96% cpu@72.031C soc2@70.656C soc0@70.812C gpu@74.187C tj@74.187C soc1@71.187C VDD_IN 23197mW/23134mW VDD_CPU_GPU_CV 9896mW/9863mW VDD_SOC 6150mW/6111mW
08-04-2026 11:53:54 RAM 3725/7620MB (lfb 35x1MB) SWAP 2411/12002MB (cached 119MB) CPU [0%@1728,18%@1728,9%@1728,0%@1728,20%@1728,0%@1728] GR3D_FREQ 96% cpu@71.968C soc2@70.5C soc0@70.843C gpu@73.937C tj@73.937C soc1@71.218C VDD_IN 23156mW/23134mW VDD_CPU_GPU_CV 9856mW/9863mW VDD_SOC 6110mW/6111mW
08-04-2026 11:53:55 RAM 3725/7620MB (lfb 35x1MB) SWAP 2411/12002MB (cached 119MB) CPU [0%@1728,0%@1728,0%@1728,9%@1728,0%@1728,0%@1728] GR3D_FREQ 92% cpu@71.781C soc2@70.656C soc0@70.937C gpu@74.437C tj@74.437C soc1@71.312C VDD_IN 23156mW/23134mW VDD_CPU_GPU_CV 9896mW/9863mW VDD_SOC 6110mW/6111mW
08-04-2026 11:53:55 RAM 3725/7620MB (lfb 35x1MB) SWAP 2411/12002MB (cached 119MB) CPU [9%@1728,0%@1728,0%@1728,0%@1728,0%@1728,0%@1728] GR3D_FREQ 94% cpu@71.812C soc2@70.562C soc0@71.031C gpu@74.093C tj@74.093C soc1@71.406C VDD_IN 23116mW/23134mW VDD_CPU_GPU_CV 9896mW/9863mW VDD_SOC 6110mW/6111mW
08-04-2026 11:53:55 RAM 3725/7620MB (lfb 35x1MB) SWAP 2411/12002MB (cached 119MB) CPU [9%@1728,9%@1728,0%@1728,0%@1728,27%@1728,0%@1728] GR3D_FREQ 94% cpu@71.843C soc2@70.562C soc0@70.781C gpu@74.031C tj@74.031C soc1@71.125C VDD_IN 23116mW/23134mW VDD_CPU_GPU_CV 9896mW/9863mW VDD_SOC 6110mW/6111mW
08-04-2026 11:53:55 RAM 3725/7620MB (lfb 35x1MB) SWAP 2411/12002MB (cached 119MB) CPU [0%@1728,0%@1728,0%@1728,0%@1728,25%@1728,0%@1728] GR3D_FREQ 94% cpu@72.125C soc2@70.562C soc0@70.843C gpu@74.312C tj@74.312C soc1@71.312C VDD_IN 23116mW/23134mW VDD_CPU_GPU_CV 9896mW/9864mW VDD_SOC 6150mW/6111mW
08-04-2026 11:53:55 RAM 3725/7620MB (lfb 35x1MB) SWAP 2411/12002MB (cached 119MB) CPU [0%@1728,0%@1728,0%@1728,0%@1728,20%@1728,0%@1728] GR3D_FREQ 94% cpu@71.781C soc2@70.562C soc0@70.843C gpu@74.187C tj@74.187C soc1@71.406C VDD_IN 23197mW/23135mW VDD_CPU_GPU_CV 9896mW/9864mW VDD_SOC 6150mW/6111mW
08-04-2026 11:53:55 RAM 3725/7620MB (lfb 35x1MB) SWAP 2411/12002MB (cached 119MB) CPU [9%@1728,0%@1728,0%@1728,0%@1728,16%@1728,9%@1728] GR3D_FREQ 96% cpu@71.812C soc2@70.656C soc0@71.031C gpu@73.968C tj@73.968C soc1@71.5C VDD_IN 23156mW/23135mW VDD_CPU_GPU_CV 9896mW/9864mW VDD_SOC 6110mW/6111mW
08-04-2026 11:53:55 RAM 3725/7620MB (lfb 35x1MB) SWAP 2411/12002MB (cached 119MB) CPU [0%@1728,0%@1728,0%@1728,0%@1728,0%@1728,27%@1728] GR3D_FREQ 96% cpu@71.875C soc2@70.5C soc0@70.781C gpu@73.937C tj@73.937C soc1@71.218C VDD_IN 23197mW/23135mW VDD_CPU_GPU_CV 9856mW/9864mW VDD_SOC 6110mW/6111mW
08-04-2026 11:53:55 RAM 3725/7620MB (lfb 35x1MB) SWAP 2411/12002MB (cached 119MB) CPU [8%@1728,0%@1728,0%@1728,0%@1728,0%@1728,18%@1728] GR3D_FREQ 94% cpu@72.031C soc2@70.593C soc0@70.843C gpu@74.093C tj@74.093C soc1@71.187C VDD_IN 23237mW/23135mW VDD_CPU_GPU_CV 9896mW/9864mW VDD_SOC 6150mW/6111mW
08-04-2026 11:53:55 RAM 3726/7620MB (lfb 35x1MB) SWAP 2411/12002MB (cached 119MB) CPU [10%@1728,25%@1728,16%@1728,9%@1728,8%@1728,20%@1728] GR3D_FREQ 95% cpu@71.875C soc2@70.625C soc0@70.906C gpu@74C tj@74C soc1@71.375C VDD_IN 23156mW/23135mW VDD_CPU_GPU_CV 9856mW/9864mW VDD_SOC 6110mW/6111mW
08-04-2026 11:53:56 RAM 3727/7620MB (lfb 35x1MB) SWAP 2411/12002MB (cached 119MB) CPU [10%@1728,18%@1728,10%@1728,10%@1728,9%@1728,25%@1728] GR3D_FREQ 93% cpu@71.843C soc2@70.625C soc0@71.187C gpu@73.937C tj@73.937C soc1@71.437C VDD_IN 23116mW/23135mW VDD_CPU_GPU_CV 9936mW/9864mW VDD_SOC 6150mW/6111mW
08-04-2026 11:53:56 RAM 3727/7620MB (lfb 35x1MB) SWAP 2411/12002MB (cached 119MB) CPU [0%@1728,0%@1728,0%@1728,0%@1728,0%@1728,27%@1728] GR3D_FREQ 96% cpu@71.812C soc2@70.625C soc0@70.843C gpu@73.843C tj@73.843C soc1@71.25C VDD_IN 23116mW/23135mW VDD_CPU_GPU_CV 9856mW/9864mW VDD_SOC 6150mW/6112mW
08-04-2026 11:53:56 RAM 3727/7620MB (lfb 35x1MB) SWAP 2411/12002MB (cached 119MB) CPU [9%@1728,0%@1728,9%@1728,9%@1728,0%@1728,0%@1728] GR3D_FREQ 96% cpu@71.843C soc2@70.562C soc0@70.937C gpu@74.406C tj@74.406C soc1@71.281C VDD_IN 23197mW/23136mW VDD_CPU_GPU_CV 9896mW/9864mW VDD_SOC 6150mW/6112mW
08-04-2026 11:53:56 RAM 3727/7620MB (lfb 35x1MB) SWAP 2411/12002MB (cached 119MB) CPU [9%@1728,0%@1728,0%@1728,0%@1728,0%@1728,0%@1728] GR3D_FREQ 96% cpu@71.875C soc2@70.593C soc0@70.937C gpu@74C tj@74C soc1@71.437C VDD_IN 23156mW/23136mW VDD_CPU_GPU_CV 9856mW/9864mW VDD_SOC 6150mW/6112mW
08-04-2026 11:53:56 RAM 3727/7620MB (lfb 35x1MB) SWAP 2411/12002MB (cached 119MB) CPU [0%@1728,0%@1728,0%@1728,0%@1728,0%@1728,11%@1728] GR3D_FREQ 96% cpu@71.875C soc2@70.75C soc0@71.062C gpu@73.968C tj@73.968C soc1@71.25C VDD_IN 23156mW/23136mW VDD_CPU_GPU_CV 9896mW/9865mW VDD_SOC 6150mW/6112mW
08-04-2026 11:53:56 RAM 3727/7620MB (lfb 35x1MB) SWAP 2411/12002MB (cached 119MB) CPU [0%@1728,0%@1728,0%@1728,0%@1728,0%@1728,25%@1728] GR3D_FREQ 96% cpu@71.906C soc2@70.562C soc0@70.906C gpu@74.312C tj@74.312C soc1@71.187C VDD_IN 23156mW/23136mW VDD_CPU_GPU_CV 9856mW/9865mW VDD_SOC 6150mW/6112mW
08-04-2026 11:53:56 RAM 3727/7620MB (lfb 35x1MB) SWAP 2411/12002MB (cached 119MB) CPU [0%@1728,16%@1728,9%@1728,0%@1728,9%@1728,20%@1728] GR3D_FREQ 95% cpu@71.812C soc2@70.656C soc0@70.875C gpu@73.968C tj@73.968C soc1@71.312C VDD_IN 23156mW/23136mW VDD_CPU_GPU_CV 9896mW/9865mW VDD_SOC 6150mW/6113mW
08-04-2026 11:53:56 RAM 3727/7620MB (lfb 35x1MB) SWAP 2411/12002MB (cached 119MB) CPU [0%@1728,0%@1728,0%@1728,9%@1728,0%@1728,25%@1728] GR3D_FREQ 96% cpu@71.75C soc2@70.625C soc0@70.968C gpu@73.906C tj@73.906C soc1@71.343C VDD_IN 23156mW/23136mW VDD_CPU_GPU_CV 9896mW/9865mW VDD_SOC 6150mW/6113mW
08-04-2026 11:53:56 RAM 3727/7620MB (lfb 35x1MB) SWAP 2411/12002MB (cached 119MB) CPU [0%@1728,9%@1728,0%@1728,0%@1728,0%@1728,25%@1728] GR3D_FREQ 96% cpu@72.093C soc2@70.687C soc0@71.031C gpu@74.343C tj@74.343C soc1@71.187C VDD_IN 23156mW/23136mW VDD_CPU_GPU_CV 9896mW/9865mW VDD_SOC 6150mW/6113mW
08-04-2026 11:53:56 RAM 3727/7620MB (lfb 35x1MB) SWAP 2411/12002MB (cached 119MB) CPU [0%@1728,9%@1728,9%@1728,27%@1728,9%@1728,11%@1728] GR3D_FREQ 96% cpu@71.812C soc2@70.562C soc0@70.843C gpu@74.125C tj@74.125C soc1@71.25C VDD_IN 23116mW/23136mW VDD_CPU_GPU_CV 9896mW/9865mW VDD_SOC 6110mW/6113mW
08-04-2026 11:53:57 RAM 3727/7620MB (lfb 35x1MB) SWAP 2411/12002MB (cached 119MB) CPU [8%@1728,0%@1728,9%@1728,9%@1728,0%@1728,18%@1728] GR3D_FREQ 96% cpu@71.812C soc2@70.656C soc0@70.937C gpu@73.843C tj@73.843C soc1@71.343C VDD_IN 23156mW/23136mW VDD_CPU_GPU_CV 9896mW/9865mW VDD_SOC 6110mW/6113mW
08-04-2026 11:53:57 RAM 3727/7620MB (lfb 35x1MB) SWAP 2411/12002MB (cached 119MB) CPU [0%@1728,0%@1728,0%@1728,0%@1728,0%@1728,18%@1728] GR3D_FREQ 96% cpu@71.812C soc2@70.562C soc0@70.906C gpu@74.281C tj@74.281C soc1@71.375C VDD_IN 23116mW/23136mW VDD_CPU_GPU_CV 9896mW/9865mW VDD_SOC 6150mW/6113mW
08-04-2026 11:53:57 RAM 3727/7620MB (lfb 35x1MB) SWAP 2411/12002MB (cached 119MB) CPU [9%@1728,0%@1728,9%@1728,0%@1728,0%@1728,33%@1728] GR3D_FREQ 94% cpu@72.031C soc2@70.75C soc0@71.093C gpu@74.031C tj@74.031C soc1@71.406C VDD_IN 23116mW/23136mW VDD_CPU_GPU_CV 9896mW/9865mW VDD_SOC 6110mW/6113mW
08-04-2026 11:53:57 RAM 3727/7620MB (lfb 35x1MB) SWAP 2411/12002MB (cached 119MB) CPU [0%@1728,0%@1728,0%@1728,0%@1728,0%@1728,18%@1728] GR3D_FREQ 96% cpu@72.218C soc2@70.593C soc0@70.812C gpu@74.031C tj@74.031C soc1@71.187C VDD_IN 23156mW/23136mW VDD_CPU_GPU_CV 9936mW/9866mW VDD_SOC 6110mW/6113mW
08-04-2026 11:53:57 RAM 3727/7620MB (lfb 35x1MB) SWAP 2411/12002MB (cached 119MB) CPU [0%@1728,0%@1728,0%@1728,0%@1728,0%@1728,27%@1728] GR3D_FREQ 96% cpu@71.718C soc2@70.656C soc0@70.906C gpu@74.218C tj@74.218C soc1@71.156C VDD_IN 23116mW/23136mW VDD_CPU_GPU_CV 9896mW/9866mW VDD_SOC 6110mW/6113mW
08-04-2026 11:53:57 RAM 3727/7620MB (lfb 35x1MB) SWAP 2411/12002MB (cached 119MB) CPU [0%@1728,0%@1728,9%@1728,0%@1728,0%@1728,25%@1728] GR3D_FREQ 96% cpu@71.843C soc2@70.687C soc0@70.906C gpu@74.187C tj@74.187C soc1@71.312C VDD_IN 23156mW/23136mW VDD_CPU_GPU_CV 9896mW/9866mW VDD_SOC 6150mW/6113mW
08-04-2026 11:53:57 RAM 3727/7620MB (lfb 35x1MB) SWAP 2411/12002MB (cached 119MB) CPU [0%@1728,0%@1728,0%@1728,0%@1728,9%@1728,20%@1728] GR3D_FREQ 96% cpu@72.031C soc2@70.718C soc0@71.031C gpu@74.062C tj@74.062C soc1@71.125C VDD_IN 23156mW/23136mW VDD_CPU_GPU_CV 9896mW/9866mW VDD_SOC 6150mW/6113mW
08-04-2026 11:53:57 RAM 3727/7620MB (lfb 35x1MB) SWAP 2411/12002MB (cached 119MB) CPU [9%@1728,0%@1728,0%@1728,15%@1728,0%@1728,25%@1728] GR3D_FREQ 96% cpu@72.062C soc2@70.562C soc0@70.812C gpu@73.968C tj@73.968C soc1@71.25C VDD_IN 23156mW/23136mW VDD_CPU_GPU_CV 9856mW/9866mW VDD_SOC 6110mW/6113mW
08-04-2026 11:53:57 RAM 3727/7620MB (lfb 35x1MB) SWAP 2411/12002MB (cached 119MB) CPU [9%@1728,25%@1728,0%@1728,0%@1728,0%@1728,25%@1728] GR3D_FREQ 96% cpu@71.812C soc2@70.562C soc0@70.812C gpu@74.062C tj@74.062C soc1@71.218C VDD_IN 23197mW/23136mW VDD_CPU_GPU_CV 9896mW/9866mW VDD_SOC 6110mW/6113mW
08-04-2026 11:53:58 RAM 3727/7620MB (lfb 35x1MB) SWAP 2411/12002MB (cached 119MB) CPU [0%@1728,0%@1728,9%@1728,9%@1728,0%@1728,20%@1728] GR3D_FREQ 96% cpu@71.937C soc2@70.625C soc0@70.968C gpu@74C tj@74C soc1@71.343C VDD_IN 23116mW/23136mW VDD_CPU_GPU_CV 9896mW/9866mW VDD_SOC 6110mW/6113mW
08-04-2026 11:53:58 RAM 3727/7620MB (lfb 35x1MB) SWAP 2411/12002MB (cached 119MB) CPU [0%@1728,0%@1728,9%@1728,0%@1728,9%@1728,25%@1728] GR3D_FREQ 94% cpu@71.937C soc2@70.562C soc0@70.75C gpu@73.812C tj@73.812C soc1@71.125C VDD_IN 23036mW/23136mW VDD_CPU_GPU_CV 9856mW/9866mW VDD_SOC 6110mW/6113mW
08-04-2026 11:53:58 RAM 3728/7620MB (lfb 35x1MB) SWAP 2411/12002MB (cached 119MB) CPU [10%@1728,0%@1728,16%@1728,18%@1728,0%@1728,20%@1728] GR3D_FREQ 94% cpu@72.281C soc2@70.593C soc0@70.812C gpu@73.843C tj@73.843C soc1@71.218C VDD_IN 23116mW/23136mW VDD_CPU_GPU_CV 9896mW/9866mW VDD_SOC 6110mW/6113mW
08-04-2026 11:53:58 RAM 3733/7620MB (lfb 35x1MB) SWAP 2411/12002MB (cached 119MB) CPU [18%@1728,10%@1728,66%@1728,18%@1728,0%@1728,10%@1728] GR3D_FREQ 94% cpu@72.218C soc2@70.531C soc0@70.781C gpu@74.281C tj@74.281C soc1@71.25C VDD_IN 23277mW/23136mW VDD_CPU_GPU_CV 9975mW/9867mW VDD_SOC 6110mW/6113mW
08-04-2026 11:53:58 RAM 3741/7620MB (lfb 35x1MB) SWAP 2411/12002MB (cached 119MB) CPU [0%@1728,0%@1728,25%@1728,70%@1728,9%@1728,11%@1728] GR3D_FREQ 96% cpu@72.187C soc2@70.656C soc0@70.937C gpu@73.875C tj@73.875C soc1@71.312C VDD_IN 23317mW/23137mW VDD_CPU_GPU_CV 10094mW/9868mW VDD_SOC 6110mW/6113mW
08-04-2026 11:53:58 RAM 3732/7620MB (lfb 35x1MB) SWAP 2411/12002MB (cached 119MB) CPU [45%@1728,10%@1728,60%@1728,0%@1728,0%@1728,18%@1728] GR3D_FREQ 94% cpu@72.375C soc2@70.75C soc0@70.75C gpu@73.75C tj@73.75C soc1@71.125C VDD_IN 23357mW/23138mW VDD_CPU_GPU_CV 10094mW/9869mW VDD_SOC 6110mW/6113mW
08-04-2026 11:53:58 RAM 3733/7620MB (lfb 35x1MB) SWAP 2411/12002MB (cached 119MB) CPU [30%@1728,10%@1728,80%@1728,18%@1728,10%@1728,20%@1728] GR3D_FREQ 93% cpu@72.718C soc2@70.687C soc0@70.843C gpu@74.218C tj@74.218C soc1@71.187C VDD_IN 23477mW/23140mW VDD_CPU_GPU_CV 10158mW/9870mW VDD_SOC 6100mW/6113mW
08-04-2026 11:53:58 RAM 3733/7620MB (lfb 35x1MB) SWAP 2411/12002MB (cached 119MB) CPU [9%@1728,9%@1728,63%@1728,0%@1728,0%@1728,27%@1728] GR3D_FREQ 96% cpu@72.312C soc2@70.593C soc0@70.875C gpu@74C tj@74C soc1@71.218C VDD_IN 23437mW/23141mW VDD_CPU_GPU_CV 10158mW/9871mW VDD_SOC 6100mW/6113mW
08-04-2026 11:53:58 RAM 3734/7620MB (lfb 35x1MB) SWAP 2411/12002MB (cached 119MB) CPU [20%@1728,18%@1728,100%@1728,0%@1728,9%@1728,33%@1728] GR3D_FREQ 93% cpu@72.468C soc2@70.718C soc0@70.968C gpu@74C tj@74C soc1@71.406C VDD_IN 23400mW/23142mW VDD_CPU_GPU_CV 10277mW/9873mW VDD_SOC 6110mW/6113mW
08-04-2026 11:53:59 RAM 3734/7620MB (lfb 35x1MB) SWAP 2411/12002MB (cached 119MB) CPU [18%@1728,0%@1728,9%@1728,36%@1728,9%@1728,20%@1728] GR3D_FREQ 96% cpu@71.968C soc2@70.656C soc0@70.781C gpu@73.875C tj@73.875C soc1@71.218C VDD_IN 23357mW/23143mW VDD_CPU_GPU_CV 10174mW/9874mW VDD_SOC 6070mW/6113mW
08-04-2026 11:53:59 RAM 3734/7620MB (lfb 35x1MB) SWAP 2411/12002MB (cached 119MB) CPU [0%@1728,0%@1728,0%@1728,9%@1728,0%@1728,10%@1728] GR3D_FREQ 96% cpu@71.781C soc2@70.625C soc0@70.812C gpu@74.125C tj@74.125C soc1@71.156C VDD_IN 23317mW/23143mW VDD_CPU_GPU_CV 10134mW/9875mW VDD_SOC 6110mW/6113mW
08-04-2026 11:53:59 RAM 3735/7620MB (lfb 35x1MB) SWAP 2411/12002MB (cached 119MB) CPU [0%@1728,0%@1728,20%@1728,10%@1728,0%@1728,33%@1728] GR3D_FREQ 95% cpu@72.062C soc2@70.625C soc0@70.906C gpu@73.937C tj@73.937C soc1@71.281C VDD_IN 23277mW/23144mW VDD_CPU_GPU_CV 10055mW/9876mW VDD_SOC 6110mW/6113mW
08-04-2026 11:53:59 RAM 3721/7620MB (lfb 35x1MB) SWAP 2411/12002MB (cached 119MB) CPU [9%@1728,18%@1728,18%@1728,63%@1728,0%@1728,20%@1728] GR3D_FREQ 93% cpu@72.187C soc2@70.656C soc0@70.781C gpu@73.906C tj@73.906C soc1@71.156C VDD_IN 23317mW/23145mW VDD_CPU_GPU_CV 10094mW/9877mW VDD_SOC 6110mW/6113mW
08-04-2026 11:53:59 RAM 3721/7620MB (lfb 35x1MB) SWAP 2411/12002MB (cached 119MB) CPU [0%@1728,9%@1728,8%@1728,0%@1728,0%@1728,25%@1728] GR3D_FREQ 96% cpu@71.781C soc2@70.625C soc0@70.812C gpu@73.75C tj@73.75C soc1@71.187C VDD_IN 23317mW/23145mW VDD_CPU_GPU_CV 10055mW/9878mW VDD_SOC 6110mW/6113mW
08-04-2026 11:53:59 RAM 3721/7620MB (lfb 35x1MB) SWAP 2411/12002MB (cached 119MB) CPU [9%@1728,0%@1728,0%@1728,0%@1728,0%@1728,25%@1728] GR3D_FREQ 94% cpu@71.75C soc2@70.593C soc0@70.875C gpu@74.312C tj@74.312C soc1@71.312C VDD_IN 23317mW/23146mW VDD_CPU_GPU_CV 10015mW/9878mW VDD_SOC 6110mW/6113mW
08-04-2026 11:53:59 RAM 3721/7620MB (lfb 35x1MB) SWAP 2411/12002MB (cached 119MB) CPU [10%@1728,0%@1728,0%@1728,0%@1728,0%@1728,27%@1728] GR3D_FREQ 94% cpu@72C soc2@70.687C soc0@70.937C gpu@74.093C tj@74.093C soc1@71.437C VDD_IN 23277mW/23147mW VDD_CPU_GPU_CV 10015mW/9879mW VDD_SOC 6110mW/6113mW
08-04-2026 11:53:59 RAM 3723/7620MB (lfb 35x1MB) SWAP 2411/12002MB (cached 119MB) CPU [30%@1728,16%@1728,20%@1728,9%@1728,9%@1728,20%@1728] GR3D_FREQ 96% cpu@72.125C soc2@70.593C soc0@70.843C gpu@73.781C tj@74C soc1@71.25C VDD_IN 23317mW/23147mW VDD_CPU_GPU_CV 10055mW/9879mW VDD_SOC 6110mW/6113mW
08-04-2026 11:53:59 RAM 3723/7620MB (lfb 35x1MB) SWAP 2411/12002MB (cached 119MB) CPU [0%@1728,54%@1728,0%@1728,0%@1728,0%@1728,25%@1728] GR3D_FREQ 95% cpu@71.781C soc2@70.625C soc0@70.781C gpu@74.281C tj@74.281C soc1@71.25C VDD_IN 23357mW/23148mW VDD_CPU_GPU_CV 10055mW/9880mW VDD_SOC 6110mW/6113mW
08-04-2026 11:53:59 RAM 3725/7620MB (lfb 35x1MB) SWAP 2411/12002MB (cached 119MB) CPU [20%@1728,33%@1728,36%@1728,10%@1728,16%@1728,20%@1728] GR3D_FREQ 92% cpu@72.187C soc2@70.656C soc0@70.906C gpu@74C tj@74C soc1@71.437C VDD_IN 23397mW/23149mW VDD_CPU_GPU_CV 10094mW/9881mW VDD_SOC 6100mW/6113mW
08-04-2026 11:54:00 RAM 3725/7620MB (lfb 35x1MB) SWAP 2411/12002MB (cached 119MB) CPU [30%@1728,25%@1728,18%@1728,9%@1728,16%@1728,20%@1728] GR3D_FREQ 93% cpu@72.031C soc2@70.75C soc0@70.812C gpu@73.968C tj@73.968C soc1@71.187C VDD_IN 23237mW/23150mW VDD_CPU_GPU_CV 10015mW/9882mW VDD_SOC 6070mW/6113mW
08-04-2026 11:54:00 RAM 3725/7620MB (lfb 35x1MB) SWAP 2411/12002MB (cached 119MB) CPU [16%@1728,0%@1728,90%@1728,0%@1728,0%@1728,25%@1728] GR3D_FREQ 96% cpu@72.781C soc2@70.625C soc0@70.75C gpu@73.875C tj@73.875C soc1@71.187C VDD_IN 23197mW/23150mW VDD_CPU_GPU_CV 10055mW/9882mW VDD_SOC 6070mW/6112mW
08-04-2026 11:54:00 RAM 3726/7620MB (lfb 35x1MB) SWAP 2411/12002MB (cached 119MB) CPU [0%@1728,0%@1728,54%@1728,0%@1728,9%@1728,20%@1728] GR3D_FREQ 95% cpu@72C soc2@70.687C soc0@70.843C gpu@73.906C tj@73.906C soc1@71.281C VDD_IN 23277mW/23150mW VDD_CPU_GPU_CV 10134mW/9883mW VDD_SOC 6070mW/6112mW
08-04-2026 11:54:00 RAM 3726/7620MB (lfb 35x1MB) SWAP 2411/12002MB (cached 119MB) CPU [8%@1728,0%@1728,0%@1728,0%@1728,0%@1728,27%@1728] GR3D_FREQ 91% cpu@71.875C soc2@70.687C soc0@71.031C gpu@74.343C tj@74.343C soc1@71.531C VDD_IN 23237mW/23151mW VDD_CPU_GPU_CV 10055mW/9884mW VDD_SOC 6110mW/6112mW
08-04-2026 11:54:00 RAM 3726/7620MB (lfb 35x1MB) SWAP 2411/12002MB (cached 119MB) CPU [0%@1728,0%@1728,0%@1728,0%@1728,0%@1728,25%@1728] GR3D_FREQ 96% cpu@71.937C soc2@70.656C soc0@70.781C gpu@73.937C tj@73.937C soc1@71.218C VDD_IN 23237mW/23151mW VDD_CPU_GPU_CV 9975mW/9884mW VDD_SOC 6110mW/6112mW
08-04-2026 11:54:00 RAM 3726/7620MB (lfb 35x1MB) SWAP 2411/12002MB (cached 119MB) CPU [0%@1728,0%@1728,0%@1728,9%@1728,9%@1728,18%@1728] GR3D_FREQ 93% cpu@72C soc2@70.656C soc0@70.812C gpu@73.906C tj@73.906C soc1@71.25C VDD_IN 23237mW/23151mW VDD_CPU_GPU_CV 9975mW/9885mW VDD_SOC 6110mW/6112mW
08-04-2026 11:54:00 RAM 3726/7620MB (lfb 35x1MB) SWAP 2411/12002MB (cached 119MB) CPU [0%@1728,0%@1728,0%@1728,8%@1728,9%@1728,27%@1728] GR3D_FREQ 96% cpu@71.812C soc2@70.625C soc0@70.906C gpu@74.281C tj@74.281C soc1@71.343C VDD_IN 23237mW/23152mW VDD_CPU_GPU_CV 9936mW/9885mW VDD_SOC 6110mW/6112mW
08-04-2026 11:54:00 RAM 3726/7620MB (lfb 35x1MB) SWAP 2411/12002MB (cached 119MB) CPU [0%@1728,0%@1728,0%@1728,0%@1728,10%@1728,0%@1728] GR3D_FREQ 96% cpu@71.843C soc2@70.718C soc0@71C gpu@74.125C tj@74.125C soc1@71.437C VDD_IN 23237mW/23152mW VDD_CPU_GPU_CV 9936mW/9885mW VDD_SOC 6110mW/6112mW
08-04-2026 11:54:00 RAM 3726/7620MB (lfb 35x1MB) SWAP 2411/12002MB (cached 119MB) CPU [0%@1728,0%@1728,0%@1728,0%@1728,20%@1728,16%@1728] GR3D_FREQ 95% cpu@71.843C soc2@70.562C soc0@70.875C gpu@74C tj@74C soc1@71.156C VDD_IN 23237mW/23152mW VDD_CPU_GPU_CV 9896mW/9885mW VDD_SOC 6110mW/6112mW
08-04-2026 11:54:01 RAM 3726/7620MB (lfb 35x1MB) SWAP 2411/12002MB (cached 119MB) CPU [10%@1728,0%@1728,0%@1728,33%@1728,10%@1728,0%@1728] GR3D_FREQ 94% cpu@71.812C soc2@70.625C soc0@70.843C gpu@74.25C tj@74.25C soc1@71.187C VDD_IN 23116mW/23152mW VDD_CPU_GPU_CV 9896mW/9885mW VDD_SOC 6110mW/6112mW
08-04-2026 11:54:01 RAM 3726/7620MB (lfb 35x1MB) SWAP 2411/12002MB (cached 119MB) CPU [15%@1728,9%@1728,0%@1728,0%@1728,11%@1728,0%@1728] GR3D_FREQ 94% cpu@71.906C soc2@70.625C soc0@70.906C gpu@74.093C tj@74.093C soc1@71.375C VDD_IN 23156mW/23152mW VDD_CPU_GPU_CV 9936mW/9885mW VDD_SOC 6110mW/6112mW
08-04-2026 11:54:01 RAM 3726/7620MB (lfb 35x1MB) SWAP 2411/12002MB (cached 119MB) CPU [0%@1728,9%@1728,0%@1728,0%@1728,18%@1728,0%@1728] GR3D_FREQ 92% cpu@72.125C soc2@70.718C soc0@70.937C gpu@74.031C tj@74.031C soc1@71.156C VDD_IN 23156mW/23152mW VDD_CPU_GPU_CV 9896mW/9885mW VDD_SOC 6110mW/6112mW
08-04-2026 11:54:01 RAM 3726/7620MB (lfb 35x1MB) SWAP 2411/12002MB (cached 119MB) CPU [0%@1728,0%@1728,0%@1728,0%@1728,27%@1728,8%@1728] GR3D_FREQ 94% cpu@71.812C soc2@70.593C soc0@70.812C gpu@74C tj@74C soc1@71.25C VDD_IN 23156mW/23152mW VDD_CPU_GPU_CV 9896mW/9885mW VDD_SOC 6110mW/6112mW
08-04-2026 11:54:01 RAM 3726/7620MB (lfb 35x1MB) SWAP 2411/12002MB (cached 119MB) CPU [0%@1728,9%@1728,0%@1728,0%@1728,25%@1728,0%@1728] GR3D_FREQ 95% cpu@71.75C soc2@70.593C soc0@70.843C gpu@74.093C tj@74.093C soc1@71.25C VDD_IN 23197mW/23152mW VDD_CPU_GPU_CV 9896mW/9885mW VDD_SOC 6110mW/6112mW
08-04-2026 11:54:01 RAM 3726/7620MB (lfb 35x1MB) SWAP 2411/12002MB (cached 119MB) CPU [0%@1728,0%@1728,0%@1728,9%@1728,20%@1728,0%@1728] GR3D_FREQ 96% cpu@71.75C soc2@70.625C soc0@70.937C gpu@74.031C tj@74.031C soc1@71.281C VDD_IN 23237mW/23153mW VDD_CPU_GPU_CV 9896mW/9885mW VDD_SOC 6110mW/6112mW
08-04-2026 11:54:01 RAM 3726/7620MB (lfb 35x1MB) SWAP 2411/12002MB (cached 119MB) CPU [0%@1728,0%@1728,9%@1728,0%@1728,25%@1728,9%@1728] GR3D_FREQ 96% cpu@72C soc2@70.718C soc0@70.812C gpu@73.906C tj@73.906C soc1@71.093C VDD_IN 23237mW/23153mW VDD_CPU_GPU_CV 9856mW/9885mW VDD_SOC 6110mW/6112mW
08-04-2026 11:54:01 RAM 3726/7620MB (lfb 35x1MB) SWAP 2411/12002MB (cached 119MB) CPU [0%@1728,0%@1728,0%@1728,9%@1728,25%@1728,0%@1728] GR3D_FREQ 96% cpu@71.656C soc2@70.593C soc0@70.875C gpu@73.937C tj@73.937C soc1@71.187C VDD_IN 23237mW/23153mW VDD_CPU_GPU_CV 9896mW/9885mW VDD_SOC 6110mW/6112mW
08-04-2026 11:54:01 RAM 3726/7620MB (lfb 35x1MB) SWAP 2411/12002MB (cached 119MB) CPU [0%@1728,0%@1728,0%@1728,0%@1728,20%@1728,0%@1728] GR3D_FREQ 96% cpu@71.75C soc2@70.593C soc0@70.843C gpu@73.968C tj@73.968C soc1@71.25C VDD_IN 23237mW/23154mW VDD_CPU_GPU_CV 9896mW/9885mW VDD_SOC 6110mW/6112mW
08-04-2026 11:54:01 RAM 3726/7620MB (lfb 35x1MB) SWAP 2411/12002MB (cached 119MB) CPU [10%@1728,9%@1728,0%@1728,0%@1728,25%@1728,0%@1728] GR3D_FREQ 96% cpu@71.812C soc2@70.687C soc0@70.812C gpu@73.906C tj@73.906C soc1@71.312C VDD_IN 23237mW/23154mW VDD_CPU_GPU_CV 9936mW/9886mW VDD_SOC 6150mW/6112mW
08-04-2026 11:54:02 RAM 3726/7620MB (lfb 35x1MB) SWAP 2411/12002MB (cached 119MB) CPU [18%@1728,9%@1728,0%@1728,16%@1728,0%@1728,27%@1728] GR3D_FREQ 96% cpu@72.093C soc2@70.687C soc0@71.062C gpu@73.781C tj@73.781C soc1@71.187C VDD_IN 23156mW/23154mW VDD_CPU_GPU_CV 9896mW/9886mW VDD_SOC 6110mW/6112mW
08-04-2026 11:54:02 RAM 3726/7620MB (lfb 35x1MB) SWAP 2411/12002MB (cached 119MB) CPU [0%@1728,9%@1728,0%@1728,9%@1728,0%@1728,18%@1728] GR3D_FREQ 96% cpu@72.187C soc2@70.562C soc0@70.812C gpu@74.281C tj@74.281C soc1@71.125C VDD_IN 23197mW/23154mW VDD_CPU_GPU_CV 9896mW/9886mW VDD_SOC 6110mW/6112mW
08-04-2026 11:54:02 RAM 3726/7620MB (lfb 35x1MB) SWAP 2411/12002MB (cached 119MB) CPU [0%@1728,0%@1728,9%@1728,0%@1728,8%@1728,20%@1728] GR3D_FREQ 93% cpu@71.687C soc2@70.687C soc0@70.812C gpu@73.75C tj@73.75C soc1@71.218C VDD_IN 23116mW/23154mW VDD_CPU_GPU_CV 9856mW/9886mW VDD_SOC 6110mW/6112mW
08-04-2026 11:54:02 RAM 3726/7620MB (lfb 35x1MB) SWAP 2411/12002MB (cached 119MB) CPU [0%@1728,9%@1728,0%@1728,8%@1728,0%@1728,0%@1728] GR3D_FREQ 94% cpu@71.812C soc2@70.625C soc0@70.968C gpu@73.812C tj@73.812C soc1@71.25C VDD_IN 23197mW/23154mW VDD_CPU_GPU_CV 9856mW/9885mW VDD_SOC 6110mW/6112mW
08-04-2026 11:54:02 RAM 3726/7620MB (lfb 35x1MB) SWAP 2411/12002MB (cached 119MB) CPU [9%@1728,9%@1728,0%@1728,40%@1728,0%@1728,20%@1728] GR3D_FREQ 95% cpu@72.187C soc2@70.656C soc0@70.75C gpu@74.125C tj@74.125C soc1@71.093C VDD_IN 23237mW/23154mW VDD_CPU_GPU_CV 9896mW/9885mW VDD_SOC 6110mW/6112mW
08-04-2026 11:54:02 RAM 3726/7620MB (lfb 35x1MB) SWAP 2411/12002MB (cached 119MB) CPU [0%@1728,9%@1728,0%@1728,0%@1728,0%@1728,25%@1728] GR3D_FREQ 96% cpu@71.968C soc2@70.593C soc0@70.843C gpu@74C tj@74C soc1@71.218C VDD_IN 23237mW/23155mW VDD_CPU_GPU_CV 9896mW/9886mW VDD_SOC 6110mW/6112mW
08-04-2026 11:54:02 RAM 3726/7620MB (lfb 35x1MB) SWAP 2411/12002MB (cached 119MB) CPU [0%@1728,0%@1728,0%@1728,0%@1728,9%@1728,27%@1728] GR3D_FREQ 96% cpu@71.781C soc2@70.593C soc0@70.937C gpu@73.843C tj@73.937C soc1@71.218C VDD_IN 23237mW/23155mW VDD_CPU_GPU_CV 9896mW/9886mW VDD_SOC 6150mW/6112mW
08-04-2026 11:54:02 RAM 3726/7620MB (lfb 35x1MB) SWAP 2411/12002MB (cached 119MB) CPU [0%@1728,0%@1728,0%@1728,0%@1728,0%@1728,18%@1728] GR3D_FREQ 94% cpu@71.843C soc2@70.593C soc0@70.843C gpu@74.093C tj@74.093C soc1@71.406C VDD_IN 23277mW/23155mW VDD_CPU_GPU_CV 9896mW/9886mW VDD_SOC 6150mW/6112mW
08-04-2026 11:54:02 RAM 3726/7620MB (lfb 35x1MB) SWAP 2411/12002MB (cached 119MB) CPU [0%@1728,16%@1728,25%@1728,0%@1728,0%@1728,18%@1728] GR3D_FREQ 94% cpu@71.968C soc2@70.562C soc0@70.781C gpu@74C tj@74C soc1@71.062C VDD_IN 23277mW/23156mW VDD_CPU_GPU_CV 9936mW/9886mW VDD_SOC 6150mW/6113mW
08-04-2026 11:54:03 RAM 3726/7620MB (lfb 35x1MB) SWAP 2411/12002MB (cached 119MB) CPU [9%@1728,0%@1728,0%@1728,18%@1728,0%@1728,20%@1728] GR3D_FREQ 93% cpu@72.062C soc2@70.5C soc0@70.718C gpu@73.781C tj@73.781C soc1@71.093C VDD_IN 23116mW/23156mW VDD_CPU_GPU_CV 9856mW/9886mW VDD_SOC 6110mW/6113mW
08-04-2026 11:54:03 RAM 3726/7620MB (lfb 35x1MB) SWAP 2411/12002MB (cached 119MB) CPU [9%@1728,0%@1728,0%@1728,10%@1728,10%@1728,0%@1728] GR3D_FREQ 94% cpu@71.75C soc2@70.593C soc0@70.875C gpu@73.843C tj@73.843C soc1@71.281C VDD_IN 23156mW/23156mW VDD_CPU_GPU_CV 9896mW/9886mW VDD_SOC 6110mW/6113mW
08-04-2026 11:54:03 RAM 3726/7620MB (lfb 35x1MB) SWAP 2411/12002MB (cached 119MB) CPU [0%@1728,0%@1728,0%@1728,0%@1728,25%@1728,0%@1728] GR3D_FREQ 94% cpu@71.875C soc2@70.625C soc0@70.937C gpu@73.906C tj@73.906C soc1@71.031C VDD_IN 23116mW/23156mW VDD_CPU_GPU_CV 9816mW/9885mW VDD_SOC 6110mW/6113mW
08-04-2026 11:54:03 RAM 3726/7620MB (lfb 35x1MB) SWAP 2411/12002MB (cached 119MB) CPU [8%@1728,9%@1728,9%@1728,0%@1728,20%@1728,0%@1728] GR3D_FREQ 96% cpu@71.875C soc2@70.531C soc0@70.781C gpu@73.843C tj@73.843C soc1@71.062C VDD_IN 23116mW/23155mW VDD_CPU_GPU_CV 9856mW/9885mW VDD_SOC 6110mW/6113mW
08-04-2026 11:54:03 RAM 3726/7620MB (lfb 35x1MB) SWAP 2411/12002MB (cached 119MB) CPU [0%@1728,9%@1728,0%@1728,0%@1728,18%@1728,0%@1728] GR3D_FREQ 96% cpu@71.875C soc2@70.437C soc0@70.812C gpu@73.875C tj@73.875C soc1@71.093C VDD_IN 23116mW/23155mW VDD_CPU_GPU_CV 9856mW/9885mW VDD_SOC 6110mW/6113mW
08-04-2026 11:54:03 RAM 3726/7620MB (lfb 35x1MB) SWAP 2411/12002MB (cached 119MB) CPU [0%@1728,0%@1728,0%@1728,0%@1728,11%@1728,0%@1728] GR3D_FREQ 94% cpu@71.75C soc2@70.531C soc0@70.843C gpu@73.843C tj@73.843C soc1@71.187C VDD_IN 23156mW/23155mW VDD_CPU_GPU_CV 9896mW/9885mW VDD_SOC 6110mW/6113mW
08-04-2026 11:54:03 RAM 3726/7620MB (lfb 35x1MB) SWAP 2411/12002MB (cached 119MB) CPU [9%@1728,0%@1728,0%@1728,0%@1728,25%@1728,9%@1728] GR3D_FREQ 94% cpu@71.75C soc2@70.593C soc0@71.062C gpu@73.843C tj@73.843C soc1@71.406C VDD_IN 23197mW/23155mW VDD_CPU_GPU_CV 9856mW/9885mW VDD_SOC 6110mW/6113mW
08-04-2026 11:54:03 RAM 3726/7620MB (lfb 35x1MB) SWAP 2411/12002MB (cached 119MB) CPU [0%@1728,9%@1728,0%@1728,0%@1728,11%@1728,0%@1728] GR3D_FREQ 96% cpu@71.812C soc2@70.5C soc0@70.781C gpu@73.843C tj@73.843C soc1@71.093C VDD_IN 23237mW/23156mW VDD_CPU_GPU_CV 9896mW/9885mW VDD_SOC 6110mW/6113mW
08-04-2026 11:54:03 RAM 3726/7620MB (lfb 35x1MB) SWAP 2411/12002MB (cached 119MB) CPU [0%@1728,0%@1728,0%@1728,0%@1728,18%@1728,0%@1728] GR3D_FREQ 93% cpu@71.687C soc2@70.562C soc0@70.843C gpu@73.718C tj@73.718C soc1@71.218C VDD_IN 23156mW/23156mW VDD_CPU_GPU_CV 9896mW/9885mW VDD_SOC 6110mW/6113mW
08-04-2026 11:54:03 RAM 3726/7620MB (lfb 35x1MB) SWAP 2411/12002MB (cached 119MB) CPU [0%@1728,0%@1728,8%@1728,0%@1728,11%@1728,0%@1728] GR3D_FREQ 94% cpu@71.75C soc2@70.531C soc0@70.906C gpu@74.031C tj@74.031C soc1@71.25C VDD_IN 23237mW/23156mW VDD_CPU_GPU_CV 9896mW/9885mW VDD_SOC 6150mW/6113mW
08-04-2026 11:54:04 RAM 3726/7620MB (lfb 35x1MB) SWAP 2411/12002MB (cached 119MB) CPU [0%@1728,10%@1728,9%@1728,9%@1728,27%@1728,0%@1728] GR3D_FREQ 94% cpu@71.781C soc2@70.656C soc0@71.031C gpu@73.781C tj@73.781C soc1@71.375C VDD_IN 23116mW/23156mW VDD_CPU_GPU_CV 9856mW/9885mW VDD_SOC 6110mW/6113mW
08-04-2026 11:54:04 RAM 3726/7620MB (lfb 35x1MB) SWAP 2411/12002MB (cached 119MB) CPU [0%@1728,0%@1728,0%@1728,0%@1728,18%@1728,0%@1728] GR3D_FREQ 96% cpu@71.812C soc2@70.531C soc0@70.843C gpu@74.25C tj@74.25C soc1@71.156C VDD_IN 23156mW/23156mW VDD_CPU_GPU_CV 9856mW/9885mW VDD_SOC 6110mW/6113mW
08-04-2026 11:54:04 RAM 3726/7620MB (lfb 35x1MB) SWAP 2411/12002MB (cached 119MB) CPU [0%@1728,9%@1728,9%@1728,0%@1728,11%@1728,0%@1728] GR3D_FREQ 95% cpu@71.687C soc2@70.593C soc0@70.843C gpu@74.093C tj@74.093C soc1@71.187C VDD_IN 23116mW/23156mW VDD_CPU_GPU_CV 9856mW/9885mW VDD_SOC 6110mW/6113mW
08-04-2026 11:54:04 RAM 3726/7620MB (lfb 35x1MB) SWAP 2411/12002MB (cached 119MB) CPU [0%@1728,0%@1728,0%@1728,8%@1728,0%@1728,0%@1728] GR3D_FREQ 94% cpu@71.718C soc2@70.656C soc0@70.906C gpu@73.968C tj@73.968C soc1@71.25C VDD_IN 23197mW/23156mW VDD_CPU_GPU_CV 9896mW/9885mW VDD_SOC 6110mW/6113mW
08-04-2026 11:54:04 RAM 3726/7620MB (lfb 35x1MB) SWAP 2411/12002MB (cached 119MB) CPU [0%@1728,0%@1728,0%@1728,0%@1728,0%@1728,0%@1728] GR3D_FREQ 94% cpu@71.812C soc2@70.593C soc0@71C gpu@74.281C tj@74.281C soc1@71.125C VDD_IN 23156mW/23156mW VDD_CPU_GPU_CV 9896mW/9885mW VDD_SOC 6110mW/6113mW
08-04-2026 11:54:04 RAM 3726/7620MB (lfb 35x1MB) SWAP 2411/12002MB (cached 119MB) CPU [0%@1728,0%@1728,0%@1728,0%@1728,0%@1728,0%@1728] GR3D_FREQ 96% cpu@71.718C soc2@70.562C soc0@70.875C gpu@74.187C tj@74.187C soc1@71.156C VDD_IN 23197mW/23156mW VDD_CPU_GPU_CV 9896mW/9885mW VDD_SOC 6110mW/6113mW
08-04-2026 11:54:04 RAM 3726/7620MB (lfb 35x1MB) SWAP 2411/12002MB (cached 119MB) CPU [8%@1728,0%@1728,9%@1728,0%@1728,0%@1728,9%@1728] GR3D_FREQ 94% cpu@71.75C soc2@70.625C soc0@70.937C gpu@74.031C tj@74.031C soc1@71.281C VDD_IN 23197mW/23156mW VDD_CPU_GPU_CV 9896mW/9885mW VDD_SOC 6110mW/6113mW
08-04-2026 11:54:04 RAM 3726/7620MB (lfb 35x1MB) SWAP 2411/12002MB (cached 119MB) CPU [0%@1728,0%@1728,0%@1728,0%@1728,25%@1728,0%@1728] GR3D_FREQ 94% cpu@71.718C soc2@70.562C soc0@70.875C gpu@73.937C tj@73.937C soc1@71.312C VDD_IN 23156mW/23156mW VDD_CPU_GPU_CV 9896mW/9885mW VDD_SOC 6110mW/6113mW
08-04-2026 11:54:04 RAM 3726/7620MB (lfb 35x1MB) SWAP 2411/12002MB (cached 119MB) CPU [0%@1728,0%@1728,0%@1728,0%@1728,20%@1728,0%@1728] GR3D_FREQ 91% cpu@71.968C soc2@70.75C soc0@71.125C gpu@74.062C tj@74.062C soc1@71.5C VDD_IN 23197mW/23156mW VDD_CPU_GPU_CV 9896mW/9885mW VDD_SOC 6150mW/6113mW
08-04-2026 11:54:05 RAM 3726/7620MB (lfb 35x1MB) SWAP 2411/12002MB (cached 119MB) CPU [0%@1728,18%@1728,0%@1728,0%@1728,16%@1728,25%@1728] GR3D_FREQ 93% cpu@72.125C soc2@70.562C soc0@70.843C gpu@73.875C tj@73.875C soc1@71.25C VDD_IN 23116mW/23156mW VDD_CPU_GPU_CV 9856mW/9885mW VDD_SOC 6110mW/6113mW
08-04-2026 11:54:05 RAM 3726/7620MB (lfb 35x1MB) SWAP 2411/12002MB (cached 119MB) CPU [0%@1728,0%@1728,9%@1728,9%@1728,0%@1728,25%@1728] GR3D_FREQ 93% cpu@71.75C soc2@70.531C soc0@70.875C gpu@73.906C tj@73.906C soc1@71.281C VDD_IN 23156mW/23156mW VDD_CPU_GPU_CV 9856mW/9885mW VDD_SOC 6110mW/6113mW
08-04-2026 11:54:05 RAM 3726/7620MB (lfb 35x1MB) SWAP 2411/12002MB (cached 119MB) CPU [16%@1728,0%@1728,9%@1728,0%@1728,0%@1728,11%@1728] GR3D_FREQ 94% cpu@72.031C soc2@70.625C soc0@71.031C gpu@73.875C tj@73.875C soc1@71.312C VDD_IN 23116mW/23156mW VDD_CPU_GPU_CV 9856mW/9885mW VDD_SOC 6110mW/6113mW
08-04-2026 11:54:05 RAM 3726/7620MB (lfb 35x1MB) SWAP 2411/12002MB (cached 119MB) CPU [0%@1728,0%@1728,9%@1728,0%@1728,0%@1728,10%@1728] GR3D_FREQ 96% cpu@72.125C soc2@70.531C soc0@70.812C gpu@74.437C tj@74.437C soc1@71.218C VDD_IN 23156mW/23156mW VDD_CPU_GPU_CV 9896mW/9885mW VDD_SOC 6110mW/6113mW
08-04-2026 11:54:05 RAM 3726/7620MB (lfb 35x1MB) SWAP 2411/12002MB (cached 119MB) CPU [9%@1728,0%@1728,0%@1728,0%@1728,0%@1728,0%@1728] GR3D_FREQ 96% cpu@72.156C soc2@70.625C soc0@70.843C gpu@73.937C tj@73.937C soc1@71.218C VDD_IN 23116mW/23156mW VDD_CPU_GPU_CV 9856mW/9885mW VDD_SOC 6110mW/6113mW
08-04-2026 11:54:05 RAM 3726/7620MB (lfb 35x1MB) SWAP 2411/12002MB (cached 119MB) CPU [0%@1728,8%@1728,0%@1728,0%@1728,0%@1728,0%@1728] GR3D_FREQ 96% cpu@71.843C soc2@70.656C soc0@70.843C gpu@73.937C tj@73.937C soc1@71.312C VDD_IN 23197mW/23156mW VDD_CPU_GPU_CV 9896mW/9885mW VDD_SOC 6110mW/6113mW
08-04-2026 11:54:05 RAM 3726/7620MB (lfb 35x1MB) SWAP 2411/12002MB (cached 119MB) CPU [0%@1728,0%@1728,0%@1728,0%@1728,0%@1728,0%@1728] GR3D_FREQ 96% cpu@71.937C soc2@70.687C soc0@70.906C gpu@74.375C tj@74.375C soc1@71.5C VDD_IN 23197mW/23156mW VDD_CPU_GPU_CV 9896mW/9885mW VDD_SOC 6110mW/6113mW
08-04-2026 11:54:05 RAM 3727/7620MB (lfb 35x1MB) SWAP 2411/12002MB (cached 119MB) CPU [0%@1728,20%@1728,0%@1728,27%@1728,0%@1728,10%@1728] GR3D_FREQ 91% cpu@72.156C soc2@70.625C soc0@70.812C gpu@74.25C tj@74.25C soc1@71.25C VDD_IN 23197mW/23156mW VDD_CPU_GPU_CV 9936mW/9885mW VDD_SOC 6110mW/6113mW
08-04-2026 11:54:05 RAM 3727/7620MB (lfb 35x1MB) SWAP 2411/12002MB (cached 119MB) CPU [0%@1728,0%@1728,0%@1728,0%@1728,0%@1728,11%@1728] GR3D_FREQ 96% cpu@72.125C soc2@70.718C soc0@70.843C gpu@73.906C tj@73.906C soc1@71.187C VDD_IN 23237mW/23157mW VDD_CPU_GPU_CV 9975mW/9885mW VDD_SOC 6110mW/6113mW
08-04-2026 11:54:05 RAM 3727/7620MB (lfb 35x1MB) SWAP 2411/12002MB (cached 119MB) CPU [0%@1728,0%@1728,0%@1728,0%@1728,9%@1728,0%@1728] GR3D_FREQ 95% cpu@71.843C soc2@70.687C soc0@70.906C gpu@74.406C tj@74.406C soc1@71.312C VDD_IN 23237mW/23157mW VDD_CPU_GPU_CV 9936mW/9886mW VDD_SOC 6110mW/6113mW
08-04-2026 11:54:06 RAM 3727/7620MB (lfb 35x1MB) SWAP 2411/12002MB (cached 119MB) CPU [0%@1728,0%@1728,0%@1728,9%@1728,0%@1728,20%@1728] GR3D_FREQ 94% cpu@71.906C soc2@70.781C soc0@71.093C gpu@74.218C tj@74.218C soc1@71.468C VDD_IN 23197mW/23157mW VDD_CPU_GPU_CV 9896mW/9886mW VDD_SOC 6110mW/6113mW
08-04-2026 11:54:06 RAM 3727/7620MB (lfb 35x1MB) SWAP 2411/12002MB (cached 119MB) CPU [0%@1728,0%@1728,0%@1728,0%@1728,8%@1728,11%@1728] GR3D_FREQ 93% cpu@71.968C soc2@70.718C soc0@70.875C gpu@74.093C tj@74.093C soc1@71.218C VDD_IN 23197mW/23157mW VDD_CPU_GPU_CV 9896mW/9886mW VDD_SOC 6110mW/6113mW
08-04-2026 11:54:06 RAM 3727/7620MB (lfb 35x1MB) SWAP 2411/12002MB (cached 119MB) CPU [9%@1728,0%@1728,10%@1728,0%@1728,0%@1728,18%@1728] GR3D_FREQ 94% cpu@72C soc2@70.593C soc0@70.843C gpu@74.25C tj@74.25C soc1@71.25C VDD_IN 23197mW/23157mW VDD_CPU_GPU_CV 9896mW/9886mW VDD_SOC 6110mW/6113mW
08-04-2026 11:54:06 RAM 3727/7620MB (lfb 35x1MB) SWAP 2411/12002MB (cached 119MB) CPU [0%@1728,0%@1728,0%@1728,0%@1728,0%@1728,27%@1728] GR3D_FREQ 96% cpu@71.843C soc2@70.718C soc0@70.906C gpu@74.125C tj@74.125C soc1@71.343C VDD_IN 23197mW/23157mW VDD_CPU_GPU_CV 9856mW/9886mW VDD_SOC 6110mW/6113mW
08-04-2026 11:54:06 RAM 3727/7620MB (lfb 35x1MB) SWAP 2411/12002MB (cached 119MB) CPU [0%@1728,0%@1728,0%@1728,0%@1728,0%@1728,18%@1728] GR3D_FREQ 94% cpu@71.906C soc2@70.656C soc0@71.093C gpu@74.093C tj@74.093C soc1@71.5C VDD_IN 23197mW/23157mW VDD_CPU_GPU_CV 9936mW/9886mW VDD_SOC 6110mW/6113mW
08-04-2026 11:54:06 RAM 3727/7620MB (lfb 35x1MB) SWAP 2411/12002MB (cached 119MB) CPU [9%@1728,0%@1728,0%@1728,0%@1728,0%@1728,27%@1728] GR3D_FREQ 96% cpu@72C soc2@70.593C soc0@70.843C gpu@74C tj@74C soc1@71.218C VDD_IN 23197mW/23158mW VDD_CPU_GPU_CV 9896mW/9886mW VDD_SOC 6110mW/6113mW
08-04-2026 11:54:06 RAM 3727/7620MB (lfb 35x1MB) SWAP 2411/12002MB (cached 119MB) CPU [9%@1728,8%@1728,0%@1728,0%@1728,15%@1728,25%@1728] GR3D_FREQ 94% cpu@71.875C soc2@70.687C soc0@70.937C gpu@73.906C tj@73.906C soc1@71.343C VDD_IN 23197mW/23158mW VDD_CPU_GPU_CV 9896mW/9886mW VDD_SOC 6110mW/6113mW
08-04-2026 11:54:06 RAM 3727/7620MB (lfb 35x1MB) SWAP 2411/12002MB (cached 119MB) CPU [0%@1728,0%@1728,0%@1728,0%@1728,0%@1728,10%@1728] GR3D_FREQ 94% cpu@72.093C soc2@70.75C soc0@70.937C gpu@74.375C tj@74.375C soc1@71.468C VDD_IN 23197mW/23158mW VDD_CPU_GPU_CV 9896mW/9886mW VDD_SOC 6150mW/6113mW
08-04-2026 11:54:06 RAM 3727/7620MB (lfb 35x1MB) SWAP 2411/12002MB (cached 119MB) CPU [9%@1728,0%@1728,9%@1728,0%@1728,0%@1728,0%@1728] GR3D_FREQ 96% cpu@72.187C soc2@70.656C soc0@70.843C gpu@74.25C tj@74.25C soc1@71.25C VDD_IN 23197mW/23158mW VDD_CPU_GPU_CV 9896mW/9886mW VDD_SOC 6110mW/6113mW
08-04-2026 11:54:07 RAM 3727/7620MB (lfb 35x1MB) SWAP 2411/12002MB (cached 119MB) CPU [9%@1728,18%@1728,0%@1728,0%@1728,9%@1728,27%@1728] GR3D_FREQ 92% cpu@71.75C soc2@70.593C soc0@70.875C gpu@74C tj@74C soc1@71.25C VDD_IN 23076mW/23158mW VDD_CPU_GPU_CV 9896mW/9886mW VDD_SOC 6110mW/6113mW
08-04-2026 11:54:07 RAM 3727/7620MB (lfb 35x1MB) SWAP 2411/12002MB (cached 119MB) CPU [9%@1728,0%@1728,0%@1728,8%@1728,0%@1728,25%@1728] GR3D_FREQ 96% cpu@71.812C soc2@70.656C soc0@70.937C gpu@74C tj@74C soc1@71.437C VDD_IN 23116mW/23158mW VDD_CPU_GPU_CV 9896mW/9886mW VDD_SOC 6110mW/6113mW
08-04-2026 11:54:07 RAM 3727/7620MB (lfb 35x1MB) SWAP 2411/12002MB (cached 119MB) CPU [23%@1728,9%@1728,0%@1728,0%@1728,0%@1728,18%@1728] GR3D_FREQ 91% cpu@72.031C soc2@70.781C soc0@71.062C gpu@74.156C tj@74.156C soc1@71.218C VDD_IN 23076mW/23157mW VDD_CPU_GPU_CV 9896mW/9886mW VDD_SOC 6110mW/6113mW
08-04-2026 11:54:07 RAM 3727/7620MB (lfb 35x1MB) SWAP 2411/12002MB (cached 119MB) CPU [9%@1728,0%@1728,0%@1728,0%@1728,0%@1728,27%@1728] GR3D_FREQ 94% cpu@72.125C soc2@70.593C soc0@70.843C gpu@74.031C tj@74.031C soc1@71.187C VDD_IN 23076mW/23157mW VDD_CPU_GPU_CV 9896mW/9886mW VDD_SOC 6110mW/6113mW
08-04-2026 11:54:07 RAM 3727/7620MB (lfb 35x1MB) SWAP 2411/12002MB (cached 119MB) CPU [0%@1728,0%@1728,0%@1728,0%@1728,8%@1728,0%@1728] GR3D_FREQ 90% cpu@71.781C soc2@70.718C soc0@70.937C gpu@74C tj@74C soc1@71.312C VDD_IN 23116mW/23157mW VDD_CPU_GPU_CV 9896mW/9886mW VDD_SOC 6110mW/6113mW
08-04-2026 11:54:07 RAM 3727/7620MB (lfb 35x1MB) SWAP 2411/12002MB (cached 119MB) CPU [0%@1728,0%@1728,0%@1728,0%@1728,0%@1728,0%@1728] GR3D_FREQ 94% cpu@71.875C soc2@70.687C soc0@71C gpu@73.906C tj@73.906C soc1@71.375C VDD_IN 23116mW/23157mW VDD_CPU_GPU_CV 9856mW/9886mW VDD_SOC 6110mW/6113mW
08-04-2026 11:54:07 RAM 3727/7620MB (lfb 35x1MB) SWAP 2411/12002MB (cached 119MB) CPU [9%@1728,0%@1728,9%@1728,0%@1728,0%@1728,18%@1728] GR3D_FREQ 92% cpu@72C soc2@70.781C soc0@70.875C gpu@74C tj@74C soc1@71.156C VDD_IN 23156mW/23157mW VDD_CPU_GPU_CV 9856mW/9886mW VDD_SOC 6110mW/6113mW
08-04-2026 11:54:07 RAM 3727/7620MB (lfb 35x1MB) SWAP 2411/12002MB (cached 119MB) CPU [0%@1728,0%@1728,0%@1728,0%@1728,0%@1728,27%@1728] GR3D_FREQ 96% cpu@72.125C soc2@70.625C soc0@70.875C gpu@74.031C tj@74.031C soc1@71.312C VDD_IN 23197mW/23157mW VDD_CPU_GPU_CV 9856mW/9886mW VDD_SOC 6110mW/6113mW
08-04-2026 11:54:07 RAM 3727/7620MB (lfb 35x1MB) SWAP 2411/12002MB (cached 119MB) CPU [0%@1728,9%@1728,0%@1728,0%@1728,0%@1728,18%@1728] GR3D_FREQ 94% cpu@71.812C soc2@70.687C soc0@70.875C gpu@73.968C tj@73.968C soc1@71.218C VDD_IN 23197mW/23157mW VDD_CPU_GPU_CV 9856mW/9886mW VDD_SOC 6110mW/6113mW
08-04-2026 11:54:07 RAM 3727/7620MB (lfb 35x1MB) SWAP 2411/12002MB (cached 119MB) CPU [0%@1728,0%@1728,0%@1728,0%@1728,9%@1728,25%@1728] GR3D_FREQ 96% cpu@71.875C soc2@70.718C soc0@70.937C gpu@74.031C tj@74.031C soc1@71.25C VDD_IN 23197mW/23157mW VDD_CPU_GPU_CV 9896mW/9886mW VDD_SOC 6110mW/6113mW
08-04-2026 11:54:08 RAM 3727/7620MB (lfb 35x1MB) SWAP 2411/12002MB (cached 119MB) CPU [9%@1728,0%@1728,25%@1728,9%@1728,0%@1728,20%@1728] GR3D_FREQ 91% cpu@71.937C soc2@70.781C soc0@71.062C gpu@74.031C tj@74.031C soc1@71.5C VDD_IN 23076mW/23157mW VDD_CPU_GPU_CV 9856mW/9886mW VDD_SOC 6070mW/6112mW
08-04-2026 11:54:08 RAM 3727/7620MB (lfb 35x1MB) SWAP 2411/12002MB (cached 119MB) CPU [0%@1728,9%@1728,0%@1728,0%@1728,0%@1728,25%@1728] GR3D_FREQ 94% cpu@72.156C soc2@70.593C soc0@70.781C gpu@73.875C tj@73.875C soc1@71.25C VDD_IN 23076mW/23157mW VDD_CPU_GPU_CV 9856mW/9885mW VDD_SOC 6110mW/6112mW
08-04-2026 11:54:08 RAM 3727/7620MB (lfb 35x1MB) SWAP 2411/12002MB (cached 119MB) CPU [9%@1728,0%@1728,0%@1728,9%@1728,8%@1728,0%@1728] GR3D_FREQ 90% cpu@71.781C soc2@70.687C soc0@70.937C gpu@74.312C tj@74.312C soc1@71.25C VDD_IN 23156mW/23157mW VDD_CPU_GPU_CV 9856mW/9885mW VDD_SOC 6110mW/6112mW
08-04-2026 11:54:08 RAM 3727/7620MB (lfb 35x1MB) SWAP 2411/12002MB (cached 119MB) CPU [0%@1728,0%@1728,0%@1728,9%@1728,0%@1728,0%@1728] GR3D_FREQ 94% cpu@71.937C soc2@70.625C soc0@70.968C gpu@74.187C tj@74.187C soc1@71.406C VDD_IN 23156mW/23157mW VDD_CPU_GPU_CV 9856mW/9885mW VDD_SOC 6110mW/6112mW
08-04-2026 11:54:08 RAM 3727/7620MB (lfb 35x1MB) SWAP 2411/12002MB (cached 119MB) CPU [0%@1728,0%@1728,0%@1728,0%@1728,0%@1728,0%@1728] GR3D_FREQ 94% cpu@71.937C soc2@70.718C soc0@71C gpu@73.906C tj@73.906C soc1@71.156C VDD_IN 23116mW/23157mW VDD_CPU_GPU_CV 9896mW/9885mW VDD_SOC 6110mW/6112mW
08-04-2026 11:54:08 RAM 3727/7620MB (lfb 35x1MB) SWAP 2411/12002MB (cached 119MB) CPU [9%@1728,9%@1728,0%@1728,0%@1728,0%@1728,10%@1728] GR3D_FREQ 96% cpu@72.031C soc2@70.656C soc0@70.843C gpu@74.375C tj@74.375C soc1@71.281C VDD_IN 23156mW/23157mW VDD_CPU_GPU_CV 9896mW/9885mW VDD_SOC 6110mW/6112mW
08-04-2026 11:54:08 RAM 3727/7620MB (lfb 35x1MB) SWAP 2411/12002MB (cached 119MB) CPU [0%@1728,0%@1728,0%@1728,0%@1728,9%@1728,0%@1728] GR3D_FREQ 94% cpu@71.812C soc2@70.656C soc0@70.875C gpu@74.093C tj@74.093C soc1@71.343C VDD_IN 23156mW/23157mW VDD_CPU_GPU_CV 9896mW/9885mW VDD_SOC 6150mW/6113mW
08-04-2026 11:54:08 RAM 3727/7620MB (lfb 35x1MB) SWAP 2411/12002MB (cached 119MB) CPU [0%@1728,0%@1728,0%@1728,8%@1728,0%@1728,0%@1728] GR3D_FREQ 94% cpu@71.875C soc2@70.687C soc0@70.937C gpu@74.062C tj@74.062C soc1@71.281C VDD_IN 23197mW/23157mW VDD_CPU_GPU_CV 9896mW/9885mW VDD_SOC 6150mW/6113mW
08-04-2026 11:54:08 RAM 3727/7620MB (lfb 35x1MB) SWAP 2411/12002MB (cached 119MB) CPU [0%@1728,8%@1728,0%@1728,0%@1728,9%@1728,0%@1728] GR3D_FREQ 96% cpu@71.906C soc2@70.75C soc0@70.843C gpu@74.25C tj@74.25C soc1@71.156C VDD_IN 23197mW/23157mW VDD_CPU_GPU_CV 9896mW/9885mW VDD_SOC 6150mW/6113mW
08-04-2026 11:54:09 RAM 3733/7620MB (lfb 35x1MB) SWAP 2411/12002MB (cached 119MB) CPU [10%@1728,11%@1728,36%@1728,30%@1728,10%@1728,10%@1728] GR3D_FREQ 93% cpu@72.062C soc2@70.625C soc0@70.812C gpu@74.031C tj@74.031C soc1@71.281C VDD_IN 23116mW/23157mW VDD_CPU_GPU_CV 9896mW/9886mW VDD_SOC 6110mW/6113mW
08-04-2026 11:54:09 RAM 3733/7620MB (lfb 35x1MB) SWAP 2411/12002MB (cached 119MB) CPU [0%@1728,0%@1728,0%@1728,9%@1728,25%@1728,0%@1728] GR3D_FREQ 93% cpu@71.781C soc2@70.625C soc0@70.875C gpu@74C tj@74C soc1@71.312C VDD_IN 23116mW/23157mW VDD_CPU_GPU_CV 9896mW/9886mW VDD_SOC 6110mW/6113mW
08-04-2026 11:54:09 RAM 3733/7620MB (lfb 35x1MB) SWAP 2411/12002MB (cached 119MB) CPU [0%@1728,9%@1728,0%@1728,9%@1728,20%@1728,0%@1728] GR3D_FREQ 94% cpu@71.812C soc2@70.718C soc0@71.062C gpu@73.906C tj@73.906C soc1@71.343C VDD_IN 23116mW/23156mW VDD_CPU_GPU_CV 9896mW/9886mW VDD_SOC 6110mW/6113mW
08-04-2026 11:54:09 RAM 3734/7620MB (lfb 35x1MB) SWAP 2411/12002MB (cached 119MB) CPU [18%@1728,0%@1728,0%@1728,0%@1728,0%@1728,0%@1728] GR3D_FREQ 92% cpu@71.968C soc2@70.593C soc0@70.843C gpu@74.062C tj@73.781C soc1@71.187C VDD_IN 23076mW/23156mW VDD_CPU_GPU_CV 9896mW/9886mW VDD_SOC 6110mW/6113mW
08-04-2026 11:54:09 RAM 3734/7620MB (lfb 35x1MB) SWAP 2411/12002MB (cached 119MB) CPU [33%@1728,0%@1728,0%@1728,0%@1728,0%@1728,0%@1728] GR3D_FREQ 96% cpu@71.687C soc2@70.531C soc0@70.843C gpu@74.031C tj@74.031C soc1@71.187C VDD_IN 23116mW/23156mW VDD_CPU_GPU_CV 9896mW/9886mW VDD_SOC 6110mW/6113mW
08-04-2026 11:54:09 RAM 3734/7620MB (lfb 35x1MB) SWAP 2411/12002MB (cached 119MB) CPU [20%@1728,0%@1728,0%@1728,0%@1728,0%@1728,0%@1728] GR3D_FREQ 92% cpu@71.75C soc2@70.687C soc0@70.906C gpu@74C tj@74C soc1@71.281C VDD_IN 23076mW/23156mW VDD_CPU_GPU_CV 9896mW/9886mW VDD_SOC 6110mW/6113mW
08-04-2026 11:54:09 RAM 3734/7620MB (lfb 35x1MB) SWAP 2411/12002MB (cached 119MB) CPU [0%@1728,0%@1728,0%@1728,0%@1728,0%@1728,9%@1728] GR3D_FREQ 94% cpu@71.781C soc2@70.718C soc0@70.843C gpu@73.875C tj@73.875C soc1@71.5C VDD_IN 23116mW/23156mW VDD_CPU_GPU_CV 9896mW/9886mW VDD_SOC 6110mW/6113mW
08-04-2026 11:54:09 RAM 3734/7620MB (lfb 35x1MB) SWAP 2411/12002MB (cached 119MB) CPU [25%@1728,0%@1728,0%@1728,0%@1728,0%@1728,0%@1728] GR3D_FREQ 89% cpu@72.187C soc2@70.593C soc0@70.812C gpu@74.281C tj@74.281C soc1@71.187C VDD_IN 23076mW/23155mW VDD_CPU_GPU_CV 9856mW/9886mW VDD_SOC 6110mW/6113mW
08-04-2026 11:54:09 RAM 3734/7620MB (lfb 35x1MB) SWAP 2411/12002MB (cached 119MB) CPU [27%@1728,0%@1728,0%@1728,0%@1728,0%@1728,0%@1728] GR3D_FREQ 96% cpu@71.812C soc2@70.656C soc0@70.843C gpu@73.843C tj@73.843C soc1@71.25C VDD_IN 23156mW/23155mW VDD_CPU_GPU_CV 9856mW/9886mW VDD_SOC 6110mW/6113mW
08-04-2026 11:54:09 RAM 3734/7620MB (lfb 35x1MB) SWAP 2411/12002MB (cached 119MB) CPU [18%@1728,8%@1728,9%@1728,15%@1728,0%@1728,0%@1728] GR3D_FREQ 93% cpu@71.781C soc2@70.656C soc0@70.843C gpu@73.843C tj@73.843C soc1@71.343C VDD_IN 23156mW/23155mW VDD_CPU_GPU_CV 9896mW/9886mW VDD_SOC 6110mW/6113mW
08-04-2026 11:54:10 RAM 3734/7620MB (lfb 35x1MB) SWAP 2411/12002MB (cached 119MB) CPU [18%@1728,27%@1728,9%@1728,20%@1728,0%@1728,0%@1728] GR3D_FREQ 95% cpu@71.875C soc2@70.718C soc0@71.031C gpu@74.281C tj@74.281C soc1@71.437C VDD_IN 23036mW/23155mW VDD_CPU_GPU_CV 9816mW/9885mW VDD_SOC 6070mW/6113mW
08-04-2026 11:54:10 RAM 3734/7620MB (lfb 35x1MB) SWAP 2411/12002MB (cached 119MB) CPU [0%@1728,20%@1728,16%@1728,0%@1728,0%@1728,0%@1728] GR3D_FREQ 94% cpu@72C soc2@70.593C soc0@70.843C gpu@74.031C tj@74.031C soc1@71.125C VDD_IN 23036mW/23155mW VDD_CPU_GPU_CV 9856mW/9885mW VDD_SOC 6070mW/6112mW
08-04-2026 11:54:10 RAM 3735/7620MB (lfb 35x1MB) SWAP 2411/12002MB (cached 119MB) CPU [0%@1728,20%@1728,70%@1728,16%@1728,0%@1728,0%@1728] GR3D_FREQ 93% cpu@72.031C soc2@70.593C soc0@70.906C gpu@73.968C tj@73.968C soc1@71.218C VDD_IN 23036mW/23154mW VDD_CPU_GPU_CV 9896mW/9885mW VDD_SOC 6070mW/6112mW
08-04-2026 11:54:10 RAM 3735/7620MB (lfb 35x1MB) SWAP 2411/12002MB (cached 119MB) CPU [0%@1728,27%@1728,0%@1728,9%@1728,0%@1728,0%@1728] GR3D_FREQ 95% cpu@71.843C soc2@70.656C soc0@70.937C gpu@74.218C tj@74.218C soc1@71.312C VDD_IN 23076mW/23154mW VDD_CPU_GPU_CV 9856mW/9885mW VDD_SOC 6070mW/6112mW
08-04-2026 11:54:10 RAM 3735/7620MB (lfb 35x1MB) SWAP 2411/12002MB (cached 119MB) CPU [0%@1728,11%@1728,0%@1728,0%@1728,0%@1728,0%@1728] GR3D_FREQ 93% cpu@71.968C soc2@70.656C soc0@70.687C gpu@74C tj@74C soc1@71.156C VDD_IN 23116mW/23154mW VDD_CPU_GPU_CV 9856mW/9885mW VDD_SOC 6110mW/6112mW
08-04-2026 11:54:10 RAM 3735/7620MB (lfb 35x1MB) SWAP 2411/12002MB (cached 119MB) CPU [0%@1728,0%@1728,0%@1728,8%@1728,0%@1728,0%@1728] GR3D_FREQ 94% cpu@71.937C soc2@70.531C soc0@70.781C gpu@73.937C tj@73.937C soc1@71.218C VDD_IN 23156mW/23154mW VDD_CPU_GPU_CV 9856mW/9885mW VDD_SOC 6110mW/6112mW
08-04-2026 11:54:10 RAM 3735/7620MB (lfb 35x1MB) SWAP 2411/12002MB (cached 119MB) CPU [8%@1728,11%@1728,0%@1728,0%@1728,9%@1728,0%@1728] GR3D_FREQ 96% cpu@71.75C soc2@70.531C soc0@70.843C gpu@73.937C tj@73.937C soc1@71.218C VDD_IN 23156mW/23154mW VDD_CPU_GPU_CV 9896mW/9885mW VDD_SOC 6110mW/6112mW
08-04-2026 11:54:10 RAM 3735/7620MB (lfb 35x1MB) SWAP 2411/12002MB (cached 119MB) CPU [0%@1728,27%@1728,9%@1728,0%@1728,0%@1728,0%@1728] GR3D_FREQ 95% cpu@71.812C soc2@70.625C soc0@70.843C gpu@74.062C tj@74.062C soc1@71.406C VDD_IN 23116mW/23154mW VDD_CPU_GPU_CV 9856mW/9885mW VDD_SOC 6110mW/6112mW
08-04-2026 11:54:10 RAM 3735/7620MB (lfb 35x1MB) SWAP 2411/12002MB (cached 119MB) CPU [0%@1728,27%@1728,0%@1728,0%@1728,0%@1728,0%@1728] GR3D_FREQ 93% cpu@72.062C soc2@70.625C soc0@70.968C gpu@73.968C tj@73.968C soc1@71.156C VDD_IN 23156mW/23154mW VDD_CPU_GPU_CV 9856mW/9885mW VDD_SOC 6110mW/6112mW
08-04-2026 11:54:11 RAM 3735/7620MB (lfb 35x1MB) SWAP 2411/12002MB (cached 119MB) CPU [9%@1728,18%@1728,18%@1728,22%@1728,9%@1728,0%@1728] GR3D_FREQ 92% cpu@72.312C soc2@70.5C soc0@70.843C gpu@73.75C tj@73.75C soc1@71.218C VDD_IN 23116mW/23154mW VDD_CPU_GPU_CV 9856mW/9885mW VDD_SOC 6110mW/6112mW
08-04-2026 11:54:11 RAM 3735/7620MB (lfb 35x1MB) SWAP 2411/12002MB (cached 119MB) CPU [0%@1728,9%@1728,0%@1728,0%@1728,0%@1728,0%@1728] GR3D_FREQ 96% cpu@71.812C soc2@70.625C soc0@70.875C gpu@73.781C tj@73.781C soc1@71.281C VDD_IN 23116mW/23154mW VDD_CPU_GPU_CV 9856mW/9885mW VDD_SOC 6110mW/6112mW
08-04-2026 11:54:11 RAM 3735/7620MB (lfb 35x1MB) SWAP 2411/12002MB (cached 119MB) CPU [9%@1728,0%@1728,0%@1728,0%@1728,0%@1728,0%@1728] GR3D_FREQ 93% cpu@71.812C soc2@70.656C soc0@70.875C gpu@74.187C tj@74.187C soc1@71.343C VDD_IN 23076mW/23154mW VDD_CPU_GPU_CV 9856mW/9885mW VDD_SOC 6110mW/6112mW
08-04-2026 11:54:11 RAM 3735/7620MB (lfb 35x1MB) SWAP 2411/12002MB (cached 119MB) CPU [0%@1728,0%@1728,8%@1728,9%@1728,30%@1728,0%@1728] GR3D_FREQ 96% cpu@71.906C soc2@70.687C soc0@70.906C gpu@73.875C tj@73.875C soc1@71.187C VDD_IN 23156mW/23154mW VDD_CPU_GPU_CV 9896mW/9885mW VDD_SOC 6110mW/6112mW
08-04-2026 11:54:11 RAM 3735/7620MB (lfb 35x1MB) SWAP 2411/12002MB (cached 119MB) CPU [0%@1728,0%@1728,0%@1728,0%@1728,20%@1728,0%@1728] GR3D_FREQ 96% cpu@71.843C soc2@70.625C soc0@70.843C gpu@73.718C tj@73.718C soc1@71.218C VDD_IN 23156mW/23154mW VDD_CPU_GPU_CV 9896mW/9885mW VDD_SOC 6110mW/6112mW
08-04-2026 11:54:11 RAM 3735/7620MB (lfb 35x1MB) SWAP 2411/12002MB (cached 119MB) CPU [0%@1728,0%@1728,0%@1728,0%@1728,25%@1728,0%@1728] GR3D_FREQ 93% cpu@71.75C soc2@70.625C soc0@70.843C gpu@74.218C tj@74.218C soc1@71.343C VDD_IN 23156mW/23154mW VDD_CPU_GPU_CV 9856mW/9885mW VDD_SOC 6110mW/6112mW
08-04-2026 11:54:11 RAM 3735/7620MB (lfb 35x1MB) SWAP 2411/12002MB (cached 119MB) CPU [0%@1728,0%@1728,9%@1728,0%@1728,11%@1728,9%@1728] GR3D_FREQ 93% cpu@71.812C soc2@70.625C soc0@70.906C gpu@74.093C tj@74.093C soc1@71.437C VDD_IN 23116mW/23154mW VDD_CPU_GPU_CV 9856mW/9885mW VDD_SOC 6110mW/6112mW
08-04-2026 11:54:11 RAM 3735/7620MB (lfb 35x1MB) SWAP 2411/12002MB (cached 119MB) CPU [8%@1728,0%@1728,0%@1728,0%@1728,0%@1728,0%@1728] GR3D_FREQ 92% cpu@71.937C soc2@70.625C soc0@70.812C gpu@73.812C tj@73.812C soc1@71.218C VDD_IN 23156mW/23154mW VDD_CPU_GPU_CV 9816mW/9884mW VDD_SOC 6110mW/6112mW
08-04-2026 11:54:11 RAM 3735/7620MB (lfb 35x1MB) SWAP 2411/12002MB (cached 119MB) CPU [0%@1728,0%@1728,0%@1728,0%@1728,0%@1728,9%@1728] GR3D_FREQ 94% cpu@71.718C soc2@70.625C soc0@70.843C gpu@74.156C tj@74.156C soc1@71.343C VDD_IN 23237mW/23154mW VDD_CPU_GPU_CV 9856mW/9884mW VDD_SOC 6150mW/6112mW
08-04-2026 11:54:11 RAM 3735/7620MB (lfb 35x1MB) SWAP 2411/12002MB (cached 119MB) CPU [9%@1728,0%@1728,0%@1728,9%@1728,11%@1728,0%@1728] GR3D_FREQ 95% cpu@71.812C soc2@70.656C soc0@70.937C gpu@74.062C tj@74.062C soc1@71.281C VDD_IN 23197mW/23154mW VDD_CPU_GPU_CV 9856mW/9884mW VDD_SOC 6110mW/6112mW
08-04-2026 11:54:12 RAM 3735/7620MB (lfb 35x1MB) SWAP 2411/12002MB (cached 119MB) CPU [9%@1728,8%@1728,0%@1728,27%@1728,10%@1728,0%@1728] GR3D_FREQ 96% cpu@71.75C soc2@70.718C soc0@70.906C gpu@73.968C tj@73.968C soc1@71.5C VDD_IN 23156mW/23154mW VDD_CPU_GPU_CV 9816mW/9884mW VDD_SOC 6110mW/6112mW
08-04-2026 11:54:12 RAM 3736/7620MB (lfb 35x1MB) SWAP 2411/12002MB (cached 119MB) CPU [0%@1728,0%@1728,18%@1728,0%@1728,20%@1728,0%@1728] GR3D_FREQ 90% cpu@71.906C soc2@70.625C soc0@70.843C gpu@74.218C tj@74.218C soc1@71.218C VDD_IN 23156mW/23154mW VDD_CPU_GPU_CV 9856mW/9884mW VDD_SOC 6110mW/6112mW
08-04-2026 11:54:12 RAM 3727/7620MB (lfb 35x1MB) SWAP 2411/12002MB (cached 119MB) CPU [0%@1728,9%@1728,20%@1728,18%@1728,18%@1728,0%@1728] GR3D_FREQ 94% cpu@71.812C soc2@70.687C soc0@70.875C gpu@74C tj@74C soc1@71.187C VDD_IN 23156mW/23154mW VDD_CPU_GPU_CV 9896mW/9884mW VDD_SOC 6110mW/6112mW
08-04-2026 11:54:12 RAM 3727/7620MB (lfb 35x1MB) SWAP 2411/12002MB (cached 119MB) CPU [8%@1728,0%@1728,9%@1728,0%@1728,11%@1728,0%@1728] GR3D_FREQ 96% cpu@71.75C soc2@70.593C soc0@70.968C gpu@74C tj@74C soc1@71.406C VDD_IN 23156mW/23154mW VDD_CPU_GPU_CV 9896mW/9884mW VDD_SOC 6110mW/6112mW
08-04-2026 11:54:12 RAM 3727/7620MB (lfb 35x1MB) SWAP 2411/12002MB (cached 119MB) CPU [10%@1728,0%@1728,0%@1728,0%@1728,10%@1728,0%@1728] GR3D_FREQ 94% cpu@72.062C soc2@70.656C soc0@71.093C gpu@74C tj@74C soc1@71.531C VDD_IN 23237mW/23154mW VDD_CPU_GPU_CV 9936mW/9884mW VDD_SOC 6110mW/6112mW
08-04-2026 11:54:12 RAM 3727/7620MB (lfb 35x1MB) SWAP 2411/12002MB (cached 119MB) CPU [9%@1728,8%@1728,0%@1728,0%@1728,0%@1728,0%@1728] GR3D_FREQ 95% cpu@71.75C soc2@70.593C soc0@70.906C gpu@73.875C tj@73.875C soc1@71.218C VDD_IN 23237mW/23154mW VDD_CPU_GPU_CV 9896mW/9884mW VDD_SOC 6110mW/6112mW
08-04-2026 11:54:12 RAM 3727/7620MB (lfb 35x1MB) SWAP 2411/12002MB (cached 119MB) CPU [0%@1728,0%@1728,0%@1728,0%@1728,0%@1728,9%@1728] GR3D_FREQ 96% cpu@71.812C soc2@70.625C soc0@70.875C gpu@74.093C tj@74.093C soc1@71.218C VDD_IN 23237mW/23155mW VDD_CPU_GPU_CV 9936mW/9884mW VDD_SOC 6110mW/6112mW
08-04-2026 11:54:12 RAM 3727/7620MB (lfb 35x1MB) SWAP 2411/12002MB (cached 119MB) CPU [0%@1728,0%@1728,0%@1728,0%@1728,11%@1728,0%@1728] GR3D_FREQ 96% cpu@71.781C soc2@70.656C soc0@70.937C gpu@73.968C tj@73.968C soc1@71.406C VDD_IN 23237mW/23155mW VDD_CPU_GPU_CV 9936mW/9884mW VDD_SOC 6150mW/6112mW
08-04-2026 11:54:12 RAM 3727/7620MB (lfb 35x1MB) SWAP 2411/12002MB (cached 119MB) CPU [0%@1728,9%@1728,0%@1728,0%@1728,25%@1728,0%@1728] GR3D_FREQ 93% cpu@72.031C soc2@70.656C soc0@71.125C gpu@73.812C tj@73.812C soc1@71.187C VDD_IN 23237mW/23155mW VDD_CPU_GPU_CV 9896mW/9885mW VDD_SOC 6150mW/6112mW
08-04-2026 11:54:13 RAM 3727/7620MB (lfb 35x1MB) SWAP 2411/12002MB (cached 119MB) CPU [9%@1728,8%@1728,9%@1728,20%@1728,10%@1728,8%@1728] GR3D_FREQ 95% cpu@72.093C soc2@70.531C soc0@70.843C gpu@74.156C tj@74.156C soc1@71.25C VDD_IN 23197mW/23155mW VDD_CPU_GPU_CV 9896mW/9885mW VDD_SOC 6110mW/6112mW
08-04-2026 11:54:13 RAM 3727/7620MB (lfb 35x1MB) SWAP 2411/12002MB (cached 119MB) CPU [0%@1728,0%@1728,0%@1728,0%@1728,27%@1728,0%@1728] GR3D_FREQ 94% cpu@71.75C soc2@70.656C soc0@70.937C gpu@73.906C tj@73.906C soc1@71.25C VDD_IN 23156mW/23155mW VDD_CPU_GPU_CV 9856mW/9884mW VDD_SOC 6110mW/6112mW
08-04-2026 11:54:13 RAM 3727/7620MB (lfb 35x1MB) SWAP 2411/12002MB (cached 119MB) CPU [0%@1728,0%@1728,0%@1728,0%@1728,0%@1728,0%@1728] GR3D_FREQ 96% cpu@71.906C soc2@70.656C soc0@70.968C gpu@73.875C tj@73.875C soc1@71.375C VDD_IN 23156mW/23155mW VDD_CPU_GPU_CV 9896mW/9884mW VDD_SOC 6110mW/6112mW
08-04-2026 11:54:13 RAM 3727/7620MB (lfb 35x1MB) SWAP 2411/12002MB (cached 119MB) CPU [9%@1728,0%@1728,0%@1728,0%@1728,20%@1728,0%@1728] GR3D_FREQ 94% cpu@71.968C soc2@70.75C soc0@70.843C gpu@74.156C tj@74.156C soc1@71.125C VDD_IN 23197mW/23155mW VDD_CPU_GPU_CV 9896mW/9885mW VDD_SOC 6110mW/6112mW
08-04-2026 11:54:13 RAM 3727/7620MB (lfb 35x1MB) SWAP 2411/12002MB (cached 119MB) CPU [9%@1728,0%@1728,0%@1728,0%@1728,0%@1728,0%@1728] GR3D_FREQ 96% cpu@72.062C soc2@70.656C soc0@70.843C gpu@74.125C tj@74.125C soc1@71.218C VDD_IN 23197mW/23155mW VDD_CPU_GPU_CV 9896mW/9885mW VDD_SOC 6110mW/6112mW
08-04-2026 11:54:13 RAM 3727/7620MB (lfb 35x1MB) SWAP 2411/12002MB (cached 119MB) CPU [0%@1728,9%@1728,0%@1728,0%@1728,11%@1728,0%@1728] GR3D_FREQ 96% cpu@71.843C soc2@70.625C soc0@70.843C gpu@74.406C tj@74.406C soc1@71.343C VDD_IN 23197mW/23155mW VDD_CPU_GPU_CV 9896mW/9885mW VDD_SOC 6110mW/6112mW
08-04-2026 11:54:13 RAM 3727/7620MB (lfb 35x1MB) SWAP 2411/12002MB (cached 119MB) CPU [0%@1728,0%@1728,9%@1728,8%@1728,30%@1728,0%@1728] GR3D_FREQ 94% cpu@71.843C soc2@70.625C soc0@70.906C gpu@74.156C tj@74.156C soc1@71.375C VDD_IN 23197mW/23156mW VDD_CPU_GPU_CV 9856mW/9885mW VDD_SOC 6110mW/6112mW
08-04-2026 11:54:13 RAM 3727/7620MB (lfb 35x1MB) SWAP 2411/12002MB (cached 119MB) CPU [0%@1728,0%@1728,0%@1728,0%@1728,20%@1728,0%@1728] GR3D_FREQ 96% cpu@71.937C soc2@70.687C soc0@70.843C gpu@74C tj@74C soc1@71.156C VDD_IN 23156mW/23156mW VDD_CPU_GPU_CV 9896mW/9885mW VDD_SOC 6110mW/6112mW
08-04-2026 11:54:13 RAM 3727/7620MB (lfb 35x1MB) SWAP 2411/12002MB (cached 119MB) CPU [0%@1728,0%@1728,0%@1728,0%@1728,25%@1728,0%@1728] GR3D_FREQ 96% cpu@72.062C soc2@70.593C soc0@70.812C gpu@73.937C tj@73.937C soc1@71.156C VDD_IN 23156mW/23156mW VDD_CPU_GPU_CV 9896mW/9885mW VDD_SOC 6110mW/6112mW
08-04-2026 11:54:13 RAM 3727/7620MB (lfb 35x1MB) SWAP 2411/12002MB (cached 119MB) CPU [0%@1728,0%@1728,9%@1728,0%@1728,20%@1728,9%@1728] GR3D_FREQ 91% cpu@71.781C soc2@70.625C soc0@70.843C gpu@74.156C tj@74.156C soc1@71.343C VDD_IN 23197mW/23156mW VDD_CPU_GPU_CV 9896mW/9885mW VDD_SOC 6110mW/6112mW
08-04-2026 11:54:14 RAM 3727/7620MB (lfb 35x1MB) SWAP 2411/12002MB (cached 119MB) CPU [18%@1728,0%@1728,0%@1728,18%@1728,25%@1728,0%@1728] GR3D_FREQ 94% cpu@71.812C soc2@70.625C soc0@71C gpu@74C tj@74C soc1@71.437C VDD_IN 23156mW/23156mW VDD_CPU_GPU_CV 9856mW/9885mW VDD_SOC 6110mW/6112mW
08-04-2026 11:54:14 RAM 3727/7620MB (lfb 35x1MB) SWAP 2411/12002MB (cached 119MB) CPU [0%@1728,0%@1728,9%@1728,0%@1728,18%@1728,0%@1728] GR3D_FREQ 94% cpu@71.937C soc2@70.75C soc0@71.093C gpu@73.906C tj@73.906C soc1@71.093C VDD_IN 23197mW/23156mW VDD_CPU_GPU_CV 9856mW/9884mW VDD_SOC 6110mW/6112mW
08-04-2026 11:54:14 RAM 3728/7620MB (lfb 35x1MB) SWAP 2411/12002MB (cached 119MB) CPU [0%@1728,9%@1728,9%@1728,16%@1728,10%@1728,0%@1728] GR3D_FREQ 94% cpu@72C soc2@70.593C soc0@70.843C gpu@73.875C tj@73.875C soc1@71.25C VDD_IN 23116mW/23156mW VDD_CPU_GPU_CV 9856mW/9884mW VDD_SOC 6110mW/6112mW
08-04-2026 11:54:14 RAM 3728/7620MB (lfb 35x1MB) SWAP 2411/12002MB (cached 119MB) CPU [0%@1728,9%@1728,0%@1728,9%@1728,0%@1728,10%@1728] GR3D_FREQ 96% cpu@71.812C soc2@70.562C soc0@70.875C gpu@74C tj@74C soc1@71.25C VDD_IN 23156mW/23156mW VDD_CPU_GPU_CV 9896mW/9884mW VDD_SOC 6110mW/6112mW
08-04-2026 11:54:14 RAM 3728/7620MB (lfb 35x1MB) SWAP 2411/12002MB (cached 119MB) CPU [0%@1728,0%@1728,9%@1728,0%@1728,0%@1728,10%@1728] GR3D_FREQ 96% cpu@71.843C soc2@70.75C soc0@70.937C gpu@73.843C tj@73.843C soc1@71.5C VDD_IN 23116mW/23156mW VDD_CPU_GPU_CV 9896mW/9884mW VDD_SOC 6110mW/6112mW
08-04-2026 11:54:14 RAM 3728/7620MB (lfb 35x1MB) SWAP 2411/12002MB (cached 119MB) CPU [9%@1728,0%@1728,0%@1728,0%@1728,0%@1728,20%@1728] GR3D_FREQ 93% cpu@71.843C soc2@70.5C soc0@70.843C gpu@73.875C tj@73.875C soc1@71.218C VDD_IN 23197mW/23156mW VDD_CPU_GPU_CV 9896mW/9884mW VDD_SOC 6110mW/6112mW
08-04-2026 11:54:14 RAM 3728/7620MB (lfb 35x1MB) SWAP 2411/12002MB (cached 119MB) CPU [9%@1728,0%@1728,0%@1728,0%@1728,0%@1728,10%@1728] GR3D_FREQ 94% cpu@71.968C soc2@70.593C soc0@70.875C gpu@74.375C tj@74.375C soc1@71.187C VDD_IN 23197mW/23156mW VDD_CPU_GPU_CV 9856mW/9884mW VDD_SOC 6110mW/6112mW
08-04-2026 11:54:14 RAM 3728/7620MB (lfb 35x1MB) SWAP 2411/12002MB (cached 119MB) CPU [0%@1728,9%@1728,0%@1728,0%@1728,0%@1728,11%@1728] GR3D_FREQ 93% cpu@71.781C soc2@70.625C soc0@70.906C gpu@73.968C tj@73.968C soc1@71.312C VDD_IN 23197mW/23156mW VDD_CPU_GPU_CV 9896mW/9884mW VDD_SOC 6110mW/6112mW
08-04-2026 11:54:14 RAM 3728/7620MB (lfb 35x1MB) SWAP 2411/12002MB (cached 119MB) CPU [0%@1728,0%@1728,9%@1728,0%@1728,0%@1728,18%@1728] GR3D_FREQ 94% cpu@71.812C soc2@70.75C soc0@71C gpu@73.875C tj@73.875C soc1@71.375C VDD_IN 23156mW/23156mW VDD_CPU_GPU_CV 9896mW/9884mW VDD_SOC 6150mW/6112mW
08-04-2026 11:54:15 RAM 3728/7620MB (lfb 35x1MB) SWAP 2411/12002MB (cached 119MB) CPU [16%@1728,10%@1728,0%@1728,18%@1728,0%@1728,20%@1728] GR3D_FREQ 95% cpu@71.937C soc2@70.562C soc0@70.812C gpu@74.281C tj@74.281C soc1@71.156C VDD_IN 23197mW/23156mW VDD_CPU_GPU_CV 9896mW/9884mW VDD_SOC 6110mW/6112mW
08-04-2026 11:54:15 RAM 3728/7620MB (lfb 35x1MB) SWAP 2411/12002MB (cached 119MB) CPU [9%@1728,8%@1728,0%@1728,9%@1728,0%@1728,18%@1728] GR3D_FREQ 96% cpu@71.781C soc2@70.562C soc0@70.781C gpu@74.218C tj@74.218C soc1@71.218C VDD_IN 23156mW/23156mW VDD_CPU_GPU_CV 9896mW/9885mW VDD_SOC 6110mW/6112mW
08-04-2026 11:54:15 RAM 3728/7620MB (lfb 35x1MB) SWAP 2411/12002MB (cached 119MB) CPU [0%@1728,0%@1728,9%@1728,0%@1728,0%@1728,27%@1728] GR3D_FREQ 95% cpu@71.781C soc2@70.687C soc0@70.812C gpu@73.843C tj@73.843C soc1@71.312C VDD_IN 23116mW/23156mW VDD_CPU_GPU_CV 9896mW/9885mW VDD_SOC 6110mW/6112mW
08-04-2026 11:54:15 RAM 3728/7620MB (lfb 35x1MB) SWAP 2411/12002MB (cached 119MB) CPU [9%@1728,0%@1728,0%@1728,0%@1728,0%@1728,25%@1728] GR3D_FREQ 96% cpu@71.812C soc2@70.625C soc0@71C gpu@74.343C tj@74.343C soc1@71.218C VDD_IN 23116mW/23156mW VDD_CPU_GPU_CV 9896mW/9885mW VDD_SOC 6110mW/6112mW
08-04-2026 11:54:15 RAM 3734/7620MB (lfb 35x1MB) SWAP 2411/12002MB (cached 119MB) CPU [0%@1728,18%@1728,16%@1728,10%@1728,0%@1728,20%@1728] GR3D_FREQ 96% cpu@71.843C soc2@70.562C soc0@70.75C gpu@74.093C tj@74.093C soc1@71.187C VDD_IN 23156mW/23156mW VDD_CPU_GPU_CV 9896mW/9885mW VDD_SOC 6110mW/6112mW
08-04-2026 11:54:15 RAM 3727/7620MB (lfb 35x1MB) SWAP 2411/12002MB (cached 119MB) CPU [9%@1728,0%@1728,0%@1728,0%@1728,0%@1728,18%@1728] GR3D_FREQ 94% cpu@71.75C soc2@70.562C soc0@70.843C gpu@74C tj@74C soc1@71.25C VDD_IN 23156mW/23156mW VDD_CPU_GPU_CV 9936mW/9885mW VDD_SOC 6110mW/6112mW
08-04-2026 11:54:15 RAM 3727/7620MB (lfb 35x1MB) SWAP 2411/12002MB (cached 119MB) CPU [9%@1728,10%@1728,0%@1728,0%@1728,0%@1728,27%@1728] GR3D_FREQ 93% cpu@71.812C soc2@70.5C soc0@70.875C gpu@73.968C tj@73.968C soc1@71.375C VDD_IN 23197mW/23156mW VDD_CPU_GPU_CV 9896mW/9885mW VDD_SOC 6110mW/6112mW
08-04-2026 11:54:15 RAM 3727/7620MB (lfb 35x1MB) SWAP 2411/12002MB (cached 119MB) CPU [0%@1728,0%@1728,0%@1728,0%@1728,0%@1728,18%@1728] GR3D_FREQ 94% cpu@72C soc2@70.625C soc0@70.937C gpu@74.031C tj@74.031C soc1@71.406C VDD_IN 23197mW/23156mW VDD_CPU_GPU_CV 9896mW/9885mW VDD_SOC 6110mW/6112mW
08-04-2026 11:54:15 RAM 3727/7620MB (lfb 35x1MB) SWAP 2411/12002MB (cached 119MB) CPU [9%@1728,0%@1728,16%@1728,0%@1728,9%@1728,27%@1728] GR3D_FREQ 94% cpu@72.125C soc2@70.468C soc0@70.812C gpu@73.937C tj@73.937C soc1@71.187C VDD_IN 23156mW/23156mW VDD_CPU_GPU_CV 9896mW/9885mW VDD_SOC 6110mW/6112mW
08-04-2026 11:54:15 RAM 3727/7620MB (lfb 35x1MB) SWAP 2411/12002MB (cached 119MB) CPU [0%@1728,9%@1728,0%@1728,0%@1728,0%@1728,18%@1728] GR3D_FREQ 94% cpu@71.781C soc2@70.625C soc0@70.781C gpu@73.906C tj@73.906C soc1@71.187C VDD_IN 23197mW/23156mW VDD_CPU_GPU_CV 9896mW/9885mW VDD_SOC 6110mW/6112mW
08-04-2026 11:54:16 RAM 3727/7620MB (lfb 35x1MB) SWAP 2411/12002MB (cached 119MB) CPU [0%@1728,9%@1728,0%@1728,18%@1728,0%@1728,11%@1728] GR3D_FREQ 96% cpu@71.75C soc2@70.656C soc0@70.812C gpu@73.75C tj@73.75C soc1@71.281C VDD_IN 23076mW/23156mW VDD_CPU_GPU_CV 9816mW/9885mW VDD_SOC 6110mW/6112mW
08-04-2026 11:54:16 RAM 3727/7620MB (lfb 35x1MB) SWAP 2411/12002MB (cached 119MB) CPU [0%@1728,0%@1728,0%@1728,0%@1728,0%@1728,0%@1728] GR3D_FREQ 94% cpu@71.968C soc2@70.625C soc0@70.968C gpu@73.906C tj@73.906C soc1@71.125C VDD_IN 23156mW/23156mW VDD_CPU_GPU_CV 9856mW/9885mW VDD_SOC 6110mW/6112mW
08-04-2026 11:54:16 RAM 3728/7620MB (lfb 35x1MB) SWAP 2411/12002MB (cached 119MB) CPU [10%@1728,0%@1728,0%@1728,9%@1728,0%@1728,30%@1728] GR3D_FREQ 95% cpu@72.062C soc2@70.531C soc0@70.812C gpu@73.968C tj@73.968C soc1@71.156C VDD_IN 23116mW/23156mW VDD_CPU_GPU_CV 9856mW/9885mW VDD_SOC 6110mW/6112mW
08-04-2026 11:54:16 RAM 3728/7620MB (lfb 35x1MB) SWAP 2411/12002MB (cached 119MB) CPU [0%@1728,9%@1728,0%@1728,0%@1728,0%@1728,20%@1728] GR3D_FREQ 96% cpu@71.687C soc2@70.593C soc0@70.687C gpu@73.781C tj@73.781C soc1@71.218C VDD_IN 23197mW/23156mW VDD_CPU_GPU_CV 9896mW/9885mW VDD_SOC 6110mW/6112mW
08-04-2026 11:54:16 RAM 3728/7620MB (lfb 35x1MB) SWAP 2411/12002MB (cached 119MB) CPU [0%@1728,9%@1728,16%@1728,0%@1728,0%@1728,25%@1728] GR3D_FREQ 91% cpu@71.812C soc2@70.5C soc0@70.875C gpu@74.218C tj@74.218C soc1@71.343C VDD_IN 23197mW/23156mW VDD_CPU_GPU_CV 9896mW/9885mW VDD_SOC 6110mW/6112mW
08-04-2026 11:54:16 RAM 3728/7620MB (lfb 35x1MB) SWAP 2411/12002MB (cached 119MB) CPU [0%@1728,0%@1728,0%@1728,0%@1728,0%@1728,27%@1728] GR3D_FREQ 96% cpu@71.937C soc2@70.687C soc0@70.843C gpu@73.812C tj@73.812C soc1@71.156C VDD_IN 23237mW/23156mW VDD_CPU_GPU_CV 9856mW/9885mW VDD_SOC 6110mW/6112mW
08-04-2026 11:54:16 RAM 3728/7620MB (lfb 35x1MB) SWAP 2411/12002MB (cached 119MB) CPU [0%@1728,0%@1728,0%@1728,0%@1728,0%@1728,18%@1728] GR3D_FREQ 96% cpu@72.156C soc2@70.531C soc0@70.781C gpu@73.781C tj@73.781C soc1@71.156C VDD_IN 23237mW/23156mW VDD_CPU_GPU_CV 9896mW/9885mW VDD_SOC 6110mW/6112mW
08-04-2026 11:54:16 RAM 3728/7620MB (lfb 35x1MB) SWAP 2411/12002MB (cached 119MB) CPU [8%@1728,0%@1728,0%@1728,0%@1728,0%@1728,27%@1728] GR3D_FREQ 96% cpu@71.781C soc2@70.531C soc0@70.875C gpu@74.25C tj@74.25C soc1@71.281C VDD_IN 23197mW/23156mW VDD_CPU_GPU_CV 9896mW/9885mW VDD_SOC 6110mW/6112mW
08-04-2026 11:54:16 RAM 3728/7620MB (lfb 35x1MB) SWAP 2411/12002MB (cached 119MB) CPU [0%@1728,9%@1728,0%@1728,0%@1728,0%@1728,18%@1728] GR3D_FREQ 94% cpu@71.843C soc2@70.562C soc0@70.812C gpu@74.187C tj@74.187C soc1@71.281C VDD_IN 23237mW/23157mW VDD_CPU_GPU_CV 9896mW/9885mW VDD_SOC 6110mW/6112mW
08-04-2026 11:54:17 RAM 3728/7620MB (lfb 35x1MB) SWAP 2411/12002MB (cached 119MB) CPU [9%@1728,18%@1728,0%@1728,0%@1728,0%@1728,27%@1728] GR3D_FREQ 95% cpu@72.062C soc2@70.625C soc0@71.062C gpu@73.656C tj@73.656C soc1@71.125C VDD_IN 23156mW/23157mW VDD_CPU_GPU_CV 9896mW/9885mW VDD_SOC 6110mW/6112mW
08-04-2026 11:54:17 RAM 3728/7620MB (lfb 35x1MB) SWAP 2411/12002MB (cached 119MB) CPU [0%@1728,0%@1728,0%@1728,9%@1728,0%@1728,18%@1728] GR3D_FREQ 95% cpu@72.062C soc2@70.562C soc0@70.843C gpu@74.25C tj@74.25C soc1@71.187C VDD_IN 23197mW/23157mW VDD_CPU_GPU_CV 9856mW/9885mW VDD_SOC 6110mW/6112mW
08-04-2026 11:54:17 RAM 3728/7620MB (lfb 35x1MB) SWAP 2411/12002MB (cached 119MB) CPU [0%@1728,0%@1728,8%@1728,9%@1728,8%@1728,20%@1728] GR3D_FREQ 95% cpu@71.781C soc2@70.562C soc0@70.875C gpu@74C tj@74C soc1@71.281C VDD_IN 23156mW/23157mW VDD_CPU_GPU_CV 9816mW/9884mW VDD_SOC 6070mW/6112mW
08-04-2026 11:54:17 RAM 3729/7620MB (lfb 35x1MB) SWAP 2411/12002MB (cached 119MB) CPU [0%@1728,9%@1728,9%@1728,9%@1728,25%@1728,8%@1728] GR3D_FREQ 89% cpu@71.843C soc2@70.562C soc0@70.968C gpu@74C tj@74C soc1@71.406C VDD_IN 23197mW/23157mW VDD_CPU_GPU_CV 9856mW/9884mW VDD_SOC 6110mW/6112mW
08-04-2026 11:54:17 RAM 3729/7620MB (lfb 35x1MB) SWAP 2411/12002MB (cached 119MB) CPU [9%@1728,0%@1728,0%@1728,0%@1728,20%@1728,0%@1728] GR3D_FREQ 96% cpu@71.843C soc2@70.718C soc0@70.687C gpu@73.906C tj@73.906C soc1@71.156C VDD_IN 23197mW/23157mW VDD_CPU_GPU_CV 9856mW/9884mW VDD_SOC 6110mW/6112mW
08-04-2026 11:54:17 RAM 3729/7620MB (lfb 35x1MB) SWAP 2411/12002MB (cached 119MB) CPU [8%@1728,0%@1728,0%@1728,0%@1728,20%@1728,0%@1728] GR3D_FREQ 96% cpu@72.031C soc2@70.625C soc0@70.906C gpu@74.062C tj@74.062C soc1@71.25C VDD_IN 23237mW/23157mW VDD_CPU_GPU_CV 9896mW/9884mW VDD_SOC 6110mW/6112mW
08-04-2026 11:54:17 RAM 3729/7620MB (lfb 35x1MB) SWAP 2411/12002MB (cached 119MB) CPU [9%@1728,0%@1728,0%@1728,0%@1728,10%@1728,0%@1728] GR3D_FREQ 94% cpu@71.75C soc2@70.656C soc0@70.843C gpu@74C tj@74C soc1@71.25C VDD_IN 23277mW/23157mW VDD_CPU_GPU_CV 9896mW/9884mW VDD_SOC 6110mW/6112mW
08-04-2026 11:54:17 RAM 3729/7620MB (lfb 35x1MB) SWAP 2411/12002MB (cached 119MB) CPU [0%@1728,0%@1728,0%@1728,0%@1728,0%@1728,0%@1728] GR3D_FREQ 94% cpu@71.812C soc2@70.593C soc0@71.062C gpu@73.906C tj@73.906C soc1@71.406C VDD_IN 23237mW/23158mW VDD_CPU_GPU_CV 9896mW/9884mW VDD_SOC 6110mW/6112mW
08-04-2026 11:54:17 RAM 3729/7620MB (lfb 35x1MB) SWAP 2411/12002MB (cached 119MB) CPU [0%@1728,0%@1728,0%@1728,0%@1728,11%@1728,0%@1728] GR3D_FREQ 94% cpu@71.812C soc2@70.562C soc0@70.843C gpu@74.093C tj@74.093C soc1@71.25C VDD_IN 23277mW/23158mW VDD_CPU_GPU_CV 9896mW/9884mW VDD_SOC 6150mW/6112mW
08-04-2026 11:54:18 RAM 3729/7620MB (lfb 35x1MB) SWAP 2411/12002MB (cached 119MB) CPU [9%@1728,0%@1728,0%@1728,0%@1728,10%@1728,0%@1728] GR3D_FREQ 94% cpu@71.968C soc2@70.562C soc0@70.875C gpu@74C tj@74C soc1@71.218C VDD_IN 23237mW/23158mW VDD_CPU_GPU_CV 9896mW/9884mW VDD_SOC 6150mW/6112mW
08-04-2026 11:54:18 RAM 3729/7620MB (lfb 35x1MB) SWAP 2411/12002MB (cached 119MB) CPU [0%@1728,25%@1728,9%@1728,23%@1728,18%@1728,0%@1728] GR3D_FREQ 96% cpu@71.812C soc2@70.687C soc0@70.875C gpu@73.937C tj@73.937C soc1@71.312C VDD_IN 23156mW/23158mW VDD_CPU_GPU_CV 9936mW/9885mW VDD_SOC 6110mW/6112mW
08-04-2026 11:54:18 RAM 3729/7620MB (lfb 35x1MB) SWAP 2411/12002MB (cached 119MB) CPU [0%@1728,0%@1728,0%@1728,16%@1728,0%@1728,0%@1728] GR3D_FREQ 94% cpu@71.843C soc2@70.687C soc0@71.062C gpu@73.937C tj@73.937C soc1@71.468C VDD_IN 23156mW/23158mW VDD_CPU_GPU_CV 9896mW/9885mW VDD_SOC 6110mW/6112mW
08-04-2026 11:54:18 RAM 3729/7620MB (lfb 35x1MB) SWAP 2411/12002MB (cached 119MB) CPU [0%@1728,9%@1728,9%@1728,0%@1728,18%@1728,0%@1728] GR3D_FREQ 93% cpu@71.906C soc2@70.531C soc0@70.875C gpu@73.968C tj@74.343C soc1@71.343C VDD_IN 23116mW/23158mW VDD_CPU_GPU_CV 9896mW/9885mW VDD_SOC 6110mW/6112mW
08-04-2026 11:54:18 RAM 3729/7620MB (lfb 35x1MB) SWAP 2411/12002MB (cached 119MB) CPU [0%@1728,0%@1728,0%@1728,0%@1728,11%@1728,0%@1728] GR3D_FREQ 96% cpu@71.812C soc2@70.625C soc0@70.906C gpu@73.875C tj@73.875C soc1@71.406C VDD_IN 23116mW/23158mW VDD_CPU_GPU_CV 9856mW/9885mW VDD_SOC 6110mW/6112mW
08-04-2026 11:54:18 RAM 3729/7620MB (lfb 35x1MB) SWAP 2411/12002MB (cached 119MB) CPU [0%@1728,0%@1728,0%@1728,0%@1728,10%@1728,0%@1728] GR3D_FREQ 96% cpu@71.843C soc2@70.593C soc0@70.968C gpu@73.968C tj@73.968C soc1@71.468C VDD_IN 23156mW/23158mW VDD_CPU_GPU_CV 9896mW/9885mW VDD_SOC 6110mW/6112mW
08-04-2026 11:54:18 RAM 3729/7620MB (lfb 35x1MB) SWAP 2411/12002MB (cached 119MB) CPU [8%@1728,0%@1728,0%@1728,9%@1728,0%@1728,0%@1728] GR3D_FREQ 96% cpu@71.875C soc2@70.718C soc0@71.062C gpu@74.218C tj@74.218C soc1@71.656C VDD_IN 23156mW/23158mW VDD_CPU_GPU_CV 9856mW/9884mW VDD_SOC 6110mW/6112mW
08-04-2026 11:54:18 RAM 3735/7620MB (lfb 35x1MB) SWAP 2411/12002MB (cached 119MB) CPU [0%@1728,16%@1728,22%@1728,27%@1728,0%@1728,0%@1728] GR3D_FREQ 94% cpu@72.312C soc2@70.656C soc0@70.937C gpu@74.156C tj@74.156C soc1@71.312C VDD_IN 23277mW/23158mW VDD_CPU_GPU_CV 9936mW/9885mW VDD_SOC 6110mW/6112mW
08-04-2026 11:54:18 RAM 3733/7620MB (lfb 35x1MB) SWAP 2411/12002MB (cached 119MB) CPU [0%@1728,0%@1728,0%@1728,0%@1728,0%@1728,0%@1728] GR3D_FREQ 94% cpu@71.875C soc2@70.812C soc0@70.968C gpu@73.968C tj@73.968C soc1@71.406C VDD_IN 23237mW/23158mW VDD_CPU_GPU_CV 9936mW/9885mW VDD_SOC 6110mW/6112mW
08-04-2026 11:54:18 RAM 3733/7620MB (lfb 35x1MB) SWAP 2411/12002MB (cached 119MB) CPU [0%@1728,0%@1728,9%@1728,0%@1728,0%@1728,0%@1728] GR3D_FREQ 94% cpu@71.906C soc2@70.812C soc0@71.093C gpu@74.312C tj@74.312C soc1@71.437C VDD_IN 23237mW/23159mW VDD_CPU_GPU_CV 9896mW/9885mW VDD_SOC 6110mW/6112mW
08-04-2026 11:54:19 RAM 3733/7620MB (lfb 35x1MB) SWAP 2411/12002MB (cached 119MB) CPU [0%@1728,11%@1728,16%@1728,9%@1728,18%@1728,0%@1728] GR3D_FREQ 96% cpu@72.125C soc2@70.843C soc0@71.093C gpu@74.187C tj@74.187C soc1@71.593C VDD_IN 23237mW/23159mW VDD_CPU_GPU_CV 9896mW/9885mW VDD_SOC 6110mW/6112mW
08-04-2026 11:54:19 RAM 3733/7620MB (lfb 35x1MB) SWAP 2411/12002MB (cached 119MB) CPU [0%@1728,0%@1728,0%@1728,0%@1728,27%@1728,0%@1728] GR3D_FREQ 94% cpu@72.187C soc2@70.812C soc0@71.031C gpu@74.125C tj@74.125C soc1@71.375C VDD_IN 23237mW/23159mW VDD_CPU_GPU_CV 9856mW/9885mW VDD_SOC 6110mW/6112mW
08-04-2026 11:54:19 RAM 3733/7620MB (lfb 35x1MB) SWAP 2411/12002MB (cached 119MB) CPU [9%@1728,9%@1728,0%@1728,9%@1728,30%@1728,8%@1728] GR3D_FREQ 94% cpu@71.937C soc2@70.718C soc0@71C gpu@74.343C tj@74.343C soc1@71.406C VDD_IN 23237mW/23159mW VDD_CPU_GPU_CV 9856mW/9885mW VDD_SOC 6110mW/6112mW
08-04-2026 11:54:19 RAM 3733/7620MB (lfb 35x1MB) SWAP 2411/12002MB (cached 119MB) CPU [9%@1728,0%@1728,0%@1728,0%@1728,20%@1728,9%@1728] GR3D_FREQ 96% cpu@72.031C soc2@70.812C soc0@71.093C gpu@74.156C tj@74.156C soc1@71.531C VDD_IN 23197mW/23159mW VDD_CPU_GPU_CV 9856mW/9885mW VDD_SOC 6110mW/6112mW
08-04-2026 11:54:19 RAM 3733/7620MB (lfb 35x1MB) SWAP 2411/12002MB (cached 119MB) CPU [9%@1728,0%@1728,0%@1728,0%@1728,25%@1728,0%@1728] GR3D_FREQ 96% cpu@72.281C soc2@70.843C soc0@71.312C gpu@74.187C tj@74.187C soc1@71.437C VDD_IN 23237mW/23159mW VDD_CPU_GPU_CV 9896mW/9885mW VDD_SOC 6110mW/6112mW
08-04-2026 11:54:19 RAM 3733/7620MB (lfb 35x1MB) SWAP 2411/12002MB (cached 119MB) CPU [8%@1728,0%@1728,0%@1728,8%@1728,25%@1728,0%@1728] GR3D_FREQ 94% cpu@72.375C soc2@70.718C soc0@71.062C gpu@74.093C tj@74.093C soc1@71.375C VDD_IN 23237mW/23160mW VDD_CPU_GPU_CV 9896mW/9885mW VDD_SOC 6110mW/6112mW
08-04-2026 11:54:19 RAM 3733/7620MB (lfb 35x1MB) SWAP 2411/12002MB (cached 119MB) CPU [0%@1728,0%@1728,9%@1728,0%@1728,20%@1728,0%@1728] GR3D_FREQ 96% cpu@72C soc2@70.843C soc0@71.031C gpu@74.281C tj@74.281C soc1@71.5C VDD_IN 23277mW/23160mW VDD_CPU_GPU_CV 9896mW/9885mW VDD_SOC 6150mW/6112mW
08-04-2026 11:54:19 RAM 3733/7620MB (lfb 35x1MB) SWAP 2411/12002MB (cached 119MB) CPU [0%@1728,8%@1728,0%@1728,0%@1728,25%@1728,0%@1728] GR3D_FREQ 96% cpu@72.062C soc2@70.875C soc0@71.156C gpu@74.156C tj@74.156C soc1@71.593C VDD_IN 23237mW/23160mW VDD_CPU_GPU_CV 9896mW/9885mW VDD_SOC 6150mW/6112mW
08-04-2026 11:54:19 RAM 3733/7620MB (lfb 35x1MB) SWAP 2411/12002MB (cached 119MB) CPU [0%@1728,0%@1728,0%@1728,0%@1728,27%@1728,0%@1728] GR3D_FREQ 96% cpu@72.156C soc2@70.812C soc0@71.312C gpu@74.093C tj@74.093C soc1@71.75C VDD_IN 23237mW/23160mW VDD_CPU_GPU_CV 9896mW/9885mW VDD_SOC 6150mW/6112mW
08-04-2026 11:54:20 RAM 3733/7620MB (lfb 35x1MB) SWAP 2411/12002MB (cached 119MB) CPU [0%@1728,16%@1728,0%@1728,0%@1728,18%@1728,0%@1728] GR3D_FREQ 96% cpu@72.312C soc2@70.812C soc0@71.031C gpu@74.093C tj@74.093C soc1@71.468C VDD_IN 23277mW/23160mW VDD_CPU_GPU_CV 9896mW/9885mW VDD_SOC 6150mW/6113mW
08-04-2026 11:54:20 RAM 3733/7620MB (lfb 35x1MB) SWAP 2411/12002MB (cached 119MB) CPU [10%@1728,10%@1728,0%@1728,18%@1728,20%@1728,10%@1728] GR3D_FREQ 96% cpu@72.031C soc2@70.875C soc0@71.093C gpu@74.156C tj@74.156C soc1@71.593C VDD_IN 23116mW/23160mW VDD_CPU_GPU_CV 9896mW/9885mW VDD_SOC 6110mW/6113mW
08-04-2026 11:54:20 RAM 3733/7620MB (lfb 35x1MB) SWAP 2411/12002MB (cached 119MB) CPU [0%@1728,0%@1728,0%@1728,0%@1728,25%@1728,0%@1728] GR3D_FREQ 94% cpu@72.125C soc2@70.875C soc0@71.156C gpu@74.187C tj@74.187C soc1@71.625C VDD_IN 23156mW/23160mW VDD_CPU_GPU_CV 9896mW/9885mW VDD_SOC 6150mW/6113mW
08-04-2026 11:54:20 RAM 3733/7620MB (lfb 35x1MB) SWAP 2411/12002MB (cached 119MB) CPU [10%@1728,0%@1728,9%@1728,0%@1728,11%@1728,0%@1728] GR3D_FREQ 94% cpu@72.125C soc2@70.906C soc0@71.312C gpu@74.593C tj@74.593C soc1@71.406C VDD_IN 23116mW/23160mW VDD_CPU_GPU_CV 9856mW/9885mW VDD_SOC 6110mW/6113mW
08-04-2026 11:54:20 RAM 3733/7620MB (lfb 35x1MB) SWAP 2411/12002MB (cached 119MB) CPU [0%@1728,9%@1728,0%@1728,0%@1728,0%@1728,0%@1728] GR3D_FREQ 96% cpu@72.343C soc2@70.843C soc0@71.156C gpu@74.5C tj@74.5C soc1@71.468C VDD_IN 23156mW/23160mW VDD_CPU_GPU_CV 9896mW/9885mW VDD_SOC 6150mW/6113mW
08-04-2026 11:54:20 RAM 3733/7620MB (lfb 35x1MB) SWAP 2411/12002MB (cached 119MB) CPU [0%@1728,0%@1728,0%@1728,0%@1728,0%@1728,0%@1728] GR3D_FREQ 94% cpu@72.062C soc2@70.843C soc0@71.156C gpu@74.093C tj@74.312C soc1@71.531C VDD_IN 23156mW/23160mW VDD_CPU_GPU_CV 9856mW/9885mW VDD_SOC 6150mW/6113mW
08-04-2026 11:54:20 RAM 3733/7620MB (lfb 35x1MB) SWAP 2411/12002MB (cached 119MB) CPU [0%@1728,9%@1728,0%@1728,9%@1728,11%@1728,0%@1728] GR3D_FREQ 96% cpu@72.093C soc2@70.843C soc0@71.187C gpu@74.593C tj@74.593C soc1@71.593C VDD_IN 23197mW/23160mW VDD_CPU_GPU_CV 9896mW/9885mW VDD_SOC 6150mW/6113mW
08-04-2026 11:54:20 RAM 3733/7620MB (lfb 35x1MB) SWAP 2411/12002MB (cached 119MB) CPU [9%@1728,0%@1728,9%@1728,0%@1728,0%@1728,0%@1728] GR3D_FREQ 94% cpu@72.125C soc2@70.937C soc0@71.156C gpu@74.406C tj@74.406C soc1@71.437C VDD_IN 23237mW/23160mW VDD_CPU_GPU_CV 9896mW/9885mW VDD_SOC 6150mW/6113mW
08-04-2026 11:54:20 RAM 3733/7620MB (lfb 35x1MB) SWAP 2411/12002MB (cached 119MB) CPU [8%@1728,0%@1728,0%@1728,0%@1728,0%@1728,0%@1728] GR3D_FREQ 96% cpu@72.156C soc2@70.843C soc0@71.093C gpu@74.281C tj@74.281C soc1@71.437C VDD_IN 23237mW/23161mW VDD_CPU_GPU_CV 9896mW/9885mW VDD_SOC 6150mW/6113mW
08-04-2026 11:54:20 RAM 3733/7620MB (lfb 35x1MB) SWAP 2411/12002MB (cached 119MB) CPU [0%@1728,0%@1728,0%@1728,8%@1728,0%@1728,0%@1728] GR3D_FREQ 93% cpu@72.093C soc2@70.843C soc0@71.062C gpu@74.531C tj@74.531C soc1@71.5C VDD_IN 23237mW/23161mW VDD_CPU_GPU_CV 9936mW/9885mW VDD_SOC 6150mW/6113mW
08-04-2026 11:54:21 RAM 3733/7620MB (lfb 35x1MB) SWAP 2411/12002MB (cached 119MB) CPU [0%@1728,18%@1728,10%@1728,0%@1728,10%@1728,0%@1728] GR3D_FREQ 94% cpu@72.156C soc2@70.906C soc0@71.218C gpu@74.25C tj@74.25C soc1@71.687C VDD_IN 23237mW/23161mW VDD_CPU_GPU_CV 9896mW/9885mW VDD_SOC 6150mW/6113mW
08-04-2026 11:54:21 RAM 3733/7620MB (lfb 35x1MB) SWAP 2411/12002MB (cached 119MB) CPU [0%@1728,10%@1728,8%@1728,0%@1728,0%@1728,0%@1728] GR3D_FREQ 94% cpu@72.093C soc2@70.968C soc0@71.375C gpu@74.312C tj@74.312C soc1@71.437C VDD_IN 23156mW/23161mW VDD_CPU_GPU_CV 9896mW/9885mW VDD_SOC 6150mW/6113mW
08-04-2026 11:54:21 RAM 3733/7620MB (lfb 35x1MB) SWAP 2411/12002MB (cached 119MB) CPU [9%@1728,40%@1728,0%@1728,0%@1728,10%@1728,0%@1728] GR3D_FREQ 94% cpu@72.312C soc2@70.781C soc0@71.125C gpu@74.187C tj@74.187C soc1@71.531C VDD_IN 23197mW/23161mW VDD_CPU_GPU_CV 9896mW/9885mW VDD_SOC 6150mW/6113mW
08-04-2026 11:54:21 RAM 3733/7620MB (lfb 35x1MB) SWAP 2411/12002MB (cached 119MB) CPU [0%@1728,30%@1728,0%@1728,0%@1728,0%@1728,20%@1728] GR3D_FREQ 94% cpu@72.062C soc2@70.843C soc0@71.062C gpu@74.062C tj@74.062C soc1@71.531C VDD_IN 23197mW/23161mW VDD_CPU_GPU_CV 9936mW/9885mW VDD_SOC 6150mW/6113mW
08-04-2026 11:54:21 RAM 3733/7620MB (lfb 35x1MB) SWAP 2411/12002MB (cached 119MB) CPU [0%@1728,0%@1728,0%@1728,0%@1728,0%@1728,25%@1728] GR3D_FREQ 94% cpu@72.062C soc2@70.937C soc0@71.281C gpu@74.281C tj@74.281C soc1@71.593C VDD_IN 23197mW/23161mW VDD_CPU_GPU_CV 9896mW/9885mW VDD_SOC 6150mW/6114mW
08-04-2026 11:54:21 RAM 3733/7620MB (lfb 35x1MB) SWAP 2411/12002MB (cached 119MB) CPU [0%@1728,9%@1728,0%@1728,0%@1728,0%@1728,11%@1728] GR3D_FREQ 96% cpu@72.125C soc2@70.906C soc0@71.093C gpu@74.281C tj@74.281C soc1@71.437C VDD_IN 23237mW/23161mW VDD_CPU_GPU_CV 9896mW/9885mW VDD_SOC 6150mW/6114mW
08-04-2026 11:54:21 RAM 3733/7620MB (lfb 35x1MB) SWAP 2411/12002MB (cached 119MB) CPU [9%@1728,0%@1728,9%@1728,0%@1728,0%@1728,10%@1728] GR3D_FREQ 96% cpu@72.031C soc2@70.843C soc0@71.093C gpu@74.187C tj@74.187C soc1@71.531C VDD_IN 23237mW/23162mW VDD_CPU_GPU_CV 9936mW/9885mW VDD_SOC 6150mW/6114mW
08-04-2026 11:54:21 RAM 3733/7620MB (lfb 35x1MB) SWAP 2411/12002MB (cached 119MB) CPU [9%@1728,0%@1728,9%@1728,0%@1728,0%@1728,0%@1728] GR3D_FREQ 94% cpu@72.031C soc2@70.875C soc0@71.187C gpu@74.625C tj@74.625C soc1@71.531C VDD_IN 23237mW/23162mW VDD_CPU_GPU_CV 9936mW/9885mW VDD_SOC 6150mW/6114mW
08-04-2026 11:54:21 RAM 3733/7620MB (lfb 35x1MB) SWAP 2411/12002MB (cached 119MB) CPU [0%@1728,0%@1728,0%@1728,0%@1728,0%@1728,10%@1728] GR3D_FREQ 96% cpu@72.281C soc2@70.906C soc0@71.25C gpu@74.218C tj@74.218C soc1@71.687C VDD_IN 23197mW/23162mW VDD_CPU_GPU_CV 9896mW/9885mW VDD_SOC 6150mW/6114mW
08-04-2026 11:54:22 RAM 3737/7620MB (lfb 35x1MB) SWAP 2411/12002MB (cached 119MB) CPU [10%@1728,30%@1728,18%@1728,0%@1728,0%@1728,27%@1728] GR3D_FREQ 90% cpu@72.312C soc2@70.937C soc0@71.062C gpu@74.093C tj@74.093C soc1@71.406C VDD_IN 23317mW/23162mW VDD_CPU_GPU_CV 9936mW/9885mW VDD_SOC 6150mW/6114mW
08-04-2026 11:54:22 RAM 3736/7620MB (lfb 35x1MB) SWAP 2411/12002MB (cached 119MB) CPU [9%@1728,20%@1728,0%@1728,0%@1728,0%@1728,18%@1728] GR3D_FREQ 96% cpu@71.968C soc2@70.843C soc0@71C gpu@74.5C tj@74.5C soc1@71.531C VDD_IN 23197mW/23162mW VDD_CPU_GPU_CV 9936mW/9886mW VDD_SOC 6110mW/6114mW
08-04-2026 11:54:22 RAM 3736/7620MB (lfb 35x1MB) SWAP 2411/12002MB (cached 119MB) CPU [0%@1728,0%@1728,0%@1728,0%@1728,0%@1728,27%@1728] GR3D_FREQ 96% cpu@71.968C soc2@70.843C soc0@71.218C gpu@74.406C tj@74.406C soc1@71.531C VDD_IN 23237mW/23162mW VDD_CPU_GPU_CV 9896mW/9886mW VDD_SOC 6110mW/6114mW
08-04-2026 11:54:22 RAM 3736/7620MB (lfb 35x1MB) SWAP 2411/12002MB (cached 119MB) CPU [18%@1728,16%@1728,9%@1728,0%@1728,0%@1728,0%@1728] GR3D_FREQ 94% cpu@72.093C soc2@70.906C soc0@71.281C gpu@74.062C tj@74.062C soc1@71.656C VDD_IN 23116mW/23162mW VDD_CPU_GPU_CV 9896mW/9886mW VDD_SOC 6110mW/6114mW
08-04-2026 11:54:22 RAM 3736/7620MB (lfb 35x1MB) SWAP 2411/12002MB (cached 119MB) CPU [11%@1728,9%@1728,9%@1728,9%@1728,0%@1728,0%@1728] GR3D_FREQ 96% cpu@72.281C soc2@70.812C soc0@71C gpu@74.5C tj@74.5C soc1@71.437C VDD_IN 23197mW/23162mW VDD_CPU_GPU_CV 9896mW/9886mW VDD_SOC 6110mW/6114mW
08-04-2026 11:54:22 RAM 3736/7620MB (lfb 35x1MB) SWAP 2411/12002MB (cached 119MB) CPU [33%@1728,8%@1728,9%@1728,0%@1728,0%@1728,0%@1728] GR3D_FREQ 96% cpu@71.937C soc2@70.843C soc0@71.062C gpu@74.375C tj@74.375C soc1@71.531C VDD_IN 23156mW/23162mW VDD_CPU_GPU_CV 9896mW/9886mW VDD_SOC 6110mW/6114mW
08-04-2026 11:54:22 RAM 3736/7620MB (lfb 35x1MB) SWAP 2411/12002MB (cached 119MB) CPU [25%@1728,9%@1728,0%@1728,0%@1728,0%@1728,0%@1728] GR3D_FREQ 93% cpu@71.937C soc2@70.906C soc0@71.156C gpu@74.125C tj@74.125C soc1@71.5C VDD_IN 23197mW/23162mW VDD_CPU_GPU_CV 9856mW/9886mW VDD_SOC 6110mW/6114mW
08-04-2026 11:54:22 RAM 3736/7620MB (lfb 35x1MB) SWAP 2411/12002MB (cached 119MB) CPU [11%@1728,0%@1728,0%@1728,0%@1728,0%@1728,0%@1728] GR3D_FREQ 96% cpu@72.25C soc2@70.875C soc0@71.218C gpu@74.093C tj@74.093C soc1@71.75C VDD_IN 23156mW/23162mW VDD_CPU_GPU_CV 9896mW/9886mW VDD_SOC 6110mW/6114mW
08-04-2026 11:54:22 RAM 3736/7620MB (lfb 35x1MB) SWAP 2411/12002MB (cached 119MB) CPU [0%@1728,9%@1728,0%@1728,0%@1728,0%@1728,0%@1728] GR3D_FREQ 94% cpu@72.312C soc2@70.843C soc0@71.031C gpu@74.312C tj@74.312C soc1@71.437C VDD_IN 23156mW/23162mW VDD_CPU_GPU_CV 9856mW/9886mW VDD_SOC 6110mW/6114mW
08-04-2026 11:54:22 RAM 3736/7620MB (lfb 35x1MB) SWAP 2411/12002MB (cached 119MB) CPU [18%@1728,8%@1728,9%@1728,0%@1728,0%@1728,0%@1728] GR3D_FREQ 96% cpu@72C soc2@70.812C soc0@71.031C gpu@74.218C tj@74.218C soc1@71.406C VDD_IN 23156mW/23162mW VDD_CPU_GPU_CV 9856mW/9885mW VDD_SOC 6110mW/6114mW
08-04-2026 11:54:23 RAM 3736/7620MB (lfb 35x1MB) SWAP 2411/12002MB (cached 119MB) CPU [36%@1728,0%@1728,9%@1728,11%@1728,0%@1728,0%@1728] GR3D_FREQ 89% cpu@72.343C soc2@70.843C soc0@71.156C gpu@74.031C tj@74.031C soc1@71.562C VDD_IN 23156mW/23162mW VDD_CPU_GPU_CV 9856mW/9885mW VDD_SOC 6070mW/6114mW
08-04-2026 11:54:23 RAM 3736/7620MB (lfb 35x1MB) SWAP 2411/12002MB (cached 119MB) CPU [10%@1728,0%@1728,9%@1728,16%@1728,10%@1728,0%@1728] GR3D_FREQ 96% cpu@72.218C soc2@70.937C soc0@71.187C gpu@74.093C tj@74.093C soc1@71.437C VDD_IN 22996mW/23162mW VDD_CPU_GPU_CV 9856mW/9885mW VDD_SOC 6070mW/6114mW
08-04-2026 11:54:23 RAM 3736/7620MB (lfb 35x1MB) SWAP 2411/12002MB (cached 119MB) CPU [0%@1728,0%@1728,0%@1728,0%@1728,25%@1728,0%@1728] GR3D_FREQ 96% cpu@72.281C soc2@70.718C soc0@71C gpu@74C tj@74C soc1@71.437C VDD_IN 23036mW/23162mW VDD_CPU_GPU_CV 9816mW/9885mW VDD_SOC 6070mW/6114mW
08-04-2026 11:54:23 RAM 3737/7620MB (lfb 35x1MB) SWAP 2411/12002MB (cached 119MB) CPU [0%@1728,0%@1728,9%@1728,0%@1728,20%@1728,0%@1728] GR3D_FREQ 96% cpu@72C soc2@70.875C soc0@71C gpu@74C tj@74C soc1@71.5C VDD_IN 23036mW/23161mW VDD_CPU_GPU_CV 9816mW/9885mW VDD_SOC 6070mW/6113mW
08-04-2026 11:54:23 RAM 3737/7620MB (lfb 35x1MB) SWAP 2411/12002MB (cached 119MB) CPU [0%@1728,0%@1728,0%@1728,0%@1728,18%@1728,0%@1728] GR3D_FREQ 94% cpu@71.968C soc2@70.812C soc0@71.187C gpu@74.062C tj@74.062C soc1@71.562C VDD_IN 23116mW/23161mW VDD_CPU_GPU_CV 9856mW/9885mW VDD_SOC 6110mW/6113mW
08-04-2026 11:54:23 RAM 3737/7620MB (lfb 35x1MB) SWAP 2411/12002MB (cached 119MB) CPU [0%@1728,0%@1728,0%@1728,0%@1728,27%@1728,0%@1728] GR3D_FREQ 94% cpu@72.031C soc2@70.843C soc0@70.937C gpu@74.5C tj@74.5C soc1@71.343C VDD_IN 23156mW/23161mW VDD_CPU_GPU_CV 9856mW/9885mW VDD_SOC 6110mW/6113mW
08-04-2026 11:54:23 RAM 3737/7620MB (lfb 35x1MB) SWAP 2411/12002MB (cached 119MB) CPU [0%@1728,0%@1728,9%@1728,0%@1728,18%@1728,0%@1728] GR3D_FREQ 96% cpu@72.25C soc2@70.781C soc0@71C gpu@74.312C tj@74.312C soc1@71.375C VDD_IN 23197mW/23161mW VDD_CPU_GPU_CV 9856mW/9885mW VDD_SOC 6110mW/6113mW
08-04-2026 11:54:23 RAM 3737/7620MB (lfb 35x1MB) SWAP 2411/12002MB (cached 119MB) CPU [8%@1728,9%@1728,0%@1728,9%@1728,25%@1728,0%@1728] GR3D_FREQ 95% cpu@71.906C soc2@70.75C soc0@71.031C gpu@74C tj@74C soc1@71.5C VDD_IN 23197mW/23161mW VDD_CPU_GPU_CV 9856mW/9885mW VDD_SOC 6110mW/6113mW
08-04-2026 11:54:23 RAM 3737/7620MB (lfb 35x1MB) SWAP 2411/12002MB (cached 119MB) CPU [0%@1728,0%@1728,0%@1728,9%@1728,20%@1728,0%@1728] GR3D_FREQ 95% cpu@71.937C soc2@70.812C soc0@71.093C gpu@74.437C tj@74.437C soc1@71.562C VDD_IN 23197mW/23162mW VDD_CPU_GPU_CV 9856mW/9885mW VDD_SOC 6110mW/6113mW
08-04-2026 11:54:24 RAM 3737/7620MB (lfb 35x1MB) SWAP 2411/12002MB (cached 119MB) CPU [9%@1728,0%@1728,9%@1728,0%@1728,25%@1728,0%@1728] GR3D_FREQ 94% cpu@72C soc2@70.781C soc0@70.906C gpu@74.312C tj@74.312C soc1@71.312C VDD_IN 23237mW/23162mW VDD_CPU_GPU_CV 9936mW/9885mW VDD_SOC 6110mW/6113mW
08-04-2026 11:54:24 RAM 3737/7620MB (lfb 35x1MB) SWAP 2411/12002MB (cached 119MB) CPU [9%@1728,9%@1728,16%@1728,20%@1728,0%@1728,0%@1728] GR3D_FREQ 94% cpu@71.906C soc2@70.75C soc0@71.031C gpu@74.125C tj@74.125C soc1@71.375C VDD_IN 23116mW/23162mW VDD_CPU_GPU_CV 9856mW/9885mW VDD_SOC 6110mW/6113mW
08-04-2026 11:54:24 RAM 3737/7620MB (lfb 35x1MB) SWAP 2411/12002MB (cached 119MB) CPU [0%@1728,0%@1728,0%@1728,9%@1728,0%@1728,0%@1728] GR3D_FREQ 96% cpu@71.906C soc2@70.718C soc0@70.968C gpu@74.375C tj@74.375C soc1@71.468C VDD_IN 23197mW/23162mW VDD_CPU_GPU_CV 9896mW/9885mW VDD_SOC 6110mW/6113mW
08-04-2026 11:54:24 RAM 3737/7620MB (lfb 35x1MB) SWAP 2411/12002MB (cached 119MB) CPU [9%@1728,8%@1728,0%@1728,0%@1728,20%@1728,0%@1728] GR3D_FREQ 94% cpu@71.937C soc2@70.781C soc0@71.062C gpu@74.187C tj@74.187C soc1@71.5C VDD_IN 23197mW/23162mW VDD_CPU_GPU_CV 9896mW/9885mW VDD_SOC 6110mW/6113mW
08-04-2026 11:54:24 RAM 3737/7620MB (lfb 35x1MB) SWAP 2411/12002MB (cached 119MB) CPU [0%@1728,0%@1728,0%@1728,0%@1728,25%@1728,0%@1728] GR3D_FREQ 96% cpu@71.968C soc2@70.718C soc0@70.875C gpu@74.125C tj@74.125C soc1@71.312C VDD_IN 23237mW/23162mW VDD_CPU_GPU_CV 9896mW/9885mW VDD_SOC 6110mW/6113mW
08-04-2026 11:54:24 RAM 3737/7620MB (lfb 35x1MB) SWAP 2411/12002MB (cached 119MB) CPU [9%@1728,0%@1728,9%@1728,0%@1728,18%@1728,0%@1728] GR3D_FREQ 96% cpu@71.812C soc2@70.75C soc0@70.968C gpu@74.093C tj@74.093C soc1@71.343C VDD_IN 23197mW/23162mW VDD_CPU_GPU_CV 9856mW/9885mW VDD_SOC 6110mW/6113mW
08-04-2026 11:54:24 RAM 3737/7620MB (lfb 35x1MB) SWAP 2411/12002MB (cached 119MB) CPU [0%@1728,0%@1728,0%@1728,0%@1728,33%@1728,0%@1728] GR3D_FREQ 94% cpu@71.968C soc2@70.75C soc0@71C gpu@74.25C tj@74.25C soc1@71.531C VDD_IN 23237mW/23162mW VDD_CPU_GPU_CV 9896mW/9885mW VDD_SOC 6110mW/6113mW
08-04-2026 11:54:24 RAM 3737/7620MB (lfb 35x1MB) SWAP 2411/12002MB (cached 119MB) CPU [0%@1728,0%@1728,8%@1728,0%@1728,25%@1728,0%@1728] GR3D_FREQ 96% cpu@71.906C soc2@70.843C soc0@71.062C gpu@74.062C tj@74.062C soc1@71.625C VDD_IN 23237mW/23162mW VDD_CPU_GPU_CV 9896mW/9885mW VDD_SOC 6150mW/6113mW
08-04-2026 11:54:24 RAM 3737/7620MB (lfb 35x1MB) SWAP 2411/12002MB (cached 119MB) CPU [9%@1728,0%@1728,0%@1728,0%@1728,27%@1728,0%@1728] GR3D_FREQ 94% cpu@72.218C soc2@70.625C soc0@70.875C gpu@74C tj@74C soc1@71.343C VDD_IN 23237mW/23162mW VDD_CPU_GPU_CV 9896mW/9885mW VDD_SOC 6150mW/6114mW
08-04-2026 11:54:24 RAM 3737/7620MB (lfb 35x1MB) SWAP 2411/12002MB (cached 119MB) CPU [0%@1728,0%@1728,0%@1728,0%@1728,18%@1728,0%@1728] GR3D_FREQ 94% cpu@71.812C soc2@70.656C soc0@70.937C gpu@73.968C tj@73.968C soc1@71.312C VDD_IN 23237mW/23163mW VDD_CPU_GPU_CV 9896mW/9885mW VDD_SOC 6150mW/6114mW
08-04-2026 11:54:25 RAM 3737/7620MB (lfb 35x1MB) SWAP 2411/12002MB (cached 119MB) CPU [0%@1728,0%@1728,0%@1728,10%@1728,27%@1728,0%@1728] GR3D_FREQ 94% cpu@72C soc2@70.75C soc0@70.968C gpu@74C tj@74C soc1@71.375C VDD_IN 23156mW/23163mW VDD_CPU_GPU_CV 9856mW/9885mW VDD_SOC 6150mW/6114mW
08-04-2026 11:54:25 RAM 3737/7620MB (lfb 35x1MB) SWAP 2411/12002MB (cached 119MB) CPU [0%@1728,0%@1728,0%@1728,0%@1728,18%@1728,8%@1728] GR3D_FREQ 94% cpu@72.062C soc2@70.781C soc0@71.031C gpu@73.937C tj@73.937C soc1@71.5C VDD_IN 23156mW/23163mW VDD_CPU_GPU_CV 9856mW/9885mW VDD_SOC 6150mW/6114mW
08-04-2026 11:54:25 RAM 3732/7620MB (lfb 35x1MB) SWAP 2411/12002MB (cached 119MB) CPU [9%@1728,10%@1728,18%@1728,36%@1728,33%@1728,9%@1728] GR3D_FREQ 94% cpu@72.281C soc2@70.718C soc0@70.906C gpu@73.875C tj@73.875C soc1@71.281C VDD_IN 23237mW/23163mW VDD_CPU_GPU_CV 9896mW/9885mW VDD_SOC 6110mW/6114mW
08-04-2026 11:54:25 RAM 3732/7620MB (lfb 35x1MB) SWAP 2411/12002MB (cached 119MB) CPU [0%@1728,0%@1728,0%@1728,0%@1728,18%@1728,9%@1728] GR3D_FREQ 94% cpu@71.812C soc2@70.75C soc0@70.906C gpu@74.406C tj@74.406C soc1@71.281C VDD_IN 23197mW/23163mW VDD_CPU_GPU_CV 9936mW/9885mW VDD_SOC 6150mW/6114mW
08-04-2026 11:54:25 RAM 3732/7620MB (lfb 35x1MB) SWAP 2411/12002MB (cached 119MB) CPU [0%@1728,18%@1728,0%@1728,16%@1728,20%@1728,0%@1728] GR3D_FREQ 94% cpu@71.875C soc2@70.687C soc0@70.968C gpu@74.031C tj@74.031C soc1@71.406C VDD_IN 23197mW/23163mW VDD_CPU_GPU_CV 9896mW/9885mW VDD_SOC 6150mW/6114mW
08-04-2026 11:54:25 RAM 3732/7620MB (lfb 35x1MB) SWAP 2411/12002MB (cached 119MB) CPU [0%@1728,0%@1728,0%@1728,0%@1728,10%@1728,0%@1728] GR3D_FREQ 96% cpu@71.968C soc2@70.75C soc0@71.125C gpu@73.968C tj@73.968C soc1@71.25C VDD_IN 23237mW/23163mW VDD_CPU_GPU_CV 9936mW/9885mW VDD_SOC 6150mW/6114mW
08-04-2026 11:54:25 RAM 3732/7620MB (lfb 35x1MB) SWAP 2411/12002MB (cached 119MB) CPU [9%@1728,0%@1728,0%@1728,0%@1728,20%@1728,0%@1728] GR3D_FREQ 96% cpu@72.125C soc2@70.656C soc0@70.843C gpu@74.25C tj@74.25C soc1@71.343C VDD_IN 23197mW/23163mW VDD_CPU_GPU_CV 9896mW/9885mW VDD_SOC 6150mW/6114mW
08-04-2026 11:54:25 RAM 3732/7620MB (lfb 35x1MB) SWAP 2411/12002MB (cached 119MB) CPU [0%@1728,0%@1728,0%@1728,0%@1728,18%@1728,0%@1728] GR3D_FREQ 96% cpu@72.156C soc2@70.625C soc0@70.843C gpu@74.062C tj@74.062C soc1@71.25C VDD_IN 23197mW/23163mW VDD_CPU_GPU_CV 9896mW/9885mW VDD_SOC 6150mW/6114mW
08-04-2026 11:54:25 RAM 3732/7620MB (lfb 35x1MB) SWAP 2411/12002MB (cached 119MB) CPU [0%@1728,8%@1728,0%@1728,0%@1728,25%@1728,0%@1728] GR3D_FREQ 96% cpu@71.875C soc2@70.687C soc0@71.062C gpu@74.5C tj@74.5C soc1@71.375C VDD_IN 23197mW/23163mW VDD_CPU_GPU_CV 9896mW/9885mW VDD_SOC 6150mW/6114mW
08-04-2026 11:54:26 RAM 3732/7620MB (lfb 35x1MB) SWAP 2411/12002MB (cached 119MB) CPU [9%@1728,0%@1728,0%@1728,9%@1728,27%@1728,9%@1728] GR3D_FREQ 92% cpu@72C soc2@70.687C soc0@71C gpu@74.187C tj@74.187C soc1@71.531C VDD_IN 23197mW/23163mW VDD_CPU_GPU_CV 9896mW/9885mW VDD_SOC 6150mW/6114mW
08-04-2026 11:54:26 RAM 3732/7620MB (lfb 35x1MB) SWAP 2411/12002MB (cached 119MB) CPU [0%@1728,10%@1728,9%@1728,9%@1728,18%@1728,8%@1728] GR3D_FREQ 96% cpu@72.062C soc2@70.531C soc0@70.812C gpu@74.031C tj@74.031C soc1@71.218C VDD_IN 23156mW/23163mW VDD_CPU_GPU_CV 9856mW/9885mW VDD_SOC 6110mW/6114mW
08-04-2026 11:54:26 RAM 3732/7620MB (lfb 35x1MB) SWAP 2411/12002MB (cached 119MB) CPU [9%@1728,0%@1728,0%@1728,0%@1728,20%@1728,0%@1728] GR3D_FREQ 93% cpu@71.875C soc2@70.687C soc0@70.781C gpu@74C tj@74C soc1@71.281C VDD_IN 23156mW/23163mW VDD_CPU_GPU_CV 9896mW/9885mW VDD_SOC 6110mW/6114mW
08-04-2026 11:54:26 RAM 3732/7620MB (lfb 35x1MB) SWAP 2411/12002MB (cached 119MB) CPU [16%@1728,0%@1728,0%@1728,0%@1728,25%@1728,0%@1728] GR3D_FREQ 96% cpu@71.875C soc2@70.656C soc0@70.906C gpu@74.187C tj@74.187C soc1@71.437C VDD_IN 23156mW/23163mW VDD_CPU_GPU_CV 9896mW/9885mW VDD_SOC 6110mW/6114mW
08-04-2026 11:54:26 RAM 3732/7620MB (lfb 35x1MB) SWAP 2411/12002MB (cached 119MB) CPU [0%@1728,0%@1728,0%@1728,0%@1728,10%@1728,0%@1728] GR3D_FREQ 93% cpu@71.875C soc2@70.718C soc0@71C gpu@74.031C tj@74.031C soc1@71.218C VDD_IN 23116mW/23163mW VDD_CPU_GPU_CV 9856mW/9885mW VDD_SOC 6110mW/6114mW
08-04-2026 11:54:26 RAM 3732/7620MB (lfb 35x1MB) SWAP 2411/12002MB (cached 119MB) CPU [9%@1728,0%@1728,0%@1728,0%@1728,0%@1728,10%@1728] GR3D_FREQ 94% cpu@71.968C soc2@70.593C soc0@70.812C gpu@73.968C tj@73.968C soc1@71.25C VDD_IN 23156mW/23163mW VDD_CPU_GPU_CV 9856mW/9885mW VDD_SOC 6110mW/6114mW
08-04-2026 11:54:26 RAM 3732/7620MB (lfb 35x1MB) SWAP 2411/12002MB (cached 119MB) CPU [9%@1728,16%@1728,8%@1728,0%@1728,10%@1728,0%@1728] GR3D_FREQ 91% cpu@72.187C soc2@70.625C soc0@70.843C gpu@74C tj@74C soc1@71.25C VDD_IN 23197mW/23163mW VDD_CPU_GPU_CV 9856mW/9885mW VDD_SOC 6110mW/6114mW
08-04-2026 11:54:26 RAM 3732/7620MB (lfb 35x1MB) SWAP 2411/12002MB (cached 119MB) CPU [0%@1728,0%@1728,0%@1728,0%@1728,11%@1728,0%@1728] GR3D_FREQ 96% cpu@71.812C soc2@70.593C soc0@70.968C gpu@74.031C tj@74.031C soc1@71.437C VDD_IN 23197mW/23163mW VDD_CPU_GPU_CV 9896mW/9885mW VDD_SOC 6110mW/6114mW
08-04-2026 11:54:26 RAM 3732/7620MB (lfb 35x1MB) SWAP 2411/12002MB (cached 119MB) CPU [0%@1728,0%@1728,9%@1728,0%@1728,18%@1728,0%@1728] GR3D_FREQ 96% cpu@71.843C soc2@70.656C soc0@70.75C gpu@73.968C tj@73.968C soc1@71.187C VDD_IN 23197mW/23163mW VDD_CPU_GPU_CV 9896mW/9885mW VDD_SOC 6110mW/6114mW
08-04-2026 11:54:26 RAM 3732/7620MB (lfb 35x1MB) SWAP 2411/12002MB (cached 119MB) CPU [0%@1728,0%@1728,0%@1728,0%@1728,0%@1728,0%@1728] GR3D_FREQ 94% cpu@71.843C soc2@70.562C soc0@70.812C gpu@73.875C tj@73.875C soc1@71.218C VDD_IN 23237mW/23163mW VDD_CPU_GPU_CV 9896mW/9885mW VDD_SOC 6110mW/6114mW
08-04-2026 11:54:27 RAM 3732/7620MB (lfb 35x1MB) SWAP 2411/12002MB (cached 119MB) CPU [0%@1728,9%@1728,0%@1728,18%@1728,10%@1728,0%@1728] GR3D_FREQ 95% cpu@72.062C soc2@70.625C soc0@70.875C gpu@74.343C tj@74.343C soc1@71.281C VDD_IN 23277mW/23164mW VDD_CPU_GPU_CV 9896mW/9885mW VDD_SOC 6110mW/6114mW
08-04-2026 11:54:27 RAM 3732/7620MB (lfb 35x1MB) SWAP 2411/12002MB (cached 119MB) CPU [10%@1728,0%@1728,9%@1728,9%@1728,11%@1728,0%@1728] GR3D_FREQ 94% cpu@71.75C soc2@70.718C soc0@70.843C gpu@73.937C tj@73.937C soc1@71.437C VDD_IN 23116mW/23164mW VDD_CPU_GPU_CV 9896mW/9885mW VDD_SOC 6110mW/6114mW
08-04-2026 11:54:27 RAM 3732/7620MB (lfb 35x1MB) SWAP 2411/12002MB (cached 119MB) CPU [0%@1728,0%@1728,0%@1728,0%@1728,0%@1728,0%@1728] GR3D_FREQ 96% cpu@71.812C soc2@70.75C soc0@71.062C gpu@73.718C tj@73.718C soc1@71.531C VDD_IN 23156mW/23164mW VDD_CPU_GPU_CV 9896mW/9885mW VDD_SOC 6110mW/6114mW
08-04-2026 11:54:27 RAM 3732/7620MB (lfb 35x1MB) SWAP 2411/12002MB (cached 119MB) CPU [0%@1728,0%@1728,0%@1728,0%@1728,20%@1728,8%@1728] GR3D_FREQ 94% cpu@71.906C soc2@70.5C soc0@70.843C gpu@74.343C tj@74.343C soc1@71.187C VDD_IN 23116mW/23163mW VDD_CPU_GPU_CV 9896mW/9885mW VDD_SOC 6110mW/6114mW
08-04-2026 11:54:27 RAM 3732/7620MB (lfb 35x1MB) SWAP 2411/12002MB (cached 119MB) CPU [0%@1728,0%@1728,0%@1728,0%@1728,25%@1728,0%@1728] GR3D_FREQ 95% cpu@71.75C soc2@70.625C soc0@70.843C gpu@74.156C tj@74.156C soc1@71.281C VDD_IN 23156mW/23163mW VDD_CPU_GPU_CV 9856mW/9885mW VDD_SOC 6110mW/6114mW
08-04-2026 11:54:27 RAM 3732/7620MB (lfb 35x1MB) SWAP 2411/12002MB (cached 119MB) CPU [0%@1728,0%@1728,0%@1728,0%@1728,10%@1728,0%@1728] GR3D_FREQ 94% cpu@71.875C soc2@70.593C soc0@71C gpu@73.875C tj@73.875C soc1@71.468C VDD_IN 23156mW/23163mW VDD_CPU_GPU_CV 9816mW/9885mW VDD_SOC 6110mW/6114mW
08-04-2026 11:54:27 RAM 3732/7620MB (lfb 35x1MB) SWAP 2411/12002MB (cached 119MB) CPU [9%@1728,0%@1728,0%@1728,0%@1728,11%@1728,0%@1728] GR3D_FREQ 96% cpu@71.812C soc2@70.718C soc0@70.968C gpu@74.343C tj@74.343C soc1@71.218C VDD_IN 23156mW/23163mW VDD_CPU_GPU_CV 9856mW/9885mW VDD_SOC 6110mW/6114mW
08-04-2026 11:54:27 RAM 3732/7620MB (lfb 35x1MB) SWAP 2411/12002MB (cached 119MB) CPU [9%@1728,0%@1728,0%@1728,0%@1728,0%@1728,0%@1728] GR3D_FREQ 94% cpu@71.812C soc2@70.593C soc0@70.906C gpu@74.187C tj@74.187C soc1@71.312C VDD_IN 23197mW/23164mW VDD_CPU_GPU_CV 9856mW/9885mW VDD_SOC 6110mW/6114mW
08-04-2026 11:54:27 RAM 3732/7620MB (lfb 35x1MB) SWAP 2411/12002MB (cached 119MB) CPU [9%@1728,0%@1728,0%@1728,0%@1728,11%@1728,8%@1728] GR3D_FREQ 96% cpu@71.812C soc2@70.718C soc0@70.906C gpu@74.062C tj@74.062C soc1@71.312C VDD_IN 23237mW/23164mW VDD_CPU_GPU_CV 9856mW/9885mW VDD_SOC 6110mW/6114mW
08-04-2026 11:54:28 RAM 3732/7620MB (lfb 35x1MB) SWAP 2411/12002MB (cached 119MB) CPU [0%@1728,0%@1728,8%@1728,0%@1728,25%@1728,0%@1728] GR3D_FREQ 96% cpu@71.812C soc2@70.656C soc0@71.031C gpu@74.281C tj@74.281C soc1@71.437C VDD_IN 23197mW/23164mW VDD_CPU_GPU_CV 9896mW/9885mW VDD_SOC 6150mW/6114mW
08-04-2026 11:54:28 RAM 3732/7620MB (lfb 35x1MB) SWAP 2411/12002MB (cached 119MB) CPU [9%@1728,0%@1728,9%@1728,18%@1728,10%@1728,10%@1728] GR3D_FREQ 96% cpu@72.125C soc2@70.718C soc0@70.875C gpu@74.125C tj@74.125C soc1@71.312C VDD_IN 23156mW/23164mW VDD_CPU_GPU_CV 9856mW/9885mW VDD_SOC 6110mW/6114mW
08-04-2026 11:54:28 RAM 3732/7620MB (lfb 35x1MB) SWAP 2411/12002MB (cached 119MB) CPU [0%@1728,0%@1728,0%@1728,0%@1728,0%@1728,0%@1728] GR3D_FREQ 94% cpu@71.812C soc2@70.687C soc0@70.843C gpu@74.093C tj@74.093C soc1@71.343C VDD_IN 23156mW/23164mW VDD_CPU_GPU_CV 9856mW/9885mW VDD_SOC 6110mW/6114mW
08-04-2026 11:54:28 RAM 3732/7620MB (lfb 35x1MB) SWAP 2411/12002MB (cached 119MB) CPU [0%@1728,0%@1728,9%@1728,9%@1728,20%@1728,0%@1728] GR3D_FREQ 96% cpu@71.843C soc2@70.718C soc0@70.875C gpu@74C tj@74C soc1@71.437C VDD_IN 23156mW/23164mW VDD_CPU_GPU_CV 9856mW/9885mW VDD_SOC 6110mW/6114mW
08-04-2026 11:54:28 RAM 3732/7620MB (lfb 35x1MB) SWAP 2411/12002MB (cached 119MB) CPU [0%@1728,0%@1728,9%@1728,0%@1728,10%@1728,0%@1728] GR3D_FREQ 94% cpu@71.812C soc2@70.781C soc0@71.031C gpu@74.125C tj@74.125C soc1@71.531C VDD_IN 23116mW/23164mW VDD_CPU_GPU_CV 9856mW/9885mW VDD_SOC 6150mW/6114mW
08-04-2026 11:54:28 RAM 3730/7620MB (lfb 35x1MB) SWAP 2411/12002MB (cached 119MB) CPU [36%@1728,0%@1728,10%@1728,0%@1728,27%@1728,0%@1728] GR3D_FREQ 94% cpu@72.218C soc2@70.843C soc0@71.218C gpu@74.125C tj@74.125C soc1@71.312C VDD_IN 23156mW/23164mW VDD_CPU_GPU_CV 9896mW/9885mW VDD_SOC 6110mW/6114mW
08-04-2026 11:54:28 RAM 3730/7620MB (lfb 35x1MB) SWAP 2411/12002MB (cached 119MB) CPU [16%@1728,9%@1728,0%@1728,9%@1728,25%@1728,8%@1728] GR3D_FREQ 94% cpu@71.906C soc2@70.718C soc0@70.843C gpu@74C tj@74C soc1@71.343C VDD_IN 23197mW/23164mW VDD_CPU_GPU_CV 9856mW/9884mW VDD_SOC 6110mW/6114mW
08-04-2026 11:54:28 RAM 3730/7620MB (lfb 35x1MB) SWAP 2411/12002MB (cached 119MB) CPU [0%@1728,0%@1728,0%@1728,0%@1728,18%@1728,0%@1728] GR3D_FREQ 94% cpu@71.875C soc2@70.687C soc0@71C gpu@74C tj@74C soc1@71.343C VDD_IN 23197mW/23164mW VDD_CPU_GPU_CV 9896mW/9885mW VDD_SOC 6110mW/6114mW
08-04-2026 11:54:28 RAM 3730/7620MB (lfb 35x1MB) SWAP 2411/12002MB (cached 119MB) CPU [0%@1728,0%@1728,0%@1728,0%@1728,27%@1728,8%@1728] GR3D_FREQ 96% cpu@72.125C soc2@70.75C soc0@71.156C gpu@74.187C tj@74.187C soc1@71.5C VDD_IN 23237mW/23164mW VDD_CPU_GPU_CV 9936mW/9885mW VDD_SOC 6150mW/6114mW
08-04-2026 11:54:28 RAM 3730/7620MB (lfb 35x1MB) SWAP 2411/12002MB (cached 119MB) CPU [0%@1728,0%@1728,0%@1728,0%@1728,18%@1728,0%@1728] GR3D_FREQ 94% cpu@72.218C soc2@70.843C soc0@71.187C gpu@74.062C tj@74.062C soc1@71.375C VDD_IN 23237mW/23164mW VDD_CPU_GPU_CV 9936mW/9885mW VDD_SOC 6150mW/6114mW
08-04-2026 11:54:29 RAM 3730/7620MB (lfb 35x1MB) SWAP 2411/12002MB (cached 119MB) CPU [0%@1728,16%@1728,9%@1728,0%@1728,27%@1728,0%@1728] GR3D_FREQ 90% cpu@72.343C soc2@70.75C soc0@70.875C gpu@74C tj@74C soc1@71.375C VDD_IN 23277mW/23164mW VDD_CPU_GPU_CV 9896mW/9885mW VDD_SOC 6150mW/6114mW
08-04-2026 11:54:29 RAM 3730/7620MB (lfb 35x1MB) SWAP 2411/12002MB (cached 119MB) CPU [9%@1728,18%@1728,9%@1728,0%@1728,18%@1728,0%@1728] GR3D_FREQ 96% cpu@71.875C soc2@70.812C soc0@71C gpu@74.437C tj@74.437C soc1@71.468C VDD_IN 23156mW/23164mW VDD_CPU_GPU_CV 9896mW/9885mW VDD_SOC 6110mW/6114mW
08-04-2026 11:54:29 RAM 3730/7620MB (lfb 35x1MB) SWAP 2411/12002MB (cached 119MB) CPU [0%@1728,9%@1728,0%@1728,0%@1728,27%@1728,0%@1728] GR3D_FREQ 94% cpu@72.093C soc2@70.75C soc0@71.062C gpu@73.968C tj@73.968C soc1@71.593C VDD_IN 23076mW/23164mW VDD_CPU_GPU_CV 9856mW/9885mW VDD_SOC 6110mW/6114mW
08-04-2026 11:54:29 RAM 3730/7620MB (lfb 35x1MB) SWAP 2411/12002MB (cached 119MB) CPU [0%@1728,0%@1728,9%@1728,9%@1728,0%@1728,0%@1728] GR3D_FREQ 96% cpu@72.093C soc2@70.687C soc0@70.843C gpu@74C tj@74C soc1@71.343C VDD_IN 23156mW/23164mW VDD_CPU_GPU_CV 9896mW/9885mW VDD_SOC 6110mW/6114mW
08-04-2026 11:54:29 RAM 3730/7620MB (lfb 35x1MB) SWAP 2411/12002MB (cached 119MB) CPU [0%@1728,0%@1728,9%@1728,9%@1728,0%@1728,0%@1728] GR3D_FREQ 96% cpu@72.156C soc2@70.656C soc0@71C gpu@74.406C tj@74.406C soc1@71.343C VDD_IN 23197mW/23164mW VDD_CPU_GPU_CV 9896mW/9885mW VDD_SOC 6150mW/6114mW
08-04-2026 11:54:29 RAM 3730/7620MB (lfb 35x1MB) SWAP 2411/12002MB (cached 119MB) CPU [9%@1728,0%@1728,0%@1728,0%@1728,10%@1728,0%@1728] GR3D_FREQ 96% cpu@71.906C soc2@70.656C soc0@70.968C gpu@74.156C tj@74.156C soc1@71.468C VDD_IN 23237mW/23164mW VDD_CPU_GPU_CV 9896mW/9885mW VDD_SOC 6150mW/6115mW
08-04-2026 11:54:29 RAM 3730/7620MB (lfb 35x1MB) SWAP 2411/12002MB (cached 119MB) CPU [9%@1728,9%@1728,0%@1728,0%@1728,10%@1728,0%@1728] GR3D_FREQ 91% cpu@72.031C soc2@70.781C soc0@71.093C gpu@74C tj@74C soc1@71.562C VDD_IN 23197mW/23164mW VDD_CPU_GPU_CV 9856mW/9885mW VDD_SOC 6150mW/6115mW
08-04-2026 11:54:29 RAM 3730/7620MB (lfb 35x1MB) SWAP 2411/12002MB (cached 119MB) CPU [0%@1728,0%@1728,0%@1728,0%@1728,0%@1728,0%@1728] GR3D_FREQ 96% cpu@72.062C soc2@70.656C soc0@71.187C gpu@74.343C tj@74.343C soc1@71.312C VDD_IN 23237mW/23164mW VDD_CPU_GPU_CV 9896mW/9885mW VDD_SOC 6150mW/6115mW
08-04-2026 11:54:29 RAM 3730/7620MB (lfb 35x1MB) SWAP 2411/12002MB (cached 119MB) CPU [0%@1728,0%@1728,8%@1728,0%@1728,0%@1728,0%@1728] GR3D_FREQ 94% cpu@72.187C soc2@70.687C soc0@70.906C gpu@74.25C tj@74.25C soc1@71.406C VDD_IN 23237mW/23165mW VDD_CPU_GPU_CV 9896mW/9885mW VDD_SOC 6150mW/6115mW
08-04-2026 11:54:30 RAM 3730/7620MB (lfb 35x1MB) SWAP 2411/12002MB (cached 119MB) CPU [0%@1728,0%@1728,0%@1728,0%@1728,0%@1728,0%@1728] GR3D_FREQ 96% cpu@71.906C soc2@70.75C soc0@70.906C gpu@74C tj@74C soc1@71.406C VDD_IN 23237mW/23165mW VDD_CPU_GPU_CV 9856mW/9885mW VDD_SOC 6150mW/6115mW
08-04-2026 11:54:30 RAM 3730/7620MB (lfb 35x1MB) SWAP 2411/12002MB (cached 119MB) CPU [0%@1728,18%@1728,9%@1728,9%@1728,0%@1728,0%@1728] GR3D_FREQ 94% cpu@72.031C soc2@70.843C soc0@71.125C gpu@74.281C tj@74.281C soc1@71.562C VDD_IN 23156mW/23165mW VDD_CPU_GPU_CV 9816mW/9885mW VDD_SOC 6110mW/6115mW
08-04-2026 11:54:30 RAM 3730/7620MB (lfb 35x1MB) SWAP 2411/12002MB (cached 119MB) CPU [0%@1728,0%@1728,9%@1728,0%@1728,0%@1728,0%@1728] GR3D_FREQ 96% cpu@72.062C soc2@70.656C soc0@70.875C gpu@74.187C tj@74.187C soc1@71.375C VDD_IN 23197mW/23165mW VDD_CPU_GPU_CV 9816mW/9884mW VDD_SOC 6110mW/6115mW
08-04-2026 11:54:30 RAM 3730/7620MB (lfb 35x1MB) SWAP 2411/12002MB (cached 119MB) CPU [9%@1728,9%@1728,9%@1728,9%@1728,27%@1728,8%@1728] GR3D_FREQ 93% cpu@72.125C soc2@70.687C soc0@70.906C gpu@74.093C tj@74.093C soc1@71.281C VDD_IN 23197mW/23165mW VDD_CPU_GPU_CV 9816mW/9884mW VDD_SOC 6110mW/6115mW
08-04-2026 11:54:30 RAM 3730/7620MB (lfb 35x1MB) SWAP 2411/12002MB (cached 119MB) CPU [9%@1728,0%@1728,0%@1728,0%@1728,25%@1728,0%@1728] GR3D_FREQ 96% cpu@71.906C soc2@70.718C soc0@70.968C gpu@73.968C tj@73.968C soc1@71.468C VDD_IN 23237mW/23165mW VDD_CPU_GPU_CV 9816mW/9884mW VDD_SOC 6110mW/6115mW
08-04-2026 11:54:30 RAM 3730/7620MB (lfb 35x1MB) SWAP 2411/12002MB (cached 119MB) CPU [0%@1728,0%@1728,0%@1728,0%@1728,25%@1728,0%@1728] GR3D_FREQ 96% cpu@72.031C soc2@70.812C soc0@71.062C gpu@74.218C tj@74.218C soc1@71.562C VDD_IN 23237mW/23165mW VDD_CPU_GPU_CV 9816mW/9884mW VDD_SOC 6110mW/6115mW
08-04-2026 11:54:30 RAM 3730/7620MB (lfb 35x1MB) SWAP 2411/12002MB (cached 119MB) CPU [0%@1728,0%@1728,0%@1728,9%@1728,0%@1728,0%@1728] GR3D_FREQ 96% cpu@72.156C soc2@70.718C soc0@70.843C gpu@74.031C tj@74.031C soc1@71.312C VDD_IN 23197mW/23165mW VDD_CPU_GPU_CV 9816mW/9884mW VDD_SOC 6110mW/6115mW
08-04-2026 11:54:30 RAM 3730/7620MB (lfb 35x1MB) SWAP 2411/12002MB (cached 119MB) CPU [0%@1728,0%@1728,0%@1728,0%@1728,10%@1728,0%@1728] GR3D_FREQ 96% cpu@71.843C soc2@70.781C soc0@70.875C gpu@74.062C tj@74.062C soc1@71.375C VDD_IN 23197mW/23165mW VDD_CPU_GPU_CV 9856mW/9884mW VDD_SOC 6110mW/6115mW
08-04-2026 11:54:30 RAM 3730/7620MB (lfb 35x1MB) SWAP 2411/12002MB (cached 119MB) CPU [0%@1728,0%@1728,0%@1728,0%@1728,11%@1728,0%@1728] GR3D_FREQ 94% cpu@71.843C soc2@70.718C soc0@70.906C gpu@73.906C tj@73.906C soc1@71.437C VDD_IN 23156mW/23165mW VDD_CPU_GPU_CV 9856mW/9884mW VDD_SOC 6110mW/6115mW
08-04-2026 11:54:30 RAM 3730/7620MB (lfb 35x1MB) SWAP 2411/12002MB (cached 119MB) CPU [0%@1728,0%@1728,0%@1728,0%@1728,10%@1728,0%@1728] GR3D_FREQ 96% cpu@71.937C soc2@70.718C soc0@71.125C gpu@74.093C tj@74.093C soc1@71.593C VDD_IN 23197mW/23165mW VDD_CPU_GPU_CV 9840mW/9884mW VDD_SOC 6150mW/6115mW
08-04-2026 11:54:31 RAM 3730/7620MB (lfb 35x1MB) SWAP 2411/12002MB (cached 119MB) CPU [0%@1728,0%@1728,10%@1728,0%@1728,10%@1728,0%@1728] GR3D_FREQ 95% cpu@72.125C soc2@70.812C soc0@70.968C gpu@74C tj@74C soc1@71.312C VDD_IN 23237mW/23165mW VDD_CPU_GPU_CV 9896mW/9884mW VDD_SOC 6150mW/6115mW
08-04-2026 11:54:31 RAM 3730/7620MB (lfb 35x1MB) SWAP 2411/12002MB (cached 119MB) CPU [10%@1728,16%@1728,9%@1728,0%@1728,27%@1728,0%@1728] GR3D_FREQ 95% cpu@71.843C soc2@70.75C soc0@70.968C gpu@74C tj@74C soc1@71.343C VDD_IN 23116mW/23165mW VDD_CPU_GPU_CV 9856mW/9884mW VDD_SOC 6110mW/6115mW
08-04-2026 11:54:31 RAM 3730/7620MB (lfb 35x1MB) SWAP 2411/12002MB (cached 119MB) CPU [0%@1728,60%@1728,9%@1728,9%@1728,27%@1728,0%@1728] GR3D_FREQ 94% cpu@72.031C soc2@70.781C soc0@71C gpu@74.218C tj@74.218C soc1@71.406C VDD_IN 23197mW/23165mW VDD_CPU_GPU_CV 9896mW/9884mW VDD_SOC 6110mW/6115mW
08-04-2026 11:54:31 RAM 3730/7620MB (lfb 35x1MB) SWAP 2411/12002MB (cached 119MB) CPU [9%@1728,18%@1728,0%@1728,0%@1728,25%@1728,0%@1728] GR3D_FREQ 93% cpu@72.093C soc2@70.718C soc0@71.031C gpu@73.968C tj@73.968C soc1@71.562C VDD_IN 23116mW/23165mW VDD_CPU_GPU_CV 9896mW/9884mW VDD_SOC 6110mW/6115mW
08-04-2026 11:54:31 RAM 3730/7620MB (lfb 35x1MB) SWAP 2411/12002MB (cached 119MB) CPU [0%@1728,0%@1728,9%@1728,0%@1728,18%@1728,0%@1728] GR3D_FREQ 94% cpu@71.812C soc2@70.593C soc0@70.875C gpu@74.468C tj@74.468C soc1@71.25C VDD_IN 23156mW/23165mW VDD_CPU_GPU_CV 9896mW/9884mW VDD_SOC 6110mW/6115mW
08-04-2026 11:54:31 RAM 3730/7620MB (lfb 35x1MB) SWAP 2411/12002MB (cached 119MB) CPU [0%@1728,0%@1728,0%@1728,0%@1728,20%@1728,0%@1728] GR3D_FREQ 96% cpu@71.843C soc2@70.781C soc0@70.875C gpu@74.312C tj@74.312C soc1@71.375C VDD_IN 23197mW/23165mW VDD_CPU_GPU_CV 9936mW/9884mW VDD_SOC 6150mW/6115mW
08-04-2026 11:54:31 RAM 3734/7620MB (lfb 35x1MB) SWAP 2411/12002MB (cached 119MB) CPU [9%@1728,9%@1728,0%@1728,25%@1728,0%@1728,0%@1728] GR3D_FREQ 96% cpu@71.968C soc2@70.781C soc0@70.906C gpu@74.062C tj@74.062C soc1@71.5C VDD_IN 23237mW/23165mW VDD_CPU_GPU_CV 9936mW/9884mW VDD_SOC 6150mW/6115mW
08-04-2026 11:54:31 RAM 3734/7620MB (lfb 35x1MB) SWAP 2411/12002MB (cached 119MB) CPU [16%@1728,10%@1728,18%@1728,9%@1728,11%@1728,0%@1728] GR3D_FREQ 94% cpu@72.187C soc2@70.718C soc0@71.125C gpu@74C tj@74C soc1@71.312C VDD_IN 23277mW/23166mW VDD_CPU_GPU_CV 9975mW/9884mW VDD_SOC 6150mW/6115mW
08-04-2026 11:54:31 RAM 3734/7620MB (lfb 35x1MB) SWAP 2411/12002MB (cached 119MB) CPU [0%@1728,0%@1728,10%@1728,0%@1728,0%@1728,0%@1728] GR3D_FREQ 96% cpu@72.218C soc2@70.625C soc0@70.843C gpu@74.281C tj@74.281C soc1@71.281C VDD_IN 23277mW/23166mW VDD_CPU_GPU_CV 9975mW/9884mW VDD_SOC 6150mW/6115mW
08-04-2026 11:54:32 RAM 3734/7620MB (lfb 35x1MB) SWAP 2411/12002MB (cached 119MB) CPU [0%@1728,9%@1728,0%@1728,0%@1728,33%@1728,0%@1728] GR3D_FREQ 96% cpu@71.812C soc2@70.687C soc0@70.937C gpu@74.062C tj@74.062C soc1@71.375C VDD_IN 23277mW/23166mW VDD_CPU_GPU_CV 9936mW/9884mW VDD_SOC 6150mW/6115mW
08-04-2026 11:54:32 RAM 3734/7620MB (lfb 35x1MB) SWAP 2411/12002MB (cached 119MB) CPU [0%@1728,20%@1728,0%@1728,0%@1728,18%@1728,0%@1728] GR3D_FREQ 96% cpu@71.875C soc2@70.718C soc0@71.062C gpu@74C tj@74C soc1@71.343C VDD_IN 23197mW/23166mW VDD_CPU_GPU_CV 9896mW/9884mW VDD_SOC 6110mW/6115mW
08-04-2026 11:54:32 RAM 3734/7620MB (lfb 35x1MB) SWAP 2411/12002MB (cached 119MB) CPU [0%@1728,0%@1728,8%@1728,0%@1728,20%@1728,0%@1728] GR3D_FREQ 96% cpu@72.062C soc2@70.718C soc0@70.875C gpu@73.968C tj@73.968C soc1@71.187C VDD_IN 23197mW/23166mW VDD_CPU_GPU_CV 9856mW/9884mW VDD_SOC 6110mW/6115mW
08-04-2026 11:54:32 RAM 3734/7620MB (lfb 35x1MB) SWAP 2411/12002MB (cached 119MB) CPU [0%@1728,9%@1728,0%@1728,9%@1728,25%@1728,0%@1728] GR3D_FREQ 93% cpu@72.031C soc2@70.625C soc0@70.843C gpu@74C tj@74C soc1@71.25C VDD_IN 23237mW/23166mW VDD_CPU_GPU_CV 9856mW/9884mW VDD_SOC 6110mW/6115mW
08-04-2026 11:54:32 RAM 3734/7620MB (lfb 35x1MB) SWAP 2411/12002MB (cached 119MB) CPU [8%@1728,0%@1728,0%@1728,0%@1728,25%@1728,0%@1728] GR3D_FREQ 94% cpu@71.937C soc2@70.625C soc0@70.906C gpu@74C tj@74C soc1@71.343C VDD_IN 23237mW/23166mW VDD_CPU_GPU_CV 9856mW/9884mW VDD_SOC 6110mW/6115mW
08-04-2026 11:54:32 RAM 3734/7620MB (lfb 35x1MB) SWAP 2411/12002MB (cached 119MB) CPU [0%@1728,0%@1728,0%@1728,8%@1728,20%@1728,0%@1728] GR3D_FREQ 96% cpu@71.875C soc2@70.718C soc0@70.906C gpu@73.968C tj@73.968C soc1@71.468C VDD_IN 23237mW/23166mW VDD_CPU_GPU_CV 9896mW/9884mW VDD_SOC 6110mW/6115mW
08-04-2026 11:54:32 RAM 3734/7620MB (lfb 35x1MB) SWAP 2411/12002MB (cached 119MB) CPU [9%@1728,9%@1728,0%@1728,0%@1728,25%@1728,0%@1728] GR3D_FREQ 96% cpu@72C soc2@70.812C soc0@70.843C gpu@74.312C tj@74.312C soc1@71.187C VDD_IN 23197mW/23167mW VDD_CPU_GPU_CV 9896mW/9884mW VDD_SOC 6150mW/6115mW
08-04-2026 11:54:32 RAM 3734/7620MB (lfb 35x1MB) SWAP 2411/12002MB (cached 119MB) CPU [0%@1728,0%@1728,0%@1728,0%@1728,27%@1728,0%@1728] GR3D_FREQ 96% cpu@72.218C soc2@70.593C soc0@70.843C gpu@74C tj@74C soc1@71.25C VDD_IN 23237mW/23167mW VDD_CPU_GPU_CV 9896mW/9884mW VDD_SOC 6110mW/6115mW
08-04-2026 11:54:32 RAM 3734/7620MB (lfb 35x1MB) SWAP 2411/12002MB (cached 119MB) CPU [0%@1728,0%@1728,9%@1728,0%@1728,18%@1728,0%@1728] GR3D_FREQ 96% cpu@71.781C soc2@70.625C soc0@70.968C gpu@73.968C tj@73.968C soc1@71.281C VDD_IN 23197mW/23167mW VDD_CPU_GPU_CV 9896mW/9884mW VDD_SOC 6110mW/6115mW
08-04-2026 11:54:32 RAM 3734/7620MB (lfb 35x1MB) SWAP 2411/12002MB (cached 119MB) CPU [9%@1728,0%@1728,0%@1728,0%@1728,25%@1728,0%@1728] GR3D_FREQ 89% cpu@71.843C soc2@70.718C soc0@71.031C gpu@74.375C tj@74.375C soc1@71.468C VDD_IN 23197mW/23167mW VDD_CPU_GPU_CV 9896mW/9884mW VDD_SOC 6110mW/6115mW
08-04-2026 11:54:33 RAM 3734/7620MB (lfb 35x1MB) SWAP 2411/12002MB (cached 119MB) CPU [0%@1728,0%@1728,9%@1728,0%@1728,27%@1728,0%@1728] GR3D_FREQ 95% cpu@72.125C soc2@70.75C soc0@71.093C gpu@74.25C tj@74.25C soc1@71.218C VDD_IN 23277mW/23167mW VDD_CPU_GPU_CV 9896mW/9884mW VDD_SOC 6150mW/6115mW
08-04-2026 11:54:33 RAM 3734/7620MB (lfb 35x1MB) SWAP 2411/12002MB (cached 119MB) CPU [9%@1728,10%@1728,0%@1728,0%@1728,18%@1728,0%@1728] GR3D_FREQ 94% cpu@72.093C soc2@70.593C soc0@70.812C gpu@73.906C tj@73.906C soc1@71.343C VDD_IN 23156mW/23167mW VDD_CPU_GPU_CV 9896mW/9884mW VDD_SOC 6110mW/6115mW
08-04-2026 11:54:33 RAM 3734/7620MB (lfb 35x1MB) SWAP 2411/12002MB (cached 119MB) CPU [0%@1728,9%@1728,10%@1728,0%@1728,0%@1728,0%@1728] GR3D_FREQ 96% cpu@71.875C soc2@70.687C soc0@70.937C gpu@74.218C tj@74.218C soc1@71.343C VDD_IN 23156mW/23167mW VDD_CPU_GPU_CV 9896mW/9884mW VDD_SOC 6110mW/6115mW
08-04-2026 11:54:33 RAM 3734/7620MB (lfb 35x1MB) SWAP 2411/12002MB (cached 119MB) CPU [9%@1728,0%@1728,0%@1728,16%@1728,27%@1728,0%@1728] GR3D_FREQ 96% cpu@71.812C soc2@70.625C soc0@71.031C gpu@74.156C tj@74.156C soc1@71.468C VDD_IN 23116mW/23167mW VDD_CPU_GPU_CV 9856mW/9884mW VDD_SOC 6110mW/6115mW
08-04-2026 11:54:33 RAM 3734/7620MB (lfb 35x1MB) SWAP 2411/12002MB (cached 119MB) CPU [0%@1728,9%@1728,0%@1728,0%@1728,18%@1728,0%@1728] GR3D_FREQ 94% cpu@71.937C soc2@70.687C soc0@70.906C gpu@74.125C tj@74.125C soc1@71.25C VDD_IN 23156mW/23167mW VDD_CPU_GPU_CV 9896mW/9884mW VDD_SOC 6110mW/6115mW
08-04-2026 11:54:33 RAM 3734/7620MB (lfb 35x1MB) SWAP 2411/12002MB (cached 119MB) CPU [0%@1728,0%@1728,0%@1728,0%@1728,27%@1728,0%@1728] GR3D_FREQ 94% cpu@71.968C soc2@70.593C soc0@70.875C gpu@74.375C tj@74.375C soc1@71.312C VDD_IN 23197mW/23167mW VDD_CPU_GPU_CV 9856mW/9884mW VDD_SOC 6110mW/6115mW
08-04-2026 11:54:33 RAM 3734/7620MB (lfb 35x1MB) SWAP 2411/12002MB (cached 119MB) CPU [0%@1728,0%@1728,8%@1728,9%@1728,18%@1728,0%@1728] GR3D_FREQ 94% cpu@71.843C soc2@70.687C soc0@70.968C gpu@74.218C tj@74.218C soc1@71.343C VDD_IN 23237mW/23167mW VDD_CPU_GPU_CV 9896mW/9884mW VDD_SOC 6110mW/6115mW
08-04-2026 11:54:33 RAM 3734/7620MB (lfb 35x1MB) SWAP 2411/12002MB (cached 119MB) CPU [0%@1728,9%@1728,0%@1728,0%@1728,0%@1728,0%@1728] GR3D_FREQ 96% cpu@71.812C soc2@70.656C soc0@71.031C gpu@74C tj@74C soc1@71.531C VDD_IN 23237mW/23167mW VDD_CPU_GPU_CV 9936mW/9884mW VDD_SOC 6110mW/6115mW
08-04-2026 11:54:33 RAM 3734/7620MB (lfb 35x1MB) SWAP 2411/12002MB (cached 119MB) CPU [0%@1728,0%@1728,0%@1728,0%@1728,0%@1728,0%@1728] GR3D_FREQ 96% cpu@71.843C soc2@70.781C soc0@70.843C gpu@74C tj@74C soc1@71.312C VDD_IN 23277mW/23167mW VDD_CPU_GPU_CV 9896mW/9884mW VDD_SOC 6110mW/6115mW
08-04-2026 11:54:34 RAM 3734/7620MB (lfb 35x1MB) SWAP 2411/12002MB (cached 119MB) CPU [0%@1728,0%@1728,0%@1728,0%@1728,0%@1728,0%@1728] GR3D_FREQ 94% cpu@71.843C soc2@70.593C soc0@70.937C gpu@74.125C tj@74.125C soc1@71.343C VDD_IN 23277mW/23167mW VDD_CPU_GPU_CV 9896mW/9885mW VDD_SOC 6150mW/6115mW
08-04-2026 11:54:34 RAM 3734/7620MB (lfb 35x1MB) SWAP 2411/12002MB (cached 119MB) CPU [16%@1728,9%@1728,27%@1728,0%@1728,11%@1728,0%@1728] GR3D_FREQ 94% cpu@71.843C soc2@70.656C soc0@70.906C gpu@74C tj@74C soc1@71.343C VDD_IN 23197mW/23168mW VDD_CPU_GPU_CV 9856mW/9884mW VDD_SOC 6110mW/6115mW
08-04-2026 11:54:34 RAM 3734/7620MB (lfb 35x1MB) SWAP 2411/12002MB (cached 119MB) CPU [0%@1728,0%@1728,9%@1728,0%@1728,25%@1728,0%@1728] GR3D_FREQ 96% cpu@71.843C soc2@70.656C soc0@70.937C gpu@74C tj@74C soc1@71.281C VDD_IN 23277mW/23168mW VDD_CPU_GPU_CV 9856mW/9884mW VDD_SOC 6110mW/6115mW
08-04-2026 11:54:34 RAM 3734/7620MB (lfb 35x1MB) SWAP 2411/12002MB (cached 119MB) CPU [0%@1728,8%@1728,9%@1728,16%@1728,10%@1728,0%@1728] GR3D_FREQ 96% cpu@71.937C soc2@70.843C soc0@70.843C gpu@73.906C tj@73.906C soc1@71.312C VDD_IN 23237mW/23168mW VDD_CPU_GPU_CV 9856mW/9884mW VDD_SOC 6110mW/6115mW
08-04-2026 11:54:34 RAM 3734/7620MB (lfb 35x1MB) SWAP 2411/12002MB (cached 119MB) CPU [0%@1728,0%@1728,0%@1728,0%@1728,11%@1728,0%@1728] GR3D_FREQ 94% cpu@71.781C soc2@70.687C soc0@70.843C gpu@74.406C tj@74.406C soc1@71.312C VDD_IN 23277mW/23168mW VDD_CPU_GPU_CV 9856mW/9884mW VDD_SOC 6110mW/6115mW
08-04-2026 11:54:34 RAM 3734/7620MB (lfb 35x1MB) SWAP 2411/12002MB (cached 119MB) CPU [0%@1728,0%@1728,0%@1728,0%@1728,0%@1728,0%@1728] GR3D_FREQ 92% cpu@71.843C soc2@70.687C soc0@70.875C gpu@74C tj@74C soc1@71.375C VDD_IN 23277mW/23168mW VDD_CPU_GPU_CV 9896mW/9884mW VDD_SOC 6110mW/6115mW
08-04-2026 11:54:34 RAM 3734/7620MB (lfb 35x1MB) SWAP 2411/12002MB (cached 119MB) CPU [9%@1728,0%@1728,0%@1728,8%@1728,11%@1728,0%@1728] GR3D_FREQ 93% cpu@71.937C soc2@70.656C soc0@71C gpu@73.75C tj@73.75C soc1@71.531C VDD_IN 23237mW/23168mW VDD_CPU_GPU_CV 9856mW/9884mW VDD_SOC 6110mW/6115mW
08-04-2026 11:54:34 RAM 3734/7620MB (lfb 35x1MB) SWAP 2411/12002MB (cached 119MB) CPU [9%@1728,0%@1728,0%@1728,0%@1728,18%@1728,0%@1728] GR3D_FREQ 91% cpu@72.25C soc2@70.625C soc0@70.843C gpu@74.375C tj@74.375C soc1@71.281C VDD_IN 23237mW/23168mW VDD_CPU_GPU_CV 9856mW/9884mW VDD_SOC 6110mW/6115mW
08-04-2026 11:54:34 RAM 3734/7620MB (lfb 35x1MB) SWAP 2411/12002MB (cached 119MB) CPU [0%@1728,0%@1728,0%@1728,0%@1728,27%@1728,0%@1728] GR3D_FREQ 96% cpu@71.781C soc2@70.593C soc0@70.906C gpu@74.187C tj@74.187C soc1@71.343C VDD_IN 23237mW/23169mW VDD_CPU_GPU_CV 9856mW/9884mW VDD_SOC 6110mW/6115mW
08-04-2026 11:54:34 RAM 3729/7620MB (lfb 35x1MB) SWAP 2411/12002MB (cached 119MB) CPU [16%@1728,10%@1728,18%@1728,10%@1728,18%@1728,0%@1728] GR3D_FREQ 94% cpu@71.968C soc2@70.687C soc0@70.906C gpu@73.812C tj@73.812C soc1@71.406C VDD_IN 23237mW/23169mW VDD_CPU_GPU_CV 9936mW/9884mW VDD_SOC 6110mW/6115mW
08-04-2026 11:54:35 RAM 3729/7620MB (lfb 35x1MB) SWAP 2411/12002MB (cached 119MB) CPU [9%@1728,0%@1728,10%@1728,0%@1728,27%@1728,0%@1728] GR3D_FREQ 96% cpu@72.093C soc2@70.687C soc0@70.968C gpu@74.25C tj@74.25C soc1@71.25C VDD_IN 23237mW/23169mW VDD_CPU_GPU_CV 9936mW/9884mW VDD_SOC 6110mW/6115mW
08-04-2026 11:54:35 RAM 3729/7620MB (lfb 35x1MB) SWAP 2411/12002MB (cached 119MB) CPU [10%@1728,18%@1728,9%@1728,0%@1728,18%@1728,0%@1728] GR3D_FREQ 94% cpu@72.125C soc2@70.562C soc0@70.875C gpu@74.156C tj@74.156C soc1@71.281C VDD_IN 23156mW/23169mW VDD_CPU_GPU_CV 9896mW/9884mW VDD_SOC 6110mW/6115mW
08-04-2026 11:54:35 RAM 3729/7620MB (lfb 35x1MB) SWAP 2411/12002MB (cached 119MB) CPU [0%@1728,9%@1728,0%@1728,0%@1728,27%@1728,0%@1728] GR3D_FREQ 94% cpu@71.75C soc2@70.593C soc0@70.875C gpu@73.937C tj@73.937C soc1@71.312C VDD_IN 23197mW/23169mW VDD_CPU_GPU_CV 9896mW/9884mW VDD_SOC 6110mW/6115mW
08-04-2026 11:54:35 RAM 3729/7620MB (lfb 35x1MB) SWAP 2411/12002MB (cached 119MB) CPU [0%@1728,0%@1728,0%@1728,0%@1728,18%@1728,0%@1728] GR3D_FREQ 94% cpu@71.906C soc2@70.593C soc0@71.062C gpu@73.937C tj@73.937C soc1@71.343C VDD_IN 23156mW/23169mW VDD_CPU_GPU_CV 9856mW/9884mW VDD_SOC 6110mW/6115mW
08-04-2026 11:54:35 RAM 3729/7620MB (lfb 35x1MB) SWAP 2411/12002MB (cached 119MB) CPU [0%@1728,0%@1728,0%@1728,9%@1728,0%@1728,25%@1728] GR3D_FREQ 96% cpu@72C soc2@70.781C soc0@70.843C gpu@74C tj@74C soc1@71.218C VDD_IN 23156mW/23169mW VDD_CPU_GPU_CV 9896mW/9884mW VDD_SOC 6110mW/6115mW
08-04-2026 11:54:35 RAM 3729/7620MB (lfb 35x1MB) SWAP 2411/12002MB (cached 119MB) CPU [0%@1728,9%@1728,0%@1728,0%@1728,0%@1728,25%@1728] GR3D_FREQ 92% cpu@72.187C soc2@70.625C soc0@70.843C gpu@74C tj@74C soc1@71.187C VDD_IN 23197mW/23169mW VDD_CPU_GPU_CV 9856mW/9884mW VDD_SOC 6150mW/6115mW
08-04-2026 11:54:35 RAM 3729/7620MB (lfb 35x1MB) SWAP 2411/12002MB (cached 119MB) CPU [0%@1728,0%@1728,9%@1728,0%@1728,0%@1728,27%@1728] GR3D_FREQ 96% cpu@71.781C soc2@70.625C soc0@70.843C gpu@73.937C tj@73.937C soc1@71.343C VDD_IN 23197mW/23169mW VDD_CPU_GPU_CV 9856mW/9884mW VDD_SOC 6150mW/6115mW
08-04-2026 11:54:35 RAM 3729/7620MB (lfb 35x1MB) SWAP 2411/12002MB (cached 119MB) CPU [0%@1728,0%@1728,0%@1728,0%@1728,0%@1728,25%@1728] GR3D_FREQ 91% cpu@71.812C soc2@70.656C soc0@71.031C gpu@73.937C tj@73.937C soc1@71.437C VDD_IN 23197mW/23169mW VDD_CPU_GPU_CV 9856mW/9884mW VDD_SOC 6150mW/6115mW
08-04-2026 11:54:35 RAM 3729/7620MB (lfb 35x1MB) SWAP 2411/12002MB (cached 119MB) CPU [0%@1728,0%@1728,0%@1728,0%@1728,0%@1728,27%@1728] GR3D_FREQ 94% cpu@71.937C soc2@70.781C soc0@71.031C gpu@74C tj@74C soc1@71.125C VDD_IN 23197mW/23169mW VDD_CPU_GPU_CV 9856mW/9884mW VDD_SOC 6150mW/6115mW
08-04-2026 11:54:36 RAM 3729/7620MB (lfb 35x1MB) SWAP 2411/12002MB (cached 119MB) CPU [0%@1728,0%@1728,0%@1728,9%@1728,8%@1728,25%@1728] GR3D_FREQ 96% cpu@71.968C soc2@70.593C soc0@70.843C gpu@73.906C tj@73.906C soc1@71.187C VDD_IN 23197mW/23169mW VDD_CPU_GPU_CV 9856mW/9884mW VDD_SOC 6150mW/6115mW
08-04-2026 11:54:36 RAM 3729/7620MB (lfb 35x1MB) SWAP 2411/12002MB (cached 119MB) CPU [9%@1728,27%@1728,16%@1728,0%@1728,0%@1728,20%@1728] GR3D_FREQ 96% cpu@71.812C soc2@70.593C soc0@70.843C gpu@73.75C tj@73.75C soc1@71.25C VDD_IN 23156mW/23169mW VDD_CPU_GPU_CV 9856mW/9884mW VDD_SOC 6110mW/6115mW
08-04-2026 11:54:36 RAM 3729/7620MB (lfb 35x1MB) SWAP 2411/12002MB (cached 119MB) CPU [0%@1728,0%@1728,0%@1728,0%@1728,0%@1728,25%@1728] GR3D_FREQ 93% cpu@71.843C soc2@70.687C soc0@71C gpu@74.25C tj@74.25C soc1@71.468C VDD_IN 23116mW/23169mW VDD_CPU_GPU_CV 9896mW/9884mW VDD_SOC 6110mW/6115mW
08-04-2026 11:54:36 RAM 3729/7620MB (lfb 35x1MB) SWAP 2411/12002MB (cached 119MB) CPU [0%@1728,9%@1728,9%@1728,0%@1728,0%@1728,11%@1728] GR3D_FREQ 96% cpu@71.875C soc2@70.781C soc0@70.843C gpu@73.812C tj@73.812C soc1@71.218C VDD_IN 23156mW/23169mW VDD_CPU_GPU_CV 9896mW/9884mW VDD_SOC 6110mW/6115mW
08-04-2026 11:54:36 RAM 3729/7620MB (lfb 35x1MB) SWAP 2411/12002MB (cached 119MB) CPU [0%@1728,0%@1728,0%@1728,0%@1728,0%@1728,18%@1728] GR3D_FREQ 92% cpu@71.906C soc2@70.531C soc0@70.812C gpu@73.843C tj@73.843C soc1@71.218C VDD_IN 23156mW/23169mW VDD_CPU_GPU_CV 9896mW/9884mW VDD_SOC 6110mW/6115mW
08-04-2026 11:54:36 RAM 3729/7620MB (lfb 35x1MB) SWAP 2411/12002MB (cached 119MB) CPU [16%@1728,0%@1728,0%@1728,16%@1728,0%@1728,20%@1728] GR3D_FREQ 96% cpu@71.75C soc2@70.593C soc0@70.843C gpu@74.218C tj@74.218C soc1@71.25C VDD_IN 23197mW/23169mW VDD_CPU_GPU_CV 9896mW/9884mW VDD_SOC 6150mW/6115mW
08-04-2026 11:54:36 RAM 3729/7620MB (lfb 35x1MB) SWAP 2411/12002MB (cached 119MB) CPU [8%@1728,0%@1728,9%@1728,0%@1728,0%@1728,25%@1728] GR3D_FREQ 94% cpu@71.812C soc2@70.625C soc0@70.968C gpu@74.031C tj@74.031C soc1@71.406C VDD_IN 23197mW/23169mW VDD_CPU_GPU_CV 9896mW/9884mW VDD_SOC 6110mW/6115mW
08-04-2026 11:54:36 RAM 3729/7620MB (lfb 35x1MB) SWAP 2411/12002MB (cached 119MB) CPU [0%@1728,0%@1728,0%@1728,0%@1728,0%@1728,27%@1728] GR3D_FREQ 94% cpu@71.875C soc2@70.593C soc0@70.812C gpu@73.812C tj@73.812C soc1@71.187C VDD_IN 23197mW/23169mW VDD_CPU_GPU_CV 9896mW/9884mW VDD_SOC 6110mW/6115mW
08-04-2026 11:54:36 RAM 3729/7620MB (lfb 35x1MB) SWAP 2411/12002MB (cached 119MB) CPU [0%@1728,0%@1728,0%@1728,0%@1728,0%@1728,18%@1728] GR3D_FREQ 94% cpu@71.781C soc2@70.531C soc0@70.781C gpu@74.187C tj@74.187C soc1@71.25C VDD_IN 23237mW/23169mW VDD_CPU_GPU_CV 9896mW/9884mW VDD_SOC 6150mW/6115mW
08-04-2026 11:54:36 RAM 3729/7620MB (lfb 35x1MB) SWAP 2411/12002MB (cached 119MB) CPU [0%@1728,0%@1728,0%@1728,0%@1728,0%@1728,25%@1728] GR3D_FREQ 93% cpu@71.718C soc2@70.625C soc0@70.937C gpu@74.031C tj@74.031C soc1@71.25C VDD_IN 23237mW/23169mW VDD_CPU_GPU_CV 9896mW/9884mW VDD_SOC 6110mW/6115mW
08-04-2026 11:54:37 RAM 3729/7620MB (lfb 35x1MB) SWAP 2411/12002MB (cached 119MB) CPU [9%@1728,9%@1728,0%@1728,0%@1728,0%@1728,20%@1728] GR3D_FREQ 96% cpu@71.781C soc2@70.625C soc0@70.968C gpu@73.968C tj@73.968C soc1@71.375C VDD_IN 23277mW/23169mW VDD_CPU_GPU_CV 9896mW/9884mW VDD_SOC 6110mW/6115mW
08-04-2026 11:54:37 RAM 3729/7620MB (lfb 35x1MB) SWAP 2411/12002MB (cached 119MB) CPU [0%@1728,9%@1728,0%@1728,0%@1728,10%@1728,18%@1728] GR3D_FREQ 96% cpu@71.75C soc2@70.593C soc0@70.812C gpu@74.156C tj@74.156C soc1@71.281C VDD_IN 23156mW/23169mW VDD_CPU_GPU_CV 9856mW/9884mW VDD_SOC 6110mW/6115mW
08-04-2026 11:54:37 RAM 3729/7620MB (lfb 35x1MB) SWAP 2411/12002MB (cached 119MB) CPU [0%@1728,9%@1728,0%@1728,16%@1728,0%@1728,0%@1728] GR3D_FREQ 96% cpu@71.781C soc2@70.593C soc0@70.843C gpu@74C tj@74C soc1@71.25C VDD_IN 23156mW/23169mW VDD_CPU_GPU_CV 9856mW/9884mW VDD_SOC 6110mW/6115mW
08-04-2026 11:54:37 RAM 3729/7620MB (lfb 35x1MB) SWAP 2411/12002MB (cached 119MB) CPU [0%@1728,0%@1728,0%@1728,0%@1728,9%@1728,18%@1728] GR3D_FREQ 96% cpu@71.843C soc2@70.593C soc0@70.937C gpu@73.937C tj@73.937C soc1@71.281C VDD_IN 23116mW/23169mW VDD_CPU_GPU_CV 9856mW/9884mW VDD_SOC 6110mW/6115mW
08-04-2026 11:54:37 RAM 3729/7620MB (lfb 35x1MB) SWAP 2411/12002MB (cached 119MB) CPU [0%@1728,0%@1728,0%@1728,0%@1728,0%@1728,25%@1728] GR3D_FREQ 94% cpu@72.031C soc2@70.687C soc0@71C gpu@73.968C tj@73.968C soc1@71.468C VDD_IN 23197mW/23169mW VDD_CPU_GPU_CV 9856mW/9884mW VDD_SOC 6110mW/6115mW
08-04-2026 11:54:37 RAM 3729/7620MB (lfb 35x1MB) SWAP 2411/12002MB (cached 119MB) CPU [0%@1728,0%@1728,0%@1728,0%@1728,0%@1728,27%@1728] GR3D_FREQ 96% cpu@72.156C soc2@70.5C soc0@70.843C gpu@74C tj@73.75C soc1@71.218C VDD_IN 23156mW/23169mW VDD_CPU_GPU_CV 9856mW/9884mW VDD_SOC 6110mW/6115mW
08-04-2026 11:54:37 RAM 3729/7620MB (lfb 35x1MB) SWAP 2411/12002MB (cached 119MB) CPU [0%@1728,0%@1728,0%@1728,0%@1728,0%@1728,18%@1728] GR3D_FREQ 94% cpu@71.781C soc2@70.625C soc0@70.875C gpu@74C tj@74C soc1@71.281C VDD_IN 23197mW/23169mW VDD_CPU_GPU_CV 9856mW/9884mW VDD_SOC 6150mW/6115mW
08-04-2026 11:54:37 RAM 3729/7620MB (lfb 35x1MB) SWAP 2411/12002MB (cached 119MB) CPU [0%@1728,0%@1728,0%@1728,0%@1728,0%@1728,27%@1728] GR3D_FREQ 91% cpu@71.812C soc2@70.687C soc0@70.968C gpu@73.875C tj@73.875C soc1@71.406C VDD_IN 23237mW/23169mW VDD_CPU_GPU_CV 9856mW/9884mW VDD_SOC 6150mW/6115mW
08-04-2026 11:54:37 RAM 3729/7620MB (lfb 35x1MB) SWAP 2411/12002MB (cached 119MB) CPU [0%@1728,0%@1728,0%@1728,0%@1728,0%@1728,25%@1728] GR3D_FREQ 96% cpu@72C soc2@70.718C soc0@71.125C gpu@73.843C tj@73.843C soc1@71.531C VDD_IN 23237mW/23170mW VDD_CPU_GPU_CV 9856mW/9884mW VDD_SOC 6150mW/6116mW
08-04-2026 11:54:38 RAM 3729/7620MB (lfb 35x1MB) SWAP 2411/12002MB (cached 119MB) CPU [9%@1728,9%@1728,0%@1728,0%@1728,0%@1728,20%@1728] GR3D_FREQ 94% cpu@72.218C soc2@70.687C soc0@70.781C gpu@74C tj@74C soc1@71.312C VDD_IN 23277mW/23170mW VDD_CPU_GPU_CV 9896mW/9884mW VDD_SOC 6150mW/6116mW
08-04-2026 11:54:38 RAM 3729/7620MB (lfb 35x1MB) SWAP 2411/12002MB (cached 119MB) CPU [16%@1728,0%@1728,10%@1728,9%@1728,10%@1728,18%@1728] GR3D_FREQ 93% cpu@71.812C soc2@70.718C soc0@70.906C gpu@73.812C tj@73.812C soc1@71.343C VDD_IN 23197mW/23170mW VDD_CPU_GPU_CV 9816mW/9884mW VDD_SOC 6110mW/6116mW
08-04-2026 11:54:38 RAM 3726/7620MB (lfb 35x1MB) SWAP 2411/12002MB (cached 119MB) CPU [30%@1728,10%@1728,16%@1728,0%@1728,16%@1728,11%@1728] GR3D_FREQ 94% cpu@72.031C soc2@70.718C soc0@71C gpu@74.312C tj@74.312C soc1@71.343C VDD_IN 23237mW/23170mW VDD_CPU_GPU_CV 9856mW/9884mW VDD_SOC 6110mW/6116mW
08-04-2026 11:54:38 RAM 3725/7620MB (lfb 35x1MB) SWAP 2411/12002MB (cached 119MB) CPU [0%@1728,18%@1728,0%@1728,9%@1728,0%@1728,25%@1728] GR3D_FREQ 95% cpu@72C soc2@70.687C soc0@70.875C gpu@74.218C tj@74.218C soc1@71.187C VDD_IN 23156mW/23170mW VDD_CPU_GPU_CV 9856mW/9884mW VDD_SOC 6070mW/6115mW
08-04-2026 11:54:38 RAM 3725/7620MB (lfb 35x1MB) SWAP 2411/12002MB (cached 119MB) CPU [0%@1728,0%@1728,0%@1728,0%@1728,0%@1728,11%@1728] GR3D_FREQ 96% cpu@72.125C soc2@70.687C soc0@70.906C gpu@74.031C tj@74.031C soc1@71.312C VDD_IN 23197mW/23170mW VDD_CPU_GPU_CV 9856mW/9884mW VDD_SOC 6110mW/6115mW
08-04-2026 11:54:38 RAM 3725/7620MB (lfb 35x1MB) SWAP 2411/12002MB (cached 119MB) CPU [0%@1728,0%@1728,0%@1728,0%@1728,0%@1728,10%@1728] GR3D_FREQ 96% cpu@71.718C soc2@70.625C soc0@70.875C gpu@74.406C tj@74.406C soc1@71.312C VDD_IN 23197mW/23170mW VDD_CPU_GPU_CV 9856mW/9884mW VDD_SOC 6110mW/6115mW
08-04-2026 11:54:38 RAM 3725/7620MB (lfb 35x1MB) SWAP 2411/12002MB (cached 119MB) CPU [9%@1728,0%@1728,9%@1728,0%@1728,0%@1728,10%@1728] GR3D_FREQ 95% cpu@71.906C soc2@70.687C soc0@70.968C gpu@74.281C tj@74.281C soc1@71.5C VDD_IN 23197mW/23170mW VDD_CPU_GPU_CV 9896mW/9884mW VDD_SOC 6110mW/6115mW
08-04-2026 11:54:38 RAM 3725/7620MB (lfb 35x1MB) SWAP 2411/12002MB (cached 119MB) CPU [9%@1728,9%@1728,9%@1728,8%@1728,0%@1728,20%@1728] GR3D_FREQ 96% cpu@71.968C soc2@70.781C soc0@71.031C gpu@74.062C tj@74.062C soc1@71.25C VDD_IN 23197mW/23170mW VDD_CPU_GPU_CV 9896mW/9884mW VDD_SOC 6110mW/6115mW
08-04-2026 11:54:38 RAM 3725/7620MB (lfb 35x1MB) SWAP 2411/12002MB (cached 119MB) CPU [0%@1728,8%@1728,0%@1728,0%@1728,0%@1728,10%@1728] GR3D_FREQ 91% cpu@72.125C soc2@70.625C soc0@70.906C gpu@74C tj@74C soc1@71.281C VDD_IN 23277mW/23170mW VDD_CPU_GPU_CV 9896mW/9884mW VDD_SOC 6110mW/6115mW
08-04-2026 11:54:38 RAM 3725/7620MB (lfb 35x1MB) SWAP 2411/12002MB (cached 119MB) CPU [0%@1728,9%@1728,0%@1728,0%@1728,0%@1728,0%@1728] GR3D_FREQ 94% cpu@71.875C soc2@70.656C soc0@70.906C gpu@74.156C tj@74.156C soc1@71.25C VDD_IN 23277mW/23170mW VDD_CPU_GPU_CV 9896mW/9884mW VDD_SOC 6110mW/6115mW
08-04-2026 11:54:39 RAM 3725/7620MB (lfb 35x1MB) SWAP 2411/12002MB (cached 119MB) CPU [16%@1728,0%@1728,0%@1728,8%@1728,0%@1728,10%@1728] GR3D_FREQ 94% cpu@71.906C soc2@70.781C soc0@71C gpu@74C tj@74C soc1@71.468C VDD_IN 23277mW/23171mW VDD_CPU_GPU_CV 9896mW/9884mW VDD_SOC 6110mW/6115mW
08-04-2026 11:54:39 RAM 3725/7620MB (lfb 35x1MB) SWAP 2411/12002MB (cached 119MB) CPU [0%@1728,0%@1728,10%@1728,0%@1728,18%@1728,11%@1728] GR3D_FREQ 96% cpu@71.937C soc2@70.625C soc0@70.843C gpu@73.906C tj@73.906C soc1@71.156C VDD_IN 23156mW/23171mW VDD_CPU_GPU_CV 9856mW/9884mW VDD_SOC 6110mW/6115mW
08-04-2026 11:54:39 RAM 3725/7620MB (lfb 35x1MB) SWAP 2411/12002MB (cached 119MB) CPU [0%@1728,0%@1728,0%@1728,0%@1728,0%@1728,0%@1728] GR3D_FREQ 92% cpu@72.031C soc2@70.781C soc0@70.968C gpu@73.875C tj@73.875C soc1@71.312C VDD_IN 23237mW/23171mW VDD_CPU_GPU_CV 9856mW/9884mW VDD_SOC 6110mW/6115mW
08-04-2026 11:54:39 RAM 3725/7620MB (lfb 35x1MB) SWAP 2411/12002MB (cached 119MB) CPU [0%@1728,0%@1728,0%@1728,0%@1728,27%@1728,0%@1728] GR3D_FREQ 96% cpu@71.875C soc2@70.625C soc0@70.906C gpu@74.406C tj@74.406C soc1@71.281C VDD_IN 23116mW/23171mW VDD_CPU_GPU_CV 9816mW/9884mW VDD_SOC 6110mW/6115mW
08-04-2026 11:54:39 RAM 3725/7620MB (lfb 35x1MB) SWAP 2411/12002MB (cached 119MB) CPU [0%@1728,0%@1728,0%@1728,0%@1728,25%@1728,0%@1728] GR3D_FREQ 94% cpu@71.812C soc2@70.687C soc0@71.062C gpu@74C tj@74C soc1@71.531C VDD_IN 23156mW/23171mW VDD_CPU_GPU_CV 9856mW/9883mW VDD_SOC 6110mW/6115mW
08-04-2026 11:54:39 RAM 3725/7620MB (lfb 35x1MB) SWAP 2411/12002MB (cached 119MB) CPU [9%@1728,0%@1728,9%@1728,0%@1728,20%@1728,0%@1728] GR3D_FREQ 96% cpu@71.843C soc2@70.625C soc0@70.781C gpu@73.937C tj@73.937C soc1@71.187C VDD_IN 23156mW/23171mW VDD_CPU_GPU_CV 9856mW/9883mW VDD_SOC 6110mW/6115mW
08-04-2026 11:54:39 RAM 3725/7620MB (lfb 35x1MB) SWAP 2411/12002MB (cached 119MB) CPU [0%@1728,0%@1728,16%@1728,16%@1728,0%@1728,0%@1728] GR3D_FREQ 95% cpu@71.718C soc2@70.656C soc0@70.843C gpu@74.375C tj@74.375C soc1@71.343C VDD_IN 23197mW/23171mW VDD_CPU_GPU_CV 9856mW/9883mW VDD_SOC 6110mW/6115mW
08-04-2026 11:54:39 RAM 3725/7620MB (lfb 35x1MB) SWAP 2411/12002MB (cached 119MB) CPU [0%@1728,8%@1728,0%@1728,0%@1728,11%@1728,0%@1728] GR3D_FREQ 96% cpu@71.812C soc2@70.718C soc0@70.906C gpu@74.187C tj@74.187C soc1@71.25C VDD_IN 23237mW/23171mW VDD_CPU_GPU_CV 9896mW/9883mW VDD_SOC 6110mW/6115mW
08-04-2026 11:54:39 RAM 3725/7620MB (lfb 35x1MB) SWAP 2411/12002MB (cached 119MB) CPU [0%@1728,0%@1728,0%@1728,0%@1728,10%@1728,0%@1728] GR3D_FREQ 95% cpu@71.812C soc2@70.781C soc0@71C gpu@73.968C tj@73.968C soc1@71.375C VDD_IN 23197mW/23171mW VDD_CPU_GPU_CV 9856mW/9883mW VDD_SOC 6110mW/6115mW
08-04-2026 11:54:40 RAM 3725/7620MB (lfb 35x1MB) SWAP 2411/12002MB (cached 119MB) CPU [0%@1728,0%@1728,0%@1728,0%@1728,25%@1728,0%@1728] GR3D_FREQ 96% cpu@71.843C soc2@70.562C soc0@71.093C gpu@74.343C tj@74.343C soc1@71.25C VDD_IN 23237mW/23171mW VDD_CPU_GPU_CV 9896mW/9883mW VDD_SOC 6150mW/6115mW
08-04-2026 11:54:40 RAM 3725/7620MB (lfb 35x1MB) SWAP 2411/12002MB (cached 119MB) CPU [0%@1728,0%@1728,9%@1728,0%@1728,20%@1728,25%@1728] GR3D_FREQ 94% cpu@71.812C soc2@70.687C soc0@70.937C gpu@74.062C tj@74.062C soc1@71.25C VDD_IN 23156mW/23171mW VDD_CPU_GPU_CV 9856mW/9883mW VDD_SOC 6110mW/6115mW
08-04-2026 11:54:40 RAM 3725/7620MB (lfb 35x1MB) SWAP 2411/12002MB (cached 119MB) CPU [0%@1728,0%@1728,0%@1728,0%@1728,0%@1728,0%@1728] GR3D_FREQ 94% cpu@71.812C soc2@70.718C soc0@70.906C gpu@73.937C tj@73.937C soc1@71.437C VDD_IN 23156mW/23171mW VDD_CPU_GPU_CV 9856mW/9883mW VDD_SOC 6110mW/6115mW
08-04-2026 11:54:40 RAM 3725/7620MB (lfb 35x1MB) SWAP 2411/12002MB (cached 119MB) CPU [0%@1728,16%@1728,9%@1728,0%@1728,27%@1728,8%@1728] GR3D_FREQ 92% cpu@71.812C soc2@70.718C soc0@71.031C gpu@74.25C tj@74.25C soc1@71.468C VDD_IN 23116mW/23171mW VDD_CPU_GPU_CV 9856mW/9883mW VDD_SOC 6110mW/6115mW
08-04-2026 11:54:40 RAM 3725/7620MB (lfb 35x1MB) SWAP 2411/12002MB (cached 119MB) CPU [8%@1728,0%@1728,0%@1728,0%@1728,18%@1728,0%@1728] GR3D_FREQ 96% cpu@71.812C soc2@70.593C soc0@70.843C gpu@74.218C tj@74.218C soc1@71.25C VDD_IN 23156mW/23171mW VDD_CPU_GPU_CV 9856mW/9883mW VDD_SOC 6110mW/6115mW
08-04-2026 11:54:40 RAM 3725/7620MB (lfb 35x1MB) SWAP 2411/12002MB (cached 119MB) CPU [0%@1728,0%@1728,9%@1728,8%@1728,27%@1728,0%@1728] GR3D_FREQ 96% cpu@71.75C soc2@70.562C soc0@70.843C gpu@74.031C tj@74.031C soc1@71.25C VDD_IN 23156mW/23171mW VDD_CPU_GPU_CV 9896mW/9883mW VDD_SOC 6110mW/6115mW
08-04-2026 11:54:40 RAM 3725/7620MB (lfb 35x1MB) SWAP 2411/12002MB (cached 119MB) CPU [9%@1728,9%@1728,9%@1728,0%@1728,18%@1728,0%@1728] GR3D_FREQ 96% cpu@71.812C soc2@70.687C soc0@70.906C gpu@74.375C tj@74.375C soc1@71.281C VDD_IN 23197mW/23171mW VDD_CPU_GPU_CV 9896mW/9883mW VDD_SOC 6110mW/6115mW
08-04-2026 11:54:40 RAM 3725/7620MB (lfb 35x1MB) SWAP 2411/12002MB (cached 119MB) CPU [9%@1728,0%@1728,0%@1728,0%@1728,0%@1728,0%@1728] GR3D_FREQ 96% cpu@72C soc2@70.718C soc0@71.031C gpu@74.187C tj@74.187C soc1@71.531C VDD_IN 23197mW/23171mW VDD_CPU_GPU_CV 9936mW/9883mW VDD_SOC 6110mW/6115mW
08-04-2026 11:54:40 RAM 3725/7620MB (lfb 35x1MB) SWAP 2411/12002MB (cached 119MB) CPU [0%@1728,0%@1728,0%@1728,0%@1728,11%@1728,0%@1728] GR3D_FREQ 96% cpu@72.125C soc2@70.562C soc0@70.812C gpu@74C tj@74C soc1@71.218C VDD_IN 23156mW/23171mW VDD_CPU_GPU_CV 9896mW/9883mW VDD_SOC 6110mW/6115mW
08-04-2026 11:54:40 RAM 3725/7620MB (lfb 35x1MB) SWAP 2411/12002MB (cached 119MB) CPU [0%@1728,9%@1728,0%@1728,0%@1728,0%@1728,0%@1728] GR3D_FREQ 96% cpu@71.812C soc2@70.687C soc0@70.875C gpu@74C tj@74C soc1@71.25C VDD_IN 23237mW/23171mW VDD_CPU_GPU_CV 9936mW/9883mW VDD_SOC 6110mW/6115mW
08-04-2026 11:54:41 RAM 3725/7620MB (lfb 35x1MB) SWAP 2411/12002MB (cached 119MB) CPU [0%@1728,8%@1728,16%@1728,0%@1728,11%@1728,0%@1728] GR3D_FREQ 93% cpu@71.781C soc2@70.656C soc0@70.906C gpu@74.156C tj@74.156C soc1@71.281C VDD_IN 23277mW/23171mW VDD_CPU_GPU_CV 9896mW/9883mW VDD_SOC 6150mW/6115mW
08-04-2026 11:54:41 RAM 3725/7620MB (lfb 35x1MB) SWAP 2411/12002MB (cached 119MB) CPU [16%@1728,18%@1728,0%@1728,0%@1728,10%@1728,10%@1728] GR3D_FREQ 96% cpu@72C soc2@70.656C soc0@71.093C gpu@74C tj@74C soc1@71.468C VDD_IN 23156mW/23171mW VDD_CPU_GPU_CV 9936mW/9884mW VDD_SOC 6110mW/6115mW
08-04-2026 11:54:41 RAM 3725/7620MB (lfb 35x1MB) SWAP 2411/12002MB (cached 119MB) CPU [10%@1728,0%@1728,9%@1728,16%@1728,11%@1728,72%@1728] GR3D_FREQ 95% cpu@72.281C soc2@70.687C soc0@70.843C gpu@73.843C tj@73.843C soc1@71.281C VDD_IN 23197mW/23171mW VDD_CPU_GPU_CV 9936mW/9884mW VDD_SOC 6110mW/6115mW
08-04-2026 11:54:41 RAM 3725/7620MB (lfb 35x1MB) SWAP 2411/12002MB (cached 119MB) CPU [0%@1728,0%@1728,9%@1728,0%@1728,18%@1728,0%@1728] GR3D_FREQ 94% cpu@71.718C soc2@70.625C soc0@70.843C gpu@73.875C tj@73.875C soc1@71.25C VDD_IN 23197mW/23171mW VDD_CPU_GPU_CV 9856mW/9884mW VDD_SOC 6110mW/6115mW
08-04-2026 11:54:41 RAM 3725/7620MB (lfb 35x1MB) SWAP 2411/12002MB (cached 119MB) CPU [0%@1728,18%@1728,0%@1728,33%@1728,27%@1728,0%@1728] GR3D_FREQ 96% cpu@71.906C soc2@70.687C soc0@70.968C gpu@74C tj@74C soc1@71.343C VDD_IN 23237mW/23171mW VDD_CPU_GPU_CV 9896mW/9884mW VDD_SOC 6110mW/6115mW
08-04-2026 11:54:41 RAM 3725/7620MB (lfb 35x1MB) SWAP 2411/12002MB (cached 119MB) CPU [0%@1728,16%@1728,0%@1728,0%@1728,25%@1728,0%@1728] GR3D_FREQ 96% cpu@72.031C soc2@70.781C soc0@71.031C gpu@73.968C tj@73.968C soc1@71.187C VDD_IN 23277mW/23171mW VDD_CPU_GPU_CV 9896mW/9884mW VDD_SOC 6110mW/6115mW
08-04-2026 11:54:41 RAM 3725/7620MB (lfb 35x1MB) SWAP 2411/12002MB (cached 119MB) CPU [18%@1728,0%@1728,0%@1728,0%@1728,20%@1728,0%@1728] GR3D_FREQ 94% cpu@72C soc2@70.562C soc0@70.843C gpu@73.843C tj@73.843C soc1@71.25C VDD_IN 23277mW/23171mW VDD_CPU_GPU_CV 9896mW/9884mW VDD_SOC 6110mW/6115mW
08-04-2026 11:54:41 RAM 3725/7620MB (lfb 35x1MB) SWAP 2411/12002MB (cached 119MB) CPU [0%@1728,0%@1728,0%@1728,8%@1728,25%@1728,0%@1728] GR3D_FREQ 96% cpu@72.093C soc2@70.562C soc0@70.906C gpu@74.312C tj@74.312C soc1@71.343C VDD_IN 23277mW/23172mW VDD_CPU_GPU_CV 9936mW/9884mW VDD_SOC 6110mW/6115mW
08-04-2026 11:54:41 RAM 3725/7620MB (lfb 35x1MB) SWAP 2411/12002MB (cached 119MB) CPU [0%@1728,0%@1728,0%@1728,0%@1728,25%@1728,0%@1728] GR3D_FREQ 94% cpu@71.812C soc2@70.687C soc0@70.968C gpu@73.906C tj@73.906C soc1@71.406C VDD_IN 23197mW/23172mW VDD_CPU_GPU_CV 9896mW/9884mW VDD_SOC 6110mW/6115mW
08-04-2026 11:54:42 RAM 3725/7620MB (lfb 35x1MB) SWAP 2411/12002MB (cached 119MB) CPU [0%@1728,0%@1728,0%@1728,0%@1728,20%@1728,0%@1728] GR3D_FREQ 94% cpu@71.937C soc2@70.687C soc0@71.031C gpu@73.906C tj@73.906C soc1@71.531C VDD_IN 23237mW/23172mW VDD_CPU_GPU_CV 9896mW/9884mW VDD_SOC 6110mW/6115mW
08-04-2026 11:54:42 RAM 3728/7620MB (lfb 35x1MB) SWAP 2411/12002MB (cached 119MB) CPU [10%@1728,0%@1728,9%@1728,9%@1728,18%@1728,10%@1728] GR3D_FREQ 94% cpu@72.156C soc2@70.562C soc0@70.875C gpu@74.156C tj@74.156C soc1@71.25C VDD_IN 23156mW/23172mW VDD_CPU_GPU_CV 9856mW/9884mW VDD_SOC 6110mW/6115mW
08-04-2026 11:54:42 RAM 3728/7620MB (lfb 35x1MB) SWAP 2411/12002MB (cached 119MB) CPU [0%@1728,18%@1728,0%@1728,0%@1728,0%@1728,0%@1728] GR3D_FREQ 94% cpu@71.781C soc2@70.625C soc0@70.906C gpu@74.062C tj@74.062C soc1@71.312C VDD_IN 23197mW/23172mW VDD_CPU_GPU_CV 9896mW/9884mW VDD_SOC 6110mW/6115mW
08-04-2026 11:54:42 RAM 3728/7620MB (lfb 35x1MB) SWAP 2411/12002MB (cached 119MB) CPU [0%@1728,9%@1728,0%@1728,9%@1728,10%@1728,0%@1728] GR3D_FREQ 94% cpu@71.875C soc2@70.718C soc0@71.031C gpu@73.843C tj@73.843C soc1@71.468C VDD_IN 23116mW/23172mW VDD_CPU_GPU_CV 9816mW/9884mW VDD_SOC 6110mW/6115mW
08-04-2026 11:54:42 RAM 3728/7620MB (lfb 35x1MB) SWAP 2411/12002MB (cached 119MB) CPU [0%@1728,0%@1728,0%@1728,0%@1728,27%@1728,0%@1728] GR3D_FREQ 95% cpu@71.937C soc2@70.718C soc0@71.031C gpu@74.281C tj@74.281C soc1@71.218C VDD_IN 23156mW/23172mW VDD_CPU_GPU_CV 9856mW/9884mW VDD_SOC 6110mW/6115mW
08-04-2026 11:54:42 RAM 3728/7620MB (lfb 35x1MB) SWAP 2411/12002MB (cached 119MB) CPU [9%@1728,9%@1728,0%@1728,0%@1728,25%@1728,0%@1728] GR3D_FREQ 96% cpu@72C soc2@70.656C soc0@70.843C gpu@74.156C tj@74.156C soc1@71.406C VDD_IN 23156mW/23172mW VDD_CPU_GPU_CV 9856mW/9884mW VDD_SOC 6110mW/6115mW
08-04-2026 11:54:42 RAM 3728/7620MB (lfb 35x1MB) SWAP 2411/12002MB (cached 119MB) CPU [0%@1728,0%@1728,9%@1728,0%@1728,18%@1728,0%@1728] GR3D_FREQ 96% cpu@72.156C soc2@70.625C soc0@70.968C gpu@74.062C tj@74.062C soc1@71.375C VDD_IN 23156mW/23172mW VDD_CPU_GPU_CV 9856mW/9884mW VDD_SOC 6110mW/6115mW
08-04-2026 11:54:42 RAM 3728/7620MB (lfb 35x1MB) SWAP 2411/12002MB (cached 119MB) CPU [0%@1728,0%@1728,9%@1728,0%@1728,27%@1728,0%@1728] GR3D_FREQ 96% cpu@71.875C soc2@70.718C soc0@70.968C gpu@74.312C tj@74.312C soc1@71.437C VDD_IN 23237mW/23172mW VDD_CPU_GPU_CV 9896mW/9884mW VDD_SOC 6110mW/6115mW
08-04-2026 11:54:42 RAM 3728/7620MB (lfb 35x1MB) SWAP 2411/12002MB (cached 119MB) CPU [0%@1728,0%@1728,0%@1728,0%@1728,25%@1728,0%@1728] GR3D_FREQ 94% cpu@71.906C soc2@70.687C soc0@70.843C gpu@74.156C tj@74.156C soc1@71.187C VDD_IN 23237mW/23172mW VDD_CPU_GPU_CV 9896mW/9884mW VDD_SOC 6110mW/6115mW
08-04-2026 11:54:42 RAM 3728/7620MB (lfb 35x1MB) SWAP 2411/12002MB (cached 119MB) CPU [0%@1728,8%@1728,0%@1728,0%@1728,18%@1728,0%@1728] GR3D_FREQ 96% cpu@71.968C soc2@70.625C soc0@70.875C gpu@74.031C tj@74.031C soc1@71.312C VDD_IN 23277mW/23172mW VDD_CPU_GPU_CV 9896mW/9884mW VDD_SOC 6110mW/6115mW
08-04-2026 11:54:43 RAM 3728/7620MB (lfb 35x1MB) SWAP 2411/12002MB (cached 119MB) CPU [0%@1728,0%@1728,0%@1728,0%@1728,27%@1728,0%@1728] GR3D_FREQ 96% cpu@71.812C soc2@70.687C soc0@70.875C gpu@73.937C tj@73.937C soc1@71.375C VDD_IN 23237mW/23172mW VDD_CPU_GPU_CV 9936mW/9884mW VDD_SOC 6150mW/6115mW
08-04-2026 11:54:43 RAM 3728/7620MB (lfb 35x1MB) SWAP 2411/12002MB (cached 119MB) CPU [9%@1728,9%@1728,0%@1728,0%@1728,18%@1728,18%@1728] GR3D_FREQ 96% cpu@72C soc2@70.75C soc0@71.062C gpu@74.156C tj@74.156C soc1@71.468C VDD_IN 23116mW/23172mW VDD_CPU_GPU_CV 9896mW/9884mW VDD_SOC 6110mW/6115mW
08-04-2026 11:54:43 RAM 3728/7620MB (lfb 35x1MB) SWAP 2411/12002MB (cached 119MB) CPU [10%@1728,9%@1728,0%@1728,16%@1728,27%@1728,9%@1728] GR3D_FREQ 96% cpu@71.968C soc2@70.75C soc0@71.125C gpu@74.031C tj@74.031C soc1@71.312C VDD_IN 23156mW/23172mW VDD_CPU_GPU_CV 9896mW/9884mW VDD_SOC 6110mW/6115mW
08-04-2026 11:54:43 RAM 3728/7620MB (lfb 35x1MB) SWAP 2411/12002MB (cached 119MB) CPU [0%@1728,0%@1728,0%@1728,0%@1728,10%@1728,0%@1728] GR3D_FREQ 96% cpu@72.031C soc2@70.531C soc0@70.843C gpu@74C tj@74C soc1@71.281C VDD_IN 23156mW/23172mW VDD_CPU_GPU_CV 9896mW/9884mW VDD_SOC 6110mW/6115mW
08-04-2026 11:54:43 RAM 3728/7620MB (lfb 35x1MB) SWAP 2411/12002MB (cached 119MB) CPU [0%@1728,0%@1728,0%@1728,0%@1728,10%@1728,0%@1728] GR3D_FREQ 96% cpu@71.812C soc2@70.718C soc0@71C gpu@73.937C tj@73.937C soc1@71.343C VDD_IN 23197mW/23172mW VDD_CPU_GPU_CV 9936mW/9884mW VDD_SOC 6110mW/6115mW
08-04-2026 11:54:43 RAM 3728/7620MB (lfb 35x1MB) SWAP 2411/12002MB (cached 119MB) CPU [0%@1728,0%@1728,0%@1728,0%@1728,20%@1728,0%@1728] GR3D_FREQ 94% cpu@71.843C soc2@70.718C soc0@71.031C gpu@74C tj@74C soc1@71.375C VDD_IN 23156mW/23172mW VDD_CPU_GPU_CV 9896mW/9884mW VDD_SOC 6110mW/6115mW
08-04-2026 11:54:43 RAM 3728/7620MB (lfb 35x1MB) SWAP 2411/12002MB (cached 119MB) CPU [0%@1728,8%@1728,18%@1728,0%@1728,0%@1728,0%@1728] GR3D_FREQ 96% cpu@72.218C soc2@70.781C soc0@70.937C gpu@74C tj@74C soc1@71.25C VDD_IN 23237mW/23172mW VDD_CPU_GPU_CV 9936mW/9884mW VDD_SOC 6110mW/6115mW
08-04-2026 11:54:43 RAM 3728/7620MB (lfb 35x1MB) SWAP 2411/12002MB (cached 119MB) CPU [0%@1728,0%@1728,0%@1728,0%@1728,0%@1728,0%@1728] GR3D_FREQ 96% cpu@71.781C soc2@70.625C soc0@70.937C gpu@74.375C tj@74.375C soc1@71.312C VDD_IN 23197mW/23172mW VDD_CPU_GPU_CV 9896mW/9884mW VDD_SOC 6110mW/6115mW
08-04-2026 11:54:43 RAM 3728/7620MB (lfb 35x1MB) SWAP 2411/12002MB (cached 119MB) CPU [0%@1728,0%@1728,0%@1728,0%@1728,10%@1728,0%@1728] GR3D_FREQ 96% cpu@71.843C soc2@70.718C soc0@70.937C gpu@74.281C tj@74.281C soc1@71.406C VDD_IN 23237mW/23172mW VDD_CPU_GPU_CV 9936mW/9884mW VDD_SOC 6110mW/6115mW
08-04-2026 11:54:44 RAM 3728/7620MB (lfb 35x1MB) SWAP 2411/12002MB (cached 119MB) CPU [0%@1728,0%@1728,0%@1728,0%@1728,10%@1728,0%@1728] GR3D_FREQ 96% cpu@71.812C soc2@70.687C soc0@71.062C gpu@73.968C tj@73.968C soc1@71.468C VDD_IN 23237mW/23172mW VDD_CPU_GPU_CV 9896mW/9884mW VDD_SOC 6150mW/6115mW
08-04-2026 11:54:44 RAM 3728/7620MB (lfb 35x1MB) SWAP 2411/12002MB (cached 119MB) CPU [15%@1728,9%@1728,18%@1728,0%@1728,11%@1728,10%@1728] GR3D_FREQ 94% cpu@72.187C soc2@70.843C soc0@70.843C gpu@74.312C tj@74.312C soc1@71.218C VDD_IN 23197mW/23172mW VDD_CPU_GPU_CV 9856mW/9884mW VDD_SOC 6110mW/6115mW
08-04-2026 11:54:44 RAM 3728/7620MB (lfb 35x1MB) SWAP 2411/12002MB (cached 119MB) CPU [0%@1728,16%@1728,0%@1728,0%@1728,25%@1728,0%@1728] GR3D_FREQ 93% cpu@71.812C soc2@70.687C soc0@70.875C gpu@74.25C tj@74.25C soc1@71.312C VDD_IN 23076mW/23172mW VDD_CPU_GPU_CV 9816mW/9884mW VDD_SOC 6110mW/6115mW
08-04-2026 11:54:44 RAM 3728/7620MB (lfb 35x1MB) SWAP 2411/12002MB (cached 119MB) CPU [0%@1728,0%@1728,9%@1728,0%@1728,20%@1728,9%@1728] GR3D_FREQ 94% cpu@71.812C soc2@70.718C soc0@70.968C gpu@74C tj@74C soc1@71.375C VDD_IN 23036mW/23172mW VDD_CPU_GPU_CV 9856mW/9884mW VDD_SOC 6110mW/6115mW
08-04-2026 11:54:44 RAM 3728/7620MB (lfb 35x1MB) SWAP 2411/12002MB (cached 119MB) CPU [0%@1728,0%@1728,9%@1728,0%@1728,0%@1728,0%@1728] GR3D_FREQ 94% cpu@71.968C soc2@70.687C soc0@70.968C gpu@74.343C tj@74.343C soc1@71.437C VDD_IN 23036mW/23172mW VDD_CPU_GPU_CV 9856mW/9884mW VDD_SOC 6110mW/6115mW
08-04-2026 11:54:44 RAM 3728/7620MB (lfb 35x1MB) SWAP 2411/12002MB (cached 119MB) CPU [0%@1728,0%@1728,0%@1728,0%@1728,20%@1728,0%@1728] GR3D_FREQ 96% cpu@72.156C soc2@70.656C soc0@71.125C gpu@74.25C tj@74.25C soc1@71.281C VDD_IN 23116mW/23172mW VDD_CPU_GPU_CV 9856mW/9884mW VDD_SOC 6150mW/6115mW
08-04-2026 11:54:44 RAM 3728/7620MB (lfb 35x1MB) SWAP 2411/12002MB (cached 119MB) CPU [0%@1728,0%@1728,0%@1728,0%@1728,0%@1728,0%@1728] GR3D_FREQ 94% cpu@72.281C soc2@70.593C soc0@70.906C gpu@74.093C tj@74.093C soc1@71.312C VDD_IN 23116mW/23172mW VDD_CPU_GPU_CV 9896mW/9884mW VDD_SOC 6110mW/6115mW
08-04-2026 11:54:44 RAM 3726/7620MB (lfb 35x1MB) SWAP 2411/12002MB (cached 119MB) CPU [40%@1728,20%@1728,0%@1728,10%@1728,20%@1728,9%@1728] GR3D_FREQ 94% cpu@71.781C soc2@70.656C soc0@70.937C gpu@74C tj@74C soc1@71.437C VDD_IN 23156mW/23172mW VDD_CPU_GPU_CV 9975mW/9884mW VDD_SOC 6150mW/6115mW
08-04-2026 11:54:44 RAM 3726/7620MB (lfb 35x1MB) SWAP 2411/12002MB (cached 119MB) CPU [0%@1728,0%@1728,0%@1728,0%@1728,18%@1728,0%@1728] GR3D_FREQ 95% cpu@72C soc2@70.75C soc0@71C gpu@74.218C tj@74C soc1@71.312C VDD_IN 23156mW/23172mW VDD_CPU_GPU_CV 9936mW/9884mW VDD_SOC 6150mW/6115mW
08-04-2026 11:54:44 RAM 3726/7620MB (lfb 35x1MB) SWAP 2411/12002MB (cached 119MB) CPU [0%@1728,0%@1728,8%@1728,0%@1728,25%@1728,0%@1728] GR3D_FREQ 96% cpu@72.187C soc2@70.656C soc0@70.812C gpu@74C tj@74C soc1@71.312C VDD_IN 23156mW/23172mW VDD_CPU_GPU_CV 9936mW/9884mW VDD_SOC 6110mW/6115mW
08-04-2026 11:54:45 RAM 3726/7620MB (lfb 35x1MB) SWAP 2411/12002MB (cached 119MB) CPU [0%@1728,0%@1728,9%@1728,0%@1728,27%@1728,0%@1728] GR3D_FREQ 96% cpu@72.156C soc2@70.718C soc0@70.937C gpu@73.968C tj@73.968C soc1@71.343C VDD_IN 23197mW/23172mW VDD_CPU_GPU_CV 9936mW/9884mW VDD_SOC 6110mW/6115mW
08-04-2026 11:54:45 RAM 3726/7620MB (lfb 35x1MB) SWAP 2411/12002MB (cached 119MB) CPU [0%@1728,9%@1728,0%@1728,0%@1728,18%@1728,10%@1728] GR3D_FREQ 96% cpu@71.875C soc2@70.687C soc0@70.937C gpu@73.843C tj@73.843C soc1@71.281C VDD_IN 23156mW/23172mW VDD_CPU_GPU_CV 9856mW/9884mW VDD_SOC 6110mW/6115mW
08-04-2026 11:54:45 RAM 3726/7620MB (lfb 35x1MB) SWAP 2411/12002MB (cached 119MB) CPU [9%@1728,0%@1728,9%@1728,0%@1728,27%@1728,9%@1728] GR3D_FREQ 93% cpu@72.062C soc2@70.687C soc0@71.062C gpu@74.375C tj@74.375C soc1@71.531C VDD_IN 23156mW/23172mW VDD_CPU_GPU_CV 9896mW/9884mW VDD_SOC 6110mW/6115mW
08-04-2026 11:54:45 RAM 3726/7620MB (lfb 35x1MB) SWAP 2411/12002MB (cached 119MB) CPU [0%@1728,0%@1728,0%@1728,0%@1728,18%@1728,0%@1728] GR3D_FREQ 96% cpu@72.062C soc2@70.625C soc0@70.812C gpu@73.937C tj@73.937C soc1@71.281C VDD_IN 23156mW/23172mW VDD_CPU_GPU_CV 9856mW/9884mW VDD_SOC 6110mW/6115mW
08-04-2026 11:54:45 RAM 3726/7620MB (lfb 35x1MB) SWAP 2411/12002MB (cached 119MB) CPU [9%@1728,0%@1728,9%@1728,0%@1728,18%@1728,0%@1728] GR3D_FREQ 91% cpu@72.031C soc2@70.656C soc0@70.906C gpu@73.968C tj@73.968C soc1@71.312C VDD_IN 23197mW/23172mW VDD_CPU_GPU_CV 9896mW/9884mW VDD_SOC 6110mW/6115mW
08-04-2026 11:54:45 RAM 3726/7620MB (lfb 35x1MB) SWAP 2411/12002MB (cached 119MB) CPU [0%@1728,0%@1728,16%@1728,0%@1728,11%@1728,0%@1728] GR3D_FREQ 96% cpu@71.812C soc2@70.593C soc0@70.937C gpu@74.312C tj@74.312C soc1@71.406C VDD_IN 23197mW/23172mW VDD_CPU_GPU_CV 9856mW/9884mW VDD_SOC 6110mW/6115mW
08-04-2026 11:54:45 RAM 3726/7620MB (lfb 35x1MB) SWAP 2411/12002MB (cached 119MB) CPU [9%@1728,16%@1728,9%@1728,0%@1728,25%@1728,0%@1728] GR3D_FREQ 91% cpu@71.906C soc2@70.75C soc0@71.093C gpu@74.218C tj@74.218C soc1@71.25C VDD_IN 23156mW/23172mW VDD_CPU_GPU_CV 9856mW/9884mW VDD_SOC 6110mW/6115mW
08-04-2026 11:54:45 RAM 3726/7620MB (lfb 35x1MB) SWAP 2411/12002MB (cached 119MB) CPU [0%@1728,0%@1728,0%@1728,0%@1728,27%@1728,0%@1728] GR3D_FREQ 96% cpu@71.937C soc2@70.593C soc0@70.875C gpu@73.937C tj@73.937C soc1@71.343C VDD_IN 23197mW/23172mW VDD_CPU_GPU_CV 9856mW/9884mW VDD_SOC 6110mW/6115mW
08-04-2026 11:54:45 RAM 3726/7620MB (lfb 35x1MB) SWAP 2411/12002MB (cached 119MB) CPU [9%@1728,0%@1728,0%@1728,0%@1728,25%@1728,0%@1728] GR3D_FREQ 96% cpu@72.093C soc2@70.718C soc0@70.937C gpu@74.375C tj@74.375C soc1@71.281C VDD_IN 23237mW/23172mW VDD_CPU_GPU_CV 9856mW/9884mW VDD_SOC 6110mW/6115mW
08-04-2026 11:54:46 RAM 3726/7620MB (lfb 35x1MB) SWAP 2411/12002MB (cached 119MB) CPU [0%@1728,0%@1728,0%@1728,0%@1728,20%@1728,0%@1728] GR3D_FREQ 95% cpu@71.843C soc2@70.625C soc0@71C gpu@74.156C tj@74.156C soc1@71.468C VDD_IN 23197mW/23172mW VDD_CPU_GPU_CV 9896mW/9884mW VDD_SOC 6150mW/6115mW
08-04-2026 11:54:46 RAM 3726/7620MB (lfb 35x1MB) SWAP 2411/12002MB (cached 119MB) CPU [0%@1728,9%@1728,0%@1728,8%@1728,25%@1728,10%@1728] GR3D_FREQ 94% cpu@71.906C soc2@70.625C soc0@71.062C gpu@73.937C tj@73.937C soc1@71.562C VDD_IN 23197mW/23172mW VDD_CPU_GPU_CV 9896mW/9884mW VDD_SOC 6110mW/6115mW
08-04-2026 11:54:46 RAM 3726/7620MB (lfb 35x1MB) SWAP 2411/12002MB (cached 119MB) CPU [9%@1728,0%@1728,9%@1728,0%@1728,20%@1728,0%@1728] GR3D_FREQ 96% cpu@72.093C soc2@70.593C soc0@70.875C gpu@74.187C tj@74.187C soc1@71.25C VDD_IN 23116mW/23172mW VDD_CPU_GPU_CV 9856mW/9884mW VDD_SOC 6110mW/6115mW
08-04-2026 11:54:46 RAM 3726/7620MB (lfb 35x1MB) SWAP 2411/12002MB (cached 119MB) CPU [0%@1728,0%@1728,0%@1728,0%@1728,18%@1728,16%@1728] GR3D_FREQ 92% cpu@71.781C soc2@70.593C soc0@70.875C gpu@74.062C tj@74.062C soc1@71.312C VDD_IN 23116mW/23172mW VDD_CPU_GPU_CV 9816mW/9884mW VDD_SOC 6110mW/6115mW
08-04-2026 11:54:46 RAM 3726/7620MB (lfb 35x1MB) SWAP 2411/12002MB (cached 119MB) CPU [0%@1728,9%@1728,0%@1728,0%@1728,25%@1728,0%@1728] GR3D_FREQ 96% cpu@71.812C soc2@70.687C soc0@71C gpu@74C tj@74C soc1@71.281C VDD_IN 23116mW/23172mW VDD_CPU_GPU_CV 9896mW/9884mW VDD_SOC 6110mW/6115mW
08-04-2026 11:54:46 RAM 3726/7620MB (lfb 35x1MB) SWAP 2411/12002MB (cached 119MB) CPU [0%@1728,0%@1728,0%@1728,0%@1728,0%@1728,0%@1728] GR3D_FREQ 94% cpu@71.812C soc2@70.781C soc0@71.031C gpu@73.968C tj@73.968C soc1@71.437C VDD_IN 23116mW/23171mW VDD_CPU_GPU_CV 9896mW/9884mW VDD_SOC 6150mW/6115mW
08-04-2026 11:54:46 RAM 3726/7620MB (lfb 35x1MB) SWAP 2411/12002MB (cached 119MB) CPU [0%@1728,0%@1728,10%@1728,0%@1728,0%@1728,0%@1728] GR3D_FREQ 96% cpu@71.906C soc2@70.562C soc0@70.843C gpu@74.093C tj@74.093C soc1@71.25C VDD_IN 23197mW/23171mW VDD_CPU_GPU_CV 9896mW/9884mW VDD_SOC 6150mW/6115mW
08-04-2026 11:54:46 RAM 3726/7620MB (lfb 35x1MB) SWAP 2411/12002MB (cached 119MB) CPU [9%@1728,9%@1728,0%@1728,8%@1728,27%@1728,0%@1728] GR3D_FREQ 96% cpu@71.781C soc2@70.625C soc0@70.906C gpu@74C tj@74C soc1@71.312C VDD_IN 23197mW/23172mW VDD_CPU_GPU_CV 9936mW/9884mW VDD_SOC 6150mW/6115mW
08-04-2026 11:54:46 RAM 3726/7620MB (lfb 35x1MB) SWAP 2411/12002MB (cached 119MB) CPU [0%@1728,0%@1728,0%@1728,0%@1728,25%@1728,0%@1728] GR3D_FREQ 96% cpu@71.812C soc2@70.625C soc0@70.937C gpu@73.968C tj@73.968C soc1@71.343C VDD_IN 23197mW/23172mW VDD_CPU_GPU_CV 9896mW/9884mW VDD_SOC 6150mW/6116mW
08-04-2026 11:54:46 RAM 3726/7620MB (lfb 35x1MB) SWAP 2411/12002MB (cached 119MB) CPU [9%@1728,0%@1728,0%@1728,0%@1728,18%@1728,0%@1728] GR3D_FREQ 96% cpu@71.812C soc2@70.718C soc0@71.031C gpu@73.906C tj@73.906C soc1@71.187C VDD_IN 23197mW/23172mW VDD_CPU_GPU_CV 9896mW/9884mW VDD_SOC 6150mW/6116mW
08-04-2026 11:54:47 RAM 3726/7620MB (lfb 35x1MB) SWAP 2411/12002MB (cached 119MB) CPU [0%@1728,9%@1728,9%@1728,9%@1728,11%@1728,0%@1728] GR3D_FREQ 94% cpu@71.843C soc2@70.531C soc0@70.812C gpu@74C tj@74C soc1@71.187C VDD_IN 23197mW/23172mW VDD_CPU_GPU_CV 9896mW/9884mW VDD_SOC 6150mW/6116mW
08-04-2026 11:54:47 RAM 3726/7620MB (lfb 35x1MB) SWAP 2411/12002MB (cached 119MB) CPU [9%@1728,9%@1728,9%@1728,0%@1728,18%@1728,10%@1728] GR3D_FREQ 94% cpu@71.812C soc2@70.593C soc0@70.875C gpu@73.843C tj@73.843C soc1@71.281C VDD_IN 23116mW/23172mW VDD_CPU_GPU_CV 9896mW/9884mW VDD_SOC 6110mW/6116mW
08-04-2026 11:54:47 RAM 3726/7620MB (lfb 35x1MB) SWAP 2411/12002MB (cached 119MB) CPU [16%@1728,10%@1728,16%@1728,0%@1728,11%@1728,0%@1728] GR3D_FREQ 96% cpu@71.781C soc2@70.625C soc0@70.906C gpu@73.906C tj@73.906C soc1@71.312C VDD_IN 23197mW/23172mW VDD_CPU_GPU_CV 9896mW/9884mW VDD_SOC 6110mW/6116mW
08-04-2026 11:54:47 RAM 3726/7620MB (lfb 35x1MB) SWAP 2411/12002MB (cached 119MB) CPU [0%@1728,16%@1728,0%@1728,0%@1728,0%@1728,0%@1728] GR3D_FREQ 95% cpu@72.031C soc2@70.656C soc0@71.125C gpu@74.281C tj@74.281C soc1@71.437C VDD_IN 23156mW/23172mW VDD_CPU_GPU_CV 9936mW/9884mW VDD_SOC 6110mW/6116mW
08-04-2026 11:54:47 RAM 3726/7620MB (lfb 35x1MB) SWAP 2411/12002MB (cached 119MB) CPU [0%@1728,8%@1728,0%@1728,0%@1728,20%@1728,9%@1728] GR3D_FREQ 96% cpu@71.75C soc2@70.656C soc0@70.843C gpu@73.906C tj@73.906C soc1@71.125C VDD_IN 23156mW/23172mW VDD_CPU_GPU_CV 9896mW/9884mW VDD_SOC 6110mW/6116mW
08-04-2026 11:54:47 RAM 3726/7620MB (lfb 35x1MB) SWAP 2411/12002MB (cached 119MB) CPU [0%@1728,0%@1728,0%@1728,0%@1728,0%@1728,0%@1728] GR3D_FREQ 94% cpu@71.75C soc2@70.625C soc0@70.875C gpu@73.843C tj@73.843C soc1@71.218C VDD_IN 23237mW/23172mW VDD_CPU_GPU_CV 9896mW/9884mW VDD_SOC 6110mW/6116mW
08-04-2026 11:54:47 RAM 3726/7620MB (lfb 35x1MB) SWAP 2411/12002MB (cached 119MB) CPU [0%@1728,9%@1728,0%@1728,10%@1728,10%@1728,0%@1728] GR3D_FREQ 92% cpu@71.75C soc2@70.687C soc0@70.906C gpu@74.125C tj@74.125C soc1@71.312C VDD_IN 23237mW/23172mW VDD_CPU_GPU_CV 9936mW/9884mW VDD_SOC 6150mW/6116mW
08-04-2026 11:54:47 RAM 3726/7620MB (lfb 35x1MB) SWAP 2411/12002MB (cached 119MB) CPU [0%@1728,0%@1728,9%@1728,0%@1728,20%@1728,0%@1728] GR3D_FREQ 96% cpu@72.093C soc2@70.718C soc0@71.031C gpu@74C tj@74C soc1@71.156C VDD_IN 23277mW/23172mW VDD_CPU_GPU_CV 9896mW/9884mW VDD_SOC 6150mW/6116mW
08-04-2026 11:54:47 RAM 3727/7620MB (lfb 35x1MB) SWAP 2411/12002MB (cached 119MB) CPU [9%@1728,0%@1728,16%@1728,0%@1728,0%@1728,0%@1728] GR3D_FREQ 96% cpu@72.125C soc2@70.5C soc0@70.781C gpu@74.406C tj@74.406C soc1@71.187C VDD_IN 23277mW/23172mW VDD_CPU_GPU_CV 9936mW/9884mW VDD_SOC 6150mW/6116mW
08-04-2026 11:54:48 RAM 3725/7620MB (lfb 35x1MB) SWAP 2411/12002MB (cached 119MB) CPU [20%@1728,0%@1728,0%@1728,9%@1728,20%@1728,9%@1728] GR3D_FREQ 96% cpu@71.687C soc2@70.656C soc0@70.781C gpu@74.187C tj@74.187C soc1@71.343C VDD_IN 23277mW/23172mW VDD_CPU_GPU_CV 9936mW/9884mW VDD_SOC 6150mW/6116mW
08-04-2026 11:54:48 RAM 3725/7620MB (lfb 35x1MB) SWAP 2411/12002MB (cached 119MB) CPU [9%@1728,9%@1728,0%@1728,9%@1728,18%@1728,9%@1728] GR3D_FREQ 94% cpu@71.843C soc2@70.656C soc0@70.937C gpu@74C tj@74C soc1@71.25C VDD_IN 23317mW/23172mW VDD_CPU_GPU_CV 9920mW/9884mW VDD_SOC 6150mW/6116mW
08-04-2026 11:54:48 RAM 3706/7620MB (lfb 39x1MB) SWAP 2411/12002MB (cached 119MB) CPU [11%@1728,0%@1728,0%@1728,0%@1728,27%@1728,16%@1728] GR3D_FREQ 94% cpu@72.031C soc2@70.625C soc0@70.812C gpu@73.875C tj@73.875C soc1@71.093C VDD_IN 23197mW/23172mW VDD_CPU_GPU_CV 9936mW/9884mW VDD_SOC 6110mW/6116mW
08-04-2026 11:54:48 RAM 3706/7620MB (lfb 39x1MB) SWAP 2411/12002MB (cached 119MB) CPU [9%@1728,0%@1728,9%@1728,0%@1728,10%@1728,10%@1728] GR3D_FREQ 92% cpu@72C soc2@70.593C soc0@70.843C gpu@73.843C tj@73.843C soc1@71.187C VDD_IN 23237mW/23173mW VDD_CPU_GPU_CV 9896mW/9884mW VDD_SOC 6110mW/6116mW
08-04-2026 11:54:48 RAM 3706/7620MB (lfb 39x1MB) SWAP 2411/12002MB (cached 119MB) CPU [0%@1728,0%@1728,0%@1728,0%@1728,0%@1728,27%@1728] GR3D_FREQ 96% cpu@71.718C soc2@70.468C soc0@70.843C gpu@74C tj@74C soc1@71.25C VDD_IN 23197mW/23173mW VDD_CPU_GPU_CV 9856mW/9884mW VDD_SOC 6110mW/6116mW
08-04-2026 11:54:48 RAM 3706/7620MB (lfb 39x1MB) SWAP 2411/12002MB (cached 119MB) CPU [0%@1728,0%@1728,0%@1728,0%@1728,0%@1728,18%@1728] GR3D_FREQ 93% cpu@71.843C soc2@70.562C soc0@70.843C gpu@73.906C tj@73.906C soc1@71.25C VDD_IN 23156mW/23173mW VDD_CPU_GPU_CV 9896mW/9884mW VDD_SOC 6110mW/6116mW
08-04-2026 11:54:48 RAM 3706/7620MB (lfb 39x1MB) SWAP 2411/12002MB (cached 119MB) CPU [0%@1728,0%@1728,0%@1728,10%@1728,0%@1728,27%@1728] GR3D_FREQ 94% cpu@71.906C soc2@70.656C soc0@71.031C gpu@73.843C tj@73.843C soc1@71.093C VDD_IN 23197mW/23173mW VDD_CPU_GPU_CV 9896mW/9884mW VDD_SOC 6150mW/6116mW
08-04-2026 11:54:48 RAM 3706/7620MB (lfb 39x1MB) SWAP 2411/12002MB (cached 119MB) CPU [0%@1728,0%@1728,0%@1728,16%@1728,0%@1728,18%@1728] GR3D_FREQ 95% cpu@72.093C soc2@70.5C soc0@70.687C gpu@74.031C tj@73.75C soc1@71.125C VDD_IN 23237mW/23173mW VDD_CPU_GPU_CV 9896mW/9884mW VDD_SOC 6150mW/6116mW
08-04-2026 11:54:48 RAM 3706/7620MB (lfb 39x1MB) SWAP 2411/12002MB (cached 119MB) CPU [0%@1728,0%@1728,0%@1728,0%@1728,0%@1728,25%@1728] GR3D_FREQ 96% cpu@71.75C soc2@70.531C soc0@70.812C gpu@73.781C tj@73.781C soc1@71.281C VDD_IN 23197mW/23173mW VDD_CPU_GPU_CV 9896mW/9885mW VDD_SOC 6110mW/6116mW
08-04-2026 11:54:49 RAM 3706/7620MB (lfb 39x1MB) SWAP 2411/12002MB (cached 119MB) CPU [0%@1728,0%@1728,0%@1728,0%@1728,0%@1728,20%@1728] GR3D_FREQ 94% cpu@71.812C soc2@70.625C soc0@70.843C gpu@73.843C tj@73.843C soc1@71.281C VDD_IN 23237mW/23173mW VDD_CPU_GPU_CV 9936mW/9885mW VDD_SOC 6150mW/6116mW
08-04-2026 11:54:49 RAM 3706/7620MB (lfb 39x1MB) SWAP 2411/12002MB (cached 119MB) CPU [0%@1728,9%@1728,8%@1728,16%@1728,0%@1728,18%@1728] GR3D_FREQ 96% cpu@71.812C soc2@70.656C soc0@70.718C gpu@73.718C tj@73.718C soc1@71.156C VDD_IN 23237mW/23173mW VDD_CPU_GPU_CV 9936mW/9885mW VDD_SOC 6150mW/6116mW
08-04-2026 11:54:49 RAM 3707/7620MB (lfb 39x1MB) SWAP 2411/12002MB (cached 119MB) CPU [16%@1728,0%@1728,0%@1728,9%@1728,25%@1728,10%@1728] GR3D_FREQ 95% cpu@71.937C soc2@70.5C soc0@70.75C gpu@74.062C tj@74.062C soc1@71.125C VDD_IN 23197mW/23173mW VDD_CPU_GPU_CV 9896mW/9885mW VDD_SOC 6110mW/6116mW
08-04-2026 11:54:49 RAM 3707/7620MB (lfb 39x1MB) SWAP 2411/12002MB (cached 119MB) CPU [0%@1728,9%@1728,9%@1728,0%@1728,9%@1728,11%@1728] GR3D_FREQ 96% cpu@71.75C soc2@70.562C soc0@70.843C gpu@73.812C tj@73.812C soc1@71.218C VDD_IN 23197mW/23173mW VDD_CPU_GPU_CV 9896mW/9885mW VDD_SOC 6110mW/6116mW
08-04-2026 11:54:49 RAM 3707/7620MB (lfb 39x1MB) SWAP 2411/12002MB (cached 119MB) CPU [9%@1728,0%@1728,0%@1728,0%@1728,25%@1728,0%@1728] GR3D_FREQ 95% cpu@71.718C soc2@70.593C soc0@70.843C gpu@74.25C tj@74.25C soc1@71.437C VDD_IN 23197mW/23173mW VDD_CPU_GPU_CV 9896mW/9885mW VDD_SOC 6110mW/6116mW
08-04-2026 11:54:49 RAM 3707/7620MB (lfb 39x1MB) SWAP 2411/12002MB (cached 119MB) CPU [0%@1728,0%@1728,0%@1728,0%@1728,20%@1728,0%@1728] GR3D_FREQ 94% cpu@71.75C soc2@70.593C soc0@70.687C gpu@74.062C tj@74.062C soc1@71.125C VDD_IN 23156mW/23173mW VDD_CPU_GPU_CV 9856mW/9885mW VDD_SOC 6110mW/6116mW
08-04-2026 11:54:49 RAM 3707/7620MB (lfb 39x1MB) SWAP 2411/12002MB (cached 119MB) CPU [0%@1728,0%@1728,0%@1728,0%@1728,25%@1728,0%@1728] GR3D_FREQ 96% cpu@71.656C soc2@70.5C soc0@70.812C gpu@74C tj@74C soc1@71.187C VDD_IN 23156mW/23173mW VDD_CPU_GPU_CV 9856mW/9885mW VDD_SOC 6110mW/6116mW
08-04-2026 11:54:49 RAM 3707/7620MB (lfb 39x1MB) SWAP 2411/12002MB (cached 119MB) CPU [0%@1728,0%@1728,8%@1728,10%@1728,10%@1728,0%@1728] GR3D_FREQ 96% cpu@71.656C soc2@70.468C soc0@70.843C gpu@74.187C tj@74.187C soc1@71.25C VDD_IN 23237mW/23173mW VDD_CPU_GPU_CV 9856mW/9885mW VDD_SOC 6110mW/6116mW
08-04-2026 11:54:49 RAM 3707/7620MB (lfb 39x1MB) SWAP 2411/12002MB (cached 119MB) CPU [0%@1728,9%@1728,0%@1728,9%@1728,27%@1728,0%@1728] GR3D_FREQ 96% cpu@71.656C soc2@70.5C soc0@70.843C gpu@74.062C tj@74.062C soc1@71.062C VDD_IN 23197mW/23173mW VDD_CPU_GPU_CV 9896mW/9885mW VDD_SOC 6110mW/6116mW
08-04-2026 11:54:49 RAM 3707/7620MB (lfb 39x1MB) SWAP 2411/12002MB (cached 119MB) CPU [0%@1728,0%@1728,9%@1728,0%@1728,18%@1728,0%@1728] GR3D_FREQ 96% cpu@71.812C soc2@70.468C soc0@70.656C gpu@74C tj@74C soc1@71.062C VDD_IN 23237mW/23173mW VDD_CPU_GPU_CV 9896mW/9885mW VDD_SOC 6110mW/6116mW
08-04-2026 11:54:50 RAM 3707/7620MB (lfb 39x1MB) SWAP 2411/12002MB (cached 119MB) CPU [0%@1728,9%@1728,0%@1728,0%@1728,25%@1728,0%@1728] GR3D_FREQ 96% cpu@71.625C soc2@70.531C soc0@70.718C gpu@73.812C tj@73.812C soc1@71.062C VDD_IN 23237mW/23173mW VDD_CPU_GPU_CV 9896mW/9885mW VDD_SOC 6110mW/6116mW
08-04-2026 11:54:50 RAM 3707/7620MB (lfb 39x1MB) SWAP 2411/12002MB (cached 119MB) CPU [0%@1728,0%@1728,0%@1728,0%@1728,27%@1728,0%@1728] GR3D_FREQ 94% cpu@71.625C soc2@70.562C soc0@70.812C gpu@74.031C tj@74.031C soc1@71.218C VDD_IN 23237mW/23173mW VDD_CPU_GPU_CV 9896mW/9885mW VDD_SOC 6110mW/6116mW
08-04-2026 11:54:50 RAM 3707/7620MB (lfb 39x1MB) SWAP 2411/12002MB (cached 119MB) CPU [20%@1728,0%@1728,0%@1728,9%@1728,18%@1728,0%@1728] GR3D_FREQ 96% cpu@71.875C soc2@70.625C soc0@70.718C gpu@73.843C tj@73.843C soc1@71.062C VDD_IN 23197mW/23173mW VDD_CPU_GPU_CV 9856mW/9885mW VDD_SOC 6110mW/6116mW
08-04-2026 11:54:50 RAM 3707/7620MB (lfb 39x1MB) SWAP 2411/12002MB (cached 119MB) CPU [0%@1728,0%@1728,0%@1728,0%@1728,20%@1728,0%@1728] GR3D_FREQ 96% cpu@71.625C soc2@70.468C soc0@70.75C gpu@73.843C tj@73.843C soc1@71.125C VDD_IN 23197mW/23173mW VDD_CPU_GPU_CV 9856mW/9885mW VDD_SOC 6110mW/6116mW
08-04-2026 11:54:50 RAM 3707/7620MB (lfb 39x1MB) SWAP 2411/12002MB (cached 119MB) CPU [9%@1728,8%@1728,0%@1728,0%@1728,18%@1728,0%@1728] GR3D_FREQ 94% cpu@71.531C soc2@70.437C soc0@70.812C gpu@73.625C tj@73.625C soc1@71.156C VDD_IN 23156mW/23173mW VDD_CPU_GPU_CV 9816mW/9884mW VDD_SOC 6110mW/6116mW
08-04-2026 11:54:50 RAM 3707/7620MB (lfb 39x1MB) SWAP 2411/12002MB (cached 119MB) CPU [0%@1728,0%@1728,0%@1728,0%@1728,10%@1728,0%@1728] GR3D_FREQ 94% cpu@71.656C soc2@70.5C soc0@70.843C gpu@74.25C tj@74.25C soc1@71.312C VDD_IN 23197mW/23173mW VDD_CPU_GPU_CV 9856mW/9884mW VDD_SOC 6110mW/6116mW
08-04-2026 11:54:50 RAM 3708/7620MB (lfb 39x1MB) SWAP 2411/12002MB (cached 119MB) CPU [0%@1728,9%@1728,0%@1728,10%@1728,0%@1728,0%@1728] GR3D_FREQ 96% cpu@72.031C soc2@70.625C soc0@70.906C gpu@73.843C tj@73.843C soc1@71.156C VDD_IN 23237mW/23173mW VDD_CPU_GPU_CV 9896mW/9884mW VDD_SOC 6110mW/6116mW
08-04-2026 11:54:50 RAM 3708/7620MB (lfb 39x1MB) SWAP 2411/12002MB (cached 119MB) CPU [0%@1728,0%@1728,0%@1728,0%@1728,10%@1728,0%@1728] GR3D_FREQ 93% cpu@72C soc2@70.468C soc0@70.687C gpu@73.812C tj@73.812C soc1@71.125C VDD_IN 23237mW/23174mW VDD_CPU_GPU_CV 9896mW/9884mW VDD_SOC 6110mW/6116mW
08-04-2026 11:54:50 RAM 3708/7620MB (lfb 39x1MB) SWAP 2411/12002MB (cached 119MB) CPU [9%@1728,0%@1728,0%@1728,0%@1728,11%@1728,0%@1728] GR3D_FREQ 94% cpu@71.531C soc2@70.468C soc0@70.781C gpu@74.25C tj@74.25C soc1@71.281C VDD_IN 23237mW/23174mW VDD_CPU_GPU_CV 9896mW/9884mW VDD_SOC 6110mW/6116mW
08-04-2026 11:54:51 RAM 3708/7620MB (lfb 39x1MB) SWAP 2411/12002MB (cached 119MB) CPU [8%@1728,15%@1728,0%@1728,0%@1728,30%@1728,0%@1728] GR3D_FREQ 94% cpu@71.75C soc2@70.468C soc0@70.843C gpu@74.062C tj@74.062C soc1@71.281C VDD_IN 23277mW/23174mW VDD_CPU_GPU_CV 9856mW/9884mW VDD_SOC 6110mW/6116mW
08-04-2026 11:54:51 RAM 3708/7620MB (lfb 39x1MB) SWAP 2411/12002MB (cached 119MB) CPU [0%@1728,0%@1728,9%@1728,8%@1728,18%@1728,0%@1728] GR3D_FREQ 96% cpu@71.906C soc2@70.531C soc0@70.687C gpu@73.781C tj@73.781C soc1@71.093C VDD_IN 23277mW/23174mW VDD_CPU_GPU_CV 9856mW/9884mW VDD_SOC 6110mW/6116mW
08-04-2026 11:54:51 RAM 3717/7620MB (lfb 39x1MB) SWAP 2411/12002MB (cached 119MB) CPU [20%@1728,11%@1728,18%@1728,12%@1728,27%@1728,0%@1728] GR3D_FREQ 96% cpu@71.906C soc2@70.5C soc0@70.75C gpu@74.031C tj@74.031C soc1@71.062C VDD_IN 23156mW/23174mW VDD_CPU_GPU_CV 9936mW/9884mW VDD_SOC 6110mW/6116mW
08-04-2026 11:54:51 RAM 3713/7620MB (lfb 39x1MB) SWAP 2411/12002MB (cached 119MB) CPU [18%@1728,63%@1728,33%@1728,9%@1728,10%@1728,9%@1728] GR3D_FREQ 94% cpu@71.875C soc2@70.562C soc0@70.812C gpu@74.062C tj@74.062C soc1@71.156C VDD_IN 23277mW/23174mW VDD_CPU_GPU_CV 9975mW/9885mW VDD_SOC 6110mW/6116mW
08-04-2026 11:54:51 RAM 3713/7620MB (lfb 39x1MB) SWAP 2411/12002MB (cached 119MB) CPU [0%@1728,0%@1728,0%@1728,0%@1728,27%@1728,0%@1728] GR3D_FREQ 94% cpu@71.812C soc2@70.593C soc0@70.937C gpu@73.906C tj@73.906C soc1@71.437C VDD_IN 23237mW/23174mW VDD_CPU_GPU_CV 9936mW/9885mW VDD_SOC 6110mW/6116mW
08-04-2026 11:54:51 RAM 3713/7620MB (lfb 39x1MB) SWAP 2411/12002MB (cached 119MB) CPU [0%@1728,0%@1728,0%@1728,8%@1728,18%@1728,0%@1728] GR3D_FREQ 94% cpu@71.906C soc2@70.562C soc0@70.781C gpu@74.156C tj@74.156C soc1@71.187C VDD_IN 23237mW/23174mW VDD_CPU_GPU_CV 9896mW/9885mW VDD_SOC 6110mW/6116mW
08-04-2026 11:54:51 RAM 3713/7620MB (lfb 39x1MB) SWAP 2411/12002MB (cached 119MB) CPU [9%@1728,9%@1728,0%@1728,0%@1728,27%@1728,0%@1728] GR3D_FREQ 96% cpu@71.937C soc2@70.625C soc0@70.812C gpu@74.062C tj@74.062C soc1@71.218C VDD_IN 23237mW/23174mW VDD_CPU_GPU_CV 9936mW/9885mW VDD_SOC 6110mW/6116mW
08-04-2026 11:54:51 RAM 3713/7620MB (lfb 39x1MB) SWAP 2411/12002MB (cached 119MB) CPU [9%@1728,16%@1728,9%@1728,0%@1728,10%@1728,0%@1728] GR3D_FREQ 95% cpu@71.812C soc2@70.531C soc0@70.843C gpu@74.031C tj@74.031C soc1@71.25C VDD_IN 23237mW/23174mW VDD_CPU_GPU_CV 9936mW/9885mW VDD_SOC 6110mW/6116mW
08-04-2026 11:54:51 RAM 3713/7620MB (lfb 39x1MB) SWAP 2411/12002MB (cached 119MB) CPU [0%@1728,0%@1728,0%@1728,0%@1728,0%@1728,0%@1728] GR3D_FREQ 94% cpu@71.812C soc2@70.656C soc0@71.031C gpu@73.937C tj@73.937C soc1@71.406C VDD_IN 23237mW/23174mW VDD_CPU_GPU_CV 9896mW/9885mW VDD_SOC 6110mW/6116mW
08-04-2026 11:54:51 RAM 3713/7620MB (lfb 39x1MB) SWAP 2411/12002MB (cached 119MB) CPU [0%@1728,0%@1728,0%@1728,0%@1728,18%@1728,0%@1728] GR3D_FREQ 96% cpu@71.906C soc2@70.531C soc0@70.812C gpu@73.875C tj@73.875C soc1@71.187C VDD_IN 23197mW/23174mW VDD_CPU_GPU_CV 9896mW/9885mW VDD_SOC 6110mW/6116mW
08-04-2026 11:54:52 RAM 3713/7620MB (lfb 39x1MB) SWAP 2411/12002MB (cached 119MB) CPU [0%@1728,9%@1728,0%@1728,0%@1728,10%@1728,0%@1728] GR3D_FREQ 95% cpu@71.937C soc2@70.5C soc0@70.843C gpu@73.968C tj@73.968C soc1@71.218C VDD_IN 23277mW/23175mW VDD_CPU_GPU_CV 9936mW/9885mW VDD_SOC 6150mW/6116mW
08-04-2026 11:54:52 RAM 3713/7620MB (lfb 39x1MB) SWAP 2411/12002MB (cached 119MB) CPU [0%@1728,0%@1728,9%@1728,0%@1728,27%@1728,0%@1728] GR3D_FREQ 96% cpu@71.843C soc2@70.593C soc0@70.906C gpu@73.968C tj@73.968C soc1@71.281C VDD_IN 23237mW/23175mW VDD_CPU_GPU_CV 9936mW/9885mW VDD_SOC 6150mW/6116mW
08-04-2026 11:54:52 RAM 3713/7620MB (lfb 39x1MB) SWAP 2411/12002MB (cached 119MB) CPU [27%@1728,0%@1728,9%@1728,9%@1728,18%@1728,0%@1728] GR3D_FREQ 94% cpu@71.906C soc2@70.625C soc0@70.968C gpu@73.812C tj@73.812C soc1@71.5C VDD_IN 23156mW/23175mW VDD_CPU_GPU_CV 9936mW/9885mW VDD_SOC 6110mW/6116mW
08-04-2026 11:54:52 RAM 3713/7620MB (lfb 39x1MB) SWAP 2411/12002MB (cached 119MB) CPU [0%@1728,0%@1728,0%@1728,0%@1728,27%@1728,0%@1728] GR3D_FREQ 94% cpu@71.906C soc2@70.593C soc0@70.875C gpu@74.375C tj@74.375C soc1@71.218C VDD_IN 23156mW/23175mW VDD_CPU_GPU_CV 9936mW/9885mW VDD_SOC 6110mW/6116mW
08-04-2026 11:54:52 RAM 3713/7620MB (lfb 39x1MB) SWAP 2411/12002MB (cached 119MB) CPU [0%@1728,18%@1728,0%@1728,0%@1728,10%@1728,0%@1728] GR3D_FREQ 91% cpu@71.781C soc2@70.625C soc0@70.875C gpu@73.906C tj@74.156C soc1@71.25C VDD_IN 23116mW/23175mW VDD_CPU_GPU_CV 9936mW/9885mW VDD_SOC 6110mW/6116mW
08-04-2026 11:54:52 RAM 3713/7620MB (lfb 39x1MB) SWAP 2411/12002MB (cached 119MB) CPU [9%@1728,0%@1728,0%@1728,0%@1728,20%@1728,0%@1728] GR3D_FREQ 95% cpu@71.812C soc2@70.687C soc0@70.906C gpu@73.906C tj@73.906C soc1@71.375C VDD_IN 23156mW/23175mW VDD_CPU_GPU_CV 9896mW/9885mW VDD_SOC 6150mW/6116mW
08-04-2026 11:54:52 RAM 3713/7620MB (lfb 39x1MB) SWAP 2411/12002MB (cached 119MB) CPU [9%@1728,0%@1728,0%@1728,0%@1728,0%@1728,0%@1728] GR3D_FREQ 96% cpu@71.812C soc2@70.75C soc0@71.031C gpu@74.343C tj@74.343C soc1@71.218C VDD_IN 23197mW/23175mW VDD_CPU_GPU_CV 9936mW/9885mW VDD_SOC 6150mW/6116mW
08-04-2026 11:54:52 RAM 3713/7620MB (lfb 39x1MB) SWAP 2411/12002MB (cached 119MB) CPU [0%@1728,0%@1728,0%@1728,9%@1728,18%@1728,0%@1728] GR3D_FREQ 94% cpu@71.781C soc2@70.656C soc0@70.875C gpu@74.156C tj@74.156C soc1@71.343C VDD_IN 23197mW/23175mW VDD_CPU_GPU_CV 9920mW/9885mW VDD_SOC 6150mW/6116mW
08-04-2026 11:54:52 RAM 3713/7620MB (lfb 39x1MB) SWAP 2411/12002MB (cached 119MB) CPU [0%@1728,0%@1728,8%@1728,0%@1728,11%@1728,0%@1728] GR3D_FREQ 96% cpu@71.781C soc2@70.593C soc0@70.906C gpu@74.031C tj@74.031C soc1@71.281C VDD_IN 23197mW/23175mW VDD_CPU_GPU_CV 9920mW/9885mW VDD_SOC 6150mW/6116mW
08-04-2026 11:54:53 RAM 3713/7620MB (lfb 39x1MB) SWAP 2411/12002MB (cached 119MB) CPU [0%@1728,16%@1728,9%@1728,0%@1728,18%@1728,0%@1728] GR3D_FREQ 94% cpu@71.812C soc2@70.687C soc0@71C gpu@74.25C tj@74.25C soc1@71.406C VDD_IN 23237mW/23175mW VDD_CPU_GPU_CV 9936mW/9885mW VDD_SOC 6150mW/6116mW
08-04-2026 11:54:53 RAM 3713/7620MB (lfb 39x1MB) SWAP 2411/12002MB (cached 119MB) CPU [0%@1728,0%@1728,0%@1728,0%@1728,0%@1728,0%@1728] GR3D_FREQ 95% cpu@72.093C soc2@70.75C soc0@70.843C gpu@74.093C tj@74.093C soc1@71.25C VDD_IN 23197mW/23175mW VDD_CPU_GPU_CV 9896mW/9885mW VDD_SOC 6150mW/6116mW
08-04-2026 11:54:53 RAM 3713/7620MB (lfb 39x1MB) SWAP 2411/12002MB (cached 119MB) CPU [9%@1728,18%@1728,0%@1728,0%@1728,10%@1728,0%@1728] GR3D_FREQ 94% cpu@71.812C soc2@70.625C soc0@70.812C gpu@74.062C tj@74.062C soc1@71.281C VDD_IN 23156mW/23175mW VDD_CPU_GPU_CV 9936mW/9886mW VDD_SOC 6150mW/6116mW
08-04-2026 11:54:53 RAM 3713/7620MB (lfb 39x1MB) SWAP 2411/12002MB (cached 119MB) CPU [9%@1728,0%@1728,9%@1728,0%@1728,27%@1728,0%@1728] GR3D_FREQ 96% cpu@71.812C soc2@70.625C soc0@70.843C gpu@73.968C tj@73.968C soc1@71.312C VDD_IN 23156mW/23175mW VDD_CPU_GPU_CV 9896mW/9886mW VDD_SOC 6110mW/6116mW
08-04-2026 11:54:53 RAM 3713/7620MB (lfb 39x1MB) SWAP 2411/12002MB (cached 119MB) CPU [0%@1728,0%@1728,9%@1728,0%@1728,25%@1728,0%@1728] GR3D_FREQ 96% cpu@71.781C soc2@70.656C soc0@70.968C gpu@74.031C tj@74.031C soc1@71.5C VDD_IN 23116mW/23175mW VDD_CPU_GPU_CV 9896mW/9886mW VDD_SOC 6110mW/6116mW
08-04-2026 11:54:53 RAM 3713/7620MB (lfb 39x1MB) SWAP 2411/12002MB (cached 119MB) CPU [0%@1728,9%@1728,0%@1728,0%@1728,18%@1728,0%@1728] GR3D_FREQ 96% cpu@72.031C soc2@70.687C soc0@71.031C gpu@74C tj@74C soc1@71.187C VDD_IN 23116mW/23175mW VDD_CPU_GPU_CV 9896mW/9886mW VDD_SOC 6110mW/6116mW
08-04-2026 11:54:53 RAM 3713/7620MB (lfb 39x1MB) SWAP 2411/12002MB (cached 119MB) CPU [0%@1728,0%@1728,0%@1728,0%@1728,27%@1728,0%@1728] GR3D_FREQ 94% cpu@72.156C soc2@70.656C soc0@70.843C gpu@73.968C tj@73.968C soc1@71.187C VDD_IN 23197mW/23175mW VDD_CPU_GPU_CV 9896mW/9886mW VDD_SOC 6150mW/6116mW
08-04-2026 11:54:53 RAM 3713/7620MB (lfb 39x1MB) SWAP 2411/12002MB (cached 119MB) CPU [9%@1728,8%@1728,0%@1728,0%@1728,25%@1728,0%@1728] GR3D_FREQ 94% cpu@71.75C soc2@70.656C soc0@70.875C gpu@73.875C tj@73.875C soc1@71.281C VDD_IN 23156mW/23175mW VDD_CPU_GPU_CV 9896mW/9886mW VDD_SOC 6150mW/6116mW
08-04-2026 11:54:53 RAM 3713/7620MB (lfb 39x1MB) SWAP 2411/12002MB (cached 119MB) CPU [0%@1728,0%@1728,0%@1728,0%@1728,20%@1728,0%@1728] GR3D_FREQ 89% cpu@71.843C soc2@70.625C soc0@70.937C gpu@73.937C tj@73.937C soc1@71.406C VDD_IN 23197mW/23175mW VDD_CPU_GPU_CV 9896mW/9886mW VDD_SOC 6150mW/6116mW
08-04-2026 11:54:53 RAM 3713/7620MB (lfb 39x1MB) SWAP 2411/12002MB (cached 119MB) CPU [0%@1728,0%@1728,0%@1728,0%@1728,25%@1728,8%@1728] GR3D_FREQ 94% cpu@71.968C soc2@70.718C soc0@70.843C gpu@73.937C tj@73.937C soc1@71.187C VDD_IN 23197mW/23175mW VDD_CPU_GPU_CV 9936mW/9886mW VDD_SOC 6150mW/6116mW
08-04-2026 11:54:54 RAM 3713/7620MB (lfb 39x1MB) SWAP 2411/12002MB (cached 119MB) CPU [0%@1728,0%@1728,0%@1728,8%@1728,27%@1728,0%@1728] GR3D_FREQ 96% cpu@72.093C soc2@70.656C soc0@70.812C gpu@73.906C tj@73.906C soc1@71.281C VDD_IN 23197mW/23175mW VDD_CPU_GPU_CV 9896mW/9886mW VDD_SOC 6150mW/6116mW
08-04-2026 11:54:54 RAM 3713/7620MB (lfb 39x1MB) SWAP 2411/12002MB (cached 119MB) CPU [0%@1728,0%@1728,0%@1728,0%@1728,25%@1728,0%@1728] GR3D_FREQ 96% cpu@71.781C soc2@70.75C soc0@70.875C gpu@74.343C tj@74.343C soc1@71.312C VDD_IN 23237mW/23175mW VDD_CPU_GPU_CV 9975mW/9886mW VDD_SOC 6150mW/6116mW
08-04-2026 11:54:54 RAM 3713/7620MB (lfb 39x1MB) SWAP 2411/12002MB (cached 119MB) CPU [18%@1728,20%@1728,16%@1728,0%@1728,11%@1728,0%@1728] GR3D_FREQ 93% cpu@71.875C soc2@70.625C soc0@71C gpu@73.937C tj@73.937C soc1@71.468C VDD_IN 23116mW/23175mW VDD_CPU_GPU_CV 9936mW/9886mW VDD_SOC 6110mW/6116mW
08-04-2026 11:54:54 RAM 3713/7620MB (lfb 39x1MB) SWAP 2411/12002MB (cached 119MB) CPU [0%@1728,0%@1728,9%@1728,0%@1728,18%@1728,0%@1728] GR3D_FREQ 94% cpu@72C soc2@70.625C soc0@70.843C gpu@73.937C tj@73.937C soc1@71.25C VDD_IN 23116mW/23175mW VDD_CPU_GPU_CV 9936mW/9886mW VDD_SOC 6110mW/6116mW
08-04-2026 11:54:54 RAM 3717/7620MB (lfb 39x1MB) SWAP 2411/12002MB (cached 119MB) CPU [41%@1728,9%@1728,10%@1728,16%@1728,18%@1728,16%@1728] GR3D_FREQ 92% cpu@72.218C soc2@70.656C soc0@70.843C gpu@74.187C tj@74.187C soc1@71.187C VDD_IN 23116mW/23174mW VDD_CPU_GPU_CV 9975mW/9886mW VDD_SOC 6110mW/6116mW
08-04-2026 11:54:54 RAM 3717/7620MB (lfb 39x1MB) SWAP 2411/12002MB (cached 119MB) CPU [0%@1728,0%@1728,0%@1728,0%@1728,0%@1728,20%@1728] GR3D_FREQ 96% cpu@71.781C soc2@70.656C soc0@70.843C gpu@74.187C tj@74.187C soc1@71.343C VDD_IN 23156mW/23174mW VDD_CPU_GPU_CV 9975mW/9886mW VDD_SOC 6110mW/6116mW
08-04-2026 11:54:54 RAM 3717/7620MB (lfb 39x1MB) SWAP 2411/12002MB (cached 119MB) CPU [0%@1728,9%@1728,9%@1728,0%@1728,0%@1728,25%@1728] GR3D_FREQ 96% cpu@71.875C soc2@70.75C soc0@71.062C gpu@73.875C tj@73.875C soc1@71.468C VDD_IN 23156mW/23174mW VDD_CPU_GPU_CV 9975mW/9886mW VDD_SOC 6150mW/6116mW
08-04-2026 11:54:54 RAM 3717/7620MB (lfb 39x1MB) SWAP 2411/12002MB (cached 119MB) CPU [0%@1728,0%@1728,0%@1728,8%@1728,0%@1728,11%@1728] GR3D_FREQ 96% cpu@72C soc2@70.562C soc0@70.781C gpu@74.281C tj@74.281C soc1@71.281C VDD_IN 23197mW/23174mW VDD_CPU_GPU_CV 9975mW/9886mW VDD_SOC 6150mW/6116mW
08-04-2026 11:54:54 RAM 3717/7620MB (lfb 39x1MB) SWAP 2411/12002MB (cached 119MB) CPU [0%@1728,0%@1728,0%@1728,0%@1728,0%@1728,25%@1728] GR3D_FREQ 96% cpu@72.093C soc2@70.625C soc0@70.937C gpu@74.125C tj@74.125C soc1@71.281C VDD_IN 23237mW/23175mW VDD_CPU_GPU_CV 9936mW/9886mW VDD_SOC 6150mW/6116mW
08-04-2026 11:54:55 RAM 3717/7620MB (lfb 39x1MB) SWAP 2411/12002MB (cached 119MB) CPU [9%@1728,0%@1728,0%@1728,0%@1728,0%@1728,20%@1728] GR3D_FREQ 94% cpu@71.843C soc2@70.656C soc0@70.843C gpu@73.968C tj@73.968C soc1@71.375C VDD_IN 23197mW/23175mW VDD_CPU_GPU_CV 9896mW/9886mW VDD_SOC 6150mW/6117mW
08-04-2026 11:54:55 RAM 3717/7620MB (lfb 39x1MB) SWAP 2411/12002MB (cached 119MB) CPU [0%@1728,0%@1728,9%@1728,0%@1728,0%@1728,0%@1728] GR3D_FREQ 96% cpu@71.968C soc2@70.656C soc0@70.937C gpu@74.312C tj@74.312C soc1@71.531C VDD_IN 23197mW/23175mW VDD_CPU_GPU_CV 9896mW/9886mW VDD_SOC 6150mW/6117mW
08-04-2026 11:54:55 RAM 3717/7620MB (lfb 39x1MB) SWAP 2411/12002MB (cached 119MB) CPU [9%@1728,18%@1728,0%@1728,0%@1728,0%@1728,0%@1728] GR3D_FREQ 95% cpu@72.031C soc2@70.656C soc0@70.843C gpu@74C tj@74C soc1@71.218C VDD_IN 23076mW/23174mW VDD_CPU_GPU_CV 9896mW/9886mW VDD_SOC 6110mW/6117mW
08-04-2026 11:54:55 RAM 3717/7620MB (lfb 39x1MB) SWAP 2411/12002MB (cached 119MB) CPU [0%@1728,10%@1728,0%@1728,0%@1728,8%@1728,11%@1728] GR3D_FREQ 90% cpu@72.062C soc2@70.593C soc0@70.906C gpu@74C tj@74C soc1@71.281C VDD_IN 23036mW/23174mW VDD_CPU_GPU_CV 9896mW/9887mW VDD_SOC 6110mW/6117mW
08-04-2026 11:54:55 RAM 3717/7620MB (lfb 39x1MB) SWAP 2411/12002MB (cached 119MB) CPU [0%@1728,0%@1728,0%@1728,23%@1728,20%@1728,0%@1728] GR3D_FREQ 96% cpu@71.906C soc2@70.625C soc0@70.906C gpu@73.875C tj@73.875C soc1@71.468C VDD_IN 23036mW/23174mW VDD_CPU_GPU_CV 9856mW/9886mW VDD_SOC 6110mW/6117mW
08-04-2026 11:54:55 RAM 3717/7620MB (lfb 39x1MB) SWAP 2411/12002MB (cached 119MB) CPU [9%@1728,0%@1728,0%@1728,0%@1728,0%@1728,0%@1728] GR3D_FREQ 96% cpu@71.812C soc2@70.687C soc0@71.031C gpu@74.031C tj@74.031C soc1@71.5C VDD_IN 23076mW/23174mW VDD_CPU_GPU_CV 9896mW/9886mW VDD_SOC 6110mW/6117mW
08-04-2026 11:54:55 RAM 3717/7620MB (lfb 39x1MB) SWAP 2411/12002MB (cached 119MB) CPU [8%@1728,0%@1728,0%@1728,0%@1728,20%@1728,0%@1728] GR3D_FREQ 96% cpu@72.031C soc2@70.625C soc0@70.875C gpu@74.031C tj@74.031C soc1@71.187C VDD_IN 23116mW/23174mW VDD_CPU_GPU_CV 9896mW/9886mW VDD_SOC 6110mW/6117mW
08-04-2026 11:54:55 RAM 3717/7620MB (lfb 39x1MB) SWAP 2411/12002MB (cached 119MB) CPU [0%@1728,8%@1728,9%@1728,0%@1728,0%@1728,0%@1728] GR3D_FREQ 95% cpu@71.875C soc2@70.687C soc0@70.937C gpu@74C tj@74C soc1@71.343C VDD_IN 23156mW/23174mW VDD_CPU_GPU_CV 9896mW/9886mW VDD_SOC 6110mW/6117mW
08-04-2026 11:54:55 RAM 3717/7620MB (lfb 39x1MB) SWAP 2411/12002MB (cached 119MB) CPU [0%@1728,9%@1728,9%@1728,0%@1728,0%@1728,0%@1728] GR3D_FREQ 96% cpu@71.812C soc2@70.718C soc0@70.906C gpu@73.937C tj@73.937C soc1@71.406C VDD_IN 23156mW/23174mW VDD_CPU_GPU_CV 9896mW/9887mW VDD_SOC 6150mW/6117mW
08-04-2026 11:54:55 RAM 3717/7620MB (lfb 39x1MB) SWAP 2411/12002MB (cached 119MB) CPU [0%@1728,0%@1728,0%@1728,0%@1728,0%@1728,0%@1728] GR3D_FREQ 94% cpu@71.843C soc2@70.687C soc0@71.062C gpu@73.937C tj@73.937C soc1@71.218C VDD_IN 23156mW/23174mW VDD_CPU_GPU_CV 9896mW/9887mW VDD_SOC 6150mW/6117mW
08-04-2026 11:54:56 RAM 3717/7620MB (lfb 39x1MB) SWAP 2411/12002MB (cached 119MB) CPU [0%@1728,0%@1728,0%@1728,9%@1728,0%@1728,0%@1728] GR3D_FREQ 96% cpu@71.843C soc2@70.625C soc0@70.875C gpu@74C tj@74C soc1@71.281C VDD_IN 23197mW/23174mW VDD_CPU_GPU_CV 9896mW/9887mW VDD_SOC 6150mW/6117mW
08-04-2026 11:54:56 RAM 3717/7620MB (lfb 39x1MB) SWAP 2411/12002MB (cached 119MB) CPU [0%@1728,0%@1728,0%@1728,0%@1728,18%@1728,9%@1728] GR3D_FREQ 94% cpu@71.812C soc2@70.687C soc0@70.906C gpu@74.406C tj@74.406C soc1@71.375C VDD_IN 23197mW/23174mW VDD_CPU_GPU_CV 9896mW/9887mW VDD_SOC 6150mW/6117mW
08-04-2026 11:54:56 RAM 3718/7620MB (lfb 39x1MB) SWAP 2411/12002MB (cached 119MB) CPU [16%@1728,20%@1728,0%@1728,9%@1728,25%@1728,0%@1728] GR3D_FREQ 94% cpu@71.812C soc2@70.687C soc0@71C gpu@74.187C tj@74.187C soc1@71.468C VDD_IN 23156mW/23174mW VDD_CPU_GPU_CV 9896mW/9887mW VDD_SOC 6110mW/6117mW
08-04-2026 11:54:56 RAM 3718/7620MB (lfb 39x1MB) SWAP 2411/12002MB (cached 119MB) CPU [0%@1728,0%@1728,0%@1728,0%@1728,20%@1728,0%@1728] GR3D_FREQ 96% cpu@72.062C soc2@70.812C soc0@71.125C gpu@74.031C tj@74.031C soc1@71.562C VDD_IN 23156mW/23174mW VDD_CPU_GPU_CV 9896mW/9887mW VDD_SOC 6110mW/6117mW
08-04-2026 11:54:56 RAM 3718/7620MB (lfb 39x1MB) SWAP 2411/12002MB (cached 119MB) CPU [0%@1728,0%@1728,9%@1728,0%@1728,18%@1728,0%@1728] GR3D_FREQ 95% cpu@71.781C soc2@70.625C soc0@70.875C gpu@74.375C tj@74.375C soc1@71.25C VDD_IN 23156mW/23174mW VDD_CPU_GPU_CV 9856mW/9887mW VDD_SOC 6110mW/6117mW
08-04-2026 11:54:56 RAM 3718/7620MB (lfb 39x1MB) SWAP 2411/12002MB (cached 119MB) CPU [8%@1728,9%@1728,0%@1728,0%@1728,0%@1728,0%@1728] GR3D_FREQ 94% cpu@71.812C soc2@70.656C soc0@71.031C gpu@74.187C tj@74.187C soc1@71.437C VDD_IN 23197mW/23174mW VDD_CPU_GPU_CV 9856mW/9886mW VDD_SOC 6110mW/6117mW
08-04-2026 11:54:56 RAM 3718/7620MB (lfb 39x1MB) SWAP 2411/12002MB (cached 119MB) CPU [0%@1728,8%@1728,9%@1728,0%@1728,0%@1728,0%@1728] GR3D_FREQ 91% cpu@71.812C soc2@70.75C soc0@71C gpu@74.156C tj@74.156C soc1@71.531C VDD_IN 23237mW/23174mW VDD_CPU_GPU_CV 9856mW/9886mW VDD_SOC 6110mW/6117mW
08-04-2026 11:54:56 RAM 3718/7620MB (lfb 39x1MB) SWAP 2411/12002MB (cached 119MB) CPU [0%@1728,0%@1728,0%@1728,0%@1728,0%@1728,0%@1728] GR3D_FREQ 96% cpu@72.062C soc2@70.75C soc0@71.062C gpu@74C tj@74C soc1@71.343C VDD_IN 23237mW/23174mW VDD_CPU_GPU_CV 9896mW/9886mW VDD_SOC 6150mW/6117mW
08-04-2026 11:54:56 RAM 3718/7620MB (lfb 39x1MB) SWAP 2411/12002MB (cached 119MB) CPU [0%@1728,0%@1728,15%@1728,0%@1728,0%@1728,0%@1728] GR3D_FREQ 93% cpu@72.125C soc2@70.656C soc0@70.937C gpu@74.25C tj@74.25C soc1@71.375C VDD_IN 23237mW/23174mW VDD_CPU_GPU_CV 9896mW/9886mW VDD_SOC 6150mW/6117mW
08-04-2026 11:54:57 RAM 3718/7620MB (lfb 39x1MB) SWAP 2411/12002MB (cached 119MB) CPU [0%@1728,0%@1728,0%@1728,15%@1728,0%@1728,0%@1728] GR3D_FREQ 96% cpu@71.812C soc2@70.718C soc0@70.968C gpu@74.125C tj@74.125C soc1@71.281C VDD_IN 23277mW/23174mW VDD_CPU_GPU_CV 9896mW/9886mW VDD_SOC 6150mW/6117mW
08-04-2026 11:54:57 RAM 3718/7620MB (lfb 39x1MB) SWAP 2411/12002MB (cached 119MB) CPU [0%@1728,0%@1728,0%@1728,9%@1728,0%@1728,0%@1728] GR3D_FREQ 96% cpu@71.937C soc2@70.75C soc0@70.968C gpu@74.062C tj@74.062C soc1@71.437C VDD_IN 23277mW/23174mW VDD_CPU_GPU_CV 9896mW/9887mW VDD_SOC 6150mW/6117mW
08-04-2026 11:54:57 RAM 3718/7620MB (lfb 39x1MB) SWAP 2411/12002MB (cached 119MB) CPU [0%@1728,27%@1728,16%@1728,0%@1728,0%@1728,0%@1728] GR3D_FREQ 96% cpu@72.156C soc2@70.781C soc0@70.937C gpu@73.937C tj@73.937C soc1@71.187C VDD_IN 23237mW/23174mW VDD_CPU_GPU_CV 9896mW/9887mW VDD_SOC 6150mW/6117mW
08-04-2026 11:54:57 RAM 3718/7620MB (lfb 39x1MB) SWAP 2411/12002MB (cached 119MB) CPU [0%@1728,9%@1728,9%@1728,0%@1728,18%@1728,0%@1728] GR3D_FREQ 96% cpu@72.031C soc2@70.625C soc0@70.875C gpu@74.031C tj@74.031C soc1@71.343C VDD_IN 23197mW/23174mW VDD_CPU_GPU_CV 9896mW/9887mW VDD_SOC 6110mW/6117mW
08-04-2026 11:54:57 RAM 3718/7620MB (lfb 39x1MB) SWAP 2411/12002MB (cached 119MB) CPU [0%@1728,0%@1728,0%@1728,0%@1728,0%@1728,0%@1728] GR3D_FREQ 96% cpu@71.875C soc2@70.687C soc0@70.937C gpu@73.937C tj@73.937C soc1@71.468C VDD_IN 23156mW/23174mW VDD_CPU_GPU_CV 9856mW/9886mW VDD_SOC 6110mW/6117mW
08-04-2026 11:54:57 RAM 3718/7620MB (lfb 39x1MB) SWAP 2411/12002MB (cached 119MB) CPU [0%@1728,0%@1728,0%@1728,0%@1728,27%@1728,0%@1728] GR3D_FREQ 96% cpu@71.968C soc2@70.75C soc0@71.031C gpu@73.937C tj@73.937C soc1@71.531C VDD_IN 23156mW/23174mW VDD_CPU_GPU_CV 9856mW/9886mW VDD_SOC 6110mW/6117mW
08-04-2026 11:54:57 RAM 3718/7620MB (lfb 39x1MB) SWAP 2411/12002MB (cached 119MB) CPU [0%@1728,10%@1728,0%@1728,9%@1728,25%@1728,0%@1728] GR3D_FREQ 94% cpu@72.062C soc2@70.781C soc0@71.187C gpu@74.406C tj@74.406C soc1@71.25C VDD_IN 23197mW/23174mW VDD_CPU_GPU_CV 9896mW/9886mW VDD_SOC 6110mW/6117mW
08-04-2026 11:54:57 RAM 3723/7620MB (lfb 39x1MB) SWAP 2411/12002MB (cached 119MB) CPU [10%@1728,0%@1728,0%@1728,30%@1728,27%@1728,0%@1728] GR3D_FREQ 94% cpu@72.25C soc2@70.718C soc0@70.875C gpu@73.937C tj@73.937C soc1@71.25C VDD_IN 23237mW/23175mW VDD_CPU_GPU_CV 9936mW/9887mW VDD_SOC 6110mW/6117mW
08-04-2026 11:54:57 RAM 3723/7620MB (lfb 39x1MB) SWAP 2411/12002MB (cached 119MB) CPU [0%@1728,0%@1728,0%@1728,9%@1728,0%@1728,0%@1728] GR3D_FREQ 96% cpu@71.875C soc2@70.718C soc0@70.968C gpu@73.968C tj@73.968C soc1@71.406C VDD_IN 23237mW/23175mW VDD_CPU_GPU_CV 9936mW/9887mW VDD_SOC 6110mW/6117mW
08-04-2026 11:54:57 RAM 3723/7620MB (lfb 39x1MB) SWAP 2411/12002MB (cached 119MB) CPU [9%@1728,0%@1728,0%@1728,0%@1728,20%@1728,0%@1728] GR3D_FREQ 96% cpu@71.968C soc2@70.625C soc0@71.031C gpu@74.343C tj@74.343C soc1@71.5C VDD_IN 23277mW/23175mW VDD_CPU_GPU_CV 9936mW/9887mW VDD_SOC 6100mW/6117mW
08-04-2026 11:54:58 RAM 3723/7620MB (lfb 39x1MB) SWAP 2411/12002MB (cached 119MB) CPU [0%@1728,16%@1728,0%@1728,0%@1728,18%@1728,0%@1728] GR3D_FREQ 94% cpu@72.031C soc2@70.843C soc0@70.906C gpu@74.281C tj@74.281C soc1@71.218C VDD_IN 23277mW/23175mW VDD_CPU_GPU_CV 9936mW/9887mW VDD_SOC 6100mW/6117mW
08-04-2026 11:54:58 RAM 3722/7620MB (lfb 39x1MB) SWAP 2411/12002MB (cached 119MB) CPU [16%@1728,0%@1728,0%@1728,9%@1728,18%@1728,0%@1728] GR3D_FREQ 96% cpu@72.156C soc2@70.718C soc0@70.906C gpu@73.968C tj@73.968C soc1@71.375C VDD_IN 23317mW/23175mW VDD_CPU_GPU_CV 9896mW/9887mW VDD_SOC 6100mW/6117mW
08-04-2026 11:54:58 RAM 3722/7620MB (lfb 39x1MB) SWAP 2411/12002MB (cached 119MB) CPU [18%@1728,9%@1728,9%@1728,0%@1728,0%@1728,0%@1728] GR3D_FREQ 96% cpu@71.968C soc2@70.75C soc0@70.843C gpu@74.375C tj@74.375C soc1@71.343C VDD_IN 23156mW/23175mW VDD_CPU_GPU_CV 9896mW/9887mW VDD_SOC 6110mW/6117mW
08-04-2026 11:54:58 RAM 3722/7620MB (lfb 39x1MB) SWAP 2411/12002MB (cached 119MB) CPU [10%@1728,0%@1728,0%@1728,0%@1728,0%@1728,0%@1728] GR3D_FREQ 96% cpu@71.875C soc2@70.843C soc0@71.093C gpu@74.25C tj@74.25C soc1@71.593C VDD_IN 23197mW/23175mW VDD_CPU_GPU_CV 9896mW/9887mW VDD_SOC 6110mW/6117mW
08-04-2026 11:54:58 RAM 3722/7620MB (lfb 39x1MB) SWAP 2411/12002MB (cached 119MB) CPU [0%@1728,0%@1728,9%@1728,0%@1728,20%@1728,0%@1728] GR3D_FREQ 96% cpu@72.031C soc2@70.812C soc0@70.843C gpu@74.031C tj@74.031C soc1@71.281C VDD_IN 23156mW/23175mW VDD_CPU_GPU_CV 9856mW/9887mW VDD_SOC 6110mW/6117mW
08-04-2026 11:54:58 RAM 3722/7620MB (lfb 39x1MB) SWAP 2411/12002MB (cached 119MB) CPU [0%@1728,0%@1728,9%@1728,0%@1728,25%@1728,0%@1728] GR3D_FREQ 94% cpu@71.843C soc2@70.718C soc0@70.937C gpu@74C tj@74C soc1@71.343C VDD_IN 23197mW/23175mW VDD_CPU_GPU_CV 9896mW/9887mW VDD_SOC 6110mW/6117mW
08-04-2026 11:54:58 RAM 3722/7620MB (lfb 39x1MB) SWAP 2411/12002MB (cached 119MB) CPU [0%@1728,9%@1728,0%@1728,0%@1728,18%@1728,0%@1728] GR3D_FREQ 94% cpu@71.812C soc2@70.75C soc0@70.968C gpu@74.218C tj@74.218C soc1@71.375C VDD_IN 23197mW/23175mW VDD_CPU_GPU_CV 9896mW/9887mW VDD_SOC 6110mW/6117mW
08-04-2026 11:54:58 RAM 3722/7620MB (lfb 39x1MB) SWAP 2411/12002MB (cached 119MB) CPU [0%@1728,0%@1728,0%@1728,9%@1728,27%@1728,0%@1728] GR3D_FREQ 96% cpu@71.906C soc2@70.843C soc0@71.093C gpu@74.093C tj@74.093C soc1@71.5C VDD_IN 23237mW/23175mW VDD_CPU_GPU_CV 9896mW/9887mW VDD_SOC 6110mW/6117mW
08-04-2026 11:54:58 RAM 3722/7620MB (lfb 39x1MB) SWAP 2411/12002MB (cached 119MB) CPU [0%@1728,0%@1728,0%@1728,0%@1728,18%@1728,0%@1728] GR3D_FREQ 92% cpu@71.937C soc2@70.625C soc0@70.875C gpu@74C tj@74C soc1@71.281C VDD_IN 23237mW/23175mW VDD_CPU_GPU_CV 9896mW/9887mW VDD_SOC 6150mW/6117mW
08-04-2026 11:54:59 RAM 3722/7620MB (lfb 39x1MB) SWAP 2411/12002MB (cached 119MB) CPU [0%@1728,0%@1728,9%@1728,0%@1728,20%@1728,0%@1728] GR3D_FREQ 96% cpu@71.812C soc2@70.656C soc0@70.875C gpu@73.937C tj@73.937C soc1@71.281C VDD_IN 23237mW/23175mW VDD_CPU_GPU_CV 9880mW/9887mW VDD_SOC 6150mW/6117mW
08-04-2026 11:54:59 RAM 3722/7620MB (lfb 39x1MB) SWAP 2411/12002MB (cached 119MB) CPU [0%@1728,0%@1728,0%@1728,0%@1728,0%@1728,0%@1728] GR3D_FREQ 95% cpu@71.843C soc2@70.75C soc0@71.062C gpu@74.062C tj@74.062C soc1@71.375C VDD_IN 23237mW/23175mW VDD_CPU_GPU_CV 9880mW/9887mW VDD_SOC 6150mW/6117mW
08-04-2026 11:54:59 RAM 3722/7620MB (lfb 39x1MB) SWAP 2411/12002MB (cached 119MB) CPU [18%@1728,0%@1728,0%@1728,0%@1728,0%@1728,0%@1728] GR3D_FREQ 95% cpu@71.937C soc2@70.781C soc0@71C gpu@73.937C tj@73.937C soc1@71.531C VDD_IN 23197mW/23175mW VDD_CPU_GPU_CV 9840mW/9887mW VDD_SOC 6150mW/6117mW
08-04-2026 11:54:59 RAM 3722/7620MB (lfb 39x1MB) SWAP 2411/12002MB (cached 119MB) CPU [0%@1728,9%@1728,16%@1728,0%@1728,20%@1728,0%@1728] GR3D_FREQ 91% cpu@71.875C soc2@70.625C soc0@70.875C gpu@73.968C tj@73.968C soc1@71.281C VDD_IN 23197mW/23175mW VDD_CPU_GPU_CV 9856mW/9887mW VDD_SOC 6110mW/6117mW
08-04-2026 11:54:59 RAM 3722/7620MB (lfb 39x1MB) SWAP 2411/12002MB (cached 119MB) CPU [9%@1728,9%@1728,0%@1728,0%@1728,0%@1728,0%@1728] GR3D_FREQ 94% cpu@71.781C soc2@70.75C soc0@70.875C gpu@74.375C tj@74.375C soc1@71.375C VDD_IN 23116mW/23175mW VDD_CPU_GPU_CV 9856mW/9887mW VDD_SOC 6110mW/6117mW
08-04-2026 11:54:59 RAM 3722/7620MB (lfb 39x1MB) SWAP 2411/12002MB (cached 119MB) CPU [9%@1728,0%@1728,8%@1728,9%@1728,27%@1728,0%@1728] GR3D_FREQ 93% cpu@71.906C soc2@70.75C soc0@70.875C gpu@73.968C tj@73.968C soc1@71.375C VDD_IN 23156mW/23175mW VDD_CPU_GPU_CV 9896mW/9887mW VDD_SOC 6110mW/6117mW
08-04-2026 11:54:59 RAM 3722/7620MB (lfb 39x1MB) SWAP 2411/12002MB (cached 119MB) CPU [0%@1728,9%@1728,0%@1728,9%@1728,25%@1728,0%@1728] GR3D_FREQ 96% cpu@72.093C soc2@70.75C soc0@70.968C gpu@73.937C tj@73.937C soc1@71.5C VDD_IN 23197mW/23175mW VDD_CPU_GPU_CV 9896mW/9887mW VDD_SOC 6150mW/6117mW
08-04-2026 11:54:59 RAM 3722/7620MB (lfb 39x1MB) SWAP 2411/12002MB (cached 119MB) CPU [15%@1728,0%@1728,9%@1728,0%@1728,20%@1728,0%@1728] GR3D_FREQ 96% cpu@72.187C soc2@70.656C soc0@70.812C gpu@74.281C tj@74.281C soc1@71.281C VDD_IN 23237mW/23175mW VDD_CPU_GPU_CV 9936mW/9887mW VDD_SOC 6110mW/6117mW
08-04-2026 11:54:59 RAM 3722/7620MB (lfb 39x1MB) SWAP 2411/12002MB (cached 119MB) CPU [0%@1728,0%@1728,0%@1728,0%@1728,0%@1728,0%@1728] GR3D_FREQ 96% cpu@71.781C soc2@70.718C soc0@70.875C gpu@74.187C tj@74.187C soc1@71.375C VDD_IN 23277mW/23176mW VDD_CPU_GPU_CV 9896mW/9887mW VDD_SOC 6110mW/6117mW
08-04-2026 11:54:59 RAM 3722/7620MB (lfb 39x1MB) SWAP 2411/12002MB (cached 119MB) CPU [9%@1728,0%@1728,0%@1728,0%@1728,0%@1728,0%@1728] GR3D_FREQ 94% cpu@71.906C soc2@70.687C soc0@70.906C gpu@73.875C tj@73.875C soc1@71.406C VDD_IN 23237mW/23176mW VDD_CPU_GPU_CV 9896mW/9887mW VDD_SOC 6150mW/6117mW
08-04-2026 11:55:00 RAM 3722/7620MB (lfb 39x1MB) SWAP 2411/12002MB (cached 119MB) CPU [0%@1728,0%@1728,0%@1728,0%@1728,20%@1728,0%@1728] GR3D_FREQ 96% cpu@72.093C soc2@70.75C soc0@71.031C gpu@74.218C tj@74.218C soc1@71.281C VDD_IN 23197mW/23176mW VDD_CPU_GPU_CV 9896mW/9887mW VDD_SOC 6150mW/6117mW
08-04-2026 11:55:00 RAM 3722/7620MB (lfb 39x1MB) SWAP 2411/12002MB (cached 119MB) CPU [0%@1728,0%@1728,9%@1728,8%@1728,18%@1728,0%@1728] GR3D_FREQ 94% cpu@72.156C soc2@70.656C soc0@70.843C gpu@74.156C tj@74.156C soc1@71.343C VDD_IN 23197mW/23176mW VDD_CPU_GPU_CV 9936mW/9887mW VDD_SOC 6150mW/6117mW
08-04-2026 11:55:00 RAM 3722/7620MB (lfb 39x1MB) SWAP 2411/12002MB (cached 119MB) CPU [18%@1728,9%@1728,0%@1728,0%@1728,18%@1728,0%@1728] GR3D_FREQ 94% cpu@71.718C soc2@70.625C soc0@70.906C gpu@73.906C tj@73.906C soc1@71.375C VDD_IN 23156mW/23176mW VDD_CPU_GPU_CV 9896mW/9887mW VDD_SOC 6110mW/6117mW
08-04-2026 11:55:00 RAM 3722/7620MB (lfb 39x1MB) SWAP 2411/12002MB (cached 119MB) CPU [0%@1728,0%@1728,0%@1728,9%@1728,27%@1728,0%@1728] GR3D_FREQ 96% cpu@71.906C soc2@70.687C soc0@70.968C gpu@74.25C tj@74.25C soc1@71.406C VDD_IN 23156mW/23176mW VDD_CPU_GPU_CV 9896mW/9887mW VDD_SOC 6110mW/6117mW
08-04-2026 11:55:00 RAM 3722/7620MB (lfb 39x1MB) SWAP 2411/12002MB (cached 119MB) CPU [9%@1728,8%@1728,0%@1728,0%@1728,30%@1728,0%@1728] GR3D_FREQ 94% cpu@71.875C soc2@70.781C soc0@70.937C gpu@74.062C tj@74.062C soc1@71.25C VDD_IN 23116mW/23176mW VDD_CPU_GPU_CV 9856mW/9887mW VDD_SOC 6110mW/6117mW
08-04-2026 11:55:00 RAM 3722/7620MB (lfb 39x1MB) SWAP 2411/12002MB (cached 119MB) CPU [0%@1728,0%@1728,0%@1728,0%@1728,0%@1728,0%@1728] GR3D_FREQ 96% cpu@72.125C soc2@70.687C soc0@71C gpu@74.093C tj@74.093C soc1@71.312C VDD_IN 23156mW/23176mW VDD_CPU_GPU_CV 9856mW/9887mW VDD_SOC 6110mW/6117mW
08-04-2026 11:55:00 RAM 3722/7620MB (lfb 39x1MB) SWAP 2411/12002MB (cached 119MB) CPU [0%@1728,0%@1728,9%@1728,9%@1728,0%@1728,0%@1728] GR3D_FREQ 96% cpu@71.906C soc2@70.687C soc0@71C gpu@74C tj@74C soc1@71.375C VDD_IN 23197mW/23176mW VDD_CPU_GPU_CV 9896mW/9887mW VDD_SOC 6110mW/6117mW
08-04-2026 11:55:00 RAM 3722/7620MB (lfb 39x1MB) SWAP 2411/12002MB (cached 119MB) CPU [9%@1728,0%@1728,0%@1728,0%@1728,0%@1728,0%@1728] GR3D_FREQ 94% cpu@71.875C soc2@70.656C soc0@71.031C gpu@74.062C tj@73.968C soc1@71.5C VDD_IN 23197mW/23176mW VDD_CPU_GPU_CV 9896mW/9887mW VDD_SOC 6110mW/6117mW
08-04-2026 11:55:00 RAM 3722/7620MB (lfb 39x1MB) SWAP 2411/12002MB (cached 119MB) CPU [0%@1728,0%@1728,0%@1728,0%@1728,0%@1728,0%@1728] GR3D_FREQ 91% cpu@72.062C soc2@70.75C soc0@71.125C gpu@74C tj@74C soc1@71.312C VDD_IN 23197mW/23176mW VDD_CPU_GPU_CV 9896mW/9887mW VDD_SOC 6110mW/6117mW
08-04-2026 11:55:01 RAM 3722/7620MB (lfb 39x1MB) SWAP 2411/12002MB (cached 119MB) CPU [30%@1728,18%@1728,9%@1728,9%@1728,18%@1728,0%@1728] GR3D_FREQ 94% cpu@72.125C soc2@70.687C soc0@70.875C gpu@74C tj@74C soc1@71.312C VDD_IN 23277mW/23176mW VDD_CPU_GPU_CV 9936mW/9887mW VDD_SOC 6140mW/6117mW
08-04-2026 11:55:01 RAM 3722/7620MB (lfb 39x1MB) SWAP 2411/12002MB (cached 119MB) CPU [0%@1728,0%@1728,0%@1728,0%@1728,0%@1728,0%@1728] GR3D_FREQ 95% cpu@71.843C soc2@70.75C soc0@71.031C gpu@73.968C tj@73.968C soc1@71.312C VDD_IN 23277mW/23176mW VDD_CPU_GPU_CV 9936mW/9887mW VDD_SOC 6140mW/6117mW
08-04-2026 11:55:01 RAM 3722/7620MB (lfb 39x1MB) SWAP 2411/12002MB (cached 119MB) CPU [27%@1728,0%@1728,9%@1728,0%@1728,10%@1728,0%@1728] GR3D_FREQ 96% cpu@72C soc2@70.812C soc0@71.031C gpu@74.25C tj@74.25C soc1@71.406C VDD_IN 23317mW/23176mW VDD_CPU_GPU_CV 9936mW/9887mW VDD_SOC 6140mW/6117mW
08-04-2026 11:55:01 RAM 3722/7620MB (lfb 39x1MB) SWAP 2411/12002MB (cached 119MB) CPU [70%@1728,9%@1728,9%@1728,9%@1728,11%@1728,0%@1728] GR3D_FREQ 96% cpu@72.125C soc2@70.843C soc0@70.843C gpu@73.906C tj@73.906C soc1@71.343C VDD_IN 23197mW/23176mW VDD_CPU_GPU_CV 9936mW/9887mW VDD_SOC 6110mW/6117mW
08-04-2026 11:55:01 RAM 3722/7620MB (lfb 39x1MB) SWAP 2411/12002MB (cached 119MB) CPU [9%@1728,9%@1728,0%@1728,0%@1728,25%@1728,0%@1728] GR3D_FREQ 94% cpu@72.093C soc2@70.687C soc0@70.968C gpu@73.843C tj@73.843C soc1@71.343C VDD_IN 23116mW/23176mW VDD_CPU_GPU_CV 9936mW/9887mW VDD_SOC 6110mW/6117mW
08-04-2026 11:55:01 RAM 3722/7620MB (lfb 39x1MB) SWAP 2411/12002MB (cached 119MB) CPU [0%@1728,0%@1728,0%@1728,0%@1728,10%@1728,0%@1728] GR3D_FREQ 96% cpu@71.812C soc2@70.718C soc0@71C gpu@74.375C tj@74.375C soc1@71.406C VDD_IN 23156mW/23176mW VDD_CPU_GPU_CV 9975mW/9887mW VDD_SOC 6110mW/6117mW
08-04-2026 11:55:01 RAM 3722/7620MB (lfb 39x1MB) SWAP 2411/12002MB (cached 119MB) CPU [8%@1728,8%@1728,0%@1728,9%@1728,11%@1728,0%@1728] GR3D_FREQ 94% cpu@71.937C soc2@70.75C soc0@71.062C gpu@74.156C tj@74.156C soc1@71.531C VDD_IN 23197mW/23176mW VDD_CPU_GPU_CV 9936mW/9887mW VDD_SOC 6110mW/6117mW
08-04-2026 11:55:01 RAM 3722/7620MB (lfb 39x1MB) SWAP 2411/12002MB (cached 119MB) CPU [0%@1728,0%@1728,9%@1728,9%@1728,10%@1728,0%@1728] GR3D_FREQ 92% cpu@72C soc2@70.718C soc0@70.906C gpu@74.5C tj@74.5C soc1@71.281C VDD_IN 23197mW/23176mW VDD_CPU_GPU_CV 9975mW/9887mW VDD_SOC 6110mW/6117mW
08-04-2026 11:55:01 RAM 3722/7620MB (lfb 39x1MB) SWAP 2411/12002MB (cached 119MB) CPU [0%@1728,0%@1728,8%@1728,0%@1728,20%@1728,0%@1728] GR3D_FREQ 94% cpu@71.843C soc2@70.718C soc0@70.906C gpu@74.25C tj@74.25C soc1@71.343C VDD_IN 23197mW/23176mW VDD_CPU_GPU_CV 9896mW/9887mW VDD_SOC 6110mW/6117mW
08-04-2026 11:55:01 RAM 3722/7620MB (lfb 39x1MB) SWAP 2411/12002MB (cached 119MB) CPU [0%@1728,0%@1728,0%@1728,0%@1728,18%@1728,0%@1728] GR3D_FREQ 96% cpu@71.843C soc2@70.75C soc0@71.031C gpu@74.187C tj@74.187C soc1@71.437C VDD_IN 23237mW/23176mW VDD_CPU_GPU_CV 9975mW/9887mW VDD_SOC 6110mW/6117mW
08-04-2026 11:55:02 RAM 3722/7620MB (lfb 39x1MB) SWAP 2411/12002MB (cached 119MB) CPU [9%@1728,0%@1728,9%@1728,0%@1728,25%@1728,0%@1728] GR3D_FREQ 96% cpu@71.906C soc2@70.812C soc0@71.031C gpu@74.093C tj@74.093C soc1@71.531C VDD_IN 23237mW/23176mW VDD_CPU_GPU_CV 9936mW/9887mW VDD_SOC 6110mW/6117mW
08-04-2026 11:55:02 RAM 3722/7620MB (lfb 39x1MB) SWAP 2411/12002MB (cached 119MB) CPU [9%@1728,0%@1728,0%@1728,0%@1728,18%@1728,0%@1728] GR3D_FREQ 94% cpu@71.937C soc2@70.656C soc0@70.968C gpu@74.312C tj@74.312C soc1@71.312C VDD_IN 23237mW/23176mW VDD_CPU_GPU_CV 9936mW/9888mW VDD_SOC 6110mW/6117mW
08-04-2026 11:55:02 RAM 3722/7620MB (lfb 39x1MB) SWAP 2411/12002MB (cached 119MB) CPU [18%@1728,0%@1728,0%@1728,9%@1728,27%@1728,0%@1728] GR3D_FREQ 94% cpu@71.812C soc2@70.656C soc0@70.875C gpu@74.125C tj@74.125C soc1@71.312C VDD_IN 23076mW/23176mW VDD_CPU_GPU_CV 9856mW/9888mW VDD_SOC 6110mW/6117mW
08-04-2026 11:55:02 RAM 3722/7620MB (lfb 39x1MB) SWAP 2411/12002MB (cached 119MB) CPU [0%@1728,0%@1728,9%@1728,0%@1728,18%@1728,0%@1728] GR3D_FREQ 91% cpu@71.937C soc2@70.687C soc0@71C gpu@74C tj@74C soc1@71.468C VDD_IN 23156mW/23176mW VDD_CPU_GPU_CV 9856mW/9887mW VDD_SOC 6110mW/6117mW
08-04-2026 11:55:02 RAM 3722/7620MB (lfb 39x1MB) SWAP 2411/12002MB (cached 119MB) CPU [0%@1728,0%@1728,9%@1728,0%@1728,27%@1728,0%@1728] GR3D_FREQ 96% cpu@71.906C soc2@70.718C soc0@71.062C gpu@73.937C tj@73.937C soc1@71.593C VDD_IN 23076mW/23176mW VDD_CPU_GPU_CV 9856mW/9887mW VDD_SOC 6110mW/6117mW
08-04-2026 11:55:02 RAM 3722/7620MB (lfb 39x1MB) SWAP 2411/12002MB (cached 119MB) CPU [0%@1728,0%@1728,0%@1728,0%@1728,25%@1728,0%@1728] GR3D_FREQ 92% cpu@72.25C soc2@70.718C soc0@70.937C gpu@74.125C tj@74.125C soc1@71.343C VDD_IN 23156mW/23176mW VDD_CPU_GPU_CV 9896mW/9887mW VDD_SOC 6110mW/6117mW
08-04-2026 11:55:02 RAM 3722/7620MB (lfb 39x1MB) SWAP 2411/12002MB (cached 119MB) CPU [9%@1728,8%@1728,0%@1728,9%@1728,18%@1728,0%@1728] GR3D_FREQ 94% cpu@71.843C soc2@70.718C soc0@70.843C gpu@74C tj@74C soc1@71.312C VDD_IN 23156mW/23176mW VDD_CPU_GPU_CV 9896mW/9887mW VDD_SOC 6110mW/6117mW
08-04-2026 11:55:02 RAM 3722/7620MB (lfb 39x1MB) SWAP 2411/12002MB (cached 119MB) CPU [0%@1728,0%@1728,0%@1728,0%@1728,20%@1728,0%@1728] GR3D_FREQ 94% cpu@71.843C soc2@70.781C soc0@71.062C gpu@73.968C tj@73.968C soc1@71.437C VDD_IN 23237mW/23176mW VDD_CPU_GPU_CV 9856mW/9887mW VDD_SOC 6110mW/6117mW
08-04-2026 11:55:02 RAM 3722/7620MB (lfb 39x1MB) SWAP 2411/12002MB (cached 119MB) CPU [0%@1728,0%@1728,0%@1728,0%@1728,10%@1728,0%@1728] GR3D_FREQ 96% cpu@72.125C soc2@70.75C soc0@71.062C gpu@74.531C tj@74.531C soc1@71.562C VDD_IN 23237mW/23176mW VDD_CPU_GPU_CV 9856mW/9887mW VDD_SOC 6110mW/6117mW
08-04-2026 11:55:03 RAM 3722/7620MB (lfb 39x1MB) SWAP 2411/12002MB (cached 119MB) CPU [0%@1728,0%@1728,16%@1728,0%@1728,27%@1728,0%@1728] GR3D_FREQ 96% cpu@72.156C soc2@70.718C soc0@70.812C gpu@74C tj@74C soc1@71.312C VDD_IN 23277mW/23176mW VDD_CPU_GPU_CV 9856mW/9887mW VDD_SOC 6100mW/6117mW
08-04-2026 11:55:03 RAM 3722/7620MB (lfb 39x1MB) SWAP 2411/12002MB (cached 119MB) CPU [0%@1728,9%@1728,9%@1728,0%@1728,10%@1728,0%@1728] GR3D_FREQ 94% cpu@71.843C soc2@70.625C soc0@70.968C gpu@73.937C tj@73.937C soc1@71.25C VDD_IN 23277mW/23176mW VDD_CPU_GPU_CV 9856mW/9887mW VDD_SOC 6100mW/6117mW
08-04-2026 11:55:03 RAM 3722/7620MB (lfb 39x1MB) SWAP 2411/12002MB (cached 119MB) CPU [18%@1728,0%@1728,0%@1728,0%@1728,25%@1728,0%@1728] GR3D_FREQ 94% cpu@71.906C soc2@70.687C soc0@71C gpu@74.406C tj@74.406C soc1@71.406C VDD_IN 23237mW/23176mW VDD_CPU_GPU_CV 9896mW/9887mW VDD_SOC 6110mW/6117mW
08-04-2026 11:55:03 RAM 3722/7620MB (lfb 39x1MB) SWAP 2411/12002MB (cached 119MB) CPU [0%@1728,0%@1728,0%@1728,9%@1728,11%@1728,0%@1728] GR3D_FREQ 96% cpu@72.031C soc2@70.781C soc0@71.093C gpu@74C tj@74C soc1@71.531C VDD_IN 23156mW/23176mW VDD_CPU_GPU_CV 9856mW/9887mW VDD_SOC 6110mW/6117mW
08-04-2026 11:55:03 RAM 3722/7620MB (lfb 39x1MB) SWAP 2411/12002MB (cached 119MB) CPU [16%@1728,16%@1728,0%@1728,9%@1728,10%@1728,0%@1728] GR3D_FREQ 96% cpu@72.312C soc2@70.656C soc0@70.875C gpu@73.937C tj@73.937C soc1@71.312C VDD_IN 23116mW/23176mW VDD_CPU_GPU_CV 9896mW/9887mW VDD_SOC 6110mW/6117mW
08-04-2026 11:55:03 RAM 3722/7620MB (lfb 39x1MB) SWAP 2411/12002MB (cached 119MB) CPU [0%@1728,0%@1728,0%@1728,0%@1728,10%@1728,0%@1728] GR3D_FREQ 96% cpu@71.812C soc2@70.593C soc0@70.937C gpu@74.375C tj@74.375C soc1@71.406C VDD_IN 23156mW/23176mW VDD_CPU_GPU_CV 9936mW/9887mW VDD_SOC 6110mW/6117mW
08-04-2026 11:55:03 RAM 3722/7620MB (lfb 39x1MB) SWAP 2411/12002MB (cached 119MB) CPU [0%@1728,9%@1728,9%@1728,9%@1728,11%@1728,0%@1728] GR3D_FREQ 94% cpu@71.812C soc2@70.718C soc0@71.031C gpu@74.218C tj@74.218C soc1@71.468C VDD_IN 23197mW/23176mW VDD_CPU_GPU_CV 9936mW/9887mW VDD_SOC 6150mW/6117mW
08-04-2026 11:55:03 RAM 3722/7620MB (lfb 39x1MB) SWAP 2411/12002MB (cached 119MB) CPU [0%@1728,0%@1728,8%@1728,0%@1728,10%@1728,0%@1728] GR3D_FREQ 94% cpu@72.125C soc2@70.812C soc0@71.125C gpu@74.062C tj@74.062C soc1@71.562C VDD_IN 23237mW/23176mW VDD_CPU_GPU_CV 9936mW/9887mW VDD_SOC 6150mW/6117mW
08-04-2026 11:55:03 RAM 3722/7620MB (lfb 39x1MB) SWAP 2411/12002MB (cached 119MB) CPU [0%@1728,0%@1728,0%@1728,0%@1728,18%@1728,0%@1728] GR3D_FREQ 94% cpu@72.156C soc2@70.687C soc0@70.937C gpu@74.406C tj@74.406C soc1@71.312C VDD_IN 23237mW/23176mW VDD_CPU_GPU_CV 9920mW/9888mW VDD_SOC 6150mW/6117mW
08-04-2026 11:55:03 RAM 3722/7620MB (lfb 39x1MB) SWAP 2411/12002MB (cached 119MB) CPU [0%@1728,0%@1728,0%@1728,0%@1728,20%@1728,0%@1728] GR3D_FREQ 91% cpu@72.156C soc2@70.625C soc0@70.937C gpu@74.218C tj@74.218C soc1@71.406C VDD_IN 23237mW/23177mW VDD_CPU_GPU_CV 9936mW/9888mW VDD_SOC 6150mW/6117mW
08-04-2026 11:55:04 RAM 3722/7620MB (lfb 39x1MB) SWAP 2411/12002MB (cached 119MB) CPU [0%@1728,0%@1728,0%@1728,0%@1728,25%@1728,0%@1728] GR3D_FREQ 96% cpu@72.031C soc2@70.75C soc0@70.937C gpu@74.062C tj@74.062C soc1@71.406C VDD_IN 23237mW/23177mW VDD_CPU_GPU_CV 9920mW/9888mW VDD_SOC 6150mW/6117mW
08-04-2026 11:55:04 RAM 3723/7620MB (lfb 39x1MB) SWAP 2411/12002MB (cached 119MB) CPU [9%@1728,0%@1728,8%@1728,9%@1728,27%@1728,0%@1728] GR3D_FREQ 94% cpu@72.062C soc2@70.75C soc0@71.093C gpu@74C tj@74C soc1@71.281C VDD_IN 23197mW/23177mW VDD_CPU_GPU_CV 9936mW/9888mW VDD_SOC 6150mW/6117mW
08-04-2026 11:55:04 RAM 3721/7620MB (lfb 39x1MB) SWAP 2411/12002MB (cached 119MB) CPU [10%@1728,0%@1728,30%@1728,22%@1728,20%@1728,0%@1728] GR3D_FREQ 93% cpu@72.093C soc2@70.718C soc0@70.875C gpu@74.156C tj@74.156C soc1@71.281C VDD_IN 23156mW/23177mW VDD_CPU_GPU_CV 9896mW/9888mW VDD_SOC 6110mW/6117mW
08-04-2026 11:55:04 RAM 3721/7620MB (lfb 39x1MB) SWAP 2411/12002MB (cached 119MB) CPU [0%@1728,9%@1728,0%@1728,16%@1728,25%@1728,0%@1728] GR3D_FREQ 96% cpu@71.812C soc2@70.656C soc0@70.906C gpu@74.031C tj@74.031C soc1@71.281C VDD_IN 23156mW/23177mW VDD_CPU_GPU_CV 9896mW/9888mW VDD_SOC 6110mW/6117mW
08-04-2026 11:55:04 RAM 3721/7620MB (lfb 39x1MB) SWAP 2411/12002MB (cached 119MB) CPU [16%@1728,0%@1728,0%@1728,0%@1728,11%@1728,0%@1728] GR3D_FREQ 96% cpu@71.875C soc2@70.656C soc0@70.937C gpu@74.031C tj@74.031C soc1@71.375C VDD_IN 23116mW/23177mW VDD_CPU_GPU_CV 9896mW/9888mW VDD_SOC 6110mW/6117mW
08-04-2026 11:55:04 RAM 3721/7620MB (lfb 39x1MB) SWAP 2411/12002MB (cached 119MB) CPU [0%@1728,8%@1728,0%@1728,0%@1728,0%@1728,0%@1728] GR3D_FREQ 96% cpu@71.968C soc2@70.812C soc0@70.781C gpu@73.906C tj@73.906C soc1@71.281C VDD_IN 23116mW/23176mW VDD_CPU_GPU_CV 9896mW/9888mW VDD_SOC 6110mW/6117mW
08-04-2026 11:55:04 RAM 3721/7620MB (lfb 39x1MB) SWAP 2411/12002MB (cached 119MB) CPU [0%@1728,0%@1728,9%@1728,10%@1728,0%@1728,0%@1728] GR3D_FREQ 96% cpu@71.968C soc2@70.75C soc0@70.937C gpu@74.031C tj@74.031C soc1@71.218C VDD_IN 23197mW/23176mW VDD_CPU_GPU_CV 9896mW/9888mW VDD_SOC 6110mW/6117mW
08-04-2026 11:55:04 RAM 3721/7620MB (lfb 39x1MB) SWAP 2411/12002MB (cached 119MB) CPU [9%@1728,0%@1728,0%@1728,8%@1728,11%@1728,0%@1728] GR3D_FREQ 95% cpu@71.843C soc2@70.687C soc0@70.906C gpu@74C tj@74C soc1@71.375C VDD_IN 23237mW/23177mW VDD_CPU_GPU_CV 9896mW/9888mW VDD_SOC 6110mW/6117mW
08-04-2026 11:55:04 RAM 3721/7620MB (lfb 39x1MB) SWAP 2411/12002MB (cached 119MB) CPU [0%@1728,0%@1728,0%@1728,0%@1728,25%@1728,0%@1728] GR3D_FREQ 96% cpu@71.843C soc2@70.75C soc0@70.968C gpu@73.937C tj@73.937C soc1@71.5C VDD_IN 23237mW/23177mW VDD_CPU_GPU_CV 9896mW/9888mW VDD_SOC 6110mW/6117mW
08-04-2026 11:55:05 RAM 3721/7620MB (lfb 39x1MB) SWAP 2411/12002MB (cached 119MB) CPU [0%@1728,0%@1728,0%@1728,0%@1728,20%@1728,0%@1728] GR3D_FREQ 96% cpu@71.812C soc2@70.781C soc0@71.156C gpu@74.375C tj@74.375C soc1@71.156C VDD_IN 23237mW/23177mW VDD_CPU_GPU_CV 9896mW/9888mW VDD_SOC 6150mW/6117mW
08-04-2026 11:55:05 RAM 3721/7620MB (lfb 39x1MB) SWAP 2411/12002MB (cached 119MB) CPU [9%@1728,9%@1728,0%@1728,0%@1728,18%@1728,0%@1728] GR3D_FREQ 96% cpu@71.968C soc2@70.656C soc0@70.812C gpu@73.875C tj@73.875C soc1@71.218C VDD_IN 23237mW/23177mW VDD_CPU_GPU_CV 9896mW/9888mW VDD_SOC 6150mW/6117mW
08-04-2026 11:55:05 RAM 3721/7620MB (lfb 39x1MB) SWAP 2411/12002MB (cached 119MB) CPU [0%@1728,9%@1728,9%@1728,0%@1728,18%@1728,0%@1728] GR3D_FREQ 96% cpu@71.843C soc2@70.625C soc0@70.843C gpu@73.875C tj@73.875C soc1@71.312C VDD_IN 23237mW/23177mW VDD_CPU_GPU_CV 9936mW/9888mW VDD_SOC 6150mW/6117mW
08-04-2026 11:55:05 RAM 3721/7620MB (lfb 39x1MB) SWAP 2411/12002MB (cached 119MB) CPU [18%@1728,10%@1728,0%@1728,9%@1728,27%@1728,0%@1728] GR3D_FREQ 96% cpu@71.812C soc2@70.718C soc0@71.062C gpu@74.187C tj@74.187C soc1@71.406C VDD_IN 23156mW/23177mW VDD_CPU_GPU_CV 9896mW/9888mW VDD_SOC 6110mW/6117mW
08-04-2026 11:55:05 RAM 3721/7620MB (lfb 39x1MB) SWAP 2411/12002MB (cached 119MB) CPU [0%@1728,16%@1728,0%@1728,8%@1728,18%@1728,0%@1728] GR3D_FREQ 94% cpu@72.156C soc2@70.656C soc0@71C gpu@74.062C tj@74.062C soc1@71.125C VDD_IN 23156mW/23177mW VDD_CPU_GPU_CV 9896mW/9888mW VDD_SOC 6110mW/6117mW
08-04-2026 11:55:05 RAM 3721/7620MB (lfb 39x1MB) SWAP 2411/12002MB (cached 119MB) CPU [9%@1728,0%@1728,0%@1728,0%@1728,0%@1728,0%@1728] GR3D_FREQ 94% cpu@71.75C soc2@70.625C soc0@70.843C gpu@73.843C tj@73.843C soc1@71.312C VDD_IN 23197mW/23177mW VDD_CPU_GPU_CV 9856mW/9888mW VDD_SOC 6110mW/6117mW
08-04-2026 11:55:05 RAM 3721/7620MB (lfb 39x1MB) SWAP 2411/12002MB (cached 119MB) CPU [0%@1728,9%@1728,0%@1728,0%@1728,0%@1728,0%@1728] GR3D_FREQ 96% cpu@71.75C soc2@70.625C soc0@70.906C gpu@74.281C tj@74.281C soc1@71.406C VDD_IN 23197mW/23177mW VDD_CPU_GPU_CV 9896mW/9888mW VDD_SOC 6110mW/6117mW
08-04-2026 11:55:05 RAM 3721/7620MB (lfb 39x1MB) SWAP 2411/12002MB (cached 119MB) CPU [9%@1728,0%@1728,0%@1728,0%@1728,0%@1728,0%@1728] GR3D_FREQ 96% cpu@71.875C soc2@70.656C soc0@70.937C gpu@74.187C tj@74.187C soc1@71.5C VDD_IN 23197mW/23177mW VDD_CPU_GPU_CV 9975mW/9888mW VDD_SOC 6110mW/6117mW
08-04-2026 11:55:05 RAM 3721/7620MB (lfb 39x1MB) SWAP 2411/12002MB (cached 119MB) CPU [0%@1728,0%@1728,0%@1728,0%@1728,25%@1728,0%@1728] GR3D_FREQ 94% cpu@72.062C soc2@70.687C soc0@70.812C gpu@74C tj@74C soc1@71.25C VDD_IN 23237mW/23177mW VDD_CPU_GPU_CV 9936mW/9888mW VDD_SOC 6110mW/6117mW
08-04-2026 11:55:05 RAM 3721/7620MB (lfb 39x1MB) SWAP 2411/12002MB (cached 119MB) CPU [0%@1728,0%@1728,0%@1728,0%@1728,27%@1728,0%@1728] GR3D_FREQ 93% cpu@71.75C soc2@70.562C soc0@70.937C gpu@74.312C tj@74.312C soc1@71.312C VDD_IN 23237mW/23177mW VDD_CPU_GPU_CV 9936mW/9888mW VDD_SOC 6110mW/6117mW
08-04-2026 11:55:06 RAM 3721/7620MB (lfb 39x1MB) SWAP 2411/12002MB (cached 119MB) CPU [0%@1728,0%@1728,0%@1728,0%@1728,18%@1728,0%@1728] GR3D_FREQ 96% cpu@71.812C soc2@70.687C soc0@70.875C gpu@74.093C tj@74.093C soc1@71.343C VDD_IN 23237mW/23177mW VDD_CPU_GPU_CV 9936mW/9888mW VDD_SOC 6110mW/6117mW
08-04-2026 11:55:06 RAM 3721/7620MB (lfb 39x1MB) SWAP 2411/12002MB (cached 119MB) CPU [0%@1728,0%@1728,0%@1728,0%@1728,30%@1728,0%@1728] GR3D_FREQ 96% cpu@71.906C soc2@70.718C soc0@70.937C gpu@74.062C tj@74.062C soc1@71.437C VDD_IN 23277mW/23177mW VDD_CPU_GPU_CV 9936mW/9888mW VDD_SOC 6150mW/6117mW
08-04-2026 11:55:06 RAM 3721/7620MB (lfb 39x1MB) SWAP 2411/12002MB (cached 119MB) CPU [0%@1728,27%@1728,9%@1728,0%@1728,20%@1728,0%@1728] GR3D_FREQ 95% cpu@72.062C soc2@70.75C soc0@71.125C gpu@73.906C tj@73.906C soc1@71.281C VDD_IN 23197mW/23177mW VDD_CPU_GPU_CV 9896mW/9888mW VDD_SOC 6110mW/6117mW
08-04-2026 11:55:06 RAM 3721/7620MB (lfb 39x1MB) SWAP 2411/12002MB (cached 119MB) CPU [9%@1728,0%@1728,0%@1728,0%@1728,25%@1728,0%@1728] GR3D_FREQ 93% cpu@71.781C soc2@70.531C soc0@70.875C gpu@74.125C tj@74.125C soc1@71.281C VDD_IN 23197mW/23177mW VDD_CPU_GPU_CV 9936mW/9888mW VDD_SOC 6110mW/6117mW
08-04-2026 11:55:06 RAM 3721/7620MB (lfb 39x1MB) SWAP 2411/12002MB (cached 119MB) CPU [0%@1728,0%@1728,0%@1728,0%@1728,20%@1728,0%@1728] GR3D_FREQ 94% cpu@71.75C soc2@70.625C soc0@70.875C gpu@73.968C tj@73.968C soc1@71.437C VDD_IN 23116mW/23177mW VDD_CPU_GPU_CV 9896mW/9888mW VDD_SOC 6110mW/6117mW
08-04-2026 11:55:06 RAM 3721/7620MB (lfb 39x1MB) SWAP 2411/12002MB (cached 119MB) CPU [0%@1728,0%@1728,0%@1728,0%@1728,18%@1728,0%@1728] GR3D_FREQ 94% cpu@71.937C soc2@70.812C soc0@71.062C gpu@74C tj@74C soc1@71.468C VDD_IN 23156mW/23177mW VDD_CPU_GPU_CV 9896mW/9888mW VDD_SOC 6110mW/6117mW
08-04-2026 11:55:06 RAM 3721/7620MB (lfb 39x1MB) SWAP 2411/12002MB (cached 119MB) CPU [0%@1728,0%@1728,0%@1728,9%@1728,0%@1728,0%@1728] GR3D_FREQ 95% cpu@72.031C soc2@70.593C soc0@70.843C gpu@73.937C tj@73.937C soc1@71.25C VDD_IN 23197mW/23177mW VDD_CPU_GPU_CV 9896mW/9888mW VDD_SOC 6110mW/6117mW
08-04-2026 11:55:06 RAM 3721/7620MB (lfb 39x1MB) SWAP 2411/12002MB (cached 119MB) CPU [9%@1728,0%@1728,0%@1728,0%@1728,0%@1728,0%@1728] GR3D_FREQ 96% cpu@72.187C soc2@70.625C soc0@70.906C gpu@74C tj@74C soc1@71.343C VDD_IN 23197mW/23177mW VDD_CPU_GPU_CV 9896mW/9888mW VDD_SOC 6110mW/6117mW
08-04-2026 11:55:06 RAM 3721/7620MB (lfb 39x1MB) SWAP 2411/12002MB (cached 119MB) CPU [0%@1728,0%@1728,0%@1728,0%@1728,0%@1728,0%@1728] GR3D_FREQ 96% cpu@71.812C soc2@70.562C soc0@70.937C gpu@73.968C tj@73.968C soc1@71.343C VDD_IN 23237mW/23177mW VDD_CPU_GPU_CV 9896mW/9888mW VDD_SOC 6110mW/6117mW
08-04-2026 11:55:07 RAM 3721/7620MB (lfb 39x1MB) SWAP 2411/12002MB (cached 119MB) CPU [9%@1728,9%@1728,9%@1728,0%@1728,0%@1728,0%@1728] GR3D_FREQ 94% cpu@71.968C soc2@70.718C soc0@71C gpu@73.937C tj@73.937C soc1@71.437C VDD_IN 23197mW/23177mW VDD_CPU_GPU_CV 9896mW/9888mW VDD_SOC 6110mW/6117mW
08-04-2026 11:55:07 RAM 3721/7620MB (lfb 39x1MB) SWAP 2411/12002MB (cached 119MB) CPU [8%@1728,0%@1728,9%@1728,16%@1728,11%@1728,0%@1728] GR3D_FREQ 96% cpu@72.218C soc2@70.593C soc0@70.843C gpu@74.375C tj@74.375C soc1@71.343C VDD_IN 23237mW/23177mW VDD_CPU_GPU_CV 9936mW/9888mW VDD_SOC 6110mW/6117mW
08-04-2026 11:55:07 RAM 3721/7620MB (lfb 39x1MB) SWAP 2411/12002MB (cached 119MB) CPU [18%@1728,18%@1728,0%@1728,10%@1728,18%@1728,9%@1728] GR3D_FREQ 96% cpu@72.156C soc2@70.687C soc0@70.906C gpu@74.062C tj@74.062C soc1@71.406C VDD_IN 23237mW/23177mW VDD_CPU_GPU_CV 9975mW/9888mW VDD_SOC 6150mW/6117mW
08-04-2026 11:55:07 RAM 3721/7620MB (lfb 39x1MB) SWAP 2411/12002MB (cached 119MB) CPU [9%@1728,9%@1728,16%@1728,9%@1728,18%@1728,0%@1728] GR3D_FREQ 96% cpu@71.937C soc2@70.781C soc0@70.968C gpu@74.406C tj@74.406C soc1@71.437C VDD_IN 23156mW/23177mW VDD_CPU_GPU_CV 9936mW/9888mW VDD_SOC 6110mW/6117mW
08-04-2026 11:55:07 RAM 3728/7620MB (lfb 39x1MB) SWAP 2411/12002MB (cached 119MB) CPU [10%@1728,20%@1728,16%@1728,27%@1728,20%@1728,8%@1728] GR3D_FREQ 95% cpu@72.218C soc2@70.75C soc0@71.031C gpu@74.187C tj@74.187C soc1@71.25C VDD_IN 23156mW/23177mW VDD_CPU_GPU_CV 9896mW/9888mW VDD_SOC 6110mW/6117mW
08-04-2026 11:55:07 RAM 3721/7620MB (lfb 39x1MB) SWAP 2411/12002MB (cached 119MB) CPU [0%@1728,0%@1728,9%@1728,9%@1728,9%@1728,20%@1728] GR3D_FREQ 94% cpu@72.031C soc2@70.625C soc0@70.843C gpu@74.031C tj@74.031C soc1@71.312C VDD_IN 23156mW/23177mW VDD_CPU_GPU_CV 9896mW/9888mW VDD_SOC 6110mW/6117mW
08-04-2026 11:55:07 RAM 3721/7620MB (lfb 39x1MB) SWAP 2411/12002MB (cached 119MB) CPU [9%@1728,9%@1728,0%@1728,10%@1728,0%@1728,25%@1728] GR3D_FREQ 92% cpu@72.156C soc2@70.656C soc0@70.875C gpu@74.031C tj@74.031C soc1@71.406C VDD_IN 23116mW/23177mW VDD_CPU_GPU_CV 9936mW/9889mW VDD_SOC 6110mW/6117mW
08-04-2026 11:55:07 RAM 3721/7620MB (lfb 39x1MB) SWAP 2411/12002MB (cached 119MB) CPU [0%@1728,0%@1728,8%@1728,0%@1728,0%@1728,20%@1728] GR3D_FREQ 95% cpu@71.906C soc2@70.593C soc0@70.906C gpu@74.218C tj@74C soc1@71.437C VDD_IN 23156mW/23177mW VDD_CPU_GPU_CV 9936mW/9889mW VDD_SOC 6110mW/6117mW
08-04-2026 11:55:07 RAM 3721/7620MB (lfb 39x1MB) SWAP 2411/12002MB (cached 119MB) CPU [0%@1728,0%@1728,0%@1728,0%@1728,0%@1728,25%@1728] GR3D_FREQ 93% cpu@71.812C soc2@70.687C soc0@71.125C gpu@74.093C tj@74.093C soc1@71.531C VDD_IN 23156mW/23177mW VDD_CPU_GPU_CV 9896mW/9889mW VDD_SOC 6110mW/6117mW
08-04-2026 11:55:07 RAM 3721/7620MB (lfb 39x1MB) SWAP 2411/12002MB (cached 119MB) CPU [8%@1728,8%@1728,0%@1728,0%@1728,0%@1728,27%@1728] GR3D_FREQ 96% cpu@71.906C soc2@70.625C soc0@70.781C gpu@73.906C tj@73.906C soc1@71.312C VDD_IN 23237mW/23177mW VDD_CPU_GPU_CV 9896mW/9889mW VDD_SOC 6110mW/6117mW
08-04-2026 11:55:08 RAM 3721/7620MB (lfb 39x1MB) SWAP 2411/12002MB (cached 119MB) CPU [0%@1728,9%@1728,0%@1728,0%@1728,0%@1728,18%@1728] GR3D_FREQ 96% cpu@71.843C soc2@70.625C soc0@70.937C gpu@74C tj@74C soc1@71.281C VDD_IN 23237mW/23177mW VDD_CPU_GPU_CV 9936mW/9889mW VDD_SOC 6110mW/6117mW
08-04-2026 11:55:08 RAM 3721/7620MB (lfb 39x1MB) SWAP 2411/12002MB (cached 119MB) CPU [0%@1728,9%@1728,0%@1728,0%@1728,0%@1728,25%@1728] GR3D_FREQ 94% cpu@71.875C soc2@70.687C soc0@70.937C gpu@74C tj@74C soc1@71.5C VDD_IN 23197mW/23177mW VDD_CPU_GPU_CV 9896mW/9889mW VDD_SOC 6150mW/6117mW
08-04-2026 11:55:08 RAM 3721/7620MB (lfb 39x1MB) SWAP 2411/12002MB (cached 119MB) CPU [0%@1728,20%@1728,0%@1728,9%@1728,0%@1728,20%@1728] GR3D_FREQ 95% cpu@71.937C soc2@70.625C soc0@71.031C gpu@73.906C tj@73.906C soc1@71.25C VDD_IN 23116mW/23177mW VDD_CPU_GPU_CV 9856mW/9889mW VDD_SOC 6110mW/6117mW
08-04-2026 11:55:08 RAM 3721/7620MB (lfb 39x1MB) SWAP 2411/12002MB (cached 119MB) CPU [9%@1728,9%@1728,9%@1728,0%@1728,0%@1728,30%@1728] GR3D_FREQ 94% cpu@71.781C soc2@70.656C soc0@70.843C gpu@73.812C tj@73.812C soc1@71.187C VDD_IN 23156mW/23177mW VDD_CPU_GPU_CV 9856mW/9889mW VDD_SOC 6110mW/6117mW
08-04-2026 11:55:08 RAM 3721/7620MB (lfb 39x1MB) SWAP 2411/12002MB (cached 119MB) CPU [0%@1728,9%@1728,0%@1728,0%@1728,0%@1728,18%@1728] GR3D_FREQ 94% cpu@71.781C soc2@70.531C soc0@70.968C gpu@74.406C tj@74.406C soc1@71.406C VDD_IN 23116mW/23177mW VDD_CPU_GPU_CV 9856mW/9889mW VDD_SOC 6110mW/6117mW
08-04-2026 11:55:08 RAM 3721/7620MB (lfb 39x1MB) SWAP 2411/12002MB (cached 119MB) CPU [0%@1728,0%@1728,0%@1728,0%@1728,0%@1728,20%@1728] GR3D_FREQ 96% cpu@71.875C soc2@70.625C soc0@70.968C gpu@74.125C tj@74.125C soc1@71.437C VDD_IN 23156mW/23177mW VDD_CPU_GPU_CV 9856mW/9888mW VDD_SOC 6110mW/6117mW
08-04-2026 11:55:08 RAM 3721/7620MB (lfb 39x1MB) SWAP 2411/12002MB (cached 119MB) CPU [16%@1728,0%@1728,9%@1728,9%@1728,0%@1728,0%@1728] GR3D_FREQ 96% cpu@72.125C soc2@70.687C soc0@70.843C gpu@73.875C tj@73.875C soc1@71.187C VDD_IN 23197mW/23177mW VDD_CPU_GPU_CV 9896mW/9888mW VDD_SOC 6110mW/6117mW
08-04-2026 11:55:08 RAM 3721/7620MB (lfb 39x1MB) SWAP 2411/12002MB (cached 119MB) CPU [8%@1728,0%@1728,9%@1728,9%@1728,0%@1728,18%@1728] GR3D_FREQ 94% cpu@71.718C soc2@70.656C soc0@70.812C gpu@74.281C tj@74.281C soc1@71.312C VDD_IN 23156mW/23177mW VDD_CPU_GPU_CV 9896mW/9889mW VDD_SOC 6110mW/6117mW
08-04-2026 11:55:08 RAM 3721/7620MB (lfb 39x1MB) SWAP 2411/12002MB (cached 119MB) CPU [0%@1728,0%@1728,0%@1728,0%@1728,0%@1728,11%@1728] GR3D_FREQ 96% cpu@71.812C soc2@70.656C soc0@70.843C gpu@74.187C tj@74.187C soc1@71.281C VDD_IN 23237mW/23177mW VDD_CPU_GPU_CV 9975mW/9889mW VDD_SOC 6110mW/6117mW
08-04-2026 11:55:09 RAM 3721/7620MB (lfb 39x1MB) SWAP 2411/12002MB (cached 119MB) CPU [0%@1728,0%@1728,0%@1728,0%@1728,0%@1728,18%@1728] GR3D_FREQ 93% cpu@71.812C soc2@70.656C soc0@71C gpu@74.093C tj@74.093C soc1@71.468C VDD_IN 23237mW/23177mW VDD_CPU_GPU_CV 9936mW/9889mW VDD_SOC 6150mW/6117mW
08-04-2026 11:55:09 RAM 3721/7620MB (lfb 39x1MB) SWAP 2411/12002MB (cached 119MB) CPU [16%@1728,0%@1728,9%@1728,0%@1728,0%@1728,27%@1728] GR3D_FREQ 96% cpu@72.031C soc2@70.781C soc0@70.843C gpu@74.343C tj@74.343C soc1@71.187C VDD_IN 23237mW/23177mW VDD_CPU_GPU_CV 9936mW/9889mW VDD_SOC 6110mW/6117mW
08-04-2026 11:55:09 RAM 3721/7620MB (lfb 39x1MB) SWAP 2411/12002MB (cached 119MB) CPU [10%@1728,0%@1728,0%@1728,0%@1728,0%@1728,25%@1728] GR3D_FREQ 96% cpu@71.718C soc2@70.562C soc0@70.781C gpu@74.093C tj@74.093C soc1@71.25C VDD_IN 23277mW/23177mW VDD_CPU_GPU_CV 9936mW/9889mW VDD_SOC 6150mW/6117mW
08-04-2026 11:55:09 RAM 3722/7620MB (lfb 39x1MB) SWAP 2411/12002MB (cached 119MB) CPU [9%@1728,10%@1728,0%@1728,9%@1728,0%@1728,18%@1728] GR3D_FREQ 93% cpu@71.75C soc2@70.625C soc0@70.906C gpu@73.968C tj@73.968C soc1@71.25C VDD_IN 23116mW/23177mW VDD_CPU_GPU_CV 9896mW/9889mW VDD_SOC 6110mW/6117mW
08-04-2026 11:55:09 RAM 3722/7620MB (lfb 39x1MB) SWAP 2411/12002MB (cached 119MB) CPU [0%@1728,0%@1728,0%@1728,0%@1728,0%@1728,0%@1728] GR3D_FREQ 91% cpu@71.937C soc2@70.593C soc0@70.968C gpu@74C tj@74C soc1@71.406C VDD_IN 23156mW/23177mW VDD_CPU_GPU_CV 9856mW/9889mW VDD_SOC 6110mW/6117mW
08-04-2026 11:55:09 RAM 3722/7620MB (lfb 39x1MB) SWAP 2411/12002MB (cached 119MB) CPU [0%@1728,0%@1728,0%@1728,0%@1728,0%@1728,18%@1728] GR3D_FREQ 94% cpu@72.031C soc2@70.656C soc0@70.75C gpu@74.062C tj@74.062C soc1@71.25C VDD_IN 23076mW/23177mW VDD_CPU_GPU_CV 9856mW/9889mW VDD_SOC 6110mW/6117mW
08-04-2026 11:55:09 RAM 3722/7620MB (lfb 39x1MB) SWAP 2411/12002MB (cached 119MB) CPU [0%@1728,9%@1728,16%@1728,0%@1728,0%@1728,18%@1728] GR3D_FREQ 96% cpu@72.093C soc2@70.531C soc0@70.843C gpu@74.031C tj@74.031C soc1@71.218C VDD_IN 23116mW/23177mW VDD_CPU_GPU_CV 9896mW/9889mW VDD_SOC 6110mW/6117mW
08-04-2026 11:55:09 RAM 3722/7620MB (lfb 39x1MB) SWAP 2411/12002MB (cached 119MB) CPU [0%@1728,0%@1728,0%@1728,0%@1728,0%@1728,27%@1728] GR3D_FREQ 96% cpu@71.812C soc2@70.562C soc0@70.781C gpu@73.906C tj@73.906C soc1@71.312C VDD_IN 23116mW/23177mW VDD_CPU_GPU_CV 9896mW/9889mW VDD_SOC 6110mW/6117mW
08-04-2026 11:55:09 RAM 3722/7620MB (lfb 39x1MB) SWAP 2411/12002MB (cached 119MB) CPU [0%@1728,0%@1728,0%@1728,0%@1728,0%@1728,25%@1728] GR3D_FREQ 92% cpu@71.843C soc2@70.593C soc0@70.906C gpu@73.781C tj@73.781C soc1@71.406C VDD_IN 23156mW/23177mW VDD_CPU_GPU_CV 9936mW/9889mW VDD_SOC 6110mW/6117mW
08-04-2026 11:55:09 RAM 3722/7620MB (lfb 39x1MB) SWAP 2411/12002MB (cached 119MB) CPU [9%@1728,0%@1728,0%@1728,0%@1728,0%@1728,20%@1728] GR3D_FREQ 96% cpu@71.906C soc2@70.687C soc0@70.812C gpu@73.875C tj@73.875C soc1@71.125C VDD_IN 23156mW/23177mW VDD_CPU_GPU_CV 9896mW/9889mW VDD_SOC 6110mW/6117mW
08-04-2026 11:55:10 RAM 3722/7620MB (lfb 39x1MB) SWAP 2411/12002MB (cached 119MB) CPU [0%@1728,0%@1728,0%@1728,0%@1728,0%@1728,18%@1728] GR3D_FREQ 95% cpu@72.062C soc2@70.593C soc0@70.843C gpu@73.875C tj@73.875C soc1@71.281C VDD_IN 23197mW/23177mW VDD_CPU_GPU_CV 9896mW/9889mW VDD_SOC 6110mW/6117mW
08-04-2026 11:55:10 RAM 3722/7620MB (lfb 39x1MB) SWAP 2411/12002MB (cached 119MB) CPU [0%@1728,0%@1728,8%@1728,8%@1728,0%@1728,0%@1728] GR3D_FREQ 94% cpu@71.781C soc2@70.593C soc0@70.843C gpu@73.875C tj@73.875C soc1@71.218C VDD_IN 23197mW/23177mW VDD_CPU_GPU_CV 9896mW/9889mW VDD_SOC 6110mW/6117mW
08-04-2026 11:55:10 RAM 3722/7620MB (lfb 39x1MB) SWAP 2411/12002MB (cached 119MB) CPU [10%@1728,20%@1728,10%@1728,9%@1728,0%@1728,11%@1728] GR3D_FREQ 97% cpu@71.812C soc2@70.562C soc0@70.968C gpu@74.156C tj@74.156C soc1@71.406C VDD_IN 23156mW/23177mW VDD_CPU_GPU_CV 9856mW/9889mW VDD_SOC 6110mW/6117mW
08-04-2026 11:55:10 RAM 3722/7620MB (lfb 39x1MB) SWAP 2411/12002MB (cached 119MB) CPU [0%@1728,0%@1728,0%@1728,0%@1728,0%@1728,10%@1728] GR3D_FREQ 96% cpu@71.843C soc2@70.75C soc0@70.843C gpu@73.812C tj@73.812C soc1@71.187C VDD_IN 23156mW/23177mW VDD_CPU_GPU_CV 9856mW/9889mW VDD_SOC 6110mW/6117mW
08-04-2026 11:55:10 RAM 3722/7620MB (lfb 39x1MB) SWAP 2411/12002MB (cached 119MB) CPU [9%@1728,8%@1728,0%@1728,0%@1728,0%@1728,20%@1728] GR3D_FREQ 93% cpu@71.968C soc2@70.5C soc0@70.75C gpu@73.75C tj@73.75C soc1@71.25C VDD_IN 23156mW/23177mW VDD_CPU_GPU_CV 9856mW/9889mW VDD_SOC 6110mW/6117mW
08-04-2026 11:55:10 RAM 3722/7620MB (lfb 39x1MB) SWAP 2411/12002MB (cached 119MB) CPU [0%@1728,0%@1728,9%@1728,0%@1728,0%@1728,18%@1728] GR3D_FREQ 96% cpu@71.781C soc2@70.562C soc0@70.781C gpu@74.25C tj@74.25C soc1@71.25C VDD_IN 23156mW/23177mW VDD_CPU_GPU_CV 9856mW/9889mW VDD_SOC 6110mW/6117mW
08-04-2026 11:55:10 RAM 3722/7620MB (lfb 39x1MB) SWAP 2411/12002MB (cached 119MB) CPU [16%@1728,10%@1728,18%@1728,9%@1728,22%@1728,33%@1728] GR3D_FREQ 90% cpu@72C soc2@70.562C soc0@70.937C gpu@74C tj@74C soc1@71.062C VDD_IN 23237mW/23177mW VDD_CPU_GPU_CV 9896mW/9889mW VDD_SOC 6110mW/6117mW
08-04-2026 11:55:10 RAM 3720/7620MB (lfb 39x1MB) SWAP 2411/12002MB (cached 119MB) CPU [9%@1728,10%@1728,9%@1728,0%@1728,0%@1728,18%@1728] GR3D_FREQ 94% cpu@71.812C soc2@70.5C soc0@70.625C gpu@73.75C tj@73.75C soc1@71.156C VDD_IN 23237mW/23177mW VDD_CPU_GPU_CV 9896mW/9889mW VDD_SOC 6150mW/6117mW
08-04-2026 11:55:10 RAM 3720/7620MB (lfb 39x1MB) SWAP 2411/12002MB (cached 119MB) CPU [0%@1728,0%@1728,0%@1728,0%@1728,0%@1728,0%@1728] GR3D_FREQ 92% cpu@71.968C soc2@70.5C soc0@70.781C gpu@74.125C tj@74.125C soc1@71.156C VDD_IN 23237mW/23177mW VDD_CPU_GPU_CV 9856mW/9889mW VDD_SOC 6110mW/6117mW
08-04-2026 11:55:11 RAM 3720/7620MB (lfb 39x1MB) SWAP 2411/12002MB (cached 119MB) CPU [0%@1728,0%@1728,0%@1728,0%@1728,0%@1728,10%@1728] GR3D_FREQ 94% cpu@71.75C soc2@70.468C soc0@70.875C gpu@74.093C tj@74.093C soc1@71.281C VDD_IN 23277mW/23177mW VDD_CPU_GPU_CV 9856mW/9889mW VDD_SOC 6100mW/6117mW
08-04-2026 11:55:11 RAM 3720/7620MB (lfb 39x1MB) SWAP 2411/12002MB (cached 119MB) CPU [0%@1728,0%@1728,9%@1728,0%@1728,0%@1728,0%@1728] GR3D_FREQ 94% cpu@71.781C soc2@70.625C soc0@70.968C gpu@74C tj@74C soc1@71.406C VDD_IN 23237mW/23177mW VDD_CPU_GPU_CV 9856mW/9889mW VDD_SOC 6100mW/6117mW
08-04-2026 11:55:11 RAM 3720/7620MB (lfb 39x1MB) SWAP 2411/12002MB (cached 119MB) CPU [0%@1728,0%@1728,36%@1728,9%@1728,0%@1728,0%@1728] GR3D_FREQ 94% cpu@72.25C soc2@70.531C soc0@70.812C gpu@73.75C tj@73.75C soc1@71.156C VDD_IN 23277mW/23178mW VDD_CPU_GPU_CV 9896mW/9889mW VDD_SOC 6140mW/6117mW
08-04-2026 11:55:11 RAM 3720/7620MB (lfb 39x1MB) SWAP 2411/12002MB (cached 119MB) CPU [0%@1728,9%@1728,50%@1728,0%@1728,0%@1728,20%@1728] GR3D_FREQ 95% cpu@71.718C soc2@70.468C soc0@70.812C gpu@74C tj@74C soc1@71.25C VDD_IN 23197mW/23178mW VDD_CPU_GPU_CV 9936mW/9889mW VDD_SOC 6110mW/6117mW
08-04-2026 11:55:11 RAM 3720/7620MB (lfb 39x1MB) SWAP 2411/12002MB (cached 119MB) CPU [9%@1728,0%@1728,9%@1728,0%@1728,0%@1728,10%@1728] GR3D_FREQ 94% cpu@71.781C soc2@70.562C soc0@70.906C gpu@73.937C tj@73.937C soc1@71.25C VDD_IN 23237mW/23178mW VDD_CPU_GPU_CV 9936mW/9889mW VDD_SOC 6110mW/6117mW
08-04-2026 11:55:11 RAM 3720/7620MB (lfb 39x1MB) SWAP 2411/12002MB (cached 119MB) CPU [0%@1728,0%@1728,0%@1728,0%@1728,0%@1728,25%@1728] GR3D_FREQ 95% cpu@72.125C soc2@70.656C soc0@70.687C gpu@73.781C tj@73.781C soc1@71.125C VDD_IN 23197mW/23178mW VDD_CPU_GPU_CV 9896mW/9889mW VDD_SOC 6110mW/6117mW
08-04-2026 11:55:11 RAM 3720/7620MB (lfb 39x1MB) SWAP 2411/12002MB (cached 119MB) CPU [0%@1728,9%@1728,0%@1728,9%@1728,0%@1728,27%@1728] GR3D_FREQ 94% cpu@71.781C soc2@70.531C soc0@70.812C gpu@73.843C tj@73.843C soc1@71.156C VDD_IN 23197mW/23178mW VDD_CPU_GPU_CV 9936mW/9889mW VDD_SOC 6110mW/6117mW
08-04-2026 11:55:11 RAM 3720/7620MB (lfb 39x1MB) SWAP 2411/12002MB (cached 119MB) CPU [0%@1728,0%@1728,9%@1728,9%@1728,0%@1728,10%@1728] GR3D_FREQ 94% cpu@71.656C soc2@70.593C soc0@70.75C gpu@74.281C tj@74.281C soc1@71.281C VDD_IN 23197mW/23178mW VDD_CPU_GPU_CV 9896mW/9889mW VDD_SOC 6110mW/6117mW
08-04-2026 11:55:11 RAM 3720/7620MB (lfb 39x1MB) SWAP 2411/12002MB (cached 119MB) CPU [9%@1728,0%@1728,0%@1728,0%@1728,0%@1728,0%@1728] GR3D_FREQ 96% cpu@71.75C soc2@70.531C soc0@70.968C gpu@73.812C tj@73.812C soc1@71.5C VDD_IN 23197mW/23178mW VDD_CPU_GPU_CV 9936mW/9889mW VDD_SOC 6110mW/6117mW
08-04-2026 11:55:11 RAM 3720/7620MB (lfb 39x1MB) SWAP 2411/12002MB (cached 119MB) CPU [0%@1728,0%@1728,0%@1728,0%@1728,0%@1728,10%@1728] GR3D_FREQ 94% cpu@72.031C soc2@70.531C soc0@70.687C gpu@73.781C tj@73.781C soc1@71.125C VDD_IN 23156mW/23178mW VDD_CPU_GPU_CV 9936mW/9889mW VDD_SOC 6110mW/6117mW
08-04-2026 11:55:12 RAM 3720/7620MB (lfb 39x1MB) SWAP 2411/12002MB (cached 119MB) CPU [9%@1728,8%@1728,0%@1728,0%@1728,8%@1728,0%@1728] GR3D_FREQ 94% cpu@71.656C soc2@70.562C soc0@70.812C gpu@74.156C tj@74.156C soc1@71.218C VDD_IN 23197mW/23178mW VDD_CPU_GPU_CV 9896mW/9889mW VDD_SOC 6110mW/6117mW
08-04-2026 11:55:12 RAM 3720/7620MB (lfb 39x1MB) SWAP 2411/12002MB (cached 119MB) CPU [16%@1728,9%@1728,0%@1728,0%@1728,0%@1728,10%@1728] GR3D_FREQ 95% cpu@71.75C soc2@70.625C soc0@70.843C gpu@74.062C tj@74.062C soc1@71.281C VDD_IN 23197mW/23178mW VDD_CPU_GPU_CV 9896mW/9889mW VDD_SOC 6150mW/6117mW
08-04-2026 11:55:12 RAM 3720/7620MB (lfb 39x1MB) SWAP 2411/12002MB (cached 119MB) CPU [0%@1728,9%@1728,11%@1728,18%@1728,0%@1728,20%@1728] GR3D_FREQ 96% cpu@71.812C soc2@70.562C soc0@70.906C gpu@73.718C tj@73.718C soc1@71.343C VDD_IN 23116mW/23178mW VDD_CPU_GPU_CV 9896mW/9889mW VDD_SOC 6110mW/6117mW
08-04-2026 11:55:12 RAM 3720/7620MB (lfb 39x1MB) SWAP 2411/12002MB (cached 119MB) CPU [16%@1728,9%@1728,9%@1728,0%@1728,8%@1728,10%@1728] GR3D_FREQ 96% cpu@71.968C soc2@70.656C soc0@70.75C gpu@74.125C tj@74.125C soc1@71.125C VDD_IN 23197mW/23178mW VDD_CPU_GPU_CV 9896mW/9889mW VDD_SOC 6110mW/6117mW
08-04-2026 11:55:12 RAM 3720/7620MB (lfb 39x1MB) SWAP 2411/12002MB (cached 119MB) CPU [0%@1728,0%@1728,16%@1728,0%@1728,0%@1728,18%@1728] GR3D_FREQ 96% cpu@72.062C soc2@70.593C soc0@70.781C gpu@73.968C tj@73.968C soc1@71.187C VDD_IN 23156mW/23178mW VDD_CPU_GPU_CV 9856mW/9889mW VDD_SOC 6110mW/6117mW
08-04-2026 11:55:12 RAM 3720/7620MB (lfb 39x1MB) SWAP 2411/12002MB (cached 119MB) CPU [0%@1728,0%@1728,0%@1728,0%@1728,0%@1728,20%@1728] GR3D_FREQ 94% cpu@71.781C soc2@70.593C soc0@70.812C gpu@73.968C tj@73.968C soc1@71.312C VDD_IN 23197mW/23178mW VDD_CPU_GPU_CV 9856mW/9889mW VDD_SOC 6110mW/6117mW
08-04-2026 11:55:12 RAM 3720/7620MB (lfb 39x1MB) SWAP 2411/12002MB (cached 119MB) CPU [0%@1728,9%@1728,16%@1728,0%@1728,0%@1728,25%@1728] GR3D_FREQ 96% cpu@71.875C soc2@70.593C soc0@71.031C gpu@73.843C tj@73.843C soc1@71.406C VDD_IN 23237mW/23178mW VDD_CPU_GPU_CV 9856mW/9889mW VDD_SOC 6110mW/6117mW
08-04-2026 11:55:12 RAM 3720/7620MB (lfb 39x1MB) SWAP 2411/12002MB (cached 119MB) CPU [0%@1728,9%@1728,0%@1728,8%@1728,0%@1728,27%@1728] GR3D_FREQ 94% cpu@71.906C soc2@70.562C soc0@70.75C gpu@73.937C tj@73.937C soc1@71.093C VDD_IN 23237mW/23178mW VDD_CPU_GPU_CV 9856mW/9889mW VDD_SOC 6110mW/6117mW
08-04-2026 11:55:12 RAM 3720/7620MB (lfb 39x1MB) SWAP 2411/12002MB (cached 119MB) CPU [0%@1728,0%@1728,0%@1728,0%@1728,0%@1728,18%@1728] GR3D_FREQ 96% cpu@72.062C soc2@70.531C soc0@70.843C gpu@73.968C tj@73.968C soc1@71.25C VDD_IN 23197mW/23178mW VDD_CPU_GPU_CV 9856mW/9889mW VDD_SOC 6110mW/6117mW
08-04-2026 11:55:13 RAM 3720/7620MB (lfb 39x1MB) SWAP 2411/12002MB (cached 119MB) CPU [0%@1728,0%@1728,9%@1728,0%@1728,0%@1728,25%@1728] GR3D_FREQ 96% cpu@71.781C soc2@70.625C soc0@70.812C gpu@73.812C tj@73.812C soc1@71.312C VDD_IN 23156mW/23178mW VDD_CPU_GPU_CV 9856mW/9889mW VDD_SOC 6110mW/6117mW
08-04-2026 11:55:13 RAM 3720/7620MB (lfb 39x1MB) SWAP 2411/12002MB (cached 119MB) CPU [0%@1728,0%@1728,8%@1728,0%@1728,0%@1728,20%@1728] GR3D_FREQ 94% cpu@71.812C soc2@70.625C soc0@70.968C gpu@74C tj@74C soc1@71.406C VDD_IN 23197mW/23178mW VDD_CPU_GPU_CV 9896mW/9889mW VDD_SOC 6110mW/6117mW
08-04-2026 11:55:13 RAM 3720/7620MB (lfb 39x1MB) SWAP 2411/12002MB (cached 119MB) CPU [0%@1728,0%@1728,0%@1728,0%@1728,0%@1728,25%@1728] GR3D_FREQ 94% cpu@71.906C soc2@70.468C soc0@70.656C gpu@73.906C tj@73.906C soc1@71.062C VDD_IN 23156mW/23178mW VDD_CPU_GPU_CV 9896mW/9889mW VDD_SOC 6150mW/6117mW
08-04-2026 11:55:13 RAM 3720/7620MB (lfb 39x1MB) SWAP 2411/12002MB (cached 119MB) CPU [10%@1728,20%@1728,10%@1728,10%@1728,0%@1728,18%@1728] GR3D_FREQ 94% cpu@71.687C soc2@70.5C soc0@70.75C gpu@73.75C tj@73.75C soc1@71.156C VDD_IN 23116mW/23178mW VDD_CPU_GPU_CV 9896mW/9889mW VDD_SOC 6110mW/6117mW
08-04-2026 11:55:13 RAM 3720/7620MB (lfb 39x1MB) SWAP 2411/12002MB (cached 119MB) CPU [0%@1728,0%@1728,0%@1728,0%@1728,0%@1728,11%@1728] GR3D_FREQ 96% cpu@71.718C soc2@70.5C soc0@70.843C gpu@73.75C tj@73.75C soc1@71.25C VDD_IN 23116mW/23178mW VDD_CPU_GPU_CV 9856mW/9889mW VDD_SOC 6110mW/6117mW
08-04-2026 11:55:13 RAM 3720/7620MB (lfb 39x1MB) SWAP 2411/12002MB (cached 119MB) CPU [0%@1728,0%@1728,0%@1728,0%@1728,0%@1728,18%@1728] GR3D_FREQ 94% cpu@71.75C soc2@70.656C soc0@70.843C gpu@74.156C tj@74.156C soc1@71.062C VDD_IN 23156mW/23178mW VDD_CPU_GPU_CV 9856mW/9889mW VDD_SOC 6110mW/6117mW
08-04-2026 11:55:13 RAM 3720/7620MB (lfb 39x1MB) SWAP 2411/12002MB (cached 119MB) CPU [15%@1728,0%@1728,9%@1728,9%@1728,0%@1728,27%@1728] GR3D_FREQ 94% cpu@71.843C soc2@70.468C soc0@70.75C gpu@73.906C tj@73.906C soc1@71.031C VDD_IN 23156mW/23178mW VDD_CPU_GPU_CV 9896mW/9889mW VDD_SOC 6110mW/6117mW
08-04-2026 11:55:13 RAM 3720/7620MB (lfb 39x1MB) SWAP 2411/12002MB (cached 119MB) CPU [0%@1728,9%@1728,0%@1728,0%@1728,0%@1728,25%@1728] GR3D_FREQ 96% cpu@71.718C soc2@70.5C soc0@70.843C gpu@73.718C tj@73.718C soc1@71.218C VDD_IN 23156mW/23178mW VDD_CPU_GPU_CV 9896mW/9889mW VDD_SOC 6110mW/6117mW
08-04-2026 11:55:13 RAM 3720/7620MB (lfb 39x1MB) SWAP 2411/12002MB (cached 119MB) CPU [0%@1728,0%@1728,9%@1728,0%@1728,0%@1728,20%@1728] GR3D_FREQ 94% cpu@71.781C soc2@70.593C soc0@70.843C gpu@74.187C tj@74.187C soc1@71.343C VDD_IN 23197mW/23178mW VDD_CPU_GPU_CV 9896mW/9889mW VDD_SOC 6110mW/6117mW
08-04-2026 11:55:14 RAM 3726/7620MB (lfb 39x1MB) SWAP 2411/12002MB (cached 119MB) CPU [0%@1728,10%@1728,27%@1728,0%@1728,0%@1728,25%@1728] GR3D_FREQ 93% cpu@71.843C soc2@70.625C soc0@70.937C gpu@73.968C tj@73.968C soc1@71.343C VDD_IN 23237mW/23178mW VDD_CPU_GPU_CV 9936mW/9889mW VDD_SOC 6110mW/6117mW
08-04-2026 11:55:14 RAM 3724/7620MB (lfb 39x1MB) SWAP 2411/12002MB (cached 119MB) CPU [0%@1728,0%@1728,0%@1728,16%@1728,0%@1728,27%@1728] GR3D_FREQ 94% cpu@71.812C soc2@70.468C soc0@70.75C gpu@74.343C tj@74.343C soc1@71.093C VDD_IN 23237mW/23178mW VDD_CPU_GPU_CV 9896mW/9889mW VDD_SOC 6100mW/6117mW
08-04-2026 11:55:14 RAM 3724/7620MB (lfb 39x1MB) SWAP 2411/12002MB (cached 119MB) CPU [9%@1728,0%@1728,0%@1728,0%@1728,0%@1728,18%@1728] GR3D_FREQ 92% cpu@71.625C soc2@70.562C soc0@70.781C gpu@74.062C tj@74.062C soc1@71.156C VDD_IN 23197mW/23178mW VDD_CPU_GPU_CV 9896mW/9889mW VDD_SOC 6110mW/6117mW
08-04-2026 11:55:14 RAM 3724/7620MB (lfb 39x1MB) SWAP 2411/12002MB (cached 119MB) CPU [9%@1728,0%@1728,11%@1728,0%@1728,0%@1728,10%@1728] GR3D_FREQ 98% cpu@71.75C soc2@70.593C soc0@70.906C gpu@73.875C tj@73.875C soc1@71.281C VDD_IN 23156mW/23178mW VDD_CPU_GPU_CV 9896mW/9889mW VDD_SOC 6110mW/6117mW
08-04-2026 11:55:14 RAM 3724/7620MB (lfb 39x1MB) SWAP 2411/12002MB (cached 119MB) CPU [0%@1728,0%@1728,0%@1728,0%@1728,0%@1728,11%@1728] GR3D_FREQ 96% cpu@72.093C soc2@70.625C soc0@70.906C gpu@73.937C tj@73.937C soc1@71.093C VDD_IN 23156mW/23178mW VDD_CPU_GPU_CV 9856mW/9889mW VDD_SOC 6110mW/6117mW
08-04-2026 11:55:14 RAM 3724/7620MB (lfb 39x1MB) SWAP 2411/12002MB (cached 119MB) CPU [0%@1728,8%@1728,0%@1728,8%@1728,0%@1728,18%@1728] GR3D_FREQ 95% cpu@71.718C soc2@70.5C soc0@70.75C gpu@74.031C tj@74.031C soc1@71.156C VDD_IN 23116mW/23178mW VDD_CPU_GPU_CV 9896mW/9889mW VDD_SOC 6110mW/6117mW
08-04-2026 11:55:14 RAM 3724/7620MB (lfb 39x1MB) SWAP 2411/12002MB (cached 119MB) CPU [0%@1728,0%@1728,0%@1728,0%@1728,9%@1728,27%@1728] GR3D_FREQ 96% cpu@71.687C soc2@70.625C soc0@70.75C gpu@73.937C tj@73.937C soc1@71.187C VDD_IN 23156mW/23178mW VDD_CPU_GPU_CV 9896mW/9889mW VDD_SOC 6110mW/6117mW
08-04-2026 11:55:14 RAM 3724/7620MB (lfb 39x1MB) SWAP 2411/12002MB (cached 119MB) CPU [9%@1728,16%@1728,16%@1728,16%@1728,0%@1728,25%@1728] GR3D_FREQ 96% cpu@71.781C soc2@70.562C soc0@70.843C gpu@73.843C tj@73.843C soc1@71.343C VDD_IN 23156mW/23178mW VDD_CPU_GPU_CV 9896mW/9889mW VDD_SOC 6110mW/6117mW
08-04-2026 11:55:14 RAM 3724/7620MB (lfb 39x1MB) SWAP 2411/12002MB (cached 119MB) CPU [9%@1728,0%@1728,0%@1728,9%@1728,0%@1728,25%@1728] GR3D_FREQ 94% cpu@71.968C soc2@70.437C soc0@70.75C gpu@73.781C tj@73.781C soc1@71.156C VDD_IN 23156mW/23178mW VDD_CPU_GPU_CV 9896mW/9889mW VDD_SOC 6110mW/6117mW
08-04-2026 11:55:14 RAM 3726/7620MB (lfb 38x1MB) SWAP 2411/12002MB (cached 119MB) CPU [0%@1728,0%@1728,0%@1728,0%@1728,0%@1728,20%@1728] GR3D_FREQ 96% cpu@71.718C soc2@70.531C soc0@70.687C gpu@73.781C tj@73.781C soc1@71.156C VDD_IN 23197mW/23178mW VDD_CPU_GPU_CV 9896mW/9889mW VDD_SOC 6110mW/6117mW
08-04-2026 11:55:15 RAM 3726/7620MB (lfb 38x1MB) SWAP 2411/12002MB (cached 119MB) CPU [0%@1728,9%@1728,0%@1728,0%@1728,0%@1728,25%@1728] GR3D_FREQ 96% cpu@71.718C soc2@70.531C soc0@70.812C gpu@73.968C tj@73.968C soc1@71.218C VDD_IN 23197mW/23178mW VDD_CPU_GPU_CV 9896mW/9889mW VDD_SOC 6110mW/6117mW
08-04-2026 11:55:15 RAM 3726/7620MB (lfb 38x1MB) SWAP 2411/12002MB (cached 119MB) CPU [0%@1728,0%@1728,0%@1728,0%@1728,0%@1728,27%@1728] GR3D_FREQ 96% cpu@71.906C soc2@70.531C soc0@70.843C gpu@73.718C tj@73.718C soc1@71.343C VDD_IN 23197mW/23178mW VDD_CPU_GPU_CV 9936mW/9889mW VDD_SOC 6110mW/6117mW
08-04-2026 11:55:15 RAM 3726/7620MB (lfb 38x1MB) SWAP 2411/12002MB (cached 119MB) CPU [0%@1728,0%@1728,0%@1728,0%@1728,0%@1728,18%@1728] GR3D_FREQ 94% cpu@72.062C soc2@70.468C soc0@71C gpu@74.312C tj@74.312C soc1@71.093C VDD_IN 23237mW/23178mW VDD_CPU_GPU_CV 9936mW/9889mW VDD_SOC 6150mW/6117mW
08-04-2026 11:55:15 RAM 3726/7620MB (lfb 38x1MB) SWAP 2411/12002MB (cached 119MB) CPU [10%@1728,0%@1728,27%@1728,9%@1728,0%@1728,11%@1728] GR3D_FREQ 95% cpu@71.687C soc2@70.468C soc0@70.781C gpu@74.031C tj@74.031C soc1@71.156C VDD_IN 23156mW/23178mW VDD_CPU_GPU_CV 9896mW/9889mW VDD_SOC 6110mW/6117mW
08-04-2026 11:55:15 RAM 3726/7620MB (lfb 38x1MB) SWAP 2411/12002MB (cached 119MB) CPU [0%@1728,10%@1728,0%@1728,0%@1728,0%@1728,0%@1728] GR3D_FREQ 95% cpu@71.75C soc2@70.562C soc0@70.843C gpu@73.781C tj@73.781C soc1@71.218C VDD_IN 23197mW/23178mW VDD_CPU_GPU_CV 9936mW/9889mW VDD_SOC 6110mW/6117mW
08-04-2026 11:55:15 RAM 3726/7620MB (lfb 38x1MB) SWAP 2411/12002MB (cached 119MB) CPU [0%@1728,9%@1728,0%@1728,0%@1728,0%@1728,20%@1728] GR3D_FREQ 96% cpu@71.906C soc2@70.562C soc0@70.843C gpu@74.218C tj@74.218C soc1@71.5C VDD_IN 23116mW/23178mW VDD_CPU_GPU_CV 9896mW/9889mW VDD_SOC 6110mW/6117mW
08-04-2026 11:55:15 RAM 3726/7620MB (lfb 38x1MB) SWAP 2411/12002MB (cached 119MB) CPU [0%@1728,0%@1728,0%@1728,9%@1728,0%@1728,25%@1728] GR3D_FREQ 96% cpu@72C soc2@70.468C soc0@70.718C gpu@74.093C tj@74.093C soc1@71.093C VDD_IN 23156mW/23178mW VDD_CPU_GPU_CV 9936mW/9889mW VDD_SOC 6110mW/6117mW
08-04-2026 11:55:15 RAM 3726/7620MB (lfb 38x1MB) SWAP 2411/12002MB (cached 119MB) CPU [0%@1728,0%@1728,8%@1728,0%@1728,0%@1728,27%@1728] GR3D_FREQ 94% cpu@71.937C soc2@70.437C soc0@70.781C gpu@74C tj@74C soc1@71.156C VDD_IN 23156mW/23178mW VDD_CPU_GPU_CV 9896mW/9889mW VDD_SOC 6150mW/6117mW
08-04-2026 11:55:15 RAM 3726/7620MB (lfb 38x1MB) SWAP 2411/12002MB (cached 119MB) CPU [0%@1728,0%@1728,0%@1728,9%@1728,0%@1728,18%@1728] GR3D_FREQ 94% cpu@71.812C soc2@70.5C soc0@70.937C gpu@74.343C tj@74.343C soc1@71.218C VDD_IN 23197mW/23178mW VDD_CPU_GPU_CV 9896mW/9889mW VDD_SOC 6150mW/6117mW
08-04-2026 11:55:16 RAM 3726/7620MB (lfb 38x1MB) SWAP 2411/12002MB (cached 119MB) CPU [9%@1728,0%@1728,0%@1728,0%@1728,0%@1728,10%@1728] GR3D_FREQ 96% cpu@71.781C soc2@70.5C soc0@71.031C gpu@74.093C tj@74.093C soc1@71.437C VDD_IN 23156mW/23178mW VDD_CPU_GPU_CV 9896mW/9889mW VDD_SOC 6110mW/6117mW
08-04-2026 11:55:16 RAM 3726/7620MB (lfb 38x1MB) SWAP 2411/12002MB (cached 119MB) CPU [8%@1728,0%@1728,0%@1728,0%@1728,0%@1728,11%@1728] GR3D_FREQ 96% cpu@71.937C soc2@70.562C soc0@70.75C gpu@74C tj@74C soc1@71.187C VDD_IN 23197mW/23178mW VDD_CPU_GPU_CV 9896mW/9889mW VDD_SOC 6110mW/6117mW
08-04-2026 11:55:16 RAM 3726/7620MB (lfb 38x1MB) SWAP 2411/12002MB (cached 119MB) CPU [0%@1728,8%@1728,0%@1728,9%@1728,0%@1728,0%@1728] GR3D_FREQ 93% cpu@72.062C soc2@70.562C soc0@70.812C gpu@74C tj@74C soc1@71.218C VDD_IN 23197mW/23178mW VDD_CPU_GPU_CV 9896mW/9889mW VDD_SOC 6150mW/6117mW
08-04-2026 11:55:16 RAM 3726/7620MB (lfb 38x1MB) SWAP 2411/12002MB (cached 119MB) CPU [0%@1728,0%@1728,10%@1728,9%@1728,0%@1728,0%@1728] GR3D_FREQ 95% cpu@71.906C soc2@70.593C soc0@70.843C gpu@74C tj@74C soc1@71.406C VDD_IN 23116mW/23178mW VDD_CPU_GPU_CV 9856mW/9889mW VDD_SOC 6110mW/6117mW
08-04-2026 11:55:16 RAM 3726/7620MB (lfb 38x1MB) SWAP 2411/12002MB (cached 119MB) CPU [9%@1728,0%@1728,0%@1728,0%@1728,0%@1728,18%@1728] GR3D_FREQ 94% cpu@71.875C soc2@70.687C soc0@71.031C gpu@74C tj@74C soc1@71.25C VDD_IN 23116mW/23177mW VDD_CPU_GPU_CV 9856mW/9889mW VDD_SOC 6110mW/6117mW
08-04-2026 11:55:16 RAM 3726/7620MB (lfb 38x1MB) SWAP 2411/12002MB (cached 119MB) CPU [0%@1728,9%@1728,9%@1728,8%@1728,0%@1728,25%@1728] GR3D_FREQ 96% cpu@71.968C soc2@70.5C soc0@70.843C gpu@73.906C tj@73.906C soc1@71.25C VDD_IN 23116mW/23177mW VDD_CPU_GPU_CV 9856mW/9889mW VDD_SOC 6110mW/6117mW
08-04-2026 11:55:16 RAM 3726/7620MB (lfb 38x1MB) SWAP 2411/12002MB (cached 119MB) CPU [0%@1728,9%@1728,0%@1728,0%@1728,0%@1728,27%@1728] GR3D_FREQ 96% cpu@72C soc2@70.562C soc0@70.843C gpu@73.875C tj@73.875C soc1@71.281C VDD_IN 23116mW/23177mW VDD_CPU_GPU_CV 9856mW/9889mW VDD_SOC 6110mW/6117mW
08-04-2026 11:55:16 RAM 3726/7620MB (lfb 38x1MB) SWAP 2411/12002MB (cached 119MB) CPU [0%@1728,0%@1728,0%@1728,18%@1728,0%@1728,10%@1728] GR3D_FREQ 96% cpu@71.812C soc2@70.718C soc0@70.875C gpu@73.968C tj@73.968C soc1@71.375C VDD_IN 23156mW/23177mW VDD_CPU_GPU_CV 9856mW/9889mW VDD_SOC 6110mW/6117mW
08-04-2026 11:55:16 RAM 3726/7620MB (lfb 38x1MB) SWAP 2411/12002MB (cached 119MB) CPU [0%@1728,0%@1728,0%@1728,0%@1728,0%@1728,0%@1728] GR3D_FREQ 96% cpu@71.875C soc2@70.656C soc0@71.031C gpu@73.968C tj@73.968C soc1@71.531C VDD_IN 23156mW/23177mW VDD_CPU_GPU_CV 9896mW/9889mW VDD_SOC 6110mW/6117mW
08-04-2026 11:55:16 RAM 3726/7620MB (lfb 38x1MB) SWAP 2411/12002MB (cached 119MB) CPU [0%@1728,0%@1728,0%@1728,0%@1728,0%@1728,0%@1728] GR3D_FREQ 96% cpu@71.843C soc2@70.531C soc0@70.843C gpu@73.781C tj@73.781C soc1@71.187C VDD_IN 23116mW/23177mW VDD_CPU_GPU_CV 9896mW/9889mW VDD_SOC 6110mW/6117mW
08-04-2026 11:55:17 RAM 3726/7620MB (lfb 38x1MB) SWAP 2411/12002MB (cached 119MB) CPU [0%@1728,9%@1728,0%@1728,0%@1728,0%@1728,0%@1728] GR3D_FREQ 96% cpu@71.781C soc2@70.562C soc0@70.937C gpu@74.375C tj@74.375C soc1@71.281C VDD_IN 23197mW/23177mW VDD_CPU_GPU_CV 9856mW/9889mW VDD_SOC 6110mW/6117mW
08-04-2026 11:55:17 RAM 3726/7620MB (lfb 38x1MB) SWAP 2411/12002MB (cached 119MB) CPU [10%@1728,0%@1728,8%@1728,0%@1728,0%@1728,0%@1728] GR3D_FREQ 94% cpu@71.812C soc2@70.625C soc0@70.906C gpu@74C tj@74C soc1@71.406C VDD_IN 23197mW/23177mW VDD_CPU_GPU_CV 9896mW/9889mW VDD_SOC 6150mW/6117mW
08-04-2026 11:55:17 RAM 3723/7620MB (lfb 38x1MB) SWAP 2411/12002MB (cached 119MB) CPU [20%@1728,20%@1728,10%@1728,11%@1728,9%@1728,27%@1728] GR3D_FREQ 93% cpu@71.843C soc2@70.687C soc0@71.062C gpu@74C tj@74C soc1@71.375C VDD_IN 23237mW/23177mW VDD_CPU_GPU_CV 9920mW/9889mW VDD_SOC 6150mW/6117mW
08-04-2026 11:55:17 RAM 3723/7620MB (lfb 38x1MB) SWAP 2411/12002MB (cached 119MB) CPU [16%@1728,0%@1728,10%@1728,0%@1728,0%@1728,0%@1728] GR3D_FREQ 95% cpu@71.812C soc2@70.531C soc0@70.843C gpu@74.343C tj@74.343C soc1@71.25C VDD_IN 23156mW/23177mW VDD_CPU_GPU_CV 9936mW/9889mW VDD_SOC 6110mW/6117mW
08-04-2026 11:55:17 RAM 3723/7620MB (lfb 38x1MB) SWAP 2411/12002MB (cached 119MB) CPU [0%@1728,9%@1728,9%@1728,0%@1728,0%@1728,0%@1728] GR3D_FREQ 96% cpu@71.75C soc2@70.593C soc0@70.875C gpu@74.062C tj@74.062C soc1@71.281C VDD_IN 23156mW/23177mW VDD_CPU_GPU_CV 9920mW/9889mW VDD_SOC 6150mW/6117mW
08-04-2026 11:55:17 RAM 3723/7620MB (lfb 38x1MB) SWAP 2411/12002MB (cached 119MB) CPU [0%@1728,9%@1728,0%@1728,9%@1728,25%@1728,0%@1728] GR3D_FREQ 96% cpu@71.875C soc2@70.718C soc0@71C gpu@74C tj@74C soc1@71.468C VDD_IN 23156mW/23177mW VDD_CPU_GPU_CV 9896mW/9889mW VDD_SOC 6110mW/6117mW
08-04-2026 11:55:17 RAM 3723/7620MB (lfb 38x1MB) SWAP 2411/12002MB (cached 119MB) CPU [0%@1728,0%@1728,0%@1728,9%@1728,25%@1728,0%@1728] GR3D_FREQ 94% cpu@72.125C soc2@70.781C soc0@70.843C gpu@74.25C tj@74.25C soc1@71.25C VDD_IN 23197mW/23177mW VDD_CPU_GPU_CV 9896mW/9889mW VDD_SOC 6110mW/6117mW
08-04-2026 11:55:17 RAM 3723/7620MB (lfb 38x1MB) SWAP 2411/12002MB (cached 119MB) CPU [16%@1728,0%@1728,0%@1728,0%@1728,20%@1728,0%@1728] GR3D_FREQ 96% cpu@71.812C soc2@70.687C soc0@70.875C gpu@74.125C tj@74.125C soc1@71.281C VDD_IN 23237mW/23177mW VDD_CPU_GPU_CV 9920mW/9889mW VDD_SOC 6150mW/6117mW
08-04-2026 11:55:17 RAM 3723/7620MB (lfb 38x1MB) SWAP 2411/12002MB (cached 119MB) CPU [0%@1728,16%@1728,0%@1728,0%@1728,25%@1728,0%@1728] GR3D_FREQ 90% cpu@71.781C soc2@70.625C soc0@70.937C gpu@74.031C tj@74.031C soc1@71.406C VDD_IN 23197mW/23177mW VDD_CPU_GPU_CV 9896mW/9889mW VDD_SOC 6150mW/6117mW
08-04-2026 11:55:18 RAM 3723/7620MB (lfb 38x1MB) SWAP 2411/12002MB (cached 119MB) CPU [8%@1728,0%@1728,0%@1728,0%@1728,25%@1728,0%@1728] GR3D_FREQ 96% cpu@71.812C soc2@70.718C soc0@70.937C gpu@74.031C tj@74.031C soc1@71.468C VDD_IN 23237mW/23177mW VDD_CPU_GPU_CV 9880mW/9889mW VDD_SOC 6150mW/6117mW
08-04-2026 11:55:18 RAM 3723/7620MB (lfb 38x1MB) SWAP 2411/12002MB (cached 119MB) CPU [0%@1728,0%@1728,0%@1728,9%@1728,20%@1728,0%@1728] GR3D_FREQ 93% cpu@72.031C soc2@70.781C soc0@71.062C gpu@74.187C tj@74.187C soc1@71.375C VDD_IN 23197mW/23177mW VDD_CPU_GPU_CV 9856mW/9889mW VDD_SOC 6150mW/6117mW
08-04-2026 11:55:18 RAM 3723/7620MB (lfb 38x1MB) SWAP 2411/12002MB (cached 119MB) CPU [0%@1728,0%@1728,0%@1728,0%@1728,0%@1728,10%@1728] GR3D_FREQ 94% cpu@71.812C soc2@70.687C soc0@70.812C gpu@74C tj@74C soc1@71.25C VDD_IN 23237mW/23178mW VDD_CPU_GPU_CV 9896mW/9889mW VDD_SOC 6150mW/6117mW
08-04-2026 11:55:18 RAM 3723/7620MB (lfb 38x1MB) SWAP 2411/12002MB (cached 119MB) CPU [0%@1728,9%@1728,23%@1728,11%@1728,0%@1728,10%@1728] GR3D_FREQ 95% cpu@71.812C soc2@70.656C soc0@70.875C gpu@74.031C tj@74.031C soc1@71.406C VDD_IN 23237mW/23178mW VDD_CPU_GPU_CV 9896mW/9889mW VDD_SOC 6150mW/6117mW
08-04-2026 11:55:18 RAM 3723/7620MB (lfb 38x1MB) SWAP 2411/12002MB (cached 119MB) CPU [0%@1728,9%@1728,0%@1728,9%@1728,0%@1728,11%@1728] GR3D_FREQ 96% cpu@71.968C soc2@70.718C soc0@71.062C gpu@74C tj@74C soc1@71.468C VDD_IN 23156mW/23178mW VDD_CPU_GPU_CV 9896mW/9889mW VDD_SOC 6110mW/6117mW
08-04-2026 11:55:18 RAM 3723/7620MB (lfb 38x1MB) SWAP 2411/12002MB (cached 119MB) CPU [9%@1728,0%@1728,0%@1728,16%@1728,0%@1728,0%@1728] GR3D_FREQ 95% cpu@72.187C soc2@70.75C soc0@70.781C gpu@74.031C tj@74.031C soc1@71.25C VDD_IN 23156mW/23178mW VDD_CPU_GPU_CV 9896mW/9889mW VDD_SOC 6110mW/6117mW
08-04-2026 11:55:18 RAM 3723/7620MB (lfb 38x1MB) SWAP 2411/12002MB (cached 119MB) CPU [0%@1728,0%@1728,0%@1728,8%@1728,0%@1728,18%@1728] GR3D_FREQ 94% cpu@72.187C soc2@70.656C soc0@70.875C gpu@73.937C tj@73.937C soc1@71.312C VDD_IN 23197mW/23178mW VDD_CPU_GPU_CV 9896mW/9889mW VDD_SOC 6110mW/6117mW
08-04-2026 11:55:18 RAM 3723/7620MB (lfb 38x1MB) SWAP 2411/12002MB (cached 119MB) CPU [0%@1728,0%@1728,0%@1728,9%@1728,0%@1728,20%@1728] GR3D_FREQ 96% cpu@72C soc2@70.656C soc0@70.875C gpu@73.906C tj@73.906C soc1@71.406C VDD_IN 23197mW/23178mW VDD_CPU_GPU_CV 9936mW/9889mW VDD_SOC 6150mW/6117mW
08-04-2026 11:55:18 RAM 3723/7620MB (lfb 38x1MB) SWAP 2411/12002MB (cached 119MB) CPU [0%@1728,0%@1728,16%@1728,0%@1728,0%@1728,10%@1728] GR3D_FREQ 94% cpu@72C soc2@70.718C soc0@71C gpu@74.343C tj@74.343C soc1@71.531C VDD_IN 23237mW/23178mW VDD_CPU_GPU_CV 9896mW/9889mW VDD_SOC 6150mW/6117mW
08-04-2026 11:55:18 RAM 3723/7620MB (lfb 38x1MB) SWAP 2411/12002MB (cached 119MB) CPU [0%@1728,0%@1728,0%@1728,0%@1728,0%@1728,0%@1728] GR3D_FREQ 96% cpu@72.031C soc2@70.718C soc0@70.843C gpu@74C tj@74.125C soc1@71.312C VDD_IN 23237mW/23178mW VDD_CPU_GPU_CV 9936mW/9889mW VDD_SOC 6150mW/6117mW
08-04-2026 11:55:19 RAM 3723/7620MB (lfb 38x1MB) SWAP 2411/12002MB (cached 119MB) CPU [8%@1728,0%@1728,0%@1728,0%@1728,0%@1728,0%@1728] GR3D_FREQ 96% cpu@72.187C soc2@70.593C soc0@70.843C gpu@74C tj@74C soc1@71.375C VDD_IN 23237mW/23178mW VDD_CPU_GPU_CV 9936mW/9889mW VDD_SOC 6150mW/6117mW
08-04-2026 11:55:19 RAM 3723/7620MB (lfb 38x1MB) SWAP 2411/12002MB (cached 119MB) CPU [0%@1728,9%@1728,9%@1728,0%@1728,0%@1728,18%@1728] GR3D_FREQ 96% cpu@71.812C soc2@70.718C soc0@71.062C gpu@74.218C tj@74.218C soc1@71.343C VDD_IN 23237mW/23178mW VDD_CPU_GPU_CV 9936mW/9889mW VDD_SOC 6150mW/6117mW
08-04-2026 11:55:19 RAM 3723/7620MB (lfb 38x1MB) SWAP 2411/12002MB (cached 119MB) CPU [9%@1728,9%@1728,9%@1728,0%@1728,0%@1728,20%@1728] GR3D_FREQ 92% cpu@72.031C soc2@70.781C soc0@71.125C gpu@74.156C tj@74.156C soc1@71.5C VDD_IN 23237mW/23178mW VDD_CPU_GPU_CV 9936mW/9889mW VDD_SOC 6150mW/6117mW
08-04-2026 11:55:19 RAM 3723/7620MB (lfb 38x1MB) SWAP 2411/12002MB (cached 119MB) CPU [9%@1728,0%@1728,9%@1728,10%@1728,0%@1728,25%@1728] GR3D_FREQ 95% cpu@72.031C soc2@70.625C soc0@70.843C gpu@74C tj@74C soc1@71.25C VDD_IN 23197mW/23178mW VDD_CPU_GPU_CV 9896mW/9889mW VDD_SOC 6110mW/6117mW
08-04-2026 11:55:19 RAM 3723/7620MB (lfb 38x1MB) SWAP 2411/12002MB (cached 119MB) CPU [0%@1728,10%@1728,0%@1728,0%@1728,0%@1728,18%@1728] GR3D_FREQ 94% cpu@72.156C soc2@70.625C soc0@70.843C gpu@74.25C tj@74.25C soc1@71.343C VDD_IN 23156mW/23178mW VDD_CPU_GPU_CV 9896mW/9889mW VDD_SOC 6110mW/6117mW
08-04-2026 11:55:19 RAM 3723/7620MB (lfb 38x1MB) SWAP 2411/12002MB (cached 119MB) CPU [16%@1728,9%@1728,0%@1728,0%@1728,0%@1728,20%@1728] GR3D_FREQ 96% cpu@71.906C soc2@70.593C soc0@71C gpu@74.062C tj@74.062C soc1@71.406C VDD_IN 23116mW/23178mW VDD_CPU_GPU_CV 9856mW/9889mW VDD_SOC 6110mW/6117mW
08-04-2026 11:55:19 RAM 3723/7620MB (lfb 38x1MB) SWAP 2411/12002MB (cached 119MB) CPU [0%@1728,9%@1728,0%@1728,16%@1728,0%@1728,18%@1728] GR3D_FREQ 96% cpu@71.843C soc2@70.718C soc0@70.75C gpu@74C tj@74C soc1@71.25C VDD_IN 23116mW/23178mW VDD_CPU_GPU_CV 9896mW/9889mW VDD_SOC 6110mW/6117mW
08-04-2026 11:55:19 RAM 3723/7620MB (lfb 38x1MB) SWAP 2411/12002MB (cached 119MB) CPU [0%@1728,9%@1728,0%@1728,0%@1728,0%@1728,33%@1728] GR3D_FREQ 94% cpu@71.937C soc2@70.687C soc0@70.812C gpu@73.968C tj@73.968C soc1@71.312C VDD_IN 23156mW/23178mW VDD_CPU_GPU_CV 9896mW/9889mW VDD_SOC 6150mW/6117mW
08-04-2026 11:55:19 RAM 3723/7620MB (lfb 38x1MB) SWAP 2411/12002MB (cached 119MB) CPU [0%@1728,0%@1728,0%@1728,0%@1728,0%@1728,25%@1728] GR3D_FREQ 91% cpu@71.781C soc2@70.656C soc0@71C gpu@74.125C tj@74.125C soc1@71.312C VDD_IN 23237mW/23178mW VDD_CPU_GPU_CV 9920mW/9889mW VDD_SOC 6150mW/6117mW
08-04-2026 11:55:20 RAM 3723/7620MB (lfb 38x1MB) SWAP 2411/12002MB (cached 119MB) CPU [8%@1728,0%@1728,0%@1728,0%@1728,0%@1728,20%@1728] GR3D_FREQ 94% cpu@71.812C soc2@70.593C soc0@70.937C gpu@73.968C tj@73.968C soc1@71.437C VDD_IN 23237mW/23178mW VDD_CPU_GPU_CV 9880mW/9889mW VDD_SOC 6150mW/6117mW
08-04-2026 11:55:20 RAM 3723/7620MB (lfb 38x1MB) SWAP 2411/12002MB (cached 119MB) CPU [0%@1728,9%@1728,0%@1728,9%@1728,0%@1728,25%@1728] GR3D_FREQ 96% cpu@71.875C soc2@70.687C soc0@71.156C gpu@73.968C tj@73.968C soc1@71.25C VDD_IN 23277mW/23178mW VDD_CPU_GPU_CV 9896mW/9889mW VDD_SOC 6150mW/6117mW
08-04-2026 11:55:20 RAM 3723/7620MB (lfb 38x1MB) SWAP 2411/12002MB (cached 119MB) CPU [0%@1728,0%@1728,0%@1728,0%@1728,0%@1728,0%@1728] GR3D_FREQ 96% cpu@71.906C soc2@70.656C soc0@70.843C gpu@73.906C tj@73.906C soc1@71.25C VDD_IN 23277mW/23178mW VDD_CPU_GPU_CV 9920mW/9889mW VDD_SOC 6150mW/6117mW
08-04-2026 11:55:20 RAM 3723/7620MB (lfb 38x1MB) SWAP 2411/12002MB (cached 119MB) CPU [0%@1728,0%@1728,16%@1728,10%@1728,0%@1728,0%@1728] GR3D_FREQ 96% cpu@71.906C soc2@70.593C soc0@70.937C gpu@73.906C tj@74.156C soc1@71.281C VDD_IN 23197mW/23178mW VDD_CPU_GPU_CV 9896mW/9889mW VDD_SOC 6110mW/6117mW
08-04-2026 11:55:20 RAM 3723/7620MB (lfb 38x1MB) SWAP 2411/12002MB (cached 119MB) CPU [9%@1728,9%@1728,9%@1728,0%@1728,0%@1728,0%@1728] GR3D_FREQ 94% cpu@71.812C soc2@70.656C soc0@70.968C gpu@74C tj@74C soc1@71.343C VDD_IN 23197mW/23178mW VDD_CPU_GPU_CV 9936mW/9889mW VDD_SOC 6150mW/6117mW
08-04-2026 11:55:20 RAM 3726/7620MB (lfb 38x1MB) SWAP 2411/12002MB (cached 119MB) CPU [40%@1728,10%@1728,0%@1728,0%@1728,0%@1728,20%@1728] GR3D_FREQ 94% cpu@72.125C soc2@70.718C soc0@70.781C gpu@73.718C tj@73.718C soc1@71.218C VDD_IN 23197mW/23178mW VDD_CPU_GPU_CV 9896mW/9889mW VDD_SOC 6110mW/6117mW
08-04-2026 11:55:20 RAM 3725/7620MB (lfb 38x1MB) SWAP 2411/12002MB (cached 119MB) CPU [0%@1728,0%@1728,0%@1728,0%@1728,9%@1728,25%@1728] GR3D_FREQ 96% cpu@71.812C soc2@70.656C soc0@70.812C gpu@74.187C tj@74.187C soc1@71.281C VDD_IN 23197mW/23178mW VDD_CPU_GPU_CV 9936mW/9889mW VDD_SOC 6110mW/6117mW
08-04-2026 11:55:20 RAM 3725/7620MB (lfb 38x1MB) SWAP 2411/12002MB (cached 119MB) CPU [0%@1728,0%@1728,9%@1728,0%@1728,0%@1728,10%@1728] GR3D_FREQ 96% cpu@71.812C soc2@70.625C soc0@70.843C gpu@74.125C tj@74.125C soc1@71.312C VDD_IN 23156mW/23178mW VDD_CPU_GPU_CV 9936mW/9889mW VDD_SOC 6110mW/6117mW
08-04-2026 11:55:20 RAM 3725/7620MB (lfb 38x1MB) SWAP 2411/12002MB (cached 119MB) CPU [0%@1728,8%@1728,0%@1728,0%@1728,0%@1728,0%@1728] GR3D_FREQ 96% cpu@71.968C soc2@70.656C soc0@70.937C gpu@74.406C tj@74C soc1@71.406C VDD_IN 23197mW/23178mW VDD_CPU_GPU_CV 9936mW/9889mW VDD_SOC 6110mW/6117mW
08-04-2026 11:55:20 RAM 3725/7620MB (lfb 38x1MB) SWAP 2411/12002MB (cached 119MB) CPU [0%@1728,0%@1728,9%@1728,0%@1728,0%@1728,0%@1728] GR3D_FREQ 94% cpu@72.031C soc2@70.625C soc0@70.781C gpu@74.062C tj@74.062C soc1@71.218C VDD_IN 23197mW/23178mW VDD_CPU_GPU_CV 9896mW/9889mW VDD_SOC 6110mW/6117mW
08-04-2026 11:55:21 RAM 3725/7620MB (lfb 38x1MB) SWAP 2411/12002MB (cached 119MB) CPU [9%@1728,0%@1728,0%@1728,0%@1728,0%@1728,0%@1728] GR3D_FREQ 96% cpu@71.812C soc2@70.593C soc0@70.781C gpu@74.062C tj@74.062C soc1@71.281C VDD_IN 23237mW/23178mW VDD_CPU_GPU_CV 9896mW/9889mW VDD_SOC 6110mW/6117mW
08-04-2026 11:55:21 RAM 3725/7620MB (lfb 38x1MB) SWAP 2411/12002MB (cached 119MB) CPU [0%@1728,0%@1728,0%@1728,0%@1728,0%@1728,0%@1728] GR3D_FREQ 96% cpu@71.718C soc2@70.593C soc0@70.843C gpu@74C tj@74C soc1@71.312C VDD_IN 23237mW/23178mW VDD_CPU_GPU_CV 9896mW/9889mW VDD_SOC 6110mW/6117mW
08-04-2026 11:55:21 RAM 3725/7620MB (lfb 38x1MB) SWAP 2411/12002MB (cached 119MB) CPU [0%@1728,0%@1728,0%@1728,54%@1728,0%@1728,18%@1728] GR3D_FREQ 96% cpu@72.187C soc2@70.687C soc0@70.968C gpu@73.875C tj@73.875C soc1@71.25C VDD_IN 23317mW/23178mW VDD_CPU_GPU_CV 9936mW/9889mW VDD_SOC 6110mW/6117mW
08-04-2026 11:55:21 RAM 3725/7620MB (lfb 38x1MB) SWAP 2411/12002MB (cached 119MB) CPU [23%@1728,16%@1728,0%@1728,36%@1728,0%@1728,20%@1728] GR3D_FREQ 96% cpu@72.062C soc2@70.531C soc0@70.781C gpu@74C tj@74C soc1@71.218C VDD_IN 23237mW/23178mW VDD_CPU_GPU_CV 9975mW/9890mW VDD_SOC 6110mW/6117mW
08-04-2026 11:55:21 RAM 3725/7620MB (lfb 38x1MB) SWAP 2411/12002MB (cached 119MB) CPU [0%@1728,0%@1728,9%@1728,0%@1728,0%@1728,0%@1728] GR3D_FREQ 96% cpu@72.187C soc2@70.562C soc0@70.781C gpu@73.937C tj@73.937C soc1@71.25C VDD_IN 23237mW/23178mW VDD_CPU_GPU_CV 9975mW/9890mW VDD_SOC 6110mW/6117mW
08-04-2026 11:55:21 RAM 3725/7620MB (lfb 38x1MB) SWAP 2411/12002MB (cached 119MB) CPU [0%@1728,0%@1728,0%@1728,0%@1728,0%@1728,18%@1728] GR3D_FREQ 94% cpu@71.843C soc2@70.656C soc0@70.843C gpu@73.875C tj@73.875C soc1@71.281C VDD_IN 23156mW/23178mW VDD_CPU_GPU_CV 9975mW/9890mW VDD_SOC 6110mW/6117mW
08-04-2026 11:55:21 RAM 3725/7620MB (lfb 38x1MB) SWAP 2411/12002MB (cached 119MB) CPU [0%@1728,0%@1728,9%@1728,0%@1728,0%@1728,20%@1728] GR3D_FREQ 94% cpu@71.843C soc2@70.656C soc0@71C gpu@73.812C tj@73.812C soc1@71.468C VDD_IN 23197mW/23178mW VDD_CPU_GPU_CV 9936mW/9890mW VDD_SOC 6110mW/6117mW
08-04-2026 11:55:21 RAM 3725/7620MB (lfb 38x1MB) SWAP 2411/12002MB (cached 119MB) CPU [9%@1728,0%@1728,0%@1728,0%@1728,0%@1728,30%@1728] GR3D_FREQ 96% cpu@71.968C soc2@70.562C soc0@70.843C gpu@73.937C tj@73.937C soc1@71.218C VDD_IN 23197mW/23179mW VDD_CPU_GPU_CV 9936mW/9890mW VDD_SOC 6110mW/6117mW
08-04-2026 11:55:21 RAM 3725/7620MB (lfb 38x1MB) SWAP 2411/12002MB (cached 119MB) CPU [9%@1728,0%@1728,0%@1728,0%@1728,0%@1728,27%@1728] GR3D_FREQ 93% cpu@71.781C soc2@70.593C soc0@70.812C gpu@73.875C tj@73.875C soc1@71.25C VDD_IN 23197mW/23179mW VDD_CPU_GPU_CV 9936mW/9890mW VDD_SOC 6110mW/6117mW
08-04-2026 11:55:22 RAM 3725/7620MB (lfb 38x1MB) SWAP 2411/12002MB (cached 119MB) CPU [0%@1728,0%@1728,0%@1728,0%@1728,0%@1728,18%@1728] GR3D_FREQ 94% cpu@71.781C soc2@70.593C soc0@70.812C gpu@74.343C tj@74.343C soc1@71.312C VDD_IN 23237mW/23179mW VDD_CPU_GPU_CV 9896mW/9890mW VDD_SOC 6150mW/6117mW
08-04-2026 11:55:22 RAM 3725/7620MB (lfb 38x1MB) SWAP 2411/12002MB (cached 119MB) CPU [0%@1728,0%@1728,0%@1728,0%@1728,0%@1728,25%@1728] GR3D_FREQ 94% cpu@71.812C soc2@70.687C soc0@71C gpu@74.093C tj@74.093C soc1@71.187C VDD_IN 23237mW/23179mW VDD_CPU_GPU_CV 9896mW/9890mW VDD_SOC 6150mW/6117mW
08-04-2026 11:55:22 RAM 3725/7620MB (lfb 38x1MB) SWAP 2411/12002MB (cached 119MB) CPU [0%@1728,9%@1728,0%@1728,9%@1728,0%@1728,27%@1728] GR3D_FREQ 94% cpu@71.937C soc2@70.5C soc0@70.718C gpu@73.75C tj@73.75C soc1@71.156C VDD_IN 23237mW/23179mW VDD_CPU_GPU_CV 9856mW/9890mW VDD_SOC 6150mW/6117mW
08-04-2026 11:55:22 RAM 3725/7620MB (lfb 38x1MB) SWAP 2411/12002MB (cached 119MB) CPU [25%@1728,0%@1728,16%@1728,0%@1728,0%@1728,18%@1728] GR3D_FREQ 94% cpu@72.156C soc2@70.593C soc0@70.812C gpu@74.218C tj@74.218C soc1@71.25C VDD_IN 23237mW/23179mW VDD_CPU_GPU_CV 9856mW/9890mW VDD_SOC 6150mW/6117mW
08-04-2026 11:55:22 RAM 3725/7620MB (lfb 38x1MB) SWAP 2411/12002MB (cached 119MB) CPU [0%@1728,0%@1728,0%@1728,0%@1728,0%@1728,27%@1728] GR3D_FREQ 94% cpu@71.812C soc2@70.562C soc0@70.875C gpu@74.093C tj@74.093C soc1@71.375C VDD_IN 23156mW/23179mW VDD_CPU_GPU_CV 9816mW/9890mW VDD_SOC 6110mW/6117mW
08-04-2026 11:55:22 RAM 3725/7620MB (lfb 38x1MB) SWAP 2411/12002MB (cached 119MB) CPU [0%@1728,0%@1728,9%@1728,0%@1728,0%@1728,25%@1728] GR3D_FREQ 95% cpu@71.843C soc2@70.625C soc0@70.718C gpu@73.937C tj@73.937C soc1@71.156C VDD_IN 23116mW/23179mW VDD_CPU_GPU_CV 9856mW/9890mW VDD_SOC 6110mW/6117mW
08-04-2026 11:55:22 RAM 3725/7620MB (lfb 38x1MB) SWAP 2411/12002MB (cached 119MB) CPU [0%@1728,0%@1728,0%@1728,0%@1728,0%@1728,25%@1728] GR3D_FREQ 96% cpu@71.875C soc2@70.468C soc0@70.812C gpu@73.843C tj@73.843C soc1@71.187C VDD_IN 23156mW/23179mW VDD_CPU_GPU_CV 9896mW/9890mW VDD_SOC 6110mW/6117mW
08-04-2026 11:55:22 RAM 3725/7620MB (lfb 38x1MB) SWAP 2411/12002MB (cached 119MB) CPU [8%@1728,0%@1728,0%@1728,0%@1728,0%@1728,20%@1728] GR3D_FREQ 94% cpu@71.812C soc2@70.625C soc0@70.812C gpu@74.031C tj@74.031C soc1@71.187C VDD_IN 23156mW/23179mW VDD_CPU_GPU_CV 9936mW/9890mW VDD_SOC 6150mW/6117mW
08-04-2026 11:55:22 RAM 3725/7620MB (lfb 38x1MB) SWAP 2411/12002MB (cached 119MB) CPU [0%@1728,9%@1728,0%@1728,9%@1728,0%@1728,25%@1728] GR3D_FREQ 96% cpu@71.75C soc2@70.593C soc0@71.031C gpu@73.968C tj@73.968C soc1@71.343C VDD_IN 23116mW/23179mW VDD_CPU_GPU_CV 9936mW/9890mW VDD_SOC 6150mW/6117mW
08-04-2026 11:55:22 RAM 3725/7620MB (lfb 38x1MB) SWAP 2411/12002MB (cached 119MB) CPU [0%@1728,0%@1728,0%@1728,0%@1728,0%@1728,27%@1728] GR3D_FREQ 96% cpu@71.781C soc2@70.625C soc0@71.093C gpu@73.906C tj@73.906C soc1@71.218C VDD_IN 23197mW/23179mW VDD_CPU_GPU_CV 9936mW/9890mW VDD_SOC 6150mW/6117mW
08-04-2026 11:55:23 RAM 3725/7620MB (lfb 38x1MB) SWAP 2411/12002MB (cached 119MB) CPU [0%@1728,8%@1728,0%@1728,0%@1728,0%@1728,18%@1728] GR3D_FREQ 94% cpu@71.812C soc2@70.531C soc0@70.843C gpu@73.875C tj@73.875C soc1@71.187C VDD_IN 23197mW/23179mW VDD_CPU_GPU_CV 9896mW/9890mW VDD_SOC 6150mW/6118mW
08-04-2026 11:55:23 RAM 3725/7620MB (lfb 38x1MB) SWAP 2411/12002MB (cached 119MB) CPU [16%@1728,0%@1728,0%@1728,0%@1728,0%@1728,25%@1728] GR3D_FREQ 96% cpu@71.812C soc2@70.5C soc0@70.937C gpu@74C tj@74C soc1@71.375C VDD_IN 23197mW/23179mW VDD_CPU_GPU_CV 9936mW/9890mW VDD_SOC 6150mW/6118mW
08-04-2026 11:55:23 RAM 3726/7620MB (lfb 38x1MB) SWAP 2411/12002MB (cached 119MB) CPU [9%@1728,0%@1728,0%@1728,9%@1728,0%@1728,20%@1728] GR3D_FREQ 95% cpu@71.875C soc2@70.562C soc0@70.968C gpu@73.937C tj@73.937C soc1@71.531C VDD_IN 23197mW/23179mW VDD_CPU_GPU_CV 9936mW/9890mW VDD_SOC 6150mW/6118mW
08-04-2026 11:55:23 RAM 3726/7620MB (lfb 38x1MB) SWAP 2411/12002MB (cached 119MB) CPU [9%@1728,9%@1728,18%@1728,9%@1728,0%@1728,25%@1728] GR3D_FREQ 95% cpu@72.156C soc2@70.687C soc0@70.843C gpu@73.875C tj@73.875C soc1@71.125C VDD_IN 23116mW/23179mW VDD_CPU_GPU_CV 9896mW/9890mW VDD_SOC 6110mW/6118mW
08-04-2026 11:55:23 RAM 3726/7620MB (lfb 38x1MB) SWAP 2411/12002MB (cached 119MB) CPU [0%@1728,0%@1728,0%@1728,9%@1728,0%@1728,18%@1728] GR3D_FREQ 94% cpu@71.812C soc2@70.593C soc0@70.937C gpu@74.343C tj@74.343C soc1@71.343C VDD_IN 23156mW/23179mW VDD_CPU_GPU_CV 9936mW/9890mW VDD_SOC 6110mW/6118mW
08-04-2026 11:55:23 RAM 3726/7620MB (lfb 38x1MB) SWAP 2411/12002MB (cached 119MB) CPU [0%@1728,0%@1728,0%@1728,0%@1728,0%@1728,20%@1728] GR3D_FREQ 94% cpu@71.781C soc2@70.562C soc0@70.968C gpu@74C tj@74C soc1@71.406C VDD_IN 23076mW/23178mW VDD_CPU_GPU_CV 9896mW/9890mW VDD_SOC 6110mW/6118mW
08-04-2026 11:55:23 RAM 3730/7620MB (lfb 38x1MB) SWAP 2411/12002MB (cached 119MB) CPU [10%@1728,9%@1728,20%@1728,18%@1728,0%@1728,25%@1728] GR3D_FREQ 96% cpu@72.062C soc2@70.75C soc0@71.093C gpu@73.812C tj@73.812C soc1@71.468C VDD_IN 23156mW/23178mW VDD_CPU_GPU_CV 9936mW/9890mW VDD_SOC 6110mW/6118mW
08-04-2026 11:55:23 RAM 3725/7620MB (lfb 38x1MB) SWAP 2411/12002MB (cached 119MB) CPU [0%@1728,11%@1728,9%@1728,10%@1728,0%@1728,0%@1728] GR3D_FREQ 96% cpu@72.156C soc2@70.593C soc0@70.906C gpu@74.437C tj@74.437C soc1@71.312C VDD_IN 23156mW/23178mW VDD_CPU_GPU_CV 9936mW/9890mW VDD_SOC 6150mW/6118mW
08-04-2026 11:55:23 RAM 3725/7620MB (lfb 38x1MB) SWAP 2411/12002MB (cached 119MB) CPU [0%@1728,8%@1728,0%@1728,0%@1728,0%@1728,0%@1728] GR3D_FREQ 96% cpu@71.812C soc2@70.593C soc0@70.843C gpu@74.218C tj@74.218C soc1@71.312C VDD_IN 23197mW/23178mW VDD_CPU_GPU_CV 9920mW/9890mW VDD_SOC 6150mW/6118mW
08-04-2026 11:55:24 RAM 3725/7620MB (lfb 38x1MB) SWAP 2411/12002MB (cached 119MB) CPU [9%@1728,0%@1728,8%@1728,0%@1728,0%@1728,10%@1728] GR3D_FREQ 96% cpu@71.812C soc2@70.687C soc0@70.906C gpu@74.031C tj@74.031C soc1@71.406C VDD_IN 23197mW/23178mW VDD_CPU_GPU_CV 9936mW/9890mW VDD_SOC 6150mW/6118mW
08-04-2026 11:55:24 RAM 3725/7620MB (lfb 38x1MB) SWAP 2411/12002MB (cached 119MB) CPU [0%@1728,0%@1728,0%@1728,0%@1728,0%@1728,27%@1728] GR3D_FREQ 96% cpu@72.031C soc2@70.718C soc0@71.093C gpu@74.406C tj@74.406C soc1@71.25C VDD_IN 23237mW/23179mW VDD_CPU_GPU_CV 9936mW/9890mW VDD_SOC 6150mW/6118mW
08-04-2026 11:55:24 RAM 3725/7620MB (lfb 38x1MB) SWAP 2411/12002MB (cached 119MB) CPU [0%@1728,9%@1728,0%@1728,0%@1728,0%@1728,18%@1728] GR3D_FREQ 96% cpu@72.156C soc2@70.625C soc0@70.906C gpu@74.281C tj@74.281C soc1@71.406C VDD_IN 23237mW/23179mW VDD_CPU_GPU_CV 9936mW/9890mW VDD_SOC 6150mW/6118mW
08-04-2026 11:55:24 RAM 3725/7620MB (lfb 38x1MB) SWAP 2411/12002MB (cached 119MB) CPU [10%@1728,9%@1728,27%@1728,9%@1728,0%@1728,25%@1728] GR3D_FREQ 92% cpu@72.281C soc2@70.687C soc0@70.968C gpu@74C tj@74C soc1@71.375C VDD_IN 23237mW/23179mW VDD_CPU_GPU_CV 9975mW/9890mW VDD_SOC 6150mW/6118mW
08-04-2026 11:55:24 RAM 3725/7620MB (lfb 38x1MB) SWAP 2411/12002MB (cached 119MB) CPU [0%@1728,9%@1728,9%@1728,9%@1728,9%@1728,20%@1728] GR3D_FREQ 94% cpu@71.968C soc2@70.718C soc0@70.968C gpu@73.968C tj@73.968C soc1@71.375C VDD_IN 23156mW/23179mW VDD_CPU_GPU_CV 9936mW/9890mW VDD_SOC 6110mW/6118mW
08-04-2026 11:55:24 RAM 3725/7620MB (lfb 38x1MB) SWAP 2411/12002MB (cached 119MB) CPU [0%@1728,0%@1728,10%@1728,0%@1728,0%@1728,25%@1728] GR3D_FREQ 94% cpu@72.093C soc2@70.75C soc0@71.093C gpu@73.937C tj@73.937C soc1@71.687C VDD_IN 23116mW/23179mW VDD_CPU_GPU_CV 9936mW/9890mW VDD_SOC 6110mW/6118mW
08-04-2026 11:55:24 RAM 3725/7620MB (lfb 38x1MB) SWAP 2411/12002MB (cached 119MB) CPU [0%@1728,9%@1728,0%@1728,9%@1728,0%@1728,0%@1728] GR3D_FREQ 94% cpu@72.156C soc2@70.625C soc0@70.937C gpu@74.062C tj@74.062C soc1@71.375C VDD_IN 23156mW/23179mW VDD_CPU_GPU_CV 9936mW/9890mW VDD_SOC 6150mW/6118mW
08-04-2026 11:55:24 RAM 3725/7620MB (lfb 38x1MB) SWAP 2411/12002MB (cached 119MB) CPU [0%@1728,0%@1728,0%@1728,0%@1728,0%@1728,20%@1728] GR3D_FREQ 92% cpu@71.906C soc2@70.625C soc0@70.937C gpu@74.031C tj@74.031C soc1@71.406C VDD_IN 23156mW/23178mW VDD_CPU_GPU_CV 9896mW/9890mW VDD_SOC 6150mW/6118mW
08-04-2026 11:55:24 RAM 3725/7620MB (lfb 38x1MB) SWAP 2411/12002MB (cached 119MB) CPU [8%@1728,0%@1728,9%@1728,0%@1728,0%@1728,10%@1728] GR3D_FREQ 94% cpu@71.937C soc2@70.718C soc0@71.031C gpu@73.968C tj@73.968C soc1@71.5C VDD_IN 23237mW/23179mW VDD_CPU_GPU_CV 9936mW/9891mW VDD_SOC 6150mW/6118mW
08-04-2026 11:55:24 RAM 3725/7620MB (lfb 38x1MB) SWAP 2411/12002MB (cached 119MB) CPU [0%@1728,0%@1728,0%@1728,0%@1728,0%@1728,11%@1728] GR3D_FREQ 96% cpu@72.031C soc2@70.781C soc0@71.062C gpu@74.062C tj@74.406C soc1@71.281C VDD_IN 23277mW/23179mW VDD_CPU_GPU_CV 9896mW/9891mW VDD_SOC 6150mW/6118mW
08-04-2026 11:55:25 RAM 3725/7620MB (lfb 38x1MB) SWAP 2411/12002MB (cached 119MB) CPU [0%@1728,0%@1728,0%@1728,0%@1728,0%@1728,18%@1728] GR3D_FREQ 96% cpu@72.093C soc2@70.625C soc0@70.937C gpu@73.968C tj@73.968C soc1@71.375C VDD_IN 23237mW/23179mW VDD_CPU_GPU_CV 9936mW/9891mW VDD_SOC 6150mW/6118mW
08-04-2026 11:55:25 RAM 3725/7620MB (lfb 38x1MB) SWAP 2411/12002MB (cached 119MB) CPU [16%@1728,0%@1728,0%@1728,0%@1728,0%@1728,18%@1728] GR3D_FREQ 96% cpu@71.906C soc2@70.687C soc0@70.906C gpu@73.968C tj@73.968C soc1@71.406C VDD_IN 23277mW/23179mW VDD_CPU_GPU_CV 9936mW/9891mW VDD_SOC 6150mW/6118mW
08-04-2026 11:55:25 RAM 3725/7620MB (lfb 38x1MB) SWAP 2411/12002MB (cached 119MB) CPU [9%@1728,8%@1728,8%@1728,0%@1728,0%@1728,27%@1728] GR3D_FREQ 96% cpu@71.937C soc2@70.718C soc0@71.031C gpu@74.375C tj@74.375C soc1@71.468C VDD_IN 23237mW/23179mW VDD_CPU_GPU_CV 9936mW/9891mW VDD_SOC 6150mW/6118mW
08-04-2026 11:55:25 RAM 3725/7620MB (lfb 38x1MB) SWAP 2411/12002MB (cached 119MB) CPU [0%@1728,10%@1728,11%@1728,0%@1728,0%@1728,18%@1728] GR3D_FREQ 95% cpu@72.031C soc2@70.687C soc0@70.812C gpu@73.937C tj@73.937C soc1@71.25C VDD_IN 23116mW/23179mW VDD_CPU_GPU_CV 9936mW/9891mW VDD_SOC 6110mW/6118mW
08-04-2026 11:55:25 RAM 3725/7620MB (lfb 38x1MB) SWAP 2411/12002MB (cached 119MB) CPU [0%@1728,0%@1728,8%@1728,15%@1728,0%@1728,27%@1728] GR3D_FREQ 96% cpu@72.062C soc2@70.593C soc0@70.875C gpu@74C tj@74C soc1@71.343C VDD_IN 23116mW/23179mW VDD_CPU_GPU_CV 9896mW/9891mW VDD_SOC 6110mW/6118mW
08-04-2026 11:55:25 RAM 3725/7620MB (lfb 38x1MB) SWAP 2411/12002MB (cached 119MB) CPU [0%@1728,0%@1728,0%@1728,9%@1728,0%@1728,18%@1728] GR3D_FREQ 94% cpu@71.843C soc2@70.656C soc0@70.937C gpu@74.312C tj@74.312C soc1@71.406C VDD_IN 23156mW/23179mW VDD_CPU_GPU_CV 9896mW/9891mW VDD_SOC 6110mW/6118mW
08-04-2026 11:55:25 RAM 3725/7620MB (lfb 38x1MB) SWAP 2411/12002MB (cached 119MB) CPU [9%@1728,18%@1728,0%@1728,0%@1728,0%@1728,25%@1728] GR3D_FREQ 96% cpu@71.843C soc2@70.687C soc0@70.968C gpu@74.093C tj@74.093C soc1@71.5C VDD_IN 23156mW/23179mW VDD_CPU_GPU_CV 9856mW/9891mW VDD_SOC 6150mW/6118mW
08-04-2026 11:55:25 RAM 3725/7620MB (lfb 38x1MB) SWAP 2411/12002MB (cached 119MB) CPU [0%@1728,0%@1728,0%@1728,0%@1728,0%@1728,20%@1728] GR3D_FREQ 96% cpu@71.875C soc2@70.781C soc0@71.125C gpu@74.125C tj@74.125C soc1@71.312C VDD_IN 23197mW/23179mW VDD_CPU_GPU_CV 9896mW/9891mW VDD_SOC 6150mW/6118mW
08-04-2026 11:55:25 RAM 3725/7620MB (lfb 38x1MB) SWAP 2411/12002MB (cached 119MB) CPU [0%@1728,0%@1728,0%@1728,0%@1728,0%@1728,25%@1728] GR3D_FREQ 96% cpu@71.812C soc2@70.656C soc0@70.875C gpu@74.281C tj@74.281C soc1@71.343C VDD_IN 23156mW/23179mW VDD_CPU_GPU_CV 9896mW/9891mW VDD_SOC 6110mW/6118mW
08-04-2026 11:55:26 RAM 3725/7620MB (lfb 38x1MB) SWAP 2411/12002MB (cached 119MB) CPU [0%@1728,0%@1728,9%@1728,0%@1728,0%@1728,27%@1728] GR3D_FREQ 96% cpu@71.906C soc2@70.718C soc0@70.937C gpu@74.156C tj@74.156C soc1@71.468C VDD_IN 23197mW/23179mW VDD_CPU_GPU_CV 9896mW/9891mW VDD_SOC 6110mW/6118mW
08-04-2026 11:55:26 RAM 3725/7620MB (lfb 38x1MB) SWAP 2411/12002MB (cached 119MB) CPU [9%@1728,9%@1728,0%@1728,0%@1728,0%@1728,25%@1728] GR3D_FREQ 93% cpu@71.937C soc2@70.718C soc0@71.031C gpu@74.062C tj@74.062C soc1@71.5C VDD_IN 23237mW/23179mW VDD_CPU_GPU_CV 9896mW/9891mW VDD_SOC 6150mW/6118mW
08-04-2026 11:55:26 RAM 3725/7620MB (lfb 38x1MB) SWAP 2411/12002MB (cached 119MB) CPU [0%@1728,0%@1728,0%@1728,0%@1728,0%@1728,25%@1728] GR3D_FREQ 96% cpu@72.343C soc2@70.718C soc0@70.875C gpu@74C tj@74C soc1@71.312C VDD_IN 23197mW/23179mW VDD_CPU_GPU_CV 9896mW/9891mW VDD_SOC 6150mW/6118mW
08-04-2026 11:55:26 RAM 3725/7620MB (lfb 38x1MB) SWAP 2411/12002MB (cached 119MB) CPU [9%@1728,0%@1728,9%@1728,9%@1728,0%@1728,11%@1728] GR3D_FREQ 96% cpu@72.031C soc2@70.687C soc0@70.968C gpu@74.125C tj@74.125C soc1@71.343C VDD_IN 23237mW/23179mW VDD_CPU_GPU_CV 9936mW/9891mW VDD_SOC 6150mW/6118mW
08-04-2026 11:55:26 RAM 3725/7620MB (lfb 38x1MB) SWAP 2411/12002MB (cached 119MB) CPU [0%@1728,9%@1728,18%@1728,0%@1728,0%@1728,25%@1728] GR3D_FREQ 94% cpu@71.843C soc2@70.687C soc0@71.062C gpu@74C tj@74C soc1@71.375C VDD_IN 23116mW/23179mW VDD_CPU_GPU_CV 9896mW/9891mW VDD_SOC 6110mW/6118mW
08-04-2026 11:55:26 RAM 3725/7620MB (lfb 38x1MB) SWAP 2411/12002MB (cached 119MB) CPU [8%@1728,0%@1728,0%@1728,9%@1728,0%@1728,25%@1728] GR3D_FREQ 93% cpu@71.937C soc2@70.781C soc0@71.031C gpu@74C tj@74C soc1@71.562C VDD_IN 23116mW/23179mW VDD_CPU_GPU_CV 9936mW/9891mW VDD_SOC 6150mW/6118mW
08-04-2026 11:55:26 RAM 3725/7620MB (lfb 38x1MB) SWAP 2411/12002MB (cached 119MB) CPU [0%@1728,16%@1728,0%@1728,0%@1728,0%@1728,20%@1728] GR3D_FREQ 94% cpu@72.218C soc2@70.718C soc0@70.843C gpu@73.968C tj@73.968C soc1@71.281C VDD_IN 23156mW/23179mW VDD_CPU_GPU_CV 9896mW/9891mW VDD_SOC 6150mW/6118mW
08-04-2026 11:55:26 RAM 3725/7620MB (lfb 38x1MB) SWAP 2411/12002MB (cached 119MB) CPU [9%@1728,0%@1728,0%@1728,0%@1728,0%@1728,25%@1728] GR3D_FREQ 92% cpu@71.781C soc2@70.625C soc0@70.906C gpu@74.062C tj@74.062C soc1@71.468C VDD_IN 23197mW/23179mW VDD_CPU_GPU_CV 9936mW/9891mW VDD_SOC 6150mW/6118mW
08-04-2026 11:55:26 RAM 3725/7620MB (lfb 38x1MB) SWAP 2411/12002MB (cached 119MB) CPU [0%@1728,9%@1728,9%@1728,0%@1728,0%@1728,27%@1728] GR3D_FREQ 96% cpu@71.812C soc2@70.625C soc0@71C gpu@74.031C tj@74.031C soc1@71.437C VDD_IN 23237mW/23179mW VDD_CPU_GPU_CV 9880mW/9891mW VDD_SOC 6150mW/6118mW
08-04-2026 11:55:26 RAM 3725/7620MB (lfb 38x1MB) SWAP 2411/12002MB (cached 119MB) CPU [16%@1728,9%@1728,27%@1728,9%@1728,9%@1728,18%@1728] GR3D_FREQ 95% cpu@72.156C soc2@70.781C soc0@71.031C gpu@73.937C tj@73.937C soc1@71.531C VDD_IN 23237mW/23179mW VDD_CPU_GPU_CV 9936mW/9891mW VDD_SOC 6150mW/6118mW
08-04-2026 11:55:27 RAM 3725/7620MB (lfb 38x1MB) SWAP 2411/12002MB (cached 119MB) CPU [0%@1728,9%@1728,0%@1728,9%@1728,8%@1728,27%@1728] GR3D_FREQ 95% cpu@72.25C soc2@70.625C soc0@70.937C gpu@74.375C tj@74.375C soc1@71.312C VDD_IN 23237mW/23179mW VDD_CPU_GPU_CV 9936mW/9891mW VDD_SOC 6150mW/6118mW
08-04-2026 11:55:27 RAM 3725/7620MB (lfb 38x1MB) SWAP 2411/12002MB (cached 119MB) CPU [0%@1728,0%@1728,8%@1728,0%@1728,0%@1728,25%@1728] GR3D_FREQ 96% cpu@71.875C soc2@70.562C soc0@70.875C gpu@73.968C tj@73.968C soc1@71.343C VDD_IN 23237mW/23179mW VDD_CPU_GPU_CV 9936mW/9891mW VDD_SOC 6150mW/6118mW
08-04-2026 11:55:27 RAM 3725/7620MB (lfb 38x1MB) SWAP 2411/12002MB (cached 119MB) CPU [9%@1728,0%@1728,0%@1728,9%@1728,0%@1728,18%@1728] GR3D_FREQ 96% cpu@71.906C soc2@70.718C soc0@71C gpu@73.968C tj@73.968C soc1@71.5C VDD_IN 23237mW/23179mW VDD_CPU_GPU_CV 9936mW/9891mW VDD_SOC 6150mW/6118mW
08-04-2026 11:55:27 RAM 3725/7620MB (lfb 38x1MB) SWAP 2411/12002MB (cached 119MB) CPU [10%@1728,0%@1728,18%@1728,0%@1728,0%@1728,27%@1728] GR3D_FREQ 95% cpu@72.125C soc2@70.687C soc0@71.062C gpu@74.25C tj@74.25C soc1@71.562C VDD_IN 23116mW/23179mW VDD_CPU_GPU_CV 9936mW/9891mW VDD_SOC 6110mW/6118mW
08-04-2026 11:55:27 RAM 3725/7620MB (lfb 38x1MB) SWAP 2411/12002MB (cached 119MB) CPU [0%@1728,0%@1728,10%@1728,9%@1728,0%@1728,18%@1728] GR3D_FREQ 94% cpu@72.281C soc2@70.625C soc0@70.843C gpu@74.156C tj@74.156C soc1@71.312C VDD_IN 23156mW/23179mW VDD_CPU_GPU_CV 9936mW/9891mW VDD_SOC 6110mW/6118mW
08-04-2026 11:55:27 RAM 3725/7620MB (lfb 38x1MB) SWAP 2411/12002MB (cached 119MB) CPU [0%@1728,0%@1728,0%@1728,0%@1728,0%@1728,20%@1728] GR3D_FREQ 95% cpu@72.187C soc2@70.625C soc0@70.937C gpu@74.062C tj@74.062C soc1@71.406C VDD_IN 23076mW/23179mW VDD_CPU_GPU_CV 9936mW/9891mW VDD_SOC 6110mW/6118mW
08-04-2026 11:55:27 RAM 3725/7620MB (lfb 38x1MB) SWAP 2411/12002MB (cached 119MB) CPU [9%@1728,9%@1728,0%@1728,0%@1728,0%@1728,25%@1728] GR3D_FREQ 96% cpu@71.968C soc2@70.75C soc0@71C gpu@74.218C tj@74.218C soc1@71.531C VDD_IN 23197mW/23179mW VDD_CPU_GPU_CV 9936mW/9891mW VDD_SOC 6110mW/6118mW
08-04-2026 11:55:27 RAM 3725/7620MB (lfb 38x1MB) SWAP 2411/12002MB (cached 119MB) CPU [9%@1728,0%@1728,0%@1728,0%@1728,0%@1728,10%@1728] GR3D_FREQ 96% cpu@72C soc2@70.656C soc0@71C gpu@74.156C tj@74.156C soc1@71.531C VDD_IN 23197mW/23179mW VDD_CPU_GPU_CV 9975mW/9891mW VDD_SOC 6150mW/6118mW
08-04-2026 11:55:27 RAM 3725/7620MB (lfb 38x1MB) SWAP 2411/12002MB (cached 119MB) CPU [0%@1728,0%@1728,0%@1728,0%@1728,0%@1728,33%@1728] GR3D_FREQ 96% cpu@72.093C soc2@70.75C soc0@70.906C gpu@74.031C tj@74.031C soc1@71.375C VDD_IN 23197mW/23179mW VDD_CPU_GPU_CV 9936mW/9891mW VDD_SOC 6150mW/6118mW
08-04-2026 11:55:28 RAM 3725/7620MB (lfb 38x1MB) SWAP 2411/12002MB (cached 119MB) CPU [0%@1728,0%@1728,0%@1728,8%@1728,0%@1728,18%@1728] GR3D_FREQ 94% cpu@71.843C soc2@70.625C soc0@70.906C gpu@74.062C tj@74.062C soc1@71.343C VDD_IN 23197mW/23179mW VDD_CPU_GPU_CV 9936mW/9891mW VDD_SOC 6150mW/6118mW
08-04-2026 11:55:28 RAM 3725/7620MB (lfb 38x1MB) SWAP 2411/12002MB (cached 119MB) CPU [0%@1728,0%@1728,0%@1728,0%@1728,0%@1728,30%@1728] GR3D_FREQ 94% cpu@71.906C soc2@70.625C soc0@71C gpu@74.093C tj@74.093C soc1@71.5C VDD_IN 23156mW/23179mW VDD_CPU_GPU_CV 9896mW/9891mW VDD_SOC 6150mW/6118mW
08-04-2026 11:55:28 RAM 3725/7620MB (lfb 38x1MB) SWAP 2411/12002MB (cached 119MB) CPU [8%@1728,0%@1728,9%@1728,0%@1728,0%@1728,20%@1728] GR3D_FREQ 94% cpu@71.906C soc2@70.718C soc0@71.093C gpu@74.187C tj@74.187C soc1@71.25C VDD_IN 23197mW/23179mW VDD_CPU_GPU_CV 9936mW/9891mW VDD_SOC 6150mW/6118mW
08-04-2026 11:55:28 RAM 3725/7620MB (lfb 38x1MB) SWAP 2411/12002MB (cached 119MB) CPU [0%@1728,0%@1728,16%@1728,9%@1728,0%@1728,18%@1728] GR3D_FREQ 94% cpu@72.031C soc2@70.687C soc0@70.875C gpu@74C tj@74C soc1@71.312C VDD_IN 23156mW/23179mW VDD_CPU_GPU_CV 9896mW/9891mW VDD_SOC 6150mW/6118mW
08-04-2026 11:55:28 RAM 3725/7620MB (lfb 38x1MB) SWAP 2411/12002MB (cached 119MB) CPU [9%@1728,0%@1728,0%@1728,0%@1728,0%@1728,0%@1728] GR3D_FREQ 96% cpu@71.812C soc2@70.656C soc0@70.937C gpu@73.906C tj@73.906C soc1@71.375C VDD_IN 23156mW/23179mW VDD_CPU_GPU_CV 9856mW/9891mW VDD_SOC 6110mW/6118mW
08-04-2026 11:55:28 RAM 3725/7620MB (lfb 38x1MB) SWAP 2411/12002MB (cached 119MB) CPU [0%@1728,9%@1728,9%@1728,9%@1728,8%@1728,10%@1728] GR3D_FREQ 94% cpu@71.906C soc2@70.75C soc0@70.968C gpu@73.937C tj@73.937C soc1@71.437C VDD_IN 23156mW/23179mW VDD_CPU_GPU_CV 9856mW/9891mW VDD_SOC 6110mW/6118mW
08-04-2026 11:55:28 RAM 3725/7620MB (lfb 38x1MB) SWAP 2411/12002MB (cached 119MB) CPU [0%@1728,0%@1728,0%@1728,0%@1728,0%@1728,18%@1728] GR3D_FREQ 96% cpu@71.937C soc2@70.75C soc0@71.156C gpu@73.937C tj@73.937C soc1@71.562C VDD_IN 23156mW/23179mW VDD_CPU_GPU_CV 9856mW/9891mW VDD_SOC 6110mW/6118mW
08-04-2026 11:55:28 RAM 3725/7620MB (lfb 38x1MB) SWAP 2411/12002MB (cached 119MB) CPU [9%@1728,0%@1728,0%@1728,9%@1728,0%@1728,27%@1728] GR3D_FREQ 96% cpu@71.843C soc2@70.656C soc0@70.875C gpu@73.906C tj@73.906C soc1@71.312C VDD_IN 23156mW/23179mW VDD_CPU_GPU_CV 9856mW/9891mW VDD_SOC 6110mW/6118mW
08-04-2026 11:55:28 RAM 3725/7620MB (lfb 38x1MB) SWAP 2411/12002MB (cached 119MB) CPU [0%@1728,9%@1728,0%@1728,0%@1728,0%@1728,25%@1728] GR3D_FREQ 96% cpu@71.812C soc2@70.656C soc0@70.906C gpu@74.312C tj@74.312C soc1@71.312C VDD_IN 23237mW/23179mW VDD_CPU_GPU_CV 9896mW/9891mW VDD_SOC 6110mW/6118mW
08-04-2026 11:55:28 RAM 3725/7620MB (lfb 38x1MB) SWAP 2411/12002MB (cached 119MB) CPU [0%@1728,0%@1728,0%@1728,0%@1728,0%@1728,20%@1728] GR3D_FREQ 95% cpu@71.812C soc2@70.687C soc0@70.968C gpu@73.937C tj@73.937C soc1@71.406C VDD_IN 23197mW/23179mW VDD_CPU_GPU_CV 9896mW/9891mW VDD_SOC 6150mW/6118mW
08-04-2026 11:55:29 RAM 3725/7620MB (lfb 38x1MB) SWAP 2411/12002MB (cached 119MB) CPU [0%@1728,0%@1728,0%@1728,0%@1728,0%@1728,25%@1728] GR3D_FREQ 95% cpu@71.906C soc2@70.781C soc0@71C gpu@74.343C tj@74.343C soc1@71.218C VDD_IN 23237mW/23179mW VDD_CPU_GPU_CV 9856mW/9891mW VDD_SOC 6110mW/6118mW
08-04-2026 11:55:29 RAM 3725/7620MB (lfb 38x1MB) SWAP 2411/12002MB (cached 119MB) CPU [8%@1728,0%@1728,9%@1728,0%@1728,0%@1728,20%@1728] GR3D_FREQ 96% cpu@71.812C soc2@70.593C soc0@70.843C gpu@74.281C tj@74.281C soc1@71.218C VDD_IN 23277mW/23179mW VDD_CPU_GPU_CV 9896mW/9891mW VDD_SOC 6140mW/6118mW
08-04-2026 11:55:29 RAM 3725/7620MB (lfb 38x1MB) SWAP 2411/12002MB (cached 119MB) CPU [9%@1728,0%@1728,9%@1728,0%@1728,0%@1728,25%@1728] GR3D_FREQ 94% cpu@71.812C soc2@70.625C soc0@70.843C gpu@74.062C tj@74.062C soc1@71.343C VDD_IN 23277mW/23179mW VDD_CPU_GPU_CV 9936mW/9891mW VDD_SOC 6150mW/6118mW
08-04-2026 11:55:29 RAM 3725/7620MB (lfb 38x1MB) SWAP 2411/12002MB (cached 119MB) CPU [0%@1728,0%@1728,0%@1728,0%@1728,10%@1728,20%@1728] GR3D_FREQ 94% cpu@71.812C soc2@70.625C soc0@70.875C gpu@74.218C tj@74.218C soc1@71.375C VDD_IN 23197mW/23179mW VDD_CPU_GPU_CV 9896mW/9891mW VDD_SOC 6110mW/6118mW
08-04-2026 11:55:29 RAM 3725/7620MB (lfb 38x1MB) SWAP 2411/12002MB (cached 119MB) CPU [0%@1728,9%@1728,0%@1728,0%@1728,0%@1728,25%@1728] GR3D_FREQ 94% cpu@72.125C soc2@70.687C soc0@70.843C gpu@74.125C tj@74.125C soc1@71.218C VDD_IN 23197mW/23179mW VDD_CPU_GPU_CV 9896mW/9891mW VDD_SOC 6110mW/6118mW
08-04-2026 11:55:29 RAM 3725/7620MB (lfb 38x1MB) SWAP 2411/12002MB (cached 119MB) CPU [9%@1728,0%@1728,0%@1728,0%@1728,9%@1728,18%@1728] GR3D_FREQ 93% cpu@71.812C soc2@70.531C soc0@70.812C gpu@74C tj@74C soc1@71.281C VDD_IN 23156mW/23179mW VDD_CPU_GPU_CV 9856mW/9891mW VDD_SOC 6110mW/6118mW
08-04-2026 11:55:29 RAM 3725/7620MB (lfb 38x1MB) SWAP 2411/12002MB (cached 119MB) CPU [9%@1728,0%@1728,0%@1728,0%@1728,0%@1728,0%@1728] GR3D_FREQ 96% cpu@71.812C soc2@70.562C soc0@70.906C gpu@73.906C tj@73.906C soc1@71.343C VDD_IN 23156mW/23179mW VDD_CPU_GPU_CV 9856mW/9891mW VDD_SOC 6110mW/6118mW
08-04-2026 11:55:29 RAM 3725/7620MB (lfb 38x1MB) SWAP 2411/12002MB (cached 119MB) CPU [9%@1728,9%@1728,0%@1728,0%@1728,0%@1728,25%@1728] GR3D_FREQ 96% cpu@71.937C soc2@70.593C soc0@70.937C gpu@73.812C tj@73.812C soc1@71.468C VDD_IN 23156mW/23179mW VDD_CPU_GPU_CV 9896mW/9891mW VDD_SOC 6110mW/6118mW
08-04-2026 11:55:29 RAM 3725/7620MB (lfb 38x1MB) SWAP 2411/12002MB (cached 119MB) CPU [0%@1728,0%@1728,9%@1728,0%@1728,0%@1728,20%@1728] GR3D_FREQ 96% cpu@72.031C soc2@70.531C soc0@70.781C gpu@74C tj@74C soc1@71.25C VDD_IN 23156mW/23179mW VDD_CPU_GPU_CV 9896mW/9891mW VDD_SOC 6110mW/6118mW
08-04-2026 11:55:30 RAM 3725/7620MB (lfb 38x1MB) SWAP 2411/12002MB (cached 119MB) CPU [9%@1728,0%@1728,0%@1728,0%@1728,0%@1728,10%@1728] GR3D_FREQ 96% cpu@71.781C soc2@70.562C soc0@70.843C gpu@73.906C tj@73.906C soc1@71.312C VDD_IN 23156mW/23179mW VDD_CPU_GPU_CV 9896mW/9891mW VDD_SOC 6110mW/6118mW
08-04-2026 11:55:30 RAM 3725/7620MB (lfb 38x1MB) SWAP 2411/12002MB (cached 119MB) CPU [0%@1728,0%@1728,9%@1728,0%@1728,0%@1728,20%@1728] GR3D_FREQ 96% cpu@71.718C soc2@70.593C soc0@70.843C gpu@73.906C tj@73.906C soc1@71.312C VDD_IN 23237mW/23179mW VDD_CPU_GPU_CV 9896mW/9891mW VDD_SOC 6100mW/6118mW
08-04-2026 11:55:30 RAM 3726/7620MB (lfb 38x1MB) SWAP 2411/12002MB (cached 119MB) CPU [20%@1728,18%@1728,10%@1728,9%@1728,0%@1728,25%@1728] GR3D_FREQ 94% cpu@72.156C soc2@70.656C soc0@71.031C gpu@74.375C tj@74.375C soc1@71.562C VDD_IN 23277mW/23179mW VDD_CPU_GPU_CV 9936mW/9891mW VDD_SOC 6150mW/6118mW
08-04-2026 11:55:30 RAM 3726/7620MB (lfb 38x1MB) SWAP 2411/12002MB (cached 119MB) CPU [0%@1728,0%@1728,9%@1728,8%@1728,0%@1728,20%@1728] GR3D_FREQ 95% cpu@72.093C soc2@70.5C soc0@70.812C gpu@73.906C tj@73.906C soc1@71.218C VDD_IN 23237mW/23179mW VDD_CPU_GPU_CV 9975mW/9891mW VDD_SOC 6150mW/6118mW
08-04-2026 11:55:30 RAM 3726/7620MB (lfb 38x1MB) SWAP 2411/12002MB (cached 119MB) CPU [9%@1728,10%@1728,0%@1728,0%@1728,18%@1728,25%@1728] GR3D_FREQ 93% cpu@72.156C soc2@70.593C soc0@70.843C gpu@73.843C tj@73.843C soc1@71.218C VDD_IN 23156mW/23179mW VDD_CPU_GPU_CV 9896mW/9891mW VDD_SOC 6110mW/6118mW
08-04-2026 11:55:30 RAM 3726/7620MB (lfb 38x1MB) SWAP 2411/12002MB (cached 119MB) CPU [9%@1728,0%@1728,0%@1728,0%@1728,0%@1728,20%@1728] GR3D_FREQ 94% cpu@71.812C soc2@70.531C soc0@70.906C gpu@74.343C tj@74.343C soc1@71.312C VDD_IN 23156mW/23179mW VDD_CPU_GPU_CV 9936mW/9891mW VDD_SOC 6110mW/6118mW
08-04-2026 11:55:30 RAM 3726/7620MB (lfb 38x1MB) SWAP 2411/12002MB (cached 119MB) CPU [0%@1728,16%@1728,0%@1728,0%@1728,9%@1728,18%@1728] GR3D_FREQ 95% cpu@71.906C soc2@70.593C soc0@71.031C gpu@74C tj@74C soc1@71.531C VDD_IN 23116mW/23179mW VDD_CPU_GPU_CV 9896mW/9891mW VDD_SOC 6110mW/6118mW
08-04-2026 11:55:30 RAM 3726/7620MB (lfb 38x1MB) SWAP 2411/12002MB (cached 119MB) CPU [9%@1728,0%@1728,0%@1728,0%@1728,0%@1728,11%@1728] GR3D_FREQ 94% cpu@72C soc2@70.5C soc0@70.812C gpu@73.875C tj@73.875C soc1@71.156C VDD_IN 23197mW/23179mW VDD_CPU_GPU_CV 9936mW/9891mW VDD_SOC 6110mW/6118mW
08-04-2026 11:55:30 RAM 3726/7620MB (lfb 38x1MB) SWAP 2411/12002MB (cached 119MB) CPU [9%@1728,0%@1728,0%@1728,0%@1728,0%@1728,0%@1728] GR3D_FREQ 94% cpu@72.062C soc2@70.562C soc0@70.843C gpu@74.281C tj@74.281C soc1@71.281C VDD_IN 23197mW/23179mW VDD_CPU_GPU_CV 9896mW/9891mW VDD_SOC 6110mW/6118mW
08-04-2026 11:55:30 RAM 3726/7620MB (lfb 38x1MB) SWAP 2411/12002MB (cached 119MB) CPU [0%@1728,0%@1728,0%@1728,8%@1728,0%@1728,0%@1728] GR3D_FREQ 96% cpu@71.875C soc2@70.562C soc0@70.843C gpu@74.125C tj@74.125C soc1@71.343C VDD_IN 23237mW/23179mW VDD_CPU_GPU_CV 9880mW/9891mW VDD_SOC 6110mW/6118mW
08-04-2026 11:55:31 RAM 3726/7620MB (lfb 38x1MB) SWAP 2411/12002MB (cached 119MB) CPU [0%@1728,9%@1728,0%@1728,0%@1728,0%@1728,0%@1728] GR3D_FREQ 94% cpu@71.875C soc2@70.656C soc0@71.093C gpu@73.843C tj@74.062C soc1@71.437C VDD_IN 23237mW/23179mW VDD_CPU_GPU_CV 9840mW/9891mW VDD_SOC 6150mW/6118mW
08-04-2026 11:55:31 RAM 3726/7620MB (lfb 38x1MB) SWAP 2411/12002MB (cached 119MB) CPU [16%@1728,9%@1728,0%@1728,0%@1728,0%@1728,0%@1728] GR3D_FREQ 96% cpu@72C soc2@70.5C soc0@70.875C gpu@74.25C tj@74.25C soc1@71.218C VDD_IN 23197mW/23179mW VDD_CPU_GPU_CV 9880mW/9891mW VDD_SOC 6150mW/6118mW
08-04-2026 11:55:31 RAM 3726/7620MB (lfb 38x1MB) SWAP 2411/12002MB (cached 119MB) CPU [0%@1728,9%@1728,9%@1728,0%@1728,11%@1728,70%@1728] GR3D_FREQ 93% cpu@72.093C soc2@70.593C soc0@70.875C gpu@74C tj@74C soc1@71.25C VDD_IN 23237mW/23179mW VDD_CPU_GPU_CV 9920mW/9891mW VDD_SOC 6150mW/6118mW
08-04-2026 11:55:31 RAM 3726/7620MB (lfb 38x1MB) SWAP 2411/12002MB (cached 119MB) CPU [0%@1728,9%@1728,9%@1728,9%@1728,27%@1728,18%@1728] GR3D_FREQ 92% cpu@71.843C soc2@70.593C soc0@70.906C gpu@73.906C tj@73.906C soc1@71.343C VDD_IN 23197mW/23179mW VDD_CPU_GPU_CV 9880mW/9891mW VDD_SOC 6150mW/6119mW
08-04-2026 11:55:31 RAM 3726/7620MB (lfb 38x1MB) SWAP 2411/12002MB (cached 119MB) CPU [0%@1728,0%@1728,9%@1728,0%@1728,18%@1728,9%@1728] GR3D_FREQ 95% cpu@71.937C soc2@70.718C soc0@71.031C gpu@73.875C tj@73.875C soc1@71.218C VDD_IN 23116mW/23179mW VDD_CPU_GPU_CV 9880mW/9891mW VDD_SOC 6110mW/6118mW
08-04-2026 11:55:31 RAM 3726/7620MB (lfb 38x1MB) SWAP 2411/12002MB (cached 119MB) CPU [23%@1728,0%@1728,0%@1728,0%@1728,18%@1728,0%@1728] GR3D_FREQ 94% cpu@71.875C soc2@70.562C soc0@70.875C gpu@74.031C tj@74.031C soc1@71.218C VDD_IN 23116mW/23179mW VDD_CPU_GPU_CV 9896mW/9891mW VDD_SOC 6110mW/6118mW
08-04-2026 11:55:31 RAM 3726/7620MB (lfb 38x1MB) SWAP 2411/12002MB (cached 119MB) CPU [10%@1728,0%@1728,0%@1728,0%@1728,27%@1728,0%@1728] GR3D_FREQ 96% cpu@71.812C soc2@70.593C soc0@70.906C gpu@74.031C tj@74.031C soc1@71.25C VDD_IN 23156mW/23179mW VDD_CPU_GPU_CV 9896mW/9891mW VDD_SOC 6110mW/6118mW
08-04-2026 11:55:31 RAM 3726/7620MB (lfb 38x1MB) SWAP 2411/12002MB (cached 119MB) CPU [0%@1728,0%@1728,0%@1728,9%@1728,18%@1728,0%@1728] GR3D_FREQ 96% cpu@71.812C soc2@70.593C soc0@70.906C gpu@73.906C tj@73.906C soc1@71.343C VDD_IN 23156mW/23179mW VDD_CPU_GPU_CV 9896mW/9891mW VDD_SOC 6110mW/6118mW
08-04-2026 11:55:31 RAM 3726/7620MB (lfb 38x1MB) SWAP 2411/12002MB (cached 119MB) CPU [0%@1728,0%@1728,0%@1728,0%@1728,18%@1728,0%@1728] GR3D_FREQ 94% cpu@71.843C soc2@70.687C soc0@71.093C gpu@73.968C tj@73.968C soc1@71.531C VDD_IN 23197mW/23179mW VDD_CPU_GPU_CV 9936mW/9891mW VDD_SOC 6150mW/6119mW
08-04-2026 11:55:32 RAM 3726/7620MB (lfb 38x1MB) SWAP 2411/12002MB (cached 119MB) CPU [0%@1728,0%@1728,0%@1728,16%@1728,11%@1728,0%@1728] GR3D_FREQ 96% cpu@71.875C soc2@70.656C soc0@70.843C gpu@74C tj@74C soc1@71.25C VDD_IN 23156mW/23179mW VDD_CPU_GPU_CV 9936mW/9891mW VDD_SOC 6110mW/6118mW
08-04-2026 11:55:32 RAM 3726/7620MB (lfb 38x1MB) SWAP 2411/12002MB (cached 119MB) CPU [0%@1728,9%@1728,8%@1728,0%@1728,10%@1728,0%@1728] GR3D_FREQ 96% cpu@71.812C soc2@70.593C soc0@70.906C gpu@74C tj@74C soc1@71.406C VDD_IN 23197mW/23179mW VDD_CPU_GPU_CV 9936mW/9891mW VDD_SOC 6110mW/6118mW
08-04-2026 11:55:32 RAM 3726/7620MB (lfb 38x1MB) SWAP 2411/12002MB (cached 119MB) CPU [0%@1728,0%@1728,0%@1728,0%@1728,0%@1728,0%@1728] GR3D_FREQ 90% cpu@71.812C soc2@70.718C soc0@70.968C gpu@73.843C tj@73.843C soc1@71.468C VDD_IN 23197mW/23179mW VDD_CPU_GPU_CV 9896mW/9892mW VDD_SOC 6110mW/6118mW
08-04-2026 11:55:32 RAM 3726/7620MB (lfb 38x1MB) SWAP 2411/12002MB (cached 119MB) CPU [0%@1728,0%@1728,0%@1728,9%@1728,27%@1728,0%@1728] GR3D_FREQ 96% cpu@71.843C soc2@70.718C soc0@71.093C gpu@74.281C tj@74.281C soc1@71.312C VDD_IN 23197mW/23179mW VDD_CPU_GPU_CV 9936mW/9892mW VDD_SOC 6110mW/6118mW
08-04-2026 11:55:32 RAM 3726/7620MB (lfb 38x1MB) SWAP 2411/12002MB (cached 119MB) CPU [9%@1728,0%@1728,9%@1728,0%@1728,18%@1728,18%@1728] GR3D_FREQ 94% cpu@71.812C soc2@70.656C soc0@70.906C gpu@73.968C tj@73.968C soc1@71.25C VDD_IN 23156mW/23179mW VDD_CPU_GPU_CV 9856mW/9892mW VDD_SOC 6110mW/6118mW
08-04-2026 11:55:32 RAM 3726/7620MB (lfb 38x1MB) SWAP 2411/12002MB (cached 119MB) CPU [0%@1728,0%@1728,0%@1728,9%@1728,27%@1728,9%@1728] GR3D_FREQ 96% cpu@71.812C soc2@70.562C soc0@70.843C gpu@73.937C tj@73.937C soc1@71.375C VDD_IN 23197mW/23179mW VDD_CPU_GPU_CV 9896mW/9892mW VDD_SOC 6110mW/6118mW
08-04-2026 11:55:32 RAM 3726/7620MB (lfb 38x1MB) SWAP 2411/12002MB (cached 119MB) CPU [0%@1728,8%@1728,9%@1728,0%@1728,0%@1728,0%@1728] GR3D_FREQ 96% cpu@71.875C soc2@70.687C soc0@71.031C gpu@74.312C tj@74.312C soc1@71.5C VDD_IN 23116mW/23179mW VDD_CPU_GPU_CV 9856mW/9891mW VDD_SOC 6110mW/6118mW
08-04-2026 11:55:32 RAM 3726/7620MB (lfb 38x1MB) SWAP 2411/12002MB (cached 119MB) CPU [0%@1728,0%@1728,0%@1728,0%@1728,11%@1728,0%@1728] GR3D_FREQ 96% cpu@72.031C soc2@70.812C soc0@70.843C gpu@74.093C tj@74.093C soc1@71.281C VDD_IN 23197mW/23179mW VDD_CPU_GPU_CV 9896mW/9891mW VDD_SOC 6110mW/6118mW
08-04-2026 11:55:32 RAM 3726/7620MB (lfb 38x1MB) SWAP 2411/12002MB (cached 119MB) CPU [0%@1728,0%@1728,0%@1728,0%@1728,10%@1728,0%@1728] GR3D_FREQ 94% cpu@71.812C soc2@70.656C soc0@70.906C gpu@73.906C tj@73.906C soc1@71.343C VDD_IN 23156mW/23179mW VDD_CPU_GPU_CV 9856mW/9891mW VDD_SOC 6110mW/6118mW
08-04-2026 11:55:32 RAM 3726/7620MB (lfb 38x1MB) SWAP 2411/12002MB (cached 119MB) CPU [0%@1728,0%@1728,8%@1728,0%@1728,27%@1728,0%@1728] GR3D_FREQ 96% cpu@71.812C soc2@70.687C soc0@70.937C gpu@74.281C tj@74.281C soc1@71.375C VDD_IN 23156mW/23179mW VDD_CPU_GPU_CV 9856mW/9891mW VDD_SOC 6110mW/6118mW
08-04-2026 11:55:33 RAM 3726/7620MB (lfb 38x1MB) SWAP 2411/12002MB (cached 119MB) CPU [8%@1728,0%@1728,0%@1728,0%@1728,18%@1728,0%@1728] GR3D_FREQ 92% cpu@71.812C soc2@70.718C soc0@71C gpu@74.281C tj@74.281C soc1@71.5C VDD_IN 23197mW/23179mW VDD_CPU_GPU_CV 9896mW/9891mW VDD_SOC 6150mW/6118mW
08-04-2026 11:55:33 RAM 3726/7620MB (lfb 38x1MB) SWAP 2411/12002MB (cached 119MB) CPU [9%@1728,0%@1728,0%@1728,0%@1728,20%@1728,0%@1728] GR3D_FREQ 94% cpu@72.062C soc2@70.75C soc0@71.156C gpu@74.468C tj@74.468C soc1@71.531C VDD_IN 23237mW/23179mW VDD_CPU_GPU_CV 9856mW/9891mW VDD_SOC 6100mW/6118mW
08-04-2026 11:55:33 RAM 3726/7620MB (lfb 38x1MB) SWAP 2411/12002MB (cached 119MB) CPU [0%@1728,9%@1728,0%@1728,0%@1728,10%@1728,0%@1728] GR3D_FREQ 95% cpu@72.187C soc2@70.687C soc0@70.937C gpu@74.343C tj@74.343C soc1@71.281C VDD_IN 23277mW/23179mW VDD_CPU_GPU_CV 9896mW/9891mW VDD_SOC 6150mW/6118mW
08-04-2026 11:55:33 RAM 3726/7620MB (lfb 38x1MB) SWAP 2411/12002MB (cached 119MB) CPU [9%@1728,0%@1728,0%@1728,9%@1728,33%@1728,18%@1728] GR3D_FREQ 93% cpu@71.812C soc2@70.75C soc0@70.937C gpu@74C tj@74C soc1@71.375C VDD_IN 23116mW/23179mW VDD_CPU_GPU_CV 9856mW/9891mW VDD_SOC 6110mW/6118mW
