tag,experiment_name,selected_seed,mode,precision_mode,json_path,status,dataset,resolution,parameter_count,input_bank,input_shape,input_dtype,mean_ms,median_ms,p95_ms,p99_ms,repeat_median_ms_median,repeat_median_ms_std,peak_cuda_alloc_mb,peak_cuda_reserved_mb,error_type,failure_class,error_message_short
burgers_fno_base_modes12_seed1_eager_bf16_autocast,burgers_fno_base_modes12,1,eager,bf16_autocast,results/jetson_fno_precision/burgers_fno_base_modes12_seed1_eager_bf16_autocast.json,failed,,null,,artifacts/benchmark_inputs/burgers_r2048_bank.pt,null,,,,,,,,,,RuntimeError,fft_bf16_unsupported,Unsupported dtype BFloat16
burgers_fno_base_modes12_seed1_eager_fp16_autocast,burgers_fno_base_modes12,1,eager,fp16_autocast,results/jetson_fno_precision/burgers_fno_base_modes12_seed1_eager_fp16_autocast.json,failed,,null,,artifacts/benchmark_inputs/burgers_r2048_bank.pt,null,,,,,,,,,,RuntimeError,fft_fp16_non_power_of_two_size_2072,"cuFFT only supports dimensions whose sizes are powers of two when computing in half precision, but got a signal size of[2072]"
burgers_fno_base_modes12_seed1_eager_fp16_native,burgers_fno_base_modes12,1,eager,fp16_native,results/jetson_fno_precision/burgers_fno_base_modes12_seed1_eager_fp16_native.json,failed,,null,,artifacts/benchmark_inputs/burgers_r2048_bank.pt,null,,,,,,,,,,RuntimeError,fft_fp16_non_power_of_two_size_2072,"cuFFT only supports dimensions whose sizes are powers of two when computing in half precision, but got a signal size of[2072]"
burgers_fno_base_modes12_seed1_eager_fp32_strict,burgers_fno_base_modes12,1,eager,fp32_strict,results/jetson_fno_precision/burgers_fno_base_modes12_seed1_eager_fp32_strict.json,success,burgers,[2048],124945,artifacts/benchmark_inputs/burgers_r2048_bank.pt,"[1, 2048]",torch.float32,4.936387937826415,4.894654965028167,5.114533938467503,5.688313860446215,4.8954549711197615,0.02234878121693449,11.32958984375,24.0,,,
burgers_fno_base_modes12_seed1_eager_tf32,burgers_fno_base_modes12,1,eager,tf32,results/jetson_fno_precision/burgers_fno_base_modes12_seed1_eager_tf32.json,success,burgers,[2048],124945,artifacts/benchmark_inputs/burgers_r2048_bank.pt,"[1, 2048]",torch.float32,4.751312613176803,4.717417526990175,4.9749137833714485,5.163175985217094,4.717641277238727,0.013408135308603996,11.32958984375,24.0,,,
burgers_fno_base_modes12_seed1_torchscript_bf16_autocast,burgers_fno_base_modes12,1,torchscript,bf16_autocast,results/jetson_fno_precision/burgers_fno_base_modes12_seed1_torchscript_bf16_autocast.json,failed,,null,,artifacts/benchmark_inputs/burgers_r2048_bank.pt,null,,,,,,,,,,RuntimeError,fft_bf16_unsupported,"The following operation failed in the TorchScript interpreter. Traceback of TorchScript, serialized code (most recent call last):   File ""code/__torch__/src/eval/common.py"", line 26, in forward         x1 = x0       model = self.model       y = (model).forward(x1, )            ~~~~~~~~~~~~~~ <--- HE"
burgers_fno_base_modes12_seed1_torchscript_fp16_autocast,burgers_fno_base_modes12,1,torchscript,fp16_autocast,results/jetson_fno_precision/burgers_fno_base_modes12_seed1_torchscript_fp16_autocast.json,failed,,null,,artifacts/benchmark_inputs/burgers_r2048_bank.pt,null,,,,,,,,,,RuntimeError,fft_fp16_non_power_of_two_size_2072,"The following operation failed in the TorchScript interpreter. Traceback of TorchScript, serialized code (most recent call last):   File ""code/__torch__/src/eval/common.py"", line 26, in forward         x1 = x0       model = self.model       y = (model).forward(x1, )            ~~~~~~~~~~~~~~ <--- HE"
burgers_fno_base_modes12_seed1_torchscript_fp16_native,burgers_fno_base_modes12,1,torchscript,fp16_native,results/jetson_fno_precision/burgers_fno_base_modes12_seed1_torchscript_fp16_native.json,failed,,null,,artifacts/benchmark_inputs/burgers_r2048_bank.pt,null,,,,,,,,,,RuntimeError,fft_fp16_non_power_of_two_size_2072,"The following operation failed in the TorchScript interpreter. Traceback of TorchScript, serialized code (most recent call last):   File ""code/__torch__/src/eval/common.py"", line 26, in forward         x1 = x0       model = self.model       y = (model).forward(x1, )            ~~~~~~~~~~~~~~ <--- HE"
burgers_fno_base_modes12_seed1_torchscript_fp32_strict,burgers_fno_base_modes12,1,torchscript,fp32_strict,results/jetson_fno_precision/burgers_fno_base_modes12_seed1_torchscript_fp32_strict.json,success,burgers,[2048],124945,artifacts/benchmark_inputs/burgers_r2048_bank.pt,"[1, 2048]",torch.float32,3.4553480815763273,3.429007949307561,3.5146428272128105,3.991458099335432,3.4236633218824863,0.015986007997758393,10.93408203125,24.0,,,
burgers_fno_base_modes12_seed1_torchscript_tf32,burgers_fno_base_modes12,1,torchscript,tf32,results/jetson_fno_precision/burgers_fno_base_modes12_seed1_torchscript_tf32.json,success,burgers,[2048],124945,artifacts/benchmark_inputs/burgers_r2048_bank.pt,"[1, 2048]",torch.float32,3.2851157911742725,3.2388418912887573,3.315947949886322,4.560660105198622,3.238826058804989,0.0027087989539813424,10.93408203125,24.0,,,
burgers_fno_base_modes16_seed2_eager_bf16_autocast,burgers_fno_base_modes16,2,eager,bf16_autocast,results/jetson_fno_precision/burgers_fno_base_modes16_seed2_eager_bf16_autocast.json,failed,,null,,artifacts/benchmark_inputs/burgers_r2048_bank.pt,null,,,,,,,,,,RuntimeError,fft_bf16_unsupported,Unsupported dtype BFloat16
burgers_fno_base_modes16_seed2_eager_fp16_autocast,burgers_fno_base_modes16,2,eager,fp16_autocast,results/jetson_fno_precision/burgers_fno_base_modes16_seed2_eager_fp16_autocast.json,failed,,null,,artifacts/benchmark_inputs/burgers_r2048_bank.pt,null,,,,,,,,,,RuntimeError,fft_fp16_non_power_of_two_size_2072,"cuFFT only supports dimensions whose sizes are powers of two when computing in half precision, but got a signal size of[2072]"
burgers_fno_base_modes16_seed2_eager_fp16_native,burgers_fno_base_modes16,2,eager,fp16_native,results/jetson_fno_precision/burgers_fno_base_modes16_seed2_eager_fp16_native.json,failed,,null,,artifacts/benchmark_inputs/burgers_r2048_bank.pt,null,,,,,,,,,,RuntimeError,fft_fp16_non_power_of_two_size_2072,"cuFFT only supports dimensions whose sizes are powers of two when computing in half precision, but got a signal size of[2072]"
burgers_fno_base_modes16_seed2_eager_fp32_strict,burgers_fno_base_modes16,2,eager,fp32_strict,results/jetson_fno_precision/burgers_fno_base_modes16_seed2_eager_fp32_strict.json,success,burgers,[2048],161809,artifacts/benchmark_inputs/burgers_r2048_bank.pt,"[1, 2048]",torch.float32,4.958534009444217,4.91611217148602,5.198025144636631,5.466482136398554,4.90217562764883,0.011989110848809437,11.61083984375,24.0,,,
burgers_fno_base_modes16_seed2_eager_tf32,burgers_fno_base_modes16,2,eager,tf32,results/jetson_fno_precision/burgers_fno_base_modes16_seed2_eager_tf32.json,success,burgers,[2048],161809,artifacts/benchmark_inputs/burgers_r2048_bank.pt,"[1, 2048]",torch.float32,4.8385540302842855,4.810892976820469,4.966817796230316,5.867582745850086,4.814333049580455,0.008812862514340665,11.61083984375,24.0,,,
burgers_fno_base_modes16_seed2_torchscript_bf16_autocast,burgers_fno_base_modes16,2,torchscript,bf16_autocast,results/jetson_fno_precision/burgers_fno_base_modes16_seed2_torchscript_bf16_autocast.json,failed,,null,,artifacts/benchmark_inputs/burgers_r2048_bank.pt,null,,,,,,,,,,RuntimeError,fft_bf16_unsupported,"The following operation failed in the TorchScript interpreter. Traceback of TorchScript, serialized code (most recent call last):   File ""code/__torch__/src/eval/common.py"", line 26, in forward         x1 = x0       model = self.model       y = (model).forward(x1, )            ~~~~~~~~~~~~~~ <--- HE"
burgers_fno_base_modes16_seed2_torchscript_fp16_autocast,burgers_fno_base_modes16,2,torchscript,fp16_autocast,results/jetson_fno_precision/burgers_fno_base_modes16_seed2_torchscript_fp16_autocast.json,failed,,null,,artifacts/benchmark_inputs/burgers_r2048_bank.pt,null,,,,,,,,,,RuntimeError,fft_fp16_non_power_of_two_size_2072,"The following operation failed in the TorchScript interpreter. Traceback of TorchScript, serialized code (most recent call last):   File ""code/__torch__/src/eval/common.py"", line 26, in forward         x1 = x0       model = self.model       y = (model).forward(x1, )            ~~~~~~~~~~~~~~ <--- HE"
burgers_fno_base_modes16_seed2_torchscript_fp16_native,burgers_fno_base_modes16,2,torchscript,fp16_native,results/jetson_fno_precision/burgers_fno_base_modes16_seed2_torchscript_fp16_native.json,failed,,null,,artifacts/benchmark_inputs/burgers_r2048_bank.pt,null,,,,,,,,,,RuntimeError,fft_fp16_non_power_of_two_size_2072,"The following operation failed in the TorchScript interpreter. Traceback of TorchScript, serialized code (most recent call last):   File ""code/__torch__/src/eval/common.py"", line 26, in forward         x1 = x0       model = self.model       y = (model).forward(x1, )            ~~~~~~~~~~~~~~ <--- HE"
burgers_fno_base_modes16_seed2_torchscript_fp32_strict,burgers_fno_base_modes16,2,torchscript,fp32_strict,results/jetson_fno_precision/burgers_fno_base_modes16_seed2_torchscript_fp32_strict.json,success,burgers,[2048],161809,artifacts/benchmark_inputs/burgers_r2048_bank.pt,"[1, 2048]",torch.float32,3.518416752728323,3.3972470555454493,4.008835181593895,5.086246412247419,3.388734068721533,0.024960308971767393,11.21533203125,24.0,,,
burgers_fno_base_modes16_seed2_torchscript_tf32,burgers_fno_base_modes16,2,torchscript,tf32,results/jetson_fno_precision/burgers_fno_base_modes16_seed2_torchscript_tf32.json,success,burgers,[2048],161809,artifacts/benchmark_inputs/burgers_r2048_bank.pt,"[1, 2048]",torch.float32,3.1879272296403847,3.165318863466382,3.241961821913719,3.6598630249500275,3.1646955758333206,0.001284697313865669,11.21533203125,24.0,,,
burgers_fno_base_modes32_seed1_eager_bf16_autocast,burgers_fno_base_modes32,1,eager,bf16_autocast,results/jetson_fno_precision/burgers_fno_base_modes32_seed1_eager_bf16_autocast.json,failed,,null,,artifacts/benchmark_inputs/burgers_r2048_bank.pt,null,,,,,,,,,,RuntimeError,fft_bf16_unsupported,Unsupported dtype BFloat16
burgers_fno_base_modes32_seed1_eager_fp16_autocast,burgers_fno_base_modes32,1,eager,fp16_autocast,results/jetson_fno_precision/burgers_fno_base_modes32_seed1_eager_fp16_autocast.json,failed,,null,,artifacts/benchmark_inputs/burgers_r2048_bank.pt,null,,,,,,,,,,RuntimeError,fft_fp16_non_power_of_two_size_2072,"cuFFT only supports dimensions whose sizes are powers of two when computing in half precision, but got a signal size of[2072]"
burgers_fno_base_modes32_seed1_eager_fp16_native,burgers_fno_base_modes32,1,eager,fp16_native,results/jetson_fno_precision/burgers_fno_base_modes32_seed1_eager_fp16_native.json,failed,,null,,artifacts/benchmark_inputs/burgers_r2048_bank.pt,null,,,,,,,,,,RuntimeError,fft_fp16_non_power_of_two_size_2072,"cuFFT only supports dimensions whose sizes are powers of two when computing in half precision, but got a signal size of[2072]"
burgers_fno_base_modes32_seed1_eager_fp32_strict,burgers_fno_base_modes32,1,eager,fp32_strict,results/jetson_fno_precision/burgers_fno_base_modes32_seed1_eager_fp32_strict.json,success,burgers,[2048],309265,artifacts/benchmark_inputs/burgers_r2048_bank.pt,"[1, 2048]",torch.float32,4.955946815510591,4.892207449302077,5.3112138994038105,6.129960063844919,4.871071083471179,0.03270300535346456,12.73583984375,26.0,,,
burgers_fno_base_modes32_seed1_eager_tf32,burgers_fno_base_modes32,1,eager,tf32,results/jetson_fno_precision/burgers_fno_base_modes32_seed1_eager_tf32.json,success,burgers,[2048],309265,artifacts/benchmark_inputs/burgers_r2048_bank.pt,"[1, 2048]",torch.float32,4.805332470374803,4.755995236337185,4.979235120117664,5.733370780944824,4.7615154180675745,0.006313641601960755,12.73583984375,26.0,,,
burgers_fno_base_modes32_seed1_torchscript_bf16_autocast,burgers_fno_base_modes32,1,torchscript,bf16_autocast,results/jetson_fno_precision/burgers_fno_base_modes32_seed1_torchscript_bf16_autocast.json,failed,,null,,artifacts/benchmark_inputs/burgers_r2048_bank.pt,null,,,,,,,,,,RuntimeError,fft_bf16_unsupported,"The following operation failed in the TorchScript interpreter. Traceback of TorchScript, serialized code (most recent call last):   File ""code/__torch__/src/eval/common.py"", line 26, in forward         x1 = x0       model = self.model       y = (model).forward(x1, )            ~~~~~~~~~~~~~~ <--- HE"
burgers_fno_base_modes32_seed1_torchscript_fp16_autocast,burgers_fno_base_modes32,1,torchscript,fp16_autocast,results/jetson_fno_precision/burgers_fno_base_modes32_seed1_torchscript_fp16_autocast.json,failed,,null,,artifacts/benchmark_inputs/burgers_r2048_bank.pt,null,,,,,,,,,,RuntimeError,fft_fp16_non_power_of_two_size_2072,"The following operation failed in the TorchScript interpreter. Traceback of TorchScript, serialized code (most recent call last):   File ""code/__torch__/src/eval/common.py"", line 26, in forward         x1 = x0       model = self.model       y = (model).forward(x1, )            ~~~~~~~~~~~~~~ <--- HE"
burgers_fno_base_modes32_seed1_torchscript_fp16_native,burgers_fno_base_modes32,1,torchscript,fp16_native,results/jetson_fno_precision/burgers_fno_base_modes32_seed1_torchscript_fp16_native.json,failed,,null,,artifacts/benchmark_inputs/burgers_r2048_bank.pt,null,,,,,,,,,,RuntimeError,fft_fp16_non_power_of_two_size_2072,"The following operation failed in the TorchScript interpreter. Traceback of TorchScript, serialized code (most recent call last):   File ""code/__torch__/src/eval/common.py"", line 26, in forward         x1 = x0       model = self.model       y = (model).forward(x1, )            ~~~~~~~~~~~~~~ <--- HE"
burgers_fno_base_modes32_seed1_torchscript_fp32_strict,burgers_fno_base_modes32,1,torchscript,fp32_strict,results/jetson_fno_precision/burgers_fno_base_modes32_seed1_torchscript_fp32_strict.json,success,burgers,[2048],309265,artifacts/benchmark_inputs/burgers_r2048_bank.pt,"[1, 2048]",torch.float32,3.4581317845731974,3.455952974036336,3.517555072903633,3.5528200678527355,3.456688951700926,0.01033657142215104,12.34033203125,26.0,,,
burgers_fno_base_modes32_seed1_torchscript_tf32,burgers_fno_base_modes32,1,torchscript,tf32,results/jetson_fno_precision/burgers_fno_base_modes32_seed1_torchscript_tf32.json,success,burgers,[2048],309265,artifacts/benchmark_inputs/burgers_r2048_bank.pt,"[1, 2048]",torch.float32,3.2903562067076564,3.286251798272133,3.3487812615931034,3.398990724235773,3.2848110422492027,0.005921577765052596,12.34033203125,26.0,,,
burgers_fno_base_nocoords_seed0_eager_bf16_autocast,burgers_fno_base_nocoords,0,eager,bf16_autocast,results/jetson_fno_precision/burgers_fno_base_nocoords_seed0_eager_bf16_autocast.json,failed,,null,,artifacts/benchmark_inputs/burgers_r2048_bank.pt,null,,,,,,,,,,RuntimeError,fft_bf16_unsupported,Unsupported dtype BFloat16
burgers_fno_base_nocoords_seed0_eager_fp16_autocast,burgers_fno_base_nocoords,0,eager,fp16_autocast,results/jetson_fno_precision/burgers_fno_base_nocoords_seed0_eager_fp16_autocast.json,failed,,null,,artifacts/benchmark_inputs/burgers_r2048_bank.pt,null,,,,,,,,,,RuntimeError,fft_fp16_non_power_of_two_size_2072,"cuFFT only supports dimensions whose sizes are powers of two when computing in half precision, but got a signal size of[2072]"
burgers_fno_base_nocoords_seed0_eager_fp16_native,burgers_fno_base_nocoords,0,eager,fp16_native,results/jetson_fno_precision/burgers_fno_base_nocoords_seed0_eager_fp16_native.json,failed,,null,,artifacts/benchmark_inputs/burgers_r2048_bank.pt,null,,,,,,,,,,RuntimeError,fft_fp16_non_power_of_two_size_2072,"cuFFT only supports dimensions whose sizes are powers of two when computing in half precision, but got a signal size of[2072]"
burgers_fno_base_nocoords_seed0_eager_fp32_strict,burgers_fno_base_nocoords,0,eager,fp32_strict,results/jetson_fno_precision/burgers_fno_base_nocoords_seed0_eager_fp32_strict.json,success,burgers,[2048],235489,artifacts/benchmark_inputs/burgers_r2048_bank.pt,"[1, 2048]",torch.float32,4.915116839110851,4.893071949481964,5.023685283958912,5.278509110212326,4.890015814453363,0.010761534125711278,12.16552734375,26.0,,,
burgers_fno_base_nocoords_seed0_eager_tf32,burgers_fno_base_nocoords,0,eager,tf32,results/jetson_fno_precision/burgers_fno_base_nocoords_seed0_eager_tf32.json,success,burgers,[2048],235489,artifacts/benchmark_inputs/burgers_r2048_bank.pt,"[1, 2048]",torch.float32,4.867468752587835,4.8254861030727625,5.0833988934755325,6.040581967681646,4.825085401535034,0.007766653913640438,12.16552734375,26.0,,,
burgers_fno_base_nocoords_seed0_torchscript_bf16_autocast,burgers_fno_base_nocoords,0,torchscript,bf16_autocast,results/jetson_fno_precision/burgers_fno_base_nocoords_seed0_torchscript_bf16_autocast.json,failed,,null,,artifacts/benchmark_inputs/burgers_r2048_bank.pt,null,,,,,,,,,,RuntimeError,fft_bf16_unsupported,"The following operation failed in the TorchScript interpreter. Traceback of TorchScript, serialized code (most recent call last):   File ""code/__torch__/src/eval/common.py"", line 26, in forward         x1 = x0       model = self.model       y = (model).forward(x1, )            ~~~~~~~~~~~~~~ <--- HE"
burgers_fno_base_nocoords_seed0_torchscript_fp16_autocast,burgers_fno_base_nocoords,0,torchscript,fp16_autocast,results/jetson_fno_precision/burgers_fno_base_nocoords_seed0_torchscript_fp16_autocast.json,failed,,null,,artifacts/benchmark_inputs/burgers_r2048_bank.pt,null,,,,,,,,,,RuntimeError,fft_fp16_non_power_of_two_size_2072,"The following operation failed in the TorchScript interpreter. Traceback of TorchScript, serialized code (most recent call last):   File ""code/__torch__/src/eval/common.py"", line 26, in forward         x1 = x0       model = self.model       y = (model).forward(x1, )            ~~~~~~~~~~~~~~ <--- HE"
burgers_fno_base_nocoords_seed0_torchscript_fp16_native,burgers_fno_base_nocoords,0,torchscript,fp16_native,results/jetson_fno_precision/burgers_fno_base_nocoords_seed0_torchscript_fp16_native.json,failed,,null,,artifacts/benchmark_inputs/burgers_r2048_bank.pt,null,,,,,,,,,,RuntimeError,fft_fp16_non_power_of_two_size_2072,"The following operation failed in the TorchScript interpreter. Traceback of TorchScript, serialized code (most recent call last):   File ""code/__torch__/src/eval/common.py"", line 26, in forward         x1 = x0       model = self.model       y = (model).forward(x1, )            ~~~~~~~~~~~~~~ <--- HE"
burgers_fno_base_nocoords_seed0_torchscript_fp32_strict,burgers_fno_base_nocoords,0,torchscript,fp32_strict,results/jetson_fno_precision/burgers_fno_base_nocoords_seed0_torchscript_fp32_strict.json,success,burgers,[2048],235489,artifacts/benchmark_inputs/burgers_r2048_bank.pt,"[1, 2048]",torch.float32,3.3579596939186254,3.3249245025217533,3.453425131738186,4.199434071779251,3.312059910967946,0.03444002516005751,11.77783203125,26.0,,,
burgers_fno_base_nocoords_seed0_torchscript_tf32,burgers_fno_base_nocoords,0,torchscript,tf32,results/jetson_fno_precision/burgers_fno_base_nocoords_seed0_torchscript_tf32.json,success,burgers,[2048],235489,artifacts/benchmark_inputs/burgers_r2048_bank.pt,"[1, 2048]",torch.float32,3.193379983616372,3.15871206112206,3.302732016891241,4.171847831457853,3.1548389233648777,0.011896305863504208,11.77783203125,26.0,,,
burgers_fno_base_pad0_seed1_eager_bf16_autocast,burgers_fno_base_pad0,1,eager,bf16_autocast,results/jetson_fno_precision/burgers_fno_base_pad0_seed1_eager_bf16_autocast.json,failed,,null,,artifacts/benchmark_inputs/burgers_r2048_bank.pt,null,,,,,,,,,,RuntimeError,fft_bf16_unsupported,Unsupported dtype BFloat16
burgers_fno_base_pad0_seed1_eager_fp16_autocast,burgers_fno_base_pad0,1,eager,fp16_autocast,results/jetson_fno_precision/burgers_fno_base_pad0_seed1_eager_fp16_autocast.json,failed,,null,,artifacts/benchmark_inputs/burgers_r2048_bank.pt,null,,,,,,,,,,RuntimeError,dtype_mismatch,expected scalar type ComplexFloat but found ComplexHalf
burgers_fno_base_pad0_seed1_eager_fp16_native,burgers_fno_base_pad0,1,eager,fp16_native,results/jetson_fno_precision/burgers_fno_base_pad0_seed1_eager_fp16_native.json,failed,,null,,artifacts/benchmark_inputs/burgers_r2048_bank.pt,null,,,,,,,,,,RuntimeError,dtype_mismatch,expected scalar type ComplexFloat but found ComplexHalf
burgers_fno_base_pad0_seed1_eager_fp32_strict,burgers_fno_base_pad0,1,eager,fp32_strict,results/jetson_fno_precision/burgers_fno_base_pad0_seed1_eager_fp32_strict.json,success,burgers,[2048],235537,artifacts/benchmark_inputs/burgers_r2048_bank.pt,"[1, 2048]",torch.float32,4.80517513739566,4.785724449902773,4.868319258093834,4.905089270323515,4.784636665135622,0.012709230546259689,12.14697265625,26.0,,,
burgers_fno_base_pad0_seed1_eager_tf32,burgers_fno_base_pad0,1,eager,tf32,results/jetson_fno_precision/burgers_fno_base_pad0_seed1_eager_tf32.json,success,burgers,[2048],235537,artifacts/benchmark_inputs/burgers_r2048_bank.pt,"[1, 2048]",torch.float32,4.603881284904976,4.566405899822712,4.82841394841671,5.431186407804489,4.557109205052257,0.020282053756311737,12.14697265625,26.0,,,
burgers_fno_base_pad0_seed1_torchscript_bf16_autocast,burgers_fno_base_pad0,1,torchscript,bf16_autocast,results/jetson_fno_precision/burgers_fno_base_pad0_seed1_torchscript_bf16_autocast.json,failed,,null,,artifacts/benchmark_inputs/burgers_r2048_bank.pt,null,,,,,,,,,,RuntimeError,fft_bf16_unsupported,"The following operation failed in the TorchScript interpreter. Traceback of TorchScript, serialized code (most recent call last):   File ""code/__torch__/src/eval/common.py"", line 26, in forward         x1 = x0       model = self.model       y = (model).forward(x1, )            ~~~~~~~~~~~~~~ <--- HE"
burgers_fno_base_pad0_seed1_torchscript_fp16_autocast,burgers_fno_base_pad0,1,torchscript,fp16_autocast,results/jetson_fno_precision/burgers_fno_base_pad0_seed1_torchscript_fp16_autocast.json,failed,,null,,artifacts/benchmark_inputs/burgers_r2048_bank.pt,null,,,,,,,,,,RuntimeError,dtype_mismatch,"The following operation failed in the TorchScript interpreter. Traceback of TorchScript, serialized code (most recent call last):   File ""code/__torch__/src/eval/common.py"", line 26, in forward         x1 = x0       model = self.model       y = (model).forward(x1, )            ~~~~~~~~~~~~~~ <--- HE"
burgers_fno_base_pad0_seed1_torchscript_fp16_native,burgers_fno_base_pad0,1,torchscript,fp16_native,results/jetson_fno_precision/burgers_fno_base_pad0_seed1_torchscript_fp16_native.json,failed,,null,,artifacts/benchmark_inputs/burgers_r2048_bank.pt,null,,,,,,,,,,RuntimeError,dtype_mismatch,"The following operation failed in the TorchScript interpreter. Traceback of TorchScript, serialized code (most recent call last):   File ""code/__torch__/src/eval/common.py"", line 26, in forward         x1 = x0       model = self.model       y = (model).forward(x1, )            ~~~~~~~~~~~~~~ <--- HE"
burgers_fno_base_pad0_seed1_torchscript_fp32_strict,burgers_fno_base_pad0,1,torchscript,fp32_strict,results/jetson_fno_precision/burgers_fno_base_pad0_seed1_torchscript_fp32_strict.json,success,burgers,[2048],235537,artifacts/benchmark_inputs/burgers_r2048_bank.pt,"[1, 2048]",torch.float32,3.1726159636552134,3.1241346150636673,3.412719815969467,3.820061217993498,3.1167578417807817,0.03557563238992669,11.755859375,24.0,,,
burgers_fno_base_pad0_seed1_torchscript_tf32,burgers_fno_base_pad0,1,torchscript,tf32,results/jetson_fno_precision/burgers_fno_base_pad0_seed1_torchscript_tf32.json,success,burgers,[2048],235537,artifacts/benchmark_inputs/burgers_r2048_bank.pt,"[1, 2048]",torch.float32,2.9368835454806685,2.914159558713436,3.0348836444318295,3.181959968060255,2.9093429911881685,0.01325592567775266,11.755859375,24.0,,,
burgers_fno_base_pad40_seed1_eager_bf16_autocast,burgers_fno_base_pad40,1,eager,bf16_autocast,results/jetson_fno_precision/burgers_fno_base_pad40_seed1_eager_bf16_autocast.json,failed,,null,,artifacts/benchmark_inputs/burgers_r2048_bank.pt,null,,,,,,,,,,RuntimeError,fft_bf16_unsupported,Unsupported dtype BFloat16
burgers_fno_base_pad40_seed1_eager_fp16_autocast,burgers_fno_base_pad40,1,eager,fp16_autocast,results/jetson_fno_precision/burgers_fno_base_pad40_seed1_eager_fp16_autocast.json,failed,,null,,artifacts/benchmark_inputs/burgers_r2048_bank.pt,null,,,,,,,,,,RuntimeError,fft_fp16_non_power_of_two_size_2088,"cuFFT only supports dimensions whose sizes are powers of two when computing in half precision, but got a signal size of[2088]"
burgers_fno_base_pad40_seed1_eager_fp16_native,burgers_fno_base_pad40,1,eager,fp16_native,results/jetson_fno_precision/burgers_fno_base_pad40_seed1_eager_fp16_native.json,failed,,null,,artifacts/benchmark_inputs/burgers_r2048_bank.pt,null,,,,,,,,,,RuntimeError,fft_fp16_non_power_of_two_size_2088,"cuFFT only supports dimensions whose sizes are powers of two when computing in half precision, but got a signal size of[2088]"
burgers_fno_base_pad40_seed1_eager_fp32_strict,burgers_fno_base_pad40,1,eager,fp32_strict,results/jetson_fno_precision/burgers_fno_base_pad40_seed1_eager_fp32_strict.json,success,burgers,[2048],235537,artifacts/benchmark_inputs/burgers_r2048_bank.pt,"[1, 2048]",torch.float32,4.958246760070324,4.927312955260277,5.167338065803051,5.418672692030668,4.930466180667281,0.020927693900095478,12.1904296875,26.0,,,
burgers_fno_base_pad40_seed1_eager_tf32,burgers_fno_base_pad40,1,eager,tf32,results/jetson_fno_precision/burgers_fno_base_pad40_seed1_eager_tf32.json,success,burgers,[2048],235537,artifacts/benchmark_inputs/burgers_r2048_bank.pt,"[1, 2048]",torch.float32,4.912380734458566,4.854799015447497,5.212875083088875,5.981187801808119,4.8535349778831005,0.006142256753547192,12.1904296875,26.0,,,
burgers_fno_base_pad40_seed1_torchscript_bf16_autocast,burgers_fno_base_pad40,1,torchscript,bf16_autocast,results/jetson_fno_precision/burgers_fno_base_pad40_seed1_torchscript_bf16_autocast.json,failed,,null,,artifacts/benchmark_inputs/burgers_r2048_bank.pt,null,,,,,,,,,,RuntimeError,fft_bf16_unsupported,"The following operation failed in the TorchScript interpreter. Traceback of TorchScript, serialized code (most recent call last):   File ""code/__torch__/src/eval/common.py"", line 26, in forward         x1 = x0       model = self.model       y = (model).forward(x1, )            ~~~~~~~~~~~~~~ <--- HE"
burgers_fno_base_pad40_seed1_torchscript_fp16_autocast,burgers_fno_base_pad40,1,torchscript,fp16_autocast,results/jetson_fno_precision/burgers_fno_base_pad40_seed1_torchscript_fp16_autocast.json,failed,,null,,artifacts/benchmark_inputs/burgers_r2048_bank.pt,null,,,,,,,,,,RuntimeError,fft_fp16_non_power_of_two_size_2088,"The following operation failed in the TorchScript interpreter. Traceback of TorchScript, serialized code (most recent call last):   File ""code/__torch__/src/eval/common.py"", line 26, in forward         x1 = x0       model = self.model       y = (model).forward(x1, )            ~~~~~~~~~~~~~~ <--- HE"
burgers_fno_base_pad40_seed1_torchscript_fp16_native,burgers_fno_base_pad40,1,torchscript,fp16_native,results/jetson_fno_precision/burgers_fno_base_pad40_seed1_torchscript_fp16_native.json,failed,,null,,artifacts/benchmark_inputs/burgers_r2048_bank.pt,null,,,,,,,,,,RuntimeError,fft_fp16_non_power_of_two_size_2088,"The following operation failed in the TorchScript interpreter. Traceback of TorchScript, serialized code (most recent call last):   File ""code/__torch__/src/eval/common.py"", line 26, in forward         x1 = x0       model = self.model       y = (model).forward(x1, )            ~~~~~~~~~~~~~~ <--- HE"
burgers_fno_base_pad40_seed1_torchscript_fp32_strict,burgers_fno_base_pad40,1,torchscript,fp32_strict,results/jetson_fno_precision/burgers_fno_base_pad40_seed1_torchscript_fp32_strict.json,success,burgers,[2048],235537,artifacts/benchmark_inputs/burgers_r2048_bank.pt,"[1, 2048]",torch.float32,3.4242373456557593,3.3934228122234344,3.5000499337911606,4.414929077029228,3.3888150937855244,0.01963881761456916,11.7919921875,26.0,,,
burgers_fno_base_pad40_seed1_torchscript_tf32,burgers_fno_base_pad40,1,torchscript,tf32,results/jetson_fno_precision/burgers_fno_base_pad40_seed1_torchscript_tf32.json,success,burgers,[2048],235537,artifacts/benchmark_inputs/burgers_r2048_bank.pt,"[1, 2048]",torch.float32,3.108402482854823,3.072149120271206,3.247818909585476,3.8291499949991703,3.0720687936991453,0.015582528182725099,11.7919921875,26.0,,,
burgers_fno_base_r1024_seed0_eager_bf16_autocast,burgers_fno_base_r1024,0,eager,bf16_autocast,results/jetson_fno_precision/burgers_fno_base_r1024_seed0_eager_bf16_autocast.json,failed,,null,,artifacts/benchmark_inputs/burgers_r1024_bank.pt,null,,,,,,,,,,RuntimeError,fft_bf16_unsupported,Unsupported dtype BFloat16
burgers_fno_base_r1024_seed0_eager_fp16_autocast,burgers_fno_base_r1024,0,eager,fp16_autocast,results/jetson_fno_precision/burgers_fno_base_r1024_seed0_eager_fp16_autocast.json,failed,,null,,artifacts/benchmark_inputs/burgers_r1024_bank.pt,null,,,,,,,,,,RuntimeError,fft_fp16_non_power_of_two_size_1048,"cuFFT only supports dimensions whose sizes are powers of two when computing in half precision, but got a signal size of[1048]"
burgers_fno_base_r1024_seed0_eager_fp16_native,burgers_fno_base_r1024,0,eager,fp16_native,results/jetson_fno_precision/burgers_fno_base_r1024_seed0_eager_fp16_native.json,failed,,null,,artifacts/benchmark_inputs/burgers_r1024_bank.pt,null,,,,,,,,,,RuntimeError,fft_fp16_non_power_of_two_size_1048,"cuFFT only supports dimensions whose sizes are powers of two when computing in half precision, but got a signal size of[1048]"
burgers_fno_base_r1024_seed0_eager_fp32_strict,burgers_fno_base_r1024,0,eager,fp32_strict,results/jetson_fno_precision/burgers_fno_base_r1024_seed0_eager_fp32_strict.json,success,burgers,[1024],235537,artifacts/benchmark_inputs/burgers_r1024_bank.pt,"[1, 1024]",torch.float32,4.811403340039154,4.747132072225213,5.103494040668011,5.870329216122627,4.748619860038161,0.03018434321649561,11.07080078125,24.0,,,
burgers_fno_base_r1024_seed0_eager_tf32,burgers_fno_base_r1024,0,eager,tf32,results/jetson_fno_precision/burgers_fno_base_r1024_seed0_eager_tf32.json,success,burgers,[1024],235537,artifacts/benchmark_inputs/burgers_r1024_bank.pt,"[1, 1024]",torch.float32,4.741246402263641,4.714315291494131,4.971810150891542,5.361836403608322,4.714315291494131,0.0016040972592339332,11.07080078125,24.0,,,
burgers_fno_base_r1024_seed0_torchscript_bf16_autocast,burgers_fno_base_r1024,0,torchscript,bf16_autocast,results/jetson_fno_precision/burgers_fno_base_r1024_seed0_torchscript_bf16_autocast.json,failed,,null,,artifacts/benchmark_inputs/burgers_r1024_bank.pt,null,,,,,,,,,,RuntimeError,fft_bf16_unsupported,"The following operation failed in the TorchScript interpreter. Traceback of TorchScript, serialized code (most recent call last):   File ""code/__torch__/src/eval/common.py"", line 26, in forward         x1 = x0       model = self.model       y = (model).forward(x1, )            ~~~~~~~~~~~~~~ <--- HE"
burgers_fno_base_r1024_seed0_torchscript_fp16_autocast,burgers_fno_base_r1024,0,torchscript,fp16_autocast,results/jetson_fno_precision/burgers_fno_base_r1024_seed0_torchscript_fp16_autocast.json,failed,,null,,artifacts/benchmark_inputs/burgers_r1024_bank.pt,null,,,,,,,,,,RuntimeError,fft_fp16_non_power_of_two_size_1048,"The following operation failed in the TorchScript interpreter. Traceback of TorchScript, serialized code (most recent call last):   File ""code/__torch__/src/eval/common.py"", line 26, in forward         x1 = x0       model = self.model       y = (model).forward(x1, )            ~~~~~~~~~~~~~~ <--- HE"
burgers_fno_base_r1024_seed0_torchscript_fp16_native,burgers_fno_base_r1024,0,torchscript,fp16_native,results/jetson_fno_precision/burgers_fno_base_r1024_seed0_torchscript_fp16_native.json,failed,,null,,artifacts/benchmark_inputs/burgers_r1024_bank.pt,null,,,,,,,,,,RuntimeError,fft_fp16_non_power_of_two_size_1048,"The following operation failed in the TorchScript interpreter. Traceback of TorchScript, serialized code (most recent call last):   File ""code/__torch__/src/eval/common.py"", line 26, in forward         x1 = x0       model = self.model       y = (model).forward(x1, )            ~~~~~~~~~~~~~~ <--- HE"
burgers_fno_base_r1024_seed0_torchscript_fp32_strict,burgers_fno_base_r1024,0,torchscript,fp32_strict,results/jetson_fno_precision/burgers_fno_base_r1024_seed0_torchscript_fp32_strict.json,success,burgers,[1024],235537,artifacts/benchmark_inputs/burgers_r1024_bank.pt,"[1, 1024]",torch.float32,3.2922576988736787,3.2433976884931326,3.4310659393668175,4.6439943835139275,3.2462459057569504,0.014791855650445556,11.07080078125,24.0,,,
burgers_fno_base_r1024_seed0_torchscript_tf32,burgers_fno_base_r1024,0,torchscript,tf32,results/jetson_fno_precision/burgers_fno_base_r1024_seed0_torchscript_tf32.json,success,burgers,[1024],235537,artifacts/benchmark_inputs/burgers_r1024_bank.pt,"[1, 1024]",torch.float32,3.1326833367347717,3.100321860983968,3.2573980279266834,4.068299196660519,3.0970738735049963,0.008261853656062683,11.07080078125,24.0,,,
burgers_fno_base_r2048_seed2_eager_bf16_autocast,burgers_fno_base_r2048,2,eager,bf16_autocast,results/jetson_fno_precision/burgers_fno_base_r2048_seed2_eager_bf16_autocast.json,failed,,null,,artifacts/benchmark_inputs/burgers_r2048_bank.pt,null,,,,,,,,,,RuntimeError,fft_bf16_unsupported,Unsupported dtype BFloat16
burgers_fno_base_r2048_seed2_eager_fp16_autocast,burgers_fno_base_r2048,2,eager,fp16_autocast,results/jetson_fno_precision/burgers_fno_base_r2048_seed2_eager_fp16_autocast.json,failed,,null,,artifacts/benchmark_inputs/burgers_r2048_bank.pt,null,,,,,,,,,,RuntimeError,fft_fp16_non_power_of_two_size_2072,"cuFFT only supports dimensions whose sizes are powers of two when computing in half precision, but got a signal size of[2072]"
burgers_fno_base_r2048_seed2_eager_fp16_native,burgers_fno_base_r2048,2,eager,fp16_native,results/jetson_fno_precision/burgers_fno_base_r2048_seed2_eager_fp16_native.json,failed,,null,,artifacts/benchmark_inputs/burgers_r2048_bank.pt,null,,,,,,,,,,RuntimeError,fft_fp16_non_power_of_two_size_2072,"cuFFT only supports dimensions whose sizes are powers of two when computing in half precision, but got a signal size of[2072]"
burgers_fno_base_r2048_seed2_eager_fp32_strict,burgers_fno_base_r2048,2,eager,fp32_strict,results/jetson_fno_precision/burgers_fno_base_r2048_seed2_eager_fp32_strict.json,success,burgers,[2048],235537,artifacts/benchmark_inputs/burgers_r2048_bank.pt,"[1, 2048]",torch.float32,5.249274675734341,5.150985438376665,5.707736127078533,7.102398201823235,5.148458061739802,0.0029102095061293545,12.17333984375,26.0,,,
burgers_fno_base_r2048_seed2_eager_tf32,burgers_fno_base_r2048,2,eager,tf32,results/jetson_fno_precision/burgers_fno_base_r2048_seed2_eager_tf32.json,success,burgers,[2048],235537,artifacts/benchmark_inputs/burgers_r2048_bank.pt,"[1, 2048]",torch.float32,4.933371944352984,4.909907700493932,5.0662788562476635,5.4159206338226795,4.912468139082193,0.006294298595122994,12.17333984375,26.0,,,
burgers_fno_base_r2048_seed2_torchscript_bf16_autocast,burgers_fno_base_r2048,2,torchscript,bf16_autocast,results/jetson_fno_precision/burgers_fno_base_r2048_seed2_torchscript_bf16_autocast.json,failed,,null,,artifacts/benchmark_inputs/burgers_r2048_bank.pt,null,,,,,,,,,,RuntimeError,fft_bf16_unsupported,"The following operation failed in the TorchScript interpreter. Traceback of TorchScript, serialized code (most recent call last):   File ""code/__torch__/src/eval/common.py"", line 26, in forward         x1 = x0       model = self.model       y = (model).forward(x1, )            ~~~~~~~~~~~~~~ <--- HE"
burgers_fno_base_r2048_seed2_torchscript_fp16_autocast,burgers_fno_base_r2048,2,torchscript,fp16_autocast,results/jetson_fno_precision/burgers_fno_base_r2048_seed2_torchscript_fp16_autocast.json,failed,,null,,artifacts/benchmark_inputs/burgers_r2048_bank.pt,null,,,,,,,,,,RuntimeError,fft_fp16_non_power_of_two_size_2072,"The following operation failed in the TorchScript interpreter. Traceback of TorchScript, serialized code (most recent call last):   File ""code/__torch__/src/eval/common.py"", line 26, in forward         x1 = x0       model = self.model       y = (model).forward(x1, )            ~~~~~~~~~~~~~~ <--- HE"
burgers_fno_base_r2048_seed2_torchscript_fp16_native,burgers_fno_base_r2048,2,torchscript,fp16_native,results/jetson_fno_precision/burgers_fno_base_r2048_seed2_torchscript_fp16_native.json,failed,,null,,artifacts/benchmark_inputs/burgers_r2048_bank.pt,null,,,,,,,,,,RuntimeError,fft_fp16_non_power_of_two_size_2072,"The following operation failed in the TorchScript interpreter. Traceback of TorchScript, serialized code (most recent call last):   File ""code/__torch__/src/eval/common.py"", line 26, in forward         x1 = x0       model = self.model       y = (model).forward(x1, )            ~~~~~~~~~~~~~~ <--- HE"
burgers_fno_base_r2048_seed2_torchscript_fp32_strict,burgers_fno_base_r2048,2,torchscript,fp32_strict,results/jetson_fno_precision/burgers_fno_base_r2048_seed2_torchscript_fp32_strict.json,success,burgers,[2048],235537,artifacts/benchmark_inputs/burgers_r2048_bank.pt,"[1, 2048]",torch.float32,3.6361630307510495,3.517086850479245,4.013804253190756,5.443219095468521,3.524447325617075,0.021936500501720458,11.77783203125,26.0,,,
burgers_fno_base_r2048_seed2_torchscript_tf32,burgers_fno_base_r2048,2,torchscript,tf32,results/jetson_fno_precision/burgers_fno_base_r2048_seed2_torchscript_tf32.json,success,burgers,[2048],235537,artifacts/benchmark_inputs/burgers_r2048_bank.pt,"[1, 2048]",torch.float32,3.273781305179,3.249623579904437,3.383226692676544,3.4944629296660423,3.243895946070552,0.012951138848214054,11.77783203125,26.0,,,
burgers_fno_base_r4096_seed0_eager_bf16_autocast,burgers_fno_base_r4096,0,eager,bf16_autocast,results/jetson_fno_precision/burgers_fno_base_r4096_seed0_eager_bf16_autocast.json,failed,,null,,artifacts/benchmark_inputs/burgers_r4096_bank.pt,null,,,,,,,,,,RuntimeError,fft_bf16_unsupported,Unsupported dtype BFloat16
burgers_fno_base_r4096_seed0_eager_fp16_autocast,burgers_fno_base_r4096,0,eager,fp16_autocast,results/jetson_fno_precision/burgers_fno_base_r4096_seed0_eager_fp16_autocast.json,failed,,null,,artifacts/benchmark_inputs/burgers_r4096_bank.pt,null,,,,,,,,,,RuntimeError,fft_fp16_non_power_of_two_size_4120,"cuFFT only supports dimensions whose sizes are powers of two when computing in half precision, but got a signal size of[4120]"
burgers_fno_base_r4096_seed0_eager_fp16_native,burgers_fno_base_r4096,0,eager,fp16_native,results/jetson_fno_precision/burgers_fno_base_r4096_seed0_eager_fp16_native.json,failed,,null,,artifacts/benchmark_inputs/burgers_r4096_bank.pt,null,,,,,,,,,,RuntimeError,fft_fp16_non_power_of_two_size_4120,"cuFFT only supports dimensions whose sizes are powers of two when computing in half precision, but got a signal size of[4120]"
burgers_fno_base_r4096_seed0_eager_fp32_strict,burgers_fno_base_r4096,0,eager,fp32_strict,results/jetson_fno_precision/burgers_fno_base_r4096_seed0_eager_fp32_strict.json,success,burgers,[4096],235537,artifacts/benchmark_inputs/burgers_r4096_bank.pt,"[1, 4096]",torch.float32,5.4022492266570525,5.286225117743015,6.130535155534744,7.053184788674116,5.323105491697788,0.05619801520096668,14.44677734375,30.0,,,
burgers_fno_base_r4096_seed0_eager_tf32,burgers_fno_base_r4096,0,eager,tf32,results/jetson_fno_precision/burgers_fno_base_r4096_seed0_eager_tf32.json,success,burgers,[4096],235537,artifacts/benchmark_inputs/burgers_r4096_bank.pt,"[1, 4096]",torch.float32,4.8739275491486,4.771122941747308,5.184621084481478,6.721496116369963,4.788978956639767,0.02051284838725708,14.44677734375,30.0,,,
burgers_fno_base_r4096_seed0_torchscript_bf16_autocast,burgers_fno_base_r4096,0,torchscript,bf16_autocast,results/jetson_fno_precision/burgers_fno_base_r4096_seed0_torchscript_bf16_autocast.json,failed,,null,,artifacts/benchmark_inputs/burgers_r4096_bank.pt,null,,,,,,,,,,RuntimeError,fft_bf16_unsupported,"The following operation failed in the TorchScript interpreter. Traceback of TorchScript, serialized code (most recent call last):   File ""code/__torch__/src/eval/common.py"", line 26, in forward         x1 = x0       model = self.model       y = (model).forward(x1, )            ~~~~~~~~~~~~~~ <--- HE"
burgers_fno_base_r4096_seed0_torchscript_fp16_autocast,burgers_fno_base_r4096,0,torchscript,fp16_autocast,results/jetson_fno_precision/burgers_fno_base_r4096_seed0_torchscript_fp16_autocast.json,failed,,null,,artifacts/benchmark_inputs/burgers_r4096_bank.pt,null,,,,,,,,,,RuntimeError,fft_fp16_non_power_of_two_size_4120,"The following operation failed in the TorchScript interpreter. Traceback of TorchScript, serialized code (most recent call last):   File ""code/__torch__/src/eval/common.py"", line 26, in forward         x1 = x0       model = self.model       y = (model).forward(x1, )            ~~~~~~~~~~~~~~ <--- HE"
burgers_fno_base_r4096_seed0_torchscript_fp16_native,burgers_fno_base_r4096,0,torchscript,fp16_native,results/jetson_fno_precision/burgers_fno_base_r4096_seed0_torchscript_fp16_native.json,failed,,null,,artifacts/benchmark_inputs/burgers_r4096_bank.pt,null,,,,,,,,,,RuntimeError,fft_fp16_non_power_of_two_size_4120,"The following operation failed in the TorchScript interpreter. Traceback of TorchScript, serialized code (most recent call last):   File ""code/__torch__/src/eval/common.py"", line 26, in forward         x1 = x0       model = self.model       y = (model).forward(x1, )            ~~~~~~~~~~~~~~ <--- HE"
burgers_fno_base_r4096_seed0_torchscript_fp32_strict,burgers_fno_base_r4096,0,torchscript,fp32_strict,results/jetson_fno_precision/burgers_fno_base_r4096_seed0_torchscript_fp32_strict.json,success,burgers,[4096],235537,artifacts/benchmark_inputs/burgers_r4096_bank.pt,"[1, 4096]",torch.float32,3.7408027487496534,3.6983259487897158,3.8708262145519257,5.4528857581317425,3.7017816212028265,0.008309358732204689,13.66064453125,28.0,,,
burgers_fno_base_r4096_seed0_torchscript_tf32,burgers_fno_base_r4096,0,torchscript,tf32,results/jetson_fno_precision/burgers_fno_base_r4096_seed0_torchscript_tf32.json,success,burgers,[4096],235537,artifacts/benchmark_inputs/burgers_r4096_bank.pt,"[1, 4096]",torch.float32,3.2612361619248986,3.2296094577759504,3.3449563197791576,4.286421928554773,3.2284569460898638,0.005706360201264224,13.66064453125,28.0,,,
burgers_fno_base_r512_seed2_eager_bf16_autocast,burgers_fno_base_r512,2,eager,bf16_autocast,results/jetson_fno_precision/burgers_fno_base_r512_seed2_eager_bf16_autocast.json,failed,,null,,artifacts/benchmark_inputs/burgers_r512_bank.pt,null,,,,,,,,,,RuntimeError,fft_bf16_unsupported,Unsupported dtype BFloat16
burgers_fno_base_r512_seed2_eager_fp16_autocast,burgers_fno_base_r512,2,eager,fp16_autocast,results/jetson_fno_precision/burgers_fno_base_r512_seed2_eager_fp16_autocast.json,failed,,null,,artifacts/benchmark_inputs/burgers_r512_bank.pt,null,,,,,,,,,,RuntimeError,fft_fp16_non_power_of_two_size_536,"cuFFT only supports dimensions whose sizes are powers of two when computing in half precision, but got a signal size of[536]"
burgers_fno_base_r512_seed2_eager_fp16_native,burgers_fno_base_r512,2,eager,fp16_native,results/jetson_fno_precision/burgers_fno_base_r512_seed2_eager_fp16_native.json,failed,,null,,artifacts/benchmark_inputs/burgers_r512_bank.pt,null,,,,,,,,,,RuntimeError,fft_fp16_non_power_of_two_size_536,"cuFFT only supports dimensions whose sizes are powers of two when computing in half precision, but got a signal size of[536]"
burgers_fno_base_r512_seed2_eager_fp32_strict,burgers_fno_base_r512,2,eager,fp32_strict,results/jetson_fno_precision/burgers_fno_base_r512_seed2_eager_fp32_strict.json,success,burgers,[512],235537,artifacts/benchmark_inputs/burgers_r512_bank.pt,"[1, 512]",torch.float32,4.968026876449585,4.8987120389938354,5.218928679823875,6.52898196130991,4.888392053544521,0.019350519731083017,10.97119140625,24.0,,,
burgers_fno_base_r512_seed2_eager_tf32,burgers_fno_base_r512,2,eager,tf32,results/jetson_fno_precision/burgers_fno_base_r512_seed2_eager_tf32.json,success,burgers,[512],235537,artifacts/benchmark_inputs/burgers_r512_bank.pt,"[1, 512]",torch.float32,4.8982897493988276,4.849991062656045,5.088045261800289,5.6245410814881325,4.849862540140748,0.011935739831076514,10.97119140625,24.0,,,
burgers_fno_base_r512_seed2_torchscript_bf16_autocast,burgers_fno_base_r512,2,torchscript,bf16_autocast,results/jetson_fno_precision/burgers_fno_base_r512_seed2_torchscript_bf16_autocast.json,failed,,null,,artifacts/benchmark_inputs/burgers_r512_bank.pt,null,,,,,,,,,,RuntimeError,fft_bf16_unsupported,"The following operation failed in the TorchScript interpreter. Traceback of TorchScript, serialized code (most recent call last):   File ""code/__torch__/src/eval/common.py"", line 26, in forward         x1 = x0       model = self.model       y = (model).forward(x1, )            ~~~~~~~~~~~~~~ <--- HE"
burgers_fno_base_r512_seed2_torchscript_fp16_autocast,burgers_fno_base_r512,2,torchscript,fp16_autocast,results/jetson_fno_precision/burgers_fno_base_r512_seed2_torchscript_fp16_autocast.json,failed,,null,,artifacts/benchmark_inputs/burgers_r512_bank.pt,null,,,,,,,,,,RuntimeError,fft_fp16_non_power_of_two_size_536,"The following operation failed in the TorchScript interpreter. Traceback of TorchScript, serialized code (most recent call last):   File ""code/__torch__/src/eval/common.py"", line 26, in forward         x1 = x0       model = self.model       y = (model).forward(x1, )            ~~~~~~~~~~~~~~ <--- HE"
burgers_fno_base_r512_seed2_torchscript_fp16_native,burgers_fno_base_r512,2,torchscript,fp16_native,results/jetson_fno_precision/burgers_fno_base_r512_seed2_torchscript_fp16_native.json,failed,,null,,artifacts/benchmark_inputs/burgers_r512_bank.pt,null,,,,,,,,,,RuntimeError,fft_fp16_non_power_of_two_size_536,"The following operation failed in the TorchScript interpreter. Traceback of TorchScript, serialized code (most recent call last):   File ""code/__torch__/src/eval/common.py"", line 26, in forward         x1 = x0       model = self.model       y = (model).forward(x1, )            ~~~~~~~~~~~~~~ <--- HE"
burgers_fno_base_r512_seed2_torchscript_fp32_strict,burgers_fno_base_r512,2,torchscript,fp32_strict,results/jetson_fno_precision/burgers_fno_base_r512_seed2_torchscript_fp32_strict.json,success,burgers,[512],235537,artifacts/benchmark_inputs/burgers_r512_bank.pt,"[1, 512]",torch.float32,3.3368369191884995,3.332269610837102,3.4160958603024483,3.5023060627281666,3.334204899147153,0.01196461953506902,10.97119140625,24.0,,,
burgers_fno_base_r512_seed2_torchscript_tf32,burgers_fno_base_r512,2,torchscript,tf32,results/jetson_fno_precision/burgers_fno_base_r512_seed2_torchscript_tf32.json,success,burgers,[512],235537,artifacts/benchmark_inputs/burgers_r512_bank.pt,"[1, 512]",torch.float32,3.204375787948569,3.180105471983552,3.3019809052348137,3.8369721733033657,3.1788102351129055,0.003832488953446793,10.97119140625,24.0,,,
burgers_fno_base_r8192_seed1_eager_bf16_autocast,burgers_fno_base_r8192,1,eager,bf16_autocast,results/jetson_fno_precision/burgers_fno_base_r8192_seed1_eager_bf16_autocast.json,failed,,null,,artifacts/benchmark_inputs/burgers_r8192_bank.pt,null,,,,,,,,,,RuntimeError,fft_bf16_unsupported,Unsupported dtype BFloat16
burgers_fno_base_r8192_seed1_eager_fp16_autocast,burgers_fno_base_r8192,1,eager,fp16_autocast,results/jetson_fno_precision/burgers_fno_base_r8192_seed1_eager_fp16_autocast.json,failed,,null,,artifacts/benchmark_inputs/burgers_r8192_bank.pt,null,,,,,,,,,,RuntimeError,fft_fp16_non_power_of_two_size_8216,"cuFFT only supports dimensions whose sizes are powers of two when computing in half precision, but got a signal size of[8216]"
burgers_fno_base_r8192_seed1_eager_fp16_native,burgers_fno_base_r8192,1,eager,fp16_native,results/jetson_fno_precision/burgers_fno_base_r8192_seed1_eager_fp16_native.json,failed,,null,,artifacts/benchmark_inputs/burgers_r8192_bank.pt,null,,,,,,,,,,RuntimeError,fft_fp16_non_power_of_two_size_8216,"cuFFT only supports dimensions whose sizes are powers of two when computing in half precision, but got a signal size of[8216]"
burgers_fno_base_r8192_seed1_eager_fp32_strict,burgers_fno_base_r8192,1,eager,fp32_strict,results/jetson_fno_precision/burgers_fno_base_r8192_seed1_eager_fp32_strict.json,success,burgers,[8192],235537,artifacts/benchmark_inputs/burgers_r8192_bank.pt,"[1, 8192]",torch.float32,6.0771249094977975,5.83925552200526,6.969453999772668,7.441918016411364,5.815510521642864,0.43988259263412005,18.99365234375,24.0,,,
burgers_fno_base_r8192_seed1_eager_tf32,burgers_fno_base_r8192,1,eager,tf32,results/jetson_fno_precision/burgers_fno_base_r8192_seed1_eager_tf32.json,success,burgers,[8192],235537,artifacts/benchmark_inputs/burgers_r8192_bank.pt,"[1, 8192]",torch.float32,5.081146721107264,5.0153229967691,5.427609081380069,6.109008914791048,5.000426492188126,0.05920740740738779,18.99365234375,24.0,,,
burgers_fno_base_r8192_seed1_torchscript_bf16_autocast,burgers_fno_base_r8192,1,torchscript,bf16_autocast,results/jetson_fno_precision/burgers_fno_base_r8192_seed1_torchscript_bf16_autocast.json,failed,,null,,artifacts/benchmark_inputs/burgers_r8192_bank.pt,null,,,,,,,,,,RuntimeError,fft_bf16_unsupported,"The following operation failed in the TorchScript interpreter. Traceback of TorchScript, serialized code (most recent call last):   File ""code/__torch__/src/eval/common.py"", line 26, in forward         x1 = x0       model = self.model       y = (model).forward(x1, )            ~~~~~~~~~~~~~~ <--- HE"
burgers_fno_base_r8192_seed1_torchscript_fp16_autocast,burgers_fno_base_r8192,1,torchscript,fp16_autocast,results/jetson_fno_precision/burgers_fno_base_r8192_seed1_torchscript_fp16_autocast.json,failed,,null,,artifacts/benchmark_inputs/burgers_r8192_bank.pt,null,,,,,,,,,,RuntimeError,fft_fp16_non_power_of_two_size_8216,"The following operation failed in the TorchScript interpreter. Traceback of TorchScript, serialized code (most recent call last):   File ""code/__torch__/src/eval/common.py"", line 26, in forward         x1 = x0       model = self.model       y = (model).forward(x1, )            ~~~~~~~~~~~~~~ <--- HE"
burgers_fno_base_r8192_seed1_torchscript_fp16_native,burgers_fno_base_r8192,1,torchscript,fp16_native,results/jetson_fno_precision/burgers_fno_base_r8192_seed1_torchscript_fp16_native.json,failed,,null,,artifacts/benchmark_inputs/burgers_r8192_bank.pt,null,,,,,,,,,,RuntimeError,fft_fp16_non_power_of_two_size_8216,"The following operation failed in the TorchScript interpreter. Traceback of TorchScript, serialized code (most recent call last):   File ""code/__torch__/src/eval/common.py"", line 26, in forward         x1 = x0       model = self.model       y = (model).forward(x1, )            ~~~~~~~~~~~~~~ <--- HE"
burgers_fno_base_r8192_seed1_torchscript_fp32_strict,burgers_fno_base_r8192,1,torchscript,fp32_strict,results/jetson_fno_precision/burgers_fno_base_r8192_seed1_torchscript_fp32_strict.json,success,burgers,[8192],235537,artifacts/benchmark_inputs/burgers_r8192_bank.pt,"[1, 8192]",torch.float32,4.863408277742565,4.629358008969575,6.417466909624636,7.251512026414275,4.623181535862386,0.2657304166326128,17.4267578125,24.0,,,
burgers_fno_base_r8192_seed1_torchscript_tf32,burgers_fno_base_r8192,1,torchscript,tf32,results/jetson_fno_precision/burgers_fno_base_r8192_seed1_torchscript_tf32.json,success,burgers,[8192],235537,artifacts/benchmark_inputs/burgers_r8192_bank.pt,"[1, 8192]",torch.float32,3.6901988356839865,3.384147014003247,5.1552149234339595,5.936681991443038,3.3731869771145284,0.31856551499318453,17.4267578125,24.0,,,
burgers_fno_base_seed3_eager_bf16_autocast,burgers_fno_base,3,eager,bf16_autocast,results/jetson_fno_precision/burgers_fno_base_seed3_eager_bf16_autocast.json,failed,,null,,artifacts/benchmark_inputs/burgers_r2048_bank.pt,null,,,,,,,,,,RuntimeError,fft_bf16_unsupported,Unsupported dtype BFloat16
burgers_fno_base_seed3_eager_fp16_autocast,burgers_fno_base,3,eager,fp16_autocast,results/jetson_fno_precision/burgers_fno_base_seed3_eager_fp16_autocast.json,failed,,null,,artifacts/benchmark_inputs/burgers_r2048_bank.pt,null,,,,,,,,,,RuntimeError,fft_fp16_non_power_of_two_size_2072,"cuFFT only supports dimensions whose sizes are powers of two when computing in half precision, but got a signal size of[2072]"
burgers_fno_base_seed3_eager_fp16_native,burgers_fno_base,3,eager,fp16_native,results/jetson_fno_precision/burgers_fno_base_seed3_eager_fp16_native.json,failed,,null,,artifacts/benchmark_inputs/burgers_r2048_bank.pt,null,,,,,,,,,,RuntimeError,fft_fp16_non_power_of_two_size_2072,"cuFFT only supports dimensions whose sizes are powers of two when computing in half precision, but got a signal size of[2072]"
burgers_fno_base_seed3_eager_fp32_strict,burgers_fno_base,3,eager,fp32_strict,results/jetson_fno_precision/burgers_fno_base_seed3_eager_fp32_strict.json,failed,,null,,artifacts/benchmark_inputs/burgers_r2048_bank.pt,null,,,,,,,,,,RuntimeError,other_runtime_failure,CUDA error: CUBLAS_STATUS_ALLOC_FAILED when calling `cublasCreate(handle)`
burgers_fno_base_seed3_eager_tf32,burgers_fno_base,3,eager,tf32,results/jetson_fno_precision/burgers_fno_base_seed3_eager_tf32.json,success,burgers,[2048],235537,artifacts/benchmark_inputs/burgers_r2048_bank.pt,"[1, 2048]",torch.float32,4.956545735088487,4.9335837829858065,5.000930279493332,6.014755927026272,4.940975923091173,0.010181669646578363,12.17333984375,26.0,,,
burgers_fno_base_seed3_torchscript_bf16_autocast,burgers_fno_base,3,torchscript,bf16_autocast,results/jetson_fno_precision/burgers_fno_base_seed3_torchscript_bf16_autocast.json,failed,,null,,artifacts/benchmark_inputs/burgers_r2048_bank.pt,null,,,,,,,,,,RuntimeError,fft_bf16_unsupported,"The following operation failed in the TorchScript interpreter. Traceback of TorchScript, serialized code (most recent call last):   File ""code/__torch__/src/eval/common.py"", line 26, in forward         x1 = x0       model = self.model       y = (model).forward(x1, )            ~~~~~~~~~~~~~~ <--- HE"
burgers_fno_base_seed3_torchscript_fp16_autocast,burgers_fno_base,3,torchscript,fp16_autocast,results/jetson_fno_precision/burgers_fno_base_seed3_torchscript_fp16_autocast.json,failed,,null,,artifacts/benchmark_inputs/burgers_r2048_bank.pt,null,,,,,,,,,,RuntimeError,fft_fp16_non_power_of_two_size_2072,"The following operation failed in the TorchScript interpreter. Traceback of TorchScript, serialized code (most recent call last):   File ""code/__torch__/src/eval/common.py"", line 26, in forward         x1 = x0       model = self.model       y = (model).forward(x1, )            ~~~~~~~~~~~~~~ <--- HE"
burgers_fno_base_seed3_torchscript_fp16_native,burgers_fno_base,3,torchscript,fp16_native,results/jetson_fno_precision/burgers_fno_base_seed3_torchscript_fp16_native.json,failed,,null,,artifacts/benchmark_inputs/burgers_r2048_bank.pt,null,,,,,,,,,,RuntimeError,fft_fp16_non_power_of_two_size_2072,"The following operation failed in the TorchScript interpreter. Traceback of TorchScript, serialized code (most recent call last):   File ""code/__torch__/src/eval/common.py"", line 26, in forward         x1 = x0       model = self.model       y = (model).forward(x1, )            ~~~~~~~~~~~~~~ <--- HE"
burgers_fno_base_seed3_torchscript_fp32_strict,burgers_fno_base,3,torchscript,fp32_strict,results/jetson_fno_precision/burgers_fno_base_seed3_torchscript_fp32_strict.json,success,burgers,[2048],235537,artifacts/benchmark_inputs/burgers_r2048_bank.pt,"[1, 2048]",torch.float32,3.5571002773940563,3.534899326041341,3.669111989438534,3.867229912430048,3.534562885761261,0.0168814602413797,11.77783203125,26.0,,,
burgers_fno_base_seed3_torchscript_tf32,burgers_fno_base,3,torchscript,tf32,results/jetson_fno_precision/burgers_fno_base_seed3_torchscript_tf32.json,success,burgers,[2048],235537,artifacts/benchmark_inputs/burgers_r2048_bank.pt,"[1, 2048]",torch.float32,3.3815015153959394,3.3607487566769123,3.4982580691576004,3.6624232307076454,3.3596609719097614,0.01122711181845255,11.77783203125,26.0,,,
burgers_fno_large_seed0_eager_bf16_autocast,burgers_fno_large,0,eager,bf16_autocast,results/jetson_fno_precision/burgers_fno_large_seed0_eager_bf16_autocast.json,failed,,null,,artifacts/benchmark_inputs/burgers_r2048_bank.pt,null,,,,,,,,,,RuntimeError,fft_bf16_unsupported,Unsupported dtype BFloat16
burgers_fno_large_seed0_eager_fp16_autocast,burgers_fno_large,0,eager,fp16_autocast,results/jetson_fno_precision/burgers_fno_large_seed0_eager_fp16_autocast.json,failed,,null,,artifacts/benchmark_inputs/burgers_r2048_bank.pt,null,,,,,,,,,,RuntimeError,fft_fp16_non_power_of_two_size_2080,"cuFFT only supports dimensions whose sizes are powers of two when computing in half precision, but got a signal size of[2080]"
burgers_fno_large_seed0_eager_fp16_native,burgers_fno_large,0,eager,fp16_native,results/jetson_fno_precision/burgers_fno_large_seed0_eager_fp16_native.json,failed,,null,,artifacts/benchmark_inputs/burgers_r2048_bank.pt,null,,,,,,,,,,RuntimeError,fft_fp16_non_power_of_two_size_2080,"cuFFT only supports dimensions whose sizes are powers of two when computing in half precision, but got a signal size of[2080]"
burgers_fno_large_seed0_eager_fp32_strict,burgers_fno_large,0,eager,fp32_strict,results/jetson_fno_precision/burgers_fno_large_seed0_eager_fp32_strict.json,success,burgers,[2048],820033,artifacts/benchmark_inputs/burgers_r2048_bank.pt,"[1, 2048]",torch.float32,6.472086473368108,6.425477098673582,6.77404785528779,7.063239812850952,6.427958142012358,0.01231074621320387,17.3291015625,32.0,,,
burgers_fno_large_seed0_eager_tf32,burgers_fno_large,0,eager,tf32,results/jetson_fno_precision/burgers_fno_large_seed0_eager_tf32.json,success,burgers,[2048],820033,artifacts/benchmark_inputs/burgers_r2048_bank.pt,"[1, 2048]",torch.float32,6.743970705817143,6.65970821864903,7.245772983878851,8.588307071477175,6.651883944869041,0.03751443839335347,17.3291015625,32.0,,,
burgers_fno_large_seed0_torchscript_bf16_autocast,burgers_fno_large,0,torchscript,bf16_autocast,results/jetson_fno_precision/burgers_fno_large_seed0_torchscript_bf16_autocast.json,failed,,null,,artifacts/benchmark_inputs/burgers_r2048_bank.pt,null,,,,,,,,,,RuntimeError,fft_bf16_unsupported,"The following operation failed in the TorchScript interpreter. Traceback of TorchScript, serialized code (most recent call last):   File ""code/__torch__/src/eval/common.py"", line 26, in forward         x1 = x0       model = self.model       y = (model).forward(x1, )            ~~~~~~~~~~~~~~ <--- HE"
burgers_fno_large_seed0_torchscript_fp16_autocast,burgers_fno_large,0,torchscript,fp16_autocast,results/jetson_fno_precision/burgers_fno_large_seed0_torchscript_fp16_autocast.json,failed,,null,,artifacts/benchmark_inputs/burgers_r2048_bank.pt,null,,,,,,,,,,RuntimeError,fft_fp16_non_power_of_two_size_2080,"The following operation failed in the TorchScript interpreter. Traceback of TorchScript, serialized code (most recent call last):   File ""code/__torch__/src/eval/common.py"", line 26, in forward         x1 = x0       model = self.model       y = (model).forward(x1, )            ~~~~~~~~~~~~~~ <--- HE"
burgers_fno_large_seed0_torchscript_fp16_native,burgers_fno_large,0,torchscript,fp16_native,results/jetson_fno_precision/burgers_fno_large_seed0_torchscript_fp16_native.json,failed,,null,,artifacts/benchmark_inputs/burgers_r2048_bank.pt,null,,,,,,,,,,RuntimeError,fft_fp16_non_power_of_two_size_2080,"The following operation failed in the TorchScript interpreter. Traceback of TorchScript, serialized code (most recent call last):   File ""code/__torch__/src/eval/common.py"", line 26, in forward         x1 = x0       model = self.model       y = (model).forward(x1, )            ~~~~~~~~~~~~~~ <--- HE"
burgers_fno_large_seed0_torchscript_fp32_strict,burgers_fno_large,0,torchscript,fp32_strict,results/jetson_fno_precision/burgers_fno_large_seed0_torchscript_fp32_strict.json,success,burgers,[2048],820033,artifacts/benchmark_inputs/burgers_r2048_bank.pt,"[1, 2048]",torch.float32,4.3156564111510916,4.272057209163904,4.560129716992378,5.008334759622812,4.26402548328042,0.012400528339367898,16.82080078125,30.0,,,
burgers_fno_large_seed0_torchscript_tf32,burgers_fno_large,0,torchscript,tf32,results/jetson_fno_precision/burgers_fno_large_seed0_torchscript_tf32.json,success,burgers,[2048],820033,artifacts/benchmark_inputs/burgers_r2048_bank.pt,"[1, 2048]",torch.float32,4.314682957095404,4.263994051143527,4.5333132147789,5.094321444630623,4.259161418303847,0.010462117432385449,16.82080078125,30.0,,,
burgers_fno_small_seed2_eager_bf16_autocast,burgers_fno_small,2,eager,bf16_autocast,results/jetson_fno_precision/burgers_fno_small_seed2_eager_bf16_autocast.json,failed,,null,,artifacts/benchmark_inputs/burgers_r2048_bank.pt,null,,,,,,,,,,RuntimeError,fft_bf16_unsupported,Unsupported dtype BFloat16
burgers_fno_small_seed2_eager_fp16_autocast,burgers_fno_small,2,eager,fp16_autocast,results/jetson_fno_precision/burgers_fno_small_seed2_eager_fp16_autocast.json,failed,,null,,artifacts/benchmark_inputs/burgers_r2048_bank.pt,null,,,,,,,,,,RuntimeError,fft_fp16_non_power_of_two_size_2064,"cuFFT only supports dimensions whose sizes are powers of two when computing in half precision, but got a signal size of[2064]"
burgers_fno_small_seed2_eager_fp16_native,burgers_fno_small,2,eager,fp16_native,results/jetson_fno_precision/burgers_fno_small_seed2_eager_fp16_native.json,failed,,null,,artifacts/benchmark_inputs/burgers_r2048_bank.pt,null,,,,,,,,,,RuntimeError,fft_fp16_non_power_of_two_size_2064,"cuFFT only supports dimensions whose sizes are powers of two when computing in half precision, but got a signal size of[2064]"
burgers_fno_small_seed2_eager_fp32_strict,burgers_fno_small,2,eager,fp32_strict,results/jetson_fno_precision/burgers_fno_small_seed2_eager_fp32_strict.json,success,burgers,[2048],72033,artifacts/benchmark_inputs/burgers_r2048_bank.pt,"[1, 2048]",torch.float32,4.905072206941743,4.789529368281364,5.327928811311722,6.605884991586208,4.788776859641075,0.023026112904864473,10.19189453125,24.0,,,
burgers_fno_small_seed2_eager_tf32,burgers_fno_small,2,eager,tf32,results/jetson_fno_precision/burgers_fno_small_seed2_eager_tf32.json,success,burgers,[2048],72033,artifacts/benchmark_inputs/burgers_r2048_bank.pt,"[1, 2048]",torch.float32,4.917702263531585,4.860683577135205,5.23582985624671,5.813062656670809,4.86351503059268,0.009231751815854623,10.19189453125,24.0,,,
burgers_fno_small_seed2_torchscript_bf16_autocast,burgers_fno_small,2,torchscript,bf16_autocast,results/jetson_fno_precision/burgers_fno_small_seed2_torchscript_bf16_autocast.json,failed,,null,,artifacts/benchmark_inputs/burgers_r2048_bank.pt,null,,,,,,,,,,RuntimeError,fft_bf16_unsupported,"The following operation failed in the TorchScript interpreter. Traceback of TorchScript, serialized code (most recent call last):   File ""code/__torch__/src/eval/common.py"", line 26, in forward         x1 = x0       model = self.model       y = (model).forward(x1, )            ~~~~~~~~~~~~~~ <--- HE"
burgers_fno_small_seed2_torchscript_fp16_autocast,burgers_fno_small,2,torchscript,fp16_autocast,results/jetson_fno_precision/burgers_fno_small_seed2_torchscript_fp16_autocast.json,failed,,null,,artifacts/benchmark_inputs/burgers_r2048_bank.pt,null,,,,,,,,,,RuntimeError,fft_fp16_non_power_of_two_size_2064,"The following operation failed in the TorchScript interpreter. Traceback of TorchScript, serialized code (most recent call last):   File ""code/__torch__/src/eval/common.py"", line 26, in forward         x1 = x0       model = self.model       y = (model).forward(x1, )            ~~~~~~~~~~~~~~ <--- HE"
burgers_fno_small_seed2_torchscript_fp16_native,burgers_fno_small,2,torchscript,fp16_native,results/jetson_fno_precision/burgers_fno_small_seed2_torchscript_fp16_native.json,failed,,null,,artifacts/benchmark_inputs/burgers_r2048_bank.pt,null,,,,,,,,,,RuntimeError,fft_fp16_non_power_of_two_size_2064,"The following operation failed in the TorchScript interpreter. Traceback of TorchScript, serialized code (most recent call last):   File ""code/__torch__/src/eval/common.py"", line 26, in forward         x1 = x0       model = self.model       y = (model).forward(x1, )            ~~~~~~~~~~~~~~ <--- HE"
burgers_fno_small_seed2_torchscript_fp32_strict,burgers_fno_small,2,torchscript,fp32_strict,results/jetson_fno_precision/burgers_fno_small_seed2_torchscript_fp32_strict.json,success,burgers,[2048],72033,artifacts/benchmark_inputs/burgers_r2048_bank.pt,"[1, 2048]",torch.float32,3.088575031918784,3.0632559210062027,3.2485737465322018,3.428610973060131,3.0682161450386047,0.011457551155968342,9.92822265625,22.0,,,
burgers_fno_small_seed2_torchscript_tf32,burgers_fno_small,2,torchscript,tf32,results/jetson_fno_precision/burgers_fno_small_seed2_torchscript_tf32.json,success,burgers,[2048],72033,artifacts/benchmark_inputs/burgers_r2048_bank.pt,"[1, 2048]",torch.float32,3.226414380284647,3.1512430869042873,3.50960623472929,4.991536028683186,3.1487150117754936,0.020758721069705038,9.92822265625,22.0,,,
darcy_fno_base_modes12_seed1_eager_bf16_autocast,darcy_fno_base_modes12,1,eager,bf16_autocast,results/jetson_fno_precision/darcy_fno_base_modes12_seed1_eager_bf16_autocast.json,failed,,null,,artifacts/benchmark_inputs/darcy_r141_bank.pt,null,,,,,,,,,,RuntimeError,fft_bf16_unsupported,Unsupported dtype BFloat16
darcy_fno_base_modes12_seed1_eager_fp16_autocast,darcy_fno_base_modes12,1,eager,fp16_autocast,results/jetson_fno_precision/darcy_fno_base_modes12_seed1_eager_fp16_autocast.json,failed,,null,,artifacts/benchmark_inputs/darcy_r141_bank.pt,null,,,,,,,,,,RuntimeError,"fft_fp16_non_power_of_two_size_150, 150","cuFFT only supports dimensions whose sizes are powers of two when computing in half precision, but got a signal size of[150, 150]"
darcy_fno_base_modes12_seed1_eager_fp16_native,darcy_fno_base_modes12,1,eager,fp16_native,results/jetson_fno_precision/darcy_fno_base_modes12_seed1_eager_fp16_native.json,failed,,null,,artifacts/benchmark_inputs/darcy_r141_bank.pt,null,,,,,,,,,,RuntimeError,"fft_fp16_non_power_of_two_size_150, 150","cuFFT only supports dimensions whose sizes are powers of two when computing in half precision, but got a signal size of[150, 150]"
darcy_fno_base_modes12_seed1_eager_fp32_strict,darcy_fno_base_modes12,1,eager,fp32_strict,results/jetson_fno_precision/darcy_fno_base_modes12_seed1_eager_fp32_strict.json,success,darcy,"[141, 141]",1853953,artifacts/benchmark_inputs/darcy_r141_bank.pt,"[1, 141, 141]",torch.float32,9.080638165275255,8.825731463730335,9.696285240352154,15.63543500378728,8.824130985885859,0.0036452441311615297,43.32080078125,62.0,,,
darcy_fno_base_modes12_seed1_eager_tf32,darcy_fno_base_modes12,1,eager,tf32,results/jetson_fno_precision/darcy_fno_base_modes12_seed1_eager_tf32.json,success,darcy,"[141, 141]",1853953,artifacts/benchmark_inputs/darcy_r141_bank.pt,"[1, 141, 141]",torch.float32,7.783251979077856,7.54505442455411,8.261202834546566,13.117889873683453,7.558990037068725,0.015990887116047296,43.32080078125,62.0,,,
darcy_fno_base_modes12_seed1_torchscript_bf16_autocast,darcy_fno_base_modes12,1,torchscript,bf16_autocast,results/jetson_fno_precision/darcy_fno_base_modes12_seed1_torchscript_bf16_autocast.json,failed,,null,,artifacts/benchmark_inputs/darcy_r141_bank.pt,null,,,,,,,,,,RuntimeError,fft_bf16_unsupported,"The following operation failed in the TorchScript interpreter. Traceback of TorchScript, serialized code (most recent call last):   File ""code/__torch__/src/eval/common.py"", line 43, in forward           x4 = x3         model0 = self.model         y1 = (model0).forward(x4, )               ~~~~~~~~~~"
darcy_fno_base_modes12_seed1_torchscript_fp16_autocast,darcy_fno_base_modes12,1,torchscript,fp16_autocast,results/jetson_fno_precision/darcy_fno_base_modes12_seed1_torchscript_fp16_autocast.json,failed,,null,,artifacts/benchmark_inputs/darcy_r141_bank.pt,null,,,,,,,,,,RuntimeError,"fft_fp16_non_power_of_two_size_150, 150","The following operation failed in the TorchScript interpreter. Traceback of TorchScript, serialized code (most recent call last):   File ""code/__torch__/src/eval/common.py"", line 43, in forward           x4 = x3         model0 = self.model         y1 = (model0).forward(x4, )               ~~~~~~~~~~"
darcy_fno_base_modes12_seed1_torchscript_fp16_native,darcy_fno_base_modes12,1,torchscript,fp16_native,results/jetson_fno_precision/darcy_fno_base_modes12_seed1_torchscript_fp16_native.json,failed,,null,,artifacts/benchmark_inputs/darcy_r141_bank.pt,null,,,,,,,,,,RuntimeError,"fft_fp16_non_power_of_two_size_150, 150","The following operation failed in the TorchScript interpreter. Traceback of TorchScript, serialized code (most recent call last):   File ""code/__torch__/src/eval/common.py"", line 43, in forward           x4 = x3         model0 = self.model         y1 = (model0).forward(x4, )               ~~~~~~~~~~"
darcy_fno_base_modes12_seed1_torchscript_fp32_strict,darcy_fno_base_modes12,1,torchscript,fp32_strict,results/jetson_fno_precision/darcy_fno_base_modes12_seed1_torchscript_fp32_strict.json,success,darcy,"[141, 141]",1853953,artifacts/benchmark_inputs/darcy_r141_bank.pt,"[1, 141, 141]",torch.float32,8.445471127827963,8.215411100536585,9.417750407010317,12.601365335285664,8.2138751167804,0.004077046222694592,39.65966796875,62.0,,,
darcy_fno_base_modes12_seed1_torchscript_tf32,darcy_fno_base_modes12,1,torchscript,tf32,results/jetson_fno_precision/darcy_fno_base_modes12_seed1_torchscript_tf32.json,success,darcy,"[141, 141]",1853953,artifacts/benchmark_inputs/darcy_r141_bank.pt,"[1, 141, 141]",torch.float32,7.139445926683645,6.867402931675315,8.061007130891085,12.75679375976324,6.866986863315105,0.0032834487108800055,39.65966796875,62.0,,,
darcy_fno_base_modes24_seed1_eager_bf16_autocast,darcy_fno_base_modes24,1,eager,bf16_autocast,results/jetson_fno_precision/darcy_fno_base_modes24_seed1_eager_bf16_autocast.json,failed,,null,,artifacts/benchmark_inputs/darcy_r141_bank.pt,null,,,,,,,,,,RuntimeError,fft_bf16_unsupported,Unsupported dtype BFloat16
darcy_fno_base_modes24_seed1_eager_fp16_autocast,darcy_fno_base_modes24,1,eager,fp16_autocast,results/jetson_fno_precision/darcy_fno_base_modes24_seed1_eager_fp16_autocast.json,failed,,null,,artifacts/benchmark_inputs/darcy_r141_bank.pt,null,,,,,,,,,,RuntimeError,"fft_fp16_non_power_of_two_size_150, 150","cuFFT only supports dimensions whose sizes are powers of two when computing in half precision, but got a signal size of[150, 150]"
darcy_fno_base_modes24_seed1_eager_fp16_native,darcy_fno_base_modes24,1,eager,fp16_native,results/jetson_fno_precision/darcy_fno_base_modes24_seed1_eager_fp16_native.json,failed,,null,,artifacts/benchmark_inputs/darcy_r141_bank.pt,null,,,,,,,,,,RuntimeError,"fft_fp16_non_power_of_two_size_150, 150","cuFFT only supports dimensions whose sizes are powers of two when computing in half precision, but got a signal size of[150, 150]"
darcy_fno_base_modes24_seed1_eager_fp32_strict,darcy_fno_base_modes24,1,eager,fp32_strict,results/jetson_fno_precision/darcy_fno_base_modes24_seed1_eager_fp32_strict.json,success,darcy,"[141, 141]",7383553,artifacts/benchmark_inputs/darcy_r141_bank.pt,"[1, 141, 141]",torch.float32,11.352646423814198,11.059688869863749,12.332079000771046,19.17154621332884,11.062248377129436,0.0038417508362041212,85.50830078125,122.0,,,
darcy_fno_base_modes24_seed1_eager_tf32,darcy_fno_base_modes24,1,eager,tf32,results/jetson_fno_precision/darcy_fno_base_modes24_seed1_eager_tf32.json,success,darcy,"[141, 141]",7383553,artifacts/benchmark_inputs/darcy_r141_bank.pt,"[1, 141, 141]",torch.float32,10.10740026521186,9.843268897384405,11.144714895635843,17.688782885670662,9.849396999925375,0.011627693746614726,85.50830078125,122.0,,,
darcy_fno_base_modes24_seed1_torchscript_bf16_autocast,darcy_fno_base_modes24,1,torchscript,bf16_autocast,results/jetson_fno_precision/darcy_fno_base_modes24_seed1_torchscript_bf16_autocast.json,failed,,null,,artifacts/benchmark_inputs/darcy_r141_bank.pt,null,,,,,,,,,,RuntimeError,fft_bf16_unsupported,"The following operation failed in the TorchScript interpreter. Traceback of TorchScript, serialized code (most recent call last):   File ""code/__torch__/src/eval/common.py"", line 43, in forward           x4 = x3         model0 = self.model         y1 = (model0).forward(x4, )               ~~~~~~~~~~"
darcy_fno_base_modes24_seed1_torchscript_fp16_autocast,darcy_fno_base_modes24,1,torchscript,fp16_autocast,results/jetson_fno_precision/darcy_fno_base_modes24_seed1_torchscript_fp16_autocast.json,failed,,null,,artifacts/benchmark_inputs/darcy_r141_bank.pt,null,,,,,,,,,,RuntimeError,"fft_fp16_non_power_of_two_size_150, 150","The following operation failed in the TorchScript interpreter. Traceback of TorchScript, serialized code (most recent call last):   File ""code/__torch__/src/eval/common.py"", line 43, in forward           x4 = x3         model0 = self.model         y1 = (model0).forward(x4, )               ~~~~~~~~~~"
darcy_fno_base_modes24_seed1_torchscript_fp16_native,darcy_fno_base_modes24,1,torchscript,fp16_native,results/jetson_fno_precision/darcy_fno_base_modes24_seed1_torchscript_fp16_native.json,failed,,null,,artifacts/benchmark_inputs/darcy_r141_bank.pt,null,,,,,,,,,,RuntimeError,"fft_fp16_non_power_of_two_size_150, 150","The following operation failed in the TorchScript interpreter. Traceback of TorchScript, serialized code (most recent call last):   File ""code/__torch__/src/eval/common.py"", line 43, in forward           x4 = x3         model0 = self.model         y1 = (model0).forward(x4, )               ~~~~~~~~~~"
darcy_fno_base_modes24_seed1_torchscript_fp32_strict,darcy_fno_base_modes24,1,torchscript,fp32_strict,results/jetson_fno_precision/darcy_fno_base_modes24_seed1_torchscript_fp32_strict.json,success,darcy,"[141, 141]",7383553,artifacts/benchmark_inputs/darcy_r141_bank.pt,"[1, 141, 141]",torch.float32,10.861712119852504,10.605597170069814,11.833698023110628,18.532169982790947,10.61006123200059,0.01319011914507471,82.27197265625,122.0,,,
darcy_fno_base_modes24_seed1_torchscript_tf32,darcy_fno_base_modes24,1,torchscript,tf32,results/jetson_fno_precision/darcy_fno_base_modes24_seed1_torchscript_tf32.json,success,darcy,"[141, 141]",7383553,artifacts/benchmark_inputs/darcy_r141_bank.pt,"[1, 141, 141]",torch.float32,9.582348288968205,9.344664169475436,10.728928726166487,13.740987982600927,9.345559636130929,0.002651201759588719,82.27197265625,122.0,,,
darcy_fno_base_nocoords_seed2_eager_bf16_autocast,darcy_fno_base_nocoords,2,eager,bf16_autocast,results/jetson_fno_precision/darcy_fno_base_nocoords_seed2_eager_bf16_autocast.json,failed,,null,,artifacts/benchmark_inputs/darcy_r141_bank.pt,null,,,,,,,,,,RuntimeError,fft_bf16_unsupported,Unsupported dtype BFloat16
darcy_fno_base_nocoords_seed2_eager_fp16_autocast,darcy_fno_base_nocoords,2,eager,fp16_autocast,results/jetson_fno_precision/darcy_fno_base_nocoords_seed2_eager_fp16_autocast.json,failed,,null,,artifacts/benchmark_inputs/darcy_r141_bank.pt,null,,,,,,,,,,RuntimeError,"fft_fp16_non_power_of_two_size_150, 150","cuFFT only supports dimensions whose sizes are powers of two when computing in half precision, but got a signal size of[150, 150]"
darcy_fno_base_nocoords_seed2_eager_fp16_native,darcy_fno_base_nocoords,2,eager,fp16_native,results/jetson_fno_precision/darcy_fno_base_nocoords_seed2_eager_fp16_native.json,failed,,null,,artifacts/benchmark_inputs/darcy_r141_bank.pt,null,,,,,,,,,,RuntimeError,"fft_fp16_non_power_of_two_size_150, 150","cuFFT only supports dimensions whose sizes are powers of two when computing in half precision, but got a signal size of[150, 150]"
darcy_fno_base_nocoords_seed2_eager_fp32_strict,darcy_fno_base_nocoords,2,eager,fp32_strict,results/jetson_fno_precision/darcy_fno_base_nocoords_seed2_eager_fp32_strict.json,success,darcy,"[141, 141]",3287473,artifacts/benchmark_inputs/darcy_r141_bank.pt,"[1, 141, 141]",torch.float32,9.384539785484472,9.118322050198913,10.384535882622004,14.746618922799826,9.117089910432696,0.0032358091429534664,54.10693359375,82.0,,,
darcy_fno_base_nocoords_seed2_eager_tf32,darcy_fno_base_nocoords,2,eager,tf32,results/jetson_fno_precision/darcy_fno_base_nocoords_seed2_eager_tf32.json,success,darcy,"[141, 141]",3287473,artifacts/benchmark_inputs/darcy_r141_bank.pt,"[1, 141, 141]",torch.float32,7.948958687484264,7.825067033991218,8.452414069324732,9.61078517138958,7.823226973414421,0.002242281130345115,54.10693359375,82.0,,,
darcy_fno_base_nocoords_seed2_torchscript_bf16_autocast,darcy_fno_base_nocoords,2,torchscript,bf16_autocast,results/jetson_fno_precision/darcy_fno_base_nocoords_seed2_torchscript_bf16_autocast.json,failed,,null,,artifacts/benchmark_inputs/darcy_r141_bank.pt,null,,,,,,,,,,RuntimeError,fft_bf16_unsupported,"The following operation failed in the TorchScript interpreter. Traceback of TorchScript, serialized code (most recent call last):   File ""code/__torch__/src/eval/common.py"", line 43, in forward           x4 = x3         model0 = self.model         y1 = (model0).forward(x4, )               ~~~~~~~~~~"
darcy_fno_base_nocoords_seed2_torchscript_fp16_autocast,darcy_fno_base_nocoords,2,torchscript,fp16_autocast,results/jetson_fno_precision/darcy_fno_base_nocoords_seed2_torchscript_fp16_autocast.json,failed,,null,,artifacts/benchmark_inputs/darcy_r141_bank.pt,null,,,,,,,,,,RuntimeError,"fft_fp16_non_power_of_two_size_150, 150","The following operation failed in the TorchScript interpreter. Traceback of TorchScript, serialized code (most recent call last):   File ""code/__torch__/src/eval/common.py"", line 43, in forward           x4 = x3         model0 = self.model         y1 = (model0).forward(x4, )               ~~~~~~~~~~"
darcy_fno_base_nocoords_seed2_torchscript_fp16_native,darcy_fno_base_nocoords,2,torchscript,fp16_native,results/jetson_fno_precision/darcy_fno_base_nocoords_seed2_torchscript_fp16_native.json,failed,,null,,artifacts/benchmark_inputs/darcy_r141_bank.pt,null,,,,,,,,,,RuntimeError,"fft_fp16_non_power_of_two_size_150, 150","The following operation failed in the TorchScript interpreter. Traceback of TorchScript, serialized code (most recent call last):   File ""code/__torch__/src/eval/common.py"", line 43, in forward           x4 = x3         model0 = self.model         y1 = (model0).forward(x4, )               ~~~~~~~~~~"
darcy_fno_base_nocoords_seed2_torchscript_fp32_strict,darcy_fno_base_nocoords,2,torchscript,fp32_strict,results/jetson_fno_precision/darcy_fno_base_nocoords_seed2_torchscript_fp32_strict.json,success,darcy,"[141, 141]",3287473,artifacts/benchmark_inputs/darcy_r141_bank.pt,"[1, 141, 141]",torch.float32,8.968943053235611,8.715686853975058,9.971596766263247,14.950018841773272,8.716294774785638,0.0037989684779496757,50.59716796875,62.0,,,
darcy_fno_base_nocoords_seed2_torchscript_tf32,darcy_fno_base_nocoords,2,torchscript,tf32,results/jetson_fno_precision/darcy_fno_base_nocoords_seed2_torchscript_tf32.json,success,darcy,"[141, 141]",3287473,artifacts/benchmark_inputs/darcy_r141_bank.pt,"[1, 141, 141]",torch.float32,7.567271178898712,7.450720993801951,8.224248886108398,8.910798002034426,7.451856974512339,0.0026186516695325393,50.59716796875,62.0,,,
darcy_fno_base_pad0_seed1_eager_bf16_autocast,darcy_fno_base_pad0,1,eager,bf16_autocast,results/jetson_fno_precision/darcy_fno_base_pad0_seed1_eager_bf16_autocast.json,failed,,null,,artifacts/benchmark_inputs/darcy_r141_bank.pt,null,,,,,,,,,,RuntimeError,fft_bf16_unsupported,Unsupported dtype BFloat16
darcy_fno_base_pad0_seed1_eager_fp16_autocast,darcy_fno_base_pad0,1,eager,fp16_autocast,results/jetson_fno_precision/darcy_fno_base_pad0_seed1_eager_fp16_autocast.json,failed,,null,,artifacts/benchmark_inputs/darcy_r141_bank.pt,null,,,,,,,,,,RuntimeError,"fft_fp16_non_power_of_two_size_141, 141","cuFFT only supports dimensions whose sizes are powers of two when computing in half precision, but got a signal size of[141, 141]"
darcy_fno_base_pad0_seed1_eager_fp16_native,darcy_fno_base_pad0,1,eager,fp16_native,results/jetson_fno_precision/darcy_fno_base_pad0_seed1_eager_fp16_native.json,failed,,null,,artifacts/benchmark_inputs/darcy_r141_bank.pt,null,,,,,,,,,,RuntimeError,"fft_fp16_non_power_of_two_size_141, 141","cuFFT only supports dimensions whose sizes are powers of two when computing in half precision, but got a signal size of[141, 141]"
darcy_fno_base_pad0_seed1_eager_fp32_strict,darcy_fno_base_pad0,1,eager,fp32_strict,results/jetson_fno_precision/darcy_fno_base_pad0_seed1_eager_fp32_strict.json,success,darcy,"[141, 141]",3287553,artifacts/benchmark_inputs/darcy_r141_bank.pt,"[1, 141, 141]",torch.float32,11.93884896269689,11.668800842016935,12.871942017227411,18.973727244883776,11.668770108371973,0.00029496866543279513,54.79736328125,62.0,,,
darcy_fno_base_pad0_seed1_eager_tf32,darcy_fno_base_pad0,1,eager,tf32,results/jetson_fno_precision/darcy_fno_base_pad0_seed1_eager_tf32.json,success,darcy,"[141, 141]",3287553,artifacts/benchmark_inputs/darcy_r141_bank.pt,"[1, 141, 141]",torch.float32,11.021368998723725,10.64787502400577,12.243668083101511,18.711320124566555,10.64379489980638,0.006096161916174533,54.79736328125,62.0,,,
darcy_fno_base_pad0_seed1_torchscript_bf16_autocast,darcy_fno_base_pad0,1,torchscript,bf16_autocast,results/jetson_fno_precision/darcy_fno_base_pad0_seed1_torchscript_bf16_autocast.json,failed,,null,,artifacts/benchmark_inputs/darcy_r141_bank.pt,null,,,,,,,,,,RuntimeError,fft_bf16_unsupported,"The following operation failed in the TorchScript interpreter. Traceback of TorchScript, serialized code (most recent call last):   File ""code/__torch__/src/eval/common.py"", line 43, in forward           x4 = x3         model0 = self.model         y1 = (model0).forward(x4, )               ~~~~~~~~~~"
darcy_fno_base_pad0_seed1_torchscript_fp16_autocast,darcy_fno_base_pad0,1,torchscript,fp16_autocast,results/jetson_fno_precision/darcy_fno_base_pad0_seed1_torchscript_fp16_autocast.json,failed,,null,,artifacts/benchmark_inputs/darcy_r141_bank.pt,null,,,,,,,,,,RuntimeError,"fft_fp16_non_power_of_two_size_141, 141","The following operation failed in the TorchScript interpreter. Traceback of TorchScript, serialized code (most recent call last):   File ""code/__torch__/src/eval/common.py"", line 43, in forward           x4 = x3         model0 = self.model         y1 = (model0).forward(x4, )               ~~~~~~~~~~"
darcy_fno_base_pad0_seed1_torchscript_fp16_native,darcy_fno_base_pad0,1,torchscript,fp16_native,results/jetson_fno_precision/darcy_fno_base_pad0_seed1_torchscript_fp16_native.json,failed,,null,,artifacts/benchmark_inputs/darcy_r141_bank.pt,null,,,,,,,,,,RuntimeError,"fft_fp16_non_power_of_two_size_141, 141","The following operation failed in the TorchScript interpreter. Traceback of TorchScript, serialized code (most recent call last):   File ""code/__torch__/src/eval/common.py"", line 43, in forward           x4 = x3         model0 = self.model         y1 = (model0).forward(x4, )               ~~~~~~~~~~"
darcy_fno_base_pad0_seed1_torchscript_fp32_strict,darcy_fno_base_pad0,1,torchscript,fp32_strict,results/jetson_fno_precision/darcy_fno_base_pad0_seed1_torchscript_fp32_strict.json,success,darcy,"[141, 141]",3287553,artifacts/benchmark_inputs/darcy_r141_bank.pt,"[1, 141, 141]",torch.float32,11.649208067295453,11.24664582312107,12.952617835253477,21.32996078580618,11.250774376094341,0.006045318005345326,51.5361328125,62.0,,,
darcy_fno_base_pad0_seed1_torchscript_tf32,darcy_fno_base_pad0,1,torchscript,tf32,results/jetson_fno_precision/darcy_fno_base_pad0_seed1_torchscript_tf32.json,success,darcy,"[141, 141]",3287553,artifacts/benchmark_inputs/darcy_r141_bank.pt,"[1, 141, 141]",torch.float32,10.506422196825346,10.1987742818892,11.603328865021467,18.42424226924777,10.195958893746138,0.01450823423881526,51.5361328125,62.0,,,
darcy_fno_base_pad15_seed0_eager_bf16_autocast,darcy_fno_base_pad15,0,eager,bf16_autocast,results/jetson_fno_precision/darcy_fno_base_pad15_seed0_eager_bf16_autocast.json,failed,,null,,artifacts/benchmark_inputs/darcy_r141_bank.pt,null,,,,,,,,,,RuntimeError,fft_bf16_unsupported,Unsupported dtype BFloat16
darcy_fno_base_pad15_seed0_eager_fp16_autocast,darcy_fno_base_pad15,0,eager,fp16_autocast,results/jetson_fno_precision/darcy_fno_base_pad15_seed0_eager_fp16_autocast.json,failed,,null,,artifacts/benchmark_inputs/darcy_r141_bank.pt,null,,,,,,,,,,RuntimeError,"fft_fp16_non_power_of_two_size_156, 156","cuFFT only supports dimensions whose sizes are powers of two when computing in half precision, but got a signal size of[156, 156]"
darcy_fno_base_pad15_seed0_eager_fp16_native,darcy_fno_base_pad15,0,eager,fp16_native,results/jetson_fno_precision/darcy_fno_base_pad15_seed0_eager_fp16_native.json,failed,,null,,artifacts/benchmark_inputs/darcy_r141_bank.pt,null,,,,,,,,,,RuntimeError,"fft_fp16_non_power_of_two_size_156, 156","cuFFT only supports dimensions whose sizes are powers of two when computing in half precision, but got a signal size of[156, 156]"
darcy_fno_base_pad15_seed0_eager_fp32_strict,darcy_fno_base_pad15,0,eager,fp32_strict,results/jetson_fno_precision/darcy_fno_base_pad15_seed0_eager_fp32_strict.json,success,darcy,"[141, 141]",3287553,artifacts/benchmark_inputs/darcy_r141_bank.pt,"[1, 141, 141]",torch.float32,9.894028664566576,9.64416703209281,10.835242923349142,17.21425401046872,9.644294856116176,0.002239689688047991,55.94677734375,82.0,,,
darcy_fno_base_pad15_seed0_eager_tf32,darcy_fno_base_pad15,0,eager,tf32,results/jetson_fno_precision/darcy_fno_base_pad15_seed0_eager_tf32.json,success,darcy,"[141, 141]",3287553,artifacts/benchmark_inputs/darcy_r141_bank.pt,"[1, 141, 141]",torch.float32,8.60240270694097,8.410625159740448,9.549763984978199,12.214262038469315,8.412256836891174,0.0047682424370874875,55.94677734375,82.0,,,
darcy_fno_base_pad15_seed0_torchscript_bf16_autocast,darcy_fno_base_pad15,0,torchscript,bf16_autocast,results/jetson_fno_precision/darcy_fno_base_pad15_seed0_torchscript_bf16_autocast.json,failed,,null,,artifacts/benchmark_inputs/darcy_r141_bank.pt,null,,,,,,,,,,RuntimeError,fft_bf16_unsupported,"The following operation failed in the TorchScript interpreter. Traceback of TorchScript, serialized code (most recent call last):   File ""code/__torch__/src/eval/common.py"", line 43, in forward           x4 = x3         model0 = self.model         y1 = (model0).forward(x4, )               ~~~~~~~~~~"
darcy_fno_base_pad15_seed0_torchscript_fp16_autocast,darcy_fno_base_pad15,0,torchscript,fp16_autocast,results/jetson_fno_precision/darcy_fno_base_pad15_seed0_torchscript_fp16_autocast.json,failed,,null,,artifacts/benchmark_inputs/darcy_r141_bank.pt,null,,,,,,,,,,RuntimeError,"fft_fp16_non_power_of_two_size_156, 156","The following operation failed in the TorchScript interpreter. Traceback of TorchScript, serialized code (most recent call last):   File ""code/__torch__/src/eval/common.py"", line 43, in forward           x4 = x3         model0 = self.model         y1 = (model0).forward(x4, )               ~~~~~~~~~~"
darcy_fno_base_pad15_seed0_torchscript_fp16_native,darcy_fno_base_pad15,0,torchscript,fp16_native,results/jetson_fno_precision/darcy_fno_base_pad15_seed0_torchscript_fp16_native.json,failed,,null,,artifacts/benchmark_inputs/darcy_r141_bank.pt,null,,,,,,,,,,RuntimeError,"fft_fp16_non_power_of_two_size_156, 156","The following operation failed in the TorchScript interpreter. Traceback of TorchScript, serialized code (most recent call last):   File ""code/__torch__/src/eval/common.py"", line 43, in forward           x4 = x3         model0 = self.model         y1 = (model0).forward(x4, )               ~~~~~~~~~~"
darcy_fno_base_pad15_seed0_torchscript_fp32_strict,darcy_fno_base_pad15,0,torchscript,fp32_strict,results/jetson_fno_precision/darcy_fno_base_pad15_seed0_torchscript_fp32_strict.json,success,darcy,"[141, 141]",3287553,artifacts/benchmark_inputs/darcy_r141_bank.pt,"[1, 141, 141]",torch.float32,9.277212255013486,9.107382968068123,10.197305120527744,12.163316830992699,9.107783203944564,0.003890099755555822,52.005859375,62.0,,,
darcy_fno_base_pad15_seed0_torchscript_tf32,darcy_fno_base_pad15,0,torchscript,tf32,results/jetson_fno_precision/darcy_fno_base_pad15_seed0_torchscript_tf32.json,success,darcy,"[141, 141]",3287553,artifacts/benchmark_inputs/darcy_r141_bank.pt,"[1, 141, 141]",torch.float32,8.123376732692122,7.874801522120833,9.136056061834097,13.326297048479319,7.87427369505167,0.0018640932036498696,52.005859375,62.0,,,
darcy_fno_base_r141_seed0_eager_bf16_autocast,darcy_fno_base_r141,0,eager,bf16_autocast,results/jetson_fno_precision/darcy_fno_base_r141_seed0_eager_bf16_autocast.json,failed,,null,,artifacts/benchmark_inputs/darcy_r141_bank.pt,null,,,,,,,,,,RuntimeError,fft_bf16_unsupported,Unsupported dtype BFloat16
darcy_fno_base_r141_seed0_eager_fp16_autocast,darcy_fno_base_r141,0,eager,fp16_autocast,results/jetson_fno_precision/darcy_fno_base_r141_seed0_eager_fp16_autocast.json,failed,,null,,artifacts/benchmark_inputs/darcy_r141_bank.pt,null,,,,,,,,,,RuntimeError,"fft_fp16_non_power_of_two_size_150, 150","cuFFT only supports dimensions whose sizes are powers of two when computing in half precision, but got a signal size of[150, 150]"
darcy_fno_base_r141_seed0_eager_fp16_native,darcy_fno_base_r141,0,eager,fp16_native,results/jetson_fno_precision/darcy_fno_base_r141_seed0_eager_fp16_native.json,failed,,null,,artifacts/benchmark_inputs/darcy_r141_bank.pt,null,,,,,,,,,,RuntimeError,"fft_fp16_non_power_of_two_size_150, 150","cuFFT only supports dimensions whose sizes are powers of two when computing in half precision, but got a signal size of[150, 150]"
darcy_fno_base_r141_seed0_eager_fp32_strict,darcy_fno_base_r141,0,eager,fp32_strict,results/jetson_fno_precision/darcy_fno_base_r141_seed0_eager_fp32_strict.json,success,darcy,"[141, 141]",3287553,artifacts/benchmark_inputs/darcy_r141_bank.pt,"[1, 141, 141]",torch.float32,9.642542448515693,9.371872060000896,10.849358048290014,14.165938831865788,9.371327934786677,0.008300978377052185,54.25830078125,82.0,,,
darcy_fno_base_r141_seed0_eager_tf32,darcy_fno_base_r141,0,eager,tf32,results/jetson_fno_precision/darcy_fno_base_r141_seed0_eager_tf32.json,success,darcy,"[141, 141]",3287553,artifacts/benchmark_inputs/darcy_r141_bank.pt,"[1, 141, 141]",torch.float32,8.27307180967182,8.057784056290984,9.100152179598808,12.378013227134943,8.054888108745217,0.006336444673176252,54.25830078125,82.0,,,
darcy_fno_base_r141_seed0_torchscript_bf16_autocast,darcy_fno_base_r141,0,torchscript,bf16_autocast,results/jetson_fno_precision/darcy_fno_base_r141_seed0_torchscript_bf16_autocast.json,failed,,null,,artifacts/benchmark_inputs/darcy_r141_bank.pt,null,,,,,,,,,,RuntimeError,fft_bf16_unsupported,"The following operation failed in the TorchScript interpreter. Traceback of TorchScript, serialized code (most recent call last):   File ""code/__torch__/src/eval/common.py"", line 43, in forward           x4 = x3         model0 = self.model         y1 = (model0).forward(x4, )               ~~~~~~~~~~"
darcy_fno_base_r141_seed0_torchscript_fp16_autocast,darcy_fno_base_r141,0,torchscript,fp16_autocast,results/jetson_fno_precision/darcy_fno_base_r141_seed0_torchscript_fp16_autocast.json,failed,,null,,artifacts/benchmark_inputs/darcy_r141_bank.pt,null,,,,,,,,,,RuntimeError,"fft_fp16_non_power_of_two_size_150, 150","The following operation failed in the TorchScript interpreter. Traceback of TorchScript, serialized code (most recent call last):   File ""code/__torch__/src/eval/common.py"", line 43, in forward           x4 = x3         model0 = self.model         y1 = (model0).forward(x4, )               ~~~~~~~~~~"
darcy_fno_base_r141_seed0_torchscript_fp16_native,darcy_fno_base_r141,0,torchscript,fp16_native,results/jetson_fno_precision/darcy_fno_base_r141_seed0_torchscript_fp16_native.json,failed,,null,,artifacts/benchmark_inputs/darcy_r141_bank.pt,null,,,,,,,,,,RuntimeError,"fft_fp16_non_power_of_two_size_150, 150","The following operation failed in the TorchScript interpreter. Traceback of TorchScript, serialized code (most recent call last):   File ""code/__torch__/src/eval/common.py"", line 43, in forward           x4 = x3         model0 = self.model         y1 = (model0).forward(x4, )               ~~~~~~~~~~"
darcy_fno_base_r141_seed0_torchscript_fp32_strict,darcy_fno_base_r141,0,torchscript,fp32_strict,results/jetson_fno_precision/darcy_fno_base_r141_seed0_torchscript_fp32_strict.json,success,darcy,"[141, 141]",3287553,artifacts/benchmark_inputs/darcy_r141_bank.pt,"[1, 141, 141]",torch.float32,9.066314265752832,8.806976256892085,10.259995702654123,15.089296735823154,8.805408142507076,0.003727824304264444,50.59716796875,62.0,,,
darcy_fno_base_r141_seed0_torchscript_tf32,darcy_fno_base_r141,0,torchscript,tf32,results/jetson_fno_precision/darcy_fno_base_r141_seed0_torchscript_tf32.json,success,darcy,"[141, 141]",3287553,artifacts/benchmark_inputs/darcy_r141_bank.pt,"[1, 141, 141]",torch.float32,7.74534381305178,7.533032447099686,8.218653965741396,14.467038679867983,7.527448236942291,0.007397831629887193,50.59716796875,62.0,,,
darcy_fno_base_r211_seed1_eager_bf16_autocast,darcy_fno_base_r211,1,eager,bf16_autocast,results/jetson_fno_precision/darcy_fno_base_r211_seed1_eager_bf16_autocast.json,failed,,null,,artifacts/benchmark_inputs/darcy_r211_bank.pt,null,,,,,,,,,,RuntimeError,fft_bf16_unsupported,Unsupported dtype BFloat16
darcy_fno_base_r211_seed1_eager_fp16_autocast,darcy_fno_base_r211,1,eager,fp16_autocast,results/jetson_fno_precision/darcy_fno_base_r211_seed1_eager_fp16_autocast.json,failed,,null,,artifacts/benchmark_inputs/darcy_r211_bank.pt,null,,,,,,,,,,RuntimeError,"fft_fp16_non_power_of_two_size_220, 220","cuFFT only supports dimensions whose sizes are powers of two when computing in half precision, but got a signal size of[220, 220]"
darcy_fno_base_r211_seed1_eager_fp16_native,darcy_fno_base_r211,1,eager,fp16_native,results/jetson_fno_precision/darcy_fno_base_r211_seed1_eager_fp16_native.json,failed,,null,,artifacts/benchmark_inputs/darcy_r211_bank.pt,null,,,,,,,,,,RuntimeError,"fft_fp16_non_power_of_two_size_220, 220","cuFFT only supports dimensions whose sizes are powers of two when computing in half precision, but got a signal size of[220, 220]"
darcy_fno_base_r211_seed1_eager_fp32_strict,darcy_fno_base_r211,1,eager,fp32_strict,results/jetson_fno_precision/darcy_fno_base_r211_seed1_eager_fp32_strict.json,success,darcy,"[211, 211]",3287553,artifacts/benchmark_inputs/darcy_r211_bank.pt,"[1, 211, 211]",torch.float32,18.638942502439022,18.128017196431756,20.52303496748209,30.849178787320852,18.1305930018425,0.005076118056913298,78.43212890625,104.0,,,
darcy_fno_base_r211_seed1_eager_tf32,darcy_fno_base_r211,1,eager,tf32,results/jetson_fno_precision/darcy_fno_base_r211_seed1_eager_tf32.json,success,darcy,"[211, 211]",3287553,artifacts/benchmark_inputs/darcy_r211_bank.pt,"[1, 211, 211]",torch.float32,16.74435854734232,16.459069913253188,18.220819998532534,24.599961936473846,16.476894496008754,0.02711563820168818,78.43212890625,104.0,,,
darcy_fno_base_r211_seed1_torchscript_bf16_autocast,darcy_fno_base_r211,1,torchscript,bf16_autocast,results/jetson_fno_precision/darcy_fno_base_r211_seed1_torchscript_bf16_autocast.json,failed,,null,,artifacts/benchmark_inputs/darcy_r211_bank.pt,null,,,,,,,,,,RuntimeError,fft_bf16_unsupported,"The following operation failed in the TorchScript interpreter. Traceback of TorchScript, serialized code (most recent call last):   File ""code/__torch__/src/eval/common.py"", line 43, in forward           x4 = x3         model0 = self.model         y1 = (model0).forward(x4, )               ~~~~~~~~~~"
darcy_fno_base_r211_seed1_torchscript_fp16_autocast,darcy_fno_base_r211,1,torchscript,fp16_autocast,results/jetson_fno_precision/darcy_fno_base_r211_seed1_torchscript_fp16_autocast.json,failed,,null,,artifacts/benchmark_inputs/darcy_r211_bank.pt,null,,,,,,,,,,RuntimeError,"fft_fp16_non_power_of_two_size_220, 220","The following operation failed in the TorchScript interpreter. Traceback of TorchScript, serialized code (most recent call last):   File ""code/__torch__/src/eval/common.py"", line 43, in forward           x4 = x3         model0 = self.model         y1 = (model0).forward(x4, )               ~~~~~~~~~~"
darcy_fno_base_r211_seed1_torchscript_fp16_native,darcy_fno_base_r211,1,torchscript,fp16_native,results/jetson_fno_precision/darcy_fno_base_r211_seed1_torchscript_fp16_native.json,failed,,null,,artifacts/benchmark_inputs/darcy_r211_bank.pt,null,,,,,,,,,,RuntimeError,"fft_fp16_non_power_of_two_size_220, 220","The following operation failed in the TorchScript interpreter. Traceback of TorchScript, serialized code (most recent call last):   File ""code/__torch__/src/eval/common.py"", line 43, in forward           x4 = x3         model0 = self.model         y1 = (model0).forward(x4, )               ~~~~~~~~~~"
darcy_fno_base_r211_seed1_torchscript_fp32_strict,darcy_fno_base_r211,1,torchscript,fp32_strict,results/jetson_fno_precision/darcy_fno_base_r211_seed1_torchscript_fp32_strict.json,success,darcy,"[211, 211]",3287553,artifacts/benchmark_inputs/darcy_r211_bank.pt,"[1, 211, 211]",torch.float32,17.619980921347935,17.23829540424049,19.027278758585453,28.28788571059704,17.25528691895306,0.0406613343730451,70.4697265625,104.0,,,
darcy_fno_base_r211_seed1_torchscript_tf32,darcy_fno_base_r211,1,torchscript,tf32,results/jetson_fno_precision/darcy_fno_base_r211_seed1_torchscript_tf32.json,success,darcy,"[211, 211]",3287553,artifacts/benchmark_inputs/darcy_r211_bank.pt,"[1, 211, 211]",torch.float32,15.965660673876604,15.446463832631707,17.75427907705307,25.871555786579847,15.44292806647718,0.010351072756832298,70.4697265625,104.0,,,
darcy_fno_base_r281_seed1_eager_bf16_autocast,darcy_fno_base_r281,1,eager,bf16_autocast,results/jetson_fno_precision/darcy_fno_base_r281_seed1_eager_bf16_autocast.json,failed,,null,,artifacts/benchmark_inputs/darcy_r281_bank.pt,null,,,,,,,,,,RuntimeError,fft_bf16_unsupported,Unsupported dtype BFloat16
darcy_fno_base_r281_seed1_eager_fp16_autocast,darcy_fno_base_r281,1,eager,fp16_autocast,results/jetson_fno_precision/darcy_fno_base_r281_seed1_eager_fp16_autocast.json,failed,,null,,artifacts/benchmark_inputs/darcy_r281_bank.pt,null,,,,,,,,,,RuntimeError,"fft_fp16_non_power_of_two_size_290, 290","cuFFT only supports dimensions whose sizes are powers of two when computing in half precision, but got a signal size of[290, 290]"
darcy_fno_base_r281_seed1_eager_fp16_native,darcy_fno_base_r281,1,eager,fp16_native,results/jetson_fno_precision/darcy_fno_base_r281_seed1_eager_fp16_native.json,failed,,null,,artifacts/benchmark_inputs/darcy_r281_bank.pt,null,,,,,,,,,,RuntimeError,"fft_fp16_non_power_of_two_size_290, 290","cuFFT only supports dimensions whose sizes are powers of two when computing in half precision, but got a signal size of[290, 290]"
darcy_fno_base_r281_seed1_eager_fp32_strict,darcy_fno_base_r281,1,eager,fp32_strict,results/jetson_fno_precision/darcy_fno_base_r281_seed1_eager_fp32_strict.json,success,darcy,"[281, 281]",3287553,artifacts/benchmark_inputs/darcy_r281_bank.pt,"[1, 281, 281]",torch.float32,39.105983331489064,38.12659508548677,44.19942479580641,54.6545647084713,38.130420027300715,0.034097869980405274,112.64501953125,164.0,,,
darcy_fno_base_r281_seed1_eager_tf32,darcy_fno_base_r281,1,eager,tf32,results/jetson_fno_precision/darcy_fno_base_r281_seed1_eager_tf32.json,success,darcy,"[281, 281]",3287553,artifacts/benchmark_inputs/darcy_r281_bank.pt,"[1, 281, 281]",torch.float32,35.45752855328222,34.73730734549463,37.810332141816616,52.25731013342738,34.724186873063445,0.05142423121695469,112.64501953125,194.0,,,
darcy_fno_base_r281_seed1_torchscript_bf16_autocast,darcy_fno_base_r281,1,torchscript,bf16_autocast,results/jetson_fno_precision/darcy_fno_base_r281_seed1_torchscript_bf16_autocast.json,failed,,null,,artifacts/benchmark_inputs/darcy_r281_bank.pt,null,,,,,,,,,,RuntimeError,fft_bf16_unsupported,"The following operation failed in the TorchScript interpreter. Traceback of TorchScript, serialized code (most recent call last):   File ""code/__torch__/src/eval/common.py"", line 43, in forward           x4 = x3         model0 = self.model         y1 = (model0).forward(x4, )               ~~~~~~~~~~"
darcy_fno_base_r281_seed1_torchscript_fp16_autocast,darcy_fno_base_r281,1,torchscript,fp16_autocast,results/jetson_fno_precision/darcy_fno_base_r281_seed1_torchscript_fp16_autocast.json,failed,,null,,artifacts/benchmark_inputs/darcy_r281_bank.pt,null,,,,,,,,,,RuntimeError,"fft_fp16_non_power_of_two_size_290, 290","The following operation failed in the TorchScript interpreter. Traceback of TorchScript, serialized code (most recent call last):   File ""code/__torch__/src/eval/common.py"", line 43, in forward           x4 = x3         model0 = self.model         y1 = (model0).forward(x4, )               ~~~~~~~~~~"
darcy_fno_base_r281_seed1_torchscript_fp16_native,darcy_fno_base_r281,1,torchscript,fp16_native,results/jetson_fno_precision/darcy_fno_base_r281_seed1_torchscript_fp16_native.json,failed,,null,,artifacts/benchmark_inputs/darcy_r281_bank.pt,null,,,,,,,,,,RuntimeError,"fft_fp16_non_power_of_two_size_290, 290","The following operation failed in the TorchScript interpreter. Traceback of TorchScript, serialized code (most recent call last):   File ""code/__torch__/src/eval/common.py"", line 43, in forward           x4 = x3         model0 = self.model         y1 = (model0).forward(x4, )               ~~~~~~~~~~"
darcy_fno_base_r281_seed1_torchscript_fp32_strict,darcy_fno_base_r281,1,torchscript,fp32_strict,results/jetson_fno_precision/darcy_fno_base_r281_seed1_torchscript_fp32_strict.json,success,darcy,"[281, 281]",3287553,artifacts/benchmark_inputs/darcy_r281_bank.pt,"[1, 281, 281]",torch.float32,37.774475274297096,36.85185709036887,41.43601702526212,53.4978648647666,36.85628902167082,0.012034688877531622,98.81982421875,180.0,,,
darcy_fno_base_r281_seed1_torchscript_tf32,darcy_fno_base_r281,1,torchscript,tf32,results/jetson_fno_precision/darcy_fno_base_r281_seed1_torchscript_tf32.json,success,darcy,"[281, 281]",3287553,artifacts/benchmark_inputs/darcy_r281_bank.pt,"[1, 281, 281]",torch.float32,34.32011868028591,33.58260402455926,36.959045100957155,49.088576808571815,33.59366022050381,0.04942052752497144,98.81982421875,180.0,,,
darcy_fno_base_r421_seed1_eager_bf16_autocast,darcy_fno_base_r421,1,eager,bf16_autocast,results/jetson_fno_precision/darcy_fno_base_r421_seed1_eager_bf16_autocast.json,failed,,null,,artifacts/benchmark_inputs/darcy_r421_bank.pt,null,,,,,,,,,,RuntimeError,fft_bf16_unsupported,Unsupported dtype BFloat16
darcy_fno_base_r421_seed1_eager_fp16_autocast,darcy_fno_base_r421,1,eager,fp16_autocast,results/jetson_fno_precision/darcy_fno_base_r421_seed1_eager_fp16_autocast.json,failed,,null,,artifacts/benchmark_inputs/darcy_r421_bank.pt,null,,,,,,,,,,RuntimeError,"fft_fp16_non_power_of_two_size_430, 430","cuFFT only supports dimensions whose sizes are powers of two when computing in half precision, but got a signal size of[430, 430]"
darcy_fno_base_r421_seed1_eager_fp16_native,darcy_fno_base_r421,1,eager,fp16_native,results/jetson_fno_precision/darcy_fno_base_r421_seed1_eager_fp16_native.json,failed,,null,,artifacts/benchmark_inputs/darcy_r421_bank.pt,null,,,,,,,,,,RuntimeError,"fft_fp16_non_power_of_two_size_430, 430","cuFFT only supports dimensions whose sizes are powers of two when computing in half precision, but got a signal size of[430, 430]"
darcy_fno_base_r421_seed1_eager_fp32_strict,darcy_fno_base_r421,1,eager,fp32_strict,results/jetson_fno_precision/darcy_fno_base_r421_seed1_eager_fp32_strict.json,success,darcy,"[421, 421]",3287553,artifacts/benchmark_inputs/darcy_r421_bank.pt,"[1, 421, 421]",torch.float32,84.18367681015904,84.19109304668382,85.0359529722482,85.6352070113644,84.17773252585903,0.08978140609962001,205.68310546875,384.0,,,
darcy_fno_base_r421_seed1_eager_tf32,darcy_fno_base_r421,1,eager,tf32,results/jetson_fno_precision/darcy_fno_base_r421_seed1_eager_tf32.json,success,darcy,"[421, 421]",3287553,artifacts/benchmark_inputs/darcy_r421_bank.pt,"[1, 421, 421]",torch.float32,79.4877754834791,79.45310598006472,80.39614604786038,81.09165797941387,79.50862753205001,0.19113428475095232,205.68310546875,384.0,,,
darcy_fno_base_r421_seed1_torchscript_bf16_autocast,darcy_fno_base_r421,1,torchscript,bf16_autocast,results/jetson_fno_precision/darcy_fno_base_r421_seed1_torchscript_bf16_autocast.json,failed,,null,,artifacts/benchmark_inputs/darcy_r421_bank.pt,null,,,,,,,,,,RuntimeError,fft_bf16_unsupported,"The following operation failed in the TorchScript interpreter. Traceback of TorchScript, serialized code (most recent call last):   File ""code/__torch__/src/eval/common.py"", line 43, in forward           x4 = x3         model0 = self.model         y1 = (model0).forward(x4, )               ~~~~~~~~~~"
darcy_fno_base_r421_seed1_torchscript_fp16_autocast,darcy_fno_base_r421,1,torchscript,fp16_autocast,results/jetson_fno_precision/darcy_fno_base_r421_seed1_torchscript_fp16_autocast.json,failed,,null,,artifacts/benchmark_inputs/darcy_r421_bank.pt,null,,,,,,,,,,RuntimeError,"fft_fp16_non_power_of_two_size_430, 430","The following operation failed in the TorchScript interpreter. Traceback of TorchScript, serialized code (most recent call last):   File ""code/__torch__/src/eval/common.py"", line 43, in forward           x4 = x3         model0 = self.model         y1 = (model0).forward(x4, )               ~~~~~~~~~~"
darcy_fno_base_r421_seed1_torchscript_fp16_native,darcy_fno_base_r421,1,torchscript,fp16_native,results/jetson_fno_precision/darcy_fno_base_r421_seed1_torchscript_fp16_native.json,failed,,null,,artifacts/benchmark_inputs/darcy_r421_bank.pt,null,,,,,,,,,,RuntimeError,"fft_fp16_non_power_of_two_size_430, 430","The following operation failed in the TorchScript interpreter. Traceback of TorchScript, serialized code (most recent call last):   File ""code/__torch__/src/eval/common.py"", line 43, in forward           x4 = x3         model0 = self.model         y1 = (model0).forward(x4, )               ~~~~~~~~~~"
darcy_fno_base_r421_seed1_torchscript_fp32_strict,darcy_fno_base_r421,1,torchscript,fp32_strict,results/jetson_fno_precision/darcy_fno_base_r421_seed1_torchscript_fp32_strict.json,success,darcy,"[421, 421]",3287553,artifacts/benchmark_inputs/darcy_r421_bank.pt,"[1, 421, 421]",torch.float32,82.08647811280873,81.9754459662363,82.9430470475927,83.32139602862298,82.04082399606705,0.08417949713417461,175.3095703125,354.0,,,
darcy_fno_base_r421_seed1_torchscript_tf32,darcy_fno_base_r421,1,torchscript,tf32,results/jetson_fno_precision/darcy_fno_base_r421_seed1_torchscript_tf32.json,success,darcy,"[421, 421]",3287553,artifacts/benchmark_inputs/darcy_r421_bank.pt,"[1, 421, 421]",torch.float32,76.697677897367,76.53669896535575,77.57943798787892,78.1348809832707,76.79686800111085,0.2146336467438596,175.3095703125,354.0,,,
darcy_fno_base_r85_seed2_eager_bf16_autocast,darcy_fno_base_r85,2,eager,bf16_autocast,results/jetson_fno_precision/darcy_fno_base_r85_seed2_eager_bf16_autocast.json,failed,,null,,artifacts/benchmark_inputs/darcy_r85_bank.pt,null,,,,,,,,,,RuntimeError,fft_bf16_unsupported,Unsupported dtype BFloat16
darcy_fno_base_r85_seed2_eager_fp16_autocast,darcy_fno_base_r85,2,eager,fp16_autocast,results/jetson_fno_precision/darcy_fno_base_r85_seed2_eager_fp16_autocast.json,failed,,null,,artifacts/benchmark_inputs/darcy_r85_bank.pt,null,,,,,,,,,,RuntimeError,"fft_fp16_non_power_of_two_size_94, 94","cuFFT only supports dimensions whose sizes are powers of two when computing in half precision, but got a signal size of[94, 94]"
darcy_fno_base_r85_seed2_eager_fp16_native,darcy_fno_base_r85,2,eager,fp16_native,results/jetson_fno_precision/darcy_fno_base_r85_seed2_eager_fp16_native.json,failed,,null,,artifacts/benchmark_inputs/darcy_r85_bank.pt,null,,,,,,,,,,RuntimeError,"fft_fp16_non_power_of_two_size_94, 94","cuFFT only supports dimensions whose sizes are powers of two when computing in half precision, but got a signal size of[94, 94]"
darcy_fno_base_r85_seed2_eager_fp32_strict,darcy_fno_base_r85,2,eager,fp32_strict,results/jetson_fno_precision/darcy_fno_base_r85_seed2_eager_fp32_strict.json,success,darcy,"[85, 85]",3287553,artifacts/benchmark_inputs/darcy_r85_bank.pt,"[1, 85, 85]",torch.float32,6.521275172320505,6.346567068248987,6.767731625586748,11.258081998676062,6.355063524097204,0.010110177476991427,41.6611328125,62.0,,,
darcy_fno_base_r85_seed2_eager_tf32,darcy_fno_base_r85,2,eager,tf32,results/jetson_fno_precision/darcy_fno_base_r85_seed2_eager_tf32.json,success,darcy,"[85, 85]",3287553,artifacts/benchmark_inputs/darcy_r85_bank.pt,"[1, 85, 85]",torch.float32,6.641199528239667,6.587759125977755,6.861016154289246,7.65988789498806,6.581742549315095,0.00815266329802164,41.6611328125,62.0,,,
darcy_fno_base_r85_seed2_torchscript_bf16_autocast,darcy_fno_base_r85,2,torchscript,bf16_autocast,results/jetson_fno_precision/darcy_fno_base_r85_seed2_torchscript_bf16_autocast.json,failed,,null,,artifacts/benchmark_inputs/darcy_r85_bank.pt,null,,,,,,,,,,RuntimeError,fft_bf16_unsupported,"The following operation failed in the TorchScript interpreter. Traceback of TorchScript, serialized code (most recent call last):   File ""code/__torch__/src/eval/common.py"", line 43, in forward           x4 = x3         model0 = self.model         y1 = (model0).forward(x4, )               ~~~~~~~~~~"
darcy_fno_base_r85_seed2_torchscript_fp16_autocast,darcy_fno_base_r85,2,torchscript,fp16_autocast,results/jetson_fno_precision/darcy_fno_base_r85_seed2_torchscript_fp16_autocast.json,failed,,null,,artifacts/benchmark_inputs/darcy_r85_bank.pt,null,,,,,,,,,,RuntimeError,"fft_fp16_non_power_of_two_size_94, 94","The following operation failed in the TorchScript interpreter. Traceback of TorchScript, serialized code (most recent call last):   File ""code/__torch__/src/eval/common.py"", line 43, in forward           x4 = x3         model0 = self.model         y1 = (model0).forward(x4, )               ~~~~~~~~~~"
darcy_fno_base_r85_seed2_torchscript_fp16_native,darcy_fno_base_r85,2,torchscript,fp16_native,results/jetson_fno_precision/darcy_fno_base_r85_seed2_torchscript_fp16_native.json,failed,,null,,artifacts/benchmark_inputs/darcy_r85_bank.pt,null,,,,,,,,,,RuntimeError,"fft_fp16_non_power_of_two_size_94, 94","The following operation failed in the TorchScript interpreter. Traceback of TorchScript, serialized code (most recent call last):   File ""code/__torch__/src/eval/common.py"", line 43, in forward           x4 = x3         model0 = self.model         y1 = (model0).forward(x4, )               ~~~~~~~~~~"
darcy_fno_base_r85_seed2_torchscript_fp32_strict,darcy_fno_base_r85,2,torchscript,fp32_strict,results/jetson_fno_precision/darcy_fno_base_r85_seed2_torchscript_fp32_strict.json,success,darcy,"[85, 85]",3287553,artifacts/benchmark_inputs/darcy_r85_bank.pt,"[1, 85, 85]",torch.float32,5.935150746566554,5.8242150116711855,5.939066875725985,9.94872860610485,5.8237670455127954,0.0011111555434265216,40.7568359375,62.0,,,
darcy_fno_base_r85_seed2_torchscript_tf32,darcy_fno_base_r85,2,torchscript,tf32,results/jetson_fno_precision/darcy_fno_base_r85_seed2_torchscript_tf32.json,success,darcy,"[85, 85]",3287553,artifacts/benchmark_inputs/darcy_r85_bank.pt,"[1, 85, 85]",torch.float32,5.416713029456635,5.348264006897807,5.4358188062906265,7.609871216118336,5.348840029910207,0.0036356053780996073,40.7568359375,62.0,,,
darcy_fno_base_seed0_eager_bf16_autocast,darcy_fno_base,0,eager,bf16_autocast,results/jetson_fno_precision/darcy_fno_base_seed0_eager_bf16_autocast.json,failed,,null,,artifacts/benchmark_inputs/darcy_r141_bank.pt,null,,,,,,,,,,RuntimeError,fft_bf16_unsupported,Unsupported dtype BFloat16
darcy_fno_base_seed0_eager_fp16_autocast,darcy_fno_base,0,eager,fp16_autocast,results/jetson_fno_precision/darcy_fno_base_seed0_eager_fp16_autocast.json,failed,,null,,artifacts/benchmark_inputs/darcy_r141_bank.pt,null,,,,,,,,,,RuntimeError,"fft_fp16_non_power_of_two_size_150, 150","cuFFT only supports dimensions whose sizes are powers of two when computing in half precision, but got a signal size of[150, 150]"
darcy_fno_base_seed0_eager_fp16_native,darcy_fno_base,0,eager,fp16_native,results/jetson_fno_precision/darcy_fno_base_seed0_eager_fp16_native.json,failed,,null,,artifacts/benchmark_inputs/darcy_r141_bank.pt,null,,,,,,,,,,RuntimeError,"fft_fp16_non_power_of_two_size_150, 150","cuFFT only supports dimensions whose sizes are powers of two when computing in half precision, but got a signal size of[150, 150]"
darcy_fno_base_seed0_eager_fp32_strict,darcy_fno_base,0,eager,fp32_strict,results/jetson_fno_precision/darcy_fno_base_seed0_eager_fp32_strict.json,success,darcy,"[141, 141]",3287553,artifacts/benchmark_inputs/darcy_r141_bank.pt,"[1, 141, 141]",torch.float32,9.682288744176427,9.342159377411008,11.012766975909472,14.631591737270355,9.34311910532415,0.004187563204211462,54.25830078125,82.0,,,
darcy_fno_base_seed0_eager_tf32,darcy_fno_base,0,eager,tf32,results/jetson_fno_precision/darcy_fno_base_seed0_eager_tf32.json,success,darcy,"[141, 141]",3287553,artifacts/benchmark_inputs/darcy_r141_bank.pt,"[1, 141, 141]",torch.float32,8.363911230117083,8.117995923385024,9.329486638307571,14.654922299087048,8.119004080072045,0.0033700512320628422,54.25830078125,82.0,,,
darcy_fno_base_seed0_torchscript_bf16_autocast,darcy_fno_base,0,torchscript,bf16_autocast,results/jetson_fno_precision/darcy_fno_base_seed0_torchscript_bf16_autocast.json,failed,,null,,artifacts/benchmark_inputs/darcy_r141_bank.pt,null,,,,,,,,,,RuntimeError,fft_bf16_unsupported,"The following operation failed in the TorchScript interpreter. Traceback of TorchScript, serialized code (most recent call last):   File ""code/__torch__/src/eval/common.py"", line 43, in forward           x4 = x3         model0 = self.model         y1 = (model0).forward(x4, )               ~~~~~~~~~~"
darcy_fno_base_seed0_torchscript_fp16_autocast,darcy_fno_base,0,torchscript,fp16_autocast,results/jetson_fno_precision/darcy_fno_base_seed0_torchscript_fp16_autocast.json,failed,,null,,artifacts/benchmark_inputs/darcy_r141_bank.pt,null,,,,,,,,,,RuntimeError,"fft_fp16_non_power_of_two_size_150, 150","The following operation failed in the TorchScript interpreter. Traceback of TorchScript, serialized code (most recent call last):   File ""code/__torch__/src/eval/common.py"", line 43, in forward           x4 = x3         model0 = self.model         y1 = (model0).forward(x4, )               ~~~~~~~~~~"
darcy_fno_base_seed0_torchscript_fp16_native,darcy_fno_base,0,torchscript,fp16_native,results/jetson_fno_precision/darcy_fno_base_seed0_torchscript_fp16_native.json,failed,,null,,artifacts/benchmark_inputs/darcy_r141_bank.pt,null,,,,,,,,,,RuntimeError,"fft_fp16_non_power_of_two_size_150, 150","The following operation failed in the TorchScript interpreter. Traceback of TorchScript, serialized code (most recent call last):   File ""code/__torch__/src/eval/common.py"", line 43, in forward           x4 = x3         model0 = self.model         y1 = (model0).forward(x4, )               ~~~~~~~~~~"
darcy_fno_base_seed0_torchscript_fp32_strict,darcy_fno_base,0,torchscript,fp32_strict,results/jetson_fno_precision/darcy_fno_base_seed0_torchscript_fp32_strict.json,success,darcy,"[141, 141]",3287553,artifacts/benchmark_inputs/darcy_r141_bank.pt,"[1, 141, 141]",torch.float32,8.978159508357445,8.804609533399343,9.920801967382431,11.883036233484745,8.800833020359278,0.002649256730500416,50.59716796875,62.0,,,
darcy_fno_base_seed0_torchscript_tf32,darcy_fno_base,0,torchscript,tf32,results/jetson_fno_precision/darcy_fno_base_seed0_torchscript_tf32.json,success,darcy,"[141, 141]",3287553,artifacts/benchmark_inputs/darcy_r141_bank.pt,"[1, 141, 141]",torch.float32,7.814768296666443,7.574349408969283,8.818530011922121,13.500298839062452,7.567214081063867,0.008975690964482476,50.59716796875,62.0,,,
darcy_fno_large_seed0_eager_bf16_autocast,darcy_fno_large,0,eager,bf16_autocast,results/jetson_fno_precision/darcy_fno_large_seed0_eager_bf16_autocast.json,failed,,null,,artifacts/benchmark_inputs/darcy_r141_bank.pt,null,,,,,,,,,,RuntimeError,fft_bf16_unsupported,Unsupported dtype BFloat16
darcy_fno_large_seed0_eager_fp16_autocast,darcy_fno_large,0,eager,fp16_autocast,results/jetson_fno_precision/darcy_fno_large_seed0_eager_fp16_autocast.json,failed,,null,,artifacts/benchmark_inputs/darcy_r141_bank.pt,null,,,,,,,,,,RuntimeError,"fft_fp16_non_power_of_two_size_153, 153","cuFFT only supports dimensions whose sizes are powers of two when computing in half precision, but got a signal size of[153, 153]"
darcy_fno_large_seed0_eager_fp16_native,darcy_fno_large,0,eager,fp16_native,results/jetson_fno_precision/darcy_fno_large_seed0_eager_fp16_native.json,failed,,null,,artifacts/benchmark_inputs/darcy_r141_bank.pt,null,,,,,,,,,,RuntimeError,"fft_fp16_non_power_of_two_size_153, 153","cuFFT only supports dimensions whose sizes are powers of two when computing in half precision, but got a signal size of[153, 153]"
darcy_fno_large_seed0_eager_fp32_strict,darcy_fno_large,0,eager,fp32_strict,results/jetson_fno_precision/darcy_fno_large_seed0_eager_fp32_strict.json,success,darcy,"[141, 141]",28345217,artifacts/benchmark_inputs/darcy_r141_bank.pt,"[1, 141, 141]",torch.float32,31.260859621688724,30.550465919077396,33.83559314534068,46.13082902505994,30.547969974577427,0.0161218100946949,265.49755859375,276.0,,,
darcy_fno_large_seed0_eager_tf32,darcy_fno_large,0,eager,tf32,results/jetson_fno_precision/darcy_fno_large_seed0_eager_tf32.json,success,darcy,"[141, 141]",28345217,artifacts/benchmark_inputs/darcy_r141_bank.pt,"[1, 141, 141]",torch.float32,29.21718981427451,28.528259601444006,32.00769703835249,44.352150056511164,28.533523669466376,0.02861378561105082,265.49755859375,276.0,,,
darcy_fno_large_seed0_torchscript_bf16_autocast,darcy_fno_large,0,torchscript,bf16_autocast,results/jetson_fno_precision/darcy_fno_large_seed0_torchscript_bf16_autocast.json,failed,,null,,artifacts/benchmark_inputs/darcy_r141_bank.pt,null,,,,,,,,,,RuntimeError,fft_bf16_unsupported,"The following operation failed in the TorchScript interpreter. Traceback of TorchScript, serialized code (most recent call last):   File ""code/__torch__/src/eval/common.py"", line 43, in forward           x4 = x3         model0 = self.model         y1 = (model0).forward(x4, )               ~~~~~~~~~~"
darcy_fno_large_seed0_torchscript_fp16_autocast,darcy_fno_large,0,torchscript,fp16_autocast,results/jetson_fno_precision/darcy_fno_large_seed0_torchscript_fp16_autocast.json,failed,,null,,artifacts/benchmark_inputs/darcy_r141_bank.pt,null,,,,,,,,,,RuntimeError,"fft_fp16_non_power_of_two_size_153, 153","The following operation failed in the TorchScript interpreter. Traceback of TorchScript, serialized code (most recent call last):   File ""code/__torch__/src/eval/common.py"", line 43, in forward           x4 = x3         model0 = self.model         y1 = (model0).forward(x4, )               ~~~~~~~~~~"
darcy_fno_large_seed0_torchscript_fp16_native,darcy_fno_large,0,torchscript,fp16_native,results/jetson_fno_precision/darcy_fno_large_seed0_torchscript_fp16_native.json,failed,,null,,artifacts/benchmark_inputs/darcy_r141_bank.pt,null,,,,,,,,,,RuntimeError,"fft_fp16_non_power_of_two_size_153, 153","The following operation failed in the TorchScript interpreter. Traceback of TorchScript, serialized code (most recent call last):   File ""code/__torch__/src/eval/common.py"", line 43, in forward           x4 = x3         model0 = self.model         y1 = (model0).forward(x4, )               ~~~~~~~~~~"
darcy_fno_large_seed0_torchscript_fp32_strict,darcy_fno_large,0,torchscript,fp32_strict,results/jetson_fno_precision/darcy_fno_large_seed0_torchscript_fp32_strict.json,success,darcy,"[141, 141]",28345217,artifacts/benchmark_inputs/darcy_r141_bank.pt,"[1, 141, 141]",torch.float32,30.353322788141668,29.653912177309394,32.91310276836157,46.356632839888334,29.68245791271329,0.020762311698525052,260.93359375,276.0,,,
darcy_fno_large_seed0_torchscript_tf32,darcy_fno_large,0,torchscript,tf32,results/jetson_fno_precision/darcy_fno_large_seed0_torchscript_tf32.json,success,darcy,"[141, 141]",28345217,artifacts/benchmark_inputs/darcy_r141_bank.pt,"[1, 141, 141]",torch.float32,28.64846789898972,27.874897001311183,31.226843129843473,43.39625220745802,27.87262503989041,0.12656154296038585,260.93359375,276.0,,,
darcy_fno_small_seed4_eager_bf16_autocast,darcy_fno_small,4,eager,bf16_autocast,results/jetson_fno_precision/darcy_fno_small_seed4_eager_bf16_autocast.json,failed,,null,,artifacts/benchmark_inputs/darcy_r141_bank.pt,null,,,,,,,,,,RuntimeError,fft_bf16_unsupported,Unsupported dtype BFloat16
darcy_fno_small_seed4_eager_fp16_autocast,darcy_fno_small,4,eager,fp16_autocast,results/jetson_fno_precision/darcy_fno_small_seed4_eager_fp16_autocast.json,failed,,null,,artifacts/benchmark_inputs/darcy_r141_bank.pt,null,,,,,,,,,,RuntimeError,"fft_fp16_non_power_of_two_size_149, 149","cuFFT only supports dimensions whose sizes are powers of two when computing in half precision, but got a signal size of[149, 149]"
darcy_fno_small_seed4_eager_fp16_native,darcy_fno_small,4,eager,fp16_native,results/jetson_fno_precision/darcy_fno_small_seed4_eager_fp16_native.json,failed,,null,,artifacts/benchmark_inputs/darcy_r141_bank.pt,null,,,,,,,,,,RuntimeError,"fft_fp16_non_power_of_two_size_149, 149","cuFFT only supports dimensions whose sizes are powers of two when computing in half precision, but got a signal size of[149, 149]"
darcy_fno_small_seed4_eager_fp32_strict,darcy_fno_small,4,eager,fp32_strict,results/jetson_fno_precision/darcy_fno_small_seed4_eager_fp32_strict.json,success,darcy,"[141, 141]",667713,artifacts/benchmark_inputs/darcy_r141_bank.pt,"[1, 141, 141]",torch.float32,7.977823629043996,7.792694494128227,8.25453270226717,13.47223436459899,7.789382245391607,0.006287525617688861,27.78369140625,48.0,,,
darcy_fno_small_seed4_eager_tf32,darcy_fno_small,4,eager,tf32,results/jetson_fno_precision/darcy_fno_small_seed4_eager_tf32.json,success,darcy,"[141, 141]",667713,artifacts/benchmark_inputs/darcy_r141_bank.pt,"[1, 141, 141]",torch.float32,7.404534875725706,7.402234012261033,7.449388038367033,7.478092797100544,7.400810020044446,0.0020454513477025185,27.78369140625,48.0,,,
darcy_fno_small_seed4_torchscript_bf16_autocast,darcy_fno_small,4,torchscript,bf16_autocast,results/jetson_fno_precision/darcy_fno_small_seed4_torchscript_bf16_autocast.json,failed,,null,,artifacts/benchmark_inputs/darcy_r141_bank.pt,null,,,,,,,,,,RuntimeError,fft_bf16_unsupported,"The following operation failed in the TorchScript interpreter. Traceback of TorchScript, serialized code (most recent call last):   File ""code/__torch__/src/eval/common.py"", line 43, in forward           x4 = x3         model0 = self.model         y1 = (model0).forward(x4, )               ~~~~~~~~~~"
darcy_fno_small_seed4_torchscript_fp16_autocast,darcy_fno_small,4,torchscript,fp16_autocast,results/jetson_fno_precision/darcy_fno_small_seed4_torchscript_fp16_autocast.json,failed,,null,,artifacts/benchmark_inputs/darcy_r141_bank.pt,null,,,,,,,,,,RuntimeError,"fft_fp16_non_power_of_two_size_149, 149","The following operation failed in the TorchScript interpreter. Traceback of TorchScript, serialized code (most recent call last):   File ""code/__torch__/src/eval/common.py"", line 43, in forward           x4 = x3         model0 = self.model         y1 = (model0).forward(x4, )               ~~~~~~~~~~"
darcy_fno_small_seed4_torchscript_fp16_native,darcy_fno_small,4,torchscript,fp16_native,results/jetson_fno_precision/darcy_fno_small_seed4_torchscript_fp16_native.json,failed,,null,,artifacts/benchmark_inputs/darcy_r141_bank.pt,null,,,,,,,,,,RuntimeError,"fft_fp16_non_power_of_two_size_149, 149","The following operation failed in the TorchScript interpreter. Traceback of TorchScript, serialized code (most recent call last):   File ""code/__torch__/src/eval/common.py"", line 43, in forward           x4 = x3         model0 = self.model         y1 = (model0).forward(x4, )               ~~~~~~~~~~"
darcy_fno_small_seed4_torchscript_fp32_strict,darcy_fno_small,4,torchscript,fp32_strict,results/jetson_fno_precision/darcy_fno_small_seed4_torchscript_fp32_strict.json,success,darcy,"[141, 141]",667713,artifacts/benchmark_inputs/darcy_r141_bank.pt,"[1, 141, 141]",torch.float32,7.329758557801445,7.155378581956029,7.373768836259842,13.982171192765236,7.156451232731342,0.0025680561695290566,25.5234375,48.0,,,
darcy_fno_small_seed4_torchscript_tf32,darcy_fno_small,4,torchscript,tf32,results/jetson_fno_precision/darcy_fno_small_seed4_torchscript_tf32.json,success,darcy,"[141, 141]",667713,artifacts/benchmark_inputs/darcy_r141_bank.pt,"[1, 141, 141]",torch.float32,6.932141655124724,6.82187988422811,6.899226922541857,11.3866007886827,6.822392111644149,0.0021531025517977907,25.5234375,48.0,,,
fno_burgers_tf32_vs_fp32_perturb,,,,,results/jetson_fno_precision/fno_burgers_tf32_vs_fp32_perturb.json,unknown,,null,,/home/jetson/jjyoo3/EDCNO/artifacts/benchmark_inputs/burgers_r2048_bank.pt,"[8, 2048]",,,,,,,,,,,other_runtime_failure,
fno_darcy_tf32_vs_fp32_perturb,,,,,results/jetson_fno_precision/fno_darcy_tf32_vs_fp32_perturb.json,unknown,,null,,/home/jetson/jjyoo3/EDCNO/artifacts/benchmark_inputs/darcy_r141_bank.pt,"[8, 141, 141]",,,,,,,,,,,other_runtime_failure,
