08-04-2026 13:52:46 RAM 3835/7620MB (lfb 1x1MB) SWAP 2374/12002MB (cached 119MB) CPU [0%@1728,0%@1728,0%@1728,0%@1728,0%@1728,0%@1728] GR3D_FREQ 0% cpu@56.5C soc2@55.718C soc0@56.781C gpu@56.75C tj@58.156C soc1@58.156C VDD_IN 8423mW/8423mW VDD_CPU_GPU_CV 2416mW/2416mW VDD_SOC 2625mW/2625mW
08-04-2026 13:52:46 RAM 3835/7620MB (lfb 1x1MB) SWAP 2374/12002MB (cached 119MB) CPU [0%@1728,0%@1728,0%@1728,0%@1728,0%@1728,0%@1728] GR3D_FREQ 0% cpu@56.593C soc2@55.75C soc0@56.687C gpu@56.812C tj@58.25C soc1@58.25C VDD_IN 8176mW/8300mW VDD_CPU_GPU_CV 2211mW/2314mW VDD_SOC 2625mW/2625mW
08-04-2026 13:52:46 RAM 3835/7620MB (lfb 1x1MB) SWAP 2374/12002MB (cached 119MB) CPU [0%@1728,0%@1728,0%@1728,72%@1728,0%@1728,0%@1728] GR3D_FREQ 5% cpu@56.968C soc2@55.75C soc0@56.75C gpu@56.843C tj@58.281C soc1@58.437C VDD_IN 8217mW/8272mW VDD_CPU_GPU_CV 2252mW/2293mW VDD_SOC 2625mW/2625mW
08-04-2026 13:52:46 RAM 3835/7620MB (lfb 1x1MB) SWAP 2374/12002MB (cached 119MB) CPU [0%@1728,0%@1728,0%@1728,100%@1728,0%@1728,0%@1728] GR3D_FREQ 5% cpu@57.093C soc2@55.781C soc0@56.906C gpu@56.843C tj@58.406C soc1@58.406C VDD_IN 8340mW/8289mW VDD_CPU_GPU_CV 2334mW/2303mW VDD_SOC 2625mW/2625mW
08-04-2026 13:52:46 RAM 3835/7620MB (lfb 1x1MB) SWAP 2374/12002MB (cached 119MB) CPU [9%@1728,8%@1728,10%@1728,100%@1728,0%@1728,0%@1728] GR3D_FREQ 5% cpu@56.937C soc2@55.75C soc0@56.593C gpu@56.843C tj@58.125C soc1@58.125C VDD_IN 8423mW/8316mW VDD_CPU_GPU_CV 2416mW/2326mW VDD_SOC 2625mW/2625mW
08-04-2026 13:52:46 RAM 3835/7620MB (lfb 1x1MB) SWAP 2374/12002MB (cached 119MB) CPU [9%@1728,0%@1728,0%@1728,100%@1728,0%@1728,9%@1728] GR3D_FREQ 5% cpu@56.937C soc2@55.843C soc0@56.625C gpu@56.812C tj@58.218C soc1@58.218C VDD_IN 8464mW/8341mW VDD_CPU_GPU_CV 2457mW/2348mW VDD_SOC 2625mW/2625mW
08-04-2026 13:52:46 RAM 3835/7620MB (lfb 1x1MB) SWAP 2374/12002MB (cached 119MB) CPU [0%@1728,0%@1728,0%@1728,100%@1728,0%@1728,0%@1728] GR3D_FREQ 5% cpu@57C soc2@55.812C soc0@56.718C gpu@56.781C tj@58.375C soc1@58.375C VDD_IN 8505mW/8364mW VDD_CPU_GPU_CV 2498mW/2369mW VDD_SOC 2625mW/2625mW
08-04-2026 13:52:46 RAM 3835/7620MB (lfb 1x1MB) SWAP 2374/12002MB (cached 119MB) CPU [9%@1728,0%@1728,0%@1728,100%@1728,0%@1728,0%@1728] GR3D_FREQ 5% cpu@57.062C soc2@55.812C soc0@56.75C gpu@56.875C tj@58.437C soc1@58.437C VDD_IN 8546mW/8387mW VDD_CPU_GPU_CV 2539mW/2390mW VDD_SOC 2625mW/2625mW
08-04-2026 13:52:47 RAM 3829/7620MB (lfb 1x1MB) SWAP 2374/12002MB (cached 119MB) CPU [0%@1728,10%@1728,27%@1728,100%@1728,0%@1728,0%@1728] GR3D_FREQ 5% cpu@57.093C soc2@55.781C soc0@56.656C gpu@56.843C tj@58.156C soc1@58.156C VDD_IN 8669mW/8418mW VDD_CPU_GPU_CV 2621mW/2416mW VDD_SOC 2625mW/2625mW
08-04-2026 13:52:47 RAM 3830/7620MB (lfb 1x1MB) SWAP 2374/12002MB (cached 119MB) CPU [0%@1728,0%@1728,0%@1728,100%@1728,0%@1728,0%@1728] GR3D_FREQ 5% cpu@57.062C soc2@55.843C soc0@56.625C gpu@56.75C tj@58.187C soc1@58.187C VDD_IN 8669mW/8443mW VDD_CPU_GPU_CV 2621mW/2437mW VDD_SOC 2625mW/2625mW
08-04-2026 13:52:47 RAM 3829/7620MB (lfb 1x1MB) SWAP 2374/12002MB (cached 119MB) CPU [0%@1728,8%@1728,0%@1728,100%@1728,0%@1728,0%@1728] GR3D_FREQ 5% cpu@57.093C soc2@55.812C soc0@56.656C gpu@57.125C tj@58.312C soc1@58.312C VDD_IN 8669mW/8464mW VDD_CPU_GPU_CV 2621mW/2453mW VDD_SOC 2625mW/2625mW
08-04-2026 13:52:47 RAM 3829/7620MB (lfb 1x1MB) SWAP 2374/12002MB (cached 119MB) CPU [9%@1728,0%@1728,0%@1728,100%@1728,0%@1728,0%@1728] GR3D_FREQ 5% cpu@57.125C soc2@55.812C soc0@56.843C gpu@56.812C tj@58.375C soc1@58.375C VDD_IN 8628mW/8477mW VDD_CPU_GPU_CV 2621mW/2467mW VDD_SOC 2625mW/2625mW
08-04-2026 13:52:47 RAM 3829/7620MB (lfb 1x1MB) SWAP 2374/12002MB (cached 119MB) CPU [8%@1728,0%@1728,0%@1728,100%@1728,0%@1728,0%@1728] GR3D_FREQ 5% cpu@57C soc2@55.781C soc0@56.593C gpu@56.812C tj@58.156C soc1@58.156C VDD_IN 8628mW/8489mW VDD_CPU_GPU_CV 2621mW/2479mW VDD_SOC 2625mW/2625mW
08-04-2026 13:52:47 RAM 3824/7620MB (lfb 1x1MB) SWAP 2374/12002MB (cached 119MB) CPU [0%@1728,9%@1728,9%@1728,100%@1728,9%@1728,0%@1728] GR3D_FREQ 5% cpu@57.031C soc2@55.781C soc0@56.625C gpu@57.156C tj@58.25C soc1@58.25C VDD_IN 8697mW/8504mW VDD_CPU_GPU_CV 2621mW/2489mW VDD_SOC 2625mW/2625mW
08-04-2026 13:52:47 RAM 3824/7620MB (lfb 1x1MB) SWAP 2374/12002MB (cached 119MB) CPU [9%@1728,0%@1728,0%@1728,100%@1728,0%@1728,9%@1728] GR3D_FREQ 5% cpu@57.093C soc2@55.812C soc0@56.75C gpu@56.812C tj@58.312C soc1@58.312C VDD_IN 8697mW/8517mW VDD_CPU_GPU_CV 2662mW/2501mW VDD_SOC 2625mW/2625mW
08-04-2026 13:52:47 RAM 3824/7620MB (lfb 1x1MB) SWAP 2374/12002MB (cached 119MB) CPU [0%@1728,9%@1728,0%@1728,100%@1728,0%@1728,0%@1728] GR3D_FREQ 5% cpu@57.343C soc2@55.812C soc0@56.781C gpu@57.312C tj@58.437C soc1@58.437C VDD_IN 8697mW/8528mW VDD_CPU_GPU_CV 2621mW/2508mW VDD_SOC 2625mW/2625mW
08-04-2026 13:52:47 RAM 3824/7620MB (lfb 1x1MB) SWAP 2374/12002MB (cached 119MB) CPU [0%@1728,0%@1728,0%@1728,100%@1728,0%@1728,0%@1728] GR3D_FREQ 5% cpu@57.531C soc2@55.781C soc0@56.593C gpu@57.125C tj@58.156C soc1@58.156C VDD_IN 8656mW/8536mW VDD_CPU_GPU_CV 2621mW/2515mW VDD_SOC 2625mW/2625mW
08-04-2026 13:52:47 RAM 3824/7620MB (lfb 1x1MB) SWAP 2374/12002MB (cached 119MB) CPU [0%@1728,0%@1728,0%@1728,100%@1728,0%@1728,0%@1728] GR3D_FREQ 5% cpu@57.125C soc2@55.812C soc0@56.656C gpu@56.812C tj@58.156C soc1@58.156C VDD_IN 8656mW/8542mW VDD_CPU_GPU_CV 2621mW/2521mW VDD_SOC 2625mW/2625mW
08-04-2026 13:52:48 RAM 3824/7620MB (lfb 1x1MB) SWAP 2374/12002MB (cached 119MB) CPU [0%@1728,0%@1728,0%@1728,100%@1728,0%@1728,0%@1728] GR3D_FREQ 5% cpu@57C soc2@55.75C soc0@56.687C gpu@57.218C tj@58.281C soc1@58.281C VDD_IN 8656mW/8548mW VDD_CPU_GPU_CV 2621mW/2526mW VDD_SOC 2625mW/2625mW
08-04-2026 13:52:48 RAM 3824/7620MB (lfb 1x1MB) SWAP 2374/12002MB (cached 119MB) CPU [0%@1728,0%@1728,0%@1728,100%@1728,0%@1728,0%@1728] GR3D_FREQ 5% cpu@57.25C soc2@55.875C soc0@56.781C gpu@57.031C tj@58.312C soc1@58.312C VDD_IN 8669mW/8554mW VDD_CPU_GPU_CV 2621mW/2531mW VDD_SOC 2625mW/2625mW
08-04-2026 13:52:48 RAM 3824/7620MB (lfb 1x1MB) SWAP 2374/12002MB (cached 119MB) CPU [0%@1728,0%@1728,8%@1728,100%@1728,0%@1728,0%@1728] GR3D_FREQ 5% cpu@57.406C soc2@55.968C soc0@56.687C gpu@56.875C tj@58.093C soc1@58.093C VDD_IN 8669mW/8560mW VDD_CPU_GPU_CV 2621mW/2535mW VDD_SOC 2625mW/2625mW
08-04-2026 13:52:48 RAM 3824/7620MB (lfb 1x1MB) SWAP 2374/12002MB (cached 119MB) CPU [8%@1728,8%@1728,0%@1728,100%@1728,0%@1728,0%@1728] GR3D_FREQ 5% cpu@57.125C soc2@55.781C soc0@56.625C gpu@57.25C tj@58.187C soc1@58.187C VDD_IN 8656mW/8564mW VDD_CPU_GPU_CV 2621mW/2539mW VDD_SOC 2625mW/2625mW
08-04-2026 13:52:48 RAM 3824/7620MB (lfb 1x1MB) SWAP 2374/12002MB (cached 119MB) CPU [0%@1728,0%@1728,0%@1728,100%@1728,0%@1728,0%@1728] GR3D_FREQ 5% cpu@57.156C soc2@55.875C soc0@56.687C gpu@57.031C tj@58.25C soc1@58.25C VDD_IN 8656mW/8568mW VDD_CPU_GPU_CV 2621mW/2543mW VDD_SOC 2625mW/2625mW
08-04-2026 13:52:48 RAM 3824/7620MB (lfb 1x1MB) SWAP 2374/12002MB (cached 119MB) CPU [9%@1728,9%@1728,0%@1728,100%@1728,9%@1728,0%@1728] GR3D_FREQ 5% cpu@57.062C soc2@55.812C soc0@56.781C gpu@56.75C tj@58.343C soc1@58.437C VDD_IN 8669mW/8572mW VDD_CPU_GPU_CV 2621mW/2546mW VDD_SOC 2625mW/2625mW
08-04-2026 13:52:48 RAM 3824/7620MB (lfb 1x1MB) SWAP 2374/12002MB (cached 119MB) CPU [0%@1728,0%@1728,0%@1728,100%@1728,0%@1728,9%@1728] GR3D_FREQ 5% cpu@57.343C soc2@55.843C soc0@56.531C gpu@57.187C tj@58.218C soc1@58.218C VDD_IN 8697mW/8577mW VDD_CPU_GPU_CV 2662mW/2550mW VDD_SOC 2625mW/2625mW
08-04-2026 13:52:48 RAM 3824/7620MB (lfb 1x1MB) SWAP 2374/12002MB (cached 119MB) CPU [0%@1728,0%@1728,0%@1728,100%@1728,0%@1728,0%@1728] GR3D_FREQ 5% cpu@57.468C soc2@55.781C soc0@56.687C gpu@57.062C tj@58.156C soc1@58.156C VDD_IN 8656mW/8580mW VDD_CPU_GPU_CV 2662mW/2555mW VDD_SOC 2625mW/2625mW
08-04-2026 13:52:48 RAM 3824/7620MB (lfb 1x1MB) SWAP 2374/12002MB (cached 119MB) CPU [9%@1728,0%@1728,0%@1728,100%@1728,0%@1728,0%@1728] GR3D_FREQ 5% cpu@57.031C soc2@55.812C soc0@56.656C gpu@56.937C tj@58.281C soc1@58.281C VDD_IN 8656mW/8583mW VDD_CPU_GPU_CV 2621mW/2557mW VDD_SOC 2625mW/2625mW
08-04-2026 13:52:49 RAM 3824/7620MB (lfb 1x1MB) SWAP 2374/12002MB (cached 119MB) CPU [0%@1728,0%@1728,0%@1728,100%@1728,0%@1728,0%@1728] GR3D_FREQ 5% cpu@57.218C soc2@55.843C soc0@56.781C gpu@57.125C tj@58.25C soc1@58.375C VDD_IN 8656mW/8586mW VDD_CPU_GPU_CV 2621mW/2560mW VDD_SOC 2625mW/2625mW
08-04-2026 13:52:49 RAM 3824/7620MB (lfb 1x1MB) SWAP 2374/12002MB (cached 119MB) CPU [0%@1728,0%@1728,0%@1728,100%@1728,0%@1728,0%@1728] GR3D_FREQ 5% cpu@57.437C soc2@55.812C soc0@56.968C gpu@57.031C tj@58.437C soc1@58.437C VDD_IN 8656mW/8588mW VDD_CPU_GPU_CV 2621mW/2562mW VDD_SOC 2625mW/2625mW
08-04-2026 13:52:49 RAM 3824/7620MB (lfb 1x1MB) SWAP 2374/12002MB (cached 119MB) CPU [0%@1728,0%@1728,0%@1728,100%@1728,0%@1728,0%@1728] GR3D_FREQ 5% cpu@57.468C soc2@55.75C soc0@56.625C gpu@56.968C tj@58.156C soc1@58.156C VDD_IN 8656mW/8590mW VDD_CPU_GPU_CV 2621mW/2564mW VDD_SOC 2625mW/2625mW
08-04-2026 13:52:49 RAM 3824/7620MB (lfb 1x1MB) SWAP 2374/12002MB (cached 119MB) CPU [0%@1728,0%@1728,8%@1728,100%@1728,0%@1728,0%@1728] GR3D_FREQ 5% cpu@57.125C soc2@55.781C soc0@56.687C gpu@57.062C tj@58.281C soc1@58.281C VDD_IN 8656mW/8593mW VDD_CPU_GPU_CV 2621mW/2565mW VDD_SOC 2625mW/2625mW
08-04-2026 13:52:49 RAM 3824/7620MB (lfb 1x1MB) SWAP 2374/12002MB (cached 119MB) CPU [0%@1728,0%@1728,0%@1728,100%@1728,0%@1728,0%@1728] GR3D_FREQ 5% cpu@57.062C soc2@55.812C soc0@56.718C gpu@57C tj@58.281C soc1@58.281C VDD_IN 8669mW/8595mW VDD_CPU_GPU_CV 2621mW/2567mW VDD_SOC 2625mW/2625mW
08-04-2026 13:52:49 RAM 3824/7620MB (lfb 1x1MB) SWAP 2374/12002MB (cached 119MB) CPU [0%@1728,0%@1728,0%@1728,100%@1728,0%@1728,0%@1728] GR3D_FREQ 5% cpu@57.25C soc2@55.812C soc0@56.781C gpu@56.906C tj@58.437C soc1@58.437C VDD_IN 8656mW/8597mW VDD_CPU_GPU_CV 2621mW/2569mW VDD_SOC 2625mW/2625mW
08-04-2026 13:52:49 RAM 3824/7620MB (lfb 1x1MB) SWAP 2374/12002MB (cached 119MB) CPU [0%@1728,9%@1728,0%@1728,100%@1728,0%@1728,0%@1728] GR3D_FREQ 5% cpu@57.406C soc2@55.812C soc0@56.593C gpu@57.125C tj@58.125C soc1@58.125C VDD_IN 8656mW/8599mW VDD_CPU_GPU_CV 2621mW/2570mW VDD_SOC 2625mW/2625mW
08-04-2026 13:52:49 RAM 3824/7620MB (lfb 1x1MB) SWAP 2374/12002MB (cached 119MB) CPU [0%@1728,0%@1728,0%@1728,100%@1728,9%@1728,0%@1728] GR3D_FREQ 5% cpu@57.125C soc2@55.781C soc0@56.656C gpu@57.031C tj@58.187C soc1@58.187C VDD_IN 8669mW/8601mW VDD_CPU_GPU_CV 2621mW/2572mW VDD_SOC 2625mW/2625mW
08-04-2026 13:52:49 RAM 3824/7620MB (lfb 1x1MB) SWAP 2374/12002MB (cached 119MB) CPU [0%@1728,9%@1728,8%@1728,100%@1728,0%@1728,0%@1728] GR3D_FREQ 5% cpu@57.031C soc2@55.812C soc0@56.781C gpu@56.906C tj@58.312C soc1@58.312C VDD_IN 8656mW/8602mW VDD_CPU_GPU_CV 2621mW/2573mW VDD_SOC 2625mW/2625mW
08-04-2026 13:52:49 RAM 3824/7620MB (lfb 1x1MB) SWAP 2374/12002MB (cached 119MB) CPU [18%@1728,0%@1728,0%@1728,100%@1728,9%@1728,0%@1728] GR3D_FREQ 5% cpu@57.312C soc2@55.843C soc0@56.781C gpu@57.093C tj@58.343C soc1@58.343C VDD_IN 8656mW/8604mW VDD_CPU_GPU_CV 2662mW/2576mW VDD_SOC 2625mW/2625mW
08-04-2026 13:52:50 RAM 3824/7620MB (lfb 1x1MB) SWAP 2374/12002MB (cached 119MB) CPU [0%@1728,0%@1728,0%@1728,100%@1728,0%@1728,0%@1728] GR3D_FREQ 5% cpu@57.343C soc2@55.875C soc0@56.843C gpu@57.031C tj@58.156C soc1@58.156C VDD_IN 8656mW/8605mW VDD_CPU_GPU_CV 2621mW/2577mW VDD_SOC 2625mW/2625mW
08-04-2026 13:52:50 RAM 3824/7620MB (lfb 1x1MB) SWAP 2374/12002MB (cached 119MB) CPU [0%@1728,0%@1728,0%@1728,100%@1728,0%@1728,0%@1728] GR3D_FREQ 5% cpu@57.343C soc2@55.812C soc0@56.593C gpu@56.812C tj@58.156C soc1@58.156C VDD_IN 8669mW/8607mW VDD_CPU_GPU_CV 2621mW/2578mW VDD_SOC 2625mW/2625mW
08-04-2026 13:52:50 RAM 3829/7620MB (lfb 1x1MB) SWAP 2374/12002MB (cached 119MB) CPU [33%@1728,18%@1728,0%@1728,100%@1728,10%@1728,8%@1728] GR3D_FREQ 5% cpu@57.031C soc2@55.906C soc0@56.718C gpu@57.125C tj@58.156C soc1@58.156C VDD_IN 8738mW/8610mW VDD_CPU_GPU_CV 2703mW/2581mW VDD_SOC 2625mW/2625mW
08-04-2026 13:52:50 RAM 3829/7620MB (lfb 1x1MB) SWAP 2374/12002MB (cached 119MB) CPU [0%@1728,0%@1728,0%@1728,100%@1728,0%@1728,0%@1728] GR3D_FREQ 5% cpu@57.25C soc2@55.781C soc0@56.781C gpu@56.968C tj@58.375C soc1@58.375C VDD_IN 8697mW/8612mW VDD_CPU_GPU_CV 2662mW/2583mW VDD_SOC 2625mW/2625mW
08-04-2026 13:52:50 RAM 3829/7620MB (lfb 1x1MB) SWAP 2374/12002MB (cached 119MB) CPU [0%@1728,9%@1728,0%@1728,100%@1728,0%@1728,0%@1728] GR3D_FREQ 5% cpu@57.312C soc2@55.937C soc0@56.812C gpu@56.843C tj@58.125C soc1@58.125C VDD_IN 8697mW/8614mW VDD_CPU_GPU_CV 2662mW/2585mW VDD_SOC 2625mW/2625mW
08-04-2026 13:52:50 RAM 3829/7620MB (lfb 1x1MB) SWAP 2374/12002MB (cached 119MB) CPU [0%@1728,0%@1728,9%@1728,100%@1728,0%@1728,0%@1728] GR3D_FREQ 5% cpu@57.437C soc2@55.812C soc0@56.562C gpu@57.031C tj@58.125C soc1@58.125C VDD_IN 8697mW/8616mW VDD_CPU_GPU_CV 2662mW/2587mW VDD_SOC 2625mW/2625mW
08-04-2026 13:52:50 RAM 3829/7620MB (lfb 1x1MB) SWAP 2374/12002MB (cached 119MB) CPU [0%@1728,0%@1728,0%@1728,100%@1728,0%@1728,0%@1728] GR3D_FREQ 5% cpu@57.031C soc2@55.781C soc0@56.718C gpu@56.906C tj@58.187C soc1@58.187C VDD_IN 8697mW/8618mW VDD_CPU_GPU_CV 2662mW/2588mW VDD_SOC 2625mW/2625mW
08-04-2026 13:52:50 RAM 3829/7620MB (lfb 1x1MB) SWAP 2374/12002MB (cached 119MB) CPU [0%@1728,0%@1728,0%@1728,100%@1728,0%@1728,0%@1728] GR3D_FREQ 5% cpu@57.25C soc2@55.843C soc0@56.781C gpu@56.875C tj@58.281C soc1@58.281C VDD_IN 8697mW/8620mW VDD_CPU_GPU_CV 2662mW/2590mW VDD_SOC 2625mW/2625mW
08-04-2026 13:52:50 RAM 3829/7620MB (lfb 1x1MB) SWAP 2374/12002MB (cached 119MB) CPU [9%@1728,0%@1728,0%@1728,100%@1728,0%@1728,0%@1728] GR3D_FREQ 5% cpu@57.25C soc2@55.906C soc0@56.812C gpu@56.843C tj@58.218C soc1@58.218C VDD_IN 8656mW/8620mW VDD_CPU_GPU_CV 2662mW/2592mW VDD_SOC 2625mW/2625mW
08-04-2026 13:52:50 RAM 3829/7620MB (lfb 1x1MB) SWAP 2374/12002MB (cached 119MB) CPU [0%@1728,0%@1728,0%@1728,100%@1728,0%@1728,0%@1728] GR3D_FREQ 5% cpu@57.343C soc2@55.75C soc0@56.531C gpu@56.937C tj@58.187C soc1@58.187C VDD_IN 8656mW/8621mW VDD_CPU_GPU_CV 2621mW/2592mW VDD_SOC 2625mW/2625mW
08-04-2026 13:52:51 RAM 3829/7620MB (lfb 1x1MB) SWAP 2374/12002MB (cached 119MB) CPU [0%@1728,0%@1728,0%@1728,100%@1728,0%@1728,0%@1728] GR3D_FREQ 5% cpu@57.562C soc2@55.718C soc0@56.687C gpu@56.843C tj@58.218C soc1@58.218C VDD_IN 8656mW/8622mW VDD_CPU_GPU_CV 2621mW/2593mW VDD_SOC 2625mW/2625mW
08-04-2026 13:52:51 RAM 3829/7620MB (lfb 1x1MB) SWAP 2374/12002MB (cached 119MB) CPU [0%@1728,0%@1728,0%@1728,100%@1728,0%@1728,0%@1728] GR3D_FREQ 5% cpu@57.187C soc2@55.843C soc0@56.75C gpu@56.718C tj@58.25C soc1@58.25C VDD_IN 8656mW/8622mW VDD_CPU_GPU_CV 2621mW/2593mW VDD_SOC 2625mW/2625mW
08-04-2026 13:52:51 RAM 3829/7620MB (lfb 1x1MB) SWAP 2374/12002MB (cached 119MB) CPU [0%@1728,0%@1728,0%@1728,100%@1728,0%@1728,0%@1728] GR3D_FREQ 5% cpu@57.281C soc2@55.843C soc0@56.781C gpu@56.968C tj@58.218C soc1@58.218C VDD_IN 8656mW/8623mW VDD_CPU_GPU_CV 2621mW/2594mW VDD_SOC 2625mW/2625mW
08-04-2026 13:52:51 RAM 3829/7620MB (lfb 1x1MB) SWAP 2374/12002MB (cached 119MB) CPU [0%@1728,0%@1728,0%@1728,100%@1728,0%@1728,0%@1728] GR3D_FREQ 5% cpu@57.25C soc2@55.968C soc0@56.593C gpu@56.906C tj@58.125C soc1@58.125C VDD_IN 8656mW/8624mW VDD_CPU_GPU_CV 2621mW/2594mW VDD_SOC 2625mW/2625mW
08-04-2026 13:52:51 RAM 3829/7620MB (lfb 1x1MB) SWAP 2374/12002MB (cached 119MB) CPU [0%@1728,0%@1728,9%@1728,100%@1728,0%@1728,0%@1728] GR3D_FREQ 5% cpu@57.468C soc2@55.812C soc0@56.593C gpu@56.812C tj@58.25C soc1@58.25C VDD_IN 8656mW/8624mW VDD_CPU_GPU_CV 2621mW/2595mW VDD_SOC 2625mW/2625mW
08-04-2026 13:52:51 RAM 3829/7620MB (lfb 1x1MB) SWAP 2374/12002MB (cached 119MB) CPU [0%@1728,0%@1728,0%@1728,100%@1728,9%@1728,0%@1728] GR3D_FREQ 5% cpu@57.125C soc2@55.812C soc0@56.656C gpu@56.875C tj@58.187C soc1@58.187C VDD_IN 8656mW/8625mW VDD_CPU_GPU_CV 2621mW/2595mW VDD_SOC 2625mW/2625mW
08-04-2026 13:52:51 RAM 3829/7620MB (lfb 1x1MB) SWAP 2374/12002MB (cached 119MB) CPU [0%@1728,0%@1728,0%@1728,100%@1728,0%@1728,0%@1728] GR3D_FREQ 5% cpu@57.281C soc2@55.812C soc0@56.781C gpu@56.843C tj@58.437C soc1@58.437C VDD_IN 8656mW/8626mW VDD_CPU_GPU_CV 2621mW/2596mW VDD_SOC 2625mW/2625mW
08-04-2026 13:52:51 RAM 3829/7620MB (lfb 1x1MB) SWAP 2374/12002MB (cached 119MB) CPU [0%@1728,9%@1728,0%@1728,100%@1728,0%@1728,0%@1728] GR3D_FREQ 5% cpu@57.25C soc2@55.843C soc0@56.625C gpu@56.781C tj@58.125C soc1@58.125C VDD_IN 8656mW/8626mW VDD_CPU_GPU_CV 2621mW/2596mW VDD_SOC 2625mW/2625mW
08-04-2026 13:52:51 RAM 3829/7620MB (lfb 1x1MB) SWAP 2374/12002MB (cached 119MB) CPU [0%@1728,0%@1728,0%@1728,100%@1728,0%@1728,0%@1728] GR3D_FREQ 5% cpu@57.281C soc2@55.812C soc0@56.656C gpu@56.906C tj@58.218C soc1@58.218C VDD_IN 8656mW/8627mW VDD_CPU_GPU_CV 2621mW/2597mW VDD_SOC 2625mW/2625mW
08-04-2026 13:52:52 RAM 3829/7620MB (lfb 1x1MB) SWAP 2374/12002MB (cached 119MB) CPU [0%@1728,0%@1728,0%@1728,100%@1728,0%@1728,0%@1728] GR3D_FREQ 5% cpu@57.187C soc2@55.812C soc0@56.718C gpu@56.875C tj@58.312C soc1@58.312C VDD_IN 8656mW/8627mW VDD_CPU_GPU_CV 2621mW/2597mW VDD_SOC 2625mW/2625mW
08-04-2026 13:52:52 RAM 3829/7620MB (lfb 1x1MB) SWAP 2374/12002MB (cached 119MB) CPU [0%@1728,0%@1728,0%@1728,100%@1728,0%@1728,0%@1728] GR3D_FREQ 5% cpu@57.187C soc2@55.75C soc0@56.781C gpu@56.781C tj@58.312C soc1@58.312C VDD_IN 8656mW/8628mW VDD_CPU_GPU_CV 2621mW/2598mW VDD_SOC 2625mW/2625mW
08-04-2026 13:52:52 RAM 3829/7620MB (lfb 1x1MB) SWAP 2374/12002MB (cached 119MB) CPU [0%@1728,0%@1728,0%@1728,100%@1728,0%@1728,8%@1728] GR3D_FREQ 5% cpu@57.25C soc2@55.875C soc0@56.531C gpu@56.843C tj@58.187C soc1@58.187C VDD_IN 8656mW/8628mW VDD_CPU_GPU_CV 2621mW/2598mW VDD_SOC 2625mW/2625mW
08-04-2026 13:52:52 RAM 3829/7620MB (lfb 1x1MB) SWAP 2374/12002MB (cached 119MB) CPU [0%@1728,0%@1728,9%@1728,100%@1728,0%@1728,10%@1728] GR3D_FREQ 5% cpu@57.281C soc2@55.781C soc0@56.656C gpu@56.781C tj@58.156C soc1@58.156C VDD_IN 8656mW/8629mW VDD_CPU_GPU_CV 2621mW/2598mW VDD_SOC 2625mW/2625mW
08-04-2026 13:52:52 RAM 3829/7620MB (lfb 1x1MB) SWAP 2374/12002MB (cached 119MB) CPU [0%@1728,0%@1728,0%@1728,100%@1728,0%@1728,0%@1728] GR3D_FREQ 5% cpu@57.156C soc2@55.812C soc0@56.625C gpu@57.343C tj@58.25C soc1@58.25C VDD_IN 8656mW/8629mW VDD_CPU_GPU_CV 2621mW/2599mW VDD_SOC 2625mW/2625mW
08-04-2026 13:52:52 RAM 3829/7620MB (lfb 1x1MB) SWAP 2374/12002MB (cached 119MB) CPU [0%@1728,0%@1728,0%@1728,100%@1728,0%@1728,0%@1728] GR3D_FREQ 5% cpu@57.156C soc2@55.812C soc0@56.812C gpu@56.906C tj@58.312C soc1@58.312C VDD_IN 8656mW/8630mW VDD_CPU_GPU_CV 2621mW/2599mW VDD_SOC 2625mW/2625mW
08-04-2026 13:52:52 RAM 3829/7620MB (lfb 1x1MB) SWAP 2374/12002MB (cached 119MB) CPU [0%@1728,8%@1728,9%@1728,100%@1728,9%@1728,8%@1728] GR3D_FREQ 5% cpu@57.25C soc2@55.906C soc0@56.875C gpu@56.812C tj@58.437C soc1@58.437C VDD_IN 8656mW/8630mW VDD_CPU_GPU_CV 2662mW/2600mW VDD_SOC 2625mW/2625mW
08-04-2026 13:52:52 RAM 3829/7620MB (lfb 1x1MB) SWAP 2374/12002MB (cached 119MB) CPU [9%@1728,0%@1728,0%@1728,100%@1728,0%@1728,0%@1728] GR3D_FREQ 5% cpu@57.343C soc2@55.75C soc0@56.593C gpu@57.281C tj@58.125C soc1@58.125C VDD_IN 8656mW/8630mW VDD_CPU_GPU_CV 2621mW/2601mW VDD_SOC 2625mW/2625mW
08-04-2026 13:52:52 RAM 3829/7620MB (lfb 1x1MB) SWAP 2374/12002MB (cached 119MB) CPU [0%@1728,0%@1728,9%@1728,100%@1728,0%@1728,0%@1728] GR3D_FREQ 5% cpu@57.125C soc2@55.781C soc0@56.687C gpu@56.875C tj@58.156C soc1@58.156C VDD_IN 8656mW/8631mW VDD_CPU_GPU_CV 2621mW/2601mW VDD_SOC 2625mW/2625mW
08-04-2026 13:52:52 RAM 3829/7620MB (lfb 1x1MB) SWAP 2374/12002MB (cached 119MB) CPU [0%@1728,0%@1728,0%@1728,100%@1728,0%@1728,0%@1728] GR3D_FREQ 5% cpu@57.062C soc2@55.812C soc0@56.75C gpu@56.781C tj@58.218C soc1@58.218C VDD_IN 8669mW/8631mW VDD_CPU_GPU_CV 2621mW/2601mW VDD_SOC 2625mW/2625mW
08-04-2026 13:52:53 RAM 3829/7620MB (lfb 1x1MB) SWAP 2374/12002MB (cached 119MB) CPU [0%@1728,0%@1728,0%@1728,100%@1728,0%@1728,0%@1728] GR3D_FREQ 5% cpu@57.156C soc2@55.781C soc0@56.781C gpu@57.312C tj@58.437C soc1@58.437C VDD_IN 8669mW/8632mW VDD_CPU_GPU_CV 2621mW/2601mW VDD_SOC 2625mW/2625mW
08-04-2026 13:52:53 RAM 3829/7620MB (lfb 1x1MB) SWAP 2374/12002MB (cached 119MB) CPU [0%@1728,0%@1728,0%@1728,100%@1728,0%@1728,0%@1728] GR3D_FREQ 5% cpu@57.25C soc2@55.812C soc0@56.625C gpu@56.812C tj@58.156C soc1@58.156C VDD_IN 8669mW/8632mW VDD_CPU_GPU_CV 2621mW/2602mW VDD_SOC 2625mW/2625mW
08-04-2026 13:52:53 RAM 3829/7620MB (lfb 1x1MB) SWAP 2374/12002MB (cached 119MB) CPU [0%@1728,0%@1728,0%@1728,100%@1728,0%@1728,0%@1728] GR3D_FREQ 5% cpu@57.031C soc2@55.75C soc0@56.593C gpu@56.781C tj@58.156C soc1@58.218C VDD_IN 8669mW/8633mW VDD_CPU_GPU_CV 2621mW/2602mW VDD_SOC 2625mW/2625mW
08-04-2026 13:52:53 RAM 3829/7620MB (lfb 1x1MB) SWAP 2374/12002MB (cached 119MB) CPU [9%@1728,0%@1728,0%@1728,100%@1728,0%@1728,0%@1728] GR3D_FREQ 5% cpu@57.062C soc2@55.781C soc0@56.687C gpu@57.187C tj@58.281C soc1@58.281C VDD_IN 8669mW/8633mW VDD_CPU_GPU_CV 2621mW/2602mW VDD_SOC 2625mW/2625mW
08-04-2026 13:52:53 RAM 3834/7620MB (lfb 1x1MB) SWAP 2374/12002MB (cached 119MB) CPU [0%@1728,27%@1728,25%@1728,100%@1728,0%@1728,0%@1728] GR3D_FREQ 5% cpu@57.218C soc2@55.843C soc0@56.812C gpu@56.812C tj@58.375C soc1@58.375C VDD_IN 8738mW/8635mW VDD_CPU_GPU_CV 2662mW/2603mW VDD_SOC 2625mW/2625mW
08-04-2026 13:52:53 RAM 3834/7620MB (lfb 1x1MB) SWAP 2374/12002MB (cached 119MB) CPU [9%@1728,0%@1728,0%@1728,100%@1728,0%@1728,9%@1728] GR3D_FREQ 5% cpu@57.218C soc2@56C soc0@56.875C gpu@56.843C tj@58.125C soc1@58.125C VDD_IN 8738mW/8636mW VDD_CPU_GPU_CV 2662mW/2604mW VDD_SOC 2625mW/2625mW
08-04-2026 13:52:53 RAM 3834/7620MB (lfb 1x1MB) SWAP 2374/12002MB (cached 119MB) CPU [8%@1728,8%@1728,0%@1728,100%@1728,0%@1728,0%@1728] GR3D_FREQ 5% cpu@57C soc2@55.812C soc0@56.625C gpu@57.218C tj@58.156C soc1@58.156C VDD_IN 8697mW/8637mW VDD_CPU_GPU_CV 2662mW/2605mW VDD_SOC 2625mW/2625mW
08-04-2026 13:52:53 RAM 3834/7620MB (lfb 1x1MB) SWAP 2374/12002MB (cached 119MB) CPU [0%@1728,0%@1728,0%@1728,100%@1728,0%@1728,0%@1728] GR3D_FREQ 5% cpu@57.218C soc2@55.812C soc0@56.75C gpu@56.781C tj@58.218C soc1@58.218C VDD_IN 8697mW/8638mW VDD_CPU_GPU_CV 2662mW/2605mW VDD_SOC 2625mW/2625mW
08-04-2026 13:52:53 RAM 3834/7620MB (lfb 1x1MB) SWAP 2374/12002MB (cached 119MB) CPU [16%@1728,0%@1728,0%@1728,100%@1728,0%@1728,0%@1728] GR3D_FREQ 5% cpu@57.125C soc2@55.812C soc0@56.812C gpu@56.718C tj@58.312C soc1@58.312C VDD_IN 8697mW/8639mW VDD_CPU_GPU_CV 2662mW/2606mW VDD_SOC 2625mW/2625mW
08-04-2026 13:52:54 RAM 3834/7620MB (lfb 1x1MB) SWAP 2374/12002MB (cached 119MB) CPU [0%@1728,0%@1728,0%@1728,100%@1728,0%@1728,0%@1728] GR3D_FREQ 5% cpu@57.187C soc2@55.875C soc0@56.843C gpu@57.031C tj@58.25C soc1@58.25C VDD_IN 8697mW/8640mW VDD_CPU_GPU_CV 2662mW/2607mW VDD_SOC 2625mW/2625mW
08-04-2026 13:52:54 RAM 3834/7620MB (lfb 1x1MB) SWAP 2374/12002MB (cached 119MB) CPU [0%@1728,0%@1728,9%@1728,100%@1728,0%@1728,0%@1728] GR3D_FREQ 5% cpu@57.125C soc2@55.781C soc0@56.656C gpu@57.031C tj@58.281C soc1@58.281C VDD_IN 8697mW/8640mW VDD_CPU_GPU_CV 2662mW/2608mW VDD_SOC 2625mW/2625mW
08-04-2026 13:52:54 RAM 3834/7620MB (lfb 1x1MB) SWAP 2374/12002MB (cached 119MB) CPU [0%@1728,0%@1728,0%@1728,100%@1728,0%@1728,0%@1728] GR3D_FREQ 5% cpu@57.062C soc2@55.812C soc0@56.625C gpu@57.25C tj@58.25C soc1@58.25C VDD_IN 8656mW/8641mW VDD_CPU_GPU_CV 2662mW/2608mW VDD_SOC 2625mW/2625mW
08-04-2026 13:52:54 RAM 3834/7620MB (lfb 1x1MB) SWAP 2374/12002MB (cached 119MB) CPU [0%@1728,0%@1728,0%@1728,100%@1728,0%@1728,0%@1728] GR3D_FREQ 5% cpu@57.125C soc2@55.812C soc0@56.781C gpu@57.125C tj@58.281C soc1@58.281C VDD_IN 8656mW/8641mW VDD_CPU_GPU_CV 2621mW/2609mW VDD_SOC 2625mW/2625mW
08-04-2026 13:52:54 RAM 3834/7620MB (lfb 1x1MB) SWAP 2374/12002MB (cached 119MB) CPU [0%@1728,0%@1728,0%@1728,100%@1728,0%@1728,0%@1728] GR3D_FREQ 5% cpu@57.156C soc2@55.843C soc0@56.812C gpu@57C tj@58.187C soc1@58.187C VDD_IN 8656mW/8641mW VDD_CPU_GPU_CV 2621mW/2609mW VDD_SOC 2625mW/2625mW
08-04-2026 13:52:54 RAM 3834/7620MB (lfb 1x1MB) SWAP 2374/12002MB (cached 119MB) CPU [9%@1728,0%@1728,0%@1728,100%@1728,8%@1728,16%@1728] GR3D_FREQ 5% cpu@57.187C soc2@55.75C soc0@56.593C gpu@57.218C tj@58.125C soc1@58.125C VDD_IN 8656mW/8641mW VDD_CPU_GPU_CV 2621mW/2609mW VDD_SOC 2625mW/2625mW
08-04-2026 13:52:54 RAM 3834/7620MB (lfb 1x1MB) SWAP 2374/12002MB (cached 119MB) CPU [0%@1728,9%@1728,0%@1728,100%@1728,9%@1728,9%@1728] GR3D_FREQ 5% cpu@57.156C soc2@55.812C soc0@56.562C gpu@57.062C tj@58.187C soc1@58.187C VDD_IN 8656mW/8641mW VDD_CPU_GPU_CV 2662mW/2610mW VDD_SOC 2625mW/2625mW
08-04-2026 13:52:54 RAM 3834/7620MB (lfb 1x1MB) SWAP 2374/12002MB (cached 119MB) CPU [0%@1728,0%@1728,9%@1728,100%@1728,0%@1728,0%@1728] GR3D_FREQ 5% cpu@57.125C soc2@55.812C soc0@56.75C gpu@57.031C tj@58.281C soc1@58.281C VDD_IN 8656mW/8641mW VDD_CPU_GPU_CV 2621mW/2610mW VDD_SOC 2625mW/2625mW
08-04-2026 13:52:54 RAM 3834/7620MB (lfb 1x1MB) SWAP 2374/12002MB (cached 119MB) CPU [0%@1728,0%@1728,0%@1728,100%@1728,0%@1728,0%@1728] GR3D_FREQ 5% cpu@57.187C soc2@55.843C soc0@56.781C gpu@57.312C tj@58.093C soc1@58.093C VDD_IN 8656mW/8642mW VDD_CPU_GPU_CV 2621mW/2610mW VDD_SOC 2625mW/2625mW
08-04-2026 13:52:54 RAM 3834/7620MB (lfb 1x1MB) SWAP 2374/12002MB (cached 119MB) CPU [0%@1728,0%@1728,0%@1728,100%@1728,0%@1728,0%@1728] GR3D_FREQ 5% cpu@57.125C soc2@55.812C soc0@56.562C gpu@57.093C tj@58.156C soc1@58.156C VDD_IN 8656mW/8642mW VDD_CPU_GPU_CV 2621mW/2610mW VDD_SOC 2625mW/2625mW
08-04-2026 13:52:55 RAM 3834/7620MB (lfb 1x1MB) SWAP 2374/12002MB (cached 119MB) CPU [0%@1728,8%@1728,9%@1728,100%@1728,0%@1728,0%@1728] GR3D_FREQ 5% cpu@57.156C soc2@55.812C soc0@56.656C gpu@56.968C tj@58.281C soc1@58.281C VDD_IN 8656mW/8642mW VDD_CPU_GPU_CV 2621mW/2610mW VDD_SOC 2625mW/2625mW
08-04-2026 13:52:55 RAM 3834/7620MB (lfb 1x1MB) SWAP 2374/12002MB (cached 119MB) CPU [0%@1728,0%@1728,0%@1728,100%@1728,9%@1728,0%@1728] GR3D_FREQ 6% cpu@57.187C soc2@55.812C soc0@56.781C gpu@57.156C tj@58.281C soc1@58.281C VDD_IN 8656mW/8642mW VDD_CPU_GPU_CV 2621mW/2610mW VDD_SOC 2625mW/2625mW
08-04-2026 13:52:55 RAM 3834/7620MB (lfb 1x1MB) SWAP 2374/12002MB (cached 119MB) CPU [0%@1728,0%@1728,0%@1728,100%@1728,0%@1728,0%@1728] GR3D_FREQ 5% cpu@57.156C soc2@55.843C soc0@56.781C gpu@57.031C tj@58.437C soc1@58.437C VDD_IN 8656mW/8642mW VDD_CPU_GPU_CV 2621mW/2610mW VDD_SOC 2625mW/2625mW
08-04-2026 13:52:55 RAM 3834/7620MB (lfb 1x1MB) SWAP 2374/12002MB (cached 119MB) CPU [0%@1728,0%@1728,0%@1728,100%@1728,0%@1728,0%@1728] GR3D_FREQ 5% cpu@57.156C soc2@55.875C soc0@56.593C gpu@56.937C tj@58.062C soc1@58.062C VDD_IN 8669mW/8643mW VDD_CPU_GPU_CV 2621mW/2610mW VDD_SOC 2625mW/2625mW
08-04-2026 13:52:55 RAM 3834/7620MB (lfb 1x1MB) SWAP 2374/12002MB (cached 119MB) CPU [0%@1728,0%@1728,0%@1728,100%@1728,0%@1728,0%@1728] GR3D_FREQ 5% cpu@57.125C soc2@55.812C soc0@56.593C gpu@57.218C tj@58.156C soc1@58.156C VDD_IN 8656mW/8643mW VDD_CPU_GPU_CV 2621mW/2611mW VDD_SOC 2625mW/2625mW
08-04-2026 13:52:55 RAM 3834/7620MB (lfb 1x1MB) SWAP 2374/12002MB (cached 119MB) CPU [9%@1728,0%@1728,8%@1728,100%@1728,0%@1728,0%@1728] GR3D_FREQ 5% cpu@57.093C soc2@55.781C soc0@56.687C gpu@56.968C tj@58.343C soc1@58.343C VDD_IN 8656mW/8643mW VDD_CPU_GPU_CV 2621mW/2611mW VDD_SOC 2625mW/2625mW
08-04-2026 13:52:55 RAM 3834/7620MB (lfb 1x1MB) SWAP 2374/12002MB (cached 119MB) CPU [0%@1728,0%@1728,0%@1728,100%@1728,0%@1728,9%@1728] GR3D_FREQ 5% cpu@57.156C soc2@55.812C soc0@56.687C gpu@56.937C tj@58.343C soc1@58.343C VDD_IN 8656mW/8643mW VDD_CPU_GPU_CV 2621mW/2611mW VDD_SOC 2625mW/2625mW
08-04-2026 13:52:55 RAM 3834/7620MB (lfb 1x1MB) SWAP 2374/12002MB (cached 119MB) CPU [0%@1728,0%@1728,0%@1728,100%@1728,0%@1728,0%@1728] GR3D_FREQ 5% cpu@57.25C soc2@55.906C soc0@56.593C gpu@57.156C tj@58.062C soc1@58.062C VDD_IN 8656mW/8643mW VDD_CPU_GPU_CV 2621mW/2611mW VDD_SOC 2625mW/2625mW
08-04-2026 13:52:55 RAM 3834/7620MB (lfb 1x1MB) SWAP 2374/12002MB (cached 119MB) CPU [0%@1728,0%@1728,0%@1728,100%@1728,0%@1728,0%@1728] GR3D_FREQ 5% cpu@57.062C soc2@55.781C soc0@56.593C gpu@56.968C tj@58.187C soc1@58.187C VDD_IN 8656mW/8643mW VDD_CPU_GPU_CV 2621mW/2611mW VDD_SOC 2625mW/2625mW
08-04-2026 13:52:56 RAM 3834/7620MB (lfb 1x1MB) SWAP 2374/12002MB (cached 119MB) CPU [0%@1728,0%@1728,0%@1728,100%@1728,8%@1728,0%@1728] GR3D_FREQ 5% cpu@57.156C soc2@55.812C soc0@56.656C gpu@56.906C tj@58.25C soc1@58.25C VDD_IN 8656mW/8643mW VDD_CPU_GPU_CV 2621mW/2611mW VDD_SOC 2625mW/2625mW
08-04-2026 13:52:56 RAM 3834/7620MB (lfb 1x1MB) SWAP 2374/12002MB (cached 119MB) CPU [0%@1728,0%@1728,0%@1728,100%@1728,0%@1728,0%@1728] GR3D_FREQ 5% cpu@57.093C soc2@55.843C soc0@56.75C gpu@57.062C tj@58.281C soc1@58.281C VDD_IN 8669mW/8644mW VDD_CPU_GPU_CV 2621mW/2611mW VDD_SOC 2625mW/2625mW
08-04-2026 13:52:56 RAM 3834/7620MB (lfb 1x1MB) SWAP 2374/12002MB (cached 119MB) CPU [0%@1728,0%@1728,0%@1728,100%@1728,0%@1728,0%@1728] GR3D_FREQ 5% cpu@57.156C soc2@55.812C soc0@56.843C gpu@56.968C tj@58.468C soc1@58.468C VDD_IN 8669mW/8644mW VDD_CPU_GPU_CV 2621mW/2611mW VDD_SOC 2625mW/2625mW
08-04-2026 13:52:56 RAM 3834/7620MB (lfb 1x1MB) SWAP 2374/12002MB (cached 119MB) CPU [0%@1728,0%@1728,0%@1728,100%@1728,0%@1728,0%@1728] GR3D_FREQ 5% cpu@57.093C soc2@55.781C soc0@56.687C gpu@56.968C tj@58.093C soc1@58.093C VDD_IN 8628mW/8644mW VDD_CPU_GPU_CV 2621mW/2611mW VDD_SOC 2625mW/2625mW
08-04-2026 13:52:56 RAM 3834/7620MB (lfb 1x1MB) SWAP 2374/12002MB (cached 119MB) CPU [9%@1728,0%@1728,0%@1728,100%@1728,0%@1728,0%@1728] GR3D_FREQ 5% cpu@57.093C soc2@55.781C soc0@56.562C gpu@57.093C tj@58.125C soc1@58.218C VDD_IN 8628mW/8644mW VDD_CPU_GPU_CV 2621mW/2611mW VDD_SOC 2625mW/2625mW
08-04-2026 13:52:56 RAM 3834/7620MB (lfb 1x1MB) SWAP 2374/12002MB (cached 119MB) CPU [0%@1728,0%@1728,0%@1728,100%@1728,0%@1728,0%@1728] GR3D_FREQ 5% cpu@57.031C soc2@55.843C soc0@56.781C gpu@56.968C tj@58.25C soc1@58.25C VDD_IN 8669mW/8644mW VDD_CPU_GPU_CV 2621mW/2612mW VDD_SOC 2625mW/2625mW
08-04-2026 13:52:56 RAM 3834/7620MB (lfb 1x1MB) SWAP 2374/12002MB (cached 119MB) CPU [0%@1728,0%@1728,0%@1728,100%@1728,0%@1728,9%@1728] GR3D_FREQ 5% cpu@57.125C soc2@55.812C soc0@56.843C gpu@56.843C tj@58.406C soc1@58.406C VDD_IN 8669mW/8644mW VDD_CPU_GPU_CV 2621mW/2612mW VDD_SOC 2625mW/2625mW
08-04-2026 13:52:56 RAM 3838/7620MB (lfb 1x1MB) SWAP 2374/12002MB (cached 119MB) CPU [10%@1728,20%@1728,9%@1728,100%@1728,0%@1728,0%@1728] GR3D_FREQ 5% cpu@57.062C soc2@55.812C soc0@56.531C gpu@57.031C tj@58.156C soc1@58.156C VDD_IN 8697mW/8645mW VDD_CPU_GPU_CV 2662mW/2612mW VDD_SOC 2625mW/2625mW
08-04-2026 13:52:56 RAM 3838/7620MB (lfb 1x1MB) SWAP 2374/12002MB (cached 119MB) CPU [0%@1728,0%@1728,0%@1728,100%@1728,0%@1728,0%@1728] GR3D_FREQ 5% cpu@57.187C soc2@55.781C soc0@56.531C gpu@56.906C tj@58.187C soc1@58.187C VDD_IN 8697mW/8645mW VDD_CPU_GPU_CV 2662mW/2613mW VDD_SOC 2625mW/2625mW
08-04-2026 13:52:56 RAM 3838/7620MB (lfb 1x1MB) SWAP 2374/12002MB (cached 119MB) CPU [0%@1728,0%@1728,0%@1728,100%@1728,0%@1728,0%@1728] GR3D_FREQ 5% cpu@57.093C soc2@55.812C soc0@56.718C gpu@56.968C tj@58.218C soc1@58.218C VDD_IN 8697mW/8646mW VDD_CPU_GPU_CV 2662mW/2613mW VDD_SOC 2625mW/2625mW
08-04-2026 13:52:57 RAM 3838/7620MB (lfb 1x1MB) SWAP 2374/12002MB (cached 119MB) CPU [0%@1728,0%@1728,0%@1728,100%@1728,0%@1728,0%@1728] GR3D_FREQ 5% cpu@57.156C soc2@55.843C soc0@56.781C gpu@57.031C tj@58.343C soc1@58.343C VDD_IN 8656mW/8646mW VDD_CPU_GPU_CV 2662mW/2614mW VDD_SOC 2625mW/2625mW
08-04-2026 13:52:57 RAM 3838/7620MB (lfb 1x1MB) SWAP 2374/12002MB (cached 119MB) CPU [0%@1728,0%@1728,0%@1728,100%@1728,0%@1728,0%@1728] GR3D_FREQ 5% cpu@57.093C soc2@55.875C soc0@56.812C gpu@56.937C tj@58.125C soc1@58.125C VDD_IN 8656mW/8646mW VDD_CPU_GPU_CV 2662mW/2614mW VDD_SOC 2625mW/2625mW
08-04-2026 13:52:57 RAM 3838/7620MB (lfb 1x1MB) SWAP 2374/12002MB (cached 119MB) CPU [0%@1728,0%@1728,0%@1728,100%@1728,0%@1728,0%@1728] GR3D_FREQ 5% cpu@57.125C soc2@55.812C soc0@56.656C gpu@56.843C tj@58.156C soc1@58.156C VDD_IN 8656mW/8646mW VDD_CPU_GPU_CV 2621mW/2614mW VDD_SOC 2625mW/2625mW
08-04-2026 13:52:57 RAM 3838/7620MB (lfb 1x1MB) SWAP 2374/12002MB (cached 119MB) CPU [0%@1728,0%@1728,9%@1728,100%@1728,0%@1728,0%@1728] GR3D_FREQ 5% cpu@57.031C soc2@55.75C soc0@56.687C gpu@57C tj@58.218C soc1@58.218C VDD_IN 8656mW/8646mW VDD_CPU_GPU_CV 2621mW/2614mW VDD_SOC 2625mW/2625mW
08-04-2026 13:52:57 RAM 3838/7620MB (lfb 1x1MB) SWAP 2374/12002MB (cached 119MB) CPU [0%@1728,0%@1728,0%@1728,100%@1728,9%@1728,0%@1728] GR3D_FREQ 5% cpu@57.187C soc2@55.812C soc0@56.718C gpu@56.968C tj@58.343C soc1@58.343C VDD_IN 8656mW/8646mW VDD_CPU_GPU_CV 2621mW/2614mW VDD_SOC 2625mW/2625mW
08-04-2026 13:52:57 RAM 3838/7620MB (lfb 1x1MB) SWAP 2374/12002MB (cached 119MB) CPU [0%@1728,0%@1728,0%@1728,100%@1728,0%@1728,0%@1728] GR3D_FREQ 5% cpu@57.468C soc2@55.906C soc0@56.812C gpu@56.843C tj@58.125C soc1@58.125C VDD_IN 8656mW/8646mW VDD_CPU_GPU_CV 2662mW/2615mW VDD_SOC 2625mW/2625mW
08-04-2026 13:52:57 RAM 3838/7620MB (lfb 1x1MB) SWAP 2374/12002MB (cached 119MB) CPU [0%@1728,0%@1728,0%@1728,100%@1728,0%@1728,0%@1728] GR3D_FREQ 5% cpu@57.062C soc2@55.75C soc0@56.656C gpu@57C tj@58.218C soc1@58.218C VDD_IN 8656mW/8646mW VDD_CPU_GPU_CV 2621mW/2615mW VDD_SOC 2625mW/2625mW
08-04-2026 13:52:57 RAM 3838/7620MB (lfb 1x1MB) SWAP 2374/12002MB (cached 119MB) CPU [0%@1728,0%@1728,0%@1728,100%@1728,0%@1728,0%@1728] GR3D_FREQ 5% cpu@57.093C soc2@55.812C soc0@56.625C gpu@56.937C tj@58.187C soc1@58.187C VDD_IN 8656mW/8646mW VDD_CPU_GPU_CV 2621mW/2615mW VDD_SOC 2625mW/2625mW
08-04-2026 13:52:57 RAM 3838/7620MB (lfb 1x1MB) SWAP 2374/12002MB (cached 119MB) CPU [16%@1728,0%@1728,0%@1728,100%@1728,0%@1728,0%@1728] GR3D_FREQ 5% cpu@57.093C soc2@55.843C soc0@56.687C gpu@56.812C tj@58.312C soc1@58.312C VDD_IN 8656mW/8646mW VDD_CPU_GPU_CV 2621mW/2615mW VDD_SOC 2625mW/2625mW
08-04-2026 13:52:58 RAM 3838/7620MB (lfb 1x1MB) SWAP 2374/12002MB (cached 119MB) CPU [9%@1728,0%@1728,8%@1728,100%@1728,0%@1728,0%@1728] GR3D_FREQ 5% cpu@57.062C soc2@55.875C soc0@56.812C gpu@56.968C tj@58.375C soc1@58.375C VDD_IN 8656mW/8647mW VDD_CPU_GPU_CV 2621mW/2615mW VDD_SOC 2625mW/2625mW
08-04-2026 13:52:58 RAM 3838/7620MB (lfb 1x1MB) SWAP 2374/12002MB (cached 119MB) CPU [0%@1728,0%@1728,0%@1728,100%@1728,0%@1728,0%@1728] GR3D_FREQ 5% cpu@57.125C soc2@55.687C soc0@56.625C gpu@56.937C tj@58.187C soc1@58.187C VDD_IN 8656mW/8647mW VDD_CPU_GPU_CV 2621mW/2615mW VDD_SOC 2625mW/2625mW
08-04-2026 13:52:58 RAM 3838/7620MB (lfb 1x1MB) SWAP 2374/12002MB (cached 119MB) CPU [0%@1728,0%@1728,0%@1728,100%@1728,0%@1728,0%@1728] GR3D_FREQ 5% cpu@57.156C soc2@55.781C soc0@56.781C gpu@56.843C tj@58.187C soc1@58.187C VDD_IN 8656mW/8647mW VDD_CPU_GPU_CV 2621mW/2615mW VDD_SOC 2625mW/2625mW
08-04-2026 13:52:58 RAM 3838/7620MB (lfb 1x1MB) SWAP 2374/12002MB (cached 119MB) CPU [9%@1728,8%@1728,0%@1728,100%@1728,0%@1728,0%@1728] GR3D_FREQ 5% cpu@57.031C soc2@55.812C soc0@56.75C gpu@56.937C tj@58.218C soc1@58.218C VDD_IN 8656mW/8647mW VDD_CPU_GPU_CV 2621mW/2615mW VDD_SOC 2625mW/2625mW
08-04-2026 13:52:58 RAM 3838/7620MB (lfb 1x1MB) SWAP 2374/12002MB (cached 119MB) CPU [0%@1728,0%@1728,9%@1728,100%@1728,0%@1728,0%@1728] GR3D_FREQ 5% cpu@57.156C soc2@55.812C soc0@56.687C gpu@56.937C tj@58.281C soc1@58.281C VDD_IN 8656mW/8647mW VDD_CPU_GPU_CV 2621mW/2615mW VDD_SOC 2625mW/2625mW
08-04-2026 13:52:58 RAM 3838/7620MB (lfb 1x1MB) SWAP 2374/12002MB (cached 119MB) CPU [0%@1728,0%@1728,9%@1728,100%@1728,9%@1728,0%@1728] GR3D_FREQ 5% cpu@57.531C soc2@55.906C soc0@56.656C gpu@56.781C tj@58.125C soc1@58.125C VDD_IN 8656mW/8647mW VDD_CPU_GPU_CV 2621mW/2615mW VDD_SOC 2625mW/2625mW
08-04-2026 13:52:58 RAM 3838/7620MB (lfb 1x1MB) SWAP 2374/12002MB (cached 119MB) CPU [0%@1728,0%@1728,0%@1728,100%@1728,0%@1728,9%@1728] GR3D_FREQ 5% cpu@57.031C soc2@55.812C soc0@56.656C gpu@57.031C tj@58.187C soc1@58.187C VDD_IN 8656mW/8647mW VDD_CPU_GPU_CV 2621mW/2615mW VDD_SOC 2625mW/2625mW
08-04-2026 13:52:58 RAM 3838/7620MB (lfb 1x1MB) SWAP 2374/12002MB (cached 119MB) CPU [0%@1728,0%@1728,0%@1728,100%@1728,0%@1728,0%@1728] GR3D_FREQ 5% cpu@56.968C soc2@55.781C soc0@56.656C gpu@56.875C tj@58.25C soc1@58.25C VDD_IN 8656mW/8647mW VDD_CPU_GPU_CV 2621mW/2615mW VDD_SOC 2625mW/2625mW
08-04-2026 13:52:58 RAM 3838/7620MB (lfb 1x1MB) SWAP 2374/12002MB (cached 119MB) CPU [0%@1728,0%@1728,9%@1728,100%@1728,8%@1728,0%@1728] GR3D_FREQ 5% cpu@57.125C soc2@55.906C soc0@56.75C gpu@56.812C tj@58.343C soc1@58.343C VDD_IN 8656mW/8647mW VDD_CPU_GPU_CV 2621mW/2615mW VDD_SOC 2625mW/2625mW
08-04-2026 13:52:58 RAM 3838/7620MB (lfb 1x1MB) SWAP 2374/12002MB (cached 119MB) CPU [9%@1728,0%@1728,0%@1728,100%@1728,10%@1728,0%@1728] GR3D_FREQ 5% cpu@57.406C soc2@55.781C soc0@56.656C gpu@57.312C tj@58.156C soc1@58.156C VDD_IN 8656mW/8647mW VDD_CPU_GPU_CV 2662mW/2616mW VDD_SOC 2625mW/2625mW
08-04-2026 13:52:59 RAM 3838/7620MB (lfb 1x1MB) SWAP 2374/12002MB (cached 119MB) CPU [0%@1728,0%@1728,0%@1728,100%@1728,0%@1728,9%@1728] GR3D_FREQ 5% cpu@57.187C soc2@55.812C soc0@56.593C gpu@56.843C tj@58.187C soc1@58.187C VDD_IN 8656mW/8647mW VDD_CPU_GPU_CV 2621mW/2616mW VDD_SOC 2625mW/2625mW
08-04-2026 13:52:59 RAM 3838/7620MB (lfb 1x1MB) SWAP 2374/12002MB (cached 119MB) CPU [0%@1728,0%@1728,0%@1728,100%@1728,0%@1728,0%@1728] GR3D_FREQ 5% cpu@57.031C soc2@55.812C soc0@56.625C gpu@56.781C tj@58.281C soc1@58.281C VDD_IN 8669mW/8647mW VDD_CPU_GPU_CV 2621mW/2616mW VDD_SOC 2625mW/2625mW
08-04-2026 13:52:59 RAM 3838/7620MB (lfb 1x1MB) SWAP 2374/12002MB (cached 119MB) CPU [0%@1728,0%@1728,0%@1728,100%@1728,0%@1728,0%@1728] GR3D_FREQ 5% cpu@57C soc2@55.843C soc0@56.718C gpu@57.281C tj@58.218C soc1@58.218C VDD_IN 8669mW/8648mW VDD_CPU_GPU_CV 2621mW/2616mW VDD_SOC 2625mW/2625mW
08-04-2026 13:52:59 RAM 3838/7620MB (lfb 1x1MB) SWAP 2374/12002MB (cached 119MB) CPU [0%@1728,0%@1728,0%@1728,100%@1728,0%@1728,0%@1728] GR3D_FREQ 5% cpu@57.437C soc2@55.843C soc0@56.781C gpu@56.812C tj@58.031C soc1@58.031C VDD_IN 8669mW/8648mW VDD_CPU_GPU_CV 2621mW/2616mW VDD_SOC 2625mW/2625mW
08-04-2026 13:52:59 RAM 3838/7620MB (lfb 1x1MB) SWAP 2374/12002MB (cached 119MB) CPU [0%@1728,15%@1728,0%@1728,100%@1728,0%@1728,9%@1728] GR3D_FREQ 5% cpu@57.531C soc2@55.812C soc0@56.5C gpu@56.75C tj@58.125C soc1@58.125C VDD_IN 8656mW/8648mW VDD_CPU_GPU_CV 2621mW/2616mW VDD_SOC 2625mW/2625mW
08-04-2026 13:52:59 RAM 3838/7620MB (lfb 1x1MB) SWAP 2374/12002MB (cached 119MB) CPU [0%@1728,0%@1728,9%@1728,100%@1728,0%@1728,0%@1728] GR3D_FREQ 5% cpu@57.031C soc2@55.812C soc0@56.593C gpu@57.281C tj@58.187C soc1@58.187C VDD_IN 8656mW/8648mW VDD_CPU_GPU_CV 2621mW/2616mW VDD_SOC 2625mW/2625mW
08-04-2026 13:52:59 RAM 3838/7620MB (lfb 1x1MB) SWAP 2374/12002MB (cached 119MB) CPU [0%@1728,0%@1728,0%@1728,100%@1728,0%@1728,0%@1728] GR3D_FREQ 5% cpu@57.125C soc2@55.812C soc0@56.625C gpu@56.75C tj@58.25C soc1@58.25C VDD_IN 8656mW/8648mW VDD_CPU_GPU_CV 2621mW/2616mW VDD_SOC 2625mW/2625mW
08-04-2026 13:52:59 RAM 3838/7620MB (lfb 1x1MB) SWAP 2374/12002MB (cached 119MB) CPU [0%@1728,0%@1728,0%@1728,100%@1728,0%@1728,0%@1728] GR3D_FREQ 5% cpu@57.375C soc2@55.843C soc0@56.75C gpu@56.75C tj@58.437C soc1@58.437C VDD_IN 8656mW/8648mW VDD_CPU_GPU_CV 2621mW/2616mW VDD_SOC 2625mW/2625mW
08-04-2026 13:52:59 RAM 3838/7620MB (lfb 1x1MB) SWAP 2374/12002MB (cached 119MB) CPU [0%@1728,0%@1728,9%@1728,100%@1728,0%@1728,0%@1728] GR3D_FREQ 5% cpu@57.437C soc2@55.812C soc0@56.562C gpu@57.156C tj@58.125C soc1@58.125C VDD_IN 8656mW/8648mW VDD_CPU_GPU_CV 2621mW/2616mW VDD_SOC 2625mW/2625mW
08-04-2026 13:53:00 RAM 3832/7620MB (lfb 1x1MB) SWAP 2374/12002MB (cached 119MB) CPU [20%@1728,0%@1728,0%@1728,100%@1728,16%@1728,0%@1728] GR3D_FREQ 12% cpu@57C soc2@55.75C soc0@56.562C gpu@56.875C tj@58.125C soc1@58.125C VDD_IN 8738mW/8649mW VDD_CPU_GPU_CV 2662mW/2616mW VDD_SOC 2625mW/2625mW
08-04-2026 13:53:00 RAM 3832/7620MB (lfb 1x1MB) SWAP 2374/12002MB (cached 119MB) CPU [0%@1728,0%@1728,0%@1728,100%@1728,0%@1728,0%@1728] GR3D_FREQ 5% cpu@57.125C soc2@55.812C soc0@56.656C gpu@56.718C tj@58.218C soc1@58.218C VDD_IN 8697mW/8649mW VDD_CPU_GPU_CV 2662mW/2617mW VDD_SOC 2625mW/2625mW
08-04-2026 13:53:00 RAM 3832/7620MB (lfb 1x1MB) SWAP 2374/12002MB (cached 119MB) CPU [0%@1728,0%@1728,0%@1728,100%@1728,0%@1728,0%@1728] GR3D_FREQ 5% cpu@57.312C soc2@55.937C soc0@56.718C gpu@57.25C tj@58.406C soc1@58.406C VDD_IN 8697mW/8650mW VDD_CPU_GPU_CV 2662mW/2617mW VDD_SOC 2625mW/2625mW
08-04-2026 13:53:00 RAM 3832/7620MB (lfb 1x1MB) SWAP 2374/12002MB (cached 119MB) CPU [0%@1728,0%@1728,9%@1728,100%@1728,0%@1728,0%@1728] GR3D_FREQ 5% cpu@57.406C soc2@55.968C soc0@56.625C gpu@56.781C tj@58.156C soc1@58.156C VDD_IN 8656mW/8650mW VDD_CPU_GPU_CV 2662mW/2617mW VDD_SOC 2625mW/2625mW
08-04-2026 13:53:00 RAM 3832/7620MB (lfb 1x1MB) SWAP 2374/12002MB (cached 119MB) CPU [0%@1728,0%@1728,0%@1728,100%@1728,0%@1728,0%@1728] GR3D_FREQ 5% cpu@57.187C soc2@55.812C soc0@56.718C gpu@56.718C tj@58.218C soc1@58.218C VDD_IN 8656mW/8650mW VDD_CPU_GPU_CV 2621mW/2617mW VDD_SOC 2625mW/2625mW
08-04-2026 13:53:00 RAM 3832/7620MB (lfb 1x1MB) SWAP 2374/12002MB (cached 119MB) CPU [0%@1728,0%@1728,0%@1728,100%@1728,9%@1728,0%@1728] GR3D_FREQ 5% cpu@57.093C soc2@55.875C soc0@56.718C gpu@57.125C tj@58.25C soc1@58.25C VDD_IN 8656mW/8650mW VDD_CPU_GPU_CV 2662mW/2618mW VDD_SOC 2625mW/2625mW
08-04-2026 13:53:00 RAM 3832/7620MB (lfb 1x1MB) SWAP 2374/12002MB (cached 119MB) CPU [0%@1728,0%@1728,0%@1728,100%@1728,0%@1728,9%@1728] GR3D_FREQ 5% cpu@57.25C soc2@55.812C soc0@56.718C gpu@56.812C tj@58.437C soc1@58.437C VDD_IN 8656mW/8650mW VDD_CPU_GPU_CV 2662mW/2618mW VDD_SOC 2625mW/2625mW
08-04-2026 13:53:00 RAM 3832/7620MB (lfb 1x1MB) SWAP 2374/12002MB (cached 119MB) CPU [0%@1728,0%@1728,0%@1728,100%@1728,0%@1728,0%@1728] GR3D_FREQ 5% cpu@57.437C soc2@55.875C soc0@56.687C gpu@57.343C tj@58.156C soc1@58.156C VDD_IN 8656mW/8650mW VDD_CPU_GPU_CV 2621mW/2618mW VDD_SOC 2625mW/2625mW
08-04-2026 13:53:00 RAM 3832/7620MB (lfb 1x1MB) SWAP 2374/12002MB (cached 119MB) CPU [0%@1728,9%@1728,0%@1728,100%@1728,0%@1728,0%@1728] GR3D_FREQ 5% cpu@57.531C soc2@55.75C soc0@56.656C gpu@57.093C tj@58.218C soc1@58.218C VDD_IN 8656mW/8650mW VDD_CPU_GPU_CV 2621mW/2618mW VDD_SOC 2625mW/2625mW
08-04-2026 13:53:00 RAM 3832/7620MB (lfb 1x1MB) SWAP 2374/12002MB (cached 119MB) CPU [9%@1728,0%@1728,0%@1728,100%@1728,0%@1728,0%@1728] GR3D_FREQ 5% cpu@57.031C soc2@55.812C soc0@56.687C gpu@56.812C tj@58.218C soc1@58.218C VDD_IN 8656mW/8650mW VDD_CPU_GPU_CV 2621mW/2618mW VDD_SOC 2625mW/2625mW
08-04-2026 13:53:01 RAM 3832/7620MB (lfb 1x1MB) SWAP 2374/12002MB (cached 119MB) CPU [0%@1728,0%@1728,0%@1728,100%@1728,0%@1728,0%@1728] GR3D_FREQ 5% cpu@57.25C soc2@55.812C soc0@56.656C gpu@57.312C tj@58.312C soc1@58.312C VDD_IN 8656mW/8650mW VDD_CPU_GPU_CV 2621mW/2618mW VDD_SOC 2625mW/2625mW
08-04-2026 13:53:01 RAM 3832/7620MB (lfb 1x1MB) SWAP 2374/12002MB (cached 119MB) CPU [0%@1728,0%@1728,0%@1728,100%@1728,0%@1728,0%@1728] GR3D_FREQ 5% cpu@57.312C soc2@55.875C soc0@56.812C gpu@57.031C tj@58.406C soc1@58.125C VDD_IN 8656mW/8650mW VDD_CPU_GPU_CV 2621mW/2618mW VDD_SOC 2625mW/2625mW
08-04-2026 13:53:01 RAM 3832/7620MB (lfb 1x1MB) SWAP 2374/12002MB (cached 119MB) CPU [0%@1728,0%@1728,0%@1728,100%@1728,0%@1728,0%@1728] GR3D_FREQ 5% cpu@57.5C soc2@55.781C soc0@56.562C gpu@56.906C tj@58.156C soc1@58.156C VDD_IN 8656mW/8650mW VDD_CPU_GPU_CV 2621mW/2618mW VDD_SOC 2625mW/2625mW
08-04-2026 13:53:01 RAM 3832/7620MB (lfb 1x1MB) SWAP 2374/12002MB (cached 119MB) CPU [0%@1728,0%@1728,0%@1728,100%@1728,0%@1728,0%@1728] GR3D_FREQ 5% cpu@57.125C soc2@55.875C soc0@56.531C gpu@57.187C tj@58.156C soc1@58.156C VDD_IN 8615mW/8650mW VDD_CPU_GPU_CV 2621mW/2618mW VDD_SOC 2625mW/2625mW
08-04-2026 13:53:01 RAM 3832/7620MB (lfb 1x1MB) SWAP 2374/12002MB (cached 119MB) CPU [0%@1728,0%@1728,0%@1728,100%@1728,0%@1728,0%@1728] GR3D_FREQ 5% cpu@57.187C soc2@55.843C soc0@56.781C gpu@57.031C tj@58.312C soc1@58.312C VDD_IN 8656mW/8650mW VDD_CPU_GPU_CV 2621mW/2618mW VDD_SOC 2625mW/2625mW
08-04-2026 13:53:01 RAM 3832/7620MB (lfb 1x1MB) SWAP 2374/12002MB (cached 119MB) CPU [0%@1728,0%@1728,0%@1728,100%@1728,0%@1728,0%@1728] GR3D_FREQ 5% cpu@57.312C soc2@55.812C soc0@56.812C gpu@57C tj@58.375C soc1@58.375C VDD_IN 8656mW/8650mW VDD_CPU_GPU_CV 2621mW/2618mW VDD_SOC 2625mW/2625mW
08-04-2026 13:53:01 RAM 3832/7620MB (lfb 1x1MB) SWAP 2374/12002MB (cached 119MB) CPU [0%@1728,0%@1728,0%@1728,100%@1728,0%@1728,0%@1728] GR3D_FREQ 5% cpu@57.375C soc2@55.812C soc0@56.562C gpu@57.218C tj@58.093C soc1@58.093C VDD_IN 8656mW/8650mW VDD_CPU_GPU_CV 2621mW/2618mW VDD_SOC 2625mW/2625mW
08-04-2026 13:53:01 RAM 3832/7620MB (lfb 1x1MB) SWAP 2374/12002MB (cached 119MB) CPU [9%@1728,0%@1728,0%@1728,100%@1728,0%@1728,0%@1728] GR3D_FREQ 5% cpu@57.437C soc2@55.812C soc0@56.625C gpu@57.031C tj@58.218C soc1@58.218C VDD_IN 8656mW/8650mW VDD_CPU_GPU_CV 2621mW/2618mW VDD_SOC 2625mW/2625mW
08-04-2026 13:53:01 RAM 3832/7620MB (lfb 1x1MB) SWAP 2374/12002MB (cached 119MB) CPU [9%@1728,0%@1728,0%@1728,100%@1728,0%@1728,0%@1728] GR3D_FREQ 5% cpu@57.156C soc2@55.812C soc0@56.656C gpu@56.937C tj@58.375C soc1@58.375C VDD_IN 8656mW/8650mW VDD_CPU_GPU_CV 2621mW/2618mW VDD_SOC 2625mW/2625mW
08-04-2026 13:53:02 RAM 3832/7620MB (lfb 1x1MB) SWAP 2374/12002MB (cached 119MB) CPU [0%@1728,9%@1728,0%@1728,100%@1728,0%@1728,0%@1728] GR3D_FREQ 5% cpu@57.281C soc2@55.906C soc0@56.781C gpu@57.156C tj@58.312C soc1@58.312C VDD_IN 8656mW/8650mW VDD_CPU_GPU_CV 2621mW/2618mW VDD_SOC 2625mW/2625mW
08-04-2026 13:53:02 RAM 3832/7620MB (lfb 1x1MB) SWAP 2374/12002MB (cached 119MB) CPU [9%@1728,0%@1728,0%@1728,100%@1728,0%@1728,0%@1728] GR3D_FREQ 5% cpu@57.312C soc2@55.875C soc0@56.593C gpu@57C tj@58.156C soc1@58.156C VDD_IN 8656mW/8650mW VDD_CPU_GPU_CV 2621mW/2618mW VDD_SOC 2625mW/2625mW
08-04-2026 13:53:02 RAM 3832/7620MB (lfb 1x1MB) SWAP 2374/12002MB (cached 119MB) CPU [16%@1728,0%@1728,0%@1728,100%@1728,0%@1728,0%@1728] GR3D_FREQ 5% cpu@57.5C soc2@55.781C soc0@56.656C gpu@56.906C tj@58.156C soc1@58.156C VDD_IN 8656mW/8650mW VDD_CPU_GPU_CV 2621mW/2618mW VDD_SOC 2625mW/2625mW
08-04-2026 13:53:02 RAM 3832/7620MB (lfb 1x1MB) SWAP 2374/12002MB (cached 119MB) CPU [0%@1728,0%@1728,0%@1728,100%@1728,0%@1728,0%@1728] GR3D_FREQ 5% cpu@57.062C soc2@55.812C soc0@56.625C gpu@57.156C tj@58.281C soc1@58.281C VDD_IN 8669mW/8650mW VDD_CPU_GPU_CV 2621mW/2618mW VDD_SOC 2625mW/2625mW
08-04-2026 13:53:02 RAM 3832/7620MB (lfb 1x1MB) SWAP 2374/12002MB (cached 119MB) CPU [0%@1728,9%@1728,0%@1728,100%@1728,0%@1728,0%@1728] GR3D_FREQ 5% cpu@57.25C soc2@55.875C soc0@56.781C gpu@57C tj@58.375C soc1@58.375C VDD_IN 8669mW/8650mW VDD_CPU_GPU_CV 2621mW/2618mW VDD_SOC 2625mW/2625mW
08-04-2026 13:53:02 RAM 3832/7620MB (lfb 1x1MB) SWAP 2374/12002MB (cached 119MB) CPU [0%@1728,0%@1728,9%@1728,100%@1728,0%@1728,0%@1728] GR3D_FREQ 5% cpu@57.281C soc2@55.875C soc0@56.843C gpu@56.906C tj@58.125C soc1@58.125C VDD_IN 8656mW/8650mW VDD_CPU_GPU_CV 2621mW/2618mW VDD_SOC 2625mW/2625mW
08-04-2026 13:53:02 RAM 3832/7620MB (lfb 1x1MB) SWAP 2374/12002MB (cached 119MB) CPU [0%@1728,0%@1728,0%@1728,100%@1728,9%@1728,0%@1728] GR3D_FREQ 5% cpu@57.312C soc2@55.75C soc0@56.687C gpu@57.218C tj@58.187C soc1@58.187C VDD_IN 8656mW/8650mW VDD_CPU_GPU_CV 2621mW/2618mW VDD_SOC 2625mW/2625mW
08-04-2026 13:53:02 RAM 3832/7620MB (lfb 1x1MB) SWAP 2374/12002MB (cached 119MB) CPU [0%@1728,0%@1728,0%@1728,100%@1728,0%@1728,0%@1728] GR3D_FREQ 5% cpu@56.968C soc2@55.812C soc0@56.687C gpu@56.906C tj@58.187C soc1@58.187C VDD_IN 8669mW/8650mW VDD_CPU_GPU_CV 2621mW/2618mW VDD_SOC 2625mW/2625mW
08-04-2026 13:53:02 RAM 3832/7620MB (lfb 1x1MB) SWAP 2374/12002MB (cached 119MB) CPU [0%@1728,8%@1728,9%@1728,100%@1728,0%@1728,0%@1728] GR3D_FREQ 5% cpu@57.25C soc2@55.875C soc0@56.75C gpu@56.937C tj@58.343C soc1@58.343C VDD_IN 8669mW/8651mW VDD_CPU_GPU_CV 2621mW/2618mW VDD_SOC 2625mW/2625mW
08-04-2026 13:53:02 RAM 3832/7620MB (lfb 1x1MB) SWAP 2374/12002MB (cached 119MB) CPU [9%@1728,0%@1728,0%@1728,100%@1728,0%@1728,0%@1728] GR3D_FREQ 5% cpu@57.187C soc2@55.781C soc0@56.812C gpu@57.093C tj@58.187C soc1@58.187C VDD_IN 8669mW/8651mW VDD_CPU_GPU_CV 2621mW/2618mW VDD_SOC 2625mW/2625mW
08-04-2026 13:53:03 RAM 3832/7620MB (lfb 1x1MB) SWAP 2374/12002MB (cached 119MB) CPU [0%@1728,0%@1728,0%@1728,100%@1728,0%@1728,0%@1728] GR3D_FREQ 5% cpu@57.187C soc2@55.812C soc0@56.593C gpu@56.968C tj@58.187C soc1@58.187C VDD_IN 8669mW/8651mW VDD_CPU_GPU_CV 2621mW/2618mW VDD_SOC 2625mW/2625mW
08-04-2026 13:53:03 RAM 3834/7620MB (lfb 1x1MB) SWAP 2374/12002MB (cached 119MB) CPU [0%@1728,9%@1728,9%@1728,100%@1728,0%@1728,8%@1728] GR3D_FREQ 5% cpu@57.437C soc2@55.718C soc0@56.656C gpu@57C tj@58.156C soc1@58.156C VDD_IN 8656mW/8651mW VDD_CPU_GPU_CV 2621mW/2618mW VDD_SOC 2625mW/2625mW
08-04-2026 13:53:03 RAM 3833/7620MB (lfb 1x1MB) SWAP 2374/12002MB (cached 119MB) CPU [18%@1728,0%@1728,23%@1728,100%@1728,0%@1728,0%@1728] GR3D_FREQ 5% cpu@57.25C soc2@55.843C soc0@56.75C gpu@57.031C tj@58.312C soc1@58.312C VDD_IN 8697mW/8651mW VDD_CPU_GPU_CV 2662mW/2619mW VDD_SOC 2625mW/2625mW
08-04-2026 13:53:03 RAM 3833/7620MB (lfb 1x1MB) SWAP 2374/12002MB (cached 119MB) CPU [0%@1728,8%@1728,0%@1728,100%@1728,0%@1728,0%@1728] GR3D_FREQ 5% cpu@57.25C soc2@55.843C soc0@56.781C gpu@57C tj@58.468C soc1@58.468C VDD_IN 8697mW/8651mW VDD_CPU_GPU_CV 2662mW/2619mW VDD_SOC 2625mW/2625mW
08-04-2026 13:53:03 RAM 3833/7620MB (lfb 1x1MB) SWAP 2374/12002MB (cached 119MB) CPU [0%@1728,0%@1728,0%@1728,100%@1728,0%@1728,0%@1728] GR3D_FREQ 5% cpu@57.312C soc2@55.812C soc0@56.531C gpu@56.843C tj@58.218C soc1@58.218C VDD_IN 8697mW/8652mW VDD_CPU_GPU_CV 2662mW/2619mW VDD_SOC 2625mW/2625mW
08-04-2026 13:53:03 RAM 3833/7620MB (lfb 1x1MB) SWAP 2374/12002MB (cached 119MB) CPU [0%@1728,0%@1728,8%@1728,100%@1728,9%@1728,0%@1728] GR3D_FREQ 5% cpu@57.468C soc2@55.812C soc0@56.593C gpu@57.062C tj@58.218C soc1@58.218C VDD_IN 8697mW/8652mW VDD_CPU_GPU_CV 2662mW/2620mW VDD_SOC 2625mW/2625mW
08-04-2026 13:53:03 RAM 3833/7620MB (lfb 1x1MB) SWAP 2374/12002MB (cached 119MB) CPU [0%@1728,0%@1728,0%@1728,100%@1728,0%@1728,0%@1728] GR3D_FREQ 5% cpu@57.218C soc2@55.781C soc0@56.687C gpu@57C tj@58.25C soc1@58.25C VDD_IN 8697mW/8652mW VDD_CPU_GPU_CV 2662mW/2620mW VDD_SOC 2625mW/2625mW
08-04-2026 13:53:03 RAM 3833/7620MB (lfb 1x1MB) SWAP 2374/12002MB (cached 119MB) CPU [0%@1728,9%@1728,0%@1728,100%@1728,0%@1728,0%@1728] GR3D_FREQ 5% cpu@57.156C soc2@55.906C soc0@56.75C gpu@56.937C tj@58.375C soc1@58.375C VDD_IN 8656mW/8652mW VDD_CPU_GPU_CV 2662mW/2620mW VDD_SOC 2625mW/2625mW
08-04-2026 13:53:03 RAM 3833/7620MB (lfb 1x1MB) SWAP 2374/12002MB (cached 119MB) CPU [0%@1728,0%@1728,0%@1728,100%@1728,0%@1728,0%@1728] GR3D_FREQ 5% cpu@57.312C soc2@55.812C soc0@56.593C gpu@57.031C tj@58.125C soc1@58.125C VDD_IN 8656mW/8652mW VDD_CPU_GPU_CV 2662mW/2620mW VDD_SOC 2625mW/2625mW
08-04-2026 13:53:04 RAM 3833/7620MB (lfb 1x1MB) SWAP 2374/12002MB (cached 119MB) CPU [0%@1728,0%@1728,0%@1728,100%@1728,0%@1728,0%@1728] GR3D_FREQ 5% cpu@57.375C soc2@55.812C soc0@56.625C gpu@56.937C tj@58.187C soc1@58.187C VDD_IN 8656mW/8652mW VDD_CPU_GPU_CV 2621mW/2620mW VDD_SOC 2625mW/2625mW
08-04-2026 13:53:04 RAM 3833/7620MB (lfb 1x1MB) SWAP 2374/12002MB (cached 119MB) CPU [9%@1728,0%@1728,0%@1728,100%@1728,0%@1728,0%@1728] GR3D_FREQ 5% cpu@57.125C soc2@55.843C soc0@56.656C gpu@56.906C tj@58.25C soc1@58.25C VDD_IN 8656mW/8652mW VDD_CPU_GPU_CV 2621mW/2620mW VDD_SOC 2625mW/2625mW
08-04-2026 13:53:04 RAM 3833/7620MB (lfb 1x1MB) SWAP 2374/12002MB (cached 119MB) CPU [0%@1728,0%@1728,0%@1728,100%@1728,0%@1728,0%@1728] GR3D_FREQ 5% cpu@57.156C soc2@55.875C soc0@56.75C gpu@56.781C tj@58.437C soc1@58.437C VDD_IN 8656mW/8652mW VDD_CPU_GPU_CV 2621mW/2620mW VDD_SOC 2625mW/2625mW
08-04-2026 13:53:04 RAM 3833/7620MB (lfb 1x1MB) SWAP 2374/12002MB (cached 119MB) CPU [0%@1728,0%@1728,8%@1728,100%@1728,0%@1728,0%@1728] GR3D_FREQ 5% cpu@57.25C soc2@55.843C soc0@56.562C gpu@56.875C tj@58.093C soc1@58.093C VDD_IN 8656mW/8652mW VDD_CPU_GPU_CV 2621mW/2620mW VDD_SOC 2625mW/2625mW
08-04-2026 13:53:04 RAM 3833/7620MB (lfb 1x1MB) SWAP 2374/12002MB (cached 119MB) CPU [0%@1728,0%@1728,0%@1728,100%@1728,0%@1728,0%@1728] GR3D_FREQ 5% cpu@57.312C soc2@55.781C soc0@56.625C gpu@56.875C tj@58.156C soc1@58.156C VDD_IN 8669mW/8652mW VDD_CPU_GPU_CV 2621mW/2620mW VDD_SOC 2625mW/2625mW
08-04-2026 13:53:04 RAM 3833/7620MB (lfb 1x1MB) SWAP 2374/12002MB (cached 119MB) CPU [0%@1728,0%@1728,0%@1728,100%@1728,0%@1728,0%@1728] GR3D_FREQ 5% cpu@57.25C soc2@55.812C soc0@56.593C gpu@56.812C tj@58.375C soc1@58.375C VDD_IN 8656mW/8652mW VDD_CPU_GPU_CV 2621mW/2620mW VDD_SOC 2625mW/2625mW
08-04-2026 13:53:04 RAM 3833/7620MB (lfb 1x1MB) SWAP 2374/12002MB (cached 119MB) CPU [0%@1728,0%@1728,8%@1728,100%@1728,0%@1728,0%@1728] GR3D_FREQ 5% cpu@57.125C soc2@55.875C soc0@56.687C gpu@56.875C tj@58.343C soc1@58.343C VDD_IN 8669mW/8653mW VDD_CPU_GPU_CV 2621mW/2620mW VDD_SOC 2625mW/2625mW
08-04-2026 13:53:04 RAM 3833/7620MB (lfb 1x1MB) SWAP 2374/12002MB (cached 119MB) CPU [0%@1728,0%@1728,0%@1728,100%@1728,0%@1728,0%@1728] GR3D_FREQ 5% cpu@57.218C soc2@55.937C soc0@56.843C gpu@56.843C tj@58.437C soc1@58.093C VDD_IN 8669mW/8653mW VDD_CPU_GPU_CV 2621mW/2620mW VDD_SOC 2625mW/2625mW
08-04-2026 13:53:04 RAM 3833/7620MB (lfb 1x1MB) SWAP 2374/12002MB (cached 119MB) CPU [0%@1728,8%@1728,0%@1728,100%@1728,0%@1728,0%@1728] GR3D_FREQ 5% cpu@57.25C soc2@55.718C soc0@56.656C gpu@56.781C tj@58.125C soc1@58.125C VDD_IN 8669mW/8653mW VDD_CPU_GPU_CV 2621mW/2620mW VDD_SOC 2625mW/2625mW
08-04-2026 13:53:04 RAM 3833/7620MB (lfb 1x1MB) SWAP 2374/12002MB (cached 119MB) CPU [9%@1728,0%@1728,0%@1728,100%@1728,0%@1728,0%@1728] GR3D_FREQ 5% cpu@57.187C soc2@55.812C soc0@56.656C gpu@56.906C tj@58.281C soc1@58.281C VDD_IN 8669mW/8653mW VDD_CPU_GPU_CV 2621mW/2620mW VDD_SOC 2625mW/2625mW
08-04-2026 13:53:05 RAM 3833/7620MB (lfb 1x1MB) SWAP 2374/12002MB (cached 119MB) CPU [0%@1728,9%@1728,0%@1728,100%@1728,0%@1728,0%@1728] GR3D_FREQ 5% cpu@57.093C soc2@55.75C soc0@56.656C gpu@56.812C tj@58.312C soc1@58.312C VDD_IN 8669mW/8653mW VDD_CPU_GPU_CV 2621mW/2620mW VDD_SOC 2625mW/2625mW
08-04-2026 13:53:05 RAM 3833/7620MB (lfb 1x1MB) SWAP 2374/12002MB (cached 119MB) CPU [0%@1728,0%@1728,0%@1728,100%@1728,0%@1728,0%@1728] GR3D_FREQ 5% cpu@57.156C soc2@55.812C soc0@56.812C gpu@56.812C tj@58.437C soc1@58.437C VDD_IN 8669mW/8653mW VDD_CPU_GPU_CV 2621mW/2620mW VDD_SOC 2625mW/2625mW
08-04-2026 13:53:05 RAM 3833/7620MB (lfb 1x1MB) SWAP 2374/12002MB (cached 119MB) CPU [0%@1728,0%@1728,0%@1728,100%@1728,0%@1728,0%@1728] GR3D_FREQ 5% cpu@57.25C soc2@55.718C soc0@56.656C gpu@56.937C tj@58.125C soc1@58.125C VDD_IN 8628mW/8653mW VDD_CPU_GPU_CV 2621mW/2620mW VDD_SOC 2625mW/2625mW
08-04-2026 13:53:05 RAM 3833/7620MB (lfb 1x1MB) SWAP 2374/12002MB (cached 119MB) CPU [0%@1728,0%@1728,0%@1728,100%@1728,0%@1728,18%@1728] GR3D_FREQ 5% cpu@57.093C soc2@55.812C soc0@56.687C gpu@56.812C tj@58.156C soc1@58.156C VDD_IN 8656mW/8653mW VDD_CPU_GPU_CV 2621mW/2620mW VDD_SOC 2625mW/2625mW
08-04-2026 13:53:05 RAM 3833/7620MB (lfb 1x1MB) SWAP 2374/12002MB (cached 119MB) CPU [0%@1728,0%@1728,0%@1728,100%@1728,9%@1728,0%@1728] GR3D_FREQ 5% cpu@57.093C soc2@55.843C soc0@56.656C gpu@56.843C tj@58.312C soc1@58.312C VDD_IN 8656mW/8653mW VDD_CPU_GPU_CV 2621mW/2620mW VDD_SOC 2625mW/2625mW
08-04-2026 13:53:05 RAM 3833/7620MB (lfb 1x1MB) SWAP 2374/12002MB (cached 119MB) CPU [0%@1728,9%@1728,0%@1728,100%@1728,9%@1728,9%@1728] GR3D_FREQ 5% cpu@57.25C soc2@55.875C soc0@56.875C gpu@56.875C tj@58.406C soc1@58.406C VDD_IN 8697mW/8653mW VDD_CPU_GPU_CV 2662mW/2621mW VDD_SOC 2625mW/2625mW
08-04-2026 13:53:05 RAM 3833/7620MB (lfb 1x1MB) SWAP 2374/12002MB (cached 119MB) CPU [0%@1728,0%@1728,0%@1728,100%@1728,0%@1728,0%@1728] GR3D_FREQ 5% cpu@57.218C soc2@55.687C soc0@56.593C gpu@56.843C tj@58.218C soc1@58.218C VDD_IN 8656mW/8653mW VDD_CPU_GPU_CV 2662mW/2621mW VDD_SOC 2625mW/2625mW
08-04-2026 13:53:05 RAM 3833/7620MB (lfb 1x1MB) SWAP 2374/12002MB (cached 119MB) CPU [0%@1728,0%@1728,0%@1728,100%@1728,0%@1728,0%@1728] GR3D_FREQ 5% cpu@57.093C soc2@55.75C soc0@56.656C gpu@57.25C tj@58.218C soc1@58.218C VDD_IN 8656mW/8653mW VDD_CPU_GPU_CV 2621mW/2621mW VDD_SOC 2625mW/2625mW
08-04-2026 13:53:05 RAM 3833/7620MB (lfb 1x1MB) SWAP 2374/12002MB (cached 119MB) CPU [0%@1728,0%@1728,0%@1728,100%@1728,0%@1728,0%@1728] GR3D_FREQ 5% cpu@57.156C soc2@55.812C soc0@56.75C gpu@56.875C tj@58.281C soc1@58.281C VDD_IN 8656mW/8653mW VDD_CPU_GPU_CV 2621mW/2621mW VDD_SOC 2625mW/2625mW
08-04-2026 13:53:06 RAM 3833/7620MB (lfb 1x1MB) SWAP 2374/12002MB (cached 119MB) CPU [9%@1728,0%@1728,0%@1728,100%@1728,0%@1728,0%@1728] GR3D_FREQ 5% cpu@57.156C soc2@55.843C soc0@56.781C gpu@56.781C tj@58.406C soc1@58.5C VDD_IN 8656mW/8653mW VDD_CPU_GPU_CV 2662mW/2621mW VDD_SOC 2625mW/2625mW
08-04-2026 13:53:06 RAM 3833/7620MB (lfb 1x1MB) SWAP 2374/12002MB (cached 119MB) CPU [0%@1728,9%@1728,0%@1728,100%@1728,0%@1728,0%@1728] GR3D_FREQ 5% cpu@57.125C soc2@55.75C soc0@56.687C gpu@57.25C tj@58.093C soc1@58.093C VDD_IN 8656mW/8653mW VDD_CPU_GPU_CV 2621mW/2621mW VDD_SOC 2625mW/2625mW
08-04-2026 13:53:06 RAM 3833/7620MB (lfb 1x1MB) SWAP 2374/12002MB (cached 119MB) CPU [8%@1728,0%@1728,0%@1728,100%@1728,0%@1728,8%@1728] GR3D_FREQ 5% cpu@57.125C soc2@55.687C soc0@56.687C gpu@57.031C tj@58.125C soc1@58.125C VDD_IN 8656mW/8653mW VDD_CPU_GPU_CV 2621mW/2621mW VDD_SOC 2625mW/2625mW
08-04-2026 13:53:06 RAM 3833/7620MB (lfb 1x1MB) SWAP 2374/12002MB (cached 119MB) CPU [0%@1728,8%@1728,0%@1728,100%@1728,0%@1728,0%@1728] GR3D_FREQ 5% cpu@57.031C soc2@55.781C soc0@56.781C gpu@56.812C tj@58.25C soc1@58.25C VDD_IN 8656mW/8653mW VDD_CPU_GPU_CV 2621mW/2621mW VDD_SOC 2625mW/2625mW
08-04-2026 13:53:06 RAM 3839/7620MB (lfb 1x1MB) SWAP 2374/12002MB (cached 119MB) CPU [10%@1728,0%@1728,0%@1728,100%@1728,0%@1728,0%@1728] GR3D_FREQ 5% cpu@57.25C soc2@55.812C soc0@56.781C gpu@57.187C tj@58.437C soc1@58.437C VDD_IN 8697mW/8653mW VDD_CPU_GPU_CV 2662mW/2621mW VDD_SOC 2625mW/2625mW
08-04-2026 13:53:06 RAM 3839/7620MB (lfb 1x1MB) SWAP 2374/12002MB (cached 119MB) CPU [18%@1728,9%@1728,9%@1728,100%@1728,0%@1728,10%@1728] GR3D_FREQ 5% cpu@57.187C soc2@55.906C soc0@56.593C gpu@57.031C tj@58.187C soc1@58.187C VDD_IN 8738mW/8654mW VDD_CPU_GPU_CV 2662mW/2621mW VDD_SOC 2625mW/2625mW
08-04-2026 13:53:06 RAM 3839/7620MB (lfb 1x1MB) SWAP 2374/12002MB (cached 119MB) CPU [0%@1728,9%@1728,8%@1728,100%@1728,0%@1728,0%@1728] GR3D_FREQ 5% cpu@57.093C soc2@55.781C soc0@56.562C gpu@56.843C tj@58.218C soc1@58.218C VDD_IN 8697mW/8654mW VDD_CPU_GPU_CV 2662mW/2622mW VDD_SOC 2625mW/2625mW
08-04-2026 13:53:06 RAM 3839/7620MB (lfb 1x1MB) SWAP 2374/12002MB (cached 119MB) CPU [0%@1728,0%@1728,0%@1728,100%@1728,0%@1728,0%@1728] GR3D_FREQ 5% cpu@57.125C soc2@55.875C soc0@56.687C gpu@57.187C tj@58.25C soc1@58.25C VDD_IN 8697mW/8654mW VDD_CPU_GPU_CV 2662mW/2622mW VDD_SOC 2625mW/2625mW
08-04-2026 13:53:06 RAM 3839/7620MB (lfb 1x1MB) SWAP 2374/12002MB (cached 119MB) CPU [0%@1728,0%@1728,0%@1728,100%@1728,0%@1728,0%@1728] GR3D_FREQ 5% cpu@57.156C soc2@55.843C soc0@56.75C gpu@57.062C tj@58.375C soc1@58.375C VDD_IN 8697mW/8655mW VDD_CPU_GPU_CV 2662mW/2622mW VDD_SOC 2625mW/2625mW
08-04-2026 13:53:06 RAM 3839/7620MB (lfb 1x1MB) SWAP 2374/12002MB (cached 119MB) CPU [0%@1728,0%@1728,0%@1728,100%@1728,0%@1728,0%@1728] GR3D_FREQ 5% cpu@57.125C soc2@55.875C soc0@56.812C gpu@56.812C tj@58.468C soc1@58.468C VDD_IN 8656mW/8655mW VDD_CPU_GPU_CV 2662mW/2622mW VDD_SOC 2625mW/2625mW
08-04-2026 13:53:07 RAM 3839/7620MB (lfb 1x1MB) SWAP 2374/12002MB (cached 119MB) CPU [0%@1728,0%@1728,0%@1728,100%@1728,0%@1728,0%@1728] GR3D_FREQ 5% cpu@57.062C soc2@55.781C soc0@56.656C gpu@57.156C tj@58.156C soc1@58.156C VDD_IN 8656mW/8655mW VDD_CPU_GPU_CV 2621mW/2622mW VDD_SOC 2625mW/2625mW
08-04-2026 13:53:07 RAM 3839/7620MB (lfb 1x1MB) SWAP 2374/12002MB (cached 119MB) CPU [0%@1728,0%@1728,0%@1728,100%@1728,0%@1728,0%@1728] GR3D_FREQ 5% cpu@57.093C soc2@55.812C soc0@56.687C gpu@57.031C tj@58.25C soc1@58.25C VDD_IN 8656mW/8655mW VDD_CPU_GPU_CV 2621mW/2622mW VDD_SOC 2625mW/2625mW
08-04-2026 13:53:07 RAM 3839/7620MB (lfb 1x1MB) SWAP 2374/12002MB (cached 119MB) CPU [0%@1728,0%@1728,0%@1728,100%@1728,0%@1728,0%@1728] GR3D_FREQ 5% cpu@57.062C soc2@55.812C soc0@56.687C gpu@57.375C tj@58.312C soc1@58.312C VDD_IN 8669mW/8655mW VDD_CPU_GPU_CV 2621mW/2622mW VDD_SOC 2625mW/2625mW
08-04-2026 13:53:07 RAM 3839/7620MB (lfb 1x1MB) SWAP 2374/12002MB (cached 119MB) CPU [0%@1728,0%@1728,0%@1728,100%@1728,0%@1728,0%@1728] GR3D_FREQ 5% cpu@57.062C soc2@55.875C soc0@56.843C gpu@57.093C tj@58.437C soc1@58.437C VDD_IN 8669mW/8655mW VDD_CPU_GPU_CV 2621mW/2622mW VDD_SOC 2625mW/2625mW
08-04-2026 13:53:07 RAM 3839/7620MB (lfb 1x1MB) SWAP 2374/12002MB (cached 119MB) CPU [0%@1728,0%@1728,0%@1728,100%@1728,8%@1728,0%@1728] GR3D_FREQ 5% cpu@57.187C soc2@55.812C soc0@56.593C gpu@56.968C tj@58.156C soc1@58.156C VDD_IN 8669mW/8655mW VDD_CPU_GPU_CV 2621mW/2622mW VDD_SOC 2625mW/2625mW
08-04-2026 13:53:07 RAM 3839/7620MB (lfb 1x1MB) SWAP 2374/12002MB (cached 119MB) CPU [0%@1728,0%@1728,0%@1728,100%@1728,0%@1728,0%@1728] GR3D_FREQ 5% cpu@57.093C soc2@55.812C soc0@56.656C gpu@57.312C tj@58.25C soc1@58.25C VDD_IN 8669mW/8655mW VDD_CPU_GPU_CV 2621mW/2622mW VDD_SOC 2625mW/2625mW
08-04-2026 13:53:07 RAM 3839/7620MB (lfb 1x1MB) SWAP 2374/12002MB (cached 119MB) CPU [0%@1728,0%@1728,0%@1728,100%@1728,0%@1728,0%@1728] GR3D_FREQ 5% cpu@57.093C soc2@55.843C soc0@56.75C gpu@57.093C tj@58.25C soc1@58.25C VDD_IN 8669mW/8655mW VDD_CPU_GPU_CV 2621mW/2622mW VDD_SOC 2625mW/2625mW
08-04-2026 13:53:07 RAM 3839/7620MB (lfb 1x1MB) SWAP 2374/12002MB (cached 119MB) CPU [0%@1728,0%@1728,0%@1728,100%@1728,0%@1728,0%@1728] GR3D_FREQ 5% cpu@57.125C soc2@55.906C soc0@56.906C gpu@56.968C tj@58.406C soc1@58.406C VDD_IN 8669mW/8655mW VDD_CPU_GPU_CV 2621mW/2622mW VDD_SOC 2625mW/2625mW
08-04-2026 13:53:07 RAM 3839/7620MB (lfb 1x1MB) SWAP 2374/12002MB (cached 119MB) CPU [0%@1728,0%@1728,0%@1728,100%@1728,0%@1728,0%@1728] GR3D_FREQ 5% cpu@57.218C soc2@55.875C soc0@56.625C gpu@57.281C tj@58.125C soc1@58.125C VDD_IN 8669mW/8655mW VDD_CPU_GPU_CV 2621mW/2622mW VDD_SOC 2625mW/2625mW
08-04-2026 13:53:08 RAM 3839/7620MB (lfb 1x1MB) SWAP 2374/12002MB (cached 119MB) CPU [0%@1728,0%@1728,0%@1728,100%@1728,0%@1728,0%@1728] GR3D_FREQ 5% cpu@57C soc2@55.812C soc0@56.656C gpu@57.156C tj@58.25C soc1@58.25C VDD_IN 8669mW/8655mW VDD_CPU_GPU_CV 2621mW/2622mW VDD_SOC 2625mW/2625mW
08-04-2026 13:53:08 RAM 3839/7620MB (lfb 1x1MB) SWAP 2374/12002MB (cached 119MB) CPU [0%@1728,0%@1728,0%@1728,100%@1728,0%@1728,0%@1728] GR3D_FREQ 5% cpu@57.187C soc2@55.781C soc0@56.75C gpu@57.031C tj@58.25C soc1@58.25C VDD_IN 8669mW/8655mW VDD_CPU_GPU_CV 2621mW/2622mW VDD_SOC 2625mW/2625mW
08-04-2026 13:53:08 RAM 3839/7620MB (lfb 1x1MB) SWAP 2374/12002MB (cached 119MB) CPU [0%@1728,0%@1728,9%@1728,100%@1728,0%@1728,0%@1728] GR3D_FREQ 5% cpu@57.093C soc2@55.875C soc0@56.781C gpu@57.218C tj@58.375C soc1@58.375C VDD_IN 8669mW/8655mW VDD_CPU_GPU_CV 2621mW/2622mW VDD_SOC 2625mW/2625mW
08-04-2026 13:53:08 RAM 3839/7620MB (lfb 1x1MB) SWAP 2374/12002MB (cached 119MB) CPU [9%@1728,0%@1728,9%@1728,100%@1728,0%@1728,9%@1728] GR3D_FREQ 5% cpu@57.5C soc2@55.875C soc0@56.781C gpu@57.062C tj@58.125C soc1@58.125C VDD_IN 8669mW/8655mW VDD_CPU_GPU_CV 2621mW/2622mW VDD_SOC 2625mW/2625mW
08-04-2026 13:53:08 RAM 3839/7620MB (lfb 1x1MB) SWAP 2374/12002MB (cached 119MB) CPU [0%@1728,0%@1728,0%@1728,100%@1728,0%@1728,0%@1728] GR3D_FREQ 5% cpu@57C soc2@55.75C soc0@56.687C gpu@57C tj@58.093C soc1@58.093C VDD_IN 8669mW/8655mW VDD_CPU_GPU_CV 2621mW/2622mW VDD_SOC 2625mW/2625mW
08-04-2026 13:53:08 RAM 3839/7620MB (lfb 1x1MB) SWAP 2374/12002MB (cached 119MB) CPU [0%@1728,9%@1728,0%@1728,100%@1728,0%@1728,9%@1728] GR3D_FREQ 5% cpu@57.031C soc2@55.812C soc0@56.718C gpu@57.218C tj@58.25C soc1@58.25C VDD_IN 8669mW/8655mW VDD_CPU_GPU_CV 2621mW/2622mW VDD_SOC 2625mW/2625mW
08-04-2026 13:53:08 RAM 3839/7620MB (lfb 1x1MB) SWAP 2374/12002MB (cached 119MB) CPU [0%@1728,0%@1728,0%@1728,100%@1728,0%@1728,0%@1728] GR3D_FREQ 5% cpu@57.125C soc2@55.843C soc0@56.781C gpu@57C tj@58.312C soc1@58.312C VDD_IN 8669mW/8656mW VDD_CPU_GPU_CV 2621mW/2622mW VDD_SOC 2625mW/2625mW
08-04-2026 13:53:08 RAM 3839/7620MB (lfb 1x1MB) SWAP 2374/12002MB (cached 119MB) CPU [0%@1728,0%@1728,0%@1728,100%@1728,0%@1728,0%@1728] GR3D_FREQ 5% cpu@57.093C soc2@55.843C soc0@56.906C gpu@57C tj@58.375C soc1@58.375C VDD_IN 8669mW/8656mW VDD_CPU_GPU_CV 2621mW/2622mW VDD_SOC 2625mW/2625mW
08-04-2026 13:53:08 RAM 3839/7620MB (lfb 1x1MB) SWAP 2374/12002MB (cached 119MB) CPU [0%@1728,0%@1728,0%@1728,100%@1728,0%@1728,0%@1728] GR3D_FREQ 5% cpu@57.156C soc2@55.75C soc0@56.625C gpu@57.187C tj@58.187C soc1@58.187C VDD_IN 8656mW/8656mW VDD_CPU_GPU_CV 2621mW/2622mW VDD_SOC 2625mW/2625mW
08-04-2026 13:53:08 RAM 3839/7620MB (lfb 1x1MB) SWAP 2374/12002MB (cached 119MB) CPU [0%@1728,8%@1728,0%@1728,100%@1728,0%@1728,0%@1728] GR3D_FREQ 5% cpu@57C soc2@55.781C soc0@56.562C gpu@57.031C tj@58.156C soc1@58.156C VDD_IN 8656mW/8656mW VDD_CPU_GPU_CV 2621mW/2622mW VDD_SOC 2625mW/2625mW
08-04-2026 13:53:09 RAM 3839/7620MB (lfb 1x1MB) SWAP 2374/12002MB (cached 119MB) CPU [0%@1728,0%@1728,0%@1728,100%@1728,9%@1728,0%@1728] GR3D_FREQ 5% cpu@57.093C soc2@55.812C soc0@56.781C gpu@56.906C tj@58.312C soc1@58.312C VDD_IN 8669mW/8656mW VDD_CPU_GPU_CV 2621mW/2622mW VDD_SOC 2625mW/2625mW
08-04-2026 13:53:09 RAM 3839/7620MB (lfb 1x1MB) SWAP 2374/12002MB (cached 119MB) CPU [8%@1728,0%@1728,0%@1728,100%@1728,0%@1728,0%@1728] GR3D_FREQ 5% cpu@57.406C soc2@55.875C soc0@56.781C gpu@56.843C tj@58.156C soc1@58.156C VDD_IN 8656mW/8656mW VDD_CPU_GPU_CV 2621mW/2622mW VDD_SOC 2625mW/2625mW
08-04-2026 13:53:09 RAM 3839/7620MB (lfb 1x1MB) SWAP 2374/12002MB (cached 119MB) CPU [0%@1728,0%@1728,0%@1728,100%@1728,0%@1728,0%@1728] GR3D_FREQ 5% cpu@57.625C soc2@55.812C soc0@56.625C gpu@57.031C tj@58.187C soc1@58.187C VDD_IN 8669mW/8656mW VDD_CPU_GPU_CV 2621mW/2622mW VDD_SOC 2625mW/2625mW
08-04-2026 13:53:09 RAM 3839/7620MB (lfb 1x1MB) SWAP 2374/12002MB (cached 119MB) CPU [0%@1728,0%@1728,0%@1728,100%@1728,0%@1728,0%@1728] GR3D_FREQ 5% cpu@57.031C soc2@55.812C soc0@56.687C gpu@57C tj@58.25C soc1@58.25C VDD_IN 8669mW/8656mW VDD_CPU_GPU_CV 2621mW/2622mW VDD_SOC 2625mW/2625mW
08-04-2026 13:53:09 RAM 3839/7620MB (lfb 1x1MB) SWAP 2374/12002MB (cached 119MB) CPU [8%@1728,9%@1728,9%@1728,100%@1728,0%@1728,0%@1728] GR3D_FREQ 5% cpu@57C soc2@55.812C soc0@56.687C gpu@56.843C tj@58.218C soc1@58.218C VDD_IN 8656mW/8656mW VDD_CPU_GPU_CV 2621mW/2622mW VDD_SOC 2625mW/2625mW
08-04-2026 13:53:09 RAM 3839/7620MB (lfb 1x1MB) SWAP 2374/12002MB (cached 119MB) CPU [0%@1728,0%@1728,9%@1728,100%@1728,0%@1728,0%@1728] GR3D_FREQ 5% cpu@57.281C soc2@55.812C soc0@56.843C gpu@56.968C tj@58.468C soc1@58.468C VDD_IN 8656mW/8656mW VDD_CPU_GPU_CV 2662mW/2622mW VDD_SOC 2625mW/2625mW
08-04-2026 13:53:09 RAM 3840/7620MB (lfb 1x1MB) SWAP 2374/12002MB (cached 119MB) CPU [10%@1728,0%@1728,20%@1728,100%@1728,9%@1728,16%@1728] GR3D_FREQ 5% cpu@57.812C soc2@55.812C soc0@56.625C gpu@56.906C tj@58.156C soc1@58.156C VDD_IN 8738mW/8656mW VDD_CPU_GPU_CV 2703mW/2623mW VDD_SOC 2625mW/2625mW
08-04-2026 13:53:09 RAM 3832/7620MB (lfb 1x1MB) SWAP 2374/12002MB (cached 119MB) CPU [8%@1728,0%@1728,0%@1728,100%@1728,0%@1728,0%@1728] GR3D_FREQ 5% cpu@57.156C soc2@55.812C soc0@56.531C gpu@56.781C tj@58.187C soc1@58.187C VDD_IN 8738mW/8657mW VDD_CPU_GPU_CV 2703mW/2623mW VDD_SOC 2625mW/2625mW
08-04-2026 13:53:09 RAM 3832/7620MB (lfb 1x1MB) SWAP 2374/12002MB (cached 119MB) CPU [0%@1728,0%@1728,0%@1728,100%@1728,0%@1728,0%@1728] GR3D_FREQ 5% cpu@57.031C soc2@55.875C soc0@56.656C gpu@56.968C tj@58.25C soc1@58.25C VDD_IN 8697mW/8657mW VDD_CPU_GPU_CV 2662mW/2623mW VDD_SOC 2625mW/2625mW
08-04-2026 13:53:10 RAM 3832/7620MB (lfb 1x1MB) SWAP 2374/12002MB (cached 119MB) CPU [0%@1728,8%@1728,0%@1728,100%@1728,0%@1728,0%@1728] GR3D_FREQ 5% cpu@57.343C soc2@55.812C soc0@56.75C gpu@56.968C tj@58.437C soc1@58.437C VDD_IN 8697mW/8657mW VDD_CPU_GPU_CV 2662mW/2623mW VDD_SOC 2625mW/2625mW
08-04-2026 13:53:10 RAM 3832/7620MB (lfb 1x1MB) SWAP 2374/12002MB (cached 119MB) CPU [0%@1728,0%@1728,0%@1728,100%@1728,9%@1728,0%@1728] GR3D_FREQ 5% cpu@57.375C soc2@55.906C soc0@56.593C gpu@56.75C tj@58.156C soc1@58.156C VDD_IN 8697mW/8657mW VDD_CPU_GPU_CV 2662mW/2624mW VDD_SOC 2625mW/2625mW
08-04-2026 13:53:10 RAM 3832/7620MB (lfb 1x1MB) SWAP 2374/12002MB (cached 119MB) CPU [10%@1728,0%@1728,0%@1728,100%@1728,0%@1728,0%@1728] GR3D_FREQ 5% cpu@57.187C soc2@55.781C soc0@56.625C gpu@57C tj@58.156C soc1@58.156C VDD_IN 8697mW/8657mW VDD_CPU_GPU_CV 2662mW/2624mW VDD_SOC 2625mW/2625mW
08-04-2026 13:53:10 RAM 3832/7620MB (lfb 1x1MB) SWAP 2374/12002MB (cached 119MB) CPU [20%@1728,0%@1728,0%@1728,100%@1728,30%@1728,9%@1728] GR3D_FREQ 5% cpu@57.062C soc2@55.812C soc0@56.656C gpu@56.875C tj@58.312C soc1@58.312C VDD_IN 8779mW/8658mW VDD_CPU_GPU_CV 2703mW/2624mW VDD_SOC 2625mW/2625mW
08-04-2026 13:53:10 RAM 3832/7620MB (lfb 1x1MB) SWAP 2374/12002MB (cached 119MB) CPU [0%@1728,0%@1728,0%@1728,100%@1728,0%@1728,0%@1728] GR3D_FREQ 5% cpu@57.25C soc2@55.812C soc0@56.781C gpu@56.906C tj@58.406C soc1@58.406C VDD_IN 8738mW/8658mW VDD_CPU_GPU_CV 2703mW/2624mW VDD_SOC 2625mW/2625mW
08-04-2026 13:53:10 RAM 3832/7620MB (lfb 1x1MB) SWAP 2374/12002MB (cached 119MB) CPU [0%@1728,0%@1728,8%@1728,100%@1728,0%@1728,0%@1728] GR3D_FREQ 5% cpu@57.437C soc2@55.843C soc0@56.843C gpu@57.031C tj@58.125C soc1@58.125C VDD_IN 8738mW/8658mW VDD_CPU_GPU_CV 2703mW/2625mW VDD_SOC 2625mW/2625mW
08-04-2026 13:53:10 RAM 3832/7620MB (lfb 1x1MB) SWAP 2374/12002MB (cached 119MB) CPU [0%@1728,0%@1728,9%@1728,100%@1728,0%@1728,0%@1728] GR3D_FREQ 5% cpu@57.406C soc2@55.687C soc0@56.656C gpu@56.843C tj@58.156C soc1@58.156C VDD_IN 8738mW/8659mW VDD_CPU_GPU_CV 2662mW/2625mW VDD_SOC 2625mW/2625mW
08-04-2026 13:53:10 RAM 3832/7620MB (lfb 1x1MB) SWAP 2374/12002MB (cached 119MB) CPU [0%@1728,9%@1728,0%@1728,100%@1728,0%@1728,0%@1728] GR3D_FREQ 5% cpu@57.062C soc2@55.781C soc0@56.593C gpu@56.875C tj@58.218C soc1@58.218C VDD_IN 8697mW/8659mW VDD_CPU_GPU_CV 2662mW/2625mW VDD_SOC 2625mW/2625mW
08-04-2026 13:53:10 RAM 3832/7620MB (lfb 1x1MB) SWAP 2374/12002MB (cached 119MB) CPU [0%@1728,0%@1728,0%@1728,100%@1728,0%@1728,0%@1728] GR3D_FREQ 5% cpu@57.281C soc2@55.781C soc0@56.75C gpu@57.343C tj@58.312C soc1@58.312C VDD_IN 8697mW/8659mW VDD_CPU_GPU_CV 2662mW/2625mW VDD_SOC 2625mW/2625mW
08-04-2026 13:53:10 RAM 3832/7620MB (lfb 1x1MB) SWAP 2374/12002MB (cached 119MB) CPU [0%@1728,0%@1728,0%@1728,100%@1728,0%@1728,0%@1728] GR3D_FREQ 5% cpu@57.343C soc2@55.843C soc0@56.906C gpu@56.906C tj@58.437C soc1@58.437C VDD_IN 8697mW/8659mW VDD_CPU_GPU_CV 2662mW/2625mW VDD_SOC 2625mW/2625mW
08-04-2026 13:53:11 RAM 3832/7620MB (lfb 1x1MB) SWAP 2374/12002MB (cached 119MB) CPU [0%@1728,0%@1728,0%@1728,100%@1728,0%@1728,0%@1728] GR3D_FREQ 5% cpu@57.468C soc2@55.812C soc0@56.625C gpu@56.75C tj@58.156C soc1@58.156C VDD_IN 8656mW/8659mW VDD_CPU_GPU_CV 2662mW/2625mW VDD_SOC 2625mW/2625mW
08-04-2026 13:53:11 RAM 3832/7620MB (lfb 1x1MB) SWAP 2374/12002MB (cached 119MB) CPU [0%@1728,0%@1728,0%@1728,100%@1728,0%@1728,0%@1728] GR3D_FREQ 5% cpu@57.156C soc2@55.812C soc0@56.687C gpu@57.187C tj@58.156C soc1@58.156C VDD_IN 8656mW/8659mW VDD_CPU_GPU_CV 2621mW/2625mW VDD_SOC 2625mW/2625mW
08-04-2026 13:53:11 RAM 3832/7620MB (lfb 1x1MB) SWAP 2374/12002MB (cached 119MB) CPU [0%@1728,0%@1728,0%@1728,100%@1728,0%@1728,0%@1728] GR3D_FREQ 5% cpu@57.031C soc2@55.812C soc0@56.75C gpu@56.843C tj@58.218C soc1@58.218C VDD_IN 8656mW/8659mW VDD_CPU_GPU_CV 2621mW/2625mW VDD_SOC 2625mW/2625mW
08-04-2026 13:53:11 RAM 3832/7620MB (lfb 1x1MB) SWAP 2374/12002MB (cached 119MB) CPU [0%@1728,9%@1728,0%@1728,100%@1728,0%@1728,0%@1728] GR3D_FREQ 5% cpu@57.312C soc2@55.875C soc0@56.781C gpu@56.812C tj@58.406C soc1@58.406C VDD_IN 8656mW/8659mW VDD_CPU_GPU_CV 2621mW/2625mW VDD_SOC 2625mW/2625mW
08-04-2026 13:53:11 RAM 3832/7620MB (lfb 1x1MB) SWAP 2374/12002MB (cached 119MB) CPU [8%@1728,0%@1728,0%@1728,100%@1728,0%@1728,8%@1728] GR3D_FREQ 5% cpu@57.375C soc2@55.75C soc0@56.625C gpu@57.156C tj@58.187C soc1@58.187C VDD_IN 8656mW/8659mW VDD_CPU_GPU_CV 2621mW/2625mW VDD_SOC 2625mW/2625mW
08-04-2026 13:53:11 RAM 3832/7620MB (lfb 1x1MB) SWAP 2374/12002MB (cached 119MB) CPU [0%@1728,0%@1728,9%@1728,100%@1728,0%@1728,0%@1728] GR3D_FREQ 5% cpu@57.593C soc2@55.812C soc0@56.656C gpu@56.781C tj@58.156C soc1@58.156C VDD_IN 8656mW/8659mW VDD_CPU_GPU_CV 2662mW/2626mW VDD_SOC 2625mW/2625mW
08-04-2026 13:53:11 RAM 3832/7620MB (lfb 1x1MB) SWAP 2374/12002MB (cached 119MB) CPU [0%@1728,0%@1728,0%@1728,100%@1728,0%@1728,0%@1728] GR3D_FREQ 5% cpu@57.062C soc2@55.718C soc0@56.75C gpu@56.843C tj@58.218C soc1@58.218C VDD_IN 8656mW/8659mW VDD_CPU_GPU_CV 2621mW/2626mW VDD_SOC 2625mW/2625mW
08-04-2026 13:53:11 RAM 3832/7620MB (lfb 1x1MB) SWAP 2374/12002MB (cached 119MB) CPU [0%@1728,0%@1728,0%@1728,100%@1728,0%@1728,0%@1728] GR3D_FREQ 5% cpu@57.312C soc2@55.843C soc0@56.781C gpu@57.187C tj@58.375C soc1@58.375C VDD_IN 8656mW/8659mW VDD_CPU_GPU_CV 2621mW/2626mW VDD_SOC 2625mW/2625mW
08-04-2026 13:53:11 RAM 3832/7620MB (lfb 1x1MB) SWAP 2374/12002MB (cached 119MB) CPU [9%@1728,0%@1728,8%@1728,100%@1728,0%@1728,0%@1728] GR3D_FREQ 5% cpu@57.281C soc2@55.937C soc0@56.906C gpu@56.843C tj@58.156C soc1@58.156C VDD_IN 8656mW/8659mW VDD_CPU_GPU_CV 2621mW/2625mW VDD_SOC 2625mW/2625mW
08-04-2026 13:53:12 RAM 3832/7620MB (lfb 1x1MB) SWAP 2374/12002MB (cached 119MB) CPU [0%@1728,0%@1728,0%@1728,100%@1728,0%@1728,0%@1728] GR3D_FREQ 5% cpu@57.437C soc2@55.812C soc0@56.625C gpu@56.75C tj@58.25C soc1@58.25C VDD_IN 8656mW/8659mW VDD_CPU_GPU_CV 2621mW/2625mW VDD_SOC 2625mW/2625mW
08-04-2026 13:53:12 RAM 3832/7620MB (lfb 1x1MB) SWAP 2374/12002MB (cached 119MB) CPU [0%@1728,0%@1728,0%@1728,100%@1728,0%@1728,0%@1728] GR3D_FREQ 5% cpu@57C soc2@55.781C soc0@56.718C gpu@57.093C tj@58.312C soc1@58.312C VDD_IN 8656mW/8659mW VDD_CPU_GPU_CV 2621mW/2625mW VDD_SOC 2625mW/2625mW
08-04-2026 13:53:12 RAM 3832/7620MB (lfb 1x1MB) SWAP 2374/12002MB (cached 119MB) CPU [9%@1728,0%@1728,0%@1728,100%@1728,0%@1728,0%@1728] GR3D_FREQ 5% cpu@57.281C soc2@55.906C soc0@56.781C gpu@56.812C tj@58.312C soc1@58.312C VDD_IN 8656mW/8659mW VDD_CPU_GPU_CV 2621mW/2625mW VDD_SOC 2625mW/2625mW
08-04-2026 13:53:12 RAM 3832/7620MB (lfb 1x1MB) SWAP 2374/12002MB (cached 119MB) CPU [0%@1728,0%@1728,0%@1728,100%@1728,0%@1728,0%@1728] GR3D_FREQ 5% cpu@57.25C soc2@55.937C soc0@56.812C gpu@57.281C tj@58.25C soc1@58.25C VDD_IN 8656mW/8659mW VDD_CPU_GPU_CV 2621mW/2625mW VDD_SOC 2625mW/2625mW
08-04-2026 13:53:12 RAM 3832/7620MB (lfb 1x1MB) SWAP 2374/12002MB (cached 119MB) CPU [0%@1728,0%@1728,0%@1728,100%@1728,0%@1728,0%@1728] GR3D_FREQ 5% cpu@57.437C soc2@55.781C soc0@56.625C gpu@57.093C tj@58.187C soc1@58.187C VDD_IN 8656mW/8659mW VDD_CPU_GPU_CV 2621mW/2625mW VDD_SOC 2625mW/2625mW
08-04-2026 13:53:12 RAM 3832/7620MB (lfb 1x1MB) SWAP 2374/12002MB (cached 119MB) CPU [0%@1728,0%@1728,0%@1728,100%@1728,9%@1728,0%@1728] GR3D_FREQ 5% cpu@57.031C soc2@55.781C soc0@56.75C gpu@56.781C tj@58.187C soc1@58.187C VDD_IN 8656mW/8659mW VDD_CPU_GPU_CV 2621mW/2625mW VDD_SOC 2625mW/2625mW
08-04-2026 13:53:12 RAM 3832/7620MB (lfb 1x1MB) SWAP 2374/12002MB (cached 119MB) CPU [9%@1728,0%@1728,0%@1728,100%@1728,0%@1728,9%@1728] GR3D_FREQ 5% cpu@57.25C soc2@55.781C soc0@56.687C gpu@57.312C tj@58.343C soc1@58.343C VDD_IN 8656mW/8659mW VDD_CPU_GPU_CV 2621mW/2625mW VDD_SOC 2625mW/2625mW
08-04-2026 13:53:12 RAM 3832/7620MB (lfb 1x1MB) SWAP 2374/12002MB (cached 119MB) CPU [0%@1728,9%@1728,0%@1728,100%@1728,0%@1728,0%@1728] GR3D_FREQ 5% cpu@57.25C soc2@55.812C soc0@56.843C gpu@57.031C tj@58.125C soc1@58.125C VDD_IN 8656mW/8659mW VDD_CPU_GPU_CV 2621mW/2625mW VDD_SOC 2625mW/2625mW
08-04-2026 13:53:12 RAM 3832/7620MB (lfb 1x1MB) SWAP 2374/12002MB (cached 119MB) CPU [0%@1728,0%@1728,0%@1728,100%@1728,0%@1728,0%@1728] GR3D_FREQ 5% cpu@57.312C soc2@55.718C soc0@56.656C gpu@56.875C tj@58.125C soc1@58.125C VDD_IN 8656mW/8659mW VDD_CPU_GPU_CV 2621mW/2625mW VDD_SOC 2625mW/2625mW
08-04-2026 13:53:12 RAM 3837/7620MB (lfb 1x1MB) SWAP 2374/12002MB (cached 119MB) CPU [9%@1728,10%@1728,27%@1728,100%@1728,0%@1728,0%@1728] GR3D_FREQ 5% cpu@57.843C soc2@55.781C soc0@56.718C gpu@57.281C tj@58.156C soc1@58.156C VDD_IN 8738mW/8659mW VDD_CPU_GPU_CV 2662mW/2625mW VDD_SOC 2625mW/2625mW
08-04-2026 13:53:13 RAM 3837/7620MB (lfb 1x1MB) SWAP 2374/12002MB (cached 119MB) CPU [0%@1728,0%@1728,0%@1728,100%@1728,0%@1728,0%@1728] GR3D_FREQ 5% cpu@57.25C soc2@55.812C soc0@56.781C gpu@57.031C tj@58.25C soc1@58.25C VDD_IN 8697mW/8659mW VDD_CPU_GPU_CV 2662mW/2626mW VDD_SOC 2625mW/2625mW
08-04-2026 13:53:13 RAM 3837/7620MB (lfb 1x1MB) SWAP 2374/12002MB (cached 119MB) CPU [0%@1728,0%@1728,0%@1728,100%@1728,0%@1728,0%@1728] GR3D_FREQ 5% cpu@57.281C soc2@55.843C soc0@56.781C gpu@56.781C tj@58.437C soc1@58.437C VDD_IN 8697mW/8660mW VDD_CPU_GPU_CV 2662mW/2626mW VDD_SOC 2625mW/2625mW
08-04-2026 13:53:13 RAM 3837/7620MB (lfb 1x1MB) SWAP 2374/12002MB (cached 119MB) CPU [0%@1728,0%@1728,0%@1728,100%@1728,0%@1728,0%@1728] GR3D_FREQ 5% cpu@57.281C soc2@55.812C soc0@56.656C gpu@57.218C tj@58.156C soc1@58.156C VDD_IN 8697mW/8660mW VDD_CPU_GPU_CV 2662mW/2626mW VDD_SOC 2625mW/2625mW
08-04-2026 13:53:13 RAM 3837/7620MB (lfb 1x1MB) SWAP 2374/12002MB (cached 119MB) CPU [0%@1728,0%@1728,9%@1728,100%@1728,0%@1728,0%@1728] GR3D_FREQ 5% cpu@57.437C soc2@55.812C soc0@56.781C gpu@57.093C tj@58.187C soc1@58.187C VDD_IN 8656mW/8660mW VDD_CPU_GPU_CV 2662mW/2626mW VDD_SOC 2625mW/2625mW
08-04-2026 13:53:13 RAM 3837/7620MB (lfb 1x1MB) SWAP 2374/12002MB (cached 119MB) CPU [0%@1728,0%@1728,0%@1728,100%@1728,0%@1728,0%@1728] GR3D_FREQ 5% cpu@57.187C soc2@55.875C soc0@56.656C gpu@56.781C tj@58.281C soc1@58.281C VDD_IN 8656mW/8660mW VDD_CPU_GPU_CV 2662mW/2626mW VDD_SOC 2625mW/2625mW
08-04-2026 13:53:13 RAM 3837/7620MB (lfb 1x1MB) SWAP 2374/12002MB (cached 119MB) CPU [0%@1728,0%@1728,0%@1728,100%@1728,0%@1728,0%@1728] GR3D_FREQ 5% cpu@57.218C soc2@55.843C soc0@56.75C gpu@57.187C tj@58.437C soc1@58.437C VDD_IN 8697mW/8660mW VDD_CPU_GPU_CV 2662mW/2626mW VDD_SOC 2625mW/2625mW
08-04-2026 13:53:13 RAM 3837/7620MB (lfb 1x1MB) SWAP 2374/12002MB (cached 119MB) CPU [0%@1728,9%@1728,0%@1728,100%@1728,0%@1728,0%@1728] GR3D_FREQ 5% cpu@57.25C soc2@55.843C soc0@56.562C gpu@57.031C tj@58.156C soc1@58.156C VDD_IN 8697mW/8660mW VDD_CPU_GPU_CV 2662mW/2626mW VDD_SOC 2625mW/2625mW
08-04-2026 13:53:13 RAM 3837/7620MB (lfb 1x1MB) SWAP 2374/12002MB (cached 119MB) CPU [0%@1728,8%@1728,0%@1728,100%@1728,0%@1728,0%@1728] GR3D_FREQ 5% cpu@57.406C soc2@55.75C soc0@56.781C gpu@56.906C tj@58.187C soc1@58.187C VDD_IN 8656mW/8660mW VDD_CPU_GPU_CV 2662mW/2627mW VDD_SOC 2625mW/2625mW
08-04-2026 13:53:13 RAM 3837/7620MB (lfb 1x1MB) SWAP 2374/12002MB (cached 119MB) CPU [9%@1728,0%@1728,8%@1728,100%@1728,0%@1728,0%@1728] GR3D_FREQ 5% cpu@57.187C soc2@55.812C soc0@56.656C gpu@57.156C tj@58.218C soc1@58.218C VDD_IN 8656mW/8660mW VDD_CPU_GPU_CV 2621mW/2627mW VDD_SOC 2625mW/2625mW
08-04-2026 13:53:14 RAM 3837/7620MB (lfb 1x1MB) SWAP 2374/12002MB (cached 119MB) CPU [0%@1728,0%@1728,0%@1728,100%@1728,0%@1728,0%@1728] GR3D_FREQ 5% cpu@57.218C soc2@55.812C soc0@56.718C gpu@56.968C tj@58.343C soc1@58.343C VDD_IN 8656mW/8660mW VDD_CPU_GPU_CV 2621mW/2627mW VDD_SOC 2625mW/2625mW
08-04-2026 13:53:14 RAM 3837/7620MB (lfb 1x1MB) SWAP 2374/12002MB (cached 119MB) CPU [18%@1728,0%@1728,9%@1728,100%@1728,0%@1728,0%@1728] GR3D_FREQ 5% cpu@57.25C soc2@55.875C soc0@56.687C gpu@56.875C tj@58.156C soc1@58.156C VDD_IN 8656mW/8660mW VDD_CPU_GPU_CV 2662mW/2627mW VDD_SOC 2625mW/2625mW
08-04-2026 13:53:14 RAM 3837/7620MB (lfb 1x1MB) SWAP 2374/12002MB (cached 119MB) CPU [0%@1728,0%@1728,0%@1728,100%@1728,0%@1728,0%@1728] GR3D_FREQ 5% cpu@57.312C soc2@55.75C soc0@56.687C gpu@57.156C tj@58.187C soc1@58.187C VDD_IN 8656mW/8660mW VDD_CPU_GPU_CV 2621mW/2627mW VDD_SOC 2625mW/2625mW
08-04-2026 13:53:14 RAM 3837/7620MB (lfb 1x1MB) SWAP 2374/12002MB (cached 119MB) CPU [0%@1728,0%@1728,0%@1728,100%@1728,0%@1728,0%@1728] GR3D_FREQ 5% cpu@57.218C soc2@55.75C soc0@56.656C gpu@57C tj@58.343C soc1@58.343C VDD_IN 8656mW/8660mW VDD_CPU_GPU_CV 2621mW/2627mW VDD_SOC 2625mW/2625mW
08-04-2026 13:53:14 RAM 3837/7620MB (lfb 1x1MB) SWAP 2374/12002MB (cached 119MB) CPU [0%@1728,0%@1728,0%@1728,100%@1728,0%@1728,0%@1728] GR3D_FREQ 5% cpu@57.093C soc2@55.812C soc0@56.718C gpu@56.843C tj@58.343C soc1@58.343C VDD_IN 8656mW/8660mW VDD_CPU_GPU_CV 2621mW/2627mW VDD_SOC 2625mW/2625mW
08-04-2026 13:53:14 RAM 3837/7620MB (lfb 1x1MB) SWAP 2374/12002MB (cached 119MB) CPU [8%@1728,0%@1728,9%@1728,100%@1728,8%@1728,0%@1728] GR3D_FREQ 5% cpu@57.187C soc2@55.875C soc0@56.875C gpu@57.093C tj@58.5C soc1@58.5C VDD_IN 8656mW/8660mW VDD_CPU_GPU_CV 2621mW/2627mW VDD_SOC 2625mW/2625mW
08-04-2026 13:53:14 RAM 3837/7620MB (lfb 1x1MB) SWAP 2374/12002MB (cached 119MB) CPU [0%@1728,0%@1728,9%@1728,100%@1728,0%@1728,0%@1728] GR3D_FREQ 5% cpu@57.25C soc2@55.812C soc0@56.687C gpu@57C tj@58.187C soc1@58.187C VDD_IN 8656mW/8660mW VDD_CPU_GPU_CV 2621mW/2627mW VDD_SOC 2625mW/2625mW
08-04-2026 13:53:14 RAM 3837/7620MB (lfb 1x1MB) SWAP 2374/12002MB (cached 119MB) CPU [0%@1728,0%@1728,15%@1728,100%@1728,0%@1728,0%@1728] GR3D_FREQ 5% cpu@57.125C soc2@55.75C soc0@56.718C gpu@56.906C tj@58.187C soc1@58.187C VDD_IN 8656mW/8660mW VDD_CPU_GPU_CV 2621mW/2627mW VDD_SOC 2625mW/2625mW
08-04-2026 13:53:14 RAM 3837/7620MB (lfb 1x1MB) SWAP 2374/12002MB (cached 119MB) CPU [0%@1728,0%@1728,9%@1728,100%@1728,0%@1728,0%@1728] GR3D_FREQ 5% cpu@57.093C soc2@55.875C soc0@56.75C gpu@57.031C tj@58.343C soc1@58.343C VDD_IN 8656mW/8660mW VDD_CPU_GPU_CV 2621mW/2627mW VDD_SOC 2625mW/2625mW
08-04-2026 13:53:14 RAM 3837/7620MB (lfb 1x1MB) SWAP 2374/12002MB (cached 119MB) CPU [0%@1728,9%@1728,0%@1728,100%@1728,0%@1728,0%@1728] GR3D_FREQ 5% cpu@57.125C soc2@55.843C soc0@56.843C gpu@56.968C tj@58.468C soc1@58.468C VDD_IN 8656mW/8660mW VDD_CPU_GPU_CV 2621mW/2627mW VDD_SOC 2625mW/2625mW
08-04-2026 13:53:15 RAM 3837/7620MB (lfb 1x1MB) SWAP 2374/12002MB (cached 119MB) CPU [0%@1728,0%@1728,9%@1728,100%@1728,0%@1728,0%@1728] GR3D_FREQ 5% cpu@57.25C soc2@55.781C soc0@56.625C gpu@56.843C tj@58.25C soc1@58.25C VDD_IN 8656mW/8660mW VDD_CPU_GPU_CV 2621mW/2626mW VDD_SOC 2625mW/2625mW
08-04-2026 13:53:15 RAM 3837/7620MB (lfb 1x1MB) SWAP 2374/12002MB (cached 119MB) CPU [0%@1728,0%@1728,8%@1728,100%@1728,0%@1728,0%@1728] GR3D_FREQ 5% cpu@57.218C soc2@55.812C soc0@56.687C gpu@57.062C tj@58.25C soc1@58.25C VDD_IN 8656mW/8660mW VDD_CPU_GPU_CV 2621mW/2626mW VDD_SOC 2625mW/2625mW
08-04-2026 13:53:15 RAM 3837/7620MB (lfb 1x1MB) SWAP 2374/12002MB (cached 119MB) CPU [0%@1728,0%@1728,0%@1728,100%@1728,8%@1728,0%@1728] GR3D_FREQ 5% cpu@57.062C soc2@55.812C soc0@56.656C gpu@56.968C tj@58.281C soc1@58.187C VDD_IN 8656mW/8660mW VDD_CPU_GPU_CV 2621mW/2626mW VDD_SOC 2625mW/2625mW
08-04-2026 13:53:15 RAM 3837/7620MB (lfb 1x1MB) SWAP 2374/12002MB (cached 119MB) CPU [0%@1728,0%@1728,0%@1728,100%@1728,0%@1728,0%@1728] GR3D_FREQ 5% cpu@57.25C soc2@55.937C soc0@56.75C gpu@56.843C tj@58.312C soc1@58.312C VDD_IN 8656mW/8660mW VDD_CPU_GPU_CV 2621mW/2626mW VDD_SOC 2625mW/2625mW
08-04-2026 13:53:15 RAM 3837/7620MB (lfb 1x1MB) SWAP 2374/12002MB (cached 119MB) CPU [0%@1728,0%@1728,0%@1728,100%@1728,0%@1728,0%@1728] GR3D_FREQ 5% cpu@57.187C soc2@55.687C soc0@56.593C gpu@57.062C tj@58.156C soc1@58.156C VDD_IN 8656mW/8660mW VDD_CPU_GPU_CV 2621mW/2626mW VDD_SOC 2625mW/2625mW
08-04-2026 13:53:15 RAM 3837/7620MB (lfb 1x1MB) SWAP 2374/12002MB (cached 119MB) CPU [0%@1728,9%@1728,0%@1728,100%@1728,0%@1728,9%@1728] GR3D_FREQ 5% cpu@57.125C soc2@55.781C soc0@56.687C gpu@56.937C tj@58.25C soc1@58.25C VDD_IN 8656mW/8660mW VDD_CPU_GPU_CV 2621mW/2626mW VDD_SOC 2625mW/2625mW
08-04-2026 13:53:15 RAM 3837/7620MB (lfb 1x1MB) SWAP 2374/12002MB (cached 119MB) CPU [0%@1728,8%@1728,0%@1728,100%@1728,0%@1728,0%@1728] GR3D_FREQ 5% cpu@57.093C soc2@55.812C soc0@56.656C gpu@56.875C tj@58.218C soc1@58.218C VDD_IN 8656mW/8660mW VDD_CPU_GPU_CV 2621mW/2626mW VDD_SOC 2625mW/2625mW
08-04-2026 13:53:15 RAM 3837/7620MB (lfb 1x1MB) SWAP 2374/12002MB (cached 119MB) CPU [0%@1728,0%@1728,0%@1728,100%@1728,0%@1728,0%@1728] GR3D_FREQ 5% cpu@57.156C soc2@55.906C soc0@56.781C gpu@57.031C tj@58.343C soc1@58.343C VDD_IN 8669mW/8660mW VDD_CPU_GPU_CV 2621mW/2626mW VDD_SOC 2625mW/2625mW
08-04-2026 13:53:15 RAM 3837/7620MB (lfb 1x1MB) SWAP 2374/12002MB (cached 119MB) CPU [0%@1728,0%@1728,0%@1728,100%@1728,0%@1728,0%@1728] GR3D_FREQ 5% cpu@57.187C soc2@55.906C soc0@56.906C gpu@56.906C tj@58.156C soc1@58.156C VDD_IN 8656mW/8660mW VDD_CPU_GPU_CV 2621mW/2626mW VDD_SOC 2625mW/2625mW
08-04-2026 13:53:16 RAM 3837/7620MB (lfb 1x1MB) SWAP 2374/12002MB (cached 119MB) CPU [0%@1728,0%@1728,0%@1728,100%@1728,0%@1728,0%@1728] GR3D_FREQ 5% cpu@57.125C soc2@55.75C soc0@56.718C gpu@56.843C tj@58.156C soc1@58.156C VDD_IN 8669mW/8660mW VDD_CPU_GPU_CV 2621mW/2626mW VDD_SOC 2625mW/2625mW
08-04-2026 13:53:16 RAM 3837/7620MB (lfb 1x1MB) SWAP 2374/12002MB (cached 119MB) CPU [0%@1728,0%@1728,0%@1728,100%@1728,0%@1728,0%@1728] GR3D_FREQ 5% cpu@57.093C soc2@55.812C soc0@56.625C gpu@57.031C tj@58.156C soc1@58.156C VDD_IN 8669mW/8660mW VDD_CPU_GPU_CV 2621mW/2626mW VDD_SOC 2625mW/2625mW
08-04-2026 13:53:16 RAM 3825/7620MB (lfb 1x1MB) SWAP 2374/12002MB (cached 119MB) CPU [0%@1728,0%@1728,20%@1728,100%@1728,0%@1728,9%@1728] GR3D_FREQ 5% cpu@57.218C soc2@55.843C soc0@56.75C gpu@57C tj@58.343C soc1@58.343C VDD_IN 8697mW/8660mW VDD_CPU_GPU_CV 2662mW/2626mW VDD_SOC 2625mW/2625mW
08-04-2026 13:53:16 RAM 3825/7620MB (lfb 1x1MB) SWAP 2374/12002MB (cached 119MB) CPU [0%@1728,0%@1728,9%@1728,100%@1728,0%@1728,0%@1728] GR3D_FREQ 5% cpu@57.093C soc2@55.812C soc0@56.781C gpu@56.906C tj@58.062C soc1@58.062C VDD_IN 8697mW/8660mW VDD_CPU_GPU_CV 2662mW/2627mW VDD_SOC 2625mW/2625mW
08-04-2026 13:53:16 RAM 3825/7620MB (lfb 1x1MB) SWAP 2374/12002MB (cached 119MB) CPU [0%@1728,0%@1728,0%@1728,100%@1728,0%@1728,0%@1728] GR3D_FREQ 5% cpu@57.093C soc2@55.812C soc0@56.625C gpu@57.031C tj@58.156C soc1@58.125C VDD_IN 8697mW/8660mW VDD_CPU_GPU_CV 2662mW/2627mW VDD_SOC 2625mW/2625mW
08-04-2026 13:53:16 RAM 3825/7620MB (lfb 1x1MB) SWAP 2374/12002MB (cached 119MB) CPU [0%@1728,0%@1728,0%@1728,100%@1728,0%@1728,0%@1728] GR3D_FREQ 5% cpu@57.093C soc2@55.875C soc0@56.687C gpu@56.875C tj@58.218C soc1@58.218C VDD_IN 8697mW/8660mW VDD_CPU_GPU_CV 2662mW/2627mW VDD_SOC 2625mW/2625mW
08-04-2026 13:53:16 RAM 3825/7620MB (lfb 1x1MB) SWAP 2374/12002MB (cached 119MB) CPU [9%@1728,0%@1728,0%@1728,100%@1728,0%@1728,0%@1728] GR3D_FREQ 5% cpu@57.125C soc2@55.843C soc0@56.781C gpu@56.781C tj@58.375C soc1@58.375C VDD_IN 8697mW/8660mW VDD_CPU_GPU_CV 2662mW/2627mW VDD_SOC 2625mW/2625mW
08-04-2026 13:53:16 RAM 3825/7620MB (lfb 1x1MB) SWAP 2374/12002MB (cached 119MB) CPU [8%@1728,0%@1728,0%@1728,100%@1728,0%@1728,0%@1728] GR3D_FREQ 5% cpu@57.187C soc2@55.812C soc0@56.812C gpu@56.812C tj@58.468C soc1@58.468C VDD_IN 8697mW/8661mW VDD_CPU_GPU_CV 2662mW/2627mW VDD_SOC 2625mW/2625mW
08-04-2026 13:53:16 RAM 3825/7620MB (lfb 1x1MB) SWAP 2374/12002MB (cached 119MB) CPU [0%@1728,0%@1728,0%@1728,100%@1728,0%@1728,0%@1728] GR3D_FREQ 5% cpu@57.125C soc2@55.718C soc0@56.625C gpu@56.906C tj@58.062C soc1@58.125C VDD_IN 8656mW/8661mW VDD_CPU_GPU_CV 2662mW/2627mW VDD_SOC 2625mW/2625mW
08-04-2026 13:53:16 RAM 3825/7620MB (lfb 1x1MB) SWAP 2374/12002MB (cached 119MB) CPU [0%@1728,0%@1728,0%@1728,100%@1728,8%@1728,0%@1728] GR3D_FREQ 5% cpu@57.093C soc2@55.812C soc0@56.656C gpu@56.906C tj@58.125C soc1@58.125C VDD_IN 8656mW/8661mW VDD_CPU_GPU_CV 2621mW/2627mW VDD_SOC 2625mW/2625mW
08-04-2026 13:53:17 RAM 3825/7620MB (lfb 1x1MB) SWAP 2374/12002MB (cached 119MB) CPU [0%@1728,0%@1728,0%@1728,100%@1728,0%@1728,0%@1728] GR3D_FREQ 5% cpu@57.218C soc2@55.812C soc0@56.718C gpu@57.312C tj@58.312C soc1@58.312C VDD_IN 8656mW/8661mW VDD_CPU_GPU_CV 2621mW/2627mW VDD_SOC 2625mW/2625mW
08-04-2026 13:53:17 RAM 3825/7620MB (lfb 1x1MB) SWAP 2374/12002MB (cached 119MB) CPU [0%@1728,0%@1728,0%@1728,100%@1728,0%@1728,0%@1728] GR3D_FREQ 5% cpu@57.125C soc2@55.875C soc0@56.843C gpu@56.906C tj@58.406C soc1@58.406C VDD_IN 8669mW/8661mW VDD_CPU_GPU_CV 2621mW/2627mW VDD_SOC 2625mW/2625mW
08-04-2026 13:53:17 RAM 3825/7620MB (lfb 1x1MB) SWAP 2374/12002MB (cached 119MB) CPU [0%@1728,0%@1728,0%@1728,100%@1728,0%@1728,0%@1728] GR3D_FREQ 5% cpu@57.125C soc2@55.875C soc0@56.593C gpu@56.75C tj@58.062C soc1@58.062C VDD_IN 8669mW/8661mW VDD_CPU_GPU_CV 2621mW/2627mW VDD_SOC 2625mW/2625mW
08-04-2026 13:53:17 RAM 3825/7620MB (lfb 1x1MB) SWAP 2374/12002MB (cached 119MB) CPU [0%@1728,0%@1728,0%@1728,100%@1728,0%@1728,0%@1728] GR3D_FREQ 5% cpu@57.031C soc2@55.781C soc0@56.593C gpu@57.281C tj@58.093C soc1@58.093C VDD_IN 8669mW/8661mW VDD_CPU_GPU_CV 2621mW/2627mW VDD_SOC 2625mW/2625mW
08-04-2026 13:53:17 RAM 3825/7620MB (lfb 1x1MB) SWAP 2374/12002MB (cached 119MB) CPU [0%@1728,0%@1728,0%@1728,100%@1728,0%@1728,9%@1728] GR3D_FREQ 5% cpu@57.093C soc2@55.812C soc0@56.75C gpu@56.875C tj@58.281C soc1@58.281C VDD_IN 8669mW/8661mW VDD_CPU_GPU_CV 2621mW/2627mW VDD_SOC 2625mW/2625mW
08-04-2026 13:53:17 RAM 3825/7620MB (lfb 1x1MB) SWAP 2374/12002MB (cached 119MB) CPU [9%@1728,9%@1728,0%@1728,100%@1728,0%@1728,0%@1728] GR3D_FREQ 5% cpu@57.218C soc2@55.843C soc0@56.843C gpu@56.75C tj@58.25C soc1@58.25C VDD_IN 8656mW/8661mW VDD_CPU_GPU_CV 2621mW/2627mW VDD_SOC 2625mW/2625mW
08-04-2026 13:53:17 RAM 3825/7620MB (lfb 1x1MB) SWAP 2374/12002MB (cached 119MB) CPU [0%@1728,0%@1728,9%@1728,100%@1728,0%@1728,0%@1728] GR3D_FREQ 5% cpu@57.125C soc2@55.937C soc0@56.625C gpu@57.25C tj@58.125C soc1@58.125C VDD_IN 8669mW/8661mW VDD_CPU_GPU_CV 2621mW/2627mW VDD_SOC 2625mW/2625mW
08-04-2026 13:53:17 RAM 3825/7620MB (lfb 1x1MB) SWAP 2374/12002MB (cached 119MB) CPU [0%@1728,0%@1728,0%@1728,100%@1728,0%@1728,0%@1728] GR3D_FREQ 5% cpu@57.125C soc2@55.781C soc0@56.656C gpu@56.843C tj@58.125C soc1@58.125C VDD_IN 8669mW/8661mW VDD_CPU_GPU_CV 2621mW/2627mW VDD_SOC 2625mW/2625mW
08-04-2026 13:53:17 RAM 3825/7620MB (lfb 1x1MB) SWAP 2374/12002MB (cached 119MB) CPU [0%@1728,9%@1728,0%@1728,100%@1728,0%@1728,0%@1728] GR3D_FREQ 5% cpu@57.156C soc2@55.812C soc0@56.656C gpu@56.812C tj@58.25C soc1@58.25C VDD_IN 8669mW/8661mW VDD_CPU_GPU_CV 2621mW/2627mW VDD_SOC 2625mW/2625mW
08-04-2026 13:53:18 RAM 3825/7620MB (lfb 1x1MB) SWAP 2374/12002MB (cached 119MB) CPU [0%@1728,0%@1728,0%@1728,100%@1728,0%@1728,0%@1728] GR3D_FREQ 5% cpu@57.156C soc2@55.75C soc0@56.75C gpu@57.125C tj@58.281C soc1@58.281C VDD_IN 8669mW/8661mW VDD_CPU_GPU_CV 2621mW/2627mW VDD_SOC 2625mW/2625mW
08-04-2026 13:53:18 RAM 3825/7620MB (lfb 1x1MB) SWAP 2374/12002MB (cached 119MB) CPU [0%@1728,10%@1728,8%@1728,100%@1728,0%@1728,0%@1728] GR3D_FREQ 5% cpu@57.156C soc2@55.781C soc0@56.812C gpu@56.812C tj@58.437C soc1@58.437C VDD_IN 8669mW/8661mW VDD_CPU_GPU_CV 2621mW/2627mW VDD_SOC 2625mW/2625mW
08-04-2026 13:53:18 RAM 3825/7620MB (lfb 1x1MB) SWAP 2374/12002MB (cached 119MB) CPU [0%@1728,0%@1728,0%@1728,100%@1728,10%@1728,0%@1728] GR3D_FREQ 5% cpu@57.218C soc2@55.812C soc0@56.625C gpu@56.812C tj@58.093C soc1@58.093C VDD_IN 8656mW/8661mW VDD_CPU_GPU_CV 2662mW/2627mW VDD_SOC 2625mW/2625mW
08-04-2026 13:53:18 RAM 3825/7620MB (lfb 1x1MB) SWAP 2374/12002MB (cached 119MB) CPU [0%@1728,0%@1728,0%@1728,100%@1728,0%@1728,0%@1728] GR3D_FREQ 5% cpu@57.031C soc2@55.812C soc0@56.687C gpu@57.156C tj@58.312C soc1@58.312C VDD_IN 8669mW/8661mW VDD_CPU_GPU_CV 2621mW/2627mW VDD_SOC 2625mW/2625mW
08-04-2026 13:53:18 RAM 3825/7620MB (lfb 1x1MB) SWAP 2374/12002MB (cached 119MB) CPU [0%@1728,0%@1728,0%@1728,100%@1728,0%@1728,9%@1728] GR3D_FREQ 5% cpu@57.125C soc2@55.75C soc0@56.687C gpu@56.812C tj@58.281C soc1@58.281C VDD_IN 8656mW/8661mW VDD_CPU_GPU_CV 2621mW/2627mW VDD_SOC 2625mW/2625mW
08-04-2026 13:53:18 RAM 3825/7620MB (lfb 1x1MB) SWAP 2374/12002MB (cached 119MB) CPU [0%@1728,0%@1728,0%@1728,100%@1728,0%@1728,9%@1728] GR3D_FREQ 5% cpu@57.218C soc2@55.812C soc0@56.843C gpu@56.812C tj@58.406C soc1@58.406C VDD_IN 8656mW/8661mW VDD_CPU_GPU_CV 2662mW/2627mW VDD_SOC 2625mW/2625mW
08-04-2026 13:53:18 RAM 3825/7620MB (lfb 1x1MB) SWAP 2374/12002MB (cached 119MB) CPU [9%@1728,9%@1728,0%@1728,100%@1728,0%@1728,0%@1728] GR3D_FREQ 5% cpu@57.125C soc2@55.718C soc0@56.625C gpu@57.093C tj@58.156C soc1@58.156C VDD_IN 8697mW/8661mW VDD_CPU_GPU_CV 2662mW/2627mW VDD_SOC 2625mW/2625mW
08-04-2026 13:53:18 RAM 3825/7620MB (lfb 1x1MB) SWAP 2374/12002MB (cached 119MB) CPU [0%@1728,0%@1728,0%@1728,100%@1728,0%@1728,0%@1728] GR3D_FREQ 5% cpu@57.062C soc2@55.812C soc0@56.687C gpu@56.812C tj@58.125C soc1@58.125C VDD_IN 8697mW/8661mW VDD_CPU_GPU_CV 2662mW/2627mW VDD_SOC 2625mW/2625mW
08-04-2026 13:53:18 RAM 3825/7620MB (lfb 1x1MB) SWAP 2374/12002MB (cached 119MB) CPU [16%@1728,9%@1728,0%@1728,100%@1728,0%@1728,0%@1728] GR3D_FREQ 5% cpu@57.125C soc2@55.875C soc0@56.75C gpu@57.343C tj@58.187C soc1@58.187C VDD_IN 8669mW/8661mW VDD_CPU_GPU_CV 2662mW/2627mW VDD_SOC 2625mW/2625mW
08-04-2026 13:53:18 RAM 3825/7620MB (lfb 1x1MB) SWAP 2374/12002MB (cached 119MB) CPU [0%@1728,0%@1728,0%@1728,100%@1728,0%@1728,0%@1728] GR3D_FREQ 5% cpu@57.093C soc2@55.875C soc0@56.843C gpu@57.125C tj@58.375C soc1@58.375C VDD_IN 8669mW/8661mW VDD_CPU_GPU_CV 2621mW/2627mW VDD_SOC 2625mW/2625mW
08-04-2026 13:53:19 RAM 3825/7620MB (lfb 1x1MB) SWAP 2374/12002MB (cached 119MB) CPU [0%@1728,8%@1728,0%@1728,100%@1728,0%@1728,0%@1728] GR3D_FREQ 5% cpu@57.531C soc2@55.843C soc0@56.906C gpu@56.781C tj@58.125C soc1@58.125C VDD_IN 8669mW/8661mW VDD_CPU_GPU_CV 2621mW/2627mW VDD_SOC 2625mW/2625mW
08-04-2026 13:53:19 RAM 3825/7620MB (lfb 1x1MB) SWAP 2374/12002MB (cached 119MB) CPU [0%@1728,0%@1728,0%@1728,100%@1728,0%@1728,0%@1728] GR3D_FREQ 5% cpu@57.156C soc2@55.812C soc0@56.593C gpu@57.25C tj@58.156C soc1@58.156C VDD_IN 8669mW/8661mW VDD_CPU_GPU_CV 2621mW/2627mW VDD_SOC 2625mW/2625mW
08-04-2026 13:53:19 RAM 3825/7620MB (lfb 1x1MB) SWAP 2374/12002MB (cached 119MB) CPU [0%@1728,0%@1728,0%@1728,100%@1728,0%@1728,0%@1728] GR3D_FREQ 5% cpu@57.062C soc2@55.812C soc0@56.75C gpu@57.093C tj@58.25C soc1@58.25C VDD_IN 8669mW/8661mW VDD_CPU_GPU_CV 2621mW/2627mW VDD_SOC 2625mW/2625mW
08-04-2026 13:53:19 RAM 3825/7620MB (lfb 1x1MB) SWAP 2374/12002MB (cached 119MB) CPU [0%@1728,0%@1728,0%@1728,100%@1728,0%@1728,0%@1728] GR3D_FREQ 5% cpu@57C soc2@55.812C soc0@56.75C gpu@56.781C tj@58.375C soc1@58.375C VDD_IN 8669mW/8661mW VDD_CPU_GPU_CV 2621mW/2627mW VDD_SOC 2625mW/2625mW
08-04-2026 13:53:19 RAM 3830/7620MB (lfb 1x1MB) SWAP 2374/12002MB (cached 119MB) CPU [9%@1728,10%@1728,27%@1728,100%@1728,9%@1728,9%@1728] GR3D_FREQ 5% cpu@57.531C soc2@55.906C soc0@56.812C gpu@57.25C tj@58.125C soc1@58.125C VDD_IN 8738mW/8661mW VDD_CPU_GPU_CV 2662mW/2627mW VDD_SOC 2625mW/2625mW
08-04-2026 13:53:19 RAM 3830/7620MB (lfb 1x1MB) SWAP 2374/12002MB (cached 119MB) CPU [0%@1728,9%@1728,9%@1728,100%@1728,0%@1728,0%@1728] GR3D_FREQ 5% cpu@57.125C soc2@55.656C soc0@56.625C gpu@57.031C tj@58.187C soc1@58.187C VDD_IN 8738mW/8662mW VDD_CPU_GPU_CV 2662mW/2628mW VDD_SOC 2625mW/2625mW
08-04-2026 13:53:19 RAM 3830/7620MB (lfb 1x1MB) SWAP 2374/12002MB (cached 119MB) CPU [0%@1728,0%@1728,0%@1728,100%@1728,0%@1728,0%@1728] GR3D_FREQ 5% cpu@57.093C soc2@55.781C soc0@56.687C gpu@57C tj@58.187C soc1@58.187C VDD_IN 8738mW/8662mW VDD_CPU_GPU_CV 2662mW/2628mW VDD_SOC 2625mW/2625mW
08-04-2026 13:53:19 RAM 3830/7620MB (lfb 1x1MB) SWAP 2374/12002MB (cached 119MB) CPU [0%@1728,0%@1728,0%@1728,100%@1728,0%@1728,0%@1728] GR3D_FREQ 5% cpu@57.031C soc2@55.875C soc0@56.718C gpu@57.218C tj@58.281C soc1@58.281C VDD_IN 8697mW/8662mW VDD_CPU_GPU_CV 2662mW/2628mW VDD_SOC 2625mW/2625mW
08-04-2026 13:53:19 RAM 3830/7620MB (lfb 1x1MB) SWAP 2374/12002MB (cached 119MB) CPU [0%@1728,0%@1728,0%@1728,100%@1728,0%@1728,0%@1728] GR3D_FREQ 5% cpu@57.343C soc2@55.875C soc0@56.781C gpu@57C tj@58.093C soc1@58.093C VDD_IN 8697mW/8662mW VDD_CPU_GPU_CV 2662mW/2628mW VDD_SOC 2625mW/2625mW
08-04-2026 13:53:20 RAM 3830/7620MB (lfb 1x1MB) SWAP 2374/12002MB (cached 119MB) CPU [0%@1728,0%@1728,0%@1728,100%@1728,0%@1728,0%@1728] GR3D_FREQ 5% cpu@57.093C soc2@55.812C soc0@56.687C gpu@56.968C tj@58.093C soc1@58.093C VDD_IN 8656mW/8662mW VDD_CPU_GPU_CV 2662mW/2628mW VDD_SOC 2625mW/2625mW
08-04-2026 13:53:20 RAM 3830/7620MB (lfb 1x1MB) SWAP 2374/12002MB (cached 119MB) CPU [0%@1728,0%@1728,0%@1728,100%@1728,0%@1728,0%@1728] GR3D_FREQ 5% cpu@57C soc2@55.812C soc0@56.75C gpu@57.125C tj@58.281C soc1@58.281C VDD_IN 8656mW/8662mW VDD_CPU_GPU_CV 2621mW/2628mW VDD_SOC 2625mW/2625mW
08-04-2026 13:53:20 RAM 3830/7620MB (lfb 1x1MB) SWAP 2374/12002MB (cached 119MB) CPU [0%@1728,0%@1728,0%@1728,100%@1728,0%@1728,0%@1728] GR3D_FREQ 5% cpu@56.906C soc2@55.812C soc0@56.781C gpu@56.968C tj@58.156C soc1@58.156C VDD_IN 8656mW/8662mW VDD_CPU_GPU_CV 2621mW/2628mW VDD_SOC 2625mW/2625mW
08-04-2026 13:53:20 RAM 3830/7620MB (lfb 1x1MB) SWAP 2374/12002MB (cached 119MB) CPU [0%@1728,0%@1728,0%@1728,100%@1728,0%@1728,0%@1728] GR3D_FREQ 5% cpu@57.343C soc2@55.906C soc0@56.781C gpu@56.906C tj@58.5C soc1@58.5C VDD_IN 8656mW/8662mW VDD_CPU_GPU_CV 2621mW/2628mW VDD_SOC 2625mW/2625mW
08-04-2026 13:53:20 RAM 3830/7620MB (lfb 1x1MB) SWAP 2374/12002MB (cached 119MB) CPU [0%@1728,0%@1728,0%@1728,100%@1728,0%@1728,9%@1728] GR3D_FREQ 5% cpu@57.562C soc2@55.781C soc0@56.593C gpu@57.093C tj@58.125C soc1@58.125C VDD_IN 8656mW/8662mW VDD_CPU_GPU_CV 2621mW/2628mW VDD_SOC 2625mW/2625mW
08-04-2026 13:53:20 RAM 3830/7620MB (lfb 1x1MB) SWAP 2374/12002MB (cached 119MB) CPU [0%@1728,9%@1728,0%@1728,100%@1728,0%@1728,9%@1728] GR3D_FREQ 5% cpu@57.031C soc2@55.781C soc0@56.687C gpu@56.968C tj@58.218C soc1@58.218C VDD_IN 8656mW/8662mW VDD_CPU_GPU_CV 2621mW/2628mW VDD_SOC 2625mW/2625mW
08-04-2026 13:53:20 RAM 3830/7620MB (lfb 1x1MB) SWAP 2374/12002MB (cached 119MB) CPU [8%@1728,0%@1728,0%@1728,100%@1728,0%@1728,0%@1728] GR3D_FREQ 5% cpu@57.093C soc2@55.875C soc0@56.687C gpu@56.968C tj@58.281C soc1@58.281C VDD_IN 8656mW/8662mW VDD_CPU_GPU_CV 2621mW/2628mW VDD_SOC 2625mW/2625mW
08-04-2026 13:53:20 RAM 3830/7620MB (lfb 1x1MB) SWAP 2374/12002MB (cached 119MB) CPU [0%@1728,0%@1728,0%@1728,100%@1728,0%@1728,0%@1728] GR3D_FREQ 5% cpu@57.218C soc2@55.812C soc0@56.75C gpu@57.062C tj@58.375C soc1@58.375C VDD_IN 8656mW/8662mW VDD_CPU_GPU_CV 2621mW/2628mW VDD_SOC 2625mW/2625mW
08-04-2026 13:53:20 RAM 3830/7620MB (lfb 1x1MB) SWAP 2374/12002MB (cached 119MB) CPU [0%@1728,0%@1728,0%@1728,100%@1728,0%@1728,0%@1728] GR3D_FREQ 5% cpu@57.406C soc2@55.812C soc0@56.625C gpu@57C tj@58.156C soc1@58.156C VDD_IN 8656mW/8662mW VDD_CPU_GPU_CV 2621mW/2628mW VDD_SOC 2625mW/2625mW
08-04-2026 13:53:20 RAM 3831/7620MB (lfb 1x1MB) SWAP 2374/12002MB (cached 119MB) CPU [0%@1728,9%@1728,0%@1728,100%@1728,9%@1728,0%@1728] GR3D_FREQ 5% cpu@57.125C soc2@55.843C soc0@56.625C gpu@56.937C tj@58.25C soc1@58.25C VDD_IN 8656mW/8662mW VDD_CPU_GPU_CV 2621mW/2628mW VDD_SOC 2625mW/2625mW
08-04-2026 13:53:21 RAM 3831/7620MB (lfb 1x1MB) SWAP 2374/12002MB (cached 119MB) CPU [0%@1728,0%@1728,0%@1728,100%@1728,0%@1728,0%@1728] GR3D_FREQ 5% cpu@57.062C soc2@55.812C soc0@56.656C gpu@56.843C tj@58.25C soc1@58.25C VDD_IN 8669mW/8662mW VDD_CPU_GPU_CV 2621mW/2628mW VDD_SOC 2625mW/2625mW
08-04-2026 13:53:21 RAM 3831/7620MB (lfb 1x1MB) SWAP 2374/12002MB (cached 119MB) CPU [9%@1728,9%@1728,0%@1728,100%@1728,0%@1728,0%@1728] GR3D_FREQ 5% cpu@57.218C soc2@55.75C soc0@56.718C gpu@57C tj@58.406C soc1@58.406C VDD_IN 8669mW/8662mW VDD_CPU_GPU_CV 2621mW/2628mW VDD_SOC 2625mW/2625mW
08-04-2026 13:53:21 RAM 3831/7620MB (lfb 1x1MB) SWAP 2374/12002MB (cached 119MB) CPU [8%@1728,8%@1728,0%@1728,100%@1728,0%@1728,0%@1728] GR3D_FREQ 5% cpu@57.312C soc2@55.937C soc0@56.593C gpu@56.906C tj@58.156C soc1@58.156C VDD_IN 8669mW/8662mW VDD_CPU_GPU_CV 2621mW/2628mW VDD_SOC 2625mW/2625mW
08-04-2026 13:53:21 RAM 3831/7620MB (lfb 1x1MB) SWAP 2374/12002MB (cached 119MB) CPU [0%@1728,0%@1728,0%@1728,100%@1728,0%@1728,0%@1728] GR3D_FREQ 5% cpu@57.406C soc2@55.781C soc0@56.625C gpu@56.906C tj@58.156C soc1@58.156C VDD_IN 8669mW/8662mW VDD_CPU_GPU_CV 2621mW/2628mW VDD_SOC 2625mW/2625mW
08-04-2026 13:53:21 RAM 3831/7620MB (lfb 1x1MB) SWAP 2374/12002MB (cached 119MB) CPU [0%@1728,9%@1728,0%@1728,100%@1728,0%@1728,0%@1728] GR3D_FREQ 5% cpu@57.093C soc2@55.843C soc0@56.687C gpu@57.031C tj@58.281C soc1@58.281C VDD_IN 8669mW/8662mW VDD_CPU_GPU_CV 2621mW/2628mW VDD_SOC 2625mW/2625mW
08-04-2026 13:53:21 RAM 3831/7620MB (lfb 1x1MB) SWAP 2374/12002MB (cached 119MB) CPU [0%@1728,0%@1728,0%@1728,100%@1728,0%@1728,9%@1728] GR3D_FREQ 5% cpu@57.25C soc2@55.781C soc0@56.781C gpu@56.843C tj@58.343C soc1@58.343C VDD_IN 8656mW/8662mW VDD_CPU_GPU_CV 2621mW/2628mW VDD_SOC 2625mW/2625mW
08-04-2026 13:53:21 RAM 3831/7620MB (lfb 1x1MB) SWAP 2374/12002MB (cached 119MB) CPU [9%@1728,0%@1728,0%@1728,100%@1728,0%@1728,0%@1728] GR3D_FREQ 5% cpu@57.375C soc2@55.875C soc0@56.875C gpu@56.843C tj@58.156C soc1@58.156C VDD_IN 8656mW/8662mW VDD_CPU_GPU_CV 2621mW/2628mW VDD_SOC 2625mW/2625mW
08-04-2026 13:53:21 RAM 3831/7620MB (lfb 1x1MB) SWAP 2374/12002MB (cached 119MB) CPU [0%@1728,9%@1728,9%@1728,100%@1728,0%@1728,8%@1728] GR3D_FREQ 5% cpu@57.437C soc2@55.781C soc0@56.625C gpu@56.968C tj@58.187C soc1@58.187C VDD_IN 8656mW/8662mW VDD_CPU_GPU_CV 2621mW/2628mW VDD_SOC 2625mW/2625mW
08-04-2026 13:53:21 RAM 3831/7620MB (lfb 1x1MB) SWAP 2374/12002MB (cached 119MB) CPU [0%@1728,9%@1728,0%@1728,100%@1728,0%@1728,0%@1728] GR3D_FREQ 5% cpu@57C soc2@55.812C soc0@56.718C gpu@56.875C tj@58.187C soc1@58.187C VDD_IN 8656mW/8662mW VDD_CPU_GPU_CV 2621mW/2628mW VDD_SOC 2625mW/2625mW
08-04-2026 13:53:22 RAM 3831/7620MB (lfb 1x1MB) SWAP 2374/12002MB (cached 119MB) CPU [0%@1728,0%@1728,0%@1728,100%@1728,0%@1728,0%@1728] GR3D_FREQ 5% cpu@57.156C soc2@55.781C soc0@56.718C gpu@56.812C tj@58.25C soc1@58.25C VDD_IN 8669mW/8662mW VDD_CPU_GPU_CV 2621mW/2628mW VDD_SOC 2625mW/2625mW
08-04-2026 13:53:22 RAM 3831/7620MB (lfb 1x1MB) SWAP 2374/12002MB (cached 119MB) CPU [0%@1728,0%@1728,0%@1728,100%@1728,0%@1728,0%@1728] GR3D_FREQ 5% cpu@57.312C soc2@55.843C soc0@56.875C gpu@56.875C tj@58.125C soc1@58.125C VDD_IN 8656mW/8662mW VDD_CPU_GPU_CV 2621mW/2628mW VDD_SOC 2625mW/2625mW
08-04-2026 13:53:22 RAM 3831/7620MB (lfb 1x1MB) SWAP 2374/12002MB (cached 119MB) CPU [0%@1728,8%@1728,0%@1728,100%@1728,0%@1728,0%@1728] GR3D_FREQ 5% cpu@57.343C soc2@55.812C soc0@56.656C gpu@56.812C tj@58.187C soc1@58.187C VDD_IN 8656mW/8662mW VDD_CPU_GPU_CV 2621mW/2628mW VDD_SOC 2625mW/2625mW
08-04-2026 13:53:22 RAM 3831/7620MB (lfb 1x1MB) SWAP 2374/12002MB (cached 119MB) CPU [0%@1728,0%@1728,0%@1728,100%@1728,0%@1728,0%@1728] GR3D_FREQ 5% cpu@57.062C soc2@55.812C soc0@56.656C gpu@56.781C tj@58.125C soc1@58.125C VDD_IN 8656mW/8662mW VDD_CPU_GPU_CV 2621mW/2628mW VDD_SOC 2625mW/2625mW
08-04-2026 13:53:22 RAM 3831/7620MB (lfb 1x1MB) SWAP 2374/12002MB (cached 119MB) CPU [0%@1728,0%@1728,0%@1728,100%@1728,0%@1728,0%@1728] GR3D_FREQ 5% cpu@57.25C soc2@55.812C soc0@56.656C gpu@56.937C tj@58.343C soc1@58.343C VDD_IN 8669mW/8662mW VDD_CPU_GPU_CV 2621mW/2628mW VDD_SOC 2625mW/2625mW
08-04-2026 13:53:22 RAM 3831/7620MB (lfb 1x1MB) SWAP 2374/12002MB (cached 119MB) CPU [0%@1728,0%@1728,0%@1728,100%@1728,0%@1728,0%@1728] GR3D_FREQ 5% cpu@57.281C soc2@55.906C soc0@56.812C gpu@56.812C tj@58.375C soc1@58.375C VDD_IN 8656mW/8662mW VDD_CPU_GPU_CV 2621mW/2627mW VDD_SOC 2625mW/2625mW
08-04-2026 13:53:22 RAM 3831/7620MB (lfb 1x1MB) SWAP 2374/12002MB (cached 119MB) CPU [0%@1728,0%@1728,0%@1728,100%@1728,0%@1728,0%@1728] GR3D_FREQ 5% cpu@57.25C soc2@55.75C soc0@56.593C gpu@56.781C tj@58.093C soc1@58.093C VDD_IN 8656mW/8662mW VDD_CPU_GPU_CV 2662mW/2628mW VDD_SOC 2625mW/2625mW
08-04-2026 13:53:22 RAM 3831/7620MB (lfb 1x1MB) SWAP 2374/12002MB (cached 119MB) CPU [11%@1728,0%@1728,18%@1728,100%@1728,9%@1728,9%@1728] GR3D_FREQ 5% cpu@57.5C soc2@55.812C soc0@56.593C gpu@56.968C tj@58.156C soc1@58.156C VDD_IN 8738mW/8662mW VDD_CPU_GPU_CV 2703mW/2628mW VDD_SOC 2625mW/2625mW
08-04-2026 13:53:22 RAM 3831/7620MB (lfb 1x1MB) SWAP 2374/12002MB (cached 119MB) CPU [0%@1728,0%@1728,0%@1728,100%@1728,0%@1728,0%@1728] GR3D_FREQ 5% cpu@57.187C soc2@55.781C soc0@56.781C gpu@56.843C tj@58.218C soc1@58.218C VDD_IN 8738mW/8662mW VDD_CPU_GPU_CV 2662mW/2628mW VDD_SOC 2625mW/2625mW
08-04-2026 13:53:22 RAM 3831/7620MB (lfb 1x1MB) SWAP 2374/12002MB (cached 119MB) CPU [0%@1728,0%@1728,0%@1728,100%@1728,0%@1728,0%@1728] GR3D_FREQ 5% cpu@57.218C soc2@55.812C soc0@56.812C gpu@56.812C tj@58.406C soc1@58.468C VDD_IN 8697mW/8662mW VDD_CPU_GPU_CV 2662mW/2628mW VDD_SOC 2625mW/2625mW
08-04-2026 13:53:23 RAM 3831/7620MB (lfb 1x1MB) SWAP 2374/12002MB (cached 119MB) CPU [0%@1728,0%@1728,0%@1728,100%@1728,0%@1728,0%@1728] GR3D_FREQ 5% cpu@57.312C soc2@55.75C soc0@56.687C gpu@57.125C tj@58.125C soc1@58.125C VDD_IN 8697mW/8663mW VDD_CPU_GPU_CV 2662mW/2628mW VDD_SOC 2625mW/2625mW
08-04-2026 13:53:23 RAM 3831/7620MB (lfb 1x1MB) SWAP 2374/12002MB (cached 119MB) CPU [0%@1728,0%@1728,0%@1728,100%@1728,0%@1728,0%@1728] GR3D_FREQ 5% cpu@57.5C soc2@55.781C soc0@56.625C gpu@56.843C tj@58.187C soc1@58.187C VDD_IN 8697mW/8663mW VDD_CPU_GPU_CV 2662mW/2628mW VDD_SOC 2625mW/2625mW
08-04-2026 13:53:23 RAM 3831/7620MB (lfb 1x1MB) SWAP 2374/12002MB (cached 119MB) CPU [0%@1728,0%@1728,0%@1728,100%@1728,0%@1728,0%@1728] GR3D_FREQ 5% cpu@57.062C soc2@55.812C soc0@56.781C gpu@56.812C tj@58.312C soc1@58.312C VDD_IN 8656mW/8663mW VDD_CPU_GPU_CV 2662mW/2628mW VDD_SOC 2625mW/2625mW
08-04-2026 13:53:23 RAM 3831/7620MB (lfb 1x1MB) SWAP 2374/12002MB (cached 119MB) CPU [0%@1728,0%@1728,0%@1728,100%@1728,0%@1728,0%@1728] GR3D_FREQ 5% cpu@57.218C soc2@55.812C soc0@56.687C gpu@57.062C tj@58.343C soc1@58.343C VDD_IN 8656mW/8663mW VDD_CPU_GPU_CV 2621mW/2628mW VDD_SOC 2625mW/2625mW
08-04-2026 13:53:23 RAM 3831/7620MB (lfb 1x1MB) SWAP 2374/12002MB (cached 119MB) CPU [9%@1728,9%@1728,9%@1728,100%@1728,8%@1728,0%@1728] GR3D_FREQ 5% cpu@57.281C soc2@55.843C soc0@56.656C gpu@56.843C tj@58.093C soc1@58.093C VDD_IN 8656mW/8663mW VDD_CPU_GPU_CV 2621mW/2628mW VDD_SOC 2625mW/2625mW
08-04-2026 13:53:23 RAM 3831/7620MB (lfb 1x1MB) SWAP 2374/12002MB (cached 119MB) CPU [9%@1728,0%@1728,0%@1728,100%@1728,0%@1728,0%@1728] GR3D_FREQ 5% cpu@57.437C soc2@55.718C soc0@56.531C gpu@57.25C tj@58.156C soc1@58.156C VDD_IN 8697mW/8663mW VDD_CPU_GPU_CV 2662mW/2628mW VDD_SOC 2625mW/2625mW
08-04-2026 13:53:23 RAM 3831/7620MB (lfb 1x1MB) SWAP 2374/12002MB (cached 119MB) CPU [0%@1728,0%@1728,0%@1728,100%@1728,0%@1728,0%@1728] GR3D_FREQ 5% cpu@57.218C soc2@55.875C soc0@56.531C gpu@57.125C tj@58.25C soc1@58.25C VDD_IN 8656mW/8663mW VDD_CPU_GPU_CV 2662mW/2628mW VDD_SOC 2625mW/2625mW
08-04-2026 13:53:23 RAM 3831/7620MB (lfb 1x1MB) SWAP 2374/12002MB (cached 119MB) CPU [0%@1728,0%@1728,0%@1728,100%@1728,0%@1728,0%@1728] GR3D_FREQ 5% cpu@57.25C soc2@55.875C soc0@56.75C gpu@56.843C tj@58.437C soc1@58.437C VDD_IN 8656mW/8663mW VDD_CPU_GPU_CV 2662mW/2629mW VDD_SOC 2625mW/2625mW
08-04-2026 13:53:23 RAM 3831/7620MB (lfb 1x1MB) SWAP 2374/12002MB (cached 119MB) CPU [0%@1728,0%@1728,0%@1728,100%@1728,0%@1728,0%@1728] GR3D_FREQ 5% cpu@57.25C soc2@55.875C soc0@56.593C gpu@57.25C tj@58.125C soc1@58.125C VDD_IN 8656mW/8663mW VDD_CPU_GPU_CV 2621mW/2629mW VDD_SOC 2625mW/2625mW
08-04-2026 13:53:24 RAM 3831/7620MB (lfb 1x1MB) SWAP 2374/12002MB (cached 119MB) CPU [0%@1728,0%@1728,0%@1728,100%@1728,0%@1728,0%@1728] GR3D_FREQ 5% cpu@57.312C soc2@55.781C soc0@56.656C gpu@57.062C tj@58.218C soc1@58.218C VDD_IN 8656mW/8663mW VDD_CPU_GPU_CV 2621mW/2628mW VDD_SOC 2625mW/2625mW
08-04-2026 13:53:24 RAM 3831/7620MB (lfb 1x1MB) SWAP 2374/12002MB (cached 119MB) CPU [0%@1728,0%@1728,0%@1728,100%@1728,0%@1728,0%@1728] GR3D_FREQ 5% cpu@57.093C soc2@55.718C soc0@56.593C gpu@56.875C tj@58.156C soc1@58.156C VDD_IN 8656mW/8663mW VDD_CPU_GPU_CV 2621mW/2628mW VDD_SOC 2625mW/2625mW
08-04-2026 13:53:24 RAM 3831/7620MB (lfb 1x1MB) SWAP 2374/12002MB (cached 119MB) CPU [9%@1728,0%@1728,0%@1728,100%@1728,0%@1728,0%@1728] GR3D_FREQ 5% cpu@57.25C soc2@55.812C soc0@56.656C gpu@57.218C tj@58.25C soc1@58.25C VDD_IN 8656mW/8663mW VDD_CPU_GPU_CV 2621mW/2628mW VDD_SOC 2625mW/2625mW
08-04-2026 13:53:24 RAM 3831/7620MB (lfb 1x1MB) SWAP 2374/12002MB (cached 119MB) CPU [8%@1728,0%@1728,0%@1728,100%@1728,0%@1728,0%@1728] GR3D_FREQ 5% cpu@57.156C soc2@55.906C soc0@56.906C gpu@57.156C tj@58.375C soc1@58.375C VDD_IN 8656mW/8663mW VDD_CPU_GPU_CV 2621mW/2628mW VDD_SOC 2625mW/2625mW
08-04-2026 13:53:24 RAM 3831/7620MB (lfb 1x1MB) SWAP 2374/12002MB (cached 119MB) CPU [0%@1728,0%@1728,0%@1728,100%@1728,0%@1728,0%@1728] GR3D_FREQ 5% cpu@57.25C soc2@55.75C soc0@56.593C gpu@56.812C tj@58.156C soc1@58.156C VDD_IN 8656mW/8663mW VDD_CPU_GPU_CV 2621mW/2628mW VDD_SOC 2625mW/2625mW
08-04-2026 13:53:24 RAM 3831/7620MB (lfb 1x1MB) SWAP 2374/12002MB (cached 119MB) CPU [0%@1728,0%@1728,0%@1728,100%@1728,0%@1728,10%@1728] GR3D_FREQ 5% cpu@57.156C soc2@55.781C soc0@56.656C gpu@57.156C tj@58.218C soc1@58.218C VDD_IN 8656mW/8663mW VDD_CPU_GPU_CV 2621mW/2628mW VDD_SOC 2625mW/2625mW
08-04-2026 13:53:24 RAM 3831/7620MB (lfb 1x1MB) SWAP 2374/12002MB (cached 119MB) CPU [0%@1728,18%@1728,0%@1728,100%@1728,0%@1728,0%@1728] GR3D_FREQ 5% cpu@57.156C soc2@55.812C soc0@56.656C gpu@57.031C tj@58.25C soc1@58.25C VDD_IN 8697mW/8663mW VDD_CPU_GPU_CV 2662mW/2628mW VDD_SOC 2625mW/2625mW
08-04-2026 13:53:24 RAM 3831/7620MB (lfb 1x1MB) SWAP 2374/12002MB (cached 119MB) CPU [0%@1728,9%@1728,0%@1728,100%@1728,0%@1728,0%@1728] GR3D_FREQ 5% cpu@57.25C soc2@55.843C soc0@56.875C gpu@56.812C tj@58.437C soc1@58.437C VDD_IN 8697mW/8663mW VDD_CPU_GPU_CV 2662mW/2629mW VDD_SOC 2625mW/2625mW
08-04-2026 13:53:24 RAM 3831/7620MB (lfb 1x1MB) SWAP 2374/12002MB (cached 119MB) CPU [9%@1728,0%@1728,0%@1728,100%@1728,0%@1728,0%@1728] GR3D_FREQ 5% cpu@57.187C soc2@55.875C soc0@56.625C gpu@57.156C tj@58.125C soc1@58.125C VDD_IN 8656mW/8663mW VDD_CPU_GPU_CV 2621mW/2629mW VDD_SOC 2625mW/2625mW
08-04-2026 13:53:24 RAM 3831/7620MB (lfb 1x1MB) SWAP 2374/12002MB (cached 119MB) CPU [9%@1728,0%@1728,0%@1728,100%@1728,0%@1728,0%@1728] GR3D_FREQ 5% cpu@57.093C soc2@55.812C soc0@56.562C gpu@57.062C tj@58.093C soc1@58.093C VDD_IN 8656mW/8663mW VDD_CPU_GPU_CV 2621mW/2629mW VDD_SOC 2625mW/2625mW
08-04-2026 13:53:25 RAM 3812/7620MB (lfb 1x1MB) SWAP 2374/12002MB (cached 119MB) CPU [0%@1728,0%@1728,0%@1728,100%@1728,0%@1728,0%@1728] GR3D_FREQ 5% cpu@57.031C soc2@55.812C soc0@56.656C gpu@56.968C tj@58.25C soc1@58.25C VDD_IN 8656mW/8663mW VDD_CPU_GPU_CV 2621mW/2629mW VDD_SOC 2625mW/2625mW
08-04-2026 13:53:25 RAM 3812/7620MB (lfb 1x1MB) SWAP 2374/12002MB (cached 119MB) CPU [9%@1728,0%@1728,0%@1728,100%@1728,0%@1728,0%@1728] GR3D_FREQ 5% cpu@57.093C soc2@55.812C soc0@56.781C gpu@57.125C tj@58.343C soc1@58.343C VDD_IN 8656mW/8663mW VDD_CPU_GPU_CV 2621mW/2628mW VDD_SOC 2625mW/2625mW
08-04-2026 13:53:25 RAM 3812/7620MB (lfb 1x1MB) SWAP 2374/12002MB (cached 119MB) CPU [0%@1728,9%@1728,0%@1728,100%@1728,0%@1728,0%@1728] GR3D_FREQ 5% cpu@57.093C soc2@55.781C soc0@56.812C gpu@56.968C tj@58.125C soc1@58.125C VDD_IN 8656mW/8663mW VDD_CPU_GPU_CV 2621mW/2628mW VDD_SOC 2625mW/2625mW
08-04-2026 13:53:25 RAM 3812/7620MB (lfb 1x1MB) SWAP 2374/12002MB (cached 119MB) CPU [0%@1728,0%@1728,0%@1728,100%@1728,0%@1728,0%@1728] GR3D_FREQ 5% cpu@56.968C soc2@55.812C soc0@56.656C gpu@56.906C tj@58.218C soc1@58.218C VDD_IN 8656mW/8663mW VDD_CPU_GPU_CV 2621mW/2628mW VDD_SOC 2625mW/2625mW
08-04-2026 13:53:25 RAM 3812/7620MB (lfb 1x1MB) SWAP 2374/12002MB (cached 119MB) CPU [0%@1728,0%@1728,0%@1728,100%@1728,0%@1728,0%@1728] GR3D_FREQ 5% cpu@57.093C soc2@55.718C soc0@56.656C gpu@57.125C tj@58.312C soc1@58.312C VDD_IN 8656mW/8663mW VDD_CPU_GPU_CV 2621mW/2628mW VDD_SOC 2625mW/2625mW
08-04-2026 13:53:25 RAM 3812/7620MB (lfb 1x1MB) SWAP 2374/12002MB (cached 119MB) CPU [0%@1728,9%@1728,0%@1728,100%@1728,0%@1728,9%@1728] GR3D_FREQ 6% cpu@57.062C soc2@55.812C soc0@56.812C gpu@57C tj@58.281C soc1@58.281C VDD_IN 8656mW/8663mW VDD_CPU_GPU_CV 2621mW/2628mW VDD_SOC 2625mW/2625mW
08-04-2026 13:53:25 RAM 3812/7620MB (lfb 1x1MB) SWAP 2374/12002MB (cached 119MB) CPU [0%@1728,0%@1728,0%@1728,100%@1728,0%@1728,9%@1728] GR3D_FREQ 5% cpu@57.218C soc2@55.812C soc0@56.781C gpu@56.937C tj@58.093C soc1@58.093C VDD_IN 8656mW/8663mW VDD_CPU_GPU_CV 2621mW/2628mW VDD_SOC 2625mW/2625mW
08-04-2026 13:53:25 RAM 3812/7620MB (lfb 1x1MB) SWAP 2374/12002MB (cached 119MB) CPU [0%@1728,0%@1728,0%@1728,100%@1728,0%@1728,0%@1728] GR3D_FREQ 5% cpu@56.968C soc2@55.812C soc0@56.656C gpu@57.062C tj@58.093C soc1@58.156C VDD_IN 8656mW/8663mW VDD_CPU_GPU_CV 2621mW/2628mW VDD_SOC 2625mW/2625mW
08-04-2026 13:53:25 RAM 3813/7620MB (lfb 1x1MB) SWAP 2374/12002MB (cached 119MB) CPU [9%@1728,0%@1728,0%@1728,100%@1728,0%@1728,0%@1728] GR3D_FREQ 5% cpu@57.187C soc2@55.843C soc0@56.75C gpu@57C tj@58.156C soc1@58.156C VDD_IN 8669mW/8663mW VDD_CPU_GPU_CV 2621mW/2628mW VDD_SOC 2625mW/2625mW
08-04-2026 13:53:26 RAM 3819/7620MB (lfb 1x1MB) SWAP 2374/12002MB (cached 119MB) CPU [10%@1728,16%@1728,10%@1728,100%@1728,9%@1728,9%@1728] GR3D_FREQ 5% cpu@57.218C soc2@55.906C soc0@56.781C gpu@56.875C tj@58.218C soc1@58.218C VDD_IN 8738mW/8663mW VDD_CPU_GPU_CV 2662mW/2628mW VDD_SOC 2625mW/2625mW
08-04-2026 13:53:26 RAM 3818/7620MB (lfb 1x1MB) SWAP 2374/12002MB (cached 119MB) CPU [8%@1728,0%@1728,0%@1728,100%@1728,0%@1728,0%@1728] GR3D_FREQ 5% cpu@57.25C soc2@55.843C soc0@56.812C gpu@57.031C tj@58.093C soc1@58.093C VDD_IN 8697mW/8663mW VDD_CPU_GPU_CV 2662mW/2629mW VDD_SOC 2625mW/2625mW
08-04-2026 13:53:26 RAM 3819/7620MB (lfb 1x1MB) SWAP 2374/12002MB (cached 119MB) CPU [0%@1728,0%@1728,10%@1728,100%@1728,0%@1728,0%@1728] GR3D_FREQ 5% cpu@57.062C soc2@55.781C soc0@56.718C gpu@56.906C tj@58.218C soc1@58.218C VDD_IN 8697mW/8663mW VDD_CPU_GPU_CV 2662mW/2629mW VDD_SOC 2625mW/2625mW
08-04-2026 13:53:26 RAM 3819/7620MB (lfb 1x1MB) SWAP 2374/12002MB (cached 119MB) CPU [0%@1728,0%@1728,0%@1728,100%@1728,0%@1728,0%@1728] GR3D_FREQ 5% cpu@57.156C soc2@55.718C soc0@56.656C gpu@56.843C tj@58.187C soc1@58.187C VDD_IN 8697mW/8663mW VDD_CPU_GPU_CV 2662mW/2629mW VDD_SOC 2625mW/2625mW
08-04-2026 13:53:26 RAM 3819/7620MB (lfb 1x1MB) SWAP 2374/12002MB (cached 119MB) CPU [0%@1728,0%@1728,0%@1728,100%@1728,0%@1728,0%@1728] GR3D_FREQ 5% cpu@57.093C soc2@55.75C soc0@56.781C gpu@57.031C tj@58.375C soc1@58.375C VDD_IN 8656mW/8663mW VDD_CPU_GPU_CV 2662mW/2629mW VDD_SOC 2625mW/2625mW
08-04-2026 13:53:26 RAM 3819/7620MB (lfb 1x1MB) SWAP 2374/12002MB (cached 119MB) CPU [0%@1728,0%@1728,0%@1728,100%@1728,0%@1728,0%@1728] GR3D_FREQ 5% cpu@57.093C soc2@55.812C soc0@56.781C gpu@56.875C tj@58.437C soc1@58.437C VDD_IN 8697mW/8663mW VDD_CPU_GPU_CV 2662mW/2629mW VDD_SOC 2625mW/2625mW
08-04-2026 13:53:26 RAM 3819/7620MB (lfb 1x1MB) SWAP 2374/12002MB (cached 119MB) CPU [9%@1728,0%@1728,8%@1728,100%@1728,0%@1728,0%@1728] GR3D_FREQ 5% cpu@57.125C soc2@55.781C soc0@56.75C gpu@56.875C tj@58.062C soc1@58.062C VDD_IN 8697mW/8663mW VDD_CPU_GPU_CV 2662mW/2629mW VDD_SOC 2625mW/2625mW
08-04-2026 13:53:26 RAM 3819/7620MB (lfb 1x1MB) SWAP 2374/12002MB (cached 119MB) CPU [0%@1728,0%@1728,0%@1728,100%@1728,0%@1728,0%@1728] GR3D_FREQ 5% cpu@57.062C soc2@55.812C soc0@56.687C gpu@56.968C tj@58.156C soc1@58.156C VDD_IN 8697mW/8663mW VDD_CPU_GPU_CV 2662mW/2629mW VDD_SOC 2625mW/2625mW
08-04-2026 13:53:26 RAM 3819/7620MB (lfb 1x1MB) SWAP 2374/12002MB (cached 119MB) CPU [0%@1728,9%@1728,0%@1728,100%@1728,0%@1728,8%@1728] GR3D_FREQ 5% cpu@57.156C soc2@55.812C soc0@56.687C gpu@56.937C tj@58.281C soc1@58.281C VDD_IN 8656mW/8663mW VDD_CPU_GPU_CV 2662mW/2629mW VDD_SOC 2625mW/2625mW
08-04-2026 13:53:26 RAM 3819/7620MB (lfb 1x1MB) SWAP 2374/12002MB (cached 119MB) CPU [0%@1728,0%@1728,9%@1728,100%@1728,0%@1728,0%@1728] GR3D_FREQ 5% cpu@57.156C soc2@55.906C soc0@56.812C gpu@56.875C tj@58.437C soc1@58.437C VDD_IN 8656mW/8663mW VDD_CPU_GPU_CV 2662mW/2629mW VDD_SOC 2625mW/2625mW
08-04-2026 13:53:27 RAM 3819/7620MB (lfb 1x1MB) SWAP 2374/12002MB (cached 119MB) CPU [0%@1728,0%@1728,0%@1728,100%@1728,0%@1728,0%@1728] GR3D_FREQ 5% cpu@57C soc2@55.937C soc0@56.718C gpu@56.781C tj@58.187C soc1@58.187C VDD_IN 8656mW/8663mW VDD_CPU_GPU_CV 2621mW/2629mW VDD_SOC 2625mW/2625mW
08-04-2026 13:53:27 RAM 3819/7620MB (lfb 1x1MB) SWAP 2374/12002MB (cached 119MB) CPU [0%@1728,0%@1728,0%@1728,100%@1728,0%@1728,0%@1728] GR3D_FREQ 5% cpu@57C soc2@55.812C soc0@56.687C gpu@56.843C tj@58.156C soc1@58.156C VDD_IN 8656mW/8663mW VDD_CPU_GPU_CV 2621mW/2629mW VDD_SOC 2625mW/2625mW
08-04-2026 13:53:27 RAM 3819/7620MB (lfb 1x1MB) SWAP 2374/12002MB (cached 119MB) CPU [0%@1728,0%@1728,0%@1728,100%@1728,0%@1728,0%@1728] GR3D_FREQ 5% cpu@57.125C soc2@55.812C soc0@56.75C gpu@56.906C tj@58.218C soc1@58.218C VDD_IN 8656mW/8663mW VDD_CPU_GPU_CV 2621mW/2629mW VDD_SOC 2625mW/2625mW
08-04-2026 13:53:27 RAM 3819/7620MB (lfb 1x1MB) SWAP 2374/12002MB (cached 119MB) CPU [0%@1728,0%@1728,0%@1728,100%@1728,0%@1728,0%@1728] GR3D_FREQ 5% cpu@57.125C soc2@55.812C soc0@56.718C gpu@56.781C tj@58.437C soc1@58.437C VDD_IN 8656mW/8663mW VDD_CPU_GPU_CV 2621mW/2629mW VDD_SOC 2625mW/2625mW
08-04-2026 13:53:27 RAM 3819/7620MB (lfb 1x1MB) SWAP 2374/12002MB (cached 119MB) CPU [0%@1728,0%@1728,0%@1728,100%@1728,0%@1728,0%@1728] GR3D_FREQ 5% cpu@57.062C soc2@55.906C soc0@56.625C gpu@56.875C tj@58.187C soc1@58.187C VDD_IN 8656mW/8663mW VDD_CPU_GPU_CV 2621mW/2629mW VDD_SOC 2625mW/2625mW
08-04-2026 13:53:27 RAM 3819/7620MB (lfb 1x1MB) SWAP 2374/12002MB (cached 119MB) CPU [0%@1728,18%@1728,0%@1728,100%@1728,0%@1728,0%@1728] GR3D_FREQ 5% cpu@57.125C soc2@55.75C soc0@56.562C gpu@56.812C tj@58.156C soc1@58.156C VDD_IN 8656mW/8663mW VDD_CPU_GPU_CV 2621mW/2629mW VDD_SOC 2625mW/2625mW
08-04-2026 13:53:27 RAM 3819/7620MB (lfb 1x1MB) SWAP 2374/12002MB (cached 119MB) CPU [0%@1728,0%@1728,0%@1728,100%@1728,0%@1728,0%@1728] GR3D_FREQ 5% cpu@57.093C soc2@55.843C soc0@56.781C gpu@56.843C tj@58.281C soc1@58.281C VDD_IN 8656mW/8663mW VDD_CPU_GPU_CV 2621mW/2629mW VDD_SOC 2625mW/2625mW
08-04-2026 13:53:27 RAM 3819/7620MB (lfb 1x1MB) SWAP 2374/12002MB (cached 119MB) CPU [0%@1728,9%@1728,0%@1728,100%@1728,0%@1728,0%@1728] GR3D_FREQ 5% cpu@57.093C soc2@55.875C soc0@56.75C gpu@56.937C tj@58.312C soc1@58.312C VDD_IN 8656mW/8663mW VDD_CPU_GPU_CV 2621mW/2629mW VDD_SOC 2625mW/2625mW
08-04-2026 13:53:27 RAM 3819/7620MB (lfb 1x1MB) SWAP 2374/12002MB (cached 119MB) CPU [9%@1728,0%@1728,0%@1728,100%@1728,0%@1728,0%@1728] GR3D_FREQ 5% cpu@57.531C soc2@55.906C soc0@56.875C gpu@56.781C tj@58.5C soc1@58.093C VDD_IN 8656mW/8663mW VDD_CPU_GPU_CV 2621mW/2629mW VDD_SOC 2625mW/2625mW
08-04-2026 13:53:28 RAM 3819/7620MB (lfb 1x1MB) SWAP 2374/12002MB (cached 119MB) CPU [0%@1728,9%@1728,0%@1728,100%@1728,0%@1728,0%@1728] GR3D_FREQ 5% cpu@57.093C soc2@55.812C soc0@56.562C gpu@56.781C tj@58.125C soc1@58.125C VDD_IN 8656mW/8663mW VDD_CPU_GPU_CV 2621mW/2629mW VDD_SOC 2625mW/2625mW
08-04-2026 13:53:28 RAM 3819/7620MB (lfb 1x1MB) SWAP 2374/12002MB (cached 119MB) CPU [0%@1728,9%@1728,8%@1728,100%@1728,0%@1728,0%@1728] GR3D_FREQ 5% cpu@57.093C soc2@55.843C soc0@56.625C gpu@56.906C tj@58.218C soc1@58.218C VDD_IN 8656mW/8663mW VDD_CPU_GPU_CV 2621mW/2629mW VDD_SOC 2625mW/2625mW
08-04-2026 13:53:28 RAM 3819/7620MB (lfb 1x1MB) SWAP 2374/12002MB (cached 119MB) CPU [0%@1728,0%@1728,0%@1728,100%@1728,0%@1728,0%@1728] GR3D_FREQ 5% cpu@57.093C soc2@55.812C soc0@56.687C gpu@56.781C tj@58.343C soc1@58.343C VDD_IN 8656mW/8663mW VDD_CPU_GPU_CV 2621mW/2629mW VDD_SOC 2625mW/2625mW
08-04-2026 13:53:28 RAM 3819/7620MB (lfb 1x1MB) SWAP 2374/12002MB (cached 119MB) CPU [8%@1728,0%@1728,0%@1728,100%@1728,0%@1728,0%@1728] GR3D_FREQ 5% cpu@57.187C soc2@55.937C soc0@56.781C gpu@57.312C tj@58.437C soc1@58.437C VDD_IN 8656mW/8663mW VDD_CPU_GPU_CV 2621mW/2629mW VDD_SOC 2625mW/2625mW
08-04-2026 13:53:28 RAM 3819/7620MB (lfb 1x1MB) SWAP 2374/12002MB (cached 119MB) CPU [9%@1728,0%@1728,0%@1728,100%@1728,0%@1728,0%@1728] GR3D_FREQ 5% cpu@57.156C soc2@55.781C soc0@56.625C gpu@56.843C tj@58.093C soc1@58.093C VDD_IN 8656mW/8663mW VDD_CPU_GPU_CV 2621mW/2629mW VDD_SOC 2625mW/2625mW
08-04-2026 13:53:28 RAM 3819/7620MB (lfb 1x1MB) SWAP 2374/12002MB (cached 119MB) CPU [0%@1728,0%@1728,0%@1728,100%@1728,0%@1728,9%@1728] GR3D_FREQ 5% cpu@57.125C soc2@55.843C soc0@56.718C gpu@56.812C tj@58.093C soc1@58.093C VDD_IN 8656mW/8663mW VDD_CPU_GPU_CV 2621mW/2629mW VDD_SOC 2625mW/2625mW
08-04-2026 13:53:28 RAM 3819/7620MB (lfb 1x1MB) SWAP 2374/12002MB (cached 119MB) CPU [0%@1728,9%@1728,0%@1728,100%@1728,0%@1728,0%@1728] GR3D_FREQ 5% cpu@57.031C soc2@55.843C soc0@56.718C gpu@57.25C tj@58.406C soc1@58.406C VDD_IN 8656mW/8663mW VDD_CPU_GPU_CV 2621mW/2629mW VDD_SOC 2625mW/2625mW
08-04-2026 13:53:28 RAM 3819/7620MB (lfb 1x1MB) SWAP 2374/12002MB (cached 119MB) CPU [0%@1728,0%@1728,0%@1728,100%@1728,0%@1728,0%@1728] GR3D_FREQ 5% cpu@57.375C soc2@55.906C soc0@56.812C gpu@57.125C tj@58.156C soc1@58.156C VDD_IN 8656mW/8663mW VDD_CPU_GPU_CV 2621mW/2629mW VDD_SOC 2625mW/2625mW
08-04-2026 13:53:28 RAM 3819/7620MB (lfb 1x1MB) SWAP 2374/12002MB (cached 119MB) CPU [9%@1728,0%@1728,0%@1728,100%@1728,0%@1728,0%@1728] GR3D_FREQ 5% cpu@57.593C soc2@55.718C soc0@56.625C gpu@56.812C tj@58.187C soc1@58.187C VDD_IN 8656mW/8663mW VDD_CPU_GPU_CV 2621mW/2629mW VDD_SOC 2625mW/2625mW
08-04-2026 13:53:28 RAM 3819/7620MB (lfb 1x1MB) SWAP 2374/12002MB (cached 119MB) CPU [8%@1728,0%@1728,0%@1728,100%@1728,0%@1728,0%@1728] GR3D_FREQ 5% cpu@57.125C soc2@55.812C soc0@56.625C gpu@57.25C tj@58.25C soc1@58.25C VDD_IN 8656mW/8663mW VDD_CPU_GPU_CV 2621mW/2629mW VDD_SOC 2625mW/2625mW
08-04-2026 13:53:29 RAM 3819/7620MB (lfb 1x1MB) SWAP 2374/12002MB (cached 119MB) CPU [0%@1728,0%@1728,0%@1728,100%@1728,0%@1728,0%@1728] GR3D_FREQ 5% cpu@57.031C soc2@55.843C soc0@56.687C gpu@57.093C tj@58.25C soc1@58.25C VDD_IN 8656mW/8663mW VDD_CPU_GPU_CV 2621mW/2629mW VDD_SOC 2625mW/2625mW
08-04-2026 13:53:29 RAM 3819/7620MB (lfb 1x1MB) SWAP 2374/12002MB (cached 119MB) CPU [9%@1728,0%@1728,0%@1728,100%@1728,0%@1728,0%@1728] GR3D_FREQ 5% cpu@57.312C soc2@55.875C soc0@56.687C gpu@56.781C tj@58.468C soc1@58.468C VDD_IN 8656mW/8663mW VDD_CPU_GPU_CV 2621mW/2629mW VDD_SOC 2625mW/2625mW
08-04-2026 13:53:29 RAM 3823/7620MB (lfb 1x1MB) SWAP 2374/12002MB (cached 119MB) CPU [20%@1728,10%@1728,9%@1728,100%@1728,0%@1728,0%@1728] GR3D_FREQ 5% cpu@57.5C soc2@55.906C soc0@56.656C gpu@57.218C tj@58.125C soc1@58.125C VDD_IN 8738mW/8663mW VDD_CPU_GPU_CV 2662mW/2629mW VDD_SOC 2625mW/2625mW
08-04-2026 13:53:29 RAM 3823/7620MB (lfb 1x1MB) SWAP 2374/12002MB (cached 119MB) CPU [0%@1728,0%@1728,0%@1728,100%@1728,0%@1728,0%@1728] GR3D_FREQ 5% cpu@57.093C soc2@55.781C soc0@56.625C gpu@57.031C tj@58.281C soc1@58.281C VDD_IN 8697mW/8663mW VDD_CPU_GPU_CV 2662mW/2629mW VDD_SOC 2625mW/2625mW
08-04-2026 13:53:29 RAM 3823/7620MB (lfb 1x1MB) SWAP 2374/12002MB (cached 119MB) CPU [0%@1728,0%@1728,9%@1728,100%@1728,0%@1728,0%@1728] GR3D_FREQ 5% cpu@57.187C soc2@55.812C soc0@56.687C gpu@56.781C tj@58.312C soc1@58.312C VDD_IN 8697mW/8663mW VDD_CPU_GPU_CV 2662mW/2629mW VDD_SOC 2625mW/2625mW
08-04-2026 13:53:29 RAM 3823/7620MB (lfb 1x1MB) SWAP 2374/12002MB (cached 119MB) CPU [0%@1728,0%@1728,9%@1728,100%@1728,0%@1728,0%@1728] GR3D_FREQ 5% cpu@57.281C soc2@55.812C soc0@56.75C gpu@57.187C tj@58.375C soc1@58.375C VDD_IN 8697mW/8663mW VDD_CPU_GPU_CV 2662mW/2629mW VDD_SOC 2625mW/2625mW
08-04-2026 13:53:29 RAM 3823/7620MB (lfb 1x1MB) SWAP 2374/12002MB (cached 119MB) CPU [0%@1728,0%@1728,0%@1728,100%@1728,0%@1728,0%@1728] GR3D_FREQ 5% cpu@57.406C soc2@55.968C soc0@56.593C gpu@57.031C tj@58.187C soc1@58.187C VDD_IN 8697mW/8663mW VDD_CPU_GPU_CV 2662mW/2629mW VDD_SOC 2625mW/2625mW
08-04-2026 13:53:29 RAM 3823/7620MB (lfb 1x1MB) SWAP 2374/12002MB (cached 119MB) CPU [0%@1728,0%@1728,9%@1728,100%@1728,0%@1728,0%@1728] GR3D_FREQ 5% cpu@57.187C soc2@55.781C soc0@56.625C gpu@57C tj@58.218C soc1@58.218C VDD_IN 8697mW/8663mW VDD_CPU_GPU_CV 2662mW/2629mW VDD_SOC 2625mW/2625mW
08-04-2026 13:53:29 RAM 3823/7620MB (lfb 1x1MB) SWAP 2374/12002MB (cached 119MB) CPU [0%@1728,9%@1728,8%@1728,100%@1728,0%@1728,0%@1728] GR3D_FREQ 5% cpu@57.031C soc2@55.843C soc0@56.687C gpu@57.125C tj@58.25C soc1@58.25C VDD_IN 8697mW/8664mW VDD_CPU_GPU_CV 2662mW/2629mW VDD_SOC 2625mW/2625mW
08-04-2026 13:53:30 RAM 3823/7620MB (lfb 1x1MB) SWAP 2374/12002MB (cached 119MB) CPU [0%@1728,0%@1728,0%@1728,100%@1728,9%@1728,0%@1728] GR3D_FREQ 5% cpu@57.25C soc2@55.937C soc0@56.625C gpu@57.031C tj@58.406C soc1@58.406C VDD_IN 8656mW/8663mW VDD_CPU_GPU_CV 2621mW/2629mW VDD_SOC 2625mW/2625mW
08-04-2026 13:53:30 RAM 3823/7620MB (lfb 1x1MB) SWAP 2374/12002MB (cached 119MB) CPU [0%@1728,0%@1728,0%@1728,100%@1728,0%@1728,0%@1728] GR3D_FREQ 5% cpu@57.312C soc2@55.843C soc0@56.781C gpu@56.906C tj@58.093C soc1@58.093C VDD_IN 8656mW/8663mW VDD_CPU_GPU_CV 2621mW/2629mW VDD_SOC 2625mW/2625mW
08-04-2026 13:53:30 RAM 3823/7620MB (lfb 1x1MB) SWAP 2374/12002MB (cached 119MB) CPU [0%@1728,0%@1728,0%@1728,100%@1728,0%@1728,0%@1728] GR3D_FREQ 5% cpu@57.531C soc2@55.687C soc0@56.687C gpu@57.093C tj@58.156C soc1@58.156C VDD_IN 8656mW/8663mW VDD_CPU_GPU_CV 2662mW/2629mW VDD_SOC 2625mW/2625mW
08-04-2026 13:53:30 RAM 3823/7620MB (lfb 1x1MB) SWAP 2374/12002MB (cached 119MB) CPU [0%@1728,0%@1728,0%@1728,100%@1728,0%@1728,0%@1728] GR3D_FREQ 5% cpu@57.062C soc2@55.812C soc0@56.718C gpu@56.937C tj@58.25C soc1@58.25C VDD_IN 8656mW/8663mW VDD_CPU_GPU_CV 2621mW/2629mW VDD_SOC 2625mW/2625mW
08-04-2026 13:53:30 RAM 3823/7620MB (lfb 1x1MB) SWAP 2374/12002MB (cached 119MB) CPU [0%@1728,0%@1728,0%@1728,100%@1728,0%@1728,0%@1728] GR3D_FREQ 5% cpu@57.281C soc2@55.781C soc0@56.75C gpu@56.875C tj@58.375C soc1@58.375C VDD_IN 8656mW/8663mW VDD_CPU_GPU_CV 2621mW/2629mW VDD_SOC 2625mW/2625mW
08-04-2026 13:53:30 RAM 3823/7620MB (lfb 1x1MB) SWAP 2374/12002MB (cached 119MB) CPU [9%@1728,0%@1728,0%@1728,100%@1728,0%@1728,0%@1728] GR3D_FREQ 5% cpu@57.343C soc2@55.906C soc0@56.843C gpu@57.093C tj@58.437C soc1@58.437C VDD_IN 8656mW/8663mW VDD_CPU_GPU_CV 2621mW/2629mW VDD_SOC 2625mW/2625mW
08-04-2026 13:53:30 RAM 3823/7620MB (lfb 1x1MB) SWAP 2374/12002MB (cached 119MB) CPU [0%@1728,0%@1728,0%@1728,100%@1728,0%@1728,0%@1728] GR3D_FREQ 5% cpu@57.437C soc2@55.812C soc0@56.531C gpu@57.062C tj@58.187C soc1@58.187C VDD_IN 8656mW/8663mW VDD_CPU_GPU_CV 2621mW/2629mW VDD_SOC 2625mW/2625mW
08-04-2026 13:53:30 RAM 3823/7620MB (lfb 1x1MB) SWAP 2374/12002MB (cached 119MB) CPU [0%@1728,0%@1728,0%@1728,100%@1728,0%@1728,0%@1728] GR3D_FREQ 5% cpu@57.093C soc2@55.812C soc0@56.656C gpu@56.843C tj@58.218C soc1@58.218C VDD_IN 8656mW/8663mW VDD_CPU_GPU_CV 2662mW/2629mW VDD_SOC 2625mW/2625mW
08-04-2026 13:53:30 RAM 3823/7620MB (lfb 1x1MB) SWAP 2374/12002MB (cached 119MB) CPU [0%@1728,0%@1728,0%@1728,100%@1728,0%@1728,0%@1728] GR3D_FREQ 5% cpu@57.187C soc2@55.75C soc0@56.75C gpu@57.062C tj@58.343C soc1@58.343C VDD_IN 8656mW/8663mW VDD_CPU_GPU_CV 2621mW/2629mW VDD_SOC 2625mW/2625mW
08-04-2026 13:53:30 RAM 3823/7620MB (lfb 1x1MB) SWAP 2374/12002MB (cached 119MB) CPU [0%@1728,0%@1728,0%@1728,100%@1728,0%@1728,0%@1728] GR3D_FREQ 5% cpu@57.25C soc2@55.812C soc0@56.875C gpu@56.968C tj@58.437C soc1@58.437C VDD_IN 8656mW/8663mW VDD_CPU_GPU_CV 2621mW/2629mW VDD_SOC 2625mW/2625mW
08-04-2026 13:53:31 RAM 3823/7620MB (lfb 1x1MB) SWAP 2374/12002MB (cached 119MB) CPU [18%@1728,0%@1728,0%@1728,100%@1728,0%@1728,0%@1728] GR3D_FREQ 5% cpu@57.406C soc2@55.812C soc0@56.687C gpu@56.843C tj@58.187C soc1@58.187C VDD_IN 8656mW/8663mW VDD_CPU_GPU_CV 2621mW/2629mW VDD_SOC 2625mW/2625mW
08-04-2026 13:53:31 RAM 3823/7620MB (lfb 1x1MB) SWAP 2374/12002MB (cached 119MB) CPU [0%@1728,0%@1728,0%@1728,100%@1728,0%@1728,0%@1728] GR3D_FREQ 5% cpu@57.531C soc2@55.812C soc0@56.625C gpu@57.031C tj@58.187C soc1@58.187C VDD_IN 8656mW/8663mW VDD_CPU_GPU_CV 2621mW/2629mW VDD_SOC 2625mW/2625mW
08-04-2026 13:53:31 RAM 3823/7620MB (lfb 1x1MB) SWAP 2374/12002MB (cached 119MB) CPU [0%@1728,0%@1728,9%@1728,100%@1728,8%@1728,0%@1728] GR3D_FREQ 5% cpu@57.187C soc2@55.812C soc0@56.718C gpu@56.875C tj@58.312C soc1@58.312C VDD_IN 8656mW/8663mW VDD_CPU_GPU_CV 2621mW/2629mW VDD_SOC 2625mW/2625mW
08-04-2026 13:53:31 RAM 3823/7620MB (lfb 1x1MB) SWAP 2374/12002MB (cached 119MB) CPU [0%@1728,0%@1728,0%@1728,100%@1728,0%@1728,0%@1728] GR3D_FREQ 5% cpu@57.343C soc2@55.781C soc0@56.875C gpu@56.843C tj@58.343C soc1@58.343C VDD_IN 8656mW/8663mW VDD_CPU_GPU_CV 2621mW/2629mW VDD_SOC 2625mW/2625mW
08-04-2026 13:53:31 RAM 3823/7620MB (lfb 1x1MB) SWAP 2374/12002MB (cached 119MB) CPU [0%@1728,0%@1728,0%@1728,100%@1728,0%@1728,0%@1728] GR3D_FREQ 5% cpu@57.343C soc2@55.718C soc0@56.593C gpu@56.812C tj@58.125C soc1@58.125C VDD_IN 8656mW/8663mW VDD_CPU_GPU_CV 2621mW/2629mW VDD_SOC 2625mW/2625mW
08-04-2026 13:53:31 RAM 3823/7620MB (lfb 1x1MB) SWAP 2374/12002MB (cached 119MB) CPU [0%@1728,9%@1728,9%@1728,100%@1728,9%@1728,0%@1728] GR3D_FREQ 5% cpu@57.531C soc2@55.812C soc0@56.656C gpu@56.906C tj@58.218C soc1@58.218C VDD_IN 8656mW/8663mW VDD_CPU_GPU_CV 2621mW/2629mW VDD_SOC 2625mW/2625mW
08-04-2026 13:53:31 RAM 3823/7620MB (lfb 1x1MB) SWAP 2374/12002MB (cached 119MB) CPU [9%@1728,0%@1728,0%@1728,100%@1728,0%@1728,0%@1728] GR3D_FREQ 5% cpu@57.125C soc2@55.812C soc0@56.718C gpu@56.875C tj@58.343C soc1@58.343C VDD_IN 8656mW/8663mW VDD_CPU_GPU_CV 2621mW/2629mW VDD_SOC 2625mW/2625mW
08-04-2026 13:53:31 RAM 3823/7620MB (lfb 1x1MB) SWAP 2374/12002MB (cached 119MB) CPU [0%@1728,0%@1728,0%@1728,100%@1728,0%@1728,0%@1728] GR3D_FREQ 5% cpu@57.25C soc2@55.812C soc0@56.75C gpu@56.843C tj@58.312C soc1@58.437C VDD_IN 8656mW/8663mW VDD_CPU_GPU_CV 2621mW/2629mW VDD_SOC 2625mW/2625mW
08-04-2026 13:53:31 RAM 3823/7620MB (lfb 1x1MB) SWAP 2374/12002MB (cached 119MB) CPU [0%@1728,9%@1728,0%@1728,100%@1728,0%@1728,0%@1728] GR3D_FREQ 5% cpu@57.281C soc2@55.812C soc0@56.531C gpu@57C tj@58.218C soc1@58.218C VDD_IN 8656mW/8663mW VDD_CPU_GPU_CV 2621mW/2629mW VDD_SOC 2625mW/2625mW
08-04-2026 13:53:32 RAM 3823/7620MB (lfb 1x1MB) SWAP 2374/12002MB (cached 119MB) CPU [0%@1728,0%@1728,0%@1728,100%@1728,0%@1728,0%@1728] GR3D_FREQ 5% cpu@57.343C soc2@55.843C soc0@56.687C gpu@56.812C tj@58.187C soc1@58.187C VDD_IN 8656mW/8663mW VDD_CPU_GPU_CV 2621mW/2629mW VDD_SOC 2625mW/2625mW
08-04-2026 13:53:32 RAM 3823/7620MB (lfb 1x1MB) SWAP 2374/12002MB (cached 119MB) CPU [0%@1728,0%@1728,0%@1728,100%@1728,0%@1728,0%@1728] GR3D_FREQ 5% cpu@57.125C soc2@55.812C soc0@56.656C gpu@56.812C tj@58.25C soc1@58.25C VDD_IN 8669mW/8663mW VDD_CPU_GPU_CV 2621mW/2629mW VDD_SOC 2625mW/2625mW
08-04-2026 13:53:32 RAM 3823/7620MB (lfb 1x1MB) SWAP 2374/12002MB (cached 119MB) CPU [0%@1728,0%@1728,0%@1728,100%@1728,0%@1728,0%@1728] GR3D_FREQ 5% cpu@57.25C soc2@55.75C soc0@56.781C gpu@56.875C tj@58.312C soc1@58.312C VDD_IN 8669mW/8663mW VDD_CPU_GPU_CV 2621mW/2629mW VDD_SOC 2625mW/2625mW
08-04-2026 13:53:32 RAM 3823/7620MB (lfb 1x1MB) SWAP 2374/12002MB (cached 119MB) CPU [0%@1728,0%@1728,16%@1728,100%@1728,0%@1728,0%@1728] GR3D_FREQ 5% cpu@57.281C soc2@55.843C soc0@56.531C gpu@56.812C tj@58.093C soc1@58.093C VDD_IN 8669mW/8663mW VDD_CPU_GPU_CV 2621mW/2629mW VDD_SOC 2625mW/2625mW
08-04-2026 13:53:32 RAM 3823/7620MB (lfb 1x1MB) SWAP 2374/12002MB (cached 119MB) CPU [8%@1728,0%@1728,0%@1728,100%@1728,0%@1728,0%@1728] GR3D_FREQ 5% cpu@57.25C soc2@55.812C soc0@56.593C gpu@56.843C tj@58.25C soc1@58.25C VDD_IN 8669mW/8663mW VDD_CPU_GPU_CV 2621mW/2629mW VDD_SOC 2625mW/2625mW
08-04-2026 13:53:32 RAM 3819/7620MB (lfb 1x1MB) SWAP 2374/12002MB (cached 119MB) CPU [0%@1728,27%@1728,10%@1728,100%@1728,0%@1728,9%@1728] GR3D_FREQ 5% cpu@57.156C soc2@55.75C soc0@56.687C gpu@56.875C tj@58.218C soc1@58.218C VDD_IN 8738mW/8663mW VDD_CPU_GPU_CV 2662mW/2629mW VDD_SOC 2625mW/2625mW
08-04-2026 13:53:32 RAM 3819/7620MB (lfb 1x1MB) SWAP 2374/12002MB (cached 119MB) CPU [0%@1728,9%@1728,0%@1728,100%@1728,0%@1728,0%@1728] GR3D_FREQ 5% cpu@57.25C soc2@55.812C soc0@56.75C gpu@56.843C tj@58.312C soc1@58.312C VDD_IN 8738mW/8664mW VDD_CPU_GPU_CV 2662mW/2629mW VDD_SOC 2625mW/2625mW
08-04-2026 13:53:32 RAM 3819/7620MB (lfb 1x1MB) SWAP 2374/12002MB (cached 119MB) CPU [9%@1728,0%@1728,0%@1728,100%@1728,0%@1728,0%@1728] GR3D_FREQ 5% cpu@57.25C soc2@55.937C soc0@56.875C gpu@56.812C tj@58.5C soc1@58.5C VDD_IN 8697mW/8664mW VDD_CPU_GPU_CV 2662mW/2629mW VDD_SOC 2625mW/2625mW
08-04-2026 13:53:32 RAM 3819/7620MB (lfb 1x1MB) SWAP 2374/12002MB (cached 119MB) CPU [0%@1728,16%@1728,0%@1728,100%@1728,0%@1728,0%@1728] GR3D_FREQ 5% cpu@57.25C soc2@55.75C soc0@56.656C gpu@56.937C tj@58.218C soc1@58.218C VDD_IN 8697mW/8664mW VDD_CPU_GPU_CV 2662mW/2629mW VDD_SOC 2625mW/2625mW
08-04-2026 13:53:32 RAM 3819/7620MB (lfb 1x1MB) SWAP 2374/12002MB (cached 119MB) CPU [0%@1728,0%@1728,0%@1728,100%@1728,0%@1728,0%@1728] GR3D_FREQ 5% cpu@57.093C soc2@55.75C soc0@56.625C gpu@56.843C tj@58.218C soc1@58.218C VDD_IN 8697mW/8664mW VDD_CPU_GPU_CV 2662mW/2629mW VDD_SOC 2625mW/2625mW
08-04-2026 13:53:33 RAM 3819/7620MB (lfb 1x1MB) SWAP 2374/12002MB (cached 119MB) CPU [0%@1728,0%@1728,0%@1728,100%@1728,0%@1728,0%@1728] GR3D_FREQ 5% cpu@57.187C soc2@55.812C soc0@56.687C gpu@57.281C tj@58.218C soc1@58.218C VDD_IN 8656mW/8664mW VDD_CPU_GPU_CV 2662mW/2630mW VDD_SOC 2625mW/2625mW
08-04-2026 13:53:33 RAM 3819/7620MB (lfb 1x1MB) SWAP 2374/12002MB (cached 119MB) CPU [0%@1728,0%@1728,0%@1728,100%@1728,0%@1728,0%@1728] GR3D_FREQ 5% cpu@57.187C soc2@55.875C soc0@56.906C gpu@56.875C tj@58.437C soc1@58.437C VDD_IN 8656mW/8664mW VDD_CPU_GPU_CV 2621mW/2630mW VDD_SOC 2625mW/2625mW
08-04-2026 13:53:33 RAM 3819/7620MB (lfb 1x1MB) SWAP 2374/12002MB (cached 119MB) CPU [0%@1728,0%@1728,0%@1728,100%@1728,0%@1728,0%@1728] GR3D_FREQ 5% cpu@57.25C soc2@55.812C soc0@56.625C gpu@56.812C tj@58.062C soc1@58.062C VDD_IN 8656mW/8664mW VDD_CPU_GPU_CV 2662mW/2630mW VDD_SOC 2625mW/2625mW
08-04-2026 13:53:33 RAM 3819/7620MB (lfb 1x1MB) SWAP 2374/12002MB (cached 119MB) CPU [0%@1728,0%@1728,0%@1728,100%@1728,0%@1728,0%@1728] GR3D_FREQ 5% cpu@57.031C soc2@55.812C soc0@56.625C gpu@57.312C tj@58.218C soc1@58.218C VDD_IN 8656mW/8664mW VDD_CPU_GPU_CV 2621mW/2630mW VDD_SOC 2625mW/2625mW
08-04-2026 13:53:33 RAM 3819/7620MB (lfb 1x1MB) SWAP 2374/12002MB (cached 119MB) CPU [0%@1728,0%@1728,0%@1728,100%@1728,0%@1728,0%@1728] GR3D_FREQ 5% cpu@57.125C soc2@55.812C soc0@56.687C gpu@56.843C tj@58.281C soc1@58.281C VDD_IN 8656mW/8664mW VDD_CPU_GPU_CV 2621mW/2630mW VDD_SOC 2625mW/2625mW
08-04-2026 13:53:33 RAM 3819/7620MB (lfb 1x1MB) SWAP 2374/12002MB (cached 119MB) CPU [0%@1728,0%@1728,9%@1728,100%@1728,9%@1728,0%@1728] GR3D_FREQ 5% cpu@57.25C soc2@55.812C soc0@56.75C gpu@56.812C tj@58.312C soc1@58.312C VDD_IN 8697mW/8664mW VDD_CPU_GPU_CV 2662mW/2630mW VDD_SOC 2625mW/2625mW
08-04-2026 13:53:33 RAM 3819/7620MB (lfb 1x1MB) SWAP 2374/12002MB (cached 119MB) CPU [0%@1728,9%@1728,0%@1728,100%@1728,0%@1728,0%@1728] GR3D_FREQ 5% cpu@57.312C soc2@55.812C soc0@56.812C gpu@57.312C tj@58.156C soc1@58.156C VDD_IN 8697mW/8664mW VDD_CPU_GPU_CV 2662mW/2630mW VDD_SOC 2625mW/2625mW
08-04-2026 13:53:33 RAM 3819/7620MB (lfb 1x1MB) SWAP 2374/12002MB (cached 119MB) CPU [0%@1728,0%@1728,0%@1728,100%@1728,0%@1728,0%@1728] GR3D_FREQ 5% cpu@57.093C soc2@55.812C soc0@56.687C gpu@57.093C tj@58.125C soc1@58.125C VDD_IN 8656mW/8664mW VDD_CPU_GPU_CV 2662mW/2630mW VDD_SOC 2625mW/2625mW
08-04-2026 13:53:33 RAM 3819/7620MB (lfb 1x1MB) SWAP 2374/12002MB (cached 119MB) CPU [0%@1728,0%@1728,9%@1728,100%@1728,0%@1728,0%@1728] GR3D_FREQ 5% cpu@57.125C soc2@55.812C soc0@56.718C gpu@56.875C tj@58.281C soc1@58.281C VDD_IN 8656mW/8664mW VDD_CPU_GPU_CV 2621mW/2630mW VDD_SOC 2625mW/2625mW
08-04-2026 13:53:34 RAM 3819/7620MB (lfb 1x1MB) SWAP 2374/12002MB (cached 119MB) CPU [0%@1728,0%@1728,0%@1728,100%@1728,0%@1728,0%@1728] GR3D_FREQ 5% cpu@57.218C soc2@55.906C soc0@56.812C gpu@57.187C tj@58.375C soc1@58.375C VDD_IN 8656mW/8664mW VDD_CPU_GPU_CV 2621mW/2630mW VDD_SOC 2625mW/2625mW
08-04-2026 13:53:34 RAM 3819/7620MB (lfb 1x1MB) SWAP 2374/12002MB (cached 119MB) CPU [0%@1728,0%@1728,0%@1728,100%@1728,0%@1728,0%@1728] GR3D_FREQ 5% cpu@57.25C soc2@55.875C soc0@56.875C gpu@57.093C tj@58.125C soc1@58.125C VDD_IN 8656mW/8664mW VDD_CPU_GPU_CV 2621mW/2630mW VDD_SOC 2625mW/2625mW
08-04-2026 13:53:34 RAM 3819/7620MB (lfb 1x1MB) SWAP 2374/12002MB (cached 119MB) CPU [0%@1728,0%@1728,0%@1728,100%@1728,0%@1728,0%@1728] GR3D_FREQ 5% cpu@57.125C soc2@55.781C soc0@56.656C gpu@56.781C tj@58.218C soc1@58.218C VDD_IN 8656mW/8664mW VDD_CPU_GPU_CV 2621mW/2630mW VDD_SOC 2625mW/2625mW
08-04-2026 13:53:34 RAM 3819/7620MB (lfb 1x1MB) SWAP 2374/12002MB (cached 119MB) CPU [9%@1728,9%@1728,0%@1728,100%@1728,0%@1728,0%@1728] GR3D_FREQ 5% cpu@57.218C soc2@55.812C soc0@56.718C gpu@57.25C tj@58.187C soc1@58.187C VDD_IN 8656mW/8664mW VDD_CPU_GPU_CV 2621mW/2630mW VDD_SOC 2625mW/2625mW
08-04-2026 13:53:34 RAM 3819/7620MB (lfb 1x1MB) SWAP 2374/12002MB (cached 119MB) CPU [0%@1728,0%@1728,0%@1728,100%@1728,0%@1728,0%@1728] GR3D_FREQ 5% cpu@57.093C soc2@55.812C soc0@56.75C gpu@57.062C tj@58.437C soc1@58.437C VDD_IN 8656mW/8664mW VDD_CPU_GPU_CV 2621mW/2630mW VDD_SOC 2625mW/2625mW
08-04-2026 13:53:34 RAM 3819/7620MB (lfb 1x1MB) SWAP 2374/12002MB (cached 119MB) CPU [0%@1728,9%@1728,8%@1728,100%@1728,0%@1728,9%@1728] GR3D_FREQ 5% cpu@57.187C soc2@55.968C soc0@56.781C gpu@56.812C tj@58.125C soc1@58.125C VDD_IN 8656mW/8664mW VDD_CPU_GPU_CV 2621mW/2630mW VDD_SOC 2625mW/2625mW
08-04-2026 13:53:34 RAM 3819/7620MB (lfb 1x1MB) SWAP 2374/12002MB (cached 119MB) CPU [0%@1728,0%@1728,0%@1728,100%@1728,9%@1728,0%@1728] GR3D_FREQ 5% cpu@57.093C soc2@55.75C soc0@56.656C gpu@57.093C tj@58.25C soc1@58.25C VDD_IN 8656mW/8664mW VDD_CPU_GPU_CV 2621mW/2630mW VDD_SOC 2625mW/2625mW
08-04-2026 13:53:34 RAM 3819/7620MB (lfb 1x1MB) SWAP 2374/12002MB (cached 119MB) CPU [0%@1728,9%@1728,8%@1728,100%@1728,0%@1728,0%@1728] GR3D_FREQ 5% cpu@57.187C soc2@55.781C soc0@56.625C gpu@57.031C tj@58.156C soc1@58.156C VDD_IN 8656mW/8664mW VDD_CPU_GPU_CV 2621mW/2630mW VDD_SOC 2625mW/2625mW
08-04-2026 13:53:34 RAM 3819/7620MB (lfb 1x1MB) SWAP 2374/12002MB (cached 119MB) CPU [0%@1728,0%@1728,9%@1728,100%@1728,0%@1728,0%@1728] GR3D_FREQ 5% cpu@57.125C soc2@55.812C soc0@56.781C gpu@57.312C tj@58.375C soc1@58.375C VDD_IN 8656mW/8664mW VDD_CPU_GPU_CV 2621mW/2630mW VDD_SOC 2625mW/2625mW
08-04-2026 13:53:34 RAM 3819/7620MB (lfb 1x1MB) SWAP 2374/12002MB (cached 119MB) CPU [0%@1728,0%@1728,0%@1728,100%@1728,0%@1728,0%@1728] GR3D_FREQ 5% cpu@57.218C soc2@56C soc0@56.781C gpu@57.125C tj@58.125C soc1@58.125C VDD_IN 8656mW/8664mW VDD_CPU_GPU_CV 2621mW/2630mW VDD_SOC 2625mW/2625mW
08-04-2026 13:53:35 RAM 3819/7620MB (lfb 1x1MB) SWAP 2374/12002MB (cached 119MB) CPU [8%@1728,0%@1728,0%@1728,100%@1728,0%@1728,8%@1728] GR3D_FREQ 5% cpu@57.125C soc2@55.781C soc0@56.625C gpu@57.031C tj@58.156C soc1@58.156C VDD_IN 8656mW/8664mW VDD_CPU_GPU_CV 2621mW/2630mW VDD_SOC 2625mW/2625mW
08-04-2026 13:53:35 RAM 3819/7620MB (lfb 1x1MB) SWAP 2374/12002MB (cached 119MB) CPU [0%@1728,0%@1728,0%@1728,100%@1728,0%@1728,0%@1728] GR3D_FREQ 5% cpu@57.125C soc2@55.812C soc0@56.687C gpu@57C tj@58.218C soc1@58.218C VDD_IN 8656mW/8664mW VDD_CPU_GPU_CV 2621mW/2630mW VDD_SOC 2625mW/2625mW
08-04-2026 13:53:35 RAM 3819/7620MB (lfb 1x1MB) SWAP 2374/12002MB (cached 119MB) CPU [0%@1728,0%@1728,0%@1728,100%@1728,0%@1728,0%@1728] GR3D_FREQ 5% cpu@57.031C soc2@55.812C soc0@56.625C gpu@57.125C tj@58.25C soc1@58.25C VDD_IN 8656mW/8664mW VDD_CPU_GPU_CV 2621mW/2629mW VDD_SOC 2625mW/2625mW
08-04-2026 13:53:35 RAM 3819/7620MB (lfb 1x1MB) SWAP 2374/12002MB (cached 119MB) CPU [0%@1728,0%@1728,0%@1728,100%@1728,0%@1728,0%@1728] GR3D_FREQ 5% cpu@57.25C soc2@55.906C soc0@56.843C gpu@57.031C tj@58.437C soc1@58.437C VDD_IN 8656mW/8664mW VDD_CPU_GPU_CV 2621mW/2629mW VDD_SOC 2625mW/2625mW
08-04-2026 13:53:35 RAM 3819/7620MB (lfb 1x1MB) SWAP 2374/12002MB (cached 119MB) CPU [0%@1728,0%@1728,0%@1728,100%@1728,0%@1728,0%@1728] GR3D_FREQ 5% cpu@57.062C soc2@55.75C soc0@56.625C gpu@57.375C tj@58.093C soc1@58.187C VDD_IN 8656mW/8664mW VDD_CPU_GPU_CV 2621mW/2629mW VDD_SOC 2625mW/2625mW
08-04-2026 13:53:35 RAM 3819/7620MB (lfb 1x1MB) SWAP 2374/12002MB (cached 119MB) CPU [0%@1728,0%@1728,0%@1728,100%@1728,0%@1728,9%@1728] GR3D_FREQ 5% cpu@57.156C soc2@55.812C soc0@56.687C gpu@57.125C tj@58.218C soc1@58.218C VDD_IN 8656mW/8664mW VDD_CPU_GPU_CV 2662mW/2630mW VDD_SOC 2625mW/2625mW
08-04-2026 13:53:35 RAM 3819/7620MB (lfb 1x1MB) SWAP 2374/12002MB (cached 119MB) CPU [0%@1728,9%@1728,9%@1728,100%@1728,0%@1728,0%@1728] GR3D_FREQ 5% cpu@57.093C soc2@55.875C soc0@56.781C gpu@56.968C tj@58.343C soc1@58.343C VDD_IN 8697mW/8664mW VDD_CPU_GPU_CV 2662mW/2630mW VDD_SOC 2625mW/2625mW
08-04-2026 13:53:35 RAM 3819/7620MB (lfb 1x1MB) SWAP 2374/12002MB (cached 119MB) CPU [9%@1728,9%@1728,10%@1728,100%@1728,0%@1728,0%@1728] GR3D_FREQ 5% cpu@57.25C soc2@55.843C soc0@56.781C gpu@56.968C tj@58.437C soc1@58.437C VDD_IN 8738mW/8664mW VDD_CPU_GPU_CV 2662mW/2630mW VDD_SOC 2625mW/2625mW
08-04-2026 13:53:35 RAM 3819/7620MB (lfb 1x1MB) SWAP 2374/12002MB (cached 119MB) CPU [0%@1728,0%@1728,0%@1728,100%@1728,0%@1728,0%@1728] GR3D_FREQ 5% cpu@57.125C soc2@55.812C soc0@56.656C gpu@56.875C tj@58.093C soc1@58.093C VDD_IN 8697mW/8664mW VDD_CPU_GPU_CV 2662mW/2630mW VDD_SOC 2625mW/2625mW
08-04-2026 13:53:36 RAM 3819/7620MB (lfb 1x1MB) SWAP 2374/12002MB (cached 119MB) CPU [0%@1728,0%@1728,0%@1728,100%@1728,8%@1728,0%@1728] GR3D_FREQ 5% cpu@57.093C soc2@55.812C soc0@56.593C gpu@56.937C tj@58.281C soc1@58.281C VDD_IN 8697mW/8664mW VDD_CPU_GPU_CV 2662mW/2630mW VDD_SOC 2625mW/2625mW
08-04-2026 13:53:36 RAM 3819/7620MB (lfb 1x1MB) SWAP 2374/12002MB (cached 119MB) CPU [0%@1728,0%@1728,0%@1728,100%@1728,0%@1728,0%@1728] GR3D_FREQ 5% cpu@57.031C soc2@55.812C soc0@56.718C gpu@56.906C tj@58.312C soc1@58.312C VDD_IN 8697mW/8664mW VDD_CPU_GPU_CV 2662mW/2630mW VDD_SOC 2625mW/2625mW
08-04-2026 13:53:36 RAM 3819/7620MB (lfb 1x1MB) SWAP 2374/12002MB (cached 119MB) CPU [9%@1728,0%@1728,0%@1728,100%@1728,0%@1728,8%@1728] GR3D_FREQ 5% cpu@57.187C soc2@55.875C soc0@56.875C gpu@56.875C tj@58.343C soc1@58.343C VDD_IN 8656mW/8664mW VDD_CPU_GPU_CV 2662mW/2630mW VDD_SOC 2625mW/2625mW
08-04-2026 13:53:36 RAM 3819/7620MB (lfb 1x1MB) SWAP 2374/12002MB (cached 119MB) CPU [0%@1728,0%@1728,0%@1728,100%@1728,0%@1728,0%@1728] GR3D_FREQ 5% cpu@57.562C soc2@55.687C soc0@56.656C gpu@56.906C tj@58.156C soc1@58.156C VDD_IN 8656mW/8664mW VDD_CPU_GPU_CV 2621mW/2630mW VDD_SOC 2625mW/2625mW
08-04-2026 13:53:36 RAM 3819/7620MB (lfb 1x1MB) SWAP 2374/12002MB (cached 119MB) CPU [0%@1728,0%@1728,0%@1728,100%@1728,0%@1728,0%@1728] GR3D_FREQ 5% cpu@57.062C soc2@55.812C soc0@56.625C gpu@56.843C tj@58.093C soc1@58.093C VDD_IN 8656mW/8664mW VDD_CPU_GPU_CV 2621mW/2630mW VDD_SOC 2625mW/2625mW
08-04-2026 13:53:36 RAM 3819/7620MB (lfb 1x1MB) SWAP 2374/12002MB (cached 119MB) CPU [9%@1728,0%@1728,8%@1728,100%@1728,0%@1728,9%@1728] GR3D_FREQ 5% cpu@57.062C soc2@55.75C soc0@56.687C gpu@56.812C tj@58.281C soc1@58.281C VDD_IN 8656mW/8664mW VDD_CPU_GPU_CV 2621mW/2630mW VDD_SOC 2625mW/2625mW
08-04-2026 13:53:36 RAM 3819/7620MB (lfb 1x1MB) SWAP 2374/12002MB (cached 119MB) CPU [0%@1728,0%@1728,0%@1728,100%@1728,0%@1728,9%@1728] GR3D_FREQ 5% cpu@57.125C soc2@55.906C soc0@56.843C gpu@56.937C tj@58.375C soc1@58.375C VDD_IN 8656mW/8664mW VDD_CPU_GPU_CV 2621mW/2630mW VDD_SOC 2625mW/2625mW
08-04-2026 13:53:36 RAM 3819/7620MB (lfb 1x1MB) SWAP 2374/12002MB (cached 119MB) CPU [0%@1728,0%@1728,0%@1728,100%@1728,0%@1728,0%@1728] GR3D_FREQ 5% cpu@57.468C soc2@55.812C soc0@56.625C gpu@56.875C tj@58.187C soc1@58.187C VDD_IN 8656mW/8664mW VDD_CPU_GPU_CV 2621mW/2630mW VDD_SOC 2625mW/2625mW
08-04-2026 13:53:36 RAM 3819/7620MB (lfb 1x1MB) SWAP 2374/12002MB (cached 119MB) CPU [9%@1728,0%@1728,0%@1728,100%@1728,0%@1728,0%@1728] GR3D_FREQ 5% cpu@57.156C soc2@55.781C soc0@56.625C gpu@56.843C tj@58.187C soc1@58.187C VDD_IN 8656mW/8664mW VDD_CPU_GPU_CV 2621mW/2630mW VDD_SOC 2625mW/2625mW
08-04-2026 13:53:36 RAM 3819/7620MB (lfb 1x1MB) SWAP 2374/12002MB (cached 119MB) CPU [0%@1728,0%@1728,9%@1728,100%@1728,0%@1728,0%@1728] GR3D_FREQ 5% cpu@57.093C soc2@55.781C soc0@56.656C gpu@56.906C tj@58.187C soc1@58.312C VDD_IN 8656mW/8664mW VDD_CPU_GPU_CV 2621mW/2630mW VDD_SOC 2625mW/2625mW
08-04-2026 13:53:37 RAM 3819/7620MB (lfb 1x1MB) SWAP 2374/12002MB (cached 119MB) CPU [0%@1728,9%@1728,0%@1728,100%@1728,0%@1728,0%@1728] GR3D_FREQ 5% cpu@57.062C soc2@55.812C soc0@56.781C gpu@56.812C tj@58.312C soc1@58.312C VDD_IN 8656mW/8664mW VDD_CPU_GPU_CV 2621mW/2630mW VDD_SOC 2625mW/2625mW
08-04-2026 13:53:37 RAM 3819/7620MB (lfb 1x1MB) SWAP 2374/12002MB (cached 119MB) CPU [0%@1728,0%@1728,0%@1728,100%@1728,0%@1728,0%@1728] GR3D_FREQ 5% cpu@57.406C soc2@55.875C soc0@56.625C gpu@56.781C tj@58.125C soc1@58.125C VDD_IN 8656mW/8664mW VDD_CPU_GPU_CV 2621mW/2630mW VDD_SOC 2625mW/2625mW
08-04-2026 13:53:37 RAM 3819/7620MB (lfb 1x1MB) SWAP 2374/12002MB (cached 119MB) CPU [0%@1728,0%@1728,0%@1728,100%@1728,0%@1728,0%@1728] GR3D_FREQ 5% cpu@57.062C soc2@55.718C soc0@56.625C gpu@56.906C tj@58.218C soc1@58.218C VDD_IN 8656mW/8664mW VDD_CPU_GPU_CV 2621mW/2630mW VDD_SOC 2625mW/2625mW
08-04-2026 13:53:37 RAM 3819/7620MB (lfb 1x1MB) SWAP 2374/12002MB (cached 119MB) CPU [0%@1728,0%@1728,0%@1728,100%@1728,0%@1728,0%@1728] GR3D_FREQ 5% cpu@57.062C soc2@55.812C soc0@56.718C gpu@56.843C tj@58.25C soc1@58.25C VDD_IN 8656mW/8664mW VDD_CPU_GPU_CV 2621mW/2630mW VDD_SOC 2625mW/2625mW
08-04-2026 13:53:37 RAM 3819/7620MB (lfb 1x1MB) SWAP 2374/12002MB (cached 119MB) CPU [0%@1728,0%@1728,0%@1728,100%@1728,0%@1728,0%@1728] GR3D_FREQ 5% cpu@57.093C soc2@55.812C soc0@56.718C gpu@56.781C tj@58.312C soc1@58.312C VDD_IN 8656mW/8664mW VDD_CPU_GPU_CV 2621mW/2630mW VDD_SOC 2625mW/2625mW
08-04-2026 13:53:37 RAM 3819/7620MB (lfb 1x1MB) SWAP 2374/12002MB (cached 119MB) CPU [8%@1728,0%@1728,0%@1728,100%@1728,9%@1728,9%@1728] GR3D_FREQ 5% cpu@57.312C soc2@55.875C soc0@56.781C gpu@57.125C tj@58.437C soc1@58.437C VDD_IN 8656mW/8664mW VDD_CPU_GPU_CV 2621mW/2630mW VDD_SOC 2625mW/2625mW
08-04-2026 13:53:37 RAM 3819/7620MB (lfb 1x1MB) SWAP 2374/12002MB (cached 119MB) CPU [0%@1728,0%@1728,0%@1728,100%@1728,0%@1728,0%@1728] GR3D_FREQ 5% cpu@57.5C soc2@55.781C soc0@56.625C gpu@56.812C tj@58.187C soc1@58.187C VDD_IN 8656mW/8664mW VDD_CPU_GPU_CV 2621mW/2630mW VDD_SOC 2625mW/2625mW
08-04-2026 13:53:37 RAM 3819/7620MB (lfb 1x1MB) SWAP 2374/12002MB (cached 119MB) CPU [0%@1728,0%@1728,0%@1728,100%@1728,0%@1728,0%@1728] GR3D_FREQ 5% cpu@57.093C soc2@55.75C soc0@56.625C gpu@56.812C tj@58.25C soc1@58.25C VDD_IN 8656mW/8664mW VDD_CPU_GPU_CV 2621mW/2630mW VDD_SOC 2625mW/2625mW
08-04-2026 13:53:37 RAM 3819/7620MB (lfb 1x1MB) SWAP 2374/12002MB (cached 119MB) CPU [0%@1728,0%@1728,0%@1728,100%@1728,0%@1728,0%@1728] GR3D_FREQ 5% cpu@57.093C soc2@55.812C soc0@56.656C gpu@57.093C tj@58.312C soc1@58.312C VDD_IN 8656mW/8664mW VDD_CPU_GPU_CV 2621mW/2630mW VDD_SOC 2625mW/2625mW
08-04-2026 13:53:38 RAM 3819/7620MB (lfb 1x1MB) SWAP 2374/12002MB (cached 119MB) CPU [0%@1728,8%@1728,0%@1728,100%@1728,0%@1728,0%@1728] GR3D_FREQ 5% cpu@57.25C soc2@55.875C soc0@56.843C gpu@56.812C tj@58.437C soc1@58.437C VDD_IN 8656mW/8664mW VDD_CPU_GPU_CV 2621mW/2630mW VDD_SOC 2625mW/2625mW
08-04-2026 13:53:38 RAM 3819/7620MB (lfb 1x1MB) SWAP 2374/12002MB (cached 119MB) CPU [0%@1728,0%@1728,0%@1728,100%@1728,0%@1728,0%@1728] GR3D_FREQ 5% cpu@57.5C soc2@55.75C soc0@56.562C gpu@57.312C tj@58.156C soc1@58.156C VDD_IN 8656mW/8664mW VDD_CPU_GPU_CV 2621mW/2630mW VDD_SOC 2625mW/2625mW
08-04-2026 13:53:38 RAM 3819/7620MB (lfb 1x1MB) SWAP 2374/12002MB (cached 119MB) CPU [0%@1728,0%@1728,0%@1728,100%@1728,0%@1728,0%@1728] GR3D_FREQ 5% cpu@57.156C soc2@55.781C soc0@56.625C gpu@57.156C tj@58.156C soc1@58.218C VDD_IN 8656mW/8664mW VDD_CPU_GPU_CV 2621mW/2630mW VDD_SOC 2625mW/2625mW
08-04-2026 13:53:38 RAM 3819/7620MB (lfb 1x1MB) SWAP 2374/12002MB (cached 119MB) CPU [0%@1728,0%@1728,25%@1728,100%@1728,0%@1728,0%@1728] GR3D_FREQ 5% cpu@57.093C soc2@55.812C soc0@56.781C gpu@56.843C tj@58.25C soc1@58.25C VDD_IN 8669mW/8664mW VDD_CPU_GPU_CV 2621mW/2630mW VDD_SOC 2625mW/2625mW
08-04-2026 13:53:38 RAM 3819/7620MB (lfb 1x1MB) SWAP 2374/12002MB (cached 119MB) CPU [0%@1728,0%@1728,0%@1728,100%@1728,0%@1728,0%@1728] GR3D_FREQ 5% cpu@57.312C soc2@55.843C soc0@56.781C gpu@57.312C tj@58.375C soc1@58.375C VDD_IN 8669mW/8664mW VDD_CPU_GPU_CV 2621mW/2630mW VDD_SOC 2625mW/2625mW
08-04-2026 13:53:38 RAM 3819/7620MB (lfb 1x1MB) SWAP 2374/12002MB (cached 119MB) CPU [9%@1728,16%@1728,0%@1728,100%@1728,8%@1728,10%@1728] GR3D_FREQ 5% cpu@57.375C soc2@55.906C soc0@56.593C gpu@57.156C tj@58.125C soc1@58.125C VDD_IN 8656mW/8664mW VDD_CPU_GPU_CV 2662mW/2630mW VDD_SOC 2625mW/2625mW
08-04-2026 13:53:38 RAM 3819/7620MB (lfb 1x1MB) SWAP 2374/12002MB (cached 119MB) CPU [0%@1728,0%@1728,0%@1728,100%@1728,9%@1728,0%@1728] GR3D_FREQ 5% cpu@57.468C soc2@55.812C soc0@56.593C gpu@56.812C tj@58.187C soc1@58.218C VDD_IN 8656mW/8664mW VDD_CPU_GPU_CV 2662mW/2630mW VDD_SOC 2625mW/2625mW
08-04-2026 13:53:38 RAM 3819/7620MB (lfb 1x1MB) SWAP 2374/12002MB (cached 119MB) CPU [0%@1728,0%@1728,0%@1728,100%@1728,0%@1728,0%@1728] GR3D_FREQ 5% cpu@57.031C soc2@55.812C soc0@56.656C gpu@57.25C tj@58.281C soc1@58.281C VDD_IN 8656mW/8664mW VDD_CPU_GPU_CV 2662mW/2630mW VDD_SOC 2625mW/2625mW
08-04-2026 13:53:38 RAM 3819/7620MB (lfb 1x1MB) SWAP 2374/12002MB (cached 119MB) CPU [0%@1728,0%@1728,0%@1728,100%@1728,0%@1728,0%@1728] GR3D_FREQ 5% cpu@57.218C soc2@55.843C soc0@56.812C gpu@57.062C tj@58.406C soc1@58.406C VDD_IN 8656mW/8664mW VDD_CPU_GPU_CV 2662mW/2630mW VDD_SOC 2625mW/2625mW
08-04-2026 13:53:38 RAM 3822/7620MB (lfb 1x1MB) SWAP 2374/12002MB (cached 119MB) CPU [9%@1728,0%@1728,9%@1728,100%@1728,0%@1728,0%@1728] GR3D_FREQ 5% cpu@57.468C soc2@55.937C soc0@56.937C gpu@56.718C tj@58.187C soc1@58.187C VDD_IN 8697mW/8664mW VDD_CPU_GPU_CV 2662mW/2630mW VDD_SOC 2625mW/2625mW
08-04-2026 13:53:39 RAM 3820/7620MB (lfb 1x1MB) SWAP 2374/12002MB (cached 119MB) CPU [18%@1728,0%@1728,9%@1728,100%@1728,9%@1728,0%@1728] GR3D_FREQ 5% cpu@57.468C soc2@55.812C soc0@56.687C gpu@57.093C tj@58.187C soc1@58.218C VDD_IN 8738mW/8664mW VDD_CPU_GPU_CV 2703mW/2630mW VDD_SOC 2625mW/2625mW
08-04-2026 13:53:39 RAM 3820/7620MB (lfb 1x1MB) SWAP 2374/12002MB (cached 119MB) CPU [9%@1728,0%@1728,0%@1728,100%@1728,0%@1728,0%@1728] GR3D_FREQ 5% cpu@56.968C soc2@55.843C soc0@56.781C gpu@57C tj@58.281C soc1@58.281C VDD_IN 8697mW/8664mW VDD_CPU_GPU_CV 2662mW/2630mW VDD_SOC 2625mW/2625mW
08-04-2026 13:53:39 RAM 3820/7620MB (lfb 1x1MB) SWAP 2374/12002MB (cached 119MB) CPU [0%@1728,0%@1728,0%@1728,100%@1728,8%@1728,0%@1728] GR3D_FREQ 5% cpu@57.218C soc2@55.812C soc0@56.75C gpu@56.781C tj@58.406C soc1@58.406C VDD_IN 8697mW/8664mW VDD_CPU_GPU_CV 2662mW/2630mW VDD_SOC 2625mW/2625mW
08-04-2026 13:53:39 RAM 3820/7620MB (lfb 1x1MB) SWAP 2374/12002MB (cached 119MB) CPU [0%@1728,0%@1728,0%@1728,100%@1728,0%@1728,0%@1728] GR3D_FREQ 5% cpu@57.312C soc2@55.812C soc0@56.843C gpu@57.156C tj@58.437C soc1@58.437C VDD_IN 8697mW/8664mW VDD_CPU_GPU_CV 2662mW/2630mW VDD_SOC 2625mW/2625mW
08-04-2026 13:53:39 RAM 3820/7620MB (lfb 1x1MB) SWAP 2374/12002MB (cached 119MB) CPU [0%@1728,0%@1728,0%@1728,100%@1728,0%@1728,0%@1728] GR3D_FREQ 5% cpu@57.468C soc2@55.812C soc0@56.718C gpu@57.031C tj@58.187C soc1@58.187C VDD_IN 8656mW/8664mW VDD_CPU_GPU_CV 2662mW/2630mW VDD_SOC 2625mW/2625mW
08-04-2026 13:53:39 RAM 3820/7620MB (lfb 1x1MB) SWAP 2374/12002MB (cached 119MB) CPU [0%@1728,0%@1728,0%@1728,100%@1728,8%@1728,9%@1728] GR3D_FREQ 5% cpu@57.125C soc2@55.781C soc0@56.75C gpu@57.406C tj@58.25C soc1@58.25C VDD_IN 8656mW/8664mW VDD_CPU_GPU_CV 2662mW/2630mW VDD_SOC 2625mW/2625mW
08-04-2026 13:53:39 RAM 3820/7620MB (lfb 1x1MB) SWAP 2374/12002MB (cached 119MB) CPU [0%@1728,0%@1728,0%@1728,100%@1728,0%@1728,0%@1728] GR3D_FREQ 5% cpu@57.187C soc2@55.781C soc0@56.718C gpu@57.156C tj@58.281C soc1@58.281C VDD_IN 8697mW/8664mW VDD_CPU_GPU_CV 2662mW/2630mW VDD_SOC 2625mW/2625mW
08-04-2026 13:53:39 RAM 3820/7620MB (lfb 1x1MB) SWAP 2374/12002MB (cached 119MB) CPU [0%@1728,0%@1728,0%@1728,100%@1728,0%@1728,0%@1728] GR3D_FREQ 5% cpu@57.218C soc2@55.812C soc0@56.812C gpu@57.031C tj@58.406C soc1@58.406C VDD_IN 8656mW/8664mW VDD_CPU_GPU_CV 2662mW/2630mW VDD_SOC 2625mW/2625mW
08-04-2026 13:53:39 RAM 3820/7620MB (lfb 1x1MB) SWAP 2374/12002MB (cached 119MB) CPU [8%@1728,0%@1728,0%@1728,100%@1728,0%@1728,0%@1728] GR3D_FREQ 5% cpu@57.343C soc2@55.937C soc0@56.625C gpu@57.281C tj@58.156C soc1@58.156C VDD_IN 8656mW/8664mW VDD_CPU_GPU_CV 2621mW/2630mW VDD_SOC 2625mW/2625mW
08-04-2026 13:53:40 RAM 3820/7620MB (lfb 1x1MB) SWAP 2374/12002MB (cached 119MB) CPU [0%@1728,0%@1728,0%@1728,100%@1728,0%@1728,0%@1728] GR3D_FREQ 5% cpu@57.625C soc2@55.812C soc0@56.625C gpu@57.093C tj@58.281C soc1@58.281C VDD_IN 8656mW/8664mW VDD_CPU_GPU_CV 2621mW/2630mW VDD_SOC 2625mW/2625mW
08-04-2026 13:53:40 RAM 3820/7620MB (lfb 1x1MB) SWAP 2374/12002MB (cached 119MB) CPU [9%@1728,0%@1728,0%@1728,100%@1728,0%@1728,0%@1728] GR3D_FREQ 5% cpu@57.062C soc2@55.812C soc0@56.718C gpu@57.031C tj@58.25C soc1@58.25C VDD_IN 8656mW/8664mW VDD_CPU_GPU_CV 2621mW/2630mW VDD_SOC 2625mW/2625mW
08-04-2026 13:53:40 RAM 3820/7620MB (lfb 1x1MB) SWAP 2374/12002MB (cached 119MB) CPU [0%@1728,0%@1728,0%@1728,100%@1728,0%@1728,0%@1728] GR3D_FREQ 5% cpu@57.218C soc2@55.906C soc0@56.843C gpu@57.343C tj@58.312C soc1@58.312C VDD_IN 8656mW/8664mW VDD_CPU_GPU_CV 2621mW/2630mW VDD_SOC 2625mW/2625mW
08-04-2026 13:53:40 RAM 3820/7620MB (lfb 1x1MB) SWAP 2374/12002MB (cached 119MB) CPU [0%@1728,0%@1728,0%@1728,100%@1728,0%@1728,0%@1728] GR3D_FREQ 5% cpu@57.25C soc2@55.875C soc0@56.812C gpu@57.062C tj@58.093C soc1@58.093C VDD_IN 8669mW/8664mW VDD_CPU_GPU_CV 2621mW/2630mW VDD_SOC 2625mW/2625mW
08-04-2026 13:53:40 RAM 3820/7620MB (lfb 1x1MB) SWAP 2374/12002MB (cached 119MB) CPU [0%@1728,0%@1728,0%@1728,100%@1728,0%@1728,0%@1728] GR3D_FREQ 5% cpu@57.5C soc2@55.781C soc0@56.656C gpu@56.968C tj@58.218C soc1@58.125C VDD_IN 8669mW/8664mW VDD_CPU_GPU_CV 2621mW/2630mW VDD_SOC 2625mW/2625mW
08-04-2026 13:53:40 RAM 3820/7620MB (lfb 1x1MB) SWAP 2374/12002MB (cached 119MB) CPU [9%@1728,0%@1728,0%@1728,100%@1728,0%@1728,9%@1728] GR3D_FREQ 5% cpu@57.093C soc2@55.843C soc0@56.656C gpu@57.281C tj@58.25C soc1@58.25C VDD_IN 8656mW/8664mW VDD_CPU_GPU_CV 2621mW/2630mW VDD_SOC 2625mW/2625mW
08-04-2026 13:53:40 RAM 3820/7620MB (lfb 1x1MB) SWAP 2374/12002MB (cached 119MB) CPU [9%@1728,0%@1728,0%@1728,100%@1728,0%@1728,0%@1728] GR3D_FREQ 5% cpu@57.25C soc2@55.906C soc0@56.843C gpu@57.062C tj@58.312C soc1@58.312C VDD_IN 8656mW/8664mW VDD_CPU_GPU_CV 2621mW/2630mW VDD_SOC 2625mW/2625mW
08-04-2026 13:53:40 RAM 3820/7620MB (lfb 1x1MB) SWAP 2374/12002MB (cached 119MB) CPU [0%@1728,0%@1728,0%@1728,100%@1728,0%@1728,0%@1728] GR3D_FREQ 5% cpu@57.281C soc2@55.875C soc0@56.843C gpu@57C tj@58.156C soc1@58.156C VDD_IN 8656mW/8664mW VDD_CPU_GPU_CV 2621mW/2630mW VDD_SOC 2625mW/2625mW
08-04-2026 13:53:40 RAM 3820/7620MB (lfb 1x1MB) SWAP 2374/12002MB (cached 119MB) CPU [0%@1728,0%@1728,0%@1728,100%@1728,0%@1728,0%@1728] GR3D_FREQ 5% cpu@57.281C soc2@55.781C soc0@56.687C gpu@57.218C tj@58.187C soc1@58.187C VDD_IN 8656mW/8664mW VDD_CPU_GPU_CV 2621mW/2630mW VDD_SOC 2625mW/2625mW
08-04-2026 13:53:40 RAM 3820/7620MB (lfb 1x1MB) SWAP 2374/12002MB (cached 119MB) CPU [0%@1728,0%@1728,0%@1728,100%@1728,0%@1728,0%@1728] GR3D_FREQ 5% cpu@57.531C soc2@55.781C soc0@56.718C gpu@57.062C tj@58.156C soc1@58.156C VDD_IN 8656mW/8664mW VDD_CPU_GPU_CV 2621mW/2630mW VDD_SOC 2625mW/2625mW
08-04-2026 13:53:41 RAM 3820/7620MB (lfb 1x1MB) SWAP 2374/12002MB (cached 119MB) CPU [0%@1728,9%@1728,0%@1728,100%@1728,0%@1728,0%@1728] GR3D_FREQ 5% cpu@57.218C soc2@55.812C soc0@56.75C gpu@56.937C tj@58.312C soc1@58.312C VDD_IN 8656mW/8664mW VDD_CPU_GPU_CV 2621mW/2630mW VDD_SOC 2625mW/2625mW
08-04-2026 13:53:41 RAM 3820/7620MB (lfb 1x1MB) SWAP 2374/12002MB (cached 119MB) CPU [0%@1728,0%@1728,0%@1728,100%@1728,9%@1728,0%@1728] GR3D_FREQ 5% cpu@57.218C soc2@55.843C soc0@56.781C gpu@57.156C tj@58.156C soc1@58.156C VDD_IN 8669mW/8664mW VDD_CPU_GPU_CV 2621mW/2630mW VDD_SOC 2625mW/2625mW
08-04-2026 13:53:41 RAM 3820/7620MB (lfb 1x1MB) SWAP 2374/12002MB (cached 119MB) CPU [0%@1728,0%@1728,0%@1728,100%@1728,0%@1728,0%@1728] GR3D_FREQ 5% cpu@57.312C soc2@55.718C soc0@56.625C gpu@57C tj@58.125C soc1@58.125C VDD_IN 8669mW/8664mW VDD_CPU_GPU_CV 2621mW/2630mW VDD_SOC 2625mW/2625mW
08-04-2026 13:53:41 RAM 3820/7620MB (lfb 1x1MB) SWAP 2374/12002MB (cached 119MB) CPU [0%@1728,16%@1728,0%@1728,100%@1728,0%@1728,0%@1728] GR3D_FREQ 5% cpu@57.406C soc2@55.75C soc0@56.625C gpu@57C tj@58.156C soc1@58.156C VDD_IN 8669mW/8664mW VDD_CPU_GPU_CV 2621mW/2630mW VDD_SOC 2625mW/2625mW
08-04-2026 13:53:41 RAM 3820/7620MB (lfb 1x1MB) SWAP 2374/12002MB (cached 119MB) CPU [0%@1728,0%@1728,0%@1728,100%@1728,0%@1728,0%@1728] GR3D_FREQ 5% cpu@57.125C soc2@55.843C soc0@56.781C gpu@57.062C tj@58.343C soc1@58.343C VDD_IN 8669mW/8664mW VDD_CPU_GPU_CV 2621mW/2630mW VDD_SOC 2625mW/2625mW
08-04-2026 13:53:41 RAM 3820/7620MB (lfb 1x1MB) SWAP 2374/12002MB (cached 119MB) CPU [0%@1728,0%@1728,0%@1728,100%@1728,0%@1728,0%@1728] GR3D_FREQ 5% cpu@57.25C soc2@55.843C soc0@56.781C gpu@57C tj@58.343C soc1@58.437C VDD_IN 8656mW/8664mW VDD_CPU_GPU_CV 2621mW/2630mW VDD_SOC 2625mW/2625mW
08-04-2026 13:53:41 RAM 3820/7620MB (lfb 1x1MB) SWAP 2374/12002MB (cached 119MB) CPU [0%@1728,0%@1728,16%@1728,100%@1728,0%@1728,9%@1728] GR3D_FREQ 5% cpu@57.218C soc2@55.843C soc0@56.625C gpu@56.875C tj@58.218C soc1@58.218C VDD_IN 8656mW/8664mW VDD_CPU_GPU_CV 2621mW/2630mW VDD_SOC 2625mW/2625mW
08-04-2026 13:53:41 RAM 3820/7620MB (lfb 1x1MB) SWAP 2374/12002MB (cached 119MB) CPU [0%@1728,0%@1728,0%@1728,100%@1728,0%@1728,0%@1728] GR3D_FREQ 5% cpu@57.406C soc2@55.812C soc0@56.687C gpu@57.125C tj@58.218C soc1@58.218C VDD_IN 8656mW/8664mW VDD_CPU_GPU_CV 2621mW/2630mW VDD_SOC 2625mW/2625mW
08-04-2026 13:53:41 RAM 3820/7620MB (lfb 1x1MB) SWAP 2374/12002MB (cached 119MB) CPU [0%@1728,0%@1728,8%@1728,100%@1728,0%@1728,0%@1728] GR3D_FREQ 5% cpu@57.156C soc2@55.812C soc0@56.718C gpu@57C tj@58.25C soc1@58.25C VDD_IN 8656mW/8664mW VDD_CPU_GPU_CV 2621mW/2630mW VDD_SOC 2625mW/2625mW
08-04-2026 13:53:42 RAM 3820/7620MB (lfb 1x1MB) SWAP 2374/12002MB (cached 119MB) CPU [0%@1728,8%@1728,0%@1728,100%@1728,0%@1728,0%@1728] GR3D_FREQ 5% cpu@57.218C soc2@55.843C soc0@56.75C gpu@56.843C tj@58.375C soc1@58.375C VDD_IN 8656mW/8664mW VDD_CPU_GPU_CV 2621mW/2630mW VDD_SOC 2625mW/2625mW
08-04-2026 13:53:42 RAM 3820/7620MB (lfb 1x1MB) SWAP 2374/12002MB (cached 119MB) CPU [0%@1728,0%@1728,0%@1728,100%@1728,0%@1728,0%@1728] GR3D_FREQ 5% cpu@57.187C soc2@55.906C soc0@56.656C gpu@57.031C tj@58.187C soc1@58.187C VDD_IN 8656mW/8664mW VDD_CPU_GPU_CV 2621mW/2630mW VDD_SOC 2625mW/2625mW
08-04-2026 13:53:42 RAM 3827/7620MB (lfb 1x1MB) SWAP 2374/12002MB (cached 119MB) CPU [33%@1728,0%@1728,0%@1728,100%@1728,9%@1728,9%@1728] GR3D_FREQ 5% cpu@57.5C soc2@55.812C soc0@56.656C gpu@57C tj@58.125C soc1@58.125C VDD_IN 8697mW/8664mW VDD_CPU_GPU_CV 2662mW/2630mW VDD_SOC 2625mW/2625mW
08-04-2026 13:53:42 RAM 3820/7620MB (lfb 1x1MB) SWAP 2374/12002MB (cached 119MB) CPU [0%@1728,0%@1728,0%@1728,100%@1728,0%@1728,0%@1728] GR3D_FREQ 5% cpu@57.093C soc2@55.843C soc0@56.718C gpu@56.875C tj@58.312C soc1@58.312C VDD_IN 8738mW/8664mW VDD_CPU_GPU_CV 2662mW/2630mW VDD_SOC 2625mW/2625mW
08-04-2026 13:53:42 RAM 3820/7620MB (lfb 1x1MB) SWAP 2374/12002MB (cached 119MB) CPU [0%@1728,16%@1728,9%@1728,100%@1728,0%@1728,0%@1728] GR3D_FREQ 5% cpu@57.218C soc2@55.843C soc0@56.781C gpu@56.843C tj@58.437C soc1@58.437C VDD_IN 8697mW/8664mW VDD_CPU_GPU_CV 2662mW/2630mW VDD_SOC 2625mW/2625mW
08-04-2026 13:53:42 RAM 3820/7620MB (lfb 1x1MB) SWAP 2374/12002MB (cached 119MB) CPU [0%@1728,0%@1728,0%@1728,100%@1728,0%@1728,0%@1728] GR3D_FREQ 5% cpu@57.25C soc2@55.906C soc0@56.843C gpu@56.968C tj@58.437C soc1@58.437C VDD_IN 8697mW/8664mW VDD_CPU_GPU_CV 2662mW/2630mW VDD_SOC 2625mW/2625mW
08-04-2026 13:53:42 RAM 3820/7620MB (lfb 1x1MB) SWAP 2374/12002MB (cached 119MB) CPU [0%@1728,8%@1728,0%@1728,100%@1728,0%@1728,9%@1728] GR3D_FREQ 5% cpu@57.281C soc2@55.812C soc0@56.625C gpu@56.875C tj@58.156C soc1@58.156C VDD_IN 8697mW/8664mW VDD_CPU_GPU_CV 2662mW/2630mW VDD_SOC 2625mW/2625mW
08-04-2026 13:53:42 RAM 3820/7620MB (lfb 1x1MB) SWAP 2374/12002MB (cached 119MB) CPU [0%@1728,0%@1728,0%@1728,100%@1728,0%@1728,0%@1728] GR3D_FREQ 5% cpu@57.156C soc2@55.812C soc0@56.656C gpu@56.781C tj@58.187C soc1@58.187C VDD_IN 8697mW/8664mW VDD_CPU_GPU_CV 2662mW/2630mW VDD_SOC 2625mW/2625mW
08-04-2026 13:53:42 RAM 3820/7620MB (lfb 1x1MB) SWAP 2374/12002MB (cached 119MB) CPU [0%@1728,0%@1728,9%@1728,100%@1728,0%@1728,0%@1728] GR3D_FREQ 5% cpu@57.187C soc2@55.843C soc0@56.781C gpu@57C tj@58.343C soc1@58.343C VDD_IN 8697mW/8664mW VDD_CPU_GPU_CV 2662mW/2630mW VDD_SOC 2625mW/2625mW
08-04-2026 13:53:42 RAM 3820/7620MB (lfb 1x1MB) SWAP 2374/12002MB (cached 119MB) CPU [0%@1728,0%@1728,0%@1728,100%@1728,0%@1728,0%@1728] GR3D_FREQ 5% cpu@57.156C soc2@55.875C soc0@56.812C gpu@56.906C tj@58.437C soc1@58.437C VDD_IN 8697mW/8664mW VDD_CPU_GPU_CV 2662mW/2631mW VDD_SOC 2625mW/2625mW
08-04-2026 13:53:43 RAM 3820/7620MB (lfb 1x1MB) SWAP 2374/12002MB (cached 119MB) CPU [0%@1728,0%@1728,0%@1728,100%@1728,0%@1728,0%@1728] GR3D_FREQ 5% cpu@57.218C soc2@55.812C soc0@56.656C gpu@56.75C tj@58.187C soc1@58.187C VDD_IN 8656mW/8664mW VDD_CPU_GPU_CV 2662mW/2631mW VDD_SOC 2625mW/2625mW
08-04-2026 13:53:43 RAM 3820/7620MB (lfb 1x1MB) SWAP 2374/12002MB (cached 119MB) CPU [0%@1728,0%@1728,0%@1728,100%@1728,0%@1728,0%@1728] GR3D_FREQ 5% cpu@57.125C soc2@55.812C soc0@56.625C gpu@56.968C tj@58.25C soc1@58.25C VDD_IN 8656mW/8664mW VDD_CPU_GPU_CV 2621mW/2631mW VDD_SOC 2625mW/2625mW
08-04-2026 13:53:43 RAM 3820/7620MB (lfb 1x1MB) SWAP 2374/12002MB (cached 119MB) CPU [0%@1728,0%@1728,0%@1728,100%@1728,0%@1728,0%@1728] GR3D_FREQ 5% cpu@57.187C soc2@55.875C soc0@56.781C gpu@56.937C tj@58.312C soc1@58.312C VDD_IN 8656mW/8664mW VDD_CPU_GPU_CV 2621mW/2631mW VDD_SOC 2625mW/2625mW
08-04-2026 13:53:43 RAM 3820/7620MB (lfb 1x1MB) SWAP 2374/12002MB (cached 119MB) CPU [0%@1728,0%@1728,0%@1728,100%@1728,0%@1728,0%@1728] GR3D_FREQ 5% cpu@57.218C soc2@55.875C soc0@56.781C gpu@56.875C tj@58.406C soc1@58.406C VDD_IN 8656mW/8664mW VDD_CPU_GPU_CV 2621mW/2631mW VDD_SOC 2625mW/2625mW
08-04-2026 13:53:43 RAM 3820/7620MB (lfb 1x1MB) SWAP 2374/12002MB (cached 119MB) CPU [0%@1728,0%@1728,0%@1728,100%@1728,0%@1728,0%@1728] GR3D_FREQ 5% cpu@57.25C soc2@55.781C soc0@56.625C gpu@56.906C tj@58.187C soc1@58.187C VDD_IN 8656mW/8664mW VDD_CPU_GPU_CV 2621mW/2631mW VDD_SOC 2625mW/2625mW
08-04-2026 13:53:43 RAM 3820/7620MB (lfb 1x1MB) SWAP 2374/12002MB (cached 119MB) CPU [0%@1728,0%@1728,0%@1728,100%@1728,0%@1728,0%@1728] GR3D_FREQ 5% cpu@57.125C soc2@55.687C soc0@56.593C gpu@56.875C tj@58.281C soc1@58.281C VDD_IN 8656mW/8664mW VDD_CPU_GPU_CV 2621mW/2631mW VDD_SOC 2625mW/2625mW
08-04-2026 13:53:43 RAM 3820/7620MB (lfb 1x1MB) SWAP 2374/12002MB (cached 119MB) CPU [0%@1728,0%@1728,0%@1728,100%@1728,0%@1728,0%@1728] GR3D_FREQ 5% cpu@57.093C soc2@55.75C soc0@56.687C gpu@56.843C tj@58.312C soc1@58.312C VDD_IN 8656mW/8664mW VDD_CPU_GPU_CV 2662mW/2631mW VDD_SOC 2625mW/2625mW
08-04-2026 13:53:43 RAM 3820/7620MB (lfb 1x1MB) SWAP 2374/12002MB (cached 119MB) CPU [0%@1728,0%@1728,0%@1728,100%@1728,0%@1728,0%@1728] GR3D_FREQ 5% cpu@57.156C soc2@55.875C soc0@56.812C gpu@57.25C tj@58.406C soc1@58.406C VDD_IN 8656mW/8664mW VDD_CPU_GPU_CV 2621mW/2631mW VDD_SOC 2625mW/2625mW
08-04-2026 13:53:43 RAM 3820/7620MB (lfb 1x1MB) SWAP 2374/12002MB (cached 119MB) CPU [0%@1728,0%@1728,0%@1728,100%@1728,0%@1728,0%@1728] GR3D_FREQ 5% cpu@57.25C soc2@55.812C soc0@56.625C gpu@56.843C tj@58.187C soc1@58.187C VDD_IN 8656mW/8664mW VDD_CPU_GPU_CV 2621mW/2631mW VDD_SOC 2625mW/2625mW
08-04-2026 13:53:44 RAM 3820/7620MB (lfb 1x1MB) SWAP 2374/12002MB (cached 119MB) CPU [0%@1728,0%@1728,0%@1728,100%@1728,0%@1728,0%@1728] GR3D_FREQ 5% cpu@57.031C soc2@55.812C soc0@56.625C gpu@56.812C tj@58.156C soc1@58.156C VDD_IN 8656mW/8664mW VDD_CPU_GPU_CV 2621mW/2631mW VDD_SOC 2625mW/2625mW
08-04-2026 13:53:44 RAM 3820/7620MB (lfb 1x1MB) SWAP 2374/12002MB (cached 119MB) CPU [0%@1728,0%@1728,0%@1728,100%@1728,0%@1728,0%@1728] GR3D_FREQ 5% cpu@57.062C soc2@55.843C soc0@56.75C gpu@57.156C tj@58.281C soc1@58.281C VDD_IN 8656mW/8664mW VDD_CPU_GPU_CV 2621mW/2631mW VDD_SOC 2625mW/2625mW
08-04-2026 13:53:44 RAM 3820/7620MB (lfb 1x1MB) SWAP 2374/12002MB (cached 119MB) CPU [16%@1728,9%@1728,0%@1728,100%@1728,0%@1728,10%@1728] GR3D_FREQ 5% cpu@57.093C soc2@55.812C soc0@56.812C gpu@56.843C tj@58.281C soc1@58.281C VDD_IN 8656mW/8664mW VDD_CPU_GPU_CV 2621mW/2630mW VDD_SOC 2625mW/2625mW
08-04-2026 13:53:44 RAM 3820/7620MB (lfb 1x1MB) SWAP 2374/12002MB (cached 119MB) CPU [0%@1728,0%@1728,0%@1728,100%@1728,0%@1728,0%@1728] GR3D_FREQ 5% cpu@57.218C soc2@55.937C soc0@56.593C gpu@56.781C tj@58.062C soc1@58.062C VDD_IN 8656mW/8664mW VDD_CPU_GPU_CV 2621mW/2630mW VDD_SOC 2625mW/2625mW
08-04-2026 13:53:44 RAM 3820/7620MB (lfb 1x1MB) SWAP 2374/12002MB (cached 119MB) CPU [9%@1728,0%@1728,9%@1728,100%@1728,0%@1728,0%@1728] GR3D_FREQ 5% cpu@57.093C soc2@55.812C soc0@56.656C gpu@57.125C tj@58.218C soc1@58.218C VDD_IN 8656mW/8664mW VDD_CPU_GPU_CV 2621mW/2630mW VDD_SOC 2625mW/2625mW
08-04-2026 13:53:44 RAM 3820/7620MB (lfb 1x1MB) SWAP 2374/12002MB (cached 119MB) CPU [0%@1728,0%@1728,0%@1728,100%@1728,0%@1728,0%@1728] GR3D_FREQ 5% cpu@57.031C soc2@55.812C soc0@56.781C gpu@56.906C tj@58.218C soc1@58.25C VDD_IN 8656mW/8664mW VDD_CPU_GPU_CV 2621mW/2630mW VDD_SOC 2625mW/2625mW
08-04-2026 13:53:44 RAM 3820/7620MB (lfb 1x1MB) SWAP 2374/12002MB (cached 119MB) CPU [0%@1728,0%@1728,0%@1728,100%@1728,0%@1728,0%@1728] GR3D_FREQ 5% cpu@57.125C soc2@55.906C soc0@56.75C gpu@57.25C tj@58.343C soc1@58.343C VDD_IN 8656mW/8664mW VDD_CPU_GPU_CV 2621mW/2630mW VDD_SOC 2625mW/2625mW
08-04-2026 13:53:44 RAM 3820/7620MB (lfb 1x1MB) SWAP 2374/12002MB (cached 119MB) CPU [0%@1728,0%@1728,0%@1728,100%@1728,9%@1728,9%@1728] GR3D_FREQ 5% cpu@57.187C soc2@55.843C soc0@56.593C gpu@57.125C tj@58.156C soc1@58.156C VDD_IN 8656mW/8664mW VDD_CPU_GPU_CV 2621mW/2630mW VDD_SOC 2625mW/2625mW
08-04-2026 13:53:44 RAM 3820/7620MB (lfb 1x1MB) SWAP 2374/12002MB (cached 119MB) CPU [0%@1728,0%@1728,0%@1728,100%@1728,0%@1728,0%@1728] GR3D_FREQ 5% cpu@57.093C soc2@55.812C soc0@56.562C gpu@56.75C tj@58.218C soc1@58.218C VDD_IN 8656mW/8664mW VDD_CPU_GPU_CV 2621mW/2630mW VDD_SOC 2625mW/2625mW
08-04-2026 13:53:44 RAM 3820/7620MB (lfb 1x1MB) SWAP 2374/12002MB (cached 119MB) CPU [0%@1728,8%@1728,0%@1728,100%@1728,9%@1728,0%@1728] GR3D_FREQ 5% cpu@57.156C soc2@55.781C soc0@56.656C gpu@57.25C tj@58.187C soc1@58.25C VDD_IN 8656mW/8664mW VDD_CPU_GPU_CV 2621mW/2630mW VDD_SOC 2625mW/2625mW
08-04-2026 13:53:45 RAM 3820/7620MB (lfb 1x1MB) SWAP 2374/12002MB (cached 119MB) CPU [0%@1728,0%@1728,8%@1728,100%@1728,0%@1728,0%@1728] GR3D_FREQ 5% cpu@57.187C soc2@55.812C soc0@56.75C gpu@57.062C tj@58.312C soc1@58.312C VDD_IN 8656mW/8664mW VDD_CPU_GPU_CV 2621mW/2630mW VDD_SOC 2625mW/2625mW
08-04-2026 13:53:45 RAM 3820/7620MB (lfb 1x1MB) SWAP 2374/12002MB (cached 119MB) CPU [0%@1728,0%@1728,0%@1728,100%@1728,0%@1728,0%@1728] GR3D_FREQ 5% cpu@57.187C soc2@55.875C soc0@56.781C gpu@56.781C tj@58.437C soc1@58.437C VDD_IN 8656mW/8664mW VDD_CPU_GPU_CV 2621mW/2630mW VDD_SOC 2625mW/2625mW
08-04-2026 13:53:45 RAM 3820/7620MB (lfb 1x1MB) SWAP 2374/12002MB (cached 119MB) CPU [0%@1728,0%@1728,0%@1728,100%@1728,0%@1728,0%@1728] GR3D_FREQ 5% cpu@57.156C soc2@55.968C soc0@56.656C gpu@57.187C tj@58.187C soc1@58.187C VDD_IN 8656mW/8664mW VDD_CPU_GPU_CV 2621mW/2630mW VDD_SOC 2625mW/2625mW
08-04-2026 13:53:45 RAM 3820/7620MB (lfb 1x1MB) SWAP 2374/12002MB (cached 119MB) CPU [0%@1728,0%@1728,0%@1728,100%@1728,0%@1728,0%@1728] GR3D_FREQ 5% cpu@57.093C soc2@55.781C soc0@56.718C gpu@57.031C tj@58.281C soc1@58.281C VDD_IN 8656mW/8664mW VDD_CPU_GPU_CV 2621mW/2630mW VDD_SOC 2625mW/2625mW
08-04-2026 13:53:45 RAM 3820/7620MB (lfb 1x1MB) SWAP 2374/12002MB (cached 119MB) CPU [0%@1728,18%@1728,20%@1728,100%@1728,9%@1728,9%@1728] GR3D_FREQ 5% cpu@57.343C soc2@55.812C soc0@56.781C gpu@56.75C tj@58.312C soc1@58.312C VDD_IN 8738mW/8664mW VDD_CPU_GPU_CV 2662mW/2630mW VDD_SOC 2625mW/2625mW
08-04-2026 13:53:45 RAM 3820/7620MB (lfb 1x1MB) SWAP 2374/12002MB (cached 119MB) CPU [0%@1728,0%@1728,0%@1728,100%@1728,0%@1728,18%@1728] GR3D_FREQ 5% cpu@57.218C soc2@55.875C soc0@56.812C gpu@57.156C tj@58.375C soc1@58.375C VDD_IN 8738mW/8664mW VDD_CPU_GPU_CV 2662mW/2630mW VDD_SOC 2625mW/2625mW
08-04-2026 13:53:45 RAM 3820/7620MB (lfb 1x1MB) SWAP 2374/12002MB (cached 119MB) CPU [0%@1728,0%@1728,0%@1728,100%@1728,9%@1728,9%@1728] GR3D_FREQ 5% cpu@57.125C soc2@55.812C soc0@56.593C gpu@57.031C tj@58.125C soc1@58.125C VDD_IN 8738mW/8664mW VDD_CPU_GPU_CV 2662mW/2630mW VDD_SOC 2625mW/2625mW
08-04-2026 13:53:45 RAM 3820/7620MB (lfb 1x1MB) SWAP 2374/12002MB (cached 119MB) CPU [0%@1728,0%@1728,0%@1728,100%@1728,0%@1728,0%@1728] GR3D_FREQ 5% cpu@57.031C soc2@55.781C soc0@56.593C gpu@56.968C tj@58.218C soc1@58.218C VDD_IN 8697mW/8665mW VDD_CPU_GPU_CV 2662mW/2631mW VDD_SOC 2625mW/2625mW
08-04-2026 13:53:45 RAM 3820/7620MB (lfb 1x1MB) SWAP 2374/12002MB (cached 119MB) CPU [9%@1728,8%@1728,0%@1728,100%@1728,0%@1728,0%@1728] GR3D_FREQ 5% cpu@57.187C soc2@55.812C soc0@56.75C gpu@57.093C tj@58.25C soc1@58.25C VDD_IN 8697mW/8665mW VDD_CPU_GPU_CV 2662mW/2631mW VDD_SOC 2625mW/2625mW
08-04-2026 13:53:46 RAM 3820/7620MB (lfb 1x1MB) SWAP 2374/12002MB (cached 119MB) CPU [0%@1728,0%@1728,0%@1728,100%@1728,0%@1728,0%@1728] GR3D_FREQ 5% cpu@57.125C soc2@55.843C soc0@56.718C gpu@57.031C tj@58.312C soc1@58.312C VDD_IN 8697mW/8665mW VDD_CPU_GPU_CV 2662mW/2631mW VDD_SOC 2625mW/2625mW
08-04-2026 13:53:46 RAM 3820/7620MB (lfb 1x1MB) SWAP 2374/12002MB (cached 119MB) CPU [0%@1728,0%@1728,0%@1728,100%@1728,0%@1728,0%@1728] GR3D_FREQ 5% cpu@57.562C soc2@55.843C soc0@56.843C gpu@56.937C tj@58.125C soc1@58.125C VDD_IN 8656mW/8665mW VDD_CPU_GPU_CV 2662mW/2631mW VDD_SOC 2625mW/2625mW
08-04-2026 13:53:46 RAM 3820/7620MB (lfb 1x1MB) SWAP 2374/12002MB (cached 119MB) CPU [0%@1728,0%@1728,0%@1728,100%@1728,0%@1728,0%@1728] GR3D_FREQ 5% cpu@57.093C soc2@55.781C soc0@56.656C gpu@57.156C tj@58.125C soc1@58.125C VDD_IN 8656mW/8665mW VDD_CPU_GPU_CV 2621mW/2631mW VDD_SOC 2625mW/2625mW
08-04-2026 13:53:46 RAM 3820/7620MB (lfb 1x1MB) SWAP 2374/12002MB (cached 119MB) CPU [0%@1728,0%@1728,0%@1728,100%@1728,0%@1728,0%@1728] GR3D_FREQ 5% cpu@57.093C soc2@55.75C soc0@56.687C gpu@57.031C tj@58.281C soc1@58.281C VDD_IN 8656mW/8665mW VDD_CPU_GPU_CV 2621mW/2631mW VDD_SOC 2625mW/2625mW
08-04-2026 13:53:46 RAM 3820/7620MB (lfb 1x1MB) SWAP 2374/12002MB (cached 119MB) CPU [9%@1728,0%@1728,0%@1728,100%@1728,0%@1728,0%@1728] GR3D_FREQ 5% cpu@57.093C soc2@55.812C soc0@56.718C gpu@57.343C tj@58.25C soc1@58.25C VDD_IN 8656mW/8665mW VDD_CPU_GPU_CV 2662mW/2631mW VDD_SOC 2625mW/2625mW
08-04-2026 13:53:46 RAM 3820/7620MB (lfb 1x1MB) SWAP 2374/12002MB (cached 119MB) CPU [0%@1728,0%@1728,0%@1728,100%@1728,0%@1728,0%@1728] GR3D_FREQ 5% cpu@57.125C soc2@55.875C soc0@56.843C gpu@57.187C tj@58.437C soc1@58.437C VDD_IN 8656mW/8665mW VDD_CPU_GPU_CV 2662mW/2631mW VDD_SOC 2625mW/2625mW
08-04-2026 13:53:46 RAM 3820/7620MB (lfb 1x1MB) SWAP 2374/12002MB (cached 119MB) CPU [0%@1728,0%@1728,0%@1728,100%@1728,9%@1728,0%@1728] GR3D_FREQ 5% cpu@57.062C soc2@55.812C soc0@56.625C gpu@57.031C tj@58.25C soc1@58.25C VDD_IN 8656mW/8665mW VDD_CPU_GPU_CV 2662mW/2631mW VDD_SOC 2625mW/2625mW
08-04-2026 13:53:46 RAM 3820/7620MB (lfb 1x1MB) SWAP 2374/12002MB (cached 119MB) CPU [0%@1728,0%@1728,0%@1728,100%@1728,0%@1728,0%@1728] GR3D_FREQ 5% cpu@57.125C soc2@55.843C soc0@56.718C gpu@57.218C tj@58.156C soc1@58.156C VDD_IN 8656mW/8665mW VDD_CPU_GPU_CV 2662mW/2631mW VDD_SOC 2625mW/2625mW
08-04-2026 13:53:46 RAM 3820/7620MB (lfb 1x1MB) SWAP 2374/12002MB (cached 119MB) CPU [8%@1728,0%@1728,0%@1728,100%@1728,0%@1728,0%@1728] GR3D_FREQ 5% cpu@57.187C soc2@55.812C soc0@56.75C gpu@57.156C tj@58.218C soc1@58.218C VDD_IN 8656mW/8665mW VDD_CPU_GPU_CV 2621mW/2631mW VDD_SOC 2625mW/2625mW
08-04-2026 13:53:46 RAM 3820/7620MB (lfb 1x1MB) SWAP 2374/12002MB (cached 119MB) CPU [0%@1728,0%@1728,0%@1728,100%@1728,0%@1728,0%@1728] GR3D_FREQ 5% cpu@57.156C soc2@55.843C soc0@56.875C gpu@57C tj@58.437C soc1@58.437C VDD_IN 8656mW/8665mW VDD_CPU_GPU_CV 2621mW/2631mW VDD_SOC 2625mW/2625mW
08-04-2026 13:53:47 RAM 3820/7620MB (lfb 1x1MB) SWAP 2374/12002MB (cached 119MB) CPU [9%@1728,0%@1728,0%@1728,100%@1728,0%@1728,0%@1728] GR3D_FREQ 5% cpu@57.093C soc2@55.843C soc0@56.968C gpu@57.312C tj@58.125C soc1@58.125C VDD_IN 8656mW/8664mW VDD_CPU_GPU_CV 2621mW/2631mW VDD_SOC 2625mW/2625mW
08-04-2026 13:53:47 RAM 3820/7620MB (lfb 1x1MB) SWAP 2374/12002MB (cached 119MB) CPU [0%@1728,0%@1728,0%@1728,100%@1728,0%@1728,0%@1728] GR3D_FREQ 5% cpu@57.093C soc2@55.812C soc0@56.625C gpu@57.031C tj@58.218C soc1@58.218C VDD_IN 8656mW/8664mW VDD_CPU_GPU_CV 2621mW/2631mW VDD_SOC 2625mW/2625mW
08-04-2026 13:53:47 RAM 3820/7620MB (lfb 1x1MB) SWAP 2374/12002MB (cached 119MB) CPU [0%@1728,0%@1728,0%@1728,100%@1728,0%@1728,0%@1728] GR3D_FREQ 5% cpu@57.062C soc2@55.812C soc0@56.687C gpu@56.906C tj@58.312C soc1@58.312C VDD_IN 8656mW/8664mW VDD_CPU_GPU_CV 2621mW/2631mW VDD_SOC 2625mW/2625mW
08-04-2026 13:53:47 RAM 3820/7620MB (lfb 1x1MB) SWAP 2374/12002MB (cached 119MB) CPU [0%@1728,0%@1728,0%@1728,100%@1728,0%@1728,0%@1728] GR3D_FREQ 5% cpu@57.125C soc2@55.875C soc0@56.812C gpu@57.281C tj@58.375C soc1@58.375C VDD_IN 8656mW/8664mW VDD_CPU_GPU_CV 2621mW/2631mW VDD_SOC 2625mW/2625mW
08-04-2026 13:53:47 RAM 3820/7620MB (lfb 1x1MB) SWAP 2374/12002MB (cached 119MB) CPU [9%@1728,0%@1728,0%@1728,100%@1728,0%@1728,0%@1728] GR3D_FREQ 5% cpu@57.437C soc2@55.875C soc0@56.875C gpu@57.062C tj@58.187C soc1@58.187C VDD_IN 8656mW/8664mW VDD_CPU_GPU_CV 2621mW/2631mW VDD_SOC 2625mW/2625mW
08-04-2026 13:53:47 RAM 3820/7620MB (lfb 1x1MB) SWAP 2374/12002MB (cached 119MB) CPU [9%@1728,0%@1728,0%@1728,100%@1728,0%@1728,0%@1728] GR3D_FREQ 5% cpu@57.062C soc2@55.75C soc0@56.625C gpu@56.906C tj@58.125C soc1@58.125C VDD_IN 8656mW/8664mW VDD_CPU_GPU_CV 2621mW/2631mW VDD_SOC 2625mW/2625mW
08-04-2026 13:53:47 RAM 3820/7620MB (lfb 1x1MB) SWAP 2374/12002MB (cached 119MB) CPU [9%@1728,0%@1728,0%@1728,100%@1728,9%@1728,0%@1728] GR3D_FREQ 5% cpu@57.125C soc2@55.812C soc0@56.687C gpu@57.187C tj@58.281C soc1@58.281C VDD_IN 8656mW/8664mW VDD_CPU_GPU_CV 2621mW/2631mW VDD_SOC 2625mW/2625mW
08-04-2026 13:53:47 RAM 3820/7620MB (lfb 1x1MB) SWAP 2374/12002MB (cached 119MB) CPU [0%@1728,0%@1728,0%@1728,100%@1728,0%@1728,8%@1728] GR3D_FREQ 5% cpu@57.062C soc2@55.812C soc0@56.75C gpu@57.031C tj@58.281C soc1@58.281C VDD_IN 8656mW/8664mW VDD_CPU_GPU_CV 2621mW/2631mW VDD_SOC 2625mW/2625mW
08-04-2026 13:53:47 RAM 3820/7620MB (lfb 1x1MB) SWAP 2374/12002MB (cached 119MB) CPU [0%@1728,0%@1728,0%@1728,100%@1728,0%@1728,0%@1728] GR3D_FREQ 5% cpu@57.468C soc2@55.968C soc0@56.812C gpu@56.906C tj@58.187C soc1@58.187C VDD_IN 8656mW/8664mW VDD_CPU_GPU_CV 2621mW/2631mW VDD_SOC 2625mW/2625mW
08-04-2026 13:53:47 RAM 3820/7620MB (lfb 1x1MB) SWAP 2374/12002MB (cached 119MB) CPU [0%@1728,8%@1728,8%@1728,100%@1728,0%@1728,0%@1728] GR3D_FREQ 5% cpu@57.25C soc2@55.812C soc0@56.593C gpu@56.906C tj@58.125C soc1@58.125C VDD_IN 8656mW/8664mW VDD_CPU_GPU_CV 2621mW/2631mW VDD_SOC 2625mW/2625mW
08-04-2026 13:53:48 RAM 3820/7620MB (lfb 1x1MB) SWAP 2374/12002MB (cached 119MB) CPU [0%@1728,0%@1728,0%@1728,100%@1728,0%@1728,0%@1728] GR3D_FREQ 5% cpu@57.093C soc2@55.812C soc0@56.625C gpu@57.062C tj@58.281C soc1@58.281C VDD_IN 8656mW/8664mW VDD_CPU_GPU_CV 2621mW/2631mW VDD_SOC 2625mW/2625mW
08-04-2026 13:53:48 RAM 3820/7620MB (lfb 1x1MB) SWAP 2374/12002MB (cached 119MB) CPU [0%@1728,0%@1728,0%@1728,100%@1728,0%@1728,0%@1728] GR3D_FREQ 5% cpu@57.062C soc2@55.875C soc0@56.75C gpu@56.968C tj@58.375C soc1@58.375C VDD_IN 8656mW/8664mW VDD_CPU_GPU_CV 2621mW/2631mW VDD_SOC 2625mW/2625mW
08-04-2026 13:53:48 RAM 3820/7620MB (lfb 1x1MB) SWAP 2374/12002MB (cached 119MB) CPU [0%@1728,0%@1728,0%@1728,100%@1728,0%@1728,0%@1728] GR3D_FREQ 5% cpu@57.437C soc2@55.875C soc0@56.781C gpu@56.875C tj@58.156C soc1@58.156C VDD_IN 8656mW/8664mW VDD_CPU_GPU_CV 2621mW/2631mW VDD_SOC 2625mW/2625mW
08-04-2026 13:53:48 RAM 3820/7620MB (lfb 1x1MB) SWAP 2374/12002MB (cached 119MB) CPU [8%@1728,0%@1728,0%@1728,100%@1728,0%@1728,0%@1728] GR3D_FREQ 5% cpu@57.5C soc2@55.781C soc0@56.593C gpu@56.937C tj@58.187C soc1@58.187C VDD_IN 8656mW/8664mW VDD_CPU_GPU_CV 2621mW/2631mW VDD_SOC 2625mW/2625mW
08-04-2026 13:53:48 RAM 3820/7620MB (lfb 1x1MB) SWAP 2374/12002MB (cached 119MB) CPU [0%@1728,0%@1728,0%@1728,100%@1728,8%@1728,0%@1728] GR3D_FREQ 5% cpu@57.062C soc2@55.875C soc0@56.718C gpu@56.937C tj@58.218C soc1@58.218C VDD_IN 8669mW/8664mW VDD_CPU_GPU_CV 2621mW/2631mW VDD_SOC 2625mW/2625mW
08-04-2026 13:53:48 RAM 3820/7620MB (lfb 1x1MB) SWAP 2374/12002MB (cached 119MB) CPU [0%@1728,8%@1728,9%@1728,100%@1728,0%@1728,0%@1728] GR3D_FREQ 5% cpu@57.062C soc2@55.843C soc0@56.718C gpu@56.75C tj@58.406C soc1@58.406C VDD_IN 8656mW/8664mW VDD_CPU_GPU_CV 2662mW/2631mW VDD_SOC 2625mW/2625mW
08-04-2026 13:53:48 RAM 3815/7620MB (lfb 1x1MB) SWAP 2374/12002MB (cached 119MB) CPU [20%@1728,0%@1728,9%@1728,100%@1728,10%@1728,0%@1728] GR3D_FREQ 5% cpu@57.343C soc2@55.906C soc0@56.843C gpu@57.031C tj@58.343C soc1@58.343C VDD_IN 8738mW/8664mW VDD_CPU_GPU_CV 2703mW/2631mW VDD_SOC 2625mW/2625mW
08-04-2026 13:53:48 RAM 3815/7620MB (lfb 1x1MB) SWAP 2374/12002MB (cached 119MB) CPU [9%@1728,0%@1728,0%@1728,100%@1728,0%@1728,0%@1728] GR3D_FREQ 5% cpu@57.375C soc2@55.843C soc0@56.625C gpu@56.906C tj@58.187C soc1@58.125C VDD_IN 8738mW/8665mW VDD_CPU_GPU_CV 2703mW/2631mW VDD_SOC 2625mW/2625mW
08-04-2026 13:53:48 RAM 3815/7620MB (lfb 1x1MB) SWAP 2374/12002MB (cached 119MB) CPU [8%@1728,0%@1728,0%@1728,100%@1728,0%@1728,0%@1728] GR3D_FREQ 5% cpu@57.187C soc2@55.812C soc0@56.687C gpu@56.906C tj@58.187C soc1@58.187C VDD_IN 8738mW/8665mW VDD_CPU_GPU_CV 2662mW/2631mW VDD_SOC 2625mW/2625mW
08-04-2026 13:53:49 RAM 3815/7620MB (lfb 1x1MB) SWAP 2374/12002MB (cached 119MB) CPU [0%@1728,0%@1728,0%@1728,100%@1728,0%@1728,0%@1728] GR3D_FREQ 5% cpu@57.093C soc2@55.812C soc0@56.656C gpu@56.812C tj@58.343C soc1@58.343C VDD_IN 8697mW/8665mW VDD_CPU_GPU_CV 2662mW/2631mW VDD_SOC 2625mW/2625mW
08-04-2026 13:53:49 RAM 3815/7620MB (lfb 1x1MB) SWAP 2374/12002MB (cached 119MB) CPU [0%@1728,0%@1728,0%@1728,100%@1728,0%@1728,8%@1728] GR3D_FREQ 5% cpu@57.281C soc2@55.906C soc0@56.812C gpu@56.875C tj@58.437C soc1@58.437C VDD_IN 8697mW/8665mW VDD_CPU_GPU_CV 2662mW/2631mW VDD_SOC 2625mW/2625mW
08-04-2026 13:53:49 RAM 3815/7620MB (lfb 1x1MB) SWAP 2374/12002MB (cached 119MB) CPU [0%@1728,0%@1728,0%@1728,100%@1728,0%@1728,0%@1728] GR3D_FREQ 5% cpu@57.343C soc2@55.906C soc0@56.625C gpu@56.875C tj@58.125C soc1@58.125C VDD_IN 8656mW/8665mW VDD_CPU_GPU_CV 2662mW/2631mW VDD_SOC 2625mW/2625mW
08-04-2026 13:53:49 RAM 3815/7620MB (lfb 1x1MB) SWAP 2374/12002MB (cached 119MB) CPU [0%@1728,9%@1728,9%@1728,100%@1728,0%@1728,0%@1728] GR3D_FREQ 5% cpu@57.093C soc2@55.812C soc0@56.781C gpu@57.312C tj@58.187C soc1@58.187C VDD_IN 8656mW/8665mW VDD_CPU_GPU_CV 2662mW/2631mW VDD_SOC 2625mW/2625mW
08-04-2026 13:53:49 RAM 3815/7620MB (lfb 1x1MB) SWAP 2374/12002MB (cached 119MB) CPU [0%@1728,0%@1728,8%@1728,100%@1728,0%@1728,0%@1728] GR3D_FREQ 5% cpu@57.093C soc2@55.843C soc0@56.781C gpu@56.937C tj@58.25C soc1@58.25C VDD_IN 8656mW/8665mW VDD_CPU_GPU_CV 2621mW/2631mW VDD_SOC 2625mW/2625mW
08-04-2026 13:53:49 RAM 3815/7620MB (lfb 1x1MB) SWAP 2374/12002MB (cached 119MB) CPU [0%@1728,9%@1728,0%@1728,100%@1728,9%@1728,0%@1728] GR3D_FREQ 5% cpu@57.343C soc2@55.906C soc0@56.75C gpu@56.843C tj@58.437C soc1@58.437C VDD_IN 8656mW/8665mW VDD_CPU_GPU_CV 2621mW/2631mW VDD_SOC 2625mW/2625mW
08-04-2026 13:53:49 RAM 3815/7620MB (lfb 1x1MB) SWAP 2374/12002MB (cached 119MB) CPU [9%@1728,0%@1728,0%@1728,100%@1728,0%@1728,0%@1728] GR3D_FREQ 5% cpu@57.343C soc2@55.906C soc0@56.906C gpu@57.281C tj@58.312C soc1@58.312C VDD_IN 8656mW/8665mW VDD_CPU_GPU_CV 2621mW/2631mW VDD_SOC 2625mW/2625mW
08-04-2026 13:53:49 RAM 3815/7620MB (lfb 1x1MB) SWAP 2374/12002MB (cached 119MB) CPU [9%@1728,0%@1728,0%@1728,100%@1728,0%@1728,0%@1728] GR3D_FREQ 5% cpu@57.593C soc2@55.781C soc0@56.687C gpu@56.875C tj@58.312C soc1@58.312C VDD_IN 8669mW/8665mW VDD_CPU_GPU_CV 2621mW/2631mW VDD_SOC 2625mW/2625mW
08-04-2026 13:53:49 RAM 3815/7620MB (lfb 1x1MB) SWAP 2374/12002MB (cached 119MB) CPU [0%@1728,0%@1728,0%@1728,100%@1728,0%@1728,0%@1728] GR3D_FREQ 5% cpu@57.093C soc2@55.812C soc0@56.718C gpu@56.843C tj@58.25C soc1@58.25C VDD_IN 8669mW/8665mW VDD_CPU_GPU_CV 2621mW/2631mW VDD_SOC 2625mW/2625mW
08-04-2026 13:53:49 RAM 3815/7620MB (lfb 1x1MB) SWAP 2374/12002MB (cached 119MB) CPU [0%@1728,0%@1728,0%@1728,100%@1728,0%@1728,0%@1728] GR3D_FREQ 5% cpu@57.25C soc2@55.843C soc0@56.718C gpu@57.218C tj@58.375C soc1@58.375C VDD_IN 8669mW/8665mW VDD_CPU_GPU_CV 2621mW/2631mW VDD_SOC 2625mW/2625mW
08-04-2026 13:53:50 RAM 3815/7620MB (lfb 1x1MB) SWAP 2374/12002MB (cached 119MB) CPU [0%@1728,0%@1728,0%@1728,100%@1728,0%@1728,0%@1728] GR3D_FREQ 5% cpu@57.25C soc2@55.906C soc0@56.812C gpu@56.906C tj@58.187C soc1@58.187C VDD_IN 8669mW/8665mW VDD_CPU_GPU_CV 2621mW/2631mW VDD_SOC 2625mW/2625mW
08-04-2026 13:53:50 RAM 3815/7620MB (lfb 1x1MB) SWAP 2374/12002MB (cached 119MB) CPU [0%@1728,0%@1728,0%@1728,100%@1728,0%@1728,0%@1728] GR3D_FREQ 5% cpu@57.406C soc2@55.75C soc0@56.656C gpu@56.812C tj@58.187C soc1@58.187C VDD_IN 8669mW/8665mW VDD_CPU_GPU_CV 2621mW/2631mW VDD_SOC 2625mW/2625mW
08-04-2026 13:53:50 RAM 3815/7620MB (lfb 1x1MB) SWAP 2374/12002MB (cached 119MB) CPU [0%@1728,0%@1728,16%@1728,100%@1728,8%@1728,8%@1728] GR3D_FREQ 5% cpu@57.125C soc2@55.812C soc0@56.687C gpu@57.187C tj@58.25C soc1@58.25C VDD_IN 8669mW/8665mW VDD_CPU_GPU_CV 2621mW/2631mW VDD_SOC 2625mW/2625mW
08-04-2026 13:53:50 RAM 3815/7620MB (lfb 1x1MB) SWAP 2374/12002MB (cached 119MB) CPU [0%@1728,0%@1728,9%@1728,100%@1728,0%@1728,0%@1728] GR3D_FREQ 5% cpu@57.312C soc2@55.812C soc0@56.75C gpu@56.875C tj@58.406C soc1@58.406C VDD_IN 8669mW/8665mW VDD_CPU_GPU_CV 2662mW/2631mW VDD_SOC 2625mW/2625mW
08-04-2026 13:53:50 RAM 3815/7620MB (lfb 1x1MB) SWAP 2374/12002MB (cached 119MB) CPU [0%@1728,0%@1728,0%@1728,100%@1728,0%@1728,0%@1728] GR3D_FREQ 5% cpu@57.25C soc2@55.843C soc0@56.781C gpu@56.781C tj@58.093C soc1@58.093C VDD_IN 8669mW/8665mW VDD_CPU_GPU_CV 2662mW/2631mW VDD_SOC 2625mW/2625mW
08-04-2026 13:53:50 RAM 3815/7620MB (lfb 1x1MB) SWAP 2374/12002MB (cached 119MB) CPU [9%@1728,0%@1728,0%@1728,100%@1728,8%@1728,10%@1728] GR3D_FREQ 5% cpu@57.281C soc2@55.781C soc0@56.625C gpu@57.218C tj@58.25C soc1@58.25C VDD_IN 8697mW/8665mW VDD_CPU_GPU_CV 2662mW/2631mW VDD_SOC 2625mW/2625mW
08-04-2026 13:53:50 RAM 3815/7620MB (lfb 1x1MB) SWAP 2374/12002MB (cached 119MB) CPU [0%@1728,0%@1728,0%@1728,100%@1728,0%@1728,0%@1728] GR3D_FREQ 5% cpu@57.468C soc2@55.843C soc0@56.718C gpu@57.031C tj@58.156C soc1@58.156C VDD_IN 8710mW/8665mW VDD_CPU_GPU_CV 2662mW/2631mW VDD_SOC 2625mW/2625mW
08-04-2026 13:53:50 RAM 3815/7620MB (lfb 1x1MB) SWAP 2374/12002MB (cached 119MB) CPU [0%@1728,0%@1728,0%@1728,100%@1728,0%@1728,0%@1728] GR3D_FREQ 5% cpu@57.25C soc2@55.812C soc0@56.718C gpu@56.843C tj@58.375C soc1@58.375C VDD_IN 8710mW/8665mW VDD_CPU_GPU_CV 2662mW/2631mW VDD_SOC 2625mW/2625mW
08-04-2026 13:53:50 RAM 3815/7620MB (lfb 1x1MB) SWAP 2374/12002MB (cached 119MB) CPU [9%@1728,0%@1728,9%@1728,100%@1728,0%@1728,0%@1728] GR3D_FREQ 5% cpu@57.218C soc2@55.968C soc0@56.781C gpu@57.187C tj@58.437C soc1@58.437C VDD_IN 8669mW/8665mW VDD_CPU_GPU_CV 2662mW/2631mW VDD_SOC 2625mW/2625mW
08-04-2026 13:53:51 RAM 3815/7620MB (lfb 1x1MB) SWAP 2374/12002MB (cached 119MB) CPU [0%@1728,0%@1728,0%@1728,100%@1728,0%@1728,0%@1728] GR3D_FREQ 5% cpu@57.25C soc2@55.812C soc0@56.593C gpu@57C tj@58.156C soc1@58.156C VDD_IN 8669mW/8665mW VDD_CPU_GPU_CV 2621mW/2631mW VDD_SOC 2625mW/2625mW
08-04-2026 13:53:51 RAM 3815/7620MB (lfb 1x1MB) SWAP 2374/12002MB (cached 119MB) CPU [0%@1728,0%@1728,0%@1728,100%@1728,0%@1728,0%@1728] GR3D_FREQ 5% cpu@57.437C soc2@55.812C soc0@56.656C gpu@57.281C tj@58.25C soc1@58.25C VDD_IN 8669mW/8665mW VDD_CPU_GPU_CV 2621mW/2631mW VDD_SOC 2625mW/2625mW
08-04-2026 13:53:51 RAM 3815/7620MB (lfb 1x1MB) SWAP 2374/12002MB (cached 119MB) CPU [0%@1728,9%@1728,0%@1728,100%@1728,0%@1728,0%@1728] GR3D_FREQ 5% cpu@57.218C soc2@55.812C soc0@56.718C gpu@57.125C tj@58.25C soc1@58.25C VDD_IN 8669mW/8665mW VDD_CPU_GPU_CV 2621mW/2631mW VDD_SOC 2625mW/2625mW
08-04-2026 13:53:51 RAM 3815/7620MB (lfb 1x1MB) SWAP 2374/12002MB (cached 119MB) CPU [0%@1728,0%@1728,0%@1728,100%@1728,0%@1728,0%@1728] GR3D_FREQ 5% cpu@57.281C soc2@55.875C soc0@56.781C gpu@57.031C tj@58.375C soc1@58.375C VDD_IN 8669mW/8665mW VDD_CPU_GPU_CV 2621mW/2631mW VDD_SOC 2625mW/2625mW
08-04-2026 13:53:51 RAM 3815/7620MB (lfb 1x1MB) SWAP 2374/12002MB (cached 119MB) CPU [0%@1728,0%@1728,0%@1728,100%@1728,0%@1728,0%@1728] GR3D_FREQ 5% cpu@57.281C soc2@55.937C soc0@56.625C gpu@57.375C tj@58.156C soc1@58.156C VDD_IN 8669mW/8665mW VDD_CPU_GPU_CV 2621mW/2631mW VDD_SOC 2625mW/2625mW
08-04-2026 13:53:51 RAM 3815/7620MB (lfb 1x1MB) SWAP 2374/12002MB (cached 119MB) CPU [9%@1728,0%@1728,0%@1728,100%@1728,9%@1728,0%@1728] GR3D_FREQ 5% cpu@57.406C soc2@55.875C soc0@56.687C gpu@57.093C tj@58.218C soc1@58.218C VDD_IN 8656mW/8665mW VDD_CPU_GPU_CV 2621mW/2631mW VDD_SOC 2625mW/2625mW
08-04-2026 13:53:51 RAM 3815/7620MB (lfb 1x1MB) SWAP 2374/12002MB (cached 119MB) CPU [8%@1728,0%@1728,0%@1728,100%@1728,0%@1728,0%@1728] GR3D_FREQ 5% cpu@57.156C soc2@55.843C soc0@56.718C gpu@57.031C tj@58.281C soc1@58.281C VDD_IN 8669mW/8665mW VDD_CPU_GPU_CV 2621mW/2631mW VDD_SOC 2625mW/2625mW
08-04-2026 13:53:51 RAM 3815/7620MB (lfb 1x1MB) SWAP 2374/12002MB (cached 119MB) CPU [0%@1728,0%@1728,0%@1728,100%@1728,0%@1728,9%@1728] GR3D_FREQ 5% cpu@57.156C soc2@55.781C soc0@56.781C gpu@57.25C tj@58.312C soc1@58.312C VDD_IN 8656mW/8665mW VDD_CPU_GPU_CV 2621mW/2631mW VDD_SOC 2625mW/2625mW
08-04-2026 13:53:51 RAM 3815/7620MB (lfb 1x1MB) SWAP 2374/12002MB (cached 119MB) CPU [0%@1728,0%@1728,0%@1728,100%@1728,0%@1728,0%@1728] GR3D_FREQ 5% cpu@57.25C soc2@55.906C soc0@56.625C gpu@57.031C tj@58.187C soc1@58.187C VDD_IN 8669mW/8665mW VDD_CPU_GPU_CV 2621mW/2631mW VDD_SOC 2625mW/2625mW
08-04-2026 13:53:51 RAM 3821/7620MB (lfb 1x1MB) SWAP 2374/12002MB (cached 119MB) CPU [0%@1728,27%@1728,18%@1728,100%@1728,9%@1728,9%@1728] GR3D_FREQ 5% cpu@57.468C soc2@55.812C soc0@56.562C gpu@56.968C tj@58.187C soc1@58.187C VDD_IN 8738mW/8665mW VDD_CPU_GPU_CV 2662mW/2631mW VDD_SOC 2625mW/2625mW
08-04-2026 13:53:52 RAM 3821/7620MB (lfb 1x1MB) SWAP 2374/12002MB (cached 119MB) CPU [9%@1728,0%@1728,0%@1728,100%@1728,0%@1728,0%@1728] GR3D_FREQ 5% cpu@57.375C soc2@55.843C soc0@56.656C gpu@57.187C tj@58.25C soc1@58.312C VDD_IN 8697mW/8665mW VDD_CPU_GPU_CV 2662mW/2631mW VDD_SOC 2625mW/2625mW
08-04-2026 13:53:52 RAM 3821/7620MB (lfb 1x1MB) SWAP 2374/12002MB (cached 119MB) CPU [0%@1728,0%@1728,0%@1728,100%@1728,0%@1728,0%@1728] GR3D_FREQ 5% cpu@57.218C soc2@55.812C soc0@56.781C gpu@57.125C tj@58.375C soc1@58.375C VDD_IN 8697mW/8665mW VDD_CPU_GPU_CV 2662mW/2631mW VDD_SOC 2625mW/2625mW
08-04-2026 13:53:52 RAM 3821/7620MB (lfb 1x1MB) SWAP 2374/12002MB (cached 119MB) CPU [0%@1728,0%@1728,0%@1728,100%@1728,0%@1728,0%@1728] GR3D_FREQ 5% cpu@57.312C soc2@55.875C soc0@56.75C gpu@56.937C tj@58.468C soc1@58.468C VDD_IN 8697mW/8665mW VDD_CPU_GPU_CV 2662mW/2631mW VDD_SOC 2625mW/2625mW
08-04-2026 13:53:52 RAM 3821/7620MB (lfb 1x1MB) SWAP 2374/12002MB (cached 119MB) CPU [0%@1728,0%@1728,0%@1728,100%@1728,0%@1728,0%@1728] GR3D_FREQ 5% cpu@57.281C soc2@55.75C soc0@56.625C gpu@57.218C tj@58.218C soc1@58.218C VDD_IN 8656mW/8665mW VDD_CPU_GPU_CV 2662mW/2631mW VDD_SOC 2625mW/2625mW
08-04-2026 13:53:52 RAM 3821/7620MB (lfb 1x1MB) SWAP 2374/12002MB (cached 119MB) CPU [0%@1728,0%@1728,0%@1728,100%@1728,9%@1728,0%@1728] GR3D_FREQ 5% cpu@57.375C soc2@55.812C soc0@56.656C gpu@57.031C tj@58.343C soc1@58.343C VDD_IN 8656mW/8665mW VDD_CPU_GPU_CV 2662mW/2631mW VDD_SOC 2625mW/2625mW
08-04-2026 13:53:52 RAM 3821/7620MB (lfb 1x1MB) SWAP 2374/12002MB (cached 119MB) CPU [0%@1728,0%@1728,9%@1728,100%@1728,0%@1728,0%@1728] GR3D_FREQ 5% cpu@57.156C soc2@55.812C soc0@56.718C gpu@57C tj@58.343C soc1@58.343C VDD_IN 8697mW/8665mW VDD_CPU_GPU_CV 2662mW/2631mW VDD_SOC 2625mW/2625mW
08-04-2026 13:53:52 RAM 3821/7620MB (lfb 1x1MB) SWAP 2374/12002MB (cached 119MB) CPU [0%@1728,0%@1728,0%@1728,100%@1728,0%@1728,0%@1728] GR3D_FREQ 5% cpu@57.156C soc2@55.937C soc0@56.781C gpu@57.156C tj@58.5C soc1@58.5C VDD_IN 8697mW/8665mW VDD_CPU_GPU_CV 2662mW/2632mW VDD_SOC 2625mW/2625mW
08-04-2026 13:53:52 RAM 3821/7620MB (lfb 1x1MB) SWAP 2374/12002MB (cached 119MB) CPU [0%@1728,0%@1728,0%@1728,100%@1728,0%@1728,0%@1728] GR3D_FREQ 5% cpu@57.281C soc2@55.812C soc0@56.656C gpu@57.031C tj@58.156C soc1@58.156C VDD_IN 8656mW/8665mW VDD_CPU_GPU_CV 2621mW/2632mW VDD_SOC 2625mW/2625mW
08-04-2026 13:53:52 RAM 3821/7620MB (lfb 1x1MB) SWAP 2374/12002MB (cached 119MB) CPU [0%@1728,0%@1728,0%@1728,100%@1728,0%@1728,0%@1728] GR3D_FREQ 5% cpu@57.437C soc2@55.843C soc0@56.687C gpu@57.031C tj@58.218C soc1@58.218C VDD_IN 8656mW/8665mW VDD_CPU_GPU_CV 2621mW/2632mW VDD_SOC 2625mW/2625mW
08-04-2026 13:53:53 RAM 3821/7620MB (lfb 1x1MB) SWAP 2374/12002MB (cached 119MB) CPU [0%@1728,0%@1728,0%@1728,100%@1728,0%@1728,0%@1728] GR3D_FREQ 5% cpu@57.187C soc2@55.843C soc0@56.781C gpu@57.093C tj@58.281C soc1@58.281C VDD_IN 8656mW/8665mW VDD_CPU_GPU_CV 2621mW/2631mW VDD_SOC 2625mW/2625mW
08-04-2026 13:53:53 RAM 3821/7620MB (lfb 1x1MB) SWAP 2374/12002MB (cached 119MB) CPU [0%@1728,0%@1728,0%@1728,100%@1728,0%@1728,0%@1728] GR3D_FREQ 5% cpu@57.156C soc2@55.812C soc0@56.812C gpu@57C tj@58.343C soc1@58.343C VDD_IN 8656mW/8665mW VDD_CPU_GPU_CV 2621mW/2631mW VDD_SOC 2625mW/2625mW
08-04-2026 13:53:53 RAM 3821/7620MB (lfb 1x1MB) SWAP 2374/12002MB (cached 119MB) CPU [0%@1728,0%@1728,0%@1728,100%@1728,0%@1728,0%@1728] GR3D_FREQ 5% cpu@57.218C soc2@55.937C soc0@56.906C gpu@56.937C tj@58.5C soc1@58.5C VDD_IN 8656mW/8665mW VDD_CPU_GPU_CV 2621mW/2631mW VDD_SOC 2625mW/2625mW
08-04-2026 13:53:53 RAM 3821/7620MB (lfb 1x1MB) SWAP 2374/12002MB (cached 119MB) CPU [0%@1728,0%@1728,0%@1728,100%@1728,0%@1728,0%@1728] GR3D_FREQ 5% cpu@57.343C soc2@55.812C soc0@56.593C gpu@57.156C tj@58.187C soc1@58.187C VDD_IN 8669mW/8665mW VDD_CPU_GPU_CV 2621mW/2631mW VDD_SOC 2625mW/2625mW
08-04-2026 13:53:53 RAM 3821/7620MB (lfb 1x1MB) SWAP 2374/12002MB (cached 119MB) CPU [0%@1728,0%@1728,0%@1728,100%@1728,0%@1728,0%@1728] GR3D_FREQ 5% cpu@57.125C soc2@55.843C soc0@56.75C gpu@57C tj@58.281C soc1@58.281C VDD_IN 8656mW/8665mW VDD_CPU_GPU_CV 2621mW/2631mW VDD_SOC 2625mW/2625mW
08-04-2026 13:53:53 RAM 3821/7620MB (lfb 1x1MB) SWAP 2374/12002MB (cached 119MB) CPU [0%@1728,0%@1728,0%@1728,100%@1728,9%@1728,0%@1728] GR3D_FREQ 5% cpu@57.25C soc2@55.843C soc0@56.812C gpu@56.906C tj@58.343C soc1@58.343C VDD_IN 8656mW/8665mW VDD_CPU_GPU_CV 2621mW/2631mW VDD_SOC 2625mW/2625mW
08-04-2026 13:53:53 RAM 3821/7620MB (lfb 1x1MB) SWAP 2374/12002MB (cached 119MB) CPU [0%@1728,0%@1728,0%@1728,100%@1728,0%@1728,0%@1728] GR3D_FREQ 5% cpu@57.218C soc2@55.875C soc0@56.875C gpu@57.031C tj@58.437C soc1@58.437C VDD_IN 8656mW/8665mW VDD_CPU_GPU_CV 2621mW/2631mW VDD_SOC 2625mW/2625mW
08-04-2026 13:53:53 RAM 3822/7620MB (lfb 1x1MB) SWAP 2374/12002MB (cached 119MB) CPU [0%@1728,0%@1728,0%@1728,100%@1728,9%@1728,9%@1728] GR3D_FREQ 5% cpu@57.25C soc2@55.781C soc0@56.75C gpu@56.937C tj@58.312C soc1@58.312C VDD_IN 8656mW/8665mW VDD_CPU_GPU_CV 2662mW/2631mW VDD_SOC 2625mW/2625mW
08-04-2026 13:53:53 RAM 3822/7620MB (lfb 1x1MB) SWAP 2374/12002MB (cached 119MB) CPU [0%@1728,0%@1728,0%@1728,100%@1728,0%@1728,0%@1728] GR3D_FREQ 5% cpu@57.156C soc2@55.75C soc0@56.718C gpu@56.875C tj@58.281C soc1@58.281C VDD_IN 8656mW/8665mW VDD_CPU_GPU_CV 2621mW/2631mW VDD_SOC 2625mW/2625mW
08-04-2026 13:53:53 RAM 3822/7620MB (lfb 1x1MB) SWAP 2374/12002MB (cached 119MB) CPU [0%@1728,0%@1728,0%@1728,100%@1728,0%@1728,8%@1728] GR3D_FREQ 5% cpu@57.156C soc2@55.875C soc0@56.781C gpu@57.031C tj@58.406C soc1@58.406C VDD_IN 8656mW/8665mW VDD_CPU_GPU_CV 2621mW/2631mW VDD_SOC 2625mW/2625mW
08-04-2026 13:53:54 RAM 3822/7620MB (lfb 1x1MB) SWAP 2374/12002MB (cached 119MB) CPU [9%@1728,0%@1728,8%@1728,100%@1728,0%@1728,0%@1728] GR3D_FREQ 5% cpu@57.218C soc2@55.812C soc0@56.781C gpu@56.968C tj@58.406C soc1@58.406C VDD_IN 8656mW/8665mW VDD_CPU_GPU_CV 2621mW/2631mW VDD_SOC 2625mW/2625mW
08-04-2026 13:53:54 RAM 3822/7620MB (lfb 1x1MB) SWAP 2374/12002MB (cached 119MB) CPU [0%@1728,0%@1728,0%@1728,100%@1728,0%@1728,0%@1728] GR3D_FREQ 5% cpu@57.281C soc2@55.875C soc0@56.625C gpu@56.906C tj@58.187C soc1@58.187C VDD_IN 8669mW/8665mW VDD_CPU_GPU_CV 2621mW/2631mW VDD_SOC 2625mW/2625mW
08-04-2026 13:53:54 RAM 3822/7620MB (lfb 1x1MB) SWAP 2374/12002MB (cached 119MB) CPU [0%@1728,0%@1728,0%@1728,100%@1728,0%@1728,0%@1728] GR3D_FREQ 5% cpu@57.187C soc2@55.812C soc0@56.687C gpu@57.031C tj@58.312C soc1@58.312C VDD_IN 8669mW/8665mW VDD_CPU_GPU_CV 2621mW/2631mW VDD_SOC 2625mW/2625mW
08-04-2026 13:53:54 RAM 3822/7620MB (lfb 1x1MB) SWAP 2374/12002MB (cached 119MB) CPU [10%@1728,0%@1728,8%@1728,100%@1728,0%@1728,0%@1728] GR3D_FREQ 5% cpu@57.187C soc2@55.875C soc0@56.75C gpu@57C tj@58.281C soc1@58.281C VDD_IN 8669mW/8665mW VDD_CPU_GPU_CV 2621mW/2631mW VDD_SOC 2625mW/2625mW
08-04-2026 13:53:54 RAM 3822/7620MB (lfb 1x1MB) SWAP 2374/12002MB (cached 119MB) CPU [0%@1728,0%@1728,0%@1728,100%@1728,0%@1728,0%@1728] GR3D_FREQ 5% cpu@57.25C soc2@55.843C soc0@56.812C gpu@56.968C tj@58.437C soc1@58.437C VDD_IN 8656mW/8665mW VDD_CPU_GPU_CV 2621mW/2631mW VDD_SOC 2625mW/2625mW
08-04-2026 13:53:54 RAM 3822/7620MB (lfb 1x1MB) SWAP 2374/12002MB (cached 119MB) CPU [0%@1728,0%@1728,0%@1728,100%@1728,0%@1728,9%@1728] GR3D_FREQ 5% cpu@57.25C soc2@55.937C soc0@56.625C gpu@56.843C tj@58.218C soc1@58.218C VDD_IN 8656mW/8665mW VDD_CPU_GPU_CV 2662mW/2631mW VDD_SOC 2625mW/2625mW
08-04-2026 13:53:54 RAM 3822/7620MB (lfb 1x1MB) SWAP 2374/12002MB (cached 119MB) CPU [0%@1728,0%@1728,0%@1728,100%@1728,0%@1728,0%@1728] GR3D_FREQ 5% cpu@57.093C soc2@55.843C soc0@56.593C gpu@56.968C tj@58.218C soc1@58.218C VDD_IN 8656mW/8665mW VDD_CPU_GPU_CV 2662mW/2631mW VDD_SOC 2625mW/2625mW
08-04-2026 13:53:54 RAM 3822/7620MB (lfb 1x1MB) SWAP 2374/12002MB (cached 119MB) CPU [0%@1728,0%@1728,0%@1728,100%@1728,0%@1728,0%@1728] GR3D_FREQ 5% cpu@57.156C soc2@55.781C soc0@56.656C gpu@56.906C tj@58.375C soc1@58.375C VDD_IN 8656mW/8665mW VDD_CPU_GPU_CV 2621mW/2631mW VDD_SOC 2625mW/2625mW
08-04-2026 13:53:54 RAM 3822/7620MB (lfb 1x1MB) SWAP 2374/12002MB (cached 119MB) CPU [9%@1728,0%@1728,0%@1728,100%@1728,0%@1728,0%@1728] GR3D_FREQ 5% cpu@57.187C soc2@55.875C soc0@56.781C gpu@56.781C tj@58.375C soc1@58.375C VDD_IN 8656mW/8665mW VDD_CPU_GPU_CV 2662mW/2631mW VDD_SOC 2625mW/2625mW
08-04-2026 13:53:55 RAM 3822/7620MB (lfb 1x1MB) SWAP 2374/12002MB (cached 119MB) CPU [0%@1728,0%@1728,8%@1728,100%@1728,0%@1728,0%@1728] GR3D_FREQ 5% cpu@57.156C soc2@55.968C soc0@56.625C gpu@56.968C tj@58.187C soc1@58.187C VDD_IN 8656mW/8665mW VDD_CPU_GPU_CV 2621mW/2631mW VDD_SOC 2625mW/2625mW
08-04-2026 13:53:55 RAM 3822/7620MB (lfb 1x1MB) SWAP 2374/12002MB (cached 119MB) CPU [0%@1728,0%@1728,9%@1728,100%@1728,0%@1728,0%@1728] GR3D_FREQ 5% cpu@57.125C soc2@55.781C soc0@56.687C gpu@56.875C tj@58.156C soc1@58.156C VDD_IN 8656mW/8665mW VDD_CPU_GPU_CV 2621mW/2631mW VDD_SOC 2625mW/2625mW
08-04-2026 13:53:55 RAM 3826/7620MB (lfb 1x1MB) SWAP 2374/12002MB (cached 119MB) CPU [11%@1728,0%@1728,9%@1728,100%@1728,0%@1728,0%@1728] GR3D_FREQ 5% cpu@57.218C soc2@55.906C soc0@56.781C gpu@56.812C tj@58.312C soc1@58.312C VDD_IN 8738mW/8665mW VDD_CPU_GPU_CV 2662mW/2631mW VDD_SOC 2625mW/2625mW
08-04-2026 13:53:55 RAM 3826/7620MB (lfb 1x1MB) SWAP 2374/12002MB (cached 119MB) CPU [0%@1728,0%@1728,0%@1728,100%@1728,0%@1728,0%@1728] GR3D_FREQ 5% cpu@57.125C soc2@55.875C soc0@56.75C gpu@56.906C tj@58.375C soc1@58.375C VDD_IN 8697mW/8665mW VDD_CPU_GPU_CV 2662mW/2632mW VDD_SOC 2625mW/2625mW
08-04-2026 13:53:55 RAM 3826/7620MB (lfb 1x1MB) SWAP 2374/12002MB (cached 119MB) CPU [0%@1728,0%@1728,0%@1728,100%@1728,0%@1728,0%@1728] GR3D_FREQ 5% cpu@57.187C soc2@55.937C soc0@56.75C gpu@56.843C tj@58.187C soc1@58.187C VDD_IN 8697mW/8665mW VDD_CPU_GPU_CV 2662mW/2632mW VDD_SOC 2625mW/2625mW
08-04-2026 13:53:55 RAM 3826/7620MB (lfb 1x1MB) SWAP 2374/12002MB (cached 119MB) CPU [0%@1728,16%@1728,0%@1728,100%@1728,0%@1728,0%@1728] GR3D_FREQ 5% cpu@57.187C soc2@55.812C soc0@56.625C gpu@56.812C tj@58.281C soc1@58.281C VDD_IN 8697mW/8665mW VDD_CPU_GPU_CV 2662mW/2632mW VDD_SOC 2625mW/2625mW
08-04-2026 13:53:55 RAM 3826/7620MB (lfb 1x1MB) SWAP 2374/12002MB (cached 119MB) CPU [9%@1728,0%@1728,0%@1728,100%@1728,0%@1728,9%@1728] GR3D_FREQ 5% cpu@57.187C soc2@55.812C soc0@56.687C gpu@56.968C tj@58.25C soc1@58.25C VDD_IN 8697mW/8665mW VDD_CPU_GPU_CV 2662mW/2632mW VDD_SOC 2625mW/2625mW
08-04-2026 13:53:55 RAM 3826/7620MB (lfb 1x1MB) SWAP 2374/12002MB (cached 119MB) CPU [0%@1728,0%@1728,0%@1728,100%@1728,0%@1728,0%@1728] GR3D_FREQ 5% cpu@57.125C soc2@55.812C soc0@56.75C gpu@56.875C tj@58.281C soc1@58.281C VDD_IN 8697mW/8665mW VDD_CPU_GPU_CV 2662mW/2632mW VDD_SOC 2625mW/2625mW
08-04-2026 13:53:55 RAM 3826/7620MB (lfb 1x1MB) SWAP 2374/12002MB (cached 119MB) CPU [0%@1728,0%@1728,0%@1728,100%@1728,0%@1728,0%@1728] GR3D_FREQ 5% cpu@57.156C soc2@55.875C soc0@56.843C gpu@57.375C tj@58.5C soc1@58.5C VDD_IN 8656mW/8665mW VDD_CPU_GPU_CV 2662mW/2632mW VDD_SOC 2625mW/2625mW
08-04-2026 13:53:55 RAM 3826/7620MB (lfb 1x1MB) SWAP 2374/12002MB (cached 119MB) CPU [0%@1728,0%@1728,0%@1728,100%@1728,0%@1728,0%@1728] GR3D_FREQ 5% cpu@57.093C soc2@55.812C soc0@56.656C gpu@56.937C tj@58.187C soc1@58.187C VDD_IN 8656mW/8665mW VDD_CPU_GPU_CV 2662mW/2632mW VDD_SOC 2625mW/2625mW
08-04-2026 13:53:56 RAM 3826/7620MB (lfb 1x1MB) SWAP 2374/12002MB (cached 119MB) CPU [0%@1728,0%@1728,9%@1728,100%@1728,0%@1728,0%@1728] GR3D_FREQ 5% cpu@57.093C soc2@55.812C soc0@56.687C gpu@56.812C tj@58.25C soc1@58.25C VDD_IN 8656mW/8665mW VDD_CPU_GPU_CV 2621mW/2632mW VDD_SOC 2625mW/2625mW
08-04-2026 13:53:56 RAM 3826/7620MB (lfb 1x1MB) SWAP 2374/12002MB (cached 119MB) CPU [0%@1728,0%@1728,0%@1728,100%@1728,0%@1728,9%@1728] GR3D_FREQ 5% cpu@57.156C soc2@55.875C soc0@56.718C gpu@57.375C tj@58.281C soc1@58.281C VDD_IN 8656mW/8665mW VDD_CPU_GPU_CV 2621mW/2632mW VDD_SOC 2625mW/2625mW
08-04-2026 13:53:56 RAM 3826/7620MB (lfb 1x1MB) SWAP 2374/12002MB (cached 119MB) CPU [0%@1728,0%@1728,9%@1728,100%@1728,0%@1728,0%@1728] GR3D_FREQ 5% cpu@57.25C soc2@55.906C soc0@56.812C gpu@56.937C tj@58.468C soc1@58.468C VDD_IN 8656mW/8665mW VDD_CPU_GPU_CV 2621mW/2632mW VDD_SOC 2625mW/2625mW
08-04-2026 13:53:56 RAM 3826/7620MB (lfb 1x1MB) SWAP 2374/12002MB (cached 119MB) CPU [0%@1728,0%@1728,0%@1728,100%@1728,0%@1728,0%@1728] GR3D_FREQ 5% cpu@57.25C soc2@55.937C soc0@56.625C gpu@56.843C tj@58.218C soc1@58.218C VDD_IN 8656mW/8665mW VDD_CPU_GPU_CV 2621mW/2632mW VDD_SOC 2625mW/2625mW
08-04-2026 13:53:56 RAM 3826/7620MB (lfb 1x1MB) SWAP 2374/12002MB (cached 119MB) CPU [16%@1728,0%@1728,8%@1728,100%@1728,0%@1728,0%@1728] GR3D_FREQ 5% cpu@57.062C soc2@55.781C soc0@56.656C gpu@57.218C tj@58.25C soc1@58.25C VDD_IN 8656mW/8665mW VDD_CPU_GPU_CV 2621mW/2632mW VDD_SOC 2625mW/2625mW
08-04-2026 13:53:56 RAM 3826/7620MB (lfb 1x1MB) SWAP 2374/12002MB (cached 119MB) CPU [0%@1728,0%@1728,0%@1728,100%@1728,0%@1728,0%@1728] GR3D_FREQ 5% cpu@57.156C soc2@55.843C soc0@56.781C gpu@56.843C tj@58.312C soc1@58.312C VDD_IN 8656mW/8665mW VDD_CPU_GPU_CV 2621mW/2632mW VDD_SOC 2625mW/2625mW
08-04-2026 13:53:56 RAM 3826/7620MB (lfb 1x1MB) SWAP 2374/12002MB (cached 119MB) CPU [0%@1728,0%@1728,0%@1728,100%@1728,0%@1728,9%@1728] GR3D_FREQ 5% cpu@57.093C soc2@55.843C soc0@56.781C gpu@56.843C tj@58.375C soc1@58.375C VDD_IN 8656mW/8665mW VDD_CPU_GPU_CV 2621mW/2632mW VDD_SOC 2625mW/2625mW
08-04-2026 13:53:56 RAM 3826/7620MB (lfb 1x1MB) SWAP 2374/12002MB (cached 119MB) CPU [0%@1728,0%@1728,0%@1728,100%@1728,0%@1728,0%@1728] GR3D_FREQ 5% cpu@57.125C soc2@55.937C soc0@56.968C gpu@57.312C tj@58.531C soc1@58.156C VDD_IN 8656mW/8665mW VDD_CPU_GPU_CV 2621mW/2632mW VDD_SOC 2625mW/2625mW
08-04-2026 13:53:56 RAM 3826/7620MB (lfb 1x1MB) SWAP 2374/12002MB (cached 119MB) CPU [0%@1728,0%@1728,0%@1728,100%@1728,0%@1728,0%@1728] GR3D_FREQ 5% cpu@57.156C soc2@55.781C soc0@56.656C gpu@56.937C tj@58.125C soc1@58.125C VDD_IN 8656mW/8665mW VDD_CPU_GPU_CV 2621mW/2632mW VDD_SOC 2625mW/2625mW
08-04-2026 13:53:57 RAM 3826/7620MB (lfb 1x1MB) SWAP 2374/12002MB (cached 119MB) CPU [0%@1728,0%@1728,0%@1728,100%@1728,25%@1728,0%@1728] GR3D_FREQ 5% cpu@57.062C soc2@55.843C soc0@56.75C gpu@56.875C tj@58.281C soc1@58.281C VDD_IN 8656mW/8665mW VDD_CPU_GPU_CV 2662mW/2632mW VDD_SOC 2625mW/2625mW
08-04-2026 13:53:57 RAM 3826/7620MB (lfb 1x1MB) SWAP 2374/12002MB (cached 119MB) CPU [0%@1728,0%@1728,0%@1728,100%@1728,0%@1728,0%@1728] GR3D_FREQ 5% cpu@57.187C soc2@55.812C soc0@56.718C gpu@57.187C tj@58.375C soc1@58.375C VDD_IN 8656mW/8665mW VDD_CPU_GPU_CV 2621mW/2632mW VDD_SOC 2625mW/2625mW
08-04-2026 13:53:57 RAM 3826/7620MB (lfb 1x1MB) SWAP 2374/12002MB (cached 119MB) CPU [0%@1728,0%@1728,0%@1728,100%@1728,0%@1728,0%@1728] GR3D_FREQ 5% cpu@57.093C soc2@55.812C soc0@56.906C gpu@56.812C tj@58.437C soc1@58.437C VDD_IN 8656mW/8665mW VDD_CPU_GPU_CV 2621mW/2632mW VDD_SOC 2625mW/2625mW
08-04-2026 13:53:57 RAM 3826/7620MB (lfb 1x1MB) SWAP 2374/12002MB (cached 119MB) CPU [0%@1728,0%@1728,0%@1728,100%@1728,0%@1728,0%@1728] GR3D_FREQ 5% cpu@57.187C soc2@55.812C soc0@56.687C gpu@56.843C tj@58.187C soc1@58.187C VDD_IN 8669mW/8665mW VDD_CPU_GPU_CV 2621mW/2632mW VDD_SOC 2625mW/2625mW
08-04-2026 13:53:57 RAM 3826/7620MB (lfb 1x1MB) SWAP 2374/12002MB (cached 119MB) CPU [0%@1728,0%@1728,0%@1728,100%@1728,0%@1728,0%@1728] GR3D_FREQ 5% cpu@57.125C soc2@55.843C soc0@56.718C gpu@57.25C tj@58.218C soc1@58.218C VDD_IN 8669mW/8665mW VDD_CPU_GPU_CV 2621mW/2632mW VDD_SOC 2625mW/2625mW
08-04-2026 13:53:57 RAM 3826/7620MB (lfb 1x1MB) SWAP 2374/12002MB (cached 119MB) CPU [0%@1728,9%@1728,8%@1728,100%@1728,0%@1728,9%@1728] GR3D_FREQ 5% cpu@57.187C soc2@55.843C soc0@56.75C gpu@56.843C tj@58.375C soc1@58.375C VDD_IN 8669mW/8665mW VDD_CPU_GPU_CV 2621mW/2632mW VDD_SOC 2625mW/2625mW
08-04-2026 13:53:57 RAM 3826/7620MB (lfb 1x1MB) SWAP 2374/12002MB (cached 119MB) CPU [0%@1728,0%@1728,0%@1728,100%@1728,0%@1728,0%@1728] GR3D_FREQ 5% cpu@57.218C soc2@55.906C soc0@56.812C gpu@57.343C tj@58.437C soc1@58.437C VDD_IN 8669mW/8665mW VDD_CPU_GPU_CV 2621mW/2632mW VDD_SOC 2625mW/2625mW
08-04-2026 13:53:57 RAM 3826/7620MB (lfb 1x1MB) SWAP 2374/12002MB (cached 119MB) CPU [0%@1728,0%@1728,0%@1728,100%@1728,0%@1728,0%@1728] GR3D_FREQ 5% cpu@57.125C soc2@55.812C soc0@56.562C gpu@57.125C tj@58.218C soc1@58.218C VDD_IN 8669mW/8665mW VDD_CPU_GPU_CV 2621mW/2632mW VDD_SOC 2625mW/2625mW
08-04-2026 13:53:57 RAM 3826/7620MB (lfb 1x1MB) SWAP 2374/12002MB (cached 119MB) CPU [0%@1728,9%@1728,0%@1728,100%@1728,0%@1728,0%@1728] GR3D_FREQ 5% cpu@57.156C soc2@55.843C soc0@56.656C gpu@56.875C tj@58.218C soc1@58.218C VDD_IN 8669mW/8665mW VDD_CPU_GPU_CV 2621mW/2632mW VDD_SOC 2625mW/2625mW
08-04-2026 13:53:57 RAM 3826/7620MB (lfb 1x1MB) SWAP 2374/12002MB (cached 119MB) CPU [0%@1728,0%@1728,0%@1728,100%@1728,0%@1728,0%@1728] GR3D_FREQ 5% cpu@57.187C soc2@55.843C soc0@56.718C gpu@57.312C tj@58.25C soc1@58.312C VDD_IN 8669mW/8665mW VDD_CPU_GPU_CV 2621mW/2632mW VDD_SOC 2625mW/2625mW
08-04-2026 13:53:58 RAM 3826/7620MB (lfb 1x1MB) SWAP 2374/12002MB (cached 119MB) CPU [0%@1728,0%@1728,0%@1728,100%@1728,0%@1728,0%@1728] GR3D_FREQ 5% cpu@57.062C soc2@55.843C soc0@56.781C gpu@57.062C tj@58.406C soc1@58.406C VDD_IN 8669mW/8665mW VDD_CPU_GPU_CV 2621mW/2632mW VDD_SOC 2625mW/2625mW
08-04-2026 13:53:58 RAM 3826/7620MB (lfb 1x1MB) SWAP 2374/12002MB (cached 119MB) CPU [0%@1728,9%@1728,0%@1728,100%@1728,0%@1728,0%@1728] GR3D_FREQ 5% cpu@57.531C soc2@55.906C soc0@56.875C gpu@56.875C tj@58.187C soc1@58.187C VDD_IN 8669mW/8665mW VDD_CPU_GPU_CV 2621mW/2632mW VDD_SOC 2625mW/2625mW
08-04-2026 13:53:58 RAM 3826/7620MB (lfb 1x1MB) SWAP 2374/12002MB (cached 119MB) CPU [0%@1728,0%@1728,0%@1728,100%@1728,0%@1728,0%@1728] GR3D_FREQ 5% cpu@57.062C soc2@55.812C soc0@56.656C gpu@57.343C tj@58.218C soc1@58.218C VDD_IN 8669mW/8665mW VDD_CPU_GPU_CV 2621mW/2632mW VDD_SOC 2625mW/2625mW
08-04-2026 13:53:58 RAM 3826/7620MB (lfb 1x1MB) SWAP 2374/12002MB (cached 119MB) CPU [0%@1728,0%@1728,0%@1728,100%@1728,0%@1728,0%@1728] GR3D_FREQ 5% cpu@57.187C soc2@55.812C soc0@56.781C gpu@57.062C tj@58.312C soc1@58.312C VDD_IN 8669mW/8665mW VDD_CPU_GPU_CV 2621mW/2631mW VDD_SOC 2625mW/2625mW
08-04-2026 13:53:58 RAM 3831/7620MB (lfb 1x1MB) SWAP 2374/12002MB (cached 119MB) CPU [10%@1728,27%@1728,18%@1728,100%@1728,9%@1728,0%@1728] GR3D_FREQ 5% cpu@57.25C soc2@55.875C soc0@56.781C gpu@56.812C tj@58.312C soc1@58.312C VDD_IN 8738mW/8665mW VDD_CPU_GPU_CV 2703mW/2632mW VDD_SOC 2625mW/2625mW
08-04-2026 13:53:58 RAM 3831/7620MB (lfb 1x1MB) SWAP 2374/12002MB (cached 119MB) CPU [0%@1728,0%@1728,0%@1728,100%@1728,0%@1728,0%@1728] GR3D_FREQ 5% cpu@57.5C soc2@55.875C soc0@56.875C gpu@57.218C tj@58.218C soc1@58.218C VDD_IN 8738mW/8666mW VDD_CPU_GPU_CV 2703mW/2632mW VDD_SOC 2625mW/2625mW
08-04-2026 13:53:58 RAM 3831/7620MB (lfb 1x1MB) SWAP 2374/12002MB (cached 119MB) CPU [0%@1728,0%@1728,0%@1728,100%@1728,0%@1728,0%@1728] GR3D_FREQ 5% cpu@57.156C soc2@55.812C soc0@56.687C gpu@57.062C tj@58.218C soc1@58.218C VDD_IN 8738mW/8666mW VDD_CPU_GPU_CV 2662mW/2632mW VDD_SOC 2625mW/2625mW
08-04-2026 13:53:58 RAM 3831/7620MB (lfb 1x1MB) SWAP 2374/12002MB (cached 119MB) CPU [0%@1728,0%@1728,0%@1728,100%@1728,0%@1728,0%@1728] GR3D_FREQ 5% cpu@57.156C soc2@55.843C soc0@56.718C gpu@57C tj@58.218C soc1@58.218C VDD_IN 8697mW/8666mW VDD_CPU_GPU_CV 2662mW/2632mW VDD_SOC 2625mW/2625mW
08-04-2026 13:53:58 RAM 3831/7620MB (lfb 1x1MB) SWAP 2374/12002MB (cached 119MB) CPU [9%@1728,0%@1728,0%@1728,100%@1728,0%@1728,0%@1728] GR3D_FREQ 5% cpu@57.093C soc2@55.843C soc0@56.781C gpu@57.25C tj@58.406C soc1@58.406C VDD_IN 8697mW/8666mW VDD_CPU_GPU_CV 2662mW/2632mW VDD_SOC 2625mW/2625mW
08-04-2026 13:53:59 RAM 3831/7620MB (lfb 1x1MB) SWAP 2374/12002MB (cached 119MB) CPU [9%@1728,0%@1728,0%@1728,100%@1728,0%@1728,9%@1728] GR3D_FREQ 5% cpu@57.343C soc2@55.812C soc0@56.812C gpu@57.031C tj@58.187C soc1@58.187C VDD_IN 8697mW/8666mW VDD_CPU_GPU_CV 2662mW/2632mW VDD_SOC 2625mW/2625mW
08-04-2026 13:53:59 RAM 3831/7620MB (lfb 1x1MB) SWAP 2374/12002MB (cached 119MB) CPU [0%@1728,0%@1728,0%@1728,100%@1728,0%@1728,0%@1728] GR3D_FREQ 5% cpu@57.625C soc2@55.875C soc0@56.718C gpu@56.968C tj@58.25C soc1@58.25C VDD_IN 8656mW/8666mW VDD_CPU_GPU_CV 2662mW/2632mW VDD_SOC 2625mW/2625mW
08-04-2026 13:53:59 RAM 3831/7620MB (lfb 1x1MB) SWAP 2374/12002MB (cached 119MB) CPU [0%@1728,0%@1728,0%@1728,100%@1728,0%@1728,0%@1728] GR3D_FREQ 5% cpu@57.031C soc2@55.843C soc0@56.718C gpu@57.125C tj@58.218C soc1@58.218C VDD_IN 8656mW/8666mW VDD_CPU_GPU_CV 2621mW/2632mW VDD_SOC 2625mW/2625mW
08-04-2026 13:53:59 RAM 3831/7620MB (lfb 1x1MB) SWAP 2374/12002MB (cached 119MB) CPU [9%@1728,0%@1728,0%@1728,100%@1728,0%@1728,0%@1728] GR3D_FREQ 5% cpu@57.093C soc2@55.843C soc0@56.781C gpu@57.093C tj@58.25C soc1@58.25C VDD_IN 8656mW/8666mW VDD_CPU_GPU_CV 2621mW/2632mW VDD_SOC 2625mW/2625mW
08-04-2026 13:53:59 RAM 3831/7620MB (lfb 1x1MB) SWAP 2374/12002MB (cached 119MB) CPU [0%@1728,8%@1728,0%@1728,100%@1728,0%@1728,0%@1728] GR3D_FREQ 5% cpu@57.375C soc2@55.843C soc0@56.812C gpu@57C tj@58.5C soc1@58.5C VDD_IN 8656mW/8666mW VDD_CPU_GPU_CV 2621mW/2632mW VDD_SOC 2625mW/2625mW
08-04-2026 13:53:59 RAM 3831/7620MB (lfb 1x1MB) SWAP 2374/12002MB (cached 119MB) CPU [9%@1728,0%@1728,0%@1728,100%@1728,9%@1728,0%@1728] GR3D_FREQ 5% cpu@57.468C soc2@55.75C soc0@56.625C gpu@57.031C tj@58.187C soc1@58.187C VDD_IN 8656mW/8666mW VDD_CPU_GPU_CV 2621mW/2632mW VDD_SOC 2625mW/2625mW
08-04-2026 13:53:59 RAM 3831/7620MB (lfb 1x1MB) SWAP 2374/12002MB (cached 119MB) CPU [0%@1728,0%@1728,0%@1728,100%@1728,9%@1728,0%@1728] GR3D_FREQ 5% cpu@57.156C soc2@55.812C soc0@56.718C gpu@57.062C tj@58.25C soc1@58.25C VDD_IN 8656mW/8666mW VDD_CPU_GPU_CV 2621mW/2632mW VDD_SOC 2625mW/2625mW
08-04-2026 13:53:59 RAM 3831/7620MB (lfb 1x1MB) SWAP 2374/12002MB (cached 119MB) CPU [9%@1728,0%@1728,0%@1728,100%@1728,0%@1728,0%@1728] GR3D_FREQ 5% cpu@57.093C soc2@55.812C soc0@56.718C gpu@56.937C tj@58.281C soc1@58.281C VDD_IN 8656mW/8666mW VDD_CPU_GPU_CV 2621mW/2632mW VDD_SOC 2625mW/2625mW
08-04-2026 13:53:59 RAM 3831/7620MB (lfb 1x1MB) SWAP 2374/12002MB (cached 119MB) CPU [0%@1728,0%@1728,0%@1728,100%@1728,0%@1728,0%@1728] GR3D_FREQ 5% cpu@57.25C soc2@55.875C soc0@56.843C gpu@57.093C tj@58.468C soc1@58.468C VDD_IN 8656mW/8666mW VDD_CPU_GPU_CV 2621mW/2632mW VDD_SOC 2625mW/2625mW
08-04-2026 13:53:59 RAM 3831/7620MB (lfb 1x1MB) SWAP 2374/12002MB (cached 119MB) CPU [0%@1728,0%@1728,0%@1728,100%@1728,0%@1728,0%@1728] GR3D_FREQ 5% cpu@57.375C soc2@55.875C soc0@56.593C gpu@57C tj@58.156C soc1@58.156C VDD_IN 8656mW/8666mW VDD_CPU_GPU_CV 2621mW/2632mW VDD_SOC 2625mW/2625mW
08-04-2026 13:54:00 RAM 3831/7620MB (lfb 1x1MB) SWAP 2374/12002MB (cached 119MB) CPU [0%@1728,0%@1728,0%@1728,100%@1728,0%@1728,9%@1728] GR3D_FREQ 5% cpu@57.125C soc2@55.875C soc0@56.687C gpu@56.875C tj@58.218C soc1@58.218C VDD_IN 8656mW/8666mW VDD_CPU_GPU_CV 2621mW/2632mW VDD_SOC 2625mW/2625mW
08-04-2026 13:54:00 RAM 3831/7620MB (lfb 1x1MB) SWAP 2374/12002MB (cached 119MB) CPU [0%@1728,0%@1728,0%@1728,100%@1728,0%@1728,0%@1728] GR3D_FREQ 5% cpu@57.125C soc2@55.843C soc0@56.656C gpu@57.125C tj@58.312C soc1@58.312C VDD_IN 8656mW/8666mW VDD_CPU_GPU_CV 2621mW/2632mW VDD_SOC 2625mW/2625mW
08-04-2026 13:54:00 RAM 3831/7620MB (lfb 1x1MB) SWAP 2374/12002MB (cached 119MB) CPU [0%@1728,0%@1728,0%@1728,100%@1728,0%@1728,0%@1728] GR3D_FREQ 5% cpu@57.281C soc2@55.812C soc0@56.812C gpu@56.968C tj@58.437C soc1@58.437C VDD_IN 8656mW/8666mW VDD_CPU_GPU_CV 2621mW/2632mW VDD_SOC 2625mW/2625mW
08-04-2026 13:54:00 RAM 3831/7620MB (lfb 1x1MB) SWAP 2374/12002MB (cached 119MB) CPU [0%@1728,0%@1728,0%@1728,100%@1728,0%@1728,0%@1728] GR3D_FREQ 5% cpu@57.375C soc2@55.937C soc0@56.562C gpu@56.937C tj@58.156C soc1@58.156C VDD_IN 8656mW/8666mW VDD_CPU_GPU_CV 2621mW/2632mW VDD_SOC 2625mW/2625mW
08-04-2026 13:54:00 RAM 3831/7620MB (lfb 1x1MB) SWAP 2374/12002MB (cached 119MB) CPU [9%@1728,0%@1728,0%@1728,100%@1728,0%@1728,0%@1728] GR3D_FREQ 5% cpu@57.5C soc2@55.812C soc0@56.625C gpu@57.062C tj@58.218C soc1@58.218C VDD_IN 8656mW/8666mW VDD_CPU_GPU_CV 2621mW/2632mW VDD_SOC 2625mW/2625mW
08-04-2026 13:54:00 RAM 3831/7620MB (lfb 1x1MB) SWAP 2374/12002MB (cached 119MB) CPU [0%@1728,9%@1728,0%@1728,100%@1728,16%@1728,0%@1728] GR3D_FREQ 5% cpu@57.093C soc2@55.781C soc0@56.75C gpu@57.031C tj@58.25C soc1@58.25C VDD_IN 8656mW/8666mW VDD_CPU_GPU_CV 2621mW/2632mW VDD_SOC 2625mW/2625mW
08-04-2026 13:54:00 RAM 3831/7620MB (lfb 1x1MB) SWAP 2374/12002MB (cached 119MB) CPU [0%@1728,0%@1728,0%@1728,100%@1728,0%@1728,0%@1728] GR3D_FREQ 5% cpu@57.031C soc2@55.843C soc0@56.812C gpu@56.937C tj@58.343C soc1@58.343C VDD_IN 8656mW/8666mW VDD_CPU_GPU_CV 2621mW/2632mW VDD_SOC 2625mW/2625mW
08-04-2026 13:54:00 RAM 3831/7620MB (lfb 1x1MB) SWAP 2374/12002MB (cached 119MB) CPU [9%@1728,0%@1728,0%@1728,100%@1728,0%@1728,8%@1728] GR3D_FREQ 5% cpu@57.375C soc2@55.843C soc0@56.875C gpu@57.031C tj@58.437C soc1@58.437C VDD_IN 8656mW/8666mW VDD_CPU_GPU_CV 2621mW/2632mW VDD_SOC 2625mW/2625mW
08-04-2026 13:54:00 RAM 3831/7620MB (lfb 1x1MB) SWAP 2374/12002MB (cached 119MB) CPU [0%@1728,0%@1728,9%@1728,100%@1728,0%@1728,0%@1728] GR3D_FREQ 5% cpu@57.375C soc2@55.812C soc0@56.656C gpu@56.968C tj@58.25C soc1@58.25C VDD_IN 8656mW/8666mW VDD_CPU_GPU_CV 2621mW/2632mW VDD_SOC 2625mW/2625mW
08-04-2026 13:54:01 RAM 3831/7620MB (lfb 1x1MB) SWAP 2374/12002MB (cached 119MB) CPU [0%@1728,0%@1728,0%@1728,100%@1728,0%@1728,0%@1728] GR3D_FREQ 5% cpu@57.187C soc2@55.812C soc0@56.718C gpu@56.875C tj@58.25C soc1@58.25C VDD_IN 8656mW/8665mW VDD_CPU_GPU_CV 2621mW/2632mW VDD_SOC 2625mW/2625mW
08-04-2026 13:54:01 RAM 3831/7620MB (lfb 1x1MB) SWAP 2374/12002MB (cached 119MB) CPU [0%@1728,0%@1728,0%@1728,100%@1728,0%@1728,0%@1728] GR3D_FREQ 5% cpu@57.187C soc2@55.812C soc0@56.625C gpu@57.031C tj@58.375C soc1@58.375C VDD_IN 8656mW/8665mW VDD_CPU_GPU_CV 2621mW/2632mW VDD_SOC 2625mW/2625mW
08-04-2026 13:54:01 RAM 3831/7620MB (lfb 1x1MB) SWAP 2374/12002MB (cached 119MB) CPU [0%@1728,0%@1728,0%@1728,100%@1728,0%@1728,0%@1728] GR3D_FREQ 5% cpu@57.312C soc2@55.843C soc0@56.937C gpu@56.937C tj@58.406C soc1@58.406C VDD_IN 8656mW/8665mW VDD_CPU_GPU_CV 2621mW/2632mW VDD_SOC 2625mW/2625mW
08-04-2026 13:54:01 RAM 3831/7620MB (lfb 1x1MB) SWAP 2374/12002MB (cached 119MB) CPU [9%@1728,0%@1728,0%@1728,100%@1728,0%@1728,0%@1728] GR3D_FREQ 5% cpu@57.375C soc2@55.906C soc0@56.562C gpu@56.875C tj@58.218C soc1@58.218C VDD_IN 8656mW/8665mW VDD_CPU_GPU_CV 2621mW/2632mW VDD_SOC 2625mW/2625mW
08-04-2026 13:54:01 RAM 3831/7620MB (lfb 1x1MB) SWAP 2374/12002MB (cached 119MB) CPU [0%@1728,0%@1728,0%@1728,100%@1728,0%@1728,0%@1728] GR3D_FREQ 5% cpu@57.656C soc2@55.875C soc0@56.687C gpu@57.031C tj@58.25C soc1@58.25C VDD_IN 8669mW/8665mW VDD_CPU_GPU_CV 2621mW/2632mW VDD_SOC 2625mW/2625mW
08-04-2026 13:54:01 RAM 3831/7620MB (lfb 1x1MB) SWAP 2374/12002MB (cached 119MB) CPU [0%@1728,0%@1728,0%@1728,100%@1728,0%@1728,0%@1728] GR3D_FREQ 5% cpu@57.156C soc2@55.843C soc0@56.781C gpu@56.906C tj@58.343C soc1@58.343C VDD_IN 8656mW/8665mW VDD_CPU_GPU_CV 2621mW/2632mW VDD_SOC 2625mW/2625mW
08-04-2026 13:54:01 RAM 3831/7620MB (lfb 1x1MB) SWAP 2374/12002MB (cached 119MB) CPU [0%@1728,0%@1728,0%@1728,100%@1728,0%@1728,0%@1728] GR3D_FREQ 5% cpu@57.25C soc2@55.875C soc0@56.812C gpu@56.875C tj@58.375C soc1@58.375C VDD_IN 8669mW/8665mW VDD_CPU_GPU_CV 2621mW/2632mW VDD_SOC 2625mW/2625mW
08-04-2026 13:54:01 RAM 3826/7620MB (lfb 1x1MB) SWAP 2374/12002MB (cached 119MB) CPU [36%@1728,9%@1728,10%@1728,100%@1728,0%@1728,9%@1728] GR3D_FREQ 5% cpu@57.343C soc2@55.812C soc0@56.906C gpu@56.843C tj@58.187C soc1@58.187C VDD_IN 8738mW/8666mW VDD_CPU_GPU_CV 2703mW/2632mW VDD_SOC 2625mW/2625mW
08-04-2026 13:54:01 RAM 3826/7620MB (lfb 1x1MB) SWAP 2374/12002MB (cached 119MB) CPU [0%@1728,0%@1728,0%@1728,100%@1728,0%@1728,0%@1728] GR3D_FREQ 5% cpu@57.593C soc2@55.812C soc0@56.625C gpu@56.875C tj@58.312C soc1@58.312C VDD_IN 8697mW/8666mW VDD_CPU_GPU_CV 2662mW/2632mW VDD_SOC 2625mW/2625mW
08-04-2026 13:54:01 RAM 3826/7620MB (lfb 1x1MB) SWAP 2374/12002MB (cached 119MB) CPU [0%@1728,0%@1728,0%@1728,100%@1728,0%@1728,0%@1728] GR3D_FREQ 5% cpu@57.093C soc2@55.812C soc0@56.75C gpu@56.843C tj@58.343C soc1@58.343C VDD_IN 8697mW/8666mW VDD_CPU_GPU_CV 2662mW/2632mW VDD_SOC 2625mW/2625mW
08-04-2026 13:54:02 RAM 3826/7620MB (lfb 1x1MB) SWAP 2374/12002MB (cached 119MB) CPU [0%@1728,0%@1728,0%@1728,100%@1728,0%@1728,0%@1728] GR3D_FREQ 5% cpu@57.218C soc2@55.812C soc0@56.843C gpu@56.875C tj@58.406C soc1@58.406C VDD_IN 8697mW/8666mW VDD_CPU_GPU_CV 2662mW/2632mW VDD_SOC 2625mW/2625mW
08-04-2026 13:54:02 RAM 3826/7620MB (lfb 1x1MB) SWAP 2374/12002MB (cached 119MB) CPU [0%@1728,0%@1728,0%@1728,100%@1728,0%@1728,0%@1728] GR3D_FREQ 5% cpu@57.25C soc2@55.906C soc0@56.843C gpu@56.968C tj@58.156C soc1@58.156C VDD_IN 8656mW/8666mW VDD_CPU_GPU_CV 2662mW/2632mW VDD_SOC 2625mW/2625mW
08-04-2026 13:54:02 RAM 3826/7620MB (lfb 1x1MB) SWAP 2374/12002MB (cached 119MB) CPU [9%@1728,0%@1728,0%@1728,100%@1728,0%@1728,0%@1728] GR3D_FREQ 5% cpu@57.437C soc2@55.812C soc0@56.625C gpu@56.843C tj@58.156C soc1@58.281C VDD_IN 8656mW/8666mW VDD_CPU_GPU_CV 2621mW/2632mW VDD_SOC 2625mW/2625mW
08-04-2026 13:54:02 RAM 3826/7620MB (lfb 1x1MB) SWAP 2374/12002MB (cached 119MB) CPU [0%@1728,0%@1728,0%@1728,100%@1728,0%@1728,0%@1728] GR3D_FREQ 5% cpu@57.062C soc2@55.812C soc0@56.781C gpu@57.281C tj@58.281C soc1@58.281C VDD_IN 8656mW/8666mW VDD_CPU_GPU_CV 2621mW/2632mW VDD_SOC 2625mW/2625mW
08-04-2026 13:54:02 RAM 3826/7620MB (lfb 1x1MB) SWAP 2374/12002MB (cached 119MB) CPU [16%@1728,0%@1728,9%@1728,100%@1728,0%@1728,0%@1728] GR3D_FREQ 5% cpu@57.156C soc2@55.843C soc0@56.781C gpu@56.875C tj@58.343C soc1@58.343C VDD_IN 8656mW/8666mW VDD_CPU_GPU_CV 2662mW/2632mW VDD_SOC 2625mW/2625mW
08-04-2026 13:54:02 RAM 3826/7620MB (lfb 1x1MB) SWAP 2374/12002MB (cached 119MB) CPU [0%@1728,0%@1728,0%@1728,100%@1728,0%@1728,9%@1728] GR3D_FREQ 5% cpu@57.281C soc2@55.968C soc0@56.843C gpu@56.906C tj@58.156C soc1@58.156C VDD_IN 8697mW/8666mW VDD_CPU_GPU_CV 2662mW/2632mW VDD_SOC 2625mW/2625mW
08-04-2026 13:54:02 RAM 3826/7620MB (lfb 1x1MB) SWAP 2374/12002MB (cached 119MB) CPU [0%@1728,0%@1728,0%@1728,100%@1728,0%@1728,0%@1728] GR3D_FREQ 5% cpu@57.281C soc2@55.812C soc0@56.625C gpu@57.343C tj@58.156C soc1@58.156C VDD_IN 8697mW/8666mW VDD_CPU_GPU_CV 2662mW/2632mW VDD_SOC 2625mW/2625mW
08-04-2026 13:54:02 RAM 3826/7620MB (lfb 1x1MB) SWAP 2374/12002MB (cached 119MB) CPU [0%@1728,0%@1728,0%@1728,100%@1728,9%@1728,0%@1728] GR3D_FREQ 5% cpu@57.5C soc2@55.843C soc0@56.625C gpu@56.875C tj@58.25C soc1@58.25C VDD_IN 8656mW/8666mW VDD_CPU_GPU_CV 2662mW/2632mW VDD_SOC 2625mW/2625mW
08-04-2026 13:54:02 RAM 3826/7620MB (lfb 1x1MB) SWAP 2374/12002MB (cached 119MB) CPU [0%@1728,0%@1728,0%@1728,100%@1728,0%@1728,0%@1728] GR3D_FREQ 5% cpu@57.25C soc2@55.875C soc0@56.687C gpu@56.843C tj@58.25C soc1@58.25C VDD_IN 8656mW/8666mW VDD_CPU_GPU_CV 2621mW/2632mW VDD_SOC 2625mW/2625mW
08-04-2026 13:54:03 RAM 3826/7620MB (lfb 1x1MB) SWAP 2374/12002MB (cached 119MB) CPU [0%@1728,0%@1728,0%@1728,100%@1728,0%@1728,0%@1728] GR3D_FREQ 5% cpu@57.218C soc2@55.875C soc0@56.781C gpu@57.281C tj@58.468C soc1@58.468C VDD_IN 8656mW/8666mW VDD_CPU_GPU_CV 2621mW/2632mW VDD_SOC 2625mW/2625mW
08-04-2026 13:54:03 RAM 3826/7620MB (lfb 1x1MB) SWAP 2374/12002MB (cached 119MB) CPU [9%@1728,0%@1728,0%@1728,100%@1728,0%@1728,0%@1728] GR3D_FREQ 5% cpu@57.343C soc2@55.937C soc0@56.687C gpu@56.875C tj@58.218C soc1@58.218C VDD_IN 8656mW/8666mW VDD_CPU_GPU_CV 2621mW/2632mW VDD_SOC 2625mW/2625mW
08-04-2026 13:54:03 RAM 3826/7620MB (lfb 1x1MB) SWAP 2374/12002MB (cached 119MB) CPU [9%@1728,0%@1728,9%@1728,100%@1728,0%@1728,0%@1728] GR3D_FREQ 5% cpu@57.437C soc2@55.812C soc0@56.718C gpu@56.812C tj@58.187C soc1@58.187C VDD_IN 8656mW/8666mW VDD_CPU_GPU_CV 2621mW/2632mW VDD_SOC 2625mW/2625mW
08-04-2026 13:54:03 RAM 3826/7620MB (lfb 1x1MB) SWAP 2374/12002MB (cached 119MB) CPU [8%@1728,0%@1728,0%@1728,100%@1728,0%@1728,0%@1728] GR3D_FREQ 5% cpu@57.218C soc2@55.812C soc0@56.718C gpu@57.281C tj@58.375C soc1@58.375C VDD_IN 8656mW/8666mW VDD_CPU_GPU_CV 2621mW/2632mW VDD_SOC 2625mW/2625mW
08-04-2026 13:54:03 RAM 3826/7620MB (lfb 1x1MB) SWAP 2374/12002MB (cached 119MB) CPU [0%@1728,0%@1728,0%@1728,100%@1728,18%@1728,0%@1728] GR3D_FREQ 5% cpu@57.281C soc2@55.843C soc0@56.781C gpu@56.875C tj@58.437C soc1@58.437C VDD_IN 8656mW/8666mW VDD_CPU_GPU_CV 2621mW/2632mW VDD_SOC 2625mW/2625mW
08-04-2026 13:54:03 RAM 3826/7620MB (lfb 1x1MB) SWAP 2374/12002MB (cached 119MB) CPU [0%@1728,9%@1728,9%@1728,100%@1728,0%@1728,0%@1728] GR3D_FREQ 5% cpu@57.312C soc2@55.937C soc0@56.687C gpu@56.843C tj@58.218C soc1@58.218C VDD_IN 8656mW/8666mW VDD_CPU_GPU_CV 2621mW/2632mW VDD_SOC 2625mW/2625mW
08-04-2026 13:54:03 RAM 3826/7620MB (lfb 1x1MB) SWAP 2374/12002MB (cached 119MB) CPU [0%@1728,0%@1728,0%@1728,100%@1728,0%@1728,0%@1728] GR3D_FREQ 5% cpu@57.437C soc2@55.812C soc0@56.718C gpu@57.25C tj@58.156C soc1@58.156C VDD_IN 8697mW/8666mW VDD_CPU_GPU_CV 2662mW/2632mW VDD_SOC 2625mW/2625mW
08-04-2026 13:54:03 RAM 3826/7620MB (lfb 1x1MB) SWAP 2374/12002MB (cached 119MB) CPU [0%@1728,0%@1728,0%@1728,100%@1728,0%@1728,0%@1728] GR3D_FREQ 5% cpu@57.25C soc2@55.843C soc0@56.687C gpu@56.875C tj@58.312C soc1@58.312C VDD_IN 8656mW/8666mW VDD_CPU_GPU_CV 2621mW/2632mW VDD_SOC 2625mW/2625mW
08-04-2026 13:54:03 RAM 3826/7620MB (lfb 1x1MB) SWAP 2374/12002MB (cached 119MB) CPU [0%@1728,0%@1728,0%@1728,100%@1728,0%@1728,0%@1728] GR3D_FREQ 5% cpu@57.125C soc2@55.843C soc0@56.781C gpu@56.781C tj@58.375C soc1@58.375C VDD_IN 8656mW/8666mW VDD_CPU_GPU_CV 2621mW/2632mW VDD_SOC 2625mW/2625mW
08-04-2026 13:54:03 RAM 3826/7620MB (lfb 1x1MB) SWAP 2374/12002MB (cached 119MB) CPU [0%@1728,0%@1728,8%@1728,100%@1728,0%@1728,0%@1728] GR3D_FREQ 5% cpu@57.25C soc2@55.906C soc0@56.625C gpu@57.187C tj@58.281C soc1@58.281C VDD_IN 8669mW/8666mW VDD_CPU_GPU_CV 2621mW/2632mW VDD_SOC 2625mW/2625mW
08-04-2026 13:54:04 RAM 3826/7620MB (lfb 1x1MB) SWAP 2374/12002MB (cached 119MB) CPU [16%@1728,0%@1728,0%@1728,100%@1728,0%@1728,0%@1728] GR3D_FREQ 5% cpu@57.343C soc2@55.812C soc0@56.718C gpu@56.875C tj@58.156C soc1@58.156C VDD_IN 8669mW/8666mW VDD_CPU_GPU_CV 2621mW/2632mW VDD_SOC 2625mW/2625mW
08-04-2026 13:54:04 RAM 3826/7620MB (lfb 1x1MB) SWAP 2374/12002MB (cached 119MB) CPU [0%@1728,0%@1728,0%@1728,100%@1728,0%@1728,0%@1728] GR3D_FREQ 5% cpu@57.218C soc2@55.781C soc0@56.718C gpu@57.343C tj@58.25C soc1@58.25C VDD_IN 8669mW/8666mW VDD_CPU_GPU_CV 2621mW/2632mW VDD_SOC 2625mW/2625mW
08-04-2026 13:54:04 RAM 3826/7620MB (lfb 1x1MB) SWAP 2374/12002MB (cached 119MB) CPU [0%@1728,0%@1728,8%@1728,100%@1728,0%@1728,0%@1728] GR3D_FREQ 5% cpu@57.218C soc2@55.812C soc0@56.781C gpu@57.187C tj@58.375C soc1@58.375C VDD_IN 8656mW/8666mW VDD_CPU_GPU_CV 2621mW/2632mW VDD_SOC 2625mW/2625mW
08-04-2026 13:54:04 RAM 3826/7620MB (lfb 1x1MB) SWAP 2374/12002MB (cached 119MB) CPU [0%@1728,0%@1728,0%@1728,100%@1728,0%@1728,0%@1728] GR3D_FREQ 5% cpu@57.25C soc2@55.875C soc0@56.937C gpu@56.843C tj@58.531C soc1@58.531C VDD_IN 8656mW/8666mW VDD_CPU_GPU_CV 2621mW/2632mW VDD_SOC 2625mW/2625mW
08-04-2026 13:54:04 RAM 3826/7620MB (lfb 1x1MB) SWAP 2374/12002MB (cached 119MB) CPU [0%@1728,0%@1728,0%@1728,100%@1728,0%@1728,0%@1728] GR3D_FREQ 5% cpu@57.312C soc2@55.812C soc0@56.593C gpu@57.281C tj@58.187C soc1@58.187C VDD_IN 8656mW/8666mW VDD_CPU_GPU_CV 2621mW/2632mW VDD_SOC 2625mW/2625mW
08-04-2026 13:54:04 RAM 3826/7620MB (lfb 1x1MB) SWAP 2374/12002MB (cached 119MB) CPU [0%@1728,0%@1728,0%@1728,100%@1728,0%@1728,9%@1728] GR3D_FREQ 5% cpu@57.156C soc2@55.812C soc0@56.593C gpu@57.062C tj@58.281C soc1@58.281C VDD_IN 8656mW/8666mW VDD_CPU_GPU_CV 2621mW/2632mW VDD_SOC 2625mW/2625mW
08-04-2026 13:54:04 RAM 3826/7620MB (lfb 1x1MB) SWAP 2374/12002MB (cached 119MB) CPU [0%@1728,9%@1728,0%@1728,100%@1728,0%@1728,0%@1728] GR3D_FREQ 5% cpu@57.25C soc2@55.843C soc0@56.75C gpu@57.031C tj@58.343C soc1@58.343C VDD_IN 8656mW/8666mW VDD_CPU_GPU_CV 2621mW/2632mW VDD_SOC 2625mW/2625mW
08-04-2026 13:54:04 RAM 3826/7620MB (lfb 1x1MB) SWAP 2374/12002MB (cached 119MB) CPU [0%@1728,0%@1728,0%@1728,100%@1728,0%@1728,0%@1728] GR3D_FREQ 5% cpu@57.25C soc2@55.906C soc0@56.781C gpu@57.281C tj@58.437C soc1@58.437C VDD_IN 8656mW/8666mW VDD_CPU_GPU_CV 2621mW/2632mW VDD_SOC 2625mW/2625mW
08-04-2026 13:54:04 RAM 3826/7620MB (lfb 1x1MB) SWAP 2374/12002MB (cached 119MB) CPU [0%@1728,0%@1728,0%@1728,100%@1728,0%@1728,9%@1728] GR3D_FREQ 5% cpu@57.281C soc2@55.812C soc0@56.656C gpu@57.125C tj@58.218C soc1@58.218C VDD_IN 8656mW/8666mW VDD_CPU_GPU_CV 2621mW/2632mW VDD_SOC 2625mW/2625mW
08-04-2026 13:54:05 RAM 3827/7620MB (lfb 1x1MB) SWAP 2374/12002MB (cached 119MB) CPU [10%@1728,10%@1728,18%@1728,100%@1728,9%@1728,0%@1728] GR3D_FREQ 5% cpu@57.125C soc2@55.843C soc0@56.656C gpu@57.031C tj@58.281C soc1@58.281C VDD_IN 8738mW/8666mW VDD_CPU_GPU_CV 2662mW/2632mW VDD_SOC 2625mW/2625mW
08-04-2026 13:54:05 RAM 3827/7620MB (lfb 1x1MB) SWAP 2374/12002MB (cached 119MB) CPU [0%@1728,0%@1728,0%@1728,100%@1728,0%@1728,9%@1728] GR3D_FREQ 5% cpu@57.25C soc2@55.843C soc0@56.718C gpu@57.218C tj@58.281C soc1@58.281C VDD_IN 8697mW/8666mW VDD_CPU_GPU_CV 2662mW/2632mW VDD_SOC 2625mW/2625mW
08-04-2026 13:54:05 RAM 3827/7620MB (lfb 1x1MB) SWAP 2374/12002MB (cached 119MB) CPU [0%@1728,0%@1728,0%@1728,100%@1728,0%@1728,0%@1728] GR3D_FREQ 5% cpu@57.25C soc2@55.875C soc0@56.781C gpu@57.031C tj@58.406C soc1@58.406C VDD_IN 8697mW/8666mW VDD_CPU_GPU_CV 2662mW/2632mW VDD_SOC 2625mW/2625mW
08-04-2026 13:54:05 RAM 3827/7620MB (lfb 1x1MB) SWAP 2374/12002MB (cached 119MB) CPU [0%@1728,0%@1728,0%@1728,100%@1728,0%@1728,0%@1728] GR3D_FREQ 5% cpu@57.25C soc2@55.843C soc0@56.875C gpu@56.968C tj@58.187C soc1@58.187C VDD_IN 8697mW/8666mW VDD_CPU_GPU_CV 2662mW/2632mW VDD_SOC 2625mW/2625mW
08-04-2026 13:54:05 RAM 3827/7620MB (lfb 1x1MB) SWAP 2374/12002MB (cached 119MB) CPU [0%@1728,0%@1728,0%@1728,100%@1728,0%@1728,0%@1728] GR3D_FREQ 5% cpu@57.093C soc2@55.781C soc0@56.625C gpu@57.25C tj@58.218C soc1@58.218C VDD_IN 8656mW/8666mW VDD_CPU_GPU_CV 2621mW/2632mW VDD_SOC 2625mW/2625mW
08-04-2026 13:54:05 RAM 3827/7620MB (lfb 1x1MB) SWAP 2374/12002MB (cached 119MB) CPU [0%@1728,8%@1728,0%@1728,100%@1728,0%@1728,0%@1728] GR3D_FREQ 5% cpu@57.218C soc2@55.812C soc0@56.656C gpu@57.031C tj@58.25C soc1@58.25C VDD_IN 8697mW/8666mW VDD_CPU_GPU_CV 2662mW/2632mW VDD_SOC 2625mW/2625mW
08-04-2026 13:54:05 RAM 3827/7620MB (lfb 1x1MB) SWAP 2374/12002MB (cached 119MB) CPU [0%@1728,0%@1728,0%@1728,100%@1728,0%@1728,0%@1728] GR3D_FREQ 5% cpu@57.187C soc2@55.812C soc0@56.843C gpu@56.968C tj@58.343C soc1@58.343C VDD_IN 8656mW/8666mW VDD_CPU_GPU_CV 2662mW/2632mW VDD_SOC 2625mW/2625mW
08-04-2026 13:54:05 RAM 3827/7620MB (lfb 1x1MB) SWAP 2374/12002MB (cached 119MB) CPU [0%@1728,0%@1728,0%@1728,100%@1728,0%@1728,9%@1728] GR3D_FREQ 5% cpu@57.187C soc2@55.843C soc0@56.781C gpu@57.156C tj@58.218C soc1@58.218C VDD_IN 8656mW/8666mW VDD_CPU_GPU_CV 2662mW/2632mW VDD_SOC 2625mW/2625mW
08-04-2026 13:54:05 RAM 3827/7620MB (lfb 1x1MB) SWAP 2374/12002MB (cached 119MB) CPU [8%@1728,0%@1728,8%@1728,100%@1728,0%@1728,0%@1728] GR3D_FREQ 5% cpu@57.125C soc2@55.781C soc0@56.656C gpu@57.062C tj@58.25C soc1@58.25C VDD_IN 8656mW/8666mW VDD_CPU_GPU_CV 2621mW/2632mW VDD_SOC 2625mW/2625mW
08-04-2026 13:54:05 RAM 3827/7620MB (lfb 1x1MB) SWAP 2374/12002MB (cached 119MB) CPU [0%@1728,9%@1728,0%@1728,100%@1728,0%@1728,0%@1728] GR3D_FREQ 5% cpu@57.156C soc2@55.843C soc0@56.75C gpu@56.968C tj@58.25C soc1@58.25C VDD_IN 8656mW/8666mW VDD_CPU_GPU_CV 2621mW/2632mW VDD_SOC 2625mW/2625mW
08-04-2026 13:54:06 RAM 3827/7620MB (lfb 1x1MB) SWAP 2374/12002MB (cached 119MB) CPU [0%@1728,0%@1728,0%@1728,100%@1728,0%@1728,0%@1728] GR3D_FREQ 5% cpu@57.125C soc2@55.812C soc0@56.781C gpu@57.093C tj@58.375C soc1@58.375C VDD_IN 8656mW/8666mW VDD_CPU_GPU_CV 2621mW/2632mW VDD_SOC 2625mW/2625mW
08-04-2026 13:54:06 RAM 3827/7620MB (lfb 1x1MB) SWAP 2374/12002MB (cached 119MB) CPU [0%@1728,0%@1728,0%@1728,100%@1728,0%@1728,0%@1728] GR3D_FREQ 5% cpu@57.187C soc2@55.875C soc0@56.75C gpu@57.062C tj@58.218C soc1@58.218C VDD_IN 8656mW/8666mW VDD_CPU_GPU_CV 2621mW/2632mW VDD_SOC 2625mW/2625mW
08-04-2026 13:54:06 RAM 3827/7620MB (lfb 1x1MB) SWAP 2374/12002MB (cached 119MB) CPU [0%@1728,0%@1728,0%@1728,100%@1728,0%@1728,0%@1728] GR3D_FREQ 5% cpu@57.375C soc2@55.812C soc0@56.687C gpu@56.843C tj@58.25C soc1@58.25C VDD_IN 8656mW/8666mW VDD_CPU_GPU_CV 2621mW/2632mW VDD_SOC 2625mW/2625mW
08-04-2026 13:54:06 RAM 3827/7620MB (lfb 1x1MB) SWAP 2374/12002MB (cached 119MB) CPU [0%@1728,0%@1728,0%@1728,100%@1728,8%@1728,0%@1728] GR3D_FREQ 5% cpu@57.156C soc2@55.812C soc0@56.656C gpu@57.093C tj@58.281C soc1@58.281C VDD_IN 8656mW/8666mW VDD_CPU_GPU_CV 2621mW/2632mW VDD_SOC 2625mW/2625mW
08-04-2026 13:54:06 RAM 3827/7620MB (lfb 1x1MB) SWAP 2374/12002MB (cached 119MB) CPU [16%@1728,0%@1728,0%@1728,100%@1728,0%@1728,0%@1728] GR3D_FREQ 5% cpu@57.093C soc2@55.812C soc0@56.812C gpu@56.968C tj@58.312C soc1@58.312C VDD_IN 8656mW/8666mW VDD_CPU_GPU_CV 2621mW/2632mW VDD_SOC 2625mW/2625mW
08-04-2026 13:54:06 RAM 3827/7620MB (lfb 1x1MB) SWAP 2374/12002MB (cached 119MB) CPU [9%@1728,9%@1728,0%@1728,100%@1728,0%@1728,0%@1728] GR3D_FREQ 5% cpu@57.125C soc2@55.906C soc0@56.781C gpu@56.968C tj@58.5C soc1@58.5C VDD_IN 8697mW/8666mW VDD_CPU_GPU_CV 2662mW/2632mW VDD_SOC 2625mW/2625mW
08-04-2026 13:54:06 RAM 3827/7620MB (lfb 1x1MB) SWAP 2374/12002MB (cached 119MB) CPU [0%@1728,0%@1728,0%@1728,100%@1728,0%@1728,0%@1728] GR3D_FREQ 5% cpu@57.125C soc2@55.812C soc0@56.812C gpu@56.906C tj@58.25C soc1@58.25C VDD_IN 8697mW/8666mW VDD_CPU_GPU_CV 2662mW/2632mW VDD_SOC 2625mW/2625mW
08-04-2026 13:54:06 RAM 3827/7620MB (lfb 1x1MB) SWAP 2374/12002MB (cached 119MB) CPU [0%@1728,0%@1728,0%@1728,100%@1728,0%@1728,0%@1728] GR3D_FREQ 5% cpu@57.187C soc2@55.843C soc0@56.593C gpu@56.968C tj@58.218C soc1@58.218C VDD_IN 8656mW/8666mW VDD_CPU_GPU_CV 2621mW/2632mW VDD_SOC 2625mW/2625mW
08-04-2026 13:54:06 RAM 3827/7620MB (lfb 1x1MB) SWAP 2374/12002MB (cached 119MB) CPU [0%@1728,0%@1728,9%@1728,100%@1728,0%@1728,0%@1728] GR3D_FREQ 5% cpu@57.156C soc2@55.812C soc0@56.781C gpu@56.937C tj@58.343C soc1@58.343C VDD_IN 8656mW/8666mW VDD_CPU_GPU_CV 2621mW/2632mW VDD_SOC 2625mW/2625mW
08-04-2026 13:54:07 RAM 3827/7620MB (lfb 1x1MB) SWAP 2374/12002MB (cached 119MB) CPU [0%@1728,0%@1728,9%@1728,100%@1728,0%@1728,9%@1728] GR3D_FREQ 5% cpu@57.218C soc2@55.937C soc0@56.781C gpu@56.875C tj@58.437C soc1@58.437C VDD_IN 8669mW/8666mW VDD_CPU_GPU_CV 2621mW/2632mW VDD_SOC 2625mW/2625mW
08-04-2026 13:54:07 RAM 3827/7620MB (lfb 1x1MB) SWAP 2374/12002MB (cached 119MB) CPU [0%@1728,0%@1728,0%@1728,100%@1728,0%@1728,0%@1728] GR3D_FREQ 5% cpu@57.187C soc2@55.812C soc0@56.562C gpu@56.968C tj@58.125C soc1@58.125C VDD_IN 8669mW/8666mW VDD_CPU_GPU_CV 2621mW/2632mW VDD_SOC 2625mW/2625mW
08-04-2026 13:54:07 RAM 3827/7620MB (lfb 1x1MB) SWAP 2374/12002MB (cached 119MB) CPU [8%@1728,0%@1728,0%@1728,100%@1728,0%@1728,0%@1728] GR3D_FREQ 5% cpu@56.937C soc2@55.781C soc0@56.718C gpu@56.906C tj@58.156C soc1@58.156C VDD_IN 8669mW/8666mW VDD_CPU_GPU_CV 2621mW/2632mW VDD_SOC 2625mW/2625mW
08-04-2026 13:54:07 RAM 3827/7620MB (lfb 1x1MB) SWAP 2374/12002MB (cached 119MB) CPU [0%@1728,0%@1728,0%@1728,100%@1728,0%@1728,0%@1728] GR3D_FREQ 5% cpu@57.156C soc2@55.781C soc0@56.75C gpu@56.843C tj@58.218C soc1@58.218C VDD_IN 8669mW/8666mW VDD_CPU_GPU_CV 2621mW/2632mW VDD_SOC 2625mW/2625mW
08-04-2026 13:54:07 RAM 3827/7620MB (lfb 1x1MB) SWAP 2374/12002MB (cached 119MB) CPU [0%@1728,0%@1728,0%@1728,100%@1728,0%@1728,0%@1728] GR3D_FREQ 5% cpu@57.093C soc2@55.875C soc0@56.781C gpu@57.031C tj@58.437C soc1@58.437C VDD_IN 8669mW/8666mW VDD_CPU_GPU_CV 2621mW/2632mW VDD_SOC 2625mW/2625mW
08-04-2026 13:54:07 RAM 3827/7620MB (lfb 1x1MB) SWAP 2374/12002MB (cached 119MB) CPU [0%@1728,0%@1728,9%@1728,100%@1728,0%@1728,0%@1728] GR3D_FREQ 5% cpu@57.156C soc2@55.937C soc0@56.625C gpu@56.906C tj@58.125C soc1@58.125C VDD_IN 8656mW/8666mW VDD_CPU_GPU_CV 2621mW/2632mW VDD_SOC 2625mW/2625mW
08-04-2026 13:54:07 RAM 3827/7620MB (lfb 1x1MB) SWAP 2374/12002MB (cached 119MB) CPU [0%@1728,0%@1728,0%@1728,100%@1728,9%@1728,0%@1728] GR3D_FREQ 5% cpu@57.062C soc2@55.875C soc0@56.687C gpu@56.781C tj@58.218C soc1@58.218C VDD_IN 8656mW/8666mW VDD_CPU_GPU_CV 2621mW/2632mW VDD_SOC 2625mW/2625mW
08-04-2026 13:54:07 RAM 3827/7620MB (lfb 1x1MB) SWAP 2374/12002MB (cached 119MB) CPU [0%@1728,0%@1728,0%@1728,100%@1728,0%@1728,0%@1728] GR3D_FREQ 5% cpu@57.125C soc2@55.843C soc0@56.687C gpu@56.906C tj@58.312C soc1@58.312C VDD_IN 8669mW/8666mW VDD_CPU_GPU_CV 2621mW/2632mW VDD_SOC 2625mW/2625mW
08-04-2026 13:54:07 RAM 3827/7620MB (lfb 1x1MB) SWAP 2374/12002MB (cached 119MB) CPU [0%@1728,0%@1728,0%@1728,100%@1728,9%@1728,0%@1728] GR3D_FREQ 5% cpu@57C soc2@55.906C soc0@56.718C gpu@56.875C tj@58.375C soc1@58.375C VDD_IN 8669mW/8666mW VDD_CPU_GPU_CV 2621mW/2632mW VDD_SOC 2625mW/2625mW
08-04-2026 13:54:07 RAM 3827/7620MB (lfb 1x1MB) SWAP 2374/12002MB (cached 119MB) CPU [0%@1728,0%@1728,9%@1728,100%@1728,0%@1728,0%@1728] GR3D_FREQ 5% cpu@57.218C soc2@55.968C soc0@56.906C gpu@56.843C tj@58.437C soc1@58.437C VDD_IN 8669mW/8666mW VDD_CPU_GPU_CV 2621mW/2632mW VDD_SOC 2625mW/2625mW
08-04-2026 13:54:08 RAM 3827/7620MB (lfb 1x1MB) SWAP 2374/12002MB (cached 119MB) CPU [0%@1728,0%@1728,0%@1728,100%@1728,0%@1728,0%@1728] GR3D_FREQ 5% cpu@57.093C soc2@55.843C soc0@56.625C gpu@56.968C tj@58.156C soc1@58.156C VDD_IN 8669mW/8666mW VDD_CPU_GPU_CV 2621mW/2632mW VDD_SOC 2625mW/2625mW
08-04-2026 13:54:08 RAM 3827/7620MB (lfb 1x1MB) SWAP 2374/12002MB (cached 119MB) CPU [0%@1728,8%@1728,0%@1728,100%@1728,0%@1728,0%@1728] GR3D_FREQ 5% cpu@57.125C soc2@55.843C soc0@56.718C gpu@56.875C tj@58.187C soc1@58.187C VDD_IN 8669mW/8666mW VDD_CPU_GPU_CV 2621mW/2632mW VDD_SOC 2625mW/2625mW
08-04-2026 13:54:08 RAM 3827/7620MB (lfb 1x1MB) SWAP 2374/12002MB (cached 119MB) CPU [0%@1728,0%@1728,11%@1728,100%@1728,0%@1728,9%@1728] GR3D_FREQ 5% cpu@57.062C soc2@55.812C soc0@56.781C gpu@56.781C tj@58.281C soc1@58.281C VDD_IN 8697mW/8666mW VDD_CPU_GPU_CV 2662mW/2632mW VDD_SOC 2625mW/2625mW
08-04-2026 13:54:08 RAM 3827/7620MB (lfb 1x1MB) SWAP 2374/12002MB (cached 119MB) CPU [0%@1728,0%@1728,0%@1728,100%@1728,0%@1728,0%@1728] GR3D_FREQ 5% cpu@57.187C soc2@55.875C soc0@56.906C gpu@56.843C tj@58.406C soc1@58.406C VDD_IN 8697mW/8666mW VDD_CPU_GPU_CV 2662mW/2632mW VDD_SOC 2625mW/2625mW
08-04-2026 13:54:08 RAM 3827/7620MB (lfb 1x1MB) SWAP 2374/12002MB (cached 119MB) CPU [0%@1728,0%@1728,0%@1728,100%@1728,0%@1728,0%@1728] GR3D_FREQ 5% cpu@57.156C soc2@55.812C soc0@56.687C gpu@56.875C tj@58.218C soc1@58.218C VDD_IN 8697mW/8666mW VDD_CPU_GPU_CV 2662mW/2632mW VDD_SOC 2625mW/2625mW
08-04-2026 13:54:08 RAM 3827/7620MB (lfb 1x1MB) SWAP 2374/12002MB (cached 119MB) CPU [9%@1728,9%@1728,0%@1728,100%@1728,0%@1728,0%@1728] GR3D_FREQ 5% cpu@57.031C soc2@55.843C soc0@56.781C gpu@56.812C tj@58.25C soc1@58.25C VDD_IN 8697mW/8666mW VDD_CPU_GPU_CV 2662mW/2632mW VDD_SOC 2625mW/2625mW
08-04-2026 13:54:08 RAM 3827/7620MB (lfb 1x1MB) SWAP 2374/12002MB (cached 119MB) CPU [0%@1728,0%@1728,0%@1728,100%@1728,9%@1728,0%@1728] GR3D_FREQ 5% cpu@57.062C soc2@55.875C soc0@56.718C gpu@57.125C tj@58.406C soc1@58.406C VDD_IN 8697mW/8666mW VDD_CPU_GPU_CV 2662mW/2632mW VDD_SOC 2625mW/2625mW
08-04-2026 13:54:08 RAM 3827/7620MB (lfb 1x1MB) SWAP 2374/12002MB (cached 119MB) CPU [0%@1728,0%@1728,0%@1728,100%@1728,0%@1728,0%@1728] GR3D_FREQ 5% cpu@57.406C soc2@55.843C soc0@56.812C gpu@56.875C tj@58.187C soc1@58.187C VDD_IN 8697mW/8666mW VDD_CPU_GPU_CV 2662mW/2632mW VDD_SOC 2625mW/2625mW
08-04-2026 13:54:08 RAM 3827/7620MB (lfb 1x1MB) SWAP 2374/12002MB (cached 119MB) CPU [0%@1728,0%@1728,0%@1728,100%@1728,0%@1728,0%@1728] GR3D_FREQ 5% cpu@57.593C soc2@55.812C soc0@56.593C gpu@57.375C tj@58.187C soc1@58.187C VDD_IN 8697mW/8666mW VDD_CPU_GPU_CV 2662mW/2632mW VDD_SOC 2625mW/2625mW
08-04-2026 13:54:09 RAM 3827/7620MB (lfb 1x1MB) SWAP 2374/12002MB (cached 119MB) CPU [9%@1728,0%@1728,0%@1728,100%@1728,0%@1728,0%@1728] GR3D_FREQ 5% cpu@57.031C soc2@55.781C soc0@56.718C gpu@57.093C tj@58.218C soc1@58.218C VDD_IN 8697mW/8666mW VDD_CPU_GPU_CV 2662mW/2632mW VDD_SOC 2625mW/2625mW
08-04-2026 13:54:09 RAM 3827/7620MB (lfb 1x1MB) SWAP 2374/12002MB (cached 119MB) CPU [0%@1728,0%@1728,0%@1728,100%@1728,0%@1728,0%@1728] GR3D_FREQ 5% cpu@57.031C soc2@55.875C soc0@56.718C gpu@56.843C tj@58.375C soc1@58.375C VDD_IN 8656mW/8666mW VDD_CPU_GPU_CV 2621mW/2632mW VDD_SOC 2625mW/2625mW
08-04-2026 13:54:09 RAM 3827/7620MB (lfb 1x1MB) SWAP 2374/12002MB (cached 119MB) CPU [0%@1728,0%@1728,0%@1728,100%@1728,0%@1728,0%@1728] GR3D_FREQ 5% cpu@57.343C soc2@55.875C soc0@56.781C gpu@57.281C tj@58.437C soc1@58.437C VDD_IN 8656mW/8666mW VDD_CPU_GPU_CV 2621mW/2632mW VDD_SOC 2625mW/2625mW
08-04-2026 13:54:09 RAM 3827/7620MB (lfb 1x1MB) SWAP 2374/12002MB (cached 119MB) CPU [0%@1728,0%@1728,8%@1728,100%@1728,8%@1728,0%@1728] GR3D_FREQ 5% cpu@57.406C soc2@55.843C soc0@56.562C gpu@57.125C tj@58.25C soc1@58.25C VDD_IN 8656mW/8666mW VDD_CPU_GPU_CV 2621mW/2632mW VDD_SOC 2625mW/2625mW
08-04-2026 13:54:09 RAM 3827/7620MB (lfb 1x1MB) SWAP 2374/12002MB (cached 119MB) CPU [0%@1728,0%@1728,9%@1728,100%@1728,0%@1728,0%@1728] GR3D_FREQ 5% cpu@57.093C soc2@55.75C soc0@56.75C gpu@56.843C tj@58.156C soc1@58.156C VDD_IN 8656mW/8666mW VDD_CPU_GPU_CV 2621mW/2632mW VDD_SOC 2625mW/2625mW
08-04-2026 13:54:09 RAM 3827/7620MB (lfb 1x1MB) SWAP 2374/12002MB (cached 119MB) CPU [0%@1728,9%@1728,0%@1728,100%@1728,9%@1728,0%@1728] GR3D_FREQ 5% cpu@57.062C soc2@55.812C soc0@56.656C gpu@57.156C tj@58.218C soc1@58.218C VDD_IN 8656mW/8666mW VDD_CPU_GPU_CV 2621mW/2632mW VDD_SOC 2625mW/2625mW
08-04-2026 13:54:09 RAM 3827/7620MB (lfb 1x1MB) SWAP 2374/12002MB (cached 119MB) CPU [0%@1728,0%@1728,0%@1728,100%@1728,0%@1728,0%@1728] GR3D_FREQ 5% cpu@57.25C soc2@55.906C soc0@56.812C gpu@57.062C tj@58.312C soc1@58.437C VDD_IN 8656mW/8666mW VDD_CPU_GPU_CV 2621mW/2632mW VDD_SOC 2625mW/2625mW
08-04-2026 13:54:09 RAM 3827/7620MB (lfb 1x1MB) SWAP 2374/12002MB (cached 119MB) CPU [0%@1728,0%@1728,0%@1728,100%@1728,0%@1728,0%@1728] GR3D_FREQ 5% cpu@57.375C soc2@55.875C soc0@56.687C gpu@56.875C tj@58.187C soc1@58.187C VDD_IN 8656mW/8666mW VDD_CPU_GPU_CV 2621mW/2632mW VDD_SOC 2625mW/2625mW
08-04-2026 13:54:09 RAM 3827/7620MB (lfb 1x1MB) SWAP 2374/12002MB (cached 119MB) CPU [0%@1728,0%@1728,0%@1728,100%@1728,0%@1728,18%@1728] GR3D_FREQ 5% cpu@57.093C soc2@55.812C soc0@56.718C gpu@57.25C tj@58.25C soc1@58.25C VDD_IN 8697mW/8666mW VDD_CPU_GPU_CV 2662mW/2632mW VDD_SOC 2625mW/2625mW
08-04-2026 13:54:09 RAM 3827/7620MB (lfb 1x1MB) SWAP 2374/12002MB (cached 119MB) CPU [0%@1728,0%@1728,0%@1728,100%@1728,0%@1728,9%@1728] GR3D_FREQ 5% cpu@57.062C soc2@55.812C soc0@56.687C gpu@57.062C tj@58.25C soc1@58.25C VDD_IN 8656mW/8666mW VDD_CPU_GPU_CV 2621mW/2632mW VDD_SOC 2625mW/2625mW
08-04-2026 13:54:10 RAM 3827/7620MB (lfb 1x1MB) SWAP 2374/12002MB (cached 119MB) CPU [0%@1728,0%@1728,9%@1728,100%@1728,0%@1728,0%@1728] GR3D_FREQ 5% cpu@57.125C soc2@55.906C soc0@56.812C gpu@56.875C tj@58.312C soc1@58.312C VDD_IN 8656mW/8666mW VDD_CPU_GPU_CV 2621mW/2632mW VDD_SOC 2625mW/2625mW
08-04-2026 13:54:10 RAM 3827/7620MB (lfb 1x1MB) SWAP 2374/12002MB (cached 119MB) CPU [0%@1728,0%@1728,0%@1728,100%@1728,0%@1728,0%@1728] GR3D_FREQ 5% cpu@57.312C soc2@55.875C soc0@56.843C gpu@57.156C tj@58.25C soc1@58.25C VDD_IN 8656mW/8666mW VDD_CPU_GPU_CV 2621mW/2632mW VDD_SOC 2625mW/2625mW
08-04-2026 13:54:10 RAM 3827/7620MB (lfb 1x1MB) SWAP 2374/12002MB (cached 119MB) CPU [0%@1728,0%@1728,0%@1728,100%@1728,8%@1728,54%@1728] GR3D_FREQ 5% cpu@57.437C soc2@55.781C soc0@56.625C gpu@57.031C tj@58.25C soc1@58.25C VDD_IN 8738mW/8666mW VDD_CPU_GPU_CV 2703mW/2632mW VDD_SOC 2625mW/2625mW
08-04-2026 13:54:10 RAM 3827/7620MB (lfb 1x1MB) SWAP 2374/12002MB (cached 119MB) CPU [0%@1728,0%@1728,0%@1728,100%@1728,0%@1728,0%@1728] GR3D_FREQ 5% cpu@57.062C soc2@55.843C soc0@56.625C gpu@56.937C tj@58.25C soc1@58.25C VDD_IN 8738mW/8666mW VDD_CPU_GPU_CV 2703mW/2632mW VDD_SOC 2625mW/2625mW
08-04-2026 13:54:10 RAM 3827/7620MB (lfb 1x1MB) SWAP 2374/12002MB (cached 119MB) CPU [0%@1728,0%@1728,0%@1728,100%@1728,9%@1728,0%@1728] GR3D_FREQ 5% cpu@57.062C soc2@55.812C soc0@56.75C gpu@57.187C tj@58.375C soc1@58.375C VDD_IN 8738mW/8666mW VDD_CPU_GPU_CV 2662mW/2632mW VDD_SOC 2625mW/2625mW
08-04-2026 13:54:10 RAM 3827/7620MB (lfb 1x1MB) SWAP 2374/12002MB (cached 119MB) CPU [9%@1728,9%@1728,9%@1728,100%@1728,0%@1728,0%@1728] GR3D_FREQ 5% cpu@57.281C soc2@55.812C soc0@56.781C gpu@57C tj@58.406C soc1@58.406C VDD_IN 8738mW/8666mW VDD_CPU_GPU_CV 2703mW/2632mW VDD_SOC 2625mW/2625mW
08-04-2026 13:54:10 RAM 3827/7620MB (lfb 1x1MB) SWAP 2374/12002MB (cached 119MB) CPU [0%@1728,0%@1728,0%@1728,100%@1728,0%@1728,0%@1728] GR3D_FREQ 5% cpu@57.468C soc2@55.781C soc0@56.593C gpu@56.906C tj@58.218C soc1@58.218C VDD_IN 8738mW/8666mW VDD_CPU_GPU_CV 2662mW/2632mW VDD_SOC 2625mW/2625mW
08-04-2026 13:54:10 RAM 3827/7620MB (lfb 1x1MB) SWAP 2374/12002MB (cached 119MB) CPU [0%@1728,0%@1728,0%@1728,100%@1728,0%@1728,0%@1728] GR3D_FREQ 5% cpu@57.125C soc2@55.812C soc0@56.656C gpu@57.156C tj@58.218C soc1@58.218C VDD_IN 8697mW/8666mW VDD_CPU_GPU_CV 2662mW/2632mW VDD_SOC 2625mW/2625mW
08-04-2026 13:54:10 RAM 3827/7620MB (lfb 1x1MB) SWAP 2374/12002MB (cached 119MB) CPU [16%@1728,0%@1728,0%@1728,100%@1728,9%@1728,0%@1728] GR3D_FREQ 5% cpu@57.093C soc2@55.812C soc0@56.656C gpu@57.031C tj@58.281C soc1@58.281C VDD_IN 8697mW/8667mW VDD_CPU_GPU_CV 2662mW/2632mW VDD_SOC 2625mW/2625mW
08-04-2026 13:54:11 RAM 3827/7620MB (lfb 1x1MB) SWAP 2374/12002MB (cached 119MB) CPU [0%@1728,0%@1728,0%@1728,100%@1728,0%@1728,0%@1728] GR3D_FREQ 5% cpu@57.375C soc2@55.843C soc0@56.812C gpu@56.906C tj@58.312C soc1@58.312C VDD_IN 8697mW/8667mW VDD_CPU_GPU_CV 2662mW/2632mW VDD_SOC 2625mW/2625mW
08-04-2026 13:54:11 RAM 3827/7620MB (lfb 1x1MB) SWAP 2374/12002MB (cached 119MB) CPU [0%@1728,0%@1728,9%@1728,100%@1728,0%@1728,0%@1728] GR3D_FREQ 5% cpu@57.375C soc2@55.875C soc0@56.625C gpu@57.125C tj@58.187C soc1@58.187C VDD_IN 8656mW/8667mW VDD_CPU_GPU_CV 2662mW/2632mW VDD_SOC 2625mW/2625mW
08-04-2026 13:54:11 RAM 3827/7620MB (lfb 1x1MB) SWAP 2374/12002MB (cached 119MB) CPU [9%@1728,0%@1728,0%@1728,100%@1728,0%@1728,0%@1728] GR3D_FREQ 5% cpu@57.437C soc2@55.812C soc0@56.656C gpu@57.031C tj@58.187C soc1@58.187C VDD_IN 8656mW/8667mW VDD_CPU_GPU_CV 2621mW/2632mW VDD_SOC 2625mW/2625mW
08-04-2026 13:54:11 RAM 3827/7620MB (lfb 1x1MB) SWAP 2374/12002MB (cached 119MB) CPU [0%@1728,0%@1728,0%@1728,100%@1728,0%@1728,0%@1728] GR3D_FREQ 5% cpu@56.968C soc2@55.875C soc0@56.718C gpu@56.968C tj@58.281C soc1@58.281C VDD_IN 8656mW/8667mW VDD_CPU_GPU_CV 2621mW/2632mW VDD_SOC 2625mW/2625mW
08-04-2026 13:54:11 RAM 3835/7620MB (lfb 1x1MB) SWAP 2374/12002MB (cached 119MB) CPU [0%@1728,27%@1728,10%@1728,100%@1728,0%@1728,0%@1728] GR3D_FREQ 4% cpu@57.312C soc2@55.843C soc0@56.812C gpu@57.062C tj@58.468C soc1@58.468C VDD_IN 8738mW/8667mW VDD_CPU_GPU_CV 2662mW/2632mW VDD_SOC 2625mW/2625mW
08-04-2026 13:54:11 RAM 3831/7620MB (lfb 1x1MB) SWAP 2374/12002MB (cached 119MB) CPU [0%@1728,0%@1728,9%@1728,100%@1728,9%@1728,0%@1728] GR3D_FREQ 5% cpu@57.281C soc2@55.937C soc0@56.687C gpu@57.031C tj@58.125C soc1@58.125C VDD_IN 8738mW/8667mW VDD_CPU_GPU_CV 2662mW/2632mW VDD_SOC 2625mW/2625mW
08-04-2026 13:54:11 RAM 3831/7620MB (lfb 1x1MB) SWAP 2374/12002MB (cached 119MB) CPU [9%@1728,0%@1728,0%@1728,100%@1728,0%@1728,0%@1728] GR3D_FREQ 5% cpu@57.468C soc2@55.812C soc0@56.656C gpu@56.906C tj@58.187C soc1@58.187C VDD_IN 8738mW/8667mW VDD_CPU_GPU_CV 2662mW/2633mW VDD_SOC 2625mW/2625mW
08-04-2026 13:54:11 RAM 3831/7620MB (lfb 1x1MB) SWAP 2374/12002MB (cached 119MB) CPU [0%@1728,0%@1728,0%@1728,100%@1728,0%@1728,0%@1728] GR3D_FREQ 5% cpu@57.187C soc2@55.843C soc0@56.625C gpu@56.781C tj@58.312C soc1@58.312C VDD_IN 8697mW/8667mW VDD_CPU_GPU_CV 2662mW/2633mW VDD_SOC 2625mW/2625mW
08-04-2026 13:54:11 RAM 3831/7620MB (lfb 1x1MB) SWAP 2374/12002MB (cached 119MB) CPU [0%@1728,0%@1728,0%@1728,100%@1728,0%@1728,0%@1728] GR3D_FREQ 5% cpu@57.218C soc2@55.843C soc0@56.75C gpu@56.937C tj@58.375C soc1@58.375C VDD_IN 8697mW/8667mW VDD_CPU_GPU_CV 2662mW/2633mW VDD_SOC 2625mW/2625mW
08-04-2026 13:54:11 RAM 3831/7620MB (lfb 1x1MB) SWAP 2374/12002MB (cached 119MB) CPU [0%@1728,0%@1728,9%@1728,100%@1728,0%@1728,0%@1728] GR3D_FREQ 5% cpu@57.343C soc2@55.812C soc0@56.593C gpu@56.781C tj@58.125C soc1@58.125C VDD_IN 8697mW/8667mW VDD_CPU_GPU_CV 2662mW/2633mW VDD_SOC 2625mW/2625mW
08-04-2026 13:54:12 RAM 3831/7620MB (lfb 1x1MB) SWAP 2374/12002MB (cached 119MB) CPU [0%@1728,0%@1728,0%@1728,100%@1728,0%@1728,0%@1728] GR3D_FREQ 5% cpu@57.25C soc2@55.812C soc0@56.593C gpu@56.875C tj@58.187C soc1@58.187C VDD_IN 8656mW/8667mW VDD_CPU_GPU_CV 2662mW/2633mW VDD_SOC 2625mW/2625mW
08-04-2026 13:54:12 RAM 3831/7620MB (lfb 1x1MB) SWAP 2374/12002MB (cached 119MB) CPU [9%@1728,0%@1728,0%@1728,100%@1728,0%@1728,0%@1728] GR3D_FREQ 5% cpu@57.125C soc2@55.812C soc0@56.656C gpu@56.937C tj@58.218C soc1@58.218C VDD_IN 8656mW/8667mW VDD_CPU_GPU_CV 2662mW/2633mW VDD_SOC 2625mW/2625mW
08-04-2026 13:54:12 RAM 3831/7620MB (lfb 1x1MB) SWAP 2374/12002MB (cached 119MB) CPU [0%@1728,0%@1728,0%@1728,100%@1728,0%@1728,0%@1728] GR3D_FREQ 5% cpu@57.156C soc2@55.812C soc0@56.781C gpu@56.812C tj@58.312C soc1@58.312C VDD_IN 8656mW/8667mW VDD_CPU_GPU_CV 2621mW/2633mW VDD_SOC 2625mW/2625mW
08-04-2026 13:54:12 RAM 3831/7620MB (lfb 1x1MB) SWAP 2374/12002MB (cached 119MB) CPU [0%@1728,0%@1728,0%@1728,100%@1728,0%@1728,0%@1728] GR3D_FREQ 5% cpu@57.281C soc2@55.875C soc0@56.531C gpu@56.812C tj@58.125C soc1@58.125C VDD_IN 8656mW/8667mW VDD_CPU_GPU_CV 2621mW/2633mW VDD_SOC 2625mW/2625mW
08-04-2026 13:54:12 RAM 3831/7620MB (lfb 1x1MB) SWAP 2374/12002MB (cached 119MB) CPU [0%@1728,0%@1728,0%@1728,100%@1728,8%@1728,0%@1728] GR3D_FREQ 5% cpu@57.406C soc2@55.718C soc0@56.656C gpu@56.968C tj@58.156C soc1@58.156C VDD_IN 8656mW/8667mW VDD_CPU_GPU_CV 2621mW/2633mW VDD_SOC 2625mW/2625mW
08-04-2026 13:54:12 RAM 3831/7620MB (lfb 1x1MB) SWAP 2374/12002MB (cached 119MB) CPU [0%@1728,0%@1728,0%@1728,100%@1728,0%@1728,0%@1728] GR3D_FREQ 5% cpu@57.156C soc2@55.718C soc0@56.687C gpu@56.875C tj@58.156C soc1@58.218C VDD_IN 8656mW/8667mW VDD_CPU_GPU_CV 2662mW/2633mW VDD_SOC 2625mW/2625mW
08-04-2026 13:54:12 RAM 3831/7620MB (lfb 1x1MB) SWAP 2374/12002MB (cached 119MB) CPU [0%@1728,0%@1728,0%@1728,100%@1728,9%@1728,0%@1728] GR3D_FREQ 5% cpu@57.25C soc2@55.812C soc0@56.75C gpu@56.75C tj@58.281C soc1@58.281C VDD_IN 8656mW/8667mW VDD_CPU_GPU_CV 2621mW/2633mW VDD_SOC 2625mW/2625mW
08-04-2026 13:54:12 RAM 3831/7620MB (lfb 1x1MB) SWAP 2374/12002MB (cached 119MB) CPU [0%@1728,0%@1728,0%@1728,100%@1728,0%@1728,0%@1728] GR3D_FREQ 5% cpu@57.218C soc2@55.875C soc0@56.843C gpu@56.906C tj@58.468C soc1@58.468C VDD_IN 8656mW/8667mW VDD_CPU_GPU_CV 2621mW/2633mW VDD_SOC 2625mW/2625mW
08-04-2026 13:54:12 RAM 3831/7620MB (lfb 1x1MB) SWAP 2374/12002MB (cached 119MB) CPU [9%@1728,0%@1728,0%@1728,100%@1728,0%@1728,0%@1728] GR3D_FREQ 5% cpu@57.281C soc2@55.781C soc0@56.562C gpu@56.875C tj@58.125C soc1@58.125C VDD_IN 8656mW/8667mW VDD_CPU_GPU_CV 2621mW/2633mW VDD_SOC 2625mW/2625mW
08-04-2026 13:54:13 RAM 3831/7620MB (lfb 1x1MB) SWAP 2374/12002MB (cached 119MB) CPU [0%@1728,0%@1728,0%@1728,100%@1728,0%@1728,0%@1728] GR3D_FREQ 5% cpu@57.406C soc2@55.812C soc0@56.625C gpu@56.781C tj@58.125C soc1@58.125C VDD_IN 8656mW/8667mW VDD_CPU_GPU_CV 2621mW/2633mW VDD_SOC 2625mW/2625mW
08-04-2026 13:54:13 RAM 3831/7620MB (lfb 1x1MB) SWAP 2374/12002MB (cached 119MB) CPU [0%@1728,0%@1728,0%@1728,100%@1728,0%@1728,0%@1728] GR3D_FREQ 5% cpu@57.187C soc2@55.875C soc0@56.687C gpu@56.875C tj@58.281C soc1@58.281C VDD_IN 8656mW/8667mW VDD_CPU_GPU_CV 2621mW/2633mW VDD_SOC 2625mW/2625mW
08-04-2026 13:54:13 RAM 3831/7620MB (lfb 1x1MB) SWAP 2374/12002MB (cached 119MB) CPU [0%@1728,0%@1728,0%@1728,100%@1728,0%@1728,0%@1728] GR3D_FREQ 5% cpu@57.156C soc2@55.875C soc0@56.843C gpu@56.812C tj@58.437C soc1@58.437C VDD_IN 8656mW/8667mW VDD_CPU_GPU_CV 2621mW/2633mW VDD_SOC 2625mW/2625mW
08-04-2026 13:54:13 RAM 3831/7620MB (lfb 1x1MB) SWAP 2374/12002MB (cached 119MB) CPU [16%@1728,0%@1728,0%@1728,100%@1728,0%@1728,0%@1728] GR3D_FREQ 5% cpu@57.218C soc2@55.875C soc0@56.531C gpu@56.781C tj@58.25C soc1@58.25C VDD_IN 8656mW/8667mW VDD_CPU_GPU_CV 2621mW/2633mW VDD_SOC 2625mW/2625mW
08-04-2026 13:54:13 RAM 3831/7620MB (lfb 1x1MB) SWAP 2374/12002MB (cached 119MB) CPU [0%@1728,0%@1728,0%@1728,100%@1728,0%@1728,0%@1728] GR3D_FREQ 5% cpu@57.375C soc2@55.906C soc0@56.5C gpu@56.906C tj@58.125C soc1@58.125C VDD_IN 8669mW/8667mW VDD_CPU_GPU_CV 2621mW/2633mW VDD_SOC 2625mW/2625mW
08-04-2026 13:54:13 RAM 3831/7620MB (lfb 1x1MB) SWAP 2374/12002MB (cached 119MB) CPU [0%@1728,0%@1728,0%@1728,100%@1728,0%@1728,0%@1728] GR3D_FREQ 5% cpu@57.187C soc2@55.812C soc0@56.687C gpu@56.843C tj@58.187C soc1@58.187C VDD_IN 8656mW/8667mW VDD_CPU_GPU_CV 2621mW/2633mW VDD_SOC 2625mW/2625mW
08-04-2026 13:54:13 RAM 3831/7620MB (lfb 1x1MB) SWAP 2374/12002MB (cached 119MB) CPU [9%@1728,0%@1728,0%@1728,100%@1728,0%@1728,9%@1728] GR3D_FREQ 5% cpu@57.156C soc2@55.843C soc0@56.718C gpu@57.281C tj@58.343C soc1@58.343C VDD_IN 8656mW/8667mW VDD_CPU_GPU_CV 2621mW/2633mW VDD_SOC 2625mW/2625mW
08-04-2026 13:54:13 RAM 3831/7620MB (lfb 1x1MB) SWAP 2374/12002MB (cached 119MB) CPU [0%@1728,0%@1728,0%@1728,100%@1728,0%@1728,0%@1728] GR3D_FREQ 5% cpu@57.218C soc2@55.937C soc0@56.593C gpu@56.906C tj@58.218C soc1@58.218C VDD_IN 8656mW/8667mW VDD_CPU_GPU_CV 2621mW/2633mW VDD_SOC 2625mW/2625mW
08-04-2026 13:54:13 RAM 3831/7620MB (lfb 1x1MB) SWAP 2374/12002MB (cached 119MB) CPU [0%@1728,0%@1728,0%@1728,100%@1728,0%@1728,0%@1728] GR3D_FREQ 5% cpu@57.281C soc2@55.781C soc0@56.593C gpu@56.843C tj@58.062C soc1@58.062C VDD_IN 8656mW/8667mW VDD_CPU_GPU_CV 2621mW/2633mW VDD_SOC 2625mW/2625mW
08-04-2026 13:54:13 RAM 3831/7620MB (lfb 1x1MB) SWAP 2374/12002MB (cached 119MB) CPU [0%@1728,9%@1728,0%@1728,100%@1728,0%@1728,0%@1728] GR3D_FREQ 5% cpu@57.156C soc2@55.812C soc0@56.687C gpu@57.312C tj@58.25C soc1@58.25C VDD_IN 8656mW/8667mW VDD_CPU_GPU_CV 2621mW/2633mW VDD_SOC 2625mW/2625mW
08-04-2026 13:54:14 RAM 3831/7620MB (lfb 1x1MB) SWAP 2374/12002MB (cached 119MB) CPU [0%@1728,0%@1728,0%@1728,100%@1728,0%@1728,0%@1728] GR3D_FREQ 5% cpu@57.187C soc2@55.843C soc0@56.781C gpu@57.125C tj@58.343C soc1@58.343C VDD_IN 8656mW/8667mW VDD_CPU_GPU_CV 2621mW/2633mW VDD_SOC 2625mW/2625mW
08-04-2026 13:54:14 RAM 3831/7620MB (lfb 1x1MB) SWAP 2374/12002MB (cached 119MB) CPU [0%@1728,9%@1728,0%@1728,100%@1728,0%@1728,0%@1728] GR3D_FREQ 5% cpu@57.187C soc2@55.875C soc0@56.843C gpu@56.812C tj@58.125C soc1@58.125C VDD_IN 8669mW/8667mW VDD_CPU_GPU_CV 2621mW/2632mW VDD_SOC 2625mW/2625mW
08-04-2026 13:54:14 RAM 3831/7620MB (lfb 1x1MB) SWAP 2374/12002MB (cached 119MB) CPU [8%@1728,0%@1728,0%@1728,100%@1728,0%@1728,9%@1728] GR3D_FREQ 5% cpu@57.25C soc2@55.781C soc0@56.5C gpu@57.25C tj@58.125C soc1@58.125C VDD_IN 8669mW/8667mW VDD_CPU_GPU_CV 2621mW/2632mW VDD_SOC 2625mW/2625mW
08-04-2026 13:54:14 RAM 3831/7620MB (lfb 1x1MB) SWAP 2374/12002MB (cached 119MB) CPU [9%@1728,0%@1728,0%@1728,100%@1728,0%@1728,0%@1728] GR3D_FREQ 5% cpu@57.093C soc2@55.812C soc0@56.687C gpu@57.062C tj@58.156C soc1@58.156C VDD_IN 8669mW/8667mW VDD_CPU_GPU_CV 2621mW/2632mW VDD_SOC 2625mW/2625mW
08-04-2026 13:54:14 RAM 3831/7620MB (lfb 1x1MB) SWAP 2374/12002MB (cached 119MB) CPU [0%@1728,0%@1728,0%@1728,100%@1728,0%@1728,0%@1728] GR3D_FREQ 5% cpu@57.156C soc2@55.843C soc0@56.687C gpu@56.781C tj@58.25C soc1@58.25C VDD_IN 8656mW/8667mW VDD_CPU_GPU_CV 2621mW/2632mW VDD_SOC 2625mW/2625mW
08-04-2026 13:54:14 RAM 3831/7620MB (lfb 1x1MB) SWAP 2374/12002MB (cached 119MB) CPU [0%@1728,0%@1728,10%@1728,100%@1728,0%@1728,0%@1728] GR3D_FREQ 5% cpu@57.25C soc2@55.843C soc0@56.812C gpu@57.218C tj@58.437C soc1@58.437C VDD_IN 8656mW/8667mW VDD_CPU_GPU_CV 2662mW/2632mW VDD_SOC 2625mW/2625mW
08-04-2026 13:54:14 RAM 3833/7620MB (lfb 1x1MB) SWAP 2374/12002MB (cached 119MB) CPU [0%@1728,18%@1728,0%@1728,100%@1728,0%@1728,9%@1728] GR3D_FREQ 5% cpu@57.312C soc2@55.718C soc0@56.593C gpu@57.031C tj@58.031C soc1@58.031C VDD_IN 8738mW/8667mW VDD_CPU_GPU_CV 2662mW/2633mW VDD_SOC 2625mW/2625mW
08-04-2026 13:54:14 RAM 3820/7620MB (lfb 1x1MB) SWAP 2374/12002MB (cached 119MB) CPU [0%@1728,0%@1728,0%@1728,100%@1728,8%@1728,9%@1728] GR3D_FREQ 5% cpu@57.125C soc2@55.812C soc0@56.687C gpu@56.75C tj@58.187C soc1@58.187C VDD_IN 8738mW/8667mW VDD_CPU_GPU_CV 2703mW/2633mW VDD_SOC 2625mW/2625mW
08-04-2026 13:54:14 RAM 3820/7620MB (lfb 1x1MB) SWAP 2374/12002MB (cached 119MB) CPU [0%@1728,0%@1728,0%@1728,100%@1728,0%@1728,0%@1728] GR3D_FREQ 5% cpu@57.156C soc2@55.812C soc0@56.625C gpu@57.093C tj@58.25C soc1@58.25C VDD_IN 8697mW/8667mW VDD_CPU_GPU_CV 2662mW/2633mW VDD_SOC 2625mW/2625mW
08-04-2026 13:54:15 RAM 3820/7620MB (lfb 1x1MB) SWAP 2374/12002MB (cached 119MB) CPU [0%@1728,0%@1728,0%@1728,100%@1728,0%@1728,0%@1728] GR3D_FREQ 5% cpu@57.125C soc2@55.843C soc0@56.75C gpu@57.093C tj@58.093C soc1@58.093C VDD_IN 8697mW/8667mW VDD_CPU_GPU_CV 2662mW/2633mW VDD_SOC 2625mW/2625mW
08-04-2026 13:54:15 RAM 3820/7620MB (lfb 1x1MB) SWAP 2374/12002MB (cached 119MB) CPU [9%@1728,0%@1728,0%@1728,100%@1728,0%@1728,0%@1728] GR3D_FREQ 5% cpu@57.218C soc2@55.75C soc0@56.625C gpu@56.812C tj@58.093C soc1@58.093C VDD_IN 8697mW/8667mW VDD_CPU_GPU_CV 2662mW/2633mW VDD_SOC 2625mW/2625mW
08-04-2026 13:54:15 RAM 3820/7620MB (lfb 1x1MB) SWAP 2374/12002MB (cached 119MB) CPU [0%@1728,9%@1728,0%@1728,100%@1728,0%@1728,0%@1728] GR3D_FREQ 5% cpu@57.031C soc2@55.75C soc0@56.656C gpu@57.156C tj@58.156C soc1@58.156C VDD_IN 8656mW/8667mW VDD_CPU_GPU_CV 2662mW/2633mW VDD_SOC 2625mW/2625mW
08-04-2026 13:54:15 RAM 3820/7620MB (lfb 1x1MB) SWAP 2374/12002MB (cached 119MB) CPU [0%@1728,0%@1728,0%@1728,100%@1728,0%@1728,0%@1728] GR3D_FREQ 5% cpu@57.062C soc2@55.812C soc0@56.687C gpu@57C tj@58.218C soc1@58.218C VDD_IN 8656mW/8667mW VDD_CPU_GPU_CV 2621mW/2633mW VDD_SOC 2625mW/2625mW
08-04-2026 13:54:15 RAM 3820/7620MB (lfb 1x1MB) SWAP 2374/12002MB (cached 119MB) CPU [0%@1728,0%@1728,0%@1728,100%@1728,0%@1728,0%@1728] GR3D_FREQ 5% cpu@57.031C soc2@55.937C soc0@56.718C gpu@57.375C tj@58.437C soc1@58.437C VDD_IN 8656mW/8667mW VDD_CPU_GPU_CV 2621mW/2633mW VDD_SOC 2625mW/2625mW
08-04-2026 13:54:15 RAM 3820/7620MB (lfb 1x1MB) SWAP 2374/12002MB (cached 119MB) CPU [0%@1728,0%@1728,0%@1728,100%@1728,0%@1728,8%@1728] GR3D_FREQ 5% cpu@57.093C soc2@55.937C soc0@56.562C gpu@57.125C tj@58.093C soc1@58.093C VDD_IN 8656mW/8667mW VDD_CPU_GPU_CV 2621mW/2633mW VDD_SOC 2625mW/2625mW
08-04-2026 13:54:15 RAM 3820/7620MB (lfb 1x1MB) SWAP 2374/12002MB (cached 119MB) CPU [0%@1728,0%@1728,0%@1728,100%@1728,0%@1728,0%@1728] GR3D_FREQ 5% cpu@57.031C soc2@55.812C soc0@56.656C gpu@56.937C tj@58.187C soc1@58.187C VDD_IN 8656mW/8667mW VDD_CPU_GPU_CV 2621mW/2633mW VDD_SOC 2625mW/2625mW
08-04-2026 13:54:15 RAM 3820/7620MB (lfb 1x1MB) SWAP 2374/12002MB (cached 119MB) CPU [0%@1728,0%@1728,9%@1728,100%@1728,0%@1728,0%@1728] GR3D_FREQ 5% cpu@57.031C soc2@55.812C soc0@56.562C gpu@57.281C tj@58.25C soc1@58.25C VDD_IN 8656mW/8667mW VDD_CPU_GPU_CV 2621mW/2633mW VDD_SOC 2625mW/2625mW
08-04-2026 13:54:15 RAM 3820/7620MB (lfb 1x1MB) SWAP 2374/12002MB (cached 119MB) CPU [0%@1728,0%@1728,0%@1728,100%@1728,0%@1728,0%@1728] GR3D_FREQ 5% cpu@57.093C soc2@55.812C soc0@56.781C gpu@57.093C tj@58.312C soc1@58.312C VDD_IN 8656mW/8667mW VDD_CPU_GPU_CV 2621mW/2633mW VDD_SOC 2625mW/2625mW
08-04-2026 13:54:15 RAM 3820/7620MB (lfb 1x1MB) SWAP 2374/12002MB (cached 119MB) CPU [0%@1728,0%@1728,0%@1728,100%@1728,0%@1728,0%@1728] GR3D_FREQ 5% cpu@57.218C soc2@55.906C soc0@56.593C gpu@57C tj@58.062C soc1@58.062C VDD_IN 8656mW/8667mW VDD_CPU_GPU_CV 2621mW/2633mW VDD_SOC 2625mW/2625mW
08-04-2026 13:54:16 RAM 3820/7620MB (lfb 1x1MB) SWAP 2374/12002MB (cached 119MB) CPU [0%@1728,9%@1728,0%@1728,100%@1728,0%@1728,0%@1728] GR3D_FREQ 5% cpu@57.093C soc2@55.75C soc0@56.562C gpu@56.875C tj@58.156C soc1@58.156C VDD_IN 8656mW/8667mW VDD_CPU_GPU_CV 2621mW/2633mW VDD_SOC 2625mW/2625mW
08-04-2026 13:54:16 RAM 3820/7620MB (lfb 1x1MB) SWAP 2374/12002MB (cached 119MB) CPU [0%@1728,0%@1728,0%@1728,100%@1728,0%@1728,0%@1728] GR3D_FREQ 5% cpu@57.125C soc2@55.812C soc0@56.593C gpu@57.125C tj@58.218C soc1@58.218C VDD_IN 8656mW/8667mW VDD_CPU_GPU_CV 2621mW/2633mW VDD_SOC 2625mW/2625mW
08-04-2026 13:54:16 RAM 3820/7620MB (lfb 1x1MB) SWAP 2374/12002MB (cached 119MB) CPU [0%@1728,0%@1728,0%@1728,100%@1728,10%@1728,0%@1728] GR3D_FREQ 5% cpu@57.031C soc2@55.75C soc0@56.687C gpu@56.937C tj@58.281C soc1@58.281C VDD_IN 8656mW/8667mW VDD_CPU_GPU_CV 2621mW/2633mW VDD_SOC 2625mW/2625mW
08-04-2026 13:54:16 RAM 3821/7620MB (lfb 1x1MB) SWAP 2374/12002MB (cached 119MB) CPU [23%@1728,0%@1728,0%@1728,100%@1728,0%@1728,0%@1728] GR3D_FREQ 5% cpu@57.125C soc2@55.906C soc0@56.812C gpu@56.906C tj@58.437C soc1@58.437C VDD_IN 8656mW/8667mW VDD_CPU_GPU_CV 2621mW/2633mW VDD_SOC 2625mW/2625mW
08-04-2026 13:54:16 RAM 3822/7620MB (lfb 1x1MB) SWAP 2374/12002MB (cached 119MB) CPU [0%@1728,9%@1728,0%@1728,100%@1728,16%@1728,9%@1728] GR3D_FREQ 5% cpu@57.062C soc2@55.781C soc0@56.531C gpu@57.031C tj@58.156C soc1@58.156C VDD_IN 8656mW/8667mW VDD_CPU_GPU_CV 2662mW/2633mW VDD_SOC 2625mW/2625mW
08-04-2026 13:54:16 RAM 3822/7620MB (lfb 1x1MB) SWAP 2374/12002MB (cached 119MB) CPU [0%@1728,0%@1728,0%@1728,100%@1728,0%@1728,0%@1728] GR3D_FREQ 5% cpu@57.125C soc2@55.843C soc0@56.687C gpu@56.875C tj@58.25C soc1@58.25C VDD_IN 8697mW/8667mW VDD_CPU_GPU_CV 2662mW/2633mW VDD_SOC 2625mW/2625mW
08-04-2026 13:54:16 RAM 3822/7620MB (lfb 1x1MB) SWAP 2374/12002MB (cached 119MB) CPU [0%@1728,0%@1728,0%@1728,100%@1728,0%@1728,16%@1728] GR3D_FREQ 5% cpu@57.031C soc2@55.781C soc0@56.718C gpu@56.843C tj@58.312C soc1@58.312C VDD_IN 8697mW/8667mW VDD_CPU_GPU_CV 2662mW/2633mW VDD_SOC 2625mW/2625mW
08-04-2026 13:54:16 RAM 3822/7620MB (lfb 1x1MB) SWAP 2374/12002MB (cached 119MB) CPU [0%@1728,0%@1728,0%@1728,100%@1728,0%@1728,0%@1728] GR3D_FREQ 5% cpu@57.031C soc2@55.968C soc0@56.875C gpu@57.031C tj@58.437C soc1@58.437C VDD_IN 8656mW/8667mW VDD_CPU_GPU_CV 2621mW/2633mW VDD_SOC 2625mW/2625mW
08-04-2026 13:54:16 RAM 3822/7620MB (lfb 1x1MB) SWAP 2374/12002MB (cached 119MB) CPU [0%@1728,0%@1728,0%@1728,100%@1728,0%@1728,0%@1728] GR3D_FREQ 5% cpu@57C soc2@55.75C soc0@56.656C gpu@56.906C tj@58.187C soc1@58.187C VDD_IN 8656mW/8667mW VDD_CPU_GPU_CV 2621mW/2633mW VDD_SOC 2625mW/2625mW
08-04-2026 13:54:17 RAM 3822/7620MB (lfb 1x1MB) SWAP 2374/12002MB (cached 119MB) CPU [0%@1728,0%@1728,0%@1728,100%@1728,0%@1728,0%@1728] GR3D_FREQ 5% cpu@56.968C soc2@55.812C soc0@56.656C gpu@56.812C tj@58.156C soc1@58.156C VDD_IN 8669mW/8667mW VDD_CPU_GPU_CV 2621mW/2633mW VDD_SOC 2625mW/2625mW
08-04-2026 13:54:17 RAM 3822/7620MB (lfb 1x1MB) SWAP 2374/12002MB (cached 119MB) CPU [0%@1728,0%@1728,0%@1728,100%@1728,0%@1728,0%@1728] GR3D_FREQ 5% cpu@57.062C soc2@55.812C soc0@56.687C gpu@57C tj@58.312C soc1@58.312C VDD_IN 8669mW/8667mW VDD_CPU_GPU_CV 2621mW/2633mW VDD_SOC 2625mW/2625mW
08-04-2026 13:54:17 RAM 3822/7620MB (lfb 1x1MB) SWAP 2374/12002MB (cached 119MB) CPU [0%@1728,0%@1728,0%@1728,100%@1728,0%@1728,0%@1728] GR3D_FREQ 5% cpu@57.125C soc2@55.843C soc0@56.812C gpu@56.906C tj@58.343C soc1@58.343C VDD_IN 8669mW/8667mW VDD_CPU_GPU_CV 2621mW/2633mW VDD_SOC 2625mW/2625mW
08-04-2026 13:54:17 RAM 3822/7620MB (lfb 1x1MB) SWAP 2374/12002MB (cached 119MB) CPU [0%@1728,0%@1728,0%@1728,100%@1728,0%@1728,0%@1728] GR3D_FREQ 5% cpu@57.062C soc2@55.718C soc0@56.562C gpu@56.843C tj@58.125C soc1@58.125C VDD_IN 8669mW/8667mW VDD_CPU_GPU_CV 2621mW/2633mW VDD_SOC 2625mW/2625mW
08-04-2026 13:54:17 RAM 3822/7620MB (lfb 1x1MB) SWAP 2374/12002MB (cached 119MB) CPU [0%@1728,0%@1728,0%@1728,100%@1728,0%@1728,0%@1728] GR3D_FREQ 5% cpu@57C soc2@55.75C soc0@56.656C gpu@57.031C tj@58.187C soc1@58.187C VDD_IN 8669mW/8667mW VDD_CPU_GPU_CV 2621mW/2633mW VDD_SOC 2625mW/2625mW
08-04-2026 13:54:17 RAM 3822/7620MB (lfb 1x1MB) SWAP 2374/12002MB (cached 119MB) CPU [0%@1728,0%@1728,0%@1728,100%@1728,0%@1728,0%@1728] GR3D_FREQ 5% cpu@57C soc2@55.781C soc0@56.718C gpu@56.937C tj@58.218C soc1@58.218C VDD_IN 8656mW/8667mW VDD_CPU_GPU_CV 2621mW/2633mW VDD_SOC 2625mW/2625mW
08-04-2026 13:54:17 RAM 3822/7620MB (lfb 1x1MB) SWAP 2374/12002MB (cached 119MB) CPU [9%@1728,9%@1728,0%@1728,100%@1728,0%@1728,0%@1728] GR3D_FREQ 5% cpu@57.062C soc2@55.781C soc0@56.687C gpu@56.843C tj@58.281C soc1@58.281C VDD_IN 8656mW/8667mW VDD_CPU_GPU_CV 2621mW/2633mW VDD_SOC 2625mW/2625mW
08-04-2026 13:54:17 RAM 3822/7620MB (lfb 1x1MB) SWAP 2374/12002MB (cached 119MB) CPU [0%@1728,0%@1728,0%@1728,100%@1728,0%@1728,9%@1728] GR3D_FREQ 5% cpu@57.531C soc2@55.906C soc0@56.812C gpu@57C tj@58.125C soc1@58.125C VDD_IN 8656mW/8667mW VDD_CPU_GPU_CV 2621mW/2633mW VDD_SOC 2625mW/2625mW
08-04-2026 13:54:17 RAM 3822/7620MB (lfb 1x1MB) SWAP 2374/12002MB (cached 119MB) CPU [9%@1728,0%@1728,0%@1728,100%@1728,0%@1728,0%@1728] GR3D_FREQ 5% cpu@57.031C soc2@55.781C soc0@56.593C gpu@56.906C tj@58.156C soc1@58.156C VDD_IN 8669mW/8667mW VDD_CPU_GPU_CV 2621mW/2633mW VDD_SOC 2625mW/2625mW
08-04-2026 13:54:17 RAM 3824/7620MB (lfb 1x1MB) SWAP 2374/12002MB (cached 119MB) CPU [0%@1728,30%@1728,9%@1728,100%@1728,0%@1728,0%@1728] GR3D_FREQ 5% cpu@57.156C soc2@55.781C soc0@56.781C gpu@56.781C tj@58.218C soc1@58.218C VDD_IN 8738mW/8667mW VDD_CPU_GPU_CV 2662mW/2633mW VDD_SOC 2625mW/2625mW
08-04-2026 13:54:18 RAM 3824/7620MB (lfb 1x1MB) SWAP 2374/12002MB (cached 119MB) CPU [0%@1728,0%@1728,0%@1728,100%@1728,0%@1728,0%@1728] GR3D_FREQ 5% cpu@57.156C soc2@55.781C soc0@56.656C gpu@57.031C tj@58.312C soc1@58.312C VDD_IN 8697mW/8667mW VDD_CPU_GPU_CV 2662mW/2633mW VDD_SOC 2625mW/2625mW
08-04-2026 13:54:18 RAM 3824/7620MB (lfb 1x1MB) SWAP 2374/12002MB (cached 119MB) CPU [0%@1728,0%@1728,0%@1728,100%@1728,0%@1728,0%@1728] GR3D_FREQ 5% cpu@57.343C soc2@55.843C soc0@56.812C gpu@56.843C tj@58.062C soc1@58.062C VDD_IN 8697mW/8667mW VDD_CPU_GPU_CV 2662mW/2633mW VDD_SOC 2625mW/2625mW
08-04-2026 13:54:18 RAM 3824/7620MB (lfb 1x1MB) SWAP 2374/12002MB (cached 119MB) CPU [0%@1728,0%@1728,0%@1728,100%@1728,0%@1728,0%@1728] GR3D_FREQ 5% cpu@57.062C soc2@55.781C soc0@56.687C gpu@56.812C tj@58.187C soc1@58.187C VDD_IN 8697mW/8667mW VDD_CPU_GPU_CV 2662mW/2633mW VDD_SOC 2625mW/2625mW
08-04-2026 13:54:18 RAM 3824/7620MB (lfb 1x1MB) SWAP 2374/12002MB (cached 119MB) CPU [0%@1728,9%@1728,0%@1728,100%@1728,9%@1728,0%@1728] GR3D_FREQ 5% cpu@56.937C soc2@55.781C soc0@56.625C gpu@56.906C tj@58.187C soc1@58.187C VDD_IN 8656mW/8667mW VDD_CPU_GPU_CV 2662mW/2633mW VDD_SOC 2625mW/2625mW
08-04-2026 13:54:18 RAM 3824/7620MB (lfb 1x1MB) SWAP 2374/12002MB (cached 119MB) CPU [0%@1728,0%@1728,0%@1728,100%@1728,8%@1728,0%@1728] GR3D_FREQ 5% cpu@57.156C soc2@55.75C soc0@56.687C gpu@56.906C tj@58.281C soc1@58.281C VDD_IN 8656mW/8667mW VDD_CPU_GPU_CV 2662mW/2633mW VDD_SOC 2625mW/2625mW
08-04-2026 13:54:18 RAM 3824/7620MB (lfb 1x1MB) SWAP 2374/12002MB (cached 119MB) CPU [16%@1728,9%@1728,9%@1728,100%@1728,0%@1728,0%@1728] GR3D_FREQ 5% cpu@57.375C soc2@55.843C soc0@56.781C gpu@56.843C tj@58.031C soc1@58.031C VDD_IN 8697mW/8667mW VDD_CPU_GPU_CV 2662mW/2633mW VDD_SOC 2625mW/2625mW
08-04-2026 13:54:18 RAM 3824/7620MB (lfb 1x1MB) SWAP 2374/12002MB (cached 119MB) CPU [0%@1728,0%@1728,0%@1728,100%@1728,0%@1728,9%@1728] GR3D_FREQ 5% cpu@57.468C soc2@55.75C soc0@56.625C gpu@57.187C tj@58.093C soc1@58.156C VDD_IN 8697mW/8667mW VDD_CPU_GPU_CV 2662mW/2633mW VDD_SOC 2625mW/2625mW
08-04-2026 13:54:18 RAM 3824/7620MB (lfb 1x1MB) SWAP 2374/12002MB (cached 119MB) CPU [0%@1728,0%@1728,0%@1728,100%@1728,0%@1728,0%@1728] GR3D_FREQ 5% cpu@57C soc2@55.75C soc0@56.718C gpu@56.875C tj@58.156C soc1@58.156C VDD_IN 8697mW/8667mW VDD_CPU_GPU_CV 2662mW/2633mW VDD_SOC 2625mW/2625mW
08-04-2026 13:54:18 RAM 3824/7620MB (lfb 1x1MB) SWAP 2374/12002MB (cached 119MB) CPU [0%@1728,0%@1728,0%@1728,100%@1728,0%@1728,0%@1728] GR3D_FREQ 5% cpu@57.031C soc2@55.781C soc0@56.593C gpu@56.812C tj@58.281C soc1@58.281C VDD_IN 8656mW/8667mW VDD_CPU_GPU_CV 2662mW/2633mW VDD_SOC 2625mW/2625mW
08-04-2026 13:54:19 RAM 3824/7620MB (lfb 1x1MB) SWAP 2374/12002MB (cached 119MB) CPU [0%@1728,0%@1728,0%@1728,100%@1728,0%@1728,0%@1728] GR3D_FREQ 5% cpu@57.281C soc2@55.781C soc0@56.75C gpu@57.156C tj@58.406C soc1@58.406C VDD_IN 8656mW/8667mW VDD_CPU_GPU_CV 2662mW/2633mW VDD_SOC 2625mW/2625mW
08-04-2026 13:54:19 RAM 3824/7620MB (lfb 1x1MB) SWAP 2374/12002MB (cached 119MB) CPU [0%@1728,0%@1728,0%@1728,100%@1728,0%@1728,0%@1728] GR3D_FREQ 5% cpu@57.375C soc2@55.75C soc0@56.593C gpu@56.781C tj@58.093C soc1@58.093C VDD_IN 8656mW/8667mW VDD_CPU_GPU_CV 2621mW/2633mW VDD_SOC 2625mW/2625mW
08-04-2026 13:54:19 RAM 3824/7620MB (lfb 1x1MB) SWAP 2374/12002MB (cached 119MB) CPU [0%@1728,0%@1728,0%@1728,100%@1728,0%@1728,0%@1728] GR3D_FREQ 5% cpu@56.968C soc2@55.812C soc0@56.593C gpu@56.812C tj@58.156C soc1@58.156C VDD_IN 8656mW/8667mW VDD_CPU_GPU_CV 2621mW/2633mW VDD_SOC 2625mW/2625mW
08-04-2026 13:54:19 RAM 3824/7620MB (lfb 1x1MB) SWAP 2374/12002MB (cached 119MB) CPU [0%@1728,0%@1728,9%@1728,100%@1728,0%@1728,0%@1728] GR3D_FREQ 5% cpu@57.031C soc2@55.781C soc0@56.593C gpu@57.187C tj@58.187C soc1@58.187C VDD_IN 8656mW/8667mW VDD_CPU_GPU_CV 2621mW/2633mW VDD_SOC 2625mW/2625mW
08-04-2026 13:54:19 RAM 3824/7620MB (lfb 1x1MB) SWAP 2374/12002MB (cached 119MB) CPU [0%@1728,0%@1728,0%@1728,100%@1728,0%@1728,0%@1728] GR3D_FREQ 5% cpu@57.281C soc2@55.875C soc0@56.781C gpu@56.843C tj@58.312C soc1@58.375C VDD_IN 8656mW/8667mW VDD_CPU_GPU_CV 2621mW/2633mW VDD_SOC 2625mW/2625mW
08-04-2026 13:54:19 RAM 3824/7620MB (lfb 1x1MB) SWAP 2374/12002MB (cached 119MB) CPU [0%@1728,0%@1728,0%@1728,100%@1728,0%@1728,0%@1728] GR3D_FREQ 5% cpu@57.281C soc2@55.812C soc0@56.593C gpu@56.781C tj@58.125C soc1@58.125C VDD_IN 8656mW/8667mW VDD_CPU_GPU_CV 2621mW/2633mW VDD_SOC 2625mW/2625mW
08-04-2026 13:54:19 RAM 3824/7620MB (lfb 1x1MB) SWAP 2374/12002MB (cached 119MB) CPU [0%@1728,0%@1728,0%@1728,100%@1728,0%@1728,0%@1728] GR3D_FREQ 5% cpu@57C soc2@55.718C soc0@56.656C gpu@57.062C tj@58.25C soc1@58.25C VDD_IN 8656mW/8667mW VDD_CPU_GPU_CV 2621mW/2633mW VDD_SOC 2625mW/2625mW
08-04-2026 13:54:19 RAM 3824/7620MB (lfb 1x1MB) SWAP 2374/12002MB (cached 119MB) CPU [0%@1728,0%@1728,0%@1728,100%@1728,0%@1728,9%@1728] GR3D_FREQ 5% cpu@57C soc2@55.812C soc0@56.656C gpu@56.781C tj@58.093C soc1@58.093C VDD_IN 8656mW/8667mW VDD_CPU_GPU_CV 2621mW/2633mW VDD_SOC 2625mW/2625mW
08-04-2026 13:54:19 RAM 3824/7620MB (lfb 1x1MB) SWAP 2374/12002MB (cached 119MB) CPU [0%@1728,0%@1728,0%@1728,100%@1728,0%@1728,0%@1728] GR3D_FREQ 5% cpu@57.062C soc2@55.843C soc0@56.718C gpu@56.718C tj@58.281C soc1@58.281C VDD_IN 8656mW/8667mW VDD_CPU_GPU_CV 2621mW/2633mW VDD_SOC 2625mW/2625mW
08-04-2026 13:54:19 RAM 3824/7620MB (lfb 1x1MB) SWAP 2374/12002MB (cached 119MB) CPU [0%@1728,0%@1728,0%@1728,100%@1728,0%@1728,0%@1728] GR3D_FREQ 5% cpu@57.375C soc2@55.906C soc0@56.906C gpu@57.156C tj@58.406C soc1@58.406C VDD_IN 8656mW/8667mW VDD_CPU_GPU_CV 2621mW/2633mW VDD_SOC 2625mW/2625mW
08-04-2026 13:54:20 RAM 3824/7620MB (lfb 1x1MB) SWAP 2374/12002MB (cached 119MB) CPU [0%@1728,0%@1728,0%@1728,100%@1728,0%@1728,0%@1728] GR3D_FREQ 5% cpu@57.5C soc2@55.687C soc0@56.687C gpu@56.812C tj@58.156C soc1@58.156C VDD_IN 8656mW/8667mW VDD_CPU_GPU_CV 2621mW/2633mW VDD_SOC 2625mW/2625mW
08-04-2026 13:54:20 RAM 3824/7620MB (lfb 1x1MB) SWAP 2374/12002MB (cached 119MB) CPU [0%@1728,0%@1728,8%@1728,100%@1728,0%@1728,0%@1728] GR3D_FREQ 5% cpu@57.093C soc2@55.812C soc0@56.718C gpu@56.781C tj@58.187C soc1@58.187C VDD_IN 8669mW/8667mW VDD_CPU_GPU_CV 2621mW/2633mW VDD_SOC 2625mW/2625mW
08-04-2026 13:54:20 RAM 3824/7620MB (lfb 1x1MB) SWAP 2374/12002MB (cached 119MB) CPU [0%@1728,0%@1728,0%@1728,100%@1728,0%@1728,0%@1728] GR3D_FREQ 5% cpu@56.968C soc2@55.75C soc0@56.656C gpu@57.062C tj@58.187C soc1@58.187C VDD_IN 8669mW/8667mW VDD_CPU_GPU_CV 2621mW/2633mW VDD_SOC 2625mW/2625mW
08-04-2026 13:54:20 RAM 3824/7620MB (lfb 1x1MB) SWAP 2374/12002MB (cached 119MB) CPU [0%@1728,0%@1728,0%@1728,100%@1728,0%@1728,0%@1728] GR3D_FREQ 5% cpu@57.25C soc2@55.812C soc0@56.843C gpu@56.875C tj@58.437C soc1@58.437C VDD_IN 8628mW/8667mW VDD_CPU_GPU_CV 2621mW/2633mW VDD_SOC 2625mW/2625mW
08-04-2026 13:54:20 RAM 3824/7620MB (lfb 1x1MB) SWAP 2374/12002MB (cached 119MB) CPU [0%@1728,0%@1728,0%@1728,100%@1728,0%@1728,0%@1728] GR3D_FREQ 5% cpu@57.343C soc2@55.781C soc0@56.625C gpu@57.218C tj@58.062C soc1@58.062C VDD_IN 8628mW/8667mW VDD_CPU_GPU_CV 2621mW/2633mW VDD_SOC 2625mW/2625mW
08-04-2026 13:54:20 RAM 3824/7620MB (lfb 1x1MB) SWAP 2374/12002MB (cached 119MB) CPU [0%@1728,9%@1728,0%@1728,100%@1728,0%@1728,10%@1728] GR3D_FREQ 5% cpu@57.125C soc2@55.812C soc0@56.593C gpu@57.125C tj@58.218C soc1@58.218C VDD_IN 8669mW/8667mW VDD_CPU_GPU_CV 2621mW/2633mW VDD_SOC 2625mW/2625mW
08-04-2026 13:54:20 RAM 3824/7620MB (lfb 1x1MB) SWAP 2374/12002MB (cached 119MB) CPU [0%@1728,0%@1728,0%@1728,100%@1728,0%@1728,0%@1728] GR3D_FREQ 5% cpu@56.968C soc2@55.812C soc0@56.718C gpu@56.75C tj@58.281C soc1@58.281C VDD_IN 8669mW/8667mW VDD_CPU_GPU_CV 2621mW/2633mW VDD_SOC 2625mW/2625mW
08-04-2026 13:54:20 RAM 3824/7620MB (lfb 1x1MB) SWAP 2374/12002MB (cached 119MB) CPU [0%@1728,0%@1728,0%@1728,100%@1728,0%@1728,0%@1728] GR3D_FREQ 5% cpu@57.218C soc2@55.781C soc0@56.812C gpu@57.281C tj@58.375C soc1@58.375C VDD_IN 8669mW/8667mW VDD_CPU_GPU_CV 2621mW/2633mW VDD_SOC 2625mW/2625mW
08-04-2026 13:54:20 RAM 3824/7620MB (lfb 1x1MB) SWAP 2374/12002MB (cached 119MB) CPU [0%@1728,0%@1728,0%@1728,100%@1728,9%@1728,0%@1728] GR3D_FREQ 5% cpu@57.343C soc2@55.843C soc0@56.562C gpu@57.093C tj@58.093C soc1@58.093C VDD_IN 8669mW/8667mW VDD_CPU_GPU_CV 2621mW/2633mW VDD_SOC 2625mW/2625mW
08-04-2026 13:54:21 RAM 3824/7620MB (lfb 1x1MB) SWAP 2374/12002MB (cached 119MB) CPU [9%@1728,0%@1728,0%@1728,100%@1728,0%@1728,0%@1728] GR3D_FREQ 5% cpu@57.562C soc2@55.718C soc0@56.625C gpu@56.781C tj@58.125C soc1@58.125C VDD_IN 8669mW/8667mW VDD_CPU_GPU_CV 2621mW/2633mW VDD_SOC 2625mW/2625mW
08-04-2026 13:54:21 RAM 3824/7620MB (lfb 1x1MB) SWAP 2374/12002MB (cached 119MB) CPU [0%@1728,0%@1728,0%@1728,100%@1728,0%@1728,0%@1728] GR3D_FREQ 5% cpu@57.093C soc2@55.781C soc0@56.687C gpu@57.218C tj@58.125C soc1@58.125C VDD_IN 8669mW/8667mW VDD_CPU_GPU_CV 2621mW/2633mW VDD_SOC 2625mW/2625mW
08-04-2026 13:54:21 RAM 3824/7620MB (lfb 1x1MB) SWAP 2374/12002MB (cached 119MB) CPU [9%@1728,20%@1728,0%@1728,100%@1728,16%@1728,0%@1728] GR3D_FREQ 5% cpu@57.281C soc2@55.812C soc0@56.718C gpu@57.031C tj@58.343C soc1@58.343C VDD_IN 8738mW/8667mW VDD_CPU_GPU_CV 2662mW/2633mW VDD_SOC 2625mW/2625mW
08-04-2026 13:54:21 RAM 3824/7620MB (lfb 1x1MB) SWAP 2374/12002MB (cached 119MB) CPU [0%@1728,0%@1728,0%@1728,100%@1728,0%@1728,9%@1728] GR3D_FREQ 5% cpu@57.312C soc2@55.875C soc0@56.843C gpu@56.75C tj@58.125C soc1@58.125C VDD_IN 8697mW/8667mW VDD_CPU_GPU_CV 2662mW/2633mW VDD_SOC 2625mW/2625mW
08-04-2026 13:54:21 RAM 3824/7620MB (lfb 1x1MB) SWAP 2374/12002MB (cached 119MB) CPU [0%@1728,0%@1728,0%@1728,100%@1728,0%@1728,0%@1728] GR3D_FREQ 5% cpu@57.343C soc2@55.812C soc0@56.531C gpu@57.156C tj@58.187C soc1@58.187C VDD_IN 8697mW/8667mW VDD_CPU_GPU_CV 2662mW/2633mW VDD_SOC 2625mW/2625mW
08-04-2026 13:54:21 RAM 3824/7620MB (lfb 1x1MB) SWAP 2374/12002MB (cached 119MB) CPU [0%@1728,0%@1728,0%@1728,100%@1728,0%@1728,0%@1728] GR3D_FREQ 5% cpu@57.031C soc2@55.75C soc0@56.687C gpu@57.062C tj@58.156C soc1@58.156C VDD_IN 8697mW/8667mW VDD_CPU_GPU_CV 2662mW/2633mW VDD_SOC 2625mW/2625mW
08-04-2026 13:54:21 RAM 3824/7620MB (lfb 1x1MB) SWAP 2374/12002MB (cached 119MB) CPU [16%@1728,0%@1728,9%@1728,100%@1728,0%@1728,0%@1728] GR3D_FREQ 5% cpu@57.218C soc2@55.812C soc0@56.593C gpu@56.812C tj@58.343C soc1@58.343C VDD_IN 8697mW/8667mW VDD_CPU_GPU_CV 2662mW/2633mW VDD_SOC 2625mW/2625mW
08-04-2026 13:54:21 RAM 3824/7620MB (lfb 1x1MB) SWAP 2374/12002MB (cached 119MB) CPU [0%@1728,0%@1728,0%@1728,100%@1728,9%@1728,0%@1728] GR3D_FREQ 5% cpu@57.218C soc2@55.906C soc0@56.812C gpu@57.156C tj@58.062C soc1@58.062C VDD_IN 8697mW/8667mW VDD_CPU_GPU_CV 2662mW/2633mW VDD_SOC 2625mW/2625mW
08-04-2026 13:54:21 RAM 3824/7620MB (lfb 1x1MB) SWAP 2374/12002MB (cached 119MB) CPU [0%@1728,0%@1728,0%@1728,100%@1728,0%@1728,0%@1728] GR3D_FREQ 5% cpu@57.25C soc2@55.75C soc0@56.687C gpu@57.031C tj@58.093C soc1@58.093C VDD_IN 8697mW/8667mW VDD_CPU_GPU_CV 2662mW/2633mW VDD_SOC 2625mW/2625mW
08-04-2026 13:54:21 RAM 3824/7620MB (lfb 1x1MB) SWAP 2374/12002MB (cached 119MB) CPU [0%@1728,0%@1728,0%@1728,100%@1728,0%@1728,0%@1728] GR3D_FREQ 5% cpu@57C soc2@55.781C soc0@56.593C gpu@57.375C tj@58.218C soc1@58.218C VDD_IN 8656mW/8667mW VDD_CPU_GPU_CV 2621mW/2633mW VDD_SOC 2625mW/2625mW
08-04-2026 13:54:22 RAM 3824/7620MB (lfb 1x1MB) SWAP 2374/12002MB (cached 119MB) CPU [0%@1728,0%@1728,0%@1728,100%@1728,0%@1728,0%@1728] GR3D_FREQ 5% cpu@57.187C soc2@55.812C soc0@56.687C gpu@57.093C tj@58.218C soc1@58.218C VDD_IN 8656mW/8667mW VDD_CPU_GPU_CV 2621mW/2633mW VDD_SOC 2625mW/2625mW
08-04-2026 13:54:22 RAM 3824/7620MB (lfb 1x1MB) SWAP 2374/12002MB (cached 119MB) CPU [0%@1728,0%@1728,0%@1728,100%@1728,0%@1728,0%@1728] GR3D_FREQ 5% cpu@57.25C soc2@55.812C soc0@56.812C gpu@56.968C tj@58.343C soc1@58.343C VDD_IN 8656mW/8667mW VDD_CPU_GPU_CV 2621mW/2633mW VDD_SOC 2625mW/2625mW
08-04-2026 13:54:22 RAM 3824/7620MB (lfb 1x1MB) SWAP 2374/12002MB (cached 119MB) CPU [0%@1728,0%@1728,0%@1728,100%@1728,0%@1728,0%@1728] GR3D_FREQ 5% cpu@57.312C soc2@55.812C soc0@56.625C gpu@57.281C tj@58.125C soc1@58.125C VDD_IN 8656mW/8667mW VDD_CPU_GPU_CV 2621mW/2633mW VDD_SOC 2625mW/2625mW
08-04-2026 13:54:22 RAM 3824/7620MB (lfb 1x1MB) SWAP 2374/12002MB (cached 119MB) CPU [9%@1728,0%@1728,0%@1728,100%@1728,0%@1728,0%@1728] GR3D_FREQ 5% cpu@57.5C soc2@55.812C soc0@56.718C gpu@57.187C tj@58.156C soc1@58.156C VDD_IN 8656mW/8667mW VDD_CPU_GPU_CV 2621mW/2633mW VDD_SOC 2625mW/2625mW
08-04-2026 13:54:22 RAM 3824/7620MB (lfb 1x1MB) SWAP 2374/12002MB (cached 119MB) CPU [9%@1728,9%@1728,0%@1728,100%@1728,0%@1728,0%@1728] GR3D_FREQ 5% cpu@57.093C soc2@55.781C soc0@56.625C gpu@57.031C tj@58.281C soc1@58.281C VDD_IN 8656mW/8667mW VDD_CPU_GPU_CV 2621mW/2633mW VDD_SOC 2625mW/2625mW
08-04-2026 13:54:22 RAM 3824/7620MB (lfb 1x1MB) SWAP 2374/12002MB (cached 119MB) CPU [16%@1728,9%@1728,9%@1728,100%@1728,0%@1728,18%@1728] GR3D_FREQ 5% cpu@57.25C soc2@55.781C soc0@56.75C gpu@57.281C tj@58.25C soc1@58.25C VDD_IN 8656mW/8667mW VDD_CPU_GPU_CV 2662mW/2633mW VDD_SOC 2625mW/2625mW
08-04-2026 13:54:22 RAM 3824/7620MB (lfb 1x1MB) SWAP 2374/12002MB (cached 119MB) CPU [0%@1728,0%@1728,9%@1728,100%@1728,9%@1728,8%@1728] GR3D_FREQ 5% cpu@57.281C soc2@55.843C soc0@56.656C gpu@57.031C tj@58.093C soc1@58.093C VDD_IN 8697mW/8667mW VDD_CPU_GPU_CV 2662mW/2633mW VDD_SOC 2625mW/2625mW
08-04-2026 13:54:22 RAM 3824/7620MB (lfb 1x1MB) SWAP 2374/12002MB (cached 119MB) CPU [0%@1728,0%@1728,0%@1728,100%@1728,10%@1728,0%@1728] GR3D_FREQ 5% cpu@57.406C soc2@55.781C soc0@56.531C gpu@57.031C tj@58.156C soc1@58.156C VDD_IN 8697mW/8667mW VDD_CPU_GPU_CV 2662mW/2633mW VDD_SOC 2625mW/2625mW
08-04-2026 13:54:22 RAM 3824/7620MB (lfb 1x1MB) SWAP 2374/12002MB (cached 119MB) CPU [0%@1728,0%@1728,0%@1728,100%@1728,0%@1728,0%@1728] GR3D_FREQ 5% cpu@57.156C soc2@55.812C soc0@56.625C gpu@56.906C tj@58.218C soc1@58.218C VDD_IN 8656mW/8667mW VDD_CPU_GPU_CV 2621mW/2633mW VDD_SOC 2625mW/2625mW
08-04-2026 13:54:23 RAM 3824/7620MB (lfb 1x1MB) SWAP 2374/12002MB (cached 119MB) CPU [9%@1728,0%@1728,0%@1728,100%@1728,0%@1728,0%@1728] GR3D_FREQ 5% cpu@57.062C soc2@55.843C soc0@56.75C gpu@57.031C tj@58.281C soc1@58.281C VDD_IN 8656mW/8667mW VDD_CPU_GPU_CV 2621mW/2633mW VDD_SOC 2625mW/2625mW
08-04-2026 13:54:23 RAM 3824/7620MB (lfb 1x1MB) SWAP 2374/12002MB (cached 119MB) CPU [0%@1728,0%@1728,0%@1728,100%@1728,0%@1728,0%@1728] GR3D_FREQ 5% cpu@57.218C soc2@55.812C soc0@56.5C gpu@56.968C tj@58.093C soc1@58.093C VDD_IN 8669mW/8667mW VDD_CPU_GPU_CV 2621mW/2633mW VDD_SOC 2625mW/2625mW
08-04-2026 13:54:23 RAM 3824/7620MB (lfb 1x1MB) SWAP 2374/12002MB (cached 119MB) CPU [0%@1728,0%@1728,0%@1728,100%@1728,0%@1728,0%@1728] GR3D_FREQ 5% cpu@57.312C soc2@55.75C soc0@56.593C gpu@56.812C tj@58.187C soc1@58.187C VDD_IN 8669mW/8667mW VDD_CPU_GPU_CV 2621mW/2633mW VDD_SOC 2625mW/2625mW
08-04-2026 13:54:23 RAM 3824/7620MB (lfb 1x1MB) SWAP 2374/12002MB (cached 119MB) CPU [0%@1728,0%@1728,0%@1728,100%@1728,0%@1728,0%@1728] GR3D_FREQ 5% cpu@57.437C soc2@55.75C soc0@56.687C gpu@57.031C tj@58.156C soc1@58.156C VDD_IN 8669mW/8667mW VDD_CPU_GPU_CV 2621mW/2633mW VDD_SOC 2625mW/2625mW
08-04-2026 13:54:23 RAM 3824/7620MB (lfb 1x1MB) SWAP 2374/12002MB (cached 119MB) CPU [0%@1728,0%@1728,0%@1728,100%@1728,0%@1728,0%@1728] GR3D_FREQ 5% cpu@57.218C soc2@55.812C soc0@56.718C gpu@56.906C tj@58.218C soc1@58.218C VDD_IN 8656mW/8667mW VDD_CPU_GPU_CV 2621mW/2633mW VDD_SOC 2625mW/2625mW
08-04-2026 13:54:23 RAM 3824/7620MB (lfb 1x1MB) SWAP 2374/12002MB (cached 119MB) CPU [0%@1728,0%@1728,0%@1728,100%@1728,9%@1728,9%@1728] GR3D_FREQ 5% cpu@57.25C soc2@55.812C soc0@56.75C gpu@56.75C tj@58.093C soc1@58.093C VDD_IN 8656mW/8667mW VDD_CPU_GPU_CV 2621mW/2633mW VDD_SOC 2625mW/2625mW
08-04-2026 13:54:23 RAM 3824/7620MB (lfb 1x1MB) SWAP 2374/12002MB (cached 119MB) CPU [10%@1728,8%@1728,0%@1728,100%@1728,0%@1728,0%@1728] GR3D_FREQ 5% cpu@57.312C soc2@55.812C soc0@56.562C gpu@57.031C tj@58.125C soc1@58.125C VDD_IN 8656mW/8667mW VDD_CPU_GPU_CV 2621mW/2633mW VDD_SOC 2625mW/2625mW
08-04-2026 13:54:23 RAM 3824/7620MB (lfb 1x1MB) SWAP 2374/12002MB (cached 119MB) CPU [8%@1728,0%@1728,9%@1728,100%@1728,9%@1728,0%@1728] GR3D_FREQ 5% cpu@57.375C soc2@55.718C soc0@56.687C gpu@56.875C tj@58.156C soc1@58.156C VDD_IN 8656mW/8667mW VDD_CPU_GPU_CV 2621mW/2633mW VDD_SOC 2625mW/2625mW
08-04-2026 13:54:23 RAM 3824/7620MB (lfb 1x1MB) SWAP 2374/12002MB (cached 119MB) CPU [0%@1728,0%@1728,0%@1728,100%@1728,0%@1728,0%@1728] GR3D_FREQ 5% cpu@57.25C soc2@55.843C soc0@56.718C gpu@56.906C tj@58.25C soc1@58.25C VDD_IN 8656mW/8667mW VDD_CPU_GPU_CV 2621mW/2633mW VDD_SOC 2625mW/2625mW
08-04-2026 13:54:23 RAM 3824/7620MB (lfb 1x1MB) SWAP 2374/12002MB (cached 119MB) CPU [0%@1728,0%@1728,0%@1728,100%@1728,0%@1728,0%@1728] GR3D_FREQ 5% cpu@57.25C soc2@55.812C soc0@56.718C gpu@57C tj@58.406C soc1@58.406C VDD_IN 8656mW/8667mW VDD_CPU_GPU_CV 2621mW/2633mW VDD_SOC 2625mW/2625mW
08-04-2026 13:54:24 RAM 3824/7620MB (lfb 1x1MB) SWAP 2374/12002MB (cached 119MB) CPU [8%@1728,8%@1728,8%@1728,100%@1728,0%@1728,0%@1728] GR3D_FREQ 5% cpu@57.218C soc2@55.781C soc0@56.625C gpu@56.843C tj@58.156C soc1@58.156C VDD_IN 8656mW/8667mW VDD_CPU_GPU_CV 2621mW/2633mW VDD_SOC 2625mW/2625mW
08-04-2026 13:54:24 RAM 3824/7620MB (lfb 1x1MB) SWAP 2374/12002MB (cached 119MB) CPU [0%@1728,0%@1728,0%@1728,100%@1728,0%@1728,0%@1728] GR3D_FREQ 5% cpu@57.281C soc2@55.781C soc0@56.687C gpu@56.843C tj@58.25C soc1@58.25C VDD_IN 8656mW/8667mW VDD_CPU_GPU_CV 2621mW/2633mW VDD_SOC 2625mW/2625mW
08-04-2026 13:54:24 RAM 3824/7620MB (lfb 1x1MB) SWAP 2374/12002MB (cached 119MB) CPU [0%@1728,0%@1728,0%@1728,100%@1728,0%@1728,0%@1728] GR3D_FREQ 5% cpu@57.062C soc2@55.781C soc0@56.687C gpu@56.906C tj@58.156C soc1@58.156C VDD_IN 8669mW/8667mW VDD_CPU_GPU_CV 2621mW/2633mW VDD_SOC 2625mW/2625mW
08-04-2026 13:54:24 RAM 3824/7620MB (lfb 1x1MB) SWAP 2374/12002MB (cached 119MB) CPU [0%@1728,0%@1728,0%@1728,100%@1728,0%@1728,0%@1728] GR3D_FREQ 5% cpu@57.218C soc2@55.812C soc0@56.718C gpu@56.75C tj@58.406C soc1@58.406C VDD_IN 8669mW/8667mW VDD_CPU_GPU_CV 2621mW/2633mW VDD_SOC 2625mW/2625mW
08-04-2026 13:54:24 RAM 3828/7620MB (lfb 1x1MB) SWAP 2374/12002MB (cached 119MB) CPU [33%@1728,10%@1728,9%@1728,100%@1728,0%@1728,0%@1728] GR3D_FREQ 5% cpu@57.281C soc2@56C soc0@56.562C gpu@56.843C tj@58.093C soc1@58.093C VDD_IN 8697mW/8667mW VDD_CPU_GPU_CV 2662mW/2633mW VDD_SOC 2625mW/2625mW
08-04-2026 13:54:24 RAM 3828/7620MB (lfb 1x1MB) SWAP 2374/12002MB (cached 119MB) CPU [0%@1728,0%@1728,0%@1728,100%@1728,0%@1728,9%@1728] GR3D_FREQ 5% cpu@57.312C soc2@55.812C soc0@56.562C gpu@56.937C tj@58.125C soc1@58.125C VDD_IN 8738mW/8667mW VDD_CPU_GPU_CV 2662mW/2633mW VDD_SOC 2625mW/2625mW
08-04-2026 13:54:24 RAM 3828/7620MB (lfb 1x1MB) SWAP 2374/12002MB (cached 119MB) CPU [0%@1728,8%@1728,9%@1728,100%@1728,8%@1728,0%@1728] GR3D_FREQ 5% cpu@57.062C soc2@55.812C soc0@56.656C gpu@56.875C tj@58.25C soc1@58.25C VDD_IN 8697mW/8667mW VDD_CPU_GPU_CV 2662mW/2633mW VDD_SOC 2625mW/2625mW
08-04-2026 13:54:24 RAM 3828/7620MB (lfb 1x1MB) SWAP 2374/12002MB (cached 119MB) CPU [0%@1728,0%@1728,0%@1728,100%@1728,0%@1728,0%@1728] GR3D_FREQ 5% cpu@57.156C soc2@55.75C soc0@56.687C gpu@56.906C tj@58.281C soc1@58.281C VDD_IN 8697mW/8667mW VDD_CPU_GPU_CV 2662mW/2633mW VDD_SOC 2625mW/2625mW
08-04-2026 13:54:24 RAM 3828/7620MB (lfb 1x1MB) SWAP 2374/12002MB (cached 119MB) CPU [0%@1728,9%@1728,0%@1728,100%@1728,0%@1728,8%@1728] GR3D_FREQ 5% cpu@57.25C soc2@55.812C soc0@56.812C gpu@57C tj@58.406C soc1@58.062C VDD_IN 8697mW/8667mW VDD_CPU_GPU_CV 2662mW/2633mW VDD_SOC 2625mW/2625mW
08-04-2026 13:54:25 RAM 3828/7620MB (lfb 1x1MB) SWAP 2374/12002MB (cached 119MB) CPU [0%@1728,0%@1728,0%@1728,100%@1728,0%@1728,0%@1728] GR3D_FREQ 5% cpu@57.25C soc2@55.687C soc0@56.593C gpu@56.875C tj@58.062C soc1@58.062C VDD_IN 8656mW/8667mW VDD_CPU_GPU_CV 2662mW/2633mW VDD_SOC 2625mW/2625mW
08-04-2026 13:54:25 RAM 3828/7620MB (lfb 1x1MB) SWAP 2374/12002MB (cached 119MB) CPU [0%@1728,0%@1728,0%@1728,100%@1728,0%@1728,0%@1728] GR3D_FREQ 5% cpu@57.125C soc2@55.812C soc0@56.625C gpu@56.812C tj@58.125C soc1@58.125C VDD_IN 8656mW/8667mW VDD_CPU_GPU_CV 2621mW/2633mW VDD_SOC 2625mW/2625mW
08-04-2026 13:54:25 RAM 3828/7620MB (lfb 1x1MB) SWAP 2374/12002MB (cached 119MB) CPU [0%@1728,0%@1728,0%@1728,100%@1728,0%@1728,0%@1728] GR3D_FREQ 5% cpu@57.031C soc2@55.781C soc0@56.656C gpu@56.937C tj@58.312C soc1@58.312C VDD_IN 8656mW/8667mW VDD_CPU_GPU_CV 2621mW/2633mW VDD_SOC 2625mW/2625mW
08-04-2026 13:54:25 RAM 3828/7620MB (lfb 1x1MB) SWAP 2374/12002MB (cached 119MB) CPU [0%@1728,8%@1728,0%@1728,100%@1728,0%@1728,0%@1728] GR3D_FREQ 5% cpu@57.093C soc2@55.875C soc0@56.781C gpu@56.75C tj@58.375C soc1@58.375C VDD_IN 8656mW/8667mW VDD_CPU_GPU_CV 2621mW/2633mW VDD_SOC 2625mW/2625mW
08-04-2026 13:54:25 RAM 3828/7620MB (lfb 1x1MB) SWAP 2374/12002MB (cached 119MB) CPU [0%@1728,0%@1728,0%@1728,100%@1728,0%@1728,0%@1728] GR3D_FREQ 5% cpu@57.25C soc2@55.781C soc0@56.562C gpu@56.843C tj@58.125C soc1@58.125C VDD_IN 8656mW/8667mW VDD_CPU_GPU_CV 2621mW/2633mW VDD_SOC 2625mW/2625mW
08-04-2026 13:54:25 RAM 3828/7620MB (lfb 1x1MB) SWAP 2374/12002MB (cached 119MB) CPU [9%@1728,0%@1728,9%@1728,100%@1728,0%@1728,0%@1728] GR3D_FREQ 5% cpu@57.187C soc2@55.781C soc0@56.625C gpu@56.906C tj@58.25C soc1@58.25C VDD_IN 8656mW/8667mW VDD_CPU_GPU_CV 2621mW/2633mW VDD_SOC 2625mW/2625mW
08-04-2026 13:54:25 RAM 3828/7620MB (lfb 1x1MB) SWAP 2374/12002MB (cached 119MB) CPU [8%@1728,8%@1728,9%@1728,100%@1728,0%@1728,8%@1728] GR3D_FREQ 5% cpu@57.062C soc2@55.812C soc0@56.718C gpu@56.75C tj@58.281C soc1@58.281C VDD_IN 8656mW/8667mW VDD_CPU_GPU_CV 2621mW/2633mW VDD_SOC 2625mW/2625mW
08-04-2026 13:54:25 RAM 3828/7620MB (lfb 1x1MB) SWAP 2374/12002MB (cached 119MB) CPU [9%@1728,0%@1728,0%@1728,100%@1728,0%@1728,0%@1728] GR3D_FREQ 5% cpu@57.156C soc2@55.875C soc0@56.718C gpu@56.687C tj@58.437C soc1@58.437C VDD_IN 8656mW/8667mW VDD_CPU_GPU_CV 2621mW/2633mW VDD_SOC 2625mW/2625mW
08-04-2026 13:54:25 RAM 3828/7620MB (lfb 1x1MB) SWAP 2374/12002MB (cached 119MB) CPU [0%@1728,0%@1728,0%@1728,100%@1728,0%@1728,0%@1728] GR3D_FREQ 5% cpu@57.218C soc2@55.781C soc0@56.875C gpu@56.937C tj@58.093C soc1@58.093C VDD_IN 8656mW/8667mW VDD_CPU_GPU_CV 2621mW/2633mW VDD_SOC 2625mW/2625mW
08-04-2026 13:54:25 RAM 3828/7620MB (lfb 1x1MB) SWAP 2374/12002MB (cached 119MB) CPU [0%@1728,0%@1728,0%@1728,100%@1728,0%@1728,0%@1728] GR3D_FREQ 5% cpu@57.062C soc2@55.687C soc0@56.656C gpu@56.875C tj@58.187C soc1@58.187C VDD_IN 8656mW/8667mW VDD_CPU_GPU_CV 2621mW/2633mW VDD_SOC 2625mW/2625mW
08-04-2026 13:54:26 RAM 3828/7620MB (lfb 1x1MB) SWAP 2374/12002MB (cached 119MB) CPU [0%@1728,9%@1728,0%@1728,100%@1728,0%@1728,0%@1728] GR3D_FREQ 5% cpu@57.062C soc2@55.812C soc0@56.75C gpu@56.812C tj@58.187C soc1@58.187C VDD_IN 8669mW/8667mW VDD_CPU_GPU_CV 2621mW/2633mW VDD_SOC 2625mW/2625mW
08-04-2026 13:54:26 RAM 3828/7620MB (lfb 1x1MB) SWAP 2374/12002MB (cached 119MB) CPU [0%@1728,0%@1728,0%@1728,100%@1728,0%@1728,0%@1728] GR3D_FREQ 5% cpu@57.093C soc2@55.812C soc0@56.687C gpu@56.843C tj@58.312C soc1@58.312C VDD_IN 8656mW/8667mW VDD_CPU_GPU_CV 2621mW/2633mW VDD_SOC 2625mW/2625mW
08-04-2026 13:54:26 RAM 3828/7620MB (lfb 1x1MB) SWAP 2374/12002MB (cached 119MB) CPU [0%@1728,0%@1728,0%@1728,100%@1728,0%@1728,0%@1728] GR3D_FREQ 5% cpu@57.187C soc2@55.843C soc0@56.937C gpu@56.781C tj@58.062C soc1@58.062C VDD_IN 8656mW/8667mW VDD_CPU_GPU_CV 2621mW/2633mW VDD_SOC 2625mW/2625mW
08-04-2026 13:54:26 RAM 3828/7620MB (lfb 1x1MB) SWAP 2374/12002MB (cached 119MB) CPU [0%@1728,0%@1728,0%@1728,100%@1728,0%@1728,0%@1728] GR3D_FREQ 5% cpu@57C soc2@55.75C soc0@56.656C gpu@56.781C tj@58.125C soc1@58.187C VDD_IN 8628mW/8667mW VDD_CPU_GPU_CV 2621mW/2633mW VDD_SOC 2625mW/2625mW
08-04-2026 13:54:26 RAM 3817/7620MB (lfb 1x1MB) SWAP 2374/12002MB (cached 119MB) CPU [0%@1728,0%@1728,0%@1728,100%@1728,0%@1728,0%@1728] GR3D_FREQ 5% cpu@57.062C soc2@55.75C soc0@56.593C gpu@56.937C tj@58.187C soc1@58.187C VDD_IN 8615mW/8667mW VDD_CPU_GPU_CV 2621mW/2633mW VDD_SOC 2625mW/2625mW
08-04-2026 13:54:26 RAM 3813/7620MB (lfb 1x1MB) SWAP 2374/12002MB (cached 119MB) CPU [16%@1728,0%@1728,9%@1728,100%@1728,18%@1728,9%@1728] GR3D_FREQ 5% cpu@57.093C soc2@55.781C soc0@56.781C gpu@56.75C tj@58.218C soc1@58.218C VDD_IN 8697mW/8667mW VDD_CPU_GPU_CV 2662mW/2633mW VDD_SOC 2625mW/2625mW
08-04-2026 13:54:26 RAM 3813/7620MB (lfb 1x1MB) SWAP 2374/12002MB (cached 119MB) CPU [0%@1728,9%@1728,0%@1728,100%@1728,0%@1728,0%@1728] GR3D_FREQ 5% cpu@57.187C soc2@55.812C soc0@56.781C gpu@56.718C tj@58.093C soc1@58.093C VDD_IN 8697mW/8667mW VDD_CPU_GPU_CV 2662mW/2633mW VDD_SOC 2625mW/2625mW
08-04-2026 13:54:26 RAM 3813/7620MB (lfb 1x1MB) SWAP 2374/12002MB (cached 119MB) CPU [0%@1728,0%@1728,0%@1728,100%@1728,0%@1728,0%@1728] GR3D_FREQ 5% cpu@57.218C soc2@55.812C soc0@56.593C gpu@56.812C tj@58.156C soc1@58.156C VDD_IN 8697mW/8667mW VDD_CPU_GPU_CV 2662mW/2633mW VDD_SOC 2625mW/2625mW
08-04-2026 13:54:26 RAM 3813/7620MB (lfb 1x1MB) SWAP 2374/12002MB (cached 119MB) CPU [0%@1728,0%@1728,0%@1728,100%@1728,0%@1728,0%@1728] GR3D_FREQ 5% cpu@57C soc2@55.812C soc0@56.718C gpu@56.812C tj@58.125C soc1@58.125C VDD_IN 8656mW/8667mW VDD_CPU_GPU_CV 2662mW/2633mW VDD_SOC 2625mW/2625mW
08-04-2026 13:54:27 RAM 3813/7620MB (lfb 1x1MB) SWAP 2374/12002MB (cached 119MB) CPU [0%@1728,0%@1728,0%@1728,100%@1728,0%@1728,0%@1728] GR3D_FREQ 5% cpu@57.218C soc2@55.781C soc0@56.718C gpu@57.25C tj@58.281C soc1@58.281C VDD_IN 8656mW/8667mW VDD_CPU_GPU_CV 2621mW/2633mW VDD_SOC 2625mW/2625mW
08-04-2026 13:54:27 RAM 3813/7620MB (lfb 1x1MB) SWAP 2374/12002MB (cached 119MB) CPU [0%@1728,0%@1728,0%@1728,100%@1728,0%@1728,0%@1728] GR3D_FREQ 5% cpu@57.125C soc2@55.812C soc0@56.781C gpu@56.843C tj@58.343C soc1@58.125C VDD_IN 8656mW/8667mW VDD_CPU_GPU_CV 2621mW/2633mW VDD_SOC 2625mW/2625mW
08-04-2026 13:54:27 RAM 3813/7620MB (lfb 1x1MB) SWAP 2374/12002MB (cached 119MB) CPU [0%@1728,8%@1728,0%@1728,100%@1728,0%@1728,8%@1728] GR3D_FREQ 5% cpu@57.281C soc2@55.875C soc0@56.562C gpu@56.781C tj@58.218C soc1@58.218C VDD_IN 8656mW/8667mW VDD_CPU_GPU_CV 2621mW/2633mW VDD_SOC 2625mW/2625mW
08-04-2026 13:54:27 RAM 3813/7620MB (lfb 1x1MB) SWAP 2374/12002MB (cached 119MB) CPU [0%@1728,0%@1728,0%@1728,100%@1728,0%@1728,0%@1728] GR3D_FREQ 5% cpu@56.968C soc2@55.75C soc0@56.656C gpu@57.375C tj@58.156C soc1@58.156C VDD_IN 8656mW/8667mW VDD_CPU_GPU_CV 2621mW/2633mW VDD_SOC 2625mW/2625mW
08-04-2026 13:54:27 RAM 3813/7620MB (lfb 1x1MB) SWAP 2374/12002MB (cached 119MB) CPU [0%@1728,0%@1728,0%@1728,100%@1728,0%@1728,0%@1728] GR3D_FREQ 5% cpu@57.031C soc2@55.812C soc0@56.718C gpu@56.812C tj@58.218C soc1@58.218C VDD_IN 8669mW/8667mW VDD_CPU_GPU_CV 2621mW/2633mW VDD_SOC 2625mW/2625mW
08-04-2026 13:54:27 RAM 3813/7620MB (lfb 1x1MB) SWAP 2374/12002MB (cached 119MB) CPU [0%@1728,0%@1728,0%@1728,100%@1728,9%@1728,0%@1728] GR3D_FREQ 5% cpu@57.156C soc2@55.843C soc0@56.718C gpu@56.781C tj@58.343C soc1@58.343C VDD_IN 8656mW/8667mW VDD_CPU_GPU_CV 2621mW/2633mW VDD_SOC 2625mW/2625mW
08-04-2026 13:54:27 RAM 3813/7620MB (lfb 1x1MB) SWAP 2374/12002MB (cached 119MB) CPU [8%@1728,9%@1728,9%@1728,100%@1728,0%@1728,0%@1728] GR3D_FREQ 5% cpu@57.125C soc2@55.937C soc0@56.906C gpu@57.187C tj@58.093C soc1@58.093C VDD_IN 8656mW/8667mW VDD_CPU_GPU_CV 2621mW/2633mW VDD_SOC 2625mW/2625mW
08-04-2026 13:54:27 RAM 3819/7620MB (lfb 1x1MB) SWAP 2374/12002MB (cached 119MB) CPU [10%@1728,0%@1728,10%@1728,100%@1728,9%@1728,0%@1728] GR3D_FREQ 5% cpu@57.343C soc2@55.781C soc0@56.656C gpu@56.843C tj@58.062C soc1@58.062C VDD_IN 8738mW/8667mW VDD_CPU_GPU_CV 2703mW/2633mW VDD_SOC 2625mW/2625mW
08-04-2026 13:54:27 RAM 3819/7620MB (lfb 1x1MB) SWAP 2374/12002MB (cached 119MB) CPU [0%@1728,0%@1728,0%@1728,100%@1728,0%@1728,0%@1728] GR3D_FREQ 5% cpu@57.062C soc2@55.781C soc0@56.781C gpu@56.75C tj@58.156C soc1@58.156C VDD_IN 8697mW/8667mW VDD_CPU_GPU_CV 2662mW/2633mW VDD_SOC 2625mW/2625mW
08-04-2026 13:54:27 RAM 3819/7620MB (lfb 1x1MB) SWAP 2374/12002MB (cached 119MB) CPU [0%@1728,0%@1728,0%@1728,100%@1728,0%@1728,0%@1728] GR3D_FREQ 5% cpu@57.125C soc2@55.781C soc0@56.656C gpu@56.875C tj@58.281C soc1@58.281C VDD_IN 8697mW/8667mW VDD_CPU_GPU_CV 2662mW/2633mW VDD_SOC 2625mW/2625mW
08-04-2026 13:54:28 RAM 3819/7620MB (lfb 1x1MB) SWAP 2374/12002MB (cached 119MB) CPU [0%@1728,0%@1728,0%@1728,100%@1728,0%@1728,9%@1728] GR3D_FREQ 5% cpu@57.125C soc2@55.875C soc0@56.781C gpu@56.875C tj@58.375C soc1@58.093C VDD_IN 8697mW/8667mW VDD_CPU_GPU_CV 2662mW/2633mW VDD_SOC 2625mW/2625mW
08-04-2026 13:54:28 RAM 3819/7620MB (lfb 1x1MB) SWAP 2374/12002MB (cached 119MB) CPU [0%@1728,0%@1728,0%@1728,100%@1728,0%@1728,0%@1728] GR3D_FREQ 5% cpu@57.25C soc2@55.781C soc0@56.562C gpu@56.781C tj@58.093C soc1@58.093C VDD_IN 8656mW/8667mW VDD_CPU_GPU_CV 2662mW/2633mW VDD_SOC 2625mW/2625mW
08-04-2026 13:54:28 RAM 3819/7620MB (lfb 1x1MB) SWAP 2374/12002MB (cached 119MB) CPU [0%@1728,0%@1728,0%@1728,100%@1728,0%@1728,0%@1728] GR3D_FREQ 5% cpu@57.062C soc2@55.718C soc0@56.593C gpu@56.937C tj@58.156C soc1@58.156C VDD_IN 8669mW/8667mW VDD_CPU_GPU_CV 2621mW/2633mW VDD_SOC 2625mW/2625mW
08-04-2026 13:54:28 RAM 3819/7620MB (lfb 1x1MB) SWAP 2374/12002MB (cached 119MB) CPU [0%@1728,0%@1728,0%@1728,100%@1728,0%@1728,0%@1728] GR3D_FREQ 5% cpu@57.125C soc2@55.75C soc0@56.656C gpu@56.812C tj@58.156C soc1@58.156C VDD_IN 8669mW/8667mW VDD_CPU_GPU_CV 2621mW/2633mW VDD_SOC 2625mW/2625mW
08-04-2026 13:54:28 RAM 3819/7620MB (lfb 1x1MB) SWAP 2374/12002MB (cached 119MB) CPU [0%@1728,0%@1728,0%@1728,100%@1728,0%@1728,0%@1728] GR3D_FREQ 5% cpu@57.125C soc2@55.843C soc0@56.781C gpu@56.812C tj@58.343C soc1@58.343C VDD_IN 8669mW/8667mW VDD_CPU_GPU_CV 2621mW/2633mW VDD_SOC 2625mW/2625mW
08-04-2026 13:54:28 RAM 3819/7620MB (lfb 1x1MB) SWAP 2374/12002MB (cached 119MB) CPU [0%@1728,0%@1728,0%@1728,100%@1728,0%@1728,0%@1728] GR3D_FREQ 5% cpu@57.25C soc2@55.906C soc0@56.812C gpu@56.906C tj@58.062C soc1@58.062C VDD_IN 8656mW/8667mW VDD_CPU_GPU_CV 2621mW/2633mW VDD_SOC 2625mW/2625mW
08-04-2026 13:54:28 RAM 3819/7620MB (lfb 1x1MB) SWAP 2374/12002MB (cached 119MB) CPU [0%@1728,0%@1728,0%@1728,100%@1728,0%@1728,0%@1728] GR3D_FREQ 5% cpu@57.25C soc2@55.75C soc0@56.625C gpu@56.843C tj@58.093C soc1@58.187C VDD_IN 8656mW/8667mW VDD_CPU_GPU_CV 2662mW/2633mW VDD_SOC 2625mW/2625mW
08-04-2026 13:54:28 RAM 3819/7620MB (lfb 1x1MB) SWAP 2374/12002MB (cached 119MB) CPU [0%@1728,0%@1728,0%@1728,100%@1728,0%@1728,0%@1728] GR3D_FREQ 5% cpu@57.125C soc2@55.812C soc0@56.625C gpu@57.25C tj@58.187C soc1@58.187C VDD_IN 8656mW/8667mW VDD_CPU_GPU_CV 2621mW/2633mW VDD_SOC 2625mW/2625mW
08-04-2026 13:54:28 RAM 3819/7620MB (lfb 1x1MB) SWAP 2374/12002MB (cached 119MB) CPU [0%@1728,0%@1728,0%@1728,100%@1728,0%@1728,0%@1728] GR3D_FREQ 5% cpu@57.062C soc2@55.843C soc0@56.718C gpu@56.812C tj@58.25C soc1@58.25C VDD_IN 8656mW/8667mW VDD_CPU_GPU_CV 2621mW/2633mW VDD_SOC 2625mW/2625mW
08-04-2026 13:54:29 RAM 3819/7620MB (lfb 1x1MB) SWAP 2374/12002MB (cached 119MB) CPU [0%@1728,0%@1728,0%@1728,100%@1728,0%@1728,0%@1728] GR3D_FREQ 5% cpu@57.187C soc2@55.875C soc0@56.687C gpu@56.781C tj@58.375C soc1@58.062C VDD_IN 8656mW/8667mW VDD_CPU_GPU_CV 2621mW/2633mW VDD_SOC 2625mW/2625mW
08-04-2026 13:54:29 RAM 3819/7620MB (lfb 1x1MB) SWAP 2374/12002MB (cached 119MB) CPU [8%@1728,0%@1728,0%@1728,100%@1728,0%@1728,0%@1728] GR3D_FREQ 5% cpu@57.218C soc2@55.718C soc0@56.593C gpu@57.218C tj@58.156C soc1@58.156C VDD_IN 8669mW/8667mW VDD_CPU_GPU_CV 2621mW/2633mW VDD_SOC 2625mW/2625mW
08-04-2026 13:54:29 RAM 3819/7620MB (lfb 1x1MB) SWAP 2374/12002MB (cached 119MB) CPU [0%@1728,0%@1728,0%@1728,100%@1728,18%@1728,0%@1728] GR3D_FREQ 5% cpu@57.031C soc2@55.812C soc0@56.687C gpu@56.875C tj@58.187C soc1@58.187C VDD_IN 8669mW/8667mW VDD_CPU_GPU_CV 2621mW/2633mW VDD_SOC 2625mW/2625mW
08-04-2026 13:54:29 RAM 3819/7620MB (lfb 1x1MB) SWAP 2374/12002MB (cached 119MB) CPU [0%@1728,0%@1728,0%@1728,100%@1728,0%@1728,9%@1728] GR3D_FREQ 5% cpu@57.062C soc2@55.75C soc0@56.718C gpu@56.843C tj@58.156C soc1@58.281C VDD_IN 8669mW/8667mW VDD_CPU_GPU_CV 2621mW/2633mW VDD_SOC 2625mW/2625mW
08-04-2026 13:54:29 RAM 3819/7620MB (lfb 1x1MB) SWAP 2374/12002MB (cached 119MB) CPU [0%@1728,0%@1728,0%@1728,100%@1728,0%@1728,0%@1728] GR3D_FREQ 5% cpu@57C soc2@55.906C soc0@56.75C gpu@56.875C tj@58.312C soc1@58.312C VDD_IN 8669mW/8667mW VDD_CPU_GPU_CV 2621mW/2633mW VDD_SOC 2625mW/2625mW
08-04-2026 13:54:29 RAM 3819/7620MB (lfb 1x1MB) SWAP 2374/12002MB (cached 119MB) CPU [0%@1728,0%@1728,0%@1728,100%@1728,0%@1728,0%@1728] GR3D_FREQ 5% cpu@57.156C soc2@55.843C soc0@56.875C gpu@56.875C tj@58.281C soc1@58.281C VDD_IN 8669mW/8667mW VDD_CPU_GPU_CV 2621mW/2633mW VDD_SOC 2625mW/2625mW
08-04-2026 13:54:29 RAM 3819/7620MB (lfb 1x1MB) SWAP 2374/12002MB (cached 119MB) CPU [0%@1728,9%@1728,0%@1728,100%@1728,0%@1728,0%@1728] GR3D_FREQ 5% cpu@57.093C soc2@55.75C soc0@56.656C gpu@56.781C tj@58.218C soc1@58.156C VDD_IN 8669mW/8667mW VDD_CPU_GPU_CV 2621mW/2633mW VDD_SOC 2625mW/2625mW
08-04-2026 13:54:29 RAM 3819/7620MB (lfb 1x1MB) SWAP 2374/12002MB (cached 119MB) CPU [0%@1728,8%@1728,0%@1728,100%@1728,0%@1728,0%@1728] GR3D_FREQ 5% cpu@57.187C soc2@55.812C soc0@56.656C gpu@56.875C tj@58.156C soc1@58.156C VDD_IN 8669mW/8667mW VDD_CPU_GPU_CV 2621mW/2633mW VDD_SOC 2625mW/2625mW
08-04-2026 13:54:29 RAM 3819/7620MB (lfb 1x1MB) SWAP 2374/12002MB (cached 119MB) CPU [9%@1728,0%@1728,0%@1728,100%@1728,0%@1728,0%@1728] GR3D_FREQ 5% cpu@57.125C soc2@55.875C soc0@56.687C gpu@56.781C tj@58.343C soc1@58.343C VDD_IN 8669mW/8667mW VDD_CPU_GPU_CV 2621mW/2633mW VDD_SOC 2625mW/2625mW
08-04-2026 13:54:29 RAM 3819/7620MB (lfb 1x1MB) SWAP 2374/12002MB (cached 119MB) CPU [8%@1728,0%@1728,0%@1728,100%@1728,0%@1728,0%@1728] GR3D_FREQ 5% cpu@57.25C soc2@55.812C soc0@56.781C gpu@56.75C tj@58.375C soc1@58.125C VDD_IN 8669mW/8667mW VDD_CPU_GPU_CV 2621mW/2633mW VDD_SOC 2625mW/2625mW
08-04-2026 13:54:30 RAM 3819/7620MB (lfb 1x1MB) SWAP 2374/12002MB (cached 119MB) CPU [0%@1728,0%@1728,0%@1728,100%@1728,0%@1728,0%@1728] GR3D_FREQ 5% cpu@57.125C soc2@55.687C soc0@56.593C gpu@56.843C tj@58.156C soc1@58.156C VDD_IN 8669mW/8667mW VDD_CPU_GPU_CV 2621mW/2633mW VDD_SOC 2625mW/2625mW
08-04-2026 13:54:30 RAM 3819/7620MB (lfb 1x1MB) SWAP 2374/12002MB (cached 119MB) CPU [0%@1728,0%@1728,0%@1728,100%@1728,0%@1728,8%@1728] GR3D_FREQ 5% cpu@57.093C soc2@55.75C soc0@56.656C gpu@56.781C tj@58.125C soc1@58.125C VDD_IN 8669mW/8667mW VDD_CPU_GPU_CV 2621mW/2633mW VDD_SOC 2625mW/2625mW
08-04-2026 13:54:30 RAM 3819/7620MB (lfb 1x1MB) SWAP 2374/12002MB (cached 119MB) CPU [0%@1728,0%@1728,0%@1728,100%@1728,0%@1728,0%@1728] GR3D_FREQ 5% cpu@57.125C soc2@55.812C soc0@56.718C gpu@56.75C tj@58.156C soc1@58.156C VDD_IN 8669mW/8667mW VDD_CPU_GPU_CV 2621mW/2633mW VDD_SOC 2625mW/2625mW
08-04-2026 13:54:30 RAM 3819/7620MB (lfb 1x1MB) SWAP 2374/12002MB (cached 119MB) CPU [0%@1728,0%@1728,0%@1728,100%@1728,0%@1728,0%@1728] GR3D_FREQ 5% cpu@57.125C soc2@55.812C soc0@56.781C gpu@56.906C tj@58.343C soc1@58.343C VDD_IN 8669mW/8667mW VDD_CPU_GPU_CV 2621mW/2633mW VDD_SOC 2625mW/2625mW
08-04-2026 13:54:30 RAM 3819/7620MB (lfb 1x1MB) SWAP 2374/12002MB (cached 119MB) CPU [0%@1728,0%@1728,0%@1728,100%@1728,0%@1728,0%@1728] GR3D_FREQ 5% cpu@57.093C soc2@55.906C soc0@56.906C gpu@56.875C tj@58.125C soc1@58.125C VDD_IN 8628mW/8667mW VDD_CPU_GPU_CV 2621mW/2633mW VDD_SOC 2625mW/2625mW
08-04-2026 13:54:30 RAM 3819/7620MB (lfb 1x1MB) SWAP 2374/12002MB (cached 119MB) CPU [0%@1728,0%@1728,0%@1728,100%@1728,8%@1728,9%@1728] GR3D_FREQ 5% cpu@57.406C soc2@55.718C soc0@56.687C gpu@56.937C tj@58.156C soc1@58.156C VDD_IN 8669mW/8667mW VDD_CPU_GPU_CV 2621mW/2633mW VDD_SOC 2625mW/2625mW
08-04-2026 13:54:30 RAM 3819/7620MB (lfb 1x1MB) SWAP 2374/12002MB (cached 119MB) CPU [0%@1728,9%@1728,0%@1728,100%@1728,0%@1728,0%@1728] GR3D_FREQ 5% cpu@57.093C soc2@55.718C soc0@56.75C gpu@56.812C tj@58.156C soc1@58.156C VDD_IN 8669mW/8667mW VDD_CPU_GPU_CV 2621mW/2633mW VDD_SOC 2625mW/2625mW
08-04-2026 13:54:30 RAM 3819/7620MB (lfb 1x1MB) SWAP 2374/12002MB (cached 119MB) CPU [0%@1728,9%@1728,0%@1728,100%@1728,0%@1728,0%@1728] GR3D_FREQ 5% cpu@57.125C soc2@55.812C soc0@56.687C gpu@56.812C tj@58.343C soc1@58.343C VDD_IN 8669mW/8667mW VDD_CPU_GPU_CV 2621mW/2633mW VDD_SOC 2625mW/2625mW
08-04-2026 13:54:30 RAM 3819/7620MB (lfb 1x1MB) SWAP 2374/12002MB (cached 119MB) CPU [0%@1728,0%@1728,9%@1728,100%@1728,0%@1728,0%@1728] GR3D_FREQ 5% cpu@57.156C soc2@55.937C soc0@56.843C gpu@56.843C tj@58.406C soc1@58.406C VDD_IN 8669mW/8667mW VDD_CPU_GPU_CV 2621mW/2633mW VDD_SOC 2625mW/2625mW
08-04-2026 13:54:31 RAM 3824/7620MB (lfb 1x1MB) SWAP 2374/12002MB (cached 119MB) CPU [9%@1728,9%@1728,20%@1728,100%@1728,16%@1728,16%@1728] GR3D_FREQ 5% cpu@57.406C soc2@55.718C soc0@56.593C gpu@56.937C tj@58.093C soc1@58.093C VDD_IN 8738mW/8667mW VDD_CPU_GPU_CV 2662mW/2633mW VDD_SOC 2625mW/2625mW
08-04-2026 13:54:31 RAM 3824/7620MB (lfb 1x1MB) SWAP 2374/12002MB (cached 119MB) CPU [0%@1728,0%@1728,9%@1728,100%@1728,0%@1728,0%@1728] GR3D_FREQ 5% cpu@57.062C soc2@55.812C soc0@56.687C gpu@56.781C tj@58.093C soc1@58.093C VDD_IN 8697mW/8667mW VDD_CPU_GPU_CV 2662mW/2633mW VDD_SOC 2625mW/2625mW
08-04-2026 13:54:31 RAM 3824/7620MB (lfb 1x1MB) SWAP 2374/12002MB (cached 119MB) CPU [0%@1728,0%@1728,0%@1728,100%@1728,0%@1728,0%@1728] GR3D_FREQ 5% cpu@57.125C soc2@55.875C soc0@56.75C gpu@56.968C tj@58.312C soc1@58.312C VDD_IN 8697mW/8667mW VDD_CPU_GPU_CV 2662mW/2633mW VDD_SOC 2625mW/2625mW
08-04-2026 13:54:31 RAM 3824/7620MB (lfb 1x1MB) SWAP 2374/12002MB (cached 119MB) CPU [0%@1728,0%@1728,0%@1728,100%@1728,0%@1728,0%@1728] GR3D_FREQ 5% cpu@57.156C soc2@55.812C soc0@56.812C gpu@56.843C tj@58.375C soc1@58.375C VDD_IN 8697mW/8667mW VDD_CPU_GPU_CV 2662mW/2633mW VDD_SOC 2625mW/2625mW
08-04-2026 13:54:31 RAM 3824/7620MB (lfb 1x1MB) SWAP 2374/12002MB (cached 119MB) CPU [0%@1728,0%@1728,0%@1728,100%@1728,0%@1728,0%@1728] GR3D_FREQ 5% cpu@57.25C soc2@55.875C soc0@56.625C gpu@56.75C tj@58.156C soc1@58.156C VDD_IN 8656mW/8667mW VDD_CPU_GPU_CV 2662mW/2633mW VDD_SOC 2625mW/2625mW
08-04-2026 13:54:31 RAM 3824/7620MB (lfb 1x1MB) SWAP 2374/12002MB (cached 119MB) CPU [0%@1728,9%@1728,0%@1728,100%@1728,0%@1728,0%@1728] GR3D_FREQ 5% cpu@57.093C soc2@55.75C soc0@56.593C gpu@56.875C tj@58.187C soc1@58.187C VDD_IN 8656mW/8667mW VDD_CPU_GPU_CV 2662mW/2633mW VDD_SOC 2625mW/2625mW
08-04-2026 13:54:31 RAM 3824/7620MB (lfb 1x1MB) SWAP 2374/12002MB (cached 119MB) CPU [0%@1728,0%@1728,9%@1728,100%@1728,0%@1728,0%@1728] GR3D_FREQ 5% cpu@57.187C soc2@55.875C soc0@56.718C gpu@56.812C tj@58.218C soc1@58.218C VDD_IN 8697mW/8667mW VDD_CPU_GPU_CV 2662mW/2633mW VDD_SOC 2625mW/2625mW
08-04-2026 13:54:31 RAM 3824/7620MB (lfb 1x1MB) SWAP 2374/12002MB (cached 119MB) CPU [8%@1728,0%@1728,0%@1728,100%@1728,0%@1728,0%@1728] GR3D_FREQ 5% cpu@57.156C soc2@55.843C soc0@56.718C gpu@56.781C tj@58.406C soc1@58.406C VDD_IN 8656mW/8667mW VDD_CPU_GPU_CV 2662mW/2633mW VDD_SOC 2625mW/2625mW
08-04-2026 13:54:31 RAM 3824/7620MB (lfb 1x1MB) SWAP 2374/12002MB (cached 119MB) CPU [0%@1728,0%@1728,0%@1728,100%@1728,0%@1728,0%@1728] GR3D_FREQ 5% cpu@57.125C soc2@55.875C soc0@56.781C gpu@56.812C tj@58.156C soc1@58.156C VDD_IN 8669mW/8667mW VDD_CPU_GPU_CV 2621mW/2633mW VDD_SOC 2625mW/2625mW
08-04-2026 13:54:31 RAM 3824/7620MB (lfb 1x1MB) SWAP 2374/12002MB (cached 119MB) CPU [0%@1728,9%@1728,0%@1728,100%@1728,0%@1728,0%@1728] GR3D_FREQ 5% cpu@57.25C soc2@55.843C soc0@56.687C gpu@56.812C tj@58.093C soc1@58.093C VDD_IN 8669mW/8667mW VDD_CPU_GPU_CV 2621mW/2633mW VDD_SOC 2625mW/2625mW
08-04-2026 13:54:32 RAM 3824/7620MB (lfb 1x1MB) SWAP 2374/12002MB (cached 119MB) CPU [9%@1728,0%@1728,0%@1728,100%@1728,0%@1728,0%@1728] GR3D_FREQ 5% cpu@57.062C soc2@55.812C soc0@56.625C gpu@57.031C tj@58.187C soc1@58.187C VDD_IN 8669mW/8667mW VDD_CPU_GPU_CV 2621mW/2633mW VDD_SOC 2625mW/2625mW
08-04-2026 13:54:32 RAM 3824/7620MB (lfb 1x1MB) SWAP 2374/12002MB (cached 119MB) CPU [0%@1728,0%@1728,0%@1728,100%@1728,0%@1728,0%@1728] GR3D_FREQ 5% cpu@57.25C soc2@55.812C soc0@56.625C gpu@56.875C tj@58.187C soc1@58.187C VDD_IN 8669mW/8667mW VDD_CPU_GPU_CV 2621mW/2633mW VDD_SOC 2625mW/2625mW
08-04-2026 13:54:32 RAM 3824/7620MB (lfb 1x1MB) SWAP 2374/12002MB (cached 119MB) CPU [0%@1728,0%@1728,0%@1728,100%@1728,0%@1728,0%@1728] GR3D_FREQ 5% cpu@57.125C soc2@55.812C soc0@56.812C gpu@56.812C tj@58.437C soc1@58.437C VDD_IN 8669mW/8667mW VDD_CPU_GPU_CV 2621mW/2633mW VDD_SOC 2625mW/2625mW
08-04-2026 13:54:32 RAM 3824/7620MB (lfb 1x1MB) SWAP 2374/12002MB (cached 119MB) CPU [0%@1728,0%@1728,0%@1728,100%@1728,0%@1728,9%@1728] GR3D_FREQ 5% cpu@57.218C soc2@55.75C soc0@56.593C gpu@56.968C tj@58.125C soc1@58.125C VDD_IN 8669mW/8667mW VDD_CPU_GPU_CV 2621mW/2633mW VDD_SOC 2625mW/2625mW
08-04-2026 13:54:32 RAM 3824/7620MB (lfb 1x1MB) SWAP 2374/12002MB (cached 119MB) CPU [0%@1728,0%@1728,0%@1728,100%@1728,0%@1728,0%@1728] GR3D_FREQ 5% cpu@57.312C soc2@55.75C soc0@56.656C gpu@56.875C tj@58.156C soc1@58.156C VDD_IN 8669mW/8667mW VDD_CPU_GPU_CV 2621mW/2633mW VDD_SOC 2625mW/2625mW
08-04-2026 13:54:32 RAM 3824/7620MB (lfb 1x1MB) SWAP 2374/12002MB (cached 119MB) CPU [0%@1728,0%@1728,0%@1728,100%@1728,0%@1728,0%@1728] GR3D_FREQ 5% cpu@57.125C soc2@55.687C soc0@56.656C gpu@56.75C tj@58.187C soc1@58.187C VDD_IN 8669mW/8667mW VDD_CPU_GPU_CV 2621mW/2633mW VDD_SOC 2625mW/2625mW
08-04-2026 13:54:32 RAM 3824/7620MB (lfb 1x1MB) SWAP 2374/12002MB (cached 119MB) CPU [0%@1728,0%@1728,0%@1728,100%@1728,0%@1728,0%@1728] GR3D_FREQ 5% cpu@57.125C soc2@55.812C soc0@56.718C gpu@56.843C tj@58.406C soc1@58.406C VDD_IN 8669mW/8667mW VDD_CPU_GPU_CV 2621mW/2633mW VDD_SOC 2625mW/2625mW
08-04-2026 13:54:32 RAM 3824/7620MB (lfb 1x1MB) SWAP 2374/12002MB (cached 119MB) CPU [0%@1728,0%@1728,0%@1728,100%@1728,0%@1728,0%@1728] GR3D_FREQ 5% cpu@57.25C soc2@55.906C soc0@56.968C gpu@56.906C tj@58.437C soc1@58.062C VDD_IN 8669mW/8667mW VDD_CPU_GPU_CV 2621mW/2633mW VDD_SOC 2625mW/2625mW
08-04-2026 13:54:32 RAM 3824/7620MB (lfb 1x1MB) SWAP 2374/12002MB (cached 119MB) CPU [0%@1728,0%@1728,0%@1728,100%@1728,8%@1728,0%@1728] GR3D_FREQ 5% cpu@57.25C soc2@55.75C soc0@56.656C gpu@56.781C tj@58.25C soc1@58.25C VDD_IN 8669mW/8667mW VDD_CPU_GPU_CV 2621mW/2633mW VDD_SOC 2625mW/2625mW
08-04-2026 13:54:32 RAM 3824/7620MB (lfb 1x1MB) SWAP 2374/12002MB (cached 119MB) CPU [0%@1728,0%@1728,8%@1728,100%@1728,0%@1728,0%@1728] GR3D_FREQ 5% cpu@57.031C soc2@55.812C soc0@56.687C gpu@56.906C tj@58.187C soc1@58.187C VDD_IN 8669mW/8667mW VDD_CPU_GPU_CV 2621mW/2633mW VDD_SOC 2625mW/2625mW
08-04-2026 13:54:33 RAM 3824/7620MB (lfb 1x1MB) SWAP 2374/12002MB (cached 119MB) CPU [0%@1728,0%@1728,0%@1728,100%@1728,0%@1728,0%@1728] GR3D_FREQ 5% cpu@57.125C soc2@55.812C soc0@56.718C gpu@56.812C tj@58.25C soc1@58.25C VDD_IN 8669mW/8667mW VDD_CPU_GPU_CV 2621mW/2633mW VDD_SOC 2625mW/2625mW
08-04-2026 13:54:33 RAM 3824/7620MB (lfb 1x1MB) SWAP 2374/12002MB (cached 119MB) CPU [0%@1728,0%@1728,0%@1728,100%@1728,0%@1728,0%@1728] GR3D_FREQ 5% cpu@57.093C soc2@55.875C soc0@56.812C gpu@57.031C tj@58.437C soc1@58.437C VDD_IN 8669mW/8667mW VDD_CPU_GPU_CV 2621mW/2633mW VDD_SOC 2625mW/2625mW
08-04-2026 13:54:33 RAM 3824/7620MB (lfb 1x1MB) SWAP 2374/12002MB (cached 119MB) CPU [9%@1728,0%@1728,9%@1728,100%@1728,0%@1728,0%@1728] GR3D_FREQ 5% cpu@57.218C soc2@55.812C soc0@56.656C gpu@56.843C tj@58.156C soc1@58.156C VDD_IN 8628mW/8667mW VDD_CPU_GPU_CV 2621mW/2633mW VDD_SOC 2625mW/2625mW
08-04-2026 13:54:33 RAM 3824/7620MB (lfb 1x1MB) SWAP 2374/12002MB (cached 119MB) CPU [0%@1728,0%@1728,0%@1728,100%@1728,0%@1728,0%@1728] GR3D_FREQ 5% cpu@57.25C soc2@55.812C soc0@56.718C gpu@56.875C tj@58.156C soc1@58.156C VDD_IN 8628mW/8667mW VDD_CPU_GPU_CV 2621mW/2633mW VDD_SOC 2625mW/2625mW
08-04-2026 13:54:33 RAM 3824/7620MB (lfb 1x1MB) SWAP 2374/12002MB (cached 119MB) CPU [0%@1728,0%@1728,0%@1728,100%@1728,0%@1728,0%@1728] GR3D_FREQ 5% cpu@57.156C soc2@55.843C soc0@56.718C gpu@57C tj@58.281C soc1@58.281C VDD_IN 8669mW/8667mW VDD_CPU_GPU_CV 2621mW/2633mW VDD_SOC 2625mW/2625mW
08-04-2026 13:54:33 RAM 3824/7620MB (lfb 1x1MB) SWAP 2374/12002MB (cached 119MB) CPU [0%@1728,0%@1728,0%@1728,100%@1728,9%@1728,0%@1728] GR3D_FREQ 5% cpu@57.156C soc2@55.781C soc0@56.687C gpu@56.875C tj@58.406C soc1@58.406C VDD_IN 8669mW/8667mW VDD_CPU_GPU_CV 2621mW/2633mW VDD_SOC 2625mW/2625mW
08-04-2026 13:54:33 RAM 3824/7620MB (lfb 1x1MB) SWAP 2374/12002MB (cached 119MB) CPU [0%@1728,0%@1728,0%@1728,100%@1728,0%@1728,0%@1728] GR3D_FREQ 5% cpu@57.25C soc2@55.875C soc0@56.906C gpu@56.781C tj@58.093C soc1@58.093C VDD_IN 8669mW/8667mW VDD_CPU_GPU_CV 2621mW/2633mW VDD_SOC 2625mW/2625mW
08-04-2026 13:54:33 RAM 3824/7620MB (lfb 1x1MB) SWAP 2374/12002MB (cached 119MB) CPU [0%@1728,0%@1728,0%@1728,100%@1728,0%@1728,0%@1728] GR3D_FREQ 5% cpu@57.281C soc2@55.812C soc0@56.656C gpu@56.968C tj@58.187C soc1@58.187C VDD_IN 8669mW/8667mW VDD_CPU_GPU_CV 2621mW/2633mW VDD_SOC 2625mW/2625mW
08-04-2026 13:54:33 RAM 3824/7620MB (lfb 1x1MB) SWAP 2374/12002MB (cached 119MB) CPU [0%@1728,0%@1728,0%@1728,100%@1728,0%@1728,0%@1728] GR3D_FREQ 5% cpu@57.093C soc2@55.781C soc0@56.781C gpu@56.843C tj@58.25C soc1@58.25C VDD_IN 8669mW/8667mW VDD_CPU_GPU_CV 2621mW/2633mW VDD_SOC 2625mW/2625mW
08-04-2026 13:54:34 RAM 3824/7620MB (lfb 1x1MB) SWAP 2374/12002MB (cached 119MB) CPU [0%@1728,0%@1728,0%@1728,100%@1728,0%@1728,0%@1728] GR3D_FREQ 5% cpu@57.093C soc2@55.718C soc0@56.781C gpu@56.937C tj@58.25C soc1@58.25C VDD_IN 8669mW/8667mW VDD_CPU_GPU_CV 2621mW/2633mW VDD_SOC 2625mW/2625mW
08-04-2026 13:54:34 RAM 3824/7620MB (lfb 1x1MB) SWAP 2374/12002MB (cached 119MB) CPU [9%@1728,0%@1728,0%@1728,100%@1728,0%@1728,0%@1728] GR3D_FREQ 5% cpu@57C soc2@55.843C soc0@56.843C gpu@57C tj@58.437C soc1@58.437C VDD_IN 8669mW/8667mW VDD_CPU_GPU_CV 2621mW/2633mW VDD_SOC 2625mW/2625mW
08-04-2026 13:54:34 RAM 3825/7620MB (lfb 1x1MB) SWAP 2374/12002MB (cached 119MB) CPU [0%@1728,0%@1728,27%@1728,100%@1728,0%@1728,0%@1728] GR3D_FREQ 5% cpu@57.312C soc2@55.875C soc0@56.625C gpu@56.906C tj@58.125C soc1@58.125C VDD_IN 8697mW/8667mW VDD_CPU_GPU_CV 2662mW/2633mW VDD_SOC 2625mW/2625mW
08-04-2026 13:54:34 RAM 3825/7620MB (lfb 1x1MB) SWAP 2374/12002MB (cached 119MB) CPU [0%@1728,0%@1728,0%@1728,100%@1728,0%@1728,0%@1728] GR3D_FREQ 5% cpu@57.343C soc2@55.718C soc0@56.625C gpu@57.031C tj@58.218C soc1@58.218C VDD_IN 8697mW/8667mW VDD_CPU_GPU_CV 2662mW/2633mW VDD_SOC 2625mW/2625mW
08-04-2026 13:54:34 RAM 3824/7620MB (lfb 1x1MB) SWAP 2374/12002MB (cached 119MB) CPU [0%@1728,0%@1728,0%@1728,100%@1728,0%@1728,9%@1728] GR3D_FREQ 5% cpu@57.093C soc2@55.812C soc0@56.781C gpu@57C tj@58.125C soc1@58.125C VDD_IN 8697mW/8667mW VDD_CPU_GPU_CV 2662mW/2633mW VDD_SOC 2625mW/2625mW
08-04-2026 13:54:34 RAM 3824/7620MB (lfb 1x1MB) SWAP 2374/12002MB (cached 119MB) CPU [0%@1728,0%@1728,0%@1728,100%@1728,0%@1728,0%@1728] GR3D_FREQ 5% cpu@57.375C soc2@55.875C soc0@56.75C gpu@56.843C tj@58.343C soc1@58.343C VDD_IN 8697mW/8667mW VDD_CPU_GPU_CV 2662mW/2633mW VDD_SOC 2625mW/2625mW
08-04-2026 13:54:34 RAM 3824/7620MB (lfb 1x1MB) SWAP 2374/12002MB (cached 119MB) CPU [0%@1728,9%@1728,0%@1728,100%@1728,8%@1728,0%@1728] GR3D_FREQ 5% cpu@57.25C soc2@55.906C soc0@56.562C gpu@57C tj@58.062C soc1@58.062C VDD_IN 8697mW/8667mW VDD_CPU_GPU_CV 2662mW/2633mW VDD_SOC 2625mW/2625mW
08-04-2026 13:54:34 RAM 3824/7620MB (lfb 1x1MB) SWAP 2374/12002MB (cached 119MB) CPU [9%@1728,0%@1728,0%@1728,100%@1728,0%@1728,0%@1728] GR3D_FREQ 5% cpu@57.25C soc2@55.781C soc0@56.593C gpu@56.937C tj@58.187C soc1@58.187C VDD_IN 8697mW/8667mW VDD_CPU_GPU_CV 2662mW/2633mW VDD_SOC 2625mW/2625mW
08-04-2026 13:54:34 RAM 3824/7620MB (lfb 1x1MB) SWAP 2374/12002MB (cached 119MB) CPU [0%@1728,0%@1728,0%@1728,100%@1728,9%@1728,0%@1728] GR3D_FREQ 5% cpu@57.031C soc2@55.812C soc0@56.656C gpu@56.843C tj@58.187C soc1@58.187C VDD_IN 8697mW/8667mW VDD_CPU_GPU_CV 2662mW/2633mW VDD_SOC 2625mW/2625mW
08-04-2026 13:54:34 RAM 3824/7620MB (lfb 1x1MB) SWAP 2374/12002MB (cached 119MB) CPU [0%@1728,0%@1728,0%@1728,100%@1728,0%@1728,0%@1728] GR3D_FREQ 5% cpu@57.125C soc2@55.812C soc0@56.656C gpu@56.906C tj@58.218C soc1@58.218C VDD_IN 8697mW/8667mW VDD_CPU_GPU_CV 2662mW/2633mW VDD_SOC 2625mW/2625mW
08-04-2026 13:54:35 RAM 3824/7620MB (lfb 1x1MB) SWAP 2374/12002MB (cached 119MB) CPU [0%@1728,8%@1728,0%@1728,100%@1728,0%@1728,0%@1728] GR3D_FREQ 5% cpu@57.218C soc2@55.906C soc0@56.875C gpu@56.875C tj@58.437C soc1@58.437C VDD_IN 8656mW/8667mW VDD_CPU_GPU_CV 2662mW/2633mW VDD_SOC 2625mW/2625mW
08-04-2026 13:54:35 RAM 3824/7620MB (lfb 1x1MB) SWAP 2374/12002MB (cached 119MB) CPU [0%@1728,0%@1728,0%@1728,100%@1728,0%@1728,0%@1728] GR3D_FREQ 5% cpu@57.25C soc2@55.781C soc0@56.625C gpu@56.906C tj@58.187C soc1@58.187C VDD_IN 8656mW/8667mW VDD_CPU_GPU_CV 2621mW/2633mW VDD_SOC 2625mW/2625mW
08-04-2026 13:54:35 RAM 3824/7620MB (lfb 1x1MB) SWAP 2374/12002MB (cached 119MB) CPU [0%@1728,0%@1728,0%@1728,100%@1728,0%@1728,0%@1728] GR3D_FREQ 5% cpu@57.281C soc2@55.781C soc0@56.625C gpu@56.906C tj@58.156C soc1@58.156C VDD_IN 8656mW/8667mW VDD_CPU_GPU_CV 2621mW/2633mW VDD_SOC 2625mW/2625mW
08-04-2026 13:54:35 RAM 3824/7620MB (lfb 1x1MB) SWAP 2374/12002MB (cached 119MB) CPU [0%@1728,9%@1728,0%@1728,100%@1728,0%@1728,0%@1728] GR3D_FREQ 5% cpu@57.031C soc2@55.875C soc0@56.687C gpu@56.843C tj@58.218C soc1@58.218C VDD_IN 8656mW/8667mW VDD_CPU_GPU_CV 2621mW/2633mW VDD_SOC 2625mW/2625mW
08-04-2026 13:54:35 RAM 3824/7620MB (lfb 1x1MB) SWAP 2374/12002MB (cached 119MB) CPU [8%@1728,0%@1728,0%@1728,100%@1728,0%@1728,0%@1728] GR3D_FREQ 5% cpu@57.25C soc2@55.812C soc0@56.75C gpu@56.781C tj@58.343C soc1@58.343C VDD_IN 8656mW/8667mW VDD_CPU_GPU_CV 2621mW/2633mW VDD_SOC 2625mW/2625mW
08-04-2026 13:54:35 RAM 3824/7620MB (lfb 1x1MB) SWAP 2374/12002MB (cached 119MB) CPU [18%@1728,9%@1728,0%@1728,100%@1728,0%@1728,0%@1728] GR3D_FREQ 5% cpu@57.312C soc2@55.875C soc0@56.625C gpu@56.937C tj@58.156C soc1@58.156C VDD_IN 8697mW/8667mW VDD_CPU_GPU_CV 2662mW/2633mW VDD_SOC 2625mW/2625mW
08-04-2026 13:54:35 RAM 3825/7620MB (lfb 1x1MB) SWAP 2374/12002MB (cached 119MB) CPU [0%@1728,0%@1728,8%@1728,100%@1728,0%@1728,0%@1728] GR3D_FREQ 5% cpu@57.312C soc2@55.812C soc0@56.656C gpu@56.937C tj@58.156C soc1@58.156C VDD_IN 8697mW/8667mW VDD_CPU_GPU_CV 2662mW/2633mW VDD_SOC 2625mW/2625mW
08-04-2026 13:54:35 RAM 3825/7620MB (lfb 1x1MB) SWAP 2374/12002MB (cached 119MB) CPU [0%@1728,0%@1728,0%@1728,100%@1728,0%@1728,0%@1728] GR3D_FREQ 5% cpu@57.031C soc2@55.781C soc0@56.593C gpu@56.781C tj@58.312C soc1@58.312C VDD_IN 8656mW/8667mW VDD_CPU_GPU_CV 2662mW/2633mW VDD_SOC 2625mW/2625mW
08-04-2026 13:54:35 RAM 3825/7620MB (lfb 1x1MB) SWAP 2374/12002MB (cached 119MB) CPU [0%@1728,0%@1728,0%@1728,100%@1728,0%@1728,0%@1728] GR3D_FREQ 5% cpu@57.093C soc2@55.843C soc0@56.781C gpu@56.875C tj@58.312C soc1@58.312C VDD_IN 8656mW/8667mW VDD_CPU_GPU_CV 2621mW/2633mW VDD_SOC 2625mW/2625mW
08-04-2026 13:54:36 RAM 3825/7620MB (lfb 1x1MB) SWAP 2374/12002MB (cached 119MB) CPU [0%@1728,9%@1728,0%@1728,100%@1728,0%@1728,9%@1728] GR3D_FREQ 5% cpu@57.218C soc2@55.906C soc0@57C gpu@56.843C tj@58.093C soc1@58.093C VDD_IN 8656mW/8667mW VDD_CPU_GPU_CV 2621mW/2633mW VDD_SOC 2625mW/2625mW
08-04-2026 13:54:36 RAM 3825/7620MB (lfb 1x1MB) SWAP 2374/12002MB (cached 119MB) CPU [0%@1728,0%@1728,0%@1728,100%@1728,0%@1728,0%@1728] GR3D_FREQ 5% cpu@57.312C soc2@55.812C soc0@56.687C gpu@56.812C tj@58.218C soc1@58.218C VDD_IN 8656mW/8667mW VDD_CPU_GPU_CV 2621mW/2633mW VDD_SOC 2625mW/2625mW
08-04-2026 13:54:36 RAM 3825/7620MB (lfb 1x1MB) SWAP 2374/12002MB (cached 119MB) CPU [0%@1728,8%@1728,0%@1728,100%@1728,0%@1728,0%@1728] GR3D_FREQ 5% cpu@57.125C soc2@55.781C soc0@56.718C gpu@56.906C tj@58.281C soc1@58.281C VDD_IN 8669mW/8667mW VDD_CPU_GPU_CV 2621mW/2633mW VDD_SOC 2625mW/2625mW
08-04-2026 13:54:36 RAM 3825/7620MB (lfb 1x1MB) SWAP 2374/12002MB (cached 119MB) CPU [0%@1728,0%@1728,0%@1728,100%@1728,0%@1728,0%@1728] GR3D_FREQ 5% cpu@57.187C soc2@55.812C soc0@56.75C gpu@56.781C tj@58.343C soc1@58.343C VDD_IN 8669mW/8667mW VDD_CPU_GPU_CV 2621mW/2633mW VDD_SOC 2625mW/2625mW
08-04-2026 13:54:36 RAM 3825/7620MB (lfb 1x1MB) SWAP 2374/12002MB (cached 119MB) CPU [0%@1728,9%@1728,0%@1728,100%@1728,0%@1728,0%@1728] GR3D_FREQ 5% cpu@57.156C soc2@55.812C soc0@56.906C gpu@56.812C tj@58.093C soc1@58.093C VDD_IN 8669mW/8667mW VDD_CPU_GPU_CV 2621mW/2633mW VDD_SOC 2625mW/2625mW
08-04-2026 13:54:36 RAM 3825/7620MB (lfb 1x1MB) SWAP 2374/12002MB (cached 119MB) CPU [0%@1728,0%@1728,0%@1728,100%@1728,0%@1728,0%@1728] GR3D_FREQ 5% cpu@57.187C soc2@55.75C soc0@56.593C gpu@57.218C tj@58.187C soc1@58.187C VDD_IN 8669mW/8667mW VDD_CPU_GPU_CV 2621mW/2633mW VDD_SOC 2625mW/2625mW
08-04-2026 13:54:36 RAM 3825/7620MB (lfb 1x1MB) SWAP 2374/12002MB (cached 119MB) CPU [0%@1728,0%@1728,0%@1728,100%@1728,0%@1728,0%@1728] GR3D_FREQ 5% cpu@57C soc2@55.812C soc0@56.656C gpu@56.812C tj@58.281C soc1@58.281C VDD_IN 8669mW/8667mW VDD_CPU_GPU_CV 2662mW/2633mW VDD_SOC 2625mW/2625mW
08-04-2026 13:54:36 RAM 3812/7620MB (lfb 1x1MB) SWAP 2374/12002MB (cached 119MB) CPU [0%@1728,0%@1728,0%@1728,100%@1728,0%@1728,0%@1728] GR3D_FREQ 5% cpu@57.062C soc2@55.812C soc0@56.781C gpu@56.843C tj@58.312C soc1@58.312C VDD_IN 8669mW/8667mW VDD_CPU_GPU_CV 2621mW/2633mW VDD_SOC 2625mW/2625mW
08-04-2026 13:54:36 RAM 3812/7620MB (lfb 1x1MB) SWAP 2374/12002MB (cached 119MB) CPU [0%@1728,0%@1728,0%@1728,100%@1728,9%@1728,0%@1728] GR3D_FREQ 5% cpu@57.218C soc2@55.843C soc0@56.875C gpu@57.187C tj@58.125C soc1@58.125C VDD_IN 8656mW/8667mW VDD_CPU_GPU_CV 2621mW/2633mW VDD_SOC 2625mW/2625mW
08-04-2026 13:54:36 RAM 3813/7620MB (lfb 1x1MB) SWAP 2374/12002MB (cached 119MB) CPU [0%@1728,9%@1728,0%@1728,100%@1728,0%@1728,0%@1728] GR3D_FREQ 5% cpu@57C soc2@55.812C soc0@56.593C gpu@56.812C tj@58.093C soc1@58.093C VDD_IN 8656mW/8667mW VDD_CPU_GPU_CV 2621mW/2633mW VDD_SOC 2625mW/2625mW
08-04-2026 13:54:37 RAM 3813/7620MB (lfb 1x1MB) SWAP 2374/12002MB (cached 119MB) CPU [0%@1728,0%@1728,0%@1728,100%@1728,0%@1728,0%@1728] GR3D_FREQ 5% cpu@57.156C soc2@55.812C soc0@56.781C gpu@56.812C tj@58.187C soc1@58.187C VDD_IN 8669mW/8667mW VDD_CPU_GPU_CV 2621mW/2633mW VDD_SOC 2625mW/2625mW
08-04-2026 13:54:37 RAM 3813/7620MB (lfb 1x1MB) SWAP 2374/12002MB (cached 119MB) CPU [8%@1728,0%@1728,0%@1728,100%@1728,0%@1728,0%@1728] GR3D_FREQ 5% cpu@57.156C soc2@55.781C soc0@56.781C gpu@57.156C tj@58.281C soc1@58.281C VDD_IN 8669mW/8667mW VDD_CPU_GPU_CV 2621mW/2633mW VDD_SOC 2625mW/2625mW
08-04-2026 13:54:37 RAM 3813/7620MB (lfb 1x1MB) SWAP 2374/12002MB (cached 119MB) CPU [0%@1728,0%@1728,9%@1728,100%@1728,0%@1728,0%@1728] GR3D_FREQ 5% cpu@57.156C soc2@55.812C soc0@56.718C gpu@56.843C tj@58.093C soc1@58.093C VDD_IN 8669mW/8667mW VDD_CPU_GPU_CV 2621mW/2633mW VDD_SOC 2625mW/2625mW
08-04-2026 13:54:37 RAM 3813/7620MB (lfb 1x1MB) SWAP 2374/12002MB (cached 119MB) CPU [9%@1728,0%@1728,0%@1728,100%@1728,0%@1728,0%@1728] GR3D_FREQ 5% cpu@57C soc2@55.812C soc0@56.625C gpu@57.281C tj@58.125C soc1@58.187C VDD_IN 8669mW/8667mW VDD_CPU_GPU_CV 2621mW/2633mW VDD_SOC 2625mW/2625mW
08-04-2026 13:54:37 RAM 3819/7620MB (lfb 1x1MB) SWAP 2374/12002MB (cached 119MB) CPU [9%@1728,33%@1728,0%@1728,100%@1728,0%@1728,10%@1728] GR3D_FREQ 5% cpu@57.156C soc2@55.812C soc0@56.687C gpu@57.156C tj@58.156C soc1@58.156C VDD_IN 8738mW/8667mW VDD_CPU_GPU_CV 2662mW/2633mW VDD_SOC 2625mW/2625mW
08-04-2026 13:54:37 RAM 3819/7620MB (lfb 1x1MB) SWAP 2374/12002MB (cached 119MB) CPU [0%@1728,0%@1728,9%@1728,100%@1728,0%@1728,0%@1728] GR3D_FREQ 5% cpu@57.062C soc2@55.812C soc0@56.781C gpu@56.812C tj@58.25C soc1@58.25C VDD_IN 8738mW/8667mW VDD_CPU_GPU_CV 2662mW/2633mW VDD_SOC 2625mW/2625mW
08-04-2026 13:54:37 RAM 3819/7620MB (lfb 1x1MB) SWAP 2374/12002MB (cached 119MB) CPU [0%@1728,9%@1728,0%@1728,100%@1728,0%@1728,0%@1728] GR3D_FREQ 5% cpu@57.125C soc2@55.906C soc0@56.781C gpu@57.281C tj@58.406C soc1@58.406C VDD_IN 8697mW/8667mW VDD_CPU_GPU_CV 2662mW/2633mW VDD_SOC 2625mW/2625mW
08-04-2026 13:54:37 RAM 3819/7620MB (lfb 1x1MB) SWAP 2374/12002MB (cached 119MB) CPU [0%@1728,0%@1728,0%@1728,100%@1728,0%@1728,0%@1728] GR3D_FREQ 5% cpu@57.031C soc2@55.75C soc0@56.625C gpu@57.093C tj@58.187C soc1@58.218C VDD_IN 8697mW/8668mW VDD_CPU_GPU_CV 2662mW/2633mW VDD_SOC 2625mW/2625mW
08-04-2026 13:54:37 RAM 3819/7620MB (lfb 1x1MB) SWAP 2374/12002MB (cached 119MB) CPU [0%@1728,0%@1728,0%@1728,100%@1728,0%@1728,0%@1728] GR3D_FREQ 5% cpu@57.093C soc2@55.781C soc0@56.687C gpu@56.812C tj@58.156C soc1@58.156C VDD_IN 8656mW/8668mW VDD_CPU_GPU_CV 2662mW/2633mW VDD_SOC 2625mW/2625mW
08-04-2026 13:54:38 RAM 3819/7620MB (lfb 1x1MB) SWAP 2374/12002MB (cached 119MB) CPU [0%@1728,0%@1728,0%@1728,100%@1728,0%@1728,0%@1728] GR3D_FREQ 5% cpu@57.062C soc2@55.812C soc0@56.75C gpu@57.218C tj@58.312C soc1@58.312C VDD_IN 8656mW/8668mW VDD_CPU_GPU_CV 2662mW/2633mW VDD_SOC 2625mW/2625mW
08-04-2026 13:54:38 RAM 3819/7620MB (lfb 1x1MB) SWAP 2374/12002MB (cached 119MB) CPU [0%@1728,0%@1728,0%@1728,100%@1728,0%@1728,0%@1728] GR3D_FREQ 5% cpu@57.187C soc2@55.781C soc0@56.781C gpu@57.031C tj@58.406C soc1@58.406C VDD_IN 8656mW/8667mW VDD_CPU_GPU_CV 2621mW/2633mW VDD_SOC 2625mW/2625mW
08-04-2026 13:54:38 RAM 3819/7620MB (lfb 1x1MB) SWAP 2374/12002MB (cached 119MB) CPU [9%@1728,0%@1728,8%@1728,100%@1728,0%@1728,0%@1728] GR3D_FREQ 5% cpu@57.093C soc2@55.843C soc0@56.531C gpu@57C tj@58.187C soc1@58.187C VDD_IN 8656mW/8667mW VDD_CPU_GPU_CV 2621mW/2633mW VDD_SOC 2625mW/2625mW
08-04-2026 13:54:38 RAM 3819/7620MB (lfb 1x1MB) SWAP 2374/12002MB (cached 119MB) CPU [0%@1728,0%@1728,0%@1728,100%@1728,0%@1728,0%@1728] GR3D_FREQ 5% cpu@57.125C soc2@55.812C soc0@56.562C gpu@57.281C tj@58.156C soc1@58.156C VDD_IN 8656mW/8667mW VDD_CPU_GPU_CV 2621mW/2633mW VDD_SOC 2625mW/2625mW
08-04-2026 13:54:38 RAM 3819/7620MB (lfb 1x1MB) SWAP 2374/12002MB (cached 119MB) CPU [0%@1728,0%@1728,0%@1728,100%@1728,0%@1728,0%@1728] GR3D_FREQ 5% cpu@57.062C soc2@55.75C soc0@56.625C gpu@57.093C tj@58.25C soc1@58.25C VDD_IN 8656mW/8667mW VDD_CPU_GPU_CV 2621mW/2633mW VDD_SOC 2625mW/2625mW
08-04-2026 13:54:38 RAM 3819/7620MB (lfb 1x1MB) SWAP 2374/12002MB (cached 119MB) CPU [0%@1728,0%@1728,0%@1728,100%@1728,0%@1728,0%@1728] GR3D_FREQ 5% cpu@57.093C soc2@55.812C soc0@56.687C gpu@56.968C tj@58.406C soc1@58.406C VDD_IN 8656mW/8667mW VDD_CPU_GPU_CV 2621mW/2633mW VDD_SOC 2625mW/2625mW
08-04-2026 13:54:38 RAM 3819/7620MB (lfb 1x1MB) SWAP 2374/12002MB (cached 119MB) CPU [0%@1728,0%@1728,0%@1728,100%@1728,0%@1728,0%@1728] GR3D_FREQ 5% cpu@57.468C soc2@55.875C soc0@56.906C gpu@57.156C tj@58.187C soc1@58.187C VDD_IN 8656mW/8667mW VDD_CPU_GPU_CV 2662mW/2633mW VDD_SOC 2625mW/2625mW
08-04-2026 13:54:38 RAM 3819/7620MB (lfb 1x1MB) SWAP 2374/12002MB (cached 119MB) CPU [9%@1728,0%@1728,0%@1728,100%@1728,0%@1728,0%@1728] GR3D_FREQ 5% cpu@57.156C soc2@55.812C soc0@56.687C gpu@57.031C tj@58.187C soc1@58.187C VDD_IN 8697mW/8667mW VDD_CPU_GPU_CV 2662mW/2633mW VDD_SOC 2625mW/2625mW
08-04-2026 13:54:38 RAM 3819/7620MB (lfb 1x1MB) SWAP 2374/12002MB (cached 119MB) CPU [0%@1728,0%@1728,0%@1728,100%@1728,0%@1728,0%@1728] GR3D_FREQ 5% cpu@57.156C soc2@55.843C soc0@56.75C gpu@56.937C tj@58.187C soc1@58.187C VDD_IN 8656mW/8667mW VDD_CPU_GPU_CV 2621mW/2633mW VDD_SOC 2625mW/2625mW
08-04-2026 13:54:38 RAM 3819/7620MB (lfb 1x1MB) SWAP 2374/12002MB (cached 119MB) CPU [0%@1728,0%@1728,0%@1728,100%@1728,0%@1728,0%@1728] GR3D_FREQ 5% cpu@57.156C soc2@55.812C soc0@56.781C gpu@57.156C tj@58.343C soc1@58.343C VDD_IN 8656mW/8667mW VDD_CPU_GPU_CV 2621mW/2633mW VDD_SOC 2625mW/2625mW
08-04-2026 13:54:39 RAM 3819/7620MB (lfb 1x1MB) SWAP 2374/12002MB (cached 119MB) CPU [0%@1728,9%@1728,0%@1728,100%@1728,0%@1728,0%@1728] GR3D_FREQ 5% cpu@57.437C soc2@55.812C soc0@56.906C gpu@57C tj@58.125C soc1@58.125C VDD_IN 8656mW/8667mW VDD_CPU_GPU_CV 2621mW/2633mW VDD_SOC 2625mW/2625mW
08-04-2026 13:54:39 RAM 3819/7620MB (lfb 1x1MB) SWAP 2374/12002MB (cached 119MB) CPU [0%@1728,0%@1728,0%@1728,100%@1728,8%@1728,0%@1728] GR3D_FREQ 5% cpu@57.093C soc2@55.781C soc0@56.687C gpu@56.875C tj@58.125C soc1@58.125C VDD_IN 8669mW/8667mW VDD_CPU_GPU_CV 2621mW/2633mW VDD_SOC 2625mW/2625mW
08-04-2026 13:54:39 RAM 3819/7620MB (lfb 1x1MB) SWAP 2374/12002MB (cached 119MB) CPU [0%@1728,0%@1728,0%@1728,100%@1728,0%@1728,0%@1728] GR3D_FREQ 5% cpu@57.062C soc2@55.75C soc0@56.781C gpu@57.093C tj@58.093C soc1@58.093C VDD_IN 8669mW/8667mW VDD_CPU_GPU_CV 2621mW/2633mW VDD_SOC 2625mW/2625mW
08-04-2026 13:54:39 RAM 3819/7620MB (lfb 1x1MB) SWAP 2374/12002MB (cached 119MB) CPU [15%@1728,0%@1728,0%@1728,100%@1728,0%@1728,0%@1728] GR3D_FREQ 5% cpu@57.093C soc2@55.812C soc0@56.687C gpu@56.968C tj@58.25C soc1@58.25C VDD_IN 8669mW/8667mW VDD_CPU_GPU_CV 2621mW/2633mW VDD_SOC 2625mW/2625mW
08-04-2026 13:54:39 RAM 3819/7620MB (lfb 1x1MB) SWAP 2374/12002MB (cached 119MB) CPU [0%@1728,0%@1728,0%@1728,100%@1728,0%@1728,0%@1728] GR3D_FREQ 5% cpu@57.093C soc2@55.875C soc0@56.718C gpu@56.968C tj@58.406C soc1@58.406C VDD_IN 8669mW/8667mW VDD_CPU_GPU_CV 2621mW/2633mW VDD_SOC 2625mW/2625mW
08-04-2026 13:54:39 RAM 3819/7620MB (lfb 1x1MB) SWAP 2374/12002MB (cached 119MB) CPU [0%@1728,9%@1728,0%@1728,100%@1728,0%@1728,0%@1728] GR3D_FREQ 5% cpu@57.187C soc2@55.843C soc0@56.656C gpu@57.031C tj@58.187C soc1@58.187C VDD_IN 8669mW/8667mW VDD_CPU_GPU_CV 2621mW/2633mW VDD_SOC 2625mW/2625mW
08-04-2026 13:54:39 RAM 3819/7620MB (lfb 1x1MB) SWAP 2374/12002MB (cached 119MB) CPU [0%@1728,9%@1728,0%@1728,100%@1728,0%@1728,0%@1728] GR3D_FREQ 5% cpu@57.062C soc2@55.75C soc0@56.718C gpu@57C tj@58.187C soc1@58.187C VDD_IN 8656mW/8667mW VDD_CPU_GPU_CV 2662mW/2633mW VDD_SOC 2625mW/2625mW
08-04-2026 13:54:39 RAM 3819/7620MB (lfb 1x1MB) SWAP 2374/12002MB (cached 119MB) CPU [0%@1728,0%@1728,0%@1728,100%@1728,0%@1728,0%@1728] GR3D_FREQ 5% cpu@57.093C soc2@55.812C soc0@56.687C gpu@56.875C tj@58.343C soc1@58.343C VDD_IN 8669mW/8667mW VDD_CPU_GPU_CV 2621mW/2633mW VDD_SOC 2625mW/2625mW
08-04-2026 13:54:39 RAM 3819/7620MB (lfb 1x1MB) SWAP 2374/12002MB (cached 119MB) CPU [0%@1728,0%@1728,0%@1728,100%@1728,0%@1728,0%@1728] GR3D_FREQ 5% cpu@57.062C soc2@55.843C soc0@56.781C gpu@57.031C tj@58.375C soc1@58.375C VDD_IN 8669mW/8667mW VDD_CPU_GPU_CV 2621mW/2633mW VDD_SOC 2625mW/2625mW
08-04-2026 13:54:40 RAM 3819/7620MB (lfb 1x1MB) SWAP 2374/12002MB (cached 119MB) CPU [0%@1728,0%@1728,0%@1728,100%@1728,9%@1728,0%@1728] GR3D_FREQ 5% cpu@57.406C soc2@55.812C soc0@56.625C gpu@56.937C tj@58.125C soc1@58.125C VDD_IN 8656mW/8667mW VDD_CPU_GPU_CV 2621mW/2633mW VDD_SOC 2625mW/2625mW
08-04-2026 13:54:40 RAM 3819/7620MB (lfb 1x1MB) SWAP 2374/12002MB (cached 119MB) CPU [0%@1728,0%@1728,0%@1728,100%@1728,0%@1728,0%@1728] GR3D_FREQ 5% cpu@57C soc2@55.75C soc0@56.687C gpu@56.875C tj@58.218C soc1@58.218C VDD_IN 8669mW/8667mW VDD_CPU_GPU_CV 2621mW/2633mW VDD_SOC 2625mW/2625mW
08-04-2026 13:54:40 RAM 3819/7620MB (lfb 1x1MB) SWAP 2374/12002MB (cached 119MB) CPU [0%@1728,0%@1728,0%@1728,100%@1728,0%@1728,0%@1728] GR3D_FREQ 5% cpu@57C soc2@55.812C soc0@56.781C gpu@56.812C tj@58.312C soc1@58.312C VDD_IN 8669mW/8667mW VDD_CPU_GPU_CV 2621mW/2633mW VDD_SOC 2625mW/2625mW
08-04-2026 13:54:40 RAM 3819/7620MB (lfb 1x1MB) SWAP 2374/12002MB (cached 119MB) CPU [0%@1728,0%@1728,0%@1728,100%@1728,0%@1728,0%@1728] GR3D_FREQ 5% cpu@57.125C soc2@55.812C soc0@56.781C gpu@57C tj@58.312C soc1@58.312C VDD_IN 8656mW/8667mW VDD_CPU_GPU_CV 2621mW/2633mW VDD_SOC 2625mW/2625mW
08-04-2026 13:54:40 RAM 3819/7620MB (lfb 1x1MB) SWAP 2374/12002MB (cached 119MB) CPU [0%@1728,0%@1728,0%@1728,100%@1728,0%@1728,0%@1728] GR3D_FREQ 5% cpu@57.375C soc2@55.875C soc0@56.718C gpu@56.937C tj@58.125C soc1@58.125C VDD_IN 8669mW/8667mW VDD_CPU_GPU_CV 2621mW/2633mW VDD_SOC 2625mW/2625mW
08-04-2026 13:54:40 RAM 3819/7620MB (lfb 1x1MB) SWAP 2374/12002MB (cached 119MB) CPU [0%@1728,0%@1728,0%@1728,100%@1728,0%@1728,0%@1728] GR3D_FREQ 5% cpu@57.031C soc2@55.75C soc0@56.593C gpu@56.968C tj@58.218C soc1@58.218C VDD_IN 8669mW/8667mW VDD_CPU_GPU_CV 2621mW/2633mW VDD_SOC 2625mW/2625mW
08-04-2026 13:54:40 RAM 3819/7620MB (lfb 1x1MB) SWAP 2374/12002MB (cached 119MB) CPU [0%@1728,9%@1728,9%@1728,100%@1728,0%@1728,0%@1728] GR3D_FREQ 5% cpu@57C soc2@55.812C soc0@56.687C gpu@56.937C tj@58.25C soc1@58.218C VDD_IN 8656mW/8667mW VDD_CPU_GPU_CV 2621mW/2633mW VDD_SOC 2625mW/2625mW
08-04-2026 13:54:40 RAM 3824/7620MB (lfb 1x1MB) SWAP 2374/12002MB (cached 119MB) CPU [0%@1728,0%@1728,20%@1728,100%@1728,0%@1728,16%@1728] GR3D_FREQ 5% cpu@57.062C soc2@55.843C soc0@56.812C gpu@56.843C tj@58.312C soc1@58.312C VDD_IN 8738mW/8667mW VDD_CPU_GPU_CV 2662mW/2633mW VDD_SOC 2625mW/2625mW
08-04-2026 13:54:40 RAM 3824/7620MB (lfb 1x1MB) SWAP 2374/12002MB (cached 119MB) CPU [0%@1728,0%@1728,0%@1728,100%@1728,0%@1728,0%@1728] GR3D_FREQ 5% cpu@57.343C soc2@55.843C soc0@56.531C gpu@56.718C tj@58.062C soc1@58.062C VDD_IN 8738mW/8668mW VDD_CPU_GPU_CV 2662mW/2633mW VDD_SOC 2625mW/2625mW
08-04-2026 13:54:40 RAM 3824/7620MB (lfb 1x1MB) SWAP 2374/12002MB (cached 119MB) CPU [0%@1728,9%@1728,9%@1728,100%@1728,0%@1728,0%@1728] GR3D_FREQ 5% cpu@57.437C soc2@55.812C soc0@56.718C gpu@56.906C tj@58.125C soc1@58.125C VDD_IN 8697mW/8668mW VDD_CPU_GPU_CV 2662mW/2633mW VDD_SOC 2625mW/2625mW
08-04-2026 13:54:41 RAM 3824/7620MB (lfb 1x1MB) SWAP 2374/12002MB (cached 119MB) CPU [15%@1728,9%@1728,0%@1728,100%@1728,0%@1728,0%@1728] GR3D_FREQ 5% cpu@57.031C soc2@55.687C soc0@56.593C gpu@56.843C tj@58.218C soc1@58.218C VDD_IN 8697mW/8668mW VDD_CPU_GPU_CV 2662mW/2633mW VDD_SOC 2625mW/2625mW
08-04-2026 13:54:41 RAM 3824/7620MB (lfb 1x1MB) SWAP 2374/12002MB (cached 119MB) CPU [9%@1728,0%@1728,0%@1728,100%@1728,0%@1728,0%@1728] GR3D_FREQ 5% cpu@57C soc2@55.812C soc0@56.75C gpu@56.812C tj@58.281C soc1@58.281C VDD_IN 8697mW/8668mW VDD_CPU_GPU_CV 2662mW/2633mW VDD_SOC 2625mW/2625mW
08-04-2026 13:54:41 RAM 3824/7620MB (lfb 1x1MB) SWAP 2374/12002MB (cached 119MB) CPU [0%@1728,0%@1728,0%@1728,100%@1728,0%@1728,0%@1728] GR3D_FREQ 5% cpu@57.25C soc2@55.906C soc0@56.875C gpu@56.937C tj@58.437C soc1@58.437C VDD_IN 8656mW/8668mW VDD_CPU_GPU_CV 2621mW/2633mW VDD_SOC 2625mW/2625mW
08-04-2026 13:54:41 RAM 3824/7620MB (lfb 1x1MB) SWAP 2374/12002MB (cached 119MB) CPU [0%@1728,0%@1728,0%@1728,100%@1728,0%@1728,0%@1728] GR3D_FREQ 5% cpu@57.437C soc2@55.75C soc0@56.562C gpu@56.875C tj@58.156C soc1@58.156C VDD_IN 8669mW/8668mW VDD_CPU_GPU_CV 2621mW/2633mW VDD_SOC 2625mW/2625mW
08-04-2026 13:54:41 RAM 3824/7620MB (lfb 1x1MB) SWAP 2374/12002MB (cached 119MB) CPU [0%@1728,0%@1728,0%@1728,100%@1728,0%@1728,0%@1728] GR3D_FREQ 5% cpu@57.125C soc2@55.718C soc0@56.687C gpu@56.75C tj@58.25C soc1@58.25C VDD_IN 8656mW/8668mW VDD_CPU_GPU_CV 2621mW/2633mW VDD_SOC 2625mW/2625mW
08-04-2026 13:54:41 RAM 3824/7620MB (lfb 1x1MB) SWAP 2374/12002MB (cached 119MB) CPU [0%@1728,0%@1728,16%@1728,100%@1728,0%@1728,0%@1728] GR3D_FREQ 5% cpu@57.031C soc2@55.875C soc0@56.75C gpu@56.937C tj@58.25C soc1@58.25C VDD_IN 8656mW/8668mW VDD_CPU_GPU_CV 2621mW/2633mW VDD_SOC 2625mW/2625mW
08-04-2026 13:54:41 RAM 3824/7620MB (lfb 1x1MB) SWAP 2374/12002MB (cached 119MB) CPU [0%@1728,9%@1728,0%@1728,100%@1728,0%@1728,0%@1728] GR3D_FREQ 5% cpu@57.312C soc2@55.906C soc0@56.812C gpu@56.875C tj@58.343C soc1@58.343C VDD_IN 8656mW/8668mW VDD_CPU_GPU_CV 2621mW/2633mW VDD_SOC 2625mW/2625mW
08-04-2026 13:54:41 RAM 3824/7620MB (lfb 1x1MB) SWAP 2374/12002MB (cached 119MB) CPU [0%@1728,0%@1728,0%@1728,100%@1728,0%@1728,0%@1728] GR3D_FREQ 5% cpu@57.406C soc2@55.812C soc0@56.687C gpu@56.812C tj@58.187C soc1@58.187C VDD_IN 8669mW/8668mW VDD_CPU_GPU_CV 2621mW/2633mW VDD_SOC 2625mW/2625mW
08-04-2026 13:54:41 RAM 3824/7620MB (lfb 1x1MB) SWAP 2374/12002MB (cached 119MB) CPU [9%@1728,0%@1728,0%@1728,100%@1728,0%@1728,0%@1728] GR3D_FREQ 5% cpu@57.468C soc2@55.781C soc0@56.593C gpu@56.937C tj@58.187C soc1@58.187C VDD_IN 8669mW/8668mW VDD_CPU_GPU_CV 2621mW/2633mW VDD_SOC 2625mW/2625mW
08-04-2026 13:54:42 RAM 3824/7620MB (lfb 1x1MB) SWAP 2374/12002MB (cached 119MB) CPU [18%@1728,0%@1728,0%@1728,100%@1728,0%@1728,0%@1728] GR3D_FREQ 5% cpu@57.062C soc2@55.812C soc0@56.781C gpu@56.781C tj@58.218C soc1@58.218C VDD_IN 8669mW/8668mW VDD_CPU_GPU_CV 2621mW/2633mW VDD_SOC 2625mW/2625mW
08-04-2026 13:54:42 RAM 3824/7620MB (lfb 1x1MB) SWAP 2374/12002MB (cached 119MB) CPU [0%@1728,0%@1728,9%@1728,100%@1728,0%@1728,0%@1728] GR3D_FREQ 5% cpu@57.187C soc2@55.843C soc0@56.812C gpu@57.406C tj@58.406C soc1@58.406C VDD_IN 8669mW/8668mW VDD_CPU_GPU_CV 2621mW/2633mW VDD_SOC 2625mW/2625mW
08-04-2026 13:54:42 RAM 3824/7620MB (lfb 1x1MB) SWAP 2374/12002MB (cached 119MB) CPU [0%@1728,0%@1728,0%@1728,100%@1728,0%@1728,0%@1728] GR3D_FREQ 5% cpu@57.343C soc2@55.875C soc0@56.875C gpu@57.031C tj@58.125C soc1@58.125C VDD_IN 8669mW/8668mW VDD_CPU_GPU_CV 2621mW/2633mW VDD_SOC 2625mW/2625mW
08-04-2026 13:54:42 RAM 3824/7620MB (lfb 1x1MB) SWAP 2374/12002MB (cached 119MB) CPU [0%@1728,0%@1728,0%@1728,100%@1728,0%@1728,0%@1728] GR3D_FREQ 5% cpu@57.437C soc2@55.781C soc0@56.687C gpu@56.843C tj@58.125C soc1@58.125C VDD_IN 8669mW/8668mW VDD_CPU_GPU_CV 2621mW/2633mW VDD_SOC 2625mW/2625mW
08-04-2026 13:54:42 RAM 3824/7620MB (lfb 1x1MB) SWAP 2374/12002MB (cached 119MB) CPU [0%@1728,0%@1728,0%@1728,100%@1728,0%@1728,0%@1728] GR3D_FREQ 5% cpu@57.031C soc2@55.812C soc0@56.656C gpu@57.343C tj@58.218C soc1@58.218C VDD_IN 8669mW/8668mW VDD_CPU_GPU_CV 2621mW/2633mW VDD_SOC 2625mW/2625mW
08-04-2026 13:54:42 RAM 3824/7620MB (lfb 1x1MB) SWAP 2374/12002MB (cached 119MB) CPU [0%@1728,0%@1728,0%@1728,100%@1728,0%@1728,0%@1728] GR3D_FREQ 5% cpu@57.187C soc2@55.781C soc0@56.687C gpu@56.875C tj@58.343C soc1@58.343C VDD_IN 8669mW/8668mW VDD_CPU_GPU_CV 2621mW/2633mW VDD_SOC 2625mW/2625mW
08-04-2026 13:54:42 RAM 3824/7620MB (lfb 1x1MB) SWAP 2374/12002MB (cached 119MB) CPU [0%@1728,0%@1728,0%@1728,100%@1728,9%@1728,0%@1728] GR3D_FREQ 5% cpu@57.187C soc2@55.906C soc0@56.843C gpu@56.781C tj@58.343C soc1@58.156C VDD_IN 8697mW/8668mW VDD_CPU_GPU_CV 2621mW/2633mW VDD_SOC 2625mW/2625mW
08-04-2026 13:54:42 RAM 3824/7620MB (lfb 1x1MB) SWAP 2374/12002MB (cached 119MB) CPU [9%@1728,10%@1728,0%@1728,100%@1728,0%@1728,0%@1728] GR3D_FREQ 5% cpu@57.343C soc2@55.781C soc0@56.593C gpu@57.312C tj@58.125C soc1@58.125C VDD_IN 8697mW/8668mW VDD_CPU_GPU_CV 2662mW/2633mW VDD_SOC 2625mW/2625mW
08-04-2026 13:54:42 RAM 3824/7620MB (lfb 1x1MB) SWAP 2374/12002MB (cached 119MB) CPU [0%@1728,0%@1728,0%@1728,100%@1728,0%@1728,0%@1728] GR3D_FREQ 5% cpu@57.062C soc2@55.812C soc0@56.656C gpu@56.812C tj@58.25C soc1@58.25C VDD_IN 8656mW/8668mW VDD_CPU_GPU_CV 2662mW/2633mW VDD_SOC 2625mW/2625mW
08-04-2026 13:54:42 RAM 3824/7620MB (lfb 1x1MB) SWAP 2374/12002MB (cached 119MB) CPU [0%@1728,0%@1728,0%@1728,100%@1728,0%@1728,9%@1728] GR3D_FREQ 5% cpu@57.218C soc2@55.812C soc0@56.687C gpu@56.75C tj@58.281C soc1@58.281C VDD_IN 8656mW/8668mW VDD_CPU_GPU_CV 2621mW/2633mW VDD_SOC 2625mW/2625mW
08-04-2026 13:54:43 RAM 3824/7620MB (lfb 1x1MB) SWAP 2374/12002MB (cached 119MB) CPU [0%@1728,0%@1728,0%@1728,100%@1728,0%@1728,0%@1728] GR3D_FREQ 5% cpu@57.25C soc2@55.843C soc0@56.875C gpu@57.187C tj@58.343C soc1@58.343C VDD_IN 8656mW/8668mW VDD_CPU_GPU_CV 2621mW/2633mW VDD_SOC 2625mW/2625mW
08-04-2026 13:54:43 RAM 3824/7620MB (lfb 1x1MB) SWAP 2374/12002MB (cached 119MB) CPU [0%@1728,0%@1728,0%@1728,100%@1728,0%@1728,0%@1728] GR3D_FREQ 5% cpu@57.406C soc2@55.906C soc0@56.593C gpu@56.875C tj@58.125C soc1@58.125C VDD_IN 8669mW/8668mW VDD_CPU_GPU_CV 2621mW/2633mW VDD_SOC 2625mW/2625mW
08-04-2026 13:54:43 RAM 3824/7620MB (lfb 1x1MB) SWAP 2374/12002MB (cached 119MB) CPU [0%@1728,0%@1728,0%@1728,100%@1728,0%@1728,0%@1728] GR3D_FREQ 5% cpu@57.5C soc2@55.843C soc0@56.593C gpu@56.812C tj@58.156C soc1@58.156C VDD_IN 8656mW/8668mW VDD_CPU_GPU_CV 2621mW/2633mW VDD_SOC 2625mW/2625mW
08-04-2026 13:54:43 RAM 3824/7620MB (lfb 1x1MB) SWAP 2374/12002MB (cached 119MB) CPU [0%@1728,0%@1728,0%@1728,100%@1728,0%@1728,0%@1728] GR3D_FREQ 5% cpu@56.968C soc2@55.812C soc0@56.687C gpu@57.187C tj@58.218C soc1@58.218C VDD_IN 8669mW/8668mW VDD_CPU_GPU_CV 2621mW/2633mW VDD_SOC 2625mW/2625mW
08-04-2026 13:54:43 RAM 3824/7620MB (lfb 1x1MB) SWAP 2374/12002MB (cached 119MB) CPU [0%@1728,0%@1728,0%@1728,100%@1728,0%@1728,0%@1728] GR3D_FREQ 5% cpu@57.25C soc2@55.812C soc0@56.687C gpu@56.812C tj@58.281C soc1@58.281C VDD_IN 8656mW/8668mW VDD_CPU_GPU_CV 2621mW/2633mW VDD_SOC 2625mW/2625mW
08-04-2026 13:54:43 RAM 3824/7620MB (lfb 1x1MB) SWAP 2374/12002MB (cached 119MB) CPU [9%@1728,8%@1728,8%@1728,100%@1728,0%@1728,0%@1728] GR3D_FREQ 5% cpu@57.25C soc2@55.843C soc0@56.906C gpu@56.75C tj@58.093C soc1@58.093C VDD_IN 8656mW/8668mW VDD_CPU_GPU_CV 2662mW/2633mW VDD_SOC 2625mW/2625mW
08-04-2026 13:54:43 RAM 3824/7620MB (lfb 1x1MB) SWAP 2374/12002MB (cached 119MB) CPU [0%@1728,0%@1728,0%@1728,100%@1728,9%@1728,0%@1728] GR3D_FREQ 5% cpu@57.437C soc2@55.687C soc0@56.687C gpu@57.156C tj@58.25C soc1@58.25C VDD_IN 8656mW/8668mW VDD_CPU_GPU_CV 2621mW/2633mW VDD_SOC 2625mW/2625mW
08-04-2026 13:54:43 RAM 3824/7620MB (lfb 1x1MB) SWAP 2374/12002MB (cached 119MB) CPU [0%@1728,0%@1728,9%@1728,100%@1728,0%@1728,0%@1728] GR3D_FREQ 5% cpu@56.937C soc2@55.812C soc0@56.718C gpu@56.781C tj@58.218C soc1@58.218C VDD_IN 8669mW/8668mW VDD_CPU_GPU_CV 2621mW/2633mW VDD_SOC 2625mW/2625mW
08-04-2026 13:54:43 RAM 3824/7620MB (lfb 1x1MB) SWAP 2374/12002MB (cached 119MB) CPU [0%@1728,9%@1728,0%@1728,100%@1728,0%@1728,9%@1728] GR3D_FREQ 5% cpu@57.187C soc2@55.812C soc0@56.781C gpu@57.375C tj@58.281C soc1@58.281C VDD_IN 8669mW/8668mW VDD_CPU_GPU_CV 2621mW/2633mW VDD_SOC 2625mW/2625mW
08-04-2026 13:54:44 RAM 3820/7620MB (lfb 1x1MB) SWAP 2374/12002MB (cached 119MB) CPU [33%@1728,0%@1728,0%@1728,100%@1728,0%@1728,0%@1728] GR3D_FREQ 5% cpu@57.281C soc2@55.968C soc0@56.781C gpu@57.125C tj@58.218C soc1@58.218C VDD_IN 8738mW/8668mW VDD_CPU_GPU_CV 2662mW/2633mW VDD_SOC 2625mW/2625mW
08-04-2026 13:54:44 RAM 3820/7620MB (lfb 1x1MB) SWAP 2374/12002MB (cached 119MB) CPU [0%@1728,0%@1728,0%@1728,100%@1728,0%@1728,0%@1728] GR3D_FREQ 5% cpu@57.281C soc2@55.812C soc0@56.656C gpu@57.031C tj@58.187C soc1@58.187C VDD_IN 8697mW/8668mW VDD_CPU_GPU_CV 2662mW/2633mW VDD_SOC 2625mW/2625mW
08-04-2026 13:54:44 RAM 3820/7620MB (lfb 1x1MB) SWAP 2374/12002MB (cached 119MB) CPU [0%@1728,0%@1728,0%@1728,100%@1728,0%@1728,0%@1728] GR3D_FREQ 5% cpu@57.531C soc2@55.781C soc0@56.687C gpu@57.25C tj@58.187C soc1@58.187C VDD_IN 8697mW/8668mW VDD_CPU_GPU_CV 2662mW/2633mW VDD_SOC 2625mW/2625mW
08-04-2026 13:54:44 RAM 3820/7620MB (lfb 1x1MB) SWAP 2374/12002MB (cached 119MB) CPU [0%@1728,0%@1728,0%@1728,100%@1728,0%@1728,0%@1728] GR3D_FREQ 5% cpu@57.25C soc2@55.875C soc0@56.718C gpu@57.093C tj@58.343C soc1@58.343C VDD_IN 8656mW/8668mW VDD_CPU_GPU_CV 2662mW/2633mW VDD_SOC 2625mW/2625mW
08-04-2026 13:54:44 RAM 3820/7620MB (lfb 1x1MB) SWAP 2374/12002MB (cached 119MB) CPU [0%@1728,0%@1728,0%@1728,100%@1728,0%@1728,0%@1728] GR3D_FREQ 5% cpu@57.343C soc2@55.875C soc0@56.781C gpu@56.968C tj@58.156C soc1@58.156C VDD_IN 8656mW/8668mW VDD_CPU_GPU_CV 2621mW/2633mW VDD_SOC 2625mW/2625mW
08-04-2026 13:54:44 RAM 3820/7620MB (lfb 1x1MB) SWAP 2374/12002MB (cached 119MB) CPU [9%@1728,0%@1728,0%@1728,100%@1728,9%@1728,0%@1728] GR3D_FREQ 5% cpu@57.343C soc2@55.781C soc0@56.593C gpu@57.25C tj@58.125C soc1@58.125C VDD_IN 8656mW/8668mW VDD_CPU_GPU_CV 2621mW/2633mW VDD_SOC 2625mW/2625mW
08-04-2026 13:54:44 RAM 3820/7620MB (lfb 1x1MB) SWAP 2374/12002MB (cached 119MB) CPU [0%@1728,0%@1728,0%@1728,100%@1728,9%@1728,0%@1728] GR3D_FREQ 5% cpu@57.375C soc2@55.875C soc0@56.593C gpu@57.062C tj@58.25C soc1@58.25C VDD_IN 8656mW/8668mW VDD_CPU_GPU_CV 2662mW/2633mW VDD_SOC 2625mW/2625mW
08-04-2026 13:54:44 RAM 3820/7620MB (lfb 1x1MB) SWAP 2374/12002MB (cached 119MB) CPU [0%@1728,0%@1728,0%@1728,100%@1728,0%@1728,0%@1728] GR3D_FREQ 5% cpu@57.218C soc2@55.843C soc0@56.75C gpu@57.031C tj@58.218C soc1@58.218C VDD_IN 8656mW/8668mW VDD_CPU_GPU_CV 2662mW/2633mW VDD_SOC 2625mW/2625mW
08-04-2026 13:54:44 RAM 3820/7620MB (lfb 1x1MB) SWAP 2374/12002MB (cached 119MB) CPU [0%@1728,0%@1728,0%@1728,100%@1728,0%@1728,0%@1728] GR3D_FREQ 5% cpu@57.187C soc2@55.843C soc0@56.75C gpu@57.218C tj@58.406C soc1@58.406C VDD_IN 8656mW/8668mW VDD_CPU_GPU_CV 2621mW/2633mW VDD_SOC 2625mW/2625mW
08-04-2026 13:54:44 RAM 3820/7620MB (lfb 1x1MB) SWAP 2374/12002MB (cached 119MB) CPU [9%@1728,0%@1728,0%@1728,100%@1728,0%@1728,0%@1728] GR3D_FREQ 5% cpu@57.312C soc2@55.812C soc0@56.625C gpu@57C tj@58.187C soc1@58.187C VDD_IN 8656mW/8668mW VDD_CPU_GPU_CV 2621mW/2633mW VDD_SOC 2625mW/2625mW
08-04-2026 13:54:45 RAM 3820/7620MB (lfb 1x1MB) SWAP 2374/12002MB (cached 119MB) CPU [0%@1728,0%@1728,0%@1728,100%@1728,0%@1728,0%@1728] GR3D_FREQ 5% cpu@57.437C soc2@55.875C soc0@56.593C gpu@57C tj@58.281C soc1@58.281C VDD_IN 8656mW/8668mW VDD_CPU_GPU_CV 2621mW/2633mW VDD_SOC 2625mW/2625mW
08-04-2026 13:54:45 RAM 3820/7620MB (lfb 1x1MB) SWAP 2374/12002MB (cached 119MB) CPU [0%@1728,0%@1728,0%@1728,100%@1728,0%@1728,0%@1728] GR3D_FREQ 5% cpu@57.125C soc2@55.812C soc0@56.75C gpu@57.187C tj@58.218C soc1@58.218C VDD_IN 8656mW/8668mW VDD_CPU_GPU_CV 2621mW/2633mW VDD_SOC 2625mW/2625mW
08-04-2026 13:54:45 RAM 3820/7620MB (lfb 1x1MB) SWAP 2374/12002MB (cached 119MB) CPU [0%@1728,0%@1728,0%@1728,100%@1728,0%@1728,0%@1728] GR3D_FREQ 5% cpu@57.093C soc2@55.812C soc0@56.718C gpu@57.031C tj@58.437C soc1@58.437C VDD_IN 8656mW/8668mW VDD_CPU_GPU_CV 2621mW/2633mW VDD_SOC 2625mW/2625mW
08-04-2026 13:54:45 RAM 3820/7620MB (lfb 1x1MB) SWAP 2374/12002MB (cached 119MB) CPU [0%@1728,9%@1728,0%@1728,100%@1728,0%@1728,0%@1728] GR3D_FREQ 5% cpu@57.218C soc2@55.906C soc0@56.593C gpu@56.937C tj@58.093C soc1@58.093C VDD_IN 8615mW/8668mW VDD_CPU_GPU_CV 2621mW/2633mW VDD_SOC 2625mW/2625mW
08-04-2026 13:54:45 RAM 3820/7620MB (lfb 1x1MB) SWAP 2374/12002MB (cached 119MB) CPU [0%@1728,0%@1728,0%@1728,100%@1728,0%@1728,0%@1728] GR3D_FREQ 5% cpu@57.312C soc2@55.781C soc0@56.625C gpu@57.187C tj@58.218C soc1@58.218C VDD_IN 8656mW/8668mW VDD_CPU_GPU_CV 2621mW/2633mW VDD_SOC 2625mW/2625mW
08-04-2026 13:54:45 RAM 3820/7620MB (lfb 1x1MB) SWAP 2374/12002MB (cached 119MB) CPU [0%@1728,9%@1728,0%@1728,100%@1728,9%@1728,0%@1728] GR3D_FREQ 5% cpu@57.156C soc2@55.812C soc0@56.75C gpu@57.031C tj@58.25C soc1@58.25C VDD_IN 8656mW/8668mW VDD_CPU_GPU_CV 2621mW/2633mW VDD_SOC 2625mW/2625mW
08-04-2026 13:54:45 RAM 3820/7620MB (lfb 1x1MB) SWAP 2374/12002MB (cached 119MB) CPU [0%@1728,0%@1728,0%@1728,100%@1728,0%@1728,0%@1728] GR3D_FREQ 5% cpu@57.187C soc2@55.781C soc0@56.781C gpu@56.906C tj@58.281C soc1@58.406C VDD_IN 8656mW/8668mW VDD_CPU_GPU_CV 2621mW/2633mW VDD_SOC 2625mW/2625mW
08-04-2026 13:54:45 RAM 3820/7620MB (lfb 1x1MB) SWAP 2374/12002MB (cached 119MB) CPU [0%@1728,0%@1728,0%@1728,100%@1728,0%@1728,0%@1728] GR3D_FREQ 5% cpu@57.281C soc2@55.906C soc0@56.906C gpu@57.093C tj@58.531C soc1@58.531C VDD_IN 8669mW/8668mW VDD_CPU_GPU_CV 2621mW/2633mW VDD_SOC 2625mW/2625mW
08-04-2026 13:54:45 RAM 3820/7620MB (lfb 1x1MB) SWAP 2374/12002MB (cached 119MB) CPU [0%@1728,0%@1728,0%@1728,100%@1728,0%@1728,0%@1728] GR3D_FREQ 5% cpu@57.343C soc2@55.812C soc0@56.625C gpu@57C tj@58.125C soc1@58.125C VDD_IN 8669mW/8668mW VDD_CPU_GPU_CV 2621mW/2633mW VDD_SOC 2625mW/2625mW
08-04-2026 13:54:46 RAM 3820/7620MB (lfb 1x1MB) SWAP 2374/12002MB (cached 119MB) CPU [0%@1728,0%@1728,0%@1728,100%@1728,0%@1728,8%@1728] GR3D_FREQ 5% cpu@57.218C soc2@55.781C soc0@56.75C gpu@56.906C tj@58.312C soc1@58.312C VDD_IN 8669mW/8668mW VDD_CPU_GPU_CV 2621mW/2633mW VDD_SOC 2625mW/2625mW
08-04-2026 13:54:46 RAM 3820/7620MB (lfb 1x1MB) SWAP 2374/12002MB (cached 119MB) CPU [0%@1728,0%@1728,0%@1728,100%@1728,0%@1728,0%@1728] GR3D_FREQ 5% cpu@57.093C soc2@55.781C soc0@56.75C gpu@57.125C tj@58.281C soc1@58.281C VDD_IN 8669mW/8668mW VDD_CPU_GPU_CV 2621mW/2633mW VDD_SOC 2625mW/2625mW
08-04-2026 13:54:46 RAM 3820/7620MB (lfb 1x1MB) SWAP 2374/12002MB (cached 119MB) CPU [0%@1728,0%@1728,0%@1728,100%@1728,0%@1728,0%@1728] GR3D_FREQ 5% cpu@57.187C soc2@55.812C soc0@56.843C gpu@57C tj@58.437C soc1@58.437C VDD_IN 8669mW/8668mW VDD_CPU_GPU_CV 2621mW/2633mW VDD_SOC 2625mW/2625mW
