08-04-2026 19:57:52 RAM 3871/7620MB (lfb 164x1MB) SWAP 1691/12002MB (cached 50MB) CPU [0%@1728,0%@1728,0%@1728,0%@1728,18%@1728,0%@1728] GR3D_FREQ 0% cpu@60.593C soc2@59.593C soc0@60.406C gpu@60.75C tj@61.468C soc1@61.468C VDD_IN 9830mW/9830mW VDD_CPU_GPU_CV 3353mW/3353mW VDD_SOC 2785mW/2785mW
08-04-2026 19:57:52 RAM 3871/7620MB (lfb 164x1MB) SWAP 1691/12002MB (cached 50MB) CPU [0%@1728,0%@1728,0%@1728,0%@1728,100%@1728,0%@1728] GR3D_FREQ 30% cpu@60.875C soc2@59.562C soc0@60.468C gpu@60.843C tj@61.75C soc1@61.75C VDD_IN 9994mW/9912mW VDD_CPU_GPU_CV 3511mW/3432mW VDD_SOC 2826mW/2806mW
08-04-2026 19:57:52 RAM 3871/7620MB (lfb 164x1MB) SWAP 1691/12002MB (cached 50MB) CPU [0%@1728,0%@1728,0%@1728,0%@1728,100%@1728,0%@1728] GR3D_FREQ 29% cpu@61.031C soc2@59.687C soc0@60.437C gpu@60.937C tj@61.718C soc1@61.718C VDD_IN 10117mW/9980mW VDD_CPU_GPU_CV 3593mW/3486mW VDD_SOC 2821mW/2811mW
08-04-2026 19:57:52 RAM 3871/7620MB (lfb 164x1MB) SWAP 1691/12002MB (cached 50MB) CPU [0%@1728,0%@1728,0%@1728,0%@1728,100%@1728,0%@1728] GR3D_FREQ 31% cpu@61.031C soc2@59.593C soc0@60.343C gpu@60.906C tj@61.5C soc1@61.5C VDD_IN 10199mW/10035mW VDD_CPU_GPU_CV 3674mW/3533mW VDD_SOC 2821mW/2813mW
08-04-2026 19:57:52 RAM 3871/7620MB (lfb 164x1MB) SWAP 1691/12002MB (cached 50MB) CPU [0%@1728,0%@1728,0%@1728,0%@1728,100%@1728,0%@1728] GR3D_FREQ 30% cpu@61.125C soc2@59.625C soc0@60.312C gpu@60.937C tj@61.562C soc1@61.562C VDD_IN 10280mW/10084mW VDD_CPU_GPU_CV 3756mW/3577mW VDD_SOC 2862mW/2823mW
08-04-2026 19:57:52 RAM 3871/7620MB (lfb 164x1MB) SWAP 1691/12002MB (cached 50MB) CPU [0%@1728,0%@1728,0%@1728,0%@1728,100%@1728,0%@1728] GR3D_FREQ 31% cpu@60.937C soc2@59.562C soc0@60.312C gpu@60.937C tj@61.625C soc1@61.625C VDD_IN 10321mW/10124mW VDD_CPU_GPU_CV 3797mW/3614mW VDD_SOC 2862mW/2830mW
08-04-2026 19:57:52 RAM 3871/7620MB (lfb 164x1MB) SWAP 1691/12002MB (cached 50MB) CPU [0%@1728,0%@1728,0%@1728,0%@1728,100%@1728,0%@1728] GR3D_FREQ 29% cpu@60.968C soc2@59.687C soc0@60.5C gpu@60.875C tj@61.625C soc1@61.625C VDD_IN 10403mW/10163mW VDD_CPU_GPU_CV 3838mW/3646mW VDD_SOC 2862mW/2834mW
08-04-2026 19:57:52 RAM 3871/7620MB (lfb 164x1MB) SWAP 1691/12002MB (cached 50MB) CPU [0%@1728,0%@1728,0%@1728,0%@1728,100%@1728,0%@1728] GR3D_FREQ 31% cpu@60.968C soc2@59.687C soc0@60.5C gpu@61.062C tj@61.5C soc1@61.5C VDD_IN 10444mW/10199mW VDD_CPU_GPU_CV 3879mW/3675mW VDD_SOC 2862mW/2838mW
08-04-2026 19:57:52 RAM 3871/7620MB (lfb 164x1MB) SWAP 1691/12002MB (cached 50MB) CPU [8%@1728,0%@1728,0%@1728,0%@1728,100%@1728,0%@1728] GR3D_FREQ 29% cpu@61.218C soc2@59.562C soc0@60.343C gpu@60.968C tj@61.562C soc1@61.562C VDD_IN 10485mW/10230mW VDD_CPU_GPU_CV 3919mW/3702mW VDD_SOC 2862mW/2840mW
08-04-2026 19:57:53 RAM 3871/7620MB (lfb 164x1MB) SWAP 1691/12002MB (cached 50MB) CPU [0%@1728,0%@1728,0%@1728,0%@1728,100%@1728,0%@1728] GR3D_FREQ 31% cpu@61.187C soc2@59.562C soc0@60.468C gpu@60.937C tj@61.625C soc1@61.625C VDD_IN 10485mW/10256mW VDD_CPU_GPU_CV 3919mW/3724mW VDD_SOC 2862mW/2843mW
08-04-2026 19:57:53 RAM 3871/7620MB (lfb 164x1MB) SWAP 1691/12002MB (cached 50MB) CPU [0%@1728,0%@1728,0%@1728,0%@1728,100%@1728,0%@1728] GR3D_FREQ 29% cpu@61C soc2@59.656C soc0@60.281C gpu@60.968C tj@61.656C soc1@61.656C VDD_IN 10526mW/10280mW VDD_CPU_GPU_CV 3919mW/3742mW VDD_SOC 2862mW/2844mW
08-04-2026 19:57:53 RAM 3871/7620MB (lfb 164x1MB) SWAP 1691/12002MB (cached 50MB) CPU [9%@1728,9%@1728,0%@1728,0%@1728,100%@1728,0%@1728] GR3D_FREQ 31% cpu@61.031C soc2@59.531C soc0@60.5C gpu@60.968C tj@61.687C soc1@61.687C VDD_IN 10526mW/10301mW VDD_CPU_GPU_CV 3960mW/3760mW VDD_SOC 2862mW/2846mW
08-04-2026 19:57:53 RAM 3871/7620MB (lfb 164x1MB) SWAP 1691/12002MB (cached 50MB) CPU [9%@1728,0%@1728,0%@1728,0%@1728,100%@1728,0%@1728] GR3D_FREQ 30% cpu@61C soc2@59.687C soc0@60.593C gpu@61.187C tj@61.437C soc1@61.437C VDD_IN 10526mW/10318mW VDD_CPU_GPU_CV 3960mW/3775mW VDD_SOC 2862mW/2847mW
08-04-2026 19:57:53 RAM 3871/7620MB (lfb 164x1MB) SWAP 1691/12002MB (cached 50MB) CPU [0%@1728,0%@1728,0%@1728,0%@1728,100%@1728,0%@1728] GR3D_FREQ 31% cpu@61.156C soc2@59.562C soc0@60.25C gpu@61.031C tj@61.593C soc1@61.593C VDD_IN 10526mW/10333mW VDD_CPU_GPU_CV 3960mW/3788mW VDD_SOC 2862mW/2848mW
08-04-2026 19:57:53 RAM 3871/7620MB (lfb 164x1MB) SWAP 1691/12002MB (cached 50MB) CPU [0%@1728,0%@1728,0%@1728,0%@1728,100%@1728,0%@1728] GR3D_FREQ 29% cpu@60.968C soc2@59.593C soc0@60.375C gpu@60.968C tj@61.531C soc1@61.531C VDD_IN 10526mW/10346mW VDD_CPU_GPU_CV 3960mW/3800mW VDD_SOC 2862mW/2849mW
08-04-2026 19:57:53 RAM 3871/7620MB (lfb 164x1MB) SWAP 1691/12002MB (cached 50MB) CPU [0%@1728,0%@1728,0%@1728,0%@1728,100%@1728,0%@1728] GR3D_FREQ 31% cpu@60.937C soc2@59.625C soc0@60.343C gpu@61.093C tj@61.718C soc1@61.718C VDD_IN 10567mW/10360mW VDD_CPU_GPU_CV 3960mW/3810mW VDD_SOC 2862mW/2850mW
08-04-2026 19:57:53 RAM 3871/7620MB (lfb 164x1MB) SWAP 1691/12002MB (cached 50MB) CPU [0%@1728,0%@1728,0%@1728,0%@1728,100%@1728,0%@1728] GR3D_FREQ 29% cpu@61.125C soc2@59.687C soc0@60.5C gpu@61C tj@61.812C soc1@61.812C VDD_IN 10567mW/10372mW VDD_CPU_GPU_CV 3960mW/3819mW VDD_SOC 2862mW/2851mW
08-04-2026 19:57:53 RAM 3871/7620MB (lfb 164x1MB) SWAP 1691/12002MB (cached 50MB) CPU [0%@1728,0%@1728,0%@1728,0%@1728,100%@1728,0%@1728] GR3D_FREQ 31% cpu@61.031C soc2@59.562C soc0@60.406C gpu@61.25C tj@61.562C soc1@61.562C VDD_IN 10567mW/10383mW VDD_CPU_GPU_CV 3960mW/3827mW VDD_SOC 2862mW/2851mW
08-04-2026 19:57:53 RAM 3871/7620MB (lfb 164x1MB) SWAP 1691/12002MB (cached 50MB) CPU [0%@1728,0%@1728,0%@1728,0%@1728,100%@1728,0%@1728] GR3D_FREQ 30% cpu@61.218C soc2@59.593C soc0@60.25C gpu@61.125C tj@61.593C soc1@61.593C VDD_IN 10567mW/10392mW VDD_CPU_GPU_CV 3960mW/3834mW VDD_SOC 2862mW/2852mW
08-04-2026 19:57:54 RAM 3871/7620MB (lfb 164x1MB) SWAP 1691/12002MB (cached 50MB) CPU [8%@1728,9%@1728,0%@1728,0%@1728,100%@1728,0%@1728] GR3D_FREQ 30% cpu@61C soc2@59.562C soc0@60.343C gpu@60.968C tj@61.687C soc1@61.687C VDD_IN 10567mW/10401mW VDD_CPU_GPU_CV 4001mW/3842mW VDD_SOC 2862mW/2852mW
08-04-2026 19:57:54 RAM 3871/7620MB (lfb 164x1MB) SWAP 1691/12002MB (cached 50MB) CPU [0%@1728,0%@1728,0%@1728,0%@1728,100%@1728,0%@1728] GR3D_FREQ 30% cpu@61.062C soc2@59.625C soc0@60.562C gpu@61.156C tj@61.812C soc1@61.812C VDD_IN 10567mW/10409mW VDD_CPU_GPU_CV 4001mW/3850mW VDD_SOC 2862mW/2853mW
08-04-2026 19:57:54 RAM 3871/7620MB (lfb 164x1MB) SWAP 1691/12002MB (cached 50MB) CPU [0%@1728,0%@1728,0%@1728,0%@1728,100%@1728,0%@1728] GR3D_FREQ 31% cpu@61.156C soc2@59.687C soc0@60.562C gpu@61.062C tj@61.625C soc1@61.625C VDD_IN 10567mW/10416mW VDD_CPU_GPU_CV 3995mW/3856mW VDD_SOC 2862mW/2853mW
08-04-2026 19:57:54 RAM 3871/7620MB (lfb 164x1MB) SWAP 1691/12002MB (cached 50MB) CPU [0%@1728,0%@1728,0%@1728,0%@1728,100%@1728,0%@1728] GR3D_FREQ 29% cpu@61.25C soc2@59.593C soc0@60.343C gpu@60.937C tj@61.468C soc1@61.468C VDD_IN 10567mW/10423mW VDD_CPU_GPU_CV 4001mW/3862mW VDD_SOC 2862mW/2854mW
08-04-2026 19:57:54 RAM 3871/7620MB (lfb 164x1MB) SWAP 1691/12002MB (cached 50MB) CPU [0%@1728,0%@1728,0%@1728,0%@1728,100%@1728,0%@1728] GR3D_FREQ 31% cpu@60.875C soc2@59.562C soc0@60.375C gpu@61.125C tj@61.593C soc1@61.593C VDD_IN 10567mW/10429mW VDD_CPU_GPU_CV 4001mW/3868mW VDD_SOC 2862mW/2854mW
08-04-2026 19:57:54 RAM 3871/7620MB (lfb 164x1MB) SWAP 1691/12002MB (cached 50MB) CPU [0%@1728,0%@1728,0%@1728,0%@1728,100%@1728,0%@1728] GR3D_FREQ 30% cpu@60.968C soc2@59.593C soc0@60.406C gpu@61.062C tj@61.656C soc1@61.656C VDD_IN 10567mW/10434mW VDD_CPU_GPU_CV 3960mW/3872mW VDD_SOC 2862mW/2854mW
08-04-2026 19:57:54 RAM 3872/7620MB (lfb 164x1MB) SWAP 1691/12002MB (cached 50MB) CPU [18%@1728,10%@1728,0%@1728,18%@1728,100%@1728,0%@1728] GR3D_FREQ 30% cpu@61.25C soc2@59.718C soc0@60.531C gpu@61.312C tj@61.812C soc1@61.812C VDD_IN 10690mW/10444mW VDD_CPU_GPU_CV 4036mW/3878mW VDD_SOC 2862mW/2854mW
08-04-2026 19:57:54 RAM 3870/7620MB (lfb 164x1MB) SWAP 1691/12002MB (cached 50MB) CPU [0%@1728,0%@1728,0%@1728,0%@1728,100%@1728,0%@1728] GR3D_FREQ 29% cpu@61.125C soc2@59.562C soc0@60.25C gpu@61.093C tj@61.531C soc1@61.531C VDD_IN 10649mW/10452mW VDD_CPU_GPU_CV 4001mW/3883mW VDD_SOC 2862mW/2855mW
08-04-2026 19:57:54 RAM 3870/7620MB (lfb 164x1MB) SWAP 1691/12002MB (cached 50MB) CPU [0%@1728,9%@1728,0%@1728,0%@1728,100%@1728,0%@1728] GR3D_FREQ 30% cpu@61.312C soc2@59.593C soc0@60.312C gpu@61.062C tj@61.531C soc1@61.531C VDD_IN 10649mW/10459mW VDD_CPU_GPU_CV 3995mW/3887mW VDD_SOC 2862mW/2855mW
08-04-2026 19:57:55 RAM 3870/7620MB (lfb 164x1MB) SWAP 1691/12002MB (cached 50MB) CPU [0%@1728,0%@1728,0%@1728,0%@1728,100%@1728,0%@1728] GR3D_FREQ 30% cpu@60.937C soc2@59.562C soc0@60.406C gpu@61.218C tj@61.687C soc1@61.687C VDD_IN 10649mW/10465mW VDD_CPU_GPU_CV 4001mW/3891mW VDD_SOC 2862mW/2855mW
08-04-2026 19:57:55 RAM 3870/7620MB (lfb 164x1MB) SWAP 1691/12002MB (cached 50MB) CPU [0%@1728,0%@1728,0%@1728,0%@1728,100%@1728,0%@1728] GR3D_FREQ 30% cpu@61.093C soc2@59.593C soc0@60.468C gpu@61.156C tj@61.75C soc1@61.75C VDD_IN 10608mW/10470mW VDD_CPU_GPU_CV 4001mW/3894mW VDD_SOC 2862mW/2855mW
08-04-2026 19:57:55 RAM 3870/7620MB (lfb 164x1MB) SWAP 1691/12002MB (cached 50MB) CPU [0%@1728,0%@1728,9%@1728,0%@1728,100%@1728,0%@1728] GR3D_FREQ 30% cpu@61.062C soc2@59.687C soc0@60.375C gpu@61C tj@61.531C soc1@61.531C VDD_IN 10608mW/10475mW VDD_CPU_GPU_CV 3995mW/3898mW VDD_SOC 2862mW/2856mW
08-04-2026 19:57:55 RAM 3870/7620MB (lfb 164x1MB) SWAP 1691/12002MB (cached 50MB) CPU [0%@1728,0%@1728,0%@1728,0%@1728,100%@1728,0%@1728] GR3D_FREQ 30% cpu@61.312C soc2@59.562C soc0@60.281C gpu@61.218C tj@61.5C soc1@61.5C VDD_IN 10608mW/10479mW VDD_CPU_GPU_CV 4001mW/3901mW VDD_SOC 2862mW/2856mW
08-04-2026 19:57:55 RAM 3870/7620MB (lfb 164x1MB) SWAP 1691/12002MB (cached 50MB) CPU [0%@1728,0%@1728,0%@1728,0%@1728,100%@1728,0%@1728] GR3D_FREQ 30% cpu@60.843C soc2@59.531C soc0@60.375C gpu@61.093C tj@61.593C soc1@61.562C VDD_IN 10608mW/10483mW VDD_CPU_GPU_CV 4001mW/3904mW VDD_SOC 2862mW/2856mW
08-04-2026 19:57:55 RAM 3870/7620MB (lfb 164x1MB) SWAP 1691/12002MB (cached 50MB) CPU [0%@1728,0%@1728,8%@1728,0%@1728,100%@1728,0%@1728] GR3D_FREQ 30% cpu@60.875C soc2@59.593C soc0@60.437C gpu@61.312C tj@61.625C soc1@61.625C VDD_IN 10567mW/10485mW VDD_CPU_GPU_CV 4001mW/3907mW VDD_SOC 2862mW/2856mW
08-04-2026 19:57:55 RAM 3870/7620MB (lfb 164x1MB) SWAP 1691/12002MB (cached 50MB) CPU [0%@1728,0%@1728,0%@1728,0%@1728,100%@1728,0%@1728] GR3D_FREQ 29% cpu@60.968C soc2@59.625C soc0@60.437C gpu@61.218C tj@61.812C soc1@61.812C VDD_IN 10567mW/10487mW VDD_CPU_GPU_CV 4001mW/3909mW VDD_SOC 2862mW/2856mW
08-04-2026 19:57:55 RAM 3870/7620MB (lfb 164x1MB) SWAP 1691/12002MB (cached 50MB) CPU [0%@1728,0%@1728,0%@1728,0%@1728,100%@1728,0%@1728] GR3D_FREQ 30% cpu@61.156C soc2@59.687C soc0@60.281C gpu@61.187C tj@61.5C soc1@61.5C VDD_IN 10567mW/10490mW VDD_CPU_GPU_CV 3995mW/3912mW VDD_SOC 2862mW/2857mW
08-04-2026 19:57:55 RAM 3870/7620MB (lfb 164x1MB) SWAP 1691/12002MB (cached 50MB) CPU [0%@1728,0%@1728,0%@1728,0%@1728,100%@1728,0%@1728] GR3D_FREQ 30% cpu@61.25C soc2@59.593C soc0@60.281C gpu@61.406C tj@61.468C soc1@61.468C VDD_IN 10526mW/10491mW VDD_CPU_GPU_CV 4001mW/3914mW VDD_SOC 2862mW/2857mW
08-04-2026 19:57:55 RAM 3870/7620MB (lfb 164x1MB) SWAP 1691/12002MB (cached 50MB) CPU [0%@1728,0%@1728,0%@1728,0%@1728,100%@1728,0%@1728] GR3D_FREQ 30% cpu@60.937C soc2@59.5C soc0@60.312C gpu@61.156C tj@61.5C soc1@61.593C VDD_IN 10567mW/10493mW VDD_CPU_GPU_CV 4001mW/3916mW VDD_SOC 2862mW/2857mW
08-04-2026 19:57:56 RAM 3870/7620MB (lfb 164x1MB) SWAP 1691/12002MB (cached 50MB) CPU [0%@1728,0%@1728,0%@1728,0%@1728,100%@1728,0%@1728] GR3D_FREQ 29% cpu@60.906C soc2@59.593C soc0@60.437C gpu@60.937C tj@61.687C soc1@61.687C VDD_IN 10567mW/10495mW VDD_CPU_GPU_CV 4001mW/3919mW VDD_SOC 2862mW/2857mW
08-04-2026 19:57:56 RAM 3870/7620MB (lfb 164x1MB) SWAP 1691/12002MB (cached 50MB) CPU [0%@1728,0%@1728,0%@1728,0%@1728,100%@1728,0%@1728] GR3D_FREQ 31% cpu@61.062C soc2@59.687C soc0@60.562C gpu@61.312C tj@61.468C soc1@61.468C VDD_IN 10567mW/10496mW VDD_CPU_GPU_CV 4001mW/3921mW VDD_SOC 2862mW/2857mW
08-04-2026 19:57:56 RAM 3870/7620MB (lfb 164x1MB) SWAP 1691/12002MB (cached 50MB) CPU [0%@1728,0%@1728,0%@1728,0%@1728,100%@1728,0%@1728] GR3D_FREQ 30% cpu@61.156C soc2@59.593C soc0@60.218C gpu@61.125C tj@61.468C soc1@61.468C VDD_IN 10567mW/10498mW VDD_CPU_GPU_CV 4001mW/3923mW VDD_SOC 2862mW/2857mW
08-04-2026 19:57:56 RAM 3870/7620MB (lfb 164x1MB) SWAP 1691/12002MB (cached 50MB) CPU [0%@1728,0%@1728,0%@1728,0%@1728,100%@1728,0%@1728] GR3D_FREQ 30% cpu@60.843C soc2@59.625C soc0@60.343C gpu@60.875C tj@61.5C soc1@61.5C VDD_IN 10567mW/10500mW VDD_CPU_GPU_CV 4001mW/3925mW VDD_SOC 2862mW/2857mW
08-04-2026 19:57:56 RAM 3870/7620MB (lfb 164x1MB) SWAP 1691/12002MB (cached 50MB) CPU [8%@1728,0%@1728,0%@1728,0%@1728,100%@1728,0%@1728] GR3D_FREQ 29% cpu@60.937C soc2@59.562C soc0@60.406C gpu@61.312C tj@61.656C soc1@61.656C VDD_IN 10567mW/10501mW VDD_CPU_GPU_CV 4001mW/3926mW VDD_SOC 2862mW/2857mW
08-04-2026 19:57:56 RAM 3870/7620MB (lfb 164x1MB) SWAP 1691/12002MB (cached 50MB) CPU [0%@1728,0%@1728,0%@1728,0%@1728,100%@1728,0%@1728] GR3D_FREQ 31% cpu@61.062C soc2@59.625C soc0@60.468C gpu@60.906C tj@61.718C soc1@61.718C VDD_IN 10567mW/10503mW VDD_CPU_GPU_CV 4001mW/3928mW VDD_SOC 2862mW/2858mW
08-04-2026 19:57:56 RAM 3870/7620MB (lfb 164x1MB) SWAP 1691/12002MB (cached 50MB) CPU [0%@1728,0%@1728,0%@1728,0%@1728,100%@1728,0%@1728] GR3D_FREQ 31% cpu@61.218C soc2@59.718C soc0@60.5C gpu@60.937C tj@61.5C soc1@61.5C VDD_IN 10567mW/10504mW VDD_CPU_GPU_CV 4001mW/3930mW VDD_SOC 2862mW/2858mW
08-04-2026 19:57:56 RAM 3870/7620MB (lfb 164x1MB) SWAP 1691/12002MB (cached 50MB) CPU [0%@1728,0%@1728,0%@1728,0%@1728,100%@1728,0%@1728] GR3D_FREQ 29% cpu@60.843C soc2@59.562C soc0@60.343C gpu@61.281C tj@61.562C soc1@61.562C VDD_IN 10567mW/10506mW VDD_CPU_GPU_CV 4001mW/3931mW VDD_SOC 2862mW/2858mW
08-04-2026 19:57:56 RAM 3870/7620MB (lfb 164x1MB) SWAP 1691/12002MB (cached 50MB) CPU [0%@1728,0%@1728,0%@1728,0%@1728,100%@1728,0%@1728] GR3D_FREQ 30% cpu@60.812C soc2@59.593C soc0@60.406C gpu@60.937C tj@61.656C soc1@61.656C VDD_IN 10567mW/10507mW VDD_CPU_GPU_CV 4001mW/3933mW VDD_SOC 2862mW/2858mW
08-04-2026 19:57:57 RAM 3870/7620MB (lfb 164x1MB) SWAP 1691/12002MB (cached 50MB) CPU [0%@1728,0%@1728,0%@1728,0%@1728,100%@1728,0%@1728] GR3D_FREQ 30% cpu@60.875C soc2@59.593C soc0@60.375C gpu@61.406C tj@61.656C soc1@61.656C VDD_IN 10567mW/10508mW VDD_CPU_GPU_CV 4001mW/3934mW VDD_SOC 2862mW/2858mW
08-04-2026 19:57:57 RAM 3870/7620MB (lfb 164x1MB) SWAP 1691/12002MB (cached 50MB) CPU [0%@1728,0%@1728,0%@1728,0%@1728,100%@1728,0%@1728] GR3D_FREQ 31% cpu@61.218C soc2@59.593C soc0@60.5C gpu@61.25C tj@61.843C soc1@61.843C VDD_IN 10567mW/10509mW VDD_CPU_GPU_CV 4001mW/3935mW VDD_SOC 2862mW/2858mW
08-04-2026 19:57:57 RAM 3870/7620MB (lfb 164x1MB) SWAP 1691/12002MB (cached 50MB) CPU [0%@1728,0%@1728,0%@1728,0%@1728,100%@1728,0%@1728] GR3D_FREQ 29% cpu@61.125C soc2@59.625C soc0@60.25C gpu@60.906C tj@61.531C soc1@61.531C VDD_IN 10567mW/10511mW VDD_CPU_GPU_CV 4001mW/3937mW VDD_SOC 2862mW/2858mW
08-04-2026 19:57:57 RAM 3870/7620MB (lfb 164x1MB) SWAP 1691/12002MB (cached 50MB) CPU [0%@1728,0%@1728,0%@1728,0%@1728,100%@1728,0%@1728] GR3D_FREQ 30% cpu@61.031C soc2@59.5C soc0@60.281C gpu@61.406C tj@61.562C soc1@61.562C VDD_IN 10567mW/10512mW VDD_CPU_GPU_CV 4001mW/3938mW VDD_SOC 2862mW/2858mW
08-04-2026 19:57:57 RAM 3870/7620MB (lfb 164x1MB) SWAP 1691/12002MB (cached 50MB) CPU [0%@1728,0%@1728,0%@1728,8%@1728,100%@1728,0%@1728] GR3D_FREQ 29% cpu@60.843C soc2@59.625C soc0@60.375C gpu@61C tj@61.656C soc1@61.656C VDD_IN 10567mW/10513mW VDD_CPU_GPU_CV 3995mW/3939mW VDD_SOC 2862mW/2858mW
08-04-2026 19:57:57 RAM 3870/7620MB (lfb 164x1MB) SWAP 1691/12002MB (cached 50MB) CPU [0%@1728,0%@1728,0%@1728,0%@1728,100%@1728,0%@1728] GR3D_FREQ 30% cpu@60.906C soc2@59.531C soc0@60.375C gpu@60.968C tj@61.75C soc1@61.75C VDD_IN 10567mW/10514mW VDD_CPU_GPU_CV 4001mW/3940mW VDD_SOC 2862mW/2858mW
08-04-2026 19:57:57 RAM 3870/7620MB (lfb 164x1MB) SWAP 1691/12002MB (cached 50MB) CPU [0%@1728,0%@1728,0%@1728,0%@1728,100%@1728,0%@1728] GR3D_FREQ 30% cpu@61.218C soc2@59.656C soc0@60.5C gpu@61.375C tj@61.843C soc1@61.843C VDD_IN 10567mW/10515mW VDD_CPU_GPU_CV 3995mW/3941mW VDD_SOC 2862mW/2858mW
08-04-2026 19:57:57 RAM 3870/7620MB (lfb 164x1MB) SWAP 1691/12002MB (cached 50MB) CPU [0%@1728,0%@1728,0%@1728,0%@1728,100%@1728,0%@1728] GR3D_FREQ 29% cpu@60.906C soc2@59.5C soc0@60.312C gpu@60.906C tj@61.593C soc1@61.593C VDD_IN 10567mW/10516mW VDD_CPU_GPU_CV 3995mW/3942mW VDD_SOC 2862mW/2858mW
08-04-2026 19:57:57 RAM 3870/7620MB (lfb 164x1MB) SWAP 1691/12002MB (cached 50MB) CPU [8%@1728,0%@1728,0%@1728,0%@1728,100%@1728,0%@1728] GR3D_FREQ 31% cpu@60.843C soc2@59.593C soc0@60.343C gpu@60.906C tj@61.593C soc1@61.593C VDD_IN 10567mW/10517mW VDD_CPU_GPU_CV 4001mW/3943mW VDD_SOC 2862mW/2859mW
08-04-2026 19:57:57 RAM 3874/7620MB (lfb 164x1MB) SWAP 1691/12002MB (cached 50MB) CPU [30%@1728,9%@1728,9%@1728,18%@1728,100%@1728,8%@1728] GR3D_FREQ 30% cpu@61C soc2@59.687C soc0@60.375C gpu@60.968C tj@61.625C soc1@61.625C VDD_IN 10632mW/10519mW VDD_CPU_GPU_CV 4036mW/3945mW VDD_SOC 2862mW/2859mW
08-04-2026 19:57:58 RAM 3874/7620MB (lfb 164x1MB) SWAP 1691/12002MB (cached 50MB) CPU [0%@1728,0%@1728,0%@1728,0%@1728,100%@1728,0%@1728] GR3D_FREQ 29% cpu@61C soc2@59.656C soc0@60.531C gpu@60.937C tj@61.781C soc1@61.781C VDD_IN 10649mW/10521mW VDD_CPU_GPU_CV 4036mW/3947mW VDD_SOC 2862mW/2859mW
08-04-2026 19:57:58 RAM 3874/7620MB (lfb 164x1MB) SWAP 1691/12002MB (cached 50MB) CPU [9%@1728,0%@1728,0%@1728,0%@1728,100%@1728,0%@1728] GR3D_FREQ 29% cpu@61.25C soc2@59.625C soc0@60.281C gpu@60.875C tj@61.531C soc1@61.531C VDD_IN 10649mW/10523mW VDD_CPU_GPU_CV 3995mW/3947mW VDD_SOC 2862mW/2859mW
08-04-2026 19:57:58 RAM 3874/7620MB (lfb 164x1MB) SWAP 1691/12002MB (cached 50MB) CPU [0%@1728,0%@1728,0%@1728,0%@1728,100%@1728,0%@1728] GR3D_FREQ 30% cpu@60.906C soc2@59.625C soc0@60.343C gpu@61.031C tj@61.593C soc1@61.593C VDD_IN 10608mW/10524mW VDD_CPU_GPU_CV 4001mW/3948mW VDD_SOC 2862mW/2859mW
08-04-2026 19:57:58 RAM 3874/7620MB (lfb 164x1MB) SWAP 1691/12002MB (cached 50MB) CPU [0%@1728,0%@1728,0%@1728,0%@1728,100%@1728,0%@1728] GR3D_FREQ 30% cpu@60.875C soc2@59.687C soc0@60.406C gpu@60.937C tj@61.531C soc1@61.531C VDD_IN 10608mW/10526mW VDD_CPU_GPU_CV 4001mW/3949mW VDD_SOC 2862mW/2859mW
08-04-2026 19:57:58 RAM 3874/7620MB (lfb 164x1MB) SWAP 1691/12002MB (cached 50MB) CPU [0%@1728,0%@1728,0%@1728,0%@1728,100%@1728,0%@1728] GR3D_FREQ 29% cpu@60.875C soc2@59.593C soc0@60.343C gpu@61.437C tj@61.625C soc1@61.625C VDD_IN 10608mW/10527mW VDD_CPU_GPU_CV 4001mW/3950mW VDD_SOC 2862mW/2859mW
08-04-2026 19:57:58 RAM 3874/7620MB (lfb 164x1MB) SWAP 1691/12002MB (cached 50MB) CPU [0%@1728,0%@1728,0%@1728,0%@1728,100%@1728,0%@1728] GR3D_FREQ 29% cpu@61.187C soc2@59.656C soc0@60.562C gpu@60.968C tj@61.718C soc1@61.718C VDD_IN 10608mW/10528mW VDD_CPU_GPU_CV 4001mW/3951mW VDD_SOC 2862mW/2859mW
08-04-2026 19:57:58 RAM 3874/7620MB (lfb 164x1MB) SWAP 1691/12002MB (cached 50MB) CPU [0%@1728,0%@1728,0%@1728,0%@1728,100%@1728,0%@1728] GR3D_FREQ 30% cpu@60.875C soc2@59.656C soc0@60.312C gpu@60.875C tj@61.625C soc1@61.625C VDD_IN 10608mW/10530mW VDD_CPU_GPU_CV 4001mW/3952mW VDD_SOC 2862mW/2859mW
08-04-2026 19:57:58 RAM 3874/7620MB (lfb 164x1MB) SWAP 1691/12002MB (cached 50MB) CPU [0%@1728,0%@1728,0%@1728,0%@1728,100%@1728,0%@1728] GR3D_FREQ 30% cpu@60.875C soc2@59.593C soc0@60.281C gpu@61.031C tj@61.562C soc1@61.562C VDD_IN 10608mW/10531mW VDD_CPU_GPU_CV 4001mW/3952mW VDD_SOC 2862mW/2859mW
08-04-2026 19:57:58 RAM 3874/7620MB (lfb 164x1MB) SWAP 1691/12002MB (cached 50MB) CPU [0%@1728,0%@1728,0%@1728,0%@1728,100%@1728,0%@1728] GR3D_FREQ 30% cpu@60.875C soc2@59.531C soc0@60.375C gpu@60.968C tj@61.625C soc1@61.625C VDD_IN 10608mW/10532mW VDD_CPU_GPU_CV 4001mW/3953mW VDD_SOC 2862mW/2859mW
08-04-2026 19:57:59 RAM 3874/7620MB (lfb 164x1MB) SWAP 1691/12002MB (cached 50MB) CPU [0%@1728,0%@1728,0%@1728,0%@1728,100%@1728,0%@1728] GR3D_FREQ 29% cpu@60.843C soc2@59.593C soc0@60.468C gpu@60.937C tj@61.75C soc1@61.75C VDD_IN 10608mW/10533mW VDD_CPU_GPU_CV 4001mW/3954mW VDD_SOC 2862mW/2859mW
08-04-2026 19:57:59 RAM 3874/7620MB (lfb 164x1MB) SWAP 1691/12002MB (cached 50MB) CPU [0%@1728,0%@1728,0%@1728,0%@1728,100%@1728,0%@1728] GR3D_FREQ 31% cpu@60.875C soc2@59.687C soc0@60.281C gpu@61.062C tj@61.593C soc1@61.593C VDD_IN 10608mW/10534mW VDD_CPU_GPU_CV 4001mW/3954mW VDD_SOC 2862mW/2859mW
08-04-2026 19:57:59 RAM 3874/7620MB (lfb 164x1MB) SWAP 1691/12002MB (cached 50MB) CPU [0%@1728,0%@1728,0%@1728,0%@1728,100%@1728,0%@1728] GR3D_FREQ 30% cpu@60.875C soc2@59.562C soc0@60.25C gpu@60.968C tj@61.656C soc1@61.656C VDD_IN 10608mW/10535mW VDD_CPU_GPU_CV 4001mW/3955mW VDD_SOC 2862mW/2859mW
08-04-2026 19:57:59 RAM 3874/7620MB (lfb 164x1MB) SWAP 1691/12002MB (cached 50MB) CPU [15%@1728,0%@1728,0%@1728,0%@1728,100%@1728,0%@1728] GR3D_FREQ 30% cpu@60.906C soc2@59.593C soc0@60.312C gpu@61.125C tj@61.5C soc1@61.5C VDD_IN 10567mW/10536mW VDD_CPU_GPU_CV 4001mW/3956mW VDD_SOC 2862mW/2859mW
08-04-2026 19:57:59 RAM 3874/7620MB (lfb 164x1MB) SWAP 1691/12002MB (cached 50MB) CPU [0%@1728,0%@1728,0%@1728,0%@1728,100%@1728,0%@1728] GR3D_FREQ 29% cpu@60.906C soc2@59.625C soc0@60.468C gpu@60.906C tj@61.687C soc1@61.687C VDD_IN 10567mW/10536mW VDD_CPU_GPU_CV 4001mW/3956mW VDD_SOC 2862mW/2859mW
08-04-2026 19:57:59 RAM 3874/7620MB (lfb 164x1MB) SWAP 1691/12002MB (cached 50MB) CPU [0%@1728,0%@1728,0%@1728,0%@1728,100%@1728,0%@1728] GR3D_FREQ 30% cpu@60.968C soc2@59.656C soc0@60.406C gpu@60.937C tj@61.468C soc1@61.468C VDD_IN 10567mW/10537mW VDD_CPU_GPU_CV 4001mW/3957mW VDD_SOC 2862mW/2859mW
08-04-2026 19:57:59 RAM 3874/7620MB (lfb 164x1MB) SWAP 1691/12002MB (cached 50MB) CPU [0%@1728,0%@1728,0%@1728,0%@1728,100%@1728,0%@1728] GR3D_FREQ 31% cpu@60.875C soc2@59.562C soc0@60.312C gpu@61.062C tj@61.5C soc1@61.5C VDD_IN 10567mW/10537mW VDD_CPU_GPU_CV 4001mW/3958mW VDD_SOC 2862mW/2859mW
08-04-2026 19:57:59 RAM 3874/7620MB (lfb 164x1MB) SWAP 1691/12002MB (cached 50MB) CPU [0%@1728,0%@1728,0%@1728,9%@1728,100%@1728,0%@1728] GR3D_FREQ 29% cpu@60.875C soc2@59.5C soc0@60.343C gpu@61C tj@61.562C soc1@61.562C VDD_IN 10567mW/10537mW VDD_CPU_GPU_CV 4001mW/3958mW VDD_SOC 2862mW/2859mW
08-04-2026 19:57:59 RAM 3874/7620MB (lfb 164x1MB) SWAP 1691/12002MB (cached 50MB) CPU [0%@1728,0%@1728,0%@1728,0%@1728,100%@1728,0%@1728] GR3D_FREQ 31% cpu@60.875C soc2@59.593C soc0@60.437C gpu@61.156C tj@61.593C soc1@61.593C VDD_IN 10608mW/10538mW VDD_CPU_GPU_CV 4001mW/3959mW VDD_SOC 2862mW/2859mW
08-04-2026 19:57:59 RAM 3874/7620MB (lfb 164x1MB) SWAP 1691/12002MB (cached 50MB) CPU [0%@1728,0%@1728,0%@1728,0%@1728,100%@1728,0%@1728] GR3D_FREQ 29% cpu@61C soc2@59.625C soc0@60.5C gpu@61.031C tj@61.687C soc1@61.687C VDD_IN 10567mW/10539mW VDD_CPU_GPU_CV 4001mW/3959mW VDD_SOC 2862mW/2859mW
08-04-2026 19:58:00 RAM 3874/7620MB (lfb 164x1MB) SWAP 1691/12002MB (cached 50MB) CPU [0%@1728,0%@1728,9%@1728,0%@1728,100%@1728,0%@1728] GR3D_FREQ 30% cpu@60.906C soc2@59.687C soc0@60.5C gpu@61C tj@61.437C soc1@61.437C VDD_IN 10567mW/10539mW VDD_CPU_GPU_CV 4001mW/3960mW VDD_SOC 2862mW/2859mW
08-04-2026 19:58:00 RAM 3874/7620MB (lfb 164x1MB) SWAP 1691/12002MB (cached 50MB) CPU [0%@1728,0%@1728,0%@1728,0%@1728,100%@1728,0%@1728] GR3D_FREQ 30% cpu@60.937C soc2@59.5C soc0@60.312C gpu@61.156C tj@61.5C soc1@61.5C VDD_IN 10608mW/10540mW VDD_CPU_GPU_CV 4001mW/3960mW VDD_SOC 2862mW/2860mW
08-04-2026 19:58:00 RAM 3874/7620MB (lfb 164x1MB) SWAP 1691/12002MB (cached 50MB) CPU [0%@1728,0%@1728,0%@1728,0%@1728,100%@1728,0%@1728] GR3D_FREQ 30% cpu@60.875C soc2@59.562C soc0@60.312C gpu@61.062C tj@61.5C soc1@61.5C VDD_IN 10608mW/10541mW VDD_CPU_GPU_CV 4001mW/3961mW VDD_SOC 2862mW/2860mW
08-04-2026 19:58:00 RAM 3874/7620MB (lfb 164x1MB) SWAP 1691/12002MB (cached 50MB) CPU [8%@1728,0%@1728,0%@1728,0%@1728,100%@1728,0%@1728] GR3D_FREQ 30% cpu@60.875C soc2@59.656C soc0@60.375C gpu@61.312C tj@61.625C soc1@61.718C VDD_IN 10608mW/10542mW VDD_CPU_GPU_CV 4001mW/3961mW VDD_SOC 2862mW/2860mW
08-04-2026 19:58:00 RAM 3874/7620MB (lfb 164x1MB) SWAP 1691/12002MB (cached 50MB) CPU [0%@1728,9%@1728,0%@1728,0%@1728,100%@1728,0%@1728] GR3D_FREQ 30% cpu@60.906C soc2@59.687C soc0@60.562C gpu@61.25C tj@61.781C soc1@61.781C VDD_IN 10608mW/10543mW VDD_CPU_GPU_CV 4001mW/3962mW VDD_SOC 2862mW/2860mW
08-04-2026 19:58:00 RAM 3874/7620MB (lfb 164x1MB) SWAP 1691/12002MB (cached 50MB) CPU [0%@1728,0%@1728,0%@1728,0%@1728,100%@1728,0%@1728] GR3D_FREQ 29% cpu@60.968C soc2@59.687C soc0@60.562C gpu@61.062C tj@61.562C soc1@61.562C VDD_IN 10567mW/10543mW VDD_CPU_GPU_CV 4001mW/3962mW VDD_SOC 2862mW/2860mW
08-04-2026 19:58:00 RAM 3874/7620MB (lfb 164x1MB) SWAP 1691/12002MB (cached 50MB) CPU [0%@1728,0%@1728,0%@1728,0%@1728,100%@1728,0%@1728] GR3D_FREQ 31% cpu@60.906C soc2@59.593C soc0@60.281C gpu@61.375C tj@61.531C soc1@61.531C VDD_IN 10608mW/10544mW VDD_CPU_GPU_CV 4001mW/3963mW VDD_SOC 2862mW/2860mW
08-04-2026 19:58:00 RAM 3874/7620MB (lfb 164x1MB) SWAP 1691/12002MB (cached 50MB) CPU [0%@1728,0%@1728,0%@1728,0%@1728,100%@1728,0%@1728] GR3D_FREQ 30% cpu@60.875C soc2@59.625C soc0@60.406C gpu@61.093C tj@61.625C soc1@61.625C VDD_IN 10608mW/10544mW VDD_CPU_GPU_CV 4001mW/3963mW VDD_SOC 2862mW/2860mW
08-04-2026 19:58:00 RAM 3874/7620MB (lfb 164x1MB) SWAP 1691/12002MB (cached 50MB) CPU [9%@1728,0%@1728,0%@1728,0%@1728,100%@1728,0%@1728] GR3D_FREQ 30% cpu@60.906C soc2@59.593C soc0@60.437C gpu@61.406C tj@61.562C soc1@61.781C VDD_IN 10608mW/10545mW VDD_CPU_GPU_CV 4001mW/3964mW VDD_SOC 2862mW/2860mW
08-04-2026 19:58:01 RAM 3874/7620MB (lfb 164x1MB) SWAP 1691/12002MB (cached 50MB) CPU [0%@1728,0%@1728,0%@1728,0%@1728,100%@1728,0%@1728] GR3D_FREQ 30% cpu@60.968C soc2@59.656C soc0@60.531C gpu@61.281C tj@61.812C soc1@61.812C VDD_IN 10608mW/10546mW VDD_CPU_GPU_CV 4001mW/3964mW VDD_SOC 2862mW/2860mW
08-04-2026 19:58:01 RAM 3874/7620MB (lfb 164x1MB) SWAP 1691/12002MB (cached 50MB) CPU [0%@1728,0%@1728,0%@1728,0%@1728,100%@1728,0%@1728] GR3D_FREQ 30% cpu@60.968C soc2@59.656C soc0@60.312C gpu@61.125C tj@61.437C soc1@61.437C VDD_IN 10567mW/10546mW VDD_CPU_GPU_CV 4001mW/3965mW VDD_SOC 2862mW/2860mW
08-04-2026 19:58:01 RAM 3874/7620MB (lfb 164x1MB) SWAP 1691/12002MB (cached 50MB) CPU [20%@1728,10%@1728,9%@1728,0%@1728,100%@1728,0%@1728] GR3D_FREQ 30% cpu@60.906C soc2@59.562C soc0@60.281C gpu@61.406C tj@61.468C soc1@61.468C VDD_IN 10649mW/10547mW VDD_CPU_GPU_CV 4036mW/3965mW VDD_SOC 2862mW/2860mW
08-04-2026 19:58:01 RAM 3874/7620MB (lfb 164x1MB) SWAP 1691/12002MB (cached 50MB) CPU [0%@1728,0%@1728,0%@1728,9%@1728,100%@1728,8%@1728] GR3D_FREQ 29% cpu@60.906C soc2@59.593C soc0@60.343C gpu@61.218C tj@61.531C soc1@61.531C VDD_IN 10649mW/10548mW VDD_CPU_GPU_CV 4036mW/3966mW VDD_SOC 2862mW/2860mW
08-04-2026 19:58:01 RAM 3874/7620MB (lfb 164x1MB) SWAP 1691/12002MB (cached 50MB) CPU [9%@1728,0%@1728,0%@1728,0%@1728,100%@1728,0%@1728] GR3D_FREQ 31% cpu@60.968C soc2@59.656C soc0@60.468C gpu@61.093C tj@61.75C soc1@61.75C VDD_IN 10608mW/10549mW VDD_CPU_GPU_CV 4042mW/3967mW VDD_SOC 2862mW/2860mW
08-04-2026 19:58:01 RAM 3874/7620MB (lfb 164x1MB) SWAP 1691/12002MB (cached 50MB) CPU [0%@1728,0%@1728,0%@1728,0%@1728,100%@1728,0%@1728] GR3D_FREQ 29% cpu@61.062C soc2@59.625C soc0@60.312C gpu@61.406C tj@61.437C soc1@61.437C VDD_IN 10608mW/10550mW VDD_CPU_GPU_CV 4001mW/3967mW VDD_SOC 2862mW/2860mW
08-04-2026 19:58:01 RAM 3874/7620MB (lfb 164x1MB) SWAP 1691/12002MB (cached 50MB) CPU [0%@1728,0%@1728,0%@1728,0%@1728,100%@1728,0%@1728] GR3D_FREQ 30% cpu@60.968C soc2@59.593C soc0@60.343C gpu@61.25C tj@61.531C soc1@61.531C VDD_IN 10608mW/10550mW VDD_CPU_GPU_CV 4001mW/3968mW VDD_SOC 2862mW/2860mW
08-04-2026 19:58:01 RAM 3874/7620MB (lfb 164x1MB) SWAP 1691/12002MB (cached 50MB) CPU [0%@1728,0%@1728,0%@1728,0%@1728,100%@1728,0%@1728] GR3D_FREQ 29% cpu@60.843C soc2@59.593C soc0@60.281C gpu@60.906C tj@61.593C soc1@61.593C VDD_IN 10608mW/10551mW VDD_CPU_GPU_CV 3995mW/3968mW VDD_SOC 2862mW/2860mW
08-04-2026 19:58:01 RAM 3874/7620MB (lfb 164x1MB) SWAP 1691/12002MB (cached 50MB) CPU [0%@1728,0%@1728,0%@1728,0%@1728,100%@1728,0%@1728] GR3D_FREQ 30% cpu@60.875C soc2@59.625C soc0@60.406C gpu@61.343C tj@61.656C soc1@61.656C VDD_IN 10608mW/10552mW VDD_CPU_GPU_CV 3995mW/3968mW VDD_SOC 2862mW/2860mW
08-04-2026 19:58:01 RAM 3874/7620MB (lfb 164x1MB) SWAP 1691/12002MB (cached 50MB) CPU [0%@1728,9%@1728,8%@1728,0%@1728,100%@1728,0%@1728] GR3D_FREQ 31% cpu@61.031C soc2@59.687C soc0@60.468C gpu@61.187C tj@61.687C soc1@61.687C VDD_IN 10608mW/10552mW VDD_CPU_GPU_CV 3995mW/3969mW VDD_SOC 2862mW/2860mW
08-04-2026 19:58:02 RAM 3874/7620MB (lfb 164x1MB) SWAP 1691/12002MB (cached 50MB) CPU [0%@1728,0%@1728,0%@1728,0%@1728,100%@1728,0%@1728] GR3D_FREQ 30% cpu@61.031C soc2@59.5C soc0@60.25C gpu@60.906C tj@61.656C soc1@61.656C VDD_IN 10608mW/10553mW VDD_CPU_GPU_CV 3995mW/3969mW VDD_SOC 2862mW/2860mW
08-04-2026 19:58:02 RAM 3874/7620MB (lfb 164x1MB) SWAP 1691/12002MB (cached 50MB) CPU [9%@1728,0%@1728,0%@1728,0%@1728,100%@1728,0%@1728] GR3D_FREQ 30% cpu@60.875C soc2@59.656C soc0@60.375C gpu@61.343C tj@61.531C soc1@61.531C VDD_IN 10608mW/10553mW VDD_CPU_GPU_CV 3995mW/3969mW VDD_SOC 2862mW/2860mW
08-04-2026 19:58:02 RAM 3874/7620MB (lfb 164x1MB) SWAP 1691/12002MB (cached 50MB) CPU [0%@1728,0%@1728,0%@1728,0%@1728,100%@1728,0%@1728] GR3D_FREQ 30% cpu@60.968C soc2@59.562C soc0@60.343C gpu@61.125C tj@61.593C soc1@61.593C VDD_IN 10608mW/10554mW VDD_CPU_GPU_CV 3995mW/3969mW VDD_SOC 2862mW/2860mW
08-04-2026 19:58:02 RAM 3874/7620MB (lfb 164x1MB) SWAP 1691/12002MB (cached 50MB) CPU [0%@1728,0%@1728,0%@1728,0%@1728,100%@1728,0%@1728] GR3D_FREQ 31% cpu@60.968C soc2@59.625C soc0@60.468C gpu@60.937C tj@61.687C soc1@61.687C VDD_IN 10608mW/10554mW VDD_CPU_GPU_CV 3995mW/3970mW VDD_SOC 2862mW/2860mW
08-04-2026 19:58:02 RAM 3874/7620MB (lfb 164x1MB) SWAP 1691/12002MB (cached 50MB) CPU [0%@1728,0%@1728,0%@1728,0%@1728,100%@1728,0%@1728] GR3D_FREQ 29% cpu@61.031C soc2@59.718C soc0@60.218C gpu@61.343C tj@61.562C soc1@61.562C VDD_IN 10608mW/10555mW VDD_CPU_GPU_CV 4001mW/3970mW VDD_SOC 2862mW/2860mW
08-04-2026 19:58:02 RAM 3874/7620MB (lfb 164x1MB) SWAP 1691/12002MB (cached 50MB) CPU [0%@1728,0%@1728,0%@1728,0%@1728,100%@1728,0%@1728] GR3D_FREQ 30% cpu@61.125C soc2@59.625C soc0@60.281C gpu@60.906C tj@61.531C soc1@61.531C VDD_IN 10567mW/10555mW VDD_CPU_GPU_CV 4001mW/3970mW VDD_SOC 2862mW/2860mW
08-04-2026 19:58:02 RAM 3874/7620MB (lfb 164x1MB) SWAP 1691/12002MB (cached 50MB) CPU [0%@1728,0%@1728,0%@1728,0%@1728,100%@1728,0%@1728] GR3D_FREQ 29% cpu@60.906C soc2@59.687C soc0@60.312C gpu@61.437C tj@61.5C soc1@61.5C VDD_IN 10567mW/10555mW VDD_CPU_GPU_CV 4001mW/3971mW VDD_SOC 2862mW/2860mW
08-04-2026 19:58:02 RAM 3874/7620MB (lfb 164x1MB) SWAP 1691/12002MB (cached 50MB) CPU [0%@1728,0%@1728,0%@1728,0%@1728,100%@1728,0%@1728] GR3D_FREQ 30% cpu@60.937C soc2@59.656C soc0@60.375C gpu@61.281C tj@61.593C soc1@61.593C VDD_IN 10567mW/10555mW VDD_CPU_GPU_CV 4001mW/3971mW VDD_SOC 2862mW/2860mW
08-04-2026 19:58:02 RAM 3874/7620MB (lfb 164x1MB) SWAP 1691/12002MB (cached 50MB) CPU [0%@1728,0%@1728,0%@1728,0%@1728,100%@1728,0%@1728] GR3D_FREQ 30% cpu@60.968C soc2@59.656C soc0@60.468C gpu@60.937C tj@61.75C soc1@61.75C VDD_IN 10567mW/10555mW VDD_CPU_GPU_CV 3960mW/3971mW VDD_SOC 2862mW/2860mW
08-04-2026 19:58:03 RAM 3874/7620MB (lfb 164x1MB) SWAP 1691/12002MB (cached 50MB) CPU [0%@1728,0%@1728,0%@1728,0%@1728,100%@1728,0%@1728] GR3D_FREQ 29% cpu@61C soc2@59.562C soc0@60.343C gpu@61.375C tj@61.531C soc1@61.531C VDD_IN 10608mW/10556mW VDD_CPU_GPU_CV 3954mW/3971mW VDD_SOC 2862mW/2860mW
08-04-2026 19:58:03 RAM 3874/7620MB (lfb 164x1MB) SWAP 1691/12002MB (cached 50MB) CPU [0%@1728,0%@1728,0%@1728,0%@1728,100%@1728,0%@1728] GR3D_FREQ 30% cpu@61.031C soc2@59.531C soc0@60.343C gpu@60.906C tj@61.562C soc1@61.562C VDD_IN 10567mW/10556mW VDD_CPU_GPU_CV 4001mW/3971mW VDD_SOC 2862mW/2860mW
08-04-2026 19:58:03 RAM 3874/7620MB (lfb 164x1MB) SWAP 1691/12002MB (cached 50MB) CPU [0%@1728,0%@1728,0%@1728,0%@1728,100%@1728,0%@1728] GR3D_FREQ 30% cpu@60.937C soc2@59.531C soc0@60.343C gpu@60.875C tj@61.593C soc1@61.593C VDD_IN 10567mW/10556mW VDD_CPU_GPU_CV 4001mW/3971mW VDD_SOC 2862mW/2860mW
08-04-2026 19:58:03 RAM 3874/7620MB (lfb 164x1MB) SWAP 1691/12002MB (cached 50MB) CPU [0%@1728,0%@1728,0%@1728,0%@1728,100%@1728,0%@1728] GR3D_FREQ 30% cpu@60.875C soc2@59.656C soc0@60.437C gpu@61.343C tj@61.625C soc1@61.625C VDD_IN 10567mW/10556mW VDD_CPU_GPU_CV 3995mW/3971mW VDD_SOC 2862mW/2860mW
08-04-2026 19:58:03 RAM 3874/7620MB (lfb 164x1MB) SWAP 1691/12002MB (cached 50MB) CPU [0%@1728,0%@1728,0%@1728,0%@1728,100%@1728,0%@1728] GR3D_FREQ 30% cpu@61.031C soc2@59.687C soc0@60.468C gpu@61C tj@61.562C soc1@61.562C VDD_IN 10567mW/10556mW VDD_CPU_GPU_CV 3995mW/3972mW VDD_SOC 2862mW/2860mW
08-04-2026 19:58:03 RAM 3874/7620MB (lfb 164x1MB) SWAP 1691/12002MB (cached 50MB) CPU [8%@1728,0%@1728,0%@1728,0%@1728,100%@1728,0%@1728] GR3D_FREQ 30% cpu@61.093C soc2@59.562C soc0@60.281C gpu@61C tj@61.562C soc1@61.562C VDD_IN 10567mW/10556mW VDD_CPU_GPU_CV 3960mW/3972mW VDD_SOC 2862mW/2860mW
08-04-2026 19:58:03 RAM 3874/7620MB (lfb 164x1MB) SWAP 1691/12002MB (cached 50MB) CPU [0%@1728,0%@1728,0%@1728,0%@1728,100%@1728,0%@1728] GR3D_FREQ 31% cpu@61.187C soc2@59.5C soc0@60.281C gpu@61.375C tj@61.625C soc1@61.625C VDD_IN 10567mW/10557mW VDD_CPU_GPU_CV 3954mW/3971mW VDD_SOC 2862mW/2860mW
08-04-2026 19:58:03 RAM 3874/7620MB (lfb 164x1MB) SWAP 1691/12002MB (cached 50MB) CPU [0%@1728,0%@1728,0%@1728,0%@1728,100%@1728,0%@1728] GR3D_FREQ 29% cpu@61C soc2@59.562C soc0@60.375C gpu@60.968C tj@61.687C soc1@61.687C VDD_IN 10567mW/10557mW VDD_CPU_GPU_CV 4001mW/3972mW VDD_SOC 2862mW/2860mW
08-04-2026 19:58:03 RAM 3874/7620MB (lfb 164x1MB) SWAP 1691/12002MB (cached 50MB) CPU [0%@1728,0%@1728,9%@1728,0%@1728,100%@1728,0%@1728] GR3D_FREQ 30% cpu@60.906C soc2@59.562C soc0@60.437C gpu@60.906C tj@61.718C soc1@61.718C VDD_IN 10567mW/10557mW VDD_CPU_GPU_CV 3960mW/3972mW VDD_SOC 2862mW/2860mW
08-04-2026 19:58:03 RAM 3874/7620MB (lfb 164x1MB) SWAP 1691/12002MB (cached 50MB) CPU [0%@1728,0%@1728,9%@1728,0%@1728,100%@1728,0%@1728] GR3D_FREQ 31% cpu@61.031C soc2@59.687C soc0@60.562C gpu@61C tj@61.562C soc1@61.562C VDD_IN 10567mW/10557mW VDD_CPU_GPU_CV 4001mW/3972mW VDD_SOC 2862mW/2860mW
08-04-2026 19:58:04 RAM 3874/7620MB (lfb 164x1MB) SWAP 1691/12002MB (cached 50MB) CPU [0%@1728,0%@1728,0%@1728,0%@1728,100%@1728,0%@1728] GR3D_FREQ 30% cpu@61.187C soc2@59.5C soc0@60.343C gpu@60.906C tj@61.5C soc1@61.5C VDD_IN 10567mW/10557mW VDD_CPU_GPU_CV 4001mW/3972mW VDD_SOC 2862mW/2860mW
08-04-2026 19:58:04 RAM 3874/7620MB (lfb 164x1MB) SWAP 1691/12002MB (cached 50MB) CPU [0%@1728,0%@1728,0%@1728,0%@1728,100%@1728,0%@1728] GR3D_FREQ 30% cpu@61.281C soc2@59.593C soc0@60.281C gpu@60.937C tj@61.562C soc1@61.562C VDD_IN 10567mW/10557mW VDD_CPU_GPU_CV 3995mW/3972mW VDD_SOC 2862mW/2860mW
08-04-2026 19:58:04 RAM 3874/7620MB (lfb 164x1MB) SWAP 1691/12002MB (cached 50MB) CPU [0%@1728,0%@1728,0%@1728,0%@1728,100%@1728,0%@1728] GR3D_FREQ 30% cpu@61.031C soc2@59.562C soc0@60.375C gpu@61.062C tj@61.656C soc1@61.656C VDD_IN 10567mW/10557mW VDD_CPU_GPU_CV 3995mW/3972mW VDD_SOC 2862mW/2860mW
08-04-2026 19:58:04 RAM 3874/7620MB (lfb 164x1MB) SWAP 1691/12002MB (cached 50MB) CPU [0%@1728,0%@1728,0%@1728,0%@1728,100%@1728,0%@1728] GR3D_FREQ 30% cpu@60.968C soc2@59.656C soc0@60.531C gpu@60.937C tj@61.781C soc1@61.781C VDD_IN 10567mW/10557mW VDD_CPU_GPU_CV 3995mW/3973mW VDD_SOC 2862mW/2860mW
08-04-2026 19:58:04 RAM 3872/7620MB (lfb 164x1MB) SWAP 1691/12002MB (cached 50MB) CPU [9%@1728,18%@1728,10%@1728,9%@1728,100%@1728,9%@1728] GR3D_FREQ 29% cpu@61.25C soc2@59.656C soc0@60.25C gpu@61.093C tj@61.468C soc1@61.468C VDD_IN 10649mW/10558mW VDD_CPU_GPU_CV 4036mW/3973mW VDD_SOC 2862mW/2860mW
08-04-2026 19:58:04 RAM 3872/7620MB (lfb 164x1MB) SWAP 1691/12002MB (cached 50MB) CPU [0%@1728,0%@1728,0%@1728,0%@1728,100%@1728,0%@1728] GR3D_FREQ 30% cpu@61.156C soc2@59.593C soc0@60.25C gpu@60.968C tj@61.531C soc1@61.531C VDD_IN 10649mW/10559mW VDD_CPU_GPU_CV 4036mW/3974mW VDD_SOC 2862mW/2860mW
08-04-2026 19:58:04 RAM 3872/7620MB (lfb 164x1MB) SWAP 1691/12002MB (cached 50MB) CPU [0%@1728,0%@1728,0%@1728,0%@1728,100%@1728,0%@1728] GR3D_FREQ 30% cpu@61C soc2@59.625C soc0@60.406C gpu@61C tj@61.531C soc1@61.531C VDD_IN 10608mW/10559mW VDD_CPU_GPU_CV 4001mW/3974mW VDD_SOC 2862mW/2860mW
08-04-2026 19:58:04 RAM 3872/7620MB (lfb 164x1MB) SWAP 1691/12002MB (cached 50MB) CPU [0%@1728,0%@1728,0%@1728,0%@1728,100%@1728,0%@1728] GR3D_FREQ 31% cpu@61.031C soc2@59.625C soc0@60.437C gpu@61C tj@61.687C soc1@61.687C VDD_IN 10608mW/10560mW VDD_CPU_GPU_CV 4001mW/3974mW VDD_SOC 2862mW/2860mW
08-04-2026 19:58:04 RAM 3872/7620MB (lfb 164x1MB) SWAP 1691/12002MB (cached 50MB) CPU [0%@1728,0%@1728,0%@1728,8%@1728,100%@1728,0%@1728] GR3D_FREQ 29% cpu@61.125C soc2@59.687C soc0@60.593C gpu@60.937C tj@61.781C soc1@61.5C VDD_IN 10608mW/10560mW VDD_CPU_GPU_CV 4001mW/3974mW VDD_SOC 2862mW/2860mW
08-04-2026 19:58:05 RAM 3872/7620MB (lfb 164x1MB) SWAP 1691/12002MB (cached 50MB) CPU [0%@1728,0%@1728,0%@1728,0%@1728,100%@1728,0%@1728] GR3D_FREQ 30% cpu@61.218C soc2@59.531C soc0@60.281C gpu@60.906C tj@61.531C soc1@61.531C VDD_IN 10608mW/10560mW VDD_CPU_GPU_CV 4001mW/3975mW VDD_SOC 2862mW/2860mW
08-04-2026 19:58:05 RAM 3872/7620MB (lfb 164x1MB) SWAP 1691/12002MB (cached 50MB) CPU [0%@1728,0%@1728,0%@1728,0%@1728,100%@1728,0%@1728] GR3D_FREQ 30% cpu@60.906C soc2@59.593C soc0@60.218C gpu@61.031C tj@61.562C soc1@61.562C VDD_IN 10567mW/10560mW VDD_CPU_GPU_CV 4001mW/3975mW VDD_SOC 2862mW/2860mW
08-04-2026 19:58:05 RAM 3872/7620MB (lfb 164x1MB) SWAP 1691/12002MB (cached 50MB) CPU [0%@1728,0%@1728,0%@1728,0%@1728,100%@1728,0%@1728] GR3D_FREQ 31% cpu@60.875C soc2@59.562C soc0@60.437C gpu@60.968C tj@61.656C soc1@61.656C VDD_IN 10567mW/10560mW VDD_CPU_GPU_CV 4001mW/3975mW VDD_SOC 2862mW/2860mW
08-04-2026 19:58:05 RAM 3872/7620MB (lfb 164x1MB) SWAP 1691/12002MB (cached 50MB) CPU [0%@1728,0%@1728,0%@1728,0%@1728,100%@1728,0%@1728] GR3D_FREQ 29% cpu@61C soc2@59.656C soc0@60.531C gpu@61.125C tj@61.656C soc1@61.656C VDD_IN 10567mW/10560mW VDD_CPU_GPU_CV 4001mW/3975mW VDD_SOC 2862mW/2860mW
08-04-2026 19:58:05 RAM 3872/7620MB (lfb 164x1MB) SWAP 1691/12002MB (cached 50MB) CPU [0%@1728,9%@1728,0%@1728,9%@1728,100%@1728,0%@1728] GR3D_FREQ 30% cpu@61.156C soc2@59.468C soc0@60.281C gpu@61.031C tj@61.562C soc1@61.562C VDD_IN 10567mW/10560mW VDD_CPU_GPU_CV 4001mW/3975mW VDD_SOC 2862mW/2860mW
08-04-2026 19:58:05 RAM 3872/7620MB (lfb 164x1MB) SWAP 1691/12002MB (cached 50MB) CPU [0%@1728,0%@1728,0%@1728,0%@1728,100%@1728,0%@1728] GR3D_FREQ 30% cpu@61.375C soc2@59.531C soc0@60.312C gpu@61C tj@61.562C soc1@61.562C VDD_IN 10567mW/10561mW VDD_CPU_GPU_CV 4001mW/3976mW VDD_SOC 2862mW/2860mW
08-04-2026 19:58:05 RAM 3872/7620MB (lfb 164x1MB) SWAP 1691/12002MB (cached 50MB) CPU [0%@1728,0%@1728,0%@1728,0%@1728,100%@1728,0%@1728] GR3D_FREQ 31% cpu@60.875C soc2@59.562C soc0@60.375C gpu@61.156C tj@61.625C soc1@61.625C VDD_IN 10551mW/10560mW VDD_CPU_GPU_CV 4001mW/3976mW VDD_SOC 2862mW/2861mW
08-04-2026 19:58:05 RAM 3872/7620MB (lfb 164x1MB) SWAP 1691/12002MB (cached 50MB) CPU [0%@1728,9%@1728,0%@1728,0%@1728,100%@1728,0%@1728] GR3D_FREQ 29% cpu@60.937C soc2@59.562C soc0@60.406C gpu@61C tj@61.625C soc1@61.75C VDD_IN 10567mW/10561mW VDD_CPU_GPU_CV 4001mW/3976mW VDD_SOC 2862mW/2861mW
08-04-2026 19:58:05 RAM 3872/7620MB (lfb 164x1MB) SWAP 1691/12002MB (cached 50MB) CPU [0%@1728,0%@1728,0%@1728,0%@1728,100%@1728,0%@1728] GR3D_FREQ 29% cpu@61.125C soc2@59.625C soc0@60.25C gpu@61.187C tj@61.5C soc1@61.5C VDD_IN 10567mW/10561mW VDD_CPU_GPU_CV 4001mW/3976mW VDD_SOC 2862mW/2861mW
08-04-2026 19:58:05 RAM 3870/7620MB (lfb 161x1MB) SWAP 1691/12002MB (cached 50MB) CPU [0%@1728,20%@1728,0%@1728,8%@1728,100%@1728,0%@1728] GR3D_FREQ 30% cpu@61.218C soc2@59.531C soc0@60.187C gpu@61.062C tj@61.531C soc1@61.531C VDD_IN 10592mW/10561mW VDD_CPU_GPU_CV 4001mW/3976mW VDD_SOC 2862mW/2861mW
08-04-2026 19:58:06 RAM 3871/7620MB (lfb 161x1MB) SWAP 1691/12002MB (cached 50MB) CPU [0%@1728,8%@1728,0%@1728,0%@1728,100%@1728,0%@1728] GR3D_FREQ 31% cpu@60.875C soc2@59.656C soc0@60.375C gpu@60.937C tj@61.5C soc1@61.5C VDD_IN 10608mW/10561mW VDD_CPU_GPU_CV 4001mW/3977mW VDD_SOC 2862mW/2861mW
08-04-2026 19:58:06 RAM 3871/7620MB (lfb 161x1MB) SWAP 1691/12002MB (cached 50MB) CPU [0%@1728,0%@1728,0%@1728,0%@1728,100%@1728,0%@1728] GR3D_FREQ 29% cpu@60.875C soc2@59.562C soc0@60.312C gpu@61.218C tj@61.656C soc1@61.656C VDD_IN 10608mW/10562mW VDD_CPU_GPU_CV 4001mW/3977mW VDD_SOC 2862mW/2861mW
08-04-2026 19:58:06 RAM 3871/7620MB (lfb 161x1MB) SWAP 1691/12002MB (cached 50MB) CPU [0%@1728,0%@1728,0%@1728,0%@1728,100%@1728,0%@1728] GR3D_FREQ 30% cpu@61.062C soc2@59.562C soc0@60.437C gpu@61.125C tj@61.75C soc1@61.75C VDD_IN 10608mW/10562mW VDD_CPU_GPU_CV 4001mW/3977mW VDD_SOC 2862mW/2861mW
08-04-2026 19:58:06 RAM 3871/7620MB (lfb 161x1MB) SWAP 1691/12002MB (cached 50MB) CPU [0%@1728,0%@1728,0%@1728,8%@1728,100%@1728,0%@1728] GR3D_FREQ 31% cpu@61.125C soc2@59.656C soc0@60.312C gpu@61C tj@61.468C soc1@61.468C VDD_IN 10608mW/10562mW VDD_CPU_GPU_CV 4001mW/3977mW VDD_SOC 2862mW/2861mW
08-04-2026 19:58:06 RAM 3871/7620MB (lfb 161x1MB) SWAP 1691/12002MB (cached 50MB) CPU [0%@1728,0%@1728,0%@1728,0%@1728,100%@1728,0%@1728] GR3D_FREQ 30% cpu@61.281C soc2@59.593C soc0@60.187C gpu@61.187C tj@61.468C soc1@61.468C VDD_IN 10608mW/10563mW VDD_CPU_GPU_CV 3995mW/3977mW VDD_SOC 2862mW/2861mW
08-04-2026 19:58:06 RAM 3871/7620MB (lfb 161x1MB) SWAP 1691/12002MB (cached 50MB) CPU [0%@1728,0%@1728,0%@1728,0%@1728,100%@1728,0%@1728] GR3D_FREQ 30% cpu@60.937C soc2@59.562C soc0@60.281C gpu@61.093C tj@61.5C soc1@61.5C VDD_IN 10608mW/10563mW VDD_CPU_GPU_CV 3995mW/3977mW VDD_SOC 2862mW/2861mW
08-04-2026 19:58:06 RAM 3871/7620MB (lfb 161x1MB) SWAP 1691/12002MB (cached 50MB) CPU [0%@1728,8%@1728,0%@1728,0%@1728,100%@1728,0%@1728] GR3D_FREQ 31% cpu@60.875C soc2@59.656C soc0@60.437C gpu@61.187C tj@61.593C soc1@61.593C VDD_IN 10608mW/10563mW VDD_CPU_GPU_CV 3995mW/3977mW VDD_SOC 2862mW/2861mW
08-04-2026 19:58:06 RAM 3871/7620MB (lfb 161x1MB) SWAP 1691/12002MB (cached 50MB) CPU [0%@1728,9%@1728,0%@1728,0%@1728,100%@1728,0%@1728] GR3D_FREQ 29% cpu@61.031C soc2@59.656C soc0@60.5C gpu@61.125C tj@61.531C soc1@61.531C VDD_IN 10608mW/10563mW VDD_CPU_GPU_CV 4001mW/3978mW VDD_SOC 2862mW/2861mW
08-04-2026 19:58:06 RAM 3871/7620MB (lfb 161x1MB) SWAP 1691/12002MB (cached 50MB) CPU [0%@1728,0%@1728,0%@1728,0%@1728,100%@1728,0%@1728] GR3D_FREQ 30% cpu@61.25C soc2@59.5C soc0@60.218C gpu@60.968C tj@61.468C soc1@61.468C VDD_IN 10608mW/10564mW VDD_CPU_GPU_CV 3995mW/3978mW VDD_SOC 2862mW/2861mW
08-04-2026 19:58:07 RAM 3871/7620MB (lfb 161x1MB) SWAP 1691/12002MB (cached 50MB) CPU [0%@1728,0%@1728,9%@1728,0%@1728,100%@1728,0%@1728] GR3D_FREQ 30% cpu@60.875C soc2@59.531C soc0@60.312C gpu@61.343C tj@61.562C soc1@61.562C VDD_IN 10608mW/10564mW VDD_CPU_GPU_CV 4001mW/3978mW VDD_SOC 2862mW/2861mW
08-04-2026 19:58:07 RAM 3871/7620MB (lfb 161x1MB) SWAP 1691/12002MB (cached 50MB) CPU [0%@1728,0%@1728,0%@1728,0%@1728,100%@1728,0%@1728] GR3D_FREQ 30% cpu@60.75C soc2@59.656C soc0@60.406C gpu@61.125C tj@61.562C soc1@61.562C VDD_IN 10608mW/10564mW VDD_CPU_GPU_CV 4001mW/3978mW VDD_SOC 2862mW/2861mW
08-04-2026 19:58:07 RAM 3871/7620MB (lfb 161x1MB) SWAP 1691/12002MB (cached 50MB) CPU [0%@1728,0%@1728,0%@1728,0%@1728,100%@1728,0%@1728] GR3D_FREQ 30% cpu@61.031C soc2@59.593C soc0@60.437C gpu@61.406C tj@61.656C soc1@61.656C VDD_IN 10608mW/10565mW VDD_CPU_GPU_CV 4001mW/3978mW VDD_SOC 2862mW/2861mW
08-04-2026 19:58:07 RAM 3871/7620MB (lfb 161x1MB) SWAP 1691/12002MB (cached 50MB) CPU [0%@1728,0%@1728,0%@1728,0%@1728,100%@1728,0%@1728] GR3D_FREQ 30% cpu@61.062C soc2@59.656C soc0@60.562C gpu@61.312C tj@61.437C soc1@61.437C VDD_IN 10608mW/10565mW VDD_CPU_GPU_CV 4001mW/3978mW VDD_SOC 2862mW/2861mW
08-04-2026 19:58:07 RAM 3871/7620MB (lfb 161x1MB) SWAP 1691/12002MB (cached 50MB) CPU [0%@1728,0%@1728,0%@1728,0%@1728,100%@1728,0%@1728] GR3D_FREQ 29% cpu@60.812C soc2@59.562C soc0@60.218C gpu@61.062C tj@61.531C soc1@61.562C VDD_IN 10567mW/10565mW VDD_CPU_GPU_CV 4001mW/3979mW VDD_SOC 2862mW/2861mW
08-04-2026 19:58:07 RAM 3871/7620MB (lfb 161x1MB) SWAP 1691/12002MB (cached 50MB) CPU [0%@1728,0%@1728,0%@1728,0%@1728,100%@1728,0%@1728] GR3D_FREQ 30% cpu@60.875C soc2@59.5C soc0@60.312C gpu@61.375C tj@61.562C soc1@61.562C VDD_IN 10567mW/10565mW VDD_CPU_GPU_CV 4001mW/3979mW VDD_SOC 2862mW/2861mW
08-04-2026 19:58:07 RAM 3871/7620MB (lfb 161x1MB) SWAP 1691/12002MB (cached 50MB) CPU [8%@1728,0%@1728,9%@1728,0%@1728,100%@1728,0%@1728] GR3D_FREQ 31% cpu@60.875C soc2@59.593C soc0@60.375C gpu@61.156C tj@61.718C soc1@61.718C VDD_IN 10567mW/10565mW VDD_CPU_GPU_CV 4001mW/3979mW VDD_SOC 2862mW/2861mW
08-04-2026 19:58:07 RAM 3872/7620MB (lfb 161x1MB) SWAP 1691/12002MB (cached 50MB) CPU [18%@1728,9%@1728,0%@1728,9%@1728,100%@1728,0%@1728] GR3D_FREQ 29% cpu@61.281C soc2@59.687C soc0@60.406C gpu@60.937C tj@61.718C soc1@61.718C VDD_IN 10649mW/10566mW VDD_CPU_GPU_CV 4036mW/3979mW VDD_SOC 2862mW/2861mW
08-04-2026 19:58:07 RAM 3872/7620MB (lfb 161x1MB) SWAP 1691/12002MB (cached 50MB) CPU [0%@1728,0%@1728,8%@1728,0%@1728,100%@1728,0%@1728] GR3D_FREQ 31% cpu@61.281C soc2@59.531C soc0@60.218C gpu@61.406C tj@61.562C soc1@61.562C VDD_IN 10649mW/10566mW VDD_CPU_GPU_CV 4042mW/3980mW VDD_SOC 2862mW/2861mW
08-04-2026 19:58:07 RAM 3872/7620MB (lfb 161x1MB) SWAP 1691/12002MB (cached 50MB) CPU [9%@1728,0%@1728,0%@1728,0%@1728,100%@1728,0%@1728] GR3D_FREQ 30% cpu@60.937C soc2@59.531C soc0@60.281C gpu@61.187C tj@61.593C soc1@61.593C VDD_IN 10649mW/10567mW VDD_CPU_GPU_CV 4042mW/3980mW VDD_SOC 2862mW/2861mW
08-04-2026 19:58:08 RAM 3872/7620MB (lfb 161x1MB) SWAP 1691/12002MB (cached 50MB) CPU [0%@1728,0%@1728,0%@1728,0%@1728,100%@1728,0%@1728] GR3D_FREQ 30% cpu@60.875C soc2@59.5C soc0@60.312C gpu@60.875C tj@61.718C soc1@61.718C VDD_IN 10608mW/10567mW VDD_CPU_GPU_CV 4001mW/3980mW VDD_SOC 2862mW/2861mW
08-04-2026 19:58:08 RAM 3872/7620MB (lfb 161x1MB) SWAP 1691/12002MB (cached 50MB) CPU [0%@1728,0%@1728,0%@1728,0%@1728,100%@1728,0%@1728] GR3D_FREQ 30% cpu@60.937C soc2@59.593C soc0@60.5C gpu@61.312C tj@61.656C soc1@61.656C VDD_IN 10608mW/10567mW VDD_CPU_GPU_CV 4001mW/3980mW VDD_SOC 2862mW/2861mW
08-04-2026 19:58:08 RAM 3872/7620MB (lfb 161x1MB) SWAP 1691/12002MB (cached 50MB) CPU [0%@1728,0%@1728,0%@1728,0%@1728,100%@1728,0%@1728] GR3D_FREQ 30% cpu@61.156C soc2@59.656C soc0@60.562C gpu@61.187C tj@61.5C soc1@61.5C VDD_IN 10608mW/10568mW VDD_CPU_GPU_CV 4001mW/3980mW VDD_SOC 2862mW/2861mW
08-04-2026 19:58:08 RAM 3872/7620MB (lfb 161x1MB) SWAP 1691/12002MB (cached 50MB) CPU [8%@1728,0%@1728,0%@1728,0%@1728,100%@1728,0%@1728] GR3D_FREQ 30% cpu@60.875C soc2@59.5C soc0@60.281C gpu@61.531C tj@61.531C soc1@61.468C VDD_IN 10608mW/10568mW VDD_CPU_GPU_CV 4001mW/3981mW VDD_SOC 2862mW/2861mW
08-04-2026 19:58:08 RAM 3872/7620MB (lfb 161x1MB) SWAP 1691/12002MB (cached 50MB) CPU [0%@1728,0%@1728,0%@1728,0%@1728,100%@1728,0%@1728] GR3D_FREQ 30% cpu@60.843C soc2@59.5C soc0@60.343C gpu@61.218C tj@61.656C soc1@61.656C VDD_IN 10608mW/10568mW VDD_CPU_GPU_CV 4001mW/3981mW VDD_SOC 2862mW/2861mW
08-04-2026 19:58:08 RAM 3872/7620MB (lfb 161x1MB) SWAP 1691/12002MB (cached 50MB) CPU [0%@1728,0%@1728,8%@1728,0%@1728,100%@1728,0%@1728] GR3D_FREQ 29% cpu@60.843C soc2@59.562C soc0@60.375C gpu@60.906C tj@61.593C soc1@61.593C VDD_IN 10608mW/10568mW VDD_CPU_GPU_CV 4001mW/3981mW VDD_SOC 2862mW/2861mW
08-04-2026 19:58:08 RAM 3872/7620MB (lfb 161x1MB) SWAP 1691/12002MB (cached 50MB) CPU [0%@1728,0%@1728,0%@1728,0%@1728,100%@1728,0%@1728] GR3D_FREQ 30% cpu@60.875C soc2@59.656C soc0@60.531C gpu@61.468C tj@61.656C soc1@61.656C VDD_IN 10608mW/10569mW VDD_CPU_GPU_CV 4001mW/3981mW VDD_SOC 2862mW/2861mW
08-04-2026 19:58:08 RAM 3872/7620MB (lfb 161x1MB) SWAP 1691/12002MB (cached 50MB) CPU [0%@1728,8%@1728,0%@1728,0%@1728,100%@1728,0%@1728] GR3D_FREQ 31% cpu@61.343C soc2@59.562C soc0@60.312C gpu@61.25C tj@61.468C soc1@61.468C VDD_IN 10567mW/10569mW VDD_CPU_GPU_CV 4001mW/3981mW VDD_SOC 2862mW/2861mW
08-04-2026 19:58:08 RAM 3872/7620MB (lfb 161x1MB) SWAP 1691/12002MB (cached 50MB) CPU [0%@1728,0%@1728,0%@1728,0%@1728,100%@1728,0%@1728] GR3D_FREQ 30% cpu@60.906C soc2@59.593C soc0@60.281C gpu@60.906C tj@61.562C soc1@61.562C VDD_IN 10567mW/10569mW VDD_CPU_GPU_CV 4001mW/3981mW VDD_SOC 2862mW/2861mW
08-04-2026 19:58:08 RAM 3872/7620MB (lfb 161x1MB) SWAP 1691/12002MB (cached 50MB) CPU [0%@1728,9%@1728,9%@1728,0%@1728,100%@1728,0%@1728] GR3D_FREQ 30% cpu@60.875C soc2@59.531C soc0@60.343C gpu@61.406C tj@61.718C soc1@61.718C VDD_IN 10608mW/10569mW VDD_CPU_GPU_CV 4001mW/3981mW VDD_SOC 2862mW/2861mW
08-04-2026 19:58:09 RAM 3872/7620MB (lfb 161x1MB) SWAP 1691/12002MB (cached 50MB) CPU [0%@1728,0%@1728,0%@1728,0%@1728,100%@1728,0%@1728] GR3D_FREQ 31% cpu@60.906C soc2@59.625C soc0@60.437C gpu@60.906C tj@61.656C soc1@61.656C VDD_IN 10608mW/10569mW VDD_CPU_GPU_CV 4001mW/3981mW VDD_SOC 2862mW/2861mW
08-04-2026 19:58:09 RAM 3872/7620MB (lfb 161x1MB) SWAP 1691/12002MB (cached 50MB) CPU [0%@1728,0%@1728,0%@1728,0%@1728,100%@1728,0%@1728] GR3D_FREQ 29% cpu@60.937C soc2@59.562C soc0@60.562C gpu@60.906C tj@61.718C soc1@61.718C VDD_IN 10608mW/10569mW VDD_CPU_GPU_CV 4001mW/3982mW VDD_SOC 2862mW/2861mW
08-04-2026 19:58:09 RAM 3872/7620MB (lfb 161x1MB) SWAP 1691/12002MB (cached 50MB) CPU [0%@1728,0%@1728,0%@1728,0%@1728,100%@1728,0%@1728] GR3D_FREQ 30% cpu@60.812C soc2@59.531C soc0@60.281C gpu@61.375C tj@61.5C soc1@61.5C VDD_IN 10608mW/10569mW VDD_CPU_GPU_CV 4001mW/3982mW VDD_SOC 2862mW/2861mW
08-04-2026 19:58:09 RAM 3872/7620MB (lfb 161x1MB) SWAP 1691/12002MB (cached 50MB) CPU [9%@1728,0%@1728,0%@1728,0%@1728,100%@1728,0%@1728] GR3D_FREQ 31% cpu@60.906C soc2@59.593C soc0@60.343C gpu@60.906C tj@61.5C soc1@61.5C VDD_IN 10608mW/10570mW VDD_CPU_GPU_CV 4001mW/3982mW VDD_SOC 2862mW/2861mW
08-04-2026 19:58:09 RAM 3872/7620MB (lfb 161x1MB) SWAP 1691/12002MB (cached 50MB) CPU [0%@1728,0%@1728,9%@1728,0%@1728,100%@1728,0%@1728] GR3D_FREQ 31% cpu@60.875C soc2@59.562C soc0@60.312C gpu@60.875C tj@61.625C soc1@61.625C VDD_IN 10608mW/10570mW VDD_CPU_GPU_CV 4001mW/3982mW VDD_SOC 2862mW/2861mW
08-04-2026 19:58:09 RAM 3872/7620MB (lfb 161x1MB) SWAP 1691/12002MB (cached 50MB) CPU [0%@1728,0%@1728,0%@1728,0%@1728,100%@1728,0%@1728] GR3D_FREQ 29% cpu@60.812C soc2@59.656C soc0@60.468C gpu@61.031C tj@61.625C soc1@61.625C VDD_IN 10608mW/10570mW VDD_CPU_GPU_CV 4001mW/3982mW VDD_SOC 2862mW/2861mW
08-04-2026 19:58:09 RAM 3872/7620MB (lfb 161x1MB) SWAP 1691/12002MB (cached 50MB) CPU [0%@1728,0%@1728,0%@1728,0%@1728,100%@1728,0%@1728] GR3D_FREQ 31% cpu@60.875C soc2@59.593C soc0@60.343C gpu@60.968C tj@61.468C soc1@61.468C VDD_IN 10608mW/10570mW VDD_CPU_GPU_CV 4001mW/3982mW VDD_SOC 2862mW/2861mW
08-04-2026 19:58:09 RAM 3872/7620MB (lfb 161x1MB) SWAP 1691/12002MB (cached 50MB) CPU [0%@1728,0%@1728,0%@1728,0%@1728,100%@1728,0%@1728] GR3D_FREQ 30% cpu@60.875C soc2@59.593C soc0@60.281C gpu@60.937C tj@61.5C soc1@61.5C VDD_IN 10608mW/10571mW VDD_CPU_GPU_CV 3995mW/3982mW VDD_SOC 2862mW/2861mW
08-04-2026 19:58:09 RAM 3872/7620MB (lfb 161x1MB) SWAP 1691/12002MB (cached 50MB) CPU [0%@1728,0%@1728,0%@1728,0%@1728,100%@1728,0%@1728] GR3D_FREQ 30% cpu@60.875C soc2@59.468C soc0@60.343C gpu@61C tj@61.562C soc1@61.562C VDD_IN 10608mW/10571mW VDD_CPU_GPU_CV 4001mW/3982mW VDD_SOC 2862mW/2861mW
08-04-2026 19:58:10 RAM 3872/7620MB (lfb 161x1MB) SWAP 1691/12002MB (cached 50MB) CPU [0%@1728,0%@1728,0%@1728,0%@1728,100%@1728,0%@1728] GR3D_FREQ 30% cpu@60.875C soc2@59.625C soc0@60.312C gpu@60.906C tj@61.656C soc1@61.656C VDD_IN 10608mW/10571mW VDD_CPU_GPU_CV 4001mW/3982mW VDD_SOC 2862mW/2861mW
08-04-2026 19:58:10 RAM 3872/7620MB (lfb 161x1MB) SWAP 1691/12002MB (cached 50MB) CPU [0%@1728,0%@1728,0%@1728,9%@1728,100%@1728,0%@1728] GR3D_FREQ 29% cpu@60.937C soc2@59.656C soc0@60.406C gpu@61.093C tj@61.75C soc1@61.75C VDD_IN 10608mW/10571mW VDD_CPU_GPU_CV 4001mW/3983mW VDD_SOC 2862mW/2861mW
08-04-2026 19:58:10 RAM 3872/7620MB (lfb 161x1MB) SWAP 1691/12002MB (cached 50MB) CPU [0%@1728,0%@1728,0%@1728,27%@1728,100%@1728,0%@1728] GR3D_FREQ 31% cpu@61.156C soc2@59.593C soc0@60.281C gpu@60.968C tj@61.531C soc1@61.531C VDD_IN 10649mW/10572mW VDD_CPU_GPU_CV 4001mW/3983mW VDD_SOC 2862mW/2861mW
08-04-2026 19:58:10 RAM 3872/7620MB (lfb 161x1MB) SWAP 1691/12002MB (cached 50MB) CPU [9%@1728,0%@1728,0%@1728,30%@1728,100%@1728,0%@1728] GR3D_FREQ 29% cpu@60.875C soc2@59.593C soc0@60.281C gpu@60.937C tj@61.531C soc1@61.531C VDD_IN 10690mW/10572mW VDD_CPU_GPU_CV 4036mW/3983mW VDD_SOC 2862mW/2861mW
08-04-2026 19:58:10 RAM 3872/7620MB (lfb 161x1MB) SWAP 1691/12002MB (cached 50MB) CPU [0%@1728,0%@1728,0%@1728,0%@1728,100%@1728,0%@1728] GR3D_FREQ 30% cpu@60.937C soc2@59.562C soc0@60.343C gpu@61.093C tj@61.625C soc1@61.625C VDD_IN 10649mW/10573mW VDD_CPU_GPU_CV 4036mW/3983mW VDD_SOC 2862mW/2861mW
08-04-2026 19:58:10 RAM 3872/7620MB (lfb 161x1MB) SWAP 1691/12002MB (cached 50MB) CPU [0%@1728,0%@1728,0%@1728,0%@1728,100%@1728,0%@1728] GR3D_FREQ 31% cpu@60.937C soc2@59.656C soc0@60.406C gpu@60.937C tj@61.593C soc1@61.593C VDD_IN 10649mW/10573mW VDD_CPU_GPU_CV 4036mW/3984mW VDD_SOC 2862mW/2861mW
08-04-2026 19:58:10 RAM 3872/7620MB (lfb 161x1MB) SWAP 1691/12002MB (cached 50MB) CPU [0%@1728,0%@1728,0%@1728,0%@1728,100%@1728,0%@1728] GR3D_FREQ 30% cpu@60.906C soc2@59.687C soc0@60.531C gpu@60.906C tj@61.437C soc1@61.437C VDD_IN 10608mW/10573mW VDD_CPU_GPU_CV 3995mW/3984mW VDD_SOC 2862mW/2861mW
08-04-2026 19:58:10 RAM 3872/7620MB (lfb 161x1MB) SWAP 1691/12002MB (cached 50MB) CPU [0%@1728,0%@1728,0%@1728,0%@1728,100%@1728,0%@1728] GR3D_FREQ 29% cpu@60.875C soc2@59.593C soc0@60.375C gpu@61C tj@61.5C soc1@61.5C VDD_IN 10608mW/10574mW VDD_CPU_GPU_CV 4001mW/3984mW VDD_SOC 2862mW/2861mW
08-04-2026 19:58:10 RAM 3872/7620MB (lfb 161x1MB) SWAP 1691/12002MB (cached 50MB) CPU [0%@1728,0%@1728,0%@1728,0%@1728,100%@1728,0%@1728] GR3D_FREQ 30% cpu@60.875C soc2@59.562C soc0@60.312C gpu@61C tj@61.593C soc1@61.593C VDD_IN 10608mW/10574mW VDD_CPU_GPU_CV 3995mW/3984mW VDD_SOC 2862mW/2861mW
08-04-2026 19:58:10 RAM 3875/7620MB (lfb 161x1MB) SWAP 1691/12002MB (cached 50MB) CPU [20%@1728,9%@1728,0%@1728,0%@1728,100%@1728,0%@1728] GR3D_FREQ 31% cpu@60.968C soc2@59.656C soc0@60.375C gpu@61.218C tj@61.718C soc1@61.718C VDD_IN 10673mW/10574mW VDD_CPU_GPU_CV 4036mW/3984mW VDD_SOC 2862mW/2861mW
08-04-2026 19:58:11 RAM 3871/7620MB (lfb 161x1MB) SWAP 1691/12002MB (cached 50MB) CPU [0%@1728,0%@1728,0%@1728,0%@1728,100%@1728,0%@1728] GR3D_FREQ 31% cpu@60.968C soc2@59.593C soc0@60.593C gpu@61C tj@61.687C soc1@61.687C VDD_IN 10632mW/10575mW VDD_CPU_GPU_CV 4036mW/3984mW VDD_SOC 2862mW/2861mW
08-04-2026 19:58:11 RAM 3871/7620MB (lfb 161x1MB) SWAP 1691/12002MB (cached 50MB) CPU [0%@1728,0%@1728,0%@1728,0%@1728,100%@1728,0%@1728] GR3D_FREQ 29% cpu@61.031C soc2@59.531C soc0@60.437C gpu@60.968C tj@61.531C soc1@61.531C VDD_IN 10608mW/10575mW VDD_CPU_GPU_CV 4036mW/3985mW VDD_SOC 2862mW/2861mW
08-04-2026 19:58:11 RAM 3871/7620MB (lfb 161x1MB) SWAP 1691/12002MB (cached 50MB) CPU [0%@1728,0%@1728,0%@1728,0%@1728,100%@1728,0%@1728] GR3D_FREQ 31% cpu@60.875C soc2@59.562C soc0@60.375C gpu@61.062C tj@61.562C soc1@61.625C VDD_IN 10592mW/10575mW VDD_CPU_GPU_CV 4036mW/3985mW VDD_SOC 2862mW/2861mW
08-04-2026 19:58:11 RAM 3871/7620MB (lfb 161x1MB) SWAP 1691/12002MB (cached 50MB) CPU [0%@1728,0%@1728,0%@1728,0%@1728,100%@1728,0%@1728] GR3D_FREQ 31% cpu@60.937C soc2@59.593C soc0@60.375C gpu@61C tj@61.593C soc1@61.593C VDD_IN 10592mW/10575mW VDD_CPU_GPU_CV 4001mW/3985mW VDD_SOC 2862mW/2861mW
08-04-2026 19:58:11 RAM 3871/7620MB (lfb 161x1MB) SWAP 1691/12002MB (cached 50MB) CPU [0%@1728,0%@1728,0%@1728,0%@1728,100%@1728,0%@1728] GR3D_FREQ 30% cpu@60.906C soc2@59.656C soc0@60.468C gpu@61C tj@61.625C soc1@61.625C VDD_IN 10608mW/10575mW VDD_CPU_GPU_CV 4001mW/3985mW VDD_SOC 2862mW/2861mW
08-04-2026 19:58:11 RAM 3871/7620MB (lfb 161x1MB) SWAP 1691/12002MB (cached 50MB) CPU [0%@1728,0%@1728,0%@1728,0%@1728,100%@1728,0%@1728] GR3D_FREQ 30% cpu@61C soc2@59.656C soc0@60.437C gpu@61.062C tj@61.843C soc1@61.843C VDD_IN 10608mW/10575mW VDD_CPU_GPU_CV 3995mW/3985mW VDD_SOC 2862mW/2861mW
08-04-2026 19:58:11 RAM 3871/7620MB (lfb 161x1MB) SWAP 1691/12002MB (cached 50MB) CPU [9%@1728,0%@1728,0%@1728,0%@1728,100%@1728,0%@1728] GR3D_FREQ 31% cpu@61C soc2@59.562C soc0@60.25C gpu@60.968C tj@61.531C soc1@61.531C VDD_IN 10608mW/10576mW VDD_CPU_GPU_CV 3995mW/3985mW VDD_SOC 2862mW/2861mW
08-04-2026 19:58:11 RAM 3871/7620MB (lfb 161x1MB) SWAP 1691/12002MB (cached 50MB) CPU [0%@1728,0%@1728,0%@1728,0%@1728,100%@1728,0%@1728] GR3D_FREQ 30% cpu@60.906C soc2@59.562C soc0@60.281C gpu@61.156C tj@61.593C soc1@61.593C VDD_IN 10608mW/10576mW VDD_CPU_GPU_CV 3995mW/3985mW VDD_SOC 2862mW/2861mW
08-04-2026 19:58:11 RAM 3871/7620MB (lfb 161x1MB) SWAP 1691/12002MB (cached 50MB) CPU [0%@1728,8%@1728,0%@1728,0%@1728,100%@1728,0%@1728] GR3D_FREQ 29% cpu@60.937C soc2@59.562C soc0@60.375C gpu@61C tj@61.656C soc1@61.656C VDD_IN 10608mW/10576mW VDD_CPU_GPU_CV 3995mW/3985mW VDD_SOC 2862mW/2861mW
08-04-2026 19:58:12 RAM 3871/7620MB (lfb 161x1MB) SWAP 1691/12002MB (cached 50MB) CPU [0%@1728,0%@1728,0%@1728,0%@1728,100%@1728,0%@1728] GR3D_FREQ 30% cpu@61C soc2@59.468C soc0@60.343C gpu@61C tj@61.812C soc1@61.812C VDD_IN 10608mW/10576mW VDD_CPU_GPU_CV 3995mW/3985mW VDD_SOC 2862mW/2861mW
08-04-2026 19:58:12 RAM 3871/7620MB (lfb 161x1MB) SWAP 1691/12002MB (cached 50MB) CPU [0%@1728,0%@1728,0%@1728,0%@1728,100%@1728,0%@1728] GR3D_FREQ 30% cpu@61.093C soc2@59.75C soc0@60.218C gpu@61.125C tj@61.5C soc1@61.5C VDD_IN 10608mW/10576mW VDD_CPU_GPU_CV 3995mW/3985mW VDD_SOC 2862mW/2861mW
08-04-2026 19:58:12 RAM 3871/7620MB (lfb 161x1MB) SWAP 1691/12002MB (cached 50MB) CPU [0%@1728,0%@1728,0%@1728,0%@1728,100%@1728,0%@1728] GR3D_FREQ 31% cpu@60.75C soc2@59.562C soc0@60.312C gpu@61.031C tj@61.468C soc1@61.468C VDD_IN 10567mW/10576mW VDD_CPU_GPU_CV 4001mW/3986mW VDD_SOC 2862mW/2861mW
08-04-2026 19:58:12 RAM 3871/7620MB (lfb 161x1MB) SWAP 1691/12002MB (cached 50MB) CPU [0%@1728,0%@1728,0%@1728,0%@1728,100%@1728,0%@1728] GR3D_FREQ 29% cpu@60.875C soc2@59.562C soc0@60.468C gpu@61.25C tj@61.593C soc1@61.593C VDD_IN 10567mW/10576mW VDD_CPU_GPU_CV 3995mW/3986mW VDD_SOC 2862mW/2861mW
08-04-2026 19:58:12 RAM 3871/7620MB (lfb 161x1MB) SWAP 1691/12002MB (cached 50MB) CPU [0%@1728,0%@1728,0%@1728,0%@1728,100%@1728,0%@1728] GR3D_FREQ 30% cpu@60.968C soc2@59.562C soc0@60.312C gpu@61.125C tj@61.562C soc1@61.562C VDD_IN 10567mW/10576mW VDD_CPU_GPU_CV 4001mW/3986mW VDD_SOC 2862mW/2861mW
08-04-2026 19:58:12 RAM 3871/7620MB (lfb 161x1MB) SWAP 1691/12002MB (cached 50MB) CPU [0%@1728,0%@1728,0%@1728,0%@1728,100%@1728,0%@1728] GR3D_FREQ 31% cpu@60.906C soc2@59.656C soc0@60.468C gpu@61.062C tj@61.718C soc1@61.718C VDD_IN 10567mW/10576mW VDD_CPU_GPU_CV 4001mW/3986mW VDD_SOC 2862mW/2861mW
08-04-2026 19:58:12 RAM 3871/7620MB (lfb 161x1MB) SWAP 1691/12002MB (cached 50MB) CPU [0%@1728,0%@1728,0%@1728,0%@1728,100%@1728,0%@1728] GR3D_FREQ 29% cpu@61.031C soc2@59.625C soc0@60.281C gpu@61.187C tj@61.468C soc1@61.468C VDD_IN 10567mW/10576mW VDD_CPU_GPU_CV 4001mW/3986mW VDD_SOC 2862mW/2861mW
08-04-2026 19:58:12 RAM 3871/7620MB (lfb 161x1MB) SWAP 1691/12002MB (cached 50MB) CPU [0%@1728,0%@1728,0%@1728,0%@1728,100%@1728,0%@1728] GR3D_FREQ 30% cpu@60.875C soc2@59.593C soc0@60.375C gpu@61.093C tj@61.5C soc1@61.5C VDD_IN 10567mW/10576mW VDD_CPU_GPU_CV 4001mW/3986mW VDD_SOC 2862mW/2861mW
08-04-2026 19:58:12 RAM 3871/7620MB (lfb 161x1MB) SWAP 1691/12002MB (cached 50MB) CPU [8%@1728,0%@1728,0%@1728,0%@1728,100%@1728,0%@1728] GR3D_FREQ 31% cpu@60.937C soc2@59.625C soc0@60.312C gpu@61.062C tj@61.656C soc1@61.656C VDD_IN 10567mW/10576mW VDD_CPU_GPU_CV 3995mW/3986mW VDD_SOC 2862mW/2861mW
08-04-2026 19:58:12 RAM 3871/7620MB (lfb 161x1MB) SWAP 1691/12002MB (cached 50MB) CPU [0%@1728,0%@1728,0%@1728,0%@1728,100%@1728,0%@1728] GR3D_FREQ 29% cpu@60.968C soc2@59.687C soc0@60.468C gpu@61.25C tj@61.625C soc1@61.625C VDD_IN 10567mW/10576mW VDD_CPU_GPU_CV 3995mW/3986mW VDD_SOC 2862mW/2861mW
08-04-2026 19:58:13 RAM 3871/7620MB (lfb 161x1MB) SWAP 1691/12002MB (cached 50MB) CPU [0%@1728,0%@1728,0%@1728,0%@1728,100%@1728,0%@1728] GR3D_FREQ 30% cpu@60.937C soc2@59.593C soc0@60.375C gpu@61.031C tj@61.437C soc1@61.437C VDD_IN 10608mW/10576mW VDD_CPU_GPU_CV 4001mW/3986mW VDD_SOC 2862mW/2861mW
08-04-2026 19:58:13 RAM 3871/7620MB (lfb 161x1MB) SWAP 1691/12002MB (cached 50MB) CPU [0%@1728,0%@1728,0%@1728,0%@1728,100%@1728,0%@1728] GR3D_FREQ 31% cpu@60.968C soc2@59.531C soc0@60.218C gpu@61.406C tj@61.5C soc1@61.5C VDD_IN 10608mW/10576mW VDD_CPU_GPU_CV 3995mW/3986mW VDD_SOC 2862mW/2861mW
08-04-2026 19:58:13 RAM 3871/7620MB (lfb 161x1MB) SWAP 1691/12002MB (cached 50MB) CPU [0%@1728,0%@1728,0%@1728,0%@1728,100%@1728,0%@1728] GR3D_FREQ 30% cpu@60.906C soc2@59.593C soc0@60.25C gpu@61.156C tj@61.531C soc1@61.531C VDD_IN 10567mW/10576mW VDD_CPU_GPU_CV 4001mW/3986mW VDD_SOC 2862mW/2861mW
08-04-2026 19:58:13 RAM 3871/7620MB (lfb 161x1MB) SWAP 1691/12002MB (cached 50MB) CPU [9%@1728,0%@1728,0%@1728,0%@1728,100%@1728,0%@1728] GR3D_FREQ 30% cpu@60.968C soc2@59.593C soc0@60.375C gpu@61.062C tj@61.593C soc1@61.593C VDD_IN 10567mW/10576mW VDD_CPU_GPU_CV 4001mW/3986mW VDD_SOC 2862mW/2861mW
08-04-2026 19:58:13 RAM 3871/7620MB (lfb 161x1MB) SWAP 1691/12002MB (cached 50MB) CPU [0%@1728,0%@1728,9%@1728,0%@1728,100%@1728,0%@1728] GR3D_FREQ 30% cpu@61C soc2@59.656C soc0@60.468C gpu@61.312C tj@61.781C soc1@61.781C VDD_IN 10608mW/10576mW VDD_CPU_GPU_CV 4001mW/3986mW VDD_SOC 2862mW/2861mW
08-04-2026 19:58:13 RAM 3871/7620MB (lfb 161x1MB) SWAP 1691/12002MB (cached 50MB) CPU [0%@1728,0%@1728,0%@1728,0%@1728,100%@1728,0%@1728] GR3D_FREQ 30% cpu@61.125C soc2@59.531C soc0@60.218C gpu@61.156C tj@61.437C soc1@61.437C VDD_IN 10608mW/10576mW VDD_CPU_GPU_CV 4001mW/3986mW VDD_SOC 2862mW/2861mW
08-04-2026 19:58:13 RAM 3871/7620MB (lfb 161x1MB) SWAP 1691/12002MB (cached 50MB) CPU [0%@1728,0%@1728,0%@1728,0%@1728,100%@1728,0%@1728] GR3D_FREQ 30% cpu@61.218C soc2@59.625C soc0@60.312C gpu@60.937C tj@61.5C soc1@61.5C VDD_IN 10608mW/10577mW VDD_CPU_GPU_CV 4001mW/3986mW VDD_SOC 2862mW/2861mW
08-04-2026 19:58:13 RAM 3871/7620MB (lfb 161x1MB) SWAP 1691/12002MB (cached 50MB) CPU [8%@1728,0%@1728,0%@1728,0%@1728,100%@1728,0%@1728] GR3D_FREQ 30% cpu@60.875C soc2@59.562C soc0@60.406C gpu@61.343C tj@61.625C soc1@61.625C VDD_IN 10608mW/10577mW VDD_CPU_GPU_CV 4001mW/3987mW VDD_SOC 2862mW/2861mW
08-04-2026 19:58:13 RAM 3871/7620MB (lfb 161x1MB) SWAP 1691/12002MB (cached 50MB) CPU [0%@1728,0%@1728,0%@1728,0%@1728,100%@1728,0%@1728] GR3D_FREQ 29% cpu@61.031C soc2@59.531C soc0@60.375C gpu@61.156C tj@61.718C soc1@61.718C VDD_IN 10567mW/10577mW VDD_CPU_GPU_CV 4001mW/3987mW VDD_SOC 2862mW/2861mW
08-04-2026 19:58:14 RAM 3871/7620MB (lfb 161x1MB) SWAP 1691/12002MB (cached 50MB) CPU [0%@1728,9%@1728,0%@1728,9%@1728,100%@1728,8%@1728] GR3D_FREQ 30% cpu@61.125C soc2@59.687C soc0@60.468C gpu@60.906C tj@61.5C soc1@61.5C VDD_IN 10608mW/10577mW VDD_CPU_GPU_CV 4001mW/3987mW VDD_SOC 2862mW/2861mW
08-04-2026 19:58:14 RAM 3871/7620MB (lfb 161x1MB) SWAP 1691/12002MB (cached 50MB) CPU [0%@1728,0%@1728,0%@1728,0%@1728,100%@1728,0%@1728] GR3D_FREQ 31% cpu@61.031C soc2@59.468C soc0@60.312C gpu@61.312C tj@61.5C soc1@61.5C VDD_IN 10608mW/10577mW VDD_CPU_GPU_CV 4001mW/3987mW VDD_SOC 2862mW/2861mW
08-04-2026 19:58:14 RAM 3872/7620MB (lfb 161x1MB) SWAP 1691/12002MB (cached 50MB) CPU [11%@1728,0%@1728,0%@1728,9%@1728,100%@1728,0%@1728] GR3D_FREQ 29% cpu@61.281C soc2@59.593C soc0@60.25C gpu@61.156C tj@61.5C soc1@61.5C VDD_IN 10632mW/10577mW VDD_CPU_GPU_CV 4036mW/3987mW VDD_SOC 2862mW/2861mW
08-04-2026 19:58:14 RAM 3872/7620MB (lfb 161x1MB) SWAP 1691/12002MB (cached 50MB) CPU [0%@1728,9%@1728,0%@1728,0%@1728,100%@1728,0%@1728] GR3D_FREQ 31% cpu@60.937C soc2@59.562C soc0@60.375C gpu@61.406C tj@61.687C soc1@61.687C VDD_IN 10649mW/10578mW VDD_CPU_GPU_CV 4036mW/3987mW VDD_SOC 2862mW/2861mW
08-04-2026 19:58:14 RAM 3872/7620MB (lfb 161x1MB) SWAP 1691/12002MB (cached 50MB) CPU [0%@1728,0%@1728,0%@1728,0%@1728,100%@1728,0%@1728] GR3D_FREQ 31% cpu@60.906C soc2@59.593C soc0@60.468C gpu@61.25C tj@61.718C soc1@61.718C VDD_IN 10649mW/10578mW VDD_CPU_GPU_CV 4036mW/3987mW VDD_SOC 2862mW/2861mW
08-04-2026 19:58:14 RAM 3872/7620MB (lfb 161x1MB) SWAP 1691/12002MB (cached 50MB) CPU [0%@1728,0%@1728,0%@1728,0%@1728,100%@1728,0%@1728] GR3D_FREQ 29% cpu@61.093C soc2@59.625C soc0@60.562C gpu@60.968C tj@61.437C soc1@61.437C VDD_IN 10649mW/10578mW VDD_CPU_GPU_CV 3995mW/3987mW VDD_SOC 2862mW/2861mW
08-04-2026 19:58:14 RAM 3872/7620MB (lfb 161x1MB) SWAP 1691/12002MB (cached 50MB) CPU [9%@1728,0%@1728,0%@1728,0%@1728,100%@1728,0%@1728] GR3D_FREQ 29% cpu@61.093C soc2@59.593C soc0@60.343C gpu@61.406C tj@61.593C soc1@61.593C VDD_IN 10608mW/10578mW VDD_CPU_GPU_CV 3995mW/3987mW VDD_SOC 2862mW/2861mW
08-04-2026 19:58:14 RAM 3872/7620MB (lfb 161x1MB) SWAP 1691/12002MB (cached 50MB) CPU [0%@1728,0%@1728,0%@1728,0%@1728,100%@1728,0%@1728] GR3D_FREQ 31% cpu@60.968C soc2@59.593C soc0@60.375C gpu@61.25C tj@61.593C soc1@61.593C VDD_IN 10608mW/10579mW VDD_CPU_GPU_CV 3995mW/3988mW VDD_SOC 2862mW/2861mW
08-04-2026 19:58:14 RAM 3872/7620MB (lfb 161x1MB) SWAP 1691/12002MB (cached 50MB) CPU [0%@1728,8%@1728,0%@1728,0%@1728,100%@1728,0%@1728] GR3D_FREQ 31% cpu@60.968C soc2@59.562C soc0@60.375C gpu@60.906C tj@61.687C soc1@61.687C VDD_IN 10608mW/10579mW VDD_CPU_GPU_CV 4001mW/3988mW VDD_SOC 2862mW/2861mW
08-04-2026 19:58:14 RAM 3872/7620MB (lfb 161x1MB) SWAP 1691/12002MB (cached 50MB) CPU [9%@1728,9%@1728,0%@1728,0%@1728,100%@1728,0%@1728] GR3D_FREQ 29% cpu@60.937C soc2@59.562C soc0@60.375C gpu@61.375C tj@61.718C soc1@61.562C VDD_IN 10608mW/10579mW VDD_CPU_GPU_CV 4001mW/3988mW VDD_SOC 2862mW/2861mW
08-04-2026 19:58:15 RAM 3872/7620MB (lfb 161x1MB) SWAP 1691/12002MB (cached 50MB) CPU [0%@1728,0%@1728,0%@1728,0%@1728,100%@1728,0%@1728] GR3D_FREQ 31% cpu@61.156C soc2@59.468C soc0@60.25C gpu@61.187C tj@61.562C soc1@61.562C VDD_IN 10608mW/10579mW VDD_CPU_GPU_CV 4001mW/3988mW VDD_SOC 2862mW/2861mW
08-04-2026 19:58:15 RAM 3872/7620MB (lfb 161x1MB) SWAP 1691/12002MB (cached 50MB) CPU [0%@1728,0%@1728,0%@1728,0%@1728,100%@1728,0%@1728] GR3D_FREQ 31% cpu@61.312C soc2@59.5C soc0@60.312C gpu@60.968C tj@61.531C soc1@61.531C VDD_IN 10608mW/10579mW VDD_CPU_GPU_CV 4001mW/3988mW VDD_SOC 2862mW/2861mW
08-04-2026 19:58:15 RAM 3872/7620MB (lfb 161x1MB) SWAP 1691/12002MB (cached 50MB) CPU [0%@1728,0%@1728,0%@1728,0%@1728,100%@1728,0%@1728] GR3D_FREQ 30% cpu@60.906C soc2@59.562C soc0@60.406C gpu@61.343C tj@61.593C soc1@61.593C VDD_IN 10608mW/10579mW VDD_CPU_GPU_CV 4001mW/3988mW VDD_SOC 2862mW/2861mW
08-04-2026 19:58:15 RAM 3872/7620MB (lfb 161x1MB) SWAP 1691/12002MB (cached 50MB) CPU [0%@1728,0%@1728,0%@1728,0%@1728,100%@1728,0%@1728] GR3D_FREQ 30% cpu@61C soc2@59.687C soc0@60.406C gpu@60.937C tj@61.687C soc1@61.687C VDD_IN 10608mW/10579mW VDD_CPU_GPU_CV 4001mW/3988mW VDD_SOC 2862mW/2861mW
08-04-2026 19:58:15 RAM 3872/7620MB (lfb 161x1MB) SWAP 1691/12002MB (cached 50MB) CPU [0%@1728,0%@1728,0%@1728,0%@1728,100%@1728,0%@1728] GR3D_FREQ 31% cpu@60.968C soc2@59.687C soc0@60.406C gpu@60.906C tj@61.5C soc1@61.5C VDD_IN 10608mW/10579mW VDD_CPU_GPU_CV 4001mW/3988mW VDD_SOC 2862mW/2861mW
08-04-2026 19:58:15 RAM 3872/7620MB (lfb 161x1MB) SWAP 1691/12002MB (cached 50MB) CPU [0%@1728,0%@1728,0%@1728,0%@1728,100%@1728,0%@1728] GR3D_FREQ 30% cpu@61.125C soc2@59.468C soc0@60.187C gpu@61.312C tj@61.468C soc1@61.468C VDD_IN 10608mW/10580mW VDD_CPU_GPU_CV 4001mW/3988mW VDD_SOC 2862mW/2861mW
08-04-2026 19:58:15 RAM 3872/7620MB (lfb 161x1MB) SWAP 1691/12002MB (cached 50MB) CPU [0%@1728,0%@1728,0%@1728,0%@1728,100%@1728,0%@1728] GR3D_FREQ 30% cpu@60.843C soc2@59.625C soc0@60.312C gpu@60.906C tj@61.531C soc1@61.531C VDD_IN 10608mW/10580mW VDD_CPU_GPU_CV 4001mW/3988mW VDD_SOC 2862mW/2861mW
08-04-2026 19:58:15 RAM 3872/7620MB (lfb 161x1MB) SWAP 1691/12002MB (cached 50MB) CPU [0%@1728,0%@1728,0%@1728,0%@1728,100%@1728,0%@1728] GR3D_FREQ 31% cpu@60.875C soc2@59.593C soc0@60.375C gpu@60.906C tj@61.562C soc1@61.562C VDD_IN 10608mW/10580mW VDD_CPU_GPU_CV 4001mW/3988mW VDD_SOC 2862mW/2861mW
08-04-2026 19:58:15 RAM 3872/7620MB (lfb 161x1MB) SWAP 1691/12002MB (cached 50MB) CPU [8%@1728,0%@1728,0%@1728,0%@1728,100%@1728,0%@1728] GR3D_FREQ 30% cpu@61C soc2@59.593C soc0@60.5C gpu@60.937C tj@61.687C soc1@61.687C VDD_IN 10567mW/10580mW VDD_CPU_GPU_CV 4001mW/3988mW VDD_SOC 2862mW/2861mW
08-04-2026 19:58:16 RAM 3872/7620MB (lfb 161x1MB) SWAP 1691/12002MB (cached 50MB) CPU [0%@1728,0%@1728,0%@1728,0%@1728,100%@1728,0%@1728] GR3D_FREQ 30% cpu@61.031C soc2@59.593C soc0@60.187C gpu@60.937C tj@61.437C soc1@61.437C VDD_IN 10567mW/10580mW VDD_CPU_GPU_CV 4001mW/3988mW VDD_SOC 2862mW/2861mW
08-04-2026 19:58:16 RAM 3872/7620MB (lfb 161x1MB) SWAP 1691/12002MB (cached 50MB) CPU [0%@1728,8%@1728,0%@1728,0%@1728,100%@1728,0%@1728] GR3D_FREQ 30% cpu@61.218C soc2@59.531C soc0@60.281C gpu@61.406C tj@61.5C soc1@61.5C VDD_IN 10608mW/10580mW VDD_CPU_GPU_CV 4001mW/3988mW VDD_SOC 2862mW/2861mW
08-04-2026 19:58:16 RAM 3872/7620MB (lfb 161x1MB) SWAP 1691/12002MB (cached 50MB) CPU [0%@1728,0%@1728,0%@1728,0%@1728,100%@1728,0%@1728] GR3D_FREQ 30% cpu@60.906C soc2@59.562C soc0@60.312C gpu@60.937C tj@61.656C soc1@61.656C VDD_IN 10608mW/10580mW VDD_CPU_GPU_CV 4001mW/3988mW VDD_SOC 2862mW/2861mW
08-04-2026 19:58:16 RAM 3872/7620MB (lfb 161x1MB) SWAP 1691/12002MB (cached 50MB) CPU [0%@1728,0%@1728,0%@1728,0%@1728,100%@1728,0%@1728] GR3D_FREQ 30% cpu@61C soc2@59.593C soc0@60.406C gpu@60.968C tj@61.625C soc1@61.625C VDD_IN 10608mW/10580mW VDD_CPU_GPU_CV 4001mW/3988mW VDD_SOC 2862mW/2861mW
08-04-2026 19:58:16 RAM 3872/7620MB (lfb 161x1MB) SWAP 1691/12002MB (cached 50MB) CPU [0%@1728,0%@1728,0%@1728,0%@1728,100%@1728,0%@1728] GR3D_FREQ 30% cpu@60.968C soc2@59.593C soc0@60.218C gpu@61.281C tj@61.656C soc1@61.656C VDD_IN 10608mW/10580mW VDD_CPU_GPU_CV 4001mW/3988mW VDD_SOC 2862mW/2861mW
08-04-2026 19:58:16 RAM 3872/7620MB (lfb 161x1MB) SWAP 1691/12002MB (cached 50MB) CPU [0%@1728,0%@1728,0%@1728,0%@1728,100%@1728,0%@1728] GR3D_FREQ 29% cpu@60.875C soc2@59.5C soc0@60.343C gpu@60.968C tj@61.593C soc1@61.593C VDD_IN 10567mW/10580mW VDD_CPU_GPU_CV 4001mW/3988mW VDD_SOC 2862mW/2861mW
08-04-2026 19:58:16 RAM 3872/7620MB (lfb 161x1MB) SWAP 1691/12002MB (cached 50MB) CPU [0%@1728,9%@1728,0%@1728,0%@1728,100%@1728,0%@1728] GR3D_FREQ 30% cpu@60.937C soc2@59.625C soc0@60.437C gpu@60.906C tj@61.406C soc1@61.406C VDD_IN 10567mW/10580mW VDD_CPU_GPU_CV 3995mW/3989mW VDD_SOC 2862mW/2861mW
08-04-2026 19:58:16 RAM 3872/7620MB (lfb 161x1MB) SWAP 1691/12002MB (cached 50MB) CPU [0%@1728,0%@1728,0%@1728,0%@1728,100%@1728,0%@1728] GR3D_FREQ 31% cpu@60.843C soc2@59.5C soc0@60.281C gpu@60.968C tj@61.531C soc1@61.531C VDD_IN 10567mW/10580mW VDD_CPU_GPU_CV 4001mW/3989mW VDD_SOC 2862mW/2861mW
08-04-2026 19:58:16 RAM 3872/7620MB (lfb 161x1MB) SWAP 1691/12002MB (cached 50MB) CPU [0%@1728,0%@1728,0%@1728,0%@1728,100%@1728,0%@1728] GR3D_FREQ 29% cpu@60.812C soc2@59.562C soc0@60.343C gpu@60.906C tj@61.5C soc1@61.5C VDD_IN 10567mW/10580mW VDD_CPU_GPU_CV 4001mW/3989mW VDD_SOC 2862mW/2861mW
08-04-2026 19:58:16 RAM 3872/7620MB (lfb 161x1MB) SWAP 1691/12002MB (cached 50MB) CPU [0%@1728,0%@1728,0%@1728,0%@1728,100%@1728,0%@1728] GR3D_FREQ 31% cpu@60.906C soc2@59.562C soc0@60.343C gpu@60.843C tj@61.593C soc1@61.593C VDD_IN 10608mW/10580mW VDD_CPU_GPU_CV 4001mW/3989mW VDD_SOC 2862mW/2861mW
08-04-2026 19:58:17 RAM 3872/7620MB (lfb 161x1MB) SWAP 1691/12002MB (cached 50MB) CPU [0%@1728,8%@1728,0%@1728,0%@1728,100%@1728,0%@1728] GR3D_FREQ 31% cpu@60.843C soc2@59.562C soc0@60.437C gpu@61C tj@61.687C soc1@61.687C VDD_IN 10608mW/10580mW VDD_CPU_GPU_CV 4001mW/3989mW VDD_SOC 2862mW/2861mW
08-04-2026 19:58:17 RAM 3872/7620MB (lfb 161x1MB) SWAP 1691/12002MB (cached 50MB) CPU [0%@1728,0%@1728,0%@1728,0%@1728,100%@1728,0%@1728] GR3D_FREQ 29% cpu@60.968C soc2@59.593C soc0@60.281C gpu@60.906C tj@61.437C soc1@61.437C VDD_IN 10608mW/10580mW VDD_CPU_GPU_CV 4001mW/3989mW VDD_SOC 2862mW/2861mW
08-04-2026 19:58:17 RAM 3872/7620MB (lfb 161x1MB) SWAP 1691/12002MB (cached 50MB) CPU [0%@1728,0%@1728,0%@1728,0%@1728,100%@1728,0%@1728] GR3D_FREQ 30% cpu@60.875C soc2@59.562C soc0@60.25C gpu@61C tj@61.593C soc1@61.593C VDD_IN 10567mW/10580mW VDD_CPU_GPU_CV 4001mW/3989mW VDD_SOC 2862mW/2861mW
08-04-2026 19:58:17 RAM 3872/7620MB (lfb 161x1MB) SWAP 1691/12002MB (cached 50MB) CPU [0%@1728,0%@1728,0%@1728,0%@1728,100%@1728,0%@1728] GR3D_FREQ 31% cpu@60.843C soc2@59.593C soc0@60.343C gpu@60.937C tj@61.562C soc1@61.562C VDD_IN 10551mW/10580mW VDD_CPU_GPU_CV 3995mW/3989mW VDD_SOC 2862mW/2861mW
08-04-2026 19:58:17 RAM 3867/7620MB (lfb 163x1MB) SWAP 1691/12002MB (cached 50MB) CPU [27%@1728,18%@1728,9%@1728,9%@1728,100%@1728,0%@1728] GR3D_FREQ 30% cpu@61C soc2@59.625C soc0@60.406C gpu@60.968C tj@61.718C soc1@61.718C VDD_IN 10673mW/10581mW VDD_CPU_GPU_CV 4076mW/3989mW VDD_SOC 2862mW/2861mW
08-04-2026 19:58:17 RAM 3867/7620MB (lfb 163x1MB) SWAP 1691/12002MB (cached 50MB) CPU [0%@1728,0%@1728,0%@1728,0%@1728,100%@1728,0%@1728] GR3D_FREQ 30% cpu@61.031C soc2@59.687C soc0@60.468C gpu@61C tj@61.406C soc1@61.406C VDD_IN 10632mW/10581mW VDD_CPU_GPU_CV 4042mW/3989mW VDD_SOC 2862mW/2861mW
08-04-2026 19:58:17 RAM 3867/7620MB (lfb 163x1MB) SWAP 1691/12002MB (cached 50MB) CPU [0%@1728,0%@1728,0%@1728,0%@1728,100%@1728,0%@1728] GR3D_FREQ 30% cpu@60.812C soc2@59.468C soc0@60.218C gpu@61.031C tj@61.5C soc1@61.5C VDD_IN 10632mW/10581mW VDD_CPU_GPU_CV 4042mW/3990mW VDD_SOC 2862mW/2861mW
08-04-2026 19:58:17 RAM 3867/7620MB (lfb 163x1MB) SWAP 1691/12002MB (cached 50MB) CPU [0%@1728,0%@1728,0%@1728,0%@1728,100%@1728,0%@1728] GR3D_FREQ 29% cpu@60.875C soc2@59.562C soc0@60.25C gpu@60.906C tj@61.531C soc1@61.531C VDD_IN 10592mW/10581mW VDD_CPU_GPU_CV 4042mW/3990mW VDD_SOC 2862mW/2861mW
08-04-2026 19:58:17 RAM 3867/7620MB (lfb 163x1MB) SWAP 1691/12002MB (cached 50MB) CPU [0%@1728,0%@1728,0%@1728,0%@1728,100%@1728,0%@1728] GR3D_FREQ 30% cpu@60.875C soc2@59.562C soc0@60.312C gpu@61C tj@61.593C soc1@61.593C VDD_IN 10608mW/10581mW VDD_CPU_GPU_CV 4001mW/3990mW VDD_SOC 2862mW/2861mW
08-04-2026 19:58:18 RAM 3867/7620MB (lfb 163x1MB) SWAP 1691/12002MB (cached 50MB) CPU [0%@1728,0%@1728,0%@1728,0%@1728,100%@1728,8%@1728] GR3D_FREQ 30% cpu@61.031C soc2@59.625C soc0@60.437C gpu@60.937C tj@61.75C soc1@61.75C VDD_IN 10608mW/10581mW VDD_CPU_GPU_CV 3995mW/3990mW VDD_SOC 2862mW/2861mW
08-04-2026 19:58:18 RAM 3867/7620MB (lfb 163x1MB) SWAP 1691/12002MB (cached 50MB) CPU [0%@1728,9%@1728,0%@1728,0%@1728,100%@1728,0%@1728] GR3D_FREQ 30% cpu@61C soc2@59.593C soc0@60.468C gpu@61.093C tj@61.5C soc1@61.5C VDD_IN 10608mW/10581mW VDD_CPU_GPU_CV 3995mW/3990mW VDD_SOC 2862mW/2861mW
08-04-2026 19:58:18 RAM 3867/7620MB (lfb 163x1MB) SWAP 1691/12002MB (cached 50MB) CPU [0%@1728,0%@1728,0%@1728,0%@1728,100%@1728,0%@1728] GR3D_FREQ 31% cpu@60.843C soc2@59.531C soc0@60.25C gpu@60.937C tj@61.562C soc1@61.562C VDD_IN 10608mW/10581mW VDD_CPU_GPU_CV 3995mW/3990mW VDD_SOC 2862mW/2861mW
08-04-2026 19:58:18 RAM 3867/7620MB (lfb 163x1MB) SWAP 1691/12002MB (cached 50MB) CPU [0%@1728,0%@1728,0%@1728,0%@1728,100%@1728,0%@1728] GR3D_FREQ 29% cpu@60.843C soc2@59.562C soc0@60.343C gpu@60.968C tj@61.531C soc1@61.531C VDD_IN 10608mW/10582mW VDD_CPU_GPU_CV 3995mW/3990mW VDD_SOC 2862mW/2861mW
08-04-2026 19:58:18 RAM 3867/7620MB (lfb 163x1MB) SWAP 1691/12002MB (cached 50MB) CPU [0%@1728,0%@1728,0%@1728,0%@1728,100%@1728,0%@1728] GR3D_FREQ 29% cpu@60.875C soc2@59.562C soc0@60.281C gpu@61.031C tj@61.687C soc1@61.687C VDD_IN 10608mW/10582mW VDD_CPU_GPU_CV 4001mW/3990mW VDD_SOC 2862mW/2861mW
08-04-2026 19:58:18 RAM 3867/7620MB (lfb 163x1MB) SWAP 1691/12002MB (cached 50MB) CPU [0%@1728,0%@1728,0%@1728,0%@1728,100%@1728,0%@1728] GR3D_FREQ 31% cpu@60.937C soc2@59.656C soc0@60.5C gpu@60.968C tj@61.75C soc1@61.75C VDD_IN 10608mW/10582mW VDD_CPU_GPU_CV 3995mW/3990mW VDD_SOC 2862mW/2861mW
08-04-2026 19:58:18 RAM 3867/7620MB (lfb 163x1MB) SWAP 1691/12002MB (cached 50MB) CPU [0%@1728,0%@1728,0%@1728,0%@1728,100%@1728,0%@1728] GR3D_FREQ 30% cpu@61C soc2@59.593C soc0@60.281C gpu@60.875C tj@61.562C soc1@61.562C VDD_IN 10608mW/10582mW VDD_CPU_GPU_CV 4001mW/3990mW VDD_SOC 2862mW/2861mW
08-04-2026 19:58:18 RAM 3867/7620MB (lfb 163x1MB) SWAP 1691/12002MB (cached 50MB) CPU [0%@1728,0%@1728,0%@1728,0%@1728,100%@1728,0%@1728] GR3D_FREQ 30% cpu@60.875C soc2@59.468C soc0@60.25C gpu@61C tj@61.531C soc1@61.531C VDD_IN 10608mW/10582mW VDD_CPU_GPU_CV 3995mW/3990mW VDD_SOC 2862mW/2861mW
08-04-2026 19:58:18 RAM 3867/7620MB (lfb 163x1MB) SWAP 1691/12002MB (cached 50MB) CPU [0%@1728,0%@1728,0%@1728,0%@1728,100%@1728,0%@1728] GR3D_FREQ 30% cpu@60.875C soc2@59.468C soc0@60.343C gpu@61.125C tj@61.625C soc1@61.625C VDD_IN 10608mW/10582mW VDD_CPU_GPU_CV 4001mW/3990mW VDD_SOC 2862mW/2861mW
08-04-2026 19:58:18 RAM 3867/7620MB (lfb 163x1MB) SWAP 1691/12002MB (cached 50MB) CPU [0%@1728,0%@1728,0%@1728,16%@1728,100%@1728,0%@1728] GR3D_FREQ 30% cpu@60.937C soc2@59.531C soc0@60.375C gpu@61.125C tj@61.718C soc1@61.718C VDD_IN 10608mW/10582mW VDD_CPU_GPU_CV 4001mW/3990mW VDD_SOC 2862mW/2861mW
08-04-2026 19:58:19 RAM 3867/7620MB (lfb 163x1MB) SWAP 1691/12002MB (cached 50MB) CPU [0%@1728,0%@1728,0%@1728,0%@1728,100%@1728,0%@1728] GR3D_FREQ 31% cpu@60.875C soc2@59.656C soc0@60.531C gpu@61C tj@61.468C soc1@61.468C VDD_IN 10608mW/10582mW VDD_CPU_GPU_CV 4001mW/3990mW VDD_SOC 2862mW/2861mW
08-04-2026 19:58:19 RAM 3867/7620MB (lfb 163x1MB) SWAP 1691/12002MB (cached 50MB) CPU [0%@1728,0%@1728,0%@1728,0%@1728,100%@1728,0%@1728] GR3D_FREQ 29% cpu@60.937C soc2@59.593C soc0@60.312C gpu@60.968C tj@61.593C soc1@61.593C VDD_IN 10608mW/10582mW VDD_CPU_GPU_CV 4001mW/3990mW VDD_SOC 2862mW/2861mW
08-04-2026 19:58:19 RAM 3867/7620MB (lfb 163x1MB) SWAP 1691/12002MB (cached 50MB) CPU [0%@1728,0%@1728,0%@1728,0%@1728,100%@1728,0%@1728] GR3D_FREQ 31% cpu@60.812C soc2@59.562C soc0@60.312C gpu@61.062C tj@61.531C soc1@61.531C VDD_IN 10608mW/10582mW VDD_CPU_GPU_CV 4001mW/3990mW VDD_SOC 2862mW/2861mW
08-04-2026 19:58:19 RAM 3867/7620MB (lfb 163x1MB) SWAP 1691/12002MB (cached 50MB) CPU [9%@1728,0%@1728,0%@1728,0%@1728,100%@1728,0%@1728] GR3D_FREQ 31% cpu@60.843C soc2@59.531C soc0@60.375C gpu@61C tj@61.562C soc1@61.562C VDD_IN 10608mW/10583mW VDD_CPU_GPU_CV 4001mW/3990mW VDD_SOC 2862mW/2861mW
08-04-2026 19:58:19 RAM 3867/7620MB (lfb 163x1MB) SWAP 1691/12002MB (cached 50MB) CPU [0%@1728,0%@1728,0%@1728,0%@1728,100%@1728,0%@1728] GR3D_FREQ 30% cpu@60.906C soc2@59.656C soc0@60.375C gpu@61.218C tj@61.625C soc1@61.625C VDD_IN 10608mW/10583mW VDD_CPU_GPU_CV 3995mW/3990mW VDD_SOC 2862mW/2861mW
08-04-2026 19:58:19 RAM 3867/7620MB (lfb 163x1MB) SWAP 1691/12002MB (cached 50MB) CPU [0%@1728,0%@1728,0%@1728,0%@1728,100%@1728,0%@1728] GR3D_FREQ 30% cpu@61C soc2@59.593C soc0@60.187C gpu@61.062C tj@61.468C soc1@61.468C VDD_IN 10608mW/10583mW VDD_CPU_GPU_CV 3995mW/3990mW VDD_SOC 2862mW/2861mW
08-04-2026 19:58:19 RAM 3867/7620MB (lfb 163x1MB) SWAP 1691/12002MB (cached 50MB) CPU [0%@1728,0%@1728,0%@1728,0%@1728,100%@1728,0%@1728] GR3D_FREQ 29% cpu@61.093C soc2@59.531C soc0@60.218C gpu@61.031C tj@61.5C soc1@61.5C VDD_IN 10608mW/10583mW VDD_CPU_GPU_CV 3995mW/3990mW VDD_SOC 2862mW/2861mW
08-04-2026 19:58:19 RAM 3867/7620MB (lfb 163x1MB) SWAP 1691/12002MB (cached 50MB) CPU [0%@1728,0%@1728,0%@1728,0%@1728,100%@1728,0%@1728] GR3D_FREQ 30% cpu@60.843C soc2@59.531C soc0@60.281C gpu@61.218C tj@61.656C soc1@61.656C VDD_IN 10608mW/10583mW VDD_CPU_GPU_CV 3995mW/3990mW VDD_SOC 2862mW/2861mW
08-04-2026 19:58:19 RAM 3867/7620MB (lfb 163x1MB) SWAP 1691/12002MB (cached 50MB) CPU [0%@1728,0%@1728,0%@1728,0%@1728,100%@1728,0%@1728] GR3D_FREQ 30% cpu@60.843C soc2@59.531C soc0@60.437C gpu@61.125C tj@61.593C soc1@61.593C VDD_IN 10608mW/10583mW VDD_CPU_GPU_CV 4001mW/3990mW VDD_SOC 2862mW/2861mW
08-04-2026 19:58:20 RAM 3867/7620MB (lfb 163x1MB) SWAP 1691/12002MB (cached 50MB) CPU [9%@1728,0%@1728,0%@1728,0%@1728,100%@1728,0%@1728] GR3D_FREQ 29% cpu@61C soc2@59.593C soc0@60.468C gpu@61.312C tj@61.468C soc1@61.468C VDD_IN 10608mW/10583mW VDD_CPU_GPU_CV 3995mW/3990mW VDD_SOC 2862mW/2861mW
08-04-2026 19:58:20 RAM 3867/7620MB (lfb 163x1MB) SWAP 1691/12002MB (cached 50MB) CPU [0%@1728,0%@1728,0%@1728,0%@1728,100%@1728,0%@1728] GR3D_FREQ 30% cpu@61.062C soc2@59.5C soc0@60.187C gpu@61.25C tj@61.375C soc1@61.375C VDD_IN 10608mW/10583mW VDD_CPU_GPU_CV 3995mW/3991mW VDD_SOC 2862mW/2861mW
08-04-2026 19:58:20 RAM 3867/7620MB (lfb 163x1MB) SWAP 1691/12002MB (cached 50MB) CPU [0%@1728,0%@1728,0%@1728,8%@1728,100%@1728,0%@1728] GR3D_FREQ 30% cpu@61.125C soc2@59.562C soc0@60.25C gpu@61.062C tj@61.562C soc1@61.562C VDD_IN 10608mW/10583mW VDD_CPU_GPU_CV 4001mW/3991mW VDD_SOC 2862mW/2861mW
08-04-2026 19:58:20 RAM 3867/7620MB (lfb 163x1MB) SWAP 1691/12002MB (cached 50MB) CPU [0%@1728,0%@1728,0%@1728,0%@1728,100%@1728,0%@1728] GR3D_FREQ 30% cpu@60.843C soc2@59.593C soc0@60.312C gpu@61.312C tj@61.562C soc1@61.562C VDD_IN 10608mW/10583mW VDD_CPU_GPU_CV 3995mW/3991mW VDD_SOC 2862mW/2861mW
08-04-2026 19:58:20 RAM 3867/7620MB (lfb 163x1MB) SWAP 1691/12002MB (cached 50MB) CPU [0%@1728,0%@1728,0%@1728,0%@1728,100%@1728,0%@1728] GR3D_FREQ 30% cpu@60.937C soc2@59.531C soc0@60.406C gpu@61.218C tj@61.656C soc1@61.656C VDD_IN 10608mW/10583mW VDD_CPU_GPU_CV 3995mW/3991mW VDD_SOC 2862mW/2861mW
08-04-2026 19:58:20 RAM 3867/7620MB (lfb 163x1MB) SWAP 1691/12002MB (cached 50MB) CPU [0%@1728,0%@1728,0%@1728,0%@1728,100%@1728,0%@1728] GR3D_FREQ 31% cpu@61C soc2@59.656C soc0@60.562C gpu@60.968C tj@61.468C soc1@61.468C VDD_IN 10608mW/10584mW VDD_CPU_GPU_CV 3995mW/3991mW VDD_SOC 2862mW/2861mW
08-04-2026 19:58:20 RAM 3867/7620MB (lfb 163x1MB) SWAP 1691/12002MB (cached 50MB) CPU [0%@1728,0%@1728,0%@1728,0%@1728,100%@1728,0%@1728] GR3D_FREQ 30% cpu@61.062C soc2@59.5C soc0@60.281C gpu@61.281C tj@61.437C soc1@61.437C VDD_IN 10608mW/10584mW VDD_CPU_GPU_CV 3995mW/3991mW VDD_SOC 2862mW/2861mW
08-04-2026 19:58:20 RAM 3867/7620MB (lfb 163x1MB) SWAP 1691/12002MB (cached 50MB) CPU [27%@1728,0%@1728,0%@1728,0%@1728,100%@1728,0%@1728] GR3D_FREQ 29% cpu@61.375C soc2@59.531C soc0@60.312C gpu@61.125C tj@61.468C soc1@61.468C VDD_IN 10649mW/10584mW VDD_CPU_GPU_CV 4036mW/3991mW VDD_SOC 2862mW/2861mW
08-04-2026 19:58:20 RAM 3867/7620MB (lfb 163x1MB) SWAP 1691/12002MB (cached 50MB) CPU [0%@1728,0%@1728,0%@1728,9%@1728,100%@1728,0%@1728] GR3D_FREQ 31% cpu@60.937C soc2@59.562C soc0@60.343C gpu@60.906C tj@61.656C soc1@61.656C VDD_IN 10649mW/10584mW VDD_CPU_GPU_CV 4036mW/3991mW VDD_SOC 2862mW/2861mW
08-04-2026 19:58:20 RAM 3867/7620MB (lfb 163x1MB) SWAP 1691/12002MB (cached 50MB) CPU [0%@1728,0%@1728,0%@1728,9%@1728,100%@1728,0%@1728] GR3D_FREQ 30% cpu@61C soc2@59.593C soc0@60.437C gpu@61.343C tj@61.75C soc1@61.75C VDD_IN 10649mW/10584mW VDD_CPU_GPU_CV 4042mW/3991mW VDD_SOC 2862mW/2861mW
08-04-2026 19:58:21 RAM 3867/7620MB (lfb 163x1MB) SWAP 1691/12002MB (cached 50MB) CPU [0%@1728,0%@1728,0%@1728,0%@1728,100%@1728,0%@1728] GR3D_FREQ 30% cpu@61.125C soc2@59.531C soc0@60.281C gpu@60.906C tj@61.437C soc1@61.437C VDD_IN 10608mW/10584mW VDD_CPU_GPU_CV 4001mW/3991mW VDD_SOC 2862mW/2861mW
08-04-2026 19:58:21 RAM 3867/7620MB (lfb 163x1MB) SWAP 1691/12002MB (cached 50MB) CPU [0%@1728,0%@1728,0%@1728,0%@1728,100%@1728,0%@1728] GR3D_FREQ 30% cpu@61.281C soc2@59.562C soc0@60.218C gpu@60.906C tj@61.5C soc1@61.5C VDD_IN 10608mW/10585mW VDD_CPU_GPU_CV 4001mW/3991mW VDD_SOC 2862mW/2861mW
08-04-2026 19:58:21 RAM 3867/7620MB (lfb 163x1MB) SWAP 1691/12002MB (cached 50MB) CPU [0%@1728,0%@1728,0%@1728,0%@1728,100%@1728,0%@1728] GR3D_FREQ 30% cpu@60.906C soc2@59.531C soc0@60.312C gpu@61.25C tj@61.531C soc1@61.531C VDD_IN 10608mW/10585mW VDD_CPU_GPU_CV 4001mW/3991mW VDD_SOC 2862mW/2861mW
08-04-2026 19:58:21 RAM 3867/7620MB (lfb 163x1MB) SWAP 1691/12002MB (cached 50MB) CPU [0%@1728,0%@1728,0%@1728,0%@1728,100%@1728,0%@1728] GR3D_FREQ 31% cpu@60.937C soc2@59.656C soc0@60.312C gpu@60.875C tj@61.75C soc1@61.75C VDD_IN 10608mW/10585mW VDD_CPU_GPU_CV 4001mW/3991mW VDD_SOC 2862mW/2861mW
08-04-2026 19:58:21 RAM 3867/7620MB (lfb 163x1MB) SWAP 1691/12002MB (cached 50MB) CPU [0%@1728,0%@1728,9%@1728,0%@1728,100%@1728,0%@1728] GR3D_FREQ 30% cpu@61C soc2@59.687C soc0@60.406C gpu@61.343C tj@61.75C soc1@61.75C VDD_IN 10608mW/10585mW VDD_CPU_GPU_CV 4001mW/3991mW VDD_SOC 2862mW/2861mW
08-04-2026 19:58:21 RAM 3867/7620MB (lfb 163x1MB) SWAP 1691/12002MB (cached 50MB) CPU [0%@1728,0%@1728,9%@1728,9%@1728,100%@1728,0%@1728] GR3D_FREQ 30% cpu@61.093C soc2@59.5C soc0@60.343C gpu@60.906C tj@61.437C soc1@61.437C VDD_IN 10608mW/10585mW VDD_CPU_GPU_CV 4001mW/3991mW VDD_SOC 2862mW/2861mW
08-04-2026 19:58:21 RAM 3867/7620MB (lfb 163x1MB) SWAP 1691/12002MB (cached 50MB) CPU [0%@1728,0%@1728,0%@1728,0%@1728,100%@1728,0%@1728] GR3D_FREQ 31% cpu@61.281C soc2@59.5C soc0@60.343C gpu@60.906C tj@61.5C soc1@61.5C VDD_IN 10608mW/10585mW VDD_CPU_GPU_CV 4001mW/3991mW VDD_SOC 2862mW/2861mW
08-04-2026 19:58:21 RAM 3867/7620MB (lfb 163x1MB) SWAP 1691/12002MB (cached 50MB) CPU [0%@1728,0%@1728,0%@1728,0%@1728,100%@1728,0%@1728] GR3D_FREQ 29% cpu@60.906C soc2@59.531C soc0@60.375C gpu@61.375C tj@61.593C soc1@61.593C VDD_IN 10608mW/10585mW VDD_CPU_GPU_CV 4001mW/3991mW VDD_SOC 2862mW/2861mW
08-04-2026 19:58:21 RAM 3867/7620MB (lfb 163x1MB) SWAP 1691/12002MB (cached 50MB) CPU [0%@1728,0%@1728,0%@1728,0%@1728,100%@1728,0%@1728] GR3D_FREQ 29% cpu@60.968C soc2@59.656C soc0@60.468C gpu@60.968C tj@61.625C soc1@61.625C VDD_IN 10608mW/10585mW VDD_CPU_GPU_CV 4001mW/3991mW VDD_SOC 2862mW/2861mW
08-04-2026 19:58:22 RAM 3867/7620MB (lfb 163x1MB) SWAP 1691/12002MB (cached 50MB) CPU [9%@1728,8%@1728,0%@1728,0%@1728,100%@1728,0%@1728] GR3D_FREQ 31% cpu@61.093C soc2@59.656C soc0@60.218C gpu@60.906C tj@61.468C soc1@61.468C VDD_IN 10608mW/10585mW VDD_CPU_GPU_CV 3995mW/3991mW VDD_SOC 2862mW/2861mW
08-04-2026 19:58:22 RAM 3867/7620MB (lfb 163x1MB) SWAP 1691/12002MB (cached 50MB) CPU [0%@1728,0%@1728,0%@1728,0%@1728,100%@1728,0%@1728] GR3D_FREQ 30% cpu@61.187C soc2@59.593C soc0@60.281C gpu@61.343C tj@61.531C soc1@61.531C VDD_IN 10608mW/10585mW VDD_CPU_GPU_CV 3995mW/3991mW VDD_SOC 2862mW/2861mW
08-04-2026 19:58:22 RAM 3867/7620MB (lfb 163x1MB) SWAP 1691/12002MB (cached 50MB) CPU [0%@1728,0%@1728,0%@1728,0%@1728,100%@1728,9%@1728] GR3D_FREQ 29% cpu@60.843C soc2@59.593C soc0@60.312C gpu@61C tj@61.468C soc1@61.468C VDD_IN 10608mW/10585mW VDD_CPU_GPU_CV 4001mW/3991mW VDD_SOC 2862mW/2861mW
08-04-2026 19:58:22 RAM 3867/7620MB (lfb 163x1MB) SWAP 1691/12002MB (cached 50MB) CPU [0%@1728,8%@1728,0%@1728,0%@1728,100%@1728,0%@1728] GR3D_FREQ 31% cpu@60.875C soc2@59.593C soc0@60.343C gpu@60.906C tj@61.468C soc1@61.468C VDD_IN 10567mW/10585mW VDD_CPU_GPU_CV 4001mW/3992mW VDD_SOC 2862mW/2861mW
08-04-2026 19:58:22 RAM 3867/7620MB (lfb 163x1MB) SWAP 1691/12002MB (cached 50MB) CPU [0%@1728,0%@1728,0%@1728,0%@1728,100%@1728,0%@1728] GR3D_FREQ 31% cpu@61.062C soc2@59.656C soc0@60.5C gpu@60.937C tj@61.812C soc1@61.812C VDD_IN 10567mW/10585mW VDD_CPU_GPU_CV 4001mW/3992mW VDD_SOC 2862mW/2861mW
08-04-2026 19:58:22 RAM 3867/7620MB (lfb 163x1MB) SWAP 1691/12002MB (cached 50MB) CPU [0%@1728,0%@1728,0%@1728,0%@1728,100%@1728,0%@1728] GR3D_FREQ 29% cpu@61.125C soc2@59.375C soc0@60.25C gpu@60.937C tj@61.437C soc1@61.437C VDD_IN 10608mW/10585mW VDD_CPU_GPU_CV 4001mW/3992mW VDD_SOC 2862mW/2861mW
08-04-2026 19:58:22 RAM 3867/7620MB (lfb 163x1MB) SWAP 1691/12002MB (cached 50MB) CPU [0%@1728,0%@1728,9%@1728,0%@1728,100%@1728,0%@1728] GR3D_FREQ 30% cpu@60.781C soc2@59.593C soc0@60.218C gpu@60.875C tj@61.5C soc1@61.5C VDD_IN 10608mW/10585mW VDD_CPU_GPU_CV 4001mW/3992mW VDD_SOC 2862mW/2861mW
08-04-2026 19:58:22 RAM 3867/7620MB (lfb 163x1MB) SWAP 1691/12002MB (cached 50MB) CPU [0%@1728,0%@1728,0%@1728,0%@1728,100%@1728,0%@1728] GR3D_FREQ 30% cpu@60.875C soc2@59.531C soc0@60.281C gpu@60.968C tj@61.593C soc1@61.593C VDD_IN 10608mW/10585mW VDD_CPU_GPU_CV 4001mW/3992mW VDD_SOC 2862mW/2861mW
08-04-2026 19:58:22 RAM 3867/7620MB (lfb 163x1MB) SWAP 1691/12002MB (cached 50MB) CPU [0%@1728,0%@1728,0%@1728,9%@1728,100%@1728,0%@1728] GR3D_FREQ 30% cpu@61.031C soc2@59.625C soc0@60.343C gpu@60.843C tj@61.593C soc1@61.593C VDD_IN 10567mW/10585mW VDD_CPU_GPU_CV 4001mW/3992mW VDD_SOC 2862mW/2861mW
08-04-2026 19:58:22 RAM 3867/7620MB (lfb 163x1MB) SWAP 1691/12002MB (cached 50MB) CPU [8%@1728,0%@1728,8%@1728,9%@1728,100%@1728,0%@1728] GR3D_FREQ 29% cpu@61.031C soc2@59.656C soc0@60.281C gpu@61.062C tj@61.468C soc1@61.468C VDD_IN 10608mW/10585mW VDD_CPU_GPU_CV 3995mW/3992mW VDD_SOC 2862mW/2861mW
08-04-2026 19:58:23 RAM 3867/7620MB (lfb 163x1MB) SWAP 1691/12002MB (cached 50MB) CPU [0%@1728,0%@1728,0%@1728,0%@1728,100%@1728,0%@1728] GR3D_FREQ 29% cpu@61.156C soc2@59.5C soc0@60.187C gpu@61.031C tj@61.531C soc1@61.531C VDD_IN 10567mW/10585mW VDD_CPU_GPU_CV 4001mW/3992mW VDD_SOC 2862mW/2861mW
08-04-2026 19:58:23 RAM 3867/7620MB (lfb 163x1MB) SWAP 1691/12002MB (cached 50MB) CPU [0%@1728,0%@1728,0%@1728,0%@1728,100%@1728,0%@1728] GR3D_FREQ 31% cpu@60.875C soc2@59.5C soc0@60.312C gpu@60.906C tj@61.468C soc1@61.468C VDD_IN 10608mW/10585mW VDD_CPU_GPU_CV 4001mW/3992mW VDD_SOC 2862mW/2861mW
08-04-2026 19:58:23 RAM 3867/7620MB (lfb 163x1MB) SWAP 1691/12002MB (cached 50MB) CPU [0%@1728,0%@1728,0%@1728,0%@1728,100%@1728,0%@1728] GR3D_FREQ 30% cpu@60.75C soc2@59.5C soc0@60.25C gpu@60.968C tj@61.687C soc1@61.687C VDD_IN 10608mW/10586mW VDD_CPU_GPU_CV 4001mW/3992mW VDD_SOC 2862mW/2861mW
08-04-2026 19:58:23 RAM 3867/7620MB (lfb 163x1MB) SWAP 1691/12002MB (cached 50MB) CPU [0%@1728,0%@1728,0%@1728,0%@1728,100%@1728,0%@1728] GR3D_FREQ 30% cpu@60.968C soc2@59.593C soc0@60.5C gpu@61C tj@61.656C soc1@61.656C VDD_IN 10608mW/10586mW VDD_CPU_GPU_CV 4001mW/3992mW VDD_SOC 2862mW/2861mW
08-04-2026 19:58:23 RAM 3867/7620MB (lfb 163x1MB) SWAP 1691/12002MB (cached 50MB) CPU [0%@1728,0%@1728,0%@1728,8%@1728,100%@1728,0%@1728] GR3D_FREQ 31% cpu@61.125C soc2@59.687C soc0@60.281C gpu@61.062C tj@61.5C soc1@61.5C VDD_IN 10608mW/10586mW VDD_CPU_GPU_CV 3995mW/3992mW VDD_SOC 2862mW/2861mW
08-04-2026 19:58:23 RAM 3867/7620MB (lfb 163x1MB) SWAP 1691/12002MB (cached 50MB) CPU [0%@1728,0%@1728,0%@1728,0%@1728,100%@1728,0%@1728] GR3D_FREQ 29% cpu@60.875C soc2@59.656C soc0@60.281C gpu@61C tj@61.5C soc1@61.5C VDD_IN 10608mW/10586mW VDD_CPU_GPU_CV 3995mW/3992mW VDD_SOC 2862mW/2861mW
08-04-2026 19:58:23 RAM 3867/7620MB (lfb 163x1MB) SWAP 1691/12002MB (cached 50MB) CPU [0%@1728,0%@1728,0%@1728,0%@1728,100%@1728,0%@1728] GR3D_FREQ 31% cpu@60.906C soc2@59.531C soc0@60.25C gpu@60.968C tj@61.531C soc1@61.531C VDD_IN 10608mW/10586mW VDD_CPU_GPU_CV 3995mW/3992mW VDD_SOC 2862mW/2861mW
08-04-2026 19:58:23 RAM 3867/7620MB (lfb 163x1MB) SWAP 1691/12002MB (cached 50MB) CPU [0%@1728,0%@1728,0%@1728,0%@1728,100%@1728,0%@1728] GR3D_FREQ 30% cpu@60.75C soc2@59.562C soc0@60.406C gpu@61.125C tj@61.625C soc1@61.625C VDD_IN 10567mW/10586mW VDD_CPU_GPU_CV 3995mW/3992mW VDD_SOC 2862mW/2861mW
08-04-2026 19:58:23 RAM 3867/7620MB (lfb 163x1MB) SWAP 1691/12002MB (cached 50MB) CPU [0%@1728,0%@1728,0%@1728,9%@1728,100%@1728,0%@1728] GR3D_FREQ 31% cpu@61.062C soc2@59.562C soc0@60.5C gpu@61C tj@61.593C soc1@61.593C VDD_IN 10567mW/10586mW VDD_CPU_GPU_CV 4001mW/3992mW VDD_SOC 2862mW/2861mW
08-04-2026 19:58:24 RAM 3867/7620MB (lfb 163x1MB) SWAP 1691/12002MB (cached 50MB) CPU [0%@1728,27%@1728,0%@1728,10%@1728,100%@1728,0%@1728] GR3D_FREQ 30% cpu@61.25C soc2@59.687C soc0@60.281C gpu@61.218C tj@61.468C soc1@61.468C VDD_IN 10649mW/10586mW VDD_CPU_GPU_CV 4042mW/3992mW VDD_SOC 2862mW/2861mW
08-04-2026 19:58:24 RAM 3867/7620MB (lfb 163x1MB) SWAP 1691/12002MB (cached 50MB) CPU [0%@1728,0%@1728,0%@1728,0%@1728,100%@1728,0%@1728] GR3D_FREQ 30% cpu@60.875C soc2@59.468C soc0@60.281C gpu@61.156C tj@61.437C soc1@61.437C VDD_IN 10649mW/10586mW VDD_CPU_GPU_CV 4036mW/3992mW VDD_SOC 2862mW/2861mW
08-04-2026 19:58:24 RAM 3867/7620MB (lfb 163x1MB) SWAP 1691/12002MB (cached 50MB) CPU [0%@1728,0%@1728,0%@1728,0%@1728,100%@1728,0%@1728] GR3D_FREQ 29% cpu@60.812C soc2@59.562C soc0@60.312C gpu@61.062C tj@61.562C soc1@61.562C VDD_IN 10649mW/10586mW VDD_CPU_GPU_CV 3995mW/3992mW VDD_SOC 2862mW/2861mW
08-04-2026 19:58:24 RAM 3867/7620MB (lfb 163x1MB) SWAP 1691/12002MB (cached 50MB) CPU [0%@1728,0%@1728,0%@1728,0%@1728,100%@1728,0%@1728] GR3D_FREQ 30% cpu@60.875C soc2@59.531C soc0@60.437C gpu@61.218C tj@61.593C soc1@61.593C VDD_IN 10649mW/10587mW VDD_CPU_GPU_CV 3995mW/3992mW VDD_SOC 2862mW/2861mW
08-04-2026 19:58:24 RAM 3867/7620MB (lfb 163x1MB) SWAP 1691/12002MB (cached 50MB) CPU [0%@1728,0%@1728,0%@1728,9%@1728,100%@1728,0%@1728] GR3D_FREQ 31% cpu@61.093C soc2@59.656C soc0@60.562C gpu@61.062C tj@61.468C soc1@61.468C VDD_IN 10608mW/10587mW VDD_CPU_GPU_CV 3995mW/3992mW VDD_SOC 2862mW/2861mW
08-04-2026 19:58:24 RAM 3867/7620MB (lfb 163x1MB) SWAP 1691/12002MB (cached 50MB) CPU [0%@1728,0%@1728,0%@1728,0%@1728,100%@1728,0%@1728] GR3D_FREQ 29% cpu@60.781C soc2@59.437C soc0@60.281C gpu@61.375C tj@61.531C soc1@61.531C VDD_IN 10608mW/10587mW VDD_CPU_GPU_CV 4001mW/3992mW VDD_SOC 2862mW/2861mW
08-04-2026 19:58:24 RAM 3867/7620MB (lfb 163x1MB) SWAP 1691/12002MB (cached 50MB) CPU [0%@1728,0%@1728,8%@1728,0%@1728,100%@1728,0%@1728] GR3D_FREQ 29% cpu@60.875C soc2@59.437C soc0@60.281C gpu@61.156C tj@61.5C soc1@61.5C VDD_IN 10608mW/10587mW VDD_CPU_GPU_CV 3995mW/3992mW VDD_SOC 2862mW/2861mW
08-04-2026 19:58:24 RAM 3867/7620MB (lfb 163x1MB) SWAP 1691/12002MB (cached 50MB) CPU [0%@1728,0%@1728,0%@1728,0%@1728,100%@1728,0%@1728] GR3D_FREQ 31% cpu@60.875C soc2@59.531C soc0@60.375C gpu@61.062C tj@61.468C soc1@61.468C VDD_IN 10608mW/10587mW VDD_CPU_GPU_CV 4001mW/3992mW VDD_SOC 2862mW/2861mW
08-04-2026 19:58:24 RAM 3867/7620MB (lfb 163x1MB) SWAP 1691/12002MB (cached 50MB) CPU [8%@1728,0%@1728,0%@1728,0%@1728,100%@1728,0%@1728] GR3D_FREQ 30% cpu@60.843C soc2@59.531C soc0@60.375C gpu@61.281C tj@61.687C soc1@61.687C VDD_IN 10608mW/10587mW VDD_CPU_GPU_CV 4001mW/3992mW VDD_SOC 2862mW/2861mW
08-04-2026 19:58:24 RAM 3867/7620MB (lfb 163x1MB) SWAP 1691/12002MB (cached 50MB) CPU [0%@1728,0%@1728,0%@1728,0%@1728,100%@1728,0%@1728] GR3D_FREQ 29% cpu@61.156C soc2@59.656C soc0@60.218C gpu@61.187C tj@61.468C soc1@61.468C VDD_IN 10608mW/10587mW VDD_CPU_GPU_CV 4001mW/3992mW VDD_SOC 2862mW/2861mW
08-04-2026 19:58:25 RAM 3867/7620MB (lfb 163x1MB) SWAP 1691/12002MB (cached 50MB) CPU [0%@1728,0%@1728,0%@1728,0%@1728,100%@1728,0%@1728] GR3D_FREQ 30% cpu@60.812C soc2@59.562C soc0@60.312C gpu@60.906C tj@61.531C soc1@61.531C VDD_IN 10608mW/10587mW VDD_CPU_GPU_CV 4001mW/3992mW VDD_SOC 2862mW/2861mW
08-04-2026 19:58:25 RAM 3867/7620MB (lfb 163x1MB) SWAP 1691/12002MB (cached 50MB) CPU [0%@1728,0%@1728,0%@1728,0%@1728,100%@1728,0%@1728] GR3D_FREQ 30% cpu@60.781C soc2@59.531C soc0@60.343C gpu@61.218C tj@61.562C soc1@61.562C VDD_IN 10608mW/10587mW VDD_CPU_GPU_CV 4001mW/3992mW VDD_SOC 2862mW/2861mW
08-04-2026 19:58:25 RAM 3867/7620MB (lfb 163x1MB) SWAP 1691/12002MB (cached 50MB) CPU [9%@1728,0%@1728,0%@1728,0%@1728,100%@1728,0%@1728] GR3D_FREQ 30% cpu@60.843C soc2@59.5C soc0@60.343C gpu@61.125C tj@61.5C soc1@61.5C VDD_IN 10608mW/10587mW VDD_CPU_GPU_CV 4001mW/3992mW VDD_SOC 2862mW/2861mW
08-04-2026 19:58:25 RAM 3867/7620MB (lfb 163x1MB) SWAP 1691/12002MB (cached 50MB) CPU [0%@1728,8%@1728,0%@1728,0%@1728,100%@1728,0%@1728] GR3D_FREQ 29% cpu@60.875C soc2@59.625C soc0@60.593C gpu@61.437C tj@61.781C soc1@61.781C VDD_IN 10608mW/10587mW VDD_CPU_GPU_CV 4001mW/3992mW VDD_SOC 2862mW/2861mW
08-04-2026 19:58:25 RAM 3867/7620MB (lfb 163x1MB) SWAP 1691/12002MB (cached 50MB) CPU [15%@1728,0%@1728,0%@1728,0%@1728,100%@1728,0%@1728] GR3D_FREQ 30% cpu@60.781C soc2@59.531C soc0@60.312C gpu@61.25C tj@61.343C soc1@61.343C VDD_IN 10608mW/10587mW VDD_CPU_GPU_CV 4001mW/3992mW VDD_SOC 2862mW/2861mW
08-04-2026 19:58:25 RAM 3867/7620MB (lfb 163x1MB) SWAP 1691/12002MB (cached 50MB) CPU [0%@1728,0%@1728,0%@1728,0%@1728,100%@1728,0%@1728] GR3D_FREQ 31% cpu@60.718C soc2@59.562C soc0@60.25C gpu@61.062C tj@61.5C soc1@61.5C VDD_IN 10608mW/10587mW VDD_CPU_GPU_CV 4001mW/3993mW VDD_SOC 2862mW/2861mW
08-04-2026 19:58:25 RAM 3867/7620MB (lfb 163x1MB) SWAP 1691/12002MB (cached 50MB) CPU [0%@1728,0%@1728,0%@1728,0%@1728,100%@1728,0%@1728] GR3D_FREQ 29% cpu@60.718C soc2@59.531C soc0@60.25C gpu@61.312C tj@61.5C soc1@61.5C VDD_IN 10608mW/10587mW VDD_CPU_GPU_CV 4001mW/3993mW VDD_SOC 2862mW/2861mW
08-04-2026 19:58:25 RAM 3867/7620MB (lfb 163x1MB) SWAP 1691/12002MB (cached 50MB) CPU [0%@1728,0%@1728,0%@1728,0%@1728,100%@1728,0%@1728] GR3D_FREQ 29% cpu@60.875C soc2@59.625C soc0@60.437C gpu@61.187C tj@61.593C soc1@61.687C VDD_IN 10567mW/10587mW VDD_CPU_GPU_CV 4001mW/3993mW VDD_SOC 2862mW/2861mW
08-04-2026 19:58:25 RAM 3867/7620MB (lfb 163x1MB) SWAP 1691/12002MB (cached 50MB) CPU [0%@1728,8%@1728,0%@1728,0%@1728,100%@1728,0%@1728] GR3D_FREQ 30% cpu@60.875C soc2@59.562C soc0@60.281C gpu@60.937C tj@61.437C soc1@61.437C VDD_IN 10567mW/10587mW VDD_CPU_GPU_CV 4001mW/3993mW VDD_SOC 2862mW/2861mW
08-04-2026 19:58:25 RAM 3867/7620MB (lfb 163x1MB) SWAP 1691/12002MB (cached 50MB) CPU [0%@1728,0%@1728,0%@1728,0%@1728,100%@1728,0%@1728] GR3D_FREQ 30% cpu@60.781C soc2@59.562C soc0@60.281C gpu@61.25C tj@61.531C soc1@61.531C VDD_IN 10608mW/10587mW VDD_CPU_GPU_CV 4001mW/3993mW VDD_SOC 2862mW/2861mW
08-04-2026 19:58:26 RAM 3867/7620MB (lfb 163x1MB) SWAP 1691/12002MB (cached 50MB) CPU [8%@1728,0%@1728,0%@1728,0%@1728,100%@1728,0%@1728] GR3D_FREQ 30% cpu@60.875C soc2@59.468C soc0@60.281C gpu@61.093C tj@61.531C soc1@61.531C VDD_IN 10608mW/10587mW VDD_CPU_GPU_CV 4001mW/3993mW VDD_SOC 2862mW/2861mW
08-04-2026 19:58:26 RAM 3867/7620MB (lfb 163x1MB) SWAP 1691/12002MB (cached 50MB) CPU [0%@1728,0%@1728,0%@1728,0%@1728,100%@1728,0%@1728] GR3D_FREQ 30% cpu@60.781C soc2@59.562C soc0@60.375C gpu@60.812C tj@61.656C soc1@61.656C VDD_IN 10608mW/10587mW VDD_CPU_GPU_CV 4001mW/3993mW VDD_SOC 2862mW/2861mW
08-04-2026 19:58:26 RAM 3867/7620MB (lfb 163x1MB) SWAP 1691/12002MB (cached 50MB) CPU [0%@1728,0%@1728,0%@1728,0%@1728,100%@1728,0%@1728] GR3D_FREQ 30% cpu@60.843C soc2@59.656C soc0@60.406C gpu@61.312C tj@61.406C soc1@61.406C VDD_IN 10567mW/10587mW VDD_CPU_GPU_CV 4001mW/3993mW VDD_SOC 2862mW/2861mW
08-04-2026 19:58:26 RAM 3867/7620MB (lfb 163x1MB) SWAP 1691/12002MB (cached 50MB) CPU [0%@1728,0%@1728,0%@1728,0%@1728,100%@1728,0%@1728] GR3D_FREQ 31% cpu@60.937C soc2@59.531C soc0@60.218C gpu@60.812C tj@61.437C soc1@61.437C VDD_IN 10567mW/10587mW VDD_CPU_GPU_CV 4001mW/3993mW VDD_SOC 2862mW/2861mW
08-04-2026 19:58:26 RAM 3867/7620MB (lfb 163x1MB) SWAP 1691/12002MB (cached 50MB) CPU [0%@1728,0%@1728,0%@1728,0%@1728,100%@1728,0%@1728] GR3D_FREQ 29% cpu@60.875C soc2@59.406C soc0@60.312C gpu@60.843C tj@61.5C soc1@61.5C VDD_IN 10608mW/10587mW VDD_CPU_GPU_CV 4001mW/3993mW VDD_SOC 2862mW/2861mW
08-04-2026 19:58:26 RAM 3867/7620MB (lfb 163x1MB) SWAP 1691/12002MB (cached 50MB) CPU [0%@1728,0%@1728,0%@1728,0%@1728,100%@1728,0%@1728] GR3D_FREQ 30% cpu@60.875C soc2@59.531C soc0@60.281C gpu@61.218C tj@61.593C soc1@61.593C VDD_IN 10567mW/10587mW VDD_CPU_GPU_CV 4001mW/3993mW VDD_SOC 2862mW/2861mW
08-04-2026 19:58:26 RAM 3867/7620MB (lfb 163x1MB) SWAP 1691/12002MB (cached 50MB) CPU [9%@1728,0%@1728,0%@1728,0%@1728,100%@1728,0%@1728] GR3D_FREQ 31% cpu@60.906C soc2@59.562C soc0@60.437C gpu@60.875C tj@61.625C soc1@61.625C VDD_IN 10567mW/10587mW VDD_CPU_GPU_CV 4001mW/3993mW VDD_SOC 2862mW/2861mW
08-04-2026 19:58:26 RAM 3867/7620MB (lfb 163x1MB) SWAP 1691/12002MB (cached 50MB) CPU [0%@1728,0%@1728,0%@1728,0%@1728,100%@1728,0%@1728] GR3D_FREQ 30% cpu@60.906C soc2@59.656C soc0@60.437C gpu@60.812C tj@61.468C soc1@61.468C VDD_IN 10567mW/10587mW VDD_CPU_GPU_CV 4001mW/3993mW VDD_SOC 2862mW/2861mW
08-04-2026 19:58:26 RAM 3867/7620MB (lfb 163x1MB) SWAP 1691/12002MB (cached 50MB) CPU [0%@1728,9%@1728,0%@1728,0%@1728,100%@1728,0%@1728] GR3D_FREQ 29% cpu@60.875C soc2@59.531C soc0@60.187C gpu@61C tj@61.468C soc1@61.468C VDD_IN 10608mW/10587mW VDD_CPU_GPU_CV 4001mW/3993mW VDD_SOC 2862mW/2861mW
08-04-2026 19:58:27 RAM 3867/7620MB (lfb 163x1MB) SWAP 1691/12002MB (cached 50MB) CPU [0%@1728,0%@1728,0%@1728,0%@1728,100%@1728,0%@1728] GR3D_FREQ 31% cpu@60.75C soc2@59.562C soc0@60.312C gpu@60.937C tj@61.5C soc1@61.5C VDD_IN 10567mW/10587mW VDD_CPU_GPU_CV 4001mW/3993mW VDD_SOC 2862mW/2861mW
08-04-2026 19:58:27 RAM 3867/7620MB (lfb 163x1MB) SWAP 1691/12002MB (cached 50MB) CPU [0%@1728,0%@1728,0%@1728,0%@1728,100%@1728,0%@1728] GR3D_FREQ 31% cpu@60.875C soc2@59.531C soc0@60.25C gpu@61.437C tj@61.5C soc1@61.5C VDD_IN 10608mW/10587mW VDD_CPU_GPU_CV 4001mW/3993mW VDD_SOC 2862mW/2861mW
08-04-2026 19:58:27 RAM 3870/7620MB (lfb 163x1MB) SWAP 1691/12002MB (cached 50MB) CPU [0%@1728,9%@1728,27%@1728,0%@1728,100%@1728,0%@1728] GR3D_FREQ 29% cpu@61.062C soc2@59.625C soc0@60.468C gpu@60.968C tj@61.687C soc1@61.687C VDD_IN 10649mW/10587mW VDD_CPU_GPU_CV 4042mW/3993mW VDD_SOC 2862mW/2861mW
08-04-2026 19:58:27 RAM 3870/7620MB (lfb 163x1MB) SWAP 1691/12002MB (cached 50MB) CPU [8%@1728,0%@1728,0%@1728,0%@1728,100%@1728,0%@1728] GR3D_FREQ 31% cpu@61C soc2@59.687C soc0@60.5C gpu@60.875C tj@61.468C soc1@61.468C VDD_IN 10649mW/10588mW VDD_CPU_GPU_CV 4036mW/3993mW VDD_SOC 2862mW/2861mW
08-04-2026 19:58:27 RAM 3870/7620MB (lfb 163x1MB) SWAP 1691/12002MB (cached 50MB) CPU [9%@1728,0%@1728,0%@1728,0%@1728,100%@1728,0%@1728] GR3D_FREQ 29% cpu@60.75C soc2@59.531C soc0@60.375C gpu@61.343C tj@61.5C soc1@61.5C VDD_IN 10649mW/10588mW VDD_CPU_GPU_CV 4001mW/3993mW VDD_SOC 2862mW/2861mW
08-04-2026 19:58:27 RAM 3870/7620MB (lfb 163x1MB) SWAP 1691/12002MB (cached 50MB) CPU [0%@1728,0%@1728,0%@1728,0%@1728,100%@1728,0%@1728] GR3D_FREQ 30% cpu@60.875C soc2@59.5C soc0@60.343C gpu@60.937C tj@61.531C soc1@61.531C VDD_IN 10649mW/10588mW VDD_CPU_GPU_CV 3995mW/3993mW VDD_SOC 2862mW/2861mW
08-04-2026 19:58:27 RAM 3870/7620MB (lfb 163x1MB) SWAP 1691/12002MB (cached 50MB) CPU [0%@1728,0%@1728,0%@1728,0%@1728,100%@1728,0%@1728] GR3D_FREQ 30% cpu@60.843C soc2@59.656C soc0@60.312C gpu@60.875C tj@61.625C soc1@61.625C VDD_IN 10608mW/10588mW VDD_CPU_GPU_CV 4001mW/3993mW VDD_SOC 2862mW/2861mW
08-04-2026 19:58:27 RAM 3870/7620MB (lfb 163x1MB) SWAP 1691/12002MB (cached 50MB) CPU [0%@1728,0%@1728,0%@1728,0%@1728,100%@1728,0%@1728] GR3D_FREQ 29% cpu@60.906C soc2@59.625C soc0@60.437C gpu@60.906C tj@61.656C soc1@61.656C VDD_IN 10608mW/10588mW VDD_CPU_GPU_CV 4001mW/3993mW VDD_SOC 2862mW/2861mW
08-04-2026 19:58:27 RAM 3870/7620MB (lfb 163x1MB) SWAP 1691/12002MB (cached 50MB) CPU [0%@1728,0%@1728,0%@1728,0%@1728,100%@1728,0%@1728] GR3D_FREQ 31% cpu@60.875C soc2@59.562C soc0@60.187C gpu@60.937C tj@61.531C soc1@61.531C VDD_IN 10567mW/10588mW VDD_CPU_GPU_CV 3995mW/3993mW VDD_SOC 2862mW/2861mW
08-04-2026 19:58:27 RAM 3870/7620MB (lfb 163x1MB) SWAP 1691/12002MB (cached 50MB) CPU [0%@1728,0%@1728,0%@1728,0%@1728,100%@1728,0%@1728] GR3D_FREQ 29% cpu@60.781C soc2@59.5C soc0@60.187C gpu@60.875C tj@61.5C soc1@61.5C VDD_IN 10608mW/10588mW VDD_CPU_GPU_CV 3995mW/3993mW VDD_SOC 2862mW/2861mW
08-04-2026 19:58:28 RAM 3870/7620MB (lfb 163x1MB) SWAP 1691/12002MB (cached 50MB) CPU [0%@1728,0%@1728,0%@1728,0%@1728,100%@1728,0%@1728] GR3D_FREQ 29% cpu@60.875C soc2@59.593C soc0@60.312C gpu@61C tj@61.5C soc1@61.5C VDD_IN 10608mW/10588mW VDD_CPU_GPU_CV 3995mW/3993mW VDD_SOC 2862mW/2861mW
08-04-2026 19:58:28 RAM 3870/7620MB (lfb 163x1MB) SWAP 1691/12002MB (cached 50MB) CPU [9%@1728,0%@1728,0%@1728,0%@1728,100%@1728,0%@1728] GR3D_FREQ 31% cpu@60.875C soc2@59.593C soc0@60.468C gpu@60.812C tj@61.656C soc1@61.656C VDD_IN 10608mW/10588mW VDD_CPU_GPU_CV 4001mW/3993mW VDD_SOC 2862mW/2861mW
08-04-2026 19:58:28 RAM 3870/7620MB (lfb 163x1MB) SWAP 1691/12002MB (cached 50MB) CPU [0%@1728,0%@1728,0%@1728,0%@1728,100%@1728,0%@1728] GR3D_FREQ 31% cpu@60.875C soc2@59.625C soc0@60.156C gpu@60.906C tj@61.375C soc1@61.375C VDD_IN 10567mW/10588mW VDD_CPU_GPU_CV 4001mW/3993mW VDD_SOC 2862mW/2861mW
08-04-2026 19:58:28 RAM 3870/7620MB (lfb 163x1MB) SWAP 1691/12002MB (cached 50MB) CPU [0%@1728,0%@1728,0%@1728,0%@1728,100%@1728,0%@1728] GR3D_FREQ 29% cpu@60.781C soc2@59.531C soc0@60.25C gpu@61C tj@61.468C soc1@61.468C VDD_IN 10567mW/10588mW VDD_CPU_GPU_CV 4001mW/3993mW VDD_SOC 2862mW/2861mW
08-04-2026 19:58:28 RAM 3870/7620MB (lfb 163x1MB) SWAP 1691/12002MB (cached 50MB) CPU [0%@1728,0%@1728,0%@1728,0%@1728,100%@1728,0%@1728] GR3D_FREQ 31% cpu@60.843C soc2@59.5C soc0@60.25C gpu@60.906C tj@61.468C soc1@61.468C VDD_IN 10567mW/10588mW VDD_CPU_GPU_CV 4001mW/3993mW VDD_SOC 2862mW/2861mW
08-04-2026 19:58:28 RAM 3870/7620MB (lfb 163x1MB) SWAP 1691/12002MB (cached 50MB) CPU [0%@1728,0%@1728,0%@1728,0%@1728,100%@1728,0%@1728] GR3D_FREQ 30% cpu@60.781C soc2@59.562C soc0@60.343C gpu@61.031C tj@61.656C soc1@61.656C VDD_IN 10551mW/10588mW VDD_CPU_GPU_CV 4001mW/3993mW VDD_SOC 2862mW/2861mW
08-04-2026 19:58:28 RAM 3870/7620MB (lfb 163x1MB) SWAP 1691/12002MB (cached 50MB) CPU [0%@1728,0%@1728,0%@1728,0%@1728,100%@1728,0%@1728] GR3D_FREQ 30% cpu@60.937C soc2@59.593C soc0@60.5C gpu@60.906C tj@61.718C soc1@61.718C VDD_IN 10567mW/10588mW VDD_CPU_GPU_CV 4001mW/3993mW VDD_SOC 2862mW/2861mW
08-04-2026 19:58:28 RAM 3870/7620MB (lfb 163x1MB) SWAP 1691/12002MB (cached 50MB) CPU [0%@1728,0%@1728,9%@1728,0%@1728,100%@1728,0%@1728] GR3D_FREQ 30% cpu@60.968C soc2@59.562C soc0@60.218C gpu@60.906C tj@61.468C soc1@61.468C VDD_IN 10567mW/10588mW VDD_CPU_GPU_CV 4001mW/3993mW VDD_SOC 2862mW/2861mW
08-04-2026 19:58:28 RAM 3870/7620MB (lfb 163x1MB) SWAP 1691/12002MB (cached 50MB) CPU [0%@1728,0%@1728,0%@1728,0%@1728,100%@1728,0%@1728] GR3D_FREQ 30% cpu@60.812C soc2@59.468C soc0@60.187C gpu@61.062C tj@61.562C soc1@61.562C VDD_IN 10567mW/10588mW VDD_CPU_GPU_CV 4001mW/3993mW VDD_SOC 2862mW/2861mW
08-04-2026 19:58:29 RAM 3870/7620MB (lfb 163x1MB) SWAP 1691/12002MB (cached 50MB) CPU [0%@1728,0%@1728,0%@1728,0%@1728,100%@1728,0%@1728] GR3D_FREQ 30% cpu@60.875C soc2@59.593C soc0@60.25C gpu@60.906C tj@61.5C soc1@61.5C VDD_IN 10567mW/10588mW VDD_CPU_GPU_CV 4001mW/3993mW VDD_SOC 2862mW/2861mW
08-04-2026 19:58:29 RAM 3870/7620MB (lfb 163x1MB) SWAP 1691/12002MB (cached 50MB) CPU [0%@1728,0%@1728,0%@1728,0%@1728,100%@1728,0%@1728] GR3D_FREQ 31% cpu@60.937C soc2@59.531C soc0@60.312C gpu@61.093C tj@61.656C soc1@61.656C VDD_IN 10567mW/10588mW VDD_CPU_GPU_CV 4001mW/3993mW VDD_SOC 2862mW/2861mW
08-04-2026 19:58:29 RAM 3870/7620MB (lfb 163x1MB) SWAP 1691/12002MB (cached 50MB) CPU [0%@1728,0%@1728,0%@1728,0%@1728,100%@1728,0%@1728] GR3D_FREQ 30% cpu@60.906C soc2@59.625C soc0@60.312C gpu@60.937C tj@61.437C soc1@61.437C VDD_IN 10567mW/10588mW VDD_CPU_GPU_CV 4001mW/3993mW VDD_SOC 2862mW/2861mW
08-04-2026 19:58:29 RAM 3870/7620MB (lfb 163x1MB) SWAP 1691/12002MB (cached 50MB) CPU [0%@1728,0%@1728,8%@1728,0%@1728,100%@1728,0%@1728] GR3D_FREQ 30% cpu@61.093C soc2@59.531C soc0@60.25C gpu@60.906C tj@61.531C soc1@61.531C VDD_IN 10608mW/10588mW VDD_CPU_GPU_CV 4001mW/3994mW VDD_SOC 2862mW/2861mW
08-04-2026 19:58:29 RAM 3870/7620MB (lfb 163x1MB) SWAP 1691/12002MB (cached 50MB) CPU [0%@1728,0%@1728,0%@1728,0%@1728,100%@1728,0%@1728] GR3D_FREQ 30% cpu@60.875C soc2@59.468C soc0@60.343C gpu@61C tj@61.468C soc1@61.468C VDD_IN 10567mW/10588mW VDD_CPU_GPU_CV 4001mW/3994mW VDD_SOC 2862mW/2861mW
08-04-2026 19:58:29 RAM 3870/7620MB (lfb 163x1MB) SWAP 1691/12002MB (cached 50MB) CPU [9%@1728,0%@1728,0%@1728,0%@1728,100%@1728,0%@1728] GR3D_FREQ 30% cpu@60.906C soc2@59.562C soc0@60.437C gpu@60.968C tj@61.531C soc1@61.531C VDD_IN 10608mW/10588mW VDD_CPU_GPU_CV 4001mW/3994mW VDD_SOC 2862mW/2861mW
08-04-2026 19:58:29 RAM 3870/7620MB (lfb 163x1MB) SWAP 1691/12002MB (cached 50MB) CPU [0%@1728,0%@1728,0%@1728,0%@1728,100%@1728,0%@1728] GR3D_FREQ 30% cpu@60.937C soc2@59.562C soc0@60.437C gpu@60.906C tj@61.75C soc1@61.75C VDD_IN 10608mW/10588mW VDD_CPU_GPU_CV 4001mW/3994mW VDD_SOC 2862mW/2861mW
08-04-2026 19:58:29 RAM 3870/7620MB (lfb 163x1MB) SWAP 1691/12002MB (cached 50MB) CPU [0%@1728,0%@1728,0%@1728,0%@1728,100%@1728,0%@1728] GR3D_FREQ 30% cpu@60.937C soc2@59.593C soc0@60.187C gpu@61.062C tj@61.437C soc1@61.437C VDD_IN 10608mW/10588mW VDD_CPU_GPU_CV 3995mW/3994mW VDD_SOC 2862mW/2861mW
08-04-2026 19:58:29 RAM 3870/7620MB (lfb 163x1MB) SWAP 1691/12002MB (cached 50MB) CPU [0%@1728,0%@1728,0%@1728,0%@1728,100%@1728,0%@1728] GR3D_FREQ 30% cpu@61.125C soc2@59.562C soc0@60.312C gpu@60.937C tj@61.5C soc1@61.5C VDD_IN 10608mW/10588mW VDD_CPU_GPU_CV 3995mW/3994mW VDD_SOC 2862mW/2861mW
08-04-2026 19:58:29 RAM 3870/7620MB (lfb 163x1MB) SWAP 1691/12002MB (cached 50MB) CPU [0%@1728,0%@1728,9%@1728,0%@1728,100%@1728,0%@1728] GR3D_FREQ 30% cpu@60.843C soc2@59.562C soc0@60.375C gpu@61.156C tj@61.5C soc1@61.5C VDD_IN 10608mW/10588mW VDD_CPU_GPU_CV 4001mW/3994mW VDD_SOC 2862mW/2861mW
08-04-2026 19:58:30 RAM 3870/7620MB (lfb 163x1MB) SWAP 1691/12002MB (cached 50MB) CPU [0%@1728,8%@1728,0%@1728,0%@1728,100%@1728,0%@1728] GR3D_FREQ 30% cpu@61C soc2@59.531C soc0@60.343C gpu@61.062C tj@61.5C soc1@61.5C VDD_IN 10567mW/10588mW VDD_CPU_GPU_CV 4001mW/3994mW VDD_SOC 2862mW/2861mW
08-04-2026 19:58:30 RAM 3870/7620MB (lfb 163x1MB) SWAP 1691/12002MB (cached 50MB) CPU [0%@1728,0%@1728,9%@1728,0%@1728,100%@1728,0%@1728] GR3D_FREQ 31% cpu@61C soc2@59.625C soc0@60.375C gpu@60.968C tj@61.375C soc1@61.375C VDD_IN 10608mW/10588mW VDD_CPU_GPU_CV 4001mW/3994mW VDD_SOC 2862mW/2861mW
08-04-2026 19:58:30 RAM 3870/7620MB (lfb 163x1MB) SWAP 1691/12002MB (cached 50MB) CPU [0%@1728,0%@1728,0%@1728,0%@1728,100%@1728,0%@1728] GR3D_FREQ 29% cpu@60.968C soc2@59.437C soc0@60.218C gpu@61.187C tj@61.406C soc1@61.406C VDD_IN 10608mW/10588mW VDD_CPU_GPU_CV 4001mW/3994mW VDD_SOC 2862mW/2861mW
08-04-2026 19:58:30 RAM 3870/7620MB (lfb 163x1MB) SWAP 1691/12002MB (cached 50MB) CPU [0%@1728,0%@1728,0%@1728,0%@1728,100%@1728,0%@1728] GR3D_FREQ 30% cpu@61.031C soc2@59.593C soc0@60.281C gpu@61.062C tj@61.406C soc1@61.406C VDD_IN 10567mW/10588mW VDD_CPU_GPU_CV 4001mW/3994mW VDD_SOC 2862mW/2861mW
08-04-2026 19:58:30 RAM 3867/7620MB (lfb 163x1MB) SWAP 1691/12002MB (cached 50MB) CPU [9%@1728,20%@1728,0%@1728,0%@1728,100%@1728,0%@1728] GR3D_FREQ 31% cpu@61.031C soc2@59.593C soc0@60.281C gpu@61.218C tj@61.531C soc1@61.531C VDD_IN 10649mW/10588mW VDD_CPU_GPU_CV 4036mW/3994mW VDD_SOC 2862mW/2861mW
08-04-2026 19:58:30 RAM 3867/7620MB (lfb 163x1MB) SWAP 1691/12002MB (cached 50MB) CPU [9%@1728,0%@1728,0%@1728,0%@1728,100%@1728,0%@1728] GR3D_FREQ 30% cpu@60.906C soc2@59.625C soc0@60.437C gpu@61.093C tj@61.625C soc1@61.625C VDD_IN 10608mW/10588mW VDD_CPU_GPU_CV 4036mW/3994mW VDD_SOC 2862mW/2861mW
08-04-2026 19:58:30 RAM 3867/7620MB (lfb 163x1MB) SWAP 1691/12002MB (cached 50MB) CPU [0%@1728,0%@1728,0%@1728,0%@1728,100%@1728,0%@1728] GR3D_FREQ 30% cpu@61C soc2@59.625C soc0@60.468C gpu@60.968C tj@61.375C soc1@61.375C VDD_IN 10608mW/10588mW VDD_CPU_GPU_CV 4036mW/3994mW VDD_SOC 2862mW/2861mW
08-04-2026 19:58:30 RAM 3867/7620MB (lfb 163x1MB) SWAP 1691/12002MB (cached 50MB) CPU [0%@1728,0%@1728,0%@1728,0%@1728,100%@1728,0%@1728] GR3D_FREQ 30% cpu@61.062C soc2@59.531C soc0@60.281C gpu@61.281C tj@61.437C soc1@61.437C VDD_IN 10608mW/10588mW VDD_CPU_GPU_CV 3995mW/3994mW VDD_SOC 2862mW/2861mW
08-04-2026 19:58:30 RAM 3867/7620MB (lfb 163x1MB) SWAP 1691/12002MB (cached 50MB) CPU [0%@1728,0%@1728,0%@1728,0%@1728,100%@1728,0%@1728] GR3D_FREQ 30% cpu@60.875C soc2@59.5C soc0@60.25C gpu@61.093C tj@61.5C soc1@61.5C VDD_IN 10608mW/10588mW VDD_CPU_GPU_CV 4001mW/3994mW VDD_SOC 2862mW/2861mW
08-04-2026 19:58:31 RAM 3867/7620MB (lfb 163x1MB) SWAP 1691/12002MB (cached 50MB) CPU [0%@1728,0%@1728,0%@1728,0%@1728,100%@1728,0%@1728] GR3D_FREQ 30% cpu@60.937C soc2@59.593C soc0@60.281C gpu@60.968C tj@61.656C soc1@61.656C VDD_IN 10608mW/10588mW VDD_CPU_GPU_CV 3995mW/3994mW VDD_SOC 2862mW/2861mW
08-04-2026 19:58:31 RAM 3867/7620MB (lfb 163x1MB) SWAP 1691/12002MB (cached 50MB) CPU [0%@1728,0%@1728,0%@1728,0%@1728,100%@1728,0%@1728] GR3D_FREQ 29% cpu@60.937C soc2@59.593C soc0@60.531C gpu@61.187C tj@61.656C soc1@61.656C VDD_IN 10567mW/10588mW VDD_CPU_GPU_CV 3995mW/3994mW VDD_SOC 2862mW/2861mW
08-04-2026 19:58:31 RAM 3867/7620MB (lfb 163x1MB) SWAP 1691/12002MB (cached 50MB) CPU [0%@1728,0%@1728,9%@1728,0%@1728,100%@1728,0%@1728] GR3D_FREQ 31% cpu@61.062C soc2@59.5C soc0@60.281C gpu@61.156C tj@61.375C soc1@61.375C VDD_IN 10608mW/10588mW VDD_CPU_GPU_CV 4001mW/3994mW VDD_SOC 2862mW/2861mW
08-04-2026 19:58:31 RAM 3867/7620MB (lfb 163x1MB) SWAP 1691/12002MB (cached 50MB) CPU [0%@1728,0%@1728,0%@1728,0%@1728,100%@1728,0%@1728] GR3D_FREQ 31% cpu@61.125C soc2@59.468C soc0@60.187C gpu@61.406C tj@61.406C soc1@61.406C VDD_IN 10567mW/10588mW VDD_CPU_GPU_CV 4001mW/3994mW VDD_SOC 2862mW/2861mW
08-04-2026 19:58:31 RAM 3867/7620MB (lfb 163x1MB) SWAP 1691/12002MB (cached 50MB) CPU [0%@1728,0%@1728,0%@1728,0%@1728,100%@1728,0%@1728] GR3D_FREQ 29% cpu@60.875C soc2@59.5C soc0@60.312C gpu@61.25C tj@61.531C soc1@61.531C VDD_IN 10567mW/10588mW VDD_CPU_GPU_CV 4001mW/3994mW VDD_SOC 2862mW/2861mW
08-04-2026 19:58:31 RAM 3867/7620MB (lfb 163x1MB) SWAP 1691/12002MB (cached 50MB) CPU [0%@1728,0%@1728,0%@1728,0%@1728,100%@1728,0%@1728] GR3D_FREQ 31% cpu@60.875C soc2@59.531C soc0@60.406C gpu@61.125C tj@61.687C soc1@61.687C VDD_IN 10567mW/10588mW VDD_CPU_GPU_CV 4001mW/3994mW VDD_SOC 2862mW/2861mW
08-04-2026 19:58:31 RAM 3867/7620MB (lfb 163x1MB) SWAP 1691/12002MB (cached 50MB) CPU [0%@1728,0%@1728,8%@1728,0%@1728,100%@1728,0%@1728] GR3D_FREQ 31% cpu@61.125C soc2@59.593C soc0@60.437C gpu@61.406C tj@61.656C soc1@61.406C VDD_IN 10567mW/10588mW VDD_CPU_GPU_CV 4001mW/3994mW VDD_SOC 2862mW/2861mW
08-04-2026 19:58:31 RAM 3867/7620MB (lfb 163x1MB) SWAP 1691/12002MB (cached 50MB) CPU [0%@1728,0%@1728,0%@1728,0%@1728,100%@1728,0%@1728] GR3D_FREQ 29% cpu@61.125C soc2@59.5C soc0@60.218C gpu@61.156C tj@61.437C soc1@61.437C VDD_IN 10567mW/10588mW VDD_CPU_GPU_CV 4001mW/3994mW VDD_SOC 2862mW/2861mW
08-04-2026 19:58:31 RAM 3867/7620MB (lfb 163x1MB) SWAP 1691/12002MB (cached 50MB) CPU [0%@1728,0%@1728,0%@1728,0%@1728,100%@1728,0%@1728] GR3D_FREQ 30% cpu@60.781C soc2@59.406C soc0@60.312C gpu@60.875C tj@61.531C soc1@61.531C VDD_IN 10567mW/10588mW VDD_CPU_GPU_CV 4001mW/3994mW VDD_SOC 2862mW/2861mW
08-04-2026 19:58:31 RAM 3867/7620MB (lfb 163x1MB) SWAP 1691/12002MB (cached 50MB) CPU [0%@1728,0%@1728,0%@1728,0%@1728,100%@1728,0%@1728] GR3D_FREQ 31% cpu@60.937C soc2@59.593C soc0@60.312C gpu@61.343C tj@61.531C soc1@61.531C VDD_IN 10608mW/10588mW VDD_CPU_GPU_CV 3995mW/3994mW VDD_SOC 2862mW/2861mW
08-04-2026 19:58:32 RAM 3867/7620MB (lfb 163x1MB) SWAP 1691/12002MB (cached 50MB) CPU [0%@1728,0%@1728,0%@1728,0%@1728,100%@1728,0%@1728] GR3D_FREQ 30% cpu@61.031C soc2@59.562C soc0@60.468C gpu@61.187C tj@61.75C soc1@61.75C VDD_IN 10567mW/10588mW VDD_CPU_GPU_CV 3995mW/3994mW VDD_SOC 2862mW/2861mW
08-04-2026 19:58:32 RAM 3867/7620MB (lfb 163x1MB) SWAP 1691/12002MB (cached 50MB) CPU [0%@1728,9%@1728,0%@1728,0%@1728,100%@1728,0%@1728] GR3D_FREQ 30% cpu@61C soc2@59.593C soc0@60.187C gpu@60.843C tj@61.375C soc1@61.375C VDD_IN 10567mW/10588mW VDD_CPU_GPU_CV 3995mW/3994mW VDD_SOC 2862mW/2861mW
08-04-2026 19:58:32 RAM 3867/7620MB (lfb 163x1MB) SWAP 1691/12002MB (cached 50MB) CPU [0%@1728,0%@1728,8%@1728,0%@1728,100%@1728,0%@1728] GR3D_FREQ 31% cpu@61.187C soc2@59.437C soc0@60.281C gpu@61.25C tj@61.437C soc1@61.437C VDD_IN 10567mW/10588mW VDD_CPU_GPU_CV 3995mW/3994mW VDD_SOC 2862mW/2861mW
08-04-2026 19:58:32 RAM 3867/7620MB (lfb 163x1MB) SWAP 1691/12002MB (cached 50MB) CPU [0%@1728,0%@1728,0%@1728,0%@1728,100%@1728,0%@1728] GR3D_FREQ 30% cpu@60.812C soc2@59.5C soc0@60.187C gpu@60.937C tj@61.562C soc1@61.562C VDD_IN 10567mW/10588mW VDD_CPU_GPU_CV 3995mW/3994mW VDD_SOC 2862mW/2861mW
08-04-2026 19:58:32 RAM 3867/7620MB (lfb 163x1MB) SWAP 1691/12002MB (cached 50MB) CPU [0%@1728,0%@1728,0%@1728,0%@1728,100%@1728,0%@1728] GR3D_FREQ 30% cpu@60.843C soc2@59.593C soc0@60.437C gpu@60.906C tj@61.5C soc1@61.5C VDD_IN 10608mW/10588mW VDD_CPU_GPU_CV 3995mW/3994mW VDD_SOC 2862mW/2861mW
08-04-2026 19:58:32 RAM 3867/7620MB (lfb 163x1MB) SWAP 1691/12002MB (cached 50MB) CPU [9%@1728,0%@1728,0%@1728,0%@1728,100%@1728,0%@1728] GR3D_FREQ 30% cpu@61C soc2@59.531C soc0@60.187C gpu@61.312C tj@61.437C soc1@61.437C VDD_IN 10608mW/10588mW VDD_CPU_GPU_CV 4001mW/3994mW VDD_SOC 2862mW/2861mW
08-04-2026 19:58:32 RAM 3867/7620MB (lfb 163x1MB) SWAP 1691/12002MB (cached 50MB) CPU [0%@1728,0%@1728,0%@1728,0%@1728,100%@1728,0%@1728] GR3D_FREQ 30% cpu@61.093C soc2@59.531C soc0@60.187C gpu@60.843C tj@61.437C soc1@61.437C VDD_IN 10567mW/10588mW VDD_CPU_GPU_CV 3995mW/3994mW VDD_SOC 2862mW/2861mW
08-04-2026 19:58:32 RAM 3867/7620MB (lfb 163x1MB) SWAP 1691/12002MB (cached 50MB) CPU [0%@1728,0%@1728,0%@1728,0%@1728,100%@1728,0%@1728] GR3D_FREQ 30% cpu@60.843C soc2@59.562C soc0@60.25C gpu@61.343C tj@61.343C soc1@61.343C VDD_IN 10567mW/10588mW VDD_CPU_GPU_CV 4001mW/3994mW VDD_SOC 2862mW/2861mW
08-04-2026 19:58:32 RAM 3867/7620MB (lfb 163x1MB) SWAP 1691/12002MB (cached 50MB) CPU [0%@1728,0%@1728,0%@1728,0%@1728,100%@1728,0%@1728] GR3D_FREQ 30% cpu@60.875C soc2@59.468C soc0@60.343C gpu@60.968C tj@61.531C soc1@61.531C VDD_IN 10567mW/10588mW VDD_CPU_GPU_CV 4001mW/3994mW VDD_SOC 2862mW/2862mW
08-04-2026 19:58:33 RAM 3867/7620MB (lfb 163x1MB) SWAP 1691/12002MB (cached 50MB) CPU [0%@1728,0%@1728,0%@1728,0%@1728,100%@1728,0%@1728] GR3D_FREQ 29% cpu@60.937C soc2@59.593C soc0@60.312C gpu@60.906C tj@61.562C soc1@61.781C VDD_IN 10567mW/10588mW VDD_CPU_GPU_CV 4001mW/3994mW VDD_SOC 2862mW/2862mW
08-04-2026 19:58:33 RAM 3867/7620MB (lfb 163x1MB) SWAP 1691/12002MB (cached 50MB) CPU [0%@1728,0%@1728,0%@1728,0%@1728,100%@1728,0%@1728] GR3D_FREQ 30% cpu@61.062C soc2@59.687C soc0@60.187C gpu@61.375C tj@61.375C soc1@61.343C VDD_IN 10567mW/10588mW VDD_CPU_GPU_CV 4001mW/3994mW VDD_SOC 2862mW/2862mW
08-04-2026 19:58:33 RAM 3867/7620MB (lfb 163x1MB) SWAP 1691/12002MB (cached 50MB) CPU [0%@1728,0%@1728,0%@1728,0%@1728,100%@1728,0%@1728] GR3D_FREQ 31% cpu@60.75C soc2@59.5C soc0@60.25C gpu@60.906C tj@61.5C soc1@61.5C VDD_IN 10567mW/10588mW VDD_CPU_GPU_CV 4001mW/3994mW VDD_SOC 2862mW/2862mW
08-04-2026 19:58:33 RAM 3867/7620MB (lfb 163x1MB) SWAP 1691/12002MB (cached 50MB) CPU [0%@1728,0%@1728,0%@1728,0%@1728,100%@1728,0%@1728] GR3D_FREQ 30% cpu@60.75C soc2@59.625C soc0@60.25C gpu@60.906C tj@61.468C soc1@61.468C VDD_IN 10567mW/10588mW VDD_CPU_GPU_CV 4001mW/3994mW VDD_SOC 2862mW/2862mW
08-04-2026 19:58:33 RAM 3867/7620MB (lfb 163x1MB) SWAP 1691/12002MB (cached 50MB) CPU [0%@1728,0%@1728,0%@1728,0%@1728,100%@1728,0%@1728] GR3D_FREQ 30% cpu@60.875C soc2@59.593C soc0@60.312C gpu@61C tj@61.593C soc1@61.593C VDD_IN 10567mW/10587mW VDD_CPU_GPU_CV 4001mW/3994mW VDD_SOC 2862mW/2862mW
08-04-2026 19:58:33 RAM 3867/7620MB (lfb 163x1MB) SWAP 1691/12002MB (cached 50MB) CPU [0%@1728,0%@1728,8%@1728,0%@1728,100%@1728,0%@1728] GR3D_FREQ 31% cpu@61.093C soc2@59.562C soc0@60.468C gpu@60.906C tj@61.656C soc1@61.343C VDD_IN 10567mW/10587mW VDD_CPU_GPU_CV 4001mW/3994mW VDD_SOC 2862mW/2862mW
08-04-2026 19:58:33 RAM 3867/7620MB (lfb 163x1MB) SWAP 1691/12002MB (cached 50MB) CPU [0%@1728,9%@1728,0%@1728,0%@1728,100%@1728,0%@1728] GR3D_FREQ 30% cpu@61.218C soc2@59.531C soc0@60.187C gpu@60.906C tj@61.406C soc1@61.406C VDD_IN 10608mW/10587mW VDD_CPU_GPU_CV 4001mW/3994mW VDD_SOC 2862mW/2862mW
08-04-2026 19:58:33 RAM 3863/7620MB (lfb 163x1MB) SWAP 1691/12002MB (cached 50MB) CPU [18%@1728,0%@1728,10%@1728,9%@1728,100%@1728,0%@1728] GR3D_FREQ 30% cpu@61.031C soc2@59.531C soc0@60.218C gpu@60.968C tj@61.406C soc1@61.406C VDD_IN 10649mW/10588mW VDD_CPU_GPU_CV 4036mW/3994mW VDD_SOC 2862mW/2862mW
08-04-2026 19:58:33 RAM 3863/7620MB (lfb 163x1MB) SWAP 1691/12002MB (cached 50MB) CPU [0%@1728,8%@1728,0%@1728,0%@1728,100%@1728,0%@1728] GR3D_FREQ 30% cpu@60.843C soc2@59.5C soc0@60.25C gpu@60.968C tj@61.5C soc1@61.5C VDD_IN 10649mW/10588mW VDD_CPU_GPU_CV 4036mW/3995mW VDD_SOC 2862mW/2862mW
08-04-2026 19:58:33 RAM 3863/7620MB (lfb 163x1MB) SWAP 1691/12002MB (cached 50MB) CPU [0%@1728,0%@1728,8%@1728,0%@1728,100%@1728,0%@1728] GR3D_FREQ 29% cpu@60.781C soc2@59.562C soc0@60.375C gpu@60.906C tj@61.593C soc1@61.593C VDD_IN 10649mW/10588mW VDD_CPU_GPU_CV 4036mW/3995mW VDD_SOC 2862mW/2862mW
08-04-2026 19:58:34 RAM 3863/7620MB (lfb 163x1MB) SWAP 1691/12002MB (cached 50MB) CPU [0%@1728,0%@1728,0%@1728,0%@1728,100%@1728,0%@1728] GR3D_FREQ 30% cpu@61.156C soc2@59.625C soc0@60.437C gpu@60.937C tj@61.406C soc1@61.406C VDD_IN 10649mW/10588mW VDD_CPU_GPU_CV 3995mW/3995mW VDD_SOC 2862mW/2862mW
08-04-2026 19:58:34 RAM 3863/7620MB (lfb 163x1MB) SWAP 1691/12002MB (cached 50MB) CPU [0%@1728,0%@1728,0%@1728,0%@1728,100%@1728,0%@1728] GR3D_FREQ 30% cpu@60.843C soc2@59.437C soc0@60.218C gpu@60.906C tj@61.437C soc1@61.437C VDD_IN 10608mW/10588mW VDD_CPU_GPU_CV 3995mW/3995mW VDD_SOC 2862mW/2862mW
08-04-2026 19:58:34 RAM 3863/7620MB (lfb 163x1MB) SWAP 1691/12002MB (cached 50MB) CPU [0%@1728,0%@1728,0%@1728,0%@1728,100%@1728,0%@1728] GR3D_FREQ 30% cpu@60.812C soc2@59.5C soc0@60.25C gpu@61.031C tj@61.468C soc1@61.468C VDD_IN 10608mW/10588mW VDD_CPU_GPU_CV 3995mW/3995mW VDD_SOC 2862mW/2862mW
08-04-2026 19:58:34 RAM 3863/7620MB (lfb 163x1MB) SWAP 1691/12002MB (cached 50MB) CPU [0%@1728,9%@1728,0%@1728,0%@1728,100%@1728,0%@1728] GR3D_FREQ 30% cpu@60.843C soc2@59.562C soc0@60.281C gpu@60.906C tj@61.531C soc1@61.531C VDD_IN 10608mW/10588mW VDD_CPU_GPU_CV 3995mW/3995mW VDD_SOC 2862mW/2862mW
08-04-2026 19:58:34 RAM 3863/7620MB (lfb 163x1MB) SWAP 1691/12002MB (cached 50MB) CPU [0%@1728,0%@1728,0%@1728,0%@1728,100%@1728,0%@1728] GR3D_FREQ 30% cpu@61.062C soc2@59.562C soc0@60.343C gpu@60.812C tj@61.593C soc1@61.593C VDD_IN 10608mW/10588mW VDD_CPU_GPU_CV 3995mW/3995mW VDD_SOC 2862mW/2862mW
08-04-2026 19:58:34 RAM 3863/7620MB (lfb 163x1MB) SWAP 1691/12002MB (cached 50MB) CPU [0%@1728,0%@1728,0%@1728,0%@1728,100%@1728,0%@1728] GR3D_FREQ 30% cpu@61.218C soc2@59.656C soc0@60.218C gpu@60.968C tj@61.468C soc1@61.468C VDD_IN 10608mW/10588mW VDD_CPU_GPU_CV 4001mW/3995mW VDD_SOC 2862mW/2862mW
08-04-2026 19:58:34 RAM 3863/7620MB (lfb 163x1MB) SWAP 1691/12002MB (cached 50MB) CPU [0%@1728,0%@1728,0%@1728,0%@1728,100%@1728,0%@1728] GR3D_FREQ 31% cpu@60.781C soc2@59.5C soc0@60.156C gpu@61C tj@61.406C soc1@61.406C VDD_IN 10608mW/10588mW VDD_CPU_GPU_CV 4001mW/3995mW VDD_SOC 2862mW/2862mW
08-04-2026 19:58:34 RAM 3863/7620MB (lfb 163x1MB) SWAP 1691/12002MB (cached 50MB) CPU [0%@1728,0%@1728,0%@1728,0%@1728,100%@1728,0%@1728] GR3D_FREQ 30% cpu@60.875C soc2@59.531C soc0@60.25C gpu@61.031C tj@61.5C soc1@61.5C VDD_IN 10608mW/10588mW VDD_CPU_GPU_CV 4001mW/3995mW VDD_SOC 2862mW/2862mW
08-04-2026 19:58:34 RAM 3863/7620MB (lfb 163x1MB) SWAP 1691/12002MB (cached 50MB) CPU [0%@1728,8%@1728,0%@1728,0%@1728,100%@1728,0%@1728] GR3D_FREQ 30% cpu@60.812C soc2@59.531C soc0@60.343C gpu@61.031C tj@61.562C soc1@61.562C VDD_IN 10608mW/10588mW VDD_CPU_GPU_CV 4001mW/3995mW VDD_SOC 2862mW/2862mW
08-04-2026 19:58:35 RAM 3863/7620MB (lfb 163x1MB) SWAP 1691/12002MB (cached 50MB) CPU [0%@1728,0%@1728,9%@1728,9%@1728,100%@1728,0%@1728] GR3D_FREQ 31% cpu@61.156C soc2@59.625C soc0@60.312C gpu@60.843C tj@61.718C soc1@61.718C VDD_IN 10608mW/10589mW VDD_CPU_GPU_CV 4001mW/3995mW VDD_SOC 2862mW/2862mW
08-04-2026 19:58:35 RAM 3863/7620MB (lfb 163x1MB) SWAP 1691/12002MB (cached 50MB) CPU [9%@1728,0%@1728,0%@1728,0%@1728,100%@1728,0%@1728] GR3D_FREQ 30% cpu@60.781C soc2@59.406C soc0@60.187C gpu@61.093C tj@61.406C soc1@61.406C VDD_IN 10608mW/10589mW VDD_CPU_GPU_CV 4001mW/3995mW VDD_SOC 2862mW/2862mW
08-04-2026 19:58:35 RAM 3863/7620MB (lfb 163x1MB) SWAP 1691/12002MB (cached 50MB) CPU [0%@1728,0%@1728,0%@1728,0%@1728,100%@1728,0%@1728] GR3D_FREQ 30% cpu@60.812C soc2@59.5C soc0@60.25C gpu@60.906C tj@61.468C soc1@61.468C VDD_IN 10608mW/10589mW VDD_CPU_GPU_CV 4001mW/3995mW VDD_SOC 2862mW/2862mW
08-04-2026 19:58:35 RAM 3863/7620MB (lfb 163x1MB) SWAP 1691/12002MB (cached 50MB) CPU [0%@1728,0%@1728,0%@1728,0%@1728,100%@1728,0%@1728] GR3D_FREQ 30% cpu@60.718C soc2@59.531C soc0@60.375C gpu@60.843C tj@61.593C soc1@61.593C VDD_IN 10608mW/10589mW VDD_CPU_GPU_CV 3995mW/3995mW VDD_SOC 2862mW/2862mW
08-04-2026 19:58:35 RAM 3863/7620MB (lfb 163x1MB) SWAP 1691/12002MB (cached 50MB) CPU [0%@1728,0%@1728,0%@1728,0%@1728,100%@1728,0%@1728] GR3D_FREQ 30% cpu@60.875C soc2@59.531C soc0@60.343C gpu@60.937C tj@61.656C soc1@61.656C VDD_IN 10608mW/10589mW VDD_CPU_GPU_CV 4001mW/3995mW VDD_SOC 2862mW/2862mW
08-04-2026 19:58:35 RAM 3863/7620MB (lfb 163x1MB) SWAP 1691/12002MB (cached 50MB) CPU [0%@1728,0%@1728,0%@1728,0%@1728,100%@1728,0%@1728] GR3D_FREQ 30% cpu@61.218C soc2@59.687C soc0@60.25C gpu@60.906C tj@61.437C soc1@61.437C VDD_IN 10567mW/10589mW VDD_CPU_GPU_CV 4001mW/3995mW VDD_SOC 2862mW/2862mW
08-04-2026 19:58:35 RAM 3863/7620MB (lfb 163x1MB) SWAP 1691/12002MB (cached 50MB) CPU [0%@1728,0%@1728,0%@1728,0%@1728,100%@1728,0%@1728] GR3D_FREQ 30% cpu@60.75C soc2@59.5C soc0@60.25C gpu@61.187C tj@61.437C soc1@61.437C VDD_IN 10567mW/10589mW VDD_CPU_GPU_CV 3995mW/3995mW VDD_SOC 2862mW/2862mW
08-04-2026 19:58:35 RAM 3863/7620MB (lfb 163x1MB) SWAP 1691/12002MB (cached 50MB) CPU [0%@1728,0%@1728,0%@1728,0%@1728,100%@1728,0%@1728] GR3D_FREQ 29% cpu@60.687C soc2@59.5C soc0@60.218C gpu@61.031C tj@61.406C soc1@61.5C VDD_IN 10567mW/10589mW VDD_CPU_GPU_CV 3995mW/3995mW VDD_SOC 2862mW/2862mW
08-04-2026 19:58:35 RAM 3863/7620MB (lfb 163x1MB) SWAP 1691/12002MB (cached 50MB) CPU [0%@1728,0%@1728,0%@1728,0%@1728,100%@1728,0%@1728] GR3D_FREQ 30% cpu@60.906C soc2@59.593C soc0@60.312C gpu@60.937C tj@61.562C soc1@61.562C VDD_IN 10608mW/10589mW VDD_CPU_GPU_CV 3960mW/3995mW VDD_SOC 2862mW/2862mW
08-04-2026 19:58:35 RAM 3863/7620MB (lfb 163x1MB) SWAP 1691/12002MB (cached 50MB) CPU [0%@1728,0%@1728,0%@1728,0%@1728,100%@1728,0%@1728] GR3D_FREQ 31% cpu@60.781C soc2@59.406C soc0@60.343C gpu@61.187C tj@61.687C soc1@61.687C VDD_IN 10608mW/10589mW VDD_CPU_GPU_CV 3995mW/3995mW VDD_SOC 2862mW/2862mW
08-04-2026 19:58:36 RAM 3863/7620MB (lfb 163x1MB) SWAP 1691/12002MB (cached 50MB) CPU [8%@1728,0%@1728,0%@1728,0%@1728,100%@1728,0%@1728] GR3D_FREQ 29% cpu@60.875C soc2@59.468C soc0@60.187C gpu@60.937C tj@61.343C soc1@61.343C VDD_IN 10608mW/10589mW VDD_CPU_GPU_CV 4001mW/3995mW VDD_SOC 2862mW/2862mW
08-04-2026 19:58:36 RAM 3863/7620MB (lfb 163x1MB) SWAP 1691/12002MB (cached 50MB) CPU [0%@1728,0%@1728,0%@1728,0%@1728,100%@1728,0%@1728] GR3D_FREQ 30% cpu@60.875C soc2@59.5C soc0@60.25C gpu@61.312C tj@61.437C soc1@61.437C VDD_IN 10608mW/10589mW VDD_CPU_GPU_CV 4001mW/3995mW VDD_SOC 2862mW/2862mW
08-04-2026 19:58:36 RAM 3863/7620MB (lfb 163x1MB) SWAP 1691/12002MB (cached 50MB) CPU [0%@1728,0%@1728,0%@1728,0%@1728,100%@1728,0%@1728] GR3D_FREQ 31% cpu@60.812C soc2@59.562C soc0@60.312C gpu@61.125C tj@61.531C soc1@61.531C VDD_IN 10608mW/10589mW VDD_CPU_GPU_CV 4001mW/3995mW VDD_SOC 2862mW/2862mW
08-04-2026 19:58:36 RAM 3863/7620MB (lfb 163x1MB) SWAP 1691/12002MB (cached 50MB) CPU [0%@1728,0%@1728,0%@1728,0%@1728,100%@1728,0%@1728] GR3D_FREQ 29% cpu@60.875C soc2@59.531C soc0@60.437C gpu@60.937C tj@61.625C soc1@61.625C VDD_IN 10608mW/10589mW VDD_CPU_GPU_CV 4001mW/3995mW VDD_SOC 2862mW/2862mW
08-04-2026 19:58:36 RAM 3863/7620MB (lfb 163x1MB) SWAP 1691/12002MB (cached 50MB) CPU [0%@1728,0%@1728,0%@1728,0%@1728,100%@1728,0%@1728] GR3D_FREQ 29% cpu@60.875C soc2@59.593C soc0@60.468C gpu@61.25C tj@61.437C soc1@61.437C VDD_IN 10608mW/10589mW VDD_CPU_GPU_CV 4001mW/3995mW VDD_SOC 2862mW/2862mW
08-04-2026 19:58:36 RAM 3863/7620MB (lfb 163x1MB) SWAP 1691/12002MB (cached 50MB) CPU [0%@1728,0%@1728,0%@1728,0%@1728,100%@1728,0%@1728] GR3D_FREQ 31% cpu@60.687C soc2@59.468C soc0@60.218C gpu@61.093C tj@61.468C soc1@61.468C VDD_IN 10608mW/10589mW VDD_CPU_GPU_CV 4001mW/3995mW VDD_SOC 2862mW/2862mW
08-04-2026 19:58:36 RAM 3863/7620MB (lfb 163x1MB) SWAP 1691/12002MB (cached 50MB) CPU [0%@1728,0%@1728,0%@1728,0%@1728,100%@1728,0%@1728] GR3D_FREQ 31% cpu@60.718C soc2@59.531C soc0@60.218C gpu@60.875C tj@61.5C soc1@61.5C VDD_IN 10608mW/10589mW VDD_CPU_GPU_CV 4001mW/3995mW VDD_SOC 2862mW/2862mW
08-04-2026 19:58:36 RAM 3863/7620MB (lfb 163x1MB) SWAP 1691/12002MB (cached 50MB) CPU [0%@1728,0%@1728,0%@1728,0%@1728,100%@1728,0%@1728] GR3D_FREQ 29% cpu@60.875C soc2@59.5C soc0@60.343C gpu@61.093C tj@61.5C soc1@61.5C VDD_IN 10608mW/10589mW VDD_CPU_GPU_CV 4001mW/3995mW VDD_SOC 2862mW/2862mW
08-04-2026 19:58:36 RAM 3863/7620MB (lfb 163x1MB) SWAP 1691/12002MB (cached 50MB) CPU [0%@1728,0%@1728,0%@1728,0%@1728,100%@1728,0%@1728] GR3D_FREQ 30% cpu@60.812C soc2@59.562C soc0@60.437C gpu@61.031C tj@61.625C soc1@61.625C VDD_IN 10608mW/10589mW VDD_CPU_GPU_CV 4001mW/3995mW VDD_SOC 2862mW/2862mW
08-04-2026 19:58:37 RAM 3865/7620MB (lfb 163x1MB) SWAP 1691/12002MB (cached 50MB) CPU [10%@1728,9%@1728,9%@1728,27%@1728,100%@1728,0%@1728] GR3D_FREQ 31% cpu@60.968C soc2@59.406C soc0@60.187C gpu@61.406C tj@61.406C soc1@61.375C VDD_IN 10690mW/10589mW VDD_CPU_GPU_CV 4036mW/3995mW VDD_SOC 2862mW/2862mW
08-04-2026 19:58:37 RAM 3864/7620MB (lfb 163x1MB) SWAP 1691/12002MB (cached 50MB) CPU [0%@1728,0%@1728,0%@1728,0%@1728,100%@1728,0%@1728] GR3D_FREQ 29% cpu@60.781C soc2@59.5C soc0@60.25C gpu@61.218C tj@61.5C soc1@61.5C VDD_IN 10649mW/10589mW VDD_CPU_GPU_CV 4036mW/3995mW VDD_SOC 2862mW/2862mW
08-04-2026 19:58:37 RAM 3864/7620MB (lfb 163x1MB) SWAP 1691/12002MB (cached 50MB) CPU [0%@1728,0%@1728,0%@1728,0%@1728,100%@1728,0%@1728] GR3D_FREQ 30% cpu@60.812C soc2@59.531C soc0@60.281C gpu@61.031C tj@61.468C soc1@61.468C VDD_IN 10649mW/10590mW VDD_CPU_GPU_CV 3995mW/3995mW VDD_SOC 2862mW/2862mW
08-04-2026 19:58:37 RAM 3864/7620MB (lfb 163x1MB) SWAP 1691/12002MB (cached 50MB) CPU [0%@1728,0%@1728,0%@1728,0%@1728,100%@1728,8%@1728] GR3D_FREQ 31% cpu@60.812C soc2@59.562C soc0@60.343C gpu@61.312C tj@61.625C soc1@61.625C VDD_IN 10649mW/10590mW VDD_CPU_GPU_CV 3995mW/3995mW VDD_SOC 2862mW/2862mW
08-04-2026 19:58:37 RAM 3864/7620MB (lfb 163x1MB) SWAP 1691/12002MB (cached 50MB) CPU [8%@1728,0%@1728,0%@1728,0%@1728,100%@1728,0%@1728] GR3D_FREQ 29% cpu@60.875C soc2@59.562C soc0@60.406C gpu@61.187C tj@61.468C soc1@61.468C VDD_IN 10608mW/10590mW VDD_CPU_GPU_CV 4001mW/3995mW VDD_SOC 2862mW/2862mW
08-04-2026 19:58:37 RAM 3864/7620MB (lfb 163x1MB) SWAP 1691/12002MB (cached 50MB) CPU [0%@1728,0%@1728,0%@1728,0%@1728,100%@1728,0%@1728] GR3D_FREQ 30% cpu@60.843C soc2@59.5C soc0@60.218C gpu@60.875C tj@61.406C soc1@61.406C VDD_IN 10608mW/10590mW VDD_CPU_GPU_CV 4001mW/3995mW VDD_SOC 2862mW/2862mW
08-04-2026 19:58:37 RAM 3864/7620MB (lfb 163x1MB) SWAP 1691/12002MB (cached 50MB) CPU [0%@1728,9%@1728,0%@1728,0%@1728,100%@1728,0%@1728] GR3D_FREQ 30% cpu@60.875C soc2@59.437C soc0@60.25C gpu@61.375C tj@61.5C soc1@61.5C VDD_IN 10608mW/10590mW VDD_CPU_GPU_CV 4001mW/3995mW VDD_SOC 2862mW/2862mW
08-04-2026 19:58:37 RAM 3864/7620MB (lfb 163x1MB) SWAP 1691/12002MB (cached 50MB) CPU [0%@1728,9%@1728,0%@1728,0%@1728,100%@1728,0%@1728] GR3D_FREQ 30% cpu@60.875C soc2@59.593C soc0@60.375C gpu@61.156C tj@61.562C soc1@61.562C VDD_IN 10608mW/10590mW VDD_CPU_GPU_CV 4001mW/3995mW VDD_SOC 2862mW/2862mW
08-04-2026 19:58:37 RAM 3864/7620MB (lfb 163x1MB) SWAP 1691/12002MB (cached 50MB) CPU [0%@1728,0%@1728,0%@1728,0%@1728,100%@1728,0%@1728] GR3D_FREQ 30% cpu@60.906C soc2@59.531C soc0@60.468C gpu@60.875C tj@61.625C soc1@61.625C VDD_IN 10608mW/10590mW VDD_CPU_GPU_CV 3995mW/3995mW VDD_SOC 2862mW/2862mW
08-04-2026 19:58:37 RAM 3864/7620MB (lfb 163x1MB) SWAP 1691/12002MB (cached 50MB) CPU [8%@1728,0%@1728,0%@1728,0%@1728,100%@1728,0%@1728] GR3D_FREQ 30% cpu@60.937C soc2@59.562C soc0@60.531C gpu@61.375C tj@61.406C soc1@61.406C VDD_IN 10608mW/10590mW VDD_CPU_GPU_CV 4001mW/3995mW VDD_SOC 2862mW/2862mW
08-04-2026 19:58:38 RAM 3864/7620MB (lfb 163x1MB) SWAP 1691/12002MB (cached 50MB) CPU [0%@1728,0%@1728,0%@1728,0%@1728,100%@1728,0%@1728] GR3D_FREQ 30% cpu@60.843C soc2@59.437C soc0@60.218C gpu@61.125C tj@61.5C soc1@61.437C VDD_IN 10608mW/10590mW VDD_CPU_GPU_CV 3995mW/3995mW VDD_SOC 2862mW/2862mW
08-04-2026 19:58:38 RAM 3864/7620MB (lfb 163x1MB) SWAP 1691/12002MB (cached 50MB) CPU [0%@1728,0%@1728,0%@1728,0%@1728,100%@1728,0%@1728] GR3D_FREQ 30% cpu@60.875C soc2@59.562C soc0@60.343C gpu@60.875C tj@61.531C soc1@61.531C VDD_IN 10608mW/10590mW VDD_CPU_GPU_CV 3995mW/3995mW VDD_SOC 2862mW/2862mW
08-04-2026 19:58:38 RAM 3864/7620MB (lfb 163x1MB) SWAP 1691/12002MB (cached 50MB) CPU [0%@1728,0%@1728,0%@1728,0%@1728,100%@1728,0%@1728] GR3D_FREQ 30% cpu@60.875C soc2@59.468C soc0@60.343C gpu@61.187C tj@61.656C soc1@61.656C VDD_IN 10608mW/10590mW VDD_CPU_GPU_CV 4001mW/3995mW VDD_SOC 2862mW/2862mW
08-04-2026 19:58:38 RAM 3864/7620MB (lfb 163x1MB) SWAP 1691/12002MB (cached 50MB) CPU [0%@1728,0%@1728,0%@1728,0%@1728,100%@1728,0%@1728] GR3D_FREQ 29% cpu@60.875C soc2@59.531C soc0@60.468C gpu@60.875C tj@61.687C soc1@61.687C VDD_IN 10608mW/10590mW VDD_CPU_GPU_CV 4001mW/3995mW VDD_SOC 2862mW/2862mW
08-04-2026 19:58:38 RAM 3864/7620MB (lfb 163x1MB) SWAP 1691/12002MB (cached 50MB) CPU [0%@1728,0%@1728,0%@1728,0%@1728,100%@1728,0%@1728] GR3D_FREQ 31% cpu@61.031C soc2@59.406C soc0@60.187C gpu@60.812C tj@61.343C soc1@61.343C VDD_IN 10608mW/10590mW VDD_CPU_GPU_CV 3995mW/3995mW VDD_SOC 2862mW/2862mW
08-04-2026 19:58:38 RAM 3864/7620MB (lfb 163x1MB) SWAP 1691/12002MB (cached 50MB) CPU [0%@1728,0%@1728,0%@1728,0%@1728,100%@1728,9%@1728] GR3D_FREQ 30% cpu@60.812C soc2@59.625C soc0@60.25C gpu@61.187C tj@61.531C soc1@61.531C VDD_IN 10567mW/10590mW VDD_CPU_GPU_CV 4001mW/3995mW VDD_SOC 2862mW/2862mW
08-04-2026 19:58:38 RAM 3856/7620MB (lfb 160x1MB) SWAP 1691/12002MB (cached 50MB) CPU [0%@1728,9%@1728,0%@1728,0%@1728,100%@1728,0%@1728] GR3D_FREQ 30% cpu@60.875C soc2@59.468C soc0@60.343C gpu@60.843C tj@61.531C soc1@61.531C VDD_IN 10608mW/10590mW VDD_CPU_GPU_CV 3995mW/3995mW VDD_SOC 2862mW/2862mW
08-04-2026 19:58:38 RAM 3856/7620MB (lfb 160x1MB) SWAP 1691/12002MB (cached 50MB) CPU [0%@1728,0%@1728,0%@1728,0%@1728,100%@1728,0%@1728] GR3D_FREQ 31% cpu@60.875C soc2@59.593C soc0@60.437C gpu@61.406C tj@61.625C soc1@61.625C VDD_IN 10608mW/10590mW VDD_CPU_GPU_CV 3995mW/3995mW VDD_SOC 2862mW/2862mW
08-04-2026 19:58:38 RAM 3856/7620MB (lfb 160x1MB) SWAP 1691/12002MB (cached 50MB) CPU [0%@1728,0%@1728,0%@1728,0%@1728,100%@1728,0%@1728] GR3D_FREQ 29% cpu@60.937C soc2@59.562C soc0@60.218C gpu@60.906C tj@61.437C soc1@61.437C VDD_IN 10608mW/10590mW VDD_CPU_GPU_CV 3995mW/3995mW VDD_SOC 2862mW/2862mW
08-04-2026 19:58:39 RAM 3856/7620MB (lfb 160x1MB) SWAP 1691/12002MB (cached 50MB) CPU [0%@1728,0%@1728,0%@1728,0%@1728,100%@1728,0%@1728] GR3D_FREQ 30% cpu@60.937C soc2@59.437C soc0@60.187C gpu@60.875C tj@61.468C soc1@61.468C VDD_IN 10608mW/10590mW VDD_CPU_GPU_CV 4001mW/3995mW VDD_SOC 2862mW/2862mW
08-04-2026 19:58:39 RAM 3856/7620MB (lfb 160x1MB) SWAP 1691/12002MB (cached 50MB) CPU [0%@1728,0%@1728,0%@1728,0%@1728,100%@1728,0%@1728] GR3D_FREQ 30% cpu@60.875C soc2@59.468C soc0@60.25C gpu@61.343C tj@61.468C soc1@61.468C VDD_IN 10608mW/10590mW VDD_CPU_GPU_CV 4001mW/3995mW VDD_SOC 2862mW/2862mW
08-04-2026 19:58:39 RAM 3856/7620MB (lfb 160x1MB) SWAP 1691/12002MB (cached 50MB) CPU [0%@1728,0%@1728,0%@1728,0%@1728,100%@1728,0%@1728] GR3D_FREQ 30% cpu@60.875C soc2@59.625C soc0@60.312C gpu@60.906C tj@61.5C soc1@61.5C VDD_IN 10608mW/10590mW VDD_CPU_GPU_CV 3995mW/3995mW VDD_SOC 2862mW/2862mW
08-04-2026 19:58:39 RAM 3855/7620MB (lfb 160x1MB) SWAP 1691/12002MB (cached 50MB) CPU [0%@1728,0%@1728,0%@1728,0%@1728,100%@1728,0%@1728] GR3D_FREQ 31% cpu@60.906C soc2@59.562C soc0@60.375C gpu@60.875C tj@61.718C soc1@61.718C VDD_IN 10608mW/10590mW VDD_CPU_GPU_CV 3995mW/3995mW VDD_SOC 2862mW/2862mW
08-04-2026 19:58:39 RAM 3855/7620MB (lfb 160x1MB) SWAP 1691/12002MB (cached 50MB) CPU [0%@1728,0%@1728,0%@1728,9%@1728,100%@1728,0%@1728] GR3D_FREQ 29% cpu@61C soc2@59.375C soc0@60.312C gpu@60.906C tj@61.437C soc1@61.437C VDD_IN 10608mW/10590mW VDD_CPU_GPU_CV 3995mW/3995mW VDD_SOC 2862mW/2862mW
08-04-2026 19:58:39 RAM 3855/7620MB (lfb 160x1MB) SWAP 1691/12002MB (cached 50MB) CPU [0%@1728,0%@1728,0%@1728,0%@1728,100%@1728,0%@1728] GR3D_FREQ 29% cpu@61C soc2@59.437C soc0@60.187C gpu@60.906C tj@61.5C soc1@61.5C VDD_IN 10608mW/10590mW VDD_CPU_GPU_CV 3995mW/3995mW VDD_SOC 2862mW/2862mW
08-04-2026 19:58:39 RAM 3855/7620MB (lfb 160x1MB) SWAP 1691/12002MB (cached 50MB) CPU [0%@1728,0%@1728,9%@1728,0%@1728,100%@1728,0%@1728] GR3D_FREQ 31% cpu@60.75C soc2@59.468C soc0@60.25C gpu@60.812C tj@61.5C soc1@61.5C VDD_IN 10608mW/10591mW VDD_CPU_GPU_CV 3995mW/3995mW VDD_SOC 2862mW/2862mW
08-04-2026 19:58:39 RAM 3856/7620MB (lfb 160x1MB) SWAP 1691/12002MB (cached 50MB) CPU [0%@1728,0%@1728,0%@1728,8%@1728,100%@1728,0%@1728] GR3D_FREQ 30% cpu@60.968C soc2@59.562C soc0@60.281C gpu@61.031C tj@61.562C soc1@61.562C VDD_IN 10567mW/10590mW VDD_CPU_GPU_CV 3995mW/3995mW VDD_SOC 2862mW/2862mW
08-04-2026 19:58:39 RAM 3856/7620MB (lfb 160x1MB) SWAP 1691/12002MB (cached 50MB) CPU [0%@1728,0%@1728,0%@1728,0%@1728,100%@1728,0%@1728] GR3D_FREQ 29% cpu@60.937C soc2@59.562C soc0@60.406C gpu@60.875C tj@61.375C soc1@61.375C VDD_IN 10567mW/10590mW VDD_CPU_GPU_CV 3995mW/3995mW VDD_SOC 2862mW/2862mW
08-04-2026 19:58:39 RAM 3856/7620MB (lfb 160x1MB) SWAP 1691/12002MB (cached 50MB) CPU [0%@1728,0%@1728,0%@1728,0%@1728,100%@1728,0%@1728] GR3D_FREQ 30% cpu@61.062C soc2@59.437C soc0@60.312C gpu@61.031C tj@61.375C soc1@61.375C VDD_IN 10567mW/10590mW VDD_CPU_GPU_CV 3995mW/3995mW VDD_SOC 2862mW/2862mW
08-04-2026 19:58:40 RAM 3856/7620MB (lfb 160x1MB) SWAP 1691/12002MB (cached 50MB) CPU [0%@1728,0%@1728,0%@1728,0%@1728,100%@1728,0%@1728] GR3D_FREQ 30% cpu@61C soc2@59.5C soc0@60.25C gpu@61.031C tj@61.437C soc1@61.437C VDD_IN 10567mW/10590mW VDD_CPU_GPU_CV 4001mW/3995mW VDD_SOC 2862mW/2862mW
08-04-2026 19:58:40 RAM 3856/7620MB (lfb 160x1MB) SWAP 1691/12002MB (cached 50MB) CPU [0%@1728,0%@1728,0%@1728,0%@1728,100%@1728,0%@1728] GR3D_FREQ 31% cpu@60.875C soc2@59.468C soc0@60.218C gpu@60.875C tj@61.468C soc1@61.468C VDD_IN 10567mW/10590mW VDD_CPU_GPU_CV 4001mW/3995mW VDD_SOC 2862mW/2862mW
08-04-2026 19:58:40 RAM 3862/7620MB (lfb 160x1MB) SWAP 1691/12002MB (cached 50MB) CPU [9%@1728,9%@1728,20%@1728,10%@1728,100%@1728,0%@1728] GR3D_FREQ 30% cpu@60.906C soc2@59.625C soc0@60.375C gpu@61C tj@61.593C soc1@61.593C VDD_IN 10649mW/10590mW VDD_CPU_GPU_CV 4036mW/3995mW VDD_SOC 2862mW/2862mW
08-04-2026 19:58:40 RAM 3862/7620MB (lfb 160x1MB) SWAP 1691/12002MB (cached 50MB) CPU [9%@1728,0%@1728,0%@1728,0%@1728,100%@1728,0%@1728] GR3D_FREQ 31% cpu@60.968C soc2@59.656C soc0@60.187C gpu@60.968C tj@61.406C soc1@61.406C VDD_IN 10649mW/10591mW VDD_CPU_GPU_CV 4042mW/3995mW VDD_SOC 2862mW/2862mW
08-04-2026 19:58:40 RAM 3862/7620MB (lfb 160x1MB) SWAP 1691/12002MB (cached 50MB) CPU [0%@1728,0%@1728,0%@1728,0%@1728,100%@1728,0%@1728] GR3D_FREQ 30% cpu@61.125C soc2@59.5C soc0@60.25C gpu@60.875C tj@61.406C soc1@61.406C VDD_IN 10649mW/10591mW VDD_CPU_GPU_CV 4001mW/3995mW VDD_SOC 2862mW/2862mW
08-04-2026 19:58:40 RAM 3862/7620MB (lfb 160x1MB) SWAP 1691/12002MB (cached 50MB) CPU [0%@1728,0%@1728,0%@1728,0%@1728,100%@1728,0%@1728] GR3D_FREQ 30% cpu@60.875C soc2@59.5C soc0@60.187C gpu@60.937C tj@61.531C soc1@61.531C VDD_IN 10608mW/10591mW VDD_CPU_GPU_CV 4001mW/3995mW VDD_SOC 2862mW/2862mW
08-04-2026 19:58:40 RAM 3862/7620MB (lfb 160x1MB) SWAP 1691/12002MB (cached 50MB) CPU [0%@1728,0%@1728,0%@1728,0%@1728,100%@1728,0%@1728] GR3D_FREQ 30% cpu@60.906C soc2@59.562C soc0@60.218C gpu@60.968C tj@61.562C soc1@61.562C VDD_IN 10608mW/10591mW VDD_CPU_GPU_CV 4001mW/3995mW VDD_SOC 2862mW/2862mW
08-04-2026 19:58:40 RAM 3862/7620MB (lfb 160x1MB) SWAP 1691/12002MB (cached 50MB) CPU [9%@1728,0%@1728,0%@1728,0%@1728,100%@1728,0%@1728] GR3D_FREQ 30% cpu@60.906C soc2@59.593C soc0@60.468C gpu@61.218C tj@61.656C soc1@61.375C VDD_IN 10608mW/10591mW VDD_CPU_GPU_CV 4001mW/3995mW VDD_SOC 2862mW/2862mW
08-04-2026 19:58:40 RAM 3862/7620MB (lfb 160x1MB) SWAP 1691/12002MB (cached 50MB) CPU [0%@1728,0%@1728,0%@1728,0%@1728,100%@1728,0%@1728] GR3D_FREQ 30% cpu@61C soc2@59.468C soc0@60.187C gpu@61.031C tj@61.5C soc1@61.5C VDD_IN 10608mW/10591mW VDD_CPU_GPU_CV 4001mW/3995mW VDD_SOC 2862mW/2862mW
08-04-2026 19:58:40 RAM 3862/7620MB (lfb 160x1MB) SWAP 1691/12002MB (cached 50MB) CPU [0%@1728,0%@1728,0%@1728,9%@1728,100%@1728,0%@1728] GR3D_FREQ 30% cpu@61.125C soc2@59.531C soc0@60.25C gpu@60.937C tj@61.468C soc1@61.468C VDD_IN 10608mW/10591mW VDD_CPU_GPU_CV 4001mW/3995mW VDD_SOC 2862mW/2862mW
08-04-2026 19:58:41 RAM 3862/7620MB (lfb 160x1MB) SWAP 1691/12002MB (cached 50MB) CPU [0%@1728,0%@1728,0%@1728,0%@1728,100%@1728,0%@1728] GR3D_FREQ 29% cpu@60.875C soc2@59.531C soc0@60.312C gpu@61C tj@61.468C soc1@61.468C VDD_IN 10608mW/10591mW VDD_CPU_GPU_CV 4001mW/3995mW VDD_SOC 2862mW/2862mW
08-04-2026 19:58:41 RAM 3862/7620MB (lfb 160x1MB) SWAP 1691/12002MB (cached 50MB) CPU [0%@1728,0%@1728,0%@1728,0%@1728,100%@1728,0%@1728] GR3D_FREQ 31% cpu@60.875C soc2@59.562C soc0@60.375C gpu@60.968C tj@61.656C soc1@61.656C VDD_IN 10567mW/10591mW VDD_CPU_GPU_CV 4001mW/3996mW VDD_SOC 2862mW/2862mW
08-04-2026 19:58:41 RAM 3862/7620MB (lfb 160x1MB) SWAP 1691/12002MB (cached 50MB) CPU [0%@1728,0%@1728,9%@1728,0%@1728,100%@1728,0%@1728] GR3D_FREQ 30% cpu@60.937C soc2@59.531C soc0@60.468C gpu@61.156C tj@61.406C soc1@61.406C VDD_IN 10567mW/10591mW VDD_CPU_GPU_CV 4001mW/3996mW VDD_SOC 2862mW/2862mW
08-04-2026 19:58:41 RAM 3862/7620MB (lfb 160x1MB) SWAP 1691/12002MB (cached 50MB) CPU [0%@1728,0%@1728,0%@1728,0%@1728,100%@1728,0%@1728] GR3D_FREQ 29% cpu@61.031C soc2@59.468C soc0@60.187C gpu@60.937C tj@61.406C soc1@61.406C VDD_IN 10567mW/10591mW VDD_CPU_GPU_CV 4001mW/3996mW VDD_SOC 2862mW/2862mW
08-04-2026 19:58:41 RAM 3862/7620MB (lfb 160x1MB) SWAP 1691/12002MB (cached 50MB) CPU [0%@1728,0%@1728,0%@1728,0%@1728,100%@1728,0%@1728] GR3D_FREQ 31% cpu@60.75C soc2@59.5C soc0@60.281C gpu@61C tj@61.437C soc1@61.437C VDD_IN 10608mW/10591mW VDD_CPU_GPU_CV 4001mW/3996mW VDD_SOC 2862mW/2862mW
08-04-2026 19:58:41 RAM 3862/7620MB (lfb 160x1MB) SWAP 1691/12002MB (cached 50MB) CPU [0%@1728,0%@1728,9%@1728,0%@1728,100%@1728,0%@1728] GR3D_FREQ 29% cpu@60.812C soc2@59.531C soc0@60.25C gpu@61.156C tj@61.593C soc1@61.593C VDD_IN 10608mW/10591mW VDD_CPU_GPU_CV 4001mW/3996mW VDD_SOC 2862mW/2862mW
08-04-2026 19:58:41 RAM 3862/7620MB (lfb 160x1MB) SWAP 1691/12002MB (cached 50MB) CPU [0%@1728,9%@1728,0%@1728,0%@1728,100%@1728,0%@1728] GR3D_FREQ 30% cpu@61C soc2@59.593C soc0@60.468C gpu@61C tj@61.687C soc1@61.687C VDD_IN 10608mW/10591mW VDD_CPU_GPU_CV 4001mW/3996mW VDD_SOC 2862mW/2862mW
08-04-2026 19:58:41 RAM 3862/7620MB (lfb 160x1MB) SWAP 1691/12002MB (cached 50MB) CPU [0%@1728,0%@1728,0%@1728,0%@1728,100%@1728,0%@1728] GR3D_FREQ 30% cpu@61.031C soc2@59.437C soc0@60.187C gpu@60.968C tj@61.343C soc1@61.343C VDD_IN 10608mW/10591mW VDD_CPU_GPU_CV 3995mW/3996mW VDD_SOC 2862mW/2862mW
08-04-2026 19:58:41 RAM 3862/7620MB (lfb 160x1MB) SWAP 1691/12002MB (cached 50MB) CPU [0%@1728,0%@1728,0%@1728,0%@1728,100%@1728,0%@1728] GR3D_FREQ 30% cpu@61.156C soc2@59.5C soc0@60.218C gpu@61.062C tj@61.375C soc1@61.375C VDD_IN 10608mW/10591mW VDD_CPU_GPU_CV 4001mW/3996mW VDD_SOC 2862mW/2862mW
08-04-2026 19:58:42 RAM 3862/7620MB (lfb 160x1MB) SWAP 1691/12002MB (cached 50MB) CPU [0%@1728,0%@1728,0%@1728,9%@1728,100%@1728,0%@1728] GR3D_FREQ 30% cpu@60.875C soc2@59.531C soc0@60.281C gpu@61.031C tj@61.625C soc1@61.625C VDD_IN 10608mW/10591mW VDD_CPU_GPU_CV 4001mW/3996mW VDD_SOC 2862mW/2862mW
08-04-2026 19:58:42 RAM 3862/7620MB (lfb 160x1MB) SWAP 1691/12002MB (cached 50MB) CPU [0%@1728,0%@1728,0%@1728,0%@1728,100%@1728,0%@1728] GR3D_FREQ 30% cpu@60.906C soc2@59.562C soc0@60.406C gpu@61.25C tj@61.687C soc1@61.687C VDD_IN 10608mW/10591mW VDD_CPU_GPU_CV 4001mW/3996mW VDD_SOC 2862mW/2862mW
08-04-2026 19:58:42 RAM 3862/7620MB (lfb 160x1MB) SWAP 1691/12002MB (cached 50MB) CPU [0%@1728,0%@1728,0%@1728,0%@1728,100%@1728,0%@1728] GR3D_FREQ 30% cpu@61.093C soc2@59.625C soc0@60.531C gpu@61.093C tj@61.781C soc1@61.781C VDD_IN 10608mW/10591mW VDD_CPU_GPU_CV 4001mW/3996mW VDD_SOC 2862mW/2862mW
08-04-2026 19:58:42 RAM 3862/7620MB (lfb 160x1MB) SWAP 1691/12002MB (cached 50MB) CPU [0%@1728,0%@1728,0%@1728,0%@1728,100%@1728,0%@1728] GR3D_FREQ 30% cpu@61.125C soc2@59.5C soc0@60.25C gpu@60.937C tj@61.468C soc1@61.468C VDD_IN 10608mW/10591mW VDD_CPU_GPU_CV 4001mW/3996mW VDD_SOC 2862mW/2862mW
08-04-2026 19:58:42 RAM 3862/7620MB (lfb 160x1MB) SWAP 1691/12002MB (cached 50MB) CPU [0%@1728,0%@1728,0%@1728,0%@1728,100%@1728,0%@1728] GR3D_FREQ 30% cpu@60.75C soc2@59.468C soc0@60.187C gpu@61.25C tj@61.593C soc1@61.593C VDD_IN 10608mW/10591mW VDD_CPU_GPU_CV 4001mW/3996mW VDD_SOC 2862mW/2862mW
08-04-2026 19:58:42 RAM 3862/7620MB (lfb 160x1MB) SWAP 1691/12002MB (cached 50MB) CPU [0%@1728,0%@1728,9%@1728,0%@1728,100%@1728,0%@1728] GR3D_FREQ 30% cpu@60.937C soc2@59.5C soc0@60.312C gpu@61.062C tj@61.5C soc1@61.5C VDD_IN 10608mW/10591mW VDD_CPU_GPU_CV 4001mW/3996mW VDD_SOC 2862mW/2862mW
08-04-2026 19:58:42 RAM 3862/7620MB (lfb 160x1MB) SWAP 1691/12002MB (cached 50MB) CPU [0%@1728,0%@1728,0%@1728,0%@1728,100%@1728,0%@1728] GR3D_FREQ 29% cpu@60.968C soc2@59.5C soc0@60.343C gpu@61.375C tj@61.781C soc1@61.781C VDD_IN 10608mW/10591mW VDD_CPU_GPU_CV 3995mW/3996mW VDD_SOC 2862mW/2862mW
08-04-2026 19:58:42 RAM 3862/7620MB (lfb 160x1MB) SWAP 1691/12002MB (cached 50MB) CPU [0%@1728,0%@1728,0%@1728,0%@1728,100%@1728,0%@1728] GR3D_FREQ 30% cpu@61.062C soc2@59.687C soc0@60.218C gpu@61.187C tj@61.406C soc1@61.406C VDD_IN 10608mW/10591mW VDD_CPU_GPU_CV 4001mW/3996mW VDD_SOC 2862mW/2862mW
08-04-2026 19:58:42 RAM 3862/7620MB (lfb 160x1MB) SWAP 1691/12002MB (cached 50MB) CPU [0%@1728,9%@1728,0%@1728,0%@1728,100%@1728,0%@1728] GR3D_FREQ 31% cpu@61.281C soc2@59.437C soc0@60.218C gpu@61.031C tj@61.406C soc1@61.406C VDD_IN 10567mW/10591mW VDD_CPU_GPU_CV 4001mW/3996mW VDD_SOC 2862mW/2862mW
08-04-2026 19:58:42 RAM 3862/7620MB (lfb 160x1MB) SWAP 1691/12002MB (cached 50MB) CPU [0%@1728,0%@1728,0%@1728,0%@1728,100%@1728,0%@1728] GR3D_FREQ 29% cpu@60.75C soc2@59.5C soc0@60.25C gpu@61.343C tj@61.562C soc1@61.562C VDD_IN 10608mW/10591mW VDD_CPU_GPU_CV 4001mW/3996mW VDD_SOC 2862mW/2862mW
08-04-2026 19:58:43 RAM 3862/7620MB (lfb 160x1MB) SWAP 1691/12002MB (cached 50MB) CPU [0%@1728,0%@1728,0%@1728,0%@1728,100%@1728,0%@1728] GR3D_FREQ 31% cpu@60.937C soc2@59.562C soc0@60.218C gpu@61.218C tj@61.562C soc1@61.562C VDD_IN 10608mW/10591mW VDD_CPU_GPU_CV 4001mW/3996mW VDD_SOC 2862mW/2862mW
08-04-2026 19:58:43 RAM 3862/7620MB (lfb 160x1MB) SWAP 1691/12002MB (cached 50MB) CPU [0%@1728,0%@1728,0%@1728,0%@1728,100%@1728,0%@1728] GR3D_FREQ 30% cpu@61.062C soc2@59.531C soc0@60.406C gpu@61.062C tj@61.437C soc1@61.437C VDD_IN 10608mW/10591mW VDD_CPU_GPU_CV 4001mW/3996mW VDD_SOC 2862mW/2862mW
08-04-2026 19:58:43 RAM 3862/7620MB (lfb 160x1MB) SWAP 1691/12002MB (cached 50MB) CPU [0%@1728,0%@1728,0%@1728,0%@1728,100%@1728,0%@1728] GR3D_FREQ 30% cpu@61.156C soc2@59.468C soc0@60.187C gpu@61.406C tj@61.406C soc1@61.437C VDD_IN 10608mW/10591mW VDD_CPU_GPU_CV 4001mW/3996mW VDD_SOC 2862mW/2862mW
08-04-2026 19:58:43 RAM 3862/7620MB (lfb 160x1MB) SWAP 1691/12002MB (cached 50MB) CPU [0%@1728,0%@1728,0%@1728,0%@1728,100%@1728,0%@1728] GR3D_FREQ 30% cpu@60.781C soc2@59.468C soc0@60.281C gpu@61.062C tj@61.468C soc1@61.468C VDD_IN 10608mW/10591mW VDD_CPU_GPU_CV 4001mW/3996mW VDD_SOC 2862mW/2862mW
08-04-2026 19:58:43 RAM 3867/7620MB (lfb 160x1MB) SWAP 1691/12002MB (cached 50MB) CPU [16%@1728,10%@1728,0%@1728,27%@1728,100%@1728,0%@1728] GR3D_FREQ 30% cpu@60.937C soc2@59.531C soc0@60.281C gpu@60.843C tj@61.5C soc1@61.5C VDD_IN 10690mW/10592mW VDD_CPU_GPU_CV 4036mW/3996mW VDD_SOC 2862mW/2862mW
08-04-2026 19:58:43 RAM 3867/7620MB (lfb 160x1MB) SWAP 1691/12002MB (cached 50MB) CPU [0%@1728,0%@1728,0%@1728,0%@1728,100%@1728,0%@1728] GR3D_FREQ 31% cpu@60.937C soc2@59.625C soc0@60.375C gpu@61.343C tj@61.656C soc1@61.656C VDD_IN 10649mW/10592mW VDD_CPU_GPU_CV 4036mW/3996mW VDD_SOC 2862mW/2862mW
08-04-2026 19:58:43 RAM 3867/7620MB (lfb 160x1MB) SWAP 1691/12002MB (cached 50MB) CPU [0%@1728,0%@1728,0%@1728,0%@1728,100%@1728,0%@1728] GR3D_FREQ 30% cpu@61.031C soc2@59.593C soc0@60.218C gpu@61.062C tj@61.468C soc1@61.468C VDD_IN 10649mW/10592mW VDD_CPU_GPU_CV 4001mW/3996mW VDD_SOC 2862mW/2862mW
08-04-2026 19:58:43 RAM 3867/7620MB (lfb 160x1MB) SWAP 1691/12002MB (cached 50MB) CPU [0%@1728,0%@1728,0%@1728,0%@1728,100%@1728,0%@1728] GR3D_FREQ 29% cpu@60.812C soc2@59.437C soc0@60.218C gpu@60.875C tj@61.468C soc1@61.468C VDD_IN 10608mW/10592mW VDD_CPU_GPU_CV 4001mW/3996mW VDD_SOC 2862mW/2862mW
08-04-2026 19:58:43 RAM 3867/7620MB (lfb 160x1MB) SWAP 1691/12002MB (cached 50MB) CPU [0%@1728,0%@1728,0%@1728,0%@1728,100%@1728,0%@1728] GR3D_FREQ 31% cpu@60.75C soc2@59.5C soc0@60.25C gpu@61.281C tj@61.531C soc1@61.531C VDD_IN 10608mW/10592mW VDD_CPU_GPU_CV 4001mW/3996mW VDD_SOC 2862mW/2862mW
08-04-2026 19:58:44 RAM 3867/7620MB (lfb 160x1MB) SWAP 1691/12002MB (cached 50MB) CPU [0%@1728,0%@1728,0%@1728,0%@1728,100%@1728,0%@1728] GR3D_FREQ 31% cpu@60.781C soc2@59.593C soc0@60.312C gpu@60.906C tj@61.531C soc1@61.531C VDD_IN 10608mW/10592mW VDD_CPU_GPU_CV 4001mW/3996mW VDD_SOC 2862mW/2862mW
08-04-2026 19:58:44 RAM 3867/7620MB (lfb 160x1MB) SWAP 1691/12002MB (cached 50MB) CPU [0%@1728,0%@1728,0%@1728,0%@1728,100%@1728,0%@1728] GR3D_FREQ 29% cpu@60.968C soc2@59.468C soc0@60.375C gpu@60.812C tj@61.687C soc1@61.406C VDD_IN 10608mW/10592mW VDD_CPU_GPU_CV 4001mW/3996mW VDD_SOC 2862mW/2862mW
08-04-2026 19:58:44 RAM 3867/7620MB (lfb 160x1MB) SWAP 1691/12002MB (cached 50MB) CPU [9%@1728,0%@1728,8%@1728,0%@1728,100%@1728,0%@1728] GR3D_FREQ 31% cpu@61.156C soc2@59.437C soc0@60.25C gpu@61.187C tj@61.375C soc1@61.375C VDD_IN 10608mW/10592mW VDD_CPU_GPU_CV 4001mW/3996mW VDD_SOC 2862mW/2862mW
08-04-2026 19:58:44 RAM 3867/7620MB (lfb 160x1MB) SWAP 1691/12002MB (cached 50MB) CPU [0%@1728,0%@1728,0%@1728,0%@1728,100%@1728,0%@1728] GR3D_FREQ 30% cpu@60.968C soc2@59.437C soc0@60.25C gpu@60.906C tj@61.406C soc1@61.406C VDD_IN 10608mW/10592mW VDD_CPU_GPU_CV 4001mW/3996mW VDD_SOC 2862mW/2862mW
08-04-2026 19:58:44 RAM 3867/7620MB (lfb 160x1MB) SWAP 1691/12002MB (cached 50MB) CPU [0%@1728,9%@1728,8%@1728,8%@1728,100%@1728,0%@1728] GR3D_FREQ 30% cpu@60.781C soc2@59.437C soc0@60.281C gpu@61.406C tj@61.5C soc1@61.5C VDD_IN 10608mW/10592mW VDD_CPU_GPU_CV 4001mW/3996mW VDD_SOC 2862mW/2862mW
08-04-2026 19:58:44 RAM 3867/7620MB (lfb 160x1MB) SWAP 1691/12002MB (cached 50MB) CPU [0%@1728,0%@1728,0%@1728,0%@1728,100%@1728,0%@1728] GR3D_FREQ 30% cpu@60.781C soc2@59.468C soc0@60.343C gpu@60.875C tj@61.531C soc1@61.531C VDD_IN 10567mW/10592mW VDD_CPU_GPU_CV 4001mW/3996mW VDD_SOC 2862mW/2862mW
08-04-2026 19:58:44 RAM 3867/7620MB (lfb 160x1MB) SWAP 1691/12002MB (cached 50MB) CPU [0%@1728,0%@1728,0%@1728,0%@1728,100%@1728,9%@1728] GR3D_FREQ 29% cpu@61.093C soc2@59.593C soc0@60.468C gpu@60.906C tj@61.656C soc1@61.406C VDD_IN 10567mW/10592mW VDD_CPU_GPU_CV 4001mW/3996mW VDD_SOC 2862mW/2862mW
08-04-2026 19:58:44 RAM 3867/7620MB (lfb 160x1MB) SWAP 1691/12002MB (cached 50MB) CPU [0%@1728,0%@1728,0%@1728,0%@1728,100%@1728,0%@1728] GR3D_FREQ 30% cpu@60.75C soc2@59.468C soc0@60.218C gpu@61.375C tj@61.375C soc1@61.343C VDD_IN 10567mW/10592mW VDD_CPU_GPU_CV 4001mW/3996mW VDD_SOC 2862mW/2862mW
08-04-2026 19:58:44 RAM 3867/7620MB (lfb 160x1MB) SWAP 1691/12002MB (cached 50MB) CPU [0%@1728,0%@1728,0%@1728,0%@1728,100%@1728,0%@1728] GR3D_FREQ 30% cpu@60.781C soc2@59.468C soc0@60.187C gpu@60.843C tj@61.437C soc1@61.437C VDD_IN 10567mW/10592mW VDD_CPU_GPU_CV 4001mW/3996mW VDD_SOC 2862mW/2862mW
08-04-2026 19:58:44 RAM 3867/7620MB (lfb 160x1MB) SWAP 1691/12002MB (cached 50MB) CPU [0%@1728,0%@1728,0%@1728,0%@1728,100%@1728,0%@1728] GR3D_FREQ 29% cpu@60.875C soc2@59.437C soc0@60.343C gpu@60.906C tj@61.656C soc1@61.656C VDD_IN 10567mW/10592mW VDD_CPU_GPU_CV 4001mW/3996mW VDD_SOC 2862mW/2862mW
08-04-2026 19:58:45 RAM 3867/7620MB (lfb 160x1MB) SWAP 1691/12002MB (cached 50MB) CPU [0%@1728,0%@1728,0%@1728,0%@1728,100%@1728,0%@1728] GR3D_FREQ 31% cpu@60.906C soc2@59.562C soc0@60.406C gpu@61.312C tj@61.656C soc1@61.656C VDD_IN 10567mW/10592mW VDD_CPU_GPU_CV 4001mW/3996mW VDD_SOC 2862mW/2862mW
08-04-2026 19:58:45 RAM 3867/7620MB (lfb 160x1MB) SWAP 1691/12002MB (cached 50MB) CPU [0%@1728,0%@1728,0%@1728,0%@1728,100%@1728,0%@1728] GR3D_FREQ 29% cpu@61.031C soc2@59.687C soc0@60.187C gpu@60.812C tj@61.375C soc1@61.375C VDD_IN 10567mW/10592mW VDD_CPU_GPU_CV 4001mW/3996mW VDD_SOC 2862mW/2862mW
08-04-2026 19:58:45 RAM 3867/7620MB (lfb 160x1MB) SWAP 1691/12002MB (cached 50MB) CPU [0%@1728,0%@1728,0%@1728,0%@1728,100%@1728,0%@1728] GR3D_FREQ 30% cpu@60.812C soc2@59.5C soc0@60.312C gpu@60.875C tj@61.437C soc1@61.437C VDD_IN 10567mW/10592mW VDD_CPU_GPU_CV 4001mW/3996mW VDD_SOC 2862mW/2862mW
08-04-2026 19:58:45 RAM 3867/7620MB (lfb 160x1MB) SWAP 1691/12002MB (cached 50MB) CPU [0%@1728,0%@1728,0%@1728,0%@1728,100%@1728,0%@1728] GR3D_FREQ 29% cpu@60.812C soc2@59.468C soc0@60.218C gpu@60.968C tj@61.437C soc1@61.437C VDD_IN 10567mW/10592mW VDD_CPU_GPU_CV 3995mW/3996mW VDD_SOC 2862mW/2862mW
08-04-2026 19:58:45 RAM 3867/7620MB (lfb 160x1MB) SWAP 1691/12002MB (cached 50MB) CPU [0%@1728,0%@1728,0%@1728,0%@1728,100%@1728,0%@1728] GR3D_FREQ 31% cpu@60.812C soc2@59.593C soc0@60.312C gpu@60.906C tj@61.5C soc1@61.5C VDD_IN 10567mW/10591mW VDD_CPU_GPU_CV 3995mW/3996mW VDD_SOC 2862mW/2862mW
08-04-2026 19:58:45 RAM 3867/7620MB (lfb 160x1MB) SWAP 1691/12002MB (cached 50MB) CPU [0%@1728,0%@1728,0%@1728,0%@1728,100%@1728,0%@1728] GR3D_FREQ 30% cpu@60.906C soc2@59.625C soc0@60.406C gpu@61C tj@61.75C soc1@61.75C VDD_IN 10567mW/10591mW VDD_CPU_GPU_CV 3995mW/3996mW VDD_SOC 2862mW/2862mW
08-04-2026 19:58:45 RAM 3867/7620MB (lfb 160x1MB) SWAP 1691/12002MB (cached 50MB) CPU [0%@1728,0%@1728,0%@1728,0%@1728,100%@1728,0%@1728] GR3D_FREQ 29% cpu@60.781C soc2@59.5C soc0@60.218C gpu@60.906C tj@61.375C soc1@61.375C VDD_IN 10567mW/10591mW VDD_CPU_GPU_CV 3995mW/3996mW VDD_SOC 2862mW/2862mW
08-04-2026 19:58:45 RAM 3867/7620MB (lfb 160x1MB) SWAP 1691/12002MB (cached 50MB) CPU [0%@1728,0%@1728,0%@1728,0%@1728,100%@1728,0%@1728] GR3D_FREQ 31% cpu@60.843C soc2@59.437C soc0@60.343C gpu@60.875C tj@61.562C soc1@61.562C VDD_IN 10567mW/10591mW VDD_CPU_GPU_CV 3995mW/3996mW VDD_SOC 2862mW/2862mW
08-04-2026 19:58:45 RAM 3867/7620MB (lfb 160x1MB) SWAP 1691/12002MB (cached 50MB) CPU [0%@1728,0%@1728,0%@1728,0%@1728,100%@1728,0%@1728] GR3D_FREQ 29% cpu@60.843C soc2@59.562C soc0@60.218C gpu@61C tj@61.5C soc1@61.5C VDD_IN 10567mW/10591mW VDD_CPU_GPU_CV 3995mW/3996mW VDD_SOC 2862mW/2862mW
08-04-2026 19:58:46 RAM 3867/7620MB (lfb 160x1MB) SWAP 1691/12002MB (cached 50MB) CPU [9%@1728,0%@1728,0%@1728,9%@1728,100%@1728,0%@1728] GR3D_FREQ 31% cpu@60.875C soc2@59.593C soc0@60.281C gpu@60.937C tj@61.562C soc1@61.562C VDD_IN 10567mW/10591mW VDD_CPU_GPU_CV 3995mW/3996mW VDD_SOC 2862mW/2862mW
08-04-2026 19:58:46 RAM 3867/7620MB (lfb 160x1MB) SWAP 1691/12002MB (cached 50MB) CPU [0%@1728,0%@1728,0%@1728,9%@1728,100%@1728,0%@1728] GR3D_FREQ 29% cpu@60.843C soc2@59.468C soc0@60.437C gpu@61.187C tj@61.406C soc1@61.406C VDD_IN 10567mW/10591mW VDD_CPU_GPU_CV 4001mW/3996mW VDD_SOC 2862mW/2862mW
08-04-2026 19:58:46 RAM 3867/7620MB (lfb 160x1MB) SWAP 1691/12002MB (cached 50MB) CPU [0%@1728,8%@1728,0%@1728,0%@1728,100%@1728,0%@1728] GR3D_FREQ 31% cpu@60.687C soc2@59.375C soc0@60.187C gpu@60.937C tj@61.406C soc1@61.468C VDD_IN 10567mW/10591mW VDD_CPU_GPU_CV 4001mW/3996mW VDD_SOC 2862mW/2862mW
08-04-2026 19:58:46 RAM 3867/7620MB (lfb 160x1MB) SWAP 1691/12002MB (cached 50MB) CPU [0%@1728,0%@1728,0%@1728,0%@1728,100%@1728,0%@1728] GR3D_FREQ 30% cpu@60.843C soc2@59.531C soc0@60.312C gpu@60.906C tj@61.437C soc1@61.437C VDD_IN 10608mW/10591mW VDD_CPU_GPU_CV 4001mW/3996mW VDD_SOC 2862mW/2862mW
08-04-2026 19:58:46 RAM 3867/7620MB (lfb 160x1MB) SWAP 1691/12002MB (cached 50MB) CPU [0%@1728,0%@1728,0%@1728,9%@1728,100%@1728,0%@1728] GR3D_FREQ 30% cpu@60.875C soc2@59.531C soc0@60.281C gpu@61C tj@61.562C soc1@61.562C VDD_IN 10608mW/10591mW VDD_CPU_GPU_CV 4001mW/3996mW VDD_SOC 2862mW/2862mW
08-04-2026 19:58:46 RAM 3867/7620MB (lfb 160x1MB) SWAP 1691/12002MB (cached 50MB) CPU [0%@1728,0%@1728,0%@1728,0%@1728,100%@1728,0%@1728] GR3D_FREQ 30% cpu@60.875C soc2@59.468C soc0@60.343C gpu@61C tj@61.593C soc1@61.593C VDD_IN 10608mW/10591mW VDD_CPU_GPU_CV 3995mW/3996mW VDD_SOC 2862mW/2862mW
08-04-2026 19:58:46 RAM 3867/7620MB (lfb 160x1MB) SWAP 1691/12002MB (cached 50MB) CPU [0%@1728,0%@1728,0%@1728,0%@1728,100%@1728,0%@1728] GR3D_FREQ 30% cpu@60.875C soc2@59.562C soc0@60.406C gpu@61.187C tj@61.468C soc1@61.468C VDD_IN 10608mW/10591mW VDD_CPU_GPU_CV 3995mW/3996mW VDD_SOC 2862mW/2862mW
08-04-2026 19:58:46 RAM 3868/7620MB (lfb 160x1MB) SWAP 1691/12002MB (cached 50MB) CPU [27%@1728,0%@1728,0%@1728,9%@1728,100%@1728,0%@1728] GR3D_FREQ 30% cpu@60.875C soc2@59.468C soc0@60.218C gpu@61C tj@61.406C soc1@61.406C VDD_IN 10690mW/10591mW VDD_CPU_GPU_CV 4036mW/3996mW VDD_SOC 2862mW/2862mW
08-04-2026 19:58:46 RAM 3866/7620MB (lfb 160x1MB) SWAP 1691/12002MB (cached 50MB) CPU [0%@1728,0%@1728,0%@1728,0%@1728,100%@1728,0%@1728] GR3D_FREQ 30% cpu@60.875C soc2@59.468C soc0@60.281C gpu@60.968C tj@61.562C soc1@61.562C VDD_IN 10649mW/10592mW VDD_CPU_GPU_CV 4042mW/3996mW VDD_SOC 2862mW/2862mW
08-04-2026 19:58:46 RAM 3866/7620MB (lfb 160x1MB) SWAP 1691/12002MB (cached 50MB) CPU [0%@1728,0%@1728,0%@1728,9%@1728,100%@1728,0%@1728] GR3D_FREQ 30% cpu@60.812C soc2@59.531C soc0@60.281C gpu@61.218C tj@61.531C soc1@61.531C VDD_IN 10649mW/10592mW VDD_CPU_GPU_CV 4042mW/3996mW VDD_SOC 2862mW/2862mW
08-04-2026 19:58:47 RAM 3866/7620MB (lfb 160x1MB) SWAP 1691/12002MB (cached 50MB) CPU [0%@1728,0%@1728,0%@1728,0%@1728,100%@1728,0%@1728] GR3D_FREQ 30% cpu@60.875C soc2@59.625C soc0@60.437C gpu@61C tj@61.656C soc1@61.343C VDD_IN 10632mW/10592mW VDD_CPU_GPU_CV 4001mW/3996mW VDD_SOC 2862mW/2862mW
08-04-2026 19:58:47 RAM 3866/7620MB (lfb 160x1MB) SWAP 1691/12002MB (cached 50MB) CPU [0%@1728,0%@1728,0%@1728,0%@1728,100%@1728,0%@1728] GR3D_FREQ 30% cpu@60.937C soc2@59.437C soc0@60.187C gpu@60.937C tj@61.406C soc1@61.406C VDD_IN 10608mW/10592mW VDD_CPU_GPU_CV 4001mW/3996mW VDD_SOC 2862mW/2862mW
08-04-2026 19:58:47 RAM 3866/7620MB (lfb 160x1MB) SWAP 1691/12002MB (cached 50MB) CPU [0%@1728,0%@1728,0%@1728,0%@1728,100%@1728,0%@1728] GR3D_FREQ 30% cpu@60.875C soc2@59.406C soc0@60.218C gpu@61.125C tj@61.531C soc1@61.531C VDD_IN 10592mW/10592mW VDD_CPU_GPU_CV 4001mW/3996mW VDD_SOC 2862mW/2862mW
08-04-2026 19:58:47 RAM 3866/7620MB (lfb 160x1MB) SWAP 1691/12002MB (cached 50MB) CPU [9%@1728,0%@1728,0%@1728,0%@1728,100%@1728,0%@1728] GR3D_FREQ 30% cpu@60.812C soc2@59.468C soc0@60.281C gpu@61.031C tj@61.5C soc1@61.5C VDD_IN 10608mW/10592mW VDD_CPU_GPU_CV 4001mW/3996mW VDD_SOC 2862mW/2862mW
08-04-2026 19:58:47 RAM 3866/7620MB (lfb 160x1MB) SWAP 1691/12002MB (cached 50MB) CPU [0%@1728,0%@1728,0%@1728,0%@1728,100%@1728,0%@1728] GR3D_FREQ 30% cpu@60.875C soc2@59.531C soc0@60.437C gpu@61.312C tj@61.625C soc1@61.625C VDD_IN 10608mW/10592mW VDD_CPU_GPU_CV 4001mW/3996mW VDD_SOC 2862mW/2862mW
08-04-2026 19:58:47 RAM 3866/7620MB (lfb 160x1MB) SWAP 1691/12002MB (cached 50MB) CPU [0%@1728,0%@1728,0%@1728,0%@1728,100%@1728,0%@1728] GR3D_FREQ 31% cpu@60.875C soc2@59.656C soc0@60.468C gpu@61.093C tj@61.375C soc1@61.375C VDD_IN 10608mW/10592mW VDD_CPU_GPU_CV 4001mW/3996mW VDD_SOC 2862mW/2862mW
08-04-2026 19:58:47 RAM 3866/7620MB (lfb 160x1MB) SWAP 1691/12002MB (cached 50MB) CPU [0%@1728,0%@1728,0%@1728,0%@1728,100%@1728,0%@1728] GR3D_FREQ 29% cpu@60.843C soc2@59.5C soc0@60.218C gpu@60.968C tj@61.406C soc1@61.406C VDD_IN 10608mW/10592mW VDD_CPU_GPU_CV 4001mW/3996mW VDD_SOC 2862mW/2862mW
08-04-2026 19:58:47 RAM 3866/7620MB (lfb 160x1MB) SWAP 1691/12002MB (cached 50MB) CPU [0%@1728,0%@1728,0%@1728,0%@1728,100%@1728,0%@1728] GR3D_FREQ 31% cpu@60.75C soc2@59.562C soc0@60.343C gpu@61.218C tj@61.468C soc1@61.468C VDD_IN 10608mW/10592mW VDD_CPU_GPU_CV 4001mW/3996mW VDD_SOC 2862mW/2862mW
08-04-2026 19:58:47 RAM 3866/7620MB (lfb 160x1MB) SWAP 1691/12002MB (cached 50MB) CPU [0%@1728,0%@1728,0%@1728,0%@1728,100%@1728,0%@1728] GR3D_FREQ 31% cpu@60.781C soc2@59.468C soc0@60.312C gpu@61.156C tj@61.593C soc1@61.593C VDD_IN 10608mW/10592mW VDD_CPU_GPU_CV 4001mW/3996mW VDD_SOC 2862mW/2862mW
08-04-2026 19:58:48 RAM 3866/7620MB (lfb 160x1MB) SWAP 1691/12002MB (cached 50MB) CPU [0%@1728,9%@1728,0%@1728,0%@1728,100%@1728,0%@1728] GR3D_FREQ 29% cpu@60.875C soc2@59.593C soc0@60.468C gpu@60.843C tj@61.687C soc1@61.687C VDD_IN 10608mW/10592mW VDD_CPU_GPU_CV 4001mW/3996mW VDD_SOC 2862mW/2862mW
08-04-2026 19:58:48 RAM 3866/7620MB (lfb 160x1MB) SWAP 1691/12002MB (cached 50MB) CPU [0%@1728,0%@1728,0%@1728,0%@1728,100%@1728,0%@1728] GR3D_FREQ 30% cpu@60.937C soc2@59.625C soc0@60.218C gpu@61.218C tj@61.406C soc1@61.406C VDD_IN 10608mW/10592mW VDD_CPU_GPU_CV 4001mW/3996mW VDD_SOC 2862mW/2862mW
08-04-2026 19:58:48 RAM 3866/7620MB (lfb 160x1MB) SWAP 1691/12002MB (cached 50MB) CPU [0%@1728,0%@1728,0%@1728,0%@1728,100%@1728,0%@1728] GR3D_FREQ 30% cpu@60.812C soc2@59.562C soc0@60.281C gpu@61.093C tj@61.468C soc1@61.468C VDD_IN 10608mW/10592mW VDD_CPU_GPU_CV 4001mW/3996mW VDD_SOC 2862mW/2862mW
08-04-2026 19:58:48 RAM 3866/7620MB (lfb 160x1MB) SWAP 1691/12002MB (cached 50MB) CPU [0%@1728,0%@1728,0%@1728,0%@1728,100%@1728,0%@1728] GR3D_FREQ 30% cpu@60.781C soc2@59.468C soc0@60.375C gpu@60.843C tj@61.531C soc1@61.531C VDD_IN 10608mW/10592mW VDD_CPU_GPU_CV 4001mW/3996mW VDD_SOC 2862mW/2862mW
08-04-2026 19:58:48 RAM 3866/7620MB (lfb 160x1MB) SWAP 1691/12002MB (cached 50MB) CPU [0%@1728,0%@1728,9%@1728,0%@1728,100%@1728,0%@1728] GR3D_FREQ 29% cpu@60.843C soc2@59.562C soc0@60.375C gpu@61.156C tj@61.531C soc1@61.656C VDD_IN 10608mW/10592mW VDD_CPU_GPU_CV 4001mW/3996mW VDD_SOC 2862mW/2862mW
08-04-2026 19:58:48 RAM 3866/7620MB (lfb 160x1MB) SWAP 1691/12002MB (cached 50MB) CPU [0%@1728,0%@1728,0%@1728,0%@1728,100%@1728,0%@1728] GR3D_FREQ 29% cpu@60.875C soc2@59.593C soc0@60.468C gpu@61C tj@61.718C soc1@61.718C VDD_IN 10608mW/10592mW VDD_CPU_GPU_CV 4001mW/3996mW VDD_SOC 2862mW/2862mW
08-04-2026 19:58:48 RAM 3866/7620MB (lfb 160x1MB) SWAP 1691/12002MB (cached 50MB) CPU [0%@1728,0%@1728,0%@1728,0%@1728,100%@1728,0%@1728] GR3D_FREQ 31% cpu@61.031C soc2@59.468C soc0@60.187C gpu@61.406C tj@61.406C soc1@61.375C VDD_IN 10567mW/10592mW VDD_CPU_GPU_CV 4001mW/3996mW VDD_SOC 2862mW/2862mW
08-04-2026 19:58:48 RAM 3866/7620MB (lfb 160x1MB) SWAP 1691/12002MB (cached 50MB) CPU [0%@1728,0%@1728,0%@1728,0%@1728,100%@1728,0%@1728] GR3D_FREQ 30% cpu@60.781C soc2@59.468C soc0@60.218C gpu@61.156C tj@61.437C soc1@61.437C VDD_IN 10567mW/10592mW VDD_CPU_GPU_CV 4001mW/3996mW VDD_SOC 2862mW/2862mW
08-04-2026 19:58:48 RAM 3866/7620MB (lfb 160x1MB) SWAP 1691/12002MB (cached 50MB) CPU [0%@1728,0%@1728,0%@1728,0%@1728,100%@1728,0%@1728] GR3D_FREQ 29% cpu@60.937C soc2@59.375C soc0@60.281C gpu@60.781C tj@61.562C soc1@61.562C VDD_IN 10567mW/10592mW VDD_CPU_GPU_CV 4001mW/3996mW VDD_SOC 2862mW/2862mW
08-04-2026 19:58:48 RAM 3855/7620MB (lfb 160x1MB) SWAP 1691/12002MB (cached 50MB) CPU [0%@1728,0%@1728,0%@1728,0%@1728,100%@1728,0%@1728] GR3D_FREQ 31% cpu@60.937C soc2@59.562C soc0@60.343C gpu@61.281C tj@61.718C soc1@61.718C VDD_IN 10567mW/10592mW VDD_CPU_GPU_CV 4001mW/3996mW VDD_SOC 2862mW/2862mW
08-04-2026 19:58:49 RAM 3855/7620MB (lfb 160x1MB) SWAP 1691/12002MB (cached 50MB) CPU [0%@1728,0%@1728,0%@1728,0%@1728,100%@1728,0%@1728] GR3D_FREQ 30% cpu@61C soc2@59.656C soc0@60.218C gpu@61.093C tj@61.406C soc1@61.406C VDD_IN 10567mW/10592mW VDD_CPU_GPU_CV 4001mW/3996mW VDD_SOC 2862mW/2862mW
08-04-2026 19:58:49 RAM 3855/7620MB (lfb 160x1MB) SWAP 1691/12002MB (cached 50MB) CPU [0%@1728,0%@1728,0%@1728,0%@1728,100%@1728,0%@1728] GR3D_FREQ 30% cpu@61C soc2@59.375C soc0@60.218C gpu@60.781C tj@61.406C soc1@61.406C VDD_IN 10567mW/10592mW VDD_CPU_GPU_CV 4001mW/3996mW VDD_SOC 2862mW/2862mW
08-04-2026 19:58:49 RAM 3855/7620MB (lfb 160x1MB) SWAP 1691/12002MB (cached 50MB) CPU [0%@1728,0%@1728,8%@1728,0%@1728,100%@1728,0%@1728] GR3D_FREQ 30% cpu@60.906C soc2@59.468C soc0@60.25C gpu@61.218C tj@61.406C soc1@61.531C VDD_IN 10567mW/10592mW VDD_CPU_GPU_CV 4001mW/3997mW VDD_SOC 2862mW/2862mW
08-04-2026 19:58:49 RAM 3855/7620MB (lfb 160x1MB) SWAP 1691/12002MB (cached 50MB) CPU [0%@1728,0%@1728,0%@1728,0%@1728,100%@1728,0%@1728] GR3D_FREQ 30% cpu@60.843C soc2@59.437C soc0@60.281C gpu@60.875C tj@61.593C soc1@61.593C VDD_IN 10567mW/10592mW VDD_CPU_GPU_CV 4001mW/3997mW VDD_SOC 2862mW/2862mW
08-04-2026 19:58:49 RAM 3855/7620MB (lfb 160x1MB) SWAP 1691/12002MB (cached 50MB) CPU [0%@1728,0%@1728,0%@1728,0%@1728,100%@1728,0%@1728] GR3D_FREQ 30% cpu@60.937C soc2@59.562C soc0@60.406C gpu@60.906C tj@61.406C soc1@61.406C VDD_IN 10567mW/10592mW VDD_CPU_GPU_CV 4001mW/3997mW VDD_SOC 2862mW/2862mW
08-04-2026 19:58:49 RAM 3855/7620MB (lfb 160x1MB) SWAP 1691/12002MB (cached 50MB) CPU [0%@1728,0%@1728,0%@1728,0%@1728,100%@1728,0%@1728] GR3D_FREQ 29% cpu@61.031C soc2@59.5C soc0@60.125C gpu@61.312C tj@61.375C soc1@61.375C VDD_IN 10567mW/10592mW VDD_CPU_GPU_CV 4001mW/3997mW VDD_SOC 2862mW/2862mW
08-04-2026 19:58:49 RAM 3855/7620MB (lfb 160x1MB) SWAP 1691/12002MB (cached 50MB) CPU [0%@1728,0%@1728,0%@1728,0%@1728,100%@1728,0%@1728] GR3D_FREQ 31% cpu@61.125C soc2@59.437C soc0@60.218C gpu@60.906C tj@61.5C soc1@61.5C VDD_IN 10567mW/10592mW VDD_CPU_GPU_CV 4001mW/3997mW VDD_SOC 2862mW/2862mW
08-04-2026 19:58:49 RAM 3856/7620MB (lfb 160x1MB) SWAP 1691/12002MB (cached 50MB) CPU [0%@1728,0%@1728,9%@1728,0%@1728,100%@1728,0%@1728] GR3D_FREQ 31% cpu@60.812C soc2@59.562C soc0@60.218C gpu@60.843C tj@61.531C soc1@61.531C VDD_IN 10608mW/10592mW VDD_CPU_GPU_CV 4001mW/3997mW VDD_SOC 2862mW/2862mW
08-04-2026 19:58:49 RAM 3856/7620MB (lfb 160x1MB) SWAP 1691/12002MB (cached 50MB) CPU [0%@1728,0%@1728,0%@1728,0%@1728,100%@1728,0%@1728] GR3D_FREQ 30% cpu@60.812C soc2@59.5C soc0@60.343C gpu@60.968C tj@61.625C soc1@61.625C VDD_IN 10567mW/10592mW VDD_CPU_GPU_CV 3995mW/3997mW VDD_SOC 2862mW/2862mW
08-04-2026 19:58:50 RAM 3862/7620MB (lfb 160x1MB) SWAP 1691/12002MB (cached 50MB) CPU [20%@1728,16%@1728,0%@1728,10%@1728,100%@1728,8%@1728] GR3D_FREQ 29% cpu@61.031C soc2@59.625C soc0@60.437C gpu@60.843C tj@61.5C soc1@61.5C VDD_IN 10649mW/10592mW VDD_CPU_GPU_CV 4036mW/3997mW VDD_SOC 2862mW/2862mW
08-04-2026 19:58:50 RAM 3861/7620MB (lfb 160x1MB) SWAP 1691/12002MB (cached 50MB) CPU [0%@1728,0%@1728,0%@1728,0%@1728,100%@1728,0%@1728] GR3D_FREQ 31% cpu@61C soc2@59.531C soc0@60.187C gpu@60.781C tj@61.343C soc1@61.343C VDD_IN 10649mW/10592mW VDD_CPU_GPU_CV 4042mW/3997mW VDD_SOC 2862mW/2862mW
08-04-2026 19:58:50 RAM 3861/7620MB (lfb 160x1MB) SWAP 1691/12002MB (cached 50MB) CPU [0%@1728,0%@1728,0%@1728,0%@1728,100%@1728,8%@1728] GR3D_FREQ 30% cpu@61.218C soc2@59.5C soc0@60.25C gpu@61C tj@61.5C soc1@61.5C VDD_IN 10649mW/10592mW VDD_CPU_GPU_CV 4036mW/3997mW VDD_SOC 2862mW/2862mW
08-04-2026 19:58:50 RAM 3861/7620MB (lfb 160x1MB) SWAP 1691/12002MB (cached 50MB) CPU [0%@1728,0%@1728,0%@1728,0%@1728,100%@1728,0%@1728] GR3D_FREQ 30% cpu@60.906C soc2@59.5C soc0@60.281C gpu@60.875C tj@61.593C soc1@61.593C VDD_IN 10649mW/10592mW VDD_CPU_GPU_CV 3995mW/3997mW VDD_SOC 2862mW/2862mW
08-04-2026 19:58:50 RAM 3861/7620MB (lfb 160x1MB) SWAP 1691/12002MB (cached 50MB) CPU [0%@1728,0%@1728,0%@1728,0%@1728,100%@1728,0%@1728] GR3D_FREQ 30% cpu@60.875C soc2@59.593C soc0@60.406C gpu@61.312C tj@61.593C soc1@61.593C VDD_IN 10649mW/10592mW VDD_CPU_GPU_CV 3995mW/3997mW VDD_SOC 2862mW/2862mW
08-04-2026 19:58:50 RAM 3861/7620MB (lfb 160x1MB) SWAP 1691/12002MB (cached 50MB) CPU [0%@1728,0%@1728,0%@1728,0%@1728,100%@1728,0%@1728] GR3D_FREQ 30% cpu@60.968C soc2@59.531C soc0@60.218C gpu@60.937C tj@61.406C soc1@61.406C VDD_IN 10608mW/10592mW VDD_CPU_GPU_CV 3995mW/3997mW VDD_SOC 2862mW/2862mW
08-04-2026 19:58:50 RAM 3861/7620MB (lfb 160x1MB) SWAP 1691/12002MB (cached 50MB) CPU [0%@1728,0%@1728,0%@1728,0%@1728,100%@1728,0%@1728] GR3D_FREQ 31% cpu@61.218C soc2@59.406C soc0@60.25C gpu@60.875C tj@61.437C soc1@61.437C VDD_IN 10608mW/10592mW VDD_CPU_GPU_CV 3995mW/3997mW VDD_SOC 2862mW/2862mW
08-04-2026 19:58:50 RAM 3861/7620MB (lfb 160x1MB) SWAP 1691/12002MB (cached 50MB) CPU [0%@1728,0%@1728,0%@1728,0%@1728,100%@1728,0%@1728] GR3D_FREQ 29% cpu@60.906C soc2@59.406C soc0@60.343C gpu@61.031C tj@61.468C soc1@61.468C VDD_IN 10608mW/10592mW VDD_CPU_GPU_CV 3995mW/3997mW VDD_SOC 2862mW/2862mW
08-04-2026 19:58:50 RAM 3861/7620MB (lfb 160x1MB) SWAP 1691/12002MB (cached 50MB) CPU [0%@1728,0%@1728,0%@1728,0%@1728,100%@1728,0%@1728] GR3D_FREQ 30% cpu@60.781C soc2@59.5C soc0@60.281C gpu@60.875C tj@61.593C soc1@61.593C VDD_IN 10608mW/10592mW VDD_CPU_GPU_CV 3995mW/3997mW VDD_SOC 2862mW/2862mW
08-04-2026 19:58:50 RAM 3861/7620MB (lfb 160x1MB) SWAP 1691/12002MB (cached 50MB) CPU [9%@1728,0%@1728,0%@1728,0%@1728,100%@1728,0%@1728] GR3D_FREQ 30% cpu@61C soc2@59.562C soc0@60.437C gpu@60.781C tj@61.687C soc1@61.687C VDD_IN 10567mW/10592mW VDD_CPU_GPU_CV 4001mW/3997mW VDD_SOC 2862mW/2862mW
08-04-2026 19:58:51 RAM 3861/7620MB (lfb 160x1MB) SWAP 1691/12002MB (cached 50MB) CPU [0%@1728,0%@1728,0%@1728,0%@1728,100%@1728,0%@1728] GR3D_FREQ 30% cpu@61.093C soc2@59.531C soc0@60.187C gpu@61C tj@61.437C soc1@61.437C VDD_IN 10567mW/10592mW VDD_CPU_GPU_CV 4001mW/3997mW VDD_SOC 2862mW/2862mW
08-04-2026 19:58:51 RAM 3861/7620MB (lfb 160x1MB) SWAP 1691/12002MB (cached 50MB) CPU [0%@1728,0%@1728,9%@1728,0%@1728,100%@1728,0%@1728] GR3D_FREQ 30% cpu@61.187C soc2@59.531C soc0@60.187C gpu@60.906C tj@61.5C soc1@61.5C VDD_IN 10567mW/10592mW VDD_CPU_GPU_CV 4001mW/3997mW VDD_SOC 2862mW/2862mW
08-04-2026 19:58:51 RAM 3861/7620MB (lfb 160x1MB) SWAP 1691/12002MB (cached 50MB) CPU [0%@1728,0%@1728,0%@1728,0%@1728,100%@1728,0%@1728] GR3D_FREQ 30% cpu@60.875C soc2@59.593C soc0@60.187C gpu@61.031C tj@61.468C soc1@61.468C VDD_IN 10567mW/10592mW VDD_CPU_GPU_CV 4001mW/3997mW VDD_SOC 2862mW/2862mW
08-04-2026 19:58:51 RAM 3861/7620MB (lfb 160x1MB) SWAP 1691/12002MB (cached 50MB) CPU [0%@1728,0%@1728,0%@1728,0%@1728,100%@1728,0%@1728] GR3D_FREQ 30% cpu@60.875C soc2@59.531C soc0@60.375C gpu@60.906C tj@61.656C soc1@61.656C VDD_IN 10567mW/10592mW VDD_CPU_GPU_CV 4001mW/3997mW VDD_SOC 2862mW/2862mW
08-04-2026 19:58:51 RAM 3861/7620MB (lfb 160x1MB) SWAP 1691/12002MB (cached 50MB) CPU [0%@1728,0%@1728,0%@1728,0%@1728,100%@1728,0%@1728] GR3D_FREQ 31% cpu@61.031C soc2@59.625C soc0@60.187C gpu@60.843C tj@61.468C soc1@61.468C VDD_IN 10567mW/10592mW VDD_CPU_GPU_CV 4001mW/3997mW VDD_SOC 2862mW/2862mW
08-04-2026 19:58:51 RAM 3861/7620MB (lfb 160x1MB) SWAP 1691/12002MB (cached 50MB) CPU [0%@1728,0%@1728,0%@1728,0%@1728,100%@1728,0%@1728] GR3D_FREQ 30% cpu@61.093C soc2@59.437C soc0@60.187C gpu@61C tj@61.468C soc1@61.468C VDD_IN 10567mW/10592mW VDD_CPU_GPU_CV 3995mW/3997mW VDD_SOC 2862mW/2862mW
08-04-2026 19:58:51 RAM 3861/7620MB (lfb 160x1MB) SWAP 1691/12002MB (cached 50MB) CPU [0%@1728,0%@1728,0%@1728,0%@1728,100%@1728,0%@1728] GR3D_FREQ 30% cpu@60.781C soc2@59.468C soc0@60.187C gpu@60.906C tj@61.5C soc1@61.5C VDD_IN 10567mW/10592mW VDD_CPU_GPU_CV 4001mW/3997mW VDD_SOC 2862mW/2862mW
08-04-2026 19:58:51 RAM 3861/7620MB (lfb 160x1MB) SWAP 1691/12002MB (cached 50MB) CPU [0%@1728,0%@1728,0%@1728,0%@1728,100%@1728,0%@1728] GR3D_FREQ 31% cpu@60.937C soc2@59.437C soc0@60.343C gpu@61.062C tj@61.593C soc1@61.593C VDD_IN 10567mW/10592mW VDD_CPU_GPU_CV 4001mW/3997mW VDD_SOC 2862mW/2862mW
08-04-2026 19:58:51 RAM 3861/7620MB (lfb 160x1MB) SWAP 1691/12002MB (cached 50MB) CPU [8%@1728,9%@1728,0%@1728,0%@1728,100%@1728,0%@1728] GR3D_FREQ 29% cpu@61C soc2@59.5C soc0@60.406C gpu@60.937C tj@61.75C soc1@61.75C VDD_IN 10567mW/10592mW VDD_CPU_GPU_CV 3995mW/3997mW VDD_SOC 2862mW/2862mW
08-04-2026 19:58:52 RAM 3861/7620MB (lfb 160x1MB) SWAP 1691/12002MB (cached 50MB) CPU [0%@1728,0%@1728,9%@1728,0%@1728,100%@1728,0%@1728] GR3D_FREQ 30% cpu@61.156C soc2@59.531C soc0@60.187C gpu@60.906C tj@61.437C soc1@61.437C VDD_IN 10608mW/10592mW VDD_CPU_GPU_CV 3995mW/3997mW VDD_SOC 2862mW/2862mW
08-04-2026 19:58:52 RAM 3861/7620MB (lfb 160x1MB) SWAP 1691/12002MB (cached 50MB) CPU [0%@1728,9%@1728,0%@1728,0%@1728,100%@1728,0%@1728] GR3D_FREQ 31% cpu@60.75C soc2@59.406C soc0@60.312C gpu@61.093C tj@61.5C soc1@61.5C VDD_IN 10567mW/10592mW VDD_CPU_GPU_CV 4001mW/3997mW VDD_SOC 2862mW/2862mW
08-04-2026 19:58:52 RAM 3861/7620MB (lfb 160x1MB) SWAP 1691/12002MB (cached 50MB) CPU [0%@1728,0%@1728,9%@1728,0%@1728,100%@1728,0%@1728] GR3D_FREQ 30% cpu@60.812C soc2@59.468C soc0@60.25C gpu@60.906C tj@61.468C soc1@61.468C VDD_IN 10567mW/10592mW VDD_CPU_GPU_CV 4001mW/3997mW VDD_SOC 2862mW/2862mW
08-04-2026 19:58:52 RAM 3861/7620MB (lfb 160x1MB) SWAP 1691/12002MB (cached 50MB) CPU [0%@1728,0%@1728,0%@1728,0%@1728,100%@1728,0%@1728] GR3D_FREQ 30% cpu@60.875C soc2@59.593C soc0@60.375C gpu@60.843C tj@61.593C soc1@61.593C VDD_IN 10567mW/10592mW VDD_CPU_GPU_CV 4001mW/3997mW VDD_SOC 2862mW/2862mW
08-04-2026 19:58:52 RAM 3861/7620MB (lfb 160x1MB) SWAP 1691/12002MB (cached 50MB) CPU [0%@1728,0%@1728,0%@1728,0%@1728,100%@1728,0%@1728] GR3D_FREQ 29% cpu@61.062C soc2@59.593C soc0@60.218C gpu@61.031C tj@61.437C soc1@61.437C VDD_IN 10567mW/10592mW VDD_CPU_GPU_CV 4001mW/3997mW VDD_SOC 2862mW/2862mW
08-04-2026 19:58:52 RAM 3861/7620MB (lfb 160x1MB) SWAP 1691/12002MB (cached 50MB) CPU [0%@1728,0%@1728,0%@1728,0%@1728,100%@1728,0%@1728] GR3D_FREQ 31% cpu@61.187C soc2@59.5C soc0@60.187C gpu@60.906C tj@61.406C soc1@61.406C VDD_IN 10567mW/10592mW VDD_CPU_GPU_CV 4001mW/3997mW VDD_SOC 2862mW/2862mW
08-04-2026 19:58:52 RAM 3861/7620MB (lfb 160x1MB) SWAP 1691/12002MB (cached 50MB) CPU [0%@1728,9%@1728,0%@1728,0%@1728,100%@1728,0%@1728] GR3D_FREQ 30% cpu@60.718C soc2@59.531C soc0@60.281C gpu@61.218C tj@61.468C soc1@61.468C VDD_IN 10608mW/10592mW VDD_CPU_GPU_CV 4001mW/3997mW VDD_SOC 2862mW/2862mW
08-04-2026 19:58:52 RAM 3861/7620MB (lfb 160x1MB) SWAP 1691/12002MB (cached 50MB) CPU [0%@1728,0%@1728,0%@1728,0%@1728,100%@1728,0%@1728] GR3D_FREQ 30% cpu@60.812C soc2@59.531C soc0@60.281C gpu@61.031C tj@61.593C soc1@61.593C VDD_IN 10608mW/10592mW VDD_CPU_GPU_CV 4001mW/3997mW VDD_SOC 2862mW/2862mW
08-04-2026 19:58:52 RAM 3861/7620MB (lfb 160x1MB) SWAP 1691/12002MB (cached 50MB) CPU [0%@1728,0%@1728,0%@1728,0%@1728,100%@1728,0%@1728] GR3D_FREQ 30% cpu@61C soc2@59.531C soc0@60.5C gpu@61.312C tj@61.593C soc1@61.593C VDD_IN 10567mW/10592mW VDD_CPU_GPU_CV 4001mW/3997mW VDD_SOC 2862mW/2862mW
08-04-2026 19:58:52 RAM 3861/7620MB (lfb 160x1MB) SWAP 1691/12002MB (cached 50MB) CPU [0%@1728,0%@1728,0%@1728,9%@1728,100%@1728,0%@1728] GR3D_FREQ 30% cpu@61.062C soc2@59.593C soc0@60.156C gpu@61.187C tj@61.531C soc1@61.531C VDD_IN 10567mW/10592mW VDD_CPU_GPU_CV 4001mW/3997mW VDD_SOC 2862mW/2862mW
08-04-2026 19:58:53 RAM 3861/7620MB (lfb 160x1MB) SWAP 1691/12002MB (cached 50MB) CPU [0%@1728,0%@1728,0%@1728,0%@1728,100%@1728,0%@1728] GR3D_FREQ 31% cpu@60.75C soc2@59.531C soc0@60.281C gpu@61C tj@61.468C soc1@61.468C VDD_IN 10608mW/10592mW VDD_CPU_GPU_CV 4001mW/3997mW VDD_SOC 2862mW/2862mW
08-04-2026 19:58:53 RAM 3861/7620MB (lfb 160x1MB) SWAP 1691/12002MB (cached 50MB) CPU [0%@1728,0%@1728,0%@1728,0%@1728,100%@1728,0%@1728] GR3D_FREQ 30% cpu@60.781C soc2@59.562C soc0@60.187C gpu@61.218C tj@61.406C soc1@61.406C VDD_IN 10567mW/10592mW VDD_CPU_GPU_CV 4001mW/3997mW VDD_SOC 2862mW/2862mW
08-04-2026 19:58:53 RAM 3866/7620MB (lfb 160x1MB) SWAP 1691/12002MB (cached 50MB) CPU [27%@1728,0%@1728,0%@1728,0%@1728,100%@1728,0%@1728] GR3D_FREQ 31% cpu@60.75C soc2@59.5C soc0@60.281C gpu@61.125C tj@61.562C soc1@61.562C VDD_IN 10632mW/10592mW VDD_CPU_GPU_CV 4042mW/3997mW VDD_SOC 2862mW/2862mW
08-04-2026 19:58:53 RAM 3866/7620MB (lfb 160x1MB) SWAP 1691/12002MB (cached 50MB) CPU [0%@1728,0%@1728,0%@1728,9%@1728,100%@1728,0%@1728] GR3D_FREQ 31% cpu@61C soc2@59.562C soc0@60.437C gpu@60.937C tj@61.406C soc1@61.406C VDD_IN 10649mW/10592mW VDD_CPU_GPU_CV 4036mW/3997mW VDD_SOC 2862mW/2862mW
08-04-2026 19:58:53 RAM 3866/7620MB (lfb 160x1MB) SWAP 1691/12002MB (cached 50MB) CPU [0%@1728,0%@1728,0%@1728,0%@1728,100%@1728,0%@1728] GR3D_FREQ 29% cpu@61.187C soc2@59.5C soc0@60.218C gpu@61.312C tj@61.468C soc1@61.468C VDD_IN 10592mW/10592mW VDD_CPU_GPU_CV 4042mW/3997mW VDD_SOC 2862mW/2862mW
08-04-2026 19:58:53 RAM 3866/7620MB (lfb 160x1MB) SWAP 1691/12002MB (cached 50MB) CPU [0%@1728,0%@1728,0%@1728,0%@1728,100%@1728,0%@1728] GR3D_FREQ 30% cpu@60.937C soc2@59.5C soc0@60.25C gpu@61.031C tj@61.437C soc1@61.437C VDD_IN 10608mW/10592mW VDD_CPU_GPU_CV 4001mW/3997mW VDD_SOC 2862mW/2862mW
08-04-2026 19:58:53 RAM 3866/7620MB (lfb 160x1MB) SWAP 1691/12002MB (cached 50MB) CPU [0%@1728,0%@1728,0%@1728,0%@1728,100%@1728,0%@1728] GR3D_FREQ 31% cpu@60.781C soc2@59.5C soc0@60.343C gpu@61C tj@61.656C soc1@61.656C VDD_IN 10608mW/10592mW VDD_CPU_GPU_CV 4001mW/3997mW VDD_SOC 2862mW/2862mW
08-04-2026 19:58:53 RAM 3866/7620MB (lfb 160x1MB) SWAP 1691/12002MB (cached 50MB) CPU [0%@1728,0%@1728,0%@1728,0%@1728,100%@1728,0%@1728] GR3D_FREQ 30% cpu@61.031C soc2@59.562C soc0@60.375C gpu@61.281C tj@61.625C soc1@61.625C VDD_IN 10608mW/10592mW VDD_CPU_GPU_CV 4001mW/3997mW VDD_SOC 2862mW/2862mW
08-04-2026 19:58:53 RAM 3866/7620MB (lfb 160x1MB) SWAP 1691/12002MB (cached 50MB) CPU [0%@1728,9%@1728,0%@1728,0%@1728,100%@1728,0%@1728] GR3D_FREQ 30% cpu@61.187C soc2@59.593C soc0@60.468C gpu@61.031C tj@61.375C soc1@61.375C VDD_IN 10608mW/10592mW VDD_CPU_GPU_CV 4001mW/3997mW VDD_SOC 2862mW/2862mW
08-04-2026 19:58:54 RAM 3866/7620MB (lfb 160x1MB) SWAP 1691/12002MB (cached 50MB) CPU [9%@1728,0%@1728,0%@1728,0%@1728,100%@1728,0%@1728] GR3D_FREQ 30% cpu@60.781C soc2@59.468C soc0@60.187C gpu@60.875C tj@61.437C soc1@61.437C VDD_IN 10608mW/10592mW VDD_CPU_GPU_CV 4001mW/3997mW VDD_SOC 2862mW/2862mW
08-04-2026 19:58:54 RAM 3866/7620MB (lfb 160x1MB) SWAP 1691/12002MB (cached 50MB) CPU [0%@1728,0%@1728,0%@1728,0%@1728,100%@1728,0%@1728] GR3D_FREQ 30% cpu@60.843C soc2@59.468C soc0@60.218C gpu@61.125C tj@61.5C soc1@61.5C VDD_IN 10608mW/10592mW VDD_CPU_GPU_CV 4001mW/3997mW VDD_SOC 2862mW/2862mW
08-04-2026 19:58:54 RAM 3866/7620MB (lfb 160x1MB) SWAP 1691/12002MB (cached 50MB) CPU [0%@1728,0%@1728,0%@1728,0%@1728,100%@1728,0%@1728] GR3D_FREQ 31% cpu@60.843C soc2@59.468C soc0@60.343C gpu@61.125C tj@61.562C soc1@61.562C VDD_IN 10608mW/10592mW VDD_CPU_GPU_CV 4001mW/3997mW VDD_SOC 2862mW/2862mW
08-04-2026 19:58:54 RAM 3866/7620MB (lfb 160x1MB) SWAP 1691/12002MB (cached 50MB) CPU [0%@1728,0%@1728,0%@1728,0%@1728,100%@1728,0%@1728] GR3D_FREQ 30% cpu@61.093C soc2@59.531C soc0@60.343C gpu@61.437C tj@61.75C soc1@61.75C VDD_IN 10567mW/10592mW VDD_CPU_GPU_CV 3995mW/3997mW VDD_SOC 2862mW/2862mW
08-04-2026 19:58:54 RAM 3866/7620MB (lfb 160x1MB) SWAP 1691/12002MB (cached 50MB) CPU [0%@1728,0%@1728,0%@1728,0%@1728,100%@1728,0%@1728] GR3D_FREQ 30% cpu@60.75C soc2@59.468C soc0@60.218C gpu@61.187C tj@61.437C soc1@61.437C VDD_IN 10608mW/10592mW VDD_CPU_GPU_CV 3995mW/3997mW VDD_SOC 2862mW/2862mW
08-04-2026 19:58:54 RAM 3866/7620MB (lfb 160x1MB) SWAP 1691/12002MB (cached 50MB) CPU [0%@1728,0%@1728,0%@1728,0%@1728,100%@1728,0%@1728] GR3D_FREQ 31% cpu@60.843C soc2@59.437C soc0@60.25C gpu@60.906C tj@61.406C soc1@61.468C VDD_IN 10567mW/10592mW VDD_CPU_GPU_CV 3995mW/3997mW VDD_SOC 2862mW/2862mW
08-04-2026 19:58:54 RAM 3866/7620MB (lfb 160x1MB) SWAP 1691/12002MB (cached 50MB) CPU [0%@1728,0%@1728,0%@1728,0%@1728,100%@1728,0%@1728] GR3D_FREQ 30% cpu@60.875C soc2@59.437C soc0@60.281C gpu@61.218C tj@61.562C soc1@61.562C VDD_IN 10567mW/10592mW VDD_CPU_GPU_CV 3995mW/3997mW VDD_SOC 2862mW/2862mW
08-04-2026 19:58:54 RAM 3866/7620MB (lfb 160x1MB) SWAP 1691/12002MB (cached 50MB) CPU [0%@1728,0%@1728,0%@1728,0%@1728,100%@1728,0%@1728] GR3D_FREQ 29% cpu@60.875C soc2@59.531C soc0@60.437C gpu@61.125C tj@61.593C soc1@61.593C VDD_IN 10567mW/10592mW VDD_CPU_GPU_CV 3995mW/3997mW VDD_SOC 2862mW/2862mW
08-04-2026 19:58:54 RAM 3866/7620MB (lfb 160x1MB) SWAP 1691/12002MB (cached 50MB) CPU [0%@1728,0%@1728,0%@1728,0%@1728,100%@1728,0%@1728] GR3D_FREQ 30% cpu@61.156C soc2@59.593C soc0@60.437C gpu@60.875C tj@61.406C soc1@61.406C VDD_IN 10567mW/10592mW VDD_CPU_GPU_CV 3995mW/3997mW VDD_SOC 2862mW/2862mW
08-04-2026 19:58:54 RAM 3866/7620MB (lfb 160x1MB) SWAP 1691/12002MB (cached 50MB) CPU [0%@1728,0%@1728,0%@1728,0%@1728,100%@1728,0%@1728] GR3D_FREQ 29% cpu@60.781C soc2@59.406C soc0@60.281C gpu@61.375C tj@61.468C soc1@61.468C VDD_IN 10567mW/10592mW VDD_CPU_GPU_CV 4001mW/3997mW VDD_SOC 2862mW/2862mW
08-04-2026 19:58:55 RAM 3866/7620MB (lfb 160x1MB) SWAP 1691/12002MB (cached 50MB) CPU [0%@1728,0%@1728,0%@1728,0%@1728,100%@1728,0%@1728] GR3D_FREQ 30% cpu@60.812C soc2@59.437C soc0@60.187C gpu@60.906C tj@61.437C soc1@61.5C VDD_IN 10567mW/10592mW VDD_CPU_GPU_CV 4001mW/3997mW VDD_SOC 2862mW/2862mW
08-04-2026 19:58:55 RAM 3866/7620MB (lfb 160x1MB) SWAP 1691/12002MB (cached 50MB) CPU [0%@1728,0%@1728,9%@1728,0%@1728,100%@1728,0%@1728] GR3D_FREQ 30% cpu@60.875C soc2@59.437C soc0@60.25C gpu@60.781C tj@61.593C soc1@61.593C VDD_IN 10567mW/10592mW VDD_CPU_GPU_CV 3995mW/3997mW VDD_SOC 2862mW/2862mW
08-04-2026 19:58:55 RAM 3866/7620MB (lfb 160x1MB) SWAP 1691/12002MB (cached 50MB) CPU [0%@1728,0%@1728,0%@1728,0%@1728,100%@1728,0%@1728] GR3D_FREQ 30% cpu@60.843C soc2@59.531C soc0@60.375C gpu@61.312C tj@61.718C soc1@61.718C VDD_IN 10567mW/10592mW VDD_CPU_GPU_CV 3995mW/3997mW VDD_SOC 2862mW/2862mW
08-04-2026 19:58:55 RAM 3866/7620MB (lfb 160x1MB) SWAP 1691/12002MB (cached 50MB) CPU [0%@1728,0%@1728,0%@1728,0%@1728,100%@1728,0%@1728] GR3D_FREQ 31% cpu@60.812C soc2@59.593C soc0@60.187C gpu@60.906C tj@61.468C soc1@61.468C VDD_IN 10567mW/10592mW VDD_CPU_GPU_CV 4001mW/3997mW VDD_SOC 2862mW/2862mW
08-04-2026 19:58:55 RAM 3866/7620MB (lfb 160x1MB) SWAP 1691/12002MB (cached 50MB) CPU [0%@1728,0%@1728,0%@1728,0%@1728,100%@1728,0%@1728] GR3D_FREQ 29% cpu@60.812C soc2@59.437C soc0@60.218C gpu@60.906C tj@61.468C soc1@61.468C VDD_IN 10567mW/10592mW VDD_CPU_GPU_CV 4001mW/3997mW VDD_SOC 2862mW/2862mW
08-04-2026 19:58:55 RAM 3866/7620MB (lfb 160x1MB) SWAP 1691/12002MB (cached 50MB) CPU [0%@1728,0%@1728,0%@1728,0%@1728,100%@1728,0%@1728] GR3D_FREQ 30% cpu@60.875C soc2@59.5C soc0@60.312C gpu@60.906C tj@61.468C soc1@61.531C VDD_IN 10567mW/10591mW VDD_CPU_GPU_CV 4001mW/3997mW VDD_SOC 2862mW/2862mW
08-04-2026 19:58:55 RAM 3866/7620MB (lfb 160x1MB) SWAP 1691/12002MB (cached 50MB) CPU [0%@1728,0%@1728,0%@1728,0%@1728,100%@1728,0%@1728] GR3D_FREQ 31% cpu@60.781C soc2@59.468C soc0@60.343C gpu@60.906C tj@61.687C soc1@61.687C VDD_IN 10608mW/10592mW VDD_CPU_GPU_CV 4001mW/3997mW VDD_SOC 2862mW/2862mW
08-04-2026 19:58:55 RAM 3866/7620MB (lfb 160x1MB) SWAP 1691/12002MB (cached 50MB) CPU [0%@1728,0%@1728,0%@1728,0%@1728,100%@1728,0%@1728] GR3D_FREQ 29% cpu@60.843C soc2@59.5C soc0@60.281C gpu@60.843C tj@61.375C soc1@61.375C VDD_IN 10567mW/10591mW VDD_CPU_GPU_CV 3954mW/3997mW VDD_SOC 2862mW/2862mW
08-04-2026 19:58:55 RAM 3866/7620MB (lfb 160x1MB) SWAP 1691/12002MB (cached 50MB) CPU [0%@1728,0%@1728,0%@1728,0%@1728,100%@1728,0%@1728] GR3D_FREQ 29% cpu@60.875C soc2@59.468C soc0@60.187C gpu@60.906C tj@61.375C soc1@61.375C VDD_IN 10567mW/10591mW VDD_CPU_GPU_CV 3960mW/3997mW VDD_SOC 2862mW/2862mW
08-04-2026 19:58:55 RAM 3866/7620MB (lfb 160x1MB) SWAP 1691/12002MB (cached 50MB) CPU [0%@1728,0%@1728,0%@1728,9%@1728,100%@1728,0%@1728] GR3D_FREQ 30% cpu@60.843C soc2@59.562C soc0@60.218C gpu@60.875C tj@61.468C soc1@61.468C VDD_IN 10567mW/10591mW VDD_CPU_GPU_CV 3960mW/3997mW VDD_SOC 2862mW/2862mW
08-04-2026 19:58:56 RAM 3866/7620MB (lfb 160x1MB) SWAP 1691/12002MB (cached 50MB) CPU [0%@1728,0%@1728,0%@1728,0%@1728,100%@1728,0%@1728] GR3D_FREQ 30% cpu@60.875C soc2@59.531C soc0@60.312C gpu@60.937C tj@61.656C soc1@61.656C VDD_IN 10567mW/10591mW VDD_CPU_GPU_CV 4001mW/3997mW VDD_SOC 2862mW/2862mW
08-04-2026 19:58:56 RAM 3866/7620MB (lfb 160x1MB) SWAP 1691/12002MB (cached 50MB) CPU [0%@1728,0%@1728,0%@1728,0%@1728,100%@1728,0%@1728] GR3D_FREQ 30% cpu@60.781C soc2@59.531C soc0@60.406C gpu@60.875C tj@61.656C soc1@61.656C VDD_IN 10567mW/10591mW VDD_CPU_GPU_CV 4001mW/3997mW VDD_SOC 2862mW/2862mW
08-04-2026 19:58:56 RAM 3866/7620MB (lfb 160x1MB) SWAP 1691/12002MB (cached 50MB) CPU [0%@1728,0%@1728,9%@1728,0%@1728,100%@1728,0%@1728] GR3D_FREQ 29% cpu@60.875C soc2@59.625C soc0@60.531C gpu@60.843C tj@61.437C soc1@61.437C VDD_IN 10567mW/10591mW VDD_CPU_GPU_CV 4001mW/3997mW VDD_SOC 2862mW/2862mW
08-04-2026 19:58:56 RAM 3866/7620MB (lfb 160x1MB) SWAP 1691/12002MB (cached 50MB) CPU [0%@1728,0%@1728,0%@1728,0%@1728,100%@1728,0%@1728] GR3D_FREQ 30% cpu@60.781C soc2@59.5C soc0@60.187C gpu@61C tj@61.375C soc1@61.375C VDD_IN 10567mW/10591mW VDD_CPU_GPU_CV 4001mW/3997mW VDD_SOC 2862mW/2862mW
08-04-2026 19:58:56 RAM 3865/7620MB (lfb 160x1MB) SWAP 1691/12002MB (cached 50MB) CPU [18%@1728,10%@1728,0%@1728,9%@1728,100%@1728,0%@1728] GR3D_FREQ 31% cpu@60.875C soc2@59.5C soc0@60.25C gpu@60.906C tj@61.406C soc1@61.406C VDD_IN 10592mW/10591mW VDD_CPU_GPU_CV 4042mW/3997mW VDD_SOC 2862mW/2862mW
08-04-2026 19:58:56 RAM 3865/7620MB (lfb 160x1MB) SWAP 1691/12002MB (cached 50MB) CPU [0%@1728,0%@1728,0%@1728,0%@1728,100%@1728,0%@1728] GR3D_FREQ 30% cpu@60.906C soc2@59.531C soc0@60.312C gpu@60.843C tj@61.625C soc1@61.625C VDD_IN 10592mW/10591mW VDD_CPU_GPU_CV 4042mW/3997mW VDD_SOC 2862mW/2862mW
08-04-2026 19:58:56 RAM 3865/7620MB (lfb 160x1MB) SWAP 1691/12002MB (cached 50MB) CPU [0%@1728,0%@1728,0%@1728,0%@1728,100%@1728,0%@1728] GR3D_FREQ 30% cpu@60.875C soc2@59.531C soc0@60.406C gpu@60.937C tj@61.656C soc1@61.656C VDD_IN 10592mW/10591mW VDD_CPU_GPU_CV 4042mW/3997mW VDD_SOC 2862mW/2862mW
08-04-2026 19:58:56 RAM 3865/7620MB (lfb 160x1MB) SWAP 1691/12002MB (cached 50MB) CPU [9%@1728,0%@1728,0%@1728,0%@1728,100%@1728,0%@1728] GR3D_FREQ 30% cpu@60.937C soc2@59.531C soc0@60.187C gpu@60.937C tj@61.406C soc1@61.406C VDD_IN 10608mW/10591mW VDD_CPU_GPU_CV 4001mW/3997mW VDD_SOC 2862mW/2862mW
08-04-2026 19:58:56 RAM 3865/7620MB (lfb 160x1MB) SWAP 1691/12002MB (cached 50MB) CPU [0%@1728,9%@1728,0%@1728,0%@1728,100%@1728,0%@1728] GR3D_FREQ 30% cpu@60.781C soc2@59.437C soc0@60.218C gpu@60.968C tj@61.5C soc1@61.5C VDD_IN 10551mW/10591mW VDD_CPU_GPU_CV 4001mW/3997mW VDD_SOC 2862mW/2862mW
08-04-2026 19:58:57 RAM 3865/7620MB (lfb 160x1MB) SWAP 1691/12002MB (cached 50MB) CPU [0%@1728,0%@1728,0%@1728,0%@1728,100%@1728,0%@1728] GR3D_FREQ 30% cpu@60.875C soc2@59.5C soc0@60.343C gpu@60.937C tj@61.5C soc1@61.5C VDD_IN 10551mW/10591mW VDD_CPU_GPU_CV 4001mW/3997mW VDD_SOC 2862mW/2862mW
08-04-2026 19:58:57 RAM 3865/7620MB (lfb 160x1MB) SWAP 1691/12002MB (cached 50MB) CPU [9%@1728,9%@1728,8%@1728,0%@1728,100%@1728,0%@1728] GR3D_FREQ 30% cpu@60.906C soc2@59.5C soc0@60.468C gpu@60.843C tj@61.531C soc1@61.531C VDD_IN 10551mW/10591mW VDD_CPU_GPU_CV 4001mW/3997mW VDD_SOC 2862mW/2862mW
08-04-2026 19:58:57 RAM 3865/7620MB (lfb 160x1MB) SWAP 1691/12002MB (cached 50MB) CPU [8%@1728,8%@1728,0%@1728,0%@1728,100%@1728,0%@1728] GR3D_FREQ 31% cpu@60.875C soc2@59.562C soc0@60.531C gpu@61.062C tj@61.375C soc1@61.375C VDD_IN 10567mW/10591mW VDD_CPU_GPU_CV 4001mW/3997mW VDD_SOC 2862mW/2862mW
08-04-2026 19:58:57 RAM 3865/7620MB (lfb 160x1MB) SWAP 1691/12002MB (cached 50MB) CPU [0%@1728,0%@1728,0%@1728,0%@1728,100%@1728,0%@1728] GR3D_FREQ 30% cpu@60.843C soc2@59.531C soc0@60.187C gpu@60.906C tj@61.5C soc1@61.5C VDD_IN 10608mW/10591mW VDD_CPU_GPU_CV 4001mW/3997mW VDD_SOC 2862mW/2862mW
08-04-2026 19:58:57 RAM 3865/7620MB (lfb 160x1MB) SWAP 1691/12002MB (cached 50MB) CPU [0%@1728,0%@1728,0%@1728,0%@1728,100%@1728,0%@1728] GR3D_FREQ 29% cpu@60.812C soc2@59.562C soc0@60.343C gpu@60.906C tj@61.531C soc1@61.531C VDD_IN 10567mW/10591mW VDD_CPU_GPU_CV 4001mW/3997mW VDD_SOC 2862mW/2862mW
08-04-2026 19:58:57 RAM 3865/7620MB (lfb 160x1MB) SWAP 1691/12002MB (cached 50MB) CPU [0%@1728,0%@1728,0%@1728,0%@1728,100%@1728,0%@1728] GR3D_FREQ 30% cpu@60.843C soc2@59.5C soc0@60.312C gpu@61.062C tj@61.562C soc1@61.562C VDD_IN 10567mW/10591mW VDD_CPU_GPU_CV 4001mW/3997mW VDD_SOC 2862mW/2862mW
08-04-2026 19:58:57 RAM 3865/7620MB (lfb 160x1MB) SWAP 1691/12002MB (cached 50MB) CPU [0%@1728,0%@1728,0%@1728,0%@1728,100%@1728,0%@1728] GR3D_FREQ 30% cpu@60.906C soc2@59.593C soc0@60.406C gpu@60.937C tj@61.718C soc1@61.718C VDD_IN 10567mW/10591mW VDD_CPU_GPU_CV 4001mW/3997mW VDD_SOC 2862mW/2862mW
08-04-2026 19:58:57 RAM 3865/7620MB (lfb 160x1MB) SWAP 1691/12002MB (cached 50MB) CPU [8%@1728,0%@1728,0%@1728,0%@1728,100%@1728,0%@1728] GR3D_FREQ 31% cpu@60.968C soc2@59.593C soc0@60.25C gpu@61.093C tj@61.437C soc1@61.437C VDD_IN 10567mW/10591mW VDD_CPU_GPU_CV 4001mW/3997mW VDD_SOC 2862mW/2862mW
08-04-2026 19:58:57 RAM 3865/7620MB (lfb 160x1MB) SWAP 1691/12002MB (cached 50MB) CPU [0%@1728,9%@1728,0%@1728,0%@1728,100%@1728,0%@1728] GR3D_FREQ 29% cpu@60.875C soc2@59.531C soc0@60.312C gpu@61C tj@61.437C soc1@61.437C VDD_IN 10608mW/10591mW VDD_CPU_GPU_CV 3995mW/3997mW VDD_SOC 2862mW/2862mW
08-04-2026 19:58:57 RAM 3865/7620MB (lfb 160x1MB) SWAP 1691/12002MB (cached 50MB) CPU [0%@1728,0%@1728,0%@1728,9%@1728,100%@1728,0%@1728] GR3D_FREQ 30% cpu@60.937C soc2@59.5C soc0@60.281C gpu@60.906C tj@61.468C soc1@61.468C VDD_IN 10608mW/10591mW VDD_CPU_GPU_CV 4001mW/3997mW VDD_SOC 2862mW/2862mW
08-04-2026 19:58:58 RAM 3865/7620MB (lfb 160x1MB) SWAP 1691/12002MB (cached 50MB) CPU [0%@1728,0%@1728,0%@1728,0%@1728,100%@1728,0%@1728] GR3D_FREQ 30% cpu@60.843C soc2@59.562C soc0@60.343C gpu@61.031C tj@61.625C soc1@61.625C VDD_IN 10608mW/10591mW VDD_CPU_GPU_CV 4001mW/3997mW VDD_SOC 2862mW/2862mW
08-04-2026 19:58:58 RAM 3865/7620MB (lfb 160x1MB) SWAP 1691/12002MB (cached 50MB) CPU [0%@1728,0%@1728,0%@1728,0%@1728,100%@1728,0%@1728] GR3D_FREQ 29% cpu@60.875C soc2@59.593C soc0@60.5C gpu@61C tj@61.687C soc1@61.687C VDD_IN 10608mW/10591mW VDD_CPU_GPU_CV 4001mW/3997mW VDD_SOC 2862mW/2862mW
08-04-2026 19:58:58 RAM 3865/7620MB (lfb 160x1MB) SWAP 1691/12002MB (cached 50MB) CPU [0%@1728,0%@1728,0%@1728,0%@1728,100%@1728,0%@1728] GR3D_FREQ 30% cpu@60.968C soc2@59.562C soc0@60.218C gpu@61.25C tj@61.468C soc1@61.468C VDD_IN 10608mW/10591mW VDD_CPU_GPU_CV 3995mW/3997mW VDD_SOC 2862mW/2862mW
08-04-2026 19:58:58 RAM 3865/7620MB (lfb 160x1MB) SWAP 1691/12002MB (cached 50MB) CPU [0%@1728,0%@1728,0%@1728,9%@1728,100%@1728,0%@1728] GR3D_FREQ 31% cpu@60.843C soc2@59.468C soc0@60.312C gpu@61.031C tj@61.468C soc1@61.468C VDD_IN 10567mW/10591mW VDD_CPU_GPU_CV 3995mW/3997mW VDD_SOC 2862mW/2862mW
08-04-2026 19:58:58 RAM 3865/7620MB (lfb 160x1MB) SWAP 1691/12002MB (cached 50MB) CPU [0%@1728,0%@1728,0%@1728,0%@1728,100%@1728,0%@1728] GR3D_FREQ 30% cpu@60.812C soc2@59.531C soc0@60.312C gpu@60.906C tj@61.5C soc1@61.5C VDD_IN 10592mW/10591mW VDD_CPU_GPU_CV 3995mW/3997mW VDD_SOC 2862mW/2862mW
08-04-2026 19:58:58 RAM 3865/7620MB (lfb 160x1MB) SWAP 1691/12002MB (cached 50MB) CPU [0%@1728,0%@1728,0%@1728,0%@1728,100%@1728,0%@1728] GR3D_FREQ 30% cpu@60.843C soc2@59.562C soc0@60.375C gpu@61.25C tj@61.75C soc1@61.75C VDD_IN 10608mW/10591mW VDD_CPU_GPU_CV 3995mW/3997mW VDD_SOC 2862mW/2862mW
08-04-2026 19:58:58 RAM 3865/7620MB (lfb 160x1MB) SWAP 1691/12002MB (cached 50MB) CPU [0%@1728,0%@1728,0%@1728,0%@1728,100%@1728,0%@1728] GR3D_FREQ 31% cpu@60.968C soc2@59.625C soc0@60.25C gpu@61.062C tj@61.406C soc1@61.406C VDD_IN 10608mW/10591mW VDD_CPU_GPU_CV 3995mW/3997mW VDD_SOC 2862mW/2862mW
08-04-2026 19:58:58 RAM 3865/7620MB (lfb 160x1MB) SWAP 1691/12002MB (cached 50MB) CPU [0%@1728,0%@1728,0%@1728,0%@1728,100%@1728,0%@1728] GR3D_FREQ 30% cpu@61C soc2@59.5C soc0@60.218C gpu@61.281C tj@61.437C soc1@61.437C VDD_IN 10608mW/10591mW VDD_CPU_GPU_CV 3995mW/3997mW VDD_SOC 2862mW/2862mW
08-04-2026 19:58:58 RAM 3865/7620MB (lfb 160x1MB) SWAP 1691/12002MB (cached 50MB) CPU [0%@1728,0%@1728,0%@1728,0%@1728,100%@1728,0%@1728] GR3D_FREQ 30% cpu@60.875C soc2@59.406C soc0@60.25C gpu@61.093C tj@61.5C soc1@61.5C VDD_IN 10608mW/10591mW VDD_CPU_GPU_CV 3995mW/3997mW VDD_SOC 2862mW/2862mW
08-04-2026 19:58:59 RAM 3865/7620MB (lfb 160x1MB) SWAP 1691/12002MB (cached 50MB) CPU [0%@1728,0%@1728,0%@1728,0%@1728,100%@1728,0%@1728] GR3D_FREQ 30% cpu@60.875C soc2@59.5C soc0@60.312C gpu@61.062C tj@61.562C soc1@61.562C VDD_IN 10608mW/10591mW VDD_CPU_GPU_CV 3995mW/3997mW VDD_SOC 2862mW/2862mW
08-04-2026 19:58:59 RAM 3865/7620MB (lfb 160x1MB) SWAP 1691/12002MB (cached 50MB) CPU [0%@1728,0%@1728,0%@1728,0%@1728,100%@1728,0%@1728] GR3D_FREQ 29% cpu@60.968C soc2@59.468C soc0@60.406C gpu@61.343C tj@61.781C soc1@61.781C VDD_IN 10608mW/10591mW VDD_CPU_GPU_CV 3995mW/3997mW VDD_SOC 2862mW/2862mW
08-04-2026 19:58:59 RAM 3865/7620MB (lfb 160x1MB) SWAP 1691/12002MB (cached 50MB) CPU [0%@1728,0%@1728,0%@1728,0%@1728,100%@1728,0%@1728] GR3D_FREQ 31% cpu@61.031C soc2@59.468C soc0@60.187C gpu@61.062C tj@61.531C soc1@61.531C VDD_IN 10608mW/10591mW VDD_CPU_GPU_CV 3960mW/3997mW VDD_SOC 2862mW/2862mW
08-04-2026 19:58:59 RAM 3865/7620MB (lfb 160x1MB) SWAP 1691/12002MB (cached 50MB) CPU [0%@1728,0%@1728,0%@1728,0%@1728,100%@1728,0%@1728] GR3D_FREQ 30% cpu@61.125C soc2@59.406C soc0@60.25C gpu@60.906C tj@61.531C soc1@61.531C VDD_IN 10608mW/10591mW VDD_CPU_GPU_CV 4001mW/3997mW VDD_SOC 2862mW/2862mW
08-04-2026 19:58:59 RAM 3865/7620MB (lfb 160x1MB) SWAP 1691/12002MB (cached 50MB) CPU [0%@1728,0%@1728,0%@1728,9%@1728,100%@1728,0%@1728] GR3D_FREQ 29% cpu@60.875C soc2@59.468C soc0@60.375C gpu@61.156C tj@61.468C soc1@61.531C VDD_IN 10608mW/10591mW VDD_CPU_GPU_CV 3995mW/3997mW VDD_SOC 2862mW/2862mW
08-04-2026 19:58:59 RAM 3865/7620MB (lfb 160x1MB) SWAP 1691/12002MB (cached 50MB) CPU [0%@1728,0%@1728,9%@1728,0%@1728,100%@1728,0%@1728] GR3D_FREQ 31% cpu@60.875C soc2@59.5C soc0@60.406C gpu@61.093C tj@61.625C soc1@61.625C VDD_IN 10608mW/10591mW VDD_CPU_GPU_CV 3995mW/3997mW VDD_SOC 2862mW/2862mW
08-04-2026 19:58:59 RAM 3865/7620MB (lfb 160x1MB) SWAP 1691/12002MB (cached 50MB) CPU [0%@1728,0%@1728,0%@1728,0%@1728,100%@1728,0%@1728] GR3D_FREQ 30% cpu@60.937C soc2@59.687C soc0@60.406C gpu@60.843C tj@61.406C soc1@61.406C VDD_IN 10608mW/10591mW VDD_CPU_GPU_CV 3995mW/3997mW VDD_SOC 2862mW/2862mW
08-04-2026 19:58:59 RAM 3863/7620MB (lfb 160x1MB) SWAP 1691/12002MB (cached 50MB) CPU [0%@1728,9%@1728,9%@1728,27%@1728,100%@1728,0%@1728] GR3D_FREQ 30% cpu@61.093C soc2@59.531C soc0@60.25C gpu@61.156C tj@61.406C soc1@61.406C VDD_IN 10649mW/10591mW VDD_CPU_GPU_CV 4036mW/3997mW VDD_SOC 2862mW/2862mW
08-04-2026 19:58:59 RAM 3863/7620MB (lfb 160x1MB) SWAP 1691/12002MB (cached 50MB) CPU [0%@1728,0%@1728,0%@1728,0%@1728,100%@1728,0%@1728] GR3D_FREQ 29% cpu@61.093C soc2@59.562C soc0@60.343C gpu@61.125C tj@61.562C soc1@61.562C VDD_IN 10649mW/10591mW VDD_CPU_GPU_CV 4036mW/3997mW VDD_SOC 2862mW/2862mW
08-04-2026 19:58:59 RAM 3863/7620MB (lfb 160x1MB) SWAP 1691/12002MB (cached 50MB) CPU [0%@1728,0%@1728,0%@1728,0%@1728,100%@1728,0%@1728] GR3D_FREQ 31% cpu@60.937C soc2@59.531C soc0@60.312C gpu@60.875C tj@61.656C soc1@61.656C VDD_IN 10649mW/10592mW VDD_CPU_GPU_CV 4036mW/3997mW VDD_SOC 2862mW/2862mW
08-04-2026 19:59:00 RAM 3863/7620MB (lfb 160x1MB) SWAP 1691/12002MB (cached 50MB) CPU [0%@1728,0%@1728,0%@1728,0%@1728,100%@1728,0%@1728] GR3D_FREQ 31% cpu@61C soc2@59.625C soc0@60.343C gpu@61.218C tj@61.687C soc1@61.687C VDD_IN 10592mW/10592mW VDD_CPU_GPU_CV 4036mW/3997mW VDD_SOC 2862mW/2862mW
08-04-2026 19:59:00 RAM 3863/7620MB (lfb 160x1MB) SWAP 1691/12002MB (cached 50MB) CPU [0%@1728,0%@1728,0%@1728,0%@1728,100%@1728,0%@1728] GR3D_FREQ 29% cpu@61C soc2@59.593C soc0@60.187C gpu@61.125C tj@61.437C soc1@61.437C VDD_IN 10592mW/10592mW VDD_CPU_GPU_CV 4001mW/3997mW VDD_SOC 2862mW/2862mW
08-04-2026 19:59:00 RAM 3863/7620MB (lfb 160x1MB) SWAP 1691/12002MB (cached 50MB) CPU [0%@1728,0%@1728,0%@1728,0%@1728,100%@1728,0%@1728] GR3D_FREQ 31% cpu@61.125C soc2@59.468C soc0@60.25C gpu@61.406C tj@61.406C soc1@61.406C VDD_IN 10608mW/10592mW VDD_CPU_GPU_CV 3995mW/3997mW VDD_SOC 2862mW/2862mW
08-04-2026 19:59:00 RAM 3863/7620MB (lfb 160x1MB) SWAP 1691/12002MB (cached 50MB) CPU [0%@1728,0%@1728,0%@1728,0%@1728,100%@1728,0%@1728] GR3D_FREQ 30% cpu@60.843C soc2@59.406C soc0@60.25C gpu@61.187C tj@61.468C soc1@61.468C VDD_IN 10608mW/10592mW VDD_CPU_GPU_CV 3995mW/3997mW VDD_SOC 2862mW/2862mW
08-04-2026 19:59:00 RAM 3863/7620MB (lfb 160x1MB) SWAP 1691/12002MB (cached 50MB) CPU [0%@1728,0%@1728,0%@1728,0%@1728,100%@1728,0%@1728] GR3D_FREQ 30% cpu@60.875C soc2@59.593C soc0@60.312C gpu@60.906C tj@61.625C soc1@61.625C VDD_IN 10608mW/10592mW VDD_CPU_GPU_CV 3995mW/3997mW VDD_SOC 2862mW/2862mW
08-04-2026 19:59:00 RAM 3863/7620MB (lfb 160x1MB) SWAP 1691/12002MB (cached 50MB) CPU [0%@1728,9%@1728,0%@1728,0%@1728,100%@1728,0%@1728] GR3D_FREQ 30% cpu@60.937C soc2@59.593C soc0@60.5C gpu@61.312C tj@61.718C soc1@61.375C VDD_IN 10608mW/10592mW VDD_CPU_GPU_CV 3995mW/3997mW VDD_SOC 2862mW/2862mW
08-04-2026 19:59:00 RAM 3863/7620MB (lfb 160x1MB) SWAP 1691/12002MB (cached 50MB) CPU [0%@1728,8%@1728,0%@1728,0%@1728,100%@1728,0%@1728] GR3D_FREQ 30% cpu@60.906C soc2@59.468C soc0@60.156C gpu@61.062C tj@61.437C soc1@61.437C VDD_IN 10608mW/10592mW VDD_CPU_GPU_CV 3995mW/3997mW VDD_SOC 2862mW/2862mW
08-04-2026 19:59:00 RAM 3863/7620MB (lfb 160x1MB) SWAP 1691/12002MB (cached 50MB) CPU [0%@1728,0%@1728,0%@1728,0%@1728,100%@1728,0%@1728] GR3D_FREQ 30% cpu@61.125C soc2@59.406C soc0@60.187C gpu@60.843C tj@61.468C soc1@61.468C VDD_IN 10608mW/10592mW VDD_CPU_GPU_CV 4001mW/3997mW VDD_SOC 2862mW/2862mW
08-04-2026 19:59:00 RAM 3863/7620MB (lfb 160x1MB) SWAP 1691/12002MB (cached 50MB) CPU [0%@1728,0%@1728,0%@1728,0%@1728,100%@1728,0%@1728] GR3D_FREQ 30% cpu@60.906C soc2@59.531C soc0@60.218C gpu@61.281C tj@61.5C soc1@61.5C VDD_IN 10567mW/10592mW VDD_CPU_GPU_CV 4001mW/3997mW VDD_SOC 2862mW/2862mW
08-04-2026 19:59:01 RAM 3863/7620MB (lfb 160x1MB) SWAP 1691/12002MB (cached 50MB) CPU [0%@1728,0%@1728,0%@1728,9%@1728,100%@1728,0%@1728] GR3D_FREQ 29% cpu@60.968C soc2@59.593C soc0@60.375C gpu@60.906C tj@61.687C soc1@61.687C VDD_IN 10567mW/10592mW VDD_CPU_GPU_CV 4001mW/3997mW VDD_SOC 2862mW/2862mW
08-04-2026 19:59:01 RAM 3863/7620MB (lfb 160x1MB) SWAP 1691/12002MB (cached 50MB) CPU [0%@1728,0%@1728,0%@1728,9%@1728,100%@1728,0%@1728] GR3D_FREQ 30% cpu@60.937C soc2@59.656C soc0@60.531C gpu@60.812C tj@61.5C soc1@61.468C VDD_IN 10567mW/10592mW VDD_CPU_GPU_CV 4001mW/3997mW VDD_SOC 2862mW/2862mW
08-04-2026 19:59:01 RAM 3863/7620MB (lfb 160x1MB) SWAP 1691/12002MB (cached 50MB) CPU [0%@1728,0%@1728,0%@1728,0%@1728,100%@1728,0%@1728] GR3D_FREQ 31% cpu@61.125C soc2@59.531C soc0@60.281C gpu@61.281C tj@61.406C soc1@61.406C VDD_IN 10608mW/10592mW VDD_CPU_GPU_CV 4001mW/3997mW VDD_SOC 2862mW/2862mW
08-04-2026 19:59:01 RAM 3863/7620MB (lfb 160x1MB) SWAP 1691/12002MB (cached 50MB) CPU [0%@1728,0%@1728,0%@1728,0%@1728,100%@1728,0%@1728] GR3D_FREQ 29% cpu@60.812C soc2@59.5C soc0@60.218C gpu@60.843C tj@61.468C soc1@61.468C VDD_IN 10567mW/10592mW VDD_CPU_GPU_CV 4001mW/3997mW VDD_SOC 2862mW/2862mW
08-04-2026 19:59:01 RAM 3863/7620MB (lfb 160x1MB) SWAP 1691/12002MB (cached 50MB) CPU [0%@1728,0%@1728,0%@1728,0%@1728,100%@1728,0%@1728] GR3D_FREQ 31% cpu@60.875C soc2@59.468C soc0@60.312C gpu@60.875C tj@61.593C soc1@61.593C VDD_IN 10567mW/10592mW VDD_CPU_GPU_CV 4001mW/3997mW VDD_SOC 2862mW/2862mW
08-04-2026 19:59:01 RAM 3863/7620MB (lfb 160x1MB) SWAP 1691/12002MB (cached 50MB) CPU [0%@1728,0%@1728,0%@1728,0%@1728,100%@1728,0%@1728] GR3D_FREQ 31% cpu@60.875C soc2@59.562C soc0@60.437C gpu@60.937C tj@61.781C soc1@61.781C VDD_IN 10567mW/10592mW VDD_CPU_GPU_CV 3995mW/3997mW VDD_SOC 2862mW/2862mW
08-04-2026 19:59:01 RAM 3863/7620MB (lfb 160x1MB) SWAP 1691/12002MB (cached 50MB) CPU [0%@1728,0%@1728,0%@1728,0%@1728,100%@1728,0%@1728] GR3D_FREQ 29% cpu@61.093C soc2@59.5C soc0@60.187C gpu@60.906C tj@61.437C soc1@61.437C VDD_IN 10567mW/10591mW VDD_CPU_GPU_CV 4001mW/3997mW VDD_SOC 2862mW/2862mW
08-04-2026 19:59:01 RAM 3863/7620MB (lfb 160x1MB) SWAP 1691/12002MB (cached 50MB) CPU [0%@1728,0%@1728,8%@1728,0%@1728,100%@1728,0%@1728] GR3D_FREQ 29% cpu@61.156C soc2@59.468C soc0@60.218C gpu@61.062C tj@61.437C soc1@61.437C VDD_IN 10567mW/10591mW VDD_CPU_GPU_CV 4001mW/3997mW VDD_SOC 2862mW/2862mW
08-04-2026 19:59:01 RAM 3863/7620MB (lfb 160x1MB) SWAP 1691/12002MB (cached 50MB) CPU [0%@1728,0%@1728,0%@1728,0%@1728,100%@1728,0%@1728] GR3D_FREQ 31% cpu@60.718C soc2@59.562C soc0@60.312C gpu@60.937C tj@61.5C soc1@61.5C VDD_IN 10608mW/10591mW VDD_CPU_GPU_CV 4001mW/3997mW VDD_SOC 2862mW/2862mW
08-04-2026 19:59:01 RAM 3863/7620MB (lfb 160x1MB) SWAP 1691/12002MB (cached 50MB) CPU [9%@1728,0%@1728,0%@1728,0%@1728,100%@1728,0%@1728] GR3D_FREQ 30% cpu@60.906C soc2@59.5C soc0@60.375C gpu@60.937C tj@61.656C soc1@61.656C VDD_IN 10608mW/10591mW VDD_CPU_GPU_CV 4001mW/3997mW VDD_SOC 2862mW/2862mW
08-04-2026 19:59:02 RAM 3863/7620MB (lfb 160x1MB) SWAP 1691/12002MB (cached 50MB) CPU [0%@1728,0%@1728,0%@1728,0%@1728,100%@1728,0%@1728] GR3D_FREQ 29% cpu@61.031C soc2@59.562C soc0@60.25C gpu@61C tj@61.437C soc1@61.437C VDD_IN 10608mW/10592mW VDD_CPU_GPU_CV 4001mW/3997mW VDD_SOC 2862mW/2862mW
08-04-2026 19:59:02 RAM 3863/7620MB (lfb 160x1MB) SWAP 1691/12002MB (cached 50MB) CPU [0%@1728,0%@1728,9%@1728,0%@1728,100%@1728,0%@1728] GR3D_FREQ 31% cpu@61.25C soc2@59.468C soc0@60.25C gpu@60.906C tj@61.468C soc1@61.468C VDD_IN 10608mW/10592mW VDD_CPU_GPU_CV 3995mW/3997mW VDD_SOC 2862mW/2862mW
08-04-2026 19:59:02 RAM 3863/7620MB (lfb 160x1MB) SWAP 1691/12002MB (cached 50MB) CPU [0%@1728,0%@1728,0%@1728,0%@1728,100%@1728,0%@1728] GR3D_FREQ 30% cpu@60.843C soc2@59.468C soc0@60.25C gpu@60.812C tj@61.5C soc1@61.5C VDD_IN 10608mW/10592mW VDD_CPU_GPU_CV 3995mW/3997mW VDD_SOC 2862mW/2862mW
08-04-2026 19:59:02 RAM 3863/7620MB (lfb 160x1MB) SWAP 1691/12002MB (cached 50MB) CPU [8%@1728,0%@1728,0%@1728,0%@1728,100%@1728,0%@1728] GR3D_FREQ 30% cpu@60.812C soc2@59.468C soc0@60.25C gpu@60.937C tj@61.656C soc1@61.656C VDD_IN 10608mW/10592mW VDD_CPU_GPU_CV 3995mW/3997mW VDD_SOC 2862mW/2862mW
08-04-2026 19:59:02 RAM 3863/7620MB (lfb 160x1MB) SWAP 1691/12002MB (cached 50MB) CPU [0%@1728,0%@1728,0%@1728,0%@1728,100%@1728,0%@1728] GR3D_FREQ 30% cpu@61C soc2@59.593C soc0@60.437C gpu@60.906C tj@61.718C soc1@61.75C VDD_IN 10608mW/10592mW VDD_CPU_GPU_CV 3995mW/3997mW VDD_SOC 2862mW/2862mW
08-04-2026 19:59:02 RAM 3863/7620MB (lfb 160x1MB) SWAP 1691/12002MB (cached 50MB) CPU [0%@1728,0%@1728,0%@1728,0%@1728,100%@1728,0%@1728] GR3D_FREQ 30% cpu@61.125C soc2@59.437C soc0@60.281C gpu@61.125C tj@61.406C soc1@61.406C VDD_IN 10608mW/10592mW VDD_CPU_GPU_CV 3995mW/3997mW VDD_SOC 2862mW/2862mW
08-04-2026 19:59:02 RAM 3863/7620MB (lfb 160x1MB) SWAP 1691/12002MB (cached 50MB) CPU [0%@1728,0%@1728,0%@1728,0%@1728,100%@1728,0%@1728] GR3D_FREQ 31% cpu@60.75C soc2@59.531C soc0@60.25C gpu@60.875C tj@61.468C soc1@61.468C VDD_IN 10567mW/10592mW VDD_CPU_GPU_CV 3995mW/3997mW VDD_SOC 2862mW/2862mW
08-04-2026 19:59:02 RAM 3863/7620MB (lfb 160x1MB) SWAP 1691/12002MB (cached 50MB) CPU [0%@1728,0%@1728,0%@1728,0%@1728,100%@1728,0%@1728] GR3D_FREQ 30% cpu@60.75C soc2@59.625C soc0@60.312C gpu@60.906C tj@61.5C soc1@61.5C VDD_IN 10567mW/10592mW VDD_CPU_GPU_CV 3995mW/3997mW VDD_SOC 2862mW/2862mW
08-04-2026 19:59:02 RAM 3863/7620MB (lfb 160x1MB) SWAP 1691/12002MB (cached 50MB) CPU [0%@1728,0%@1728,0%@1728,0%@1728,100%@1728,0%@1728] GR3D_FREQ 30% cpu@60.75C soc2@59.593C soc0@60.281C gpu@60.937C tj@61.687C soc1@61.687C VDD_IN 10567mW/10592mW VDD_CPU_GPU_CV 4001mW/3997mW VDD_SOC 2862mW/2862mW
08-04-2026 19:59:03 RAM 3862/7620MB (lfb 160x1MB) SWAP 1691/12002MB (cached 50MB) CPU [9%@1728,27%@1728,9%@1728,18%@1728,100%@1728,0%@1728] GR3D_FREQ 31% cpu@61.125C soc2@59.687C soc0@60.468C gpu@60.937C tj@61.437C soc1@61.437C VDD_IN 10690mW/10592mW VDD_CPU_GPU_CV 4036mW/3998mW VDD_SOC 2862mW/2862mW
08-04-2026 19:59:03 RAM 3861/7620MB (lfb 160x1MB) SWAP 1691/12002MB (cached 50MB) CPU [0%@1728,0%@1728,0%@1728,0%@1728,100%@1728,0%@1728] GR3D_FREQ 30% cpu@61.281C soc2@59.531C soc0@60.218C gpu@60.843C tj@61.5C soc1@61.5C VDD_IN 10649mW/10592mW VDD_CPU_GPU_CV 4036mW/3998mW VDD_SOC 2862mW/2862mW
08-04-2026 19:59:03 RAM 3861/7620MB (lfb 160x1MB) SWAP 1691/12002MB (cached 50MB) CPU [0%@1728,0%@1728,0%@1728,0%@1728,100%@1728,0%@1728] GR3D_FREQ 29% cpu@60.843C soc2@59.562C soc0@60.25C gpu@60.968C tj@61.593C soc1@61.593C VDD_IN 10649mW/10592mW VDD_CPU_GPU_CV 3995mW/3998mW VDD_SOC 2862mW/2862mW
08-04-2026 19:59:03 RAM 3861/7620MB (lfb 160x1MB) SWAP 1691/12002MB (cached 50MB) CPU [0%@1728,0%@1728,0%@1728,0%@1728,100%@1728,0%@1728] GR3D_FREQ 31% cpu@60.906C soc2@59.468C soc0@60.281C gpu@60.968C tj@61.531C soc1@61.687C VDD_IN 10649mW/10592mW VDD_CPU_GPU_CV 4001mW/3998mW VDD_SOC 2862mW/2862mW
08-04-2026 19:59:03 RAM 3861/7620MB (lfb 160x1MB) SWAP 1691/12002MB (cached 50MB) CPU [0%@1728,0%@1728,0%@1728,0%@1728,100%@1728,0%@1728] GR3D_FREQ 30% cpu@60.875C soc2@59.562C soc0@60.343C gpu@61.093C tj@61.625C soc1@61.625C VDD_IN 10649mW/10592mW VDD_CPU_GPU_CV 4001mW/3998mW VDD_SOC 2862mW/2862mW
08-04-2026 19:59:03 RAM 3861/7620MB (lfb 160x1MB) SWAP 1691/12002MB (cached 50MB) CPU [0%@1728,0%@1728,0%@1728,0%@1728,100%@1728,0%@1728] GR3D_FREQ 29% cpu@61.062C soc2@59.687C soc0@60.406C gpu@61C tj@61.437C soc1@61.437C VDD_IN 10608mW/10592mW VDD_CPU_GPU_CV 4001mW/3998mW VDD_SOC 2862mW/2862mW
08-04-2026 19:59:03 RAM 3861/7620MB (lfb 160x1MB) SWAP 1691/12002MB (cached 50MB) CPU [0%@1728,0%@1728,0%@1728,0%@1728,100%@1728,0%@1728] GR3D_FREQ 29% cpu@60.843C soc2@59.406C soc0@60.312C gpu@60.906C tj@61.437C soc1@61.437C VDD_IN 10608mW/10592mW VDD_CPU_GPU_CV 4001mW/3998mW VDD_SOC 2862mW/2862mW
08-04-2026 19:59:03 RAM 3861/7620MB (lfb 160x1MB) SWAP 1691/12002MB (cached 50MB) CPU [8%@1728,0%@1728,0%@1728,0%@1728,100%@1728,0%@1728] GR3D_FREQ 31% cpu@60.812C soc2@59.468C soc0@60.187C gpu@61C tj@61.531C soc1@61.531C VDD_IN 10608mW/10592mW VDD_CPU_GPU_CV 3995mW/3998mW VDD_SOC 2862mW/2862mW
08-04-2026 19:59:03 RAM 3861/7620MB (lfb 160x1MB) SWAP 1691/12002MB (cached 50MB) CPU [0%@1728,0%@1728,0%@1728,0%@1728,100%@1728,0%@1728] GR3D_FREQ 30% cpu@60.781C soc2@59.531C soc0@60.25C gpu@60.906C tj@61.562C soc1@61.562C VDD_IN 10608mW/10592mW VDD_CPU_GPU_CV 4001mW/3998mW VDD_SOC 2862mW/2862mW
08-04-2026 19:59:03 RAM 3861/7620MB (lfb 160x1MB) SWAP 1691/12002MB (cached 50MB) CPU [0%@1728,0%@1728,0%@1728,9%@1728,100%@1728,0%@1728] GR3D_FREQ 29% cpu@61.031C soc2@59.593C soc0@60.437C gpu@61.25C tj@61.718C soc1@61.718C VDD_IN 10608mW/10592mW VDD_CPU_GPU_CV 4001mW/3998mW VDD_SOC 2862mW/2862mW
08-04-2026 19:59:04 RAM 3861/7620MB (lfb 160x1MB) SWAP 1691/12002MB (cached 50MB) CPU [9%@1728,0%@1728,0%@1728,0%@1728,100%@1728,9%@1728] GR3D_FREQ 31% cpu@61.25C soc2@59.5C soc0@60.187C gpu@61.156C tj@61.468C soc1@61.468C VDD_IN 10608mW/10592mW VDD_CPU_GPU_CV 4001mW/3998mW VDD_SOC 2862mW/2862mW
08-04-2026 19:59:04 RAM 3861/7620MB (lfb 160x1MB) SWAP 1691/12002MB (cached 50MB) CPU [0%@1728,0%@1728,0%@1728,0%@1728,100%@1728,0%@1728] GR3D_FREQ 30% cpu@60.875C soc2@59.562C soc0@60.25C gpu@60.968C tj@61.406C soc1@61.406C VDD_IN 10608mW/10592mW VDD_CPU_GPU_CV 4001mW/3998mW VDD_SOC 2862mW/2862mW
08-04-2026 19:59:04 RAM 3861/7620MB (lfb 160x1MB) SWAP 1691/12002MB (cached 50MB) CPU [0%@1728,0%@1728,9%@1728,0%@1728,100%@1728,0%@1728] GR3D_FREQ 29% cpu@60.781C soc2@59.562C soc0@60.25C gpu@61.218C tj@61.5C soc1@61.5C VDD_IN 10608mW/10592mW VDD_CPU_GPU_CV 4001mW/3998mW VDD_SOC 2862mW/2862mW
08-04-2026 19:59:04 RAM 3861/7620MB (lfb 160x1MB) SWAP 1691/12002MB (cached 50MB) CPU [0%@1728,0%@1728,0%@1728,0%@1728,100%@1728,0%@1728] GR3D_FREQ 30% cpu@60.875C soc2@59.5C soc0@60.343C gpu@61.125C tj@61.625C soc1@61.625C VDD_IN 10608mW/10592mW VDD_CPU_GPU_CV 4001mW/3998mW VDD_SOC 2862mW/2862mW
08-04-2026 19:59:04 RAM 3861/7620MB (lfb 160x1MB) SWAP 1691/12002MB (cached 50MB) CPU [0%@1728,0%@1728,0%@1728,0%@1728,100%@1728,0%@1728] GR3D_FREQ 30% cpu@61.093C soc2@59.625C soc0@60.468C gpu@61.375C tj@61.718C soc1@61.718C VDD_IN 10567mW/10592mW VDD_CPU_GPU_CV 4001mW/3998mW VDD_SOC 2862mW/2862mW
08-04-2026 19:59:04 RAM 3861/7620MB (lfb 160x1MB) SWAP 1691/12002MB (cached 50MB) CPU [0%@1728,0%@1728,0%@1728,9%@1728,100%@1728,0%@1728] GR3D_FREQ 30% cpu@60.843C soc2@59.531C soc0@60.187C gpu@61.187C tj@61.625C soc1@61.625C VDD_IN 10608mW/10592mW VDD_CPU_GPU_CV 4001mW/3998mW VDD_SOC 2862mW/2862mW
08-04-2026 19:59:04 RAM 3861/7620MB (lfb 160x1MB) SWAP 1691/12002MB (cached 50MB) CPU [0%@1728,0%@1728,0%@1728,0%@1728,100%@1728,0%@1728] GR3D_FREQ 30% cpu@60.687C soc2@59.406C soc0@60.25C gpu@61C tj@61.5C soc1@61.5C VDD_IN 10567mW/10592mW VDD_CPU_GPU_CV 4001mW/3998mW VDD_SOC 2862mW/2862mW
08-04-2026 19:59:04 RAM 3861/7620MB (lfb 160x1MB) SWAP 1691/12002MB (cached 50MB) CPU [0%@1728,0%@1728,0%@1728,0%@1728,100%@1728,0%@1728] GR3D_FREQ 29% cpu@60.843C soc2@59.5C soc0@60.437C gpu@61.312C tj@61.531C soc1@61.531C VDD_IN 10567mW/10592mW VDD_CPU_GPU_CV 4001mW/3998mW VDD_SOC 2862mW/2862mW
08-04-2026 19:59:04 RAM 3861/7620MB (lfb 160x1MB) SWAP 1691/12002MB (cached 50MB) CPU [0%@1728,0%@1728,0%@1728,0%@1728,100%@1728,0%@1728] GR3D_FREQ 31% cpu@60.906C soc2@59.531C soc0@60.406C gpu@61.093C tj@61.718C soc1@61.718C VDD_IN 10608mW/10592mW VDD_CPU_GPU_CV 4001mW/3998mW VDD_SOC 2862mW/2862mW
08-04-2026 19:59:05 RAM 3861/7620MB (lfb 160x1MB) SWAP 1691/12002MB (cached 50MB) CPU [9%@1728,0%@1728,0%@1728,0%@1728,100%@1728,0%@1728] GR3D_FREQ 31% cpu@60.875C soc2@59.593C soc0@60.187C gpu@60.843C tj@61.437C soc1@61.437C VDD_IN 10608mW/10592mW VDD_CPU_GPU_CV 4001mW/3998mW VDD_SOC 2862mW/2862mW
08-04-2026 19:59:05 RAM 3861/7620MB (lfb 160x1MB) SWAP 1691/12002MB (cached 50MB) CPU [0%@1728,0%@1728,0%@1728,0%@1728,100%@1728,0%@1728] GR3D_FREQ 29% cpu@60.781C soc2@59.531C soc0@60.218C gpu@61.25C tj@61.437C soc1@61.437C VDD_IN 10608mW/10592mW VDD_CPU_GPU_CV 4001mW/3998mW VDD_SOC 2862mW/2862mW
08-04-2026 19:59:05 RAM 3861/7620MB (lfb 160x1MB) SWAP 1691/12002MB (cached 50MB) CPU [0%@1728,0%@1728,0%@1728,0%@1728,100%@1728,0%@1728] GR3D_FREQ 31% cpu@60.781C soc2@59.5C soc0@60.25C gpu@61.062C tj@61.5C soc1@61.5C VDD_IN 10608mW/10592mW VDD_CPU_GPU_CV 4001mW/3998mW VDD_SOC 2862mW/2862mW
08-04-2026 19:59:05 RAM 3862/7620MB (lfb 160x1MB) SWAP 1691/12002MB (cached 50MB) CPU [0%@1728,0%@1728,0%@1728,0%@1728,100%@1728,0%@1728] GR3D_FREQ 31% cpu@60.906C soc2@59.5C soc0@60.406C gpu@60.906C tj@61.562C soc1@61.562C VDD_IN 10608mW/10592mW VDD_CPU_GPU_CV 4001mW/3998mW VDD_SOC 2862mW/2862mW
08-04-2026 19:59:05 RAM 3862/7620MB (lfb 160x1MB) SWAP 1691/12002MB (cached 50MB) CPU [0%@1728,9%@1728,0%@1728,0%@1728,100%@1728,0%@1728] GR3D_FREQ 30% cpu@60.906C soc2@59.625C soc0@60.5C gpu@61.312C tj@61.437C soc1@61.437C VDD_IN 10608mW/10592mW VDD_CPU_GPU_CV 4001mW/3998mW VDD_SOC 2862mW/2862mW
08-04-2026 19:59:05 RAM 3862/7620MB (lfb 160x1MB) SWAP 1691/12002MB (cached 50MB) CPU [8%@1728,0%@1728,0%@1728,0%@1728,100%@1728,0%@1728] GR3D_FREQ 30% cpu@60.843C soc2@59.593C soc0@60.187C gpu@60.906C tj@61.5C soc1@61.5C VDD_IN 10608mW/10592mW VDD_CPU_GPU_CV 4001mW/3998mW VDD_SOC 2862mW/2862mW
08-04-2026 19:59:05 RAM 3862/7620MB (lfb 160x1MB) SWAP 1691/12002MB (cached 50MB) CPU [0%@1728,0%@1728,0%@1728,0%@1728,100%@1728,0%@1728] GR3D_FREQ 29% cpu@60.75C soc2@59.406C soc0@60.25C gpu@60.843C tj@61.468C soc1@61.468C VDD_IN 10567mW/10592mW VDD_CPU_GPU_CV 4001mW/3998mW VDD_SOC 2862mW/2862mW
08-04-2026 19:59:05 RAM 3862/7620MB (lfb 160x1MB) SWAP 1691/12002MB (cached 50MB) CPU [0%@1728,0%@1728,0%@1728,0%@1728,100%@1728,0%@1728] GR3D_FREQ 30% cpu@60.843C soc2@59.5C soc0@60.25C gpu@61.25C tj@61.531C soc1@61.531C VDD_IN 10567mW/10592mW VDD_CPU_GPU_CV 4001mW/3998mW VDD_SOC 2862mW/2862mW
08-04-2026 19:59:05 RAM 3862/7620MB (lfb 160x1MB) SWAP 1691/12002MB (cached 50MB) CPU [0%@1728,0%@1728,0%@1728,0%@1728,100%@1728,0%@1728] GR3D_FREQ 30% cpu@60.812C soc2@59.625C soc0@60.375C gpu@60.875C tj@61.562C soc1@61.562C VDD_IN 10567mW/10592mW VDD_CPU_GPU_CV 4001mW/3998mW VDD_SOC 2862mW/2862mW
08-04-2026 19:59:05 RAM 3862/7620MB (lfb 160x1MB) SWAP 1691/12002MB (cached 50MB) CPU [0%@1728,0%@1728,0%@1728,0%@1728,100%@1728,0%@1728] GR3D_FREQ 30% cpu@60.906C soc2@59.593C soc0@60.437C gpu@61.406C tj@61.437C soc1@61.437C VDD_IN 10608mW/10592mW VDD_CPU_GPU_CV 3995mW/3998mW VDD_SOC 2862mW/2862mW
08-04-2026 19:59:06 RAM 3862/7620MB (lfb 160x1MB) SWAP 1691/12002MB (cached 50MB) CPU [0%@1728,0%@1728,0%@1728,0%@1728,100%@1728,0%@1728] GR3D_FREQ 29% cpu@60.812C soc2@59.437C soc0@60.312C gpu@60.906C tj@61.437C soc1@61.437C VDD_IN 10608mW/10592mW VDD_CPU_GPU_CV 4001mW/3998mW VDD_SOC 2862mW/2862mW
08-04-2026 19:59:06 RAM 3862/7620MB (lfb 160x1MB) SWAP 1691/12002MB (cached 50MB) CPU [0%@1728,0%@1728,0%@1728,0%@1728,100%@1728,0%@1728] GR3D_FREQ 30% cpu@60.75C soc2@59.531C soc0@60.281C gpu@60.875C tj@61.5C soc1@61.5C VDD_IN 10608mW/10592mW VDD_CPU_GPU_CV 4001mW/3998mW VDD_SOC 2862mW/2862mW
08-04-2026 19:59:06 RAM 3867/7620MB (lfb 160x1MB) SWAP 1691/12002MB (cached 50MB) CPU [10%@1728,20%@1728,0%@1728,0%@1728,100%@1728,0%@1728] GR3D_FREQ 31% cpu@60.906C soc2@59.562C soc0@60.312C gpu@61.406C tj@61.562C soc1@61.562C VDD_IN 10649mW/10592mW VDD_CPU_GPU_CV 4042mW/3998mW VDD_SOC 2862mW/2862mW
08-04-2026 19:59:06 RAM 3866/7620MB (lfb 160x1MB) SWAP 1691/12002MB (cached 50MB) CPU [0%@1728,0%@1728,0%@1728,0%@1728,100%@1728,0%@1728] GR3D_FREQ 30% cpu@60.843C soc2@59.625C soc0@60.375C gpu@60.906C tj@61.656C soc1@61.656C VDD_IN 10632mW/10592mW VDD_CPU_GPU_CV 4042mW/3998mW VDD_SOC 2862mW/2862mW
08-04-2026 19:59:06 RAM 3866/7620MB (lfb 160x1MB) SWAP 1691/12002MB (cached 50MB) CPU [0%@1728,0%@1728,0%@1728,0%@1728,100%@1728,0%@1728] GR3D_FREQ 30% cpu@60.875C soc2@59.562C soc0@60.375C gpu@60.906C tj@61.593C soc1@61.593C VDD_IN 10592mW/10592mW VDD_CPU_GPU_CV 4042mW/3998mW VDD_SOC 2862mW/2862mW
08-04-2026 19:59:06 RAM 3866/7620MB (lfb 160x1MB) SWAP 1691/12002MB (cached 50MB) CPU [0%@1728,0%@1728,0%@1728,0%@1728,100%@1728,0%@1728] GR3D_FREQ 30% cpu@61.031C soc2@59.562C soc0@60.406C gpu@61.25C tj@61.687C soc1@61.687C VDD_IN 10592mW/10592mW VDD_CPU_GPU_CV 4001mW/3998mW VDD_SOC 2862mW/2862mW
08-04-2026 19:59:06 RAM 3866/7620MB (lfb 160x1MB) SWAP 1691/12002MB (cached 50MB) CPU [0%@1728,0%@1728,0%@1728,0%@1728,100%@1728,0%@1728] GR3D_FREQ 30% cpu@60.968C soc2@59.656C soc0@60.187C gpu@60.906C tj@61.468C soc1@61.468C VDD_IN 10592mW/10592mW VDD_CPU_GPU_CV 4001mW/3998mW VDD_SOC 2862mW/2862mW
08-04-2026 19:59:06 RAM 3866/7620MB (lfb 160x1MB) SWAP 1691/12002MB (cached 50MB) CPU [0%@1728,0%@1728,0%@1728,0%@1728,100%@1728,0%@1728] GR3D_FREQ 30% cpu@61.093C soc2@59.562C soc0@60.218C gpu@60.906C tj@61.468C soc1@61.468C VDD_IN 10608mW/10592mW VDD_CPU_GPU_CV 4001mW/3998mW VDD_SOC 2862mW/2862mW
08-04-2026 19:59:06 RAM 3866/7620MB (lfb 160x1MB) SWAP 1691/12002MB (cached 50MB) CPU [0%@1728,0%@1728,0%@1728,0%@1728,100%@1728,0%@1728] GR3D_FREQ 30% cpu@60.781C soc2@59.531C soc0@60.218C gpu@60.906C tj@61.531C soc1@61.531C VDD_IN 10608mW/10592mW VDD_CPU_GPU_CV 4001mW/3998mW VDD_SOC 2862mW/2862mW
08-04-2026 19:59:07 RAM 3866/7620MB (lfb 160x1MB) SWAP 1691/12002MB (cached 50MB) CPU [0%@1728,0%@1728,0%@1728,9%@1728,100%@1728,0%@1728] GR3D_FREQ 30% cpu@60.968C soc2@59.625C soc0@60.375C gpu@60.843C tj@61.625C soc1@61.625C VDD_IN 10608mW/10592mW VDD_CPU_GPU_CV 4001mW/3998mW VDD_SOC 2862mW/2862mW
08-04-2026 19:59:07 RAM 3866/7620MB (lfb 160x1MB) SWAP 1691/12002MB (cached 50MB) CPU [0%@1728,0%@1728,0%@1728,0%@1728,100%@1728,0%@1728] GR3D_FREQ 30% cpu@61C soc2@59.562C soc0@60.531C gpu@61.343C tj@61.718C soc1@61.718C VDD_IN 10608mW/10592mW VDD_CPU_GPU_CV 4001mW/3998mW VDD_SOC 2862mW/2862mW
08-04-2026 19:59:07 RAM 3866/7620MB (lfb 160x1MB) SWAP 1691/12002MB (cached 50MB) CPU [0%@1728,0%@1728,0%@1728,0%@1728,100%@1728,0%@1728] GR3D_FREQ 30% cpu@61.093C soc2@59.593C soc0@60.218C gpu@60.906C tj@61.375C soc1@61.375C VDD_IN 10608mW/10592mW VDD_CPU_GPU_CV 4001mW/3998mW VDD_SOC 2862mW/2862mW
08-04-2026 19:59:07 RAM 3866/7620MB (lfb 160x1MB) SWAP 1691/12002MB (cached 50MB) CPU [8%@1728,0%@1728,0%@1728,0%@1728,100%@1728,0%@1728] GR3D_FREQ 30% cpu@61.25C soc2@59.531C soc0@60.25C gpu@60.843C tj@61.468C soc1@61.468C VDD_IN 10608mW/10593mW VDD_CPU_GPU_CV 4001mW/3998mW VDD_SOC 2862mW/2862mW
08-04-2026 19:59:07 RAM 3866/7620MB (lfb 160x1MB) SWAP 1691/12002MB (cached 50MB) CPU [0%@1728,0%@1728,0%@1728,0%@1728,100%@1728,0%@1728] GR3D_FREQ 29% cpu@60.843C soc2@59.562C soc0@60.312C gpu@61.031C tj@61.562C soc1@61.562C VDD_IN 10608mW/10593mW VDD_CPU_GPU_CV 4001mW/3998mW VDD_SOC 2862mW/2862mW
08-04-2026 19:59:07 RAM 3866/7620MB (lfb 160x1MB) SWAP 1691/12002MB (cached 50MB) CPU [0%@1728,0%@1728,0%@1728,0%@1728,100%@1728,9%@1728] GR3D_FREQ 31% cpu@60.968C soc2@59.5C soc0@60.281C gpu@60.968C tj@61.593C soc1@61.781C VDD_IN 10608mW/10593mW VDD_CPU_GPU_CV 3995mW/3998mW VDD_SOC 2862mW/2862mW
08-04-2026 19:59:07 RAM 3866/7620MB (lfb 160x1MB) SWAP 1691/12002MB (cached 50MB) CPU [0%@1728,0%@1728,0%@1728,0%@1728,100%@1728,0%@1728] GR3D_FREQ 31% cpu@60.968C soc2@59.593C soc0@60.187C gpu@60.812C tj@61.437C soc1@61.437C VDD_IN 10567mW/10593mW VDD_CPU_GPU_CV 4001mW/3998mW VDD_SOC 2862mW/2862mW
08-04-2026 19:59:07 RAM 3866/7620MB (lfb 160x1MB) SWAP 1691/12002MB (cached 50MB) CPU [0%@1728,0%@1728,0%@1728,0%@1728,100%@1728,0%@1728] GR3D_FREQ 29% cpu@61.125C soc2@59.562C soc0@60.281C gpu@60.937C tj@61.468C soc1@61.468C VDD_IN 10567mW/10592mW VDD_CPU_GPU_CV 4001mW/3998mW VDD_SOC 2862mW/2862mW
08-04-2026 19:59:07 RAM 3866/7620MB (lfb 160x1MB) SWAP 1691/12002MB (cached 50MB) CPU [9%@1728,0%@1728,0%@1728,0%@1728,100%@1728,0%@1728] GR3D_FREQ 31% cpu@60.812C soc2@59.5C soc0@60.343C gpu@60.875C tj@61.468C soc1@61.468C VDD_IN 10567mW/10592mW VDD_CPU_GPU_CV 4001mW/3998mW VDD_SOC 2862mW/2862mW
08-04-2026 19:59:07 RAM 3866/7620MB (lfb 160x1MB) SWAP 1691/12002MB (cached 50MB) CPU [0%@1728,0%@1728,0%@1728,0%@1728,100%@1728,0%@1728] GR3D_FREQ 30% cpu@60.812C soc2@59.468C soc0@60.281C gpu@61.125C tj@61.656C soc1@61.656C VDD_IN 10567mW/10592mW VDD_CPU_GPU_CV 3995mW/3998mW VDD_SOC 2862mW/2862mW
08-04-2026 19:59:08 RAM 3866/7620MB (lfb 160x1MB) SWAP 1691/12002MB (cached 50MB) CPU [0%@1728,9%@1728,0%@1728,0%@1728,100%@1728,0%@1728] GR3D_FREQ 30% cpu@61.031C soc2@59.656C soc0@60.343C gpu@60.937C tj@61.593C soc1@61.781C VDD_IN 10567mW/10592mW VDD_CPU_GPU_CV 3995mW/3998mW VDD_SOC 2862mW/2862mW
08-04-2026 19:59:08 RAM 3866/7620MB (lfb 160x1MB) SWAP 1691/12002MB (cached 50MB) CPU [0%@1728,0%@1728,0%@1728,0%@1728,100%@1728,0%@1728] GR3D_FREQ 30% cpu@61.187C soc2@59.687C soc0@60.187C gpu@60.875C tj@61.468C soc1@61.468C VDD_IN 10608mW/10592mW VDD_CPU_GPU_CV 3995mW/3998mW VDD_SOC 2862mW/2862mW
08-04-2026 19:59:08 RAM 3866/7620MB (lfb 160x1MB) SWAP 1691/12002MB (cached 50MB) CPU [0%@1728,0%@1728,0%@1728,0%@1728,100%@1728,0%@1728] GR3D_FREQ 30% cpu@60.781C soc2@59.531C soc0@60.218C gpu@61.093C tj@61.437C soc1@61.437C VDD_IN 10608mW/10592mW VDD_CPU_GPU_CV 3995mW/3998mW VDD_SOC 2862mW/2862mW
08-04-2026 19:59:08 RAM 3866/7620MB (lfb 160x1MB) SWAP 1691/12002MB (cached 50MB) CPU [0%@1728,0%@1728,0%@1728,0%@1728,100%@1728,0%@1728] GR3D_FREQ 30% cpu@60.75C soc2@59.468C soc0@60.218C gpu@60.968C tj@61.5C soc1@61.5C VDD_IN 10567mW/10592mW VDD_CPU_GPU_CV 3995mW/3998mW VDD_SOC 2862mW/2862mW
08-04-2026 19:59:08 RAM 3866/7620MB (lfb 160x1MB) SWAP 1691/12002MB (cached 50MB) CPU [0%@1728,9%@1728,0%@1728,0%@1728,100%@1728,0%@1728] GR3D_FREQ 29% cpu@60.843C soc2@59.5C soc0@60.25C gpu@60.906C tj@61.593C soc1@61.593C VDD_IN 10567mW/10592mW VDD_CPU_GPU_CV 3995mW/3998mW VDD_SOC 2862mW/2862mW
08-04-2026 19:59:08 RAM 3866/7620MB (lfb 160x1MB) SWAP 1691/12002MB (cached 50MB) CPU [0%@1728,0%@1728,0%@1728,0%@1728,100%@1728,0%@1728] GR3D_FREQ 31% cpu@60.937C soc2@59.5C soc0@60.375C gpu@60.968C tj@61.406C soc1@61.406C VDD_IN 10567mW/10592mW VDD_CPU_GPU_CV 4001mW/3998mW VDD_SOC 2862mW/2862mW
08-04-2026 19:59:08 RAM 3866/7620MB (lfb 160x1MB) SWAP 1691/12002MB (cached 50MB) CPU [0%@1728,0%@1728,0%@1728,0%@1728,100%@1728,0%@1728] GR3D_FREQ 31% cpu@61.25C soc2@59.437C soc0@60.187C gpu@60.843C tj@61.531C soc1@61.531C VDD_IN 10608mW/10592mW VDD_CPU_GPU_CV 4001mW/3998mW VDD_SOC 2862mW/2862mW
08-04-2026 19:59:08 RAM 3866/7620MB (lfb 160x1MB) SWAP 1691/12002MB (cached 50MB) CPU [0%@1728,0%@1728,0%@1728,0%@1728,100%@1728,0%@1728] GR3D_FREQ 29% cpu@60.812C soc2@59.562C soc0@60.187C gpu@61.093C tj@61.468C soc1@61.468C VDD_IN 10567mW/10592mW VDD_CPU_GPU_CV 4001mW/3998mW VDD_SOC 2862mW/2862mW
08-04-2026 19:59:08 RAM 3866/7620MB (lfb 160x1MB) SWAP 1691/12002MB (cached 50MB) CPU [0%@1728,0%@1728,0%@1728,0%@1728,100%@1728,0%@1728] GR3D_FREQ 29% cpu@60.812C soc2@59.5C soc0@60.281C gpu@61C tj@61.531C soc1@61.531C VDD_IN 10608mW/10592mW VDD_CPU_GPU_CV 4001mW/3998mW VDD_SOC 2862mW/2862mW
08-04-2026 19:59:09 RAM 3866/7620MB (lfb 160x1MB) SWAP 1691/12002MB (cached 50MB) CPU [0%@1728,9%@1728,0%@1728,0%@1728,100%@1728,0%@1728] GR3D_FREQ 31% cpu@60.687C soc2@59.531C soc0@60.406C gpu@60.906C tj@61.593C soc1@61.593C VDD_IN 10608mW/10592mW VDD_CPU_GPU_CV 4001mW/3998mW VDD_SOC 2862mW/2862mW
08-04-2026 19:59:09 RAM 3866/7620MB (lfb 160x1MB) SWAP 1691/12002MB (cached 50MB) CPU [0%@1728,0%@1728,0%@1728,0%@1728,100%@1728,0%@1728] GR3D_FREQ 31% cpu@61.125C soc2@59.625C soc0@60.468C gpu@61.062C tj@61.437C soc1@61.437C VDD_IN 10608mW/10592mW VDD_CPU_GPU_CV 4001mW/3998mW VDD_SOC 2862mW/2862mW
08-04-2026 19:59:09 RAM 3866/7620MB (lfb 160x1MB) SWAP 1691/12002MB (cached 50MB) CPU [0%@1728,0%@1728,0%@1728,0%@1728,100%@1728,0%@1728] GR3D_FREQ 29% cpu@60.843C soc2@59.5C soc0@60.218C gpu@60.968C tj@61.5C soc1@61.5C VDD_IN 10608mW/10592mW VDD_CPU_GPU_CV 4001mW/3998mW VDD_SOC 2862mW/2862mW
08-04-2026 19:59:09 RAM 3866/7620MB (lfb 160x1MB) SWAP 1691/12002MB (cached 50MB) CPU [0%@1728,0%@1728,0%@1728,0%@1728,100%@1728,0%@1728] GR3D_FREQ 31% cpu@60.75C soc2@59.468C soc0@60.25C gpu@61.218C tj@61.531C soc1@61.531C VDD_IN 10608mW/10592mW VDD_CPU_GPU_CV 4001mW/3998mW VDD_SOC 2862mW/2862mW
08-04-2026 19:59:09 RAM 3866/7620MB (lfb 160x1MB) SWAP 1691/12002MB (cached 50MB) CPU [8%@1728,0%@1728,0%@1728,0%@1728,100%@1728,0%@1728] GR3D_FREQ 30% cpu@60.875C soc2@59.531C soc0@60.406C gpu@61.125C tj@61.593C soc1@61.593C VDD_IN 10608mW/10592mW VDD_CPU_GPU_CV 4001mW/3998mW VDD_SOC 2862mW/2862mW
08-04-2026 19:59:09 RAM 3867/7620MB (lfb 160x1MB) SWAP 1691/12002MB (cached 50MB) CPU [9%@1728,10%@1728,20%@1728,9%@1728,100%@1728,0%@1728] GR3D_FREQ 30% cpu@61.093C soc2@59.562C soc0@60.468C gpu@61.031C tj@61.75C soc1@61.75C VDD_IN 10690mW/10593mW VDD_CPU_GPU_CV 4042mW/3998mW VDD_SOC 2862mW/2862mW
08-04-2026 19:59:09 RAM 3867/7620MB (lfb 160x1MB) SWAP 1691/12002MB (cached 50MB) CPU [0%@1728,0%@1728,0%@1728,0%@1728,100%@1728,0%@1728] GR3D_FREQ 30% cpu@61.25C soc2@59.406C soc0@60.281C gpu@61.187C tj@61.468C soc1@61.468C VDD_IN 10649mW/10593mW VDD_CPU_GPU_CV 4042mW/3998mW VDD_SOC 2862mW/2862mW
08-04-2026 19:59:09 RAM 3867/7620MB (lfb 160x1MB) SWAP 1691/12002MB (cached 50MB) CPU [0%@1728,9%@1728,0%@1728,0%@1728,100%@1728,10%@1728] GR3D_FREQ 30% cpu@60.75C soc2@59.5C soc0@60.187C gpu@61C tj@61.531C soc1@61.531C VDD_IN 10649mW/10593mW VDD_CPU_GPU_CV 4042mW/3998mW VDD_SOC 2862mW/2862mW
08-04-2026 19:59:09 RAM 3867/7620MB (lfb 160x1MB) SWAP 1691/12002MB (cached 50MB) CPU [0%@1728,0%@1728,0%@1728,0%@1728,100%@1728,0%@1728] GR3D_FREQ 30% cpu@60.812C soc2@59.5C soc0@60.281C gpu@60.906C tj@61.468C soc1@61.468C VDD_IN 10649mW/10593mW VDD_CPU_GPU_CV 4042mW/3998mW VDD_SOC 2862mW/2862mW
08-04-2026 19:59:09 RAM 3867/7620MB (lfb 160x1MB) SWAP 1691/12002MB (cached 50MB) CPU [9%@1728,0%@1728,0%@1728,0%@1728,100%@1728,0%@1728] GR3D_FREQ 30% cpu@60.875C soc2@59.562C soc0@60.375C gpu@61.125C tj@61.687C soc1@61.687C VDD_IN 10649mW/10593mW VDD_CPU_GPU_CV 4036mW/3998mW VDD_SOC 2862mW/2862mW
08-04-2026 19:59:10 RAM 3867/7620MB (lfb 160x1MB) SWAP 1691/12002MB (cached 50MB) CPU [0%@1728,9%@1728,0%@1728,0%@1728,100%@1728,0%@1728] GR3D_FREQ 31% cpu@61.125C soc2@59.625C soc0@60.593C gpu@61C tj@61.781C soc1@61.468C VDD_IN 10649mW/10593mW VDD_CPU_GPU_CV 4036mW/3998mW VDD_SOC 2862mW/2862mW
08-04-2026 19:59:10 RAM 3867/7620MB (lfb 160x1MB) SWAP 1691/12002MB (cached 50MB) CPU [0%@1728,9%@1728,0%@1728,0%@1728,100%@1728,0%@1728] GR3D_FREQ 30% cpu@60.843C soc2@59.531C soc0@60.25C gpu@61.281C tj@61.5C soc1@61.5C VDD_IN 10608mW/10593mW VDD_CPU_GPU_CV 3995mW/3998mW VDD_SOC 2862mW/2862mW
08-04-2026 19:59:10 RAM 3867/7620MB (lfb 160x1MB) SWAP 1691/12002MB (cached 50MB) CPU [0%@1728,0%@1728,0%@1728,36%@1728,100%@1728,0%@1728] GR3D_FREQ 31% cpu@61C soc2@59.593C soc0@60.25C gpu@61.125C tj@61.531C soc1@61.531C VDD_IN 10649mW/10593mW VDD_CPU_GPU_CV 4036mW/3998mW VDD_SOC 2862mW/2862mW
08-04-2026 19:59:10 RAM 3867/7620MB (lfb 160x1MB) SWAP 1691/12002MB (cached 50MB) CPU [0%@1728,0%@1728,0%@1728,20%@1728,100%@1728,0%@1728] GR3D_FREQ 29% cpu@60.812C soc2@59.625C soc0@60.343C gpu@60.968C tj@61.593C soc1@61.656C VDD_IN 10690mW/10593mW VDD_CPU_GPU_CV 4076mW/3998mW VDD_SOC 2862mW/2862mW
08-04-2026 19:59:10 RAM 3867/7620MB (lfb 160x1MB) SWAP 1691/12002MB (cached 50MB) CPU [0%@1728,0%@1728,0%@1728,0%@1728,100%@1728,0%@1728] GR3D_FREQ 31% cpu@61.093C soc2@59.562C soc0@60.375C gpu@61.281C tj@61.656C soc1@61.656C VDD_IN 10690mW/10593mW VDD_CPU_GPU_CV 4036mW/3998mW VDD_SOC 2862mW/2862mW
08-04-2026 19:59:10 RAM 3867/7620MB (lfb 160x1MB) SWAP 1691/12002MB (cached 50MB) CPU [0%@1728,0%@1728,0%@1728,0%@1728,100%@1728,0%@1728] GR3D_FREQ 31% cpu@60.75C soc2@59.5C soc0@60.312C gpu@61.156C tj@61.5C soc1@61.5C VDD_IN 10649mW/10593mW VDD_CPU_GPU_CV 4042mW/3999mW VDD_SOC 2862mW/2862mW
08-04-2026 19:59:10 RAM 3867/7620MB (lfb 160x1MB) SWAP 1691/12002MB (cached 50MB) CPU [0%@1728,0%@1728,0%@1728,0%@1728,100%@1728,0%@1728] GR3D_FREQ 29% cpu@60.718C soc2@59.5C soc0@60.218C gpu@61C tj@61.437C soc1@61.437C VDD_IN 10649mW/10593mW VDD_CPU_GPU_CV 4042mW/3999mW VDD_SOC 2862mW/2862mW
08-04-2026 19:59:10 RAM 3867/7620MB (lfb 160x1MB) SWAP 1691/12002MB (cached 50MB) CPU [0%@1728,8%@1728,0%@1728,0%@1728,100%@1728,0%@1728] GR3D_FREQ 29% cpu@60.781C soc2@59.468C soc0@60.375C gpu@61.281C tj@61.531C soc1@61.531C VDD_IN 10649mW/10594mW VDD_CPU_GPU_CV 4001mW/3999mW VDD_SOC 2862mW/2862mW
08-04-2026 19:59:10 RAM 3867/7620MB (lfb 160x1MB) SWAP 1691/12002MB (cached 50MB) CPU [0%@1728,0%@1728,0%@1728,0%@1728,100%@1728,0%@1728] GR3D_FREQ 30% cpu@60.875C soc2@59.593C soc0@60.343C gpu@61C tj@61.656C soc1@61.656C VDD_IN 10608mW/10594mW VDD_CPU_GPU_CV 4001mW/3999mW VDD_SOC 2862mW/2862mW
08-04-2026 19:59:10 RAM 3867/7620MB (lfb 160x1MB) SWAP 1691/12002MB (cached 50MB) CPU [0%@1728,0%@1728,0%@1728,0%@1728,100%@1728,0%@1728] GR3D_FREQ 31% cpu@61.218C soc2@59.593C soc0@60.187C gpu@60.843C tj@61.375C soc1@61.375C VDD_IN 10608mW/10594mW VDD_CPU_GPU_CV 4001mW/3999mW VDD_SOC 2862mW/2862mW
08-04-2026 19:59:11 RAM 3867/7620MB (lfb 160x1MB) SWAP 1691/12002MB (cached 50MB) CPU [0%@1728,0%@1728,8%@1728,0%@1728,100%@1728,0%@1728] GR3D_FREQ 29% cpu@60.843C soc2@59.531C soc0@60.281C gpu@61.156C tj@61.531C soc1@61.531C VDD_IN 10608mW/10594mW VDD_CPU_GPU_CV 4001mW/3999mW VDD_SOC 2862mW/2862mW
08-04-2026 19:59:11 RAM 3867/7620MB (lfb 160x1MB) SWAP 1691/12002MB (cached 50MB) CPU [0%@1728,0%@1728,0%@1728,0%@1728,100%@1728,0%@1728] GR3D_FREQ 30% cpu@60.812C soc2@59.468C soc0@60.375C gpu@61.062C tj@61.406C soc1@61.5C VDD_IN 10608mW/10594mW VDD_CPU_GPU_CV 4001mW/3999mW VDD_SOC 2862mW/2862mW
08-04-2026 19:59:11 RAM 3867/7620MB (lfb 160x1MB) SWAP 1691/12002MB (cached 50MB) CPU [0%@1728,0%@1728,0%@1728,0%@1728,100%@1728,0%@1728] GR3D_FREQ 31% cpu@60.875C soc2@59.593C soc0@60.218C gpu@61.312C tj@61.531C soc1@61.531C VDD_IN 10608mW/10594mW VDD_CPU_GPU_CV 4001mW/3999mW VDD_SOC 2862mW/2862mW
08-04-2026 19:59:11 RAM 3868/7620MB (lfb 160x1MB) SWAP 1691/12002MB (cached 50MB) CPU [10%@1728,0%@1728,0%@1728,0%@1728,100%@1728,0%@1728] GR3D_FREQ 29% cpu@60.843C soc2@59.562C soc0@60.281C gpu@61.218C tj@61.687C soc1@61.687C VDD_IN 10608mW/10594mW VDD_CPU_GPU_CV 4001mW/3999mW VDD_SOC 2862mW/2862mW
08-04-2026 19:59:11 RAM 3868/7620MB (lfb 160x1MB) SWAP 1691/12002MB (cached 50MB) CPU [0%@1728,0%@1728,0%@1728,0%@1728,100%@1728,0%@1728] GR3D_FREQ 29% cpu@60.812C soc2@59.5C soc0@60.218C gpu@61.031C tj@61.437C soc1@61.437C VDD_IN 10608mW/10594mW VDD_CPU_GPU_CV 4001mW/3999mW VDD_SOC 2862mW/2862mW
08-04-2026 19:59:11 RAM 3868/7620MB (lfb 160x1MB) SWAP 1691/12002MB (cached 50MB) CPU [0%@1728,0%@1728,0%@1728,0%@1728,100%@1728,0%@1728] GR3D_FREQ 31% cpu@60.75C soc2@59.5C soc0@60.25C gpu@61.218C tj@61.593C soc1@61.593C VDD_IN 10608mW/10594mW VDD_CPU_GPU_CV 4001mW/3999mW VDD_SOC 2862mW/2862mW
08-04-2026 19:59:11 RAM 3868/7620MB (lfb 160x1MB) SWAP 1691/12002MB (cached 50MB) CPU [0%@1728,0%@1728,0%@1728,9%@1728,100%@1728,0%@1728] GR3D_FREQ 30% cpu@60.781C soc2@59.593C soc0@60.312C gpu@61.218C tj@61.562C soc1@61.562C VDD_IN 10608mW/10594mW VDD_CPU_GPU_CV 4001mW/3999mW VDD_SOC 2862mW/2862mW
08-04-2026 19:59:11 RAM 3868/7620MB (lfb 160x1MB) SWAP 1691/12002MB (cached 50MB) CPU [0%@1728,0%@1728,0%@1728,0%@1728,100%@1728,0%@1728] GR3D_FREQ 29% cpu@60.843C soc2@59.5C soc0@60.406C gpu@60.875C tj@61.593C soc1@61.593C VDD_IN 10608mW/10594mW VDD_CPU_GPU_CV 4001mW/3999mW VDD_SOC 2862mW/2862mW
08-04-2026 19:59:11 RAM 3868/7620MB (lfb 160x1MB) SWAP 1691/12002MB (cached 50MB) CPU [0%@1728,0%@1728,0%@1728,0%@1728,100%@1728,0%@1728] GR3D_FREQ 31% cpu@60.875C soc2@59.562C soc0@60.406C gpu@61.281C tj@61.5C soc1@61.5C VDD_IN 10608mW/10594mW VDD_CPU_GPU_CV 4001mW/3999mW VDD_SOC 2862mW/2862mW
08-04-2026 19:59:12 RAM 3868/7620MB (lfb 160x1MB) SWAP 1691/12002MB (cached 50MB) CPU [0%@1728,9%@1728,0%@1728,0%@1728,100%@1728,0%@1728] GR3D_FREQ 30% cpu@60.843C soc2@59.531C soc0@60.218C gpu@61.125C tj@61.468C soc1@61.5C VDD_IN 10608mW/10594mW VDD_CPU_GPU_CV 3995mW/3999mW VDD_SOC 2862mW/2862mW
08-04-2026 19:59:12 RAM 3868/7620MB (lfb 160x1MB) SWAP 1691/12002MB (cached 50MB) CPU [0%@1728,0%@1728,0%@1728,0%@1728,100%@1728,0%@1728] GR3D_FREQ 29% cpu@60.875C soc2@59.531C soc0@60.312C gpu@60.812C tj@61.468C soc1@61.468C VDD_IN 10608mW/10594mW VDD_CPU_GPU_CV 3995mW/3999mW VDD_SOC 2862mW/2862mW
08-04-2026 19:59:12 RAM 3868/7620MB (lfb 160x1MB) SWAP 1691/12002MB (cached 50MB) CPU [0%@1728,0%@1728,0%@1728,0%@1728,100%@1728,0%@1728] GR3D_FREQ 30% cpu@60.843C soc2@59.468C soc0@60.281C gpu@61.343C tj@61.593C soc1@61.593C VDD_IN 10608mW/10594mW VDD_CPU_GPU_CV 4001mW/3999mW VDD_SOC 2862mW/2862mW
08-04-2026 19:59:12 RAM 3868/7620MB (lfb 160x1MB) SWAP 1691/12002MB (cached 50MB) CPU [0%@1728,0%@1728,0%@1728,0%@1728,100%@1728,0%@1728] GR3D_FREQ 31% cpu@60.843C soc2@59.625C soc0@60.531C gpu@60.843C tj@61.687C soc1@61.687C VDD_IN 10608mW/10594mW VDD_CPU_GPU_CV 3995mW/3999mW VDD_SOC 2862mW/2862mW
08-04-2026 19:59:12 RAM 3868/7620MB (lfb 160x1MB) SWAP 1691/12002MB (cached 50MB) CPU [0%@1728,0%@1728,0%@1728,0%@1728,100%@1728,0%@1728] GR3D_FREQ 30% cpu@60.875C soc2@59.687C soc0@60.5C gpu@60.781C tj@61.468C soc1@61.468C VDD_IN 10608mW/10594mW VDD_CPU_GPU_CV 4001mW/3999mW VDD_SOC 2862mW/2862mW
08-04-2026 19:59:12 RAM 3868/7620MB (lfb 160x1MB) SWAP 1691/12002MB (cached 50MB) CPU [0%@1728,0%@1728,0%@1728,0%@1728,100%@1728,0%@1728] GR3D_FREQ 29% cpu@60.781C soc2@59.5C soc0@60.187C gpu@61.25C tj@61.5C soc1@61.468C VDD_IN 10608mW/10594mW VDD_CPU_GPU_CV 4001mW/3999mW VDD_SOC 2862mW/2862mW
08-04-2026 19:59:12 RAM 3868/7620MB (lfb 160x1MB) SWAP 1691/12002MB (cached 50MB) CPU [0%@1728,9%@1728,0%@1728,0%@1728,100%@1728,0%@1728] GR3D_FREQ 31% cpu@60.843C soc2@59.531C soc0@60.312C gpu@60.906C tj@61.531C soc1@61.531C VDD_IN 10567mW/10594mW VDD_CPU_GPU_CV 3995mW/3999mW VDD_SOC 2862mW/2862mW
08-04-2026 19:59:12 RAM 3869/7620MB (lfb 160x1MB) SWAP 1691/12002MB (cached 50MB) CPU [16%@1728,0%@1728,9%@1728,18%@1728,100%@1728,0%@1728] GR3D_FREQ 30% cpu@60.875C soc2@59.531C soc0@60.312C gpu@60.843C tj@61.625C soc1@61.625C VDD_IN 10649mW/10594mW VDD_CPU_GPU_CV 4036mW/3999mW VDD_SOC 2862mW/2862mW
08-04-2026 19:59:12 RAM 3869/7620MB (lfb 160x1MB) SWAP 1691/12002MB (cached 50MB) CPU [0%@1728,0%@1728,0%@1728,0%@1728,100%@1728,0%@1728] GR3D_FREQ 31% cpu@60.875C soc2@59.562C soc0@60.468C gpu@60.906C tj@61.656C soc1@61.656C VDD_IN 10649mW/10594mW VDD_CPU_GPU_CV 4036mW/3999mW VDD_SOC 2862mW/2862mW
08-04-2026 19:59:12 RAM 3869/7620MB (lfb 160x1MB) SWAP 1691/12002MB (cached 50MB) CPU [9%@1728,0%@1728,0%@1728,0%@1728,100%@1728,0%@1728] GR3D_FREQ 29% cpu@60.937C soc2@59.5C soc0@60.218C gpu@60.843C tj@61.468C soc1@61.468C VDD_IN 10649mW/10594mW VDD_CPU_GPU_CV 4036mW/3999mW VDD_SOC 2862mW/2862mW
08-04-2026 19:59:13 RAM 3869/7620MB (lfb 160x1MB) SWAP 1691/12002MB (cached 50MB) CPU [0%@1728,0%@1728,0%@1728,0%@1728,100%@1728,0%@1728] GR3D_FREQ 30% cpu@60.812C soc2@59.562C soc0@60.25C gpu@61.375C tj@61.5C soc1@61.5C VDD_IN 10608mW/10594mW VDD_CPU_GPU_CV 3995mW/3999mW VDD_SOC 2862mW/2862mW
08-04-2026 19:59:13 RAM 3869/7620MB (lfb 160x1MB) SWAP 1691/12002MB (cached 50MB) CPU [0%@1728,0%@1728,0%@1728,0%@1728,100%@1728,0%@1728] GR3D_FREQ 31% cpu@60.906C soc2@59.5C soc0@60.312C gpu@60.875C tj@61.5C soc1@61.5C VDD_IN 10608mW/10594mW VDD_CPU_GPU_CV 4001mW/3999mW VDD_SOC 2862mW/2862mW
08-04-2026 19:59:13 RAM 3869/7620MB (lfb 160x1MB) SWAP 1691/12002MB (cached 50MB) CPU [0%@1728,0%@1728,0%@1728,0%@1728,100%@1728,0%@1728] GR3D_FREQ 29% cpu@60.906C soc2@59.625C soc0@60.437C gpu@60.875C tj@61.718C soc1@61.718C VDD_IN 10608mW/10594mW VDD_CPU_GPU_CV 4001mW/3999mW VDD_SOC 2862mW/2862mW
08-04-2026 19:59:13 RAM 3869/7620MB (lfb 160x1MB) SWAP 1691/12002MB (cached 50MB) CPU [0%@1728,0%@1728,0%@1728,0%@1728,100%@1728,0%@1728] GR3D_FREQ 29% cpu@60.968C soc2@59.656C soc0@60.437C gpu@61.343C tj@61.406C soc1@61.406C VDD_IN 10608mW/10594mW VDD_CPU_GPU_CV 4001mW/3999mW VDD_SOC 2862mW/2862mW
08-04-2026 19:59:13 RAM 3869/7620MB (lfb 160x1MB) SWAP 1691/12002MB (cached 50MB) CPU [0%@1728,0%@1728,0%@1728,0%@1728,100%@1728,0%@1728] GR3D_FREQ 31% cpu@60.812C soc2@59.468C soc0@60.187C gpu@60.906C tj@61.468C soc1@61.468C VDD_IN 10608mW/10594mW VDD_CPU_GPU_CV 4001mW/3999mW VDD_SOC 2862mW/2862mW
08-04-2026 19:59:13 RAM 3869/7620MB (lfb 160x1MB) SWAP 1691/12002MB (cached 50MB) CPU [0%@1728,0%@1728,0%@1728,0%@1728,100%@1728,0%@1728] GR3D_FREQ 30% cpu@60.843C soc2@59.593C soc0@60.218C gpu@60.843C tj@61.531C soc1@61.531C VDD_IN 10608mW/10594mW VDD_CPU_GPU_CV 4001mW/3999mW VDD_SOC 2862mW/2862mW
08-04-2026 19:59:13 RAM 3869/7620MB (lfb 160x1MB) SWAP 1691/12002MB (cached 50MB) CPU [0%@1728,0%@1728,0%@1728,0%@1728,100%@1728,0%@1728] GR3D_FREQ 30% cpu@60.875C soc2@59.468C soc0@60.281C gpu@60.937C tj@61.593C soc1@61.593C VDD_IN 10608mW/10594mW VDD_CPU_GPU_CV 4001mW/3999mW VDD_SOC 2862mW/2862mW
08-04-2026 19:59:13 RAM 3869/7620MB (lfb 160x1MB) SWAP 1691/12002MB (cached 50MB) CPU [0%@1728,0%@1728,0%@1728,0%@1728,100%@1728,0%@1728] GR3D_FREQ 31% cpu@60.812C soc2@59.625C soc0@60.437C gpu@60.906C tj@61.687C soc1@61.687C VDD_IN 10608mW/10594mW VDD_CPU_GPU_CV 4001mW/3999mW VDD_SOC 2862mW/2862mW
08-04-2026 19:59:13 RAM 3869/7620MB (lfb 160x1MB) SWAP 1691/12002MB (cached 50MB) CPU [0%@1728,0%@1728,0%@1728,0%@1728,100%@1728,0%@1728] GR3D_FREQ 30% cpu@60.843C soc2@59.656C soc0@60.218C gpu@60.781C tj@61.5C soc1@61.5C VDD_IN 10608mW/10594mW VDD_CPU_GPU_CV 3995mW/3999mW VDD_SOC 2862mW/2862mW
08-04-2026 19:59:14 RAM 3869/7620MB (lfb 160x1MB) SWAP 1691/12002MB (cached 50MB) CPU [9%@1728,0%@1728,0%@1728,0%@1728,100%@1728,0%@1728] GR3D_FREQ 30% cpu@60.812C soc2@59.406C soc0@60.25C gpu@60.906C tj@61.468C soc1@61.468C VDD_IN 10608mW/10594mW VDD_CPU_GPU_CV 3995mW/3999mW VDD_SOC 2862mW/2862mW
08-04-2026 19:59:14 RAM 3869/7620MB (lfb 160x1MB) SWAP 1691/12002MB (cached 50MB) CPU [0%@1728,0%@1728,0%@1728,0%@1728,100%@1728,0%@1728] GR3D_FREQ 30% cpu@60.843C soc2@59.531C soc0@60.218C gpu@60.906C tj@61.531C soc1@61.531C VDD_IN 10608mW/10594mW VDD_CPU_GPU_CV 4001mW/3999mW VDD_SOC 2862mW/2862mW
08-04-2026 19:59:14 RAM 3869/7620MB (lfb 160x1MB) SWAP 1691/12002MB (cached 50MB) CPU [0%@1728,0%@1728,0%@1728,0%@1728,100%@1728,0%@1728] GR3D_FREQ 30% cpu@60.875C soc2@59.468C soc0@60.375C gpu@60.968C tj@61.718C soc1@61.718C VDD_IN 10608mW/10594mW VDD_CPU_GPU_CV 3995mW/3999mW VDD_SOC 2862mW/2862mW
08-04-2026 19:59:14 RAM 3869/7620MB (lfb 160x1MB) SWAP 1691/12002MB (cached 50MB) CPU [0%@1728,8%@1728,0%@1728,0%@1728,100%@1728,0%@1728] GR3D_FREQ 31% cpu@60.906C soc2@59.625C soc0@60.531C gpu@60.906C tj@61.718C soc1@61.718C VDD_IN 10608mW/10594mW VDD_CPU_GPU_CV 3995mW/3999mW VDD_SOC 2862mW/2862mW
08-04-2026 19:59:14 RAM 3869/7620MB (lfb 160x1MB) SWAP 1691/12002MB (cached 50MB) CPU [0%@1728,0%@1728,0%@1728,0%@1728,100%@1728,0%@1728] GR3D_FREQ 29% cpu@61.031C soc2@59.468C soc0@60.218C gpu@60.906C tj@61.468C soc1@61.468C VDD_IN 10608mW/10594mW VDD_CPU_GPU_CV 3995mW/3999mW VDD_SOC 2862mW/2862mW
08-04-2026 19:59:14 RAM 3869/7620MB (lfb 160x1MB) SWAP 1691/12002MB (cached 50MB) CPU [0%@1728,0%@1728,0%@1728,0%@1728,100%@1728,0%@1728] GR3D_FREQ 29% cpu@60.875C soc2@59.468C soc0@60.25C gpu@61C tj@61.5C soc1@61.5C VDD_IN 10608mW/10594mW VDD_CPU_GPU_CV 3995mW/3999mW VDD_SOC 2862mW/2862mW
08-04-2026 19:59:14 RAM 3869/7620MB (lfb 160x1MB) SWAP 1691/12002MB (cached 50MB) CPU [0%@1728,0%@1728,0%@1728,0%@1728,100%@1728,0%@1728] GR3D_FREQ 31% cpu@60.937C soc2@59.656C soc0@60.375C gpu@60.906C tj@61.5C soc1@61.5C VDD_IN 10608mW/10594mW VDD_CPU_GPU_CV 4001mW/3999mW VDD_SOC 2862mW/2862mW
08-04-2026 19:59:14 RAM 3869/7620MB (lfb 160x1MB) SWAP 1691/12002MB (cached 50MB) CPU [0%@1728,0%@1728,0%@1728,0%@1728,100%@1728,0%@1728] GR3D_FREQ 31% cpu@60.843C soc2@59.625C soc0@60.375C gpu@61.062C tj@61.656C soc1@61.656C VDD_IN 10608mW/10594mW VDD_CPU_GPU_CV 4001mW/3999mW VDD_SOC 2862mW/2862mW
08-04-2026 19:59:14 RAM 3869/7620MB (lfb 160x1MB) SWAP 1691/12002MB (cached 50MB) CPU [0%@1728,0%@1728,9%@1728,0%@1728,100%@1728,0%@1728] GR3D_FREQ 30% cpu@60.968C soc2@59.593C soc0@60.25C gpu@60.968C tj@61.406C soc1@61.406C VDD_IN 10608mW/10594mW VDD_CPU_GPU_CV 4001mW/3999mW VDD_SOC 2862mW/2862mW
08-04-2026 19:59:14 RAM 3869/7620MB (lfb 160x1MB) SWAP 1691/12002MB (cached 50MB) CPU [0%@1728,0%@1728,0%@1728,0%@1728,100%@1728,0%@1728] GR3D_FREQ 29% cpu@61.031C soc2@59.531C soc0@60.218C gpu@60.937C tj@61.5C soc1@61.5C VDD_IN 10608mW/10594mW VDD_CPU_GPU_CV 4001mW/3999mW VDD_SOC 2862mW/2862mW
08-04-2026 19:59:15 RAM 3869/7620MB (lfb 160x1MB) SWAP 1691/12002MB (cached 50MB) CPU [0%@1728,0%@1728,0%@1728,0%@1728,100%@1728,0%@1728] GR3D_FREQ 30% cpu@60.812C soc2@59.531C soc0@60.25C gpu@61.093C tj@61.531C soc1@61.531C VDD_IN 10567mW/10594mW VDD_CPU_GPU_CV 3995mW/3999mW VDD_SOC 2862mW/2862mW
08-04-2026 19:59:15 RAM 3869/7620MB (lfb 160x1MB) SWAP 1691/12002MB (cached 50MB) CPU [0%@1728,0%@1728,0%@1728,0%@1728,100%@1728,0%@1728] GR3D_FREQ 30% cpu@60.875C soc2@59.531C soc0@60.312C gpu@60.937C tj@61.625C soc1@61.625C VDD_IN 10567mW/10594mW VDD_CPU_GPU_CV 4001mW/3999mW VDD_SOC 2862mW/2862mW
08-04-2026 19:59:15 RAM 3869/7620MB (lfb 160x1MB) SWAP 1691/12002MB (cached 50MB) CPU [0%@1728,0%@1728,0%@1728,0%@1728,100%@1728,0%@1728] GR3D_FREQ 29% cpu@61.031C soc2@59.625C soc0@60.375C gpu@60.937C tj@61.437C soc1@61.437C VDD_IN 10567mW/10594mW VDD_CPU_GPU_CV 4001mW/3999mW VDD_SOC 2862mW/2862mW
08-04-2026 19:59:15 RAM 3869/7620MB (lfb 160x1MB) SWAP 1691/12002MB (cached 50MB) CPU [0%@1728,0%@1728,0%@1728,0%@1728,100%@1728,0%@1728] GR3D_FREQ 31% cpu@61.031C soc2@59.656C soc0@60.218C gpu@61.125C tj@61.5C soc1@61.5C VDD_IN 10567mW/10594mW VDD_CPU_GPU_CV 3995mW/3999mW VDD_SOC 2862mW/2862mW
08-04-2026 19:59:15 RAM 3869/7620MB (lfb 160x1MB) SWAP 1691/12002MB (cached 50MB) CPU [0%@1728,0%@1728,0%@1728,0%@1728,100%@1728,0%@1728] GR3D_FREQ 31% cpu@61.031C soc2@59.468C soc0@60.281C gpu@61C tj@61.562C soc1@61.562C VDD_IN 10567mW/10594mW VDD_CPU_GPU_CV 4001mW/3999mW VDD_SOC 2862mW/2862mW
08-04-2026 19:59:15 RAM 3869/7620MB (lfb 160x1MB) SWAP 1691/12002MB (cached 50MB) CPU [0%@1728,0%@1728,0%@1728,0%@1728,100%@1728,0%@1728] GR3D_FREQ 29% cpu@60.843C soc2@59.5C soc0@60.281C gpu@61.25C tj@61.5C soc1@61.5C VDD_IN 10567mW/10594mW VDD_CPU_GPU_CV 4001mW/3999mW VDD_SOC 2862mW/2862mW
08-04-2026 19:59:15 RAM 3869/7620MB (lfb 160x1MB) SWAP 1691/12002MB (cached 50MB) CPU [0%@1728,0%@1728,0%@1728,0%@1728,100%@1728,0%@1728] GR3D_FREQ 31% cpu@61C soc2@59.468C soc0@60.406C gpu@61.031C tj@61.687C soc1@61.687C VDD_IN 10567mW/10594mW VDD_CPU_GPU_CV 4001mW/3999mW VDD_SOC 2862mW/2862mW
08-04-2026 19:59:15 RAM 3869/7620MB (lfb 160x1MB) SWAP 1691/12002MB (cached 50MB) CPU [9%@1728,0%@1728,0%@1728,0%@1728,100%@1728,0%@1728] GR3D_FREQ 30% cpu@60.937C soc2@59.593C soc0@60.406C gpu@60.937C tj@61.468C soc1@61.468C VDD_IN 10567mW/10594mW VDD_CPU_GPU_CV 3960mW/3999mW VDD_SOC 2862mW/2862mW
08-04-2026 19:59:15 RAM 3869/7620MB (lfb 160x1MB) SWAP 1691/12002MB (cached 50MB) CPU [0%@1728,0%@1728,0%@1728,0%@1728,100%@1728,0%@1728] GR3D_FREQ 30% cpu@61.125C soc2@59.531C soc0@60.218C gpu@61.156C tj@61.406C soc1@61.406C VDD_IN 10608mW/10594mW VDD_CPU_GPU_CV 3960mW/3999mW VDD_SOC 2862mW/2862mW
08-04-2026 19:59:16 RAM 3862/7620MB (lfb 160x1MB) SWAP 1691/12002MB (cached 50MB) CPU [16%@1728,18%@1728,18%@1728,18%@1728,100%@1728,0%@1728] GR3D_FREQ 29% cpu@61.187C soc2@59.562C soc0@60.218C gpu@61.031C tj@61.468C soc1@61.468C VDD_IN 10690mW/10594mW VDD_CPU_GPU_CV 4042mW/3999mW VDD_SOC 2862mW/2862mW
08-04-2026 19:59:16 RAM 3862/7620MB (lfb 160x1MB) SWAP 1691/12002MB (cached 50MB) CPU [0%@1728,0%@1728,0%@1728,0%@1728,100%@1728,0%@1728] GR3D_FREQ 31% cpu@60.875C soc2@59.562C soc0@60.281C gpu@61.375C tj@61.625C soc1@61.625C VDD_IN 10649mW/10594mW VDD_CPU_GPU_CV 4036mW/3999mW VDD_SOC 2862mW/2862mW
08-04-2026 19:59:16 RAM 3862/7620MB (lfb 160x1MB) SWAP 1691/12002MB (cached 50MB) CPU [0%@1728,0%@1728,0%@1728,0%@1728,100%@1728,0%@1728] GR3D_FREQ 31% cpu@60.906C soc2@59.562C soc0@60.406C gpu@61.093C tj@61.718C soc1@61.718C VDD_IN 10649mW/10594mW VDD_CPU_GPU_CV 4001mW/3999mW VDD_SOC 2862mW/2862mW
08-04-2026 19:59:16 RAM 3862/7620MB (lfb 160x1MB) SWAP 1691/12002MB (cached 50MB) CPU [0%@1728,0%@1728,0%@1728,0%@1728,100%@1728,0%@1728] GR3D_FREQ 29% cpu@61.031C soc2@59.718C soc0@60.437C gpu@60.968C tj@61.5C soc1@61.5C VDD_IN 10649mW/10594mW VDD_CPU_GPU_CV 3995mW/3999mW VDD_SOC 2862mW/2862mW
08-04-2026 19:59:16 RAM 3862/7620MB (lfb 160x1MB) SWAP 1691/12002MB (cached 50MB) CPU [0%@1728,0%@1728,0%@1728,0%@1728,100%@1728,0%@1728] GR3D_FREQ 30% cpu@61.031C soc2@59.406C soc0@60.187C gpu@61.25C tj@61.5C soc1@61.5C VDD_IN 10608mW/10594mW VDD_CPU_GPU_CV 3995mW/3999mW VDD_SOC 2862mW/2862mW
08-04-2026 19:59:16 RAM 3862/7620MB (lfb 160x1MB) SWAP 1691/12002MB (cached 50MB) CPU [0%@1728,0%@1728,0%@1728,0%@1728,100%@1728,0%@1728] GR3D_FREQ 31% cpu@60.812C soc2@59.531C soc0@60.312C gpu@61.093C tj@61.5C soc1@61.5C VDD_IN 10608mW/10594mW VDD_CPU_GPU_CV 4001mW/3999mW VDD_SOC 2862mW/2862mW
08-04-2026 19:59:16 RAM 3862/7620MB (lfb 160x1MB) SWAP 1691/12002MB (cached 50MB) CPU [0%@1728,0%@1728,0%@1728,0%@1728,100%@1728,0%@1728] GR3D_FREQ 30% cpu@60.937C soc2@59.531C soc0@60.343C gpu@61C tj@61.656C soc1@61.656C VDD_IN 10608mW/10594mW VDD_CPU_GPU_CV 4001mW/3999mW VDD_SOC 2862mW/2862mW
08-04-2026 19:59:16 RAM 3862/7620MB (lfb 160x1MB) SWAP 1691/12002MB (cached 50MB) CPU [0%@1728,0%@1728,0%@1728,0%@1728,100%@1728,0%@1728] GR3D_FREQ 29% cpu@60.906C soc2@59.593C soc0@60.5C gpu@61.25C tj@61.687C soc1@61.687C VDD_IN 10608mW/10594mW VDD_CPU_GPU_CV 3995mW/3999mW VDD_SOC 2862mW/2862mW
08-04-2026 19:59:16 RAM 3862/7620MB (lfb 160x1MB) SWAP 1691/12002MB (cached 50MB) CPU [0%@1728,0%@1728,0%@1728,0%@1728,100%@1728,0%@1728] GR3D_FREQ 31% cpu@61.062C soc2@59.468C soc0@60.187C gpu@61C tj@61.437C soc1@61.437C VDD_IN 10608mW/10595mW VDD_CPU_GPU_CV 3995mW/3999mW VDD_SOC 2862mW/2862mW
08-04-2026 19:59:16 RAM 3862/7620MB (lfb 160x1MB) SWAP 1691/12002MB (cached 50MB) CPU [0%@1728,0%@1728,0%@1728,0%@1728,100%@1728,0%@1728] GR3D_FREQ 30% cpu@61.25C soc2@59.5C soc0@60.218C gpu@61.406C tj@61.531C soc1@61.531C VDD_IN 10608mW/10595mW VDD_CPU_GPU_CV 3995mW/3999mW VDD_SOC 2862mW/2862mW
08-04-2026 19:59:17 RAM 3862/7620MB (lfb 160x1MB) SWAP 1691/12002MB (cached 50MB) CPU [0%@1728,0%@1728,0%@1728,0%@1728,100%@1728,0%@1728] GR3D_FREQ 30% cpu@60.875C soc2@59.562C soc0@60.312C gpu@61.187C tj@61.562C soc1@61.562C VDD_IN 10608mW/10595mW VDD_CPU_GPU_CV 3995mW/3999mW VDD_SOC 2862mW/2862mW
08-04-2026 19:59:17 RAM 3862/7620MB (lfb 160x1MB) SWAP 1691/12002MB (cached 50MB) CPU [0%@1728,0%@1728,0%@1728,0%@1728,100%@1728,0%@1728] GR3D_FREQ 30% cpu@60.875C soc2@59.593C soc0@60.406C gpu@61.031C tj@61.718C soc1@61.718C VDD_IN 10608mW/10595mW VDD_CPU_GPU_CV 3995mW/3999mW VDD_SOC 2862mW/2862mW
08-04-2026 19:59:17 RAM 3862/7620MB (lfb 160x1MB) SWAP 1691/12002MB (cached 50MB) CPU [0%@1728,0%@1728,0%@1728,0%@1728,100%@1728,0%@1728] GR3D_FREQ 29% cpu@61.062C soc2@59.625C soc0@60.281C gpu@61.406C tj@61.468C soc1@61.468C VDD_IN 10608mW/10595mW VDD_CPU_GPU_CV 3995mW/3999mW VDD_SOC 2862mW/2862mW
08-04-2026 19:59:17 RAM 3862/7620MB (lfb 160x1MB) SWAP 1691/12002MB (cached 50MB) CPU [0%@1728,0%@1728,0%@1728,0%@1728,100%@1728,0%@1728] GR3D_FREQ 30% cpu@61.093C soc2@59.437C soc0@60.312C gpu@61.187C tj@61.531C soc1@61.531C VDD_IN 10608mW/10595mW VDD_CPU_GPU_CV 4001mW/3999mW VDD_SOC 2862mW/2862mW
08-04-2026 19:59:17 RAM 3862/7620MB (lfb 160x1MB) SWAP 1691/12002MB (cached 50MB) CPU [0%@1728,0%@1728,0%@1728,0%@1728,100%@1728,0%@1728] GR3D_FREQ 30% cpu@60.812C soc2@59.5C soc0@60.187C gpu@60.875C tj@61.531C soc1@61.531C VDD_IN 10608mW/10595mW VDD_CPU_GPU_CV 3995mW/3999mW VDD_SOC 2862mW/2862mW
08-04-2026 19:59:17 RAM 3862/7620MB (lfb 160x1MB) SWAP 1691/12002MB (cached 50MB) CPU [0%@1728,9%@1728,0%@1728,0%@1728,100%@1728,0%@1728] GR3D_FREQ 29% cpu@60.875C soc2@59.562C soc0@60.281C gpu@61.343C tj@61.562C soc1@61.562C VDD_IN 10608mW/10595mW VDD_CPU_GPU_CV 3995mW/3999mW VDD_SOC 2862mW/2862mW
08-04-2026 19:59:17 RAM 3862/7620MB (lfb 160x1MB) SWAP 1691/12002MB (cached 50MB) CPU [0%@1728,0%@1728,0%@1728,0%@1728,100%@1728,0%@1728] GR3D_FREQ 30% cpu@61C soc2@59.593C soc0@60.437C gpu@61.125C tj@61.687C soc1@61.687C VDD_IN 10608mW/10595mW VDD_CPU_GPU_CV 3995mW/3999mW VDD_SOC 2862mW/2862mW
08-04-2026 19:59:17 RAM 3862/7620MB (lfb 160x1MB) SWAP 1691/12002MB (cached 50MB) CPU [0%@1728,9%@1728,0%@1728,0%@1728,100%@1728,0%@1728] GR3D_FREQ 31% cpu@61.156C soc2@59.562C soc0@60.218C gpu@60.875C tj@61.468C soc1@61.468C VDD_IN 10567mW/10595mW VDD_CPU_GPU_CV 3995mW/3999mW VDD_SOC 2862mW/2862mW
08-04-2026 19:59:17 RAM 3862/7620MB (lfb 160x1MB) SWAP 1691/12002MB (cached 50MB) CPU [0%@1728,0%@1728,0%@1728,0%@1728,100%@1728,8%@1728] GR3D_FREQ 29% cpu@61.343C soc2@59.5C soc0@60.281C gpu@61.281C tj@61.562C soc1@61.562C VDD_IN 10608mW/10595mW VDD_CPU_GPU_CV 3995mW/3999mW VDD_SOC 2862mW/2862mW
08-04-2026 19:59:18 RAM 3862/7620MB (lfb 160x1MB) SWAP 1691/12002MB (cached 50MB) CPU [9%@1728,9%@1728,0%@1728,0%@1728,100%@1728,0%@1728] GR3D_FREQ 30% cpu@60.812C soc2@59.531C soc0@60.312C gpu@60.875C tj@61.593C soc1@61.593C VDD_IN 10608mW/10595mW VDD_CPU_GPU_CV 4001mW/3999mW VDD_SOC 2862mW/2862mW
08-04-2026 19:59:18 RAM 3862/7620MB (lfb 160x1MB) SWAP 1691/12002MB (cached 50MB) CPU [8%@1728,0%@1728,0%@1728,0%@1728,100%@1728,0%@1728] GR3D_FREQ 31% cpu@60.937C soc2@59.562C soc0@60.343C gpu@60.781C tj@61.593C soc1@61.625C VDD_IN 10608mW/10595mW VDD_CPU_GPU_CV 4001mW/3999mW VDD_SOC 2862mW/2862mW
08-04-2026 19:59:18 RAM 3862/7620MB (lfb 160x1MB) SWAP 1691/12002MB (cached 50MB) CPU [0%@1728,0%@1728,0%@1728,0%@1728,100%@1728,0%@1728] GR3D_FREQ 29% cpu@61.031C soc2@59.625C soc0@60.25C gpu@61.25C tj@61.406C soc1@61.406C VDD_IN 10608mW/10595mW VDD_CPU_GPU_CV 4001mW/3999mW VDD_SOC 2862mW/2862mW
08-04-2026 19:59:18 RAM 3862/7620MB (lfb 160x1MB) SWAP 1691/12002MB (cached 50MB) CPU [0%@1728,0%@1728,0%@1728,0%@1728,100%@1728,0%@1728] GR3D_FREQ 29% cpu@61.093C soc2@59.687C soc0@60.218C gpu@60.875C tj@61.468C soc1@61.468C VDD_IN 10608mW/10595mW VDD_CPU_GPU_CV 4001mW/3999mW VDD_SOC 2862mW/2862mW
08-04-2026 19:59:18 RAM 3862/7620MB (lfb 160x1MB) SWAP 1691/12002MB (cached 50MB) CPU [0%@1728,0%@1728,0%@1728,0%@1728,100%@1728,0%@1728] GR3D_FREQ 31% cpu@60.812C soc2@59.5C soc0@60.218C gpu@60.906C tj@61.437C soc1@61.437C VDD_IN 10608mW/10595mW VDD_CPU_GPU_CV 4001mW/3999mW VDD_SOC 2862mW/2862mW
08-04-2026 19:59:18 RAM 3862/7620MB (lfb 160x1MB) SWAP 1691/12002MB (cached 50MB) CPU [0%@1728,0%@1728,0%@1728,0%@1728,100%@1728,0%@1728] GR3D_FREQ 30% cpu@60.812C soc2@59.531C soc0@60.312C gpu@61.187C tj@61.656C soc1@61.656C VDD_IN 10608mW/10595mW VDD_CPU_GPU_CV 4001mW/3999mW VDD_SOC 2862mW/2862mW
08-04-2026 19:59:18 RAM 3862/7620MB (lfb 160x1MB) SWAP 1691/12002MB (cached 50MB) CPU [0%@1728,0%@1728,8%@1728,0%@1728,100%@1728,0%@1728] GR3D_FREQ 30% cpu@60.906C soc2@59.625C soc0@60.437C gpu@60.906C tj@61.718C soc1@61.718C VDD_IN 10608mW/10595mW VDD_CPU_GPU_CV 4001mW/3999mW VDD_SOC 2862mW/2862mW
08-04-2026 19:59:18 RAM 3862/7620MB (lfb 160x1MB) SWAP 1691/12002MB (cached 50MB) CPU [0%@1728,0%@1728,0%@1728,0%@1728,100%@1728,0%@1728] GR3D_FREQ 31% cpu@61.062C soc2@59.656C soc0@60.187C gpu@61.406C tj@61.531C soc1@61.531C VDD_IN 10608mW/10595mW VDD_CPU_GPU_CV 4001mW/3999mW VDD_SOC 2862mW/2862mW
08-04-2026 19:59:18 RAM 3862/7620MB (lfb 160x1MB) SWAP 1691/12002MB (cached 50MB) CPU [0%@1728,0%@1728,0%@1728,0%@1728,100%@1728,0%@1728] GR3D_FREQ 30% cpu@60.812C soc2@59.531C soc0@60.218C gpu@60.906C tj@61.5C soc1@61.5C VDD_IN 10608mW/10595mW VDD_CPU_GPU_CV 4001mW/3999mW VDD_SOC 2862mW/2862mW
08-04-2026 19:59:18 RAM 3862/7620MB (lfb 160x1MB) SWAP 1691/12002MB (cached 50MB) CPU [0%@1728,0%@1728,0%@1728,0%@1728,100%@1728,0%@1728] GR3D_FREQ 29% cpu@60.781C soc2@59.531C soc0@60.281C gpu@60.906C tj@61.531C soc1@61.531C VDD_IN 10567mW/10595mW VDD_CPU_GPU_CV 4001mW/3999mW VDD_SOC 2862mW/2862mW
08-04-2026 19:59:19 RAM 3862/7620MB (lfb 160x1MB) SWAP 1691/12002MB (cached 50MB) CPU [0%@1728,0%@1728,0%@1728,9%@1728,100%@1728,0%@1728] GR3D_FREQ 30% cpu@60.875C soc2@59.531C soc0@60.406C gpu@61.375C tj@61.625C soc1@61.625C VDD_IN 10608mW/10595mW VDD_CPU_GPU_CV 4001mW/3999mW VDD_SOC 2862mW/2862mW
08-04-2026 19:59:19 RAM 3862/7620MB (lfb 160x1MB) SWAP 1691/12002MB (cached 50MB) CPU [0%@1728,0%@1728,8%@1728,0%@1728,100%@1728,0%@1728] GR3D_FREQ 30% cpu@61.093C soc2@59.593C soc0@60.437C gpu@60.937C tj@61.468C soc1@61.468C VDD_IN 10608mW/10595mW VDD_CPU_GPU_CV 4001mW/3999mW VDD_SOC 2862mW/2862mW
08-04-2026 19:59:19 RAM 3866/7620MB (lfb 160x1MB) SWAP 1691/12002MB (cached 50MB) CPU [9%@1728,0%@1728,0%@1728,27%@1728,100%@1728,0%@1728] GR3D_FREQ 31% cpu@61.25C soc2@59.562C soc0@60.218C gpu@60.875C tj@61.468C soc1@61.468C VDD_IN 10649mW/10595mW VDD_CPU_GPU_CV 4042mW/3999mW VDD_SOC 2862mW/2862mW
08-04-2026 19:59:19 RAM 3866/7620MB (lfb 160x1MB) SWAP 1691/12002MB (cached 50MB) CPU [0%@1728,0%@1728,0%@1728,0%@1728,100%@1728,0%@1728] GR3D_FREQ 29% cpu@60.843C soc2@59.468C soc0@60.218C gpu@60.968C tj@61.437C soc1@61.437C VDD_IN 10649mW/10595mW VDD_CPU_GPU_CV 4042mW/3999mW VDD_SOC 2862mW/2862mW
08-04-2026 19:59:19 RAM 3866/7620MB (lfb 160x1MB) SWAP 1691/12002MB (cached 50MB) CPU [0%@1728,0%@1728,0%@1728,0%@1728,100%@1728,0%@1728] GR3D_FREQ 29% cpu@60.812C soc2@59.531C soc0@60.25C gpu@60.906C tj@61.531C soc1@61.531C VDD_IN 10649mW/10595mW VDD_CPU_GPU_CV 4042mW/3999mW VDD_SOC 2862mW/2862mW
08-04-2026 19:59:19 RAM 3866/7620MB (lfb 160x1MB) SWAP 1691/12002MB (cached 50MB) CPU [0%@1728,0%@1728,8%@1728,0%@1728,100%@1728,0%@1728] GR3D_FREQ 31% cpu@61.031C soc2@59.687C soc0@60.375C gpu@60.906C tj@61.593C soc1@61.593C VDD_IN 10649mW/10595mW VDD_CPU_GPU_CV 4001mW/3999mW VDD_SOC 2862mW/2862mW
08-04-2026 19:59:19 RAM 3866/7620MB (lfb 160x1MB) SWAP 1691/12002MB (cached 50MB) CPU [0%@1728,0%@1728,0%@1728,0%@1728,100%@1728,0%@1728] GR3D_FREQ 31% cpu@61.062C soc2@59.687C soc0@60.406C gpu@60.906C tj@61.406C soc1@61.406C VDD_IN 10608mW/10595mW VDD_CPU_GPU_CV 4001mW/3999mW VDD_SOC 2862mW/2862mW
08-04-2026 19:59:19 RAM 3866/7620MB (lfb 160x1MB) SWAP 1691/12002MB (cached 50MB) CPU [0%@1728,0%@1728,0%@1728,0%@1728,100%@1728,0%@1728] GR3D_FREQ 29% cpu@60.843C soc2@59.562C soc0@60.375C gpu@60.937C tj@61.406C soc1@61.406C VDD_IN 10608mW/10595mW VDD_CPU_GPU_CV 4001mW/3999mW VDD_SOC 2862mW/2862mW
08-04-2026 19:59:19 RAM 3866/7620MB (lfb 160x1MB) SWAP 1691/12002MB (cached 50MB) CPU [0%@1728,0%@1728,0%@1728,0%@1728,100%@1728,0%@1728] GR3D_FREQ 31% cpu@60.781C soc2@59.5C soc0@60.25C gpu@60.906C tj@61.562C soc1@61.562C VDD_IN 10608mW/10595mW VDD_CPU_GPU_CV 4001mW/3999mW VDD_SOC 2862mW/2862mW
08-04-2026 19:59:20 RAM 3866/7620MB (lfb 160x1MB) SWAP 1691/12002MB (cached 50MB) CPU [0%@1728,0%@1728,0%@1728,0%@1728,100%@1728,0%@1728] GR3D_FREQ 29% cpu@60.875C soc2@59.531C soc0@60.312C gpu@60.906C tj@61.5C soc1@61.5C VDD_IN 10608mW/10595mW VDD_CPU_GPU_CV 4001mW/3999mW VDD_SOC 2862mW/2862mW
08-04-2026 19:59:20 RAM 3866/7620MB (lfb 160x1MB) SWAP 1691/12002MB (cached 50MB) CPU [0%@1728,0%@1728,0%@1728,0%@1728,100%@1728,0%@1728] GR3D_FREQ 31% cpu@61.125C soc2@59.625C soc0@60.375C gpu@60.937C tj@61.687C soc1@61.687C VDD_IN 10608mW/10595mW VDD_CPU_GPU_CV 4001mW/3999mW VDD_SOC 2862mW/2862mW
08-04-2026 19:59:20 RAM 3866/7620MB (lfb 160x1MB) SWAP 1691/12002MB (cached 50MB) CPU [0%@1728,0%@1728,0%@1728,0%@1728,100%@1728,0%@1728] GR3D_FREQ 30% cpu@61.218C soc2@59.468C soc0@60.218C gpu@61C tj@61.437C soc1@61.437C VDD_IN 10608mW/10595mW VDD_CPU_GPU_CV 4001mW/3999mW VDD_SOC 2862mW/2862mW
08-04-2026 19:59:20 RAM 3866/7620MB (lfb 160x1MB) SWAP 1691/12002MB (cached 50MB) CPU [0%@1728,0%@1728,0%@1728,0%@1728,100%@1728,0%@1728] GR3D_FREQ 30% cpu@60.875C soc2@59.468C soc0@60.218C gpu@60.906C tj@61.468C soc1@61.468C VDD_IN 10567mW/10595mW VDD_CPU_GPU_CV 4001mW/3999mW VDD_SOC 2862mW/2862mW
08-04-2026 19:59:20 RAM 3866/7620MB (lfb 160x1MB) SWAP 1691/12002MB (cached 50MB) CPU [9%@1728,0%@1728,0%@1728,0%@1728,100%@1728,0%@1728] GR3D_FREQ 31% cpu@60.812C soc2@59.468C soc0@60.281C gpu@60.875C tj@61.468C soc1@61.468C VDD_IN 10567mW/10595mW VDD_CPU_GPU_CV 4001mW/3999mW VDD_SOC 2862mW/2862mW
08-04-2026 19:59:20 RAM 3866/7620MB (lfb 160x1MB) SWAP 1691/12002MB (cached 50MB) CPU [0%@1728,0%@1728,0%@1728,0%@1728,100%@1728,0%@1728] GR3D_FREQ 29% cpu@60.812C soc2@59.562C soc0@60.406C gpu@61.031C tj@61.687C soc1@61.687C VDD_IN 10567mW/10595mW VDD_CPU_GPU_CV 4001mW/3999mW VDD_SOC 2862mW/2862mW
08-04-2026 19:59:20 RAM 3866/7620MB (lfb 160x1MB) SWAP 1691/12002MB (cached 50MB) CPU [0%@1728,9%@1728,0%@1728,0%@1728,100%@1728,0%@1728] GR3D_FREQ 29% cpu@61.156C soc2@59.625C soc0@60.437C gpu@60.906C tj@61.687C soc1@61.687C VDD_IN 10567mW/10595mW VDD_CPU_GPU_CV 4001mW/3999mW VDD_SOC 2862mW/2862mW
08-04-2026 19:59:20 RAM 3866/7620MB (lfb 160x1MB) SWAP 1691/12002MB (cached 50MB) CPU [0%@1728,0%@1728,0%@1728,0%@1728,100%@1728,0%@1728] GR3D_FREQ 30% cpu@60.843C soc2@59.531C soc0@60.187C gpu@61.156C tj@61.531C soc1@61.531C VDD_IN 10567mW/10595mW VDD_CPU_GPU_CV 4001mW/3999mW VDD_SOC 2862mW/2862mW
08-04-2026 19:59:20 RAM 3866/7620MB (lfb 160x1MB) SWAP 1691/12002MB (cached 50MB) CPU [0%@1728,0%@1728,0%@1728,0%@1728,100%@1728,0%@1728] GR3D_FREQ 30% cpu@60.781C soc2@59.5C soc0@60.281C gpu@61.031C tj@61.531C soc1@61.531C VDD_IN 10608mW/10595mW VDD_CPU_GPU_CV 4001mW/3999mW VDD_SOC 2862mW/2862mW
08-04-2026 19:59:20 RAM 3866/7620MB (lfb 160x1MB) SWAP 1691/12002MB (cached 50MB) CPU [0%@1728,0%@1728,16%@1728,0%@1728,100%@1728,0%@1728] GR3D_FREQ 29% cpu@60.875C soc2@59.562C soc0@60.343C gpu@60.906C tj@61.562C soc1@61.562C VDD_IN 10567mW/10595mW VDD_CPU_GPU_CV 4001mW/3999mW VDD_SOC 2862mW/2862mW
08-04-2026 19:59:21 RAM 3866/7620MB (lfb 160x1MB) SWAP 1691/12002MB (cached 50MB) CPU [0%@1728,0%@1728,0%@1728,0%@1728,100%@1728,0%@1728] GR3D_FREQ 29% cpu@60.875C soc2@59.687C soc0@60.343C gpu@61.062C tj@61.718C soc1@61.718C VDD_IN 10567mW/10595mW VDD_CPU_GPU_CV 4001mW/3999mW VDD_SOC 2862mW/2862mW
08-04-2026 19:59:21 RAM 3866/7620MB (lfb 160x1MB) SWAP 1691/12002MB (cached 50MB) CPU [0%@1728,0%@1728,0%@1728,0%@1728,100%@1728,0%@1728] GR3D_FREQ 31% cpu@60.75C soc2@59.687C soc0@60.281C gpu@60.968C tj@61.375C soc1@61.437C VDD_IN 10567mW/10595mW VDD_CPU_GPU_CV 4001mW/3999mW VDD_SOC 2862mW/2862mW
08-04-2026 19:59:21 RAM 3866/7620MB (lfb 160x1MB) SWAP 1691/12002MB (cached 50MB) CPU [0%@1728,0%@1728,0%@1728,0%@1728,100%@1728,0%@1728] GR3D_FREQ 31% cpu@60.781C soc2@59.437C soc0@60.312C gpu@61.156C tj@61.562C soc1@61.562C VDD_IN 10567mW/10595mW VDD_CPU_GPU_CV 4001mW/3999mW VDD_SOC 2862mW/2862mW
08-04-2026 19:59:21 RAM 3866/7620MB (lfb 160x1MB) SWAP 1691/12002MB (cached 50MB) CPU [0%@1728,0%@1728,0%@1728,0%@1728,100%@1728,0%@1728] GR3D_FREQ 29% cpu@60.843C soc2@59.5C soc0@60.281C gpu@61C tj@61.531C soc1@61.531C VDD_IN 10567mW/10595mW VDD_CPU_GPU_CV 4001mW/3999mW VDD_SOC 2862mW/2862mW
08-04-2026 19:59:21 RAM 3866/7620MB (lfb 160x1MB) SWAP 1691/12002MB (cached 50MB) CPU [0%@1728,0%@1728,0%@1728,0%@1728,100%@1728,0%@1728] GR3D_FREQ 30% cpu@60.843C soc2@59.5C soc0@60.343C gpu@60.906C tj@61.562C soc1@61.562C VDD_IN 10567mW/10595mW VDD_CPU_GPU_CV 4001mW/3999mW VDD_SOC 2862mW/2862mW
08-04-2026 19:59:21 RAM 3866/7620MB (lfb 160x1MB) SWAP 1691/12002MB (cached 50MB) CPU [0%@1728,0%@1728,0%@1728,0%@1728,100%@1728,0%@1728] GR3D_FREQ 31% cpu@60.875C soc2@59.625C soc0@60.375C gpu@61.125C tj@61.406C soc1@61.406C VDD_IN 10608mW/10595mW VDD_CPU_GPU_CV 4001mW/3999mW VDD_SOC 2862mW/2862mW
08-04-2026 19:59:21 RAM 3866/7620MB (lfb 160x1MB) SWAP 1691/12002MB (cached 50MB) CPU [0%@1728,0%@1728,0%@1728,0%@1728,100%@1728,0%@1728] GR3D_FREQ 29% cpu@60.875C soc2@59.406C soc0@60.187C gpu@61.062C tj@61.5C soc1@61.5C VDD_IN 10608mW/10595mW VDD_CPU_GPU_CV 4001mW/3999mW VDD_SOC 2862mW/2862mW
08-04-2026 19:59:21 RAM 3866/7620MB (lfb 160x1MB) SWAP 1691/12002MB (cached 50MB) CPU [0%@1728,0%@1728,0%@1728,0%@1728,100%@1728,0%@1728] GR3D_FREQ 30% cpu@60.843C soc2@59.531C soc0@60.281C gpu@61.312C tj@61.562C soc1@61.562C VDD_IN 10608mW/10595mW VDD_CPU_GPU_CV 4001mW/3999mW VDD_SOC 2862mW/2862mW
08-04-2026 19:59:21 RAM 3866/7620MB (lfb 160x1MB) SWAP 1691/12002MB (cached 50MB) CPU [0%@1728,0%@1728,0%@1728,0%@1728,100%@1728,0%@1728] GR3D_FREQ 31% cpu@60.875C soc2@59.562C soc0@60.25C gpu@61.125C tj@61.531C soc1@61.531C VDD_IN 10608mW/10595mW VDD_CPU_GPU_CV 4001mW/3999mW VDD_SOC 2862mW/2862mW
08-04-2026 19:59:22 RAM 3866/7620MB (lfb 160x1MB) SWAP 1691/12002MB (cached 50MB) CPU [0%@1728,0%@1728,0%@1728,0%@1728,100%@1728,0%@1728] GR3D_FREQ 29% cpu@60.906C soc2@59.593C soc0@60.406C gpu@61.031C tj@61.562C soc1@61.781C VDD_IN 10608mW/10595mW VDD_CPU_GPU_CV 3995mW/3999mW VDD_SOC 2862mW/2862mW
08-04-2026 19:59:22 RAM 3866/7620MB (lfb 160x1MB) SWAP 1691/12002MB (cached 50MB) CPU [0%@1728,0%@1728,0%@1728,0%@1728,100%@1728,0%@1728] GR3D_FREQ 30% cpu@60.937C soc2@59.656C soc0@60.281C gpu@61.281C tj@61.468C soc1@61.468C VDD_IN 10608mW/10595mW VDD_CPU_GPU_CV 3995mW/3999mW VDD_SOC 2862mW/2862mW
08-04-2026 19:59:22 RAM 3866/7620MB (lfb 160x1MB) SWAP 1691/12002MB (cached 50MB) CPU [0%@1728,0%@1728,0%@1728,0%@1728,100%@1728,0%@1728] GR3D_FREQ 29% cpu@60.843C soc2@59.5C soc0@60.156C gpu@61.156C tj@61.468C soc1@61.468C VDD_IN 10608mW/10595mW VDD_CPU_GPU_CV 3995mW/3999mW VDD_SOC 2862mW/2862mW
08-04-2026 19:59:22 RAM 3866/7620MB (lfb 160x1MB) SWAP 1691/12002MB (cached 50MB) CPU [0%@1728,0%@1728,0%@1728,0%@1728,100%@1728,0%@1728] GR3D_FREQ 30% cpu@60.875C soc2@59.593C soc0@60.312C gpu@61C tj@61.5C soc1@61.5C VDD_IN 10567mW/10595mW VDD_CPU_GPU_CV 4001mW/3999mW VDD_SOC 2862mW/2862mW
08-04-2026 19:59:22 RAM 3866/7620MB (lfb 160x1MB) SWAP 1691/12002MB (cached 50MB) CPU [0%@1728,0%@1728,0%@1728,0%@1728,100%@1728,0%@1728] GR3D_FREQ 30% cpu@60.843C soc2@59.562C soc0@60.343C gpu@61.187C tj@61.625C soc1@61.625C VDD_IN 10567mW/10595mW VDD_CPU_GPU_CV 4001mW/3999mW VDD_SOC 2862mW/2862mW
08-04-2026 19:59:22 RAM 3865/7620MB (lfb 160x1MB) SWAP 1691/12002MB (cached 50MB) CPU [10%@1728,10%@1728,9%@1728,20%@1728,100%@1728,8%@1728] GR3D_FREQ 30% cpu@60.843C soc2@59.562C soc0@60.468C gpu@61.031C tj@61.437C soc1@61.437C VDD_IN 10632mW/10595mW VDD_CPU_GPU_CV 4042mW/3999mW VDD_SOC 2862mW/2862mW
08-04-2026 19:59:22 RAM 3865/7620MB (lfb 160x1MB) SWAP 1691/12002MB (cached 50MB) CPU [8%@1728,0%@1728,0%@1728,0%@1728,100%@1728,0%@1728] GR3D_FREQ 29% cpu@60.906C soc2@59.437C soc0@60.187C gpu@60.781C tj@61.437C soc1@61.437C VDD_IN 10608mW/10595mW VDD_CPU_GPU_CV 4042mW/3999mW VDD_SOC 2862mW/2862mW
08-04-2026 19:59:22 RAM 3865/7620MB (lfb 160x1MB) SWAP 1691/12002MB (cached 50MB) CPU [0%@1728,0%@1728,0%@1728,0%@1728,100%@1728,0%@1728] GR3D_FREQ 31% cpu@60.812C soc2@59.468C soc0@60.25C gpu@61.187C tj@61.5C soc1@61.5C VDD_IN 10608mW/10595mW VDD_CPU_GPU_CV 4036mW/3999mW VDD_SOC 2862mW/2862mW
08-04-2026 19:59:22 RAM 3865/7620MB (lfb 160x1MB) SWAP 1691/12002MB (cached 50MB) CPU [8%@1728,0%@1728,0%@1728,0%@1728,100%@1728,0%@1728] GR3D_FREQ 31% cpu@60.875C soc2@59.593C soc0@60.281C gpu@61C tj@61.562C soc1@61.656C VDD_IN 10608mW/10595mW VDD_CPU_GPU_CV 4001mW/3999mW VDD_SOC 2862mW/2862mW
08-04-2026 19:59:22 RAM 3865/7620MB (lfb 160x1MB) SWAP 1691/12002MB (cached 50MB) CPU [0%@1728,0%@1728,0%@1728,0%@1728,100%@1728,0%@1728] GR3D_FREQ 30% cpu@60.812C soc2@59.562C soc0@60.343C gpu@61.406C tj@61.562C soc1@61.562C VDD_IN 10608mW/10595mW VDD_CPU_GPU_CV 4001mW/3999mW VDD_SOC 2862mW/2862mW
08-04-2026 19:59:23 RAM 3865/7620MB (lfb 160x1MB) SWAP 1691/12002MB (cached 50MB) CPU [0%@1728,0%@1728,0%@1728,0%@1728,100%@1728,0%@1728] GR3D_FREQ 31% cpu@60.843C soc2@59.656C soc0@60.437C gpu@61.187C tj@61.406C soc1@61.406C VDD_IN 10608mW/10595mW VDD_CPU_GPU_CV 3995mW/3999mW VDD_SOC 2862mW/2862mW
08-04-2026 19:59:23 RAM 3865/7620MB (lfb 160x1MB) SWAP 1691/12002MB (cached 50MB) CPU [0%@1728,0%@1728,0%@1728,0%@1728,100%@1728,0%@1728] GR3D_FREQ 30% cpu@60.75C soc2@59.5C soc0@60.187C gpu@61.031C tj@61.468C soc1@61.468C VDD_IN 10608mW/10595mW VDD_CPU_GPU_CV 4001mW/3999mW VDD_SOC 2862mW/2862mW
08-04-2026 19:59:23 RAM 3865/7620MB (lfb 160x1MB) SWAP 1691/12002MB (cached 50MB) CPU [0%@1728,0%@1728,0%@1728,0%@1728,100%@1728,0%@1728] GR3D_FREQ 31% cpu@60.75C soc2@59.562C soc0@60.25C gpu@61.406C tj@61.562C soc1@61.562C VDD_IN 10608mW/10595mW VDD_CPU_GPU_CV 4001mW/3999mW VDD_SOC 2862mW/2862mW
08-04-2026 19:59:23 RAM 3865/7620MB (lfb 160x1MB) SWAP 1691/12002MB (cached 50MB) CPU [0%@1728,0%@1728,0%@1728,0%@1728,100%@1728,0%@1728] GR3D_FREQ 30% cpu@60.875C soc2@59.5C soc0@60.25C gpu@61.062C tj@61.656C soc1@61.656C VDD_IN 10608mW/10595mW VDD_CPU_GPU_CV 4001mW/3999mW VDD_SOC 2862mW/2862mW
08-04-2026 19:59:23 RAM 3865/7620MB (lfb 160x1MB) SWAP 1691/12002MB (cached 50MB) CPU [9%@1728,0%@1728,0%@1728,0%@1728,100%@1728,0%@1728] GR3D_FREQ 30% cpu@60.875C soc2@59.593C soc0@60.406C gpu@60.906C tj@61.656C soc1@61.656C VDD_IN 10608mW/10595mW VDD_CPU_GPU_CV 4001mW/3999mW VDD_SOC 2862mW/2862mW
08-04-2026 19:59:23 RAM 3865/7620MB (lfb 160x1MB) SWAP 1691/12002MB (cached 50MB) CPU [0%@1728,0%@1728,0%@1728,0%@1728,100%@1728,0%@1728] GR3D_FREQ 30% cpu@60.875C soc2@59.687C soc0@60.312C gpu@61.281C tj@61.406C soc1@61.406C VDD_IN 10608mW/10595mW VDD_CPU_GPU_CV 4001mW/3999mW VDD_SOC 2862mW/2862mW
08-04-2026 19:59:23 RAM 3865/7620MB (lfb 160x1MB) SWAP 1691/12002MB (cached 50MB) CPU [0%@1728,0%@1728,9%@1728,0%@1728,100%@1728,0%@1728] GR3D_FREQ 30% cpu@60.812C soc2@59.406C soc0@60.218C gpu@61.125C tj@61.406C soc1@61.468C VDD_IN 10608mW/10595mW VDD_CPU_GPU_CV 4001mW/3999mW VDD_SOC 2862mW/2862mW
08-04-2026 19:59:23 RAM 3865/7620MB (lfb 160x1MB) SWAP 1691/12002MB (cached 50MB) CPU [0%@1728,0%@1728,0%@1728,0%@1728,100%@1728,0%@1728] GR3D_FREQ 31% cpu@60.843C soc2@59.5C soc0@60.343C gpu@60.812C tj@61.562C soc1@61.562C VDD_IN 10608mW/10595mW VDD_CPU_GPU_CV 4001mW/3999mW VDD_SOC 2862mW/2862mW
08-04-2026 19:59:23 RAM 3865/7620MB (lfb 160x1MB) SWAP 1691/12002MB (cached 50MB) CPU [0%@1728,0%@1728,0%@1728,0%@1728,100%@1728,0%@1728] GR3D_FREQ 30% cpu@60.968C soc2@59.531C soc0@60.281C gpu@61.312C tj@61.687C soc1@61.687C VDD_IN 10608mW/10595mW VDD_CPU_GPU_CV 4001mW/3999mW VDD_SOC 2862mW/2862mW
08-04-2026 19:59:24 RAM 3865/7620MB (lfb 160x1MB) SWAP 1691/12002MB (cached 50MB) CPU [0%@1728,0%@1728,0%@1728,0%@1728,100%@1728,0%@1728] GR3D_FREQ 31% cpu@60.875C soc2@59.625C soc0@60.375C gpu@60.875C tj@61.687C soc1@61.687C VDD_IN 10608mW/10595mW VDD_CPU_GPU_CV 3995mW/3999mW VDD_SOC 2862mW/2862mW
08-04-2026 19:59:24 RAM 3865/7620MB (lfb 160x1MB) SWAP 1691/12002MB (cached 50MB) CPU [0%@1728,0%@1728,0%@1728,0%@1728,100%@1728,0%@1728] GR3D_FREQ 30% cpu@61C soc2@59.5C soc0@60.187C gpu@60.812C tj@61.531C soc1@61.531C VDD_IN 10567mW/10595mW VDD_CPU_GPU_CV 3995mW/3999mW VDD_SOC 2862mW/2862mW
08-04-2026 19:59:24 RAM 3865/7620MB (lfb 160x1MB) SWAP 1691/12002MB (cached 50MB) CPU [0%@1728,8%@1728,0%@1728,0%@1728,100%@1728,0%@1728] GR3D_FREQ 31% cpu@60.875C soc2@59.5C soc0@60.218C gpu@61.187C tj@61.5C soc1@61.5C VDD_IN 10567mW/10595mW VDD_CPU_GPU_CV 3995mW/3999mW VDD_SOC 2862mW/2862mW
08-04-2026 19:59:24 RAM 3865/7620MB (lfb 160x1MB) SWAP 1691/12002MB (cached 50MB) CPU [0%@1728,0%@1728,0%@1728,0%@1728,100%@1728,0%@1728] GR3D_FREQ 29% cpu@60.843C soc2@59.593C soc0@60.343C gpu@60.906C tj@61.562C soc1@61.562C VDD_IN 10567mW/10595mW VDD_CPU_GPU_CV 3954mW/3999mW VDD_SOC 2862mW/2862mW
08-04-2026 19:59:24 RAM 3865/7620MB (lfb 160x1MB) SWAP 1691/12002MB (cached 50MB) CPU [0%@1728,0%@1728,0%@1728,0%@1728,100%@1728,0%@1728] GR3D_FREQ 31% cpu@60.875C soc2@59.5C soc0@60.312C gpu@60.875C tj@61.781C soc1@61.781C VDD_IN 10567mW/10595mW VDD_CPU_GPU_CV 4001mW/3999mW VDD_SOC 2862mW/2862mW
08-04-2026 19:59:24 RAM 3865/7620MB (lfb 160x1MB) SWAP 1691/12002MB (cached 50MB) CPU [0%@1728,0%@1728,0%@1728,0%@1728,100%@1728,0%@1728] GR3D_FREQ 31% cpu@60.875C soc2@59.593C soc0@60.281C gpu@61.218C tj@61.375C soc1@61.406C VDD_IN 10567mW/10595mW VDD_CPU_GPU_CV 4001mW/3999mW VDD_SOC 2862mW/2862mW
08-04-2026 19:59:24 RAM 3865/7620MB (lfb 160x1MB) SWAP 1691/12002MB (cached 50MB) CPU [0%@1728,9%@1728,0%@1728,0%@1728,100%@1728,0%@1728] GR3D_FREQ 30% cpu@61.093C soc2@59.468C soc0@60.25C gpu@60.906C tj@61.468C soc1@61.468C VDD_IN 10567mW/10595mW VDD_CPU_GPU_CV 4001mW/3999mW VDD_SOC 2862mW/2862mW
08-04-2026 19:59:24 RAM 3865/7620MB (lfb 160x1MB) SWAP 1691/12002MB (cached 50MB) CPU [0%@1728,0%@1728,0%@1728,0%@1728,100%@1728,0%@1728] GR3D_FREQ 30% cpu@60.781C soc2@59.468C soc0@60.218C gpu@61.468C tj@61.468C soc1@61.468C VDD_IN 10567mW/10595mW VDD_CPU_GPU_CV 4001mW/3999mW VDD_SOC 2862mW/2862mW
08-04-2026 19:59:24 RAM 3865/7620MB (lfb 160x1MB) SWAP 1691/12002MB (cached 50MB) CPU [0%@1728,0%@1728,0%@1728,0%@1728,100%@1728,0%@1728] GR3D_FREQ 30% cpu@60.875C soc2@59.5C soc0@60.312C gpu@60.906C tj@61.625C soc1@61.625C VDD_IN 10526mW/10595mW VDD_CPU_GPU_CV 4001mW/3999mW VDD_SOC 2862mW/2862mW
08-04-2026 19:59:24 RAM 3865/7620MB (lfb 160x1MB) SWAP 1691/12002MB (cached 50MB) CPU [0%@1728,0%@1728,0%@1728,0%@1728,100%@1728,0%@1728] GR3D_FREQ 31% cpu@60.875C soc2@59.562C soc0@60.406C gpu@60.875C tj@61.687C soc1@61.687C VDD_IN 10567mW/10595mW VDD_CPU_GPU_CV 4001mW/3999mW VDD_SOC 2862mW/2862mW
08-04-2026 19:59:25 RAM 3865/7620MB (lfb 160x1MB) SWAP 1691/12002MB (cached 50MB) CPU [0%@1728,0%@1728,0%@1728,0%@1728,100%@1728,0%@1728] GR3D_FREQ 29% cpu@61C soc2@59.437C soc0@60.312C gpu@61.406C tj@61.437C soc1@61.437C VDD_IN 10567mW/10595mW VDD_CPU_GPU_CV 3995mW/3999mW VDD_SOC 2862mW/2862mW
08-04-2026 19:59:25 RAM 3865/7620MB (lfb 160x1MB) SWAP 1691/12002MB (cached 50MB) CPU [0%@1728,0%@1728,0%@1728,0%@1728,100%@1728,0%@1728] GR3D_FREQ 30% cpu@61.062C soc2@59.531C soc0@60.218C gpu@60.937C tj@61.531C soc1@61.531C VDD_IN 10567mW/10595mW VDD_CPU_GPU_CV 4001mW/3999mW VDD_SOC 2862mW/2862mW
08-04-2026 19:59:25 RAM 3865/7620MB (lfb 160x1MB) SWAP 1691/12002MB (cached 50MB) CPU [0%@1728,0%@1728,0%@1728,0%@1728,100%@1728,0%@1728] GR3D_FREQ 30% cpu@60.875C soc2@59.562C soc0@60.25C gpu@60.906C tj@61.531C soc1@61.531C VDD_IN 10567mW/10595mW VDD_CPU_GPU_CV 4001mW/3999mW VDD_SOC 2862mW/2862mW
08-04-2026 19:59:25 RAM 3865/7620MB (lfb 160x1MB) SWAP 1691/12002MB (cached 50MB) CPU [0%@1728,0%@1728,0%@1728,0%@1728,100%@1728,0%@1728] GR3D_FREQ 30% cpu@60.937C soc2@59.531C soc0@60.343C gpu@60.968C tj@61.531C soc1@61.531C VDD_IN 10567mW/10595mW VDD_CPU_GPU_CV 4001mW/3999mW VDD_SOC 2862mW/2862mW
08-04-2026 19:59:25 RAM 3865/7620MB (lfb 160x1MB) SWAP 1691/12002MB (cached 50MB) CPU [0%@1728,0%@1728,0%@1728,0%@1728,100%@1728,0%@1728] GR3D_FREQ 30% cpu@60.937C soc2@59.593C soc0@60.218C gpu@60.875C tj@61.406C soc1@61.406C VDD_IN 10567mW/10595mW VDD_CPU_GPU_CV 4001mW/3999mW VDD_SOC 2862mW/2862mW
08-04-2026 19:59:25 RAM 3865/7620MB (lfb 160x1MB) SWAP 1691/12002MB (cached 50MB) CPU [0%@1728,0%@1728,8%@1728,0%@1728,100%@1728,0%@1728] GR3D_FREQ 30% cpu@60.968C soc2@59.531C soc0@60.25C gpu@60.875C tj@61.437C soc1@61.437C VDD_IN 10567mW/10595mW VDD_CPU_GPU_CV 4001mW/3999mW VDD_SOC 2862mW/2862mW
08-04-2026 19:59:25 RAM 3865/7620MB (lfb 160x1MB) SWAP 1691/12002MB (cached 50MB) CPU [0%@1728,0%@1728,0%@1728,0%@1728,100%@1728,0%@1728] GR3D_FREQ 30% cpu@60.906C soc2@59.406C soc0@60.343C gpu@60.937C tj@61.5C soc1@61.5C VDD_IN 10567mW/10595mW VDD_CPU_GPU_CV 3995mW/3999mW VDD_SOC 2862mW/2862mW
08-04-2026 19:59:25 RAM 3864/7620MB (lfb 160x1MB) SWAP 1691/12002MB (cached 50MB) CPU [18%@1728,9%@1728,18%@1728,0%@1728,100%@1728,0%@1728] GR3D_FREQ 31% cpu@60.875C soc2@59.531C soc0@60.218C gpu@60.906C tj@61.593C soc1@61.593C VDD_IN 10649mW/10595mW VDD_CPU_GPU_CV 4036mW/3999mW VDD_SOC 2862mW/2862mW
08-04-2026 19:59:25 RAM 3864/7620MB (lfb 160x1MB) SWAP 1691/12002MB (cached 50MB) CPU [0%@1728,9%@1728,0%@1728,0%@1728,100%@1728,0%@1728] GR3D_FREQ 29% cpu@60.906C soc2@59.562C soc0@60.312C gpu@60.937C tj@61.343C soc1@61.343C VDD_IN 10649mW/10595mW VDD_CPU_GPU_CV 3995mW/3999mW VDD_SOC 2862mW/2862mW
08-04-2026 19:59:25 RAM 3864/7620MB (lfb 160x1MB) SWAP 1691/12002MB (cached 50MB) CPU [0%@1728,9%@1728,0%@1728,0%@1728,100%@1728,0%@1728] GR3D_FREQ 31% cpu@60.968C soc2@59.625C soc0@60.187C gpu@60.937C tj@61.406C soc1@61.406C VDD_IN 10649mW/10595mW VDD_CPU_GPU_CV 3995mW/3999mW VDD_SOC 2862mW/2862mW
08-04-2026 19:59:26 RAM 3864/7620MB (lfb 160x1MB) SWAP 1691/12002MB (cached 50MB) CPU [0%@1728,0%@1728,0%@1728,0%@1728,100%@1728,0%@1728] GR3D_FREQ 31% cpu@61.093C soc2@59.5C soc0@60.187C gpu@60.875C tj@61.468C soc1@61.468C VDD_IN 10649mW/10595mW VDD_CPU_GPU_CV 3995mW/3999mW VDD_SOC 2862mW/2862mW
08-04-2026 19:59:26 RAM 3864/7620MB (lfb 160x1MB) SWAP 1691/12002MB (cached 50MB) CPU [0%@1728,9%@1728,0%@1728,0%@1728,100%@1728,0%@1728] GR3D_FREQ 29% cpu@60.875C soc2@59.5C soc0@60.281C gpu@60.968C tj@61.656C soc1@61.656C VDD_IN 10649mW/10595mW VDD_CPU_GPU_CV 3995mW/3999mW VDD_SOC 2862mW/2862mW
08-04-2026 19:59:26 RAM 3864/7620MB (lfb 160x1MB) SWAP 1691/12002MB (cached 50MB) CPU [0%@1728,0%@1728,0%@1728,0%@1728,100%@1728,0%@1728] GR3D_FREQ 30% cpu@60.843C soc2@59.5C soc0@60.375C gpu@60.875C tj@61.562C soc1@61.562C VDD_IN 10608mW/10595mW VDD_CPU_GPU_CV 3995mW/3999mW VDD_SOC 2862mW/2862mW
08-04-2026 19:59:26 RAM 3864/7620MB (lfb 160x1MB) SWAP 1691/12002MB (cached 50MB) CPU [0%@1728,0%@1728,0%@1728,0%@1728,100%@1728,0%@1728] GR3D_FREQ 30% cpu@61C soc2@59.687C soc0@60.343C gpu@60.875C tj@61.468C soc1@61.468C VDD_IN 10608mW/10595mW VDD_CPU_GPU_CV 3995mW/3999mW VDD_SOC 2862mW/2862mW
08-04-2026 19:59:26 RAM 3864/7620MB (lfb 160x1MB) SWAP 1691/12002MB (cached 50MB) CPU [0%@1728,0%@1728,0%@1728,0%@1728,100%@1728,0%@1728] GR3D_FREQ 30% cpu@61.062C soc2@59.406C soc0@60.25C gpu@60.906C tj@61.468C soc1@61.468C VDD_IN 10608mW/10595mW VDD_CPU_GPU_CV 4001mW/3999mW VDD_SOC 2862mW/2862mW
08-04-2026 19:59:26 RAM 3864/7620MB (lfb 160x1MB) SWAP 1691/12002MB (cached 50MB) CPU [0%@1728,0%@1728,0%@1728,8%@1728,100%@1728,0%@1728] GR3D_FREQ 30% cpu@61.125C soc2@59.5C soc0@60.343C gpu@60.937C tj@61.562C soc1@61.562C VDD_IN 10567mW/10595mW VDD_CPU_GPU_CV 4001mW/3999mW VDD_SOC 2862mW/2862mW
08-04-2026 19:59:26 RAM 3864/7620MB (lfb 160x1MB) SWAP 1691/12002MB (cached 50MB) CPU [0%@1728,0%@1728,0%@1728,0%@1728,100%@1728,0%@1728] GR3D_FREQ 29% cpu@60.875C soc2@59.562C soc0@60.281C gpu@61C tj@61.562C soc1@61.562C VDD_IN 10608mW/10595mW VDD_CPU_GPU_CV 4001mW/3999mW VDD_SOC 2862mW/2862mW
08-04-2026 19:59:26 RAM 3864/7620MB (lfb 160x1MB) SWAP 1691/12002MB (cached 50MB) CPU [0%@1728,0%@1728,0%@1728,0%@1728,100%@1728,0%@1728] GR3D_FREQ 31% cpu@60.968C soc2@59.656C soc0@60.468C gpu@60.906C tj@61.625C soc1@61.625C VDD_IN 10608mW/10595mW VDD_CPU_GPU_CV 4001mW/3999mW VDD_SOC 2862mW/2862mW
08-04-2026 19:59:26 RAM 3864/7620MB (lfb 160x1MB) SWAP 1691/12002MB (cached 50MB) CPU [0%@1728,9%@1728,0%@1728,0%@1728,100%@1728,0%@1728] GR3D_FREQ 30% cpu@61.062C soc2@59.593C soc0@60.468C gpu@60.906C tj@61.5C soc1@61.5C VDD_IN 10608mW/10595mW VDD_CPU_GPU_CV 4001mW/3999mW VDD_SOC 2862mW/2862mW
08-04-2026 19:59:27 RAM 3864/7620MB (lfb 160x1MB) SWAP 1691/12002MB (cached 50MB) CPU [0%@1728,9%@1728,0%@1728,0%@1728,100%@1728,0%@1728] GR3D_FREQ 30% cpu@61.062C soc2@59.5C soc0@60.187C gpu@61.093C tj@61.468C soc1@61.468C VDD_IN 10608mW/10595mW VDD_CPU_GPU_CV 4001mW/3999mW VDD_SOC 2862mW/2862mW
08-04-2026 19:59:27 RAM 3864/7620MB (lfb 160x1MB) SWAP 1691/12002MB (cached 50MB) CPU [0%@1728,0%@1728,0%@1728,0%@1728,100%@1728,0%@1728] GR3D_FREQ 30% cpu@60.875C soc2@59.562C soc0@60.25C gpu@60.937C tj@61.468C soc1@61.468C VDD_IN 10608mW/10595mW VDD_CPU_GPU_CV 4001mW/3999mW VDD_SOC 2862mW/2862mW
08-04-2026 19:59:27 RAM 3864/7620MB (lfb 160x1MB) SWAP 1691/12002MB (cached 50MB) CPU [0%@1728,0%@1728,0%@1728,9%@1728,100%@1728,0%@1728] GR3D_FREQ 29% cpu@60.937C soc2@59.593C soc0@60.375C gpu@60.906C tj@61.562C soc1@61.562C VDD_IN 10608mW/10595mW VDD_CPU_GPU_CV 3960mW/3999mW VDD_SOC 2862mW/2862mW
08-04-2026 19:59:27 RAM 3864/7620MB (lfb 160x1MB) SWAP 1691/12002MB (cached 50MB) CPU [0%@1728,0%@1728,0%@1728,0%@1728,100%@1728,0%@1728] GR3D_FREQ 30% cpu@60.968C soc2@59.468C soc0@60.343C gpu@60.968C tj@61.656C soc1@61.656C VDD_IN 10608mW/10595mW VDD_CPU_GPU_CV 4001mW/3999mW VDD_SOC 2862mW/2862mW
08-04-2026 19:59:27 RAM 3864/7620MB (lfb 160x1MB) SWAP 1691/12002MB (cached 50MB) CPU [0%@1728,0%@1728,0%@1728,0%@1728,100%@1728,0%@1728] GR3D_FREQ 30% cpu@61C soc2@59.5C soc0@60.218C gpu@60.968C tj@61.437C soc1@61.437C VDD_IN 10608mW/10595mW VDD_CPU_GPU_CV 4001mW/3999mW VDD_SOC 2862mW/2862mW
08-04-2026 19:59:27 RAM 3864/7620MB (lfb 160x1MB) SWAP 1691/12002MB (cached 50MB) CPU [0%@1728,9%@1728,0%@1728,0%@1728,100%@1728,0%@1728] GR3D_FREQ 30% cpu@61.218C soc2@59.531C soc0@60.281C gpu@61.156C tj@61.562C soc1@61.562C VDD_IN 10608mW/10595mW VDD_CPU_GPU_CV 4001mW/3999mW VDD_SOC 2862mW/2862mW
08-04-2026 19:59:27 RAM 3864/7620MB (lfb 160x1MB) SWAP 1691/12002MB (cached 50MB) CPU [0%@1728,9%@1728,0%@1728,0%@1728,100%@1728,0%@1728] GR3D_FREQ 30% cpu@60.875C soc2@59.562C soc0@60.343C gpu@60.968C tj@61.531C soc1@61.531C VDD_IN 10567mW/10595mW VDD_CPU_GPU_CV 4001mW/3999mW VDD_SOC 2862mW/2862mW
08-04-2026 19:59:27 RAM 3864/7620MB (lfb 160x1MB) SWAP 1691/12002MB (cached 50MB) CPU [0%@1728,0%@1728,0%@1728,0%@1728,100%@1728,0%@1728] GR3D_FREQ 30% cpu@60.906C soc2@59.687C soc0@60.375C gpu@60.906C tj@61.625C soc1@61.625C VDD_IN 10567mW/10595mW VDD_CPU_GPU_CV 4001mW/3999mW VDD_SOC 2862mW/2862mW
08-04-2026 19:59:27 RAM 3864/7620MB (lfb 160x1MB) SWAP 1691/12002MB (cached 50MB) CPU [0%@1728,0%@1728,0%@1728,9%@1728,100%@1728,0%@1728] GR3D_FREQ 29% cpu@60.968C soc2@59.531C soc0@60.187C gpu@61.125C tj@61.343C soc1@61.343C VDD_IN 10567mW/10595mW VDD_CPU_GPU_CV 4001mW/3999mW VDD_SOC 2862mW/2862mW
08-04-2026 19:59:27 RAM 3864/7620MB (lfb 160x1MB) SWAP 1691/12002MB (cached 50MB) CPU [9%@1728,0%@1728,0%@1728,0%@1728,100%@1728,0%@1728] GR3D_FREQ 30% cpu@61.093C soc2@59.468C soc0@60.156C gpu@61.031C tj@61.5C soc1@61.5C VDD_IN 10567mW/10595mW VDD_CPU_GPU_CV 4001mW/3999mW VDD_SOC 2862mW/2862mW
08-04-2026 19:59:28 RAM 3864/7620MB (lfb 160x1MB) SWAP 1691/12002MB (cached 50MB) CPU [0%@1728,0%@1728,0%@1728,0%@1728,100%@1728,0%@1728] GR3D_FREQ 31% cpu@60.718C soc2@59.562C soc0@60.187C gpu@61.281C tj@61.562C soc1@61.562C VDD_IN 10567mW/10595mW VDD_CPU_GPU_CV 4001mW/3999mW VDD_SOC 2862mW/2862mW
08-04-2026 19:59:28 RAM 3864/7620MB (lfb 160x1MB) SWAP 1691/12002MB (cached 50MB) CPU [0%@1728,0%@1728,0%@1728,0%@1728,100%@1728,0%@1728] GR3D_FREQ 29% cpu@60.937C soc2@59.593C soc0@60.25C gpu@61.062C tj@61.531C soc1@61.531C VDD_IN 10567mW/10595mW VDD_CPU_GPU_CV 4001mW/3999mW VDD_SOC 2862mW/2862mW
08-04-2026 19:59:28 RAM 3864/7620MB (lfb 160x1MB) SWAP 1691/12002MB (cached 50MB) CPU [0%@1728,0%@1728,0%@1728,0%@1728,100%@1728,0%@1728] GR3D_FREQ 31% cpu@60.937C soc2@59.531C soc0@60.406C gpu@60.968C tj@61.718C soc1@61.718C VDD_IN 10567mW/10595mW VDD_CPU_GPU_CV 4001mW/3999mW VDD_SOC 2862mW/2862mW
08-04-2026 19:59:28 RAM 3864/7620MB (lfb 160x1MB) SWAP 1691/12002MB (cached 50MB) CPU [0%@1728,0%@1728,0%@1728,0%@1728,100%@1728,0%@1728] GR3D_FREQ 31% cpu@61.187C soc2@59.437C soc0@60.218C gpu@61.156C tj@61.406C soc1@61.468C VDD_IN 10567mW/10595mW VDD_CPU_GPU_CV 4001mW/3999mW VDD_SOC 2862mW/2862mW
08-04-2026 19:59:28 RAM 3864/7620MB (lfb 160x1MB) SWAP 1691/12002MB (cached 50MB) CPU [0%@1728,0%@1728,0%@1728,0%@1728,100%@1728,0%@1728] GR3D_FREQ 29% cpu@61.156C soc2@59.531C soc0@60.187C gpu@61.062C tj@61.406C soc1@61.406C VDD_IN 10567mW/10595mW VDD_CPU_GPU_CV 4001mW/3999mW VDD_SOC 2862mW/2862mW
08-04-2026 19:59:28 RAM 3864/7620MB (lfb 160x1MB) SWAP 1691/12002MB (cached 50MB) CPU [8%@1728,0%@1728,0%@1728,0%@1728,100%@1728,0%@1728] GR3D_FREQ 29% cpu@60.75C soc2@59.562C soc0@60.281C gpu@61.375C tj@61.531C soc1@61.531C VDD_IN 10567mW/10595mW VDD_CPU_GPU_CV 4001mW/3999mW VDD_SOC 2862mW/2862mW
08-04-2026 19:59:28 RAM 3864/7620MB (lfb 160x1MB) SWAP 1691/12002MB (cached 50MB) CPU [0%@1728,0%@1728,0%@1728,0%@1728,100%@1728,0%@1728] GR3D_FREQ 31% cpu@60.968C soc2@59.593C soc0@60.312C gpu@61.218C tj@61.625C soc1@61.625C VDD_IN 10567mW/10595mW VDD_CPU_GPU_CV 4001mW/3999mW VDD_SOC 2862mW/2862mW
08-04-2026 19:59:28 RAM 3864/7620MB (lfb 160x1MB) SWAP 1691/12002MB (cached 50MB) CPU [0%@1728,0%@1728,0%@1728,0%@1728,100%@1728,0%@1728] GR3D_FREQ 31% cpu@61.031C soc2@59.593C soc0@60.343C gpu@61.031C tj@61.406C soc1@61.406C VDD_IN 10567mW/10595mW VDD_CPU_GPU_CV 4001mW/3999mW VDD_SOC 2862mW/2862mW
08-04-2026 19:59:28 RAM 3864/7620MB (lfb 160x1MB) SWAP 1691/12002MB (cached 50MB) CPU [8%@1728,0%@1728,0%@1728,0%@1728,100%@1728,0%@1728] GR3D_FREQ 29% cpu@61.218C soc2@59.5C soc0@60.187C gpu@61.375C tj@61.406C soc1@61.562C VDD_IN 10567mW/10595mW VDD_CPU_GPU_CV 4001mW/3999mW VDD_SOC 2862mW/2862mW
08-04-2026 19:59:29 RAM 3862/7620MB (lfb 160x1MB) SWAP 1691/12002MB (cached 50MB) CPU [10%@1728,27%@1728,9%@1728,0%@1728,100%@1728,0%@1728] GR3D_FREQ 31% cpu@60.875C soc2@59.406C soc0@60.281C gpu@61.218C tj@61.562C soc1@61.562C VDD_IN 10649mW/10595mW VDD_CPU_GPU_CV 4042mW/3999mW VDD_SOC 2862mW/2862mW
08-04-2026 19:59:29 RAM 3862/7620MB (lfb 160x1MB) SWAP 1691/12002MB (cached 50MB) CPU [0%@1728,0%@1728,0%@1728,0%@1728,100%@1728,0%@1728] GR3D_FREQ 29% cpu@60.812C soc2@59.562C soc0@60.281C gpu@60.781C tj@61.531C soc1@61.531C VDD_IN 10608mW/10595mW VDD_CPU_GPU_CV 4036mW/3999mW VDD_SOC 2862mW/2862mW
08-04-2026 19:59:29 RAM 3862/7620MB (lfb 160x1MB) SWAP 1691/12002MB (cached 50MB) CPU [0%@1728,0%@1728,0%@1728,0%@1728,100%@1728,0%@1728] GR3D_FREQ 31% cpu@60.968C soc2@59.562C soc0@60.375C gpu@61.25C tj@61.593C soc1@61.593C VDD_IN 10608mW/10595mW VDD_CPU_GPU_CV 3995mW/3999mW VDD_SOC 2862mW/2862mW
08-04-2026 19:59:29 RAM 3862/7620MB (lfb 160x1MB) SWAP 1691/12002MB (cached 50MB) CPU [0%@1728,0%@1728,0%@1728,0%@1728,100%@1728,0%@1728] GR3D_FREQ 29% cpu@61.062C soc2@59.625C soc0@60.25C gpu@61.125C tj@61.406C soc1@61.406C VDD_IN 10608mW/10595mW VDD_CPU_GPU_CV 4001mW/3999mW VDD_SOC 2862mW/2862mW
08-04-2026 19:59:29 RAM 3862/7620MB (lfb 160x1MB) SWAP 1691/12002MB (cached 50MB) CPU [0%@1728,0%@1728,0%@1728,9%@1728,100%@1728,0%@1728] GR3D_FREQ 31% cpu@60.75C soc2@59.437C soc0@60.281C gpu@60.843C tj@61.531C soc1@61.531C VDD_IN 10608mW/10595mW VDD_CPU_GPU_CV 4001mW/3999mW VDD_SOC 2862mW/2862mW
08-04-2026 19:59:29 RAM 3862/7620MB (lfb 160x1MB) SWAP 1691/12002MB (cached 50MB) CPU [8%@1728,0%@1728,0%@1728,0%@1728,100%@1728,0%@1728] GR3D_FREQ 30% cpu@60.75C soc2@59.5C soc0@60.25C gpu@61.281C tj@61.531C soc1@61.531C VDD_IN 10608mW/10595mW VDD_CPU_GPU_CV 4001mW/3999mW VDD_SOC 2862mW/2862mW
08-04-2026 19:59:29 RAM 3862/7620MB (lfb 160x1MB) SWAP 1691/12002MB (cached 50MB) CPU [0%@1728,0%@1728,0%@1728,0%@1728,100%@1728,0%@1728] GR3D_FREQ 30% cpu@60.875C soc2@59.5C soc0@60.343C gpu@60.875C tj@61.562C soc1@61.562C VDD_IN 10608mW/10595mW VDD_CPU_GPU_CV 4001mW/3999mW VDD_SOC 2862mW/2862mW
08-04-2026 19:59:29 RAM 3862/7620MB (lfb 160x1MB) SWAP 1691/12002MB (cached 50MB) CPU [0%@1728,0%@1728,0%@1728,0%@1728,100%@1728,0%@1728] GR3D_FREQ 30% cpu@61C soc2@59.593C soc0@60.343C gpu@60.843C tj@61.375C soc1@61.375C VDD_IN 10608mW/10595mW VDD_CPU_GPU_CV 4001mW/3999mW VDD_SOC 2862mW/2862mW
08-04-2026 19:59:29 RAM 3862/7620MB (lfb 160x1MB) SWAP 1691/12002MB (cached 50MB) CPU [0%@1728,0%@1728,0%@1728,0%@1728,100%@1728,0%@1728] GR3D_FREQ 30% cpu@61.156C soc2@59.468C soc0@60.187C gpu@61.187C tj@61.468C soc1@61.468C VDD_IN 10567mW/10595mW VDD_CPU_GPU_CV 3995mW/3999mW VDD_SOC 2862mW/2862mW
08-04-2026 19:59:29 RAM 3862/7620MB (lfb 160x1MB) SWAP 1691/12002MB (cached 50MB) CPU [0%@1728,0%@1728,0%@1728,0%@1728,100%@1728,0%@1728] GR3D_FREQ 30% cpu@60.906C soc2@59.531C soc0@60.25C gpu@60.875C tj@61.468C soc1@61.468C VDD_IN 10567mW/10595mW VDD_CPU_GPU_CV 4001mW/3999mW VDD_SOC 2862mW/2862mW
08-04-2026 19:59:30 RAM 3862/7620MB (lfb 160x1MB) SWAP 1691/12002MB (cached 50MB) CPU [0%@1728,18%@1728,0%@1728,0%@1728,100%@1728,0%@1728] GR3D_FREQ 30% cpu@60.843C soc2@59.5C soc0@60.218C gpu@60.843C tj@61.531C soc1@61.531C VDD_IN 10608mW/10595mW VDD_CPU_GPU_CV 4001mW/3999mW VDD_SOC 2862mW/2862mW
08-04-2026 19:59:30 RAM 3862/7620MB (lfb 160x1MB) SWAP 1691/12002MB (cached 50MB) CPU [0%@1728,0%@1728,0%@1728,0%@1728,100%@1728,0%@1728] GR3D_FREQ 29% cpu@60.875C soc2@59.593C soc0@60.343C gpu@61.281C tj@61.687C soc1@61.687C VDD_IN 10608mW/10595mW VDD_CPU_GPU_CV 4001mW/3999mW VDD_SOC 2862mW/2862mW
08-04-2026 19:59:30 RAM 3862/7620MB (lfb 160x1MB) SWAP 1691/12002MB (cached 50MB) CPU [0%@1728,0%@1728,0%@1728,0%@1728,100%@1728,0%@1728] GR3D_FREQ 31% cpu@61.125C soc2@59.531C soc0@60.406C gpu@60.937C tj@61.375C soc1@61.375C VDD_IN 10567mW/10595mW VDD_CPU_GPU_CV 4001mW/3999mW VDD_SOC 2862mW/2862mW
08-04-2026 19:59:30 RAM 3862/7620MB (lfb 160x1MB) SWAP 1691/12002MB (cached 50MB) CPU [0%@1728,0%@1728,0%@1728,0%@1728,100%@1728,0%@1728] GR3D_FREQ 30% cpu@60.812C soc2@59.437C soc0@60.25C gpu@61.406C tj@61.406C soc1@61.406C VDD_IN 10567mW/10595mW VDD_CPU_GPU_CV 4001mW/3999mW VDD_SOC 2862mW/2862mW
08-04-2026 19:59:30 RAM 3862/7620MB (lfb 160x1MB) SWAP 1691/12002MB (cached 50MB) CPU [0%@1728,0%@1728,0%@1728,0%@1728,100%@1728,0%@1728] GR3D_FREQ 30% cpu@60.781C soc2@59.531C soc0@60.187C gpu@60.906C tj@61.531C soc1@61.531C VDD_IN 10567mW/10595mW VDD_CPU_GPU_CV 4001mW/3999mW VDD_SOC 2862mW/2862mW
08-04-2026 19:59:30 RAM 3862/7620MB (lfb 160x1MB) SWAP 1691/12002MB (cached 50MB) CPU [0%@1728,0%@1728,0%@1728,0%@1728,100%@1728,0%@1728] GR3D_FREQ 31% cpu@60.781C soc2@59.562C soc0@60.281C gpu@60.843C tj@61.625C soc1@61.531C VDD_IN 10567mW/10595mW VDD_CPU_GPU_CV 4001mW/3999mW VDD_SOC 2862mW/2862mW
08-04-2026 19:59:30 RAM 3862/7620MB (lfb 160x1MB) SWAP 1691/12002MB (cached 50MB) CPU [0%@1728,0%@1728,0%@1728,0%@1728,100%@1728,0%@1728] GR3D_FREQ 30% cpu@60.75C soc2@59.625C soc0@60.406C gpu@61.281C tj@61.718C soc1@61.718C VDD_IN 10567mW/10595mW VDD_CPU_GPU_CV 4001mW/3999mW VDD_SOC 2862mW/2862mW
08-04-2026 19:59:30 RAM 3862/7620MB (lfb 160x1MB) SWAP 1691/12002MB (cached 50MB) CPU [0%@1728,0%@1728,8%@1728,0%@1728,100%@1728,0%@1728] GR3D_FREQ 30% cpu@61.218C soc2@59.437C soc0@60.187C gpu@60.843C tj@61.468C soc1@61.468C VDD_IN 10567mW/10595mW VDD_CPU_GPU_CV 4001mW/3999mW VDD_SOC 2862mW/2862mW
08-04-2026 19:59:30 RAM 3862/7620MB (lfb 160x1MB) SWAP 1691/12002MB (cached 50MB) CPU [0%@1728,0%@1728,0%@1728,0%@1728,100%@1728,0%@1728] GR3D_FREQ 30% cpu@60.718C soc2@59.437C soc0@60.25C gpu@60.875C tj@61.437C soc1@61.437C VDD_IN 10567mW/10594mW VDD_CPU_GPU_CV 4001mW/3999mW VDD_SOC 2862mW/2862mW
08-04-2026 19:59:31 RAM 3862/7620MB (lfb 160x1MB) SWAP 1691/12002MB (cached 50MB) CPU [0%@1728,0%@1728,0%@1728,0%@1728,100%@1728,0%@1728] GR3D_FREQ 30% cpu@60.812C soc2@59.5C soc0@60.281C gpu@60.968C tj@61.5C soc1@61.5C VDD_IN 10608mW/10595mW VDD_CPU_GPU_CV 4001mW/3999mW VDD_SOC 2862mW/2862mW
08-04-2026 19:59:31 RAM 3862/7620MB (lfb 160x1MB) SWAP 1691/12002MB (cached 50MB) CPU [0%@1728,0%@1728,0%@1728,0%@1728,100%@1728,0%@1728] GR3D_FREQ 30% cpu@60.781C soc2@59.562C soc0@60.312C gpu@60.906C tj@61.625C soc1@61.625C VDD_IN 10608mW/10595mW VDD_CPU_GPU_CV 4001mW/3999mW VDD_SOC 2862mW/2862mW
08-04-2026 19:59:31 RAM 3862/7620MB (lfb 160x1MB) SWAP 1691/12002MB (cached 50MB) CPU [0%@1728,0%@1728,0%@1728,0%@1728,100%@1728,0%@1728] GR3D_FREQ 30% cpu@60.875C soc2@59.531C soc0@60.437C gpu@60.843C tj@61.687C soc1@61.687C VDD_IN 10608mW/10595mW VDD_CPU_GPU_CV 4001mW/3999mW VDD_SOC 2862mW/2862mW
08-04-2026 19:59:31 RAM 3862/7620MB (lfb 160x1MB) SWAP 1691/12002MB (cached 50MB) CPU [0%@1728,0%@1728,0%@1728,0%@1728,100%@1728,0%@1728] GR3D_FREQ 29% cpu@60.812C soc2@59.531C soc0@60.25C gpu@60.968C tj@61.437C soc1@61.437C VDD_IN 10608mW/10595mW VDD_CPU_GPU_CV 4001mW/3999mW VDD_SOC 2862mW/2862mW
08-04-2026 19:59:31 RAM 3862/7620MB (lfb 160x1MB) SWAP 1691/12002MB (cached 50MB) CPU [0%@1728,0%@1728,0%@1728,0%@1728,100%@1728,0%@1728] GR3D_FREQ 30% cpu@60.812C soc2@59.5C soc0@60.406C gpu@60.875C tj@61.5C soc1@61.5C VDD_IN 10608mW/10595mW VDD_CPU_GPU_CV 4001mW/3999mW VDD_SOC 2862mW/2862mW
08-04-2026 19:59:31 RAM 3862/7620MB (lfb 160x1MB) SWAP 1691/12002MB (cached 50MB) CPU [0%@1728,0%@1728,0%@1728,0%@1728,100%@1728,0%@1728] GR3D_FREQ 31% cpu@60.812C soc2@59.593C soc0@60.281C gpu@61.062C tj@61.5C soc1@61.5C VDD_IN 10608mW/10595mW VDD_CPU_GPU_CV 4001mW/3999mW VDD_SOC 2862mW/2862mW
08-04-2026 19:59:31 RAM 3862/7620MB (lfb 160x1MB) SWAP 1691/12002MB (cached 50MB) CPU [0%@1728,0%@1728,0%@1728,0%@1728,100%@1728,0%@1728] GR3D_FREQ 29% cpu@60.875C soc2@59.531C soc0@60.437C gpu@60.906C tj@61.625C soc1@61.625C VDD_IN 10567mW/10595mW VDD_CPU_GPU_CV 3960mW/3999mW VDD_SOC 2862mW/2862mW
08-04-2026 19:59:31 RAM 3862/7620MB (lfb 160x1MB) SWAP 1691/12002MB (cached 50MB) CPU [0%@1728,0%@1728,0%@1728,0%@1728,100%@1728,0%@1728] GR3D_FREQ 31% cpu@60.781C soc2@59.593C soc0@60.218C gpu@60.875C tj@61.406C soc1@61.406C VDD_IN 10567mW/10595mW VDD_CPU_GPU_CV 4001mW/3999mW VDD_SOC 2862mW/2862mW
08-04-2026 19:59:31 RAM 3862/7620MB (lfb 160x1MB) SWAP 1691/12002MB (cached 50MB) CPU [0%@1728,0%@1728,0%@1728,0%@1728,100%@1728,0%@1728] GR3D_FREQ 29% cpu@60.718C soc2@59.437C soc0@60.218C gpu@60.968C tj@61.437C soc1@61.437C VDD_IN 10567mW/10594mW VDD_CPU_GPU_CV 4001mW/3999mW VDD_SOC 2862mW/2862mW
08-04-2026 19:59:31 RAM 3862/7620MB (lfb 160x1MB) SWAP 1691/12002MB (cached 50MB) CPU [0%@1728,0%@1728,0%@1728,0%@1728,100%@1728,0%@1728] GR3D_FREQ 30% cpu@60.843C soc2@59.531C soc0@60.312C gpu@60.968C tj@61.437C soc1@61.437C VDD_IN 10567mW/10594mW VDD_CPU_GPU_CV 3995mW/3999mW VDD_SOC 2862mW/2862mW
08-04-2026 19:59:32 RAM 3862/7620MB (lfb 160x1MB) SWAP 1691/12002MB (cached 50MB) CPU [9%@1728,0%@1728,0%@1728,0%@1728,100%@1728,0%@1728] GR3D_FREQ 29% cpu@60.75C soc2@59.5C soc0@60.406C gpu@60.906C tj@61.5C soc1@61.5C VDD_IN 10567mW/10594mW VDD_CPU_GPU_CV 4001mW/3999mW VDD_SOC 2862mW/2862mW
08-04-2026 19:59:32 RAM 3862/7620MB (lfb 160x1MB) SWAP 1691/12002MB (cached 50MB) CPU [0%@1728,0%@1728,0%@1728,0%@1728,100%@1728,0%@1728] GR3D_FREQ 30% cpu@60.843C soc2@59.562C soc0@60.375C gpu@60.937C tj@61.437C soc1@61.437C VDD_IN 10567mW/10594mW VDD_CPU_GPU_CV 4001mW/3999mW VDD_SOC 2862mW/2862mW
08-04-2026 19:59:32 RAM 3867/7620MB (lfb 160x1MB) SWAP 1691/12002MB (cached 50MB) CPU [0%@1728,0%@1728,9%@1728,20%@1728,100%@1728,8%@1728] GR3D_FREQ 30% cpu@60.875C soc2@59.437C soc0@60.156C gpu@60.937C tj@61.468C soc1@61.468C VDD_IN 10649mW/10594mW VDD_CPU_GPU_CV 4036mW/3999mW VDD_SOC 2862mW/2862mW
08-04-2026 19:59:32 RAM 3867/7620MB (lfb 160x1MB) SWAP 1691/12002MB (cached 50MB) CPU [0%@1728,0%@1728,0%@1728,0%@1728,100%@1728,0%@1728] GR3D_FREQ 30% cpu@60.843C soc2@59.468C soc0@60.187C gpu@60.906C tj@61.531C soc1@61.531C VDD_IN 10649mW/10595mW VDD_CPU_GPU_CV 4036mW/3999mW VDD_SOC 2862mW/2862mW
08-04-2026 19:59:32 RAM 3867/7620MB (lfb 160x1MB) SWAP 1691/12002MB (cached 50MB) CPU [0%@1728,0%@1728,0%@1728,0%@1728,100%@1728,0%@1728] GR3D_FREQ 30% cpu@60.875C soc2@59.468C soc0@60.25C gpu@61C tj@61.562C soc1@61.562C VDD_IN 10649mW/10595mW VDD_CPU_GPU_CV 3995mW/3999mW VDD_SOC 2862mW/2862mW
08-04-2026 19:59:32 RAM 3867/7620MB (lfb 160x1MB) SWAP 1691/12002MB (cached 50MB) CPU [0%@1728,0%@1728,0%@1728,0%@1728,100%@1728,0%@1728] GR3D_FREQ 30% cpu@60.843C soc2@59.562C soc0@60.406C gpu@60.906C tj@61.656C soc1@61.687C VDD_IN 10608mW/10595mW VDD_CPU_GPU_CV 3995mW/3999mW VDD_SOC 2862mW/2862mW
08-04-2026 19:59:32 RAM 3867/7620MB (lfb 160x1MB) SWAP 1691/12002MB (cached 50MB) CPU [0%@1728,0%@1728,9%@1728,0%@1728,100%@1728,0%@1728] GR3D_FREQ 30% cpu@60.875C soc2@59.687C soc0@60.187C gpu@61.125C tj@61.406C soc1@61.406C VDD_IN 10608mW/10595mW VDD_CPU_GPU_CV 4001mW/3999mW VDD_SOC 2862mW/2862mW
08-04-2026 19:59:32 RAM 3867/7620MB (lfb 160x1MB) SWAP 1691/12002MB (cached 50MB) CPU [0%@1728,0%@1728,0%@1728,0%@1728,100%@1728,0%@1728] GR3D_FREQ 30% cpu@60.812C soc2@59.531C soc0@60.218C gpu@60.968C tj@61.375C soc1@61.375C VDD_IN 10608mW/10595mW VDD_CPU_GPU_CV 4001mW/3999mW VDD_SOC 2862mW/2862mW
08-04-2026 19:59:32 RAM 3867/7620MB (lfb 160x1MB) SWAP 1691/12002MB (cached 50MB) CPU [0%@1728,0%@1728,0%@1728,0%@1728,100%@1728,0%@1728] GR3D_FREQ 30% cpu@60.812C soc2@59.5C soc0@60.25C gpu@60.906C tj@61.437C soc1@61.437C VDD_IN 10608mW/10595mW VDD_CPU_GPU_CV 4001mW/3999mW VDD_SOC 2862mW/2862mW
08-04-2026 19:59:33 RAM 3867/7620MB (lfb 160x1MB) SWAP 1691/12002MB (cached 50MB) CPU [0%@1728,0%@1728,0%@1728,0%@1728,100%@1728,0%@1728] GR3D_FREQ 30% cpu@60.906C soc2@59.531C soc0@60.343C gpu@61.031C tj@61.625C soc1@61.625C VDD_IN 10608mW/10595mW VDD_CPU_GPU_CV 3995mW/3999mW VDD_SOC 2862mW/2862mW
08-04-2026 19:59:33 RAM 3866/7620MB (lfb 160x1MB) SWAP 1691/12002MB (cached 50MB) CPU [0%@1728,0%@1728,0%@1728,0%@1728,100%@1728,0%@1728] GR3D_FREQ 31% cpu@60.875C soc2@59.5C soc0@60.468C gpu@60.937C tj@61.406C soc1@61.406C VDD_IN 10608mW/10595mW VDD_CPU_GPU_CV 3995mW/3999mW VDD_SOC 2862mW/2862mW
08-04-2026 19:59:33 RAM 3866/7620MB (lfb 160x1MB) SWAP 1691/12002MB (cached 50MB) CPU [0%@1728,0%@1728,0%@1728,0%@1728,100%@1728,0%@1728] GR3D_FREQ 29% cpu@60.906C soc2@59.375C soc0@60.156C gpu@61.125C tj@61.375C soc1@61.375C VDD_IN 10608mW/10595mW VDD_CPU_GPU_CV 3995mW/3999mW VDD_SOC 2862mW/2862mW
08-04-2026 19:59:33 RAM 3866/7620MB (lfb 160x1MB) SWAP 1691/12002MB (cached 50MB) CPU [0%@1728,0%@1728,0%@1728,0%@1728,100%@1728,0%@1728] GR3D_FREQ 31% cpu@60.75C soc2@59.5C soc0@60.187C gpu@61.031C tj@61.468C soc1@61.468C VDD_IN 10608mW/10595mW VDD_CPU_GPU_CV 4001mW/3999mW VDD_SOC 2862mW/2862mW
08-04-2026 19:59:33 RAM 3866/7620MB (lfb 160x1MB) SWAP 1691/12002MB (cached 50MB) CPU [0%@1728,0%@1728,0%@1728,0%@1728,100%@1728,0%@1728] GR3D_FREQ 30% cpu@60.875C soc2@59.562C soc0@60.218C gpu@60.906C tj@61.562C soc1@61.562C VDD_IN 10567mW/10595mW VDD_CPU_GPU_CV 4001mW/3999mW VDD_SOC 2862mW/2862mW
08-04-2026 19:59:33 RAM 3866/7620MB (lfb 160x1MB) SWAP 1691/12002MB (cached 50MB) CPU [0%@1728,0%@1728,0%@1728,0%@1728,100%@1728,0%@1728] GR3D_FREQ 30% cpu@60.906C soc2@59.562C soc0@60.375C gpu@61.031C tj@61.656C soc1@61.656C VDD_IN 10567mW/10595mW VDD_CPU_GPU_CV 4001mW/3999mW VDD_SOC 2862mW/2862mW
08-04-2026 19:59:33 RAM 3866/7620MB (lfb 160x1MB) SWAP 1691/12002MB (cached 50MB) CPU [9%@1728,0%@1728,0%@1728,0%@1728,100%@1728,0%@1728] GR3D_FREQ 30% cpu@60.906C soc2@59.625C soc0@60.343C gpu@60.968C tj@61.375C soc1@61.375C VDD_IN 10567mW/10595mW VDD_CPU_GPU_CV 4001mW/3999mW VDD_SOC 2862mW/2862mW
08-04-2026 19:59:33 RAM 3866/7620MB (lfb 160x1MB) SWAP 1691/12002MB (cached 50MB) CPU [0%@1728,0%@1728,0%@1728,0%@1728,100%@1728,0%@1728] GR3D_FREQ 29% cpu@60.781C soc2@59.5C soc0@60.187C gpu@61.218C tj@61.375C soc1@61.375C VDD_IN 10567mW/10595mW VDD_CPU_GPU_CV 4001mW/3999mW VDD_SOC 2862mW/2862mW
08-04-2026 19:59:33 RAM 3866/7620MB (lfb 160x1MB) SWAP 1691/12002MB (cached 50MB) CPU [0%@1728,0%@1728,0%@1728,0%@1728,100%@1728,0%@1728] GR3D_FREQ 30% cpu@60.781C soc2@59.5C soc0@60.281C gpu@61.125C tj@61.5C soc1@61.5C VDD_IN 10567mW/10595mW VDD_CPU_GPU_CV 4001mW/3999mW VDD_SOC 2862mW/2862mW
08-04-2026 19:59:33 RAM 3866/7620MB (lfb 160x1MB) SWAP 1691/12002MB (cached 50MB) CPU [0%@1728,0%@1728,0%@1728,0%@1728,100%@1728,0%@1728] GR3D_FREQ 30% cpu@60.843C soc2@59.531C soc0@60.281C gpu@61.062C tj@61.531C soc1@61.531C VDD_IN 10567mW/10595mW VDD_CPU_GPU_CV 4001mW/3999mW VDD_SOC 2862mW/2862mW
08-04-2026 19:59:34 RAM 3866/7620MB (lfb 160x1MB) SWAP 1691/12002MB (cached 50MB) CPU [16%@1728,0%@1728,9%@1728,0%@1728,100%@1728,0%@1728] GR3D_FREQ 29% cpu@60.937C soc2@59.5C soc0@60.375C gpu@61.218C tj@61.656C soc1@61.656C VDD_IN 10567mW/10594mW VDD_CPU_GPU_CV 4001mW/3999mW VDD_SOC 2862mW/2862mW
08-04-2026 19:59:34 RAM 3866/7620MB (lfb 160x1MB) SWAP 1691/12002MB (cached 50MB) CPU [0%@1728,9%@1728,0%@1728,0%@1728,100%@1728,0%@1728] GR3D_FREQ 30% cpu@60.937C soc2@59.562C soc0@60.156C gpu@61.125C tj@61.406C soc1@61.406C VDD_IN 10567mW/10594mW VDD_CPU_GPU_CV 3995mW/3999mW VDD_SOC 2862mW/2862mW
08-04-2026 19:59:34 RAM 3866/7620MB (lfb 160x1MB) SWAP 1691/12002MB (cached 50MB) CPU [0%@1728,0%@1728,0%@1728,0%@1728,100%@1728,0%@1728] GR3D_FREQ 31% cpu@60.781C soc2@59.531C soc0@60.218C gpu@60.875C tj@61.437C soc1@61.437C VDD_IN 10567mW/10594mW VDD_CPU_GPU_CV 3995mW/3999mW VDD_SOC 2862mW/2862mW
08-04-2026 19:59:34 RAM 3866/7620MB (lfb 160x1MB) SWAP 1691/12002MB (cached 50MB) CPU [0%@1728,8%@1728,0%@1728,0%@1728,100%@1728,0%@1728] GR3D_FREQ 29% cpu@60.781C soc2@59.5C soc0@60.343C gpu@61.156C tj@61.468C soc1@61.468C VDD_IN 10567mW/10594mW VDD_CPU_GPU_CV 3995mW/3999mW VDD_SOC 2862mW/2862mW
08-04-2026 19:59:34 RAM 3866/7620MB (lfb 160x1MB) SWAP 1691/12002MB (cached 50MB) CPU [0%@1728,0%@1728,0%@1728,0%@1728,100%@1728,0%@1728] GR3D_FREQ 31% cpu@60.875C soc2@59.468C soc0@60.375C gpu@61.062C tj@61.593C soc1@61.593C VDD_IN 10608mW/10594mW VDD_CPU_GPU_CV 4001mW/3999mW VDD_SOC 2862mW/2862mW
08-04-2026 19:59:34 RAM 3866/7620MB (lfb 160x1MB) SWAP 1691/12002MB (cached 50MB) CPU [0%@1728,8%@1728,0%@1728,0%@1728,100%@1728,0%@1728] GR3D_FREQ 30% cpu@60.937C soc2@59.625C soc0@60.375C gpu@61.312C tj@61.687C soc1@61.687C VDD_IN 10608mW/10594mW VDD_CPU_GPU_CV 4001mW/3999mW VDD_SOC 2862mW/2862mW
08-04-2026 19:59:34 RAM 3866/7620MB (lfb 160x1MB) SWAP 1691/12002MB (cached 50MB) CPU [0%@1728,0%@1728,0%@1728,0%@1728,100%@1728,0%@1728] GR3D_FREQ 30% cpu@61.031C soc2@59.468C soc0@60.218C gpu@61.187C tj@61.406C soc1@61.406C VDD_IN 10567mW/10594mW VDD_CPU_GPU_CV 4001mW/3999mW VDD_SOC 2862mW/2862mW
08-04-2026 19:59:34 RAM 3866/7620MB (lfb 160x1MB) SWAP 1691/12002MB (cached 50MB) CPU [0%@1728,0%@1728,0%@1728,0%@1728,100%@1728,0%@1728] GR3D_FREQ 30% cpu@60.812C soc2@59.406C soc0@60.281C gpu@60.968C tj@61.468C soc1@61.468C VDD_IN 10567mW/10594mW VDD_CPU_GPU_CV 3995mW/3999mW VDD_SOC 2862mW/2862mW
08-04-2026 19:59:34 RAM 3866/7620MB (lfb 160x1MB) SWAP 1691/12002MB (cached 50MB) CPU [9%@1728,0%@1728,0%@1728,0%@1728,100%@1728,0%@1728] GR3D_FREQ 30% cpu@60.906C soc2@59.437C soc0@60.312C gpu@61.25C tj@61.5C soc1@61.5C VDD_IN 10567mW/10594mW VDD_CPU_GPU_CV 3995mW/3999mW VDD_SOC 2862mW/2862mW
08-04-2026 19:59:35 RAM 3866/7620MB (lfb 160x1MB) SWAP 1691/12002MB (cached 50MB) CPU [0%@1728,9%@1728,8%@1728,0%@1728,100%@1728,9%@1728] GR3D_FREQ 31% cpu@60.937C soc2@59.562C soc0@60.312C gpu@61.093C tj@61.687C soc1@61.687C VDD_IN 10608mW/10594mW VDD_CPU_GPU_CV 4001mW/3999mW VDD_SOC 2862mW/2862mW
08-04-2026 19:59:35 RAM 3866/7620MB (lfb 160x1MB) SWAP 1691/12002MB (cached 50MB) CPU [0%@1728,0%@1728,0%@1728,0%@1728,100%@1728,0%@1728] GR3D_FREQ 29% cpu@60.937C soc2@59.625C soc0@60.187C gpu@60.812C tj@61.468C soc1@61.468C VDD_IN 10567mW/10594mW VDD_CPU_GPU_CV 4001mW/3999mW VDD_SOC 2862mW/2862mW
08-04-2026 19:59:35 RAM 3866/7620MB (lfb 160x1MB) SWAP 1691/12002MB (cached 50MB) CPU [0%@1728,0%@1728,0%@1728,0%@1728,100%@1728,0%@1728] GR3D_FREQ 30% cpu@61C soc2@59.468C soc0@60.187C gpu@61.25C tj@61.406C soc1@61.406C VDD_IN 10567mW/10594mW VDD_CPU_GPU_CV 4001mW/3999mW VDD_SOC 2862mW/2862mW
08-04-2026 19:59:35 RAM 3867/7620MB (lfb 160x1MB) SWAP 1691/12002MB (cached 50MB) CPU [8%@1728,0%@1728,0%@1728,0%@1728,100%@1728,0%@1728] GR3D_FREQ 31% cpu@60.875C soc2@59.5C soc0@60.25C gpu@61.093C tj@61.5C soc1@61.5C VDD_IN 10608mW/10594mW VDD_CPU_GPU_CV 4001mW/3999mW VDD_SOC 2862mW/2862mW
08-04-2026 19:59:35 RAM 3868/7620MB (lfb 160x1MB) SWAP 1691/12002MB (cached 50MB) CPU [0%@1728,0%@1728,9%@1728,8%@1728,100%@1728,0%@1728] GR3D_FREQ 29% cpu@60.906C soc2@59.531C soc0@60.312C gpu@60.843C tj@61.593C soc1@61.593C VDD_IN 10608mW/10594mW VDD_CPU_GPU_CV 4001mW/3999mW VDD_SOC 2862mW/2862mW
08-04-2026 19:59:35 RAM 3867/7620MB (lfb 160x1MB) SWAP 1691/12002MB (cached 50MB) CPU [0%@1728,0%@1728,10%@1728,0%@1728,100%@1728,0%@1728] GR3D_FREQ 30% cpu@61C soc2@59.562C soc0@60.562C gpu@61.25C tj@61.812C soc1@61.812C VDD_IN 10649mW/10594mW VDD_CPU_GPU_CV 4036mW/3999mW VDD_SOC 2862mW/2862mW
08-04-2026 19:59:35 RAM 3867/7620MB (lfb 160x1MB) SWAP 1691/12002MB (cached 50MB) CPU [0%@1728,0%@1728,0%@1728,0%@1728,100%@1728,0%@1728] GR3D_FREQ 29% cpu@61.031C soc2@59.5C soc0@60.218C gpu@61.062C tj@61.406C soc1@61.406C VDD_IN 10649mW/10594mW VDD_CPU_GPU_CV 4036mW/3999mW VDD_SOC 2862mW/2862mW
08-04-2026 19:59:35 RAM 3867/7620MB (lfb 160x1MB) SWAP 1691/12002MB (cached 50MB) CPU [0%@1728,0%@1728,0%@1728,0%@1728,100%@1728,0%@1728] GR3D_FREQ 31% cpu@60.875C soc2@59.531C soc0@60.218C gpu@60.843C tj@61.468C soc1@61.468C VDD_IN 10649mW/10594mW VDD_CPU_GPU_CV 3995mW/3999mW VDD_SOC 2862mW/2862mW
08-04-2026 19:59:35 RAM 3867/7620MB (lfb 160x1MB) SWAP 1691/12002MB (cached 50MB) CPU [8%@1728,0%@1728,0%@1728,0%@1728,100%@1728,0%@1728] GR3D_FREQ 30% cpu@60.875C soc2@59.5C soc0@60.218C gpu@61.25C tj@61.468C soc1@61.468C VDD_IN 10649mW/10595mW VDD_CPU_GPU_CV 3995mW/3999mW VDD_SOC 2862mW/2862mW
08-04-2026 19:59:35 RAM 3867/7620MB (lfb 160x1MB) SWAP 1691/12002MB (cached 50MB) CPU [0%@1728,0%@1728,0%@1728,0%@1728,100%@1728,0%@1728] GR3D_FREQ 30% cpu@60.906C soc2@59.531C soc0@60.375C gpu@61.031C tj@61.687C soc1@61.687C VDD_IN 10608mW/10595mW VDD_CPU_GPU_CV 3995mW/3999mW VDD_SOC 2862mW/2862mW
08-04-2026 19:59:36 RAM 3867/7620MB (lfb 160x1MB) SWAP 1691/12002MB (cached 50MB) CPU [9%@1728,0%@1728,0%@1728,0%@1728,100%@1728,0%@1728] GR3D_FREQ 31% cpu@61.031C soc2@59.656C soc0@60.218C gpu@60.812C tj@61.468C soc1@61.468C VDD_IN 10608mW/10595mW VDD_CPU_GPU_CV 4001mW/3999mW VDD_SOC 2862mW/2862mW
08-04-2026 19:59:36 RAM 3867/7620MB (lfb 160x1MB) SWAP 1691/12002MB (cached 50MB) CPU [0%@1728,9%@1728,0%@1728,0%@1728,100%@1728,0%@1728] GR3D_FREQ 30% cpu@60.968C soc2@59.343C soc0@60.25C gpu@61.187C tj@61.406C soc1@61.406C VDD_IN 10608mW/10595mW VDD_CPU_GPU_CV 4001mW/3999mW VDD_SOC 2862mW/2862mW
08-04-2026 19:59:36 RAM 3867/7620MB (lfb 160x1MB) SWAP 1691/12002MB (cached 50MB) CPU [0%@1728,0%@1728,0%@1728,0%@1728,100%@1728,0%@1728] GR3D_FREQ 29% cpu@60.843C soc2@59.437C soc0@60.187C gpu@60.843C tj@61.562C soc1@61.562C VDD_IN 10608mW/10595mW VDD_CPU_GPU_CV 4001mW/3999mW VDD_SOC 2862mW/2862mW
08-04-2026 19:59:36 RAM 3867/7620MB (lfb 160x1MB) SWAP 1691/12002MB (cached 50MB) CPU [0%@1728,0%@1728,0%@1728,0%@1728,100%@1728,0%@1728] GR3D_FREQ 30% cpu@60.875C soc2@59.531C soc0@60.312C gpu@61.375C tj@61.593C soc1@61.593C VDD_IN 10608mW/10595mW VDD_CPU_GPU_CV 4001mW/3999mW VDD_SOC 2862mW/2862mW
08-04-2026 19:59:36 RAM 3867/7620MB (lfb 160x1MB) SWAP 1691/12002MB (cached 50MB) CPU [0%@1728,9%@1728,0%@1728,0%@1728,100%@1728,0%@1728] GR3D_FREQ 31% cpu@60.968C soc2@59.593C soc0@60.312C gpu@61.156C tj@61.375C soc1@61.375C VDD_IN 10608mW/10595mW VDD_CPU_GPU_CV 4001mW/3999mW VDD_SOC 2862mW/2862mW
08-04-2026 19:59:36 RAM 3867/7620MB (lfb 160x1MB) SWAP 1691/12002MB (cached 50MB) CPU [0%@1728,0%@1728,0%@1728,0%@1728,100%@1728,0%@1728] GR3D_FREQ 30% cpu@60.968C soc2@59.593C soc0@60.187C gpu@60.875C tj@61.406C soc1@61.406C VDD_IN 10608mW/10595mW VDD_CPU_GPU_CV 3995mW/3999mW VDD_SOC 2862mW/2862mW
08-04-2026 19:59:36 RAM 3867/7620MB (lfb 160x1MB) SWAP 1691/12002MB (cached 50MB) CPU [0%@1728,0%@1728,0%@1728,0%@1728,100%@1728,0%@1728] GR3D_FREQ 29% cpu@61.031C soc2@59.468C soc0@60.187C gpu@61.375C tj@61.437C soc1@61.437C VDD_IN 10608mW/10595mW VDD_CPU_GPU_CV 4001mW/3999mW VDD_SOC 2862mW/2862mW
08-04-2026 19:59:36 RAM 3867/7620MB (lfb 160x1MB) SWAP 1691/12002MB (cached 50MB) CPU [0%@1728,0%@1728,0%@1728,0%@1728,100%@1728,0%@1728] GR3D_FREQ 31% cpu@60.875C soc2@59.468C soc0@60.25C gpu@60.906C tj@61.531C soc1@61.531C VDD_IN 10608mW/10595mW VDD_CPU_GPU_CV 3995mW/3999mW VDD_SOC 2862mW/2862mW
08-04-2026 19:59:36 RAM 3867/7620MB (lfb 160x1MB) SWAP 1691/12002MB (cached 50MB) CPU [0%@1728,0%@1728,0%@1728,0%@1728,100%@1728,0%@1728] GR3D_FREQ 29% cpu@60.875C soc2@59.562C soc0@60.375C gpu@60.937C tj@61.5C soc1@61.5C VDD_IN 10608mW/10595mW VDD_CPU_GPU_CV 4001mW/3999mW VDD_SOC 2862mW/2862mW
08-04-2026 19:59:37 RAM 3867/7620MB (lfb 160x1MB) SWAP 1691/12002MB (cached 50MB) CPU [0%@1728,0%@1728,0%@1728,0%@1728,100%@1728,0%@1728] GR3D_FREQ 30% cpu@60.937C soc2@59.531C soc0@60.375C gpu@61.343C tj@61.406C soc1@61.406C VDD_IN 10608mW/10595mW VDD_CPU_GPU_CV 3995mW/3999mW VDD_SOC 2862mW/2862mW
08-04-2026 19:59:37 RAM 3867/7620MB (lfb 160x1MB) SWAP 1691/12002MB (cached 50MB) CPU [0%@1728,9%@1728,0%@1728,0%@1728,100%@1728,0%@1728] GR3D_FREQ 30% cpu@60.968C soc2@59.562C soc0@60.187C gpu@60.843C tj@61.5C soc1@61.5C VDD_IN 10567mW/10595mW VDD_CPU_GPU_CV 4001mW/3999mW VDD_SOC 2862mW/2862mW
08-04-2026 19:59:37 RAM 3867/7620MB (lfb 160x1MB) SWAP 1691/12002MB (cached 50MB) CPU [0%@1728,0%@1728,0%@1728,0%@1728,100%@1728,0%@1728] GR3D_FREQ 30% cpu@60.875C soc2@59.531C soc0@60.312C gpu@60.843C tj@61.531C soc1@61.531C VDD_IN 10567mW/10595mW VDD_CPU_GPU_CV 4001mW/3999mW VDD_SOC 2862mW/2862mW
08-04-2026 19:59:37 RAM 3867/7620MB (lfb 160x1MB) SWAP 1691/12002MB (cached 50MB) CPU [0%@1728,0%@1728,0%@1728,0%@1728,100%@1728,0%@1728] GR3D_FREQ 31% cpu@60.937C soc2@59.468C soc0@60.281C gpu@60.906C tj@61.531C soc1@61.531C VDD_IN 10567mW/10595mW VDD_CPU_GPU_CV 3995mW/3999mW VDD_SOC 2862mW/2862mW
08-04-2026 19:59:37 RAM 3867/7620MB (lfb 160x1MB) SWAP 1691/12002MB (cached 50MB) CPU [0%@1728,0%@1728,9%@1728,0%@1728,100%@1728,0%@1728] GR3D_FREQ 30% cpu@60.875C soc2@59.625C soc0@60.375C gpu@60.875C tj@61.625C soc1@61.625C VDD_IN 10567mW/10595mW VDD_CPU_GPU_CV 4001mW/3999mW VDD_SOC 2862mW/2862mW
08-04-2026 19:59:37 RAM 3867/7620MB (lfb 160x1MB) SWAP 1691/12002MB (cached 50MB) CPU [0%@1728,0%@1728,0%@1728,0%@1728,100%@1728,0%@1728] GR3D_FREQ 29% cpu@61C soc2@59.593C soc0@60.25C gpu@60.906C tj@61.437C soc1@61.437C VDD_IN 10567mW/10595mW VDD_CPU_GPU_CV 3995mW/3999mW VDD_SOC 2862mW/2862mW
08-04-2026 19:59:37 RAM 3867/7620MB (lfb 160x1MB) SWAP 1691/12002MB (cached 50MB) CPU [0%@1728,0%@1728,0%@1728,0%@1728,100%@1728,0%@1728] GR3D_FREQ 31% cpu@61C soc2@59.5C soc0@60.25C gpu@60.937C tj@61.468C soc1@61.468C VDD_IN 10567mW/10595mW VDD_CPU_GPU_CV 4001mW/3999mW VDD_SOC 2862mW/2862mW
08-04-2026 19:59:37 RAM 3867/7620MB (lfb 160x1MB) SWAP 1691/12002MB (cached 50MB) CPU [0%@1728,0%@1728,0%@1728,0%@1728,100%@1728,0%@1728] GR3D_FREQ 30% cpu@60.812C soc2@59.468C soc0@60.281C gpu@60.875C tj@61.437C soc1@61.437C VDD_IN 10567mW/10595mW VDD_CPU_GPU_CV 4001mW/3999mW VDD_SOC 2862mW/2862mW
08-04-2026 19:59:37 RAM 3867/7620MB (lfb 160x1MB) SWAP 1691/12002MB (cached 50MB) CPU [0%@1728,0%@1728,16%@1728,0%@1728,100%@1728,0%@1728] GR3D_FREQ 30% cpu@60.875C soc2@59.5C soc0@60.312C gpu@61C tj@61.593C soc1@61.593C VDD_IN 10567mW/10594mW VDD_CPU_GPU_CV 4001mW/3999mW VDD_SOC 2862mW/2862mW
08-04-2026 19:59:37 RAM 3867/7620MB (lfb 160x1MB) SWAP 1691/12002MB (cached 50MB) CPU [0%@1728,8%@1728,0%@1728,0%@1728,100%@1728,0%@1728] GR3D_FREQ 30% cpu@61.031C soc2@59.531C soc0@60.468C gpu@60.937C tj@61.593C soc1@61.593C VDD_IN 10567mW/10594mW VDD_CPU_GPU_CV 4001mW/3999mW VDD_SOC 2862mW/2862mW
08-04-2026 19:59:38 RAM 3867/7620MB (lfb 160x1MB) SWAP 1691/12002MB (cached 50MB) CPU [0%@1728,0%@1728,0%@1728,0%@1728,100%@1728,0%@1728] GR3D_FREQ 30% cpu@60.968C soc2@59.5C soc0@60.312C gpu@60.875C tj@61.406C soc1@61.406C VDD_IN 10567mW/10594mW VDD_CPU_GPU_CV 4001mW/3999mW VDD_SOC 2862mW/2862mW
08-04-2026 19:59:38 RAM 3867/7620MB (lfb 160x1MB) SWAP 1691/12002MB (cached 50MB) CPU [0%@1728,8%@1728,9%@1728,0%@1728,100%@1728,0%@1728] GR3D_FREQ 31% cpu@61.25C soc2@59.468C soc0@60.187C gpu@60.906C tj@61.5C soc1@61.5C VDD_IN 10608mW/10594mW VDD_CPU_GPU_CV 4001mW/3999mW VDD_SOC 2862mW/2862mW
08-04-2026 19:59:38 RAM 3867/7620MB (lfb 160x1MB) SWAP 1691/12002MB (cached 50MB) CPU [0%@1728,0%@1728,9%@1728,0%@1728,100%@1728,0%@1728] GR3D_FREQ 30% cpu@60.906C soc2@59.562C soc0@60.281C gpu@60.906C tj@61.531C soc1@61.531C VDD_IN 10567mW/10594mW VDD_CPU_GPU_CV 4001mW/3999mW VDD_SOC 2862mW/2862mW
08-04-2026 19:59:38 RAM 3867/7620MB (lfb 160x1MB) SWAP 1691/12002MB (cached 50MB) CPU [0%@1728,0%@1728,0%@1728,0%@1728,100%@1728,0%@1728] GR3D_FREQ 30% cpu@60.843C soc2@59.562C soc0@60.343C gpu@60.812C tj@61.687C soc1@61.687C VDD_IN 10567mW/10594mW VDD_CPU_GPU_CV 4001mW/3999mW VDD_SOC 2862mW/2862mW
08-04-2026 19:59:38 RAM 3867/7620MB (lfb 160x1MB) SWAP 1691/12002MB (cached 50MB) CPU [9%@1728,0%@1728,0%@1728,0%@1728,100%@1728,0%@1728] GR3D_FREQ 31% cpu@61C soc2@59.656C soc0@60.187C gpu@60.906C tj@61.406C soc1@61.406C VDD_IN 10567mW/10594mW VDD_CPU_GPU_CV 4001mW/3999mW VDD_SOC 2862mW/2862mW
08-04-2026 19:59:38 RAM 3867/7620MB (lfb 160x1MB) SWAP 1691/12002MB (cached 50MB) CPU [0%@1728,0%@1728,0%@1728,8%@1728,100%@1728,0%@1728] GR3D_FREQ 29% cpu@61.093C soc2@59.437C soc0@60.281C gpu@60.906C tj@61.437C soc1@61.437C VDD_IN 10567mW/10594mW VDD_CPU_GPU_CV 4001mW/3999mW VDD_SOC 2862mW/2862mW
08-04-2026 19:59:38 RAM 3868/7620MB (lfb 160x1MB) SWAP 1691/12002MB (cached 50MB) CPU [0%@1728,0%@1728,0%@1728,0%@1728,100%@1728,0%@1728] GR3D_FREQ 30% cpu@60.812C soc2@59.5C soc0@60.25C gpu@60.781C tj@61.437C soc1@61.437C VDD_IN 10567mW/10594mW VDD_CPU_GPU_CV 4001mW/3999mW VDD_SOC 2862mW/2862mW
08-04-2026 19:59:38 RAM 3867/7620MB (lfb 160x1MB) SWAP 1691/12002MB (cached 50MB) CPU [18%@1728,0%@1728,0%@1728,0%@1728,100%@1728,0%@1728] GR3D_FREQ 30% cpu@60.906C soc2@59.5C soc0@60.281C gpu@60.906C tj@61.593C soc1@61.593C VDD_IN 10649mW/10594mW VDD_CPU_GPU_CV 4036mW/3999mW VDD_SOC 2862mW/2862mW
08-04-2026 19:59:38 RAM 3867/7620MB (lfb 160x1MB) SWAP 1691/12002MB (cached 50MB) CPU [0%@1728,0%@1728,0%@1728,0%@1728,100%@1728,0%@1728] GR3D_FREQ 31% cpu@60.968C soc2@59.562C soc0@60.406C gpu@60.906C tj@61.687C soc1@61.687C VDD_IN 10608mW/10594mW VDD_CPU_GPU_CV 4042mW/3999mW VDD_SOC 2862mW/2862mW
08-04-2026 19:59:39 RAM 3867/7620MB (lfb 160x1MB) SWAP 1691/12002MB (cached 50MB) CPU [0%@1728,0%@1728,0%@1728,0%@1728,100%@1728,0%@1728] GR3D_FREQ 29% cpu@61.093C soc2@59.437C soc0@60.156C gpu@61.093C tj@61.375C soc1@61.375C VDD_IN 10608mW/10594mW VDD_CPU_GPU_CV 4001mW/3999mW VDD_SOC 2862mW/2862mW
08-04-2026 19:59:39 RAM 3867/7620MB (lfb 160x1MB) SWAP 1691/12002MB (cached 50MB) CPU [0%@1728,0%@1728,8%@1728,0%@1728,100%@1728,0%@1728] GR3D_FREQ 30% cpu@61.156C soc2@59.468C soc0@60.218C gpu@60.906C tj@61.5C soc1@61.5C VDD_IN 10608mW/10594mW VDD_CPU_GPU_CV 4001mW/3999mW VDD_SOC 2862mW/2862mW
08-04-2026 19:59:39 RAM 3867/7620MB (lfb 160x1MB) SWAP 1691/12002MB (cached 50MB) CPU [0%@1728,0%@1728,0%@1728,0%@1728,100%@1728,0%@1728] GR3D_FREQ 30% cpu@60.843C soc2@59.468C soc0@60.218C gpu@60.875C tj@61.468C soc1@61.468C VDD_IN 10608mW/10594mW VDD_CPU_GPU_CV 4001mW/3999mW VDD_SOC 2862mW/2862mW
08-04-2026 19:59:39 RAM 3867/7620MB (lfb 160x1MB) SWAP 1691/12002MB (cached 50MB) CPU [0%@1728,0%@1728,0%@1728,0%@1728,100%@1728,0%@1728] GR3D_FREQ 30% cpu@60.937C soc2@59.531C soc0@60.343C gpu@60.968C tj@61.687C soc1@61.687C VDD_IN 10608mW/10594mW VDD_CPU_GPU_CV 4001mW/3999mW VDD_SOC 2862mW/2862mW
08-04-2026 19:59:39 RAM 3867/7620MB (lfb 160x1MB) SWAP 1691/12002MB (cached 50MB) CPU [0%@1728,0%@1728,0%@1728,0%@1728,100%@1728,0%@1728] GR3D_FREQ 30% cpu@61.062C soc2@59.687C soc0@60.125C gpu@60.968C tj@61.437C soc1@61.437C VDD_IN 10608mW/10594mW VDD_CPU_GPU_CV 4001mW/3999mW VDD_SOC 2862mW/2862mW
08-04-2026 19:59:39 RAM 3867/7620MB (lfb 160x1MB) SWAP 1691/12002MB (cached 50MB) CPU [0%@1728,0%@1728,0%@1728,0%@1728,100%@1728,0%@1728] GR3D_FREQ 30% cpu@61.156C soc2@59.406C soc0@60.187C gpu@61.125C tj@61.468C soc1@61.468C VDD_IN 10608mW/10594mW VDD_CPU_GPU_CV 4001mW/3999mW VDD_SOC 2862mW/2862mW
08-04-2026 19:59:39 RAM 3867/7620MB (lfb 160x1MB) SWAP 1691/12002MB (cached 50MB) CPU [8%@1728,0%@1728,0%@1728,0%@1728,100%@1728,0%@1728] GR3D_FREQ 30% cpu@60.843C soc2@59.468C soc0@60.187C gpu@61C tj@61.531C soc1@61.531C VDD_IN 10608mW/10594mW VDD_CPU_GPU_CV 4001mW/3999mW VDD_SOC 2862mW/2862mW
08-04-2026 19:59:39 RAM 3867/7620MB (lfb 160x1MB) SWAP 1691/12002MB (cached 50MB) CPU [0%@1728,0%@1728,0%@1728,0%@1728,100%@1728,0%@1728] GR3D_FREQ 31% cpu@60.875C soc2@59.562C soc0@60.25C gpu@60.906C tj@61.531C soc1@61.531C VDD_IN 10608mW/10594mW VDD_CPU_GPU_CV 4001mW/3999mW VDD_SOC 2862mW/2862mW
08-04-2026 19:59:39 RAM 3867/7620MB (lfb 160x1MB) SWAP 1691/12002MB (cached 50MB) CPU [0%@1728,0%@1728,0%@1728,0%@1728,100%@1728,0%@1728] GR3D_FREQ 29% cpu@61.062C soc2@59.625C soc0@60.343C gpu@60.968C tj@61.687C soc1@61.687C VDD_IN 10608mW/10594mW VDD_CPU_GPU_CV 4001mW/3999mW VDD_SOC 2862mW/2862mW
08-04-2026 19:59:39 RAM 3867/7620MB (lfb 160x1MB) SWAP 1691/12002MB (cached 50MB) CPU [0%@1728,0%@1728,0%@1728,0%@1728,100%@1728,0%@1728] GR3D_FREQ 31% cpu@61.187C soc2@59.468C soc0@60.187C gpu@60.968C tj@61.406C soc1@61.343C VDD_IN 10567mW/10594mW VDD_CPU_GPU_CV 4001mW/3999mW VDD_SOC 2862mW/2862mW
08-04-2026 19:59:40 RAM 3867/7620MB (lfb 160x1MB) SWAP 1691/12002MB (cached 50MB) CPU [0%@1728,0%@1728,0%@1728,0%@1728,100%@1728,0%@1728] GR3D_FREQ 31% cpu@60.75C soc2@59.406C soc0@60.218C gpu@60.875C tj@61.437C soc1@61.437C VDD_IN 10608mW/10594mW VDD_CPU_GPU_CV 3995mW/3999mW VDD_SOC 2862mW/2862mW
08-04-2026 19:59:40 RAM 3867/7620MB (lfb 160x1MB) SWAP 1691/12002MB (cached 50MB) CPU [0%@1728,0%@1728,0%@1728,0%@1728,100%@1728,0%@1728] GR3D_FREQ 29% cpu@60.781C soc2@59.468C soc0@60.156C gpu@61.093C tj@61.5C soc1@61.5C VDD_IN 10567mW/10594mW VDD_CPU_GPU_CV 4001mW/3999mW VDD_SOC 2862mW/2862mW
08-04-2026 19:59:40 RAM 3867/7620MB (lfb 160x1MB) SWAP 1691/12002MB (cached 50MB) CPU [0%@1728,0%@1728,0%@1728,0%@1728,100%@1728,0%@1728] GR3D_FREQ 30% cpu@60.906C soc2@59.531C soc0@60.281C gpu@60.937C tj@61.593C soc1@61.593C VDD_IN 10567mW/10594mW VDD_CPU_GPU_CV 4001mW/3999mW VDD_SOC 2862mW/2862mW
08-04-2026 19:59:40 RAM 3867/7620MB (lfb 160x1MB) SWAP 1691/12002MB (cached 50MB) CPU [0%@1728,0%@1728,0%@1728,0%@1728,100%@1728,0%@1728] GR3D_FREQ 30% cpu@61.062C soc2@59.562C soc0@60.218C gpu@61.156C tj@61.468C soc1@61.468C VDD_IN 10567mW/10594mW VDD_CPU_GPU_CV 4001mW/3999mW VDD_SOC 2862mW/2862mW
08-04-2026 19:59:40 RAM 3867/7620MB (lfb 160x1MB) SWAP 1691/12002MB (cached 50MB) CPU [9%@1728,0%@1728,0%@1728,9%@1728,100%@1728,0%@1728] GR3D_FREQ 31% cpu@61.093C soc2@59.5C soc0@60.343C gpu@61.031C tj@61.406C soc1@61.406C VDD_IN 10567mW/10594mW VDD_CPU_GPU_CV 4001mW/3999mW VDD_SOC 2862mW/2862mW
08-04-2026 19:59:40 RAM 3867/7620MB (lfb 160x1MB) SWAP 1691/12002MB (cached 50MB) CPU [0%@1728,0%@1728,0%@1728,0%@1728,100%@1728,0%@1728] GR3D_FREQ 29% cpu@60.781C soc2@59.531C soc0@60.187C gpu@60.906C tj@61.531C soc1@61.531C VDD_IN 10567mW/10594mW VDD_CPU_GPU_CV 4001mW/3999mW VDD_SOC 2862mW/2862mW
08-04-2026 19:59:40 RAM 3867/7620MB (lfb 160x1MB) SWAP 1691/12002MB (cached 50MB) CPU [0%@1728,0%@1728,0%@1728,0%@1728,100%@1728,0%@1728] GR3D_FREQ 30% cpu@60.781C soc2@59.562C soc0@60.343C gpu@61.093C tj@61.531C soc1@61.531C VDD_IN 10567mW/10594mW VDD_CPU_GPU_CV 4001mW/3999mW VDD_SOC 2862mW/2862mW
08-04-2026 19:59:40 RAM 3867/7620MB (lfb 160x1MB) SWAP 1691/12002MB (cached 50MB) CPU [0%@1728,0%@1728,9%@1728,0%@1728,100%@1728,0%@1728] GR3D_FREQ 30% cpu@61.031C soc2@59.468C soc0@60.406C gpu@61C tj@61.656C soc1@61.656C VDD_IN 10567mW/10594mW VDD_CPU_GPU_CV 4001mW/3999mW VDD_SOC 2862mW/2862mW
08-04-2026 19:59:40 RAM 3867/7620MB (lfb 160x1MB) SWAP 1691/12002MB (cached 50MB) CPU [0%@1728,0%@1728,0%@1728,0%@1728,100%@1728,0%@1728] GR3D_FREQ 31% cpu@61.093C soc2@59.625C soc0@60.125C gpu@61.281C tj@61.375C soc1@61.375C VDD_IN 10567mW/10594mW VDD_CPU_GPU_CV 4001mW/3999mW VDD_SOC 2862mW/2862mW
08-04-2026 19:59:41 RAM 3867/7620MB (lfb 160x1MB) SWAP 1691/12002MB (cached 50MB) CPU [0%@1728,9%@1728,0%@1728,9%@1728,100%@1728,0%@1728] GR3D_FREQ 29% cpu@60.843C soc2@59.5C soc0@60.218C gpu@61.093C tj@61.468C soc1@61.468C VDD_IN 10608mW/10594mW VDD_CPU_GPU_CV 4001mW/3999mW VDD_SOC 2862mW/2862mW
08-04-2026 19:59:41 RAM 3867/7620MB (lfb 160x1MB) SWAP 1691/12002MB (cached 50MB) CPU [0%@1728,0%@1728,0%@1728,0%@1728,100%@1728,0%@1728] GR3D_FREQ 29% cpu@60.781C soc2@59.531C soc0@60.187C gpu@60.937C tj@61.531C soc1@61.531C VDD_IN 10608mW/10594mW VDD_CPU_GPU_CV 4001mW/3999mW VDD_SOC 2862mW/2862mW
08-04-2026 19:59:41 RAM 3867/7620MB (lfb 160x1MB) SWAP 1691/12002MB (cached 50MB) CPU [0%@1728,0%@1728,0%@1728,0%@1728,100%@1728,0%@1728] GR3D_FREQ 30% cpu@60.75C soc2@59.531C soc0@60.343C gpu@61.187C tj@61.625C soc1@61.625C VDD_IN 10608mW/10594mW VDD_CPU_GPU_CV 4001mW/3999mW VDD_SOC 2862mW/2862mW
08-04-2026 19:59:41 RAM 3867/7620MB (lfb 160x1MB) SWAP 1691/12002MB (cached 50MB) CPU [0%@1728,0%@1728,0%@1728,0%@1728,100%@1728,0%@1728] GR3D_FREQ 30% cpu@60.968C soc2@59.562C soc0@60.312C gpu@61.125C tj@61.343C soc1@61.343C VDD_IN 10608mW/10594mW VDD_CPU_GPU_CV 4001mW/3999mW VDD_SOC 2862mW/2862mW
08-04-2026 19:59:41 RAM 3867/7620MB (lfb 160x1MB) SWAP 1691/12002MB (cached 50MB) CPU [0%@1728,0%@1728,0%@1728,0%@1728,100%@1728,0%@1728] GR3D_FREQ 30% cpu@61.25C soc2@59.468C soc0@60.218C gpu@60.968C tj@61.375C soc1@61.375C VDD_IN 10608mW/10594mW VDD_CPU_GPU_CV 4001mW/3999mW VDD_SOC 2862mW/2862mW
08-04-2026 19:59:41 RAM 3867/7620MB (lfb 160x1MB) SWAP 1691/12002MB (cached 50MB) CPU [0%@1728,0%@1728,8%@1728,0%@1728,100%@1728,0%@1728] GR3D_FREQ 29% cpu@60.812C soc2@59.437C soc0@60.218C gpu@61.187C tj@61.468C soc1@61.468C VDD_IN 10567mW/10594mW VDD_CPU_GPU_CV 4001mW/3999mW VDD_SOC 2862mW/2862mW
08-04-2026 19:59:41 RAM 3867/7620MB (lfb 160x1MB) SWAP 1691/12002MB (cached 50MB) CPU [0%@1728,0%@1728,0%@1728,9%@1728,100%@1728,0%@1728] GR3D_FREQ 31% cpu@60.843C soc2@59.5C soc0@60.218C gpu@61.093C tj@61.468C soc1@61.468C VDD_IN 10567mW/10594mW VDD_CPU_GPU_CV 4001mW/3999mW VDD_SOC 2862mW/2862mW
08-04-2026 19:59:41 RAM 3867/7620MB (lfb 160x1MB) SWAP 1691/12002MB (cached 50MB) CPU [0%@1728,0%@1728,0%@1728,0%@1728,100%@1728,0%@1728] GR3D_FREQ 30% cpu@60.968C soc2@59.531C soc0@60.437C gpu@60.843C tj@61.562C soc1@61.562C VDD_IN 10567mW/10594mW VDD_CPU_GPU_CV 4001mW/3999mW VDD_SOC 2862mW/2862mW
08-04-2026 19:59:41 RAM 3867/7620MB (lfb 160x1MB) SWAP 1691/12002MB (cached 50MB) CPU [0%@1728,0%@1728,0%@1728,0%@1728,100%@1728,0%@1728] GR3D_FREQ 29% cpu@61.25C soc2@59.468C soc0@60.468C gpu@61.156C tj@61.406C soc1@61.406C VDD_IN 10567mW/10594mW VDD_CPU_GPU_CV 4001mW/3999mW VDD_SOC 2862mW/2862mW
08-04-2026 19:59:41 RAM 3868/7620MB (lfb 160x1MB) SWAP 1691/12002MB (cached 50MB) CPU [16%@1728,0%@1728,0%@1728,0%@1728,100%@1728,0%@1728] GR3D_FREQ 31% cpu@60.812C soc2@59.406C soc0@60.25C gpu@60.968C tj@61.437C soc1@61.437C VDD_IN 10608mW/10594mW VDD_CPU_GPU_CV 4001mW/3999mW VDD_SOC 2862mW/2862mW
08-04-2026 19:59:42 RAM 3871/7620MB (lfb 160x1MB) SWAP 1691/12002MB (cached 50MB) CPU [10%@1728,0%@1728,9%@1728,0%@1728,100%@1728,0%@1728] GR3D_FREQ 30% cpu@60.812C soc2@59.5C soc0@60.281C gpu@61.312C tj@61.468C soc1@61.468C VDD_IN 10649mW/10594mW VDD_CPU_GPU_CV 4036mW/3999mW VDD_SOC 2862mW/2862mW
08-04-2026 19:59:42 RAM 3871/7620MB (lfb 160x1MB) SWAP 1691/12002MB (cached 50MB) CPU [0%@1728,0%@1728,9%@1728,0%@1728,100%@1728,0%@1728] GR3D_FREQ 31% cpu@60.812C soc2@59.531C soc0@60.375C gpu@61.156C tj@61.593C soc1@61.593C VDD_IN 10649mW/10594mW VDD_CPU_GPU_CV 4036mW/3999mW VDD_SOC 2862mW/2862mW
08-04-2026 19:59:42 RAM 3871/7620MB (lfb 160x1MB) SWAP 1691/12002MB (cached 50MB) CPU [9%@1728,0%@1728,0%@1728,0%@1728,100%@1728,0%@1728] GR3D_FREQ 29% cpu@61.125C soc2@59.531C soc0@60.375C gpu@61C tj@61.406C soc1@61.406C VDD_IN 10608mW/10594mW VDD_CPU_GPU_CV 4042mW/4000mW VDD_SOC 2862mW/2862mW
08-04-2026 19:59:42 RAM 3871/7620MB (lfb 160x1MB) SWAP 1691/12002MB (cached 50MB) CPU [0%@1728,0%@1728,9%@1728,0%@1728,100%@1728,0%@1728] GR3D_FREQ 31% cpu@60.781C soc2@59.468C soc0@60.156C gpu@61.343C tj@61.468C soc1@61.468C VDD_IN 10608mW/10594mW VDD_CPU_GPU_CV 4001mW/4000mW VDD_SOC 2862mW/2862mW
08-04-2026 19:59:42 RAM 3871/7620MB (lfb 160x1MB) SWAP 1691/12002MB (cached 50MB) CPU [0%@1728,0%@1728,0%@1728,0%@1728,100%@1728,9%@1728] GR3D_FREQ 29% cpu@60.812C soc2@59.437C soc0@60.187C gpu@61.125C tj@61.437C soc1@61.437C VDD_IN 10608mW/10594mW VDD_CPU_GPU_CV 4001mW/4000mW VDD_SOC 2862mW/2862mW
08-04-2026 19:59:42 RAM 3871/7620MB (lfb 160x1MB) SWAP 1691/12002MB (cached 50MB) CPU [0%@1728,9%@1728,0%@1728,0%@1728,100%@1728,0%@1728] GR3D_FREQ 30% cpu@60.875C soc2@59.562C soc0@60.312C gpu@60.906C tj@61.531C soc1@61.531C VDD_IN 10608mW/10594mW VDD_CPU_GPU_CV 4001mW/4000mW VDD_SOC 2862mW/2862mW
08-04-2026 19:59:42 RAM 3871/7620MB (lfb 160x1MB) SWAP 1691/12002MB (cached 50MB) CPU [0%@1728,0%@1728,0%@1728,0%@1728,100%@1728,0%@1728] GR3D_FREQ 30% cpu@60.781C soc2@59.531C soc0@60.5C gpu@61.343C tj@61.562C soc1@61.562C VDD_IN 10608mW/10594mW VDD_CPU_GPU_CV 3995mW/4000mW VDD_SOC 2862mW/2862mW
08-04-2026 19:59:42 RAM 3871/7620MB (lfb 160x1MB) SWAP 1691/12002MB (cached 50MB) CPU [0%@1728,0%@1728,0%@1728,9%@1728,100%@1728,0%@1728] GR3D_FREQ 30% cpu@61.125C soc2@59.593C soc0@60.156C gpu@61.062C tj@61.343C soc1@61.343C VDD_IN 10608mW/10594mW VDD_CPU_GPU_CV 4001mW/4000mW VDD_SOC 2862mW/2862mW
08-04-2026 19:59:42 RAM 3871/7620MB (lfb 160x1MB) SWAP 1691/12002MB (cached 50MB) CPU [0%@1728,8%@1728,0%@1728,0%@1728,100%@1728,0%@1728] GR3D_FREQ 30% cpu@60.843C soc2@59.437C soc0@60.187C gpu@60.843C tj@61.437C soc1@61.437C VDD_IN 10608mW/10594mW VDD_CPU_GPU_CV 3995mW/4000mW VDD_SOC 2862mW/2862mW
08-04-2026 19:59:42 RAM 3871/7620MB (lfb 160x1MB) SWAP 1691/12002MB (cached 50MB) CPU [0%@1728,0%@1728,0%@1728,0%@1728,100%@1728,0%@1728] GR3D_FREQ 29% cpu@60.781C soc2@59.531C soc0@60.343C gpu@61.25C tj@61.468C soc1@61.468C VDD_IN 10608mW/10594mW VDD_CPU_GPU_CV 3995mW/4000mW VDD_SOC 2862mW/2862mW
08-04-2026 19:59:43 RAM 3871/7620MB (lfb 160x1MB) SWAP 1691/12002MB (cached 50MB) CPU [0%@1728,0%@1728,0%@1728,8%@1728,100%@1728,0%@1728] GR3D_FREQ 30% cpu@60.843C soc2@59.5C soc0@60.187C gpu@61.062C tj@61.562C soc1@61.593C VDD_IN 10608mW/10594mW VDD_CPU_GPU_CV 3995mW/4000mW VDD_SOC 2862mW/2862mW
08-04-2026 19:59:43 RAM 3871/7620MB (lfb 160x1MB) SWAP 1691/12002MB (cached 50MB) CPU [0%@1728,0%@1728,0%@1728,0%@1728,100%@1728,0%@1728] GR3D_FREQ 30% cpu@60.812C soc2@59.5C soc0@60.468C gpu@60.875C tj@61.687C soc1@61.687C VDD_IN 10608mW/10594mW VDD_CPU_GPU_CV 3995mW/4000mW VDD_SOC 2862mW/2862mW
08-04-2026 19:59:43 RAM 3871/7620MB (lfb 160x1MB) SWAP 1691/12002MB (cached 50MB) CPU [0%@1728,0%@1728,0%@1728,0%@1728,100%@1728,0%@1728] GR3D_FREQ 30% cpu@60.75C soc2@59.375C soc0@60.187C gpu@61.218C tj@61.406C soc1@61.406C VDD_IN 10608mW/10594mW VDD_CPU_GPU_CV 3995mW/4000mW VDD_SOC 2862mW/2862mW
08-04-2026 19:59:43 RAM 3871/7620MB (lfb 160x1MB) SWAP 1691/12002MB (cached 50MB) CPU [0%@1728,0%@1728,0%@1728,0%@1728,100%@1728,0%@1728] GR3D_FREQ 30% cpu@60.781C soc2@59.437C soc0@60.375C gpu@60.843C tj@61.437C soc1@61.437C VDD_IN 10608mW/10595mW VDD_CPU_GPU_CV 3995mW/4000mW VDD_SOC 2862mW/2862mW
08-04-2026 19:59:43 RAM 3871/7620MB (lfb 160x1MB) SWAP 1691/12002MB (cached 50MB) CPU [0%@1728,0%@1728,0%@1728,0%@1728,100%@1728,0%@1728] GR3D_FREQ 29% cpu@60.812C soc2@59.468C soc0@60.281C gpu@60.843C tj@61.5C soc1@61.5C VDD_IN 10608mW/10595mW VDD_CPU_GPU_CV 3995mW/4000mW VDD_SOC 2862mW/2862mW
08-04-2026 19:59:43 RAM 3871/7620MB (lfb 160x1MB) SWAP 1691/12002MB (cached 50MB) CPU [0%@1728,0%@1728,0%@1728,0%@1728,100%@1728,0%@1728] GR3D_FREQ 31% cpu@60.812C soc2@59.562C soc0@60.343C gpu@61.156C tj@61.562C soc1@61.656C VDD_IN 10608mW/10595mW VDD_CPU_GPU_CV 3954mW/3999mW VDD_SOC 2862mW/2862mW
08-04-2026 19:59:43 RAM 3871/7620MB (lfb 160x1MB) SWAP 1691/12002MB (cached 50MB) CPU [0%@1728,0%@1728,0%@1728,0%@1728,100%@1728,0%@1728] GR3D_FREQ 30% cpu@60.906C soc2@59.562C soc0@60.187C gpu@60.906C tj@61.375C soc1@61.375C VDD_IN 10608mW/10595mW VDD_CPU_GPU_CV 3954mW/3999mW VDD_SOC 2862mW/2862mW
08-04-2026 19:59:43 RAM 3871/7620MB (lfb 160x1MB) SWAP 1691/12002MB (cached 50MB) CPU [0%@1728,0%@1728,0%@1728,0%@1728,100%@1728,0%@1728] GR3D_FREQ 29% cpu@60.843C soc2@59.468C soc0@60.218C gpu@61.312C tj@61.468C soc1@61.468C VDD_IN 10608mW/10595mW VDD_CPU_GPU_CV 3954mW/3999mW VDD_SOC 2862mW/2862mW
08-04-2026 19:59:43 RAM 3871/7620MB (lfb 160x1MB) SWAP 1691/12002MB (cached 50MB) CPU [0%@1728,0%@1728,0%@1728,0%@1728,100%@1728,0%@1728] GR3D_FREQ 31% cpu@60.812C soc2@59.5C soc0@60.218C gpu@60.906C tj@61.437C soc1@61.437C VDD_IN 10608mW/10595mW VDD_CPU_GPU_CV 3960mW/3999mW VDD_SOC 2862mW/2862mW
08-04-2026 19:59:44 RAM 3871/7620MB (lfb 160x1MB) SWAP 1691/12002MB (cached 50MB) CPU [0%@1728,9%@1728,0%@1728,0%@1728,100%@1728,0%@1728] GR3D_FREQ 30% cpu@60.843C soc2@59.5C soc0@60.25C gpu@60.875C tj@61.562C soc1@61.562C VDD_IN 10608mW/10595mW VDD_CPU_GPU_CV 3954mW/3999mW VDD_SOC 2862mW/2862mW
08-04-2026 19:59:44 RAM 3871/7620MB (lfb 160x1MB) SWAP 1691/12002MB (cached 50MB) CPU [0%@1728,0%@1728,0%@1728,0%@1728,100%@1728,0%@1728] GR3D_FREQ 30% cpu@60.875C soc2@59.562C soc0@60.281C gpu@61.312C tj@61.75C soc1@61.75C VDD_IN 10608mW/10595mW VDD_CPU_GPU_CV 4001mW/3999mW VDD_SOC 2862mW/2862mW
08-04-2026 19:59:44 RAM 3872/7620MB (lfb 160x1MB) SWAP 1691/12002MB (cached 50MB) CPU [0%@1728,0%@1728,9%@1728,9%@1728,100%@1728,0%@1728] GR3D_FREQ 30% cpu@60.812C soc2@59.5C soc0@60.218C gpu@60.906C tj@61.437C soc1@61.437C VDD_IN 10608mW/10595mW VDD_CPU_GPU_CV 3995mW/3999mW VDD_SOC 2862mW/2862mW
08-04-2026 19:59:44 RAM 3872/7620MB (lfb 160x1MB) SWAP 1691/12002MB (cached 50MB) CPU [0%@1728,0%@1728,0%@1728,0%@1728,100%@1728,0%@1728] GR3D_FREQ 30% cpu@60.75C soc2@59.468C soc0@60.25C gpu@60.875C tj@61.437C soc1@61.437C VDD_IN 10608mW/10595mW VDD_CPU_GPU_CV 4001mW/3999mW VDD_SOC 2862mW/2862mW
08-04-2026 19:59:44 RAM 3872/7620MB (lfb 160x1MB) SWAP 1691/12002MB (cached 50MB) CPU [0%@1728,0%@1728,0%@1728,0%@1728,100%@1728,0%@1728] GR3D_FREQ 31% cpu@60.781C soc2@59.5C soc0@60.25C gpu@60.906C tj@61.468C soc1@61.468C VDD_IN 10608mW/10595mW VDD_CPU_GPU_CV 3995mW/3999mW VDD_SOC 2862mW/2862mW
08-04-2026 19:59:44 RAM 3872/7620MB (lfb 160x1MB) SWAP 1691/12002MB (cached 50MB) CPU [0%@1728,0%@1728,0%@1728,0%@1728,100%@1728,0%@1728] GR3D_FREQ 29% cpu@60.875C soc2@59.5C soc0@60.312C gpu@60.906C tj@61.531C soc1@61.531C VDD_IN 10608mW/10595mW VDD_CPU_GPU_CV 4001mW/3999mW VDD_SOC 2862mW/2862mW
08-04-2026 19:59:44 RAM 3872/7620MB (lfb 160x1MB) SWAP 1691/12002MB (cached 50MB) CPU [0%@1728,0%@1728,0%@1728,0%@1728,100%@1728,0%@1728] GR3D_FREQ 29% cpu@60.843C soc2@59.5C soc0@60.312C gpu@60.75C tj@61.343C soc1@61.343C VDD_IN 10608mW/10595mW VDD_CPU_GPU_CV 4001mW/3999mW VDD_SOC 2862mW/2862mW
08-04-2026 19:59:44 RAM 3872/7620MB (lfb 160x1MB) SWAP 1691/12002MB (cached 50MB) CPU [0%@1728,0%@1728,0%@1728,0%@1728,100%@1728,0%@1728] GR3D_FREQ 31% cpu@60.843C soc2@59.5C soc0@60.25C gpu@60.906C tj@61.375C soc1@61.375C VDD_IN 10567mW/10595mW VDD_CPU_GPU_CV 4001mW/3999mW VDD_SOC 2862mW/2862mW
08-04-2026 19:59:44 RAM 3872/7620MB (lfb 160x1MB) SWAP 1691/12002MB (cached 50MB) CPU [0%@1728,0%@1728,0%@1728,8%@1728,100%@1728,0%@1728] GR3D_FREQ 30% cpu@60.75C soc2@59.531C soc0@60.187C gpu@60.812C tj@61.468C soc1@61.468C VDD_IN 10608mW/10595mW VDD_CPU_GPU_CV 4001mW/3999mW VDD_SOC 2862mW/2862mW
08-04-2026 19:59:44 RAM 3872/7620MB (lfb 160x1MB) SWAP 1691/12002MB (cached 50MB) CPU [0%@1728,0%@1728,0%@1728,0%@1728,100%@1728,0%@1728] GR3D_FREQ 29% cpu@60.75C soc2@59.531C soc0@60.187C gpu@60.937C tj@61.437C soc1@61.437C VDD_IN 10567mW/10595mW VDD_CPU_GPU_CV 4001mW/3999mW VDD_SOC 2862mW/2862mW
08-04-2026 19:59:45 RAM 3872/7620MB (lfb 160x1MB) SWAP 1691/12002MB (cached 50MB) CPU [0%@1728,0%@1728,0%@1728,0%@1728,100%@1728,0%@1728] GR3D_FREQ 30% cpu@60.875C soc2@59.437C soc0@60.468C gpu@60.906C tj@61.593C soc1@61.593C VDD_IN 10608mW/10595mW VDD_CPU_GPU_CV 4001mW/3999mW VDD_SOC 2862mW/2862mW
08-04-2026 19:59:45 RAM 3875/7620MB (lfb 160x1MB) SWAP 1691/12002MB (cached 50MB) CPU [9%@1728,0%@1728,0%@1728,0%@1728,100%@1728,0%@1728] GR3D_FREQ 30% cpu@61C soc2@59.593C soc0@60.437C gpu@60.843C tj@61.375C soc1@61.375C VDD_IN 10608mW/10595mW VDD_CPU_GPU_CV 4001mW/3999mW VDD_SOC 2862mW/2862mW
08-04-2026 19:59:45 RAM 3877/7620MB (lfb 160x1MB) SWAP 1691/12002MB (cached 50MB) CPU [0%@1728,18%@1728,0%@1728,0%@1728,100%@1728,0%@1728] GR3D_FREQ 31% cpu@60.843C soc2@59.437C soc0@60.156C gpu@60.968C tj@61.406C soc1@61.406C VDD_IN 10649mW/10595mW VDD_CPU_GPU_CV 4036mW/3999mW VDD_SOC 2862mW/2862mW
08-04-2026 19:59:45 RAM 3877/7620MB (lfb 160x1MB) SWAP 1691/12002MB (cached 50MB) CPU [0%@1728,8%@1728,0%@1728,0%@1728,100%@1728,0%@1728] GR3D_FREQ 29% cpu@60.843C soc2@59.468C soc0@60.281C gpu@60.875C tj@61.5C soc1@61.5C VDD_IN 10649mW/10595mW VDD_CPU_GPU_CV 4042mW/3999mW VDD_SOC 2862mW/2862mW
08-04-2026 19:59:45 RAM 3877/7620MB (lfb 160x1MB) SWAP 1691/12002MB (cached 50MB) CPU [0%@1728,0%@1728,0%@1728,0%@1728,100%@1728,0%@1728] GR3D_FREQ 30% cpu@60.875C soc2@59.5C soc0@60.375C gpu@60.843C tj@61.593C soc1@61.593C VDD_IN 10608mW/10595mW VDD_CPU_GPU_CV 4001mW/3999mW VDD_SOC 2862mW/2862mW
08-04-2026 19:59:45 RAM 3877/7620MB (lfb 160x1MB) SWAP 1691/12002MB (cached 50MB) CPU [8%@1728,0%@1728,0%@1728,0%@1728,100%@1728,0%@1728] GR3D_FREQ 31% cpu@60.875C soc2@59.531C soc0@60.343C gpu@60.906C tj@61.593C soc1@61.593C VDD_IN 10608mW/10595mW VDD_CPU_GPU_CV 4001mW/3999mW VDD_SOC 2862mW/2862mW
08-04-2026 19:59:45 RAM 3877/7620MB (lfb 160x1MB) SWAP 1691/12002MB (cached 50MB) CPU [0%@1728,0%@1728,0%@1728,0%@1728,100%@1728,0%@1728] GR3D_FREQ 30% cpu@60.968C soc2@59.437C soc0@60.25C gpu@60.937C tj@61.437C soc1@61.437C VDD_IN 10608mW/10595mW VDD_CPU_GPU_CV 4001mW/3999mW VDD_SOC 2862mW/2862mW
08-04-2026 19:59:45 RAM 3877/7620MB (lfb 160x1MB) SWAP 1691/12002MB (cached 50MB) CPU [0%@1728,0%@1728,0%@1728,0%@1728,100%@1728,0%@1728] GR3D_FREQ 29% cpu@60.812C soc2@59.437C soc0@60.25C gpu@61.125C tj@61.375C soc1@61.375C VDD_IN 10608mW/10595mW VDD_CPU_GPU_CV 4001mW/3999mW VDD_SOC 2862mW/2862mW
08-04-2026 19:59:45 RAM 3877/7620MB (lfb 160x1MB) SWAP 1691/12002MB (cached 50MB) CPU [0%@1728,0%@1728,0%@1728,0%@1728,100%@1728,0%@1728] GR3D_FREQ 31% cpu@60.781C soc2@59.5C soc0@60.312C gpu@60.906C tj@61.437C soc1@61.437C VDD_IN 10608mW/10595mW VDD_CPU_GPU_CV 4001mW/3999mW VDD_SOC 2862mW/2862mW
08-04-2026 19:59:46 RAM 3877/7620MB (lfb 160x1MB) SWAP 1691/12002MB (cached 50MB) CPU [0%@1728,0%@1728,0%@1728,0%@1728,100%@1728,0%@1728] GR3D_FREQ 31% cpu@60.875C soc2@59.468C soc0@60.312C gpu@60.843C tj@61.593C soc1@61.593C VDD_IN 10608mW/10595mW VDD_CPU_GPU_CV 4001mW/3999mW VDD_SOC 2862mW/2862mW
08-04-2026 19:59:46 RAM 3877/7620MB (lfb 160x1MB) SWAP 1691/12002MB (cached 50MB) CPU [0%@1728,0%@1728,8%@1728,0%@1728,100%@1728,0%@1728] GR3D_FREQ 29% cpu@61C soc2@59.687C soc0@60.468C gpu@61.062C tj@61.656C soc1@61.343C VDD_IN 10608mW/10595mW VDD_CPU_GPU_CV 4001mW/3999mW VDD_SOC 2862mW/2862mW
08-04-2026 19:59:46 RAM 3877/7620MB (lfb 160x1MB) SWAP 1691/12002MB (cached 50MB) CPU [0%@1728,0%@1728,0%@1728,0%@1728,100%@1728,0%@1728] GR3D_FREQ 30% cpu@60.937C soc2@59.437C soc0@60.187C gpu@60.906C tj@61.375C soc1@61.375C VDD_IN 10608mW/10595mW VDD_CPU_GPU_CV 4001mW/3999mW VDD_SOC 2862mW/2862mW
08-04-2026 19:59:46 RAM 3877/7620MB (lfb 160x1MB) SWAP 1691/12002MB (cached 50MB) CPU [0%@1728,0%@1728,0%@1728,0%@1728,100%@1728,0%@1728] GR3D_FREQ 30% cpu@60.843C soc2@59.437C soc0@60.187C gpu@61.187C tj@61.437C soc1@61.437C VDD_IN 10567mW/10595mW VDD_CPU_GPU_CV 4001mW/3999mW VDD_SOC 2862mW/2862mW
08-04-2026 19:59:46 RAM 3877/7620MB (lfb 160x1MB) SWAP 1691/12002MB (cached 50MB) CPU [0%@1728,0%@1728,9%@1728,0%@1728,100%@1728,0%@1728] GR3D_FREQ 31% cpu@60.812C soc2@59.437C soc0@60.375C gpu@60.968C tj@61.5C soc1@61.5C VDD_IN 10567mW/10595mW VDD_CPU_GPU_CV 4001mW/3999mW VDD_SOC 2862mW/2862mW
08-04-2026 19:59:46 RAM 3877/7620MB (lfb 160x1MB) SWAP 1691/12002MB (cached 50MB) CPU [0%@1728,0%@1728,0%@1728,0%@1728,100%@1728,0%@1728] GR3D_FREQ 29% cpu@60.937C soc2@59.593C soc0@60.437C gpu@60.875C tj@61.687C soc1@61.687C VDD_IN 10567mW/10595mW VDD_CPU_GPU_CV 4001mW/3999mW VDD_SOC 2862mW/2862mW
08-04-2026 19:59:46 RAM 3877/7620MB (lfb 160x1MB) SWAP 1691/12002MB (cached 50MB) CPU [9%@1728,0%@1728,0%@1728,0%@1728,100%@1728,0%@1728] GR3D_FREQ 30% cpu@61.031C soc2@59.406C soc0@60.156C gpu@61.125C tj@61.406C soc1@61.406C VDD_IN 10567mW/10595mW VDD_CPU_GPU_CV 4001mW/3999mW VDD_SOC 2862mW/2862mW
08-04-2026 19:59:46 RAM 3877/7620MB (lfb 160x1MB) SWAP 1691/12002MB (cached 50MB) CPU [0%@1728,0%@1728,8%@1728,0%@1728,100%@1728,0%@1728] GR3D_FREQ 31% cpu@60.781C soc2@59.468C soc0@60.218C gpu@61C tj@61.406C soc1@61.406C VDD_IN 10567mW/10595mW VDD_CPU_GPU_CV 4001mW/3999mW VDD_SOC 2862mW/2862mW
08-04-2026 19:59:46 RAM 3877/7620MB (lfb 160x1MB) SWAP 1691/12002MB (cached 50MB) CPU [0%@1728,0%@1728,0%@1728,0%@1728,100%@1728,0%@1728] GR3D_FREQ 30% cpu@60.875C soc2@59.437C soc0@60.218C gpu@61.312C tj@61.468C soc1@61.468C VDD_IN 10567mW/10595mW VDD_CPU_GPU_CV 4001mW/3999mW VDD_SOC 2862mW/2862mW
08-04-2026 19:59:46 RAM 3877/7620MB (lfb 160x1MB) SWAP 1691/12002MB (cached 50MB) CPU [9%@1728,0%@1728,0%@1728,0%@1728,100%@1728,0%@1728] GR3D_FREQ 30% cpu@60.781C soc2@59.5C soc0@60.312C gpu@61.125C tj@61.468C soc1@61.468C VDD_IN 10567mW/10595mW VDD_CPU_GPU_CV 4001mW/3999mW VDD_SOC 2862mW/2862mW
08-04-2026 19:59:47 RAM 3877/7620MB (lfb 160x1MB) SWAP 1691/12002MB (cached 50MB) CPU [8%@1728,0%@1728,0%@1728,9%@1728,100%@1728,0%@1728] GR3D_FREQ 31% cpu@60.968C soc2@59.5C soc0@60.187C gpu@61C tj@61.406C soc1@61.406C VDD_IN 10608mW/10595mW VDD_CPU_GPU_CV 3995mW/3999mW VDD_SOC 2862mW/2862mW
08-04-2026 19:59:47 RAM 3877/7620MB (lfb 160x1MB) SWAP 1691/12002MB (cached 50MB) CPU [0%@1728,0%@1728,0%@1728,0%@1728,100%@1728,0%@1728] GR3D_FREQ 31% cpu@60.937C soc2@59.437C soc0@60.25C gpu@61.218C tj@61.437C soc1@61.437C VDD_IN 10567mW/10595mW VDD_CPU_GPU_CV 3995mW/3999mW VDD_SOC 2862mW/2862mW
08-04-2026 19:59:47 RAM 3877/7620MB (lfb 160x1MB) SWAP 1691/12002MB (cached 50MB) CPU [0%@1728,0%@1728,0%@1728,0%@1728,100%@1728,0%@1728] GR3D_FREQ 29% cpu@60.875C soc2@59.468C soc0@60.218C gpu@61.125C tj@61.468C soc1@61.468C VDD_IN 10608mW/10595mW VDD_CPU_GPU_CV 4001mW/3999mW VDD_SOC 2862mW/2862mW
08-04-2026 19:59:47 RAM 3877/7620MB (lfb 160x1MB) SWAP 1691/12002MB (cached 50MB) CPU [0%@1728,0%@1728,0%@1728,0%@1728,100%@1728,0%@1728] GR3D_FREQ 31% cpu@60.875C soc2@59.5C soc0@60.25C gpu@61C tj@61.468C soc1@61.468C VDD_IN 10608mW/10595mW VDD_CPU_GPU_CV 4001mW/3999mW VDD_SOC 2862mW/2862mW
08-04-2026 19:59:47 RAM 3877/7620MB (lfb 160x1MB) SWAP 1691/12002MB (cached 50MB) CPU [0%@1728,0%@1728,0%@1728,0%@1728,100%@1728,0%@1728] GR3D_FREQ 31% cpu@60.937C soc2@59.531C soc0@60.312C gpu@61.218C tj@61.562C soc1@61.562C VDD_IN 10567mW/10595mW VDD_CPU_GPU_CV 4001mW/3999mW VDD_SOC 2862mW/2862mW
08-04-2026 19:59:47 RAM 3877/7620MB (lfb 160x1MB) SWAP 1691/12002MB (cached 50MB) CPU [0%@1728,0%@1728,0%@1728,0%@1728,100%@1728,0%@1728] GR3D_FREQ 29% cpu@60.968C soc2@59.562C soc0@60.281C gpu@61.093C tj@61.437C soc1@61.437C VDD_IN 10608mW/10595mW VDD_CPU_GPU_CV 4001mW/3999mW VDD_SOC 2862mW/2862mW
08-04-2026 19:59:47 RAM 3877/7620MB (lfb 160x1MB) SWAP 1691/12002MB (cached 50MB) CPU [0%@1728,0%@1728,0%@1728,0%@1728,100%@1728,0%@1728] GR3D_FREQ 30% cpu@61.031C soc2@59.406C soc0@60.187C gpu@60.781C tj@61.375C soc1@61.375C VDD_IN 10608mW/10595mW VDD_CPU_GPU_CV 4001mW/3999mW VDD_SOC 2862mW/2862mW
08-04-2026 19:59:47 RAM 3877/7620MB (lfb 160x1MB) SWAP 1691/12002MB (cached 50MB) CPU [0%@1728,0%@1728,0%@1728,0%@1728,100%@1728,0%@1728] GR3D_FREQ 30% cpu@60.875C soc2@59.375C soc0@60.281C gpu@61.281C tj@61.406C soc1@61.406C VDD_IN 10567mW/10595mW VDD_CPU_GPU_CV 4001mW/3999mW VDD_SOC 2862mW/2862mW
08-04-2026 19:59:47 RAM 3877/7620MB (lfb 160x1MB) SWAP 1691/12002MB (cached 50MB) CPU [0%@1728,0%@1728,0%@1728,0%@1728,100%@1728,0%@1728] GR3D_FREQ 30% cpu@60.875C soc2@59.562C soc0@60.187C gpu@61.031C tj@61.5C soc1@61.5C VDD_IN 10567mW/10595mW VDD_CPU_GPU_CV 4001mW/3999mW VDD_SOC 2862mW/2862mW
08-04-2026 19:59:48 RAM 3877/7620MB (lfb 160x1MB) SWAP 1691/12002MB (cached 50MB) CPU [0%@1728,0%@1728,0%@1728,0%@1728,100%@1728,0%@1728] GR3D_FREQ 30% cpu@60.937C soc2@59.468C soc0@60.375C gpu@61.343C tj@61.625C soc1@61.343C VDD_IN 10567mW/10595mW VDD_CPU_GPU_CV 4001mW/3999mW VDD_SOC 2862mW/2862mW
08-04-2026 19:59:48 RAM 3877/7620MB (lfb 160x1MB) SWAP 1691/12002MB (cached 50MB) CPU [0%@1728,9%@1728,0%@1728,0%@1728,100%@1728,0%@1728] GR3D_FREQ 29% cpu@61.031C soc2@59.375C soc0@60.187C gpu@61.156C tj@61.343C soc1@61.343C VDD_IN 10567mW/10595mW VDD_CPU_GPU_CV 3995mW/3999mW VDD_SOC 2862mW/2862mW
08-04-2026 19:59:48 RAM 3877/7620MB (lfb 160x1MB) SWAP 1691/12002MB (cached 50MB) CPU [0%@1728,0%@1728,0%@1728,0%@1728,100%@1728,0%@1728] GR3D_FREQ 31% cpu@61.156C soc2@59.468C soc0@60.187C gpu@60.875C tj@61.406C soc1@61.406C VDD_IN 10608mW/10595mW VDD_CPU_GPU_CV 4001mW/3999mW VDD_SOC 2862mW/2862mW
08-04-2026 19:59:48 RAM 3877/7620MB (lfb 160x1MB) SWAP 1691/12002MB (cached 50MB) CPU [0%@1728,0%@1728,0%@1728,0%@1728,100%@1728,0%@1728] GR3D_FREQ 31% cpu@60.843C soc2@59.468C soc0@60.343C gpu@61.25C tj@61.531C soc1@61.531C VDD_IN 10567mW/10595mW VDD_CPU_GPU_CV 4001mW/3999mW VDD_SOC 2862mW/2862mW
08-04-2026 19:59:48 RAM 3877/7620MB (lfb 160x1MB) SWAP 1691/12002MB (cached 50MB) CPU [0%@1728,0%@1728,0%@1728,10%@1728,100%@1728,0%@1728] GR3D_FREQ 29% cpu@60.906C soc2@59.468C soc0@60.343C gpu@61.062C tj@61.562C soc1@61.562C VDD_IN 10608mW/10595mW VDD_CPU_GPU_CV 4001mW/3999mW VDD_SOC 2862mW/2862mW
08-04-2026 19:59:48 RAM 3865/7620MB (lfb 160x1MB) SWAP 1691/12002MB (cached 50MB) CPU [9%@1728,0%@1728,0%@1728,10%@1728,100%@1728,9%@1728] GR3D_FREQ 30% cpu@60.968C soc2@59.531C soc0@60.468C gpu@60.812C tj@61.406C soc1@61.406C VDD_IN 10649mW/10595mW VDD_CPU_GPU_CV 4036mW/3999mW VDD_SOC 2862mW/2862mW
08-04-2026 19:59:48 RAM 3865/7620MB (lfb 160x1MB) SWAP 1691/12002MB (cached 50MB) CPU [0%@1728,0%@1728,0%@1728,8%@1728,100%@1728,0%@1728] GR3D_FREQ 30% cpu@61.062C soc2@59.437C soc0@60.25C gpu@61.25C tj@61.343C soc1@61.343C VDD_IN 10649mW/10595mW VDD_CPU_GPU_CV 3995mW/3999mW VDD_SOC 2862mW/2862mW
08-04-2026 19:59:48 RAM 3865/7620MB (lfb 160x1MB) SWAP 1691/12002MB (cached 50MB) CPU [0%@1728,0%@1728,0%@1728,0%@1728,100%@1728,0%@1728] GR3D_FREQ 31% cpu@61.093C soc2@59.406C soc0@60.281C gpu@61.062C tj@61.437C soc1@61.437C VDD_IN 10608mW/10595mW VDD_CPU_GPU_CV 4001mW/3999mW VDD_SOC 2862mW/2862mW
08-04-2026 19:59:48 RAM 3865/7620MB (lfb 160x1MB) SWAP 1691/12002MB (cached 50MB) CPU [0%@1728,0%@1728,0%@1728,0%@1728,100%@1728,0%@1728] GR3D_FREQ 29% cpu@60.937C soc2@59.5C soc0@60.25C gpu@60.781C tj@61.593C soc1@61.593C VDD_IN 10608mW/10595mW VDD_CPU_GPU_CV 4001mW/3999mW VDD_SOC 2862mW/2862mW
08-04-2026 19:59:48 RAM 3865/7620MB (lfb 160x1MB) SWAP 1691/12002MB (cached 50MB) CPU [0%@1728,0%@1728,0%@1728,9%@1728,100%@1728,0%@1728] GR3D_FREQ 31% cpu@60.937C soc2@59.562C soc0@60.281C gpu@61.281C tj@61.656C soc1@61.656C VDD_IN 10608mW/10595mW VDD_CPU_GPU_CV 4001mW/3999mW VDD_SOC 2862mW/2862mW
08-04-2026 19:59:49 RAM 3865/7620MB (lfb 160x1MB) SWAP 1691/12002MB (cached 50MB) CPU [0%@1728,0%@1728,0%@1728,0%@1728,100%@1728,0%@1728] GR3D_FREQ 30% cpu@60.968C soc2@59.437C soc0@60.25C gpu@60.906C tj@61.375C soc1@61.375C VDD_IN 10608mW/10595mW VDD_CPU_GPU_CV 4001mW/3999mW VDD_SOC 2862mW/2862mW
08-04-2026 19:59:49 RAM 3865/7620MB (lfb 160x1MB) SWAP 1691/12002MB (cached 50MB) CPU [0%@1728,0%@1728,0%@1728,0%@1728,100%@1728,0%@1728] GR3D_FREQ 30% cpu@61.156C soc2@59.406C soc0@60.156C gpu@60.718C tj@61.375C soc1@61.375C VDD_IN 10608mW/10595mW VDD_CPU_GPU_CV 4001mW/3999mW VDD_SOC 2862mW/2862mW
08-04-2026 19:59:49 RAM 3865/7620MB (lfb 160x1MB) SWAP 1691/12002MB (cached 50MB) CPU [0%@1728,0%@1728,0%@1728,0%@1728,100%@1728,0%@1728] GR3D_FREQ 30% cpu@60.781C soc2@59.375C soc0@60.187C gpu@61.218C tj@61.437C soc1@61.437C VDD_IN 10608mW/10595mW VDD_CPU_GPU_CV 4001mW/3999mW VDD_SOC 2862mW/2862mW
08-04-2026 19:59:49 RAM 3865/7620MB (lfb 160x1MB) SWAP 1691/12002MB (cached 50MB) CPU [0%@1728,0%@1728,0%@1728,0%@1728,100%@1728,0%@1728] GR3D_FREQ 29% cpu@60.843C soc2@59.437C soc0@60.343C gpu@60.843C tj@61.593C soc1@61.593C VDD_IN 10608mW/10595mW VDD_CPU_GPU_CV 4001mW/3999mW VDD_SOC 2862mW/2862mW
08-04-2026 19:59:49 RAM 3865/7620MB (lfb 160x1MB) SWAP 1691/12002MB (cached 50MB) CPU [0%@1728,0%@1728,0%@1728,0%@1728,100%@1728,0%@1728] GR3D_FREQ 31% cpu@60.906C soc2@59.468C soc0@60.406C gpu@61.375C tj@61.656C soc1@61.656C VDD_IN 10567mW/10595mW VDD_CPU_GPU_CV 4001mW/3999mW VDD_SOC 2862mW/2862mW
08-04-2026 19:59:49 RAM 3865/7620MB (lfb 160x1MB) SWAP 1691/12002MB (cached 50MB) CPU [0%@1728,0%@1728,0%@1728,0%@1728,100%@1728,0%@1728] GR3D_FREQ 30% cpu@61.093C soc2@59.5C soc0@60.187C gpu@60.843C tj@61.343C soc1@61.343C VDD_IN 10567mW/10595mW VDD_CPU_GPU_CV 4001mW/3999mW VDD_SOC 2862mW/2862mW
08-04-2026 19:59:49 RAM 3865/7620MB (lfb 160x1MB) SWAP 1691/12002MB (cached 50MB) CPU [0%@1728,0%@1728,0%@1728,0%@1728,100%@1728,0%@1728] GR3D_FREQ 29% cpu@61.187C soc2@59.437C soc0@60.187C gpu@60.843C tj@61.406C soc1@61.406C VDD_IN 10567mW/10595mW VDD_CPU_GPU_CV 4001mW/3999mW VDD_SOC 2862mW/2862mW
08-04-2026 19:59:49 RAM 3865/7620MB (lfb 160x1MB) SWAP 1691/12002MB (cached 50MB) CPU [15%@1728,0%@1728,0%@1728,0%@1728,100%@1728,0%@1728] GR3D_FREQ 31% cpu@60.687C soc2@59.406C soc0@60.312C gpu@61.343C tj@61.468C soc1@61.468C VDD_IN 10608mW/10595mW VDD_CPU_GPU_CV 4001mW/3999mW VDD_SOC 2862mW/2862mW
08-04-2026 19:59:49 RAM 3865/7620MB (lfb 160x1MB) SWAP 1691/12002MB (cached 50MB) CPU [0%@1728,0%@1728,0%@1728,0%@1728,100%@1728,0%@1728] GR3D_FREQ 30% cpu@60.937C soc2@59.5C soc0@60.343C gpu@60.906C tj@61.687C soc1@61.687C VDD_IN 10608mW/10595mW VDD_CPU_GPU_CV 4001mW/3999mW VDD_SOC 2862mW/2862mW
08-04-2026 19:59:50 RAM 3865/7620MB (lfb 160x1MB) SWAP 1691/12002MB (cached 50MB) CPU [0%@1728,0%@1728,0%@1728,0%@1728,100%@1728,0%@1728] GR3D_FREQ 29% cpu@60.937C soc2@59.593C soc0@60.187C gpu@60.812C tj@61.343C soc1@61.343C VDD_IN 10608mW/10595mW VDD_CPU_GPU_CV 4001mW/3999mW VDD_SOC 2862mW/2862mW
08-04-2026 19:59:50 RAM 3865/7620MB (lfb 160x1MB) SWAP 1691/12002MB (cached 50MB) CPU [0%@1728,0%@1728,0%@1728,0%@1728,100%@1728,0%@1728] GR3D_FREQ 30% cpu@61.093C soc2@59.437C soc0@60.187C gpu@60.906C tj@61.468C soc1@61.468C VDD_IN 10567mW/10595mW VDD_CPU_GPU_CV 4001mW/3999mW VDD_SOC 2862mW/2862mW
08-04-2026 19:59:50 RAM 3865/7620MB (lfb 160x1MB) SWAP 1691/12002MB (cached 50MB) CPU [0%@1728,0%@1728,9%@1728,0%@1728,100%@1728,0%@1728] GR3D_FREQ 30% cpu@60.781C soc2@59.5C soc0@60.187C gpu@60.906C tj@61.531C soc1@61.531C VDD_IN 10567mW/10595mW VDD_CPU_GPU_CV 4001mW/3999mW VDD_SOC 2862mW/2862mW
08-04-2026 19:59:50 RAM 3855/7620MB (lfb 160x1MB) SWAP 1691/12002MB (cached 50MB) CPU [0%@1728,0%@1728,0%@1728,0%@1728,100%@1728,0%@1728] GR3D_FREQ 31% cpu@60.875C soc2@59.5C soc0@60.343C gpu@60.812C tj@61.531C soc1@61.531C VDD_IN 10608mW/10595mW VDD_CPU_GPU_CV 4001mW/3999mW VDD_SOC 2862mW/2862mW
08-04-2026 19:59:50 RAM 3856/7620MB (lfb 160x1MB) SWAP 1691/12002MB (cached 50MB) CPU [0%@1728,0%@1728,0%@1728,0%@1728,100%@1728,0%@1728] GR3D_FREQ 29% cpu@60.875C soc2@59.562C soc0@60.281C gpu@60.906C tj@61.687C soc1@61.687C VDD_IN 10567mW/10595mW VDD_CPU_GPU_CV 4001mW/3999mW VDD_SOC 2862mW/2862mW
08-04-2026 19:59:50 RAM 3856/7620MB (lfb 160x1MB) SWAP 1691/12002MB (cached 50MB) CPU [8%@1728,0%@1728,0%@1728,0%@1728,100%@1728,0%@1728] GR3D_FREQ 30% cpu@61.093C soc2@59.562C soc0@60.187C gpu@60.875C tj@61.406C soc1@61.406C VDD_IN 10608mW/10595mW VDD_CPU_GPU_CV 4001mW/3999mW VDD_SOC 2862mW/2862mW
08-04-2026 19:59:50 RAM 3856/7620MB (lfb 160x1MB) SWAP 1691/12002MB (cached 50MB) CPU [0%@1728,0%@1728,0%@1728,0%@1728,100%@1728,0%@1728] GR3D_FREQ 31% cpu@60.781C soc2@59.5C soc0@60.187C gpu@61C tj@61.375C soc1@61.375C VDD_IN 10608mW/10595mW VDD_CPU_GPU_CV 4001mW/3999mW VDD_SOC 2862mW/2862mW
08-04-2026 19:59:50 RAM 3856/7620MB (lfb 160x1MB) SWAP 1691/12002MB (cached 50MB) CPU [0%@1728,0%@1728,0%@1728,0%@1728,100%@1728,0%@1728] GR3D_FREQ 29% cpu@60.781C soc2@59.468C soc0@60.187C gpu@60.906C tj@61.406C soc1@61.406C VDD_IN 10608mW/10595mW VDD_CPU_GPU_CV 4001mW/3999mW VDD_SOC 2862mW/2862mW
08-04-2026 19:59:50 RAM 3856/7620MB (lfb 160x1MB) SWAP 1691/12002MB (cached 50MB) CPU [0%@1728,0%@1728,0%@1728,0%@1728,100%@1728,0%@1728] GR3D_FREQ 30% cpu@60.906C soc2@59.531C soc0@60.312C gpu@60.906C tj@61.562C soc1@61.562C VDD_IN 10608mW/10595mW VDD_CPU_GPU_CV 4001mW/3999mW VDD_SOC 2862mW/2862mW
08-04-2026 19:59:50 RAM 3856/7620MB (lfb 160x1MB) SWAP 1691/12002MB (cached 50MB) CPU [9%@1728,0%@1728,0%@1728,0%@1728,100%@1728,0%@1728] GR3D_FREQ 31% cpu@61.093C soc2@59.562C soc0@60.343C gpu@60.906C tj@61.375C soc1@61.375C VDD_IN 10608mW/10595mW VDD_CPU_GPU_CV 4001mW/3999mW VDD_SOC 2862mW/2862mW
08-04-2026 19:59:51 RAM 3856/7620MB (lfb 160x1MB) SWAP 1691/12002MB (cached 50MB) CPU [0%@1728,0%@1728,0%@1728,9%@1728,100%@1728,0%@1728] GR3D_FREQ 30% cpu@61.156C soc2@59.468C soc0@60.187C gpu@60.906C tj@61.343C soc1@61.343C VDD_IN 10608mW/10595mW VDD_CPU_GPU_CV 4001mW/3999mW VDD_SOC 2862mW/2862mW
08-04-2026 19:59:51 RAM 3855/7620MB (lfb 160x1MB) SWAP 1691/12002MB (cached 50MB) CPU [0%@1728,0%@1728,0%@1728,0%@1728,100%@1728,0%@1728] GR3D_FREQ 30% cpu@60.875C soc2@59.468C soc0@60.218C gpu@60.781C tj@61.437C soc1@61.437C VDD_IN 10608mW/10595mW VDD_CPU_GPU_CV 4001mW/3999mW VDD_SOC 2862mW/2862mW
08-04-2026 19:59:51 RAM 3856/7620MB (lfb 160x1MB) SWAP 1691/12002MB (cached 50MB) CPU [0%@1728,0%@1728,0%@1728,0%@1728,100%@1728,0%@1728] GR3D_FREQ 29% cpu@60.875C soc2@59.468C soc0@60.281C gpu@61.031C tj@61.468C soc1@61.468C VDD_IN 10608mW/10595mW VDD_CPU_GPU_CV 3995mW/3999mW VDD_SOC 2862mW/2862mW
08-04-2026 19:59:51 RAM 3856/7620MB (lfb 160x1MB) SWAP 1691/12002MB (cached 50MB) CPU [0%@1728,9%@1728,0%@1728,0%@1728,100%@1728,0%@1728] GR3D_FREQ 30% cpu@60.937C soc2@59.5C soc0@60.281C gpu@60.906C tj@61.562C soc1@61.562C VDD_IN 10608mW/10595mW VDD_CPU_GPU_CV 4001mW/3999mW VDD_SOC 2862mW/2862mW
08-04-2026 19:59:51 RAM 3856/7620MB (lfb 160x1MB) SWAP 1691/12002MB (cached 50MB) CPU [0%@1728,0%@1728,0%@1728,8%@1728,100%@1728,0%@1728] GR3D_FREQ 31% cpu@61.062C soc2@59.656C soc0@60.156C gpu@61C tj@61.343C soc1@61.343C VDD_IN 10567mW/10595mW VDD_CPU_GPU_CV 3995mW/3999mW VDD_SOC 2862mW/2862mW
08-04-2026 19:59:51 RAM 3856/7620MB (lfb 160x1MB) SWAP 1691/12002MB (cached 50MB) CPU [0%@1728,0%@1728,0%@1728,0%@1728,100%@1728,0%@1728] GR3D_FREQ 29% cpu@60.812C soc2@59.468C soc0@60.218C gpu@60.968C tj@61.343C soc1@61.343C VDD_IN 10567mW/10595mW VDD_CPU_GPU_CV 3995mW/3999mW VDD_SOC 2862mW/2862mW
08-04-2026 19:59:51 RAM 3860/7620MB (lfb 160x1MB) SWAP 1691/12002MB (cached 50MB) CPU [0%@1728,0%@1728,0%@1728,10%@1728,100%@1728,0%@1728] GR3D_FREQ 30% cpu@60.75C soc2@59.406C soc0@60.281C gpu@60.906C tj@61.437C soc1@61.437C VDD_IN 10592mW/10595mW VDD_CPU_GPU_CV 4001mW/3999mW VDD_SOC 2862mW/2862mW
08-04-2026 19:59:51 RAM 3861/7620MB (lfb 160x1MB) SWAP 1691/12002MB (cached 50MB) CPU [0%@1728,10%@1728,16%@1728,9%@1728,100%@1728,0%@1728] GR3D_FREQ 31% cpu@60.843C soc2@59.531C soc0@60.406C gpu@61.062C tj@61.562C soc1@61.562C VDD_IN 10632mW/10595mW VDD_CPU_GPU_CV 4036mW/3999mW VDD_SOC 2862mW/2862mW
08-04-2026 19:59:51 RAM 3861/7620MB (lfb 160x1MB) SWAP 1691/12002MB (cached 50MB) CPU [0%@1728,0%@1728,0%@1728,0%@1728,100%@1728,0%@1728] GR3D_FREQ 30% cpu@61C soc2@59.562C soc0@60.375C gpu@60.906C tj@61.312C soc1@61.312C VDD_IN 10649mW/10595mW VDD_CPU_GPU_CV 4001mW/3999mW VDD_SOC 2862mW/2862mW
08-04-2026 19:59:52 RAM 3861/7620MB (lfb 160x1MB) SWAP 1691/12002MB (cached 50MB) CPU [0%@1728,8%@1728,0%@1728,0%@1728,100%@1728,0%@1728] GR3D_FREQ 30% cpu@61.187C soc2@59.437C soc0@60.218C gpu@60.843C tj@61.375C soc1@61.375C VDD_IN 10649mW/10595mW VDD_CPU_GPU_CV 4001mW/3999mW VDD_SOC 2862mW/2862mW
