08-05-2026 04:37:16 RAM 4189/7620MB (lfb 13x4MB) SWAP 3129/12002MB (cached 44MB) CPU [0%@1728,0%@1728,0%@1728,10%@1728,0%@1728,18%@1728] GR3D_FREQ 31% cpu@70.75C soc2@69.625C soc0@70.25C gpu@71.687C tj@71.687C soc1@70.781C VDD_IN 14345mW/14345mW VDD_CPU_GPU_CV 5420mW/5420mW VDD_SOC 3935mW/3935mW
08-05-2026 04:37:16 RAM 4556/7620MB (lfb 13x4MB) SWAP 3129/12002MB (cached 44MB) CPU [0%@1728,0%@1728,0%@1728,0%@1728,0%@1728,100%@1728] GR3D_FREQ 0% cpu@70.812C soc2@69.593C soc0@70.343C gpu@71.562C tj@71.562C soc1@70.968C VDD_IN 14102mW/14224mW VDD_CPU_GPU_CV 5307mW/5364mW VDD_SOC 3860mW/3898mW
08-05-2026 04:37:16 RAM 4959/7620MB (lfb 13x4MB) SWAP 3129/12002MB (cached 44MB) CPU [16%@1728,27%@1728,10%@1728,9%@1728,0%@1728,100%@1728] GR3D_FREQ 0% cpu@70.875C soc2@69.593C soc0@70.187C gpu@71.031C tj@71.031C soc1@70.718C VDD_IN 13127mW/13858mW VDD_CPU_GPU_CV 4747mW/5158mW VDD_SOC 3704mW/3833mW
08-05-2026 04:37:16 RAM 5267/7620MB (lfb 13x4MB) SWAP 3129/12002MB (cached 44MB) CPU [0%@1728,0%@1728,0%@1728,9%@1728,0%@1728,90%@1728] GR3D_FREQ 92% cpu@70.656C soc2@69.531C soc0@70.218C gpu@71.656C tj@71.656C soc1@70.843C VDD_IN 13839mW/13853mW VDD_CPU_GPU_CV 5145mW/5155mW VDD_SOC 3860mW/3840mW
08-05-2026 04:37:16 RAM 5267/7620MB (lfb 13x4MB) SWAP 3129/12002MB (cached 44MB) CPU [0%@1728,9%@1728,0%@1728,0%@1728,0%@1728,0%@1728] GR3D_FREQ 99% cpu@70.75C soc2@69.593C soc0@70.25C gpu@72.718C tj@72.718C soc1@70.781C VDD_IN 15094mW/14101mW VDD_CPU_GPU_CV 5855mW/5295mW VDD_SOC 4098mW/3891mW
08-05-2026 04:37:16 RAM 5267/7620MB (lfb 13x4MB) SWAP 3129/12002MB (cached 44MB) CPU [0%@1728,0%@1728,0%@1728,0%@1728,0%@1728,0%@1728] GR3D_FREQ 99% cpu@70.906C soc2@69.75C soc0@70.25C gpu@72.625C tj@72.625C soc1@70.906C VDD_IN 16042mW/14425mW VDD_CPU_GPU_CV 6410mW/5481mW VDD_SOC 4287mW/3957mW
08-05-2026 04:37:16 RAM 5267/7620MB (lfb 13x4MB) SWAP 3129/12002MB (cached 44MB) CPU [0%@1728,0%@1728,0%@1728,9%@1728,0%@1728,0%@1728] GR3D_FREQ 99% cpu@70.906C soc2@69.781C soc0@70.406C gpu@72.906C tj@72.906C soc1@71C VDD_IN 16650mW/14743mW VDD_CPU_GPU_CV 6773mW/5665mW VDD_SOC 4408mW/4022mW
08-05-2026 04:37:16 RAM 5267/7620MB (lfb 13x4MB) SWAP 3129/12002MB (cached 44MB) CPU [0%@1728,0%@1728,0%@1728,0%@1728,0%@1728,0%@1728] GR3D_FREQ 99% cpu@71.125C soc2@69.687C soc0@70.156C gpu@73.031C tj@73.031C soc1@70.718C VDD_IN 17190mW/15049mW VDD_CPU_GPU_CV 7125mW/5848mW VDD_SOC 4482mW/4079mW
08-05-2026 04:37:16 RAM 5267/7620MB (lfb 13x4MB) SWAP 3129/12002MB (cached 44MB) CPU [9%@1728,0%@1728,0%@1728,0%@1728,0%@1728,0%@1728] GR3D_FREQ 99% cpu@70.781C soc2@69.656C soc0@70.187C gpu@72.562C tj@72.562C soc1@70.812C VDD_IN 17635mW/15336mW VDD_CPU_GPU_CV 7355mW/6015mW VDD_SOC 4563mW/4133mW
08-05-2026 04:37:16 RAM 5267/7620MB (lfb 13x4MB) SWAP 3129/12002MB (cached 44MB) CPU [0%@1728,0%@1728,10%@1728,0%@1728,9%@1728,10%@1728] GR3D_FREQ 99% cpu@70.843C soc2@69.781C soc0@70.343C gpu@73.25C tj@73.25C soc1@70.843C VDD_IN 18334mW/15636mW VDD_CPU_GPU_CV 7704mW/6184mW VDD_SOC 4717mW/4191mW
08-05-2026 04:37:17 RAM 5267/7620MB (lfb 13x4MB) SWAP 3129/12002MB (cached 44MB) CPU [9%@1728,0%@1728,0%@1728,0%@1728,0%@1728,0%@1728] GR3D_FREQ 99% cpu@71.062C soc2@70C soc0@70.343C gpu@73.156C tj@73.156C soc1@71.031C VDD_IN 18576mW/15903mW VDD_CPU_GPU_CV 7865mW/6337mW VDD_SOC 4757mW/4243mW
08-05-2026 04:37:17 RAM 5267/7620MB (lfb 13x4MB) SWAP 3129/12002MB (cached 44MB) CPU [0%@1728,0%@1728,9%@1728,0%@1728,0%@1728,0%@1728] GR3D_FREQ 99% cpu@71.187C soc2@69.843C soc0@70.25C gpu@73C tj@73C soc1@70.75C VDD_IN 18738mW/16139mW VDD_CPU_GPU_CV 7985mW/6474mW VDD_SOC 4798mW/4289mW
08-05-2026 04:37:17 RAM 5267/7620MB (lfb 13x4MB) SWAP 3129/12002MB (cached 44MB) CPU [0%@1728,0%@1728,0%@1728,0%@1728,0%@1728,0%@1728] GR3D_FREQ 99% cpu@70.843C soc2@69.875C soc0@70.312C gpu@73.031C tj@73.031C soc1@70.812C VDD_IN 18738mW/16339mW VDD_CPU_GPU_CV 7945mW/6587mW VDD_SOC 4798mW/4328mW
08-05-2026 04:37:17 RAM 5267/7620MB (lfb 13x4MB) SWAP 3129/12002MB (cached 44MB) CPU [0%@1728,0%@1728,0%@1728,0%@1728,0%@1728,0%@1728] GR3D_FREQ 99% cpu@70.906C soc2@69.843C soc0@70.375C gpu@73.031C tj@73.281C soc1@70.875C VDD_IN 18859mW/16519mW VDD_CPU_GPU_CV 8025mW/6690mW VDD_SOC 4790mW/4361mW
08-05-2026 04:37:17 RAM 5267/7620MB (lfb 13x4MB) SWAP 3129/12002MB (cached 44MB) CPU [0%@1728,0%@1728,0%@1728,0%@1728,0%@1728,0%@1728] GR3D_FREQ 99% cpu@70.875C soc2@69.906C soc0@70.25C gpu@72.781C tj@72.781C soc1@70.906C VDD_IN 18869mW/16676mW VDD_CPU_GPU_CV 8065mW/6782mW VDD_SOC 4790mW/4390mW
08-05-2026 04:37:17 RAM 5267/7620MB (lfb 13x4MB) SWAP 3129/12002MB (cached 44MB) CPU [0%@1728,10%@1728,8%@1728,0%@1728,0%@1728,0%@1728] GR3D_FREQ 99% cpu@71.062C soc2@70.125C soc0@70.593C gpu@73.375C tj@73.375C soc1@71.062C VDD_IN 19152mW/16831mW VDD_CPU_GPU_CV 8213mW/6871mW VDD_SOC 4830mW/4417mW
08-05-2026 04:37:17 RAM 5267/7620MB (lfb 13x4MB) SWAP 3129/12002MB (cached 44MB) CPU [0%@1728,0%@1728,0%@1728,0%@1728,0%@1728,0%@1728] GR3D_FREQ 99% cpu@70.968C soc2@69.937C soc0@70.375C gpu@73.031C tj@73.031C soc1@70.718C VDD_IN 19353mW/16979mW VDD_CPU_GPU_CV 8293mW/6955mW VDD_SOC 4911mW/4446mW
08-05-2026 04:37:17 RAM 5267/7620MB (lfb 13x4MB) SWAP 3129/12002MB (cached 44MB) CPU [0%@1728,0%@1728,0%@1728,0%@1728,18%@1728,0%@1728] GR3D_FREQ 99% cpu@71.093C soc2@69.937C soc0@70.343C gpu@73.187C tj@73.187C soc1@70.875C VDD_IN 19434mW/17115mW VDD_CPU_GPU_CV 8373mW/7034mW VDD_SOC 4911mW/4472mW
08-05-2026 04:37:17 RAM 5267/7620MB (lfb 13x4MB) SWAP 3129/12002MB (cached 44MB) CPU [0%@1728,0%@1728,0%@1728,0%@1728,0%@1728,0%@1728] GR3D_FREQ 99% cpu@71.062C soc2@69.968C soc0@70.437C gpu@73.25C tj@73.25C soc1@71.031C VDD_IN 19313mW/17231mW VDD_CPU_GPU_CV 8253mW/7098mW VDD_SOC 4911mW/4495mW
08-05-2026 04:37:18 RAM 5267/7620MB (lfb 13x4MB) SWAP 3129/12002MB (cached 44MB) CPU [0%@1728,0%@1728,10%@1728,0%@1728,0%@1728,0%@1728] GR3D_FREQ 99% cpu@71.093C soc2@70.093C soc0@70.5C gpu@73.125C tj@73.125C soc1@71.093C VDD_IN 19192mW/17329mW VDD_CPU_GPU_CV 8253mW/7156mW VDD_SOC 4830mW/4512mW
08-05-2026 04:37:18 RAM 5266/7620MB (lfb 13x4MB) SWAP 3129/12002MB (cached 44MB) CPU [0%@1728,8%@1728,0%@1728,0%@1728,0%@1728,0%@1728] GR3D_FREQ 99% cpu@71.156C soc2@69.875C soc0@70.312C gpu@73C tj@73C soc1@70.75C VDD_IN 19192mW/17418mW VDD_CPU_GPU_CV 8253mW/7208mW VDD_SOC 4870mW/4529mW
08-05-2026 04:37:18 RAM 5266/7620MB (lfb 13x4MB) SWAP 3129/12002MB (cached 44MB) CPU [0%@1728,0%@1728,0%@1728,0%@1728,0%@1728,0%@1728] GR3D_FREQ 99% cpu@71.031C soc2@70.031C soc0@70.343C gpu@73.375C tj@73.375C soc1@70.875C VDD_IN 19353mW/17506mW VDD_CPU_GPU_CV 8333mW/7259mW VDD_SOC 4870mW/4545mW
08-05-2026 04:37:18 RAM 5266/7620MB (lfb 13x4MB) SWAP 3129/12002MB (cached 44MB) CPU [0%@1728,0%@1728,9%@1728,0%@1728,0%@1728,0%@1728] GR3D_FREQ 99% cpu@71.031C soc2@70.062C soc0@70.375C gpu@73.125C tj@73.125C soc1@71.031C VDD_IN 19514mW/17593mW VDD_CPU_GPU_CV 8373mW/7307mW VDD_SOC 4951mW/4562mW
08-05-2026 04:37:18 RAM 5266/7620MB (lfb 13x4MB) SWAP 3129/12002MB (cached 44MB) CPU [0%@1728,0%@1728,0%@1728,0%@1728,0%@1728,0%@1728] GR3D_FREQ 99% cpu@71.187C soc2@70.187C soc0@70.562C gpu@73.75C tj@73.75C soc1@70.968C VDD_IN 19514mW/17673mW VDD_CPU_GPU_CV 8413mW/7353mW VDD_SOC 4951mW/4578mW
08-05-2026 04:37:18 RAM 5266/7620MB (lfb 13x4MB) SWAP 3128/12002MB (cached 44MB) CPU [9%@1728,0%@1728,0%@1728,0%@1728,10%@1728,0%@1728] GR3D_FREQ 99% cpu@71.375C soc2@70.156C soc0@70.375C gpu@73.093C tj@73.093C soc1@70.875C VDD_IN 19393mW/17742mW VDD_CPU_GPU_CV 8293mW/7391mW VDD_SOC 4911mW/4592mW
08-05-2026 04:37:18 RAM 5266/7620MB (lfb 13x4MB) SWAP 3128/12002MB (cached 44MB) CPU [0%@1728,0%@1728,8%@1728,0%@1728,0%@1728,0%@1728] GR3D_FREQ 99% cpu@71.031C soc2@70.031C soc0@70.437C gpu@73.218C tj@73.218C soc1@70.937C VDD_IN 19272mW/17801mW VDD_CPU_GPU_CV 8293mW/7426mW VDD_SOC 4870mW/4602mW
08-05-2026 04:37:18 RAM 5266/7620MB (lfb 13x4MB) SWAP 3128/12002MB (cached 44MB) CPU [0%@1728,0%@1728,0%@1728,0%@1728,0%@1728,0%@1728] GR3D_FREQ 99% cpu@71.156C soc2@70.093C soc0@70.437C gpu@73.562C tj@73.562C soc1@70.875C VDD_IN 19272mW/17855mW VDD_CPU_GPU_CV 8253mW/7456mW VDD_SOC 4870mW/4612mW
08-05-2026 04:37:18 RAM 5267/7620MB (lfb 13x4MB) SWAP 3128/12002MB (cached 44MB) CPU [0%@1728,8%@1728,0%@1728,0%@1728,0%@1728,0%@1728] GR3D_FREQ 99% cpu@71.125C soc2@70.125C soc0@70.531C gpu@73.187C tj@73.187C soc1@71.062C VDD_IN 19393mW/17910mW VDD_CPU_GPU_CV 8333mW/7488mW VDD_SOC 4911mW/4623mW
08-05-2026 04:37:18 RAM 5267/7620MB (lfb 13x4MB) SWAP 3127/12002MB (cached 46MB) CPU [0%@1728,0%@1728,0%@1728,0%@1728,0%@1728,0%@1728] GR3D_FREQ 99% cpu@71.312C soc2@70.312C soc0@70.718C gpu@73.25C tj@73.25C soc1@71.125C VDD_IN 19676mW/17971mW VDD_CPU_GPU_CV 8453mW/7521mW VDD_SOC 4951mW/4634mW
08-05-2026 04:37:19 RAM 5263/7620MB (lfb 17x4MB) SWAP 3125/12002MB (cached 48MB) CPU [30%@1728,10%@1728,11%@1728,11%@1728,0%@1728,0%@1728] GR3D_FREQ 99% cpu@71.406C soc2@70.125C soc0@70.531C gpu@73.718C tj@73.718C soc1@70.906C VDD_IN 19595mW/18025mW VDD_CPU_GPU_CV 8453mW/7552mW VDD_SOC 4951mW/4645mW
08-05-2026 04:37:19 RAM 5263/7620MB (lfb 17x4MB) SWAP 3125/12002MB (cached 48MB) CPU [0%@1728,0%@1728,0%@1728,0%@1728,0%@1728,0%@1728] GR3D_FREQ 99% cpu@71.156C soc2@70.187C soc0@70.5C gpu@73.343C tj@73.343C soc1@70.937C VDD_IN 19514mW/18073mW VDD_CPU_GPU_CV 8413mW/7580mW VDD_SOC 4911mW/4653mW
08-05-2026 04:37:19 RAM 5263/7620MB (lfb 17x4MB) SWAP 3125/12002MB (cached 48MB) CPU [0%@1728,0%@1728,0%@1728,0%@1728,18%@1728,0%@1728] GR3D_FREQ 99% cpu@71.187C soc2@70.187C soc0@70.562C gpu@73.312C tj@73.312C soc1@71C VDD_IN 19272mW/18111mW VDD_CPU_GPU_CV 8293mW/7602mW VDD_SOC 4870mW/4660mW
08-05-2026 04:37:19 RAM 5263/7620MB (lfb 17x4MB) SWAP 3125/12002MB (cached 48MB) CPU [0%@1728,0%@1728,0%@1728,0%@1728,0%@1728,0%@1728] GR3D_FREQ 99% cpu@71.25C soc2@70.187C soc0@70.625C gpu@73.593C tj@73.593C soc1@71.218C VDD_IN 19272mW/18146mW VDD_CPU_GPU_CV 8293mW/7623mW VDD_SOC 4870mW/4667mW
08-05-2026 04:37:19 RAM 5269/7620MB (lfb 17x4MB) SWAP 3125/12002MB (cached 48MB) CPU [20%@1728,0%@1728,16%@1728,0%@1728,0%@1728,0%@1728] GR3D_FREQ 99% cpu@71.343C soc2@70.093C soc0@70.406C gpu@73.156C tj@73.156C soc1@70.937C VDD_IN 19474mW/18185mW VDD_CPU_GPU_CV 8373mW/7645mW VDD_SOC 4911mW/4674mW
08-05-2026 04:37:19 RAM 5269/7620MB (lfb 17x4MB) SWAP 3125/12002MB (cached 48MB) CPU [0%@1728,0%@1728,0%@1728,0%@1728,0%@1728,0%@1728] GR3D_FREQ 99% cpu@71.25C soc2@70.312C soc0@70.656C gpu@73.281C tj@73.281C soc1@70.968C VDD_IN 19676mW/18228mW VDD_CPU_GPU_CV 8453mW/7668mW VDD_SOC 4951mW/4682mW
08-05-2026 04:37:19 RAM 5269/7620MB (lfb 17x4MB) SWAP 3125/12002MB (cached 48MB) CPU [0%@1728,0%@1728,0%@1728,0%@1728,0%@1728,0%@1728] GR3D_FREQ 99% cpu@71.281C soc2@70.187C soc0@70.531C gpu@73.656C tj@73.656C soc1@71.093C VDD_IN 19676mW/18268mW VDD_CPU_GPU_CV 8453mW/7690mW VDD_SOC 4951mW/4689mW
08-05-2026 04:37:19 RAM 5269/7620MB (lfb 17x4MB) SWAP 3125/12002MB (cached 48MB) CPU [0%@1728,0%@1728,0%@1728,9%@1728,0%@1728,0%@1728] GR3D_FREQ 99% cpu@71.281C soc2@70.25C soc0@70.593C gpu@73.468C tj@73.468C soc1@71.125C VDD_IN 19595mW/18304mW VDD_CPU_GPU_CV 8453mW/7711mW VDD_SOC 4951mW/4696mW
08-05-2026 04:37:19 RAM 5269/7620MB (lfb 17x4MB) SWAP 3125/12002MB (cached 48MB) CPU [0%@1728,0%@1728,0%@1728,0%@1728,0%@1728,0%@1728] GR3D_FREQ 99% cpu@71.437C soc2@70.343C soc0@70.781C gpu@73.031C tj@73.031C soc1@71.281C VDD_IN 19434mW/18333mW VDD_CPU_GPU_CV 8333mW/7727mW VDD_SOC 4911mW/4702mW
08-05-2026 04:37:20 RAM 5269/7620MB (lfb 17x4MB) SWAP 3124/12002MB (cached 48MB) CPU [0%@1728,0%@1728,0%@1728,10%@1728,10%@1728,8%@1728] GR3D_FREQ 99% cpu@71.343C soc2@70.25C soc0@70.562C gpu@73.281C tj@73.281C soc1@71.062C VDD_IN 19313mW/18359mW VDD_CPU_GPU_CV 8293mW/7741mW VDD_SOC 4870mW/4706mW
08-05-2026 04:37:20 RAM 5269/7620MB (lfb 17x4MB) SWAP 3124/12002MB (cached 48MB) CPU [0%@1728,0%@1728,0%@1728,0%@1728,0%@1728,0%@1728] GR3D_FREQ 99% cpu@71.25C soc2@70.312C soc0@70.593C gpu@73.187C tj@73.187C soc1@71.062C VDD_IN 19393mW/18384mW VDD_CPU_GPU_CV 8333mW/7756mW VDD_SOC 4870mW/4710mW
08-05-2026 04:37:20 RAM 5269/7620MB (lfb 17x4MB) SWAP 3124/12002MB (cached 48MB) CPU [0%@1728,0%@1728,0%@1728,0%@1728,0%@1728,0%@1728] GR3D_FREQ 99% cpu@71.343C soc2@70.343C soc0@70.656C gpu@73.875C tj@73.875C soc1@71.093C VDD_IN 19595mW/18414mW VDD_CPU_GPU_CV 8413mW/7772mW VDD_SOC 4951mW/4716mW
08-05-2026 04:37:20 RAM 5269/7620MB (lfb 17x4MB) SWAP 3124/12002MB (cached 48MB) CPU [9%@1728,0%@1728,0%@1728,0%@1728,0%@1728,0%@1728] GR3D_FREQ 99% cpu@71.312C soc2@70.343C soc0@70.718C gpu@73.468C tj@73.468C soc1@71.281C VDD_IN 19595mW/18442mW VDD_CPU_GPU_CV 8413mW/7788mW VDD_SOC 4951mW/4722mW
08-05-2026 04:37:20 RAM 5269/7620MB (lfb 17x4MB) SWAP 3124/12002MB (cached 48MB) CPU [0%@1728,0%@1728,8%@1728,0%@1728,0%@1728,0%@1728] GR3D_FREQ 99% cpu@71.593C soc2@70.406C soc0@70.593C gpu@73.531C tj@73.531C soc1@71C VDD_IN 19595mW/18469mW VDD_CPU_GPU_CV 8413mW/7802mW VDD_SOC 4951mW/4727mW
08-05-2026 04:37:20 RAM 5269/7620MB (lfb 17x4MB) SWAP 3124/12002MB (cached 48MB) CPU [0%@1728,0%@1728,0%@1728,0%@1728,0%@1728,0%@1728] GR3D_FREQ 99% cpu@71.312C soc2@70.218C soc0@70.625C gpu@73.656C tj@73.656C soc1@71.062C VDD_IN 19393mW/18490mW VDD_CPU_GPU_CV 8293mW/7813mW VDD_SOC 4911mW/4731mW
08-05-2026 04:37:20 RAM 5269/7620MB (lfb 17x4MB) SWAP 3124/12002MB (cached 48MB) CPU [0%@1728,0%@1728,0%@1728,0%@1728,0%@1728,0%@1728] GR3D_FREQ 99% cpu@71.343C soc2@70.312C soc0@70.781C gpu@73.531C tj@73.531C soc1@71.125C VDD_IN 19313mW/18508mW VDD_CPU_GPU_CV 8293mW/7824mW VDD_SOC 4870mW/4734mW
08-05-2026 04:37:20 RAM 5269/7620MB (lfb 17x4MB) SWAP 3124/12002MB (cached 48MB) CPU [0%@1728,0%@1728,0%@1728,0%@1728,10%@1728,0%@1728] GR3D_FREQ 99% cpu@71.312C soc2@70.312C soc0@70.718C gpu@73.187C tj@73.187C soc1@71.218C VDD_IN 19313mW/18526mW VDD_CPU_GPU_CV 8293mW/7834mW VDD_SOC 4870mW/4737mW
08-05-2026 04:37:20 RAM 5269/7620MB (lfb 17x4MB) SWAP 3124/12002MB (cached 48MB) CPU [0%@1728,0%@1728,9%@1728,0%@1728,0%@1728,0%@1728] GR3D_FREQ 99% cpu@71.468C soc2@70.437C soc0@70.75C gpu@73.562C tj@73.562C soc1@71.062C VDD_IN 19555mW/18548mW VDD_CPU_GPU_CV 8413mW/7846mW VDD_SOC 4951mW/4742mW
08-05-2026 04:37:20 RAM 5269/7620MB (lfb 17x4MB) SWAP 3124/12002MB (cached 48MB) CPU [9%@1728,0%@1728,9%@1728,0%@1728,0%@1728,0%@1728] GR3D_FREQ 99% cpu@71.406C soc2@70.343C soc0@70.687C gpu@73.406C tj@73.406C soc1@71.062C VDD_IN 19635mW/18570mW VDD_CPU_GPU_CV 8453mW/7859mW VDD_SOC 4951mW/4746mW
08-05-2026 04:37:21 RAM 5269/7620MB (lfb 17x4MB) SWAP 3124/12002MB (cached 48MB) CPU [0%@1728,0%@1728,8%@1728,20%@1728,0%@1728,0%@1728] GR3D_FREQ 99% cpu@71.375C soc2@70.343C soc0@70.781C gpu@73.531C tj@73.531C soc1@71.218C VDD_IN 19595mW/18591mW VDD_CPU_GPU_CV 8453mW/7871mW VDD_SOC 4951mW/4750mW
08-05-2026 04:37:21 RAM 5269/7620MB (lfb 17x4MB) SWAP 3124/12002MB (cached 48MB) CPU [0%@1728,0%@1728,9%@1728,8%@1728,0%@1728,0%@1728] GR3D_FREQ 99% cpu@71.375C soc2@70.406C soc0@70.781C gpu@73.312C tj@73.312C soc1@71.25C VDD_IN 19393mW/18607mW VDD_CPU_GPU_CV 8333mW/7880mW VDD_SOC 4911mW/4754mW
08-05-2026 04:37:21 RAM 5269/7620MB (lfb 17x4MB) SWAP 3124/12002MB (cached 48MB) CPU [0%@1728,0%@1728,0%@1728,0%@1728,0%@1728,0%@1728] GR3D_FREQ 99% cpu@71.468C soc2@70.406C soc0@70.843C gpu@73.562C tj@73.562C soc1@71.312C VDD_IN 19272mW/18620mW VDD_CPU_GPU_CV 8293mW/7889mW VDD_SOC 4870mW/4756mW
08-05-2026 04:37:21 RAM 5269/7620MB (lfb 17x4MB) SWAP 3124/12002MB (cached 48MB) CPU [0%@1728,0%@1728,0%@1728,0%@1728,0%@1728,0%@1728] GR3D_FREQ 99% cpu@71.531C soc2@70.343C soc0@70.718C gpu@73.437C tj@73.437C soc1@71.187C VDD_IN 19232mW/18632mW VDD_CPU_GPU_CV 8253mW/7896mW VDD_SOC 4870mW/4758mW
08-05-2026 04:37:21 RAM 5269/7620MB (lfb 17x4MB) SWAP 3124/12002MB (cached 48MB) CPU [0%@1728,0%@1728,0%@1728,0%@1728,0%@1728,10%@1728] GR3D_FREQ 96% cpu@71.406C soc2@70.343C soc0@70.781C gpu@73.562C tj@73.562C soc1@71.156C VDD_IN 19514mW/18649mW VDD_CPU_GPU_CV 8373mW/7905mW VDD_SOC 4911mW/4761mW
08-05-2026 04:37:21 RAM 5269/7620MB (lfb 17x4MB) SWAP 3124/12002MB (cached 48MB) CPU [9%@1728,9%@1728,0%@1728,0%@1728,0%@1728,0%@1728] GR3D_FREQ 99% cpu@71.406C soc2@70.375C soc0@70.781C gpu@73.531C tj@73.531C soc1@71.156C VDD_IN 19595mW/18666mW VDD_CPU_GPU_CV 8413mW/7914mW VDD_SOC 4951mW/4764mW
08-05-2026 04:37:21 RAM 5269/7620MB (lfb 17x4MB) SWAP 3124/12002MB (cached 48MB) CPU [0%@1728,0%@1728,0%@1728,0%@1728,0%@1728,0%@1728] GR3D_FREQ 99% cpu@71.5C soc2@70.406C soc0@70.781C gpu@73.843C tj@73.843C soc1@71.312C VDD_IN 19595mW/18683mW VDD_CPU_GPU_CV 8453mW/7924mW VDD_SOC 4951mW/4768mW
08-05-2026 04:37:21 RAM 5269/7620MB (lfb 17x4MB) SWAP 3124/12002MB (cached 48MB) CPU [0%@1728,0%@1728,0%@1728,0%@1728,0%@1728,0%@1728] GR3D_FREQ 99% cpu@71.562C soc2@70.437C soc0@70.875C gpu@73.437C tj@73.437C soc1@71.062C VDD_IN 19474mW/18697mW VDD_CPU_GPU_CV 8373mW/7932mW VDD_SOC 4951mW/4771mW
08-05-2026 04:37:21 RAM 5269/7620MB (lfb 17x4MB) SWAP 3124/12002MB (cached 48MB) CPU [0%@1728,0%@1728,0%@1728,0%@1728,0%@1728,0%@1728] GR3D_FREQ 99% cpu@71.562C soc2@70.343C soc0@70.781C gpu@73.437C tj@73.437C soc1@71.218C VDD_IN 19353mW/18709mW VDD_CPU_GPU_CV 8333mW/7939mW VDD_SOC 4870mW/4773mW
08-05-2026 04:37:22 RAM 5269/7620MB (lfb 17x4MB) SWAP 3124/12002MB (cached 48MB) CPU [0%@1728,0%@1728,0%@1728,18%@1728,0%@1728,0%@1728] GR3D_FREQ 99% cpu@71.5C soc2@70.343C soc0@70.75C gpu@73.468C tj@73.468C soc1@71.25C VDD_IN 19313mW/18719mW VDD_CPU_GPU_CV 8293mW/7945mW VDD_SOC 4870mW/4775mW
08-05-2026 04:37:22 RAM 5269/7620MB (lfb 17x4MB) SWAP 3124/12002MB (cached 48MB) CPU [0%@1728,0%@1728,0%@1728,0%@1728,0%@1728,0%@1728] GR3D_FREQ 99% cpu@71.468C soc2@70.468C soc0@70.843C gpu@73.531C tj@73.531C soc1@71.437C VDD_IN 19393mW/18730mW VDD_CPU_GPU_CV 8333mW/7951mW VDD_SOC 4870mW/4776mW
08-05-2026 04:37:22 RAM 5269/7620MB (lfb 17x4MB) SWAP 3124/12002MB (cached 48MB) CPU [0%@1728,0%@1728,0%@1728,0%@1728,0%@1728,0%@1728] GR3D_FREQ 99% cpu@71.531C soc2@70.531C soc0@70.906C gpu@73.531C tj@73.531C soc1@71.375C VDD_IN 19595mW/18745mW VDD_CPU_GPU_CV 8413mW/7959mW VDD_SOC 4951mW/4779mW
08-05-2026 04:37:22 RAM 5269/7620MB (lfb 17x4MB) SWAP 3124/12002MB (cached 48MB) CPU [0%@1728,8%@1728,0%@1728,8%@1728,0%@1728,10%@1728] GR3D_FREQ 99% cpu@71.687C soc2@70.531C soc0@70.75C gpu@73.843C tj@73.843C soc1@71.25C VDD_IN 19595mW/18759mW VDD_CPU_GPU_CV 8453mW/7967mW VDD_SOC 4951mW/4782mW
08-05-2026 04:37:22 RAM 5269/7620MB (lfb 17x4MB) SWAP 3124/12002MB (cached 48MB) CPU [0%@1728,0%@1728,0%@1728,0%@1728,0%@1728,0%@1728] GR3D_FREQ 99% cpu@71.5C soc2@70.437C soc0@70.781C gpu@73.5C tj@73.5C soc1@71.281C VDD_IN 19474mW/18770mW VDD_CPU_GPU_CV 8373mW/7974mW VDD_SOC 4951mW/4785mW
08-05-2026 04:37:22 RAM 5269/7620MB (lfb 17x4MB) SWAP 3124/12002MB (cached 48MB) CPU [0%@1728,0%@1728,0%@1728,0%@1728,0%@1728,0%@1728] GR3D_FREQ 99% cpu@71.593C soc2@70.406C soc0@70.937C gpu@73.687C tj@73.687C soc1@71.312C VDD_IN 19313mW/18779mW VDD_CPU_GPU_CV 8333mW/7980mW VDD_SOC 4911mW/4787mW
08-05-2026 04:37:22 RAM 5269/7620MB (lfb 17x4MB) SWAP 3124/12002MB (cached 48MB) CPU [0%@1728,0%@1728,0%@1728,0%@1728,0%@1728,0%@1728] GR3D_FREQ 99% cpu@71.468C soc2@70.468C soc0@70.843C gpu@73.656C tj@73.656C soc1@71.312C VDD_IN 19313mW/18787mW VDD_CPU_GPU_CV 8293mW/7984mW VDD_SOC 4870mW/4788mW
08-05-2026 04:37:22 RAM 5271/7620MB (lfb 17x4MB) SWAP 3124/12002MB (cached 48MB) CPU [9%@1728,9%@1728,11%@1728,0%@1728,0%@1728,0%@1728] GR3D_FREQ 99% cpu@71.75C soc2@70.562C soc0@71.031C gpu@73.531C tj@73.531C soc1@71.218C VDD_IN 19434mW/18797mW VDD_CPU_GPU_CV 8373mW/7990mW VDD_SOC 4911mW/4790mW
08-05-2026 04:37:22 RAM 5271/7620MB (lfb 17x4MB) SWAP 3124/12002MB (cached 48MB) CPU [0%@1728,0%@1728,9%@1728,0%@1728,0%@1728,0%@1728] GR3D_FREQ 99% cpu@71.75C soc2@70.562C soc0@70.812C gpu@73.968C tj@73.968C soc1@71.281C VDD_IN 19635mW/18810mW VDD_CPU_GPU_CV 8453mW/7997mW VDD_SOC 4951mW/4792mW
08-05-2026 04:37:22 RAM 5271/7620MB (lfb 17x4MB) SWAP 3124/12002MB (cached 48MB) CPU [9%@1728,0%@1728,9%@1728,9%@1728,0%@1728,0%@1728] GR3D_FREQ 99% cpu@71.625C soc2@70.437C soc0@70.906C gpu@73.656C tj@73.656C soc1@71.343C VDD_IN 19676mW/18823mW VDD_CPU_GPU_CV 8453mW/8004mW VDD_SOC 4951mW/4795mW
08-05-2026 04:37:23 RAM 5271/7620MB (lfb 17x4MB) SWAP 3124/12002MB (cached 48MB) CPU [9%@1728,9%@1728,0%@1728,10%@1728,18%@1728,9%@1728] GR3D_FREQ 99% cpu@71.781C soc2@70.531C soc0@70.875C gpu@73.625C tj@73.625C soc1@71.406C VDD_IN 19514mW/18833mW VDD_CPU_GPU_CV 8413mW/8010mW VDD_SOC 4951mW/4797mW
08-05-2026 04:37:23 RAM 5271/7620MB (lfb 17x4MB) SWAP 3124/12002MB (cached 48MB) CPU [8%@1728,0%@1728,0%@1728,8%@1728,0%@1728,0%@1728] GR3D_FREQ 99% cpu@71.625C soc2@70.5C soc0@71.031C gpu@73.718C tj@73.718C soc1@71.531C VDD_IN 19353mW/18841mW VDD_CPU_GPU_CV 8333mW/8015mW VDD_SOC 4911mW/4799mW
08-05-2026 04:37:23 RAM 5271/7620MB (lfb 17x4MB) SWAP 3124/12002MB (cached 48MB) CPU [0%@1728,0%@1728,0%@1728,9%@1728,0%@1728,0%@1728] GR3D_FREQ 99% cpu@71.687C soc2@70.593C soc0@70.843C gpu@73.718C tj@73.718C soc1@71.218C VDD_IN 19313mW/18847mW VDD_CPU_GPU_CV 8293mW/8019mW VDD_SOC 4870mW/4800mW
08-05-2026 04:37:23 RAM 5271/7620MB (lfb 17x4MB) SWAP 3124/12002MB (cached 48MB) CPU [0%@1728,0%@1728,0%@1728,0%@1728,0%@1728,0%@1728] GR3D_FREQ 99% cpu@71.562C soc2@70.468C soc0@70.843C gpu@73.562C tj@73.562C soc1@71.343C VDD_IN 19353mW/18854mW VDD_CPU_GPU_CV 8293mW/8023mW VDD_SOC 4870mW/4801mW
08-05-2026 04:37:23 RAM 5271/7620MB (lfb 17x4MB) SWAP 3124/12002MB (cached 48MB) CPU [0%@1728,0%@1728,9%@1728,0%@1728,0%@1728,0%@1728] GR3D_FREQ 99% cpu@71.687C soc2@70.593C soc0@70.937C gpu@73.906C tj@73.906C soc1@71.406C VDD_IN 19555mW/18864mW VDD_CPU_GPU_CV 8413mW/8028mW VDD_SOC 4951mW/4803mW
08-05-2026 04:37:23 RAM 5271/7620MB (lfb 17x4MB) SWAP 3124/12002MB (cached 48MB) CPU [0%@1728,0%@1728,0%@1728,0%@1728,0%@1728,0%@1728] GR3D_FREQ 99% cpu@71.687C soc2@70.562C soc0@70.937C gpu@73.812C tj@73.812C soc1@71.5C VDD_IN 19595mW/18874mW VDD_CPU_GPU_CV 8413mW/8033mW VDD_SOC 4951mW/4805mW
08-05-2026 04:37:23 RAM 5271/7620MB (lfb 17x4MB) SWAP 3124/12002MB (cached 48MB) CPU [0%@1728,0%@1728,0%@1728,0%@1728,0%@1728,0%@1728] GR3D_FREQ 99% cpu@71.687C soc2@70.593C soc0@71.031C gpu@74.093C tj@74.093C soc1@71.406C VDD_IN 19595mW/18884mW VDD_CPU_GPU_CV 8453mW/8039mW VDD_SOC 4951mW/4807mW
08-05-2026 04:37:23 RAM 5271/7620MB (lfb 17x4MB) SWAP 3124/12002MB (cached 48MB) CPU [0%@1728,8%@1728,0%@1728,0%@1728,10%@1728,0%@1728] GR3D_FREQ 99% cpu@71.875C soc2@70.562C soc0@70.906C gpu@73.593C tj@73.593C soc1@71.406C VDD_IN 19393mW/18891mW VDD_CPU_GPU_CV 8333mW/8043mW VDD_SOC 4911mW/4808mW
08-05-2026 04:37:23 RAM 5271/7620MB (lfb 17x4MB) SWAP 3124/12002MB (cached 48MB) CPU [0%@1728,9%@1728,0%@1728,0%@1728,0%@1728,0%@1728] GR3D_FREQ 99% cpu@71.718C soc2@70.5C soc0@70.875C gpu@73.875C tj@73.875C soc1@71.437C VDD_IN 19353mW/18897mW VDD_CPU_GPU_CV 8333mW/8047mW VDD_SOC 4870mW/4809mW
08-05-2026 04:37:24 RAM 5271/7620MB (lfb 17x4MB) SWAP 3124/12002MB (cached 48MB) CPU [0%@1728,9%@1728,0%@1728,10%@1728,0%@1728,0%@1728] GR3D_FREQ 99% cpu@71.781C soc2@70.562C soc0@70.968C gpu@73.718C tj@73.718C soc1@71.531C VDD_IN 19313mW/18902mW VDD_CPU_GPU_CV 8293mW/8050mW VDD_SOC 4870mW/4810mW
08-05-2026 04:37:24 RAM 5271/7620MB (lfb 17x4MB) SWAP 3124/12002MB (cached 48MB) CPU [0%@1728,0%@1728,0%@1728,9%@1728,0%@1728,0%@1728] GR3D_FREQ 99% cpu@71.75C soc2@70.656C soc0@71.156C gpu@73.843C tj@73.843C soc1@71.531C VDD_IN 19514mW/18910mW VDD_CPU_GPU_CV 8373mW/8054mW VDD_SOC 4911mW/4811mW
08-05-2026 04:37:24 RAM 5271/7620MB (lfb 17x4MB) SWAP 3124/12002MB (cached 48MB) CPU [0%@1728,0%@1728,0%@1728,0%@1728,0%@1728,0%@1728] GR3D_FREQ 99% cpu@71.812C soc2@70.687C soc0@71.218C gpu@73.781C tj@73.781C soc1@71.343C VDD_IN 19555mW/18918mW VDD_CPU_GPU_CV 8413mW/8059mW VDD_SOC 4951mW/4813mW
08-05-2026 04:37:24 RAM 5271/7620MB (lfb 17x4MB) SWAP 3124/12002MB (cached 48MB) CPU [0%@1728,0%@1728,0%@1728,8%@1728,0%@1728,0%@1728] GR3D_FREQ 99% cpu@71.718C soc2@70.625C soc0@71C gpu@74.125C tj@74.125C soc1@71.468C VDD_IN 19555mW/18926mW VDD_CPU_GPU_CV 8453mW/8064mW VDD_SOC 4911mW/4814mW
08-05-2026 04:37:24 RAM 5271/7620MB (lfb 17x4MB) SWAP 3124/12002MB (cached 48MB) CPU [0%@1728,0%@1728,9%@1728,0%@1728,0%@1728,0%@1728] GR3D_FREQ 99% cpu@71.812C soc2@70.625C soc0@71.031C gpu@73.593C tj@73.593C soc1@71.531C VDD_IN 19393mW/18932mW VDD_CPU_GPU_CV 8333mW/8067mW VDD_SOC 4911mW/4815mW
08-05-2026 04:37:24 RAM 5271/7620MB (lfb 17x4MB) SWAP 3124/12002MB (cached 48MB) CPU [0%@1728,0%@1728,0%@1728,0%@1728,18%@1728,0%@1728] GR3D_FREQ 99% cpu@71.812C soc2@70.593C soc0@71.031C gpu@74.187C tj@74.187C soc1@71.625C VDD_IN 19313mW/18937mW VDD_CPU_GPU_CV 8293mW/8070mW VDD_SOC 4870mW/4816mW
08-05-2026 04:37:24 RAM 5271/7620MB (lfb 17x4MB) SWAP 3124/12002MB (cached 48MB) CPU [0%@1728,0%@1728,0%@1728,0%@1728,0%@1728,0%@1728] GR3D_FREQ 99% cpu@71.812C soc2@70.718C soc0@71.25C gpu@73.781C tj@73.781C soc1@71.781C VDD_IN 19272mW/18941mW VDD_CPU_GPU_CV 8293mW/8072mW VDD_SOC 4870mW/4817mW
08-05-2026 04:37:24 RAM 5271/7620MB (lfb 17x4MB) SWAP 3124/12002MB (cached 48MB) CPU [0%@1728,0%@1728,0%@1728,0%@1728,0%@1728,0%@1728] GR3D_FREQ 99% cpu@71.875C soc2@70.687C soc0@71C gpu@73.812C tj@73.812C soc1@71.406C VDD_IN 19474mW/18947mW VDD_CPU_GPU_CV 8373mW/8076mW VDD_SOC 4911mW/4818mW
08-05-2026 04:37:24 RAM 5271/7620MB (lfb 17x4MB) SWAP 3124/12002MB (cached 48MB) CPU [9%@1728,0%@1728,0%@1728,0%@1728,0%@1728,0%@1728] GR3D_FREQ 99% cpu@71.718C soc2@70.75C soc0@71C gpu@74.062C tj@74.062C soc1@71.531C VDD_IN 19595mW/18955mW VDD_CPU_GPU_CV 8413mW/8080mW VDD_SOC 4991mW/4820mW
08-05-2026 04:37:24 RAM 5271/7620MB (lfb 17x4MB) SWAP 3124/12002MB (cached 48MB) CPU [0%@1728,0%@1728,0%@1728,0%@1728,0%@1728,0%@1728] GR3D_FREQ 99% cpu@71.812C soc2@70.687C soc0@71.218C gpu@74.062C tj@74.062C soc1@71.531C VDD_IN 19595mW/18962mW VDD_CPU_GPU_CV 8453mW/8084mW VDD_SOC 4951mW/4821mW
08-05-2026 04:37:25 RAM 5271/7620MB (lfb 17x4MB) SWAP 3124/12002MB (cached 48MB) CPU [0%@1728,0%@1728,0%@1728,16%@1728,0%@1728,8%@1728] GR3D_FREQ 99% cpu@71.875C soc2@70.812C soc0@71.125C gpu@73.687C tj@73.687C soc1@71.687C VDD_IN 19434mW/18967mW VDD_CPU_GPU_CV 8333mW/8087mW VDD_SOC 4911mW/4822mW
08-05-2026 04:37:25 RAM 5271/7620MB (lfb 17x4MB) SWAP 3124/12002MB (cached 48MB) CPU [0%@1728,0%@1728,0%@1728,0%@1728,0%@1728,0%@1728] GR3D_FREQ 99% cpu@71.906C soc2@70.75C soc0@71C gpu@74C tj@74C soc1@71.531C VDD_IN 19313mW/18971mW VDD_CPU_GPU_CV 8293mW/8089mW VDD_SOC 4870mW/4823mW
08-05-2026 04:37:25 RAM 5271/7620MB (lfb 17x4MB) SWAP 3124/12002MB (cached 48MB) CPU [0%@1728,0%@1728,0%@1728,0%@1728,10%@1728,0%@1728] GR3D_FREQ 99% cpu@71.968C soc2@70.593C soc0@71.093C gpu@73.75C tj@73.75C soc1@71.5C VDD_IN 19272mW/18975mW VDD_CPU_GPU_CV 8253mW/8091mW VDD_SOC 4870mW/4823mW
08-05-2026 04:37:25 RAM 5271/7620MB (lfb 17x4MB) SWAP 3124/12002MB (cached 48MB) CPU [0%@1728,0%@1728,0%@1728,0%@1728,0%@1728,0%@1728] GR3D_FREQ 99% cpu@71.812C soc2@70.718C soc0@71.093C gpu@73.812C tj@73.812C soc1@71.593C VDD_IN 19474mW/18980mW VDD_CPU_GPU_CV 8373mW/8094mW VDD_SOC 4911mW/4824mW
08-05-2026 04:37:25 RAM 5271/7620MB (lfb 17x4MB) SWAP 3124/12002MB (cached 48MB) CPU [0%@1728,0%@1728,0%@1728,0%@1728,0%@1728,0%@1728] GR3D_FREQ 99% cpu@71.843C soc2@70.843C soc0@71.156C gpu@74.031C tj@74.031C soc1@71.687C VDD_IN 19595mW/18987mW VDD_CPU_GPU_CV 8413mW/8098mW VDD_SOC 4951mW/4826mW
08-05-2026 04:37:25 RAM 5271/7620MB (lfb 17x4MB) SWAP 3124/12002MB (cached 48MB) CPU [0%@1728,9%@1728,0%@1728,0%@1728,0%@1728,0%@1728] GR3D_FREQ 99% cpu@71.875C soc2@70.843C soc0@71.343C gpu@74.062C tj@74.062C soc1@71.781C VDD_IN 19635mW/18994mW VDD_CPU_GPU_CV 8453mW/8102mW VDD_SOC 4951mW/4827mW
08-05-2026 04:37:25 RAM 5271/7620MB (lfb 17x4MB) SWAP 3124/12002MB (cached 48MB) CPU [0%@1728,16%@1728,0%@1728,0%@1728,0%@1728,0%@1728] GR3D_FREQ 99% cpu@72C soc2@70.718C soc0@71.062C gpu@74.156C tj@74.156C soc1@71.5C VDD_IN 19555mW/19000mW VDD_CPU_GPU_CV 8413mW/8105mW VDD_SOC 4951mW/4828mW
08-05-2026 04:37:25 RAM 5271/7620MB (lfb 17x4MB) SWAP 3124/12002MB (cached 48MB) CPU [0%@1728,0%@1728,0%@1728,0%@1728,0%@1728,0%@1728] GR3D_FREQ 99% cpu@71.75C soc2@70.718C soc0@71.062C gpu@73.875C tj@73.875C soc1@71.531C VDD_IN 19353mW/19004mW VDD_CPU_GPU_CV 8333mW/8108mW VDD_SOC 4911mW/4829mW
08-05-2026 04:37:25 RAM 5271/7620MB (lfb 17x4MB) SWAP 3124/12002MB (cached 48MB) CPU [0%@1728,9%@1728,0%@1728,0%@1728,0%@1728,0%@1728] GR3D_FREQ 99% cpu@71.781C soc2@70.656C soc0@71.218C gpu@74.125C tj@74.125C soc1@71.656C VDD_IN 19353mW/19008mW VDD_CPU_GPU_CV 8333mW/8110mW VDD_SOC 4870mW/4830mW
08-05-2026 04:37:25 RAM 5277/7620MB (lfb 18x4MB) SWAP 3124/12002MB (cached 48MB) CPU [10%@1728,10%@1728,16%@1728,11%@1728,10%@1728,0%@1728] GR3D_FREQ 97% cpu@72.031C soc2@70.812C soc0@71.25C gpu@74.062C tj@74.062C soc1@71.718C VDD_IN 19514mW/19013mW VDD_CPU_GPU_CV 8453mW/8114mW VDD_SOC 4911mW/4831mW
08-05-2026 04:37:26 RAM 5277/7620MB (lfb 18x4MB) SWAP 3124/12002MB (cached 48MB) CPU [0%@1728,0%@1728,0%@1728,23%@1728,0%@1728,0%@1728] GR3D_FREQ 99% cpu@71.968C soc2@70.75C soc0@71C gpu@74.093C tj@74.093C soc1@71.468C VDD_IN 19716mW/19020mW VDD_CPU_GPU_CV 8493mW/8117mW VDD_SOC 4951mW/4832mW
08-05-2026 04:37:26 RAM 5277/7620MB (lfb 18x4MB) SWAP 3124/12002MB (cached 48MB) CPU [0%@1728,0%@1728,0%@1728,0%@1728,0%@1728,0%@1728] GR3D_FREQ 99% cpu@71.968C soc2@70.812C soc0@71.093C gpu@74C tj@74C soc1@71.562C VDD_IN 19676mW/19027mW VDD_CPU_GPU_CV 8453mW/8121mW VDD_SOC 4951mW/4833mW
08-05-2026 04:37:26 RAM 5277/7620MB (lfb 18x4MB) SWAP 3124/12002MB (cached 48MB) CPU [0%@1728,0%@1728,9%@1728,80%@1728,0%@1728,0%@1728] GR3D_FREQ 99% cpu@72.156C soc2@70.781C soc0@71.093C gpu@74.156C tj@74.156C soc1@71.625C VDD_IN 19676mW/19033mW VDD_CPU_GPU_CV 8533mW/8125mW VDD_SOC 4951mW/4834mW
08-05-2026 04:37:26 RAM 5277/7620MB (lfb 18x4MB) SWAP 3124/12002MB (cached 48MB) CPU [0%@1728,0%@1728,0%@1728,0%@1728,0%@1728,0%@1728] GR3D_FREQ 99% cpu@71.875C soc2@70.812C soc0@71.125C gpu@73.906C tj@73.906C soc1@71.718C VDD_IN 19514mW/19038mW VDD_CPU_GPU_CV 8413mW/8128mW VDD_SOC 4911mW/4835mW
08-05-2026 04:37:26 RAM 5277/7620MB (lfb 18x4MB) SWAP 3124/12002MB (cached 48MB) CPU [0%@1728,0%@1728,9%@1728,0%@1728,0%@1728,0%@1728] GR3D_FREQ 99% cpu@71.906C soc2@70.843C soc0@71.343C gpu@74C tj@74C soc1@71.562C VDD_IN 19474mW/19042mW VDD_CPU_GPU_CV 8413mW/8131mW VDD_SOC 4911mW/4836mW
08-05-2026 04:37:26 RAM 5277/7620MB (lfb 18x4MB) SWAP 3124/12002MB (cached 48MB) CPU [0%@1728,0%@1728,0%@1728,0%@1728,0%@1728,0%@1728] GR3D_FREQ 99% cpu@71.937C soc2@70.75C soc0@70.968C gpu@74C tj@74C soc1@71.5C VDD_IN 19393mW/19046mW VDD_CPU_GPU_CV 8333mW/8133mW VDD_SOC 4870mW/4836mW
08-05-2026 04:37:26 RAM 5277/7620MB (lfb 18x4MB) SWAP 3124/12002MB (cached 48MB) CPU [0%@1728,0%@1728,0%@1728,0%@1728,18%@1728,0%@1728] GR3D_FREQ 99% cpu@71.875C soc2@70.75C soc0@71.093C gpu@74.031C tj@74.031C soc1@71.5C VDD_IN 19676mW/19052mW VDD_CPU_GPU_CV 8493mW/8136mW VDD_SOC 4951mW/4837mW
08-05-2026 04:37:26 RAM 5277/7620MB (lfb 18x4MB) SWAP 3124/12002MB (cached 48MB) CPU [8%@1728,0%@1728,0%@1728,0%@1728,0%@1728,0%@1728] GR3D_FREQ 99% cpu@71.906C soc2@70.781C soc0@71.187C gpu@74C tj@74C soc1@71.562C VDD_IN 19716mW/19058mW VDD_CPU_GPU_CV 8493mW/8140mW VDD_SOC 4991mW/4839mW
08-05-2026 04:37:26 RAM 5277/7620MB (lfb 18x4MB) SWAP 3124/12002MB (cached 48MB) CPU [9%@1728,0%@1728,0%@1728,0%@1728,0%@1728,0%@1728] GR3D_FREQ 99% cpu@72.062C soc2@70.843C soc0@71.25C gpu@74.343C tj@74.343C soc1@71.781C VDD_IN 19676mW/19064mW VDD_CPU_GPU_CV 8493mW/8143mW VDD_SOC 4951mW/4840mW
08-05-2026 04:37:27 RAM 5277/7620MB (lfb 18x4MB) SWAP 3124/12002MB (cached 48MB) CPU [0%@1728,8%@1728,0%@1728,10%@1728,0%@1728,0%@1728] GR3D_FREQ 99% cpu@72C soc2@70.75C soc0@71.031C gpu@73.656C tj@73.656C soc1@71.562C VDD_IN 19393mW/19067mW VDD_CPU_GPU_CV 8333mW/8145mW VDD_SOC 4911mW/4840mW
08-05-2026 04:37:27 RAM 5277/7620MB (lfb 18x4MB) SWAP 3124/12002MB (cached 48MB) CPU [0%@1728,0%@1728,0%@1728,0%@1728,0%@1728,0%@1728] GR3D_FREQ 99% cpu@71.875C soc2@70.718C soc0@71.093C gpu@74C tj@74C soc1@71.531C VDD_IN 19353mW/19070mW VDD_CPU_GPU_CV 8333mW/8147mW VDD_SOC 4870mW/4841mW
08-05-2026 04:37:27 RAM 5277/7620MB (lfb 18x4MB) SWAP 3124/12002MB (cached 48MB) CPU [0%@1728,0%@1728,0%@1728,0%@1728,0%@1728,0%@1728] GR3D_FREQ 99% cpu@71.687C soc2@70.718C soc0@71.125C gpu@73.875C tj@73.875C soc1@71.625C VDD_IN 19272mW/19072mW VDD_CPU_GPU_CV 8293mW/8148mW VDD_SOC 4870mW/4841mW
08-05-2026 04:37:27 RAM 5277/7620MB (lfb 18x4MB) SWAP 3124/12002MB (cached 48MB) CPU [0%@1728,0%@1728,0%@1728,0%@1728,0%@1728,0%@1728] GR3D_FREQ 99% cpu@71.937C soc2@70.718C soc0@71.187C gpu@74C tj@74C soc1@71.781C VDD_IN 19474mW/19076mW VDD_CPU_GPU_CV 8413mW/8150mW VDD_SOC 4911mW/4842mW
08-05-2026 04:37:27 RAM 5277/7620MB (lfb 18x4MB) SWAP 3124/12002MB (cached 48MB) CPU [0%@1728,0%@1728,0%@1728,0%@1728,0%@1728,0%@1728] GR3D_FREQ 99% cpu@71.968C soc2@70.906C soc0@71.093C gpu@74.281C tj@74.281C soc1@71.468C VDD_IN 19595mW/19080mW VDD_CPU_GPU_CV 8413mW/8153mW VDD_SOC 4951mW/4843mW
08-05-2026 04:37:27 RAM 5277/7620MB (lfb 18x4MB) SWAP 3124/12002MB (cached 48MB) CPU [0%@1728,8%@1728,8%@1728,0%@1728,18%@1728,0%@1728] GR3D_FREQ 99% cpu@71.968C soc2@70.75C soc0@71.062C gpu@74.281C tj@74.281C soc1@71.531C VDD_IN 19635mW/19085mW VDD_CPU_GPU_CV 8493mW/8156mW VDD_SOC 4951mW/4844mW
08-05-2026 04:37:27 RAM 5277/7620MB (lfb 18x4MB) SWAP 3124/12002MB (cached 48MB) CPU [0%@1728,0%@1728,0%@1728,0%@1728,0%@1728,0%@1728] GR3D_FREQ 99% cpu@71.781C soc2@70.687C soc0@71.062C gpu@73.718C tj@73.718C soc1@71.562C VDD_IN 19434mW/19088mW VDD_CPU_GPU_CV 8333mW/8157mW VDD_SOC 4911mW/4844mW
08-05-2026 04:37:27 RAM 5277/7620MB (lfb 18x4MB) SWAP 3124/12002MB (cached 48MB) CPU [0%@1728,0%@1728,0%@1728,0%@1728,0%@1728,0%@1728] GR3D_FREQ 99% cpu@71.906C soc2@70.718C soc0@71.125C gpu@74.312C tj@74.312C soc1@71.625C VDD_IN 19353mW/19091mW VDD_CPU_GPU_CV 8333mW/8159mW VDD_SOC 4870mW/4844mW
08-05-2026 04:37:27 RAM 5278/7620MB (lfb 18x4MB) SWAP 3124/12002MB (cached 48MB) CPU [0%@1728,0%@1728,0%@1728,0%@1728,0%@1728,0%@1728] GR3D_FREQ 99% cpu@71.875C soc2@70.781C soc0@71.281C gpu@73.968C tj@73.968C soc1@71.75C VDD_IN 19313mW/19093mW VDD_CPU_GPU_CV 8333mW/8160mW VDD_SOC 4911mW/4845mW
08-05-2026 04:37:27 RAM 5278/7620MB (lfb 18x4MB) SWAP 3124/12002MB (cached 48MB) CPU [0%@1728,9%@1728,0%@1728,0%@1728,0%@1728,0%@1728] GR3D_FREQ 99% cpu@71.968C soc2@70.687C soc0@71.093C gpu@74.406C tj@73.937C soc1@71.5C VDD_IN 19434mW/19096mW VDD_CPU_GPU_CV 8373mW/8162mW VDD_SOC 4911mW/4846mW
08-05-2026 04:37:28 RAM 5278/7620MB (lfb 18x4MB) SWAP 3124/12002MB (cached 48MB) CPU [0%@1728,0%@1728,0%@1728,18%@1728,0%@1728,0%@1728] GR3D_FREQ 99% cpu@72.125C soc2@70.843C soc0@71.093C gpu@74.125C tj@74.125C soc1@71.531C VDD_IN 19555mW/19100mW VDD_CPU_GPU_CV 8453mW/8165mW VDD_SOC 4951mW/4846mW
08-05-2026 04:37:28 RAM 5277/7620MB (lfb 18x4MB) SWAP 3124/12002MB (cached 48MB) CPU [9%@1728,0%@1728,0%@1728,0%@1728,0%@1728,0%@1728] GR3D_FREQ 99% cpu@71.812C soc2@70.781C soc0@71.156C gpu@74.156C tj@74.156C soc1@71.593C VDD_IN 19595mW/19104mW VDD_CPU_GPU_CV 8453mW/8167mW VDD_SOC 4951mW/4847mW
08-05-2026 04:37:28 RAM 5277/7620MB (lfb 18x4MB) SWAP 3124/12002MB (cached 48MB) CPU [0%@1728,0%@1728,9%@1728,0%@1728,10%@1728,0%@1728] GR3D_FREQ 99% cpu@71.906C soc2@70.75C soc0@71.031C gpu@73.531C tj@73.531C soc1@71.718C VDD_IN 19434mW/19107mW VDD_CPU_GPU_CV 8333mW/8169mW VDD_SOC 4911mW/4848mW
08-05-2026 04:37:28 RAM 5277/7620MB (lfb 18x4MB) SWAP 3124/12002MB (cached 48MB) CPU [0%@1728,0%@1728,0%@1728,0%@1728,0%@1728,0%@1728] GR3D_FREQ 99% cpu@71.875C soc2@70.843C soc0@71C gpu@74.187C tj@74.187C soc1@71.531C VDD_IN 19313mW/19108mW VDD_CPU_GPU_CV 8333mW/8170mW VDD_SOC 4870mW/4848mW
08-05-2026 04:37:28 RAM 5277/7620MB (lfb 18x4MB) SWAP 3124/12002MB (cached 48MB) CPU [0%@1728,0%@1728,0%@1728,0%@1728,0%@1728,0%@1728] GR3D_FREQ 99% cpu@71.906C soc2@70.625C soc0@71.125C gpu@73.937C tj@73.937C soc1@71.5C VDD_IN 19313mW/19110mW VDD_CPU_GPU_CV 8293mW/8171mW VDD_SOC 4870mW/4848mW
08-05-2026 04:37:28 RAM 5277/7620MB (lfb 18x4MB) SWAP 3124/12002MB (cached 48MB) CPU [0%@1728,15%@1728,0%@1728,0%@1728,0%@1728,0%@1728] GR3D_FREQ 99% cpu@71.875C soc2@70.687C soc0@71.062C gpu@74.218C tj@74.218C soc1@71.562C VDD_IN 19434mW/19113mW VDD_CPU_GPU_CV 8333mW/8172mW VDD_SOC 4911mW/4849mW
08-05-2026 04:37:28 RAM 5277/7620MB (lfb 18x4MB) SWAP 3124/12002MB (cached 48MB) CPU [0%@1728,0%@1728,0%@1728,0%@1728,0%@1728,0%@1728] GR3D_FREQ 99% cpu@71.812C soc2@70.75C soc0@71.156C gpu@74.093C tj@74.093C soc1@71.625C VDD_IN 19676mW/19117mW VDD_CPU_GPU_CV 8453mW/8175mW VDD_SOC 4951mW/4850mW
08-05-2026 04:37:28 RAM 5277/7620MB (lfb 18x4MB) SWAP 3124/12002MB (cached 48MB) CPU [0%@1728,0%@1728,0%@1728,0%@1728,0%@1728,0%@1728] GR3D_FREQ 99% cpu@71.875C soc2@70.75C soc0@71.312C gpu@74C tj@74C soc1@71.812C VDD_IN 19635mW/19122mW VDD_CPU_GPU_CV 8413mW/8177mW VDD_SOC 4951mW/4850mW
08-05-2026 04:37:28 RAM 5277/7620MB (lfb 18x4MB) SWAP 3124/12002MB (cached 48MB) CPU [0%@1728,0%@1728,0%@1728,0%@1728,0%@1728,0%@1728] GR3D_FREQ 99% cpu@71.968C soc2@70.718C soc0@71.062C gpu@74.375C tj@74.375C soc1@71.531C VDD_IN 19555mW/19125mW VDD_CPU_GPU_CV 8453mW/8179mW VDD_SOC 4951mW/4851mW
08-05-2026 04:37:29 RAM 5275/7620MB (lfb 18x4MB) SWAP 3124/12002MB (cached 48MB) CPU [9%@1728,0%@1728,0%@1728,18%@1728,18%@1728,9%@1728] GR3D_FREQ 99% cpu@72.156C soc2@70.718C soc0@71.125C gpu@74C tj@74C soc1@71.562C VDD_IN 19272mW/19126mW VDD_CPU_GPU_CV 8293mW/8180mW VDD_SOC 4870mW/4851mW
08-05-2026 04:37:29 RAM 5275/7620MB (lfb 18x4MB) SWAP 3124/12002MB (cached 48MB) CPU [0%@1728,0%@1728,0%@1728,0%@1728,0%@1728,0%@1728] GR3D_FREQ 99% cpu@71.812C soc2@70.656C soc0@71.093C gpu@73.812C tj@73.812C soc1@71.531C VDD_IN 19313mW/19128mW VDD_CPU_GPU_CV 8293mW/8181mW VDD_SOC 4870mW/4852mW
08-05-2026 04:37:29 RAM 5276/7620MB (lfb 18x4MB) SWAP 3124/12002MB (cached 48MB) CPU [10%@1728,20%@1728,9%@1728,9%@1728,0%@1728,0%@1728] GR3D_FREQ 99% cpu@71.875C soc2@70.812C soc0@71.187C gpu@74.093C tj@74.093C soc1@71.656C VDD_IN 19434mW/19130mW VDD_CPU_GPU_CV 8373mW/8182mW VDD_SOC 4870mW/4852mW
08-05-2026 04:37:29 RAM 5274/7620MB (lfb 18x4MB) SWAP 3124/12002MB (cached 48MB) CPU [0%@1728,0%@1728,0%@1728,0%@1728,0%@1728,0%@1728] GR3D_FREQ 99% cpu@71.906C soc2@70.656C soc0@71.093C gpu@74.031C tj@74.031C soc1@71.531C VDD_IN 19635mW/19134mW VDD_CPU_GPU_CV 8453mW/8184mW VDD_SOC 4951mW/4852mW
08-05-2026 04:37:29 RAM 5274/7620MB (lfb 18x4MB) SWAP 3124/12002MB (cached 48MB) CPU [8%@1728,0%@1728,0%@1728,0%@1728,0%@1728,0%@1728] GR3D_FREQ 99% cpu@72C soc2@70.781C soc0@70.968C gpu@73.968C tj@73.968C soc1@71.562C VDD_IN 19595mW/19138mW VDD_CPU_GPU_CV 8413mW/8186mW VDD_SOC 4951mW/4853mW
08-05-2026 04:37:29 RAM 5274/7620MB (lfb 18x4MB) SWAP 3124/12002MB (cached 48MB) CPU [0%@1728,0%@1728,0%@1728,0%@1728,0%@1728,0%@1728] GR3D_FREQ 99% cpu@71.812C soc2@70.781C soc0@71.093C gpu@74.156C tj@74.156C soc1@71.562C VDD_IN 19555mW/19141mW VDD_CPU_GPU_CV 8413mW/8188mW VDD_SOC 4951mW/4854mW
08-05-2026 04:37:29 RAM 5274/7620MB (lfb 18x4MB) SWAP 3124/12002MB (cached 48MB) CPU [0%@1728,9%@1728,0%@1728,0%@1728,0%@1728,0%@1728] GR3D_FREQ 99% cpu@71.875C soc2@70.812C soc0@71.187C gpu@73.812C tj@73.812C soc1@71.531C VDD_IN 19393mW/19143mW VDD_CPU_GPU_CV 8333mW/8189mW VDD_SOC 4911mW/4854mW
08-05-2026 04:37:29 RAM 5274/7620MB (lfb 18x4MB) SWAP 3124/12002MB (cached 48MB) CPU [0%@1728,0%@1728,0%@1728,0%@1728,0%@1728,10%@1728] GR3D_FREQ 99% cpu@71.875C soc2@70.781C soc0@71.25C gpu@74.187C tj@74.187C soc1@71.468C VDD_IN 19353mW/19144mW VDD_CPU_GPU_CV 8293mW/8190mW VDD_SOC 4870mW/4855mW
08-05-2026 04:37:29 RAM 5274/7620MB (lfb 18x4MB) SWAP 3124/12002MB (cached 48MB) CPU [9%@1728,0%@1728,0%@1728,0%@1728,0%@1728,0%@1728] GR3D_FREQ 99% cpu@71.968C soc2@70.75C soc0@70.906C gpu@74C tj@74C soc1@71.437C VDD_IN 19393mW/19146mW VDD_CPU_GPU_CV 8333mW/8191mW VDD_SOC 4911mW/4855mW
08-05-2026 04:37:29 RAM 5274/7620MB (lfb 18x4MB) SWAP 3124/12002MB (cached 48MB) CPU [0%@1728,0%@1728,0%@1728,0%@1728,0%@1728,0%@1728] GR3D_FREQ 99% cpu@72.156C soc2@70.687C soc0@71.062C gpu@74.156C tj@74.156C soc1@71.531C VDD_IN 19635mW/19150mW VDD_CPU_GPU_CV 8453mW/8193mW VDD_SOC 4951mW/4856mW
08-05-2026 04:37:30 RAM 5274/7620MB (lfb 18x4MB) SWAP 3124/12002MB (cached 48MB) CPU [0%@1728,0%@1728,0%@1728,0%@1728,0%@1728,0%@1728] GR3D_FREQ 99% cpu@71.812C soc2@70.687C soc0@71.125C gpu@74.281C tj@74.281C soc1@71.562C VDD_IN 19595mW/19153mW VDD_CPU_GPU_CV 8413mW/8194mW VDD_SOC 4951mW/4856mW
08-05-2026 04:37:30 RAM 5274/7620MB (lfb 18x4MB) SWAP 3124/12002MB (cached 48MB) CPU [0%@1728,0%@1728,0%@1728,8%@1728,0%@1728,0%@1728] GR3D_FREQ 99% cpu@72C soc2@70.593C soc0@71.125C gpu@74.25C tj@74.25C soc1@71.718C VDD_IN 19514mW/19156mW VDD_CPU_GPU_CV 8413mW/8196mW VDD_SOC 4951mW/4857mW
08-05-2026 04:37:30 RAM 5275/7620MB (lfb 18x4MB) SWAP 3124/12002MB (cached 48MB) CPU [9%@1728,8%@1728,0%@1728,10%@1728,0%@1728,0%@1728] GR3D_FREQ 99% cpu@71.906C soc2@70.812C soc0@70.968C gpu@73.718C tj@73.718C soc1@71.5C VDD_IN 19313mW/19157mW VDD_CPU_GPU_CV 8333mW/8197mW VDD_SOC 4911mW/4857mW
08-05-2026 04:37:30 RAM 5270/7620MB (lfb 18x4MB) SWAP 3124/12002MB (cached 48MB) CPU [0%@1728,0%@1728,0%@1728,36%@1728,0%@1728,0%@1728] GR3D_FREQ 99% cpu@71.968C soc2@70.687C soc0@70.937C gpu@74.281C tj@74.281C soc1@71.437C VDD_IN 19313mW/19158mW VDD_CPU_GPU_CV 8333mW/8198mW VDD_SOC 4870mW/4858mW
08-05-2026 04:37:30 RAM 5270/7620MB (lfb 18x4MB) SWAP 3124/12002MB (cached 48MB) CPU [0%@1728,0%@1728,0%@1728,0%@1728,0%@1728,18%@1728] GR3D_FREQ 96% cpu@71.843C soc2@70.656C soc0@71.031C gpu@73.968C tj@73.968C soc1@71.531C VDD_IN 19393mW/19160mW VDD_CPU_GPU_CV 8373mW/8199mW VDD_SOC 4911mW/4858mW
08-05-2026 04:37:30 RAM 5270/7620MB (lfb 18x4MB) SWAP 3124/12002MB (cached 48MB) CPU [0%@1728,0%@1728,0%@1728,0%@1728,0%@1728,0%@1728] GR3D_FREQ 99% cpu@71.812C soc2@70.75C soc0@71.125C gpu@73.968C tj@73.968C soc1@71.656C VDD_IN 19635mW/19163mW VDD_CPU_GPU_CV 8453mW/8201mW VDD_SOC 4951mW/4859mW
08-05-2026 04:37:30 RAM 5270/7620MB (lfb 18x4MB) SWAP 3124/12002MB (cached 48MB) CPU [0%@1728,0%@1728,0%@1728,0%@1728,0%@1728,0%@1728] GR3D_FREQ 99% cpu@71.843C soc2@70.75C soc0@70.968C gpu@74.25C tj@74.25C soc1@71.375C VDD_IN 19595mW/19166mW VDD_CPU_GPU_CV 8453mW/8203mW VDD_SOC 4951mW/4859mW
08-05-2026 04:37:30 RAM 5270/7620MB (lfb 18x4MB) SWAP 3124/12002MB (cached 48MB) CPU [0%@1728,0%@1728,0%@1728,0%@1728,0%@1728,0%@1728] GR3D_FREQ 99% cpu@71.843C soc2@70.656C soc0@70.906C gpu@74.187C tj@74.187C soc1@71.437C VDD_IN 19555mW/19169mW VDD_CPU_GPU_CV 8453mW/8205mW VDD_SOC 4951mW/4860mW
08-05-2026 04:37:30 RAM 5270/7620MB (lfb 18x4MB) SWAP 3124/12002MB (cached 48MB) CPU [0%@1728,0%@1728,0%@1728,0%@1728,0%@1728,0%@1728] GR3D_FREQ 99% cpu@72C soc2@70.625C soc0@71.031C gpu@73.531C tj@73.531C soc1@71.531C VDD_IN 19393mW/19171mW VDD_CPU_GPU_CV 8333mW/8206mW VDD_SOC 4911mW/4860mW
08-05-2026 04:37:31 RAM 5270/7620MB (lfb 18x4MB) SWAP 3124/12002MB (cached 48MB) CPU [16%@1728,0%@1728,0%@1728,10%@1728,0%@1728,0%@1728] GR3D_FREQ 99% cpu@71.906C soc2@70.625C soc0@71.093C gpu@74.093C tj@74.093C soc1@71.5C VDD_IN 19313mW/19172mW VDD_CPU_GPU_CV 8333mW/8206mW VDD_SOC 4870mW/4860mW
08-05-2026 04:37:31 RAM 5270/7620MB (lfb 18x4MB) SWAP 3124/12002MB (cached 48MB) CPU [0%@1728,0%@1728,0%@1728,0%@1728,0%@1728,0%@1728] GR3D_FREQ 99% cpu@71.718C soc2@70.687C soc0@71C gpu@73.843C tj@73.843C soc1@71.718C VDD_IN 19272mW/19172mW VDD_CPU_GPU_CV 8293mW/8207mW VDD_SOC 4870mW/4860mW
08-05-2026 04:37:31 RAM 5270/7620MB (lfb 18x4MB) SWAP 3124/12002MB (cached 48MB) CPU [9%@1728,0%@1728,0%@1728,0%@1728,10%@1728,0%@1728] GR3D_FREQ 99% cpu@71.812C soc2@70.781C soc0@70.937C gpu@74.218C tj@74.218C soc1@71.437C VDD_IN 19595mW/19175mW VDD_CPU_GPU_CV 8413mW/8208mW VDD_SOC 4951mW/4861mW
08-05-2026 04:37:31 RAM 5270/7620MB (lfb 18x4MB) SWAP 3124/12002MB (cached 48MB) CPU [0%@1728,0%@1728,0%@1728,0%@1728,0%@1728,0%@1728] GR3D_FREQ 99% cpu@71.968C soc2@70.656C soc0@71C gpu@74.187C tj@74.187C soc1@71.562C VDD_IN 19595mW/19178mW VDD_CPU_GPU_CV 8413mW/8210mW VDD_SOC 4951mW/4862mW
08-05-2026 04:37:31 RAM 5270/7620MB (lfb 18x4MB) SWAP 3124/12002MB (cached 48MB) CPU [0%@1728,0%@1728,7%@1728,0%@1728,0%@1728,0%@1728] GR3D_FREQ 99% cpu@71.812C soc2@70.75C soc0@70.968C gpu@74.062C tj@74.062C soc1@71.531C VDD_IN 19555mW/19181mW VDD_CPU_GPU_CV 8453mW/8211mW VDD_SOC 4951mW/4862mW
08-05-2026 04:37:31 RAM 5270/7620MB (lfb 18x4MB) SWAP 3124/12002MB (cached 48MB) CPU [0%@1728,0%@1728,0%@1728,0%@1728,0%@1728,0%@1728] GR3D_FREQ 99% cpu@71.812C soc2@70.687C soc0@71.125C gpu@74.031C tj@74.031C soc1@71.531C VDD_IN 19393mW/19182mW VDD_CPU_GPU_CV 8333mW/8212mW VDD_SOC 4911mW/4863mW
08-05-2026 04:37:31 RAM 5270/7620MB (lfb 18x4MB) SWAP 3124/12002MB (cached 48MB) CPU [0%@1728,0%@1728,0%@1728,0%@1728,0%@1728,0%@1728] GR3D_FREQ 99% cpu@71.718C soc2@70.656C soc0@71.218C gpu@74.093C tj@74.093C soc1@71.5C VDD_IN 19313mW/19183mW VDD_CPU_GPU_CV 8333mW/8213mW VDD_SOC 4870mW/4863mW
08-05-2026 04:37:31 RAM 5270/7620MB (lfb 18x4MB) SWAP 3124/12002MB (cached 48MB) CPU [0%@1728,0%@1728,0%@1728,0%@1728,0%@1728,0%@1728] GR3D_FREQ 99% cpu@71.937C soc2@70.562C soc0@70.968C gpu@73.562C tj@73.562C soc1@71.531C VDD_IN 19272mW/19184mW VDD_CPU_GPU_CV 8293mW/8214mW VDD_SOC 4870mW/4863mW
08-05-2026 04:37:31 RAM 5270/7620MB (lfb 18x4MB) SWAP 3124/12002MB (cached 48MB) CPU [0%@1728,0%@1728,0%@1728,0%@1728,0%@1728,0%@1728] GR3D_FREQ 99% cpu@72C soc2@70.781C soc0@71C gpu@74.187C tj@74.187C soc1@71.5C VDD_IN 19434mW/19185mW VDD_CPU_GPU_CV 8373mW/8215mW VDD_SOC 4911mW/4863mW
08-05-2026 04:37:31 RAM 5270/7620MB (lfb 18x4MB) SWAP 3124/12002MB (cached 48MB) CPU [9%@1728,0%@1728,0%@1728,0%@1728,0%@1728,0%@1728] GR3D_FREQ 99% cpu@71.812C soc2@70.687C soc0@71.062C gpu@74.031C tj@74.031C soc1@71.625C VDD_IN 19595mW/19188mW VDD_CPU_GPU_CV 8453mW/8216mW VDD_SOC 4951mW/4864mW
08-05-2026 04:37:32 RAM 5270/7620MB (lfb 18x4MB) SWAP 3124/12002MB (cached 48MB) CPU [0%@1728,9%@1728,0%@1728,25%@1728,18%@1728,0%@1728] GR3D_FREQ 99% cpu@71.968C soc2@70.75C soc0@71.187C gpu@73.937C tj@73.937C soc1@71.656C VDD_IN 19595mW/19190mW VDD_CPU_GPU_CV 8453mW/8218mW VDD_SOC 4951mW/4864mW
08-05-2026 04:37:32 RAM 5270/7620MB (lfb 18x4MB) SWAP 3124/12002MB (cached 48MB) CPU [0%@1728,0%@1728,0%@1728,0%@1728,0%@1728,0%@1728] GR3D_FREQ 99% cpu@71.906C soc2@70.75C soc0@70.968C gpu@73.968C tj@73.968C soc1@71.5C VDD_IN 19393mW/19192mW VDD_CPU_GPU_CV 8333mW/8218mW VDD_SOC 4911mW/4864mW
08-05-2026 04:37:32 RAM 5270/7620MB (lfb 18x4MB) SWAP 3124/12002MB (cached 48MB) CPU [0%@1728,0%@1728,0%@1728,0%@1728,0%@1728,8%@1728] GR3D_FREQ 99% cpu@71.968C soc2@70.656C soc0@71.093C gpu@74.218C tj@74.218C soc1@71.468C VDD_IN 19313mW/19193mW VDD_CPU_GPU_CV 8293mW/8219mW VDD_SOC 4870mW/4864mW
08-05-2026 04:37:32 RAM 5270/7620MB (lfb 18x4MB) SWAP 3124/12002MB (cached 48MB) CPU [9%@1728,0%@1728,0%@1728,0%@1728,0%@1728,0%@1728] GR3D_FREQ 99% cpu@71.625C soc2@70.562C soc0@71.093C gpu@73.625C tj@73.625C soc1@71.531C VDD_IN 19272mW/19193mW VDD_CPU_GPU_CV 8293mW/8219mW VDD_SOC 4870mW/4864mW
08-05-2026 04:37:32 RAM 5274/7620MB (lfb 18x4MB) SWAP 3124/12002MB (cached 48MB) CPU [9%@1728,27%@1728,0%@1728,0%@1728,8%@1728,0%@1728] GR3D_FREQ 99% cpu@71.875C soc2@70.75C soc0@71.125C gpu@74.125C tj@74.125C soc1@71.625C VDD_IN 19474mW/19195mW VDD_CPU_GPU_CV 8373mW/8220mW VDD_SOC 4911mW/4865mW
08-05-2026 04:37:32 RAM 5274/7620MB (lfb 18x4MB) SWAP 3124/12002MB (cached 48MB) CPU [0%@1728,0%@1728,0%@1728,0%@1728,0%@1728,0%@1728] GR3D_FREQ 99% cpu@71.937C soc2@70.843C soc0@71.187C gpu@74.031C tj@74.031C soc1@71.5C VDD_IN 19595mW/19197mW VDD_CPU_GPU_CV 8413mW/8222mW VDD_SOC 4951mW/4865mW
08-05-2026 04:37:32 RAM 5274/7620MB (lfb 18x4MB) SWAP 3124/12002MB (cached 48MB) CPU [0%@1728,0%@1728,0%@1728,0%@1728,0%@1728,0%@1728] GR3D_FREQ 99% cpu@71.875C soc2@70.718C soc0@71C gpu@73.937C tj@73.937C soc1@71.531C VDD_IN 19555mW/19200mW VDD_CPU_GPU_CV 8453mW/8223mW VDD_SOC 4951mW/4866mW
08-05-2026 04:37:32 RAM 5274/7620MB (lfb 18x4MB) SWAP 3124/12002MB (cached 48MB) CPU [0%@1728,0%@1728,0%@1728,0%@1728,0%@1728,10%@1728] GR3D_FREQ 99% cpu@72.218C soc2@70.656C soc0@71.125C gpu@73.937C tj@73.937C soc1@71.562C VDD_IN 19434mW/19201mW VDD_CPU_GPU_CV 8333mW/8224mW VDD_SOC 4911mW/4866mW
08-05-2026 04:37:32 RAM 5274/7620MB (lfb 18x4MB) SWAP 3124/12002MB (cached 48MB) CPU [0%@1728,0%@1728,0%@1728,0%@1728,0%@1728,0%@1728] GR3D_FREQ 99% cpu@71.812C soc2@70.718C soc0@71.093C gpu@73.906C tj@73.906C soc1@71.562C VDD_IN 19353mW/19202mW VDD_CPU_GPU_CV 8333mW/8224mW VDD_SOC 4870mW/4866mW
08-05-2026 04:37:33 RAM 5274/7620MB (lfb 18x4MB) SWAP 3124/12002MB (cached 48MB) CPU [0%@1728,0%@1728,0%@1728,23%@1728,0%@1728,9%@1728] GR3D_FREQ 99% cpu@72C soc2@70.781C soc0@71.25C gpu@74.187C tj@74.187C soc1@71.781C VDD_IN 19313mW/19203mW VDD_CPU_GPU_CV 8333mW/8225mW VDD_SOC 4911mW/4866mW
08-05-2026 04:37:33 RAM 5274/7620MB (lfb 18x4MB) SWAP 3124/12002MB (cached 48MB) CPU [0%@1728,0%@1728,0%@1728,0%@1728,0%@1728,0%@1728] GR3D_FREQ 99% cpu@71.875C soc2@70.625C soc0@71.031C gpu@74.062C tj@74.062C soc1@71.5C VDD_IN 19434mW/19204mW VDD_CPU_GPU_CV 8373mW/8226mW VDD_SOC 4911mW/4867mW
08-05-2026 04:37:33 RAM 5274/7620MB (lfb 18x4MB) SWAP 3124/12002MB (cached 48MB) CPU [0%@1728,8%@1728,0%@1728,0%@1728,0%@1728,0%@1728] GR3D_FREQ 99% cpu@72.093C soc2@70.718C soc0@71.062C gpu@73.781C tj@73.781C soc1@71.562C VDD_IN 19555mW/19206mW VDD_CPU_GPU_CV 8413mW/8227mW VDD_SOC 4951mW/4867mW
08-05-2026 04:37:33 RAM 5274/7620MB (lfb 18x4MB) SWAP 3124/12002MB (cached 48MB) CPU [0%@1728,0%@1728,0%@1728,0%@1728,0%@1728,0%@1728] GR3D_FREQ 99% cpu@71.781C soc2@70.656C soc0@71.125C gpu@74.437C tj@74.437C soc1@71.531C VDD_IN 19555mW/19208mW VDD_CPU_GPU_CV 8413mW/8228mW VDD_SOC 4951mW/4868mW
08-05-2026 04:37:33 RAM 5274/7620MB (lfb 18x4MB) SWAP 3124/12002MB (cached 48MB) CPU [0%@1728,0%@1728,0%@1728,0%@1728,0%@1728,0%@1728] GR3D_FREQ 99% cpu@71.937C soc2@70.687C soc0@71.25C gpu@74.156C tj@74.156C soc1@71.625C VDD_IN 19474mW/19210mW VDD_CPU_GPU_CV 8373mW/8229mW VDD_SOC 4951mW/4868mW
08-05-2026 04:37:33 RAM 5274/7620MB (lfb 18x4MB) SWAP 3124/12002MB (cached 48MB) CPU [0%@1728,11%@1728,0%@1728,0%@1728,0%@1728,0%@1728] GR3D_FREQ 99% cpu@71.968C soc2@70.718C soc0@71.218C gpu@73.906C tj@73.906C soc1@71.468C VDD_IN 19353mW/19211mW VDD_CPU_GPU_CV 8333mW/8230mW VDD_SOC 4870mW/4868mW
08-05-2026 04:37:33 RAM 5274/7620MB (lfb 18x4MB) SWAP 3124/12002MB (cached 48MB) CPU [0%@1728,0%@1728,0%@1728,0%@1728,0%@1728,0%@1728] GR3D_FREQ 99% cpu@72C soc2@70.656C soc0@70.968C gpu@74.062C tj@74.062C soc1@71.5C VDD_IN 19313mW/19211mW VDD_CPU_GPU_CV 8293mW/8230mW VDD_SOC 4870mW/4868mW
08-05-2026 04:37:33 RAM 5274/7620MB (lfb 18x4MB) SWAP 3124/12002MB (cached 48MB) CPU [0%@1728,9%@1728,0%@1728,0%@1728,0%@1728,0%@1728] GR3D_FREQ 99% cpu@71.75C soc2@70.781C soc0@70.968C gpu@73.906C tj@73.906C soc1@71.593C VDD_IN 19434mW/19213mW VDD_CPU_GPU_CV 8333mW/8231mW VDD_SOC 4911mW/4868mW
08-05-2026 04:37:33 RAM 5274/7620MB (lfb 18x4MB) SWAP 3124/12002MB (cached 48MB) CPU [0%@1728,0%@1728,0%@1728,0%@1728,0%@1728,0%@1728] GR3D_FREQ 99% cpu@71.843C soc2@70.718C soc0@71.093C gpu@73.843C tj@73.843C soc1@71.656C VDD_IN 19676mW/19215mW VDD_CPU_GPU_CV 8453mW/8232mW VDD_SOC 4951mW/4869mW
08-05-2026 04:37:33 RAM 5274/7620MB (lfb 18x4MB) SWAP 3124/12002MB (cached 48MB) CPU [9%@1728,0%@1728,0%@1728,0%@1728,0%@1728,0%@1728] GR3D_FREQ 99% cpu@71.875C soc2@70.781C soc0@71.25C gpu@74.25C tj@74.25C soc1@71.687C VDD_IN 19676mW/19218mW VDD_CPU_GPU_CV 8453mW/8233mW VDD_SOC 4951mW/4869mW
08-05-2026 04:37:34 RAM 5274/7620MB (lfb 18x4MB) SWAP 3124/12002MB (cached 47MB) CPU [0%@1728,0%@1728,0%@1728,18%@1728,0%@1728,0%@1728] GR3D_FREQ 99% cpu@72C soc2@70.687C soc0@71C gpu@73.875C tj@73.875C soc1@71.5C VDD_IN 19514mW/19220mW VDD_CPU_GPU_CV 8413mW/8234mW VDD_SOC 4951mW/4870mW
08-05-2026 04:37:34 RAM 5274/7620MB (lfb 18x4MB) SWAP 3124/12002MB (cached 47MB) CPU [0%@1728,0%@1728,0%@1728,9%@1728,0%@1728,0%@1728] GR3D_FREQ 99% cpu@72.062C soc2@70.656C soc0@71C gpu@73.531C tj@73.531C soc1@71.531C VDD_IN 19353mW/19221mW VDD_CPU_GPU_CV 8333mW/8235mW VDD_SOC 4911mW/4870mW
08-05-2026 04:37:34 RAM 5274/7620MB (lfb 18x4MB) SWAP 3124/12002MB (cached 47MB) CPU [0%@1728,0%@1728,18%@1728,0%@1728,0%@1728,0%@1728] GR3D_FREQ 99% cpu@71.687C soc2@70.687C soc0@71.093C gpu@74.062C tj@74.062C soc1@71.625C VDD_IN 19313mW/19221mW VDD_CPU_GPU_CV 8293mW/8235mW VDD_SOC 4870mW/4870mW
08-05-2026 04:37:34 RAM 5274/7620MB (lfb 18x4MB) SWAP 3124/12002MB (cached 47MB) CPU [0%@1728,0%@1728,0%@1728,0%@1728,0%@1728,0%@1728] GR3D_FREQ 99% cpu@71.843C soc2@70.656C soc0@71.156C gpu@73.687C tj@73.687C soc1@71.656C VDD_IN 19393mW/19222mW VDD_CPU_GPU_CV 8333mW/8236mW VDD_SOC 4911mW/4870mW
08-05-2026 04:37:34 RAM 5274/7620MB (lfb 18x4MB) SWAP 3124/12002MB (cached 47MB) CPU [0%@1728,0%@1728,0%@1728,0%@1728,0%@1728,0%@1728] GR3D_FREQ 99% cpu@71.937C soc2@70.687C soc0@71.218C gpu@73.843C tj@73.843C soc1@71.468C VDD_IN 19635mW/19224mW VDD_CPU_GPU_CV 8413mW/8237mW VDD_SOC 4951mW/4871mW
08-05-2026 04:37:34 RAM 5274/7620MB (lfb 18x4MB) SWAP 3124/12002MB (cached 47MB) CPU [0%@1728,0%@1728,0%@1728,0%@1728,0%@1728,0%@1728] GR3D_FREQ 99% cpu@72C soc2@70.625C soc0@71.031C gpu@74.218C tj@74.218C soc1@71.5C VDD_IN 19635mW/19227mW VDD_CPU_GPU_CV 8453mW/8238mW VDD_SOC 4951mW/4871mW
08-05-2026 04:37:34 RAM 5274/7620MB (lfb 18x4MB) SWAP 3124/12002MB (cached 47MB) CPU [0%@1728,0%@1728,0%@1728,0%@1728,0%@1728,0%@1728] GR3D_FREQ 99% cpu@71.75C soc2@70.656C soc0@70.968C gpu@73.968C tj@73.968C soc1@71.5C VDD_IN 19595mW/19229mW VDD_CPU_GPU_CV 8453mW/8239mW VDD_SOC 4951mW/4872mW
08-05-2026 04:37:34 RAM 5274/7620MB (lfb 18x4MB) SWAP 3124/12002MB (cached 47MB) CPU [0%@1728,0%@1728,0%@1728,0%@1728,0%@1728,0%@1728] GR3D_FREQ 99% cpu@71.812C soc2@70.687C soc0@71.156C gpu@74.031C tj@74.031C soc1@71.593C VDD_IN 19393mW/19230mW VDD_CPU_GPU_CV 8333mW/8240mW VDD_SOC 4911mW/4872mW
08-05-2026 04:37:34 RAM 5274/7620MB (lfb 18x4MB) SWAP 3124/12002MB (cached 47MB) CPU [9%@1728,0%@1728,0%@1728,0%@1728,0%@1728,0%@1728] GR3D_FREQ 99% cpu@71.812C soc2@70.718C soc0@71.218C gpu@74C tj@74C soc1@71.625C VDD_IN 19313mW/19230mW VDD_CPU_GPU_CV 8333mW/8240mW VDD_SOC 4870mW/4872mW
08-05-2026 04:37:35 RAM 5274/7620MB (lfb 18x4MB) SWAP 3124/12002MB (cached 47MB) CPU [0%@1728,8%@1728,18%@1728,10%@1728,0%@1728,0%@1728] GR3D_FREQ 99% cpu@72.156C soc2@70.625C soc0@70.968C gpu@73.562C tj@73.562C soc1@71.468C VDD_IN 19353mW/19231mW VDD_CPU_GPU_CV 8333mW/8241mW VDD_SOC 4870mW/4872mW
08-05-2026 04:37:35 RAM 5274/7620MB (lfb 18x4MB) SWAP 3124/12002MB (cached 47MB) CPU [0%@1728,0%@1728,0%@1728,9%@1728,0%@1728,0%@1728] GR3D_FREQ 99% cpu@72.062C soc2@70.781C soc0@71.062C gpu@74.312C tj@74.312C soc1@71.468C VDD_IN 19555mW/19233mW VDD_CPU_GPU_CV 8413mW/8242mW VDD_SOC 4951mW/4872mW
08-05-2026 04:37:35 RAM 5274/7620MB (lfb 18x4MB) SWAP 3124/12002MB (cached 47MB) CPU [0%@1728,0%@1728,8%@1728,0%@1728,0%@1728,0%@1728] GR3D_FREQ 99% cpu@71.718C soc2@70.718C soc0@71.062C gpu@73.781C tj@73.781C soc1@71.5C VDD_IN 19595mW/19235mW VDD_CPU_GPU_CV 8413mW/8243mW VDD_SOC 4951mW/4873mW
08-05-2026 04:37:35 RAM 5274/7620MB (lfb 18x4MB) SWAP 3124/12002MB (cached 47MB) CPU [0%@1728,0%@1728,0%@1728,0%@1728,0%@1728,0%@1728] GR3D_FREQ 99% cpu@71.843C soc2@70.687C soc0@71.093C gpu@73.875C tj@73.875C soc1@71.687C VDD_IN 19555mW/19236mW VDD_CPU_GPU_CV 8453mW/8244mW VDD_SOC 4951mW/4873mW
08-05-2026 04:37:35 RAM 5274/7620MB (lfb 18x4MB) SWAP 3124/12002MB (cached 47MB) CPU [0%@1728,0%@1728,0%@1728,0%@1728,0%@1728,0%@1728] GR3D_FREQ 99% cpu@71.843C soc2@70.75C soc0@71.156C gpu@74C tj@74C soc1@71.625C VDD_IN 19393mW/19237mW VDD_CPU_GPU_CV 8333mW/8244mW VDD_SOC 4911mW/4873mW
08-05-2026 04:37:35 RAM 5274/7620MB (lfb 18x4MB) SWAP 3124/12002MB (cached 47MB) CPU [0%@1728,0%@1728,0%@1728,0%@1728,0%@1728,0%@1728] GR3D_FREQ 99% cpu@71.968C soc2@70.625C soc0@71.031C gpu@73.906C tj@73.906C soc1@71.437C VDD_IN 19313mW/19238mW VDD_CPU_GPU_CV 8333mW/8245mW VDD_SOC 4870mW/4873mW
08-05-2026 04:37:35 RAM 5274/7620MB (lfb 18x4MB) SWAP 3124/12002MB (cached 47MB) CPU [0%@1728,0%@1728,0%@1728,0%@1728,0%@1728,0%@1728] GR3D_FREQ 99% cpu@71.75C soc2@70.468C soc0@70.968C gpu@73.781C tj@73.781C soc1@71.531C VDD_IN 19272mW/19238mW VDD_CPU_GPU_CV 8293mW/8245mW VDD_SOC 4870mW/4873mW
08-05-2026 04:37:35 RAM 5273/7620MB (lfb 18x4MB) SWAP 3124/12002MB (cached 47MB) CPU [18%@1728,9%@1728,36%@1728,9%@1728,0%@1728,0%@1728] GR3D_FREQ 99% cpu@72C soc2@70.718C soc0@71.062C gpu@73.843C tj@73.843C soc1@71.531C VDD_IN 19555mW/19239mW VDD_CPU_GPU_CV 8413mW/8246mW VDD_SOC 4911mW/4874mW
08-05-2026 04:37:35 RAM 5273/7620MB (lfb 18x4MB) SWAP 3124/12002MB (cached 47MB) CPU [0%@1728,0%@1728,0%@1728,0%@1728,0%@1728,0%@1728] GR3D_FREQ 99% cpu@71.937C soc2@70.687C soc0@71.187C gpu@73.75C tj@73.75C soc1@71.656C VDD_IN 19635mW/19241mW VDD_CPU_GPU_CV 8453mW/8247mW VDD_SOC 4951mW/4874mW
08-05-2026 04:37:35 RAM 5273/7620MB (lfb 18x4MB) SWAP 3124/12002MB (cached 47MB) CPU [0%@1728,0%@1728,0%@1728,0%@1728,0%@1728,0%@1728] GR3D_FREQ 99% cpu@71.875C soc2@70.531C soc0@71.031C gpu@74C tj@74C soc1@71.531C VDD_IN 19635mW/19244mW VDD_CPU_GPU_CV 8453mW/8248mW VDD_SOC 4951mW/4874mW
08-05-2026 04:37:36 RAM 5273/7620MB (lfb 18x4MB) SWAP 3124/12002MB (cached 47MB) CPU [0%@1728,0%@1728,0%@1728,10%@1728,0%@1728,0%@1728] GR3D_FREQ 99% cpu@71.781C soc2@70.531C soc0@70.937C gpu@73.468C tj@73.468C soc1@71.406C VDD_IN 19393mW/19244mW VDD_CPU_GPU_CV 8333mW/8248mW VDD_SOC 4911mW/4875mW
08-05-2026 04:37:36 RAM 5273/7620MB (lfb 18x4MB) SWAP 3124/12002MB (cached 47MB) CPU [0%@1728,0%@1728,0%@1728,0%@1728,0%@1728,0%@1728] GR3D_FREQ 99% cpu@71.593C soc2@70.625C soc0@71.031C gpu@73.937C tj@73.937C soc1@71.562C VDD_IN 19313mW/19245mW VDD_CPU_GPU_CV 8333mW/8249mW VDD_SOC 4870mW/4875mW
08-05-2026 04:37:36 RAM 5273/7620MB (lfb 18x4MB) SWAP 3124/12002MB (cached 47MB) CPU [0%@1728,0%@1728,0%@1728,9%@1728,0%@1728,0%@1728] GR3D_FREQ 99% cpu@71.75C soc2@70.593C soc0@71.125C gpu@73.593C tj@73.593C soc1@71.625C VDD_IN 19232mW/19245mW VDD_CPU_GPU_CV 8253mW/8249mW VDD_SOC 4870mW/4875mW
08-05-2026 04:37:36 RAM 5273/7620MB (lfb 18x4MB) SWAP 3124/12002MB (cached 47MB) CPU [0%@1728,0%@1728,0%@1728,0%@1728,0%@1728,0%@1728] GR3D_FREQ 99% cpu@71.843C soc2@70.656C soc0@71.218C gpu@73.625C tj@73.625C soc1@71.406C VDD_IN 19434mW/19246mW VDD_CPU_GPU_CV 8333mW/8249mW VDD_SOC 4911mW/4875mW
08-05-2026 04:37:36 RAM 5273/7620MB (lfb 18x4MB) SWAP 3124/12002MB (cached 47MB) CPU [0%@1728,0%@1728,0%@1728,0%@1728,0%@1728,0%@1728] GR3D_FREQ 99% cpu@71.906C soc2@70.625C soc0@70.937C gpu@73.687C tj@73.687C soc1@71.406C VDD_IN 19595mW/19247mW VDD_CPU_GPU_CV 8413mW/8250mW VDD_SOC 4951mW/4875mW
08-05-2026 04:37:36 RAM 5273/7620MB (lfb 18x4MB) SWAP 3124/12002MB (cached 47MB) CPU [0%@1728,0%@1728,0%@1728,10%@1728,0%@1728,0%@1728] GR3D_FREQ 99% cpu@71.687C soc2@70.687C soc0@70.968C gpu@74.468C tj@74.468C soc1@71.531C VDD_IN 19595mW/19249mW VDD_CPU_GPU_CV 8453mW/8251mW VDD_SOC 4951mW/4876mW
08-05-2026 04:37:36 RAM 5273/7620MB (lfb 18x4MB) SWAP 3124/12002MB (cached 47MB) CPU [0%@1728,0%@1728,0%@1728,0%@1728,0%@1728,0%@1728] GR3D_FREQ 99% cpu@71.687C soc2@70.718C soc0@71.125C gpu@73.562C tj@73.562C soc1@71.531C VDD_IN 19474mW/19250mW VDD_CPU_GPU_CV 8333mW/8252mW VDD_SOC 4951mW/4876mW
08-05-2026 04:37:36 RAM 5273/7620MB (lfb 18x4MB) SWAP 3124/12002MB (cached 47MB) CPU [0%@1728,0%@1728,0%@1728,0%@1728,0%@1728,0%@1728] GR3D_FREQ 99% cpu@71.812C soc2@70.687C soc0@71.25C gpu@73.75C tj@73.75C soc1@71.593C VDD_IN 19353mW/19251mW VDD_CPU_GPU_CV 8333mW/8252mW VDD_SOC 4870mW/4876mW
08-05-2026 04:37:36 RAM 5273/7620MB (lfb 18x4MB) SWAP 3124/12002MB (cached 47MB) CPU [0%@1728,0%@1728,0%@1728,0%@1728,0%@1728,0%@1728] GR3D_FREQ 99% cpu@71.906C soc2@70.75C soc0@70.875C gpu@73.75C tj@73.75C soc1@71.5C VDD_IN 19353mW/19251mW VDD_CPU_GPU_CV 8333mW/8252mW VDD_SOC 4870mW/4876mW
08-05-2026 04:37:37 RAM 5273/7620MB (lfb 18x4MB) SWAP 3124/12002MB (cached 47MB) CPU [0%@1728,0%@1728,0%@1728,0%@1728,0%@1728,0%@1728] GR3D_FREQ 99% cpu@71.718C soc2@70.625C soc0@71.031C gpu@73.625C tj@73.625C soc1@71.468C VDD_IN 19393mW/19252mW VDD_CPU_GPU_CV 8333mW/8253mW VDD_SOC 4911mW/4876mW
08-05-2026 04:37:37 RAM 5273/7620MB (lfb 18x4MB) SWAP 3124/12002MB (cached 47MB) CPU [0%@1728,0%@1728,0%@1728,20%@1728,0%@1728,8%@1728] GR3D_FREQ 99% cpu@71.781C soc2@70.718C soc0@71.125C gpu@73.812C tj@73.812C soc1@71.531C VDD_IN 19635mW/19254mW VDD_CPU_GPU_CV 8453mW/8254mW VDD_SOC 4951mW/4876mW
08-05-2026 04:37:37 RAM 5273/7620MB (lfb 18x4MB) SWAP 3123/12002MB (cached 47MB) CPU [0%@1728,0%@1728,0%@1728,9%@1728,0%@1728,0%@1728] GR3D_FREQ 99% cpu@71.968C soc2@70.625C soc0@71.218C gpu@74.187C tj@74.187C soc1@71.656C VDD_IN 19635mW/19256mW VDD_CPU_GPU_CV 8453mW/8255mW VDD_SOC 4951mW/4877mW
08-05-2026 04:37:37 RAM 5273/7620MB (lfb 18x4MB) SWAP 3123/12002MB (cached 47MB) CPU [9%@1728,20%@1728,0%@1728,70%@1728,0%@1728,0%@1728] GR3D_FREQ 99% cpu@72.125C soc2@70.718C soc0@70.968C gpu@73.562C tj@73.562C soc1@71.437C VDD_IN 19595mW/19257mW VDD_CPU_GPU_CV 8453mW/8256mW VDD_SOC 4951mW/4877mW
08-05-2026 04:37:37 RAM 5273/7620MB (lfb 18x4MB) SWAP 3123/12002MB (cached 47MB) CPU [0%@1728,0%@1728,0%@1728,0%@1728,0%@1728,0%@1728] GR3D_FREQ 99% cpu@72.062C soc2@70.656C soc0@70.968C gpu@73.593C tj@73.593C soc1@71.468C VDD_IN 19434mW/19258mW VDD_CPU_GPU_CV 8413mW/8257mW VDD_SOC 4911mW/4877mW
08-05-2026 04:37:37 RAM 5273/7620MB (lfb 18x4MB) SWAP 3123/12002MB (cached 47MB) CPU [0%@1728,0%@1728,0%@1728,0%@1728,0%@1728,0%@1728] GR3D_FREQ 99% cpu@71.656C soc2@70.687C soc0@71.062C gpu@73.812C tj@74.156C soc1@71.531C VDD_IN 19393mW/19259mW VDD_CPU_GPU_CV 8373mW/8257mW VDD_SOC 4911mW/4877mW
08-05-2026 04:37:37 RAM 5273/7620MB (lfb 18x4MB) SWAP 3123/12002MB (cached 47MB) CPU [0%@1728,9%@1728,0%@1728,0%@1728,0%@1728,0%@1728] GR3D_FREQ 99% cpu@71.812C soc2@70.718C soc0@71.062C gpu@73.562C tj@73.562C soc1@71.593C VDD_IN 19434mW/19260mW VDD_CPU_GPU_CV 8373mW/8258mW VDD_SOC 4911mW/4878mW
08-05-2026 04:37:37 RAM 5273/7620MB (lfb 18x4MB) SWAP 3123/12002MB (cached 47MB) CPU [8%@1728,0%@1728,0%@1728,0%@1728,0%@1728,0%@1728] GR3D_FREQ 99% cpu@71.843C soc2@70.812C soc0@71.281C gpu@73.812C tj@73.812C soc1@71.656C VDD_IN 19635mW/19262mW VDD_CPU_GPU_CV 8453mW/8259mW VDD_SOC 4951mW/4878mW
08-05-2026 04:37:37 RAM 5273/7620MB (lfb 18x4MB) SWAP 3123/12002MB (cached 47MB) CPU [0%@1728,9%@1728,0%@1728,0%@1728,0%@1728,0%@1728] GR3D_FREQ 99% cpu@72.031C soc2@70.687C soc0@70.968C gpu@73.843C tj@73.843C soc1@71.437C VDD_IN 19676mW/19264mW VDD_CPU_GPU_CV 8453mW/8260mW VDD_SOC 4991mW/4878mW
08-05-2026 04:37:37 RAM 5273/7620MB (lfb 18x4MB) SWAP 3123/12002MB (cached 47MB) CPU [0%@1728,0%@1728,0%@1728,0%@1728,0%@1728,0%@1728] GR3D_FREQ 99% cpu@71.875C soc2@70.593C soc0@70.968C gpu@74C tj@74C soc1@71.531C VDD_IN 19676mW/19266mW VDD_CPU_GPU_CV 8493mW/8261mW VDD_SOC 4951mW/4879mW
08-05-2026 04:37:38 RAM 5273/7620MB (lfb 18x4MB) SWAP 3123/12002MB (cached 47MB) CPU [0%@1728,30%@1728,0%@1728,0%@1728,0%@1728,0%@1728] GR3D_FREQ 99% cpu@71.625C soc2@70.656C soc0@71.125C gpu@73.531C tj@73.531C soc1@71.5C VDD_IN 19393mW/19266mW VDD_CPU_GPU_CV 8333mW/8261mW VDD_SOC 4911mW/4879mW
08-05-2026 04:37:38 RAM 5273/7620MB (lfb 18x4MB) SWAP 3123/12002MB (cached 47MB) CPU [0%@1728,0%@1728,0%@1728,0%@1728,0%@1728,0%@1728] GR3D_FREQ 99% cpu@71.843C soc2@70.625C soc0@71.156C gpu@73.781C tj@73.781C soc1@71.656C VDD_IN 19353mW/19267mW VDD_CPU_GPU_CV 8333mW/8261mW VDD_SOC 4870mW/4879mW
08-05-2026 04:37:38 RAM 5273/7620MB (lfb 18x4MB) SWAP 3123/12002MB (cached 47MB) CPU [8%@1728,0%@1728,0%@1728,0%@1728,0%@1728,0%@1728] GR3D_FREQ 99% cpu@71.937C soc2@70.625C soc0@70.843C gpu@73.562C tj@73.562C soc1@71.437C VDD_IN 19353mW/19267mW VDD_CPU_GPU_CV 8293mW/8262mW VDD_SOC 4870mW/4879mW
08-05-2026 04:37:38 RAM 5273/7620MB (lfb 18x4MB) SWAP 3123/12002MB (cached 47MB) CPU [0%@1728,0%@1728,0%@1728,0%@1728,0%@1728,0%@1728] GR3D_FREQ 99% cpu@71.781C soc2@70.625C soc0@71C gpu@74.343C tj@74.343C soc1@71.437C VDD_IN 19555mW/19268mW VDD_CPU_GPU_CV 8413mW/8262mW VDD_SOC 4951mW/4879mW
08-05-2026 04:37:38 RAM 5273/7620MB (lfb 18x4MB) SWAP 3123/12002MB (cached 47MB) CPU [0%@1728,0%@1728,8%@1728,0%@1728,0%@1728,0%@1728] GR3D_FREQ 99% cpu@71.687C soc2@70.656C soc0@71C gpu@73.843C tj@73.843C soc1@71.437C VDD_IN 19595mW/19270mW VDD_CPU_GPU_CV 8413mW/8263mW VDD_SOC 4951mW/4880mW
08-05-2026 04:37:38 RAM 5273/7620MB (lfb 18x4MB) SWAP 3123/12002MB (cached 47MB) CPU [0%@1728,0%@1728,0%@1728,0%@1728,0%@1728,0%@1728] GR3D_FREQ 99% cpu@71.843C soc2@70.625C soc0@71.093C gpu@73.937C tj@73.937C soc1@71.656C VDD_IN 19595mW/19271mW VDD_CPU_GPU_CV 8453mW/8264mW VDD_SOC 4951mW/4880mW
08-05-2026 04:37:38 RAM 5273/7620MB (lfb 18x4MB) SWAP 3123/12002MB (cached 47MB) CPU [0%@1728,0%@1728,0%@1728,0%@1728,0%@1728,0%@1728] GR3D_FREQ 99% cpu@71.875C soc2@70.687C soc0@71.187C gpu@73.625C tj@73.625C soc1@71.781C VDD_IN 19434mW/19272mW VDD_CPU_GPU_CV 8333mW/8264mW VDD_SOC 4911mW/4880mW
08-05-2026 04:37:38 RAM 5273/7620MB (lfb 18x4MB) SWAP 3123/12002MB (cached 47MB) CPU [0%@1728,0%@1728,0%@1728,18%@1728,0%@1728,0%@1728] GR3D_FREQ 99% cpu@72.031C soc2@70.562C soc0@70.906C gpu@73.875C tj@73.875C soc1@71.343C VDD_IN 19353mW/19272mW VDD_CPU_GPU_CV 8333mW/8264mW VDD_SOC 4870mW/4880mW
08-05-2026 04:37:38 RAM 5273/7620MB (lfb 18x4MB) SWAP 3123/12002MB (cached 47MB) CPU [0%@1728,0%@1728,0%@1728,0%@1728,0%@1728,0%@1728] GR3D_FREQ 99% cpu@71.812C soc2@70.593C soc0@70.968C gpu@73.531C tj@73.531C soc1@71.437C VDD_IN 19313mW/19273mW VDD_CPU_GPU_CV 8293mW/8265mW VDD_SOC 4870mW/4880mW
08-05-2026 04:37:39 RAM 5275/7620MB (lfb 18x4MB) SWAP 3123/12002MB (cached 47MB) CPU [16%@1728,16%@1728,9%@1728,27%@1728,0%@1728,0%@1728] GR3D_FREQ 99% cpu@71.75C soc2@70.593C soc0@71.031C gpu@73.875C tj@73.875C soc1@71.531C VDD_IN 19555mW/19274mW VDD_CPU_GPU_CV 8413mW/8265mW VDD_SOC 4911mW/4880mW
08-05-2026 04:37:39 RAM 5275/7620MB (lfb 18x4MB) SWAP 3123/12002MB (cached 47MB) CPU [0%@1728,10%@1728,0%@1728,0%@1728,0%@1728,0%@1728] GR3D_FREQ 99% cpu@71.875C soc2@70.625C soc0@71C gpu@73.718C tj@73.718C soc1@71.718C VDD_IN 19595mW/19275mW VDD_CPU_GPU_CV 8413mW/8266mW VDD_SOC 4951mW/4880mW
08-05-2026 04:37:39 RAM 5275/7620MB (lfb 18x4MB) SWAP 3123/12002MB (cached 47MB) CPU [0%@1728,0%@1728,0%@1728,0%@1728,0%@1728,0%@1728] GR3D_FREQ 99% cpu@71.937C soc2@70.562C soc0@70.906C gpu@74C tj@74C soc1@71.375C VDD_IN 19595mW/19277mW VDD_CPU_GPU_CV 8453mW/8267mW VDD_SOC 4951mW/4881mW
08-05-2026 04:37:39 RAM 5275/7620MB (lfb 18x4MB) SWAP 3123/12002MB (cached 47MB) CPU [0%@1728,0%@1728,0%@1728,0%@1728,0%@1728,0%@1728] GR3D_FREQ 99% cpu@71.812C soc2@70.593C soc0@70.968C gpu@73.593C tj@73.593C soc1@71.437C VDD_IN 19393mW/19277mW VDD_CPU_GPU_CV 8293mW/8267mW VDD_SOC 4911mW/4881mW
08-05-2026 04:37:39 RAM 5275/7620MB (lfb 18x4MB) SWAP 3123/12002MB (cached 47MB) CPU [0%@1728,0%@1728,0%@1728,0%@1728,0%@1728,0%@1728] GR3D_FREQ 99% cpu@71.593C soc2@70.625C soc0@71.031C gpu@73.875C tj@73.875C soc1@71.5C VDD_IN 19313mW/19277mW VDD_CPU_GPU_CV 8293mW/8267mW VDD_SOC 4870mW/4881mW
08-05-2026 04:37:39 RAM 5275/7620MB (lfb 18x4MB) SWAP 3123/12002MB (cached 47MB) CPU [0%@1728,0%@1728,0%@1728,18%@1728,0%@1728,0%@1728] GR3D_FREQ 96% cpu@71.75C soc2@70.625C soc0@71.093C gpu@73.718C tj@73.5C soc1@71.656C VDD_IN 19313mW/19278mW VDD_CPU_GPU_CV 8293mW/8267mW VDD_SOC 4870mW/4881mW
08-05-2026 04:37:39 RAM 5275/7620MB (lfb 18x4MB) SWAP 3123/12002MB (cached 47MB) CPU [0%@1728,0%@1728,0%@1728,0%@1728,0%@1728,0%@1728] GR3D_FREQ 99% cpu@71.906C soc2@70.656C soc0@71.062C gpu@73.906C tj@73.906C soc1@71.468C VDD_IN 19514mW/19279mW VDD_CPU_GPU_CV 8413mW/8268mW VDD_SOC 4911mW/4881mW
08-05-2026 04:37:39 RAM 5275/7620MB (lfb 18x4MB) SWAP 3123/12002MB (cached 47MB) CPU [0%@1728,0%@1728,0%@1728,0%@1728,0%@1728,0%@1728] GR3D_FREQ 99% cpu@71.968C soc2@70.562C soc0@70.937C gpu@73.718C tj@73.718C soc1@71.375C VDD_IN 19635mW/19280mW VDD_CPU_GPU_CV 8413mW/8268mW VDD_SOC 4951mW/4881mW
08-05-2026 04:37:39 RAM 5275/7620MB (lfb 18x4MB) SWAP 3123/12002MB (cached 47MB) CPU [0%@1728,0%@1728,0%@1728,0%@1728,0%@1728,0%@1728] GR3D_FREQ 99% cpu@72C soc2@70.593C soc0@70.968C gpu@74.093C tj@74.093C soc1@71.5C VDD_IN 19635mW/19282mW VDD_CPU_GPU_CV 8453mW/8269mW VDD_SOC 4951mW/4882mW
08-05-2026 04:37:39 RAM 5275/7620MB (lfb 18x4MB) SWAP 3123/12002MB (cached 47MB) CPU [0%@1728,0%@1728,9%@1728,0%@1728,0%@1728,0%@1728] GR3D_FREQ 99% cpu@71.75C soc2@70.656C soc0@71.093C gpu@73.687C tj@73.687C soc1@71.531C VDD_IN 19514mW/19283mW VDD_CPU_GPU_CV 8373mW/8270mW VDD_SOC 4951mW/4882mW
08-05-2026 04:37:40 RAM 5275/7620MB (lfb 18x4MB) SWAP 3123/12002MB (cached 47MB) CPU [0%@1728,10%@1728,0%@1728,0%@1728,0%@1728,9%@1728] GR3D_FREQ 99% cpu@71.843C soc2@70.656C soc0@71.187C gpu@73.593C tj@73.593C soc1@71.718C VDD_IN 19313mW/19283mW VDD_CPU_GPU_CV 8333mW/8270mW VDD_SOC 4870mW/4882mW
08-05-2026 04:37:40 RAM 5275/7620MB (lfb 18x4MB) SWAP 3123/12002MB (cached 47MB) CPU [0%@1728,9%@1728,0%@1728,0%@1728,0%@1728,0%@1728] GR3D_FREQ 99% cpu@71.937C soc2@70.656C soc0@71C gpu@73.781C tj@73.781C soc1@71.375C VDD_IN 19272mW/19283mW VDD_CPU_GPU_CV 8293mW/8270mW VDD_SOC 4870mW/4882mW
08-05-2026 04:37:40 RAM 5275/7620MB (lfb 18x4MB) SWAP 3123/12002MB (cached 47MB) CPU [0%@1728,9%@1728,0%@1728,10%@1728,0%@1728,0%@1728] GR3D_FREQ 98% cpu@71.937C soc2@70.593C soc0@71C gpu@73.687C tj@73.687C soc1@71.5C VDD_IN 19474mW/19284mW VDD_CPU_GPU_CV 8373mW/8270mW VDD_SOC 4911mW/4882mW
08-05-2026 04:37:40 RAM 5275/7620MB (lfb 18x4MB) SWAP 3123/12002MB (cached 47MB) CPU [0%@1728,0%@1728,0%@1728,0%@1728,0%@1728,0%@1728] GR3D_FREQ 99% cpu@71.656C soc2@70.687C soc0@71C gpu@73.687C tj@73.687C soc1@71.531C VDD_IN 19595mW/19285mW VDD_CPU_GPU_CV 8413mW/8271mW VDD_SOC 4951mW/4882mW
08-05-2026 04:37:40 RAM 5275/7620MB (lfb 18x4MB) SWAP 3123/12002MB (cached 47MB) CPU [0%@1728,0%@1728,0%@1728,0%@1728,0%@1728,0%@1728] GR3D_FREQ 99% cpu@71.656C soc2@70.656C soc0@71.156C gpu@74C tj@74C soc1@71.562C VDD_IN 19595mW/19286mW VDD_CPU_GPU_CV 8453mW/8272mW VDD_SOC 4951mW/4882mW
08-05-2026 04:37:40 RAM 5275/7620MB (lfb 18x4MB) SWAP 3123/12002MB (cached 47MB) CPU [0%@1728,9%@1728,0%@1728,0%@1728,0%@1728,0%@1728] GR3D_FREQ 99% cpu@71.812C soc2@70.718C soc0@70.968C gpu@73.75C tj@73.75C soc1@71.406C VDD_IN 19474mW/19287mW VDD_CPU_GPU_CV 8373mW/8272mW VDD_SOC 4951mW/4883mW
08-05-2026 04:37:40 RAM 5275/7620MB (lfb 18x4MB) SWAP 3123/12002MB (cached 47MB) CPU [0%@1728,0%@1728,0%@1728,0%@1728,0%@1728,0%@1728] GR3D_FREQ 99% cpu@72.031C soc2@70.562C soc0@70.906C gpu@73.781C tj@73.781C soc1@71.468C VDD_IN 19353mW/19287mW VDD_CPU_GPU_CV 8333mW/8273mW VDD_SOC 4911mW/4883mW
08-05-2026 04:37:40 RAM 5275/7620MB (lfb 18x4MB) SWAP 3123/12002MB (cached 47MB) CPU [0%@1728,0%@1728,0%@1728,0%@1728,0%@1728,0%@1728] GR3D_FREQ 99% cpu@71.531C soc2@70.562C soc0@70.968C gpu@73.812C tj@73.812C soc1@71.531C VDD_IN 19313mW/19288mW VDD_CPU_GPU_CV 8333mW/8273mW VDD_SOC 4911mW/4883mW
08-05-2026 04:37:40 RAM 5275/7620MB (lfb 18x4MB) SWAP 3123/12002MB (cached 47MB) CPU [0%@1728,9%@1728,0%@1728,9%@1728,0%@1728,0%@1728] GR3D_FREQ 99% cpu@71.593C soc2@70.562C soc0@71.031C gpu@73.562C tj@73.562C soc1@71.531C VDD_IN 19353mW/19288mW VDD_CPU_GPU_CV 8333mW/8273mW VDD_SOC 4870mW/4883mW
08-05-2026 04:37:41 RAM 5275/7620MB (lfb 18x4MB) SWAP 3123/12002MB (cached 47MB) CPU [0%@1728,0%@1728,0%@1728,9%@1728,0%@1728,0%@1728] GR3D_FREQ 99% cpu@72.031C soc2@70.656C soc0@71.125C gpu@73.843C tj@73.843C soc1@71.625C VDD_IN 19635mW/19289mW VDD_CPU_GPU_CV 8453mW/8274mW VDD_SOC 4951mW/4883mW
08-05-2026 04:37:41 RAM 5275/7620MB (lfb 18x4MB) SWAP 3123/12002MB (cached 47MB) CPU [0%@1728,18%@1728,9%@1728,9%@1728,0%@1728,0%@1728] GR3D_FREQ 99% cpu@72C soc2@70.593C soc0@70.906C gpu@73.906C tj@73.906C soc1@71.406C VDD_IN 19595mW/19291mW VDD_CPU_GPU_CV 8413mW/8274mW VDD_SOC 4951mW/4883mW
08-05-2026 04:37:41 RAM 5275/7620MB (lfb 18x4MB) SWAP 3123/12002MB (cached 47MB) CPU [0%@1728,0%@1728,0%@1728,0%@1728,0%@1728,0%@1728] GR3D_FREQ 99% cpu@71.812C soc2@70.625C soc0@70.968C gpu@73.812C tj@73.812C soc1@71.468C VDD_IN 19514mW/19291mW VDD_CPU_GPU_CV 8373mW/8275mW VDD_SOC 4951mW/4884mW
08-05-2026 04:37:41 RAM 5275/7620MB (lfb 18x4MB) SWAP 3123/12002MB (cached 47MB) CPU [0%@1728,0%@1728,0%@1728,0%@1728,0%@1728,0%@1728] GR3D_FREQ 99% cpu@71.593C soc2@70.531C soc0@70.968C gpu@73.718C tj@73.718C soc1@71.5C VDD_IN 19313mW/19292mW VDD_CPU_GPU_CV 8293mW/8275mW VDD_SOC 4911mW/4884mW
08-05-2026 04:37:41 RAM 5275/7620MB (lfb 18x4MB) SWAP 3123/12002MB (cached 47MB) CPU [0%@1728,0%@1728,9%@1728,0%@1728,0%@1728,0%@1728] GR3D_FREQ 99% cpu@71.656C soc2@70.562C soc0@71.031C gpu@73.781C tj@73.781C soc1@71.593C VDD_IN 19313mW/19292mW VDD_CPU_GPU_CV 8293mW/8275mW VDD_SOC 4870mW/4884mW
08-05-2026 04:37:41 RAM 5275/7620MB (lfb 18x4MB) SWAP 3123/12002MB (cached 47MB) CPU [9%@1728,8%@1728,0%@1728,0%@1728,0%@1728,0%@1728] GR3D_FREQ 99% cpu@71.968C soc2@70.625C soc0@71.031C gpu@73.812C tj@73.562C soc1@71.468C VDD_IN 19313mW/19292mW VDD_CPU_GPU_CV 8293mW/8275mW VDD_SOC 4870mW/4884mW
08-05-2026 04:37:41 RAM 5275/7620MB (lfb 18x4MB) SWAP 3123/12002MB (cached 47MB) CPU [0%@1728,0%@1728,0%@1728,0%@1728,0%@1728,0%@1728] GR3D_FREQ 99% cpu@71.656C soc2@70.562C soc0@70.906C gpu@73.937C tj@73.937C soc1@71.437C VDD_IN 19555mW/19293mW VDD_CPU_GPU_CV 8373mW/8275mW VDD_SOC 4911mW/4884mW
08-05-2026 04:37:41 RAM 5275/7620MB (lfb 18x4MB) SWAP 3123/12002MB (cached 47MB) CPU [0%@1728,0%@1728,0%@1728,0%@1728,0%@1728,0%@1728] GR3D_FREQ 99% cpu@71.687C soc2@70.593C soc0@70.968C gpu@73.843C tj@73.843C soc1@71.468C VDD_IN 19635mW/19294mW VDD_CPU_GPU_CV 8413mW/8276mW VDD_SOC 4951mW/4884mW
08-05-2026 04:37:41 RAM 5275/7620MB (lfb 18x4MB) SWAP 3123/12002MB (cached 47MB) CPU [0%@1728,0%@1728,10%@1728,10%@1728,0%@1728,0%@1728] GR3D_FREQ 99% cpu@71.656C soc2@70.593C soc0@71.031C gpu@74.062C tj@74.062C soc1@71.531C VDD_IN 19595mW/19295mW VDD_CPU_GPU_CV 8453mW/8277mW VDD_SOC 4951mW/4884mW
08-05-2026 04:37:41 RAM 5275/7620MB (lfb 18x4MB) SWAP 3123/12002MB (cached 47MB) CPU [9%@1728,0%@1728,0%@1728,0%@1728,0%@1728,0%@1728] GR3D_FREQ 99% cpu@71.906C soc2@70.656C soc0@71.031C gpu@73.593C tj@73.593C soc1@71.343C VDD_IN 19434mW/19296mW VDD_CPU_GPU_CV 8333mW/8277mW VDD_SOC 4911mW/4885mW
08-05-2026 04:37:42 RAM 5275/7620MB (lfb 18x4MB) SWAP 3123/12002MB (cached 47MB) CPU [0%@1728,10%@1728,8%@1728,0%@1728,0%@1728,0%@1728] GR3D_FREQ 99% cpu@71.968C soc2@70.562C soc0@70.968C gpu@73.75C tj@73.75C soc1@71.375C VDD_IN 19353mW/19296mW VDD_CPU_GPU_CV 8333mW/8277mW VDD_SOC 4870mW/4884mW
08-05-2026 04:37:42 RAM 5275/7620MB (lfb 18x4MB) SWAP 3123/12002MB (cached 47MB) CPU [0%@1728,0%@1728,0%@1728,0%@1728,0%@1728,0%@1728] GR3D_FREQ 99% cpu@71.781C soc2@70.5C soc0@70.937C gpu@73.687C tj@73.687C soc1@71.468C VDD_IN 19313mW/19296mW VDD_CPU_GPU_CV 8293mW/8277mW VDD_SOC 4870mW/4884mW
08-05-2026 04:37:42 RAM 5277/7620MB (lfb 18x4MB) SWAP 3123/12002MB (cached 47MB) CPU [0%@1728,9%@1728,9%@1728,20%@1728,0%@1728,10%@1728] GR3D_FREQ 99% cpu@71.687C soc2@70.562C soc0@71C gpu@73.781C tj@73.781C soc1@71.5C VDD_IN 19555mW/19297mW VDD_CPU_GPU_CV 8413mW/8278mW VDD_SOC 4911mW/4885mW
08-05-2026 04:37:42 RAM 5277/7620MB (lfb 18x4MB) SWAP 3123/12002MB (cached 47MB) CPU [9%@1728,0%@1728,0%@1728,0%@1728,0%@1728,0%@1728] GR3D_FREQ 99% cpu@71.593C soc2@70.656C soc0@71.031C gpu@73.687C tj@73.687C soc1@71.562C VDD_IN 19595mW/19299mW VDD_CPU_GPU_CV 8413mW/8278mW VDD_SOC 4951mW/4885mW
08-05-2026 04:37:42 RAM 5277/7620MB (lfb 18x4MB) SWAP 3123/12002MB (cached 47MB) CPU [0%@1728,0%@1728,0%@1728,0%@1728,0%@1728,0%@1728] GR3D_FREQ 99% cpu@71.937C soc2@70.687C soc0@71.062C gpu@74.062C tj@74.062C soc1@71.375C VDD_IN 19595mW/19300mW VDD_CPU_GPU_CV 8453mW/8279mW VDD_SOC 4951mW/4885mW
08-05-2026 04:37:42 RAM 5277/7620MB (lfb 18x4MB) SWAP 3123/12002MB (cached 47MB) CPU [0%@1728,0%@1728,0%@1728,18%@1728,0%@1728,0%@1728] GR3D_FREQ 99% cpu@71.75C soc2@70.531C soc0@70.937C gpu@73.531C tj@73.531C soc1@71.406C VDD_IN 19353mW/19300mW VDD_CPU_GPU_CV 8333mW/8279mW VDD_SOC 4911mW/4885mW
08-05-2026 04:37:42 RAM 5277/7620MB (lfb 18x4MB) SWAP 3123/12002MB (cached 47MB) CPU [0%@1728,0%@1728,0%@1728,0%@1728,0%@1728,0%@1728] GR3D_FREQ 99% cpu@71.593C soc2@70.562C soc0@70.843C gpu@74.031C tj@74.031C soc1@71.375C VDD_IN 19313mW/19300mW VDD_CPU_GPU_CV 8333mW/8279mW VDD_SOC 4870mW/4885mW
08-05-2026 04:37:42 RAM 5277/7620MB (lfb 18x4MB) SWAP 3123/12002MB (cached 47MB) CPU [0%@1728,0%@1728,0%@1728,0%@1728,0%@1728,0%@1728] GR3D_FREQ 99% cpu@71.593C soc2@70.562C soc0@70.968C gpu@73.593C tj@73.593C soc1@71.531C VDD_IN 19272mW/19300mW VDD_CPU_GPU_CV 8293mW/8279mW VDD_SOC 4870mW/4885mW
08-05-2026 04:37:42 RAM 5277/7620MB (lfb 18x4MB) SWAP 3123/12002MB (cached 47MB) CPU [0%@1728,0%@1728,0%@1728,0%@1728,0%@1728,0%@1728] GR3D_FREQ 99% cpu@71.593C soc2@70.562C soc0@71.062C gpu@73.812C tj@73.812C soc1@71.531C VDD_IN 19514mW/19301mW VDD_CPU_GPU_CV 8413mW/8280mW VDD_SOC 4911mW/4885mW
08-05-2026 04:37:43 RAM 5277/7620MB (lfb 18x4MB) SWAP 3123/12002MB (cached 47MB) CPU [0%@1728,8%@1728,0%@1728,0%@1728,0%@1728,0%@1728] GR3D_FREQ 99% cpu@71.968C soc2@70.5C soc0@70.906C gpu@73.906C tj@73.906C soc1@71.343C VDD_IN 19595mW/19302mW VDD_CPU_GPU_CV 8413mW/8280mW VDD_SOC 4951mW/4885mW
08-05-2026 04:37:43 RAM 5277/7620MB (lfb 18x4MB) SWAP 3123/12002MB (cached 47MB) CPU [0%@1728,10%@1728,0%@1728,0%@1728,0%@1728,9%@1728] GR3D_FREQ 99% cpu@71.718C soc2@70.562C soc0@70.875C gpu@74.031C tj@74.031C soc1@71.406C VDD_IN 19555mW/19303mW VDD_CPU_GPU_CV 8453mW/8281mW VDD_SOC 4911mW/4885mW
08-05-2026 04:37:43 RAM 5277/7620MB (lfb 18x4MB) SWAP 3123/12002MB (cached 47MB) CPU [16%@1728,0%@1728,0%@1728,0%@1728,0%@1728,0%@1728] GR3D_FREQ 99% cpu@71.562C soc2@70.531C soc0@70.968C gpu@73.562C tj@73.562C soc1@71.5C VDD_IN 19434mW/19303mW VDD_CPU_GPU_CV 8333mW/8281mW VDD_SOC 4911mW/4886mW
08-05-2026 04:37:43 RAM 5277/7620MB (lfb 18x4MB) SWAP 3123/12002MB (cached 47MB) CPU [9%@1728,0%@1728,0%@1728,10%@1728,0%@1728,0%@1728] GR3D_FREQ 99% cpu@71.562C soc2@70.468C soc0@71.062C gpu@73.968C tj@73.968C soc1@71.531C VDD_IN 19313mW/19303mW VDD_CPU_GPU_CV 8333mW/8282mW VDD_SOC 4870mW/4886mW
08-05-2026 04:37:43 RAM 5277/7620MB (lfb 18x4MB) SWAP 3120/12002MB (cached 49MB) CPU [10%@1728,23%@1728,10%@1728,18%@1728,0%@1728,0%@1728] GR3D_FREQ 99% cpu@71.906C soc2@70.531C soc0@70.968C gpu@73.593C tj@73.593C soc1@71.281C VDD_IN 19313mW/19303mW VDD_CPU_GPU_CV 8333mW/8282mW VDD_SOC 4870mW/4885mW
08-05-2026 04:37:43 RAM 5277/7620MB (lfb 18x4MB) SWAP 3120/12002MB (cached 50MB) CPU [0%@1728,0%@1728,0%@1728,0%@1728,0%@1728,0%@1728] GR3D_FREQ 99% cpu@71.687C soc2@70.468C soc0@70.906C gpu@73.656C tj@73.656C soc1@71.406C VDD_IN 19514mW/19304mW VDD_CPU_GPU_CV 8413mW/8282mW VDD_SOC 4911mW/4886mW
08-05-2026 04:37:43 RAM 5277/7620MB (lfb 18x4MB) SWAP 3120/12002MB (cached 50MB) CPU [0%@1728,0%@1728,0%@1728,8%@1728,0%@1728,0%@1728] GR3D_FREQ 99% cpu@71.531C soc2@70.468C soc0@70.843C gpu@73.906C tj@73.906C soc1@71.375C VDD_IN 19635mW/19305mW VDD_CPU_GPU_CV 8453mW/8283mW VDD_SOC 4951mW/4886mW
08-05-2026 04:37:43 RAM 5277/7620MB (lfb 18x4MB) SWAP 3120/12002MB (cached 50MB) CPU [0%@1728,0%@1728,9%@1728,0%@1728,0%@1728,0%@1728] GR3D_FREQ 99% cpu@71.656C soc2@70.5C soc0@71C gpu@73.937C tj@73.937C soc1@71.531C VDD_IN 19635mW/19307mW VDD_CPU_GPU_CV 8453mW/8284mW VDD_SOC 4951mW/4886mW
08-05-2026 04:37:43 RAM 5277/7620MB (lfb 18x4MB) SWAP 3120/12002MB (cached 50MB) CPU [0%@1728,0%@1728,0%@1728,0%@1728,0%@1728,0%@1728] GR3D_FREQ 99% cpu@71.625C soc2@70.625C soc0@71.125C gpu@73.906C tj@73.781C soc1@71.562C VDD_IN 19514mW/19307mW VDD_CPU_GPU_CV 8413mW/8284mW VDD_SOC 4951mW/4886mW
08-05-2026 04:37:43 RAM 5277/7620MB (lfb 18x4MB) SWAP 3120/12002MB (cached 50MB) CPU [0%@1728,0%@1728,0%@1728,9%@1728,0%@1728,0%@1728] GR3D_FREQ 99% cpu@71.75C soc2@70.562C soc0@70.906C gpu@73.75C tj@73.75C soc1@71.375C VDD_IN 19393mW/19308mW VDD_CPU_GPU_CV 8333mW/8284mW VDD_SOC 4911mW/4886mW
08-05-2026 04:37:44 RAM 5277/7620MB (lfb 18x4MB) SWAP 3120/12002MB (cached 50MB) CPU [9%@1728,9%@1728,0%@1728,18%@1728,0%@1728,0%@1728] GR3D_FREQ 99% cpu@71.843C soc2@70.406C soc0@71C gpu@73.687C tj@73.687C soc1@71.531C VDD_IN 19393mW/19308mW VDD_CPU_GPU_CV 8333mW/8284mW VDD_SOC 4911mW/4886mW
08-05-2026 04:37:44 RAM 5277/7620MB (lfb 18x4MB) SWAP 3120/12002MB (cached 50MB) CPU [0%@1728,0%@1728,0%@1728,0%@1728,0%@1728,0%@1728] GR3D_FREQ 99% cpu@71.593C soc2@70.562C soc0@70.906C gpu@73.968C tj@73.968C soc1@71.5C VDD_IN 19474mW/19309mW VDD_CPU_GPU_CV 8373mW/8285mW VDD_SOC 4911mW/4887mW
08-05-2026 04:37:44 RAM 5277/7620MB (lfb 18x4MB) SWAP 3120/12002MB (cached 50MB) CPU [0%@1728,0%@1728,0%@1728,0%@1728,0%@1728,0%@1728] GR3D_FREQ 99% cpu@71.687C soc2@70.562C soc0@71.031C gpu@73.843C tj@73.843C soc1@71.562C VDD_IN 19635mW/19310mW VDD_CPU_GPU_CV 8413mW/8285mW VDD_SOC 4951mW/4887mW
08-05-2026 04:37:44 RAM 5277/7620MB (lfb 18x4MB) SWAP 3120/12002MB (cached 50MB) CPU [0%@1728,0%@1728,0%@1728,0%@1728,0%@1728,0%@1728] GR3D_FREQ 99% cpu@71.843C soc2@70.718C soc0@71.093C gpu@73.843C tj@73.843C soc1@71.375C VDD_IN 19595mW/19311mW VDD_CPU_GPU_CV 8413mW/8286mW VDD_SOC 4951mW/4887mW
08-05-2026 04:37:44 RAM 5277/7620MB (lfb 18x4MB) SWAP 3120/12002MB (cached 50MB) CPU [0%@1728,0%@1728,0%@1728,0%@1728,0%@1728,0%@1728] GR3D_FREQ 99% cpu@71.812C soc2@70.593C soc0@70.937C gpu@73.906C tj@73.906C soc1@71.468C VDD_IN 19514mW/19312mW VDD_CPU_GPU_CV 8373mW/8286mW VDD_SOC 4951mW/4887mW
08-05-2026 04:37:44 RAM 5277/7620MB (lfb 18x4MB) SWAP 3120/12002MB (cached 50MB) CPU [0%@1728,0%@1728,0%@1728,0%@1728,0%@1728,0%@1728] GR3D_FREQ 99% cpu@71.562C soc2@70.5C soc0@71.031C gpu@73.593C tj@73.593C soc1@71.468C VDD_IN 19353mW/19312mW VDD_CPU_GPU_CV 8293mW/8286mW VDD_SOC 4911mW/4887mW
08-05-2026 04:37:44 RAM 5277/7620MB (lfb 18x4MB) SWAP 3120/12002MB (cached 50MB) CPU [0%@1728,0%@1728,0%@1728,0%@1728,0%@1728,0%@1728] GR3D_FREQ 99% cpu@71.531C soc2@70.531C soc0@71C gpu@73.843C tj@73.843C soc1@71.531C VDD_IN 19353mW/19312mW VDD_CPU_GPU_CV 8293mW/8286mW VDD_SOC 4870mW/4887mW
08-05-2026 04:37:44 RAM 5277/7620MB (lfb 18x4MB) SWAP 3120/12002MB (cached 50MB) CPU [0%@1728,0%@1728,0%@1728,10%@1728,0%@1728,0%@1728] GR3D_FREQ 96% cpu@71.843C soc2@70.593C soc0@71.093C gpu@73.812C tj@73.812C soc1@71.625C VDD_IN 19434mW/19312mW VDD_CPU_GPU_CV 8333mW/8286mW VDD_SOC 4911mW/4887mW
08-05-2026 04:37:44 RAM 5277/7620MB (lfb 18x4MB) SWAP 3118/12002MB (cached 52MB) CPU [16%@1728,8%@1728,10%@1728,9%@1728,0%@1728,0%@1728] GR3D_FREQ 99% cpu@71.875C soc2@70.531C soc0@70.968C gpu@73.906C tj@73.906C soc1@71.406C VDD_IN 19716mW/19314mW VDD_CPU_GPU_CV 8493mW/8287mW VDD_SOC 4943mW/4888mW
08-05-2026 04:37:44 RAM 5279/7620MB (lfb 18x4MB) SWAP 3116/12002MB (cached 55MB) CPU [11%@1728,10%@1728,9%@1728,10%@1728,0%@1728,0%@1728] GR3D_FREQ 99% cpu@71.687C soc2@70.562C soc0@70.906C gpu@73.812C tj@73.812C soc1@71.437C VDD_IN 19756mW/19316mW VDD_CPU_GPU_CV 8493mW/8288mW VDD_SOC 4943mW/4888mW
08-05-2026 04:37:45 RAM 5279/7620MB (lfb 18x4MB) SWAP 3116/12002MB (cached 55MB) CPU [0%@1728,0%@1728,0%@1728,0%@1728,0%@1728,0%@1728] GR3D_FREQ 99% cpu@71.718C soc2@70.593C soc0@70.968C gpu@74C tj@74C soc1@71.562C VDD_IN 19635mW/19317mW VDD_CPU_GPU_CV 8453mW/8288mW VDD_SOC 4951mW/4888mW
08-05-2026 04:37:45 RAM 5279/7620MB (lfb 18x4MB) SWAP 3116/12002MB (cached 55MB) CPU [0%@1728,8%@1728,0%@1728,0%@1728,0%@1728,0%@1728] GR3D_FREQ 99% cpu@71.625C soc2@70.625C soc0@70.968C gpu@73.625C tj@73.625C soc1@71.531C VDD_IN 19434mW/19317mW VDD_CPU_GPU_CV 8333mW/8288mW VDD_SOC 4911mW/4888mW
08-05-2026 04:37:45 RAM 5279/7620MB (lfb 18x4MB) SWAP 3116/12002MB (cached 55MB) CPU [0%@1728,0%@1728,0%@1728,0%@1728,0%@1728,0%@1728] GR3D_FREQ 99% cpu@72.031C soc2@70.593C soc0@71.093C gpu@74.062C tj@74.062C soc1@71.343C VDD_IN 19353mW/19317mW VDD_CPU_GPU_CV 8333mW/8289mW VDD_SOC 4870mW/4888mW
08-05-2026 04:37:45 RAM 5279/7620MB (lfb 18x4MB) SWAP 3116/12002MB (cached 55MB) CPU [0%@1728,0%@1728,0%@1728,0%@1728,0%@1728,0%@1728] GR3D_FREQ 99% cpu@71.781C soc2@70.5C soc0@70.906C gpu@73.687C tj@73.687C soc1@71.437C VDD_IN 19313mW/19317mW VDD_CPU_GPU_CV 8293mW/8289mW VDD_SOC 4870mW/4888mW
08-05-2026 04:37:45 RAM 5284/7620MB (lfb 18x4MB) SWAP 3116/12002MB (cached 55MB) CPU [18%@1728,0%@1728,9%@1728,27%@1728,9%@1728,0%@1728] GR3D_FREQ 99% cpu@71.781C soc2@70.562C soc0@70.875C gpu@73.781C tj@73.781C soc1@71.5C VDD_IN 19676mW/19318mW VDD_CPU_GPU_CV 8453mW/8289mW VDD_SOC 4943mW/4888mW
08-05-2026 04:37:45 RAM 5284/7620MB (lfb 18x4MB) SWAP 3116/12002MB (cached 55MB) CPU [9%@1728,0%@1728,0%@1728,0%@1728,0%@1728,0%@1728] GR3D_FREQ 99% cpu@71.718C soc2@70.625C soc0@70.937C gpu@74.062C tj@74.062C soc1@71.531C VDD_IN 19676mW/19320mW VDD_CPU_GPU_CV 8453mW/8290mW VDD_SOC 4943mW/4888mW
08-05-2026 04:37:45 RAM 5284/7620MB (lfb 18x4MB) SWAP 3116/12002MB (cached 55MB) CPU [0%@1728,0%@1728,0%@1728,0%@1728,0%@1728,0%@1728] GR3D_FREQ 99% cpu@71.937C soc2@70.687C soc0@71.062C gpu@74C tj@74C soc1@71.437C VDD_IN 19635mW/19321mW VDD_CPU_GPU_CV 8493mW/8291mW VDD_SOC 4943mW/4889mW
08-05-2026 04:37:45 RAM 5284/7620MB (lfb 18x4MB) SWAP 3116/12002MB (cached 55MB) CPU [0%@1728,0%@1728,0%@1728,0%@1728,0%@1728,0%@1728] GR3D_FREQ 99% cpu@71.812C soc2@70.5C soc0@70.937C gpu@73.468C tj@73.468C soc1@71.343C VDD_IN 19474mW/19321mW VDD_CPU_GPU_CV 8373mW/8291mW VDD_SOC 4911mW/4889mW
08-05-2026 04:37:45 RAM 5284/7620MB (lfb 18x4MB) SWAP 3116/12002MB (cached 55MB) CPU [0%@1728,0%@1728,0%@1728,0%@1728,9%@1728,0%@1728] GR3D_FREQ 99% cpu@71.562C soc2@70.468C soc0@70.875C gpu@74.062C tj@74.062C soc1@71.468C VDD_IN 19393mW/19322mW VDD_CPU_GPU_CV 8333mW/8291mW VDD_SOC 4870mW/4889mW
08-05-2026 04:37:46 RAM 5284/7620MB (lfb 18x4MB) SWAP 3116/12002MB (cached 55MB) CPU [0%@1728,0%@1728,0%@1728,8%@1728,0%@1728,9%@1728] GR3D_FREQ 99% cpu@71.5C soc2@70.5C soc0@71.031C gpu@73.656C tj@73.656C soc1@71.531C VDD_IN 19313mW/19322mW VDD_CPU_GPU_CV 8333mW/8291mW VDD_SOC 4870mW/4889mW
08-05-2026 04:37:46 RAM 5284/7620MB (lfb 18x4MB) SWAP 3116/12002MB (cached 55MB) CPU [0%@1728,10%@1728,0%@1728,0%@1728,0%@1728,0%@1728] GR3D_FREQ 99% cpu@71.625C soc2@70.562C soc0@71.062C gpu@73.687C tj@73.687C soc1@71.562C VDD_IN 19474mW/19322mW VDD_CPU_GPU_CV 8413mW/8292mW VDD_SOC 4911mW/4889mW
08-05-2026 04:37:46 RAM 5284/7620MB (lfb 18x4MB) SWAP 3116/12002MB (cached 55MB) CPU [0%@1728,0%@1728,0%@1728,0%@1728,0%@1728,0%@1728] GR3D_FREQ 99% cpu@71.656C soc2@70.5C soc0@70.875C gpu@73.906C tj@73.906C soc1@71.375C VDD_IN 19595mW/19323mW VDD_CPU_GPU_CV 8413mW/8292mW VDD_SOC 4951mW/4889mW
08-05-2026 04:37:46 RAM 5284/7620MB (lfb 18x4MB) SWAP 3116/12002MB (cached 55MB) CPU [18%@1728,9%@1728,0%@1728,0%@1728,0%@1728,0%@1728] GR3D_FREQ 99% cpu@71.5C soc2@70.5C soc0@70.843C gpu@73.906C tj@73.906C soc1@71.375C VDD_IN 19595mW/19324mW VDD_CPU_GPU_CV 8453mW/8292mW VDD_SOC 4951mW/4889mW
08-05-2026 04:37:46 RAM 5284/7620MB (lfb 18x4MB) SWAP 3116/12002MB (cached 55MB) CPU [0%@1728,0%@1728,16%@1728,0%@1728,0%@1728,0%@1728] GR3D_FREQ 99% cpu@71.468C soc2@70.593C soc0@70.906C gpu@73.406C tj@73.406C soc1@71.437C VDD_IN 19393mW/19324mW VDD_CPU_GPU_CV 8333mW/8293mW VDD_SOC 4911mW/4889mW
08-05-2026 04:37:46 RAM 5284/7620MB (lfb 18x4MB) SWAP 3116/12002MB (cached 55MB) CPU [0%@1728,0%@1728,8%@1728,0%@1728,0%@1728,0%@1728] GR3D_FREQ 99% cpu@71.468C soc2@70.625C soc0@70.968C gpu@73.906C tj@73.906C soc1@71.531C VDD_IN 19313mW/19324mW VDD_CPU_GPU_CV 8333mW/8293mW VDD_SOC 4870mW/4889mW
08-05-2026 04:37:46 RAM 5284/7620MB (lfb 18x4MB) SWAP 3116/12002MB (cached 55MB) CPU [0%@1728,0%@1728,0%@1728,0%@1728,0%@1728,0%@1728] GR3D_FREQ 99% cpu@71.812C soc2@70.562C soc0@71.031C gpu@73.593C tj@73.593C soc1@71.312C VDD_IN 19272mW/19324mW VDD_CPU_GPU_CV 8293mW/8293mW VDD_SOC 4870mW/4889mW
08-05-2026 04:37:46 RAM 5284/7620MB (lfb 18x4MB) SWAP 3116/12002MB (cached 55MB) CPU [0%@1728,0%@1728,0%@1728,0%@1728,0%@1728,0%@1728] GR3D_FREQ 99% cpu@71.75C soc2@70.468C soc0@70.812C gpu@73.531C tj@73.531C soc1@71.343C VDD_IN 19474mW/19325mW VDD_CPU_GPU_CV 8373mW/8293mW VDD_SOC 4911mW/4889mW
08-05-2026 04:37:46 RAM 5284/7620MB (lfb 18x4MB) SWAP 3116/12002MB (cached 55MB) CPU [0%@1728,0%@1728,0%@1728,0%@1728,0%@1728,0%@1728] GR3D_FREQ 99% cpu@71.562C soc2@70.437C soc0@70.875C gpu@73.781C tj@73.781C soc1@71.406C VDD_IN 19635mW/19326mW VDD_CPU_GPU_CV 8453mW/8294mW VDD_SOC 4951mW/4889mW
08-05-2026 04:37:46 RAM 5284/7620MB (lfb 18x4MB) SWAP 3116/12002MB (cached 55MB) CPU [0%@1728,0%@1728,0%@1728,0%@1728,0%@1728,0%@1728] GR3D_FREQ 99% cpu@71.593C soc2@70.5C soc0@70.968C gpu@73.75C tj@73.75C soc1@71.468C VDD_IN 19635mW/19327mW VDD_CPU_GPU_CV 8453mW/8294mW VDD_SOC 4951mW/4889mW
08-05-2026 04:37:47 RAM 5284/7620MB (lfb 18x4MB) SWAP 3116/12002MB (cached 55MB) CPU [10%@1728,10%@1728,0%@1728,9%@1728,0%@1728,0%@1728] GR3D_FREQ 99% cpu@71.812C soc2@70.531C soc0@71.031C gpu@73.312C tj@73.312C soc1@71.312C VDD_IN 19434mW/19327mW VDD_CPU_GPU_CV 8333mW/8294mW VDD_SOC 4911mW/4890mW
08-05-2026 04:37:47 RAM 5284/7620MB (lfb 18x4MB) SWAP 3116/12002MB (cached 55MB) CPU [0%@1728,0%@1728,0%@1728,0%@1728,0%@1728,0%@1728] GR3D_FREQ 99% cpu@71.625C soc2@70.406C soc0@70.875C gpu@73.937C tj@73.937C soc1@71.437C VDD_IN 19313mW/19327mW VDD_CPU_GPU_CV 8293mW/8294mW VDD_SOC 4870mW/4889mW
08-05-2026 04:37:47 RAM 5284/7620MB (lfb 18x4MB) SWAP 3116/12002MB (cached 55MB) CPU [0%@1728,80%@1728,0%@1728,0%@1728,0%@1728,0%@1728] GR3D_FREQ 99% cpu@71.75C soc2@70.468C soc0@70.906C gpu@73.593C tj@73.593C soc1@71.437C VDD_IN 19393mW/19327mW VDD_CPU_GPU_CV 8333mW/8294mW VDD_SOC 4870mW/4889mW
08-05-2026 04:37:47 RAM 5284/7620MB (lfb 18x4MB) SWAP 3116/12002MB (cached 55MB) CPU [0%@1728,9%@1728,0%@1728,0%@1728,0%@1728,0%@1728] GR3D_FREQ 99% cpu@71.468C soc2@70.406C soc0@70.843C gpu@73.531C tj@73.531C soc1@71.5C VDD_IN 19514mW/19328mW VDD_CPU_GPU_CV 8373mW/8295mW VDD_SOC 4911mW/4889mW
08-05-2026 04:37:47 RAM 5283/7620MB (lfb 18x4MB) SWAP 3116/12002MB (cached 55MB) CPU [0%@1728,0%@1728,0%@1728,0%@1728,0%@1728,0%@1728] GR3D_FREQ 99% cpu@71.562C soc2@70.468C soc0@70.937C gpu@73.718C tj@73.718C soc1@71.531C VDD_IN 19676mW/19329mW VDD_CPU_GPU_CV 8453mW/8295mW VDD_SOC 4943mW/4890mW
08-05-2026 04:37:47 RAM 5283/7620MB (lfb 18x4MB) SWAP 3116/12002MB (cached 55MB) CPU [0%@1728,9%@1728,0%@1728,0%@1728,0%@1728,0%@1728] GR3D_FREQ 99% cpu@71.812C soc2@70.562C soc0@70.843C gpu@73.75C tj@73.75C soc1@71.312C VDD_IN 19635mW/19330mW VDD_CPU_GPU_CV 8453mW/8296mW VDD_SOC 4951mW/4890mW
08-05-2026 04:37:47 RAM 5283/7620MB (lfb 18x4MB) SWAP 3116/12002MB (cached 55MB) CPU [0%@1728,0%@1728,0%@1728,0%@1728,0%@1728,0%@1728] GR3D_FREQ 99% cpu@71.812C soc2@70.437C soc0@70.843C gpu@73.843C tj@73.843C soc1@71.25C VDD_IN 19555mW/19331mW VDD_CPU_GPU_CV 8413mW/8296mW VDD_SOC 4951mW/4890mW
08-05-2026 04:37:47 RAM 5283/7620MB (lfb 18x4MB) SWAP 3116/12002MB (cached 55MB) CPU [20%@1728,0%@1728,0%@1728,0%@1728,0%@1728,0%@1728] GR3D_FREQ 99% cpu@71.375C soc2@70.375C soc0@70.906C gpu@73.687C tj@73.687C soc1@71.343C VDD_IN 19353mW/19331mW VDD_CPU_GPU_CV 8333mW/8296mW VDD_SOC 4870mW/4890mW
08-05-2026 04:37:47 RAM 5283/7620MB (lfb 18x4MB) SWAP 3116/12002MB (cached 55MB) CPU [8%@1728,0%@1728,0%@1728,0%@1728,0%@1728,0%@1728] GR3D_FREQ 99% cpu@71.437C soc2@70.468C soc0@70.937C gpu@73.562C tj@73.562C soc1@71.437C VDD_IN 19353mW/19331mW VDD_CPU_GPU_CV 8333mW/8296mW VDD_SOC 4911mW/4890mW
08-05-2026 04:37:48 RAM 5283/7620MB (lfb 18x4MB) SWAP 3116/12002MB (cached 55MB) CPU [0%@1728,0%@1728,0%@1728,8%@1728,0%@1728,0%@1728] GR3D_FREQ 99% cpu@71.781C soc2@70.5C soc0@70.937C gpu@73.781C tj@73.781C soc1@71.187C VDD_IN 19434mW/19331mW VDD_CPU_GPU_CV 8333mW/8296mW VDD_SOC 4911mW/4890mW
08-05-2026 04:37:48 RAM 5284/7620MB (lfb 18x4MB) SWAP 3115/12002MB (cached 55MB) CPU [9%@1728,20%@1728,0%@1728,0%@1728,0%@1728,8%@1728] GR3D_FREQ 99% cpu@71.656C soc2@70.468C soc0@70.781C gpu@73.687C tj@73.687C soc1@71.25C VDD_IN 19635mW/19332mW VDD_CPU_GPU_CV 8453mW/8297mW VDD_SOC 4951mW/4890mW
08-05-2026 04:37:48 RAM 5284/7620MB (lfb 18x4MB) SWAP 3115/12002MB (cached 55MB) CPU [0%@1728,0%@1728,0%@1728,0%@1728,0%@1728,0%@1728] GR3D_FREQ 99% cpu@71.468C soc2@70.437C soc0@70.781C gpu@73.593C tj@73.593C soc1@71.281C VDD_IN 19635mW/19333mW VDD_CPU_GPU_CV 8413mW/8297mW VDD_SOC 4951mW/4891mW
08-05-2026 04:37:48 RAM 5284/7620MB (lfb 18x4MB) SWAP 3115/12002MB (cached 55MB) CPU [0%@1728,8%@1728,0%@1728,0%@1728,0%@1728,0%@1728] GR3D_FREQ 99% cpu@71.406C soc2@70.406C soc0@70.843C gpu@73.812C tj@73.812C soc1@71.437C VDD_IN 19474mW/19334mW VDD_CPU_GPU_CV 8413mW/8298mW VDD_SOC 4911mW/4891mW
08-05-2026 04:37:48 RAM 5284/7620MB (lfb 18x4MB) SWAP 3115/12002MB (cached 55MB) CPU [0%@1728,0%@1728,0%@1728,0%@1728,0%@1728,0%@1728] GR3D_FREQ 99% cpu@71.468C soc2@70.5C soc0@70.937C gpu@73.437C tj@73.437C soc1@71.531C VDD_IN 19313mW/19334mW VDD_CPU_GPU_CV 8333mW/8298mW VDD_SOC 4911mW/4891mW
08-05-2026 04:37:48 RAM 5284/7620MB (lfb 18x4MB) SWAP 3115/12002MB (cached 55MB) CPU [18%@1728,0%@1728,0%@1728,0%@1728,0%@1728,0%@1728] GR3D_FREQ 99% cpu@71.843C soc2@70.5C soc0@70.968C gpu@73.812C tj@73.531C soc1@71.218C VDD_IN 19313mW/19333mW VDD_CPU_GPU_CV 8293mW/8298mW VDD_SOC 4870mW/4891mW
08-05-2026 04:37:48 RAM 5284/7620MB (lfb 18x4MB) SWAP 3115/12002MB (cached 55MB) CPU [0%@1728,0%@1728,0%@1728,0%@1728,0%@1728,0%@1728] GR3D_FREQ 99% cpu@71.312C soc2@70.375C soc0@70.781C gpu@73.625C tj@73.625C soc1@71.312C VDD_IN 19353mW/19334mW VDD_CPU_GPU_CV 8333mW/8298mW VDD_SOC 4870mW/4891mW
08-05-2026 04:37:48 RAM 5287/7620MB (lfb 19x4MB) SWAP 3115/12002MB (cached 55MB) CPU [9%@1728,0%@1728,9%@1728,27%@1728,0%@1728,0%@1728] GR3D_FREQ 99% cpu@71.437C soc2@70.375C soc0@70.781C gpu@73.718C tj@73.718C soc1@71.281C VDD_IN 19676mW/19335mW VDD_CPU_GPU_CV 8493mW/8299mW VDD_SOC 4951mW/4891mW
08-05-2026 04:37:48 RAM 5287/7620MB (lfb 19x4MB) SWAP 3115/12002MB (cached 55MB) CPU [0%@1728,0%@1728,0%@1728,0%@1728,0%@1728,0%@1728] GR3D_FREQ 99% cpu@71.406C soc2@70.437C soc0@70.843C gpu@73.875C tj@73.875C soc1@71.406C VDD_IN 19676mW/19336mW VDD_CPU_GPU_CV 8453mW/8299mW VDD_SOC 4951mW/4891mW
08-05-2026 04:37:48 RAM 5287/7620MB (lfb 19x4MB) SWAP 3115/12002MB (cached 55MB) CPU [9%@1728,0%@1728,8%@1728,0%@1728,0%@1728,0%@1728] GR3D_FREQ 99% cpu@71.781C soc2@70.468C soc0@70.937C gpu@73.906C tj@73.906C soc1@71.156C VDD_IN 19635mW/19337mW VDD_CPU_GPU_CV 8493mW/8300mW VDD_SOC 4951mW/4891mW
08-05-2026 04:37:49 RAM 5287/7620MB (lfb 19x4MB) SWAP 3115/12002MB (cached 55MB) CPU [0%@1728,10%@1728,0%@1728,9%@1728,0%@1728,0%@1728] GR3D_FREQ 99% cpu@71.5C soc2@70.312C soc0@70.687C gpu@73.218C tj@73.218C soc1@71.125C VDD_IN 19393mW/19337mW VDD_CPU_GPU_CV 8333mW/8300mW VDD_SOC 4911mW/4891mW
08-05-2026 04:37:49 RAM 5287/7620MB (lfb 19x4MB) SWAP 3115/12002MB (cached 55MB) CPU [0%@1728,0%@1728,0%@1728,0%@1728,0%@1728,0%@1728] GR3D_FREQ 99% cpu@71.218C soc2@70.343C soc0@70.656C gpu@73.906C tj@73.906C soc1@71.25C VDD_IN 19313mW/19337mW VDD_CPU_GPU_CV 8333mW/8300mW VDD_SOC 4870mW/4891mW
08-05-2026 04:37:49 RAM 5287/7620MB (lfb 19x4MB) SWAP 3115/12002MB (cached 55MB) CPU [18%@1728,16%@1728,0%@1728,0%@1728,0%@1728,0%@1728] GR3D_FREQ 99% cpu@71.437C soc2@70.343C soc0@70.812C gpu@73.5C tj@73.5C soc1@71.312C VDD_IN 19313mW/19337mW VDD_CPU_GPU_CV 8333mW/8300mW VDD_SOC 4870mW/4891mW
08-05-2026 04:37:49 RAM 5287/7620MB (lfb 19x4MB) SWAP 3115/12002MB (cached 55MB) CPU [0%@1728,0%@1728,0%@1728,0%@1728,0%@1728,0%@1728] GR3D_FREQ 99% cpu@71.375C soc2@70.312C soc0@70.906C gpu@73.656C tj@73.656C soc1@71.406C VDD_IN 19555mW/19337mW VDD_CPU_GPU_CV 8413mW/8300mW VDD_SOC 4951mW/4891mW
08-05-2026 04:37:49 RAM 5287/7620MB (lfb 19x4MB) SWAP 3115/12002MB (cached 55MB) CPU [0%@1728,0%@1728,0%@1728,0%@1728,0%@1728,0%@1728] GR3D_FREQ 99% cpu@71.5C soc2@70.343C soc0@70.687C gpu@73.812C tj@73.812C soc1@71.093C VDD_IN 19595mW/19338mW VDD_CPU_GPU_CV 8413mW/8301mW VDD_SOC 4951mW/4891mW
08-05-2026 04:37:49 RAM 5287/7620MB (lfb 19x4MB) SWAP 3115/12002MB (cached 55MB) CPU [0%@1728,0%@1728,0%@1728,0%@1728,0%@1728,0%@1728] GR3D_FREQ 99% cpu@71.343C soc2@70.375C soc0@70.718C gpu@73.687C tj@73.687C soc1@71.156C VDD_IN 19595mW/19339mW VDD_CPU_GPU_CV 8453mW/8301mW VDD_SOC 4951mW/4892mW
08-05-2026 04:37:49 RAM 5287/7620MB (lfb 19x4MB) SWAP 3115/12002MB (cached 55MB) CPU [0%@1728,0%@1728,0%@1728,0%@1728,0%@1728,0%@1728] GR3D_FREQ 99% cpu@71.312C soc2@70.281C soc0@70.75C gpu@73.562C tj@73.562C soc1@71.218C VDD_IN 19434mW/19339mW VDD_CPU_GPU_CV 8333mW/8301mW VDD_SOC 4911mW/4892mW
08-05-2026 04:37:49 RAM 5287/7620MB (lfb 19x4MB) SWAP 3115/12002MB (cached 55MB) CPU [0%@1728,0%@1728,0%@1728,0%@1728,0%@1728,0%@1728] GR3D_FREQ 99% cpu@71.312C soc2@70.218C soc0@70.843C gpu@73.781C tj@73.781C soc1@71.343C VDD_IN 19313mW/19339mW VDD_CPU_GPU_CV 8333mW/8301mW VDD_SOC 4870mW/4892mW
08-05-2026 04:37:49 RAM 5287/7620MB (lfb 19x4MB) SWAP 3115/12002MB (cached 55MB) CPU [9%@1728,0%@1728,9%@1728,0%@1728,0%@1728,0%@1728] GR3D_FREQ 99% cpu@71.375C soc2@70.25C soc0@70.875C gpu@73.437C tj@73.437C soc1@71.406C VDD_IN 19272mW/19339mW VDD_CPU_GPU_CV 8293mW/8301mW VDD_SOC 4870mW/4892mW
08-05-2026 04:37:50 RAM 5287/7620MB (lfb 19x4MB) SWAP 3115/12002MB (cached 55MB) CPU [10%@1728,0%@1728,0%@1728,0%@1728,0%@1728,0%@1728] GR3D_FREQ 96% cpu@71.562C soc2@70.312C soc0@70.656C gpu@73.843C tj@73.843C soc1@71.125C VDD_IN 19514mW/19340mW VDD_CPU_GPU_CV 8413mW/8302mW VDD_SOC 4911mW/4892mW
08-05-2026 04:37:50 RAM 5287/7620MB (lfb 19x4MB) SWAP 3115/12002MB (cached 55MB) CPU [0%@1728,11%@1728,0%@1728,0%@1728,0%@1728,0%@1728] GR3D_FREQ 99% cpu@71.375C soc2@70.281C soc0@70.718C gpu@73.625C tj@73.625C soc1@71.093C VDD_IN 19595mW/19340mW VDD_CPU_GPU_CV 8413mW/8302mW VDD_SOC 4951mW/4892mW
08-05-2026 04:37:50 RAM 5287/7620MB (lfb 19x4MB) SWAP 3115/12002MB (cached 55MB) CPU [0%@1728,8%@1728,0%@1728,0%@1728,0%@1728,0%@1728] GR3D_FREQ 99% cpu@71.375C soc2@70.343C soc0@70.687C gpu@73.75C tj@73.75C soc1@71.281C VDD_IN 19595mW/19341mW VDD_CPU_GPU_CV 8453mW/8302mW VDD_SOC 4951mW/4892mW
08-05-2026 04:37:50 RAM 5287/7620MB (lfb 19x4MB) SWAP 3115/12002MB (cached 55MB) CPU [0%@1728,0%@1728,0%@1728,0%@1728,0%@1728,0%@1728] GR3D_FREQ 99% cpu@71.437C soc2@70.343C soc0@70.906C gpu@73.593C tj@73.593C soc1@71.312C VDD_IN 19393mW/19341mW VDD_CPU_GPU_CV 8333mW/8303mW VDD_SOC 4911mW/4892mW
08-05-2026 04:37:50 RAM 5287/7620MB (lfb 19x4MB) SWAP 3115/12002MB (cached 55MB) CPU [0%@1728,9%@1728,0%@1728,0%@1728,0%@1728,0%@1728] GR3D_FREQ 99% cpu@71.5C soc2@70.312C soc0@70.625C gpu@73.656C tj@73.656C soc1@71.156C VDD_IN 19313mW/19341mW VDD_CPU_GPU_CV 8293mW/8303mW VDD_SOC 4870mW/4892mW
08-05-2026 04:37:50 RAM 5287/7620MB (lfb 19x4MB) SWAP 3115/12002MB (cached 55MB) CPU [0%@1728,0%@1728,0%@1728,0%@1728,0%@1728,0%@1728] GR3D_FREQ 99% cpu@71.312C soc2@70.218C soc0@70.625C gpu@73.312C tj@73.531C soc1@71.25C VDD_IN 19272mW/19341mW VDD_CPU_GPU_CV 8293mW/8302mW VDD_SOC 4870mW/4892mW
08-05-2026 04:37:50 RAM 5287/7620MB (lfb 19x4MB) SWAP 3115/12002MB (cached 55MB) CPU [0%@1728,0%@1728,0%@1728,0%@1728,0%@1728,0%@1728] GR3D_FREQ 99% cpu@71.312C soc2@70.312C soc0@70.687C gpu@73.656C tj@73.656C soc1@71.187C VDD_IN 19393mW/19341mW VDD_CPU_GPU_CV 8333mW/8303mW VDD_SOC 4911mW/4892mW
08-05-2026 04:37:50 RAM 5287/7620MB (lfb 19x4MB) SWAP 3115/12002MB (cached 55MB) CPU [8%@1728,0%@1728,0%@1728,0%@1728,0%@1728,0%@1728] GR3D_FREQ 99% cpu@71.312C soc2@70.375C soc0@70.718C gpu@73.531C tj@73.531C soc1@71.375C VDD_IN 19595mW/19342mW VDD_CPU_GPU_CV 8413mW/8303mW VDD_SOC 4951mW/4892mW
08-05-2026 04:37:50 RAM 5287/7620MB (lfb 19x4MB) SWAP 3115/12002MB (cached 55MB) CPU [10%@1728,0%@1728,0%@1728,0%@1728,0%@1728,0%@1728] GR3D_FREQ 99% cpu@71.437C soc2@70.437C soc0@70.968C gpu@73.531C tj@73.531C soc1@71.531C VDD_IN 19595mW/19343mW VDD_CPU_GPU_CV 8453mW/8303mW VDD_SOC 4951mW/4892mW
08-05-2026 04:37:50 RAM 5287/7620MB (lfb 19x4MB) SWAP 3115/12002MB (cached 55MB) CPU [0%@1728,0%@1728,0%@1728,9%@1728,0%@1728,0%@1728] GR3D_FREQ 99% cpu@71.343C soc2@70.25C soc0@70.75C gpu@73.562C tj@73.562C soc1@71.125C VDD_IN 19474mW/19343mW VDD_CPU_GPU_CV 8373mW/8304mW VDD_SOC 4951mW/4892mW
08-05-2026 04:37:51 RAM 5287/7620MB (lfb 19x4MB) SWAP 3115/12002MB (cached 55MB) CPU [9%@1728,0%@1728,18%@1728,0%@1728,0%@1728,8%@1728] GR3D_FREQ 99% cpu@71.531C soc2@70.25C soc0@70.75C gpu@73.406C tj@73.406C soc1@71.281C VDD_IN 19353mW/19343mW VDD_CPU_GPU_CV 8333mW/8304mW VDD_SOC 4870mW/4892mW
08-05-2026 04:37:51 RAM 5287/7620MB (lfb 19x4MB) SWAP 3115/12002MB (cached 55MB) CPU [0%@1728,9%@1728,0%@1728,8%@1728,0%@1728,0%@1728] GR3D_FREQ 99% cpu@71.375C soc2@70.281C soc0@70.781C gpu@73.812C tj@73.812C soc1@71.25C VDD_IN 19272mW/19343mW VDD_CPU_GPU_CV 8293mW/8304mW VDD_SOC 4870mW/4892mW
08-05-2026 04:37:51 RAM 5287/7620MB (lfb 19x4MB) SWAP 3115/12002MB (cached 55MB) CPU [0%@1728,0%@1728,8%@1728,0%@1728,0%@1728,0%@1728] GR3D_FREQ 99% cpu@71.343C soc2@70.343C soc0@70.875C gpu@73.593C tj@73.593C soc1@71.531C VDD_IN 19313mW/19343mW VDD_CPU_GPU_CV 8333mW/8304mW VDD_SOC 4911mW/4892mW
08-05-2026 04:37:51 RAM 5287/7620MB (lfb 19x4MB) SWAP 3115/12002MB (cached 55MB) CPU [0%@1728,9%@1728,0%@1728,0%@1728,0%@1728,0%@1728] GR3D_FREQ 99% cpu@71.625C soc2@70.437C soc0@70.75C gpu@73.656C tj@73.656C soc1@71.156C VDD_IN 19595mW/19344mW VDD_CPU_GPU_CV 8413mW/8304mW VDD_SOC 4951mW/4893mW
08-05-2026 04:37:51 RAM 5287/7620MB (lfb 19x4MB) SWAP 3115/12002MB (cached 55MB) CPU [0%@1728,0%@1728,0%@1728,0%@1728,0%@1728,0%@1728] GR3D_FREQ 99% cpu@71.25C soc2@70.375C soc0@70.781C gpu@73.968C tj@73.968C soc1@71.218C VDD_IN 19555mW/19344mW VDD_CPU_GPU_CV 8413mW/8304mW VDD_SOC 4951mW/4893mW
08-05-2026 04:37:51 RAM 5287/7620MB (lfb 19x4MB) SWAP 3115/12002MB (cached 55MB) CPU [0%@1728,10%@1728,0%@1728,0%@1728,0%@1728,0%@1728] GR3D_FREQ 99% cpu@71.343C soc2@70.343C soc0@70.812C gpu@73.656C tj@73.656C soc1@71.281C VDD_IN 19474mW/19345mW VDD_CPU_GPU_CV 8373mW/8305mW VDD_SOC 4951mW/4893mW
08-05-2026 04:37:51 RAM 5287/7620MB (lfb 19x4MB) SWAP 3115/12002MB (cached 55MB) CPU [0%@1728,0%@1728,0%@1728,0%@1728,0%@1728,0%@1728] GR3D_FREQ 99% cpu@71.312C soc2@70.343C soc0@70.843C gpu@73.312C tj@73.437C soc1@71.437C VDD_IN 19313mW/19344mW VDD_CPU_GPU_CV 8293mW/8305mW VDD_SOC 4911mW/4893mW
08-05-2026 04:37:51 RAM 5287/7620MB (lfb 19x4MB) SWAP 3115/12002MB (cached 55MB) CPU [9%@1728,0%@1728,0%@1728,0%@1728,0%@1728,0%@1728] GR3D_FREQ 99% cpu@71.437C soc2@70.375C soc0@70.781C gpu@73.875C tj@73.875C soc1@71.25C VDD_IN 19313mW/19344mW VDD_CPU_GPU_CV 8293mW/8304mW VDD_SOC 4911mW/4893mW
08-05-2026 04:37:51 RAM 5287/7620MB (lfb 19x4MB) SWAP 3115/12002MB (cached 55MB) CPU [0%@1728,0%@1728,0%@1728,0%@1728,0%@1728,0%@1728] GR3D_FREQ 99% cpu@71.343C soc2@70.218C soc0@70.781C gpu@73.593C tj@73.593C soc1@71.218C VDD_IN 19313mW/19344mW VDD_CPU_GPU_CV 8293mW/8304mW VDD_SOC 4870mW/4893mW
08-05-2026 04:37:52 RAM 5285/7620MB (lfb 19x4MB) SWAP 3115/12002MB (cached 55MB) CPU [25%@1728,16%@1728,10%@1728,0%@1728,0%@1728,0%@1728] GR3D_FREQ 99% cpu@71.437C soc2@70.406C soc0@70.812C gpu@73.5C tj@73.5C soc1@71.281C VDD_IN 19635mW/19345mW VDD_CPU_GPU_CV 8453mW/8305mW VDD_SOC 4951mW/4893mW
08-05-2026 04:37:52 RAM 5284/7620MB (lfb 19x4MB) SWAP 3115/12002MB (cached 55MB) CPU [0%@1728,0%@1728,9%@1728,0%@1728,0%@1728,0%@1728] GR3D_FREQ 99% cpu@71.437C soc2@70.406C soc0@70.843C gpu@73.812C tj@73.812C soc1@71.312C VDD_IN 19635mW/19346mW VDD_CPU_GPU_CV 8453mW/8305mW VDD_SOC 4951mW/4893mW
08-05-2026 04:37:52 RAM 5284/7620MB (lfb 19x4MB) SWAP 3115/12002MB (cached 55MB) CPU [0%@1728,0%@1728,0%@1728,0%@1728,0%@1728,0%@1728] GR3D_FREQ 99% cpu@71.593C soc2@70.375C soc0@70.968C gpu@73.937C tj@73.937C soc1@71.437C VDD_IN 19635mW/19347mW VDD_CPU_GPU_CV 8493mW/8306mW VDD_SOC 4951mW/4893mW
08-05-2026 04:37:52 RAM 5284/7620MB (lfb 19x4MB) SWAP 3115/12002MB (cached 55MB) CPU [0%@1728,0%@1728,0%@1728,0%@1728,10%@1728,0%@1728] GR3D_FREQ 99% cpu@71.593C soc2@70.343C soc0@70.718C gpu@73.281C tj@73.281C soc1@71.25C VDD_IN 19353mW/19347mW VDD_CPU_GPU_CV 8333mW/8306mW VDD_SOC 4870mW/4893mW
08-05-2026 04:37:52 RAM 5284/7620MB (lfb 19x4MB) SWAP 3115/12002MB (cached 55MB) CPU [0%@1728,0%@1728,0%@1728,0%@1728,0%@1728,0%@1728] GR3D_FREQ 99% cpu@71.406C soc2@70.343C soc0@70.781C gpu@73.875C tj@73.875C soc1@71.281C VDD_IN 19313mW/19347mW VDD_CPU_GPU_CV 8333mW/8306mW VDD_SOC 4870mW/4893mW
08-05-2026 04:37:52 RAM 5284/7620MB (lfb 19x4MB) SWAP 3115/12002MB (cached 55MB) CPU [0%@1728,0%@1728,0%@1728,8%@1728,0%@1728,0%@1728] GR3D_FREQ 99% cpu@71.312C soc2@70.375C soc0@70.843C gpu@73.5C tj@73.5C soc1@71.343C VDD_IN 19313mW/19347mW VDD_CPU_GPU_CV 8293mW/8306mW VDD_SOC 4870mW/4893mW
08-05-2026 04:37:52 RAM 5284/7620MB (lfb 19x4MB) SWAP 3115/12002MB (cached 55MB) CPU [0%@1728,0%@1728,0%@1728,0%@1728,0%@1728,0%@1728] GR3D_FREQ 99% cpu@71.468C soc2@70.406C soc0@70.937C gpu@73.5C tj@73.5C soc1@71.468C VDD_IN 19555mW/19347mW VDD_CPU_GPU_CV 8413mW/8306mW VDD_SOC 4911mW/4893mW
08-05-2026 04:37:52 RAM 5284/7620MB (lfb 19x4MB) SWAP 3115/12002MB (cached 55MB) CPU [0%@1728,0%@1728,0%@1728,0%@1728,0%@1728,0%@1728] GR3D_FREQ 99% cpu@71.687C soc2@70.5C soc0@70.75C gpu@73.843C tj@73.843C soc1@71.281C VDD_IN 19635mW/19348mW VDD_CPU_GPU_CV 8413mW/8307mW VDD_SOC 4951mW/4893mW
08-05-2026 04:37:52 RAM 5284/7620MB (lfb 19x4MB) SWAP 3115/12002MB (cached 55MB) CPU [0%@1728,0%@1728,0%@1728,0%@1728,0%@1728,0%@1728] GR3D_FREQ 99% cpu@71.343C soc2@70.437C soc0@70.812C gpu@73.687C tj@73.875C soc1@71.281C VDD_IN 19595mW/19349mW VDD_CPU_GPU_CV 8453mW/8307mW VDD_SOC 4951mW/4894mW
08-05-2026 04:37:52 RAM 5284/7620MB (lfb 19x4MB) SWAP 3115/12002MB (cached 55MB) CPU [0%@1728,0%@1728,0%@1728,0%@1728,9%@1728,0%@1728] GR3D_FREQ 99% cpu@71.437C soc2@70.5C soc0@70.875C gpu@73.781C tj@73.781C soc1@71.312C VDD_IN 19474mW/19349mW VDD_CPU_GPU_CV 8333mW/8307mW VDD_SOC 4951mW/4894mW
08-05-2026 04:37:53 RAM 5284/7620MB (lfb 19x4MB) SWAP 3115/12002MB (cached 55MB) CPU [0%@1728,0%@1728,10%@1728,0%@1728,10%@1728,9%@1728] GR3D_FREQ 99% cpu@71.812C soc2@70.375C soc0@70.843C gpu@73.937C tj@73.937C soc1@71.468C VDD_IN 19393mW/19349mW VDD_CPU_GPU_CV 8333mW/8307mW VDD_SOC 4870mW/4894mW
08-05-2026 04:37:53 RAM 5284/7620MB (lfb 19x4MB) SWAP 3115/12002MB (cached 55MB) CPU [0%@1728,0%@1728,9%@1728,9%@1728,0%@1728,9%@1728] GR3D_FREQ 99% cpu@71.625C soc2@70.437C soc0@70.968C gpu@73.343C tj@73.343C soc1@71.531C VDD_IN 19313mW/19349mW VDD_CPU_GPU_CV 8293mW/8307mW VDD_SOC 4870mW/4894mW
08-05-2026 04:37:53 RAM 5285/7620MB (lfb 19x4MB) SWAP 3115/12002MB (cached 55MB) CPU [0%@1728,9%@1728,0%@1728,0%@1728,0%@1728,0%@1728] GR3D_FREQ 99% cpu@71.437C soc2@70.468C soc0@70.812C gpu@74.031C tj@74.031C soc1@71.218C VDD_IN 19514mW/19350mW VDD_CPU_GPU_CV 8373mW/8307mW VDD_SOC 4911mW/4894mW
08-05-2026 04:37:53 RAM 5285/7620MB (lfb 19x4MB) SWAP 3115/12002MB (cached 55MB) CPU [0%@1728,0%@1728,0%@1728,0%@1728,0%@1728,0%@1728] GR3D_FREQ 99% cpu@71.5C soc2@70.437C soc0@70.843C gpu@73.875C tj@73.875C soc1@71.343C VDD_IN 19595mW/19350mW VDD_CPU_GPU_CV 8413mW/8308mW VDD_SOC 4951mW/4894mW
08-05-2026 04:37:53 RAM 5285/7620MB (lfb 19x4MB) SWAP 3115/12002MB (cached 55MB) CPU [0%@1728,0%@1728,0%@1728,0%@1728,0%@1728,0%@1728] GR3D_FREQ 99% cpu@71.625C soc2@70.406C soc0@70.843C gpu@73.781C tj@73.781C soc1@71.5C VDD_IN 19595mW/19351mW VDD_CPU_GPU_CV 8413mW/8308mW VDD_SOC 4951mW/4894mW
08-05-2026 04:37:53 RAM 5285/7620MB (lfb 19x4MB) SWAP 3115/12002MB (cached 55MB) CPU [0%@1728,0%@1728,0%@1728,0%@1728,0%@1728,0%@1728] GR3D_FREQ 99% cpu@71.562C soc2@70.5C soc0@71.031C gpu@73.718C tj@73.718C soc1@71.562C VDD_IN 19474mW/19351mW VDD_CPU_GPU_CV 8333mW/8308mW VDD_SOC 4951mW/4894mW
08-05-2026 04:37:53 RAM 5285/7620MB (lfb 19x4MB) SWAP 3115/12002MB (cached 55MB) CPU [0%@1728,0%@1728,0%@1728,0%@1728,0%@1728,0%@1728] GR3D_FREQ 99% cpu@71.687C soc2@70.562C soc0@70.812C gpu@73.718C tj@73.718C soc1@71.343C VDD_IN 19313mW/19351mW VDD_CPU_GPU_CV 8293mW/8308mW VDD_SOC 4870mW/4894mW
08-05-2026 04:37:53 RAM 5285/7620MB (lfb 19x4MB) SWAP 3115/12002MB (cached 55MB) CPU [0%@1728,0%@1728,0%@1728,0%@1728,10%@1728,0%@1728] GR3D_FREQ 99% cpu@71.468C soc2@70.437C soc0@70.843C gpu@73.468C tj@73.468C soc1@71.437C VDD_IN 19313mW/19351mW VDD_CPU_GPU_CV 8293mW/8308mW VDD_SOC 4870mW/4894mW
08-05-2026 04:37:53 RAM 5285/7620MB (lfb 19x4MB) SWAP 3115/12002MB (cached 55MB) CPU [0%@1728,0%@1728,0%@1728,0%@1728,0%@1728,0%@1728] GR3D_FREQ 99% cpu@71.562C soc2@70.5C soc0@70.875C gpu@73.875C tj@73.875C soc1@71.343C VDD_IN 19474mW/19351mW VDD_CPU_GPU_CV 8373mW/8308mW VDD_SOC 4911mW/4894mW
08-05-2026 04:37:54 RAM 5285/7620MB (lfb 19x4MB) SWAP 3115/12002MB (cached 55MB) CPU [8%@1728,0%@1728,0%@1728,9%@1728,9%@1728,0%@1728] GR3D_FREQ 99% cpu@71.625C soc2@70.531C soc0@70.906C gpu@73.687C tj@73.687C soc1@71.531C VDD_IN 19635mW/19352mW VDD_CPU_GPU_CV 8413mW/8308mW VDD_SOC 4951mW/4894mW
08-05-2026 04:37:54 RAM 5285/7620MB (lfb 19x4MB) SWAP 3115/12002MB (cached 55MB) CPU [0%@1728,0%@1728,18%@1728,9%@1728,0%@1728,0%@1728] GR3D_FREQ 99% cpu@71.593C soc2@70.593C soc0@71.062C gpu@73.718C tj@73.718C soc1@71.406C VDD_IN 19555mW/19353mW VDD_CPU_GPU_CV 8413mW/8309mW VDD_SOC 4951mW/4894mW
08-05-2026 04:37:54 RAM 5285/7620MB (lfb 19x4MB) SWAP 3115/12002MB (cached 55MB) CPU [0%@1728,9%@1728,0%@1728,0%@1728,0%@1728,0%@1728] GR3D_FREQ 99% cpu@71.718C soc2@70.437C soc0@70.968C gpu@73.843C tj@73.843C soc1@71.375C VDD_IN 19434mW/19353mW VDD_CPU_GPU_CV 8333mW/8309mW VDD_SOC 4911mW/4894mW
08-05-2026 04:37:54 RAM 5285/7620MB (lfb 19x4MB) SWAP 3115/12002MB (cached 55MB) CPU [8%@1728,0%@1728,0%@1728,0%@1728,0%@1728,0%@1728] GR3D_FREQ 99% cpu@71.531C soc2@70.437C soc0@70.968C gpu@73.718C tj@73.718C soc1@71.406C VDD_IN 19272mW/19353mW VDD_CPU_GPU_CV 8293mW/8309mW VDD_SOC 4870mW/4894mW
08-05-2026 04:37:54 RAM 5285/7620MB (lfb 19x4MB) SWAP 3115/12002MB (cached 55MB) CPU [0%@1728,0%@1728,0%@1728,0%@1728,0%@1728,0%@1728] GR3D_FREQ 99% cpu@71.593C soc2@70.5C soc0@71C gpu@73.468C tj@73.468C soc1@71.468C VDD_IN 19272mW/19353mW VDD_CPU_GPU_CV 8293mW/8309mW VDD_SOC 4870mW/4894mW
08-05-2026 04:37:54 RAM 5285/7620MB (lfb 19x4MB) SWAP 3115/12002MB (cached 55MB) CPU [0%@1728,0%@1728,0%@1728,0%@1728,10%@1728,0%@1728] GR3D_FREQ 96% cpu@71.687C soc2@70.531C soc0@71.093C gpu@73.875C tj@73.875C soc1@71.531C VDD_IN 19474mW/19353mW VDD_CPU_GPU_CV 8373mW/8309mW VDD_SOC 4911mW/4894mW
08-05-2026 04:37:54 RAM 5285/7620MB (lfb 19x4MB) SWAP 3115/12002MB (cached 55MB) CPU [0%@1728,0%@1728,0%@1728,0%@1728,0%@1728,0%@1728] GR3D_FREQ 99% cpu@71.875C soc2@70.562C soc0@71.125C gpu@73.593C tj@73.593C soc1@71.437C VDD_IN 19595mW/19353mW VDD_CPU_GPU_CV 8413mW/8309mW VDD_SOC 4951mW/4894mW
08-05-2026 04:37:54 RAM 5285/7620MB (lfb 19x4MB) SWAP 3115/12002MB (cached 55MB) CPU [0%@1728,0%@1728,0%@1728,0%@1728,0%@1728,0%@1728] GR3D_FREQ 99% cpu@71.656C soc2@70.468C soc0@70.937C gpu@74.25C tj@74.25C soc1@71.437C VDD_IN 19595mW/19354mW VDD_CPU_GPU_CV 8453mW/8309mW VDD_SOC 4951mW/4895mW
08-05-2026 04:37:54 RAM 5285/7620MB (lfb 19x4MB) SWAP 3115/12002MB (cached 55MB) CPU [0%@1728,0%@1728,0%@1728,0%@1728,0%@1728,0%@1728] GR3D_FREQ 99% cpu@71.593C soc2@70.5C soc0@70.968C gpu@74.031C tj@74.031C soc1@71.5C VDD_IN 19514mW/19355mW VDD_CPU_GPU_CV 8413mW/8310mW VDD_SOC 4951mW/4895mW
08-05-2026 04:37:54 RAM 5285/7620MB (lfb 19x4MB) SWAP 3115/12002MB (cached 55MB) CPU [0%@1728,0%@1728,0%@1728,0%@1728,9%@1728,0%@1728] GR3D_FREQ 99% cpu@71.593C soc2@70.562C soc0@71.031C gpu@73.531C tj@73.531C soc1@71.531C VDD_IN 19353mW/19355mW VDD_CPU_GPU_CV 8333mW/8310mW VDD_SOC 4911mW/4895mW
08-05-2026 04:37:55 RAM 5285/7620MB (lfb 19x4MB) SWAP 3115/12002MB (cached 55MB) CPU [0%@1728,0%@1728,0%@1728,0%@1728,0%@1728,0%@1728] GR3D_FREQ 99% cpu@71.687C soc2@70.562C soc0@71.062C gpu@74.125C tj@74.125C soc1@71.375C VDD_IN 19353mW/19355mW VDD_CPU_GPU_CV 8333mW/8310mW VDD_SOC 4870mW/4895mW
08-05-2026 04:37:55 RAM 5285/7620MB (lfb 19x4MB) SWAP 3115/12002MB (cached 55MB) CPU [0%@1728,9%@1728,9%@1728,0%@1728,0%@1728,0%@1728] GR3D_FREQ 99% cpu@71.468C soc2@70.531C soc0@70.906C gpu@73.781C tj@73.781C soc1@71.437C VDD_IN 19313mW/19354mW VDD_CPU_GPU_CV 8293mW/8310mW VDD_SOC 4870mW/4895mW
08-05-2026 04:37:55 RAM 5286/7620MB (lfb 19x4MB) SWAP 3115/12002MB (cached 55MB) CPU [9%@1728,0%@1728,20%@1728,0%@1728,0%@1728,0%@1728] GR3D_FREQ 99% cpu@71.687C soc2@70.531C soc0@71C gpu@73.562C tj@73.562C soc1@71.406C VDD_IN 19676mW/19355mW VDD_CPU_GPU_CV 8453mW/8310mW VDD_SOC 4943mW/4895mW
08-05-2026 04:37:55 RAM 5286/7620MB (lfb 19x4MB) SWAP 3115/12002MB (cached 55MB) CPU [0%@1728,0%@1728,0%@1728,0%@1728,10%@1728,9%@1728] GR3D_FREQ 99% cpu@71.656C soc2@70.593C soc0@71.125C gpu@74.218C tj@74.218C soc1@71.531C VDD_IN 19635mW/19356mW VDD_CPU_GPU_CV 8453mW/8311mW VDD_SOC 4943mW/4895mW
08-05-2026 04:37:55 RAM 5286/7620MB (lfb 19x4MB) SWAP 3115/12002MB (cached 55MB) CPU [0%@1728,0%@1728,0%@1728,0%@1728,0%@1728,0%@1728] GR3D_FREQ 99% cpu@71.75C soc2@70.625C soc0@71C gpu@74.062C tj@74.062C soc1@71.718C VDD_IN 19595mW/19357mW VDD_CPU_GPU_CV 8453mW/8311mW VDD_SOC 4951mW/4895mW
08-05-2026 04:37:55 RAM 5286/7620MB (lfb 19x4MB) SWAP 3115/12002MB (cached 55MB) CPU [0%@1728,0%@1728,0%@1728,0%@1728,0%@1728,0%@1728] GR3D_FREQ 99% cpu@71.875C soc2@70.656C soc0@70.937C gpu@73.468C tj@73.468C soc1@71.5C VDD_IN 19393mW/19357mW VDD_CPU_GPU_CV 8373mW/8311mW VDD_SOC 4911mW/4895mW
08-05-2026 04:37:55 RAM 5286/7620MB (lfb 19x4MB) SWAP 3115/12002MB (cached 55MB) CPU [0%@1728,0%@1728,0%@1728,0%@1728,0%@1728,0%@1728] GR3D_FREQ 99% cpu@71.625C soc2@70.562C soc0@70.906C gpu@74.125C tj@74.125C soc1@71.437C VDD_IN 19353mW/19357mW VDD_CPU_GPU_CV 8333mW/8311mW VDD_SOC 4870mW/4895mW
08-05-2026 04:37:55 RAM 5286/7620MB (lfb 19x4MB) SWAP 3115/12002MB (cached 55MB) CPU [0%@1728,0%@1728,0%@1728,0%@1728,0%@1728,0%@1728] GR3D_FREQ 99% cpu@71.593C soc2@70.531C soc0@70.875C gpu@73.531C tj@73.531C soc1@71.531C VDD_IN 19313mW/19357mW VDD_CPU_GPU_CV 8293mW/8311mW VDD_SOC 4870mW/4895mW
08-05-2026 04:37:55 RAM 5286/7620MB (lfb 19x4MB) SWAP 3115/12002MB (cached 55MB) CPU [0%@1728,0%@1728,0%@1728,0%@1728,0%@1728,0%@1728] GR3D_FREQ 99% cpu@71.656C soc2@70.625C soc0@71.031C gpu@73.625C tj@73.625C soc1@71.562C VDD_IN 19514mW/19357mW VDD_CPU_GPU_CV 8413mW/8311mW VDD_SOC 4911mW/4895mW
08-05-2026 04:37:56 RAM 5286/7620MB (lfb 19x4MB) SWAP 3115/12002MB (cached 55MB) CPU [0%@1728,0%@1728,0%@1728,0%@1728,0%@1728,0%@1728] GR3D_FREQ 99% cpu@71.812C soc2@70.625C soc0@71.062C gpu@74.031C tj@74.031C soc1@71.406C VDD_IN 19635mW/19358mW VDD_CPU_GPU_CV 8453mW/8312mW VDD_SOC 4951mW/4895mW
08-05-2026 04:37:56 RAM 5286/7620MB (lfb 19x4MB) SWAP 3115/12002MB (cached 55MB) CPU [8%@1728,18%@1728,0%@1728,0%@1728,0%@1728,20%@1728] GR3D_FREQ 99% cpu@71.656C soc2@70.531C soc0@70.875C gpu@73.781C tj@73.781C soc1@71.437C VDD_IN 19555mW/19358mW VDD_CPU_GPU_CV 8453mW/8312mW VDD_SOC 4951mW/4895mW
08-05-2026 04:37:56 RAM 5286/7620MB (lfb 19x4MB) SWAP 3115/12002MB (cached 55MB) CPU [0%@1728,0%@1728,0%@1728,0%@1728,9%@1728,0%@1728] GR3D_FREQ 99% cpu@71.562C soc2@70.531C soc0@70.937C gpu@73.375C tj@73.375C soc1@71.5C VDD_IN 19393mW/19358mW VDD_CPU_GPU_CV 8333mW/8312mW VDD_SOC 4911mW/4895mW
08-05-2026 04:37:56 RAM 5286/7620MB (lfb 19x4MB) SWAP 3115/12002MB (cached 55MB) CPU [0%@1728,0%@1728,0%@1728,0%@1728,0%@1728,0%@1728] GR3D_FREQ 99% cpu@71.593C soc2@70.531C soc0@70.937C gpu@74.031C tj@74.031C soc1@71.531C VDD_IN 19313mW/19358mW VDD_CPU_GPU_CV 8333mW/8312mW VDD_SOC 4870mW/4895mW
08-05-2026 04:37:56 RAM 5286/7620MB (lfb 19x4MB) SWAP 3115/12002MB (cached 55MB) CPU [0%@1728,0%@1728,0%@1728,0%@1728,0%@1728,0%@1728] GR3D_FREQ 99% cpu@71.656C soc2@70.531C soc0@71.093C gpu@73.531C tj@73.531C soc1@71.593C VDD_IN 19272mW/19358mW VDD_CPU_GPU_CV 8293mW/8312mW VDD_SOC 4870mW/4895mW
08-05-2026 04:37:56 RAM 5286/7620MB (lfb 19x4MB) SWAP 3115/12002MB (cached 55MB) CPU [9%@1728,0%@1728,0%@1728,0%@1728,0%@1728,0%@1728] GR3D_FREQ 99% cpu@71.781C soc2@70.656C soc0@71.062C gpu@74.156C tj@74.156C soc1@71.375C VDD_IN 19474mW/19358mW VDD_CPU_GPU_CV 8373mW/8312mW VDD_SOC 4911mW/4895mW
08-05-2026 04:37:56 RAM 5286/7620MB (lfb 19x4MB) SWAP 3115/12002MB (cached 55MB) CPU [0%@1728,0%@1728,0%@1728,0%@1728,0%@1728,0%@1728] GR3D_FREQ 99% cpu@71.625C soc2@70.562C soc0@70.968C gpu@73.718C tj@73.718C soc1@71.531C VDD_IN 19595mW/19359mW VDD_CPU_GPU_CV 8413mW/8313mW VDD_SOC 4951mW/4895mW
08-05-2026 04:37:56 RAM 5286/7620MB (lfb 19x4MB) SWAP 3115/12002MB (cached 55MB) CPU [0%@1728,0%@1728,0%@1728,0%@1728,0%@1728,0%@1728] GR3D_FREQ 99% cpu@71.656C soc2@70.593C soc0@71C gpu@73.875C tj@73.875C soc1@71.437C VDD_IN 19595mW/19360mW VDD_CPU_GPU_CV 8453mW/8313mW VDD_SOC 4951mW/4896mW
08-05-2026 04:37:56 RAM 5286/7620MB (lfb 19x4MB) SWAP 3115/12002MB (cached 55MB) CPU [0%@1728,0%@1728,0%@1728,8%@1728,18%@1728,0%@1728] GR3D_FREQ 99% cpu@71.593C soc2@70.656C soc0@71.125C gpu@73.843C tj@73.843C soc1@71.562C VDD_IN 19474mW/19360mW VDD_CPU_GPU_CV 8333mW/8313mW VDD_SOC 4911mW/4896mW
08-05-2026 04:37:56 RAM 5286/7620MB (lfb 19x4MB) SWAP 3115/12002MB (cached 55MB) CPU [0%@1728,8%@1728,9%@1728,0%@1728,9%@1728,0%@1728] GR3D_FREQ 99% cpu@71.781C soc2@70.593C soc0@71.187C gpu@73.875C tj@73.875C soc1@71.406C VDD_IN 19353mW/19360mW VDD_CPU_GPU_CV 8333mW/8313mW VDD_SOC 4870mW/4896mW
08-05-2026 04:37:57 RAM 5286/7620MB (lfb 19x4MB) SWAP 3115/12002MB (cached 55MB) CPU [0%@1728,0%@1728,0%@1728,0%@1728,0%@1728,0%@1728] GR3D_FREQ 99% cpu@71.656C soc2@70.531C soc0@71.062C gpu@73.562C tj@73.562C soc1@71.5C VDD_IN 19353mW/19360mW VDD_CPU_GPU_CV 8293mW/8313mW VDD_SOC 4870mW/4896mW
08-05-2026 04:37:57 RAM 5286/7620MB (lfb 19x4MB) SWAP 3115/12002MB (cached 55MB) CPU [0%@1728,18%@1728,0%@1728,0%@1728,0%@1728,0%@1728] GR3D_FREQ 99% cpu@71.656C soc2@70.531C soc0@71.093C gpu@74C tj@74C soc1@71.5C VDD_IN 19474mW/19360mW VDD_CPU_GPU_CV 8333mW/8313mW VDD_SOC 4911mW/4896mW
08-05-2026 04:37:57 RAM 5286/7620MB (lfb 19x4MB) SWAP 3115/12002MB (cached 55MB) CPU [0%@1728,54%@1728,0%@1728,0%@1728,0%@1728,0%@1728] GR3D_FREQ 99% cpu@71.812C soc2@70.593C soc0@71.218C gpu@73.687C tj@73.687C soc1@71.593C VDD_IN 19635mW/19361mW VDD_CPU_GPU_CV 8413mW/8313mW VDD_SOC 4951mW/4896mW
08-05-2026 04:37:57 RAM 5286/7620MB (lfb 19x4MB) SWAP 3115/12002MB (cached 55MB) CPU [0%@1728,22%@1728,0%@1728,9%@1728,0%@1728,0%@1728] GR3D_FREQ 99% cpu@71.937C soc2@70.687C soc0@71.156C gpu@73.812C tj@73.812C soc1@71.718C VDD_IN 19635mW/19362mW VDD_CPU_GPU_CV 8453mW/8314mW VDD_SOC 4951mW/4896mW
08-05-2026 04:37:57 RAM 5286/7620MB (lfb 19x4MB) SWAP 3115/12002MB (cached 55MB) CPU [0%@1728,0%@1728,0%@1728,0%@1728,0%@1728,0%@1728] GR3D_FREQ 99% cpu@71.812C soc2@70.562C soc0@70.937C gpu@73.562C tj@73.562C soc1@71.468C VDD_IN 19514mW/19362mW VDD_CPU_GPU_CV 8373mW/8314mW VDD_SOC 4951mW/4896mW
08-05-2026 04:37:57 RAM 5286/7620MB (lfb 19x4MB) SWAP 3115/12002MB (cached 55MB) CPU [0%@1728,0%@1728,0%@1728,0%@1728,0%@1728,10%@1728] GR3D_FREQ 99% cpu@71.656C soc2@70.5C soc0@71.031C gpu@73.843C tj@73.843C soc1@71.531C VDD_IN 19393mW/19362mW VDD_CPU_GPU_CV 8333mW/8314mW VDD_SOC 4870mW/4896mW
08-05-2026 04:37:57 RAM 5286/7620MB (lfb 19x4MB) SWAP 3115/12002MB (cached 55MB) CPU [0%@1728,0%@1728,0%@1728,0%@1728,0%@1728,0%@1728] GR3D_FREQ 99% cpu@71.656C soc2@70.593C soc0@71.093C gpu@73.562C tj@73.562C soc1@71.531C VDD_IN 19353mW/19362mW VDD_CPU_GPU_CV 8293mW/8314mW VDD_SOC 4870mW/4896mW
08-05-2026 04:37:57 RAM 5286/7620MB (lfb 19x4MB) SWAP 3115/12002MB (cached 55MB) CPU [0%@1728,0%@1728,0%@1728,0%@1728,0%@1728,0%@1728] GR3D_FREQ 99% cpu@71.75C soc2@70.656C soc0@71.093C gpu@73.812C tj@73.812C soc1@71.718C VDD_IN 19514mW/19362mW VDD_CPU_GPU_CV 8373mW/8314mW VDD_SOC 4911mW/4896mW
08-05-2026 04:37:57 RAM 5286/7620MB (lfb 19x4MB) SWAP 3115/12002MB (cached 55MB) CPU [9%@1728,0%@1728,0%@1728,9%@1728,0%@1728,0%@1728] GR3D_FREQ 99% cpu@71.875C soc2@70.75C soc0@71.343C gpu@73.75C tj@73.75C soc1@71.531C VDD_IN 19676mW/19363mW VDD_CPU_GPU_CV 8453mW/8314mW VDD_SOC 4943mW/4896mW
08-05-2026 04:37:58 RAM 5286/7620MB (lfb 19x4MB) SWAP 3115/12002MB (cached 55MB) CPU [0%@1728,0%@1728,0%@1728,0%@1728,0%@1728,0%@1728] GR3D_FREQ 99% cpu@71.875C soc2@70.625C soc0@71C gpu@73.75C tj@73.75C soc1@71.531C VDD_IN 19676mW/19364mW VDD_CPU_GPU_CV 8453mW/8315mW VDD_SOC 4943mW/4896mW
08-05-2026 04:37:58 RAM 5286/7620MB (lfb 19x4MB) SWAP 3115/12002MB (cached 55MB) CPU [8%@1728,0%@1728,18%@1728,0%@1728,0%@1728,0%@1728] GR3D_FREQ 99% cpu@71.812C soc2@70.593C soc0@71.062C gpu@73.687C tj@73.687C soc1@71.531C VDD_IN 19474mW/19364mW VDD_CPU_GPU_CV 8373mW/8315mW VDD_SOC 4951mW/4896mW
08-05-2026 04:37:58 RAM 5286/7620MB (lfb 19x4MB) SWAP 3115/12002MB (cached 55MB) CPU [0%@1728,0%@1728,0%@1728,0%@1728,0%@1728,0%@1728] GR3D_FREQ 99% cpu@71.812C soc2@70.593C soc0@71.156C gpu@73.656C tj@73.656C soc1@71.625C VDD_IN 19313mW/19364mW VDD_CPU_GPU_CV 8333mW/8315mW VDD_SOC 4870mW/4896mW
08-05-2026 04:37:58 RAM 5286/7620MB (lfb 19x4MB) SWAP 3115/12002MB (cached 55MB) CPU [0%@1728,0%@1728,9%@1728,0%@1728,0%@1728,10%@1728] GR3D_FREQ 99% cpu@71.781C soc2@70.687C soc0@71.25C gpu@73.718C tj@73.718C soc1@71.781C VDD_IN 19232mW/19364mW VDD_CPU_GPU_CV 8293mW/8315mW VDD_SOC 4870mW/4896mW
08-05-2026 04:37:58 RAM 5286/7620MB (lfb 19x4MB) SWAP 3115/12002MB (cached 55MB) CPU [0%@1728,0%@1728,0%@1728,0%@1728,0%@1728,0%@1728] GR3D_FREQ 99% cpu@71.906C soc2@70.812C soc0@71.343C gpu@73.812C tj@73.812C soc1@71.593C VDD_IN 19434mW/19364mW VDD_CPU_GPU_CV 8373mW/8315mW VDD_SOC 4911mW/4896mW
08-05-2026 04:37:58 RAM 5289/7620MB (lfb 19x4MB) SWAP 3115/12002MB (cached 55MB) CPU [0%@1728,9%@1728,20%@1728,9%@1728,9%@1728,8%@1728] GR3D_FREQ 99% cpu@72.031C soc2@70.718C soc0@71.156C gpu@73.843C tj@73.843C soc1@71.625C VDD_IN 19644mW/19365mW VDD_CPU_GPU_CV 8493mW/8315mW VDD_SOC 4983mW/4896mW
08-05-2026 04:37:58 RAM 5289/7620MB (lfb 19x4MB) SWAP 3115/12002MB (cached 55MB) CPU [0%@1728,0%@1728,0%@1728,0%@1728,0%@1728,0%@1728] GR3D_FREQ 99% cpu@71.718C soc2@70.718C soc0@71.093C gpu@74.062C tj@74.062C soc1@71.656C VDD_IN 19676mW/19365mW VDD_CPU_GPU_CV 8493mW/8316mW VDD_SOC 4943mW/4896mW
08-05-2026 04:37:58 RAM 5289/7620MB (lfb 19x4MB) SWAP 3115/12002MB (cached 55MB) CPU [0%@1728,0%@1728,0%@1728,0%@1728,0%@1728,0%@1728] GR3D_FREQ 99% cpu@71.843C soc2@70.812C soc0@71.218C gpu@73.968C tj@73.968C soc1@71.687C VDD_IN 19595mW/19366mW VDD_CPU_GPU_CV 8413mW/8316mW VDD_SOC 4951mW/4897mW
08-05-2026 04:37:58 RAM 5289/7620MB (lfb 19x4MB) SWAP 3115/12002MB (cached 55MB) CPU [0%@1728,0%@1728,0%@1728,0%@1728,0%@1728,0%@1728] GR3D_FREQ 99% cpu@71.843C soc2@70.812C soc0@71.281C gpu@73.562C tj@73.562C soc1@71.875C VDD_IN 19434mW/19366mW VDD_CPU_GPU_CV 8333mW/8316mW VDD_SOC 4911mW/4897mW
08-05-2026 04:37:58 RAM 5289/7620MB (lfb 19x4MB) SWAP 3115/12002MB (cached 55MB) CPU [0%@1728,0%@1728,0%@1728,0%@1728,9%@1728,0%@1728] GR3D_FREQ 99% cpu@71.906C soc2@70.656C soc0@71.093C gpu@73.937C tj@73.937C soc1@71.531C VDD_IN 19393mW/19366mW VDD_CPU_GPU_CV 8333mW/8316mW VDD_SOC 4911mW/4897mW
08-05-2026 04:37:59 RAM 5289/7620MB (lfb 19x4MB) SWAP 3115/12002MB (cached 55MB) CPU [0%@1728,0%@1728,0%@1728,0%@1728,10%@1728,0%@1728] GR3D_FREQ 99% cpu@71.75C soc2@70.781C soc0@71.156C gpu@73.718C tj@73.718C soc1@71.593C VDD_IN 19474mW/19366mW VDD_CPU_GPU_CV 8373mW/8316mW VDD_SOC 4911mW/4897mW
08-05-2026 04:37:59 RAM 5289/7620MB (lfb 19x4MB) SWAP 3115/12002MB (cached 55MB) CPU [8%@1728,9%@1728,10%@1728,0%@1728,0%@1728,0%@1728] GR3D_FREQ 99% cpu@71.812C soc2@70.781C soc0@71.218C gpu@73.843C tj@73.843C soc1@71.687C VDD_IN 19676mW/19367mW VDD_CPU_GPU_CV 8453mW/8317mW VDD_SOC 4943mW/4897mW
08-05-2026 04:37:59 RAM 5289/7620MB (lfb 19x4MB) SWAP 3115/12002MB (cached 55MB) CPU [0%@1728,0%@1728,0%@1728,0%@1728,0%@1728,0%@1728] GR3D_FREQ 99% cpu@71.906C soc2@70.812C soc0@71.25C gpu@74C tj@74C soc1@71.781C VDD_IN 19635mW/19368mW VDD_CPU_GPU_CV 8453mW/8317mW VDD_SOC 4943mW/4897mW
08-05-2026 04:37:59 RAM 5289/7620MB (lfb 19x4MB) SWAP 3115/12002MB (cached 55MB) CPU [0%@1728,8%@1728,0%@1728,0%@1728,0%@1728,0%@1728] GR3D_FREQ 99% cpu@71.937C soc2@70.781C soc0@71.093C gpu@73.937C tj@73.937C soc1@71.625C VDD_IN 19555mW/19368mW VDD_CPU_GPU_CV 8413mW/8317mW VDD_SOC 4951mW/4897mW
08-05-2026 04:37:59 RAM 5289/7620MB (lfb 19x4MB) SWAP 3115/12002MB (cached 55MB) CPU [0%@1728,0%@1728,0%@1728,0%@1728,0%@1728,0%@1728] GR3D_FREQ 99% cpu@71.937C soc2@70.718C soc0@71.062C gpu@73.781C tj@73.781C soc1@71.656C VDD_IN 19393mW/19368mW VDD_CPU_GPU_CV 8333mW/8317mW VDD_SOC 4911mW/4897mW
08-05-2026 04:37:59 RAM 5289/7620MB (lfb 19x4MB) SWAP 3115/12002MB (cached 55MB) CPU [0%@1728,0%@1728,0%@1728,0%@1728,0%@1728,0%@1728] GR3D_FREQ 99% cpu@71.75C soc2@70.625C soc0@71.125C gpu@73.968C tj@73.968C soc1@71.593C VDD_IN 19353mW/19368mW VDD_CPU_GPU_CV 8333mW/8317mW VDD_SOC 4870mW/4897mW
08-05-2026 04:37:59 RAM 5289/7620MB (lfb 19x4MB) SWAP 3115/12002MB (cached 55MB) CPU [0%@1728,0%@1728,0%@1728,0%@1728,9%@1728,0%@1728] GR3D_FREQ 99% cpu@71.781C soc2@70.781C soc0@71.281C gpu@73.625C tj@73.625C soc1@71.75C VDD_IN 19313mW/19368mW VDD_CPU_GPU_CV 8293mW/8317mW VDD_SOC 4870mW/4897mW
08-05-2026 04:37:59 RAM 5289/7620MB (lfb 19x4MB) SWAP 3115/12002MB (cached 55MB) CPU [0%@1728,0%@1728,0%@1728,0%@1728,9%@1728,0%@1728] GR3D_FREQ 97% cpu@71.843C soc2@70.843C soc0@71.343C gpu@74.031C tj@74.031C soc1@71.843C VDD_IN 19595mW/19369mW VDD_CPU_GPU_CV 8453mW/8318mW VDD_SOC 4951mW/4897mW
08-05-2026 04:37:59 RAM 5289/7620MB (lfb 19x4MB) SWAP 3115/12002MB (cached 55MB) CPU [0%@1728,0%@1728,0%@1728,0%@1728,0%@1728,0%@1728] GR3D_FREQ 99% cpu@71.906C soc2@70.781C soc0@71.125C gpu@73.968C tj@73.968C soc1@71.593C VDD_IN 19635mW/19369mW VDD_CPU_GPU_CV 8453mW/8318mW VDD_SOC 4943mW/4897mW
08-05-2026 04:38:00 RAM 5289/7620MB (lfb 19x4MB) SWAP 3115/12002MB (cached 55MB) CPU [0%@1728,0%@1728,0%@1728,0%@1728,0%@1728,0%@1728] GR3D_FREQ 99% cpu@71.812C soc2@70.687C soc0@71.187C gpu@74.031C tj@74.031C soc1@71.656C VDD_IN 19595mW/19370mW VDD_CPU_GPU_CV 8453mW/8318mW VDD_SOC 4951mW/4897mW
08-05-2026 04:38:00 RAM 5289/7620MB (lfb 19x4MB) SWAP 3115/12002MB (cached 55MB) CPU [9%@1728,0%@1728,18%@1728,0%@1728,0%@1728,0%@1728] GR3D_FREQ 99% cpu@72C soc2@70.687C soc0@71.218C gpu@73.75C tj@73.75C soc1@71.656C VDD_IN 19393mW/19370mW VDD_CPU_GPU_CV 8333mW/8318mW VDD_SOC 4911mW/4897mW
08-05-2026 04:38:00 RAM 5289/7620MB (lfb 19x4MB) SWAP 3115/12002MB (cached 55MB) CPU [8%@1728,0%@1728,0%@1728,0%@1728,0%@1728,0%@1728] GR3D_FREQ 99% cpu@71.937C soc2@70.781C soc0@71.187C gpu@73.906C tj@73.906C soc1@71.906C VDD_IN 19313mW/19370mW VDD_CPU_GPU_CV 8293mW/8318mW VDD_SOC 4870mW/4897mW
08-05-2026 04:38:00 RAM 5289/7620MB (lfb 19x4MB) SWAP 3115/12002MB (cached 55MB) CPU [0%@1728,0%@1728,0%@1728,0%@1728,0%@1728,0%@1728] GR3D_FREQ 99% cpu@71.812C soc2@70.718C soc0@71.062C gpu@73.843C tj@73.843C soc1@71.531C VDD_IN 19272mW/19370mW VDD_CPU_GPU_CV 8293mW/8318mW VDD_SOC 4870mW/4897mW
08-05-2026 04:38:00 RAM 5289/7620MB (lfb 19x4MB) SWAP 3115/12002MB (cached 55MB) CPU [0%@1728,0%@1728,0%@1728,0%@1728,0%@1728,0%@1728] GR3D_FREQ 99% cpu@72.031C soc2@70.625C soc0@71.062C gpu@74C tj@74C soc1@71.593C VDD_IN 19474mW/19370mW VDD_CPU_GPU_CV 8373mW/8318mW VDD_SOC 4911mW/4897mW
08-05-2026 04:38:00 RAM 5289/7620MB (lfb 19x4MB) SWAP 3115/12002MB (cached 55MB) CPU [0%@1728,0%@1728,0%@1728,0%@1728,0%@1728,0%@1728] GR3D_FREQ 99% cpu@71.875C soc2@70.656C soc0@71.187C gpu@73.843C tj@73.843C soc1@71.625C VDD_IN 19595mW/19370mW VDD_CPU_GPU_CV 8413mW/8318mW VDD_SOC 4951mW/4897mW
08-05-2026 04:38:00 RAM 5289/7620MB (lfb 19x4MB) SWAP 3115/12002MB (cached 55MB) CPU [0%@1728,0%@1728,0%@1728,0%@1728,0%@1728,18%@1728] GR3D_FREQ 99% cpu@71.812C soc2@70.75C soc0@71.281C gpu@74.25C tj@74.25C soc1@71.718C VDD_IN 19555mW/19371mW VDD_CPU_GPU_CV 8453mW/8319mW VDD_SOC 4951mW/4898mW
08-05-2026 04:38:00 RAM 5289/7620MB (lfb 19x4MB) SWAP 3115/12002MB (cached 55MB) CPU [0%@1728,0%@1728,0%@1728,0%@1728,0%@1728,8%@1728] GR3D_FREQ 99% cpu@71.906C soc2@70.843C soc0@71.312C gpu@73.75C tj@73.75C soc1@71.937C VDD_IN 19393mW/19371mW VDD_CPU_GPU_CV 8333mW/8319mW VDD_SOC 4911mW/4898mW
08-05-2026 04:38:00 RAM 5289/7620MB (lfb 19x4MB) SWAP 3115/12002MB (cached 55MB) CPU [0%@1728,0%@1728,0%@1728,0%@1728,0%@1728,0%@1728] GR3D_FREQ 99% cpu@71.968C soc2@70.656C soc0@71.093C gpu@74.187C tj@74.187C soc1@71.531C VDD_IN 19353mW/19371mW VDD_CPU_GPU_CV 8333mW/8319mW VDD_SOC 4911mW/4898mW
08-05-2026 04:38:00 RAM 5289/7620MB (lfb 19x4MB) SWAP 3115/12002MB (cached 55MB) CPU [9%@1728,9%@1728,9%@1728,0%@1728,0%@1728,0%@1728] GR3D_FREQ 99% cpu@72.125C soc2@70.656C soc0@71.187C gpu@73.937C tj@73.937C soc1@71.687C VDD_IN 19313mW/19371mW VDD_CPU_GPU_CV 8293mW/8319mW VDD_SOC 4911mW/4898mW
08-05-2026 04:38:01 RAM 5289/7620MB (lfb 19x4MB) SWAP 3115/12002MB (cached 55MB) CPU [0%@1728,0%@1728,0%@1728,0%@1728,0%@1728,0%@1728] GR3D_FREQ 99% cpu@71.812C soc2@70.687C soc0@71.156C gpu@73.937C tj@73.937C soc1@71.687C VDD_IN 19514mW/19371mW VDD_CPU_GPU_CV 8373mW/8319mW VDD_SOC 4911mW/4898mW
08-05-2026 04:38:01 RAM 5289/7620MB (lfb 19x4MB) SWAP 3115/12002MB (cached 55MB) CPU [0%@1728,9%@1728,18%@1728,0%@1728,0%@1728,0%@1728] GR3D_FREQ 99% cpu@71.875C soc2@70.718C soc0@71.218C gpu@74.125C tj@74.125C soc1@71.687C VDD_IN 19595mW/19372mW VDD_CPU_GPU_CV 8413mW/8319mW VDD_SOC 4951mW/4898mW
08-05-2026 04:38:01 RAM 5289/7620MB (lfb 19x4MB) SWAP 3115/12002MB (cached 55MB) CPU [0%@1728,0%@1728,0%@1728,0%@1728,0%@1728,0%@1728] GR3D_FREQ 99% cpu@71.843C soc2@70.843C soc0@71.093C gpu@74.187C tj@74.187C soc1@71.531C VDD_IN 19595mW/19372mW VDD_CPU_GPU_CV 8453mW/8319mW VDD_SOC 4951mW/4898mW
08-05-2026 04:38:01 RAM 5289/7620MB (lfb 19x4MB) SWAP 3115/12002MB (cached 55MB) CPU [0%@1728,0%@1728,9%@1728,0%@1728,0%@1728,18%@1728] GR3D_FREQ 99% cpu@72.062C soc2@70.687C soc0@71.093C gpu@73.593C tj@73.593C soc1@71.625C VDD_IN 19393mW/19372mW VDD_CPU_GPU_CV 8293mW/8319mW VDD_SOC 4911mW/4898mW
08-05-2026 04:38:01 RAM 5289/7620MB (lfb 19x4MB) SWAP 3115/12002MB (cached 55MB) CPU [0%@1728,0%@1728,0%@1728,0%@1728,0%@1728,0%@1728] GR3D_FREQ 99% cpu@72.062C soc2@70.625C soc0@71.093C gpu@74.125C tj@74.125C soc1@71.593C VDD_IN 19313mW/19372mW VDD_CPU_GPU_CV 8293mW/8319mW VDD_SOC 4870mW/4898mW
08-05-2026 04:38:01 RAM 5289/7620MB (lfb 19x4MB) SWAP 3115/12002MB (cached 55MB) CPU [0%@1728,0%@1728,0%@1728,0%@1728,0%@1728,0%@1728] GR3D_FREQ 99% cpu@71.843C soc2@70.75C soc0@71.281C gpu@73.843C tj@73.843C soc1@71.656C VDD_IN 19272mW/19372mW VDD_CPU_GPU_CV 8293mW/8319mW VDD_SOC 4870mW/4898mW
08-05-2026 04:38:01 RAM 5289/7620MB (lfb 19x4MB) SWAP 3115/12002MB (cached 55MB) CPU [0%@1728,0%@1728,0%@1728,0%@1728,0%@1728,0%@1728] GR3D_FREQ 99% cpu@71.875C soc2@70.75C soc0@71.187C gpu@74.187C tj@74.187C soc1@71.531C VDD_IN 19474mW/19372mW VDD_CPU_GPU_CV 8373mW/8319mW VDD_SOC 4911mW/4898mW
08-05-2026 04:38:01 RAM 5280/7620MB (lfb 19x4MB) SWAP 3115/12002MB (cached 55MB) CPU [0%@1728,9%@1728,20%@1728,9%@1728,0%@1728,0%@1728] GR3D_FREQ 99% cpu@71.968C soc2@70.812C soc0@71.125C gpu@74.031C tj@74.031C soc1@71.625C VDD_IN 19644mW/19373mW VDD_CPU_GPU_CV 8493mW/8320mW VDD_SOC 4983mW/4898mW
08-05-2026 04:38:01 RAM 5280/7620MB (lfb 19x4MB) SWAP 3115/12002MB (cached 55MB) CPU [8%@1728,0%@1728,0%@1728,0%@1728,0%@1728,0%@1728] GR3D_FREQ 99% cpu@72.093C soc2@70.687C soc0@71.062C gpu@74.031C tj@74.031C soc1@71.593C VDD_IN 19635mW/19373mW VDD_CPU_GPU_CV 8453mW/8320mW VDD_SOC 4943mW/4898mW
08-05-2026 04:38:02 RAM 5280/7620MB (lfb 19x4MB) SWAP 3115/12002MB (cached 55MB) CPU [0%@1728,0%@1728,9%@1728,0%@1728,0%@1728,0%@1728] GR3D_FREQ 99% cpu@71.906C soc2@70.781C soc0@71.156C gpu@74.125C tj@74.125C soc1@71.562C VDD_IN 19595mW/19374mW VDD_CPU_GPU_CV 8413mW/8320mW VDD_SOC 4951mW/4898mW
08-05-2026 04:38:02 RAM 5280/7620MB (lfb 19x4MB) SWAP 3115/12002MB (cached 55MB) CPU [0%@1728,9%@1728,0%@1728,0%@1728,0%@1728,10%@1728] GR3D_FREQ 99% cpu@72.156C soc2@70.718C soc0@71.156C gpu@74.062C tj@74.062C soc1@71.656C VDD_IN 19434mW/19374mW VDD_CPU_GPU_CV 8373mW/8320mW VDD_SOC 4870mW/4898mW
08-05-2026 04:38:02 RAM 5280/7620MB (lfb 19x4MB) SWAP 3115/12002MB (cached 55MB) CPU [0%@1728,9%@1728,0%@1728,0%@1728,0%@1728,0%@1728] GR3D_FREQ 99% cpu@71.937C soc2@70.781C soc0@71C gpu@73.875C tj@73.875C soc1@71.531C VDD_IN 19313mW/19374mW VDD_CPU_GPU_CV 8293mW/8320mW VDD_SOC 4870mW/4898mW
08-05-2026 04:38:02 RAM 5280/7620MB (lfb 19x4MB) SWAP 3115/12002MB (cached 55MB) CPU [0%@1728,0%@1728,9%@1728,0%@1728,9%@1728,0%@1728] GR3D_FREQ 99% cpu@72.031C soc2@70.718C soc0@71.062C gpu@74.062C tj@74.062C soc1@71.531C VDD_IN 19474mW/19374mW VDD_CPU_GPU_CV 8373mW/8320mW VDD_SOC 4911mW/4898mW
08-05-2026 04:38:02 RAM 5280/7620MB (lfb 19x4MB) SWAP 3115/12002MB (cached 55MB) CPU [0%@1728,0%@1728,0%@1728,0%@1728,0%@1728,0%@1728] GR3D_FREQ 99% cpu@71.656C soc2@70.656C soc0@71.062C gpu@73.937C tj@73.937C soc1@71.5C VDD_IN 19635mW/19374mW VDD_CPU_GPU_CV 8413mW/8321mW VDD_SOC 4951mW/4898mW
08-05-2026 04:38:02 RAM 5280/7620MB (lfb 19x4MB) SWAP 3115/12002MB (cached 55MB) CPU [0%@1728,0%@1728,0%@1728,0%@1728,0%@1728,0%@1728] GR3D_FREQ 99% cpu@71.812C soc2@70.718C soc0@71.156C gpu@73.875C tj@73.875C soc1@71.625C VDD_IN 19595mW/19375mW VDD_CPU_GPU_CV 8413mW/8321mW VDD_SOC 4951mW/4898mW
08-05-2026 04:38:02 RAM 5280/7620MB (lfb 19x4MB) SWAP 3115/12002MB (cached 55MB) CPU [0%@1728,0%@1728,0%@1728,0%@1728,0%@1728,0%@1728] GR3D_FREQ 99% cpu@71.843C soc2@70.718C soc0@71.125C gpu@74.062C tj@74.062C soc1@71.531C VDD_IN 19555mW/19375mW VDD_CPU_GPU_CV 8373mW/8321mW VDD_SOC 4951mW/4899mW
08-05-2026 04:38:02 RAM 5280/7620MB (lfb 19x4MB) SWAP 3115/12002MB (cached 55MB) CPU [0%@1728,0%@1728,0%@1728,0%@1728,0%@1728,0%@1728] GR3D_FREQ 99% cpu@71.875C soc2@70.531C soc0@70.906C gpu@73.656C tj@73.656C soc1@71.5C VDD_IN 19353mW/19375mW VDD_CPU_GPU_CV 8293mW/8321mW VDD_SOC 4911mW/4899mW
08-05-2026 04:38:02 RAM 5280/7620MB (lfb 19x4MB) SWAP 3115/12002MB (cached 55MB) CPU [0%@1728,0%@1728,0%@1728,0%@1728,0%@1728,18%@1728] GR3D_FREQ 99% cpu@72.031C soc2@70.562C soc0@71.031C gpu@74.156C tj@74.156C soc1@71.531C VDD_IN 19353mW/19375mW VDD_CPU_GPU_CV 8333mW/8321mW VDD_SOC 4911mW/4899mW
08-05-2026 04:38:02 RAM 5280/7620MB (lfb 19x4MB) SWAP 3115/12002MB (cached 55MB) CPU [0%@1728,0%@1728,9%@1728,0%@1728,9%@1728,0%@1728] GR3D_FREQ 99% cpu@71.875C soc2@70.656C soc0@71.093C gpu@73.937C tj@73.937C soc1@71.625C VDD_IN 19434mW/19375mW VDD_CPU_GPU_CV 8373mW/8321mW VDD_SOC 4911mW/4899mW
08-05-2026 04:38:03 RAM 5280/7620MB (lfb 19x4MB) SWAP 3115/12002MB (cached 55MB) CPU [0%@1728,0%@1728,0%@1728,0%@1728,0%@1728,0%@1728] GR3D_FREQ 99% cpu@71.812C soc2@70.687C soc0@71.187C gpu@74C tj@74C soc1@71.531C VDD_IN 19635mW/19376mW VDD_CPU_GPU_CV 8453mW/8321mW VDD_SOC 4951mW/4899mW
08-05-2026 04:38:03 RAM 5285/7620MB (lfb 19x4MB) SWAP 3115/12002MB (cached 55MB) CPU [0%@1728,0%@1728,33%@1728,0%@1728,0%@1728,0%@1728] GR3D_FREQ 99% cpu@71.875C soc2@70.593C soc0@71.187C gpu@74.125C tj@74.125C soc1@71.437C VDD_IN 19635mW/19377mW VDD_CPU_GPU_CV 8453mW/8322mW VDD_SOC 4991mW/4899mW
08-05-2026 04:38:03 RAM 5285/7620MB (lfb 19x4MB) SWAP 3115/12002MB (cached 55MB) CPU [0%@1728,0%@1728,0%@1728,0%@1728,0%@1728,0%@1728] GR3D_FREQ 99% cpu@72.093C soc2@70.593C soc0@71C gpu@74.093C tj@74.093C soc1@71.437C VDD_IN 19555mW/19377mW VDD_CPU_GPU_CV 8413mW/8322mW VDD_SOC 4951mW/4899mW
08-05-2026 04:38:03 RAM 5285/7620MB (lfb 19x4MB) SWAP 3115/12002MB (cached 55MB) CPU [0%@1728,0%@1728,9%@1728,0%@1728,0%@1728,0%@1728] GR3D_FREQ 99% cpu@71.687C soc2@70.562C soc0@71.062C gpu@73.531C tj@73.531C soc1@71.5C VDD_IN 19353mW/19377mW VDD_CPU_GPU_CV 8293mW/8322mW VDD_SOC 4911mW/4899mW
08-05-2026 04:38:03 RAM 5285/7620MB (lfb 19x4MB) SWAP 3115/12002MB (cached 55MB) CPU [0%@1728,0%@1728,0%@1728,0%@1728,0%@1728,0%@1728] GR3D_FREQ 99% cpu@71.718C soc2@70.562C soc0@71.062C gpu@74.125C tj@74.125C soc1@71.562C VDD_IN 19313mW/19377mW VDD_CPU_GPU_CV 8293mW/8322mW VDD_SOC 4870mW/4899mW
08-05-2026 04:38:03 RAM 5285/7620MB (lfb 19x4MB) SWAP 3114/12002MB (cached 55MB) CPU [0%@1728,0%@1728,0%@1728,0%@1728,18%@1728,0%@1728] GR3D_FREQ 99% cpu@71.843C soc2@70.593C soc0@71.125C gpu@73.75C tj@73.75C soc1@71.687C VDD_IN 19393mW/19377mW VDD_CPU_GPU_CV 8333mW/8322mW VDD_SOC 4911mW/4899mW
08-05-2026 04:38:03 RAM 5285/7620MB (lfb 19x4MB) SWAP 3114/12002MB (cached 55MB) CPU [0%@1728,0%@1728,0%@1728,0%@1728,0%@1728,0%@1728] GR3D_FREQ 99% cpu@71.906C soc2@70.687C soc0@70.875C gpu@73.656C tj@73.656C soc1@71.406C VDD_IN 19635mW/19377mW VDD_CPU_GPU_CV 8413mW/8322mW VDD_SOC 4951mW/4899mW
08-05-2026 04:38:03 RAM 5285/7620MB (lfb 19x4MB) SWAP 3114/12002MB (cached 55MB) CPU [0%@1728,0%@1728,0%@1728,0%@1728,0%@1728,0%@1728] GR3D_FREQ 99% cpu@72.062C soc2@70.593C soc0@70.906C gpu@74.093C tj@74.093C soc1@71.406C VDD_IN 19635mW/19378mW VDD_CPU_GPU_CV 8453mW/8322mW VDD_SOC 4951mW/4899mW
08-05-2026 04:38:03 RAM 5285/7620MB (lfb 19x4MB) SWAP 3114/12002MB (cached 55MB) CPU [9%@1728,9%@1728,0%@1728,0%@1728,0%@1728,0%@1728] GR3D_FREQ 99% cpu@71.593C soc2@70.656C soc0@71.031C gpu@74.093C tj@74.093C soc1@71.531C VDD_IN 19595mW/19378mW VDD_CPU_GPU_CV 8453mW/8323mW VDD_SOC 4951mW/4899mW
08-05-2026 04:38:03 RAM 5285/7620MB (lfb 19x4MB) SWAP 3114/12002MB (cached 55MB) CPU [0%@1728,0%@1728,0%@1728,0%@1728,0%@1728,0%@1728] GR3D_FREQ 99% cpu@71.75C soc2@70.562C soc0@71.031C gpu@74C tj@74C soc1@71.718C VDD_IN 19434mW/19379mW VDD_CPU_GPU_CV 8333mW/8323mW VDD_SOC 4911mW/4899mW
08-05-2026 04:38:04 RAM 5285/7620MB (lfb 19x4MB) SWAP 3114/12002MB (cached 55MB) CPU [8%@1728,0%@1728,0%@1728,0%@1728,0%@1728,0%@1728] GR3D_FREQ 99% cpu@71.906C soc2@70.625C soc0@71.093C gpu@74.062C tj@74.062C soc1@71.718C VDD_IN 19353mW/19378mW VDD_CPU_GPU_CV 8333mW/8323mW VDD_SOC 4870mW/4899mW
08-05-2026 04:38:04 RAM 5285/7620MB (lfb 19x4MB) SWAP 3114/12002MB (cached 55MB) CPU [0%@1728,0%@1728,10%@1728,0%@1728,0%@1728,0%@1728] GR3D_FREQ 99% cpu@71.937C soc2@70.5C soc0@70.968C gpu@73.468C tj@73.468C soc1@71.375C VDD_IN 19232mW/19378mW VDD_CPU_GPU_CV 8253mW/8322mW VDD_SOC 4870mW/4899mW
08-05-2026 04:38:04 RAM 5285/7620MB (lfb 19x4MB) SWAP 3114/12002MB (cached 55MB) CPU [0%@1728,0%@1728,0%@1728,0%@1728,18%@1728,0%@1728] GR3D_FREQ 96% cpu@71.937C soc2@70.531C soc0@71C gpu@74.187C tj@74.187C soc1@71.406C VDD_IN 19555mW/19379mW VDD_CPU_GPU_CV 8413mW/8323mW VDD_SOC 4951mW/4899mW
08-05-2026 04:38:04 RAM 5285/7620MB (lfb 19x4MB) SWAP 3114/12002MB (cached 55MB) CPU [0%@1728,0%@1728,8%@1728,0%@1728,0%@1728,0%@1728] GR3D_FREQ 99% cpu@71.718C soc2@70.5C soc0@71.062C gpu@74C tj@74C soc1@71.531C VDD_IN 19595mW/19379mW VDD_CPU_GPU_CV 8413mW/8323mW VDD_SOC 4951mW/4899mW
08-05-2026 04:38:04 RAM 5285/7620MB (lfb 19x4MB) SWAP 3114/12002MB (cached 55MB) CPU [0%@1728,0%@1728,0%@1728,0%@1728,0%@1728,0%@1728] GR3D_FREQ 99% cpu@71.781C soc2@70.656C soc0@71.093C gpu@73.75C tj@73.75C soc1@71.593C VDD_IN 19595mW/19379mW VDD_CPU_GPU_CV 8453mW/8323mW VDD_SOC 4951mW/4900mW
08-05-2026 04:38:04 RAM 5285/7620MB (lfb 19x4MB) SWAP 3114/12002MB (cached 55MB) CPU [0%@1728,0%@1728,0%@1728,0%@1728,0%@1728,0%@1728] GR3D_FREQ 99% cpu@71.843C soc2@70.562C soc0@70.875C gpu@73.812C tj@73.812C soc1@71.343C VDD_IN 19434mW/19380mW VDD_CPU_GPU_CV 8333mW/8323mW VDD_SOC 4911mW/4900mW
08-05-2026 04:38:04 RAM 5285/7620MB (lfb 19x4MB) SWAP 3114/12002MB (cached 55MB) CPU [0%@1728,0%@1728,0%@1728,0%@1728,0%@1728,0%@1728] GR3D_FREQ 99% cpu@71.687C soc2@70.5C soc0@71.031C gpu@74C tj@74C soc1@71.437C VDD_IN 19313mW/19379mW VDD_CPU_GPU_CV 8333mW/8323mW VDD_SOC 4870mW/4900mW
08-05-2026 04:38:04 RAM 5285/7620MB (lfb 19x4MB) SWAP 3114/12002MB (cached 55MB) CPU [8%@1728,0%@1728,0%@1728,0%@1728,0%@1728,0%@1728] GR3D_FREQ 99% cpu@71.5C soc2@70.593C soc0@70.843C gpu@73.562C tj@73.562C soc1@71.468C VDD_IN 19272mW/19379mW VDD_CPU_GPU_CV 8293mW/8323mW VDD_SOC 4911mW/4900mW
08-05-2026 04:38:04 RAM 5285/7620MB (lfb 19x4MB) SWAP 3114/12002MB (cached 55MB) CPU [0%@1728,9%@1728,0%@1728,9%@1728,0%@1728,0%@1728] GR3D_FREQ 99% cpu@71.812C soc2@70.593C soc0@71.062C gpu@73.968C tj@73.968C soc1@71.593C VDD_IN 19434mW/19379mW VDD_CPU_GPU_CV 8373mW/8323mW VDD_SOC 4911mW/4900mW
08-05-2026 04:38:05 RAM 5286/7620MB (lfb 19x4MB) SWAP 3114/12002MB (cached 55MB) CPU [8%@1728,8%@1728,0%@1728,27%@1728,0%@1728,0%@1728] GR3D_FREQ 99% cpu@71.906C soc2@70.656C soc0@71.187C gpu@73.656C tj@73.656C soc1@71.625C VDD_IN 19676mW/19380mW VDD_CPU_GPU_CV 8493mW/8324mW VDD_SOC 4983mW/4900mW
08-05-2026 04:38:05 RAM 5286/7620MB (lfb 19x4MB) SWAP 3114/12002MB (cached 55MB) CPU [0%@1728,0%@1728,11%@1728,0%@1728,10%@1728,8%@1728] GR3D_FREQ 99% cpu@72.031C soc2@70.593C soc0@70.937C gpu@73.812C tj@73.812C soc1@71.343C VDD_IN 19676mW/19381mW VDD_CPU_GPU_CV 8493mW/8324mW VDD_SOC 4951mW/4900mW
08-05-2026 04:38:05 RAM 5286/7620MB (lfb 19x4MB) SWAP 3114/12002MB (cached 55MB) CPU [9%@1728,0%@1728,0%@1728,0%@1728,0%@1728,0%@1728] GR3D_FREQ 99% cpu@71.812C soc2@70.562C soc0@70.906C gpu@73.687C tj@73.687C soc1@71.437C VDD_IN 19434mW/19381mW VDD_CPU_GPU_CV 8373mW/8324mW VDD_SOC 4911mW/4900mW
08-05-2026 04:38:05 RAM 5286/7620MB (lfb 19x4MB) SWAP 3114/12002MB (cached 55MB) CPU [0%@1728,0%@1728,9%@1728,0%@1728,0%@1728,0%@1728] GR3D_FREQ 99% cpu@71.531C soc2@70.5C soc0@71.062C gpu@73.843C tj@73.843C soc1@71.5C VDD_IN 19313mW/19381mW VDD_CPU_GPU_CV 8333mW/8324mW VDD_SOC 4870mW/4900mW
08-05-2026 04:38:05 RAM 5286/7620MB (lfb 19x4MB) SWAP 3114/12002MB (cached 55MB) CPU [0%@1728,0%@1728,0%@1728,0%@1728,0%@1728,0%@1728] GR3D_FREQ 99% cpu@71.75C soc2@70.5C soc0@70.968C gpu@73.531C tj@73.531C soc1@71.656C VDD_IN 19272mW/19380mW VDD_CPU_GPU_CV 8293mW/8324mW VDD_SOC 4870mW/4900mW
08-05-2026 04:38:05 RAM 5286/7620MB (lfb 19x4MB) SWAP 3114/12002MB (cached 55MB) CPU [0%@1728,0%@1728,8%@1728,0%@1728,0%@1728,0%@1728] GR3D_FREQ 99% cpu@71.812C soc2@70.5C soc0@70.875C gpu@73.937C tj@73.937C soc1@71.437C VDD_IN 19434mW/19380mW VDD_CPU_GPU_CV 8373mW/8324mW VDD_SOC 4911mW/4900mW
08-05-2026 04:38:05 RAM 5286/7620MB (lfb 19x4MB) SWAP 3114/12002MB (cached 55MB) CPU [0%@1728,0%@1728,0%@1728,0%@1728,0%@1728,0%@1728] GR3D_FREQ 99% cpu@71.781C soc2@70.5C soc0@71C gpu@73.625C tj@73.625C soc1@71.437C VDD_IN 19595mW/19381mW VDD_CPU_GPU_CV 8453mW/8324mW VDD_SOC 4951mW/4900mW
08-05-2026 04:38:05 RAM 5286/7620MB (lfb 19x4MB) SWAP 3114/12002MB (cached 55MB) CPU [0%@1728,0%@1728,0%@1728,0%@1728,0%@1728,0%@1728] GR3D_FREQ 99% cpu@71.593C soc2@70.5C soc0@70.968C gpu@74.187C tj@74.187C soc1@71.593C VDD_IN 19595mW/19381mW VDD_CPU_GPU_CV 8453mW/8325mW VDD_SOC 4951mW/4900mW
08-05-2026 04:38:05 RAM 5286/7620MB (lfb 19x4MB) SWAP 3114/12002MB (cached 55MB) CPU [0%@1728,0%@1728,0%@1728,0%@1728,18%@1728,0%@1728] GR3D_FREQ 99% cpu@71.656C soc2@70.562C soc0@71C gpu@73.468C tj@73.468C soc1@71.531C VDD_IN 19514mW/19382mW VDD_CPU_GPU_CV 8373mW/8325mW VDD_SOC 4951mW/4900mW
08-05-2026 04:38:05 RAM 5286/7620MB (lfb 19x4MB) SWAP 3114/12002MB (cached 55MB) CPU [0%@1728,0%@1728,0%@1728,0%@1728,0%@1728,0%@1728] GR3D_FREQ 99% cpu@71.812C soc2@70.656C soc0@70.937C gpu@73.562C tj@73.562C soc1@71.468C VDD_IN 19353mW/19382mW VDD_CPU_GPU_CV 8333mW/8325mW VDD_SOC 4911mW/4900mW
08-05-2026 04:38:06 RAM 5286/7620MB (lfb 19x4MB) SWAP 3114/12002MB (cached 55MB) CPU [9%@1728,0%@1728,0%@1728,0%@1728,0%@1728,0%@1728] GR3D_FREQ 99% cpu@72.062C soc2@70.468C soc0@71C gpu@74.187C tj@74.187C soc1@71.5C VDD_IN 19353mW/19382mW VDD_CPU_GPU_CV 8333mW/8325mW VDD_SOC 4911mW/4900mW
08-05-2026 04:38:06 RAM 5286/7620MB (lfb 19x4MB) SWAP 3114/12002MB (cached 55MB) CPU [0%@1728,0%@1728,18%@1728,0%@1728,0%@1728,0%@1728] GR3D_FREQ 99% cpu@71.812C soc2@70.593C soc0@70.875C gpu@73.593C tj@73.593C soc1@71.437C VDD_IN 19393mW/19382mW VDD_CPU_GPU_CV 8333mW/8325mW VDD_SOC 4870mW/4900mW
08-05-2026 04:38:06 RAM 5286/7620MB (lfb 19x4MB) SWAP 3114/12002MB (cached 55MB) CPU [0%@1728,0%@1728,0%@1728,9%@1728,0%@1728,0%@1728] GR3D_FREQ 99% cpu@71.625C soc2@70.593C soc0@71.062C gpu@73.718C tj@73.718C soc1@71.531C VDD_IN 19635mW/19382mW VDD_CPU_GPU_CV 8453mW/8325mW VDD_SOC 4951mW/4900mW
08-05-2026 04:38:06 RAM 5286/7620MB (lfb 19x4MB) SWAP 3114/12002MB (cached 55MB) CPU [0%@1728,0%@1728,0%@1728,0%@1728,0%@1728,0%@1728] GR3D_FREQ 99% cpu@71.687C soc2@70.656C soc0@71.093C gpu@73.781C tj@73.781C soc1@71.593C VDD_IN 19595mW/19383mW VDD_CPU_GPU_CV 8413mW/8325mW VDD_SOC 4951mW/4900mW
08-05-2026 04:38:06 RAM 5286/7620MB (lfb 19x4MB) SWAP 3114/12002MB (cached 55MB) CPU [0%@1728,0%@1728,0%@1728,0%@1728,0%@1728,0%@1728] GR3D_FREQ 99% cpu@71.937C soc2@70.531C soc0@71C gpu@73.875C tj@73.875C soc1@71.437C VDD_IN 19514mW/19383mW VDD_CPU_GPU_CV 8413mW/8325mW VDD_SOC 4951mW/4900mW
08-05-2026 04:38:06 RAM 5286/7620MB (lfb 19x4MB) SWAP 3114/12002MB (cached 55MB) CPU [0%@1728,0%@1728,0%@1728,0%@1728,10%@1728,9%@1728] GR3D_FREQ 99% cpu@71.718C soc2@70.562C soc0@70.968C gpu@73.593C tj@73.593C soc1@71.406C VDD_IN 19353mW/19383mW VDD_CPU_GPU_CV 8333mW/8325mW VDD_SOC 4911mW/4900mW
08-05-2026 04:38:06 RAM 5286/7620MB (lfb 19x4MB) SWAP 3114/12002MB (cached 55MB) CPU [0%@1728,0%@1728,0%@1728,0%@1728,0%@1728,0%@1728] GR3D_FREQ 99% cpu@71.593C soc2@70.562C soc0@71.125C gpu@73.75C tj@73.75C soc1@71.531C VDD_IN 19313mW/19383mW VDD_CPU_GPU_CV 8333mW/8325mW VDD_SOC 4870mW/4900mW
08-05-2026 04:38:06 RAM 5286/7620MB (lfb 19x4MB) SWAP 3114/12002MB (cached 55MB) CPU [0%@1728,0%@1728,0%@1728,9%@1728,0%@1728,0%@1728] GR3D_FREQ 99% cpu@71.562C soc2@70.625C soc0@71.093C gpu@73.531C tj@73.531C soc1@71.625C VDD_IN 19353mW/19383mW VDD_CPU_GPU_CV 8333mW/8325mW VDD_SOC 4911mW/4900mW
08-05-2026 04:38:06 RAM 5286/7620MB (lfb 19x4MB) SWAP 3114/12002MB (cached 55MB) CPU [0%@1728,0%@1728,0%@1728,0%@1728,0%@1728,0%@1728] GR3D_FREQ 99% cpu@71.656C soc2@70.656C soc0@71.156C gpu@73.968C tj@73.968C soc1@71.718C VDD_IN 19595mW/19383mW VDD_CPU_GPU_CV 8413mW/8326mW VDD_SOC 4951mW/4901mW
08-05-2026 04:38:07 RAM 5286/7620MB (lfb 19x4MB) SWAP 3114/12002MB (cached 55MB) CPU [0%@1728,0%@1728,0%@1728,0%@1728,0%@1728,0%@1728] GR3D_FREQ 99% cpu@71.812C soc2@70.656C soc0@71C gpu@73.812C tj@73.812C soc1@71.5C VDD_IN 19635mW/19383mW VDD_CPU_GPU_CV 8453mW/8326mW VDD_SOC 4991mW/4901mW
08-05-2026 04:38:07 RAM 5286/7620MB (lfb 19x4MB) SWAP 3114/12002MB (cached 55MB) CPU [0%@1728,0%@1728,18%@1728,0%@1728,0%@1728,0%@1728] GR3D_FREQ 99% cpu@71.656C soc2@70.562C soc0@71.031C gpu@73.843C tj@73.843C soc1@71.531C VDD_IN 19555mW/19384mW VDD_CPU_GPU_CV 8413mW/8326mW VDD_SOC 4951mW/4901mW
08-05-2026 04:38:07 RAM 5286/7620MB (lfb 19x4MB) SWAP 3114/12002MB (cached 55MB) CPU [0%@1728,0%@1728,22%@1728,0%@1728,0%@1728,0%@1728] GR3D_FREQ 99% cpu@72.062C soc2@70.562C soc0@71.093C gpu@73.593C tj@73.593C soc1@71.531C VDD_IN 19393mW/19384mW VDD_CPU_GPU_CV 8333mW/8326mW VDD_SOC 4911mW/4901mW
08-05-2026 04:38:07 RAM 5286/7620MB (lfb 19x4MB) SWAP 3114/12002MB (cached 55MB) CPU [0%@1728,0%@1728,54%@1728,9%@1728,18%@1728,0%@1728] GR3D_FREQ 99% cpu@71.812C soc2@70.625C soc0@71.187C gpu@73.718C tj@73.718C soc1@71.718C VDD_IN 19353mW/19384mW VDD_CPU_GPU_CV 8333mW/8326mW VDD_SOC 4870mW/4901mW
08-05-2026 04:38:07 RAM 5286/7620MB (lfb 19x4MB) SWAP 3114/12002MB (cached 55MB) CPU [0%@1728,0%@1728,0%@1728,0%@1728,0%@1728,0%@1728] GR3D_FREQ 99% cpu@71.968C soc2@70.625C soc0@71.343C gpu@73.562C tj@73.562C soc1@71.5C VDD_IN 19434mW/19384mW VDD_CPU_GPU_CV 8373mW/8326mW VDD_SOC 4911mW/4901mW
08-05-2026 04:38:07 RAM 5286/7620MB (lfb 19x4MB) SWAP 3114/12002MB (cached 55MB) CPU [0%@1728,0%@1728,0%@1728,0%@1728,0%@1728,0%@1728] GR3D_FREQ 99% cpu@72.062C soc2@70.625C soc0@70.937C gpu@74C tj@74C soc1@71.562C VDD_IN 19676mW/19384mW VDD_CPU_GPU_CV 8453mW/8326mW VDD_SOC 4951mW/4901mW
08-05-2026 04:38:07 RAM 5286/7620MB (lfb 19x4MB) SWAP 3114/12002MB (cached 55MB) CPU [0%@1728,0%@1728,0%@1728,0%@1728,0%@1728,0%@1728] GR3D_FREQ 99% cpu@71.718C soc2@70.718C soc0@70.968C gpu@73.843C tj@73.843C soc1@71.562C VDD_IN 19635mW/19385mW VDD_CPU_GPU_CV 8453mW/8327mW VDD_SOC 4951mW/4901mW
08-05-2026 04:38:07 RAM 5286/7620MB (lfb 19x4MB) SWAP 3114/12002MB (cached 55MB) CPU [0%@1728,0%@1728,0%@1728,0%@1728,0%@1728,0%@1728] GR3D_FREQ 99% cpu@71.781C soc2@70.656C soc0@71.156C gpu@74.125C tj@74.125C soc1@71.625C VDD_IN 19595mW/19385mW VDD_CPU_GPU_CV 8493mW/8327mW VDD_SOC 4951mW/4901mW
08-05-2026 04:38:07 RAM 5286/7620MB (lfb 19x4MB) SWAP 3114/12002MB (cached 55MB) CPU [0%@1728,0%@1728,0%@1728,0%@1728,0%@1728,0%@1728] GR3D_FREQ 99% cpu@71.781C soc2@70.75C soc0@71.156C gpu@73.593C tj@73.593C soc1@71.75C VDD_IN 19434mW/19386mW VDD_CPU_GPU_CV 8333mW/8327mW VDD_SOC 4911mW/4901mW
08-05-2026 04:38:07 RAM 5286/7620MB (lfb 19x4MB) SWAP 3114/12002MB (cached 55MB) CPU [0%@1728,0%@1728,0%@1728,0%@1728,0%@1728,0%@1728] GR3D_FREQ 99% cpu@71.812C soc2@70.718C soc0@71.031C gpu@74.25C tj@74C soc1@71.531C VDD_IN 19353mW/19385mW VDD_CPU_GPU_CV 8333mW/8327mW VDD_SOC 4870mW/4901mW
08-05-2026 04:38:08 RAM 5286/7620MB (lfb 19x4MB) SWAP 3114/12002MB (cached 55MB) CPU [0%@1728,0%@1728,0%@1728,8%@1728,10%@1728,0%@1728] GR3D_FREQ 99% cpu@71.625C soc2@70.656C soc0@71.031C gpu@73.875C tj@73.875C soc1@71.562C VDD_IN 19353mW/19385mW VDD_CPU_GPU_CV 8333mW/8327mW VDD_SOC 4870mW/4901mW
08-05-2026 04:38:08 RAM 5287/7620MB (lfb 19x4MB) SWAP 3114/12002MB (cached 54MB) CPU [16%@1728,9%@1728,18%@1728,0%@1728,0%@1728,0%@1728] GR3D_FREQ 99% cpu@71.906C soc2@70.718C soc0@71.156C gpu@73.937C tj@73.937C soc1@71.687C VDD_IN 19635mW/19386mW VDD_CPU_GPU_CV 8413mW/8327mW VDD_SOC 4951mW/4901mW
08-05-2026 04:38:08 RAM 5290/7620MB (lfb 19x4MB) SWAP 3114/12002MB (cached 54MB) CPU [0%@1728,9%@1728,0%@1728,10%@1728,0%@1728,0%@1728] GR3D_FREQ 99% cpu@71.812C soc2@70.75C soc0@71.125C gpu@74.125C tj@74.125C soc1@71.812C VDD_IN 19716mW/19387mW VDD_CPU_GPU_CV 8493mW/8328mW VDD_SOC 4943mW/4901mW
08-05-2026 04:38:08 RAM 5290/7620MB (lfb 19x4MB) SWAP 3114/12002MB (cached 54MB) CPU [0%@1728,0%@1728,0%@1728,0%@1728,0%@1728,0%@1728] GR3D_FREQ 99% cpu@71.875C soc2@70.812C soc0@71.25C gpu@74.218C tj@74.218C soc1@71.843C VDD_IN 19635mW/19387mW VDD_CPU_GPU_CV 8493mW/8328mW VDD_SOC 4943mW/4901mW
08-05-2026 04:38:08 RAM 5290/7620MB (lfb 19x4MB) SWAP 3114/12002MB (cached 54MB) CPU [0%@1728,0%@1728,0%@1728,0%@1728,0%@1728,0%@1728] GR3D_FREQ 99% cpu@72.156C soc2@70.687C soc0@71.031C gpu@73.625C tj@73.625C soc1@71.531C VDD_IN 19434mW/19387mW VDD_CPU_GPU_CV 8333mW/8328mW VDD_SOC 4911mW/4901mW
08-05-2026 04:38:08 RAM 5290/7620MB (lfb 19x4MB) SWAP 3114/12002MB (cached 54MB) CPU [0%@1728,0%@1728,0%@1728,0%@1728,8%@1728,0%@1728] GR3D_FREQ 99% cpu@71.718C soc2@70.656C soc0@71.093C gpu@74.218C tj@74.218C soc1@71.625C VDD_IN 19353mW/19387mW VDD_CPU_GPU_CV 8333mW/8328mW VDD_SOC 4870mW/4901mW
08-05-2026 04:38:08 RAM 5290/7620MB (lfb 19x4MB) SWAP 3114/12002MB (cached 54MB) CPU [0%@1728,0%@1728,0%@1728,0%@1728,0%@1728,0%@1728] GR3D_FREQ 99% cpu@71.656C soc2@70.75C soc0@71.218C gpu@73.843C tj@73.843C soc1@71.718C VDD_IN 19313mW/19387mW VDD_CPU_GPU_CV 8333mW/8328mW VDD_SOC 4870mW/4901mW
08-05-2026 04:38:08 RAM 5290/7620MB (lfb 19x4MB) SWAP 3114/12002MB (cached 54MB) CPU [0%@1728,0%@1728,0%@1728,0%@1728,18%@1728,0%@1728] GR3D_FREQ 96% cpu@71.812C soc2@70.812C soc0@71.218C gpu@74.281C tj@74.281C soc1@71.843C VDD_IN 19555mW/19387mW VDD_CPU_GPU_CV 8413mW/8328mW VDD_SOC 4951mW/4901mW
08-05-2026 04:38:08 RAM 5290/7620MB (lfb 19x4MB) SWAP 3114/12002MB (cached 54MB) CPU [0%@1728,9%@1728,0%@1728,0%@1728,0%@1728,9%@1728] GR3D_FREQ 99% cpu@71.968C soc2@70.843C soc0@71.062C gpu@74.125C tj@74.125C soc1@71.531C VDD_IN 19676mW/19388mW VDD_CPU_GPU_CV 8453mW/8328mW VDD_SOC 4943mW/4901mW
08-05-2026 04:38:09 RAM 5290/7620MB (lfb 19x4MB) SWAP 3114/12002MB (cached 54MB) CPU [0%@1728,0%@1728,0%@1728,0%@1728,0%@1728,0%@1728] GR3D_FREQ 99% cpu@71.718C soc2@70.687C soc0@71.093C gpu@74.125C tj@74.125C soc1@71.625C VDD_IN 19676mW/19388mW VDD_CPU_GPU_CV 8453mW/8329mW VDD_SOC 4943mW/4901mW
08-05-2026 04:38:09 RAM 5290/7620MB (lfb 19x4MB) SWAP 3114/12002MB (cached 54MB) CPU [9%@1728,0%@1728,0%@1728,0%@1728,0%@1728,0%@1728] GR3D_FREQ 99% cpu@71.906C soc2@70.75C soc0@71.187C gpu@73.906C tj@73.906C soc1@71.531C VDD_IN 19514mW/19389mW VDD_CPU_GPU_CV 8373mW/8329mW VDD_SOC 4951mW/4902mW
08-05-2026 04:38:09 RAM 5290/7620MB (lfb 19x4MB) SWAP 3114/12002MB (cached 54MB) CPU [0%@1728,0%@1728,9%@1728,0%@1728,0%@1728,9%@1728] GR3D_FREQ 99% cpu@71.75C soc2@70.718C soc0@71.187C gpu@74.156C tj@74.156C soc1@71.593C VDD_IN 19353mW/19389mW VDD_CPU_GPU_CV 8293mW/8329mW VDD_SOC 4870mW/4901mW
08-05-2026 04:38:09 RAM 5290/7620MB (lfb 19x4MB) SWAP 3114/12002MB (cached 54MB) CPU [0%@1728,0%@1728,0%@1728,0%@1728,0%@1728,0%@1728] GR3D_FREQ 99% cpu@71.843C soc2@70.687C soc0@71.218C gpu@73.812C tj@73.812C soc1@71.843C VDD_IN 19272mW/19388mW VDD_CPU_GPU_CV 8253mW/8328mW VDD_SOC 4870mW/4901mW
08-05-2026 04:38:09 RAM 5290/7620MB (lfb 19x4MB) SWAP 3113/12002MB (cached 55MB) CPU [11%@1728,9%@1728,0%@1728,0%@1728,0%@1728,0%@1728] GR3D_FREQ 99% cpu@72.093C soc2@70.812C soc0@71.125C gpu@74.125C tj@74.125C soc1@71.531C VDD_IN 19474mW/19389mW VDD_CPU_GPU_CV 8373mW/8329mW VDD_SOC 4911mW/4901mW
08-05-2026 04:38:09 RAM 5290/7620MB (lfb 19x4MB) SWAP 3113/12002MB (cached 55MB) CPU [0%@1728,0%@1728,0%@1728,0%@1728,0%@1728,0%@1728] GR3D_FREQ 99% cpu@71.812C soc2@70.718C soc0@71.125C gpu@74C tj@74C soc1@71.593C VDD_IN 19635mW/19389mW VDD_CPU_GPU_CV 8413mW/8329mW VDD_SOC 4951mW/4902mW
08-05-2026 04:38:09 RAM 5290/7620MB (lfb 19x4MB) SWAP 3113/12002MB (cached 55MB) CPU [0%@1728,0%@1728,0%@1728,0%@1728,10%@1728,0%@1728] GR3D_FREQ 99% cpu@71.843C soc2@70.718C soc0@71.187C gpu@74C tj@74C soc1@71.687C VDD_IN 19635mW/19389mW VDD_CPU_GPU_CV 8453mW/8329mW VDD_SOC 4951mW/4902mW
08-05-2026 04:38:09 RAM 5290/7620MB (lfb 19x4MB) SWAP 3113/12002MB (cached 55MB) CPU [0%@1728,0%@1728,0%@1728,0%@1728,0%@1728,0%@1728] GR3D_FREQ 99% cpu@71.718C soc2@70.75C soc0@71.187C gpu@73.875C tj@73.875C soc1@71.718C VDD_IN 19474mW/19390mW VDD_CPU_GPU_CV 8333mW/8329mW VDD_SOC 4951mW/4902mW
08-05-2026 04:38:09 RAM 5290/7620MB (lfb 19x4MB) SWAP 3113/12002MB (cached 55MB) CPU [0%@1728,0%@1728,0%@1728,0%@1728,0%@1728,0%@1728] GR3D_FREQ 99% cpu@71.75C soc2@70.812C soc0@71.312C gpu@73.906C tj@73.906C soc1@71.531C VDD_IN 19353mW/19390mW VDD_CPU_GPU_CV 8333mW/8329mW VDD_SOC 4870mW/4902mW
08-05-2026 04:38:09 RAM 5290/7620MB (lfb 19x4MB) SWAP 3113/12002MB (cached 55MB) CPU [0%@1728,0%@1728,0%@1728,0%@1728,0%@1728,0%@1728] GR3D_FREQ 99% cpu@71.812C soc2@70.593C soc0@71.125C gpu@74.218C tj@74.218C soc1@71.562C VDD_IN 19353mW/19389mW VDD_CPU_GPU_CV 8293mW/8329mW VDD_SOC 4870mW/4902mW
08-05-2026 04:38:10 RAM 5290/7620MB (lfb 19x4MB) SWAP 3113/12002MB (cached 55MB) CPU [0%@1728,0%@1728,0%@1728,0%@1728,0%@1728,0%@1728] GR3D_FREQ 99% cpu@71.781C soc2@70.656C soc0@71.156C gpu@74.062C tj@74.062C soc1@71.562C VDD_IN 19434mW/19390mW VDD_CPU_GPU_CV 8373mW/8329mW VDD_SOC 4911mW/4902mW
08-05-2026 04:38:10 RAM 5290/7620MB (lfb 19x4MB) SWAP 3113/12002MB (cached 55MB) CPU [0%@1728,0%@1728,16%@1728,0%@1728,0%@1728,0%@1728] GR3D_FREQ 99% cpu@71.843C soc2@70.781C soc0@71.125C gpu@73.687C tj@73.687C soc1@71.687C VDD_IN 19595mW/19390mW VDD_CPU_GPU_CV 8453mW/8329mW VDD_SOC 4951mW/4902mW
08-05-2026 04:38:10 RAM 5290/7620MB (lfb 19x4MB) SWAP 3113/12002MB (cached 55MB) CPU [0%@1728,0%@1728,0%@1728,0%@1728,0%@1728,0%@1728] GR3D_FREQ 99% cpu@71.906C soc2@70.781C soc0@71.312C gpu@74.312C tj@74.312C soc1@71.718C VDD_IN 19595mW/19390mW VDD_CPU_GPU_CV 8453mW/8329mW VDD_SOC 4951mW/4902mW
08-05-2026 04:38:10 RAM 5290/7620MB (lfb 19x4MB) SWAP 3113/12002MB (cached 55MB) CPU [0%@1728,0%@1728,0%@1728,0%@1728,18%@1728,0%@1728] GR3D_FREQ 99% cpu@71.843C soc2@70.812C soc0@71.375C gpu@73.906C tj@73.906C soc1@71.531C VDD_IN 19434mW/19390mW VDD_CPU_GPU_CV 8333mW/8329mW VDD_SOC 4911mW/4902mW
08-05-2026 04:38:10 RAM 5290/7620MB (lfb 19x4MB) SWAP 3113/12002MB (cached 55MB) CPU [16%@1728,0%@1728,0%@1728,0%@1728,0%@1728,0%@1728] GR3D_FREQ 99% cpu@71.75C soc2@70.562C soc0@71.125C gpu@74C tj@74C soc1@71.625C VDD_IN 19313mW/19390mW VDD_CPU_GPU_CV 8333mW/8329mW VDD_SOC 4870mW/4902mW
08-05-2026 04:38:10 RAM 5290/7620MB (lfb 19x4MB) SWAP 3113/12002MB (cached 55MB) CPU [0%@1728,0%@1728,0%@1728,0%@1728,0%@1728,0%@1728] GR3D_FREQ 99% cpu@71.812C soc2@70.656C soc0@71.125C gpu@74.156C tj@74.156C soc1@71.593C VDD_IN 19313mW/19390mW VDD_CPU_GPU_CV 8293mW/8329mW VDD_SOC 4870mW/4902mW
08-05-2026 04:38:10 RAM 5290/7620MB (lfb 19x4MB) SWAP 3113/12002MB (cached 55MB) CPU [0%@1728,0%@1728,0%@1728,0%@1728,0%@1728,0%@1728] GR3D_FREQ 99% cpu@71.843C soc2@70.625C soc0@71.25C gpu@73.75C tj@73.75C soc1@71.75C VDD_IN 19393mW/19390mW VDD_CPU_GPU_CV 8333mW/8329mW VDD_SOC 4911mW/4902mW
08-05-2026 04:38:10 RAM 5290/7620MB (lfb 19x4MB) SWAP 3113/12002MB (cached 55MB) CPU [0%@1728,0%@1728,0%@1728,0%@1728,0%@1728,0%@1728] GR3D_FREQ 99% cpu@71.843C soc2@70.812C soc0@71.312C gpu@73.937C tj@73.937C soc1@71.781C VDD_IN 19676mW/19391mW VDD_CPU_GPU_CV 8453mW/8330mW VDD_SOC 4951mW/4902mW
08-05-2026 04:38:10 RAM 5290/7620MB (lfb 19x4MB) SWAP 3113/12002MB (cached 55MB) CPU [0%@1728,0%@1728,0%@1728,0%@1728,0%@1728,0%@1728] GR3D_FREQ 99% cpu@72C soc2@70.625C soc0@71.093C gpu@74.25C tj@74.25C soc1@71.656C VDD_IN 19635mW/19391mW VDD_CPU_GPU_CV 8453mW/8330mW VDD_SOC 4943mW/4902mW
08-05-2026 04:38:11 RAM 5290/7620MB (lfb 19x4MB) SWAP 3113/12002MB (cached 55MB) CPU [0%@1728,0%@1728,0%@1728,0%@1728,0%@1728,9%@1728] GR3D_FREQ 99% cpu@71.812C soc2@70.687C soc0@71.093C gpu@74C tj@74C soc1@71.562C VDD_IN 19595mW/19392mW VDD_CPU_GPU_CV 8453mW/8330mW VDD_SOC 4951mW/4902mW
08-05-2026 04:38:11 RAM 5290/7620MB (lfb 19x4MB) SWAP 3113/12002MB (cached 55MB) CPU [0%@1728,0%@1728,9%@1728,0%@1728,18%@1728,0%@1728] GR3D_FREQ 99% cpu@72.062C soc2@70.656C soc0@71.125C gpu@73.593C tj@73.593C soc1@71.593C VDD_IN 19434mW/19392mW VDD_CPU_GPU_CV 8373mW/8330mW VDD_SOC 4911mW/4902mW
08-05-2026 04:38:11 RAM 5290/7620MB (lfb 19x4MB) SWAP 3113/12002MB (cached 55MB) CPU [0%@1728,9%@1728,10%@1728,0%@1728,0%@1728,0%@1728] GR3D_FREQ 99% cpu@71.843C soc2@70.718C soc0@71.281C gpu@74.125C tj@74.125C soc1@71.812C VDD_IN 19313mW/19391mW VDD_CPU_GPU_CV 8333mW/8330mW VDD_SOC 4870mW/4902mW
08-05-2026 04:38:11 RAM 5290/7620MB (lfb 19x4MB) SWAP 3113/12002MB (cached 55MB) CPU [0%@1728,0%@1728,9%@1728,0%@1728,0%@1728,0%@1728] GR3D_FREQ 99% cpu@71.906C soc2@70.531C soc0@71.343C gpu@73.562C tj@73.562C soc1@71.593C VDD_IN 19313mW/19391mW VDD_CPU_GPU_CV 8333mW/8330mW VDD_SOC 4870mW/4902mW
08-05-2026 04:38:11 RAM 5291/7620MB (lfb 19x4MB) SWAP 3113/12002MB (cached 55MB) CPU [16%@1728,0%@1728,0%@1728,18%@1728,9%@1728,0%@1728] GR3D_FREQ 99% cpu@71.906C soc2@70.687C soc0@71.156C gpu@73.812C tj@73.812C soc1@71.562C VDD_IN 19595mW/19392mW VDD_CPU_GPU_CV 8453mW/8330mW VDD_SOC 4951mW/4902mW
08-05-2026 04:38:11 RAM 5288/7620MB (lfb 19x4MB) SWAP 3113/12002MB (cached 55MB) CPU [0%@1728,9%@1728,0%@1728,10%@1728,0%@1728,0%@1728] GR3D_FREQ 99% cpu@71.875C soc2@70.656C soc0@71.156C gpu@74.218C tj@74.218C soc1@71.625C VDD_IN 19644mW/19392mW VDD_CPU_GPU_CV 8493mW/8331mW VDD_SOC 4951mW/4902mW
08-05-2026 04:38:11 RAM 5288/7620MB (lfb 19x4MB) SWAP 3113/12002MB (cached 55MB) CPU [0%@1728,0%@1728,0%@1728,0%@1728,0%@1728,0%@1728] GR3D_FREQ 99% cpu@71.843C soc2@70.687C soc0@71.218C gpu@74C tj@74C soc1@71.687C VDD_IN 19635mW/19393mW VDD_CPU_GPU_CV 8493mW/8331mW VDD_SOC 4951mW/4902mW
08-05-2026 04:38:11 RAM 5288/7620MB (lfb 19x4MB) SWAP 3113/12002MB (cached 55MB) CPU [0%@1728,0%@1728,0%@1728,0%@1728,0%@1728,0%@1728] GR3D_FREQ 99% cpu@71.781C soc2@70.75C soc0@71.281C gpu@74.031C tj@74.031C soc1@71.812C VDD_IN 19434mW/19393mW VDD_CPU_GPU_CV 8373mW/8331mW VDD_SOC 4911mW/4902mW
08-05-2026 04:38:11 RAM 5288/7620MB (lfb 19x4MB) SWAP 3113/12002MB (cached 55MB) CPU [0%@1728,0%@1728,0%@1728,0%@1728,10%@1728,0%@1728] GR3D_FREQ 99% cpu@71.906C soc2@70.625C soc0@71.031C gpu@73.906C tj@73.906C soc1@71.593C VDD_IN 19353mW/19393mW VDD_CPU_GPU_CV 8373mW/8331mW VDD_SOC 4911mW/4902mW
08-05-2026 04:38:11 RAM 5288/7620MB (lfb 19x4MB) SWAP 3113/12002MB (cached 55MB) CPU [0%@1728,0%@1728,0%@1728,0%@1728,0%@1728,0%@1728] GR3D_FREQ 99% cpu@71.781C soc2@70.593C soc0@71C gpu@73.625C tj@73.625C soc1@71.687C VDD_IN 19353mW/19393mW VDD_CPU_GPU_CV 8333mW/8331mW VDD_SOC 4870mW/4902mW
08-05-2026 04:38:12 RAM 5288/7620MB (lfb 19x4MB) SWAP 3113/12002MB (cached 55MB) CPU [0%@1728,0%@1728,0%@1728,0%@1728,0%@1728,0%@1728] GR3D_FREQ 99% cpu@71.75C soc2@70.718C soc0@71C gpu@74.343C tj@74.343C soc1@71.656C VDD_IN 19555mW/19393mW VDD_CPU_GPU_CV 8413mW/8331mW VDD_SOC 4911mW/4902mW
08-05-2026 04:38:12 RAM 5287/7620MB (lfb 19x4MB) SWAP 3113/12002MB (cached 55MB) CPU [9%@1728,0%@1728,18%@1728,8%@1728,0%@1728,9%@1728] GR3D_FREQ 99% cpu@71.875C soc2@70.75C soc0@71.187C gpu@73.781C tj@73.781C soc1@71.812C VDD_IN 19595mW/19393mW VDD_CPU_GPU_CV 8453mW/8332mW VDD_SOC 4951mW/4902mW
08-05-2026 04:38:12 RAM 5287/7620MB (lfb 19x4MB) SWAP 3113/12002MB (cached 55MB) CPU [9%@1728,0%@1728,0%@1728,0%@1728,0%@1728,0%@1728] GR3D_FREQ 99% cpu@71.968C soc2@70.875C soc0@71.125C gpu@73.968C tj@73.968C soc1@71.531C VDD_IN 19595mW/19394mW VDD_CPU_GPU_CV 8493mW/8332mW VDD_SOC 4951mW/4902mW
08-05-2026 04:38:12 RAM 5287/7620MB (lfb 19x4MB) SWAP 3113/12002MB (cached 55MB) CPU [0%@1728,0%@1728,0%@1728,0%@1728,0%@1728,0%@1728] GR3D_FREQ 99% cpu@71.968C soc2@70.656C soc0@71C gpu@73.562C tj@73.968C soc1@71.562C VDD_IN 19353mW/19394mW VDD_CPU_GPU_CV 8333mW/8332mW VDD_SOC 4911mW/4902mW
08-05-2026 04:38:12 RAM 5287/7620MB (lfb 19x4MB) SWAP 3113/12002MB (cached 55MB) CPU [0%@1728,0%@1728,0%@1728,0%@1728,0%@1728,0%@1728] GR3D_FREQ 99% cpu@71.781C soc2@70.625C soc0@71.062C gpu@73.906C tj@73.906C soc1@71.593C VDD_IN 19272mW/19393mW VDD_CPU_GPU_CV 8333mW/8332mW VDD_SOC 4870mW/4902mW
08-05-2026 04:38:12 RAM 5287/7620MB (lfb 19x4MB) SWAP 3113/12002MB (cached 55MB) CPU [0%@1728,0%@1728,0%@1728,0%@1728,10%@1728,0%@1728] GR3D_FREQ 96% cpu@71.875C soc2@70.687C soc0@71.093C gpu@73.593C tj@73.593C soc1@71.687C VDD_IN 19313mW/19393mW VDD_CPU_GPU_CV 8293mW/8332mW VDD_SOC 4870mW/4902mW
08-05-2026 04:38:12 RAM 5287/7620MB (lfb 19x4MB) SWAP 3113/12002MB (cached 55MB) CPU [0%@1728,0%@1728,0%@1728,0%@1728,0%@1728,0%@1728] GR3D_FREQ 99% cpu@71.843C soc2@70.687C soc0@71.281C gpu@74.031C tj@74.031C soc1@71.812C VDD_IN 19514mW/19393mW VDD_CPU_GPU_CV 8373mW/8332mW VDD_SOC 4911mW/4902mW
08-05-2026 04:38:12 RAM 5287/7620MB (lfb 19x4MB) SWAP 3113/12002MB (cached 55MB) CPU [0%@1728,0%@1728,0%@1728,0%@1728,0%@1728,0%@1728] GR3D_FREQ 99% cpu@72.031C soc2@70.687C soc0@71.031C gpu@73.875C tj@73.875C soc1@71.562C VDD_IN 19635mW/19394mW VDD_CPU_GPU_CV 8413mW/8332mW VDD_SOC 4951mW/4902mW
08-05-2026 04:38:12 RAM 5287/7620MB (lfb 19x4MB) SWAP 3113/12002MB (cached 55MB) CPU [8%@1728,0%@1728,0%@1728,0%@1728,0%@1728,0%@1728] GR3D_FREQ 99% cpu@71.937C soc2@70.687C soc0@71.218C gpu@73.937C tj@73.937C soc1@71.625C VDD_IN 19635mW/19394mW VDD_CPU_GPU_CV 8453mW/8332mW VDD_SOC 4951mW/4902mW
08-05-2026 04:38:13 RAM 5287/7620MB (lfb 19x4MB) SWAP 3113/12002MB (cached 55MB) CPU [0%@1728,0%@1728,9%@1728,0%@1728,0%@1728,0%@1728] GR3D_FREQ 99% cpu@71.843C soc2@70.718C soc0@71.187C gpu@73.656C tj@73.656C soc1@71.687C VDD_IN 19474mW/19394mW VDD_CPU_GPU_CV 8333mW/8332mW VDD_SOC 4951mW/4902mW
08-05-2026 04:38:13 RAM 5287/7620MB (lfb 19x4MB) SWAP 3113/12002MB (cached 55MB) CPU [9%@1728,0%@1728,0%@1728,0%@1728,0%@1728,0%@1728] GR3D_FREQ 99% cpu@71.812C soc2@70.625C soc0@71.156C gpu@73.843C tj@73.843C soc1@71.781C VDD_IN 19353mW/19394mW VDD_CPU_GPU_CV 8333mW/8332mW VDD_SOC 4911mW/4903mW
08-05-2026 04:38:13 RAM 5287/7620MB (lfb 19x4MB) SWAP 3113/12002MB (cached 55MB) CPU [0%@1728,9%@1728,18%@1728,0%@1728,0%@1728,0%@1728] GR3D_FREQ 99% cpu@71.906C soc2@70.75C soc0@71.343C gpu@73.875C tj@73.875C soc1@71.531C VDD_IN 19272mW/19394mW VDD_CPU_GPU_CV 8293mW/8332mW VDD_SOC 4870mW/4902mW
08-05-2026 04:38:13 RAM 5287/7620MB (lfb 19x4MB) SWAP 3113/12002MB (cached 55MB) CPU [0%@1728,0%@1728,0%@1728,0%@1728,10%@1728,0%@1728] GR3D_FREQ 99% cpu@72.156C soc2@70.75C soc0@71.062C gpu@73.875C tj@73.875C soc1@71.625C VDD_IN 19514mW/19394mW VDD_CPU_GPU_CV 8373mW/8332mW VDD_SOC 4911mW/4902mW
08-05-2026 04:38:13 RAM 5287/7620MB (lfb 19x4MB) SWAP 3113/12002MB (cached 55MB) CPU [0%@1728,0%@1728,0%@1728,0%@1728,0%@1728,0%@1728] GR3D_FREQ 99% cpu@72.187C soc2@70.75C soc0@71.218C gpu@73.906C tj@73.906C soc1@71.593C VDD_IN 19595mW/19395mW VDD_CPU_GPU_CV 8413mW/8332mW VDD_SOC 4951mW/4903mW
08-05-2026 04:38:13 RAM 5287/7620MB (lfb 19x4MB) SWAP 3113/12002MB (cached 55MB) CPU [0%@1728,0%@1728,0%@1728,0%@1728,0%@1728,8%@1728] GR3D_FREQ 99% cpu@71.812C soc2@70.75C soc0@71.218C gpu@74.281C tj@74.281C soc1@71.718C VDD_IN 19595mW/19395mW VDD_CPU_GPU_CV 8453mW/8333mW VDD_SOC 4951mW/4903mW
08-05-2026 04:38:13 RAM 5287/7620MB (lfb 19x4MB) SWAP 3113/12002MB (cached 55MB) CPU [0%@1728,9%@1728,0%@1728,0%@1728,0%@1728,0%@1728] GR3D_FREQ 99% cpu@71.906C soc2@70.75C soc0@71.312C gpu@73.687C tj@73.687C soc1@71.75C VDD_IN 19474mW/19395mW VDD_CPU_GPU_CV 8333mW/8333mW VDD_SOC 4951mW/4903mW
08-05-2026 04:38:13 RAM 5287/7620MB (lfb 19x4MB) SWAP 3113/12002MB (cached 55MB) CPU [0%@1728,0%@1728,0%@1728,0%@1728,0%@1728,0%@1728] GR3D_FREQ 99% cpu@72C soc2@70.781C soc0@71.093C gpu@74.125C tj@74.125C soc1@71.531C VDD_IN 19313mW/19395mW VDD_CPU_GPU_CV 8293mW/8333mW VDD_SOC 4870mW/4903mW
08-05-2026 04:38:13 RAM 5287/7620MB (lfb 19x4MB) SWAP 3113/12002MB (cached 55MB) CPU [0%@1728,0%@1728,0%@1728,0%@1728,0%@1728,0%@1728] GR3D_FREQ 99% cpu@72.031C soc2@70.75C soc0@71.093C gpu@73.937C tj@73.937C soc1@71.593C VDD_IN 19313mW/19395mW VDD_CPU_GPU_CV 8293mW/8333mW VDD_SOC 4870mW/4903mW
08-05-2026 04:38:13 RAM 5287/7620MB (lfb 19x4MB) SWAP 3113/12002MB (cached 55MB) CPU [0%@1728,0%@1728,0%@1728,0%@1728,0%@1728,0%@1728] GR3D_FREQ 99% cpu@71.687C soc2@70.656C soc0@71.187C gpu@73.781C tj@73.781C soc1@71.593C VDD_IN 19393mW/19395mW VDD_CPU_GPU_CV 8333mW/8333mW VDD_SOC 4911mW/4903mW
08-05-2026 04:38:14 RAM 5287/7620MB (lfb 19x4MB) SWAP 3113/12002MB (cached 55MB) CPU [0%@1728,0%@1728,0%@1728,0%@1728,9%@1728,8%@1728] GR3D_FREQ 99% cpu@71.875C soc2@70.781C soc0@71.125C gpu@74C tj@74C soc1@71.718C VDD_IN 19604mW/19395mW VDD_CPU_GPU_CV 8453mW/8333mW VDD_SOC 4983mW/4903mW
08-05-2026 04:38:14 RAM 5287/7620MB (lfb 19x4MB) SWAP 3113/12002MB (cached 55MB) CPU [0%@1728,0%@1728,0%@1728,0%@1728,0%@1728,0%@1728] GR3D_FREQ 99% cpu@72.031C soc2@70.843C soc0@71.312C gpu@73.968C tj@73.968C soc1@71.562C VDD_IN 19555mW/19396mW VDD_CPU_GPU_CV 8453mW/8333mW VDD_SOC 4951mW/4903mW
08-05-2026 04:38:14 RAM 5287/7620MB (lfb 19x4MB) SWAP 3113/12002MB (cached 55MB) CPU [0%@1728,0%@1728,0%@1728,0%@1728,0%@1728,0%@1728] GR3D_FREQ 99% cpu@72.062C soc2@70.656C soc0@71.125C gpu@73.843C tj@73.843C soc1@71.625C VDD_IN 19474mW/19396mW VDD_CPU_GPU_CV 8373mW/8333mW VDD_SOC 4911mW/4903mW
08-05-2026 04:38:14 RAM 5287/7620MB (lfb 19x4MB) SWAP 3113/12002MB (cached 55MB) CPU [0%@1728,0%@1728,0%@1728,0%@1728,0%@1728,0%@1728] GR3D_FREQ 99% cpu@72.281C soc2@70.687C soc0@71.218C gpu@74.031C tj@74.031C soc1@71.562C VDD_IN 19313mW/19396mW VDD_CPU_GPU_CV 8333mW/8333mW VDD_SOC 4870mW/4903mW
08-05-2026 04:38:14 RAM 5287/7620MB (lfb 19x4MB) SWAP 3113/12002MB (cached 55MB) CPU [0%@1728,0%@1728,0%@1728,0%@1728,0%@1728,9%@1728] GR3D_FREQ 99% cpu@71.812C soc2@70.625C soc0@71.156C gpu@73.906C tj@73.906C soc1@71.656C VDD_IN 19313mW/19395mW VDD_CPU_GPU_CV 8293mW/8333mW VDD_SOC 4870mW/4903mW
08-05-2026 04:38:14 RAM 5287/7620MB (lfb 19x4MB) SWAP 3113/12002MB (cached 55MB) CPU [8%@1728,0%@1728,0%@1728,0%@1728,0%@1728,0%@1728] GR3D_FREQ 99% cpu@72C soc2@70.75C soc0@71.25C gpu@73.968C tj@73.656C soc1@71.781C VDD_IN 19353mW/19395mW VDD_CPU_GPU_CV 8333mW/8333mW VDD_SOC 4911mW/4903mW
08-05-2026 04:38:14 RAM 5291/7620MB (lfb 19x4MB) SWAP 3113/12002MB (cached 55MB) CPU [9%@1728,9%@1728,0%@1728,10%@1728,0%@1728,0%@1728] GR3D_FREQ 99% cpu@72.125C soc2@70.843C soc0@71.312C gpu@74.093C tj@74.093C soc1@71.531C VDD_IN 19564mW/19396mW VDD_CPU_GPU_CV 8453mW/8333mW VDD_SOC 4951mW/4903mW
08-05-2026 04:38:14 RAM 5289/7620MB (lfb 19x4MB) SWAP 3113/12002MB (cached 55MB) CPU [0%@1728,0%@1728,9%@1728,18%@1728,0%@1728,0%@1728] GR3D_FREQ 99% cpu@72.156C soc2@70.656C soc0@71.093C gpu@74C tj@74C soc1@71.531C VDD_IN 19644mW/19396mW VDD_CPU_GPU_CV 8493mW/8333mW VDD_SOC 4943mW/4903mW
08-05-2026 04:38:14 RAM 5289/7620MB (lfb 19x4MB) SWAP 3113/12002MB (cached 55MB) CPU [0%@1728,0%@1728,0%@1728,0%@1728,18%@1728,8%@1728] GR3D_FREQ 99% cpu@71.75C soc2@70.718C soc0@71.062C gpu@74.062C tj@74.062C soc1@71.718C VDD_IN 19595mW/19396mW VDD_CPU_GPU_CV 8453mW/8334mW VDD_SOC 4943mW/4903mW
08-05-2026 04:38:15 RAM 5289/7620MB (lfb 19x4MB) SWAP 3113/12002MB (cached 55MB) CPU [0%@1728,0%@1728,0%@1728,0%@1728,0%@1728,0%@1728] GR3D_FREQ 99% cpu@71.906C soc2@70.75C soc0@71.156C gpu@73.75C tj@73.75C soc1@71.687C VDD_IN 19434mW/19397mW VDD_CPU_GPU_CV 8373mW/8334mW VDD_SOC 4911mW/4903mW
08-05-2026 04:38:15 RAM 5289/7620MB (lfb 19x4MB) SWAP 3113/12002MB (cached 55MB) CPU [0%@1728,0%@1728,0%@1728,0%@1728,0%@1728,0%@1728] GR3D_FREQ 99% cpu@72C soc2@70.781C soc0@71.281C gpu@73.968C tj@73.968C soc1@71.531C VDD_IN 19393mW/19397mW VDD_CPU_GPU_CV 8333mW/8334mW VDD_SOC 4911mW/4903mW
08-05-2026 04:38:15 RAM 5289/7620MB (lfb 19x4MB) SWAP 3113/12002MB (cached 55MB) CPU [0%@1728,0%@1728,18%@1728,0%@1728,0%@1728,0%@1728] GR3D_FREQ 99% cpu@72C soc2@70.718C soc0@71.125C gpu@73.937C tj@73.937C soc1@71.531C VDD_IN 19353mW/19396mW VDD_CPU_GPU_CV 8333mW/8334mW VDD_SOC 4870mW/4903mW
08-05-2026 04:38:15 RAM 5289/7620MB (lfb 19x4MB) SWAP 3113/12002MB (cached 55MB) CPU [0%@1728,0%@1728,0%@1728,0%@1728,0%@1728,0%@1728] GR3D_FREQ 99% cpu@71.875C soc2@70.656C soc0@71.062C gpu@74C tj@74C soc1@71.562C VDD_IN 19595mW/19397mW VDD_CPU_GPU_CV 8413mW/8334mW VDD_SOC 4951mW/4903mW
08-05-2026 04:38:15 RAM 5289/7620MB (lfb 19x4MB) SWAP 3113/12002MB (cached 55MB) CPU [0%@1728,0%@1728,0%@1728,0%@1728,8%@1728,0%@1728] GR3D_FREQ 99% cpu@71.656C soc2@70.781C soc0@71.125C gpu@74.125C tj@74.125C soc1@71.656C VDD_IN 19595mW/19397mW VDD_CPU_GPU_CV 8413mW/8334mW VDD_SOC 4951mW/4903mW
08-05-2026 04:38:15 RAM 5289/7620MB (lfb 19x4MB) SWAP 3113/12002MB (cached 55MB) CPU [0%@1728,0%@1728,0%@1728,0%@1728,0%@1728,0%@1728] GR3D_FREQ 99% cpu@71.812C soc2@70.687C soc0@71.156C gpu@74.218C tj@74.218C soc1@71.75C VDD_IN 19595mW/19398mW VDD_CPU_GPU_CV 8453mW/8334mW VDD_SOC 4951mW/4903mW
08-05-2026 04:38:15 RAM 5289/7620MB (lfb 19x4MB) SWAP 3113/12002MB (cached 55MB) CPU [0%@1728,0%@1728,0%@1728,9%@1728,18%@1728,0%@1728] GR3D_FREQ 99% cpu@71.906C soc2@70.75C soc0@71.281C gpu@73.656C tj@73.656C soc1@71.468C VDD_IN 19393mW/19398mW VDD_CPU_GPU_CV 8293mW/8334mW VDD_SOC 4911mW/4903mW
08-05-2026 04:38:15 RAM 5289/7620MB (lfb 19x4MB) SWAP 3113/12002MB (cached 55MB) CPU [0%@1728,0%@1728,0%@1728,0%@1728,0%@1728,0%@1728] GR3D_FREQ 99% cpu@72C soc2@70.593C soc0@71.125C gpu@74.125C tj@74.125C soc1@71.531C VDD_IN 19353mW/19397mW VDD_CPU_GPU_CV 8293mW/8334mW VDD_SOC 4870mW/4903mW
08-05-2026 04:38:15 RAM 5289/7620MB (lfb 19x4MB) SWAP 3113/12002MB (cached 55MB) CPU [0%@1728,0%@1728,0%@1728,0%@1728,8%@1728,0%@1728] GR3D_FREQ 99% cpu@71.593C soc2@70.718C soc0@71.125C gpu@73.718C tj@73.718C soc1@71.562C VDD_IN 19313mW/19397mW VDD_CPU_GPU_CV 8293mW/8334mW VDD_SOC 4870mW/4903mW
08-05-2026 04:38:15 RAM 5289/7620MB (lfb 19x4MB) SWAP 3113/12002MB (cached 55MB) CPU [0%@1728,0%@1728,9%@1728,8%@1728,0%@1728,0%@1728] GR3D_FREQ 99% cpu@71.875C soc2@70.656C soc0@71.156C gpu@73.875C tj@73.875C soc1@71.656C VDD_IN 19555mW/19398mW VDD_CPU_GPU_CV 8413mW/8334mW VDD_SOC 4911mW/4903mW
08-05-2026 04:38:16 RAM 5289/7620MB (lfb 19x4MB) SWAP 3113/12002MB (cached 55MB) CPU [0%@1728,0%@1728,0%@1728,0%@1728,0%@1728,0%@1728] GR3D_FREQ 99% cpu@71.875C soc2@70.781C soc0@71.343C gpu@74.062C tj@74.062C soc1@71.75C VDD_IN 19635mW/19398mW VDD_CPU_GPU_CV 8453mW/8334mW VDD_SOC 4951mW/4903mW
08-05-2026 04:38:16 RAM 5289/7620MB (lfb 19x4MB) SWAP 3113/12002MB (cached 55MB) CPU [9%@1728,0%@1728,18%@1728,0%@1728,0%@1728,0%@1728] GR3D_FREQ 99% cpu@72.156C soc2@70.593C soc0@70.937C gpu@74.125C tj@74.125C soc1@71.5C VDD_IN 19635mW/19398mW VDD_CPU_GPU_CV 8453mW/8335mW VDD_SOC 4951mW/4903mW
08-05-2026 04:38:16 RAM 5289/7620MB (lfb 19x4MB) SWAP 3113/12002MB (cached 55MB) CPU [0%@1728,0%@1728,0%@1728,0%@1728,0%@1728,0%@1728] GR3D_FREQ 99% cpu@71.906C soc2@70.656C soc0@71.062C gpu@73.843C tj@73.843C soc1@71.562C VDD_IN 19434mW/19398mW VDD_CPU_GPU_CV 8333mW/8335mW VDD_SOC 4911mW/4903mW
08-05-2026 04:38:16 RAM 5289/7620MB (lfb 19x4MB) SWAP 3113/12002MB (cached 55MB) CPU [0%@1728,0%@1728,0%@1728,0%@1728,0%@1728,10%@1728] GR3D_FREQ 99% cpu@71.656C soc2@70.593C soc0@71.031C gpu@74C tj@74C soc1@71.625C VDD_IN 19313mW/19398mW VDD_CPU_GPU_CV 8333mW/8335mW VDD_SOC 4870mW/4903mW
08-05-2026 04:38:16 RAM 5289/7620MB (lfb 19x4MB) SWAP 3113/12002MB (cached 55MB) CPU [0%@1728,0%@1728,0%@1728,0%@1728,0%@1728,0%@1728] GR3D_FREQ 99% cpu@71.875C soc2@70.562C soc0@71.218C gpu@73.687C tj@73.687C soc1@71.687C VDD_IN 19272mW/19398mW VDD_CPU_GPU_CV 8293mW/8334mW VDD_SOC 4870mW/4903mW
08-05-2026 04:38:16 RAM 5289/7620MB (lfb 19x4MB) SWAP 3113/12002MB (cached 55MB) CPU [0%@1728,0%@1728,0%@1728,0%@1728,0%@1728,0%@1728] GR3D_FREQ 99% cpu@72C soc2@70.718C soc0@70.937C gpu@74.281C tj@74.281C soc1@71.531C VDD_IN 19514mW/19398mW VDD_CPU_GPU_CV 8413mW/8335mW VDD_SOC 4911mW/4903mW
08-05-2026 04:38:16 RAM 5289/7620MB (lfb 19x4MB) SWAP 3113/12002MB (cached 55MB) CPU [0%@1728,0%@1728,0%@1728,0%@1728,0%@1728,0%@1728] GR3D_FREQ 99% cpu@72.093C soc2@70.625C soc0@71.031C gpu@74.031C tj@74.031C soc1@71.531C VDD_IN 19635mW/19399mW VDD_CPU_GPU_CV 8413mW/8335mW VDD_SOC 4951mW/4903mW
08-05-2026 04:38:16 RAM 5289/7620MB (lfb 19x4MB) SWAP 3113/12002MB (cached 55MB) CPU [0%@1728,0%@1728,0%@1728,0%@1728,0%@1728,0%@1728] GR3D_FREQ 99% cpu@71.937C soc2@70.625C soc0@71.062C gpu@74C tj@74C soc1@71.593C VDD_IN 19635mW/19399mW VDD_CPU_GPU_CV 8453mW/8335mW VDD_SOC 4951mW/4903mW
08-05-2026 04:38:16 RAM 5289/7620MB (lfb 19x4MB) SWAP 3113/12002MB (cached 55MB) CPU [0%@1728,0%@1728,0%@1728,0%@1728,0%@1728,0%@1728] GR3D_FREQ 99% cpu@71.781C soc2@70.656C soc0@71.125C gpu@74C tj@74C soc1@71.656C VDD_IN 19514mW/19399mW VDD_CPU_GPU_CV 8373mW/8335mW VDD_SOC 4951mW/4903mW
08-05-2026 04:38:17 RAM 5289/7620MB (lfb 19x4MB) SWAP 3113/12002MB (cached 55MB) CPU [0%@1728,0%@1728,0%@1728,0%@1728,8%@1728,0%@1728] GR3D_FREQ 99% cpu@71.968C soc2@70.656C soc0@71.25C gpu@73.843C tj@73.843C soc1@71.812C VDD_IN 19353mW/19399mW VDD_CPU_GPU_CV 8333mW/8335mW VDD_SOC 4911mW/4903mW
08-05-2026 04:38:17 RAM 5289/7620MB (lfb 19x4MB) SWAP 3113/12002MB (cached 55MB) CPU [0%@1728,0%@1728,0%@1728,0%@1728,0%@1728,18%@1728] GR3D_FREQ 99% cpu@72.062C soc2@70.562C soc0@71.031C gpu@73.625C tj@73.625C soc1@71.593C VDD_IN 19353mW/19399mW VDD_CPU_GPU_CV 8293mW/8335mW VDD_SOC 4911mW/4903mW
08-05-2026 04:38:17 RAM 5289/7620MB (lfb 19x4MB) SWAP 3113/12002MB (cached 55MB) CPU [0%@1728,16%@1728,18%@1728,8%@1728,0%@1728,0%@1728] GR3D_FREQ 99% cpu@71.812C soc2@70.625C soc0@71.031C gpu@74.031C tj@74.031C soc1@71.562C VDD_IN 19474mW/19399mW VDD_CPU_GPU_CV 8373mW/8335mW VDD_SOC 4911mW/4903mW
08-05-2026 04:38:17 RAM 5289/7620MB (lfb 19x4MB) SWAP 3113/12002MB (cached 55MB) CPU [0%@1728,0%@1728,81%@1728,0%@1728,0%@1728,0%@1728] GR3D_FREQ 99% cpu@72.156C soc2@70.656C soc0@71.156C gpu@74C tj@74C soc1@71.625C VDD_IN 19644mW/19400mW VDD_CPU_GPU_CV 8493mW/8335mW VDD_SOC 4943mW/4904mW
08-05-2026 04:38:17 RAM 5289/7620MB (lfb 19x4MB) SWAP 3113/12002MB (cached 55MB) CPU [0%@1728,9%@1728,0%@1728,0%@1728,0%@1728,0%@1728] GR3D_FREQ 99% cpu@71.812C soc2@70.75C soc0@71.218C gpu@74.5C tj@74.5C soc1@71.656C VDD_IN 19604mW/19400mW VDD_CPU_GPU_CV 8493mW/8336mW VDD_SOC 4943mW/4904mW
08-05-2026 04:38:17 RAM 5289/7620MB (lfb 19x4MB) SWAP 3113/12002MB (cached 55MB) CPU [0%@1728,0%@1728,0%@1728,0%@1728,0%@1728,0%@1728] GR3D_FREQ 99% cpu@72.062C soc2@70.843C soc0@71.062C gpu@73.875C tj@73.875C soc1@71.531C VDD_IN 19474mW/19400mW VDD_CPU_GPU_CV 8373mW/8336mW VDD_SOC 4951mW/4904mW
08-05-2026 04:38:17 RAM 5289/7620MB (lfb 19x4MB) SWAP 3113/12002MB (cached 55MB) CPU [0%@1728,0%@1728,0%@1728,0%@1728,0%@1728,0%@1728] GR3D_FREQ 99% cpu@71.812C soc2@70.656C soc0@71.093C gpu@73.906C tj@73.906C soc1@71.562C VDD_IN 19353mW/19400mW VDD_CPU_GPU_CV 8333mW/8336mW VDD_SOC 4870mW/4904mW
08-05-2026 04:38:17 RAM 5289/7620MB (lfb 19x4MB) SWAP 3113/12002MB (cached 55MB) CPU [0%@1728,0%@1728,0%@1728,0%@1728,0%@1728,0%@1728] GR3D_FREQ 99% cpu@71.718C soc2@70.562C soc0@71.125C gpu@74.25C tj@74.25C soc1@71.656C VDD_IN 19353mW/19400mW VDD_CPU_GPU_CV 8333mW/8336mW VDD_SOC 4870mW/4904mW
08-05-2026 04:38:17 RAM 5289/7620MB (lfb 19x4MB) SWAP 3113/12002MB (cached 55MB) CPU [0%@1728,0%@1728,0%@1728,0%@1728,0%@1728,10%@1728] GR3D_FREQ 97% cpu@71.781C soc2@70.687C soc0@71.125C gpu@74C tj@74C soc1@71.656C VDD_IN 19514mW/19400mW VDD_CPU_GPU_CV 8413mW/8336mW VDD_SOC 4911mW/4904mW
08-05-2026 04:38:17 RAM 5294/7620MB (lfb 19x4MB) SWAP 3113/12002MB (cached 55MB) CPU [9%@1728,0%@1728,0%@1728,18%@1728,0%@1728,0%@1728] GR3D_FREQ 99% cpu@72.187C soc2@70.781C soc0@71.218C gpu@73.75C tj@73.75C soc1@71.812C VDD_IN 19685mW/19401mW VDD_CPU_GPU_CV 8493mW/8336mW VDD_SOC 4983mW/4904mW
08-05-2026 04:38:18 RAM 5293/7620MB (lfb 19x4MB) SWAP 3113/12002MB (cached 55MB) CPU [9%@1728,0%@1728,0%@1728,10%@1728,0%@1728,0%@1728] GR3D_FREQ 99% cpu@72.156C soc2@70.781C soc0@71.062C gpu@74.375C tj@74.375C soc1@71.531C VDD_IN 19685mW/19401mW VDD_CPU_GPU_CV 8493mW/8336mW VDD_SOC 4943mW/4904mW
08-05-2026 04:38:18 RAM 5293/7620MB (lfb 19x4MB) SWAP 3113/12002MB (cached 55MB) CPU [9%@1728,0%@1728,18%@1728,0%@1728,0%@1728,0%@1728] GR3D_FREQ 99% cpu@71.937C soc2@70.656C soc0@71.093C gpu@74.031C tj@74.031C soc1@71.593C VDD_IN 19595mW/19401mW VDD_CPU_GPU_CV 8453mW/8336mW VDD_SOC 4943mW/4904mW
08-05-2026 04:38:18 RAM 5293/7620MB (lfb 19x4MB) SWAP 3113/12002MB (cached 55MB) CPU [0%@1728,0%@1728,9%@1728,0%@1728,0%@1728,9%@1728] GR3D_FREQ 99% cpu@71.75C soc2@70.718C soc0@71.031C gpu@73.687C tj@73.687C soc1@71.562C VDD_IN 19393mW/19401mW VDD_CPU_GPU_CV 8333mW/8336mW VDD_SOC 4870mW/4904mW
08-05-2026 04:38:18 RAM 5293/7620MB (lfb 19x4MB) SWAP 3113/12002MB (cached 55MB) CPU [0%@1728,0%@1728,0%@1728,0%@1728,0%@1728,0%@1728] GR3D_FREQ 99% cpu@71.75C soc2@70.687C soc0@71.25C gpu@74.031C tj@74.031C soc1@71.687C VDD_IN 19353mW/19401mW VDD_CPU_GPU_CV 8333mW/8336mW VDD_SOC 4870mW/4904mW
08-05-2026 04:38:18 RAM 5293/7620MB (lfb 19x4MB) SWAP 3113/12002MB (cached 55MB) CPU [0%@1728,0%@1728,0%@1728,0%@1728,0%@1728,0%@1728] GR3D_FREQ 99% cpu@72C soc2@70.656C soc0@71.25C gpu@73.718C tj@73.718C soc1@71.531C VDD_IN 19393mW/19401mW VDD_CPU_GPU_CV 8333mW/8336mW VDD_SOC 4870mW/4904mW
08-05-2026 04:38:18 RAM 5293/7620MB (lfb 19x4MB) SWAP 3113/12002MB (cached 55MB) CPU [0%@1728,0%@1728,0%@1728,0%@1728,8%@1728,0%@1728] GR3D_FREQ 99% cpu@71.843C soc2@70.656C soc0@71.031C gpu@73.718C tj@73.718C soc1@71.5C VDD_IN 19604mW/19402mW VDD_CPU_GPU_CV 8453mW/8337mW VDD_SOC 4943mW/4904mW
08-05-2026 04:38:18 RAM 5293/7620MB (lfb 19x4MB) SWAP 3113/12002MB (cached 55MB) CPU [0%@1728,0%@1728,0%@1728,0%@1728,10%@1728,0%@1728] GR3D_FREQ 99% cpu@71.75C soc2@70.593C soc0@71.062C gpu@74.25C tj@74.25C soc1@71.656C VDD_IN 19635mW/19402mW VDD_CPU_GPU_CV 8453mW/8337mW VDD_SOC 4943mW/4904mW
08-05-2026 04:38:18 RAM 5293/7620MB (lfb 19x4MB) SWAP 3113/12002MB (cached 55MB) CPU [9%@1728,9%@1728,0%@1728,0%@1728,0%@1728,0%@1728] GR3D_FREQ 99% cpu@71.718C soc2@70.718C soc0@71.125C gpu@73.75C tj@73.75C soc1@71.656C VDD_IN 19555mW/19402mW VDD_CPU_GPU_CV 8413mW/8337mW VDD_SOC 4951mW/4904mW
08-05-2026 04:38:18 RAM 5293/7620MB (lfb 19x4MB) SWAP 3113/12002MB (cached 55MB) CPU [0%@1728,0%@1728,0%@1728,0%@1728,0%@1728,0%@1728] GR3D_FREQ 99% cpu@71.75C soc2@70.656C soc0@71.125C gpu@73.625C tj@73.625C soc1@71.5C VDD_IN 19393mW/19402mW VDD_CPU_GPU_CV 8333mW/8337mW VDD_SOC 4911mW/4904mW
08-05-2026 04:38:19 RAM 5293/7620MB (lfb 19x4MB) SWAP 3113/12002MB (cached 55MB) CPU [0%@1728,0%@1728,0%@1728,0%@1728,0%@1728,9%@1728] GR3D_FREQ 99% cpu@72.062C soc2@70.625C soc0@70.968C gpu@74.187C tj@74.187C soc1@71.531C VDD_IN 19393mW/19402mW VDD_CPU_GPU_CV 8333mW/8337mW VDD_SOC 4911mW/4904mW
08-05-2026 04:38:19 RAM 5293/7620MB (lfb 19x4MB) SWAP 3113/12002MB (cached 55MB) CPU [0%@1728,0%@1728,0%@1728,0%@1728,0%@1728,0%@1728] GR3D_FREQ 99% cpu@71.781C soc2@70.562C soc0@71.062C gpu@73.562C tj@73.562C soc1@71.531C VDD_IN 19353mW/19402mW VDD_CPU_GPU_CV 8293mW/8337mW VDD_SOC 4870mW/4904mW
08-05-2026 04:38:19 RAM 5293/7620MB (lfb 19x4MB) SWAP 3113/12002MB (cached 55MB) CPU [9%@1728,0%@1728,9%@1728,0%@1728,0%@1728,0%@1728] GR3D_FREQ 99% cpu@71.781C soc2@70.718C soc0@71.031C gpu@74.343C tj@74.343C soc1@71.562C VDD_IN 19555mW/19402mW VDD_CPU_GPU_CV 8373mW/8337mW VDD_SOC 4951mW/4904mW
08-05-2026 04:38:19 RAM 5293/7620MB (lfb 19x4MB) SWAP 3113/12002MB (cached 55MB) CPU [0%@1728,0%@1728,0%@1728,0%@1728,0%@1728,0%@1728] GR3D_FREQ 99% cpu@71.812C soc2@70.656C soc0@71.031C gpu@73.781C tj@73.781C soc1@71.625C VDD_IN 19595mW/19403mW VDD_CPU_GPU_CV 8413mW/8337mW VDD_SOC 4951mW/4904mW
08-05-2026 04:38:19 RAM 5293/7620MB (lfb 19x4MB) SWAP 3113/12002MB (cached 55MB) CPU [0%@1728,0%@1728,0%@1728,0%@1728,10%@1728,0%@1728] GR3D_FREQ 99% cpu@71.937C soc2@70.656C soc0@71.125C gpu@73.687C tj@73.687C soc1@71.468C VDD_IN 19474mW/19403mW VDD_CPU_GPU_CV 8373mW/8337mW VDD_SOC 4951mW/4904mW
08-05-2026 04:38:19 RAM 5293/7620MB (lfb 19x4MB) SWAP 3113/12002MB (cached 55MB) CPU [0%@1728,0%@1728,0%@1728,0%@1728,0%@1728,0%@1728] GR3D_FREQ 99% cpu@71.812C soc2@70.593C soc0@70.968C gpu@74.031C tj@74.031C soc1@71.5C VDD_IN 19353mW/19403mW VDD_CPU_GPU_CV 8333mW/8337mW VDD_SOC 4911mW/4904mW
08-05-2026 04:38:19 RAM 5293/7620MB (lfb 19x4MB) SWAP 3113/12002MB (cached 55MB) CPU [0%@1728,0%@1728,0%@1728,0%@1728,0%@1728,0%@1728] GR3D_FREQ 99% cpu@71.593C soc2@70.5C soc0@70.875C gpu@73.75C tj@73.75C soc1@71.531C VDD_IN 19313mW/19403mW VDD_CPU_GPU_CV 8333mW/8337mW VDD_SOC 4870mW/4904mW
08-05-2026 04:38:19 RAM 5293/7620MB (lfb 19x4MB) SWAP 3113/12002MB (cached 55MB) CPU [0%@1728,0%@1728,0%@1728,0%@1728,0%@1728,0%@1728] GR3D_FREQ 99% cpu@71.687C soc2@70.593C soc0@70.937C gpu@73.468C tj@73.468C soc1@71.562C VDD_IN 19313mW/19403mW VDD_CPU_GPU_CV 8293mW/8337mW VDD_SOC 4870mW/4904mW
08-05-2026 04:38:19 RAM 5293/7620MB (lfb 19x4MB) SWAP 3113/12002MB (cached 55MB) CPU [0%@1728,0%@1728,9%@1728,0%@1728,0%@1728,0%@1728] GR3D_FREQ 99% cpu@71.625C soc2@70.656C soc0@71.062C gpu@73.937C tj@74.093C soc1@71.687C VDD_IN 19514mW/19403mW VDD_CPU_GPU_CV 8413mW/8337mW VDD_SOC 4911mW/4904mW
08-05-2026 04:38:19 RAM 5293/7620MB (lfb 19x4MB) SWAP 3113/12002MB (cached 55MB) CPU [8%@1728,9%@1728,9%@1728,8%@1728,8%@1728,0%@1728] GR3D_FREQ 99% cpu@72.156C soc2@70.687C soc0@71.281C gpu@73.75C tj@73.75C soc1@71.5C VDD_IN 19635mW/19403mW VDD_CPU_GPU_CV 8413mW/8337mW VDD_SOC 4951mW/4904mW
08-05-2026 04:38:20 RAM 5293/7620MB (lfb 19x4MB) SWAP 3113/12002MB (cached 55MB) CPU [0%@1728,0%@1728,0%@1728,0%@1728,0%@1728,8%@1728] GR3D_FREQ 99% cpu@71.593C soc2@70.531C soc0@70.875C gpu@73.812C tj@73.812C soc1@71.5C VDD_IN 19595mW/19403mW VDD_CPU_GPU_CV 8453mW/8337mW VDD_SOC 4951mW/4904mW
08-05-2026 04:38:20 RAM 5293/7620MB (lfb 19x4MB) SWAP 3113/12002MB (cached 55MB) CPU [0%@1728,9%@1728,9%@1728,0%@1728,10%@1728,0%@1728] GR3D_FREQ 99% cpu@71.687C soc2@70.562C soc0@71C gpu@73.562C tj@73.562C soc1@71.468C VDD_IN 19474mW/19404mW VDD_CPU_GPU_CV 8333mW/8337mW VDD_SOC 4951mW/4904mW
08-05-2026 04:38:20 RAM 5293/7620MB (lfb 19x4MB) SWAP 3113/12002MB (cached 55MB) CPU [0%@1728,0%@1728,0%@1728,0%@1728,0%@1728,0%@1728] GR3D_FREQ 99% cpu@71.531C soc2@70.531C soc0@71.062C gpu@73.75C tj@73.75C soc1@71.625C VDD_IN 19313mW/19403mW VDD_CPU_GPU_CV 8293mW/8337mW VDD_SOC 4870mW/4904mW
08-05-2026 04:38:20 RAM 5293/7620MB (lfb 19x4MB) SWAP 3113/12002MB (cached 55MB) CPU [0%@1728,0%@1728,8%@1728,0%@1728,0%@1728,0%@1728] GR3D_FREQ 99% cpu@71.781C soc2@70.593C soc0@71.187C gpu@73.531C tj@73.531C soc1@71.625C VDD_IN 19272mW/19403mW VDD_CPU_GPU_CV 8253mW/8337mW VDD_SOC 4870mW/4904mW
08-05-2026 04:38:20 RAM 5293/7620MB (lfb 19x4MB) SWAP 3113/12002MB (cached 55MB) CPU [0%@1728,0%@1728,0%@1728,0%@1728,0%@1728,9%@1728] GR3D_FREQ 99% cpu@71.687C soc2@70.593C soc0@70.968C gpu@73.843C tj@73.843C soc1@71.468C VDD_IN 19474mW/19403mW VDD_CPU_GPU_CV 8373mW/8337mW VDD_SOC 4911mW/4904mW
08-05-2026 04:38:20 RAM 5293/7620MB (lfb 19x4MB) SWAP 3113/12002MB (cached 55MB) CPU [0%@1728,0%@1728,0%@1728,0%@1728,0%@1728,0%@1728] GR3D_FREQ 99% cpu@71.593C soc2@70.531C soc0@70.843C gpu@73.687C tj@73.687C soc1@71.375C VDD_IN 19595mW/19404mW VDD_CPU_GPU_CV 8413mW/8337mW VDD_SOC 4951mW/4904mW
08-05-2026 04:38:20 RAM 5293/7620MB (lfb 19x4MB) SWAP 3113/12002MB (cached 55MB) CPU [0%@1728,0%@1728,0%@1728,0%@1728,0%@1728,0%@1728] GR3D_FREQ 99% cpu@71.593C soc2@70.406C soc0@70.937C gpu@74C tj@74C soc1@71.5C VDD_IN 19595mW/19404mW VDD_CPU_GPU_CV 8453mW/8338mW VDD_SOC 4951mW/4904mW
08-05-2026 04:38:20 RAM 5293/7620MB (lfb 19x4MB) SWAP 3113/12002MB (cached 55MB) CPU [0%@1728,0%@1728,0%@1728,0%@1728,0%@1728,0%@1728] GR3D_FREQ 99% cpu@71.656C soc2@70.531C soc0@71C gpu@73.562C tj@73.562C soc1@71.531C VDD_IN 19474mW/19404mW VDD_CPU_GPU_CV 8333mW/8338mW VDD_SOC 4951mW/4904mW
08-05-2026 04:38:20 RAM 5293/7620MB (lfb 19x4MB) SWAP 3113/12002MB (cached 55MB) CPU [0%@1728,0%@1728,0%@1728,9%@1728,10%@1728,0%@1728] GR3D_FREQ 99% cpu@71.656C soc2@70.5C soc0@70.843C gpu@73.968C tj@73.687C soc1@71.343C VDD_IN 19353mW/19404mW VDD_CPU_GPU_CV 8333mW/8338mW VDD_SOC 4870mW/4904mW
08-05-2026 04:38:20 RAM 5293/7620MB (lfb 19x4MB) SWAP 3113/12002MB (cached 55MB) CPU [0%@1728,0%@1728,0%@1728,0%@1728,0%@1728,0%@1728] GR3D_FREQ 99% cpu@71.531C soc2@70.375C soc0@70.812C gpu@73.687C tj@73.687C soc1@71.437C VDD_IN 19313mW/19404mW VDD_CPU_GPU_CV 8333mW/8338mW VDD_SOC 4911mW/4904mW
08-05-2026 04:38:21 RAM 5293/7620MB (lfb 19x4MB) SWAP 3113/12002MB (cached 55MB) CPU [0%@1728,0%@1728,0%@1728,0%@1728,0%@1728,0%@1728] GR3D_FREQ 99% cpu@71.468C soc2@70.5C soc0@70.843C gpu@73.593C tj@73.593C soc1@71.531C VDD_IN 19474mW/19404mW VDD_CPU_GPU_CV 8373mW/8338mW VDD_SOC 4911mW/4904mW
08-05-2026 04:38:21 RAM 5300/7620MB (lfb 19x4MB) SWAP 3113/12002MB (cached 55MB) CPU [10%@1728,0%@1728,27%@1728,0%@1728,9%@1728,0%@1728] GR3D_FREQ 99% cpu@71.937C soc2@70.5C soc0@70.937C gpu@73.75C tj@73.75C soc1@71.531C VDD_IN 19595mW/19404mW VDD_CPU_GPU_CV 8453mW/8338mW VDD_SOC 4951mW/4904mW
08-05-2026 04:38:21 RAM 5294/7620MB (lfb 19x4MB) SWAP 3113/12002MB (cached 55MB) CPU [8%@1728,0%@1728,0%@1728,0%@1728,0%@1728,9%@1728] GR3D_FREQ 99% cpu@71.812C soc2@70.531C soc0@71.093C gpu@73.843C tj@73.843C soc1@71.593C VDD_IN 19635mW/19405mW VDD_CPU_GPU_CV 8493mW/8338mW VDD_SOC 4951mW/4904mW
08-05-2026 04:38:21 RAM 5294/7620MB (lfb 19x4MB) SWAP 3113/12002MB (cached 55MB) CPU [0%@1728,0%@1728,0%@1728,0%@1728,0%@1728,0%@1728] GR3D_FREQ 99% cpu@71.843C soc2@70.625C soc0@70.875C gpu@73.531C tj@73.531C soc1@71.406C VDD_IN 19474mW/19405mW VDD_CPU_GPU_CV 8373mW/8338mW VDD_SOC 4951mW/4905mW
08-05-2026 04:38:21 RAM 5294/7620MB (lfb 19x4MB) SWAP 3113/12002MB (cached 55MB) CPU [0%@1728,0%@1728,0%@1728,0%@1728,0%@1728,0%@1728] GR3D_FREQ 99% cpu@71.406C soc2@70.406C soc0@70.968C gpu@73.75C tj@73.75C soc1@71.5C VDD_IN 19353mW/19405mW VDD_CPU_GPU_CV 8333mW/8338mW VDD_SOC 4870mW/4905mW
08-05-2026 04:38:21 RAM 5294/7620MB (lfb 19x4MB) SWAP 3113/12002MB (cached 55MB) CPU [0%@1728,0%@1728,0%@1728,0%@1728,10%@1728,0%@1728] GR3D_FREQ 99% cpu@71.531C soc2@70.531C soc0@70.875C gpu@73.531C tj@73.531C soc1@71.468C VDD_IN 19313mW/19404mW VDD_CPU_GPU_CV 8293mW/8338mW VDD_SOC 4870mW/4904mW
08-05-2026 04:38:21 RAM 5294/7620MB (lfb 19x4MB) SWAP 3113/12002MB (cached 55MB) CPU [0%@1728,0%@1728,0%@1728,0%@1728,0%@1728,0%@1728] GR3D_FREQ 99% cpu@71.437C soc2@70.531C soc0@71.031C gpu@73.531C tj@73.531C soc1@71.437C VDD_IN 19474mW/19405mW VDD_CPU_GPU_CV 8373mW/8338mW VDD_SOC 4911mW/4904mW
08-05-2026 04:38:21 RAM 5294/7620MB (lfb 19x4MB) SWAP 3113/12002MB (cached 55MB) CPU [0%@1728,0%@1728,0%@1728,0%@1728,0%@1728,0%@1728] GR3D_FREQ 99% cpu@71.781C soc2@70.593C soc0@70.875C gpu@73.75C tj@73.75C soc1@71.312C VDD_IN 19635mW/19405mW VDD_CPU_GPU_CV 8453mW/8338mW VDD_SOC 4943mW/4905mW
08-05-2026 04:38:21 RAM 5294/7620MB (lfb 19x4MB) SWAP 3113/12002MB (cached 55MB) CPU [0%@1728,9%@1728,9%@1728,0%@1728,0%@1728,0%@1728] GR3D_FREQ 99% cpu@71.406C soc2@70.5C soc0@70.843C gpu@73.718C tj@73.718C soc1@71.437C VDD_IN 19676mW/19405mW VDD_CPU_GPU_CV 8453mW/8338mW VDD_SOC 4943mW/4905mW
08-05-2026 04:38:22 RAM 5294/7620MB (lfb 19x4MB) SWAP 3113/12002MB (cached 55MB) CPU [0%@1728,0%@1728,9%@1728,0%@1728,0%@1728,0%@1728] GR3D_FREQ 99% cpu@71.468C soc2@70.531C soc0@70.843C gpu@73.937C tj@73.937C soc1@71.343C VDD_IN 19595mW/19406mW VDD_CPU_GPU_CV 8413mW/8339mW VDD_SOC 4943mW/4905mW
08-05-2026 04:38:22 RAM 5294/7620MB (lfb 19x4MB) SWAP 3113/12002MB (cached 55MB) CPU [0%@1728,9%@1728,0%@1728,0%@1728,0%@1728,0%@1728] GR3D_FREQ 99% cpu@71.562C soc2@70.468C soc0@71C gpu@73.593C tj@73.593C soc1@71.531C VDD_IN 19393mW/19406mW VDD_CPU_GPU_CV 8333mW/8339mW VDD_SOC 4911mW/4905mW
08-05-2026 04:38:22 RAM 5294/7620MB (lfb 19x4MB) SWAP 3113/12002MB (cached 55MB) CPU [0%@1728,18%@1728,0%@1728,0%@1728,18%@1728,8%@1728] GR3D_FREQ 99% cpu@71.656C soc2@70.468C soc0@71C gpu@73.656C tj@73.656C soc1@71.531C VDD_IN 19313mW/19406mW VDD_CPU_GPU_CV 8293mW/8339mW VDD_SOC 4870mW/4905mW
08-05-2026 04:38:22 RAM 5294/7620MB (lfb 19x4MB) SWAP 3113/12002MB (cached 55MB) CPU [0%@1728,0%@1728,0%@1728,0%@1728,10%@1728,0%@1728] GR3D_FREQ 96% cpu@71.687C soc2@70.437C soc0@70.812C gpu@73.75C tj@73.75C soc1@71.343C VDD_IN 19434mW/19406mW VDD_CPU_GPU_CV 8373mW/8339mW VDD_SOC 4911mW/4905mW
08-05-2026 04:38:22 RAM 5294/7620MB (lfb 19x4MB) SWAP 3113/12002MB (cached 55MB) CPU [0%@1728,0%@1728,0%@1728,0%@1728,0%@1728,0%@1728] GR3D_FREQ 99% cpu@71.531C soc2@70.437C soc0@70.812C gpu@73.687C tj@73.687C soc1@71.406C VDD_IN 19595mW/19406mW VDD_CPU_GPU_CV 8453mW/8339mW VDD_SOC 4951mW/4905mW
08-05-2026 04:38:22 RAM 5294/7620MB (lfb 19x4MB) SWAP 3113/12002MB (cached 55MB) CPU [0%@1728,0%@1728,0%@1728,0%@1728,0%@1728,0%@1728] GR3D_FREQ 99% cpu@71.468C soc2@70.468C soc0@70.843C gpu@73.625C tj@73.625C soc1@71.406C VDD_IN 19595mW/19406mW VDD_CPU_GPU_CV 8453mW/8339mW VDD_SOC 4951mW/4905mW
08-05-2026 04:38:22 RAM 5294/7620MB (lfb 19x4MB) SWAP 3113/12002MB (cached 55MB) CPU [0%@1728,0%@1728,0%@1728,0%@1728,0%@1728,0%@1728] GR3D_FREQ 99% cpu@71.625C soc2@70.531C soc0@71C gpu@73.875C tj@73.875C soc1@71.437C VDD_IN 19514mW/19406mW VDD_CPU_GPU_CV 8413mW/8339mW VDD_SOC 4951mW/4905mW
08-05-2026 04:38:22 RAM 5294/7620MB (lfb 19x4MB) SWAP 3113/12002MB (cached 55MB) CPU [0%@1728,0%@1728,0%@1728,0%@1728,0%@1728,0%@1728] GR3D_FREQ 99% cpu@71.656C soc2@70.531C soc0@71.031C gpu@73.437C tj@73.437C soc1@71.312C VDD_IN 19393mW/19406mW VDD_CPU_GPU_CV 8333mW/8339mW VDD_SOC 4911mW/4905mW
08-05-2026 04:38:22 RAM 5294/7620MB (lfb 19x4MB) SWAP 3113/12002MB (cached 55MB) CPU [0%@1728,0%@1728,0%@1728,0%@1728,0%@1728,0%@1728] GR3D_FREQ 99% cpu@71.406C soc2@70.437C soc0@70.75C gpu@73.718C tj@73.718C soc1@71.343C VDD_IN 19353mW/19406mW VDD_CPU_GPU_CV 8333mW/8339mW VDD_SOC 4870mW/4905mW
08-05-2026 04:38:22 RAM 5294/7620MB (lfb 19x4MB) SWAP 3113/12002MB (cached 55MB) CPU [0%@1728,0%@1728,9%@1728,0%@1728,0%@1728,0%@1728] GR3D_FREQ 99% cpu@71.468C soc2@70.406C soc0@70.906C gpu@73.625C tj@73.625C soc1@71.343C VDD_IN 19313mW/19406mW VDD_CPU_GPU_CV 8293mW/8339mW VDD_SOC 4870mW/4905mW
08-05-2026 04:38:23 RAM 5294/7620MB (lfb 19x4MB) SWAP 3113/12002MB (cached 55MB) CPU [0%@1728,0%@1728,0%@1728,0%@1728,10%@1728,0%@1728] GR3D_FREQ 99% cpu@71.5C soc2@70.531C soc0@70.906C gpu@73.687C tj@73.687C soc1@71.5C VDD_IN 19635mW/19406mW VDD_CPU_GPU_CV 8413mW/8339mW VDD_SOC 4951mW/4905mW
08-05-2026 04:38:23 RAM 5294/7620MB (lfb 19x4MB) SWAP 3113/12002MB (cached 55MB) CPU [9%@1728,0%@1728,0%@1728,8%@1728,9%@1728,10%@1728] GR3D_FREQ 99% cpu@71.562C soc2@70.593C soc0@71C gpu@73.531C tj@73.531C soc1@71.312C VDD_IN 19595mW/19407mW VDD_CPU_GPU_CV 8413mW/8339mW VDD_SOC 4943mW/4905mW
08-05-2026 04:38:23 RAM 5294/7620MB (lfb 19x4MB) SWAP 3113/12002MB (cached 55MB) CPU [0%@1728,0%@1728,0%@1728,0%@1728,0%@1728,0%@1728] GR3D_FREQ 99% cpu@71.625C soc2@70.531C soc0@70.843C gpu@73.75C tj@73.75C soc1@71.406C VDD_IN 19514mW/19407mW VDD_CPU_GPU_CV 8373mW/8339mW VDD_SOC 4911mW/4905mW
08-05-2026 04:38:23 RAM 5294/7620MB (lfb 19x4MB) SWAP 3113/12002MB (cached 55MB) CPU [0%@1728,0%@1728,0%@1728,0%@1728,0%@1728,0%@1728] GR3D_FREQ 99% cpu@71.406C soc2@70.437C soc0@70.843C gpu@73.406C tj@73.406C soc1@71.375C VDD_IN 19313mW/19407mW VDD_CPU_GPU_CV 8293mW/8339mW VDD_SOC 4870mW/4905mW
08-05-2026 04:38:23 RAM 5294/7620MB (lfb 19x4MB) SWAP 3113/12002MB (cached 55MB) CPU [0%@1728,0%@1728,0%@1728,0%@1728,0%@1728,0%@1728] GR3D_FREQ 99% cpu@71.406C soc2@70.375C soc0@70.875C gpu@73.875C tj@73.875C soc1@71.406C VDD_IN 19313mW/19407mW VDD_CPU_GPU_CV 8293mW/8339mW VDD_SOC 4870mW/4905mW
08-05-2026 04:38:23 RAM 5294/7620MB (lfb 19x4MB) SWAP 3113/12002MB (cached 55MB) CPU [0%@1728,0%@1728,0%@1728,0%@1728,0%@1728,0%@1728] GR3D_FREQ 99% cpu@71.5C soc2@70.5C soc0@70.968C gpu@73.531C tj@73.531C soc1@71.468C VDD_IN 19272mW/19406mW VDD_CPU_GPU_CV 8253mW/8339mW VDD_SOC 4870mW/4905mW
08-05-2026 04:38:23 RAM 5294/7620MB (lfb 19x4MB) SWAP 3113/12002MB (cached 55MB) CPU [0%@1728,0%@1728,0%@1728,0%@1728,0%@1728,0%@1728] GR3D_FREQ 99% cpu@71.593C soc2@70.562C soc0@71.062C gpu@73.593C tj@73.593C soc1@71.375C VDD_IN 19514mW/19407mW VDD_CPU_GPU_CV 8373mW/8339mW VDD_SOC 4911mW/4905mW
08-05-2026 04:38:23 RAM 5294/7620MB (lfb 19x4MB) SWAP 3113/12002MB (cached 55MB) CPU [8%@1728,0%@1728,0%@1728,0%@1728,0%@1728,0%@1728] GR3D_FREQ 99% cpu@71.562C soc2@70.468C soc0@70.843C gpu@73.875C tj@73.875C soc1@71.375C VDD_IN 19595mW/19407mW VDD_CPU_GPU_CV 8413mW/8339mW VDD_SOC 4951mW/4905mW
08-05-2026 04:38:23 RAM 5294/7620MB (lfb 19x4MB) SWAP 3113/12002MB (cached 55MB) CPU [0%@1728,0%@1728,0%@1728,0%@1728,10%@1728,0%@1728] GR3D_FREQ 99% cpu@71.437C soc2@70.406C soc0@70.937C gpu@73.906C tj@73.906C soc1@71.437C VDD_IN 19635mW/19407mW VDD_CPU_GPU_CV 8453mW/8339mW VDD_SOC 4951mW/4905mW
08-05-2026 04:38:24 RAM 5294/7620MB (lfb 19x4MB) SWAP 3112/12002MB (cached 55MB) CPU [0%@1728,0%@1728,0%@1728,9%@1728,0%@1728,0%@1728] GR3D_FREQ 99% cpu@71.5C soc2@70.468C soc0@70.937C gpu@73.343C tj@73.343C soc1@71.531C VDD_IN 19434mW/19407mW VDD_CPU_GPU_CV 8333mW/8339mW VDD_SOC 4911mW/4905mW
08-05-2026 04:38:24 RAM 5294/7620MB (lfb 19x4MB) SWAP 3112/12002MB (cached 55MB) CPU [0%@1728,0%@1728,0%@1728,0%@1728,0%@1728,0%@1728] GR3D_FREQ 99% cpu@71.531C soc2@70.5C soc0@71.062C gpu@73.875C tj@73.875C soc1@71.343C VDD_IN 19353mW/19407mW VDD_CPU_GPU_CV 8333mW/8339mW VDD_SOC 4870mW/4905mW
08-05-2026 04:38:24 RAM 5294/7620MB (lfb 19x4MB) SWAP 3112/12002MB (cached 55MB) CPU [0%@1728,9%@1728,0%@1728,0%@1728,0%@1728,18%@1728] GR3D_FREQ 99% cpu@71.656C soc2@70.468C soc0@70.843C gpu@73.531C tj@73.531C soc1@71.406C VDD_IN 19232mW/19407mW VDD_CPU_GPU_CV 8253mW/8339mW VDD_SOC 4870mW/4905mW
08-05-2026 04:38:24 RAM 5294/7620MB (lfb 19x4MB) SWAP 3112/12002MB (cached 55MB) CPU [0%@1728,0%@1728,0%@1728,0%@1728,0%@1728,0%@1728] GR3D_FREQ 99% cpu@71.468C soc2@70.437C soc0@70.812C gpu@73.625C tj@73.625C soc1@71.406C VDD_IN 19474mW/19407mW VDD_CPU_GPU_CV 8373mW/8339mW VDD_SOC 4911mW/4905mW
08-05-2026 04:38:24 RAM 5307/7620MB (lfb 19x4MB) SWAP 3112/12002MB (cached 55MB) CPU [18%@1728,9%@1728,0%@1728,0%@1728,0%@1728,0%@1728] GR3D_FREQ 99% cpu@71.781C soc2@70.5C soc0@70.875C gpu@73.812C tj@73.812C soc1@71.468C VDD_IN 19595mW/19407mW VDD_CPU_GPU_CV 8413mW/8339mW VDD_SOC 4951mW/4905mW
08-05-2026 04:38:24 RAM 5294/7620MB (lfb 19x4MB) SWAP 3112/12002MB (cached 55MB) CPU [10%@1728,0%@1728,0%@1728,0%@1728,0%@1728,0%@1728] GR3D_FREQ 99% cpu@71.531C soc2@70.5C soc0@71C gpu@73.875C tj@73.875C soc1@71.531C VDD_IN 19635mW/19408mW VDD_CPU_GPU_CV 8453mW/8339mW VDD_SOC 4951mW/4905mW
08-05-2026 04:38:24 RAM 5294/7620MB (lfb 19x4MB) SWAP 3112/12002MB (cached 55MB) CPU [0%@1728,0%@1728,0%@1728,0%@1728,18%@1728,0%@1728] GR3D_FREQ 99% cpu@71.812C soc2@70.625C soc0@70.843C gpu@73.437C tj@73.437C soc1@71.406C VDD_IN 19434mW/19408mW VDD_CPU_GPU_CV 8333mW/8339mW VDD_SOC 4911mW/4905mW
08-05-2026 04:38:24 RAM 5294/7620MB (lfb 19x4MB) SWAP 3112/12002MB (cached 55MB) CPU [0%@1728,0%@1728,0%@1728,0%@1728,0%@1728,0%@1728] GR3D_FREQ 99% cpu@71.531C soc2@70.468C soc0@70.843C gpu@73.937C tj@73.937C soc1@71.468C VDD_IN 19353mW/19408mW VDD_CPU_GPU_CV 8333mW/8339mW VDD_SOC 4870mW/4905mW
08-05-2026 04:38:24 RAM 5294/7620MB (lfb 19x4MB) SWAP 3112/12002MB (cached 55MB) CPU [0%@1728,0%@1728,0%@1728,9%@1728,0%@1728,0%@1728] GR3D_FREQ 99% cpu@71.562C soc2@70.468C soc0@70.906C gpu@73.656C tj@73.656C soc1@71.468C VDD_IN 19313mW/19407mW VDD_CPU_GPU_CV 8293mW/8339mW VDD_SOC 4870mW/4905mW
08-05-2026 04:38:24 RAM 5294/7620MB (lfb 19x4MB) SWAP 3112/12002MB (cached 55MB) CPU [0%@1728,0%@1728,0%@1728,0%@1728,0%@1728,0%@1728] GR3D_FREQ 99% cpu@71.625C soc2@70.5C soc0@71.062C gpu@73.968C tj@73.968C soc1@71.531C VDD_IN 19514mW/19408mW VDD_CPU_GPU_CV 8373mW/8339mW VDD_SOC 4911mW/4905mW
08-05-2026 04:38:25 RAM 5294/7620MB (lfb 19x4MB) SWAP 3112/12002MB (cached 55MB) CPU [0%@1728,0%@1728,0%@1728,0%@1728,0%@1728,0%@1728] GR3D_FREQ 99% cpu@71.625C soc2@70.531C soc0@71.093C gpu@73.781C tj@73.781C soc1@71.531C VDD_IN 19676mW/19408mW VDD_CPU_GPU_CV 8453mW/8340mW VDD_SOC 4983mW/4905mW
08-05-2026 04:38:25 RAM 5294/7620MB (lfb 19x4MB) SWAP 3112/12002MB (cached 55MB) CPU [0%@1728,9%@1728,9%@1728,0%@1728,0%@1728,10%@1728] GR3D_FREQ 99% cpu@71.781C soc2@70.5C soc0@71C gpu@73.656C tj@73.656C soc1@71.343C VDD_IN 19555mW/19408mW VDD_CPU_GPU_CV 8413mW/8340mW VDD_SOC 4911mW/4905mW
08-05-2026 04:38:25 RAM 5294/7620MB (lfb 19x4MB) SWAP 3112/12002MB (cached 55MB) CPU [0%@1728,0%@1728,0%@1728,0%@1728,0%@1728,0%@1728] GR3D_FREQ 99% cpu@71.5C soc2@70.5C soc0@70.968C gpu@73.718C tj@73.718C soc1@71.437C VDD_IN 19393mW/19408mW VDD_CPU_GPU_CV 8293mW/8340mW VDD_SOC 4911mW/4905mW
08-05-2026 04:38:25 RAM 5294/7620MB (lfb 19x4MB) SWAP 3112/12002MB (cached 55MB) CPU [0%@1728,0%@1728,0%@1728,0%@1728,18%@1728,0%@1728] GR3D_FREQ 99% cpu@71.593C soc2@70.468C soc0@71C gpu@73.812C tj@73.812C soc1@71.531C VDD_IN 19272mW/19408mW VDD_CPU_GPU_CV 8293mW/8340mW VDD_SOC 4870mW/4905mW
08-05-2026 04:38:25 RAM 5294/7620MB (lfb 19x4MB) SWAP 3112/12002MB (cached 55MB) CPU [0%@1728,9%@1728,0%@1728,0%@1728,0%@1728,0%@1728] GR3D_FREQ 99% cpu@71.562C soc2@70.562C soc0@71.031C gpu@73.593C tj@73.593C soc1@71.625C VDD_IN 19232mW/19408mW VDD_CPU_GPU_CV 8253mW/8339mW VDD_SOC 4870mW/4905mW
08-05-2026 04:38:25 RAM 5294/7620MB (lfb 19x4MB) SWAP 3112/12002MB (cached 55MB) CPU [0%@1728,0%@1728,0%@1728,0%@1728,0%@1728,0%@1728] GR3D_FREQ 99% cpu@71.812C soc2@70.625C soc0@71.218C gpu@73.906C tj@73.906C soc1@71.437C VDD_IN 19434mW/19408mW VDD_CPU_GPU_CV 8333mW/8339mW VDD_SOC 4911mW/4905mW
08-05-2026 04:38:25 RAM 5294/7620MB (lfb 19x4MB) SWAP 3112/12002MB (cached 55MB) CPU [0%@1728,0%@1728,0%@1728,0%@1728,0%@1728,0%@1728] GR3D_FREQ 99% cpu@71.562C soc2@70.531C soc0@71.031C gpu@73.875C tj@73.875C soc1@71.437C VDD_IN 19595mW/19408mW VDD_CPU_GPU_CV 8413mW/8340mW VDD_SOC 4943mW/4905mW
08-05-2026 04:38:25 RAM 5294/7620MB (lfb 19x4MB) SWAP 3112/12002MB (cached 55MB) CPU [0%@1728,0%@1728,0%@1728,0%@1728,0%@1728,0%@1728] GR3D_FREQ 99% cpu@71.625C soc2@70.5C soc0@71.031C gpu@74.187C tj@74.187C soc1@71.406C VDD_IN 19595mW/19408mW VDD_CPU_GPU_CV 8413mW/8340mW VDD_SOC 4943mW/4905mW
08-05-2026 04:38:25 RAM 5294/7620MB (lfb 19x4MB) SWAP 3112/12002MB (cached 55MB) CPU [0%@1728,0%@1728,0%@1728,0%@1728,0%@1728,0%@1728] GR3D_FREQ 99% cpu@71.718C soc2@70.562C soc0@71.031C gpu@73.906C tj@73.906C soc1@71.625C VDD_IN 19514mW/19409mW VDD_CPU_GPU_CV 8373mW/8340mW VDD_SOC 4951mW/4905mW
08-05-2026 04:38:26 RAM 5294/7620MB (lfb 19x4MB) SWAP 3112/12002MB (cached 55MB) CPU [0%@1728,9%@1728,0%@1728,0%@1728,0%@1728,0%@1728] GR3D_FREQ 99% cpu@71.75C soc2@70.562C soc0@71.156C gpu@73.656C tj@73.656C soc1@71.437C VDD_IN 19353mW/19408mW VDD_CPU_GPU_CV 8333mW/8340mW VDD_SOC 4911mW/4905mW
08-05-2026 04:38:26 RAM 5294/7620MB (lfb 19x4MB) SWAP 3112/12002MB (cached 55MB) CPU [8%@1728,0%@1728,0%@1728,0%@1728,10%@1728,0%@1728] GR3D_FREQ 99% cpu@71.781C soc2@70.5C soc0@70.906C gpu@73.875C tj@73.875C soc1@71.468C VDD_IN 19353mW/19408mW VDD_CPU_GPU_CV 8333mW/8340mW VDD_SOC 4911mW/4905mW
08-05-2026 04:38:26 RAM 5294/7620MB (lfb 19x4MB) SWAP 3112/12002MB (cached 55MB) CPU [0%@1728,0%@1728,9%@1728,0%@1728,0%@1728,18%@1728] GR3D_FREQ 99% cpu@71.593C soc2@70.562C soc0@71.031C gpu@73.718C tj@73.718C soc1@71.468C VDD_IN 19434mW/19408mW VDD_CPU_GPU_CV 8333mW/8340mW VDD_SOC 4911mW/4905mW
08-05-2026 04:38:26 RAM 5295/7620MB (lfb 19x4MB) SWAP 3112/12002MB (cached 55MB) CPU [0%@1728,0%@1728,0%@1728,0%@1728,0%@1728,0%@1728] GR3D_FREQ 99% cpu@71.625C soc2@70.593C soc0@71.031C gpu@73.781C tj@73.781C soc1@71.5C VDD_IN 19635mW/19409mW VDD_CPU_GPU_CV 8453mW/8340mW VDD_SOC 4943mW/4905mW
08-05-2026 04:38:26 RAM 5295/7620MB (lfb 19x4MB) SWAP 3112/12002MB (cached 55MB) CPU [0%@1728,9%@1728,0%@1728,0%@1728,0%@1728,0%@1728] GR3D_FREQ 99% cpu@71.656C soc2@70.656C soc0@71C gpu@74.093C tj@74.093C soc1@71.656C VDD_IN 19595mW/19409mW VDD_CPU_GPU_CV 8413mW/8340mW VDD_SOC 4951mW/4905mW
08-05-2026 04:38:26 RAM 5295/7620MB (lfb 19x4MB) SWAP 3112/12002MB (cached 55MB) CPU [0%@1728,0%@1728,9%@1728,9%@1728,0%@1728,0%@1728] GR3D_FREQ 99% cpu@71.781C soc2@70.562C soc0@71.156C gpu@74C tj@74C soc1@71.406C VDD_IN 19514mW/19409mW VDD_CPU_GPU_CV 8373mW/8340mW VDD_SOC 4951mW/4905mW
08-05-2026 04:38:26 RAM 5295/7620MB (lfb 19x4MB) SWAP 3112/12002MB (cached 55MB) CPU [0%@1728,0%@1728,0%@1728,0%@1728,0%@1728,0%@1728] GR3D_FREQ 99% cpu@71.75C soc2@70.531C soc0@70.968C gpu@73.968C tj@73.968C soc1@71.437C VDD_IN 19353mW/19409mW VDD_CPU_GPU_CV 8293mW/8340mW VDD_SOC 4911mW/4905mW
08-05-2026 04:38:26 RAM 5295/7620MB (lfb 19x4MB) SWAP 3112/12002MB (cached 55MB) CPU [0%@1728,0%@1728,0%@1728,0%@1728,0%@1728,0%@1728] GR3D_FREQ 99% cpu@71.593C soc2@70.562C soc0@70.968C gpu@74C tj@74C soc1@71.468C VDD_IN 19313mW/19409mW VDD_CPU_GPU_CV 8293mW/8340mW VDD_SOC 4870mW/4905mW
08-05-2026 04:38:26 RAM 5295/7620MB (lfb 19x4MB) SWAP 3112/12002MB (cached 55MB) CPU [0%@1728,0%@1728,0%@1728,9%@1728,18%@1728,0%@1728] GR3D_FREQ 97% cpu@71.687C soc2@70.562C soc0@71.062C gpu@73.75C tj@73.75C soc1@71.656C VDD_IN 19393mW/19409mW VDD_CPU_GPU_CV 8373mW/8340mW VDD_SOC 4911mW/4905mW
08-05-2026 04:38:26 RAM 5295/7620MB (lfb 19x4MB) SWAP 3112/12002MB (cached 55MB) CPU [0%@1728,0%@1728,0%@1728,0%@1728,0%@1728,0%@1728] GR3D_FREQ 99% cpu@71.812C soc2@70.625C soc0@71.156C gpu@74.156C tj@74.156C soc1@71.656C VDD_IN 19644mW/19409mW VDD_CPU_GPU_CV 8453mW/8340mW VDD_SOC 4951mW/4905mW
08-05-2026 04:38:27 RAM 5295/7620MB (lfb 19x4MB) SWAP 3112/12002MB (cached 55MB) CPU [0%@1728,0%@1728,0%@1728,0%@1728,0%@1728,0%@1728] GR3D_FREQ 99% cpu@71.718C soc2@70.562C soc0@70.875C gpu@73.968C tj@73.968C soc1@71.406C VDD_IN 19635mW/19410mW VDD_CPU_GPU_CV 8453mW/8340mW VDD_SOC 4943mW/4905mW
08-05-2026 04:38:27 RAM 5295/7620MB (lfb 19x4MB) SWAP 3112/12002MB (cached 55MB) CPU [0%@1728,0%@1728,0%@1728,0%@1728,0%@1728,10%@1728] GR3D_FREQ 99% cpu@71.625C soc2@70.5C soc0@71C gpu@73.937C tj@73.937C soc1@71.437C VDD_IN 19555mW/19410mW VDD_CPU_GPU_CV 8413mW/8340mW VDD_SOC 4951mW/4905mW
08-05-2026 04:38:27 RAM 5295/7620MB (lfb 19x4MB) SWAP 3112/12002MB (cached 55MB) CPU [0%@1728,0%@1728,0%@1728,0%@1728,0%@1728,63%@1728] GR3D_FREQ 99% cpu@71.656C soc2@70.593C soc0@71C gpu@73.875C tj@73.875C soc1@71.531C VDD_IN 19434mW/19410mW VDD_CPU_GPU_CV 8373mW/8340mW VDD_SOC 4911mW/4905mW
08-05-2026 04:38:27 RAM 5295/7620MB (lfb 19x4MB) SWAP 3112/12002MB (cached 55MB) CPU [9%@1728,0%@1728,0%@1728,0%@1728,0%@1728,10%@1728] GR3D_FREQ 99% cpu@71.812C soc2@70.562C soc0@71.125C gpu@74C tj@74C soc1@71.718C VDD_IN 19393mW/19410mW VDD_CPU_GPU_CV 8373mW/8340mW VDD_SOC 4870mW/4905mW
08-05-2026 04:38:27 RAM 5295/7620MB (lfb 19x4MB) SWAP 3112/12002MB (cached 55MB) CPU [0%@1728,0%@1728,0%@1728,0%@1728,0%@1728,0%@1728] GR3D_FREQ 99% cpu@71.656C soc2@70.625C soc0@70.906C gpu@73.5C tj@73.5C soc1@71.437C VDD_IN 19353mW/19410mW VDD_CPU_GPU_CV 8333mW/8340mW VDD_SOC 4870mW/4905mW
08-05-2026 04:38:27 RAM 5295/7620MB (lfb 19x4MB) SWAP 3112/12002MB (cached 55MB) CPU [0%@1728,0%@1728,0%@1728,0%@1728,10%@1728,0%@1728] GR3D_FREQ 99% cpu@71.843C soc2@70.625C soc0@71C gpu@74.062C tj@74.062C soc1@71.437C VDD_IN 19676mW/19410mW VDD_CPU_GPU_CV 8453mW/8341mW VDD_SOC 4943mW/4905mW
08-05-2026 04:38:27 RAM 5309/7620MB (lfb 19x4MB) SWAP 3112/12002MB (cached 55MB) CPU [16%@1728,10%@1728,20%@1728,0%@1728,9%@1728,0%@1728] GR3D_FREQ 99% cpu@72.093C soc2@70.687C soc0@71.093C gpu@73.968C tj@73.968C soc1@71.562C VDD_IN 19676mW/19411mW VDD_CPU_GPU_CV 8453mW/8341mW VDD_SOC 4943mW/4905mW
08-05-2026 04:38:27 RAM 5295/7620MB (lfb 19x4MB) SWAP 3112/12002MB (cached 55MB) CPU [0%@1728,0%@1728,9%@1728,0%@1728,0%@1728,0%@1728] GR3D_FREQ 99% cpu@71.812C soc2@70.593C soc0@71.156C gpu@74C tj@74C soc1@71.562C VDD_IN 19635mW/19411mW VDD_CPU_GPU_CV 8493mW/8341mW VDD_SOC 4943mW/4906mW
08-05-2026 04:38:27 RAM 5295/7620MB (lfb 19x4MB) SWAP 3112/12002MB (cached 55MB) CPU [0%@1728,0%@1728,0%@1728,0%@1728,0%@1728,0%@1728] GR3D_FREQ 99% cpu@71.812C soc2@70.593C soc0@71.218C gpu@73.812C tj@73.812C soc1@71.5C VDD_IN 19474mW/19411mW VDD_CPU_GPU_CV 8373mW/8341mW VDD_SOC 4911mW/4906mW
08-05-2026 04:38:28 RAM 5295/7620MB (lfb 19x4MB) SWAP 3112/12002MB (cached 55MB) CPU [0%@1728,0%@1728,0%@1728,0%@1728,0%@1728,0%@1728] GR3D_FREQ 99% cpu@71.812C soc2@70.531C soc0@71C gpu@74C tj@74C soc1@71.5C VDD_IN 19393mW/19411mW VDD_CPU_GPU_CV 8333mW/8341mW VDD_SOC 4911mW/4906mW
08-05-2026 04:38:28 RAM 5295/7620MB (lfb 19x4MB) SWAP 3112/12002MB (cached 55MB) CPU [0%@1728,0%@1728,9%@1728,0%@1728,0%@1728,0%@1728] GR3D_FREQ 99% cpu@71.593C soc2@70.593C soc0@70.968C gpu@73.531C tj@73.687C soc1@71.5C VDD_IN 19353mW/19411mW VDD_CPU_GPU_CV 8293mW/8341mW VDD_SOC 4870mW/4905mW
08-05-2026 04:38:28 RAM 5295/7620MB (lfb 19x4MB) SWAP 3112/12002MB (cached 55MB) CPU [8%@1728,9%@1728,0%@1728,0%@1728,0%@1728,18%@1728] GR3D_FREQ 99% cpu@71.687C soc2@70.625C soc0@71.125C gpu@74.156C tj@74.156C soc1@71.687C VDD_IN 19474mW/19411mW VDD_CPU_GPU_CV 8373mW/8341mW VDD_SOC 4911mW/4905mW
08-05-2026 04:38:28 RAM 5295/7620MB (lfb 19x4MB) SWAP 3112/12002MB (cached 55MB) CPU [0%@1728,0%@1728,0%@1728,0%@1728,0%@1728,0%@1728] GR3D_FREQ 99% cpu@71.812C soc2@70.656C soc0@71.25C gpu@73.968C tj@73.968C soc1@71.656C VDD_IN 19595mW/19411mW VDD_CPU_GPU_CV 8413mW/8341mW VDD_SOC 4951mW/4906mW
08-05-2026 04:38:28 RAM 5295/7620MB (lfb 19x4MB) SWAP 3112/12002MB (cached 55MB) CPU [0%@1728,0%@1728,0%@1728,0%@1728,10%@1728,0%@1728] GR3D_FREQ 99% cpu@71.875C soc2@70.562C soc0@70.937C gpu@74.343C tj@74.343C soc1@71.5C VDD_IN 19555mW/19411mW VDD_CPU_GPU_CV 8413mW/8341mW VDD_SOC 4951mW/4906mW
08-05-2026 04:38:28 RAM 5295/7620MB (lfb 19x4MB) SWAP 3112/12002MB (cached 55MB) CPU [0%@1728,0%@1728,0%@1728,8%@1728,0%@1728,9%@1728] GR3D_FREQ 99% cpu@71.875C soc2@70.531C soc0@71.031C gpu@73.906C tj@73.906C soc1@71.5C VDD_IN 19393mW/19411mW VDD_CPU_GPU_CV 8293mW/8341mW VDD_SOC 4911mW/4906mW
08-05-2026 04:38:28 RAM 5295/7620MB (lfb 19x4MB) SWAP 3112/12002MB (cached 55MB) CPU [0%@1728,0%@1728,0%@1728,0%@1728,0%@1728,0%@1728] GR3D_FREQ 99% cpu@71.656C soc2@70.593C soc0@71.093C gpu@74.031C tj@74.031C soc1@71.531C VDD_IN 19353mW/19411mW VDD_CPU_GPU_CV 8293mW/8341mW VDD_SOC 4870mW/4906mW
08-05-2026 04:38:28 RAM 5295/7620MB (lfb 19x4MB) SWAP 3112/12002MB (cached 55MB) CPU [0%@1728,0%@1728,0%@1728,0%@1728,0%@1728,0%@1728] GR3D_FREQ 99% cpu@71.75C soc2@70.687C soc0@71.156C gpu@74C tj@74C soc1@71.718C VDD_IN 19272mW/19411mW VDD_CPU_GPU_CV 8293mW/8341mW VDD_SOC 4870mW/4906mW
08-05-2026 04:38:28 RAM 5295/7620MB (lfb 19x4MB) SWAP 3112/12002MB (cached 55MB) CPU [0%@1728,0%@1728,0%@1728,0%@1728,0%@1728,0%@1728] GR3D_FREQ 99% cpu@71.75C soc2@70.687C soc0@71.312C gpu@73.968C tj@73.968C soc1@71.781C VDD_IN 19474mW/19411mW VDD_CPU_GPU_CV 8373mW/8341mW VDD_SOC 4911mW/4906mW
08-05-2026 04:38:28 RAM 5295/7620MB (lfb 19x4MB) SWAP 3112/12002MB (cached 55MB) CPU [0%@1728,0%@1728,0%@1728,0%@1728,0%@1728,0%@1728] GR3D_FREQ 99% cpu@71.937C soc2@70.562C soc0@71.031C gpu@73.718C tj@73.718C soc1@71.5C VDD_IN 19604mW/19411mW VDD_CPU_GPU_CV 8453mW/8341mW VDD_SOC 4951mW/4906mW
08-05-2026 04:38:29 RAM 5295/7620MB (lfb 19x4MB) SWAP 3112/12002MB (cached 55MB) CPU [0%@1728,0%@1728,0%@1728,8%@1728,0%@1728,0%@1728] GR3D_FREQ 99% cpu@71.718C soc2@70.625C soc0@71.125C gpu@74.375C tj@74.375C soc1@71.625C VDD_IN 19635mW/19412mW VDD_CPU_GPU_CV 8453mW/8341mW VDD_SOC 4951mW/4906mW
08-05-2026 04:38:29 RAM 5295/7620MB (lfb 19x4MB) SWAP 3112/12002MB (cached 55MB) CPU [0%@1728,8%@1728,0%@1728,0%@1728,0%@1728,25%@1728] GR3D_FREQ 99% cpu@71.843C soc2@70.531C soc0@71.093C gpu@73.812C tj@73.812C soc1@71.593C VDD_IN 19474mW/19412mW VDD_CPU_GPU_CV 8373mW/8341mW VDD_SOC 4951mW/4906mW
08-05-2026 04:38:29 RAM 5295/7620MB (lfb 19x4MB) SWAP 3112/12002MB (cached 55MB) CPU [0%@1728,0%@1728,9%@1728,0%@1728,0%@1728,10%@1728] GR3D_FREQ 99% cpu@71.718C soc2@70.625C soc0@71.218C gpu@73.812C tj@73.812C soc1@71.718C VDD_IN 19313mW/19412mW VDD_CPU_GPU_CV 8293mW/8341mW VDD_SOC 4870mW/4906mW
08-05-2026 04:38:29 RAM 5295/7620MB (lfb 19x4MB) SWAP 3112/12002MB (cached 55MB) CPU [0%@1728,0%@1728,0%@1728,0%@1728,0%@1728,0%@1728] GR3D_FREQ 99% cpu@71.781C soc2@70.5C soc0@70.906C gpu@74C tj@74C soc1@71.531C VDD_IN 19272mW/19412mW VDD_CPU_GPU_CV 8253mW/8341mW VDD_SOC 4870mW/4906mW
08-05-2026 04:38:29 RAM 5295/7620MB (lfb 19x4MB) SWAP 3112/12002MB (cached 55MB) CPU [0%@1728,0%@1728,9%@1728,0%@1728,0%@1728,0%@1728] GR3D_FREQ 99% cpu@71.937C soc2@70.593C soc0@71.093C gpu@73.937C tj@73.937C soc1@71.5C VDD_IN 19434mW/19412mW VDD_CPU_GPU_CV 8373mW/8341mW VDD_SOC 4911mW/4906mW
08-05-2026 04:38:29 RAM 5295/7620MB (lfb 19x4MB) SWAP 3112/12002MB (cached 55MB) CPU [0%@1728,0%@1728,0%@1728,0%@1728,0%@1728,0%@1728] GR3D_FREQ 99% cpu@71.781C soc2@70.625C soc0@71.062C gpu@73.718C tj@73.718C soc1@71.562C VDD_IN 19595mW/19412mW VDD_CPU_GPU_CV 8413mW/8341mW VDD_SOC 4951mW/4906mW
08-05-2026 04:38:29 RAM 5295/7620MB (lfb 19x4MB) SWAP 3112/12002MB (cached 55MB) CPU [0%@1728,0%@1728,0%@1728,0%@1728,0%@1728,0%@1728] GR3D_FREQ 99% cpu@71.781C soc2@70.656C soc0@71.093C gpu@74.281C tj@74.281C soc1@71.656C VDD_IN 19595mW/19412mW VDD_CPU_GPU_CV 8413mW/8341mW VDD_SOC 4951mW/4906mW
08-05-2026 04:38:29 RAM 5295/7620MB (lfb 19x4MB) SWAP 3112/12002MB (cached 55MB) CPU [0%@1728,0%@1728,0%@1728,0%@1728,0%@1728,0%@1728] GR3D_FREQ 99% cpu@71.812C soc2@70.656C soc0@71.25C gpu@73.687C tj@73.687C soc1@71.5C VDD_IN 19474mW/19412mW VDD_CPU_GPU_CV 8373mW/8342mW VDD_SOC 4951mW/4906mW
08-05-2026 04:38:29 RAM 5295/7620MB (lfb 19x4MB) SWAP 3112/12002MB (cached 55MB) CPU [0%@1728,0%@1728,0%@1728,0%@1728,0%@1728,18%@1728] GR3D_FREQ 99% cpu@71.875C soc2@70.562C soc0@70.968C gpu@73.843C tj@73.843C soc1@71.531C VDD_IN 19353mW/19412mW VDD_CPU_GPU_CV 8333mW/8342mW VDD_SOC 4870mW/4906mW
08-05-2026 04:38:30 RAM 5295/7620MB (lfb 19x4MB) SWAP 3112/12002MB (cached 55MB) CPU [0%@1728,0%@1728,8%@1728,0%@1728,0%@1728,0%@1728] GR3D_FREQ 99% cpu@71.968C soc2@70.562C soc0@71C gpu@74.031C tj@74.031C soc1@71.531C VDD_IN 19353mW/19412mW VDD_CPU_GPU_CV 8333mW/8342mW VDD_SOC 4911mW/4906mW
08-05-2026 04:38:30 RAM 5295/7620MB (lfb 19x4MB) SWAP 3112/12002MB (cached 55MB) CPU [0%@1728,0%@1728,0%@1728,0%@1728,0%@1728,0%@1728] GR3D_FREQ 99% cpu@71.687C soc2@70.625C soc0@71.031C gpu@73.656C tj@73.656C soc1@71.625C VDD_IN 19434mW/19412mW VDD_CPU_GPU_CV 8373mW/8342mW VDD_SOC 4911mW/4906mW
08-05-2026 04:38:30 RAM 5295/7620MB (lfb 19x4MB) SWAP 3112/12002MB (cached 55MB) CPU [9%@1728,0%@1728,0%@1728,0%@1728,0%@1728,9%@1728] GR3D_FREQ 99% cpu@72C soc2@70.687C soc0@71.093C gpu@74.218C tj@74.218C soc1@71.718C VDD_IN 19514mW/19412mW VDD_CPU_GPU_CV 8373mW/8342mW VDD_SOC 4951mW/4906mW
08-05-2026 04:38:30 RAM 5295/7620MB (lfb 19x4MB) SWAP 3112/12002MB (cached 55MB) CPU [0%@1728,0%@1728,9%@1728,0%@1728,0%@1728,0%@1728] GR3D_FREQ 99% cpu@71.875C soc2@70.781C soc0@71C gpu@74.156C tj@74.156C soc1@71.531C VDD_IN 19555mW/19412mW VDD_CPU_GPU_CV 8413mW/8342mW VDD_SOC 4951mW/4906mW
08-05-2026 04:38:30 RAM 5295/7620MB (lfb 19x4MB) SWAP 3112/12002MB (cached 55MB) CPU [0%@1728,0%@1728,0%@1728,0%@1728,0%@1728,0%@1728] GR3D_FREQ 99% cpu@72C soc2@70.656C soc0@71C gpu@73.656C tj@73.656C soc1@71.468C VDD_IN 19434mW/19412mW VDD_CPU_GPU_CV 8333mW/8342mW VDD_SOC 4911mW/4906mW
08-05-2026 04:38:30 RAM 5295/7620MB (lfb 19x4MB) SWAP 3112/12002MB (cached 55MB) CPU [0%@1728,0%@1728,0%@1728,0%@1728,0%@1728,0%@1728] GR3D_FREQ 99% cpu@71.687C soc2@70.625C soc0@71.093C gpu@74C tj@74C soc1@71.531C VDD_IN 19313mW/19412mW VDD_CPU_GPU_CV 8293mW/8342mW VDD_SOC 4870mW/4906mW
08-05-2026 04:38:30 RAM 5295/7620MB (lfb 19x4MB) SWAP 3112/12002MB (cached 55MB) CPU [0%@1728,0%@1728,0%@1728,0%@1728,18%@1728,0%@1728] GR3D_FREQ 99% cpu@71.781C soc2@70.625C soc0@71.031C gpu@73.687C tj@73.687C soc1@71.625C VDD_IN 19272mW/19412mW VDD_CPU_GPU_CV 8253mW/8341mW VDD_SOC 4870mW/4906mW
08-05-2026 04:38:30 RAM 5295/7620MB (lfb 19x4MB) SWAP 3112/12002MB (cached 55MB) CPU [0%@1728,0%@1728,0%@1728,0%@1728,0%@1728,0%@1728] GR3D_FREQ 99% cpu@71.812C soc2@70.75C soc0@71.187C gpu@73.656C tj@73.656C soc1@71.437C VDD_IN 19393mW/19412mW VDD_CPU_GPU_CV 8333mW/8341mW VDD_SOC 4911mW/4906mW
08-05-2026 04:38:30 RAM 5295/7620MB (lfb 19x4MB) SWAP 3112/12002MB (cached 55MB) CPU [9%@1728,0%@1728,0%@1728,0%@1728,0%@1728,0%@1728] GR3D_FREQ 99% cpu@71.875C soc2@70.687C soc0@70.968C gpu@74.218C tj@74.218C soc1@71.531C VDD_IN 19635mW/19412mW VDD_CPU_GPU_CV 8453mW/8342mW VDD_SOC 4943mW/4906mW
08-05-2026 04:38:30 RAM 5310/7620MB (lfb 19x4MB) SWAP 3112/12002MB (cached 55MB) CPU [9%@1728,0%@1728,20%@1728,0%@1728,0%@1728,0%@1728] GR3D_FREQ 99% cpu@72.562C soc2@70.625C soc0@71.031C gpu@73.812C tj@73.812C soc1@71.531C VDD_IN 19595mW/19413mW VDD_CPU_GPU_CV 8453mW/8342mW VDD_SOC 4943mW/4906mW
08-05-2026 04:38:31 RAM 5296/7620MB (lfb 19x4MB) SWAP 3112/12002MB (cached 55MB) CPU [0%@1728,0%@1728,9%@1728,0%@1728,0%@1728,0%@1728] GR3D_FREQ 99% cpu@71.781C soc2@70.656C soc0@71.062C gpu@73.812C tj@73.812C soc1@71.625C VDD_IN 19514mW/19413mW VDD_CPU_GPU_CV 8413mW/8342mW VDD_SOC 4951mW/4906mW
08-05-2026 04:38:31 RAM 5296/7620MB (lfb 19x4MB) SWAP 3112/12002MB (cached 55MB) CPU [9%@1728,0%@1728,0%@1728,0%@1728,0%@1728,0%@1728] GR3D_FREQ 99% cpu@71.812C soc2@70.687C soc0@71.093C gpu@73.875C tj@73.875C soc1@71.781C VDD_IN 19353mW/19413mW VDD_CPU_GPU_CV 8333mW/8342mW VDD_SOC 4911mW/4906mW
08-05-2026 04:38:31 RAM 5296/7620MB (lfb 19x4MB) SWAP 3112/12002MB (cached 55MB) CPU [0%@1728,8%@1728,0%@1728,0%@1728,0%@1728,16%@1728] GR3D_FREQ 99% cpu@71.781C soc2@70.593C soc0@71C gpu@73.687C tj@73.687C soc1@71.468C VDD_IN 19232mW/19412mW VDD_CPU_GPU_CV 8293mW/8342mW VDD_SOC 4870mW/4906mW
08-05-2026 04:38:31 RAM 5296/7620MB (lfb 19x4MB) SWAP 3112/12002MB (cached 55MB) CPU [0%@1728,0%@1728,0%@1728,0%@1728,10%@1728,0%@1728] GR3D_FREQ 96% cpu@72.125C soc2@70.593C soc0@71.062C gpu@73.593C tj@73.593C soc1@71.531C VDD_IN 19393mW/19412mW VDD_CPU_GPU_CV 8333mW/8342mW VDD_SOC 4911mW/4906mW
08-05-2026 04:38:31 RAM 5296/7620MB (lfb 19x4MB) SWAP 3112/12002MB (cached 55MB) CPU [9%@1728,0%@1728,0%@1728,0%@1728,0%@1728,9%@1728] GR3D_FREQ 99% cpu@71.75C soc2@70.562C soc0@70.937C gpu@74.062C tj@74.062C soc1@71.593C VDD_IN 19555mW/19413mW VDD_CPU_GPU_CV 8413mW/8342mW VDD_SOC 4951mW/4906mW
08-05-2026 04:38:31 RAM 5296/7620MB (lfb 19x4MB) SWAP 3112/12002MB (cached 55MB) CPU [0%@1728,0%@1728,0%@1728,0%@1728,0%@1728,0%@1728] GR3D_FREQ 99% cpu@71.781C soc2@70.687C soc0@71.125C gpu@73.906C tj@73.906C soc1@71.625C VDD_IN 19595mW/19413mW VDD_CPU_GPU_CV 8413mW/8342mW VDD_SOC 4951mW/4906mW
08-05-2026 04:38:31 RAM 5296/7620MB (lfb 19x4MB) SWAP 3112/12002MB (cached 55MB) CPU [0%@1728,8%@1728,0%@1728,0%@1728,0%@1728,0%@1728] GR3D_FREQ 99% cpu@71.812C soc2@70.656C soc0@70.906C gpu@73.75C tj@73.75C soc1@71.468C VDD_IN 19514mW/19413mW VDD_CPU_GPU_CV 8413mW/8342mW VDD_SOC 4951mW/4906mW
08-05-2026 04:38:31 RAM 5296/7620MB (lfb 19x4MB) SWAP 3112/12002MB (cached 55MB) CPU [0%@1728,0%@1728,0%@1728,0%@1728,0%@1728,0%@1728] GR3D_FREQ 99% cpu@71.875C soc2@70.562C soc0@71C gpu@73.781C tj@73.781C soc1@71.5C VDD_IN 19353mW/19413mW VDD_CPU_GPU_CV 8333mW/8342mW VDD_SOC 4911mW/4906mW
08-05-2026 04:38:31 RAM 5296/7620MB (lfb 19x4MB) SWAP 3112/12002MB (cached 55MB) CPU [8%@1728,0%@1728,0%@1728,0%@1728,0%@1728,0%@1728] GR3D_FREQ 99% cpu@72.031C soc2@70.531C soc0@70.968C gpu@73.843C tj@73.843C soc1@71.5C VDD_IN 19313mW/19413mW VDD_CPU_GPU_CV 8333mW/8342mW VDD_SOC 4870mW/4906mW
08-05-2026 04:38:32 RAM 5296/7620MB (lfb 19x4MB) SWAP 3112/12002MB (cached 55MB) CPU [0%@1728,0%@1728,0%@1728,0%@1728,9%@1728,0%@1728] GR3D_FREQ 99% cpu@71.593C soc2@70.562C soc0@71.062C gpu@74.062C tj@74.062C soc1@71.593C VDD_IN 19313mW/19413mW VDD_CPU_GPU_CV 8293mW/8342mW VDD_SOC 4870mW/4906mW
08-05-2026 04:38:32 RAM 5296/7620MB (lfb 19x4MB) SWAP 3112/12002MB (cached 55MB) CPU [0%@1728,0%@1728,0%@1728,8%@1728,10%@1728,0%@1728] GR3D_FREQ 99% cpu@71.812C soc2@70.718C soc0@71.125C gpu@73.812C tj@73.812C soc1@71.781C VDD_IN 19635mW/19413mW VDD_CPU_GPU_CV 8453mW/8342mW VDD_SOC 4951mW/4906mW
08-05-2026 04:38:32 RAM 5296/7620MB (lfb 19x4MB) SWAP 3112/12002MB (cached 55MB) CPU [0%@1728,9%@1728,9%@1728,0%@1728,0%@1728,10%@1728] GR3D_FREQ 99% cpu@71.843C soc2@70.625C soc0@71C gpu@73.687C tj@73.687C soc1@71.531C VDD_IN 19595mW/19413mW VDD_CPU_GPU_CV 8413mW/8342mW VDD_SOC 4951mW/4906mW
08-05-2026 04:38:32 RAM 5296/7620MB (lfb 19x4MB) SWAP 3112/12002MB (cached 55MB) CPU [0%@1728,0%@1728,0%@1728,0%@1728,0%@1728,0%@1728] GR3D_FREQ 99% cpu@71.906C soc2@70.593C soc0@71C gpu@74.312C tj@74.312C soc1@71.531C VDD_IN 19514mW/19413mW VDD_CPU_GPU_CV 8413mW/8342mW VDD_SOC 4951mW/4906mW
08-05-2026 04:38:32 RAM 5296/7620MB (lfb 19x4MB) SWAP 3112/12002MB (cached 55MB) CPU [0%@1728,0%@1728,0%@1728,0%@1728,0%@1728,0%@1728] GR3D_FREQ 99% cpu@71.656C soc2@70.531C soc0@71.062C gpu@73.531C tj@73.531C soc1@71.593C VDD_IN 19313mW/19413mW VDD_CPU_GPU_CV 8293mW/8342mW VDD_SOC 4911mW/4906mW
08-05-2026 04:38:32 RAM 5296/7620MB (lfb 19x4MB) SWAP 3112/12002MB (cached 55MB) CPU [0%@1728,0%@1728,0%@1728,9%@1728,0%@1728,0%@1728] GR3D_FREQ 99% cpu@71.718C soc2@70.593C soc0@71.093C gpu@73.75C tj@73.75C soc1@71.687C VDD_IN 19313mW/19413mW VDD_CPU_GPU_CV 8293mW/8342mW VDD_SOC 4870mW/4906mW
08-05-2026 04:38:32 RAM 5296/7620MB (lfb 19x4MB) SWAP 3112/12002MB (cached 55MB) CPU [0%@1728,0%@1728,0%@1728,0%@1728,0%@1728,0%@1728] GR3D_FREQ 99% cpu@71.843C soc2@70.593C soc0@71.25C gpu@73.937C tj@73.937C soc1@71.5C VDD_IN 19272mW/19413mW VDD_CPU_GPU_CV 8253mW/8342mW VDD_SOC 4870mW/4906mW
08-05-2026 04:38:32 RAM 5296/7620MB (lfb 19x4MB) SWAP 3112/12002MB (cached 55MB) CPU [0%@1728,0%@1728,0%@1728,0%@1728,0%@1728,0%@1728] GR3D_FREQ 99% cpu@71.937C soc2@70.593C soc0@71.031C gpu@73.812C tj@73.812C soc1@71.468C VDD_IN 19514mW/19413mW VDD_CPU_GPU_CV 8373mW/8342mW VDD_SOC 4911mW/4906mW
08-05-2026 04:38:32 RAM 5296/7620MB (lfb 19x4MB) SWAP 3112/12002MB (cached 55MB) CPU [9%@1728,0%@1728,0%@1728,0%@1728,0%@1728,0%@1728] GR3D_FREQ 99% cpu@72.093C soc2@70.562C soc0@71.093C gpu@73.687C tj@73.687C soc1@71.593C VDD_IN 19595mW/19413mW VDD_CPU_GPU_CV 8413mW/8342mW VDD_SOC 4943mW/4906mW
08-05-2026 04:38:32 RAM 5296/7620MB (lfb 19x4MB) SWAP 3112/12002MB (cached 55MB) CPU [0%@1728,0%@1728,0%@1728,0%@1728,10%@1728,0%@1728] GR3D_FREQ 99% cpu@71.812C soc2@70.625C soc0@71.156C gpu@74C tj@74C soc1@71.625C VDD_IN 19635mW/19414mW VDD_CPU_GPU_CV 8453mW/8342mW VDD_SOC 4943mW/4906mW
08-05-2026 04:38:33 RAM 5296/7620MB (lfb 19x4MB) SWAP 3112/12002MB (cached 55MB) CPU [0%@1728,0%@1728,0%@1728,0%@1728,0%@1728,0%@1728] GR3D_FREQ 99% cpu@71.812C soc2@70.656C soc0@71.218C gpu@73.5C tj@73.5C soc1@71.531C VDD_IN 19434mW/19414mW VDD_CPU_GPU_CV 8333mW/8342mW VDD_SOC 4911mW/4906mW
08-05-2026 04:38:33 RAM 5296/7620MB (lfb 19x4MB) SWAP 3112/12002MB (cached 55MB) CPU [0%@1728,0%@1728,0%@1728,0%@1728,0%@1728,0%@1728] GR3D_FREQ 99% cpu@71.843C soc2@70.531C soc0@71.062C gpu@73.812C tj@73.812C soc1@71.5C VDD_IN 19353mW/19413mW VDD_CPU_GPU_CV 8333mW/8342mW VDD_SOC 4870mW/4906mW
08-05-2026 04:38:33 RAM 5296/7620MB (lfb 19x4MB) SWAP 3112/12002MB (cached 55MB) CPU [0%@1728,0%@1728,0%@1728,0%@1728,0%@1728,18%@1728] GR3D_FREQ 99% cpu@72.031C soc2@70.593C soc0@70.968C gpu@73.687C tj@73.687C soc1@71.562C VDD_IN 19232mW/19413mW VDD_CPU_GPU_CV 8253mW/8342mW VDD_SOC 4870mW/4906mW
08-05-2026 04:38:33 RAM 5296/7620MB (lfb 19x4MB) SWAP 3112/12002MB (cached 55MB) CPU [0%@1728,8%@1728,0%@1728,0%@1728,0%@1728,0%@1728] GR3D_FREQ 99% cpu@71.593C soc2@70.625C soc0@71.062C gpu@73.75C tj@73.75C soc1@71.593C VDD_IN 19474mW/19413mW VDD_CPU_GPU_CV 8373mW/8342mW VDD_SOC 4911mW/4906mW
08-05-2026 04:38:33 RAM 5296/7620MB (lfb 19x4MB) SWAP 3112/12002MB (cached 55MB) CPU [0%@1728,0%@1728,0%@1728,0%@1728,0%@1728,9%@1728] GR3D_FREQ 99% cpu@71.812C soc2@70.656C soc0@71.218C gpu@73.656C tj@73.656C soc1@71.75C VDD_IN 19555mW/19413mW VDD_CPU_GPU_CV 8373mW/8342mW VDD_SOC 4951mW/4906mW
08-05-2026 04:38:33 RAM 5296/7620MB (lfb 19x4MB) SWAP 3112/12002MB (cached 55MB) CPU [0%@1728,0%@1728,0%@1728,0%@1728,0%@1728,0%@1728] GR3D_FREQ 99% cpu@71.906C soc2@70.75C soc0@71.343C gpu@74.031C tj@74.031C soc1@71.562C VDD_IN 19555mW/19414mW VDD_CPU_GPU_CV 8413mW/8342mW VDD_SOC 4951mW/4906mW
08-05-2026 04:38:33 RAM 5296/7620MB (lfb 19x4MB) SWAP 3112/12002MB (cached 55MB) CPU [0%@1728,0%@1728,0%@1728,0%@1728,18%@1728,0%@1728] GR3D_FREQ 99% cpu@72.031C soc2@70.687C soc0@71C gpu@73.531C tj@73.531C soc1@71.531C VDD_IN 19393mW/19414mW VDD_CPU_GPU_CV 8333mW/8342mW VDD_SOC 4911mW/4906mW
08-05-2026 04:38:33 RAM 5296/7620MB (lfb 19x4MB) SWAP 3112/12002MB (cached 55MB) CPU [0%@1728,0%@1728,0%@1728,0%@1728,0%@1728,0%@1728] GR3D_FREQ 99% cpu@71.718C soc2@70.562C soc0@71.093C gpu@74C tj@74C soc1@71.531C VDD_IN 19313mW/19414mW VDD_CPU_GPU_CV 8333mW/8342mW VDD_SOC 4870mW/4906mW
08-05-2026 04:38:33 RAM 5296/7620MB (lfb 19x4MB) SWAP 3112/12002MB (cached 55MB) CPU [8%@1728,0%@1728,0%@1728,0%@1728,0%@1728,0%@1728] GR3D_FREQ 99% cpu@71.812C soc2@70.687C soc0@71.093C gpu@73.75C tj@73.75C soc1@71.687C VDD_IN 19272mW/19413mW VDD_CPU_GPU_CV 8293mW/8342mW VDD_SOC 4870mW/4906mW
08-05-2026 04:38:34 RAM 5296/7620MB (lfb 19x4MB) SWAP 3112/12002MB (cached 55MB) CPU [0%@1728,0%@1728,0%@1728,0%@1728,0%@1728,0%@1728] GR3D_FREQ 99% cpu@71.937C soc2@70.75C soc0@71.187C gpu@73.718C tj@73.718C soc1@71.75C VDD_IN 19474mW/19413mW VDD_CPU_GPU_CV 8373mW/8342mW VDD_SOC 4911mW/4906mW
08-05-2026 04:38:34 RAM 5296/7620MB (lfb 19x4MB) SWAP 3112/12002MB (cached 55MB) CPU [0%@1728,0%@1728,0%@1728,0%@1728,0%@1728,0%@1728] GR3D_FREQ 99% cpu@71.937C soc2@70.812C soc0@71.343C gpu@73.875C tj@73.875C soc1@71.531C VDD_IN 19604mW/19414mW VDD_CPU_GPU_CV 8453mW/8343mW VDD_SOC 4991mW/4906mW
08-05-2026 04:38:34 RAM 5302/7620MB (lfb 19x4MB) SWAP 3112/12002MB (cached 55MB) CPU [16%@1728,0%@1728,18%@1728,9%@1728,20%@1728,0%@1728] GR3D_FREQ 99% cpu@72.218C soc2@70.718C soc0@71.062C gpu@73.906C tj@73.906C soc1@71.531C VDD_IN 19555mW/19414mW VDD_CPU_GPU_CV 8453mW/8343mW VDD_SOC 4951mW/4906mW
08-05-2026 04:38:34 RAM 5289/7620MB (lfb 19x4MB) SWAP 3112/12002MB (cached 55MB) CPU [0%@1728,0%@1728,0%@1728,9%@1728,0%@1728,9%@1728] GR3D_FREQ 99% cpu@71.75C soc2@70.656C soc0@71.187C gpu@73.531C tj@73.531C soc1@71.656C VDD_IN 19393mW/19414mW VDD_CPU_GPU_CV 8333mW/8343mW VDD_SOC 4911mW/4906mW
08-05-2026 04:38:34 RAM 5289/7620MB (lfb 19x4MB) SWAP 3112/12002MB (cached 55MB) CPU [0%@1728,0%@1728,0%@1728,0%@1728,10%@1728,0%@1728] GR3D_FREQ 99% cpu@71.843C soc2@70.625C soc0@71.187C gpu@74C tj@74C soc1@71.718C VDD_IN 19272mW/19414mW VDD_CPU_GPU_CV 8293mW/8343mW VDD_SOC 4870mW/4906mW
08-05-2026 04:38:34 RAM 5289/7620MB (lfb 19x4MB) SWAP 3112/12002MB (cached 55MB) CPU [0%@1728,9%@1728,0%@1728,0%@1728,0%@1728,0%@1728] GR3D_FREQ 99% cpu@71.906C soc2@70.718C soc0@71.187C gpu@73.656C tj@73.656C soc1@71.531C VDD_IN 19232mW/19413mW VDD_CPU_GPU_CV 8293mW/8343mW VDD_SOC 4870mW/4906mW
08-05-2026 04:38:34 RAM 5289/7620MB (lfb 19x4MB) SWAP 3112/12002MB (cached 55MB) CPU [0%@1728,0%@1728,0%@1728,0%@1728,0%@1728,0%@1728] GR3D_FREQ 99% cpu@72.062C soc2@70.718C soc0@71.093C gpu@73.656C tj@73.656C soc1@71.593C VDD_IN 19474mW/19413mW VDD_CPU_GPU_CV 8373mW/8343mW VDD_SOC 4911mW/4906mW
08-05-2026 04:38:34 RAM 5289/7620MB (lfb 19x4MB) SWAP 3112/12002MB (cached 55MB) CPU [0%@1728,0%@1728,9%@1728,0%@1728,0%@1728,0%@1728] GR3D_FREQ 99% cpu@71.75C soc2@70.687C soc0@71.062C gpu@74C tj@74C soc1@71.562C VDD_IN 19595mW/19414mW VDD_CPU_GPU_CV 8413mW/8343mW VDD_SOC 4951mW/4906mW
08-05-2026 04:38:34 RAM 5289/7620MB (lfb 19x4MB) SWAP 3112/12002MB (cached 55MB) CPU [0%@1728,0%@1728,9%@1728,0%@1728,0%@1728,0%@1728] GR3D_FREQ 99% cpu@71.812C soc2@70.718C soc0@71C gpu@74C tj@74C soc1@71.687C VDD_IN 19595mW/19414mW VDD_CPU_GPU_CV 8453mW/8343mW VDD_SOC 4951mW/4906mW
08-05-2026 04:38:34 RAM 5289/7620MB (lfb 19x4MB) SWAP 3112/12002MB (cached 55MB) CPU [8%@1728,0%@1728,0%@1728,0%@1728,0%@1728,0%@1728] GR3D_FREQ 99% cpu@71.968C soc2@70.718C soc0@71.218C gpu@73.812C tj@73.875C soc1@71.656C VDD_IN 19514mW/19414mW VDD_CPU_GPU_CV 8373mW/8343mW VDD_SOC 4951mW/4906mW
08-05-2026 04:38:35 RAM 5289/7620MB (lfb 19x4MB) SWAP 3112/12002MB (cached 55MB) CPU [0%@1728,0%@1728,0%@1728,0%@1728,0%@1728,0%@1728] GR3D_FREQ 99% cpu@72.031C soc2@70.625C soc0@71.062C gpu@73.687C tj@73.687C soc1@71.5C VDD_IN 19353mW/19414mW VDD_CPU_GPU_CV 8333mW/8343mW VDD_SOC 4911mW/4906mW
08-05-2026 04:38:35 RAM 5289/7620MB (lfb 19x4MB) SWAP 3112/12002MB (cached 55MB) CPU [0%@1728,0%@1728,0%@1728,0%@1728,10%@1728,0%@1728] GR3D_FREQ 99% cpu@71.968C soc2@70.531C soc0@71.031C gpu@73.718C tj@73.718C soc1@71.562C VDD_IN 19313mW/19414mW VDD_CPU_GPU_CV 8293mW/8343mW VDD_SOC 4870mW/4906mW
08-05-2026 04:38:35 RAM 5289/7620MB (lfb 19x4MB) SWAP 3112/12002MB (cached 55MB) CPU [0%@1728,16%@1728,0%@1728,0%@1728,0%@1728,16%@1728] GR3D_FREQ 99% cpu@71.687C soc2@70.656C soc0@71.093C gpu@73.937C tj@73.937C soc1@71.593C VDD_IN 19434mW/19414mW VDD_CPU_GPU_CV 8333mW/8343mW VDD_SOC 4911mW/4906mW
08-05-2026 04:38:35 RAM 5289/7620MB (lfb 19x4MB) SWAP 3112/12002MB (cached 55MB) CPU [8%@1728,0%@1728,0%@1728,0%@1728,0%@1728,0%@1728] GR3D_FREQ 99% cpu@71.843C soc2@70.593C soc0@71.187C gpu@73.781C tj@73.781C soc1@71.718C VDD_IN 19595mW/19414mW VDD_CPU_GPU_CV 8413mW/8343mW VDD_SOC 4951mW/4906mW
08-05-2026 04:38:35 RAM 5289/7620MB (lfb 19x4MB) SWAP 3112/12002MB (cached 55MB) CPU [0%@1728,0%@1728,0%@1728,0%@1728,0%@1728,0%@1728] GR3D_FREQ 99% cpu@71.906C soc2@70.812C soc0@71.187C gpu@73.812C tj@73.812C soc1@71.437C VDD_IN 19555mW/19414mW VDD_CPU_GPU_CV 8413mW/8343mW VDD_SOC 4951mW/4907mW
08-05-2026 04:38:35 RAM 5289/7620MB (lfb 19x4MB) SWAP 3112/12002MB (cached 55MB) CPU [0%@1728,0%@1728,0%@1728,0%@1728,0%@1728,0%@1728] GR3D_FREQ 99% cpu@72C soc2@70.656C soc0@71.031C gpu@73.843C tj@73.843C soc1@71.468C VDD_IN 19474mW/19414mW VDD_CPU_GPU_CV 8373mW/8343mW VDD_SOC 4951mW/4907mW
08-05-2026 04:38:35 RAM 5289/7620MB (lfb 19x4MB) SWAP 3112/12002MB (cached 55MB) CPU [0%@1728,0%@1728,0%@1728,0%@1728,0%@1728,0%@1728] GR3D_FREQ 99% cpu@71.812C soc2@70.593C soc0@70.968C gpu@73.593C tj@73.593C soc1@71.531C VDD_IN 19313mW/19414mW VDD_CPU_GPU_CV 8293mW/8343mW VDD_SOC 4911mW/4907mW
08-05-2026 04:38:35 RAM 5289/7620MB (lfb 19x4MB) SWAP 3112/12002MB (cached 55MB) CPU [0%@1728,0%@1728,0%@1728,8%@1728,0%@1728,0%@1728] GR3D_FREQ 99% cpu@71.656C soc2@70.562C soc0@71.031C gpu@73.937C tj@73.937C soc1@71.562C VDD_IN 19313mW/19414mW VDD_CPU_GPU_CV 8293mW/8343mW VDD_SOC 4870mW/4907mW
08-05-2026 04:38:35 RAM 5293/7620MB (lfb 19x4MB) SWAP 3112/12002MB (cached 55MB) CPU [0%@1728,0%@1728,9%@1728,0%@1728,18%@1728,0%@1728] GR3D_FREQ 97% cpu@71.875C soc2@70.656C soc0@71.156C gpu@73.75C tj@73.75C soc1@71.687C VDD_IN 19434mW/19414mW VDD_CPU_GPU_CV 8333mW/8343mW VDD_SOC 4911mW/4907mW
08-05-2026 04:38:36 RAM 5293/7620MB (lfb 19x4MB) SWAP 3112/12002MB (cached 55MB) CPU [0%@1728,0%@1728,0%@1728,0%@1728,0%@1728,0%@1728] GR3D_FREQ 99% cpu@72C soc2@70.625C soc0@70.968C gpu@73.718C tj@73.718C soc1@71.531C VDD_IN 19595mW/19414mW VDD_CPU_GPU_CV 8413mW/8343mW VDD_SOC 4951mW/4907mW
08-05-2026 04:38:36 RAM 5293/7620MB (lfb 19x4MB) SWAP 3112/12002MB (cached 55MB) CPU [0%@1728,0%@1728,0%@1728,0%@1728,0%@1728,0%@1728] GR3D_FREQ 99% cpu@71.75C soc2@70.718C soc0@71C gpu@74C tj@74C soc1@71.5C VDD_IN 19595mW/19415mW VDD_CPU_GPU_CV 8413mW/8343mW VDD_SOC 4943mW/4907mW
08-05-2026 04:38:36 RAM 5293/7620MB (lfb 19x4MB) SWAP 3112/12002MB (cached 55MB) CPU [0%@1728,0%@1728,0%@1728,9%@1728,0%@1728,9%@1728] GR3D_FREQ 99% cpu@71.687C soc2@70.656C soc0@71.062C gpu@73.687C tj@73.687C soc1@71.562C VDD_IN 19514mW/19415mW VDD_CPU_GPU_CV 8373mW/8343mW VDD_SOC 4951mW/4907mW
08-05-2026 04:38:36 RAM 5293/7620MB (lfb 19x4MB) SWAP 3112/12002MB (cached 55MB) CPU [9%@1728,0%@1728,0%@1728,0%@1728,0%@1728,0%@1728] GR3D_FREQ 99% cpu@71.812C soc2@70.5C soc0@71.156C gpu@73.531C tj@73.531C soc1@71.687C VDD_IN 19272mW/19415mW VDD_CPU_GPU_CV 8253mW/8343mW VDD_SOC 4870mW/4907mW
08-05-2026 04:38:36 RAM 5293/7620MB (lfb 19x4MB) SWAP 3112/12002MB (cached 55MB) CPU [0%@1728,0%@1728,0%@1728,0%@1728,0%@1728,0%@1728] GR3D_FREQ 99% cpu@71.843C soc2@70.562C soc0@71.125C gpu@73.625C tj@73.625C soc1@71.468C VDD_IN 19232mW/19414mW VDD_CPU_GPU_CV 8253mW/8343mW VDD_SOC 4870mW/4907mW
08-05-2026 04:38:36 RAM 5293/7620MB (lfb 19x4MB) SWAP 3112/12002MB (cached 55MB) CPU [0%@1728,0%@1728,0%@1728,0%@1728,0%@1728,0%@1728] GR3D_FREQ 99% cpu@71.937C soc2@70.562C soc0@70.937C gpu@73.656C tj@73.656C soc1@71.531C VDD_IN 19313mW/19414mW VDD_CPU_GPU_CV 8293mW/8343mW VDD_SOC 4870mW/4907mW
08-05-2026 04:38:36 RAM 5293/7620MB (lfb 19x4MB) SWAP 3112/12002MB (cached 55MB) CPU [8%@1728,0%@1728,0%@1728,0%@1728,0%@1728,0%@1728] GR3D_FREQ 98% cpu@71.625C soc2@70.562C soc0@70.968C gpu@73.687C tj@73.687C soc1@71.625C VDD_IN 19595mW/19414mW VDD_CPU_GPU_CV 8373mW/8343mW VDD_SOC 4951mW/4907mW
08-05-2026 04:38:36 RAM 5293/7620MB (lfb 19x4MB) SWAP 3112/12002MB (cached 55MB) CPU [0%@1728,0%@1728,0%@1728,0%@1728,18%@1728,0%@1728] GR3D_FREQ 99% cpu@71.781C soc2@70.593C soc0@71.093C gpu@74.031C tj@74.031C soc1@71.593C VDD_IN 19595mW/19415mW VDD_CPU_GPU_CV 8413mW/8343mW VDD_SOC 4951mW/4907mW
08-05-2026 04:38:36 RAM 5293/7620MB (lfb 19x4MB) SWAP 3112/12002MB (cached 55MB) CPU [0%@1728,0%@1728,0%@1728,0%@1728,0%@1728,0%@1728] GR3D_FREQ 99% cpu@71.875C soc2@70.656C soc0@71.156C gpu@73.843C tj@73.843C soc1@71.75C VDD_IN 19514mW/19415mW VDD_CPU_GPU_CV 8373mW/8343mW VDD_SOC 4951mW/4907mW
08-05-2026 04:38:36 RAM 5293/7620MB (lfb 19x4MB) SWAP 3112/12002MB (cached 55MB) CPU [0%@1728,0%@1728,0%@1728,0%@1728,0%@1728,0%@1728] GR3D_FREQ 99% cpu@71.875C soc2@70.593C soc0@70.875C gpu@73.531C tj@73.531C soc1@71.5C VDD_IN 19353mW/19415mW VDD_CPU_GPU_CV 8293mW/8343mW VDD_SOC 4911mW/4907mW
08-05-2026 04:38:37 RAM 5293/7620MB (lfb 19x4MB) SWAP 3112/12002MB (cached 55MB) CPU [9%@1728,0%@1728,0%@1728,0%@1728,0%@1728,0%@1728] GR3D_FREQ 99% cpu@71.718C soc2@70.531C soc0@71C gpu@73.937C tj@73.937C soc1@71.531C VDD_IN 19353mW/19415mW VDD_CPU_GPU_CV 8293mW/8343mW VDD_SOC 4870mW/4907mW
08-05-2026 04:38:37 RAM 5293/7620MB (lfb 19x4MB) SWAP 3112/12002MB (cached 55MB) CPU [0%@1728,0%@1728,0%@1728,0%@1728,0%@1728,0%@1728] GR3D_FREQ 99% cpu@71.625C soc2@70.562C soc0@71.125C gpu@73.531C tj@73.531C soc1@71.531C VDD_IN 19313mW/19415mW VDD_CPU_GPU_CV 8293mW/8343mW VDD_SOC 4870mW/4907mW
08-05-2026 04:38:37 RAM 5293/7620MB (lfb 19x4MB) SWAP 3112/12002MB (cached 55MB) CPU [0%@1728,0%@1728,0%@1728,9%@1728,8%@1728,54%@1728] GR3D_FREQ 99% cpu@72C soc2@70.75C soc0@71.156C gpu@73.781C tj@73.781C soc1@71.718C VDD_IN 19595mW/19415mW VDD_CPU_GPU_CV 8413mW/8343mW VDD_SOC 4911mW/4907mW
08-05-2026 04:38:37 RAM 5293/7620MB (lfb 19x4MB) SWAP 3112/12002MB (cached 55MB) CPU [0%@1728,0%@1728,0%@1728,0%@1728,0%@1728,40%@1728] GR3D_FREQ 99% cpu@72.031C soc2@70.687C soc0@70.968C gpu@73.937C tj@73.937C soc1@71.5C VDD_IN 19676mW/19415mW VDD_CPU_GPU_CV 8493mW/8343mW VDD_SOC 4943mW/4907mW
08-05-2026 04:38:37 RAM 5292/7620MB (lfb 19x4MB) SWAP 3112/12002MB (cached 55MB) CPU [0%@1728,20%@1728,16%@1728,0%@1728,10%@1728,9%@1728] GR3D_FREQ 99% cpu@72.281C soc2@70.625C soc0@71.062C gpu@73.781C tj@73.781C soc1@71.531C VDD_IN 19595mW/19415mW VDD_CPU_GPU_CV 8453mW/8343mW VDD_SOC 4943mW/4907mW
08-05-2026 04:38:37 RAM 5292/7620MB (lfb 19x4MB) SWAP 3112/12002MB (cached 55MB) CPU [0%@1728,0%@1728,0%@1728,0%@1728,0%@1728,0%@1728] GR3D_FREQ 99% cpu@71.656C soc2@70.625C soc0@71.125C gpu@73.812C tj@73.5C soc1@71.531C VDD_IN 19434mW/19415mW VDD_CPU_GPU_CV 8373mW/8343mW VDD_SOC 4911mW/4907mW
08-05-2026 04:38:37 RAM 5292/7620MB (lfb 19x4MB) SWAP 3112/12002MB (cached 55MB) CPU [0%@1728,0%@1728,0%@1728,0%@1728,0%@1728,0%@1728] GR3D_FREQ 99% cpu@71.843C soc2@70.593C soc0@71.187C gpu@73.906C tj@73.906C soc1@71.656C VDD_IN 19393mW/19415mW VDD_CPU_GPU_CV 8373mW/8343mW VDD_SOC 4870mW/4907mW
08-05-2026 04:38:37 RAM 5292/7620MB (lfb 19x4MB) SWAP 3112/12002MB (cached 55MB) CPU [0%@1728,0%@1728,8%@1728,0%@1728,0%@1728,0%@1728] GR3D_FREQ 99% cpu@71.843C soc2@70.656C soc0@71.25C gpu@73.656C tj@73.656C soc1@71.718C VDD_IN 19393mW/19415mW VDD_CPU_GPU_CV 8333mW/8343mW VDD_SOC 4870mW/4907mW
08-05-2026 04:38:37 RAM 5292/7620MB (lfb 19x4MB) SWAP 3112/12002MB (cached 55MB) CPU [0%@1728,9%@1728,0%@1728,0%@1728,0%@1728,0%@1728] GR3D_FREQ 99% cpu@72C soc2@70.562C soc0@71.031C gpu@74.062C tj@74.062C soc1@71.5C VDD_IN 19595mW/19416mW VDD_CPU_GPU_CV 8413mW/8343mW VDD_SOC 4911mW/4907mW
08-05-2026 04:38:37 RAM 5292/7620MB (lfb 19x4MB) SWAP 3112/12002MB (cached 55MB) CPU [0%@1728,0%@1728,0%@1728,0%@1728,0%@1728,0%@1728] GR3D_FREQ 99% cpu@71.843C soc2@70.687C soc0@70.968C gpu@73.968C tj@73.968C soc1@71.531C VDD_IN 19676mW/19416mW VDD_CPU_GPU_CV 8453mW/8343mW VDD_SOC 4943mW/4907mW
08-05-2026 04:38:38 RAM 5292/7620MB (lfb 19x4MB) SWAP 3112/12002MB (cached 55MB) CPU [0%@1728,0%@1728,0%@1728,0%@1728,0%@1728,0%@1728] GR3D_FREQ 99% cpu@71.687C soc2@70.562C soc0@71.093C gpu@73.937C tj@73.937C soc1@71.562C VDD_IN 19604mW/19416mW VDD_CPU_GPU_CV 8493mW/8344mW VDD_SOC 4943mW/4907mW
08-05-2026 04:38:38 RAM 5292/7620MB (lfb 19x4MB) SWAP 3112/12002MB (cached 55MB) CPU [0%@1728,16%@1728,9%@1728,0%@1728,0%@1728,10%@1728] GR3D_FREQ 99% cpu@71.812C soc2@70.687C soc0@71.062C gpu@73.625C tj@73.625C soc1@71.718C VDD_IN 19474mW/19416mW VDD_CPU_GPU_CV 8373mW/8344mW VDD_SOC 4911mW/4907mW
08-05-2026 04:38:38 RAM 5292/7620MB (lfb 19x4MB) SWAP 3112/12002MB (cached 55MB) CPU [0%@1728,0%@1728,0%@1728,0%@1728,0%@1728,18%@1728] GR3D_FREQ 99% cpu@71.812C soc2@70.718C soc0@70.906C gpu@73.843C tj@73.843C soc1@71.5C VDD_IN 19353mW/19416mW VDD_CPU_GPU_CV 8333mW/8344mW VDD_SOC 4870mW/4907mW
08-05-2026 04:38:38 RAM 5292/7620MB (lfb 19x4MB) SWAP 3112/12002MB (cached 55MB) CPU [0%@1728,10%@1728,0%@1728,0%@1728,0%@1728,0%@1728] GR3D_FREQ 99% cpu@71.687C soc2@70.5C soc0@70.968C gpu@73.531C tj@73.531C soc1@71.531C VDD_IN 19313mW/19416mW VDD_CPU_GPU_CV 8293mW/8344mW VDD_SOC 4870mW/4907mW
08-05-2026 04:38:38 RAM 5292/7620MB (lfb 19x4MB) SWAP 3112/12002MB (cached 55MB) CPU [0%@1728,0%@1728,0%@1728,0%@1728,0%@1728,0%@1728] GR3D_FREQ 99% cpu@71.593C soc2@70.625C soc0@70.968C gpu@73.968C tj@73.968C soc1@71.468C VDD_IN 19514mW/19416mW VDD_CPU_GPU_CV 8413mW/8344mW VDD_SOC 4911mW/4907mW
08-05-2026 04:38:38 RAM 5292/7620MB (lfb 19x4MB) SWAP 3112/12002MB (cached 55MB) CPU [0%@1728,0%@1728,0%@1728,0%@1728,0%@1728,0%@1728] GR3D_FREQ 99% cpu@71.781C soc2@70.625C soc0@71.062C gpu@73.812C tj@73.812C soc1@71.656C VDD_IN 19595mW/19416mW VDD_CPU_GPU_CV 8413mW/8344mW VDD_SOC 4951mW/4907mW
08-05-2026 04:38:38 RAM 5292/7620MB (lfb 19x4MB) SWAP 3112/12002MB (cached 55MB) CPU [0%@1728,0%@1728,0%@1728,0%@1728,0%@1728,0%@1728] GR3D_FREQ 99% cpu@71.812C soc2@70.562C soc0@71.218C gpu@74.093C tj@74.093C soc1@71.687C VDD_IN 19595mW/19417mW VDD_CPU_GPU_CV 8453mW/8344mW VDD_SOC 4951mW/4907mW
08-05-2026 04:38:38 RAM 5292/7620MB (lfb 19x4MB) SWAP 3112/12002MB (cached 55MB) CPU [0%@1728,0%@1728,0%@1728,0%@1728,0%@1728,0%@1728] GR3D_FREQ 99% cpu@71.968C soc2@70.562C soc0@70.937C gpu@73.562C tj@73.562C soc1@71.5C VDD_IN 19434mW/19417mW VDD_CPU_GPU_CV 8333mW/8344mW VDD_SOC 4951mW/4907mW
08-05-2026 04:38:38 RAM 5292/7620MB (lfb 19x4MB) SWAP 3112/12002MB (cached 55MB) CPU [9%@1728,0%@1728,0%@1728,0%@1728,18%@1728,0%@1728] GR3D_FREQ 99% cpu@71.812C soc2@70.468C soc0@70.968C gpu@73.75C tj@73.75C soc1@71.437C VDD_IN 19353mW/19416mW VDD_CPU_GPU_CV 8333mW/8344mW VDD_SOC 4870mW/4907mW
08-05-2026 04:38:39 RAM 5292/7620MB (lfb 19x4MB) SWAP 3112/12002MB (cached 55MB) CPU [0%@1728,0%@1728,0%@1728,0%@1728,9%@1728,0%@1728] GR3D_FREQ 99% cpu@71.5C soc2@70.562C soc0@71.031C gpu@73.718C tj@73.718C soc1@71.5C VDD_IN 19313mW/19416mW VDD_CPU_GPU_CV 8293mW/8344mW VDD_SOC 4870mW/4907mW
08-05-2026 04:38:39 RAM 5292/7620MB (lfb 19x4MB) SWAP 3112/12002MB (cached 55MB) CPU [0%@1728,0%@1728,0%@1728,0%@1728,0%@1728,0%@1728] GR3D_FREQ 99% cpu@71.812C soc2@70.625C soc0@71.031C gpu@73.781C tj@73.781C soc1@71.625C VDD_IN 19514mW/19416mW VDD_CPU_GPU_CV 8373mW/8344mW VDD_SOC 4911mW/4907mW
08-05-2026 04:38:39 RAM 5292/7620MB (lfb 19x4MB) SWAP 3112/12002MB (cached 55MB) CPU [0%@1728,0%@1728,0%@1728,0%@1728,0%@1728,18%@1728] GR3D_FREQ 99% cpu@71.906C soc2@70.718C soc0@70.875C gpu@73.937C tj@73.937C soc1@71.343C VDD_IN 19595mW/19417mW VDD_CPU_GPU_CV 8413mW/8344mW VDD_SOC 4943mW/4907mW
08-05-2026 04:38:39 RAM 5292/7620MB (lfb 19x4MB) SWAP 3112/12002MB (cached 55MB) CPU [0%@1728,0%@1728,9%@1728,0%@1728,0%@1728,0%@1728] GR3D_FREQ 99% cpu@71.75C soc2@70.593C soc0@70.875C gpu@74.031C tj@74.031C soc1@71.437C VDD_IN 19555mW/19417mW VDD_CPU_GPU_CV 8413mW/8344mW VDD_SOC 4951mW/4907mW
08-05-2026 04:38:39 RAM 5292/7620MB (lfb 19x4MB) SWAP 3112/12002MB (cached 55MB) CPU [0%@1728,0%@1728,0%@1728,0%@1728,0%@1728,0%@1728] GR3D_FREQ 99% cpu@71.562C soc2@70.437C soc0@70.906C gpu@73.468C tj@73.468C soc1@71.531C VDD_IN 19434mW/19417mW VDD_CPU_GPU_CV 8293mW/8344mW VDD_SOC 4911mW/4907mW
08-05-2026 04:38:39 RAM 5292/7620MB (lfb 19x4MB) SWAP 3112/12002MB (cached 55MB) CPU [0%@1728,0%@1728,0%@1728,0%@1728,0%@1728,0%@1728] GR3D_FREQ 99% cpu@71.562C soc2@70.437C soc0@71.031C gpu@74.062C tj@74.062C soc1@71.5C VDD_IN 19272mW/19417mW VDD_CPU_GPU_CV 8293mW/8344mW VDD_SOC 4870mW/4907mW
08-05-2026 04:38:39 RAM 5292/7620MB (lfb 19x4MB) SWAP 3112/12002MB (cached 55MB) CPU [0%@1728,0%@1728,0%@1728,0%@1728,10%@1728,0%@1728] GR3D_FREQ 98% cpu@71.75C soc2@70.531C soc0@71.062C gpu@73.687C tj@73.687C soc1@71.375C VDD_IN 19272mW/19417mW VDD_CPU_GPU_CV 8293mW/8344mW VDD_SOC 4870mW/4907mW
08-05-2026 04:38:39 RAM 5292/7620MB (lfb 19x4MB) SWAP 3112/12002MB (cached 55MB) CPU [0%@1728,0%@1728,0%@1728,0%@1728,0%@1728,0%@1728] GR3D_FREQ 99% cpu@71.937C soc2@70.687C soc0@70.875C gpu@74.093C tj@73.625C soc1@71.375C VDD_IN 19514mW/19417mW VDD_CPU_GPU_CV 8373mW/8344mW VDD_SOC 4911mW/4907mW
08-05-2026 04:38:39 RAM 5292/7620MB (lfb 19x4MB) SWAP 3112/12002MB (cached 55MB) CPU [0%@1728,0%@1728,0%@1728,0%@1728,0%@1728,0%@1728] GR3D_FREQ 99% cpu@71.812C soc2@70.5C soc0@70.906C gpu@73.937C tj@73.937C soc1@71.531C VDD_IN 19635mW/19417mW VDD_CPU_GPU_CV 8413mW/8344mW VDD_SOC 4943mW/4907mW
08-05-2026 04:38:39 RAM 5292/7620MB (lfb 19x4MB) SWAP 3112/12002MB (cached 55MB) CPU [9%@1728,0%@1728,0%@1728,10%@1728,0%@1728,0%@1728] GR3D_FREQ 99% cpu@71.593C soc2@70.531C soc0@71C gpu@73.875C tj@73.875C soc1@71.468C VDD_IN 19635mW/19417mW VDD_CPU_GPU_CV 8453mW/8344mW VDD_SOC 4943mW/4907mW
08-05-2026 04:38:40 RAM 5292/7620MB (lfb 19x4MB) SWAP 3112/12002MB (cached 55MB) CPU [0%@1728,0%@1728,0%@1728,8%@1728,0%@1728,0%@1728] GR3D_FREQ 99% cpu@71.656C soc2@70.593C soc0@71C gpu@73.968C tj@73.968C soc1@71.5C VDD_IN 19514mW/19417mW VDD_CPU_GPU_CV 8373mW/8344mW VDD_SOC 4951mW/4907mW
08-05-2026 04:38:40 RAM 5292/7620MB (lfb 19x4MB) SWAP 3112/12002MB (cached 55MB) CPU [0%@1728,0%@1728,0%@1728,0%@1728,0%@1728,0%@1728] GR3D_FREQ 99% cpu@71.843C soc2@70.5C soc0@71C gpu@73.656C tj@73.656C soc1@71.312C VDD_IN 19353mW/19417mW VDD_CPU_GPU_CV 8333mW/8344mW VDD_SOC 4911mW/4907mW
08-05-2026 04:38:40 RAM 5292/7620MB (lfb 19x4MB) SWAP 3112/12002MB (cached 55MB) CPU [0%@1728,8%@1728,0%@1728,0%@1728,0%@1728,25%@1728] GR3D_FREQ 99% cpu@71.656C soc2@70.437C soc0@70.906C gpu@73.718C tj@73.718C soc1@71.375C VDD_IN 19272mW/19417mW VDD_CPU_GPU_CV 8253mW/8344mW VDD_SOC 4870mW/4907mW
08-05-2026 04:38:40 RAM 5292/7620MB (lfb 19x4MB) SWAP 3112/12002MB (cached 55MB) CPU [0%@1728,0%@1728,0%@1728,0%@1728,18%@1728,0%@1728] GR3D_FREQ 99% cpu@71.531C soc2@70.468C soc0@70.906C gpu@73.968C tj@73.968C soc1@71.375C VDD_IN 19474mW/19417mW VDD_CPU_GPU_CV 8373mW/8344mW VDD_SOC 4911mW/4907mW
08-05-2026 04:38:40 RAM 5292/7620MB (lfb 19x4MB) SWAP 3112/12002MB (cached 55MB) CPU [0%@1728,0%@1728,0%@1728,0%@1728,0%@1728,0%@1728] GR3D_FREQ 99% cpu@71.593C soc2@70.5C soc0@70.968C gpu@73.843C tj@73.843C soc1@71.531C VDD_IN 19555mW/19417mW VDD_CPU_GPU_CV 8413mW/8344mW VDD_SOC 4943mW/4907mW
08-05-2026 04:38:40 RAM 5292/7620MB (lfb 19x4MB) SWAP 3112/12002MB (cached 55MB) CPU [0%@1728,0%@1728,0%@1728,0%@1728,0%@1728,0%@1728] GR3D_FREQ 99% cpu@71.781C soc2@70.593C soc0@71.062C gpu@73.843C tj@73.843C soc1@71.437C VDD_IN 19595mW/19418mW VDD_CPU_GPU_CV 8413mW/8344mW VDD_SOC 4943mW/4907mW
08-05-2026 04:38:40 RAM 5288/7620MB (lfb 19x4MB) SWAP 3112/12002MB (cached 55MB) CPU [0%@1728,20%@1728,10%@1728,0%@1728,0%@1728,0%@1728] GR3D_FREQ 99% cpu@72.125C soc2@70.468C soc0@70.843C gpu@73.906C tj@73.906C soc1@71.437C VDD_IN 19555mW/19418mW VDD_CPU_GPU_CV 8413mW/8344mW VDD_SOC 4943mW/4907mW
08-05-2026 04:38:40 RAM 5288/7620MB (lfb 19x4MB) SWAP 3112/12002MB (cached 55MB) CPU [0%@1728,0%@1728,0%@1728,0%@1728,0%@1728,0%@1728] GR3D_FREQ 99% cpu@71.406C soc2@70.375C soc0@70.906C gpu@73.75C tj@73.75C soc1@71.5C VDD_IN 19393mW/19418mW VDD_CPU_GPU_CV 8333mW/8344mW VDD_SOC 4911mW/4907mW
08-05-2026 04:38:40 RAM 5288/7620MB (lfb 19x4MB) SWAP 3112/12002MB (cached 55MB) CPU [8%@1728,0%@1728,0%@1728,0%@1728,0%@1728,0%@1728] GR3D_FREQ 99% cpu@71.593C soc2@70.437C soc0@70.968C gpu@73.593C tj@73.593C soc1@71.468C VDD_IN 19393mW/19418mW VDD_CPU_GPU_CV 8333mW/8344mW VDD_SOC 4911mW/4907mW
08-05-2026 04:38:41 RAM 5288/7620MB (lfb 19x4MB) SWAP 3112/12002MB (cached 55MB) CPU [9%@1728,9%@1728,0%@1728,8%@1728,0%@1728,0%@1728] GR3D_FREQ 99% cpu@71.5C soc2@70.562C soc0@70.937C gpu@73.843C tj@73.843C soc1@71.562C VDD_IN 19393mW/19418mW VDD_CPU_GPU_CV 8333mW/8344mW VDD_SOC 4870mW/4907mW
08-05-2026 04:38:41 RAM 5288/7620MB (lfb 19x4MB) SWAP 3112/12002MB (cached 55MB) CPU [0%@1728,0%@1728,0%@1728,0%@1728,0%@1728,0%@1728] GR3D_FREQ 96% cpu@71.843C soc2@70.625C soc0@71.093C gpu@73.875C tj@73.875C soc1@71.406C VDD_IN 19644mW/19418mW VDD_CPU_GPU_CV 8453mW/8344mW VDD_SOC 4983mW/4907mW
08-05-2026 04:38:41 RAM 5288/7620MB (lfb 19x4MB) SWAP 3112/12002MB (cached 55MB) CPU [9%@1728,0%@1728,9%@1728,0%@1728,9%@1728,10%@1728] GR3D_FREQ 99% cpu@71.812C soc2@70.468C soc0@70.843C gpu@74.125C tj@74.125C soc1@71.375C VDD_IN 19635mW/19418mW VDD_CPU_GPU_CV 8453mW/8345mW VDD_SOC 4943mW/4907mW
08-05-2026 04:38:41 RAM 5288/7620MB (lfb 19x4MB) SWAP 3112/12002MB (cached 55MB) CPU [0%@1728,0%@1728,0%@1728,0%@1728,0%@1728,0%@1728] GR3D_FREQ 99% cpu@71.531C soc2@70.531C soc0@70.875C gpu@73.937C tj@73.937C soc1@71.437C VDD_IN 19514mW/19418mW VDD_CPU_GPU_CV 8373mW/8345mW VDD_SOC 4951mW/4907mW
08-05-2026 04:38:41 RAM 5288/7620MB (lfb 19x4MB) SWAP 3112/12002MB (cached 55MB) CPU [0%@1728,0%@1728,0%@1728,0%@1728,0%@1728,0%@1728] GR3D_FREQ 99% cpu@71.5C soc2@70.562C soc0@70.906C gpu@73.656C tj@73.656C soc1@71.531C VDD_IN 19313mW/19418mW VDD_CPU_GPU_CV 8293mW/8344mW VDD_SOC 4870mW/4907mW
08-05-2026 04:38:41 RAM 5288/7620MB (lfb 19x4MB) SWAP 3112/12002MB (cached 55MB) CPU [0%@1728,0%@1728,0%@1728,0%@1728,0%@1728,0%@1728] GR3D_FREQ 99% cpu@71.5C soc2@70.468C soc0@71.031C gpu@74.031C tj@74.031C soc1@71.625C VDD_IN 19313mW/19418mW VDD_CPU_GPU_CV 8293mW/8344mW VDD_SOC 4870mW/4907mW
08-05-2026 04:38:41 RAM 5288/7620MB (lfb 19x4MB) SWAP 3112/12002MB (cached 55MB) CPU [0%@1728,0%@1728,0%@1728,0%@1728,0%@1728,0%@1728] GR3D_FREQ 99% cpu@71.562C soc2@70.468C soc0@70.843C gpu@73.781C tj@73.781C soc1@71.343C VDD_IN 19313mW/19418mW VDD_CPU_GPU_CV 8293mW/8344mW VDD_SOC 4870mW/4907mW
08-05-2026 04:38:41 RAM 5288/7620MB (lfb 19x4MB) SWAP 3112/12002MB (cached 55MB) CPU [9%@1728,9%@1728,0%@1728,0%@1728,0%@1728,0%@1728] GR3D_FREQ 99% cpu@71.562C soc2@70.531C soc0@70.843C gpu@73.687C tj@73.875C soc1@71.468C VDD_IN 19555mW/19418mW VDD_CPU_GPU_CV 8413mW/8344mW VDD_SOC 4911mW/4907mW
08-05-2026 04:38:41 RAM 5288/7620MB (lfb 19x4MB) SWAP 3112/12002MB (cached 55MB) CPU [0%@1728,0%@1728,0%@1728,0%@1728,0%@1728,0%@1728] GR3D_FREQ 99% cpu@71.531C soc2@70.5C soc0@70.906C gpu@74.031C tj@74.031C soc1@71.437C VDD_IN 19595mW/19418mW VDD_CPU_GPU_CV 8413mW/8345mW VDD_SOC 4943mW/4907mW
08-05-2026 04:38:41 RAM 5288/7620MB (lfb 19x4MB) SWAP 3112/12002MB (cached 55MB) CPU [0%@1728,0%@1728,0%@1728,0%@1728,10%@1728,0%@1728] GR3D_FREQ 99% cpu@71.593C soc2@70.5C soc0@71.125C gpu@74.093C tj@74.093C soc1@71.593C VDD_IN 19595mW/19418mW VDD_CPU_GPU_CV 8453mW/8345mW VDD_SOC 4943mW/4907mW
08-05-2026 04:38:42 RAM 5288/7620MB (lfb 19x4MB) SWAP 3112/12002MB (cached 55MB) CPU [0%@1728,0%@1728,0%@1728,0%@1728,0%@1728,0%@1728] GR3D_FREQ 99% cpu@71.843C soc2@70.531C soc0@71.031C gpu@73.375C tj@73.375C soc1@71.343C VDD_IN 19434mW/19418mW VDD_CPU_GPU_CV 8333mW/8345mW VDD_SOC 4911mW/4907mW
08-05-2026 04:38:42 RAM 5288/7620MB (lfb 19x4MB) SWAP 3112/12002MB (cached 55MB) CPU [36%@1728,20%@1728,9%@1728,20%@1728,0%@1728,9%@1728] GR3D_FREQ 99% cpu@71.75C soc2@70.437C soc0@70.843C gpu@74.093C tj@74.093C soc1@71.375C VDD_IN 19474mW/19419mW VDD_CPU_GPU_CV 8453mW/8345mW VDD_SOC 4911mW/4907mW
08-05-2026 04:38:42 RAM 5288/7620MB (lfb 19x4MB) SWAP 3112/12002MB (cached 55MB) CPU [0%@1728,0%@1728,0%@1728,0%@1728,0%@1728,18%@1728] GR3D_FREQ 99% cpu@71.562C soc2@70.437C soc0@70.843C gpu@73.625C tj@73.625C soc1@71.5C VDD_IN 19393mW/19419mW VDD_CPU_GPU_CV 8413mW/8345mW VDD_SOC 4870mW/4907mW
08-05-2026 04:38:42 RAM 5288/7620MB (lfb 19x4MB) SWAP 3112/12002MB (cached 55MB) CPU [9%@1728,0%@1728,0%@1728,8%@1728,0%@1728,0%@1728] GR3D_FREQ 99% cpu@71.562C soc2@70.5C soc0@70.906C gpu@73.75C tj@73.75C soc1@71.562C VDD_IN 19595mW/19419mW VDD_CPU_GPU_CV 8493mW/8345mW VDD_SOC 4911mW/4907mW
08-05-2026 04:38:42 RAM 5288/7620MB (lfb 19x4MB) SWAP 3112/12002MB (cached 55MB) CPU [0%@1728,9%@1728,0%@1728,0%@1728,0%@1728,0%@1728] GR3D_FREQ 99% cpu@71.656C soc2@70.593C soc0@71.062C gpu@74.062C tj@74.062C soc1@71.531C VDD_IN 19604mW/19419mW VDD_CPU_GPU_CV 8493mW/8345mW VDD_SOC 4951mW/4907mW
08-05-2026 04:38:42 RAM 5288/7620MB (lfb 19x4MB) SWAP 3112/12002MB (cached 55MB) CPU [0%@1728,0%@1728,0%@1728,8%@1728,0%@1728,0%@1728] GR3D_FREQ 99% cpu@71.75C soc2@70.437C soc0@70.843C gpu@74.093C tj@74.093C soc1@71.406C VDD_IN 19604mW/19419mW VDD_CPU_GPU_CV 8493mW/8345mW VDD_SOC 4951mW/4907mW
08-05-2026 04:38:42 RAM 5288/7620MB (lfb 19x4MB) SWAP 3112/12002MB (cached 55MB) CPU [0%@1728,0%@1728,0%@1728,0%@1728,0%@1728,10%@1728] GR3D_FREQ 99% cpu@71.562C soc2@70.531C soc0@70.843C gpu@73.375C tj@73.375C soc1@71.5C VDD_IN 19393mW/19419mW VDD_CPU_GPU_CV 8373mW/8345mW VDD_SOC 4911mW/4907mW
08-05-2026 04:38:42 RAM 5288/7620MB (lfb 19x4MB) SWAP 3112/12002MB (cached 55MB) CPU [0%@1728,0%@1728,0%@1728,0%@1728,0%@1728,0%@1728] GR3D_FREQ 99% cpu@71.468C soc2@70.5C soc0@70.875C gpu@74.125C tj@74.125C soc1@71.437C VDD_IN 19393mW/19419mW VDD_CPU_GPU_CV 8333mW/8345mW VDD_SOC 4870mW/4907mW
08-05-2026 04:38:42 RAM 5288/7620MB (lfb 19x4MB) SWAP 3112/12002MB (cached 55MB) CPU [0%@1728,0%@1728,0%@1728,0%@1728,0%@1728,0%@1728] GR3D_FREQ 99% cpu@71.5C soc2@70.531C soc0@71.031C gpu@73.531C tj@73.531C soc1@71.593C VDD_IN 19313mW/19419mW VDD_CPU_GPU_CV 8293mW/8345mW VDD_SOC 4870mW/4907mW
08-05-2026 04:38:43 RAM 5288/7620MB (lfb 19x4MB) SWAP 3112/12002MB (cached 55MB) CPU [9%@1728,0%@1728,9%@1728,0%@1728,0%@1728,0%@1728] GR3D_FREQ 99% cpu@72C soc2@70.531C soc0@71.156C gpu@74.062C tj@74.062C soc1@71.312C VDD_IN 19555mW/19419mW VDD_CPU_GPU_CV 8413mW/8345mW VDD_SOC 4911mW/4907mW
08-05-2026 04:38:43 RAM 5287/7620MB (lfb 19x4MB) SWAP 3112/12002MB (cached 55MB) CPU [8%@1728,0%@1728,0%@1728,0%@1728,0%@1728,0%@1728] GR3D_FREQ 99% cpu@71.468C soc2@70.468C soc0@70.875C gpu@73.906C tj@73.906C soc1@71.343C VDD_IN 19635mW/19419mW VDD_CPU_GPU_CV 8453mW/8346mW VDD_SOC 4943mW/4907mW
08-05-2026 04:38:43 RAM 5287/7620MB (lfb 19x4MB) SWAP 3112/12002MB (cached 55MB) CPU [0%@1728,0%@1728,0%@1728,0%@1728,0%@1728,10%@1728] GR3D_FREQ 99% cpu@71.625C soc2@70.5C soc0@70.875C gpu@73.812C tj@73.812C soc1@71.468C VDD_IN 19555mW/19420mW VDD_CPU_GPU_CV 8453mW/8346mW VDD_SOC 4951mW/4907mW
08-05-2026 04:38:43 RAM 5287/7620MB (lfb 19x4MB) SWAP 3112/12002MB (cached 55MB) CPU [0%@1728,0%@1728,0%@1728,0%@1728,0%@1728,9%@1728] GR3D_FREQ 99% cpu@71.593C soc2@70.562C soc0@70.906C gpu@73.875C tj@73.875C soc1@71.562C VDD_IN 19393mW/19420mW VDD_CPU_GPU_CV 8333mW/8346mW VDD_SOC 4911mW/4907mW
08-05-2026 04:38:43 RAM 5287/7620MB (lfb 19x4MB) SWAP 3112/12002MB (cached 55MB) CPU [0%@1728,0%@1728,0%@1728,0%@1728,0%@1728,18%@1728] GR3D_FREQ 99% cpu@71.562C soc2@70.562C soc0@71.187C gpu@74C tj@74C soc1@71.593C VDD_IN 19272mW/19419mW VDD_CPU_GPU_CV 8293mW/8346mW VDD_SOC 4870mW/4907mW
08-05-2026 04:38:43 RAM 5287/7620MB (lfb 19x4MB) SWAP 3112/12002MB (cached 55MB) CPU [0%@1728,0%@1728,0%@1728,0%@1728,0%@1728,0%@1728] GR3D_FREQ 99% cpu@71.718C soc2@70.406C soc0@71C gpu@73.5C tj@73.5C soc1@71.406C VDD_IN 19232mW/19419mW VDD_CPU_GPU_CV 8293mW/8346mW VDD_SOC 4870mW/4907mW
08-05-2026 04:38:43 RAM 5287/7620MB (lfb 19x4MB) SWAP 3112/12002MB (cached 55MB) CPU [0%@1728,0%@1728,0%@1728,0%@1728,0%@1728,0%@1728] GR3D_FREQ 99% cpu@71.562C soc2@70.468C soc0@70.968C gpu@74.062C tj@74.062C soc1@71.437C VDD_IN 19474mW/19419mW VDD_CPU_GPU_CV 8373mW/8346mW VDD_SOC 4911mW/4907mW
08-05-2026 04:38:43 RAM 5287/7620MB (lfb 19x4MB) SWAP 3112/12002MB (cached 55MB) CPU [0%@1728,0%@1728,9%@1728,0%@1728,0%@1728,0%@1728] GR3D_FREQ 99% cpu@71.5C soc2@70.625C soc0@71C gpu@73.75C tj@73.75C soc1@71.531C VDD_IN 19595mW/19419mW VDD_CPU_GPU_CV 8413mW/8346mW VDD_SOC 4951mW/4907mW
08-05-2026 04:38:43 RAM 5287/7620MB (lfb 19x4MB) SWAP 3112/12002MB (cached 55MB) CPU [0%@1728,0%@1728,0%@1728,0%@1728,0%@1728,0%@1728] GR3D_FREQ 99% cpu@71.531C soc2@70.562C soc0@71.031C gpu@73.75C tj@73.75C soc1@71.687C VDD_IN 19595mW/19420mW VDD_CPU_GPU_CV 8453mW/8346mW VDD_SOC 4951mW/4907mW
08-05-2026 04:38:43 RAM 5288/7620MB (lfb 19x4MB) SWAP 3112/12002MB (cached 55MB) CPU [9%@1728,10%@1728,20%@1728,10%@1728,0%@1728,9%@1728] GR3D_FREQ 99% cpu@71.875C soc2@70.625C soc0@70.937C gpu@73.968C tj@73.968C soc1@71.343C VDD_IN 19595mW/19420mW VDD_CPU_GPU_CV 8413mW/8346mW VDD_SOC 4951mW/4907mW
08-05-2026 04:38:44 RAM 5288/7620MB (lfb 19x4MB) SWAP 3112/12002MB (cached 55MB) CPU [0%@1728,0%@1728,0%@1728,0%@1728,0%@1728,0%@1728] GR3D_FREQ 99% cpu@71.687C soc2@70.468C soc0@70.906C gpu@73.593C tj@73.593C soc1@71.406C VDD_IN 19434mW/19420mW VDD_CPU_GPU_CV 8373mW/8346mW VDD_SOC 4911mW/4907mW
08-05-2026 04:38:44 RAM 5288/7620MB (lfb 19x4MB) SWAP 3112/12002MB (cached 55MB) CPU [0%@1728,0%@1728,0%@1728,0%@1728,18%@1728,0%@1728] GR3D_FREQ 99% cpu@71.656C soc2@70.531C soc0@70.968C gpu@73.625C tj@73.625C soc1@71.531C VDD_IN 19393mW/19420mW VDD_CPU_GPU_CV 8333mW/8346mW VDD_SOC 4870mW/4907mW
08-05-2026 04:38:44 RAM 5288/7620MB (lfb 19x4MB) SWAP 3112/12002MB (cached 55MB) CPU [0%@1728,9%@1728,0%@1728,0%@1728,10%@1728,0%@1728] GR3D_FREQ 99% cpu@71.625C soc2@70.562C soc0@71C gpu@73.968C tj@73.968C soc1@71.593C VDD_IN 19474mW/19420mW VDD_CPU_GPU_CV 8413mW/8346mW VDD_SOC 4911mW/4907mW
08-05-2026 04:38:44 RAM 5288/7620MB (lfb 19x4MB) SWAP 3112/12002MB (cached 55MB) CPU [0%@1728,0%@1728,0%@1728,0%@1728,9%@1728,0%@1728] GR3D_FREQ 99% cpu@71.812C soc2@70.562C soc0@71.125C gpu@73.687C tj@73.687C soc1@71.625C VDD_IN 19604mW/19420mW VDD_CPU_GPU_CV 8453mW/8346mW VDD_SOC 4943mW/4907mW
08-05-2026 04:38:44 RAM 5288/7620MB (lfb 19x4MB) SWAP 3112/12002MB (cached 55MB) CPU [9%@1728,0%@1728,0%@1728,0%@1728,0%@1728,0%@1728] GR3D_FREQ 99% cpu@71.875C soc2@70.562C soc0@70.906C gpu@73.75C tj@73.75C soc1@71.468C VDD_IN 19595mW/19420mW VDD_CPU_GPU_CV 8453mW/8346mW VDD_SOC 4951mW/4907mW
08-05-2026 04:38:44 RAM 5288/7620MB (lfb 19x4MB) SWAP 3112/12002MB (cached 55MB) CPU [0%@1728,0%@1728,0%@1728,8%@1728,0%@1728,0%@1728] GR3D_FREQ 99% cpu@71.562C soc2@70.562C soc0@70.937C gpu@73.593C tj@73.593C soc1@71.406C VDD_IN 19474mW/19420mW VDD_CPU_GPU_CV 8373mW/8346mW VDD_SOC 4951mW/4907mW
08-05-2026 04:38:44 RAM 5288/7620MB (lfb 19x4MB) SWAP 3112/12002MB (cached 55MB) CPU [0%@1728,0%@1728,0%@1728,0%@1728,0%@1728,0%@1728] GR3D_FREQ 99% cpu@71.593C soc2@70.5C soc0@70.906C gpu@73.562C tj@73.562C soc1@71.562C VDD_IN 19313mW/19420mW VDD_CPU_GPU_CV 8333mW/8346mW VDD_SOC 4870mW/4907mW
08-05-2026 04:38:44 RAM 5288/7620MB (lfb 19x4MB) SWAP 3112/12002MB (cached 55MB) CPU [0%@1728,0%@1728,9%@1728,0%@1728,0%@1728,0%@1728] GR3D_FREQ 99% cpu@71.687C soc2@70.531C soc0@70.875C gpu@74.25C tj@74.25C soc1@71.531C VDD_IN 19313mW/19420mW VDD_CPU_GPU_CV 8293mW/8346mW VDD_SOC 4870mW/4907mW
08-05-2026 04:38:44 RAM 5288/7620MB (lfb 19x4MB) SWAP 3112/12002MB (cached 55MB) CPU [0%@1728,0%@1728,0%@1728,0%@1728,10%@1728,0%@1728] GR3D_FREQ 97% cpu@71.718C soc2@70.562C soc0@70.968C gpu@73.531C tj@73.531C soc1@71.375C VDD_IN 19434mW/19420mW VDD_CPU_GPU_CV 8373mW/8346mW VDD_SOC 4911mW/4907mW
08-05-2026 04:38:45 RAM 5288/7620MB (lfb 19x4MB) SWAP 3112/12002MB (cached 55MB) CPU [0%@1728,0%@1728,9%@1728,0%@1728,0%@1728,0%@1728] GR3D_FREQ 99% cpu@71.625C soc2@70.5C soc0@70.843C gpu@73.656C tj@73.656C soc1@71.468C VDD_IN 19644mW/19420mW VDD_CPU_GPU_CV 8453mW/8346mW VDD_SOC 4983mW/4907mW
08-05-2026 04:38:45 RAM 5288/7620MB (lfb 19x4MB) SWAP 3112/12002MB (cached 55MB) CPU [8%@1728,0%@1728,0%@1728,0%@1728,0%@1728,0%@1728] GR3D_FREQ 99% cpu@71.593C soc2@70.531C soc0@70.968C gpu@74.156C tj@74.156C soc1@71.437C VDD_IN 19604mW/19421mW VDD_CPU_GPU_CV 8453mW/8346mW VDD_SOC 4991mW/4908mW
08-05-2026 04:38:45 RAM 5288/7620MB (lfb 19x4MB) SWAP 3112/12002MB (cached 55MB) CPU [0%@1728,9%@1728,0%@1728,0%@1728,18%@1728,0%@1728] GR3D_FREQ 99% cpu@71.687C soc2@70.468C soc0@70.968C gpu@73.625C tj@73.625C soc1@71.531C VDD_IN 19555mW/19421mW VDD_CPU_GPU_CV 8413mW/8347mW VDD_SOC 4951mW/4908mW
08-05-2026 04:38:45 RAM 5288/7620MB (lfb 19x4MB) SWAP 3112/12002MB (cached 55MB) CPU [0%@1728,0%@1728,0%@1728,0%@1728,0%@1728,0%@1728] GR3D_FREQ 99% cpu@71.625C soc2@70.531C soc0@71.062C gpu@73.406C tj@73.406C soc1@71.687C VDD_IN 19313mW/19421mW VDD_CPU_GPU_CV 8293mW/8346mW VDD_SOC 4911mW/4908mW
08-05-2026 04:38:45 RAM 5288/7620MB (lfb 19x4MB) SWAP 3112/12002MB (cached 55MB) CPU [0%@1728,0%@1728,0%@1728,0%@1728,0%@1728,0%@1728] GR3D_FREQ 99% cpu@71.718C soc2@70.406C soc0@70.843C gpu@73.687C tj@73.687C soc1@71.343C VDD_IN 19313mW/19421mW VDD_CPU_GPU_CV 8293mW/8346mW VDD_SOC 4870mW/4908mW
08-05-2026 04:38:45 RAM 5288/7620MB (lfb 19x4MB) SWAP 3112/12002MB (cached 55MB) CPU [0%@1728,0%@1728,0%@1728,9%@1728,0%@1728,0%@1728] GR3D_FREQ 99% cpu@71.562C soc2@70.468C soc0@70.781C gpu@73.468C tj@73.468C soc1@71.343C VDD_IN 19272mW/19420mW VDD_CPU_GPU_CV 8253mW/8346mW VDD_SOC 4870mW/4908mW
08-05-2026 04:38:45 RAM 5288/7620MB (lfb 19x4MB) SWAP 3112/12002MB (cached 55MB) CPU [0%@1728,0%@1728,9%@1728,0%@1728,0%@1728,9%@1728] GR3D_FREQ 99% cpu@71.562C soc2@70.5C soc0@70.875C gpu@73.593C tj@73.593C soc1@71.531C VDD_IN 19595mW/19421mW VDD_CPU_GPU_CV 8413mW/8346mW VDD_SOC 4951mW/4908mW
08-05-2026 04:38:45 RAM 5288/7620MB (lfb 19x4MB) SWAP 3112/12002MB (cached 55MB) CPU [0%@1728,0%@1728,0%@1728,0%@1728,0%@1728,10%@1728] GR3D_FREQ 99% cpu@71.593C soc2@70.562C soc0@71C gpu@73.781C tj@73.781C soc1@71.593C VDD_IN 19595mW/19421mW VDD_CPU_GPU_CV 8413mW/8346mW VDD_SOC 4951mW/4908mW
08-05-2026 04:38:45 RAM 5288/7620MB (lfb 19x4MB) SWAP 3112/12002MB (cached 55MB) CPU [0%@1728,0%@1728,0%@1728,0%@1728,0%@1728,0%@1728] GR3D_FREQ 99% cpu@71.593C soc2@70.5C soc0@71.062C gpu@73.687C tj@73.687C soc1@71.375C VDD_IN 19555mW/19421mW VDD_CPU_GPU_CV 8413mW/8347mW VDD_SOC 4951mW/4908mW
08-05-2026 04:38:45 RAM 5288/7620MB (lfb 19x4MB) SWAP 3112/12002MB (cached 55MB) CPU [0%@1728,0%@1728,0%@1728,9%@1728,0%@1728,0%@1728] GR3D_FREQ 99% cpu@71.593C soc2@70.468C soc0@70.843C gpu@73.375C tj@73.375C soc1@71.375C VDD_IN 19393mW/19421mW VDD_CPU_GPU_CV 8333mW/8347mW VDD_SOC 4911mW/4908mW
08-05-2026 04:38:46 RAM 5288/7620MB (lfb 19x4MB) SWAP 3112/12002MB (cached 55MB) CPU [0%@1728,0%@1728,0%@1728,0%@1728,0%@1728,0%@1728] GR3D_FREQ 99% cpu@71.406C soc2@70.468C soc0@70.906C gpu@73.75C tj@73.75C soc1@71.375C VDD_IN 19353mW/19421mW VDD_CPU_GPU_CV 8333mW/8347mW VDD_SOC 4870mW/4908mW
08-05-2026 04:38:46 RAM 5288/7620MB (lfb 19x4MB) SWAP 3112/12002MB (cached 55MB) CPU [0%@1728,0%@1728,0%@1728,0%@1728,0%@1728,0%@1728] GR3D_FREQ 99% cpu@71.531C soc2@70.437C soc0@70.875C gpu@73.531C tj@73.531C soc1@71.531C VDD_IN 19272mW/19421mW VDD_CPU_GPU_CV 8293mW/8346mW VDD_SOC 4870mW/4908mW
08-05-2026 04:38:46 RAM 5288/7620MB (lfb 19x4MB) SWAP 3112/12002MB (cached 55MB) CPU [0%@1728,9%@1728,9%@1728,0%@1728,18%@1728,0%@1728] GR3D_FREQ 99% cpu@71.656C soc2@70.468C soc0@71C gpu@73.687C tj@73.687C soc1@71.531C VDD_IN 19474mW/19421mW VDD_CPU_GPU_CV 8373mW/8346mW VDD_SOC 4911mW/4908mW
08-05-2026 04:38:46 RAM 5288/7620MB (lfb 19x4MB) SWAP 3112/12002MB (cached 55MB) CPU [0%@1728,0%@1728,0%@1728,0%@1728,0%@1728,0%@1728] GR3D_FREQ 99% cpu@71.687C soc2@70.625C soc0@70.843C gpu@73.656C tj@73.656C soc1@71.343C VDD_IN 19555mW/19421mW VDD_CPU_GPU_CV 8413mW/8347mW VDD_SOC 4951mW/4908mW
08-05-2026 04:38:46 RAM 5288/7620MB (lfb 19x4MB) SWAP 3112/12002MB (cached 55MB) CPU [9%@1728,0%@1728,9%@1728,0%@1728,18%@1728,0%@1728] GR3D_FREQ 99% cpu@71.656C soc2@70.406C soc0@70.843C gpu@73.75C tj@73.75C soc1@71.343C VDD_IN 19514mW/19421mW VDD_CPU_GPU_CV 8413mW/8347mW VDD_SOC 4951mW/4908mW
08-05-2026 04:38:46 RAM 5288/7620MB (lfb 19x4MB) SWAP 3112/12002MB (cached 55MB) CPU [0%@1728,0%@1728,0%@1728,0%@1728,0%@1728,0%@1728] GR3D_FREQ 99% cpu@71.531C soc2@70.437C soc0@70.843C gpu@73.531C tj@73.531C soc1@71.375C VDD_IN 19393mW/19421mW VDD_CPU_GPU_CV 8333mW/8347mW VDD_SOC 4911mW/4908mW
08-05-2026 04:38:46 RAM 5288/7620MB (lfb 19x4MB) SWAP 3112/12002MB (cached 55MB) CPU [0%@1728,0%@1728,0%@1728,0%@1728,0%@1728,0%@1728] GR3D_FREQ 99% cpu@71.5C soc2@70.437C soc0@71.031C gpu@73.75C tj@73.75C soc1@71.531C VDD_IN 19313mW/19421mW VDD_CPU_GPU_CV 8333mW/8347mW VDD_SOC 4870mW/4908mW
08-05-2026 04:38:46 RAM 5288/7620MB (lfb 19x4MB) SWAP 3112/12002MB (cached 55MB) CPU [0%@1728,0%@1728,0%@1728,0%@1728,0%@1728,0%@1728] GR3D_FREQ 99% cpu@71.5C soc2@70.5C soc0@71.062C gpu@73.593C tj@73.5C soc1@71.343C VDD_IN 19272mW/19421mW VDD_CPU_GPU_CV 8293mW/8347mW VDD_SOC 4870mW/4908mW
08-05-2026 04:38:46 RAM 5288/7620MB (lfb 19x4MB) SWAP 3112/12002MB (cached 55MB) CPU [0%@1728,0%@1728,0%@1728,0%@1728,0%@1728,0%@1728] GR3D_FREQ 99% cpu@71.531C soc2@70.437C soc0@70.843C gpu@73.656C tj@73.656C soc1@71.375C VDD_IN 19474mW/19421mW VDD_CPU_GPU_CV 8373mW/8347mW VDD_SOC 4911mW/4908mW
08-05-2026 04:38:47 RAM 5288/7620MB (lfb 19x4MB) SWAP 3112/12002MB (cached 55MB) CPU [9%@1728,9%@1728,0%@1728,0%@1728,0%@1728,0%@1728] GR3D_FREQ 99% cpu@71.531C soc2@70.468C soc0@70.875C gpu@73.656C tj@73.656C soc1@71.343C VDD_IN 19604mW/19421mW VDD_CPU_GPU_CV 8453mW/8347mW VDD_SOC 4943mW/4908mW
08-05-2026 04:38:47 RAM 5288/7620MB (lfb 19x4MB) SWAP 3112/12002MB (cached 55MB) CPU [0%@1728,0%@1728,0%@1728,0%@1728,0%@1728,0%@1728] GR3D_FREQ 99% cpu@71.562C soc2@70.437C soc0@70.906C gpu@73.968C tj@73.968C soc1@71.468C VDD_IN 19635mW/19421mW VDD_CPU_GPU_CV 8453mW/8347mW VDD_SOC 4943mW/4908mW
08-05-2026 04:38:47 RAM 5291/7620MB (lfb 19x4MB) SWAP 3111/12002MB (cached 55MB) CPU [0%@1728,9%@1728,0%@1728,27%@1728,10%@1728,10%@1728] GR3D_FREQ 99% cpu@71.718C soc2@70.531C soc0@71C gpu@73.468C tj@73.468C soc1@71.562C VDD_IN 19555mW/19421mW VDD_CPU_GPU_CV 8413mW/8347mW VDD_SOC 4951mW/4908mW
08-05-2026 04:38:47 RAM 5291/7620MB (lfb 19x4MB) SWAP 3111/12002MB (cached 55MB) CPU [9%@1728,0%@1728,0%@1728,0%@1728,0%@1728,80%@1728] GR3D_FREQ 99% cpu@71.718C soc2@70.531C soc0@70.843C gpu@73.562C tj@73.562C soc1@71.406C VDD_IN 19514mW/19421mW VDD_CPU_GPU_CV 8453mW/8347mW VDD_SOC 4870mW/4908mW
08-05-2026 04:38:47 RAM 5291/7620MB (lfb 19x4MB) SWAP 3111/12002MB (cached 55MB) CPU [0%@1728,0%@1728,8%@1728,0%@1728,0%@1728,8%@1728] GR3D_FREQ 99% cpu@71.5C soc2@70.406C soc0@70.843C gpu@73.531C tj@73.531C soc1@71.437C VDD_IN 19393mW/19421mW VDD_CPU_GPU_CV 8373mW/8347mW VDD_SOC 4870mW/4908mW
08-05-2026 04:38:47 RAM 5291/7620MB (lfb 19x4MB) SWAP 3111/12002MB (cached 55MB) CPU [0%@1728,0%@1728,0%@1728,0%@1728,0%@1728,0%@1728] GR3D_FREQ 99% cpu@71.656C soc2@70.5C soc0@70.906C gpu@73.656C tj@73.656C soc1@71.406C VDD_IN 19555mW/19422mW VDD_CPU_GPU_CV 8453mW/8347mW VDD_SOC 4911mW/4908mW
08-05-2026 04:38:47 RAM 5291/7620MB (lfb 19x4MB) SWAP 3111/12002MB (cached 55MB) CPU [0%@1728,0%@1728,0%@1728,0%@1728,0%@1728,0%@1728] GR3D_FREQ 99% cpu@71.562C soc2@70.562C soc0@71C gpu@73.593C tj@73.593C soc1@71.562C VDD_IN 19635mW/19422mW VDD_CPU_GPU_CV 8453mW/8347mW VDD_SOC 4943mW/4908mW
08-05-2026 04:38:47 RAM 5291/7620MB (lfb 19x4MB) SWAP 3111/12002MB (cached 55MB) CPU [8%@1728,0%@1728,0%@1728,0%@1728,0%@1728,0%@1728] GR3D_FREQ 99% cpu@71.656C soc2@70.625C soc0@71.156C gpu@74C tj@74C soc1@71.437C VDD_IN 19635mW/19422mW VDD_CPU_GPU_CV 8493mW/8347mW VDD_SOC 4943mW/4908mW
08-05-2026 04:38:47 RAM 5291/7620MB (lfb 19x4MB) SWAP 3111/12002MB (cached 55MB) CPU [0%@1728,0%@1728,9%@1728,0%@1728,0%@1728,0%@1728] GR3D_FREQ 99% cpu@71.75C soc2@70.437C soc0@70.906C gpu@73.656C tj@73.656C soc1@71.437C VDD_IN 19514mW/19422mW VDD_CPU_GPU_CV 8373mW/8347mW VDD_SOC 4951mW/4908mW
08-05-2026 04:38:47 RAM 5291/7620MB (lfb 19x4MB) SWAP 3111/12002MB (cached 55MB) CPU [0%@1728,0%@1728,0%@1728,0%@1728,10%@1728,0%@1728] GR3D_FREQ 99% cpu@71.562C soc2@70.468C soc0@70.906C gpu@74C tj@73.75C soc1@71.468C VDD_IN 19393mW/19422mW VDD_CPU_GPU_CV 8333mW/8347mW VDD_SOC 4870mW/4908mW
08-05-2026 04:38:48 RAM 5291/7620MB (lfb 19x4MB) SWAP 3111/12002MB (cached 55MB) CPU [0%@1728,0%@1728,0%@1728,0%@1728,0%@1728,0%@1728] GR3D_FREQ 99% cpu@71.593C soc2@70.468C soc0@70.906C gpu@73.625C tj@73.625C soc1@71.531C VDD_IN 19353mW/19422mW VDD_CPU_GPU_CV 8333mW/8347mW VDD_SOC 4870mW/4908mW
08-05-2026 04:38:48 RAM 5291/7620MB (lfb 19x4MB) SWAP 3111/12002MB (cached 55MB) CPU [0%@1728,0%@1728,0%@1728,0%@1728,0%@1728,0%@1728] GR3D_FREQ 99% cpu@71.75C soc2@70.468C soc0@71.125C gpu@73.687C tj@73.687C soc1@71.625C VDD_IN 19474mW/19422mW VDD_CPU_GPU_CV 8373mW/8347mW VDD_SOC 4911mW/4908mW
08-05-2026 04:38:48 RAM 5291/7620MB (lfb 19x4MB) SWAP 3111/12002MB (cached 55MB) CPU [0%@1728,0%@1728,0%@1728,0%@1728,0%@1728,10%@1728] GR3D_FREQ 99% cpu@71.656C soc2@70.531C soc0@70.875C gpu@73.843C tj@73.843C soc1@71.468C VDD_IN 19555mW/19422mW VDD_CPU_GPU_CV 8373mW/8348mW VDD_SOC 4951mW/4908mW
08-05-2026 04:38:48 RAM 5291/7620MB (lfb 19x4MB) SWAP 3111/12002MB (cached 55MB) CPU [0%@1728,0%@1728,0%@1728,0%@1728,0%@1728,9%@1728] GR3D_FREQ 99% cpu@71.625C soc2@70.437C soc0@70.906C gpu@73.937C tj@73.937C soc1@71.468C VDD_IN 19555mW/19422mW VDD_CPU_GPU_CV 8413mW/8348mW VDD_SOC 4951mW/4908mW
08-05-2026 04:38:48 RAM 5291/7620MB (lfb 19x4MB) SWAP 3111/12002MB (cached 55MB) CPU [0%@1728,9%@1728,0%@1728,0%@1728,0%@1728,9%@1728] GR3D_FREQ 99% cpu@71.625C soc2@70.562C soc0@71.031C gpu@73.625C tj@73.625C soc1@71.531C VDD_IN 19393mW/19422mW VDD_CPU_GPU_CV 8293mW/8348mW VDD_SOC 4911mW/4908mW
08-05-2026 04:38:48 RAM 5291/7620MB (lfb 19x4MB) SWAP 3111/12002MB (cached 55MB) CPU [0%@1728,0%@1728,0%@1728,9%@1728,0%@1728,0%@1728] GR3D_FREQ 99% cpu@71.718C soc2@70.562C soc0@71.125C gpu@73.843C tj@73.843C soc1@71.562C VDD_IN 19272mW/19422mW VDD_CPU_GPU_CV 8293mW/8347mW VDD_SOC 4870mW/4908mW
08-05-2026 04:38:48 RAM 5291/7620MB (lfb 19x4MB) SWAP 3111/12002MB (cached 55MB) CPU [0%@1728,0%@1728,0%@1728,0%@1728,18%@1728,0%@1728] GR3D_FREQ 99% cpu@71.593C soc2@70.593C soc0@71.218C gpu@73.687C tj@73.687C soc1@71.625C VDD_IN 19272mW/19422mW VDD_CPU_GPU_CV 8293mW/8347mW VDD_SOC 4870mW/4908mW
08-05-2026 04:38:48 RAM 5291/7620MB (lfb 19x4MB) SWAP 3111/12002MB (cached 55MB) CPU [0%@1728,0%@1728,0%@1728,0%@1728,0%@1728,0%@1728] GR3D_FREQ 99% cpu@71.781C soc2@70.5C soc0@70.937C gpu@74.093C tj@74.093C soc1@71.437C VDD_IN 19434mW/19422mW VDD_CPU_GPU_CV 8373mW/8347mW VDD_SOC 4911mW/4908mW
08-05-2026 04:38:48 RAM 5291/7620MB (lfb 19x4MB) SWAP 3111/12002MB (cached 55MB) CPU [0%@1728,0%@1728,0%@1728,0%@1728,0%@1728,0%@1728] GR3D_FREQ 99% cpu@71.687C soc2@70.5C soc0@70.875C gpu@73.906C tj@73.906C soc1@71.531C VDD_IN 19604mW/19422mW VDD_CPU_GPU_CV 8453mW/8348mW VDD_SOC 4951mW/4908mW
08-05-2026 04:38:49 RAM 5291/7620MB (lfb 19x4MB) SWAP 3111/12002MB (cached 55MB) CPU [0%@1728,9%@1728,0%@1728,0%@1728,0%@1728,0%@1728] GR3D_FREQ 99% cpu@71.687C soc2@70.625C soc0@71.062C gpu@73.906C tj@73.906C soc1@71.5C VDD_IN 19604mW/19422mW VDD_CPU_GPU_CV 8453mW/8348mW VDD_SOC 4951mW/4908mW
08-05-2026 04:38:49 RAM 5291/7620MB (lfb 19x4MB) SWAP 3111/12002MB (cached 55MB) CPU [0%@1728,0%@1728,0%@1728,0%@1728,0%@1728,0%@1728] GR3D_FREQ 99% cpu@71.812C soc2@70.687C soc0@71.187C gpu@74.062C tj@74.062C soc1@71.687C VDD_IN 19555mW/19423mW VDD_CPU_GPU_CV 8413mW/8348mW VDD_SOC 4951mW/4908mW
08-05-2026 04:38:49 RAM 5291/7620MB (lfb 19x4MB) SWAP 3111/12002MB (cached 55MB) CPU [0%@1728,0%@1728,0%@1728,0%@1728,0%@1728,0%@1728] GR3D_FREQ 99% cpu@71.75C soc2@70.656C soc0@71C gpu@73.625C tj@73.625C soc1@71.531C VDD_IN 19393mW/19423mW VDD_CPU_GPU_CV 8333mW/8348mW VDD_SOC 4911mW/4908mW
08-05-2026 04:38:49 RAM 5291/7620MB (lfb 19x4MB) SWAP 3111/12002MB (cached 55MB) CPU [9%@1728,0%@1728,9%@1728,0%@1728,0%@1728,10%@1728] GR3D_FREQ 99% cpu@71.812C soc2@70.531C soc0@71C gpu@73.781C tj@73.781C soc1@71.531C VDD_IN 19272mW/19422mW VDD_CPU_GPU_CV 8253mW/8348mW VDD_SOC 4870mW/4908mW
08-05-2026 04:38:49 RAM 5291/7620MB (lfb 19x4MB) SWAP 3111/12002MB (cached 55MB) CPU [0%@1728,0%@1728,0%@1728,0%@1728,10%@1728,0%@1728] GR3D_FREQ 97% cpu@71.718C soc2@70.593C soc0@71.031C gpu@73.906C tj@73.906C soc1@71.593C VDD_IN 19393mW/19422mW VDD_CPU_GPU_CV 8333mW/8348mW VDD_SOC 4911mW/4908mW
08-05-2026 04:38:49 RAM 5291/7620MB (lfb 19x4MB) SWAP 3111/12002MB (cached 55MB) CPU [0%@1728,9%@1728,0%@1728,0%@1728,0%@1728,0%@1728] GR3D_FREQ 99% cpu@71.781C soc2@70.718C soc0@71.062C gpu@73.781C tj@73.781C soc1@71.656C VDD_IN 19595mW/19423mW VDD_CPU_GPU_CV 8413mW/8348mW VDD_SOC 4951mW/4908mW
08-05-2026 04:38:49 RAM 5291/7620MB (lfb 19x4MB) SWAP 3111/12002MB (cached 55MB) CPU [0%@1728,0%@1728,0%@1728,0%@1728,0%@1728,0%@1728] GR3D_FREQ 99% cpu@71.812C soc2@70.781C soc0@71.218C gpu@74.312C tj@74.312C soc1@71.812C VDD_IN 19595mW/19423mW VDD_CPU_GPU_CV 8413mW/8348mW VDD_SOC 4951mW/4908mW
08-05-2026 04:38:49 RAM 5291/7620MB (lfb 19x4MB) SWAP 3111/12002MB (cached 55MB) CPU [0%@1728,0%@1728,0%@1728,0%@1728,0%@1728,0%@1728] GR3D_FREQ 99% cpu@71.875C soc2@70.656C soc0@71C gpu@74.093C tj@74.093C soc1@71.531C VDD_IN 19514mW/19423mW VDD_CPU_GPU_CV 8373mW/8348mW VDD_SOC 4951mW/4908mW
08-05-2026 04:38:49 RAM 5291/7620MB (lfb 19x4MB) SWAP 3111/12002MB (cached 55MB) CPU [0%@1728,0%@1728,0%@1728,0%@1728,0%@1728,0%@1728] GR3D_FREQ 99% cpu@71.968C soc2@70.531C soc0@71C gpu@73.656C tj@73.656C soc1@71.656C VDD_IN 19353mW/19423mW VDD_CPU_GPU_CV 8293mW/8348mW VDD_SOC 4911mW/4908mW
08-05-2026 04:38:49 RAM 5291/7620MB (lfb 19x4MB) SWAP 3111/12002MB (cached 55MB) CPU [8%@1728,9%@1728,0%@1728,0%@1728,0%@1728,0%@1728] GR3D_FREQ 99% cpu@71.812C soc2@70.656C soc0@71.156C gpu@74.25C tj@74.25C soc1@71.656C VDD_IN 19353mW/19423mW VDD_CPU_GPU_CV 8333mW/8348mW VDD_SOC 4911mW/4908mW
08-05-2026 04:38:50 RAM 5291/7620MB (lfb 19x4MB) SWAP 3111/12002MB (cached 55MB) CPU [0%@1728,0%@1728,9%@1728,0%@1728,9%@1728,0%@1728] GR3D_FREQ 99% cpu@71.812C soc2@70.656C soc0@71.125C gpu@73.875C tj@73.875C soc1@71.781C VDD_IN 19313mW/19423mW VDD_CPU_GPU_CV 8293mW/8348mW VDD_SOC 4870mW/4908mW
08-05-2026 04:38:50 RAM 5291/7620MB (lfb 19x4MB) SWAP 3111/12002MB (cached 55MB) CPU [0%@1728,0%@1728,9%@1728,0%@1728,9%@1728,0%@1728] GR3D_FREQ 99% cpu@71.812C soc2@70.75C soc0@71.031C gpu@74C tj@74C soc1@71.531C VDD_IN 19635mW/19423mW VDD_CPU_GPU_CV 8413mW/8348mW VDD_SOC 4951mW/4908mW
08-05-2026 04:38:50 RAM 5291/7620MB (lfb 19x4MB) SWAP 3111/12002MB (cached 55MB) CPU [9%@1728,9%@1728,0%@1728,9%@1728,0%@1728,25%@1728] GR3D_FREQ 99% cpu@71.906C soc2@70.593C soc0@71.062C gpu@74.187C tj@74.187C soc1@71.625C VDD_IN 19595mW/19423mW VDD_CPU_GPU_CV 8413mW/8348mW VDD_SOC 4951mW/4908mW
08-05-2026 04:38:50 RAM 5291/7620MB (lfb 19x4MB) SWAP 3111/12002MB (cached 55MB) CPU [0%@1728,0%@1728,0%@1728,0%@1728,0%@1728,0%@1728] GR3D_FREQ 99% cpu@71.812C soc2@70.75C soc0@71.156C gpu@74.093C tj@74.093C soc1@71.625C VDD_IN 19514mW/19423mW VDD_CPU_GPU_CV 8373mW/8348mW VDD_SOC 4911mW/4908mW
08-05-2026 04:38:50 RAM 5293/7620MB (lfb 19x4MB) SWAP 3111/12002MB (cached 55MB) CPU [0%@1728,0%@1728,9%@1728,27%@1728,9%@1728,0%@1728] GR3D_FREQ 99% cpu@72C soc2@70.687C soc0@71.25C gpu@73.656C tj@73.656C soc1@71.687C VDD_IN 19393mW/19423mW VDD_CPU_GPU_CV 8373mW/8348mW VDD_SOC 4911mW/4908mW
08-05-2026 04:38:50 RAM 5293/7620MB (lfb 19x4MB) SWAP 3111/12002MB (cached 55MB) CPU [0%@1728,9%@1728,0%@1728,0%@1728,0%@1728,0%@1728] GR3D_FREQ 99% cpu@71.968C soc2@70.75C soc0@71.437C gpu@74.187C tj@74.187C soc1@71.906C VDD_IN 19393mW/19423mW VDD_CPU_GPU_CV 8373mW/8348mW VDD_SOC 4870mW/4908mW
08-05-2026 04:38:50 RAM 5293/7620MB (lfb 19x4MB) SWAP 3111/12002MB (cached 55MB) CPU [0%@1728,0%@1728,0%@1728,0%@1728,0%@1728,0%@1728] GR3D_FREQ 99% cpu@71.937C soc2@70.625C soc0@71.125C gpu@73.812C tj@73.812C soc1@71.531C VDD_IN 19353mW/19423mW VDD_CPU_GPU_CV 8333mW/8348mW VDD_SOC 4870mW/4908mW
08-05-2026 04:38:50 RAM 5293/7620MB (lfb 19x4MB) SWAP 3111/12002MB (cached 55MB) CPU [0%@1728,0%@1728,0%@1728,0%@1728,0%@1728,0%@1728] GR3D_FREQ 99% cpu@72.281C soc2@70.781C soc0@71.156C gpu@74.437C tj@74.437C soc1@71.687C VDD_IN 19555mW/19423mW VDD_CPU_GPU_CV 8453mW/8348mW VDD_SOC 4951mW/4908mW
08-05-2026 04:38:50 RAM 5293/7620MB (lfb 19x4MB) SWAP 3111/12002MB (cached 55MB) CPU [0%@1728,0%@1728,0%@1728,0%@1728,0%@1728,0%@1728] GR3D_FREQ 99% cpu@71.968C soc2@70.687C soc0@71.25C gpu@74.25C tj@74.25C soc1@71.687C VDD_IN 19604mW/19423mW VDD_CPU_GPU_CV 8453mW/8348mW VDD_SOC 4951mW/4908mW
08-05-2026 04:38:51 RAM 5293/7620MB (lfb 19x4MB) SWAP 3111/12002MB (cached 55MB) CPU [0%@1728,9%@1728,9%@1728,0%@1728,0%@1728,18%@1728] GR3D_FREQ 99% cpu@71.937C soc2@70.843C soc0@71.218C gpu@74.281C tj@74.281C soc1@71.875C VDD_IN 19604mW/19423mW VDD_CPU_GPU_CV 8493mW/8348mW VDD_SOC 4943mW/4908mW
08-05-2026 04:38:51 RAM 5293/7620MB (lfb 19x4MB) SWAP 3111/12002MB (cached 55MB) CPU [0%@1728,0%@1728,0%@1728,0%@1728,0%@1728,0%@1728] GR3D_FREQ 99% cpu@72.031C soc2@70.843C soc0@71.062C gpu@74.125C tj@74.125C soc1@71.593C VDD_IN 19474mW/19424mW VDD_CPU_GPU_CV 8373mW/8348mW VDD_SOC 4951mW/4908mW
08-05-2026 04:38:51 RAM 5293/7620MB (lfb 19x4MB) SWAP 3111/12002MB (cached 55MB) CPU [0%@1728,0%@1728,0%@1728,0%@1728,0%@1728,0%@1728] GR3D_FREQ 99% cpu@71.968C soc2@70.718C soc0@71.156C gpu@74.281C tj@74.281C soc1@71.625C VDD_IN 19393mW/19424mW VDD_CPU_GPU_CV 8373mW/8348mW VDD_SOC 4911mW/4908mW
08-05-2026 04:38:51 RAM 5293/7620MB (lfb 19x4MB) SWAP 3111/12002MB (cached 55MB) CPU [0%@1728,0%@1728,16%@1728,9%@1728,0%@1728,10%@1728] GR3D_FREQ 99% cpu@72.187C soc2@70.687C soc0@71.187C gpu@73.593C tj@73.593C soc1@71.687C VDD_IN 19232mW/19423mW VDD_CPU_GPU_CV 8293mW/8348mW VDD_SOC 4870mW/4908mW
08-05-2026 04:38:51 RAM 5293/7620MB (lfb 19x4MB) SWAP 3111/12002MB (cached 55MB) CPU [0%@1728,0%@1728,0%@1728,0%@1728,0%@1728,0%@1728] GR3D_FREQ 99% cpu@71.875C soc2@70.812C soc0@71.25C gpu@74.343C tj@74.343C soc1@71.75C VDD_IN 19474mW/19423mW VDD_CPU_GPU_CV 8373mW/8348mW VDD_SOC 4911mW/4908mW
08-05-2026 04:38:51 RAM 5293/7620MB (lfb 19x4MB) SWAP 3111/12002MB (cached 55MB) CPU [0%@1728,0%@1728,0%@1728,0%@1728,0%@1728,9%@1728] GR3D_FREQ 99% cpu@71.968C soc2@70.843C soc0@71.312C gpu@74.25C tj@74.25C soc1@71.593C VDD_IN 19555mW/19423mW VDD_CPU_GPU_CV 8413mW/8348mW VDD_SOC 4951mW/4908mW
08-05-2026 04:38:51 RAM 5293/7620MB (lfb 19x4MB) SWAP 3111/12002MB (cached 55MB) CPU [0%@1728,0%@1728,0%@1728,0%@1728,0%@1728,0%@1728] GR3D_FREQ 99% cpu@72.031C soc2@70.812C soc0@71.093C gpu@74.093C tj@74.093C soc1@71.593C VDD_IN 19555mW/19424mW VDD_CPU_GPU_CV 8453mW/8348mW VDD_SOC 4951mW/4908mW
08-05-2026 04:38:51 RAM 5293/7620MB (lfb 19x4MB) SWAP 3111/12002MB (cached 55MB) CPU [0%@1728,0%@1728,0%@1728,0%@1728,10%@1728,0%@1728] GR3D_FREQ 99% cpu@72.125C soc2@70.718C soc0@71.093C gpu@74.062C tj@74.062C soc1@71.625C VDD_IN 19393mW/19424mW VDD_CPU_GPU_CV 8333mW/8348mW VDD_SOC 4911mW/4908mW
08-05-2026 04:38:51 RAM 5293/7620MB (lfb 19x4MB) SWAP 3111/12002MB (cached 55MB) CPU [0%@1728,0%@1728,0%@1728,0%@1728,0%@1728,0%@1728] GR3D_FREQ 99% cpu@71.812C soc2@70.781C soc0@71.281C gpu@74.281C tj@74.281C soc1@71.75C VDD_IN 19313mW/19423mW VDD_CPU_GPU_CV 8333mW/8348mW VDD_SOC 4870mW/4908mW
08-05-2026 04:38:51 RAM 5293/7620MB (lfb 19x4MB) SWAP 3111/12002MB (cached 55MB) CPU [0%@1728,0%@1728,0%@1728,0%@1728,0%@1728,0%@1728] GR3D_FREQ 99% cpu@72C soc2@70.812C soc0@71.25C gpu@73.75C tj@73.75C soc1@71.843C VDD_IN 19313mW/19423mW VDD_CPU_GPU_CV 8293mW/8348mW VDD_SOC 4870mW/4908mW
08-05-2026 04:38:52 RAM 5293/7620MB (lfb 19x4MB) SWAP 3111/12002MB (cached 55MB) CPU [0%@1728,0%@1728,0%@1728,0%@1728,0%@1728,0%@1728] GR3D_FREQ 99% cpu@72.062C soc2@70.875C soc0@71.375C gpu@74.281C tj@74.281C soc1@71.625C VDD_IN 19474mW/19423mW VDD_CPU_GPU_CV 8373mW/8348mW VDD_SOC 4911mW/4908mW
08-05-2026 04:38:52 RAM 5293/7620MB (lfb 19x4MB) SWAP 3111/12002MB (cached 55MB) CPU [0%@1728,8%@1728,0%@1728,0%@1728,0%@1728,0%@1728] GR3D_FREQ 99% cpu@72.156C soc2@70.75C soc0@71.125C gpu@74C tj@74.156C soc1@71.687C VDD_IN 19644mW/19424mW VDD_CPU_GPU_CV 8453mW/8348mW VDD_SOC 4983mW/4908mW
08-05-2026 04:38:52 RAM 5293/7620MB (lfb 19x4MB) SWAP 3111/12002MB (cached 55MB) CPU [0%@1728,0%@1728,9%@1728,9%@1728,0%@1728,10%@1728] GR3D_FREQ 99% cpu@71.843C soc2@70.718C soc0@71.25C gpu@74C tj@74C soc1@71.75C VDD_IN 19595mW/19424mW VDD_CPU_GPU_CV 8413mW/8349mW VDD_SOC 4951mW/4908mW
08-05-2026 04:38:52 RAM 5293/7620MB (lfb 19x4MB) SWAP 3111/12002MB (cached 55MB) CPU [0%@1728,0%@1728,0%@1728,0%@1728,0%@1728,0%@1728] GR3D_FREQ 99% cpu@72C soc2@70.812C soc0@71.312C gpu@74.031C tj@74.031C soc1@71.812C VDD_IN 19434mW/19424mW VDD_CPU_GPU_CV 8293mW/8349mW VDD_SOC 4911mW/4908mW
08-05-2026 04:38:52 RAM 5293/7620MB (lfb 19x4MB) SWAP 3111/12002MB (cached 55MB) CPU [0%@1728,0%@1728,0%@1728,0%@1728,10%@1728,0%@1728] GR3D_FREQ 99% cpu@72C soc2@70.781C soc0@71.343C gpu@73.906C tj@73.906C soc1@71.593C VDD_IN 19272mW/19424mW VDD_CPU_GPU_CV 8293mW/8348mW VDD_SOC 4870mW/4908mW
08-05-2026 04:38:52 RAM 5293/7620MB (lfb 19x4MB) SWAP 3111/12002MB (cached 55MB) CPU [0%@1728,0%@1728,0%@1728,0%@1728,0%@1728,0%@1728] GR3D_FREQ 99% cpu@72.031C soc2@70.687C soc0@71.125C gpu@74.25C tj@74.25C soc1@71.625C VDD_IN 19232mW/19423mW VDD_CPU_GPU_CV 8253mW/8348mW VDD_SOC 4870mW/4908mW
08-05-2026 04:38:52 RAM 5293/7620MB (lfb 19x4MB) SWAP 3111/12002MB (cached 55MB) CPU [0%@1728,0%@1728,0%@1728,0%@1728,0%@1728,0%@1728] GR3D_FREQ 99% cpu@72.281C soc2@70.812C soc0@71.218C gpu@74.125C tj@74.125C soc1@71.687C VDD_IN 19474mW/19424mW VDD_CPU_GPU_CV 8373mW/8348mW VDD_SOC 4911mW/4908mW
08-05-2026 04:38:52 RAM 5293/7620MB (lfb 19x4MB) SWAP 3111/12002MB (cached 55MB) CPU [0%@1728,0%@1728,0%@1728,0%@1728,0%@1728,0%@1728] GR3D_FREQ 99% cpu@71.812C soc2@70.843C soc0@71.343C gpu@73.875C tj@73.875C soc1@71.812C VDD_IN 19595mW/19424mW VDD_CPU_GPU_CV 8413mW/8348mW VDD_SOC 4943mW/4908mW
08-05-2026 04:38:52 RAM 5293/7620MB (lfb 19x4MB) SWAP 3111/12002MB (cached 55MB) CPU [8%@1728,0%@1728,0%@1728,0%@1728,0%@1728,0%@1728] GR3D_FREQ 99% cpu@72.031C soc2@70.843C soc0@71.343C gpu@74.437C tj@74.437C soc1@71.781C VDD_IN 19635mW/19424mW VDD_CPU_GPU_CV 8413mW/8349mW VDD_SOC 4943mW/4908mW
08-05-2026 04:38:53 RAM 5293/7620MB (lfb 19x4MB) SWAP 3111/12002MB (cached 55MB) CPU [9%@1728,0%@1728,0%@1728,0%@1728,9%@1728,0%@1728] GR3D_FREQ 99% cpu@72.156C soc2@70.843C soc0@71.375C gpu@73.906C tj@74.343C soc1@71.656C VDD_IN 19555mW/19424mW VDD_CPU_GPU_CV 8413mW/8349mW VDD_SOC 4951mW/4908mW
08-05-2026 04:38:53 RAM 5293/7620MB (lfb 19x4MB) SWAP 3111/12002MB (cached 55MB) CPU [0%@1728,0%@1728,0%@1728,0%@1728,0%@1728,0%@1728] GR3D_FREQ 99% cpu@72.156C soc2@70.718C soc0@71.218C gpu@73.75C tj@73.75C soc1@71.656C VDD_IN 19393mW/19424mW VDD_CPU_GPU_CV 8333mW/8349mW VDD_SOC 4911mW/4908mW
08-05-2026 04:38:53 RAM 5293/7620MB (lfb 19x4MB) SWAP 3111/12002MB (cached 55MB) CPU [9%@1728,0%@1728,0%@1728,0%@1728,0%@1728,18%@1728] GR3D_FREQ 99% cpu@71.812C soc2@70.718C soc0@71.187C gpu@74.281C tj@74.281C soc1@71.656C VDD_IN 19353mW/19424mW VDD_CPU_GPU_CV 8293mW/8349mW VDD_SOC 4870mW/4908mW
08-05-2026 04:38:53 RAM 5294/7620MB (lfb 19x4MB) SWAP 3111/12002MB (cached 55MB) CPU [8%@1728,0%@1728,9%@1728,0%@1728,0%@1728,0%@1728] GR3D_FREQ 99% cpu@71.875C soc2@70.843C soc0@71.281C gpu@73.937C tj@73.937C soc1@71.843C VDD_IN 19434mW/19424mW VDD_CPU_GPU_CV 8333mW/8348mW VDD_SOC 4911mW/4908mW
08-05-2026 04:38:53 RAM 5294/7620MB (lfb 19x4MB) SWAP 3111/12002MB (cached 55MB) CPU [0%@1728,0%@1728,0%@1728,0%@1728,0%@1728,0%@1728] GR3D_FREQ 99% cpu@72C soc2@70.843C soc0@71.375C gpu@73.875C tj@73.875C soc1@71.937C VDD_IN 19595mW/19424mW VDD_CPU_GPU_CV 8413mW/8349mW VDD_SOC 4943mW/4908mW
08-05-2026 04:38:53 RAM 5294/7620MB (lfb 19x4MB) SWAP 3111/12002MB (cached 55MB) CPU [0%@1728,0%@1728,0%@1728,0%@1728,0%@1728,0%@1728] GR3D_FREQ 99% cpu@72.093C soc2@70.718C soc0@71.25C gpu@74.437C tj@74.437C soc1@71.656C VDD_IN 19595mW/19424mW VDD_CPU_GPU_CV 8413mW/8349mW VDD_SOC 4943mW/4908mW
08-05-2026 04:38:53 RAM 5294/7620MB (lfb 19x4MB) SWAP 3111/12002MB (cached 55MB) CPU [0%@1728,0%@1728,9%@1728,0%@1728,0%@1728,0%@1728] GR3D_FREQ 99% cpu@72.25C soc2@70.875C soc0@71.156C gpu@73.906C tj@73.906C soc1@71.75C VDD_IN 19474mW/19424mW VDD_CPU_GPU_CV 8373mW/8349mW VDD_SOC 4951mW/4908mW
08-05-2026 04:38:53 RAM 5294/7620MB (lfb 19x4MB) SWAP 3111/12002MB (cached 55MB) CPU [0%@1728,0%@1728,0%@1728,27%@1728,0%@1728,0%@1728] GR3D_FREQ 99% cpu@72.031C soc2@70.843C soc0@71.218C gpu@73.656C tj@73.656C soc1@71.812C VDD_IN 19434mW/19424mW VDD_CPU_GPU_CV 8373mW/8349mW VDD_SOC 4911mW/4908mW
08-05-2026 04:38:53 RAM 5294/7620MB (lfb 19x4MB) SWAP 3111/12002MB (cached 55MB) CPU [0%@1728,0%@1728,0%@1728,8%@1728,0%@1728,0%@1728] GR3D_FREQ 99% cpu@72.031C soc2@70.843C soc0@71.343C gpu@74.312C tj@74.312C soc1@71.843C VDD_IN 19393mW/19424mW VDD_CPU_GPU_CV 8333mW/8349mW VDD_SOC 4911mW/4908mW
08-05-2026 04:38:53 RAM 5294/7620MB (lfb 19x4MB) SWAP 3111/12002MB (cached 55MB) CPU [0%@1728,0%@1728,0%@1728,0%@1728,10%@1728,0%@1728] GR3D_FREQ 99% cpu@72.093C soc2@70.843C soc0@71.343C gpu@73.812C tj@73.812C soc1@71.625C VDD_IN 19514mW/19424mW VDD_CPU_GPU_CV 8373mW/8349mW VDD_SOC 4911mW/4908mW
08-05-2026 04:38:54 RAM 5294/7620MB (lfb 19x4MB) SWAP 3111/12002MB (cached 55MB) CPU [0%@1728,0%@1728,0%@1728,9%@1728,0%@1728,0%@1728] GR3D_FREQ 99% cpu@72.25C soc2@70.812C soc0@71.093C gpu@74C tj@74C soc1@71.656C VDD_IN 19725mW/19425mW VDD_CPU_GPU_CV 8493mW/8349mW VDD_SOC 4943mW/4908mW
08-05-2026 04:38:54 RAM 5294/7620MB (lfb 19x4MB) SWAP 3111/12002MB (cached 55MB) CPU [0%@1728,9%@1728,0%@1728,0%@1728,0%@1728,0%@1728] GR3D_FREQ 99% cpu@71.843C soc2@70.812C soc0@71.218C gpu@74.343C tj@74.343C soc1@71.656C VDD_IN 19685mW/19425mW VDD_CPU_GPU_CV 8453mW/8349mW VDD_SOC 4983mW/4908mW
08-05-2026 04:38:54 RAM 5294/7620MB (lfb 19x4MB) SWAP 3111/12002MB (cached 55MB) CPU [0%@1728,0%@1728,0%@1728,0%@1728,0%@1728,9%@1728] GR3D_FREQ 99% cpu@72C soc2@70.843C soc0@71.187C gpu@73.937C tj@73.937C soc1@71.781C VDD_IN 19595mW/19425mW VDD_CPU_GPU_CV 8413mW/8349mW VDD_SOC 4943mW/4909mW
08-05-2026 04:38:54 RAM 5294/7620MB (lfb 19x4MB) SWAP 3111/12002MB (cached 55MB) CPU [0%@1728,0%@1728,0%@1728,0%@1728,0%@1728,0%@1728] GR3D_FREQ 99% cpu@71.968C soc2@70.781C soc0@71.343C gpu@74.187C tj@74.187C soc1@71.875C VDD_IN 19353mW/19425mW VDD_CPU_GPU_CV 8293mW/8349mW VDD_SOC 4870mW/4908mW
08-05-2026 04:38:54 RAM 5294/7620MB (lfb 19x4MB) SWAP 3111/12002MB (cached 55MB) CPU [0%@1728,0%@1728,0%@1728,0%@1728,0%@1728,9%@1728] GR3D_FREQ 99% cpu@72.062C soc2@70.812C soc0@71.125C gpu@73.906C tj@73.906C soc1@71.656C VDD_IN 19272mW/19425mW VDD_CPU_GPU_CV 8293mW/8349mW VDD_SOC 4870mW/4908mW
08-05-2026 04:38:54 RAM 5294/7620MB (lfb 19x4MB) SWAP 3111/12002MB (cached 55MB) CPU [9%@1728,0%@1728,0%@1728,0%@1728,0%@1728,0%@1728] GR3D_FREQ 99% cpu@71.812C soc2@70.781C soc0@71.156C gpu@73.656C tj@73.656C soc1@71.687C VDD_IN 19313mW/19425mW VDD_CPU_GPU_CV 8293mW/8349mW VDD_SOC 4870mW/4908mW
08-05-2026 04:38:54 RAM 5294/7620MB (lfb 19x4MB) SWAP 3111/12002MB (cached 55MB) CPU [0%@1728,0%@1728,0%@1728,0%@1728,9%@1728,0%@1728] GR3D_FREQ 99% cpu@71.812C soc2@70.75C soc0@71.125C gpu@74.375C tj@74.375C soc1@71.75C VDD_IN 19635mW/19425mW VDD_CPU_GPU_CV 8413mW/8349mW VDD_SOC 4943mW/4908mW
08-05-2026 04:38:54 RAM 5294/7620MB (lfb 19x4MB) SWAP 3111/12002MB (cached 55MB) CPU [0%@1728,0%@1728,0%@1728,0%@1728,10%@1728,0%@1728] GR3D_FREQ 99% cpu@71.937C soc2@70.875C soc0@71.218C gpu@74C tj@74C soc1@71.843C VDD_IN 19604mW/19425mW VDD_CPU_GPU_CV 8413mW/8349mW VDD_SOC 4943mW/4908mW
08-05-2026 04:38:54 RAM 5294/7620MB (lfb 19x4MB) SWAP 3111/12002MB (cached 55MB) CPU [0%@1728,0%@1728,0%@1728,0%@1728,0%@1728,0%@1728] GR3D_FREQ 99% cpu@72.187C soc2@70.875C soc0@71.437C gpu@74.062C tj@74.062C soc1@71.593C VDD_IN 19555mW/19425mW VDD_CPU_GPU_CV 8453mW/8349mW VDD_SOC 4943mW/4909mW
08-05-2026 04:38:55 RAM 5294/7620MB (lfb 19x4MB) SWAP 3111/12002MB (cached 55MB) CPU [0%@1728,0%@1728,0%@1728,0%@1728,0%@1728,0%@1728] GR3D_FREQ 99% cpu@72.218C soc2@70.812C soc0@71.187C gpu@73.812C tj@73.812C soc1@71.718C VDD_IN 19393mW/19425mW VDD_CPU_GPU_CV 8333mW/8349mW VDD_SOC 4911mW/4909mW
08-05-2026 04:38:55 RAM 5294/7620MB (lfb 19x4MB) SWAP 3111/12002MB (cached 55MB) CPU [0%@1728,0%@1728,0%@1728,0%@1728,0%@1728,0%@1728] GR3D_FREQ 99% cpu@71.968C soc2@70.718C soc0@71.125C gpu@74.031C tj@74.031C soc1@71.687C VDD_IN 19353mW/19425mW VDD_CPU_GPU_CV 8333mW/8349mW VDD_SOC 4870mW/4908mW
08-05-2026 04:38:55 RAM 5294/7620MB (lfb 19x4MB) SWAP 3111/12002MB (cached 55MB) CPU [0%@1728,0%@1728,0%@1728,0%@1728,0%@1728,0%@1728] GR3D_FREQ 99% cpu@71.843C soc2@70.75C soc0@71.218C gpu@73.718C tj@73.718C soc1@71.75C VDD_IN 19313mW/19425mW VDD_CPU_GPU_CV 8293mW/8349mW VDD_SOC 4870mW/4908mW
08-05-2026 04:38:55 RAM 5294/7620MB (lfb 19x4MB) SWAP 3111/12002MB (cached 55MB) CPU [18%@1728,0%@1728,0%@1728,9%@1728,0%@1728,18%@1728] GR3D_FREQ 99% cpu@72.031C soc2@70.843C soc0@71.375C gpu@73.968C tj@73.968C soc1@71.843C VDD_IN 19514mW/19425mW VDD_CPU_GPU_CV 8373mW/8349mW VDD_SOC 4911mW/4908mW
08-05-2026 04:38:55 RAM 5294/7620MB (lfb 19x4MB) SWAP 3111/12002MB (cached 55MB) CPU [0%@1728,9%@1728,0%@1728,0%@1728,0%@1728,0%@1728] GR3D_FREQ 99% cpu@72.25C soc2@70.875C soc0@71.125C gpu@73.968C tj@73.968C soc1@71.625C VDD_IN 19555mW/19425mW VDD_CPU_GPU_CV 8413mW/8349mW VDD_SOC 4951mW/4908mW
08-05-2026 04:38:55 RAM 5294/7620MB (lfb 19x4MB) SWAP 3111/12002MB (cached 55MB) CPU [0%@1728,0%@1728,0%@1728,0%@1728,0%@1728,18%@1728] GR3D_FREQ 99% cpu@72C soc2@70.812C soc0@71.125C gpu@73.875C tj@73.875C soc1@71.625C VDD_IN 19474mW/19426mW VDD_CPU_GPU_CV 8413mW/8349mW VDD_SOC 4911mW/4908mW
08-05-2026 04:38:55 RAM 5294/7620MB (lfb 19x4MB) SWAP 3111/12002MB (cached 55MB) CPU [0%@1728,0%@1728,0%@1728,8%@1728,0%@1728,0%@1728] GR3D_FREQ 99% cpu@71.75C soc2@70.656C soc0@71.125C gpu@73.75C tj@73.75C soc1@71.687C VDD_IN 19353mW/19425mW VDD_CPU_GPU_CV 8293mW/8349mW VDD_SOC 4911mW/4908mW
08-05-2026 04:38:55 RAM 5294/7620MB (lfb 19x4MB) SWAP 3111/12002MB (cached 55MB) CPU [0%@1728,0%@1728,0%@1728,0%@1728,0%@1728,0%@1728] GR3D_FREQ 99% cpu@71.875C soc2@70.843C soc0@71.218C gpu@73.937C tj@73.937C soc1@71.812C VDD_IN 19313mW/19425mW VDD_CPU_GPU_CV 8333mW/8349mW VDD_SOC 4870mW/4908mW
08-05-2026 04:38:55 RAM 5294/7620MB (lfb 19x4MB) SWAP 3111/12002MB (cached 55MB) CPU [0%@1728,0%@1728,0%@1728,0%@1728,0%@1728,0%@1728] GR3D_FREQ 99% cpu@72.062C soc2@70.781C soc0@71.062C gpu@73.875C tj@73.875C soc1@71.625C VDD_IN 19272mW/19425mW VDD_CPU_GPU_CV 8293mW/8349mW VDD_SOC 4870mW/4908mW
08-05-2026 04:38:55 RAM 5294/7620MB (lfb 19x4MB) SWAP 3111/12002MB (cached 55MB) CPU [0%@1728,0%@1728,9%@1728,0%@1728,9%@1728,0%@1728] GR3D_FREQ 99% cpu@72.25C soc2@70.687C soc0@71.156C gpu@74C tj@74C soc1@71.625C VDD_IN 19514mW/19425mW VDD_CPU_GPU_CV 8373mW/8349mW VDD_SOC 4911mW/4908mW
08-05-2026 04:38:56 RAM 5294/7620MB (lfb 19x4MB) SWAP 3111/12002MB (cached 55MB) CPU [0%@1728,0%@1728,0%@1728,0%@1728,0%@1728,0%@1728] GR3D_FREQ 99% cpu@72C soc2@70.718C soc0@71.125C gpu@73.875C tj@73.875C soc1@71.625C VDD_IN 19604mW/19425mW VDD_CPU_GPU_CV 8413mW/8349mW VDD_SOC 4943mW/4908mW
08-05-2026 04:38:56 RAM 5294/7620MB (lfb 19x4MB) SWAP 3111/12002MB (cached 55MB) CPU [0%@1728,0%@1728,0%@1728,0%@1728,0%@1728,0%@1728] GR3D_FREQ 99% cpu@71.781C soc2@70.75C soc0@71.187C gpu@74.156C tj@74.156C soc1@71.75C VDD_IN 19564mW/19426mW VDD_CPU_GPU_CV 8453mW/8349mW VDD_SOC 4951mW/4908mW
08-05-2026 04:38:56 RAM 5294/7620MB (lfb 19x4MB) SWAP 3111/12002MB (cached 55MB) CPU [0%@1728,0%@1728,0%@1728,0%@1728,10%@1728,0%@1728] GR3D_FREQ 99% cpu@72C soc2@70.781C soc0@71.281C gpu@73.687C tj@73.687C soc1@71.906C VDD_IN 19474mW/19426mW VDD_CPU_GPU_CV 8373mW/8349mW VDD_SOC 4951mW/4909mW
08-05-2026 04:38:56 RAM 5294/7620MB (lfb 19x4MB) SWAP 3111/12002MB (cached 55MB) CPU [0%@1728,0%@1728,0%@1728,16%@1728,0%@1728,16%@1728] GR3D_FREQ 99% cpu@72.156C soc2@70.656C soc0@71.125C gpu@73.968C tj@73.968C soc1@71.625C VDD_IN 19313mW/19426mW VDD_CPU_GPU_CV 8293mW/8349mW VDD_SOC 4870mW/4909mW
08-05-2026 04:38:56 RAM 5294/7620MB (lfb 19x4MB) SWAP 3111/12002MB (cached 55MB) CPU [9%@1728,0%@1728,0%@1728,0%@1728,0%@1728,0%@1728] GR3D_FREQ 99% cpu@71.875C soc2@70.625C soc0@71.156C gpu@73.812C tj@73.812C soc1@71.718C VDD_IN 19272mW/19425mW VDD_CPU_GPU_CV 8253mW/8349mW VDD_SOC 4870mW/4908mW
08-05-2026 04:38:56 RAM 5294/7620MB (lfb 19x4MB) SWAP 3111/12002MB (cached 55MB) CPU [0%@1728,9%@1728,0%@1728,0%@1728,0%@1728,0%@1728] GR3D_FREQ 99% cpu@71.718C soc2@70.718C soc0@71.187C gpu@73.968C tj@73.968C soc1@71.75C VDD_IN 19474mW/19425mW VDD_CPU_GPU_CV 8373mW/8349mW VDD_SOC 4911mW/4908mW
08-05-2026 04:38:56 RAM 5294/7620MB (lfb 19x4MB) SWAP 3111/12002MB (cached 55MB) CPU [0%@1728,0%@1728,0%@1728,0%@1728,0%@1728,0%@1728] GR3D_FREQ 99% cpu@71.781C soc2@70.718C soc0@71.218C gpu@74.062C tj@74.062C soc1@71.687C VDD_IN 19595mW/19426mW VDD_CPU_GPU_CV 8413mW/8349mW VDD_SOC 4943mW/4908mW
08-05-2026 04:38:56 RAM 5294/7620MB (lfb 19x4MB) SWAP 3111/12002MB (cached 55MB) CPU [0%@1728,0%@1728,0%@1728,0%@1728,0%@1728,0%@1728] GR3D_FREQ 99% cpu@72.093C soc2@70.843C soc0@71.125C gpu@74.031C tj@74.031C soc1@71.531C VDD_IN 19595mW/19426mW VDD_CPU_GPU_CV 8413mW/8349mW VDD_SOC 4943mW/4909mW
08-05-2026 04:38:56 RAM 5294/7620MB (lfb 19x4MB) SWAP 3111/12002MB (cached 55MB) CPU [0%@1728,0%@1728,0%@1728,0%@1728,0%@1728,0%@1728] GR3D_FREQ 99% cpu@71.968C soc2@70.75C soc0@71.187C gpu@73.781C tj@73.781C soc1@71.656C VDD_IN 19474mW/19426mW VDD_CPU_GPU_CV 8333mW/8349mW VDD_SOC 4951mW/4909mW
08-05-2026 04:38:56 RAM 5291/7620MB (lfb 19x4MB) SWAP 3111/12002MB (cached 55MB) CPU [9%@1728,9%@1728,27%@1728,10%@1728,18%@1728,0%@1728] GR3D_FREQ 99% cpu@71.906C soc2@70.687C soc0@71.093C gpu@74.062C tj@74.062C soc1@71.593C VDD_IN 19434mW/19426mW VDD_CPU_GPU_CV 8373mW/8349mW VDD_SOC 4870mW/4909mW
08-05-2026 04:38:57 RAM 5291/7620MB (lfb 19x4MB) SWAP 3111/12002MB (cached 55MB) CPU [0%@1728,0%@1728,0%@1728,0%@1728,0%@1728,0%@1728] GR3D_FREQ 99% cpu@71.593C soc2@70.812C soc0@71.218C gpu@73.843C tj@73.843C soc1@71.687C VDD_IN 19393mW/19426mW VDD_CPU_GPU_CV 8333mW/8349mW VDD_SOC 4911mW/4909mW
08-05-2026 04:38:57 RAM 5291/7620MB (lfb 19x4MB) SWAP 3111/12002MB (cached 55MB) CPU [0%@1728,0%@1728,0%@1728,0%@1728,0%@1728,0%@1728] GR3D_FREQ 99% cpu@71.937C soc2@70.718C soc0@71.25C gpu@73.75C tj@73.75C soc1@71.906C VDD_IN 19514mW/19426mW VDD_CPU_GPU_CV 8413mW/8349mW VDD_SOC 4911mW/4909mW
08-05-2026 04:38:57 RAM 5291/7620MB (lfb 19x4MB) SWAP 3111/12002MB (cached 55MB) CPU [0%@1728,0%@1728,0%@1728,0%@1728,0%@1728,81%@1728] GR3D_FREQ 99% cpu@72.125C soc2@70.687C soc0@71.093C gpu@73.875C tj@73.875C soc1@71.531C VDD_IN 19685mW/19426mW VDD_CPU_GPU_CV 8493mW/8349mW VDD_SOC 4983mW/4909mW
08-05-2026 04:38:57 RAM 5291/7620MB (lfb 19x4MB) SWAP 3111/12002MB (cached 55MB) CPU [0%@1728,9%@1728,0%@1728,0%@1728,0%@1728,10%@1728] GR3D_FREQ 99% cpu@71.906C soc2@70.718C soc0@71.062C gpu@74C tj@74C soc1@71.562C VDD_IN 19676mW/19426mW VDD_CPU_GPU_CV 8493mW/8350mW VDD_SOC 4943mW/4909mW
08-05-2026 04:38:57 RAM 5291/7620MB (lfb 19x4MB) SWAP 3111/12002MB (cached 55MB) CPU [9%@1728,0%@1728,0%@1728,0%@1728,0%@1728,0%@1728] GR3D_FREQ 99% cpu@71.718C soc2@70.687C soc0@71.062C gpu@73.718C tj@73.718C soc1@71.718C VDD_IN 19514mW/19426mW VDD_CPU_GPU_CV 8373mW/8350mW VDD_SOC 4911mW/4909mW
08-05-2026 04:38:57 RAM 5291/7620MB (lfb 19x4MB) SWAP 3111/12002MB (cached 55MB) CPU [0%@1728,0%@1728,0%@1728,0%@1728,0%@1728,9%@1728] GR3D_FREQ 99% cpu@71.875C soc2@70.718C soc0@71.187C gpu@74.062C tj@74.062C soc1@71.812C VDD_IN 19353mW/19426mW VDD_CPU_GPU_CV 8333mW/8350mW VDD_SOC 4870mW/4909mW
08-05-2026 04:38:57 RAM 5291/7620MB (lfb 19x4MB) SWAP 3111/12002MB (cached 55MB) CPU [0%@1728,0%@1728,0%@1728,0%@1728,10%@1728,0%@1728] GR3D_FREQ 99% cpu@71.875C soc2@70.656C soc0@71.062C gpu@73.687C tj@73.687C soc1@71.531C VDD_IN 19313mW/19426mW VDD_CPU_GPU_CV 8293mW/8350mW VDD_SOC 4870mW/4909mW
08-05-2026 04:38:57 RAM 5291/7620MB (lfb 19x4MB) SWAP 3111/12002MB (cached 55MB) CPU [0%@1728,0%@1728,0%@1728,0%@1728,0%@1728,0%@1728] GR3D_FREQ 99% cpu@71.812C soc2@70.593C soc0@70.968C gpu@74C tj@73.687C soc1@71.531C VDD_IN 19514mW/19426mW VDD_CPU_GPU_CV 8373mW/8350mW VDD_SOC 4911mW/4909mW
08-05-2026 04:38:57 RAM 5291/7620MB (lfb 19x4MB) SWAP 3111/12002MB (cached 55MB) CPU [0%@1728,0%@1728,0%@1728,0%@1728,0%@1728,0%@1728] GR3D_FREQ 99% cpu@71.718C soc2@70.75C soc0@71.125C gpu@73.937C tj@73.937C soc1@71.687C VDD_IN 19604mW/19427mW VDD_CPU_GPU_CV 8453mW/8350mW VDD_SOC 4943mW/4909mW
08-05-2026 04:38:58 RAM 5291/7620MB (lfb 19x4MB) SWAP 3111/12002MB (cached 55MB) CPU [16%@1728,0%@1728,8%@1728,8%@1728,9%@1728,0%@1728] GR3D_FREQ 99% cpu@71.781C soc2@70.718C soc0@71.156C gpu@73.843C tj@73.843C soc1@71.687C VDD_IN 19604mW/19427mW VDD_CPU_GPU_CV 8453mW/8350mW VDD_SOC 4943mW/4909mW
08-05-2026 04:38:58 RAM 5291/7620MB (lfb 19x4MB) SWAP 3111/12002MB (cached 55MB) CPU [0%@1728,0%@1728,0%@1728,0%@1728,0%@1728,0%@1728] GR3D_FREQ 99% cpu@71.906C soc2@70.781C soc0@71.25C gpu@73.968C tj@73.968C soc1@71.531C VDD_IN 19555mW/19427mW VDD_CPU_GPU_CV 8413mW/8350mW VDD_SOC 4951mW/4909mW
08-05-2026 04:38:58 RAM 5291/7620MB (lfb 19x4MB) SWAP 3111/12002MB (cached 55MB) CPU [0%@1728,0%@1728,0%@1728,0%@1728,0%@1728,0%@1728] GR3D_FREQ 99% cpu@72.093C soc2@70.718C soc0@71.125C gpu@73.718C tj@73.718C soc1@71.5C VDD_IN 19393mW/19427mW VDD_CPU_GPU_CV 8333mW/8350mW VDD_SOC 4911mW/4909mW
08-05-2026 04:38:58 RAM 5291/7620MB (lfb 19x4MB) SWAP 3111/12002MB (cached 55MB) CPU [9%@1728,8%@1728,0%@1728,0%@1728,0%@1728,10%@1728] GR3D_FREQ 99% cpu@71.812C soc2@70.625C soc0@71.093C gpu@73.718C tj@73.718C soc1@71.531C VDD_IN 19272mW/19427mW VDD_CPU_GPU_CV 8253mW/8350mW VDD_SOC 4870mW/4909mW
08-05-2026 04:38:58 RAM 5291/7620MB (lfb 19x4MB) SWAP 3111/12002MB (cached 55MB) CPU [0%@1728,0%@1728,0%@1728,0%@1728,10%@1728,0%@1728] GR3D_FREQ 97% cpu@71.75C soc2@70.625C soc0@71.062C gpu@73.875C tj@73.875C soc1@71.687C VDD_IN 19474mW/19427mW VDD_CPU_GPU_CV 8333mW/8350mW VDD_SOC 4911mW/4909mW
08-05-2026 04:38:58 RAM 5291/7620MB (lfb 19x4MB) SWAP 3111/12002MB (cached 55MB) CPU [0%@1728,0%@1728,0%@1728,0%@1728,0%@1728,0%@1728] GR3D_FREQ 99% cpu@71.781C soc2@70.75C soc0@71.187C gpu@73.937C tj@73.937C soc1@71.687C VDD_IN 19555mW/19427mW VDD_CPU_GPU_CV 8373mW/8350mW VDD_SOC 4943mW/4909mW
08-05-2026 04:38:58 RAM 5291/7620MB (lfb 19x4MB) SWAP 3111/12002MB (cached 55MB) CPU [9%@1728,0%@1728,0%@1728,0%@1728,0%@1728,0%@1728] GR3D_FREQ 99% cpu@72.062C soc2@70.718C soc0@71C gpu@73.812C tj@73.812C soc1@71.531C VDD_IN 19595mW/19427mW VDD_CPU_GPU_CV 8413mW/8350mW VDD_SOC 4943mW/4909mW
08-05-2026 04:38:58 RAM 5291/7620MB (lfb 19x4MB) SWAP 3111/12002MB (cached 55MB) CPU [0%@1728,0%@1728,0%@1728,0%@1728,0%@1728,0%@1728] GR3D_FREQ 99% cpu@71.968C soc2@70.687C soc0@71.093C gpu@73.75C tj@73.75C soc1@71.562C VDD_IN 19474mW/19427mW VDD_CPU_GPU_CV 8333mW/8350mW VDD_SOC 4911mW/4909mW
08-05-2026 04:38:58 RAM 5291/7620MB (lfb 19x4MB) SWAP 3111/12002MB (cached 55MB) CPU [0%@1728,0%@1728,0%@1728,0%@1728,0%@1728,0%@1728] GR3D_FREQ 99% cpu@71.718C soc2@70.718C soc0@71.093C gpu@73.75C tj@73.75C soc1@71.531C VDD_IN 19353mW/19427mW VDD_CPU_GPU_CV 8293mW/8350mW VDD_SOC 4870mW/4909mW
08-05-2026 04:38:58 RAM 5291/7620MB (lfb 19x4MB) SWAP 3111/12002MB (cached 55MB) CPU [0%@1728,0%@1728,9%@1728,0%@1728,0%@1728,0%@1728] GR3D_FREQ 99% cpu@71.75C soc2@70.593C soc0@71.156C gpu@74.031C tj@74.031C soc1@71.656C VDD_IN 19353mW/19427mW VDD_CPU_GPU_CV 8293mW/8350mW VDD_SOC 4870mW/4909mW
08-05-2026 04:38:59 RAM 5291/7620MB (lfb 19x4MB) SWAP 3111/12002MB (cached 55MB) CPU [0%@1728,0%@1728,0%@1728,0%@1728,0%@1728,0%@1728] GR3D_FREQ 99% cpu@72C soc2@70.593C soc0@71.187C gpu@73.781C tj@73.781C soc1@71.437C VDD_IN 19353mW/19427mW VDD_CPU_GPU_CV 8333mW/8350mW VDD_SOC 4870mW/4909mW
08-05-2026 04:38:59 RAM 5291/7620MB (lfb 19x4MB) SWAP 3111/12002MB (cached 55MB) CPU [0%@1728,0%@1728,0%@1728,0%@1728,9%@1728,0%@1728] GR3D_FREQ 97% cpu@72.156C soc2@70.625C soc0@70.968C gpu@73.843C tj@73.843C soc1@71.5C VDD_IN 19644mW/19427mW VDD_CPU_GPU_CV 8453mW/8350mW VDD_SOC 4943mW/4909mW
08-05-2026 04:38:59 RAM 5291/7620MB (lfb 19x4MB) SWAP 3111/12002MB (cached 55MB) CPU [0%@1728,0%@1728,0%@1728,0%@1728,9%@1728,18%@1728] GR3D_FREQ 99% cpu@71.718C soc2@70.625C soc0@71.031C gpu@74.031C tj@74.031C soc1@71.531C VDD_IN 19595mW/19427mW VDD_CPU_GPU_CV 8413mW/8350mW VDD_SOC 4951mW/4909mW
08-05-2026 04:38:59 RAM 5291/7620MB (lfb 19x4MB) SWAP 3111/12002MB (cached 55MB) CPU [9%@1728,0%@1728,0%@1728,0%@1728,0%@1728,0%@1728] GR3D_FREQ 99% cpu@71.656C soc2@70.625C soc0@71C gpu@73.843C tj@73.843C soc1@71.531C VDD_IN 19474mW/19427mW VDD_CPU_GPU_CV 8333mW/8350mW VDD_SOC 4911mW/4909mW
08-05-2026 04:38:59 RAM 5291/7620MB (lfb 19x4MB) SWAP 3111/12002MB (cached 55MB) CPU [0%@1728,0%@1728,0%@1728,0%@1728,0%@1728,0%@1728] GR3D_FREQ 99% cpu@71.656C soc2@70.687C soc0@71.156C gpu@73.593C tj@73.593C soc1@71.656C VDD_IN 19272mW/19427mW VDD_CPU_GPU_CV 8293mW/8350mW VDD_SOC 4870mW/4909mW
08-05-2026 04:38:59 RAM 5291/7620MB (lfb 19x4MB) SWAP 3111/12002MB (cached 55MB) CPU [0%@1728,0%@1728,0%@1728,0%@1728,0%@1728,0%@1728] GR3D_FREQ 99% cpu@72.031C soc2@70.656C soc0@71.218C gpu@73.906C tj@73.906C soc1@71.437C VDD_IN 19313mW/19427mW VDD_CPU_GPU_CV 8253mW/8350mW VDD_SOC 4870mW/4909mW
08-05-2026 04:38:59 RAM 5291/7620MB (lfb 19x4MB) SWAP 3111/12002MB (cached 55MB) CPU [0%@1728,0%@1728,0%@1728,0%@1728,0%@1728,0%@1728] GR3D_FREQ 99% cpu@71.843C soc2@70.593C soc0@71C gpu@73.687C tj@73.687C soc1@71.562C VDD_IN 19353mW/19427mW VDD_CPU_GPU_CV 8293mW/8350mW VDD_SOC 4870mW/4909mW
08-05-2026 04:38:59 RAM 5291/7620MB (lfb 19x4MB) SWAP 3111/12002MB (cached 55MB) CPU [0%@1728,9%@1728,0%@1728,0%@1728,0%@1728,0%@1728] GR3D_FREQ 99% cpu@71.718C soc2@70.625C soc0@71.031C gpu@74.218C tj@74.218C soc1@71.5C VDD_IN 19555mW/19427mW VDD_CPU_GPU_CV 8413mW/8350mW VDD_SOC 4951mW/4909mW
08-05-2026 04:38:59 RAM 5291/7620MB (lfb 19x4MB) SWAP 3111/12002MB (cached 55MB) CPU [0%@1728,0%@1728,0%@1728,9%@1728,0%@1728,0%@1728] GR3D_FREQ 99% cpu@71.625C soc2@70.593C soc0@71.093C gpu@74C tj@74C soc1@71.625C VDD_IN 19595mW/19427mW VDD_CPU_GPU_CV 8413mW/8350mW VDD_SOC 4951mW/4909mW
08-05-2026 04:39:00 RAM 5291/7620MB (lfb 19x4MB) SWAP 3111/12002MB (cached 55MB) CPU [9%@1728,0%@1728,9%@1728,8%@1728,10%@1728,9%@1728] GR3D_FREQ 99% cpu@71.812C soc2@70.687C soc0@71.25C gpu@73.843C tj@73.843C soc1@71.687C VDD_IN 19514mW/19427mW VDD_CPU_GPU_CV 8413mW/8350mW VDD_SOC 4951mW/4909mW
08-05-2026 04:39:00 RAM 5291/7620MB (lfb 19x4MB) SWAP 3111/12002MB (cached 55MB) CPU [0%@1728,0%@1728,0%@1728,0%@1728,0%@1728,0%@1728] GR3D_FREQ 99% cpu@71.781C soc2@70.562C soc0@71.031C gpu@73.812C tj@73.812C soc1@71.468C VDD_IN 19353mW/19427mW VDD_CPU_GPU_CV 8333mW/8350mW VDD_SOC 4911mW/4909mW
08-05-2026 04:39:00 RAM 5296/7620MB (lfb 19x4MB) SWAP 3111/12002MB (cached 55MB) CPU [27%@1728,9%@1728,0%@1728,0%@1728,0%@1728,0%@1728] GR3D_FREQ 99% cpu@71.718C soc2@70.531C soc0@71C gpu@73.968C tj@73.968C soc1@71.5C VDD_IN 19434mW/19427mW VDD_CPU_GPU_CV 8373mW/8350mW VDD_SOC 4911mW/4909mW
08-05-2026 04:39:00 RAM 5296/7620MB (lfb 19x4MB) SWAP 3111/12002MB (cached 55MB) CPU [0%@1728,0%@1728,0%@1728,0%@1728,0%@1728,18%@1728] GR3D_FREQ 99% cpu@71.656C soc2@70.593C soc0@71.062C gpu@73.593C tj@73.593C soc1@71.531C VDD_IN 19353mW/19427mW VDD_CPU_GPU_CV 8333mW/8350mW VDD_SOC 4870mW/4909mW
08-05-2026 04:39:00 RAM 5296/7620MB (lfb 19x4MB) SWAP 3111/12002MB (cached 55MB) CPU [0%@1728,0%@1728,0%@1728,0%@1728,0%@1728,0%@1728] GR3D_FREQ 99% cpu@71.687C soc2@70.625C soc0@71.156C gpu@74.031C tj@74.031C soc1@71.656C VDD_IN 19595mW/19427mW VDD_CPU_GPU_CV 8413mW/8350mW VDD_SOC 4951mW/4909mW
08-05-2026 04:39:00 RAM 5296/7620MB (lfb 19x4MB) SWAP 3111/12002MB (cached 55MB) CPU [0%@1728,0%@1728,0%@1728,0%@1728,0%@1728,0%@1728] GR3D_FREQ 99% cpu@72.093C soc2@70.718C soc0@71.218C gpu@73.906C tj@73.906C soc1@71.5C VDD_IN 19555mW/19427mW VDD_CPU_GPU_CV 8413mW/8350mW VDD_SOC 4951mW/4909mW
08-05-2026 04:39:00 RAM 5296/7620MB (lfb 19x4MB) SWAP 3111/12002MB (cached 55MB) CPU [0%@1728,0%@1728,0%@1728,0%@1728,0%@1728,0%@1728] GR3D_FREQ 99% cpu@71.906C soc2@70.5C soc0@71C gpu@74.343C tj@74.343C soc1@71.531C VDD_IN 19514mW/19428mW VDD_CPU_GPU_CV 8413mW/8350mW VDD_SOC 4951mW/4909mW
08-05-2026 04:39:00 RAM 5296/7620MB (lfb 19x4MB) SWAP 3111/12002MB (cached 55MB) CPU [0%@1728,0%@1728,0%@1728,0%@1728,18%@1728,0%@1728] GR3D_FREQ 99% cpu@71.656C soc2@70.593C soc0@70.906C gpu@73.781C tj@73.781C soc1@71.562C VDD_IN 19313mW/19427mW VDD_CPU_GPU_CV 8333mW/8350mW VDD_SOC 4870mW/4909mW
08-05-2026 04:39:00 RAM 5296/7620MB (lfb 19x4MB) SWAP 3111/12002MB (cached 55MB) CPU [0%@1728,0%@1728,0%@1728,9%@1728,0%@1728,0%@1728] GR3D_FREQ 99% cpu@71.781C soc2@70.593C soc0@71.062C gpu@73.968C tj@73.968C soc1@71.656C VDD_IN 19313mW/19427mW VDD_CPU_GPU_CV 8333mW/8350mW VDD_SOC 4870mW/4909mW
08-05-2026 04:39:00 RAM 5296/7620MB (lfb 19x4MB) SWAP 3111/12002MB (cached 55MB) CPU [0%@1728,0%@1728,0%@1728,0%@1728,0%@1728,0%@1728] GR3D_FREQ 99% cpu@71.625C soc2@70.656C soc0@71.156C gpu@73.906C tj@73.906C soc1@71.718C VDD_IN 19313mW/19427mW VDD_CPU_GPU_CV 8293mW/8350mW VDD_SOC 4870mW/4909mW
08-05-2026 04:39:01 RAM 5296/7620MB (lfb 19x4MB) SWAP 3111/12002MB (cached 55MB) CPU [0%@1728,0%@1728,0%@1728,0%@1728,0%@1728,0%@1728] GR3D_FREQ 99% cpu@71.718C soc2@70.562C soc0@70.906C gpu@74C tj@74C soc1@71.5C VDD_IN 19555mW/19427mW VDD_CPU_GPU_CV 8413mW/8350mW VDD_SOC 4951mW/4909mW
08-05-2026 04:39:01 RAM 5296/7620MB (lfb 19x4MB) SWAP 3111/12002MB (cached 55MB) CPU [0%@1728,0%@1728,9%@1728,0%@1728,0%@1728,0%@1728] GR3D_FREQ 99% cpu@71.593C soc2@70.656C soc0@70.968C gpu@73.843C tj@73.843C soc1@71.562C VDD_IN 19635mW/19428mW VDD_CPU_GPU_CV 8413mW/8350mW VDD_SOC 4943mW/4909mW
08-05-2026 04:39:01 RAM 5296/7620MB (lfb 19x4MB) SWAP 3111/12002MB (cached 55MB) CPU [9%@1728,0%@1728,0%@1728,0%@1728,0%@1728,9%@1728] GR3D_FREQ 99% cpu@71.625C soc2@70.562C soc0@71.062C gpu@74.156C tj@74.156C soc1@71.5C VDD_IN 19595mW/19428mW VDD_CPU_GPU_CV 8413mW/8350mW VDD_SOC 4943mW/4909mW
08-05-2026 04:39:01 RAM 5296/7620MB (lfb 19x4MB) SWAP 3111/12002MB (cached 55MB) CPU [0%@1728,0%@1728,0%@1728,0%@1728,0%@1728,0%@1728] GR3D_FREQ 99% cpu@71.593C soc2@70.656C soc0@71.062C gpu@73.562C tj@73.562C soc1@71.687C VDD_IN 19353mW/19428mW VDD_CPU_GPU_CV 8293mW/8350mW VDD_SOC 4911mW/4909mW
08-05-2026 04:39:01 RAM 5296/7620MB (lfb 19x4MB) SWAP 3111/12002MB (cached 55MB) CPU [9%@1728,0%@1728,0%@1728,0%@1728,0%@1728,18%@1728] GR3D_FREQ 99% cpu@71.937C soc2@70.625C soc0@71.281C gpu@73.718C tj@73.718C soc1@71.5C VDD_IN 19272mW/19428mW VDD_CPU_GPU_CV 8253mW/8350mW VDD_SOC 4870mW/4909mW
08-05-2026 04:39:01 RAM 5296/7620MB (lfb 19x4MB) SWAP 3111/12002MB (cached 55MB) CPU [0%@1728,0%@1728,0%@1728,0%@1728,0%@1728,0%@1728] GR3D_FREQ 99% cpu@71.625C soc2@70.531C soc0@70.968C gpu@73.937C tj@73.937C soc1@71.5C VDD_IN 19272mW/19427mW VDD_CPU_GPU_CV 8293mW/8350mW VDD_SOC 4870mW/4909mW
08-05-2026 04:39:01 RAM 5296/7620MB (lfb 19x4MB) SWAP 3111/12002MB (cached 55MB) CPU [0%@1728,0%@1728,0%@1728,0%@1728,0%@1728,0%@1728] GR3D_FREQ 99% cpu@71.593C soc2@70.531C soc0@71.062C gpu@73.968C tj@73.968C soc1@71.531C VDD_IN 19514mW/19427mW VDD_CPU_GPU_CV 8373mW/8350mW VDD_SOC 4911mW/4909mW
08-05-2026 04:39:01 RAM 5296/7620MB (lfb 19x4MB) SWAP 3111/12002MB (cached 55MB) CPU [0%@1728,0%@1728,0%@1728,0%@1728,0%@1728,0%@1728] GR3D_FREQ 99% cpu@71.656C soc2@70.625C soc0@71C gpu@73.75C tj@73.75C soc1@71.656C VDD_IN 19595mW/19428mW VDD_CPU_GPU_CV 8413mW/8350mW VDD_SOC 4951mW/4909mW
08-05-2026 04:39:01 RAM 5296/7620MB (lfb 19x4MB) SWAP 3111/12002MB (cached 55MB) CPU [0%@1728,0%@1728,0%@1728,0%@1728,0%@1728,0%@1728] GR3D_FREQ 99% cpu@71.625C soc2@70.531C soc0@71.125C gpu@74.218C tj@74.218C soc1@71.718C VDD_IN 19564mW/19428mW VDD_CPU_GPU_CV 8453mW/8350mW VDD_SOC 4951mW/4909mW
08-05-2026 04:39:02 RAM 5296/7620MB (lfb 19x4MB) SWAP 3111/12002MB (cached 55MB) CPU [9%@1728,9%@1728,0%@1728,0%@1728,0%@1728,0%@1728] GR3D_FREQ 99% cpu@71.968C soc2@70.562C soc0@70.843C gpu@73.656C tj@73.656C soc1@71.5C VDD_IN 19474mW/19428mW VDD_CPU_GPU_CV 8333mW/8350mW VDD_SOC 4951mW/4909mW
08-05-2026 04:39:02 RAM 5296/7620MB (lfb 19x4MB) SWAP 3111/12002MB (cached 55MB) CPU [0%@1728,0%@1728,0%@1728,0%@1728,0%@1728,0%@1728] GR3D_FREQ 99% cpu@71.656C soc2@70.406C soc0@70.937C gpu@74.25C tj@74.25C soc1@71.468C VDD_IN 19353mW/19428mW VDD_CPU_GPU_CV 8333mW/8350mW VDD_SOC 4870mW/4909mW
08-05-2026 04:39:02 RAM 5296/7620MB (lfb 19x4MB) SWAP 3111/12002MB (cached 55MB) CPU [0%@1728,0%@1728,0%@1728,0%@1728,11%@1728,8%@1728] GR3D_FREQ 99% cpu@71.625C soc2@70.531C soc0@71.093C gpu@73.781C tj@73.781C soc1@71.531C VDD_IN 19313mW/19428mW VDD_CPU_GPU_CV 8293mW/8350mW VDD_SOC 4870mW/4909mW
08-05-2026 04:39:02 RAM 5296/7620MB (lfb 19x4MB) SWAP 3111/12002MB (cached 55MB) CPU [9%@1728,9%@1728,0%@1728,0%@1728,8%@1728,20%@1728] GR3D_FREQ 99% cpu@71.75C soc2@70.593C soc0@71.062C gpu@73.75C tj@73.75C soc1@71.656C VDD_IN 19474mW/19428mW VDD_CPU_GPU_CV 8373mW/8350mW VDD_SOC 4911mW/4909mW
08-05-2026 04:39:02 RAM 5296/7620MB (lfb 19x4MB) SWAP 3111/12002MB (cached 55MB) CPU [0%@1728,0%@1728,0%@1728,0%@1728,0%@1728,0%@1728] GR3D_FREQ 99% cpu@71.781C soc2@70.625C soc0@71C gpu@74.125C tj@74.125C soc1@71.468C VDD_IN 19595mW/19428mW VDD_CPU_GPU_CV 8413mW/8350mW VDD_SOC 4951mW/4909mW
08-05-2026 04:39:02 RAM 5296/7620MB (lfb 19x4MB) SWAP 3111/12002MB (cached 55MB) CPU [9%@1728,0%@1728,0%@1728,0%@1728,0%@1728,0%@1728] GR3D_FREQ 99% cpu@71.562C soc2@70.562C soc0@71C gpu@74.187C tj@74.187C soc1@71.437C VDD_IN 19555mW/19428mW VDD_CPU_GPU_CV 8413mW/8350mW VDD_SOC 4911mW/4909mW
08-05-2026 04:39:02 RAM 5296/7620MB (lfb 19x4MB) SWAP 3111/12002MB (cached 55MB) CPU [0%@1728,0%@1728,9%@1728,0%@1728,0%@1728,0%@1728] GR3D_FREQ 99% cpu@71.562C soc2@70.531C soc0@70.968C gpu@73.562C tj@73.562C soc1@71.531C VDD_IN 19393mW/19428mW VDD_CPU_GPU_CV 8333mW/8350mW VDD_SOC 4911mW/4909mW
08-05-2026 04:39:02 RAM 5296/7620MB (lfb 19x4MB) SWAP 3111/12002MB (cached 55MB) CPU [0%@1728,0%@1728,0%@1728,0%@1728,0%@1728,0%@1728] GR3D_FREQ 99% cpu@71.625C soc2@70.562C soc0@71.093C gpu@74.156C tj@74.156C soc1@71.531C VDD_IN 19313mW/19428mW VDD_CPU_GPU_CV 8293mW/8350mW VDD_SOC 4870mW/4909mW
08-05-2026 04:39:02 RAM 5296/7620MB (lfb 19x4MB) SWAP 3111/12002MB (cached 55MB) CPU [0%@1728,8%@1728,0%@1728,8%@1728,0%@1728,0%@1728] GR3D_FREQ 99% cpu@71.781C soc2@70.625C soc0@71.156C gpu@73.875C tj@73.875C soc1@71.75C VDD_IN 19272mW/19428mW VDD_CPU_GPU_CV 8293mW/8350mW VDD_SOC 4870mW/4909mW
08-05-2026 04:39:02 RAM 5296/7620MB (lfb 19x4MB) SWAP 3111/12002MB (cached 55MB) CPU [0%@1728,0%@1728,0%@1728,0%@1728,18%@1728,0%@1728] GR3D_FREQ 96% cpu@71.812C soc2@70.531C soc0@70.906C gpu@73.656C tj@73.656C soc1@71.468C VDD_IN 19474mW/19428mW VDD_CPU_GPU_CV 8373mW/8350mW VDD_SOC 4911mW/4909mW
08-05-2026 04:39:03 RAM 5296/7620MB (lfb 19x4MB) SWAP 3111/12002MB (cached 55MB) CPU [0%@1728,0%@1728,9%@1728,0%@1728,0%@1728,9%@1728] GR3D_FREQ 99% cpu@71.687C soc2@70.718C soc0@71C gpu@74.156C tj@74.156C soc1@71.437C VDD_IN 19564mW/19428mW VDD_CPU_GPU_CV 8413mW/8350mW VDD_SOC 4943mW/4909mW
08-05-2026 04:39:03 RAM 5296/7620MB (lfb 19x4MB) SWAP 3111/12002MB (cached 55MB) CPU [0%@1728,8%@1728,0%@1728,0%@1728,0%@1728,0%@1728] GR3D_FREQ 99% cpu@71.593C soc2@70.531C soc0@71.187C gpu@74.125C tj@74.125C soc1@71.531C VDD_IN 19604mW/19428mW VDD_CPU_GPU_CV 8453mW/8350mW VDD_SOC 4943mW/4909mW
08-05-2026 04:39:03 RAM 5296/7620MB (lfb 19x4MB) SWAP 3111/12002MB (cached 55MB) CPU [0%@1728,0%@1728,0%@1728,0%@1728,8%@1728,0%@1728] GR3D_FREQ 99% cpu@71.687C soc2@70.718C soc0@71.156C gpu@73.562C tj@73.562C soc1@71.625C VDD_IN 19514mW/19428mW VDD_CPU_GPU_CV 8373mW/8350mW VDD_SOC 4951mW/4909mW
08-05-2026 04:39:03 RAM 5296/7620MB (lfb 19x4MB) SWAP 3111/12002MB (cached 55MB) CPU [8%@1728,0%@1728,0%@1728,0%@1728,0%@1728,18%@1728] GR3D_FREQ 99% cpu@71.812C soc2@70.656C soc0@70.937C gpu@74.156C tj@74.156C soc1@71.531C VDD_IN 19272mW/19428mW VDD_CPU_GPU_CV 8293mW/8350mW VDD_SOC 4870mW/4909mW
08-05-2026 04:39:03 RAM 5298/7620MB (lfb 19x4MB) SWAP 3111/12002MB (cached 55MB) CPU [9%@1728,20%@1728,16%@1728,10%@1728,9%@1728,0%@1728] GR3D_FREQ 99% cpu@71.718C soc2@70.531C soc0@71C gpu@73.781C tj@73.781C soc1@71.406C VDD_IN 19353mW/19428mW VDD_CPU_GPU_CV 8333mW/8350mW VDD_SOC 4870mW/4909mW
08-05-2026 04:39:03 RAM 5298/7620MB (lfb 19x4MB) SWAP 3110/12002MB (cached 55MB) CPU [0%@1728,0%@1728,0%@1728,0%@1728,0%@1728,0%@1728] GR3D_FREQ 99% cpu@71.656C soc2@70.593C soc0@71.093C gpu@74.187C tj@74.187C soc1@71.593C VDD_IN 19434mW/19428mW VDD_CPU_GPU_CV 8373mW/8350mW VDD_SOC 4911mW/4909mW
08-05-2026 04:39:03 RAM 5298/7620MB (lfb 19x4MB) SWAP 3110/12002MB (cached 55MB) CPU [0%@1728,0%@1728,0%@1728,15%@1728,0%@1728,0%@1728] GR3D_FREQ 99% cpu@71.75C soc2@70.687C soc0@71.125C gpu@74C tj@74C soc1@71.687C VDD_IN 19604mW/19428mW VDD_CPU_GPU_CV 8453mW/8350mW VDD_SOC 4943mW/4909mW
08-05-2026 04:39:03 RAM 5298/7620MB (lfb 19x4MB) SWAP 3110/12002MB (cached 55MB) CPU [10%@1728,0%@1728,0%@1728,0%@1728,0%@1728,0%@1728] GR3D_FREQ 99% cpu@71.843C soc2@70.656C soc0@71.218C gpu@74.125C tj@74.125C soc1@71.781C VDD_IN 19635mW/19428mW VDD_CPU_GPU_CV 8453mW/8350mW VDD_SOC 4943mW/4909mW
08-05-2026 04:39:03 RAM 5298/7620MB (lfb 19x4MB) SWAP 3110/12002MB (cached 55MB) CPU [0%@1728,0%@1728,0%@1728,0%@1728,0%@1728,0%@1728] GR3D_FREQ 99% cpu@71.656C soc2@70.656C soc0@70.968C gpu@74.062C tj@74.062C soc1@71.531C VDD_IN 19514mW/19428mW VDD_CPU_GPU_CV 8373mW/8350mW VDD_SOC 4951mW/4909mW
08-05-2026 04:39:04 RAM 5298/7620MB (lfb 19x4MB) SWAP 3110/12002MB (cached 55MB) CPU [0%@1728,9%@1728,0%@1728,0%@1728,0%@1728,0%@1728] GR3D_FREQ 99% cpu@71.656C soc2@70.687C soc0@71.125C gpu@73.968C tj@73.968C soc1@71.625C VDD_IN 19393mW/19428mW VDD_CPU_GPU_CV 8333mW/8350mW VDD_SOC 4911mW/4909mW
08-05-2026 04:39:04 RAM 5298/7620MB (lfb 19x4MB) SWAP 3110/12002MB (cached 55MB) CPU [0%@1728,0%@1728,0%@1728,0%@1728,9%@1728,0%@1728] GR3D_FREQ 99% cpu@71.625C soc2@70.593C soc0@71.187C gpu@73.75C tj@73.75C soc1@71.531C VDD_IN 19393mW/19428mW VDD_CPU_GPU_CV 8333mW/8350mW VDD_SOC 4911mW/4909mW
08-05-2026 04:39:04 RAM 5298/7620MB (lfb 19x4MB) SWAP 3110/12002MB (cached 55MB) CPU [0%@1728,0%@1728,0%@1728,0%@1728,0%@1728,0%@1728] GR3D_FREQ 99% cpu@71.75C soc2@70.656C soc0@71.218C gpu@74.093C tj@74.093C soc1@71.75C VDD_IN 19393mW/19428mW VDD_CPU_GPU_CV 8333mW/8350mW VDD_SOC 4911mW/4909mW
08-05-2026 04:39:04 RAM 5298/7620MB (lfb 19x4MB) SWAP 3110/12002MB (cached 55MB) CPU [0%@1728,0%@1728,0%@1728,0%@1728,0%@1728,18%@1728] GR3D_FREQ 99% cpu@71.906C soc2@70.625C soc0@71.062C gpu@73.968C tj@73.968C soc1@71.562C VDD_IN 19595mW/19428mW VDD_CPU_GPU_CV 8373mW/8350mW VDD_SOC 4943mW/4909mW
08-05-2026 04:39:04 RAM 5298/7620MB (lfb 19x4MB) SWAP 3110/12002MB (cached 55MB) CPU [0%@1728,0%@1728,0%@1728,0%@1728,0%@1728,0%@1728] GR3D_FREQ 99% cpu@71.781C soc2@70.656C soc0@71.031C gpu@73.812C tj@73.812C soc1@71.562C VDD_IN 19595mW/19429mW VDD_CPU_GPU_CV 8413mW/8350mW VDD_SOC 4943mW/4909mW
08-05-2026 04:39:04 RAM 5298/7620MB (lfb 19x4MB) SWAP 3110/12002MB (cached 55MB) CPU [0%@1728,10%@1728,0%@1728,0%@1728,9%@1728,0%@1728] GR3D_FREQ 99% cpu@71.718C soc2@70.656C soc0@71.062C gpu@73.937C tj@73.937C soc1@71.687C VDD_IN 19434mW/19429mW VDD_CPU_GPU_CV 8293mW/8350mW VDD_SOC 4911mW/4909mW
08-05-2026 04:39:04 RAM 5298/7620MB (lfb 19x4MB) SWAP 3110/12002MB (cached 55MB) CPU [0%@1728,0%@1728,0%@1728,0%@1728,0%@1728,0%@1728] GR3D_FREQ 99% cpu@71.75C soc2@70.75C soc0@71.218C gpu@73.875C tj@73.875C soc1@71.625C VDD_IN 19313mW/19428mW VDD_CPU_GPU_CV 8293mW/8350mW VDD_SOC 4870mW/4909mW
08-05-2026 04:39:04 RAM 5298/7620MB (lfb 19x4MB) SWAP 3110/12002MB (cached 55MB) CPU [0%@1728,0%@1728,0%@1728,0%@1728,0%@1728,0%@1728] GR3D_FREQ 99% cpu@71.875C soc2@70.781C soc0@71.312C gpu@73.687C tj@73.687C soc1@71.5C VDD_IN 19313mW/19428mW VDD_CPU_GPU_CV 8293mW/8350mW VDD_SOC 4870mW/4909mW
08-05-2026 04:39:04 RAM 5298/7620MB (lfb 19x4MB) SWAP 3110/12002MB (cached 55MB) CPU [0%@1728,0%@1728,0%@1728,0%@1728,0%@1728,0%@1728] GR3D_FREQ 99% cpu@71.781C soc2@70.625C soc0@71.093C gpu@74.062C tj@74.062C soc1@71.531C VDD_IN 19393mW/19428mW VDD_CPU_GPU_CV 8293mW/8350mW VDD_SOC 4870mW/4909mW
08-05-2026 04:39:04 RAM 5298/7620MB (lfb 19x4MB) SWAP 3110/12002MB (cached 55MB) CPU [0%@1728,0%@1728,0%@1728,0%@1728,0%@1728,0%@1728] GR3D_FREQ 99% cpu@71.75C soc2@70.718C soc0@71.125C gpu@73.937C tj@73.937C soc1@71.562C VDD_IN 19635mW/19428mW VDD_CPU_GPU_CV 8413mW/8350mW VDD_SOC 4951mW/4909mW
08-05-2026 04:39:05 RAM 5298/7620MB (lfb 19x4MB) SWAP 3110/12002MB (cached 55MB) CPU [0%@1728,0%@1728,0%@1728,0%@1728,8%@1728,0%@1728] GR3D_FREQ 99% cpu@71.781C soc2@70.781C soc0@71.156C gpu@73.843C tj@73.843C soc1@71.656C VDD_IN 19604mW/19429mW VDD_CPU_GPU_CV 8413mW/8350mW VDD_SOC 4943mW/4909mW
08-05-2026 04:39:05 RAM 5298/7620MB (lfb 19x4MB) SWAP 3110/12002MB (cached 55MB) CPU [0%@1728,0%@1728,0%@1728,0%@1728,0%@1728,0%@1728] GR3D_FREQ 99% cpu@71.875C soc2@70.875C soc0@71.312C gpu@74.343C tj@74.343C soc1@71.843C VDD_IN 19604mW/19429mW VDD_CPU_GPU_CV 8453mW/8350mW VDD_SOC 4943mW/4909mW
08-05-2026 04:39:05 RAM 5298/7620MB (lfb 19x4MB) SWAP 3110/12002MB (cached 55MB) CPU [0%@1728,18%@1728,0%@1728,0%@1728,0%@1728,0%@1728] GR3D_FREQ 99% cpu@72.062C soc2@70.781C soc0@71.093C gpu@73.656C tj@73.656C soc1@71.593C VDD_IN 19393mW/19429mW VDD_CPU_GPU_CV 8333mW/8350mW VDD_SOC 4911mW/4909mW
08-05-2026 04:39:05 RAM 5298/7620MB (lfb 19x4MB) SWAP 3110/12002MB (cached 55MB) CPU [9%@1728,0%@1728,0%@1728,0%@1728,0%@1728,9%@1728] GR3D_FREQ 99% cpu@71.812C soc2@70.656C soc0@71.187C gpu@74.343C tj@74.343C soc1@71.687C VDD_IN 19272mW/19429mW VDD_CPU_GPU_CV 8253mW/8350mW VDD_SOC 4870mW/4909mW
08-05-2026 04:39:05 RAM 5298/7620MB (lfb 19x4MB) SWAP 3110/12002MB (cached 55MB) CPU [0%@1728,0%@1728,0%@1728,0%@1728,9%@1728,0%@1728] GR3D_FREQ 99% cpu@71.781C soc2@70.625C soc0@71.187C gpu@73.812C tj@73.812C soc1@71.75C VDD_IN 19353mW/19429mW VDD_CPU_GPU_CV 8293mW/8350mW VDD_SOC 4870mW/4909mW
08-05-2026 04:39:05 RAM 5298/7620MB (lfb 19x4MB) SWAP 3110/12002MB (cached 55MB) CPU [8%@1728,0%@1728,0%@1728,0%@1728,0%@1728,9%@1728] GR3D_FREQ 99% cpu@71.906C soc2@70.75C soc0@71.281C gpu@74C tj@74C soc1@71.656C VDD_IN 19595mW/19429mW VDD_CPU_GPU_CV 8413mW/8350mW VDD_SOC 4943mW/4909mW
08-05-2026 04:39:05 RAM 5298/7620MB (lfb 19x4MB) SWAP 3110/12002MB (cached 55MB) CPU [0%@1728,0%@1728,0%@1728,0%@1728,0%@1728,0%@1728] GR3D_FREQ 99% cpu@71.843C soc2@70.781C soc0@71.343C gpu@74.375C tj@74.375C soc1@71.875C VDD_IN 19595mW/19429mW VDD_CPU_GPU_CV 8413mW/8350mW VDD_SOC 4943mW/4909mW
08-05-2026 04:39:05 RAM 5298/7620MB (lfb 19x4MB) SWAP 3110/12002MB (cached 55MB) CPU [0%@1728,0%@1728,0%@1728,0%@1728,0%@1728,0%@1728] GR3D_FREQ 99% cpu@71.937C soc2@70.937C soc0@71.25C gpu@74.031C tj@74.031C soc1@71.718C VDD_IN 19595mW/19429mW VDD_CPU_GPU_CV 8453mW/8350mW VDD_SOC 4943mW/4909mW
08-05-2026 04:39:05 RAM 5298/7620MB (lfb 19x4MB) SWAP 3110/12002MB (cached 55MB) CPU [0%@1728,0%@1728,0%@1728,0%@1728,0%@1728,0%@1728] GR3D_FREQ 99% cpu@71.812C soc2@70.718C soc0@71.25C gpu@73.593C tj@73.593C soc1@71.687C VDD_IN 19434mW/19429mW VDD_CPU_GPU_CV 8333mW/8350mW VDD_SOC 4911mW/4909mW
08-05-2026 04:39:06 RAM 5298/7620MB (lfb 19x4MB) SWAP 3110/12002MB (cached 55MB) CPU [0%@1728,11%@1728,0%@1728,0%@1728,0%@1728,0%@1728] GR3D_FREQ 99% cpu@71.843C soc2@70.781C soc0@71.187C gpu@73.968C tj@73.968C soc1@71.718C VDD_IN 19353mW/19429mW VDD_CPU_GPU_CV 8333mW/8350mW VDD_SOC 4911mW/4909mW
08-05-2026 04:39:06 RAM 5298/7620MB (lfb 19x4MB) SWAP 3110/12002MB (cached 55MB) CPU [0%@1728,0%@1728,0%@1728,0%@1728,0%@1728,0%@1728] GR3D_FREQ 99% cpu@71.875C soc2@70.718C soc0@71.25C gpu@73.75C tj@73.75C soc1@71.75C VDD_IN 19353mW/19429mW VDD_CPU_GPU_CV 8293mW/8350mW VDD_SOC 4870mW/4909mW
08-05-2026 04:39:06 RAM 5298/7620MB (lfb 19x4MB) SWAP 3110/12002MB (cached 55MB) CPU [0%@1728,0%@1728,0%@1728,0%@1728,0%@1728,0%@1728] GR3D_FREQ 99% cpu@71.968C soc2@70.843C soc0@71.375C gpu@73.843C tj@73.843C soc1@71.625C VDD_IN 19555mW/19429mW VDD_CPU_GPU_CV 8413mW/8350mW VDD_SOC 4951mW/4909mW
08-05-2026 04:39:06 RAM 5298/7620MB (lfb 19x4MB) SWAP 3110/12002MB (cached 55MB) CPU [0%@1728,0%@1728,0%@1728,0%@1728,0%@1728,0%@1728] GR3D_FREQ 99% cpu@71.937C soc2@70.781C soc0@71.125C gpu@74C tj@74C soc1@71.625C VDD_IN 19595mW/19429mW VDD_CPU_GPU_CV 8373mW/8350mW VDD_SOC 4943mW/4909mW
08-05-2026 04:39:06 RAM 5298/7620MB (lfb 19x4MB) SWAP 3110/12002MB (cached 55MB) CPU [0%@1728,0%@1728,0%@1728,0%@1728,0%@1728,0%@1728] GR3D_FREQ 99% cpu@71.875C soc2@70.75C soc0@71.218C gpu@74.031C tj@74.031C soc1@71.687C VDD_IN 19555mW/19429mW VDD_CPU_GPU_CV 8413mW/8350mW VDD_SOC 4943mW/4909mW
08-05-2026 04:39:06 RAM 5298/7620MB (lfb 19x4MB) SWAP 3110/12002MB (cached 55MB) CPU [8%@1728,0%@1728,0%@1728,0%@1728,0%@1728,9%@1728] GR3D_FREQ 99% cpu@71.843C soc2@70.687C soc0@71.187C gpu@73.75C tj@73.5C soc1@71.625C VDD_IN 19313mW/19429mW VDD_CPU_GPU_CV 8293mW/8350mW VDD_SOC 4911mW/4909mW
08-05-2026 04:39:06 RAM 5298/7620MB (lfb 19x4MB) SWAP 3110/12002MB (cached 55MB) CPU [0%@1728,0%@1728,0%@1728,0%@1728,0%@1728,0%@1728] GR3D_FREQ 99% cpu@71.968C soc2@70.687C soc0@71.343C gpu@74C tj@74C soc1@71.843C VDD_IN 19272mW/19429mW VDD_CPU_GPU_CV 8293mW/8350mW VDD_SOC 4870mW/4909mW
08-05-2026 04:39:06 RAM 5300/7620MB (lfb 19x4MB) SWAP 3110/12002MB (cached 55MB) CPU [0%@1728,27%@1728,9%@1728,20%@1728,9%@1728,0%@1728] GR3D_FREQ 96% cpu@72.031C soc2@70.843C soc0@71.125C gpu@73.843C tj@73.843C soc1@71.593C VDD_IN 19393mW/19429mW VDD_CPU_GPU_CV 8333mW/8350mW VDD_SOC 4870mW/4909mW
08-05-2026 04:39:06 RAM 5300/7620MB (lfb 19x4MB) SWAP 3110/12002MB (cached 55MB) CPU [0%@1728,0%@1728,0%@1728,0%@1728,0%@1728,0%@1728] GR3D_FREQ 99% cpu@72.031C soc2@70.843C soc0@71.187C gpu@74.187C tj@74.187C soc1@71.593C VDD_IN 19595mW/19429mW VDD_CPU_GPU_CV 8453mW/8350mW VDD_SOC 4951mW/4909mW
08-05-2026 04:39:06 RAM 5300/7620MB (lfb 19x4MB) SWAP 3110/12002MB (cached 55MB) CPU [0%@1728,0%@1728,0%@1728,0%@1728,0%@1728,0%@1728] GR3D_FREQ 99% cpu@71.875C soc2@70.812C soc0@71.156C gpu@73.968C tj@73.968C soc1@71.625C VDD_IN 19644mW/19429mW VDD_CPU_GPU_CV 8453mW/8351mW VDD_SOC 4943mW/4909mW
08-05-2026 04:39:07 RAM 5300/7620MB (lfb 19x4MB) SWAP 3110/12002MB (cached 55MB) CPU [0%@1728,0%@1728,0%@1728,0%@1728,0%@1728,0%@1728] GR3D_FREQ 99% cpu@71.906C soc2@70.812C soc0@71.125C gpu@74.093C tj@74.093C soc1@71.75C VDD_IN 19604mW/19430mW VDD_CPU_GPU_CV 8493mW/8351mW VDD_SOC 4943mW/4909mW
08-05-2026 04:39:07 RAM 5300/7620MB (lfb 19x4MB) SWAP 3110/12002MB (cached 55MB) CPU [0%@1728,0%@1728,0%@1728,0%@1728,0%@1728,0%@1728] GR3D_FREQ 99% cpu@71.968C soc2@70.843C soc0@71.343C gpu@73.718C tj@73.718C soc1@71.843C VDD_IN 19514mW/19430mW VDD_CPU_GPU_CV 8373mW/8351mW VDD_SOC 4951mW/4909mW
08-05-2026 04:39:07 RAM 5300/7620MB (lfb 19x4MB) SWAP 3110/12002MB (cached 55MB) CPU [0%@1728,0%@1728,0%@1728,0%@1728,0%@1728,50%@1728] GR3D_FREQ 99% cpu@71.937C soc2@70.718C soc0@71C gpu@73.906C tj@73.906C soc1@71.625C VDD_IN 19474mW/19430mW VDD_CPU_GPU_CV 8413mW/8351mW VDD_SOC 4911mW/4909mW
08-05-2026 04:39:07 RAM 5300/7620MB (lfb 19x4MB) SWAP 3110/12002MB (cached 55MB) CPU [16%@1728,10%@1728,0%@1728,0%@1728,0%@1728,45%@1728] GR3D_FREQ 99% cpu@71.812C soc2@70.625C soc0@71.156C gpu@73.718C tj@73.718C soc1@71.687C VDD_IN 19313mW/19430mW VDD_CPU_GPU_CV 8333mW/8351mW VDD_SOC 4870mW/4909mW
08-05-2026 04:39:07 RAM 5300/7620MB (lfb 19x4MB) SWAP 3110/12002MB (cached 55MB) CPU [0%@1728,10%@1728,0%@1728,9%@1728,9%@1728,0%@1728] GR3D_FREQ 99% cpu@72.031C soc2@70.75C soc0@71.156C gpu@73.968C tj@73.968C soc1@71.718C VDD_IN 19595mW/19430mW VDD_CPU_GPU_CV 8453mW/8351mW VDD_SOC 4951mW/4909mW
08-05-2026 04:39:07 RAM 5300/7620MB (lfb 19x4MB) SWAP 3110/12002MB (cached 55MB) CPU [0%@1728,0%@1728,0%@1728,0%@1728,0%@1728,0%@1728] GR3D_FREQ 99% cpu@71.937C soc2@70.781C soc0@71.218C gpu@73.968C tj@73.968C soc1@71.781C VDD_IN 19604mW/19430mW VDD_CPU_GPU_CV 8453mW/8351mW VDD_SOC 4943mW/4909mW
08-05-2026 04:39:07 RAM 5300/7620MB (lfb 19x4MB) SWAP 3110/12002MB (cached 55MB) CPU [0%@1728,0%@1728,0%@1728,0%@1728,0%@1728,0%@1728] GR3D_FREQ 99% cpu@71.968C soc2@70.718C soc0@71.156C gpu@74.25C tj@74.25C soc1@71.562C VDD_IN 19604mW/19430mW VDD_CPU_GPU_CV 8493mW/8351mW VDD_SOC 4943mW/4909mW
08-05-2026 04:39:07 RAM 5300/7620MB (lfb 19x4MB) SWAP 3110/12002MB (cached 55MB) CPU [0%@1728,8%@1728,0%@1728,0%@1728,0%@1728,0%@1728] GR3D_FREQ 99% cpu@72.031C soc2@70.625C soc0@71.093C gpu@73.75C tj@73.75C soc1@71.593C VDD_IN 19474mW/19430mW VDD_CPU_GPU_CV 8373mW/8351mW VDD_SOC 4951mW/4909mW
08-05-2026 04:39:07 RAM 5300/7620MB (lfb 19x4MB) SWAP 3110/12002MB (cached 55MB) CPU [0%@1728,0%@1728,0%@1728,0%@1728,0%@1728,0%@1728] GR3D_FREQ 99% cpu@71.781C soc2@70.75C soc0@71.187C gpu@73.875C tj@73.875C soc1@71.656C VDD_IN 19353mW/19430mW VDD_CPU_GPU_CV 8333mW/8351mW VDD_SOC 4911mW/4909mW
08-05-2026 04:39:08 RAM 5300/7620MB (lfb 19x4MB) SWAP 3110/12002MB (cached 55MB) CPU [0%@1728,0%@1728,0%@1728,0%@1728,0%@1728,0%@1728] GR3D_FREQ 99% cpu@71.906C soc2@70.781C soc0@71.25C gpu@73.968C tj@73.968C soc1@71.687C VDD_IN 19353mW/19430mW VDD_CPU_GPU_CV 8333mW/8351mW VDD_SOC 4911mW/4909mW
08-05-2026 04:39:08 RAM 5300/7620MB (lfb 19x4MB) SWAP 3110/12002MB (cached 55MB) CPU [0%@1728,0%@1728,9%@1728,0%@1728,0%@1728,0%@1728] GR3D_FREQ 99% cpu@71.812C soc2@70.843C soc0@71.375C gpu@73.843C tj@73.843C soc1@71.843C VDD_IN 19474mW/19430mW VDD_CPU_GPU_CV 8373mW/8351mW VDD_SOC 4911mW/4909mW
08-05-2026 04:39:08 RAM 5300/7620MB (lfb 19x4MB) SWAP 3110/12002MB (cached 55MB) CPU [0%@1728,9%@1728,0%@1728,0%@1728,9%@1728,0%@1728] GR3D_FREQ 99% cpu@71.937C soc2@70.718C soc0@71.125C gpu@74.156C tj@73.781C soc1@71.531C VDD_IN 19644mW/19430mW VDD_CPU_GPU_CV 8453mW/8351mW VDD_SOC 4983mW/4909mW
08-05-2026 04:39:08 RAM 5300/7620MB (lfb 19x4MB) SWAP 3110/12002MB (cached 55MB) CPU [0%@1728,10%@1728,0%@1728,0%@1728,0%@1728,9%@1728] GR3D_FREQ 99% cpu@72.093C soc2@70.781C soc0@71.093C gpu@74.093C tj@74.093C soc1@71.656C VDD_IN 19595mW/19430mW VDD_CPU_GPU_CV 8453mW/8351mW VDD_SOC 4951mW/4909mW
08-05-2026 04:39:08 RAM 5300/7620MB (lfb 19x4MB) SWAP 3110/12002MB (cached 55MB) CPU [0%@1728,0%@1728,0%@1728,0%@1728,0%@1728,9%@1728] GR3D_FREQ 99% cpu@71.812C soc2@70.812C soc0@71.156C gpu@73.656C tj@73.656C soc1@71.656C VDD_IN 19393mW/19430mW VDD_CPU_GPU_CV 8333mW/8351mW VDD_SOC 4911mW/4909mW
08-05-2026 04:39:08 RAM 5300/7620MB (lfb 19x4MB) SWAP 3110/12002MB (cached 55MB) CPU [0%@1728,0%@1728,0%@1728,0%@1728,0%@1728,0%@1728] GR3D_FREQ 99% cpu@71.812C soc2@70.781C soc0@71.218C gpu@74.25C tj@74.25C soc1@71.875C VDD_IN 19313mW/19430mW VDD_CPU_GPU_CV 8293mW/8351mW VDD_SOC 4870mW/4909mW
08-05-2026 04:39:08 RAM 5300/7620MB (lfb 19x4MB) SWAP 3110/12002MB (cached 55MB) CPU [0%@1728,0%@1728,9%@1728,0%@1728,0%@1728,0%@1728] GR3D_FREQ 99% cpu@71.937C soc2@70.812C soc0@71.093C gpu@73.843C tj@73.843C soc1@71.562C VDD_IN 19272mW/19430mW VDD_CPU_GPU_CV 8293mW/8351mW VDD_SOC 4870mW/4909mW
08-05-2026 04:39:08 RAM 5300/7620MB (lfb 19x4MB) SWAP 3110/12002MB (cached 55MB) CPU [8%@1728,0%@1728,0%@1728,0%@1728,0%@1728,0%@1728] GR3D_FREQ 99% cpu@71.968C soc2@70.687C soc0@70.968C gpu@73.843C tj@73.843C soc1@71.656C VDD_IN 19434mW/19430mW VDD_CPU_GPU_CV 8333mW/8351mW VDD_SOC 4911mW/4909mW
08-05-2026 04:39:08 RAM 5300/7620MB (lfb 19x4MB) SWAP 3110/12002MB (cached 55MB) CPU [0%@1728,0%@1728,0%@1728,8%@1728,0%@1728,0%@1728] GR3D_FREQ 99% cpu@71.812C soc2@70.718C soc0@71.187C gpu@74.062C tj@74.062C soc1@71.718C VDD_IN 19604mW/19430mW VDD_CPU_GPU_CV 8453mW/8351mW VDD_SOC 4943mW/4909mW
08-05-2026 04:39:08 RAM 5300/7620MB (lfb 19x4MB) SWAP 3110/12002MB (cached 55MB) CPU [0%@1728,0%@1728,0%@1728,0%@1728,0%@1728,0%@1728] GR3D_FREQ 99% cpu@71.812C soc2@70.718C soc0@71.125C gpu@73.968C tj@73.968C soc1@71.718C VDD_IN 19604mW/19430mW VDD_CPU_GPU_CV 8453mW/8351mW VDD_SOC 4943mW/4909mW
08-05-2026 04:39:09 RAM 5300/7620MB (lfb 19x4MB) SWAP 3110/12002MB (cached 55MB) CPU [0%@1728,10%@1728,0%@1728,0%@1728,0%@1728,0%@1728] GR3D_FREQ 99% cpu@71.906C soc2@70.687C soc0@71.25C gpu@73.906C tj@73.906C soc1@71.562C VDD_IN 19514mW/19430mW VDD_CPU_GPU_CV 8373mW/8351mW VDD_SOC 4951mW/4909mW
08-05-2026 04:39:09 RAM 5300/7620MB (lfb 19x4MB) SWAP 3110/12002MB (cached 55MB) CPU [0%@1728,0%@1728,0%@1728,0%@1728,0%@1728,0%@1728] GR3D_FREQ 99% cpu@71.875C soc2@70.656C soc0@71.093C gpu@73.906C tj@73.906C soc1@71.562C VDD_IN 19393mW/19430mW VDD_CPU_GPU_CV 8333mW/8351mW VDD_SOC 4911mW/4909mW
08-05-2026 04:39:09 RAM 5300/7620MB (lfb 19x4MB) SWAP 3110/12002MB (cached 55MB) CPU [0%@1728,0%@1728,0%@1728,0%@1728,0%@1728,9%@1728] GR3D_FREQ 99% cpu@72.093C soc2@70.687C soc0@71.125C gpu@74C tj@74C soc1@71.562C VDD_IN 19353mW/19430mW VDD_CPU_GPU_CV 8333mW/8351mW VDD_SOC 4911mW/4909mW
08-05-2026 04:39:09 RAM 5300/7620MB (lfb 19x4MB) SWAP 3110/12002MB (cached 55MB) CPU [18%@1728,0%@1728,0%@1728,0%@1728,0%@1728,9%@1728] GR3D_FREQ 99% cpu@71.812C soc2@70.718C soc0@71.125C gpu@74C tj@74C soc1@71.687C VDD_IN 19353mW/19430mW VDD_CPU_GPU_CV 8333mW/8351mW VDD_SOC 4911mW/4909mW
08-05-2026 04:39:09 RAM 5300/7620MB (lfb 19x4MB) SWAP 3110/12002MB (cached 55MB) CPU [0%@1728,0%@1728,0%@1728,0%@1728,0%@1728,0%@1728] GR3D_FREQ 99% cpu@71.843C soc2@70.718C soc0@71.25C gpu@74.031C tj@74.031C soc1@71.718C VDD_IN 19604mW/19430mW VDD_CPU_GPU_CV 8413mW/8351mW VDD_SOC 4951mW/4909mW
08-05-2026 04:39:09 RAM 5300/7620MB (lfb 19x4MB) SWAP 3110/12002MB (cached 55MB) CPU [0%@1728,0%@1728,0%@1728,0%@1728,0%@1728,16%@1728] GR3D_FREQ 99% cpu@71.906C soc2@70.687C soc0@71.125C gpu@73.937C tj@73.937C soc1@71.562C VDD_IN 19555mW/19431mW VDD_CPU_GPU_CV 8413mW/8351mW VDD_SOC 4951mW/4909mW
08-05-2026 04:39:09 RAM 5300/7620MB (lfb 19x4MB) SWAP 3110/12002MB (cached 55MB) CPU [0%@1728,0%@1728,0%@1728,0%@1728,0%@1728,0%@1728] GR3D_FREQ 99% cpu@72.062C soc2@70.625C soc0@71.062C gpu@74.218C tj@74.218C soc1@71.656C VDD_IN 19514mW/19431mW VDD_CPU_GPU_CV 8413mW/8351mW VDD_SOC 4951mW/4909mW
08-05-2026 04:39:09 RAM 5300/7620MB (lfb 19x4MB) SWAP 3110/12002MB (cached 55MB) CPU [0%@1728,18%@1728,0%@1728,0%@1728,0%@1728,0%@1728] GR3D_FREQ 99% cpu@72.156C soc2@70.687C soc0@71.156C gpu@73.875C tj@73.875C soc1@71.687C VDD_IN 19353mW/19431mW VDD_CPU_GPU_CV 8293mW/8351mW VDD_SOC 4870mW/4909mW
08-05-2026 04:39:09 RAM 5300/7620MB (lfb 19x4MB) SWAP 3110/12002MB (cached 55MB) CPU [0%@1728,0%@1728,0%@1728,0%@1728,0%@1728,0%@1728] GR3D_FREQ 99% cpu@71.812C soc2@70.687C soc0@71.093C gpu@74.218C tj@74.218C soc1@71.687C VDD_IN 19313mW/19430mW VDD_CPU_GPU_CV 8293mW/8351mW VDD_SOC 4870mW/4909mW
08-05-2026 04:39:10 RAM 5303/7620MB (lfb 19x4MB) SWAP 3110/12002MB (cached 55MB) CPU [10%@1728,20%@1728,16%@1728,18%@1728,0%@1728,0%@1728] GR3D_FREQ 99% cpu@71.968C soc2@70.687C soc0@71.156C gpu@73.937C tj@73.937C soc1@71.593C VDD_IN 19434mW/19430mW VDD_CPU_GPU_CV 8333mW/8351mW VDD_SOC 4911mW/4909mW
08-05-2026 04:39:10 RAM 5303/7620MB (lfb 19x4MB) SWAP 3110/12002MB (cached 55MB) CPU [0%@1728,0%@1728,0%@1728,0%@1728,0%@1728,0%@1728] GR3D_FREQ 99% cpu@72C soc2@70.562C soc0@70.968C gpu@74.031C tj@74.031C soc1@71.531C VDD_IN 19644mW/19431mW VDD_CPU_GPU_CV 8453mW/8351mW VDD_SOC 4943mW/4909mW
08-05-2026 04:39:10 RAM 5303/7620MB (lfb 19x4MB) SWAP 3110/12002MB (cached 55MB) CPU [0%@1728,0%@1728,0%@1728,0%@1728,0%@1728,9%@1728] GR3D_FREQ 99% cpu@72.156C soc2@70.656C soc0@71.031C gpu@74.25C tj@74.25C soc1@71.656C VDD_IN 19635mW/19431mW VDD_CPU_GPU_CV 8453mW/8352mW VDD_SOC 4943mW/4909mW
08-05-2026 04:39:10 RAM 5303/7620MB (lfb 19x4MB) SWAP 3110/12002MB (cached 55MB) CPU [0%@1728,0%@1728,0%@1728,0%@1728,0%@1728,0%@1728] GR3D_FREQ 99% cpu@71.812C soc2@70.656C soc0@71.062C gpu@74.125C tj@74.125C soc1@71.718C VDD_IN 19595mW/19431mW VDD_CPU_GPU_CV 8413mW/8352mW VDD_SOC 4951mW/4910mW
08-05-2026 04:39:10 RAM 5303/7620MB (lfb 19x4MB) SWAP 3110/12002MB (cached 55MB) CPU [0%@1728,0%@1728,0%@1728,0%@1728,18%@1728,0%@1728] GR3D_FREQ 99% cpu@71.843C soc2@70.75C soc0@71.218C gpu@73.718C tj@73.718C soc1@71.687C VDD_IN 19313mW/19431mW VDD_CPU_GPU_CV 8253mW/8351mW VDD_SOC 4870mW/4909mW
08-05-2026 04:39:10 RAM 5303/7620MB (lfb 19x4MB) SWAP 3110/12002MB (cached 55MB) CPU [0%@1728,18%@1728,0%@1728,0%@1728,0%@1728,0%@1728] GR3D_FREQ 99% cpu@71.906C soc2@70.75C soc0@71C gpu@74C tj@74C soc1@71.468C VDD_IN 19272mW/19431mW VDD_CPU_GPU_CV 8253mW/8351mW VDD_SOC 4870mW/4909mW
08-05-2026 04:39:10 RAM 5303/7620MB (lfb 19x4MB) SWAP 3110/12002MB (cached 55MB) CPU [0%@1728,0%@1728,0%@1728,0%@1728,0%@1728,9%@1728] GR3D_FREQ 99% cpu@71.906C soc2@70.656C soc0@71C gpu@73.843C tj@73.843C soc1@71.562C VDD_IN 19353mW/19431mW VDD_CPU_GPU_CV 8293mW/8351mW VDD_SOC 4870mW/4909mW
08-05-2026 04:39:10 RAM 5303/7620MB (lfb 19x4MB) SWAP 3110/12002MB (cached 55MB) CPU [0%@1728,0%@1728,0%@1728,0%@1728,0%@1728,0%@1728] GR3D_FREQ 99% cpu@71.656C soc2@70.656C soc0@71C gpu@73.968C tj@73.968C soc1@71.625C VDD_IN 19635mW/19431mW VDD_CPU_GPU_CV 8413mW/8351mW VDD_SOC 4943mW/4909mW
08-05-2026 04:39:10 RAM 5303/7620MB (lfb 19x4MB) SWAP 3110/12002MB (cached 55MB) CPU [0%@1728,0%@1728,0%@1728,0%@1728,0%@1728,0%@1728] GR3D_FREQ 99% cpu@71.812C soc2@70.625C soc0@71.093C gpu@74.156C tj@74.156C soc1@71.625C VDD_IN 19635mW/19431mW VDD_CPU_GPU_CV 8413mW/8351mW VDD_SOC 4943mW/4909mW
08-05-2026 04:39:10 RAM 5303/7620MB (lfb 19x4MB) SWAP 3110/12002MB (cached 55MB) CPU [0%@1728,0%@1728,0%@1728,0%@1728,0%@1728,0%@1728] GR3D_FREQ 99% cpu@71.812C soc2@70.656C soc0@71.156C gpu@74.156C tj@74.156C soc1@71.468C VDD_IN 19555mW/19431mW VDD_CPU_GPU_CV 8453mW/8352mW VDD_SOC 4951mW/4910mW
08-05-2026 04:39:11 RAM 5303/7620MB (lfb 19x4MB) SWAP 3110/12002MB (cached 55MB) CPU [0%@1728,0%@1728,0%@1728,0%@1728,0%@1728,0%@1728] GR3D_FREQ 99% cpu@71.812C soc2@70.625C soc0@71C gpu@74C tj@73.593C soc1@71.5C VDD_IN 19434mW/19431mW VDD_CPU_GPU_CV 8333mW/8352mW VDD_SOC 4911mW/4910mW
08-05-2026 04:39:11 RAM 5303/7620MB (lfb 19x4MB) SWAP 3110/12002MB (cached 55MB) CPU [0%@1728,0%@1728,0%@1728,0%@1728,0%@1728,0%@1728] GR3D_FREQ 99% cpu@71.968C soc2@70.593C soc0@70.937C gpu@74.093C tj@74.093C soc1@71.5C VDD_IN 19353mW/19431mW VDD_CPU_GPU_CV 8333mW/8352mW VDD_SOC 4870mW/4909mW
08-05-2026 04:39:11 RAM 5303/7620MB (lfb 19x4MB) SWAP 3110/12002MB (cached 55MB) CPU [0%@1728,10%@1728,16%@1728,0%@1728,0%@1728,0%@1728] GR3D_FREQ 97% cpu@71.75C soc2@70.593C soc0@71.031C gpu@73.718C tj@73.718C soc1@71.531C VDD_IN 19393mW/19431mW VDD_CPU_GPU_CV 8333mW/8351mW VDD_SOC 4870mW/4909mW
08-05-2026 04:39:11 RAM 5303/7620MB (lfb 19x4MB) SWAP 3110/12002MB (cached 55MB) CPU [0%@1728,0%@1728,9%@1728,9%@1728,10%@1728,0%@1728] GR3D_FREQ 99% cpu@71.812C soc2@70.718C soc0@71.218C gpu@74.031C tj@74.031C soc1@71.656C VDD_IN 19555mW/19431mW VDD_CPU_GPU_CV 8373mW/8352mW VDD_SOC 4951mW/4909mW
08-05-2026 04:39:11 RAM 5303/7620MB (lfb 19x4MB) SWAP 3110/12002MB (cached 55MB) CPU [8%@1728,0%@1728,0%@1728,0%@1728,0%@1728,0%@1728] GR3D_FREQ 99% cpu@71.812C soc2@70.625C soc0@71.218C gpu@74.031C tj@74.031C soc1@71.468C VDD_IN 19595mW/19431mW VDD_CPU_GPU_CV 8373mW/8352mW VDD_SOC 4951mW/4910mW
08-05-2026 04:39:11 RAM 5303/7620MB (lfb 19x4MB) SWAP 3110/12002MB (cached 55MB) CPU [0%@1728,0%@1728,0%@1728,9%@1728,0%@1728,0%@1728] GR3D_FREQ 99% cpu@71.937C soc2@70.562C soc0@71C gpu@74C tj@74C soc1@71.468C VDD_IN 19514mW/19431mW VDD_CPU_GPU_CV 8373mW/8352mW VDD_SOC 4951mW/4910mW
08-05-2026 04:39:11 RAM 5303/7620MB (lfb 19x4MB) SWAP 3110/12002MB (cached 55MB) CPU [0%@1728,0%@1728,0%@1728,0%@1728,0%@1728,0%@1728] GR3D_FREQ 99% cpu@71.687C soc2@70.531C soc0@71.062C gpu@73.906C tj@73.906C soc1@71.593C VDD_IN 19353mW/19431mW VDD_CPU_GPU_CV 8293mW/8352mW VDD_SOC 4911mW/4910mW
08-05-2026 04:39:11 RAM 5303/7620MB (lfb 19x4MB) SWAP 3110/12002MB (cached 55MB) CPU [0%@1728,0%@1728,0%@1728,0%@1728,0%@1728,0%@1728] GR3D_FREQ 99% cpu@71.656C soc2@70.562C soc0@71.031C gpu@74C tj@74C soc1@71.656C VDD_IN 19313mW/19431mW VDD_CPU_GPU_CV 8293mW/8351mW VDD_SOC 4870mW/4910mW
08-05-2026 04:39:11 RAM 5303/7620MB (lfb 19x4MB) SWAP 3110/12002MB (cached 55MB) CPU [0%@1728,0%@1728,0%@1728,9%@1728,0%@1728,0%@1728] GR3D_FREQ 99% cpu@71.687C soc2@70.593C soc0@71.187C gpu@73.437C tj@73.812C soc1@71.687C VDD_IN 19232mW/19431mW VDD_CPU_GPU_CV 8253mW/8351mW VDD_SOC 4870mW/4909mW
08-05-2026 04:39:12 RAM 5303/7620MB (lfb 19x4MB) SWAP 3110/12002MB (cached 55MB) CPU [0%@1728,0%@1728,10%@1728,0%@1728,0%@1728,0%@1728] GR3D_FREQ 99% cpu@72.281C soc2@70.656C soc0@70.937C gpu@74.156C tj@74.156C soc1@71.5C VDD_IN 19595mW/19431mW VDD_CPU_GPU_CV 8413mW/8351mW VDD_SOC 4951mW/4910mW
08-05-2026 04:39:12 RAM 5303/7620MB (lfb 19x4MB) SWAP 3110/12002MB (cached 55MB) CPU [0%@1728,0%@1728,0%@1728,0%@1728,0%@1728,0%@1728] GR3D_FREQ 99% cpu@72.125C soc2@70.625C soc0@70.968C gpu@74.031C tj@74.031C soc1@71.5C VDD_IN 19635mW/19431mW VDD_CPU_GPU_CV 8413mW/8351mW VDD_SOC 4943mW/4910mW
08-05-2026 04:39:12 RAM 5303/7620MB (lfb 19x4MB) SWAP 3110/12002MB (cached 55MB) CPU [0%@1728,0%@1728,0%@1728,0%@1728,9%@1728,0%@1728] GR3D_FREQ 99% cpu@71.75C soc2@70.625C soc0@71C gpu@73.843C tj@73.843C soc1@71.531C VDD_IN 19635mW/19432mW VDD_CPU_GPU_CV 8453mW/8352mW VDD_SOC 4943mW/4910mW
08-05-2026 04:39:12 RAM 5303/7620MB (lfb 19x4MB) SWAP 3110/12002MB (cached 55MB) CPU [9%@1728,0%@1728,0%@1728,0%@1728,0%@1728,0%@1728] GR3D_FREQ 99% cpu@71.781C soc2@70.593C soc0@71.031C gpu@73.781C tj@73.781C soc1@71.687C VDD_IN 19474mW/19432mW VDD_CPU_GPU_CV 8333mW/8352mW VDD_SOC 4951mW/4910mW
08-05-2026 04:39:12 RAM 5303/7620MB (lfb 19x4MB) SWAP 3110/12002MB (cached 55MB) CPU [9%@1728,0%@1728,0%@1728,0%@1728,10%@1728,0%@1728] GR3D_FREQ 99% cpu@71.906C soc2@70.656C soc0@71.218C gpu@74.031C tj@74.031C soc1@71.5C VDD_IN 19313mW/19431mW VDD_CPU_GPU_CV 8293mW/8351mW VDD_SOC 4870mW/4910mW
08-05-2026 04:39:12 RAM 5303/7620MB (lfb 19x4MB) SWAP 3110/12002MB (cached 55MB) CPU [0%@1728,0%@1728,0%@1728,0%@1728,0%@1728,0%@1728] GR3D_FREQ 99% cpu@71.812C soc2@70.562C soc0@70.968C gpu@73.5C tj@73.5C soc1@71.5C VDD_IN 19272mW/19431mW VDD_CPU_GPU_CV 8253mW/8351mW VDD_SOC 4870mW/4910mW
08-05-2026 04:39:12 RAM 5303/7620MB (lfb 19x4MB) SWAP 3110/12002MB (cached 55MB) CPU [0%@1728,0%@1728,0%@1728,0%@1728,9%@1728,0%@1728] GR3D_FREQ 99% cpu@71.812C soc2@70.562C soc0@71.031C gpu@74.031C tj@74.031C soc1@71.531C VDD_IN 19434mW/19431mW VDD_CPU_GPU_CV 8373mW/8351mW VDD_SOC 4911mW/4910mW
08-05-2026 04:39:12 RAM 5303/7620MB (lfb 19x4MB) SWAP 3110/12002MB (cached 55MB) CPU [0%@1728,0%@1728,0%@1728,0%@1728,0%@1728,0%@1728] GR3D_FREQ 99% cpu@71.781C soc2@70.687C soc0@71.062C gpu@73.812C tj@73.812C soc1@71.531C VDD_IN 19555mW/19431mW VDD_CPU_GPU_CV 8413mW/8351mW VDD_SOC 4951mW/4910mW
08-05-2026 04:39:12 RAM 5303/7620MB (lfb 19x4MB) SWAP 3110/12002MB (cached 55MB) CPU [0%@1728,0%@1728,18%@1728,0%@1728,0%@1728,0%@1728] GR3D_FREQ 99% cpu@71.812C soc2@70.625C soc0@71.156C gpu@74.375C tj@74.375C soc1@71.75C VDD_IN 19595mW/19432mW VDD_CPU_GPU_CV 8453mW/8352mW VDD_SOC 4943mW/4910mW
08-05-2026 04:39:12 RAM 5303/7620MB (lfb 19x4MB) SWAP 3110/12002MB (cached 55MB) CPU [0%@1728,0%@1728,0%@1728,0%@1728,0%@1728,0%@1728] GR3D_FREQ 99% cpu@71.968C soc2@70.687C soc0@71C gpu@73.843C tj@73.843C soc1@71.531C VDD_IN 19434mW/19432mW VDD_CPU_GPU_CV 8333mW/8352mW VDD_SOC 4911mW/4910mW
08-05-2026 04:39:13 RAM 5303/7620MB (lfb 19x4MB) SWAP 3110/12002MB (cached 55MB) CPU [0%@1728,8%@1728,0%@1728,0%@1728,0%@1728,0%@1728] GR3D_FREQ 99% cpu@71.812C soc2@70.593C soc0@71.093C gpu@73.875C tj@73.875C soc1@71.5C VDD_IN 19353mW/19431mW VDD_CPU_GPU_CV 8333mW/8352mW VDD_SOC 4870mW/4910mW
08-05-2026 04:39:13 RAM 5303/7620MB (lfb 19x4MB) SWAP 3110/12002MB (cached 55MB) CPU [0%@1728,0%@1728,0%@1728,0%@1728,0%@1728,0%@1728] GR3D_FREQ 99% cpu@71.531C soc2@70.593C soc0@71.156C gpu@74.218C tj@74.218C soc1@71.656C VDD_IN 19313mW/19431mW VDD_CPU_GPU_CV 8293mW/8351mW VDD_SOC 4911mW/4910mW
08-05-2026 04:39:13 RAM 5304/7620MB (lfb 19x4MB) SWAP 3110/12002MB (cached 55MB) CPU [16%@1728,0%@1728,10%@1728,27%@1728,0%@1728,0%@1728] GR3D_FREQ 99% cpu@71.843C soc2@70.687C soc0@71.156C gpu@73.906C tj@73.906C soc1@71.625C VDD_IN 19474mW/19431mW VDD_CPU_GPU_CV 8373mW/8352mW VDD_SOC 4911mW/4910mW
08-05-2026 04:39:13 RAM 5304/7620MB (lfb 19x4MB) SWAP 3110/12002MB (cached 55MB) CPU [9%@1728,0%@1728,0%@1728,0%@1728,0%@1728,18%@1728] GR3D_FREQ 99% cpu@71.937C soc2@70.843C soc0@71.25C gpu@73.593C tj@73.593C soc1@71.5C VDD_IN 19555mW/19432mW VDD_CPU_GPU_CV 8413mW/8352mW VDD_SOC 4951mW/4910mW
08-05-2026 04:39:13 RAM 5304/7620MB (lfb 19x4MB) SWAP 3110/12002MB (cached 55MB) CPU [0%@1728,0%@1728,0%@1728,0%@1728,0%@1728,0%@1728] GR3D_FREQ 99% cpu@72.156C soc2@70.625C soc0@71.031C gpu@74.343C tj@74.343C soc1@71.531C VDD_IN 19555mW/19432mW VDD_CPU_GPU_CV 8413mW/8352mW VDD_SOC 4951mW/4910mW
08-05-2026 04:39:13 RAM 5304/7620MB (lfb 19x4MB) SWAP 3110/12002MB (cached 55MB) CPU [0%@1728,18%@1728,0%@1728,0%@1728,0%@1728,9%@1728] GR3D_FREQ 99% cpu@71.906C soc2@70.656C soc0@71.062C gpu@73.718C tj@73.718C soc1@71.562C VDD_IN 19353mW/19432mW VDD_CPU_GPU_CV 8293mW/8352mW VDD_SOC 4911mW/4910mW
08-05-2026 04:39:13 RAM 5304/7620MB (lfb 19x4MB) SWAP 3110/12002MB (cached 55MB) CPU [0%@1728,0%@1728,0%@1728,0%@1728,0%@1728,0%@1728] GR3D_FREQ 99% cpu@71.531C soc2@70.562C soc0@71.125C gpu@73.875C tj@73.875C soc1@71.562C VDD_IN 19313mW/19431mW VDD_CPU_GPU_CV 8293mW/8352mW VDD_SOC 4870mW/4910mW
08-05-2026 04:39:13 RAM 5304/7620MB (lfb 19x4MB) SWAP 3110/12002MB (cached 55MB) CPU [0%@1728,0%@1728,0%@1728,9%@1728,9%@1728,0%@1728] GR3D_FREQ 99% cpu@71.812C soc2@70.593C soc0@71.218C gpu@74C tj@74C soc1@71.781C VDD_IN 19272mW/19431mW VDD_CPU_GPU_CV 8293mW/8351mW VDD_SOC 4870mW/4910mW
08-05-2026 04:39:13 RAM 5304/7620MB (lfb 19x4MB) SWAP 3110/12002MB (cached 55MB) CPU [0%@1728,0%@1728,0%@1728,0%@1728,0%@1728,0%@1728] GR3D_FREQ 99% cpu@72C soc2@70.781C soc0@71.031C gpu@73.75C tj@73.75C soc1@71.468C VDD_IN 19434mW/19431mW VDD_CPU_GPU_CV 8373mW/8351mW VDD_SOC 4911mW/4910mW
08-05-2026 04:39:13 RAM 5304/7620MB (lfb 19x4MB) SWAP 3110/12002MB (cached 55MB) CPU [9%@1728,0%@1728,0%@1728,0%@1728,0%@1728,0%@1728] GR3D_FREQ 99% cpu@71.812C soc2@70.593C soc0@70.968C gpu@73.718C tj@73.718C soc1@71.468C VDD_IN 19604mW/19431mW VDD_CPU_GPU_CV 8453mW/8352mW VDD_SOC 4983mW/4910mW
08-05-2026 04:39:14 RAM 5304/7620MB (lfb 19x4MB) SWAP 3110/12002MB (cached 55MB) CPU [0%@1728,0%@1728,0%@1728,0%@1728,0%@1728,0%@1728] GR3D_FREQ 99% cpu@71.656C soc2@70.593C soc0@71.156C gpu@74.218C tj@74.218C soc1@71.531C VDD_IN 19604mW/19432mW VDD_CPU_GPU_CV 8453mW/8352mW VDD_SOC 4943mW/4910mW
08-05-2026 04:39:14 RAM 5304/7620MB (lfb 19x4MB) SWAP 3110/12002MB (cached 55MB) CPU [0%@1728,0%@1728,0%@1728,0%@1728,0%@1728,0%@1728] GR3D_FREQ 99% cpu@71.812C soc2@70.656C soc0@71.125C gpu@73.687C tj@73.687C soc1@71.656C VDD_IN 19555mW/19432mW VDD_CPU_GPU_CV 8413mW/8352mW VDD_SOC 4951mW/4910mW
08-05-2026 04:39:14 RAM 5304/7620MB (lfb 19x4MB) SWAP 3110/12002MB (cached 55MB) CPU [0%@1728,0%@1728,18%@1728,0%@1728,0%@1728,0%@1728] GR3D_FREQ 99% cpu@71.875C soc2@70.656C soc0@70.968C gpu@73.75C tj@73.75C soc1@71.5C VDD_IN 19353mW/19432mW VDD_CPU_GPU_CV 8333mW/8352mW VDD_SOC 4870mW/4910mW
08-05-2026 04:39:14 RAM 5304/7620MB (lfb 19x4MB) SWAP 3110/12002MB (cached 55MB) CPU [9%@1728,0%@1728,0%@1728,0%@1728,9%@1728,10%@1728] GR3D_FREQ 99% cpu@71.906C soc2@70.531C soc0@71.031C gpu@73.843C tj@73.843C soc1@71.562C VDD_IN 19192mW/19431mW VDD_CPU_GPU_CV 8253mW/8352mW VDD_SOC 4870mW/4910mW
08-05-2026 04:39:14 RAM 5304/7620MB (lfb 19x4MB) SWAP 3110/12002MB (cached 55MB) CPU [0%@1728,0%@1728,0%@1728,0%@1728,8%@1728,0%@1728] GR3D_FREQ 99% cpu@71.625C soc2@70.656C soc0@71C gpu@73.718C tj@73.718C soc1@71.593C VDD_IN 19393mW/19431mW VDD_CPU_GPU_CV 8333mW/8352mW VDD_SOC 4911mW/4910mW
08-05-2026 04:39:14 RAM 5304/7620MB (lfb 19x4MB) SWAP 3110/12002MB (cached 55MB) CPU [0%@1728,0%@1728,0%@1728,0%@1728,0%@1728,0%@1728] GR3D_FREQ 99% cpu@71.687C soc2@70.656C soc0@71.062C gpu@74.125C tj@74.125C soc1@71.593C VDD_IN 19555mW/19432mW VDD_CPU_GPU_CV 8413mW/8352mW VDD_SOC 4951mW/4910mW
08-05-2026 04:39:14 RAM 5304/7620MB (lfb 19x4MB) SWAP 3110/12002MB (cached 55MB) CPU [0%@1728,0%@1728,9%@1728,0%@1728,0%@1728,0%@1728] GR3D_FREQ 99% cpu@71.875C soc2@70.656C soc0@71.187C gpu@73.843C tj@73.843C soc1@71.656C VDD_IN 19555mW/19432mW VDD_CPU_GPU_CV 8413mW/8352mW VDD_SOC 4951mW/4910mW
08-05-2026 04:39:14 RAM 5304/7620MB (lfb 19x4MB) SWAP 3110/12002MB (cached 55MB) CPU [0%@1728,0%@1728,0%@1728,0%@1728,0%@1728,0%@1728] GR3D_FREQ 99% cpu@72C soc2@70.687C soc0@71C gpu@73.687C tj@73.687C soc1@71.468C VDD_IN 19474mW/19432mW VDD_CPU_GPU_CV 8333mW/8352mW VDD_SOC 4911mW/4910mW
08-05-2026 04:39:14 RAM 5305/7620MB (lfb 19x4MB) SWAP 3110/12002MB (cached 55MB) CPU [0%@1728,0%@1728,0%@1728,0%@1728,0%@1728,0%@1728] GR3D_FREQ 99% cpu@71.875C soc2@70.593C soc0@71C gpu@74.031C tj@74.031C soc1@71.562C VDD_IN 19313mW/19432mW VDD_CPU_GPU_CV 8293mW/8352mW VDD_SOC 4870mW/4910mW
08-05-2026 04:39:15 RAM 5305/7620MB (lfb 19x4MB) SWAP 3110/12002MB (cached 55MB) CPU [0%@1728,13%@1728,0%@1728,0%@1728,0%@1728,0%@1728] GR3D_FREQ 99% cpu@71.906C soc2@70.687C soc0@70.968C gpu@73.656C tj@73.656C soc1@71.531C VDD_IN 19434mW/19432mW VDD_CPU_GPU_CV 8333mW/8352mW VDD_SOC 4911mW/4910mW
08-05-2026 04:39:15 RAM 5305/7620MB (lfb 19x4MB) SWAP 3110/12002MB (cached 55MB) CPU [0%@1728,0%@1728,0%@1728,0%@1728,0%@1728,0%@1728] GR3D_FREQ 99% cpu@71.593C soc2@70.562C soc0@71C gpu@73.906C tj@73.906C soc1@71.5C VDD_IN 19353mW/19432mW VDD_CPU_GPU_CV 8333mW/8352mW VDD_SOC 4870mW/4910mW
08-05-2026 04:39:15 RAM 5305/7620MB (lfb 19x4MB) SWAP 3110/12002MB (cached 55MB) CPU [0%@1728,0%@1728,0%@1728,0%@1728,0%@1728,0%@1728] GR3D_FREQ 99% cpu@71.562C soc2@70.531C soc0@71C gpu@73.687C tj@73.687C soc1@71.531C VDD_IN 19313mW/19431mW VDD_CPU_GPU_CV 8293mW/8352mW VDD_SOC 4870mW/4910mW
08-05-2026 04:39:15 RAM 5305/7620MB (lfb 19x4MB) SWAP 3110/12002MB (cached 55MB) CPU [16%@1728,0%@1728,9%@1728,0%@1728,0%@1728,10%@1728] GR3D_FREQ 99% cpu@71.656C soc2@70.625C soc0@71.125C gpu@73.75C tj@73.75C soc1@71.625C VDD_IN 19393mW/19431mW VDD_CPU_GPU_CV 8333mW/8352mW VDD_SOC 4911mW/4910mW
08-05-2026 04:39:15 RAM 5305/7620MB (lfb 19x4MB) SWAP 3110/12002MB (cached 55MB) CPU [0%@1728,0%@1728,0%@1728,0%@1728,0%@1728,9%@1728] GR3D_FREQ 99% cpu@71.875C soc2@70.718C soc0@71.187C gpu@73.781C tj@73.781C soc1@71.75C VDD_IN 19555mW/19431mW VDD_CPU_GPU_CV 8373mW/8352mW VDD_SOC 4951mW/4910mW
08-05-2026 04:39:15 RAM 5305/7620MB (lfb 19x4MB) SWAP 3110/12002MB (cached 55MB) CPU [0%@1728,0%@1728,0%@1728,0%@1728,0%@1728,0%@1728] GR3D_FREQ 99% cpu@71.906C soc2@70.531C soc0@71C gpu@73.843C tj@73.843C soc1@71.562C VDD_IN 19514mW/19432mW VDD_CPU_GPU_CV 8413mW/8352mW VDD_SOC 4951mW/4910mW
08-05-2026 04:39:15 RAM 5305/7620MB (lfb 19x4MB) SWAP 3110/12002MB (cached 55MB) CPU [0%@1728,0%@1728,0%@1728,0%@1728,0%@1728,0%@1728] GR3D_FREQ 99% cpu@71.656C soc2@70.593C soc0@71.062C gpu@73.625C tj@73.625C soc1@71.531C VDD_IN 19434mW/19432mW VDD_CPU_GPU_CV 8333mW/8352mW VDD_SOC 4911mW/4910mW
08-05-2026 04:39:15 RAM 5305/7620MB (lfb 19x4MB) SWAP 3110/12002MB (cached 55MB) CPU [0%@1728,0%@1728,18%@1728,0%@1728,0%@1728,0%@1728] GR3D_FREQ 99% cpu@71.625C soc2@70.593C soc0@71.062C gpu@73.875C tj@73.875C soc1@71.531C VDD_IN 19313mW/19431mW VDD_CPU_GPU_CV 8293mW/8352mW VDD_SOC 4870mW/4910mW
08-05-2026 04:39:15 RAM 5305/7620MB (lfb 19x4MB) SWAP 3110/12002MB (cached 55MB) CPU [0%@1728,0%@1728,0%@1728,0%@1728,0%@1728,0%@1728] GR3D_FREQ 99% cpu@71.593C soc2@70.593C soc0@71.093C gpu@73.593C tj@73.593C soc1@71.687C VDD_IN 19272mW/19431mW VDD_CPU_GPU_CV 8293mW/8351mW VDD_SOC 4870mW/4910mW
08-05-2026 04:39:16 RAM 5305/7620MB (lfb 19x4MB) SWAP 3110/12002MB (cached 55MB) CPU [0%@1728,0%@1728,0%@1728,0%@1728,0%@1728,0%@1728] GR3D_FREQ 99% cpu@71.812C soc2@70.687C soc0@70.906C gpu@73.812C tj@73.812C soc1@71.468C VDD_IN 19434mW/19431mW VDD_CPU_GPU_CV 8373mW/8352mW VDD_SOC 4911mW/4910mW
08-05-2026 04:39:16 RAM 5305/7620MB (lfb 19x4MB) SWAP 3110/12002MB (cached 55MB) CPU [0%@1728,9%@1728,0%@1728,0%@1728,0%@1728,0%@1728] GR3D_FREQ 99% cpu@71.687C soc2@70.656C soc0@71C gpu@73.75C tj@73.75C soc1@71.468C VDD_IN 19604mW/19431mW VDD_CPU_GPU_CV 8453mW/8352mW VDD_SOC 4943mW/4910mW
08-05-2026 04:39:16 RAM 5305/7620MB (lfb 19x4MB) SWAP 3110/12002MB (cached 55MB) CPU [0%@1728,0%@1728,0%@1728,0%@1728,0%@1728,0%@1728] GR3D_FREQ 99% cpu@71.687C soc2@70.562C soc0@71.031C gpu@74.031C tj@74.031C soc1@71.562C VDD_IN 19604mW/19432mW VDD_CPU_GPU_CV 8453mW/8352mW VDD_SOC 4943mW/4910mW
08-05-2026 04:39:16 RAM 5305/7620MB (lfb 19x4MB) SWAP 3110/12002MB (cached 55MB) CPU [0%@1728,0%@1728,0%@1728,0%@1728,0%@1728,0%@1728] GR3D_FREQ 99% cpu@71.656C soc2@70.625C soc0@71.093C gpu@73.875C tj@73.875C soc1@71.625C VDD_IN 19555mW/19432mW VDD_CPU_GPU_CV 8413mW/8352mW VDD_SOC 4943mW/4910mW
08-05-2026 04:39:16 RAM 5303/7620MB (lfb 19x4MB) SWAP 3110/12002MB (cached 55MB) CPU [0%@1728,0%@1728,0%@1728,16%@1728,9%@1728,10%@1728] GR3D_FREQ 99% cpu@71.906C soc2@70.625C soc0@71.218C gpu@73.531C tj@73.531C soc1@71.718C VDD_IN 19313mW/19432mW VDD_CPU_GPU_CV 8333mW/8352mW VDD_SOC 4870mW/4910mW
