08-04-2026 22:32:58 RAM 3999/7620MB (lfb 183x1MB) SWAP 1682/12002MB (cached 50MB) CPU [0%@1728,0%@1728,0%@1728,0%@1728,18%@1728,0%@1728] GR3D_FREQ 0% cpu@68.593C soc2@67.5C soc0@68.437C gpu@69.062C tj@69.062C soc1@69C VDD_IN 11800mW/11800mW VDD_CPU_GPU_CV 4599mW/4599mW VDD_SOC 3139mW/3139mW
08-04-2026 22:32:58 RAM 3999/7620MB (lfb 183x1MB) SWAP 1682/12002MB (cached 50MB) CPU [0%@1728,16%@1728,0%@1728,0%@1728,100%@1728,0%@1728] GR3D_FREQ 58% cpu@69C soc2@67.5C soc0@68.281C gpu@69.781C tj@69.781C soc1@69.062C VDD_IN 12086mW/11943mW VDD_CPU_GPU_CV 4795mW/4697mW VDD_SOC 3179mW/3159mW
08-04-2026 22:32:58 RAM 3999/7620MB (lfb 183x1MB) SWAP 1682/12002MB (cached 50MB) CPU [0%@1728,0%@1728,0%@1728,0%@1728,100%@1728,0%@1728] GR3D_FREQ 57% cpu@69C soc2@67.5C soc0@68.25C gpu@69.468C tj@69.468C soc1@69.062C VDD_IN 12352mW/12079mW VDD_CPU_GPU_CV 4998mW/4797mW VDD_SOC 3220mW/3179mW
08-04-2026 22:32:58 RAM 3999/7620MB (lfb 183x1MB) SWAP 1682/12002MB (cached 50MB) CPU [0%@1728,0%@1728,0%@1728,0%@1728,100%@1728,0%@1728] GR3D_FREQ 56% cpu@68.937C soc2@67.468C soc0@68.218C gpu@69.406C tj@69.406C soc1@69.093C VDD_IN 12515mW/12188mW VDD_CPU_GPU_CV 5161mW/4888mW VDD_SOC 3220mW/3190mW
08-04-2026 22:32:58 RAM 3999/7620MB (lfb 183x1MB) SWAP 1682/12002MB (cached 50MB) CPU [0%@1728,0%@1728,0%@1728,0%@1728,100%@1728,0%@1728] GR3D_FREQ 60% cpu@69.031C soc2@67.531C soc0@68.375C gpu@69.531C tj@69.531C soc1@69.312C VDD_IN 12678mW/12286mW VDD_CPU_GPU_CV 5242mW/4959mW VDD_SOC 3256mW/3203mW
08-04-2026 22:32:58 RAM 3999/7620MB (lfb 183x1MB) SWAP 1682/12002MB (cached 50MB) CPU [0%@1728,0%@1728,0%@1728,0%@1728,100%@1728,0%@1728] GR3D_FREQ 58% cpu@69.031C soc2@67.593C soc0@68.125C gpu@69.531C tj@69.531C soc1@69.062C VDD_IN 12841mW/12379mW VDD_CPU_GPU_CV 5356mW/5025mW VDD_SOC 3256mW/3212mW
08-04-2026 22:32:58 RAM 3999/7620MB (lfb 183x1MB) SWAP 1682/12002MB (cached 50MB) CPU [0%@1728,0%@1728,0%@1728,16%@1728,100%@1728,0%@1728] GR3D_FREQ 64% cpu@69.125C soc2@67.468C soc0@68.218C gpu@69.562C tj@69.562C soc1@69.031C VDD_IN 12964mW/12462mW VDD_CPU_GPU_CV 5437mW/5084mW VDD_SOC 3256mW/3218mW
08-04-2026 22:32:59 RAM 3999/7620MB (lfb 183x1MB) SWAP 1682/12002MB (cached 50MB) CPU [0%@1728,0%@1728,0%@1728,0%@1728,100%@1728,0%@1728] GR3D_FREQ 59% cpu@68.968C soc2@67.531C soc0@68.25C gpu@69.656C tj@69.656C soc1@69.125C VDD_IN 13004mW/12530mW VDD_CPU_GPU_CV 5477mW/5133mW VDD_SOC 3297mW/3228mW
08-04-2026 22:32:59 RAM 3999/7620MB (lfb 183x1MB) SWAP 1682/12002MB (cached 50MB) CPU [0%@1728,0%@1728,0%@1728,0%@1728,100%@1728,0%@1728] GR3D_FREQ 59% cpu@69.031C soc2@67.531C soc0@68.312C gpu@69.468C tj@69.468C soc1@69.187C VDD_IN 13086mW/12592mW VDD_CPU_GPU_CV 5518mW/5176mW VDD_SOC 3297mW/3236mW
08-04-2026 22:32:59 RAM 3999/7620MB (lfb 183x1MB) SWAP 1682/12002MB (cached 50MB) CPU [0%@1728,9%@1728,0%@1728,0%@1728,100%@1728,0%@1728] GR3D_FREQ 58% cpu@69C soc2@67.593C soc0@68.406C gpu@69.5C tj@69.5C soc1@69.031C VDD_IN 13127mW/12645mW VDD_CPU_GPU_CV 5558mW/5214mW VDD_SOC 3297mW/3242mW
08-04-2026 22:32:59 RAM 3999/7620MB (lfb 183x1MB) SWAP 1682/12002MB (cached 50MB) CPU [0%@1728,0%@1728,0%@1728,0%@1728,100%@1728,0%@1728] GR3D_FREQ 57% cpu@69.125C soc2@67.5C soc0@68.25C gpu@69.562C tj@69.562C soc1@69C VDD_IN 13168mW/12693mW VDD_CPU_GPU_CV 5558mW/5245mW VDD_SOC 3297mW/3247mW
08-04-2026 22:32:59 RAM 3999/7620MB (lfb 183x1MB) SWAP 1682/12002MB (cached 50MB) CPU [0%@1728,0%@1728,0%@1728,0%@1728,100%@1728,0%@1728] GR3D_FREQ 58% cpu@69.25C soc2@67.531C soc0@68.218C gpu@69.5C tj@69.5C soc1@69.031C VDD_IN 13168mW/12732mW VDD_CPU_GPU_CV 5599mW/5275mW VDD_SOC 3297mW/3251mW
08-04-2026 22:32:59 RAM 3999/7620MB (lfb 183x1MB) SWAP 1682/12002MB (cached 50MB) CPU [0%@1728,0%@1728,0%@1728,0%@1728,100%@1728,0%@1728] GR3D_FREQ 59% cpu@68.937C soc2@67.562C soc0@68.281C gpu@69.625C tj@69.625C soc1@69.062C VDD_IN 13208mW/12769mW VDD_CPU_GPU_CV 5599mW/5300mW VDD_SOC 3297mW/3254mW
08-04-2026 22:32:59 RAM 3999/7620MB (lfb 183x1MB) SWAP 1682/12002MB (cached 50MB) CPU [0%@1728,0%@1728,0%@1728,0%@1728,100%@1728,0%@1728] GR3D_FREQ 59% cpu@69.093C soc2@67.625C soc0@68.437C gpu@69.593C tj@69.593C soc1@69.187C VDD_IN 13208mW/12800mW VDD_CPU_GPU_CV 5640mW/5324mW VDD_SOC 3297mW/3258mW
08-04-2026 22:32:59 RAM 3999/7620MB (lfb 183x1MB) SWAP 1682/12002MB (cached 50MB) CPU [0%@1728,0%@1728,0%@1728,0%@1728,100%@1728,0%@1728] GR3D_FREQ 59% cpu@69.031C soc2@67.625C soc0@68.406C gpu@69.562C tj@69.562C soc1@69.031C VDD_IN 13249mW/12830mW VDD_CPU_GPU_CV 5640mW/5345mW VDD_SOC 3297mW/3260mW
08-04-2026 22:32:59 RAM 3999/7620MB (lfb 183x1MB) SWAP 1682/12002MB (cached 50MB) CPU [9%@1728,9%@1728,9%@1728,0%@1728,100%@1728,8%@1728] GR3D_FREQ 60% cpu@69.187C soc2@67.562C soc0@68.25C gpu@69.593C tj@69.593C soc1@69.031C VDD_IN 13249mW/12856mW VDD_CPU_GPU_CV 5640mW/5364mW VDD_SOC 3297mW/3262mW
08-04-2026 22:33:00 RAM 3999/7620MB (lfb 183x1MB) SWAP 1682/12002MB (cached 50MB) CPU [0%@1728,9%@1728,0%@1728,9%@1728,100%@1728,0%@1728] GR3D_FREQ 66% cpu@69C soc2@67.593C soc0@68.312C gpu@69.593C tj@69.593C soc1@69.062C VDD_IN 13290mW/12882mW VDD_CPU_GPU_CV 5680mW/5382mW VDD_SOC 3297mW/3264mW
08-04-2026 22:33:00 RAM 3999/7620MB (lfb 183x1MB) SWAP 1682/12002MB (cached 50MB) CPU [0%@1728,0%@1728,0%@1728,9%@1728,100%@1728,0%@1728] GR3D_FREQ 57% cpu@69.031C soc2@67.562C soc0@68.343C gpu@69.562C tj@69.562C soc1@69.156C VDD_IN 13290mW/12905mW VDD_CPU_GPU_CV 5680mW/5399mW VDD_SOC 3297mW/3266mW
08-04-2026 22:33:00 RAM 3999/7620MB (lfb 183x1MB) SWAP 1682/12002MB (cached 50MB) CPU [0%@1728,0%@1728,0%@1728,0%@1728,100%@1728,0%@1728] GR3D_FREQ 59% cpu@69.031C soc2@67.593C soc0@68.406C gpu@69.562C tj@69.562C soc1@69.062C VDD_IN 13290mW/12925mW VDD_CPU_GPU_CV 5680mW/5414mW VDD_SOC 3297mW/3268mW
08-04-2026 22:33:00 RAM 3999/7620MB (lfb 183x1MB) SWAP 1682/12002MB (cached 50MB) CPU [0%@1728,0%@1728,0%@1728,0%@1728,100%@1728,0%@1728] GR3D_FREQ 60% cpu@69.125C soc2@67.531C soc0@68.156C gpu@69.593C tj@69.593C soc1@69.062C VDD_IN 13290mW/12943mW VDD_CPU_GPU_CV 5680mW/5427mW VDD_SOC 3297mW/3269mW
08-04-2026 22:33:00 RAM 3998/7620MB (lfb 183x1MB) SWAP 1682/12002MB (cached 50MB) CPU [0%@1728,0%@1728,0%@1728,10%@1728,100%@1728,0%@1728] GR3D_FREQ 59% cpu@69.281C soc2@67.531C soc0@68.156C gpu@69.437C tj@69.437C soc1@69.062C VDD_IN 13331mW/12962mW VDD_CPU_GPU_CV 5721mW/5441mW VDD_SOC 3297mW/3271mW
08-04-2026 22:33:00 RAM 3992/7620MB (lfb 183x1MB) SWAP 1682/12002MB (cached 50MB) CPU [0%@1728,9%@1728,0%@1728,10%@1728,100%@1728,0%@1728] GR3D_FREQ 59% cpu@69.093C soc2@67.593C soc0@68.25C gpu@69.687C tj@69.687C soc1@69.156C VDD_IN 13310mW/12977mW VDD_CPU_GPU_CV 5721mW/5454mW VDD_SOC 3297mW/3272mW
08-04-2026 22:33:00 RAM 3992/7620MB (lfb 183x1MB) SWAP 1682/12002MB (cached 50MB) CPU [0%@1728,0%@1728,0%@1728,0%@1728,100%@1728,0%@1728] GR3D_FREQ 56% cpu@69.125C soc2@67.562C soc0@68.406C gpu@69.562C tj@69.562C soc1@69.156C VDD_IN 13310mW/12992mW VDD_CPU_GPU_CV 5721mW/5465mW VDD_SOC 3297mW/3273mW
08-04-2026 22:33:00 RAM 3992/7620MB (lfb 183x1MB) SWAP 1682/12002MB (cached 50MB) CPU [0%@1728,0%@1728,0%@1728,0%@1728,100%@1728,0%@1728] GR3D_FREQ 59% cpu@69.125C soc2@67.718C soc0@68.187C gpu@69.656C tj@69.656C soc1@68.968C VDD_IN 13269mW/13003mW VDD_CPU_GPU_CV 5680mW/5474mW VDD_SOC 3297mW/3274mW
08-04-2026 22:33:00 RAM 3992/7620MB (lfb 183x1MB) SWAP 1682/12002MB (cached 50MB) CPU [0%@1728,0%@1728,0%@1728,0%@1728,100%@1728,0%@1728] GR3D_FREQ 59% cpu@69.187C soc2@67.562C soc0@68.156C gpu@69.656C tj@69.656C soc1@69.062C VDD_IN 13269mW/13014mW VDD_CPU_GPU_CV 5680mW/5482mW VDD_SOC 3297mW/3275mW
08-04-2026 22:33:00 RAM 3992/7620MB (lfb 183x1MB) SWAP 1682/12002MB (cached 50MB) CPU [0%@1728,0%@1728,0%@1728,0%@1728,100%@1728,0%@1728] GR3D_FREQ 57% cpu@69.062C soc2@67.562C soc0@68.281C gpu@69.593C tj@69.593C soc1@69.062C VDD_IN 13269mW/13024mW VDD_CPU_GPU_CV 5680mW/5490mW VDD_SOC 3297mW/3276mW
08-04-2026 22:33:01 RAM 3992/7620MB (lfb 183x1MB) SWAP 1682/12002MB (cached 50MB) CPU [9%@1728,0%@1728,0%@1728,0%@1728,100%@1728,0%@1728] GR3D_FREQ 58% cpu@69.062C soc2@67.625C soc0@68.25C gpu@69.656C tj@69.656C soc1@69.156C VDD_IN 13269mW/13033mW VDD_CPU_GPU_CV 5680mW/5497mW VDD_SOC 3297mW/3277mW
08-04-2026 22:33:01 RAM 3992/7620MB (lfb 183x1MB) SWAP 1682/12002MB (cached 50MB) CPU [9%@1728,0%@1728,0%@1728,0%@1728,100%@1728,0%@1728] GR3D_FREQ 60% cpu@69.156C soc2@67.625C soc0@68.406C gpu@69.562C tj@69.562C soc1@69C VDD_IN 13249mW/13041mW VDD_CPU_GPU_CV 5640mW/5502mW VDD_SOC 3297mW/3277mW
08-04-2026 22:33:01 RAM 3992/7620MB (lfb 183x1MB) SWAP 1682/12002MB (cached 50MB) CPU [0%@1728,0%@1728,9%@1728,9%@1728,100%@1728,0%@1728] GR3D_FREQ 62% cpu@69.218C soc2@67.562C soc0@68.25C gpu@69.593C tj@69.593C soc1@69.031C VDD_IN 13269mW/13049mW VDD_CPU_GPU_CV 5680mW/5508mW VDD_SOC 3297mW/3278mW
08-04-2026 22:33:01 RAM 3992/7620MB (lfb 183x1MB) SWAP 1682/12002MB (cached 50MB) CPU [0%@1728,16%@1728,0%@1728,0%@1728,100%@1728,0%@1728] GR3D_FREQ 58% cpu@69.406C soc2@67.562C soc0@68.312C gpu@69.687C tj@69.687C soc1@69.125C VDD_IN 13269mW/13056mW VDD_CPU_GPU_CV 5680mW/5514mW VDD_SOC 3297mW/3279mW
08-04-2026 22:33:01 RAM 3992/7620MB (lfb 183x1MB) SWAP 1682/12002MB (cached 50MB) CPU [0%@1728,0%@1728,0%@1728,9%@1728,100%@1728,0%@1728] GR3D_FREQ 65% cpu@69.031C soc2@67.593C soc0@68.25C gpu@69.593C tj@69.593C soc1@69.125C VDD_IN 13269mW/13063mW VDD_CPU_GPU_CV 5680mW/5519mW VDD_SOC 3297mW/3279mW
08-04-2026 22:33:01 RAM 3992/7620MB (lfb 183x1MB) SWAP 1682/12002MB (cached 50MB) CPU [0%@1728,0%@1728,9%@1728,0%@1728,100%@1728,0%@1728] GR3D_FREQ 58% cpu@69.156C soc2@67.562C soc0@68.343C gpu@69.593C tj@69.593C soc1@69.218C VDD_IN 13290mW/13070mW VDD_CPU_GPU_CV 5680mW/5524mW VDD_SOC 3297mW/3280mW
08-04-2026 22:33:01 RAM 3992/7620MB (lfb 183x1MB) SWAP 1682/12002MB (cached 50MB) CPU [0%@1728,0%@1728,0%@1728,0%@1728,100%@1728,0%@1728] GR3D_FREQ 60% cpu@69.187C soc2@67.656C soc0@68.187C gpu@69.656C tj@69.656C soc1@69.062C VDD_IN 13228mW/13075mW VDD_CPU_GPU_CV 5680mW/5529mW VDD_SOC 3297mW/3280mW
08-04-2026 22:33:01 RAM 3992/7620MB (lfb 183x1MB) SWAP 1682/12002MB (cached 50MB) CPU [0%@1728,0%@1728,0%@1728,0%@1728,100%@1728,0%@1728] GR3D_FREQ 57% cpu@69.312C soc2@67.468C soc0@68.281C gpu@69.593C tj@69.593C soc1@69.062C VDD_IN 13228mW/13079mW VDD_CPU_GPU_CV 5680mW/5534mW VDD_SOC 3297mW/3281mW
08-04-2026 22:33:01 RAM 3992/7620MB (lfb 183x1MB) SWAP 1682/12002MB (cached 50MB) CPU [9%@1728,0%@1728,0%@1728,0%@1728,100%@1728,0%@1728] GR3D_FREQ 59% cpu@68.937C soc2@67.531C soc0@68.375C gpu@69.718C tj@69.718C soc1@69.062C VDD_IN 13249mW/13084mW VDD_CPU_GPU_CV 5680mW/5538mW VDD_SOC 3297mW/3281mW
08-04-2026 22:33:02 RAM 3992/7620MB (lfb 183x1MB) SWAP 1682/12002MB (cached 50MB) CPU [0%@1728,0%@1728,0%@1728,0%@1728,100%@1728,0%@1728] GR3D_FREQ 59% cpu@69.125C soc2@67.625C soc0@68.343C gpu@69.625C tj@69.625C soc1@69.125C VDD_IN 13228mW/13088mW VDD_CPU_GPU_CV 5640mW/5541mW VDD_SOC 3297mW/3282mW
08-04-2026 22:33:02 RAM 3992/7620MB (lfb 183x1MB) SWAP 1682/12002MB (cached 50MB) CPU [9%@1728,0%@1728,0%@1728,0%@1728,100%@1728,0%@1728] GR3D_FREQ 59% cpu@69.125C soc2@67.625C soc0@68.437C gpu@69.625C tj@69.625C soc1@69.218C VDD_IN 13228mW/13092mW VDD_CPU_GPU_CV 5640mW/5543mW VDD_SOC 3297mW/3282mW
08-04-2026 22:33:02 RAM 3992/7620MB (lfb 183x1MB) SWAP 1682/12002MB (cached 50MB) CPU [0%@1728,0%@1728,0%@1728,0%@1728,100%@1728,0%@1728] GR3D_FREQ 58% cpu@69.187C soc2@67.531C soc0@68.218C gpu@69.687C tj@69.687C soc1@69.031C VDD_IN 13249mW/13096mW VDD_CPU_GPU_CV 5640mW/5546mW VDD_SOC 3297mW/3282mW
08-04-2026 22:33:02 RAM 3992/7620MB (lfb 183x1MB) SWAP 1682/12002MB (cached 50MB) CPU [0%@1728,0%@1728,0%@1728,0%@1728,100%@1728,0%@1728] GR3D_FREQ 59% cpu@69.343C soc2@67.531C soc0@68.281C gpu@69.593C tj@69.593C soc1@69.125C VDD_IN 13249mW/13100mW VDD_CPU_GPU_CV 5640mW/5548mW VDD_SOC 3297mW/3283mW
08-04-2026 22:33:02 RAM 3992/7620MB (lfb 183x1MB) SWAP 1682/12002MB (cached 50MB) CPU [0%@1728,0%@1728,0%@1728,10%@1728,100%@1728,0%@1728] GR3D_FREQ 58% cpu@69.031C soc2@67.625C soc0@68.281C gpu@69.531C tj@69.531C soc1@69.125C VDD_IN 13269mW/13104mW VDD_CPU_GPU_CV 5680mW/5552mW VDD_SOC 3297mW/3283mW
08-04-2026 22:33:02 RAM 3992/7620MB (lfb 183x1MB) SWAP 1682/12002MB (cached 50MB) CPU [0%@1728,0%@1728,8%@1728,0%@1728,100%@1728,0%@1728] GR3D_FREQ 58% cpu@69.125C soc2@67.531C soc0@68.437C gpu@69.75C tj@69.75C soc1@69.281C VDD_IN 13228mW/13107mW VDD_CPU_GPU_CV 5680mW/5555mW VDD_SOC 3297mW/3284mW
08-04-2026 22:33:02 RAM 3992/7620MB (lfb 183x1MB) SWAP 1682/12002MB (cached 50MB) CPU [0%@1728,0%@1728,0%@1728,0%@1728,100%@1728,0%@1728] GR3D_FREQ 58% cpu@69.187C soc2@67.656C soc0@68.531C gpu@69.656C tj@69.656C soc1@69.062C VDD_IN 13228mW/13110mW VDD_CPU_GPU_CV 5680mW/5558mW VDD_SOC 3297mW/3284mW
08-04-2026 22:33:02 RAM 3992/7620MB (lfb 183x1MB) SWAP 1682/12002MB (cached 50MB) CPU [0%@1728,9%@1728,9%@1728,0%@1728,100%@1728,0%@1728] GR3D_FREQ 60% cpu@69.218C soc2@67.531C soc0@68.281C gpu@69.75C tj@69.75C soc1@69.125C VDD_IN 13249mW/13113mW VDD_CPU_GPU_CV 5680mW/5560mW VDD_SOC 3297mW/3284mW
08-04-2026 22:33:02 RAM 3992/7620MB (lfb 183x1MB) SWAP 1682/12002MB (cached 50MB) CPU [0%@1728,0%@1728,0%@1728,0%@1728,100%@1728,0%@1728] GR3D_FREQ 56% cpu@68.968C soc2@67.468C soc0@68.406C gpu@69.687C tj@69.687C soc1@69.125C VDD_IN 13249mW/13116mW VDD_CPU_GPU_CV 5640mW/5562mW VDD_SOC 3297mW/3284mW
08-04-2026 22:33:02 RAM 3992/7620MB (lfb 183x1MB) SWAP 1682/12002MB (cached 50MB) CPU [0%@1728,0%@1728,0%@1728,0%@1728,100%@1728,0%@1728] GR3D_FREQ 58% cpu@69C soc2@67.593C soc0@68.312C gpu@69.562C tj@69.562C soc1@69.25C VDD_IN 13249mW/13119mW VDD_CPU_GPU_CV 5640mW/5564mW VDD_SOC 3297mW/3285mW
08-04-2026 22:33:03 RAM 3992/7620MB (lfb 183x1MB) SWAP 1682/12002MB (cached 50MB) CPU [0%@1728,0%@1728,0%@1728,0%@1728,100%@1728,0%@1728] GR3D_FREQ 56% cpu@69.093C soc2@67.656C soc0@68.5C gpu@69.812C tj@69.812C soc1@69.312C VDD_IN 13249mW/13122mW VDD_CPU_GPU_CV 5640mW/5566mW VDD_SOC 3297mW/3285mW
08-04-2026 22:33:03 RAM 3992/7620MB (lfb 183x1MB) SWAP 1682/12002MB (cached 50MB) CPU [0%@1728,0%@1728,0%@1728,0%@1728,100%@1728,0%@1728] GR3D_FREQ 60% cpu@69.187C soc2@67.562C soc0@68.312C gpu@69.718C tj@69.718C soc1@69.125C VDD_IN 13249mW/13125mW VDD_CPU_GPU_CV 5640mW/5567mW VDD_SOC 3297mW/3285mW
08-04-2026 22:33:03 RAM 3992/7620MB (lfb 183x1MB) SWAP 1682/12002MB (cached 50MB) CPU [0%@1728,0%@1728,0%@1728,0%@1728,100%@1728,0%@1728] GR3D_FREQ 58% cpu@69.281C soc2@67.531C soc0@68.281C gpu@69.656C tj@69.656C soc1@69.125C VDD_IN 13249mW/13127mW VDD_CPU_GPU_CV 5640mW/5569mW VDD_SOC 3297mW/3285mW
08-04-2026 22:33:03 RAM 3992/7620MB (lfb 183x1MB) SWAP 1682/12002MB (cached 50MB) CPU [0%@1728,0%@1728,0%@1728,0%@1728,100%@1728,0%@1728] GR3D_FREQ 56% cpu@69C soc2@67.593C soc0@68.406C gpu@69.75C tj@69.75C soc1@69.125C VDD_IN 13228mW/13129mW VDD_CPU_GPU_CV 5640mW/5570mW VDD_SOC 3297mW/3286mW
08-04-2026 22:33:03 RAM 3992/7620MB (lfb 183x1MB) SWAP 1682/12002MB (cached 50MB) CPU [0%@1728,0%@1728,0%@1728,16%@1728,100%@1728,0%@1728] GR3D_FREQ 62% cpu@69.125C soc2@67.625C soc0@68.343C gpu@69.656C tj@69.656C soc1@69.187C VDD_IN 13290mW/13133mW VDD_CPU_GPU_CV 5680mW/5572mW VDD_SOC 3297mW/3286mW
08-04-2026 22:33:03 RAM 3992/7620MB (lfb 183x1MB) SWAP 1682/12002MB (cached 50MB) CPU [0%@1728,0%@1728,0%@1728,0%@1728,100%@1728,0%@1728] GR3D_FREQ 56% cpu@69.218C soc2@67.687C soc0@68.281C gpu@69.906C tj@69.906C soc1@69.031C VDD_IN 13249mW/13135mW VDD_CPU_GPU_CV 5680mW/5575mW VDD_SOC 3297mW/3286mW
08-04-2026 22:33:03 RAM 3997/7620MB (lfb 183x1MB) SWAP 1682/12002MB (cached 50MB) CPU [20%@1728,9%@1728,0%@1728,0%@1728,100%@1728,16%@1728] GR3D_FREQ 60% cpu@69.281C soc2@67.625C soc0@68.343C gpu@69.718C tj@69.718C soc1@69.031C VDD_IN 13310mW/13138mW VDD_CPU_GPU_CV 5680mW/5577mW VDD_SOC 3297mW/3286mW
08-04-2026 22:33:03 RAM 3996/7620MB (lfb 178x1MB) SWAP 1682/12002MB (cached 50MB) CPU [9%@1728,20%@1728,0%@1728,0%@1728,100%@1728,0%@1728] GR3D_FREQ 58% cpu@69.062C soc2@67.593C soc0@68.343C gpu@69.656C tj@69.656C soc1@69.125C VDD_IN 13350mW/13142mW VDD_CPU_GPU_CV 5721mW/5579mW VDD_SOC 3297mW/3287mW
08-04-2026 22:33:03 RAM 3990/7620MB (lfb 152x1MB) SWAP 1682/12002MB (cached 50MB) CPU [0%@1728,100%@1728,0%@1728,0%@1728,100%@1728,0%@1728] GR3D_FREQ 55% cpu@69.125C soc2@67.687C soc0@68.406C gpu@69.593C tj@69.593C soc1@69.218C VDD_IN 13554mW/13150mW VDD_CPU_GPU_CV 5833mW/5584mW VDD_SOC 3332mW/3287mW
08-04-2026 22:33:04 RAM 3995/7620MB (lfb 125x1MB) SWAP 1682/12002MB (cached 50MB) CPU [0%@1728,72%@1728,0%@1728,0%@1728,100%@1728,0%@1728] GR3D_FREQ 59% cpu@69.312C soc2@67.687C soc0@68.593C gpu@69.718C tj@69.718C soc1@69.062C VDD_IN 13676mW/13159mW VDD_CPU_GPU_CV 5914mW/5590mW VDD_SOC 3373mW/3289mW
08-04-2026 22:33:04 RAM 3995/7620MB (lfb 125x1MB) SWAP 1682/12002MB (cached 50MB) CPU [9%@1728,0%@1728,0%@1728,0%@1728,100%@1728,0%@1728] GR3D_FREQ 59% cpu@69.343C soc2@67.687C soc0@68.281C gpu@69.687C tj@69.687C soc1@69.093C VDD_IN 13595mW/13167mW VDD_CPU_GPU_CV 5833mW/5594mW VDD_SOC 3332mW/3290mW
08-04-2026 22:33:04 RAM 3995/7620MB (lfb 125x1MB) SWAP 1682/12002MB (cached 50MB) CPU [0%@1728,0%@1728,0%@1728,10%@1728,100%@1728,0%@1728] GR3D_FREQ 60% cpu@69C soc2@67.593C soc0@68.375C gpu@69.625C tj@69.625C soc1@69.156C VDD_IN 13513mW/13173mW VDD_CPU_GPU_CV 5793mW/5598mW VDD_SOC 3332mW/3290mW
08-04-2026 22:33:04 RAM 3995/7620MB (lfb 125x1MB) SWAP 1682/12002MB (cached 50MB) CPU [9%@1728,0%@1728,0%@1728,54%@1728,100%@1728,0%@1728] GR3D_FREQ 57% cpu@69.281C soc2@67.656C soc0@68.437C gpu@69.656C tj@69.656C soc1@69.187C VDD_IN 13554mW/13180mW VDD_CPU_GPU_CV 5833mW/5602mW VDD_SOC 3337mW/3291mW
08-04-2026 22:33:04 RAM 3995/7620MB (lfb 125x1MB) SWAP 1682/12002MB (cached 50MB) CPU [9%@1728,0%@1728,0%@1728,10%@1728,100%@1728,0%@1728] GR3D_FREQ 58% cpu@69.25C soc2@67.75C soc0@68.468C gpu@69.593C tj@69.593C soc1@69.093C VDD_IN 13513mW/13186mW VDD_CPU_GPU_CV 5833mW/5606mW VDD_SOC 3337mW/3292mW
08-04-2026 22:33:04 RAM 3995/7620MB (lfb 125x1MB) SWAP 1682/12002MB (cached 50MB) CPU [9%@1728,0%@1728,0%@1728,0%@1728,90%@1728,0%@1728] GR3D_FREQ 60% cpu@69.25C soc2@67.625C soc0@68.281C gpu@69.593C tj@69.593C soc1@69.093C VDD_IN 13432mW/13190mW VDD_CPU_GPU_CV 5802mW/5609mW VDD_SOC 3337mW/3293mW
08-04-2026 22:33:04 RAM 3995/7620MB (lfb 125x1MB) SWAP 1682/12002MB (cached 50MB) CPU [0%@1728,0%@1728,0%@1728,0%@1728,100%@1728,0%@1728] GR3D_FREQ 57% cpu@69.343C soc2@67.656C soc0@68.375C gpu@69.687C tj@69.687C soc1@69.093C VDD_IN 13391mW/13193mW VDD_CPU_GPU_CV 5761mW/5612mW VDD_SOC 3337mW/3294mW
08-04-2026 22:33:04 RAM 3995/7620MB (lfb 125x1MB) SWAP 1682/12002MB (cached 50MB) CPU [0%@1728,0%@1728,9%@1728,0%@1728,100%@1728,0%@1728] GR3D_FREQ 60% cpu@68.968C soc2@67.625C soc0@68.312C gpu@69.656C tj@69.656C soc1@69.218C VDD_IN 13391mW/13196mW VDD_CPU_GPU_CV 5721mW/5613mW VDD_SOC 3297mW/3294mW
08-04-2026 22:33:04 RAM 3995/7620MB (lfb 125x1MB) SWAP 1682/12002MB (cached 50MB) CPU [0%@1728,0%@1728,0%@1728,0%@1728,100%@1728,0%@1728] GR3D_FREQ 57% cpu@69.125C soc2@67.718C soc0@68.5C gpu@69.562C tj@69.562C soc1@69.281C VDD_IN 13350mW/13199mW VDD_CPU_GPU_CV 5721mW/5615mW VDD_SOC 3297mW/3294mW
08-04-2026 22:33:04 RAM 3995/7620MB (lfb 125x1MB) SWAP 1682/12002MB (cached 50MB) CPU [0%@1728,0%@1728,0%@1728,0%@1728,100%@1728,0%@1728] GR3D_FREQ 58% cpu@69.25C soc2@67.656C soc0@68.281C gpu@69.718C tj@69.718C soc1@69.062C VDD_IN 13331mW/13201mW VDD_CPU_GPU_CV 5721mW/5617mW VDD_SOC 3297mW/3294mW
08-04-2026 22:33:05 RAM 3995/7620MB (lfb 125x1MB) SWAP 1682/12002MB (cached 50MB) CPU [0%@1728,0%@1728,0%@1728,0%@1728,100%@1728,0%@1728] GR3D_FREQ 59% cpu@69.187C soc2@67.5C soc0@68.406C gpu@69.656C tj@69.656C soc1@69.125C VDD_IN 13290mW/13202mW VDD_CPU_GPU_CV 5680mW/5618mW VDD_SOC 3297mW/3294mW
08-04-2026 22:33:05 RAM 3995/7620MB (lfb 125x1MB) SWAP 1682/12002MB (cached 50MB) CPU [0%@1728,0%@1728,0%@1728,0%@1728,100%@1728,0%@1728] GR3D_FREQ 56% cpu@69.093C soc2@67.531C soc0@68.343C gpu@69.718C tj@69.718C soc1@69.125C VDD_IN 13269mW/13203mW VDD_CPU_GPU_CV 5680mW/5619mW VDD_SOC 3297mW/3294mW
08-04-2026 22:33:05 RAM 3995/7620MB (lfb 125x1MB) SWAP 1682/12002MB (cached 50MB) CPU [0%@1728,0%@1728,0%@1728,0%@1728,100%@1728,0%@1728] GR3D_FREQ 59% cpu@69.062C soc2@67.625C soc0@68.375C gpu@69.656C tj@69.656C soc1@69.156C VDD_IN 13269mW/13204mW VDD_CPU_GPU_CV 5680mW/5619mW VDD_SOC 3297mW/3294mW
08-04-2026 22:33:05 RAM 3995/7620MB (lfb 125x1MB) SWAP 1682/12002MB (cached 50MB) CPU [0%@1728,0%@1728,0%@1728,0%@1728,100%@1728,0%@1728] GR3D_FREQ 59% cpu@69.187C soc2@67.562C soc0@68.468C gpu@69.593C tj@69.593C soc1@69.375C VDD_IN 13269mW/13205mW VDD_CPU_GPU_CV 5680mW/5620mW VDD_SOC 3297mW/3294mW
08-04-2026 22:33:05 RAM 3995/7620MB (lfb 125x1MB) SWAP 1682/12002MB (cached 50MB) CPU [9%@1728,9%@1728,0%@1728,10%@1728,100%@1728,9%@1728] GR3D_FREQ 63% cpu@69.406C soc2@67.531C soc0@68.25C gpu@69.718C tj@69.718C soc1@69.031C VDD_IN 13269mW/13206mW VDD_CPU_GPU_CV 5680mW/5621mW VDD_SOC 3297mW/3294mW
08-04-2026 22:33:05 RAM 3995/7620MB (lfb 125x1MB) SWAP 1682/12002MB (cached 50MB) CPU [9%@1728,0%@1728,0%@1728,9%@1728,100%@1728,0%@1728] GR3D_FREQ 60% cpu@69.281C soc2@67.562C soc0@68.375C gpu@69.687C tj@69.687C soc1@69.156C VDD_IN 13269mW/13207mW VDD_CPU_GPU_CV 5680mW/5622mW VDD_SOC 3297mW/3294mW
08-04-2026 22:33:05 RAM 3995/7620MB (lfb 125x1MB) SWAP 1682/12002MB (cached 50MB) CPU [9%@1728,0%@1728,0%@1728,0%@1728,100%@1728,0%@1728] GR3D_FREQ 56% cpu@69.031C soc2@67.656C soc0@68.406C gpu@69.625C tj@69.625C soc1@69.25C VDD_IN 13269mW/13208mW VDD_CPU_GPU_CV 5680mW/5623mW VDD_SOC 3297mW/3294mW
08-04-2026 22:33:05 RAM 3995/7620MB (lfb 125x1MB) SWAP 1682/12002MB (cached 50MB) CPU [0%@1728,0%@1728,0%@1728,0%@1728,100%@1728,0%@1728] GR3D_FREQ 58% cpu@69C soc2@67.656C soc0@68.406C gpu@69.781C tj@69.781C soc1@69.343C VDD_IN 13269mW/13209mW VDD_CPU_GPU_CV 5680mW/5624mW VDD_SOC 3297mW/3294mW
08-04-2026 22:33:05 RAM 3995/7620MB (lfb 125x1MB) SWAP 1682/12002MB (cached 50MB) CPU [0%@1728,0%@1728,0%@1728,0%@1728,100%@1728,0%@1728] GR3D_FREQ 59% cpu@69.187C soc2@67.562C soc0@68.218C gpu@69.687C tj@69.687C soc1@69.125C VDD_IN 13269mW/13209mW VDD_CPU_GPU_CV 5680mW/5624mW VDD_SOC 3297mW/3294mW
08-04-2026 22:33:06 RAM 3995/7620MB (lfb 125x1MB) SWAP 1682/12002MB (cached 50MB) CPU [0%@1728,0%@1728,9%@1728,0%@1728,100%@1728,0%@1728] GR3D_FREQ 60% cpu@69.343C soc2@67.593C soc0@68.406C gpu@69.843C tj@69.843C soc1@69.125C VDD_IN 13269mW/13210mW VDD_CPU_GPU_CV 5680mW/5625mW VDD_SOC 3297mW/3294mW
08-04-2026 22:33:06 RAM 3995/7620MB (lfb 125x1MB) SWAP 1682/12002MB (cached 50MB) CPU [0%@1728,0%@1728,0%@1728,0%@1728,100%@1728,0%@1728] GR3D_FREQ 60% cpu@68.906C soc2@67.593C soc0@68.281C gpu@69.687C tj@69.687C soc1@69.156C VDD_IN 13269mW/13211mW VDD_CPU_GPU_CV 5680mW/5626mW VDD_SOC 3297mW/3294mW
08-04-2026 22:33:06 RAM 3995/7620MB (lfb 125x1MB) SWAP 1682/12002MB (cached 50MB) CPU [0%@1728,0%@1728,0%@1728,0%@1728,100%@1728,0%@1728] GR3D_FREQ 59% cpu@69.031C soc2@67.625C soc0@68.5C gpu@69.656C tj@69.656C soc1@69.218C VDD_IN 13269mW/13212mW VDD_CPU_GPU_CV 5680mW/5627mW VDD_SOC 3297mW/3294mW
08-04-2026 22:33:06 RAM 3995/7620MB (lfb 125x1MB) SWAP 1682/12002MB (cached 50MB) CPU [0%@1728,0%@1728,0%@1728,0%@1728,100%@1728,0%@1728] GR3D_FREQ 60% cpu@69.125C soc2@67.625C soc0@68.468C gpu@69.843C tj@69.843C soc1@69.343C VDD_IN 13290mW/13213mW VDD_CPU_GPU_CV 5680mW/5627mW VDD_SOC 3297mW/3294mW
08-04-2026 22:33:06 RAM 3995/7620MB (lfb 125x1MB) SWAP 1682/12002MB (cached 50MB) CPU [9%@1728,0%@1728,0%@1728,9%@1728,100%@1728,0%@1728] GR3D_FREQ 59% cpu@69.281C soc2@67.625C soc0@68.281C gpu@69.687C tj@69.687C soc1@69.125C VDD_IN 13269mW/13213mW VDD_CPU_GPU_CV 5680mW/5628mW VDD_SOC 3297mW/3294mW
08-04-2026 22:33:06 RAM 3995/7620MB (lfb 125x1MB) SWAP 1682/12002MB (cached 50MB) CPU [0%@1728,0%@1728,0%@1728,0%@1728,100%@1728,0%@1728] GR3D_FREQ 56% cpu@69.437C soc2@67.656C soc0@68.375C gpu@69.687C tj@69.687C soc1@69.125C VDD_IN 13310mW/13215mW VDD_CPU_GPU_CV 5680mW/5629mW VDD_SOC 3297mW/3294mW
08-04-2026 22:33:06 RAM 3995/7620MB (lfb 125x1MB) SWAP 1682/12002MB (cached 50MB) CPU [0%@1728,0%@1728,0%@1728,9%@1728,100%@1728,0%@1728] GR3D_FREQ 58% cpu@69.031C soc2@67.656C soc0@68.406C gpu@69.781C tj@69.781C soc1@69.125C VDD_IN 13331mW/13216mW VDD_CPU_GPU_CV 5680mW/5629mW VDD_SOC 3297mW/3294mW
08-04-2026 22:33:06 RAM 3995/7620MB (lfb 125x1MB) SWAP 1682/12002MB (cached 50MB) CPU [0%@1728,8%@1728,9%@1728,9%@1728,100%@1728,0%@1728] GR3D_FREQ 59% cpu@69.062C soc2@67.625C soc0@68.5C gpu@69.718C tj@69.718C soc1@69.343C VDD_IN 13331mW/13218mW VDD_CPU_GPU_CV 5680mW/5630mW VDD_SOC 3297mW/3294mW
08-04-2026 22:33:06 RAM 3995/7620MB (lfb 125x1MB) SWAP 1682/12002MB (cached 50MB) CPU [0%@1728,0%@1728,8%@1728,0%@1728,100%@1728,0%@1728] GR3D_FREQ 58% cpu@69.25C soc2@67.562C soc0@68.343C gpu@69.656C tj@69.656C soc1@69.062C VDD_IN 13269mW/13218mW VDD_CPU_GPU_CV 5680mW/5631mW VDD_SOC 3297mW/3294mW
08-04-2026 22:33:06 RAM 3995/7620MB (lfb 125x1MB) SWAP 1682/12002MB (cached 50MB) CPU [0%@1728,20%@1728,0%@1728,0%@1728,100%@1728,9%@1728] GR3D_FREQ 59% cpu@69.437C soc2@67.593C soc0@68.375C gpu@69.687C tj@69.687C soc1@69.156C VDD_IN 13310mW/13219mW VDD_CPU_GPU_CV 5721mW/5632mW VDD_SOC 3297mW/3294mW
08-04-2026 22:33:07 RAM 3993/7620MB (lfb 125x1MB) SWAP 1682/12002MB (cached 50MB) CPU [0%@1728,9%@1728,0%@1728,8%@1728,100%@1728,0%@1728] GR3D_FREQ 57% cpu@69.125C soc2@67.656C soc0@68.406C gpu@69.656C tj@69.656C soc1@69.187C VDD_IN 13310mW/13220mW VDD_CPU_GPU_CV 5721mW/5633mW VDD_SOC 3297mW/3294mW
08-04-2026 22:33:07 RAM 3993/7620MB (lfb 125x1MB) SWAP 1682/12002MB (cached 50MB) CPU [0%@1728,0%@1728,0%@1728,0%@1728,100%@1728,0%@1728] GR3D_FREQ 60% cpu@69.125C soc2@67.687C soc0@68.437C gpu@69.656C tj@69.656C soc1@69.312C VDD_IN 13310mW/13221mW VDD_CPU_GPU_CV 5680mW/5633mW VDD_SOC 3297mW/3295mW
08-04-2026 22:33:07 RAM 3993/7620MB (lfb 125x1MB) SWAP 1682/12002MB (cached 50MB) CPU [0%@1728,0%@1728,0%@1728,0%@1728,100%@1728,0%@1728] GR3D_FREQ 58% cpu@69.25C soc2@67.718C soc0@68.531C gpu@69.843C tj@69.843C soc1@69.093C VDD_IN 13331mW/13223mW VDD_CPU_GPU_CV 5680mW/5634mW VDD_SOC 3297mW/3295mW
08-04-2026 22:33:07 RAM 3993/7620MB (lfb 125x1MB) SWAP 1682/12002MB (cached 50MB) CPU [0%@1728,0%@1728,0%@1728,0%@1728,100%@1728,0%@1728] GR3D_FREQ 57% cpu@69.281C soc2@67.593C soc0@68.281C gpu@69.75C tj@69.75C soc1@69.156C VDD_IN 13290mW/13223mW VDD_CPU_GPU_CV 5680mW/5634mW VDD_SOC 3297mW/3295mW
08-04-2026 22:33:07 RAM 3993/7620MB (lfb 125x1MB) SWAP 1682/12002MB (cached 50MB) CPU [9%@1728,9%@1728,0%@1728,10%@1728,100%@1728,0%@1728] GR3D_FREQ 67% cpu@69.093C soc2@67.625C soc0@68.375C gpu@69.812C tj@69.812C soc1@69.156C VDD_IN 13310mW/13224mW VDD_CPU_GPU_CV 5680mW/5635mW VDD_SOC 3297mW/3295mW
08-04-2026 22:33:07 RAM 3993/7620MB (lfb 125x1MB) SWAP 1682/12002MB (cached 50MB) CPU [0%@1728,0%@1728,0%@1728,0%@1728,100%@1728,0%@1728] GR3D_FREQ 56% cpu@69.156C soc2@67.625C soc0@68.437C gpu@69.781C tj@69.781C soc1@69.25C VDD_IN 13310mW/13225mW VDD_CPU_GPU_CV 5680mW/5635mW VDD_SOC 3297mW/3295mW
08-04-2026 22:33:07 RAM 3993/7620MB (lfb 125x1MB) SWAP 1682/12002MB (cached 50MB) CPU [0%@1728,0%@1728,0%@1728,0%@1728,100%@1728,0%@1728] GR3D_FREQ 60% cpu@69.187C soc2@67.656C soc0@68.625C gpu@69.656C tj@69.656C soc1@69.343C VDD_IN 13269mW/13226mW VDD_CPU_GPU_CV 5680mW/5636mW VDD_SOC 3297mW/3295mW
08-04-2026 22:33:07 RAM 3993/7620MB (lfb 125x1MB) SWAP 1682/12002MB (cached 50MB) CPU [0%@1728,0%@1728,0%@1728,0%@1728,100%@1728,0%@1728] GR3D_FREQ 58% cpu@69.312C soc2@67.625C soc0@68.281C gpu@69.906C tj@69.906C soc1@69.125C VDD_IN 13269mW/13226mW VDD_CPU_GPU_CV 5680mW/5636mW VDD_SOC 3297mW/3295mW
08-04-2026 22:33:07 RAM 3993/7620MB (lfb 125x1MB) SWAP 1682/12002MB (cached 50MB) CPU [0%@1728,0%@1728,0%@1728,0%@1728,100%@1728,0%@1728] GR3D_FREQ 55% cpu@69.375C soc2@67.562C soc0@68.343C gpu@69.718C tj@69.718C soc1@69.125C VDD_IN 13269mW/13227mW VDD_CPU_GPU_CV 5680mW/5637mW VDD_SOC 3297mW/3295mW
08-04-2026 22:33:08 RAM 3993/7620MB (lfb 125x1MB) SWAP 1682/12002MB (cached 50MB) CPU [0%@1728,0%@1728,0%@1728,0%@1728,100%@1728,0%@1728] GR3D_FREQ 59% cpu@69.125C soc2@67.625C soc0@68.468C gpu@69.656C tj@69.656C soc1@69.187C VDD_IN 13269mW/13227mW VDD_CPU_GPU_CV 5680mW/5637mW VDD_SOC 3297mW/3295mW
08-04-2026 22:33:08 RAM 3993/7620MB (lfb 125x1MB) SWAP 1682/12002MB (cached 50MB) CPU [0%@1728,0%@1728,0%@1728,0%@1728,100%@1728,0%@1728] GR3D_FREQ 59% cpu@69.187C soc2@67.656C soc0@68.375C gpu@69.906C tj@69.906C soc1@69.312C VDD_IN 13228mW/13227mW VDD_CPU_GPU_CV 5680mW/5638mW VDD_SOC 3297mW/3295mW
08-04-2026 22:33:08 RAM 3993/7620MB (lfb 125x1MB) SWAP 1682/12002MB (cached 50MB) CPU [8%@1728,0%@1728,0%@1728,0%@1728,100%@1728,0%@1728] GR3D_FREQ 55% cpu@69.187C soc2@67.593C soc0@68.375C gpu@69.718C tj@69.718C soc1@69.062C VDD_IN 13228mW/13227mW VDD_CPU_GPU_CV 5680mW/5638mW VDD_SOC 3297mW/3295mW
08-04-2026 22:33:08 RAM 3993/7620MB (lfb 125x1MB) SWAP 1682/12002MB (cached 50MB) CPU [0%@1728,0%@1728,0%@1728,0%@1728,100%@1728,0%@1728] GR3D_FREQ 59% cpu@69.281C soc2@67.593C soc0@68.281C gpu@70C tj@70C soc1@69.125C VDD_IN 13228mW/13227mW VDD_CPU_GPU_CV 5640mW/5638mW VDD_SOC 3297mW/3295mW
08-04-2026 22:33:08 RAM 3993/7620MB (lfb 125x1MB) SWAP 1682/12002MB (cached 50MB) CPU [0%@1728,0%@1728,0%@1728,0%@1728,100%@1728,0%@1728] GR3D_FREQ 57% cpu@69.093C soc2@67.625C soc0@68.312C gpu@69.843C tj@69.843C soc1@69.156C VDD_IN 13228mW/13227mW VDD_CPU_GPU_CV 5680mW/5639mW VDD_SOC 3297mW/3295mW
08-04-2026 22:33:08 RAM 3993/7620MB (lfb 125x1MB) SWAP 1682/12002MB (cached 50MB) CPU [9%@1728,0%@1728,0%@1728,16%@1728,100%@1728,0%@1728] GR3D_FREQ 60% cpu@69.156C soc2@67.656C soc0@68.437C gpu@69.718C tj@69.718C soc1@69.25C VDD_IN 13228mW/13227mW VDD_CPU_GPU_CV 5680mW/5639mW VDD_SOC 3297mW/3295mW
08-04-2026 22:33:08 RAM 3993/7620MB (lfb 125x1MB) SWAP 1682/12002MB (cached 50MB) CPU [8%@1728,0%@1728,0%@1728,0%@1728,100%@1728,0%@1728] GR3D_FREQ 56% cpu@69.218C soc2@67.687C soc0@68.562C gpu@70.031C tj@70.031C soc1@69.312C VDD_IN 13228mW/13227mW VDD_CPU_GPU_CV 5680mW/5639mW VDD_SOC 3297mW/3295mW
08-04-2026 22:33:08 RAM 3993/7620MB (lfb 125x1MB) SWAP 1682/12002MB (cached 50MB) CPU [0%@1728,0%@1728,0%@1728,0%@1728,100%@1728,0%@1728] GR3D_FREQ 58% cpu@69.312C soc2@67.593C soc0@68.375C gpu@69.843C tj@69.843C soc1@69.093C VDD_IN 13269mW/13228mW VDD_CPU_GPU_CV 5680mW/5640mW VDD_SOC 3297mW/3295mW
08-04-2026 22:33:08 RAM 3993/7620MB (lfb 125x1MB) SWAP 1682/12002MB (cached 50MB) CPU [0%@1728,0%@1728,0%@1728,0%@1728,100%@1728,0%@1728] GR3D_FREQ 60% cpu@69.437C soc2@67.625C soc0@68.375C gpu@69.656C tj@69.656C soc1@69.031C VDD_IN 13249mW/13228mW VDD_CPU_GPU_CV 5680mW/5640mW VDD_SOC 3297mW/3295mW
08-04-2026 22:33:08 RAM 3993/7620MB (lfb 125x1MB) SWAP 1682/12002MB (cached 50MB) CPU [0%@1728,0%@1728,0%@1728,0%@1728,100%@1728,0%@1728] GR3D_FREQ 56% cpu@68.937C soc2@67.656C soc0@68.343C gpu@69.937C tj@69.937C soc1@69.187C VDD_IN 13228mW/13228mW VDD_CPU_GPU_CV 5680mW/5641mW VDD_SOC 3297mW/3295mW
08-04-2026 22:33:09 RAM 3993/7620MB (lfb 125x1MB) SWAP 1682/12002MB (cached 50MB) CPU [0%@1728,0%@1728,0%@1728,0%@1728,100%@1728,0%@1728] GR3D_FREQ 59% cpu@69.125C soc2@67.656C soc0@68.437C gpu@69.75C tj@69.75C soc1@69.281C VDD_IN 13249mW/13228mW VDD_CPU_GPU_CV 5680mW/5641mW VDD_SOC 3297mW/3295mW
08-04-2026 22:33:09 RAM 3993/7620MB (lfb 125x1MB) SWAP 1682/12002MB (cached 50MB) CPU [0%@1728,0%@1728,0%@1728,0%@1728,100%@1728,0%@1728] GR3D_FREQ 58% cpu@69.281C soc2@67.687C soc0@68.281C gpu@69.687C tj@69.687C soc1@69.093C VDD_IN 13228mW/13228mW VDD_CPU_GPU_CV 5680mW/5641mW VDD_SOC 3297mW/3295mW
08-04-2026 22:33:09 RAM 3993/7620MB (lfb 125x1MB) SWAP 1682/12002MB (cached 50MB) CPU [0%@1728,0%@1728,0%@1728,0%@1728,100%@1728,0%@1728] GR3D_FREQ 56% cpu@69.375C soc2@67.562C soc0@68.406C gpu@69.937C tj@69.937C soc1@69.156C VDD_IN 13228mW/13228mW VDD_CPU_GPU_CV 5640mW/5641mW VDD_SOC 3297mW/3295mW
08-04-2026 22:33:09 RAM 3993/7620MB (lfb 125x1MB) SWAP 1682/12002MB (cached 50MB) CPU [0%@1728,0%@1728,0%@1728,0%@1728,100%@1728,0%@1728] GR3D_FREQ 59% cpu@69.062C soc2@67.625C soc0@68.375C gpu@69.75C tj@69.75C soc1@69.156C VDD_IN 13228mW/13228mW VDD_CPU_GPU_CV 5680mW/5642mW VDD_SOC 3297mW/3295mW
08-04-2026 22:33:09 RAM 3993/7620MB (lfb 125x1MB) SWAP 1682/12002MB (cached 50MB) CPU [9%@1728,9%@1728,0%@1728,9%@1728,100%@1728,0%@1728] GR3D_FREQ 65% cpu@69.25C soc2@67.718C soc0@68.375C gpu@70.125C tj@69.687C soc1@69.25C VDD_IN 13310mW/13229mW VDD_CPU_GPU_CV 5680mW/5642mW VDD_SOC 3297mW/3295mW
08-04-2026 22:33:09 RAM 3993/7620MB (lfb 125x1MB) SWAP 1682/12002MB (cached 50MB) CPU [0%@1728,0%@1728,0%@1728,9%@1728,100%@1728,0%@1728] GR3D_FREQ 58% cpu@69.281C soc2@67.718C soc0@68.5C gpu@69.843C tj@69.843C soc1@69.468C VDD_IN 13269mW/13229mW VDD_CPU_GPU_CV 5680mW/5642mW VDD_SOC 3297mW/3295mW
08-04-2026 22:33:09 RAM 3993/7620MB (lfb 125x1MB) SWAP 1682/12002MB (cached 50MB) CPU [0%@1728,0%@1728,0%@1728,0%@1728,100%@1728,0%@1728] GR3D_FREQ 58% cpu@69.343C soc2@67.562C soc0@68.312C gpu@69.75C tj@69.75C soc1@69.125C VDD_IN 13269mW/13230mW VDD_CPU_GPU_CV 5680mW/5643mW VDD_SOC 3297mW/3295mW
08-04-2026 22:33:09 RAM 3993/7620MB (lfb 125x1MB) SWAP 1682/12002MB (cached 50MB) CPU [0%@1728,0%@1728,9%@1728,9%@1728,100%@1728,0%@1728] GR3D_FREQ 56% cpu@69.031C soc2@67.656C soc0@68.406C gpu@70.093C tj@70.093C soc1@69.187C VDD_IN 13290mW/13230mW VDD_CPU_GPU_CV 5680mW/5643mW VDD_SOC 3297mW/3295mW
08-04-2026 22:33:09 RAM 3993/7620MB (lfb 125x1MB) SWAP 1682/12002MB (cached 50MB) CPU [0%@1728,0%@1728,0%@1728,0%@1728,100%@1728,0%@1728] GR3D_FREQ 58% cpu@69.093C soc2@67.656C soc0@68.437C gpu@69.875C tj@69.875C soc1@69.156C VDD_IN 13290mW/13231mW VDD_CPU_GPU_CV 5680mW/5643mW VDD_SOC 3297mW/3295mW
08-04-2026 22:33:10 RAM 3993/7620MB (lfb 125x1MB) SWAP 1682/12002MB (cached 50MB) CPU [0%@1728,0%@1728,0%@1728,0%@1728,100%@1728,0%@1728] GR3D_FREQ 58% cpu@69.187C soc2@67.718C soc0@68.343C gpu@69.75C tj@69.75C soc1@69.406C VDD_IN 13269mW/13231mW VDD_CPU_GPU_CV 5680mW/5644mW VDD_SOC 3297mW/3295mW
08-04-2026 22:33:10 RAM 3993/7620MB (lfb 125x1MB) SWAP 1682/12002MB (cached 50MB) CPU [0%@1728,0%@1728,0%@1728,0%@1728,100%@1728,0%@1728] GR3D_FREQ 58% cpu@69.218C soc2@67.812C soc0@68.375C gpu@70.062C tj@70.062C soc1@69.125C VDD_IN 13269mW/13231mW VDD_CPU_GPU_CV 5680mW/5644mW VDD_SOC 3297mW/3295mW
08-04-2026 22:33:10 RAM 3990/7620MB (lfb 125x1MB) SWAP 1682/12002MB (cached 50MB) CPU [10%@1728,10%@1728,18%@1728,0%@1728,100%@1728,0%@1728] GR3D_FREQ 60% cpu@69.5C soc2@67.625C soc0@68.406C gpu@69.781C tj@69.781C soc1@69.218C VDD_IN 13350mW/13232mW VDD_CPU_GPU_CV 5721mW/5645mW VDD_SOC 3297mW/3295mW
08-04-2026 22:33:10 RAM 3990/7620MB (lfb 125x1MB) SWAP 1682/12002MB (cached 50MB) CPU [9%@1728,0%@1728,0%@1728,0%@1728,100%@1728,0%@1728] GR3D_FREQ 56% cpu@69.125C soc2@67.593C soc0@68.375C gpu@69.75C tj@69.75C soc1@69.156C VDD_IN 13310mW/13233mW VDD_CPU_GPU_CV 5721mW/5645mW VDD_SOC 3297mW/3295mW
08-04-2026 22:33:10 RAM 3990/7620MB (lfb 125x1MB) SWAP 1682/12002MB (cached 50MB) CPU [0%@1728,0%@1728,0%@1728,0%@1728,100%@1728,0%@1728] GR3D_FREQ 58% cpu@69.218C soc2@67.75C soc0@68.437C gpu@70.031C tj@70.031C soc1@69.25C VDD_IN 13310mW/13234mW VDD_CPU_GPU_CV 5680mW/5646mW VDD_SOC 3297mW/3295mW
08-04-2026 22:33:10 RAM 3990/7620MB (lfb 125x1MB) SWAP 1682/12002MB (cached 50MB) CPU [9%@1728,9%@1728,9%@1728,18%@1728,100%@1728,0%@1728] GR3D_FREQ 59% cpu@69.343C soc2@67.656C soc0@68.531C gpu@69.812C tj@69.812C soc1@69.125C VDD_IN 13310mW/13234mW VDD_CPU_GPU_CV 5721mW/5646mW VDD_SOC 3297mW/3295mW
08-04-2026 22:33:10 RAM 3990/7620MB (lfb 125x1MB) SWAP 1682/12002MB (cached 50MB) CPU [0%@1728,0%@1728,0%@1728,0%@1728,100%@1728,0%@1728] GR3D_FREQ 56% cpu@69.437C soc2@67.531C soc0@68.281C gpu@69.593C tj@69.75C soc1@69.187C VDD_IN 13310mW/13235mW VDD_CPU_GPU_CV 5680mW/5647mW VDD_SOC 3297mW/3295mW
08-04-2026 22:33:10 RAM 3990/7620MB (lfb 125x1MB) SWAP 1682/12002MB (cached 50MB) CPU [8%@1728,0%@1728,0%@1728,0%@1728,100%@1728,0%@1728] GR3D_FREQ 58% cpu@69.093C soc2@67.656C soc0@68.312C gpu@70.031C tj@70.031C soc1@69.156C VDD_IN 13310mW/13236mW VDD_CPU_GPU_CV 5680mW/5647mW VDD_SOC 3297mW/3295mW
08-04-2026 22:33:10 RAM 3990/7620MB (lfb 125x1MB) SWAP 1682/12002MB (cached 50MB) CPU [0%@1728,0%@1728,0%@1728,0%@1728,100%@1728,0%@1728] GR3D_FREQ 60% cpu@69.062C soc2@67.718C soc0@68.5C gpu@69.875C tj@69.875C soc1@69.25C VDD_IN 13269mW/13236mW VDD_CPU_GPU_CV 5680mW/5647mW VDD_SOC 3297mW/3295mW
08-04-2026 22:33:10 RAM 3990/7620MB (lfb 125x1MB) SWAP 1682/12002MB (cached 50MB) CPU [0%@1728,0%@1728,0%@1728,0%@1728,100%@1728,0%@1728] GR3D_FREQ 56% cpu@69.218C soc2@67.656C soc0@68.406C gpu@69.562C tj@69.562C soc1@69.375C VDD_IN 13269mW/13236mW VDD_CPU_GPU_CV 5680mW/5648mW VDD_SOC 3297mW/3295mW
08-04-2026 22:33:11 RAM 3990/7620MB (lfb 125x1MB) SWAP 1682/12002MB (cached 50MB) CPU [0%@1728,0%@1728,0%@1728,0%@1728,100%@1728,0%@1728] GR3D_FREQ 59% cpu@69.312C soc2@67.718C soc0@68.406C gpu@69.937C tj@69.937C soc1@69.187C VDD_IN 13269mW/13237mW VDD_CPU_GPU_CV 5680mW/5648mW VDD_SOC 3297mW/3295mW
08-04-2026 22:33:11 RAM 3990/7620MB (lfb 125x1MB) SWAP 1682/12002MB (cached 50MB) CPU [0%@1728,0%@1728,0%@1728,0%@1728,100%@1728,0%@1728] GR3D_FREQ 59% cpu@69.375C soc2@67.656C soc0@68.375C gpu@69.875C tj@69.875C soc1@69.156C VDD_IN 13290mW/13237mW VDD_CPU_GPU_CV 5680mW/5648mW VDD_SOC 3297mW/3295mW
08-04-2026 22:33:11 RAM 3990/7620MB (lfb 125x1MB) SWAP 1682/12002MB (cached 50MB) CPU [0%@1728,0%@1728,0%@1728,0%@1728,100%@1728,0%@1728] GR3D_FREQ 59% cpu@68.937C soc2@67.656C soc0@68.375C gpu@70.093C tj@70.093C soc1@69.125C VDD_IN 13269mW/13237mW VDD_CPU_GPU_CV 5680mW/5648mW VDD_SOC 3297mW/3295mW
08-04-2026 22:33:11 RAM 3990/7620MB (lfb 125x1MB) SWAP 1682/12002MB (cached 50MB) CPU [0%@1728,0%@1728,0%@1728,0%@1728,100%@1728,0%@1728] GR3D_FREQ 58% cpu@69.125C soc2@67.656C soc0@68.468C gpu@69.906C tj@69.906C soc1@69.312C VDD_IN 13290mW/13238mW VDD_CPU_GPU_CV 5680mW/5649mW VDD_SOC 3297mW/3295mW
08-04-2026 22:33:11 RAM 3990/7620MB (lfb 125x1MB) SWAP 1682/12002MB (cached 50MB) CPU [10%@1728,0%@1728,0%@1728,9%@1728,100%@1728,0%@1728] GR3D_FREQ 68% cpu@69.25C soc2@67.718C soc0@68.531C gpu@69.593C tj@69.593C soc1@69.125C VDD_IN 13269mW/13238mW VDD_CPU_GPU_CV 5680mW/5649mW VDD_SOC 3297mW/3295mW
08-04-2026 22:33:11 RAM 3990/7620MB (lfb 125x1MB) SWAP 1682/12002MB (cached 50MB) CPU [8%@1728,0%@1728,0%@1728,9%@1728,100%@1728,0%@1728] GR3D_FREQ 59% cpu@69.437C soc2@67.687C soc0@68.343C gpu@70.031C tj@70.031C soc1@69.156C VDD_IN 13269mW/13238mW VDD_CPU_GPU_CV 5680mW/5649mW VDD_SOC 3297mW/3295mW
08-04-2026 22:33:11 RAM 3990/7620MB (lfb 125x1MB) SWAP 1682/12002MB (cached 50MB) CPU [0%@1728,0%@1728,0%@1728,0%@1728,100%@1728,0%@1728] GR3D_FREQ 57% cpu@69.093C soc2@67.593C soc0@68.312C gpu@69.875C tj@69.875C soc1@69.125C VDD_IN 13269mW/13238mW VDD_CPU_GPU_CV 5680mW/5649mW VDD_SOC 3297mW/3295mW
08-04-2026 22:33:11 RAM 3990/7620MB (lfb 125x1MB) SWAP 1682/12002MB (cached 50MB) CPU [0%@1728,0%@1728,0%@1728,0%@1728,100%@1728,0%@1728] GR3D_FREQ 55% cpu@69.093C soc2@67.718C soc0@68.437C gpu@69.656C tj@69.656C soc1@69.156C VDD_IN 13269mW/13239mW VDD_CPU_GPU_CV 5680mW/5650mW VDD_SOC 3297mW/3295mW
08-04-2026 22:33:11 RAM 3990/7620MB (lfb 125x1MB) SWAP 1682/12002MB (cached 50MB) CPU [0%@1728,0%@1728,0%@1728,0%@1728,100%@1728,0%@1728] GR3D_FREQ 59% cpu@69.281C soc2@67.687C soc0@68.468C gpu@70.062C tj@70.062C soc1@69.312C VDD_IN 13269mW/13239mW VDD_CPU_GPU_CV 5680mW/5650mW VDD_SOC 3297mW/3295mW
08-04-2026 22:33:12 RAM 3990/7620MB (lfb 125x1MB) SWAP 1682/12002MB (cached 50MB) CPU [0%@1728,0%@1728,0%@1728,0%@1728,100%@1728,0%@1728] GR3D_FREQ 59% cpu@69.375C soc2@67.75C soc0@68.375C gpu@69.812C tj@69.812C soc1@69.125C VDD_IN 13290mW/13239mW VDD_CPU_GPU_CV 5680mW/5650mW VDD_SOC 3297mW/3295mW
08-04-2026 22:33:12 RAM 3990/7620MB (lfb 125x1MB) SWAP 1682/12002MB (cached 50MB) CPU [0%@1728,0%@1728,9%@1728,9%@1728,100%@1728,0%@1728] GR3D_FREQ 59% cpu@69.125C soc2@67.656C soc0@68.375C gpu@69.562C tj@69.562C soc1@69.187C VDD_IN 13290mW/13240mW VDD_CPU_GPU_CV 5680mW/5650mW VDD_SOC 3297mW/3295mW
08-04-2026 22:33:12 RAM 3990/7620MB (lfb 125x1MB) SWAP 1682/12002MB (cached 50MB) CPU [0%@1728,0%@1728,0%@1728,0%@1728,100%@1728,0%@1728] GR3D_FREQ 57% cpu@69.031C soc2@67.656C soc0@68.406C gpu@69.937C tj@69.937C soc1@69.218C VDD_IN 13269mW/13240mW VDD_CPU_GPU_CV 5680mW/5650mW VDD_SOC 3297mW/3295mW
08-04-2026 22:33:12 RAM 3990/7620MB (lfb 125x1MB) SWAP 1682/12002MB (cached 50MB) CPU [0%@1728,0%@1728,0%@1728,0%@1728,100%@1728,0%@1728] GR3D_FREQ 59% cpu@69.125C soc2@67.625C soc0@68.437C gpu@69.812C tj@69.812C soc1@69.25C VDD_IN 13269mW/13240mW VDD_CPU_GPU_CV 5680mW/5651mW VDD_SOC 3297mW/3295mW
08-04-2026 22:33:12 RAM 3990/7620MB (lfb 125x1MB) SWAP 1682/12002MB (cached 50MB) CPU [0%@1728,0%@1728,0%@1728,0%@1728,100%@1728,0%@1728] GR3D_FREQ 60% cpu@69.312C soc2@67.718C soc0@68.562C gpu@69.625C tj@69.625C soc1@69.125C VDD_IN 13249mW/13240mW VDD_CPU_GPU_CV 5680mW/5651mW VDD_SOC 3297mW/3295mW
08-04-2026 22:33:12 RAM 3990/7620MB (lfb 125x1MB) SWAP 1682/12002MB (cached 50MB) CPU [0%@1728,0%@1728,0%@1728,10%@1728,100%@1728,0%@1728] GR3D_FREQ 57% cpu@69.375C soc2@67.718C soc0@68.343C gpu@69.968C tj@69.968C soc1@69.156C VDD_IN 13290mW/13241mW VDD_CPU_GPU_CV 5680mW/5651mW VDD_SOC 3297mW/3295mW
08-04-2026 22:33:12 RAM 3990/7620MB (lfb 125x1MB) SWAP 1682/12002MB (cached 50MB) CPU [0%@1728,0%@1728,0%@1728,0%@1728,100%@1728,0%@1728] GR3D_FREQ 56% cpu@69.187C soc2@67.656C soc0@68.343C gpu@69.656C tj@69.656C soc1@69.25C VDD_IN 13269mW/13241mW VDD_CPU_GPU_CV 5680mW/5651mW VDD_SOC 3297mW/3295mW
08-04-2026 22:33:12 RAM 3990/7620MB (lfb 125x1MB) SWAP 1682/12002MB (cached 50MB) CPU [0%@1728,0%@1728,0%@1728,0%@1728,100%@1728,0%@1728] GR3D_FREQ 60% cpu@69.125C soc2@67.687C soc0@68.406C gpu@69.593C tj@69.593C soc1@69.343C VDD_IN 13331mW/13241mW VDD_CPU_GPU_CV 5680mW/5652mW VDD_SOC 3297mW/3295mW
08-04-2026 22:33:12 RAM 3990/7620MB (lfb 125x1MB) SWAP 1682/12002MB (cached 50MB) CPU [0%@1728,0%@1728,0%@1728,0%@1728,100%@1728,0%@1728] GR3D_FREQ 59% cpu@69.281C soc2@67.687C soc0@68.531C gpu@69.906C tj@69.906C soc1@69.312C VDD_IN 13290mW/13242mW VDD_CPU_GPU_CV 5680mW/5652mW VDD_SOC 3297mW/3295mW
08-04-2026 22:33:12 RAM 3990/7620MB (lfb 125x1MB) SWAP 1682/12002MB (cached 50MB) CPU [0%@1728,0%@1728,0%@1728,0%@1728,100%@1728,0%@1728] GR3D_FREQ 58% cpu@69.406C soc2@67.75C soc0@68.343C gpu@69.593C tj@69.593C soc1@69.125C VDD_IN 13290mW/13242mW VDD_CPU_GPU_CV 5680mW/5652mW VDD_SOC 3297mW/3295mW
08-04-2026 22:33:13 RAM 3990/7620MB (lfb 125x1MB) SWAP 1682/12002MB (cached 50MB) CPU [0%@1728,0%@1728,0%@1728,0%@1728,100%@1728,0%@1728] GR3D_FREQ 58% cpu@69.062C soc2@67.625C soc0@68.375C gpu@70.031C tj@70.031C soc1@69.125C VDD_IN 13290mW/13242mW VDD_CPU_GPU_CV 5680mW/5652mW VDD_SOC 3297mW/3295mW
08-04-2026 22:33:13 RAM 3990/7620MB (lfb 125x1MB) SWAP 1682/12002MB (cached 50MB) CPU [0%@1728,0%@1728,0%@1728,0%@1728,100%@1728,0%@1728] GR3D_FREQ 58% cpu@69.093C soc2@67.531C soc0@68.437C gpu@69.937C tj@69.937C soc1@69.218C VDD_IN 13290mW/13243mW VDD_CPU_GPU_CV 5680mW/5652mW VDD_SOC 3297mW/3296mW
08-04-2026 22:33:13 RAM 3990/7620MB (lfb 125x1MB) SWAP 1682/12002MB (cached 50MB) CPU [0%@1728,0%@1728,9%@1728,0%@1728,100%@1728,0%@1728] GR3D_FREQ 60% cpu@69.062C soc2@67.625C soc0@68.437C gpu@69.656C tj@69.656C soc1@69.343C VDD_IN 13249mW/13243mW VDD_CPU_GPU_CV 5680mW/5653mW VDD_SOC 3297mW/3296mW
08-04-2026 22:33:13 RAM 3990/7620MB (lfb 125x1MB) SWAP 1682/12002MB (cached 50MB) CPU [0%@1728,0%@1728,0%@1728,0%@1728,100%@1728,0%@1728] GR3D_FREQ 58% cpu@69.375C soc2@67.718C soc0@68.531C gpu@70.031C tj@70.031C soc1@69.343C VDD_IN 13249mW/13243mW VDD_CPU_GPU_CV 5680mW/5653mW VDD_SOC 3297mW/3296mW
08-04-2026 22:33:13 RAM 3994/7620MB (lfb 125x1MB) SWAP 1682/12002MB (cached 50MB) CPU [36%@1728,10%@1728,10%@1728,20%@1728,100%@1728,9%@1728] GR3D_FREQ 59% cpu@69.593C soc2@67.687C soc0@68.375C gpu@69.875C tj@69.875C soc1@69.125C VDD_IN 13350mW/13244mW VDD_CPU_GPU_CV 5761mW/5653mW VDD_SOC 3297mW/3296mW
08-04-2026 22:33:13 RAM 3994/7620MB (lfb 125x1MB) SWAP 1682/12002MB (cached 50MB) CPU [0%@1728,0%@1728,0%@1728,0%@1728,100%@1728,0%@1728] GR3D_FREQ 58% cpu@69.156C soc2@67.718C soc0@68.468C gpu@69.625C tj@69.625C soc1@69.218C VDD_IN 13350mW/13244mW VDD_CPU_GPU_CV 5721mW/5654mW VDD_SOC 3297mW/3296mW
08-04-2026 22:33:13 RAM 3994/7620MB (lfb 125x1MB) SWAP 1682/12002MB (cached 50MB) CPU [9%@1728,0%@1728,0%@1728,0%@1728,100%@1728,0%@1728] GR3D_FREQ 65% cpu@69.093C soc2@67.687C soc0@68.468C gpu@70.062C tj@70.062C soc1@69.312C VDD_IN 13350mW/13245mW VDD_CPU_GPU_CV 5721mW/5654mW VDD_SOC 3297mW/3296mW
08-04-2026 22:33:13 RAM 3994/7620MB (lfb 125x1MB) SWAP 1682/12002MB (cached 50MB) CPU [0%@1728,0%@1728,0%@1728,0%@1728,100%@1728,0%@1728] GR3D_FREQ 55% cpu@69.25C soc2@67.687C soc0@68.5C gpu@69.875C tj@69.875C soc1@69.312C VDD_IN 13310mW/13245mW VDD_CPU_GPU_CV 5721mW/5655mW VDD_SOC 3297mW/3296mW
08-04-2026 22:33:13 RAM 3994/7620MB (lfb 125x1MB) SWAP 1682/12002MB (cached 50MB) CPU [0%@1728,0%@1728,0%@1728,0%@1728,100%@1728,0%@1728] GR3D_FREQ 58% cpu@69.375C soc2@67.718C soc0@68.375C gpu@69.656C tj@69.656C soc1@69.093C VDD_IN 13310mW/13246mW VDD_CPU_GPU_CV 5721mW/5655mW VDD_SOC 3297mW/3296mW
08-04-2026 22:33:13 RAM 3994/7620MB (lfb 125x1MB) SWAP 1682/12002MB (cached 50MB) CPU [0%@1728,8%@1728,0%@1728,0%@1728,100%@1728,0%@1728] GR3D_FREQ 59% cpu@69.125C soc2@67.718C soc0@68.343C gpu@70C tj@70C soc1@69.125C VDD_IN 13310mW/13246mW VDD_CPU_GPU_CV 5680mW/5655mW VDD_SOC 3297mW/3296mW
08-04-2026 22:33:14 RAM 3994/7620MB (lfb 125x1MB) SWAP 1682/12002MB (cached 50MB) CPU [0%@1728,0%@1728,9%@1728,0%@1728,100%@1728,0%@1728] GR3D_FREQ 59% cpu@69C soc2@67.75C soc0@68.375C gpu@69.656C tj@69.843C soc1@69.25C VDD_IN 13269mW/13246mW VDD_CPU_GPU_CV 5680mW/5656mW VDD_SOC 3297mW/3296mW
08-04-2026 22:33:14 RAM 3994/7620MB (lfb 125x1MB) SWAP 1682/12002MB (cached 50MB) CPU [0%@1728,0%@1728,9%@1728,0%@1728,100%@1728,0%@1728] GR3D_FREQ 59% cpu@69.125C soc2@67.687C soc0@68.437C gpu@69.656C tj@69.656C soc1@69.281C VDD_IN 13269mW/13247mW VDD_CPU_GPU_CV 5680mW/5656mW VDD_SOC 3297mW/3296mW
08-04-2026 22:33:14 RAM 3994/7620MB (lfb 125x1MB) SWAP 1682/12002MB (cached 50MB) CPU [0%@1728,9%@1728,0%@1728,63%@1728,100%@1728,0%@1728] GR3D_FREQ 55% cpu@69.531C soc2@67.687C soc0@68.562C gpu@70.031C tj@70.031C soc1@69.093C VDD_IN 13391mW/13248mW VDD_CPU_GPU_CV 5761mW/5656mW VDD_SOC 3337mW/3296mW
08-04-2026 22:33:14 RAM 3994/7620MB (lfb 125x1MB) SWAP 1682/12002MB (cached 50MB) CPU [0%@1728,0%@1728,0%@1728,0%@1728,100%@1728,0%@1728] GR3D_FREQ 58% cpu@69.062C soc2@67.625C soc0@68.406C gpu@69.656C tj@69.656C soc1@69.156C VDD_IN 13350mW/13248mW VDD_CPU_GPU_CV 5721mW/5657mW VDD_SOC 3337mW/3296mW
08-04-2026 22:33:14 RAM 3994/7620MB (lfb 125x1MB) SWAP 1682/12002MB (cached 50MB) CPU [0%@1728,0%@1728,18%@1728,25%@1728,100%@1728,0%@1728] GR3D_FREQ 60% cpu@69.093C soc2@67.656C soc0@68.468C gpu@69.656C tj@69.656C soc1@69.25C VDD_IN 13391mW/13249mW VDD_CPU_GPU_CV 5761mW/5658mW VDD_SOC 3337mW/3296mW
08-04-2026 22:33:14 RAM 3994/7620MB (lfb 125x1MB) SWAP 1682/12002MB (cached 50MB) CPU [0%@1728,0%@1728,0%@1728,0%@1728,100%@1728,0%@1728] GR3D_FREQ 59% cpu@69.125C soc2@67.718C soc0@68.5C gpu@69.968C tj@69.968C soc1@69.312C VDD_IN 13350mW/13250mW VDD_CPU_GPU_CV 5721mW/5658mW VDD_SOC 3297mW/3296mW
08-04-2026 22:33:14 RAM 3994/7620MB (lfb 125x1MB) SWAP 1682/12002MB (cached 50MB) CPU [0%@1728,0%@1728,0%@1728,0%@1728,100%@1728,0%@1728] GR3D_FREQ 60% cpu@69.281C soc2@67.718C soc0@68.468C gpu@69.656C tj@69.656C soc1@69.156C VDD_IN 13350mW/13250mW VDD_CPU_GPU_CV 5721mW/5658mW VDD_SOC 3297mW/3296mW
08-04-2026 22:33:14 RAM 3994/7620MB (lfb 125x1MB) SWAP 1682/12002MB (cached 50MB) CPU [0%@1728,0%@1728,0%@1728,0%@1728,100%@1728,0%@1728] GR3D_FREQ 58% cpu@69.343C soc2@67.687C soc0@68.375C gpu@70.125C tj@70.125C soc1@69.125C VDD_IN 13331mW/13251mW VDD_CPU_GPU_CV 5721mW/5659mW VDD_SOC 3297mW/3296mW
08-04-2026 22:33:14 RAM 3994/7620MB (lfb 125x1MB) SWAP 1682/12002MB (cached 50MB) CPU [0%@1728,0%@1728,0%@1728,0%@1728,100%@1728,0%@1728] GR3D_FREQ 56% cpu@69.156C soc2@67.718C soc0@68.375C gpu@69.968C tj@69.968C soc1@69.156C VDD_IN 13331mW/13251mW VDD_CPU_GPU_CV 5680mW/5659mW VDD_SOC 3297mW/3296mW
08-04-2026 22:33:15 RAM 3994/7620MB (lfb 125x1MB) SWAP 1682/12002MB (cached 50MB) CPU [0%@1728,0%@1728,0%@1728,0%@1728,100%@1728,0%@1728] GR3D_FREQ 58% cpu@69.062C soc2@67.718C soc0@68.437C gpu@69.656C tj@69.656C soc1@69.25C VDD_IN 13290mW/13252mW VDD_CPU_GPU_CV 5680mW/5659mW VDD_SOC 3297mW/3296mW
08-04-2026 22:33:15 RAM 3994/7620MB (lfb 125x1MB) SWAP 1682/12002MB (cached 50MB) CPU [0%@1728,9%@1728,0%@1728,0%@1728,100%@1728,0%@1728] GR3D_FREQ 59% cpu@69.093C soc2@67.718C soc0@68.593C gpu@70.156C tj@70.156C soc1@69.375C VDD_IN 13290mW/13252mW VDD_CPU_GPU_CV 5680mW/5659mW VDD_SOC 3297mW/3296mW
08-04-2026 22:33:15 RAM 3994/7620MB (lfb 125x1MB) SWAP 1682/12002MB (cached 50MB) CPU [0%@1728,0%@1728,0%@1728,0%@1728,100%@1728,0%@1728] GR3D_FREQ 59% cpu@69.343C soc2@67.812C soc0@68.531C gpu@69.687C tj@69.687C soc1@69.156C VDD_IN 13290mW/13252mW VDD_CPU_GPU_CV 5680mW/5659mW VDD_SOC 3297mW/3296mW
08-04-2026 22:33:15 RAM 3994/7620MB (lfb 125x1MB) SWAP 1682/12002MB (cached 50MB) CPU [0%@1728,0%@1728,0%@1728,0%@1728,100%@1728,0%@1728] GR3D_FREQ 60% cpu@69.093C soc2@67.75C soc0@68.312C gpu@69.687C tj@69.687C soc1@69.187C VDD_IN 13290mW/13252mW VDD_CPU_GPU_CV 5680mW/5659mW VDD_SOC 3297mW/3296mW
08-04-2026 22:33:15 RAM 3994/7620MB (lfb 125x1MB) SWAP 1682/12002MB (cached 50MB) CPU [9%@1728,0%@1728,0%@1728,10%@1728,100%@1728,0%@1728] GR3D_FREQ 64% cpu@69.156C soc2@67.718C soc0@68.437C gpu@70.125C tj@70.125C soc1@69.281C VDD_IN 13331mW/13253mW VDD_CPU_GPU_CV 5680mW/5660mW VDD_SOC 3297mW/3296mW
08-04-2026 22:33:15 RAM 3994/7620MB (lfb 125x1MB) SWAP 1682/12002MB (cached 50MB) CPU [0%@1728,0%@1728,0%@1728,8%@1728,100%@1728,0%@1728] GR3D_FREQ 56% cpu@69.156C soc2@67.718C soc0@68.468C gpu@69.687C tj@69.843C soc1@69.312C VDD_IN 13331mW/13253mW VDD_CPU_GPU_CV 5680mW/5660mW VDD_SOC 3297mW/3296mW
08-04-2026 22:33:15 RAM 3994/7620MB (lfb 125x1MB) SWAP 1682/12002MB (cached 50MB) CPU [0%@1728,0%@1728,9%@1728,0%@1728,100%@1728,0%@1728] GR3D_FREQ 64% cpu@69.281C soc2@67.781C soc0@68.468C gpu@69.593C tj@69.593C soc1@69.187C VDD_IN 13290mW/13254mW VDD_CPU_GPU_CV 5680mW/5660mW VDD_SOC 3297mW/3296mW
08-04-2026 22:33:15 RAM 3994/7620MB (lfb 125x1MB) SWAP 1682/12002MB (cached 50MB) CPU [0%@1728,0%@1728,0%@1728,8%@1728,100%@1728,0%@1728] GR3D_FREQ 59% cpu@69.468C soc2@67.656C soc0@68.375C gpu@70.062C tj@70.062C soc1@69.156C VDD_IN 13331mW/13254mW VDD_CPU_GPU_CV 5680mW/5660mW VDD_SOC 3297mW/3296mW
08-04-2026 22:33:15 RAM 3994/7620MB (lfb 125x1MB) SWAP 1682/12002MB (cached 50MB) CPU [0%@1728,0%@1728,0%@1728,0%@1728,100%@1728,0%@1728] GR3D_FREQ 59% cpu@69.218C soc2@67.687C soc0@68.312C gpu@69.656C tj@69.656C soc1@69.312C VDD_IN 13290mW/13254mW VDD_CPU_GPU_CV 5680mW/5660mW VDD_SOC 3297mW/3296mW
08-04-2026 22:33:15 RAM 3994/7620MB (lfb 125x1MB) SWAP 1682/12002MB (cached 50MB) CPU [0%@1728,0%@1728,0%@1728,0%@1728,100%@1728,0%@1728] GR3D_FREQ 58% cpu@69.125C soc2@67.687C soc0@68.375C gpu@69.656C tj@69.656C soc1@69.312C VDD_IN 13290mW/13254mW VDD_CPU_GPU_CV 5680mW/5660mW VDD_SOC 3297mW/3296mW
08-04-2026 22:33:16 RAM 3994/7620MB (lfb 125x1MB) SWAP 1682/12002MB (cached 50MB) CPU [0%@1728,0%@1728,0%@1728,0%@1728,100%@1728,0%@1728] GR3D_FREQ 56% cpu@69.156C soc2@67.75C soc0@68.531C gpu@70.031C tj@70.031C soc1@69.343C VDD_IN 13290mW/13255mW VDD_CPU_GPU_CV 5680mW/5660mW VDD_SOC 3297mW/3296mW
08-04-2026 22:33:16 RAM 3994/7620MB (lfb 125x1MB) SWAP 1682/12002MB (cached 50MB) CPU [8%@1728,0%@1728,0%@1728,0%@1728,100%@1728,0%@1728] GR3D_FREQ 58% cpu@69.437C soc2@67.75C soc0@68.562C gpu@69.656C tj@69.656C soc1@69.125C VDD_IN 13290mW/13255mW VDD_CPU_GPU_CV 5680mW/5660mW VDD_SOC 3297mW/3296mW
08-04-2026 22:33:16 RAM 3994/7620MB (lfb 125x1MB) SWAP 1682/12002MB (cached 50MB) CPU [0%@1728,0%@1728,9%@1728,0%@1728,100%@1728,0%@1728] GR3D_FREQ 60% cpu@69.218C soc2@67.656C soc0@68.406C gpu@69.656C tj@69.656C soc1@69.125C VDD_IN 13269mW/13255mW VDD_CPU_GPU_CV 5680mW/5660mW VDD_SOC 3297mW/3296mW
08-04-2026 22:33:16 RAM 3994/7620MB (lfb 125x1MB) SWAP 1682/12002MB (cached 50MB) CPU [0%@1728,0%@1728,8%@1728,0%@1728,100%@1728,0%@1728] GR3D_FREQ 59% cpu@69C soc2@67.718C soc0@68.437C gpu@69.687C tj@69.687C soc1@69.218C VDD_IN 13269mW/13255mW VDD_CPU_GPU_CV 5680mW/5661mW VDD_SOC 3297mW/3296mW
08-04-2026 22:33:16 RAM 3994/7620MB (lfb 125x1MB) SWAP 1682/12002MB (cached 50MB) CPU [18%@1728,9%@1728,0%@1728,0%@1728,100%@1728,0%@1728] GR3D_FREQ 59% cpu@69.093C soc2@67.718C soc0@68.437C gpu@69.656C tj@69.656C soc1@69.375C VDD_IN 13310mW/13255mW VDD_CPU_GPU_CV 5680mW/5661mW VDD_SOC 3297mW/3296mW
08-04-2026 22:33:16 RAM 3994/7620MB (lfb 125x1MB) SWAP 1682/12002MB (cached 50MB) CPU [0%@1728,0%@1728,0%@1728,0%@1728,100%@1728,0%@1728] GR3D_FREQ 56% cpu@69.375C soc2@67.75C soc0@68.531C gpu@70.125C tj@70.125C soc1@69.437C VDD_IN 13290mW/13256mW VDD_CPU_GPU_CV 5680mW/5661mW VDD_SOC 3297mW/3296mW
08-04-2026 22:33:16 RAM 3989/7620MB (lfb 125x1MB) SWAP 1682/12002MB (cached 50MB) CPU [0%@1728,20%@1728,0%@1728,9%@1728,100%@1728,10%@1728] GR3D_FREQ 58% cpu@69.593C soc2@67.625C soc0@68.406C gpu@69.656C tj@69.656C soc1@69.187C VDD_IN 13391mW/13256mW VDD_CPU_GPU_CV 5721mW/5661mW VDD_SOC 3297mW/3296mW
08-04-2026 22:33:16 RAM 3989/7620MB (lfb 125x1MB) SWAP 1682/12002MB (cached 50MB) CPU [0%@1728,0%@1728,0%@1728,0%@1728,100%@1728,0%@1728] GR3D_FREQ 56% cpu@69.125C soc2@67.718C soc0@68.375C gpu@69.656C tj@69.656C soc1@69.218C VDD_IN 13350mW/13257mW VDD_CPU_GPU_CV 5721mW/5661mW VDD_SOC 3297mW/3296mW
08-04-2026 22:33:16 RAM 3989/7620MB (lfb 125x1MB) SWAP 1682/12002MB (cached 50MB) CPU [0%@1728,0%@1728,0%@1728,0%@1728,100%@1728,0%@1728] GR3D_FREQ 59% cpu@69.093C soc2@67.718C soc0@68.406C gpu@70.031C tj@70.031C soc1@69.281C VDD_IN 13310mW/13257mW VDD_CPU_GPU_CV 5721mW/5662mW VDD_SOC 3297mW/3296mW
08-04-2026 22:33:17 RAM 3989/7620MB (lfb 125x1MB) SWAP 1682/12002MB (cached 50MB) CPU [9%@1728,0%@1728,0%@1728,0%@1728,100%@1728,0%@1728] GR3D_FREQ 60% cpu@69.187C soc2@67.687C soc0@68.562C gpu@69.656C tj@69.656C soc1@69.406C VDD_IN 13331mW/13258mW VDD_CPU_GPU_CV 5680mW/5662mW VDD_SOC 3297mW/3296mW
08-04-2026 22:33:17 RAM 3989/7620MB (lfb 125x1MB) SWAP 1682/12002MB (cached 50MB) CPU [0%@1728,8%@1728,0%@1728,0%@1728,100%@1728,9%@1728] GR3D_FREQ 57% cpu@69.562C soc2@67.781C soc0@68.593C gpu@69.656C tj@69.656C soc1@69.218C VDD_IN 13310mW/13258mW VDD_CPU_GPU_CV 5680mW/5662mW VDD_SOC 3297mW/3296mW
08-04-2026 22:33:17 RAM 3989/7620MB (lfb 125x1MB) SWAP 1682/12002MB (cached 50MB) CPU [0%@1728,0%@1728,0%@1728,0%@1728,100%@1728,0%@1728] GR3D_FREQ 58% cpu@69.218C soc2@67.718C soc0@68.375C gpu@70.062C tj@70.062C soc1@69.125C VDD_IN 13290mW/13258mW VDD_CPU_GPU_CV 5680mW/5662mW VDD_SOC 3297mW/3296mW
08-04-2026 22:33:17 RAM 3989/7620MB (lfb 125x1MB) SWAP 1682/12002MB (cached 50MB) CPU [0%@1728,0%@1728,0%@1728,0%@1728,100%@1728,0%@1728] GR3D_FREQ 58% cpu@69.156C soc2@67.718C soc0@68.437C gpu@69.687C tj@69.687C soc1@69.281C VDD_IN 13290mW/13258mW VDD_CPU_GPU_CV 5680mW/5662mW VDD_SOC 3297mW/3296mW
08-04-2026 22:33:17 RAM 3989/7620MB (lfb 125x1MB) SWAP 1682/12002MB (cached 50MB) CPU [9%@1728,0%@1728,9%@1728,18%@1728,100%@1728,0%@1728] GR3D_FREQ 61% cpu@69.218C soc2@67.75C soc0@68.531C gpu@69.656C tj@69.656C soc1@69.437C VDD_IN 13310mW/13258mW VDD_CPU_GPU_CV 5721mW/5663mW VDD_SOC 3297mW/3296mW
08-04-2026 22:33:17 RAM 3989/7620MB (lfb 125x1MB) SWAP 1682/12002MB (cached 50MB) CPU [0%@1728,9%@1728,0%@1728,9%@1728,100%@1728,0%@1728] GR3D_FREQ 58% cpu@69.468C soc2@67.75C soc0@68.593C gpu@70.062C tj@70.062C soc1@69.406C VDD_IN 13310mW/13259mW VDD_CPU_GPU_CV 5680mW/5663mW VDD_SOC 3297mW/3297mW
08-04-2026 22:33:17 RAM 3989/7620MB (lfb 125x1MB) SWAP 1682/12002MB (cached 50MB) CPU [0%@1728,0%@1728,0%@1728,0%@1728,100%@1728,0%@1728] GR3D_FREQ 63% cpu@69.125C soc2@67.625C soc0@68.312C gpu@69.687C tj@69.687C soc1@69.187C VDD_IN 13269mW/13259mW VDD_CPU_GPU_CV 5680mW/5663mW VDD_SOC 3297mW/3297mW
08-04-2026 22:33:17 RAM 3989/7620MB (lfb 125x1MB) SWAP 1682/12002MB (cached 50MB) CPU [0%@1728,0%@1728,0%@1728,0%@1728,100%@1728,0%@1728] GR3D_FREQ 59% cpu@69.125C soc2@67.687C soc0@68.437C gpu@69.625C tj@69.625C soc1@69.218C VDD_IN 13269mW/13259mW VDD_CPU_GPU_CV 5680mW/5663mW VDD_SOC 3297mW/3297mW
08-04-2026 22:33:17 RAM 3989/7620MB (lfb 125x1MB) SWAP 1682/12002MB (cached 50MB) CPU [0%@1728,0%@1728,0%@1728,0%@1728,100%@1728,0%@1728] GR3D_FREQ 60% cpu@69.031C soc2@67.687C soc0@68.437C gpu@69.75C tj@69.75C soc1@69.25C VDD_IN 13269mW/13259mW VDD_CPU_GPU_CV 5680mW/5663mW VDD_SOC 3297mW/3297mW
08-04-2026 22:33:17 RAM 3989/7620MB (lfb 125x1MB) SWAP 1682/12002MB (cached 50MB) CPU [9%@1728,0%@1728,0%@1728,9%@1728,100%@1728,0%@1728] GR3D_FREQ 58% cpu@69.156C soc2@67.718C soc0@68.562C gpu@69.687C tj@69.687C soc1@69.468C VDD_IN 13269mW/13259mW VDD_CPU_GPU_CV 5680mW/5663mW VDD_SOC 3297mW/3297mW
08-04-2026 22:33:18 RAM 3989/7620MB (lfb 125x1MB) SWAP 1682/12002MB (cached 50MB) CPU [0%@1728,0%@1728,0%@1728,0%@1728,100%@1728,0%@1728] GR3D_FREQ 59% cpu@69.5C soc2@67.843C soc0@68.375C gpu@69.656C tj@69.656C soc1@69.187C VDD_IN 13269mW/13259mW VDD_CPU_GPU_CV 5680mW/5663mW VDD_SOC 3297mW/3297mW
08-04-2026 22:33:18 RAM 3989/7620MB (lfb 125x1MB) SWAP 1682/12002MB (cached 50MB) CPU [0%@1728,0%@1728,0%@1728,0%@1728,100%@1728,0%@1728] GR3D_FREQ 56% cpu@69.218C soc2@67.75C soc0@68.437C gpu@69.718C tj@69.718C soc1@69.25C VDD_IN 13269mW/13259mW VDD_CPU_GPU_CV 5680mW/5663mW VDD_SOC 3297mW/3297mW
08-04-2026 22:33:18 RAM 3989/7620MB (lfb 125x1MB) SWAP 1682/12002MB (cached 50MB) CPU [0%@1728,0%@1728,0%@1728,9%@1728,100%@1728,0%@1728] GR3D_FREQ 60% cpu@69.218C soc2@67.687C soc0@68.437C gpu@69.656C tj@69.656C soc1@69.25C VDD_IN 13249mW/13259mW VDD_CPU_GPU_CV 5640mW/5663mW VDD_SOC 3297mW/3297mW
08-04-2026 22:33:18 RAM 3989/7620MB (lfb 125x1MB) SWAP 1682/12002MB (cached 50MB) CPU [0%@1728,0%@1728,0%@1728,0%@1728,100%@1728,0%@1728] GR3D_FREQ 58% cpu@69.125C soc2@67.718C soc0@68.5C gpu@69.812C tj@69.812C soc1@69.281C VDD_IN 13249mW/13259mW VDD_CPU_GPU_CV 5640mW/5663mW VDD_SOC 3297mW/3297mW
08-04-2026 22:33:18 RAM 3989/7620MB (lfb 125x1MB) SWAP 1682/12002MB (cached 50MB) CPU [18%@1728,0%@1728,0%@1728,0%@1728,100%@1728,0%@1728] GR3D_FREQ 58% cpu@69.187C soc2@67.718C soc0@68.593C gpu@69.718C tj@69.718C soc1@69.531C VDD_IN 13269mW/13259mW VDD_CPU_GPU_CV 5680mW/5663mW VDD_SOC 3297mW/3297mW
08-04-2026 22:33:18 RAM 3989/7620MB (lfb 125x1MB) SWAP 1682/12002MB (cached 50MB) CPU [0%@1728,0%@1728,0%@1728,0%@1728,100%@1728,0%@1728] GR3D_FREQ 57% cpu@69.187C soc2@67.718C soc0@68.437C gpu@69.656C tj@69.656C soc1@69.187C VDD_IN 13269mW/13259mW VDD_CPU_GPU_CV 5680mW/5663mW VDD_SOC 3297mW/3297mW
08-04-2026 22:33:18 RAM 3989/7620MB (lfb 125x1MB) SWAP 1682/12002MB (cached 50MB) CPU [9%@1728,8%@1728,9%@1728,0%@1728,100%@1728,0%@1728] GR3D_FREQ 56% cpu@69.093C soc2@67.687C soc0@68.406C gpu@69.718C tj@69.718C soc1@69.25C VDD_IN 13269mW/13259mW VDD_CPU_GPU_CV 5680mW/5663mW VDD_SOC 3297mW/3297mW
08-04-2026 22:33:18 RAM 3989/7620MB (lfb 125x1MB) SWAP 1682/12002MB (cached 50MB) CPU [0%@1728,0%@1728,0%@1728,0%@1728,100%@1728,0%@1728] GR3D_FREQ 59% cpu@69.125C soc2@67.75C soc0@68.5C gpu@69.687C tj@69.687C soc1@69.406C VDD_IN 13269mW/13259mW VDD_CPU_GPU_CV 5680mW/5663mW VDD_SOC 3297mW/3297mW
08-04-2026 22:33:18 RAM 3989/7620MB (lfb 125x1MB) SWAP 1682/12002MB (cached 50MB) CPU [0%@1728,0%@1728,0%@1728,9%@1728,100%@1728,0%@1728] GR3D_FREQ 60% cpu@69.187C soc2@67.75C soc0@68.5C gpu@69.625C tj@69.625C soc1@69.5C VDD_IN 13290mW/13259mW VDD_CPU_GPU_CV 5680mW/5663mW VDD_SOC 3297mW/3297mW
08-04-2026 22:33:19 RAM 3989/7620MB (lfb 125x1MB) SWAP 1682/12002MB (cached 50MB) CPU [0%@1728,0%@1728,0%@1728,0%@1728,100%@1728,0%@1728] GR3D_FREQ 60% cpu@69.593C soc2@67.875C soc0@68.375C gpu@69.75C tj@69.75C soc1@69.125C VDD_IN 13290mW/13259mW VDD_CPU_GPU_CV 5680mW/5663mW VDD_SOC 3297mW/3297mW
08-04-2026 22:33:19 RAM 3989/7620MB (lfb 125x1MB) SWAP 1682/12002MB (cached 50MB) CPU [0%@1728,0%@1728,0%@1728,0%@1728,100%@1728,0%@1728] GR3D_FREQ 58% cpu@69.062C soc2@67.718C soc0@68.406C gpu@69.687C tj@69.687C soc1@69.25C VDD_IN 13249mW/13259mW VDD_CPU_GPU_CV 5680mW/5664mW VDD_SOC 3297mW/3297mW
08-04-2026 22:33:19 RAM 3989/7620MB (lfb 125x1MB) SWAP 1682/12002MB (cached 50MB) CPU [0%@1728,0%@1728,0%@1728,0%@1728,100%@1728,0%@1728] GR3D_FREQ 56% cpu@69.125C soc2@67.625C soc0@68.5C gpu@69.781C tj@69.781C soc1@69.312C VDD_IN 13249mW/13259mW VDD_CPU_GPU_CV 5680mW/5664mW VDD_SOC 3297mW/3297mW
08-04-2026 22:33:19 RAM 3989/7620MB (lfb 125x1MB) SWAP 1682/12002MB (cached 50MB) CPU [0%@1728,0%@1728,0%@1728,0%@1728,100%@1728,0%@1728] GR3D_FREQ 56% cpu@69.187C soc2@67.625C soc0@68.531C gpu@69.781C tj@69.781C soc1@69.375C VDD_IN 13228mW/13259mW VDD_CPU_GPU_CV 5680mW/5664mW VDD_SOC 3297mW/3297mW
08-04-2026 22:33:19 RAM 3989/7620MB (lfb 125x1MB) SWAP 1682/12002MB (cached 50MB) CPU [10%@1728,0%@1728,9%@1728,9%@1728,100%@1728,0%@1728] GR3D_FREQ 59% cpu@69.218C soc2@67.75C soc0@68.593C gpu@69.656C tj@69.656C soc1@69.468C VDD_IN 13269mW/13259mW VDD_CPU_GPU_CV 5680mW/5664mW VDD_SOC 3297mW/3297mW
08-04-2026 22:33:19 RAM 3989/7620MB (lfb 125x1MB) SWAP 1682/12002MB (cached 50MB) CPU [0%@1728,0%@1728,0%@1728,0%@1728,100%@1728,0%@1728] GR3D_FREQ 56% cpu@69.312C soc2@67.718C soc0@68.375C gpu@69.75C tj@69.75C soc1@69.187C VDD_IN 13290mW/13259mW VDD_CPU_GPU_CV 5680mW/5664mW VDD_SOC 3297mW/3297mW
08-04-2026 22:33:19 RAM 3989/7620MB (lfb 125x1MB) SWAP 1682/12002MB (cached 50MB) CPU [9%@1728,0%@1728,0%@1728,0%@1728,100%@1728,0%@1728] GR3D_FREQ 61% cpu@69.125C soc2@67.781C soc0@68.437C gpu@69.718C tj@69.718C soc1@69.125C VDD_IN 13290mW/13260mW VDD_CPU_GPU_CV 5680mW/5664mW VDD_SOC 3297mW/3297mW
08-04-2026 22:33:19 RAM 3989/7620MB (lfb 125x1MB) SWAP 1682/12002MB (cached 50MB) CPU [0%@1728,8%@1728,9%@1728,9%@1728,100%@1728,0%@1728] GR3D_FREQ 56% cpu@69.125C soc2@67.718C soc0@68.5C gpu@69.718C tj@69.718C soc1@69.343C VDD_IN 13290mW/13260mW VDD_CPU_GPU_CV 5680mW/5664mW VDD_SOC 3297mW/3297mW
08-04-2026 22:33:19 RAM 3993/7620MB (lfb 125x1MB) SWAP 1682/12002MB (cached 50MB) CPU [9%@1728,10%@1728,18%@1728,10%@1728,100%@1728,9%@1728] GR3D_FREQ 60% cpu@69.218C soc2@67.875C soc0@68.593C gpu@69.843C tj@69.843C soc1@69.437C VDD_IN 13310mW/13260mW VDD_CPU_GPU_CV 5721mW/5664mW VDD_SOC 3297mW/3297mW
08-04-2026 22:33:19 RAM 3993/7620MB (lfb 125x1MB) SWAP 1682/12002MB (cached 50MB) CPU [0%@1728,0%@1728,0%@1728,0%@1728,100%@1728,0%@1728] GR3D_FREQ 58% cpu@69.156C soc2@67.812C soc0@68.375C gpu@69.781C tj@69.781C soc1@69.187C VDD_IN 13310mW/13260mW VDD_CPU_GPU_CV 5721mW/5665mW VDD_SOC 3297mW/3297mW
08-04-2026 22:33:20 RAM 3993/7620MB (lfb 125x1MB) SWAP 1682/12002MB (cached 50MB) CPU [0%@1728,0%@1728,0%@1728,0%@1728,100%@1728,0%@1728] GR3D_FREQ 58% cpu@69.125C soc2@67.687C soc0@68.468C gpu@69.687C tj@69.687C soc1@69.187C VDD_IN 13331mW/13261mW VDD_CPU_GPU_CV 5680mW/5665mW VDD_SOC 3297mW/3297mW
08-04-2026 22:33:20 RAM 3993/7620MB (lfb 125x1MB) SWAP 1682/12002MB (cached 50MB) CPU [0%@1728,0%@1728,0%@1728,0%@1728,100%@1728,0%@1728] GR3D_FREQ 60% cpu@69.218C soc2@67.718C soc0@68.468C gpu@69.812C tj@69.812C soc1@69.343C VDD_IN 13290mW/13261mW VDD_CPU_GPU_CV 5680mW/5665mW VDD_SOC 3297mW/3297mW
08-04-2026 22:33:20 RAM 3993/7620MB (lfb 125x1MB) SWAP 1682/12002MB (cached 50MB) CPU [0%@1728,0%@1728,0%@1728,0%@1728,100%@1728,0%@1728] GR3D_FREQ 57% cpu@69.312C soc2@67.718C soc0@68.531C gpu@69.75C tj@69.75C soc1@69.406C VDD_IN 13290mW/13261mW VDD_CPU_GPU_CV 5680mW/5665mW VDD_SOC 3297mW/3297mW
08-04-2026 22:33:20 RAM 3993/7620MB (lfb 125x1MB) SWAP 1682/12002MB (cached 50MB) CPU [0%@1728,0%@1728,0%@1728,0%@1728,100%@1728,0%@1728] GR3D_FREQ 56% cpu@69.187C soc2@67.75C soc0@68.593C gpu@69.875C tj@69.875C soc1@69.218C VDD_IN 13290mW/13261mW VDD_CPU_GPU_CV 5680mW/5665mW VDD_SOC 3297mW/3297mW
08-04-2026 22:33:20 RAM 3993/7620MB (lfb 125x1MB) SWAP 1682/12002MB (cached 50MB) CPU [18%@1728,0%@1728,0%@1728,0%@1728,100%@1728,9%@1728] GR3D_FREQ 57% cpu@69.343C soc2@67.75C soc0@68.437C gpu@69.781C tj@69.781C soc1@69.218C VDD_IN 13290mW/13261mW VDD_CPU_GPU_CV 5680mW/5665mW VDD_SOC 3297mW/3297mW
08-04-2026 22:33:20 RAM 3993/7620MB (lfb 125x1MB) SWAP 1682/12002MB (cached 50MB) CPU [0%@1728,0%@1728,0%@1728,8%@1728,100%@1728,0%@1728] GR3D_FREQ 59% cpu@69.062C soc2@67.656C soc0@68.5C gpu@69.781C tj@69.781C soc1@69.218C VDD_IN 13290mW/13261mW VDD_CPU_GPU_CV 5680mW/5665mW VDD_SOC 3297mW/3297mW
08-04-2026 22:33:20 RAM 3993/7620MB (lfb 125x1MB) SWAP 1682/12002MB (cached 50MB) CPU [9%@1728,0%@1728,0%@1728,9%@1728,100%@1728,0%@1728] GR3D_FREQ 58% cpu@69.156C soc2@67.781C soc0@68.468C gpu@69.875C tj@69.875C soc1@69.375C VDD_IN 13269mW/13261mW VDD_CPU_GPU_CV 5680mW/5665mW VDD_SOC 3297mW/3297mW
08-04-2026 22:33:20 RAM 3993/7620MB (lfb 125x1MB) SWAP 1682/12002MB (cached 50MB) CPU [0%@1728,0%@1728,0%@1728,0%@1728,100%@1728,0%@1728] GR3D_FREQ 57% cpu@69.281C soc2@67.843C soc0@68.593C gpu@69.781C tj@69.781C soc1@69.562C VDD_IN 13290mW/13261mW VDD_CPU_GPU_CV 5680mW/5665mW VDD_SOC 3297mW/3297mW
08-04-2026 22:33:20 RAM 3993/7620MB (lfb 125x1MB) SWAP 1682/12002MB (cached 50MB) CPU [0%@1728,0%@1728,0%@1728,0%@1728,100%@1728,0%@1728] GR3D_FREQ 60% cpu@69.187C soc2@67.687C soc0@68.406C gpu@69.718C tj@69.718C soc1@69.156C VDD_IN 13290mW/13262mW VDD_CPU_GPU_CV 5680mW/5665mW VDD_SOC 3297mW/3297mW
08-04-2026 22:33:21 RAM 3993/7620MB (lfb 125x1MB) SWAP 1682/12002MB (cached 50MB) CPU [8%@1728,0%@1728,0%@1728,9%@1728,100%@1728,0%@1728] GR3D_FREQ 57% cpu@69.125C soc2@67.718C soc0@68.468C gpu@69.812C tj@69.812C soc1@69.218C VDD_IN 13269mW/13262mW VDD_CPU_GPU_CV 5680mW/5665mW VDD_SOC 3297mW/3297mW
08-04-2026 22:33:21 RAM 3993/7620MB (lfb 125x1MB) SWAP 1682/12002MB (cached 50MB) CPU [0%@1728,0%@1728,0%@1728,0%@1728,100%@1728,0%@1728] GR3D_FREQ 57% cpu@69.125C soc2@67.687C soc0@68.406C gpu@69.718C tj@69.718C soc1@69.312C VDD_IN 13249mW/13262mW VDD_CPU_GPU_CV 5640mW/5665mW VDD_SOC 3297mW/3297mW
08-04-2026 22:33:21 RAM 3993/7620MB (lfb 125x1MB) SWAP 1682/12002MB (cached 50MB) CPU [0%@1728,0%@1728,0%@1728,0%@1728,100%@1728,0%@1728] GR3D_FREQ 59% cpu@69.25C soc2@67.812C soc0@68.625C gpu@69.781C tj@69.781C soc1@69.343C VDD_IN 13249mW/13261mW VDD_CPU_GPU_CV 5640mW/5665mW VDD_SOC 3297mW/3297mW
08-04-2026 22:33:21 RAM 3993/7620MB (lfb 125x1MB) SWAP 1682/12002MB (cached 50MB) CPU [0%@1728,0%@1728,0%@1728,0%@1728,100%@1728,0%@1728] GR3D_FREQ 60% cpu@69.218C soc2@67.781C soc0@68.562C gpu@69.906C tj@69.906C soc1@69.218C VDD_IN 13249mW/13261mW VDD_CPU_GPU_CV 5640mW/5665mW VDD_SOC 3297mW/3297mW
08-04-2026 22:33:21 RAM 3993/7620MB (lfb 125x1MB) SWAP 1682/12002MB (cached 50MB) CPU [0%@1728,0%@1728,0%@1728,0%@1728,100%@1728,0%@1728] GR3D_FREQ 57% cpu@69.375C soc2@67.687C soc0@68.375C gpu@69.843C tj@69.843C soc1@69.156C VDD_IN 13269mW/13261mW VDD_CPU_GPU_CV 5680mW/5665mW VDD_SOC 3297mW/3297mW
08-04-2026 22:33:21 RAM 3993/7620MB (lfb 125x1MB) SWAP 1682/12002MB (cached 50MB) CPU [10%@1728,0%@1728,0%@1728,0%@1728,91%@1728,0%@1728] GR3D_FREQ 60% cpu@69.187C soc2@67.75C soc0@68.406C gpu@69.937C tj@69.937C soc1@69.312C VDD_IN 13269mW/13261mW VDD_CPU_GPU_CV 5680mW/5665mW VDD_SOC 3297mW/3297mW
08-04-2026 22:33:21 RAM 3993/7620MB (lfb 125x1MB) SWAP 1682/12002MB (cached 50MB) CPU [0%@1728,0%@1728,0%@1728,0%@1728,100%@1728,0%@1728] GR3D_FREQ 61% cpu@69.187C soc2@67.812C soc0@68.5C gpu@69.875C tj@69.875C soc1@69.312C VDD_IN 13269mW/13262mW VDD_CPU_GPU_CV 5680mW/5665mW VDD_SOC 3297mW/3297mW
08-04-2026 22:33:21 RAM 3993/7620MB (lfb 125x1MB) SWAP 1682/12002MB (cached 50MB) CPU [0%@1728,0%@1728,0%@1728,0%@1728,100%@1728,0%@1728] GR3D_FREQ 58% cpu@69.25C soc2@67.843C soc0@68.593C gpu@69.75C tj@69.75C soc1@69.5C VDD_IN 13269mW/13262mW VDD_CPU_GPU_CV 5680mW/5665mW VDD_SOC 3297mW/3297mW
08-04-2026 22:33:21 RAM 3993/7620MB (lfb 125x1MB) SWAP 1682/12002MB (cached 50MB) CPU [0%@1728,0%@1728,0%@1728,0%@1728,100%@1728,0%@1728] GR3D_FREQ 59% cpu@69.218C soc2@67.75C soc0@68.468C gpu@69.906C tj@69.906C soc1@69.218C VDD_IN 13269mW/13262mW VDD_CPU_GPU_CV 5680mW/5665mW VDD_SOC 3297mW/3297mW
08-04-2026 22:33:21 RAM 3993/7620MB (lfb 125x1MB) SWAP 1682/12002MB (cached 50MB) CPU [0%@1728,0%@1728,0%@1728,0%@1728,100%@1728,0%@1728] GR3D_FREQ 57% cpu@69.187C soc2@67.718C soc0@68.531C gpu@69.812C tj@69.812C soc1@69.25C VDD_IN 13269mW/13262mW VDD_CPU_GPU_CV 5680mW/5665mW VDD_SOC 3297mW/3297mW
08-04-2026 22:33:22 RAM 3993/7620MB (lfb 125x1MB) SWAP 1682/12002MB (cached 50MB) CPU [8%@1728,0%@1728,0%@1728,0%@1728,100%@1728,0%@1728] GR3D_FREQ 58% cpu@69.218C soc2@67.75C soc0@68.437C gpu@69.812C tj@69.812C soc1@69.375C VDD_IN 13269mW/13262mW VDD_CPU_GPU_CV 5680mW/5665mW VDD_SOC 3297mW/3297mW
08-04-2026 22:33:22 RAM 3993/7620MB (lfb 125x1MB) SWAP 1682/12002MB (cached 50MB) CPU [0%@1728,0%@1728,0%@1728,0%@1728,100%@1728,0%@1728] GR3D_FREQ 58% cpu@69.156C soc2@67.812C soc0@68.531C gpu@69.843C tj@69.843C soc1@69.343C VDD_IN 13290mW/13262mW VDD_CPU_GPU_CV 5680mW/5665mW VDD_SOC 3297mW/3297mW
08-04-2026 22:33:22 RAM 3993/7620MB (lfb 125x1MB) SWAP 1682/12002MB (cached 50MB) CPU [0%@1728,0%@1728,0%@1728,0%@1728,100%@1728,0%@1728] GR3D_FREQ 55% cpu@69.281C soc2@67.843C soc0@68.625C gpu@69.875C tj@69.875C soc1@69.218C VDD_IN 13269mW/13262mW VDD_CPU_GPU_CV 5680mW/5666mW VDD_SOC 3297mW/3297mW
08-04-2026 22:33:22 RAM 3993/7620MB (lfb 125x1MB) SWAP 1682/12002MB (cached 50MB) CPU [0%@1728,0%@1728,0%@1728,0%@1728,100%@1728,0%@1728] GR3D_FREQ 59% cpu@69.156C soc2@67.718C soc0@68.375C gpu@69.968C tj@69.718C soc1@69.281C VDD_IN 13290mW/13262mW VDD_CPU_GPU_CV 5680mW/5666mW VDD_SOC 3297mW/3297mW
08-04-2026 22:33:22 RAM 3993/7620MB (lfb 125x1MB) SWAP 1682/12002MB (cached 50MB) CPU [10%@1728,8%@1728,0%@1728,0%@1728,100%@1728,0%@1728] GR3D_FREQ 63% cpu@69.218C soc2@67.718C soc0@68.468C gpu@69.906C tj@69.906C soc1@69.218C VDD_IN 13310mW/13262mW VDD_CPU_GPU_CV 5680mW/5666mW VDD_SOC 3297mW/3297mW
08-04-2026 22:33:22 RAM 3993/7620MB (lfb 125x1MB) SWAP 1682/12002MB (cached 50MB) CPU [9%@1728,0%@1728,0%@1728,0%@1728,100%@1728,0%@1728] GR3D_FREQ 59% cpu@69.25C soc2@67.718C soc0@68.531C gpu@69.843C tj@69.843C soc1@69.375C VDD_IN 13310mW/13262mW VDD_CPU_GPU_CV 5680mW/5666mW VDD_SOC 3297mW/3297mW
08-04-2026 22:33:22 RAM 3993/7620MB (lfb 125x1MB) SWAP 1682/12002MB (cached 50MB) CPU [0%@1728,0%@1728,0%@1728,0%@1728,100%@1728,0%@1728] GR3D_FREQ 57% cpu@69.218C soc2@67.781C soc0@68.531C gpu@70C tj@69.75C soc1@69.531C VDD_IN 13310mW/13263mW VDD_CPU_GPU_CV 5680mW/5666mW VDD_SOC 3297mW/3297mW
08-04-2026 22:33:22 RAM 3993/7620MB (lfb 125x1MB) SWAP 1682/12002MB (cached 50MB) CPU [0%@1728,0%@1728,9%@1728,0%@1728,100%@1728,0%@1728] GR3D_FREQ 58% cpu@69.281C soc2@67.812C soc0@68.437C gpu@69.906C tj@69.906C soc1@69.25C VDD_IN 13310mW/13263mW VDD_CPU_GPU_CV 5680mW/5666mW VDD_SOC 3297mW/3297mW
08-04-2026 22:33:22 RAM 3993/7620MB (lfb 125x1MB) SWAP 1682/12002MB (cached 50MB) CPU [0%@1728,0%@1728,0%@1728,0%@1728,100%@1728,0%@1728] GR3D_FREQ 59% cpu@69.187C soc2@67.687C soc0@68.437C gpu@69.843C tj@69.843C soc1@69.312C VDD_IN 13269mW/13263mW VDD_CPU_GPU_CV 5680mW/5666mW VDD_SOC 3297mW/3297mW
08-04-2026 22:33:23 RAM 3986/7620MB (lfb 125x1MB) SWAP 1682/12002MB (cached 50MB) CPU [27%@1728,10%@1728,0%@1728,0%@1728,100%@1728,0%@1728] GR3D_FREQ 57% cpu@69.281C soc2@67.843C soc0@68.437C gpu@69.968C tj@69.968C soc1@69.312C VDD_IN 13350mW/13263mW VDD_CPU_GPU_CV 5721mW/5666mW VDD_SOC 3297mW/3297mW
08-04-2026 22:33:23 RAM 3986/7620MB (lfb 125x1MB) SWAP 1682/12002MB (cached 50MB) CPU [0%@1728,8%@1728,0%@1728,0%@1728,100%@1728,0%@1728] GR3D_FREQ 57% cpu@69.156C soc2@67.812C soc0@68.625C gpu@69.812C tj@69.812C soc1@69.312C VDD_IN 13331mW/13263mW VDD_CPU_GPU_CV 5680mW/5666mW VDD_SOC 3297mW/3297mW
08-04-2026 22:33:23 RAM 3986/7620MB (lfb 125x1MB) SWAP 1682/12002MB (cached 50MB) CPU [8%@1728,0%@1728,0%@1728,9%@1728,100%@1728,0%@1728] GR3D_FREQ 59% cpu@69.218C soc2@67.843C soc0@68.625C gpu@69.812C tj@69.812C soc1@69.156C VDD_IN 13310mW/13264mW VDD_CPU_GPU_CV 5680mW/5666mW VDD_SOC 3297mW/3297mW
08-04-2026 22:33:23 RAM 3986/7620MB (lfb 125x1MB) SWAP 1682/12002MB (cached 50MB) CPU [0%@1728,0%@1728,0%@1728,0%@1728,100%@1728,0%@1728] GR3D_FREQ 59% cpu@69.25C soc2@67.687C soc0@68.406C gpu@70C tj@70C soc1@69.187C VDD_IN 13310mW/13264mW VDD_CPU_GPU_CV 5680mW/5666mW VDD_SOC 3297mW/3297mW
08-04-2026 22:33:23 RAM 3986/7620MB (lfb 125x1MB) SWAP 1682/12002MB (cached 50MB) CPU [0%@1728,0%@1728,0%@1728,0%@1728,100%@1728,0%@1728] GR3D_FREQ 60% cpu@69.218C soc2@67.687C soc0@68.468C gpu@69.781C tj@69.781C soc1@69.281C VDD_IN 13269mW/13264mW VDD_CPU_GPU_CV 5680mW/5666mW VDD_SOC 3297mW/3297mW
08-04-2026 22:33:23 RAM 3986/7620MB (lfb 125x1MB) SWAP 1682/12002MB (cached 50MB) CPU [10%@1728,9%@1728,9%@1728,9%@1728,100%@1728,0%@1728] GR3D_FREQ 59% cpu@69.218C soc2@67.718C soc0@68.531C gpu@70.093C tj@70.093C soc1@69.437C VDD_IN 13310mW/13264mW VDD_CPU_GPU_CV 5680mW/5666mW VDD_SOC 3297mW/3297mW
08-04-2026 22:33:23 RAM 3986/7620MB (lfb 125x1MB) SWAP 1682/12002MB (cached 50MB) CPU [0%@1728,0%@1728,0%@1728,0%@1728,100%@1728,0%@1728] GR3D_FREQ 59% cpu@69.25C soc2@67.812C soc0@68.625C gpu@69.906C tj@69.906C soc1@69.468C VDD_IN 13310mW/13264mW VDD_CPU_GPU_CV 5680mW/5666mW VDD_SOC 3297mW/3297mW
08-04-2026 22:33:23 RAM 3986/7620MB (lfb 125x1MB) SWAP 1682/12002MB (cached 50MB) CPU [9%@1728,9%@1728,0%@1728,0%@1728,100%@1728,0%@1728] GR3D_FREQ 58% cpu@69.281C soc2@67.687C soc0@68.437C gpu@69.875C tj@69.875C soc1@69.25C VDD_IN 13310mW/13264mW VDD_CPU_GPU_CV 5680mW/5667mW VDD_SOC 3297mW/3297mW
08-04-2026 22:33:23 RAM 3986/7620MB (lfb 125x1MB) SWAP 1682/12002MB (cached 50MB) CPU [0%@1728,0%@1728,0%@1728,0%@1728,100%@1728,0%@1728] GR3D_FREQ 57% cpu@69.187C soc2@67.687C soc0@68.437C gpu@70.093C tj@70.093C soc1@69.218C VDD_IN 13269mW/13264mW VDD_CPU_GPU_CV 5680mW/5667mW VDD_SOC 3297mW/3297mW
08-04-2026 22:33:23 RAM 3986/7620MB (lfb 125x1MB) SWAP 1682/12002MB (cached 50MB) CPU [0%@1728,0%@1728,0%@1728,0%@1728,100%@1728,0%@1728] GR3D_FREQ 60% cpu@69.187C soc2@67.812C soc0@68.437C gpu@69.968C tj@69.968C soc1@69.25C VDD_IN 13269mW/13264mW VDD_CPU_GPU_CV 5680mW/5667mW VDD_SOC 3297mW/3297mW
08-04-2026 22:33:24 RAM 3986/7620MB (lfb 125x1MB) SWAP 1682/12002MB (cached 50MB) CPU [0%@1728,0%@1728,0%@1728,0%@1728,100%@1728,0%@1728] GR3D_FREQ 58% cpu@69.218C soc2@67.843C soc0@68.593C gpu@69.875C tj@69.875C soc1@69.406C VDD_IN 13290mW/13265mW VDD_CPU_GPU_CV 5680mW/5667mW VDD_SOC 3297mW/3297mW
08-04-2026 22:33:24 RAM 3986/7620MB (lfb 125x1MB) SWAP 1682/12002MB (cached 50MB) CPU [0%@1728,0%@1728,0%@1728,0%@1728,100%@1728,0%@1728] GR3D_FREQ 58% cpu@69.343C soc2@67.781C soc0@68.625C gpu@69.968C tj@69.968C soc1@69.218C VDD_IN 13290mW/13265mW VDD_CPU_GPU_CV 5640mW/5667mW VDD_SOC 3297mW/3297mW
08-04-2026 22:33:24 RAM 3986/7620MB (lfb 125x1MB) SWAP 1682/12002MB (cached 50MB) CPU [63%@1728,0%@1728,0%@1728,0%@1728,100%@1728,0%@1728] GR3D_FREQ 59% cpu@69.125C soc2@67.843C soc0@68.531C gpu@69.875C tj@69.875C soc1@69.281C VDD_IN 13350mW/13265mW VDD_CPU_GPU_CV 5721mW/5667mW VDD_SOC 3297mW/3297mW
08-04-2026 22:33:24 RAM 3986/7620MB (lfb 125x1MB) SWAP 1682/12002MB (cached 50MB) CPU [0%@1728,9%@1728,0%@1728,0%@1728,100%@1728,0%@1728] GR3D_FREQ 56% cpu@69.156C soc2@67.781C soc0@68.531C gpu@69.843C tj@69.843C soc1@69.281C VDD_IN 13350mW/13265mW VDD_CPU_GPU_CV 5721mW/5667mW VDD_SOC 3297mW/3297mW
08-04-2026 22:33:24 RAM 3986/7620MB (lfb 125x1MB) SWAP 1682/12002MB (cached 50MB) CPU [18%@1728,9%@1728,0%@1728,0%@1728,100%@1728,0%@1728] GR3D_FREQ 67% cpu@69.25C soc2@67.812C soc0@68.5C gpu@70C tj@70C soc1@69.437C VDD_IN 13391mW/13266mW VDD_CPU_GPU_CV 5761mW/5667mW VDD_SOC 3291mW/3297mW
08-04-2026 22:33:24 RAM 3986/7620MB (lfb 125x1MB) SWAP 1682/12002MB (cached 50MB) CPU [0%@1728,0%@1728,0%@1728,9%@1728,100%@1728,0%@1728] GR3D_FREQ 59% cpu@69.312C soc2@67.875C soc0@68.625C gpu@69.906C tj@69.906C soc1@69.125C VDD_IN 13350mW/13266mW VDD_CPU_GPU_CV 5721mW/5668mW VDD_SOC 3297mW/3297mW
08-04-2026 22:33:24 RAM 3986/7620MB (lfb 125x1MB) SWAP 1682/12002MB (cached 50MB) CPU [9%@1728,0%@1728,0%@1728,0%@1728,100%@1728,0%@1728] GR3D_FREQ 58% cpu@69.25C soc2@67.687C soc0@68.437C gpu@69.812C tj@69.812C soc1@69.25C VDD_IN 13350mW/13267mW VDD_CPU_GPU_CV 5721mW/5668mW VDD_SOC 3297mW/3297mW
08-04-2026 22:33:24 RAM 3986/7620MB (lfb 125x1MB) SWAP 1682/12002MB (cached 50MB) CPU [9%@1728,0%@1728,0%@1728,0%@1728,100%@1728,0%@1728] GR3D_FREQ 59% cpu@69.218C soc2@67.875C soc0@68.562C gpu@70C tj@70C soc1@69.343C VDD_IN 13371mW/13267mW VDD_CPU_GPU_CV 5721mW/5668mW VDD_SOC 3297mW/3297mW
08-04-2026 22:33:24 RAM 3986/7620MB (lfb 125x1MB) SWAP 1682/12002MB (cached 50MB) CPU [0%@1728,0%@1728,9%@1728,0%@1728,100%@1728,0%@1728] GR3D_FREQ 59% cpu@69.156C soc2@67.812C soc0@68.531C gpu@69.812C tj@69.812C soc1@69.406C VDD_IN 13310mW/13267mW VDD_CPU_GPU_CV 5721mW/5668mW VDD_SOC 3297mW/3297mW
08-04-2026 22:33:25 RAM 3986/7620MB (lfb 125x1MB) SWAP 1682/12002MB (cached 50MB) CPU [0%@1728,0%@1728,0%@1728,0%@1728,100%@1728,0%@1728] GR3D_FREQ 55% cpu@69.312C soc2@67.812C soc0@68.75C gpu@69.843C tj@69.843C soc1@69.437C VDD_IN 13310mW/13267mW VDD_CPU_GPU_CV 5680mW/5668mW VDD_SOC 3297mW/3297mW
08-04-2026 22:33:25 RAM 3986/7620MB (lfb 125x1MB) SWAP 1682/12002MB (cached 50MB) CPU [0%@1728,9%@1728,0%@1728,0%@1728,100%@1728,0%@1728] GR3D_FREQ 59% cpu@69.281C soc2@67.843C soc0@68.562C gpu@69.937C tj@69.937C soc1@69.25C VDD_IN 13290mW/13267mW VDD_CPU_GPU_CV 5680mW/5668mW VDD_SOC 3297mW/3297mW
08-04-2026 22:33:25 RAM 3986/7620MB (lfb 125x1MB) SWAP 1682/12002MB (cached 50MB) CPU [0%@1728,0%@1728,0%@1728,0%@1728,100%@1728,0%@1728] GR3D_FREQ 60% cpu@69.156C soc2@67.75C soc0@68.437C gpu@69.812C tj@69.812C soc1@69.375C VDD_IN 13269mW/13267mW VDD_CPU_GPU_CV 5680mW/5668mW VDD_SOC 3297mW/3297mW
08-04-2026 22:33:25 RAM 3986/7620MB (lfb 125x1MB) SWAP 1682/12002MB (cached 50MB) CPU [0%@1728,0%@1728,0%@1728,0%@1728,100%@1728,0%@1728] GR3D_FREQ 58% cpu@69.218C soc2@67.843C soc0@68.531C gpu@70.093C tj@70.093C soc1@69.343C VDD_IN 13290mW/13267mW VDD_CPU_GPU_CV 5680mW/5668mW VDD_SOC 3297mW/3297mW
08-04-2026 22:33:25 RAM 3986/7620MB (lfb 125x1MB) SWAP 1682/12002MB (cached 50MB) CPU [0%@1728,0%@1728,0%@1728,0%@1728,100%@1728,0%@1728] GR3D_FREQ 57% cpu@69.156C soc2@67.75C soc0@68.562C gpu@70C tj@70C soc1@69.375C VDD_IN 13290mW/13268mW VDD_CPU_GPU_CV 5680mW/5668mW VDD_SOC 3297mW/3297mW
08-04-2026 22:33:25 RAM 3986/7620MB (lfb 125x1MB) SWAP 1682/12002MB (cached 50MB) CPU [18%@1728,9%@1728,0%@1728,0%@1728,100%@1728,0%@1728] GR3D_FREQ 59% cpu@69.281C soc2@67.843C soc0@68.687C gpu@69.937C tj@69.937C soc1@69.562C VDD_IN 13310mW/13268mW VDD_CPU_GPU_CV 5721mW/5669mW VDD_SOC 3297mW/3297mW
08-04-2026 22:33:25 RAM 3986/7620MB (lfb 125x1MB) SWAP 1682/12002MB (cached 50MB) CPU [0%@1728,9%@1728,0%@1728,0%@1728,100%@1728,0%@1728] GR3D_FREQ 60% cpu@69.375C soc2@67.781C soc0@68.437C gpu@70.156C tj@70.156C soc1@69.187C VDD_IN 13310mW/13268mW VDD_CPU_GPU_CV 5721mW/5669mW VDD_SOC 3297mW/3297mW
08-04-2026 22:33:25 RAM 3986/7620MB (lfb 125x1MB) SWAP 1682/12002MB (cached 50MB) CPU [0%@1728,0%@1728,0%@1728,0%@1728,100%@1728,8%@1728] GR3D_FREQ 59% cpu@69.218C soc2@67.718C soc0@68.531C gpu@69.968C tj@69.968C soc1@69.343C VDD_IN 13310mW/13268mW VDD_CPU_GPU_CV 5721mW/5669mW VDD_SOC 3297mW/3297mW
08-04-2026 22:33:25 RAM 3986/7620MB (lfb 125x1MB) SWAP 1682/12002MB (cached 50MB) CPU [0%@1728,0%@1728,0%@1728,0%@1728,100%@1728,9%@1728] GR3D_FREQ 58% cpu@69.312C soc2@67.781C soc0@68.531C gpu@69.875C tj@69.875C soc1@69.375C VDD_IN 13310mW/13268mW VDD_CPU_GPU_CV 5721mW/5669mW VDD_SOC 3297mW/3297mW
08-04-2026 22:33:25 RAM 3986/7620MB (lfb 125x1MB) SWAP 1682/12002MB (cached 50MB) CPU [0%@1728,0%@1728,0%@1728,0%@1728,100%@1728,0%@1728] GR3D_FREQ 59% cpu@69.281C soc2@67.906C soc0@68.656C gpu@70.093C tj@70.093C soc1@69.406C VDD_IN 13290mW/13268mW VDD_CPU_GPU_CV 5680mW/5669mW VDD_SOC 3297mW/3297mW
08-04-2026 22:33:26 RAM 3986/7620MB (lfb 125x1MB) SWAP 1682/12002MB (cached 50MB) CPU [0%@1728,0%@1728,0%@1728,0%@1728,100%@1728,0%@1728] GR3D_FREQ 57% cpu@69.375C soc2@67.812C soc0@68.718C gpu@69.937C tj@69.937C soc1@69.281C VDD_IN 13290mW/13268mW VDD_CPU_GPU_CV 5680mW/5669mW VDD_SOC 3297mW/3297mW
08-04-2026 22:33:26 RAM 3986/7620MB (lfb 125x1MB) SWAP 1682/12002MB (cached 50MB) CPU [0%@1728,0%@1728,0%@1728,0%@1728,100%@1728,0%@1728] GR3D_FREQ 57% cpu@69.218C soc2@67.75C soc0@68.593C gpu@69.781C tj@69.781C soc1@69.25C VDD_IN 13290mW/13268mW VDD_CPU_GPU_CV 5680mW/5669mW VDD_SOC 3297mW/3297mW
08-04-2026 22:33:26 RAM 3991/7620MB (lfb 125x1MB) SWAP 1682/12002MB (cached 50MB) CPU [20%@1728,10%@1728,9%@1728,0%@1728,100%@1728,0%@1728] GR3D_FREQ 60% cpu@69.25C soc2@67.812C soc0@68.593C gpu@69.906C tj@69.906C soc1@69.343C VDD_IN 13350mW/13269mW VDD_CPU_GPU_CV 5721mW/5670mW VDD_SOC 3297mW/3297mW
08-04-2026 22:33:26 RAM 3982/7620MB (lfb 125x1MB) SWAP 1682/12002MB (cached 50MB) CPU [0%@1728,0%@1728,0%@1728,0%@1728,100%@1728,0%@1728] GR3D_FREQ 55% cpu@69.25C soc2@67.875C soc0@68.593C gpu@69.968C tj@69.968C soc1@69.468C VDD_IN 13310mW/13269mW VDD_CPU_GPU_CV 5721mW/5670mW VDD_SOC 3297mW/3297mW
08-04-2026 22:33:26 RAM 3982/7620MB (lfb 125x1MB) SWAP 1682/12002MB (cached 50MB) CPU [18%@1728,0%@1728,0%@1728,0%@1728,100%@1728,8%@1728] GR3D_FREQ 67% cpu@69.343C soc2@67.875C soc0@68.75C gpu@70.156C tj@70.156C soc1@69.562C VDD_IN 13350mW/13269mW VDD_CPU_GPU_CV 5721mW/5670mW VDD_SOC 3337mW/3297mW
08-04-2026 22:33:26 RAM 3982/7620MB (lfb 125x1MB) SWAP 1682/12002MB (cached 50MB) CPU [0%@1728,0%@1728,0%@1728,0%@1728,100%@1728,9%@1728] GR3D_FREQ 59% cpu@69.281C soc2@67.656C soc0@68.5C gpu@69.968C tj@69.968C soc1@69.281C VDD_IN 13350mW/13269mW VDD_CPU_GPU_CV 5721mW/5670mW VDD_SOC 3297mW/3297mW
08-04-2026 22:33:26 RAM 3982/7620MB (lfb 125x1MB) SWAP 1682/12002MB (cached 50MB) CPU [9%@1728,0%@1728,0%@1728,0%@1728,100%@1728,0%@1728] GR3D_FREQ 57% cpu@69.218C soc2@67.812C soc0@68.531C gpu@69.812C tj@69.812C soc1@69.281C VDD_IN 13350mW/13270mW VDD_CPU_GPU_CV 5721mW/5670mW VDD_SOC 3297mW/3297mW
08-04-2026 22:33:26 RAM 3982/7620MB (lfb 125x1MB) SWAP 1682/12002MB (cached 50MB) CPU [0%@1728,0%@1728,0%@1728,8%@1728,100%@1728,0%@1728] GR3D_FREQ 58% cpu@69.281C soc2@67.781C soc0@68.531C gpu@70.125C tj@70.125C soc1@69.406C VDD_IN 13310mW/13270mW VDD_CPU_GPU_CV 5721mW/5671mW VDD_SOC 3297mW/3297mW
08-04-2026 22:33:26 RAM 3982/7620MB (lfb 125x1MB) SWAP 1682/12002MB (cached 50MB) CPU [0%@1728,8%@1728,0%@1728,0%@1728,100%@1728,0%@1728] GR3D_FREQ 60% cpu@69.281C soc2@67.875C soc0@68.625C gpu@69.968C tj@69.968C soc1@69.5C VDD_IN 13310mW/13270mW VDD_CPU_GPU_CV 5680mW/5671mW VDD_SOC 3297mW/3297mW
08-04-2026 22:33:27 RAM 3982/7620MB (lfb 125x1MB) SWAP 1682/12002MB (cached 50MB) CPU [0%@1728,0%@1728,0%@1728,0%@1728,100%@1728,0%@1728] GR3D_FREQ 59% cpu@69.218C soc2@67.812C soc0@68.468C gpu@69.906C tj@69.906C soc1@69.281C VDD_IN 13310mW/13270mW VDD_CPU_GPU_CV 5680mW/5671mW VDD_SOC 3297mW/3297mW
08-04-2026 22:33:27 RAM 3983/7620MB (lfb 125x1MB) SWAP 1682/12002MB (cached 50MB) CPU [0%@1728,0%@1728,0%@1728,0%@1728,100%@1728,0%@1728] GR3D_FREQ 59% cpu@69.187C soc2@67.718C soc0@68.5C gpu@70.125C tj@70.125C soc1@69.343C VDD_IN 13269mW/13270mW VDD_CPU_GPU_CV 5680mW/5671mW VDD_SOC 3297mW/3297mW
08-04-2026 22:33:27 RAM 3983/7620MB (lfb 125x1MB) SWAP 1682/12002MB (cached 50MB) CPU [0%@1728,0%@1728,0%@1728,0%@1728,100%@1728,0%@1728] GR3D_FREQ 56% cpu@69.218C soc2@67.812C soc0@68.562C gpu@69.906C tj@69.906C soc1@69.312C VDD_IN 13290mW/13270mW VDD_CPU_GPU_CV 5680mW/5671mW VDD_SOC 3297mW/3297mW
08-04-2026 22:33:27 RAM 3983/7620MB (lfb 125x1MB) SWAP 1682/12002MB (cached 50MB) CPU [0%@1728,0%@1728,0%@1728,0%@1728,100%@1728,0%@1728] GR3D_FREQ 59% cpu@69.312C soc2@67.781C soc0@68.531C gpu@69.875C tj@69.875C soc1@69.468C VDD_IN 13290mW/13270mW VDD_CPU_GPU_CV 5680mW/5671mW VDD_SOC 3297mW/3297mW
08-04-2026 22:33:27 RAM 3983/7620MB (lfb 125x1MB) SWAP 1682/12002MB (cached 50MB) CPU [0%@1728,0%@1728,0%@1728,0%@1728,100%@1728,0%@1728] GR3D_FREQ 60% cpu@69.218C soc2@67.875C soc0@68.687C gpu@70.062C tj@70.062C soc1@69.531C VDD_IN 13290mW/13270mW VDD_CPU_GPU_CV 5680mW/5671mW VDD_SOC 3297mW/3297mW
08-04-2026 22:33:27 RAM 3983/7620MB (lfb 125x1MB) SWAP 1682/12002MB (cached 50MB) CPU [18%@1728,0%@1728,9%@1728,0%@1728,100%@1728,0%@1728] GR3D_FREQ 59% cpu@69.437C soc2@67.812C soc0@68.531C gpu@69.843C tj@69.843C soc1@69.25C VDD_IN 13290mW/13270mW VDD_CPU_GPU_CV 5680mW/5671mW VDD_SOC 3297mW/3297mW
08-04-2026 22:33:27 RAM 3983/7620MB (lfb 125x1MB) SWAP 1682/12002MB (cached 50MB) CPU [0%@1728,0%@1728,0%@1728,0%@1728,100%@1728,0%@1728] GR3D_FREQ 58% cpu@69.343C soc2@67.875C soc0@68.593C gpu@69.843C tj@69.843C soc1@69.343C VDD_IN 13290mW/13271mW VDD_CPU_GPU_CV 5680mW/5671mW VDD_SOC 3297mW/3297mW
08-04-2026 22:33:27 RAM 3983/7620MB (lfb 125x1MB) SWAP 1682/12002MB (cached 50MB) CPU [9%@1728,0%@1728,0%@1728,0%@1728,100%@1728,0%@1728] GR3D_FREQ 56% cpu@69.312C soc2@67.781C soc0@68.531C gpu@70.062C tj@70.062C soc1@69.406C VDD_IN 13269mW/13271mW VDD_CPU_GPU_CV 5680mW/5671mW VDD_SOC 3297mW/3297mW
08-04-2026 22:33:27 RAM 3983/7620MB (lfb 125x1MB) SWAP 1682/12002MB (cached 50MB) CPU [0%@1728,0%@1728,0%@1728,0%@1728,100%@1728,0%@1728] GR3D_FREQ 60% cpu@69.281C soc2@67.875C soc0@68.718C gpu@69.937C tj@69.937C soc1@69.5C VDD_IN 13290mW/13271mW VDD_CPU_GPU_CV 5680mW/5671mW VDD_SOC 3297mW/3297mW
08-04-2026 22:33:27 RAM 3983/7620MB (lfb 125x1MB) SWAP 1682/12002MB (cached 50MB) CPU [0%@1728,0%@1728,0%@1728,0%@1728,100%@1728,0%@1728] GR3D_FREQ 57% cpu@69.5C soc2@67.937C soc0@68.531C gpu@70.218C tj@70.218C soc1@69.25C VDD_IN 13290mW/13271mW VDD_CPU_GPU_CV 5680mW/5671mW VDD_SOC 3297mW/3297mW
08-04-2026 22:33:28 RAM 3983/7620MB (lfb 125x1MB) SWAP 1682/12002MB (cached 50MB) CPU [8%@1728,0%@1728,0%@1728,0%@1728,100%@1728,0%@1728] GR3D_FREQ 56% cpu@69.187C soc2@67.781C soc0@68.468C gpu@70.031C tj@70.031C soc1@69.437C VDD_IN 13290mW/13271mW VDD_CPU_GPU_CV 5680mW/5671mW VDD_SOC 3297mW/3297mW
08-04-2026 22:33:28 RAM 3983/7620MB (lfb 125x1MB) SWAP 1682/12002MB (cached 50MB) CPU [0%@1728,0%@1728,0%@1728,0%@1728,100%@1728,0%@1728] GR3D_FREQ 60% cpu@69.218C soc2@67.812C soc0@68.531C gpu@69.875C tj@69.875C soc1@69.281C VDD_IN 13290mW/13271mW VDD_CPU_GPU_CV 5680mW/5671mW VDD_SOC 3297mW/3297mW
08-04-2026 22:33:28 RAM 3983/7620MB (lfb 125x1MB) SWAP 1682/12002MB (cached 50MB) CPU [0%@1728,0%@1728,0%@1728,0%@1728,100%@1728,0%@1728] GR3D_FREQ 56% cpu@69.343C soc2@67.812C soc0@68.562C gpu@70.156C tj@70.156C soc1@69.531C VDD_IN 13249mW/13271mW VDD_CPU_GPU_CV 5680mW/5671mW VDD_SOC 3297mW/3297mW
08-04-2026 22:33:28 RAM 3983/7620MB (lfb 125x1MB) SWAP 1682/12002MB (cached 50MB) CPU [8%@1728,0%@1728,0%@1728,0%@1728,100%@1728,0%@1728] GR3D_FREQ 60% cpu@69.343C soc2@67.906C soc0@68.562C gpu@70.031C tj@70.031C soc1@69.531C VDD_IN 13249mW/13271mW VDD_CPU_GPU_CV 5640mW/5671mW VDD_SOC 3297mW/3297mW
08-04-2026 22:33:28 RAM 3983/7620MB (lfb 125x1MB) SWAP 1682/12002MB (cached 50MB) CPU [10%@1728,9%@1728,9%@1728,0%@1728,100%@1728,0%@1728] GR3D_FREQ 62% cpu@69.375C soc2@67.781C soc0@68.468C gpu@69.906C tj@69.906C soc1@69.312C VDD_IN 13290mW/13271mW VDD_CPU_GPU_CV 5680mW/5671mW VDD_SOC 3297mW/3297mW
08-04-2026 22:33:28 RAM 3983/7620MB (lfb 125x1MB) SWAP 1682/12002MB (cached 50MB) CPU [9%@1728,0%@1728,0%@1728,0%@1728,100%@1728,0%@1728] GR3D_FREQ 59% cpu@69.25C soc2@67.781C soc0@68.468C gpu@70.187C tj@70.187C soc1@69.406C VDD_IN 13290mW/13271mW VDD_CPU_GPU_CV 5680mW/5671mW VDD_SOC 3297mW/3297mW
08-04-2026 22:33:28 RAM 3983/7620MB (lfb 125x1MB) SWAP 1682/12002MB (cached 50MB) CPU [16%@1728,0%@1728,0%@1728,0%@1728,100%@1728,0%@1728] GR3D_FREQ 65% cpu@69.312C soc2@67.812C soc0@68.562C gpu@69.968C tj@69.968C soc1@69.437C VDD_IN 13269mW/13271mW VDD_CPU_GPU_CV 5680mW/5671mW VDD_SOC 3297mW/3297mW
08-04-2026 22:33:28 RAM 3983/7620MB (lfb 125x1MB) SWAP 1682/12002MB (cached 50MB) CPU [0%@1728,0%@1728,0%@1728,9%@1728,100%@1728,0%@1728] GR3D_FREQ 56% cpu@69.375C soc2@67.875C soc0@68.75C gpu@69.812C tj@69.812C soc1@69.562C VDD_IN 13269mW/13271mW VDD_CPU_GPU_CV 5680mW/5671mW VDD_SOC 3297mW/3297mW
08-04-2026 22:33:28 RAM 3983/7620MB (lfb 125x1MB) SWAP 1682/12002MB (cached 50MB) CPU [0%@1728,0%@1728,0%@1728,0%@1728,100%@1728,0%@1728] GR3D_FREQ 60% cpu@69.312C soc2@67.812C soc0@68.468C gpu@70.156C tj@70.156C soc1@69.312C VDD_IN 13290mW/13271mW VDD_CPU_GPU_CV 5680mW/5671mW VDD_SOC 3297mW/3297mW
08-04-2026 22:33:29 RAM 3983/7620MB (lfb 125x1MB) SWAP 1682/12002MB (cached 50MB) CPU [0%@1728,0%@1728,0%@1728,0%@1728,100%@1728,0%@1728] GR3D_FREQ 59% cpu@69.25C soc2@67.718C soc0@68.5C gpu@69.937C tj@69.937C soc1@69.312C VDD_IN 13290mW/13271mW VDD_CPU_GPU_CV 5680mW/5671mW VDD_SOC 3297mW/3297mW
08-04-2026 22:33:29 RAM 3983/7620MB (lfb 125x1MB) SWAP 1682/12002MB (cached 50MB) CPU [0%@1728,0%@1728,8%@1728,0%@1728,100%@1728,0%@1728] GR3D_FREQ 56% cpu@69.218C soc2@67.718C soc0@68.5C gpu@69.781C tj@69.781C soc1@69.375C VDD_IN 13290mW/13271mW VDD_CPU_GPU_CV 5680mW/5671mW VDD_SOC 3297mW/3297mW
08-04-2026 22:33:29 RAM 3983/7620MB (lfb 125x1MB) SWAP 1682/12002MB (cached 50MB) CPU [0%@1728,0%@1728,0%@1728,0%@1728,100%@1728,0%@1728] GR3D_FREQ 58% cpu@69.343C soc2@67.781C soc0@68.656C gpu@70.125C tj@70.125C soc1@69.531C VDD_IN 13290mW/13271mW VDD_CPU_GPU_CV 5680mW/5671mW VDD_SOC 3297mW/3297mW
08-04-2026 22:33:29 RAM 3983/7620MB (lfb 125x1MB) SWAP 1682/12002MB (cached 50MB) CPU [0%@1728,0%@1728,0%@1728,8%@1728,100%@1728,0%@1728] GR3D_FREQ 60% cpu@69.375C soc2@67.843C soc0@68.812C gpu@69.937C tj@69.937C soc1@69.562C VDD_IN 13290mW/13271mW VDD_CPU_GPU_CV 5680mW/5671mW VDD_SOC 3297mW/3297mW
08-04-2026 22:33:29 RAM 3983/7620MB (lfb 125x1MB) SWAP 1682/12002MB (cached 50MB) CPU [0%@1728,0%@1728,0%@1728,0%@1728,100%@1728,0%@1728] GR3D_FREQ 59% cpu@69.406C soc2@67.781C soc0@68.5C gpu@70.218C tj@70.218C soc1@69.375C VDD_IN 13228mW/13271mW VDD_CPU_GPU_CV 5680mW/5671mW VDD_SOC 3297mW/3297mW
08-04-2026 22:33:29 RAM 3989/7620MB (lfb 125x1MB) SWAP 1682/12002MB (cached 50MB) CPU [18%@1728,27%@1728,10%@1728,18%@1728,100%@1728,0%@1728] GR3D_FREQ 60% cpu@69.343C soc2@67.812C soc0@68.531C gpu@70.093C tj@70.093C soc1@69.375C VDD_IN 13350mW/13271mW VDD_CPU_GPU_CV 5761mW/5672mW VDD_SOC 3297mW/3297mW
08-04-2026 22:33:29 RAM 3989/7620MB (lfb 125x1MB) SWAP 1682/12002MB (cached 50MB) CPU [0%@1728,0%@1728,9%@1728,0%@1728,100%@1728,0%@1728] GR3D_FREQ 57% cpu@69.375C soc2@67.812C soc0@68.5C gpu@70C tj@70C soc1@69.406C VDD_IN 13350mW/13272mW VDD_CPU_GPU_CV 5721mW/5672mW VDD_SOC 3297mW/3297mW
08-04-2026 22:33:29 RAM 3989/7620MB (lfb 125x1MB) SWAP 1682/12002MB (cached 50MB) CPU [0%@1728,0%@1728,0%@1728,0%@1728,100%@1728,0%@1728] GR3D_FREQ 59% cpu@69.375C soc2@67.875C soc0@68.656C gpu@70.25C tj@70.25C soc1@69.562C VDD_IN 13350mW/13272mW VDD_CPU_GPU_CV 5721mW/5672mW VDD_SOC 3297mW/3297mW
08-04-2026 22:33:29 RAM 3989/7620MB (lfb 125x1MB) SWAP 1682/12002MB (cached 50MB) CPU [0%@1728,0%@1728,0%@1728,0%@1728,100%@1728,0%@1728] GR3D_FREQ 59% cpu@69.375C soc2@67.843C soc0@68.437C gpu@70.031C tj@70.031C soc1@69.312C VDD_IN 13310mW/13272mW VDD_CPU_GPU_CV 5721mW/5672mW VDD_SOC 3297mW/3297mW
08-04-2026 22:33:29 RAM 3989/7620MB (lfb 125x1MB) SWAP 1682/12002MB (cached 50MB) CPU [0%@1728,0%@1728,0%@1728,0%@1728,100%@1728,0%@1728] GR3D_FREQ 59% cpu@69.312C soc2@67.75C soc0@68.437C gpu@69.968C tj@69.968C soc1@69.343C VDD_IN 13310mW/13272mW VDD_CPU_GPU_CV 5721mW/5672mW VDD_SOC 3297mW/3297mW
08-04-2026 22:33:30 RAM 3989/7620MB (lfb 125x1MB) SWAP 1682/12002MB (cached 50MB) CPU [0%@1728,0%@1728,0%@1728,0%@1728,100%@1728,0%@1728] GR3D_FREQ 59% cpu@69.312C soc2@67.875C soc0@68.593C gpu@70.156C tj@70.156C soc1@69.406C VDD_IN 13269mW/13272mW VDD_CPU_GPU_CV 5680mW/5672mW VDD_SOC 3297mW/3297mW
08-04-2026 22:33:30 RAM 3989/7620MB (lfb 125x1MB) SWAP 1682/12002MB (cached 50MB) CPU [0%@1728,0%@1728,0%@1728,0%@1728,100%@1728,0%@1728] GR3D_FREQ 56% cpu@69.25C soc2@67.875C soc0@68.625C gpu@69.968C tj@69.968C soc1@69.5C VDD_IN 13269mW/13272mW VDD_CPU_GPU_CV 5680mW/5672mW VDD_SOC 3297mW/3297mW
08-04-2026 22:33:30 RAM 3989/7620MB (lfb 125x1MB) SWAP 1682/12002MB (cached 50MB) CPU [0%@1728,0%@1728,0%@1728,0%@1728,100%@1728,0%@1728] GR3D_FREQ 59% cpu@69.281C soc2@67.906C soc0@68.5C gpu@69.75C tj@69.75C soc1@69.25C VDD_IN 13269mW/13272mW VDD_CPU_GPU_CV 5680mW/5672mW VDD_SOC 3297mW/3297mW
08-04-2026 22:33:30 RAM 3989/7620MB (lfb 125x1MB) SWAP 1682/12002MB (cached 50MB) CPU [0%@1728,0%@1728,0%@1728,0%@1728,100%@1728,0%@1728] GR3D_FREQ 60% cpu@69.468C soc2@67.781C soc0@68.5C gpu@70.031C tj@70.031C soc1@69.375C VDD_IN 13269mW/13272mW VDD_CPU_GPU_CV 5680mW/5672mW VDD_SOC 3297mW/3297mW
08-04-2026 22:33:30 RAM 3989/7620MB (lfb 125x1MB) SWAP 1682/12002MB (cached 50MB) CPU [9%@1728,0%@1728,0%@1728,10%@1728,100%@1728,0%@1728] GR3D_FREQ 62% cpu@69.343C soc2@67.812C soc0@68.593C gpu@70.031C tj@70.031C soc1@69.375C VDD_IN 13269mW/13272mW VDD_CPU_GPU_CV 5680mW/5672mW VDD_SOC 3297mW/3297mW
08-04-2026 22:33:30 RAM 3989/7620MB (lfb 125x1MB) SWAP 1682/12002MB (cached 50MB) CPU [0%@1728,0%@1728,8%@1728,0%@1728,100%@1728,0%@1728] GR3D_FREQ 60% cpu@69.281C soc2@67.781C soc0@68.656C gpu@69.75C tj@69.75C soc1@69.468C VDD_IN 13331mW/13272mW VDD_CPU_GPU_CV 5680mW/5672mW VDD_SOC 3297mW/3297mW
08-04-2026 22:33:30 RAM 3989/7620MB (lfb 125x1MB) SWAP 1682/12002MB (cached 50MB) CPU [0%@1728,0%@1728,0%@1728,9%@1728,100%@1728,0%@1728] GR3D_FREQ 65% cpu@69.343C soc2@67.906C soc0@68.593C gpu@70.187C tj@70.187C soc1@69.593C VDD_IN 13310mW/13272mW VDD_CPU_GPU_CV 5680mW/5672mW VDD_SOC 3297mW/3297mW
08-04-2026 22:33:30 RAM 3989/7620MB (lfb 125x1MB) SWAP 1682/12002MB (cached 50MB) CPU [0%@1728,9%@1728,0%@1728,0%@1728,100%@1728,0%@1728] GR3D_FREQ 58% cpu@69.375C soc2@67.843C soc0@68.437C gpu@69.906C tj@69.906C soc1@69.218C VDD_IN 13269mW/13272mW VDD_CPU_GPU_CV 5680mW/5672mW VDD_SOC 3297mW/3297mW
08-04-2026 22:33:30 RAM 3989/7620MB (lfb 125x1MB) SWAP 1682/12002MB (cached 50MB) CPU [0%@1728,0%@1728,0%@1728,0%@1728,100%@1728,0%@1728] GR3D_FREQ 57% cpu@69.218C soc2@67.906C soc0@68.531C gpu@69.781C tj@69.781C soc1@69.375C VDD_IN 13290mW/13272mW VDD_CPU_GPU_CV 5680mW/5672mW VDD_SOC 3297mW/3297mW
08-04-2026 22:33:31 RAM 3989/7620MB (lfb 125x1MB) SWAP 1682/12002MB (cached 50MB) CPU [0%@1728,16%@1728,0%@1728,0%@1728,100%@1728,0%@1728] GR3D_FREQ 59% cpu@69.281C soc2@67.843C soc0@68.437C gpu@70.125C tj@70.125C soc1@69.375C VDD_IN 13290mW/13272mW VDD_CPU_GPU_CV 5680mW/5672mW VDD_SOC 3297mW/3297mW
08-04-2026 22:33:31 RAM 3989/7620MB (lfb 125x1MB) SWAP 1682/12002MB (cached 50MB) CPU [9%@1728,0%@1728,0%@1728,0%@1728,100%@1728,0%@1728] GR3D_FREQ 58% cpu@69.343C soc2@67.937C soc0@68.656C gpu@69.75C tj@69.75C soc1@69.437C VDD_IN 13269mW/13272mW VDD_CPU_GPU_CV 5680mW/5672mW VDD_SOC 3297mW/3297mW
08-04-2026 22:33:31 RAM 3989/7620MB (lfb 125x1MB) SWAP 1682/12002MB (cached 50MB) CPU [0%@1728,0%@1728,0%@1728,0%@1728,100%@1728,0%@1728] GR3D_FREQ 59% cpu@69.343C soc2@67.968C soc0@68.468C gpu@70.25C tj@70.25C soc1@69.25C VDD_IN 13290mW/13272mW VDD_CPU_GPU_CV 5640mW/5672mW VDD_SOC 3297mW/3297mW
08-04-2026 22:33:31 RAM 3989/7620MB (lfb 125x1MB) SWAP 1682/12002MB (cached 50MB) CPU [0%@1728,0%@1728,0%@1728,0%@1728,100%@1728,0%@1728] GR3D_FREQ 59% cpu@69.468C soc2@67.843C soc0@68.562C gpu@70.093C tj@70.093C soc1@69.375C VDD_IN 13290mW/13272mW VDD_CPU_GPU_CV 5640mW/5672mW VDD_SOC 3297mW/3297mW
08-04-2026 22:33:31 RAM 3989/7620MB (lfb 125x1MB) SWAP 1682/12002MB (cached 50MB) CPU [0%@1728,0%@1728,0%@1728,0%@1728,100%@1728,0%@1728] GR3D_FREQ 57% cpu@69.343C soc2@67.812C soc0@68.625C gpu@69.781C tj@69.781C soc1@69.343C VDD_IN 13228mW/13272mW VDD_CPU_GPU_CV 5640mW/5672mW VDD_SOC 3297mW/3297mW
08-04-2026 22:33:31 RAM 3989/7620MB (lfb 125x1MB) SWAP 1682/12002MB (cached 50MB) CPU [9%@1728,0%@1728,0%@1728,0%@1728,100%@1728,0%@1728] GR3D_FREQ 56% cpu@69.375C soc2@67.812C soc0@68.625C gpu@70.187C tj@70.187C soc1@69.437C VDD_IN 13269mW/13272mW VDD_CPU_GPU_CV 5680mW/5672mW VDD_SOC 3297mW/3297mW
08-04-2026 22:33:31 RAM 3989/7620MB (lfb 125x1MB) SWAP 1682/12002MB (cached 50MB) CPU [0%@1728,0%@1728,0%@1728,0%@1728,100%@1728,0%@1728] GR3D_FREQ 58% cpu@69.406C soc2@67.812C soc0@68.625C gpu@69.875C tj@70.062C soc1@69.593C VDD_IN 13269mW/13272mW VDD_CPU_GPU_CV 5680mW/5672mW VDD_SOC 3297mW/3297mW
08-04-2026 22:33:31 RAM 3989/7620MB (lfb 125x1MB) SWAP 1682/12002MB (cached 50MB) CPU [0%@1728,16%@1728,0%@1728,0%@1728,100%@1728,0%@1728] GR3D_FREQ 59% cpu@69.5C soc2@67.906C soc0@68.593C gpu@69.812C tj@69.812C soc1@69.281C VDD_IN 13269mW/13272mW VDD_CPU_GPU_CV 5680mW/5672mW VDD_SOC 3297mW/3297mW
08-04-2026 22:33:31 RAM 3989/7620MB (lfb 125x1MB) SWAP 1682/12002MB (cached 50MB) CPU [0%@1728,0%@1728,0%@1728,0%@1728,100%@1728,0%@1728] GR3D_FREQ 55% cpu@69.5C soc2@67.875C soc0@68.562C gpu@70.125C tj@70.125C soc1@69.375C VDD_IN 13269mW/13272mW VDD_CPU_GPU_CV 5680mW/5672mW VDD_SOC 3297mW/3297mW
08-04-2026 22:33:31 RAM 3989/7620MB (lfb 125x1MB) SWAP 1682/12002MB (cached 50MB) CPU [0%@1728,0%@1728,0%@1728,0%@1728,100%@1728,0%@1728] GR3D_FREQ 60% cpu@69.218C soc2@67.812C soc0@68.531C gpu@69.812C tj@70C soc1@69.437C VDD_IN 13290mW/13272mW VDD_CPU_GPU_CV 5680mW/5672mW VDD_SOC 3297mW/3297mW
08-04-2026 22:33:32 RAM 3989/7620MB (lfb 125x1MB) SWAP 1682/12002MB (cached 50MB) CPU [9%@1728,9%@1728,0%@1728,0%@1728,100%@1728,0%@1728] GR3D_FREQ 59% cpu@69.406C soc2@67.906C soc0@68.593C gpu@69.75C tj@69.75C soc1@69.437C VDD_IN 13290mW/13272mW VDD_CPU_GPU_CV 5680mW/5672mW VDD_SOC 3297mW/3297mW
08-04-2026 22:33:32 RAM 3989/7620MB (lfb 125x1MB) SWAP 1682/12002MB (cached 50MB) CPU [0%@1728,0%@1728,0%@1728,0%@1728,100%@1728,0%@1728] GR3D_FREQ 58% cpu@69.406C soc2@67.937C soc0@68.437C gpu@70.218C tj@70.218C soc1@69.312C VDD_IN 13290mW/13272mW VDD_CPU_GPU_CV 5680mW/5672mW VDD_SOC 3297mW/3297mW
08-04-2026 22:33:32 RAM 3989/7620MB (lfb 125x1MB) SWAP 1682/12002MB (cached 50MB) CPU [0%@1728,0%@1728,0%@1728,0%@1728,100%@1728,0%@1728] GR3D_FREQ 60% cpu@69.406C soc2@67.812C soc0@68.531C gpu@69.718C tj@69.718C soc1@69.343C VDD_IN 13290mW/13273mW VDD_CPU_GPU_CV 5640mW/5672mW VDD_SOC 3297mW/3297mW
08-04-2026 22:33:32 RAM 3989/7620MB (lfb 125x1MB) SWAP 1682/12002MB (cached 50MB) CPU [0%@1728,0%@1728,0%@1728,0%@1728,100%@1728,0%@1728] GR3D_FREQ 56% cpu@69.25C soc2@67.781C soc0@68.562C gpu@69.75C tj@69.75C soc1@69.281C VDD_IN 13290mW/13273mW VDD_CPU_GPU_CV 5640mW/5672mW VDD_SOC 3297mW/3297mW
08-04-2026 22:33:32 RAM 3989/7620MB (lfb 125x1MB) SWAP 1682/12002MB (cached 50MB) CPU [0%@1728,0%@1728,9%@1728,10%@1728,100%@1728,0%@1728] GR3D_FREQ 58% cpu@69.281C soc2@67.906C soc0@68.531C gpu@70.156C tj@70.156C soc1@69.343C VDD_IN 13290mW/13273mW VDD_CPU_GPU_CV 5680mW/5672mW VDD_SOC 3297mW/3297mW
08-04-2026 22:33:32 RAM 3989/7620MB (lfb 125x1MB) SWAP 1682/12002MB (cached 50MB) CPU [0%@1728,0%@1728,0%@1728,8%@1728,100%@1728,0%@1728] GR3D_FREQ 57% cpu@69.5C soc2@67.937C soc0@68.656C gpu@69.812C tj@69.812C soc1@69.281C VDD_IN 13269mW/13273mW VDD_CPU_GPU_CV 5680mW/5672mW VDD_SOC 3297mW/3297mW
08-04-2026 22:33:32 RAM 3989/7620MB (lfb 125x1MB) SWAP 1682/12002MB (cached 50MB) CPU [0%@1728,0%@1728,0%@1728,9%@1728,100%@1728,0%@1728] GR3D_FREQ 63% cpu@69.468C soc2@67.843C soc0@68.531C gpu@69.781C tj@69.781C soc1@69.25C VDD_IN 13269mW/13273mW VDD_CPU_GPU_CV 5680mW/5672mW VDD_SOC 3297mW/3297mW
08-04-2026 22:33:32 RAM 3994/7620MB (lfb 125x1MB) SWAP 1682/12002MB (cached 50MB) CPU [27%@1728,10%@1728,0%@1728,9%@1728,100%@1728,9%@1728] GR3D_FREQ 56% cpu@69.625C soc2@67.812C soc0@68.593C gpu@70.125C tj@70.125C soc1@69.343C VDD_IN 13350mW/13273mW VDD_CPU_GPU_CV 5721mW/5672mW VDD_SOC 3337mW/3297mW
08-04-2026 22:33:32 RAM 3994/7620MB (lfb 125x1MB) SWAP 1682/12002MB (cached 50MB) CPU [0%@1728,0%@1728,0%@1728,0%@1728,100%@1728,0%@1728] GR3D_FREQ 60% cpu@69.312C soc2@67.843C soc0@68.625C gpu@69.843C tj@69.843C soc1@69.343C VDD_IN 13350mW/13273mW VDD_CPU_GPU_CV 5721mW/5672mW VDD_SOC 3297mW/3297mW
08-04-2026 22:33:33 RAM 3994/7620MB (lfb 125x1MB) SWAP 1682/12002MB (cached 50MB) CPU [9%@1728,0%@1728,0%@1728,0%@1728,100%@1728,0%@1728] GR3D_FREQ 57% cpu@69.468C soc2@67.937C soc0@68.656C gpu@70.281C tj@70.281C soc1@69.593C VDD_IN 13310mW/13273mW VDD_CPU_GPU_CV 5680mW/5672mW VDD_SOC 3297mW/3297mW
08-04-2026 22:33:33 RAM 3994/7620MB (lfb 125x1MB) SWAP 1682/12002MB (cached 50MB) CPU [0%@1728,0%@1728,0%@1728,0%@1728,100%@1728,0%@1728] GR3D_FREQ 57% cpu@69.25C soc2@67.906C soc0@68.562C gpu@70.125C tj@70.125C soc1@69.375C VDD_IN 13310mW/13273mW VDD_CPU_GPU_CV 5680mW/5673mW VDD_SOC 3297mW/3297mW
08-04-2026 22:33:33 RAM 3993/7620MB (lfb 125x1MB) SWAP 1682/12002MB (cached 50MB) CPU [0%@1728,0%@1728,0%@1728,0%@1728,100%@1728,0%@1728] GR3D_FREQ 60% cpu@69.562C soc2@67.812C soc0@68.562C gpu@69.781C tj@69.781C soc1@69.375C VDD_IN 13290mW/13273mW VDD_CPU_GPU_CV 5680mW/5673mW VDD_SOC 3297mW/3297mW
08-04-2026 22:33:33 RAM 3993/7620MB (lfb 125x1MB) SWAP 1682/12002MB (cached 50MB) CPU [0%@1728,0%@1728,0%@1728,0%@1728,100%@1728,0%@1728] GR3D_FREQ 56% cpu@69.375C soc2@67.812C soc0@68.468C gpu@70.187C tj@70.187C soc1@69.437C VDD_IN 13290mW/13273mW VDD_CPU_GPU_CV 5680mW/5673mW VDD_SOC 3297mW/3297mW
08-04-2026 22:33:33 RAM 3993/7620MB (lfb 125x1MB) SWAP 1682/12002MB (cached 50MB) CPU [0%@1728,0%@1728,0%@1728,0%@1728,100%@1728,0%@1728] GR3D_FREQ 57% cpu@69.312C soc2@67.875C soc0@68.687C gpu@69.812C tj@69.812C soc1@69.531C VDD_IN 13290mW/13273mW VDD_CPU_GPU_CV 5680mW/5673mW VDD_SOC 3297mW/3297mW
08-04-2026 22:33:33 RAM 3993/7620MB (lfb 125x1MB) SWAP 1682/12002MB (cached 50MB) CPU [0%@1728,0%@1728,9%@1728,10%@1728,100%@1728,0%@1728] GR3D_FREQ 64% cpu@69.343C soc2@67.937C soc0@68.625C gpu@69.718C tj@69.718C soc1@69.406C VDD_IN 13310mW/13274mW VDD_CPU_GPU_CV 5680mW/5673mW VDD_SOC 3297mW/3297mW
08-04-2026 22:33:33 RAM 3993/7620MB (lfb 125x1MB) SWAP 1682/12002MB (cached 50MB) CPU [9%@1728,0%@1728,9%@1728,0%@1728,100%@1728,0%@1728] GR3D_FREQ 58% cpu@69.468C soc2@67.875C soc0@68.593C gpu@70.312C tj@70.312C soc1@69.281C VDD_IN 13310mW/13274mW VDD_CPU_GPU_CV 5680mW/5673mW VDD_SOC 3297mW/3297mW
08-04-2026 22:33:33 RAM 3993/7620MB (lfb 125x1MB) SWAP 1682/12002MB (cached 50MB) CPU [0%@1728,0%@1728,9%@1728,0%@1728,100%@1728,0%@1728] GR3D_FREQ 59% cpu@69.562C soc2@67.781C soc0@68.593C gpu@69.843C tj@69.843C soc1@69.375C VDD_IN 13331mW/13274mW VDD_CPU_GPU_CV 5680mW/5673mW VDD_SOC 3297mW/3297mW
08-04-2026 22:33:33 RAM 3993/7620MB (lfb 125x1MB) SWAP 1682/12002MB (cached 50MB) CPU [0%@1728,9%@1728,0%@1728,0%@1728,100%@1728,0%@1728] GR3D_FREQ 55% cpu@69.312C soc2@67.843C soc0@68.562C gpu@69.687C tj@69.687C soc1@69.5C VDD_IN 13310mW/13274mW VDD_CPU_GPU_CV 5680mW/5673mW VDD_SOC 3297mW/3297mW
08-04-2026 22:33:33 RAM 3993/7620MB (lfb 125x1MB) SWAP 1682/12002MB (cached 50MB) CPU [0%@1728,0%@1728,0%@1728,0%@1728,100%@1728,0%@1728] GR3D_FREQ 60% cpu@69.406C soc2@67.843C soc0@68.593C gpu@70.187C tj@70.187C soc1@69.5C VDD_IN 13269mW/13274mW VDD_CPU_GPU_CV 5680mW/5673mW VDD_SOC 3297mW/3297mW
08-04-2026 22:33:34 RAM 3993/7620MB (lfb 125x1MB) SWAP 1682/12002MB (cached 50MB) CPU [0%@1728,0%@1728,0%@1728,0%@1728,100%@1728,0%@1728] GR3D_FREQ 57% cpu@69.406C soc2@67.875C soc0@68.468C gpu@69.812C tj@69.812C soc1@69.281C VDD_IN 13290mW/13274mW VDD_CPU_GPU_CV 5680mW/5673mW VDD_SOC 3297mW/3297mW
08-04-2026 22:33:34 RAM 3993/7620MB (lfb 125x1MB) SWAP 1682/12002MB (cached 50MB) CPU [0%@1728,0%@1728,0%@1728,0%@1728,100%@1728,0%@1728] GR3D_FREQ 57% cpu@69.531C soc2@67.781C soc0@68.593C gpu@69.812C tj@69.812C soc1@69.375C VDD_IN 13290mW/13274mW VDD_CPU_GPU_CV 5680mW/5673mW VDD_SOC 3297mW/3297mW
08-04-2026 22:33:34 RAM 3993/7620MB (lfb 125x1MB) SWAP 1682/12002MB (cached 50MB) CPU [9%@1728,0%@1728,9%@1728,36%@1728,100%@1728,0%@1728] GR3D_FREQ 60% cpu@69.5C soc2@67.875C soc0@68.625C gpu@70.156C tj@70.156C soc1@69.468C VDD_IN 13350mW/13274mW VDD_CPU_GPU_CV 5721mW/5673mW VDD_SOC 3297mW/3297mW
08-04-2026 22:33:34 RAM 3993/7620MB (lfb 125x1MB) SWAP 1682/12002MB (cached 50MB) CPU [0%@1728,0%@1728,0%@1728,27%@1728,100%@1728,0%@1728] GR3D_FREQ 59% cpu@69.437C soc2@67.906C soc0@68.656C gpu@69.812C tj@69.812C soc1@69.406C VDD_IN 13350mW/13274mW VDD_CPU_GPU_CV 5761mW/5673mW VDD_SOC 3297mW/3297mW
08-04-2026 22:33:34 RAM 3993/7620MB (lfb 125x1MB) SWAP 1682/12002MB (cached 50MB) CPU [10%@1728,0%@1728,0%@1728,0%@1728,100%@1728,0%@1728] GR3D_FREQ 57% cpu@69.406C soc2@67.937C soc0@68.5C gpu@69.812C tj@69.812C soc1@69.343C VDD_IN 13350mW/13275mW VDD_CPU_GPU_CV 5721mW/5673mW VDD_SOC 3297mW/3297mW
08-04-2026 22:33:34 RAM 3993/7620MB (lfb 125x1MB) SWAP 1682/12002MB (cached 50MB) CPU [9%@1728,0%@1728,0%@1728,0%@1728,100%@1728,0%@1728] GR3D_FREQ 60% cpu@69.562C soc2@67.812C soc0@68.625C gpu@70.125C tj@70.125C soc1@69.281C VDD_IN 13350mW/13275mW VDD_CPU_GPU_CV 5761mW/5674mW VDD_SOC 3337mW/3297mW
08-04-2026 22:33:34 RAM 3993/7620MB (lfb 125x1MB) SWAP 1682/12002MB (cached 50MB) CPU [0%@1728,0%@1728,0%@1728,0%@1728,100%@1728,0%@1728] GR3D_FREQ 58% cpu@69.312C soc2@67.937C soc0@68.593C gpu@69.781C tj@69.781C soc1@69.343C VDD_IN 13350mW/13275mW VDD_CPU_GPU_CV 5721mW/5674mW VDD_SOC 3297mW/3297mW
08-04-2026 22:33:34 RAM 3993/7620MB (lfb 125x1MB) SWAP 1682/12002MB (cached 50MB) CPU [0%@1728,0%@1728,0%@1728,0%@1728,100%@1728,0%@1728] GR3D_FREQ 58% cpu@69.375C soc2@67.906C soc0@68.687C gpu@70.312C tj@70.312C soc1@69.468C VDD_IN 13350mW/13275mW VDD_CPU_GPU_CV 5721mW/5674mW VDD_SOC 3297mW/3297mW
08-04-2026 22:33:34 RAM 3993/7620MB (lfb 125x1MB) SWAP 1682/12002MB (cached 50MB) CPU [0%@1728,0%@1728,0%@1728,0%@1728,100%@1728,0%@1728] GR3D_FREQ 59% cpu@69.375C soc2@67.937C soc0@68.718C gpu@70.031C tj@70.031C soc1@69.25C VDD_IN 13310mW/13275mW VDD_CPU_GPU_CV 5721mW/5674mW VDD_SOC 3297mW/3297mW
08-04-2026 22:33:34 RAM 3993/7620MB (lfb 125x1MB) SWAP 1682/12002MB (cached 50MB) CPU [0%@1728,8%@1728,0%@1728,0%@1728,100%@1728,0%@1728] GR3D_FREQ 59% cpu@69.437C soc2@67.968C soc0@68.531C gpu@69.843C tj@69.843C soc1@69.312C VDD_IN 13310mW/13276mW VDD_CPU_GPU_CV 5680mW/5674mW VDD_SOC 3297mW/3297mW
08-04-2026 22:33:35 RAM 3993/7620MB (lfb 125x1MB) SWAP 1682/12002MB (cached 50MB) CPU [0%@1728,0%@1728,0%@1728,0%@1728,100%@1728,0%@1728] GR3D_FREQ 59% cpu@69.593C soc2@67.875C soc0@68.593C gpu@70.25C tj@70.25C soc1@69.375C VDD_IN 13290mW/13276mW VDD_CPU_GPU_CV 5680mW/5674mW VDD_SOC 3297mW/3297mW
08-04-2026 22:33:35 RAM 3993/7620MB (lfb 125x1MB) SWAP 1682/12002MB (cached 50MB) CPU [0%@1728,0%@1728,0%@1728,0%@1728,100%@1728,0%@1728] GR3D_FREQ 55% cpu@69.312C soc2@67.937C soc0@68.593C gpu@69.843C tj@69.843C soc1@69.406C VDD_IN 13290mW/13276mW VDD_CPU_GPU_CV 5680mW/5674mW VDD_SOC 3297mW/3297mW
08-04-2026 22:33:35 RAM 3994/7620MB (lfb 125x1MB) SWAP 1682/12002MB (cached 50MB) CPU [0%@1728,0%@1728,0%@1728,0%@1728,100%@1728,0%@1728] GR3D_FREQ 60% cpu@69.343C soc2@67.937C soc0@68.718C gpu@69.812C tj@69.812C soc1@69.531C VDD_IN 13290mW/13276mW VDD_CPU_GPU_CV 5680mW/5674mW VDD_SOC 3297mW/3297mW
08-04-2026 22:33:35 RAM 3994/7620MB (lfb 125x1MB) SWAP 1682/12002MB (cached 50MB) CPU [0%@1728,0%@1728,0%@1728,0%@1728,100%@1728,0%@1728] GR3D_FREQ 60% cpu@69.531C soc2@67.937C soc0@68.656C gpu@70.218C tj@70.218C soc1@69.25C VDD_IN 13290mW/13276mW VDD_CPU_GPU_CV 5680mW/5674mW VDD_SOC 3297mW/3297mW
08-04-2026 22:33:35 RAM 3994/7620MB (lfb 125x1MB) SWAP 1682/12002MB (cached 50MB) CPU [10%@1728,0%@1728,0%@1728,0%@1728,100%@1728,0%@1728] GR3D_FREQ 62% cpu@69.562C soc2@67.875C soc0@68.593C gpu@69.843C tj@69.843C soc1@69.281C VDD_IN 13331mW/13276mW VDD_CPU_GPU_CV 5680mW/5674mW VDD_SOC 3297mW/3297mW
08-04-2026 22:33:35 RAM 3994/7620MB (lfb 125x1MB) SWAP 1682/12002MB (cached 50MB) CPU [0%@1728,0%@1728,0%@1728,0%@1728,100%@1728,0%@1728] GR3D_FREQ 60% cpu@69.656C soc2@67.812C soc0@68.656C gpu@69.812C tj@69.812C soc1@69.343C VDD_IN 13290mW/13276mW VDD_CPU_GPU_CV 5680mW/5674mW VDD_SOC 3297mW/3297mW
08-04-2026 22:33:35 RAM 3994/7620MB (lfb 125x1MB) SWAP 1682/12002MB (cached 50MB) CPU [9%@1728,0%@1728,0%@1728,0%@1728,100%@1728,0%@1728] GR3D_FREQ 57% cpu@69.312C soc2@67.812C soc0@68.625C gpu@70.187C tj@70.187C soc1@69.468C VDD_IN 13290mW/13276mW VDD_CPU_GPU_CV 5680mW/5674mW VDD_SOC 3297mW/3297mW
08-04-2026 22:33:35 RAM 3994/7620MB (lfb 125x1MB) SWAP 1682/12002MB (cached 50MB) CPU [0%@1728,0%@1728,0%@1728,0%@1728,100%@1728,0%@1728] GR3D_FREQ 58% cpu@69.437C soc2@67.875C soc0@68.718C gpu@69.812C tj@69.812C soc1@69.5C VDD_IN 13290mW/13276mW VDD_CPU_GPU_CV 5680mW/5674mW VDD_SOC 3297mW/3297mW
08-04-2026 22:33:35 RAM 3994/7620MB (lfb 125x1MB) SWAP 1682/12002MB (cached 50MB) CPU [9%@1728,0%@1728,0%@1728,9%@1728,100%@1728,0%@1728] GR3D_FREQ 60% cpu@69.468C soc2@67.812C soc0@68.625C gpu@69.812C tj@69.812C soc1@69.406C VDD_IN 13290mW/13276mW VDD_CPU_GPU_CV 5680mW/5674mW VDD_SOC 3297mW/3297mW
08-04-2026 22:33:36 RAM 3994/7620MB (lfb 125x1MB) SWAP 1682/12002MB (cached 50MB) CPU [9%@1728,9%@1728,9%@1728,0%@1728,100%@1728,0%@1728] GR3D_FREQ 56% cpu@69.593C soc2@67.906C soc0@68.562C gpu@69.812C tj@70.125C soc1@69.375C VDD_IN 13350mW/13276mW VDD_CPU_GPU_CV 5721mW/5674mW VDD_SOC 3337mW/3297mW
08-04-2026 22:33:36 RAM 3994/7620MB (lfb 125x1MB) SWAP 1682/12002MB (cached 50MB) CPU [0%@1728,0%@1728,0%@1728,0%@1728,100%@1728,0%@1728] GR3D_FREQ 58% cpu@69.437C soc2@67.875C soc0@68.718C gpu@69.812C tj@69.812C soc1@69.437C VDD_IN 13331mW/13276mW VDD_CPU_GPU_CV 5721mW/5674mW VDD_SOC 3297mW/3297mW
08-04-2026 22:33:36 RAM 3994/7620MB (lfb 125x1MB) SWAP 1682/12002MB (cached 50MB) CPU [0%@1728,0%@1728,0%@1728,0%@1728,100%@1728,0%@1728] GR3D_FREQ 59% cpu@69.437C soc2@67.968C soc0@68.812C gpu@69.75C tj@69.75C soc1@69.5C VDD_IN 13310mW/13276mW VDD_CPU_GPU_CV 5680mW/5674mW VDD_SOC 3297mW/3297mW
08-04-2026 22:33:36 RAM 3994/7620MB (lfb 125x1MB) SWAP 1682/12002MB (cached 50MB) CPU [0%@1728,0%@1728,0%@1728,0%@1728,100%@1728,0%@1728] GR3D_FREQ 58% cpu@69.468C soc2@67.937C soc0@68.843C gpu@69.937C tj@69.937C soc1@69.343C VDD_IN 13310mW/13277mW VDD_CPU_GPU_CV 5680mW/5674mW VDD_SOC 3297mW/3297mW
08-04-2026 22:33:36 RAM 3994/7620MB (lfb 125x1MB) SWAP 1682/12002MB (cached 50MB) CPU [0%@1728,0%@1728,8%@1728,0%@1728,100%@1728,9%@1728] GR3D_FREQ 59% cpu@69.625C soc2@67.781C soc0@68.5C gpu@69.812C tj@69.812C soc1@69.406C VDD_IN 13290mW/13277mW VDD_CPU_GPU_CV 5680mW/5674mW VDD_SOC 3297mW/3297mW
08-04-2026 22:33:36 RAM 3995/7620MB (lfb 125x1MB) SWAP 1682/12002MB (cached 50MB) CPU [25%@1728,9%@1728,0%@1728,0%@1728,100%@1728,0%@1728] GR3D_FREQ 59% cpu@69.343C soc2@67.812C soc0@68.625C gpu@70.312C tj@70.312C soc1@69.468C VDD_IN 13331mW/13277mW VDD_CPU_GPU_CV 5680mW/5674mW VDD_SOC 3297mW/3297mW
08-04-2026 22:33:36 RAM 3987/7620MB (lfb 124x1MB) SWAP 1682/12002MB (cached 50MB) CPU [0%@1728,9%@1728,0%@1728,0%@1728,100%@1728,0%@1728] GR3D_FREQ 58% cpu@69.343C soc2@67.906C soc0@68.656C gpu@69.812C tj@69.812C soc1@69.593C VDD_IN 13371mW/13277mW VDD_CPU_GPU_CV 5721mW/5675mW VDD_SOC 3297mW/3297mW
08-04-2026 22:33:36 RAM 3987/7620MB (lfb 124x1MB) SWAP 1682/12002MB (cached 50MB) CPU [0%@1728,0%@1728,0%@1728,10%@1728,100%@1728,0%@1728] GR3D_FREQ 60% cpu@69.5C soc2@67.968C soc0@68.781C gpu@69.843C tj@69.843C soc1@69.375C VDD_IN 13350mW/13277mW VDD_CPU_GPU_CV 5721mW/5675mW VDD_SOC 3297mW/3297mW
08-04-2026 22:33:36 RAM 3987/7620MB (lfb 124x1MB) SWAP 1682/12002MB (cached 50MB) CPU [0%@1728,0%@1728,0%@1728,0%@1728,100%@1728,0%@1728] GR3D_FREQ 57% cpu@69.5C soc2@67.875C soc0@68.562C gpu@70.312C tj@70.312C soc1@69.218C VDD_IN 13331mW/13277mW VDD_CPU_GPU_CV 5680mW/5675mW VDD_SOC 3297mW/3297mW
08-04-2026 22:33:36 RAM 3988/7620MB (lfb 124x1MB) SWAP 1682/12002MB (cached 50MB) CPU [0%@1728,0%@1728,0%@1728,0%@1728,100%@1728,0%@1728] GR3D_FREQ 58% cpu@69.312C soc2@67.843C soc0@68.625C gpu@69.875C tj@69.875C soc1@69.375C VDD_IN 13310mW/13277mW VDD_CPU_GPU_CV 5680mW/5675mW VDD_SOC 3297mW/3297mW
08-04-2026 22:33:37 RAM 3988/7620MB (lfb 124x1MB) SWAP 1682/12002MB (cached 50MB) CPU [0%@1728,0%@1728,0%@1728,0%@1728,100%@1728,0%@1728] GR3D_FREQ 57% cpu@69.312C soc2@67.937C soc0@68.593C gpu@69.906C tj@69.906C soc1@69.468C VDD_IN 13310mW/13278mW VDD_CPU_GPU_CV 5680mW/5675mW VDD_SOC 3297mW/3297mW
08-04-2026 22:33:37 RAM 3988/7620MB (lfb 124x1MB) SWAP 1682/12002MB (cached 50MB) CPU [0%@1728,0%@1728,0%@1728,0%@1728,100%@1728,0%@1728] GR3D_FREQ 60% cpu@69.437C soc2@67.968C soc0@68.75C gpu@70.281C tj@70.281C soc1@69.312C VDD_IN 13290mW/13278mW VDD_CPU_GPU_CV 5680mW/5675mW VDD_SOC 3297mW/3297mW
08-04-2026 22:33:37 RAM 3988/7620MB (lfb 124x1MB) SWAP 1682/12002MB (cached 50MB) CPU [0%@1728,0%@1728,0%@1728,0%@1728,100%@1728,0%@1728] GR3D_FREQ 60% cpu@69.562C soc2@67.781C soc0@68.531C gpu@69.843C tj@69.843C soc1@69.312C VDD_IN 13290mW/13278mW VDD_CPU_GPU_CV 5680mW/5675mW VDD_SOC 3297mW/3297mW
08-04-2026 22:33:37 RAM 3988/7620MB (lfb 124x1MB) SWAP 1682/12002MB (cached 50MB) CPU [0%@1728,0%@1728,0%@1728,0%@1728,100%@1728,0%@1728] GR3D_FREQ 57% cpu@69.531C soc2@67.906C soc0@68.531C gpu@69.781C tj@69.781C soc1@69.375C VDD_IN 13290mW/13278mW VDD_CPU_GPU_CV 5680mW/5675mW VDD_SOC 3297mW/3297mW
08-04-2026 22:33:37 RAM 3988/7620MB (lfb 124x1MB) SWAP 1682/12002MB (cached 50MB) CPU [10%@1728,0%@1728,8%@1728,9%@1728,100%@1728,0%@1728] GR3D_FREQ 68% cpu@69.468C soc2@67.843C soc0@68.593C gpu@70.25C tj@70.25C soc1@69.437C VDD_IN 13331mW/13278mW VDD_CPU_GPU_CV 5680mW/5675mW VDD_SOC 3297mW/3297mW
08-04-2026 22:33:37 RAM 3988/7620MB (lfb 124x1MB) SWAP 1682/12002MB (cached 50MB) CPU [8%@1728,0%@1728,0%@1728,0%@1728,100%@1728,0%@1728] GR3D_FREQ 56% cpu@69.375C soc2@67.843C soc0@68.687C gpu@69.812C tj@69.812C soc1@69.531C VDD_IN 13310mW/13278mW VDD_CPU_GPU_CV 5680mW/5675mW VDD_SOC 3297mW/3297mW
08-04-2026 22:33:37 RAM 3988/7620MB (lfb 124x1MB) SWAP 1682/12002MB (cached 50MB) CPU [9%@1728,10%@1728,0%@1728,0%@1728,100%@1728,0%@1728] GR3D_FREQ 58% cpu@69.5C soc2@67.937C soc0@68.687C gpu@69.875C tj@69.875C soc1@69.375C VDD_IN 13310mW/13278mW VDD_CPU_GPU_CV 5680mW/5675mW VDD_SOC 3297mW/3297mW
08-04-2026 22:33:37 RAM 3988/7620MB (lfb 124x1MB) SWAP 1682/12002MB (cached 50MB) CPU [0%@1728,0%@1728,0%@1728,0%@1728,100%@1728,0%@1728] GR3D_FREQ 59% cpu@69.593C soc2@67.875C soc0@68.562C gpu@70.125C tj@70.125C soc1@69.437C VDD_IN 13331mW/13278mW VDD_CPU_GPU_CV 5680mW/5675mW VDD_SOC 3297mW/3297mW
08-04-2026 22:33:37 RAM 3988/7620MB (lfb 124x1MB) SWAP 1682/12002MB (cached 50MB) CPU [0%@1728,0%@1728,0%@1728,0%@1728,100%@1728,0%@1728] GR3D_FREQ 58% cpu@69.375C soc2@67.812C soc0@68.5C gpu@69.875C tj@69.875C soc1@69.375C VDD_IN 13290mW/13278mW VDD_CPU_GPU_CV 5680mW/5675mW VDD_SOC 3297mW/3297mW
08-04-2026 22:33:38 RAM 3988/7620MB (lfb 124x1MB) SWAP 1682/12002MB (cached 50MB) CPU [0%@1728,0%@1728,0%@1728,0%@1728,100%@1728,0%@1728] GR3D_FREQ 59% cpu@69.406C soc2@67.843C soc0@68.593C gpu@69.843C tj@69.843C soc1@69.468C VDD_IN 13290mW/13278mW VDD_CPU_GPU_CV 5680mW/5675mW VDD_SOC 3297mW/3297mW
08-04-2026 22:33:38 RAM 3988/7620MB (lfb 124x1MB) SWAP 1682/12002MB (cached 50MB) CPU [0%@1728,0%@1728,0%@1728,0%@1728,100%@1728,0%@1728] GR3D_FREQ 58% cpu@69.468C soc2@67.937C soc0@68.781C gpu@69.875C tj@69.875C soc1@69.531C VDD_IN 13269mW/13278mW VDD_CPU_GPU_CV 5680mW/5675mW VDD_SOC 3297mW/3297mW
08-04-2026 22:33:38 RAM 3988/7620MB (lfb 124x1MB) SWAP 1682/12002MB (cached 50MB) CPU [0%@1728,9%@1728,8%@1728,0%@1728,100%@1728,0%@1728] GR3D_FREQ 56% cpu@69.562C soc2@67.781C soc0@68.593C gpu@69.812C tj@69.812C soc1@69.406C VDD_IN 13269mW/13278mW VDD_CPU_GPU_CV 5680mW/5675mW VDD_SOC 3297mW/3297mW
08-04-2026 22:33:38 RAM 3988/7620MB (lfb 124x1MB) SWAP 1682/12002MB (cached 50MB) CPU [0%@1728,0%@1728,0%@1728,0%@1728,100%@1728,0%@1728] GR3D_FREQ 58% cpu@69.5C soc2@67.937C soc0@68.531C gpu@70.281C tj@70.281C soc1@69.406C VDD_IN 13269mW/13278mW VDD_CPU_GPU_CV 5680mW/5675mW VDD_SOC 3297mW/3297mW
08-04-2026 22:33:38 RAM 3988/7620MB (lfb 124x1MB) SWAP 1682/12002MB (cached 50MB) CPU [0%@1728,0%@1728,0%@1728,0%@1728,100%@1728,0%@1728] GR3D_FREQ 59% cpu@69.343C soc2@67.875C soc0@68.718C gpu@69.968C tj@69.968C soc1@69.406C VDD_IN 13290mW/13278mW VDD_CPU_GPU_CV 5680mW/5675mW VDD_SOC 3297mW/3297mW
08-04-2026 22:33:38 RAM 3988/7620MB (lfb 124x1MB) SWAP 1682/12002MB (cached 50MB) CPU [10%@1728,9%@1728,0%@1728,9%@1728,100%@1728,0%@1728] GR3D_FREQ 55% cpu@69.468C soc2@67.937C soc0@68.656C gpu@69.812C tj@69.812C soc1@69.5C VDD_IN 13310mW/13278mW VDD_CPU_GPU_CV 5680mW/5675mW VDD_SOC 3297mW/3297mW
08-04-2026 22:33:38 RAM 3988/7620MB (lfb 124x1MB) SWAP 1682/12002MB (cached 50MB) CPU [0%@1728,0%@1728,0%@1728,0%@1728,100%@1728,0%@1728] GR3D_FREQ 59% cpu@69.312C soc2@67.968C soc0@68.75C gpu@69.937C tj@69.937C soc1@69.406C VDD_IN 13290mW/13278mW VDD_CPU_GPU_CV 5680mW/5675mW VDD_SOC 3297mW/3297mW
08-04-2026 22:33:38 RAM 3988/7620MB (lfb 124x1MB) SWAP 1682/12002MB (cached 50MB) CPU [0%@1728,9%@1728,0%@1728,0%@1728,100%@1728,0%@1728] GR3D_FREQ 59% cpu@69.562C soc2@67.781C soc0@68.562C gpu@69.937C tj@69.937C soc1@69.375C VDD_IN 13269mW/13278mW VDD_CPU_GPU_CV 5680mW/5675mW VDD_SOC 3297mW/3297mW
08-04-2026 22:33:38 RAM 3988/7620MB (lfb 124x1MB) SWAP 1682/12002MB (cached 50MB) CPU [0%@1728,0%@1728,0%@1728,0%@1728,100%@1728,0%@1728] GR3D_FREQ 59% cpu@69.625C soc2@67.843C soc0@68.625C gpu@69.843C tj@69.843C soc1@69.468C VDD_IN 13290mW/13278mW VDD_CPU_GPU_CV 5680mW/5675mW VDD_SOC 3297mW/3297mW
08-04-2026 22:33:38 RAM 3988/7620MB (lfb 124x1MB) SWAP 1682/12002MB (cached 50MB) CPU [0%@1728,0%@1728,0%@1728,0%@1728,100%@1728,0%@1728] GR3D_FREQ 57% cpu@69.375C soc2@67.937C soc0@68.562C gpu@69.968C tj@69.968C soc1@69.531C VDD_IN 13269mW/13278mW VDD_CPU_GPU_CV 5680mW/5675mW VDD_SOC 3297mW/3297mW
08-04-2026 22:33:39 RAM 3988/7620MB (lfb 124x1MB) SWAP 1682/12002MB (cached 50MB) CPU [0%@1728,0%@1728,0%@1728,0%@1728,100%@1728,0%@1728] GR3D_FREQ 59% cpu@69.562C soc2@67.937C soc0@68.781C gpu@69.843C tj@69.843C soc1@69.562C VDD_IN 13269mW/13278mW VDD_CPU_GPU_CV 5680mW/5675mW VDD_SOC 3297mW/3297mW
08-04-2026 22:33:39 RAM 3990/7620MB (lfb 124x1MB) SWAP 1682/12002MB (cached 50MB) CPU [10%@1728,0%@1728,0%@1728,0%@1728,100%@1728,0%@1728] GR3D_FREQ 60% cpu@69.593C soc2@67.968C soc0@68.531C gpu@69.906C tj@69.906C soc1@69.343C VDD_IN 13269mW/13278mW VDD_CPU_GPU_CV 5680mW/5675mW VDD_SOC 3297mW/3297mW
08-04-2026 22:33:39 RAM 3989/7620MB (lfb 125x1MB) SWAP 1682/12002MB (cached 50MB) CPU [18%@1728,9%@1728,0%@1728,9%@1728,100%@1728,0%@1728] GR3D_FREQ 58% cpu@69.625C soc2@67.812C soc0@68.562C gpu@69.906C tj@69.906C soc1@69.375C VDD_IN 13310mW/13278mW VDD_CPU_GPU_CV 5721mW/5675mW VDD_SOC 3297mW/3297mW
08-04-2026 22:33:39 RAM 3989/7620MB (lfb 125x1MB) SWAP 1682/12002MB (cached 50MB) CPU [0%@1728,0%@1728,0%@1728,0%@1728,100%@1728,0%@1728] GR3D_FREQ 60% cpu@69.406C soc2@67.906C soc0@68.625C gpu@69.937C tj@69.937C soc1@69.5C VDD_IN 13269mW/13278mW VDD_CPU_GPU_CV 5721mW/5675mW VDD_SOC 3297mW/3297mW
08-04-2026 22:33:39 RAM 3989/7620MB (lfb 125x1MB) SWAP 1682/12002MB (cached 50MB) CPU [0%@1728,8%@1728,0%@1728,0%@1728,100%@1728,0%@1728] GR3D_FREQ 68% cpu@69.468C soc2@67.937C soc0@68.656C gpu@69.718C tj@69.718C soc1@69.5C VDD_IN 13310mW/13278mW VDD_CPU_GPU_CV 5721mW/5675mW VDD_SOC 3297mW/3297mW
08-04-2026 22:33:39 RAM 3989/7620MB (lfb 125x1MB) SWAP 1682/12002MB (cached 50MB) CPU [0%@1728,0%@1728,0%@1728,0%@1728,100%@1728,0%@1728] GR3D_FREQ 58% cpu@69.593C soc2@68C soc0@68.781C gpu@69.937C tj@69.937C soc1@69.312C VDD_IN 13310mW/13278mW VDD_CPU_GPU_CV 5721mW/5675mW VDD_SOC 3297mW/3297mW
08-04-2026 22:33:39 RAM 3989/7620MB (lfb 125x1MB) SWAP 1682/12002MB (cached 50MB) CPU [9%@1728,0%@1728,0%@1728,8%@1728,100%@1728,0%@1728] GR3D_FREQ 60% cpu@69.593C soc2@67.937C soc0@68.625C gpu@69.843C tj@69.843C soc1@69.406C VDD_IN 13310mW/13278mW VDD_CPU_GPU_CV 5721mW/5676mW VDD_SOC 3297mW/3297mW
08-04-2026 22:33:39 RAM 3989/7620MB (lfb 125x1MB) SWAP 1682/12002MB (cached 50MB) CPU [0%@1728,0%@1728,9%@1728,0%@1728,100%@1728,8%@1728] GR3D_FREQ 57% cpu@69.718C soc2@67.906C soc0@68.625C gpu@70C tj@70.406C soc1@69.437C VDD_IN 13269mW/13278mW VDD_CPU_GPU_CV 5680mW/5676mW VDD_SOC 3297mW/3297mW
08-04-2026 22:33:39 RAM 3989/7620MB (lfb 125x1MB) SWAP 1682/12002MB (cached 50MB) CPU [0%@1728,0%@1728,0%@1728,0%@1728,100%@1728,0%@1728] GR3D_FREQ 56% cpu@69.468C soc2@67.937C soc0@68.625C gpu@69.875C tj@69.875C soc1@69.5C VDD_IN 13269mW/13278mW VDD_CPU_GPU_CV 5680mW/5676mW VDD_SOC 3297mW/3297mW
08-04-2026 22:33:40 RAM 3989/7620MB (lfb 125x1MB) SWAP 1682/12002MB (cached 50MB) CPU [0%@1728,0%@1728,0%@1728,0%@1728,100%@1728,0%@1728] GR3D_FREQ 59% cpu@69.406C soc2@67.937C soc0@68.781C gpu@69.906C tj@69.906C soc1@69.593C VDD_IN 13269mW/13278mW VDD_CPU_GPU_CV 5680mW/5676mW VDD_SOC 3297mW/3297mW
08-04-2026 22:33:40 RAM 3989/7620MB (lfb 125x1MB) SWAP 1682/12002MB (cached 50MB) CPU [0%@1728,0%@1728,0%@1728,0%@1728,100%@1728,0%@1728] GR3D_FREQ 59% cpu@69.5C soc2@67.937C soc0@68.5C gpu@69.875C tj@69.875C soc1@69.343C VDD_IN 13269mW/13278mW VDD_CPU_GPU_CV 5680mW/5676mW VDD_SOC 3297mW/3297mW
08-04-2026 22:33:40 RAM 3989/7620MB (lfb 125x1MB) SWAP 1682/12002MB (cached 50MB) CPU [0%@1728,0%@1728,0%@1728,0%@1728,100%@1728,0%@1728] GR3D_FREQ 60% cpu@69.625C soc2@67.906C soc0@68.656C gpu@69.906C tj@69.906C soc1@69.437C VDD_IN 13269mW/13278mW VDD_CPU_GPU_CV 5680mW/5676mW VDD_SOC 3297mW/3297mW
08-04-2026 22:33:40 RAM 3989/7620MB (lfb 125x1MB) SWAP 1682/12002MB (cached 50MB) CPU [0%@1728,9%@1728,0%@1728,0%@1728,100%@1728,0%@1728] GR3D_FREQ 60% cpu@69.25C soc2@67.906C soc0@68.656C gpu@69.781C tj@69.781C soc1@69.406C VDD_IN 13269mW/13278mW VDD_CPU_GPU_CV 5680mW/5676mW VDD_SOC 3297mW/3297mW
08-04-2026 22:33:40 RAM 3989/7620MB (lfb 125x1MB) SWAP 1682/12002MB (cached 50MB) CPU [8%@1728,0%@1728,0%@1728,0%@1728,100%@1728,0%@1728] GR3D_FREQ 58% cpu@69.468C soc2@67.875C soc0@68.75C gpu@70C tj@70C soc1@69.593C VDD_IN 13269mW/13278mW VDD_CPU_GPU_CV 5680mW/5676mW VDD_SOC 3297mW/3297mW
08-04-2026 22:33:40 RAM 3989/7620MB (lfb 125x1MB) SWAP 1682/12002MB (cached 50MB) CPU [10%@1728,0%@1728,0%@1728,0%@1728,100%@1728,0%@1728] GR3D_FREQ 58% cpu@69.593C soc2@67.968C soc0@68.843C gpu@69.968C tj@69.968C soc1@69.593C VDD_IN 13310mW/13278mW VDD_CPU_GPU_CV 5680mW/5676mW VDD_SOC 3297mW/3297mW
08-04-2026 22:33:40 RAM 3989/7620MB (lfb 125x1MB) SWAP 1682/12002MB (cached 50MB) CPU [9%@1728,0%@1728,0%@1728,0%@1728,100%@1728,0%@1728] GR3D_FREQ 59% cpu@69.593C soc2@67.875C soc0@68.593C gpu@70.031C tj@70.031C soc1@69.437C VDD_IN 13269mW/13278mW VDD_CPU_GPU_CV 5680mW/5676mW VDD_SOC 3297mW/3297mW
08-04-2026 22:33:40 RAM 3989/7620MB (lfb 125x1MB) SWAP 1682/12002MB (cached 50MB) CPU [9%@1728,0%@1728,9%@1728,8%@1728,100%@1728,8%@1728] GR3D_FREQ 56% cpu@69.281C soc2@67.906C soc0@68.625C gpu@69.968C tj@69.968C soc1@69.406C VDD_IN 13269mW/13278mW VDD_CPU_GPU_CV 5680mW/5676mW VDD_SOC 3297mW/3297mW
08-04-2026 22:33:40 RAM 3989/7620MB (lfb 125x1MB) SWAP 1682/12002MB (cached 50MB) CPU [0%@1728,0%@1728,0%@1728,0%@1728,100%@1728,0%@1728] GR3D_FREQ 58% cpu@69.5C soc2@67.906C soc0@68.593C gpu@69.843C tj@69.843C soc1@69.562C VDD_IN 13269mW/13278mW VDD_CPU_GPU_CV 5680mW/5676mW VDD_SOC 3297mW/3297mW
08-04-2026 22:33:40 RAM 3989/7620MB (lfb 125x1MB) SWAP 1682/12002MB (cached 50MB) CPU [0%@1728,0%@1728,0%@1728,0%@1728,100%@1728,0%@1728] GR3D_FREQ 56% cpu@69.5C soc2@68C soc0@68.781C gpu@70.031C tj@70.031C soc1@69.593C VDD_IN 13290mW/13278mW VDD_CPU_GPU_CV 5680mW/5676mW VDD_SOC 3297mW/3297mW
08-04-2026 22:33:41 RAM 3989/7620MB (lfb 125x1MB) SWAP 1682/12002MB (cached 50MB) CPU [0%@1728,0%@1728,0%@1728,0%@1728,100%@1728,0%@1728] GR3D_FREQ 59% cpu@69.5C soc2@67.875C soc0@68.593C gpu@69.937C tj@69.937C soc1@69.343C VDD_IN 13290mW/13278mW VDD_CPU_GPU_CV 5680mW/5676mW VDD_SOC 3297mW/3297mW
08-04-2026 22:33:41 RAM 3989/7620MB (lfb 125x1MB) SWAP 1682/12002MB (cached 50MB) CPU [0%@1728,0%@1728,0%@1728,0%@1728,100%@1728,0%@1728] GR3D_FREQ 59% cpu@69.718C soc2@67.875C soc0@68.531C gpu@70.156C tj@69.937C soc1@69.437C VDD_IN 13290mW/13278mW VDD_CPU_GPU_CV 5680mW/5676mW VDD_SOC 3297mW/3297mW
08-04-2026 22:33:41 RAM 3989/7620MB (lfb 125x1MB) SWAP 1682/12002MB (cached 50MB) CPU [0%@1728,0%@1728,0%@1728,0%@1728,100%@1728,0%@1728] GR3D_FREQ 56% cpu@69.187C soc2@67.843C soc0@68.656C gpu@70.031C tj@70.031C soc1@69.5C VDD_IN 13290mW/13278mW VDD_CPU_GPU_CV 5680mW/5676mW VDD_SOC 3297mW/3297mW
08-04-2026 22:33:41 RAM 3989/7620MB (lfb 125x1MB) SWAP 1682/12002MB (cached 50MB) CPU [0%@1728,0%@1728,0%@1728,0%@1728,100%@1728,0%@1728] GR3D_FREQ 59% cpu@69.406C soc2@67.906C soc0@68.687C gpu@69.906C tj@69.906C soc1@69.5C VDD_IN 13228mW/13278mW VDD_CPU_GPU_CV 5680mW/5676mW VDD_SOC 3297mW/3297mW
08-04-2026 22:33:41 RAM 3989/7620MB (lfb 125x1MB) SWAP 1682/12002MB (cached 50MB) CPU [10%@1728,0%@1728,0%@1728,16%@1728,100%@1728,0%@1728] GR3D_FREQ 60% cpu@69.562C soc2@68C soc0@68.687C gpu@70.031C tj@70.031C soc1@69.375C VDD_IN 13269mW/13278mW VDD_CPU_GPU_CV 5680mW/5676mW VDD_SOC 3297mW/3297mW
08-04-2026 22:33:41 RAM 3989/7620MB (lfb 125x1MB) SWAP 1682/12002MB (cached 50MB) CPU [0%@1728,0%@1728,0%@1728,0%@1728,100%@1728,0%@1728] GR3D_FREQ 59% cpu@69.625C soc2@67.875C soc0@68.531C gpu@69.937C tj@69.937C soc1@69.375C VDD_IN 13269mW/13278mW VDD_CPU_GPU_CV 5680mW/5676mW VDD_SOC 3297mW/3297mW
08-04-2026 22:33:41 RAM 3989/7620MB (lfb 125x1MB) SWAP 1682/12002MB (cached 50MB) CPU [0%@1728,10%@1728,0%@1728,0%@1728,100%@1728,0%@1728] GR3D_FREQ 58% cpu@69.312C soc2@67.937C soc0@68.562C gpu@69.843C tj@69.843C soc1@69.406C VDD_IN 13269mW/13278mW VDD_CPU_GPU_CV 5680mW/5676mW VDD_SOC 3297mW/3297mW
08-04-2026 22:33:41 RAM 3989/7620MB (lfb 125x1MB) SWAP 1682/12002MB (cached 50MB) CPU [0%@1728,8%@1728,0%@1728,0%@1728,100%@1728,0%@1728] GR3D_FREQ 59% cpu@69.187C soc2@67.906C soc0@68.718C gpu@70.125C tj@70.125C soc1@69.468C VDD_IN 13269mW/13278mW VDD_CPU_GPU_CV 5680mW/5676mW VDD_SOC 3297mW/3297mW
08-04-2026 22:33:41 RAM 3989/7620MB (lfb 125x1MB) SWAP 1682/12002MB (cached 50MB) CPU [0%@1728,0%@1728,0%@1728,0%@1728,100%@1728,0%@1728] GR3D_FREQ 59% cpu@69.562C soc2@67.937C soc0@68.75C gpu@70C tj@70C soc1@69.593C VDD_IN 13269mW/13278mW VDD_CPU_GPU_CV 5680mW/5676mW VDD_SOC 3297mW/3297mW
08-04-2026 22:33:42 RAM 3989/7620MB (lfb 125x1MB) SWAP 1682/12002MB (cached 50MB) CPU [0%@1728,0%@1728,0%@1728,0%@1728,100%@1728,0%@1728] GR3D_FREQ 56% cpu@69.593C soc2@67.968C soc0@68.562C gpu@69.843C tj@69.843C soc1@69.375C VDD_IN 13269mW/13278mW VDD_CPU_GPU_CV 5680mW/5676mW VDD_SOC 3297mW/3297mW
08-04-2026 22:33:42 RAM 3989/7620MB (lfb 125x1MB) SWAP 1682/12002MB (cached 50MB) CPU [0%@1728,0%@1728,9%@1728,0%@1728,100%@1728,0%@1728] GR3D_FREQ 58% cpu@69.75C soc2@67.937C soc0@68.531C gpu@70.125C tj@70.125C soc1@69.343C VDD_IN 13290mW/13278mW VDD_CPU_GPU_CV 5680mW/5676mW VDD_SOC 3297mW/3297mW
08-04-2026 22:33:42 RAM 3989/7620MB (lfb 125x1MB) SWAP 1682/12002MB (cached 50MB) CPU [0%@1728,0%@1728,0%@1728,0%@1728,100%@1728,0%@1728] GR3D_FREQ 59% cpu@69.187C soc2@67.843C soc0@68.687C gpu@69.968C tj@69.968C soc1@69.5C VDD_IN 13290mW/13278mW VDD_CPU_GPU_CV 5680mW/5676mW VDD_SOC 3297mW/3297mW
08-04-2026 22:33:42 RAM 3989/7620MB (lfb 125x1MB) SWAP 1682/12002MB (cached 50MB) CPU [0%@1728,0%@1728,0%@1728,0%@1728,100%@1728,0%@1728] GR3D_FREQ 56% cpu@69.437C soc2@67.968C soc0@68.687C gpu@70.125C tj@70.125C soc1@69.468C VDD_IN 13290mW/13278mW VDD_CPU_GPU_CV 5680mW/5676mW VDD_SOC 3297mW/3297mW
08-04-2026 22:33:42 RAM 3990/7620MB (lfb 125x1MB) SWAP 1682/12002MB (cached 50MB) CPU [0%@1728,0%@1728,0%@1728,10%@1728,100%@1728,0%@1728] GR3D_FREQ 58% cpu@69.562C soc2@68C soc0@68.531C gpu@70C tj@70C soc1@69.437C VDD_IN 13269mW/13278mW VDD_CPU_GPU_CV 5680mW/5676mW VDD_SOC 3297mW/3297mW
08-04-2026 22:33:42 RAM 3991/7620MB (lfb 125x1MB) SWAP 1682/12002MB (cached 50MB) CPU [10%@1728,11%@1728,0%@1728,0%@1728,100%@1728,0%@1728] GR3D_FREQ 56% cpu@69.687C soc2@67.937C soc0@68.656C gpu@69.968C tj@69.968C soc1@69.312C VDD_IN 13350mW/13278mW VDD_CPU_GPU_CV 5721mW/5676mW VDD_SOC 3297mW/3297mW
08-04-2026 22:33:42 RAM 3991/7620MB (lfb 125x1MB) SWAP 1682/12002MB (cached 50MB) CPU [0%@1728,0%@1728,0%@1728,0%@1728,100%@1728,0%@1728] GR3D_FREQ 58% cpu@69.343C soc2@67.968C soc0@68.656C gpu@69.937C tj@69.937C soc1@69.5C VDD_IN 13310mW/13278mW VDD_CPU_GPU_CV 5721mW/5676mW VDD_SOC 3297mW/3297mW
08-04-2026 22:33:42 RAM 3991/7620MB (lfb 125x1MB) SWAP 1682/12002MB (cached 50MB) CPU [9%@1728,0%@1728,9%@1728,0%@1728,100%@1728,0%@1728] GR3D_FREQ 59% cpu@69.468C soc2@67.937C soc0@68.718C gpu@70.062C tj@70.062C soc1@69.468C VDD_IN 13310mW/13279mW VDD_CPU_GPU_CV 5721mW/5676mW VDD_SOC 3297mW/3297mW
08-04-2026 22:33:42 RAM 3991/7620MB (lfb 125x1MB) SWAP 1682/12002MB (cached 50MB) CPU [0%@1728,0%@1728,0%@1728,0%@1728,100%@1728,0%@1728] GR3D_FREQ 56% cpu@69.5C soc2@67.937C soc0@68.781C gpu@69.906C tj@69.906C soc1@69.625C VDD_IN 13310mW/13279mW VDD_CPU_GPU_CV 5680mW/5676mW VDD_SOC 3297mW/3297mW
08-04-2026 22:33:42 RAM 3991/7620MB (lfb 125x1MB) SWAP 1682/12002MB (cached 50MB) CPU [0%@1728,0%@1728,0%@1728,0%@1728,100%@1728,0%@1728] GR3D_FREQ 58% cpu@69.625C soc2@67.937C soc0@68.625C gpu@70.125C tj@70.125C soc1@69.343C VDD_IN 13269mW/13279mW VDD_CPU_GPU_CV 5680mW/5676mW VDD_SOC 3297mW/3297mW
08-04-2026 22:33:43 RAM 3991/7620MB (lfb 125x1MB) SWAP 1682/12002MB (cached 50MB) CPU [0%@1728,0%@1728,0%@1728,0%@1728,100%@1728,0%@1728] GR3D_FREQ 57% cpu@69.343C soc2@67.937C soc0@68.593C gpu@70.125C tj@70.125C soc1@69.468C VDD_IN 13269mW/13279mW VDD_CPU_GPU_CV 5680mW/5676mW VDD_SOC 3297mW/3297mW
08-04-2026 22:33:43 RAM 3991/7620MB (lfb 125x1MB) SWAP 1682/12002MB (cached 50MB) CPU [0%@1728,0%@1728,9%@1728,0%@1728,100%@1728,0%@1728] GR3D_FREQ 57% cpu@69.25C soc2@67.937C soc0@68.687C gpu@69.968C tj@69.968C soc1@69.468C VDD_IN 13290mW/13279mW VDD_CPU_GPU_CV 5680mW/5676mW VDD_SOC 3297mW/3297mW
08-04-2026 22:33:43 RAM 3991/7620MB (lfb 125x1MB) SWAP 1682/12002MB (cached 50MB) CPU [0%@1728,0%@1728,0%@1728,0%@1728,100%@1728,0%@1728] GR3D_FREQ 60% cpu@69.468C soc2@68.031C soc0@68.718C gpu@70.125C tj@70.125C soc1@69.531C VDD_IN 13290mW/13279mW VDD_CPU_GPU_CV 5680mW/5676mW VDD_SOC 3297mW/3297mW
08-04-2026 22:33:43 RAM 3991/7620MB (lfb 125x1MB) SWAP 1682/12002MB (cached 50MB) CPU [0%@1728,0%@1728,9%@1728,0%@1728,100%@1728,0%@1728] GR3D_FREQ 58% cpu@69.5C soc2@67.937C soc0@68.531C gpu@69.968C tj@69.968C soc1@69.375C VDD_IN 13290mW/13279mW VDD_CPU_GPU_CV 5680mW/5676mW VDD_SOC 3297mW/3297mW
08-04-2026 22:33:43 RAM 3991/7620MB (lfb 125x1MB) SWAP 1682/12002MB (cached 50MB) CPU [0%@1728,0%@1728,0%@1728,0%@1728,100%@1728,9%@1728] GR3D_FREQ 61% cpu@69.656C soc2@67.937C soc0@68.593C gpu@69.812C tj@69.812C soc1@69.343C VDD_IN 13290mW/13279mW VDD_CPU_GPU_CV 5680mW/5676mW VDD_SOC 3297mW/3297mW
08-04-2026 22:33:43 RAM 3991/7620MB (lfb 125x1MB) SWAP 1682/12002MB (cached 50MB) CPU [16%@1728,0%@1728,0%@1728,0%@1728,100%@1728,0%@1728] GR3D_FREQ 57% cpu@69.375C soc2@67.906C soc0@68.625C gpu@70.062C tj@70.062C soc1@69.531C VDD_IN 13290mW/13279mW VDD_CPU_GPU_CV 5680mW/5676mW VDD_SOC 3297mW/3297mW
08-04-2026 22:33:43 RAM 3991/7620MB (lfb 125x1MB) SWAP 1682/12002MB (cached 50MB) CPU [0%@1728,0%@1728,0%@1728,0%@1728,100%@1728,0%@1728] GR3D_FREQ 60% cpu@69.312C soc2@67.968C soc0@68.781C gpu@69.968C tj@69.968C soc1@69.531C VDD_IN 13290mW/13279mW VDD_CPU_GPU_CV 5680mW/5676mW VDD_SOC 3297mW/3297mW
08-04-2026 22:33:43 RAM 3991/7620MB (lfb 125x1MB) SWAP 1682/12002MB (cached 50MB) CPU [0%@1728,0%@1728,9%@1728,0%@1728,100%@1728,0%@1728] GR3D_FREQ 59% cpu@69.562C soc2@67.937C soc0@68.812C gpu@70.125C tj@70.125C soc1@69.656C VDD_IN 13269mW/13279mW VDD_CPU_GPU_CV 5680mW/5676mW VDD_SOC 3297mW/3297mW
08-04-2026 22:33:43 RAM 3991/7620MB (lfb 125x1MB) SWAP 1682/12002MB (cached 50MB) CPU [9%@1728,0%@1728,0%@1728,0%@1728,100%@1728,0%@1728] GR3D_FREQ 59% cpu@69.656C soc2@67.937C soc0@68.625C gpu@70.093C tj@70.093C soc1@69.343C VDD_IN 13290mW/13279mW VDD_CPU_GPU_CV 5680mW/5676mW VDD_SOC 3297mW/3297mW
08-04-2026 22:33:44 RAM 3991/7620MB (lfb 125x1MB) SWAP 1682/12002MB (cached 50MB) CPU [0%@1728,0%@1728,0%@1728,0%@1728,100%@1728,0%@1728] GR3D_FREQ 59% cpu@69.375C soc2@67.906C soc0@68.593C gpu@70.031C tj@70.031C soc1@69.531C VDD_IN 13290mW/13279mW VDD_CPU_GPU_CV 5680mW/5676mW VDD_SOC 3297mW/3297mW
08-04-2026 22:33:44 RAM 3991/7620MB (lfb 125x1MB) SWAP 1682/12002MB (cached 50MB) CPU [0%@1728,0%@1728,0%@1728,0%@1728,100%@1728,0%@1728] GR3D_FREQ 58% cpu@69.343C soc2@68C soc0@68.656C gpu@70.093C tj@70.093C soc1@69.531C VDD_IN 13290mW/13279mW VDD_CPU_GPU_CV 5680mW/5676mW VDD_SOC 3297mW/3297mW
08-04-2026 22:33:44 RAM 3991/7620MB (lfb 125x1MB) SWAP 1682/12002MB (cached 50MB) CPU [10%@1728,0%@1728,0%@1728,0%@1728,100%@1728,0%@1728] GR3D_FREQ 59% cpu@69.5C soc2@67.937C soc0@68.687C gpu@70.031C tj@70.031C soc1@69.562C VDD_IN 13290mW/13279mW VDD_CPU_GPU_CV 5680mW/5676mW VDD_SOC 3297mW/3297mW
08-04-2026 22:33:44 RAM 3990/7620MB (lfb 125x1MB) SWAP 1682/12002MB (cached 50MB) CPU [54%@1728,0%@1728,0%@1728,9%@1728,100%@1728,0%@1728] GR3D_FREQ 59% cpu@69.625C soc2@68.031C soc0@68.593C gpu@69.968C tj@69.968C soc1@69.281C VDD_IN 13391mW/13279mW VDD_CPU_GPU_CV 5721mW/5676mW VDD_SOC 3297mW/3297mW
08-04-2026 22:33:44 RAM 3990/7620MB (lfb 125x1MB) SWAP 1682/12002MB (cached 50MB) CPU [0%@1728,0%@1728,0%@1728,0%@1728,100%@1728,0%@1728] GR3D_FREQ 57% cpu@69.812C soc2@67.937C soc0@68.718C gpu@70.156C tj@70.156C soc1@69.343C VDD_IN 13350mW/13279mW VDD_CPU_GPU_CV 5721mW/5676mW VDD_SOC 3297mW/3297mW
08-04-2026 22:33:44 RAM 3990/7620MB (lfb 125x1MB) SWAP 1682/12002MB (cached 50MB) CPU [18%@1728,9%@1728,0%@1728,9%@1728,100%@1728,0%@1728] GR3D_FREQ 59% cpu@69.531C soc2@67.937C soc0@68.687C gpu@70.062C tj@70.062C soc1@69.343C VDD_IN 13391mW/13279mW VDD_CPU_GPU_CV 5721mW/5677mW VDD_SOC 3297mW/3297mW
08-04-2026 22:33:44 RAM 3990/7620MB (lfb 125x1MB) SWAP 1682/12002MB (cached 50MB) CPU [0%@1728,0%@1728,9%@1728,0%@1728,100%@1728,0%@1728] GR3D_FREQ 59% cpu@69.312C soc2@67.937C soc0@68.781C gpu@69.906C tj@69.906C soc1@69.437C VDD_IN 13350mW/13280mW VDD_CPU_GPU_CV 5721mW/5677mW VDD_SOC 3297mW/3297mW
08-04-2026 22:33:44 RAM 3990/7620MB (lfb 125x1MB) SWAP 1682/12002MB (cached 50MB) CPU [0%@1728,0%@1728,0%@1728,0%@1728,100%@1728,0%@1728] GR3D_FREQ 57% cpu@69.625C soc2@68.093C soc0@68.843C gpu@70.156C tj@70.156C soc1@69.375C VDD_IN 13350mW/13280mW VDD_CPU_GPU_CV 5721mW/5677mW VDD_SOC 3297mW/3297mW
08-04-2026 22:33:44 RAM 3990/7620MB (lfb 125x1MB) SWAP 1682/12002MB (cached 50MB) CPU [0%@1728,0%@1728,0%@1728,0%@1728,100%@1728,0%@1728] GR3D_FREQ 58% cpu@69.656C soc2@67.937C soc0@68.718C gpu@70.062C tj@70.062C soc1@69.406C VDD_IN 13310mW/13280mW VDD_CPU_GPU_CV 5721mW/5677mW VDD_SOC 3297mW/3297mW
08-04-2026 22:33:44 RAM 3990/7620MB (lfb 125x1MB) SWAP 1682/12002MB (cached 50MB) CPU [0%@1728,0%@1728,0%@1728,0%@1728,100%@1728,0%@1728] GR3D_FREQ 59% cpu@69.312C soc2@67.968C soc0@68.687C gpu@70.25C tj@70.25C soc1@69.468C VDD_IN 13310mW/13280mW VDD_CPU_GPU_CV 5680mW/5677mW VDD_SOC 3297mW/3297mW
08-04-2026 22:33:45 RAM 3990/7620MB (lfb 125x1MB) SWAP 1682/12002MB (cached 50MB) CPU [0%@1728,0%@1728,0%@1728,0%@1728,100%@1728,0%@1728] GR3D_FREQ 58% cpu@69.437C soc2@67.937C soc0@68.656C gpu@70.125C tj@70.125C soc1@69.593C VDD_IN 13310mW/13280mW VDD_CPU_GPU_CV 5680mW/5677mW VDD_SOC 3297mW/3297mW
08-04-2026 22:33:45 RAM 3990/7620MB (lfb 125x1MB) SWAP 1682/12002MB (cached 50MB) CPU [0%@1728,0%@1728,0%@1728,0%@1728,100%@1728,0%@1728] GR3D_FREQ 60% cpu@69.531C soc2@68.031C soc0@68.812C gpu@70C tj@70C soc1@69.562C VDD_IN 13269mW/13280mW VDD_CPU_GPU_CV 5680mW/5677mW VDD_SOC 3297mW/3297mW
08-04-2026 22:33:45 RAM 3990/7620MB (lfb 125x1MB) SWAP 1682/12002MB (cached 50MB) CPU [0%@1728,0%@1728,0%@1728,0%@1728,100%@1728,0%@1728] GR3D_FREQ 58% cpu@69.562C soc2@67.937C soc0@68.781C gpu@70.25C tj@70.25C soc1@69.406C VDD_IN 13290mW/13280mW VDD_CPU_GPU_CV 5680mW/5677mW VDD_SOC 3297mW/3297mW
08-04-2026 22:33:45 RAM 3990/7620MB (lfb 125x1MB) SWAP 1682/12002MB (cached 50MB) CPU [0%@1728,0%@1728,0%@1728,0%@1728,100%@1728,0%@1728] GR3D_FREQ 56% cpu@69.781C soc2@67.937C soc0@68.687C gpu@70.062C tj@70.062C soc1@69.406C VDD_IN 13269mW/13280mW VDD_CPU_GPU_CV 5680mW/5677mW VDD_SOC 3297mW/3297mW
08-04-2026 22:33:45 RAM 3990/7620MB (lfb 125x1MB) SWAP 1682/12002MB (cached 50MB) CPU [9%@1728,0%@1728,0%@1728,9%@1728,100%@1728,0%@1728] GR3D_FREQ 57% cpu@69.375C soc2@67.906C soc0@68.781C gpu@70C tj@70C soc1@69.468C VDD_IN 13310mW/13280mW VDD_CPU_GPU_CV 5680mW/5677mW VDD_SOC 3297mW/3297mW
08-04-2026 22:33:45 RAM 3990/7620MB (lfb 125x1MB) SWAP 1682/12002MB (cached 50MB) CPU [9%@1728,0%@1728,0%@1728,0%@1728,100%@1728,0%@1728] GR3D_FREQ 58% cpu@69.375C soc2@67.937C soc0@68.625C gpu@70.25C tj@70.25C soc1@69.531C VDD_IN 13310mW/13280mW VDD_CPU_GPU_CV 5680mW/5677mW VDD_SOC 3297mW/3297mW
08-04-2026 22:33:45 RAM 3994/7620MB (lfb 125x1MB) SWAP 1682/12002MB (cached 50MB) CPU [11%@1728,9%@1728,0%@1728,9%@1728,100%@1728,0%@1728] GR3D_FREQ 61% cpu@69.656C soc2@67.937C soc0@68.843C gpu@70.062C tj@70.062C soc1@69.406C VDD_IN 13350mW/13280mW VDD_CPU_GPU_CV 5721mW/5677mW VDD_SOC 3297mW/3297mW
08-04-2026 22:33:45 RAM 3984/7620MB (lfb 125x1MB) SWAP 1682/12002MB (cached 50MB) CPU [0%@1728,16%@1728,9%@1728,0%@1728,100%@1728,0%@1728] GR3D_FREQ 58% cpu@69.718C soc2@67.937C soc0@68.687C gpu@70.062C tj@70.062C soc1@69.437C VDD_IN 13391mW/13280mW VDD_CPU_GPU_CV 5761mW/5677mW VDD_SOC 3337mW/3297mW
08-04-2026 22:33:45 RAM 3984/7620MB (lfb 125x1MB) SWAP 1682/12002MB (cached 50MB) CPU [0%@1728,0%@1728,0%@1728,0%@1728,100%@1728,0%@1728] GR3D_FREQ 57% cpu@69.437C soc2@67.937C soc0@68.562C gpu@70.156C tj@70.156C soc1@69.5C VDD_IN 13350mW/13281mW VDD_CPU_GPU_CV 5721mW/5677mW VDD_SOC 3337mW/3297mW
08-04-2026 22:33:46 RAM 3984/7620MB (lfb 125x1MB) SWAP 1682/12002MB (cached 50MB) CPU [0%@1728,0%@1728,0%@1728,0%@1728,100%@1728,0%@1728] GR3D_FREQ 58% cpu@69.343C soc2@68C soc0@68.687C gpu@70.093C tj@70.093C soc1@69.468C VDD_IN 13350mW/13281mW VDD_CPU_GPU_CV 5721mW/5677mW VDD_SOC 3337mW/3297mW
08-04-2026 22:33:46 RAM 3984/7620MB (lfb 125x1MB) SWAP 1682/12002MB (cached 50MB) CPU [0%@1728,0%@1728,0%@1728,8%@1728,100%@1728,0%@1728] GR3D_FREQ 60% cpu@69.531C soc2@68.031C soc0@68.75C gpu@70.343C tj@70.343C soc1@69.593C VDD_IN 13310mW/13281mW VDD_CPU_GPU_CV 5721mW/5678mW VDD_SOC 3297mW/3297mW
08-04-2026 22:33:46 RAM 3984/7620MB (lfb 125x1MB) SWAP 1682/12002MB (cached 50MB) CPU [0%@1728,0%@1728,0%@1728,0%@1728,100%@1728,0%@1728] GR3D_FREQ 59% cpu@69.625C soc2@68.093C soc0@68.781C gpu@70.125C tj@70.125C soc1@69.312C VDD_IN 13331mW/13281mW VDD_CPU_GPU_CV 5721mW/5678mW VDD_SOC 3297mW/3297mW
08-04-2026 22:33:46 RAM 3984/7620MB (lfb 125x1MB) SWAP 1682/12002MB (cached 50MB) CPU [0%@1728,0%@1728,0%@1728,0%@1728,100%@1728,0%@1728] GR3D_FREQ 60% cpu@69.375C soc2@67.937C soc0@68.562C gpu@70C tj@70C soc1@69.437C VDD_IN 13331mW/13281mW VDD_CPU_GPU_CV 5680mW/5678mW VDD_SOC 3297mW/3297mW
08-04-2026 22:33:46 RAM 3984/7620MB (lfb 125x1MB) SWAP 1682/12002MB (cached 50MB) CPU [9%@1728,0%@1728,0%@1728,0%@1728,100%@1728,0%@1728] GR3D_FREQ 57% cpu@69.406C soc2@67.937C soc0@68.718C gpu@70.375C tj@70.375C soc1@69.562C VDD_IN 13310mW/13281mW VDD_CPU_GPU_CV 5680mW/5678mW VDD_SOC 3297mW/3297mW
08-04-2026 22:33:46 RAM 3984/7620MB (lfb 125x1MB) SWAP 1682/12002MB (cached 50MB) CPU [10%@1728,0%@1728,0%@1728,0%@1728,100%@1728,9%@1728] GR3D_FREQ 64% cpu@69.312C soc2@67.937C soc0@68.687C gpu@70.125C tj@70.125C soc1@69.468C VDD_IN 13350mW/13281mW VDD_CPU_GPU_CV 5721mW/5678mW VDD_SOC 3297mW/3297mW
08-04-2026 22:33:46 RAM 3984/7620MB (lfb 125x1MB) SWAP 1682/12002MB (cached 50MB) CPU [9%@1728,0%@1728,0%@1728,0%@1728,100%@1728,0%@1728] GR3D_FREQ 60% cpu@69.625C soc2@67.968C soc0@68.843C gpu@69.968C tj@69.968C soc1@69.375C VDD_IN 13310mW/13281mW VDD_CPU_GPU_CV 5721mW/5678mW VDD_SOC 3297mW/3297mW
08-04-2026 22:33:46 RAM 3984/7620MB (lfb 125x1MB) SWAP 1682/12002MB (cached 50MB) CPU [0%@1728,0%@1728,0%@1728,0%@1728,100%@1728,0%@1728] GR3D_FREQ 55% cpu@69.687C soc2@67.875C soc0@68.625C gpu@70.281C tj@70.281C soc1@69.468C VDD_IN 13310mW/13281mW VDD_CPU_GPU_CV 5721mW/5678mW VDD_SOC 3297mW/3297mW
08-04-2026 22:33:46 RAM 3984/7620MB (lfb 125x1MB) SWAP 1682/12002MB (cached 50MB) CPU [0%@1728,0%@1728,0%@1728,0%@1728,100%@1728,0%@1728] GR3D_FREQ 59% cpu@69.437C soc2@67.906C soc0@68.687C gpu@70.187C tj@70.187C soc1@69.531C VDD_IN 13310mW/13281mW VDD_CPU_GPU_CV 5680mW/5678mW VDD_SOC 3297mW/3297mW
08-04-2026 22:33:46 RAM 3984/7620MB (lfb 125x1MB) SWAP 1682/12002MB (cached 50MB) CPU [0%@1728,0%@1728,0%@1728,0%@1728,100%@1728,0%@1728] GR3D_FREQ 60% cpu@69.343C soc2@67.937C soc0@68.718C gpu@70.125C tj@70.125C soc1@69.562C VDD_IN 13310mW/13282mW VDD_CPU_GPU_CV 5680mW/5678mW VDD_SOC 3297mW/3297mW
08-04-2026 22:33:47 RAM 3984/7620MB (lfb 125x1MB) SWAP 1682/12002MB (cached 50MB) CPU [0%@1728,0%@1728,9%@1728,0%@1728,100%@1728,0%@1728] GR3D_FREQ 60% cpu@69.656C soc2@67.968C soc0@68.75C gpu@70.25C tj@70.25C soc1@69.562C VDD_IN 13269mW/13282mW VDD_CPU_GPU_CV 5680mW/5678mW VDD_SOC 3297mW/3297mW
08-04-2026 22:33:47 RAM 3984/7620MB (lfb 125x1MB) SWAP 1682/12002MB (cached 50MB) CPU [0%@1728,0%@1728,0%@1728,0%@1728,100%@1728,0%@1728] GR3D_FREQ 60% cpu@69.718C soc2@68.062C soc0@68.875C gpu@70.125C tj@70.125C soc1@69.468C VDD_IN 13310mW/13282mW VDD_CPU_GPU_CV 5680mW/5678mW VDD_SOC 3297mW/3297mW
08-04-2026 22:33:47 RAM 3984/7620MB (lfb 125x1MB) SWAP 1682/12002MB (cached 50MB) CPU [0%@1728,0%@1728,0%@1728,0%@1728,100%@1728,0%@1728] GR3D_FREQ 60% cpu@69.375C soc2@67.968C soc0@68.593C gpu@69.875C tj@69.875C soc1@69.5C VDD_IN 13290mW/13282mW VDD_CPU_GPU_CV 5680mW/5678mW VDD_SOC 3297mW/3297mW
08-04-2026 22:33:47 RAM 3984/7620MB (lfb 125x1MB) SWAP 1682/12002MB (cached 50MB) CPU [0%@1728,0%@1728,0%@1728,0%@1728,100%@1728,0%@1728] GR3D_FREQ 56% cpu@69.375C soc2@67.906C soc0@68.593C gpu@70.187C tj@70.187C soc1@69.562C VDD_IN 13290mW/13282mW VDD_CPU_GPU_CV 5680mW/5678mW VDD_SOC 3297mW/3297mW
08-04-2026 22:33:47 RAM 3984/7620MB (lfb 125x1MB) SWAP 1682/12002MB (cached 50MB) CPU [10%@1728,0%@1728,0%@1728,0%@1728,100%@1728,0%@1728] GR3D_FREQ 58% cpu@69.437C soc2@67.875C soc0@68.781C gpu@70.125C tj@70.125C soc1@69.5C VDD_IN 13290mW/13282mW VDD_CPU_GPU_CV 5680mW/5678mW VDD_SOC 3297mW/3297mW
08-04-2026 22:33:47 RAM 3984/7620MB (lfb 125x1MB) SWAP 1682/12002MB (cached 50MB) CPU [0%@1728,0%@1728,9%@1728,0%@1728,100%@1728,0%@1728] GR3D_FREQ 56% cpu@69.656C soc2@68.031C soc0@68.843C gpu@70.375C tj@70.375C soc1@69.406C VDD_IN 13331mW/13282mW VDD_CPU_GPU_CV 5680mW/5678mW VDD_SOC 3297mW/3297mW
08-04-2026 22:33:47 RAM 3984/7620MB (lfb 125x1MB) SWAP 1682/12002MB (cached 50MB) CPU [9%@1728,0%@1728,0%@1728,0%@1728,100%@1728,0%@1728] GR3D_FREQ 58% cpu@69.906C soc2@67.875C soc0@68.656C gpu@70.125C tj@70.125C soc1@69.468C VDD_IN 13331mW/13282mW VDD_CPU_GPU_CV 5680mW/5678mW VDD_SOC 3297mW/3297mW
08-04-2026 22:33:47 RAM 3984/7620MB (lfb 125x1MB) SWAP 1682/12002MB (cached 50MB) CPU [0%@1728,0%@1728,0%@1728,0%@1728,100%@1728,0%@1728] GR3D_FREQ 56% cpu@69.437C soc2@67.937C soc0@68.625C gpu@70.125C tj@70.125C soc1@69.468C VDD_IN 13290mW/13282mW VDD_CPU_GPU_CV 5680mW/5678mW VDD_SOC 3297mW/3297mW
08-04-2026 22:33:47 RAM 3984/7620MB (lfb 125x1MB) SWAP 1682/12002MB (cached 50MB) CPU [0%@1728,0%@1728,0%@1728,0%@1728,100%@1728,0%@1728] GR3D_FREQ 59% cpu@69.312C soc2@67.937C soc0@68.718C gpu@70.312C tj@70.312C soc1@69.562C VDD_IN 13290mW/13282mW VDD_CPU_GPU_CV 5680mW/5678mW VDD_SOC 3297mW/3297mW
08-04-2026 22:33:48 RAM 3984/7620MB (lfb 125x1MB) SWAP 1682/12002MB (cached 50MB) CPU [0%@1728,0%@1728,0%@1728,0%@1728,100%@1728,0%@1728] GR3D_FREQ 59% cpu@69.375C soc2@67.968C soc0@68.875C gpu@70.187C tj@70.187C soc1@69.593C VDD_IN 13269mW/13282mW VDD_CPU_GPU_CV 5680mW/5678mW VDD_SOC 3297mW/3297mW
08-04-2026 22:33:48 RAM 3984/7620MB (lfb 125x1MB) SWAP 1682/12002MB (cached 50MB) CPU [0%@1728,0%@1728,0%@1728,0%@1728,100%@1728,0%@1728] GR3D_FREQ 56% cpu@69.75C soc2@67.968C soc0@68.906C gpu@69.875C tj@69.875C soc1@69.406C VDD_IN 13290mW/13282mW VDD_CPU_GPU_CV 5680mW/5678mW VDD_SOC 3297mW/3297mW
08-04-2026 22:33:48 RAM 3984/7620MB (lfb 125x1MB) SWAP 1682/12002MB (cached 50MB) CPU [0%@1728,0%@1728,0%@1728,0%@1728,100%@1728,0%@1728] GR3D_FREQ 58% cpu@69.375C soc2@67.968C soc0@68.656C gpu@70.312C tj@70.312C soc1@69.437C VDD_IN 13290mW/13282mW VDD_CPU_GPU_CV 5680mW/5678mW VDD_SOC 3297mW/3297mW
08-04-2026 22:33:48 RAM 3984/7620MB (lfb 125x1MB) SWAP 1682/12002MB (cached 50MB) CPU [0%@1728,0%@1728,0%@1728,0%@1728,100%@1728,0%@1728] GR3D_FREQ 60% cpu@69.312C soc2@68.062C soc0@68.718C gpu@70.187C tj@70.187C soc1@69.562C VDD_IN 13290mW/13282mW VDD_CPU_GPU_CV 5680mW/5678mW VDD_SOC 3297mW/3297mW
08-04-2026 22:33:48 RAM 3984/7620MB (lfb 125x1MB) SWAP 1682/12002MB (cached 50MB) CPU [0%@1728,0%@1728,0%@1728,0%@1728,100%@1728,0%@1728] GR3D_FREQ 58% cpu@69.343C soc2@68.031C soc0@68.75C gpu@69.937C tj@69.937C soc1@69.593C VDD_IN 13290mW/13282mW VDD_CPU_GPU_CV 5680mW/5678mW VDD_SOC 3297mW/3297mW
08-04-2026 22:33:48 RAM 3984/7620MB (lfb 125x1MB) SWAP 1682/12002MB (cached 50MB) CPU [16%@1728,9%@1728,0%@1728,9%@1728,91%@1728,0%@1728] GR3D_FREQ 63% cpu@69.625C soc2@67.968C soc0@68.812C gpu@70.25C tj@70.25C soc1@69.656C VDD_IN 13269mW/13282mW VDD_CPU_GPU_CV 5680mW/5678mW VDD_SOC 3297mW/3297mW
08-04-2026 22:33:48 RAM 3984/7620MB (lfb 125x1MB) SWAP 1682/12002MB (cached 50MB) CPU [0%@1728,0%@1728,0%@1728,0%@1728,100%@1728,0%@1728] GR3D_FREQ 57% cpu@69.468C soc2@67.906C soc0@68.625C gpu@70.156C tj@70.156C soc1@69.437C VDD_IN 13269mW/13282mW VDD_CPU_GPU_CV 5680mW/5678mW VDD_SOC 3297mW/3297mW
08-04-2026 22:33:48 RAM 3984/7620MB (lfb 125x1MB) SWAP 1682/12002MB (cached 50MB) CPU [9%@1728,0%@1728,0%@1728,0%@1728,100%@1728,0%@1728] GR3D_FREQ 59% cpu@69.437C soc2@68.031C soc0@68.625C gpu@69.906C tj@69.906C soc1@69.562C VDD_IN 13269mW/13282mW VDD_CPU_GPU_CV 5680mW/5678mW VDD_SOC 3297mW/3297mW
08-04-2026 22:33:48 RAM 3984/7620MB (lfb 125x1MB) SWAP 1682/12002MB (cached 50MB) CPU [0%@1728,0%@1728,0%@1728,0%@1728,100%@1728,0%@1728] GR3D_FREQ 60% cpu@69.375C soc2@67.937C soc0@68.718C gpu@70.281C tj@70.281C soc1@69.468C VDD_IN 13269mW/13282mW VDD_CPU_GPU_CV 5680mW/5678mW VDD_SOC 3297mW/3297mW
08-04-2026 22:33:48 RAM 3991/7620MB (lfb 125x1MB) SWAP 1682/12002MB (cached 50MB) CPU [9%@1728,9%@1728,20%@1728,0%@1728,100%@1728,0%@1728] GR3D_FREQ 58% cpu@69.718C soc2@68C soc0@68.625C gpu@69.875C tj@70.125C soc1@69.593C VDD_IN 13310mW/13282mW VDD_CPU_GPU_CV 5721mW/5678mW VDD_SOC 3297mW/3297mW
08-04-2026 22:33:49 RAM 3989/7620MB (lfb 125x1MB) SWAP 1682/12002MB (cached 50MB) CPU [8%@1728,0%@1728,0%@1728,10%@1728,100%@1728,0%@1728] GR3D_FREQ 59% cpu@69.718C soc2@68.031C soc0@68.656C gpu@69.937C tj@69.937C soc1@69.468C VDD_IN 13350mW/13282mW VDD_CPU_GPU_CV 5721mW/5678mW VDD_SOC 3297mW/3297mW
08-04-2026 22:33:49 RAM 3989/7620MB (lfb 125x1MB) SWAP 1682/12002MB (cached 50MB) CPU [0%@1728,0%@1728,0%@1728,0%@1728,100%@1728,0%@1728] GR3D_FREQ 56% cpu@69.437C soc2@68.031C soc0@68.687C gpu@70.187C tj@70.187C soc1@69.5C VDD_IN 13310mW/13282mW VDD_CPU_GPU_CV 5721mW/5678mW VDD_SOC 3297mW/3297mW
08-04-2026 22:33:49 RAM 3989/7620MB (lfb 125x1MB) SWAP 1682/12002MB (cached 50MB) CPU [0%@1728,0%@1728,0%@1728,0%@1728,100%@1728,0%@1728] GR3D_FREQ 58% cpu@69.343C soc2@68.031C soc0@68.781C gpu@69.875C tj@70.093C soc1@69.562C VDD_IN 13310mW/13282mW VDD_CPU_GPU_CV 5721mW/5678mW VDD_SOC 3297mW/3297mW
08-04-2026 22:33:49 RAM 3989/7620MB (lfb 125x1MB) SWAP 1682/12002MB (cached 50MB) CPU [0%@1728,0%@1728,0%@1728,8%@1728,100%@1728,0%@1728] GR3D_FREQ 60% cpu@69.468C soc2@67.937C soc0@68.75C gpu@70.468C tj@70.468C soc1@69.593C VDD_IN 13310mW/13282mW VDD_CPU_GPU_CV 5680mW/5678mW VDD_SOC 3297mW/3297mW
08-04-2026 22:33:49 RAM 3989/7620MB (lfb 125x1MB) SWAP 1682/12002MB (cached 50MB) CPU [0%@1728,0%@1728,0%@1728,0%@1728,100%@1728,0%@1728] GR3D_FREQ 59% cpu@69.656C soc2@68.062C soc0@68.812C gpu@70.312C tj@70.312C soc1@69.406C VDD_IN 13310mW/13282mW VDD_CPU_GPU_CV 5680mW/5678mW VDD_SOC 3297mW/3297mW
08-04-2026 22:33:49 RAM 3989/7620MB (lfb 125x1MB) SWAP 1682/12002MB (cached 50MB) CPU [10%@1728,0%@1728,8%@1728,9%@1728,100%@1728,0%@1728] GR3D_FREQ 59% cpu@69.375C soc2@67.906C soc0@68.593C gpu@70.125C tj@70.125C soc1@69.437C VDD_IN 13310mW/13282mW VDD_CPU_GPU_CV 5721mW/5678mW VDD_SOC 3297mW/3297mW
08-04-2026 22:33:49 RAM 3989/7620MB (lfb 125x1MB) SWAP 1682/12002MB (cached 50MB) CPU [0%@1728,9%@1728,0%@1728,0%@1728,100%@1728,0%@1728] GR3D_FREQ 58% cpu@69.5C soc2@67.968C soc0@68.687C gpu@70.437C tj@70.437C soc1@69.531C VDD_IN 13310mW/13282mW VDD_CPU_GPU_CV 5721mW/5679mW VDD_SOC 3297mW/3297mW
08-04-2026 22:33:49 RAM 3989/7620MB (lfb 125x1MB) SWAP 1682/12002MB (cached 50MB) CPU [0%@1728,0%@1728,9%@1728,0%@1728,100%@1728,0%@1728] GR3D_FREQ 57% cpu@69.375C soc2@68C soc0@68.812C gpu@70.187C tj@70.187C soc1@69.562C VDD_IN 13310mW/13282mW VDD_CPU_GPU_CV 5721mW/5679mW VDD_SOC 3297mW/3297mW
08-04-2026 22:33:49 RAM 3989/7620MB (lfb 125x1MB) SWAP 1682/12002MB (cached 50MB) CPU [0%@1728,0%@1728,0%@1728,0%@1728,100%@1728,0%@1728] GR3D_FREQ 59% cpu@69.593C soc2@68C soc0@68.843C gpu@70.062C tj@70.062C soc1@69.593C VDD_IN 13310mW/13282mW VDD_CPU_GPU_CV 5721mW/5679mW VDD_SOC 3297mW/3297mW
08-04-2026 22:33:50 RAM 3989/7620MB (lfb 125x1MB) SWAP 1682/12002MB (cached 50MB) CPU [0%@1728,0%@1728,0%@1728,0%@1728,100%@1728,0%@1728] GR3D_FREQ 60% cpu@69.718C soc2@67.937C soc0@68.625C gpu@70.312C tj@70.312C soc1@69.5C VDD_IN 13310mW/13283mW VDD_CPU_GPU_CV 5680mW/5679mW VDD_SOC 3297mW/3297mW
08-04-2026 22:33:50 RAM 3989/7620MB (lfb 125x1MB) SWAP 1682/12002MB (cached 50MB) CPU [0%@1728,0%@1728,0%@1728,0%@1728,100%@1728,0%@1728] GR3D_FREQ 59% cpu@69.343C soc2@67.875C soc0@68.718C gpu@70.125C tj@70.125C soc1@69.531C VDD_IN 13310mW/13283mW VDD_CPU_GPU_CV 5680mW/5679mW VDD_SOC 3297mW/3297mW
08-04-2026 22:33:50 RAM 3989/7620MB (lfb 125x1MB) SWAP 1682/12002MB (cached 50MB) CPU [0%@1728,0%@1728,0%@1728,0%@1728,100%@1728,9%@1728] GR3D_FREQ 60% cpu@69.406C soc2@68C soc0@68.75C gpu@69.968C tj@69.968C soc1@69.531C VDD_IN 13290mW/13283mW VDD_CPU_GPU_CV 5680mW/5679mW VDD_SOC 3297mW/3297mW
08-04-2026 22:33:50 RAM 3989/7620MB (lfb 125x1MB) SWAP 1682/12002MB (cached 50MB) CPU [0%@1728,0%@1728,0%@1728,0%@1728,100%@1728,0%@1728] GR3D_FREQ 58% cpu@69.437C soc2@68.062C soc0@68.781C gpu@70.25C tj@70.25C soc1@69.593C VDD_IN 13290mW/13283mW VDD_CPU_GPU_CV 5680mW/5679mW VDD_SOC 3297mW/3297mW
08-04-2026 22:33:50 RAM 3989/7620MB (lfb 125x1MB) SWAP 1682/12002MB (cached 50MB) CPU [0%@1728,0%@1728,0%@1728,0%@1728,100%@1728,0%@1728] GR3D_FREQ 56% cpu@69.781C soc2@68.093C soc0@68.875C gpu@70.125C tj@70.125C soc1@69.656C VDD_IN 13290mW/13283mW VDD_CPU_GPU_CV 5680mW/5679mW VDD_SOC 3297mW/3297mW
08-04-2026 22:33:50 RAM 3989/7620MB (lfb 125x1MB) SWAP 1682/12002MB (cached 50MB) CPU [18%@1728,0%@1728,0%@1728,0%@1728,100%@1728,0%@1728] GR3D_FREQ 69% cpu@69.468C soc2@68C soc0@68.656C gpu@69.968C tj@69.968C soc1@69.468C VDD_IN 13331mW/13283mW VDD_CPU_GPU_CV 5680mW/5679mW VDD_SOC 3297mW/3297mW
08-04-2026 22:33:50 RAM 3989/7620MB (lfb 125x1MB) SWAP 1682/12002MB (cached 50MB) CPU [0%@1728,0%@1728,0%@1728,0%@1728,100%@1728,0%@1728] GR3D_FREQ 58% cpu@69.375C soc2@67.937C soc0@68.656C gpu@70.281C tj@70.281C soc1@69.531C VDD_IN 13310mW/13283mW VDD_CPU_GPU_CV 5680mW/5679mW VDD_SOC 3297mW/3297mW
08-04-2026 22:33:50 RAM 3989/7620MB (lfb 125x1MB) SWAP 1682/12002MB (cached 50MB) CPU [16%@1728,0%@1728,0%@1728,0%@1728,100%@1728,0%@1728] GR3D_FREQ 60% cpu@69.468C soc2@67.937C soc0@68.687C gpu@70.187C tj@70.187C soc1@69.625C VDD_IN 13310mW/13283mW VDD_CPU_GPU_CV 5721mW/5679mW VDD_SOC 3297mW/3297mW
08-04-2026 22:33:50 RAM 3989/7620MB (lfb 125x1MB) SWAP 1682/12002MB (cached 50MB) CPU [0%@1728,0%@1728,8%@1728,0%@1728,100%@1728,0%@1728] GR3D_FREQ 59% cpu@69.625C soc2@68.031C soc0@68.812C gpu@69.906C tj@69.906C soc1@69.687C VDD_IN 13310mW/13283mW VDD_CPU_GPU_CV 5680mW/5679mW VDD_SOC 3297mW/3297mW
08-04-2026 22:33:50 RAM 3989/7620MB (lfb 125x1MB) SWAP 1682/12002MB (cached 50MB) CPU [0%@1728,0%@1728,0%@1728,0%@1728,100%@1728,0%@1728] GR3D_FREQ 58% cpu@69.406C soc2@67.875C soc0@68.562C gpu@70.25C tj@70.25C soc1@69.437C VDD_IN 13310mW/13283mW VDD_CPU_GPU_CV 5680mW/5679mW VDD_SOC 3297mW/3297mW
08-04-2026 22:33:51 RAM 3989/7620MB (lfb 125x1MB) SWAP 1682/12002MB (cached 50MB) CPU [0%@1728,0%@1728,9%@1728,0%@1728,100%@1728,0%@1728] GR3D_FREQ 58% cpu@69.281C soc2@67.937C soc0@68.656C gpu@69.875C tj@69.875C soc1@69.468C VDD_IN 13290mW/13283mW VDD_CPU_GPU_CV 5680mW/5679mW VDD_SOC 3297mW/3297mW
08-04-2026 22:33:51 RAM 3989/7620MB (lfb 125x1MB) SWAP 1682/12002MB (cached 50MB) CPU [0%@1728,0%@1728,0%@1728,0%@1728,100%@1728,0%@1728] GR3D_FREQ 59% cpu@69.312C soc2@67.937C soc0@68.718C gpu@70.437C tj@70.437C soc1@69.5C VDD_IN 13290mW/13283mW VDD_CPU_GPU_CV 5680mW/5679mW VDD_SOC 3297mW/3297mW
08-04-2026 22:33:51 RAM 3989/7620MB (lfb 125x1MB) SWAP 1682/12002MB (cached 50MB) CPU [0%@1728,0%@1728,0%@1728,0%@1728,100%@1728,0%@1728] GR3D_FREQ 57% cpu@69.5C soc2@68.093C soc0@68.718C gpu@70.187C tj@70.187C soc1@69.593C VDD_IN 13290mW/13283mW VDD_CPU_GPU_CV 5680mW/5679mW VDD_SOC 3297mW/3297mW
08-04-2026 22:33:51 RAM 3989/7620MB (lfb 125x1MB) SWAP 1682/12002MB (cached 50MB) CPU [0%@1728,0%@1728,0%@1728,0%@1728,100%@1728,0%@1728] GR3D_FREQ 60% cpu@69.812C soc2@67.968C soc0@68.656C gpu@69.875C tj@69.875C soc1@69.437C VDD_IN 13269mW/13283mW VDD_CPU_GPU_CV 5680mW/5679mW VDD_SOC 3297mW/3297mW
08-04-2026 22:33:51 RAM 3989/7620MB (lfb 125x1MB) SWAP 1682/12002MB (cached 50MB) CPU [0%@1728,0%@1728,0%@1728,0%@1728,100%@1728,0%@1728] GR3D_FREQ 60% cpu@69.437C soc2@67.937C soc0@68.687C gpu@70.406C tj@70.406C soc1@69.437C VDD_IN 13269mW/13283mW VDD_CPU_GPU_CV 5680mW/5679mW VDD_SOC 3297mW/3297mW
08-04-2026 22:33:51 RAM 3989/7620MB (lfb 125x1MB) SWAP 1682/12002MB (cached 50MB) CPU [0%@1728,0%@1728,0%@1728,9%@1728,100%@1728,0%@1728] GR3D_FREQ 56% cpu@69.406C soc2@67.937C soc0@68.718C gpu@69.906C tj@69.906C soc1@69.531C VDD_IN 13310mW/13283mW VDD_CPU_GPU_CV 5680mW/5679mW VDD_SOC 3297mW/3297mW
08-04-2026 22:33:51 RAM 3989/7620MB (lfb 125x1MB) SWAP 1682/12002MB (cached 50MB) CPU [0%@1728,0%@1728,0%@1728,0%@1728,100%@1728,0%@1728] GR3D_FREQ 57% cpu@69.468C soc2@67.937C soc0@68.625C gpu@69.906C tj@69.906C soc1@69.593C VDD_IN 13310mW/13283mW VDD_CPU_GPU_CV 5680mW/5679mW VDD_SOC 3297mW/3297mW
08-04-2026 22:33:51 RAM 3989/7620MB (lfb 125x1MB) SWAP 1682/12002MB (cached 50MB) CPU [0%@1728,9%@1728,0%@1728,0%@1728,100%@1728,0%@1728] GR3D_FREQ 59% cpu@69.406C soc2@67.968C soc0@68.843C gpu@70.437C tj@70.437C soc1@69.718C VDD_IN 13310mW/13283mW VDD_CPU_GPU_CV 5680mW/5679mW VDD_SOC 3297mW/3297mW
08-04-2026 22:33:51 RAM 3989/7620MB (lfb 125x1MB) SWAP 1682/12002MB (cached 50MB) CPU [0%@1728,0%@1728,0%@1728,0%@1728,100%@1728,0%@1728] GR3D_FREQ 60% cpu@69.375C soc2@68.031C soc0@68.593C gpu@70.031C tj@70.031C soc1@69.5C VDD_IN 13310mW/13283mW VDD_CPU_GPU_CV 5680mW/5679mW VDD_SOC 3297mW/3297mW
08-04-2026 22:33:52 RAM 3989/7620MB (lfb 125x1MB) SWAP 1682/12002MB (cached 50MB) CPU [0%@1728,0%@1728,0%@1728,0%@1728,100%@1728,0%@1728] GR3D_FREQ 60% cpu@69.437C soc2@67.968C soc0@68.656C gpu@69.812C tj@69.812C soc1@69.468C VDD_IN 13310mW/13283mW VDD_CPU_GPU_CV 5680mW/5679mW VDD_SOC 3297mW/3297mW
08-04-2026 22:33:52 RAM 3989/7620MB (lfb 125x1MB) SWAP 1682/12002MB (cached 50MB) CPU [0%@1728,8%@1728,0%@1728,8%@1728,100%@1728,0%@1728] GR3D_FREQ 57% cpu@69.375C soc2@67.968C soc0@68.593C gpu@70.281C tj@70.281C soc1@69.593C VDD_IN 13269mW/13283mW VDD_CPU_GPU_CV 5680mW/5679mW VDD_SOC 3297mW/3297mW
08-04-2026 22:33:52 RAM 3997/7620MB (lfb 125x1MB) SWAP 1682/12002MB (cached 50MB) CPU [9%@1728,0%@1728,27%@1728,0%@1728,100%@1728,0%@1728] GR3D_FREQ 56% cpu@69.718C soc2@68.062C soc0@68.75C gpu@69.875C tj@69.875C soc1@69.625C VDD_IN 13350mW/13283mW VDD_CPU_GPU_CV 5721mW/5679mW VDD_SOC 3297mW/3297mW
08-04-2026 22:33:52 RAM 3995/7620MB (lfb 125x1MB) SWAP 1682/12002MB (cached 50MB) CPU [0%@1728,0%@1728,0%@1728,0%@1728,100%@1728,0%@1728] GR3D_FREQ 56% cpu@69.781C soc2@68C soc0@68.593C gpu@69.843C tj@69.843C soc1@69.437C VDD_IN 13310mW/13283mW VDD_CPU_GPU_CV 5721mW/5679mW VDD_SOC 3297mW/3297mW
08-04-2026 22:33:52 RAM 3995/7620MB (lfb 125x1MB) SWAP 1682/12002MB (cached 50MB) CPU [0%@1728,0%@1728,0%@1728,0%@1728,100%@1728,0%@1728] GR3D_FREQ 59% cpu@69.5C soc2@67.906C soc0@68.718C gpu@70.312C tj@70.312C soc1@69.5C VDD_IN 13310mW/13283mW VDD_CPU_GPU_CV 5680mW/5679mW VDD_SOC 3297mW/3297mW
08-04-2026 22:33:52 RAM 3995/7620MB (lfb 125x1MB) SWAP 1682/12002MB (cached 50MB) CPU [16%@1728,0%@1728,0%@1728,0%@1728,100%@1728,0%@1728] GR3D_FREQ 69% cpu@69.5C soc2@67.937C soc0@68.656C gpu@69.968C tj@69.968C soc1@69.531C VDD_IN 13310mW/13283mW VDD_CPU_GPU_CV 5721mW/5679mW VDD_SOC 3297mW/3297mW
08-04-2026 22:33:52 RAM 3995/7620MB (lfb 125x1MB) SWAP 1682/12002MB (cached 50MB) CPU [9%@1728,0%@1728,0%@1728,0%@1728,100%@1728,0%@1728] GR3D_FREQ 58% cpu@69.468C soc2@67.968C soc0@68.718C gpu@69.843C tj@69.843C soc1@69.593C VDD_IN 13310mW/13283mW VDD_CPU_GPU_CV 5680mW/5679mW VDD_SOC 3297mW/3297mW
08-04-2026 22:33:52 RAM 3995/7620MB (lfb 125x1MB) SWAP 1682/12002MB (cached 50MB) CPU [9%@1728,8%@1728,0%@1728,0%@1728,100%@1728,0%@1728] GR3D_FREQ 58% cpu@69.812C soc2@68.125C soc0@68.906C gpu@70.25C tj@70.25C soc1@69.687C VDD_IN 13331mW/13284mW VDD_CPU_GPU_CV 5680mW/5679mW VDD_SOC 3297mW/3297mW
08-04-2026 22:33:52 RAM 3995/7620MB (lfb 125x1MB) SWAP 1682/12002MB (cached 50MB) CPU [0%@1728,0%@1728,0%@1728,0%@1728,100%@1728,0%@1728] GR3D_FREQ 57% cpu@69.5C soc2@67.906C soc0@68.625C gpu@70.031C tj@70.031C soc1@69.406C VDD_IN 13290mW/13284mW VDD_CPU_GPU_CV 5680mW/5679mW VDD_SOC 3297mW/3297mW
08-04-2026 22:33:52 RAM 3995/7620MB (lfb 125x1MB) SWAP 1682/12002MB (cached 50MB) CPU [0%@1728,8%@1728,0%@1728,0%@1728,100%@1728,0%@1728] GR3D_FREQ 60% cpu@69.468C soc2@67.937C soc0@68.718C gpu@70.468C tj@70.468C soc1@69.531C VDD_IN 13290mW/13284mW VDD_CPU_GPU_CV 5680mW/5679mW VDD_SOC 3297mW/3297mW
08-04-2026 22:33:53 RAM 3995/7620MB (lfb 125x1MB) SWAP 1682/12002MB (cached 50MB) CPU [0%@1728,0%@1728,0%@1728,0%@1728,100%@1728,0%@1728] GR3D_FREQ 58% cpu@69.5C soc2@68.062C soc0@68.75C gpu@70.25C tj@70.25C soc1@69.562C VDD_IN 13290mW/13284mW VDD_CPU_GPU_CV 5680mW/5679mW VDD_SOC 3297mW/3297mW
08-04-2026 22:33:53 RAM 3995/7620MB (lfb 125x1MB) SWAP 1682/12002MB (cached 50MB) CPU [0%@1728,0%@1728,0%@1728,0%@1728,100%@1728,0%@1728] GR3D_FREQ 57% cpu@69.406C soc2@67.968C soc0@68.781C gpu@69.968C tj@69.968C soc1@69.687C VDD_IN 13290mW/13284mW VDD_CPU_GPU_CV 5680mW/5679mW VDD_SOC 3297mW/3297mW
08-04-2026 22:33:53 RAM 3995/7620MB (lfb 125x1MB) SWAP 1682/12002MB (cached 50MB) CPU [0%@1728,0%@1728,0%@1728,0%@1728,100%@1728,0%@1728] GR3D_FREQ 58% cpu@69.437C soc2@68.125C soc0@68.625C gpu@70.406C tj@70.406C soc1@69.468C VDD_IN 13269mW/13284mW VDD_CPU_GPU_CV 5680mW/5679mW VDD_SOC 3297mW/3297mW
08-04-2026 22:33:53 RAM 3995/7620MB (lfb 125x1MB) SWAP 1682/12002MB (cached 50MB) CPU [0%@1728,0%@1728,0%@1728,0%@1728,100%@1728,0%@1728] GR3D_FREQ 60% cpu@69.5C soc2@67.906C soc0@68.656C gpu@70.031C tj@70.031C soc1@69.468C VDD_IN 13290mW/13284mW VDD_CPU_GPU_CV 5680mW/5679mW VDD_SOC 3297mW/3297mW
08-04-2026 22:33:53 RAM 3995/7620MB (lfb 125x1MB) SWAP 1682/12002MB (cached 50MB) CPU [9%@1728,0%@1728,0%@1728,0%@1728,100%@1728,0%@1728] GR3D_FREQ 59% cpu@69.312C soc2@68C soc0@68.718C gpu@69.937C tj@69.937C soc1@69.531C VDD_IN 13290mW/13284mW VDD_CPU_GPU_CV 5680mW/5679mW VDD_SOC 3297mW/3297mW
08-04-2026 22:33:53 RAM 3995/7620MB (lfb 125x1MB) SWAP 1682/12002MB (cached 50MB) CPU [10%@1728,0%@1728,8%@1728,0%@1728,100%@1728,0%@1728] GR3D_FREQ 60% cpu@69.468C soc2@68.031C soc0@68.812C gpu@70.437C tj@70.437C soc1@69.5C VDD_IN 13269mW/13284mW VDD_CPU_GPU_CV 5680mW/5679mW VDD_SOC 3297mW/3297mW
08-04-2026 22:33:53 RAM 3995/7620MB (lfb 125x1MB) SWAP 1682/12002MB (cached 50MB) CPU [8%@1728,0%@1728,0%@1728,0%@1728,100%@1728,0%@1728] GR3D_FREQ 56% cpu@69.468C soc2@68.062C soc0@68.843C gpu@70.093C tj@70.093C soc1@69.531C VDD_IN 13269mW/13284mW VDD_CPU_GPU_CV 5680mW/5679mW VDD_SOC 3297mW/3297mW
08-04-2026 22:33:53 RAM 3995/7620MB (lfb 125x1MB) SWAP 1682/12002MB (cached 50MB) CPU [0%@1728,0%@1728,0%@1728,0%@1728,100%@1728,0%@1728] GR3D_FREQ 59% cpu@69.593C soc2@67.937C soc0@68.656C gpu@69.906C tj@69.906C soc1@69.468C VDD_IN 13310mW/13284mW VDD_CPU_GPU_CV 5680mW/5679mW VDD_SOC 3297mW/3297mW
08-04-2026 22:33:53 RAM 3995/7620MB (lfb 125x1MB) SWAP 1682/12002MB (cached 50MB) CPU [0%@1728,0%@1728,0%@1728,0%@1728,100%@1728,0%@1728] GR3D_FREQ 56% cpu@69.406C soc2@67.937C soc0@68.656C gpu@69.968C tj@70.375C soc1@69.531C VDD_IN 13290mW/13284mW VDD_CPU_GPU_CV 5680mW/5679mW VDD_SOC 3297mW/3297mW
08-04-2026 22:33:54 RAM 3995/7620MB (lfb 125x1MB) SWAP 1682/12002MB (cached 50MB) CPU [0%@1728,0%@1728,0%@1728,0%@1728,100%@1728,0%@1728] GR3D_FREQ 59% cpu@69.343C soc2@68C soc0@68.781C gpu@69.968C tj@69.968C soc1@69.593C VDD_IN 13269mW/13284mW VDD_CPU_GPU_CV 5680mW/5679mW VDD_SOC 3297mW/3297mW
08-04-2026 22:33:54 RAM 3995/7620MB (lfb 125x1MB) SWAP 1682/12002MB (cached 50MB) CPU [0%@1728,0%@1728,0%@1728,0%@1728,100%@1728,0%@1728] GR3D_FREQ 60% cpu@69.437C soc2@67.968C soc0@68.812C gpu@69.968C tj@69.968C soc1@69.562C VDD_IN 13269mW/13284mW VDD_CPU_GPU_CV 5680mW/5679mW VDD_SOC 3297mW/3297mW
08-04-2026 22:33:54 RAM 3995/7620MB (lfb 125x1MB) SWAP 1682/12002MB (cached 50MB) CPU [0%@1728,0%@1728,0%@1728,0%@1728,100%@1728,0%@1728] GR3D_FREQ 58% cpu@69.562C soc2@68.125C soc0@68.687C gpu@70.031C tj@70.031C soc1@69.531C VDD_IN 13269mW/13284mW VDD_CPU_GPU_CV 5680mW/5679mW VDD_SOC 3297mW/3297mW
08-04-2026 22:33:54 RAM 3995/7620MB (lfb 125x1MB) SWAP 1682/12002MB (cached 50MB) CPU [0%@1728,0%@1728,0%@1728,16%@1728,100%@1728,0%@1728] GR3D_FREQ 58% cpu@69.437C soc2@67.937C soc0@68.656C gpu@69.937C tj@69.937C soc1@69.593C VDD_IN 13290mW/13284mW VDD_CPU_GPU_CV 5680mW/5679mW VDD_SOC 3297mW/3297mW
08-04-2026 22:33:54 RAM 3995/7620MB (lfb 125x1MB) SWAP 1682/12002MB (cached 50MB) CPU [0%@1728,0%@1728,0%@1728,0%@1728,100%@1728,0%@1728] GR3D_FREQ 60% cpu@69.531C soc2@67.937C soc0@68.75C gpu@69.968C tj@69.968C soc1@69.562C VDD_IN 13290mW/13284mW VDD_CPU_GPU_CV 5680mW/5679mW VDD_SOC 3297mW/3297mW
08-04-2026 22:33:54 RAM 3995/7620MB (lfb 125x1MB) SWAP 1682/12002MB (cached 50MB) CPU [16%@1728,0%@1728,0%@1728,0%@1728,100%@1728,0%@1728] GR3D_FREQ 63% cpu@69.437C soc2@68C soc0@68.843C gpu@70.031C tj@70.031C soc1@69.593C VDD_IN 13310mW/13284mW VDD_CPU_GPU_CV 5680mW/5679mW VDD_SOC 3297mW/3297mW
08-04-2026 22:33:54 RAM 3995/7620MB (lfb 125x1MB) SWAP 1682/12002MB (cached 50MB) CPU [0%@1728,0%@1728,0%@1728,0%@1728,100%@1728,0%@1728] GR3D_FREQ 58% cpu@69.437C soc2@68.062C soc0@68.812C gpu@70C tj@70C soc1@69.437C VDD_IN 13310mW/13284mW VDD_CPU_GPU_CV 5680mW/5679mW VDD_SOC 3297mW/3297mW
08-04-2026 22:33:54 RAM 3995/7620MB (lfb 125x1MB) SWAP 1682/12002MB (cached 50MB) CPU [9%@1728,0%@1728,0%@1728,0%@1728,100%@1728,0%@1728] GR3D_FREQ 63% cpu@69.531C soc2@67.937C soc0@68.656C gpu@70.531C tj@70.531C soc1@69.531C VDD_IN 13331mW/13284mW VDD_CPU_GPU_CV 5680mW/5679mW VDD_SOC 3297mW/3297mW
08-04-2026 22:33:54 RAM 3995/7620MB (lfb 125x1MB) SWAP 1682/12002MB (cached 50MB) CPU [0%@1728,0%@1728,0%@1728,0%@1728,100%@1728,0%@1728] GR3D_FREQ 59% cpu@69.468C soc2@68C soc0@68.656C gpu@70.125C tj@70.125C soc1@69.468C VDD_IN 13331mW/13284mW VDD_CPU_GPU_CV 5680mW/5679mW VDD_SOC 3297mW/3297mW
08-04-2026 22:33:54 RAM 3995/7620MB (lfb 125x1MB) SWAP 1682/12002MB (cached 50MB) CPU [0%@1728,0%@1728,0%@1728,0%@1728,100%@1728,0%@1728] GR3D_FREQ 60% cpu@69.5C soc2@67.937C soc0@68.781C gpu@69.937C tj@69.937C soc1@69.593C VDD_IN 13310mW/13284mW VDD_CPU_GPU_CV 5680mW/5679mW VDD_SOC 3297mW/3297mW
08-04-2026 22:33:55 RAM 3995/7620MB (lfb 125x1MB) SWAP 1682/12002MB (cached 50MB) CPU [0%@1728,0%@1728,0%@1728,0%@1728,100%@1728,0%@1728] GR3D_FREQ 60% cpu@69.468C soc2@68C soc0@68.875C gpu@70C tj@70C soc1@69.625C VDD_IN 13310mW/13284mW VDD_CPU_GPU_CV 5680mW/5679mW VDD_SOC 3297mW/3297mW
08-04-2026 22:33:55 RAM 3995/7620MB (lfb 125x1MB) SWAP 1682/12002MB (cached 50MB) CPU [0%@1728,0%@1728,0%@1728,0%@1728,100%@1728,0%@1728] GR3D_FREQ 60% cpu@69.562C soc2@68.062C soc0@68.718C gpu@69.937C tj@69.937C soc1@69.406C VDD_IN 13290mW/13284mW VDD_CPU_GPU_CV 5680mW/5679mW VDD_SOC 3297mW/3297mW
08-04-2026 22:33:55 RAM 3995/7620MB (lfb 125x1MB) SWAP 1682/12002MB (cached 50MB) CPU [30%@1728,0%@1728,0%@1728,0%@1728,100%@1728,0%@1728] GR3D_FREQ 56% cpu@69.468C soc2@67.937C soc0@68.656C gpu@69.937C tj@69.937C soc1@69.406C VDD_IN 13350mW/13284mW VDD_CPU_GPU_CV 5721mW/5679mW VDD_SOC 3297mW/3297mW
08-04-2026 22:33:55 RAM 3995/7620MB (lfb 125x1MB) SWAP 1682/12002MB (cached 50MB) CPU [27%@1728,9%@1728,0%@1728,0%@1728,100%@1728,0%@1728] GR3D_FREQ 59% cpu@69.437C soc2@68C soc0@68.781C gpu@70.093C tj@70.093C soc1@69.593C VDD_IN 13391mW/13284mW VDD_CPU_GPU_CV 5761mW/5679mW VDD_SOC 3337mW/3297mW
08-04-2026 22:33:55 RAM 4001/7620MB (lfb 125x1MB) SWAP 1682/12002MB (cached 50MB) CPU [0%@1728,9%@1728,0%@1728,25%@1728,100%@1728,0%@1728] GR3D_FREQ 58% cpu@69.593C soc2@68.125C soc0@68.781C gpu@70.031C tj@70.031C soc1@69.593C VDD_IN 13432mW/13285mW VDD_CPU_GPU_CV 5761mW/5679mW VDD_SOC 3337mW/3297mW
08-04-2026 22:33:55 RAM 4001/7620MB (lfb 125x1MB) SWAP 1682/12002MB (cached 50MB) CPU [0%@1728,0%@1728,18%@1728,0%@1728,100%@1728,0%@1728] GR3D_FREQ 55% cpu@69.593C soc2@68.125C soc0@68.718C gpu@69.906C tj@69.906C soc1@69.468C VDD_IN 13432mW/13285mW VDD_CPU_GPU_CV 5761mW/5680mW VDD_SOC 3337mW/3298mW
08-04-2026 22:33:55 RAM 4001/7620MB (lfb 125x1MB) SWAP 1682/12002MB (cached 50MB) CPU [0%@1728,0%@1728,0%@1728,0%@1728,100%@1728,0%@1728] GR3D_FREQ 60% cpu@69.375C soc2@68.062C soc0@68.75C gpu@70.093C tj@70.375C soc1@69.531C VDD_IN 13391mW/13285mW VDD_CPU_GPU_CV 5761mW/5680mW VDD_SOC 3337mW/3298mW
08-04-2026 22:33:55 RAM 4001/7620MB (lfb 125x1MB) SWAP 1682/12002MB (cached 50MB) CPU [0%@1728,0%@1728,0%@1728,0%@1728,100%@1728,0%@1728] GR3D_FREQ 59% cpu@69.437C soc2@68.062C soc0@68.718C gpu@70.062C tj@70.062C soc1@69.531C VDD_IN 13350mW/13285mW VDD_CPU_GPU_CV 5761mW/5680mW VDD_SOC 3337mW/3298mW
08-04-2026 22:33:55 RAM 4001/7620MB (lfb 125x1MB) SWAP 1682/12002MB (cached 50MB) CPU [0%@1728,0%@1728,0%@1728,0%@1728,100%@1728,0%@1728] GR3D_FREQ 55% cpu@69.5C soc2@68C soc0@68.75C gpu@69.937C tj@69.937C soc1@69.593C VDD_IN 13350mW/13285mW VDD_CPU_GPU_CV 5721mW/5680mW VDD_SOC 3337mW/3298mW
08-04-2026 22:33:55 RAM 4001/7620MB (lfb 125x1MB) SWAP 1682/12002MB (cached 50MB) CPU [0%@1728,0%@1728,0%@1728,0%@1728,100%@1728,0%@1728] GR3D_FREQ 59% cpu@69.5C soc2@68.093C soc0@68.906C gpu@70.062C tj@70.062C soc1@69.75C VDD_IN 13331mW/13285mW VDD_CPU_GPU_CV 5721mW/5680mW VDD_SOC 3297mW/3298mW
08-04-2026 22:33:56 RAM 4000/7620MB (lfb 125x1MB) SWAP 1682/12002MB (cached 50MB) CPU [0%@1728,0%@1728,0%@1728,0%@1728,100%@1728,0%@1728] GR3D_FREQ 58% cpu@69.593C soc2@68.031C soc0@68.718C gpu@69.937C tj@69.937C soc1@69.437C VDD_IN 13310mW/13285mW VDD_CPU_GPU_CV 5680mW/5680mW VDD_SOC 3297mW/3298mW
08-04-2026 22:33:56 RAM 4000/7620MB (lfb 125x1MB) SWAP 1682/12002MB (cached 50MB) CPU [0%@1728,0%@1728,0%@1728,0%@1728,100%@1728,0%@1728] GR3D_FREQ 60% cpu@69.343C soc2@67.968C soc0@68.781C gpu@69.968C tj@69.968C soc1@69.531C VDD_IN 13331mW/13285mW VDD_CPU_GPU_CV 5680mW/5680mW VDD_SOC 3297mW/3298mW
08-04-2026 22:33:56 RAM 4000/7620MB (lfb 125x1MB) SWAP 1682/12002MB (cached 50MB) CPU [0%@1728,0%@1728,8%@1728,0%@1728,100%@1728,0%@1728] GR3D_FREQ 57% cpu@69.437C soc2@67.937C soc0@68.75C gpu@70.062C tj@70.062C soc1@69.593C VDD_IN 13269mW/13285mW VDD_CPU_GPU_CV 5680mW/5680mW VDD_SOC 3297mW/3298mW
08-04-2026 22:33:56 RAM 4000/7620MB (lfb 125x1MB) SWAP 1682/12002MB (cached 50MB) CPU [8%@1728,0%@1728,0%@1728,0%@1728,100%@1728,0%@1728] GR3D_FREQ 56% cpu@69.562C soc2@68.031C soc0@68.906C gpu@70C tj@70C soc1@69.593C VDD_IN 13269mW/13285mW VDD_CPU_GPU_CV 5680mW/5680mW VDD_SOC 3297mW/3298mW
08-04-2026 22:33:56 RAM 4000/7620MB (lfb 125x1MB) SWAP 1682/12002MB (cached 50MB) CPU [0%@1728,0%@1728,9%@1728,0%@1728,100%@1728,0%@1728] GR3D_FREQ 61% cpu@69.625C soc2@68.093C soc0@68.656C gpu@70.531C tj@70.531C soc1@69.5C VDD_IN 13310mW/13285mW VDD_CPU_GPU_CV 5680mW/5680mW VDD_SOC 3297mW/3298mW
08-04-2026 22:33:56 RAM 4000/7620MB (lfb 125x1MB) SWAP 1682/12002MB (cached 50MB) CPU [0%@1728,0%@1728,0%@1728,0%@1728,100%@1728,0%@1728] GR3D_FREQ 58% cpu@69.375C soc2@67.937C soc0@68.593C gpu@70.031C tj@70.031C soc1@69.531C VDD_IN 13310mW/13285mW VDD_CPU_GPU_CV 5680mW/5680mW VDD_SOC 3297mW/3298mW
08-04-2026 22:33:56 RAM 4000/7620MB (lfb 125x1MB) SWAP 1682/12002MB (cached 50MB) CPU [8%@1728,9%@1728,9%@1728,0%@1728,100%@1728,0%@1728] GR3D_FREQ 60% cpu@69.437C soc2@68.031C soc0@68.812C gpu@69.937C tj@69.937C soc1@69.593C VDD_IN 13310mW/13286mW VDD_CPU_GPU_CV 5680mW/5680mW VDD_SOC 3297mW/3298mW
08-04-2026 22:33:56 RAM 4000/7620MB (lfb 125x1MB) SWAP 1682/12002MB (cached 50MB) CPU [0%@1728,0%@1728,0%@1728,0%@1728,100%@1728,0%@1728] GR3D_FREQ 59% cpu@69.437C soc2@68.093C soc0@68.875C gpu@70.125C tj@70.468C soc1@69.656C VDD_IN 13269mW/13286mW VDD_CPU_GPU_CV 5680mW/5680mW VDD_SOC 3297mW/3298mW
08-04-2026 22:33:56 RAM 4000/7620MB (lfb 125x1MB) SWAP 1682/12002MB (cached 50MB) CPU [0%@1728,0%@1728,0%@1728,0%@1728,100%@1728,0%@1728] GR3D_FREQ 56% cpu@69.562C soc2@68.062C soc0@68.906C gpu@70.031C tj@70.031C soc1@69.5C VDD_IN 13269mW/13285mW VDD_CPU_GPU_CV 5680mW/5680mW VDD_SOC 3297mW/3298mW
08-04-2026 22:33:57 RAM 4000/7620MB (lfb 125x1MB) SWAP 1682/12002MB (cached 50MB) CPU [0%@1728,0%@1728,0%@1728,0%@1728,100%@1728,0%@1728] GR3D_FREQ 59% cpu@69.656C soc2@67.968C soc0@68.625C gpu@69.937C tj@69.937C soc1@69.406C VDD_IN 13269mW/13285mW VDD_CPU_GPU_CV 5680mW/5680mW VDD_SOC 3297mW/3298mW
08-04-2026 22:33:57 RAM 4000/7620MB (lfb 125x1MB) SWAP 1682/12002MB (cached 50MB) CPU [0%@1728,9%@1728,0%@1728,8%@1728,100%@1728,0%@1728] GR3D_FREQ 60% cpu@69.437C soc2@68.031C soc0@68.687C gpu@70.031C tj@70.031C soc1@69.5C VDD_IN 13269mW/13285mW VDD_CPU_GPU_CV 5680mW/5680mW VDD_SOC 3297mW/3298mW
08-04-2026 22:33:57 RAM 4000/7620MB (lfb 125x1MB) SWAP 1682/12002MB (cached 50MB) CPU [0%@1728,0%@1728,0%@1728,0%@1728,100%@1728,0%@1728] GR3D_FREQ 58% cpu@69.468C soc2@68.031C soc0@68.781C gpu@70C tj@70C soc1@69.593C VDD_IN 13290mW/13285mW VDD_CPU_GPU_CV 5680mW/5680mW VDD_SOC 3297mW/3298mW
08-04-2026 22:33:57 RAM 4001/7620MB (lfb 125x1MB) SWAP 1682/12002MB (cached 50MB) CPU [0%@1728,0%@1728,0%@1728,0%@1728,100%@1728,0%@1728] GR3D_FREQ 60% cpu@69.5C soc2@68.031C soc0@68.906C gpu@69.968C tj@69.968C soc1@69.593C VDD_IN 13269mW/13285mW VDD_CPU_GPU_CV 5680mW/5680mW VDD_SOC 3297mW/3298mW
08-04-2026 22:33:57 RAM 4001/7620MB (lfb 125x1MB) SWAP 1682/12002MB (cached 50MB) CPU [0%@1728,0%@1728,0%@1728,0%@1728,100%@1728,0%@1728] GR3D_FREQ 59% cpu@69.5C soc2@68.093C soc0@68.906C gpu@70.062C tj@70.062C soc1@69.5C VDD_IN 13290mW/13285mW VDD_CPU_GPU_CV 5680mW/5680mW VDD_SOC 3297mW/3298mW
08-04-2026 22:33:57 RAM 4001/7620MB (lfb 125x1MB) SWAP 1682/12002MB (cached 50MB) CPU [0%@1728,9%@1728,18%@1728,0%@1728,100%@1728,0%@1728] GR3D_FREQ 61% cpu@69.468C soc2@67.875C soc0@68.625C gpu@69.968C tj@69.968C soc1@69.5C VDD_IN 13310mW/13285mW VDD_CPU_GPU_CV 5680mW/5680mW VDD_SOC 3297mW/3298mW
08-04-2026 22:33:57 RAM 4001/7620MB (lfb 125x1MB) SWAP 1682/12002MB (cached 50MB) CPU [0%@1728,0%@1728,0%@1728,0%@1728,100%@1728,0%@1728] GR3D_FREQ 58% cpu@69.468C soc2@68.062C soc0@68.812C gpu@69.937C tj@69.937C soc1@69.593C VDD_IN 13310mW/13285mW VDD_CPU_GPU_CV 5680mW/5680mW VDD_SOC 3297mW/3298mW
08-04-2026 22:33:57 RAM 4001/7620MB (lfb 125x1MB) SWAP 1682/12002MB (cached 50MB) CPU [9%@1728,0%@1728,0%@1728,0%@1728,100%@1728,0%@1728] GR3D_FREQ 58% cpu@69.531C soc2@68C soc0@68.843C gpu@70.093C tj@70.093C soc1@69.625C VDD_IN 13331mW/13286mW VDD_CPU_GPU_CV 5721mW/5680mW VDD_SOC 3297mW/3298mW
08-04-2026 22:33:57 RAM 4001/7620MB (lfb 125x1MB) SWAP 1682/12002MB (cached 50MB) CPU [0%@1728,0%@1728,0%@1728,8%@1728,100%@1728,0%@1728] GR3D_FREQ 60% cpu@69.5C soc2@68.156C soc0@68.937C gpu@70C tj@70C soc1@69.437C VDD_IN 13331mW/13286mW VDD_CPU_GPU_CV 5721mW/5680mW VDD_SOC 3297mW/3298mW
08-04-2026 22:33:57 RAM 4001/7620MB (lfb 125x1MB) SWAP 1682/12002MB (cached 50MB) CPU [0%@1728,0%@1728,0%@1728,0%@1728,100%@1728,0%@1728] GR3D_FREQ 59% cpu@69.5C soc2@68C soc0@68.687C gpu@70.125C tj@70.125C soc1@69.406C VDD_IN 13310mW/13286mW VDD_CPU_GPU_CV 5680mW/5680mW VDD_SOC 3297mW/3298mW
08-04-2026 22:33:58 RAM 4001/7620MB (lfb 125x1MB) SWAP 1682/12002MB (cached 50MB) CPU [0%@1728,0%@1728,0%@1728,0%@1728,100%@1728,0%@1728] GR3D_FREQ 56% cpu@69.468C soc2@67.968C soc0@68.687C gpu@70.031C tj@70.031C soc1@69.562C VDD_IN 13290mW/13286mW VDD_CPU_GPU_CV 5680mW/5680mW VDD_SOC 3297mW/3298mW
08-04-2026 22:33:58 RAM 4001/7620MB (lfb 125x1MB) SWAP 1682/12002MB (cached 50MB) CPU [0%@1728,0%@1728,0%@1728,0%@1728,100%@1728,0%@1728] GR3D_FREQ 58% cpu@69.437C soc2@68.062C soc0@68.75C gpu@69.968C tj@69.968C soc1@69.593C VDD_IN 13290mW/13286mW VDD_CPU_GPU_CV 5680mW/5680mW VDD_SOC 3297mW/3298mW
08-04-2026 22:33:58 RAM 4001/7620MB (lfb 125x1MB) SWAP 1682/12002MB (cached 50MB) CPU [0%@1728,0%@1728,0%@1728,0%@1728,100%@1728,0%@1728] GR3D_FREQ 58% cpu@69.468C soc2@68C soc0@68.906C gpu@70.125C tj@70.125C soc1@69.625C VDD_IN 13290mW/13286mW VDD_CPU_GPU_CV 5680mW/5680mW VDD_SOC 3297mW/3298mW
08-04-2026 22:33:58 RAM 4001/7620MB (lfb 125x1MB) SWAP 1682/12002MB (cached 50MB) CPU [0%@1728,0%@1728,0%@1728,0%@1728,100%@1728,0%@1728] GR3D_FREQ 59% cpu@69.5C soc2@68.093C soc0@68.937C gpu@70.062C tj@70.062C soc1@69.468C VDD_IN 13269mW/13286mW VDD_CPU_GPU_CV 5680mW/5680mW VDD_SOC 3297mW/3298mW
08-04-2026 22:33:58 RAM 4001/7620MB (lfb 125x1MB) SWAP 1682/12002MB (cached 50MB) CPU [0%@1728,0%@1728,9%@1728,0%@1728,100%@1728,0%@1728] GR3D_FREQ 60% cpu@69.437C soc2@67.937C soc0@68.718C gpu@70.156C tj@69.968C soc1@69.531C VDD_IN 13310mW/13286mW VDD_CPU_GPU_CV 5680mW/5680mW VDD_SOC 3297mW/3298mW
08-04-2026 22:33:58 RAM 4001/7620MB (lfb 125x1MB) SWAP 1682/12002MB (cached 50MB) CPU [0%@1728,9%@1728,0%@1728,9%@1728,100%@1728,0%@1728] GR3D_FREQ 57% cpu@69.5C soc2@68.062C soc0@68.875C gpu@70.093C tj@70.093C soc1@69.562C VDD_IN 13310mW/13286mW VDD_CPU_GPU_CV 5680mW/5680mW VDD_SOC 3297mW/3298mW
08-04-2026 22:33:58 RAM 3994/7620MB (lfb 125x1MB) SWAP 1682/12002MB (cached 50MB) CPU [9%@1728,27%@1728,9%@1728,9%@1728,100%@1728,9%@1728] GR3D_FREQ 61% cpu@69.562C soc2@68.031C soc0@68.781C gpu@70.062C tj@70.062C soc1@69.718C VDD_IN 13391mW/13286mW VDD_CPU_GPU_CV 5721mW/5680mW VDD_SOC 3337mW/3298mW
08-04-2026 22:33:58 RAM 3994/7620MB (lfb 125x1MB) SWAP 1682/12002MB (cached 50MB) CPU [9%@1728,0%@1728,0%@1728,0%@1728,100%@1728,0%@1728] GR3D_FREQ 60% cpu@69.531C soc2@68.25C soc0@68.906C gpu@70.062C tj@70.062C soc1@69.375C VDD_IN 13350mW/13286mW VDD_CPU_GPU_CV 5721mW/5680mW VDD_SOC 3337mW/3298mW
08-04-2026 22:33:58 RAM 3994/7620MB (lfb 125x1MB) SWAP 1682/12002MB (cached 50MB) CPU [0%@1728,0%@1728,0%@1728,9%@1728,100%@1728,0%@1728] GR3D_FREQ 59% cpu@69.406C soc2@68.031C soc0@68.718C gpu@70.062C tj@70.062C soc1@69.531C VDD_IN 13310mW/13286mW VDD_CPU_GPU_CV 5721mW/5680mW VDD_SOC 3297mW/3298mW
08-04-2026 22:33:59 RAM 3994/7620MB (lfb 125x1MB) SWAP 1682/12002MB (cached 50MB) CPU [0%@1728,0%@1728,0%@1728,0%@1728,100%@1728,0%@1728] GR3D_FREQ 59% cpu@69.562C soc2@68C soc0@68.718C gpu@70.031C tj@70.031C soc1@69.562C VDD_IN 13331mW/13286mW VDD_CPU_GPU_CV 5721mW/5681mW VDD_SOC 3297mW/3298mW
08-04-2026 22:33:59 RAM 3994/7620MB (lfb 125x1MB) SWAP 1682/12002MB (cached 50MB) CPU [0%@1728,0%@1728,0%@1728,0%@1728,100%@1728,0%@1728] GR3D_FREQ 58% cpu@69.468C soc2@68C soc0@68.843C gpu@70.156C tj@70.156C soc1@69.656C VDD_IN 13331mW/13286mW VDD_CPU_GPU_CV 5680mW/5681mW VDD_SOC 3297mW/3298mW
08-04-2026 22:33:59 RAM 3994/7620MB (lfb 125x1MB) SWAP 1682/12002MB (cached 50MB) CPU [0%@1728,0%@1728,0%@1728,0%@1728,100%@1728,0%@1728] GR3D_FREQ 57% cpu@69.531C soc2@68.093C soc0@68.875C gpu@70.062C tj@70.062C soc1@69.781C VDD_IN 13331mW/13286mW VDD_CPU_GPU_CV 5680mW/5681mW VDD_SOC 3297mW/3298mW
08-04-2026 22:33:59 RAM 3994/7620MB (lfb 125x1MB) SWAP 1682/12002MB (cached 50MB) CPU [0%@1728,0%@1728,0%@1728,0%@1728,100%@1728,0%@1728] GR3D_FREQ 59% cpu@69.531C soc2@68.062C soc0@68.937C gpu@70.062C tj@70.062C soc1@69.562C VDD_IN 13310mW/13286mW VDD_CPU_GPU_CV 5680mW/5681mW VDD_SOC 3297mW/3298mW
08-04-2026 22:33:59 RAM 3994/7620MB (lfb 125x1MB) SWAP 1682/12002MB (cached 50MB) CPU [0%@1728,0%@1728,0%@1728,0%@1728,100%@1728,0%@1728] GR3D_FREQ 57% cpu@69.531C soc2@67.937C soc0@68.718C gpu@70.156C tj@70.156C soc1@69.593C VDD_IN 13310mW/13286mW VDD_CPU_GPU_CV 5680mW/5681mW VDD_SOC 3297mW/3298mW
08-04-2026 22:33:59 RAM 3994/7620MB (lfb 125x1MB) SWAP 1682/12002MB (cached 50MB) CPU [8%@1728,9%@1728,0%@1728,10%@1728,100%@1728,0%@1728] GR3D_FREQ 64% cpu@69.5C soc2@68.031C soc0@68.781C gpu@70.093C tj@70.093C soc1@69.562C VDD_IN 13310mW/13286mW VDD_CPU_GPU_CV 5680mW/5681mW VDD_SOC 3297mW/3298mW
08-04-2026 22:33:59 RAM 3994/7620MB (lfb 125x1MB) SWAP 1682/12002MB (cached 50MB) CPU [0%@1728,0%@1728,0%@1728,9%@1728,100%@1728,0%@1728] GR3D_FREQ 59% cpu@69.562C soc2@68.125C soc0@68.781C gpu@70.062C tj@70.062C soc1@69.656C VDD_IN 13310mW/13287mW VDD_CPU_GPU_CV 5680mW/5681mW VDD_SOC 3297mW/3298mW
08-04-2026 22:33:59 RAM 3994/7620MB (lfb 125x1MB) SWAP 1682/12002MB (cached 50MB) CPU [0%@1728,0%@1728,0%@1728,0%@1728,100%@1728,0%@1728] GR3D_FREQ 56% cpu@69.531C soc2@68.062C soc0@68.906C gpu@70.125C tj@70.125C soc1@69.656C VDD_IN 13310mW/13287mW VDD_CPU_GPU_CV 5680mW/5680mW VDD_SOC 3297mW/3298mW
08-04-2026 22:33:59 RAM 3994/7620MB (lfb 125x1MB) SWAP 1682/12002MB (cached 50MB) CPU [0%@1728,8%@1728,0%@1728,0%@1728,100%@1728,0%@1728] GR3D_FREQ 59% cpu@69.687C soc2@68.031C soc0@68.718C gpu@70.093C tj@70.093C soc1@69.468C VDD_IN 13310mW/13287mW VDD_CPU_GPU_CV 5680mW/5680mW VDD_SOC 3297mW/3298mW
08-04-2026 22:33:59 RAM 3994/7620MB (lfb 125x1MB) SWAP 1682/12002MB (cached 50MB) CPU [0%@1728,0%@1728,0%@1728,0%@1728,100%@1728,0%@1728] GR3D_FREQ 60% cpu@69.437C soc2@68C soc0@68.718C gpu@70.156C tj@70.156C soc1@69.625C VDD_IN 13310mW/13287mW VDD_CPU_GPU_CV 5680mW/5680mW VDD_SOC 3297mW/3298mW
08-04-2026 22:34:00 RAM 3994/7620MB (lfb 125x1MB) SWAP 1682/12002MB (cached 50MB) CPU [0%@1728,0%@1728,0%@1728,9%@1728,100%@1728,0%@1728] GR3D_FREQ 58% cpu@69.468C soc2@68.062C soc0@68.75C gpu@70.125C tj@70.125C soc1@69.593C VDD_IN 13310mW/13287mW VDD_CPU_GPU_CV 5680mW/5680mW VDD_SOC 3297mW/3298mW
08-04-2026 22:34:00 RAM 3994/7620MB (lfb 125x1MB) SWAP 1682/12002MB (cached 50MB) CPU [0%@1728,0%@1728,0%@1728,0%@1728,100%@1728,0%@1728] GR3D_FREQ 59% cpu@69.5C soc2@68.125C soc0@68.906C gpu@70.093C tj@70.093C soc1@69.687C VDD_IN 13310mW/13287mW VDD_CPU_GPU_CV 5680mW/5680mW VDD_SOC 3297mW/3298mW
08-04-2026 22:34:00 RAM 3994/7620MB (lfb 125x1MB) SWAP 1682/12002MB (cached 50MB) CPU [0%@1728,0%@1728,0%@1728,0%@1728,100%@1728,0%@1728] GR3D_FREQ 56% cpu@69.593C soc2@68.125C soc0@68.937C gpu@70.187C tj@70.187C soc1@69.5C VDD_IN 13269mW/13287mW VDD_CPU_GPU_CV 5680mW/5680mW VDD_SOC 3297mW/3298mW
08-04-2026 22:34:00 RAM 3994/7620MB (lfb 125x1MB) SWAP 1682/12002MB (cached 50MB) CPU [8%@1728,8%@1728,0%@1728,0%@1728,100%@1728,0%@1728] GR3D_FREQ 59% cpu@69.5C soc2@68C soc0@68.718C gpu@70.093C tj@70.093C soc1@69.593C VDD_IN 13290mW/13287mW VDD_CPU_GPU_CV 5680mW/5680mW VDD_SOC 3297mW/3298mW
08-04-2026 22:34:00 RAM 3994/7620MB (lfb 125x1MB) SWAP 1682/12002MB (cached 50MB) CPU [0%@1728,9%@1728,0%@1728,0%@1728,100%@1728,0%@1728] GR3D_FREQ 59% cpu@69.5C soc2@68.031C soc0@68.812C gpu@70.031C tj@70.031C soc1@69.656C VDD_IN 13310mW/13287mW VDD_CPU_GPU_CV 5680mW/5680mW VDD_SOC 3297mW/3298mW
08-04-2026 22:34:00 RAM 3994/7620MB (lfb 125x1MB) SWAP 1682/12002MB (cached 50MB) CPU [0%@1728,0%@1728,0%@1728,9%@1728,100%@1728,0%@1728] GR3D_FREQ 58% cpu@69.562C soc2@68.093C soc0@68.843C gpu@70.156C tj@70.156C soc1@69.718C VDD_IN 13310mW/13287mW VDD_CPU_GPU_CV 5680mW/5680mW VDD_SOC 3297mW/3298mW
08-04-2026 22:34:00 RAM 3994/7620MB (lfb 125x1MB) SWAP 1682/12002MB (cached 50MB) CPU [0%@1728,0%@1728,0%@1728,8%@1728,100%@1728,0%@1728] GR3D_FREQ 60% cpu@69.625C soc2@68.125C soc0@68.937C gpu@70.156C tj@70.156C soc1@69.718C VDD_IN 13331mW/13287mW VDD_CPU_GPU_CV 5680mW/5680mW VDD_SOC 3297mW/3298mW
08-04-2026 22:34:00 RAM 3994/7620MB (lfb 125x1MB) SWAP 1682/12002MB (cached 50MB) CPU [0%@1728,0%@1728,9%@1728,0%@1728,100%@1728,0%@1728] GR3D_FREQ 56% cpu@69.593C soc2@68C soc0@68.781C gpu@70.062C tj@70.062C soc1@69.593C VDD_IN 13331mW/13287mW VDD_CPU_GPU_CV 5680mW/5680mW VDD_SOC 3297mW/3298mW
08-04-2026 22:34:00 RAM 3994/7620MB (lfb 125x1MB) SWAP 1682/12002MB (cached 50MB) CPU [0%@1728,0%@1728,0%@1728,0%@1728,100%@1728,0%@1728] GR3D_FREQ 59% cpu@69.5C soc2@68.125C soc0@68.75C gpu@70.125C tj@70.125C soc1@69.562C VDD_IN 13290mW/13287mW VDD_CPU_GPU_CV 5680mW/5680mW VDD_SOC 3297mW/3298mW
08-04-2026 22:34:01 RAM 3994/7620MB (lfb 125x1MB) SWAP 1682/12002MB (cached 50MB) CPU [0%@1728,9%@1728,0%@1728,0%@1728,100%@1728,0%@1728] GR3D_FREQ 59% cpu@69.468C soc2@68.125C soc0@68.75C gpu@70.062C tj@70.062C soc1@69.562C VDD_IN 13290mW/13287mW VDD_CPU_GPU_CV 5680mW/5680mW VDD_SOC 3297mW/3298mW
08-04-2026 22:34:01 RAM 3994/7620MB (lfb 125x1MB) SWAP 1682/12002MB (cached 50MB) CPU [0%@1728,0%@1728,0%@1728,0%@1728,100%@1728,0%@1728] GR3D_FREQ 59% cpu@69.531C soc2@68.125C soc0@68.937C gpu@70.312C tj@70.312C soc1@69.687C VDD_IN 13290mW/13287mW VDD_CPU_GPU_CV 5680mW/5680mW VDD_SOC 3297mW/3298mW
08-04-2026 22:34:01 RAM 3994/7620MB (lfb 125x1MB) SWAP 1682/12002MB (cached 50MB) CPU [0%@1728,0%@1728,0%@1728,0%@1728,100%@1728,0%@1728] GR3D_FREQ 59% cpu@69.656C soc2@68.125C soc0@68.718C gpu@70.156C tj@70.156C soc1@69.5C VDD_IN 13290mW/13287mW VDD_CPU_GPU_CV 5680mW/5680mW VDD_SOC 3297mW/3298mW
08-04-2026 22:34:01 RAM 3994/7620MB (lfb 125x1MB) SWAP 1682/12002MB (cached 50MB) CPU [0%@1728,0%@1728,0%@1728,0%@1728,100%@1728,0%@1728] GR3D_FREQ 60% cpu@69.531C soc2@68.062C soc0@68.781C gpu@70.062C tj@70.062C soc1@69.468C VDD_IN 13290mW/13287mW VDD_CPU_GPU_CV 5680mW/5680mW VDD_SOC 3297mW/3298mW
08-04-2026 22:34:01 RAM 3994/7620MB (lfb 125x1MB) SWAP 1682/12002MB (cached 50MB) CPU [0%@1728,0%@1728,0%@1728,0%@1728,100%@1728,0%@1728] GR3D_FREQ 58% cpu@69.5C soc2@68.093C soc0@68.781C gpu@70.25C tj@70.25C soc1@69.625C VDD_IN 13290mW/13287mW VDD_CPU_GPU_CV 5680mW/5680mW VDD_SOC 3297mW/3298mW
08-04-2026 22:34:01 RAM 3994/7620MB (lfb 125x1MB) SWAP 1682/12002MB (cached 50MB) CPU [0%@1728,0%@1728,9%@1728,10%@1728,100%@1728,0%@1728] GR3D_FREQ 66% cpu@69.468C soc2@68.093C soc0@68.875C gpu@70.125C tj@70.125C soc1@69.687C VDD_IN 13331mW/13287mW VDD_CPU_GPU_CV 5680mW/5680mW VDD_SOC 3297mW/3298mW
08-04-2026 22:34:01 RAM 3994/7620MB (lfb 125x1MB) SWAP 1682/12002MB (cached 50MB) CPU [0%@1728,0%@1728,0%@1728,0%@1728,100%@1728,9%@1728] GR3D_FREQ 60% cpu@69.562C soc2@68.156C soc0@68.968C gpu@70.156C tj@70.156C soc1@69.75C VDD_IN 13331mW/13287mW VDD_CPU_GPU_CV 5680mW/5680mW VDD_SOC 3297mW/3298mW
08-04-2026 22:34:01 RAM 3994/7620MB (lfb 125x1MB) SWAP 1682/12002MB (cached 50MB) CPU [0%@1728,0%@1728,0%@1728,9%@1728,100%@1728,0%@1728] GR3D_FREQ 57% cpu@69.656C soc2@68C soc0@68.687C gpu@70.25C tj@70.25C soc1@69.531C VDD_IN 13331mW/13287mW VDD_CPU_GPU_CV 5680mW/5680mW VDD_SOC 3297mW/3298mW
08-04-2026 22:34:01 RAM 3994/7620MB (lfb 125x1MB) SWAP 1682/12002MB (cached 50MB) CPU [9%@1728,0%@1728,0%@1728,0%@1728,100%@1728,0%@1728] GR3D_FREQ 58% cpu@69.468C soc2@68.093C soc0@68.656C gpu@70.156C tj@70.156C soc1@69.593C VDD_IN 13310mW/13287mW VDD_CPU_GPU_CV 5680mW/5680mW VDD_SOC 3297mW/3298mW
08-04-2026 22:34:01 RAM 3999/7620MB (lfb 125x1MB) SWAP 1682/12002MB (cached 50MB) CPU [0%@1728,27%@1728,9%@1728,0%@1728,100%@1728,0%@1728] GR3D_FREQ 58% cpu@69.593C soc2@68.156C soc0@68.812C gpu@70.093C tj@70.093C soc1@69.562C VDD_IN 13350mW/13287mW VDD_CPU_GPU_CV 5721mW/5681mW VDD_SOC 3297mW/3298mW
08-04-2026 22:34:02 RAM 3999/7620MB (lfb 125x1MB) SWAP 1682/12002MB (cached 50MB) CPU [0%@1728,0%@1728,0%@1728,0%@1728,100%@1728,0%@1728] GR3D_FREQ 58% cpu@69.562C soc2@68.062C soc0@68.937C gpu@70.281C tj@70.281C soc1@69.718C VDD_IN 13350mW/13287mW VDD_CPU_GPU_CV 5721mW/5681mW VDD_SOC 3297mW/3298mW
08-04-2026 22:34:02 RAM 3999/7620MB (lfb 125x1MB) SWAP 1682/12002MB (cached 50MB) CPU [0%@1728,0%@1728,0%@1728,0%@1728,100%@1728,0%@1728] GR3D_FREQ 60% cpu@69.625C soc2@67.968C soc0@68.687C gpu@70.062C tj@70.062C soc1@69.531C VDD_IN 13310mW/13287mW VDD_CPU_GPU_CV 5721mW/5681mW VDD_SOC 3297mW/3298mW
08-04-2026 22:34:02 RAM 3999/7620MB (lfb 125x1MB) SWAP 1682/12002MB (cached 50MB) CPU [0%@1728,0%@1728,0%@1728,0%@1728,100%@1728,0%@1728] GR3D_FREQ 56% cpu@69.5C soc2@68.062C soc0@68.812C gpu@70.343C tj@70.062C soc1@69.5C VDD_IN 13310mW/13287mW VDD_CPU_GPU_CV 5680mW/5681mW VDD_SOC 3297mW/3298mW
08-04-2026 22:34:02 RAM 3999/7620MB (lfb 125x1MB) SWAP 1682/12002MB (cached 50MB) CPU [0%@1728,0%@1728,0%@1728,0%@1728,100%@1728,0%@1728] GR3D_FREQ 59% cpu@69.531C soc2@68.031C soc0@68.812C gpu@70.187C tj@70.187C soc1@69.687C VDD_IN 13310mW/13288mW VDD_CPU_GPU_CV 5680mW/5681mW VDD_SOC 3297mW/3298mW
08-04-2026 22:34:02 RAM 3999/7620MB (lfb 125x1MB) SWAP 1682/12002MB (cached 50MB) CPU [0%@1728,9%@1728,9%@1728,9%@1728,100%@1728,0%@1728] GR3D_FREQ 57% cpu@69.562C soc2@68.062C soc0@68.906C gpu@70.093C tj@70.093C soc1@69.656C VDD_IN 13310mW/13288mW VDD_CPU_GPU_CV 5680mW/5681mW VDD_SOC 3297mW/3298mW
08-04-2026 22:34:02 RAM 3999/7620MB (lfb 125x1MB) SWAP 1682/12002MB (cached 50MB) CPU [9%@1728,0%@1728,0%@1728,10%@1728,100%@1728,0%@1728] GR3D_FREQ 60% cpu@69.625C soc2@68.187C soc0@68.937C gpu@70.25C tj@70.25C soc1@69.718C VDD_IN 13310mW/13288mW VDD_CPU_GPU_CV 5680mW/5681mW VDD_SOC 3297mW/3298mW
08-04-2026 22:34:02 RAM 3999/7620MB (lfb 125x1MB) SWAP 1682/12002MB (cached 50MB) CPU [0%@1728,0%@1728,0%@1728,0%@1728,100%@1728,0%@1728] GR3D_FREQ 57% cpu@69.625C soc2@68.062C soc0@68.812C gpu@70.187C tj@70.187C soc1@69.593C VDD_IN 13310mW/13288mW VDD_CPU_GPU_CV 5680mW/5681mW VDD_SOC 3297mW/3298mW
08-04-2026 22:34:02 RAM 3999/7620MB (lfb 125x1MB) SWAP 1682/12002MB (cached 50MB) CPU [0%@1728,0%@1728,0%@1728,0%@1728,100%@1728,0%@1728] GR3D_FREQ 56% cpu@69.531C soc2@68C soc0@68.812C gpu@70.125C tj@70.125C soc1@69.593C VDD_IN 13310mW/13288mW VDD_CPU_GPU_CV 5680mW/5681mW VDD_SOC 3297mW/3298mW
08-04-2026 22:34:02 RAM 3999/7620MB (lfb 125x1MB) SWAP 1682/12002MB (cached 50MB) CPU [0%@1728,0%@1728,0%@1728,0%@1728,100%@1728,0%@1728] GR3D_FREQ 59% cpu@69.593C soc2@68.093C soc0@68.875C gpu@70.187C tj@70.187C soc1@69.625C VDD_IN 13310mW/13288mW VDD_CPU_GPU_CV 5680mW/5681mW VDD_SOC 3297mW/3298mW
08-04-2026 22:34:03 RAM 3999/7620MB (lfb 125x1MB) SWAP 1682/12002MB (cached 50MB) CPU [0%@1728,0%@1728,0%@1728,0%@1728,100%@1728,0%@1728] GR3D_FREQ 56% cpu@69.593C soc2@68.25C soc0@69C gpu@70.093C tj@70.093C soc1@69.75C VDD_IN 13310mW/13288mW VDD_CPU_GPU_CV 5680mW/5681mW VDD_SOC 3297mW/3298mW
08-04-2026 22:34:03 RAM 3999/7620MB (lfb 125x1MB) SWAP 1682/12002MB (cached 50MB) CPU [0%@1728,0%@1728,0%@1728,0%@1728,100%@1728,0%@1728] GR3D_FREQ 56% cpu@69.625C soc2@68.156C soc0@68.718C gpu@70.125C tj@70.125C soc1@69.5C VDD_IN 13269mW/13288mW VDD_CPU_GPU_CV 5680mW/5681mW VDD_SOC 3297mW/3298mW
08-04-2026 22:34:03 RAM 3999/7620MB (lfb 125x1MB) SWAP 1682/12002MB (cached 50MB) CPU [0%@1728,0%@1728,0%@1728,0%@1728,100%@1728,0%@1728] GR3D_FREQ 59% cpu@69.343C soc2@68.125C soc0@68.843C gpu@70.187C tj@70.187C soc1@69.593C VDD_IN 13290mW/13288mW VDD_CPU_GPU_CV 5680mW/5681mW VDD_SOC 3297mW/3298mW
08-04-2026 22:34:03 RAM 3999/7620MB (lfb 125x1MB) SWAP 1682/12002MB (cached 50MB) CPU [0%@1728,0%@1728,0%@1728,0%@1728,100%@1728,0%@1728] GR3D_FREQ 56% cpu@69.437C soc2@68.062C soc0@68.75C gpu@70.156C tj@70.156C soc1@69.593C VDD_IN 13290mW/13288mW VDD_CPU_GPU_CV 5680mW/5681mW VDD_SOC 3297mW/3298mW
08-04-2026 22:34:03 RAM 3999/7620MB (lfb 125x1MB) SWAP 1682/12002MB (cached 50MB) CPU [0%@1728,0%@1728,0%@1728,0%@1728,100%@1728,0%@1728] GR3D_FREQ 60% cpu@69.5C soc2@68.187C soc0@68.75C gpu@70.281C tj@70.281C soc1@69.656C VDD_IN 13269mW/13288mW VDD_CPU_GPU_CV 5680mW/5681mW VDD_SOC 3297mW/3298mW
08-04-2026 22:34:03 RAM 3999/7620MB (lfb 125x1MB) SWAP 1682/12002MB (cached 50MB) CPU [0%@1728,9%@1728,8%@1728,0%@1728,100%@1728,0%@1728] GR3D_FREQ 67% cpu@69.593C soc2@68.093C soc0@68.718C gpu@70.25C tj@70.25C soc1@69.531C VDD_IN 13310mW/13288mW VDD_CPU_GPU_CV 5680mW/5681mW VDD_SOC 3297mW/3298mW
08-04-2026 22:34:03 RAM 3999/7620MB (lfb 125x1MB) SWAP 1682/12002MB (cached 50MB) CPU [0%@1728,0%@1728,0%@1728,9%@1728,100%@1728,0%@1728] GR3D_FREQ 59% cpu@69.656C soc2@68C soc0@68.75C gpu@70.187C tj@70.187C soc1@69.562C VDD_IN 13310mW/13288mW VDD_CPU_GPU_CV 5680mW/5681mW VDD_SOC 3297mW/3298mW
08-04-2026 22:34:03 RAM 3999/7620MB (lfb 125x1MB) SWAP 1682/12002MB (cached 50MB) CPU [0%@1728,0%@1728,0%@1728,9%@1728,100%@1728,0%@1728] GR3D_FREQ 58% cpu@69.5C soc2@68.062C soc0@68.843C gpu@70.312C tj@70.312C soc1@69.531C VDD_IN 13310mW/13288mW VDD_CPU_GPU_CV 5680mW/5681mW VDD_SOC 3297mW/3298mW
08-04-2026 22:34:03 RAM 3999/7620MB (lfb 125x1MB) SWAP 1682/12002MB (cached 50MB) CPU [0%@1728,0%@1728,0%@1728,0%@1728,100%@1728,0%@1728] GR3D_FREQ 55% cpu@69.625C soc2@68.093C soc0@68.812C gpu@70.25C tj@70.25C soc1@69.593C VDD_IN 13310mW/13288mW VDD_CPU_GPU_CV 5680mW/5681mW VDD_SOC 3297mW/3298mW
08-04-2026 22:34:03 RAM 3999/7620MB (lfb 125x1MB) SWAP 1682/12002MB (cached 50MB) CPU [9%@1728,0%@1728,0%@1728,0%@1728,100%@1728,0%@1728] GR3D_FREQ 57% cpu@69.625C soc2@68.093C soc0@68.968C gpu@70.093C tj@70.093C soc1@69.875C VDD_IN 13269mW/13288mW VDD_CPU_GPU_CV 5680mW/5681mW VDD_SOC 3297mW/3298mW
08-04-2026 22:34:04 RAM 3999/7620MB (lfb 125x1MB) SWAP 1682/12002MB (cached 50MB) CPU [0%@1728,0%@1728,0%@1728,0%@1728,100%@1728,0%@1728] GR3D_FREQ 60% cpu@69.593C soc2@67.968C soc0@68.718C gpu@70.218C tj@70.218C soc1@69.593C VDD_IN 13269mW/13288mW VDD_CPU_GPU_CV 5680mW/5681mW VDD_SOC 3297mW/3298mW
08-04-2026 22:34:04 RAM 3999/7620MB (lfb 125x1MB) SWAP 1682/12002MB (cached 50MB) CPU [0%@1728,9%@1728,0%@1728,0%@1728,100%@1728,0%@1728] GR3D_FREQ 59% cpu@69.468C soc2@68C soc0@68.75C gpu@70.218C tj@70.218C soc1@69.593C VDD_IN 13269mW/13288mW VDD_CPU_GPU_CV 5680mW/5681mW VDD_SOC 3297mW/3298mW
08-04-2026 22:34:04 RAM 3999/7620MB (lfb 125x1MB) SWAP 1682/12002MB (cached 50MB) CPU [0%@1728,0%@1728,0%@1728,0%@1728,100%@1728,0%@1728] GR3D_FREQ 57% cpu@69.562C soc2@68.156C soc0@68.75C gpu@70.093C tj@70.093C soc1@69.625C VDD_IN 13290mW/13288mW VDD_CPU_GPU_CV 5680mW/5681mW VDD_SOC 3297mW/3298mW
08-04-2026 22:34:04 RAM 3999/7620MB (lfb 125x1MB) SWAP 1682/12002MB (cached 50MB) CPU [0%@1728,0%@1728,0%@1728,0%@1728,100%@1728,0%@1728] GR3D_FREQ 58% cpu@69.531C soc2@68.156C soc0@68.906C gpu@70.25C tj@70.25C soc1@69.812C VDD_IN 13269mW/13288mW VDD_CPU_GPU_CV 5680mW/5681mW VDD_SOC 3297mW/3298mW
08-04-2026 22:34:04 RAM 3999/7620MB (lfb 125x1MB) SWAP 1682/12002MB (cached 50MB) CPU [0%@1728,0%@1728,0%@1728,0%@1728,100%@1728,0%@1728] GR3D_FREQ 59% cpu@69.656C soc2@68.187C soc0@68.781C gpu@70.218C tj@70.218C soc1@69.468C VDD_IN 13269mW/13288mW VDD_CPU_GPU_CV 5680mW/5681mW VDD_SOC 3297mW/3298mW
08-04-2026 22:34:04 RAM 3999/7620MB (lfb 125x1MB) SWAP 1682/12002MB (cached 50MB) CPU [8%@1728,9%@1728,0%@1728,10%@1728,100%@1728,0%@1728] GR3D_FREQ 57% cpu@69.687C soc2@68C soc0@68.75C gpu@70.156C tj@70.156C soc1@69.593C VDD_IN 13310mW/13288mW VDD_CPU_GPU_CV 5680mW/5681mW VDD_SOC 3297mW/3298mW
08-04-2026 22:34:04 RAM 3999/7620MB (lfb 125x1MB) SWAP 1682/12002MB (cached 50MB) CPU [9%@1728,0%@1728,0%@1728,0%@1728,100%@1728,0%@1728] GR3D_FREQ 59% cpu@69.468C soc2@68.062C soc0@68.75C gpu@70.406C tj@70.406C soc1@69.593C VDD_IN 13331mW/13288mW VDD_CPU_GPU_CV 5680mW/5681mW VDD_SOC 3297mW/3298mW
08-04-2026 22:34:04 RAM 3999/7620MB (lfb 125x1MB) SWAP 1682/12002MB (cached 50MB) CPU [0%@1728,9%@1728,0%@1728,0%@1728,100%@1728,0%@1728] GR3D_FREQ 58% cpu@69.531C soc2@68.062C soc0@68.812C gpu@70.187C tj@70.187C soc1@69.687C VDD_IN 13310mW/13288mW VDD_CPU_GPU_CV 5680mW/5681mW VDD_SOC 3297mW/3298mW
08-04-2026 22:34:04 RAM 3999/7620MB (lfb 125x1MB) SWAP 1682/12002MB (cached 50MB) CPU [0%@1728,0%@1728,9%@1728,0%@1728,100%@1728,0%@1728] GR3D_FREQ 58% cpu@69.625C soc2@68.093C soc0@69.031C gpu@70.406C tj@70.406C soc1@69.75C VDD_IN 13331mW/13288mW VDD_CPU_GPU_CV 5680mW/5681mW VDD_SOC 3297mW/3298mW
08-04-2026 22:34:05 RAM 3999/7620MB (lfb 125x1MB) SWAP 1682/12002MB (cached 50MB) CPU [0%@1728,0%@1728,0%@1728,0%@1728,100%@1728,0%@1728] GR3D_FREQ 56% cpu@69.625C soc2@68.062C soc0@68.812C gpu@70.281C tj@70.281C soc1@69.562C VDD_IN 13290mW/13288mW VDD_CPU_GPU_CV 5680mW/5681mW VDD_SOC 3297mW/3298mW
08-04-2026 22:34:05 RAM 3999/7620MB (lfb 125x1MB) SWAP 1682/12002MB (cached 50MB) CPU [0%@1728,0%@1728,0%@1728,9%@1728,100%@1728,0%@1728] GR3D_FREQ 58% cpu@69.5C soc2@68.031C soc0@68.75C gpu@70.156C tj@70.156C soc1@69.593C VDD_IN 13290mW/13288mW VDD_CPU_GPU_CV 5680mW/5681mW VDD_SOC 3297mW/3298mW
08-04-2026 22:34:05 RAM 4000/7620MB (lfb 125x1MB) SWAP 1682/12002MB (cached 50MB) CPU [0%@1728,27%@1728,0%@1728,9%@1728,100%@1728,0%@1728] GR3D_FREQ 60% cpu@69.562C soc2@68.031C soc0@68.718C gpu@70.375C tj@70.375C soc1@69.593C VDD_IN 13350mW/13288mW VDD_CPU_GPU_CV 5721mW/5681mW VDD_SOC 3297mW/3298mW
08-04-2026 22:34:05 RAM 3999/7620MB (lfb 125x1MB) SWAP 1682/12002MB (cached 50MB) CPU [0%@1728,0%@1728,9%@1728,0%@1728,100%@1728,0%@1728] GR3D_FREQ 57% cpu@69.625C soc2@68.187C soc0@68.812C gpu@70.218C tj@70.218C soc1@69.812C VDD_IN 13350mW/13288mW VDD_CPU_GPU_CV 5721mW/5681mW VDD_SOC 3297mW/3298mW
08-04-2026 22:34:05 RAM 3999/7620MB (lfb 125x1MB) SWAP 1682/12002MB (cached 50MB) CPU [0%@1728,0%@1728,0%@1728,0%@1728,100%@1728,0%@1728] GR3D_FREQ 57% cpu@69.593C soc2@68.218C soc0@68.718C gpu@70.125C tj@70.125C soc1@69.531C VDD_IN 13310mW/13288mW VDD_CPU_GPU_CV 5721mW/5681mW VDD_SOC 3297mW/3298mW
08-04-2026 22:34:05 RAM 3999/7620MB (lfb 125x1MB) SWAP 1682/12002MB (cached 50MB) CPU [8%@1728,9%@1728,8%@1728,10%@1728,100%@1728,0%@1728] GR3D_FREQ 69% cpu@69.75C soc2@68.062C soc0@68.843C gpu@70.375C tj@70.375C soc1@69.562C VDD_IN 13350mW/13288mW VDD_CPU_GPU_CV 5721mW/5681mW VDD_SOC 3297mW/3298mW
08-04-2026 22:34:05 RAM 3999/7620MB (lfb 125x1MB) SWAP 1682/12002MB (cached 50MB) CPU [0%@1728,0%@1728,0%@1728,0%@1728,100%@1728,0%@1728] GR3D_FREQ 58% cpu@69.625C soc2@68.156C soc0@68.781C gpu@70.25C tj@70.25C soc1@69.656C VDD_IN 13310mW/13288mW VDD_CPU_GPU_CV 5721mW/5681mW VDD_SOC 3297mW/3298mW
08-04-2026 22:34:05 RAM 3999/7620MB (lfb 125x1MB) SWAP 1682/12002MB (cached 50MB) CPU [0%@1728,0%@1728,0%@1728,0%@1728,100%@1728,0%@1728] GR3D_FREQ 60% cpu@69.625C soc2@68.25C soc0@68.937C gpu@70.125C tj@70.125C soc1@69.75C VDD_IN 13350mW/13288mW VDD_CPU_GPU_CV 5721mW/5681mW VDD_SOC 3297mW/3298mW
08-04-2026 22:34:05 RAM 3999/7620MB (lfb 125x1MB) SWAP 1682/12002MB (cached 50MB) CPU [0%@1728,0%@1728,0%@1728,0%@1728,100%@1728,0%@1728] GR3D_FREQ 55% cpu@69.625C soc2@68.218C soc0@68.75C gpu@70.343C tj@70.343C soc1@69.531C VDD_IN 13310mW/13288mW VDD_CPU_GPU_CV 5721mW/5681mW VDD_SOC 3297mW/3298mW
08-04-2026 22:34:05 RAM 3999/7620MB (lfb 125x1MB) SWAP 1682/12002MB (cached 50MB) CPU [0%@1728,16%@1728,0%@1728,0%@1728,100%@1728,0%@1728] GR3D_FREQ 58% cpu@69.625C soc2@68.093C soc0@68.718C gpu@70.187C tj@70.187C soc1@69.593C VDD_IN 13310mW/13288mW VDD_CPU_GPU_CV 5680mW/5681mW VDD_SOC 3297mW/3298mW
08-04-2026 22:34:06 RAM 3999/7620MB (lfb 125x1MB) SWAP 1682/12002MB (cached 50MB) CPU [0%@1728,0%@1728,9%@1728,0%@1728,100%@1728,0%@1728] GR3D_FREQ 59% cpu@69.562C soc2@68C soc0@68.781C gpu@70.093C tj@70.093C soc1@69.593C VDD_IN 13310mW/13288mW VDD_CPU_GPU_CV 5680mW/5681mW VDD_SOC 3297mW/3298mW
08-04-2026 22:34:06 RAM 3999/7620MB (lfb 125x1MB) SWAP 1682/12002MB (cached 50MB) CPU [0%@1728,0%@1728,0%@1728,0%@1728,100%@1728,0%@1728] GR3D_FREQ 59% cpu@69.625C soc2@68.093C soc0@68.812C gpu@70.343C tj@70.343C soc1@69.656C VDD_IN 13290mW/13288mW VDD_CPU_GPU_CV 5680mW/5681mW VDD_SOC 3297mW/3298mW
08-04-2026 22:34:06 RAM 3999/7620MB (lfb 125x1MB) SWAP 1682/12002MB (cached 50MB) CPU [0%@1728,8%@1728,54%@1728,0%@1728,100%@1728,0%@1728] GR3D_FREQ 58% cpu@69.781C soc2@68.125C soc0@68.843C gpu@70.218C tj@70.218C soc1@69.781C VDD_IN 13391mW/13289mW VDD_CPU_GPU_CV 5721mW/5681mW VDD_SOC 3337mW/3298mW
08-04-2026 22:34:06 RAM 3999/7620MB (lfb 125x1MB) SWAP 1682/12002MB (cached 50MB) CPU [9%@1728,0%@1728,0%@1728,0%@1728,100%@1728,0%@1728] GR3D_FREQ 57% cpu@69.656C soc2@68.218C soc0@68.75C gpu@70.156C tj@70.156C soc1@69.593C VDD_IN 13371mW/13289mW VDD_CPU_GPU_CV 5721mW/5681mW VDD_SOC 3337mW/3298mW
08-04-2026 22:34:06 RAM 3999/7620MB (lfb 125x1MB) SWAP 1682/12002MB (cached 50MB) CPU [0%@1728,0%@1728,0%@1728,0%@1728,100%@1728,0%@1728] GR3D_FREQ 57% cpu@69.437C soc2@68.093C soc0@68.843C gpu@70.281C tj@70.281C soc1@69.531C VDD_IN 13310mW/13289mW VDD_CPU_GPU_CV 5721mW/5681mW VDD_SOC 3297mW/3298mW
08-04-2026 22:34:06 RAM 3999/7620MB (lfb 125x1MB) SWAP 1682/12002MB (cached 50MB) CPU [0%@1728,0%@1728,10%@1728,0%@1728,100%@1728,8%@1728] GR3D_FREQ 59% cpu@69.562C soc2@68.093C soc0@68.843C gpu@70.281C tj@70.281C soc1@69.593C VDD_IN 13350mW/13289mW VDD_CPU_GPU_CV 5721mW/5681mW VDD_SOC 3297mW/3298mW
08-04-2026 22:34:06 RAM 3999/7620MB (lfb 125x1MB) SWAP 1682/12002MB (cached 50MB) CPU [0%@1728,0%@1728,8%@1728,0%@1728,100%@1728,0%@1728] GR3D_FREQ 58% cpu@69.625C soc2@68.093C soc0@68.906C gpu@70.125C tj@70.125C soc1@69.718C VDD_IN 13350mW/13289mW VDD_CPU_GPU_CV 5721mW/5681mW VDD_SOC 3297mW/3298mW
08-04-2026 22:34:06 RAM 3999/7620MB (lfb 125x1MB) SWAP 1682/12002MB (cached 50MB) CPU [0%@1728,9%@1728,0%@1728,0%@1728,100%@1728,0%@1728] GR3D_FREQ 60% cpu@69.656C soc2@68.156C soc0@68.718C gpu@70.218C tj@70.218C soc1@69.562C VDD_IN 13350mW/13289mW VDD_CPU_GPU_CV 5721mW/5681mW VDD_SOC 3297mW/3298mW
08-04-2026 22:34:06 RAM 3999/7620MB (lfb 125x1MB) SWAP 1682/12002MB (cached 50MB) CPU [0%@1728,0%@1728,0%@1728,0%@1728,100%@1728,0%@1728] GR3D_FREQ 60% cpu@69.687C soc2@68.031C soc0@68.781C gpu@70.187C tj@70.187C soc1@69.531C VDD_IN 13310mW/13289mW VDD_CPU_GPU_CV 5721mW/5682mW VDD_SOC 3297mW/3298mW
08-04-2026 22:34:07 RAM 3999/7620MB (lfb 125x1MB) SWAP 1682/12002MB (cached 50MB) CPU [0%@1728,0%@1728,0%@1728,0%@1728,100%@1728,0%@1728] GR3D_FREQ 57% cpu@69.562C soc2@68.031C soc0@68.75C gpu@70.437C tj@70.437C soc1@69.687C VDD_IN 13310mW/13289mW VDD_CPU_GPU_CV 5680mW/5682mW VDD_SOC 3297mW/3298mW
08-04-2026 22:34:07 RAM 3999/7620MB (lfb 125x1MB) SWAP 1682/12002MB (cached 50MB) CPU [0%@1728,0%@1728,0%@1728,8%@1728,100%@1728,0%@1728] GR3D_FREQ 58% cpu@69.593C soc2@68.125C soc0@68.812C gpu@70.25C tj@70.25C soc1@69.593C VDD_IN 13331mW/13289mW VDD_CPU_GPU_CV 5680mW/5682mW VDD_SOC 3297mW/3298mW
08-04-2026 22:34:07 RAM 3999/7620MB (lfb 125x1MB) SWAP 1682/12002MB (cached 50MB) CPU [0%@1728,0%@1728,0%@1728,0%@1728,100%@1728,0%@1728] GR3D_FREQ 59% cpu@69.656C soc2@68.25C soc0@68.875C gpu@70.156C tj@70.156C soc1@69.812C VDD_IN 13331mW/13289mW VDD_CPU_GPU_CV 5680mW/5682mW VDD_SOC 3297mW/3298mW
08-04-2026 22:34:07 RAM 3999/7620MB (lfb 125x1MB) SWAP 1682/12002MB (cached 50MB) CPU [0%@1728,0%@1728,0%@1728,0%@1728,100%@1728,0%@1728] GR3D_FREQ 57% cpu@69.718C soc2@68.093C soc0@68.781C gpu@70.406C tj@70.406C soc1@69.531C VDD_IN 13310mW/13289mW VDD_CPU_GPU_CV 5680mW/5682mW VDD_SOC 3297mW/3298mW
08-04-2026 22:34:07 RAM 3999/7620MB (lfb 125x1MB) SWAP 1682/12002MB (cached 50MB) CPU [0%@1728,0%@1728,0%@1728,0%@1728,100%@1728,0%@1728] GR3D_FREQ 57% cpu@69.718C soc2@68.093C soc0@68.781C gpu@70.218C tj@70.218C soc1@69.5C VDD_IN 13310mW/13289mW VDD_CPU_GPU_CV 5680mW/5682mW VDD_SOC 3297mW/3298mW
08-04-2026 22:34:07 RAM 3999/7620MB (lfb 125x1MB) SWAP 1682/12002MB (cached 50MB) CPU [0%@1728,9%@1728,18%@1728,0%@1728,100%@1728,0%@1728] GR3D_FREQ 67% cpu@69.625C soc2@68.093C soc0@68.843C gpu@70.156C tj@70.156C soc1@69.593C VDD_IN 13350mW/13289mW VDD_CPU_GPU_CV 5721mW/5682mW VDD_SOC 3297mW/3298mW
08-04-2026 22:34:07 RAM 3999/7620MB (lfb 125x1MB) SWAP 1682/12002MB (cached 50MB) CPU [0%@1728,9%@1728,0%@1728,9%@1728,100%@1728,0%@1728] GR3D_FREQ 59% cpu@69.718C soc2@68.125C soc0@68.906C gpu@70.468C tj@70.468C soc1@69.75C VDD_IN 13310mW/13289mW VDD_CPU_GPU_CV 5721mW/5682mW VDD_SOC 3297mW/3298mW
08-04-2026 22:34:07 RAM 3999/7620MB (lfb 125x1MB) SWAP 1682/12002MB (cached 50MB) CPU [0%@1728,0%@1728,0%@1728,0%@1728,100%@1728,0%@1728] GR3D_FREQ 58% cpu@69.625C soc2@68.218C soc0@68.718C gpu@70.25C tj@70.25C soc1@69.531C VDD_IN 13310mW/13289mW VDD_CPU_GPU_CV 5721mW/5682mW VDD_SOC 3297mW/3298mW
08-04-2026 22:34:07 RAM 3999/7620MB (lfb 125x1MB) SWAP 1682/12002MB (cached 50MB) CPU [0%@1728,0%@1728,0%@1728,0%@1728,100%@1728,0%@1728] GR3D_FREQ 58% cpu@69.625C soc2@68.125C soc0@68.75C gpu@70.125C tj@70.125C soc1@69.593C VDD_IN 13310mW/13289mW VDD_CPU_GPU_CV 5680mW/5682mW VDD_SOC 3297mW/3298mW
08-04-2026 22:34:07 RAM 3999/7620MB (lfb 125x1MB) SWAP 1682/12002MB (cached 50MB) CPU [0%@1728,0%@1728,0%@1728,0%@1728,100%@1728,0%@1728] GR3D_FREQ 57% cpu@69.531C soc2@68.093C soc0@68.875C gpu@70.312C tj@70.312C soc1@69.593C VDD_IN 13290mW/13289mW VDD_CPU_GPU_CV 5680mW/5682mW VDD_SOC 3297mW/3298mW
08-04-2026 22:34:08 RAM 3999/7620MB (lfb 125x1MB) SWAP 1682/12002MB (cached 50MB) CPU [0%@1728,0%@1728,0%@1728,0%@1728,100%@1728,0%@1728] GR3D_FREQ 59% cpu@69.625C soc2@68.093C soc0@68.906C gpu@70.218C tj@70.218C soc1@69.687C VDD_IN 13290mW/13289mW VDD_CPU_GPU_CV 5680mW/5682mW VDD_SOC 3297mW/3298mW
08-04-2026 22:34:08 RAM 3999/7620MB (lfb 125x1MB) SWAP 1682/12002MB (cached 50MB) CPU [0%@1728,0%@1728,0%@1728,0%@1728,100%@1728,0%@1728] GR3D_FREQ 58% cpu@69.562C soc2@68.156C soc0@68.968C gpu@70.468C tj@70.468C soc1@69.843C VDD_IN 13290mW/13289mW VDD_CPU_GPU_CV 5680mW/5682mW VDD_SOC 3297mW/3298mW
08-04-2026 22:34:08 RAM 3999/7620MB (lfb 125x1MB) SWAP 1682/12002MB (cached 50MB) CPU [0%@1728,0%@1728,0%@1728,0%@1728,100%@1728,0%@1728] GR3D_FREQ 58% cpu@69.718C soc2@68.125C soc0@68.718C gpu@70.343C tj@70.343C soc1@69.531C VDD_IN 13269mW/13289mW VDD_CPU_GPU_CV 5680mW/5682mW VDD_SOC 3297mW/3298mW
08-04-2026 22:34:08 RAM 3999/7620MB (lfb 125x1MB) SWAP 1682/12002MB (cached 50MB) CPU [0%@1728,0%@1728,0%@1728,0%@1728,100%@1728,0%@1728] GR3D_FREQ 59% cpu@69.625C soc2@68C soc0@68.812C gpu@70.218C tj@70.218C soc1@69.656C VDD_IN 13269mW/13289mW VDD_CPU_GPU_CV 5640mW/5682mW VDD_SOC 3297mW/3298mW
08-04-2026 22:34:08 RAM 4002/7620MB (lfb 125x1MB) SWAP 1682/12002MB (cached 50MB) CPU [0%@1728,25%@1728,10%@1728,9%@1728,100%@1728,9%@1728] GR3D_FREQ 59% cpu@69.687C soc2@68.187C soc0@68.781C gpu@70.468C tj@70.468C soc1@69.656C VDD_IN 13310mW/13289mW VDD_CPU_GPU_CV 5721mW/5682mW VDD_SOC 3297mW/3298mW
08-04-2026 22:34:08 RAM 4002/7620MB (lfb 125x1MB) SWAP 1682/12002MB (cached 50MB) CPU [9%@1728,0%@1728,16%@1728,0%@1728,100%@1728,0%@1728] GR3D_FREQ 59% cpu@69.625C soc2@68.093C soc0@68.875C gpu@70.281C tj@70.281C soc1@69.75C VDD_IN 13350mW/13290mW VDD_CPU_GPU_CV 5721mW/5682mW VDD_SOC 3297mW/3298mW
08-04-2026 22:34:08 RAM 4002/7620MB (lfb 125x1MB) SWAP 1682/12002MB (cached 50MB) CPU [0%@1728,0%@1728,0%@1728,0%@1728,100%@1728,0%@1728] GR3D_FREQ 59% cpu@69.687C soc2@68.218C soc0@68.718C gpu@70.125C tj@70.125C soc1@69.593C VDD_IN 13350mW/13290mW VDD_CPU_GPU_CV 5721mW/5682mW VDD_SOC 3297mW/3298mW
08-04-2026 22:34:08 RAM 4002/7620MB (lfb 125x1MB) SWAP 1682/12002MB (cached 50MB) CPU [0%@1728,0%@1728,0%@1728,0%@1728,100%@1728,0%@1728] GR3D_FREQ 60% cpu@69.718C soc2@68.156C soc0@68.812C gpu@70.406C tj@70.406C soc1@69.593C VDD_IN 13350mW/13290mW VDD_CPU_GPU_CV 5721mW/5682mW VDD_SOC 3297mW/3298mW
08-04-2026 22:34:08 RAM 4002/7620MB (lfb 125x1MB) SWAP 1682/12002MB (cached 50MB) CPU [8%@1728,0%@1728,0%@1728,0%@1728,100%@1728,0%@1728] GR3D_FREQ 58% cpu@69.593C soc2@68.031C soc0@68.843C gpu@70.312C tj@70.312C soc1@69.687C VDD_IN 13310mW/13290mW VDD_CPU_GPU_CV 5721mW/5682mW VDD_SOC 3297mW/3298mW
08-04-2026 22:34:09 RAM 4002/7620MB (lfb 125x1MB) SWAP 1682/12002MB (cached 50MB) CPU [0%@1728,0%@1728,0%@1728,0%@1728,100%@1728,0%@1728] GR3D_FREQ 57% cpu@69.625C soc2@68.125C soc0@68.875C gpu@70.25C tj@70.25C soc1@69.75C VDD_IN 13310mW/13290mW VDD_CPU_GPU_CV 5721mW/5682mW VDD_SOC 3297mW/3298mW
08-04-2026 22:34:09 RAM 4002/7620MB (lfb 125x1MB) SWAP 1682/12002MB (cached 50MB) CPU [0%@1728,0%@1728,0%@1728,0%@1728,100%@1728,0%@1728] GR3D_FREQ 60% cpu@69.656C soc2@68.156C soc0@68.968C gpu@70.343C tj@70.343C soc1@69.593C VDD_IN 13310mW/13290mW VDD_CPU_GPU_CV 5680mW/5682mW VDD_SOC 3297mW/3298mW
08-04-2026 22:34:09 RAM 4002/7620MB (lfb 125x1MB) SWAP 1682/12002MB (cached 50MB) CPU [0%@1728,0%@1728,0%@1728,0%@1728,100%@1728,0%@1728] GR3D_FREQ 57% cpu@69.656C soc2@68.125C soc0@68.875C gpu@70.281C tj@70.281C soc1@69.593C VDD_IN 13269mW/13290mW VDD_CPU_GPU_CV 5680mW/5682mW VDD_SOC 3297mW/3298mW
08-04-2026 22:34:09 RAM 4002/7620MB (lfb 125x1MB) SWAP 1682/12002MB (cached 50MB) CPU [0%@1728,0%@1728,0%@1728,0%@1728,100%@1728,0%@1728] GR3D_FREQ 58% cpu@69.687C soc2@68.031C soc0@68.812C gpu@70.531C tj@70.531C soc1@69.625C VDD_IN 13290mW/13290mW VDD_CPU_GPU_CV 5680mW/5682mW VDD_SOC 3297mW/3298mW
08-04-2026 22:34:09 RAM 4001/7620MB (lfb 123x1MB) SWAP 1682/12002MB (cached 50MB) CPU [0%@1728,0%@1728,0%@1728,10%@1728,100%@1728,0%@1728] GR3D_FREQ 60% cpu@69.562C soc2@68.281C soc0@68.875C gpu@70.375C tj@70.375C soc1@69.75C VDD_IN 13331mW/13290mW VDD_CPU_GPU_CV 5680mW/5682mW VDD_SOC 3297mW/3298mW
08-04-2026 22:34:09 RAM 4001/7620MB (lfb 123x1MB) SWAP 1682/12002MB (cached 50MB) CPU [0%@1728,8%@1728,0%@1728,9%@1728,100%@1728,0%@1728] GR3D_FREQ 61% cpu@69.718C soc2@68.25C soc0@68.937C gpu@70.218C tj@70.218C soc1@69.843C VDD_IN 13331mW/13290mW VDD_CPU_GPU_CV 5721mW/5682mW VDD_SOC 3297mW/3298mW
08-04-2026 22:34:09 RAM 4001/7620MB (lfb 123x1MB) SWAP 1682/12002MB (cached 50MB) CPU [0%@1728,0%@1728,0%@1728,0%@1728,100%@1728,0%@1728] GR3D_FREQ 58% cpu@69.718C soc2@68C soc0@68.781C gpu@70.468C tj@70.125C soc1@69.593C VDD_IN 13331mW/13290mW VDD_CPU_GPU_CV 5721mW/5682mW VDD_SOC 3297mW/3298mW
08-04-2026 22:34:09 RAM 4001/7620MB (lfb 123x1MB) SWAP 1682/12002MB (cached 50MB) CPU [9%@1728,0%@1728,9%@1728,0%@1728,100%@1728,0%@1728] GR3D_FREQ 57% cpu@69.687C soc2@68.062C soc0@68.75C gpu@70.343C tj@70.343C soc1@69.562C VDD_IN 13331mW/13290mW VDD_CPU_GPU_CV 5721mW/5682mW VDD_SOC 3297mW/3298mW
08-04-2026 22:34:09 RAM 4001/7620MB (lfb 123x1MB) SWAP 1682/12002MB (cached 50MB) CPU [0%@1728,9%@1728,0%@1728,0%@1728,100%@1728,0%@1728] GR3D_FREQ 60% cpu@69.531C soc2@68.093C soc0@68.906C gpu@70.187C tj@70.187C soc1@69.656C VDD_IN 13331mW/13290mW VDD_CPU_GPU_CV 5721mW/5682mW VDD_SOC 3297mW/3298mW
08-04-2026 22:34:09 RAM 4001/7620MB (lfb 123x1MB) SWAP 1682/12002MB (cached 50MB) CPU [8%@1728,9%@1728,0%@1728,0%@1728,100%@1728,0%@1728] GR3D_FREQ 60% cpu@69.625C soc2@68.156C soc0@68.906C gpu@70.5C tj@70.5C soc1@69.812C VDD_IN 13331mW/13290mW VDD_CPU_GPU_CV 5721mW/5682mW VDD_SOC 3297mW/3298mW
08-04-2026 22:34:10 RAM 4001/7620MB (lfb 123x1MB) SWAP 1682/12002MB (cached 50MB) CPU [0%@1728,0%@1728,0%@1728,0%@1728,100%@1728,0%@1728] GR3D_FREQ 56% cpu@69.625C soc2@68.125C soc0@68.656C gpu@70.343C tj@70.343C soc1@69.593C VDD_IN 13331mW/13290mW VDD_CPU_GPU_CV 5680mW/5682mW VDD_SOC 3297mW/3298mW
08-04-2026 22:34:10 RAM 4001/7620MB (lfb 123x1MB) SWAP 1682/12002MB (cached 50MB) CPU [0%@1728,0%@1728,0%@1728,0%@1728,100%@1728,0%@1728] GR3D_FREQ 58% cpu@69.75C soc2@68.125C soc0@68.812C gpu@70.156C tj@70.156C soc1@69.562C VDD_IN 13290mW/13290mW VDD_CPU_GPU_CV 5680mW/5682mW VDD_SOC 3297mW/3298mW
08-04-2026 22:34:10 RAM 4001/7620MB (lfb 123x1MB) SWAP 1682/12002MB (cached 50MB) CPU [0%@1728,0%@1728,0%@1728,0%@1728,100%@1728,0%@1728] GR3D_FREQ 60% cpu@69.531C soc2@68.125C soc0@68.875C gpu@70.375C tj@70.375C soc1@69.656C VDD_IN 13290mW/13290mW VDD_CPU_GPU_CV 5680mW/5682mW VDD_SOC 3297mW/3298mW
08-04-2026 22:34:10 RAM 4001/7620MB (lfb 123x1MB) SWAP 1682/12002MB (cached 50MB) CPU [0%@1728,0%@1728,0%@1728,0%@1728,100%@1728,0%@1728] GR3D_FREQ 59% cpu@69.531C soc2@68.093C soc0@68.781C gpu@70.343C tj@70.343C soc1@69.656C VDD_IN 13269mW/13290mW VDD_CPU_GPU_CV 5680mW/5682mW VDD_SOC 3297mW/3298mW
08-04-2026 22:34:10 RAM 4001/7620MB (lfb 123x1MB) SWAP 1682/12002MB (cached 50MB) CPU [0%@1728,0%@1728,0%@1728,0%@1728,100%@1728,0%@1728] GR3D_FREQ 58% cpu@69.656C soc2@68.187C soc0@68.968C gpu@70C tj@70.125C soc1@69.812C VDD_IN 13269mW/13290mW VDD_CPU_GPU_CV 5680mW/5682mW VDD_SOC 3297mW/3298mW
08-04-2026 22:34:10 RAM 4001/7620MB (lfb 123x1MB) SWAP 1682/12002MB (cached 50MB) CPU [0%@1728,0%@1728,18%@1728,9%@1728,100%@1728,9%@1728] GR3D_FREQ 56% cpu@69.781C soc2@68.312C soc0@68.781C gpu@70.5C tj@70.5C soc1@69.593C VDD_IN 13310mW/13290mW VDD_CPU_GPU_CV 5721mW/5682mW VDD_SOC 3297mW/3298mW
08-04-2026 22:34:10 RAM 4001/7620MB (lfb 123x1MB) SWAP 1682/12002MB (cached 50MB) CPU [0%@1728,0%@1728,0%@1728,8%@1728,100%@1728,0%@1728] GR3D_FREQ 60% cpu@69.843C soc2@68.125C soc0@68.75C gpu@70.312C tj@70.312C soc1@69.625C VDD_IN 13331mW/13290mW VDD_CPU_GPU_CV 5680mW/5682mW VDD_SOC 3297mW/3298mW
08-04-2026 22:34:10 RAM 4001/7620MB (lfb 123x1MB) SWAP 1682/12002MB (cached 50MB) CPU [0%@1728,9%@1728,9%@1728,0%@1728,100%@1728,0%@1728] GR3D_FREQ 58% cpu@69.625C soc2@68.093C soc0@68.875C gpu@70.062C tj@70.062C soc1@69.687C VDD_IN 13310mW/13290mW VDD_CPU_GPU_CV 5680mW/5682mW VDD_SOC 3297mW/3298mW
08-04-2026 22:34:10 RAM 4001/7620MB (lfb 123x1MB) SWAP 1682/12002MB (cached 50MB) CPU [0%@1728,0%@1728,0%@1728,0%@1728,100%@1728,0%@1728] GR3D_FREQ 57% cpu@69.656C soc2@68.093C soc0@68.843C gpu@70.406C tj@70.406C soc1@69.781C VDD_IN 13331mW/13290mW VDD_CPU_GPU_CV 5680mW/5682mW VDD_SOC 3297mW/3298mW
08-04-2026 22:34:11 RAM 4001/7620MB (lfb 123x1MB) SWAP 1682/12002MB (cached 50MB) CPU [0%@1728,0%@1728,0%@1728,0%@1728,100%@1728,0%@1728] GR3D_FREQ 60% cpu@69.75C soc2@68.218C soc0@68.781C gpu@70.312C tj@70.312C soc1@69.531C VDD_IN 13290mW/13290mW VDD_CPU_GPU_CV 5680mW/5682mW VDD_SOC 3297mW/3298mW
08-04-2026 22:34:11 RAM 4001/7620MB (lfb 123x1MB) SWAP 1682/12002MB (cached 50MB) CPU [0%@1728,0%@1728,0%@1728,0%@1728,100%@1728,0%@1728] GR3D_FREQ 58% cpu@69.75C soc2@68.156C soc0@68.875C gpu@70.562C tj@70.562C soc1@69.562C VDD_IN 13269mW/13290mW VDD_CPU_GPU_CV 5680mW/5682mW VDD_SOC 3297mW/3298mW
08-04-2026 22:34:11 RAM 4001/7620MB (lfb 123x1MB) SWAP 1682/12002MB (cached 50MB) CPU [0%@1728,0%@1728,0%@1728,0%@1728,100%@1728,0%@1728] GR3D_FREQ 56% cpu@69.531C soc2@68.031C soc0@68.875C gpu@70.375C tj@70.375C soc1@69.625C VDD_IN 13269mW/13290mW VDD_CPU_GPU_CV 5680mW/5682mW VDD_SOC 3297mW/3298mW
08-04-2026 22:34:11 RAM 4001/7620MB (lfb 123x1MB) SWAP 1682/12002MB (cached 50MB) CPU [0%@1728,0%@1728,0%@1728,0%@1728,100%@1728,0%@1728] GR3D_FREQ 59% cpu@69.625C soc2@68.156C soc0@68.906C gpu@70.093C tj@70.312C soc1@69.718C VDD_IN 13269mW/13290mW VDD_CPU_GPU_CV 5680mW/5682mW VDD_SOC 3297mW/3298mW
08-04-2026 22:34:11 RAM 4001/7620MB (lfb 123x1MB) SWAP 1682/12002MB (cached 50MB) CPU [0%@1728,0%@1728,0%@1728,0%@1728,100%@1728,0%@1728] GR3D_FREQ 58% cpu@69.562C soc2@68.156C soc0@68.875C gpu@70.468C tj@70.468C soc1@69.718C VDD_IN 13269mW/13290mW VDD_CPU_GPU_CV 5680mW/5682mW VDD_SOC 3297mW/3298mW
08-04-2026 22:34:11 RAM 4001/7620MB (lfb 123x1MB) SWAP 1682/12002MB (cached 50MB) CPU [0%@1728,0%@1728,9%@1728,9%@1728,100%@1728,0%@1728] GR3D_FREQ 61% cpu@69.781C soc2@68.281C soc0@68.843C gpu@70.343C tj@70.343C soc1@69.625C VDD_IN 13269mW/13290mW VDD_CPU_GPU_CV 5680mW/5682mW VDD_SOC 3297mW/3298mW
08-04-2026 22:34:11 RAM 4001/7620MB (lfb 123x1MB) SWAP 1682/12002MB (cached 50MB) CPU [0%@1728,0%@1728,0%@1728,0%@1728,100%@1728,0%@1728] GR3D_FREQ 60% cpu@69.906C soc2@68C soc0@68.843C gpu@70.093C tj@70.093C soc1@69.593C VDD_IN 13269mW/13290mW VDD_CPU_GPU_CV 5680mW/5682mW VDD_SOC 3297mW/3298mW
08-04-2026 22:34:11 RAM 4001/7620MB (lfb 123x1MB) SWAP 1682/12002MB (cached 50MB) CPU [0%@1728,27%@1728,0%@1728,0%@1728,100%@1728,0%@1728] GR3D_FREQ 65% cpu@69.75C soc2@68.156C soc0@68.875C gpu@70.5C tj@70.5C soc1@69.687C VDD_IN 13391mW/13290mW VDD_CPU_GPU_CV 5721mW/5682mW VDD_SOC 3337mW/3298mW
08-04-2026 22:34:11 RAM 4001/7620MB (lfb 123x1MB) SWAP 1682/12002MB (cached 50MB) CPU [0%@1728,0%@1728,0%@1728,0%@1728,100%@1728,0%@1728] GR3D_FREQ 59% cpu@69.625C soc2@68.156C soc0@68.906C gpu@70.281C tj@70.281C soc1@69.687C VDD_IN 13350mW/13290mW VDD_CPU_GPU_CV 5721mW/5682mW VDD_SOC 3297mW/3298mW
08-04-2026 22:34:11 RAM 4001/7620MB (lfb 123x1MB) SWAP 1682/12002MB (cached 50MB) CPU [0%@1728,0%@1728,0%@1728,8%@1728,100%@1728,0%@1728] GR3D_FREQ 59% cpu@69.781C soc2@68.312C soc0@69.093C gpu@70.093C tj@70.093C soc1@69.593C VDD_IN 13310mW/13290mW VDD_CPU_GPU_CV 5721mW/5682mW VDD_SOC 3297mW/3298mW
08-04-2026 22:34:12 RAM 4001/7620MB (lfb 123x1MB) SWAP 1682/12002MB (cached 50MB) CPU [0%@1728,0%@1728,0%@1728,0%@1728,100%@1728,0%@1728] GR3D_FREQ 60% cpu@69.812C soc2@68.031C soc0@68.812C gpu@70.468C tj@70.468C soc1@69.593C VDD_IN 13310mW/13290mW VDD_CPU_GPU_CV 5721mW/5682mW VDD_SOC 3297mW/3298mW
08-04-2026 22:34:12 RAM 4001/7620MB (lfb 123x1MB) SWAP 1682/12002MB (cached 50MB) CPU [0%@1728,0%@1728,0%@1728,0%@1728,100%@1728,0%@1728] GR3D_FREQ 57% cpu@69.593C soc2@68.093C soc0@68.906C gpu@70.406C tj@70.406C soc1@69.593C VDD_IN 13310mW/13290mW VDD_CPU_GPU_CV 5680mW/5682mW VDD_SOC 3297mW/3298mW
08-04-2026 22:34:12 RAM 4001/7620MB (lfb 123x1MB) SWAP 1682/12002MB (cached 50MB) CPU [0%@1728,0%@1728,0%@1728,0%@1728,100%@1728,0%@1728] GR3D_FREQ 60% cpu@69.656C soc2@68.187C soc0@68.906C gpu@70C tj@70C soc1@69.75C VDD_IN 13269mW/13290mW VDD_CPU_GPU_CV 5680mW/5682mW VDD_SOC 3297mW/3298mW
08-04-2026 22:34:12 RAM 4001/7620MB (lfb 123x1MB) SWAP 1682/12002MB (cached 50MB) CPU [0%@1728,0%@1728,0%@1728,0%@1728,100%@1728,0%@1728] GR3D_FREQ 58% cpu@69.625C soc2@68.187C soc0@68.968C gpu@70.437C tj@70.437C soc1@69.718C VDD_IN 13269mW/13290mW VDD_CPU_GPU_CV 5680mW/5682mW VDD_SOC 3297mW/3298mW
08-04-2026 22:34:12 RAM 4001/7620MB (lfb 123x1MB) SWAP 1682/12002MB (cached 50MB) CPU [0%@1728,0%@1728,0%@1728,8%@1728,100%@1728,0%@1728] GR3D_FREQ 56% cpu@69.781C soc2@68.093C soc0@68.843C gpu@70.125C tj@70.125C soc1@69.593C VDD_IN 13269mW/13290mW VDD_CPU_GPU_CV 5680mW/5682mW VDD_SOC 3297mW/3298mW
08-04-2026 22:34:12 RAM 4001/7620MB (lfb 123x1MB) SWAP 1682/12002MB (cached 50MB) CPU [0%@1728,0%@1728,0%@1728,10%@1728,100%@1728,0%@1728] GR3D_FREQ 60% cpu@69.843C soc2@68.093C soc0@68.75C gpu@70.093C tj@70.093C soc1@69.625C VDD_IN 13310mW/13290mW VDD_CPU_GPU_CV 5680mW/5682mW VDD_SOC 3297mW/3298mW
08-04-2026 22:34:12 RAM 4001/7620MB (lfb 123x1MB) SWAP 1682/12002MB (cached 50MB) CPU [0%@1728,0%@1728,0%@1728,0%@1728,100%@1728,0%@1728] GR3D_FREQ 58% cpu@69.562C soc2@68.125C soc0@68.875C gpu@70.406C tj@70.406C soc1@69.593C VDD_IN 13310mW/13290mW VDD_CPU_GPU_CV 5680mW/5682mW VDD_SOC 3297mW/3298mW
08-04-2026 22:34:12 RAM 4001/7620MB (lfb 123x1MB) SWAP 1682/12002MB (cached 50MB) CPU [8%@1728,9%@1728,0%@1728,0%@1728,100%@1728,0%@1728] GR3D_FREQ 58% cpu@69.656C soc2@68.187C soc0@68.968C gpu@70.125C tj@70.125C soc1@69.75C VDD_IN 13310mW/13290mW VDD_CPU_GPU_CV 5680mW/5682mW VDD_SOC 3297mW/3298mW
08-04-2026 22:34:12 RAM 4001/7620MB (lfb 123x1MB) SWAP 1682/12002MB (cached 50MB) CPU [0%@1728,9%@1728,0%@1728,0%@1728,100%@1728,0%@1728] GR3D_FREQ 58% cpu@69.625C soc2@68.218C soc0@69.062C gpu@70.625C tj@70.625C soc1@69.531C VDD_IN 13310mW/13290mW VDD_CPU_GPU_CV 5680mW/5682mW VDD_SOC 3297mW/3298mW
08-04-2026 22:34:13 RAM 4001/7620MB (lfb 123x1MB) SWAP 1682/12002MB (cached 50MB) CPU [0%@1728,0%@1728,0%@1728,0%@1728,100%@1728,0%@1728] GR3D_FREQ 56% cpu@69.781C soc2@68.093C soc0@68.781C gpu@70.343C tj@70.343C soc1@69.593C VDD_IN 13269mW/13290mW VDD_CPU_GPU_CV 5680mW/5682mW VDD_SOC 3297mW/3298mW
08-04-2026 22:34:13 RAM 4001/7620MB (lfb 123x1MB) SWAP 1682/12002MB (cached 50MB) CPU [0%@1728,0%@1728,0%@1728,0%@1728,100%@1728,0%@1728] GR3D_FREQ 60% cpu@69.937C soc2@68.187C soc0@68.812C gpu@70.093C tj@70.093C soc1@69.656C VDD_IN 13269mW/13290mW VDD_CPU_GPU_CV 5680mW/5682mW VDD_SOC 3297mW/3298mW
08-04-2026 22:34:13 RAM 4001/7620MB (lfb 123x1MB) SWAP 1682/12002MB (cached 50MB) CPU [9%@1728,0%@1728,0%@1728,0%@1728,100%@1728,0%@1728] GR3D_FREQ 58% cpu@69.593C soc2@68.093C soc0@68.906C gpu@70.593C tj@70.593C soc1@69.687C VDD_IN 13269mW/13290mW VDD_CPU_GPU_CV 5680mW/5682mW VDD_SOC 3297mW/3298mW
08-04-2026 22:34:13 RAM 4001/7620MB (lfb 123x1MB) SWAP 1682/12002MB (cached 50MB) CPU [0%@1728,0%@1728,0%@1728,0%@1728,100%@1728,0%@1728] GR3D_FREQ 55% cpu@69.656C soc2@68.187C soc0@69.031C gpu@70.343C tj@70.343C soc1@69.781C VDD_IN 13269mW/13290mW VDD_CPU_GPU_CV 5680mW/5682mW VDD_SOC 3297mW/3298mW
08-04-2026 22:34:13 RAM 4001/7620MB (lfb 123x1MB) SWAP 1682/12002MB (cached 50MB) CPU [0%@1728,0%@1728,0%@1728,0%@1728,100%@1728,0%@1728] GR3D_FREQ 58% cpu@69.781C soc2@68.218C soc0@68.781C gpu@70C tj@70C soc1@69.562C VDD_IN 13269mW/13290mW VDD_CPU_GPU_CV 5680mW/5682mW VDD_SOC 3297mW/3298mW
08-04-2026 22:34:13 RAM 4001/7620MB (lfb 123x1MB) SWAP 1682/12002MB (cached 50MB) CPU [0%@1728,0%@1728,0%@1728,0%@1728,100%@1728,0%@1728] GR3D_FREQ 57% cpu@69.812C soc2@68.156C soc0@68.812C gpu@70.625C tj@70.625C soc1@69.593C VDD_IN 13290mW/13290mW VDD_CPU_GPU_CV 5680mW/5682mW VDD_SOC 3297mW/3298mW
08-04-2026 22:34:13 RAM 4001/7620MB (lfb 123x1MB) SWAP 1682/12002MB (cached 50MB) CPU [0%@1728,0%@1728,0%@1728,9%@1728,100%@1728,0%@1728] GR3D_FREQ 59% cpu@69.625C soc2@68.156C soc0@68.843C gpu@70.125C tj@70.125C soc1@69.75C VDD_IN 13310mW/13290mW VDD_CPU_GPU_CV 5680mW/5682mW VDD_SOC 3297mW/3298mW
08-04-2026 22:34:13 RAM 4001/7620MB (lfb 123x1MB) SWAP 1682/12002MB (cached 50MB) CPU [0%@1728,0%@1728,0%@1728,0%@1728,100%@1728,0%@1728] GR3D_FREQ 62% cpu@69.718C soc2@68.281C soc0@69C gpu@70.093C tj@70.093C soc1@69.75C VDD_IN 13269mW/13290mW VDD_CPU_GPU_CV 5680mW/5682mW VDD_SOC 3297mW/3298mW
08-04-2026 22:34:13 RAM 4001/7620MB (lfb 123x1MB) SWAP 1682/12002MB (cached 50MB) CPU [9%@1728,0%@1728,0%@1728,0%@1728,100%@1728,0%@1728] GR3D_FREQ 56% cpu@69.75C soc2@68.312C soc0@69.031C gpu@70.375C tj@70.375C soc1@69.625C VDD_IN 13290mW/13290mW VDD_CPU_GPU_CV 5680mW/5682mW VDD_SOC 3297mW/3298mW
08-04-2026 22:34:13 RAM 4001/7620MB (lfb 123x1MB) SWAP 1682/12002MB (cached 50MB) CPU [16%@1728,9%@1728,0%@1728,0%@1728,100%@1728,0%@1728] GR3D_FREQ 58% cpu@69.781C soc2@68.156C soc0@68.843C gpu@70.062C tj@70.281C soc1@69.562C VDD_IN 13331mW/13290mW VDD_CPU_GPU_CV 5680mW/5682mW VDD_SOC 3297mW/3298mW
08-04-2026 22:34:14 RAM 4001/7620MB (lfb 123x1MB) SWAP 1682/12002MB (cached 50MB) CPU [0%@1728,0%@1728,0%@1728,0%@1728,100%@1728,0%@1728] GR3D_FREQ 60% cpu@69.468C soc2@68.187C soc0@68.781C gpu@70.031C tj@70.031C soc1@69.656C VDD_IN 13290mW/13290mW VDD_CPU_GPU_CV 5680mW/5682mW VDD_SOC 3297mW/3298mW
08-04-2026 22:34:14 RAM 4001/7620MB (lfb 123x1MB) SWAP 1682/12002MB (cached 50MB) CPU [0%@1728,0%@1728,0%@1728,0%@1728,100%@1728,0%@1728] GR3D_FREQ 55% cpu@69.625C soc2@68.218C soc0@68.968C gpu@70.406C tj@70.406C soc1@69.781C VDD_IN 13269mW/13290mW VDD_CPU_GPU_CV 5680mW/5682mW VDD_SOC 3297mW/3298mW
08-04-2026 22:34:14 RAM 4001/7620MB (lfb 123x1MB) SWAP 1682/12002MB (cached 50MB) CPU [0%@1728,0%@1728,9%@1728,0%@1728,100%@1728,0%@1728] GR3D_FREQ 58% cpu@69.75C soc2@68.218C soc0@68.968C gpu@70.156C tj@70.156C soc1@69.812C VDD_IN 13290mW/13290mW VDD_CPU_GPU_CV 5680mW/5682mW VDD_SOC 3297mW/3298mW
08-04-2026 22:34:14 RAM 4001/7620MB (lfb 123x1MB) SWAP 1682/12002MB (cached 50MB) CPU [0%@1728,0%@1728,0%@1728,0%@1728,100%@1728,0%@1728] GR3D_FREQ 59% cpu@69.656C soc2@68.156C soc0@68.875C gpu@70.031C tj@70.031C soc1@69.593C VDD_IN 13290mW/13290mW VDD_CPU_GPU_CV 5680mW/5682mW VDD_SOC 3297mW/3298mW
08-04-2026 22:34:14 RAM 4001/7620MB (lfb 123x1MB) SWAP 1682/12002MB (cached 50MB) CPU [0%@1728,0%@1728,0%@1728,0%@1728,100%@1728,0%@1728] GR3D_FREQ 59% cpu@69.937C soc2@68.156C soc0@68.812C gpu@70.375C tj@70.375C soc1@69.625C VDD_IN 13290mW/13290mW VDD_CPU_GPU_CV 5680mW/5682mW VDD_SOC 3297mW/3298mW
08-04-2026 22:34:14 RAM 4001/7620MB (lfb 123x1MB) SWAP 1682/12002MB (cached 50MB) CPU [0%@1728,10%@1728,9%@1728,18%@1728,100%@1728,0%@1728] GR3D_FREQ 60% cpu@69.656C soc2@68.218C soc0@68.968C gpu@70.093C tj@70.093C soc1@69.656C VDD_IN 13331mW/13290mW VDD_CPU_GPU_CV 5680mW/5682mW VDD_SOC 3297mW/3298mW
08-04-2026 22:34:14 RAM 4001/7620MB (lfb 123x1MB) SWAP 1682/12002MB (cached 50MB) CPU [0%@1728,0%@1728,0%@1728,0%@1728,100%@1728,0%@1728] GR3D_FREQ 57% cpu@69.687C soc2@68.187C soc0@68.968C gpu@70.562C tj@70.562C soc1@69.718C VDD_IN 13290mW/13290mW VDD_CPU_GPU_CV 5680mW/5682mW VDD_SOC 3297mW/3298mW
08-04-2026 22:34:14 RAM 4001/7620MB (lfb 123x1MB) SWAP 1682/12002MB (cached 50MB) CPU [0%@1728,0%@1728,9%@1728,0%@1728,100%@1728,0%@1728] GR3D_FREQ 60% cpu@69.687C soc2@68.312C soc0@69.062C gpu@70.343C tj@70.343C soc1@69.562C VDD_IN 13331mW/13290mW VDD_CPU_GPU_CV 5680mW/5682mW VDD_SOC 3297mW/3298mW
08-04-2026 22:34:14 RAM 4001/7620MB (lfb 123x1MB) SWAP 1682/12002MB (cached 50MB) CPU [0%@1728,0%@1728,0%@1728,0%@1728,100%@1728,0%@1728] GR3D_FREQ 59% cpu@69.906C soc2@68.093C soc0@68.875C gpu@70.156C tj@70.156C soc1@69.593C VDD_IN 13290mW/13290mW VDD_CPU_GPU_CV 5680mW/5682mW VDD_SOC 3297mW/3298mW
08-04-2026 22:34:14 RAM 3999/7620MB (lfb 123x1MB) SWAP 1682/12002MB (cached 50MB) CPU [9%@1728,10%@1728,0%@1728,20%@1728,100%@1728,0%@1728] GR3D_FREQ 58% cpu@69.625C soc2@68.156C soc0@68.906C gpu@70.531C tj@70.531C soc1@69.625C VDD_IN 13371mW/13291mW VDD_CPU_GPU_CV 5721mW/5682mW VDD_SOC 3297mW/3298mW
08-04-2026 22:34:15 RAM 3999/7620MB (lfb 123x1MB) SWAP 1682/12002MB (cached 50MB) CPU [0%@1728,0%@1728,0%@1728,0%@1728,100%@1728,0%@1728] GR3D_FREQ 59% cpu@69.656C soc2@68.218C soc0@68.875C gpu@70.312C tj@70.312C soc1@69.75C VDD_IN 13310mW/13291mW VDD_CPU_GPU_CV 5721mW/5682mW VDD_SOC 3297mW/3298mW
08-04-2026 22:34:15 RAM 3998/7620MB (lfb 123x1MB) SWAP 1682/12002MB (cached 50MB) CPU [0%@1728,0%@1728,0%@1728,0%@1728,100%@1728,0%@1728] GR3D_FREQ 59% cpu@69.843C soc2@68.187C soc0@69.031C gpu@70.093C tj@70.093C soc1@69.781C VDD_IN 13331mW/13291mW VDD_CPU_GPU_CV 5721mW/5683mW VDD_SOC 3297mW/3298mW
08-04-2026 22:34:15 RAM 3998/7620MB (lfb 123x1MB) SWAP 1682/12002MB (cached 50MB) CPU [0%@1728,8%@1728,8%@1728,0%@1728,100%@1728,0%@1728] GR3D_FREQ 58% cpu@69.875C soc2@68.156C soc0@68.781C gpu@70.5C tj@70.5C soc1@69.593C VDD_IN 13331mW/13291mW VDD_CPU_GPU_CV 5680mW/5683mW VDD_SOC 3297mW/3298mW
08-04-2026 22:34:15 RAM 3998/7620MB (lfb 123x1MB) SWAP 1682/12002MB (cached 50MB) CPU [0%@1728,0%@1728,0%@1728,0%@1728,100%@1728,0%@1728] GR3D_FREQ 56% cpu@69.875C soc2@68.156C soc0@68.781C gpu@70.125C tj@70.125C soc1@69.656C VDD_IN 13310mW/13291mW VDD_CPU_GPU_CV 5680mW/5683mW VDD_SOC 3297mW/3298mW
08-04-2026 22:34:15 RAM 3998/7620MB (lfb 123x1MB) SWAP 1682/12002MB (cached 50MB) CPU [0%@1728,9%@1728,8%@1728,9%@1728,100%@1728,0%@1728] GR3D_FREQ 60% cpu@69.593C soc2@68.218C soc0@68.937C gpu@70.093C tj@70.093C soc1@69.593C VDD_IN 13310mW/13291mW VDD_CPU_GPU_CV 5680mW/5683mW VDD_SOC 3297mW/3298mW
08-04-2026 22:34:15 RAM 3998/7620MB (lfb 123x1MB) SWAP 1682/12002MB (cached 50MB) CPU [9%@1728,0%@1728,0%@1728,0%@1728,100%@1728,0%@1728] GR3D_FREQ 58% cpu@69.593C soc2@68.156C soc0@69C gpu@70.5C tj@70.5C soc1@69.812C VDD_IN 13310mW/13291mW VDD_CPU_GPU_CV 5680mW/5683mW VDD_SOC 3297mW/3298mW
08-04-2026 22:34:15 RAM 3998/7620MB (lfb 123x1MB) SWAP 1682/12002MB (cached 50MB) CPU [0%@1728,0%@1728,0%@1728,0%@1728,100%@1728,0%@1728] GR3D_FREQ 60% cpu@69.75C soc2@68.281C soc0@68.687C gpu@70.125C tj@70.125C soc1@69.531C VDD_IN 13310mW/13291mW VDD_CPU_GPU_CV 5680mW/5683mW VDD_SOC 3297mW/3298mW
08-04-2026 22:34:15 RAM 3998/7620MB (lfb 123x1MB) SWAP 1682/12002MB (cached 50MB) CPU [0%@1728,0%@1728,0%@1728,0%@1728,100%@1728,0%@1728] GR3D_FREQ 58% cpu@69.843C soc2@68.187C soc0@68.812C gpu@70.062C tj@70.062C soc1@69.593C VDD_IN 13269mW/13291mW VDD_CPU_GPU_CV 5680mW/5683mW VDD_SOC 3297mW/3298mW
08-04-2026 22:34:15 RAM 3998/7620MB (lfb 123x1MB) SWAP 1682/12002MB (cached 50MB) CPU [0%@1728,0%@1728,0%@1728,0%@1728,100%@1728,0%@1728] GR3D_FREQ 58% cpu@69.5C soc2@68.187C soc0@68.812C gpu@70.468C tj@70.468C soc1@69.656C VDD_IN 13269mW/13291mW VDD_CPU_GPU_CV 5680mW/5683mW VDD_SOC 3297mW/3298mW
08-04-2026 22:34:16 RAM 3998/7620MB (lfb 123x1MB) SWAP 1682/12002MB (cached 50MB) CPU [0%@1728,0%@1728,9%@1728,0%@1728,100%@1728,0%@1728] GR3D_FREQ 59% cpu@69.656C soc2@68.156C soc0@68.937C gpu@70.125C tj@70.125C soc1@69.687C VDD_IN 13290mW/13291mW VDD_CPU_GPU_CV 5680mW/5682mW VDD_SOC 3297mW/3298mW
08-04-2026 22:34:16 RAM 3998/7620MB (lfb 123x1MB) SWAP 1682/12002MB (cached 50MB) CPU [0%@1728,0%@1728,0%@1728,0%@1728,100%@1728,0%@1728] GR3D_FREQ 59% cpu@69.75C soc2@68.187C soc0@69.031C gpu@70.593C tj@70.593C soc1@69.781C VDD_IN 13290mW/13291mW VDD_CPU_GPU_CV 5680mW/5682mW VDD_SOC 3297mW/3298mW
08-04-2026 22:34:16 RAM 3998/7620MB (lfb 123x1MB) SWAP 1682/12002MB (cached 50MB) CPU [0%@1728,0%@1728,0%@1728,0%@1728,100%@1728,0%@1728] GR3D_FREQ 58% cpu@69.75C soc2@68.125C soc0@68.843C gpu@70.187C tj@70.187C soc1@69.593C VDD_IN 13290mW/13291mW VDD_CPU_GPU_CV 5680mW/5682mW VDD_SOC 3297mW/3298mW
08-04-2026 22:34:16 RAM 3998/7620MB (lfb 123x1MB) SWAP 1682/12002MB (cached 50MB) CPU [0%@1728,0%@1728,0%@1728,0%@1728,100%@1728,0%@1728] GR3D_FREQ 58% cpu@69.906C soc2@68.093C soc0@68.875C gpu@70.125C tj@70.125C soc1@69.625C VDD_IN 13249mW/13291mW VDD_CPU_GPU_CV 5640mW/5682mW VDD_SOC 3297mW/3298mW
08-04-2026 22:34:16 RAM 3998/7620MB (lfb 123x1MB) SWAP 1682/12002MB (cached 50MB) CPU [0%@1728,0%@1728,0%@1728,0%@1728,100%@1728,0%@1728] GR3D_FREQ 59% cpu@69.625C soc2@68.031C soc0@68.875C gpu@70.593C tj@70.593C soc1@69.625C VDD_IN 13269mW/13291mW VDD_CPU_GPU_CV 5640mW/5682mW VDD_SOC 3297mW/3298mW
08-04-2026 22:34:16 RAM 3998/7620MB (lfb 123x1MB) SWAP 1682/12002MB (cached 50MB) CPU [8%@1728,9%@1728,0%@1728,10%@1728,100%@1728,0%@1728] GR3D_FREQ 64% cpu@69.687C soc2@68.156C soc0@68.875C gpu@70.125C tj@70.125C soc1@69.875C VDD_IN 13269mW/13291mW VDD_CPU_GPU_CV 5680mW/5682mW VDD_SOC 3297mW/3298mW
08-04-2026 22:34:16 RAM 3998/7620MB (lfb 123x1MB) SWAP 1682/12002MB (cached 50MB) CPU [9%@1728,0%@1728,0%@1728,9%@1728,100%@1728,0%@1728] GR3D_FREQ 60% cpu@69.812C soc2@68.093C soc0@68.781C gpu@70.156C tj@70.156C soc1@69.593C VDD_IN 13269mW/13291mW VDD_CPU_GPU_CV 5680mW/5682mW VDD_SOC 3297mW/3298mW
08-04-2026 22:34:16 RAM 3998/7620MB (lfb 123x1MB) SWAP 1682/12002MB (cached 50MB) CPU [0%@1728,0%@1728,0%@1728,0%@1728,100%@1728,0%@1728] GR3D_FREQ 57% cpu@69.906C soc2@68.031C soc0@68.843C gpu@70.562C tj@70.562C soc1@69.656C VDD_IN 13269mW/13291mW VDD_CPU_GPU_CV 5680mW/5682mW VDD_SOC 3297mW/3298mW
08-04-2026 22:34:16 RAM 3998/7620MB (lfb 123x1MB) SWAP 1682/12002MB (cached 50MB) CPU [0%@1728,0%@1728,0%@1728,0%@1728,100%@1728,0%@1728] GR3D_FREQ 58% cpu@69.562C soc2@68.156C soc0@68.812C gpu@70.031C tj@70.031C soc1@69.593C VDD_IN 13290mW/13291mW VDD_CPU_GPU_CV 5680mW/5682mW VDD_SOC 3297mW/3298mW
08-04-2026 22:34:16 RAM 3998/7620MB (lfb 123x1MB) SWAP 1682/12002MB (cached 50MB) CPU [0%@1728,0%@1728,0%@1728,0%@1728,100%@1728,0%@1728] GR3D_FREQ 59% cpu@69.625C soc2@68.093C soc0@68.906C gpu@70.156C tj@70.156C soc1@69.718C VDD_IN 13269mW/13291mW VDD_CPU_GPU_CV 5680mW/5682mW VDD_SOC 3297mW/3298mW
08-04-2026 22:34:17 RAM 3998/7620MB (lfb 123x1MB) SWAP 1682/12002MB (cached 50MB) CPU [0%@1728,0%@1728,9%@1728,0%@1728,100%@1728,0%@1728] GR3D_FREQ 57% cpu@69.718C soc2@68.312C soc0@69.062C gpu@70.156C tj@70.562C soc1@69.906C VDD_IN 13290mW/13291mW VDD_CPU_GPU_CV 5680mW/5682mW VDD_SOC 3297mW/3298mW
08-04-2026 22:34:17 RAM 3998/7620MB (lfb 123x1MB) SWAP 1682/12002MB (cached 50MB) CPU [0%@1728,0%@1728,0%@1728,0%@1728,100%@1728,0%@1728] GR3D_FREQ 60% cpu@69.875C soc2@68.156C soc0@68.875C gpu@70.125C tj@70.125C soc1@69.562C VDD_IN 13269mW/13291mW VDD_CPU_GPU_CV 5680mW/5682mW VDD_SOC 3297mW/3298mW
08-04-2026 22:34:17 RAM 3998/7620MB (lfb 123x1MB) SWAP 1682/12002MB (cached 50MB) CPU [0%@1728,0%@1728,0%@1728,60%@1728,100%@1728,0%@1728] GR3D_FREQ 56% cpu@69.718C soc2@68.125C soc0@68.812C gpu@70.125C tj@70.125C soc1@69.625C VDD_IN 13350mW/13291mW VDD_CPU_GPU_CV 5721mW/5682mW VDD_SOC 3337mW/3298mW
08-04-2026 22:34:17 RAM 3998/7620MB (lfb 123x1MB) SWAP 1682/12002MB (cached 50MB) CPU [0%@1728,0%@1728,0%@1728,0%@1728,100%@1728,0%@1728] GR3D_FREQ 60% cpu@69.625C soc2@68.093C soc0@68.906C gpu@70.156C tj@70.156C soc1@69.687C VDD_IN 13350mW/13291mW VDD_CPU_GPU_CV 5721mW/5682mW VDD_SOC 3337mW/3298mW
08-04-2026 22:34:17 RAM 3998/7620MB (lfb 123x1MB) SWAP 1682/12002MB (cached 50MB) CPU [0%@1728,0%@1728,8%@1728,0%@1728,100%@1728,0%@1728] GR3D_FREQ 58% cpu@69.781C soc2@68.281C soc0@69.031C gpu@70.125C tj@70.125C soc1@69.875C VDD_IN 13310mW/13291mW VDD_CPU_GPU_CV 5721mW/5683mW VDD_SOC 3297mW/3298mW
08-04-2026 22:34:17 RAM 3998/7620MB (lfb 123x1MB) SWAP 1682/12002MB (cached 50MB) CPU [0%@1728,0%@1728,0%@1728,18%@1728,100%@1728,0%@1728] GR3D_FREQ 60% cpu@69.843C soc2@68.156C soc0@68.812C gpu@70.062C tj@70.062C soc1@69.562C VDD_IN 13310mW/13291mW VDD_CPU_GPU_CV 5721mW/5683mW VDD_SOC 3337mW/3298mW
08-04-2026 22:34:17 RAM 3998/7620MB (lfb 123x1MB) SWAP 1682/12002MB (cached 50MB) CPU [0%@1728,0%@1728,0%@1728,0%@1728,100%@1728,0%@1728] GR3D_FREQ 56% cpu@69.843C soc2@68.156C soc0@68.843C gpu@70.218C tj@70.218C soc1@69.625C VDD_IN 13310mW/13291mW VDD_CPU_GPU_CV 5680mW/5683mW VDD_SOC 3337mW/3298mW
08-04-2026 22:34:17 RAM 3998/7620MB (lfb 123x1MB) SWAP 1682/12002MB (cached 50MB) CPU [0%@1728,0%@1728,0%@1728,0%@1728,100%@1728,0%@1728] GR3D_FREQ 59% cpu@69.562C soc2@68.156C soc0@68.906C gpu@70.125C tj@70.125C soc1@69.687C VDD_IN 13310mW/13291mW VDD_CPU_GPU_CV 5680mW/5683mW VDD_SOC 3337mW/3298mW
08-04-2026 22:34:17 RAM 3998/7620MB (lfb 123x1MB) SWAP 1682/12002MB (cached 50MB) CPU [10%@1728,9%@1728,0%@1728,0%@1728,100%@1728,0%@1728] GR3D_FREQ 58% cpu@69.75C soc2@68.187C soc0@68.937C gpu@70.562C tj@70.562C soc1@69.75C VDD_IN 13310mW/13291mW VDD_CPU_GPU_CV 5680mW/5683mW VDD_SOC 3297mW/3298mW
08-04-2026 22:34:18 RAM 3998/7620MB (lfb 123x1MB) SWAP 1682/12002MB (cached 50MB) CPU [0%@1728,0%@1728,0%@1728,0%@1728,100%@1728,0%@1728] GR3D_FREQ 57% cpu@69.843C soc2@68.312C soc0@68.812C gpu@70.156C tj@70.156C soc1@69.593C VDD_IN 13290mW/13291mW VDD_CPU_GPU_CV 5680mW/5683mW VDD_SOC 3297mW/3298mW
08-04-2026 22:34:18 RAM 3998/7620MB (lfb 123x1MB) SWAP 1682/12002MB (cached 50MB) CPU [0%@1728,0%@1728,0%@1728,0%@1728,100%@1728,0%@1728] GR3D_FREQ 59% cpu@69.875C soc2@68.187C soc0@68.812C gpu@70.093C tj@70.093C soc1@69.593C VDD_IN 13290mW/13291mW VDD_CPU_GPU_CV 5680mW/5683mW VDD_SOC 3297mW/3298mW
08-04-2026 22:34:18 RAM 4003/7620MB (lfb 123x1MB) SWAP 1682/12002MB (cached 50MB) CPU [0%@1728,0%@1728,0%@1728,20%@1728,100%@1728,0%@1728] GR3D_FREQ 56% cpu@69.625C soc2@68.25C soc0@68.906C gpu@70.625C tj@70.625C soc1@69.687C VDD_IN 13350mW/13291mW VDD_CPU_GPU_CV 5721mW/5683mW VDD_SOC 3297mW/3298mW
08-04-2026 22:34:18 RAM 4003/7620MB (lfb 123x1MB) SWAP 1682/12002MB (cached 50MB) CPU [0%@1728,0%@1728,0%@1728,0%@1728,100%@1728,0%@1728] GR3D_FREQ 60% cpu@69.687C soc2@68.187C soc0@68.937C gpu@70.125C tj@70.125C soc1@69.812C VDD_IN 13310mW/13291mW VDD_CPU_GPU_CV 5721mW/5683mW VDD_SOC 3297mW/3298mW
08-04-2026 22:34:18 RAM 4003/7620MB (lfb 123x1MB) SWAP 1682/12002MB (cached 50MB) CPU [8%@1728,0%@1728,0%@1728,0%@1728,100%@1728,0%@1728] GR3D_FREQ 58% cpu@69.781C soc2@68.25C soc0@69.125C gpu@70.125C tj@70.125C soc1@69.812C VDD_IN 13310mW/13291mW VDD_CPU_GPU_CV 5680mW/5683mW VDD_SOC 3297mW/3298mW
08-04-2026 22:34:18 RAM 4003/7620MB (lfb 123x1MB) SWAP 1682/12002MB (cached 50MB) CPU [0%@1728,0%@1728,0%@1728,18%@1728,100%@1728,0%@1728] GR3D_FREQ 67% cpu@69.843C soc2@68.125C soc0@68.781C gpu@70.531C tj@70.531C soc1@69.593C VDD_IN 13310mW/13291mW VDD_CPU_GPU_CV 5721mW/5683mW VDD_SOC 3297mW/3298mW
08-04-2026 22:34:18 RAM 4003/7620MB (lfb 123x1MB) SWAP 1682/12002MB (cached 50MB) CPU [0%@1728,0%@1728,9%@1728,0%@1728,100%@1728,9%@1728] GR3D_FREQ 59% cpu@69.968C soc2@68.156C soc0@68.875C gpu@70.125C tj@70.125C soc1@69.687C VDD_IN 13310mW/13291mW VDD_CPU_GPU_CV 5721mW/5683mW VDD_SOC 3297mW/3298mW
08-04-2026 22:34:18 RAM 4003/7620MB (lfb 123x1MB) SWAP 1682/12002MB (cached 50MB) CPU [0%@1728,8%@1728,0%@1728,0%@1728,100%@1728,0%@1728] GR3D_FREQ 56% cpu@69.625C soc2@68.156C soc0@68.906C gpu@70.125C tj@70.125C soc1@69.718C VDD_IN 13310mW/13291mW VDD_CPU_GPU_CV 5721mW/5683mW VDD_SOC 3297mW/3298mW
08-04-2026 22:34:18 RAM 4003/7620MB (lfb 123x1MB) SWAP 1682/12002MB (cached 50MB) CPU [9%@1728,0%@1728,0%@1728,0%@1728,100%@1728,0%@1728] GR3D_FREQ 58% cpu@69.656C soc2@68.156C soc0@68.968C gpu@70.531C tj@70.531C soc1@69.812C VDD_IN 13310mW/13291mW VDD_CPU_GPU_CV 5680mW/5683mW VDD_SOC 3297mW/3298mW
08-04-2026 22:34:18 RAM 4003/7620MB (lfb 123x1MB) SWAP 1682/12002MB (cached 50MB) CPU [0%@1728,0%@1728,0%@1728,0%@1728,100%@1728,0%@1728] GR3D_FREQ 60% cpu@69.687C soc2@68.312C soc0@68.781C gpu@70.156C tj@70.156C soc1@69.625C VDD_IN 13310mW/13291mW VDD_CPU_GPU_CV 5680mW/5683mW VDD_SOC 3297mW/3298mW
08-04-2026 22:34:19 RAM 4002/7620MB (lfb 123x1MB) SWAP 1682/12002MB (cached 50MB) CPU [0%@1728,0%@1728,0%@1728,0%@1728,100%@1728,0%@1728] GR3D_FREQ 58% cpu@69.812C soc2@68.093C soc0@68.906C gpu@70.062C tj@70.062C soc1@69.625C VDD_IN 13331mW/13291mW VDD_CPU_GPU_CV 5680mW/5683mW VDD_SOC 3297mW/3298mW
08-04-2026 22:34:19 RAM 4002/7620MB (lfb 123x1MB) SWAP 1682/12002MB (cached 50MB) CPU [0%@1728,0%@1728,0%@1728,0%@1728,100%@1728,0%@1728] GR3D_FREQ 60% cpu@69.437C soc2@68.156C soc0@68.906C gpu@70.531C tj@70.531C soc1@69.687C VDD_IN 13331mW/13291mW VDD_CPU_GPU_CV 5680mW/5683mW VDD_SOC 3297mW/3298mW
08-04-2026 22:34:19 RAM 4002/7620MB (lfb 123x1MB) SWAP 1682/12002MB (cached 50MB) CPU [0%@1728,0%@1728,0%@1728,0%@1728,100%@1728,0%@1728] GR3D_FREQ 60% cpu@69.656C soc2@68.218C soc0@68.968C gpu@70.125C tj@70.125C soc1@69.781C VDD_IN 13290mW/13291mW VDD_CPU_GPU_CV 5680mW/5683mW VDD_SOC 3297mW/3298mW
08-04-2026 22:34:19 RAM 4002/7620MB (lfb 123x1MB) SWAP 1682/12002MB (cached 50MB) CPU [0%@1728,0%@1728,0%@1728,0%@1728,100%@1728,0%@1728] GR3D_FREQ 57% cpu@69.75C soc2@68.187C soc0@69.031C gpu@70.125C tj@70.125C soc1@69.875C VDD_IN 13290mW/13291mW VDD_CPU_GPU_CV 5680mW/5683mW VDD_SOC 3297mW/3298mW
08-04-2026 22:34:19 RAM 4002/7620MB (lfb 123x1MB) SWAP 1682/12002MB (cached 50MB) CPU [0%@1728,0%@1728,0%@1728,0%@1728,100%@1728,0%@1728] GR3D_FREQ 58% cpu@69.843C soc2@68.093C soc0@68.781C gpu@70.125C tj@70.125C soc1@69.593C VDD_IN 13290mW/13291mW VDD_CPU_GPU_CV 5680mW/5683mW VDD_SOC 3297mW/3298mW
08-04-2026 22:34:19 RAM 4002/7620MB (lfb 123x1MB) SWAP 1682/12002MB (cached 50MB) CPU [0%@1728,0%@1728,0%@1728,9%@1728,100%@1728,0%@1728] GR3D_FREQ 60% cpu@69.625C soc2@68.187C soc0@68.812C gpu@70.062C tj@70.062C soc1@69.593C VDD_IN 13310mW/13291mW VDD_CPU_GPU_CV 5680mW/5683mW VDD_SOC 3297mW/3298mW
08-04-2026 22:34:19 RAM 4002/7620MB (lfb 123x1MB) SWAP 1682/12002MB (cached 50MB) CPU [0%@1728,0%@1728,0%@1728,9%@1728,100%@1728,0%@1728] GR3D_FREQ 57% cpu@69.531C soc2@68.25C soc0@68.906C gpu@70.687C tj@70.687C soc1@69.687C VDD_IN 13331mW/13291mW VDD_CPU_GPU_CV 5680mW/5683mW VDD_SOC 3297mW/3298mW
08-04-2026 22:34:19 RAM 4002/7620MB (lfb 123x1MB) SWAP 1682/12002MB (cached 50MB) CPU [0%@1728,0%@1728,0%@1728,0%@1728,100%@1728,0%@1728] GR3D_FREQ 57% cpu@69.718C soc2@68.218C soc0@68.906C gpu@70.187C tj@70.187C soc1@69.812C VDD_IN 13331mW/13291mW VDD_CPU_GPU_CV 5680mW/5683mW VDD_SOC 3297mW/3298mW
08-04-2026 22:34:19 RAM 4002/7620MB (lfb 123x1MB) SWAP 1682/12002MB (cached 50MB) CPU [0%@1728,0%@1728,0%@1728,0%@1728,100%@1728,0%@1728] GR3D_FREQ 58% cpu@69.75C soc2@68.062C soc0@68.843C gpu@70.125C tj@70.125C soc1@69.656C VDD_IN 13290mW/13291mW VDD_CPU_GPU_CV 5680mW/5683mW VDD_SOC 3297mW/3298mW
08-04-2026 22:34:20 RAM 4002/7620MB (lfb 123x1MB) SWAP 1682/12002MB (cached 50MB) CPU [0%@1728,0%@1728,0%@1728,0%@1728,100%@1728,0%@1728] GR3D_FREQ 60% cpu@69.875C soc2@68.062C soc0@68.875C gpu@70.5C tj@70.5C soc1@69.625C VDD_IN 13290mW/13291mW VDD_CPU_GPU_CV 5680mW/5683mW VDD_SOC 3297mW/3298mW
08-04-2026 22:34:20 RAM 4002/7620MB (lfb 123x1MB) SWAP 1682/12002MB (cached 50MB) CPU [0%@1728,0%@1728,0%@1728,0%@1728,100%@1728,0%@1728] GR3D_FREQ 58% cpu@69.562C soc2@68.25C soc0@68.843C gpu@70.187C tj@70.187C soc1@69.625C VDD_IN 13290mW/13291mW VDD_CPU_GPU_CV 5680mW/5683mW VDD_SOC 3297mW/3298mW
08-04-2026 22:34:20 RAM 4002/7620MB (lfb 123x1MB) SWAP 1682/12002MB (cached 50MB) CPU [0%@1728,0%@1728,0%@1728,0%@1728,100%@1728,0%@1728] GR3D_FREQ 58% cpu@69.625C soc2@68.218C soc0@69C gpu@70.125C tj@70.125C soc1@69.781C VDD_IN 13269mW/13291mW VDD_CPU_GPU_CV 5680mW/5683mW VDD_SOC 3297mW/3298mW
08-04-2026 22:34:20 RAM 4002/7620MB (lfb 123x1MB) SWAP 1682/12002MB (cached 50MB) CPU [0%@1728,0%@1728,0%@1728,0%@1728,100%@1728,0%@1728] GR3D_FREQ 59% cpu@69.718C soc2@68.218C soc0@69.062C gpu@70.187C tj@70.187C soc1@69.593C VDD_IN 13269mW/13291mW VDD_CPU_GPU_CV 5680mW/5683mW VDD_SOC 3297mW/3298mW
08-04-2026 22:34:20 RAM 4002/7620MB (lfb 123x1MB) SWAP 1682/12002MB (cached 50MB) CPU [0%@1728,8%@1728,0%@1728,0%@1728,100%@1728,0%@1728] GR3D_FREQ 56% cpu@69.781C soc2@68.156C soc0@68.906C gpu@70.156C tj@70.156C soc1@69.593C VDD_IN 13290mW/13291mW VDD_CPU_GPU_CV 5680mW/5683mW VDD_SOC 3297mW/3298mW
08-04-2026 22:34:20 RAM 4002/7620MB (lfb 123x1MB) SWAP 1682/12002MB (cached 50MB) CPU [0%@1728,0%@1728,0%@1728,10%@1728,100%@1728,9%@1728] GR3D_FREQ 70% cpu@69.718C soc2@68.187C soc0@68.875C gpu@70.062C tj@70.062C soc1@69.656C VDD_IN 13310mW/13291mW VDD_CPU_GPU_CV 5680mW/5683mW VDD_SOC 3297mW/3298mW
08-04-2026 22:34:20 RAM 4002/7620MB (lfb 123x1MB) SWAP 1682/12002MB (cached 50MB) CPU [0%@1728,0%@1728,0%@1728,0%@1728,100%@1728,0%@1728] GR3D_FREQ 58% cpu@69.562C soc2@68.187C soc0@69C gpu@70.218C tj@70.218C soc1@69.625C VDD_IN 13269mW/13291mW VDD_CPU_GPU_CV 5680mW/5683mW VDD_SOC 3297mW/3298mW
08-04-2026 22:34:20 RAM 4002/7620MB (lfb 123x1MB) SWAP 1682/12002MB (cached 50MB) CPU [0%@1728,0%@1728,9%@1728,0%@1728,100%@1728,0%@1728] GR3D_FREQ 57% cpu@69.718C soc2@68.187C soc0@68.968C gpu@70.218C tj@70.218C soc1@69.812C VDD_IN 13310mW/13291mW VDD_CPU_GPU_CV 5680mW/5683mW VDD_SOC 3297mW/3298mW
08-04-2026 22:34:20 RAM 4002/7620MB (lfb 123x1MB) SWAP 1682/12002MB (cached 50MB) CPU [16%@1728,0%@1728,0%@1728,0%@1728,100%@1728,0%@1728] GR3D_FREQ 59% cpu@69.906C soc2@68.312C soc0@68.843C gpu@70.093C tj@70.093C soc1@69.625C VDD_IN 13269mW/13291mW VDD_CPU_GPU_CV 5680mW/5683mW VDD_SOC 3297mW/3298mW
08-04-2026 22:34:20 RAM 4002/7620MB (lfb 123x1MB) SWAP 1682/12002MB (cached 50MB) CPU [0%@1728,0%@1728,0%@1728,8%@1728,100%@1728,0%@1728] GR3D_FREQ 56% cpu@69.906C soc2@68.125C soc0@68.875C gpu@70.156C tj@70.156C soc1@69.656C VDD_IN 13269mW/13291mW VDD_CPU_GPU_CV 5680mW/5683mW VDD_SOC 3297mW/3298mW
08-04-2026 22:34:21 RAM 4002/7620MB (lfb 123x1MB) SWAP 1682/12002MB (cached 50MB) CPU [0%@1728,0%@1728,0%@1728,0%@1728,100%@1728,0%@1728] GR3D_FREQ 58% cpu@69.5C soc2@68.187C soc0@68.906C gpu@70.062C tj@70.062C soc1@69.625C VDD_IN 13269mW/13291mW VDD_CPU_GPU_CV 5680mW/5683mW VDD_SOC 3297mW/3298mW
08-04-2026 22:34:21 RAM 4002/7620MB (lfb 123x1MB) SWAP 1682/12002MB (cached 50MB) CPU [0%@1728,0%@1728,0%@1728,0%@1728,100%@1728,0%@1728] GR3D_FREQ 59% cpu@69.687C soc2@68.218C soc0@68.968C gpu@70.125C tj@70.125C soc1@69.781C VDD_IN 13269mW/13291mW VDD_CPU_GPU_CV 5640mW/5683mW VDD_SOC 3297mW/3298mW
08-04-2026 22:34:21 RAM 4002/7620MB (lfb 123x1MB) SWAP 1682/12002MB (cached 50MB) CPU [0%@1728,0%@1728,0%@1728,0%@1728,100%@1728,0%@1728] GR3D_FREQ 58% cpu@69.75C soc2@68.281C soc0@68.75C gpu@70.156C tj@70.156C soc1@69.593C VDD_IN 13290mW/13291mW VDD_CPU_GPU_CV 5680mW/5683mW VDD_SOC 3297mW/3298mW
08-04-2026 22:34:21 RAM 4002/7620MB (lfb 123x1MB) SWAP 1682/12002MB (cached 50MB) CPU [0%@1728,0%@1728,0%@1728,0%@1728,100%@1728,0%@1728] GR3D_FREQ 57% cpu@69.906C soc2@68.156C soc0@68.843C gpu@70.125C tj@70.125C soc1@69.625C VDD_IN 13290mW/13291mW VDD_CPU_GPU_CV 5640mW/5683mW VDD_SOC 3297mW/3298mW
08-04-2026 22:34:21 RAM 4002/7620MB (lfb 123x1MB) SWAP 1682/12002MB (cached 50MB) CPU [0%@1728,16%@1728,0%@1728,20%@1728,100%@1728,0%@1728] GR3D_FREQ 56% cpu@69.593C soc2@68.125C soc0@68.843C gpu@70.281C tj@70.281C soc1@69.625C VDD_IN 13310mW/13291mW VDD_CPU_GPU_CV 5721mW/5683mW VDD_SOC 3297mW/3298mW
08-04-2026 22:34:21 RAM 4002/7620MB (lfb 123x1MB) SWAP 1682/12002MB (cached 50MB) CPU [8%@1728,0%@1728,0%@1728,10%@1728,100%@1728,0%@1728] GR3D_FREQ 59% cpu@69.625C soc2@68.187C soc0@68.937C gpu@70.218C tj@70.218C soc1@69.656C VDD_IN 13350mW/13291mW VDD_CPU_GPU_CV 5721mW/5683mW VDD_SOC 3297mW/3298mW
08-04-2026 22:34:21 RAM 4002/7620MB (lfb 123x1MB) SWAP 1682/12002MB (cached 50MB) CPU [0%@1728,0%@1728,0%@1728,0%@1728,100%@1728,0%@1728] GR3D_FREQ 60% cpu@69.781C soc2@68.187C soc0@69.031C gpu@70.125C tj@70.125C soc1@69.843C VDD_IN 13350mW/13291mW VDD_CPU_GPU_CV 5721mW/5683mW VDD_SOC 3337mW/3298mW
08-04-2026 22:34:21 RAM 4002/7620MB (lfb 123x1MB) SWAP 1682/12002MB (cached 50MB) CPU [0%@1728,8%@1728,9%@1728,8%@1728,100%@1728,0%@1728] GR3D_FREQ 57% cpu@69.812C soc2@68.125C soc0@68.843C gpu@70.281C tj@70.281C soc1@69.593C VDD_IN 13350mW/13291mW VDD_CPU_GPU_CV 5721mW/5683mW VDD_SOC 3337mW/3298mW
08-04-2026 22:34:21 RAM 4002/7620MB (lfb 123x1MB) SWAP 1682/12002MB (cached 50MB) CPU [0%@1728,0%@1728,0%@1728,9%@1728,100%@1728,0%@1728] GR3D_FREQ 57% cpu@69.593C soc2@68.187C soc0@68.843C gpu@70.156C tj@70.156C soc1@69.718C VDD_IN 13331mW/13291mW VDD_CPU_GPU_CV 5680mW/5683mW VDD_SOC 3297mW/3298mW
08-04-2026 22:34:22 RAM 4002/7620MB (lfb 123x1MB) SWAP 1682/12002MB (cached 50MB) CPU [9%@1728,0%@1728,0%@1728,0%@1728,100%@1728,0%@1728] GR3D_FREQ 58% cpu@69.625C soc2@68.218C soc0@68.812C gpu@70.031C tj@70.031C soc1@69.625C VDD_IN 13331mW/13291mW VDD_CPU_GPU_CV 5721mW/5683mW VDD_SOC 3297mW/3298mW
08-04-2026 22:34:22 RAM 4002/7620MB (lfb 123x1MB) SWAP 1682/12002MB (cached 50MB) CPU [0%@1728,0%@1728,0%@1728,0%@1728,100%@1728,0%@1728] GR3D_FREQ 60% cpu@69.687C soc2@68.218C soc0@68.906C gpu@70.156C tj@70.156C soc1@69.75C VDD_IN 13331mW/13292mW VDD_CPU_GPU_CV 5680mW/5683mW VDD_SOC 3297mW/3298mW
08-04-2026 22:34:22 RAM 4002/7620MB (lfb 123x1MB) SWAP 1682/12002MB (cached 50MB) CPU [0%@1728,0%@1728,0%@1728,0%@1728,100%@1728,0%@1728] GR3D_FREQ 58% cpu@69.75C soc2@68.25C soc0@68.843C gpu@70.093C tj@70.093C soc1@69.593C VDD_IN 13331mW/13292mW VDD_CPU_GPU_CV 5680mW/5683mW VDD_SOC 3297mW/3298mW
08-04-2026 22:34:22 RAM 4002/7620MB (lfb 123x1MB) SWAP 1682/12002MB (cached 50MB) CPU [0%@1728,0%@1728,0%@1728,0%@1728,100%@1728,0%@1728] GR3D_FREQ 59% cpu@69.937C soc2@68.156C soc0@68.875C gpu@70.093C tj@70.093C soc1@69.593C VDD_IN 13290mW/13292mW VDD_CPU_GPU_CV 5680mW/5683mW VDD_SOC 3297mW/3298mW
08-04-2026 22:34:22 RAM 4002/7620MB (lfb 123x1MB) SWAP 1682/12002MB (cached 50MB) CPU [0%@1728,0%@1728,0%@1728,0%@1728,100%@1728,0%@1728] GR3D_FREQ 57% cpu@69.562C soc2@68.218C soc0@68.781C gpu@70.156C tj@70.156C soc1@69.593C VDD_IN 13290mW/13292mW VDD_CPU_GPU_CV 5680mW/5683mW VDD_SOC 3297mW/3298mW
08-04-2026 22:34:22 RAM 4002/7620MB (lfb 123x1MB) SWAP 1682/12002MB (cached 50MB) CPU [0%@1728,0%@1728,0%@1728,10%@1728,100%@1728,0%@1728] GR3D_FREQ 62% cpu@69.656C soc2@68.156C soc0@68.937C gpu@70.125C tj@70.125C soc1@69.718C VDD_IN 13310mW/13292mW VDD_CPU_GPU_CV 5680mW/5683mW VDD_SOC 3297mW/3298mW
08-04-2026 22:34:22 RAM 4002/7620MB (lfb 123x1MB) SWAP 1682/12002MB (cached 50MB) CPU [0%@1728,0%@1728,0%@1728,8%@1728,100%@1728,0%@1728] GR3D_FREQ 60% cpu@69.812C soc2@68.25C soc0@68.968C gpu@70.187C tj@70.187C soc1@69.906C VDD_IN 13290mW/13292mW VDD_CPU_GPU_CV 5680mW/5683mW VDD_SOC 3297mW/3298mW
08-04-2026 22:34:22 RAM 4002/7620MB (lfb 123x1MB) SWAP 1682/12002MB (cached 50MB) CPU [0%@1728,0%@1728,0%@1728,9%@1728,100%@1728,9%@1728] GR3D_FREQ 61% cpu@69.781C soc2@68.062C soc0@68.843C gpu@70.218C tj@70.218C soc1@69.625C VDD_IN 13331mW/13292mW VDD_CPU_GPU_CV 5680mW/5683mW VDD_SOC 3297mW/3298mW
08-04-2026 22:34:22 RAM 4002/7620MB (lfb 123x1MB) SWAP 1682/12002MB (cached 50MB) CPU [0%@1728,0%@1728,0%@1728,0%@1728,100%@1728,0%@1728] GR3D_FREQ 60% cpu@69.625C soc2@68.125C soc0@68.906C gpu@70.125C tj@70.125C soc1@69.593C VDD_IN 13290mW/13292mW VDD_CPU_GPU_CV 5680mW/5683mW VDD_SOC 3297mW/3298mW
08-04-2026 22:34:22 RAM 4002/7620MB (lfb 123x1MB) SWAP 1682/12002MB (cached 50MB) CPU [0%@1728,0%@1728,8%@1728,0%@1728,100%@1728,0%@1728] GR3D_FREQ 60% cpu@69.5C soc2@68.125C soc0@68.906C gpu@70.25C tj@70.25C soc1@69.718C VDD_IN 13269mW/13292mW VDD_CPU_GPU_CV 5680mW/5683mW VDD_SOC 3297mW/3298mW
08-04-2026 22:34:23 RAM 4002/7620MB (lfb 123x1MB) SWAP 1682/12002MB (cached 50MB) CPU [0%@1728,0%@1728,0%@1728,0%@1728,100%@1728,0%@1728] GR3D_FREQ 57% cpu@69.656C soc2@68.218C soc0@68.968C gpu@70.25C tj@70.25C soc1@69.75C VDD_IN 13269mW/13292mW VDD_CPU_GPU_CV 5680mW/5683mW VDD_SOC 3297mW/3298mW
08-04-2026 22:34:23 RAM 4002/7620MB (lfb 123x1MB) SWAP 1682/12002MB (cached 50MB) CPU [0%@1728,0%@1728,0%@1728,0%@1728,100%@1728,0%@1728] GR3D_FREQ 59% cpu@69.812C soc2@68.218C soc0@69.031C gpu@70.187C tj@70.187C soc1@69.625C VDD_IN 13290mW/13292mW VDD_CPU_GPU_CV 5640mW/5683mW VDD_SOC 3297mW/3298mW
08-04-2026 22:34:23 RAM 4002/7620MB (lfb 123x1MB) SWAP 1682/12002MB (cached 50MB) CPU [0%@1728,0%@1728,9%@1728,0%@1728,100%@1728,0%@1728] GR3D_FREQ 60% cpu@69.937C soc2@68.125C soc0@68.812C gpu@70.218C tj@70.218C soc1@69.656C VDD_IN 13290mW/13292mW VDD_CPU_GPU_CV 5640mW/5683mW VDD_SOC 3297mW/3298mW
08-04-2026 22:34:23 RAM 4002/7620MB (lfb 123x1MB) SWAP 1682/12002MB (cached 50MB) CPU [0%@1728,9%@1728,0%@1728,0%@1728,100%@1728,0%@1728] GR3D_FREQ 56% cpu@69.687C soc2@68.093C soc0@68.906C gpu@70.125C tj@70.125C soc1@69.781C VDD_IN 13290mW/13292mW VDD_CPU_GPU_CV 5640mW/5683mW VDD_SOC 3297mW/3298mW
08-04-2026 22:34:23 RAM 4002/7620MB (lfb 123x1MB) SWAP 1682/12002MB (cached 50MB) CPU [0%@1728,0%@1728,8%@1728,0%@1728,100%@1728,0%@1728] GR3D_FREQ 59% cpu@69.593C soc2@68.218C soc0@68.937C gpu@70.281C tj@70.281C soc1@69.687C VDD_IN 13290mW/13292mW VDD_CPU_GPU_CV 5640mW/5683mW VDD_SOC 3297mW/3298mW
08-04-2026 22:34:23 RAM 4002/7620MB (lfb 123x1MB) SWAP 1682/12002MB (cached 50MB) CPU [0%@1728,0%@1728,0%@1728,10%@1728,100%@1728,0%@1728] GR3D_FREQ 58% cpu@69.875C soc2@68.25C soc0@68.968C gpu@70.281C tj@70.281C soc1@69.593C VDD_IN 13290mW/13292mW VDD_CPU_GPU_CV 5680mW/5683mW VDD_SOC 3297mW/3298mW
08-04-2026 22:34:23 RAM 4002/7620MB (lfb 123x1MB) SWAP 1682/12002MB (cached 50MB) CPU [8%@1728,0%@1728,0%@1728,0%@1728,100%@1728,0%@1728] GR3D_FREQ 59% cpu@69.875C soc2@68.125C soc0@68.812C gpu@70.187C tj@70.187C soc1@69.593C VDD_IN 13290mW/13292mW VDD_CPU_GPU_CV 5680mW/5683mW VDD_SOC 3297mW/3298mW
08-04-2026 22:34:23 RAM 4002/7620MB (lfb 123x1MB) SWAP 1682/12002MB (cached 50MB) CPU [0%@1728,9%@1728,0%@1728,9%@1728,100%@1728,0%@1728] GR3D_FREQ 59% cpu@69.625C soc2@68.125C soc0@68.906C gpu@70.312C tj@70.312C soc1@69.593C VDD_IN 13290mW/13292mW VDD_CPU_GPU_CV 5680mW/5683mW VDD_SOC 3297mW/3298mW
08-04-2026 22:34:23 RAM 4002/7620MB (lfb 123x1MB) SWAP 1682/12002MB (cached 50MB) CPU [0%@1728,0%@1728,0%@1728,0%@1728,100%@1728,0%@1728] GR3D_FREQ 56% cpu@69.468C soc2@68.156C soc0@68.875C gpu@70.25C tj@70.25C soc1@69.781C VDD_IN 13290mW/13292mW VDD_CPU_GPU_CV 5680mW/5683mW VDD_SOC 3297mW/3298mW
08-04-2026 22:34:24 RAM 4002/7620MB (lfb 123x1MB) SWAP 1682/12002MB (cached 50MB) CPU [0%@1728,0%@1728,0%@1728,0%@1728,100%@1728,0%@1728] GR3D_FREQ 60% cpu@69.656C soc2@68.312C soc0@69.031C gpu@70.093C tj@70.093C soc1@69.781C VDD_IN 13269mW/13292mW VDD_CPU_GPU_CV 5680mW/5683mW VDD_SOC 3297mW/3298mW
08-04-2026 22:34:24 RAM 4002/7620MB (lfb 123x1MB) SWAP 1682/12002MB (cached 50MB) CPU [0%@1728,0%@1728,0%@1728,0%@1728,100%@1728,0%@1728] GR3D_FREQ 57% cpu@69.906C soc2@68.25C soc0@68.968C gpu@70.312C tj@70.312C soc1@69.593C VDD_IN 13290mW/13292mW VDD_CPU_GPU_CV 5680mW/5683mW VDD_SOC 3297mW/3298mW
08-04-2026 22:34:24 RAM 4002/7620MB (lfb 123x1MB) SWAP 1682/12002MB (cached 50MB) CPU [0%@1728,0%@1728,8%@1728,0%@1728,100%@1728,0%@1728] GR3D_FREQ 58% cpu@70.031C soc2@68.156C soc0@68.75C gpu@70.187C tj@70.187C soc1@69.656C VDD_IN 13269mW/13291mW VDD_CPU_GPU_CV 5680mW/5683mW VDD_SOC 3297mW/3298mW
08-04-2026 22:34:24 RAM 4002/7620MB (lfb 123x1MB) SWAP 1682/12002MB (cached 50MB) CPU [0%@1728,9%@1728,0%@1728,0%@1728,100%@1728,0%@1728] GR3D_FREQ 59% cpu@69.562C soc2@68.093C soc0@68.843C gpu@70.125C tj@70.125C soc1@69.625C VDD_IN 13290mW/13291mW VDD_CPU_GPU_CV 5680mW/5683mW VDD_SOC 3297mW/3298mW
08-04-2026 22:34:24 RAM 4002/7620MB (lfb 123x1MB) SWAP 1682/12002MB (cached 50MB) CPU [0%@1728,8%@1728,0%@1728,0%@1728,100%@1728,0%@1728] GR3D_FREQ 57% cpu@69.593C soc2@68.187C soc0@68.937C gpu@70.312C tj@70.312C soc1@69.687C VDD_IN 13290mW/13291mW VDD_CPU_GPU_CV 5680mW/5683mW VDD_SOC 3297mW/3298mW
08-04-2026 22:34:24 RAM 4002/7620MB (lfb 123x1MB) SWAP 1682/12002MB (cached 50MB) CPU [8%@1728,0%@1728,0%@1728,9%@1728,100%@1728,0%@1728] GR3D_FREQ 62% cpu@69.843C soc2@68.281C soc0@69C gpu@70.25C tj@70.25C soc1@69.875C VDD_IN 13310mW/13292mW VDD_CPU_GPU_CV 5680mW/5683mW VDD_SOC 3297mW/3298mW
08-04-2026 22:34:24 RAM 4002/7620MB (lfb 123x1MB) SWAP 1682/12002MB (cached 50MB) CPU [0%@1728,0%@1728,0%@1728,0%@1728,90%@1728,0%@1728] GR3D_FREQ 58% cpu@69.875C soc2@68.156C soc0@68.843C gpu@70.343C tj@70.343C soc1@69.656C VDD_IN 13310mW/13292mW VDD_CPU_GPU_CV 5680mW/5683mW VDD_SOC 3297mW/3298mW
08-04-2026 22:34:24 RAM 3997/7620MB (lfb 123x1MB) SWAP 1682/12002MB (cached 50MB) CPU [33%@1728,9%@1728,10%@1728,0%@1728,100%@1728,0%@1728] GR3D_FREQ 62% cpu@69.781C soc2@68.25C soc0@68.875C gpu@70.375C tj@70.375C soc1@69.656C VDD_IN 13391mW/13292mW VDD_CPU_GPU_CV 5721mW/5683mW VDD_SOC 3337mW/3298mW
08-04-2026 22:34:24 RAM 3997/7620MB (lfb 123x1MB) SWAP 1682/12002MB (cached 50MB) CPU [0%@1728,0%@1728,0%@1728,0%@1728,100%@1728,0%@1728] GR3D_FREQ 60% cpu@69.593C soc2@68.281C soc0@68.968C gpu@70.25C tj@70.25C soc1@69.75C VDD_IN 13350mW/13292mW VDD_CPU_GPU_CV 5721mW/5683mW VDD_SOC 3297mW/3298mW
08-04-2026 22:34:24 RAM 3997/7620MB (lfb 123x1MB) SWAP 1682/12002MB (cached 50MB) CPU [0%@1728,0%@1728,8%@1728,0%@1728,100%@1728,0%@1728] GR3D_FREQ 57% cpu@69.687C soc2@68.156C soc0@69.062C gpu@70.375C tj@70.375C soc1@69.812C VDD_IN 13310mW/13292mW VDD_CPU_GPU_CV 5721mW/5683mW VDD_SOC 3297mW/3298mW
08-04-2026 22:34:25 RAM 3997/7620MB (lfb 123x1MB) SWAP 1682/12002MB (cached 50MB) CPU [0%@1728,0%@1728,0%@1728,0%@1728,100%@1728,0%@1728] GR3D_FREQ 57% cpu@69.812C soc2@68.281C soc0@69.031C gpu@70.312C tj@70.312C soc1@69.593C VDD_IN 13310mW/13292mW VDD_CPU_GPU_CV 5680mW/5683mW VDD_SOC 3297mW/3298mW
08-04-2026 22:34:25 RAM 3997/7620MB (lfb 123x1MB) SWAP 1682/12002MB (cached 50MB) CPU [0%@1728,0%@1728,0%@1728,0%@1728,100%@1728,0%@1728] GR3D_FREQ 59% cpu@69.625C soc2@68.25C soc0@68.843C gpu@70.156C tj@70.156C soc1@69.656C VDD_IN 13310mW/13292mW VDD_CPU_GPU_CV 5680mW/5683mW VDD_SOC 3297mW/3298mW
08-04-2026 22:34:25 RAM 3997/7620MB (lfb 123x1MB) SWAP 1682/12002MB (cached 50MB) CPU [0%@1728,0%@1728,0%@1728,0%@1728,100%@1728,0%@1728] GR3D_FREQ 58% cpu@69.625C soc2@68.187C soc0@68.906C gpu@70.375C tj@70.375C soc1@69.656C VDD_IN 13269mW/13292mW VDD_CPU_GPU_CV 5680mW/5683mW VDD_SOC 3297mW/3298mW
08-04-2026 22:34:25 RAM 3997/7620MB (lfb 123x1MB) SWAP 1682/12002MB (cached 50MB) CPU [0%@1728,0%@1728,0%@1728,0%@1728,100%@1728,0%@1728] GR3D_FREQ 58% cpu@69.562C soc2@68.218C soc0@69.031C gpu@70.312C tj@70.312C soc1@69.75C VDD_IN 13269mW/13292mW VDD_CPU_GPU_CV 5680mW/5683mW VDD_SOC 3297mW/3298mW
08-04-2026 22:34:25 RAM 3997/7620MB (lfb 123x1MB) SWAP 1682/12002MB (cached 50MB) CPU [0%@1728,0%@1728,0%@1728,0%@1728,100%@1728,0%@1728] GR3D_FREQ 58% cpu@69.75C soc2@68.281C soc0@69.062C gpu@70.531C tj@70.531C soc1@69.937C VDD_IN 13269mW/13292mW VDD_CPU_GPU_CV 5680mW/5683mW VDD_SOC 3297mW/3298mW
08-04-2026 22:34:25 RAM 3997/7620MB (lfb 123x1MB) SWAP 1682/12002MB (cached 50MB) CPU [0%@1728,0%@1728,0%@1728,0%@1728,100%@1728,0%@1728] GR3D_FREQ 57% cpu@70C soc2@68.062C soc0@68.75C gpu@70.375C tj@70.375C soc1@69.593C VDD_IN 13310mW/13292mW VDD_CPU_GPU_CV 5680mW/5683mW VDD_SOC 3337mW/3298mW
08-04-2026 22:34:25 RAM 3997/7620MB (lfb 123x1MB) SWAP 1682/12002MB (cached 50MB) CPU [0%@1728,0%@1728,0%@1728,0%@1728,100%@1728,0%@1728] GR3D_FREQ 59% cpu@69.656C soc2@68.187C soc0@68.937C gpu@70.312C tj@70.312C soc1@69.656C VDD_IN 13310mW/13292mW VDD_CPU_GPU_CV 5680mW/5683mW VDD_SOC 3297mW/3298mW
08-04-2026 22:34:25 RAM 3997/7620MB (lfb 123x1MB) SWAP 1682/12002MB (cached 50MB) CPU [9%@1728,0%@1728,9%@1728,0%@1728,100%@1728,0%@1728] GR3D_FREQ 57% cpu@69.625C soc2@68.25C soc0@68.906C gpu@70.468C tj@70.468C soc1@69.75C VDD_IN 13269mW/13292mW VDD_CPU_GPU_CV 5680mW/5683mW VDD_SOC 3297mW/3298mW
08-04-2026 22:34:25 RAM 3997/7620MB (lfb 123x1MB) SWAP 1682/12002MB (cached 50MB) CPU [0%@1728,0%@1728,0%@1728,0%@1728,100%@1728,0%@1728] GR3D_FREQ 60% cpu@69.562C soc2@68.281C soc0@68.968C gpu@70.375C tj@70.375C soc1@69.781C VDD_IN 13269mW/13292mW VDD_CPU_GPU_CV 5680mW/5683mW VDD_SOC 3297mW/3298mW
08-04-2026 22:34:26 RAM 3997/7620MB (lfb 123x1MB) SWAP 1682/12002MB (cached 50MB) CPU [0%@1728,9%@1728,0%@1728,0%@1728,100%@1728,0%@1728] GR3D_FREQ 55% cpu@69.906C soc2@68.25C soc0@69.125C gpu@70.218C tj@70.218C soc1@69.562C VDD_IN 13269mW/13292mW VDD_CPU_GPU_CV 5680mW/5683mW VDD_SOC 3337mW/3298mW
08-04-2026 22:34:26 RAM 3997/7620MB (lfb 123x1MB) SWAP 1682/12002MB (cached 50MB) CPU [0%@1728,0%@1728,0%@1728,0%@1728,100%@1728,0%@1728] GR3D_FREQ 59% cpu@69.687C soc2@68.125C soc0@68.843C gpu@70.5C tj@70.5C soc1@69.593C VDD_IN 13269mW/13292mW VDD_CPU_GPU_CV 5680mW/5683mW VDD_SOC 3297mW/3298mW
08-04-2026 22:34:26 RAM 3997/7620MB (lfb 123x1MB) SWAP 1682/12002MB (cached 50MB) CPU [0%@1728,0%@1728,0%@1728,0%@1728,100%@1728,0%@1728] GR3D_FREQ 59% cpu@69.625C soc2@68.281C soc0@68.875C gpu@70.25C tj@70.25C soc1@69.656C VDD_IN 13269mW/13292mW VDD_CPU_GPU_CV 5680mW/5683mW VDD_SOC 3297mW/3298mW
08-04-2026 22:34:26 RAM 3997/7620MB (lfb 123x1MB) SWAP 1682/12002MB (cached 50MB) CPU [0%@1728,9%@1728,0%@1728,0%@1728,100%@1728,0%@1728] GR3D_FREQ 58% cpu@69.625C soc2@68.156C soc0@68.875C gpu@70.25C tj@70.25C soc1@69.75C VDD_IN 13290mW/13292mW VDD_CPU_GPU_CV 5680mW/5683mW VDD_SOC 3297mW/3298mW
08-04-2026 22:34:26 RAM 3997/7620MB (lfb 123x1MB) SWAP 1682/12002MB (cached 50MB) CPU [0%@1728,0%@1728,0%@1728,0%@1728,100%@1728,0%@1728] GR3D_FREQ 60% cpu@69.843C soc2@68.343C soc0@69C gpu@70.437C tj@70.437C soc1@69.812C VDD_IN 13269mW/13292mW VDD_CPU_GPU_CV 5680mW/5683mW VDD_SOC 3297mW/3298mW
08-04-2026 22:34:26 RAM 3997/7620MB (lfb 123x1MB) SWAP 1682/12002MB (cached 50MB) CPU [0%@1728,0%@1728,0%@1728,9%@1728,100%@1728,0%@1728] GR3D_FREQ 56% cpu@69.968C soc2@68.156C soc0@68.781C gpu@70.312C tj@70.312C soc1@69.656C VDD_IN 13269mW/13292mW VDD_CPU_GPU_CV 5680mW/5683mW VDD_SOC 3297mW/3298mW
08-04-2026 22:34:26 RAM 3997/7620MB (lfb 123x1MB) SWAP 1682/12002MB (cached 50MB) CPU [0%@1728,0%@1728,0%@1728,0%@1728,100%@1728,0%@1728] GR3D_FREQ 59% cpu@69.625C soc2@68.25C soc0@68.968C gpu@70.218C tj@70.218C soc1@69.656C VDD_IN 13310mW/13292mW VDD_CPU_GPU_CV 5680mW/5683mW VDD_SOC 3297mW/3298mW
08-04-2026 22:34:26 RAM 3997/7620MB (lfb 123x1MB) SWAP 1682/12002MB (cached 50MB) CPU [0%@1728,0%@1728,9%@1728,0%@1728,100%@1728,0%@1728] GR3D_FREQ 61% cpu@69.593C soc2@68.281C soc0@68.968C gpu@70.468C tj@70.468C soc1@69.75C VDD_IN 13310mW/13292mW VDD_CPU_GPU_CV 5680mW/5683mW VDD_SOC 3297mW/3298mW
08-04-2026 22:34:26 RAM 3997/7620MB (lfb 123x1MB) SWAP 1682/12002MB (cached 50MB) CPU [0%@1728,0%@1728,0%@1728,0%@1728,100%@1728,0%@1728] GR3D_FREQ 59% cpu@69.875C soc2@68.218C soc0@69.031C gpu@70.312C tj@70.312C soc1@69.843C VDD_IN 13331mW/13292mW VDD_CPU_GPU_CV 5680mW/5683mW VDD_SOC 3297mW/3298mW
08-04-2026 22:34:26 RAM 3997/7620MB (lfb 123x1MB) SWAP 1682/12002MB (cached 50MB) CPU [0%@1728,0%@1728,0%@1728,0%@1728,100%@1728,0%@1728] GR3D_FREQ 58% cpu@70.031C soc2@68.187C soc0@68.843C gpu@70.218C tj@70.218C soc1@69.593C VDD_IN 13290mW/13292mW VDD_CPU_GPU_CV 5680mW/5683mW VDD_SOC 3297mW/3298mW
08-04-2026 22:34:27 RAM 3997/7620MB (lfb 123x1MB) SWAP 1682/12002MB (cached 50MB) CPU [0%@1728,0%@1728,0%@1728,0%@1728,100%@1728,0%@1728] GR3D_FREQ 57% cpu@69.687C soc2@68.156C soc0@68.843C gpu@70.406C tj@70.406C soc1@69.687C VDD_IN 13290mW/13292mW VDD_CPU_GPU_CV 5680mW/5683mW VDD_SOC 3297mW/3298mW
08-04-2026 22:34:27 RAM 3997/7620MB (lfb 123x1MB) SWAP 1682/12002MB (cached 50MB) CPU [0%@1728,0%@1728,0%@1728,0%@1728,100%@1728,0%@1728] GR3D_FREQ 60% cpu@69.593C soc2@68.156C soc0@68.937C gpu@70.281C tj@70.281C soc1@69.687C VDD_IN 13269mW/13292mW VDD_CPU_GPU_CV 5680mW/5683mW VDD_SOC 3297mW/3298mW
08-04-2026 22:34:27 RAM 3997/7620MB (lfb 123x1MB) SWAP 1682/12002MB (cached 50MB) CPU [0%@1728,0%@1728,0%@1728,0%@1728,100%@1728,0%@1728] GR3D_FREQ 57% cpu@69.656C soc2@68.187C soc0@68.906C gpu@70.406C tj@70.187C soc1@69.781C VDD_IN 13269mW/13292mW VDD_CPU_GPU_CV 5680mW/5683mW VDD_SOC 3297mW/3298mW
08-04-2026 22:34:27 RAM 3997/7620MB (lfb 123x1MB) SWAP 1682/12002MB (cached 50MB) CPU [0%@1728,0%@1728,0%@1728,0%@1728,100%@1728,0%@1728] GR3D_FREQ 56% cpu@69.75C soc2@68.25C soc0@69.062C gpu@70.375C tj@70.375C soc1@69.625C VDD_IN 13269mW/13292mW VDD_CPU_GPU_CV 5680mW/5683mW VDD_SOC 3297mW/3298mW
08-04-2026 22:34:27 RAM 3997/7620MB (lfb 123x1MB) SWAP 1682/12002MB (cached 50MB) CPU [0%@1728,0%@1728,0%@1728,0%@1728,100%@1728,0%@1728] GR3D_FREQ 60% cpu@69.593C soc2@68.218C soc0@68.906C gpu@70.187C tj@70.187C soc1@69.656C VDD_IN 13269mW/13292mW VDD_CPU_GPU_CV 5680mW/5683mW VDD_SOC 3297mW/3298mW
08-04-2026 22:34:27 RAM 3997/7620MB (lfb 123x1MB) SWAP 1682/12002MB (cached 50MB) CPU [16%@1728,0%@1728,9%@1728,10%@1728,100%@1728,0%@1728] GR3D_FREQ 61% cpu@69.593C soc2@68.187C soc0@68.906C gpu@70.437C tj@70.437C soc1@69.687C VDD_IN 13310mW/13292mW VDD_CPU_GPU_CV 5680mW/5683mW VDD_SOC 3297mW/3298mW
08-04-2026 22:34:27 RAM 3997/7620MB (lfb 123x1MB) SWAP 1682/12002MB (cached 50MB) CPU [0%@1728,0%@1728,0%@1728,8%@1728,100%@1728,0%@1728] GR3D_FREQ 60% cpu@69.625C soc2@68.156C soc0@68.968C gpu@70.343C tj@70.343C soc1@69.781C VDD_IN 13269mW/13292mW VDD_CPU_GPU_CV 5680mW/5683mW VDD_SOC 3297mW/3298mW
08-04-2026 22:34:27 RAM 3997/7620MB (lfb 123x1MB) SWAP 1682/12002MB (cached 50MB) CPU [0%@1728,0%@1728,0%@1728,0%@1728,100%@1728,0%@1728] GR3D_FREQ 56% cpu@69.875C soc2@68.218C soc0@69.093C gpu@70.281C tj@70.281C soc1@69.875C VDD_IN 13310mW/13292mW VDD_CPU_GPU_CV 5680mW/5683mW VDD_SOC 3297mW/3298mW
08-04-2026 22:34:27 RAM 3997/7620MB (lfb 123x1MB) SWAP 1682/12002MB (cached 50MB) CPU [0%@1728,0%@1728,0%@1728,0%@1728,100%@1728,0%@1728] GR3D_FREQ 57% cpu@70.031C soc2@68.343C soc0@68.937C gpu@70.437C tj@70.437C soc1@69.625C VDD_IN 13269mW/13292mW VDD_CPU_GPU_CV 5680mW/5683mW VDD_SOC 3297mW/3298mW
08-04-2026 22:34:28 RAM 3997/7620MB (lfb 123x1MB) SWAP 1682/12002MB (cached 50MB) CPU [0%@1728,16%@1728,9%@1728,20%@1728,100%@1728,0%@1728] GR3D_FREQ 59% cpu@69.75C soc2@68.187C soc0@68.812C gpu@70.343C tj@70.343C soc1@69.625C VDD_IN 13350mW/13292mW VDD_CPU_GPU_CV 5721mW/5683mW VDD_SOC 3297mW/3298mW
08-04-2026 22:34:28 RAM 3997/7620MB (lfb 123x1MB) SWAP 1682/12002MB (cached 50MB) CPU [0%@1728,0%@1728,0%@1728,0%@1728,100%@1728,0%@1728] GR3D_FREQ 57% cpu@69.656C soc2@68.187C soc0@68.906C gpu@70.25C tj@70.25C soc1@69.718C VDD_IN 13350mW/13292mW VDD_CPU_GPU_CV 5721mW/5683mW VDD_SOC 3297mW/3298mW
08-04-2026 22:34:28 RAM 3997/7620MB (lfb 123x1MB) SWAP 1682/12002MB (cached 50MB) CPU [0%@1728,0%@1728,0%@1728,0%@1728,100%@1728,0%@1728] GR3D_FREQ 58% cpu@69.625C soc2@68.25C soc0@69.031C gpu@70.437C tj@70.437C soc1@69.812C VDD_IN 13350mW/13292mW VDD_CPU_GPU_CV 5721mW/5683mW VDD_SOC 3297mW/3298mW
08-04-2026 22:34:28 RAM 3997/7620MB (lfb 123x1MB) SWAP 1682/12002MB (cached 50MB) CPU [9%@1728,0%@1728,0%@1728,60%@1728,100%@1728,0%@1728] GR3D_FREQ 60% cpu@69.937C soc2@68.343C soc0@69C gpu@70.25C tj@70.25C soc1@69.656C VDD_IN 13432mW/13292mW VDD_CPU_GPU_CV 5761mW/5683mW VDD_SOC 3337mW/3298mW
08-04-2026 22:34:28 RAM 3997/7620MB (lfb 123x1MB) SWAP 1682/12002MB (cached 50MB) CPU [0%@1728,0%@1728,0%@1728,0%@1728,100%@1728,0%@1728] GR3D_FREQ 58% cpu@69.625C soc2@68.218C soc0@68.812C gpu@70.218C tj@70.218C soc1@69.656C VDD_IN 13391mW/13292mW VDD_CPU_GPU_CV 5761mW/5683mW VDD_SOC 3297mW/3298mW
08-04-2026 22:34:28 RAM 3997/7620MB (lfb 123x1MB) SWAP 1682/12002MB (cached 50MB) CPU [0%@1728,0%@1728,0%@1728,10%@1728,100%@1728,0%@1728] GR3D_FREQ 59% cpu@69.656C soc2@68.281C soc0@68.906C gpu@70.468C tj@70.468C soc1@69.718C VDD_IN 13391mW/13292mW VDD_CPU_GPU_CV 5761mW/5683mW VDD_SOC 3337mW/3298mW
08-04-2026 22:34:28 RAM 3997/7620MB (lfb 123x1MB) SWAP 1682/12002MB (cached 50MB) CPU [0%@1728,0%@1728,9%@1728,8%@1728,100%@1728,0%@1728] GR3D_FREQ 58% cpu@69.656C soc2@68.187C soc0@69.093C gpu@70.375C tj@70.375C soc1@69.781C VDD_IN 13391mW/13292mW VDD_CPU_GPU_CV 5721mW/5683mW VDD_SOC 3337mW/3298mW
08-04-2026 22:34:28 RAM 3997/7620MB (lfb 123x1MB) SWAP 1682/12002MB (cached 50MB) CPU [9%@1728,0%@1728,8%@1728,0%@1728,100%@1728,0%@1728] GR3D_FREQ 60% cpu@69.906C soc2@68.312C soc0@69C gpu@70.218C tj@70.218C soc1@69.625C VDD_IN 13391mW/13292mW VDD_CPU_GPU_CV 5721mW/5683mW VDD_SOC 3337mW/3298mW
08-04-2026 22:34:28 RAM 3997/7620MB (lfb 123x1MB) SWAP 1682/12002MB (cached 50MB) CPU [9%@1728,0%@1728,0%@1728,0%@1728,100%@1728,0%@1728] GR3D_FREQ 59% cpu@69.906C soc2@68.156C soc0@68.875C gpu@70.343C tj@70.343C soc1@69.656C VDD_IN 13350mW/13292mW VDD_CPU_GPU_CV 5721mW/5683mW VDD_SOC 3337mW/3298mW
08-04-2026 22:34:28 RAM 3997/7620MB (lfb 123x1MB) SWAP 1682/12002MB (cached 50MB) CPU [8%@1728,0%@1728,0%@1728,0%@1728,100%@1728,0%@1728] GR3D_FREQ 57% cpu@69.562C soc2@68.218C soc0@68.906C gpu@70.25C tj@70.25C soc1@69.687C VDD_IN 13310mW/13292mW VDD_CPU_GPU_CV 5680mW/5683mW VDD_SOC 3297mW/3298mW
08-04-2026 22:34:29 RAM 3997/7620MB (lfb 123x1MB) SWAP 1682/12002MB (cached 50MB) CPU [0%@1728,0%@1728,0%@1728,0%@1728,100%@1728,0%@1728] GR3D_FREQ 60% cpu@69.593C soc2@68.156C soc0@69C gpu@70.187C tj@70.187C soc1@69.781C VDD_IN 13331mW/13292mW VDD_CPU_GPU_CV 5680mW/5683mW VDD_SOC 3297mW/3298mW
08-04-2026 22:34:29 RAM 3997/7620MB (lfb 123x1MB) SWAP 1682/12002MB (cached 50MB) CPU [0%@1728,0%@1728,0%@1728,0%@1728,100%@1728,0%@1728] GR3D_FREQ 59% cpu@69.906C soc2@68.218C soc0@69.125C gpu@70.281C tj@70.281C soc1@69.781C VDD_IN 13331mW/13293mW VDD_CPU_GPU_CV 5680mW/5683mW VDD_SOC 3297mW/3298mW
08-04-2026 22:34:29 RAM 3997/7620MB (lfb 123x1MB) SWAP 1682/12002MB (cached 50MB) CPU [0%@1728,0%@1728,0%@1728,0%@1728,100%@1728,0%@1728] GR3D_FREQ 57% cpu@69.937C soc2@68.343C soc0@69.093C gpu@70.25C tj@70.25C soc1@69.625C VDD_IN 13331mW/13293mW VDD_CPU_GPU_CV 5680mW/5683mW VDD_SOC 3297mW/3298mW
08-04-2026 22:34:29 RAM 3997/7620MB (lfb 123x1MB) SWAP 1682/12002MB (cached 50MB) CPU [0%@1728,8%@1728,0%@1728,0%@1728,100%@1728,0%@1728] GR3D_FREQ 58% cpu@69.75C soc2@68.25C soc0@68.875C gpu@70.5C tj@70.5C soc1@69.656C VDD_IN 13290mW/13293mW VDD_CPU_GPU_CV 5680mW/5683mW VDD_SOC 3297mW/3298mW
08-04-2026 22:34:29 RAM 3997/7620MB (lfb 123x1MB) SWAP 1682/12002MB (cached 50MB) CPU [0%@1728,0%@1728,0%@1728,0%@1728,100%@1728,0%@1728] GR3D_FREQ 59% cpu@69.625C soc2@68.312C soc0@68.937C gpu@70.312C tj@70.312C soc1@69.687C VDD_IN 13290mW/13293mW VDD_CPU_GPU_CV 5680mW/5683mW VDD_SOC 3297mW/3298mW
08-04-2026 22:34:29 RAM 3997/7620MB (lfb 123x1MB) SWAP 1682/12002MB (cached 50MB) CPU [9%@1728,0%@1728,0%@1728,10%@1728,100%@1728,0%@1728] GR3D_FREQ 61% cpu@69.656C soc2@68.25C soc0@69.031C gpu@70.187C tj@70.187C soc1@69.843C VDD_IN 13290mW/13293mW VDD_CPU_GPU_CV 5680mW/5683mW VDD_SOC 3297mW/3298mW
08-04-2026 22:34:29 RAM 3997/7620MB (lfb 123x1MB) SWAP 1682/12002MB (cached 50MB) CPU [0%@1728,0%@1728,0%@1728,0%@1728,100%@1728,0%@1728] GR3D_FREQ 59% cpu@69.937C soc2@68.343C soc0@69.125C gpu@70.531C tj@70.531C soc1@69.625C VDD_IN 13290mW/13293mW VDD_CPU_GPU_CV 5680mW/5683mW VDD_SOC 3297mW/3298mW
08-04-2026 22:34:29 RAM 3997/7620MB (lfb 123x1MB) SWAP 1682/12002MB (cached 50MB) CPU [9%@1728,0%@1728,0%@1728,9%@1728,100%@1728,0%@1728] GR3D_FREQ 59% cpu@69.718C soc2@68.125C soc0@68.968C gpu@70.343C tj@70.343C soc1@69.593C VDD_IN 13290mW/13293mW VDD_CPU_GPU_CV 5680mW/5683mW VDD_SOC 3297mW/3298mW
08-04-2026 22:34:29 RAM 3997/7620MB (lfb 123x1MB) SWAP 1682/12002MB (cached 50MB) CPU [0%@1728,0%@1728,0%@1728,0%@1728,100%@1728,0%@1728] GR3D_FREQ 59% cpu@69.593C soc2@68.25C soc0@68.937C gpu@70.25C tj@70.25C soc1@69.687C VDD_IN 13290mW/13293mW VDD_CPU_GPU_CV 5680mW/5683mW VDD_SOC 3297mW/3298mW
08-04-2026 22:34:30 RAM 3997/7620MB (lfb 123x1MB) SWAP 1682/12002MB (cached 50MB) CPU [0%@1728,0%@1728,0%@1728,0%@1728,100%@1728,0%@1728] GR3D_FREQ 56% cpu@69.625C soc2@68.343C soc0@68.968C gpu@70.375C tj@70.375C soc1@69.781C VDD_IN 13269mW/13293mW VDD_CPU_GPU_CV 5680mW/5683mW VDD_SOC 3297mW/3298mW
08-04-2026 22:34:30 RAM 3997/7620MB (lfb 123x1MB) SWAP 1682/12002MB (cached 50MB) CPU [0%@1728,0%@1728,0%@1728,0%@1728,100%@1728,0%@1728] GR3D_FREQ 60% cpu@69.656C soc2@68.25C soc0@69.125C gpu@70.312C tj@70.312C soc1@69.875C VDD_IN 13290mW/13293mW VDD_CPU_GPU_CV 5680mW/5683mW VDD_SOC 3297mW/3298mW
08-04-2026 22:34:30 RAM 3997/7620MB (lfb 123x1MB) SWAP 1682/12002MB (cached 50MB) CPU [0%@1728,0%@1728,0%@1728,0%@1728,100%@1728,0%@1728] GR3D_FREQ 57% cpu@69.906C soc2@68.375C soc0@68.906C gpu@70.593C tj@70.593C soc1@69.625C VDD_IN 13290mW/13293mW VDD_CPU_GPU_CV 5680mW/5683mW VDD_SOC 3297mW/3298mW
08-04-2026 22:34:30 RAM 3997/7620MB (lfb 123x1MB) SWAP 1682/12002MB (cached 50MB) CPU [0%@1728,0%@1728,0%@1728,0%@1728,100%@1728,0%@1728] GR3D_FREQ 58% cpu@69.687C soc2@68.281C soc0@68.875C gpu@70.437C tj@70.437C soc1@69.656C VDD_IN 13290mW/13293mW VDD_CPU_GPU_CV 5680mW/5683mW VDD_SOC 3297mW/3298mW
08-04-2026 22:34:30 RAM 3997/7620MB (lfb 123x1MB) SWAP 1682/12002MB (cached 50MB) CPU [0%@1728,0%@1728,0%@1728,0%@1728,100%@1728,0%@1728] GR3D_FREQ 60% cpu@69.625C soc2@68.312C soc0@68.906C gpu@70.25C tj@70.25C soc1@69.687C VDD_IN 13290mW/13293mW VDD_CPU_GPU_CV 5680mW/5683mW VDD_SOC 3297mW/3298mW
08-04-2026 22:34:30 RAM 3997/7620MB (lfb 123x1MB) SWAP 1682/12002MB (cached 50MB) CPU [0%@1728,0%@1728,0%@1728,0%@1728,100%@1728,0%@1728] GR3D_FREQ 59% cpu@69.75C soc2@68.218C soc0@68.906C gpu@70.5C tj@70.5C soc1@69.843C VDD_IN 13290mW/13293mW VDD_CPU_GPU_CV 5680mW/5683mW VDD_SOC 3297mW/3298mW
08-04-2026 22:34:30 RAM 3997/7620MB (lfb 123x1MB) SWAP 1682/12002MB (cached 50MB) CPU [0%@1728,0%@1728,0%@1728,9%@1728,100%@1728,0%@1728] GR3D_FREQ 60% cpu@70C soc2@68.281C soc0@69.125C gpu@70.437C tj@70.437C soc1@69.625C VDD_IN 13331mW/13293mW VDD_CPU_GPU_CV 5680mW/5683mW VDD_SOC 3297mW/3298mW
08-04-2026 22:34:30 RAM 3997/7620MB (lfb 123x1MB) SWAP 1682/12002MB (cached 50MB) CPU [0%@1728,9%@1728,0%@1728,0%@1728,100%@1728,0%@1728] GR3D_FREQ 57% cpu@69.687C soc2@68.187C soc0@68.906C gpu@70.343C tj@70.343C soc1@69.593C VDD_IN 13331mW/13293mW VDD_CPU_GPU_CV 5680mW/5683mW VDD_SOC 3297mW/3298mW
08-04-2026 22:34:30 RAM 3997/7620MB (lfb 123x1MB) SWAP 1682/12002MB (cached 50MB) CPU [0%@1728,0%@1728,0%@1728,0%@1728,100%@1728,0%@1728] GR3D_FREQ 60% cpu@69.562C soc2@68.25C soc0@68.906C gpu@70.531C tj@70.531C soc1@69.781C VDD_IN 13290mW/13293mW VDD_CPU_GPU_CV 5680mW/5683mW VDD_SOC 3297mW/3298mW
08-04-2026 22:34:30 RAM 3997/7620MB (lfb 123x1MB) SWAP 1682/12002MB (cached 50MB) CPU [0%@1728,8%@1728,0%@1728,0%@1728,100%@1728,0%@1728] GR3D_FREQ 60% cpu@69.593C soc2@68.281C soc0@69.031C gpu@70.375C tj@70.375C soc1@69.812C VDD_IN 13269mW/13293mW VDD_CPU_GPU_CV 5680mW/5683mW VDD_SOC 3297mW/3298mW
08-04-2026 22:34:31 RAM 3997/7620MB (lfb 123x1MB) SWAP 1682/12002MB (cached 50MB) CPU [0%@1728,0%@1728,0%@1728,0%@1728,100%@1728,0%@1728] GR3D_FREQ 56% cpu@69.875C soc2@68.281C soc0@69C gpu@70.281C tj@70.281C soc1@69.875C VDD_IN 13290mW/13293mW VDD_CPU_GPU_CV 5680mW/5683mW VDD_SOC 3297mW/3298mW
08-04-2026 22:34:31 RAM 3997/7620MB (lfb 123x1MB) SWAP 1682/12002MB (cached 50MB) CPU [9%@1728,0%@1728,0%@1728,0%@1728,100%@1728,0%@1728] GR3D_FREQ 58% cpu@70.031C soc2@68.156C soc0@68.906C gpu@70.468C tj@70.468C soc1@69.625C VDD_IN 13290mW/13293mW VDD_CPU_GPU_CV 5680mW/5683mW VDD_SOC 3297mW/3298mW
08-04-2026 22:34:31 RAM 3991/7620MB (lfb 123x1MB) SWAP 1682/12002MB (cached 50MB) CPU [0%@1728,27%@1728,10%@1728,9%@1728,100%@1728,0%@1728] GR3D_FREQ 57% cpu@69.75C soc2@68.218C soc0@68.968C gpu@70.343C tj@70.343C soc1@69.687C VDD_IN 13371mW/13293mW VDD_CPU_GPU_CV 5721mW/5683mW VDD_SOC 3337mW/3298mW
08-04-2026 22:34:31 RAM 3991/7620MB (lfb 123x1MB) SWAP 1682/12002MB (cached 50MB) CPU [0%@1728,0%@1728,0%@1728,0%@1728,100%@1728,0%@1728] GR3D_FREQ 56% cpu@69.625C soc2@68.281C soc0@69C gpu@70.25C tj@70.25C soc1@69.75C VDD_IN 13331mW/13293mW VDD_CPU_GPU_CV 5721mW/5683mW VDD_SOC 3337mW/3298mW
08-04-2026 22:34:31 RAM 3991/7620MB (lfb 123x1MB) SWAP 1682/12002MB (cached 50MB) CPU [0%@1728,0%@1728,9%@1728,0%@1728,100%@1728,0%@1728] GR3D_FREQ 59% cpu@69.625C soc2@68.25C soc0@69.031C gpu@70.437C tj@70.437C soc1@69.875C VDD_IN 13331mW/13293mW VDD_CPU_GPU_CV 5721mW/5683mW VDD_SOC 3297mW/3298mW
08-04-2026 22:34:31 RAM 3991/7620MB (lfb 123x1MB) SWAP 1682/12002MB (cached 50MB) CPU [0%@1728,0%@1728,0%@1728,10%@1728,100%@1728,0%@1728] GR3D_FREQ 64% cpu@69.968C soc2@68.406C soc0@69.093C gpu@70.218C tj@70.218C soc1@69.593C VDD_IN 13310mW/13293mW VDD_CPU_GPU_CV 5721mW/5683mW VDD_SOC 3337mW/3299mW
08-04-2026 22:34:31 RAM 3991/7620MB (lfb 123x1MB) SWAP 1682/12002MB (cached 50MB) CPU [0%@1728,0%@1728,0%@1728,9%@1728,100%@1728,0%@1728] GR3D_FREQ 60% cpu@69.718C soc2@68.218C soc0@68.781C gpu@70.281C tj@70.281C soc1@69.687C VDD_IN 13331mW/13293mW VDD_CPU_GPU_CV 5721mW/5683mW VDD_SOC 3337mW/3299mW
08-04-2026 22:34:31 RAM 3991/7620MB (lfb 123x1MB) SWAP 1682/12002MB (cached 50MB) CPU [0%@1728,0%@1728,0%@1728,0%@1728,100%@1728,0%@1728] GR3D_FREQ 58% cpu@69.625C soc2@68.281C soc0@68.906C gpu@70.406C tj@70.406C soc1@69.718C VDD_IN 13310mW/13293mW VDD_CPU_GPU_CV 5721mW/5683mW VDD_SOC 3337mW/3299mW
08-04-2026 22:34:31 RAM 3991/7620MB (lfb 123x1MB) SWAP 1682/12002MB (cached 50MB) CPU [0%@1728,0%@1728,0%@1728,0%@1728,100%@1728,0%@1728] GR3D_FREQ 56% cpu@69.625C soc2@68.281C soc0@68.937C gpu@70.312C tj@70.312C soc1@69.812C VDD_IN 13310mW/13293mW VDD_CPU_GPU_CV 5680mW/5683mW VDD_SOC 3337mW/3299mW
08-04-2026 22:34:32 RAM 3991/7620MB (lfb 123x1MB) SWAP 1682/12002MB (cached 50MB) CPU [0%@1728,0%@1728,0%@1728,0%@1728,100%@1728,0%@1728] GR3D_FREQ 59% cpu@69.968C soc2@68.218C soc0@69.062C gpu@70.531C tj@70.187C soc1@69.812C VDD_IN 13331mW/13293mW VDD_CPU_GPU_CV 5680mW/5683mW VDD_SOC 3337mW/3299mW
08-04-2026 22:34:32 RAM 3991/7620MB (lfb 123x1MB) SWAP 1682/12002MB (cached 50MB) CPU [0%@1728,0%@1728,8%@1728,0%@1728,100%@1728,0%@1728] GR3D_FREQ 59% cpu@69.625C soc2@68.125C soc0@68.906C gpu@70.406C tj@70.406C soc1@69.625C VDD_IN 13290mW/13293mW VDD_CPU_GPU_CV 5680mW/5683mW VDD_SOC 3337mW/3299mW
08-04-2026 22:34:32 RAM 3991/7620MB (lfb 123x1MB) SWAP 1682/12002MB (cached 50MB) CPU [0%@1728,0%@1728,0%@1728,0%@1728,100%@1728,0%@1728] GR3D_FREQ 58% cpu@69.593C soc2@68.187C soc0@68.906C gpu@70.375C tj@70.375C soc1@69.687C VDD_IN 13290mW/13293mW VDD_CPU_GPU_CV 5680mW/5683mW VDD_SOC 3297mW/3299mW
08-04-2026 22:34:32 RAM 3991/7620MB (lfb 123x1MB) SWAP 1682/12002MB (cached 50MB) CPU [0%@1728,0%@1728,0%@1728,0%@1728,100%@1728,0%@1728] GR3D_FREQ 58% cpu@69.625C soc2@68.187C soc0@68.968C gpu@70.562C tj@70.562C soc1@69.687C VDD_IN 13290mW/13293mW VDD_CPU_GPU_CV 5680mW/5683mW VDD_SOC 3297mW/3299mW
08-04-2026 22:34:32 RAM 3991/7620MB (lfb 123x1MB) SWAP 1682/12002MB (cached 50MB) CPU [0%@1728,0%@1728,0%@1728,0%@1728,100%@1728,0%@1728] GR3D_FREQ 59% cpu@69.718C soc2@68.281C soc0@69C gpu@70.375C tj@70.375C soc1@69.906C VDD_IN 13290mW/13293mW VDD_CPU_GPU_CV 5680mW/5683mW VDD_SOC 3297mW/3299mW
08-04-2026 22:34:32 RAM 3991/7620MB (lfb 123x1MB) SWAP 1682/12002MB (cached 50MB) CPU [0%@1728,0%@1728,0%@1728,0%@1728,100%@1728,0%@1728] GR3D_FREQ 59% cpu@70.093C soc2@68.281C soc0@69.218C gpu@70.281C tj@70.281C soc1@69.625C VDD_IN 13290mW/13293mW VDD_CPU_GPU_CV 5680mW/5683mW VDD_SOC 3297mW/3299mW
08-04-2026 22:34:32 RAM 3991/7620MB (lfb 123x1MB) SWAP 1682/12002MB (cached 50MB) CPU [16%@1728,9%@1728,9%@1728,10%@1728,100%@1728,0%@1728] GR3D_FREQ 57% cpu@69.781C soc2@68.156C soc0@68.937C gpu@70.5C tj@70.5C soc1@69.687C VDD_IN 13269mW/13293mW VDD_CPU_GPU_CV 5680mW/5683mW VDD_SOC 3297mW/3299mW
08-04-2026 22:34:32 RAM 3991/7620MB (lfb 123x1MB) SWAP 1682/12002MB (cached 50MB) CPU [0%@1728,0%@1728,0%@1728,0%@1728,100%@1728,0%@1728] GR3D_FREQ 58% cpu@69.625C soc2@68.25C soc0@68.968C gpu@70.375C tj@70.375C soc1@69.718C VDD_IN 13269mW/13293mW VDD_CPU_GPU_CV 5680mW/5683mW VDD_SOC 3297mW/3299mW
08-04-2026 22:34:32 RAM 3991/7620MB (lfb 123x1MB) SWAP 1682/12002MB (cached 50MB) CPU [0%@1728,0%@1728,0%@1728,0%@1728,100%@1728,0%@1728] GR3D_FREQ 59% cpu@69.656C soc2@68.281C soc0@69C gpu@70.312C tj@70.312C soc1@69.875C VDD_IN 13290mW/13293mW VDD_CPU_GPU_CV 5680mW/5683mW VDD_SOC 3297mW/3299mW
08-04-2026 22:34:32 RAM 3991/7620MB (lfb 123x1MB) SWAP 1682/12002MB (cached 50MB) CPU [0%@1728,0%@1728,0%@1728,0%@1728,100%@1728,0%@1728] GR3D_FREQ 56% cpu@70.031C soc2@68.312C soc0@69.187C gpu@70.406C tj@70.406C soc1@69.906C VDD_IN 13290mW/13293mW VDD_CPU_GPU_CV 5680mW/5683mW VDD_SOC 3297mW/3299mW
08-04-2026 22:34:33 RAM 3991/7620MB (lfb 123x1MB) SWAP 1682/12002MB (cached 50MB) CPU [0%@1728,0%@1728,8%@1728,0%@1728,100%@1728,0%@1728] GR3D_FREQ 59% cpu@69.656C soc2@68.187C soc0@68.906C gpu@70.406C tj@70.406C soc1@69.718C VDD_IN 13290mW/13293mW VDD_CPU_GPU_CV 5680mW/5683mW VDD_SOC 3297mW/3299mW
08-04-2026 22:34:33 RAM 3991/7620MB (lfb 123x1MB) SWAP 1682/12002MB (cached 50MB) CPU [0%@1728,9%@1728,0%@1728,0%@1728,100%@1728,0%@1728] GR3D_FREQ 58% cpu@69.593C soc2@68.25C soc0@69C gpu@70.562C tj@70.562C soc1@69.687C VDD_IN 13290mW/13293mW VDD_CPU_GPU_CV 5680mW/5683mW VDD_SOC 3297mW/3299mW
08-04-2026 22:34:33 RAM 3991/7620MB (lfb 123x1MB) SWAP 1682/12002MB (cached 50MB) CPU [8%@1728,0%@1728,0%@1728,0%@1728,100%@1728,0%@1728] GR3D_FREQ 57% cpu@69.625C soc2@68.187C soc0@68.937C gpu@70.437C tj@70.437C soc1@69.75C VDD_IN 13249mW/13293mW VDD_CPU_GPU_CV 5680mW/5683mW VDD_SOC 3297mW/3299mW
08-04-2026 22:34:33 RAM 3991/7620MB (lfb 123x1MB) SWAP 1682/12002MB (cached 50MB) CPU [0%@1728,0%@1728,0%@1728,0%@1728,100%@1728,0%@1728] GR3D_FREQ 60% cpu@69.687C soc2@68.312C soc0@68.968C gpu@70.218C tj@70.218C soc1@69.875C VDD_IN 13290mW/13293mW VDD_CPU_GPU_CV 5680mW/5683mW VDD_SOC 3297mW/3299mW
08-04-2026 22:34:33 RAM 3991/7620MB (lfb 123x1MB) SWAP 1682/12002MB (cached 50MB) CPU [0%@1728,0%@1728,0%@1728,0%@1728,100%@1728,0%@1728] GR3D_FREQ 58% cpu@70.093C soc2@68.281C soc0@68.906C gpu@70.593C tj@70.593C soc1@69.625C VDD_IN 13290mW/13293mW VDD_CPU_GPU_CV 5680mW/5683mW VDD_SOC 3297mW/3299mW
08-04-2026 22:34:33 RAM 3991/7620MB (lfb 123x1MB) SWAP 1682/12002MB (cached 50MB) CPU [0%@1728,9%@1728,0%@1728,10%@1728,100%@1728,0%@1728] GR3D_FREQ 68% cpu@69.687C soc2@68.156C soc0@68.937C gpu@70.5C tj@70.5C soc1@69.687C VDD_IN 13269mW/13293mW VDD_CPU_GPU_CV 5680mW/5683mW VDD_SOC 3297mW/3299mW
08-04-2026 22:34:33 RAM 3991/7620MB (lfb 123x1MB) SWAP 1682/12002MB (cached 50MB) CPU [0%@1728,0%@1728,8%@1728,0%@1728,100%@1728,0%@1728] GR3D_FREQ 59% cpu@69.531C soc2@68.25C soc0@68.937C gpu@70.312C tj@70.312C soc1@69.75C VDD_IN 13310mW/13293mW VDD_CPU_GPU_CV 5680mW/5683mW VDD_SOC 3297mW/3299mW
08-04-2026 22:34:33 RAM 3991/7620MB (lfb 123x1MB) SWAP 1682/12002MB (cached 50MB) CPU [0%@1728,0%@1728,0%@1728,0%@1728,100%@1728,0%@1728] GR3D_FREQ 59% cpu@69.625C soc2@68.25C soc0@69.031C gpu@70.531C tj@70.531C soc1@69.875C VDD_IN 13310mW/13293mW VDD_CPU_GPU_CV 5680mW/5683mW VDD_SOC 3297mW/3299mW
08-04-2026 22:34:33 RAM 3991/7620MB (lfb 123x1MB) SWAP 1682/12002MB (cached 50MB) CPU [0%@1728,0%@1728,0%@1728,0%@1728,100%@1728,0%@1728] GR3D_FREQ 57% cpu@69.937C soc2@68.312C soc0@69.125C gpu@70.406C tj@70.406C soc1@69.968C VDD_IN 13290mW/13293mW VDD_CPU_GPU_CV 5680mW/5683mW VDD_SOC 3297mW/3299mW
08-04-2026 22:34:34 RAM 3991/7620MB (lfb 123x1MB) SWAP 1682/12002MB (cached 50MB) CPU [0%@1728,0%@1728,0%@1728,0%@1728,100%@1728,0%@1728] GR3D_FREQ 58% cpu@69.687C soc2@68.218C soc0@68.875C gpu@70.312C tj@70.312C soc1@69.687C VDD_IN 13331mW/13293mW VDD_CPU_GPU_CV 5680mW/5683mW VDD_SOC 3297mW/3299mW
08-04-2026 22:34:34 RAM 3991/7620MB (lfb 123x1MB) SWAP 1682/12002MB (cached 50MB) CPU [0%@1728,9%@1728,0%@1728,0%@1728,100%@1728,0%@1728] GR3D_FREQ 59% cpu@69.625C soc2@68.25C soc0@68.875C gpu@70.531C tj@70.531C soc1@69.687C VDD_IN 13331mW/13293mW VDD_CPU_GPU_CV 5680mW/5683mW VDD_SOC 3297mW/3299mW
08-04-2026 22:34:34 RAM 3991/7620MB (lfb 123x1MB) SWAP 1682/12002MB (cached 50MB) CPU [0%@1728,0%@1728,0%@1728,0%@1728,100%@1728,0%@1728] GR3D_FREQ 56% cpu@69.562C soc2@68.25C soc0@68.937C gpu@70.406C tj@70.406C soc1@69.718C VDD_IN 13290mW/13293mW VDD_CPU_GPU_CV 5680mW/5683mW VDD_SOC 3297mW/3299mW
08-04-2026 22:34:34 RAM 3991/7620MB (lfb 123x1MB) SWAP 1682/12002MB (cached 50MB) CPU [9%@1728,0%@1728,0%@1728,0%@1728,100%@1728,0%@1728] GR3D_FREQ 59% cpu@69.687C soc2@68.281C soc0@69.062C gpu@70.625C tj@70.625C soc1@69.875C VDD_IN 13290mW/13293mW VDD_CPU_GPU_CV 5680mW/5683mW VDD_SOC 3297mW/3299mW
08-04-2026 22:34:34 RAM 3995/7620MB (lfb 123x1MB) SWAP 1682/12002MB (cached 50MB) CPU [18%@1728,18%@1728,9%@1728,11%@1728,100%@1728,0%@1728] GR3D_FREQ 57% cpu@70.187C soc2@68.218C soc0@68.812C gpu@70.468C tj@70.468C soc1@69.718C VDD_IN 13350mW/13293mW VDD_CPU_GPU_CV 5721mW/5683mW VDD_SOC 3337mW/3299mW
08-04-2026 22:34:34 RAM 3995/7620MB (lfb 123x1MB) SWAP 1682/12002MB (cached 50MB) CPU [0%@1728,0%@1728,9%@1728,0%@1728,100%@1728,8%@1728] GR3D_FREQ 57% cpu@69.718C soc2@68.156C soc0@68.875C gpu@70.406C tj@70.406C soc1@69.75C VDD_IN 13310mW/13293mW VDD_CPU_GPU_CV 5721mW/5683mW VDD_SOC 3337mW/3299mW
08-04-2026 22:34:34 RAM 3995/7620MB (lfb 123x1MB) SWAP 1682/12002MB (cached 50MB) CPU [0%@1728,0%@1728,0%@1728,10%@1728,100%@1728,0%@1728] GR3D_FREQ 58% cpu@69.562C soc2@68.281C soc0@69C gpu@70.281C tj@70.281C soc1@69.718C VDD_IN 13350mW/13293mW VDD_CPU_GPU_CV 5721mW/5683mW VDD_SOC 3337mW/3299mW
08-04-2026 22:34:34 RAM 3995/7620MB (lfb 123x1MB) SWAP 1682/12002MB (cached 50MB) CPU [0%@1728,8%@1728,0%@1728,0%@1728,100%@1728,0%@1728] GR3D_FREQ 58% cpu@69.625C soc2@68.218C soc0@69.062C gpu@70.468C tj@70.468C soc1@69.906C VDD_IN 13350mW/13293mW VDD_CPU_GPU_CV 5721mW/5683mW VDD_SOC 3297mW/3299mW
08-04-2026 22:34:34 RAM 3995/7620MB (lfb 123x1MB) SWAP 1682/12002MB (cached 50MB) CPU [0%@1728,0%@1728,0%@1728,9%@1728,100%@1728,0%@1728] GR3D_FREQ 58% cpu@70.093C soc2@68.25C soc0@69.187C gpu@70.312C tj@70.312C soc1@69.656C VDD_IN 13350mW/13293mW VDD_CPU_GPU_CV 5721mW/5683mW VDD_SOC 3297mW/3299mW
08-04-2026 22:34:34 RAM 3995/7620MB (lfb 123x1MB) SWAP 1682/12002MB (cached 50MB) CPU [0%@1728,0%@1728,0%@1728,0%@1728,100%@1728,0%@1728] GR3D_FREQ 60% cpu@69.687C soc2@68.281C soc0@68.843C gpu@70.625C tj@70.218C soc1@69.718C VDD_IN 13310mW/13293mW VDD_CPU_GPU_CV 5680mW/5683mW VDD_SOC 3297mW/3299mW
08-04-2026 22:34:35 RAM 3995/7620MB (lfb 123x1MB) SWAP 1682/12002MB (cached 50MB) CPU [0%@1728,0%@1728,0%@1728,0%@1728,100%@1728,0%@1728] GR3D_FREQ 58% cpu@69.625C soc2@68.281C soc0@68.906C gpu@70.437C tj@70.437C soc1@69.718C VDD_IN 13331mW/13293mW VDD_CPU_GPU_CV 5680mW/5683mW VDD_SOC 3297mW/3299mW
08-04-2026 22:34:35 RAM 3995/7620MB (lfb 123x1MB) SWAP 1682/12002MB (cached 50MB) CPU [0%@1728,0%@1728,0%@1728,0%@1728,100%@1728,0%@1728] GR3D_FREQ 57% cpu@69.625C soc2@68.25C soc0@68.937C gpu@70.375C tj@70.375C soc1@69.812C VDD_IN 13331mW/13293mW VDD_CPU_GPU_CV 5680mW/5683mW VDD_SOC 3297mW/3299mW
08-04-2026 22:34:35 RAM 3995/7620MB (lfb 123x1MB) SWAP 1682/12002MB (cached 50MB) CPU [0%@1728,0%@1728,0%@1728,0%@1728,100%@1728,0%@1728] GR3D_FREQ 59% cpu@69.687C soc2@68.312C soc0@68.937C gpu@70.656C tj@70.656C soc1@69.937C VDD_IN 13290mW/13293mW VDD_CPU_GPU_CV 5680mW/5683mW VDD_SOC 3297mW/3299mW
08-04-2026 22:34:35 RAM 3995/7620MB (lfb 123x1MB) SWAP 1682/12002MB (cached 50MB) CPU [0%@1728,0%@1728,0%@1728,0%@1728,100%@1728,0%@1728] GR3D_FREQ 59% cpu@69.656C soc2@68.281C soc0@68.968C gpu@70.5C tj@70.5C soc1@69.687C VDD_IN 13290mW/13293mW VDD_CPU_GPU_CV 5680mW/5683mW VDD_SOC 3297mW/3299mW
08-04-2026 22:34:35 RAM 3995/7620MB (lfb 123x1MB) SWAP 1682/12002MB (cached 50MB) CPU [0%@1728,9%@1728,0%@1728,9%@1728,100%@1728,0%@1728] GR3D_FREQ 58% cpu@69.625C soc2@68.218C soc0@68.937C gpu@70.218C tj@70.343C soc1@69.718C VDD_IN 13290mW/13293mW VDD_CPU_GPU_CV 5680mW/5683mW VDD_SOC 3297mW/3299mW
08-04-2026 22:34:35 RAM 3995/7620MB (lfb 123x1MB) SWAP 1682/12002MB (cached 50MB) CPU [0%@1728,0%@1728,0%@1728,9%@1728,100%@1728,0%@1728] GR3D_FREQ 68% cpu@69.718C soc2@68.375C soc0@68.937C gpu@70.625C tj@70.625C soc1@69.75C VDD_IN 13310mW/13293mW VDD_CPU_GPU_CV 5680mW/5683mW VDD_SOC 3297mW/3299mW
08-04-2026 22:34:35 RAM 3995/7620MB (lfb 123x1MB) SWAP 1682/12002MB (cached 50MB) CPU [0%@1728,0%@1728,0%@1728,0%@1728,100%@1728,0%@1728] GR3D_FREQ 58% cpu@69.625C soc2@68.281C soc0@69.031C gpu@70.406C tj@70.406C soc1@69.875C VDD_IN 13310mW/13293mW VDD_CPU_GPU_CV 5680mW/5683mW VDD_SOC 3297mW/3299mW
08-04-2026 22:34:35 RAM 3995/7620MB (lfb 123x1MB) SWAP 1682/12002MB (cached 50MB) CPU [0%@1728,0%@1728,0%@1728,0%@1728,100%@1728,0%@1728] GR3D_FREQ 59% cpu@70C soc2@68.375C soc0@68.937C gpu@70.125C tj@70.125C soc1@69.687C VDD_IN 13310mW/13293mW VDD_CPU_GPU_CV 5680mW/5683mW VDD_SOC 3297mW/3299mW
08-04-2026 22:34:35 RAM 3995/7620MB (lfb 123x1MB) SWAP 1682/12002MB (cached 50MB) CPU [0%@1728,0%@1728,0%@1728,0%@1728,100%@1728,0%@1728] GR3D_FREQ 59% cpu@69.75C soc2@68.281C soc0@68.968C gpu@70.531C tj@70.531C soc1@69.656C VDD_IN 13331mW/13293mW VDD_CPU_GPU_CV 5680mW/5683mW VDD_SOC 3297mW/3299mW
08-04-2026 22:34:35 RAM 3995/7620MB (lfb 123x1MB) SWAP 1682/12002MB (cached 50MB) CPU [0%@1728,0%@1728,0%@1728,0%@1728,100%@1728,0%@1728] GR3D_FREQ 58% cpu@69.625C soc2@68.281C soc0@68.875C gpu@70.343C tj@70.343C soc1@69.718C VDD_IN 13269mW/13293mW VDD_CPU_GPU_CV 5680mW/5683mW VDD_SOC 3297mW/3299mW
08-04-2026 22:34:36 RAM 3995/7620MB (lfb 123x1MB) SWAP 1682/12002MB (cached 50MB) CPU [0%@1728,0%@1728,0%@1728,0%@1728,100%@1728,0%@1728] GR3D_FREQ 56% cpu@69.687C soc2@68.25C soc0@69.031C gpu@70.75C tj@70.75C soc1@69.812C VDD_IN 13331mW/13293mW VDD_CPU_GPU_CV 5680mW/5683mW VDD_SOC 3297mW/3299mW
08-04-2026 22:34:36 RAM 3995/7620MB (lfb 123x1MB) SWAP 1682/12002MB (cached 50MB) CPU [0%@1728,0%@1728,0%@1728,0%@1728,100%@1728,0%@1728] GR3D_FREQ 58% cpu@69.656C soc2@68.25C soc0@69.062C gpu@70.468C tj@70.468C soc1@69.937C VDD_IN 13290mW/13293mW VDD_CPU_GPU_CV 5680mW/5683mW VDD_SOC 3297mW/3299mW
08-04-2026 22:34:36 RAM 3995/7620MB (lfb 123x1MB) SWAP 1682/12002MB (cached 50MB) CPU [0%@1728,0%@1728,0%@1728,0%@1728,100%@1728,0%@1728] GR3D_FREQ 60% cpu@69.718C soc2@68.375C soc0@68.875C gpu@70.406C tj@70.406C soc1@69.656C VDD_IN 13290mW/13293mW VDD_CPU_GPU_CV 5680mW/5683mW VDD_SOC 3297mW/3299mW
08-04-2026 22:34:36 RAM 3995/7620MB (lfb 123x1MB) SWAP 1682/12002MB (cached 50MB) CPU [0%@1728,0%@1728,0%@1728,0%@1728,100%@1728,0%@1728] GR3D_FREQ 57% cpu@69.625C soc2@68.218C soc0@69C gpu@70.625C tj@70.625C soc1@69.718C VDD_IN 13290mW/13293mW VDD_CPU_GPU_CV 5680mW/5683mW VDD_SOC 3297mW/3299mW
08-04-2026 22:34:36 RAM 3995/7620MB (lfb 123x1MB) SWAP 1682/12002MB (cached 50MB) CPU [8%@1728,0%@1728,0%@1728,0%@1728,100%@1728,0%@1728] GR3D_FREQ 58% cpu@69.687C soc2@68.187C soc0@68.906C gpu@70.531C tj@70.531C soc1@69.781C VDD_IN 13290mW/13293mW VDD_CPU_GPU_CV 5680mW/5683mW VDD_SOC 3297mW/3299mW
08-04-2026 22:34:36 RAM 3995/7620MB (lfb 123x1MB) SWAP 1682/12002MB (cached 50MB) CPU [9%@1728,0%@1728,0%@1728,9%@1728,100%@1728,8%@1728] GR3D_FREQ 58% cpu@69.625C soc2@68.187C soc0@69C gpu@70.281C tj@70.281C soc1@69.812C VDD_IN 13310mW/13293mW VDD_CPU_GPU_CV 5680mW/5683mW VDD_SOC 3297mW/3299mW
08-04-2026 22:34:36 RAM 3995/7620MB (lfb 123x1MB) SWAP 1682/12002MB (cached 50MB) CPU [0%@1728,0%@1728,9%@1728,0%@1728,100%@1728,0%@1728] GR3D_FREQ 59% cpu@69.812C soc2@68.343C soc0@69.093C gpu@70.625C tj@70.625C soc1@69.625C VDD_IN 13331mW/13293mW VDD_CPU_GPU_CV 5680mW/5683mW VDD_SOC 3297mW/3299mW
08-04-2026 22:34:36 RAM 3995/7620MB (lfb 123x1MB) SWAP 1682/12002MB (cached 50MB) CPU [0%@1728,0%@1728,0%@1728,0%@1728,100%@1728,0%@1728] GR3D_FREQ 60% cpu@69.625C soc2@68.281C soc0@68.906C gpu@70.5C tj@70.5C soc1@69.812C VDD_IN 13331mW/13293mW VDD_CPU_GPU_CV 5680mW/5683mW VDD_SOC 3297mW/3299mW
08-04-2026 22:34:36 RAM 3995/7620MB (lfb 123x1MB) SWAP 1682/12002MB (cached 50MB) CPU [0%@1728,0%@1728,0%@1728,0%@1728,100%@1728,0%@1728] GR3D_FREQ 55% cpu@69.625C soc2@68.25C soc0@68.906C gpu@70.187C tj@70.187C soc1@69.812C VDD_IN 13290mW/13293mW VDD_CPU_GPU_CV 5680mW/5683mW VDD_SOC 3297mW/3299mW
08-04-2026 22:34:37 RAM 3995/7620MB (lfb 123x1MB) SWAP 1682/12002MB (cached 50MB) CPU [0%@1728,0%@1728,0%@1728,0%@1728,100%@1728,0%@1728] GR3D_FREQ 60% cpu@69.656C soc2@68.343C soc0@69C gpu@70.656C tj@70.656C soc1@69.843C VDD_IN 13290mW/13293mW VDD_CPU_GPU_CV 5680mW/5683mW VDD_SOC 3297mW/3299mW
08-04-2026 22:34:37 RAM 3995/7620MB (lfb 123x1MB) SWAP 1682/12002MB (cached 50MB) CPU [0%@1728,0%@1728,0%@1728,0%@1728,100%@1728,0%@1728] GR3D_FREQ 59% cpu@69.687C soc2@68.312C soc0@69.093C gpu@70.468C tj@70.468C soc1@69.937C VDD_IN 13269mW/13293mW VDD_CPU_GPU_CV 5680mW/5683mW VDD_SOC 3297mW/3299mW
08-04-2026 22:34:37 RAM 3995/7620MB (lfb 123x1MB) SWAP 1682/12002MB (cached 50MB) CPU [0%@1728,0%@1728,0%@1728,0%@1728,100%@1728,0%@1728] GR3D_FREQ 60% cpu@69.656C soc2@68.25C soc0@68.968C gpu@70.125C tj@70.125C soc1@69.687C VDD_IN 13290mW/13293mW VDD_CPU_GPU_CV 5680mW/5683mW VDD_SOC 3297mW/3299mW
08-04-2026 22:34:37 RAM 3995/7620MB (lfb 123x1MB) SWAP 1682/12002MB (cached 50MB) CPU [0%@1728,0%@1728,0%@1728,0%@1728,100%@1728,0%@1728] GR3D_FREQ 58% cpu@69.625C soc2@68.187C soc0@68.906C gpu@70.593C tj@70.593C soc1@69.75C VDD_IN 13290mW/13293mW VDD_CPU_GPU_CV 5680mW/5683mW VDD_SOC 3297mW/3299mW
08-04-2026 22:34:37 RAM 3996/7620MB (lfb 123x1MB) SWAP 1682/12002MB (cached 50MB) CPU [0%@1728,9%@1728,0%@1728,27%@1728,100%@1728,0%@1728] GR3D_FREQ 57% cpu@69.718C soc2@68.187C soc0@69C gpu@70.468C tj@70.468C soc1@69.843C VDD_IN 13310mW/13293mW VDD_CPU_GPU_CV 5721mW/5683mW VDD_SOC 3297mW/3299mW
08-04-2026 22:34:37 RAM 3996/7620MB (lfb 123x1MB) SWAP 1682/12002MB (cached 50MB) CPU [9%@1728,0%@1728,9%@1728,10%@1728,100%@1728,0%@1728] GR3D_FREQ 62% cpu@69.781C soc2@68.375C soc0@69.062C gpu@70.156C tj@70.156C soc1@69.968C VDD_IN 13350mW/13293mW VDD_CPU_GPU_CV 5721mW/5683mW VDD_SOC 3337mW/3299mW
08-04-2026 22:34:37 RAM 3996/7620MB (lfb 123x1MB) SWAP 1682/12002MB (cached 50MB) CPU [0%@1728,0%@1728,0%@1728,0%@1728,100%@1728,0%@1728] GR3D_FREQ 59% cpu@69.718C soc2@68.375C soc0@68.906C gpu@70.531C tj@70.531C soc1@69.625C VDD_IN 13371mW/13294mW VDD_CPU_GPU_CV 5721mW/5683mW VDD_SOC 3337mW/3299mW
08-04-2026 22:34:37 RAM 3996/7620MB (lfb 123x1MB) SWAP 1682/12002MB (cached 50MB) CPU [0%@1728,0%@1728,0%@1728,9%@1728,100%@1728,0%@1728] GR3D_FREQ 67% cpu@69.687C soc2@68.25C soc0@68.906C gpu@70.437C tj@70.437C soc1@69.718C VDD_IN 13371mW/13294mW VDD_CPU_GPU_CV 5721mW/5684mW VDD_SOC 3337mW/3299mW
08-04-2026 22:34:37 RAM 3996/7620MB (lfb 123x1MB) SWAP 1682/12002MB (cached 50MB) CPU [9%@1728,0%@1728,0%@1728,0%@1728,100%@1728,0%@1728] GR3D_FREQ 58% cpu@69.718C soc2@68.218C soc0@69C gpu@70.687C tj@70.687C soc1@69.75C VDD_IN 13331mW/13294mW VDD_CPU_GPU_CV 5721mW/5684mW VDD_SOC 3297mW/3299mW
08-04-2026 22:34:37 RAM 3996/7620MB (lfb 123x1MB) SWAP 1682/12002MB (cached 50MB) CPU [0%@1728,0%@1728,0%@1728,0%@1728,100%@1728,0%@1728] GR3D_FREQ 59% cpu@69.75C soc2@68.218C soc0@69C gpu@70.531C tj@70.531C soc1@69.75C VDD_IN 13331mW/13294mW VDD_CPU_GPU_CV 5680mW/5684mW VDD_SOC 3297mW/3299mW
08-04-2026 22:34:38 RAM 3983/7620MB (lfb 123x1MB) SWAP 1682/12002MB (cached 50MB) CPU [0%@1728,0%@1728,8%@1728,0%@1728,100%@1728,0%@1728] GR3D_FREQ 58% cpu@69.812C soc2@68.312C soc0@68.781C gpu@70.437C tj@70.437C soc1@69.687C VDD_IN 13310mW/13294mW VDD_CPU_GPU_CV 5721mW/5684mW VDD_SOC 3297mW/3299mW
08-04-2026 22:34:38 RAM 3982/7620MB (lfb 123x1MB) SWAP 1682/12002MB (cached 50MB) CPU [0%@1728,0%@1728,0%@1728,0%@1728,100%@1728,0%@1728] GR3D_FREQ 57% cpu@69.781C soc2@68.281C soc0@68.937C gpu@70.718C tj@70.718C soc1@69.687C VDD_IN 13331mW/13294mW VDD_CPU_GPU_CV 5680mW/5684mW VDD_SOC 3297mW/3299mW
08-04-2026 22:34:38 RAM 3982/7620MB (lfb 123x1MB) SWAP 1682/12002MB (cached 50MB) CPU [0%@1728,0%@1728,0%@1728,0%@1728,100%@1728,0%@1728] GR3D_FREQ 56% cpu@69.718C soc2@68.25C soc0@68.906C gpu@70.531C tj@70.531C soc1@69.75C VDD_IN 13310mW/13294mW VDD_CPU_GPU_CV 5680mW/5684mW VDD_SOC 3337mW/3299mW
08-04-2026 22:34:38 RAM 3982/7620MB (lfb 123x1MB) SWAP 1682/12002MB (cached 50MB) CPU [0%@1728,0%@1728,0%@1728,0%@1728,100%@1728,0%@1728] GR3D_FREQ 58% cpu@69.687C soc2@68.25C soc0@68.937C gpu@70.187C tj@70.187C soc1@69.718C VDD_IN 13331mW/13294mW VDD_CPU_GPU_CV 5680mW/5684mW VDD_SOC 3297mW/3299mW
08-04-2026 22:34:38 RAM 3982/7620MB (lfb 123x1MB) SWAP 1682/12002MB (cached 50MB) CPU [0%@1728,0%@1728,0%@1728,0%@1728,100%@1728,0%@1728] GR3D_FREQ 59% cpu@69.562C soc2@68.156C soc0@69.062C gpu@70.625C tj@70.625C soc1@69.843C VDD_IN 13310mW/13294mW VDD_CPU_GPU_CV 5680mW/5684mW VDD_SOC 3297mW/3299mW
08-04-2026 22:34:38 RAM 3983/7620MB (lfb 123x1MB) SWAP 1682/12002MB (cached 50MB) CPU [0%@1728,0%@1728,0%@1728,10%@1728,100%@1728,0%@1728] GR3D_FREQ 59% cpu@69.75C soc2@68.156C soc0@68.906C gpu@70.468C tj@70.468C soc1@69.625C VDD_IN 13331mW/13294mW VDD_CPU_GPU_CV 5680mW/5684mW VDD_SOC 3297mW/3299mW
08-04-2026 22:34:38 RAM 3983/7620MB (lfb 123x1MB) SWAP 1682/12002MB (cached 50MB) CPU [0%@1728,0%@1728,0%@1728,0%@1728,100%@1728,0%@1728] GR3D_FREQ 59% cpu@69.718C soc2@68.281C soc0@68.906C gpu@70.25C tj@70.25C soc1@69.687C VDD_IN 13331mW/13294mW VDD_CPU_GPU_CV 5680mW/5684mW VDD_SOC 3297mW/3299mW
08-04-2026 22:34:38 RAM 3983/7620MB (lfb 123x1MB) SWAP 1682/12002MB (cached 50MB) CPU [0%@1728,8%@1728,0%@1728,0%@1728,100%@1728,0%@1728] GR3D_FREQ 56% cpu@69.718C soc2@68.187C soc0@68.968C gpu@70.625C tj@70.625C soc1@69.843C VDD_IN 13331mW/13294mW VDD_CPU_GPU_CV 5721mW/5684mW VDD_SOC 3297mW/3299mW
08-04-2026 22:34:38 RAM 3983/7620MB (lfb 123x1MB) SWAP 1682/12002MB (cached 50MB) CPU [0%@1728,0%@1728,0%@1728,0%@1728,100%@1728,0%@1728] GR3D_FREQ 58% cpu@69.687C soc2@68.312C soc0@69.093C gpu@70.437C tj@70.437C soc1@69.875C VDD_IN 13331mW/13294mW VDD_CPU_GPU_CV 5680mW/5684mW VDD_SOC 3297mW/3299mW
08-04-2026 22:34:39 RAM 3983/7620MB (lfb 123x1MB) SWAP 1682/12002MB (cached 50MB) CPU [0%@1728,0%@1728,0%@1728,9%@1728,100%@1728,0%@1728] GR3D_FREQ 59% cpu@69.781C soc2@68.375C soc0@69.125C gpu@70.187C tj@70.187C soc1@69.656C VDD_IN 13290mW/13294mW VDD_CPU_GPU_CV 5680mW/5684mW VDD_SOC 3297mW/3299mW
08-04-2026 22:34:39 RAM 3983/7620MB (lfb 123x1MB) SWAP 1682/12002MB (cached 50MB) CPU [0%@1728,0%@1728,0%@1728,0%@1728,100%@1728,0%@1728] GR3D_FREQ 59% cpu@69.687C soc2@68.25C soc0@68.906C gpu@70.593C tj@70.593C soc1@69.656C VDD_IN 13269mW/13294mW VDD_CPU_GPU_CV 5680mW/5684mW VDD_SOC 3297mW/3299mW
08-04-2026 22:34:39 RAM 3983/7620MB (lfb 123x1MB) SWAP 1682/12002MB (cached 50MB) CPU [0%@1728,0%@1728,0%@1728,30%@1728,100%@1728,0%@1728] GR3D_FREQ 60% cpu@69.75C soc2@68.312C soc0@68.968C gpu@70.25C tj@70.25C soc1@69.75C VDD_IN 13310mW/13294mW VDD_CPU_GPU_CV 5680mW/5684mW VDD_SOC 3297mW/3299mW
08-04-2026 22:34:39 RAM 3983/7620MB (lfb 123x1MB) SWAP 1682/12002MB (cached 50MB) CPU [0%@1728,0%@1728,0%@1728,27%@1728,100%@1728,0%@1728] GR3D_FREQ 58% cpu@69.781C soc2@68.312C soc0@68.968C gpu@70.187C tj@70.187C soc1@69.781C VDD_IN 13350mW/13294mW VDD_CPU_GPU_CV 5721mW/5684mW VDD_SOC 3297mW/3299mW
08-04-2026 22:34:39 RAM 3983/7620MB (lfb 123x1MB) SWAP 1682/12002MB (cached 50MB) CPU [0%@1728,0%@1728,0%@1728,0%@1728,100%@1728,0%@1728] GR3D_FREQ 58% cpu@69.812C soc2@68.25C soc0@69.093C gpu@70.562C tj@70.562C soc1@69.937C VDD_IN 13350mW/13294mW VDD_CPU_GPU_CV 5721mW/5684mW VDD_SOC 3297mW/3299mW
08-04-2026 22:34:39 RAM 3983/7620MB (lfb 123x1MB) SWAP 1682/12002MB (cached 50MB) CPU [10%@1728,9%@1728,0%@1728,9%@1728,100%@1728,0%@1728] GR3D_FREQ 57% cpu@69.718C soc2@68.343C soc0@68.875C gpu@70.187C tj@70.187C soc1@69.625C VDD_IN 13350mW/13294mW VDD_CPU_GPU_CV 5712mW/5684mW VDD_SOC 3297mW/3299mW
08-04-2026 22:34:39 RAM 3983/7620MB (lfb 123x1MB) SWAP 1682/12002MB (cached 50MB) CPU [9%@1728,0%@1728,0%@1728,0%@1728,100%@1728,0%@1728] GR3D_FREQ 59% cpu@69.625C soc2@68.312C soc0@68.906C gpu@70.75C tj@70.75C soc1@69.718C VDD_IN 13310mW/13294mW VDD_CPU_GPU_CV 5721mW/5684mW VDD_SOC 3297mW/3299mW
08-04-2026 22:34:39 RAM 3983/7620MB (lfb 123x1MB) SWAP 1682/12002MB (cached 50MB) CPU [0%@1728,0%@1728,0%@1728,0%@1728,100%@1728,0%@1728] GR3D_FREQ 57% cpu@69.625C soc2@68.25C soc0@68.906C gpu@70.531C tj@70.531C soc1@69.781C VDD_IN 13350mW/13294mW VDD_CPU_GPU_CV 5680mW/5684mW VDD_SOC 3297mW/3299mW
08-04-2026 22:34:39 RAM 3983/7620MB (lfb 123x1MB) SWAP 1682/12002MB (cached 50MB) CPU [0%@1728,0%@1728,0%@1728,0%@1728,100%@1728,0%@1728] GR3D_FREQ 60% cpu@69.656C soc2@68.343C soc0@69.062C gpu@70.25C tj@70.25C soc1@69.812C VDD_IN 13310mW/13294mW VDD_CPU_GPU_CV 5680mW/5684mW VDD_SOC 3297mW/3299mW
08-04-2026 22:34:39 RAM 3983/7620MB (lfb 123x1MB) SWAP 1682/12002MB (cached 50MB) CPU [0%@1728,0%@1728,0%@1728,0%@1728,100%@1728,0%@1728] GR3D_FREQ 58% cpu@69.75C soc2@68.406C soc0@69.125C gpu@70.656C tj@70.656C soc1@69.687C VDD_IN 13310mW/13294mW VDD_CPU_GPU_CV 5680mW/5684mW VDD_SOC 3297mW/3299mW
08-04-2026 22:34:40 RAM 3983/7620MB (lfb 123x1MB) SWAP 1682/12002MB (cached 50MB) CPU [0%@1728,0%@1728,0%@1728,0%@1728,100%@1728,0%@1728] GR3D_FREQ 55% cpu@69.687C soc2@68.281C soc0@68.906C gpu@70.593C tj@70.593C soc1@69.656C VDD_IN 13310mW/13294mW VDD_CPU_GPU_CV 5680mW/5684mW VDD_SOC 3297mW/3299mW
08-04-2026 22:34:40 RAM 3983/7620MB (lfb 123x1MB) SWAP 1682/12002MB (cached 50MB) CPU [0%@1728,0%@1728,0%@1728,0%@1728,100%@1728,0%@1728] GR3D_FREQ 60% cpu@69.656C soc2@68.25C soc0@68.937C gpu@70.125C tj@70.125C soc1@69.781C VDD_IN 13310mW/13294mW VDD_CPU_GPU_CV 5680mW/5684mW VDD_SOC 3297mW/3299mW
08-04-2026 22:34:40 RAM 3983/7620MB (lfb 123x1MB) SWAP 1682/12002MB (cached 50MB) CPU [0%@1728,0%@1728,0%@1728,0%@1728,100%@1728,0%@1728] GR3D_FREQ 56% cpu@69.718C soc2@68.312C soc0@69.031C gpu@70.625C tj@70.625C soc1@69.75C VDD_IN 13269mW/13294mW VDD_CPU_GPU_CV 5680mW/5684mW VDD_SOC 3297mW/3299mW
08-04-2026 22:34:40 RAM 3983/7620MB (lfb 123x1MB) SWAP 1682/12002MB (cached 50MB) CPU [0%@1728,0%@1728,0%@1728,0%@1728,100%@1728,0%@1728] GR3D_FREQ 60% cpu@69.812C soc2@68.343C soc0@69.062C gpu@70.25C tj@70.25C soc1@69.875C VDD_IN 13269mW/13294mW VDD_CPU_GPU_CV 5680mW/5684mW VDD_SOC 3297mW/3299mW
08-04-2026 22:34:40 RAM 3983/7620MB (lfb 123x1MB) SWAP 1682/12002MB (cached 50MB) CPU [0%@1728,0%@1728,0%@1728,0%@1728,100%@1728,0%@1728] GR3D_FREQ 58% cpu@69.812C soc2@68.312C soc0@68.906C gpu@70.156C tj@70.156C soc1@69.687C VDD_IN 13269mW/13294mW VDD_CPU_GPU_CV 5640mW/5684mW VDD_SOC 3297mW/3299mW
08-04-2026 22:34:40 RAM 3984/7620MB (lfb 123x1MB) SWAP 1682/12002MB (cached 50MB) CPU [16%@1728,0%@1728,9%@1728,0%@1728,100%@1728,0%@1728] GR3D_FREQ 63% cpu@69.687C soc2@68.281C soc0@68.906C gpu@70.625C tj@70.625C soc1@69.75C VDD_IN 13310mW/13294mW VDD_CPU_GPU_CV 5680mW/5684mW VDD_SOC 3297mW/3299mW
08-04-2026 22:34:40 RAM 3989/7620MB (lfb 123x1MB) SWAP 1682/12002MB (cached 50MB) CPU [10%@1728,18%@1728,0%@1728,11%@1728,100%@1728,0%@1728] GR3D_FREQ 58% cpu@69.75C soc2@68.281C soc0@68.937C gpu@70.218C tj@70.218C soc1@69.843C VDD_IN 13350mW/13294mW VDD_CPU_GPU_CV 5721mW/5684mW VDD_SOC 3337mW/3299mW
08-04-2026 22:34:40 RAM 3989/7620MB (lfb 123x1MB) SWAP 1682/12002MB (cached 50MB) CPU [8%@1728,0%@1728,16%@1728,0%@1728,100%@1728,0%@1728] GR3D_FREQ 58% cpu@69.687C soc2@68.281C soc0@69.093C gpu@70.187C tj@70.187C soc1@69.875C VDD_IN 13350mW/13294mW VDD_CPU_GPU_CV 5721mW/5684mW VDD_SOC 3337mW/3299mW
08-04-2026 22:34:40 RAM 3989/7620MB (lfb 123x1MB) SWAP 1682/12002MB (cached 50MB) CPU [0%@1728,0%@1728,0%@1728,0%@1728,100%@1728,0%@1728] GR3D_FREQ 60% cpu@69.718C soc2@68.375C soc0@69.156C gpu@70.531C tj@70.531C soc1@69.625C VDD_IN 13310mW/13294mW VDD_CPU_GPU_CV 5721mW/5684mW VDD_SOC 3337mW/3299mW
08-04-2026 22:34:41 RAM 3989/7620MB (lfb 123x1MB) SWAP 1682/12002MB (cached 50MB) CPU [0%@1728,0%@1728,0%@1728,0%@1728,100%@1728,0%@1728] GR3D_FREQ 58% cpu@69.656C soc2@68.156C soc0@69.031C gpu@70.25C tj@70.25C soc1@69.781C VDD_IN 13310mW/13294mW VDD_CPU_GPU_CV 5680mW/5684mW VDD_SOC 3337mW/3299mW
08-04-2026 22:34:41 RAM 3989/7620MB (lfb 123x1MB) SWAP 1682/12002MB (cached 50MB) CPU [0%@1728,0%@1728,0%@1728,0%@1728,100%@1728,0%@1728] GR3D_FREQ 59% cpu@69.656C soc2@68.187C soc0@69C gpu@70.125C tj@70.125C soc1@69.718C VDD_IN 13331mW/13294mW VDD_CPU_GPU_CV 5680mW/5684mW VDD_SOC 3297mW/3299mW
08-04-2026 22:34:41 RAM 3989/7620MB (lfb 123x1MB) SWAP 1682/12002MB (cached 50MB) CPU [0%@1728,0%@1728,0%@1728,0%@1728,100%@1728,0%@1728] GR3D_FREQ 58% cpu@69.625C soc2@68.281C soc0@68.968C gpu@70.625C tj@70.625C soc1@69.812C VDD_IN 13290mW/13294mW VDD_CPU_GPU_CV 5680mW/5684mW VDD_SOC 3297mW/3299mW
08-04-2026 22:34:41 RAM 3989/7620MB (lfb 123x1MB) SWAP 1682/12002MB (cached 50MB) CPU [0%@1728,0%@1728,0%@1728,0%@1728,100%@1728,0%@1728] GR3D_FREQ 55% cpu@69.718C soc2@68.281C soc0@69.093C gpu@70.281C tj@70.281C soc1@69.875C VDD_IN 13290mW/13294mW VDD_CPU_GPU_CV 5680mW/5684mW VDD_SOC 3297mW/3299mW
08-04-2026 22:34:41 RAM 3989/7620MB (lfb 123x1MB) SWAP 1682/12002MB (cached 50MB) CPU [0%@1728,9%@1728,0%@1728,0%@1728,100%@1728,0%@1728] GR3D_FREQ 59% cpu@69.843C soc2@68.125C soc0@69.156C gpu@70.75C tj@70.75C soc1@69.687C VDD_IN 13290mW/13294mW VDD_CPU_GPU_CV 5680mW/5684mW VDD_SOC 3297mW/3299mW
08-04-2026 22:34:41 RAM 3989/7620MB (lfb 123x1MB) SWAP 1682/12002MB (cached 50MB) CPU [0%@1728,9%@1728,0%@1728,0%@1728,100%@1728,0%@1728] GR3D_FREQ 59% cpu@69.718C soc2@68.218C soc0@68.937C gpu@70.218C tj@70.218C soc1@69.625C VDD_IN 13310mW/13294mW VDD_CPU_GPU_CV 5680mW/5684mW VDD_SOC 3297mW/3299mW
08-04-2026 22:34:41 RAM 3989/7620MB (lfb 123x1MB) SWAP 1682/12002MB (cached 50MB) CPU [0%@1728,0%@1728,0%@1728,0%@1728,90%@1728,0%@1728] GR3D_FREQ 57% cpu@69.718C soc2@68.218C soc0@69.062C gpu@70.187C tj@70.187C soc1@69.75C VDD_IN 13269mW/13294mW VDD_CPU_GPU_CV 5680mW/5684mW VDD_SOC 3297mW/3299mW
08-04-2026 22:34:41 RAM 3989/7620MB (lfb 123x1MB) SWAP 1682/12002MB (cached 50MB) CPU [0%@1728,0%@1728,9%@1728,0%@1728,100%@1728,0%@1728] GR3D_FREQ 58% cpu@69.687C soc2@68.25C soc0@69.062C gpu@70.625C tj@70.625C soc1@69.875C VDD_IN 13310mW/13294mW VDD_CPU_GPU_CV 5680mW/5684mW VDD_SOC 3297mW/3299mW
08-04-2026 22:34:41 RAM 3989/7620MB (lfb 123x1MB) SWAP 1682/12002MB (cached 50MB) CPU [0%@1728,0%@1728,0%@1728,0%@1728,100%@1728,0%@1728] GR3D_FREQ 58% cpu@69.781C soc2@68.375C soc0@69.218C gpu@70.312C tj@70.312C soc1@69.687C VDD_IN 13269mW/13294mW VDD_CPU_GPU_CV 5680mW/5684mW VDD_SOC 3297mW/3299mW
08-04-2026 22:34:41 RAM 3989/7620MB (lfb 123x1MB) SWAP 1682/12002MB (cached 50MB) CPU [0%@1728,0%@1728,0%@1728,0%@1728,100%@1728,0%@1728] GR3D_FREQ 58% cpu@69.625C soc2@68.218C soc0@68.906C gpu@70.187C tj@70.187C soc1@69.687C VDD_IN 13290mW/13294mW VDD_CPU_GPU_CV 5680mW/5684mW VDD_SOC 3297mW/3299mW
08-04-2026 22:34:42 RAM 3989/7620MB (lfb 123x1MB) SWAP 1682/12002MB (cached 50MB) CPU [0%@1728,9%@1728,0%@1728,0%@1728,100%@1728,0%@1728] GR3D_FREQ 59% cpu@69.656C soc2@68.281C soc0@68.968C gpu@70.656C tj@70.656C soc1@69.656C VDD_IN 13290mW/13294mW VDD_CPU_GPU_CV 5680mW/5684mW VDD_SOC 3297mW/3299mW
08-04-2026 22:34:42 RAM 3991/7620MB (lfb 123x1MB) SWAP 1682/12002MB (cached 50MB) CPU [0%@1728,9%@1728,0%@1728,10%@1728,100%@1728,0%@1728] GR3D_FREQ 58% cpu@69.718C soc2@68.25C soc0@69.031C gpu@70.25C tj@70.25C soc1@69.843C VDD_IN 13331mW/13294mW VDD_CPU_GPU_CV 5680mW/5684mW VDD_SOC 3297mW/3299mW
08-04-2026 22:34:42 RAM 3991/7620MB (lfb 123x1MB) SWAP 1682/12002MB (cached 50MB) CPU [0%@1728,0%@1728,0%@1728,0%@1728,100%@1728,0%@1728] GR3D_FREQ 58% cpu@69.687C soc2@68.343C soc0@69.125C gpu@70.218C tj@70.218C soc1@69.906C VDD_IN 13290mW/13294mW VDD_CPU_GPU_CV 5680mW/5684mW VDD_SOC 3297mW/3299mW
08-04-2026 22:34:42 RAM 3991/7620MB (lfb 123x1MB) SWAP 1682/12002MB (cached 50MB) CPU [0%@1728,0%@1728,0%@1728,0%@1728,100%@1728,0%@1728] GR3D_FREQ 56% cpu@69.843C soc2@68.312C soc0@68.968C gpu@70.593C tj@70.593C soc1@69.718C VDD_IN 13269mW/13294mW VDD_CPU_GPU_CV 5680mW/5684mW VDD_SOC 3297mW/3299mW
08-04-2026 22:34:42 RAM 3991/7620MB (lfb 123x1MB) SWAP 1682/12002MB (cached 50MB) CPU [0%@1728,0%@1728,0%@1728,0%@1728,100%@1728,0%@1728] GR3D_FREQ 57% cpu@69.625C soc2@68.281C soc0@68.937C gpu@70.187C tj@70.187C soc1@69.687C VDD_IN 13290mW/13294mW VDD_CPU_GPU_CV 5680mW/5684mW VDD_SOC 3297mW/3299mW
08-04-2026 22:34:42 RAM 3991/7620MB (lfb 123x1MB) SWAP 1682/12002MB (cached 50MB) CPU [9%@1728,0%@1728,10%@1728,0%@1728,100%@1728,0%@1728] GR3D_FREQ 61% cpu@69.718C soc2@68.375C soc0@69.062C gpu@70.156C tj@70.156C soc1@69.812C VDD_IN 13310mW/13294mW VDD_CPU_GPU_CV 5680mW/5684mW VDD_SOC 3297mW/3299mW
08-04-2026 22:34:42 RAM 3991/7620MB (lfb 123x1MB) SWAP 1682/12002MB (cached 50MB) CPU [0%@1728,0%@1728,0%@1728,0%@1728,100%@1728,0%@1728] GR3D_FREQ 58% cpu@69.781C soc2@68.312C soc0@69.093C gpu@70.281C tj@70.625C soc1@69.906C VDD_IN 13310mW/13294mW VDD_CPU_GPU_CV 5680mW/5684mW VDD_SOC 3297mW/3299mW
08-04-2026 22:34:42 RAM 3991/7620MB (lfb 123x1MB) SWAP 1682/12002MB (cached 50MB) CPU [0%@1728,0%@1728,0%@1728,0%@1728,100%@1728,0%@1728] GR3D_FREQ 58% cpu@69.75C soc2@68.406C soc0@69.125C gpu@70.218C tj@70.218C soc1@69.718C VDD_IN 13310mW/13294mW VDD_CPU_GPU_CV 5680mW/5684mW VDD_SOC 3297mW/3299mW
08-04-2026 22:34:42 RAM 3991/7620MB (lfb 123x1MB) SWAP 1682/12002MB (cached 50MB) CPU [0%@1728,0%@1728,0%@1728,0%@1728,100%@1728,0%@1728] GR3D_FREQ 58% cpu@69.625C soc2@68.218C soc0@68.906C gpu@70.125C tj@70.125C soc1@69.687C VDD_IN 13331mW/13294mW VDD_CPU_GPU_CV 5680mW/5684mW VDD_SOC 3297mW/3299mW
08-04-2026 22:34:43 RAM 3991/7620MB (lfb 123x1MB) SWAP 1682/12002MB (cached 50MB) CPU [0%@1728,0%@1728,0%@1728,0%@1728,100%@1728,0%@1728] GR3D_FREQ 60% cpu@69.718C soc2@68.218C soc0@68.937C gpu@70.312C tj@70.312C soc1@69.718C VDD_IN 13290mW/13294mW VDD_CPU_GPU_CV 5680mW/5684mW VDD_SOC 3297mW/3299mW
08-04-2026 22:34:43 RAM 3991/7620MB (lfb 123x1MB) SWAP 1682/12002MB (cached 50MB) CPU [9%@1728,0%@1728,0%@1728,0%@1728,100%@1728,0%@1728] GR3D_FREQ 58% cpu@69.781C soc2@68.281C soc0@69.062C gpu@70.25C tj@70.25C soc1@69.812C VDD_IN 13290mW/13294mW VDD_CPU_GPU_CV 5680mW/5684mW VDD_SOC 3297mW/3299mW
08-04-2026 22:34:43 RAM 3991/7620MB (lfb 123x1MB) SWAP 1682/12002MB (cached 50MB) CPU [0%@1728,0%@1728,0%@1728,0%@1728,100%@1728,0%@1728] GR3D_FREQ 57% cpu@69.718C soc2@68.375C soc0@69.187C gpu@70.718C tj@70.718C soc1@69.968C VDD_IN 13290mW/13294mW VDD_CPU_GPU_CV 5680mW/5684mW VDD_SOC 3297mW/3299mW
08-04-2026 22:34:43 RAM 3991/7620MB (lfb 123x1MB) SWAP 1682/12002MB (cached 50MB) CPU [0%@1728,0%@1728,0%@1728,0%@1728,100%@1728,0%@1728] GR3D_FREQ 60% cpu@69.75C soc2@68.218C soc0@69.062C gpu@70.218C tj@70.218C soc1@69.75C VDD_IN 13290mW/13294mW VDD_CPU_GPU_CV 5680mW/5684mW VDD_SOC 3297mW/3299mW
08-04-2026 22:34:43 RAM 3991/7620MB (lfb 123x1MB) SWAP 1682/12002MB (cached 50MB) CPU [0%@1728,0%@1728,0%@1728,0%@1728,100%@1728,0%@1728] GR3D_FREQ 56% cpu@69.625C soc2@68.281C soc0@68.906C gpu@70.156C tj@70.156C soc1@69.718C VDD_IN 13290mW/13294mW VDD_CPU_GPU_CV 5680mW/5684mW VDD_SOC 3297mW/3299mW
08-04-2026 22:34:43 RAM 3991/7620MB (lfb 123x1MB) SWAP 1682/12002MB (cached 50MB) CPU [0%@1728,9%@1728,9%@1728,9%@1728,100%@1728,0%@1728] GR3D_FREQ 56% cpu@69.687C soc2@68.281C soc0@68.968C gpu@70.687C tj@70.687C soc1@69.718C VDD_IN 13269mW/13294mW VDD_CPU_GPU_CV 5680mW/5684mW VDD_SOC 3297mW/3299mW
08-04-2026 22:34:43 RAM 3991/7620MB (lfb 123x1MB) SWAP 1682/12002MB (cached 50MB) CPU [8%@1728,0%@1728,16%@1728,0%@1728,100%@1728,0%@1728] GR3D_FREQ 60% cpu@69.75C soc2@68.281C soc0@69.062C gpu@70.218C tj@70.218C soc1@69.906C VDD_IN 13331mW/13294mW VDD_CPU_GPU_CV 5680mW/5684mW VDD_SOC 3297mW/3299mW
08-04-2026 22:34:43 RAM 3991/7620MB (lfb 123x1MB) SWAP 1682/12002MB (cached 50MB) CPU [0%@1728,0%@1728,9%@1728,0%@1728,100%@1728,0%@1728] GR3D_FREQ 59% cpu@69.843C soc2@68.375C soc0@69.218C gpu@70.281C tj@70.281C soc1@69.656C VDD_IN 13310mW/13294mW VDD_CPU_GPU_CV 5680mW/5684mW VDD_SOC 3337mW/3299mW
08-04-2026 22:34:43 RAM 3991/7620MB (lfb 123x1MB) SWAP 1682/12002MB (cached 50MB) CPU [0%@1728,0%@1728,0%@1728,0%@1728,100%@1728,0%@1728] GR3D_FREQ 60% cpu@69.687C soc2@68.281C soc0@68.937C gpu@70.25C tj@70.25C soc1@69.718C VDD_IN 13331mW/13294mW VDD_CPU_GPU_CV 5680mW/5684mW VDD_SOC 3337mW/3299mW
08-04-2026 22:34:43 RAM 3992/7620MB (lfb 123x1MB) SWAP 1682/12002MB (cached 50MB) CPU [0%@1728,9%@1728,20%@1728,16%@1728,100%@1728,0%@1728] GR3D_FREQ 59% cpu@69.812C soc2@68.343C soc0@69.125C gpu@70.218C tj@70.218C soc1@69.781C VDD_IN 13391mW/13295mW VDD_CPU_GPU_CV 5761mW/5684mW VDD_SOC 3337mW/3299mW
08-04-2026 22:34:44 RAM 3990/7620MB (lfb 123x1MB) SWAP 1682/12002MB (cached 50MB) CPU [0%@1728,0%@1728,0%@1728,0%@1728,100%@1728,0%@1728] GR3D_FREQ 56% cpu@69.812C soc2@68.281C soc0@69.093C gpu@70.25C tj@70.25C soc1@69.843C VDD_IN 13350mW/13295mW VDD_CPU_GPU_CV 5721mW/5684mW VDD_SOC 3337mW/3299mW
08-04-2026 22:34:44 RAM 3990/7620MB (lfb 123x1MB) SWAP 1682/12002MB (cached 50MB) CPU [0%@1728,0%@1728,0%@1728,0%@1728,100%@1728,0%@1728] GR3D_FREQ 59% cpu@69.781C soc2@68.375C soc0@69.093C gpu@70.343C tj@70.343C soc1@69.906C VDD_IN 13350mW/13295mW VDD_CPU_GPU_CV 5721mW/5684mW VDD_SOC 3297mW/3299mW
08-04-2026 22:34:44 RAM 3990/7620MB (lfb 123x1MB) SWAP 1682/12002MB (cached 50MB) CPU [0%@1728,9%@1728,0%@1728,0%@1728,100%@1728,0%@1728] GR3D_FREQ 58% cpu@69.812C soc2@68.281C soc0@68.906C gpu@70.218C tj@70.218C soc1@69.687C VDD_IN 13310mW/13295mW VDD_CPU_GPU_CV 5721mW/5684mW VDD_SOC 3297mW/3299mW
08-04-2026 22:34:44 RAM 3990/7620MB (lfb 123x1MB) SWAP 1682/12002MB (cached 50MB) CPU [0%@1728,0%@1728,0%@1728,0%@1728,100%@1728,0%@1728] GR3D_FREQ 56% cpu@69.656C soc2@68.25C soc0@68.968C gpu@70.156C tj@70.156C soc1@69.75C VDD_IN 13310mW/13295mW VDD_CPU_GPU_CV 5680mW/5684mW VDD_SOC 3297mW/3299mW
08-04-2026 22:34:44 RAM 3990/7620MB (lfb 123x1MB) SWAP 1682/12002MB (cached 50MB) CPU [8%@1728,0%@1728,0%@1728,0%@1728,100%@1728,0%@1728] GR3D_FREQ 60% cpu@69.75C soc2@68.375C soc0@69C gpu@70.25C tj@70.25C soc1@69.843C VDD_IN 13310mW/13295mW VDD_CPU_GPU_CV 5680mW/5684mW VDD_SOC 3297mW/3299mW
08-04-2026 22:34:44 RAM 3990/7620MB (lfb 123x1MB) SWAP 1682/12002MB (cached 50MB) CPU [0%@1728,0%@1728,18%@1728,9%@1728,100%@1728,0%@1728] GR3D_FREQ 68% cpu@69.812C soc2@68.343C soc0@69.125C gpu@70.281C tj@70.281C soc1@69.968C VDD_IN 13310mW/13295mW VDD_CPU_GPU_CV 5721mW/5684mW VDD_SOC 3297mW/3299mW
08-04-2026 22:34:44 RAM 3990/7620MB (lfb 123x1MB) SWAP 1682/12002MB (cached 50MB) CPU [0%@1728,0%@1728,0%@1728,0%@1728,100%@1728,0%@1728] GR3D_FREQ 58% cpu@69.906C soc2@68.437C soc0@68.906C gpu@70.281C tj@70.281C soc1@69.687C VDD_IN 13310mW/13295mW VDD_CPU_GPU_CV 5721mW/5684mW VDD_SOC 3297mW/3299mW
08-04-2026 22:34:44 RAM 3990/7620MB (lfb 123x1MB) SWAP 1682/12002MB (cached 50MB) CPU [9%@1728,0%@1728,0%@1728,0%@1728,100%@1728,0%@1728] GR3D_FREQ 60% cpu@69.718C soc2@68.187C soc0@69C gpu@70.281C tj@70.281C soc1@69.75C VDD_IN 13331mW/13295mW VDD_CPU_GPU_CV 5680mW/5684mW VDD_SOC 3297mW/3299mW
08-04-2026 22:34:44 RAM 3990/7620MB (lfb 123x1MB) SWAP 1682/12002MB (cached 50MB) CPU [0%@1728,0%@1728,0%@1728,0%@1728,100%@1728,9%@1728] GR3D_FREQ 58% cpu@69.75C soc2@68.281C soc0@69.031C gpu@70.312C tj@70.312C soc1@69.875C VDD_IN 13310mW/13295mW VDD_CPU_GPU_CV 5680mW/5684mW VDD_SOC 3297mW/3299mW
08-04-2026 22:34:45 RAM 3990/7620MB (lfb 123x1MB) SWAP 1682/12002MB (cached 50MB) CPU [0%@1728,0%@1728,0%@1728,0%@1728,100%@1728,0%@1728] GR3D_FREQ 58% cpu@69.687C soc2@68.312C soc0@69.125C gpu@70.687C tj@70.687C soc1@69.812C VDD_IN 13310mW/13295mW VDD_CPU_GPU_CV 5680mW/5684mW VDD_SOC 3297mW/3299mW
08-04-2026 22:34:45 RAM 3990/7620MB (lfb 123x1MB) SWAP 1682/12002MB (cached 50MB) CPU [0%@1728,0%@1728,0%@1728,0%@1728,100%@1728,0%@1728] GR3D_FREQ 57% cpu@69.812C soc2@68.343C soc0@69.218C gpu@70.281C tj@70.281C soc1@69.906C VDD_IN 13269mW/13295mW VDD_CPU_GPU_CV 5680mW/5684mW VDD_SOC 3297mW/3299mW
08-04-2026 22:34:45 RAM 3990/7620MB (lfb 123x1MB) SWAP 1682/12002MB (cached 50MB) CPU [0%@1728,0%@1728,0%@1728,0%@1728,100%@1728,0%@1728] GR3D_FREQ 60% cpu@69.843C soc2@68.312C soc0@68.906C gpu@70.218C tj@70.218C soc1@69.718C VDD_IN 13290mW/13295mW VDD_CPU_GPU_CV 5680mW/5684mW VDD_SOC 3297mW/3299mW
08-04-2026 22:34:45 RAM 3990/7620MB (lfb 123x1MB) SWAP 1682/12002MB (cached 50MB) CPU [0%@1728,9%@1728,0%@1728,0%@1728,100%@1728,0%@1728] GR3D_FREQ 60% cpu@69.625C soc2@68.281C soc0@68.937C gpu@70.375C tj@70.375C soc1@69.781C VDD_IN 13290mW/13295mW VDD_CPU_GPU_CV 5680mW/5684mW VDD_SOC 3297mW/3299mW
08-04-2026 22:34:45 RAM 3990/7620MB (lfb 123x1MB) SWAP 1682/12002MB (cached 50MB) CPU [0%@1728,0%@1728,0%@1728,0%@1728,100%@1728,0%@1728] GR3D_FREQ 59% cpu@69.656C soc2@68.343C soc0@69C gpu@70.25C tj@70.25C soc1@69.781C VDD_IN 13290mW/13295mW VDD_CPU_GPU_CV 5680mW/5684mW VDD_SOC 3297mW/3299mW
08-04-2026 22:34:45 RAM 3990/7620MB (lfb 123x1MB) SWAP 1682/12002MB (cached 50MB) CPU [0%@1728,0%@1728,0%@1728,0%@1728,100%@1728,0%@1728] GR3D_FREQ 58% cpu@69.812C soc2@68.312C soc0@69.031C gpu@70.343C tj@70.343C soc1@70C VDD_IN 13269mW/13295mW VDD_CPU_GPU_CV 5680mW/5684mW VDD_SOC 3297mW/3299mW
08-04-2026 22:34:45 RAM 3990/7620MB (lfb 123x1MB) SWAP 1682/12002MB (cached 50MB) CPU [8%@1728,0%@1728,0%@1728,0%@1728,100%@1728,0%@1728] GR3D_FREQ 59% cpu@69.812C soc2@68.468C soc0@68.968C gpu@70.437C tj@70.437C soc1@69.718C VDD_IN 13310mW/13295mW VDD_CPU_GPU_CV 5680mW/5684mW VDD_SOC 3297mW/3299mW
08-04-2026 22:34:45 RAM 3990/7620MB (lfb 123x1MB) SWAP 1682/12002MB (cached 50MB) CPU [0%@1728,0%@1728,0%@1728,0%@1728,100%@1728,0%@1728] GR3D_FREQ 56% cpu@69.718C soc2@68.25C soc0@69C gpu@70.281C tj@70.281C soc1@69.687C VDD_IN 13310mW/13295mW VDD_CPU_GPU_CV 5680mW/5684mW VDD_SOC 3297mW/3299mW
08-04-2026 22:34:45 RAM 3990/7620MB (lfb 123x1MB) SWAP 1682/12002MB (cached 50MB) CPU [0%@1728,0%@1728,0%@1728,0%@1728,100%@1728,0%@1728] GR3D_FREQ 58% cpu@69.718C soc2@68.375C soc0@68.968C gpu@70.187C tj@70.187C soc1@69.781C VDD_IN 13310mW/13295mW VDD_CPU_GPU_CV 5680mW/5684mW VDD_SOC 3297mW/3299mW
08-04-2026 22:34:45 RAM 3990/7620MB (lfb 123x1MB) SWAP 1682/12002MB (cached 50MB) CPU [0%@1728,8%@1728,0%@1728,0%@1728,100%@1728,0%@1728] GR3D_FREQ 58% cpu@69.718C soc2@68.281C soc0@69.093C gpu@70.375C tj@70.375C soc1@69.968C VDD_IN 13269mW/13295mW VDD_CPU_GPU_CV 5680mW/5684mW VDD_SOC 3297mW/3299mW
08-04-2026 22:34:46 RAM 3990/7620MB (lfb 123x1MB) SWAP 1682/12002MB (cached 50MB) CPU [0%@1728,9%@1728,0%@1728,0%@1728,100%@1728,0%@1728] GR3D_FREQ 60% cpu@69.718C soc2@68.312C soc0@69.218C gpu@70.312C tj@70.312C soc1@70.031C VDD_IN 13269mW/13295mW VDD_CPU_GPU_CV 5680mW/5684mW VDD_SOC 3297mW/3299mW
08-04-2026 22:34:46 RAM 3990/7620MB (lfb 123x1MB) SWAP 1682/12002MB (cached 50MB) CPU [0%@1728,9%@1728,0%@1728,0%@1728,100%@1728,0%@1728] GR3D_FREQ 59% cpu@69.968C soc2@68.281C soc0@69.062C gpu@70.437C tj@70.437C soc1@69.718C VDD_IN 13310mW/13295mW VDD_CPU_GPU_CV 5680mW/5684mW VDD_SOC 3297mW/3299mW
08-04-2026 22:34:46 RAM 3990/7620MB (lfb 123x1MB) SWAP 1682/12002MB (cached 50MB) CPU [0%@1728,0%@1728,0%@1728,0%@1728,100%@1728,0%@1728] GR3D_FREQ 56% cpu@69.625C soc2@68.25C soc0@68.937C gpu@70.343C tj@70.343C soc1@69.75C VDD_IN 13290mW/13295mW VDD_CPU_GPU_CV 5680mW/5684mW VDD_SOC 3297mW/3299mW
08-04-2026 22:34:46 RAM 3990/7620MB (lfb 123x1MB) SWAP 1682/12002MB (cached 50MB) CPU [0%@1728,0%@1728,0%@1728,0%@1728,100%@1728,0%@1728] GR3D_FREQ 59% cpu@69.781C soc2@68.218C soc0@69.062C gpu@70.281C tj@70.281C soc1@69.843C VDD_IN 13290mW/13295mW VDD_CPU_GPU_CV 5680mW/5684mW VDD_SOC 3297mW/3299mW
08-04-2026 22:34:46 RAM 3990/7620MB (lfb 123x1MB) SWAP 1682/12002MB (cached 50MB) CPU [0%@1728,0%@1728,0%@1728,0%@1728,100%@1728,0%@1728] GR3D_FREQ 59% cpu@69.75C soc2@68.375C soc0@69.062C gpu@70.406C tj@70.406C soc1@69.906C VDD_IN 13290mW/13295mW VDD_CPU_GPU_CV 5680mW/5684mW VDD_SOC 3297mW/3299mW
08-04-2026 22:34:46 RAM 3990/7620MB (lfb 123x1MB) SWAP 1682/12002MB (cached 50MB) CPU [0%@1728,0%@1728,9%@1728,0%@1728,100%@1728,0%@1728] GR3D_FREQ 64% cpu@69.812C soc2@68.406C soc0@68.875C gpu@70.343C tj@70.343C soc1@69.656C VDD_IN 13331mW/13295mW VDD_CPU_GPU_CV 5680mW/5684mW VDD_SOC 3297mW/3299mW
08-04-2026 22:34:46 RAM 3990/7620MB (lfb 123x1MB) SWAP 1682/12002MB (cached 50MB) CPU [0%@1728,9%@1728,0%@1728,0%@1728,100%@1728,0%@1728] GR3D_FREQ 59% cpu@69.937C soc2@68.312C soc0@69C gpu@70.281C tj@70.281C soc1@69.781C VDD_IN 13331mW/13295mW VDD_CPU_GPU_CV 5680mW/5684mW VDD_SOC 3297mW/3299mW
08-04-2026 22:34:46 RAM 3990/7620MB (lfb 123x1MB) SWAP 1682/12002MB (cached 50MB) CPU [8%@1728,9%@1728,0%@1728,0%@1728,100%@1728,0%@1728] GR3D_FREQ 58% cpu@69.687C soc2@68.343C soc0@68.937C gpu@70.406C tj@70.406C soc1@69.843C VDD_IN 13331mW/13295mW VDD_CPU_GPU_CV 5680mW/5684mW VDD_SOC 3297mW/3299mW
08-04-2026 22:34:46 RAM 3990/7620MB (lfb 123x1MB) SWAP 1682/12002MB (cached 50MB) CPU [0%@1728,0%@1728,0%@1728,0%@1728,100%@1728,0%@1728] GR3D_FREQ 58% cpu@69.843C soc2@68.312C soc0@69.125C gpu@70.343C tj@70.343C soc1@69.937C VDD_IN 13310mW/13295mW VDD_CPU_GPU_CV 5680mW/5684mW VDD_SOC 3297mW/3299mW
08-04-2026 22:34:47 RAM 3990/7620MB (lfb 123x1MB) SWAP 1682/12002MB (cached 50MB) CPU [0%@1728,0%@1728,0%@1728,0%@1728,100%@1728,0%@1728] GR3D_FREQ 60% cpu@69.718C soc2@68.375C soc0@69.218C gpu@70.25C tj@70.25C soc1@70C VDD_IN 13331mW/13295mW VDD_CPU_GPU_CV 5680mW/5684mW VDD_SOC 3297mW/3299mW
08-04-2026 22:34:47 RAM 3990/7620MB (lfb 123x1MB) SWAP 1682/12002MB (cached 50MB) CPU [0%@1728,0%@1728,0%@1728,0%@1728,100%@1728,0%@1728] GR3D_FREQ 58% cpu@69.906C soc2@68.281C soc0@68.875C gpu@70.343C tj@70.343C soc1@69.718C VDD_IN 13290mW/13295mW VDD_CPU_GPU_CV 5680mW/5684mW VDD_SOC 3297mW/3299mW
08-04-2026 22:34:47 RAM 3994/7620MB (lfb 123x1MB) SWAP 1682/12002MB (cached 50MB) CPU [0%@1728,0%@1728,27%@1728,9%@1728,100%@1728,0%@1728] GR3D_FREQ 57% cpu@69.812C soc2@68.312C soc0@69C gpu@70.343C tj@70.343C soc1@69.843C VDD_IN 13350mW/13295mW VDD_CPU_GPU_CV 5721mW/5684mW VDD_SOC 3297mW/3299mW
08-04-2026 22:34:47 RAM 3994/7620MB (lfb 123x1MB) SWAP 1682/12002MB (cached 50MB) CPU [0%@1728,0%@1728,0%@1728,0%@1728,100%@1728,0%@1728] GR3D_FREQ 59% cpu@69.875C soc2@68.312C soc0@69.031C gpu@70.281C tj@70.281C soc1@69.812C VDD_IN 13350mW/13295mW VDD_CPU_GPU_CV 5721mW/5684mW VDD_SOC 3297mW/3299mW
08-04-2026 22:34:47 RAM 3994/7620MB (lfb 123x1MB) SWAP 1682/12002MB (cached 50MB) CPU [0%@1728,0%@1728,0%@1728,0%@1728,100%@1728,0%@1728] GR3D_FREQ 59% cpu@69.781C soc2@68.343C soc0@69.093C gpu@70.25C tj@70.25C soc1@69.906C VDD_IN 13350mW/13295mW VDD_CPU_GPU_CV 5721mW/5684mW VDD_SOC 3297mW/3299mW
08-04-2026 22:34:47 RAM 3994/7620MB (lfb 123x1MB) SWAP 1682/12002MB (cached 50MB) CPU [9%@1728,0%@1728,9%@1728,0%@1728,100%@1728,0%@1728] GR3D_FREQ 57% cpu@69.875C soc2@68.312C soc0@68.906C gpu@70.343C tj@70.343C soc1@69.656C VDD_IN 13331mW/13295mW VDD_CPU_GPU_CV 5680mW/5684mW VDD_SOC 3297mW/3299mW
08-04-2026 22:34:47 RAM 3994/7620MB (lfb 123x1MB) SWAP 1682/12002MB (cached 50MB) CPU [9%@1728,0%@1728,9%@1728,0%@1728,100%@1728,0%@1728] GR3D_FREQ 57% cpu@69.656C soc2@68.281C soc0@69C gpu@70.437C tj@70.437C soc1@69.75C VDD_IN 13350mW/13295mW VDD_CPU_GPU_CV 5721mW/5684mW VDD_SOC 3297mW/3299mW
08-04-2026 22:34:47 RAM 3994/7620MB (lfb 123x1MB) SWAP 1682/12002MB (cached 50MB) CPU [0%@1728,0%@1728,0%@1728,0%@1728,100%@1728,0%@1728] GR3D_FREQ 60% cpu@69.781C soc2@68.25C soc0@69.031C gpu@70.343C tj@70.343C soc1@69.843C VDD_IN 13310mW/13295mW VDD_CPU_GPU_CV 5721mW/5684mW VDD_SOC 3297mW/3299mW
08-04-2026 22:34:47 RAM 3994/7620MB (lfb 123x1MB) SWAP 1682/12002MB (cached 50MB) CPU [0%@1728,0%@1728,0%@1728,0%@1728,100%@1728,0%@1728] GR3D_FREQ 59% cpu@69.75C soc2@68.25C soc0@69.156C gpu@70.156C tj@70.156C soc1@69.937C VDD_IN 13331mW/13295mW VDD_CPU_GPU_CV 5721mW/5684mW VDD_SOC 3297mW/3299mW
08-04-2026 22:34:47 RAM 3994/7620MB (lfb 123x1MB) SWAP 1682/12002MB (cached 50MB) CPU [0%@1728,0%@1728,8%@1728,0%@1728,100%@1728,0%@1728] GR3D_FREQ 57% cpu@69.812C soc2@68.343C soc0@68.937C gpu@70.468C tj@70.468C soc1@69.718C VDD_IN 13310mW/13295mW VDD_CPU_GPU_CV 5721mW/5684mW VDD_SOC 3297mW/3299mW
08-04-2026 22:34:48 RAM 3994/7620MB (lfb 123x1MB) SWAP 1682/12002MB (cached 50MB) CPU [9%@1728,0%@1728,0%@1728,0%@1728,100%@1728,0%@1728] GR3D_FREQ 58% cpu@69.875C soc2@68.25C soc0@68.906C gpu@70.312C tj@70.312C soc1@69.718C VDD_IN 13331mW/13295mW VDD_CPU_GPU_CV 5680mW/5684mW VDD_SOC 3297mW/3299mW
08-04-2026 22:34:48 RAM 3994/7620MB (lfb 123x1MB) SWAP 1682/12002MB (cached 50MB) CPU [0%@1728,0%@1728,0%@1728,0%@1728,100%@1728,0%@1728] GR3D_FREQ 57% cpu@69.656C soc2@68.343C soc0@69.031C gpu@70.312C tj@70.312C soc1@69.781C VDD_IN 13331mW/13295mW VDD_CPU_GPU_CV 5680mW/5684mW VDD_SOC 3297mW/3299mW
08-04-2026 22:34:48 RAM 3982/7620MB (lfb 124x1MB) SWAP 1682/12002MB (cached 50MB) CPU [0%@1728,9%@1728,0%@1728,0%@1728,100%@1728,0%@1728] GR3D_FREQ 59% cpu@69.75C soc2@68.312C soc0@69.125C gpu@70.406C tj@70.406C soc1@69.75C VDD_IN 13310mW/13295mW VDD_CPU_GPU_CV 5680mW/5684mW VDD_SOC 3297mW/3299mW
08-04-2026 22:34:48 RAM 3982/7620MB (lfb 124x1MB) SWAP 1682/12002MB (cached 50MB) CPU [0%@1728,0%@1728,0%@1728,0%@1728,100%@1728,0%@1728] GR3D_FREQ 60% cpu@69.781C soc2@68.375C soc0@69.062C gpu@70.375C tj@70.375C soc1@70C VDD_IN 13331mW/13295mW VDD_CPU_GPU_CV 5680mW/5684mW VDD_SOC 3297mW/3299mW
08-04-2026 22:34:48 RAM 3982/7620MB (lfb 124x1MB) SWAP 1682/12002MB (cached 50MB) CPU [0%@1728,0%@1728,0%@1728,0%@1728,100%@1728,0%@1728] GR3D_FREQ 58% cpu@69.812C soc2@68.218C soc0@68.968C gpu@70.5C tj@70.5C soc1@69.656C VDD_IN 13290mW/13295mW VDD_CPU_GPU_CV 5680mW/5684mW VDD_SOC 3297mW/3299mW
08-04-2026 22:34:48 RAM 3982/7620MB (lfb 124x1MB) SWAP 1682/12002MB (cached 50MB) CPU [16%@1728,0%@1728,0%@1728,0%@1728,100%@1728,0%@1728] GR3D_FREQ 67% cpu@70.031C soc2@68.281C soc0@69C gpu@70.343C tj@70.343C soc1@69.625C VDD_IN 13331mW/13295mW VDD_CPU_GPU_CV 5680mW/5684mW VDD_SOC 3297mW/3299mW
08-04-2026 22:34:48 RAM 3983/7620MB (lfb 124x1MB) SWAP 1682/12002MB (cached 50MB) CPU [0%@1728,0%@1728,0%@1728,0%@1728,100%@1728,0%@1728] GR3D_FREQ 60% cpu@69.75C soc2@68.25C soc0@68.968C gpu@70.343C tj@70.343C soc1@69.843C VDD_IN 13310mW/13295mW VDD_CPU_GPU_CV 5680mW/5684mW VDD_SOC 3297mW/3299mW
08-04-2026 22:34:48 RAM 3983/7620MB (lfb 124x1MB) SWAP 1682/12002MB (cached 50MB) CPU [0%@1728,9%@1728,0%@1728,0%@1728,100%@1728,0%@1728] GR3D_FREQ 65% cpu@69.75C soc2@68.375C soc0@69.125C gpu@70.531C tj@70.531C soc1@69.968C VDD_IN 13310mW/13295mW VDD_CPU_GPU_CV 5680mW/5684mW VDD_SOC 3297mW/3299mW
08-04-2026 22:34:48 RAM 3983/7620MB (lfb 124x1MB) SWAP 1682/12002MB (cached 50MB) CPU [0%@1728,0%@1728,0%@1728,0%@1728,100%@1728,0%@1728] GR3D_FREQ 60% cpu@69.875C soc2@68.375C soc0@68.875C gpu@70.343C tj@70.343C soc1@69.625C VDD_IN 13310mW/13295mW VDD_CPU_GPU_CV 5680mW/5684mW VDD_SOC 3297mW/3299mW
08-04-2026 22:34:49 RAM 3983/7620MB (lfb 124x1MB) SWAP 1682/12002MB (cached 50MB) CPU [0%@1728,0%@1728,0%@1728,0%@1728,100%@1728,0%@1728] GR3D_FREQ 56% cpu@69.875C soc2@68.25C soc0@68.937C gpu@70.281C tj@70.281C soc1@69.718C VDD_IN 13310mW/13295mW VDD_CPU_GPU_CV 5680mW/5684mW VDD_SOC 3297mW/3299mW
08-04-2026 22:34:49 RAM 3983/7620MB (lfb 124x1MB) SWAP 1682/12002MB (cached 50MB) CPU [0%@1728,0%@1728,0%@1728,0%@1728,100%@1728,0%@1728] GR3D_FREQ 59% cpu@69.625C soc2@68.312C soc0@69C gpu@70.437C tj@70.437C soc1@69.812C VDD_IN 13269mW/13295mW VDD_CPU_GPU_CV 5680mW/5684mW VDD_SOC 3297mW/3299mW
08-04-2026 22:34:49 RAM 3983/7620MB (lfb 124x1MB) SWAP 1682/12002MB (cached 50MB) CPU [0%@1728,0%@1728,0%@1728,0%@1728,100%@1728,0%@1728] GR3D_FREQ 59% cpu@69.812C soc2@68.281C soc0@69.156C gpu@70.375C tj@70.375C soc1@69.843C VDD_IN 13269mW/13295mW VDD_CPU_GPU_CV 5680mW/5684mW VDD_SOC 3297mW/3299mW
08-04-2026 22:34:49 RAM 3983/7620MB (lfb 124x1MB) SWAP 1682/12002MB (cached 50MB) CPU [0%@1728,9%@1728,0%@1728,0%@1728,100%@1728,0%@1728] GR3D_FREQ 57% cpu@69.718C soc2@68.406C soc0@69.125C gpu@70.281C tj@70.281C soc1@70C VDD_IN 13269mW/13295mW VDD_CPU_GPU_CV 5680mW/5684mW VDD_SOC 3297mW/3299mW
08-04-2026 22:34:49 RAM 3983/7620MB (lfb 124x1MB) SWAP 1682/12002MB (cached 50MB) CPU [0%@1728,0%@1728,0%@1728,0%@1728,100%@1728,0%@1728] GR3D_FREQ 58% cpu@69.843C soc2@68.406C soc0@68.906C gpu@70.468C tj@70.468C soc1@69.718C VDD_IN 13269mW/13295mW VDD_CPU_GPU_CV 5680mW/5684mW VDD_SOC 3297mW/3299mW
08-04-2026 22:34:49 RAM 3983/7620MB (lfb 124x1MB) SWAP 1682/12002MB (cached 50MB) CPU [0%@1728,0%@1728,0%@1728,0%@1728,100%@1728,0%@1728] GR3D_FREQ 59% cpu@70.031C soc2@68.312C soc0@69.031C gpu@70.281C tj@70.281C soc1@69.687C VDD_IN 13269mW/13295mW VDD_CPU_GPU_CV 5680mW/5684mW VDD_SOC 3297mW/3299mW
08-04-2026 22:34:49 RAM 3983/7620MB (lfb 124x1MB) SWAP 1682/12002MB (cached 50MB) CPU [16%@1728,0%@1728,18%@1728,0%@1728,100%@1728,0%@1728] GR3D_FREQ 56% cpu@69.781C soc2@68.343C soc0@69.031C gpu@70.5C tj@70.5C soc1@69.812C VDD_IN 13269mW/13295mW VDD_CPU_GPU_CV 5680mW/5684mW VDD_SOC 3297mW/3299mW
08-04-2026 22:34:49 RAM 3983/7620MB (lfb 124x1MB) SWAP 1682/12002MB (cached 50MB) CPU [0%@1728,0%@1728,0%@1728,0%@1728,100%@1728,0%@1728] GR3D_FREQ 60% cpu@69.812C soc2@68.281C soc0@69.125C gpu@70.468C tj@70.468C soc1@69.875C VDD_IN 13331mW/13295mW VDD_CPU_GPU_CV 5680mW/5684mW VDD_SOC 3297mW/3299mW
08-04-2026 22:34:49 RAM 3983/7620MB (lfb 124x1MB) SWAP 1682/12002MB (cached 50MB) CPU [0%@1728,0%@1728,9%@1728,0%@1728,100%@1728,0%@1728] GR3D_FREQ 56% cpu@69.875C soc2@68.343C soc0@68.937C gpu@70.343C tj@70.343C soc1@69.625C VDD_IN 13269mW/13295mW VDD_CPU_GPU_CV 5680mW/5684mW VDD_SOC 3297mW/3299mW
08-04-2026 22:34:49 RAM 3983/7620MB (lfb 124x1MB) SWAP 1682/12002MB (cached 50MB) CPU [0%@1728,0%@1728,0%@1728,0%@1728,100%@1728,0%@1728] GR3D_FREQ 58% cpu@69.812C soc2@68.343C soc0@68.968C gpu@70.531C tj@70.531C soc1@69.687C VDD_IN 13290mW/13295mW VDD_CPU_GPU_CV 5680mW/5684mW VDD_SOC 3297mW/3299mW
08-04-2026 22:34:50 RAM 3983/7620MB (lfb 124x1MB) SWAP 1682/12002MB (cached 50MB) CPU [0%@1728,15%@1728,0%@1728,0%@1728,100%@1728,0%@1728] GR3D_FREQ 60% cpu@69.75C soc2@68.312C soc0@69C gpu@70.406C tj@70.406C soc1@69.75C VDD_IN 13290mW/13295mW VDD_CPU_GPU_CV 5680mW/5684mW VDD_SOC 3297mW/3299mW
08-04-2026 22:34:50 RAM 3983/7620MB (lfb 124x1MB) SWAP 1682/12002MB (cached 50MB) CPU [0%@1728,0%@1728,9%@1728,9%@1728,100%@1728,0%@1728] GR3D_FREQ 58% cpu@69.75C soc2@68.343C soc0@69C gpu@70.343C tj@70.343C soc1@69.75C VDD_IN 13290mW/13295mW VDD_CPU_GPU_CV 5680mW/5684mW VDD_SOC 3297mW/3299mW
08-04-2026 22:34:50 RAM 3983/7620MB (lfb 124x1MB) SWAP 1682/12002MB (cached 50MB) CPU [0%@1728,0%@1728,50%@1728,0%@1728,100%@1728,0%@1728] GR3D_FREQ 57% cpu@70C soc2@68.375C soc0@69.125C gpu@70.5C tj@70.5C soc1@69.718C VDD_IN 13350mW/13295mW VDD_CPU_GPU_CV 5721mW/5684mW VDD_SOC 3337mW/3299mW
08-04-2026 22:34:50 RAM 3983/7620MB (lfb 124x1MB) SWAP 1682/12002MB (cached 50MB) CPU [9%@1728,0%@1728,9%@1728,9%@1728,100%@1728,0%@1728] GR3D_FREQ 57% cpu@70C soc2@68.218C soc0@68.906C gpu@70.437C tj@70.437C soc1@69.718C VDD_IN 13350mW/13295mW VDD_CPU_GPU_CV 5761mW/5684mW VDD_SOC 3297mW/3299mW
08-04-2026 22:34:50 RAM 3991/7620MB (lfb 124x1MB) SWAP 1682/12002MB (cached 50MB) CPU [0%@1728,0%@1728,0%@1728,20%@1728,100%@1728,0%@1728] GR3D_FREQ 58% cpu@70.156C soc2@68.281C soc0@69C gpu@70.312C tj@70.312C soc1@69.718C VDD_IN 13391mW/13295mW VDD_CPU_GPU_CV 5761mW/5684mW VDD_SOC 3337mW/3299mW
08-04-2026 22:34:50 RAM 3989/7620MB (lfb 124x1MB) SWAP 1682/12002MB (cached 50MB) CPU [10%@1728,0%@1728,0%@1728,0%@1728,100%@1728,0%@1728] GR3D_FREQ 61% cpu@69.812C soc2@68.281C soc0@69.062C gpu@70.468C tj@70.468C soc1@69.812C VDD_IN 13432mW/13296mW VDD_CPU_GPU_CV 5761mW/5684mW VDD_SOC 3337mW/3299mW
08-04-2026 22:34:50 RAM 3989/7620MB (lfb 124x1MB) SWAP 1682/12002MB (cached 50MB) CPU [9%@1728,0%@1728,9%@1728,0%@1728,100%@1728,0%@1728] GR3D_FREQ 57% cpu@69.812C soc2@68.406C soc0@69.125C gpu@70.312C tj@70.312C soc1@70.062C VDD_IN 13391mW/13296mW VDD_CPU_GPU_CV 5761mW/5684mW VDD_SOC 3337mW/3299mW
08-04-2026 22:34:50 RAM 3989/7620MB (lfb 124x1MB) SWAP 1682/12002MB (cached 50MB) CPU [0%@1728,0%@1728,0%@1728,0%@1728,100%@1728,0%@1728] GR3D_FREQ 59% cpu@69.875C soc2@68.312C soc0@68.937C gpu@70.281C tj@70.281C soc1@69.656C VDD_IN 13391mW/13296mW VDD_CPU_GPU_CV 5761mW/5684mW VDD_SOC 3337mW/3299mW
08-04-2026 22:34:50 RAM 3989/7620MB (lfb 124x1MB) SWAP 1682/12002MB (cached 50MB) CPU [0%@1728,9%@1728,0%@1728,0%@1728,100%@1728,0%@1728] GR3D_FREQ 58% cpu@69.75C soc2@68.312C soc0@68.906C gpu@70.437C tj@70.437C soc1@69.75C VDD_IN 13350mW/13296mW VDD_CPU_GPU_CV 5721mW/5684mW VDD_SOC 3337mW/3299mW
08-04-2026 22:34:51 RAM 3989/7620MB (lfb 124x1MB) SWAP 1682/12002MB (cached 50MB) CPU [0%@1728,0%@1728,0%@1728,0%@1728,100%@1728,0%@1728] GR3D_FREQ 56% cpu@69.812C soc2@68.375C soc0@69.093C gpu@70.375C tj@70.375C soc1@69.843C VDD_IN 13350mW/13296mW VDD_CPU_GPU_CV 5721mW/5684mW VDD_SOC 3337mW/3299mW
08-04-2026 22:34:51 RAM 3989/7620MB (lfb 124x1MB) SWAP 1682/12002MB (cached 50MB) CPU [0%@1728,0%@1728,0%@1728,0%@1728,100%@1728,0%@1728] GR3D_FREQ 58% cpu@69.843C soc2@68.312C soc0@69.125C gpu@70.312C tj@70.312C soc1@69.875C VDD_IN 13310mW/13296mW VDD_CPU_GPU_CV 5721mW/5684mW VDD_SOC 3297mW/3299mW
08-04-2026 22:34:51 RAM 3989/7620MB (lfb 124x1MB) SWAP 1682/12002MB (cached 50MB) CPU [0%@1728,0%@1728,0%@1728,0%@1728,100%@1728,0%@1728] GR3D_FREQ 60% cpu@69.875C soc2@68.406C soc0@68.968C gpu@70.468C tj@70.468C soc1@69.75C VDD_IN 13310mW/13296mW VDD_CPU_GPU_CV 5680mW/5684mW VDD_SOC 3297mW/3299mW
08-04-2026 22:34:51 RAM 3989/7620MB (lfb 124x1MB) SWAP 1682/12002MB (cached 50MB) CPU [0%@1728,0%@1728,0%@1728,9%@1728,100%@1728,0%@1728] GR3D_FREQ 57% cpu@70C soc2@68.281C soc0@68.937C gpu@70.312C tj@70.312C soc1@69.75C VDD_IN 13310mW/13296mW VDD_CPU_GPU_CV 5680mW/5684mW VDD_SOC 3297mW/3299mW
08-04-2026 22:34:51 RAM 3989/7620MB (lfb 124x1MB) SWAP 1682/12002MB (cached 50MB) CPU [0%@1728,0%@1728,0%@1728,0%@1728,100%@1728,0%@1728] GR3D_FREQ 60% cpu@69.718C soc2@68.281C soc0@69.062C gpu@70.531C tj@70.531C soc1@69.812C VDD_IN 13290mW/13296mW VDD_CPU_GPU_CV 5680mW/5684mW VDD_SOC 3297mW/3299mW
08-04-2026 22:34:51 RAM 3989/7620MB (lfb 124x1MB) SWAP 1682/12002MB (cached 50MB) CPU [0%@1728,0%@1728,0%@1728,0%@1728,100%@1728,0%@1728] GR3D_FREQ 58% cpu@69.843C soc2@68.375C soc0@68.968C gpu@70.406C tj@70.406C soc1@69.875C VDD_IN 13269mW/13296mW VDD_CPU_GPU_CV 5680mW/5684mW VDD_SOC 3297mW/3299mW
08-04-2026 22:34:51 RAM 3989/7620MB (lfb 124x1MB) SWAP 1682/12002MB (cached 50MB) CPU [0%@1728,9%@1728,18%@1728,0%@1728,100%@1728,0%@1728] GR3D_FREQ 66% cpu@69.812C soc2@68.468C soc0@69.156C gpu@70.406C tj@70.406C soc1@69.906C VDD_IN 13331mW/13296mW VDD_CPU_GPU_CV 5680mW/5684mW VDD_SOC 3297mW/3299mW
08-04-2026 22:34:51 RAM 3989/7620MB (lfb 124x1MB) SWAP 1682/12002MB (cached 50MB) CPU [0%@1728,0%@1728,0%@1728,8%@1728,100%@1728,0%@1728] GR3D_FREQ 59% cpu@69.906C soc2@68.218C soc0@68.906C gpu@70.5C tj@70.5C soc1@69.687C VDD_IN 13331mW/13296mW VDD_CPU_GPU_CV 5721mW/5685mW VDD_SOC 3297mW/3299mW
08-04-2026 22:34:51 RAM 3989/7620MB (lfb 124x1MB) SWAP 1682/12002MB (cached 50MB) CPU [0%@1728,0%@1728,0%@1728,0%@1728,100%@1728,0%@1728] GR3D_FREQ 59% cpu@69.937C soc2@68.281C soc0@68.968C gpu@70.5C tj@70.5C soc1@69.687C VDD_IN 13269mW/13296mW VDD_CPU_GPU_CV 5680mW/5685mW VDD_SOC 3297mW/3299mW
08-04-2026 22:34:51 RAM 3989/7620MB (lfb 124x1MB) SWAP 1682/12002MB (cached 50MB) CPU [0%@1728,0%@1728,0%@1728,0%@1728,100%@1728,0%@1728] GR3D_FREQ 59% cpu@69.75C soc2@68.343C soc0@69.062C gpu@70.312C tj@70.312C soc1@69.812C VDD_IN 13290mW/13296mW VDD_CPU_GPU_CV 5680mW/5685mW VDD_SOC 3297mW/3299mW
08-04-2026 22:34:52 RAM 3989/7620MB (lfb 124x1MB) SWAP 1682/12002MB (cached 50MB) CPU [0%@1728,9%@1728,8%@1728,0%@1728,100%@1728,0%@1728] GR3D_FREQ 59% cpu@69.875C soc2@68.312C soc0@69.125C gpu@70.531C tj@70.531C soc1@69.875C VDD_IN 13290mW/13296mW VDD_CPU_GPU_CV 5680mW/5684mW VDD_SOC 3297mW/3299mW
08-04-2026 22:34:52 RAM 3989/7620MB (lfb 124x1MB) SWAP 1682/12002MB (cached 50MB) CPU [9%@1728,0%@1728,9%@1728,0%@1728,100%@1728,0%@1728] GR3D_FREQ 58% cpu@69.843C soc2@68.406C soc0@68.968C gpu@70.437C tj@70.437C soc1@69.656C VDD_IN 13290mW/13296mW VDD_CPU_GPU_CV 5680mW/5684mW VDD_SOC 3297mW/3299mW
08-04-2026 22:34:52 RAM 3989/7620MB (lfb 124x1MB) SWAP 1682/12002MB (cached 50MB) CPU [0%@1728,0%@1728,0%@1728,0%@1728,100%@1728,0%@1728] GR3D_FREQ 58% cpu@70C soc2@68.312C soc0@68.968C gpu@70.281C tj@70.281C soc1@69.781C VDD_IN 13290mW/13296mW VDD_CPU_GPU_CV 5680mW/5684mW VDD_SOC 3297mW/3299mW
08-04-2026 22:34:52 RAM 3989/7620MB (lfb 124x1MB) SWAP 1682/12002MB (cached 50MB) CPU [0%@1728,0%@1728,0%@1728,0%@1728,100%@1728,0%@1728] GR3D_FREQ 56% cpu@69.718C soc2@68.375C soc0@69.031C gpu@70.562C tj@70.562C soc1@69.843C VDD_IN 13290mW/13296mW VDD_CPU_GPU_CV 5680mW/5684mW VDD_SOC 3297mW/3299mW
08-04-2026 22:34:52 RAM 3989/7620MB (lfb 124x1MB) SWAP 1682/12002MB (cached 50MB) CPU [0%@1728,0%@1728,0%@1728,0%@1728,100%@1728,0%@1728] GR3D_FREQ 59% cpu@69.781C soc2@68.312C soc0@69.062C gpu@70.343C tj@70.343C soc1@69.968C VDD_IN 13290mW/13296mW VDD_CPU_GPU_CV 5680mW/5684mW VDD_SOC 3297mW/3299mW
08-04-2026 22:34:52 RAM 3989/7620MB (lfb 124x1MB) SWAP 1682/12002MB (cached 50MB) CPU [0%@1728,8%@1728,10%@1728,9%@1728,100%@1728,0%@1728] GR3D_FREQ 63% cpu@69.875C soc2@68.375C soc0@69.156C gpu@70.656C tj@70.656C soc1@69.843C VDD_IN 13310mW/13296mW VDD_CPU_GPU_CV 5680mW/5684mW VDD_SOC 3297mW/3299mW
08-04-2026 22:34:52 RAM 3989/7620MB (lfb 124x1MB) SWAP 1682/12002MB (cached 50MB) CPU [0%@1728,0%@1728,8%@1728,0%@1728,100%@1728,0%@1728] GR3D_FREQ 59% cpu@69.937C soc2@68.343C soc0@68.906C gpu@70.468C tj@70.468C soc1@69.812C VDD_IN 13290mW/13296mW VDD_CPU_GPU_CV 5680mW/5684mW VDD_SOC 3297mW/3299mW
08-04-2026 22:34:52 RAM 3989/7620MB (lfb 124x1MB) SWAP 1682/12002MB (cached 50MB) CPU [9%@1728,0%@1728,9%@1728,0%@1728,100%@1728,0%@1728] GR3D_FREQ 63% cpu@69.906C soc2@68.343C soc0@69.031C gpu@70.312C tj@70.312C soc1@69.781C VDD_IN 13310mW/13296mW VDD_CPU_GPU_CV 5680mW/5684mW VDD_SOC 3297mW/3299mW
08-04-2026 22:34:52 RAM 3989/7620MB (lfb 124x1MB) SWAP 1682/12002MB (cached 50MB) CPU [8%@1728,0%@1728,0%@1728,0%@1728,100%@1728,0%@1728] GR3D_FREQ 58% cpu@69.718C soc2@68.281C soc0@68.968C gpu@70.562C tj@70.562C soc1@69.843C VDD_IN 13310mW/13296mW VDD_CPU_GPU_CV 5680mW/5684mW VDD_SOC 3297mW/3299mW
08-04-2026 22:34:53 RAM 3989/7620MB (lfb 124x1MB) SWAP 1682/12002MB (cached 50MB) CPU [0%@1728,0%@1728,0%@1728,0%@1728,100%@1728,0%@1728] GR3D_FREQ 60% cpu@69.75C soc2@68.406C soc0@69.093C gpu@70.468C tj@70.468C soc1@69.875C VDD_IN 13290mW/13296mW VDD_CPU_GPU_CV 5680mW/5684mW VDD_SOC 3297mW/3299mW
08-04-2026 22:34:53 RAM 3989/7620MB (lfb 124x1MB) SWAP 1682/12002MB (cached 50MB) CPU [0%@1728,0%@1728,0%@1728,0%@1728,100%@1728,0%@1728] GR3D_FREQ 58% cpu@69.875C soc2@68.406C soc0@69.187C gpu@70.406C tj@70.406C soc1@69.687C VDD_IN 13290mW/13296mW VDD_CPU_GPU_CV 5680mW/5684mW VDD_SOC 3297mW/3299mW
08-04-2026 22:34:53 RAM 3989/7620MB (lfb 124x1MB) SWAP 1682/12002MB (cached 50MB) CPU [0%@1728,0%@1728,0%@1728,0%@1728,100%@1728,0%@1728] GR3D_FREQ 57% cpu@69.937C soc2@68.281C soc0@69C gpu@70.5C tj@70.5C soc1@69.75C VDD_IN 13290mW/13296mW VDD_CPU_GPU_CV 5680mW/5684mW VDD_SOC 3297mW/3299mW
08-04-2026 22:34:53 RAM 3989/7620MB (lfb 124x1MB) SWAP 1682/12002MB (cached 50MB) CPU [0%@1728,0%@1728,0%@1728,0%@1728,100%@1728,0%@1728] GR3D_FREQ 59% cpu@70.093C soc2@68.406C soc0@69C gpu@70.375C tj@70.375C soc1@69.812C VDD_IN 13290mW/13296mW VDD_CPU_GPU_CV 5680mW/5684mW VDD_SOC 3297mW/3299mW
08-04-2026 22:34:53 RAM 3989/7620MB (lfb 124x1MB) SWAP 1682/12002MB (cached 50MB) CPU [0%@1728,0%@1728,0%@1728,0%@1728,100%@1728,0%@1728] GR3D_FREQ 60% cpu@69.812C soc2@68.343C soc0@69C gpu@70.656C tj@70.656C soc1@69.906C VDD_IN 13290mW/13296mW VDD_CPU_GPU_CV 5680mW/5684mW VDD_SOC 3297mW/3299mW
08-04-2026 22:34:53 RAM 3989/7620MB (lfb 124x1MB) SWAP 1682/12002MB (cached 50MB) CPU [0%@1728,0%@1728,0%@1728,0%@1728,100%@1728,0%@1728] GR3D_FREQ 58% cpu@69.875C soc2@68.375C soc0@69.125C gpu@70.531C tj@70.531C soc1@69.937C VDD_IN 13290mW/13296mW VDD_CPU_GPU_CV 5680mW/5684mW VDD_SOC 3297mW/3299mW
08-04-2026 22:34:53 RAM 3989/7620MB (lfb 124x1MB) SWAP 1682/12002MB (cached 50MB) CPU [0%@1728,16%@1728,0%@1728,0%@1728,100%@1728,9%@1728] GR3D_FREQ 59% cpu@70C soc2@68.406C soc0@68.937C gpu@70.375C tj@70.375C soc1@69.75C VDD_IN 13269mW/13296mW VDD_CPU_GPU_CV 5680mW/5684mW VDD_SOC 3297mW/3299mW
08-04-2026 22:34:53 RAM 3989/7620MB (lfb 124x1MB) SWAP 1682/12002MB (cached 50MB) CPU [20%@1728,0%@1728,9%@1728,9%@1728,100%@1728,9%@1728] GR3D_FREQ 56% cpu@70.093C soc2@68.375C soc0@68.906C gpu@70.625C tj@70.625C soc1@69.656C VDD_IN 13350mW/13296mW VDD_CPU_GPU_CV 5761mW/5685mW VDD_SOC 3337mW/3299mW
08-04-2026 22:34:53 RAM 3989/7620MB (lfb 124x1MB) SWAP 1682/12002MB (cached 50MB) CPU [0%@1728,9%@1728,0%@1728,0%@1728,100%@1728,0%@1728] GR3D_FREQ 60% cpu@69.75C soc2@68.375C soc0@69.031C gpu@70.5C tj@70.5C soc1@69.875C VDD_IN 13350mW/13296mW VDD_CPU_GPU_CV 5721mW/5685mW VDD_SOC 3337mW/3299mW
08-04-2026 22:34:53 RAM 3989/7620MB (lfb 124x1MB) SWAP 1682/12002MB (cached 50MB) CPU [0%@1728,0%@1728,0%@1728,0%@1728,100%@1728,0%@1728] GR3D_FREQ 59% cpu@69.812C soc2@68.375C soc0@69.062C gpu@70.468C tj@70.468C soc1@69.937C VDD_IN 13350mW/13296mW VDD_CPU_GPU_CV 5721mW/5685mW VDD_SOC 3297mW/3299mW
08-04-2026 22:34:54 RAM 3989/7620MB (lfb 124x1MB) SWAP 1682/12002MB (cached 50MB) CPU [9%@1728,0%@1728,0%@1728,0%@1728,100%@1728,0%@1728] GR3D_FREQ 56% cpu@69.812C soc2@68.343C soc0@69.156C gpu@70.593C tj@70.593C soc1@69.812C VDD_IN 13310mW/13296mW VDD_CPU_GPU_CV 5721mW/5685mW VDD_SOC 3297mW/3299mW
08-04-2026 22:34:54 RAM 3989/7620MB (lfb 124x1MB) SWAP 1682/12002MB (cached 50MB) CPU [0%@1728,0%@1728,0%@1728,0%@1728,100%@1728,0%@1728] GR3D_FREQ 58% cpu@69.906C soc2@68.343C soc0@68.968C gpu@70.531C tj@70.531C soc1@69.718C VDD_IN 13331mW/13296mW VDD_CPU_GPU_CV 5721mW/5685mW VDD_SOC 3297mW/3299mW
08-04-2026 22:34:54 RAM 3989/7620MB (lfb 124x1MB) SWAP 1682/12002MB (cached 50MB) CPU [0%@1728,0%@1728,9%@1728,9%@1728,100%@1728,0%@1728] GR3D_FREQ 59% cpu@69.75C soc2@68.343C soc0@69C gpu@70.343C tj@70.343C soc1@69.75C VDD_IN 13331mW/13296mW VDD_CPU_GPU_CV 5721mW/5685mW VDD_SOC 3297mW/3299mW
08-04-2026 22:34:54 RAM 3989/7620MB (lfb 124x1MB) SWAP 1682/12002MB (cached 50MB) CPU [0%@1728,0%@1728,0%@1728,0%@1728,100%@1728,0%@1728] GR3D_FREQ 60% cpu@69.75C soc2@68.343C soc0@69C gpu@70.531C tj@70.531C soc1@69.906C VDD_IN 13310mW/13296mW VDD_CPU_GPU_CV 5680mW/5685mW VDD_SOC 3297mW/3299mW
08-04-2026 22:34:54 RAM 3989/7620MB (lfb 124x1MB) SWAP 1682/12002MB (cached 50MB) CPU [8%@1728,0%@1728,0%@1728,0%@1728,100%@1728,0%@1728] GR3D_FREQ 58% cpu@69.906C soc2@68.375C soc0@69.093C gpu@70.531C tj@70.531C soc1@69.718C VDD_IN 13310mW/13296mW VDD_CPU_GPU_CV 5680mW/5685mW VDD_SOC 3297mW/3299mW
08-04-2026 22:34:54 RAM 3989/7620MB (lfb 124x1MB) SWAP 1682/12002MB (cached 50MB) CPU [10%@1728,0%@1728,0%@1728,0%@1728,100%@1728,0%@1728] GR3D_FREQ 58% cpu@70C soc2@68.343C soc0@69.031C gpu@70.375C tj@70.375C soc1@69.75C VDD_IN 13310mW/13296mW VDD_CPU_GPU_CV 5721mW/5685mW VDD_SOC 3337mW/3299mW
08-04-2026 22:34:54 RAM 3989/7620MB (lfb 124x1MB) SWAP 1682/12002MB (cached 50MB) CPU [0%@1728,9%@1728,0%@1728,0%@1728,100%@1728,0%@1728] GR3D_FREQ 60% cpu@70.093C soc2@68.406C soc0@69C gpu@70.562C tj@70.562C soc1@69.843C VDD_IN 13310mW/13296mW VDD_CPU_GPU_CV 5721mW/5685mW VDD_SOC 3337mW/3299mW
08-04-2026 22:34:54 RAM 3989/7620MB (lfb 124x1MB) SWAP 1682/12002MB (cached 50MB) CPU [0%@1728,0%@1728,0%@1728,0%@1728,100%@1728,0%@1728] GR3D_FREQ 61% cpu@69.812C soc2@68.375C soc0@69.062C gpu@70.437C tj@70.437C soc1@69.968C VDD_IN 13310mW/13296mW VDD_CPU_GPU_CV 5721mW/5685mW VDD_SOC 3337mW/3299mW
08-04-2026 22:34:54 RAM 3989/7620MB (lfb 124x1MB) SWAP 1682/12002MB (cached 50MB) CPU [0%@1728,0%@1728,0%@1728,0%@1728,100%@1728,0%@1728] GR3D_FREQ 55% cpu@69.781C soc2@68.312C soc0@69.062C gpu@70.343C tj@70.343C soc1@69.968C VDD_IN 13310mW/13296mW VDD_CPU_GPU_CV 5680mW/5685mW VDD_SOC 3337mW/3299mW
08-04-2026 22:34:54 RAM 3989/7620MB (lfb 124x1MB) SWAP 1682/12002MB (cached 50MB) CPU [0%@1728,0%@1728,0%@1728,0%@1728,100%@1728,0%@1728] GR3D_FREQ 58% cpu@69.937C soc2@68.406C soc0@68.968C gpu@70.562C tj@70.562C soc1@69.656C VDD_IN 13310mW/13296mW VDD_CPU_GPU_CV 5680mW/5685mW VDD_SOC 3337mW/3299mW
08-04-2026 22:34:55 RAM 3989/7620MB (lfb 124x1MB) SWAP 1682/12002MB (cached 50MB) CPU [0%@1728,0%@1728,0%@1728,0%@1728,100%@1728,0%@1728] GR3D_FREQ 59% cpu@69.937C soc2@68.343C soc0@68.968C gpu@70.468C tj@70.468C soc1@69.812C VDD_IN 13310mW/13296mW VDD_CPU_GPU_CV 5680mW/5685mW VDD_SOC 3337mW/3299mW
08-04-2026 22:34:55 RAM 3989/7620MB (lfb 124x1MB) SWAP 1682/12002MB (cached 50MB) CPU [0%@1728,0%@1728,0%@1728,0%@1728,100%@1728,0%@1728] GR3D_FREQ 59% cpu@69.75C soc2@68.375C soc0@69.031C gpu@70.625C tj@70.625C soc1@69.875C VDD_IN 13269mW/13296mW VDD_CPU_GPU_CV 5680mW/5685mW VDD_SOC 3297mW/3299mW
08-04-2026 22:34:55 RAM 3989/7620MB (lfb 124x1MB) SWAP 1682/12002MB (cached 50MB) CPU [0%@1728,0%@1728,0%@1728,0%@1728,100%@1728,0%@1728] GR3D_FREQ 58% cpu@69.718C soc2@68.343C soc0@69.093C gpu@70.562C tj@70.562C soc1@69.875C VDD_IN 13269mW/13296mW VDD_CPU_GPU_CV 5680mW/5685mW VDD_SOC 3297mW/3299mW
08-04-2026 22:34:55 RAM 3989/7620MB (lfb 124x1MB) SWAP 1682/12002MB (cached 50MB) CPU [0%@1728,8%@1728,0%@1728,0%@1728,100%@1728,0%@1728] GR3D_FREQ 58% cpu@69.906C soc2@68.375C soc0@69.062C gpu@70.343C tj@70.343C soc1@69.968C VDD_IN 13290mW/13296mW VDD_CPU_GPU_CV 5680mW/5685mW VDD_SOC 3297mW/3299mW
08-04-2026 22:34:55 RAM 3989/7620MB (lfb 124x1MB) SWAP 1682/12002MB (cached 50MB) CPU [0%@1728,0%@1728,0%@1728,0%@1728,100%@1728,0%@1728] GR3D_FREQ 60% cpu@69.906C soc2@68.281C soc0@68.968C gpu@70.625C tj@70.625C soc1@69.687C VDD_IN 13290mW/13296mW VDD_CPU_GPU_CV 5680mW/5685mW VDD_SOC 3297mW/3299mW
08-04-2026 22:34:55 RAM 3989/7620MB (lfb 124x1MB) SWAP 1682/12002MB (cached 50MB) CPU [16%@1728,0%@1728,0%@1728,9%@1728,100%@1728,0%@1728] GR3D_FREQ 57% cpu@70.093C soc2@68.281C soc0@69.062C gpu@70.531C tj@70.531C soc1@69.781C VDD_IN 13310mW/13296mW VDD_CPU_GPU_CV 5721mW/5685mW VDD_SOC 3297mW/3299mW
08-04-2026 22:34:55 RAM 3989/7620MB (lfb 124x1MB) SWAP 1682/12002MB (cached 50MB) CPU [0%@1728,0%@1728,0%@1728,0%@1728,100%@1728,0%@1728] GR3D_FREQ 58% cpu@69.812C soc2@68.406C soc0@69C gpu@70.25C tj@70.25C soc1@69.781C VDD_IN 13310mW/13296mW VDD_CPU_GPU_CV 5680mW/5685mW VDD_SOC 3297mW/3299mW
08-04-2026 22:34:55 RAM 3989/7620MB (lfb 124x1MB) SWAP 1682/12002MB (cached 50MB) CPU [0%@1728,0%@1728,0%@1728,0%@1728,100%@1728,0%@1728] GR3D_FREQ 59% cpu@69.781C soc2@68.312C soc0@69.125C gpu@70.562C tj@70.562C soc1@69.968C VDD_IN 13310mW/13296mW VDD_CPU_GPU_CV 5680mW/5685mW VDD_SOC 3297mW/3299mW
08-04-2026 22:34:55 RAM 3989/7620MB (lfb 124x1MB) SWAP 1682/12002MB (cached 50MB) CPU [0%@1728,0%@1728,0%@1728,0%@1728,100%@1728,0%@1728] GR3D_FREQ 57% cpu@69.937C soc2@68.406C soc0@69.281C gpu@70.562C tj@70.562C soc1@69.781C VDD_IN 13310mW/13296mW VDD_CPU_GPU_CV 5680mW/5685mW VDD_SOC 3297mW/3299mW
08-04-2026 22:34:56 RAM 3989/7620MB (lfb 124x1MB) SWAP 1682/12002MB (cached 50MB) CPU [0%@1728,0%@1728,9%@1728,0%@1728,100%@1728,0%@1728] GR3D_FREQ 58% cpu@70C soc2@68.375C soc0@68.968C gpu@70.812C tj@70.812C soc1@69.75C VDD_IN 13290mW/13296mW VDD_CPU_GPU_CV 5680mW/5685mW VDD_SOC 3297mW/3299mW
08-04-2026 22:34:56 RAM 3989/7620MB (lfb 124x1MB) SWAP 1682/12002MB (cached 50MB) CPU [0%@1728,0%@1728,0%@1728,0%@1728,100%@1728,0%@1728] GR3D_FREQ 60% cpu@69.625C soc2@68.343C soc0@68.968C gpu@70.625C tj@70.625C soc1@69.875C VDD_IN 13269mW/13296mW VDD_CPU_GPU_CV 5680mW/5685mW VDD_SOC 3297mW/3299mW
08-04-2026 22:34:56 RAM 3989/7620MB (lfb 124x1MB) SWAP 1682/12002MB (cached 50MB) CPU [0%@1728,0%@1728,0%@1728,0%@1728,100%@1728,0%@1728] GR3D_FREQ 58% cpu@69.718C soc2@68.406C soc0@69.093C gpu@70.562C tj@70.562C soc1@69.812C VDD_IN 13290mW/13296mW VDD_CPU_GPU_CV 5680mW/5685mW VDD_SOC 3297mW/3299mW
08-04-2026 22:34:56 RAM 3989/7620MB (lfb 124x1MB) SWAP 1682/12002MB (cached 50MB) CPU [0%@1728,0%@1728,9%@1728,0%@1728,100%@1728,0%@1728] GR3D_FREQ 58% cpu@69.906C soc2@68.312C soc0@69.218C gpu@70.781C tj@70.781C soc1@70C VDD_IN 13290mW/13296mW VDD_CPU_GPU_CV 5680mW/5685mW VDD_SOC 3297mW/3299mW
08-04-2026 22:34:56 RAM 3989/7620MB (lfb 124x1MB) SWAP 1682/12002MB (cached 50MB) CPU [0%@1728,0%@1728,8%@1728,0%@1728,100%@1728,0%@1728] GR3D_FREQ 56% cpu@69.875C soc2@68.343C soc0@68.906C gpu@70.625C tj@70.625C soc1@69.75C VDD_IN 13269mW/13296mW VDD_CPU_GPU_CV 5680mW/5685mW VDD_SOC 3297mW/3299mW
08-04-2026 22:34:56 RAM 3989/7620MB (lfb 124x1MB) SWAP 1682/12002MB (cached 50MB) CPU [16%@1728,9%@1728,0%@1728,0%@1728,100%@1728,0%@1728] GR3D_FREQ 60% cpu@70.156C soc2@68.312C soc0@69.062C gpu@70.218C tj@70.218C soc1@69.781C VDD_IN 13269mW/13296mW VDD_CPU_GPU_CV 5680mW/5685mW VDD_SOC 3297mW/3299mW
08-04-2026 22:34:56 RAM 3989/7620MB (lfb 124x1MB) SWAP 1682/12002MB (cached 50MB) CPU [0%@1728,0%@1728,0%@1728,0%@1728,100%@1728,0%@1728] GR3D_FREQ 58% cpu@69.718C soc2@68.312C soc0@68.968C gpu@70.656C tj@70.656C soc1@69.875C VDD_IN 13310mW/13296mW VDD_CPU_GPU_CV 5680mW/5685mW VDD_SOC 3297mW/3299mW
08-04-2026 22:34:56 RAM 3989/7620MB (lfb 124x1MB) SWAP 1682/12002MB (cached 50MB) CPU [9%@1728,0%@1728,0%@1728,0%@1728,100%@1728,0%@1728] GR3D_FREQ 60% cpu@69.906C soc2@68.406C soc0@69.156C gpu@70.531C tj@70.531C soc1@69.937C VDD_IN 13310mW/13296mW VDD_CPU_GPU_CV 5680mW/5685mW VDD_SOC 3297mW/3299mW
08-04-2026 22:34:56 RAM 3989/7620MB (lfb 124x1MB) SWAP 1682/12002MB (cached 50MB) CPU [0%@1728,0%@1728,0%@1728,0%@1728,100%@1728,0%@1728] GR3D_FREQ 58% cpu@69.906C soc2@68.406C soc0@69C gpu@70.25C tj@70.25C soc1@69.781C VDD_IN 13331mW/13296mW VDD_CPU_GPU_CV 5680mW/5685mW VDD_SOC 3297mW/3299mW
08-04-2026 22:34:56 RAM 3994/7620MB (lfb 124x1MB) SWAP 1682/12002MB (cached 50MB) CPU [20%@1728,10%@1728,16%@1728,0%@1728,100%@1728,0%@1728] GR3D_FREQ 58% cpu@70.125C soc2@68.343C soc0@68.906C gpu@70.656C tj@70.656C soc1@69.718C VDD_IN 13350mW/13296mW VDD_CPU_GPU_CV 5761mW/5685mW VDD_SOC 3297mW/3299mW
08-04-2026 22:34:57 RAM 3994/7620MB (lfb 124x1MB) SWAP 1682/12002MB (cached 50MB) CPU [0%@1728,0%@1728,0%@1728,8%@1728,100%@1728,0%@1728] GR3D_FREQ 60% cpu@69.75C soc2@68.375C soc0@68.968C gpu@70.562C tj@70.562C soc1@69.906C VDD_IN 13350mW/13296mW VDD_CPU_GPU_CV 5721mW/5685mW VDD_SOC 3337mW/3299mW
08-04-2026 22:34:57 RAM 3994/7620MB (lfb 124x1MB) SWAP 1682/12002MB (cached 50MB) CPU [0%@1728,0%@1728,0%@1728,0%@1728,100%@1728,0%@1728] GR3D_FREQ 60% cpu@69.937C soc2@68.437C soc0@69.125C gpu@70.25C tj@70.25C soc1@69.906C VDD_IN 13350mW/13296mW VDD_CPU_GPU_CV 5721mW/5685mW VDD_SOC 3297mW/3299mW
08-04-2026 22:34:57 RAM 3994/7620MB (lfb 124x1MB) SWAP 1682/12002MB (cached 50MB) CPU [0%@1728,0%@1728,0%@1728,0%@1728,100%@1728,0%@1728] GR3D_FREQ 57% cpu@69.937C soc2@68.375C soc0@69.156C gpu@70.625C tj@70.625C soc1@70.062C VDD_IN 13331mW/13296mW VDD_CPU_GPU_CV 5721mW/5685mW VDD_SOC 3297mW/3299mW
08-04-2026 22:34:57 RAM 3994/7620MB (lfb 124x1MB) SWAP 1682/12002MB (cached 50MB) CPU [0%@1728,0%@1728,9%@1728,0%@1728,100%@1728,0%@1728] GR3D_FREQ 57% cpu@70C soc2@68.343C soc0@69C gpu@70.562C tj@70.562C soc1@69.75C VDD_IN 13331mW/13296mW VDD_CPU_GPU_CV 5680mW/5685mW VDD_SOC 3337mW/3299mW
08-04-2026 22:34:57 RAM 3994/7620MB (lfb 124x1MB) SWAP 1682/12002MB (cached 50MB) CPU [0%@1728,0%@1728,0%@1728,0%@1728,100%@1728,0%@1728] GR3D_FREQ 59% cpu@70.156C soc2@68.281C soc0@69.062C gpu@70.218C tj@70.218C soc1@69.75C VDD_IN 13290mW/13296mW VDD_CPU_GPU_CV 5680mW/5685mW VDD_SOC 3297mW/3299mW
08-04-2026 22:34:57 RAM 3994/7620MB (lfb 124x1MB) SWAP 1682/12002MB (cached 50MB) CPU [10%@1728,0%@1728,0%@1728,0%@1728,100%@1728,0%@1728] GR3D_FREQ 66% cpu@69.781C soc2@68.375C soc0@69.062C gpu@70.625C tj@70.625C soc1@69.843C VDD_IN 13310mW/13296mW VDD_CPU_GPU_CV 5721mW/5685mW VDD_SOC 3337mW/3300mW
08-04-2026 22:34:57 RAM 3994/7620MB (lfb 124x1MB) SWAP 1682/12002MB (cached 50MB) CPU [0%@1728,0%@1728,0%@1728,0%@1728,100%@1728,0%@1728] GR3D_FREQ 57% cpu@69.906C soc2@68.375C soc0@69.125C gpu@70.562C tj@70.562C soc1@69.968C VDD_IN 13331mW/13296mW VDD_CPU_GPU_CV 5680mW/5685mW VDD_SOC 3337mW/3300mW
08-04-2026 22:34:57 RAM 3994/7620MB (lfb 124x1MB) SWAP 1682/12002MB (cached 50MB) CPU [0%@1728,0%@1728,0%@1728,0%@1728,100%@1728,0%@1728] GR3D_FREQ 58% cpu@69.968C soc2@68.406C soc0@68.937C gpu@70.75C tj@70.75C soc1@69.75C VDD_IN 13331mW/13296mW VDD_CPU_GPU_CV 5680mW/5685mW VDD_SOC 3337mW/3300mW
08-04-2026 22:34:57 RAM 3994/7620MB (lfb 124x1MB) SWAP 1682/12002MB (cached 50MB) CPU [0%@1728,8%@1728,0%@1728,0%@1728,100%@1728,0%@1728] GR3D_FREQ 60% cpu@70.062C soc2@68.312C soc0@68.937C gpu@70.625C tj@70.625C soc1@69.781C VDD_IN 13310mW/13296mW VDD_CPU_GPU_CV 5680mW/5685mW VDD_SOC 3337mW/3300mW
08-04-2026 22:34:58 RAM 3994/7620MB (lfb 124x1MB) SWAP 1682/12002MB (cached 50MB) CPU [0%@1728,0%@1728,0%@1728,0%@1728,100%@1728,0%@1728] GR3D_FREQ 57% cpu@69.656C soc2@68.343C soc0@69.031C gpu@70.343C tj@70.343C soc1@69.812C VDD_IN 13310mW/13296mW VDD_CPU_GPU_CV 5680mW/5685mW VDD_SOC 3297mW/3300mW
08-04-2026 22:34:58 RAM 3994/7620MB (lfb 124x1MB) SWAP 1682/12002MB (cached 50MB) CPU [0%@1728,0%@1728,0%@1728,0%@1728,100%@1728,0%@1728] GR3D_FREQ 56% cpu@69.718C soc2@68.343C soc0@69.093C gpu@70.812C tj@70.812C soc1@69.843C VDD_IN 13310mW/13296mW VDD_CPU_GPU_CV 5680mW/5685mW VDD_SOC 3297mW/3300mW
08-04-2026 22:34:58 RAM 3994/7620MB (lfb 124x1MB) SWAP 1682/12002MB (cached 50MB) CPU [9%@1728,10%@1728,0%@1728,0%@1728,100%@1728,0%@1728] GR3D_FREQ 58% cpu@69.968C soc2@68.468C soc0@69.281C gpu@70.625C tj@70.625C soc1@70C VDD_IN 13310mW/13296mW VDD_CPU_GPU_CV 5680mW/5685mW VDD_SOC 3297mW/3300mW
