08-05-2026 05:31:25 RAM 4265/7620MB (lfb 15x4MB) SWAP 3119/12002MB (cached 59MB) CPU [0%@1728,0%@1728,18%@1728,0%@1728,0%@1728,0%@1728] GR3D_FREQ 1% cpu@69.562C soc2@68.406C soc0@69.062C gpu@70.343C tj@70.343C soc1@69.687C VDD_IN 13635mW/13635mW VDD_CPU_GPU_CV 5266mW/5266mW VDD_SOC 3616mW/3616mW
08-05-2026 05:31:26 RAM 4337/7620MB (lfb 15x4MB) SWAP 3119/12002MB (cached 59MB) CPU [0%@1728,0%@1728,54%@1728,0%@1728,0%@1728,0%@1728] GR3D_FREQ 99% cpu@69.687C soc2@68.406C soc0@68.968C gpu@71.093C tj@71.093C soc1@69.75C VDD_IN 14508mW/14072mW VDD_CPU_GPU_CV 5864mW/5565mW VDD_SOC 3732mW/3674mW
08-05-2026 05:31:26 RAM 4337/7620MB (lfb 15x4MB) SWAP 3119/12002MB (cached 59MB) CPU [0%@1728,0%@1728,10%@1728,0%@1728,0%@1728,0%@1728] GR3D_FREQ 99% cpu@69.593C soc2@68.5C soc0@69.031C gpu@71.593C tj@71.593C soc1@69.593C VDD_IN 15134mW/14426mW VDD_CPU_GPU_CV 6259mW/5796mW VDD_SOC 3854mW/3734mW
08-05-2026 05:31:26 RAM 4337/7620MB (lfb 15x4MB) SWAP 3119/12002MB (cached 59MB) CPU [0%@1728,0%@1728,0%@1728,0%@1728,0%@1728,0%@1728] GR3D_FREQ 99% cpu@69.75C soc2@68.406C soc0@69C gpu@71.25C tj@71.25C soc1@69.687C VDD_IN 15662mW/14735mW VDD_CPU_GPU_CV 6582mW/5993mW VDD_SOC 3929mW/3783mW
08-05-2026 05:31:26 RAM 4337/7620MB (lfb 15x4MB) SWAP 3119/12002MB (cached 59MB) CPU [0%@1728,0%@1728,0%@1728,0%@1728,0%@1728,0%@1728] GR3D_FREQ 99% cpu@69.843C soc2@68.5C soc0@69.125C gpu@71.281C tj@71.281C soc1@69.625C VDD_IN 16027mW/14993mW VDD_CPU_GPU_CV 6773mW/6149mW VDD_SOC 3970mW/3820mW
08-05-2026 05:31:26 RAM 4337/7620MB (lfb 15x4MB) SWAP 3119/12002MB (cached 59MB) CPU [0%@1728,0%@1728,0%@1728,0%@1728,0%@1728,0%@1728] GR3D_FREQ 99% cpu@69.562C soc2@68.562C soc0@69.093C gpu@71.5C tj@71.718C soc1@69.812C VDD_IN 16326mW/15215mW VDD_CPU_GPU_CV 6975mW/6287mW VDD_SOC 4004mW/3851mW
08-05-2026 05:31:26 RAM 4337/7620MB (lfb 15x4MB) SWAP 3119/12002MB (cached 59MB) CPU [0%@1728,0%@1728,0%@1728,0%@1728,0%@1728,0%@1728] GR3D_FREQ 99% cpu@69.75C soc2@68.656C soc0@69.093C gpu@71.468C tj@71.468C soc1@69.968C VDD_IN 16569mW/15409mW VDD_CPU_GPU_CV 7136mW/6408mW VDD_SOC 4044mW/3878mW
08-05-2026 05:31:26 RAM 4337/7620MB (lfb 15x4MB) SWAP 3119/12002MB (cached 59MB) CPU [0%@1728,9%@1728,10%@1728,0%@1728,0%@1728,0%@1728] GR3D_FREQ 99% cpu@69.718C soc2@68.656C soc0@68.968C gpu@71.437C tj@71.437C soc1@69.593C VDD_IN 16771mW/15579mW VDD_CPU_GPU_CV 7257mW/6514mW VDD_SOC 4085mW/3904mW
08-05-2026 05:31:26 RAM 4337/7620MB (lfb 15x4MB) SWAP 3119/12002MB (cached 59MB) CPU [0%@1728,0%@1728,0%@1728,9%@1728,0%@1728,0%@1728] GR3D_FREQ 99% cpu@69.875C soc2@68.562C soc0@69.125C gpu@71.562C tj@71.562C soc1@69.625C VDD_IN 16893mW/15725mW VDD_CPU_GPU_CV 7326mW/6604mW VDD_SOC 4085mW/3924mW
08-05-2026 05:31:26 RAM 4337/7620MB (lfb 15x4MB) SWAP 3119/12002MB (cached 59MB) CPU [0%@1728,0%@1728,0%@1728,0%@1728,0%@1728,0%@1728] GR3D_FREQ 99% cpu@69.468C soc2@68.625C soc0@69.156C gpu@71.5C tj@71.5C soc1@69.75C VDD_IN 17015mW/15854mW VDD_CPU_GPU_CV 7407mW/6685mW VDD_SOC 4125mW/3944mW
08-05-2026 05:31:26 RAM 4337/7620MB (lfb 15x4MB) SWAP 3119/12002MB (cached 59MB) CPU [0%@1728,0%@1728,0%@1728,0%@1728,0%@1728,0%@1728] GR3D_FREQ 99% cpu@69.75C soc2@68.625C soc0@69.156C gpu@72C tj@72C soc1@69.812C VDD_IN 17028mW/15961mW VDD_CPU_GPU_CV 7447mW/6754mW VDD_SOC 4125mW/3961mW
08-05-2026 05:31:27 RAM 4337/7620MB (lfb 15x4MB) SWAP 3119/12002MB (cached 59MB) CPU [9%@1728,9%@1728,10%@1728,0%@1728,0%@1728,0%@1728] GR3D_FREQ 99% cpu@69.75C soc2@68.687C soc0@69.25C gpu@71.343C tj@71.343C soc1@69.625C VDD_IN 17028mW/16050mW VDD_CPU_GPU_CV 7447mW/6812mW VDD_SOC 4125mW/3974mW
08-05-2026 05:31:27 RAM 4337/7620MB (lfb 15x4MB) SWAP 3119/12002MB (cached 59MB) CPU [0%@1728,0%@1728,8%@1728,16%@1728,0%@1728,0%@1728] GR3D_FREQ 99% cpu@69.875C soc2@68.562C soc0@69.093C gpu@71.218C tj@71.218C soc1@69.656C VDD_IN 17109mW/16131mW VDD_CPU_GPU_CV 7487mW/6864mW VDD_SOC 4125mW/3986mW
08-05-2026 05:31:27 RAM 4338/7620MB (lfb 15x4MB) SWAP 3119/12002MB (cached 59MB) CPU [0%@1728,11%@1728,27%@1728,0%@1728,9%@1728,0%@1728] GR3D_FREQ 99% cpu@70.031C soc2@68.531C soc0@69.125C gpu@71.781C tj@71.781C soc1@69.656C VDD_IN 17149mW/16204mW VDD_CPU_GPU_CV 7568mW/6914mW VDD_SOC 4125mW/3996mW
08-05-2026 05:31:27 RAM 4338/7620MB (lfb 15x4MB) SWAP 3119/12002MB (cached 59MB) CPU [9%@1728,0%@1728,0%@1728,0%@1728,0%@1728,0%@1728] GR3D_FREQ 99% cpu@69.687C soc2@68.593C soc0@69.156C gpu@71.562C tj@71.562C soc1@69.812C VDD_IN 17149mW/16267mW VDD_CPU_GPU_CV 7608mW/6960mW VDD_SOC 4125mW/4005mW
08-05-2026 05:31:27 RAM 4338/7620MB (lfb 15x4MB) SWAP 3119/12002MB (cached 59MB) CPU [0%@1728,0%@1728,0%@1728,0%@1728,0%@1728,0%@1728] GR3D_FREQ 99% cpu@69.718C soc2@68.656C soc0@69.312C gpu@71.687C tj@71.687C soc1@69.656C VDD_IN 17149mW/16322mW VDD_CPU_GPU_CV 7608mW/7001mW VDD_SOC 4085mW/4010mW
08-05-2026 05:31:27 RAM 4339/7620MB (lfb 15x4MB) SWAP 3118/12002MB (cached 59MB) CPU [0%@1728,0%@1728,0%@1728,0%@1728,0%@1728,0%@1728] GR3D_FREQ 99% cpu@69.906C soc2@68.656C soc0@69.125C gpu@71.75C tj@72.031C soc1@69.656C VDD_IN 17190mW/16373mW VDD_CPU_GPU_CV 7608mW/7036mW VDD_SOC 4119mW/4016mW
08-05-2026 05:31:27 RAM 4339/7620MB (lfb 15x4MB) SWAP 3118/12002MB (cached 59MB) CPU [0%@1728,0%@1728,0%@1728,0%@1728,0%@1728,0%@1728] GR3D_FREQ 99% cpu@70C soc2@68.562C soc0@69.125C gpu@71.625C tj@71.625C soc1@69.75C VDD_IN 17190mW/16418mW VDD_CPU_GPU_CV 7608mW/7068mW VDD_SOC 4119mW/4022mW
08-05-2026 05:31:27 RAM 4339/7620MB (lfb 15x4MB) SWAP 3118/12002MB (cached 59MB) CPU [0%@1728,0%@1728,0%@1728,0%@1728,0%@1728,0%@1728] GR3D_FREQ 99% cpu@69.625C soc2@68.656C soc0@69.218C gpu@71.625C tj@71.625C soc1@69.75C VDD_IN 17190mW/16459mW VDD_CPU_GPU_CV 7608mW/7097mW VDD_SOC 4125mW/4027mW
08-05-2026 05:31:27 RAM 4339/7620MB (lfb 15x4MB) SWAP 3118/12002MB (cached 59MB) CPU [0%@1728,10%@1728,0%@1728,0%@1728,0%@1728,0%@1728] GR3D_FREQ 99% cpu@69.812C soc2@68.656C soc0@69.312C gpu@71.562C tj@71.562C soc1@69.875C VDD_IN 17190mW/16496mW VDD_CPU_GPU_CV 7608mW/7122mW VDD_SOC 4119mW/4032mW
08-05-2026 05:31:28 RAM 4339/7620MB (lfb 15x4MB) SWAP 3118/12002MB (cached 59MB) CPU [0%@1728,0%@1728,0%@1728,0%@1728,0%@1728,0%@1728] GR3D_FREQ 99% cpu@69.906C soc2@68.75C soc0@69.406C gpu@71.531C tj@71.531C soc1@69.781C VDD_IN 17190mW/16529mW VDD_CPU_GPU_CV 7608mW/7145mW VDD_SOC 4119mW/4036mW
08-05-2026 05:31:28 RAM 4339/7620MB (lfb 15x4MB) SWAP 3118/12002MB (cached 59MB) CPU [0%@1728,15%@1728,18%@1728,9%@1728,0%@1728,0%@1728] GR3D_FREQ 99% cpu@69.906C soc2@68.718C soc0@69.093C gpu@71.437C tj@71.437C soc1@69.75C VDD_IN 17230mW/16561mW VDD_CPU_GPU_CV 7608mW/7166mW VDD_SOC 4119mW/4040mW
08-05-2026 05:31:28 RAM 4338/7620MB (lfb 15x4MB) SWAP 3118/12002MB (cached 59MB) CPU [0%@1728,0%@1728,0%@1728,0%@1728,0%@1728,0%@1728] GR3D_FREQ 99% cpu@69.812C soc2@68.75C soc0@69.25C gpu@71.593C tj@71.593C soc1@69.75C VDD_IN 17271mW/16591mW VDD_CPU_GPU_CV 7608mW/7185mW VDD_SOC 4119mW/4043mW
08-05-2026 05:31:28 RAM 4338/7620MB (lfb 15x4MB) SWAP 3118/12002MB (cached 59MB) CPU [0%@1728,0%@1728,0%@1728,0%@1728,81%@1728,0%@1728] GR3D_FREQ 99% cpu@69.968C soc2@68.75C soc0@69.218C gpu@71.593C tj@71.593C soc1@69.843C VDD_IN 17433mW/16626mW VDD_CPU_GPU_CV 7729mW/7208mW VDD_SOC 4159mW/4048mW
08-05-2026 05:31:28 RAM 4338/7620MB (lfb 15x4MB) SWAP 3118/12002MB (cached 58MB) CPU [0%@1728,0%@1728,0%@1728,0%@1728,0%@1728,0%@1728] GR3D_FREQ 99% cpu@70.031C soc2@68.75C soc0@69.406C gpu@71.562C tj@71.562C soc1@69.718C VDD_IN 17433mW/16659mW VDD_CPU_GPU_CV 7729mW/7229mW VDD_SOC 4159mW/4052mW
08-05-2026 05:31:28 RAM 4338/7620MB (lfb 15x4MB) SWAP 3118/12002MB (cached 58MB) CPU [0%@1728,9%@1728,0%@1728,0%@1728,0%@1728,0%@1728] GR3D_FREQ 99% cpu@70.093C soc2@68.781C soc0@69.187C gpu@71.718C tj@71.718C soc1@69.75C VDD_IN 17473mW/16690mW VDD_CPU_GPU_CV 7729mW/7248mW VDD_SOC 4159mW/4057mW
08-05-2026 05:31:28 RAM 4338/7620MB (lfb 15x4MB) SWAP 3118/12002MB (cached 58MB) CPU [0%@1728,0%@1728,0%@1728,0%@1728,0%@1728,0%@1728] GR3D_FREQ 99% cpu@70C soc2@68.75C soc0@69.218C gpu@71.625C tj@71.625C soc1@69.812C VDD_IN 17513mW/16721mW VDD_CPU_GPU_CV 7729mW/7266mW VDD_SOC 4159mW/4060mW
08-05-2026 05:31:28 RAM 4338/7620MB (lfb 15x4MB) SWAP 3118/12002MB (cached 58MB) CPU [9%@1728,0%@1728,0%@1728,0%@1728,0%@1728,0%@1728] GR3D_FREQ 99% cpu@69.812C soc2@68.687C soc0@69.312C gpu@72.125C tj@72.125C soc1@69.875C VDD_IN 17473mW/16747mW VDD_CPU_GPU_CV 7688mW/7281mW VDD_SOC 4159mW/4064mW
08-05-2026 05:31:28 RAM 4338/7620MB (lfb 15x4MB) SWAP 3118/12002MB (cached 58MB) CPU [0%@1728,0%@1728,0%@1728,0%@1728,0%@1728,0%@1728] GR3D_FREQ 99% cpu@69.937C soc2@68.781C soc0@69.406C gpu@71.687C tj@71.687C soc1@69.968C VDD_IN 17473mW/16772mW VDD_CPU_GPU_CV 7688mW/7295mW VDD_SOC 4159mW/4067mW
08-05-2026 05:31:28 RAM 4339/7620MB (lfb 15x4MB) SWAP 3118/12002MB (cached 58MB) CPU [9%@1728,8%@1728,0%@1728,0%@1728,0%@1728,0%@1728] GR3D_FREQ 99% cpu@69.968C soc2@68.843C soc0@69.437C gpu@71.625C tj@71.625C soc1@69.781C VDD_IN 17433mW/16794mW VDD_CPU_GPU_CV 7688mW/7308mW VDD_SOC 4159mW/4070mW
08-05-2026 05:31:29 RAM 4339/7620MB (lfb 15x4MB) SWAP 3118/12002MB (cached 58MB) CPU [18%@1728,9%@1728,8%@1728,0%@1728,9%@1728,0%@1728] GR3D_FREQ 99% cpu@70.125C soc2@68.718C soc0@69.218C gpu@71.656C tj@71.656C soc1@69.812C VDD_IN 17433mW/16815mW VDD_CPU_GPU_CV 7688mW/7320mW VDD_SOC 4159mW/4073mW
08-05-2026 05:31:29 RAM 4339/7620MB (lfb 15x4MB) SWAP 3118/12002MB (cached 58MB) CPU [0%@1728,0%@1728,0%@1728,0%@1728,0%@1728,0%@1728] GR3D_FREQ 99% cpu@69.75C soc2@68.781C soc0@69.406C gpu@71.812C tj@71.812C soc1@69.875C VDD_IN 17392mW/16833mW VDD_CPU_GPU_CV 7688mW/7332mW VDD_SOC 4159mW/4076mW
08-05-2026 05:31:29 RAM 4339/7620MB (lfb 15x4MB) SWAP 3118/12002MB (cached 58MB) CPU [0%@1728,10%@1728,0%@1728,0%@1728,0%@1728,0%@1728] GR3D_FREQ 99% cpu@70C soc2@68.906C soc0@69.312C gpu@71.625C tj@71.625C soc1@69.875C VDD_IN 17352mW/16849mW VDD_CPU_GPU_CV 7688mW/7343mW VDD_SOC 4159mW/4078mW
08-05-2026 05:31:29 RAM 4339/7620MB (lfb 15x4MB) SWAP 3118/12002MB (cached 58MB) CPU [0%@1728,0%@1728,0%@1728,0%@1728,0%@1728,0%@1728] GR3D_FREQ 99% cpu@69.937C soc2@68.781C soc0@69.468C gpu@71.812C tj@71.812C soc1@69.781C VDD_IN 17352mW/16864mW VDD_CPU_GPU_CV 7648mW/7352mW VDD_SOC 4159mW/4081mW
08-05-2026 05:31:29 RAM 4339/7620MB (lfb 15x4MB) SWAP 3118/12002MB (cached 58MB) CPU [0%@1728,9%@1728,0%@1728,9%@1728,0%@1728,0%@1728] GR3D_FREQ 99% cpu@70.031C soc2@68.843C soc0@69.187C gpu@71.75C tj@71.75C soc1@69.843C VDD_IN 17352mW/16878mW VDD_CPU_GPU_CV 7648mW/7360mW VDD_SOC 4159mW/4083mW
08-05-2026 05:31:29 RAM 4339/7620MB (lfb 15x4MB) SWAP 3118/12002MB (cached 58MB) CPU [0%@1728,8%@1728,0%@1728,0%@1728,0%@1728,0%@1728] GR3D_FREQ 99% cpu@70.343C soc2@68.843C soc0@69.25C gpu@71.593C tj@71.593C soc1@69.843C VDD_IN 17352mW/16891mW VDD_CPU_GPU_CV 7648mW/7368mW VDD_SOC 4159mW/4085mW
08-05-2026 05:31:29 RAM 4339/7620MB (lfb 15x4MB) SWAP 3118/12002MB (cached 58MB) CPU [0%@1728,0%@1728,0%@1728,0%@1728,0%@1728,0%@1728] GR3D_FREQ 99% cpu@69.843C soc2@68.781C soc0@69.25C gpu@71.625C tj@71.625C soc1@69.843C VDD_IN 17311mW/16902mW VDD_CPU_GPU_CV 7608mW/7375mW VDD_SOC 4159mW/4087mW
08-05-2026 05:31:29 RAM 4339/7620MB (lfb 15x4MB) SWAP 3118/12002MB (cached 58MB) CPU [0%@1728,0%@1728,0%@1728,0%@1728,0%@1728,0%@1728] GR3D_FREQ 99% cpu@69.875C soc2@68.843C soc0@69.406C gpu@71.593C tj@71.593C soc1@70C VDD_IN 17271mW/16912mW VDD_CPU_GPU_CV 7608mW/7381mW VDD_SOC 4159mW/4089mW
08-05-2026 05:31:29 RAM 4339/7620MB (lfb 15x4MB) SWAP 3118/12002MB (cached 58MB) CPU [0%@1728,10%@1728,0%@1728,0%@1728,0%@1728,0%@1728] GR3D_FREQ 99% cpu@69.968C soc2@68.875C soc0@69.531C gpu@71.875C tj@71.875C soc1@69.843C VDD_IN 17271mW/16921mW VDD_CPU_GPU_CV 7648mW/7388mW VDD_SOC 4119mW/4090mW
08-05-2026 05:31:30 RAM 4339/7620MB (lfb 15x4MB) SWAP 3118/12002MB (cached 58MB) CPU [0%@1728,0%@1728,0%@1728,0%@1728,0%@1728,0%@1728] GR3D_FREQ 99% cpu@70.093C soc2@68.875C soc0@69.312C gpu@72C tj@72C soc1@69.812C VDD_IN 17230mW/16929mW VDD_CPU_GPU_CV 7648mW/7394mW VDD_SOC 4119mW/4090mW
08-05-2026 05:31:30 RAM 4339/7620MB (lfb 15x4MB) SWAP 3118/12002MB (cached 58MB) CPU [9%@1728,0%@1728,0%@1728,0%@1728,20%@1728,0%@1728] GR3D_FREQ 99% cpu@69.781C soc2@68.75C soc0@69.406C gpu@71.906C tj@71.906C soc1@69.968C VDD_IN 17230mW/16936mW VDD_CPU_GPU_CV 7648mW/7400mW VDD_SOC 4119mW/4091mW
08-05-2026 05:31:30 RAM 4339/7620MB (lfb 15x4MB) SWAP 3118/12002MB (cached 58MB) CPU [0%@1728,0%@1728,0%@1728,0%@1728,0%@1728,0%@1728] GR3D_FREQ 99% cpu@69.906C soc2@68.781C soc0@69.343C gpu@71.906C tj@71.906C soc1@70.062C VDD_IN 17230mW/16943mW VDD_CPU_GPU_CV 7608mW/7405mW VDD_SOC 4119mW/4092mW
08-05-2026 05:31:30 RAM 4339/7620MB (lfb 15x4MB) SWAP 3118/12002MB (cached 58MB) CPU [0%@1728,0%@1728,0%@1728,0%@1728,9%@1728,0%@1728] GR3D_FREQ 99% cpu@69.968C soc2@68.906C soc0@69.468C gpu@71.781C tj@71.781C soc1@70.125C VDD_IN 17190mW/16949mW VDD_CPU_GPU_CV 7568mW/7409mW VDD_SOC 4119mW/4092mW
08-05-2026 05:31:30 RAM 4339/7620MB (lfb 15x4MB) SWAP 3118/12002MB (cached 58MB) CPU [0%@1728,0%@1728,0%@1728,0%@1728,0%@1728,0%@1728] GR3D_FREQ 99% cpu@70.093C soc2@68.812C soc0@69.312C gpu@71.718C tj@71.718C soc1@69.875C VDD_IN 17190mW/16954mW VDD_CPU_GPU_CV 7608mW/7414mW VDD_SOC 4119mW/4093mW
08-05-2026 05:31:30 RAM 4343/7620MB (lfb 15x4MB) SWAP 3118/12002MB (cached 58MB) CPU [0%@1728,9%@1728,41%@1728,9%@1728,0%@1728,0%@1728] GR3D_FREQ 96% cpu@70.093C soc2@68.812C soc0@69.468C gpu@71.75C tj@71.75C soc1@70C VDD_IN 17271mW/16961mW VDD_CPU_GPU_CV 7648mW/7419mW VDD_SOC 4119mW/4094mW
08-05-2026 05:31:30 RAM 4343/7620MB (lfb 15x4MB) SWAP 3118/12002MB (cached 58MB) CPU [0%@1728,0%@1728,0%@1728,0%@1728,0%@1728,8%@1728] GR3D_FREQ 99% cpu@69.906C soc2@68.875C soc0@69.437C gpu@71.718C tj@71.718C soc1@69.937C VDD_IN 17311mW/16969mW VDD_CPU_GPU_CV 7648mW/7424mW VDD_SOC 4119mW/4094mW
08-05-2026 05:31:30 RAM 4343/7620MB (lfb 15x4MB) SWAP 3118/12002MB (cached 58MB) CPU [0%@1728,0%@1728,0%@1728,0%@1728,0%@1728,0%@1728] GR3D_FREQ 99% cpu@70.125C soc2@68.906C soc0@69.343C gpu@71.937C tj@71.656C soc1@70.125C VDD_IN 17311mW/16976mW VDD_CPU_GPU_CV 7648mW/7429mW VDD_SOC 4159mW/4096mW
08-05-2026 05:31:30 RAM 4343/7620MB (lfb 15x4MB) SWAP 3118/12002MB (cached 58MB) CPU [0%@1728,0%@1728,0%@1728,8%@1728,0%@1728,0%@1728] GR3D_FREQ 99% cpu@70.25C soc2@68.906C soc0@69.468C gpu@71.812C tj@71.812C soc1@69.875C VDD_IN 17311mW/16983mW VDD_CPU_GPU_CV 7648mW/7433mW VDD_SOC 4159mW/4097mW
08-05-2026 05:31:30 RAM 4343/7620MB (lfb 15x4MB) SWAP 3118/12002MB (cached 58MB) CPU [0%@1728,0%@1728,0%@1728,9%@1728,0%@1728,0%@1728] GR3D_FREQ 99% cpu@70.312C soc2@68.812C soc0@69.375C gpu@71.781C tj@71.781C soc1@69.937C VDD_IN 17352mW/16991mW VDD_CPU_GPU_CV 7688mW/7438mW VDD_SOC 4159mW/4098mW
08-05-2026 05:31:31 RAM 4343/7620MB (lfb 15x4MB) SWAP 3117/12002MB (cached 58MB) CPU [9%@1728,0%@1728,0%@1728,0%@1728,18%@1728,0%@1728] GR3D_FREQ 99% cpu@70C soc2@68.937C soc0@69.375C gpu@72C tj@72C soc1@70C VDD_IN 17392mW/16999mW VDD_CPU_GPU_CV 7688mW/7443mW VDD_SOC 4159mW/4099mW
08-05-2026 05:31:31 RAM 4343/7620MB (lfb 15x4MB) SWAP 3117/12002MB (cached 58MB) CPU [9%@1728,0%@1728,0%@1728,0%@1728,0%@1728,0%@1728] GR3D_FREQ 99% cpu@70.062C soc2@68.937C soc0@69.468C gpu@71.843C tj@71.843C soc1@70.156C VDD_IN 17392mW/17006mW VDD_CPU_GPU_CV 7688mW/7448mW VDD_SOC 4159mW/4100mW
08-05-2026 05:31:31 RAM 4343/7620MB (lfb 15x4MB) SWAP 3117/12002MB (cached 58MB) CPU [0%@1728,0%@1728,9%@1728,0%@1728,9%@1728,0%@1728] GR3D_FREQ 99% cpu@70.156C soc2@69C soc0@69.625C gpu@71.718C tj@71.718C soc1@70.187C VDD_IN 17392mW/17014mW VDD_CPU_GPU_CV 7688mW/7453mW VDD_SOC 4159mW/4102mW
08-05-2026 05:31:31 RAM 4343/7620MB (lfb 15x4MB) SWAP 3117/12002MB (cached 58MB) CPU [0%@1728,0%@1728,0%@1728,0%@1728,0%@1728,0%@1728] GR3D_FREQ 99% cpu@70.218C soc2@68.937C soc0@69.406C gpu@72.093C tj@72.093C soc1@70.031C VDD_IN 17392mW/17021mW VDD_CPU_GPU_CV 7688mW/7457mW VDD_SOC 4159mW/4103mW
08-05-2026 05:31:31 RAM 4343/7620MB (lfb 15x4MB) SWAP 3117/12002MB (cached 58MB) CPU [0%@1728,0%@1728,0%@1728,0%@1728,0%@1728,0%@1728] GR3D_FREQ 99% cpu@69.968C soc2@68.968C soc0@69.437C gpu@72.031C tj@72.031C soc1@69.968C VDD_IN 17392mW/17028mW VDD_CPU_GPU_CV 7688mW/7461mW VDD_SOC 4199mW/4104mW
08-05-2026 05:31:31 RAM 4343/7620MB (lfb 15x4MB) SWAP 3117/12002MB (cached 58MB) CPU [0%@1728,0%@1728,0%@1728,0%@1728,0%@1728,0%@1728] GR3D_FREQ 99% cpu@69.875C soc2@68.937C soc0@69.468C gpu@72.218C tj@71.906C soc1@70.031C VDD_IN 17433mW/17035mW VDD_CPU_GPU_CV 7688mW/7466mW VDD_SOC 4199mW/4106mW
08-05-2026 05:31:31 RAM 4343/7620MB (lfb 15x4MB) SWAP 3117/12002MB (cached 58MB) CPU [0%@1728,0%@1728,0%@1728,0%@1728,0%@1728,0%@1728] GR3D_FREQ 99% cpu@70.156C soc2@69C soc0@69.562C gpu@72.062C tj@72.062C soc1@70.093C VDD_IN 17392mW/17042mW VDD_CPU_GPU_CV 7688mW/7470mW VDD_SOC 4199mW/4108mW
08-05-2026 05:31:31 RAM 4343/7620MB (lfb 15x4MB) SWAP 3117/12002MB (cached 58MB) CPU [0%@1728,0%@1728,0%@1728,0%@1728,0%@1728,0%@1728] GR3D_FREQ 99% cpu@70.187C soc2@69C soc0@69.468C gpu@71.937C tj@71.937C soc1@69.937C VDD_IN 17392mW/17048mW VDD_CPU_GPU_CV 7688mW/7473mW VDD_SOC 4199mW/4109mW
08-05-2026 05:31:31 RAM 4343/7620MB (lfb 15x4MB) SWAP 3117/12002MB (cached 58MB) CPU [0%@1728,0%@1728,18%@1728,0%@1728,0%@1728,0%@1728] GR3D_FREQ 99% cpu@70.312C soc2@69C soc0@69.375C gpu@72.156C tj@72.156C soc1@70.031C VDD_IN 17392mW/17054mW VDD_CPU_GPU_CV 7688mW/7477mW VDD_SOC 4199mW/4111mW
08-05-2026 05:31:32 RAM 4343/7620MB (lfb 15x4MB) SWAP 3117/12002MB (cached 58MB) CPU [0%@1728,0%@1728,0%@1728,0%@1728,0%@1728,0%@1728] GR3D_FREQ 99% cpu@70.218C soc2@69C soc0@69.562C gpu@72.062C tj@72.062C soc1@70.031C VDD_IN 17392mW/17059mW VDD_CPU_GPU_CV 7648mW/7480mW VDD_SOC 4199mW/4112mW
08-05-2026 05:31:32 RAM 4343/7620MB (lfb 15x4MB) SWAP 3117/12002MB (cached 58MB) CPU [0%@1728,0%@1728,0%@1728,0%@1728,18%@1728,0%@1728] GR3D_FREQ 99% cpu@70C soc2@69.062C soc0@69.531C gpu@71.812C tj@71.812C soc1@70.093C VDD_IN 17311mW/17064mW VDD_CPU_GPU_CV 7608mW/7482mW VDD_SOC 4199mW/4114mW
08-05-2026 05:31:32 RAM 4343/7620MB (lfb 15x4MB) SWAP 3117/12002MB (cached 58MB) CPU [0%@1728,0%@1728,0%@1728,0%@1728,0%@1728,0%@1728] GR3D_FREQ 99% cpu@70.25C soc2@69.031C soc0@69.718C gpu@71.968C tj@71.968C soc1@70.187C VDD_IN 17311mW/17068mW VDD_CPU_GPU_CV 7608mW/7484mW VDD_SOC 4159mW/4115mW
08-05-2026 05:31:32 RAM 4343/7620MB (lfb 15x4MB) SWAP 3117/12002MB (cached 58MB) CPU [0%@1728,0%@1728,0%@1728,0%@1728,0%@1728,0%@1728] GR3D_FREQ 99% cpu@70.312C soc2@68.906C soc0@69.437C gpu@71.937C tj@71.937C soc1@70.062C VDD_IN 17230mW/17070mW VDD_CPU_GPU_CV 7608mW/7486mW VDD_SOC 4159mW/4115mW
08-05-2026 05:31:32 RAM 4343/7620MB (lfb 15x4MB) SWAP 3117/12002MB (cached 58MB) CPU [9%@1728,0%@1728,0%@1728,9%@1728,0%@1728,0%@1728] GR3D_FREQ 99% cpu@70.062C soc2@69.062C soc0@69.531C gpu@71.906C tj@71.906C soc1@70C VDD_IN 17230mW/17073mW VDD_CPU_GPU_CV 7608mW/7488mW VDD_SOC 4119mW/4115mW
08-05-2026 05:31:32 RAM 4343/7620MB (lfb 15x4MB) SWAP 3117/12002MB (cached 58MB) CPU [0%@1728,0%@1728,10%@1728,0%@1728,0%@1728,0%@1728] GR3D_FREQ 99% cpu@69.968C soc2@68.937C soc0@69.5C gpu@72.312C tj@72.312C soc1@70.093C VDD_IN 17271mW/17076mW VDD_CPU_GPU_CV 7648mW/7491mW VDD_SOC 4119mW/4116mW
08-05-2026 05:31:32 RAM 4343/7620MB (lfb 15x4MB) SWAP 3117/12002MB (cached 58MB) CPU [0%@1728,9%@1728,0%@1728,0%@1728,0%@1728,0%@1728] GR3D_FREQ 99% cpu@70.25C soc2@69.031C soc0@69.593C gpu@72.187C tj@72.187C soc1@70.218C VDD_IN 17230mW/17078mW VDD_CPU_GPU_CV 7648mW/7493mW VDD_SOC 4119mW/4116mW
08-05-2026 05:31:32 RAM 4343/7620MB (lfb 15x4MB) SWAP 3117/12002MB (cached 58MB) CPU [0%@1728,0%@1728,0%@1728,0%@1728,0%@1728,0%@1728] GR3D_FREQ 99% cpu@70.343C soc2@69.125C soc0@69.437C gpu@72.281C tj@72.281C soc1@70.062C VDD_IN 17230mW/17081mW VDD_CPU_GPU_CV 7648mW/7495mW VDD_SOC 4119mW/4116mW
08-05-2026 05:31:32 RAM 4343/7620MB (lfb 15x4MB) SWAP 3117/12002MB (cached 58MB) CPU [0%@1728,0%@1728,0%@1728,0%@1728,0%@1728,0%@1728] GR3D_FREQ 99% cpu@70.468C soc2@68.968C soc0@69.437C gpu@72.156C tj@72.156C soc1@70.062C VDD_IN 17230mW/17083mW VDD_CPU_GPU_CV 7608mW/7497mW VDD_SOC 4119mW/4116mW
08-05-2026 05:31:32 RAM 4343/7620MB (lfb 15x4MB) SWAP 3117/12002MB (cached 58MB) CPU [0%@1728,0%@1728,0%@1728,0%@1728,0%@1728,0%@1728] GR3D_FREQ 99% cpu@70C soc2@69.031C soc0@69.437C gpu@72C tj@72C soc1@70.093C VDD_IN 17230mW/17085mW VDD_CPU_GPU_CV 7608mW/7499mW VDD_SOC 4119mW/4116mW
08-05-2026 05:31:33 RAM 4343/7620MB (lfb 15x4MB) SWAP 3117/12002MB (cached 58MB) CPU [16%@1728,0%@1728,8%@1728,0%@1728,10%@1728,0%@1728] GR3D_FREQ 99% cpu@70.187C soc2@69.093C soc0@69.593C gpu@72.062C tj@72.062C soc1@70.156C VDD_IN 17230mW/17087mW VDD_CPU_GPU_CV 7608mW/7500mW VDD_SOC 4119mW/4116mW
08-05-2026 05:31:33 RAM 4343/7620MB (lfb 15x4MB) SWAP 3117/12002MB (cached 58MB) CPU [0%@1728,0%@1728,25%@1728,9%@1728,0%@1728,0%@1728] GR3D_FREQ 96% cpu@70.468C soc2@69.218C soc0@69.625C gpu@71.968C tj@71.968C soc1@70.375C VDD_IN 17271mW/17090mW VDD_CPU_GPU_CV 7648mW/7502mW VDD_SOC 4119mW/4116mW
08-05-2026 05:31:33 RAM 4343/7620MB (lfb 15x4MB) SWAP 3117/12002MB (cached 58MB) CPU [0%@1728,0%@1728,0%@1728,0%@1728,0%@1728,0%@1728] GR3D_FREQ 99% cpu@70.343C soc2@69.031C soc0@69.5C gpu@71.812C tj@71.812C soc1@70.062C VDD_IN 17311mW/17093mW VDD_CPU_GPU_CV 7648mW/7504mW VDD_SOC 4119mW/4116mW
08-05-2026 05:31:33 RAM 4343/7620MB (lfb 15x4MB) SWAP 3117/12002MB (cached 58MB) CPU [0%@1728,0%@1728,0%@1728,0%@1728,0%@1728,0%@1728] GR3D_FREQ 99% cpu@70.125C soc2@69.062C soc0@69.593C gpu@72.25C tj@72.25C soc1@70.031C VDD_IN 17352mW/17096mW VDD_CPU_GPU_CV 7648mW/7506mW VDD_SOC 4159mW/4116mW
08-05-2026 05:31:33 RAM 4343/7620MB (lfb 15x4MB) SWAP 3117/12002MB (cached 58MB) CPU [0%@1728,0%@1728,0%@1728,0%@1728,0%@1728,0%@1728] GR3D_FREQ 99% cpu@69.937C soc2@69.031C soc0@69.562C gpu@72.218C tj@72.218C soc1@70.156C VDD_IN 17352mW/17100mW VDD_CPU_GPU_CV 7648mW/7508mW VDD_SOC 4159mW/4117mW
08-05-2026 05:31:33 RAM 4343/7620MB (lfb 15x4MB) SWAP 3117/12002MB (cached 58MB) CPU [0%@1728,0%@1728,0%@1728,0%@1728,0%@1728,0%@1728] GR3D_FREQ 99% cpu@70.062C soc2@69.218C soc0@69.656C gpu@72.562C tj@72.562C soc1@70.25C VDD_IN 17392mW/17104mW VDD_CPU_GPU_CV 7688mW/7511mW VDD_SOC 4159mW/4118mW
08-05-2026 05:31:33 RAM 4343/7620MB (lfb 15x4MB) SWAP 3117/12002MB (cached 58MB) CPU [0%@1728,0%@1728,0%@1728,0%@1728,0%@1728,0%@1728] GR3D_FREQ 99% cpu@70.312C soc2@69.156C soc0@69.75C gpu@72.218C tj@72.218C soc1@70.093C VDD_IN 17392mW/17108mW VDD_CPU_GPU_CV 7688mW/7513mW VDD_SOC 4159mW/4118mW
08-05-2026 05:31:33 RAM 4347/7620MB (lfb 15x4MB) SWAP 3117/12002MB (cached 58MB) CPU [0%@1728,30%@1728,0%@1728,9%@1728,0%@1728,10%@1728] GR3D_FREQ 99% cpu@70.125C soc2@69.125C soc0@69.468C gpu@72.062C tj@72.062C soc1@70.062C VDD_IN 17473mW/17113mW VDD_CPU_GPU_CV 7729mW/7516mW VDD_SOC 4159mW/4119mW
08-05-2026 05:31:33 RAM 4347/7620MB (lfb 15x4MB) SWAP 3117/12002MB (cached 58MB) CPU [0%@1728,10%@1728,0%@1728,0%@1728,0%@1728,0%@1728] GR3D_FREQ 99% cpu@70.062C soc2@69.062C soc0@69.593C gpu@72.437C tj@72.437C soc1@70.093C VDD_IN 17473mW/17117mW VDD_CPU_GPU_CV 7729mW/7519mW VDD_SOC 4199mW/4120mW
08-05-2026 05:31:33 RAM 4347/7620MB (lfb 15x4MB) SWAP 3117/12002MB (cached 58MB) CPU [0%@1728,0%@1728,0%@1728,9%@1728,0%@1728,0%@1728] GR3D_FREQ 99% cpu@70.156C soc2@69.156C soc0@69.687C gpu@72.25C tj@72.25C soc1@70.25C VDD_IN 17473mW/17122mW VDD_CPU_GPU_CV 7729mW/7521mW VDD_SOC 4199mW/4121mW
08-05-2026 05:31:34 RAM 4347/7620MB (lfb 15x4MB) SWAP 3117/12002MB (cached 58MB) CPU [0%@1728,0%@1728,9%@1728,0%@1728,18%@1728,0%@1728] GR3D_FREQ 99% cpu@70.375C soc2@69.156C soc0@69.718C gpu@72.125C tj@72.125C soc1@70.093C VDD_IN 17433mW/17126mW VDD_CPU_GPU_CV 7688mW/7524mW VDD_SOC 4199mW/4122mW
08-05-2026 05:31:34 RAM 4347/7620MB (lfb 15x4MB) SWAP 3117/12002MB (cached 58MB) CPU [15%@1728,0%@1728,0%@1728,8%@1728,0%@1728,0%@1728] GR3D_FREQ 99% cpu@70.437C soc2@69.062C soc0@69.531C gpu@72.5C tj@72.5C soc1@70.125C VDD_IN 17433mW/17130mW VDD_CPU_GPU_CV 7688mW/7526mW VDD_SOC 4199mW/4123mW
08-05-2026 05:31:34 RAM 4347/7620MB (lfb 15x4MB) SWAP 3117/12002MB (cached 58MB) CPU [0%@1728,0%@1728,0%@1728,0%@1728,0%@1728,0%@1728] GR3D_FREQ 99% cpu@70.187C soc2@69.25C soc0@69.656C gpu@72.343C tj@72.343C soc1@70.156C VDD_IN 17392mW/17133mW VDD_CPU_GPU_CV 7688mW/7528mW VDD_SOC 4159mW/4123mW
08-05-2026 05:31:34 RAM 4347/7620MB (lfb 15x4MB) SWAP 3117/12002MB (cached 58MB) CPU [0%@1728,0%@1728,0%@1728,9%@1728,0%@1728,0%@1728] GR3D_FREQ 99% cpu@70.156C soc2@69.187C soc0@69.687C gpu@72.281C tj@72.281C soc1@70.25C VDD_IN 17352mW/17135mW VDD_CPU_GPU_CV 7688mW/7530mW VDD_SOC 4159mW/4124mW
08-05-2026 05:31:34 RAM 4347/7620MB (lfb 15x4MB) SWAP 3117/12002MB (cached 58MB) CPU [0%@1728,18%@1728,0%@1728,0%@1728,0%@1728,0%@1728] GR3D_FREQ 99% cpu@70.093C soc2@69.187C soc0@69.687C gpu@72.187C tj@72.187C soc1@70.312C VDD_IN 17352mW/17138mW VDD_CPU_GPU_CV 7648mW/7531mW VDD_SOC 4159mW/4124mW
08-05-2026 05:31:34 RAM 4347/7620MB (lfb 15x4MB) SWAP 3117/12002MB (cached 58MB) CPU [0%@1728,0%@1728,8%@1728,0%@1728,0%@1728,0%@1728] GR3D_FREQ 99% cpu@70.468C soc2@69.312C soc0@69.656C gpu@72.062C tj@72.062C soc1@70.093C VDD_IN 17352mW/17141mW VDD_CPU_GPU_CV 7648mW/7532mW VDD_SOC 4159mW/4124mW
08-05-2026 05:31:34 RAM 4347/7620MB (lfb 15x4MB) SWAP 3117/12002MB (cached 58MB) CPU [0%@1728,0%@1728,0%@1728,0%@1728,0%@1728,0%@1728] GR3D_FREQ 99% cpu@70.218C soc2@69.125C soc0@69.625C gpu@72.437C tj@72.437C soc1@70.218C VDD_IN 17311mW/17143mW VDD_CPU_GPU_CV 7648mW/7534mW VDD_SOC 4159mW/4125mW
08-05-2026 05:31:34 RAM 4347/7620MB (lfb 15x4MB) SWAP 3117/12002MB (cached 58MB) CPU [0%@1728,0%@1728,0%@1728,0%@1728,0%@1728,0%@1728] GR3D_FREQ 99% cpu@70.125C soc2@69.156C soc0@69.625C gpu@72.187C tj@72.187C soc1@70.156C VDD_IN 17271mW/17144mW VDD_CPU_GPU_CV 7648mW/7535mW VDD_SOC 4159mW/4125mW
08-05-2026 05:31:34 RAM 4347/7620MB (lfb 15x4MB) SWAP 3117/12002MB (cached 58MB) CPU [0%@1728,0%@1728,0%@1728,0%@1728,0%@1728,0%@1728] GR3D_FREQ 99% cpu@70.125C soc2@69.156C soc0@69.687C gpu@72.093C tj@72.093C soc1@70.343C VDD_IN 17271mW/17146mW VDD_CPU_GPU_CV 7648mW/7536mW VDD_SOC 4119mW/4125mW
08-05-2026 05:31:35 RAM 4347/7620MB (lfb 15x4MB) SWAP 3117/12002MB (cached 58MB) CPU [0%@1728,0%@1728,0%@1728,0%@1728,0%@1728,0%@1728] GR3D_FREQ 99% cpu@70.437C soc2@69.218C soc0@69.812C gpu@72.625C tj@72.625C soc1@70.093C VDD_IN 17230mW/17147mW VDD_CPU_GPU_CV 7648mW/7538mW VDD_SOC 4119mW/4125mW
08-05-2026 05:31:35 RAM 4347/7620MB (lfb 15x4MB) SWAP 3117/12002MB (cached 58MB) CPU [9%@1728,18%@1728,0%@1728,0%@1728,16%@1728,0%@1728] GR3D_FREQ 99% cpu@70.593C soc2@69.062C soc0@69.562C gpu@72.406C tj@72.406C soc1@70.218C VDD_IN 17230mW/17147mW VDD_CPU_GPU_CV 7648mW/7539mW VDD_SOC 4119mW/4125mW
08-05-2026 05:31:35 RAM 4347/7620MB (lfb 15x4MB) SWAP 3117/12002MB (cached 58MB) CPU [0%@1728,0%@1728,0%@1728,0%@1728,0%@1728,0%@1728] GR3D_FREQ 99% cpu@70.187C soc2@69.125C soc0@69.625C gpu@72.218C tj@72.218C soc1@70.156C VDD_IN 17230mW/17148mW VDD_CPU_GPU_CV 7608mW/7540mW VDD_SOC 4119mW/4125mW
08-05-2026 05:31:35 RAM 4347/7620MB (lfb 15x4MB) SWAP 3117/12002MB (cached 58MB) CPU [9%@1728,0%@1728,0%@1728,0%@1728,0%@1728,0%@1728] GR3D_FREQ 99% cpu@70.093C soc2@69.156C soc0@69.687C gpu@72.531C tj@72.531C soc1@70.312C VDD_IN 17230mW/17149mW VDD_CPU_GPU_CV 7608mW/7540mW VDD_SOC 4119mW/4125mW
08-05-2026 05:31:35 RAM 4347/7620MB (lfb 15x4MB) SWAP 3117/12002MB (cached 58MB) CPU [0%@1728,0%@1728,0%@1728,0%@1728,0%@1728,0%@1728] GR3D_FREQ 99% cpu@70.125C soc2@69.281C soc0@69.843C gpu@72.343C tj@72.343C soc1@70.312C VDD_IN 17230mW/17150mW VDD_CPU_GPU_CV 7568mW/7541mW VDD_SOC 4119mW/4125mW
08-05-2026 05:31:35 RAM 4347/7620MB (lfb 15x4MB) SWAP 3117/12002MB (cached 58MB) CPU [0%@1728,0%@1728,0%@1728,0%@1728,0%@1728,0%@1728] GR3D_FREQ 99% cpu@70.343C soc2@69.312C soc0@69.593C gpu@72.093C tj@72.093C soc1@70.156C VDD_IN 17230mW/17151mW VDD_CPU_GPU_CV 7568mW/7541mW VDD_SOC 4119mW/4125mW
08-05-2026 05:31:35 RAM 4347/7620MB (lfb 15x4MB) SWAP 3117/12002MB (cached 58MB) CPU [0%@1728,0%@1728,0%@1728,0%@1728,0%@1728,0%@1728] GR3D_FREQ 99% cpu@70.187C soc2@69.25C soc0@69.593C gpu@72.406C tj@72.406C soc1@70.25C VDD_IN 17271mW/17152mW VDD_CPU_GPU_CV 7608mW/7542mW VDD_SOC 4119mW/4125mW
08-05-2026 05:31:35 RAM 4347/7620MB (lfb 15x4MB) SWAP 3117/12002MB (cached 58MB) CPU [0%@1728,18%@1728,0%@1728,0%@1728,0%@1728,0%@1728] GR3D_FREQ 96% cpu@70.093C soc2@69.25C soc0@69.656C gpu@72.281C tj@72.281C soc1@70.25C VDD_IN 17352mW/17154mW VDD_CPU_GPU_CV 7648mW/7543mW VDD_SOC 4159mW/4125mW
08-05-2026 05:31:35 RAM 4347/7620MB (lfb 15x4MB) SWAP 3117/12002MB (cached 58MB) CPU [0%@1728,0%@1728,0%@1728,0%@1728,0%@1728,0%@1728] GR3D_FREQ 99% cpu@70.281C soc2@69.281C soc0@69.718C gpu@72.062C tj@72.062C soc1@70.375C VDD_IN 17392mW/17157mW VDD_CPU_GPU_CV 7648mW/7544mW VDD_SOC 4159mW/4125mW
08-05-2026 05:31:35 RAM 4347/7620MB (lfb 15x4MB) SWAP 3117/12002MB (cached 58MB) CPU [0%@1728,0%@1728,0%@1728,0%@1728,0%@1728,0%@1728] GR3D_FREQ 99% cpu@70.187C soc2@69.406C soc0@69.937C gpu@72.562C tj@72.562C soc1@70.218C VDD_IN 17392mW/17159mW VDD_CPU_GPU_CV 7648mW/7545mW VDD_SOC 4159mW/4126mW
08-05-2026 05:31:36 RAM 4347/7620MB (lfb 15x4MB) SWAP 3117/12002MB (cached 58MB) CPU [0%@1728,0%@1728,0%@1728,0%@1728,10%@1728,0%@1728] GR3D_FREQ 99% cpu@70.281C soc2@69.218C soc0@69.625C gpu@72.343C tj@72.343C soc1@70.187C VDD_IN 17433mW/17162mW VDD_CPU_GPU_CV 7688mW/7546mW VDD_SOC 4159mW/4126mW
08-05-2026 05:31:36 RAM 4347/7620MB (lfb 15x4MB) SWAP 3117/12002MB (cached 58MB) CPU [0%@1728,0%@1728,0%@1728,0%@1728,0%@1728,0%@1728] GR3D_FREQ 99% cpu@70.343C soc2@69.25C soc0@69.625C gpu@72.656C tj@72.656C soc1@70.281C VDD_IN 17392mW/17164mW VDD_CPU_GPU_CV 7688mW/7548mW VDD_SOC 4159mW/4126mW
08-05-2026 05:31:36 RAM 4347/7620MB (lfb 15x4MB) SWAP 3117/12002MB (cached 58MB) CPU [0%@1728,9%@1728,0%@1728,9%@1728,9%@1728,0%@1728] GR3D_FREQ 99% cpu@70.281C soc2@69.25C soc0@69.75C gpu@72.5C tj@72.5C soc1@70.375C VDD_IN 17392mW/17167mW VDD_CPU_GPU_CV 7648mW/7549mW VDD_SOC 4159mW/4127mW
08-05-2026 05:31:36 RAM 4347/7620MB (lfb 15x4MB) SWAP 3117/12002MB (cached 58MB) CPU [0%@1728,0%@1728,0%@1728,0%@1728,0%@1728,0%@1728] GR3D_FREQ 99% cpu@70.281C soc2@69.406C soc0@69.843C gpu@72.343C tj@72.343C soc1@70.437C VDD_IN 17392mW/17169mW VDD_CPU_GPU_CV 7688mW/7550mW VDD_SOC 4159mW/4127mW
08-05-2026 05:31:36 RAM 4347/7620MB (lfb 15x4MB) SWAP 3117/12002MB (cached 58MB) CPU [0%@1728,0%@1728,0%@1728,25%@1728,0%@1728,0%@1728] GR3D_FREQ 99% cpu@70.687C soc2@69.375C soc0@69.906C gpu@72.625C tj@72.625C soc1@70.187C VDD_IN 17433mW/17172mW VDD_CPU_GPU_CV 7688mW/7552mW VDD_SOC 4199mW/4128mW
08-05-2026 05:31:36 RAM 4347/7620MB (lfb 15x4MB) SWAP 3117/12002MB (cached 58MB) CPU [9%@1728,0%@1728,0%@1728,0%@1728,0%@1728,0%@1728] GR3D_FREQ 99% cpu@70.468C soc2@69.343C soc0@69.687C gpu@72.5C tj@72.5C soc1@70.187C VDD_IN 17433mW/17174mW VDD_CPU_GPU_CV 7688mW/7553mW VDD_SOC 4199mW/4128mW
08-05-2026 05:31:36 RAM 4347/7620MB (lfb 15x4MB) SWAP 3117/12002MB (cached 58MB) CPU [0%@1728,0%@1728,0%@1728,0%@1728,0%@1728,0%@1728] GR3D_FREQ 99% cpu@70.25C soc2@69.343C soc0@69.781C gpu@72.281C tj@72.281C soc1@70.281C VDD_IN 17433mW/17177mW VDD_CPU_GPU_CV 7688mW/7554mW VDD_SOC 4199mW/4129mW
08-05-2026 05:31:36 RAM 4347/7620MB (lfb 15x4MB) SWAP 3117/12002MB (cached 58MB) CPU [0%@1728,0%@1728,0%@1728,0%@1728,0%@1728,0%@1728] GR3D_FREQ 99% cpu@70.25C soc2@69.343C soc0@69.75C gpu@72.718C tj@72.718C soc1@70.375C VDD_IN 17433mW/17179mW VDD_CPU_GPU_CV 7688mW/7556mW VDD_SOC 4159mW/4129mW
08-05-2026 05:31:36 RAM 4347/7620MB (lfb 15x4MB) SWAP 3117/12002MB (cached 58MB) CPU [0%@1728,0%@1728,0%@1728,0%@1728,0%@1728,0%@1728] GR3D_FREQ 99% cpu@70.312C soc2@69.375C soc0@69.906C gpu@72.5C tj@72.5C soc1@70.5C VDD_IN 17392mW/17181mW VDD_CPU_GPU_CV 7688mW/7557mW VDD_SOC 4159mW/4130mW
08-05-2026 05:31:37 RAM 4347/7620MB (lfb 15x4MB) SWAP 3117/12002MB (cached 58MB) CPU [9%@1728,27%@1728,0%@1728,0%@1728,0%@1728,9%@1728] GR3D_FREQ 99% cpu@70.406C soc2@69.25C soc0@69.812C gpu@72.156C tj@72.156C soc1@70.312C VDD_IN 17433mW/17183mW VDD_CPU_GPU_CV 7729mW/7558mW VDD_SOC 4199mW/4130mW
08-05-2026 05:31:37 RAM 4347/7620MB (lfb 15x4MB) SWAP 3117/12002MB (cached 58MB) CPU [9%@1728,0%@1728,10%@1728,18%@1728,18%@1728,0%@1728] GR3D_FREQ 99% cpu@70.375C soc2@69.375C soc0@69.75C gpu@72.406C tj@72.406C soc1@70.375C VDD_IN 17392mW/17185mW VDD_CPU_GPU_CV 7688mW/7560mW VDD_SOC 4159mW/4131mW
08-05-2026 05:31:37 RAM 4347/7620MB (lfb 15x4MB) SWAP 3117/12002MB (cached 58MB) CPU [0%@1728,0%@1728,0%@1728,0%@1728,0%@1728,0%@1728] GR3D_FREQ 99% cpu@70.312C soc2@69.343C soc0@69.875C gpu@72.343C tj@72.343C soc1@70.375C VDD_IN 17352mW/17187mW VDD_CPU_GPU_CV 7688mW/7561mW VDD_SOC 4159mW/4131mW
08-05-2026 05:31:37 RAM 4347/7620MB (lfb 15x4MB) SWAP 3117/12002MB (cached 58MB) CPU [0%@1728,0%@1728,0%@1728,0%@1728,0%@1728,0%@1728] GR3D_FREQ 99% cpu@70.343C soc2@69.375C soc0@69.906C gpu@72.156C tj@72.156C soc1@70.437C VDD_IN 17271mW/17188mW VDD_CPU_GPU_CV 7688mW/7562mW VDD_SOC 4119mW/4131mW
08-05-2026 05:31:37 RAM 4347/7620MB (lfb 15x4MB) SWAP 3117/12002MB (cached 58MB) CPU [0%@1728,0%@1728,0%@1728,0%@1728,0%@1728,0%@1728] GR3D_FREQ 99% cpu@70.687C soc2@69.375C soc0@70C gpu@72.593C tj@72.593C soc1@70.312C VDD_IN 17271mW/17188mW VDD_CPU_GPU_CV 7688mW/7563mW VDD_SOC 4119mW/4131mW
08-05-2026 05:31:37 RAM 4347/7620MB (lfb 15x4MB) SWAP 3117/12002MB (cached 58MB) CPU [0%@1728,0%@1728,0%@1728,0%@1728,0%@1728,0%@1728] GR3D_FREQ 99% cpu@70.312C soc2@69.25C soc0@69.781C gpu@72.375C tj@72.562C soc1@70.25C VDD_IN 17271mW/17189mW VDD_CPU_GPU_CV 7688mW/7564mW VDD_SOC 4119mW/4131mW
08-05-2026 05:31:37 RAM 4347/7620MB (lfb 15x4MB) SWAP 3117/12002MB (cached 58MB) CPU [0%@1728,0%@1728,0%@1728,0%@1728,0%@1728,9%@1728] GR3D_FREQ 99% cpu@70.281C soc2@69.343C soc0@69.875C gpu@72.312C tj@72.312C soc1@70.312C VDD_IN 17271mW/17190mW VDD_CPU_GPU_CV 7648mW/7565mW VDD_SOC 4119mW/4130mW
08-05-2026 05:31:37 RAM 4347/7620MB (lfb 15x4MB) SWAP 3117/12002MB (cached 58MB) CPU [0%@1728,0%@1728,0%@1728,18%@1728,0%@1728,0%@1728] GR3D_FREQ 99% cpu@70.406C soc2@69.312C soc0@69.843C gpu@72.656C tj@72.656C soc1@70.437C VDD_IN 17271mW/17191mW VDD_CPU_GPU_CV 7648mW/7566mW VDD_SOC 4119mW/4130mW
08-05-2026 05:31:37 RAM 4347/7620MB (lfb 15x4MB) SWAP 3117/12002MB (cached 58MB) CPU [8%@1728,0%@1728,0%@1728,0%@1728,0%@1728,0%@1728] GR3D_FREQ 99% cpu@70.312C soc2@69.343C soc0@70C gpu@72.156C tj@72.156C soc1@70.468C VDD_IN 17271mW/17191mW VDD_CPU_GPU_CV 7648mW/7566mW VDD_SOC 4119mW/4130mW
08-05-2026 05:31:37 RAM 4347/7620MB (lfb 15x4MB) SWAP 3117/12002MB (cached 58MB) CPU [0%@1728,0%@1728,0%@1728,0%@1728,0%@1728,0%@1728] GR3D_FREQ 99% cpu@70.343C soc2@69.343C soc0@69.812C gpu@72.625C tj@72.625C soc1@70.281C VDD_IN 17271mW/17192mW VDD_CPU_GPU_CV 7608mW/7567mW VDD_SOC 4119mW/4130mW
08-05-2026 05:31:38 RAM 4347/7620MB (lfb 15x4MB) SWAP 3116/12002MB (cached 58MB) CPU [0%@1728,0%@1728,0%@1728,0%@1728,10%@1728,0%@1728] GR3D_FREQ 99% cpu@70.406C soc2@69.375C soc0@69.718C gpu@72.437C tj@72.437C soc1@70.406C VDD_IN 17230mW/17192mW VDD_CPU_GPU_CV 7608mW/7567mW VDD_SOC 4119mW/4130mW
08-05-2026 05:31:38 RAM 4347/7620MB (lfb 15x4MB) SWAP 3116/12002MB (cached 58MB) CPU [9%@1728,0%@1728,9%@1728,0%@1728,8%@1728,0%@1728] GR3D_FREQ 99% cpu@70.375C soc2@69.375C soc0@70C gpu@72.156C tj@72.156C soc1@70.406C VDD_IN 17271mW/17193mW VDD_CPU_GPU_CV 7608mW/7567mW VDD_SOC 4119mW/4130mW
08-05-2026 05:31:38 RAM 4347/7620MB (lfb 15x4MB) SWAP 3116/12002MB (cached 58MB) CPU [0%@1728,0%@1728,0%@1728,0%@1728,80%@1728,0%@1728] GR3D_FREQ 99% cpu@70.468C soc2@69.406C soc0@69.937C gpu@72.593C tj@72.593C soc1@70.562C VDD_IN 17392mW/17195mW VDD_CPU_GPU_CV 7729mW/7569mW VDD_SOC 4159mW/4130mW
08-05-2026 05:31:38 RAM 4347/7620MB (lfb 15x4MB) SWAP 3116/12002MB (cached 58MB) CPU [0%@1728,0%@1728,0%@1728,10%@1728,0%@1728,0%@1728] GR3D_FREQ 99% cpu@70.562C soc2@69.468C soc0@69.875C gpu@72.562C tj@72.562C soc1@70.312C VDD_IN 17473mW/17197mW VDD_CPU_GPU_CV 7729mW/7570mW VDD_SOC 4159mW/4130mW
08-05-2026 05:31:38 RAM 4347/7620MB (lfb 15x4MB) SWAP 3116/12002MB (cached 58MB) CPU [0%@1728,0%@1728,8%@1728,8%@1728,0%@1728,0%@1728] GR3D_FREQ 99% cpu@70.281C soc2@69.375C soc0@69.812C gpu@72.312C tj@72.312C soc1@70.343C VDD_IN 17473mW/17199mW VDD_CPU_GPU_CV 7729mW/7571mW VDD_SOC 4159mW/4131mW
08-05-2026 05:31:38 RAM 4347/7620MB (lfb 15x4MB) SWAP 3116/12002MB (cached 58MB) CPU [0%@1728,0%@1728,0%@1728,0%@1728,0%@1728,0%@1728] GR3D_FREQ 99% cpu@70.437C soc2@69.437C soc0@69.875C gpu@72.781C tj@72.781C soc1@70.468C VDD_IN 17513mW/17202mW VDD_CPU_GPU_CV 7729mW/7573mW VDD_SOC 4199mW/4131mW
08-05-2026 05:31:38 RAM 4347/7620MB (lfb 15x4MB) SWAP 3116/12002MB (cached 58MB) CPU [0%@1728,0%@1728,0%@1728,0%@1728,0%@1728,0%@1728] GR3D_FREQ 99% cpu@70.468C soc2@69.375C soc0@69.968C gpu@72.406C tj@72.406C soc1@70.562C VDD_IN 17473mW/17204mW VDD_CPU_GPU_CV 7729mW/7574mW VDD_SOC 4199mW/4132mW
08-05-2026 05:31:38 RAM 4347/7620MB (lfb 15x4MB) SWAP 3116/12002MB (cached 58MB) CPU [0%@1728,0%@1728,0%@1728,0%@1728,0%@1728,0%@1728] GR3D_FREQ 99% cpu@70.468C soc2@69.437C soc0@70.125C gpu@72.25C tj@72.25C soc1@70.562C VDD_IN 17473mW/17206mW VDD_CPU_GPU_CV 7729mW/7575mW VDD_SOC 4199mW/4132mW
08-05-2026 05:31:38 RAM 4347/7620MB (lfb 15x4MB) SWAP 3116/12002MB (cached 58MB) CPU [0%@1728,0%@1728,9%@1728,0%@1728,0%@1728,9%@1728] GR3D_FREQ 99% cpu@70.531C soc2@69.375C soc0@69.812C gpu@72.75C tj@72.75C soc1@70.468C VDD_IN 17473mW/17208mW VDD_CPU_GPU_CV 7688mW/7576mW VDD_SOC 4199mW/4133mW
08-05-2026 05:31:39 RAM 4347/7620MB (lfb 15x4MB) SWAP 3116/12002MB (cached 58MB) CPU [0%@1728,0%@1728,0%@1728,0%@1728,0%@1728,0%@1728] GR3D_FREQ 99% cpu@70.437C soc2@69.375C soc0@69.875C gpu@72.437C tj@72.437C soc1@70.312C VDD_IN 17473mW/17210mW VDD_CPU_GPU_CV 7688mW/7577mW VDD_SOC 4199mW/4133mW
08-05-2026 05:31:39 RAM 4347/7620MB (lfb 15x4MB) SWAP 3116/12002MB (cached 57MB) CPU [0%@1728,0%@1728,0%@1728,18%@1728,18%@1728,0%@1728] GR3D_FREQ 99% cpu@70.468C soc2@69.375C soc0@69.875C gpu@72.312C tj@72.312C soc1@70.5C VDD_IN 17473mW/17212mW VDD_CPU_GPU_CV 7688mW/7578mW VDD_SOC 4199mW/4134mW
08-05-2026 05:31:39 RAM 4347/7620MB (lfb 15x4MB) SWAP 3116/12002MB (cached 57MB) CPU [0%@1728,0%@1728,0%@1728,0%@1728,0%@1728,0%@1728] GR3D_FREQ 99% cpu@70.437C soc2@69.375C soc0@69.968C gpu@72.75C tj@72.75C soc1@70.625C VDD_IN 17433mW/17214mW VDD_CPU_GPU_CV 7688mW/7579mW VDD_SOC 4199mW/4134mW
08-05-2026 05:31:39 RAM 4347/7620MB (lfb 15x4MB) SWAP 3116/12002MB (cached 57MB) CPU [0%@1728,0%@1728,0%@1728,8%@1728,0%@1728,0%@1728] GR3D_FREQ 99% cpu@70.468C soc2@69.468C soc0@69.906C gpu@72.375C tj@72.375C soc1@70.343C VDD_IN 17392mW/17216mW VDD_CPU_GPU_CV 7648mW/7579mW VDD_SOC 4159mW/4135mW
08-05-2026 05:31:39 RAM 4347/7620MB (lfb 15x4MB) SWAP 3116/12002MB (cached 57MB) CPU [9%@1728,0%@1728,0%@1728,0%@1728,0%@1728,0%@1728] GR3D_FREQ 99% cpu@70.468C soc2@69.375C soc0@69.906C gpu@72.187C tj@72.187C soc1@70.437C VDD_IN 17392mW/17217mW VDD_CPU_GPU_CV 7648mW/7580mW VDD_SOC 4159mW/4135mW
08-05-2026 05:31:39 RAM 4347/7620MB (lfb 15x4MB) SWAP 3116/12002MB (cached 57MB) CPU [0%@1728,0%@1728,0%@1728,0%@1728,0%@1728,0%@1728] GR3D_FREQ 99% cpu@70.437C soc2@69.406C soc0@69.906C gpu@72.312C tj@72.312C soc1@70.531C VDD_IN 17352mW/17218mW VDD_CPU_GPU_CV 7608mW/7580mW VDD_SOC 4159mW/4135mW
08-05-2026 05:31:39 RAM 4347/7620MB (lfb 15x4MB) SWAP 3116/12002MB (cached 57MB) CPU [0%@1728,0%@1728,0%@1728,0%@1728,0%@1728,0%@1728] GR3D_FREQ 99% cpu@70.437C soc2@69.468C soc0@69.937C gpu@72.25C tj@72.25C soc1@70.531C VDD_IN 17352mW/17219mW VDD_CPU_GPU_CV 7608mW/7580mW VDD_SOC 4159mW/4135mW
08-05-2026 05:31:39 RAM 4347/7620MB (lfb 15x4MB) SWAP 3116/12002MB (cached 57MB) CPU [0%@1728,0%@1728,0%@1728,10%@1728,0%@1728,0%@1728] GR3D_FREQ 99% cpu@70.593C soc2@69.531C soc0@70.031C gpu@72.781C tj@72.781C soc1@70.687C VDD_IN 17311mW/17220mW VDD_CPU_GPU_CV 7648mW/7581mW VDD_SOC 4159mW/4135mW
08-05-2026 05:31:39 RAM 4347/7620MB (lfb 15x4MB) SWAP 3116/12002MB (cached 57MB) CPU [0%@1728,0%@1728,0%@1728,0%@1728,0%@1728,0%@1728] GR3D_FREQ 99% cpu@70.593C soc2@69.5C soc0@69.937C gpu@72.375C tj@72.375C soc1@70.437C VDD_IN 17271mW/17220mW VDD_CPU_GPU_CV 7648mW/7581mW VDD_SOC 4119mW/4135mW
08-05-2026 05:31:39 RAM 4347/7620MB (lfb 15x4MB) SWAP 3116/12002MB (cached 57MB) CPU [0%@1728,0%@1728,0%@1728,0%@1728,0%@1728,0%@1728] GR3D_FREQ 99% cpu@70.531C soc2@69.375C soc0@69.875C gpu@72.468C tj@72.468C soc1@70.437C VDD_IN 17271mW/17220mW VDD_CPU_GPU_CV 7648mW/7582mW VDD_SOC 4119mW/4135mW
08-05-2026 05:31:40 RAM 4347/7620MB (lfb 15x4MB) SWAP 3116/12002MB (cached 57MB) CPU [9%@1728,0%@1728,0%@1728,0%@1728,10%@1728,0%@1728] GR3D_FREQ 99% cpu@70.406C soc2@69.468C soc0@70C gpu@72.531C tj@72.531C soc1@70.562C VDD_IN 17230mW/17220mW VDD_CPU_GPU_CV 7648mW/7582mW VDD_SOC 4119mW/4135mW
08-05-2026 05:31:40 RAM 4347/7620MB (lfb 15x4MB) SWAP 3116/12002MB (cached 57MB) CPU [0%@1728,0%@1728,0%@1728,0%@1728,0%@1728,0%@1728] GR3D_FREQ 99% cpu@70.468C soc2@69.468C soc0@70.125C gpu@72.562C tj@72.562C soc1@70.562C VDD_IN 17230mW/17221mW VDD_CPU_GPU_CV 7648mW/7583mW VDD_SOC 4119mW/4135mW
08-05-2026 05:31:40 RAM 4344/7620MB (lfb 15x4MB) SWAP 3116/12002MB (cached 57MB) CPU [0%@1728,27%@1728,0%@1728,0%@1728,0%@1728,0%@1728] GR3D_FREQ 99% cpu@70.656C soc2@69.531C soc0@69.906C gpu@72.437C tj@72.437C soc1@70.406C VDD_IN 17271mW/17221mW VDD_CPU_GPU_CV 7648mW/7583mW VDD_SOC 4119mW/4135mW
08-05-2026 05:31:40 RAM 4344/7620MB (lfb 15x4MB) SWAP 3116/12002MB (cached 57MB) CPU [0%@1728,0%@1728,0%@1728,18%@1728,0%@1728,0%@1728] GR3D_FREQ 96% cpu@70.531C soc2@69.375C soc0@69.968C gpu@72.343C tj@72.343C soc1@70.468C VDD_IN 17271mW/17221mW VDD_CPU_GPU_CV 7608mW/7583mW VDD_SOC 4119mW/4135mW
08-05-2026 05:31:40 RAM 4344/7620MB (lfb 15x4MB) SWAP 3116/12002MB (cached 57MB) CPU [0%@1728,0%@1728,0%@1728,0%@1728,0%@1728,0%@1728] GR3D_FREQ 99% cpu@70.562C soc2@69.5C soc0@69.968C gpu@72.218C tj@72.218C soc1@70.562C VDD_IN 17271mW/17222mW VDD_CPU_GPU_CV 7608mW/7584mW VDD_SOC 4119mW/4135mW
08-05-2026 05:31:40 RAM 4344/7620MB (lfb 15x4MB) SWAP 3116/12002MB (cached 57MB) CPU [0%@1728,0%@1728,0%@1728,0%@1728,0%@1728,0%@1728] GR3D_FREQ 99% cpu@70.593C soc2@69.375C soc0@69.968C gpu@72.25C tj@72.25C soc1@70.562C VDD_IN 17311mW/17222mW VDD_CPU_GPU_CV 7608mW/7584mW VDD_SOC 4119mW/4134mW
08-05-2026 05:31:40 RAM 4344/7620MB (lfb 15x4MB) SWAP 3116/12002MB (cached 57MB) CPU [0%@1728,0%@1728,0%@1728,0%@1728,0%@1728,0%@1728] GR3D_FREQ 99% cpu@70.625C soc2@69.437C soc0@70.218C gpu@72.375C tj@72.375C soc1@70.75C VDD_IN 17311mW/17223mW VDD_CPU_GPU_CV 7608mW/7584mW VDD_SOC 4159mW/4135mW
08-05-2026 05:31:40 RAM 4344/7620MB (lfb 15x4MB) SWAP 3116/12002MB (cached 57MB) CPU [0%@1728,0%@1728,0%@1728,0%@1728,0%@1728,0%@1728] GR3D_FREQ 99% cpu@70.531C soc2@69.531C soc0@69.906C gpu@72.406C tj@72.406C soc1@70.5C VDD_IN 17352mW/17224mW VDD_CPU_GPU_CV 7648mW/7584mW VDD_SOC 4159mW/4135mW
08-05-2026 05:31:40 RAM 4344/7620MB (lfb 15x4MB) SWAP 3116/12002MB (cached 57MB) CPU [0%@1728,0%@1728,0%@1728,0%@1728,0%@1728,0%@1728] GR3D_FREQ 99% cpu@70.468C soc2@69.531C soc0@70C gpu@72.625C tj@72.625C soc1@70.562C VDD_IN 17392mW/17225mW VDD_CPU_GPU_CV 7648mW/7585mW VDD_SOC 4159mW/4135mW
08-05-2026 05:31:41 RAM 4344/7620MB (lfb 15x4MB) SWAP 3116/12002MB (cached 57MB) CPU [0%@1728,0%@1728,0%@1728,10%@1728,0%@1728,0%@1728] GR3D_FREQ 99% cpu@70.593C soc2@69.562C soc0@70.031C gpu@72.562C tj@72.562C soc1@70.593C VDD_IN 17433mW/17226mW VDD_CPU_GPU_CV 7688mW/7585mW VDD_SOC 4159mW/4135mW
08-05-2026 05:31:41 RAM 4344/7620MB (lfb 15x4MB) SWAP 3116/12002MB (cached 57MB) CPU [16%@1728,10%@1728,0%@1728,0%@1728,18%@1728,9%@1728] GR3D_FREQ 99% cpu@70.625C soc2@69.562C soc0@70.125C gpu@72.468C tj@72.468C soc1@70.656C VDD_IN 17433mW/17228mW VDD_CPU_GPU_CV 7688mW/7586mW VDD_SOC 4159mW/4135mW
08-05-2026 05:31:41 RAM 4344/7620MB (lfb 15x4MB) SWAP 3116/12002MB (cached 57MB) CPU [0%@1728,0%@1728,0%@1728,0%@1728,0%@1728,0%@1728] GR3D_FREQ 99% cpu@70.687C soc2@69.656C soc0@70.156C gpu@72.562C tj@72.562C soc1@70.5C VDD_IN 17433mW/17229mW VDD_CPU_GPU_CV 7688mW/7587mW VDD_SOC 4159mW/4135mW
08-05-2026 05:31:41 RAM 4344/7620MB (lfb 15x4MB) SWAP 3116/12002MB (cached 57MB) CPU [0%@1728,0%@1728,0%@1728,0%@1728,0%@1728,0%@1728] GR3D_FREQ 99% cpu@70.5C soc2@69.5C soc0@70C gpu@72.593C tj@72.593C soc1@70.593C VDD_IN 17433mW/17231mW VDD_CPU_GPU_CV 7688mW/7588mW VDD_SOC 4159mW/4136mW
08-05-2026 05:31:41 RAM 4344/7620MB (lfb 15x4MB) SWAP 3116/12002MB (cached 57MB) CPU [0%@1728,8%@1728,27%@1728,0%@1728,0%@1728,0%@1728] GR3D_FREQ 99% cpu@70.937C soc2@69.656C soc0@70.093C gpu@72.562C tj@72.562C soc1@70.562C VDD_IN 17473mW/17232mW VDD_CPU_GPU_CV 7729mW/7589mW VDD_SOC 4159mW/4136mW
08-05-2026 05:31:41 RAM 4342/7620MB (lfb 15x4MB) SWAP 3116/12002MB (cached 57MB) CPU [0%@1728,0%@1728,30%@1728,63%@1728,0%@1728,0%@1728] GR3D_FREQ 99% cpu@70.968C soc2@69.531C soc0@70.125C gpu@72.656C tj@72.656C soc1@70.687C VDD_IN 17635mW/17235mW VDD_CPU_GPU_CV 7877mW/7590mW VDD_SOC 4199mW/4136mW
08-05-2026 05:31:41 RAM 4341/7620MB (lfb 15x4MB) SWAP 3116/12002MB (cached 57MB) CPU [9%@1728,0%@1728,0%@1728,90%@1728,0%@1728,0%@1728] GR3D_FREQ 99% cpu@71.031C soc2@69.625C soc0@70.218C gpu@72.593C tj@72.593C soc1@70.5C VDD_IN 17756mW/17238mW VDD_CPU_GPU_CV 7958mW/7593mW VDD_SOC 4199mW/4137mW
08-05-2026 05:31:41 RAM 4341/7620MB (lfb 15x4MB) SWAP 3116/12002MB (cached 57MB) CPU [0%@1728,10%@1728,0%@1728,90%@1728,0%@1728,0%@1728] GR3D_FREQ 99% cpu@71.187C soc2@69.593C soc0@70.031C gpu@72.625C tj@72.625C soc1@70.531C VDD_IN 17837mW/17242mW VDD_CPU_GPU_CV 8038mW/7596mW VDD_SOC 4199mW/4137mW
08-05-2026 05:31:41 RAM 4341/7620MB (lfb 15x4MB) SWAP 3116/12002MB (cached 57MB) CPU [0%@1728,0%@1728,0%@1728,27%@1728,0%@1728,0%@1728] GR3D_FREQ 99% cpu@70.75C soc2@69.625C soc0@70.093C gpu@72.781C tj@72.781C soc1@70.656C VDD_IN 17797mW/17246mW VDD_CPU_GPU_CV 7998mW/7598mW VDD_SOC 4199mW/4137mW
08-05-2026 05:31:41 RAM 4341/7620MB (lfb 15x4MB) SWAP 3116/12002MB (cached 57MB) CPU [0%@1728,0%@1728,0%@1728,0%@1728,0%@1728,0%@1728] GR3D_FREQ 99% cpu@70.687C soc2@69.593C soc0@70.062C gpu@72.562C tj@72.562C soc1@70.656C VDD_IN 17675mW/17249mW VDD_CPU_GPU_CV 7877mW/7600mW VDD_SOC 4199mW/4138mW
08-05-2026 05:31:42 RAM 4341/7620MB (lfb 15x4MB) SWAP 3116/12002MB (cached 57MB) CPU [9%@1728,9%@1728,9%@1728,0%@1728,18%@1728,0%@1728] GR3D_FREQ 99% cpu@70.687C soc2@69.687C soc0@70.156C gpu@72.468C tj@72.468C soc1@70.718C VDD_IN 17635mW/17251mW VDD_CPU_GPU_CV 7837mW/7602mW VDD_SOC 4199mW/4138mW
08-05-2026 05:31:42 RAM 4341/7620MB (lfb 15x4MB) SWAP 3116/12002MB (cached 57MB) CPU [0%@1728,0%@1728,0%@1728,0%@1728,0%@1728,0%@1728] GR3D_FREQ 99% cpu@70.843C soc2@69.656C soc0@70.062C gpu@72.562C tj@72.562C soc1@70.562C VDD_IN 17513mW/17253mW VDD_CPU_GPU_CV 7769mW/7603mW VDD_SOC 4159mW/4138mW
08-05-2026 05:31:42 RAM 4341/7620MB (lfb 15x4MB) SWAP 3116/12002MB (cached 57MB) CPU [0%@1728,0%@1728,0%@1728,0%@1728,0%@1728,0%@1728] GR3D_FREQ 99% cpu@70.562C soc2@69.625C soc0@70C gpu@72.437C tj@72.437C soc1@70.562C VDD_IN 17433mW/17254mW VDD_CPU_GPU_CV 7729mW/7604mW VDD_SOC 4159mW/4138mW
08-05-2026 05:31:42 RAM 4341/7620MB (lfb 15x4MB) SWAP 3116/12002MB (cached 57MB) CPU [0%@1728,10%@1728,0%@1728,0%@1728,0%@1728,0%@1728] GR3D_FREQ 99% cpu@70.656C soc2@69.562C soc0@70.062C gpu@72.843C tj@72.843C soc1@70.562C VDD_IN 17352mW/17255mW VDD_CPU_GPU_CV 7769mW/7605mW VDD_SOC 4119mW/4138mW
08-05-2026 05:31:42 RAM 4341/7620MB (lfb 15x4MB) SWAP 3116/12002MB (cached 57MB) CPU [0%@1728,0%@1728,0%@1728,0%@1728,0%@1728,0%@1728] GR3D_FREQ 99% cpu@70.656C soc2@69.656C soc0@70.218C gpu@72.718C tj@72.718C soc1@70.656C VDD_IN 17352mW/17255mW VDD_CPU_GPU_CV 7729mW/7605mW VDD_SOC 4119mW/4138mW
08-05-2026 05:31:42 RAM 4342/7620MB (lfb 15x4MB) SWAP 3116/12002MB (cached 57MB) CPU [9%@1728,0%@1728,0%@1728,8%@1728,0%@1728,0%@1728] GR3D_FREQ 99% cpu@70.718C soc2@69.625C soc0@70.25C gpu@72.656C tj@72.656C soc1@70.562C VDD_IN 17352mW/17256mW VDD_CPU_GPU_CV 7729mW/7606mW VDD_SOC 4119mW/4138mW
08-05-2026 05:31:42 RAM 4342/7620MB (lfb 15x4MB) SWAP 3116/12002MB (cached 57MB) CPU [0%@1728,0%@1728,0%@1728,0%@1728,0%@1728,0%@1728] GR3D_FREQ 99% cpu@70.843C soc2@69.468C soc0@70.093C gpu@72.812C tj@72.812C soc1@70.625C VDD_IN 17311mW/17256mW VDD_CPU_GPU_CV 7688mW/7607mW VDD_SOC 4119mW/4138mW
08-05-2026 05:31:42 RAM 4342/7620MB (lfb 15x4MB) SWAP 3116/12002MB (cached 57MB) CPU [0%@1728,0%@1728,0%@1728,0%@1728,0%@1728,0%@1728] GR3D_FREQ 99% cpu@70.656C soc2@69.562C soc0@70.062C gpu@72.625C tj@72.625C soc1@70.593C VDD_IN 17271mW/17256mW VDD_CPU_GPU_CV 7648mW/7607mW VDD_SOC 4119mW/4138mW
08-05-2026 05:31:42 RAM 4342/7620MB (lfb 15x4MB) SWAP 3116/12002MB (cached 57MB) CPU [9%@1728,0%@1728,0%@1728,0%@1728,0%@1728,0%@1728] GR3D_FREQ 99% cpu@70.625C soc2@69.531C soc0@70.156C gpu@72.625C tj@72.625C soc1@70.75C VDD_IN 17271mW/17256mW VDD_CPU_GPU_CV 7648mW/7607mW VDD_SOC 4119mW/4138mW
08-05-2026 05:31:43 RAM 4342/7620MB (lfb 15x4MB) SWAP 3116/12002MB (cached 57MB) CPU [0%@1728,0%@1728,0%@1728,10%@1728,0%@1728,0%@1728] GR3D_FREQ 97% cpu@70.843C soc2@69.625C soc0@70.312C gpu@72.562C tj@72.562C soc1@70.812C VDD_IN 17271mW/17256mW VDD_CPU_GPU_CV 7648mW/7608mW VDD_SOC 4119mW/4138mW
08-05-2026 05:31:43 RAM 4342/7620MB (lfb 15x4MB) SWAP 3115/12002MB (cached 57MB) CPU [0%@1728,0%@1728,0%@1728,9%@1728,10%@1728,0%@1728] GR3D_FREQ 99% cpu@71.062C soc2@69.718C soc0@70.312C gpu@72.5C tj@72.5C soc1@70.593C VDD_IN 17311mW/17257mW VDD_CPU_GPU_CV 7648mW/7608mW VDD_SOC 4119mW/4138mW
08-05-2026 05:31:43 RAM 4342/7620MB (lfb 15x4MB) SWAP 3115/12002MB (cached 57MB) CPU [0%@1728,0%@1728,9%@1728,0%@1728,0%@1728,0%@1728] GR3D_FREQ 99% cpu@70.75C soc2@69.718C soc0@70.218C gpu@72.75C tj@72.468C soc1@70.687C VDD_IN 17352mW/17257mW VDD_CPU_GPU_CV 7648mW/7608mW VDD_SOC 4159mW/4138mW
08-05-2026 05:31:43 RAM 4342/7620MB (lfb 15x4MB) SWAP 3115/12002MB (cached 57MB) CPU [0%@1728,0%@1728,0%@1728,0%@1728,0%@1728,0%@1728] GR3D_FREQ 99% cpu@70.687C soc2@69.718C soc0@70.218C gpu@72.718C tj@72.718C soc1@70.718C VDD_IN 17352mW/17258mW VDD_CPU_GPU_CV 7648mW/7608mW VDD_SOC 4159mW/4138mW
08-05-2026 05:31:43 RAM 4343/7620MB (lfb 15x4MB) SWAP 3115/12002MB (cached 57MB) CPU [0%@1728,0%@1728,0%@1728,9%@1728,0%@1728,0%@1728] GR3D_FREQ 99% cpu@70.843C soc2@69.625C soc0@70.187C gpu@72.656C tj@72.656C soc1@70.718C VDD_IN 17392mW/17259mW VDD_CPU_GPU_CV 7688mW/7609mW VDD_SOC 4159mW/4138mW
08-05-2026 05:31:43 RAM 4342/7620MB (lfb 15x4MB) SWAP 3115/12002MB (cached 57MB) CPU [0%@1728,0%@1728,9%@1728,10%@1728,0%@1728,0%@1728] GR3D_FREQ 99% cpu@70.843C soc2@69.718C soc0@70.312C gpu@72.875C tj@72.875C soc1@70.656C VDD_IN 17473mW/17260mW VDD_CPU_GPU_CV 7729mW/7609mW VDD_SOC 4159mW/4138mW
08-05-2026 05:31:43 RAM 4342/7620MB (lfb 15x4MB) SWAP 3115/12002MB (cached 57MB) CPU [0%@1728,0%@1728,0%@1728,0%@1728,0%@1728,0%@1728] GR3D_FREQ 99% cpu@70.875C soc2@69.687C soc0@70.218C gpu@72.687C tj@72.687C soc1@70.656C VDD_IN 17473mW/17261mW VDD_CPU_GPU_CV 7729mW/7610mW VDD_SOC 4199mW/4138mW
08-05-2026 05:31:43 RAM 4342/7620MB (lfb 15x4MB) SWAP 3115/12002MB (cached 57MB) CPU [0%@1728,25%@1728,0%@1728,0%@1728,0%@1728,0%@1728] GR3D_FREQ 99% cpu@70.656C soc2@69.656C soc0@70.187C gpu@72.75C tj@72.75C soc1@70.656C VDD_IN 17473mW/17262mW VDD_CPU_GPU_CV 7729mW/7611mW VDD_SOC 4159mW/4139mW
08-05-2026 05:31:43 RAM 4342/7620MB (lfb 15x4MB) SWAP 3115/12002MB (cached 57MB) CPU [0%@1728,8%@1728,0%@1728,0%@1728,0%@1728,0%@1728] GR3D_FREQ 99% cpu@70.687C soc2@69.781C soc0@70.218C gpu@72.875C tj@72.875C soc1@70.781C VDD_IN 17473mW/17264mW VDD_CPU_GPU_CV 7729mW/7612mW VDD_SOC 4199mW/4139mW
08-05-2026 05:31:43 RAM 4342/7620MB (lfb 15x4MB) SWAP 3115/12002MB (cached 57MB) CPU [0%@1728,0%@1728,0%@1728,0%@1728,0%@1728,0%@1728] GR3D_FREQ 99% cpu@70.875C soc2@69.687C soc0@70.312C gpu@72.718C tj@72.718C soc1@70.937C VDD_IN 17473mW/17265mW VDD_CPU_GPU_CV 7729mW/7612mW VDD_SOC 4199mW/4139mW
08-05-2026 05:31:44 RAM 4342/7620MB (lfb 15x4MB) SWAP 3115/12002MB (cached 57MB) CPU [0%@1728,0%@1728,0%@1728,0%@1728,9%@1728,0%@1728] GR3D_FREQ 99% cpu@70.906C soc2@69.781C soc0@70.468C gpu@72.656C tj@72.656C soc1@70.656C VDD_IN 17473mW/17266mW VDD_CPU_GPU_CV 7729mW/7613mW VDD_SOC 4199mW/4140mW
08-05-2026 05:31:44 RAM 4342/7620MB (lfb 15x4MB) SWAP 3115/12002MB (cached 57MB) CPU [9%@1728,0%@1728,0%@1728,0%@1728,9%@1728,0%@1728] GR3D_FREQ 99% cpu@70.781C soc2@69.625C soc0@70.125C gpu@73C tj@73C soc1@70.718C VDD_IN 17433mW/17267mW VDD_CPU_GPU_CV 7688mW/7613mW VDD_SOC 4199mW/4140mW
08-05-2026 05:31:44 RAM 4342/7620MB (lfb 15x4MB) SWAP 3115/12002MB (cached 57MB) CPU [0%@1728,0%@1728,0%@1728,0%@1728,0%@1728,0%@1728] GR3D_FREQ 99% cpu@70.781C soc2@69.656C soc0@70.218C gpu@72.843C tj@72.843C soc1@70.781C VDD_IN 17392mW/17268mW VDD_CPU_GPU_CV 7688mW/7614mW VDD_SOC 4159mW/4140mW
08-05-2026 05:31:44 RAM 4342/7620MB (lfb 15x4MB) SWAP 3115/12002MB (cached 57MB) CPU [9%@1728,10%@1728,0%@1728,0%@1728,0%@1728,0%@1728] GR3D_FREQ 99% cpu@70.781C soc2@69.781C soc0@70.218C gpu@72.687C tj@72.687C soc1@70.781C VDD_IN 17392mW/17268mW VDD_CPU_GPU_CV 7648mW/7614mW VDD_SOC 4159mW/4140mW
08-05-2026 05:31:44 RAM 4342/7620MB (lfb 15x4MB) SWAP 3115/12002MB (cached 57MB) CPU [0%@1728,0%@1728,0%@1728,0%@1728,0%@1728,0%@1728] GR3D_FREQ 99% cpu@70.875C soc2@69.718C soc0@70.468C gpu@72.656C tj@72.656C soc1@70.687C VDD_IN 17352mW/17269mW VDD_CPU_GPU_CV 7648mW/7614mW VDD_SOC 4159mW/4140mW
08-05-2026 05:31:44 RAM 4342/7620MB (lfb 15x4MB) SWAP 3115/12002MB (cached 57MB) CPU [0%@1728,0%@1728,0%@1728,0%@1728,0%@1728,0%@1728] GR3D_FREQ 99% cpu@70.843C soc2@69.687C soc0@70.125C gpu@72.593C tj@72.593C soc1@70.656C VDD_IN 17352mW/17269mW VDD_CPU_GPU_CV 7608mW/7614mW VDD_SOC 4199mW/4141mW
08-05-2026 05:31:44 RAM 4342/7620MB (lfb 15x4MB) SWAP 3115/12002MB (cached 57MB) CPU [0%@1728,9%@1728,0%@1728,0%@1728,0%@1728,0%@1728] GR3D_FREQ 99% cpu@70.781C soc2@69.656C soc0@70.187C gpu@72.781C tj@72.781C soc1@70.75C VDD_IN 17311mW/17270mW VDD_CPU_GPU_CV 7648mW/7614mW VDD_SOC 4159mW/4141mW
08-05-2026 05:31:44 RAM 4342/7620MB (lfb 15x4MB) SWAP 3115/12002MB (cached 57MB) CPU [0%@1728,0%@1728,0%@1728,0%@1728,0%@1728,0%@1728] GR3D_FREQ 99% cpu@70.718C soc2@69.687C soc0@70.343C gpu@72.687C tj@72.687C soc1@70.843C VDD_IN 17311mW/17270mW VDD_CPU_GPU_CV 7648mW/7614mW VDD_SOC 4159mW/4141mW
08-05-2026 05:31:44 RAM 4342/7620MB (lfb 15x4MB) SWAP 3115/12002MB (cached 57MB) CPU [0%@1728,0%@1728,0%@1728,0%@1728,0%@1728,0%@1728] GR3D_FREQ 99% cpu@70.843C soc2@69.718C soc0@70.281C gpu@72.625C tj@72.625C soc1@70.875C VDD_IN 17271mW/17270mW VDD_CPU_GPU_CV 7648mW/7615mW VDD_SOC 4159mW/4141mW
08-05-2026 05:31:45 RAM 4342/7620MB (lfb 15x4MB) SWAP 3115/12002MB (cached 57MB) CPU [0%@1728,18%@1728,0%@1728,0%@1728,0%@1728,0%@1728] GR3D_FREQ 99% cpu@70.843C soc2@69.843C soc0@70.468C gpu@73.031C tj@73.031C soc1@70.718C VDD_IN 17271mW/17270mW VDD_CPU_GPU_CV 7688mW/7615mW VDD_SOC 4119mW/4141mW
08-05-2026 05:31:45 RAM 4342/7620MB (lfb 15x4MB) SWAP 3115/12002MB (cached 57MB) CPU [0%@1728,9%@1728,0%@1728,0%@1728,9%@1728,0%@1728] GR3D_FREQ 99% cpu@71.062C soc2@69.718C soc0@70.218C gpu@72.875C tj@72.875C soc1@70.781C VDD_IN 17230mW/17270mW VDD_CPU_GPU_CV 7648mW/7615mW VDD_SOC 4119mW/4141mW
08-05-2026 05:31:45 RAM 4342/7620MB (lfb 15x4MB) SWAP 3115/12002MB (cached 57MB) CPU [0%@1728,0%@1728,0%@1728,0%@1728,0%@1728,0%@1728] GR3D_FREQ 99% cpu@70.812C soc2@69.656C soc0@70.25C gpu@72.812C tj@72.812C soc1@70.781C VDD_IN 17230mW/17269mW VDD_CPU_GPU_CV 7648mW/7615mW VDD_SOC 4119mW/4140mW
08-05-2026 05:31:45 RAM 4342/7620MB (lfb 15x4MB) SWAP 3115/12002MB (cached 57MB) CPU [0%@1728,0%@1728,0%@1728,0%@1728,9%@1728,0%@1728] GR3D_FREQ 99% cpu@70.812C soc2@69.718C soc0@70.375C gpu@72.875C tj@72.875C soc1@70.968C VDD_IN 17230mW/17269mW VDD_CPU_GPU_CV 7608mW/7615mW VDD_SOC 4119mW/4140mW
08-05-2026 05:31:45 RAM 4342/7620MB (lfb 15x4MB) SWAP 3115/12002MB (cached 57MB) CPU [0%@1728,0%@1728,0%@1728,0%@1728,0%@1728,0%@1728] GR3D_FREQ 99% cpu@70.875C soc2@69.75C soc0@70.437C gpu@72.843C tj@72.843C soc1@71.062C VDD_IN 17230mW/17269mW VDD_CPU_GPU_CV 7608mW/7615mW VDD_SOC 4119mW/4140mW
08-05-2026 05:31:45 RAM 4342/7620MB (lfb 15x4MB) SWAP 3115/12002MB (cached 57MB) CPU [9%@1728,0%@1728,0%@1728,0%@1728,0%@1728,0%@1728] GR3D_FREQ 99% cpu@71.093C soc2@69.718C soc0@70.156C gpu@72.906C tj@72.906C soc1@70.75C VDD_IN 17230mW/17269mW VDD_CPU_GPU_CV 7608mW/7615mW VDD_SOC 4119mW/4140mW
08-05-2026 05:31:45 RAM 4342/7620MB (lfb 15x4MB) SWAP 3115/12002MB (cached 57MB) CPU [0%@1728,18%@1728,9%@1728,0%@1728,0%@1728,0%@1728] GR3D_FREQ 96% cpu@70.937C soc2@69.656C soc0@70.218C gpu@72.781C tj@72.781C soc1@70.843C VDD_IN 17352mW/17269mW VDD_CPU_GPU_CV 7648mW/7615mW VDD_SOC 4159mW/4140mW
08-05-2026 05:31:45 RAM 4342/7620MB (lfb 15x4MB) SWAP 3115/12002MB (cached 57MB) CPU [0%@1728,0%@1728,0%@1728,0%@1728,0%@1728,0%@1728] GR3D_FREQ 99% cpu@70.906C soc2@69.875C soc0@70.406C gpu@72.75C tj@72.75C soc1@70.812C VDD_IN 17352mW/17270mW VDD_CPU_GPU_CV 7648mW/7616mW VDD_SOC 4159mW/4140mW
08-05-2026 05:31:45 RAM 4342/7620MB (lfb 15x4MB) SWAP 3115/12002MB (cached 57MB) CPU [0%@1728,0%@1728,0%@1728,0%@1728,0%@1728,0%@1728] GR3D_FREQ 99% cpu@70.875C soc2@69.875C soc0@70.5C gpu@73.031C tj@73.031C soc1@71.062C VDD_IN 17392mW/17270mW VDD_CPU_GPU_CV 7688mW/7616mW VDD_SOC 4159mW/4140mW
08-05-2026 05:31:45 RAM 4342/7620MB (lfb 15x4MB) SWAP 3115/12002MB (cached 57MB) CPU [0%@1728,0%@1728,0%@1728,0%@1728,0%@1728,0%@1728] GR3D_FREQ 99% cpu@70.968C soc2@69.968C soc0@70.187C gpu@73C tj@73C soc1@70.75C VDD_IN 17433mW/17271mW VDD_CPU_GPU_CV 7688mW/7616mW VDD_SOC 4159mW/4141mW
08-05-2026 05:31:46 RAM 4342/7620MB (lfb 15x4MB) SWAP 3115/12002MB (cached 57MB) CPU [0%@1728,0%@1728,0%@1728,0%@1728,0%@1728,0%@1728] GR3D_FREQ 99% cpu@71C soc2@69.75C soc0@70.25C gpu@72.937C tj@72.937C soc1@70.843C VDD_IN 17433mW/17272mW VDD_CPU_GPU_CV 7688mW/7617mW VDD_SOC 4159mW/4141mW
08-05-2026 05:31:46 RAM 4342/7620MB (lfb 15x4MB) SWAP 3115/12002MB (cached 57MB) CPU [9%@1728,9%@1728,0%@1728,9%@1728,10%@1728,0%@1728] GR3D_FREQ 99% cpu@70.843C soc2@69.75C soc0@70.312C gpu@73C tj@73C soc1@70.906C VDD_IN 17392mW/17273mW VDD_CPU_GPU_CV 7688mW/7617mW VDD_SOC 4159mW/4141mW
08-05-2026 05:31:46 RAM 4342/7620MB (lfb 15x4MB) SWAP 3115/12002MB (cached 57MB) CPU [0%@1728,0%@1728,0%@1728,0%@1728,0%@1728,0%@1728] GR3D_FREQ 99% cpu@70.968C soc2@69.812C soc0@70.437C gpu@72.781C tj@72.781C soc1@71.031C VDD_IN 17433mW/17273mW VDD_CPU_GPU_CV 7688mW/7617mW VDD_SOC 4159mW/4141mW
08-05-2026 05:31:46 RAM 4342/7620MB (lfb 15x4MB) SWAP 3115/12002MB (cached 57MB) CPU [9%@1728,18%@1728,0%@1728,0%@1728,0%@1728,0%@1728] GR3D_FREQ 99% cpu@71.062C soc2@69.906C soc0@70.531C gpu@73.25C tj@73.25C soc1@71.093C VDD_IN 17433mW/17274mW VDD_CPU_GPU_CV 7688mW/7618mW VDD_SOC 4199mW/4141mW
08-05-2026 05:31:46 RAM 4342/7620MB (lfb 15x4MB) SWAP 3115/12002MB (cached 57MB) CPU [8%@1728,0%@1728,0%@1728,8%@1728,0%@1728,0%@1728] GR3D_FREQ 99% cpu@71.093C soc2@69.875C soc0@70.312C gpu@73.031C tj@73.031C soc1@70.812C VDD_IN 17473mW/17275mW VDD_CPU_GPU_CV 7688mW/7618mW VDD_SOC 4199mW/4141mW
08-05-2026 05:31:46 RAM 4342/7620MB (lfb 15x4MB) SWAP 3115/12002MB (cached 57MB) CPU [0%@1728,0%@1728,0%@1728,0%@1728,0%@1728,0%@1728] GR3D_FREQ 99% cpu@71.125C soc2@69.843C soc0@70.375C gpu@72.937C tj@72.937C soc1@70.843C VDD_IN 17433mW/17276mW VDD_CPU_GPU_CV 7688mW/7619mW VDD_SOC 4199mW/4142mW
08-05-2026 05:31:46 RAM 4344/7620MB (lfb 15x4MB) SWAP 3115/12002MB (cached 57MB) CPU [0%@1728,0%@1728,0%@1728,0%@1728,0%@1728,16%@1728] GR3D_FREQ 99% cpu@71.062C soc2@69.843C soc0@70.437C gpu@73.218C tj@73.218C soc1@70.875C VDD_IN 17473mW/17277mW VDD_CPU_GPU_CV 7688mW/7619mW VDD_SOC 4199mW/4142mW
08-05-2026 05:31:46 RAM 4348/7620MB (lfb 15x4MB) SWAP 3115/12002MB (cached 57MB) CPU [0%@1728,0%@1728,9%@1728,18%@1728,0%@1728,0%@1728] GR3D_FREQ 99% cpu@71.125C soc2@69.906C soc0@70.406C gpu@73.093C tj@73.093C soc1@71.062C VDD_IN 17513mW/17278mW VDD_CPU_GPU_CV 7729mW/7619mW VDD_SOC 4199mW/4142mW
08-05-2026 05:31:46 RAM 4348/7620MB (lfb 15x4MB) SWAP 3115/12002MB (cached 57MB) CPU [0%@1728,0%@1728,0%@1728,0%@1728,0%@1728,0%@1728] GR3D_FREQ 99% cpu@71C soc2@69.937C soc0@70.312C gpu@73C tj@73C soc1@70.843C VDD_IN 17473mW/17279mW VDD_CPU_GPU_CV 7729mW/7620mW VDD_SOC 4199mW/4143mW
08-05-2026 05:31:47 RAM 4348/7620MB (lfb 15x4MB) SWAP 3115/12002MB (cached 57MB) CPU [0%@1728,0%@1728,0%@1728,18%@1728,0%@1728,0%@1728] GR3D_FREQ 99% cpu@71.187C soc2@69.875C soc0@70.343C gpu@73.031C tj@73.031C soc1@70.843C VDD_IN 17433mW/17280mW VDD_CPU_GPU_CV 7688mW/7620mW VDD_SOC 4199mW/4143mW
08-05-2026 05:31:47 RAM 4348/7620MB (lfb 15x4MB) SWAP 3115/12002MB (cached 57MB) CPU [0%@1728,9%@1728,0%@1728,0%@1728,0%@1728,0%@1728] GR3D_FREQ 99% cpu@70.875C soc2@69.875C soc0@70.437C gpu@72.812C tj@72.812C soc1@70.875C VDD_IN 17352mW/17280mW VDD_CPU_GPU_CV 7648mW/7620mW VDD_SOC 4159mW/4143mW
08-05-2026 05:31:47 RAM 4348/7620MB (lfb 15x4MB) SWAP 3115/12002MB (cached 57MB) CPU [0%@1728,0%@1728,0%@1728,0%@1728,0%@1728,0%@1728] GR3D_FREQ 99% cpu@70.937C soc2@69.875C soc0@70.406C gpu@72.718C tj@72.718C soc1@71.062C VDD_IN 17352mW/17281mW VDD_CPU_GPU_CV 7648mW/7621mW VDD_SOC 4159mW/4143mW
08-05-2026 05:31:47 RAM 4348/7620MB (lfb 15x4MB) SWAP 3115/12002MB (cached 57MB) CPU [0%@1728,0%@1728,0%@1728,0%@1728,9%@1728,0%@1728] GR3D_FREQ 99% cpu@70.968C soc2@69.937C soc0@70.593C gpu@73.093C tj@73.093C soc1@70.812C VDD_IN 17271mW/17281mW VDD_CPU_GPU_CV 7648mW/7621mW VDD_SOC 4119mW/4143mW
08-05-2026 05:31:47 RAM 4348/7620MB (lfb 15x4MB) SWAP 3115/12002MB (cached 57MB) CPU [0%@1728,0%@1728,0%@1728,0%@1728,0%@1728,0%@1728] GR3D_FREQ 99% cpu@71.187C soc2@69.875C soc0@70.312C gpu@73.093C tj@73.093C soc1@70.906C VDD_IN 17271mW/17281mW VDD_CPU_GPU_CV 7648mW/7621mW VDD_SOC 4119mW/4143mW
08-05-2026 05:31:47 RAM 4348/7620MB (lfb 15x4MB) SWAP 3115/12002MB (cached 57MB) CPU [0%@1728,0%@1728,0%@1728,0%@1728,0%@1728,0%@1728] GR3D_FREQ 99% cpu@70.968C soc2@69.843C soc0@70.375C gpu@73.031C tj@73.031C soc1@70.968C VDD_IN 17271mW/17281mW VDD_CPU_GPU_CV 7648mW/7621mW VDD_SOC 4119mW/4143mW
08-05-2026 05:31:47 RAM 4348/7620MB (lfb 15x4MB) SWAP 3115/12002MB (cached 57MB) CPU [0%@1728,0%@1728,0%@1728,18%@1728,0%@1728,0%@1728] GR3D_FREQ 99% cpu@71C soc2@69.937C soc0@70.406C gpu@73.25C tj@73.25C soc1@71.031C VDD_IN 17271mW/17280mW VDD_CPU_GPU_CV 7688mW/7621mW VDD_SOC 4119mW/4143mW
08-05-2026 05:31:47 RAM 4348/7620MB (lfb 15x4MB) SWAP 3115/12002MB (cached 57MB) CPU [0%@1728,0%@1728,0%@1728,0%@1728,0%@1728,0%@1728] GR3D_FREQ 99% cpu@71.031C soc2@70C soc0@70.562C gpu@73.093C tj@73.093C soc1@71.093C VDD_IN 17271mW/17280mW VDD_CPU_GPU_CV 7648mW/7621mW VDD_SOC 4119mW/4142mW
08-05-2026 05:31:47 RAM 4348/7620MB (lfb 15x4MB) SWAP 3115/12002MB (cached 57MB) CPU [0%@1728,0%@1728,0%@1728,0%@1728,0%@1728,0%@1728] GR3D_FREQ 99% cpu@71.062C soc2@69.875C soc0@70.343C gpu@72.875C tj@72.875C soc1@70.875C VDD_IN 17271mW/17280mW VDD_CPU_GPU_CV 7648mW/7622mW VDD_SOC 4119mW/4142mW
08-05-2026 05:31:47 RAM 4348/7620MB (lfb 15x4MB) SWAP 3115/12002MB (cached 57MB) CPU [0%@1728,0%@1728,0%@1728,0%@1728,0%@1728,0%@1728] GR3D_FREQ 99% cpu@71.156C soc2@69.812C soc0@70.406C gpu@73.062C tj@73.062C soc1@70.875C VDD_IN 17271mW/17280mW VDD_CPU_GPU_CV 7648mW/7622mW VDD_SOC 4119mW/4142mW
08-05-2026 05:31:48 RAM 4348/7620MB (lfb 15x4MB) SWAP 3115/12002MB (cached 57MB) CPU [0%@1728,0%@1728,0%@1728,0%@1728,0%@1728,0%@1728] GR3D_FREQ 99% cpu@70.937C soc2@69.937C soc0@70.375C gpu@72.968C tj@72.968C soc1@71.031C VDD_IN 17230mW/17280mW VDD_CPU_GPU_CV 7608mW/7622mW VDD_SOC 4119mW/4142mW
08-05-2026 05:31:48 RAM 4348/7620MB (lfb 15x4MB) SWAP 3115/12002MB (cached 57MB) CPU [9%@1728,9%@1728,16%@1728,0%@1728,20%@1728,0%@1728] GR3D_FREQ 99% cpu@71.156C soc2@69.968C soc0@70.531C gpu@73.187C tj@73.187C soc1@71.031C VDD_IN 17271mW/17280mW VDD_CPU_GPU_CV 7608mW/7622mW VDD_SOC 4119mW/4142mW
08-05-2026 05:31:48 RAM 4348/7620MB (lfb 15x4MB) SWAP 3115/12002MB (cached 57MB) CPU [0%@1728,0%@1728,0%@1728,10%@1728,45%@1728,0%@1728] GR3D_FREQ 99% cpu@71.468C soc2@69.968C soc0@70.343C gpu@73.187C tj@73.187C soc1@70.812C VDD_IN 17473mW/17281mW VDD_CPU_GPU_CV 7729mW/7622mW VDD_SOC 4159mW/4142mW
08-05-2026 05:31:48 RAM 4348/7620MB (lfb 15x4MB) SWAP 3115/12002MB (cached 57MB) CPU [0%@1728,0%@1728,0%@1728,9%@1728,40%@1728,0%@1728] GR3D_FREQ 99% cpu@71.312C soc2@69.812C soc0@70.312C gpu@73.062C tj@73.062C soc1@70.906C VDD_IN 17513mW/17282mW VDD_CPU_GPU_CV 7757mW/7623mW VDD_SOC 4159mW/4142mW
08-05-2026 05:31:48 RAM 4348/7620MB (lfb 15x4MB) SWAP 3115/12002MB (cached 57MB) CPU [0%@1728,9%@1728,0%@1728,0%@1728,0%@1728,0%@1728] GR3D_FREQ 99% cpu@70.937C soc2@69.937C soc0@70.437C gpu@73.343C tj@73.343C soc1@70.937C VDD_IN 17513mW/17283mW VDD_CPU_GPU_CV 7757mW/7623mW VDD_SOC 4199mW/4142mW
08-05-2026 05:31:48 RAM 4348/7620MB (lfb 15x4MB) SWAP 3115/12002MB (cached 57MB) CPU [0%@1728,0%@1728,0%@1728,0%@1728,0%@1728,0%@1728] GR3D_FREQ 99% cpu@71.093C soc2@69.968C soc0@70.468C gpu@73.218C tj@73.218C soc1@71.031C VDD_IN 17513mW/17284mW VDD_CPU_GPU_CV 7757mW/7624mW VDD_SOC 4199mW/4143mW
08-05-2026 05:31:48 RAM 4351/7620MB (lfb 15x4MB) SWAP 3112/12002MB (cached 59MB) CPU [11%@1728,10%@1728,0%@1728,0%@1728,0%@1728,0%@1728] GR3D_FREQ 99% cpu@71.25C soc2@70.062C soc0@70.531C gpu@72.968C tj@72.968C soc1@71.218C VDD_IN 17554mW/17285mW VDD_CPU_GPU_CV 7797mW/7625mW VDD_SOC 4199mW/4143mW
08-05-2026 05:31:48 RAM 4351/7620MB (lfb 15x4MB) SWAP 3112/12002MB (cached 59MB) CPU [0%@1728,0%@1728,0%@1728,0%@1728,0%@1728,0%@1728] GR3D_FREQ 99% cpu@71.156C soc2@69.937C soc0@70.468C gpu@73.312C tj@73.312C soc1@70.968C VDD_IN 17513mW/17286mW VDD_CPU_GPU_CV 7757mW/7625mW VDD_SOC 4199mW/4143mW
08-05-2026 05:31:48 RAM 4351/7620MB (lfb 15x4MB) SWAP 3112/12002MB (cached 59MB) CPU [0%@1728,0%@1728,0%@1728,0%@1728,0%@1728,0%@1728] GR3D_FREQ 99% cpu@71.312C soc2@69.968C soc0@70.406C gpu@73.093C tj@73.093C soc1@71.031C VDD_IN 17513mW/17287mW VDD_CPU_GPU_CV 7757mW/7626mW VDD_SOC 4199mW/4143mW
08-05-2026 05:31:49 RAM 4351/7620MB (lfb 15x4MB) SWAP 3112/12002MB (cached 59MB) CPU [0%@1728,0%@1728,0%@1728,18%@1728,0%@1728,0%@1728] GR3D_FREQ 99% cpu@71.093C soc2@69.968C soc0@70.5C gpu@73.062C tj@73.062C soc1@71.125C VDD_IN 17554mW/17289mW VDD_CPU_GPU_CV 7757mW/7627mW VDD_SOC 4199mW/4144mW
08-05-2026 05:31:49 RAM 4351/7620MB (lfb 15x4MB) SWAP 3112/12002MB (cached 59MB) CPU [9%@1728,0%@1728,0%@1728,0%@1728,10%@1728,0%@1728] GR3D_FREQ 99% cpu@71.187C soc2@70C soc0@70.531C gpu@73.156C tj@73.156C soc1@71.156C VDD_IN 17513mW/17290mW VDD_CPU_GPU_CV 7716mW/7627mW VDD_SOC 4199mW/4144mW
08-05-2026 05:31:49 RAM 4351/7620MB (lfb 15x4MB) SWAP 3112/12002MB (cached 59MB) CPU [0%@1728,9%@1728,0%@1728,0%@1728,0%@1728,0%@1728] GR3D_FREQ 99% cpu@71.218C soc2@69.937C soc0@70.468C gpu@73.187C tj@73.187C soc1@71C VDD_IN 17473mW/17291mW VDD_CPU_GPU_CV 7729mW/7627mW VDD_SOC 4199mW/4144mW
08-05-2026 05:31:49 RAM 4351/7620MB (lfb 15x4MB) SWAP 3112/12002MB (cached 59MB) CPU [9%@1728,0%@1728,0%@1728,0%@1728,9%@1728,0%@1728] GR3D_FREQ 99% cpu@71.25C soc2@70C soc0@70.406C gpu@73.062C tj@73.062C soc1@70.968C VDD_IN 17473mW/17291mW VDD_CPU_GPU_CV 7688mW/7628mW VDD_SOC 4159mW/4144mW
08-05-2026 05:31:49 RAM 4351/7620MB (lfb 15x4MB) SWAP 3112/12002MB (cached 59MB) CPU [0%@1728,0%@1728,8%@1728,0%@1728,0%@1728,0%@1728] GR3D_FREQ 99% cpu@71.031C soc2@69.875C soc0@70.468C gpu@73.281C tj@73.281C soc1@71.062C VDD_IN 17433mW/17292mW VDD_CPU_GPU_CV 7688mW/7628mW VDD_SOC 4159mW/4144mW
08-05-2026 05:31:49 RAM 4351/7620MB (lfb 15x4MB) SWAP 3112/12002MB (cached 59MB) CPU [0%@1728,0%@1728,0%@1728,0%@1728,0%@1728,0%@1728] GR3D_FREQ 99% cpu@71.093C soc2@69.968C soc0@70.531C gpu@73.093C tj@73.093C soc1@71.125C VDD_IN 17392mW/17292mW VDD_CPU_GPU_CV 7648mW/7628mW VDD_SOC 4159mW/4144mW
08-05-2026 05:31:49 RAM 4351/7620MB (lfb 15x4MB) SWAP 3112/12002MB (cached 59MB) CPU [0%@1728,10%@1728,0%@1728,0%@1728,0%@1728,0%@1728] GR3D_FREQ 99% cpu@71.187C soc2@70.093C soc0@70.75C gpu@73.312C tj@73.312C soc1@71.312C VDD_IN 17392mW/17293mW VDD_CPU_GPU_CV 7648mW/7628mW VDD_SOC 4159mW/4144mW
08-05-2026 05:31:49 RAM 4351/7620MB (lfb 15x4MB) SWAP 3112/12002MB (cached 59MB) CPU [0%@1728,0%@1728,0%@1728,0%@1728,0%@1728,0%@1728] GR3D_FREQ 99% cpu@71.218C soc2@69.906C soc0@70.5C gpu@73.156C tj@73.156C soc1@71.062C VDD_IN 17352mW/17293mW VDD_CPU_GPU_CV 7648mW/7628mW VDD_SOC 4159mW/4145mW
08-05-2026 05:31:49 RAM 4351/7620MB (lfb 15x4MB) SWAP 3112/12002MB (cached 59MB) CPU [0%@1728,0%@1728,0%@1728,0%@1728,0%@1728,0%@1728] GR3D_FREQ 99% cpu@71.312C soc2@70C soc0@70.531C gpu@73.062C tj@73.062C soc1@71.062C VDD_IN 17311mW/17293mW VDD_CPU_GPU_CV 7648mW/7628mW VDD_SOC 4159mW/4145mW
08-05-2026 05:31:49 RAM 4358/7620MB (lfb 15x4MB) SWAP 3112/12002MB (cached 59MB) CPU [0%@1728,9%@1728,0%@1728,10%@1728,0%@1728,9%@1728] GR3D_FREQ 99% cpu@71.156C soc2@70C soc0@70.656C gpu@73.468C tj@73.468C soc1@71.062C VDD_IN 17311mW/17293mW VDD_CPU_GPU_CV 7688mW/7629mW VDD_SOC 4159mW/4145mW
08-05-2026 05:31:50 RAM 4348/7620MB (lfb 15x4MB) SWAP 3112/12002MB (cached 59MB) CPU [9%@1728,0%@1728,9%@1728,9%@1728,0%@1728,9%@1728] GR3D_FREQ 99% cpu@71.187C soc2@70.062C soc0@70.687C gpu@73.375C tj@73.375C soc1@71.218C VDD_IN 17352mW/17294mW VDD_CPU_GPU_CV 7729mW/7629mW VDD_SOC 4119mW/4145mW
08-05-2026 05:31:50 RAM 4348/7620MB (lfb 15x4MB) SWAP 3112/12002MB (cached 59MB) CPU [9%@1728,0%@1728,0%@1728,0%@1728,10%@1728,0%@1728] GR3D_FREQ 99% cpu@71.25C soc2@70.093C soc0@70.437C gpu@73.218C tj@73.218C soc1@71C VDD_IN 17311mW/17294mW VDD_CPU_GPU_CV 7648mW/7629mW VDD_SOC 4119mW/4144mW
08-05-2026 05:31:50 RAM 4348/7620MB (lfb 15x4MB) SWAP 3112/12002MB (cached 59MB) CPU [0%@1728,0%@1728,18%@1728,0%@1728,0%@1728,0%@1728] GR3D_FREQ 99% cpu@71.406C soc2@70.062C soc0@70.531C gpu@73.406C tj@73.406C soc1@71C VDD_IN 17311mW/17294mW VDD_CPU_GPU_CV 7648mW/7629mW VDD_SOC 4119mW/4144mW
08-05-2026 05:31:50 RAM 4348/7620MB (lfb 15x4MB) SWAP 3112/12002MB (cached 59MB) CPU [0%@1728,8%@1728,0%@1728,8%@1728,0%@1728,0%@1728] GR3D_FREQ 99% cpu@71.156C soc2@70.062C soc0@70.562C gpu@73.125C tj@73.125C soc1@71.187C VDD_IN 17271mW/17294mW VDD_CPU_GPU_CV 7608mW/7629mW VDD_SOC 4119mW/4144mW
08-05-2026 05:31:50 RAM 4348/7620MB (lfb 15x4MB) SWAP 3112/12002MB (cached 59MB) CPU [0%@1728,0%@1728,0%@1728,0%@1728,0%@1728,0%@1728] GR3D_FREQ 99% cpu@71.281C soc2@70C soc0@70.593C gpu@73.031C tj@73.031C soc1@71.218C VDD_IN 17230mW/17293mW VDD_CPU_GPU_CV 7608mW/7629mW VDD_SOC 4159mW/4144mW
08-05-2026 05:31:50 RAM 4348/7620MB (lfb 15x4MB) SWAP 3112/12002MB (cached 59MB) CPU [0%@1728,0%@1728,0%@1728,0%@1728,0%@1728,0%@1728] GR3D_FREQ 99% cpu@71.312C soc2@70.062C soc0@70.531C gpu@73.187C tj@73.187C soc1@71.062C VDD_IN 17271mW/17293mW VDD_CPU_GPU_CV 7608mW/7629mW VDD_SOC 4159mW/4144mW
08-05-2026 05:31:50 RAM 4348/7620MB (lfb 15x4MB) SWAP 3112/12002MB (cached 59MB) CPU [0%@1728,0%@1728,0%@1728,0%@1728,0%@1728,0%@1728] GR3D_FREQ 99% cpu@71.25C soc2@70.093C soc0@70.468C gpu@73.062C tj@73.062C soc1@71.031C VDD_IN 17311mW/17293mW VDD_CPU_GPU_CV 7648mW/7629mW VDD_SOC 4159mW/4144mW
08-05-2026 05:31:50 RAM 4354/7620MB (lfb 15x4MB) SWAP 3112/12002MB (cached 59MB) CPU [0%@1728,40%@1728,0%@1728,0%@1728,0%@1728,0%@1728] GR3D_FREQ 99% cpu@71.125C soc2@70.093C soc0@70.531C gpu@73.031C tj@73.031C soc1@71.187C VDD_IN 17433mW/17294mW VDD_CPU_GPU_CV 7729mW/7629mW VDD_SOC 4159mW/4144mW
08-05-2026 05:31:50 RAM 4354/7620MB (lfb 15x4MB) SWAP 3112/12002MB (cached 59MB) CPU [0%@1728,0%@1728,10%@1728,0%@1728,0%@1728,0%@1728] GR3D_FREQ 99% cpu@71.75C soc2@70.062C soc0@70.687C gpu@73.312C tj@73.312C soc1@71.156C VDD_IN 17513mW/17295mW VDD_CPU_GPU_CV 7729mW/7630mW VDD_SOC 4159mW/4145mW
08-05-2026 05:31:51 RAM 4354/7620MB (lfb 15x4MB) SWAP 3112/12002MB (cached 59MB) CPU [0%@1728,9%@1728,0%@1728,0%@1728,0%@1728,0%@1728] GR3D_FREQ 99% cpu@71.156C soc2@70.125C soc0@70.656C gpu@73.343C tj@73.343C soc1@71.343C VDD_IN 17513mW/17296mW VDD_CPU_GPU_CV 7729mW/7630mW VDD_SOC 4199mW/4145mW
08-05-2026 05:31:51 RAM 4354/7620MB (lfb 15x4MB) SWAP 3112/12002MB (cached 59MB) CPU [0%@1728,8%@1728,0%@1728,0%@1728,18%@1728,0%@1728] GR3D_FREQ 99% cpu@71.312C soc2@70.093C soc0@70.468C gpu@73.187C tj@73.187C soc1@71.093C VDD_IN 17554mW/17297mW VDD_CPU_GPU_CV 7769mW/7631mW VDD_SOC 4199mW/4145mW
08-05-2026 05:31:51 RAM 4354/7620MB (lfb 15x4MB) SWAP 3112/12002MB (cached 59MB) CPU [0%@1728,0%@1728,0%@1728,8%@1728,8%@1728,0%@1728] GR3D_FREQ 99% cpu@71.312C soc2@70.062C soc0@70.531C gpu@73.375C tj@73.375C soc1@71.093C VDD_IN 17473mW/17298mW VDD_CPU_GPU_CV 7729mW/7631mW VDD_SOC 4199mW/4145mW
08-05-2026 05:31:51 RAM 4354/7620MB (lfb 15x4MB) SWAP 3112/12002MB (cached 59MB) CPU [0%@1728,0%@1728,0%@1728,0%@1728,0%@1728,0%@1728] GR3D_FREQ 99% cpu@71.062C soc2@70.156C soc0@70.656C gpu@73.125C tj@73.125C soc1@71.218C VDD_IN 17473mW/17298mW VDD_CPU_GPU_CV 7688mW/7631mW VDD_SOC 4199mW/4145mW
08-05-2026 05:31:51 RAM 4354/7620MB (lfb 15x4MB) SWAP 3112/12002MB (cached 59MB) CPU [0%@1728,0%@1728,0%@1728,0%@1728,0%@1728,0%@1728] GR3D_FREQ 99% cpu@71.187C soc2@70.125C soc0@70.625C gpu@73.625C tj@73.625C soc1@71.281C VDD_IN 17473mW/17299mW VDD_CPU_GPU_CV 7688mW/7632mW VDD_SOC 4199mW/4146mW
08-05-2026 05:31:51 RAM 4354/7620MB (lfb 15x4MB) SWAP 3112/12002MB (cached 59MB) CPU [0%@1728,0%@1728,0%@1728,0%@1728,0%@1728,0%@1728] GR3D_FREQ 99% cpu@71.343C soc2@70.156C soc0@70.562C gpu@73.437C tj@73.437C soc1@71.062C VDD_IN 17473mW/17300mW VDD_CPU_GPU_CV 7688mW/7632mW VDD_SOC 4199mW/4146mW
08-05-2026 05:31:51 RAM 4354/7620MB (lfb 15x4MB) SWAP 3112/12002MB (cached 59MB) CPU [0%@1728,0%@1728,18%@1728,0%@1728,0%@1728,0%@1728] GR3D_FREQ 99% cpu@71.468C soc2@70.093C soc0@70.593C gpu@73.25C tj@73.25C soc1@71.187C VDD_IN 17473mW/17300mW VDD_CPU_GPU_CV 7688mW/7632mW VDD_SOC 4199mW/4146mW
08-05-2026 05:31:51 RAM 4354/7620MB (lfb 15x4MB) SWAP 3112/12002MB (cached 59MB) CPU [0%@1728,0%@1728,0%@1728,0%@1728,0%@1728,0%@1728] GR3D_FREQ 99% cpu@71.156C soc2@70.156C soc0@70.656C gpu@73.531C tj@73.531C soc1@71.187C VDD_IN 17473mW/17301mW VDD_CPU_GPU_CV 7688mW/7632mW VDD_SOC 4199mW/4146mW
08-05-2026 05:31:51 RAM 4354/7620MB (lfb 15x4MB) SWAP 3112/12002MB (cached 59MB) CPU [0%@1728,0%@1728,0%@1728,0%@1728,0%@1728,0%@1728] GR3D_FREQ 99% cpu@71.218C soc2@70.218C soc0@70.687C gpu@73.375C tj@73.375C soc1@71.187C VDD_IN 17433mW/17302mW VDD_CPU_GPU_CV 7688mW/7633mW VDD_SOC 4199mW/4146mW
08-05-2026 05:31:51 RAM 4354/7620MB (lfb 15x4MB) SWAP 3112/12002MB (cached 59MB) CPU [0%@1728,0%@1728,0%@1728,0%@1728,0%@1728,0%@1728] GR3D_FREQ 99% cpu@71.312C soc2@70.218C soc0@70.75C gpu@73.125C tj@73.25C soc1@71.406C VDD_IN 17433mW/17302mW VDD_CPU_GPU_CV 7688mW/7633mW VDD_SOC 4199mW/4147mW
08-05-2026 05:31:52 RAM 4354/7620MB (lfb 15x4MB) SWAP 3112/12002MB (cached 59MB) CPU [0%@1728,0%@1728,0%@1728,0%@1728,0%@1728,0%@1728] GR3D_FREQ 99% cpu@71.312C soc2@70.125C soc0@70.562C gpu@73.437C tj@73.437C soc1@71.093C VDD_IN 17433mW/17303mW VDD_CPU_GPU_CV 7648mW/7633mW VDD_SOC 4199mW/4147mW
08-05-2026 05:31:52 RAM 4354/7620MB (lfb 15x4MB) SWAP 3112/12002MB (cached 59MB) CPU [0%@1728,0%@1728,0%@1728,9%@1728,18%@1728,0%@1728] GR3D_FREQ 99% cpu@71.5C soc2@70.187C soc0@70.562C gpu@73.093C tj@73.093C soc1@71.187C VDD_IN 17352mW/17303mW VDD_CPU_GPU_CV 7608mW/7633mW VDD_SOC 4199mW/4147mW
08-05-2026 05:31:52 RAM 4354/7620MB (lfb 15x4MB) SWAP 3112/12002MB (cached 59MB) CPU [0%@1728,0%@1728,18%@1728,0%@1728,0%@1728,0%@1728] GR3D_FREQ 99% cpu@71.218C soc2@70.156C soc0@70.687C gpu@73.093C tj@73.093C soc1@71.25C VDD_IN 17352mW/17303mW VDD_CPU_GPU_CV 7648mW/7633mW VDD_SOC 4159mW/4147mW
08-05-2026 05:31:52 RAM 4354/7620MB (lfb 15x4MB) SWAP 3112/12002MB (cached 59MB) CPU [0%@1728,0%@1728,0%@1728,0%@1728,0%@1728,0%@1728] GR3D_FREQ 99% cpu@71.156C soc2@70.125C soc0@70.625C gpu@73.5C tj@73.5C soc1@71.406C VDD_IN 17311mW/17303mW VDD_CPU_GPU_CV 7648mW/7633mW VDD_SOC 4119mW/4147mW
08-05-2026 05:31:52 RAM 4354/7620MB (lfb 15x4MB) SWAP 3112/12002MB (cached 59MB) CPU [0%@1728,0%@1728,0%@1728,0%@1728,0%@1728,0%@1728] GR3D_FREQ 99% cpu@71.312C soc2@70.156C soc0@70.562C gpu@73.531C tj@73.531C soc1@71.062C VDD_IN 17311mW/17303mW VDD_CPU_GPU_CV 7648mW/7633mW VDD_SOC 4119mW/4147mW
08-05-2026 05:31:52 RAM 4354/7620MB (lfb 15x4MB) SWAP 3112/12002MB (cached 59MB) CPU [0%@1728,0%@1728,0%@1728,0%@1728,0%@1728,0%@1728] GR3D_FREQ 99% cpu@71.375C soc2@70.156C soc0@70.625C gpu@73.75C tj@73.75C soc1@71.093C VDD_IN 17311mW/17303mW VDD_CPU_GPU_CV 7648mW/7633mW VDD_SOC 4159mW/4147mW
08-05-2026 05:31:52 RAM 4354/7620MB (lfb 15x4MB) SWAP 3112/12002MB (cached 59MB) CPU [0%@1728,0%@1728,0%@1728,0%@1728,0%@1728,0%@1728] GR3D_FREQ 99% cpu@71.125C soc2@70.156C soc0@70.718C gpu@73.531C tj@73.531C soc1@71.156C VDD_IN 17311mW/17303mW VDD_CPU_GPU_CV 7648mW/7633mW VDD_SOC 4159mW/4147mW
08-05-2026 05:31:52 RAM 4354/7620MB (lfb 15x4MB) SWAP 3112/12002MB (cached 59MB) CPU [0%@1728,0%@1728,0%@1728,0%@1728,0%@1728,0%@1728] GR3D_FREQ 99% cpu@71.281C soc2@70.187C soc0@70.781C gpu@73.437C tj@73.437C soc1@71.281C VDD_IN 17271mW/17303mW VDD_CPU_GPU_CV 7648mW/7633mW VDD_SOC 4159mW/4147mW
08-05-2026 05:31:52 RAM 4354/7620MB (lfb 15x4MB) SWAP 3112/12002MB (cached 59MB) CPU [0%@1728,0%@1728,18%@1728,0%@1728,0%@1728,0%@1728] GR3D_FREQ 99% cpu@71.375C soc2@70.281C soc0@70.781C gpu@73.562C tj@73.562C soc1@71.125C VDD_IN 17271mW/17303mW VDD_CPU_GPU_CV 7648mW/7633mW VDD_SOC 4159mW/4147mW
08-05-2026 05:31:52 RAM 4354/7620MB (lfb 15x4MB) SWAP 3112/12002MB (cached 59MB) CPU [0%@1728,0%@1728,0%@1728,0%@1728,0%@1728,0%@1728] GR3D_FREQ 99% cpu@71.25C soc2@70.312C soc0@70.593C gpu@73.375C tj@73.375C soc1@71.156C VDD_IN 17271mW/17303mW VDD_CPU_GPU_CV 7608mW/7633mW VDD_SOC 4159mW/4147mW
08-05-2026 05:31:53 RAM 4354/7620MB (lfb 15x4MB) SWAP 3112/12002MB (cached 59MB) CPU [8%@1728,0%@1728,0%@1728,0%@1728,0%@1728,0%@1728] GR3D_FREQ 99% cpu@71.562C soc2@70.25C soc0@70.718C gpu@73.031C tj@73.031C soc1@71.218C VDD_IN 17311mW/17303mW VDD_CPU_GPU_CV 7608mW/7633mW VDD_SOC 4159mW/4147mW
08-05-2026 05:31:53 RAM 4363/7620MB (lfb 15x4MB) SWAP 3112/12002MB (cached 59MB) CPU [9%@1728,0%@1728,18%@1728,9%@1728,9%@1728,9%@1728] GR3D_FREQ 99% cpu@71.562C soc2@70.218C soc0@70.75C gpu@73.531C tj@73.531C soc1@71.281C VDD_IN 17392mW/17303mW VDD_CPU_GPU_CV 7648mW/7633mW VDD_SOC 4159mW/4147mW
08-05-2026 05:31:53 RAM 4351/7620MB (lfb 15x4MB) SWAP 3112/12002MB (cached 59MB) CPU [0%@1728,0%@1728,0%@1728,0%@1728,0%@1728,0%@1728] GR3D_FREQ 99% cpu@71.437C soc2@70.343C soc0@70.781C gpu@73.406C tj@73.406C soc1@71.375C VDD_IN 17433mW/17304mW VDD_CPU_GPU_CV 7688mW/7633mW VDD_SOC 4159mW/4147mW
08-05-2026 05:31:53 RAM 4351/7620MB (lfb 15x4MB) SWAP 3112/12002MB (cached 59MB) CPU [0%@1728,0%@1728,0%@1728,0%@1728,0%@1728,0%@1728] GR3D_FREQ 99% cpu@71.437C soc2@70.343C soc0@70.625C gpu@73.343C tj@73.343C soc1@71.125C VDD_IN 17433mW/17304mW VDD_CPU_GPU_CV 7688mW/7633mW VDD_SOC 4159mW/4147mW
08-05-2026 05:31:53 RAM 4351/7620MB (lfb 15x4MB) SWAP 3112/12002MB (cached 59MB) CPU [0%@1728,0%@1728,0%@1728,9%@1728,0%@1728,0%@1728] GR3D_FREQ 96% cpu@71.468C soc2@70.218C soc0@70.75C gpu@73.5C tj@73.5C soc1@71.218C VDD_IN 17513mW/17305mW VDD_CPU_GPU_CV 7676mW/7634mW VDD_SOC 4199mW/4148mW
08-05-2026 05:31:53 RAM 4351/7620MB (lfb 15x4MB) SWAP 3112/12002MB (cached 59MB) CPU [9%@1728,0%@1728,0%@1728,0%@1728,0%@1728,0%@1728] GR3D_FREQ 99% cpu@71.312C soc2@70.156C soc0@70.687C gpu@73.406C tj@73.406C soc1@71.281C VDD_IN 17473mW/17306mW VDD_CPU_GPU_CV 7716mW/7634mW VDD_SOC 4199mW/4148mW
08-05-2026 05:31:53 RAM 4351/7620MB (lfb 15x4MB) SWAP 3112/12002MB (cached 59MB) CPU [0%@1728,9%@1728,0%@1728,0%@1728,0%@1728,0%@1728] GR3D_FREQ 99% cpu@71.406C soc2@70.281C soc0@70.781C gpu@73.187C tj@73.437C soc1@71.343C VDD_IN 17473mW/17306mW VDD_CPU_GPU_CV 7729mW/7634mW VDD_SOC 4199mW/4148mW
08-05-2026 05:31:53 RAM 4351/7620MB (lfb 15x4MB) SWAP 3112/12002MB (cached 59MB) CPU [0%@1728,0%@1728,0%@1728,0%@1728,0%@1728,0%@1728] GR3D_FREQ 99% cpu@71.406C soc2@70.343C soc0@70.875C gpu@73.562C tj@73.562C soc1@71.218C VDD_IN 17473mW/17307mW VDD_CPU_GPU_CV 7729mW/7635mW VDD_SOC 4199mW/4148mW
08-05-2026 05:31:53 RAM 4351/7620MB (lfb 15x4MB) SWAP 3112/12002MB (cached 59MB) CPU [0%@1728,0%@1728,0%@1728,0%@1728,0%@1728,0%@1728] GR3D_FREQ 99% cpu@71.531C soc2@70.25C soc0@70.656C gpu@73.468C tj@73.468C soc1@71.187C VDD_IN 17473mW/17307mW VDD_CPU_GPU_CV 7729mW/7635mW VDD_SOC 4199mW/4148mW
08-05-2026 05:31:54 RAM 4351/7620MB (lfb 15x4MB) SWAP 3112/12002MB (cached 59MB) CPU [0%@1728,0%@1728,0%@1728,8%@1728,0%@1728,0%@1728] GR3D_FREQ 99% cpu@71.593C soc2@70.281C soc0@70.687C gpu@73.25C tj@73.25C soc1@71.187C VDD_IN 17473mW/17308mW VDD_CPU_GPU_CV 7688mW/7635mW VDD_SOC 4199mW/4149mW
08-05-2026 05:31:54 RAM 4351/7620MB (lfb 15x4MB) SWAP 3112/12002MB (cached 59MB) CPU [9%@1728,0%@1728,8%@1728,0%@1728,10%@1728,0%@1728] GR3D_FREQ 99% cpu@71.343C soc2@70.343C soc0@70.781C gpu@73.562C tj@73.562C soc1@71.343C VDD_IN 17473mW/17309mW VDD_CPU_GPU_CV 7688mW/7635mW VDD_SOC 4199mW/4149mW
08-05-2026 05:31:54 RAM 4351/7620MB (lfb 15x4MB) SWAP 3112/12002MB (cached 59MB) CPU [0%@1728,0%@1728,11%@1728,0%@1728,9%@1728,0%@1728] GR3D_FREQ 99% cpu@71.468C soc2@70.375C soc0@71.031C gpu@73.562C tj@73.562C soc1@71.468C VDD_IN 17473mW/17309mW VDD_CPU_GPU_CV 7688mW/7636mW VDD_SOC 4199mW/4149mW
08-05-2026 05:31:54 RAM 4351/7620MB (lfb 15x4MB) SWAP 3112/12002MB (cached 59MB) CPU [0%@1728,0%@1728,8%@1728,0%@1728,0%@1728,0%@1728] GR3D_FREQ 99% cpu@71.437C soc2@70.343C soc0@70.687C gpu@73.718C tj@73.718C soc1@71.25C VDD_IN 17433mW/17310mW VDD_CPU_GPU_CV 7688mW/7636mW VDD_SOC 4199mW/4149mW
08-05-2026 05:31:54 RAM 4351/7620MB (lfb 15x4MB) SWAP 3112/12002MB (cached 59MB) CPU [0%@1728,0%@1728,0%@1728,0%@1728,0%@1728,0%@1728] GR3D_FREQ 99% cpu@71.531C soc2@70.218C soc0@70.75C gpu@73.5C tj@73.5C soc1@71.281C VDD_IN 17392mW/17310mW VDD_CPU_GPU_CV 7648mW/7636mW VDD_SOC 4199mW/4149mW
08-05-2026 05:31:54 RAM 4351/7620MB (lfb 15x4MB) SWAP 3112/12002MB (cached 59MB) CPU [0%@1728,0%@1728,0%@1728,0%@1728,0%@1728,0%@1728] GR3D_FREQ 99% cpu@71.25C soc2@70.218C soc0@70.781C gpu@73.062C tj@73.062C soc1@71.281C VDD_IN 17392mW/17310mW VDD_CPU_GPU_CV 7648mW/7636mW VDD_SOC 4199mW/4149mW
08-05-2026 05:31:54 RAM 4351/7620MB (lfb 15x4MB) SWAP 3112/12002MB (cached 59MB) CPU [0%@1728,0%@1728,9%@1728,0%@1728,0%@1728,0%@1728] GR3D_FREQ 99% cpu@71.406C soc2@70.312C soc0@70.843C gpu@73.531C tj@73.531C soc1@71.375C VDD_IN 17352mW/17310mW VDD_CPU_GPU_CV 7648mW/7636mW VDD_SOC 4199mW/4150mW
08-05-2026 05:31:54 RAM 4351/7620MB (lfb 15x4MB) SWAP 3112/12002MB (cached 59MB) CPU [0%@1728,0%@1728,0%@1728,0%@1728,0%@1728,0%@1728] GR3D_FREQ 99% cpu@71.437C soc2@70.343C soc0@70.875C gpu@73.437C tj@73.437C soc1@71.218C VDD_IN 17311mW/17310mW VDD_CPU_GPU_CV 7648mW/7636mW VDD_SOC 4159mW/4150mW
08-05-2026 05:31:54 RAM 4351/7620MB (lfb 15x4MB) SWAP 3112/12002MB (cached 59MB) CPU [0%@1728,0%@1728,10%@1728,0%@1728,0%@1728,0%@1728] GR3D_FREQ 99% cpu@71.531C soc2@70.156C soc0@70.843C gpu@73.281C tj@73.281C soc1@71.187C VDD_IN 17311mW/17310mW VDD_CPU_GPU_CV 7688mW/7636mW VDD_SOC 4159mW/4150mW
08-05-2026 05:31:54 RAM 4351/7620MB (lfb 15x4MB) SWAP 3112/12002MB (cached 59MB) CPU [0%@1728,0%@1728,0%@1728,0%@1728,0%@1728,0%@1728] GR3D_FREQ 99% cpu@71.687C soc2@70.25C soc0@70.843C gpu@73.812C tj@73.812C soc1@71.312C VDD_IN 17311mW/17310mW VDD_CPU_GPU_CV 7688mW/7636mW VDD_SOC 4119mW/4150mW
08-05-2026 05:31:55 RAM 4351/7620MB (lfb 15x4MB) SWAP 3112/12002MB (cached 59MB) CPU [0%@1728,0%@1728,0%@1728,0%@1728,0%@1728,0%@1728] GR3D_FREQ 99% cpu@71.343C soc2@70.25C soc0@70.781C gpu@73.656C tj@73.656C soc1@71.406C VDD_IN 17311mW/17310mW VDD_CPU_GPU_CV 7688mW/7636mW VDD_SOC 4119mW/4149mW
08-05-2026 05:31:55 RAM 4351/7620MB (lfb 15x4MB) SWAP 3112/12002MB (cached 59MB) CPU [0%@1728,0%@1728,9%@1728,9%@1728,18%@1728,0%@1728] GR3D_FREQ 99% cpu@71.343C soc2@70.343C soc0@70.875C gpu@73.312C tj@73.312C soc1@71.5C VDD_IN 17271mW/17310mW VDD_CPU_GPU_CV 7648mW/7637mW VDD_SOC 4119mW/4149mW
08-05-2026 05:31:55 RAM 4351/7620MB (lfb 15x4MB) SWAP 3112/12002MB (cached 59MB) CPU [0%@1728,0%@1728,0%@1728,0%@1728,0%@1728,0%@1728] GR3D_FREQ 99% cpu@71.5C soc2@70.343C soc0@70.75C gpu@73.593C tj@73.593C soc1@71.343C VDD_IN 17311mW/17310mW VDD_CPU_GPU_CV 7648mW/7637mW VDD_SOC 4119mW/4149mW
08-05-2026 05:31:55 RAM 4351/7620MB (lfb 15x4MB) SWAP 3112/12002MB (cached 59MB) CPU [0%@1728,0%@1728,0%@1728,0%@1728,0%@1728,0%@1728] GR3D_FREQ 99% cpu@71.562C soc2@70.25C soc0@70.781C gpu@73.531C tj@73.531C soc1@71.312C VDD_IN 17230mW/17310mW VDD_CPU_GPU_CV 7608mW/7636mW VDD_SOC 4119mW/4149mW
08-05-2026 05:31:55 RAM 4351/7620MB (lfb 15x4MB) SWAP 3112/12002MB (cached 59MB) CPU [0%@1728,0%@1728,0%@1728,10%@1728,0%@1728,0%@1728] GR3D_FREQ 99% cpu@71.375C soc2@70.312C soc0@70.906C gpu@73.062C tj@73.062C soc1@71.312C VDD_IN 17311mW/17310mW VDD_CPU_GPU_CV 7608mW/7636mW VDD_SOC 4119mW/4149mW
08-05-2026 05:31:55 RAM 4351/7620MB (lfb 15x4MB) SWAP 3112/12002MB (cached 59MB) CPU [8%@1728,0%@1728,0%@1728,0%@1728,0%@1728,0%@1728] GR3D_FREQ 99% cpu@71.5C soc2@70.281C soc0@70.812C gpu@73.531C tj@73.531C soc1@71.468C VDD_IN 17352mW/17310mW VDD_CPU_GPU_CV 7648mW/7636mW VDD_SOC 4159mW/4149mW
08-05-2026 05:31:55 RAM 4351/7620MB (lfb 15x4MB) SWAP 3112/12002MB (cached 59MB) CPU [0%@1728,0%@1728,0%@1728,0%@1728,0%@1728,0%@1728] GR3D_FREQ 99% cpu@71.343C soc2@70.343C soc0@71.093C gpu@73.25C tj@73.437C soc1@71.343C VDD_IN 17392mW/17311mW VDD_CPU_GPU_CV 7648mW/7636mW VDD_SOC 4159mW/4149mW
08-05-2026 05:31:55 RAM 4351/7620MB (lfb 15x4MB) SWAP 3112/12002MB (cached 59MB) CPU [0%@1728,0%@1728,0%@1728,0%@1728,0%@1728,0%@1728] GR3D_FREQ 99% cpu@71.718C soc2@70.281C soc0@70.906C gpu@73.218C tj@73.218C soc1@71.281C VDD_IN 17392mW/17311mW VDD_CPU_GPU_CV 7648mW/7636mW VDD_SOC 4159mW/4149mW
08-05-2026 05:31:55 RAM 4351/7620MB (lfb 15x4MB) SWAP 3112/12002MB (cached 59MB) CPU [0%@1728,0%@1728,0%@1728,0%@1728,0%@1728,0%@1728] GR3D_FREQ 99% cpu@71.812C soc2@70.343C soc0@70.875C gpu@73.656C tj@73.656C soc1@71.343C VDD_IN 17433mW/17311mW VDD_CPU_GPU_CV 7688mW/7637mW VDD_SOC 4159mW/4149mW
08-05-2026 05:31:56 RAM 4351/7620MB (lfb 15x4MB) SWAP 3112/12002MB (cached 59MB) CPU [0%@1728,0%@1728,0%@1728,0%@1728,0%@1728,0%@1728] GR3D_FREQ 99% cpu@71.562C soc2@70.406C soc0@70.937C gpu@73.406C tj@73.406C soc1@71.5C VDD_IN 17433mW/17312mW VDD_CPU_GPU_CV 7688mW/7637mW VDD_SOC 4159mW/4149mW
08-05-2026 05:31:56 RAM 4351/7620MB (lfb 15x4MB) SWAP 3112/12002MB (cached 59MB) CPU [16%@1728,0%@1728,9%@1728,9%@1728,9%@1728,0%@1728] GR3D_FREQ 99% cpu@71.625C soc2@70.343C soc0@70.906C gpu@73.656C tj@73.656C soc1@71.531C VDD_IN 17473mW/17312mW VDD_CPU_GPU_CV 7688mW/7637mW VDD_SOC 4199mW/4149mW
08-05-2026 05:31:56 RAM 4351/7620MB (lfb 15x4MB) SWAP 3112/12002MB (cached 59MB) CPU [0%@1728,0%@1728,10%@1728,0%@1728,0%@1728,0%@1728] GR3D_FREQ 99% cpu@71.687C soc2@70.281C soc0@70.812C gpu@73.625C tj@73.625C soc1@71.406C VDD_IN 17473mW/17313mW VDD_CPU_GPU_CV 7688mW/7637mW VDD_SOC 4199mW/4150mW
08-05-2026 05:31:56 RAM 4351/7620MB (lfb 15x4MB) SWAP 3112/12002MB (cached 59MB) CPU [0%@1728,0%@1728,0%@1728,0%@1728,0%@1728,0%@1728] GR3D_FREQ 99% cpu@71.718C soc2@70.312C soc0@70.843C gpu@73.343C tj@73.343C soc1@71.375C VDD_IN 17473mW/17313mW VDD_CPU_GPU_CV 7688mW/7637mW VDD_SOC 4199mW/4150mW
08-05-2026 05:31:56 RAM 4364/7620MB (lfb 15x4MB) SWAP 3112/12002MB (cached 59MB) CPU [0%@1728,9%@1728,0%@1728,27%@1728,0%@1728,0%@1728] GR3D_FREQ 99% cpu@71.468C soc2@70.375C soc0@70.906C gpu@73.843C tj@73.843C soc1@71.406C VDD_IN 17554mW/17314mW VDD_CPU_GPU_CV 7716mW/7638mW VDD_SOC 4199mW/4150mW
08-05-2026 05:31:56 RAM 4358/7620MB (lfb 15x4MB) SWAP 3112/12002MB (cached 59MB) CPU [0%@1728,9%@1728,0%@1728,0%@1728,0%@1728,0%@1728] GR3D_FREQ 99% cpu@71.593C soc2@70.406C soc0@71.031C gpu@73.718C tj@73.718C soc1@71.531C VDD_IN 17554mW/17315mW VDD_CPU_GPU_CV 7716mW/7638mW VDD_SOC 4199mW/4150mW
08-05-2026 05:31:56 RAM 4358/7620MB (lfb 15x4MB) SWAP 3112/12002MB (cached 59MB) CPU [0%@1728,0%@1728,0%@1728,0%@1728,0%@1728,0%@1728] GR3D_FREQ 99% cpu@71.625C soc2@70.468C soc0@71.125C gpu@73.343C tj@73.343C soc1@71.406C VDD_IN 17554mW/17316mW VDD_CPU_GPU_CV 7729mW/7638mW VDD_SOC 4199mW/4150mW
08-05-2026 05:31:56 RAM 4358/7620MB (lfb 15x4MB) SWAP 3112/12002MB (cached 59MB) CPU [0%@1728,0%@1728,0%@1728,0%@1728,0%@1728,0%@1728] GR3D_FREQ 99% cpu@71.875C soc2@70.312C soc0@70.843C gpu@73.781C tj@73.781C soc1@71.312C VDD_IN 17513mW/17316mW VDD_CPU_GPU_CV 7729mW/7639mW VDD_SOC 4199mW/4150mW
08-05-2026 05:31:56 RAM 4358/7620MB (lfb 15x4MB) SWAP 3112/12002MB (cached 59MB) CPU [0%@1728,0%@1728,18%@1728,0%@1728,0%@1728,0%@1728] GR3D_FREQ 99% cpu@71.468C soc2@70.343C soc0@70.843C gpu@73.437C tj@73.687C soc1@71.468C VDD_IN 17473mW/17317mW VDD_CPU_GPU_CV 7729mW/7639mW VDD_SOC 4199mW/4151mW
08-05-2026 05:31:56 RAM 4358/7620MB (lfb 15x4MB) SWAP 3112/12002MB (cached 59MB) CPU [0%@1728,0%@1728,0%@1728,0%@1728,0%@1728,0%@1728] GR3D_FREQ 99% cpu@71.531C soc2@70.343C soc0@70.906C gpu@73.343C tj@73.343C soc1@71.468C VDD_IN 17473mW/17317mW VDD_CPU_GPU_CV 7688mW/7639mW VDD_SOC 4199mW/4151mW
08-05-2026 05:31:57 RAM 4358/7620MB (lfb 15x4MB) SWAP 3112/12002MB (cached 59MB) CPU [0%@1728,0%@1728,0%@1728,0%@1728,0%@1728,0%@1728] GR3D_FREQ 99% cpu@71.625C soc2@70.437C soc0@71C gpu@73.781C tj@73.781C soc1@71.562C VDD_IN 17433mW/17318mW VDD_CPU_GPU_CV 7648mW/7639mW VDD_SOC 4199mW/4151mW
08-05-2026 05:31:57 RAM 4358/7620MB (lfb 15x4MB) SWAP 3112/12002MB (cached 59MB) CPU [0%@1728,9%@1728,0%@1728,0%@1728,9%@1728,0%@1728] GR3D_FREQ 99% cpu@71.656C soc2@70.437C soc0@70.843C gpu@73.281C tj@73.281C soc1@71.343C VDD_IN 17352mW/17318mW VDD_CPU_GPU_CV 7648mW/7639mW VDD_SOC 4159mW/4151mW
08-05-2026 05:31:57 RAM 4358/7620MB (lfb 15x4MB) SWAP 3112/12002MB (cached 59MB) CPU [8%@1728,9%@1728,0%@1728,0%@1728,9%@1728,0%@1728] GR3D_FREQ 99% cpu@71.812C soc2@70.343C soc0@70.875C gpu@73.218C tj@73.218C soc1@71.468C VDD_IN 17352mW/17318mW VDD_CPU_GPU_CV 7648mW/7639mW VDD_SOC 4159mW/4151mW
08-05-2026 05:31:57 RAM 4358/7620MB (lfb 15x4MB) SWAP 3112/12002MB (cached 59MB) CPU [0%@1728,9%@1728,0%@1728,0%@1728,0%@1728,0%@1728] GR3D_FREQ 99% cpu@71.562C soc2@70.375C soc0@70.906C gpu@73.687C tj@73.687C soc1@71.531C VDD_IN 17311mW/17318mW VDD_CPU_GPU_CV 7648mW/7639mW VDD_SOC 4159mW/4151mW
08-05-2026 05:31:57 RAM 4358/7620MB (lfb 15x4MB) SWAP 3112/12002MB (cached 59MB) CPU [0%@1728,0%@1728,18%@1728,0%@1728,0%@1728,0%@1728] GR3D_FREQ 99% cpu@71.531C soc2@70.406C soc0@71C gpu@73.531C tj@73.531C soc1@71.562C VDD_IN 17311mW/17318mW VDD_CPU_GPU_CV 7688mW/7639mW VDD_SOC 4119mW/4151mW
08-05-2026 05:31:57 RAM 4358/7620MB (lfb 15x4MB) SWAP 3112/12002MB (cached 59MB) CPU [9%@1728,0%@1728,8%@1728,0%@1728,0%@1728,0%@1728] GR3D_FREQ 99% cpu@71.687C soc2@70.468C soc0@70.843C gpu@73.468C tj@73.468C soc1@71.437C VDD_IN 17311mW/17318mW VDD_CPU_GPU_CV 7688mW/7639mW VDD_SOC 4119mW/4151mW
08-05-2026 05:31:57 RAM 4358/7620MB (lfb 15x4MB) SWAP 3112/12002MB (cached 59MB) CPU [0%@1728,8%@1728,0%@1728,0%@1728,0%@1728,0%@1728] GR3D_FREQ 99% cpu@71.812C soc2@70.343C soc0@70.906C gpu@73.812C tj@73.812C soc1@71.5C VDD_IN 17311mW/17318mW VDD_CPU_GPU_CV 7688mW/7640mW VDD_SOC 4119mW/4151mW
08-05-2026 05:31:57 RAM 4358/7620MB (lfb 15x4MB) SWAP 3112/12002MB (cached 59MB) CPU [0%@1728,0%@1728,0%@1728,0%@1728,0%@1728,0%@1728] GR3D_FREQ 99% cpu@71.406C soc2@70.437C soc0@70.906C gpu@73.468C tj@73.468C soc1@71.5C VDD_IN 17271mW/17318mW VDD_CPU_GPU_CV 7648mW/7640mW VDD_SOC 4119mW/4151mW
08-05-2026 05:31:57 RAM 4358/7620MB (lfb 15x4MB) SWAP 3112/12002MB (cached 59MB) CPU [0%@1728,0%@1728,0%@1728,0%@1728,0%@1728,0%@1728] GR3D_FREQ 99% cpu@71.5C soc2@70.437C soc0@70.968C gpu@73.906C tj@73.906C soc1@71.531C VDD_IN 17271mW/17318mW VDD_CPU_GPU_CV 7648mW/7640mW VDD_SOC 4119mW/4150mW
08-05-2026 05:31:58 RAM 4358/7620MB (lfb 15x4MB) SWAP 3112/12002MB (cached 59MB) CPU [0%@1728,0%@1728,0%@1728,0%@1728,0%@1728,0%@1728] GR3D_FREQ 99% cpu@71.687C soc2@70.375C soc0@71.093C gpu@73.687C tj@73.687C soc1@71.468C VDD_IN 17271mW/17318mW VDD_CPU_GPU_CV 7648mW/7640mW VDD_SOC 4119mW/4150mW
08-05-2026 05:31:58 RAM 4358/7620MB (lfb 15x4MB) SWAP 3112/12002MB (cached 59MB) CPU [16%@1728,0%@1728,10%@1728,0%@1728,9%@1728,0%@1728] GR3D_FREQ 99% cpu@72.156C soc2@70.343C soc0@70.937C gpu@73.25C tj@73.25C soc1@71.468C VDD_IN 17311mW/17318mW VDD_CPU_GPU_CV 7648mW/7640mW VDD_SOC 4159mW/4150mW
08-05-2026 05:31:58 RAM 4358/7620MB (lfb 15x4MB) SWAP 3112/12002MB (cached 59MB) CPU [0%@1728,0%@1728,0%@1728,0%@1728,20%@1728,0%@1728] GR3D_FREQ 99% cpu@71.843C soc2@70.437C soc0@70.968C gpu@73.812C tj@73.812C soc1@71.468C VDD_IN 17392mW/17318mW VDD_CPU_GPU_CV 7688mW/7640mW VDD_SOC 4159mW/4150mW
08-05-2026 05:31:58 RAM 4358/7620MB (lfb 15x4MB) SWAP 3112/12002MB (cached 59MB) CPU [0%@1728,0%@1728,0%@1728,9%@1728,60%@1728,0%@1728] GR3D_FREQ 99% cpu@71.656C soc2@70.468C soc0@71C gpu@73.593C tj@73.593C soc1@71.562C VDD_IN 17513mW/17318mW VDD_CPU_GPU_CV 7757mW/7640mW VDD_SOC 4159mW/4150mW
08-05-2026 05:31:58 RAM 4358/7620MB (lfb 15x4MB) SWAP 3112/12002MB (cached 59MB) CPU [0%@1728,0%@1728,0%@1728,0%@1728,0%@1728,0%@1728] GR3D_FREQ 99% cpu@71.687C soc2@70.5C soc0@71.031C gpu@73.531C tj@73.531C soc1@71.562C VDD_IN 17513mW/17319mW VDD_CPU_GPU_CV 7716mW/7640mW VDD_SOC 4159mW/4150mW
08-05-2026 05:31:58 RAM 4358/7620MB (lfb 15x4MB) SWAP 3112/12002MB (cached 59MB) CPU [0%@1728,0%@1728,0%@1728,0%@1728,0%@1728,0%@1728] GR3D_FREQ 99% cpu@71.718C soc2@70.593C soc0@71.156C gpu@73.906C tj@73.906C soc1@71.531C VDD_IN 17513mW/17320mW VDD_CPU_GPU_CV 7716mW/7641mW VDD_SOC 4199mW/4151mW
08-05-2026 05:31:58 RAM 4358/7620MB (lfb 15x4MB) SWAP 3112/12002MB (cached 59MB) CPU [0%@1728,0%@1728,0%@1728,0%@1728,0%@1728,0%@1728] GR3D_FREQ 99% cpu@71.906C soc2@70.437C soc0@70.906C gpu@73.468C tj@73.468C soc1@71.468C VDD_IN 17513mW/17320mW VDD_CPU_GPU_CV 7716mW/7641mW VDD_SOC 4199mW/4151mW
08-05-2026 05:31:58 RAM 4358/7620MB (lfb 15x4MB) SWAP 3112/12002MB (cached 59MB) CPU [0%@1728,0%@1728,0%@1728,0%@1728,0%@1728,0%@1728] GR3D_FREQ 99% cpu@71.593C soc2@70.437C soc0@71.062C gpu@73.406C tj@73.406C soc1@71.531C VDD_IN 17473mW/17321mW VDD_CPU_GPU_CV 7729mW/7641mW VDD_SOC 4199mW/4151mW
08-05-2026 05:31:58 RAM 4358/7620MB (lfb 15x4MB) SWAP 3112/12002MB (cached 59MB) CPU [0%@1728,0%@1728,18%@1728,0%@1728,0%@1728,0%@1728] GR3D_FREQ 99% cpu@71.656C soc2@70.531C soc0@71.031C gpu@73.875C tj@73.875C soc1@71.625C VDD_IN 17513mW/17321mW VDD_CPU_GPU_CV 7729mW/7642mW VDD_SOC 4199mW/4151mW
08-05-2026 05:31:58 RAM 4358/7620MB (lfb 15x4MB) SWAP 3112/12002MB (cached 59MB) CPU [0%@1728,0%@1728,0%@1728,0%@1728,0%@1728,0%@1728] GR3D_FREQ 99% cpu@71.718C soc2@70.5C soc0@71.093C gpu@73.5C tj@73.5C soc1@71.687C VDD_IN 17513mW/17322mW VDD_CPU_GPU_CV 7729mW/7642mW VDD_SOC 4199mW/4151mW
08-05-2026 05:31:59 RAM 4358/7620MB (lfb 15x4MB) SWAP 3112/12002MB (cached 59MB) CPU [0%@1728,0%@1728,0%@1728,0%@1728,0%@1728,0%@1728] GR3D_FREQ 99% cpu@71.718C soc2@70.5C soc0@71C gpu@73.5C tj@73.5C soc1@71.5C VDD_IN 17554mW/17323mW VDD_CPU_GPU_CV 7729mW/7642mW VDD_SOC 4199mW/4151mW
08-05-2026 05:31:59 RAM 4358/7620MB (lfb 15x4MB) SWAP 3111/12002MB (cached 59MB) CPU [9%@1728,9%@1728,0%@1728,0%@1728,18%@1728,0%@1728] GR3D_FREQ 99% cpu@71.593C soc2@70.5C soc0@71C gpu@73.812C tj@73.812C soc1@71.531C VDD_IN 17513mW/17323mW VDD_CPU_GPU_CV 7729mW/7642mW VDD_SOC 4199mW/4152mW
08-05-2026 05:31:59 RAM 4358/7620MB (lfb 15x4MB) SWAP 3111/12002MB (cached 59MB) CPU [0%@1728,0%@1728,0%@1728,0%@1728,0%@1728,0%@1728] GR3D_FREQ 99% cpu@71.531C soc2@70.5C soc0@71.031C gpu@73.5C tj@73.5C soc1@71.562C VDD_IN 17473mW/17324mW VDD_CPU_GPU_CV 7729mW/7643mW VDD_SOC 4199mW/4152mW
08-05-2026 05:31:59 RAM 4358/7620MB (lfb 15x4MB) SWAP 3111/12002MB (cached 59MB) CPU [0%@1728,0%@1728,0%@1728,0%@1728,0%@1728,0%@1728] GR3D_FREQ 99% cpu@71.75C soc2@70.531C soc0@71.218C gpu@73.531C tj@73.531C soc1@71.656C VDD_IN 17433mW/17324mW VDD_CPU_GPU_CV 7688mW/7643mW VDD_SOC 4199mW/4152mW
08-05-2026 05:31:59 RAM 4358/7620MB (lfb 15x4MB) SWAP 3111/12002MB (cached 59MB) CPU [0%@1728,0%@1728,10%@1728,9%@1728,0%@1728,0%@1728] GR3D_FREQ 99% cpu@71.75C soc2@70.562C soc0@71.218C gpu@73.437C tj@73.437C soc1@71.531C VDD_IN 17433mW/17324mW VDD_CPU_GPU_CV 7648mW/7643mW VDD_SOC 4199mW/4152mW
08-05-2026 05:31:59 RAM 4358/7620MB (lfb 15x4MB) SWAP 3111/12002MB (cached 59MB) CPU [0%@1728,0%@1728,0%@1728,0%@1728,0%@1728,0%@1728] GR3D_FREQ 99% cpu@71.812C soc2@70.468C soc0@71.062C gpu@73.312C tj@73.312C soc1@71.5C VDD_IN 17433mW/17325mW VDD_CPU_GPU_CV 7648mW/7643mW VDD_SOC 4199mW/4152mW
08-05-2026 05:31:59 RAM 4355/7620MB (lfb 15x4MB) SWAP 3111/12002MB (cached 59MB) CPU [10%@1728,0%@1728,25%@1728,0%@1728,9%@1728,0%@1728] GR3D_FREQ 99% cpu@71.812C soc2@70.531C soc0@71.031C gpu@73.812C tj@73.812C soc1@71.593C VDD_IN 17433mW/17325mW VDD_CPU_GPU_CV 7729mW/7643mW VDD_SOC 4199mW/4152mW
08-05-2026 05:31:59 RAM 4355/7620MB (lfb 15x4MB) SWAP 3111/12002MB (cached 59MB) CPU [0%@1728,0%@1728,0%@1728,0%@1728,0%@1728,0%@1728] GR3D_FREQ 99% cpu@71.718C soc2@70.593C soc0@71.062C gpu@73.5C tj@73.5C soc1@71.718C VDD_IN 17392mW/17325mW VDD_CPU_GPU_CV 7688mW/7643mW VDD_SOC 4159mW/4152mW
08-05-2026 05:31:59 RAM 4355/7620MB (lfb 15x4MB) SWAP 3111/12002MB (cached 59MB) CPU [0%@1728,0%@1728,0%@1728,0%@1728,0%@1728,0%@1728] GR3D_FREQ 99% cpu@71.75C soc2@70.625C soc0@71.218C gpu@73.5C tj@73.5C soc1@71.531C VDD_IN 17352mW/17325mW VDD_CPU_GPU_CV 7688mW/7643mW VDD_SOC 4159mW/4152mW
08-05-2026 05:32:00 RAM 4355/7620MB (lfb 15x4MB) SWAP 3111/12002MB (cached 59MB) CPU [0%@1728,0%@1728,0%@1728,0%@1728,0%@1728,0%@1728] GR3D_FREQ 99% cpu@71.812C soc2@70.468C soc0@71.031C gpu@74.031C tj@74.031C soc1@71.531C VDD_IN 17311mW/17325mW VDD_CPU_GPU_CV 7688mW/7643mW VDD_SOC 4119mW/4152mW
08-05-2026 05:32:00 RAM 4355/7620MB (lfb 15x4MB) SWAP 3111/12002MB (cached 59MB) CPU [9%@1728,0%@1728,18%@1728,9%@1728,9%@1728,0%@1728] GR3D_FREQ 99% cpu@71.812C soc2@70.531C soc0@71C gpu@73.531C tj@73.531C soc1@71.593C VDD_IN 17352mW/17325mW VDD_CPU_GPU_CV 7729mW/7644mW VDD_SOC 4159mW/4152mW
08-05-2026 05:32:00 RAM 4355/7620MB (lfb 15x4MB) SWAP 3111/12002MB (cached 59MB) CPU [0%@1728,0%@1728,0%@1728,0%@1728,0%@1728,0%@1728] GR3D_FREQ 99% cpu@71.75C soc2@70.5C soc0@71.093C gpu@73.531C tj@73.531C soc1@71.75C VDD_IN 17271mW/17325mW VDD_CPU_GPU_CV 7688mW/7644mW VDD_SOC 4119mW/4152mW
08-05-2026 05:32:00 RAM 4355/7620MB (lfb 15x4MB) SWAP 3111/12002MB (cached 59MB) CPU [0%@1728,0%@1728,0%@1728,0%@1728,9%@1728,0%@1728] GR3D_FREQ 99% cpu@71.781C soc2@70.562C soc0@71.218C gpu@73.843C tj@73.843C soc1@71.781C VDD_IN 17230mW/17325mW VDD_CPU_GPU_CV 7648mW/7644mW VDD_SOC 4119mW/4152mW
08-05-2026 05:32:00 RAM 4355/7620MB (lfb 15x4MB) SWAP 3111/12002MB (cached 59MB) CPU [0%@1728,0%@1728,9%@1728,0%@1728,0%@1728,0%@1728] GR3D_FREQ 99% cpu@71.843C soc2@70.593C soc0@70.968C gpu@73.468C tj@73.468C soc1@71.531C VDD_IN 17230mW/17325mW VDD_CPU_GPU_CV 7648mW/7644mW VDD_SOC 4119mW/4152mW
08-05-2026 05:32:00 RAM 4355/7620MB (lfb 15x4MB) SWAP 3111/12002MB (cached 59MB) CPU [0%@1728,0%@1728,0%@1728,0%@1728,0%@1728,0%@1728] GR3D_FREQ 99% cpu@72.031C soc2@70.437C soc0@70.968C gpu@73.312C tj@73.312C soc1@71.593C VDD_IN 17230mW/17324mW VDD_CPU_GPU_CV 7648mW/7644mW VDD_SOC 4159mW/4152mW
08-05-2026 05:32:00 RAM 4355/7620MB (lfb 15x4MB) SWAP 3111/12002MB (cached 59MB) CPU [0%@1728,0%@1728,8%@1728,0%@1728,0%@1728,9%@1728] GR3D_FREQ 99% cpu@71.531C soc2@70.5C soc0@71.062C gpu@73.781C tj@73.781C soc1@71.625C VDD_IN 17271mW/17324mW VDD_CPU_GPU_CV 7648mW/7644mW VDD_SOC 4159mW/4152mW
08-05-2026 05:32:00 RAM 4355/7620MB (lfb 15x4MB) SWAP 3111/12002MB (cached 59MB) CPU [0%@1728,0%@1728,0%@1728,10%@1728,0%@1728,0%@1728] GR3D_FREQ 96% cpu@72C soc2@70.531C soc0@71.093C gpu@73.437C tj@73.437C soc1@71.75C VDD_IN 17352mW/17324mW VDD_CPU_GPU_CV 7688mW/7644mW VDD_SOC 4159mW/4152mW
08-05-2026 05:32:00 RAM 4355/7620MB (lfb 15x4MB) SWAP 3111/12002MB (cached 59MB) CPU [0%@1728,0%@1728,0%@1728,0%@1728,0%@1728,0%@1728] GR3D_FREQ 99% cpu@71.843C soc2@70.687C soc0@71.343C gpu@73.5C tj@73.5C soc1@71.531C VDD_IN 17392mW/17325mW VDD_CPU_GPU_CV 7729mW/7644mW VDD_SOC 4159mW/4152mW
08-05-2026 05:32:00 RAM 4355/7620MB (lfb 15x4MB) SWAP 3111/12002MB (cached 59MB) CPU [0%@1728,0%@1728,0%@1728,0%@1728,0%@1728,0%@1728] GR3D_FREQ 99% cpu@71.906C soc2@70.656C soc0@71C gpu@73.75C tj@73.75C soc1@71.593C VDD_IN 17433mW/17325mW VDD_CPU_GPU_CV 7729mW/7645mW VDD_SOC 4159mW/4152mW
08-05-2026 05:32:01 RAM 4355/7620MB (lfb 15x4MB) SWAP 3111/12002MB (cached 59MB) CPU [0%@1728,0%@1728,9%@1728,0%@1728,0%@1728,0%@1728] GR3D_FREQ 99% cpu@71.75C soc2@70.5C soc0@71.156C gpu@73.625C tj@73.625C soc1@71.656C VDD_IN 17473mW/17325mW VDD_CPU_GPU_CV 7729mW/7645mW VDD_SOC 4199mW/4152mW
08-05-2026 05:32:01 RAM 4355/7620MB (lfb 15x4MB) SWAP 3111/12002MB (cached 59MB) CPU [9%@1728,8%@1728,0%@1728,0%@1728,9%@1728,0%@1728] GR3D_FREQ 99% cpu@71.625C soc2@70.531C soc0@71.093C gpu@73.468C tj@73.468C soc1@71.656C VDD_IN 17433mW/17326mW VDD_CPU_GPU_CV 7688mW/7645mW VDD_SOC 4199mW/4152mW
08-05-2026 05:32:01 RAM 4355/7620MB (lfb 15x4MB) SWAP 3111/12002MB (cached 59MB) CPU [0%@1728,0%@1728,0%@1728,0%@1728,0%@1728,0%@1728] GR3D_FREQ 99% cpu@71.937C soc2@70.625C soc0@71.25C gpu@73.593C tj@73.593C soc1@71.875C VDD_IN 17473mW/17326mW VDD_CPU_GPU_CV 7729mW/7645mW VDD_SOC 4199mW/4152mW
08-05-2026 05:32:01 RAM 4355/7620MB (lfb 15x4MB) SWAP 3111/12002MB (cached 59MB) CPU [0%@1728,0%@1728,0%@1728,0%@1728,9%@1728,0%@1728] GR3D_FREQ 99% cpu@71.906C soc2@70.656C soc0@71.062C gpu@73.562C tj@73.562C soc1@71.562C VDD_IN 17473mW/17326mW VDD_CPU_GPU_CV 7688mW/7645mW VDD_SOC 4199mW/4153mW
08-05-2026 05:32:01 RAM 4355/7620MB (lfb 15x4MB) SWAP 3111/12002MB (cached 59MB) CPU [0%@1728,0%@1728,0%@1728,20%@1728,0%@1728,0%@1728] GR3D_FREQ 99% cpu@71.718C soc2@70.562C soc0@71.093C gpu@74.031C tj@74.031C soc1@71.593C VDD_IN 17513mW/17327mW VDD_CPU_GPU_CV 7688mW/7645mW VDD_SOC 4199mW/4153mW
08-05-2026 05:32:01 RAM 4355/7620MB (lfb 15x4MB) SWAP 3111/12002MB (cached 59MB) CPU [8%@1728,0%@1728,0%@1728,0%@1728,0%@1728,0%@1728] GR3D_FREQ 99% cpu@71.625C soc2@70.531C soc0@71.093C gpu@73.593C tj@73.593C soc1@71.593C VDD_IN 17473mW/17327mW VDD_CPU_GPU_CV 7688mW/7646mW VDD_SOC 4199mW/4153mW
08-05-2026 05:32:01 RAM 4355/7620MB (lfb 15x4MB) SWAP 3111/12002MB (cached 59MB) CPU [0%@1728,0%@1728,0%@1728,0%@1728,0%@1728,0%@1728] GR3D_FREQ 99% cpu@71.812C soc2@70.656C soc0@71.25C gpu@73.656C tj@73.656C soc1@71.875C VDD_IN 17473mW/17328mW VDD_CPU_GPU_CV 7729mW/7646mW VDD_SOC 4199mW/4153mW
08-05-2026 05:32:01 RAM 4355/7620MB (lfb 15x4MB) SWAP 3111/12002MB (cached 59MB) CPU [0%@1728,9%@1728,0%@1728,0%@1728,0%@1728,0%@1728] GR3D_FREQ 99% cpu@71.812C soc2@70.625C soc0@71.343C gpu@73.718C tj@73.718C soc1@71.906C VDD_IN 17473mW/17328mW VDD_CPU_GPU_CV 7688mW/7646mW VDD_SOC 4199mW/4153mW
08-05-2026 05:32:01 RAM 4355/7620MB (lfb 15x4MB) SWAP 3111/12002MB (cached 59MB) CPU [0%@1728,0%@1728,0%@1728,0%@1728,0%@1728,0%@1728] GR3D_FREQ 99% cpu@71.968C soc2@70.562C soc0@71.062C gpu@73.625C tj@73.625C soc1@71.656C VDD_IN 17473mW/17329mW VDD_CPU_GPU_CV 7688mW/7646mW VDD_SOC 4199mW/4153mW
08-05-2026 05:32:02 RAM 4355/7620MB (lfb 15x4MB) SWAP 3111/12002MB (cached 59MB) CPU [0%@1728,0%@1728,0%@1728,0%@1728,0%@1728,0%@1728] GR3D_FREQ 99% cpu@71.812C soc2@70.593C soc0@71.093C gpu@73.625C tj@73.625C soc1@71.656C VDD_IN 17433mW/17329mW VDD_CPU_GPU_CV 7688mW/7646mW VDD_SOC 4199mW/4153mW
08-05-2026 05:32:02 RAM 4355/7620MB (lfb 15x4MB) SWAP 3111/12002MB (cached 59MB) CPU [16%@1728,0%@1728,0%@1728,11%@1728,9%@1728,0%@1728] GR3D_FREQ 99% cpu@71.812C soc2@70.562C soc0@71.218C gpu@73.531C tj@73.531C soc1@71.75C VDD_IN 17433mW/17329mW VDD_CPU_GPU_CV 7688mW/7646mW VDD_SOC 4199mW/4153mW
08-05-2026 05:32:02 RAM 4355/7620MB (lfb 15x4MB) SWAP 3111/12002MB (cached 59MB) CPU [8%@1728,0%@1728,0%@1728,0%@1728,0%@1728,0%@1728] GR3D_FREQ 99% cpu@71.843C soc2@70.593C soc0@71.187C gpu@73.531C tj@73.531C soc1@71.906C VDD_IN 17352mW/17329mW VDD_CPU_GPU_CV 7648mW/7646mW VDD_SOC 4159mW/4154mW
08-05-2026 05:32:02 RAM 4355/7620MB (lfb 15x4MB) SWAP 3111/12002MB (cached 59MB) CPU [0%@1728,0%@1728,0%@1728,0%@1728,0%@1728,0%@1728] GR3D_FREQ 99% cpu@71.937C soc2@70.562C soc0@71.093C gpu@73.437C tj@73.437C soc1@71.625C VDD_IN 17311mW/17329mW VDD_CPU_GPU_CV 7688mW/7646mW VDD_SOC 4159mW/4154mW
08-05-2026 05:32:02 RAM 4354/7620MB (lfb 15x4MB) SWAP 3111/12002MB (cached 59MB) CPU [0%@1728,0%@1728,0%@1728,0%@1728,0%@1728,0%@1728] GR3D_FREQ 99% cpu@71.718C soc2@70.656C soc0@71.125C gpu@73.781C tj@73.781C soc1@71.562C VDD_IN 17311mW/17329mW VDD_CPU_GPU_CV 7648mW/7646mW VDD_SOC 4119mW/4153mW
08-05-2026 05:32:02 RAM 4354/7620MB (lfb 15x4MB) SWAP 3111/12002MB (cached 59MB) CPU [0%@1728,0%@1728,9%@1728,0%@1728,0%@1728,0%@1728] GR3D_FREQ 99% cpu@71.593C soc2@70.562C soc0@71.093C gpu@73.718C tj@73.718C soc1@71.687C VDD_IN 17311mW/17329mW VDD_CPU_GPU_CV 7648mW/7646mW VDD_SOC 4119mW/4153mW
08-05-2026 05:32:02 RAM 4354/7620MB (lfb 15x4MB) SWAP 3111/12002MB (cached 59MB) CPU [0%@1728,0%@1728,0%@1728,0%@1728,0%@1728,0%@1728] GR3D_FREQ 99% cpu@71.843C soc2@70.593C soc0@71.187C gpu@73.656C tj@73.656C soc1@71.75C VDD_IN 17311mW/17329mW VDD_CPU_GPU_CV 7648mW/7646mW VDD_SOC 4119mW/4153mW
08-05-2026 05:32:02 RAM 4354/7620MB (lfb 15x4MB) SWAP 3111/12002MB (cached 59MB) CPU [0%@1728,0%@1728,20%@1728,0%@1728,0%@1728,0%@1728] GR3D_FREQ 99% cpu@71.937C soc2@70.687C soc0@71C gpu@73.656C tj@73.656C soc1@71.593C VDD_IN 17311mW/17329mW VDD_CPU_GPU_CV 7648mW/7646mW VDD_SOC 4159mW/4153mW
08-05-2026 05:32:02 RAM 4354/7620MB (lfb 15x4MB) SWAP 3111/12002MB (cached 59MB) CPU [0%@1728,0%@1728,0%@1728,0%@1728,0%@1728,0%@1728] GR3D_FREQ 99% cpu@72C soc2@70.468C soc0@71.062C gpu@73.531C tj@73.531C soc1@71.625C VDD_IN 17311mW/17329mW VDD_CPU_GPU_CV 7648mW/7646mW VDD_SOC 4159mW/4153mW
08-05-2026 05:32:02 RAM 4353/7620MB (lfb 15x4MB) SWAP 3111/12002MB (cached 59MB) CPU [0%@1728,11%@1728,0%@1728,9%@1728,9%@1728,0%@1728] GR3D_FREQ 99% cpu@71.812C soc2@70.531C soc0@71.062C gpu@73.562C tj@73.562C soc1@71.593C VDD_IN 17392mW/17329mW VDD_CPU_GPU_CV 7688mW/7647mW VDD_SOC 4159mW/4153mW
08-05-2026 05:32:03 RAM 4353/7620MB (lfb 15x4MB) SWAP 3111/12002MB (cached 59MB) CPU [0%@1728,0%@1728,0%@1728,0%@1728,0%@1728,0%@1728] GR3D_FREQ 99% cpu@71.781C soc2@70.5C soc0@71.125C gpu@73.5C tj@73.5C soc1@71.625C VDD_IN 17352mW/17329mW VDD_CPU_GPU_CV 7648mW/7647mW VDD_SOC 4159mW/4153mW
08-05-2026 05:32:03 RAM 4353/7620MB (lfb 15x4MB) SWAP 3111/12002MB (cached 59MB) CPU [0%@1728,0%@1728,0%@1728,0%@1728,18%@1728,8%@1728] GR3D_FREQ 99% cpu@71.906C soc2@70.656C soc0@71.281C gpu@73.375C tj@73.375C soc1@71.843C VDD_IN 17352mW/17329mW VDD_CPU_GPU_CV 7648mW/7647mW VDD_SOC 4159mW/4153mW
08-05-2026 05:32:03 RAM 4353/7620MB (lfb 15x4MB) SWAP 3111/12002MB (cached 59MB) CPU [0%@1728,0%@1728,0%@1728,0%@1728,0%@1728,0%@1728] GR3D_FREQ 99% cpu@72.031C soc2@70.75C soc0@71.156C gpu@73.562C tj@73.562C soc1@71.531C VDD_IN 17392mW/17330mW VDD_CPU_GPU_CV 7688mW/7647mW VDD_SOC 4159mW/4153mW
08-05-2026 05:32:03 RAM 4353/7620MB (lfb 15x4MB) SWAP 3111/12002MB (cached 59MB) CPU [0%@1728,0%@1728,0%@1728,9%@1728,0%@1728,0%@1728] GR3D_FREQ 96% cpu@71.75C soc2@70.562C soc0@71.156C gpu@73.562C tj@73.562C soc1@71.593C VDD_IN 17433mW/17330mW VDD_CPU_GPU_CV 7688mW/7647mW VDD_SOC 4159mW/4153mW
08-05-2026 05:32:03 RAM 4353/7620MB (lfb 15x4MB) SWAP 3111/12002MB (cached 59MB) CPU [0%@1728,0%@1728,0%@1728,9%@1728,0%@1728,0%@1728] GR3D_FREQ 99% cpu@71.625C soc2@70.531C soc0@71.156C gpu@73.531C tj@73.531C soc1@71.625C VDD_IN 17473mW/17330mW VDD_CPU_GPU_CV 7729mW/7647mW VDD_SOC 4199mW/4153mW
08-05-2026 05:32:03 RAM 4353/7620MB (lfb 15x4MB) SWAP 3111/12002MB (cached 59MB) CPU [0%@1728,0%@1728,0%@1728,0%@1728,0%@1728,0%@1728] GR3D_FREQ 99% cpu@71.812C soc2@70.625C soc0@71.156C gpu@73.656C tj@73.656C soc1@71.781C VDD_IN 17513mW/17331mW VDD_CPU_GPU_CV 7729mW/7647mW VDD_SOC 4199mW/4154mW
08-05-2026 05:32:03 RAM 4353/7620MB (lfb 15x4MB) SWAP 3111/12002MB (cached 59MB) CPU [0%@1728,0%@1728,0%@1728,0%@1728,0%@1728,0%@1728] GR3D_FREQ 99% cpu@71.718C soc2@70.593C soc0@70.906C gpu@73.625C tj@73.625C soc1@71.5C VDD_IN 17473mW/17331mW VDD_CPU_GPU_CV 7729mW/7647mW VDD_SOC 4199mW/4154mW
08-05-2026 05:32:03 RAM 4353/7620MB (lfb 15x4MB) SWAP 3111/12002MB (cached 59MB) CPU [0%@1728,0%@1728,0%@1728,0%@1728,0%@1728,0%@1728] GR3D_FREQ 99% cpu@71.906C soc2@70.468C soc0@70.968C gpu@73.531C tj@73.531C soc1@71.531C VDD_IN 17473mW/17332mW VDD_CPU_GPU_CV 7729mW/7648mW VDD_SOC 4199mW/4154mW
08-05-2026 05:32:03 RAM 4353/7620MB (lfb 15x4MB) SWAP 3111/12002MB (cached 59MB) CPU [0%@1728,0%@1728,0%@1728,0%@1728,0%@1728,0%@1728] GR3D_FREQ 99% cpu@71.593C soc2@70.468C soc0@71.125C gpu@73.656C tj@73.656C soc1@71.562C VDD_IN 17473mW/17332mW VDD_CPU_GPU_CV 7729mW/7648mW VDD_SOC 4199mW/4154mW
08-05-2026 05:32:04 RAM 4353/7620MB (lfb 15x4MB) SWAP 3111/12002MB (cached 59MB) CPU [0%@1728,0%@1728,0%@1728,0%@1728,0%@1728,0%@1728] GR3D_FREQ 99% cpu@71.531C soc2@70.593C soc0@71.312C gpu@73.531C tj@73.531C soc1@71.656C VDD_IN 17473mW/17332mW VDD_CPU_GPU_CV 7729mW/7648mW VDD_SOC 4199mW/4154mW
08-05-2026 05:32:04 RAM 4353/7620MB (lfb 15x4MB) SWAP 3111/12002MB (cached 59MB) CPU [0%@1728,9%@1728,9%@1728,18%@1728,0%@1728,0%@1728] GR3D_FREQ 99% cpu@71.843C soc2@70.593C soc0@71.187C gpu@73.75C tj@73.75C soc1@71.843C VDD_IN 17513mW/17333mW VDD_CPU_GPU_CV 7729mW/7648mW VDD_SOC 4199mW/4154mW
08-05-2026 05:32:04 RAM 4353/7620MB (lfb 15x4MB) SWAP 3111/12002MB (cached 59MB) CPU [0%@1728,0%@1728,0%@1728,0%@1728,0%@1728,0%@1728] GR3D_FREQ 99% cpu@72.031C soc2@70.5C soc0@70.937C gpu@73.687C tj@73.687C soc1@71.531C VDD_IN 17473mW/17333mW VDD_CPU_GPU_CV 7688mW/7648mW VDD_SOC 4199mW/4154mW
08-05-2026 05:32:04 RAM 4353/7620MB (lfb 15x4MB) SWAP 3111/12002MB (cached 59MB) CPU [0%@1728,0%@1728,0%@1728,0%@1728,8%@1728,0%@1728] GR3D_FREQ 99% cpu@71.718C soc2@70.5C soc0@71C gpu@73.593C tj@73.593C soc1@71.625C VDD_IN 17473mW/17334mW VDD_CPU_GPU_CV 7688mW/7649mW VDD_SOC 4199mW/4154mW
08-05-2026 05:32:04 RAM 4353/7620MB (lfb 15x4MB) SWAP 3111/12002MB (cached 59MB) CPU [0%@1728,9%@1728,0%@1728,0%@1728,0%@1728,0%@1728] GR3D_FREQ 99% cpu@71.656C soc2@70.562C soc0@71.125C gpu@73.687C tj@73.687C soc1@71.625C VDD_IN 17392mW/17334mW VDD_CPU_GPU_CV 7648mW/7649mW VDD_SOC 4199mW/4155mW
08-05-2026 05:32:04 RAM 4353/7620MB (lfb 15x4MB) SWAP 3111/12002MB (cached 59MB) CPU [8%@1728,0%@1728,0%@1728,0%@1728,0%@1728,0%@1728] GR3D_FREQ 99% cpu@71.562C soc2@70.625C soc0@71.187C gpu@73.531C tj@73.531C soc1@71.687C VDD_IN 17392mW/17334mW VDD_CPU_GPU_CV 7648mW/7649mW VDD_SOC 4199mW/4155mW
08-05-2026 05:32:04 RAM 4353/7620MB (lfb 15x4MB) SWAP 3111/12002MB (cached 59MB) CPU [0%@1728,0%@1728,0%@1728,0%@1728,9%@1728,0%@1728] GR3D_FREQ 99% cpu@71.906C soc2@70.625C soc0@71.031C gpu@73.406C tj@73.406C soc1@71.593C VDD_IN 17352mW/17334mW VDD_CPU_GPU_CV 7648mW/7649mW VDD_SOC 4199mW/4155mW
08-05-2026 05:32:04 RAM 4353/7620MB (lfb 15x4MB) SWAP 3111/12002MB (cached 59MB) CPU [0%@1728,0%@1728,0%@1728,18%@1728,0%@1728,0%@1728] GR3D_FREQ 99% cpu@71.656C soc2@70.531C soc0@71.093C gpu@73.625C tj@73.625C soc1@71.625C VDD_IN 17352mW/17334mW VDD_CPU_GPU_CV 7688mW/7649mW VDD_SOC 4159mW/4155mW
08-05-2026 05:32:04 RAM 4353/7620MB (lfb 15x4MB) SWAP 3111/12002MB (cached 59MB) CPU [0%@1728,0%@1728,0%@1728,0%@1728,0%@1728,0%@1728] GR3D_FREQ 99% cpu@71.562C soc2@70.468C soc0@71.156C gpu@73.656C tj@73.656C soc1@71.593C VDD_IN 17311mW/17334mW VDD_CPU_GPU_CV 7688mW/7649mW VDD_SOC 4159mW/4155mW
08-05-2026 05:32:04 RAM 4353/7620MB (lfb 15x4MB) SWAP 3111/12002MB (cached 59MB) CPU [0%@1728,0%@1728,0%@1728,0%@1728,0%@1728,0%@1728] GR3D_FREQ 99% cpu@71.593C soc2@70.562C soc0@71.125C gpu@73.968C tj@73.968C soc1@71.625C VDD_IN 17311mW/17334mW VDD_CPU_GPU_CV 7688mW/7649mW VDD_SOC 4119mW/4155mW
08-05-2026 05:32:05 RAM 4353/7620MB (lfb 15x4MB) SWAP 3111/12002MB (cached 59MB) CPU [0%@1728,0%@1728,0%@1728,0%@1728,0%@1728,0%@1728] GR3D_FREQ 99% cpu@71.875C soc2@70.562C soc0@71.25C gpu@73.75C tj@73.75C soc1@71.531C VDD_IN 17311mW/17334mW VDD_CPU_GPU_CV 7688mW/7649mW VDD_SOC 4119mW/4155mW
08-05-2026 05:32:05 RAM 4353/7620MB (lfb 15x4MB) SWAP 3111/12002MB (cached 59MB) CPU [9%@1728,0%@1728,0%@1728,0%@1728,10%@1728,0%@1728] GR3D_FREQ 99% cpu@72.062C soc2@70.5C soc0@71.031C gpu@73.687C tj@73.687C soc1@71.625C VDD_IN 17311mW/17334mW VDD_CPU_GPU_CV 7688mW/7649mW VDD_SOC 4119mW/4155mW
08-05-2026 05:32:05 RAM 4352/7620MB (lfb 15x4MB) SWAP 3111/12002MB (cached 59MB) CPU [0%@1728,0%@1728,0%@1728,8%@1728,0%@1728,0%@1728] GR3D_FREQ 99% cpu@71.656C soc2@70.5C soc0@71.062C gpu@73.781C tj@73.781C soc1@71.562C VDD_IN 17271mW/17334mW VDD_CPU_GPU_CV 7648mW/7649mW VDD_SOC 4119mW/4154mW
08-05-2026 05:32:05 RAM 4353/7620MB (lfb 15x4MB) SWAP 3110/12002MB (cached 59MB) CPU [7%@1728,9%@1728,0%@1728,20%@1728,0%@1728,0%@1728] GR3D_FREQ 99% cpu@71.75C soc2@70.562C soc0@71.125C gpu@73.656C tj@73.656C soc1@71.656C VDD_IN 17271mW/17333mW VDD_CPU_GPU_CV 7648mW/7649mW VDD_SOC 4159mW/4154mW
08-05-2026 05:32:05 RAM 4353/7620MB (lfb 15x4MB) SWAP 3110/12002MB (cached 59MB) CPU [9%@1728,0%@1728,0%@1728,0%@1728,0%@1728,0%@1728] GR3D_FREQ 99% cpu@71.687C soc2@70.656C soc0@71.218C gpu@73.531C tj@73.531C soc1@71.718C VDD_IN 17271mW/17333mW VDD_CPU_GPU_CV 7648mW/7649mW VDD_SOC 4159mW/4154mW
08-05-2026 05:32:05 RAM 4353/7620MB (lfb 15x4MB) SWAP 3110/12002MB (cached 59MB) CPU [0%@1728,0%@1728,8%@1728,0%@1728,0%@1728,0%@1728] GR3D_FREQ 99% cpu@72C soc2@70.656C soc0@71.125C gpu@73.531C tj@73.531C soc1@71.562C VDD_IN 17311mW/17333mW VDD_CPU_GPU_CV 7648mW/7649mW VDD_SOC 4159mW/4155mW
08-05-2026 05:32:05 RAM 4353/7620MB (lfb 15x4MB) SWAP 3110/12002MB (cached 59MB) CPU [0%@1728,0%@1728,0%@1728,0%@1728,0%@1728,0%@1728] GR3D_FREQ 99% cpu@71.75C soc2@70.5C soc0@71.031C gpu@73.593C tj@73.593C soc1@71.593C VDD_IN 17352mW/17333mW VDD_CPU_GPU_CV 7688mW/7649mW VDD_SOC 4159mW/4155mW
08-05-2026 05:32:05 RAM 4353/7620MB (lfb 15x4MB) SWAP 3110/12002MB (cached 59MB) CPU [0%@1728,0%@1728,0%@1728,0%@1728,0%@1728,0%@1728] GR3D_FREQ 99% cpu@71.656C soc2@70.593C soc0@71.218C gpu@73.437C tj@73.437C soc1@71.718C VDD_IN 17352mW/17333mW VDD_CPU_GPU_CV 7688mW/7649mW VDD_SOC 4159mW/4155mW
08-05-2026 05:32:05 RAM 4353/7620MB (lfb 15x4MB) SWAP 3110/12002MB (cached 59MB) CPU [0%@1728,0%@1728,0%@1728,9%@1728,0%@1728,0%@1728] GR3D_FREQ 99% cpu@71.75C soc2@70.562C soc0@71.218C gpu@73.687C tj@73.687C soc1@71.75C VDD_IN 17392mW/17333mW VDD_CPU_GPU_CV 7688mW/7649mW VDD_SOC 4159mW/4155mW
08-05-2026 05:32:06 RAM 4353/7620MB (lfb 15x4MB) SWAP 3110/12002MB (cached 59MB) CPU [0%@1728,0%@1728,0%@1728,18%@1728,0%@1728,0%@1728] GR3D_FREQ 97% cpu@72.062C soc2@70.531C soc0@71.156C gpu@73.75C tj@73.75C soc1@71.531C VDD_IN 17473mW/17334mW VDD_CPU_GPU_CV 7729mW/7650mW VDD_SOC 4199mW/4155mW
08-05-2026 05:32:06 RAM 4352/7620MB (lfb 15x4MB) SWAP 3110/12002MB (cached 59MB) CPU [0%@1728,0%@1728,0%@1728,0%@1728,0%@1728,0%@1728] GR3D_FREQ 99% cpu@72C soc2@70.5C soc0@71.031C gpu@73.843C tj@73.843C soc1@71.656C VDD_IN 17513mW/17334mW VDD_CPU_GPU_CV 7716mW/7650mW VDD_SOC 4199mW/4155mW
08-05-2026 05:32:06 RAM 4354/7620MB (lfb 15x4MB) SWAP 3110/12002MB (cached 59MB) CPU [9%@1728,20%@1728,9%@1728,0%@1728,20%@1728,9%@1728] GR3D_FREQ 99% cpu@71.718C soc2@70.468C soc0@71.093C gpu@73.687C tj@73.687C soc1@71.593C VDD_IN 17513mW/17335mW VDD_CPU_GPU_CV 7757mW/7650mW VDD_SOC 4199mW/4155mW
08-05-2026 05:32:06 RAM 4354/7620MB (lfb 15x4MB) SWAP 3110/12002MB (cached 59MB) CPU [9%@1728,0%@1728,0%@1728,0%@1728,0%@1728,0%@1728] GR3D_FREQ 99% cpu@71.687C soc2@70.531C soc0@71.093C gpu@73.593C tj@73.593C soc1@71.656C VDD_IN 17513mW/17335mW VDD_CPU_GPU_CV 7757mW/7650mW VDD_SOC 4199mW/4155mW
08-05-2026 05:32:06 RAM 4354/7620MB (lfb 15x4MB) SWAP 3110/12002MB (cached 59MB) CPU [0%@1728,0%@1728,0%@1728,0%@1728,0%@1728,0%@1728] GR3D_FREQ 99% cpu@71.625C soc2@70.562C soc0@71.156C gpu@73.906C tj@73.906C soc1@71.718C VDD_IN 17513mW/17336mW VDD_CPU_GPU_CV 7716mW/7651mW VDD_SOC 4199mW/4155mW
08-05-2026 05:32:06 RAM 4354/7620MB (lfb 15x4MB) SWAP 3110/12002MB (cached 59MB) CPU [0%@1728,0%@1728,0%@1728,0%@1728,0%@1728,0%@1728] GR3D_FREQ 99% cpu@72.062C soc2@70.656C soc0@71.187C gpu@73.718C tj@73.718C soc1@71.5C VDD_IN 17513mW/17336mW VDD_CPU_GPU_CV 7716mW/7651mW VDD_SOC 4199mW/4155mW
08-05-2026 05:32:06 RAM 4354/7620MB (lfb 15x4MB) SWAP 3110/12002MB (cached 59MB) CPU [0%@1728,8%@1728,0%@1728,0%@1728,0%@1728,0%@1728] GR3D_FREQ 99% cpu@71.75C soc2@70.562C soc0@71C gpu@73.656C tj@73.656C soc1@71.5C VDD_IN 17513mW/17337mW VDD_CPU_GPU_CV 7716mW/7651mW VDD_SOC 4199mW/4155mW
08-05-2026 05:32:06 RAM 4354/7620MB (lfb 15x4MB) SWAP 3110/12002MB (cached 59MB) CPU [0%@1728,0%@1728,0%@1728,18%@1728,0%@1728,0%@1728] GR3D_FREQ 99% cpu@71.656C soc2@70.5C soc0@71.062C gpu@73.875C tj@73.875C soc1@71.593C VDD_IN 17473mW/17337mW VDD_CPU_GPU_CV 7729mW/7651mW VDD_SOC 4199mW/4155mW
08-05-2026 05:32:06 RAM 4354/7620MB (lfb 15x4MB) SWAP 3110/12002MB (cached 59MB) CPU [0%@1728,0%@1728,0%@1728,0%@1728,0%@1728,0%@1728] GR3D_FREQ 99% cpu@71.625C soc2@70.531C soc0@70.937C gpu@73.781C tj@73.781C soc1@71.656C VDD_IN 17473mW/17337mW VDD_CPU_GPU_CV 7729mW/7651mW VDD_SOC 4199mW/4156mW
08-05-2026 05:32:06 RAM 4354/7620MB (lfb 15x4MB) SWAP 3110/12002MB (cached 59MB) CPU [0%@1728,0%@1728,0%@1728,0%@1728,0%@1728,0%@1728] GR3D_FREQ 99% cpu@71.625C soc2@70.468C soc0@71.25C gpu@73.843C tj@73.843C soc1@71.718C VDD_IN 17473mW/17338mW VDD_CPU_GPU_CV 7688mW/7651mW VDD_SOC 4199mW/4156mW
08-05-2026 05:32:07 RAM 4354/7620MB (lfb 15x4MB) SWAP 3110/12002MB (cached 59MB) CPU [0%@1728,0%@1728,0%@1728,0%@1728,0%@1728,0%@1728] GR3D_FREQ 99% cpu@71.593C soc2@70.531C soc0@70.937C gpu@73.656C tj@73.656C soc1@71.531C VDD_IN 17433mW/17338mW VDD_CPU_GPU_CV 7648mW/7651mW VDD_SOC 4199mW/4156mW
08-05-2026 05:32:07 RAM 4354/7620MB (lfb 15x4MB) SWAP 3110/12002MB (cached 59MB) CPU [9%@1728,16%@1728,0%@1728,0%@1728,0%@1728,10%@1728] GR3D_FREQ 99% cpu@71.468C soc2@70.406C soc0@70.968C gpu@73.437C tj@73.437C soc1@71.562C VDD_IN 17392mW/17338mW VDD_CPU_GPU_CV 7648mW/7651mW VDD_SOC 4199mW/4156mW
08-05-2026 05:32:07 RAM 4354/7620MB (lfb 15x4MB) SWAP 3110/12002MB (cached 59MB) CPU [9%@1728,0%@1728,0%@1728,0%@1728,0%@1728,0%@1728] GR3D_FREQ 99% cpu@71.468C soc2@70.406C soc0@71.031C gpu@73.656C tj@73.656C soc1@71.5C VDD_IN 17352mW/17338mW VDD_CPU_GPU_CV 7648mW/7651mW VDD_SOC 4159mW/4156mW
08-05-2026 05:32:07 RAM 4354/7620MB (lfb 15x4MB) SWAP 3110/12002MB (cached 59MB) CPU [0%@1728,0%@1728,0%@1728,18%@1728,0%@1728,0%@1728] GR3D_FREQ 99% cpu@71.625C soc2@70.468C soc0@71.093C gpu@73.656C tj@73.656C soc1@71.625C VDD_IN 17311mW/17338mW VDD_CPU_GPU_CV 7688mW/7651mW VDD_SOC 4119mW/4156mW
08-05-2026 05:32:07 RAM 4354/7620MB (lfb 15x4MB) SWAP 3110/12002MB (cached 59MB) CPU [0%@1728,0%@1728,0%@1728,0%@1728,0%@1728,0%@1728] GR3D_FREQ 99% cpu@71.812C soc2@70.468C soc0@71.062C gpu@73.687C tj@73.687C soc1@71.437C VDD_IN 17311mW/17338mW VDD_CPU_GPU_CV 7648mW/7651mW VDD_SOC 4119mW/4156mW
08-05-2026 05:32:07 RAM 4354/7620MB (lfb 15x4MB) SWAP 3110/12002MB (cached 59MB) CPU [9%@1728,0%@1728,0%@1728,0%@1728,0%@1728,0%@1728] GR3D_FREQ 99% cpu@71.468C soc2@70.406C soc0@70.968C gpu@73.781C tj@73.781C soc1@71.5C VDD_IN 17311mW/17338mW VDD_CPU_GPU_CV 7648mW/7651mW VDD_SOC 4119mW/4156mW
08-05-2026 05:32:07 RAM 4354/7620MB (lfb 15x4MB) SWAP 3110/12002MB (cached 59MB) CPU [0%@1728,0%@1728,0%@1728,8%@1728,0%@1728,0%@1728] GR3D_FREQ 99% cpu@71.375C soc2@70.375C soc0@71C gpu@73.687C tj@73.687C soc1@71.5C VDD_IN 17311mW/17338mW VDD_CPU_GPU_CV 7688mW/7651mW VDD_SOC 4119mW/4156mW
08-05-2026 05:32:07 RAM 4354/7620MB (lfb 15x4MB) SWAP 3110/12002MB (cached 59MB) CPU [0%@1728,0%@1728,0%@1728,0%@1728,0%@1728,0%@1728] GR3D_FREQ 99% cpu@71.5C soc2@70.375C soc0@70.968C gpu@73.781C tj@73.781C soc1@71.531C VDD_IN 17311mW/17338mW VDD_CPU_GPU_CV 7648mW/7651mW VDD_SOC 4119mW/4155mW
08-05-2026 05:32:07 RAM 4354/7620MB (lfb 15x4MB) SWAP 3110/12002MB (cached 59MB) CPU [0%@1728,0%@1728,0%@1728,0%@1728,0%@1728,0%@1728] GR3D_FREQ 99% cpu@71.437C soc2@70.468C soc0@71.031C gpu@73.656C tj@73.656C soc1@71.656C VDD_IN 17271mW/17338mW VDD_CPU_GPU_CV 7648mW/7651mW VDD_SOC 4119mW/4155mW
08-05-2026 05:32:08 RAM 4354/7620MB (lfb 15x4MB) SWAP 3110/12002MB (cached 59MB) CPU [0%@1728,0%@1728,0%@1728,10%@1728,0%@1728,0%@1728] GR3D_FREQ 99% cpu@71.562C soc2@70.468C soc0@70.875C gpu@73.437C tj@73.437C soc1@71.437C VDD_IN 17271mW/17337mW VDD_CPU_GPU_CV 7648mW/7651mW VDD_SOC 4159mW/4155mW
08-05-2026 05:32:08 RAM 4354/7620MB (lfb 15x4MB) SWAP 3110/12002MB (cached 59MB) CPU [0%@1728,0%@1728,0%@1728,0%@1728,0%@1728,0%@1728] GR3D_FREQ 99% cpu@71.468C soc2@70.343C soc0@71C gpu@73.656C tj@73.656C soc1@71.437C VDD_IN 17311mW/17337mW VDD_CPU_GPU_CV 7648mW/7651mW VDD_SOC 4159mW/4155mW
08-05-2026 05:32:08 RAM 4354/7620MB (lfb 15x4MB) SWAP 3110/12002MB (cached 59MB) CPU [0%@1728,0%@1728,0%@1728,0%@1728,0%@1728,9%@1728] GR3D_FREQ 99% cpu@71.406C soc2@70.437C soc0@70.906C gpu@73.531C tj@73.531C soc1@71.5C VDD_IN 17311mW/17337mW VDD_CPU_GPU_CV 7648mW/7651mW VDD_SOC 4159mW/4155mW
08-05-2026 05:32:08 RAM 4354/7620MB (lfb 15x4MB) SWAP 3110/12002MB (cached 59MB) CPU [0%@1728,0%@1728,0%@1728,0%@1728,0%@1728,90%@1728] GR3D_FREQ 99% cpu@71.531C soc2@70.375C soc0@71.031C gpu@73.406C tj@73.406C soc1@71.593C VDD_IN 17513mW/17338mW VDD_CPU_GPU_CV 7769mW/7652mW VDD_SOC 4159mW/4155mW
08-05-2026 05:32:08 RAM 4354/7620MB (lfb 15x4MB) SWAP 3110/12002MB (cached 59MB) CPU [0%@1728,0%@1728,0%@1728,0%@1728,0%@1728,9%@1728] GR3D_FREQ 99% cpu@71.5C soc2@70.5C soc0@71.156C gpu@73.812C tj@73.812C soc1@71.687C VDD_IN 17513mW/17338mW VDD_CPU_GPU_CV 7769mW/7652mW VDD_SOC 4159mW/4155mW
08-05-2026 05:32:08 RAM 4354/7620MB (lfb 15x4MB) SWAP 3110/12002MB (cached 59MB) CPU [0%@1728,0%@1728,0%@1728,0%@1728,0%@1728,0%@1728] GR3D_FREQ 99% cpu@71.625C soc2@70.406C soc0@70.875C gpu@73.625C tj@73.625C soc1@71.406C VDD_IN 17513mW/17339mW VDD_CPU_GPU_CV 7769mW/7652mW VDD_SOC 4199mW/4156mW
08-05-2026 05:32:08 RAM 4354/7620MB (lfb 15x4MB) SWAP 3110/12002MB (cached 59MB) CPU [0%@1728,0%@1728,0%@1728,8%@1728,0%@1728,0%@1728] GR3D_FREQ 99% cpu@71.437C soc2@70.343C soc0@70.843C gpu@73.312C tj@73.312C soc1@71.531C VDD_IN 17554mW/17339mW VDD_CPU_GPU_CV 7769mW/7653mW VDD_SOC 4199mW/4156mW
08-05-2026 05:32:08 RAM 4354/7620MB (lfb 15x4MB) SWAP 3110/12002MB (cached 59MB) CPU [0%@1728,0%@1728,0%@1728,10%@1728,0%@1728,0%@1728] GR3D_FREQ 99% cpu@71.437C soc2@70.437C soc0@70.937C gpu@73.687C tj@73.687C soc1@71.593C VDD_IN 17554mW/17340mW VDD_CPU_GPU_CV 7729mW/7653mW VDD_SOC 4199mW/4156mW
08-05-2026 05:32:08 RAM 4354/7620MB (lfb 15x4MB) SWAP 3110/12002MB (cached 59MB) CPU [0%@1728,0%@1728,0%@1728,0%@1728,0%@1728,0%@1728] GR3D_FREQ 99% cpu@71.562C soc2@70.468C soc0@71C gpu@73.562C tj@73.562C soc1@71.656C VDD_IN 17554mW/17340mW VDD_CPU_GPU_CV 7729mW/7653mW VDD_SOC 4199mW/4156mW
08-05-2026 05:32:08 RAM 4354/7620MB (lfb 15x4MB) SWAP 3110/12002MB (cached 59MB) CPU [0%@1728,0%@1728,0%@1728,0%@1728,0%@1728,0%@1728] GR3D_FREQ 99% cpu@71.5C soc2@70.343C soc0@70.843C gpu@73.875C tj@73.875C soc1@71.437C VDD_IN 17513mW/17341mW VDD_CPU_GPU_CV 7729mW/7653mW VDD_SOC 4199mW/4156mW
08-05-2026 05:32:09 RAM 4354/7620MB (lfb 15x4MB) SWAP 3110/12002MB (cached 59MB) CPU [0%@1728,0%@1728,0%@1728,0%@1728,0%@1728,0%@1728] GR3D_FREQ 99% cpu@71.468C soc2@70.343C soc0@70.906C gpu@73.781C tj@73.781C soc1@71.437C VDD_IN 17513mW/17341mW VDD_CPU_GPU_CV 7729mW/7653mW VDD_SOC 4199mW/4156mW
08-05-2026 05:32:09 RAM 4354/7620MB (lfb 15x4MB) SWAP 3110/12002MB (cached 59MB) CPU [9%@1728,0%@1728,9%@1728,0%@1728,0%@1728,10%@1728] GR3D_FREQ 99% cpu@71.468C soc2@70.343C soc0@70.843C gpu@73.562C tj@73.562C soc1@71.531C VDD_IN 17513mW/17341mW VDD_CPU_GPU_CV 7716mW/7653mW VDD_SOC 4199mW/4156mW
08-05-2026 05:32:09 RAM 4354/7620MB (lfb 15x4MB) SWAP 3110/12002MB (cached 59MB) CPU [0%@1728,0%@1728,0%@1728,0%@1728,0%@1728,9%@1728] GR3D_FREQ 99% cpu@71.406C soc2@70.468C soc0@70.968C gpu@73.937C tj@73.937C soc1@71.625C VDD_IN 17473mW/17342mW VDD_CPU_GPU_CV 7688mW/7654mW VDD_SOC 4199mW/4156mW
08-05-2026 05:32:09 RAM 4354/7620MB (lfb 15x4MB) SWAP 3110/12002MB (cached 59MB) CPU [9%@1728,0%@1728,0%@1728,10%@1728,0%@1728,0%@1728] GR3D_FREQ 99% cpu@71.5C soc2@70.531C soc0@71.093C gpu@73.625C tj@73.625C soc1@71.375C VDD_IN 17473mW/17342mW VDD_CPU_GPU_CV 7688mW/7654mW VDD_SOC 4199mW/4156mW
08-05-2026 05:32:09 RAM 4358/7620MB (lfb 15x4MB) SWAP 3110/12002MB (cached 59MB) CPU [0%@1728,8%@1728,0%@1728,20%@1728,16%@1728,9%@1728] GR3D_FREQ 99% cpu@71.531C soc2@70.375C soc0@70.906C gpu@73.125C tj@73.531C soc1@71.375C VDD_IN 17513mW/17342mW VDD_CPU_GPU_CV 7729mW/7654mW VDD_SOC 4199mW/4156mW
08-05-2026 05:32:09 RAM 4358/7620MB (lfb 15x4MB) SWAP 3110/12002MB (cached 59MB) CPU [0%@1728,0%@1728,0%@1728,0%@1728,0%@1728,0%@1728] GR3D_FREQ 99% cpu@71.468C soc2@70.343C soc0@70.937C gpu@73.593C tj@73.593C soc1@71.437C VDD_IN 17473mW/17343mW VDD_CPU_GPU_CV 7688mW/7654mW VDD_SOC 4199mW/4157mW
08-05-2026 05:32:09 RAM 4358/7620MB (lfb 15x4MB) SWAP 3110/12002MB (cached 59MB) CPU [0%@1728,0%@1728,0%@1728,0%@1728,0%@1728,0%@1728] GR3D_FREQ 99% cpu@71.531C soc2@70.437C soc0@70.937C gpu@73.437C tj@73.437C soc1@71.5C VDD_IN 17433mW/17343mW VDD_CPU_GPU_CV 7688mW/7654mW VDD_SOC 4199mW/4157mW
08-05-2026 05:32:09 RAM 4358/7620MB (lfb 15x4MB) SWAP 3110/12002MB (cached 59MB) CPU [0%@1728,0%@1728,0%@1728,0%@1728,0%@1728,0%@1728] GR3D_FREQ 99% cpu@71.468C soc2@70.468C soc0@71.062C gpu@73.281C tj@73.281C soc1@71.625C VDD_IN 17392mW/17343mW VDD_CPU_GPU_CV 7688mW/7654mW VDD_SOC 4159mW/4157mW
08-05-2026 05:32:09 RAM 4358/7620MB (lfb 15x4MB) SWAP 3110/12002MB (cached 59MB) CPU [9%@1728,0%@1728,0%@1728,0%@1728,0%@1728,0%@1728] GR3D_FREQ 99% cpu@71.5C soc2@70.437C soc0@70.875C gpu@73.687C tj@73.687C soc1@71.437C VDD_IN 17352mW/17343mW VDD_CPU_GPU_CV 7688mW/7654mW VDD_SOC 4159mW/4157mW
08-05-2026 05:32:10 RAM 4358/7620MB (lfb 15x4MB) SWAP 3110/12002MB (cached 59MB) CPU [0%@1728,0%@1728,10%@1728,0%@1728,0%@1728,0%@1728] GR3D_FREQ 99% cpu@71.437C soc2@70.343C soc0@70.906C gpu@73.687C tj@73.687C soc1@71.437C VDD_IN 17352mW/17343mW VDD_CPU_GPU_CV 7688mW/7654mW VDD_SOC 4119mW/4157mW
08-05-2026 05:32:10 RAM 4358/7620MB (lfb 15x4MB) SWAP 3110/12002MB (cached 59MB) CPU [0%@1728,0%@1728,0%@1728,0%@1728,0%@1728,0%@1728] GR3D_FREQ 99% cpu@71.437C soc2@70.343C soc0@70.906C gpu@73.437C tj@73.437C soc1@71.5C VDD_IN 17311mW/17343mW VDD_CPU_GPU_CV 7688mW/7654mW VDD_SOC 4119mW/4156mW
08-05-2026 05:32:10 RAM 4358/7620MB (lfb 15x4MB) SWAP 3110/12002MB (cached 59MB) CPU [0%@1728,0%@1728,0%@1728,0%@1728,0%@1728,10%@1728] GR3D_FREQ 99% cpu@71.531C soc2@70.437C soc0@71.031C gpu@73.781C tj@73.781C soc1@71.593C VDD_IN 17311mW/17343mW VDD_CPU_GPU_CV 7648mW/7654mW VDD_SOC 4119mW/4156mW
08-05-2026 05:32:10 RAM 4358/7620MB (lfb 15x4MB) SWAP 3110/12002MB (cached 59MB) CPU [9%@1728,0%@1728,0%@1728,0%@1728,0%@1728,0%@1728] GR3D_FREQ 99% cpu@71.531C soc2@70.406C soc0@70.875C gpu@73.343C tj@73.593C soc1@71.375C VDD_IN 17271mW/17343mW VDD_CPU_GPU_CV 7648mW/7654mW VDD_SOC 4119mW/4156mW
08-05-2026 05:32:10 RAM 4358/7620MB (lfb 15x4MB) SWAP 3110/12002MB (cached 59MB) CPU [0%@1728,0%@1728,0%@1728,0%@1728,0%@1728,0%@1728] GR3D_FREQ 99% cpu@71.343C soc2@70.343C soc0@70.937C gpu@73.25C tj@73.25C soc1@71.437C VDD_IN 17230mW/17343mW VDD_CPU_GPU_CV 7608mW/7654mW VDD_SOC 4119mW/4156mW
08-05-2026 05:32:10 RAM 4358/7620MB (lfb 15x4MB) SWAP 3110/12002MB (cached 59MB) CPU [0%@1728,0%@1728,0%@1728,0%@1728,0%@1728,9%@1728] GR3D_FREQ 99% cpu@71.281C soc2@70.468C soc0@70.937C gpu@73.593C tj@73.593C soc1@71.468C VDD_IN 17271mW/17342mW VDD_CPU_GPU_CV 7608mW/7654mW VDD_SOC 4119mW/4156mW
08-05-2026 05:32:10 RAM 4358/7620MB (lfb 15x4MB) SWAP 3110/12002MB (cached 59MB) CPU [0%@1728,0%@1728,0%@1728,10%@1728,0%@1728,0%@1728] GR3D_FREQ 95% cpu@71.656C soc2@70.406C soc0@71.031C gpu@73.343C tj@73.343C soc1@71.531C VDD_IN 17352mW/17342mW VDD_CPU_GPU_CV 7648mW/7654mW VDD_SOC 4159mW/4156mW
08-05-2026 05:32:10 RAM 4358/7620MB (lfb 15x4MB) SWAP 3110/12002MB (cached 59MB) CPU [0%@1728,0%@1728,0%@1728,0%@1728,0%@1728,0%@1728] GR3D_FREQ 99% cpu@71.437C soc2@70.468C soc0@71.031C gpu@73.875C tj@73.875C soc1@71.718C VDD_IN 17392mW/17342mW VDD_CPU_GPU_CV 7688mW/7654mW VDD_SOC 4159mW/4156mW
08-05-2026 05:32:10 RAM 4358/7620MB (lfb 15x4MB) SWAP 3110/12002MB (cached 59MB) CPU [0%@1728,0%@1728,0%@1728,0%@1728,0%@1728,0%@1728] GR3D_FREQ 99% cpu@71.593C soc2@70.375C soc0@70.812C gpu@73.687C tj@73.687C soc1@71.468C VDD_IN 17433mW/17343mW VDD_CPU_GPU_CV 7688mW/7654mW VDD_SOC 4159mW/4156mW
08-05-2026 05:32:10 RAM 4358/7620MB (lfb 15x4MB) SWAP 3110/12002MB (cached 59MB) CPU [0%@1728,0%@1728,0%@1728,0%@1728,0%@1728,0%@1728] GR3D_FREQ 99% cpu@71.406C soc2@70.5C soc0@70.937C gpu@73.437C tj@73.437C soc1@71.437C VDD_IN 17433mW/17343mW VDD_CPU_GPU_CV 7729mW/7654mW VDD_SOC 4159mW/4156mW
08-05-2026 05:32:11 RAM 4358/7620MB (lfb 15x4MB) SWAP 3109/12002MB (cached 59MB) CPU [9%@1728,0%@1728,0%@1728,0%@1728,0%@1728,0%@1728] GR3D_FREQ 99% cpu@71.562C soc2@70.437C soc0@71C gpu@73.968C tj@73.968C soc1@71.531C VDD_IN 17473mW/17343mW VDD_CPU_GPU_CV 7729mW/7655mW VDD_SOC 4199mW/4156mW
08-05-2026 05:32:11 RAM 4358/7620MB (lfb 15x4MB) SWAP 3109/12002MB (cached 59MB) CPU [0%@1728,9%@1728,0%@1728,0%@1728,0%@1728,9%@1728] GR3D_FREQ 99% cpu@71.593C soc2@70.437C soc0@71C gpu@73.781C tj@73.781C soc1@71.625C VDD_IN 17513mW/17344mW VDD_CPU_GPU_CV 7729mW/7655mW VDD_SOC 4199mW/4156mW
08-05-2026 05:32:11 RAM 4358/7620MB (lfb 15x4MB) SWAP 3109/12002MB (cached 59MB) CPU [0%@1728,0%@1728,0%@1728,0%@1728,0%@1728,0%@1728] GR3D_FREQ 99% cpu@71.562C soc2@70.437C soc0@71.062C gpu@73.406C tj@73.406C soc1@71.406C VDD_IN 17473mW/17344mW VDD_CPU_GPU_CV 7688mW/7655mW VDD_SOC 4199mW/4156mW
08-05-2026 05:32:11 RAM 4358/7620MB (lfb 15x4MB) SWAP 3109/12002MB (cached 59MB) CPU [0%@1728,0%@1728,0%@1728,18%@1728,0%@1728,0%@1728] GR3D_FREQ 99% cpu@71.437C soc2@70.406C soc0@70.843C gpu@73.875C tj@73.875C soc1@71.468C VDD_IN 17513mW/17344mW VDD_CPU_GPU_CV 7729mW/7655mW VDD_SOC 4199mW/4157mW
08-05-2026 05:32:11 RAM 4358/7620MB (lfb 15x4MB) SWAP 3109/12002MB (cached 59MB) CPU [0%@1728,0%@1728,0%@1728,0%@1728,0%@1728,0%@1728] GR3D_FREQ 99% cpu@71.531C soc2@70.437C soc0@70.937C gpu@73.5C tj@73.5C soc1@71.468C VDD_IN 17473mW/17345mW VDD_CPU_GPU_CV 7688mW/7655mW VDD_SOC 4199mW/4157mW
08-05-2026 05:32:11 RAM 4358/7620MB (lfb 15x4MB) SWAP 3109/12002MB (cached 59MB) CPU [0%@1728,0%@1728,8%@1728,0%@1728,0%@1728,0%@1728] GR3D_FREQ 99% cpu@71.437C soc2@70.437C soc0@71.031C gpu@73.468C tj@73.468C soc1@71.593C VDD_IN 17473mW/17345mW VDD_CPU_GPU_CV 7688mW/7655mW VDD_SOC 4199mW/4157mW
08-05-2026 05:32:11 RAM 4358/7620MB (lfb 15x4MB) SWAP 3109/12002MB (cached 59MB) CPU [0%@1728,0%@1728,0%@1728,0%@1728,0%@1728,0%@1728] GR3D_FREQ 99% cpu@71.625C soc2@70.5C soc0@71.093C gpu@73.906C tj@73.906C soc1@71.75C VDD_IN 17473mW/17345mW VDD_CPU_GPU_CV 7688mW/7655mW VDD_SOC 4199mW/4157mW
08-05-2026 05:32:11 RAM 4358/7620MB (lfb 15x4MB) SWAP 3109/12002MB (cached 59MB) CPU [0%@1728,0%@1728,0%@1728,0%@1728,0%@1728,0%@1728] GR3D_FREQ 99% cpu@71.562C soc2@70.468C soc0@70.968C gpu@73.531C tj@73.531C soc1@71.468C VDD_IN 17433mW/17345mW VDD_CPU_GPU_CV 7688mW/7655mW VDD_SOC 4199mW/4157mW
08-05-2026 05:32:11 RAM 4358/7620MB (lfb 15x4MB) SWAP 3109/12002MB (cached 59MB) CPU [0%@1728,0%@1728,0%@1728,0%@1728,0%@1728,0%@1728] GR3D_FREQ 99% cpu@71.531C soc2@70.468C soc0@70.937C gpu@73.5C tj@73.5C soc1@71.531C VDD_IN 17433mW/17346mW VDD_CPU_GPU_CV 7688mW/7655mW VDD_SOC 4199mW/4157mW
08-05-2026 05:32:11 RAM 4358/7620MB (lfb 15x4MB) SWAP 3109/12002MB (cached 59MB) CPU [0%@1728,0%@1728,0%@1728,10%@1728,0%@1728,0%@1728] GR3D_FREQ 99% cpu@71.562C soc2@70.437C soc0@70.968C gpu@73.406C tj@73.718C soc1@71.531C VDD_IN 17433mW/17346mW VDD_CPU_GPU_CV 7688mW/7655mW VDD_SOC 4199mW/4157mW
08-05-2026 05:32:12 RAM 4358/7620MB (lfb 15x4MB) SWAP 3109/12002MB (cached 59MB) CPU [0%@1728,0%@1728,0%@1728,0%@1728,0%@1728,0%@1728] GR3D_FREQ 99% cpu@71.593C soc2@70.468C soc0@71.062C gpu@73.281C tj@73.281C soc1@71.687C VDD_IN 17433mW/17346mW VDD_CPU_GPU_CV 7648mW/7655mW VDD_SOC 4199mW/4157mW
08-05-2026 05:32:12 RAM 4358/7620MB (lfb 15x4MB) SWAP 3109/12002MB (cached 59MB) CPU [0%@1728,0%@1728,9%@1728,9%@1728,0%@1728,18%@1728] GR3D_FREQ 99% cpu@71.625C soc2@70.5C soc0@71.25C gpu@73.25C tj@73.25C soc1@71.531C VDD_IN 17352mW/17346mW VDD_CPU_GPU_CV 7648mW/7655mW VDD_SOC 4159mW/4157mW
08-05-2026 05:32:12 RAM 4358/7620MB (lfb 15x4MB) SWAP 3109/12002MB (cached 59MB) CPU [0%@1728,0%@1728,0%@1728,0%@1728,0%@1728,0%@1728] GR3D_FREQ 99% cpu@71.656C soc2@70.437C soc0@71C gpu@73.531C tj@73.531C soc1@71.531C VDD_IN 17311mW/17346mW VDD_CPU_GPU_CV 7648mW/7655mW VDD_SOC 4159mW/4157mW
08-05-2026 05:32:12 RAM 4358/7620MB (lfb 15x4MB) SWAP 3109/12002MB (cached 59MB) CPU [0%@1728,0%@1728,0%@1728,0%@1728,0%@1728,0%@1728] GR3D_FREQ 99% cpu@71.593C soc2@70.468C soc0@71C gpu@73.593C tj@73.593C soc1@71.593C VDD_IN 17311mW/17346mW VDD_CPU_GPU_CV 7648mW/7655mW VDD_SOC 4119mW/4157mW
08-05-2026 05:32:12 RAM 4358/7620MB (lfb 15x4MB) SWAP 3109/12002MB (cached 59MB) CPU [0%@1728,0%@1728,0%@1728,0%@1728,0%@1728,0%@1728] GR3D_FREQ 99% cpu@71.531C soc2@70.437C soc0@71.093C gpu@74.187C tj@74.187C soc1@71.531C VDD_IN 17311mW/17346mW VDD_CPU_GPU_CV 7648mW/7655mW VDD_SOC 4119mW/4157mW
08-05-2026 05:32:12 RAM 4358/7620MB (lfb 15x4MB) SWAP 3109/12002MB (cached 59MB) CPU [0%@1728,0%@1728,10%@1728,0%@1728,0%@1728,0%@1728] GR3D_FREQ 99% cpu@71.718C soc2@70.437C soc0@71.218C gpu@73.531C tj@73.531C soc1@71.718C VDD_IN 17311mW/17346mW VDD_CPU_GPU_CV 7648mW/7655mW VDD_SOC 4119mW/4157mW
08-05-2026 05:32:12 RAM 4359/7620MB (lfb 15x4MB) SWAP 3109/12002MB (cached 59MB) CPU [18%@1728,9%@1728,0%@1728,0%@1728,0%@1728,9%@1728] GR3D_FREQ 99% cpu@71.75C soc2@70.468C soc0@70.968C gpu@73.531C tj@73.531C soc1@71.5C VDD_IN 17392mW/17346mW VDD_CPU_GPU_CV 7688mW/7655mW VDD_SOC 4159mW/4157mW
08-05-2026 05:32:12 RAM 4358/7620MB (lfb 15x4MB) SWAP 3109/12002MB (cached 59MB) CPU [0%@1728,0%@1728,0%@1728,0%@1728,0%@1728,0%@1728] GR3D_FREQ 99% cpu@71.531C soc2@70.531C soc0@71.031C gpu@73.937C tj@73.937C soc1@71.531C VDD_IN 17352mW/17346mW VDD_CPU_GPU_CV 7688mW/7655mW VDD_SOC 4159mW/4157mW
08-05-2026 05:32:12 RAM 4358/7620MB (lfb 15x4MB) SWAP 3109/12002MB (cached 59MB) CPU [9%@1728,0%@1728,0%@1728,0%@1728,0%@1728,0%@1728] GR3D_FREQ 99% cpu@71.531C soc2@70.5C soc0@71.031C gpu@73.531C tj@73.531C soc1@71.625C VDD_IN 17352mW/17346mW VDD_CPU_GPU_CV 7688mW/7656mW VDD_SOC 4159mW/4157mW
08-05-2026 05:32:13 RAM 4358/7620MB (lfb 15x4MB) SWAP 3109/12002MB (cached 59MB) CPU [0%@1728,0%@1728,0%@1728,0%@1728,0%@1728,0%@1728] GR3D_FREQ 99% cpu@71.625C soc2@70.406C soc0@71.062C gpu@73.375C tj@73.375C soc1@71.75C VDD_IN 17352mW/17346mW VDD_CPU_GPU_CV 7648mW/7656mW VDD_SOC 4159mW/4157mW
08-05-2026 05:32:13 RAM 4358/7620MB (lfb 15x4MB) SWAP 3109/12002MB (cached 59MB) CPU [0%@1728,0%@1728,9%@1728,0%@1728,0%@1728,0%@1728] GR3D_FREQ 99% cpu@71.593C soc2@70.656C soc0@71.281C gpu@73.531C tj@73.531C soc1@71.531C VDD_IN 17352mW/17346mW VDD_CPU_GPU_CV 7648mW/7656mW VDD_SOC 4159mW/4157mW
08-05-2026 05:32:13 RAM 4358/7620MB (lfb 15x4MB) SWAP 3109/12002MB (cached 59MB) CPU [0%@1728,0%@1728,18%@1728,0%@1728,0%@1728,10%@1728] GR3D_FREQ 96% cpu@72.218C soc2@70.375C soc0@71.031C gpu@73.437C tj@73.437C soc1@71.562C VDD_IN 17433mW/17346mW VDD_CPU_GPU_CV 7688mW/7656mW VDD_SOC 4159mW/4157mW
08-05-2026 05:32:13 RAM 4358/7620MB (lfb 15x4MB) SWAP 3109/12002MB (cached 59MB) CPU [9%@1728,0%@1728,0%@1728,0%@1728,0%@1728,0%@1728] GR3D_FREQ 99% cpu@71.593C soc2@70.562C soc0@71.093C gpu@73.531C tj@73.531C soc1@71.562C VDD_IN 17473mW/17346mW VDD_CPU_GPU_CV 7729mW/7656mW VDD_SOC 4159mW/4157mW
08-05-2026 05:32:13 RAM 4358/7620MB (lfb 15x4MB) SWAP 3109/12002MB (cached 59MB) CPU [0%@1728,0%@1728,0%@1728,0%@1728,0%@1728,0%@1728] GR3D_FREQ 99% cpu@71.593C soc2@70.531C soc0@71.062C gpu@73.593C tj@73.593C soc1@71.593C VDD_IN 17513mW/17347mW VDD_CPU_GPU_CV 7688mW/7656mW VDD_SOC 4199mW/4157mW
08-05-2026 05:32:13 RAM 4358/7620MB (lfb 15x4MB) SWAP 3109/12002MB (cached 59MB) CPU [0%@1728,0%@1728,9%@1728,8%@1728,0%@1728,0%@1728] GR3D_FREQ 99% cpu@71.625C soc2@70.625C soc0@71.218C gpu@73.5C tj@73.5C soc1@71.812C VDD_IN 17513mW/17347mW VDD_CPU_GPU_CV 7729mW/7656mW VDD_SOC 4199mW/4157mW
08-05-2026 05:32:13 RAM 4358/7620MB (lfb 15x4MB) SWAP 3109/12002MB (cached 59MB) CPU [0%@1728,0%@1728,0%@1728,0%@1728,0%@1728,0%@1728] GR3D_FREQ 99% cpu@71.781C soc2@70.593C soc0@71C gpu@73.468C tj@73.468C soc1@71.531C VDD_IN 17473mW/17347mW VDD_CPU_GPU_CV 7729mW/7656mW VDD_SOC 4199mW/4157mW
08-05-2026 05:32:13 RAM 4358/7620MB (lfb 15x4MB) SWAP 3109/12002MB (cached 59MB) CPU [0%@1728,0%@1728,8%@1728,0%@1728,0%@1728,0%@1728] GR3D_FREQ 99% cpu@71.625C soc2@70.5C soc0@71.156C gpu@73.593C tj@73.593C soc1@71.687C VDD_IN 17473mW/17348mW VDD_CPU_GPU_CV 7729mW/7656mW VDD_SOC 4199mW/4157mW
08-05-2026 05:32:13 RAM 4358/7620MB (lfb 15x4MB) SWAP 3109/12002MB (cached 59MB) CPU [0%@1728,0%@1728,0%@1728,0%@1728,0%@1728,0%@1728] GR3D_FREQ 99% cpu@71.75C soc2@70.562C soc0@71.156C gpu@73.531C tj@73.531C soc1@71.625C VDD_IN 17473mW/17348mW VDD_CPU_GPU_CV 7729mW/7656mW VDD_SOC 4199mW/4157mW
08-05-2026 05:32:13 RAM 4358/7620MB (lfb 15x4MB) SWAP 3109/12002MB (cached 59MB) CPU [0%@1728,0%@1728,0%@1728,18%@1728,0%@1728,0%@1728] GR3D_FREQ 99% cpu@71.75C soc2@70.625C soc0@71.156C gpu@73.531C tj@73.531C soc1@71.812C VDD_IN 17513mW/17348mW VDD_CPU_GPU_CV 7729mW/7657mW VDD_SOC 4199mW/4158mW
08-05-2026 05:32:14 RAM 4358/7620MB (lfb 15x4MB) SWAP 3109/12002MB (cached 59MB) CPU [0%@1728,0%@1728,0%@1728,0%@1728,0%@1728,0%@1728] GR3D_FREQ 99% cpu@71.718C soc2@70.687C soc0@71.25C gpu@73.687C tj@73.687C soc1@71.781C VDD_IN 17513mW/17349mW VDD_CPU_GPU_CV 7729mW/7657mW VDD_SOC 4199mW/4158mW
08-05-2026 05:32:14 RAM 4358/7620MB (lfb 15x4MB) SWAP 3109/12002MB (cached 59MB) CPU [0%@1728,0%@1728,0%@1728,0%@1728,0%@1728,10%@1728] GR3D_FREQ 99% cpu@71.843C soc2@70.468C soc0@71.156C gpu@73.562C tj@73.562C soc1@71.593C VDD_IN 17473mW/17349mW VDD_CPU_GPU_CV 7688mW/7657mW VDD_SOC 4199mW/4158mW
08-05-2026 05:32:14 RAM 4358/7620MB (lfb 15x4MB) SWAP 3109/12002MB (cached 59MB) CPU [0%@1728,0%@1728,0%@1728,0%@1728,0%@1728,0%@1728] GR3D_FREQ 99% cpu@71.687C soc2@70.5C soc0@71.125C gpu@73.781C tj@73.781C soc1@71.687C VDD_IN 17433mW/17349mW VDD_CPU_GPU_CV 7688mW/7657mW VDD_SOC 4199mW/4158mW
08-05-2026 05:32:14 RAM 4359/7620MB (lfb 15x4MB) SWAP 3109/12002MB (cached 59MB) CPU [0%@1728,9%@1728,0%@1728,0%@1728,0%@1728,0%@1728] GR3D_FREQ 99% cpu@71.718C soc2@70.656C soc0@71.187C gpu@73.656C tj@73.656C soc1@71.687C VDD_IN 17392mW/17349mW VDD_CPU_GPU_CV 7648mW/7657mW VDD_SOC 4199mW/4158mW
08-05-2026 05:32:14 RAM 4359/7620MB (lfb 15x4MB) SWAP 3109/12002MB (cached 59MB) CPU [0%@1728,0%@1728,0%@1728,0%@1728,0%@1728,0%@1728] GR3D_FREQ 99% cpu@71.781C soc2@70.531C soc0@71.312C gpu@73.531C tj@73.531C soc1@71.875C VDD_IN 17392mW/17349mW VDD_CPU_GPU_CV 7648mW/7657mW VDD_SOC 4199mW/4158mW
08-05-2026 05:32:14 RAM 4359/7620MB (lfb 15x4MB) SWAP 3109/12002MB (cached 59MB) CPU [18%@1728,0%@1728,9%@1728,0%@1728,0%@1728,0%@1728] GR3D_FREQ 99% cpu@71.812C soc2@70.687C soc0@71.093C gpu@73.656C tj@73.656C soc1@71.656C VDD_IN 17352mW/17349mW VDD_CPU_GPU_CV 7648mW/7657mW VDD_SOC 4159mW/4158mW
08-05-2026 05:32:14 RAM 4356/7620MB (lfb 15x4MB) SWAP 3108/12002MB (cached 59MB) CPU [0%@1728,0%@1728,16%@1728,0%@1728,0%@1728,0%@1728] GR3D_FREQ 99% cpu@71.937C soc2@70.531C soc0@71.093C gpu@73.531C tj@73.531C soc1@71.656C VDD_IN 17352mW/17349mW VDD_CPU_GPU_CV 7688mW/7657mW VDD_SOC 4159mW/4158mW
08-05-2026 05:32:14 RAM 4356/7620MB (lfb 15x4MB) SWAP 3108/12002MB (cached 59MB) CPU [0%@1728,0%@1728,0%@1728,0%@1728,0%@1728,0%@1728] GR3D_FREQ 99% cpu@71.718C soc2@70.5C soc0@71.187C gpu@73.562C tj@73.562C soc1@71.781C VDD_IN 17352mW/17349mW VDD_CPU_GPU_CV 7688mW/7657mW VDD_SOC 4159mW/4158mW
08-05-2026 05:32:14 RAM 4356/7620MB (lfb 15x4MB) SWAP 3108/12002MB (cached 59MB) CPU [0%@1728,0%@1728,0%@1728,0%@1728,0%@1728,0%@1728] GR3D_FREQ 99% cpu@71.75C soc2@70.593C soc0@71.125C gpu@73.812C tj@73.812C soc1@71.843C VDD_IN 17311mW/17349mW VDD_CPU_GPU_CV 7688mW/7657mW VDD_SOC 4119mW/4158mW
08-05-2026 05:32:15 RAM 4356/7620MB (lfb 15x4MB) SWAP 3108/12002MB (cached 59MB) CPU [0%@1728,0%@1728,0%@1728,0%@1728,0%@1728,0%@1728] GR3D_FREQ 99% cpu@71.718C soc2@70.593C soc0@71.343C gpu@73.75C tj@73.75C soc1@71.875C VDD_IN 17311mW/17349mW VDD_CPU_GPU_CV 7688mW/7657mW VDD_SOC 4119mW/4158mW
08-05-2026 05:32:15 RAM 4357/7620MB (lfb 15x4MB) SWAP 3108/12002MB (cached 59MB) CPU [9%@1728,8%@1728,0%@1728,9%@1728,0%@1728,0%@1728] GR3D_FREQ 99% cpu@71.812C soc2@70.531C soc0@71.156C gpu@73.843C tj@73.843C soc1@71.625C VDD_IN 17311mW/17349mW VDD_CPU_GPU_CV 7688mW/7657mW VDD_SOC 4119mW/4158mW
08-05-2026 05:32:15 RAM 4357/7620MB (lfb 15x4MB) SWAP 3108/12002MB (cached 59MB) CPU [25%@1728,0%@1728,0%@1728,0%@1728,0%@1728,10%@1728] GR3D_FREQ 99% cpu@71.812C soc2@70.656C soc0@71.187C gpu@73.656C tj@73.656C soc1@71.718C VDD_IN 17271mW/17349mW VDD_CPU_GPU_CV 7648mW/7657mW VDD_SOC 4119mW/4158mW
08-05-2026 05:32:15 RAM 4357/7620MB (lfb 15x4MB) SWAP 3108/12002MB (cached 59MB) CPU [0%@1728,0%@1728,0%@1728,0%@1728,0%@1728,0%@1728] GR3D_FREQ 99% cpu@71.812C soc2@70.593C soc0@71.187C gpu@73.562C tj@73.562C soc1@71.718C VDD_IN 17271mW/17349mW VDD_CPU_GPU_CV 7648mW/7657mW VDD_SOC 4119mW/4158mW
08-05-2026 05:32:15 RAM 4357/7620MB (lfb 15x4MB) SWAP 3108/12002MB (cached 59MB) CPU [0%@1728,0%@1728,0%@1728,0%@1728,0%@1728,0%@1728] GR3D_FREQ 99% cpu@71.812C soc2@70.531C soc0@71.375C gpu@73.656C tj@73.656C soc1@71.875C VDD_IN 17271mW/17348mW VDD_CPU_GPU_CV 7648mW/7657mW VDD_SOC 4119mW/4158mW
08-05-2026 05:32:15 RAM 4357/7620MB (lfb 15x4MB) SWAP 3108/12002MB (cached 59MB) CPU [0%@1728,0%@1728,0%@1728,0%@1728,0%@1728,0%@1728] GR3D_FREQ 99% cpu@71.968C soc2@70.656C soc0@71.156C gpu@73.468C tj@73.468C soc1@71.625C VDD_IN 17271mW/17348mW VDD_CPU_GPU_CV 7648mW/7657mW VDD_SOC 4159mW/4158mW
08-05-2026 05:32:15 RAM 4357/7620MB (lfb 15x4MB) SWAP 3108/12002MB (cached 59MB) CPU [0%@1728,0%@1728,0%@1728,0%@1728,0%@1728,9%@1728] GR3D_FREQ 99% cpu@72.031C soc2@70.656C soc0@71.218C gpu@73.5C tj@73.5C soc1@71.718C VDD_IN 17311mW/17348mW VDD_CPU_GPU_CV 7688mW/7657mW VDD_SOC 4159mW/4158mW
08-05-2026 05:32:15 RAM 4357/7620MB (lfb 15x4MB) SWAP 3108/12002MB (cached 59MB) CPU [0%@1728,0%@1728,9%@1728,0%@1728,0%@1728,0%@1728] GR3D_FREQ 99% cpu@71.781C soc2@70.656C soc0@71.156C gpu@73.75C tj@73.75C soc1@71.718C VDD_IN 17352mW/17348mW VDD_CPU_GPU_CV 7688mW/7657mW VDD_SOC 4159mW/4158mW
08-05-2026 05:32:15 RAM 4357/7620MB (lfb 15x4MB) SWAP 3108/12002MB (cached 59MB) CPU [18%@1728,0%@1728,0%@1728,0%@1728,0%@1728,0%@1728] GR3D_FREQ 96% cpu@71.968C soc2@70.593C soc0@71.218C gpu@73.718C tj@73.718C soc1@71.906C VDD_IN 17433mW/17348mW VDD_CPU_GPU_CV 7729mW/7657mW VDD_SOC 4159mW/4158mW
08-05-2026 05:32:15 RAM 4361/7620MB (lfb 15x4MB) SWAP 3108/12002MB (cached 59MB) CPU [8%@1728,27%@1728,0%@1728,9%@1728,9%@1728,0%@1728] GR3D_FREQ 99% cpu@71.906C soc2@70.781C soc0@71.437C gpu@73.75C tj@73.75C soc1@71.937C VDD_IN 17554mW/17349mW VDD_CPU_GPU_CV 7757mW/7658mW VDD_SOC 4199mW/4158mW
08-05-2026 05:32:16 RAM 4360/7620MB (lfb 15x4MB) SWAP 3108/12002MB (cached 59MB) CPU [0%@1728,0%@1728,0%@1728,0%@1728,0%@1728,0%@1728] GR3D_FREQ 99% cpu@71.906C soc2@70.593C soc0@71.093C gpu@73.781C tj@73.781C soc1@71.593C VDD_IN 17594mW/17349mW VDD_CPU_GPU_CV 7757mW/7658mW VDD_SOC 4199mW/4158mW
08-05-2026 05:32:16 RAM 4360/7620MB (lfb 15x4MB) SWAP 3108/12002MB (cached 59MB) CPU [0%@1728,0%@1728,9%@1728,0%@1728,0%@1728,10%@1728] GR3D_FREQ 99% cpu@71.812C soc2@70.687C soc0@71.156C gpu@73.593C tj@73.593C soc1@71.781C VDD_IN 17594mW/17350mW VDD_CPU_GPU_CV 7757mW/7658mW VDD_SOC 4199mW/4158mW
08-05-2026 05:32:16 RAM 4360/7620MB (lfb 15x4MB) SWAP 3108/12002MB (cached 59MB) CPU [8%@1728,0%@1728,0%@1728,0%@1728,0%@1728,9%@1728] GR3D_FREQ 99% cpu@71.843C soc2@70.687C soc0@71.281C gpu@73.875C tj@73.656C soc1@71.75C VDD_IN 17554mW/17350mW VDD_CPU_GPU_CV 7716mW/7658mW VDD_SOC 4199mW/4158mW
08-05-2026 05:32:16 RAM 4360/7620MB (lfb 15x4MB) SWAP 3108/12002MB (cached 59MB) CPU [0%@1728,0%@1728,8%@1728,0%@1728,0%@1728,0%@1728] GR3D_FREQ 99% cpu@71.812C soc2@70.718C soc0@71.343C gpu@73.812C tj@73.812C soc1@72C VDD_IN 17513mW/17351mW VDD_CPU_GPU_CV 7729mW/7658mW VDD_SOC 4199mW/4158mW
08-05-2026 05:32:16 RAM 4360/7620MB (lfb 15x4MB) SWAP 3108/12002MB (cached 59MB) CPU [0%@1728,0%@1728,0%@1728,0%@1728,0%@1728,0%@1728] GR3D_FREQ 99% cpu@71.937C soc2@70.875C soc0@71.218C gpu@73.781C tj@73.781C soc1@71.718C VDD_IN 17513mW/17351mW VDD_CPU_GPU_CV 7729mW/7658mW VDD_SOC 4199mW/4158mW
08-05-2026 05:32:16 RAM 4360/7620MB (lfb 15x4MB) SWAP 3108/12002MB (cached 59MB) CPU [0%@1728,18%@1728,0%@1728,8%@1728,0%@1728,0%@1728] GR3D_FREQ 99% cpu@72C soc2@70.75C soc0@71.218C gpu@74C tj@74C soc1@71.718C VDD_IN 17513mW/17351mW VDD_CPU_GPU_CV 7729mW/7659mW VDD_SOC 4199mW/4158mW
08-05-2026 05:32:16 RAM 4360/7620MB (lfb 15x4MB) SWAP 3108/12002MB (cached 59MB) CPU [0%@1728,0%@1728,0%@1728,0%@1728,0%@1728,0%@1728] GR3D_FREQ 99% cpu@71.875C soc2@70.656C soc0@71.281C gpu@73.906C tj@73.906C soc1@71.875C VDD_IN 17513mW/17352mW VDD_CPU_GPU_CV 7688mW/7659mW VDD_SOC 4199mW/4158mW
08-05-2026 05:32:16 RAM 4360/7620MB (lfb 15x4MB) SWAP 3108/12002MB (cached 59MB) CPU [0%@1728,0%@1728,9%@1728,0%@1728,0%@1728,0%@1728] GR3D_FREQ 99% cpu@71.843C soc2@70.718C soc0@71.375C gpu@73.843C tj@73.843C soc1@71.906C VDD_IN 17513mW/17352mW VDD_CPU_GPU_CV 7688mW/7659mW VDD_SOC 4199mW/4158mW
08-05-2026 05:32:16 RAM 4361/7620MB (lfb 15x4MB) SWAP 3108/12002MB (cached 59MB) CPU [0%@1728,0%@1728,0%@1728,0%@1728,0%@1728,0%@1728] GR3D_FREQ 99% cpu@71.937C soc2@70.718C soc0@71.218C gpu@73.875C tj@73.875C soc1@71.625C VDD_IN 17473mW/17352mW VDD_CPU_GPU_CV 7688mW/7659mW VDD_SOC 4199mW/4158mW
08-05-2026 05:32:17 RAM 4361/7620MB (lfb 15x4MB) SWAP 3108/12002MB (cached 59MB) CPU [0%@1728,0%@1728,0%@1728,0%@1728,0%@1728,0%@1728] GR3D_FREQ 99% cpu@72.062C soc2@70.656C soc0@71.218C gpu@73.75C tj@73.75C soc1@71.812C VDD_IN 17473mW/17352mW VDD_CPU_GPU_CV 7648mW/7659mW VDD_SOC 4199mW/4158mW
08-05-2026 05:32:17 RAM 4361/7620MB (lfb 15x4MB) SWAP 3108/12002MB (cached 59MB) CPU [0%@1728,0%@1728,0%@1728,0%@1728,0%@1728,0%@1728] GR3D_FREQ 99% cpu@72.062C soc2@70.687C soc0@71.281C gpu@73.843C tj@73.843C soc1@71.75C VDD_IN 17433mW/17353mW VDD_CPU_GPU_CV 7648mW/7659mW VDD_SOC 4199mW/4159mW
08-05-2026 05:32:17 RAM 4361/7620MB (lfb 15x4MB) SWAP 3108/12002MB (cached 59MB) CPU [0%@1728,10%@1728,0%@1728,0%@1728,0%@1728,10%@1728] GR3D_FREQ 99% cpu@71.875C soc2@70.718C soc0@71.343C gpu@73.781C tj@73.781C soc1@71.875C VDD_IN 17352mW/17353mW VDD_CPU_GPU_CV 7648mW/7659mW VDD_SOC 4159mW/4159mW
08-05-2026 05:32:17 RAM 4361/7620MB (lfb 15x4MB) SWAP 3108/12002MB (cached 59MB) CPU [0%@1728,0%@1728,0%@1728,0%@1728,0%@1728,9%@1728] GR3D_FREQ 99% cpu@71.937C soc2@70.75C soc0@71.406C gpu@73.812C tj@73.812C soc1@71.968C VDD_IN 17352mW/17353mW VDD_CPU_GPU_CV 7688mW/7659mW VDD_SOC 4159mW/4159mW
08-05-2026 05:32:17 RAM 4361/7620MB (lfb 15x4MB) SWAP 3108/12002MB (cached 59MB) CPU [0%@1728,0%@1728,0%@1728,9%@1728,0%@1728,9%@1728] GR3D_FREQ 99% cpu@71.968C soc2@70.718C soc0@71.218C gpu@74.062C tj@74.062C soc1@71.781C VDD_IN 17311mW/17353mW VDD_CPU_GPU_CV 7688mW/7659mW VDD_SOC 4119mW/4158mW
08-05-2026 05:32:17 RAM 4361/7620MB (lfb 15x4MB) SWAP 3108/12002MB (cached 59MB) CPU [0%@1728,0%@1728,0%@1728,0%@1728,0%@1728,0%@1728] GR3D_FREQ 99% cpu@72.093C soc2@70.781C soc0@71.312C gpu@74.062C tj@74.062C soc1@71.812C VDD_IN 17311mW/17352mW VDD_CPU_GPU_CV 7688mW/7659mW VDD_SOC 4119mW/4158mW
08-05-2026 05:32:17 RAM 4361/7620MB (lfb 15x4MB) SWAP 3108/12002MB (cached 59MB) CPU [0%@1728,0%@1728,0%@1728,0%@1728,0%@1728,0%@1728] GR3D_FREQ 99% cpu@71.875C soc2@70.75C soc0@71.312C gpu@73.843C tj@73.843C soc1@71.937C VDD_IN 17311mW/17352mW VDD_CPU_GPU_CV 7688mW/7659mW VDD_SOC 4159mW/4158mW
08-05-2026 05:32:17 RAM 4361/7620MB (lfb 15x4MB) SWAP 3108/12002MB (cached 59MB) CPU [9%@1728,8%@1728,15%@1728,0%@1728,0%@1728,0%@1728] GR3D_FREQ 99% cpu@71.968C soc2@70.812C soc0@71.343C gpu@73.937C tj@73.937C soc1@71.906C VDD_IN 17311mW/17352mW VDD_CPU_GPU_CV 7688mW/7659mW VDD_SOC 4159mW/4158mW
08-05-2026 05:32:17 RAM 4361/7620MB (lfb 15x4MB) SWAP 3108/12002MB (cached 59MB) CPU [0%@1728,18%@1728,0%@1728,0%@1728,0%@1728,0%@1728] GR3D_FREQ 99% cpu@72.062C soc2@70.781C soc0@71.437C gpu@73.812C tj@73.812C soc1@71.812C VDD_IN 17311mW/17352mW VDD_CPU_GPU_CV 7648mW/7659mW VDD_SOC 4159mW/4158mW
08-05-2026 05:32:17 RAM 4361/7620MB (lfb 15x4MB) SWAP 3108/12002MB (cached 59MB) CPU [0%@1728,0%@1728,0%@1728,0%@1728,0%@1728,0%@1728] GR3D_FREQ 99% cpu@72.062C soc2@70.75C soc0@71.281C gpu@73.937C tj@73.937C soc1@71.75C VDD_IN 17311mW/17352mW VDD_CPU_GPU_CV 7648mW/7659mW VDD_SOC 4159mW/4158mW
08-05-2026 05:32:18 RAM 4361/7620MB (lfb 15x4MB) SWAP 3108/12002MB (cached 59MB) CPU [0%@1728,0%@1728,0%@1728,0%@1728,0%@1728,0%@1728] GR3D_FREQ 99% cpu@72.25C soc2@70.812C soc0@71.187C gpu@73.875C tj@73.875C soc1@71.812C VDD_IN 17311mW/17352mW VDD_CPU_GPU_CV 7648mW/7659mW VDD_SOC 4159mW/4158mW
08-05-2026 05:32:18 RAM 4361/7620MB (lfb 15x4MB) SWAP 3108/12002MB (cached 59MB) CPU [0%@1728,0%@1728,9%@1728,0%@1728,0%@1728,9%@1728] GR3D_FREQ 99% cpu@71.843C soc2@70.718C soc0@71.218C gpu@73.718C tj@73.718C soc1@72C VDD_IN 17392mW/17352mW VDD_CPU_GPU_CV 7688mW/7659mW VDD_SOC 4159mW/4158mW
08-05-2026 05:32:18 RAM 4361/7620MB (lfb 15x4MB) SWAP 3108/12002MB (cached 59MB) CPU [0%@1728,0%@1728,0%@1728,0%@1728,0%@1728,70%@1728] GR3D_FREQ 99% cpu@72C soc2@70.843C soc0@71.343C gpu@73.968C tj@73.968C soc1@71.968C VDD_IN 17513mW/17352mW VDD_CPU_GPU_CV 7769mW/7659mW VDD_SOC 4159mW/4158mW
08-05-2026 05:32:18 RAM 4361/7620MB (lfb 15x4MB) SWAP 3108/12002MB (cached 59MB) CPU [0%@1728,0%@1728,0%@1728,0%@1728,0%@1728,10%@1728] GR3D_FREQ 99% cpu@72.031C soc2@70.843C soc0@71.25C gpu@73.843C tj@73.843C soc1@71.75C VDD_IN 17513mW/17353mW VDD_CPU_GPU_CV 7757mW/7659mW VDD_SOC 4199mW/4158mW
08-05-2026 05:32:18 RAM 4361/7620MB (lfb 15x4MB) SWAP 3108/12002MB (cached 59MB) CPU [0%@1728,10%@1728,0%@1728,0%@1728,0%@1728,0%@1728] GR3D_FREQ 99% cpu@72.218C soc2@70.812C soc0@71.25C gpu@73.906C tj@73.906C soc1@71.812C VDD_IN 17554mW/17353mW VDD_CPU_GPU_CV 7757mW/7660mW VDD_SOC 4199mW/4159mW
08-05-2026 05:32:18 RAM 4361/7620MB (lfb 15x4MB) SWAP 3108/12002MB (cached 59MB) CPU [9%@1728,0%@1728,0%@1728,9%@1728,0%@1728,0%@1728] GR3D_FREQ 99% cpu@71.906C soc2@70.812C soc0@71.312C gpu@74.093C tj@74.093C soc1@71.812C VDD_IN 17554mW/17354mW VDD_CPU_GPU_CV 7757mW/7660mW VDD_SOC 4199mW/4159mW
08-05-2026 05:32:18 RAM 4361/7620MB (lfb 15x4MB) SWAP 3108/12002MB (cached 59MB) CPU [0%@1728,0%@1728,0%@1728,0%@1728,0%@1728,0%@1728] GR3D_FREQ 99% cpu@71.968C soc2@70.781C soc0@71.343C gpu@73.937C tj@73.937C soc1@71.937C VDD_IN 17513mW/17354mW VDD_CPU_GPU_CV 7757mW/7660mW VDD_SOC 4199mW/4159mW
08-05-2026 05:32:18 RAM 4361/7620MB (lfb 15x4MB) SWAP 3108/12002MB (cached 59MB) CPU [0%@1728,0%@1728,0%@1728,0%@1728,0%@1728,0%@1728] GR3D_FREQ 99% cpu@72.031C soc2@70.781C soc0@71.343C gpu@74.218C tj@74.218C soc1@71.781C VDD_IN 17513mW/17354mW VDD_CPU_GPU_CV 7716mW/7660mW VDD_SOC 4199mW/4159mW
08-05-2026 05:32:18 RAM 4361/7620MB (lfb 15x4MB) SWAP 3108/12002MB (cached 59MB) CPU [0%@1728,0%@1728,0%@1728,0%@1728,0%@1728,0%@1728] GR3D_FREQ 99% cpu@72C soc2@70.656C soc0@71.312C gpu@74C tj@74C soc1@71.781C VDD_IN 17513mW/17355mW VDD_CPU_GPU_CV 7716mW/7660mW VDD_SOC 4199mW/4159mW
08-05-2026 05:32:19 RAM 4361/7620MB (lfb 15x4MB) SWAP 3108/12002MB (cached 59MB) CPU [0%@1728,0%@1728,0%@1728,0%@1728,0%@1728,0%@1728] GR3D_FREQ 99% cpu@72.25C soc2@70.75C soc0@71.281C gpu@73.937C tj@73.937C soc1@71.718C VDD_IN 17513mW/17355mW VDD_CPU_GPU_CV 7716mW/7660mW VDD_SOC 4199mW/4159mW
08-05-2026 05:32:19 RAM 4361/7620MB (lfb 15x4MB) SWAP 3108/12002MB (cached 59MB) CPU [0%@1728,0%@1728,0%@1728,0%@1728,0%@1728,0%@1728] GR3D_FREQ 99% cpu@71.843C soc2@70.781C soc0@71.281C gpu@74.031C tj@74.031C soc1@71.906C VDD_IN 17513mW/17355mW VDD_CPU_GPU_CV 7716mW/7660mW VDD_SOC 4199mW/4159mW
08-05-2026 05:32:19 RAM 4363/7620MB (lfb 15x4MB) SWAP 3108/12002MB (cached 59MB) CPU [0%@1728,20%@1728,27%@1728,9%@1728,9%@1728,10%@1728] GR3D_FREQ 99% cpu@72.093C soc2@70.812C soc0@71.468C gpu@74C tj@74C soc1@71.968C VDD_IN 17554mW/17356mW VDD_CPU_GPU_CV 7757mW/7661mW VDD_SOC 4199mW/4159mW
08-05-2026 05:32:19 RAM 4363/7620MB (lfb 15x4MB) SWAP 3108/12002MB (cached 59MB) CPU [0%@1728,0%@1728,0%@1728,0%@1728,0%@1728,0%@1728] GR3D_FREQ 99% cpu@72.062C soc2@70.843C soc0@71.468C gpu@74C tj@74C soc1@71.687C VDD_IN 17513mW/17356mW VDD_CPU_GPU_CV 7716mW/7661mW VDD_SOC 4199mW/4159mW
08-05-2026 05:32:19 RAM 4363/7620MB (lfb 15x4MB) SWAP 3108/12002MB (cached 59MB) CPU [0%@1728,9%@1728,0%@1728,0%@1728,0%@1728,0%@1728] GR3D_FREQ 99% cpu@72.125C soc2@70.625C soc0@71.281C gpu@74C tj@74C soc1@71.812C VDD_IN 17473mW/17356mW VDD_CPU_GPU_CV 7688mW/7661mW VDD_SOC 4199mW/4159mW
08-05-2026 05:32:19 RAM 4363/7620MB (lfb 15x4MB) SWAP 3108/12002MB (cached 59MB) CPU [0%@1728,0%@1728,0%@1728,0%@1728,0%@1728,0%@1728] GR3D_FREQ 99% cpu@71.75C soc2@70.718C soc0@71.343C gpu@73.781C tj@73.781C soc1@71.843C VDD_IN 17433mW/17356mW VDD_CPU_GPU_CV 7648mW/7661mW VDD_SOC 4199mW/4159mW
08-05-2026 05:32:19 RAM 4363/7620MB (lfb 15x4MB) SWAP 3108/12002MB (cached 59MB) CPU [0%@1728,0%@1728,0%@1728,0%@1728,0%@1728,0%@1728] GR3D_FREQ 99% cpu@71.875C soc2@70.843C soc0@71.312C gpu@73.531C tj@73.531C soc1@71.906C VDD_IN 17433mW/17356mW VDD_CPU_GPU_CV 7688mW/7661mW VDD_SOC 4199mW/4159mW
08-05-2026 05:32:19 RAM 4362/7620MB (lfb 15x4MB) SWAP 3108/12002MB (cached 59MB) CPU [9%@1728,8%@1728,0%@1728,0%@1728,0%@1728,0%@1728] GR3D_FREQ 99% cpu@72.062C soc2@70.75C soc0@71.375C gpu@73.937C tj@73.937C soc1@71.968C VDD_IN 17392mW/17356mW VDD_CPU_GPU_CV 7688mW/7661mW VDD_SOC 4199mW/4159mW
08-05-2026 05:32:19 RAM 4361/7620MB (lfb 15x4MB) SWAP 3108/12002MB (cached 59MB) CPU [0%@1728,10%@1728,0%@1728,0%@1728,0%@1728,0%@1728] GR3D_FREQ 99% cpu@72.062C soc2@70.625C soc0@71.25C gpu@73.968C tj@73.968C soc1@71.781C VDD_IN 17392mW/17357mW VDD_CPU_GPU_CV 7729mW/7661mW VDD_SOC 4159mW/4159mW
08-05-2026 05:32:19 RAM 4361/7620MB (lfb 15x4MB) SWAP 3108/12002MB (cached 59MB) CPU [0%@1728,0%@1728,0%@1728,0%@1728,0%@1728,0%@1728] GR3D_FREQ 99% cpu@71.843C soc2@70.687C soc0@71.281C gpu@74.343C tj@74.343C soc1@71.843C VDD_IN 17352mW/17357mW VDD_CPU_GPU_CV 7729mW/7661mW VDD_SOC 4159mW/4159mW
08-05-2026 05:32:20 RAM 4361/7620MB (lfb 15x4MB) SWAP 3108/12002MB (cached 59MB) CPU [0%@1728,0%@1728,0%@1728,0%@1728,0%@1728,0%@1728] GR3D_FREQ 99% cpu@71.781C soc2@70.718C soc0@71.343C gpu@74.125C tj@74.125C soc1@71.875C VDD_IN 17352mW/17356mW VDD_CPU_GPU_CV 7688mW/7661mW VDD_SOC 4159mW/4159mW
08-05-2026 05:32:20 RAM 4361/7620MB (lfb 15x4MB) SWAP 3108/12002MB (cached 59MB) CPU [0%@1728,9%@1728,0%@1728,0%@1728,0%@1728,16%@1728] GR3D_FREQ 99% cpu@72.031C soc2@70.687C soc0@71.343C gpu@73.75C tj@73.75C soc1@71.937C VDD_IN 17352mW/17356mW VDD_CPU_GPU_CV 7729mW/7661mW VDD_SOC 4159mW/4159mW
08-05-2026 05:32:20 RAM 4361/7620MB (lfb 15x4MB) SWAP 3108/12002MB (cached 59MB) CPU [9%@1728,0%@1728,0%@1728,0%@1728,0%@1728,0%@1728] GR3D_FREQ 99% cpu@72.031C soc2@70.75C soc0@71.468C gpu@74.156C tj@74.156C soc1@71.718C VDD_IN 17271mW/17356mW VDD_CPU_GPU_CV 7648mW/7661mW VDD_SOC 4159mW/4159mW
08-05-2026 05:32:20 RAM 4361/7620MB (lfb 15x4MB) SWAP 3108/12002MB (cached 59MB) CPU [0%@1728,0%@1728,0%@1728,0%@1728,0%@1728,0%@1728] GR3D_FREQ 99% cpu@72.187C soc2@70.687C soc0@71.218C gpu@74C tj@74C soc1@71.781C VDD_IN 17271mW/17356mW VDD_CPU_GPU_CV 7648mW/7661mW VDD_SOC 4159mW/4159mW
08-05-2026 05:32:20 RAM 4361/7620MB (lfb 15x4MB) SWAP 3108/12002MB (cached 59MB) CPU [0%@1728,0%@1728,0%@1728,0%@1728,18%@1728,0%@1728] GR3D_FREQ 98% cpu@71.812C soc2@70.875C soc0@71.343C gpu@73.562C tj@73.562C soc1@71.75C VDD_IN 17311mW/17356mW VDD_CPU_GPU_CV 7648mW/7661mW VDD_SOC 4159mW/4159mW
08-05-2026 05:32:20 RAM 4361/7620MB (lfb 15x4MB) SWAP 3108/12002MB (cached 59MB) CPU [0%@1728,0%@1728,0%@1728,0%@1728,0%@1728,0%@1728] GR3D_FREQ 99% cpu@71.906C soc2@70.843C soc0@71.406C gpu@74.093C tj@74.093C soc1@71.812C VDD_IN 17311mW/17356mW VDD_CPU_GPU_CV 7688mW/7661mW VDD_SOC 4159mW/4159mW
08-05-2026 05:32:20 RAM 4361/7620MB (lfb 15x4MB) SWAP 3108/12002MB (cached 59MB) CPU [0%@1728,0%@1728,0%@1728,0%@1728,0%@1728,0%@1728] GR3D_FREQ 99% cpu@72.062C soc2@70.718C soc0@71.343C gpu@73.937C tj@73.937C soc1@71.968C VDD_IN 17352mW/17356mW VDD_CPU_GPU_CV 7688mW/7661mW VDD_SOC 4159mW/4159mW
08-05-2026 05:32:20 RAM 4361/7620MB (lfb 15x4MB) SWAP 3108/12002MB (cached 59MB) CPU [0%@1728,0%@1728,0%@1728,0%@1728,0%@1728,0%@1728] GR3D_FREQ 99% cpu@72.125C soc2@70.75C soc0@71.156C gpu@73.718C tj@73.718C soc1@71.75C VDD_IN 17392mW/17356mW VDD_CPU_GPU_CV 7688mW/7661mW VDD_SOC 4159mW/4159mW
08-05-2026 05:32:20 RAM 4361/7620MB (lfb 15x4MB) SWAP 3108/12002MB (cached 59MB) CPU [0%@1728,0%@1728,0%@1728,8%@1728,0%@1728,0%@1728] GR3D_FREQ 99% cpu@71.906C soc2@70.843C soc0@71.218C gpu@74.125C tj@74.125C soc1@71.718C VDD_IN 17433mW/17356mW VDD_CPU_GPU_CV 7729mW/7661mW VDD_SOC 4159mW/4159mW
08-05-2026 05:32:21 RAM 4361/7620MB (lfb 15x4MB) SWAP 3108/12002MB (cached 59MB) CPU [0%@1728,0%@1728,0%@1728,0%@1728,0%@1728,0%@1728] GR3D_FREQ 99% cpu@71.843C soc2@70.812C soc0@71.281C gpu@73.875C tj@73.875C soc1@71.937C VDD_IN 17473mW/17356mW VDD_CPU_GPU_CV 7729mW/7662mW VDD_SOC 4199mW/4160mW
08-05-2026 05:32:21 RAM 4361/7620MB (lfb 15x4MB) SWAP 3108/12002MB (cached 59MB) CPU [0%@1728,0%@1728,0%@1728,0%@1728,0%@1728,0%@1728] GR3D_FREQ 99% cpu@71.968C soc2@70.75C soc0@71.375C gpu@73.625C tj@73.625C soc1@71.937C VDD_IN 17473mW/17357mW VDD_CPU_GPU_CV 7716mW/7662mW VDD_SOC 4199mW/4160mW
08-05-2026 05:32:21 RAM 4361/7620MB (lfb 15x4MB) SWAP 3108/12002MB (cached 59MB) CPU [0%@1728,0%@1728,9%@1728,0%@1728,10%@1728,18%@1728] GR3D_FREQ 99% cpu@72.156C soc2@70.843C soc0@71.156C gpu@74.031C tj@74.031C soc1@71.75C VDD_IN 17473mW/17357mW VDD_CPU_GPU_CV 7729mW/7662mW VDD_SOC 4199mW/4160mW
08-05-2026 05:32:21 RAM 4361/7620MB (lfb 15x4MB) SWAP 3108/12002MB (cached 59MB) CPU [0%@1728,0%@1728,0%@1728,0%@1728,0%@1728,0%@1728] GR3D_FREQ 99% cpu@72.281C soc2@70.625C soc0@71.218C gpu@73.812C tj@73.812C soc1@71.843C VDD_IN 17513mW/17357mW VDD_CPU_GPU_CV 7716mW/7662mW VDD_SOC 4199mW/4160mW
08-05-2026 05:32:21 RAM 4361/7620MB (lfb 15x4MB) SWAP 3108/12002MB (cached 59MB) CPU [0%@1728,0%@1728,0%@1728,0%@1728,0%@1728,0%@1728] GR3D_FREQ 99% cpu@72.062C soc2@70.718C soc0@71.281C gpu@73.781C tj@73.781C soc1@71.906C VDD_IN 17513mW/17357mW VDD_CPU_GPU_CV 7716mW/7662mW VDD_SOC 4199mW/4160mW
08-05-2026 05:32:21 RAM 4361/7620MB (lfb 15x4MB) SWAP 3108/12002MB (cached 59MB) CPU [0%@1728,0%@1728,0%@1728,0%@1728,0%@1728,0%@1728] GR3D_FREQ 99% cpu@71.812C soc2@70.781C soc0@71.312C gpu@74.156C tj@74.156C soc1@72C VDD_IN 17473mW/17358mW VDD_CPU_GPU_CV 7676mW/7662mW VDD_SOC 4199mW/4160mW
08-05-2026 05:32:21 RAM 4361/7620MB (lfb 15x4MB) SWAP 3108/12002MB (cached 59MB) CPU [0%@1728,0%@1728,0%@1728,0%@1728,0%@1728,0%@1728] GR3D_FREQ 99% cpu@72.125C soc2@70.781C soc0@71.406C gpu@73.812C tj@73.812C soc1@72.062C VDD_IN 17473mW/17358mW VDD_CPU_GPU_CV 7729mW/7662mW VDD_SOC 4199mW/4160mW
08-05-2026 05:32:21 RAM 4361/7620MB (lfb 15x4MB) SWAP 3108/12002MB (cached 59MB) CPU [0%@1728,0%@1728,0%@1728,0%@1728,0%@1728,0%@1728] GR3D_FREQ 99% cpu@72.343C soc2@70.718C soc0@71.187C gpu@74.375C tj@74.375C soc1@71.687C VDD_IN 17473mW/17358mW VDD_CPU_GPU_CV 7729mW/7662mW VDD_SOC 4199mW/4160mW
08-05-2026 05:32:21 RAM 4361/7620MB (lfb 15x4MB) SWAP 3108/12002MB (cached 59MB) CPU [0%@1728,9%@1728,0%@1728,0%@1728,18%@1728,0%@1728] GR3D_FREQ 99% cpu@71.968C soc2@70.687C soc0@71.25C gpu@73.843C tj@73.843C soc1@71.875C VDD_IN 17473mW/17358mW VDD_CPU_GPU_CV 7688mW/7662mW VDD_SOC 4199mW/4160mW
08-05-2026 05:32:21 RAM 4361/7620MB (lfb 15x4MB) SWAP 3108/12002MB (cached 59MB) CPU [0%@1728,0%@1728,0%@1728,0%@1728,0%@1728,0%@1728] GR3D_FREQ 99% cpu@71.843C soc2@70.812C soc0@71.343C gpu@73.656C tj@73.656C soc1@71.875C VDD_IN 17433mW/17358mW VDD_CPU_GPU_CV 7688mW/7662mW VDD_SOC 4199mW/4160mW
08-05-2026 05:32:22 RAM 4361/7620MB (lfb 15x4MB) SWAP 3108/12002MB (cached 59MB) CPU [0%@1728,0%@1728,0%@1728,0%@1728,0%@1728,0%@1728] GR3D_FREQ 99% cpu@71.812C soc2@70.812C soc0@71.375C gpu@74.125C tj@74.125C soc1@71.968C VDD_IN 17433mW/17359mW VDD_CPU_GPU_CV 7648mW/7662mW VDD_SOC 4199mW/4160mW
08-05-2026 05:32:22 RAM 4361/7620MB (lfb 15x4MB) SWAP 3108/12002MB (cached 59MB) CPU [0%@1728,0%@1728,0%@1728,0%@1728,0%@1728,0%@1728] GR3D_FREQ 99% cpu@72.187C soc2@70.843C soc0@71.406C gpu@73.656C tj@73.656C soc1@71.75C VDD_IN 17392mW/17359mW VDD_CPU_GPU_CV 7648mW/7662mW VDD_SOC 4199mW/4160mW
08-05-2026 05:32:22 RAM 4361/7620MB (lfb 15x4MB) SWAP 3108/12002MB (cached 59MB) CPU [0%@1728,16%@1728,9%@1728,0%@1728,0%@1728,11%@1728] GR3D_FREQ 99% cpu@72.218C soc2@70.687C soc0@71.187C gpu@73.625C tj@73.625C soc1@71.75C VDD_IN 17352mW/17359mW VDD_CPU_GPU_CV 7648mW/7662mW VDD_SOC 4159mW/4160mW
08-05-2026 05:32:22 RAM 4361/7620MB (lfb 15x4MB) SWAP 3108/12002MB (cached 59MB) CPU [0%@1728,0%@1728,0%@1728,0%@1728,0%@1728,0%@1728] GR3D_FREQ 99% cpu@71.812C soc2@70.75C soc0@71.343C gpu@73.968C tj@74.218C soc1@71.812C VDD_IN 17311mW/17359mW VDD_CPU_GPU_CV 7648mW/7662mW VDD_SOC 4159mW/4160mW
08-05-2026 05:32:22 RAM 4361/7620MB (lfb 15x4MB) SWAP 3108/12002MB (cached 59MB) CPU [9%@1728,22%@1728,0%@1728,0%@1728,18%@1728,9%@1728] GR3D_FREQ 99% cpu@71.906C soc2@70.812C soc0@71.343C gpu@73.843C tj@73.843C soc1@71.906C VDD_IN 17392mW/17359mW VDD_CPU_GPU_CV 7688mW/7662mW VDD_SOC 4159mW/4160mW
08-05-2026 05:32:22 RAM 4361/7620MB (lfb 15x4MB) SWAP 3108/12002MB (cached 59MB) CPU [0%@1728,0%@1728,0%@1728,0%@1728,0%@1728,0%@1728] GR3D_FREQ 99% cpu@72.062C soc2@70.781C soc0@71.406C gpu@73.812C tj@73.812C soc1@72.031C VDD_IN 17392mW/17359mW VDD_CPU_GPU_CV 7688mW/7662mW VDD_SOC 4159mW/4160mW
08-05-2026 05:32:22 RAM 4361/7620MB (lfb 15x4MB) SWAP 3108/12002MB (cached 59MB) CPU [0%@1728,0%@1728,0%@1728,0%@1728,0%@1728,0%@1728] GR3D_FREQ 99% cpu@72.156C soc2@70.875C soc0@71.312C gpu@73.843C tj@73.843C soc1@71.687C VDD_IN 17392mW/17359mW VDD_CPU_GPU_CV 7648mW/7662mW VDD_SOC 4159mW/4160mW
08-05-2026 05:32:22 RAM 4361/7620MB (lfb 15x4MB) SWAP 3108/12002MB (cached 59MB) CPU [0%@1728,0%@1728,0%@1728,0%@1728,0%@1728,0%@1728] GR3D_FREQ 99% cpu@71.812C soc2@70.687C soc0@71.218C gpu@73.718C tj@73.718C soc1@71.875C VDD_IN 17352mW/17359mW VDD_CPU_GPU_CV 7648mW/7662mW VDD_SOC 4159mW/4160mW
08-05-2026 05:32:22 RAM 4361/7620MB (lfb 15x4MB) SWAP 3108/12002MB (cached 59MB) CPU [0%@1728,0%@1728,0%@1728,0%@1728,0%@1728,0%@1728] GR3D_FREQ 99% cpu@71.687C soc2@70.718C soc0@71.187C gpu@73.593C tj@73.593C soc1@71.75C VDD_IN 17311mW/17359mW VDD_CPU_GPU_CV 7648mW/7662mW VDD_SOC 4159mW/4160mW
08-05-2026 05:32:23 RAM 4361/7620MB (lfb 15x4MB) SWAP 3108/12002MB (cached 59MB) CPU [0%@1728,0%@1728,8%@1728,0%@1728,0%@1728,0%@1728] GR3D_FREQ 99% cpu@71.781C soc2@70.75C soc0@71.375C gpu@73.625C tj@73.625C soc1@71.843C VDD_IN 17311mW/17359mW VDD_CPU_GPU_CV 7648mW/7662mW VDD_SOC 4159mW/4160mW
08-05-2026 05:32:23 RAM 4361/7620MB (lfb 15x4MB) SWAP 3108/12002MB (cached 59MB) CPU [0%@1728,0%@1728,0%@1728,0%@1728,10%@1728,0%@1728] GR3D_FREQ 97% cpu@72.125C soc2@70.875C soc0@71.312C gpu@73.531C tj@73.531C soc1@71.718C VDD_IN 17392mW/17359mW VDD_CPU_GPU_CV 7688mW/7662mW VDD_SOC 4159mW/4160mW
08-05-2026 05:32:23 RAM 4361/7620MB (lfb 15x4MB) SWAP 3108/12002MB (cached 59MB) CPU [9%@1728,0%@1728,0%@1728,0%@1728,0%@1728,18%@1728] GR3D_FREQ 99% cpu@71.875C soc2@70.593C soc0@71.218C gpu@73.812C tj@73.812C soc1@71.75C VDD_IN 17433mW/17359mW VDD_CPU_GPU_CV 7688mW/7662mW VDD_SOC 4159mW/4160mW
08-05-2026 05:32:23 RAM 4362/7620MB (lfb 15x4MB) SWAP 3108/12002MB (cached 59MB) CPU [0%@1728,0%@1728,0%@1728,0%@1728,0%@1728,0%@1728] GR3D_FREQ 99% cpu@71.781C soc2@70.687C soc0@71.125C gpu@73.843C tj@73.843C soc1@71.781C VDD_IN 17433mW/17359mW VDD_CPU_GPU_CV 7676mW/7662mW VDD_SOC 4159mW/4160mW
08-05-2026 05:32:23 RAM 4362/7620MB (lfb 15x4MB) SWAP 3108/12002MB (cached 59MB) CPU [0%@1728,0%@1728,0%@1728,8%@1728,0%@1728,0%@1728] GR3D_FREQ 99% cpu@71.781C soc2@70.687C soc0@71.156C gpu@73.812C tj@73.812C soc1@71.781C VDD_IN 17473mW/17359mW VDD_CPU_GPU_CV 7676mW/7662mW VDD_SOC 4199mW/4160mW
08-05-2026 05:32:23 RAM 4365/7620MB (lfb 15x4MB) SWAP 3108/12002MB (cached 59MB) CPU [9%@1728,27%@1728,0%@1728,0%@1728,0%@1728,0%@1728] GR3D_FREQ 99% cpu@71.812C soc2@70.75C soc0@71.343C gpu@73.75C tj@73.75C soc1@71.906C VDD_IN 17513mW/17359mW VDD_CPU_GPU_CV 7716mW/7663mW VDD_SOC 4199mW/4160mW
08-05-2026 05:32:23 RAM 4365/7620MB (lfb 15x4MB) SWAP 3108/12002MB (cached 59MB) CPU [9%@1728,0%@1728,0%@1728,0%@1728,0%@1728,0%@1728] GR3D_FREQ 99% cpu@72.156C soc2@70.75C soc0@71.218C gpu@73.781C tj@73.781C soc1@71.718C VDD_IN 17513mW/17360mW VDD_CPU_GPU_CV 7716mW/7663mW VDD_SOC 4199mW/4161mW
08-05-2026 05:32:23 RAM 4365/7620MB (lfb 15x4MB) SWAP 3108/12002MB (cached 59MB) CPU [0%@1728,0%@1728,0%@1728,0%@1728,0%@1728,0%@1728] GR3D_FREQ 99% cpu@71.906C soc2@70.625C soc0@71.281C gpu@73.687C tj@73.687C soc1@71.812C VDD_IN 17513mW/17360mW VDD_CPU_GPU_CV 7716mW/7663mW VDD_SOC 4199mW/4161mW
08-05-2026 05:32:23 RAM 4365/7620MB (lfb 15x4MB) SWAP 3108/12002MB (cached 59MB) CPU [0%@1728,0%@1728,0%@1728,0%@1728,10%@1728,0%@1728] GR3D_FREQ 99% cpu@71.781C soc2@70.687C soc0@71.312C gpu@73.812C tj@73.812C soc1@71.812C VDD_IN 17554mW/17360mW VDD_CPU_GPU_CV 7716mW/7663mW VDD_SOC 4199mW/4161mW
08-05-2026 05:32:23 RAM 4365/7620MB (lfb 15x4MB) SWAP 3108/12002MB (cached 59MB) CPU [0%@1728,0%@1728,0%@1728,0%@1728,0%@1728,0%@1728] GR3D_FREQ 99% cpu@71.781C soc2@70.718C soc0@71.281C gpu@73.781C tj@73.781C soc1@71.875C VDD_IN 17554mW/17361mW VDD_CPU_GPU_CV 7716mW/7663mW VDD_SOC 4199mW/4161mW
08-05-2026 05:32:24 RAM 4365/7620MB (lfb 15x4MB) SWAP 3108/12002MB (cached 59MB) CPU [0%@1728,0%@1728,0%@1728,0%@1728,0%@1728,0%@1728] GR3D_FREQ 99% cpu@72.093C soc2@70.75C soc0@71.406C gpu@73.718C tj@73.718C soc1@71.687C VDD_IN 17554mW/17361mW VDD_CPU_GPU_CV 7716mW/7663mW VDD_SOC 4199mW/4161mW
08-05-2026 05:32:24 RAM 4365/7620MB (lfb 15x4MB) SWAP 3108/12002MB (cached 59MB) CPU [0%@1728,0%@1728,0%@1728,0%@1728,0%@1728,0%@1728] GR3D_FREQ 99% cpu@71.843C soc2@70.656C soc0@71.187C gpu@73.843C tj@73.843C soc1@71.687C VDD_IN 17513mW/17361mW VDD_CPU_GPU_CV 7729mW/7663mW VDD_SOC 4199mW/4161mW
08-05-2026 05:32:24 RAM 4365/7620MB (lfb 15x4MB) SWAP 3108/12002MB (cached 59MB) CPU [8%@1728,0%@1728,0%@1728,0%@1728,0%@1728,10%@1728] GR3D_FREQ 99% cpu@71.812C soc2@70.593C soc0@71.25C gpu@73.718C tj@73.718C soc1@71.781C VDD_IN 17433mW/17361mW VDD_CPU_GPU_CV 7688mW/7663mW VDD_SOC 4199mW/4161mW
08-05-2026 05:32:24 RAM 4365/7620MB (lfb 15x4MB) SWAP 3108/12002MB (cached 59MB) CPU [0%@1728,0%@1728,0%@1728,0%@1728,0%@1728,0%@1728] GR3D_FREQ 99% cpu@71.812C soc2@70.687C soc0@71.25C gpu@73.906C tj@73.906C soc1@71.812C VDD_IN 17433mW/17362mW VDD_CPU_GPU_CV 7688mW/7663mW VDD_SOC 4199mW/4161mW
08-05-2026 05:32:24 RAM 4365/7620MB (lfb 15x4MB) SWAP 3108/12002MB (cached 59MB) CPU [0%@1728,8%@1728,0%@1728,0%@1728,18%@1728,0%@1728] GR3D_FREQ 99% cpu@71.718C soc2@70.687C soc0@71.375C gpu@73.562C tj@73.562C soc1@71.968C VDD_IN 17392mW/17362mW VDD_CPU_GPU_CV 7648mW/7663mW VDD_SOC 4199mW/4161mW
08-05-2026 05:32:24 RAM 4365/7620MB (lfb 15x4MB) SWAP 3108/12002MB (cached 59MB) CPU [0%@1728,0%@1728,0%@1728,8%@1728,0%@1728,0%@1728] GR3D_FREQ 99% cpu@72.25C soc2@70.75C soc0@71.406C gpu@73.562C tj@73.562C soc1@71.718C VDD_IN 17352mW/17362mW VDD_CPU_GPU_CV 7648mW/7663mW VDD_SOC 4159mW/4161mW
08-05-2026 05:32:24 RAM 4365/7620MB (lfb 15x4MB) SWAP 3108/12002MB (cached 59MB) CPU [0%@1728,0%@1728,0%@1728,0%@1728,0%@1728,0%@1728] GR3D_FREQ 99% cpu@71.781C soc2@70.593C soc0@71.156C gpu@73.781C tj@73.781C soc1@71.687C VDD_IN 17352mW/17362mW VDD_CPU_GPU_CV 7648mW/7663mW VDD_SOC 4159mW/4161mW
08-05-2026 05:32:24 RAM 4365/7620MB (lfb 15x4MB) SWAP 3108/12002MB (cached 59MB) CPU [0%@1728,0%@1728,0%@1728,0%@1728,0%@1728,0%@1728] GR3D_FREQ 99% cpu@71.75C soc2@70.625C soc0@71.25C gpu@73.75C tj@73.75C soc1@71.75C VDD_IN 17311mW/17361mW VDD_CPU_GPU_CV 7648mW/7663mW VDD_SOC 4159mW/4161mW
08-05-2026 05:32:24 RAM 4365/7620MB (lfb 15x4MB) SWAP 3108/12002MB (cached 59MB) CPU [0%@1728,0%@1728,0%@1728,0%@1728,0%@1728,0%@1728] GR3D_FREQ 99% cpu@71.781C soc2@70.687C soc0@71.187C gpu@74.125C tj@74.125C soc1@71.906C VDD_IN 17311mW/17361mW VDD_CPU_GPU_CV 7688mW/7663mW VDD_SOC 4119mW/4161mW
08-05-2026 05:32:25 RAM 4365/7620MB (lfb 15x4MB) SWAP 3108/12002MB (cached 59MB) CPU [0%@1728,8%@1728,0%@1728,0%@1728,0%@1728,0%@1728] GR3D_FREQ 99% cpu@71.75C soc2@70.718C soc0@71.375C gpu@73.968C tj@73.968C soc1@72C VDD_IN 17311mW/17361mW VDD_CPU_GPU_CV 7688mW/7663mW VDD_SOC 4119mW/4161mW
08-05-2026 05:32:25 RAM 4365/7620MB (lfb 15x4MB) SWAP 3108/12002MB (cached 59MB) CPU [0%@1728,0%@1728,0%@1728,8%@1728,9%@1728,0%@1728] GR3D_FREQ 99% cpu@71.75C soc2@70.593C soc0@71.156C gpu@73.875C tj@73.875C soc1@71.687C VDD_IN 17352mW/17361mW VDD_CPU_GPU_CV 7688mW/7663mW VDD_SOC 4159mW/4161mW
08-05-2026 05:32:25 RAM 4365/7620MB (lfb 15x4MB) SWAP 3108/12002MB (cached 59MB) CPU [9%@1728,0%@1728,9%@1728,0%@1728,0%@1728,18%@1728] GR3D_FREQ 99% cpu@71.781C soc2@70.625C soc0@71.187C gpu@73.812C tj@73.812C soc1@71.781C VDD_IN 17311mW/17361mW VDD_CPU_GPU_CV 7648mW/7663mW VDD_SOC 4159mW/4161mW
08-05-2026 05:32:25 RAM 4365/7620MB (lfb 15x4MB) SWAP 3108/12002MB (cached 59MB) CPU [0%@1728,0%@1728,0%@1728,0%@1728,0%@1728,0%@1728] GR3D_FREQ 99% cpu@71.718C soc2@70.625C soc0@71.281C gpu@73.781C tj@73.781C soc1@71.781C VDD_IN 17311mW/17361mW VDD_CPU_GPU_CV 7608mW/7663mW VDD_SOC 4159mW/4161mW
08-05-2026 05:32:25 RAM 4365/7620MB (lfb 15x4MB) SWAP 3108/12002MB (cached 59MB) CPU [0%@1728,0%@1728,0%@1728,0%@1728,0%@1728,0%@1728] GR3D_FREQ 99% cpu@71.718C soc2@70.656C soc0@71.312C gpu@73.468C tj@73.468C soc1@71.937C VDD_IN 17271mW/17361mW VDD_CPU_GPU_CV 7608mW/7663mW VDD_SOC 4159mW/4161mW
08-05-2026 05:32:25 RAM 4365/7620MB (lfb 15x4MB) SWAP 3108/12002MB (cached 59MB) CPU [0%@1728,0%@1728,0%@1728,0%@1728,0%@1728,0%@1728] GR3D_FREQ 99% cpu@71.937C soc2@70.843C soc0@71.062C gpu@73.812C tj@73.812C soc1@71.656C VDD_IN 17311mW/17361mW VDD_CPU_GPU_CV 7608mW/7663mW VDD_SOC 4159mW/4161mW
08-05-2026 05:32:25 RAM 4365/7620MB (lfb 15x4MB) SWAP 3108/12002MB (cached 59MB) CPU [0%@1728,0%@1728,0%@1728,0%@1728,0%@1728,0%@1728] GR3D_FREQ 99% cpu@71.781C soc2@70.531C soc0@71.25C gpu@73.625C tj@73.625C soc1@71.718C VDD_IN 17352mW/17361mW VDD_CPU_GPU_CV 7608mW/7663mW VDD_SOC 4159mW/4161mW
08-05-2026 05:32:25 RAM 4364/7620MB (lfb 15x4MB) SWAP 3108/12002MB (cached 59MB) CPU [9%@1728,20%@1728,0%@1728,0%@1728,10%@1728,10%@1728] GR3D_FREQ 96% cpu@71.812C soc2@70.562C soc0@71.156C gpu@74.031C tj@73.562C soc1@71.781C VDD_IN 17513mW/17361mW VDD_CPU_GPU_CV 7716mW/7663mW VDD_SOC 4199mW/4161mW
08-05-2026 05:32:25 RAM 4362/7620MB (lfb 15x4MB) SWAP 3108/12002MB (cached 59MB) CPU [0%@1728,0%@1728,0%@1728,8%@1728,0%@1728,0%@1728] GR3D_FREQ 99% cpu@71.781C soc2@70.781C soc0@71.312C gpu@74C tj@74C soc1@71.718C VDD_IN 17513mW/17361mW VDD_CPU_GPU_CV 7716mW/7663mW VDD_SOC 4199mW/4161mW
08-05-2026 05:32:25 RAM 4362/7620MB (lfb 15x4MB) SWAP 3108/12002MB (cached 59MB) CPU [0%@1728,0%@1728,0%@1728,0%@1728,0%@1728,0%@1728] GR3D_FREQ 99% cpu@71.812C soc2@70.593C soc0@71.343C gpu@73.781C tj@73.781C soc1@71.937C VDD_IN 17554mW/17362mW VDD_CPU_GPU_CV 7716mW/7663mW VDD_SOC 4199mW/4161mW
08-05-2026 05:32:26 RAM 4362/7620MB (lfb 15x4MB) SWAP 3108/12002MB (cached 59MB) CPU [0%@1728,0%@1728,0%@1728,0%@1728,0%@1728,0%@1728] GR3D_FREQ 99% cpu@71.843C soc2@70.625C soc0@71.062C gpu@73.843C tj@73.843C soc1@71.687C VDD_IN 17554mW/17362mW VDD_CPU_GPU_CV 7716mW/7663mW VDD_SOC 4199mW/4161mW
08-05-2026 05:32:26 RAM 4362/7620MB (lfb 15x4MB) SWAP 3108/12002MB (cached 59MB) CPU [0%@1728,9%@1728,0%@1728,0%@1728,0%@1728,0%@1728] GR3D_FREQ 99% cpu@71.75C soc2@70.625C soc0@71.093C gpu@73.906C tj@73.906C soc1@71.687C VDD_IN 17513mW/17362mW VDD_CPU_GPU_CV 7716mW/7663mW VDD_SOC 4199mW/4161mW
08-05-2026 05:32:26 RAM 4362/7620MB (lfb 15x4MB) SWAP 3108/12002MB (cached 59MB) CPU [9%@1728,9%@1728,0%@1728,0%@1728,0%@1728,10%@1728] GR3D_FREQ 99% cpu@71.812C soc2@70.687C soc0@71.25C gpu@73.75C tj@73.75C soc1@71.812C VDD_IN 17513mW/17363mW VDD_CPU_GPU_CV 7729mW/7663mW VDD_SOC 4199mW/4161mW
08-05-2026 05:32:26 RAM 4362/7620MB (lfb 15x4MB) SWAP 3108/12002MB (cached 59MB) CPU [0%@1728,0%@1728,0%@1728,0%@1728,0%@1728,0%@1728] GR3D_FREQ 99% cpu@71.781C soc2@70.687C soc0@71.218C gpu@73.968C tj@73.968C soc1@71.812C VDD_IN 17513mW/17363mW VDD_CPU_GPU_CV 7676mW/7663mW VDD_SOC 4199mW/4161mW
08-05-2026 05:32:26 RAM 4362/7620MB (lfb 15x4MB) SWAP 3108/12002MB (cached 59MB) CPU [0%@1728,0%@1728,0%@1728,0%@1728,18%@1728,8%@1728] GR3D_FREQ 99% cpu@71.812C soc2@70.75C soc0@71.093C gpu@73.812C tj@73.812C soc1@71.656C VDD_IN 17473mW/17363mW VDD_CPU_GPU_CV 7676mW/7663mW VDD_SOC 4199mW/4161mW
08-05-2026 05:32:26 RAM 4362/7620MB (lfb 15x4MB) SWAP 3108/12002MB (cached 59MB) CPU [0%@1728,0%@1728,0%@1728,0%@1728,0%@1728,0%@1728] GR3D_FREQ 99% cpu@71.718C soc2@70.687C soc0@71.125C gpu@74.093C tj@74.093C soc1@71.625C VDD_IN 17473mW/17363mW VDD_CPU_GPU_CV 7676mW/7663mW VDD_SOC 4199mW/4162mW
08-05-2026 05:32:26 RAM 4362/7620MB (lfb 15x4MB) SWAP 3108/12002MB (cached 59MB) CPU [0%@1728,0%@1728,0%@1728,0%@1728,0%@1728,0%@1728] GR3D_FREQ 99% cpu@71.687C soc2@70.468C soc0@71.156C gpu@73.937C tj@73.937C soc1@71.718C VDD_IN 17473mW/17363mW VDD_CPU_GPU_CV 7676mW/7664mW VDD_SOC 4199mW/4162mW
08-05-2026 05:32:26 RAM 4362/7620MB (lfb 15x4MB) SWAP 3108/12002MB (cached 59MB) CPU [0%@1728,0%@1728,0%@1728,0%@1728,0%@1728,0%@1728] GR3D_FREQ 99% cpu@71.812C soc2@70.625C soc0@71.187C gpu@73.812C tj@73.812C soc1@71.75C VDD_IN 17433mW/17363mW VDD_CPU_GPU_CV 7636mW/7663mW VDD_SOC 4199mW/4162mW
08-05-2026 05:32:26 RAM 4362/7620MB (lfb 15x4MB) SWAP 3108/12002MB (cached 59MB) CPU [0%@1728,0%@1728,0%@1728,0%@1728,0%@1728,0%@1728] GR3D_FREQ 99% cpu@71.718C soc2@70.593C soc0@71.281C gpu@73.906C tj@73.906C soc1@71.968C VDD_IN 17433mW/17364mW VDD_CPU_GPU_CV 7636mW/7663mW VDD_SOC 4199mW/4162mW
08-05-2026 05:32:27 RAM 4362/7620MB (lfb 15x4MB) SWAP 3108/12002MB (cached 59MB) CPU [0%@1728,0%@1728,0%@1728,0%@1728,0%@1728,0%@1728] GR3D_FREQ 99% cpu@71.718C soc2@70.5C soc0@71.156C gpu@73.75C tj@73.75C soc1@71.593C VDD_IN 17392mW/17364mW VDD_CPU_GPU_CV 7648mW/7663mW VDD_SOC 4199mW/4162mW
08-05-2026 05:32:27 RAM 4362/7620MB (lfb 15x4MB) SWAP 3108/12002MB (cached 59MB) CPU [0%@1728,0%@1728,0%@1728,0%@1728,10%@1728,0%@1728] GR3D_FREQ 99% cpu@71.687C soc2@70.593C soc0@71.062C gpu@73.562C tj@73.562C soc1@71.625C VDD_IN 17352mW/17364mW VDD_CPU_GPU_CV 7648mW/7663mW VDD_SOC 4159mW/4162mW
08-05-2026 05:32:27 RAM 4362/7620MB (lfb 15x4MB) SWAP 3108/12002MB (cached 59MB) CPU [0%@1728,0%@1728,0%@1728,0%@1728,9%@1728,0%@1728] GR3D_FREQ 99% cpu@71.812C soc2@70.531C soc0@71.218C gpu@73.843C tj@73.843C soc1@71.781C VDD_IN 17352mW/17364mW VDD_CPU_GPU_CV 7688mW/7663mW VDD_SOC 4159mW/4162mW
08-05-2026 05:32:27 RAM 4362/7620MB (lfb 15x4MB) SWAP 3108/12002MB (cached 59MB) CPU [0%@1728,0%@1728,0%@1728,0%@1728,0%@1728,9%@1728] GR3D_FREQ 99% cpu@71.687C soc2@70.625C soc0@71.218C gpu@73.906C tj@73.906C soc1@71.843C VDD_IN 17311mW/17364mW VDD_CPU_GPU_CV 7648mW/7663mW VDD_SOC 4119mW/4162mW
08-05-2026 05:32:27 RAM 4362/7620MB (lfb 15x4MB) SWAP 3108/12002MB (cached 59MB) CPU [0%@1728,0%@1728,8%@1728,0%@1728,0%@1728,9%@1728] GR3D_FREQ 99% cpu@71.687C soc2@70.625C soc0@71.031C gpu@73.625C tj@73.625C soc1@71.593C VDD_IN 17271mW/17363mW VDD_CPU_GPU_CV 7648mW/7663mW VDD_SOC 4119mW/4162mW
08-05-2026 05:32:27 RAM 4362/7620MB (lfb 15x4MB) SWAP 3108/12002MB (cached 59MB) CPU [0%@1728,0%@1728,0%@1728,0%@1728,0%@1728,0%@1728] GR3D_FREQ 99% cpu@71.562C soc2@70.5C soc0@71.093C gpu@73.937C tj@73.937C soc1@71.687C VDD_IN 17271mW/17363mW VDD_CPU_GPU_CV 7648mW/7663mW VDD_SOC 4119mW/4162mW
08-05-2026 05:32:27 RAM 4362/7620MB (lfb 15x4MB) SWAP 3108/12002MB (cached 59MB) CPU [0%@1728,9%@1728,0%@1728,0%@1728,0%@1728,0%@1728] GR3D_FREQ 99% cpu@71.531C soc2@70.468C soc0@71.031C gpu@73.843C tj@73.843C soc1@71.656C VDD_IN 17271mW/17363mW VDD_CPU_GPU_CV 7648mW/7663mW VDD_SOC 4119mW/4161mW
08-05-2026 05:32:27 RAM 4362/7620MB (lfb 15x4MB) SWAP 3108/12002MB (cached 59MB) CPU [0%@1728,0%@1728,0%@1728,0%@1728,18%@1728,0%@1728] GR3D_FREQ 99% cpu@71.625C soc2@70.531C soc0@71.156C gpu@73.875C tj@73.875C soc1@71.625C VDD_IN 17271mW/17363mW VDD_CPU_GPU_CV 7648mW/7663mW VDD_SOC 4159mW/4161mW
08-05-2026 05:32:27 RAM 4362/7620MB (lfb 15x4MB) SWAP 3108/12002MB (cached 59MB) CPU [0%@1728,0%@1728,0%@1728,0%@1728,0%@1728,0%@1728] GR3D_FREQ 99% cpu@71.593C soc2@70.5C soc0@71.218C gpu@73.718C tj@73.718C soc1@71.75C VDD_IN 17271mW/17363mW VDD_CPU_GPU_CV 7648mW/7663mW VDD_SOC 4159mW/4161mW
08-05-2026 05:32:27 RAM 4362/7620MB (lfb 15x4MB) SWAP 3108/12002MB (cached 59MB) CPU [0%@1728,0%@1728,0%@1728,0%@1728,0%@1728,0%@1728] GR3D_FREQ 99% cpu@71.687C soc2@70.656C soc0@70.968C gpu@73.437C tj@73.437C soc1@71.531C VDD_IN 17311mW/17363mW VDD_CPU_GPU_CV 7648mW/7663mW VDD_SOC 4159mW/4161mW
08-05-2026 05:32:28 RAM 4362/7620MB (lfb 15x4MB) SWAP 3108/12002MB (cached 59MB) CPU [0%@1728,0%@1728,0%@1728,0%@1728,0%@1728,0%@1728] GR3D_FREQ 99% cpu@71.625C soc2@70.406C soc0@71C gpu@73.875C tj@73.875C soc1@71.593C VDD_IN 17311mW/17363mW VDD_CPU_GPU_CV 7648mW/7663mW VDD_SOC 4159mW/4161mW
08-05-2026 05:32:28 RAM 4362/7620MB (lfb 15x4MB) SWAP 3108/12002MB (cached 59MB) CPU [0%@1728,9%@1728,0%@1728,0%@1728,0%@1728,0%@1728] GR3D_FREQ 99% cpu@71.687C soc2@70.437C soc0@71.093C gpu@73.687C tj@73.687C soc1@71.625C VDD_IN 17352mW/17363mW VDD_CPU_GPU_CV 7648mW/7663mW VDD_SOC 4159mW/4161mW
08-05-2026 05:32:28 RAM 4362/7620MB (lfb 15x4MB) SWAP 3108/12002MB (cached 59MB) CPU [0%@1728,0%@1728,0%@1728,0%@1728,0%@1728,40%@1728] GR3D_FREQ 99% cpu@71.593C soc2@70.531C soc0@71.125C gpu@73.468C tj@73.468C soc1@71.75C VDD_IN 17433mW/17363mW VDD_CPU_GPU_CV 7729mW/7663mW VDD_SOC 4159mW/4161mW
08-05-2026 05:32:28 RAM 4362/7620MB (lfb 15x4MB) SWAP 3108/12002MB (cached 59MB) CPU [9%@1728,9%@1728,0%@1728,0%@1728,10%@1728,50%@1728] GR3D_FREQ 99% cpu@71.718C soc2@70.531C soc0@71.281C gpu@73.937C tj@73.937C soc1@71.531C VDD_IN 17594mW/17363mW VDD_CPU_GPU_CV 7757mW/7663mW VDD_SOC 4199mW/4162mW
08-05-2026 05:32:28 RAM 4362/7620MB (lfb 15x4MB) SWAP 3108/12002MB (cached 59MB) CPU [0%@1728,0%@1728,0%@1728,9%@1728,9%@1728,9%@1728] GR3D_FREQ 99% cpu@71.75C soc2@70.437C soc0@70.968C gpu@73.718C tj@73.718C soc1@71.593C VDD_IN 17554mW/17363mW VDD_CPU_GPU_CV 7757mW/7664mW VDD_SOC 4199mW/4162mW
08-05-2026 05:32:28 RAM 4362/7620MB (lfb 15x4MB) SWAP 3108/12002MB (cached 59MB) CPU [0%@1728,0%@1728,0%@1728,0%@1728,0%@1728,0%@1728] GR3D_FREQ 99% cpu@71.593C soc2@70.406C soc0@71C gpu@73.531C tj@73.531C soc1@71.562C VDD_IN 17554mW/17364mW VDD_CPU_GPU_CV 7716mW/7664mW VDD_SOC 4199mW/4162mW
08-05-2026 05:32:28 RAM 4362/7620MB (lfb 15x4MB) SWAP 3108/12002MB (cached 59MB) CPU [8%@1728,0%@1728,0%@1728,0%@1728,0%@1728,0%@1728] GR3D_FREQ 99% cpu@71.562C soc2@70.437C soc0@71.093C gpu@73.875C tj@73.875C soc1@71.687C VDD_IN 17513mW/17364mW VDD_CPU_GPU_CV 7716mW/7664mW VDD_SOC 4199mW/4162mW
08-05-2026 05:32:28 RAM 4362/7620MB (lfb 15x4MB) SWAP 3108/12002MB (cached 59MB) CPU [0%@1728,0%@1728,0%@1728,0%@1728,0%@1728,0%@1728] GR3D_FREQ 99% cpu@71.625C soc2@70.531C soc0@71.093C gpu@73.75C tj@73.75C soc1@71.687C VDD_IN 17513mW/17364mW VDD_CPU_GPU_CV 7716mW/7664mW VDD_SOC 4199mW/4162mW
08-05-2026 05:32:28 RAM 4362/7620MB (lfb 15x4MB) SWAP 3108/12002MB (cached 59MB) CPU [0%@1728,0%@1728,0%@1728,0%@1728,0%@1728,0%@1728] GR3D_FREQ 99% cpu@71.718C soc2@70.625C soc0@70.968C gpu@73.5C tj@73.5C soc1@71.593C VDD_IN 17513mW/17364mW VDD_CPU_GPU_CV 7716mW/7664mW VDD_SOC 4199mW/4162mW
08-05-2026 05:32:28 RAM 4352/7620MB (lfb 15x4MB) SWAP 3108/12002MB (cached 59MB) CPU [9%@1728,18%@1728,9%@1728,0%@1728,0%@1728,0%@1728] GR3D_FREQ 99% cpu@71.656C soc2@70.5C soc0@70.906C gpu@73.843C tj@73.843C soc1@71.562C VDD_IN 17594mW/17365mW VDD_CPU_GPU_CV 7757mW/7664mW VDD_SOC 4199mW/4162mW
08-05-2026 05:32:29 RAM 4352/7620MB (lfb 15x4MB) SWAP 3108/12002MB (cached 59MB) CPU [0%@1728,0%@1728,0%@1728,0%@1728,18%@1728,0%@1728] GR3D_FREQ 99% cpu@71.625C soc2@70.5C soc0@71.031C gpu@73.718C tj@73.718C soc1@71.531C VDD_IN 17554mW/17365mW VDD_CPU_GPU_CV 7757mW/7664mW VDD_SOC 4199mW/4162mW
08-05-2026 05:32:29 RAM 4352/7620MB (lfb 15x4MB) SWAP 3108/12002MB (cached 59MB) CPU [0%@1728,9%@1728,0%@1728,0%@1728,0%@1728,0%@1728] GR3D_FREQ 99% cpu@71.656C soc2@70.562C soc0@71.093C gpu@73.562C tj@73.562C soc1@71.687C VDD_IN 17554mW/17365mW VDD_CPU_GPU_CV 7757mW/7664mW VDD_SOC 4199mW/4162mW
08-05-2026 05:32:29 RAM 4352/7620MB (lfb 15x4MB) SWAP 3108/12002MB (cached 59MB) CPU [8%@1728,0%@1728,0%@1728,0%@1728,0%@1728,18%@1728] GR3D_FREQ 99% cpu@71.656C soc2@70.5C soc0@71.218C gpu@73.75C tj@73.75C soc1@71.562C VDD_IN 17433mW/17366mW VDD_CPU_GPU_CV 7688mW/7664mW VDD_SOC 4199mW/4162mW
08-05-2026 05:32:29 RAM 4352/7620MB (lfb 15x4MB) SWAP 3108/12002MB (cached 59MB) CPU [0%@1728,0%@1728,0%@1728,9%@1728,0%@1728,0%@1728] GR3D_FREQ 99% cpu@71.718C soc2@70.437C soc0@70.968C gpu@73.312C tj@73.312C soc1@71.593C VDD_IN 17433mW/17366mW VDD_CPU_GPU_CV 7648mW/7664mW VDD_SOC 4199mW/4162mW
08-05-2026 05:32:29 RAM 4352/7620MB (lfb 15x4MB) SWAP 3108/12002MB (cached 59MB) CPU [9%@1728,0%@1728,0%@1728,0%@1728,0%@1728,0%@1728] GR3D_FREQ 99% cpu@71.5C soc2@70.437C soc0@71.031C gpu@73.843C tj@73.843C soc1@71.625C VDD_IN 17352mW/17366mW VDD_CPU_GPU_CV 7648mW/7664mW VDD_SOC 4159mW/4162mW
08-05-2026 05:32:29 RAM 4352/7620MB (lfb 15x4MB) SWAP 3108/12002MB (cached 59MB) CPU [0%@1728,0%@1728,8%@1728,0%@1728,0%@1728,0%@1728] GR3D_FREQ 99% cpu@71.562C soc2@70.468C soc0@71.031C gpu@73.593C tj@73.593C soc1@71.625C VDD_IN 17352mW/17366mW VDD_CPU_GPU_CV 7688mW/7664mW VDD_SOC 4159mW/4162mW
08-05-2026 05:32:29 RAM 4352/7620MB (lfb 15x4MB) SWAP 3108/12002MB (cached 59MB) CPU [0%@1728,0%@1728,9%@1728,0%@1728,10%@1728,0%@1728] GR3D_FREQ 99% cpu@71.562C soc2@70.562C soc0@71.093C gpu@73.625C tj@73.625C soc1@71.656C VDD_IN 17311mW/17366mW VDD_CPU_GPU_CV 7729mW/7665mW VDD_SOC 4159mW/4162mW
08-05-2026 05:32:29 RAM 4352/7620MB (lfb 15x4MB) SWAP 3108/12002MB (cached 59MB) CPU [0%@1728,9%@1728,0%@1728,0%@1728,0%@1728,0%@1728] GR3D_FREQ 99% cpu@71.687C soc2@70.5C soc0@70.937C gpu@74.093C tj@74.093C soc1@71.5C VDD_IN 17352mW/17366mW VDD_CPU_GPU_CV 7688mW/7665mW VDD_SOC 4119mW/4162mW
08-05-2026 05:32:29 RAM 4352/7620MB (lfb 15x4MB) SWAP 3108/12002MB (cached 59MB) CPU [0%@1728,0%@1728,0%@1728,0%@1728,0%@1728,0%@1728] GR3D_FREQ 99% cpu@71.437C soc2@70.406C soc0@71.031C gpu@73.625C tj@73.937C soc1@71.562C VDD_IN 17352mW/17365mW VDD_CPU_GPU_CV 7688mW/7665mW VDD_SOC 4159mW/4162mW
08-05-2026 05:32:30 RAM 4352/7620MB (lfb 15x4MB) SWAP 3108/12002MB (cached 59MB) CPU [0%@1728,0%@1728,0%@1728,0%@1728,0%@1728,0%@1728] GR3D_FREQ 99% cpu@71.593C soc2@70.468C soc0@71.125C gpu@73.593C tj@73.593C soc1@71.531C VDD_IN 17311mW/17365mW VDD_CPU_GPU_CV 7688mW/7665mW VDD_SOC 4159mW/4162mW
08-05-2026 05:32:30 RAM 4352/7620MB (lfb 15x4MB) SWAP 3108/12002MB (cached 59MB) CPU [0%@1728,0%@1728,0%@1728,0%@1728,0%@1728,0%@1728] GR3D_FREQ 99% cpu@71.593C soc2@70.406C soc0@71.062C gpu@73.968C tj@73.968C soc1@71.625C VDD_IN 17311mW/17365mW VDD_CPU_GPU_CV 7688mW/7665mW VDD_SOC 4159mW/4162mW
08-05-2026 05:32:30 RAM 4352/7620MB (lfb 15x4MB) SWAP 3108/12002MB (cached 59MB) CPU [0%@1728,9%@1728,0%@1728,0%@1728,0%@1728,10%@1728] GR3D_FREQ 99% cpu@71.656C soc2@70.5C soc0@71.25C gpu@73.281C tj@73.281C soc1@71.875C VDD_IN 17230mW/17365mW VDD_CPU_GPU_CV 7648mW/7665mW VDD_SOC 4119mW/4162mW
08-05-2026 05:32:30 RAM 4352/7620MB (lfb 15x4MB) SWAP 3108/12002MB (cached 59MB) CPU [0%@1728,0%@1728,0%@1728,0%@1728,18%@1728,0%@1728] GR3D_FREQ 99% cpu@71.812C soc2@70.468C soc0@71.031C gpu@73.312C tj@73.312C soc1@71.531C VDD_IN 17271mW/17365mW VDD_CPU_GPU_CV 7648mW/7665mW VDD_SOC 4159mW/4162mW
08-05-2026 05:32:30 RAM 4352/7620MB (lfb 15x4MB) SWAP 3108/12002MB (cached 59MB) CPU [0%@1728,0%@1728,0%@1728,0%@1728,0%@1728,9%@1728] GR3D_FREQ 99% cpu@71.437C soc2@70.375C soc0@71.062C gpu@73.781C tj@73.781C soc1@71.625C VDD_IN 17311mW/17365mW VDD_CPU_GPU_CV 7648mW/7665mW VDD_SOC 4159mW/4162mW
08-05-2026 05:32:30 RAM 4352/7620MB (lfb 15x4MB) SWAP 3108/12002MB (cached 59MB) CPU [0%@1728,0%@1728,0%@1728,9%@1728,0%@1728,0%@1728] GR3D_FREQ 99% cpu@71.562C soc2@70.406C soc0@71C gpu@73.5C tj@73.5C soc1@71.687C VDD_IN 17352mW/17365mW VDD_CPU_GPU_CV 7688mW/7665mW VDD_SOC 4159mW/4162mW
08-05-2026 05:32:30 RAM 4352/7620MB (lfb 15x4MB) SWAP 3108/12002MB (cached 59MB) CPU [0%@1728,0%@1728,0%@1728,0%@1728,0%@1728,0%@1728] GR3D_FREQ 99% cpu@71.687C soc2@70.468C soc0@71.218C gpu@73.468C tj@73.468C soc1@71.781C VDD_IN 17392mW/17365mW VDD_CPU_GPU_CV 7688mW/7665mW VDD_SOC 4159mW/4162mW
08-05-2026 05:32:30 RAM 4352/7620MB (lfb 15x4MB) SWAP 3108/12002MB (cached 59MB) CPU [0%@1728,0%@1728,9%@1728,0%@1728,0%@1728,0%@1728] GR3D_FREQ 99% cpu@71.656C soc2@70.343C soc0@70.937C gpu@73.781C tj@73.781C soc1@71.5C VDD_IN 17433mW/17365mW VDD_CPU_GPU_CV 7729mW/7665mW VDD_SOC 4159mW/4162mW
08-05-2026 05:32:30 RAM 4352/7620MB (lfb 15x4MB) SWAP 3108/12002MB (cached 59MB) CPU [0%@1728,0%@1728,0%@1728,0%@1728,0%@1728,0%@1728] GR3D_FREQ 99% cpu@71.812C soc2@70.437C soc0@71.031C gpu@73.593C tj@73.593C soc1@71.531C VDD_IN 17433mW/17365mW VDD_CPU_GPU_CV 7729mW/7665mW VDD_SOC 4159mW/4162mW
08-05-2026 05:32:30 RAM 4352/7620MB (lfb 15x4MB) SWAP 3108/12002MB (cached 59MB) CPU [0%@1728,0%@1728,0%@1728,0%@1728,0%@1728,0%@1728] GR3D_FREQ 99% cpu@71.687C soc2@70.468C soc0@71.062C gpu@73.343C tj@73.343C soc1@71.562C VDD_IN 17473mW/17365mW VDD_CPU_GPU_CV 7729mW/7665mW VDD_SOC 4199mW/4162mW
08-05-2026 05:32:31 RAM 4352/7620MB (lfb 15x4MB) SWAP 3108/12002MB (cached 59MB) CPU [0%@1728,0%@1728,0%@1728,0%@1728,10%@1728,0%@1728] GR3D_FREQ 99% cpu@71.656C soc2@70.5C soc0@71.093C gpu@73.593C tj@73.593C soc1@71.687C VDD_IN 17473mW/17365mW VDD_CPU_GPU_CV 7729mW/7665mW VDD_SOC 4199mW/4162mW
08-05-2026 05:32:31 RAM 4352/7620MB (lfb 15x4MB) SWAP 3108/12002MB (cached 59MB) CPU [0%@1728,0%@1728,16%@1728,0%@1728,0%@1728,0%@1728] GR3D_FREQ 99% cpu@71.718C soc2@70.562C soc0@71.187C gpu@73.531C tj@73.531C soc1@71.875C VDD_IN 17513mW/17366mW VDD_CPU_GPU_CV 7716mW/7665mW VDD_SOC 4199mW/4162mW
08-05-2026 05:32:31 RAM 4352/7620MB (lfb 15x4MB) SWAP 3108/12002MB (cached 59MB) CPU [0%@1728,0%@1728,0%@1728,0%@1728,0%@1728,0%@1728] GR3D_FREQ 99% cpu@71.718C soc2@70.468C soc0@71.031C gpu@74.031C tj@74.031C soc1@71.562C VDD_IN 17513mW/17366mW VDD_CPU_GPU_CV 7676mW/7665mW VDD_SOC 4199mW/4162mW
08-05-2026 05:32:31 RAM 4352/7620MB (lfb 15x4MB) SWAP 3108/12002MB (cached 59MB) CPU [0%@1728,0%@1728,9%@1728,0%@1728,0%@1728,8%@1728] GR3D_FREQ 99% cpu@71.656C soc2@70.531C soc0@70.968C gpu@73.593C tj@73.593C soc1@71.593C VDD_IN 17513mW/17366mW VDD_CPU_GPU_CV 7676mW/7665mW VDD_SOC 4199mW/4162mW
08-05-2026 05:32:31 RAM 4352/7620MB (lfb 15x4MB) SWAP 3108/12002MB (cached 59MB) CPU [0%@1728,0%@1728,0%@1728,0%@1728,0%@1728,9%@1728] GR3D_FREQ 99% cpu@71.562C soc2@70.5C soc0@71.125C gpu@73.531C tj@73.531C soc1@71.593C VDD_IN 17433mW/17366mW VDD_CPU_GPU_CV 7688mW/7665mW VDD_SOC 4199mW/4162mW
08-05-2026 05:32:31 RAM 4352/7620MB (lfb 15x4MB) SWAP 3108/12002MB (cached 59MB) CPU [0%@1728,0%@1728,8%@1728,0%@1728,0%@1728,0%@1728] GR3D_FREQ 99% cpu@71.718C soc2@70.562C soc0@71.093C gpu@73.968C tj@73.968C soc1@71.781C VDD_IN 17433mW/17366mW VDD_CPU_GPU_CV 7688mW/7665mW VDD_SOC 4199mW/4162mW
08-05-2026 05:32:31 RAM 4352/7620MB (lfb 15x4MB) SWAP 3108/12002MB (cached 59MB) CPU [0%@1728,0%@1728,0%@1728,8%@1728,16%@1728,0%@1728] GR3D_FREQ 99% cpu@71.718C soc2@70.593C soc0@71C gpu@73.593C tj@73.593C soc1@71.531C VDD_IN 17433mW/17366mW VDD_CPU_GPU_CV 7688mW/7665mW VDD_SOC 4199mW/4162mW
08-05-2026 05:32:31 RAM 4352/7620MB (lfb 15x4MB) SWAP 3108/12002MB (cached 59MB) CPU [0%@1728,0%@1728,0%@1728,0%@1728,0%@1728,0%@1728] GR3D_FREQ 99% cpu@71.812C soc2@70.562C soc0@70.968C gpu@73.437C tj@73.437C soc1@71.562C VDD_IN 17433mW/17367mW VDD_CPU_GPU_CV 7648mW/7665mW VDD_SOC 4199mW/4162mW
08-05-2026 05:32:31 RAM 4352/7620MB (lfb 15x4MB) SWAP 3108/12002MB (cached 59MB) CPU [0%@1728,0%@1728,8%@1728,0%@1728,0%@1728,0%@1728] GR3D_FREQ 99% cpu@71.656C soc2@70.5C soc0@71.031C gpu@73.406C tj@73.406C soc1@71.562C VDD_IN 17392mW/17367mW VDD_CPU_GPU_CV 7648mW/7665mW VDD_SOC 4199mW/4163mW
08-05-2026 05:32:32 RAM 4352/7620MB (lfb 15x4MB) SWAP 3108/12002MB (cached 59MB) CPU [0%@1728,0%@1728,0%@1728,0%@1728,0%@1728,0%@1728] GR3D_FREQ 99% cpu@71.687C soc2@70.468C soc0@71.093C gpu@73.343C tj@73.343C soc1@71.718C VDD_IN 17392mW/17367mW VDD_CPU_GPU_CV 7648mW/7665mW VDD_SOC 4199mW/4163mW
08-05-2026 05:32:32 RAM 4352/7620MB (lfb 15x4MB) SWAP 3108/12002MB (cached 59MB) CPU [0%@1728,0%@1728,0%@1728,0%@1728,0%@1728,0%@1728] GR3D_FREQ 99% cpu@71.718C soc2@70.531C soc0@71.25C gpu@73.343C tj@73.343C soc1@71.5C VDD_IN 17352mW/17367mW VDD_CPU_GPU_CV 7648mW/7665mW VDD_SOC 4159mW/4163mW
08-05-2026 05:32:32 RAM 4357/7620MB (lfb 15x4MB) SWAP 3108/12002MB (cached 59MB) CPU [9%@1728,9%@1728,27%@1728,0%@1728,9%@1728,11%@1728] GR3D_FREQ 99% cpu@71.875C soc2@70.437C soc0@71C gpu@73.5C tj@73.5C soc1@71.593C VDD_IN 17352mW/17367mW VDD_CPU_GPU_CV 7729mW/7665mW VDD_SOC 4159mW/4163mW
08-05-2026 05:32:32 RAM 4357/7620MB (lfb 15x4MB) SWAP 3107/12002MB (cached 59MB) CPU [0%@1728,0%@1728,0%@1728,0%@1728,18%@1728,0%@1728] GR3D_FREQ 99% cpu@71.843C soc2@70.437C soc0@70.937C gpu@73.625C tj@73.625C soc1@71.531C VDD_IN 17352mW/17367mW VDD_CPU_GPU_CV 7729mW/7665mW VDD_SOC 4159mW/4163mW
08-05-2026 05:32:32 RAM 4357/7620MB (lfb 15x4MB) SWAP 3107/12002MB (cached 59MB) CPU [8%@1728,0%@1728,0%@1728,0%@1728,0%@1728,0%@1728] GR3D_FREQ 99% cpu@71.562C soc2@70.406C soc0@71.156C gpu@73.593C tj@73.593C soc1@71.593C VDD_IN 17311mW/17366mW VDD_CPU_GPU_CV 7688mW/7665mW VDD_SOC 4159mW/4163mW
08-05-2026 05:32:32 RAM 4358/7620MB (lfb 15x4MB) SWAP 3107/12002MB (cached 59MB) CPU [0%@1728,0%@1728,0%@1728,0%@1728,0%@1728,0%@1728] GR3D_FREQ 99% cpu@71.562C soc2@70.531C soc0@71.156C gpu@73.531C tj@73.531C soc1@71.812C VDD_IN 17311mW/17366mW VDD_CPU_GPU_CV 7688mW/7665mW VDD_SOC 4159mW/4163mW
08-05-2026 05:32:32 RAM 4358/7620MB (lfb 15x4MB) SWAP 3107/12002MB (cached 59MB) CPU [0%@1728,0%@1728,0%@1728,0%@1728,0%@1728,0%@1728] GR3D_FREQ 99% cpu@71.75C soc2@70.531C soc0@70.968C gpu@73.468C tj@73.468C soc1@71.468C VDD_IN 17311mW/17366mW VDD_CPU_GPU_CV 7688mW/7666mW VDD_SOC 4159mW/4163mW
08-05-2026 05:32:32 RAM 4358/7620MB (lfb 15x4MB) SWAP 3107/12002MB (cached 59MB) CPU [0%@1728,0%@1728,0%@1728,0%@1728,0%@1728,0%@1728] GR3D_FREQ 99% cpu@71.812C soc2@70.437C soc0@70.968C gpu@73.437C tj@73.375C soc1@71.531C VDD_IN 17311mW/17366mW VDD_CPU_GPU_CV 7688mW/7666mW VDD_SOC 4159mW/4163mW
08-05-2026 05:32:32 RAM 4358/7620MB (lfb 15x4MB) SWAP 3107/12002MB (cached 59MB) CPU [0%@1728,0%@1728,0%@1728,0%@1728,0%@1728,0%@1728] GR3D_FREQ 99% cpu@71.593C soc2@70.375C soc0@70.968C gpu@73.375C tj@73.375C soc1@71.531C VDD_IN 17271mW/17366mW VDD_CPU_GPU_CV 7648mW/7666mW VDD_SOC 4159mW/4163mW
08-05-2026 05:32:32 RAM 4358/7620MB (lfb 15x4MB) SWAP 3107/12002MB (cached 59MB) CPU [0%@1728,0%@1728,0%@1728,0%@1728,18%@1728,0%@1728] GR3D_FREQ 96% cpu@71.562C soc2@70.5C soc0@71.031C gpu@73.25C tj@73.25C soc1@71.656C VDD_IN 17352mW/17366mW VDD_CPU_GPU_CV 7688mW/7666mW VDD_SOC 4159mW/4163mW
08-05-2026 05:32:33 RAM 4358/7620MB (lfb 15x4MB) SWAP 3107/12002MB (cached 59MB) CPU [0%@1728,0%@1728,0%@1728,0%@1728,0%@1728,0%@1728] GR3D_FREQ 99% cpu@71.625C soc2@70.531C soc0@70.875C gpu@73.531C tj@73.531C soc1@71.437C VDD_IN 17392mW/17366mW VDD_CPU_GPU_CV 7688mW/7666mW VDD_SOC 4159mW/4163mW
08-05-2026 05:32:33 RAM 4358/7620MB (lfb 15x4MB) SWAP 3107/12002MB (cached 59MB) CPU [0%@1728,0%@1728,0%@1728,0%@1728,0%@1728,0%@1728] GR3D_FREQ 99% cpu@71.781C soc2@70.343C soc0@71C gpu@73.406C tj@73.406C soc1@71.437C VDD_IN 17433mW/17366mW VDD_CPU_GPU_CV 7729mW/7666mW VDD_SOC 4159mW/4163mW
08-05-2026 05:32:33 RAM 4358/7620MB (lfb 15x4MB) SWAP 3107/12002MB (cached 59MB) CPU [9%@1728,8%@1728,0%@1728,9%@1728,0%@1728,18%@1728] GR3D_FREQ 99% cpu@71.812C soc2@70.437C soc0@70.906C gpu@73.531C tj@73.531C soc1@71.468C VDD_IN 17473mW/17366mW VDD_CPU_GPU_CV 7729mW/7666mW VDD_SOC 4199mW/4163mW
08-05-2026 05:32:33 RAM 4358/7620MB (lfb 15x4MB) SWAP 3107/12002MB (cached 59MB) CPU [0%@1728,0%@1728,0%@1728,0%@1728,0%@1728,8%@1728] GR3D_FREQ 99% cpu@71.5C soc2@70.437C soc0@70.937C gpu@73.531C tj@73.531C soc1@71.625C VDD_IN 17473mW/17367mW VDD_CPU_GPU_CV 7716mW/7666mW VDD_SOC 4199mW/4163mW
08-05-2026 05:32:33 RAM 4358/7620MB (lfb 15x4MB) SWAP 3107/12002MB (cached 59MB) CPU [0%@1728,0%@1728,0%@1728,10%@1728,0%@1728,0%@1728] GR3D_FREQ 99% cpu@71.531C soc2@70.375C soc0@70.968C gpu@73.343C tj@73.343C soc1@71.687C VDD_IN 17473mW/17367mW VDD_CPU_GPU_CV 7716mW/7666mW VDD_SOC 4199mW/4163mW
08-05-2026 05:32:33 RAM 4358/7620MB (lfb 15x4MB) SWAP 3107/12002MB (cached 59MB) CPU [0%@1728,0%@1728,9%@1728,0%@1728,0%@1728,0%@1728] GR3D_FREQ 99% cpu@71.593C soc2@70.343C soc0@70.906C gpu@73.312C tj@73.312C soc1@71.437C VDD_IN 17473mW/17367mW VDD_CPU_GPU_CV 7729mW/7666mW VDD_SOC 4199mW/4163mW
08-05-2026 05:32:33 RAM 4358/7620MB (lfb 15x4MB) SWAP 3107/12002MB (cached 59MB) CPU [0%@1728,0%@1728,0%@1728,0%@1728,18%@1728,0%@1728] GR3D_FREQ 99% cpu@71.781C soc2@70.375C soc0@70.843C gpu@73.468C tj@73.468C soc1@71.437C VDD_IN 17513mW/17367mW VDD_CPU_GPU_CV 7716mW/7666mW VDD_SOC 4199mW/4163mW
08-05-2026 05:32:33 RAM 4358/7620MB (lfb 15x4MB) SWAP 3107/12002MB (cached 59MB) CPU [0%@1728,9%@1728,0%@1728,0%@1728,0%@1728,0%@1728] GR3D_FREQ 99% cpu@71.468C soc2@70.437C soc0@70.875C gpu@73.468C tj@73.468C soc1@71.5C VDD_IN 17513mW/17367mW VDD_CPU_GPU_CV 7716mW/7666mW VDD_SOC 4199mW/4163mW
08-05-2026 05:32:33 RAM 4358/7620MB (lfb 15x4MB) SWAP 3107/12002MB (cached 59MB) CPU [0%@1728,0%@1728,0%@1728,0%@1728,0%@1728,0%@1728] GR3D_FREQ 99% cpu@71.437C soc2@70.437C soc0@70.968C gpu@73.531C tj@73.531C soc1@71.531C VDD_IN 17513mW/17368mW VDD_CPU_GPU_CV 7676mW/7666mW VDD_SOC 4199mW/4163mW
08-05-2026 05:32:34 RAM 4358/7620MB (lfb 15x4MB) SWAP 3107/12002MB (cached 59MB) CPU [8%@1728,0%@1728,0%@1728,9%@1728,0%@1728,0%@1728] GR3D_FREQ 99% cpu@71.593C soc2@70.468C soc0@71C gpu@73.468C tj@73.468C soc1@71.406C VDD_IN 17513mW/17368mW VDD_CPU_GPU_CV 7676mW/7666mW VDD_SOC 4199mW/4163mW
08-05-2026 05:32:34 RAM 4358/7620MB (lfb 15x4MB) SWAP 3107/12002MB (cached 59MB) CPU [0%@1728,9%@1728,0%@1728,0%@1728,0%@1728,0%@1728] GR3D_FREQ 99% cpu@71.625C soc2@70.343C soc0@70.812C gpu@73.375C tj@73.375C soc1@71.343C VDD_IN 17473mW/17368mW VDD_CPU_GPU_CV 7688mW/7666mW VDD_SOC 4199mW/4163mW
08-05-2026 05:32:34 RAM 4358/7620MB (lfb 15x4MB) SWAP 3107/12002MB (cached 59MB) CPU [0%@1728,0%@1728,0%@1728,0%@1728,0%@1728,0%@1728] GR3D_FREQ 99% cpu@71.812C soc2@70.375C soc0@70.906C gpu@73.5C tj@73.5C soc1@71.5C VDD_IN 17473mW/17368mW VDD_CPU_GPU_CV 7688mW/7666mW VDD_SOC 4199mW/4163mW
08-05-2026 05:32:34 RAM 4358/7620MB (lfb 15x4MB) SWAP 3107/12002MB (cached 59MB) CPU [0%@1728,0%@1728,0%@1728,0%@1728,18%@1728,9%@1728] GR3D_FREQ 99% cpu@71.5C soc2@70.343C soc0@70.875C gpu@73.312C tj@73.312C soc1@71.5C VDD_IN 17392mW/17368mW VDD_CPU_GPU_CV 7648mW/7666mW VDD_SOC 4199mW/4163mW
08-05-2026 05:32:34 RAM 4358/7620MB (lfb 15x4MB) SWAP 3107/12002MB (cached 59MB) CPU [0%@1728,0%@1728,9%@1728,0%@1728,0%@1728,0%@1728] GR3D_FREQ 99% cpu@71.531C soc2@70.343C soc0@71C gpu@73.093C tj@73.093C soc1@71.562C VDD_IN 17352mW/17368mW VDD_CPU_GPU_CV 7608mW/7666mW VDD_SOC 4159mW/4163mW
08-05-2026 05:32:34 RAM 4358/7620MB (lfb 15x4MB) SWAP 3107/12002MB (cached 59MB) CPU [0%@1728,0%@1728,0%@1728,0%@1728,0%@1728,0%@1728] GR3D_FREQ 99% cpu@71.687C soc2@70.375C soc0@70.812C gpu@73.281C tj@73.281C soc1@71.375C VDD_IN 17352mW/17368mW VDD_CPU_GPU_CV 7648mW/7666mW VDD_SOC 4159mW/4163mW
08-05-2026 05:32:34 RAM 4358/7620MB (lfb 15x4MB) SWAP 3107/12002MB (cached 59MB) CPU [0%@1728,0%@1728,0%@1728,0%@1728,0%@1728,0%@1728] GR3D_FREQ 99% cpu@71.656C soc2@70.312C soc0@70.875C gpu@73.281C tj@73.281C soc1@71.375C VDD_IN 17311mW/17368mW VDD_CPU_GPU_CV 7648mW/7666mW VDD_SOC 4159mW/4163mW
08-05-2026 05:32:34 RAM 4358/7620MB (lfb 15x4MB) SWAP 3107/12002MB (cached 59MB) CPU [0%@1728,0%@1728,0%@1728,0%@1728,0%@1728,0%@1728] GR3D_FREQ 99% cpu@71.312C soc2@70.375C soc0@70.875C gpu@73.625C tj@73.625C soc1@71.468C VDD_IN 17311mW/17368mW VDD_CPU_GPU_CV 7648mW/7666mW VDD_SOC 4159mW/4163mW
08-05-2026 05:32:34 RAM 4358/7620MB (lfb 15x4MB) SWAP 3107/12002MB (cached 59MB) CPU [0%@1728,0%@1728,0%@1728,0%@1728,0%@1728,0%@1728] GR3D_FREQ 99% cpu@71.531C soc2@70.343C soc0@71C gpu@73.531C tj@73.531C soc1@71.437C VDD_IN 17311mW/17368mW VDD_CPU_GPU_CV 7688mW/7666mW VDD_SOC 4119mW/4163mW
08-05-2026 05:32:34 RAM 4358/7620MB (lfb 15x4MB) SWAP 3107/12002MB (cached 59MB) CPU [0%@1728,0%@1728,0%@1728,0%@1728,10%@1728,0%@1728] GR3D_FREQ 99% cpu@71.531C soc2@70.437C soc0@71C gpu@73.437C tj@73.437C soc1@71.375C VDD_IN 17311mW/17368mW VDD_CPU_GPU_CV 7688mW/7666mW VDD_SOC 4119mW/4163mW
08-05-2026 05:32:35 RAM 4358/7620MB (lfb 15x4MB) SWAP 3107/12002MB (cached 59MB) CPU [0%@1728,0%@1728,0%@1728,0%@1728,0%@1728,0%@1728] GR3D_FREQ 99% cpu@71.562C soc2@70.312C soc0@70.843C gpu@73.531C tj@73.531C soc1@71.406C VDD_IN 17311mW/17368mW VDD_CPU_GPU_CV 7648mW/7666mW VDD_SOC 4159mW/4163mW
08-05-2026 05:32:35 RAM 4358/7620MB (lfb 15x4MB) SWAP 3107/12002MB (cached 59MB) CPU [0%@1728,0%@1728,0%@1728,0%@1728,0%@1728,0%@1728] GR3D_FREQ 99% cpu@71.781C soc2@70.281C soc0@70.843C gpu@73.343C tj@73.343C soc1@71.468C VDD_IN 17311mW/17368mW VDD_CPU_GPU_CV 7648mW/7666mW VDD_SOC 4159mW/4163mW
08-05-2026 05:32:35 RAM 4358/7620MB (lfb 15x4MB) SWAP 3107/12002MB (cached 59MB) CPU [9%@1728,0%@1728,0%@1728,0%@1728,0%@1728,10%@1728] GR3D_FREQ 99% cpu@71.5C soc2@70.343C soc0@70.906C gpu@73.187C tj@73.187C soc1@71.531C VDD_IN 17271mW/17367mW VDD_CPU_GPU_CV 7608mW/7666mW VDD_SOC 4119mW/4163mW
08-05-2026 05:32:35 RAM 4358/7620MB (lfb 15x4MB) SWAP 3107/12002MB (cached 59MB) CPU [0%@1728,0%@1728,0%@1728,0%@1728,0%@1728,0%@1728] GR3D_FREQ 99% cpu@71.656C soc2@70.375C soc0@70.875C gpu@73.375C tj@73.375C soc1@71.531C VDD_IN 17271mW/17367mW VDD_CPU_GPU_CV 7608mW/7666mW VDD_SOC 4119mW/4163mW
08-05-2026 05:32:35 RAM 4357/7620MB (lfb 15x4MB) SWAP 3107/12002MB (cached 59MB) CPU [0%@1728,9%@1728,27%@1728,0%@1728,9%@1728,9%@1728] GR3D_FREQ 99% cpu@71.687C soc2@70.468C soc0@71C gpu@73.25C tj@73.25C soc1@71.437C VDD_IN 17352mW/17367mW VDD_CPU_GPU_CV 7688mW/7666mW VDD_SOC 4159mW/4163mW
08-05-2026 05:32:35 RAM 4357/7620MB (lfb 15x4MB) SWAP 3107/12002MB (cached 59MB) CPU [0%@1728,0%@1728,0%@1728,0%@1728,0%@1728,10%@1728] GR3D_FREQ 96% cpu@71.718C soc2@70.218C soc0@70.781C gpu@73.531C tj@73.531C soc1@71.406C VDD_IN 17473mW/17367mW VDD_CPU_GPU_CV 7729mW/7666mW VDD_SOC 4159mW/4163mW
08-05-2026 05:32:35 RAM 4357/7620MB (lfb 15x4MB) SWAP 3107/12002MB (cached 59MB) CPU [0%@1728,0%@1728,0%@1728,8%@1728,0%@1728,0%@1728] GR3D_FREQ 99% cpu@71.406C soc2@70.406C soc0@70.875C gpu@73.5C tj@73.5C soc1@71.5C VDD_IN 17473mW/17368mW VDD_CPU_GPU_CV 7729mW/7666mW VDD_SOC 4159mW/4163mW
08-05-2026 05:32:35 RAM 4357/7620MB (lfb 15x4MB) SWAP 3107/12002MB (cached 59MB) CPU [0%@1728,9%@1728,0%@1728,0%@1728,0%@1728,0%@1728] GR3D_FREQ 99% cpu@71.437C soc2@70.343C soc0@70.906C gpu@73.5C tj@73.5C soc1@71.593C VDD_IN 17513mW/17368mW VDD_CPU_GPU_CV 7729mW/7666mW VDD_SOC 4159mW/4163mW
08-05-2026 05:32:35 RAM 4357/7620MB (lfb 15x4MB) SWAP 3107/12002MB (cached 59MB) CPU [0%@1728,0%@1728,0%@1728,0%@1728,0%@1728,0%@1728] GR3D_FREQ 99% cpu@71.687C soc2@70.375C soc0@70.968C gpu@73.625C tj@73.625C soc1@71.625C VDD_IN 17513mW/17368mW VDD_CPU_GPU_CV 7729mW/7666mW VDD_SOC 4199mW/4163mW
08-05-2026 05:32:36 RAM 4357/7620MB (lfb 15x4MB) SWAP 3107/12002MB (cached 59MB) CPU [0%@1728,0%@1728,0%@1728,0%@1728,0%@1728,0%@1728] GR3D_FREQ 99% cpu@71.593C soc2@70.343C soc0@70.843C gpu@73.468C tj@73.468C soc1@71.375C VDD_IN 17473mW/17368mW VDD_CPU_GPU_CV 7729mW/7666mW VDD_SOC 4199mW/4163mW
08-05-2026 05:32:36 RAM 4357/7620MB (lfb 15x4MB) SWAP 3107/12002MB (cached 59MB) CPU [0%@1728,0%@1728,0%@1728,0%@1728,0%@1728,0%@1728] GR3D_FREQ 99% cpu@71.5C soc2@70.343C soc0@70.843C gpu@73.718C tj@73.375C soc1@71.468C VDD_IN 17473mW/17368mW VDD_CPU_GPU_CV 7729mW/7667mW VDD_SOC 4199mW/4163mW
08-05-2026 05:32:36 RAM 4357/7620MB (lfb 15x4MB) SWAP 3107/12002MB (cached 59MB) CPU [9%@1728,0%@1728,9%@1728,0%@1728,0%@1728,16%@1728] GR3D_FREQ 99% cpu@71.406C soc2@70.375C soc0@70.968C gpu@73.531C tj@73.531C soc1@71.531C VDD_IN 17513mW/17369mW VDD_CPU_GPU_CV 7716mW/7667mW VDD_SOC 4199mW/4163mW
08-05-2026 05:32:36 RAM 4357/7620MB (lfb 15x4MB) SWAP 3107/12002MB (cached 59MB) CPU [9%@1728,0%@1728,0%@1728,0%@1728,10%@1728,0%@1728] GR3D_FREQ 99% cpu@71.562C soc2@70.406C soc0@71C gpu@73.531C tj@73.531C soc1@71.656C VDD_IN 17513mW/17369mW VDD_CPU_GPU_CV 7676mW/7667mW VDD_SOC 4199mW/4163mW
08-05-2026 05:32:36 RAM 4357/7620MB (lfb 15x4MB) SWAP 3107/12002MB (cached 59MB) CPU [0%@1728,0%@1728,0%@1728,0%@1728,0%@1728,9%@1728] GR3D_FREQ 99% cpu@71.718C soc2@70.406C soc0@71.156C gpu@73.718C tj@73.718C soc1@71.437C VDD_IN 17473mW/17369mW VDD_CPU_GPU_CV 7676mW/7667mW VDD_SOC 4199mW/4163mW
08-05-2026 05:32:36 RAM 4357/7620MB (lfb 15x4MB) SWAP 3107/12002MB (cached 59MB) CPU [0%@1728,9%@1728,0%@1728,0%@1728,0%@1728,0%@1728] GR3D_FREQ 99% cpu@71.812C soc2@70.375C soc0@70.843C gpu@73.593C tj@73.593C soc1@71.437C VDD_IN 17473mW/17369mW VDD_CPU_GPU_CV 7676mW/7667mW VDD_SOC 4199mW/4163mW
08-05-2026 05:32:36 RAM 4357/7620MB (lfb 15x4MB) SWAP 3107/12002MB (cached 59MB) CPU [0%@1728,0%@1728,0%@1728,0%@1728,0%@1728,0%@1728] GR3D_FREQ 99% cpu@71.593C soc2@70.375C soc0@70.906C gpu@73.562C tj@73.562C soc1@71.5C VDD_IN 17473mW/17369mW VDD_CPU_GPU_CV 7676mW/7667mW VDD_SOC 4199mW/4163mW
08-05-2026 05:32:36 RAM 4357/7620MB (lfb 15x4MB) SWAP 3107/12002MB (cached 59MB) CPU [0%@1728,0%@1728,0%@1728,0%@1728,0%@1728,0%@1728] GR3D_FREQ 99% cpu@71.375C soc2@70.375C soc0@71C gpu@73.687C tj@73.687C soc1@71.531C VDD_IN 17433mW/17369mW VDD_CPU_GPU_CV 7676mW/7667mW VDD_SOC 4199mW/4163mW
08-05-2026 05:32:36 RAM 4357/7620MB (lfb 15x4MB) SWAP 3107/12002MB (cached 59MB) CPU [0%@1728,0%@1728,0%@1728,0%@1728,0%@1728,0%@1728] GR3D_FREQ 99% cpu@71.656C soc2@70.406C soc0@71.093C gpu@73.531C tj@73.531C soc1@71.656C VDD_IN 17433mW/17369mW VDD_CPU_GPU_CV 7648mW/7667mW VDD_SOC 4199mW/4163mW
08-05-2026 05:32:36 RAM 4357/7620MB (lfb 15x4MB) SWAP 3107/12002MB (cached 59MB) CPU [0%@1728,9%@1728,0%@1728,0%@1728,18%@1728,0%@1728] GR3D_FREQ 99% cpu@71.781C soc2@70.5C soc0@70.906C gpu@73.718C tj@73.718C soc1@71.5C VDD_IN 17433mW/17369mW VDD_CPU_GPU_CV 7648mW/7667mW VDD_SOC 4199mW/4163mW
08-05-2026 05:32:37 RAM 4357/7620MB (lfb 15x4MB) SWAP 3107/12002MB (cached 59MB) CPU [0%@1728,0%@1728,0%@1728,0%@1728,0%@1728,0%@1728] GR3D_FREQ 99% cpu@71.5C soc2@70.375C soc0@70.937C gpu@73.562C tj@73.562C soc1@71.437C VDD_IN 17392mW/17370mW VDD_CPU_GPU_CV 7648mW/7667mW VDD_SOC 4159mW/4163mW
08-05-2026 05:32:37 RAM 4357/7620MB (lfb 15x4MB) SWAP 3107/12002MB (cached 59MB) CPU [0%@1728,0%@1728,0%@1728,0%@1728,0%@1728,0%@1728] GR3D_FREQ 99% cpu@71.406C soc2@70.343C soc0@70.968C gpu@73.437C tj@73.437C soc1@71.531C VDD_IN 17352mW/17369mW VDD_CPU_GPU_CV 7648mW/7667mW VDD_SOC 4159mW/4163mW
08-05-2026 05:32:37 RAM 4357/7620MB (lfb 15x4MB) SWAP 3107/12002MB (cached 59MB) CPU [0%@1728,9%@1728,0%@1728,0%@1728,0%@1728,9%@1728] GR3D_FREQ 99% cpu@71.531C soc2@70.406C soc0@71.031C gpu@73.968C tj@73.968C soc1@71.687C VDD_IN 17311mW/17369mW VDD_CPU_GPU_CV 7648mW/7667mW VDD_SOC 4119mW/4163mW
08-05-2026 05:32:37 RAM 4357/7620MB (lfb 15x4MB) SWAP 3107/12002MB (cached 59MB) CPU [0%@1728,0%@1728,0%@1728,0%@1728,0%@1728,0%@1728] GR3D_FREQ 99% cpu@71.625C soc2@70.375C soc0@70.875C gpu@73.75C tj@73.75C soc1@71.468C VDD_IN 17311mW/17369mW VDD_CPU_GPU_CV 7648mW/7667mW VDD_SOC 4119mW/4163mW
08-05-2026 05:32:37 RAM 4357/7620MB (lfb 15x4MB) SWAP 3107/12002MB (cached 59MB) CPU [9%@1728,0%@1728,0%@1728,10%@1728,0%@1728,9%@1728] GR3D_FREQ 99% cpu@71.812C soc2@70.375C soc0@70.875C gpu@73.625C tj@73.625C soc1@71.531C VDD_IN 17271mW/17369mW VDD_CPU_GPU_CV 7648mW/7666mW VDD_SOC 4119mW/4163mW
08-05-2026 05:32:37 RAM 4357/7620MB (lfb 15x4MB) SWAP 3107/12002MB (cached 59MB) CPU [0%@1728,0%@1728,0%@1728,0%@1728,18%@1728,0%@1728] GR3D_FREQ 99% cpu@71.437C soc2@70.375C soc0@70.968C gpu@73.75C tj@73.75C soc1@71.593C VDD_IN 17311mW/17369mW VDD_CPU_GPU_CV 7648mW/7666mW VDD_SOC 4119mW/4163mW
08-05-2026 05:32:37 RAM 4357/7620MB (lfb 15x4MB) SWAP 3107/12002MB (cached 59MB) CPU [0%@1728,0%@1728,0%@1728,0%@1728,0%@1728,0%@1728] GR3D_FREQ 99% cpu@71.5C soc2@70.375C soc0@71C gpu@73.562C tj@73.562C soc1@71.625C VDD_IN 17271mW/17369mW VDD_CPU_GPU_CV 7648mW/7666mW VDD_SOC 4119mW/4163mW
08-05-2026 05:32:37 RAM 4357/7620MB (lfb 15x4MB) SWAP 3107/12002MB (cached 59MB) CPU [0%@1728,0%@1728,0%@1728,0%@1728,0%@1728,0%@1728] GR3D_FREQ 99% cpu@71.468C soc2@70.375C soc0@71.062C gpu@73.25C tj@73.25C soc1@71.656C VDD_IN 17271mW/17369mW VDD_CPU_GPU_CV 7648mW/7666mW VDD_SOC 4159mW/4163mW
08-05-2026 05:32:37 RAM 4357/7620MB (lfb 15x4MB) SWAP 3107/12002MB (cached 59MB) CPU [0%@1728,0%@1728,0%@1728,0%@1728,0%@1728,0%@1728] GR3D_FREQ 99% cpu@71.812C soc2@70.5C soc0@70.906C gpu@73.562C tj@73.562C soc1@71.437C VDD_IN 17311mW/17369mW VDD_CPU_GPU_CV 7648mW/7666mW VDD_SOC 4159mW/4163mW
08-05-2026 05:32:38 RAM 4357/7620MB (lfb 15x4MB) SWAP 3107/12002MB (cached 59MB) CPU [0%@1728,0%@1728,0%@1728,0%@1728,0%@1728,0%@1728] GR3D_FREQ 99% cpu@71.468C soc2@70.437C soc0@70.843C gpu@73.5C tj@73.5C soc1@71.531C VDD_IN 17352mW/17369mW VDD_CPU_GPU_CV 7648mW/7666mW VDD_SOC 4159mW/4163mW
08-05-2026 05:32:38 RAM 4357/7620MB (lfb 15x4MB) SWAP 3107/12002MB (cached 59MB) CPU [0%@1728,0%@1728,0%@1728,0%@1728,0%@1728,0%@1728] GR3D_FREQ 99% cpu@71.375C soc2@70.437C soc0@71C gpu@73.343C tj@73.343C soc1@71.562C VDD_IN 17352mW/17369mW VDD_CPU_GPU_CV 7688mW/7666mW VDD_SOC 4159mW/4163mW
08-05-2026 05:32:38 RAM 4357/7620MB (lfb 15x4MB) SWAP 3107/12002MB (cached 59MB) CPU [0%@1728,0%@1728,0%@1728,16%@1728,10%@1728,0%@1728] GR3D_FREQ 97% cpu@71.468C soc2@70.406C soc0@71C gpu@73.718C tj@73.718C soc1@71.593C VDD_IN 17473mW/17369mW VDD_CPU_GPU_CV 7729mW/7666mW VDD_SOC 4159mW/4163mW
08-05-2026 05:32:38 RAM 4357/7620MB (lfb 15x4MB) SWAP 3107/12002MB (cached 59MB) CPU [0%@1728,0%@1728,0%@1728,0%@1728,16%@1728,80%@1728] GR3D_FREQ 99% cpu@71.875C soc2@70.5C soc0@70.968C gpu@73.656C tj@73.656C soc1@71.468C VDD_IN 17635mW/17369mW VDD_CPU_GPU_CV 7797mW/7667mW VDD_SOC 4199mW/4163mW
08-05-2026 05:32:38 RAM 4357/7620MB (lfb 15x4MB) SWAP 3107/12002MB (cached 59MB) CPU [0%@1728,0%@1728,0%@1728,0%@1728,0%@1728,0%@1728] GR3D_FREQ 99% cpu@71.593C soc2@70.5C soc0@70.906C gpu@73.312C tj@73.312C soc1@71.468C VDD_IN 17594mW/17370mW VDD_CPU_GPU_CV 7797mW/7667mW VDD_SOC 4199mW/4163mW
08-05-2026 05:32:38 RAM 4357/7620MB (lfb 15x4MB) SWAP 3107/12002MB (cached 59MB) CPU [0%@1728,0%@1728,0%@1728,9%@1728,0%@1728,0%@1728] GR3D_FREQ 99% cpu@71.437C soc2@70.437C soc0@71.031C gpu@73.687C tj@73.687C soc1@71.593C VDD_IN 17513mW/17370mW VDD_CPU_GPU_CV 7757mW/7667mW VDD_SOC 4199mW/4163mW
08-05-2026 05:32:38 RAM 4357/7620MB (lfb 15x4MB) SWAP 3107/12002MB (cached 59MB) CPU [0%@1728,0%@1728,9%@1728,0%@1728,0%@1728,0%@1728] GR3D_FREQ 99% cpu@71.531C soc2@70.468C soc0@71.093C gpu@73.531C tj@73.687C soc1@71.656C VDD_IN 17513mW/17370mW VDD_CPU_GPU_CV 7757mW/7667mW VDD_SOC 4199mW/4163mW
08-05-2026 05:32:38 RAM 4360/7620MB (lfb 15x4MB) SWAP 3107/12002MB (cached 59MB) CPU [0%@1728,8%@1728,0%@1728,20%@1728,0%@1728,0%@1728] GR3D_FREQ 99% cpu@71.843C soc2@70.562C soc0@71.156C gpu@73.968C tj@73.968C soc1@71.812C VDD_IN 17594mW/17370mW VDD_CPU_GPU_CV 7797mW/7667mW VDD_SOC 4199mW/4163mW
08-05-2026 05:32:38 RAM 4360/7620MB (lfb 15x4MB) SWAP 3107/12002MB (cached 59MB) CPU [0%@1728,0%@1728,0%@1728,0%@1728,0%@1728,0%@1728] GR3D_FREQ 99% cpu@71.906C soc2@70.437C soc0@70.968C gpu@73.812C tj@73.812C soc1@71.5C VDD_IN 17554mW/17371mW VDD_CPU_GPU_CV 7757mW/7667mW VDD_SOC 4199mW/4163mW
08-05-2026 05:32:38 RAM 4360/7620MB (lfb 15x4MB) SWAP 3107/12002MB (cached 59MB) CPU [0%@1728,0%@1728,0%@1728,0%@1728,10%@1728,0%@1728] GR3D_FREQ 99% cpu@71.593C soc2@70.468C soc0@70.968C gpu@73.531C tj@73.531C soc1@71.562C VDD_IN 17554mW/17371mW VDD_CPU_GPU_CV 7757mW/7668mW VDD_SOC 4199mW/4163mW
08-05-2026 05:32:39 RAM 4360/7620MB (lfb 15x4MB) SWAP 3107/12002MB (cached 59MB) CPU [0%@1728,0%@1728,0%@1728,0%@1728,0%@1728,0%@1728] GR3D_FREQ 99% cpu@71.468C soc2@70.5C soc0@71.093C gpu@74C tj@74C soc1@71.687C VDD_IN 17513mW/17371mW VDD_CPU_GPU_CV 7757mW/7668mW VDD_SOC 4199mW/4163mW
08-05-2026 05:32:39 RAM 4360/7620MB (lfb 15x4MB) SWAP 3107/12002MB (cached 59MB) CPU [0%@1728,0%@1728,0%@1728,0%@1728,0%@1728,0%@1728] GR3D_FREQ 99% cpu@71.562C soc2@70.468C soc0@71.187C gpu@73.906C tj@73.906C soc1@71.75C VDD_IN 17513mW/17371mW VDD_CPU_GPU_CV 7716mW/7668mW VDD_SOC 4199mW/4163mW
08-05-2026 05:32:39 RAM 4360/7620MB (lfb 15x4MB) SWAP 3107/12002MB (cached 59MB) CPU [0%@1728,0%@1728,0%@1728,0%@1728,0%@1728,18%@1728] GR3D_FREQ 99% cpu@71.812C soc2@70.593C soc0@71C gpu@73.343C tj@73.343C soc1@71.5C VDD_IN 17433mW/17371mW VDD_CPU_GPU_CV 7688mW/7668mW VDD_SOC 4199mW/4164mW
08-05-2026 05:32:39 RAM 4360/7620MB (lfb 15x4MB) SWAP 3107/12002MB (cached 59MB) CPU [0%@1728,0%@1728,0%@1728,0%@1728,0%@1728,0%@1728] GR3D_FREQ 99% cpu@71.625C soc2@70.5C soc0@71C gpu@73.812C tj@73.812C soc1@71.531C VDD_IN 17433mW/17371mW VDD_CPU_GPU_CV 7648mW/7668mW VDD_SOC 4199mW/4164mW
08-05-2026 05:32:39 RAM 4360/7620MB (lfb 15x4MB) SWAP 3107/12002MB (cached 59MB) CPU [0%@1728,0%@1728,0%@1728,0%@1728,0%@1728,0%@1728] GR3D_FREQ 99% cpu@71.5C soc2@70.406C soc0@71C gpu@73.531C tj@73.531C soc1@71.562C VDD_IN 17352mW/17371mW VDD_CPU_GPU_CV 7608mW/7668mW VDD_SOC 4159mW/4164mW
08-05-2026 05:32:39 RAM 4360/7620MB (lfb 15x4MB) SWAP 3107/12002MB (cached 59MB) CPU [9%@1728,0%@1728,0%@1728,0%@1728,18%@1728,0%@1728] GR3D_FREQ 99% cpu@71.531C soc2@70.531C soc0@71.031C gpu@73.5C tj@73.5C soc1@71.718C VDD_IN 17352mW/17371mW VDD_CPU_GPU_CV 7648mW/7668mW VDD_SOC 4159mW/4164mW
08-05-2026 05:32:39 RAM 4360/7620MB (lfb 15x4MB) SWAP 3107/12002MB (cached 59MB) CPU [0%@1728,0%@1728,0%@1728,0%@1728,0%@1728,0%@1728] GR3D_FREQ 99% cpu@71.812C soc2@70.5C soc0@71.218C gpu@73.906C tj@73.906C soc1@71.531C VDD_IN 17311mW/17371mW VDD_CPU_GPU_CV 7688mW/7668mW VDD_SOC 4119mW/4164mW
08-05-2026 05:32:39 RAM 4360/7620MB (lfb 15x4MB) SWAP 3107/12002MB (cached 59MB) CPU [0%@1728,0%@1728,0%@1728,0%@1728,0%@1728,0%@1728] GR3D_FREQ 99% cpu@71.937C soc2@70.437C soc0@71C gpu@73.656C tj@73.656C soc1@71.531C VDD_IN 17311mW/17371mW VDD_CPU_GPU_CV 7688mW/7668mW VDD_SOC 4119mW/4163mW
08-05-2026 05:32:39 RAM 4360/7620MB (lfb 15x4MB) SWAP 3107/12002MB (cached 59MB) CPU [0%@1728,0%@1728,0%@1728,0%@1728,0%@1728,0%@1728] GR3D_FREQ 99% cpu@71.625C soc2@70.468C soc0@70.937C gpu@73.593C tj@73.593C soc1@71.562C VDD_IN 17311mW/17371mW VDD_CPU_GPU_CV 7688mW/7668mW VDD_SOC 4159mW/4163mW
08-05-2026 05:32:40 RAM 4360/7620MB (lfb 15x4MB) SWAP 3107/12002MB (cached 59MB) CPU [0%@1728,0%@1728,0%@1728,0%@1728,0%@1728,0%@1728] GR3D_FREQ 99% cpu@71.531C soc2@70.5C soc0@71.125C gpu@73.968C tj@73.968C soc1@71.687C VDD_IN 17311mW/17371mW VDD_CPU_GPU_CV 7648mW/7668mW VDD_SOC 4159mW/4163mW
08-05-2026 05:32:40 RAM 4360/7620MB (lfb 15x4MB) SWAP 3107/12002MB (cached 59MB) CPU [0%@1728,0%@1728,0%@1728,0%@1728,0%@1728,0%@1728] GR3D_FREQ 99% cpu@71.5C soc2@70.468C soc0@71.156C gpu@73.531C tj@73.531C soc1@71.718C VDD_IN 17311mW/17371mW VDD_CPU_GPU_CV 7648mW/7668mW VDD_SOC 4159mW/4163mW
08-05-2026 05:32:40 RAM 4360/7620MB (lfb 15x4MB) SWAP 3107/12002MB (cached 59MB) CPU [0%@1728,0%@1728,9%@1728,0%@1728,10%@1728,0%@1728] GR3D_FREQ 99% cpu@71.906C soc2@70.531C soc0@71.343C gpu@73.437C tj@73.437C soc1@71.531C VDD_IN 17311mW/17371mW VDD_CPU_GPU_CV 7648mW/7668mW VDD_SOC 4159mW/4163mW
08-05-2026 05:32:40 RAM 4360/7620MB (lfb 15x4MB) SWAP 3107/12002MB (cached 59MB) CPU [16%@1728,8%@1728,0%@1728,0%@1728,0%@1728,10%@1728] GR3D_FREQ 99% cpu@71.625C soc2@70.5C soc0@71.125C gpu@73.375C tj@73.375C soc1@71.562C VDD_IN 17271mW/17371mW VDD_CPU_GPU_CV 7608mW/7668mW VDD_SOC 4159mW/4163mW
08-05-2026 05:32:40 RAM 4360/7620MB (lfb 15x4MB) SWAP 3107/12002MB (cached 59MB) CPU [0%@1728,0%@1728,0%@1728,0%@1728,0%@1728,0%@1728] GR3D_FREQ 99% cpu@71.593C soc2@70.562C soc0@71.156C gpu@73.375C tj@73.375C soc1@71.687C VDD_IN 17311mW/17371mW VDD_CPU_GPU_CV 7648mW/7668mW VDD_SOC 4159mW/4163mW
08-05-2026 05:32:40 RAM 4360/7620MB (lfb 15x4MB) SWAP 3107/12002MB (cached 59MB) CPU [0%@1728,0%@1728,0%@1728,0%@1728,0%@1728,9%@1728] GR3D_FREQ 99% cpu@71.625C soc2@70.437C soc0@71.25C gpu@73.906C tj@73.906C soc1@71.812C VDD_IN 17352mW/17371mW VDD_CPU_GPU_CV 7648mW/7668mW VDD_SOC 4159mW/4163mW
08-05-2026 05:32:40 RAM 4360/7620MB (lfb 15x4MB) SWAP 3107/12002MB (cached 59MB) CPU [0%@1728,0%@1728,0%@1728,0%@1728,0%@1728,0%@1728] GR3D_FREQ 99% cpu@71.718C soc2@70.562C soc0@71.312C gpu@73.562C tj@73.562C soc1@71.875C VDD_IN 17352mW/17371mW VDD_CPU_GPU_CV 7688mW/7668mW VDD_SOC 4159mW/4163mW
08-05-2026 05:32:40 RAM 4360/7620MB (lfb 15x4MB) SWAP 3107/12002MB (cached 59MB) CPU [0%@1728,0%@1728,0%@1728,0%@1728,0%@1728,0%@1728] GR3D_FREQ 99% cpu@71.687C soc2@70.625C soc0@71.281C gpu@73.562C tj@73.562C soc1@71.625C VDD_IN 17392mW/17371mW VDD_CPU_GPU_CV 7676mW/7668mW VDD_SOC 4159mW/4163mW
08-05-2026 05:32:40 RAM 4360/7620MB (lfb 15x4MB) SWAP 3107/12002MB (cached 59MB) CPU [15%@1728,0%@1728,0%@1728,0%@1728,9%@1728,0%@1728] GR3D_FREQ 99% cpu@71.593C soc2@70.531C soc0@71.093C gpu@74C tj@74C soc1@71.625C VDD_IN 17473mW/17371mW VDD_CPU_GPU_CV 7716mW/7668mW VDD_SOC 4199mW/4163mW
08-05-2026 05:32:40 RAM 4360/7620MB (lfb 15x4MB) SWAP 3107/12002MB (cached 59MB) CPU [0%@1728,0%@1728,9%@1728,0%@1728,9%@1728,0%@1728] GR3D_FREQ 99% cpu@71.656C soc2@70.562C soc0@71.156C gpu@73.625C tj@73.625C soc1@71.718C VDD_IN 17473mW/17371mW VDD_CPU_GPU_CV 7716mW/7668mW VDD_SOC 4199mW/4163mW
08-05-2026 05:32:41 RAM 4360/7620MB (lfb 15x4MB) SWAP 3107/12002MB (cached 59MB) CPU [0%@1728,0%@1728,0%@1728,0%@1728,0%@1728,0%@1728] GR3D_FREQ 99% cpu@71.687C soc2@70.593C soc0@71.156C gpu@73.5C tj@73.5C soc1@71.812C VDD_IN 17473mW/17371mW VDD_CPU_GPU_CV 7716mW/7668mW VDD_SOC 4199mW/4164mW
08-05-2026 05:32:41 RAM 4360/7620MB (lfb 15x4MB) SWAP 3107/12002MB (cached 59MB) CPU [0%@1728,0%@1728,9%@1728,0%@1728,0%@1728,0%@1728] GR3D_FREQ 99% cpu@71.656C soc2@70.656C soc0@71.343C gpu@73.656C tj@73.656C soc1@71.937C VDD_IN 17473mW/17371mW VDD_CPU_GPU_CV 7716mW/7668mW VDD_SOC 4199mW/4164mW
08-05-2026 05:32:41 RAM 4360/7620MB (lfb 15x4MB) SWAP 3107/12002MB (cached 59MB) CPU [0%@1728,0%@1728,0%@1728,0%@1728,0%@1728,10%@1728] GR3D_FREQ 99% cpu@71.843C soc2@70.562C soc0@71.156C gpu@73.593C tj@73.593C soc1@71.75C VDD_IN 17473mW/17371mW VDD_CPU_GPU_CV 7716mW/7668mW VDD_SOC 4199mW/4164mW
08-05-2026 05:32:41 RAM 4360/7620MB (lfb 15x4MB) SWAP 3107/12002MB (cached 59MB) CPU [0%@1728,0%@1728,0%@1728,0%@1728,0%@1728,0%@1728] GR3D_FREQ 99% cpu@71.687C soc2@70.593C soc0@71.218C gpu@73.531C tj@73.531C soc1@71.656C VDD_IN 17473mW/17371mW VDD_CPU_GPU_CV 7676mW/7668mW VDD_SOC 4199mW/4164mW
08-05-2026 05:32:41 RAM 4360/7620MB (lfb 15x4MB) SWAP 3107/12002MB (cached 59MB) CPU [0%@1728,0%@1728,0%@1728,0%@1728,0%@1728,0%@1728] GR3D_FREQ 99% cpu@71.687C soc2@70.593C soc0@71.187C gpu@73.656C tj@73.656C soc1@71.687C VDD_IN 17392mW/17371mW VDD_CPU_GPU_CV 7688mW/7668mW VDD_SOC 4199mW/4164mW
08-05-2026 05:32:41 RAM 4360/7620MB (lfb 15x4MB) SWAP 3107/12002MB (cached 59MB) CPU [0%@1728,0%@1728,0%@1728,10%@1728,10%@1728,0%@1728] GR3D_FREQ 99% cpu@71.687C soc2@70.656C soc0@71.218C gpu@73.625C tj@73.625C soc1@71.843C VDD_IN 17433mW/17372mW VDD_CPU_GPU_CV 7716mW/7668mW VDD_SOC 4199mW/4164mW
08-05-2026 05:32:41 RAM 4360/7620MB (lfb 15x4MB) SWAP 3107/12002MB (cached 59MB) CPU [0%@1728,0%@1728,0%@1728,0%@1728,0%@1728,0%@1728] GR3D_FREQ 99% cpu@71.718C soc2@70.625C soc0@71.187C gpu@73.593C tj@73.593C soc1@71.625C VDD_IN 17433mW/17372mW VDD_CPU_GPU_CV 7688mW/7668mW VDD_SOC 4199mW/4164mW
08-05-2026 05:32:41 RAM 4360/7620MB (lfb 15x4MB) SWAP 3107/12002MB (cached 59MB) CPU [0%@1728,0%@1728,0%@1728,0%@1728,0%@1728,0%@1728] GR3D_FREQ 99% cpu@71.593C soc2@70.562C soc0@71.125C gpu@73.593C tj@73.593C soc1@71.625C VDD_IN 17433mW/17372mW VDD_CPU_GPU_CV 7688mW/7668mW VDD_SOC 4199mW/4164mW
08-05-2026 05:32:41 RAM 4360/7620MB (lfb 15x4MB) SWAP 3107/12002MB (cached 59MB) CPU [0%@1728,8%@1728,0%@1728,0%@1728,0%@1728,0%@1728] GR3D_FREQ 99% cpu@71.75C soc2@70.625C soc0@71.218C gpu@73.531C tj@73.531C soc1@71.75C VDD_IN 17433mW/17372mW VDD_CPU_GPU_CV 7648mW/7668mW VDD_SOC 4199mW/4164mW
08-05-2026 05:32:42 RAM 4357/7620MB (lfb 15x4MB) SWAP 3107/12002MB (cached 59MB) CPU [18%@1728,0%@1728,0%@1728,0%@1728,0%@1728,18%@1728] GR3D_FREQ 99% cpu@71.687C soc2@70.75C soc0@71.187C gpu@73.531C tj@73.531C soc1@71.875C VDD_IN 17433mW/17372mW VDD_CPU_GPU_CV 7688mW/7668mW VDD_SOC 4199mW/4164mW
08-05-2026 05:32:42 RAM 4357/7620MB (lfb 15x4MB) SWAP 3107/12002MB (cached 59MB) CPU [0%@1728,0%@1728,0%@1728,0%@1728,0%@1728,0%@1728] GR3D_FREQ 99% cpu@71.687C soc2@70.593C soc0@71.375C gpu@73.562C tj@73.562C soc1@72C VDD_IN 17392mW/17372mW VDD_CPU_GPU_CV 7688mW/7668mW VDD_SOC 4159mW/4164mW
08-05-2026 05:32:42 RAM 4357/7620MB (lfb 15x4MB) SWAP 3107/12002MB (cached 59MB) CPU [9%@1728,0%@1728,9%@1728,8%@1728,18%@1728,0%@1728] GR3D_FREQ 99% cpu@71.781C soc2@70.531C soc0@71.062C gpu@73.625C tj@73.625C soc1@71.718C VDD_IN 17392mW/17372mW VDD_CPU_GPU_CV 7688mW/7668mW VDD_SOC 4159mW/4164mW
08-05-2026 05:32:42 RAM 4357/7620MB (lfb 15x4MB) SWAP 3107/12002MB (cached 59MB) CPU [0%@1728,0%@1728,0%@1728,0%@1728,0%@1728,0%@1728] GR3D_FREQ 99% cpu@71.75C soc2@70.562C soc0@71.187C gpu@73.843C tj@73.843C soc1@71.75C VDD_IN 17352mW/17372mW VDD_CPU_GPU_CV 7688mW/7668mW VDD_SOC 4119mW/4164mW
08-05-2026 05:32:42 RAM 4357/7620MB (lfb 15x4MB) SWAP 3107/12002MB (cached 59MB) CPU [0%@1728,0%@1728,0%@1728,0%@1728,0%@1728,8%@1728] GR3D_FREQ 99% cpu@71.75C soc2@70.593C soc0@71.281C gpu@73.75C tj@73.75C soc1@71.843C VDD_IN 17352mW/17372mW VDD_CPU_GPU_CV 7648mW/7668mW VDD_SOC 4159mW/4164mW
08-05-2026 05:32:42 RAM 4357/7620MB (lfb 15x4MB) SWAP 3107/12002MB (cached 59MB) CPU [0%@1728,9%@1728,0%@1728,0%@1728,0%@1728,0%@1728] GR3D_FREQ 99% cpu@71.687C soc2@70.625C soc0@71.312C gpu@73.687C tj@73.687C soc1@71.906C VDD_IN 17271mW/17372mW VDD_CPU_GPU_CV 7648mW/7668mW VDD_SOC 4159mW/4164mW
08-05-2026 05:32:42 RAM 4357/7620MB (lfb 15x4MB) SWAP 3107/12002MB (cached 59MB) CPU [0%@1728,0%@1728,0%@1728,0%@1728,0%@1728,0%@1728] GR3D_FREQ 99% cpu@71.812C soc2@70.593C soc0@71.312C gpu@73.718C tj@73.718C soc1@71.593C VDD_IN 17271mW/17372mW VDD_CPU_GPU_CV 7648mW/7668mW VDD_SOC 4159mW/4164mW
08-05-2026 05:32:42 RAM 4357/7620MB (lfb 15x4MB) SWAP 3107/12002MB (cached 59MB) CPU [0%@1728,0%@1728,0%@1728,0%@1728,0%@1728,0%@1728] GR3D_FREQ 99% cpu@71.687C soc2@70.593C soc0@71.187C gpu@73.75C tj@73.75C soc1@71.75C VDD_IN 17271mW/17371mW VDD_CPU_GPU_CV 7648mW/7668mW VDD_SOC 4159mW/4164mW
08-05-2026 05:32:42 RAM 4357/7620MB (lfb 15x4MB) SWAP 3107/12002MB (cached 59MB) CPU [0%@1728,0%@1728,0%@1728,0%@1728,0%@1728,10%@1728] GR3D_FREQ 99% cpu@71.843C soc2@70.687C soc0@71.156C gpu@73.718C tj@73.718C soc1@71.75C VDD_IN 17352mW/17371mW VDD_CPU_GPU_CV 7648mW/7668mW VDD_SOC 4159mW/4164mW
08-05-2026 05:32:42 RAM 4357/7620MB (lfb 15x4MB) SWAP 3107/12002MB (cached 59MB) CPU [0%@1728,0%@1728,0%@1728,0%@1728,0%@1728,0%@1728] GR3D_FREQ 99% cpu@71.718C soc2@70.718C soc0@71.375C gpu@73.687C tj@73.687C soc1@71.781C VDD_IN 17352mW/17371mW VDD_CPU_GPU_CV 7648mW/7668mW VDD_SOC 4159mW/4164mW
08-05-2026 05:32:43 RAM 4357/7620MB (lfb 15x4MB) SWAP 3107/12002MB (cached 59MB) CPU [0%@1728,0%@1728,0%@1728,0%@1728,0%@1728,0%@1728] GR3D_FREQ 99% cpu@71.687C soc2@70.75C soc0@71.375C gpu@73.593C tj@73.593C soc1@72.031C VDD_IN 17392mW/17371mW VDD_CPU_GPU_CV 7688mW/7668mW VDD_SOC 4159mW/4164mW
08-05-2026 05:32:43 RAM 4357/7620MB (lfb 15x4MB) SWAP 3107/12002MB (cached 59MB) CPU [0%@1728,0%@1728,0%@1728,0%@1728,0%@1728,0%@1728] GR3D_FREQ 99% cpu@71.75C soc2@70.593C soc0@71.25C gpu@73.781C tj@73.781C soc1@71.75C VDD_IN 17433mW/17372mW VDD_CPU_GPU_CV 7688mW/7668mW VDD_SOC 4159mW/4164mW
08-05-2026 05:32:43 RAM 4357/7620MB (lfb 15x4MB) SWAP 3107/12002MB (cached 59MB) CPU [0%@1728,9%@1728,8%@1728,0%@1728,0%@1728,16%@1728] GR3D_FREQ 99% cpu@71.656C soc2@70.593C soc0@71.218C gpu@73.75C tj@73.75C soc1@71.656C VDD_IN 17513mW/17372mW VDD_CPU_GPU_CV 7729mW/7668mW VDD_SOC 4199mW/4164mW
08-05-2026 05:32:43 RAM 4357/7620MB (lfb 15x4MB) SWAP 3107/12002MB (cached 59MB) CPU [0%@1728,0%@1728,0%@1728,0%@1728,0%@1728,0%@1728] GR3D_FREQ 99% cpu@71.812C soc2@70.625C soc0@71.187C gpu@73.75C tj@73.75C soc1@71.781C VDD_IN 17513mW/17372mW VDD_CPU_GPU_CV 7729mW/7668mW VDD_SOC 4199mW/4164mW
08-05-2026 05:32:43 RAM 4357/7620MB (lfb 15x4MB) SWAP 3107/12002MB (cached 59MB) CPU [0%@1728,0%@1728,0%@1728,0%@1728,0%@1728,9%@1728] GR3D_FREQ 99% cpu@71.781C soc2@70.656C soc0@71.281C gpu@73.812C tj@73.812C soc1@72C VDD_IN 17473mW/17372mW VDD_CPU_GPU_CV 7688mW/7668mW VDD_SOC 4199mW/4164mW
08-05-2026 05:32:43 RAM 4357/7620MB (lfb 15x4MB) SWAP 3107/12002MB (cached 59MB) CPU [0%@1728,0%@1728,0%@1728,0%@1728,10%@1728,0%@1728] GR3D_FREQ 99% cpu@71.843C soc2@70.781C soc0@71.093C gpu@73.656C tj@73.656C soc1@71.687C VDD_IN 17513mW/17372mW VDD_CPU_GPU_CV 7729mW/7668mW VDD_SOC 4199mW/4164mW
08-05-2026 05:32:43 RAM 4357/7620MB (lfb 15x4MB) SWAP 3107/12002MB (cached 59MB) CPU [0%@1728,0%@1728,0%@1728,0%@1728,9%@1728,0%@1728] GR3D_FREQ 99% cpu@71.656C soc2@70.656C soc0@71.187C gpu@73.937C tj@73.937C soc1@71.718C VDD_IN 17513mW/17372mW VDD_CPU_GPU_CV 7729mW/7668mW VDD_SOC 4199mW/4164mW
08-05-2026 05:32:43 RAM 4357/7620MB (lfb 15x4MB) SWAP 3107/12002MB (cached 59MB) CPU [0%@1728,0%@1728,0%@1728,0%@1728,0%@1728,0%@1728] GR3D_FREQ 99% cpu@71.656C soc2@70.593C soc0@71.156C gpu@73.843C tj@73.843C soc1@71.75C VDD_IN 17513mW/17373mW VDD_CPU_GPU_CV 7729mW/7668mW VDD_SOC 4199mW/4164mW
08-05-2026 05:32:43 RAM 4357/7620MB (lfb 15x4MB) SWAP 3107/12002MB (cached 59MB) CPU [0%@1728,0%@1728,0%@1728,0%@1728,0%@1728,0%@1728] GR3D_FREQ 99% cpu@71.781C soc2@70.593C soc0@71.218C gpu@73.843C tj@73.843C soc1@71.812C VDD_IN 17513mW/17373mW VDD_CPU_GPU_CV 7729mW/7669mW VDD_SOC 4199mW/4164mW
08-05-2026 05:32:44 RAM 4357/7620MB (lfb 15x4MB) SWAP 3107/12002MB (cached 59MB) CPU [0%@1728,0%@1728,9%@1728,0%@1728,0%@1728,0%@1728] GR3D_FREQ 99% cpu@71.75C soc2@70.687C soc0@71.406C gpu@73.937C tj@73.937C soc1@71.718C VDD_IN 17473mW/17373mW VDD_CPU_GPU_CV 7729mW/7669mW VDD_SOC 4199mW/4164mW
08-05-2026 05:32:44 RAM 4357/7620MB (lfb 15x4MB) SWAP 3107/12002MB (cached 59MB) CPU [0%@1728,9%@1728,0%@1728,0%@1728,0%@1728,0%@1728] GR3D_FREQ 99% cpu@71.812C soc2@70.562C soc0@71.218C gpu@73.937C tj@73.937C soc1@71.625C VDD_IN 17473mW/17373mW VDD_CPU_GPU_CV 7688mW/7669mW VDD_SOC 4199mW/4164mW
08-05-2026 05:32:44 RAM 4357/7620MB (lfb 15x4MB) SWAP 3107/12002MB (cached 59MB) CPU [0%@1728,0%@1728,0%@1728,0%@1728,10%@1728,0%@1728] GR3D_FREQ 99% cpu@71.718C soc2@70.656C soc0@71.156C gpu@74C tj@73.843C soc1@71.75C VDD_IN 17473mW/17373mW VDD_CPU_GPU_CV 7688mW/7669mW VDD_SOC 4199mW/4164mW
08-05-2026 05:32:44 RAM 4357/7620MB (lfb 15x4MB) SWAP 3107/12002MB (cached 59MB) CPU [0%@1728,0%@1728,0%@1728,0%@1728,18%@1728,0%@1728] GR3D_FREQ 99% cpu@71.687C soc2@70.625C soc0@71.187C gpu@73.593C tj@73.593C soc1@71.812C VDD_IN 17433mW/17373mW VDD_CPU_GPU_CV 7648mW/7669mW VDD_SOC 4199mW/4164mW
08-05-2026 05:32:44 RAM 4357/7620MB (lfb 15x4MB) SWAP 3107/12002MB (cached 59MB) CPU [0%@1728,0%@1728,0%@1728,0%@1728,0%@1728,0%@1728] GR3D_FREQ 99% cpu@71.781C soc2@70.562C soc0@71.312C gpu@73.531C tj@73.531C soc1@71.781C VDD_IN 17392mW/17373mW VDD_CPU_GPU_CV 7648mW/7669mW VDD_SOC 4199mW/4164mW
08-05-2026 05:32:44 RAM 4357/7620MB (lfb 15x4MB) SWAP 3107/12002MB (cached 59MB) CPU [0%@1728,0%@1728,0%@1728,0%@1728,0%@1728,0%@1728] GR3D_FREQ 99% cpu@71.812C soc2@70.718C soc0@71.343C gpu@73.812C tj@73.812C soc1@71.625C VDD_IN 17352mW/17373mW VDD_CPU_GPU_CV 7648mW/7669mW VDD_SOC 4159mW/4164mW
08-05-2026 05:32:44 RAM 4357/7620MB (lfb 15x4MB) SWAP 3107/12002MB (cached 59MB) CPU [0%@1728,9%@1728,8%@1728,0%@1728,0%@1728,0%@1728] GR3D_FREQ 99% cpu@71.593C soc2@70.531C soc0@71.093C gpu@73.781C tj@73.781C soc1@71.812C VDD_IN 17311mW/17373mW VDD_CPU_GPU_CV 7648mW/7669mW VDD_SOC 4159mW/4164mW
08-05-2026 05:32:44 RAM 4357/7620MB (lfb 15x4MB) SWAP 3107/12002MB (cached 59MB) CPU [0%@1728,0%@1728,0%@1728,0%@1728,0%@1728,0%@1728] GR3D_FREQ 99% cpu@71.656C soc2@70.562C soc0@71.156C gpu@73.687C tj@73.687C soc1@71.781C VDD_IN 17311mW/17373mW VDD_CPU_GPU_CV 7648mW/7669mW VDD_SOC 4119mW/4164mW
08-05-2026 05:32:44 RAM 4357/7620MB (lfb 15x4MB) SWAP 3107/12002MB (cached 59MB) CPU [0%@1728,0%@1728,0%@1728,0%@1728,0%@1728,10%@1728] GR3D_FREQ 99% cpu@71.718C soc2@70.5C soc0@71.125C gpu@73.937C tj@73.937C soc1@71.843C VDD_IN 17311mW/17373mW VDD_CPU_GPU_CV 7688mW/7669mW VDD_SOC 4119mW/4164mW
08-05-2026 05:32:44 RAM 4357/7620MB (lfb 15x4MB) SWAP 3107/12002MB (cached 59MB) CPU [0%@1728,9%@1728,0%@1728,0%@1728,0%@1728,0%@1728] GR3D_FREQ 99% cpu@71.75C soc2@70.625C soc0@71.312C gpu@73.906C tj@73.906C soc1@71.843C VDD_IN 17311mW/17373mW VDD_CPU_GPU_CV 7688mW/7669mW VDD_SOC 4119mW/4164mW
08-05-2026 05:32:45 RAM 4357/7620MB (lfb 15x4MB) SWAP 3107/12002MB (cached 59MB) CPU [0%@1728,0%@1728,0%@1728,0%@1728,0%@1728,0%@1728] GR3D_FREQ 99% cpu@71.75C soc2@70.5C soc0@71.031C gpu@73.968C tj@73.781C soc1@71.656C VDD_IN 17311mW/17373mW VDD_CPU_GPU_CV 7648mW/7669mW VDD_SOC 4159mW/4164mW
08-05-2026 05:32:45 RAM 4357/7620MB (lfb 15x4MB) SWAP 3107/12002MB (cached 59MB) CPU [0%@1728,0%@1728,0%@1728,0%@1728,0%@1728,0%@1728] GR3D_FREQ 99% cpu@71.718C soc2@70.625C soc0@71.031C gpu@74C tj@74C soc1@71.718C VDD_IN 17311mW/17373mW VDD_CPU_GPU_CV 7648mW/7669mW VDD_SOC 4159mW/4164mW
08-05-2026 05:32:45 RAM 4356/7620MB (lfb 15x4MB) SWAP 3107/12002MB (cached 59MB) CPU [18%@1728,10%@1728,9%@1728,10%@1728,10%@1728,9%@1728] GR3D_FREQ 99% cpu@71.812C soc2@70.656C soc0@71.218C gpu@73.781C tj@73.781C soc1@71.75C VDD_IN 17433mW/17373mW VDD_CPU_GPU_CV 7729mW/7669mW VDD_SOC 4159mW/4164mW
08-05-2026 05:32:45 RAM 4356/7620MB (lfb 15x4MB) SWAP 3107/12002MB (cached 59MB) CPU [0%@1728,0%@1728,0%@1728,0%@1728,9%@1728,0%@1728] GR3D_FREQ 99% cpu@71.75C soc2@70.562C soc0@71.218C gpu@73.906C tj@73.906C soc1@71.875C VDD_IN 17352mW/17373mW VDD_CPU_GPU_CV 7688mW/7669mW VDD_SOC 4159mW/4164mW
08-05-2026 05:32:45 RAM 4356/7620MB (lfb 15x4MB) SWAP 3107/12002MB (cached 59MB) CPU [0%@1728,0%@1728,0%@1728,0%@1728,18%@1728,0%@1728] GR3D_FREQ 96% cpu@71.75C soc2@70.625C soc0@71.406C gpu@73.718C tj@73.718C soc1@71.718C VDD_IN 17433mW/17373mW VDD_CPU_GPU_CV 7729mW/7669mW VDD_SOC 4159mW/4164mW
08-05-2026 05:32:45 RAM 4356/7620MB (lfb 15x4MB) SWAP 3107/12002MB (cached 59MB) CPU [9%@1728,9%@1728,0%@1728,0%@1728,0%@1728,0%@1728] GR3D_FREQ 99% cpu@71.906C soc2@70.593C soc0@71.218C gpu@73.687C tj@73.687C soc1@71.718C VDD_IN 17433mW/17373mW VDD_CPU_GPU_CV 7729mW/7669mW VDD_SOC 4159mW/4164mW
08-05-2026 05:32:45 RAM 4356/7620MB (lfb 15x4MB) SWAP 3107/12002MB (cached 59MB) CPU [0%@1728,0%@1728,0%@1728,0%@1728,0%@1728,0%@1728] GR3D_FREQ 99% cpu@71.687C soc2@70.593C soc0@71.25C gpu@74C tj@74C soc1@71.75C VDD_IN 17473mW/17373mW VDD_CPU_GPU_CV 7729mW/7669mW VDD_SOC 4159mW/4164mW
08-05-2026 05:32:45 RAM 4356/7620MB (lfb 15x4MB) SWAP 3107/12002MB (cached 59MB) CPU [0%@1728,0%@1728,0%@1728,0%@1728,0%@1728,0%@1728] GR3D_FREQ 99% cpu@71.812C soc2@70.625C soc0@71.312C gpu@74C tj@74C soc1@71.812C VDD_IN 17473mW/17373mW VDD_CPU_GPU_CV 7729mW/7669mW VDD_SOC 4199mW/4164mW
08-05-2026 05:32:45 RAM 4356/7620MB (lfb 15x4MB) SWAP 3107/12002MB (cached 59MB) CPU [0%@1728,0%@1728,0%@1728,0%@1728,0%@1728,0%@1728] GR3D_FREQ 99% cpu@71.812C soc2@70.687C soc0@71.343C gpu@73.812C tj@73.812C soc1@71.906C VDD_IN 17513mW/17373mW VDD_CPU_GPU_CV 7716mW/7669mW VDD_SOC 4199mW/4164mW
08-05-2026 05:32:46 RAM 4356/7620MB (lfb 15x4MB) SWAP 3107/12002MB (cached 59MB) CPU [0%@1728,0%@1728,0%@1728,0%@1728,0%@1728,0%@1728] GR3D_FREQ 99% cpu@71.812C soc2@70.656C soc0@71.218C gpu@73.968C tj@73.968C soc1@71.656C VDD_IN 17473mW/17374mW VDD_CPU_GPU_CV 7716mW/7669mW VDD_SOC 4199mW/4164mW
08-05-2026 05:32:46 RAM 4356/7620MB (lfb 15x4MB) SWAP 3107/12002MB (cached 59MB) CPU [0%@1728,0%@1728,0%@1728,0%@1728,0%@1728,0%@1728] GR3D_FREQ 99% cpu@71.812C soc2@70.625C soc0@71.062C gpu@73.843C tj@73.843C soc1@71.843C VDD_IN 17473mW/17374mW VDD_CPU_GPU_CV 7716mW/7669mW VDD_SOC 4199mW/4164mW
08-05-2026 05:32:46 RAM 4356/7620MB (lfb 15x4MB) SWAP 3107/12002MB (cached 59MB) CPU [0%@1728,0%@1728,0%@1728,9%@1728,10%@1728,0%@1728] GR3D_FREQ 99% cpu@71.718C soc2@70.656C soc0@71.218C gpu@74.187C tj@74.187C soc1@71.781C VDD_IN 17513mW/17374mW VDD_CPU_GPU_CV 7716mW/7669mW VDD_SOC 4199mW/4164mW
08-05-2026 05:32:46 RAM 4356/7620MB (lfb 15x4MB) SWAP 3107/12002MB (cached 59MB) CPU [0%@1728,0%@1728,0%@1728,0%@1728,0%@1728,25%@1728] GR3D_FREQ 99% cpu@71.875C soc2@70.656C soc0@71.281C gpu@73.968C tj@73.968C soc1@71.875C VDD_IN 17513mW/17374mW VDD_CPU_GPU_CV 7716mW/7669mW VDD_SOC 4199mW/4164mW
08-05-2026 05:32:46 RAM 4356/7620MB (lfb 15x4MB) SWAP 3107/12002MB (cached 59MB) CPU [0%@1728,0%@1728,8%@1728,0%@1728,0%@1728,0%@1728] GR3D_FREQ 99% cpu@71.812C soc2@70.718C soc0@71.406C gpu@73.875C tj@73.875C soc1@71.718C VDD_IN 17473mW/17374mW VDD_CPU_GPU_CV 7716mW/7669mW VDD_SOC 4199mW/4164mW
08-05-2026 05:32:46 RAM 4356/7620MB (lfb 15x4MB) SWAP 3107/12002MB (cached 59MB) CPU [0%@1728,0%@1728,0%@1728,0%@1728,0%@1728,0%@1728] GR3D_FREQ 99% cpu@71.843C soc2@70.593C soc0@71.187C gpu@74.156C tj@74.156C soc1@71.718C VDD_IN 17433mW/17374mW VDD_CPU_GPU_CV 7688mW/7669mW VDD_SOC 4199mW/4165mW
08-05-2026 05:32:46 RAM 4356/7620MB (lfb 15x4MB) SWAP 3107/12002MB (cached 59MB) CPU [0%@1728,0%@1728,0%@1728,0%@1728,0%@1728,0%@1728] GR3D_FREQ 99% cpu@71.812C soc2@70.593C soc0@71.25C gpu@74.062C tj@74.062C soc1@71.781C VDD_IN 17433mW/17374mW VDD_CPU_GPU_CV 7676mW/7669mW VDD_SOC 4199mW/4165mW
08-05-2026 05:32:46 RAM 4356/7620MB (lfb 15x4MB) SWAP 3107/12002MB (cached 59MB) CPU [0%@1728,0%@1728,0%@1728,0%@1728,0%@1728,0%@1728] GR3D_FREQ 99% cpu@71.843C soc2@70.656C soc0@71.312C gpu@73.937C tj@73.937C soc1@71.906C VDD_IN 17433mW/17374mW VDD_CPU_GPU_CV 7688mW/7669mW VDD_SOC 4199mW/4165mW
08-05-2026 05:32:46 RAM 4356/7620MB (lfb 15x4MB) SWAP 3107/12002MB (cached 59MB) CPU [9%@1728,0%@1728,0%@1728,0%@1728,10%@1728,0%@1728] GR3D_FREQ 99% cpu@71.906C soc2@70.781C soc0@71.375C gpu@73.937C tj@73.937C soc1@72C VDD_IN 17433mW/17375mW VDD_CPU_GPU_CV 7648mW/7669mW VDD_SOC 4199mW/4165mW
08-05-2026 05:32:46 RAM 4356/7620MB (lfb 15x4MB) SWAP 3107/12002MB (cached 59MB) CPU [0%@1728,0%@1728,0%@1728,0%@1728,0%@1728,0%@1728] GR3D_FREQ 99% cpu@71.937C soc2@70.75C soc0@71.156C gpu@73.781C tj@73.781C soc1@71.718C VDD_IN 17392mW/17375mW VDD_CPU_GPU_CV 7648mW/7669mW VDD_SOC 4199mW/4165mW
08-05-2026 05:32:47 RAM 4356/7620MB (lfb 15x4MB) SWAP 3107/12002MB (cached 59MB) CPU [0%@1728,0%@1728,0%@1728,0%@1728,0%@1728,0%@1728] GR3D_FREQ 99% cpu@72C soc2@70.593C soc0@71.187C gpu@73.562C tj@73.562C soc1@71.687C VDD_IN 17392mW/17375mW VDD_CPU_GPU_CV 7648mW/7669mW VDD_SOC 4159mW/4165mW
08-05-2026 05:32:47 RAM 4356/7620MB (lfb 15x4MB) SWAP 3107/12002MB (cached 59MB) CPU [0%@1728,0%@1728,0%@1728,0%@1728,0%@1728,0%@1728] GR3D_FREQ 99% cpu@71.75C soc2@70.625C soc0@71.25C gpu@74.031C tj@74.031C soc1@71.812C VDD_IN 17352mW/17375mW VDD_CPU_GPU_CV 7648mW/7669mW VDD_SOC 4159mW/4165mW
08-05-2026 05:32:47 RAM 4356/7620MB (lfb 15x4MB) SWAP 3107/12002MB (cached 59MB) CPU [9%@1728,9%@1728,9%@1728,0%@1728,0%@1728,0%@1728] GR3D_FREQ 99% cpu@71.812C soc2@70.781C soc0@71.343C gpu@73.906C tj@73.906C soc1@71.937C VDD_IN 17352mW/17374mW VDD_CPU_GPU_CV 7688mW/7669mW VDD_SOC 4159mW/4165mW
08-05-2026 05:32:47 RAM 4356/7620MB (lfb 15x4MB) SWAP 3107/12002MB (cached 59MB) CPU [0%@1728,0%@1728,0%@1728,0%@1728,0%@1728,25%@1728] GR3D_FREQ 99% cpu@71.937C soc2@70.781C soc0@71.406C gpu@73.75C tj@73.75C soc1@72.031C VDD_IN 17311mW/17374mW VDD_CPU_GPU_CV 7648mW/7669mW VDD_SOC 4119mW/4165mW
08-05-2026 05:32:47 RAM 4356/7620MB (lfb 15x4MB) SWAP 3107/12002MB (cached 59MB) CPU [10%@1728,0%@1728,0%@1728,0%@1728,0%@1728,0%@1728] GR3D_FREQ 99% cpu@72C soc2@70.718C soc0@71.187C gpu@74.093C tj@74.093C soc1@71.781C VDD_IN 17311mW/17374mW VDD_CPU_GPU_CV 7688mW/7669mW VDD_SOC 4119mW/4165mW
08-05-2026 05:32:47 RAM 4356/7620MB (lfb 15x4MB) SWAP 3107/12002MB (cached 59MB) CPU [0%@1728,0%@1728,0%@1728,0%@1728,0%@1728,0%@1728] GR3D_FREQ 99% cpu@71.812C soc2@70.656C soc0@71.25C gpu@73.875C tj@73.875C soc1@71.875C VDD_IN 17271mW/17374mW VDD_CPU_GPU_CV 7648mW/7669mW VDD_SOC 4119mW/4165mW
08-05-2026 05:32:47 RAM 4356/7620MB (lfb 15x4MB) SWAP 3107/12002MB (cached 59MB) CPU [0%@1728,0%@1728,0%@1728,0%@1728,0%@1728,0%@1728] GR3D_FREQ 99% cpu@71.843C soc2@70.781C soc0@71.343C gpu@73.5C tj@73.5C soc1@71.937C VDD_IN 17271mW/17374mW VDD_CPU_GPU_CV 7648mW/7669mW VDD_SOC 4159mW/4165mW
08-05-2026 05:32:47 RAM 4356/7620MB (lfb 15x4MB) SWAP 3107/12002MB (cached 59MB) CPU [0%@1728,0%@1728,0%@1728,0%@1728,0%@1728,0%@1728] GR3D_FREQ 99% cpu@71.875C soc2@70.718C soc0@71.5C gpu@74C tj@74C soc1@72.031C VDD_IN 17271mW/17374mW VDD_CPU_GPU_CV 7648mW/7669mW VDD_SOC 4159mW/4165mW
08-05-2026 05:32:47 RAM 4356/7620MB (lfb 15x4MB) SWAP 3107/12002MB (cached 59MB) CPU [9%@1728,0%@1728,0%@1728,0%@1728,0%@1728,0%@1728] GR3D_FREQ 99% cpu@71.812C soc2@70.718C soc0@71.156C gpu@73.781C tj@73.781C soc1@71.812C VDD_IN 17271mW/17374mW VDD_CPU_GPU_CV 7648mW/7669mW VDD_SOC 4159mW/4164mW
08-05-2026 05:32:47 RAM 4356/7620MB (lfb 15x4MB) SWAP 3107/12002MB (cached 59MB) CPU [0%@1728,0%@1728,0%@1728,0%@1728,0%@1728,0%@1728] GR3D_FREQ 99% cpu@71.937C soc2@70.687C soc0@71.218C gpu@74.187C tj@74.187C soc1@71.875C VDD_IN 17311mW/17374mW VDD_CPU_GPU_CV 7648mW/7669mW VDD_SOC 4159mW/4164mW
08-05-2026 05:32:48 RAM 4356/7620MB (lfb 15x4MB) SWAP 3107/12002MB (cached 59MB) CPU [0%@1728,18%@1728,0%@1728,0%@1728,0%@1728,0%@1728] GR3D_FREQ 96% cpu@72C soc2@70.718C soc0@71.218C gpu@73.968C tj@73.968C soc1@71.906C VDD_IN 17392mW/17374mW VDD_CPU_GPU_CV 7688mW/7669mW VDD_SOC 4159mW/4164mW
08-05-2026 05:32:48 RAM 4356/7620MB (lfb 15x4MB) SWAP 3107/12002MB (cached 59MB) CPU [0%@1728,0%@1728,0%@1728,0%@1728,0%@1728,0%@1728] GR3D_FREQ 99% cpu@71.906C soc2@70.656C soc0@71.5C gpu@73.718C tj@73.718C soc1@72.031C VDD_IN 17433mW/17374mW VDD_CPU_GPU_CV 7716mW/7669mW VDD_SOC 4159mW/4164mW
08-05-2026 05:32:48 RAM 4356/7620MB (lfb 15x4MB) SWAP 3107/12002MB (cached 59MB) CPU [0%@1728,0%@1728,0%@1728,9%@1728,0%@1728,81%@1728] GR3D_FREQ 99% cpu@71.906C soc2@70.906C soc0@71.25C gpu@74.375C tj@74.375C soc1@71.75C VDD_IN 17594mW/17374mW VDD_CPU_GPU_CV 7797mW/7669mW VDD_SOC 4199mW/4165mW
08-05-2026 05:32:48 RAM 4356/7620MB (lfb 15x4MB) SWAP 3107/12002MB (cached 59MB) CPU [0%@1728,0%@1728,9%@1728,0%@1728,9%@1728,10%@1728] GR3D_FREQ 99% cpu@71.968C soc2@70.75C soc0@71.343C gpu@73.968C tj@73.968C soc1@71.75C VDD_IN 17594mW/17374mW VDD_CPU_GPU_CV 7797mW/7670mW VDD_SOC 4199mW/4165mW
08-05-2026 05:32:48 RAM 4355/7620MB (lfb 15x4MB) SWAP 3107/12002MB (cached 59MB) CPU [27%@1728,9%@1728,0%@1728,9%@1728,10%@1728,0%@1728] GR3D_FREQ 99% cpu@71.875C soc2@70.75C soc0@71.312C gpu@73.718C tj@73.718C soc1@71.906C VDD_IN 17635mW/17375mW VDD_CPU_GPU_CV 7837mW/7670mW VDD_SOC 4199mW/4165mW
08-05-2026 05:32:48 RAM 4355/7620MB (lfb 15x4MB) SWAP 3107/12002MB (cached 59MB) CPU [0%@1728,0%@1728,0%@1728,0%@1728,0%@1728,0%@1728] GR3D_FREQ 99% cpu@71.906C soc2@70.843C soc0@71.406C gpu@74.156C tj@74.156C soc1@72.031C VDD_IN 17594mW/17375mW VDD_CPU_GPU_CV 7797mW/7670mW VDD_SOC 4199mW/4165mW
08-05-2026 05:32:48 RAM 4355/7620MB (lfb 15x4MB) SWAP 3107/12002MB (cached 59MB) CPU [0%@1728,0%@1728,0%@1728,0%@1728,0%@1728,0%@1728] GR3D_FREQ 99% cpu@71.937C soc2@70.843C soc0@71.468C gpu@74.031C tj@74.031C soc1@72.031C VDD_IN 17554mW/17375mW VDD_CPU_GPU_CV 7757mW/7670mW VDD_SOC 4199mW/4165mW
08-05-2026 05:32:48 RAM 4355/7620MB (lfb 15x4MB) SWAP 3107/12002MB (cached 59MB) CPU [0%@1728,18%@1728,0%@1728,0%@1728,0%@1728,0%@1728] GR3D_FREQ 99% cpu@72C soc2@70.781C soc0@71.281C gpu@73.781C tj@73.781C soc1@71.843C VDD_IN 17594mW/17375mW VDD_CPU_GPU_CV 7757mW/7670mW VDD_SOC 4199mW/4165mW
08-05-2026 05:32:48 RAM 4355/7620MB (lfb 15x4MB) SWAP 3107/12002MB (cached 59MB) CPU [0%@1728,0%@1728,0%@1728,0%@1728,0%@1728,0%@1728] GR3D_FREQ 99% cpu@72.187C soc2@70.812C soc0@71.343C gpu@74.187C tj@74.187C soc1@71.875C VDD_IN 17554mW/17376mW VDD_CPU_GPU_CV 7757mW/7670mW VDD_SOC 4199mW/4165mW
08-05-2026 05:32:49 RAM 4355/7620MB (lfb 15x4MB) SWAP 3107/12002MB (cached 59MB) CPU [0%@1728,0%@1728,0%@1728,0%@1728,0%@1728,0%@1728] GR3D_FREQ 99% cpu@71.843C soc2@70.843C soc0@71.343C gpu@74.062C tj@74.062C soc1@71.937C VDD_IN 17513mW/17376mW VDD_CPU_GPU_CV 7716mW/7670mW VDD_SOC 4199mW/4165mW
08-05-2026 05:32:49 RAM 4355/7620MB (lfb 15x4MB) SWAP 3107/12002MB (cached 59MB) CPU [0%@1728,0%@1728,9%@1728,0%@1728,0%@1728,0%@1728] GR3D_FREQ 99% cpu@71.937C soc2@70.812C soc0@71.406C gpu@73.843C tj@73.843C soc1@72.031C VDD_IN 17513mW/17376mW VDD_CPU_GPU_CV 7716mW/7670mW VDD_SOC 4199mW/4165mW
08-05-2026 05:32:49 RAM 4355/7620MB (lfb 15x4MB) SWAP 3107/12002MB (cached 59MB) CPU [0%@1728,0%@1728,0%@1728,0%@1728,0%@1728,0%@1728] GR3D_FREQ 99% cpu@72C soc2@70.843C soc0@71.187C gpu@74.156C tj@74.156C soc1@71.781C VDD_IN 17473mW/17376mW VDD_CPU_GPU_CV 7716mW/7670mW VDD_SOC 4199mW/4165mW
08-05-2026 05:32:49 RAM 4355/7620MB (lfb 15x4MB) SWAP 3107/12002MB (cached 59MB) CPU [0%@1728,0%@1728,0%@1728,0%@1728,0%@1728,20%@1728] GR3D_FREQ 99% cpu@72.062C soc2@70.812C soc0@71.343C gpu@73.562C tj@73.562C soc1@71.75C VDD_IN 17392mW/17376mW VDD_CPU_GPU_CV 7636mW/7670mW VDD_SOC 4199mW/4165mW
08-05-2026 05:32:49 RAM 4355/7620MB (lfb 15x4MB) SWAP 3107/12002MB (cached 59MB) CPU [9%@1728,18%@1728,0%@1728,8%@1728,0%@1728,0%@1728] GR3D_FREQ 99% cpu@71.937C soc2@70.781C soc0@71.281C gpu@73.562C tj@73.562C soc1@71.937C VDD_IN 17392mW/17376mW VDD_CPU_GPU_CV 7688mW/7670mW VDD_SOC 4199mW/4165mW
08-05-2026 05:32:49 RAM 4355/7620MB (lfb 15x4MB) SWAP 3107/12002MB (cached 59MB) CPU [0%@1728,0%@1728,0%@1728,0%@1728,0%@1728,0%@1728] GR3D_FREQ 99% cpu@71.843C soc2@70.718C soc0@71.375C gpu@73.968C tj@73.968C soc1@71.937C VDD_IN 17352mW/17376mW VDD_CPU_GPU_CV 7688mW/7670mW VDD_SOC 4159mW/4165mW
08-05-2026 05:32:49 RAM 4355/7620MB (lfb 15x4MB) SWAP 3107/12002MB (cached 59MB) CPU [0%@1728,0%@1728,0%@1728,0%@1728,0%@1728,0%@1728] GR3D_FREQ 99% cpu@71.906C soc2@70.718C soc0@71.437C gpu@73.781C tj@73.781C soc1@72.031C VDD_IN 17352mW/17376mW VDD_CPU_GPU_CV 7688mW/7670mW VDD_SOC 4159mW/4165mW
08-05-2026 05:32:49 RAM 4355/7620MB (lfb 15x4MB) SWAP 3107/12002MB (cached 59MB) CPU [0%@1728,0%@1728,0%@1728,0%@1728,0%@1728,0%@1728] GR3D_FREQ 99% cpu@71.937C soc2@70.687C soc0@71.281C gpu@74.437C tj@74.437C soc1@71.875C VDD_IN 17352mW/17376mW VDD_CPU_GPU_CV 7688mW/7670mW VDD_SOC 4119mW/4165mW
08-05-2026 05:32:49 RAM 4355/7620MB (lfb 15x4MB) SWAP 3107/12002MB (cached 59MB) CPU [0%@1728,0%@1728,0%@1728,8%@1728,0%@1728,0%@1728] GR3D_FREQ 99% cpu@72.031C soc2@70.75C soc0@71.25C gpu@74.093C tj@74.093C soc1@71.781C VDD_IN 17311mW/17376mW VDD_CPU_GPU_CV 7688mW/7671mW VDD_SOC 4119mW/4165mW
08-05-2026 05:32:49 RAM 4355/7620MB (lfb 15x4MB) SWAP 3107/12002MB (cached 59MB) CPU [0%@1728,0%@1728,0%@1728,0%@1728,0%@1728,0%@1728] GR3D_FREQ 99% cpu@71.843C soc2@70.687C soc0@71.218C gpu@73.718C tj@73.718C soc1@71.843C VDD_IN 17311mW/17376mW VDD_CPU_GPU_CV 7688mW/7671mW VDD_SOC 4119mW/4165mW
08-05-2026 05:32:50 RAM 4355/7620MB (lfb 15x4MB) SWAP 3107/12002MB (cached 59MB) CPU [0%@1728,18%@1728,0%@1728,0%@1728,0%@1728,0%@1728] GR3D_FREQ 99% cpu@71.812C soc2@70.718C soc0@71.343C gpu@74.156C tj@74.156C soc1@71.937C VDD_IN 17311mW/17376mW VDD_CPU_GPU_CV 7688mW/7671mW VDD_SOC 4159mW/4165mW
08-05-2026 05:32:50 RAM 4355/7620MB (lfb 15x4MB) SWAP 3107/12002MB (cached 59MB) CPU [8%@1728,0%@1728,9%@1728,8%@1728,0%@1728,0%@1728] GR3D_FREQ 99% cpu@71.906C soc2@70.843C soc0@71.218C gpu@73.687C tj@73.968C soc1@71.75C VDD_IN 17311mW/17376mW VDD_CPU_GPU_CV 7688mW/7671mW VDD_SOC 4159mW/4165mW
08-05-2026 05:32:50 RAM 4355/7620MB (lfb 15x4MB) SWAP 3107/12002MB (cached 59MB) CPU [0%@1728,0%@1728,0%@1728,0%@1728,0%@1728,18%@1728] GR3D_FREQ 99% cpu@72.156C soc2@70.593C soc0@71.25C gpu@73.437C tj@73.437C soc1@71.687C VDD_IN 17311mW/17376mW VDD_CPU_GPU_CV 7648mW/7671mW VDD_SOC 4159mW/4165mW
08-05-2026 05:32:50 RAM 4355/7620MB (lfb 15x4MB) SWAP 3107/12002MB (cached 59MB) CPU [0%@1728,0%@1728,0%@1728,0%@1728,0%@1728,8%@1728] GR3D_FREQ 99% cpu@71.75C soc2@70.718C soc0@71.187C gpu@73.937C tj@73.937C soc1@71.875C VDD_IN 17311mW/17376mW VDD_CPU_GPU_CV 7648mW/7671mW VDD_SOC 4159mW/4165mW
08-05-2026 05:32:50 RAM 4355/7620MB (lfb 15x4MB) SWAP 3107/12002MB (cached 59MB) CPU [0%@1728,0%@1728,0%@1728,0%@1728,0%@1728,0%@1728] GR3D_FREQ 99% cpu@71.812C soc2@70.625C soc0@71.343C gpu@73.531C tj@73.531C soc1@71.75C VDD_IN 17352mW/17376mW VDD_CPU_GPU_CV 7648mW/7670mW VDD_SOC 4159mW/4165mW
08-05-2026 05:32:50 RAM 4355/7620MB (lfb 15x4MB) SWAP 3107/12002MB (cached 59MB) CPU [0%@1728,0%@1728,0%@1728,0%@1728,0%@1728,0%@1728] GR3D_FREQ 99% cpu@71.875C soc2@70.593C soc0@71.281C gpu@73.531C tj@73.531C soc1@71.656C VDD_IN 17392mW/17376mW VDD_CPU_GPU_CV 7648mW/7670mW VDD_SOC 4159mW/4165mW
08-05-2026 05:32:50 RAM 4355/7620MB (lfb 15x4MB) SWAP 3107/12002MB (cached 59MB) CPU [0%@1728,10%@1728,0%@1728,0%@1728,0%@1728,0%@1728] GR3D_FREQ 96% cpu@71.937C soc2@70.562C soc0@71.125C gpu@74.031C tj@74.031C soc1@71.656C VDD_IN 17473mW/17376mW VDD_CPU_GPU_CV 7676mW/7670mW VDD_SOC 4159mW/4165mW
08-05-2026 05:32:50 RAM 4355/7620MB (lfb 15x4MB) SWAP 3107/12002MB (cached 59MB) CPU [0%@1728,9%@1728,0%@1728,0%@1728,0%@1728,0%@1728] GR3D_FREQ 99% cpu@72.093C soc2@70.593C soc0@71.218C gpu@73.656C tj@73.656C soc1@71.656C VDD_IN 17513mW/17376mW VDD_CPU_GPU_CV 7676mW/7670mW VDD_SOC 4199mW/4165mW
08-05-2026 05:32:50 RAM 4355/7620MB (lfb 15x4MB) SWAP 3107/12002MB (cached 59MB) CPU [9%@1728,0%@1728,0%@1728,0%@1728,0%@1728,0%@1728] GR3D_FREQ 99% cpu@71.781C soc2@70.593C soc0@71.125C gpu@73.562C tj@73.562C soc1@71.718C VDD_IN 17513mW/17376mW VDD_CPU_GPU_CV 7676mW/7670mW VDD_SOC 4199mW/4165mW
08-05-2026 05:32:51 RAM 4355/7620MB (lfb 15x4MB) SWAP 3107/12002MB (cached 59MB) CPU [0%@1728,0%@1728,0%@1728,0%@1728,0%@1728,0%@1728] GR3D_FREQ 99% cpu@71.812C soc2@70.593C soc0@71.187C gpu@74C tj@74C soc1@71.875C VDD_IN 17513mW/17376mW VDD_CPU_GPU_CV 7676mW/7670mW VDD_SOC 4199mW/4165mW
08-05-2026 05:32:51 RAM 4355/7620MB (lfb 15x4MB) SWAP 3107/12002MB (cached 59MB) CPU [0%@1728,0%@1728,0%@1728,0%@1728,0%@1728,0%@1728] GR3D_FREQ 99% cpu@71.968C soc2@70.625C soc0@71.125C gpu@73.593C tj@73.593C soc1@71.687C VDD_IN 17473mW/17376mW VDD_CPU_GPU_CV 7676mW/7670mW VDD_SOC 4199mW/4165mW
08-05-2026 05:32:51 RAM 4355/7620MB (lfb 15x4MB) SWAP 3107/12002MB (cached 59MB) CPU [0%@1728,0%@1728,0%@1728,0%@1728,0%@1728,0%@1728] GR3D_FREQ 99% cpu@71.937C soc2@70.625C soc0@71.125C gpu@73.593C tj@73.593C soc1@71.718C VDD_IN 17513mW/17377mW VDD_CPU_GPU_CV 7676mW/7671mW VDD_SOC 4199mW/4165mW
08-05-2026 05:32:51 RAM 4355/7620MB (lfb 15x4MB) SWAP 3107/12002MB (cached 59MB) CPU [0%@1728,0%@1728,0%@1728,0%@1728,0%@1728,0%@1728] GR3D_FREQ 99% cpu@71.593C soc2@70.593C soc0@71.187C gpu@73.656C tj@73.656C soc1@71.718C VDD_IN 17473mW/17377mW VDD_CPU_GPU_CV 7676mW/7671mW VDD_SOC 4199mW/4165mW
08-05-2026 05:32:51 RAM 4355/7620MB (lfb 15x4MB) SWAP 3107/12002MB (cached 59MB) CPU [0%@1728,10%@1728,0%@1728,9%@1728,0%@1728,0%@1728] GR3D_FREQ 99% cpu@71.812C soc2@70.687C soc0@71.218C gpu@73.656C tj@73.656C soc1@71.781C VDD_IN 17473mW/17377mW VDD_CPU_GPU_CV 7676mW/7671mW VDD_SOC 4199mW/4165mW
08-05-2026 05:32:51 RAM 4355/7620MB (lfb 15x4MB) SWAP 3107/12002MB (cached 59MB) CPU [9%@1728,0%@1728,0%@1728,0%@1728,0%@1728,9%@1728] GR3D_FREQ 99% cpu@71.812C soc2@70.625C soc0@71.281C gpu@74.125C tj@74.125C soc1@71.687C VDD_IN 17433mW/17377mW VDD_CPU_GPU_CV 7676mW/7671mW VDD_SOC 4199mW/4165mW
08-05-2026 05:32:51 RAM 4355/7620MB (lfb 15x4MB) SWAP 3107/12002MB (cached 59MB) CPU [0%@1728,0%@1728,0%@1728,0%@1728,0%@1728,0%@1728] GR3D_FREQ 99% cpu@71.875C soc2@70.593C soc0@71.125C gpu@73.593C tj@73.593C soc1@71.687C VDD_IN 17433mW/17377mW VDD_CPU_GPU_CV 7648mW/7670mW VDD_SOC 4199mW/4165mW
08-05-2026 05:32:51 RAM 4351/7620MB (lfb 15x4MB) SWAP 3107/12002MB (cached 59MB) CPU [16%@1728,9%@1728,9%@1728,20%@1728,0%@1728,10%@1728] GR3D_FREQ 99% cpu@72.031C soc2@70.562C soc0@71.125C gpu@73.468C tj@73.468C soc1@71.687C VDD_IN 17473mW/17377mW VDD_CPU_GPU_CV 7676mW/7670mW VDD_SOC 4199mW/4165mW
08-05-2026 05:32:51 RAM 4351/7620MB (lfb 15x4MB) SWAP 3107/12002MB (cached 59MB) CPU [0%@1728,0%@1728,0%@1728,0%@1728,0%@1728,0%@1728] GR3D_FREQ 99% cpu@71.75C soc2@70.625C soc0@71.156C gpu@73.968C tj@73.968C soc1@71.843C VDD_IN 17433mW/17377mW VDD_CPU_GPU_CV 7676mW/7671mW VDD_SOC 4199mW/4165mW
08-05-2026 05:32:51 RAM 4351/7620MB (lfb 15x4MB) SWAP 3107/12002MB (cached 59MB) CPU [0%@1728,0%@1728,0%@1728,0%@1728,0%@1728,0%@1728] GR3D_FREQ 99% cpu@71.781C soc2@70.593C soc0@71.343C gpu@73.406C tj@73.406C soc1@71.843C VDD_IN 17392mW/17377mW VDD_CPU_GPU_CV 7688mW/7671mW VDD_SOC 4199mW/4165mW
08-05-2026 05:32:52 RAM 4351/7620MB (lfb 15x4MB) SWAP 3107/12002MB (cached 59MB) CPU [0%@1728,10%@1728,0%@1728,0%@1728,0%@1728,0%@1728] GR3D_FREQ 99% cpu@71.812C soc2@70.625C soc0@71.312C gpu@73.5C tj@73.5C soc1@71.656C VDD_IN 17352mW/17377mW VDD_CPU_GPU_CV 7688mW/7671mW VDD_SOC 4159mW/4165mW
08-05-2026 05:32:52 RAM 4351/7620MB (lfb 15x4MB) SWAP 3107/12002MB (cached 59MB) CPU [0%@1728,0%@1728,0%@1728,0%@1728,0%@1728,0%@1728] GR3D_FREQ 99% cpu@71.968C soc2@70.5C soc0@71.062C gpu@73.75C tj@74C soc1@71.687C VDD_IN 17352mW/17377mW VDD_CPU_GPU_CV 7729mW/7671mW VDD_SOC 4159mW/4165mW
08-05-2026 05:32:52 RAM 4351/7620MB (lfb 15x4MB) SWAP 3107/12002MB (cached 59MB) CPU [0%@1728,9%@1728,0%@1728,9%@1728,0%@1728,9%@1728] GR3D_FREQ 99% cpu@71.656C soc2@70.5C soc0@71.125C gpu@73.656C tj@73.656C soc1@71.812C VDD_IN 17352mW/17377mW VDD_CPU_GPU_CV 7729mW/7671mW VDD_SOC 4119mW/4165mW
08-05-2026 05:32:52 RAM 4351/7620MB (lfb 15x4MB) SWAP 3107/12002MB (cached 59MB) CPU [0%@1728,0%@1728,0%@1728,0%@1728,0%@1728,0%@1728] GR3D_FREQ 99% cpu@71.75C soc2@70.531C soc0@71.218C gpu@73.562C tj@73.562C soc1@71.812C VDD_IN 17311mW/17377mW VDD_CPU_GPU_CV 7688mW/7671mW VDD_SOC 4119mW/4165mW
08-05-2026 05:32:52 RAM 4351/7620MB (lfb 15x4MB) SWAP 3107/12002MB (cached 59MB) CPU [0%@1728,0%@1728,0%@1728,0%@1728,0%@1728,0%@1728] GR3D_FREQ 99% cpu@71.75C soc2@70.687C soc0@71.312C gpu@73.531C tj@73.531C soc1@71.625C VDD_IN 17271mW/17377mW VDD_CPU_GPU_CV 7648mW/7671mW VDD_SOC 4119mW/4165mW
08-05-2026 05:32:52 RAM 4351/7620MB (lfb 15x4MB) SWAP 3107/12002MB (cached 59MB) CPU [0%@1728,0%@1728,0%@1728,0%@1728,0%@1728,0%@1728] GR3D_FREQ 99% cpu@71.906C soc2@70.5C soc0@71.031C gpu@73.625C tj@73.625C soc1@71.625C VDD_IN 17271mW/17377mW VDD_CPU_GPU_CV 7648mW/7671mW VDD_SOC 4119mW/4165mW
08-05-2026 05:32:52 RAM 4351/7620MB (lfb 15x4MB) SWAP 3107/12002MB (cached 59MB) CPU [0%@1728,10%@1728,0%@1728,0%@1728,0%@1728,0%@1728] GR3D_FREQ 99% cpu@72.218C soc2@70.5C soc0@71.125C gpu@73.5C tj@73.5C soc1@71.687C VDD_IN 17271mW/17377mW VDD_CPU_GPU_CV 7648mW/7671mW VDD_SOC 4159mW/4165mW
08-05-2026 05:32:52 RAM 4351/7620MB (lfb 15x4MB) SWAP 3107/12002MB (cached 59MB) CPU [0%@1728,0%@1728,0%@1728,0%@1728,0%@1728,0%@1728] GR3D_FREQ 99% cpu@71.718C soc2@70.593C soc0@71.125C gpu@73.562C tj@73.562C soc1@71.843C VDD_IN 17311mW/17376mW VDD_CPU_GPU_CV 7648mW/7671mW VDD_SOC 4159mW/4165mW
08-05-2026 05:32:52 RAM 4351/7620MB (lfb 15x4MB) SWAP 3107/12002MB (cached 59MB) CPU [0%@1728,0%@1728,0%@1728,0%@1728,0%@1728,0%@1728] GR3D_FREQ 99% cpu@71.812C soc2@70.562C soc0@71.187C gpu@73.437C tj@73.437C soc1@71.906C VDD_IN 17352mW/17376mW VDD_CPU_GPU_CV 7648mW/7671mW VDD_SOC 4159mW/4165mW
08-05-2026 05:32:53 RAM 4351/7620MB (lfb 15x4MB) SWAP 3107/12002MB (cached 59MB) CPU [0%@1728,0%@1728,0%@1728,0%@1728,0%@1728,0%@1728] GR3D_FREQ 99% cpu@71.875C soc2@70.656C soc0@71.343C gpu@73.625C tj@73.625C soc1@71.687C VDD_IN 17352mW/17376mW VDD_CPU_GPU_CV 7688mW/7671mW VDD_SOC 4159mW/4165mW
08-05-2026 05:32:53 RAM 4351/7620MB (lfb 15x4MB) SWAP 3107/12002MB (cached 59MB) CPU [0%@1728,0%@1728,0%@1728,0%@1728,0%@1728,0%@1728] GR3D_FREQ 99% cpu@71.875C soc2@70.656C soc0@71.093C gpu@73.625C tj@73.625C soc1@71.718C VDD_IN 17392mW/17376mW VDD_CPU_GPU_CV 7688mW/7671mW VDD_SOC 4159mW/4165mW
08-05-2026 05:32:53 RAM 4351/7620MB (lfb 15x4MB) SWAP 3107/12002MB (cached 59MB) CPU [0%@1728,0%@1728,0%@1728,0%@1728,0%@1728,0%@1728] GR3D_FREQ 99% cpu@71.718C soc2@70.531C soc0@71.156C gpu@73.562C tj@73.562C soc1@71.687C VDD_IN 17433mW/17377mW VDD_CPU_GPU_CV 7729mW/7671mW VDD_SOC 4159mW/4165mW
08-05-2026 05:32:53 RAM 4351/7620MB (lfb 15x4MB) SWAP 3107/12002MB (cached 59MB) CPU [9%@1728,9%@1728,0%@1728,9%@1728,0%@1728,10%@1728] GR3D_FREQ 99% cpu@71.968C soc2@70.593C soc0@71.218C gpu@73.656C tj@73.656C soc1@71.906C VDD_IN 17473mW/17377mW VDD_CPU_GPU_CV 7688mW/7671mW VDD_SOC 4199mW/4165mW
08-05-2026 05:32:53 RAM 4351/7620MB (lfb 15x4MB) SWAP 3107/12002MB (cached 59MB) CPU [0%@1728,10%@1728,0%@1728,0%@1728,0%@1728,0%@1728] GR3D_FREQ 99% cpu@71.906C soc2@70.593C soc0@71.375C gpu@73.656C tj@73.656C soc1@71.937C VDD_IN 17473mW/17377mW VDD_CPU_GPU_CV 7716mW/7671mW VDD_SOC 4199mW/4165mW
08-05-2026 05:32:53 RAM 4351/7620MB (lfb 15x4MB) SWAP 3107/12002MB (cached 59MB) CPU [0%@1728,0%@1728,0%@1728,0%@1728,0%@1728,0%@1728] GR3D_FREQ 99% cpu@71.906C soc2@70.562C soc0@71.156C gpu@73.718C tj@73.718C soc1@71.718C VDD_IN 17473mW/17377mW VDD_CPU_GPU_CV 7676mW/7671mW VDD_SOC 4199mW/4165mW
08-05-2026 05:32:53 RAM 4351/7620MB (lfb 15x4MB) SWAP 3107/12002MB (cached 59MB) CPU [0%@1728,10%@1728,0%@1728,0%@1728,0%@1728,0%@1728] GR3D_FREQ 99% cpu@72.187C soc2@70.687C soc0@71.156C gpu@73.781C tj@73.781C soc1@71.718C VDD_IN 17513mW/17377mW VDD_CPU_GPU_CV 7676mW/7671mW VDD_SOC 4199mW/4165mW
08-05-2026 05:32:53 RAM 4351/7620MB (lfb 15x4MB) SWAP 3107/12002MB (cached 59MB) CPU [9%@1728,0%@1728,0%@1728,9%@1728,9%@1728,0%@1728] GR3D_FREQ 99% cpu@71.625C soc2@70.656C soc0@71.25C gpu@73.656C tj@73.656C soc1@71.75C VDD_IN 17513mW/17377mW VDD_CPU_GPU_CV 7676mW/7671mW VDD_SOC 4199mW/4165mW
08-05-2026 05:32:53 RAM 4351/7620MB (lfb 15x4MB) SWAP 3107/12002MB (cached 59MB) CPU [0%@1728,0%@1728,0%@1728,0%@1728,0%@1728,0%@1728] GR3D_FREQ 99% cpu@71.875C soc2@70.656C soc0@71.281C gpu@73.656C tj@73.656C soc1@71.875C VDD_IN 17513mW/17377mW VDD_CPU_GPU_CV 7676mW/7671mW VDD_SOC 4199mW/4165mW
08-05-2026 05:32:53 RAM 4351/7620MB (lfb 15x4MB) SWAP 3107/12002MB (cached 59MB) CPU [0%@1728,0%@1728,0%@1728,0%@1728,0%@1728,0%@1728] GR3D_FREQ 99% cpu@71.937C soc2@70.781C soc0@71.437C gpu@73.718C tj@73.718C soc1@71.75C VDD_IN 17473mW/17377mW VDD_CPU_GPU_CV 7676mW/7671mW VDD_SOC 4199mW/4165mW
08-05-2026 05:32:54 RAM 4351/7620MB (lfb 15x4MB) SWAP 3107/12002MB (cached 59MB) CPU [0%@1728,18%@1728,0%@1728,0%@1728,0%@1728,0%@1728] GR3D_FREQ 99% cpu@72.031C soc2@70.656C soc0@71.156C gpu@73.656C tj@73.656C soc1@71.718C VDD_IN 17473mW/17378mW VDD_CPU_GPU_CV 7716mW/7671mW VDD_SOC 4199mW/4165mW
08-05-2026 05:32:54 RAM 4351/7620MB (lfb 15x4MB) SWAP 3107/12002MB (cached 59MB) CPU [9%@1728,0%@1728,0%@1728,8%@1728,0%@1728,9%@1728] GR3D_FREQ 99% cpu@71.843C soc2@70.625C soc0@71.187C gpu@73.812C tj@73.812C soc1@71.812C VDD_IN 17473mW/17378mW VDD_CPU_GPU_CV 7676mW/7671mW VDD_SOC 4199mW/4165mW
08-05-2026 05:32:54 RAM 4351/7620MB (lfb 15x4MB) SWAP 3107/12002MB (cached 59MB) CPU [0%@1728,0%@1728,0%@1728,0%@1728,0%@1728,9%@1728] GR3D_FREQ 99% cpu@71.781C soc2@70.625C soc0@71.281C gpu@73.718C tj@73.718C soc1@71.906C VDD_IN 17473mW/17378mW VDD_CPU_GPU_CV 7676mW/7671mW VDD_SOC 4199mW/4165mW
08-05-2026 05:32:54 RAM 4351/7620MB (lfb 15x4MB) SWAP 3107/12002MB (cached 59MB) CPU [0%@1728,0%@1728,0%@1728,0%@1728,0%@1728,0%@1728] GR3D_FREQ 99% cpu@71.843C soc2@70.718C soc0@71.343C gpu@73.406C tj@73.406C soc1@72C VDD_IN 17352mW/17378mW VDD_CPU_GPU_CV 7648mW/7671mW VDD_SOC 4199mW/4165mW
08-05-2026 05:32:54 RAM 4351/7620MB (lfb 15x4MB) SWAP 3107/12002MB (cached 59MB) CPU [0%@1728,0%@1728,0%@1728,0%@1728,0%@1728,0%@1728] GR3D_FREQ 99% cpu@71.968C soc2@70.562C soc0@71.187C gpu@73.656C tj@73.656C soc1@71.781C VDD_IN 17311mW/17378mW VDD_CPU_GPU_CV 7648mW/7671mW VDD_SOC 4159mW/4165mW
08-05-2026 05:32:54 RAM 4351/7620MB (lfb 15x4MB) SWAP 3107/12002MB (cached 59MB) CPU [0%@1728,0%@1728,0%@1728,0%@1728,0%@1728,0%@1728] GR3D_FREQ 99% cpu@71.781C soc2@70.656C soc0@71.187C gpu@73.625C tj@73.625C soc1@71.718C VDD_IN 17311mW/17378mW VDD_CPU_GPU_CV 7648mW/7671mW VDD_SOC 4159mW/4165mW
08-05-2026 05:32:54 RAM 4351/7620MB (lfb 15x4MB) SWAP 3107/12002MB (cached 59MB) CPU [8%@1728,0%@1728,9%@1728,18%@1728,0%@1728,0%@1728] GR3D_FREQ 99% cpu@71.75C soc2@70.625C soc0@71.25C gpu@73.875C tj@73.875C soc1@71.812C VDD_IN 17311mW/17378mW VDD_CPU_GPU_CV 7648mW/7671mW VDD_SOC 4119mW/4165mW
08-05-2026 05:32:54 RAM 4351/7620MB (lfb 15x4MB) SWAP 3107/12002MB (cached 59MB) CPU [0%@1728,0%@1728,0%@1728,0%@1728,0%@1728,0%@1728] GR3D_FREQ 99% cpu@71.937C soc2@70.718C soc0@71.281C gpu@73.906C tj@73.906C soc1@72.031C VDD_IN 17311mW/17377mW VDD_CPU_GPU_CV 7648mW/7671mW VDD_SOC 4119mW/4165mW
08-05-2026 05:32:54 RAM 4351/7620MB (lfb 15x4MB) SWAP 3107/12002MB (cached 59MB) CPU [0%@1728,0%@1728,0%@1728,0%@1728,0%@1728,0%@1728] GR3D_FREQ 99% cpu@72C soc2@70.687C soc0@71.187C gpu@73.812C tj@73.812C soc1@71.75C VDD_IN 17311mW/17377mW VDD_CPU_GPU_CV 7688mW/7671mW VDD_SOC 4159mW/4165mW
08-05-2026 05:32:55 RAM 4350/7620MB (lfb 15x4MB) SWAP 3107/12002MB (cached 59MB) CPU [10%@1728,10%@1728,9%@1728,0%@1728,10%@1728,9%@1728] GR3D_FREQ 99% cpu@72.187C soc2@70.593C soc0@71.25C gpu@73.843C tj@73.843C soc1@71.781C VDD_IN 17352mW/17377mW VDD_CPU_GPU_CV 7729mW/7671mW VDD_SOC 4159mW/4165mW
08-05-2026 05:32:55 RAM 4350/7620MB (lfb 15x4MB) SWAP 3107/12002MB (cached 59MB) CPU [0%@1728,0%@1728,0%@1728,0%@1728,0%@1728,0%@1728] GR3D_FREQ 99% cpu@71.812C soc2@70.687C soc0@71.218C gpu@73.843C tj@73.843C soc1@71.812C VDD_IN 17352mW/17377mW VDD_CPU_GPU_CV 7688mW/7671mW VDD_SOC 4159mW/4165mW
08-05-2026 05:32:55 RAM 4350/7620MB (lfb 15x4MB) SWAP 3107/12002MB (cached 59MB) CPU [0%@1728,0%@1728,0%@1728,0%@1728,0%@1728,0%@1728] GR3D_FREQ 99% cpu@71.625C soc2@70.625C soc0@71.312C gpu@73.687C tj@73.687C soc1@71.875C VDD_IN 17311mW/17377mW VDD_CPU_GPU_CV 7688mW/7671mW VDD_SOC 4159mW/4165mW
08-05-2026 05:32:55 RAM 4350/7620MB (lfb 15x4MB) SWAP 3107/12002MB (cached 59MB) CPU [0%@1728,9%@1728,0%@1728,18%@1728,0%@1728,9%@1728] GR3D_FREQ 96% cpu@72.156C soc2@70.781C soc0@71.468C gpu@73.718C tj@73.718C soc1@72.062C VDD_IN 17392mW/17377mW VDD_CPU_GPU_CV 7688mW/7671mW VDD_SOC 4159mW/4165mW
08-05-2026 05:32:55 RAM 4350/7620MB (lfb 15x4MB) SWAP 3107/12002MB (cached 59MB) CPU [0%@1728,0%@1728,0%@1728,8%@1728,0%@1728,0%@1728] GR3D_FREQ 99% cpu@72.187C soc2@70.718C soc0@71.312C gpu@73.625C tj@73.625C soc1@71.781C VDD_IN 17392mW/17377mW VDD_CPU_GPU_CV 7688mW/7671mW VDD_SOC 4159mW/4165mW
08-05-2026 05:32:55 RAM 4350/7620MB (lfb 15x4MB) SWAP 3107/12002MB (cached 59MB) CPU [0%@1728,0%@1728,9%@1728,0%@1728,0%@1728,9%@1728] GR3D_FREQ 99% cpu@71.937C soc2@70.656C soc0@71.375C gpu@73.656C tj@73.656C soc1@71.781C VDD_IN 17392mW/17377mW VDD_CPU_GPU_CV 7716mW/7671mW VDD_SOC 4159mW/4165mW
08-05-2026 05:32:55 RAM 4350/7620MB (lfb 15x4MB) SWAP 3107/12002MB (cached 59MB) CPU [0%@1728,0%@1728,0%@1728,0%@1728,0%@1728,0%@1728] GR3D_FREQ 99% cpu@71.812C soc2@70.593C soc0@71.218C gpu@74C tj@74C soc1@71.781C VDD_IN 17433mW/17377mW VDD_CPU_GPU_CV 7716mW/7671mW VDD_SOC 4199mW/4165mW
08-05-2026 05:32:55 RAM 4350/7620MB (lfb 15x4MB) SWAP 3107/12002MB (cached 59MB) CPU [0%@1728,0%@1728,0%@1728,0%@1728,0%@1728,0%@1728] GR3D_FREQ 99% cpu@71.968C soc2@70.75C soc0@71.312C gpu@73.906C tj@73.906C soc1@72C VDD_IN 17473mW/17377mW VDD_CPU_GPU_CV 7716mW/7671mW VDD_SOC 4199mW/4165mW
08-05-2026 05:32:55 RAM 4350/7620MB (lfb 15x4MB) SWAP 3107/12002MB (cached 59MB) CPU [0%@1728,0%@1728,0%@1728,0%@1728,0%@1728,0%@1728] GR3D_FREQ 99% cpu@72.093C soc2@70.75C soc0@71.218C gpu@73.968C tj@73.968C soc1@71.781C VDD_IN 17513mW/17378mW VDD_CPU_GPU_CV 7676mW/7671mW VDD_SOC 4199mW/4165mW
08-05-2026 05:32:55 RAM 4350/7620MB (lfb 15x4MB) SWAP 3107/12002MB (cached 59MB) CPU [0%@1728,0%@1728,0%@1728,0%@1728,0%@1728,0%@1728] GR3D_FREQ 99% cpu@72.25C soc2@70.781C soc0@71.218C gpu@73.812C tj@73.812C soc1@71.843C VDD_IN 17473mW/17378mW VDD_CPU_GPU_CV 7676mW/7671mW VDD_SOC 4199mW/4165mW
08-05-2026 05:32:56 RAM 4350/7620MB (lfb 15x4MB) SWAP 3107/12002MB (cached 59MB) CPU [0%@1728,0%@1728,0%@1728,10%@1728,0%@1728,0%@1728] GR3D_FREQ 99% cpu@71.718C soc2@70.718C soc0@71.218C gpu@73.75C tj@73.75C soc1@71.843C VDD_IN 17513mW/17378mW VDD_CPU_GPU_CV 7676mW/7671mW VDD_SOC 4199mW/4165mW
08-05-2026 05:32:56 RAM 4350/7620MB (lfb 15x4MB) SWAP 3107/12002MB (cached 59MB) CPU [0%@1728,0%@1728,0%@1728,0%@1728,0%@1728,0%@1728] GR3D_FREQ 99% cpu@71.812C soc2@70.687C soc0@71.187C gpu@74C tj@74C soc1@71.875C VDD_IN 17513mW/17378mW VDD_CPU_GPU_CV 7676mW/7671mW VDD_SOC 4199mW/4165mW
08-05-2026 05:32:56 RAM 4352/7620MB (lfb 15x4MB) SWAP 3107/12002MB (cached 59MB) CPU [0%@1728,9%@1728,0%@1728,0%@1728,0%@1728,0%@1728] GR3D_FREQ 99% cpu@72.125C soc2@70.75C soc0@71.343C gpu@73.937C tj@73.937C soc1@72.031C VDD_IN 17554mW/17378mW VDD_CPU_GPU_CV 7676mW/7671mW VDD_SOC 4199mW/4166mW
08-05-2026 05:32:56 RAM 4352/7620MB (lfb 15x4MB) SWAP 3107/12002MB (cached 59MB) CPU [16%@1728,0%@1728,0%@1728,0%@1728,0%@1728,9%@1728] GR3D_FREQ 99% cpu@72.156C soc2@70.625C soc0@71.187C gpu@73.75C tj@73.75C soc1@71.843C VDD_IN 17513mW/17378mW VDD_CPU_GPU_CV 7676mW/7671mW VDD_SOC 4199mW/4166mW
08-05-2026 05:32:56 RAM 4352/7620MB (lfb 15x4MB) SWAP 3107/12002MB (cached 59MB) CPU [0%@1728,0%@1728,0%@1728,0%@1728,0%@1728,0%@1728] GR3D_FREQ 99% cpu@71.843C soc2@70.75C soc0@71.25C gpu@74C tj@74C soc1@71.843C VDD_IN 17473mW/17379mW VDD_CPU_GPU_CV 7676mW/7671mW VDD_SOC 4199mW/4166mW
08-05-2026 05:32:56 RAM 4352/7620MB (lfb 15x4MB) SWAP 3106/12002MB (cached 59MB) CPU [9%@1728,0%@1728,0%@1728,0%@1728,0%@1728,0%@1728] GR3D_FREQ 99% cpu@71.875C soc2@70.75C soc0@71.281C gpu@73.875C tj@73.875C soc1@71.906C VDD_IN 17473mW/17379mW VDD_CPU_GPU_CV 7676mW/7671mW VDD_SOC 4199mW/4166mW
08-05-2026 05:32:56 RAM 4352/7620MB (lfb 15x4MB) SWAP 3106/12002MB (cached 59MB) CPU [0%@1728,0%@1728,0%@1728,10%@1728,0%@1728,0%@1728] GR3D_FREQ 99% cpu@72.093C soc2@70.75C soc0@71.343C gpu@73.656C tj@73.656C soc1@71.968C VDD_IN 17473mW/17379mW VDD_CPU_GPU_CV 7648mW/7671mW VDD_SOC 4199mW/4166mW
08-05-2026 05:32:56 RAM 4352/7620MB (lfb 15x4MB) SWAP 3106/12002MB (cached 59MB) CPU [0%@1728,0%@1728,0%@1728,0%@1728,0%@1728,0%@1728] GR3D_FREQ 99% cpu@72.062C soc2@70.781C soc0@71.187C gpu@73.593C tj@73.593C soc1@71.718C VDD_IN 17433mW/17379mW VDD_CPU_GPU_CV 7648mW/7671mW VDD_SOC 4199mW/4166mW
08-05-2026 05:32:56 RAM 4352/7620MB (lfb 15x4MB) SWAP 3106/12002MB (cached 59MB) CPU [0%@1728,0%@1728,0%@1728,16%@1728,0%@1728,0%@1728] GR3D_FREQ 99% cpu@71.812C soc2@70.625C soc0@71.187C gpu@73.656C tj@73.656C soc1@71.812C VDD_IN 17392mW/17379mW VDD_CPU_GPU_CV 7648mW/7671mW VDD_SOC 4199mW/4166mW
08-05-2026 05:32:57 RAM 4352/7620MB (lfb 15x4MB) SWAP 3106/12002MB (cached 59MB) CPU [0%@1728,0%@1728,0%@1728,0%@1728,0%@1728,0%@1728] GR3D_FREQ 99% cpu@71.781C soc2@70.687C soc0@71.25C gpu@74C tj@74C soc1@71.781C VDD_IN 17392mW/17379mW VDD_CPU_GPU_CV 7648mW/7671mW VDD_SOC 4159mW/4166mW
08-05-2026 05:32:57 RAM 4352/7620MB (lfb 15x4MB) SWAP 3106/12002MB (cached 59MB) CPU [0%@1728,0%@1728,0%@1728,0%@1728,0%@1728,0%@1728] GR3D_FREQ 99% cpu@71.593C soc2@70.656C soc0@71.312C gpu@73.812C tj@73.812C soc1@71.812C VDD_IN 17352mW/17379mW VDD_CPU_GPU_CV 7688mW/7671mW VDD_SOC 4159mW/4166mW
08-05-2026 05:32:57 RAM 4353/7620MB (lfb 15x4MB) SWAP 3106/12002MB (cached 59MB) CPU [0%@1728,0%@1728,0%@1728,0%@1728,0%@1728,0%@1728] GR3D_FREQ 99% cpu@72.031C soc2@70.718C soc0@71.312C gpu@73.843C tj@73.843C soc1@72.031C VDD_IN 17311mW/17379mW VDD_CPU_GPU_CV 7688mW/7671mW VDD_SOC 4159mW/4166mW
08-05-2026 05:32:57 RAM 4353/7620MB (lfb 15x4MB) SWAP 3106/12002MB (cached 59MB) CPU [0%@1728,0%@1728,9%@1728,10%@1728,0%@1728,18%@1728] GR3D_FREQ 99% cpu@72.156C soc2@70.656C soc0@71.156C gpu@73.968C tj@73.968C soc1@71.687C VDD_IN 17311mW/17379mW VDD_CPU_GPU_CV 7648mW/7671mW VDD_SOC 4159mW/4166mW
08-05-2026 05:32:57 RAM 4353/7620MB (lfb 15x4MB) SWAP 3106/12002MB (cached 59MB) CPU [0%@1728,9%@1728,0%@1728,0%@1728,0%@1728,0%@1728] GR3D_FREQ 99% cpu@71.75C soc2@70.531C soc0@71.218C gpu@73.937C tj@73.937C soc1@71.781C VDD_IN 17311mW/17379mW VDD_CPU_GPU_CV 7648mW/7671mW VDD_SOC 4159mW/4166mW
08-05-2026 05:32:57 RAM 4353/7620MB (lfb 15x4MB) SWAP 3106/12002MB (cached 59MB) CPU [0%@1728,0%@1728,0%@1728,9%@1728,0%@1728,0%@1728] GR3D_FREQ 99% cpu@71.656C soc2@70.593C soc0@71.312C gpu@73.656C tj@73.656C soc1@71.906C VDD_IN 17271mW/17378mW VDD_CPU_GPU_CV 7608mW/7671mW VDD_SOC 4159mW/4166mW
08-05-2026 05:32:57 RAM 4353/7620MB (lfb 15x4MB) SWAP 3106/12002MB (cached 59MB) CPU [0%@1728,0%@1728,9%@1728,0%@1728,0%@1728,0%@1728] GR3D_FREQ 99% cpu@71.812C soc2@70.687C soc0@71.343C gpu@73.906C tj@73.906C soc1@72C VDD_IN 17271mW/17378mW VDD_CPU_GPU_CV 7608mW/7671mW VDD_SOC 4159mW/4166mW
08-05-2026 05:32:57 RAM 4353/7620MB (lfb 15x4MB) SWAP 3106/12002MB (cached 59MB) CPU [0%@1728,9%@1728,0%@1728,0%@1728,0%@1728,0%@1728] GR3D_FREQ 99% cpu@72.125C soc2@70.75C soc0@71.156C gpu@73.656C tj@73.656C soc1@71.75C VDD_IN 17311mW/17378mW VDD_CPU_GPU_CV 7648mW/7671mW VDD_SOC 4159mW/4166mW
08-05-2026 05:32:57 RAM 4353/7620MB (lfb 15x4MB) SWAP 3106/12002MB (cached 59MB) CPU [0%@1728,0%@1728,0%@1728,0%@1728,0%@1728,0%@1728] GR3D_FREQ 99% cpu@71.906C soc2@70.687C soc0@71.25C gpu@73.968C tj@73.968C soc1@71.75C VDD_IN 17311mW/17378mW VDD_CPU_GPU_CV 7648mW/7671mW VDD_SOC 4159mW/4166mW
08-05-2026 05:32:57 RAM 4353/7620MB (lfb 15x4MB) SWAP 3106/12002MB (cached 59MB) CPU [8%@1728,0%@1728,0%@1728,18%@1728,9%@1728,0%@1728] GR3D_FREQ 96% cpu@71.937C soc2@70.531C soc0@71.093C gpu@73.843C tj@73.843C soc1@71.843C VDD_IN 17392mW/17378mW VDD_CPU_GPU_CV 7688mW/7671mW VDD_SOC 4159mW/4166mW
08-05-2026 05:32:58 RAM 4353/7620MB (lfb 15x4MB) SWAP 3106/12002MB (cached 59MB) CPU [0%@1728,0%@1728,0%@1728,0%@1728,0%@1728,0%@1728] GR3D_FREQ 99% cpu@71.718C soc2@70.718C soc0@71.343C gpu@73.75C tj@73.75C soc1@71.875C VDD_IN 17433mW/17378mW VDD_CPU_GPU_CV 7688mW/7671mW VDD_SOC 4159mW/4166mW
08-05-2026 05:32:58 RAM 4353/7620MB (lfb 15x4MB) SWAP 3106/12002MB (cached 59MB) CPU [0%@1728,0%@1728,0%@1728,0%@1728,0%@1728,0%@1728] GR3D_FREQ 99% cpu@71.906C soc2@70.75C soc0@71.343C gpu@74.093C tj@74.093C soc1@71.781C VDD_IN 17473mW/17378mW VDD_CPU_GPU_CV 7729mW/7671mW VDD_SOC 4159mW/4166mW
08-05-2026 05:32:58 RAM 4354/7620MB (lfb 15x4MB) SWAP 3106/12002MB (cached 59MB) CPU [9%@1728,0%@1728,0%@1728,11%@1728,0%@1728,60%@1728] GR3D_FREQ 99% cpu@72.25C soc2@70.593C soc0@71.125C gpu@74C tj@74C soc1@71.718C VDD_IN 17635mW/17379mW VDD_CPU_GPU_CV 7837mW/7671mW VDD_SOC 4199mW/4166mW
08-05-2026 05:32:58 RAM 4354/7620MB (lfb 15x4MB) SWAP 3106/12002MB (cached 59MB) CPU [0%@1728,9%@1728,0%@1728,9%@1728,0%@1728,30%@1728] GR3D_FREQ 99% cpu@71.968C soc2@70.687C soc0@71.218C gpu@73.718C tj@73.718C soc1@71.937C VDD_IN 17635mW/17379mW VDD_CPU_GPU_CV 7797mW/7671mW VDD_SOC 4199mW/4166mW
08-05-2026 05:32:58 RAM 4354/7620MB (lfb 15x4MB) SWAP 3106/12002MB (cached 58MB) CPU [0%@1728,0%@1728,0%@1728,0%@1728,0%@1728,0%@1728] GR3D_FREQ 99% cpu@71.687C soc2@70.718C soc0@71.25C gpu@74.093C tj@74.093C soc1@71.906C VDD_IN 17635mW/17379mW VDD_CPU_GPU_CV 7797mW/7671mW VDD_SOC 4199mW/4166mW
08-05-2026 05:32:58 RAM 4354/7620MB (lfb 15x4MB) SWAP 3106/12002MB (cached 58MB) CPU [0%@1728,0%@1728,0%@1728,0%@1728,0%@1728,0%@1728] GR3D_FREQ 99% cpu@71.781C soc2@70.718C soc0@71.375C gpu@73.937C tj@73.937C soc1@71.875C VDD_IN 17594mW/17379mW VDD_CPU_GPU_CV 7757mW/7671mW VDD_SOC 4199mW/4166mW
08-05-2026 05:32:58 RAM 4354/7620MB (lfb 15x4MB) SWAP 3106/12002MB (cached 58MB) CPU [0%@1728,18%@1728,0%@1728,0%@1728,0%@1728,0%@1728] GR3D_FREQ 99% cpu@72.156C soc2@70.687C soc0@71.187C gpu@73.812C tj@73.812C soc1@71.718C VDD_IN 17594mW/17380mW VDD_CPU_GPU_CV 7757mW/7672mW VDD_SOC 4199mW/4166mW
08-05-2026 05:32:58 RAM 4354/7620MB (lfb 15x4MB) SWAP 3106/12002MB (cached 58MB) CPU [0%@1728,0%@1728,0%@1728,0%@1728,0%@1728,0%@1728] GR3D_FREQ 99% cpu@71.812C soc2@70.656C soc0@71.093C gpu@74.093C tj@74.093C soc1@71.781C VDD_IN 17554mW/17380mW VDD_CPU_GPU_CV 7716mW/7672mW VDD_SOC 4199mW/4166mW
08-05-2026 05:32:58 RAM 4354/7620MB (lfb 15x4MB) SWAP 3106/12002MB (cached 58MB) CPU [0%@1728,0%@1728,0%@1728,0%@1728,0%@1728,0%@1728] GR3D_FREQ 99% cpu@71.812C soc2@70.656C soc0@71.25C gpu@74C tj@74C soc1@71.781C VDD_IN 17554mW/17380mW VDD_CPU_GPU_CV 7716mW/7672mW VDD_SOC 4199mW/4166mW
08-05-2026 05:32:59 RAM 4354/7620MB (lfb 15x4MB) SWAP 3106/12002MB (cached 58MB) CPU [0%@1728,0%@1728,0%@1728,0%@1728,0%@1728,0%@1728] GR3D_FREQ 99% cpu@71.75C soc2@70.781C soc0@71.437C gpu@73.656C tj@73.937C soc1@71.968C VDD_IN 17513mW/17380mW VDD_CPU_GPU_CV 7716mW/7672mW VDD_SOC 4199mW/4166mW
08-05-2026 05:32:59 RAM 4354/7620MB (lfb 15x4MB) SWAP 3106/12002MB (cached 58MB) CPU [0%@1728,0%@1728,0%@1728,0%@1728,0%@1728,0%@1728] GR3D_FREQ 99% cpu@72C soc2@70.75C soc0@71.406C gpu@74.031C tj@74.031C soc1@71.812C VDD_IN 17513mW/17380mW VDD_CPU_GPU_CV 7716mW/7672mW VDD_SOC 4199mW/4166mW
08-05-2026 05:32:59 RAM 4354/7620MB (lfb 15x4MB) SWAP 3106/12002MB (cached 58MB) CPU [0%@1728,0%@1728,0%@1728,0%@1728,0%@1728,9%@1728] GR3D_FREQ 99% cpu@71.906C soc2@70.687C soc0@71.343C gpu@73.906C tj@73.906C soc1@71.781C VDD_IN 17473mW/17381mW VDD_CPU_GPU_CV 7676mW/7672mW VDD_SOC 4199mW/4166mW
08-05-2026 05:32:59 RAM 4354/7620MB (lfb 15x4MB) SWAP 3106/12002MB (cached 58MB) CPU [0%@1728,10%@1728,9%@1728,0%@1728,0%@1728,10%@1728] GR3D_FREQ 99% cpu@71.843C soc2@70.687C soc0@71.281C gpu@74.062C tj@74.062C soc1@71.812C VDD_IN 17433mW/17381mW VDD_CPU_GPU_CV 7688mW/7672mW VDD_SOC 4199mW/4166mW
08-05-2026 05:32:59 RAM 4354/7620MB (lfb 15x4MB) SWAP 3106/12002MB (cached 58MB) CPU [0%@1728,0%@1728,0%@1728,0%@1728,0%@1728,0%@1728] GR3D_FREQ 99% cpu@71.812C soc2@70.687C soc0@71.343C gpu@73.906C tj@73.906C soc1@71.875C VDD_IN 17352mW/17381mW VDD_CPU_GPU_CV 7648mW/7672mW VDD_SOC 4159mW/4166mW
08-05-2026 05:32:59 RAM 4354/7620MB (lfb 15x4MB) SWAP 3106/12002MB (cached 58MB) CPU [0%@1728,0%@1728,0%@1728,0%@1728,0%@1728,0%@1728] GR3D_FREQ 99% cpu@71.781C soc2@70.781C soc0@71.406C gpu@73.812C tj@73.812C soc1@72C VDD_IN 17311mW/17380mW VDD_CPU_GPU_CV 7648mW/7672mW VDD_SOC 4159mW/4166mW
08-05-2026 05:32:59 RAM 4354/7620MB (lfb 15x4MB) SWAP 3106/12002MB (cached 58MB) CPU [0%@1728,9%@1728,0%@1728,0%@1728,0%@1728,0%@1728] GR3D_FREQ 99% cpu@72.156C soc2@70.781C soc0@71.218C gpu@74.25C tj@74.25C soc1@71.75C VDD_IN 17311mW/17380mW VDD_CPU_GPU_CV 7688mW/7672mW VDD_SOC 4119mW/4166mW
08-05-2026 05:32:59 RAM 4354/7620MB (lfb 15x4MB) SWAP 3106/12002MB (cached 58MB) CPU [0%@1728,0%@1728,0%@1728,0%@1728,0%@1728,0%@1728] GR3D_FREQ 99% cpu@71.75C soc2@70.656C soc0@71.281C gpu@74.093C tj@74.093C soc1@71.843C VDD_IN 17311mW/17380mW VDD_CPU_GPU_CV 7688mW/7672mW VDD_SOC 4119mW/4166mW
08-05-2026 05:32:59 RAM 4354/7620MB (lfb 15x4MB) SWAP 3106/12002MB (cached 58MB) CPU [0%@1728,0%@1728,0%@1728,0%@1728,0%@1728,0%@1728] GR3D_FREQ 99% cpu@71.75C soc2@70.687C soc0@71.25C gpu@74C tj@74C soc1@71.843C VDD_IN 17311mW/17380mW VDD_CPU_GPU_CV 7688mW/7672mW VDD_SOC 4159mW/4166mW
08-05-2026 05:32:59 RAM 4354/7620MB (lfb 15x4MB) SWAP 3106/12002MB (cached 58MB) CPU [0%@1728,18%@1728,0%@1728,0%@1728,0%@1728,0%@1728] GR3D_FREQ 99% cpu@71.843C soc2@70.718C soc0@71.25C gpu@74.062C tj@74.062C soc1@71.937C VDD_IN 17311mW/17380mW VDD_CPU_GPU_CV 7688mW/7672mW VDD_SOC 4159mW/4166mW
08-05-2026 05:33:00 RAM 4354/7620MB (lfb 15x4MB) SWAP 3106/12002MB (cached 58MB) CPU [0%@1728,0%@1728,0%@1728,0%@1728,0%@1728,0%@1728] GR3D_FREQ 99% cpu@71.906C soc2@70.843C soc0@71.437C gpu@73.937C tj@73.937C soc1@71.75C VDD_IN 17271mW/17380mW VDD_CPU_GPU_CV 7648mW/7672mW VDD_SOC 4159mW/4166mW
08-05-2026 05:33:00 RAM 4354/7620MB (lfb 15x4MB) SWAP 3106/12002MB (cached 58MB) CPU [0%@1728,0%@1728,0%@1728,0%@1728,0%@1728,0%@1728] GR3D_FREQ 99% cpu@71.781C soc2@70.687C soc0@71.218C gpu@73.5C tj@73.5C soc1@71.781C VDD_IN 17271mW/17380mW VDD_CPU_GPU_CV 7648mW/7672mW VDD_SOC 4159mW/4166mW
08-05-2026 05:33:00 RAM 4354/7620MB (lfb 15x4MB) SWAP 3106/12002MB (cached 58MB) CPU [0%@1728,0%@1728,0%@1728,0%@1728,0%@1728,0%@1728] GR3D_FREQ 99% cpu@71.812C soc2@70.781C soc0@71.187C gpu@74C tj@74C soc1@71.843C VDD_IN 17311mW/17380mW VDD_CPU_GPU_CV 7648mW/7672mW VDD_SOC 4159mW/4166mW
08-05-2026 05:33:00 RAM 4354/7620MB (lfb 15x4MB) SWAP 3106/12002MB (cached 58MB) CPU [0%@1728,0%@1728,0%@1728,0%@1728,0%@1728,18%@1728] GR3D_FREQ 99% cpu@71.75C soc2@70.781C soc0@71.281C gpu@73.812C tj@73.812C soc1@71.843C VDD_IN 17311mW/17380mW VDD_CPU_GPU_CV 7648mW/7672mW VDD_SOC 4159mW/4166mW
08-05-2026 05:33:00 RAM 4354/7620MB (lfb 15x4MB) SWAP 3106/12002MB (cached 58MB) CPU [0%@1728,0%@1728,0%@1728,0%@1728,0%@1728,0%@1728] GR3D_FREQ 99% cpu@71.718C soc2@70.75C soc0@71.375C gpu@73.593C tj@73.593C soc1@71.968C VDD_IN 17392mW/17380mW VDD_CPU_GPU_CV 7688mW/7672mW VDD_SOC 4159mW/4166mW
08-05-2026 05:33:00 RAM 4354/7620MB (lfb 15x4MB) SWAP 3106/12002MB (cached 58MB) CPU [0%@1728,9%@1728,9%@1728,0%@1728,0%@1728,0%@1728] GR3D_FREQ 96% cpu@72.187C soc2@70.843C soc0@71.343C gpu@74.093C tj@74.093C soc1@71.781C VDD_IN 17433mW/17380mW VDD_CPU_GPU_CV 7688mW/7672mW VDD_SOC 4199mW/4166mW
08-05-2026 05:33:00 RAM 4354/7620MB (lfb 15x4MB) SWAP 3106/12002MB (cached 58MB) CPU [8%@1728,0%@1728,0%@1728,0%@1728,0%@1728,0%@1728] GR3D_FREQ 99% cpu@71.812C soc2@70.75C soc0@71.25C gpu@73.625C tj@73.875C soc1@71.812C VDD_IN 17473mW/17380mW VDD_CPU_GPU_CV 7716mW/7672mW VDD_SOC 4199mW/4166mW
08-05-2026 05:33:00 RAM 4354/7620MB (lfb 15x4MB) SWAP 3106/12002MB (cached 58MB) CPU [0%@1728,0%@1728,0%@1728,0%@1728,0%@1728,0%@1728] GR3D_FREQ 99% cpu@71.843C soc2@70.718C soc0@71.281C gpu@73.593C tj@73.593C soc1@71.843C VDD_IN 17473mW/17380mW VDD_CPU_GPU_CV 7716mW/7672mW VDD_SOC 4199mW/4166mW
08-05-2026 05:33:00 RAM 4354/7620MB (lfb 15x4MB) SWAP 3106/12002MB (cached 58MB) CPU [0%@1728,0%@1728,0%@1728,0%@1728,0%@1728,0%@1728] GR3D_FREQ 99% cpu@71.843C soc2@70.75C soc0@71.25C gpu@74C tj@74C soc1@71.968C VDD_IN 17473mW/17380mW VDD_CPU_GPU_CV 7729mW/7672mW VDD_SOC 4199mW/4166mW
08-05-2026 05:33:01 RAM 4354/7620MB (lfb 15x4MB) SWAP 3106/12002MB (cached 58MB) CPU [0%@1728,0%@1728,0%@1728,0%@1728,0%@1728,0%@1728] GR3D_FREQ 99% cpu@71.812C soc2@70.781C soc0@71.343C gpu@73.656C tj@73.656C soc1@72C VDD_IN 17473mW/17380mW VDD_CPU_GPU_CV 7729mW/7672mW VDD_SOC 4199mW/4166mW
08-05-2026 05:33:01 RAM 4354/7620MB (lfb 15x4MB) SWAP 3106/12002MB (cached 58MB) CPU [0%@1728,0%@1728,0%@1728,0%@1728,0%@1728,0%@1728] GR3D_FREQ 99% cpu@71.812C soc2@70.593C soc0@71.156C gpu@74.187C tj@74.187C soc1@71.687C VDD_IN 17473mW/17380mW VDD_CPU_GPU_CV 7716mW/7672mW VDD_SOC 4199mW/4166mW
08-05-2026 05:33:01 RAM 4354/7620MB (lfb 15x4MB) SWAP 3106/12002MB (cached 58MB) CPU [0%@1728,0%@1728,9%@1728,0%@1728,0%@1728,0%@1728] GR3D_FREQ 99% cpu@71.593C soc2@70.593C soc0@71.156C gpu@73.937C tj@73.937C soc1@71.687C VDD_IN 17513mW/17380mW VDD_CPU_GPU_CV 7729mW/7672mW VDD_SOC 4199mW/4166mW
08-05-2026 05:33:01 RAM 4354/7620MB (lfb 15x4MB) SWAP 3106/12002MB (cached 58MB) CPU [9%@1728,0%@1728,18%@1728,0%@1728,0%@1728,9%@1728] GR3D_FREQ 99% cpu@71.781C soc2@70.687C soc0@71.25C gpu@73.593C tj@73.593C soc1@71.781C VDD_IN 17513mW/17381mW VDD_CPU_GPU_CV 7716mW/7672mW VDD_SOC 4199mW/4166mW
08-05-2026 05:33:01 RAM 4354/7620MB (lfb 15x4MB) SWAP 3106/12002MB (cached 58MB) CPU [0%@1728,0%@1728,0%@1728,0%@1728,0%@1728,0%@1728] GR3D_FREQ 99% cpu@71.781C soc2@70.5C soc0@71.187C gpu@74.062C tj@74.062C soc1@71.906C VDD_IN 17433mW/17381mW VDD_CPU_GPU_CV 7676mW/7672mW VDD_SOC 4199mW/4166mW
08-05-2026 05:33:01 RAM 4357/7620MB (lfb 15x4MB) SWAP 3106/12002MB (cached 58MB) CPU [18%@1728,9%@1728,9%@1728,20%@1728,18%@1728,9%@1728] GR3D_FREQ 99% cpu@71.843C soc2@70.718C soc0@71.343C gpu@73.562C tj@73.562C soc1@71.968C VDD_IN 17473mW/17381mW VDD_CPU_GPU_CV 7716mW/7672mW VDD_SOC 4199mW/4166mW
08-05-2026 05:33:01 RAM 4357/7620MB (lfb 15x4MB) SWAP 3106/12002MB (cached 58MB) CPU [0%@1728,0%@1728,0%@1728,0%@1728,0%@1728,0%@1728] GR3D_FREQ 99% cpu@71.656C soc2@70.593C soc0@71.093C gpu@73.468C tj@73.468C soc1@71.687C VDD_IN 17433mW/17381mW VDD_CPU_GPU_CV 7676mW/7672mW VDD_SOC 4199mW/4166mW
08-05-2026 05:33:01 RAM 4357/7620MB (lfb 15x4MB) SWAP 3106/12002MB (cached 58MB) CPU [0%@1728,8%@1728,0%@1728,0%@1728,0%@1728,0%@1728] GR3D_FREQ 99% cpu@71.75C soc2@70.531C soc0@71.125C gpu@73.875C tj@73.875C soc1@71.687C VDD_IN 17433mW/17381mW VDD_CPU_GPU_CV 7688mW/7672mW VDD_SOC 4199mW/4166mW
08-05-2026 05:33:01 RAM 4357/7620MB (lfb 15x4MB) SWAP 3106/12002MB (cached 58MB) CPU [0%@1728,0%@1728,0%@1728,0%@1728,0%@1728,0%@1728] GR3D_FREQ 99% cpu@71.625C soc2@70.656C soc0@71.25C gpu@73.437C tj@73.437C soc1@71.75C VDD_IN 17392mW/17381mW VDD_CPU_GPU_CV 7688mW/7672mW VDD_SOC 4199mW/4166mW
08-05-2026 05:33:01 RAM 4357/7620MB (lfb 15x4MB) SWAP 3106/12002MB (cached 58MB) CPU [0%@1728,0%@1728,9%@1728,10%@1728,0%@1728,0%@1728] GR3D_FREQ 99% cpu@71.656C soc2@70.687C soc0@71.218C gpu@73.5C tj@73.5C soc1@71.875C VDD_IN 17392mW/17381mW VDD_CPU_GPU_CV 7688mW/7672mW VDD_SOC 4159mW/4166mW
08-05-2026 05:33:02 RAM 4357/7620MB (lfb 15x4MB) SWAP 3106/12002MB (cached 58MB) CPU [0%@1728,0%@1728,8%@1728,0%@1728,0%@1728,0%@1728] GR3D_FREQ 99% cpu@71.656C soc2@70.562C soc0@70.968C gpu@73.875C tj@73.875C soc1@71.656C VDD_IN 17352mW/17381mW VDD_CPU_GPU_CV 7688mW/7672mW VDD_SOC 4159mW/4166mW
08-05-2026 05:33:02 RAM 4357/7620MB (lfb 15x4MB) SWAP 3106/12002MB (cached 58MB) CPU [0%@1728,0%@1728,0%@1728,0%@1728,0%@1728,0%@1728] GR3D_FREQ 99% cpu@71.593C soc2@70.562C soc0@71.125C gpu@73.687C tj@73.687C soc1@71.656C VDD_IN 17352mW/17381mW VDD_CPU_GPU_CV 7688mW/7672mW VDD_SOC 4119mW/4166mW
08-05-2026 05:33:02 RAM 4357/7620MB (lfb 15x4MB) SWAP 3106/12002MB (cached 58MB) CPU [9%@1728,0%@1728,0%@1728,0%@1728,0%@1728,0%@1728] GR3D_FREQ 99% cpu@71.656C soc2@70.593C soc0@71.187C gpu@73.656C tj@73.656C soc1@71.718C VDD_IN 17352mW/17381mW VDD_CPU_GPU_CV 7688mW/7672mW VDD_SOC 4119mW/4166mW
08-05-2026 05:33:02 RAM 4357/7620MB (lfb 15x4MB) SWAP 3106/12002MB (cached 58MB) CPU [9%@1728,0%@1728,0%@1728,9%@1728,10%@1728,0%@1728] GR3D_FREQ 99% cpu@71.687C soc2@70.593C soc0@71.187C gpu@73.531C tj@73.906C soc1@71.843C VDD_IN 17271mW/17381mW VDD_CPU_GPU_CV 7688mW/7672mW VDD_SOC 4119mW/4166mW
08-05-2026 05:33:02 RAM 4357/7620MB (lfb 15x4MB) SWAP 3106/12002MB (cached 58MB) CPU [0%@1728,0%@1728,0%@1728,0%@1728,8%@1728,0%@1728] GR3D_FREQ 99% cpu@71.75C soc2@70.593C soc0@71.062C gpu@73.468C tj@73.468C soc1@71.593C VDD_IN 17311mW/17381mW VDD_CPU_GPU_CV 7648mW/7672mW VDD_SOC 4159mW/4166mW
08-05-2026 05:33:02 RAM 4357/7620MB (lfb 15x4MB) SWAP 3106/12002MB (cached 58MB) CPU [0%@1728,0%@1728,0%@1728,18%@1728,0%@1728,0%@1728] GR3D_FREQ 99% cpu@71.812C soc2@70.468C soc0@71.031C gpu@73.406C tj@73.406C soc1@71.625C VDD_IN 17271mW/17381mW VDD_CPU_GPU_CV 7608mW/7672mW VDD_SOC 4159mW/4166mW
08-05-2026 05:33:02 RAM 4357/7620MB (lfb 15x4MB) SWAP 3106/12002MB (cached 58MB) CPU [0%@1728,0%@1728,0%@1728,0%@1728,0%@1728,0%@1728] GR3D_FREQ 99% cpu@71.593C soc2@70.531C soc0@71.093C gpu@73.468C tj@73.468C soc1@71.656C VDD_IN 17311mW/17380mW VDD_CPU_GPU_CV 7608mW/7672mW VDD_SOC 4119mW/4166mW
08-05-2026 05:33:02 RAM 4357/7620MB (lfb 15x4MB) SWAP 3106/12002MB (cached 58MB) CPU [0%@1728,0%@1728,0%@1728,0%@1728,0%@1728,0%@1728] GR3D_FREQ 99% cpu@71.718C soc2@70.406C soc0@71.156C gpu@73.343C tj@73.343C soc1@71.781C VDD_IN 17311mW/17380mW VDD_CPU_GPU_CV 7648mW/7672mW VDD_SOC 4159mW/4166mW
08-05-2026 05:33:02 RAM 4357/7620MB (lfb 15x4MB) SWAP 3106/12002MB (cached 58MB) CPU [0%@1728,0%@1728,0%@1728,0%@1728,0%@1728,0%@1728] GR3D_FREQ 99% cpu@71.718C soc2@70.5C soc0@71.375C gpu@73.875C tj@73.875C soc1@71.875C VDD_IN 17352mW/17380mW VDD_CPU_GPU_CV 7648mW/7672mW VDD_SOC 4159mW/4166mW
08-05-2026 05:33:03 RAM 4357/7620MB (lfb 15x4MB) SWAP 3106/12002MB (cached 58MB) CPU [0%@1728,0%@1728,9%@1728,0%@1728,0%@1728,0%@1728] GR3D_FREQ 99% cpu@71.656C soc2@70.406C soc0@70.937C gpu@73.531C tj@73.531C soc1@71.625C VDD_IN 17392mW/17380mW VDD_CPU_GPU_CV 7688mW/7672mW VDD_SOC 4159mW/4166mW
08-05-2026 05:33:03 RAM 4357/7620MB (lfb 15x4MB) SWAP 3106/12002MB (cached 58MB) CPU [0%@1728,0%@1728,0%@1728,0%@1728,0%@1728,0%@1728] GR3D_FREQ 99% cpu@71.437C soc2@70.531C soc0@71.031C gpu@73.562C tj@73.562C soc1@71.593C VDD_IN 17392mW/17380mW VDD_CPU_GPU_CV 7688mW/7672mW VDD_SOC 4159mW/4166mW
08-05-2026 05:33:03 RAM 4357/7620MB (lfb 15x4MB) SWAP 3106/12002MB (cached 58MB) CPU [0%@1728,8%@1728,0%@1728,10%@1728,0%@1728,0%@1728] GR3D_FREQ 99% cpu@71.718C soc2@70.531C soc0@71.156C gpu@73.562C tj@74C soc1@71.718C VDD_IN 17473mW/17380mW VDD_CPU_GPU_CV 7716mW/7672mW VDD_SOC 4199mW/4166mW
08-05-2026 05:33:03 RAM 4357/7620MB (lfb 15x4MB) SWAP 3106/12002MB (cached 58MB) CPU [8%@1728,0%@1728,9%@1728,9%@1728,0%@1728,0%@1728] GR3D_FREQ 99% cpu@71.718C soc2@70.562C soc0@71.187C gpu@73.531C tj@73.531C soc1@71.812C VDD_IN 17513mW/17381mW VDD_CPU_GPU_CV 7716mW/7672mW VDD_SOC 4199mW/4166mW
08-05-2026 05:33:03 RAM 4357/7620MB (lfb 15x4MB) SWAP 3106/12002MB (cached 58MB) CPU [0%@1728,9%@1728,0%@1728,0%@1728,9%@1728,0%@1728] GR3D_FREQ 99% cpu@71.781C soc2@70.562C soc0@71C gpu@73.468C tj@73.468C soc1@71.625C VDD_IN 17473mW/17381mW VDD_CPU_GPU_CV 7676mW/7672mW VDD_SOC 4199mW/4166mW
08-05-2026 05:33:03 RAM 4357/7620MB (lfb 15x4MB) SWAP 3106/12002MB (cached 58MB) CPU [0%@1728,0%@1728,0%@1728,0%@1728,8%@1728,0%@1728] GR3D_FREQ 99% cpu@71.625C soc2@70.5C soc0@71C gpu@73.562C tj@73.968C soc1@71.593C VDD_IN 17473mW/17381mW VDD_CPU_GPU_CV 7676mW/7672mW VDD_SOC 4199mW/4166mW
08-05-2026 05:33:03 RAM 4357/7620MB (lfb 15x4MB) SWAP 3106/12002MB (cached 58MB) CPU [0%@1728,0%@1728,0%@1728,0%@1728,0%@1728,0%@1728] GR3D_FREQ 99% cpu@71.656C soc2@70.562C soc0@71.031C gpu@73.531C tj@73.531C soc1@71.781C VDD_IN 17473mW/17381mW VDD_CPU_GPU_CV 7676mW/7672mW VDD_SOC 4199mW/4166mW
08-05-2026 05:33:03 RAM 4357/7620MB (lfb 15x4MB) SWAP 3106/12002MB (cached 58MB) CPU [0%@1728,0%@1728,0%@1728,0%@1728,0%@1728,0%@1728] GR3D_FREQ 99% cpu@71.656C soc2@70.593C soc0@71.156C gpu@73.531C tj@73.531C soc1@71.781C VDD_IN 17473mW/17381mW VDD_CPU_GPU_CV 7676mW/7672mW VDD_SOC 4199mW/4166mW
08-05-2026 05:33:03 RAM 4357/7620MB (lfb 15x4MB) SWAP 3106/12002MB (cached 58MB) CPU [0%@1728,0%@1728,0%@1728,0%@1728,0%@1728,0%@1728] GR3D_FREQ 99% cpu@71.781C soc2@70.531C soc0@71.25C gpu@73.656C tj@73.656C soc1@71.937C VDD_IN 17473mW/17381mW VDD_CPU_GPU_CV 7676mW/7672mW VDD_SOC 4199mW/4166mW
08-05-2026 05:33:03 RAM 4357/7620MB (lfb 15x4MB) SWAP 3106/12002MB (cached 58MB) CPU [10%@1728,9%@1728,0%@1728,0%@1728,0%@1728,0%@1728] GR3D_FREQ 99% cpu@71.812C soc2@70.468C soc0@71.062C gpu@73.625C tj@73.625C soc1@71.625C VDD_IN 17473mW/17381mW VDD_CPU_GPU_CV 7676mW/7672mW VDD_SOC 4199mW/4166mW
08-05-2026 05:33:04 RAM 4357/7620MB (lfb 15x4MB) SWAP 3106/12002MB (cached 58MB) CPU [0%@1728,0%@1728,0%@1728,0%@1728,0%@1728,0%@1728] GR3D_FREQ 99% cpu@71.562C soc2@70.531C soc0@71.062C gpu@73.562C tj@73.562C soc1@71.687C VDD_IN 17473mW/17381mW VDD_CPU_GPU_CV 7688mW/7672mW VDD_SOC 4199mW/4166mW
08-05-2026 05:33:04 RAM 4357/7620MB (lfb 15x4MB) SWAP 3106/12002MB (cached 58MB) CPU [0%@1728,0%@1728,0%@1728,0%@1728,0%@1728,0%@1728] GR3D_FREQ 99% cpu@71.687C soc2@70.562C soc0@71.093C gpu@73.5C tj@73.5C soc1@71.687C VDD_IN 17433mW/17381mW VDD_CPU_GPU_CV 7688mW/7672mW VDD_SOC 4199mW/4166mW
08-05-2026 05:33:04 RAM 4357/7620MB (lfb 15x4MB) SWAP 3106/12002MB (cached 58MB) CPU [0%@1728,0%@1728,0%@1728,0%@1728,0%@1728,0%@1728] GR3D_FREQ 99% cpu@71.687C soc2@70.593C soc0@71.218C gpu@73.5C tj@73.5C soc1@71.75C VDD_IN 17433mW/17381mW VDD_CPU_GPU_CV 7648mW/7672mW VDD_SOC 4199mW/4166mW
08-05-2026 05:33:04 RAM 4357/7620MB (lfb 15x4MB) SWAP 3105/12002MB (cached 58MB) CPU [0%@1728,0%@1728,0%@1728,0%@1728,10%@1728,0%@1728] GR3D_FREQ 99% cpu@71.781C soc2@70.656C soc0@71.312C gpu@73.468C tj@73.468C soc1@71.687C VDD_IN 17352mW/17381mW VDD_CPU_GPU_CV 7648mW/7672mW VDD_SOC 4159mW/4166mW
08-05-2026 05:33:04 RAM 4357/7620MB (lfb 15x4MB) SWAP 3105/12002MB (cached 58MB) CPU [0%@1728,0%@1728,0%@1728,0%@1728,0%@1728,8%@1728] GR3D_FREQ 99% cpu@71.75C soc2@70.562C soc0@71.093C gpu@73.531C tj@73.531C soc1@71.718C VDD_IN 17311mW/17381mW VDD_CPU_GPU_CV 7648mW/7672mW VDD_SOC 4159mW/4166mW
08-05-2026 05:33:04 RAM 4357/7620MB (lfb 15x4MB) SWAP 3105/12002MB (cached 58MB) CPU [18%@1728,0%@1728,0%@1728,9%@1728,0%@1728,0%@1728] GR3D_FREQ 99% cpu@71.593C soc2@70.625C soc0@71.125C gpu@73.687C tj@73.687C soc1@71.687C VDD_IN 17311mW/17381mW VDD_CPU_GPU_CV 7648mW/7672mW VDD_SOC 4119mW/4166mW
08-05-2026 05:33:04 RAM 4357/7620MB (lfb 15x4MB) SWAP 3105/12002MB (cached 58MB) CPU [0%@1728,0%@1728,0%@1728,0%@1728,0%@1728,0%@1728] GR3D_FREQ 99% cpu@71.625C soc2@70.562C soc0@71.125C gpu@73.812C tj@73.812C soc1@71.812C VDD_IN 17311mW/17381mW VDD_CPU_GPU_CV 7648mW/7672mW VDD_SOC 4119mW/4166mW
08-05-2026 05:33:04 RAM 4358/7620MB (lfb 15x4MB) SWAP 3105/12002MB (cached 58MB) CPU [0%@1728,0%@1728,27%@1728,0%@1728,0%@1728,9%@1728] GR3D_FREQ 99% cpu@71.812C soc2@70.593C soc0@71.25C gpu@73.656C tj@73.656C soc1@71.875C VDD_IN 17352mW/17381mW VDD_CPU_GPU_CV 7729mW/7672mW VDD_SOC 4159mW/4166mW
08-05-2026 05:33:04 RAM 4358/7620MB (lfb 15x4MB) SWAP 3105/12002MB (cached 58MB) CPU [0%@1728,0%@1728,0%@1728,0%@1728,0%@1728,0%@1728] GR3D_FREQ 99% cpu@71.812C soc2@70.625C soc0@71.062C gpu@73.781C tj@73.531C soc1@71.625C VDD_IN 17352mW/17381mW VDD_CPU_GPU_CV 7688mW/7672mW VDD_SOC 4159mW/4166mW
08-05-2026 05:33:04 RAM 4358/7620MB (lfb 15x4MB) SWAP 3105/12002MB (cached 58MB) CPU [8%@1728,0%@1728,0%@1728,0%@1728,0%@1728,0%@1728] GR3D_FREQ 99% cpu@71.656C soc2@70.531C soc0@71.093C gpu@73.656C tj@73.656C soc1@71.718C VDD_IN 17311mW/17381mW VDD_CPU_GPU_CV 7688mW/7672mW VDD_SOC 4159mW/4166mW
08-05-2026 05:33:05 RAM 4358/7620MB (lfb 15x4MB) SWAP 3105/12002MB (cached 58MB) CPU [0%@1728,0%@1728,0%@1728,0%@1728,0%@1728,0%@1728] GR3D_FREQ 99% cpu@71.656C soc2@70.562C soc0@71.156C gpu@73.531C tj@73.531C soc1@71.75C VDD_IN 17311mW/17381mW VDD_CPU_GPU_CV 7648mW/7672mW VDD_SOC 4159mW/4166mW
08-05-2026 05:33:05 RAM 4358/7620MB (lfb 15x4MB) SWAP 3105/12002MB (cached 58MB) CPU [10%@1728,8%@1728,0%@1728,0%@1728,0%@1728,0%@1728] GR3D_FREQ 99% cpu@71.843C soc2@70.718C soc0@71.062C gpu@73.625C tj@73.625C soc1@71.718C VDD_IN 17352mW/17381mW VDD_CPU_GPU_CV 7688mW/7672mW VDD_SOC 4159mW/4166mW
08-05-2026 05:33:05 RAM 4358/7620MB (lfb 15x4MB) SWAP 3105/12002MB (cached 58MB) CPU [0%@1728,0%@1728,0%@1728,0%@1728,0%@1728,0%@1728] GR3D_FREQ 99% cpu@71.812C soc2@70.718C soc0@71.218C gpu@73.593C tj@73.593C soc1@71.656C VDD_IN 17392mW/17381mW VDD_CPU_GPU_CV 7688mW/7672mW VDD_SOC 4159mW/4166mW
08-05-2026 05:33:05 RAM 4358/7620MB (lfb 15x4MB) SWAP 3105/12002MB (cached 58MB) CPU [0%@1728,9%@1728,0%@1728,9%@1728,18%@1728,0%@1728] GR3D_FREQ 99% cpu@71.843C soc2@70.562C soc0@71.093C gpu@73.531C tj@73.531C soc1@71.687C VDD_IN 17433mW/17381mW VDD_CPU_GPU_CV 7688mW/7672mW VDD_SOC 4159mW/4166mW
08-05-2026 05:33:05 RAM 4358/7620MB (lfb 15x4MB) SWAP 3105/12002MB (cached 58MB) CPU [0%@1728,0%@1728,0%@1728,0%@1728,0%@1728,0%@1728] GR3D_FREQ 99% cpu@71.687C soc2@70.593C soc0@71.125C gpu@73.75C tj@73.75C soc1@71.687C VDD_IN 17433mW/17381mW VDD_CPU_GPU_CV 7676mW/7672mW VDD_SOC 4159mW/4166mW
08-05-2026 05:33:05 RAM 4358/7620MB (lfb 15x4MB) SWAP 3105/12002MB (cached 58MB) CPU [0%@1728,0%@1728,0%@1728,0%@1728,0%@1728,0%@1728] GR3D_FREQ 99% cpu@71.718C soc2@70.593C soc0@71.218C gpu@73.75C tj@73.75C soc1@71.875C VDD_IN 17473mW/17381mW VDD_CPU_GPU_CV 7676mW/7672mW VDD_SOC 4159mW/4166mW
08-05-2026 05:33:05 RAM 4358/7620MB (lfb 15x4MB) SWAP 3105/12002MB (cached 58MB) CPU [0%@1728,0%@1728,16%@1728,0%@1728,0%@1728,0%@1728] GR3D_FREQ 99% cpu@71.843C soc2@70.593C soc0@71.343C gpu@73.875C tj@73.75C soc1@71.937C VDD_IN 17513mW/17381mW VDD_CPU_GPU_CV 7676mW/7672mW VDD_SOC 4199mW/4166mW
08-05-2026 05:33:05 RAM 4358/7620MB (lfb 15x4MB) SWAP 3105/12002MB (cached 58MB) CPU [0%@1728,0%@1728,0%@1728,0%@1728,0%@1728,0%@1728] GR3D_FREQ 99% cpu@71.843C soc2@70.687C soc0@71.343C gpu@73.718C tj@73.718C soc1@71.687C VDD_IN 17473mW/17381mW VDD_CPU_GPU_CV 7676mW/7672mW VDD_SOC 4199mW/4166mW
08-05-2026 05:33:05 RAM 4358/7620MB (lfb 15x4MB) SWAP 3105/12002MB (cached 58MB) CPU [18%@1728,0%@1728,0%@1728,0%@1728,0%@1728,0%@1728] GR3D_FREQ 99% cpu@71.843C soc2@70.562C soc0@71.125C gpu@73.656C tj@73.656C soc1@71.718C VDD_IN 17513mW/17382mW VDD_CPU_GPU_CV 7676mW/7672mW VDD_SOC 4199mW/4166mW
08-05-2026 05:33:06 RAM 4358/7620MB (lfb 15x4MB) SWAP 3105/12002MB (cached 58MB) CPU [0%@1728,0%@1728,0%@1728,0%@1728,0%@1728,0%@1728] GR3D_FREQ 99% cpu@71.75C soc2@70.593C soc0@71.125C gpu@73.968C tj@73.968C soc1@71.687C VDD_IN 17513mW/17382mW VDD_CPU_GPU_CV 7676mW/7672mW VDD_SOC 4199mW/4166mW
08-05-2026 05:33:06 RAM 4358/7620MB (lfb 15x4MB) SWAP 3105/12002MB (cached 58MB) CPU [0%@1728,0%@1728,0%@1728,0%@1728,0%@1728,0%@1728] GR3D_FREQ 99% cpu@71.687C soc2@70.656C soc0@71.25C gpu@73.718C tj@73.718C soc1@71.718C VDD_IN 17554mW/17382mW VDD_CPU_GPU_CV 7676mW/7672mW VDD_SOC 4199mW/4166mW
08-05-2026 05:33:06 RAM 4358/7620MB (lfb 15x4MB) SWAP 3105/12002MB (cached 58MB) CPU [0%@1728,0%@1728,0%@1728,0%@1728,0%@1728,0%@1728] GR3D_FREQ 99% cpu@71.781C soc2@70.687C soc0@71.25C gpu@73.75C tj@73.75C soc1@71.968C VDD_IN 17554mW/17382mW VDD_CPU_GPU_CV 7676mW/7672mW VDD_SOC 4199mW/4166mW
08-05-2026 05:33:06 RAM 4358/7620MB (lfb 15x4MB) SWAP 3105/12002MB (cached 58MB) CPU [0%@1728,0%@1728,0%@1728,0%@1728,18%@1728,0%@1728] GR3D_FREQ 99% cpu@71.781C soc2@70.531C soc0@71.031C gpu@73.843C tj@73.843C soc1@71.625C VDD_IN 17473mW/17382mW VDD_CPU_GPU_CV 7676mW/7672mW VDD_SOC 4199mW/4167mW
08-05-2026 05:33:06 RAM 4358/7620MB (lfb 15x4MB) SWAP 3105/12002MB (cached 58MB) CPU [0%@1728,0%@1728,0%@1728,0%@1728,0%@1728,0%@1728] GR3D_FREQ 99% cpu@71.687C soc2@70.562C soc0@71.125C gpu@73.781C tj@73.781C soc1@71.718C VDD_IN 17473mW/17382mW VDD_CPU_GPU_CV 7676mW/7672mW VDD_SOC 4199mW/4167mW
08-05-2026 05:33:06 RAM 4358/7620MB (lfb 15x4MB) SWAP 3105/12002MB (cached 58MB) CPU [0%@1728,0%@1728,18%@1728,0%@1728,0%@1728,0%@1728] GR3D_FREQ 99% cpu@71.75C soc2@70.562C soc0@71.093C gpu@73.843C tj@73.843C soc1@71.718C VDD_IN 17433mW/17382mW VDD_CPU_GPU_CV 7636mW/7672mW VDD_SOC 4199mW/4167mW
08-05-2026 05:33:06 RAM 4358/7620MB (lfb 15x4MB) SWAP 3105/12002MB (cached 58MB) CPU [8%@1728,0%@1728,0%@1728,0%@1728,0%@1728,0%@1728] GR3D_FREQ 99% cpu@71.718C soc2@70.656C soc0@71.218C gpu@73.531C tj@73.531C soc1@71.812C VDD_IN 17392mW/17382mW VDD_CPU_GPU_CV 7608mW/7672mW VDD_SOC 4199mW/4167mW
08-05-2026 05:33:06 RAM 4358/7620MB (lfb 15x4MB) SWAP 3105/12002MB (cached 58MB) CPU [9%@1728,0%@1728,9%@1728,0%@1728,0%@1728,0%@1728] GR3D_FREQ 99% cpu@71.656C soc2@70.625C soc0@70.906C gpu@73.5C tj@73.5C soc1@71.531C VDD_IN 17392mW/17382mW VDD_CPU_GPU_CV 7608mW/7672mW VDD_SOC 4199mW/4167mW
08-05-2026 05:33:06 RAM 4358/7620MB (lfb 15x4MB) SWAP 3105/12002MB (cached 58MB) CPU [0%@1728,0%@1728,0%@1728,0%@1728,0%@1728,0%@1728] GR3D_FREQ 99% cpu@71.812C soc2@70.5C soc0@71.062C gpu@73.687C tj@73.687C soc1@71.593C VDD_IN 17352mW/17382mW VDD_CPU_GPU_CV 7648mW/7672mW VDD_SOC 4159mW/4167mW
08-05-2026 05:33:06 RAM 4358/7620MB (lfb 15x4MB) SWAP 3105/12002MB (cached 58MB) CPU [0%@1728,0%@1728,0%@1728,0%@1728,0%@1728,0%@1728] GR3D_FREQ 99% cpu@71.687C soc2@70.531C soc0@71.093C gpu@73.625C tj@73.625C soc1@71.656C VDD_IN 17352mW/17382mW VDD_CPU_GPU_CV 7648mW/7672mW VDD_SOC 4159mW/4167mW
08-05-2026 05:33:07 RAM 4358/7620MB (lfb 15x4MB) SWAP 3105/12002MB (cached 58MB) CPU [0%@1728,0%@1728,0%@1728,0%@1728,0%@1728,0%@1728] GR3D_FREQ 99% cpu@71.75C soc2@70.5C soc0@71.125C gpu@73.562C tj@73.562C soc1@71.75C VDD_IN 17311mW/17382mW VDD_CPU_GPU_CV 7648mW/7672mW VDD_SOC 4159mW/4167mW
08-05-2026 05:33:07 RAM 4358/7620MB (lfb 15x4MB) SWAP 3105/12002MB (cached 58MB) CPU [0%@1728,9%@1728,0%@1728,18%@1728,0%@1728,9%@1728] GR3D_FREQ 99% cpu@71.812C soc2@70.531C soc0@71.25C gpu@73.937C tj@73.937C soc1@71.843C VDD_IN 17352mW/17382mW VDD_CPU_GPU_CV 7688mW/7672mW VDD_SOC 4159mW/4167mW
08-05-2026 05:33:07 RAM 4358/7620MB (lfb 15x4MB) SWAP 3105/12002MB (cached 58MB) CPU [0%@1728,0%@1728,0%@1728,0%@1728,0%@1728,0%@1728] GR3D_FREQ 99% cpu@71.75C soc2@70.531C soc0@70.906C gpu@73.781C tj@73.781C soc1@71.562C VDD_IN 17352mW/17382mW VDD_CPU_GPU_CV 7688mW/7672mW VDD_SOC 4159mW/4167mW
08-05-2026 05:33:07 RAM 4358/7620MB (lfb 15x4MB) SWAP 3105/12002MB (cached 58MB) CPU [0%@1728,0%@1728,0%@1728,0%@1728,9%@1728,0%@1728] GR3D_FREQ 99% cpu@71.656C soc2@70.531C soc0@71.031C gpu@73.593C tj@73.593C soc1@71.593C VDD_IN 17311mW/17382mW VDD_CPU_GPU_CV 7608mW/7672mW VDD_SOC 4159mW/4167mW
08-05-2026 05:33:07 RAM 4358/7620MB (lfb 15x4MB) SWAP 3105/12002MB (cached 58MB) CPU [0%@1728,0%@1728,0%@1728,0%@1728,0%@1728,0%@1728] GR3D_FREQ 99% cpu@71.625C soc2@70.468C soc0@71.062C gpu@73.656C tj@73.656C soc1@71.625C VDD_IN 17311mW/17382mW VDD_CPU_GPU_CV 7608mW/7672mW VDD_SOC 4159mW/4167mW
08-05-2026 05:33:07 RAM 4359/7620MB (lfb 15x4MB) SWAP 3105/12002MB (cached 58MB) CPU [9%@1728,0%@1728,9%@1728,0%@1728,0%@1728,0%@1728] GR3D_FREQ 99% cpu@71.718C soc2@70.468C soc0@71.062C gpu@73.437C tj@73.437C soc1@71.781C VDD_IN 17230mW/17382mW VDD_CPU_GPU_CV 7608mW/7672mW VDD_SOC 4159mW/4167mW
08-05-2026 05:33:07 RAM 4359/7620MB (lfb 15x4MB) SWAP 3105/12002MB (cached 58MB) CPU [0%@1728,0%@1728,0%@1728,0%@1728,0%@1728,0%@1728] GR3D_FREQ 99% cpu@71.593C soc2@70.437C soc0@71.031C gpu@73.718C tj@73.718C soc1@71.531C VDD_IN 17271mW/17382mW VDD_CPU_GPU_CV 7608mW/7672mW VDD_SOC 4119mW/4167mW
08-05-2026 05:33:07 RAM 4359/7620MB (lfb 15x4MB) SWAP 3105/12002MB (cached 58MB) CPU [0%@1728,0%@1728,0%@1728,18%@1728,0%@1728,0%@1728] GR3D_FREQ 96% cpu@71.937C soc2@70.5C soc0@71C gpu@73.5C tj@73.5C soc1@71.562C VDD_IN 17392mW/17382mW VDD_CPU_GPU_CV 7688mW/7672mW VDD_SOC 4159mW/4167mW
08-05-2026 05:33:07 RAM 4359/7620MB (lfb 15x4MB) SWAP 3105/12002MB (cached 58MB) CPU [0%@1728,0%@1728,0%@1728,0%@1728,0%@1728,0%@1728] GR3D_FREQ 99% cpu@71.656C soc2@70.468C soc0@70.906C gpu@73.562C tj@73.562C soc1@71.593C VDD_IN 17392mW/17382mW VDD_CPU_GPU_CV 7688mW/7672mW VDD_SOC 4159mW/4167mW
08-05-2026 05:33:08 RAM 4363/7620MB (lfb 15x4MB) SWAP 3105/12002MB (cached 58MB) CPU [0%@1728,20%@1728,9%@1728,8%@1728,16%@1728,0%@1728] GR3D_FREQ 99% cpu@71.5C soc2@70.406C soc0@71.093C gpu@73.843C tj@73.843C soc1@71.718C VDD_IN 17513mW/17382mW VDD_CPU_GPU_CV 7716mW/7672mW VDD_SOC 4159mW/4167mW
08-05-2026 05:33:08 RAM 4363/7620MB (lfb 15x4MB) SWAP 3105/12002MB (cached 58MB) CPU [0%@1728,0%@1728,0%@1728,0%@1728,0%@1728,0%@1728] GR3D_FREQ 99% cpu@71.687C soc2@70.562C soc0@71.156C gpu@73.75C tj@73.75C soc1@71.843C VDD_IN 17513mW/17382mW VDD_CPU_GPU_CV 7716mW/7672mW VDD_SOC 4199mW/4167mW
08-05-2026 05:33:08 RAM 4363/7620MB (lfb 15x4MB) SWAP 3105/12002MB (cached 58MB) CPU [0%@1728,0%@1728,0%@1728,0%@1728,20%@1728,0%@1728] GR3D_FREQ 99% cpu@71.75C soc2@70.406C soc0@70.843C gpu@73.593C tj@73.593C soc1@71.531C VDD_IN 17554mW/17382mW VDD_CPU_GPU_CV 7757mW/7672mW VDD_SOC 4199mW/4167mW
08-05-2026 05:33:08 RAM 4363/7620MB (lfb 15x4MB) SWAP 3105/12002MB (cached 58MB) CPU [9%@1728,9%@1728,0%@1728,0%@1728,70%@1728,0%@1728] GR3D_FREQ 99% cpu@71.562C soc2@70.437C soc0@70.937C gpu@73.687C tj@73.687C soc1@71.593C VDD_IN 17635mW/17382mW VDD_CPU_GPU_CV 7837mW/7672mW VDD_SOC 4199mW/4167mW
08-05-2026 05:33:08 RAM 4363/7620MB (lfb 15x4MB) SWAP 3105/12002MB (cached 58MB) CPU [0%@1728,0%@1728,0%@1728,0%@1728,0%@1728,0%@1728] GR3D_FREQ 99% cpu@71.593C soc2@70.406C soc0@71.125C gpu@73.687C tj@73.687C soc1@71.625C VDD_IN 17594mW/17383mW VDD_CPU_GPU_CV 7797mW/7672mW VDD_SOC 4199mW/4167mW
08-05-2026 05:33:08 RAM 4363/7620MB (lfb 15x4MB) SWAP 3105/12002MB (cached 58MB) CPU [0%@1728,10%@1728,0%@1728,0%@1728,0%@1728,0%@1728] GR3D_FREQ 99% cpu@71.5C soc2@70.468C soc0@71.156C gpu@73.5C tj@73.5C soc1@71.718C VDD_IN 17594mW/17383mW VDD_CPU_GPU_CV 7757mW/7672mW VDD_SOC 4199mW/4167mW
08-05-2026 05:33:08 RAM 4363/7620MB (lfb 15x4MB) SWAP 3105/12002MB (cached 58MB) CPU [0%@1728,8%@1728,9%@1728,0%@1728,0%@1728,0%@1728] GR3D_FREQ 99% cpu@71.687C soc2@70.343C soc0@70.937C gpu@73.781C tj@73.781C soc1@71.531C VDD_IN 17554mW/17383mW VDD_CPU_GPU_CV 7757mW/7672mW VDD_SOC 4199mW/4167mW
08-05-2026 05:33:08 RAM 4363/7620MB (lfb 15x4MB) SWAP 3105/12002MB (cached 58MB) CPU [0%@1728,0%@1728,0%@1728,0%@1728,0%@1728,0%@1728] GR3D_FREQ 99% cpu@71.781C soc2@70.437C soc0@70.937C gpu@73.593C tj@73.593C soc1@71.562C VDD_IN 17513mW/17383mW VDD_CPU_GPU_CV 7757mW/7673mW VDD_SOC 4199mW/4167mW
08-05-2026 05:33:08 RAM 4363/7620MB (lfb 15x4MB) SWAP 3105/12002MB (cached 58MB) CPU [0%@1728,0%@1728,0%@1728,0%@1728,0%@1728,0%@1728] GR3D_FREQ 99% cpu@71.593C soc2@70.406C soc0@71.062C gpu@73.562C tj@73.562C soc1@71.625C VDD_IN 17473mW/17383mW VDD_CPU_GPU_CV 7716mW/7673mW VDD_SOC 4199mW/4167mW
08-05-2026 05:33:08 RAM 4363/7620MB (lfb 15x4MB) SWAP 3105/12002MB (cached 58MB) CPU [0%@1728,0%@1728,0%@1728,0%@1728,0%@1728,0%@1728] GR3D_FREQ 99% cpu@71.5C soc2@70.531C soc0@71.093C gpu@73.781C tj@73.781C soc1@71.75C VDD_IN 17473mW/17383mW VDD_CPU_GPU_CV 7716mW/7673mW VDD_SOC 4199mW/4167mW
08-05-2026 05:33:09 RAM 4363/7620MB (lfb 15x4MB) SWAP 3105/12002MB (cached 58MB) CPU [0%@1728,0%@1728,0%@1728,0%@1728,0%@1728,0%@1728] GR3D_FREQ 99% cpu@71.656C soc2@70.531C soc0@70.937C gpu@73.593C tj@73.593C soc1@71.531C VDD_IN 17473mW/17383mW VDD_CPU_GPU_CV 7716mW/7673mW VDD_SOC 4199mW/4167mW
08-05-2026 05:33:09 RAM 4363/7620MB (lfb 15x4MB) SWAP 3105/12002MB (cached 58MB) CPU [0%@1728,10%@1728,0%@1728,0%@1728,0%@1728,9%@1728] GR3D_FREQ 99% cpu@71.718C soc2@70.375C soc0@70.937C gpu@73.593C tj@73.593C soc1@71.5C VDD_IN 17433mW/17383mW VDD_CPU_GPU_CV 7676mW/7673mW VDD_SOC 4199mW/4167mW
08-05-2026 05:33:09 RAM 4363/7620MB (lfb 15x4MB) SWAP 3105/12002MB (cached 58MB) CPU [0%@1728,0%@1728,0%@1728,0%@1728,0%@1728,0%@1728] GR3D_FREQ 99% cpu@71.531C soc2@70.468C soc0@70.906C gpu@73.531C tj@73.531C soc1@71.625C VDD_IN 17433mW/17383mW VDD_CPU_GPU_CV 7688mW/7673mW VDD_SOC 4199mW/4167mW
08-05-2026 05:33:09 RAM 4363/7620MB (lfb 15x4MB) SWAP 3105/12002MB (cached 58MB) CPU [0%@1728,9%@1728,8%@1728,0%@1728,18%@1728,0%@1728] GR3D_FREQ 99% cpu@71.625C soc2@70.437C soc0@71.031C gpu@73.437C tj@73.437C soc1@71.562C VDD_IN 17352mW/17383mW VDD_CPU_GPU_CV 7688mW/7673mW VDD_SOC 4159mW/4167mW
08-05-2026 05:33:09 RAM 4363/7620MB (lfb 15x4MB) SWAP 3105/12002MB (cached 58MB) CPU [0%@1728,0%@1728,0%@1728,0%@1728,0%@1728,0%@1728] GR3D_FREQ 99% cpu@71.562C soc2@70.468C soc0@71.187C gpu@73.75C tj@73.75C soc1@71.781C VDD_IN 17311mW/17383mW VDD_CPU_GPU_CV 7688mW/7673mW VDD_SOC 4159mW/4167mW
08-05-2026 05:33:09 RAM 4363/7620MB (lfb 15x4MB) SWAP 3105/12002MB (cached 58MB) CPU [0%@1728,0%@1728,0%@1728,0%@1728,0%@1728,0%@1728] GR3D_FREQ 99% cpu@71.687C soc2@70.343C soc0@70.968C gpu@73.75C tj@73.75C soc1@71.562C VDD_IN 17271mW/17383mW VDD_CPU_GPU_CV 7648mW/7673mW VDD_SOC 4119mW/4167mW
08-05-2026 05:33:09 RAM 4363/7620MB (lfb 15x4MB) SWAP 3105/12002MB (cached 58MB) CPU [0%@1728,9%@1728,0%@1728,0%@1728,0%@1728,0%@1728] GR3D_FREQ 99% cpu@71.75C soc2@70.406C soc0@71C gpu@73.718C tj@73.718C soc1@71.562C VDD_IN 17271mW/17383mW VDD_CPU_GPU_CV 7688mW/7673mW VDD_SOC 4119mW/4167mW
08-05-2026 05:33:09 RAM 4363/7620MB (lfb 15x4MB) SWAP 3105/12002MB (cached 58MB) CPU [0%@1728,25%@1728,0%@1728,0%@1728,0%@1728,0%@1728] GR3D_FREQ 99% cpu@71.593C soc2@70.375C soc0@71.062C gpu@73.812C tj@73.812C soc1@71.593C VDD_IN 17311mW/17383mW VDD_CPU_GPU_CV 7688mW/7673mW VDD_SOC 4159mW/4167mW
08-05-2026 05:33:09 RAM 4363/7620MB (lfb 15x4MB) SWAP 3105/12002MB (cached 58MB) CPU [0%@1728,0%@1728,0%@1728,0%@1728,0%@1728,0%@1728] GR3D_FREQ 99% cpu@71.656C soc2@70.437C soc0@71.125C gpu@73.531C tj@73.531C soc1@71.75C VDD_IN 17311mW/17383mW VDD_CPU_GPU_CV 7648mW/7673mW VDD_SOC 4159mW/4167mW
08-05-2026 05:33:10 RAM 4363/7620MB (lfb 15x4MB) SWAP 3105/12002MB (cached 58MB) CPU [0%@1728,0%@1728,0%@1728,0%@1728,0%@1728,0%@1728] GR3D_FREQ 99% cpu@71.687C soc2@70.5C soc0@70.968C gpu@73.468C tj@73.468C soc1@71.562C VDD_IN 17311mW/17383mW VDD_CPU_GPU_CV 7648mW/7673mW VDD_SOC 4159mW/4167mW
08-05-2026 05:33:10 RAM 4363/7620MB (lfb 15x4MB) SWAP 3105/12002MB (cached 58MB) CPU [0%@1728,0%@1728,0%@1728,0%@1728,0%@1728,0%@1728] GR3D_FREQ 99% cpu@71.687C soc2@70.375C soc0@71.062C gpu@73.625C tj@73.625C soc1@71.562C VDD_IN 17311mW/17383mW VDD_CPU_GPU_CV 7648mW/7673mW VDD_SOC 4159mW/4167mW
08-05-2026 05:33:10 RAM 4363/7620MB (lfb 15x4MB) SWAP 3105/12002MB (cached 58MB) CPU [0%@1728,0%@1728,0%@1728,0%@1728,0%@1728,0%@1728] GR3D_FREQ 99% cpu@71.968C soc2@70.5C soc0@71.125C gpu@73.468C tj@73.468C soc1@71.531C VDD_IN 17311mW/17383mW VDD_CPU_GPU_CV 7648mW/7673mW VDD_SOC 4159mW/4167mW
08-05-2026 05:33:10 RAM 4363/7620MB (lfb 15x4MB) SWAP 3105/12002MB (cached 58MB) CPU [0%@1728,0%@1728,9%@1728,0%@1728,10%@1728,0%@1728] GR3D_FREQ 99% cpu@71.781C soc2@70.5C soc0@71.156C gpu@73.718C tj@73.718C soc1@71.625C VDD_IN 17352mW/17383mW VDD_CPU_GPU_CV 7648mW/7673mW VDD_SOC 4159mW/4167mW
08-05-2026 05:33:10 RAM 4363/7620MB (lfb 15x4MB) SWAP 3105/12002MB (cached 58MB) CPU [0%@1728,18%@1728,0%@1728,0%@1728,0%@1728,0%@1728] GR3D_FREQ 96% cpu@71.812C soc2@70.5C soc0@71.343C gpu@73.687C tj@73.687C soc1@71.812C VDD_IN 17433mW/17383mW VDD_CPU_GPU_CV 7688mW/7673mW VDD_SOC 4159mW/4167mW
08-05-2026 05:33:10 RAM 4363/7620MB (lfb 15x4MB) SWAP 3105/12002MB (cached 58MB) CPU [9%@1728,0%@1728,0%@1728,0%@1728,0%@1728,0%@1728] GR3D_FREQ 99% cpu@71.687C soc2@70.375C soc0@70.937C gpu@73.625C tj@73.625C soc1@71.593C VDD_IN 17473mW/17383mW VDD_CPU_GPU_CV 7688mW/7673mW VDD_SOC 4159mW/4167mW
08-05-2026 05:33:10 RAM 4363/7620MB (lfb 15x4MB) SWAP 3105/12002MB (cached 58MB) CPU [0%@1728,0%@1728,0%@1728,0%@1728,0%@1728,0%@1728] GR3D_FREQ 99% cpu@71.75C soc2@70.5C soc0@71.062C gpu@74C tj@74C soc1@71.562C VDD_IN 17513mW/17383mW VDD_CPU_GPU_CV 7729mW/7673mW VDD_SOC 4199mW/4167mW
08-05-2026 05:33:10 RAM 4363/7620MB (lfb 15x4MB) SWAP 3105/12002MB (cached 58MB) CPU [8%@1728,0%@1728,0%@1728,0%@1728,0%@1728,0%@1728] GR3D_FREQ 99% cpu@71.656C soc2@70.468C soc0@71.093C gpu@73.843C tj@73.843C soc1@71.687C VDD_IN 17513mW/17383mW VDD_CPU_GPU_CV 7729mW/7673mW VDD_SOC 4199mW/4167mW
08-05-2026 05:33:10 RAM 4363/7620MB (lfb 15x4MB) SWAP 3105/12002MB (cached 58MB) CPU [0%@1728,0%@1728,0%@1728,0%@1728,0%@1728,0%@1728] GR3D_FREQ 99% cpu@71.687C soc2@70.468C soc0@71.125C gpu@73.687C tj@73.687C soc1@71.812C VDD_IN 17473mW/17383mW VDD_CPU_GPU_CV 7729mW/7673mW VDD_SOC 4199mW/4167mW
08-05-2026 05:33:10 RAM 4363/7620MB (lfb 15x4MB) SWAP 3105/12002MB (cached 58MB) CPU [0%@1728,0%@1728,0%@1728,0%@1728,0%@1728,0%@1728] GR3D_FREQ 99% cpu@71.718C soc2@70.593C soc0@71.031C gpu@73.937C tj@73.937C soc1@71.531C VDD_IN 17473mW/17383mW VDD_CPU_GPU_CV 7729mW/7673mW VDD_SOC 4199mW/4167mW
08-05-2026 05:33:11 RAM 4363/7620MB (lfb 15x4MB) SWAP 3105/12002MB (cached 58MB) CPU [0%@1728,0%@1728,0%@1728,0%@1728,0%@1728,0%@1728] GR3D_FREQ 99% cpu@71.812C soc2@70.406C soc0@71.031C gpu@73.718C tj@73.718C soc1@71.625C VDD_IN 17473mW/17383mW VDD_CPU_GPU_CV 7729mW/7673mW VDD_SOC 4199mW/4167mW
08-05-2026 05:33:11 RAM 4363/7620MB (lfb 15x4MB) SWAP 3105/12002MB (cached 58MB) CPU [0%@1728,10%@1728,0%@1728,0%@1728,0%@1728,0%@1728] GR3D_FREQ 99% cpu@71.843C soc2@70.531C soc0@71.062C gpu@73.531C tj@73.531C soc1@71.562C VDD_IN 17513mW/17384mW VDD_CPU_GPU_CV 7716mW/7673mW VDD_SOC 4199mW/4167mW
08-05-2026 05:33:11 RAM 4362/7620MB (lfb 15x4MB) SWAP 3105/12002MB (cached 58MB) CPU [0%@1728,0%@1728,25%@1728,0%@1728,9%@1728,0%@1728] GR3D_FREQ 99% cpu@71.75C soc2@70.5C soc0@71.187C gpu@73.937C tj@73.937C soc1@71.75C VDD_IN 17554mW/17384mW VDD_CPU_GPU_CV 7757mW/7673mW VDD_SOC 4199mW/4167mW
08-05-2026 05:33:11 RAM 4362/7620MB (lfb 15x4MB) SWAP 3105/12002MB (cached 58MB) CPU [0%@1728,0%@1728,0%@1728,0%@1728,10%@1728,0%@1728] GR3D_FREQ 99% cpu@71.718C soc2@70.5C soc0@71.218C gpu@73.843C tj@73.843C soc1@71.562C VDD_IN 17513mW/17384mW VDD_CPU_GPU_CV 7716mW/7673mW VDD_SOC 4199mW/4167mW
08-05-2026 05:33:11 RAM 4362/7620MB (lfb 15x4MB) SWAP 3105/12002MB (cached 58MB) CPU [0%@1728,0%@1728,0%@1728,0%@1728,0%@1728,0%@1728] GR3D_FREQ 99% cpu@71.812C soc2@70.531C soc0@71.093C gpu@73.625C tj@73.625C soc1@71.562C VDD_IN 17473mW/17384mW VDD_CPU_GPU_CV 7716mW/7673mW VDD_SOC 4199mW/4167mW
08-05-2026 05:33:11 RAM 4362/7620MB (lfb 15x4MB) SWAP 3105/12002MB (cached 58MB) CPU [0%@1728,8%@1728,0%@1728,0%@1728,9%@1728,0%@1728] GR3D_FREQ 99% cpu@71.812C soc2@70.531C soc0@71.062C gpu@73.875C tj@73.875C soc1@71.625C VDD_IN 17433mW/17384mW VDD_CPU_GPU_CV 7636mW/7673mW VDD_SOC 4199mW/4167mW
08-05-2026 05:33:11 RAM 4362/7620MB (lfb 15x4MB) SWAP 3105/12002MB (cached 58MB) CPU [9%@1728,0%@1728,0%@1728,0%@1728,0%@1728,0%@1728] GR3D_FREQ 99% cpu@71.593C soc2@70.562C soc0@71.125C gpu@73.593C tj@73.593C soc1@71.718C VDD_IN 17392mW/17384mW VDD_CPU_GPU_CV 7648mW/7673mW VDD_SOC 4199mW/4167mW
08-05-2026 05:33:11 RAM 4362/7620MB (lfb 15x4MB) SWAP 3105/12002MB (cached 58MB) CPU [0%@1728,0%@1728,10%@1728,0%@1728,0%@1728,0%@1728] GR3D_FREQ 99% cpu@71.687C soc2@70.5C soc0@71.187C gpu@73.343C tj@73.343C soc1@71.937C VDD_IN 17392mW/17384mW VDD_CPU_GPU_CV 7688mW/7673mW VDD_SOC 4159mW/4167mW
08-05-2026 05:33:11 RAM 4362/7620MB (lfb 15x4MB) SWAP 3105/12002MB (cached 58MB) CPU [9%@1728,0%@1728,8%@1728,0%@1728,0%@1728,0%@1728] GR3D_FREQ 99% cpu@71.75C soc2@70.593C soc0@71.062C gpu@73.812C tj@73.812C soc1@71.625C VDD_IN 17352mW/17384mW VDD_CPU_GPU_CV 7648mW/7673mW VDD_SOC 4159mW/4167mW
08-05-2026 05:33:12 RAM 4362/7620MB (lfb 15x4MB) SWAP 3105/12002MB (cached 58MB) CPU [0%@1728,0%@1728,0%@1728,0%@1728,0%@1728,0%@1728] GR3D_FREQ 99% cpu@71.843C soc2@70.5C soc0@71.093C gpu@73.687C tj@73.687C soc1@71.687C VDD_IN 17352mW/17384mW VDD_CPU_GPU_CV 7688mW/7673mW VDD_SOC 4159mW/4167mW
08-05-2026 05:33:12 RAM 4362/7620MB (lfb 15x4MB) SWAP 3105/12002MB (cached 58MB) CPU [0%@1728,0%@1728,0%@1728,0%@1728,0%@1728,0%@1728] GR3D_FREQ 99% cpu@71.468C soc2@70.468C soc0@71.156C gpu@74.218C tj@74.218C soc1@71.75C VDD_IN 17311mW/17384mW VDD_CPU_GPU_CV 7688mW/7673mW VDD_SOC 4159mW/4167mW
08-05-2026 05:33:12 RAM 4362/7620MB (lfb 15x4MB) SWAP 3105/12002MB (cached 58MB) CPU [0%@1728,0%@1728,0%@1728,0%@1728,0%@1728,0%@1728] GR3D_FREQ 99% cpu@71.656C soc2@70.531C soc0@71.218C gpu@73.937C tj@73.937C soc1@71.843C VDD_IN 17311mW/17384mW VDD_CPU_GPU_CV 7688mW/7673mW VDD_SOC 4119mW/4167mW
08-05-2026 05:33:12 RAM 4362/7620MB (lfb 15x4MB) SWAP 3105/12002MB (cached 58MB) CPU [8%@1728,9%@1728,0%@1728,0%@1728,9%@1728,0%@1728] GR3D_FREQ 99% cpu@71.812C soc2@70.562C soc0@71.218C gpu@73.625C tj@73.812C soc1@71.593C VDD_IN 17352mW/17384mW VDD_CPU_GPU_CV 7688mW/7673mW VDD_SOC 4159mW/4167mW
08-05-2026 05:33:12 RAM 4362/7620MB (lfb 15x4MB) SWAP 3105/12002MB (cached 58MB) CPU [0%@1728,0%@1728,10%@1728,0%@1728,9%@1728,0%@1728] GR3D_FREQ 99% cpu@71.937C soc2@70.531C soc0@71.093C gpu@73.968C tj@73.968C soc1@71.593C VDD_IN 17311mW/17384mW VDD_CPU_GPU_CV 7688mW/7673mW VDD_SOC 4159mW/4167mW
08-05-2026 05:33:12 RAM 4362/7620MB (lfb 15x4MB) SWAP 3105/12002MB (cached 58MB) CPU [0%@1728,0%@1728,0%@1728,0%@1728,0%@1728,0%@1728] GR3D_FREQ 99% cpu@71.937C soc2@70.531C soc0@71.093C gpu@73.718C tj@73.718C soc1@71.625C VDD_IN 17271mW/17384mW VDD_CPU_GPU_CV 7648mW/7673mW VDD_SOC 4119mW/4167mW
08-05-2026 05:33:12 RAM 4362/7620MB (lfb 15x4MB) SWAP 3105/12002MB (cached 58MB) CPU [0%@1728,8%@1728,0%@1728,0%@1728,0%@1728,0%@1728] GR3D_FREQ 99% cpu@71.593C soc2@70.625C soc0@71.156C gpu@73.468C tj@73.468C soc1@71.812C VDD_IN 17271mW/17383mW VDD_CPU_GPU_CV 7648mW/7673mW VDD_SOC 4119mW/4167mW
08-05-2026 05:33:12 RAM 4362/7620MB (lfb 15x4MB) SWAP 3105/12002MB (cached 58MB) CPU [0%@1728,0%@1728,0%@1728,0%@1728,0%@1728,9%@1728] GR3D_FREQ 99% cpu@71.812C soc2@70.75C soc0@71.281C gpu@73.843C tj@73.843C soc1@71.875C VDD_IN 17311mW/17383mW VDD_CPU_GPU_CV 7648mW/7673mW VDD_SOC 4159mW/4167mW
08-05-2026 05:33:12 RAM 4362/7620MB (lfb 15x4MB) SWAP 3105/12002MB (cached 58MB) CPU [8%@1728,0%@1728,0%@1728,9%@1728,0%@1728,0%@1728] GR3D_FREQ 99% cpu@71.875C soc2@70.562C soc0@71.031C gpu@73.75C tj@73.75C soc1@71.687C VDD_IN 17352mW/17383mW VDD_CPU_GPU_CV 7688mW/7673mW VDD_SOC 4159mW/4167mW
08-05-2026 05:33:12 RAM 4362/7620MB (lfb 15x4MB) SWAP 3105/12002MB (cached 58MB) CPU [0%@1728,0%@1728,0%@1728,0%@1728,0%@1728,0%@1728] GR3D_FREQ 99% cpu@71.781C soc2@70.625C soc0@71.218C gpu@73.531C tj@73.531C soc1@71.781C VDD_IN 17352mW/17383mW VDD_CPU_GPU_CV 7688mW/7673mW VDD_SOC 4159mW/4167mW
08-05-2026 05:33:13 RAM 4362/7620MB (lfb 15x4MB) SWAP 3105/12002MB (cached 58MB) CPU [0%@1728,0%@1728,10%@1728,0%@1728,0%@1728,0%@1728] GR3D_FREQ 96% cpu@71.843C soc2@70.593C soc0@71.156C gpu@74.031C tj@74.031C soc1@71.718C VDD_IN 17433mW/17383mW VDD_CPU_GPU_CV 7729mW/7673mW VDD_SOC 4159mW/4167mW
08-05-2026 05:33:13 RAM 4362/7620MB (lfb 15x4MB) SWAP 3105/12002MB (cached 58MB) CPU [0%@1728,0%@1728,0%@1728,0%@1728,0%@1728,0%@1728] GR3D_FREQ 99% cpu@71.843C soc2@70.656C soc0@71.187C gpu@73.656C tj@73.906C soc1@71.843C VDD_IN 17473mW/17383mW VDD_CPU_GPU_CV 7716mW/7673mW VDD_SOC 4199mW/4167mW
08-05-2026 05:33:13 RAM 4362/7620MB (lfb 15x4MB) SWAP 3105/12002MB (cached 58MB) CPU [0%@1728,0%@1728,0%@1728,0%@1728,9%@1728,0%@1728] GR3D_FREQ 99% cpu@71.812C soc2@70.625C soc0@71.343C gpu@73.531C tj@73.531C soc1@71.718C VDD_IN 17513mW/17384mW VDD_CPU_GPU_CV 7716mW/7673mW VDD_SOC 4199mW/4167mW
08-05-2026 05:33:13 RAM 4362/7620MB (lfb 15x4MB) SWAP 3105/12002MB (cached 58MB) CPU [0%@1728,9%@1728,0%@1728,0%@1728,18%@1728,0%@1728] GR3D_FREQ 99% cpu@71.937C soc2@70.531C soc0@71.125C gpu@73.968C tj@73.968C soc1@71.687C VDD_IN 17433mW/17384mW VDD_CPU_GPU_CV 7676mW/7673mW VDD_SOC 4199mW/4167mW
08-05-2026 05:33:13 RAM 4362/7620MB (lfb 15x4MB) SWAP 3105/12002MB (cached 58MB) CPU [0%@1728,0%@1728,0%@1728,0%@1728,0%@1728,0%@1728] GR3D_FREQ 99% cpu@72.125C soc2@70.593C soc0@71.25C gpu@73.625C tj@73.625C soc1@71.75C VDD_IN 17473mW/17384mW VDD_CPU_GPU_CV 7716mW/7673mW VDD_SOC 4199mW/4167mW
08-05-2026 05:33:13 RAM 4362/7620MB (lfb 15x4MB) SWAP 3105/12002MB (cached 58MB) CPU [0%@1728,0%@1728,0%@1728,0%@1728,8%@1728,0%@1728] GR3D_FREQ 99% cpu@71.687C soc2@70.593C soc0@71.25C gpu@73.593C tj@73.593C soc1@71.812C VDD_IN 17433mW/17384mW VDD_CPU_GPU_CV 7676mW/7673mW VDD_SOC 4199mW/4167mW
08-05-2026 05:33:13 RAM 4362/7620MB (lfb 15x4MB) SWAP 3105/12002MB (cached 58MB) CPU [0%@1728,0%@1728,0%@1728,0%@1728,0%@1728,0%@1728] GR3D_FREQ 99% cpu@71.843C soc2@70.625C soc0@71.343C gpu@74.031C tj@74.031C soc1@71.875C VDD_IN 17473mW/17384mW VDD_CPU_GPU_CV 7676mW/7673mW VDD_SOC 4199mW/4167mW
08-05-2026 05:33:13 RAM 4362/7620MB (lfb 15x4MB) SWAP 3105/12002MB (cached 58MB) CPU [0%@1728,0%@1728,10%@1728,0%@1728,0%@1728,0%@1728] GR3D_FREQ 99% cpu@71.843C soc2@70.718C soc0@71.375C gpu@73.75C tj@73.75C soc1@71.656C VDD_IN 17473mW/17384mW VDD_CPU_GPU_CV 7716mW/7673mW VDD_SOC 4199mW/4167mW
08-05-2026 05:33:13 RAM 4362/7620MB (lfb 15x4MB) SWAP 3105/12002MB (cached 58MB) CPU [0%@1728,0%@1728,0%@1728,0%@1728,0%@1728,0%@1728] GR3D_FREQ 99% cpu@72.093C soc2@70.531C soc0@71.125C gpu@74.218C tj@74.218C soc1@71.812C VDD_IN 17473mW/17384mW VDD_CPU_GPU_CV 7716mW/7673mW VDD_SOC 4199mW/4167mW
08-05-2026 05:33:14 RAM 4362/7620MB (lfb 15x4MB) SWAP 3105/12002MB (cached 58MB) CPU [0%@1728,0%@1728,0%@1728,0%@1728,0%@1728,0%@1728] GR3D_FREQ 99% cpu@71.843C soc2@70.687C soc0@71.187C gpu@74.093C tj@74.093C soc1@71.75C VDD_IN 17473mW/17384mW VDD_CPU_GPU_CV 7716mW/7673mW VDD_SOC 4199mW/4167mW
08-05-2026 05:33:14 RAM 4362/7620MB (lfb 15x4MB) SWAP 3105/12002MB (cached 58MB) CPU [0%@1728,0%@1728,0%@1728,0%@1728,0%@1728,0%@1728] GR3D_FREQ 99% cpu@71.875C soc2@70.625C soc0@71.25C gpu@73.625C tj@73.625C soc1@71.875C VDD_IN 17473mW/17384mW VDD_CPU_GPU_CV 7676mW/7673mW VDD_SOC 4199mW/4167mW
08-05-2026 05:33:14 RAM 4362/7620MB (lfb 15x4MB) SWAP 3105/12002MB (cached 58MB) CPU [0%@1728,0%@1728,0%@1728,0%@1728,0%@1728,0%@1728] GR3D_FREQ 99% cpu@71.843C soc2@70.718C soc0@71.437C gpu@74.031C tj@74.031C soc1@72.031C VDD_IN 17433mW/17384mW VDD_CPU_GPU_CV 7676mW/7673mW VDD_SOC 4199mW/4167mW
08-05-2026 05:33:14 RAM 4362/7620MB (lfb 15x4MB) SWAP 3105/12002MB (cached 58MB) CPU [0%@1728,0%@1728,0%@1728,0%@1728,0%@1728,0%@1728] GR3D_FREQ 99% cpu@71.968C soc2@70.656C soc0@71.125C gpu@73.5C tj@73.5C soc1@71.75C VDD_IN 17392mW/17384mW VDD_CPU_GPU_CV 7648mW/7673mW VDD_SOC 4199mW/4167mW
08-05-2026 05:33:14 RAM 4362/7620MB (lfb 15x4MB) SWAP 3105/12002MB (cached 58MB) CPU [0%@1728,0%@1728,0%@1728,18%@1728,10%@1728,0%@1728] GR3D_FREQ 99% cpu@72.187C soc2@70.625C soc0@71.343C gpu@73.562C tj@73.562C soc1@71.781C VDD_IN 17311mW/17384mW VDD_CPU_GPU_CV 7688mW/7673mW VDD_SOC 4159mW/4167mW
08-05-2026 05:33:14 RAM 4354/7620MB (lfb 15x4MB) SWAP 3105/12002MB (cached 58MB) CPU [0%@1728,0%@1728,27%@1728,0%@1728,9%@1728,0%@1728] GR3D_FREQ 99% cpu@71.937C soc2@70.718C soc0@71.25C gpu@74.093C tj@74.093C soc1@71.875C VDD_IN 17352mW/17384mW VDD_CPU_GPU_CV 7688mW/7673mW VDD_SOC 4159mW/4167mW
08-05-2026 05:33:14 RAM 4354/7620MB (lfb 15x4MB) SWAP 3105/12002MB (cached 58MB) CPU [0%@1728,0%@1728,0%@1728,0%@1728,0%@1728,0%@1728] GR3D_FREQ 99% cpu@71.812C soc2@70.75C soc0@71.343C gpu@74.031C tj@74.031C soc1@71.687C VDD_IN 17271mW/17384mW VDD_CPU_GPU_CV 7648mW/7673mW VDD_SOC 4119mW/4167mW
08-05-2026 05:33:14 RAM 4354/7620MB (lfb 15x4MB) SWAP 3105/12002MB (cached 58MB) CPU [0%@1728,0%@1728,0%@1728,0%@1728,0%@1728,0%@1728] GR3D_FREQ 99% cpu@72C soc2@70.593C soc0@71.187C gpu@73.656C tj@73.656C soc1@71.781C VDD_IN 17230mW/17384mW VDD_CPU_GPU_CV 7608mW/7673mW VDD_SOC 4119mW/4167mW
08-05-2026 05:33:14 RAM 4354/7620MB (lfb 15x4MB) SWAP 3105/12002MB (cached 58MB) CPU [0%@1728,0%@1728,0%@1728,0%@1728,0%@1728,0%@1728] GR3D_FREQ 99% cpu@72.062C soc2@70.593C soc0@71.187C gpu@74.125C tj@74.125C soc1@71.843C VDD_IN 17230mW/17384mW VDD_CPU_GPU_CV 7568mW/7673mW VDD_SOC 4119mW/4167mW
08-05-2026 05:33:14 RAM 4354/7620MB (lfb 15x4MB) SWAP 3105/12002MB (cached 58MB) CPU [0%@1728,0%@1728,0%@1728,0%@1728,0%@1728,0%@1728] GR3D_FREQ 99% cpu@71.656C soc2@70.625C soc0@71.312C gpu@73.656C tj@73.656C soc1@71.937C VDD_IN 17190mW/17384mW VDD_CPU_GPU_CV 7568mW/7673mW VDD_SOC 4119mW/4167mW
08-05-2026 05:33:15 RAM 4354/7620MB (lfb 15x4MB) SWAP 3105/12002MB (cached 58MB) CPU [0%@1728,0%@1728,0%@1728,18%@1728,0%@1728,0%@1728] GR3D_FREQ 99% cpu@72C soc2@70.718C soc0@71.312C gpu@73.531C tj@73.531C soc1@72.031C VDD_IN 17190mW/17383mW VDD_CPU_GPU_CV 7527mW/7673mW VDD_SOC 4159mW/4167mW
08-05-2026 05:33:15 RAM 4354/7620MB (lfb 15x4MB) SWAP 3105/12002MB (cached 58MB) CPU [0%@1728,0%@1728,0%@1728,0%@1728,0%@1728,0%@1728] GR3D_FREQ 99% cpu@71.843C soc2@70.687C soc0@71.5C gpu@73.875C tj@73.875C soc1@71.75C VDD_IN 17190mW/17383mW VDD_CPU_GPU_CV 7527mW/7673mW VDD_SOC 4159mW/4167mW
08-05-2026 05:33:15 RAM 4354/7620MB (lfb 15x4MB) SWAP 3105/12002MB (cached 58MB) CPU [8%@1728,0%@1728,0%@1728,0%@1728,0%@1728,0%@1728] GR3D_FREQ 99% cpu@72.031C soc2@70.781C soc0@71.343C gpu@73.593C tj@73.593C soc1@71.843C VDD_IN 17230mW/17383mW VDD_CPU_GPU_CV 7527mW/7673mW VDD_SOC 4159mW/4167mW
08-05-2026 05:33:15 RAM 4354/7620MB (lfb 15x4MB) SWAP 3105/12002MB (cached 58MB) CPU [9%@1728,0%@1728,10%@1728,9%@1728,9%@1728,0%@1728] GR3D_FREQ 99% cpu@71.968C soc2@70.687C soc0@71.375C gpu@73.531C tj@73.531C soc1@71.843C VDD_IN 17230mW/17383mW VDD_CPU_GPU_CV 7568mW/7673mW VDD_SOC 4159mW/4167mW
08-05-2026 05:33:15 RAM 4354/7620MB (lfb 15x4MB) SWAP 3105/12002MB (cached 58MB) CPU [0%@1728,0%@1728,8%@1728,0%@1728,0%@1728,0%@1728] GR3D_FREQ 99% cpu@71.843C soc2@70.843C soc0@71.406C gpu@74C tj@74C soc1@72.031C VDD_IN 17271mW/17383mW VDD_CPU_GPU_CV 7568mW/7673mW VDD_SOC 4159mW/4167mW
08-05-2026 05:33:15 RAM 4354/7620MB (lfb 15x4MB) SWAP 3105/12002MB (cached 58MB) CPU [0%@1728,0%@1728,0%@1728,0%@1728,0%@1728,0%@1728] GR3D_FREQ 99% cpu@71.937C soc2@70.781C soc0@71.437C gpu@73.75C tj@73.75C soc1@72.031C VDD_IN 17311mW/17383mW VDD_CPU_GPU_CV 7568mW/7672mW VDD_SOC 4159mW/4167mW
08-05-2026 05:33:15 RAM 4354/7620MB (lfb 15x4MB) SWAP 3105/12002MB (cached 58MB) CPU [0%@1728,9%@1728,0%@1728,0%@1728,0%@1728,0%@1728] GR3D_FREQ 99% cpu@71.968C soc2@70.718C soc0@71.531C gpu@74.093C tj@74.093C soc1@71.781C VDD_IN 17311mW/17383mW VDD_CPU_GPU_CV 7568mW/7672mW VDD_SOC 4199mW/4167mW
08-05-2026 05:33:15 RAM 4354/7620MB (lfb 15x4MB) SWAP 3105/12002MB (cached 58MB) CPU [0%@1728,0%@1728,0%@1728,10%@1728,0%@1728,9%@1728] GR3D_FREQ 99% cpu@72.25C soc2@70.687C soc0@71.343C gpu@73.781C tj@73.781C soc1@71.906C VDD_IN 17352mW/17383mW VDD_CPU_GPU_CV 7568mW/7672mW VDD_SOC 4199mW/4167mW
08-05-2026 05:33:15 RAM 4354/7620MB (lfb 15x4MB) SWAP 3105/12002MB (cached 58MB) CPU [0%@1728,0%@1728,0%@1728,0%@1728,0%@1728,0%@1728] GR3D_FREQ 99% cpu@71.75C soc2@70.781C soc0@71.312C gpu@73.718C tj@73.718C soc1@72C VDD_IN 17352mW/17383mW VDD_CPU_GPU_CV 7568mW/7672mW VDD_SOC 4199mW/4167mW
08-05-2026 05:33:16 RAM 4354/7620MB (lfb 15x4MB) SWAP 3105/12002MB (cached 58MB) CPU [0%@1728,0%@1728,0%@1728,0%@1728,0%@1728,0%@1728] GR3D_FREQ 99% cpu@72.031C soc2@70.843C soc0@71.437C gpu@74.187C tj@74.187C soc1@72.062C VDD_IN 17352mW/17383mW VDD_CPU_GPU_CV 7568mW/7672mW VDD_SOC 4199mW/4167mW
08-05-2026 05:33:16 RAM 4354/7620MB (lfb 15x4MB) SWAP 3105/12002MB (cached 58MB) CPU [0%@1728,0%@1728,0%@1728,0%@1728,0%@1728,0%@1728] GR3D_FREQ 99% cpu@72.031C soc2@70.781C soc0@71.531C gpu@73.875C tj@73.875C soc1@72.031C VDD_IN 17352mW/17383mW VDD_CPU_GPU_CV 7568mW/7672mW VDD_SOC 4199mW/4167mW
08-05-2026 05:33:16 RAM 4354/7620MB (lfb 15x4MB) SWAP 3105/12002MB (cached 58MB) CPU [0%@1728,0%@1728,0%@1728,0%@1728,0%@1728,0%@1728] GR3D_FREQ 99% cpu@72.125C soc2@70.75C soc0@71.312C gpu@73.812C tj@73.812C soc1@71.875C VDD_IN 17352mW/17383mW VDD_CPU_GPU_CV 7568mW/7672mW VDD_SOC 4199mW/4167mW
08-05-2026 05:33:16 RAM 4354/7620MB (lfb 15x4MB) SWAP 3105/12002MB (cached 58MB) CPU [0%@1728,0%@1728,0%@1728,9%@1728,0%@1728,0%@1728] GR3D_FREQ 99% cpu@71.937C soc2@70.781C soc0@71.343C gpu@73.906C tj@73.906C soc1@71.937C VDD_IN 17311mW/17382mW VDD_CPU_GPU_CV 7568mW/7672mW VDD_SOC 4199mW/4167mW
08-05-2026 05:33:16 RAM 4354/7620MB (lfb 15x4MB) SWAP 3105/12002MB (cached 58MB) CPU [0%@1728,9%@1728,0%@1728,10%@1728,9%@1728,0%@1728] GR3D_FREQ 99% cpu@71.843C soc2@70.812C soc0@71.437C gpu@73.718C tj@73.718C soc1@72C VDD_IN 17271mW/17382mW VDD_CPU_GPU_CV 7527mW/7672mW VDD_SOC 4199mW/4167mW
08-05-2026 05:33:16 RAM 4354/7620MB (lfb 15x4MB) SWAP 3105/12002MB (cached 58MB) CPU [0%@1728,0%@1728,0%@1728,0%@1728,9%@1728,0%@1728] GR3D_FREQ 99% cpu@72C soc2@70.843C soc0@71.375C gpu@73.593C tj@73.593C soc1@72.125C VDD_IN 17271mW/17382mW VDD_CPU_GPU_CV 7527mW/7671mW VDD_SOC 4199mW/4167mW
08-05-2026 05:33:16 RAM 4354/7620MB (lfb 15x4MB) SWAP 3105/12002MB (cached 58MB) CPU [0%@1728,0%@1728,0%@1728,0%@1728,9%@1728,0%@1728] GR3D_FREQ 99% cpu@72.125C soc2@70.875C soc0@71.312C gpu@73.687C tj@73.687C soc1@71.906C VDD_IN 17190mW/17382mW VDD_CPU_GPU_CV 7487mW/7671mW VDD_SOC 4159mW/4167mW
08-05-2026 05:33:16 RAM 4354/7620MB (lfb 15x4MB) SWAP 3105/12002MB (cached 58MB) CPU [0%@1728,0%@1728,0%@1728,0%@1728,0%@1728,0%@1728] GR3D_FREQ 99% cpu@72.281C soc2@70.781C soc0@71.375C gpu@73.687C tj@73.687C soc1@71.906C VDD_IN 17190mW/17382mW VDD_CPU_GPU_CV 7527mW/7671mW VDD_SOC 4159mW/4167mW
08-05-2026 05:33:16 RAM 4354/7620MB (lfb 15x4MB) SWAP 3105/12002MB (cached 58MB) CPU [0%@1728,0%@1728,0%@1728,0%@1728,0%@1728,0%@1728] GR3D_FREQ 99% cpu@71.781C soc2@70.781C soc0@71.312C gpu@73.593C tj@73.593C soc1@72.031C VDD_IN 17190mW/17382mW VDD_CPU_GPU_CV 7527mW/7671mW VDD_SOC 4159mW/4167mW
08-05-2026 05:33:16 RAM 4354/7620MB (lfb 15x4MB) SWAP 3105/12002MB (cached 58MB) CPU [15%@1728,0%@1728,0%@1728,0%@1728,0%@1728,0%@1728] GR3D_FREQ 99% cpu@71.937C soc2@70.843C soc0@71.468C gpu@73.968C tj@73.968C soc1@72.031C VDD_IN 17149mW/17381mW VDD_CPU_GPU_CV 7527mW/7671mW VDD_SOC 4119mW/4167mW
08-05-2026 05:33:17 RAM 4354/7620MB (lfb 15x4MB) SWAP 3105/12002MB (cached 58MB) CPU [0%@1728,0%@1728,0%@1728,0%@1728,0%@1728,18%@1728] GR3D_FREQ 99% cpu@72.125C soc2@70.843C soc0@71.5C gpu@73.906C tj@73.906C soc1@72.156C VDD_IN 17190mW/17381mW VDD_CPU_GPU_CV 7527mW/7671mW VDD_SOC 4159mW/4167mW
08-05-2026 05:33:17 RAM 4354/7620MB (lfb 15x4MB) SWAP 3105/12002MB (cached 58MB) CPU [0%@1728,9%@1728,0%@1728,0%@1728,0%@1728,0%@1728] GR3D_FREQ 99% cpu@72.156C soc2@70.781C soc0@71.312C gpu@74C tj@74C soc1@71.906C VDD_IN 17190mW/17381mW VDD_CPU_GPU_CV 7527mW/7671mW VDD_SOC 4159mW/4167mW
08-05-2026 05:33:17 RAM 4354/7620MB (lfb 15x4MB) SWAP 3105/12002MB (cached 58MB) CPU [0%@1728,0%@1728,0%@1728,0%@1728,0%@1728,0%@1728] GR3D_FREQ 99% cpu@71.875C soc2@70.75C soc0@71.312C gpu@73.843C tj@73.843C soc1@71.937C VDD_IN 17190mW/17381mW VDD_CPU_GPU_CV 7527mW/7670mW VDD_SOC 4159mW/4167mW
08-05-2026 05:33:17 RAM 4354/7620MB (lfb 15x4MB) SWAP 3105/12002MB (cached 58MB) CPU [0%@1728,0%@1728,9%@1728,0%@1728,10%@1728,0%@1728] GR3D_FREQ 99% cpu@71.906C soc2@70.781C soc0@71.375C gpu@73.562C tj@73.562C soc1@71.968C VDD_IN 17190mW/17381mW VDD_CPU_GPU_CV 7487mW/7670mW VDD_SOC 4159mW/4167mW
08-05-2026 05:33:17 RAM 4354/7620MB (lfb 15x4MB) SWAP 3105/12002MB (cached 58MB) CPU [0%@1728,0%@1728,0%@1728,0%@1728,0%@1728,0%@1728] GR3D_FREQ 99% cpu@72C soc2@70.937C soc0@71.437C gpu@73.75C tj@73.75C soc1@72.093C VDD_IN 17190mW/17381mW VDD_CPU_GPU_CV 7487mW/7670mW VDD_SOC 4159mW/4167mW
08-05-2026 05:33:17 RAM 4354/7620MB (lfb 15x4MB) SWAP 3105/12002MB (cached 58MB) CPU [0%@1728,0%@1728,0%@1728,0%@1728,0%@1728,0%@1728] GR3D_FREQ 99% cpu@72.218C soc2@70.812C soc0@71.343C gpu@73.656C tj@73.656C soc1@71.875C VDD_IN 17190mW/17380mW VDD_CPU_GPU_CV 7487mW/7670mW VDD_SOC 4159mW/4167mW
08-05-2026 05:33:17 RAM 4354/7620MB (lfb 15x4MB) SWAP 3105/12002MB (cached 58MB) CPU [0%@1728,0%@1728,0%@1728,0%@1728,18%@1728,9%@1728] GR3D_FREQ 96% cpu@71.906C soc2@70.812C soc0@71.406C gpu@73.656C tj@73.656C soc1@71.812C VDD_IN 17271mW/17380mW VDD_CPU_GPU_CV 7568mW/7670mW VDD_SOC 4159mW/4167mW
08-05-2026 05:33:17 RAM 4358/7620MB (lfb 15x4MB) SWAP 3105/12002MB (cached 58MB) CPU [10%@1728,9%@1728,9%@1728,0%@1728,0%@1728,0%@1728] GR3D_FREQ 99% cpu@71.875C soc2@70.843C soc0@71.375C gpu@74C tj@74C soc1@72.031C VDD_IN 17392mW/17380mW VDD_CPU_GPU_CV 7596mW/7670mW VDD_SOC 4199mW/4167mW
08-05-2026 05:33:17 RAM 4358/7620MB (lfb 15x4MB) SWAP 3105/12002MB (cached 58MB) CPU [0%@1728,0%@1728,0%@1728,0%@1728,0%@1728,0%@1728] GR3D_FREQ 99% cpu@71.843C soc2@70.906C soc0@71.375C gpu@73.875C tj@73.875C soc1@71.906C VDD_IN 17392mW/17380mW VDD_CPU_GPU_CV 7596mW/7670mW VDD_SOC 4199mW/4167mW
08-05-2026 05:33:18 RAM 4358/7620MB (lfb 15x4MB) SWAP 3105/12002MB (cached 58MB) CPU [0%@1728,0%@1728,0%@1728,0%@1728,0%@1728,0%@1728] GR3D_FREQ 99% cpu@72.031C soc2@70.875C soc0@71.5C gpu@73.906C tj@73.906C soc1@72.187C VDD_IN 17433mW/17380mW VDD_CPU_GPU_CV 7636mW/7670mW VDD_SOC 4199mW/4167mW
08-05-2026 05:33:18 RAM 4358/7620MB (lfb 15x4MB) SWAP 3105/12002MB (cached 58MB) CPU [0%@1728,0%@1728,8%@1728,0%@1728,0%@1728,0%@1728] GR3D_FREQ 99% cpu@72.281C soc2@70.812C soc0@71.281C gpu@73.937C tj@73.937C soc1@71.906C VDD_IN 17392mW/17380mW VDD_CPU_GPU_CV 7636mW/7670mW VDD_SOC 4199mW/4167mW
08-05-2026 05:33:18 RAM 4358/7620MB (lfb 15x4MB) SWAP 3105/12002MB (cached 58MB) CPU [0%@1728,0%@1728,0%@1728,0%@1728,0%@1728,0%@1728] GR3D_FREQ 99% cpu@72C soc2@70.75C soc0@71.343C gpu@73.875C tj@73.875C soc1@71.875C VDD_IN 17433mW/17380mW VDD_CPU_GPU_CV 7636mW/7670mW VDD_SOC 4199mW/4167mW
08-05-2026 05:33:18 RAM 4358/7620MB (lfb 15x4MB) SWAP 3105/12002MB (cached 58MB) CPU [0%@1728,0%@1728,0%@1728,9%@1728,80%@1728,0%@1728] GR3D_FREQ 99% cpu@71.937C soc2@70.781C soc0@71.343C gpu@73.968C tj@73.968C soc1@71.937C VDD_IN 17554mW/17381mW VDD_CPU_GPU_CV 7757mW/7670mW VDD_SOC 4199mW/4167mW
08-05-2026 05:33:18 RAM 4358/7620MB (lfb 15x4MB) SWAP 3105/12002MB (cached 58MB) CPU [8%@1728,0%@1728,0%@1728,0%@1728,0%@1728,10%@1728] GR3D_FREQ 99% cpu@72.093C soc2@70.843C soc0@71.437C gpu@73.875C tj@73.875C soc1@72.125C VDD_IN 17554mW/17381mW VDD_CPU_GPU_CV 7716mW/7670mW VDD_SOC 4199mW/4167mW
08-05-2026 05:33:18 RAM 4358/7620MB (lfb 15x4MB) SWAP 3105/12002MB (cached 58MB) CPU [0%@1728,0%@1728,0%@1728,0%@1728,0%@1728,0%@1728] GR3D_FREQ 99% cpu@72.187C soc2@70.875C soc0@71.25C gpu@73.812C tj@73.812C soc1@71.812C VDD_IN 17513mW/17381mW VDD_CPU_GPU_CV 7676mW/7670mW VDD_SOC 4199mW/4167mW
08-05-2026 05:33:18 RAM 4358/7620MB (lfb 15x4MB) SWAP 3105/12002MB (cached 58MB) CPU [0%@1728,0%@1728,0%@1728,0%@1728,0%@1728,0%@1728] GR3D_FREQ 99% cpu@71.843C soc2@70.843C soc0@71.25C gpu@74C tj@74C soc1@71.875C VDD_IN 17473mW/17381mW VDD_CPU_GPU_CV 7676mW/7670mW VDD_SOC 4199mW/4167mW
08-05-2026 05:33:18 RAM 4358/7620MB (lfb 15x4MB) SWAP 3105/12002MB (cached 58MB) CPU [0%@1728,0%@1728,0%@1728,0%@1728,0%@1728,9%@1728] GR3D_FREQ 99% cpu@71.843C soc2@70.812C soc0@71.375C gpu@73.875C tj@73.875C soc1@71.875C VDD_IN 17433mW/17381mW VDD_CPU_GPU_CV 7688mW/7670mW VDD_SOC 4199mW/4167mW
08-05-2026 05:33:18 RAM 4358/7620MB (lfb 15x4MB) SWAP 3105/12002MB (cached 58MB) CPU [0%@1728,0%@1728,0%@1728,0%@1728,0%@1728,0%@1728] GR3D_FREQ 99% cpu@71.843C soc2@70.843C soc0@71.343C gpu@74C tj@74C soc1@72.031C VDD_IN 17392mW/17381mW VDD_CPU_GPU_CV 7648mW/7670mW VDD_SOC 4199mW/4167mW
08-05-2026 05:33:18 RAM 4358/7620MB (lfb 15x4MB) SWAP 3105/12002MB (cached 58MB) CPU [0%@1728,0%@1728,0%@1728,0%@1728,0%@1728,0%@1728] GR3D_FREQ 99% cpu@72.031C soc2@70.875C soc0@71.375C gpu@73.781C tj@73.781C soc1@71.781C VDD_IN 17392mW/17381mW VDD_CPU_GPU_CV 7596mW/7670mW VDD_SOC 4199mW/4168mW
08-05-2026 05:33:19 RAM 4358/7620MB (lfb 15x4MB) SWAP 3105/12002MB (cached 58MB) CPU [0%@1728,0%@1728,0%@1728,0%@1728,0%@1728,10%@1728] GR3D_FREQ 99% cpu@72.25C soc2@70.687C soc0@71.312C gpu@73.5C tj@73.5C soc1@71.812C VDD_IN 17352mW/17381mW VDD_CPU_GPU_CV 7608mW/7670mW VDD_SOC 4199mW/4168mW
08-05-2026 05:33:19 RAM 4358/7620MB (lfb 15x4MB) SWAP 3105/12002MB (cached 58MB) CPU [0%@1728,0%@1728,0%@1728,0%@1728,0%@1728,0%@1728] GR3D_FREQ 99% cpu@71.875C soc2@70.75C soc0@71.281C gpu@73.843C tj@73.843C soc1@71.875C VDD_IN 17311mW/17381mW VDD_CPU_GPU_CV 7608mW/7670mW VDD_SOC 4159mW/4168mW
08-05-2026 05:33:19 RAM 4358/7620MB (lfb 15x4MB) SWAP 3105/12002MB (cached 58MB) CPU [0%@1728,0%@1728,0%@1728,0%@1728,0%@1728,0%@1728] GR3D_FREQ 99% cpu@71.812C soc2@70.75C soc0@71.343C gpu@73.781C tj@73.781C soc1@71.843C VDD_IN 17271mW/17381mW VDD_CPU_GPU_CV 7648mW/7670mW VDD_SOC 4159mW/4168mW
08-05-2026 05:33:19 RAM 4358/7620MB (lfb 15x4MB) SWAP 3105/12002MB (cached 58MB) CPU [9%@1728,0%@1728,0%@1728,0%@1728,18%@1728,0%@1728] GR3D_FREQ 99% cpu@71.843C soc2@70.781C soc0@71.406C gpu@73.718C tj@73.718C soc1@72C VDD_IN 17271mW/17381mW VDD_CPU_GPU_CV 7648mW/7670mW VDD_SOC 4159mW/4168mW
08-05-2026 05:33:19 RAM 4358/7620MB (lfb 15x4MB) SWAP 3105/12002MB (cached 58MB) CPU [0%@1728,0%@1728,0%@1728,0%@1728,0%@1728,0%@1728] GR3D_FREQ 99% cpu@72.187C soc2@70.812C soc0@71.437C gpu@74C tj@74C soc1@71.75C VDD_IN 17230mW/17381mW VDD_CPU_GPU_CV 7608mW/7669mW VDD_SOC 4119mW/4167mW
08-05-2026 05:33:19 RAM 4358/7620MB (lfb 15x4MB) SWAP 3105/12002MB (cached 58MB) CPU [8%@1728,0%@1728,0%@1728,0%@1728,9%@1728,0%@1728] GR3D_FREQ 99% cpu@71.75C soc2@70.687C soc0@71.125C gpu@73.718C tj@73.718C soc1@71.781C VDD_IN 17190mW/17380mW VDD_CPU_GPU_CV 7608mW/7669mW VDD_SOC 4119mW/4167mW
08-05-2026 05:33:19 RAM 4358/7620MB (lfb 15x4MB) SWAP 3105/12002MB (cached 58MB) CPU [0%@1728,0%@1728,0%@1728,0%@1728,9%@1728,0%@1728] GR3D_FREQ 99% cpu@71.718C soc2@70.625C soc0@71.25C gpu@73.968C tj@73.968C soc1@71.781C VDD_IN 17190mW/17380mW VDD_CPU_GPU_CV 7608mW/7669mW VDD_SOC 4159mW/4167mW
08-05-2026 05:33:19 RAM 4358/7620MB (lfb 15x4MB) SWAP 3105/12002MB (cached 58MB) CPU [0%@1728,0%@1728,0%@1728,0%@1728,0%@1728,0%@1728] GR3D_FREQ 99% cpu@71.875C soc2@70.656C soc0@71.281C gpu@73.75C tj@73.75C soc1@71.937C VDD_IN 17190mW/17380mW VDD_CPU_GPU_CV 7608mW/7669mW VDD_SOC 4159mW/4167mW
08-05-2026 05:33:19 RAM 4358/7620MB (lfb 15x4MB) SWAP 3105/12002MB (cached 58MB) CPU [0%@1728,0%@1728,0%@1728,0%@1728,0%@1728,0%@1728] GR3D_FREQ 99% cpu@71.843C soc2@70.593C soc0@71.437C gpu@73.625C tj@73.625C soc1@72C VDD_IN 17190mW/17380mW VDD_CPU_GPU_CV 7568mW/7669mW VDD_SOC 4159mW/4167mW
08-05-2026 05:33:20 RAM 4358/7620MB (lfb 15x4MB) SWAP 3105/12002MB (cached 58MB) CPU [0%@1728,0%@1728,0%@1728,0%@1728,0%@1728,0%@1728] GR3D_FREQ 99% cpu@71.75C soc2@70.562C soc0@71.343C gpu@73.781C tj@73.781C soc1@71.687C VDD_IN 17230mW/17380mW VDD_CPU_GPU_CV 7608mW/7669mW VDD_SOC 4159mW/4167mW
08-05-2026 05:33:20 RAM 4358/7620MB (lfb 15x4MB) SWAP 3105/12002MB (cached 58MB) CPU [0%@1728,0%@1728,0%@1728,0%@1728,0%@1728,0%@1728] GR3D_FREQ 99% cpu@71.593C soc2@70.718C soc0@71.343C gpu@73.75C tj@73.75C soc1@71.75C VDD_IN 17271mW/17380mW VDD_CPU_GPU_CV 7608mW/7669mW VDD_SOC 4159mW/4167mW
08-05-2026 05:33:20 RAM 4358/7620MB (lfb 15x4MB) SWAP 3105/12002MB (cached 58MB) CPU [0%@1728,0%@1728,0%@1728,0%@1728,0%@1728,0%@1728] GR3D_FREQ 99% cpu@71.75C soc2@70.687C soc0@71.343C gpu@74C tj@74C soc1@71.75C VDD_IN 17311mW/17380mW VDD_CPU_GPU_CV 7608mW/7669mW VDD_SOC 4159mW/4167mW
08-05-2026 05:33:20 RAM 4358/7620MB (lfb 15x4MB) SWAP 3105/12002MB (cached 58MB) CPU [0%@1728,0%@1728,0%@1728,0%@1728,10%@1728,0%@1728] GR3D_FREQ 97% cpu@71.75C soc2@70.781C soc0@71.343C gpu@74C tj@74C soc1@72C VDD_IN 17392mW/17380mW VDD_CPU_GPU_CV 7648mW/7669mW VDD_SOC 4159mW/4167mW
08-05-2026 05:33:20 RAM 4358/7620MB (lfb 15x4MB) SWAP 3105/12002MB (cached 58MB) CPU [0%@1728,0%@1728,8%@1728,0%@1728,18%@1728,0%@1728] GR3D_FREQ 99% cpu@71.843C soc2@70.687C soc0@71.5C gpu@73.687C tj@73.687C soc1@71.968C VDD_IN 17392mW/17380mW VDD_CPU_GPU_CV 7648mW/7669mW VDD_SOC 4199mW/4167mW
08-05-2026 05:33:20 RAM 4359/7620MB (lfb 15x4MB) SWAP 3105/12002MB (cached 58MB) CPU [0%@1728,0%@1728,9%@1728,9%@1728,0%@1728,0%@1728] GR3D_FREQ 99% cpu@71.812C soc2@70.656C soc0@71.218C gpu@74.062C tj@74.062C soc1@71.718C VDD_IN 17392mW/17380mW VDD_CPU_GPU_CV 7648mW/7669mW VDD_SOC 4159mW/4167mW
08-05-2026 05:33:20 RAM 4359/7620MB (lfb 15x4MB) SWAP 3105/12002MB (cached 58MB) CPU [0%@1728,0%@1728,0%@1728,0%@1728,8%@1728,0%@1728] GR3D_FREQ 99% cpu@71.687C soc2@70.687C soc0@71.218C gpu@73.906C tj@73.906C soc1@71.843C VDD_IN 17392mW/17380mW VDD_CPU_GPU_CV 7608mW/7669mW VDD_SOC 4199mW/4167mW
08-05-2026 05:33:20 RAM 4359/7620MB (lfb 15x4MB) SWAP 3105/12002MB (cached 58MB) CPU [0%@1728,0%@1728,0%@1728,0%@1728,0%@1728,0%@1728] GR3D_FREQ 99% cpu@71.781C soc2@70.687C soc0@71.25C gpu@73.781C tj@73.781C soc1@71.875C VDD_IN 17433mW/17380mW VDD_CPU_GPU_CV 7596mW/7669mW VDD_SOC 4199mW/4167mW
08-05-2026 05:33:20 RAM 4359/7620MB (lfb 15x4MB) SWAP 3105/12002MB (cached 58MB) CPU [0%@1728,0%@1728,0%@1728,0%@1728,0%@1728,0%@1728] GR3D_FREQ 99% cpu@71.781C soc2@70.687C soc0@71.375C gpu@74.062C tj@74.062C soc1@71.906C VDD_IN 17433mW/17380mW VDD_CPU_GPU_CV 7596mW/7669mW VDD_SOC 4199mW/4167mW
08-05-2026 05:33:20 RAM 4363/7620MB (lfb 15x4MB) SWAP 3105/12002MB (cached 58MB) CPU [0%@1728,0%@1728,0%@1728,9%@1728,0%@1728,9%@1728] GR3D_FREQ 99% cpu@71.812C soc2@70.812C soc0@71.156C gpu@73.781C tj@73.781C soc1@71.781C VDD_IN 17473mW/17380mW VDD_CPU_GPU_CV 7636mW/7669mW VDD_SOC 4199mW/4168mW
08-05-2026 05:33:21 RAM 4355/7620MB (lfb 15x4MB) SWAP 3105/12002MB (cached 58MB) CPU [0%@1728,0%@1728,0%@1728,10%@1728,18%@1728,0%@1728] GR3D_FREQ 99% cpu@71.656C soc2@70.625C soc0@71.156C gpu@73.687C tj@73.687C soc1@71.687C VDD_IN 17513mW/17380mW VDD_CPU_GPU_CV 7676mW/7669mW VDD_SOC 4199mW/4168mW
08-05-2026 05:33:21 RAM 4355/7620MB (lfb 15x4MB) SWAP 3105/12002MB (cached 58MB) CPU [0%@1728,0%@1728,0%@1728,0%@1728,0%@1728,0%@1728] GR3D_FREQ 99% cpu@71.781C soc2@70.625C soc0@71.156C gpu@74C tj@74C soc1@71.812C VDD_IN 17473mW/17380mW VDD_CPU_GPU_CV 7636mW/7669mW VDD_SOC 4199mW/4168mW
08-05-2026 05:33:21 RAM 4355/7620MB (lfb 15x4MB) SWAP 3105/12002MB (cached 58MB) CPU [0%@1728,0%@1728,0%@1728,0%@1728,0%@1728,0%@1728] GR3D_FREQ 99% cpu@71.625C soc2@70.593C soc0@71.312C gpu@73.75C tj@73.75C soc1@71.875C VDD_IN 17433mW/17380mW VDD_CPU_GPU_CV 7636mW/7669mW VDD_SOC 4199mW/4168mW
08-05-2026 05:33:21 RAM 4355/7620MB (lfb 15x4MB) SWAP 3105/12002MB (cached 58MB) CPU [0%@1728,0%@1728,0%@1728,9%@1728,0%@1728,0%@1728] GR3D_FREQ 99% cpu@71.906C soc2@70.718C soc0@71.343C gpu@74C tj@74C soc1@72C VDD_IN 17392mW/17380mW VDD_CPU_GPU_CV 7648mW/7669mW VDD_SOC 4199mW/4168mW
08-05-2026 05:33:21 RAM 4355/7620MB (lfb 15x4MB) SWAP 3105/12002MB (cached 58MB) CPU [9%@1728,0%@1728,8%@1728,0%@1728,16%@1728,0%@1728] GR3D_FREQ 99% cpu@71.812C soc2@70.5C soc0@71.156C gpu@73.687C tj@73.687C soc1@71.625C VDD_IN 17311mW/17380mW VDD_CPU_GPU_CV 7568mW/7669mW VDD_SOC 4199mW/4168mW
08-05-2026 05:33:21 RAM 4355/7620MB (lfb 15x4MB) SWAP 3105/12002MB (cached 58MB) CPU [0%@1728,8%@1728,0%@1728,0%@1728,0%@1728,0%@1728] GR3D_FREQ 99% cpu@71.625C soc2@70.531C soc0@71.093C gpu@73.562C tj@73.562C soc1@71.656C VDD_IN 17271mW/17380mW VDD_CPU_GPU_CV 7568mW/7669mW VDD_SOC 4159mW/4168mW
08-05-2026 05:33:21 RAM 4355/7620MB (lfb 15x4MB) SWAP 3105/12002MB (cached 58MB) CPU [0%@1728,0%@1728,0%@1728,0%@1728,0%@1728,10%@1728] GR3D_FREQ 99% cpu@71.625C soc2@70.593C soc0@71.187C gpu@74.218C tj@74.218C soc1@71.718C VDD_IN 17230mW/17380mW VDD_CPU_GPU_CV 7608mW/7668mW VDD_SOC 4119mW/4168mW
08-05-2026 05:33:21 RAM 4355/7620MB (lfb 15x4MB) SWAP 3105/12002MB (cached 58MB) CPU [9%@1728,9%@1728,0%@1728,0%@1728,0%@1728,0%@1728] GR3D_FREQ 99% cpu@71.687C soc2@70.562C soc0@71.25C gpu@74C tj@74C soc1@71.875C VDD_IN 17230mW/17380mW VDD_CPU_GPU_CV 7608mW/7668mW VDD_SOC 4119mW/4168mW
08-05-2026 05:33:21 RAM 4355/7620MB (lfb 15x4MB) SWAP 3105/12002MB (cached 58MB) CPU [9%@1728,0%@1728,0%@1728,0%@1728,0%@1728,0%@1728] GR3D_FREQ 99% cpu@71.718C soc2@70.781C soc0@71.125C gpu@73.75C tj@73.75C soc1@71.593C VDD_IN 17271mW/17380mW VDD_CPU_GPU_CV 7608mW/7668mW VDD_SOC 4119mW/4168mW
08-05-2026 05:33:21 RAM 4355/7620MB (lfb 15x4MB) SWAP 3105/12002MB (cached 58MB) CPU [0%@1728,0%@1728,0%@1728,0%@1728,0%@1728,0%@1728] GR3D_FREQ 99% cpu@71.625C soc2@70.5C soc0@71.093C gpu@74C tj@74C soc1@71.625C VDD_IN 17230mW/17379mW VDD_CPU_GPU_CV 7608mW/7668mW VDD_SOC 4159mW/4168mW
08-05-2026 05:33:22 RAM 4355/7620MB (lfb 15x4MB) SWAP 3105/12002MB (cached 58MB) CPU [0%@1728,0%@1728,0%@1728,0%@1728,0%@1728,0%@1728] GR3D_FREQ 99% cpu@71.656C soc2@70.593C soc0@71.062C gpu@73.718C tj@73.718C soc1@71.75C VDD_IN 17230mW/17379mW VDD_CPU_GPU_CV 7568mW/7668mW VDD_SOC 4159mW/4167mW
08-05-2026 05:33:22 RAM 4355/7620MB (lfb 15x4MB) SWAP 3105/12002MB (cached 58MB) CPU [0%@1728,8%@1728,0%@1728,0%@1728,8%@1728,0%@1728] GR3D_FREQ 99% cpu@71.625C soc2@70.531C soc0@71.218C gpu@73.531C tj@73.531C soc1@71.812C VDD_IN 17230mW/17379mW VDD_CPU_GPU_CV 7568mW/7668mW VDD_SOC 4119mW/4167mW
08-05-2026 05:33:22 RAM 4355/7620MB (lfb 15x4MB) SWAP 3105/12002MB (cached 58MB) CPU [0%@1728,0%@1728,0%@1728,0%@1728,10%@1728,0%@1728] GR3D_FREQ 99% cpu@71.593C soc2@70.562C soc0@71.375C gpu@73.781C tj@73.781C soc1@72C VDD_IN 17230mW/17379mW VDD_CPU_GPU_CV 7568mW/7668mW VDD_SOC 4159mW/4167mW
08-05-2026 05:33:22 RAM 4355/7620MB (lfb 15x4MB) SWAP 3105/12002MB (cached 58MB) CPU [0%@1728,0%@1728,0%@1728,0%@1728,11%@1728,0%@1728] GR3D_FREQ 99% cpu@71.687C soc2@70.562C soc0@70.937C gpu@73.531C tj@73.531C soc1@71.625C VDD_IN 17271mW/17379mW VDD_CPU_GPU_CV 7608mW/7668mW VDD_SOC 4159mW/4167mW
08-05-2026 05:33:22 RAM 4355/7620MB (lfb 15x4MB) SWAP 3105/12002MB (cached 58MB) CPU [0%@1728,0%@1728,0%@1728,0%@1728,8%@1728,8%@1728] GR3D_FREQ 99% cpu@71.5C soc2@70.593C soc0@71.031C gpu@73.343C tj@73.343C soc1@71.593C VDD_IN 17311mW/17379mW VDD_CPU_GPU_CV 7608mW/7668mW VDD_SOC 4159mW/4167mW
08-05-2026 05:33:22 RAM 4355/7620MB (lfb 15x4MB) SWAP 3105/12002MB (cached 58MB) CPU [0%@1728,0%@1728,9%@1728,0%@1728,0%@1728,0%@1728] GR3D_FREQ 99% cpu@71.593C soc2@70.562C soc0@71.156C gpu@73.843C tj@73.843C soc1@71.75C VDD_IN 17352mW/17379mW VDD_CPU_GPU_CV 7608mW/7668mW VDD_SOC 4159mW/4167mW
08-05-2026 05:33:22 RAM 4355/7620MB (lfb 15x4MB) SWAP 3105/12002MB (cached 58MB) CPU [0%@1728,0%@1728,0%@1728,0%@1728,0%@1728,8%@1728] GR3D_FREQ 99% cpu@71.718C soc2@70.531C soc0@71.187C gpu@73.562C tj@73.562C soc1@71.875C VDD_IN 17392mW/17379mW VDD_CPU_GPU_CV 7608mW/7668mW VDD_SOC 4159mW/4167mW
08-05-2026 05:33:22 RAM 4355/7620MB (lfb 15x4MB) SWAP 3105/12002MB (cached 58MB) CPU [0%@1728,0%@1728,0%@1728,0%@1728,0%@1728,0%@1728] GR3D_FREQ 99% cpu@71.75C soc2@70.625C soc0@71.093C gpu@73.562C tj@73.562C soc1@71.593C VDD_IN 17392mW/17379mW VDD_CPU_GPU_CV 7608mW/7668mW VDD_SOC 4159mW/4167mW
08-05-2026 05:33:22 RAM 4355/7620MB (lfb 15x4MB) SWAP 3105/12002MB (cached 58MB) CPU [0%@1728,0%@1728,0%@1728,0%@1728,0%@1728,0%@1728] GR3D_FREQ 99% cpu@71.593C soc2@70.468C soc0@71.125C gpu@73.781C tj@73.781C soc1@71.593C VDD_IN 17392mW/17379mW VDD_CPU_GPU_CV 7648mW/7668mW VDD_SOC 4199mW/4167mW
08-05-2026 05:33:23 RAM 4355/7620MB (lfb 15x4MB) SWAP 3105/12002MB (cached 58MB) CPU [0%@1728,0%@1728,0%@1728,0%@1728,9%@1728,0%@1728] GR3D_FREQ 99% cpu@71.5C soc2@70.593C soc0@71.062C gpu@73.531C tj@73.531C soc1@71.625C VDD_IN 17433mW/17379mW VDD_CPU_GPU_CV 7648mW/7668mW VDD_SOC 4199mW/4167mW
08-05-2026 05:33:23 RAM 4355/7620MB (lfb 15x4MB) SWAP 3105/12002MB (cached 58MB) CPU [0%@1728,0%@1728,0%@1728,0%@1728,0%@1728,0%@1728] GR3D_FREQ 99% cpu@71.625C soc2@70.5C soc0@71.156C gpu@73.968C tj@73.968C soc1@71.781C VDD_IN 17433mW/17379mW VDD_CPU_GPU_CV 7648mW/7668mW VDD_SOC 4199mW/4167mW
08-05-2026 05:33:23 RAM 4355/7620MB (lfb 15x4MB) SWAP 3105/12002MB (cached 58MB) CPU [0%@1728,0%@1728,0%@1728,0%@1728,0%@1728,0%@1728] GR3D_FREQ 99% cpu@71.562C soc2@70.625C soc0@71.187C gpu@73.531C tj@73.531C soc1@71.531C VDD_IN 17433mW/17379mW VDD_CPU_GPU_CV 7648mW/7668mW VDD_SOC 4199mW/4168mW
08-05-2026 05:33:23 RAM 4356/7620MB (lfb 15x4MB) SWAP 3105/12002MB (cached 58MB) CPU [0%@1728,0%@1728,0%@1728,0%@1728,0%@1728,0%@1728] GR3D_FREQ 99% cpu@71.781C soc2@70.5C soc0@71.093C gpu@73.468C tj@73.468C soc1@71.625C VDD_IN 17433mW/17379mW VDD_CPU_GPU_CV 7608mW/7668mW VDD_SOC 4199mW/4168mW
08-05-2026 05:33:23 RAM 4356/7620MB (lfb 15x4MB) SWAP 3105/12002MB (cached 58MB) CPU [0%@1728,0%@1728,0%@1728,9%@1728,18%@1728,0%@1728] GR3D_FREQ 99% cpu@71.593C soc2@70.562C soc0@71.031C gpu@74.031C tj@74.031C soc1@71.656C VDD_IN 17392mW/17379mW VDD_CPU_GPU_CV 7608mW/7668mW VDD_SOC 4199mW/4168mW
08-05-2026 05:33:23 RAM 4356/7620MB (lfb 15x4MB) SWAP 3105/12002MB (cached 58MB) CPU [9%@1728,0%@1728,0%@1728,0%@1728,0%@1728,0%@1728] GR3D_FREQ 99% cpu@71.656C soc2@70.5C soc0@71.156C gpu@73.687C tj@73.687C soc1@71.625C VDD_IN 17392mW/17379mW VDD_CPU_GPU_CV 7608mW/7668mW VDD_SOC 4199mW/4168mW
08-05-2026 05:33:23 RAM 4356/7620MB (lfb 15x4MB) SWAP 3105/12002MB (cached 58MB) CPU [0%@1728,0%@1728,9%@1728,0%@1728,0%@1728,18%@1728] GR3D_FREQ 99% cpu@71.625C soc2@70.531C soc0@71.218C gpu@73.531C tj@73.531C soc1@71.875C VDD_IN 17352mW/17379mW VDD_CPU_GPU_CV 7568mW/7667mW VDD_SOC 4199mW/4168mW
08-05-2026 05:33:23 RAM 4356/7620MB (lfb 15x4MB) SWAP 3105/12002MB (cached 58MB) CPU [0%@1728,9%@1728,0%@1728,0%@1728,0%@1728,0%@1728] GR3D_FREQ 99% cpu@71.718C soc2@70.656C soc0@71.281C gpu@73.875C tj@73.875C soc1@71.625C VDD_IN 17311mW/17379mW VDD_CPU_GPU_CV 7568mW/7667mW VDD_SOC 4199mW/4168mW
08-05-2026 05:33:23 RAM 4356/7620MB (lfb 15x4MB) SWAP 3105/12002MB (cached 58MB) CPU [0%@1728,0%@1728,0%@1728,0%@1728,0%@1728,0%@1728] GR3D_FREQ 99% cpu@71.781C soc2@70.531C soc0@71C gpu@73.468C tj@73.468C soc1@71.687C VDD_IN 17311mW/17379mW VDD_CPU_GPU_CV 7568mW/7667mW VDD_SOC 4159mW/4168mW
08-05-2026 05:33:23 RAM 4356/7620MB (lfb 15x4MB) SWAP 3105/12002MB (cached 58MB) CPU [0%@1728,0%@1728,0%@1728,0%@1728,0%@1728,0%@1728] GR3D_FREQ 99% cpu@71.468C soc2@70.562C soc0@71.125C gpu@73.281C tj@73.281C soc1@71.656C VDD_IN 17271mW/17379mW VDD_CPU_GPU_CV 7568mW/7667mW VDD_SOC 4159mW/4168mW
08-05-2026 05:33:24 RAM 4356/7620MB (lfb 15x4MB) SWAP 3105/12002MB (cached 58MB) CPU [0%@1728,0%@1728,0%@1728,0%@1728,0%@1728,0%@1728] GR3D_FREQ 99% cpu@71.593C soc2@70.531C soc0@71.125C gpu@73.562C tj@73.562C soc1@71.75C VDD_IN 17271mW/17379mW VDD_CPU_GPU_CV 7568mW/7667mW VDD_SOC 4159mW/4168mW
08-05-2026 05:33:24 RAM 4359/7620MB (lfb 15x4MB) SWAP 3105/12002MB (cached 58MB) CPU [0%@1728,9%@1728,0%@1728,0%@1728,0%@1728,0%@1728] GR3D_FREQ 99% cpu@71.812C soc2@70.562C soc0@71.218C gpu@73.75C tj@73.75C soc1@71.812C VDD_IN 17271mW/17379mW VDD_CPU_GPU_CV 7608mW/7667mW VDD_SOC 4119mW/4168mW
08-05-2026 05:33:24 RAM 4355/7620MB (lfb 15x4MB) SWAP 3105/12002MB (cached 58MB) CPU [0%@1728,0%@1728,9%@1728,0%@1728,20%@1728,9%@1728] GR3D_FREQ 99% cpu@71.812C soc2@70.562C soc0@70.968C gpu@73.625C tj@73.625C soc1@71.562C VDD_IN 17311mW/17379mW VDD_CPU_GPU_CV 7648mW/7667mW VDD_SOC 4159mW/4168mW
08-05-2026 05:33:24 RAM 4355/7620MB (lfb 15x4MB) SWAP 3105/12002MB (cached 58MB) CPU [9%@1728,0%@1728,0%@1728,8%@1728,16%@1728,0%@1728] GR3D_FREQ 99% cpu@71.687C soc2@70.531C soc0@71.093C gpu@73.531C tj@73.531C soc1@71.687C VDD_IN 17271mW/17379mW VDD_CPU_GPU_CV 7608mW/7667mW VDD_SOC 4159mW/4168mW
08-05-2026 05:33:24 RAM 4355/7620MB (lfb 15x4MB) SWAP 3105/12002MB (cached 58MB) CPU [0%@1728,0%@1728,0%@1728,0%@1728,0%@1728,0%@1728] GR3D_FREQ 99% cpu@71.593C soc2@70.531C soc0@71.125C gpu@73.531C tj@73.531C soc1@71.718C VDD_IN 17271mW/17378mW VDD_CPU_GPU_CV 7568mW/7667mW VDD_SOC 4159mW/4168mW
08-05-2026 05:33:24 RAM 4355/7620MB (lfb 15x4MB) SWAP 3105/12002MB (cached 58MB) CPU [0%@1728,9%@1728,0%@1728,0%@1728,0%@1728,0%@1728] GR3D_FREQ 99% cpu@71.687C soc2@70.593C soc0@71.156C gpu@73.406C tj@73.406C soc1@71.781C VDD_IN 17190mW/17378mW VDD_CPU_GPU_CV 7568mW/7667mW VDD_SOC 4159mW/4168mW
08-05-2026 05:33:24 RAM 4355/7620MB (lfb 15x4MB) SWAP 3105/12002MB (cached 58MB) CPU [0%@1728,0%@1728,0%@1728,0%@1728,0%@1728,0%@1728] GR3D_FREQ 99% cpu@71.718C soc2@70.625C soc0@71.437C gpu@73.468C tj@73.468C soc1@71.625C VDD_IN 17230mW/17378mW VDD_CPU_GPU_CV 7568mW/7667mW VDD_SOC 4119mW/4168mW
08-05-2026 05:33:24 RAM 4355/7620MB (lfb 15x4MB) SWAP 3105/12002MB (cached 58MB) CPU [0%@1728,0%@1728,0%@1728,0%@1728,0%@1728,0%@1728] GR3D_FREQ 99% cpu@71.843C soc2@70.468C soc0@71.031C gpu@73.437C tj@73.437C soc1@71.656C VDD_IN 17271mW/17378mW VDD_CPU_GPU_CV 7568mW/7667mW VDD_SOC 4159mW/4168mW
08-05-2026 05:33:24 RAM 4355/7620MB (lfb 15x4MB) SWAP 3105/12002MB (cached 58MB) CPU [0%@1728,0%@1728,9%@1728,0%@1728,10%@1728,0%@1728] GR3D_FREQ 96% cpu@72C soc2@70.531C soc0@71.156C gpu@74C tj@74C soc1@71.687C VDD_IN 17311mW/17378mW VDD_CPU_GPU_CV 7608mW/7667mW VDD_SOC 4159mW/4168mW
08-05-2026 05:33:25 RAM 4355/7620MB (lfb 15x4MB) SWAP 3105/12002MB (cached 58MB) CPU [0%@1728,0%@1728,0%@1728,0%@1728,0%@1728,0%@1728] GR3D_FREQ 99% cpu@71.718C soc2@70.531C soc0@71.093C gpu@73.593C tj@73.593C soc1@71.812C VDD_IN 17352mW/17378mW VDD_CPU_GPU_CV 7648mW/7667mW VDD_SOC 4159mW/4168mW
08-05-2026 05:33:25 RAM 4355/7620MB (lfb 15x4MB) SWAP 3105/12002MB (cached 58MB) CPU [0%@1728,0%@1728,0%@1728,0%@1728,0%@1728,0%@1728] GR3D_FREQ 99% cpu@71.718C soc2@70.656C soc0@71.343C gpu@73.687C tj@73.687C soc1@71.937C VDD_IN 17352mW/17378mW VDD_CPU_GPU_CV 7648mW/7667mW VDD_SOC 4159mW/4167mW
08-05-2026 05:33:25 RAM 4355/7620MB (lfb 15x4MB) SWAP 3105/12002MB (cached 58MB) CPU [9%@1728,0%@1728,9%@1728,0%@1728,9%@1728,0%@1728] GR3D_FREQ 99% cpu@72C soc2@70.593C soc0@71.125C gpu@73.781C tj@73.781C soc1@71.687C VDD_IN 17392mW/17378mW VDD_CPU_GPU_CV 7688mW/7667mW VDD_SOC 4199mW/4168mW
08-05-2026 05:33:25 RAM 4355/7620MB (lfb 15x4MB) SWAP 3105/12002MB (cached 58MB) CPU [0%@1728,0%@1728,0%@1728,0%@1728,0%@1728,0%@1728] GR3D_FREQ 99% cpu@71.718C soc2@70.562C soc0@71.093C gpu@73.562C tj@73.562C soc1@71.718C VDD_IN 17433mW/17378mW VDD_CPU_GPU_CV 7688mW/7667mW VDD_SOC 4199mW/4168mW
08-05-2026 05:33:25 RAM 4355/7620MB (lfb 15x4MB) SWAP 3105/12002MB (cached 58MB) CPU [0%@1728,0%@1728,9%@1728,0%@1728,10%@1728,0%@1728] GR3D_FREQ 99% cpu@71.718C soc2@70.593C soc0@71.312C gpu@73.562C tj@73.562C soc1@71.75C VDD_IN 17352mW/17378mW VDD_CPU_GPU_CV 7648mW/7667mW VDD_SOC 4199mW/4168mW
08-05-2026 05:33:25 RAM 4355/7620MB (lfb 15x4MB) SWAP 3105/12002MB (cached 58MB) CPU [0%@1728,0%@1728,0%@1728,0%@1728,0%@1728,0%@1728] GR3D_FREQ 99% cpu@71.75C soc2@70.656C soc0@71.187C gpu@73.656C tj@73.656C soc1@71.812C VDD_IN 17392mW/17378mW VDD_CPU_GPU_CV 7688mW/7667mW VDD_SOC 4199mW/4168mW
08-05-2026 05:33:25 RAM 4355/7620MB (lfb 15x4MB) SWAP 3105/12002MB (cached 58MB) CPU [0%@1728,0%@1728,0%@1728,0%@1728,18%@1728,9%@1728] GR3D_FREQ 99% cpu@71.843C soc2@70.75C soc0@71.343C gpu@73.625C tj@73.625C soc1@71.656C VDD_IN 17392mW/17378mW VDD_CPU_GPU_CV 7648mW/7667mW VDD_SOC 4199mW/4168mW
08-05-2026 05:33:25 RAM 4355/7620MB (lfb 15x4MB) SWAP 3105/12002MB (cached 58MB) CPU [0%@1728,0%@1728,0%@1728,0%@1728,0%@1728,9%@1728] GR3D_FREQ 99% cpu@71.812C soc2@70.656C soc0@71.156C gpu@73.593C tj@73.593C soc1@71.75C VDD_IN 17392mW/17378mW VDD_CPU_GPU_CV 7648mW/7667mW VDD_SOC 4199mW/4168mW
08-05-2026 05:33:25 RAM 4355/7620MB (lfb 15x4MB) SWAP 3105/12002MB (cached 58MB) CPU [0%@1728,10%@1728,0%@1728,0%@1728,0%@1728,0%@1728] GR3D_FREQ 99% cpu@71.75C soc2@70.593C soc0@71.218C gpu@73.718C tj@73.718C soc1@71.75C VDD_IN 17392mW/17378mW VDD_CPU_GPU_CV 7648mW/7667mW VDD_SOC 4199mW/4168mW
08-05-2026 05:33:25 RAM 4355/7620MB (lfb 15x4MB) SWAP 3105/12002MB (cached 58MB) CPU [0%@1728,0%@1728,0%@1728,0%@1728,0%@1728,0%@1728] GR3D_FREQ 99% cpu@71.781C soc2@70.593C soc0@71.312C gpu@73.687C tj@73.687C soc1@71.812C VDD_IN 17392mW/17378mW VDD_CPU_GPU_CV 7636mW/7666mW VDD_SOC 4199mW/4168mW
08-05-2026 05:33:26 RAM 4355/7620MB (lfb 15x4MB) SWAP 3105/12002MB (cached 58MB) CPU [0%@1728,0%@1728,0%@1728,0%@1728,0%@1728,0%@1728] GR3D_FREQ 99% cpu@71.843C soc2@70.656C soc0@71.406C gpu@73.75C tj@73.75C soc1@71.968C VDD_IN 17352mW/17378mW VDD_CPU_GPU_CV 7636mW/7666mW VDD_SOC 4199mW/4168mW
08-05-2026 05:33:26 RAM 4355/7620MB (lfb 15x4MB) SWAP 3105/12002MB (cached 58MB) CPU [0%@1728,0%@1728,0%@1728,0%@1728,0%@1728,0%@1728] GR3D_FREQ 99% cpu@71.843C soc2@70.625C soc0@71.093C gpu@73.75C tj@73.75C soc1@71.718C VDD_IN 17352mW/17378mW VDD_CPU_GPU_CV 7596mW/7666mW VDD_SOC 4199mW/4168mW
