08-04-2026 15:31:51 RAM 3823/7620MB (lfb 1x1MB) SWAP 2370/12002MB (cached 117MB) CPU [0%@1728,0%@1728,0%@1728,0%@1728,0%@1728,0%@1728] GR3D_FREQ 0% cpu@56.687C soc2@55.812C soc0@56.531C gpu@56.781C tj@58C soc1@58C VDD_IN 8587mW/8587mW VDD_CPU_GPU_CV 2539mW/2539mW VDD_SOC 2625mW/2625mW
08-04-2026 15:31:51 RAM 3823/7620MB (lfb 1x1MB) SWAP 2370/12002MB (cached 117MB) CPU [0%@1728,0%@1728,0%@1728,0%@1728,0%@1728,0%@1728] GR3D_FREQ 0% cpu@56.718C soc2@55.562C soc0@56.468C gpu@56.625C tj@58.125C soc1@58.125C VDD_IN 8340mW/8464mW VDD_CPU_GPU_CV 2334mW/2437mW VDD_SOC 2625mW/2625mW
08-04-2026 15:31:51 RAM 3823/7620MB (lfb 1x1MB) SWAP 2370/12002MB (cached 117MB) CPU [0%@1728,0%@1728,0%@1728,0%@1728,80%@1728,0%@1728] GR3D_FREQ 8% cpu@56.75C soc2@55.625C soc0@56.531C gpu@56.718C tj@58.156C soc1@58.156C VDD_IN 8381mW/8436mW VDD_CPU_GPU_CV 2375mW/2416mW VDD_SOC 2625mW/2625mW
08-04-2026 15:31:51 RAM 3823/7620MB (lfb 1x1MB) SWAP 2370/12002MB (cached 117MB) CPU [0%@1728,0%@1728,0%@1728,0%@1728,100%@1728,0%@1728] GR3D_FREQ 8% cpu@57.031C soc2@55.656C soc0@56.687C gpu@56.843C tj@58.218C soc1@58.218C VDD_IN 8464mW/8443mW VDD_CPU_GPU_CV 2457mW/2426mW VDD_SOC 2625mW/2625mW
08-04-2026 15:31:52 RAM 3823/7620MB (lfb 1x1MB) SWAP 2370/12002MB (cached 117MB) CPU [0%@1728,0%@1728,0%@1728,0%@1728,100%@1728,0%@1728] GR3D_FREQ 9% cpu@57.156C soc2@55.75C soc0@56.531C gpu@56.718C tj@58.093C soc1@58.093C VDD_IN 8587mW/8472mW VDD_CPU_GPU_CV 2539mW/2449mW VDD_SOC 2625mW/2625mW
08-04-2026 15:31:52 RAM 3823/7620MB (lfb 1x1MB) SWAP 2370/12002MB (cached 117MB) CPU [9%@1728,0%@1728,0%@1728,0%@1728,100%@1728,0%@1728] GR3D_FREQ 9% cpu@57.375C soc2@55.625C soc0@56.468C gpu@56.75C tj@58.031C soc1@58.031C VDD_IN 8669mW/8505mW VDD_CPU_GPU_CV 2621mW/2478mW VDD_SOC 2625mW/2625mW
08-04-2026 15:31:52 RAM 3823/7620MB (lfb 1x1MB) SWAP 2370/12002MB (cached 117MB) CPU [0%@1728,0%@1728,0%@1728,0%@1728,100%@1728,0%@1728] GR3D_FREQ 8% cpu@57C soc2@55.656C soc0@56.593C gpu@56.843C tj@58.187C soc1@58.187C VDD_IN 8710mW/8534mW VDD_CPU_GPU_CV 2662mW/2504mW VDD_SOC 2625mW/2625mW
08-04-2026 15:31:52 RAM 3823/7620MB (lfb 1x1MB) SWAP 2370/12002MB (cached 117MB) CPU [0%@1728,0%@1728,0%@1728,0%@1728,100%@1728,0%@1728] GR3D_FREQ 8% cpu@57.031C soc2@55.625C soc0@56.593C gpu@56.718C tj@58.187C soc1@58.187C VDD_IN 8751mW/8561mW VDD_CPU_GPU_CV 2703mW/2529mW VDD_SOC 2625mW/2625mW
08-04-2026 15:31:52 RAM 3823/7620MB (lfb 1x1MB) SWAP 2370/12002MB (cached 117MB) CPU [0%@1728,0%@1728,0%@1728,0%@1728,100%@1728,0%@1728] GR3D_FREQ 9% cpu@57.093C soc2@55.718C soc0@56.656C gpu@56.937C tj@58.312C soc1@58.312C VDD_IN 8792mW/8587mW VDD_CPU_GPU_CV 2744mW/2553mW VDD_SOC 2625mW/2625mW
08-04-2026 15:31:52 RAM 3823/7620MB (lfb 1x1MB) SWAP 2370/12002MB (cached 117MB) CPU [0%@1728,0%@1728,0%@1728,0%@1728,100%@1728,0%@1728] GR3D_FREQ 10% cpu@57.312C soc2@55.812C soc0@56.531C gpu@56.812C tj@58C soc1@58C VDD_IN 8792mW/8607mW VDD_CPU_GPU_CV 2744mW/2572mW VDD_SOC 2625mW/2625mW
08-04-2026 15:31:52 RAM 3823/7620MB (lfb 1x1MB) SWAP 2370/12002MB (cached 117MB) CPU [0%@1728,0%@1728,0%@1728,0%@1728,100%@1728,0%@1728] GR3D_FREQ 8% cpu@57.5C soc2@55.656C soc0@56.562C gpu@56.781C tj@58.093C soc1@58.093C VDD_IN 8792mW/8624mW VDD_CPU_GPU_CV 2785mW/2591mW VDD_SOC 2625mW/2625mW
08-04-2026 15:31:52 RAM 3823/7620MB (lfb 1x1MB) SWAP 2370/12002MB (cached 117MB) CPU [0%@1728,0%@1728,0%@1728,0%@1728,100%@1728,0%@1728] GR3D_FREQ 9% cpu@57C soc2@55.656C soc0@56.5C gpu@56.875C tj@58.156C soc1@58.156C VDD_IN 8820mW/8640mW VDD_CPU_GPU_CV 2785mW/2607mW VDD_SOC 2625mW/2625mW
08-04-2026 15:31:52 RAM 3823/7620MB (lfb 1x1MB) SWAP 2370/12002MB (cached 117MB) CPU [0%@1728,0%@1728,0%@1728,0%@1728,100%@1728,0%@1728] GR3D_FREQ 8% cpu@57.125C soc2@55.625C soc0@56.625C gpu@56.812C tj@58.218C soc1@58.218C VDD_IN 8833mW/8655mW VDD_CPU_GPU_CV 2785mW/2621mW VDD_SOC 2625mW/2625mW
08-04-2026 15:31:53 RAM 3824/7620MB (lfb 1x1MB) SWAP 2370/12002MB (cached 117MB) CPU [9%@1728,9%@1728,27%@1728,18%@1728,100%@1728,0%@1728] GR3D_FREQ 10% cpu@57.218C soc2@55.843C soc0@56.406C gpu@56.75C tj@58.031C soc1@58.031C VDD_IN 8902mW/8673mW VDD_CPU_GPU_CV 2826mW/2636mW VDD_SOC 2625mW/2625mW
08-04-2026 15:31:53 RAM 3824/7620MB (lfb 1x1MB) SWAP 2370/12002MB (cached 117MB) CPU [0%@1728,0%@1728,0%@1728,0%@1728,100%@1728,0%@1728] GR3D_FREQ 9% cpu@57.343C soc2@55.656C soc0@56.5C gpu@56.875C tj@58.093C soc1@58.093C VDD_IN 8902mW/8688mW VDD_CPU_GPU_CV 2826mW/2648mW VDD_SOC 2625mW/2625mW
08-04-2026 15:31:53 RAM 3824/7620MB (lfb 1x1MB) SWAP 2370/12002MB (cached 117MB) CPU [0%@1728,0%@1728,0%@1728,9%@1728,100%@1728,0%@1728] GR3D_FREQ 8% cpu@57.031C soc2@55.625C soc0@56.531C gpu@56.812C tj@58.156C soc1@58.156C VDD_IN 8902mW/8702mW VDD_CPU_GPU_CV 2826mW/2659mW VDD_SOC 2625mW/2625mW
08-04-2026 15:31:53 RAM 3824/7620MB (lfb 1x1MB) SWAP 2370/12002MB (cached 117MB) CPU [0%@1728,0%@1728,0%@1728,9%@1728,100%@1728,0%@1728] GR3D_FREQ 8% cpu@57.25C soc2@55.687C soc0@56.562C gpu@56.687C tj@58.218C soc1@58.218C VDD_IN 8902mW/8713mW VDD_CPU_GPU_CV 2826mW/2669mW VDD_SOC 2625mW/2625mW
08-04-2026 15:31:53 RAM 3824/7620MB (lfb 1x1MB) SWAP 2370/12002MB (cached 117MB) CPU [0%@1728,0%@1728,0%@1728,0%@1728,100%@1728,0%@1728] GR3D_FREQ 9% cpu@57.281C soc2@55.687C soc0@56.718C gpu@56.875C tj@58.312C soc1@58.312C VDD_IN 8902mW/8724mW VDD_CPU_GPU_CV 2826mW/2678mW VDD_SOC 2625mW/2625mW
08-04-2026 15:31:53 RAM 3801/7620MB (lfb 1x1MB) SWAP 2370/12002MB (cached 117MB) CPU [0%@1728,0%@1728,0%@1728,0%@1728,100%@1728,8%@1728] GR3D_FREQ 10% cpu@57.312C soc2@55.687C soc0@56.5C gpu@56.781C tj@58.187C soc1@58.187C VDD_IN 8902mW/8733mW VDD_CPU_GPU_CV 2826mW/2686mW VDD_SOC 2625mW/2625mW
08-04-2026 15:31:53 RAM 3801/7620MB (lfb 1x1MB) SWAP 2370/12002MB (cached 117MB) CPU [0%@1728,0%@1728,9%@1728,0%@1728,100%@1728,0%@1728] GR3D_FREQ 8% cpu@56.937C soc2@55.781C soc0@56.562C gpu@56.781C tj@58.062C soc1@58.062C VDD_IN 8902mW/8742mW VDD_CPU_GPU_CV 2826mW/2693mW VDD_SOC 2625mW/2625mW
08-04-2026 15:31:53 RAM 3801/7620MB (lfb 1x1MB) SWAP 2370/12002MB (cached 117MB) CPU [0%@1728,0%@1728,0%@1728,0%@1728,100%@1728,0%@1728] GR3D_FREQ 8% cpu@57.062C soc2@55.75C soc0@56.687C gpu@56.875C tj@58.187C soc1@58.187C VDD_IN 8902mW/8749mW VDD_CPU_GPU_CV 2826mW/2699mW VDD_SOC 2625mW/2625mW
08-04-2026 15:31:53 RAM 3801/7620MB (lfb 1x1MB) SWAP 2370/12002MB (cached 117MB) CPU [0%@1728,0%@1728,0%@1728,0%@1728,100%@1728,0%@1728] GR3D_FREQ 9% cpu@57.125C soc2@55.781C soc0@56.625C gpu@56.75C tj@58.312C soc1@58.312C VDD_IN 8902mW/8756mW VDD_CPU_GPU_CV 2826mW/2705mW VDD_SOC 2625mW/2625mW
08-04-2026 15:31:53 RAM 3801/7620MB (lfb 1x1MB) SWAP 2370/12002MB (cached 117MB) CPU [0%@1728,0%@1728,0%@1728,0%@1728,100%@1728,0%@1728] GR3D_FREQ 9% cpu@57.281C soc2@55.718C soc0@56.562C gpu@56.718C tj@58.062C soc1@58.062C VDD_IN 8902mW/8763mW VDD_CPU_GPU_CV 2826mW/2710mW VDD_SOC 2625mW/2625mW
08-04-2026 15:31:54 RAM 3801/7620MB (lfb 1x1MB) SWAP 2370/12002MB (cached 117MB) CPU [9%@1728,0%@1728,8%@1728,0%@1728,100%@1728,0%@1728] GR3D_FREQ 8% cpu@57.468C soc2@55.718C soc0@56.5C gpu@56.781C tj@58.062C soc1@58.062C VDD_IN 8861mW/8767mW VDD_CPU_GPU_CV 2826mW/2715mW VDD_SOC 2625mW/2625mW
08-04-2026 15:31:54 RAM 3801/7620MB (lfb 1x1MB) SWAP 2370/12002MB (cached 117MB) CPU [0%@1728,0%@1728,0%@1728,0%@1728,100%@1728,0%@1728] GR3D_FREQ 9% cpu@57C soc2@55.718C soc0@56.562C gpu@56.781C tj@58.187C soc1@58.187C VDD_IN 8902mW/8772mW VDD_CPU_GPU_CV 2826mW/2719mW VDD_SOC 2625mW/2625mW
08-04-2026 15:31:54 RAM 3801/7620MB (lfb 1x1MB) SWAP 2370/12002MB (cached 117MB) CPU [9%@1728,8%@1728,16%@1728,8%@1728,100%@1728,0%@1728] GR3D_FREQ 8% cpu@57.218C soc2@55.718C soc0@56.625C gpu@57.25C tj@58.218C soc1@58.218C VDD_IN 8902mW/8777mW VDD_CPU_GPU_CV 2826mW/2723mW VDD_SOC 2625mW/2625mW
08-04-2026 15:31:54 RAM 3801/7620MB (lfb 1x1MB) SWAP 2370/12002MB (cached 117MB) CPU [0%@1728,0%@1728,0%@1728,0%@1728,100%@1728,0%@1728] GR3D_FREQ 9% cpu@57.218C soc2@55.781C soc0@56.843C gpu@56.812C tj@58.406C soc1@58.406C VDD_IN 8861mW/8780mW VDD_CPU_GPU_CV 2826mW/2727mW VDD_SOC 2625mW/2625mW
08-04-2026 15:31:54 RAM 3801/7620MB (lfb 1x1MB) SWAP 2370/12002MB (cached 117MB) CPU [9%@1728,0%@1728,0%@1728,0%@1728,100%@1728,0%@1728] GR3D_FREQ 10% cpu@57.375C soc2@55.625C soc0@56.437C gpu@56.812C tj@58.093C soc1@58.093C VDD_IN 8902mW/8785mW VDD_CPU_GPU_CV 2826mW/2731mW VDD_SOC 2625mW/2625mW
08-04-2026 15:31:54 RAM 3801/7620MB (lfb 1x1MB) SWAP 2370/12002MB (cached 117MB) CPU [0%@1728,0%@1728,0%@1728,8%@1728,100%@1728,9%@1728] GR3D_FREQ 8% cpu@56.968C soc2@55.718C soc0@56.531C gpu@56.843C tj@58.093C soc1@58.093C VDD_IN 8861mW/8787mW VDD_CPU_GPU_CV 2826mW/2734mW VDD_SOC 2625mW/2625mW
08-04-2026 15:31:54 RAM 3801/7620MB (lfb 1x1MB) SWAP 2370/12002MB (cached 117MB) CPU [0%@1728,0%@1728,0%@1728,0%@1728,100%@1728,0%@1728] GR3D_FREQ 8% cpu@56.968C soc2@55.75C soc0@56.562C gpu@56.781C tj@58.125C soc1@58.125C VDD_IN 8861mW/8790mW VDD_CPU_GPU_CV 2826mW/2737mW VDD_SOC 2625mW/2625mW
08-04-2026 15:31:54 RAM 3801/7620MB (lfb 1x1MB) SWAP 2370/12002MB (cached 117MB) CPU [0%@1728,0%@1728,0%@1728,0%@1728,100%@1728,0%@1728] GR3D_FREQ 8% cpu@57.25C soc2@55.718C soc0@56.656C gpu@56.781C tj@58.343C soc1@58.343C VDD_IN 8861mW/8792mW VDD_CPU_GPU_CV 2826mW/2740mW VDD_SOC 2625mW/2625mW
08-04-2026 15:31:54 RAM 3801/7620MB (lfb 1x1MB) SWAP 2370/12002MB (cached 117MB) CPU [0%@1728,0%@1728,0%@1728,0%@1728,100%@1728,0%@1728] GR3D_FREQ 9% cpu@57.281C soc2@55.718C soc0@56.531C gpu@56.875C tj@58.093C soc1@58.093C VDD_IN 8861mW/8794mW VDD_CPU_GPU_CV 2826mW/2743mW VDD_SOC 2625mW/2625mW
08-04-2026 15:31:55 RAM 3801/7620MB (lfb 1x1MB) SWAP 2370/12002MB (cached 117MB) CPU [0%@1728,0%@1728,0%@1728,0%@1728,100%@1728,0%@1728] GR3D_FREQ 9% cpu@57.5C soc2@55.656C soc0@56.406C gpu@56.843C tj@58.031C soc1@58.031C VDD_IN 8861mW/8796mW VDD_CPU_GPU_CV 2826mW/2745mW VDD_SOC 2625mW/2625mW
08-04-2026 15:31:55 RAM 3801/7620MB (lfb 1x1MB) SWAP 2370/12002MB (cached 117MB) CPU [16%@1728,0%@1728,0%@1728,0%@1728,100%@1728,0%@1728] GR3D_FREQ 8% cpu@57C soc2@55.718C soc0@56.562C gpu@56.812C tj@58.187C soc1@58.187C VDD_IN 8861mW/8798mW VDD_CPU_GPU_CV 2826mW/2748mW VDD_SOC 2625mW/2625mW
08-04-2026 15:31:55 RAM 3801/7620MB (lfb 1x1MB) SWAP 2370/12002MB (cached 117MB) CPU [0%@1728,16%@1728,8%@1728,0%@1728,100%@1728,0%@1728] GR3D_FREQ 9% cpu@57.156C soc2@55.687C soc0@56.656C gpu@56.906C tj@58.156C soc1@58.156C VDD_IN 8861mW/8800mW VDD_CPU_GPU_CV 2826mW/2750mW VDD_SOC 2625mW/2625mW
08-04-2026 15:31:55 RAM 3802/7620MB (lfb 1x1MB) SWAP 2370/12002MB (cached 117MB) CPU [0%@1728,0%@1728,0%@1728,0%@1728,100%@1728,0%@1728] GR3D_FREQ 8% cpu@57.218C soc2@55.718C soc0@56.468C gpu@56.843C tj@58.062C soc1@58.062C VDD_IN 8861mW/8802mW VDD_CPU_GPU_CV 2826mW/2752mW VDD_SOC 2625mW/2625mW
08-04-2026 15:31:55 RAM 3802/7620MB (lfb 1x1MB) SWAP 2370/12002MB (cached 117MB) CPU [0%@1728,0%@1728,0%@1728,0%@1728,100%@1728,0%@1728] GR3D_FREQ 9% cpu@57.343C soc2@55.656C soc0@56.468C gpu@56.781C tj@58.062C soc1@58.062C VDD_IN 8902mW/8804mW VDD_CPU_GPU_CV 2826mW/2754mW VDD_SOC 2625mW/2625mW
08-04-2026 15:31:55 RAM 3802/7620MB (lfb 1x1MB) SWAP 2370/12002MB (cached 117MB) CPU [0%@1728,0%@1728,0%@1728,0%@1728,100%@1728,0%@1728] GR3D_FREQ 11% cpu@57.031C soc2@55.656C soc0@56.562C gpu@56.875C tj@58.093C soc1@58.093C VDD_IN 8861mW/8806mW VDD_CPU_GPU_CV 2826mW/2756mW VDD_SOC 2625mW/2625mW
08-04-2026 15:31:55 RAM 3802/7620MB (lfb 1x1MB) SWAP 2370/12002MB (cached 117MB) CPU [0%@1728,0%@1728,0%@1728,0%@1728,100%@1728,0%@1728] GR3D_FREQ 9% cpu@57C soc2@55.656C soc0@56.625C gpu@56.781C tj@58.218C soc1@58.218C VDD_IN 8861mW/8807mW VDD_CPU_GPU_CV 2826mW/2758mW VDD_SOC 2625mW/2625mW
08-04-2026 15:31:55 RAM 3802/7620MB (lfb 1x1MB) SWAP 2370/12002MB (cached 117MB) CPU [8%@1728,0%@1728,0%@1728,0%@1728,100%@1728,0%@1728] GR3D_FREQ 8% cpu@57.187C soc2@55.75C soc0@56.687C gpu@56.718C tj@58.312C soc1@58.312C VDD_IN 8861mW/8808mW VDD_CPU_GPU_CV 2826mW/2759mW VDD_SOC 2625mW/2625mW
08-04-2026 15:31:55 RAM 3802/7620MB (lfb 1x1MB) SWAP 2370/12002MB (cached 117MB) CPU [0%@1728,0%@1728,0%@1728,0%@1728,100%@1728,0%@1728] GR3D_FREQ 8% cpu@57.375C soc2@55.656C soc0@56.5C gpu@56.812C tj@58.125C soc1@58.125C VDD_IN 8861mW/8810mW VDD_CPU_GPU_CV 2826mW/2761mW VDD_SOC 2625mW/2625mW
08-04-2026 15:31:55 RAM 3802/7620MB (lfb 1x1MB) SWAP 2370/12002MB (cached 117MB) CPU [0%@1728,0%@1728,0%@1728,0%@1728,100%@1728,0%@1728] GR3D_FREQ 9% cpu@57.062C soc2@55.687C soc0@56.562C gpu@56.687C tj@58.062C soc1@58.062C VDD_IN 8902mW/8812mW VDD_CPU_GPU_CV 2826mW/2763mW VDD_SOC 2625mW/2625mW
08-04-2026 15:31:56 RAM 3802/7620MB (lfb 1x1MB) SWAP 2370/12002MB (cached 117MB) CPU [0%@1728,0%@1728,0%@1728,0%@1728,100%@1728,0%@1728] GR3D_FREQ 11% cpu@57C soc2@55.718C soc0@56.562C gpu@56.906C tj@58.125C soc1@58.125C VDD_IN 8861mW/8813mW VDD_CPU_GPU_CV 2826mW/2764mW VDD_SOC 2625mW/2625mW
08-04-2026 15:31:56 RAM 3802/7620MB (lfb 1x1MB) SWAP 2370/12002MB (cached 117MB) CPU [0%@1728,16%@1728,9%@1728,0%@1728,100%@1728,0%@1728] GR3D_FREQ 8% cpu@57.218C soc2@55.718C soc0@56.687C gpu@56.843C tj@58.218C soc1@58.218C VDD_IN 8902mW/8815mW VDD_CPU_GPU_CV 2826mW/2765mW VDD_SOC 2625mW/2625mW
08-04-2026 15:31:56 RAM 3808/7620MB (lfb 1x1MB) SWAP 2370/12002MB (cached 117MB) CPU [0%@1728,0%@1728,10%@1728,20%@1728,100%@1728,0%@1728] GR3D_FREQ 8% cpu@57.312C soc2@55.812C soc0@56.437C gpu@56.75C tj@58.062C soc1@58.062C VDD_IN 8984mW/8819mW VDD_CPU_GPU_CV 2867mW/2768mW VDD_SOC 2625mW/2625mW
08-04-2026 15:31:56 RAM 3808/7620MB (lfb 1x1MB) SWAP 2370/12002MB (cached 117MB) CPU [0%@1728,0%@1728,0%@1728,0%@1728,100%@1728,0%@1728] GR3D_FREQ 9% cpu@57.468C soc2@55.656C soc0@56.437C gpu@56.906C tj@58.093C soc1@58.093C VDD_IN 8943mW/8822mW VDD_CPU_GPU_CV 2867mW/2770mW VDD_SOC 2625mW/2625mW
08-04-2026 15:31:56 RAM 3808/7620MB (lfb 1x1MB) SWAP 2370/12002MB (cached 117MB) CPU [0%@1728,9%@1728,0%@1728,0%@1728,100%@1728,0%@1728] GR3D_FREQ 10% cpu@57.031C soc2@55.593C soc0@56.593C gpu@56.781C tj@58.062C soc1@58.156C VDD_IN 8943mW/8824mW VDD_CPU_GPU_CV 2867mW/2772mW VDD_SOC 2625mW/2625mW
08-04-2026 15:31:56 RAM 3808/7620MB (lfb 1x1MB) SWAP 2370/12002MB (cached 117MB) CPU [0%@1728,0%@1728,0%@1728,0%@1728,100%@1728,0%@1728] GR3D_FREQ 9% cpu@57C soc2@55.781C soc0@56.687C gpu@56.781C tj@58.218C soc1@58.218C VDD_IN 8902mW/8826mW VDD_CPU_GPU_CV 2867mW/2774mW VDD_SOC 2625mW/2625mW
08-04-2026 15:31:56 RAM 3808/7620MB (lfb 1x1MB) SWAP 2370/12002MB (cached 117MB) CPU [0%@1728,0%@1728,0%@1728,0%@1728,100%@1728,0%@1728] GR3D_FREQ 9% cpu@57.281C soc2@55.812C soc0@56.75C gpu@56.906C tj@58.343C soc1@58.343C VDD_IN 8902mW/8827mW VDD_CPU_GPU_CV 2826mW/2775mW VDD_SOC 2625mW/2625mW
08-04-2026 15:31:56 RAM 3808/7620MB (lfb 1x1MB) SWAP 2370/12002MB (cached 117MB) CPU [9%@1728,0%@1728,0%@1728,9%@1728,100%@1728,0%@1728] GR3D_FREQ 8% cpu@57.343C soc2@55.687C soc0@56.5C gpu@56.843C tj@58.093C soc1@58.093C VDD_IN 8902mW/8829mW VDD_CPU_GPU_CV 2826mW/2776mW VDD_SOC 2625mW/2625mW
08-04-2026 15:31:56 RAM 3808/7620MB (lfb 1x1MB) SWAP 2370/12002MB (cached 117MB) CPU [0%@1728,0%@1728,0%@1728,0%@1728,100%@1728,0%@1728] GR3D_FREQ 9% cpu@57.062C soc2@55.687C soc0@56.593C gpu@56.75C tj@58.156C soc1@58.156C VDD_IN 8902mW/8830mW VDD_CPU_GPU_CV 2826mW/2777mW VDD_SOC 2625mW/2625mW
08-04-2026 15:31:57 RAM 3808/7620MB (lfb 1x1MB) SWAP 2370/12002MB (cached 117MB) CPU [9%@1728,0%@1728,9%@1728,0%@1728,100%@1728,0%@1728] GR3D_FREQ 10% cpu@57C soc2@55.687C soc0@56.625C gpu@56.906C tj@58.125C soc1@58.125C VDD_IN 8902mW/8832mW VDD_CPU_GPU_CV 2826mW/2778mW VDD_SOC 2625mW/2625mW
08-04-2026 15:31:57 RAM 3808/7620MB (lfb 1x1MB) SWAP 2370/12002MB (cached 117MB) CPU [0%@1728,0%@1728,0%@1728,8%@1728,100%@1728,0%@1728] GR3D_FREQ 8% cpu@57.281C soc2@55.656C soc0@56.687C gpu@56.781C tj@58.187C soc1@58.187C VDD_IN 8902mW/8833mW VDD_CPU_GPU_CV 2826mW/2779mW VDD_SOC 2625mW/2625mW
08-04-2026 15:31:57 RAM 3808/7620MB (lfb 1x1MB) SWAP 2370/12002MB (cached 117MB) CPU [20%@1728,0%@1728,0%@1728,0%@1728,100%@1728,0%@1728] GR3D_FREQ 8% cpu@57.375C soc2@55.812C soc0@56.562C gpu@56.937C tj@58.031C soc1@58.031C VDD_IN 8902mW/8834mW VDD_CPU_GPU_CV 2867mW/2780mW VDD_SOC 2625mW/2625mW
08-04-2026 15:31:57 RAM 3808/7620MB (lfb 1x1MB) SWAP 2370/12002MB (cached 117MB) CPU [0%@1728,0%@1728,0%@1728,0%@1728,100%@1728,0%@1728] GR3D_FREQ 8% cpu@57.468C soc2@55.687C soc0@56.468C gpu@56.843C tj@58.062C soc1@58.062C VDD_IN 8902mW/8835mW VDD_CPU_GPU_CV 2867mW/2782mW VDD_SOC 2625mW/2625mW
08-04-2026 15:31:57 RAM 3808/7620MB (lfb 1x1MB) SWAP 2370/12002MB (cached 117MB) CPU [8%@1728,0%@1728,0%@1728,0%@1728,100%@1728,0%@1728] GR3D_FREQ 9% cpu@57C soc2@55.687C soc0@56.531C gpu@56.75C tj@58.156C soc1@58.156C VDD_IN 8902mW/8837mW VDD_CPU_GPU_CV 2826mW/2783mW VDD_SOC 2625mW/2625mW
08-04-2026 15:31:57 RAM 3808/7620MB (lfb 1x1MB) SWAP 2370/12002MB (cached 117MB) CPU [0%@1728,0%@1728,0%@1728,0%@1728,100%@1728,0%@1728] GR3D_FREQ 10% cpu@57.218C soc2@55.781C soc0@56.75C gpu@56.906C tj@58.187C soc1@58.187C VDD_IN 8902mW/8838mW VDD_CPU_GPU_CV 2826mW/2784mW VDD_SOC 2625mW/2625mW
08-04-2026 15:31:57 RAM 3808/7620MB (lfb 1x1MB) SWAP 2370/12002MB (cached 117MB) CPU [0%@1728,9%@1728,0%@1728,0%@1728,100%@1728,0%@1728] GR3D_FREQ 8% cpu@57.25C soc2@55.718C soc0@56.75C gpu@56.906C tj@58.062C soc1@58.062C VDD_IN 8902mW/8839mW VDD_CPU_GPU_CV 2826mW/2784mW VDD_SOC 2625mW/2625mW
08-04-2026 15:31:57 RAM 3808/7620MB (lfb 1x1MB) SWAP 2370/12002MB (cached 117MB) CPU [0%@1728,0%@1728,0%@1728,0%@1728,100%@1728,0%@1728] GR3D_FREQ 9% cpu@57.375C soc2@55.781C soc0@56.468C gpu@56.781C tj@58.093C soc1@58.093C VDD_IN 8902mW/8840mW VDD_CPU_GPU_CV 2826mW/2785mW VDD_SOC 2625mW/2625mW
08-04-2026 15:31:57 RAM 3808/7620MB (lfb 1x1MB) SWAP 2370/12002MB (cached 117MB) CPU [0%@1728,0%@1728,0%@1728,0%@1728,100%@1728,0%@1728] GR3D_FREQ 8% cpu@57.062C soc2@55.625C soc0@56.593C gpu@56.937C tj@58.062C soc1@58.062C VDD_IN 8861mW/8840mW VDD_CPU_GPU_CV 2826mW/2786mW VDD_SOC 2625mW/2625mW
08-04-2026 15:31:57 RAM 3808/7620MB (lfb 1x1MB) SWAP 2370/12002MB (cached 117MB) CPU [0%@1728,0%@1728,0%@1728,0%@1728,100%@1728,0%@1728] GR3D_FREQ 9% cpu@57C soc2@55.781C soc0@56.562C gpu@56.843C tj@58.125C soc1@58.125C VDD_IN 8861mW/8841mW VDD_CPU_GPU_CV 2826mW/2786mW VDD_SOC 2625mW/2625mW
08-04-2026 15:31:58 RAM 3808/7620MB (lfb 1x1MB) SWAP 2370/12002MB (cached 117MB) CPU [0%@1728,0%@1728,0%@1728,0%@1728,100%@1728,0%@1728] GR3D_FREQ 9% cpu@57.218C soc2@55.812C soc0@56.656C gpu@56.843C tj@58.25C soc1@58.25C VDD_IN 8861mW/8841mW VDD_CPU_GPU_CV 2826mW/2787mW VDD_SOC 2625mW/2625mW
08-04-2026 15:31:58 RAM 3808/7620MB (lfb 1x1MB) SWAP 2370/12002MB (cached 117MB) CPU [0%@1728,0%@1728,0%@1728,0%@1728,100%@1728,0%@1728] GR3D_FREQ 8% cpu@57.281C soc2@55.812C soc0@56.531C gpu@56.875C tj@58C soc1@58C VDD_IN 8902mW/8842mW VDD_CPU_GPU_CV 2826mW/2788mW VDD_SOC 2625mW/2625mW
08-04-2026 15:31:58 RAM 3808/7620MB (lfb 1x1MB) SWAP 2370/12002MB (cached 117MB) CPU [0%@1728,0%@1728,0%@1728,9%@1728,100%@1728,0%@1728] GR3D_FREQ 8% cpu@57.531C soc2@55.687C soc0@56.531C gpu@56.781C tj@58.062C soc1@58.062C VDD_IN 8861mW/8842mW VDD_CPU_GPU_CV 2826mW/2788mW VDD_SOC 2625mW/2625mW
08-04-2026 15:31:58 RAM 3808/7620MB (lfb 1x1MB) SWAP 2370/12002MB (cached 117MB) CPU [0%@1728,0%@1728,0%@1728,0%@1728,100%@1728,0%@1728] GR3D_FREQ 8% cpu@57.062C soc2@55.75C soc0@56.593C gpu@56.781C tj@58.093C soc1@58.125C VDD_IN 8861mW/8843mW VDD_CPU_GPU_CV 2826mW/2789mW VDD_SOC 2625mW/2625mW
08-04-2026 15:31:58 RAM 3808/7620MB (lfb 1x1MB) SWAP 2370/12002MB (cached 117MB) CPU [0%@1728,0%@1728,0%@1728,0%@1728,100%@1728,0%@1728] GR3D_FREQ 9% cpu@57.031C soc2@55.718C soc0@56.593C gpu@56.875C tj@58.218C soc1@58.218C VDD_IN 8861mW/8843mW VDD_CPU_GPU_CV 2826mW/2789mW VDD_SOC 2625mW/2625mW
08-04-2026 15:31:58 RAM 3808/7620MB (lfb 1x1MB) SWAP 2370/12002MB (cached 117MB) CPU [8%@1728,0%@1728,23%@1728,0%@1728,100%@1728,0%@1728] GR3D_FREQ 9% cpu@57.312C soc2@55.812C soc0@56.75C gpu@56.812C tj@57.968C soc1@57.968C VDD_IN 8861mW/8843mW VDD_CPU_GPU_CV 2826mW/2790mW VDD_SOC 2625mW/2625mW
08-04-2026 15:31:58 RAM 3808/7620MB (lfb 1x1MB) SWAP 2370/12002MB (cached 117MB) CPU [0%@1728,0%@1728,0%@1728,0%@1728,100%@1728,0%@1728] GR3D_FREQ 8% cpu@57.437C soc2@55.593C soc0@56.562C gpu@57C tj@58C soc1@58C VDD_IN 8861mW/8843mW VDD_CPU_GPU_CV 2826mW/2790mW VDD_SOC 2625mW/2625mW
08-04-2026 15:31:58 RAM 3808/7620MB (lfb 1x1MB) SWAP 2370/12002MB (cached 117MB) CPU [0%@1728,0%@1728,0%@1728,0%@1728,100%@1728,0%@1728] GR3D_FREQ 9% cpu@57.093C soc2@55.656C soc0@56.5C gpu@56.843C tj@58.062C soc1@58.062C VDD_IN 8861mW/8844mW VDD_CPU_GPU_CV 2826mW/2791mW VDD_SOC 2625mW/2625mW
08-04-2026 15:31:58 RAM 3808/7620MB (lfb 1x1MB) SWAP 2370/12002MB (cached 117MB) CPU [0%@1728,8%@1728,0%@1728,0%@1728,100%@1728,0%@1728] GR3D_FREQ 8% cpu@57C soc2@55.812C soc0@56.656C gpu@56.781C tj@58.156C soc1@58.156C VDD_IN 8861mW/8844mW VDD_CPU_GPU_CV 2826mW/2791mW VDD_SOC 2625mW/2625mW
08-04-2026 15:31:59 RAM 3808/7620MB (lfb 1x1MB) SWAP 2370/12002MB (cached 117MB) CPU [0%@1728,0%@1728,0%@1728,0%@1728,100%@1728,0%@1728] GR3D_FREQ 10% cpu@57.218C soc2@55.75C soc0@56.781C gpu@56.937C tj@58.375C soc1@58.375C VDD_IN 8861mW/8844mW VDD_CPU_GPU_CV 2826mW/2792mW VDD_SOC 2625mW/2625mW
08-04-2026 15:31:59 RAM 3808/7620MB (lfb 1x1MB) SWAP 2370/12002MB (cached 117MB) CPU [0%@1728,0%@1728,0%@1728,0%@1728,100%@1728,0%@1728] GR3D_FREQ 9% cpu@57.281C soc2@55.625C soc0@56.5C gpu@56.875C tj@58.031C soc1@58.031C VDD_IN 8861mW/8844mW VDD_CPU_GPU_CV 2826mW/2792mW VDD_SOC 2625mW/2625mW
08-04-2026 15:31:59 RAM 3808/7620MB (lfb 1x1MB) SWAP 2370/12002MB (cached 117MB) CPU [0%@1728,0%@1728,9%@1728,0%@1728,100%@1728,8%@1728] GR3D_FREQ 8% cpu@57C soc2@55.625C soc0@56.531C gpu@56.843C tj@58C soc1@58C VDD_IN 8861mW/8845mW VDD_CPU_GPU_CV 2826mW/2793mW VDD_SOC 2625mW/2625mW
08-04-2026 15:31:59 RAM 3808/7620MB (lfb 1x1MB) SWAP 2370/12002MB (cached 117MB) CPU [0%@1728,9%@1728,0%@1728,0%@1728,100%@1728,0%@1728] GR3D_FREQ 8% cpu@57.031C soc2@55.718C soc0@56.593C gpu@56.906C tj@58.187C soc1@58.187C VDD_IN 8861mW/8845mW VDD_CPU_GPU_CV 2826mW/2793mW VDD_SOC 2625mW/2625mW
08-04-2026 15:31:59 RAM 3809/7620MB (lfb 1x1MB) SWAP 2370/12002MB (cached 117MB) CPU [16%@1728,9%@1728,9%@1728,0%@1728,100%@1728,0%@1728] GR3D_FREQ 9% cpu@57.218C soc2@55.75C soc0@56.687C gpu@56.812C tj@58.281C soc1@58.281C VDD_IN 8861mW/8845mW VDD_CPU_GPU_CV 2867mW/2794mW VDD_SOC 2625mW/2625mW
08-04-2026 15:31:59 RAM 3812/7620MB (lfb 1x1MB) SWAP 2370/12002MB (cached 117MB) CPU [10%@1728,0%@1728,0%@1728,0%@1728,100%@1728,0%@1728] GR3D_FREQ 10% cpu@57.25C soc2@55.718C soc0@56.468C gpu@56.843C tj@58.031C soc1@58.093C VDD_IN 8943mW/8846mW VDD_CPU_GPU_CV 2908mW/2796mW VDD_SOC 2625mW/2625mW
08-04-2026 15:31:59 RAM 3812/7620MB (lfb 1x1MB) SWAP 2370/12002MB (cached 117MB) CPU [0%@1728,0%@1728,0%@1728,8%@1728,100%@1728,0%@1728] GR3D_FREQ 8% cpu@57.5C soc2@55.593C soc0@56.531C gpu@57.25C tj@58.125C soc1@58.125C VDD_IN 8943mW/8848mW VDD_CPU_GPU_CV 2867mW/2797mW VDD_SOC 2625mW/2625mW
08-04-2026 15:31:59 RAM 3812/7620MB (lfb 1x1MB) SWAP 2370/12002MB (cached 117MB) CPU [0%@1728,0%@1728,0%@1728,0%@1728,100%@1728,0%@1728] GR3D_FREQ 8% cpu@57C soc2@55.687C soc0@56.562C gpu@56.906C tj@58.093C soc1@58.093C VDD_IN 8902mW/8848mW VDD_CPU_GPU_CV 2867mW/2798mW VDD_SOC 2625mW/2625mW
08-04-2026 15:31:59 RAM 3812/7620MB (lfb 1x1MB) SWAP 2370/12002MB (cached 117MB) CPU [0%@1728,9%@1728,0%@1728,0%@1728,100%@1728,0%@1728] GR3D_FREQ 9% cpu@57.187C soc2@55.75C soc0@56.593C gpu@56.75C tj@58.187C soc1@58.187C VDD_IN 8902mW/8849mW VDD_CPU_GPU_CV 2867mW/2798mW VDD_SOC 2625mW/2625mW
08-04-2026 15:31:59 RAM 3812/7620MB (lfb 1x1MB) SWAP 2370/12002MB (cached 117MB) CPU [0%@1728,0%@1728,0%@1728,0%@1728,100%@1728,0%@1728] GR3D_FREQ 9% cpu@57.156C soc2@55.812C soc0@56.531C gpu@56.906C tj@58.031C soc1@58.031C VDD_IN 8902mW/8850mW VDD_CPU_GPU_CV 2867mW/2799mW VDD_SOC 2625mW/2625mW
08-04-2026 15:32:00 RAM 3812/7620MB (lfb 1x1MB) SWAP 2370/12002MB (cached 117MB) CPU [0%@1728,0%@1728,9%@1728,0%@1728,90%@1728,0%@1728] GR3D_FREQ 9% cpu@57.5C soc2@55.687C soc0@56.531C gpu@56.906C tj@58.093C soc1@58.093C VDD_IN 8902mW/8850mW VDD_CPU_GPU_CV 2867mW/2800mW VDD_SOC 2625mW/2625mW
08-04-2026 15:32:00 RAM 3811/7620MB (lfb 1x1MB) SWAP 2370/12002MB (cached 117MB) CPU [0%@1728,0%@1728,0%@1728,0%@1728,100%@1728,0%@1728] GR3D_FREQ 9% cpu@57.031C soc2@55.718C soc0@56.593C gpu@56.718C tj@58.156C soc1@58.156C VDD_IN 8902mW/8851mW VDD_CPU_GPU_CV 2867mW/2801mW VDD_SOC 2625mW/2625mW
08-04-2026 15:32:00 RAM 3811/7620MB (lfb 1x1MB) SWAP 2370/12002MB (cached 117MB) CPU [0%@1728,9%@1728,0%@1728,0%@1728,100%@1728,0%@1728] GR3D_FREQ 8% cpu@57.218C soc2@55.718C soc0@56.656C gpu@56.843C tj@58.187C soc1@58.187C VDD_IN 8902mW/8851mW VDD_CPU_GPU_CV 2867mW/2802mW VDD_SOC 2625mW/2625mW
08-04-2026 15:32:00 RAM 3811/7620MB (lfb 1x1MB) SWAP 2370/12002MB (cached 117MB) CPU [0%@1728,0%@1728,0%@1728,0%@1728,100%@1728,0%@1728] GR3D_FREQ 9% cpu@57.25C soc2@55.812C soc0@56.75C gpu@56.812C tj@58.375C soc1@58.375C VDD_IN 8902mW/8852mW VDD_CPU_GPU_CV 2867mW/2803mW VDD_SOC 2625mW/2625mW
08-04-2026 15:32:00 RAM 3812/7620MB (lfb 1x1MB) SWAP 2370/12002MB (cached 117MB) CPU [9%@1728,0%@1728,0%@1728,0%@1728,100%@1728,0%@1728] GR3D_FREQ 10% cpu@57.375C soc2@55.812C soc0@56.593C gpu@56.718C tj@58C soc1@58C VDD_IN 8861mW/8852mW VDD_CPU_GPU_CV 2826mW/2803mW VDD_SOC 2625mW/2625mW
08-04-2026 15:32:00 RAM 3812/7620MB (lfb 1x1MB) SWAP 2370/12002MB (cached 117MB) CPU [0%@1728,0%@1728,0%@1728,0%@1728,100%@1728,0%@1728] GR3D_FREQ 8% cpu@57.5C soc2@55.687C soc0@56.5C gpu@56.875C tj@57.968C soc1@57.968C VDD_IN 8902mW/8853mW VDD_CPU_GPU_CV 2826mW/2803mW VDD_SOC 2625mW/2625mW
08-04-2026 15:32:00 RAM 3812/7620MB (lfb 1x1MB) SWAP 2370/12002MB (cached 117MB) CPU [0%@1728,16%@1728,0%@1728,0%@1728,100%@1728,0%@1728] GR3D_FREQ 8% cpu@57C soc2@55.718C soc0@56.656C gpu@56.812C tj@58.25C soc1@58.25C VDD_IN 8861mW/8853mW VDD_CPU_GPU_CV 2826mW/2803mW VDD_SOC 2625mW/2625mW
08-04-2026 15:32:00 RAM 3812/7620MB (lfb 1x1MB) SWAP 2370/12002MB (cached 117MB) CPU [0%@1728,0%@1728,0%@1728,0%@1728,100%@1728,0%@1728] GR3D_FREQ 8% cpu@57.187C soc2@55.781C soc0@56.687C gpu@56.656C tj@58.25C soc1@58.25C VDD_IN 8861mW/8853mW VDD_CPU_GPU_CV 2826mW/2804mW VDD_SOC 2625mW/2625mW
08-04-2026 15:32:00 RAM 3812/7620MB (lfb 1x1MB) SWAP 2370/12002MB (cached 117MB) CPU [0%@1728,0%@1728,0%@1728,0%@1728,100%@1728,0%@1728] GR3D_FREQ 9% cpu@57.281C soc2@55.718C soc0@56.531C gpu@56.843C tj@58C soc1@58C VDD_IN 8861mW/8853mW VDD_CPU_GPU_CV 2826mW/2804mW VDD_SOC 2625mW/2625mW
08-04-2026 15:32:01 RAM 3812/7620MB (lfb 1x1MB) SWAP 2370/12002MB (cached 117MB) CPU [0%@1728,0%@1728,0%@1728,0%@1728,100%@1728,0%@1728] GR3D_FREQ 10% cpu@57.437C soc2@55.687C soc0@56.562C gpu@56.718C tj@58.062C soc1@58.062C VDD_IN 8861mW/8853mW VDD_CPU_GPU_CV 2826mW/2804mW VDD_SOC 2625mW/2625mW
08-04-2026 15:32:01 RAM 3812/7620MB (lfb 1x1MB) SWAP 2370/12002MB (cached 117MB) CPU [8%@1728,0%@1728,9%@1728,0%@1728,100%@1728,0%@1728] GR3D_FREQ 8% cpu@56.968C soc2@55.656C soc0@56.562C gpu@56.718C tj@58.125C soc1@58.125C VDD_IN 8861mW/8853mW VDD_CPU_GPU_CV 2826mW/2804mW VDD_SOC 2625mW/2625mW
08-04-2026 15:32:01 RAM 3812/7620MB (lfb 1x1MB) SWAP 2370/12002MB (cached 117MB) CPU [0%@1728,0%@1728,9%@1728,0%@1728,100%@1728,0%@1728] GR3D_FREQ 9% cpu@57.156C soc2@55.718C soc0@56.593C gpu@56.781C tj@58.156C soc1@58.156C VDD_IN 8861mW/8853mW VDD_CPU_GPU_CV 2826mW/2805mW VDD_SOC 2625mW/2625mW
08-04-2026 15:32:01 RAM 3812/7620MB (lfb 1x1MB) SWAP 2370/12002MB (cached 117MB) CPU [0%@1728,0%@1728,0%@1728,0%@1728,100%@1728,0%@1728] GR3D_FREQ 8% cpu@57.281C soc2@55.781C soc0@56.781C gpu@56.781C tj@58.437C soc1@58.437C VDD_IN 8902mW/8854mW VDD_CPU_GPU_CV 2826mW/2805mW VDD_SOC 2625mW/2625mW
08-04-2026 15:32:01 RAM 3812/7620MB (lfb 1x1MB) SWAP 2370/12002MB (cached 117MB) CPU [0%@1728,0%@1728,0%@1728,0%@1728,100%@1728,0%@1728] GR3D_FREQ 9% cpu@57.437C soc2@55.656C soc0@56.562C gpu@56.843C tj@58.062C soc1@58.156C VDD_IN 8861mW/8854mW VDD_CPU_GPU_CV 2826mW/2805mW VDD_SOC 2625mW/2625mW
08-04-2026 15:32:01 RAM 3812/7620MB (lfb 1x1MB) SWAP 2370/12002MB (cached 117MB) CPU [0%@1728,0%@1728,0%@1728,0%@1728,100%@1728,0%@1728] GR3D_FREQ 9% cpu@57.031C soc2@55.718C soc0@56.531C gpu@56.781C tj@58.093C soc1@58.093C VDD_IN 8861mW/8854mW VDD_CPU_GPU_CV 2826mW/2805mW VDD_SOC 2625mW/2625mW
08-04-2026 15:32:01 RAM 3812/7620MB (lfb 1x1MB) SWAP 2370/12002MB (cached 117MB) CPU [0%@1728,0%@1728,0%@1728,16%@1728,100%@1728,0%@1728] GR3D_FREQ 8% cpu@57C soc2@55.718C soc0@56.625C gpu@56.75C tj@58.156C soc1@58.156C VDD_IN 8902mW/8854mW VDD_CPU_GPU_CV 2826mW/2806mW VDD_SOC 2625mW/2625mW
08-04-2026 15:32:01 RAM 3812/7620MB (lfb 1x1MB) SWAP 2370/12002MB (cached 117MB) CPU [0%@1728,9%@1728,8%@1728,0%@1728,100%@1728,0%@1728] GR3D_FREQ 8% cpu@57.312C soc2@55.781C soc0@56.656C gpu@56.906C tj@58.218C soc1@58.281C VDD_IN 8861mW/8855mW VDD_CPU_GPU_CV 2826mW/2806mW VDD_SOC 2625mW/2625mW
08-04-2026 15:32:01 RAM 3812/7620MB (lfb 1x1MB) SWAP 2370/12002MB (cached 117MB) CPU [0%@1728,0%@1728,0%@1728,0%@1728,100%@1728,0%@1728] GR3D_FREQ 9% cpu@57.281C soc2@55.781C soc0@56.5C gpu@56.781C tj@58.031C soc1@58.031C VDD_IN 8861mW/8855mW VDD_CPU_GPU_CV 2826mW/2806mW VDD_SOC 2625mW/2625mW
08-04-2026 15:32:01 RAM 3812/7620MB (lfb 1x1MB) SWAP 2370/12002MB (cached 117MB) CPU [0%@1728,0%@1728,0%@1728,0%@1728,100%@1728,0%@1728] GR3D_FREQ 10% cpu@57.437C soc2@55.687C soc0@56.437C gpu@56.718C tj@58.031C soc1@58.031C VDD_IN 8861mW/8855mW VDD_CPU_GPU_CV 2826mW/2806mW VDD_SOC 2625mW/2625mW
08-04-2026 15:32:02 RAM 3812/7620MB (lfb 1x1MB) SWAP 2370/12002MB (cached 117MB) CPU [0%@1728,0%@1728,0%@1728,0%@1728,100%@1728,0%@1728] GR3D_FREQ 8% cpu@57.093C soc2@55.656C soc0@56.531C gpu@56.812C tj@58.125C soc1@58.125C VDD_IN 8861mW/8855mW VDD_CPU_GPU_CV 2826mW/2806mW VDD_SOC 2625mW/2625mW
08-04-2026 15:32:02 RAM 3812/7620MB (lfb 1x1MB) SWAP 2370/12002MB (cached 117MB) CPU [0%@1728,0%@1728,0%@1728,0%@1728,100%@1728,0%@1728] GR3D_FREQ 8% cpu@57.062C soc2@55.718C soc0@56.593C gpu@56.843C tj@58.156C soc1@58.156C VDD_IN 8861mW/8855mW VDD_CPU_GPU_CV 2826mW/2807mW VDD_SOC 2625mW/2625mW
08-04-2026 15:32:02 RAM 3812/7620MB (lfb 1x1MB) SWAP 2370/12002MB (cached 117MB) CPU [0%@1728,0%@1728,9%@1728,0%@1728,100%@1728,0%@1728] GR3D_FREQ 9% cpu@57.25C soc2@55.687C soc0@56.625C gpu@56.687C tj@58C soc1@58C VDD_IN 8902mW/8855mW VDD_CPU_GPU_CV 2826mW/2807mW VDD_SOC 2625mW/2625mW
08-04-2026 15:32:02 RAM 3812/7620MB (lfb 1x1MB) SWAP 2370/12002MB (cached 117MB) CPU [0%@1728,0%@1728,0%@1728,0%@1728,100%@1728,0%@1728] GR3D_FREQ 9% cpu@57.343C soc2@55.656C soc0@56.593C gpu@56.843C tj@58C soc1@58C VDD_IN 8861mW/8855mW VDD_CPU_GPU_CV 2826mW/2807mW VDD_SOC 2625mW/2625mW
08-04-2026 15:32:02 RAM 3812/7620MB (lfb 1x1MB) SWAP 2370/12002MB (cached 117MB) CPU [0%@1728,0%@1728,0%@1728,0%@1728,100%@1728,0%@1728] GR3D_FREQ 9% cpu@57C soc2@55.593C soc0@56.562C gpu@56.75C tj@58.062C soc1@58.062C VDD_IN 8861mW/8855mW VDD_CPU_GPU_CV 2826mW/2807mW VDD_SOC 2625mW/2625mW
08-04-2026 15:32:02 RAM 3812/7620MB (lfb 1x1MB) SWAP 2370/12002MB (cached 117MB) CPU [0%@1728,0%@1728,0%@1728,0%@1728,100%@1728,9%@1728] GR3D_FREQ 9% cpu@57.062C soc2@55.687C soc0@56.593C gpu@57C tj@58.187C soc1@58.187C VDD_IN 8902mW/8856mW VDD_CPU_GPU_CV 2826mW/2807mW VDD_SOC 2625mW/2625mW
08-04-2026 15:32:02 RAM 3812/7620MB (lfb 1x1MB) SWAP 2370/12002MB (cached 117MB) CPU [0%@1728,10%@1728,0%@1728,0%@1728,100%@1728,0%@1728] GR3D_FREQ 8% cpu@57.281C soc2@55.812C soc0@56.625C gpu@56.75C tj@58.343C soc1@58.343C VDD_IN 8902mW/8856mW VDD_CPU_GPU_CV 2867mW/2808mW VDD_SOC 2625mW/2625mW
08-04-2026 15:32:02 RAM 3811/7620MB (lfb 1x1MB) SWAP 2370/12002MB (cached 117MB) CPU [9%@1728,18%@1728,0%@1728,8%@1728,100%@1728,0%@1728] GR3D_FREQ 9% cpu@57.343C soc2@55.812C soc0@56.5C gpu@56.812C tj@58C soc1@58C VDD_IN 8943mW/8857mW VDD_CPU_GPU_CV 2867mW/2808mW VDD_SOC 2625mW/2625mW
08-04-2026 15:32:02 RAM 3811/7620MB (lfb 1x1MB) SWAP 2370/12002MB (cached 117MB) CPU [9%@1728,0%@1728,0%@1728,0%@1728,100%@1728,0%@1728] GR3D_FREQ 10% cpu@57.531C soc2@55.718C soc0@56.5C gpu@56.687C tj@58C soc1@58C VDD_IN 8902mW/8857mW VDD_CPU_GPU_CV 2867mW/2809mW VDD_SOC 2625mW/2625mW
08-04-2026 15:32:03 RAM 3811/7620MB (lfb 1x1MB) SWAP 2370/12002MB (cached 117MB) CPU [0%@1728,0%@1728,0%@1728,0%@1728,100%@1728,0%@1728] GR3D_FREQ 8% cpu@57.062C soc2@55.687C soc0@56.593C gpu@56.812C tj@58.125C soc1@58.125C VDD_IN 8902mW/8858mW VDD_CPU_GPU_CV 2867mW/2809mW VDD_SOC 2625mW/2625mW
08-04-2026 15:32:03 RAM 3811/7620MB (lfb 1x1MB) SWAP 2370/12002MB (cached 117MB) CPU [0%@1728,0%@1728,0%@1728,0%@1728,100%@1728,0%@1728] GR3D_FREQ 8% cpu@57.25C soc2@55.812C soc0@56.656C gpu@56.75C tj@58.218C soc1@58.218C VDD_IN 8902mW/8858mW VDD_CPU_GPU_CV 2867mW/2810mW VDD_SOC 2625mW/2625mW
08-04-2026 15:32:03 RAM 3810/7620MB (lfb 1x1MB) SWAP 2370/12002MB (cached 117MB) CPU [0%@1728,0%@1728,9%@1728,10%@1728,100%@1728,0%@1728] GR3D_FREQ 8% cpu@57.281C soc2@55.812C soc0@56.531C gpu@56.937C tj@58C soc1@58C VDD_IN 8902mW/8859mW VDD_CPU_GPU_CV 2867mW/2810mW VDD_SOC 2625mW/2625mW
08-04-2026 15:32:03 RAM 3810/7620MB (lfb 1x1MB) SWAP 2370/12002MB (cached 117MB) CPU [0%@1728,0%@1728,0%@1728,0%@1728,100%@1728,0%@1728] GR3D_FREQ 9% cpu@57.406C soc2@55.656C soc0@56.5C gpu@56.843C tj@58.062C soc1@58.062C VDD_IN 8902mW/8859mW VDD_CPU_GPU_CV 2867mW/2811mW VDD_SOC 2625mW/2625mW
08-04-2026 15:32:03 RAM 3810/7620MB (lfb 1x1MB) SWAP 2370/12002MB (cached 117MB) CPU [0%@1728,0%@1728,0%@1728,0%@1728,100%@1728,0%@1728] GR3D_FREQ 9% cpu@57.031C soc2@55.687C soc0@56.593C gpu@56.718C tj@58.093C soc1@58.093C VDD_IN 8902mW/8859mW VDD_CPU_GPU_CV 2867mW/2811mW VDD_SOC 2625mW/2625mW
08-04-2026 15:32:03 RAM 3811/7620MB (lfb 1x1MB) SWAP 2370/12002MB (cached 117MB) CPU [9%@1728,0%@1728,18%@1728,0%@1728,100%@1728,0%@1728] GR3D_FREQ 8% cpu@57.187C soc2@55.718C soc0@56.562C gpu@56.968C tj@58.187C soc1@58.187C VDD_IN 8902mW/8860mW VDD_CPU_GPU_CV 2867mW/2812mW VDD_SOC 2625mW/2625mW
08-04-2026 15:32:03 RAM 3811/7620MB (lfb 1x1MB) SWAP 2370/12002MB (cached 117MB) CPU [9%@1728,18%@1728,8%@1728,0%@1728,100%@1728,0%@1728] GR3D_FREQ 9% cpu@57.25C soc2@55.812C soc0@56.656C gpu@56.875C tj@58.312C soc1@58.312C VDD_IN 8902mW/8860mW VDD_CPU_GPU_CV 2867mW/2812mW VDD_SOC 2625mW/2625mW
08-04-2026 15:32:03 RAM 3811/7620MB (lfb 1x1MB) SWAP 2370/12002MB (cached 117MB) CPU [8%@1728,0%@1728,0%@1728,0%@1728,100%@1728,0%@1728] GR3D_FREQ 8% cpu@57.312C soc2@55.656C soc0@56.531C gpu@56.812C tj@58.125C soc1@58.125C VDD_IN 8902mW/8861mW VDD_CPU_GPU_CV 2826mW/2813mW VDD_SOC 2625mW/2625mW
08-04-2026 15:32:03 RAM 3801/7620MB (lfb 1x1MB) SWAP 2370/12002MB (cached 117MB) CPU [0%@1728,0%@1728,0%@1728,0%@1728,100%@1728,0%@1728] GR3D_FREQ 10% cpu@57.031C soc2@55.656C soc0@56.531C gpu@56.906C tj@58.093C soc1@58.093C VDD_IN 8902mW/8861mW VDD_CPU_GPU_CV 2826mW/2813mW VDD_SOC 2625mW/2625mW
08-04-2026 15:32:03 RAM 3801/7620MB (lfb 1x1MB) SWAP 2370/12002MB (cached 117MB) CPU [0%@1728,0%@1728,0%@1728,0%@1728,100%@1728,0%@1728] GR3D_FREQ 9% cpu@57.031C soc2@55.718C soc0@56.625C gpu@56.812C tj@58.156C soc1@58.156C VDD_IN 8902mW/8861mW VDD_CPU_GPU_CV 2826mW/2813mW VDD_SOC 2625mW/2625mW
08-04-2026 15:32:04 RAM 3801/7620MB (lfb 1x1MB) SWAP 2370/12002MB (cached 117MB) CPU [0%@1728,0%@1728,0%@1728,0%@1728,100%@1728,0%@1728] GR3D_FREQ 8% cpu@57.187C soc2@55.718C soc0@56.625C gpu@56.718C tj@58.218C soc1@58.218C VDD_IN 8902mW/8862mW VDD_CPU_GPU_CV 2826mW/2813mW VDD_SOC 2625mW/2625mW
08-04-2026 15:32:04 RAM 3801/7620MB (lfb 1x1MB) SWAP 2370/12002MB (cached 117MB) CPU [0%@1728,0%@1728,0%@1728,0%@1728,100%@1728,0%@1728] GR3D_FREQ 8% cpu@57.281C soc2@55.812C soc0@56.437C gpu@56.843C tj@58.093C soc1@58.093C VDD_IN 8861mW/8862mW VDD_CPU_GPU_CV 2826mW/2813mW VDD_SOC 2625mW/2625mW
08-04-2026 15:32:04 RAM 3801/7620MB (lfb 1x1MB) SWAP 2370/12002MB (cached 117MB) CPU [9%@1728,0%@1728,8%@1728,9%@1728,100%@1728,0%@1728] GR3D_FREQ 9% cpu@57.437C soc2@55.687C soc0@56.5C gpu@56.781C tj@58.093C soc1@58.093C VDD_IN 8902mW/8862mW VDD_CPU_GPU_CV 2826mW/2813mW VDD_SOC 2625mW/2625mW
08-04-2026 15:32:04 RAM 3801/7620MB (lfb 1x1MB) SWAP 2370/12002MB (cached 117MB) CPU [0%@1728,0%@1728,0%@1728,0%@1728,100%@1728,0%@1728] GR3D_FREQ 10% cpu@57.093C soc2@55.718C soc0@56.593C gpu@57C tj@58.093C soc1@58.156C VDD_IN 8902mW/8862mW VDD_CPU_GPU_CV 2826mW/2813mW VDD_SOC 2625mW/2625mW
08-04-2026 15:32:04 RAM 3801/7620MB (lfb 1x1MB) SWAP 2370/12002MB (cached 117MB) CPU [0%@1728,0%@1728,0%@1728,0%@1728,100%@1728,0%@1728] GR3D_FREQ 8% cpu@57C soc2@55.687C soc0@56.656C gpu@56.906C tj@58.187C soc1@58.187C VDD_IN 8861mW/8862mW VDD_CPU_GPU_CV 2826mW/2813mW VDD_SOC 2625mW/2625mW
08-04-2026 15:32:04 RAM 3801/7620MB (lfb 1x1MB) SWAP 2370/12002MB (cached 117MB) CPU [0%@1728,0%@1728,0%@1728,0%@1728,100%@1728,0%@1728] GR3D_FREQ 8% cpu@57.281C soc2@55.843C soc0@56.656C gpu@56.75C tj@58.375C soc1@58.375C VDD_IN 8861mW/8862mW VDD_CPU_GPU_CV 2826mW/2813mW VDD_SOC 2625mW/2625mW
08-04-2026 15:32:04 RAM 3801/7620MB (lfb 1x1MB) SWAP 2370/12002MB (cached 117MB) CPU [0%@1728,0%@1728,0%@1728,0%@1728,100%@1728,0%@1728] GR3D_FREQ 9% cpu@57.406C soc2@55.687C soc0@56.531C gpu@56.906C tj@58C soc1@58C VDD_IN 8861mW/8862mW VDD_CPU_GPU_CV 2826mW/2814mW VDD_SOC 2625mW/2625mW
08-04-2026 15:32:04 RAM 3801/7620MB (lfb 1x1MB) SWAP 2370/12002MB (cached 117MB) CPU [0%@1728,0%@1728,0%@1728,0%@1728,100%@1728,0%@1728] GR3D_FREQ 9% cpu@57.062C soc2@55.625C soc0@56.562C gpu@56.906C tj@58.093C soc1@58.093C VDD_IN 8861mW/8862mW VDD_CPU_GPU_CV 2826mW/2814mW VDD_SOC 2625mW/2625mW
08-04-2026 15:32:04 RAM 3801/7620MB (lfb 1x1MB) SWAP 2370/12002MB (cached 117MB) CPU [0%@1728,0%@1728,0%@1728,0%@1728,100%@1728,0%@1728] GR3D_FREQ 9% cpu@57.062C soc2@55.718C soc0@56.656C gpu@56.656C tj@58.125C soc1@58.125C VDD_IN 8861mW/8862mW VDD_CPU_GPU_CV 2826mW/2814mW VDD_SOC 2625mW/2625mW
08-04-2026 15:32:05 RAM 3801/7620MB (lfb 1x1MB) SWAP 2370/12002MB (cached 117MB) CPU [0%@1728,0%@1728,0%@1728,0%@1728,100%@1728,0%@1728] GR3D_FREQ 9% cpu@57.187C soc2@55.781C soc0@56.562C gpu@56.906C tj@58.25C soc1@58.25C VDD_IN 8861mW/8862mW VDD_CPU_GPU_CV 2826mW/2814mW VDD_SOC 2625mW/2625mW
08-04-2026 15:32:05 RAM 3801/7620MB (lfb 1x1MB) SWAP 2370/12002MB (cached 117MB) CPU [0%@1728,0%@1728,0%@1728,0%@1728,100%@1728,0%@1728] GR3D_FREQ 8% cpu@57.281C soc2@55.812C soc0@56.687C gpu@56.875C tj@58.031C soc1@58.031C VDD_IN 8861mW/8862mW VDD_CPU_GPU_CV 2826mW/2814mW VDD_SOC 2625mW/2625mW
08-04-2026 15:32:05 RAM 3801/7620MB (lfb 1x1MB) SWAP 2370/12002MB (cached 117MB) CPU [0%@1728,0%@1728,9%@1728,0%@1728,100%@1728,0%@1728] GR3D_FREQ 9% cpu@57.468C soc2@55.781C soc0@56.531C gpu@56.968C tj@58.125C soc1@58.125C VDD_IN 8861mW/8862mW VDD_CPU_GPU_CV 2826mW/2814mW VDD_SOC 2625mW/2625mW
08-04-2026 15:32:05 RAM 3802/7620MB (lfb 1x1MB) SWAP 2370/12002MB (cached 117MB) CPU [0%@1728,0%@1728,0%@1728,0%@1728,100%@1728,0%@1728] GR3D_FREQ 10% cpu@57.031C soc2@55.687C soc0@56.562C gpu@56.906C tj@58.093C soc1@58.093C VDD_IN 8902mW/8862mW VDD_CPU_GPU_CV 2826mW/2814mW VDD_SOC 2625mW/2625mW
08-04-2026 15:32:05 RAM 3802/7620MB (lfb 1x1MB) SWAP 2370/12002MB (cached 117MB) CPU [0%@1728,8%@1728,0%@1728,0%@1728,100%@1728,0%@1728] GR3D_FREQ 8% cpu@57.062C soc2@55.812C soc0@56.687C gpu@56.843C tj@58.156C soc1@58.156C VDD_IN 8902mW/8863mW VDD_CPU_GPU_CV 2826mW/2814mW VDD_SOC 2625mW/2625mW
08-04-2026 15:32:05 RAM 3802/7620MB (lfb 1x1MB) SWAP 2370/12002MB (cached 117MB) CPU [0%@1728,0%@1728,0%@1728,0%@1728,100%@1728,0%@1728] GR3D_FREQ 8% cpu@57.312C soc2@55.781C soc0@56.718C gpu@56.968C tj@58.062C soc1@58.062C VDD_IN 8902mW/8863mW VDD_CPU_GPU_CV 2826mW/2814mW VDD_SOC 2625mW/2625mW
08-04-2026 15:32:05 RAM 3802/7620MB (lfb 1x1MB) SWAP 2370/12002MB (cached 117MB) CPU [0%@1728,9%@1728,0%@1728,0%@1728,100%@1728,0%@1728] GR3D_FREQ 8% cpu@57.343C soc2@55.687C soc0@56.468C gpu@56.968C tj@58.031C soc1@58.031C VDD_IN 8902mW/8863mW VDD_CPU_GPU_CV 2826mW/2814mW VDD_SOC 2625mW/2625mW
08-04-2026 15:32:05 RAM 3802/7620MB (lfb 1x1MB) SWAP 2370/12002MB (cached 117MB) CPU [9%@1728,0%@1728,0%@1728,0%@1728,100%@1728,0%@1728] GR3D_FREQ 9% cpu@57.093C soc2@55.718C soc0@56.562C gpu@56.781C tj@58.031C soc1@58.031C VDD_IN 8861mW/8863mW VDD_CPU_GPU_CV 2826mW/2814mW VDD_SOC 2625mW/2625mW
08-04-2026 15:32:05 RAM 3802/7620MB (lfb 1x1MB) SWAP 2370/12002MB (cached 117MB) CPU [0%@1728,0%@1728,0%@1728,0%@1728,100%@1728,0%@1728] GR3D_FREQ 10% cpu@56.968C soc2@55.656C soc0@56.625C gpu@56.906C tj@58.125C soc1@58.125C VDD_IN 8861mW/8863mW VDD_CPU_GPU_CV 2826mW/2815mW VDD_SOC 2625mW/2625mW
08-04-2026 15:32:05 RAM 3806/7620MB (lfb 1x1MB) SWAP 2370/12002MB (cached 117MB) CPU [0%@1728,9%@1728,10%@1728,0%@1728,100%@1728,0%@1728] GR3D_FREQ 8% cpu@57.281C soc2@55.812C soc0@56.718C gpu@56.781C tj@58.187C soc1@58.187C VDD_IN 8902mW/8864mW VDD_CPU_GPU_CV 2867mW/2815mW VDD_SOC 2625mW/2625mW
08-04-2026 15:32:06 RAM 3807/7620MB (lfb 1x1MB) SWAP 2370/12002MB (cached 117MB) CPU [0%@1728,0%@1728,9%@1728,0%@1728,100%@1728,0%@1728] GR3D_FREQ 9% cpu@57.343C soc2@55.812C soc0@56.531C gpu@56.812C tj@58.062C soc1@58.062C VDD_IN 8943mW/8864mW VDD_CPU_GPU_CV 2867mW/2815mW VDD_SOC 2625mW/2625mW
08-04-2026 15:32:06 RAM 3807/7620MB (lfb 1x1MB) SWAP 2370/12002MB (cached 117MB) CPU [0%@1728,0%@1728,0%@1728,0%@1728,100%@1728,0%@1728] GR3D_FREQ 8% cpu@57C soc2@55.687C soc0@56.593C gpu@56.906C tj@58.031C soc1@58.031C VDD_IN 8902mW/8864mW VDD_CPU_GPU_CV 2867mW/2816mW VDD_SOC 2625mW/2625mW
08-04-2026 15:32:06 RAM 3807/7620MB (lfb 1x1MB) SWAP 2370/12002MB (cached 117MB) CPU [0%@1728,0%@1728,0%@1728,0%@1728,100%@1728,0%@1728] GR3D_FREQ 10% cpu@57C soc2@55.718C soc0@56.531C gpu@56.843C tj@58.093C soc1@58.125C VDD_IN 8902mW/8865mW VDD_CPU_GPU_CV 2867mW/2816mW VDD_SOC 2625mW/2625mW
08-04-2026 15:32:06 RAM 3807/7620MB (lfb 1x1MB) SWAP 2370/12002MB (cached 117MB) CPU [0%@1728,0%@1728,0%@1728,0%@1728,100%@1728,0%@1728] GR3D_FREQ 9% cpu@57.156C soc2@55.718C soc0@56.625C gpu@56.781C tj@58.25C soc1@58.25C VDD_IN 8902mW/8865mW VDD_CPU_GPU_CV 2867mW/2816mW VDD_SOC 2625mW/2625mW
08-04-2026 15:32:06 RAM 3807/7620MB (lfb 1x1MB) SWAP 2370/12002MB (cached 117MB) CPU [0%@1728,0%@1728,0%@1728,0%@1728,100%@1728,0%@1728] GR3D_FREQ 8% cpu@57.312C soc2@55.75C soc0@56.718C gpu@56.875C tj@58.031C soc1@58.031C VDD_IN 8902mW/8865mW VDD_CPU_GPU_CV 2867mW/2817mW VDD_SOC 2625mW/2625mW
08-04-2026 15:32:06 RAM 3807/7620MB (lfb 1x1MB) SWAP 2370/12002MB (cached 117MB) CPU [0%@1728,0%@1728,15%@1728,0%@1728,100%@1728,0%@1728] GR3D_FREQ 8% cpu@57.437C soc2@55.656C soc0@56.5C gpu@56.812C tj@58.031C soc1@58.093C VDD_IN 8902mW/8866mW VDD_CPU_GPU_CV 2867mW/2817mW VDD_SOC 2625mW/2625mW
08-04-2026 15:32:06 RAM 3807/7620MB (lfb 1x1MB) SWAP 2370/12002MB (cached 117MB) CPU [0%@1728,0%@1728,0%@1728,0%@1728,100%@1728,0%@1728] GR3D_FREQ 9% cpu@57.062C soc2@55.593C soc0@56.562C gpu@56.843C tj@58.031C soc1@58.031C VDD_IN 8902mW/8866mW VDD_CPU_GPU_CV 2826mW/2817mW VDD_SOC 2625mW/2625mW
08-04-2026 15:32:06 RAM 3807/7620MB (lfb 1x1MB) SWAP 2370/12002MB (cached 117MB) CPU [0%@1728,0%@1728,0%@1728,0%@1728,100%@1728,0%@1728] GR3D_FREQ 11% cpu@56.937C soc2@55.687C soc0@56.531C gpu@56.812C tj@58.125C soc1@58.125C VDD_IN 8902mW/8866mW VDD_CPU_GPU_CV 2826mW/2817mW VDD_SOC 2625mW/2625mW
08-04-2026 15:32:06 RAM 3807/7620MB (lfb 1x1MB) SWAP 2370/12002MB (cached 117MB) CPU [0%@1728,0%@1728,0%@1728,0%@1728,100%@1728,0%@1728] GR3D_FREQ 8% cpu@57.312C soc2@55.75C soc0@56.781C gpu@56.843C tj@58.281C soc1@58.281C VDD_IN 8861mW/8866mW VDD_CPU_GPU_CV 2826mW/2817mW VDD_SOC 2625mW/2625mW
08-04-2026 15:32:07 RAM 3807/7620MB (lfb 1x1MB) SWAP 2370/12002MB (cached 117MB) CPU [9%@1728,0%@1728,0%@1728,0%@1728,100%@1728,0%@1728] GR3D_FREQ 8% cpu@57.375C soc2@55.843C soc0@56.593C gpu@57.031C tj@58.031C soc1@58.031C VDD_IN 8861mW/8866mW VDD_CPU_GPU_CV 2826mW/2817mW VDD_SOC 2625mW/2625mW
08-04-2026 15:32:07 RAM 3807/7620MB (lfb 1x1MB) SWAP 2370/12002MB (cached 117MB) CPU [8%@1728,0%@1728,0%@1728,0%@1728,100%@1728,0%@1728] GR3D_FREQ 9% cpu@57C soc2@55.718C soc0@56.5C gpu@56.875C tj@58.062C soc1@58.062C VDD_IN 8861mW/8866mW VDD_CPU_GPU_CV 2826mW/2817mW VDD_SOC 2625mW/2625mW
08-04-2026 15:32:07 RAM 3807/7620MB (lfb 1x1MB) SWAP 2370/12002MB (cached 117MB) CPU [0%@1728,0%@1728,0%@1728,0%@1728,100%@1728,9%@1728] GR3D_FREQ 9% cpu@57.125C soc2@55.625C soc0@56.656C gpu@56.875C tj@58.125C soc1@58.125C VDD_IN 8861mW/8866mW VDD_CPU_GPU_CV 2826mW/2817mW VDD_SOC 2625mW/2625mW
08-04-2026 15:32:07 RAM 3807/7620MB (lfb 1x1MB) SWAP 2370/12002MB (cached 117MB) CPU [0%@1728,0%@1728,0%@1728,0%@1728,100%@1728,0%@1728] GR3D_FREQ 9% cpu@57.031C soc2@55.812C soc0@56.687C gpu@56.906C tj@58.25C soc1@58.25C VDD_IN 8861mW/8866mW VDD_CPU_GPU_CV 2826mW/2818mW VDD_SOC 2625mW/2625mW
08-04-2026 15:32:07 RAM 3807/7620MB (lfb 1x1MB) SWAP 2370/12002MB (cached 117MB) CPU [9%@1728,0%@1728,0%@1728,0%@1728,100%@1728,0%@1728] GR3D_FREQ 9% cpu@57.218C soc2@55.875C soc0@56.718C gpu@56.875C tj@58.062C soc1@58.062C VDD_IN 8861mW/8866mW VDD_CPU_GPU_CV 2826mW/2818mW VDD_SOC 2625mW/2625mW
08-04-2026 15:32:07 RAM 3807/7620MB (lfb 1x1MB) SWAP 2370/12002MB (cached 117MB) CPU [0%@1728,0%@1728,9%@1728,0%@1728,100%@1728,0%@1728] GR3D_FREQ 8% cpu@57.531C soc2@55.687C soc0@56.5C gpu@56.812C tj@58.031C soc1@58.031C VDD_IN 8861mW/8866mW VDD_CPU_GPU_CV 2867mW/2818mW VDD_SOC 2625mW/2625mW
08-04-2026 15:32:07 RAM 3807/7620MB (lfb 1x1MB) SWAP 2370/12002MB (cached 117MB) CPU [0%@1728,9%@1728,0%@1728,0%@1728,100%@1728,0%@1728] GR3D_FREQ 8% cpu@57.062C soc2@55.75C soc0@56.5C gpu@56.937C tj@58.125C soc1@58.125C VDD_IN 8861mW/8866mW VDD_CPU_GPU_CV 2826mW/2818mW VDD_SOC 2625mW/2625mW
08-04-2026 15:32:07 RAM 3807/7620MB (lfb 1x1MB) SWAP 2370/12002MB (cached 117MB) CPU [0%@1728,0%@1728,0%@1728,0%@1728,100%@1728,0%@1728] GR3D_FREQ 9% cpu@56.968C soc2@55.718C soc0@56.5C gpu@56.843C tj@58.156C soc1@58.156C VDD_IN 8861mW/8866mW VDD_CPU_GPU_CV 2826mW/2818mW VDD_SOC 2625mW/2625mW
08-04-2026 15:32:07 RAM 3807/7620MB (lfb 1x1MB) SWAP 2370/12002MB (cached 117MB) CPU [0%@1728,0%@1728,0%@1728,0%@1728,100%@1728,0%@1728] GR3D_FREQ 9% cpu@57.25C soc2@55.812C soc0@56.718C gpu@56.781C tj@58.25C soc1@58.25C VDD_IN 8861mW/8866mW VDD_CPU_GPU_CV 2826mW/2818mW VDD_SOC 2625mW/2625mW
08-04-2026 15:32:07 RAM 3807/7620MB (lfb 1x1MB) SWAP 2370/12002MB (cached 117MB) CPU [0%@1728,0%@1728,0%@1728,0%@1728,100%@1728,0%@1728] GR3D_FREQ 8% cpu@57.406C soc2@55.812C soc0@56.468C gpu@56.968C tj@58.093C soc1@58.093C VDD_IN 8861mW/8866mW VDD_CPU_GPU_CV 2826mW/2818mW VDD_SOC 2625mW/2625mW
08-04-2026 15:32:08 RAM 3807/7620MB (lfb 1x1MB) SWAP 2370/12002MB (cached 117MB) CPU [0%@1728,0%@1728,0%@1728,0%@1728,100%@1728,0%@1728] GR3D_FREQ 8% cpu@57.062C soc2@55.781C soc0@56.468C gpu@56.812C tj@58.156C soc1@58.156C VDD_IN 8861mW/8866mW VDD_CPU_GPU_CV 2826mW/2818mW VDD_SOC 2625mW/2625mW
08-04-2026 15:32:08 RAM 3807/7620MB (lfb 1x1MB) SWAP 2370/12002MB (cached 117MB) CPU [0%@1728,9%@1728,0%@1728,0%@1728,100%@1728,0%@1728] GR3D_FREQ 9% cpu@57.031C soc2@55.75C soc0@56.625C gpu@57.031C tj@58.156C soc1@58.156C VDD_IN 8861mW/8866mW VDD_CPU_GPU_CV 2826mW/2818mW VDD_SOC 2625mW/2625mW
08-04-2026 15:32:08 RAM 3807/7620MB (lfb 1x1MB) SWAP 2370/12002MB (cached 117MB) CPU [8%@1728,9%@1728,0%@1728,9%@1728,100%@1728,0%@1728] GR3D_FREQ 10% cpu@57.093C soc2@55.812C soc0@56.718C gpu@57C tj@58.281C soc1@58.281C VDD_IN 8902mW/8866mW VDD_CPU_GPU_CV 2826mW/2818mW VDD_SOC 2625mW/2625mW
08-04-2026 15:32:08 RAM 3807/7620MB (lfb 1x1MB) SWAP 2370/12002MB (cached 117MB) CPU [0%@1728,0%@1728,0%@1728,0%@1728,100%@1728,0%@1728] GR3D_FREQ 8% cpu@57.406C soc2@55.843C soc0@56.781C gpu@56.843C tj@58.125C soc1@58.125C VDD_IN 8902mW/8866mW VDD_CPU_GPU_CV 2826mW/2818mW VDD_SOC 2625mW/2625mW
08-04-2026 15:32:08 RAM 3807/7620MB (lfb 1x1MB) SWAP 2370/12002MB (cached 117MB) CPU [0%@1728,0%@1728,0%@1728,0%@1728,100%@1728,0%@1728] GR3D_FREQ 9% cpu@57.5C soc2@55.625C soc0@56.468C gpu@57.031C tj@58.062C soc1@58.062C VDD_IN 8861mW/8866mW VDD_CPU_GPU_CV 2826mW/2818mW VDD_SOC 2625mW/2625mW
08-04-2026 15:32:08 RAM 3807/7620MB (lfb 1x1MB) SWAP 2370/12002MB (cached 117MB) CPU [0%@1728,0%@1728,0%@1728,0%@1728,100%@1728,0%@1728] GR3D_FREQ 8% cpu@57.125C soc2@55.687C soc0@56.593C gpu@56.937C tj@58.125C soc1@58.125C VDD_IN 8861mW/8866mW VDD_CPU_GPU_CV 2826mW/2818mW VDD_SOC 2625mW/2625mW
08-04-2026 15:32:08 RAM 3807/7620MB (lfb 1x1MB) SWAP 2370/12002MB (cached 117MB) CPU [8%@1728,0%@1728,0%@1728,0%@1728,100%@1728,0%@1728] GR3D_FREQ 9% cpu@57.031C soc2@55.75C soc0@56.625C gpu@56.843C tj@58.156C soc1@58.156C VDD_IN 8861mW/8866mW VDD_CPU_GPU_CV 2826mW/2818mW VDD_SOC 2625mW/2625mW
08-04-2026 15:32:08 RAM 3807/7620MB (lfb 1x1MB) SWAP 2370/12002MB (cached 117MB) CPU [9%@1728,0%@1728,0%@1728,0%@1728,100%@1728,0%@1728] GR3D_FREQ 10% cpu@57.343C soc2@55.812C soc0@56.656C gpu@57.031C tj@58.281C soc1@58.062C VDD_IN 8861mW/8866mW VDD_CPU_GPU_CV 2826mW/2819mW VDD_SOC 2625mW/2625mW
08-04-2026 15:32:08 RAM 3807/7620MB (lfb 1x1MB) SWAP 2370/12002MB (cached 117MB) CPU [0%@1728,0%@1728,0%@1728,0%@1728,100%@1728,0%@1728] GR3D_FREQ 8% cpu@57.437C soc2@55.656C soc0@56.5C gpu@57.031C tj@58.062C soc1@58.062C VDD_IN 8861mW/8866mW VDD_CPU_GPU_CV 2826mW/2819mW VDD_SOC 2625mW/2625mW
08-04-2026 15:32:08 RAM 3807/7620MB (lfb 1x1MB) SWAP 2370/12002MB (cached 117MB) CPU [0%@1728,0%@1728,0%@1728,0%@1728,100%@1728,0%@1728] GR3D_FREQ 8% cpu@57.031C soc2@55.656C soc0@56.5C gpu@56.781C tj@58.125C soc1@58.125C VDD_IN 8861mW/8866mW VDD_CPU_GPU_CV 2826mW/2819mW VDD_SOC 2625mW/2625mW
08-04-2026 15:32:09 RAM 3807/7620MB (lfb 1x1MB) SWAP 2370/12002MB (cached 117MB) CPU [0%@1728,0%@1728,0%@1728,0%@1728,100%@1728,8%@1728] GR3D_FREQ 8% cpu@57.062C soc2@55.718C soc0@56.562C gpu@57.031C tj@58.187C soc1@58.187C VDD_IN 8861mW/8866mW VDD_CPU_GPU_CV 2826mW/2819mW VDD_SOC 2625mW/2625mW
08-04-2026 15:32:09 RAM 3810/7620MB (lfb 1x1MB) SWAP 2370/12002MB (cached 117MB) CPU [0%@1728,20%@1728,0%@1728,0%@1728,100%@1728,0%@1728] GR3D_FREQ 8% cpu@57.125C soc2@55.75C soc0@56.593C gpu@56.906C tj@58.281C soc1@58.281C VDD_IN 8943mW/8866mW VDD_CPU_GPU_CV 2867mW/2819mW VDD_SOC 2625mW/2625mW
08-04-2026 15:32:09 RAM 3808/7620MB (lfb 1x1MB) SWAP 2370/12002MB (cached 117MB) CPU [0%@1728,16%@1728,0%@1728,0%@1728,100%@1728,0%@1728] GR3D_FREQ 8% cpu@57.437C soc2@55.812C soc0@56.5C gpu@56.812C tj@58.062C soc1@58.062C VDD_IN 8943mW/8867mW VDD_CPU_GPU_CV 2867mW/2819mW VDD_SOC 2625mW/2625mW
08-04-2026 15:32:09 RAM 3808/7620MB (lfb 1x1MB) SWAP 2370/12002MB (cached 117MB) CPU [0%@1728,0%@1728,0%@1728,0%@1728,100%@1728,0%@1728] GR3D_FREQ 8% cpu@57.125C soc2@55.75C soc0@56.593C gpu@56.937C tj@58.218C soc1@58.218C VDD_IN 8943mW/8867mW VDD_CPU_GPU_CV 2867mW/2819mW VDD_SOC 2625mW/2625mW
08-04-2026 15:32:09 RAM 3808/7620MB (lfb 1x1MB) SWAP 2370/12002MB (cached 117MB) CPU [0%@1728,0%@1728,9%@1728,0%@1728,100%@1728,0%@1728] GR3D_FREQ 9% cpu@57C soc2@55.718C soc0@56.531C gpu@57C tj@58.187C soc1@58.187C VDD_IN 8902mW/8867mW VDD_CPU_GPU_CV 2867mW/2820mW VDD_SOC 2625mW/2625mW
08-04-2026 15:32:09 RAM 3808/7620MB (lfb 1x1MB) SWAP 2370/12002MB (cached 117MB) CPU [0%@1728,0%@1728,0%@1728,0%@1728,100%@1728,0%@1728] GR3D_FREQ 9% cpu@57.281C soc2@55.718C soc0@56.718C gpu@56.812C tj@58.218C soc1@58.218C VDD_IN 8902mW/8868mW VDD_CPU_GPU_CV 2867mW/2820mW VDD_SOC 2625mW/2625mW
08-04-2026 15:32:09 RAM 3808/7620MB (lfb 1x1MB) SWAP 2370/12002MB (cached 117MB) CPU [0%@1728,0%@1728,0%@1728,0%@1728,100%@1728,0%@1728] GR3D_FREQ 10% cpu@57.375C soc2@55.781C soc0@56.75C gpu@56.906C tj@58.093C soc1@58.093C VDD_IN 8902mW/8868mW VDD_CPU_GPU_CV 2826mW/2820mW VDD_SOC 2625mW/2625mW
08-04-2026 15:32:09 RAM 3808/7620MB (lfb 1x1MB) SWAP 2370/12002MB (cached 117MB) CPU [0%@1728,0%@1728,0%@1728,0%@1728,100%@1728,0%@1728] GR3D_FREQ 9% cpu@57.531C soc2@55.718C soc0@56.562C gpu@56.812C tj@58C soc1@58.031C VDD_IN 8902mW/8868mW VDD_CPU_GPU_CV 2826mW/2820mW VDD_SOC 2625mW/2625mW
08-04-2026 15:32:09 RAM 3810/7620MB (lfb 1x1MB) SWAP 2370/12002MB (cached 117MB) CPU [0%@1728,0%@1728,9%@1728,0%@1728,100%@1728,0%@1728] GR3D_FREQ 8% cpu@57.187C soc2@55.75C soc0@56.593C gpu@56.875C tj@58.156C soc1@58.156C VDD_IN 8902mW/8868mW VDD_CPU_GPU_CV 2867mW/2820mW VDD_SOC 2625mW/2625mW
08-04-2026 15:32:10 RAM 3810/7620MB (lfb 1x1MB) SWAP 2370/12002MB (cached 117MB) CPU [0%@1728,0%@1728,0%@1728,0%@1728,100%@1728,0%@1728] GR3D_FREQ 8% cpu@57C soc2@55.781C soc0@56.593C gpu@56.906C tj@58.25C soc1@58.25C VDD_IN 8902mW/8868mW VDD_CPU_GPU_CV 2826mW/2820mW VDD_SOC 2625mW/2625mW
08-04-2026 15:32:10 RAM 3811/7620MB (lfb 1x1MB) SWAP 2370/12002MB (cached 117MB) CPU [18%@1728,0%@1728,0%@1728,0%@1728,100%@1728,0%@1728] GR3D_FREQ 9% cpu@57.343C soc2@55.812C soc0@56.687C gpu@56.843C tj@58.031C soc1@58.031C VDD_IN 8902mW/8869mW VDD_CPU_GPU_CV 2867mW/2821mW VDD_SOC 2625mW/2625mW
08-04-2026 15:32:10 RAM 3811/7620MB (lfb 1x1MB) SWAP 2370/12002MB (cached 117MB) CPU [0%@1728,30%@1728,8%@1728,9%@1728,100%@1728,9%@1728] GR3D_FREQ 9% cpu@57.437C soc2@55.75C soc0@56.531C gpu@56.718C tj@58.062C soc1@58.062C VDD_IN 8984mW/8869mW VDD_CPU_GPU_CV 2908mW/2821mW VDD_SOC 2666mW/2625mW
08-04-2026 15:32:10 RAM 3811/7620MB (lfb 1x1MB) SWAP 2370/12002MB (cached 117MB) CPU [9%@1728,20%@1728,0%@1728,0%@1728,100%@1728,0%@1728] GR3D_FREQ 8% cpu@57.156C soc2@55.687C soc0@56.562C gpu@56.968C tj@58.062C soc1@58.062C VDD_IN 9025mW/8870mW VDD_CPU_GPU_CV 2908mW/2822mW VDD_SOC 2666mW/2625mW
08-04-2026 15:32:10 RAM 3811/7620MB (lfb 1x1MB) SWAP 2370/12002MB (cached 117MB) CPU [0%@1728,0%@1728,0%@1728,0%@1728,100%@1728,0%@1728] GR3D_FREQ 8% cpu@57.062C soc2@55.718C soc0@56.562C gpu@56.843C tj@58.187C soc1@58.187C VDD_IN 8984mW/8871mW VDD_CPU_GPU_CV 2908mW/2822mW VDD_SOC 2625mW/2625mW
08-04-2026 15:32:10 RAM 3811/7620MB (lfb 1x1MB) SWAP 2370/12002MB (cached 117MB) CPU [0%@1728,0%@1728,8%@1728,0%@1728,100%@1728,0%@1728] GR3D_FREQ 9% cpu@57.187C soc2@55.75C soc0@56.687C gpu@56.75C tj@58.312C soc1@58.312C VDD_IN 8943mW/8871mW VDD_CPU_GPU_CV 2867mW/2822mW VDD_SOC 2625mW/2625mW
08-04-2026 15:32:10 RAM 3811/7620MB (lfb 1x1MB) SWAP 2370/12002MB (cached 117MB) CPU [0%@1728,8%@1728,9%@1728,0%@1728,100%@1728,0%@1728] GR3D_FREQ 10% cpu@57.468C soc2@55.812C soc0@56.468C gpu@56.875C tj@58.062C soc1@58.062C VDD_IN 8943mW/8872mW VDD_CPU_GPU_CV 2867mW/2823mW VDD_SOC 2625mW/2625mW
08-04-2026 15:32:10 RAM 3811/7620MB (lfb 1x1MB) SWAP 2370/12002MB (cached 117MB) CPU [0%@1728,0%@1728,0%@1728,0%@1728,100%@1728,0%@1728] GR3D_FREQ 8% cpu@57.437C soc2@55.718C soc0@56.531C gpu@56.906C tj@58.093C soc1@58.093C VDD_IN 8902mW/8872mW VDD_CPU_GPU_CV 2867mW/2823mW VDD_SOC 2625mW/2625mW
08-04-2026 15:32:10 RAM 3811/7620MB (lfb 1x1MB) SWAP 2370/12002MB (cached 117MB) CPU [9%@1728,0%@1728,0%@1728,0%@1728,100%@1728,0%@1728] GR3D_FREQ 9% cpu@57.093C soc2@55.718C soc0@56.593C gpu@56.781C tj@58.125C soc1@58.125C VDD_IN 8902mW/8872mW VDD_CPU_GPU_CV 2826mW/2823mW VDD_SOC 2625mW/2625mW
08-04-2026 15:32:10 RAM 3811/7620MB (lfb 1x1MB) SWAP 2370/12002MB (cached 117MB) CPU [0%@1728,0%@1728,0%@1728,0%@1728,100%@1728,0%@1728] GR3D_FREQ 8% cpu@57.25C soc2@55.75C soc0@56.656C gpu@56.875C tj@58.218C soc1@58.218C VDD_IN 8902mW/8872mW VDD_CPU_GPU_CV 2826mW/2823mW VDD_SOC 2625mW/2625mW
08-04-2026 15:32:11 RAM 3811/7620MB (lfb 1x1MB) SWAP 2370/12002MB (cached 117MB) CPU [0%@1728,0%@1728,0%@1728,0%@1728,100%@1728,0%@1728] GR3D_FREQ 9% cpu@57.281C soc2@55.812C soc0@56.687C gpu@56.812C tj@58.062C soc1@58.062C VDD_IN 8902mW/8872mW VDD_CPU_GPU_CV 2826mW/2823mW VDD_SOC 2625mW/2625mW
08-04-2026 15:32:11 RAM 3811/7620MB (lfb 1x1MB) SWAP 2370/12002MB (cached 117MB) CPU [0%@1728,0%@1728,0%@1728,0%@1728,100%@1728,9%@1728] GR3D_FREQ 9% cpu@57.5C soc2@55.75C soc0@56.468C gpu@56.843C tj@58.093C soc1@58.093C VDD_IN 8902mW/8872mW VDD_CPU_GPU_CV 2826mW/2823mW VDD_SOC 2625mW/2625mW
08-04-2026 15:32:11 RAM 3811/7620MB (lfb 1x1MB) SWAP 2370/12002MB (cached 117MB) CPU [0%@1728,0%@1728,0%@1728,0%@1728,100%@1728,0%@1728] GR3D_FREQ 8% cpu@57.093C soc2@55.718C soc0@56.593C gpu@56.906C tj@58.125C soc1@58.125C VDD_IN 8902mW/8873mW VDD_CPU_GPU_CV 2826mW/2823mW VDD_SOC 2625mW/2625mW
08-04-2026 15:32:11 RAM 3811/7620MB (lfb 1x1MB) SWAP 2370/12002MB (cached 117MB) CPU [0%@1728,0%@1728,9%@1728,0%@1728,100%@1728,0%@1728] GR3D_FREQ 8% cpu@57.031C soc2@55.687C soc0@56.656C gpu@56.843C tj@58.25C soc1@58.25C VDD_IN 8902mW/8873mW VDD_CPU_GPU_CV 2826mW/2823mW VDD_SOC 2625mW/2625mW
08-04-2026 15:32:11 RAM 3811/7620MB (lfb 1x1MB) SWAP 2370/12002MB (cached 117MB) CPU [0%@1728,0%@1728,0%@1728,0%@1728,100%@1728,0%@1728] GR3D_FREQ 8% cpu@57.312C soc2@55.812C soc0@56.75C gpu@57.031C tj@58.281C soc1@58.406C VDD_IN 8902mW/8873mW VDD_CPU_GPU_CV 2826mW/2823mW VDD_SOC 2625mW/2625mW
08-04-2026 15:32:11 RAM 3811/7620MB (lfb 1x1MB) SWAP 2370/12002MB (cached 117MB) CPU [15%@1728,0%@1728,9%@1728,0%@1728,100%@1728,0%@1728] GR3D_FREQ 9% cpu@57.437C soc2@55.718C soc0@56.531C gpu@56.906C tj@58.125C soc1@58.125C VDD_IN 8902mW/8873mW VDD_CPU_GPU_CV 2826mW/2823mW VDD_SOC 2625mW/2625mW
08-04-2026 15:32:11 RAM 3811/7620MB (lfb 1x1MB) SWAP 2370/12002MB (cached 117MB) CPU [0%@1728,0%@1728,0%@1728,0%@1728,100%@1728,0%@1728] GR3D_FREQ 9% cpu@57.093C soc2@55.781C soc0@56.593C gpu@56.812C tj@58.093C soc1@58.093C VDD_IN 8902mW/8873mW VDD_CPU_GPU_CV 2826mW/2823mW VDD_SOC 2625mW/2625mW
08-04-2026 15:32:11 RAM 3811/7620MB (lfb 1x1MB) SWAP 2370/12002MB (cached 117MB) CPU [0%@1728,9%@1728,0%@1728,0%@1728,100%@1728,0%@1728] GR3D_FREQ 8% cpu@57.093C soc2@55.718C soc0@56.531C gpu@56.906C tj@58.125C soc1@58.156C VDD_IN 8902mW/8873mW VDD_CPU_GPU_CV 2826mW/2823mW VDD_SOC 2625mW/2625mW
08-04-2026 15:32:11 RAM 3811/7620MB (lfb 1x1MB) SWAP 2370/12002MB (cached 117MB) CPU [0%@1728,0%@1728,0%@1728,0%@1728,100%@1728,0%@1728] GR3D_FREQ 8% cpu@57.218C soc2@55.75C soc0@56.687C gpu@56.875C tj@58.218C soc1@58.218C VDD_IN 8861mW/8873mW VDD_CPU_GPU_CV 2826mW/2823mW VDD_SOC 2625mW/2625mW
08-04-2026 15:32:12 RAM 3811/7620MB (lfb 1x1MB) SWAP 2370/12002MB (cached 117MB) CPU [0%@1728,0%@1728,0%@1728,0%@1728,100%@1728,0%@1728] GR3D_FREQ 8% cpu@57.312C soc2@55.812C soc0@56.656C gpu@56.875C tj@58.062C soc1@58.062C VDD_IN 8861mW/8873mW VDD_CPU_GPU_CV 2826mW/2823mW VDD_SOC 2625mW/2625mW
08-04-2026 15:32:12 RAM 3811/7620MB (lfb 1x1MB) SWAP 2370/12002MB (cached 117MB) CPU [0%@1728,0%@1728,0%@1728,0%@1728,100%@1728,0%@1728] GR3D_FREQ 10% cpu@57.468C soc2@55.75C soc0@56.468C gpu@56.906C tj@58.062C soc1@58.156C VDD_IN 8861mW/8873mW VDD_CPU_GPU_CV 2826mW/2823mW VDD_SOC 2625mW/2625mW
08-04-2026 15:32:12 RAM 3811/7620MB (lfb 1x1MB) SWAP 2370/12002MB (cached 117MB) CPU [9%@1728,0%@1728,0%@1728,0%@1728,100%@1728,9%@1728] GR3D_FREQ 9% cpu@57.062C soc2@55.75C soc0@56.593C gpu@56.781C tj@58.093C soc1@58.093C VDD_IN 8902mW/8873mW VDD_CPU_GPU_CV 2826mW/2823mW VDD_SOC 2625mW/2625mW
08-04-2026 15:32:12 RAM 3811/7620MB (lfb 1x1MB) SWAP 2370/12002MB (cached 117MB) CPU [0%@1728,0%@1728,0%@1728,0%@1728,100%@1728,0%@1728] GR3D_FREQ 8% cpu@57.093C soc2@55.718C soc0@56.625C gpu@57.062C tj@58.25C soc1@58.25C VDD_IN 8902mW/8873mW VDD_CPU_GPU_CV 2826mW/2823mW VDD_SOC 2625mW/2625mW
08-04-2026 15:32:12 RAM 3818/7620MB (lfb 1x1MB) SWAP 2370/12002MB (cached 117MB) CPU [20%@1728,0%@1728,9%@1728,9%@1728,100%@1728,0%@1728] GR3D_FREQ 8% cpu@57.281C soc2@55.812C soc0@56.687C gpu@56.875C tj@58.156C soc1@58.156C VDD_IN 8943mW/8874mW VDD_CPU_GPU_CV 2867mW/2823mW VDD_SOC 2625mW/2625mW
08-04-2026 15:32:12 RAM 3814/7620MB (lfb 1x1MB) SWAP 2370/12002MB (cached 117MB) CPU [0%@1728,0%@1728,9%@1728,9%@1728,100%@1728,9%@1728] GR3D_FREQ 9% cpu@57.5C soc2@55.812C soc0@56.437C gpu@56.812C tj@58.062C soc1@58.062C VDD_IN 8943mW/8874mW VDD_CPU_GPU_CV 2867mW/2824mW VDD_SOC 2625mW/2625mW
08-04-2026 15:32:12 RAM 3814/7620MB (lfb 1x1MB) SWAP 2370/12002MB (cached 117MB) CPU [0%@1728,0%@1728,0%@1728,0%@1728,100%@1728,0%@1728] GR3D_FREQ 10% cpu@57.031C soc2@55.687C soc0@56.5C gpu@56.781C tj@58.062C soc1@58.062C VDD_IN 8943mW/8874mW VDD_CPU_GPU_CV 2867mW/2824mW VDD_SOC 2625mW/2625mW
08-04-2026 15:32:12 RAM 3814/7620MB (lfb 1x1MB) SWAP 2370/12002MB (cached 117MB) CPU [0%@1728,9%@1728,0%@1728,0%@1728,100%@1728,0%@1728] GR3D_FREQ 8% cpu@57.125C soc2@55.75C soc0@56.562C gpu@56.937C tj@58.218C soc1@58.218C VDD_IN 8902mW/8875mW VDD_CPU_GPU_CV 2867mW/2824mW VDD_SOC 2625mW/2625mW
08-04-2026 15:32:12 RAM 3814/7620MB (lfb 1x1MB) SWAP 2370/12002MB (cached 117MB) CPU [0%@1728,0%@1728,0%@1728,0%@1728,100%@1728,0%@1728] GR3D_FREQ 8% cpu@57.281C soc2@55.781C soc0@56.718C gpu@56.843C tj@58.25C soc1@58.343C VDD_IN 8902mW/8875mW VDD_CPU_GPU_CV 2867mW/2824mW VDD_SOC 2625mW/2625mW
08-04-2026 15:32:12 RAM 3814/7620MB (lfb 1x1MB) SWAP 2370/12002MB (cached 117MB) CPU [0%@1728,0%@1728,8%@1728,0%@1728,100%@1728,0%@1728] GR3D_FREQ 9% cpu@57.375C soc2@55.812C soc0@56.531C gpu@56.937C tj@58.125C soc1@58.125C VDD_IN 8902mW/8875mW VDD_CPU_GPU_CV 2826mW/2824mW VDD_SOC 2625mW/2625mW
08-04-2026 15:32:13 RAM 3814/7620MB (lfb 1x1MB) SWAP 2370/12002MB (cached 117MB) CPU [0%@1728,0%@1728,0%@1728,0%@1728,100%@1728,0%@1728] GR3D_FREQ 10% cpu@57.468C soc2@55.687C soc0@56.5C gpu@56.906C tj@58.125C soc1@58.125C VDD_IN 8902mW/8875mW VDD_CPU_GPU_CV 2826mW/2824mW VDD_SOC 2625mW/2625mW
08-04-2026 15:32:13 RAM 3814/7620MB (lfb 1x1MB) SWAP 2370/12002MB (cached 117MB) CPU [9%@1728,8%@1728,9%@1728,0%@1728,100%@1728,9%@1728] GR3D_FREQ 8% cpu@57.125C soc2@55.75C soc0@56.531C gpu@56.781C tj@58.125C soc1@58.125C VDD_IN 8902mW/8875mW VDD_CPU_GPU_CV 2826mW/2824mW VDD_SOC 2625mW/2625mW
08-04-2026 15:32:13 RAM 3814/7620MB (lfb 1x1MB) SWAP 2370/12002MB (cached 117MB) CPU [9%@1728,0%@1728,0%@1728,0%@1728,100%@1728,0%@1728] GR3D_FREQ 8% cpu@57.093C soc2@55.812C soc0@56.687C gpu@56.937C tj@58.187C soc1@58.187C VDD_IN 8902mW/8875mW VDD_CPU_GPU_CV 2826mW/2824mW VDD_SOC 2625mW/2625mW
08-04-2026 15:32:13 RAM 3814/7620MB (lfb 1x1MB) SWAP 2370/12002MB (cached 117MB) CPU [0%@1728,0%@1728,0%@1728,0%@1728,100%@1728,0%@1728] GR3D_FREQ 8% cpu@57.343C soc2@55.812C soc0@56.625C gpu@56.812C tj@58C soc1@58C VDD_IN 8902mW/8875mW VDD_CPU_GPU_CV 2826mW/2824mW VDD_SOC 2625mW/2625mW
08-04-2026 15:32:13 RAM 3814/7620MB (lfb 1x1MB) SWAP 2370/12002MB (cached 117MB) CPU [0%@1728,0%@1728,0%@1728,0%@1728,100%@1728,0%@1728] GR3D_FREQ 9% cpu@57.406C soc2@55.75C soc0@56.593C gpu@56.781C tj@58C soc1@58C VDD_IN 8902mW/8875mW VDD_CPU_GPU_CV 2826mW/2824mW VDD_SOC 2625mW/2625mW
08-04-2026 15:32:13 RAM 3814/7620MB (lfb 1x1MB) SWAP 2370/12002MB (cached 117MB) CPU [0%@1728,9%@1728,0%@1728,0%@1728,100%@1728,0%@1728] GR3D_FREQ 10% cpu@57.093C soc2@55.75C soc0@56.687C gpu@56.937C tj@58.125C soc1@58.125C VDD_IN 8861mW/8875mW VDD_CPU_GPU_CV 2826mW/2824mW VDD_SOC 2625mW/2625mW
08-04-2026 15:32:13 RAM 3814/7620MB (lfb 1x1MB) SWAP 2370/12002MB (cached 117MB) CPU [0%@1728,0%@1728,9%@1728,0%@1728,100%@1728,0%@1728] GR3D_FREQ 8% cpu@57C soc2@55.812C soc0@56.531C gpu@56.937C tj@58.187C soc1@58.187C VDD_IN 8861mW/8875mW VDD_CPU_GPU_CV 2826mW/2824mW VDD_SOC 2625mW/2625mW
08-04-2026 15:32:13 RAM 3814/7620MB (lfb 1x1MB) SWAP 2370/12002MB (cached 117MB) CPU [0%@1728,0%@1728,0%@1728,0%@1728,100%@1728,0%@1728] GR3D_FREQ 8% cpu@57.218C soc2@55.781C soc0@56.656C gpu@56.812C tj@58.281C soc1@58.281C VDD_IN 8861mW/8875mW VDD_CPU_GPU_CV 2826mW/2824mW VDD_SOC 2625mW/2625mW
08-04-2026 15:32:13 RAM 3814/7620MB (lfb 1x1MB) SWAP 2370/12002MB (cached 117MB) CPU [0%@1728,0%@1728,0%@1728,0%@1728,100%@1728,0%@1728] GR3D_FREQ 8% cpu@57.406C soc2@55.875C soc0@56.468C gpu@56.968C tj@58C soc1@58C VDD_IN 8861mW/8875mW VDD_CPU_GPU_CV 2826mW/2824mW VDD_SOC 2625mW/2625mW
08-04-2026 15:32:14 RAM 3814/7620MB (lfb 1x1MB) SWAP 2370/12002MB (cached 117MB) CPU [0%@1728,0%@1728,0%@1728,0%@1728,100%@1728,0%@1728] GR3D_FREQ 9% cpu@57C soc2@55.625C soc0@56.531C gpu@56.843C tj@58.093C soc1@58.093C VDD_IN 8861mW/8875mW VDD_CPU_GPU_CV 2826mW/2824mW VDD_SOC 2625mW/2625mW
08-04-2026 15:32:14 RAM 3814/7620MB (lfb 1x1MB) SWAP 2370/12002MB (cached 117MB) CPU [0%@1728,0%@1728,9%@1728,0%@1728,100%@1728,0%@1728] GR3D_FREQ 10% cpu@57.125C soc2@55.718C soc0@56.531C gpu@56.968C tj@58.156C soc1@58.156C VDD_IN 8861mW/8875mW VDD_CPU_GPU_CV 2826mW/2824mW VDD_SOC 2625mW/2625mW
08-04-2026 15:32:14 RAM 3814/7620MB (lfb 1x1MB) SWAP 2370/12002MB (cached 117MB) CPU [0%@1728,0%@1728,0%@1728,0%@1728,100%@1728,0%@1728] GR3D_FREQ 8% cpu@57.187C soc2@55.718C soc0@56.625C gpu@56.875C tj@58.187C soc1@58.187C VDD_IN 8902mW/8875mW VDD_CPU_GPU_CV 2826mW/2824mW VDD_SOC 2625mW/2625mW
08-04-2026 15:32:14 RAM 3814/7620MB (lfb 1x1MB) SWAP 2370/12002MB (cached 117MB) CPU [8%@1728,0%@1728,0%@1728,0%@1728,100%@1728,0%@1728] GR3D_FREQ 9% cpu@57.312C soc2@55.812C soc0@56.781C gpu@56.843C tj@58.062C soc1@58.062C VDD_IN 8902mW/8875mW VDD_CPU_GPU_CV 2826mW/2824mW VDD_SOC 2625mW/2625mW
08-04-2026 15:32:14 RAM 3814/7620MB (lfb 1x1MB) SWAP 2370/12002MB (cached 117MB) CPU [0%@1728,0%@1728,0%@1728,0%@1728,100%@1728,0%@1728] GR3D_FREQ 8% cpu@57.406C soc2@55.687C soc0@56.5C gpu@57C tj@58.125C soc1@58.125C VDD_IN 8902mW/8875mW VDD_CPU_GPU_CV 2826mW/2824mW VDD_SOC 2625mW/2625mW
08-04-2026 15:32:14 RAM 3814/7620MB (lfb 1x1MB) SWAP 2370/12002MB (cached 117MB) CPU [0%@1728,0%@1728,0%@1728,0%@1728,100%@1728,0%@1728] GR3D_FREQ 9% cpu@57.031C soc2@55.687C soc0@56.562C gpu@56.875C tj@58.093C soc1@58.093C VDD_IN 8861mW/8875mW VDD_CPU_GPU_CV 2826mW/2824mW VDD_SOC 2625mW/2625mW
08-04-2026 15:32:14 RAM 3814/7620MB (lfb 1x1MB) SWAP 2370/12002MB (cached 117MB) CPU [0%@1728,0%@1728,0%@1728,0%@1728,100%@1728,0%@1728] GR3D_FREQ 9% cpu@57.031C soc2@55.75C soc0@56.625C gpu@56.781C tj@58.156C soc1@58.156C VDD_IN 8861mW/8875mW VDD_CPU_GPU_CV 2826mW/2824mW VDD_SOC 2625mW/2625mW
08-04-2026 15:32:14 RAM 3814/7620MB (lfb 1x1MB) SWAP 2370/12002MB (cached 117MB) CPU [0%@1728,0%@1728,0%@1728,0%@1728,100%@1728,0%@1728] GR3D_FREQ 8% cpu@57.312C soc2@55.75C soc0@56.75C gpu@56.906C tj@58.343C soc1@58.343C VDD_IN 8861mW/8875mW VDD_CPU_GPU_CV 2826mW/2824mW VDD_SOC 2625mW/2625mW
08-04-2026 15:32:14 RAM 3814/7620MB (lfb 1x1MB) SWAP 2370/12002MB (cached 117MB) CPU [0%@1728,0%@1728,0%@1728,0%@1728,100%@1728,0%@1728] GR3D_FREQ 8% cpu@57.437C soc2@55.812C soc0@56.5C gpu@56.843C tj@58.187C soc1@58.187C VDD_IN 8861mW/8875mW VDD_CPU_GPU_CV 2826mW/2824mW VDD_SOC 2625mW/2625mW
08-04-2026 15:32:14 RAM 3814/7620MB (lfb 1x1MB) SWAP 2370/12002MB (cached 117MB) CPU [0%@1728,0%@1728,0%@1728,0%@1728,100%@1728,0%@1728] GR3D_FREQ 8% cpu@57.031C soc2@55.687C soc0@56.531C gpu@56.812C tj@58.062C soc1@58.062C VDD_IN 8861mW/8875mW VDD_CPU_GPU_CV 2826mW/2824mW VDD_SOC 2625mW/2625mW
08-04-2026 15:32:15 RAM 3814/7620MB (lfb 1x1MB) SWAP 2370/12002MB (cached 117MB) CPU [0%@1728,0%@1728,9%@1728,0%@1728,100%@1728,0%@1728] GR3D_FREQ 9% cpu@57.062C soc2@55.718C soc0@56.593C gpu@57C tj@58.125C soc1@58.125C VDD_IN 8861mW/8875mW VDD_CPU_GPU_CV 2826mW/2824mW VDD_SOC 2625mW/2625mW
08-04-2026 15:32:15 RAM 3814/7620MB (lfb 1x1MB) SWAP 2370/12002MB (cached 117MB) CPU [0%@1728,0%@1728,0%@1728,8%@1728,100%@1728,9%@1728] GR3D_FREQ 9% cpu@57.062C soc2@55.812C soc0@56.718C gpu@56.812C tj@58.218C soc1@58.218C VDD_IN 8902mW/8875mW VDD_CPU_GPU_CV 2826mW/2824mW VDD_SOC 2625mW/2625mW
08-04-2026 15:32:15 RAM 3814/7620MB (lfb 1x1MB) SWAP 2370/12002MB (cached 117MB) CPU [0%@1728,0%@1728,0%@1728,0%@1728,100%@1728,0%@1728] GR3D_FREQ 8% cpu@57.281C soc2@55.812C soc0@56.75C gpu@57.031C tj@58C soc1@58C VDD_IN 8902mW/8875mW VDD_CPU_GPU_CV 2826mW/2824mW VDD_SOC 2625mW/2625mW
08-04-2026 15:32:15 RAM 3814/7620MB (lfb 1x1MB) SWAP 2370/12002MB (cached 117MB) CPU [0%@1728,0%@1728,0%@1728,0%@1728,100%@1728,0%@1728] GR3D_FREQ 9% cpu@57.437C soc2@55.593C soc0@56.562C gpu@56.968C tj@58.093C soc1@58.093C VDD_IN 8902mW/8875mW VDD_CPU_GPU_CV 2826mW/2824mW VDD_SOC 2625mW/2625mW
08-04-2026 15:32:15 RAM 3814/7620MB (lfb 1x1MB) SWAP 2370/12002MB (cached 117MB) CPU [0%@1728,0%@1728,0%@1728,0%@1728,100%@1728,0%@1728] GR3D_FREQ 9% cpu@57.187C soc2@55.687C soc0@56.5C gpu@56.843C tj@58.093C soc1@58.093C VDD_IN 8902mW/8876mW VDD_CPU_GPU_CV 2826mW/2824mW VDD_SOC 2625mW/2625mW
08-04-2026 15:32:15 RAM 3814/7620MB (lfb 1x1MB) SWAP 2370/12002MB (cached 117MB) CPU [9%@1728,0%@1728,0%@1728,0%@1728,100%@1728,0%@1728] GR3D_FREQ 10% cpu@57.187C soc2@55.781C soc0@56.562C gpu@56.968C tj@58.187C soc1@58.187C VDD_IN 8902mW/8876mW VDD_CPU_GPU_CV 2826mW/2824mW VDD_SOC 2625mW/2625mW
08-04-2026 15:32:15 RAM 3817/7620MB (lfb 1x1MB) SWAP 2370/12002MB (cached 117MB) CPU [18%@1728,18%@1728,9%@1728,9%@1728,100%@1728,0%@1728] GR3D_FREQ 9% cpu@57.281C soc2@55.812C soc0@56.656C gpu@56.968C tj@58.281C soc1@58.281C VDD_IN 8943mW/8876mW VDD_CPU_GPU_CV 2867mW/2825mW VDD_SOC 2625mW/2625mW
08-04-2026 15:32:15 RAM 3817/7620MB (lfb 1x1MB) SWAP 2370/12002MB (cached 117MB) CPU [0%@1728,0%@1728,0%@1728,0%@1728,100%@1728,0%@1728] GR3D_FREQ 8% cpu@57.5C soc2@55.812C soc0@56.531C gpu@56.843C tj@58.125C soc1@58.125C VDD_IN 8943mW/8876mW VDD_CPU_GPU_CV 2867mW/2825mW VDD_SOC 2625mW/2625mW
08-04-2026 15:32:15 RAM 3817/7620MB (lfb 1x1MB) SWAP 2370/12002MB (cached 117MB) CPU [0%@1728,0%@1728,0%@1728,0%@1728,100%@1728,0%@1728] GR3D_FREQ 8% cpu@57.062C soc2@55.656C soc0@56.531C gpu@57.031C tj@58.125C soc1@58.125C VDD_IN 8943mW/8877mW VDD_CPU_GPU_CV 2867mW/2825mW VDD_SOC 2625mW/2625mW
08-04-2026 15:32:16 RAM 3817/7620MB (lfb 1x1MB) SWAP 2370/12002MB (cached 117MB) CPU [0%@1728,9%@1728,0%@1728,0%@1728,100%@1728,0%@1728] GR3D_FREQ 9% cpu@57.031C soc2@55.812C soc0@56.656C gpu@56.843C tj@58.218C soc1@58.218C VDD_IN 8902mW/8877mW VDD_CPU_GPU_CV 2867mW/2825mW VDD_SOC 2625mW/2625mW
08-04-2026 15:32:16 RAM 3817/7620MB (lfb 1x1MB) SWAP 2370/12002MB (cached 117MB) CPU [8%@1728,0%@1728,0%@1728,8%@1728,100%@1728,9%@1728] GR3D_FREQ 9% cpu@57.062C soc2@55.687C soc0@56.656C gpu@56.843C tj@58.281C soc1@58.281C VDD_IN 8902mW/8877mW VDD_CPU_GPU_CV 2867mW/2825mW VDD_SOC 2625mW/2625mW
08-04-2026 15:32:16 RAM 3817/7620MB (lfb 1x1MB) SWAP 2370/12002MB (cached 117MB) CPU [0%@1728,8%@1728,15%@1728,0%@1728,100%@1728,9%@1728] GR3D_FREQ 8% cpu@57.343C soc2@55.781C soc0@56.781C gpu@56.937C tj@58.093C soc1@58.093C VDD_IN 8902mW/8877mW VDD_CPU_GPU_CV 2867mW/2825mW VDD_SOC 2625mW/2625mW
08-04-2026 15:32:16 RAM 3817/7620MB (lfb 1x1MB) SWAP 2370/12002MB (cached 117MB) CPU [9%@1728,0%@1728,0%@1728,0%@1728,100%@1728,0%@1728] GR3D_FREQ 8% cpu@57.562C soc2@55.75C soc0@56.5C gpu@56.875C tj@58.062C soc1@58.093C VDD_IN 8902mW/8877mW VDD_CPU_GPU_CV 2867mW/2826mW VDD_SOC 2625mW/2625mW
08-04-2026 15:32:16 RAM 3817/7620MB (lfb 1x1MB) SWAP 2370/12002MB (cached 117MB) CPU [0%@1728,0%@1728,0%@1728,0%@1728,100%@1728,0%@1728] GR3D_FREQ 9% cpu@57.031C soc2@55.75C soc0@56.562C gpu@56.812C tj@58.156C soc1@58.156C VDD_IN 8902mW/8877mW VDD_CPU_GPU_CV 2867mW/2826mW VDD_SOC 2625mW/2625mW
08-04-2026 15:32:16 RAM 3817/7620MB (lfb 1x1MB) SWAP 2370/12002MB (cached 117MB) CPU [18%@1728,0%@1728,0%@1728,0%@1728,100%@1728,0%@1728] GR3D_FREQ 10% cpu@57C soc2@55.75C soc0@56.625C gpu@57C tj@58.218C soc1@58.218C VDD_IN 8902mW/8877mW VDD_CPU_GPU_CV 2867mW/2826mW VDD_SOC 2625mW/2625mW
08-04-2026 15:32:16 RAM 3817/7620MB (lfb 1x1MB) SWAP 2370/12002MB (cached 117MB) CPU [0%@1728,0%@1728,0%@1728,0%@1728,100%@1728,0%@1728] GR3D_FREQ 8% cpu@57.281C soc2@55.781C soc0@56.75C gpu@56.875C tj@58.031C soc1@58.031C VDD_IN 8902mW/8877mW VDD_CPU_GPU_CV 2867mW/2826mW VDD_SOC 2625mW/2625mW
08-04-2026 15:32:16 RAM 3817/7620MB (lfb 1x1MB) SWAP 2370/12002MB (cached 117MB) CPU [0%@1728,0%@1728,0%@1728,0%@1728,100%@1728,0%@1728] GR3D_FREQ 9% cpu@57.5C soc2@55.687C soc0@56.5C gpu@56.781C tj@58.125C soc1@58.125C VDD_IN 8902mW/8877mW VDD_CPU_GPU_CV 2867mW/2826mW VDD_SOC 2625mW/2625mW
08-04-2026 15:32:16 RAM 3817/7620MB (lfb 1x1MB) SWAP 2370/12002MB (cached 117MB) CPU [0%@1728,9%@1728,0%@1728,0%@1728,100%@1728,0%@1728] GR3D_FREQ 8% cpu@57C soc2@55.687C soc0@56.5C gpu@56.937C tj@58.062C soc1@58.062C VDD_IN 8902mW/8877mW VDD_CPU_GPU_CV 2826mW/2826mW VDD_SOC 2625mW/2625mW
08-04-2026 15:32:16 RAM 3817/7620MB (lfb 1x1MB) SWAP 2370/12002MB (cached 117MB) CPU [0%@1728,0%@1728,0%@1728,0%@1728,100%@1728,0%@1728] GR3D_FREQ 9% cpu@57C soc2@55.718C soc0@56.625C gpu@56.875C tj@58.125C soc1@58.187C VDD_IN 8902mW/8878mW VDD_CPU_GPU_CV 2826mW/2826mW VDD_SOC 2625mW/2625mW
08-04-2026 15:32:17 RAM 3817/7620MB (lfb 1x1MB) SWAP 2370/12002MB (cached 117MB) CPU [0%@1728,0%@1728,0%@1728,0%@1728,100%@1728,0%@1728] GR3D_FREQ 9% cpu@57C soc2@55.812C soc0@56.781C gpu@57C tj@58.281C soc1@58.281C VDD_IN 8902mW/8878mW VDD_CPU_GPU_CV 2826mW/2826mW VDD_SOC 2625mW/2625mW
08-04-2026 15:32:17 RAM 3817/7620MB (lfb 1x1MB) SWAP 2370/12002MB (cached 117MB) CPU [0%@1728,0%@1728,9%@1728,0%@1728,100%@1728,9%@1728] GR3D_FREQ 8% cpu@57.406C soc2@55.812C soc0@56.781C gpu@56.937C tj@57.968C soc1@57.968C VDD_IN 8902mW/8878mW VDD_CPU_GPU_CV 2826mW/2826mW VDD_SOC 2625mW/2625mW
08-04-2026 15:32:17 RAM 3817/7620MB (lfb 1x1MB) SWAP 2370/12002MB (cached 117MB) CPU [0%@1728,0%@1728,0%@1728,0%@1728,100%@1728,0%@1728] GR3D_FREQ 8% cpu@57.093C soc2@55.687C soc0@56.531C gpu@56.875C tj@58.125C soc1@58.093C VDD_IN 8902mW/8878mW VDD_CPU_GPU_CV 2826mW/2826mW VDD_SOC 2625mW/2625mW
08-04-2026 15:32:17 RAM 3817/7620MB (lfb 1x1MB) SWAP 2370/12002MB (cached 117MB) CPU [9%@1728,0%@1728,0%@1728,0%@1728,100%@1728,0%@1728] GR3D_FREQ 9% cpu@57.093C soc2@55.781C soc0@56.531C gpu@57C tj@58.125C soc1@58.125C VDD_IN 8902mW/8878mW VDD_CPU_GPU_CV 2826mW/2826mW VDD_SOC 2625mW/2625mW
08-04-2026 15:32:17 RAM 3817/7620MB (lfb 1x1MB) SWAP 2370/12002MB (cached 117MB) CPU [0%@1728,0%@1728,0%@1728,0%@1728,100%@1728,0%@1728] GR3D_FREQ 10% cpu@57.125C soc2@55.75C soc0@56.593C gpu@56.906C tj@58.281C soc1@58.281C VDD_IN 8902mW/8878mW VDD_CPU_GPU_CV 2826mW/2826mW VDD_SOC 2625mW/2625mW
08-04-2026 15:32:17 RAM 3817/7620MB (lfb 1x1MB) SWAP 2370/12002MB (cached 117MB) CPU [0%@1728,0%@1728,0%@1728,9%@1728,100%@1728,0%@1728] GR3D_FREQ 8% cpu@57.343C soc2@55.875C soc0@56.75C gpu@56.875C tj@58.218C soc1@58.218C VDD_IN 8902mW/8878mW VDD_CPU_GPU_CV 2826mW/2826mW VDD_SOC 2625mW/2625mW
08-04-2026 15:32:17 RAM 3817/7620MB (lfb 1x1MB) SWAP 2370/12002MB (cached 117MB) CPU [0%@1728,0%@1728,0%@1728,0%@1728,100%@1728,0%@1728] GR3D_FREQ 8% cpu@57.468C soc2@55.656C soc0@56.5C gpu@57.031C tj@58.031C soc1@58.031C VDD_IN 8861mW/8878mW VDD_CPU_GPU_CV 2826mW/2826mW VDD_SOC 2625mW/2625mW
08-04-2026 15:32:17 RAM 3817/7620MB (lfb 1x1MB) SWAP 2370/12002MB (cached 117MB) CPU [0%@1728,0%@1728,0%@1728,0%@1728,100%@1728,0%@1728] GR3D_FREQ 9% cpu@57.125C soc2@55.781C soc0@56.531C gpu@56.906C tj@58.156C soc1@58.156C VDD_IN 8861mW/8878mW VDD_CPU_GPU_CV 2826mW/2826mW VDD_SOC 2625mW/2625mW
08-04-2026 15:32:17 RAM 3817/7620MB (lfb 1x1MB) SWAP 2370/12002MB (cached 117MB) CPU [0%@1728,9%@1728,0%@1728,0%@1728,100%@1728,0%@1728] GR3D_FREQ 9% cpu@57.093C soc2@55.75C soc0@56.593C gpu@57.125C tj@58.156C soc1@58.156C VDD_IN 8861mW/8878mW VDD_CPU_GPU_CV 2826mW/2826mW VDD_SOC 2625mW/2625mW
08-04-2026 15:32:18 RAM 3817/7620MB (lfb 1x1MB) SWAP 2370/12002MB (cached 117MB) CPU [0%@1728,0%@1728,9%@1728,0%@1728,100%@1728,0%@1728] GR3D_FREQ 11% cpu@57.156C soc2@55.75C soc0@56.718C gpu@57C tj@58.312C soc1@58.312C VDD_IN 8861mW/8878mW VDD_CPU_GPU_CV 2826mW/2826mW VDD_SOC 2625mW/2625mW
08-04-2026 15:32:18 RAM 3817/7620MB (lfb 1x1MB) SWAP 2370/12002MB (cached 117MB) CPU [0%@1728,0%@1728,0%@1728,0%@1728,100%@1728,0%@1728] GR3D_FREQ 9% cpu@57.5C soc2@55.843C soc0@56.781C gpu@56.906C tj@58C soc1@58C VDD_IN 8902mW/8878mW VDD_CPU_GPU_CV 2826mW/2826mW VDD_SOC 2625mW/2625mW
08-04-2026 15:32:18 RAM 3817/7620MB (lfb 1x1MB) SWAP 2370/12002MB (cached 117MB) CPU [0%@1728,0%@1728,9%@1728,0%@1728,100%@1728,9%@1728] GR3D_FREQ 8% cpu@57.093C soc2@55.687C soc0@56.625C gpu@57.031C tj@58.093C soc1@58.093C VDD_IN 8902mW/8878mW VDD_CPU_GPU_CV 2826mW/2826mW VDD_SOC 2625mW/2625mW
08-04-2026 15:32:18 RAM 3817/7620MB (lfb 1x1MB) SWAP 2370/12002MB (cached 117MB) CPU [0%@1728,0%@1728,0%@1728,0%@1728,100%@1728,0%@1728] GR3D_FREQ 8% cpu@57.062C soc2@55.75C soc0@56.625C gpu@56.906C tj@58.156C soc1@58.156C VDD_IN 8902mW/8878mW VDD_CPU_GPU_CV 2826mW/2826mW VDD_SOC 2625mW/2625mW
08-04-2026 15:32:18 RAM 3817/7620MB (lfb 1x1MB) SWAP 2370/12002MB (cached 117MB) CPU [0%@1728,0%@1728,0%@1728,0%@1728,100%@1728,0%@1728] GR3D_FREQ 9% cpu@57.093C soc2@55.812C soc0@56.593C gpu@56.875C tj@58.281C soc1@58.281C VDD_IN 8902mW/8878mW VDD_CPU_GPU_CV 2826mW/2826mW VDD_SOC 2625mW/2625mW
08-04-2026 15:32:18 RAM 3817/7620MB (lfb 1x1MB) SWAP 2370/12002MB (cached 117MB) CPU [8%@1728,0%@1728,0%@1728,0%@1728,100%@1728,0%@1728] GR3D_FREQ 9% cpu@57.312C soc2@55.781C soc0@56.718C gpu@57.031C tj@58C soc1@58C VDD_IN 8902mW/8878mW VDD_CPU_GPU_CV 2826mW/2826mW VDD_SOC 2625mW/2625mW
08-04-2026 15:32:18 RAM 3817/7620MB (lfb 1x1MB) SWAP 2370/12002MB (cached 117MB) CPU [0%@1728,0%@1728,0%@1728,0%@1728,100%@1728,0%@1728] GR3D_FREQ 8% cpu@57.531C soc2@55.718C soc0@56.5C gpu@56.968C tj@58.031C soc1@58.031C VDD_IN 8861mW/8878mW VDD_CPU_GPU_CV 2826mW/2826mW VDD_SOC 2625mW/2625mW
08-04-2026 15:32:18 RAM 3817/7620MB (lfb 1x1MB) SWAP 2370/12002MB (cached 117MB) CPU [0%@1728,0%@1728,0%@1728,0%@1728,100%@1728,0%@1728] GR3D_FREQ 8% cpu@57.031C soc2@55.75C soc0@56.562C gpu@56.937C tj@58.156C soc1@58.156C VDD_IN 8861mW/8878mW VDD_CPU_GPU_CV 2826mW/2826mW VDD_SOC 2625mW/2625mW
08-04-2026 15:32:18 RAM 3817/7620MB (lfb 1x1MB) SWAP 2370/12002MB (cached 117MB) CPU [0%@1728,0%@1728,0%@1728,0%@1728,100%@1728,0%@1728] GR3D_FREQ 9% cpu@57.187C soc2@55.781C soc0@56.593C gpu@57.031C tj@58.187C soc1@58.187C VDD_IN 8861mW/8878mW VDD_CPU_GPU_CV 2826mW/2826mW VDD_SOC 2625mW/2625mW
08-04-2026 15:32:18 RAM 3817/7620MB (lfb 1x1MB) SWAP 2370/12002MB (cached 117MB) CPU [0%@1728,10%@1728,30%@1728,9%@1728,100%@1728,0%@1728] GR3D_FREQ 10% cpu@57.406C soc2@55.812C soc0@56.781C gpu@56.906C tj@58.312C soc1@58.312C VDD_IN 8943mW/8878mW VDD_CPU_GPU_CV 2867mW/2826mW VDD_SOC 2625mW/2625mW
08-04-2026 15:32:19 RAM 3817/7620MB (lfb 1x1MB) SWAP 2370/12002MB (cached 117MB) CPU [0%@1728,0%@1728,0%@1728,0%@1728,100%@1728,0%@1728] GR3D_FREQ 8% cpu@57.5C soc2@55.718C soc0@56.531C gpu@56.875C tj@58.125C soc1@58.125C VDD_IN 8943mW/8879mW VDD_CPU_GPU_CV 2867mW/2827mW VDD_SOC 2625mW/2625mW
08-04-2026 15:32:19 RAM 3817/7620MB (lfb 1x1MB) SWAP 2370/12002MB (cached 117MB) CPU [0%@1728,9%@1728,9%@1728,0%@1728,100%@1728,9%@1728] GR3D_FREQ 9% cpu@57.125C soc2@55.75C soc0@56.5C gpu@57C tj@58.125C soc1@58.125C VDD_IN 8943mW/8879mW VDD_CPU_GPU_CV 2867mW/2827mW VDD_SOC 2625mW/2625mW
08-04-2026 15:32:19 RAM 3817/7620MB (lfb 1x1MB) SWAP 2370/12002MB (cached 117MB) CPU [9%@1728,0%@1728,0%@1728,0%@1728,100%@1728,0%@1728] GR3D_FREQ 8% cpu@57.125C soc2@55.781C soc0@56.687C gpu@56.937C tj@58.156C soc1@58.25C VDD_IN 8943mW/8879mW VDD_CPU_GPU_CV 2867mW/2827mW VDD_SOC 2625mW/2625mW
08-04-2026 15:32:19 RAM 3817/7620MB (lfb 1x1MB) SWAP 2370/12002MB (cached 117MB) CPU [0%@1728,0%@1728,0%@1728,0%@1728,100%@1728,0%@1728] GR3D_FREQ 8% cpu@57.25C soc2@55.812C soc0@56.718C gpu@56.875C tj@58.25C soc1@58.25C VDD_IN 8902mW/8879mW VDD_CPU_GPU_CV 2867mW/2827mW VDD_SOC 2625mW/2625mW
08-04-2026 15:32:19 RAM 3817/7620MB (lfb 1x1MB) SWAP 2370/12002MB (cached 117MB) CPU [0%@1728,0%@1728,0%@1728,0%@1728,100%@1728,9%@1728] GR3D_FREQ 11% cpu@57.406C soc2@55.812C soc0@56.781C gpu@57.031C tj@58.062C soc1@58.062C VDD_IN 8902mW/8879mW VDD_CPU_GPU_CV 2867mW/2827mW VDD_SOC 2625mW/2625mW
08-04-2026 15:32:19 RAM 3817/7620MB (lfb 1x1MB) SWAP 2370/12002MB (cached 117MB) CPU [0%@1728,0%@1728,0%@1728,0%@1728,100%@1728,0%@1728] GR3D_FREQ 9% cpu@57.062C soc2@55.718C soc0@56.531C gpu@56.937C tj@58.125C soc1@58.125C VDD_IN 8902mW/8879mW VDD_CPU_GPU_CV 2867mW/2827mW VDD_SOC 2625mW/2625mW
08-04-2026 15:32:19 RAM 3817/7620MB (lfb 1x1MB) SWAP 2370/12002MB (cached 117MB) CPU [0%@1728,0%@1728,0%@1728,8%@1728,100%@1728,0%@1728] GR3D_FREQ 8% cpu@57.093C soc2@55.75C soc0@56.625C gpu@56.843C tj@58.187C soc1@58.187C VDD_IN 8902mW/8879mW VDD_CPU_GPU_CV 2867mW/2828mW VDD_SOC 2625mW/2625mW
08-04-2026 15:32:19 RAM 3817/7620MB (lfb 1x1MB) SWAP 2370/12002MB (cached 117MB) CPU [9%@1728,0%@1728,0%@1728,0%@1728,100%@1728,0%@1728] GR3D_FREQ 8% cpu@57.093C soc2@55.75C soc0@56.625C gpu@57.031C tj@58.25C soc1@58.25C VDD_IN 8902mW/8880mW VDD_CPU_GPU_CV 2826mW/2828mW VDD_SOC 2625mW/2625mW
08-04-2026 15:32:19 RAM 3817/7620MB (lfb 1x1MB) SWAP 2370/12002MB (cached 117MB) CPU [0%@1728,0%@1728,0%@1728,0%@1728,100%@1728,0%@1728] GR3D_FREQ 9% cpu@57.375C soc2@55.812C soc0@56.781C gpu@56.906C tj@58.093C soc1@58.093C VDD_IN 8902mW/8880mW VDD_CPU_GPU_CV 2826mW/2828mW VDD_SOC 2625mW/2625mW
08-04-2026 15:32:20 RAM 3817/7620MB (lfb 1x1MB) SWAP 2370/12002MB (cached 117MB) CPU [0%@1728,0%@1728,0%@1728,0%@1728,100%@1728,0%@1728] GR3D_FREQ 9% cpu@57.5C soc2@55.718C soc0@56.468C gpu@56.781C tj@58.093C soc1@58.093C VDD_IN 8902mW/8880mW VDD_CPU_GPU_CV 2826mW/2828mW VDD_SOC 2625mW/2625mW
08-04-2026 15:32:20 RAM 3817/7620MB (lfb 1x1MB) SWAP 2370/12002MB (cached 117MB) CPU [0%@1728,9%@1728,9%@1728,9%@1728,100%@1728,0%@1728] GR3D_FREQ 8% cpu@57.156C soc2@55.781C soc0@56.625C gpu@56.906C tj@58.093C soc1@58.093C VDD_IN 8902mW/8880mW VDD_CPU_GPU_CV 2826mW/2828mW VDD_SOC 2625mW/2625mW
08-04-2026 15:32:20 RAM 3817/7620MB (lfb 1x1MB) SWAP 2370/12002MB (cached 117MB) CPU [0%@1728,0%@1728,0%@1728,0%@1728,100%@1728,0%@1728] GR3D_FREQ 8% cpu@57C soc2@55.718C soc0@56.593C gpu@56.937C tj@58.125C soc1@58.125C VDD_IN 8902mW/8880mW VDD_CPU_GPU_CV 2826mW/2828mW VDD_SOC 2625mW/2625mW
08-04-2026 15:32:20 RAM 3817/7620MB (lfb 1x1MB) SWAP 2370/12002MB (cached 117MB) CPU [0%@1728,0%@1728,0%@1728,0%@1728,100%@1728,0%@1728] GR3D_FREQ 9% cpu@57.218C soc2@55.75C soc0@56.75C gpu@57.031C tj@58.281C soc1@58.281C VDD_IN 8902mW/8880mW VDD_CPU_GPU_CV 2826mW/2827mW VDD_SOC 2625mW/2625mW
08-04-2026 15:32:20 RAM 3817/7620MB (lfb 1x1MB) SWAP 2370/12002MB (cached 117MB) CPU [0%@1728,0%@1728,0%@1728,0%@1728,100%@1728,0%@1728] GR3D_FREQ 10% cpu@57.468C soc2@55.812C soc0@56.531C gpu@56.937C tj@58.125C soc1@58.125C VDD_IN 8902mW/8880mW VDD_CPU_GPU_CV 2826mW/2827mW VDD_SOC 2625mW/2625mW
08-04-2026 15:32:20 RAM 3817/7620MB (lfb 1x1MB) SWAP 2370/12002MB (cached 117MB) CPU [0%@1728,0%@1728,0%@1728,9%@1728,100%@1728,0%@1728] GR3D_FREQ 8% cpu@57.031C soc2@55.75C soc0@56.562C gpu@56.875C tj@58.125C soc1@58.125C VDD_IN 8902mW/8880mW VDD_CPU_GPU_CV 2826mW/2827mW VDD_SOC 2625mW/2625mW
08-04-2026 15:32:20 RAM 3817/7620MB (lfb 1x1MB) SWAP 2370/12002MB (cached 117MB) CPU [0%@1728,0%@1728,0%@1728,8%@1728,100%@1728,0%@1728] GR3D_FREQ 9% cpu@57.062C soc2@55.781C soc0@56.656C gpu@57.031C tj@58.125C soc1@58.125C VDD_IN 8902mW/8880mW VDD_CPU_GPU_CV 2826mW/2827mW VDD_SOC 2625mW/2625mW
08-04-2026 15:32:20 RAM 3817/7620MB (lfb 1x1MB) SWAP 2370/12002MB (cached 117MB) CPU [8%@1728,0%@1728,0%@1728,0%@1728,100%@1728,0%@1728] GR3D_FREQ 8% cpu@57.031C soc2@55.812C soc0@56.625C gpu@56.906C tj@58.187C soc1@58.187C VDD_IN 8861mW/8880mW VDD_CPU_GPU_CV 2826mW/2827mW VDD_SOC 2625mW/2625mW
08-04-2026 15:32:20 RAM 3817/7620MB (lfb 1x1MB) SWAP 2370/12002MB (cached 117MB) CPU [0%@1728,0%@1728,0%@1728,0%@1728,100%@1728,0%@1728] GR3D_FREQ 9% cpu@57.343C soc2@55.812C soc0@56.75C gpu@56.812C tj@58.031C soc1@58.031C VDD_IN 8861mW/8880mW VDD_CPU_GPU_CV 2826mW/2827mW VDD_SOC 2625mW/2625mW
08-04-2026 15:32:20 RAM 3817/7620MB (lfb 1x1MB) SWAP 2370/12002MB (cached 117MB) CPU [0%@1728,0%@1728,0%@1728,0%@1728,100%@1728,0%@1728] GR3D_FREQ 9% cpu@57.593C soc2@55.75C soc0@56.437C gpu@56.968C tj@58.093C soc1@58.093C VDD_IN 8861mW/8880mW VDD_CPU_GPU_CV 2826mW/2827mW VDD_SOC 2625mW/2625mW
08-04-2026 15:32:21 RAM 3817/7620MB (lfb 1x1MB) SWAP 2370/12002MB (cached 117MB) CPU [0%@1728,0%@1728,0%@1728,0%@1728,100%@1728,0%@1728] GR3D_FREQ 8% cpu@57.093C soc2@55.687C soc0@56.562C gpu@56.937C tj@58.156C soc1@58.156C VDD_IN 8861mW/8880mW VDD_CPU_GPU_CV 2826mW/2827mW VDD_SOC 2625mW/2625mW
08-04-2026 15:32:21 RAM 3817/7620MB (lfb 1x1MB) SWAP 2370/12002MB (cached 117MB) CPU [9%@1728,9%@1728,0%@1728,0%@1728,100%@1728,9%@1728] GR3D_FREQ 8% cpu@57.031C soc2@55.75C soc0@56.625C gpu@56.937C tj@58.125C soc1@58.187C VDD_IN 8861mW/8880mW VDD_CPU_GPU_CV 2826mW/2827mW VDD_SOC 2625mW/2625mW
08-04-2026 15:32:21 RAM 3817/7620MB (lfb 1x1MB) SWAP 2370/12002MB (cached 117MB) CPU [0%@1728,0%@1728,8%@1728,0%@1728,100%@1728,0%@1728] GR3D_FREQ 8% cpu@57.406C soc2@55.781C soc0@56.718C gpu@56.937C tj@58.218C soc1@58.218C VDD_IN 8902mW/8880mW VDD_CPU_GPU_CV 2826mW/2827mW VDD_SOC 2625mW/2625mW
08-04-2026 15:32:21 RAM 3817/7620MB (lfb 1x1MB) SWAP 2370/12002MB (cached 117MB) CPU [0%@1728,0%@1728,9%@1728,0%@1728,100%@1728,0%@1728] GR3D_FREQ 9% cpu@57.406C soc2@55.812C soc0@56.781C gpu@56.906C tj@58.093C soc1@58.093C VDD_IN 8902mW/8880mW VDD_CPU_GPU_CV 2826mW/2827mW VDD_SOC 2625mW/2625mW
08-04-2026 15:32:21 RAM 3817/7620MB (lfb 1x1MB) SWAP 2370/12002MB (cached 117MB) CPU [0%@1728,0%@1728,0%@1728,0%@1728,100%@1728,0%@1728] GR3D_FREQ 9% cpu@57.093C soc2@55.75C soc0@56.531C gpu@57.062C tj@58.062C soc1@58.156C VDD_IN 8861mW/8880mW VDD_CPU_GPU_CV 2826mW/2827mW VDD_SOC 2625mW/2625mW
08-04-2026 15:32:21 RAM 3817/7620MB (lfb 1x1MB) SWAP 2370/12002MB (cached 117MB) CPU [0%@1728,0%@1728,0%@1728,0%@1728,100%@1728,0%@1728] GR3D_FREQ 8% cpu@57.093C soc2@55.781C soc0@56.531C gpu@56.937C tj@58.125C soc1@58.125C VDD_IN 8861mW/8880mW VDD_CPU_GPU_CV 2826mW/2827mW VDD_SOC 2625mW/2625mW
08-04-2026 15:32:21 RAM 3817/7620MB (lfb 1x1MB) SWAP 2370/12002MB (cached 117MB) CPU [0%@1728,0%@1728,0%@1728,0%@1728,100%@1728,0%@1728] GR3D_FREQ 9% cpu@57.093C soc2@55.75C soc0@56.593C gpu@56.906C tj@58.343C soc1@58.343C VDD_IN 8861mW/8880mW VDD_CPU_GPU_CV 2826mW/2827mW VDD_SOC 2625mW/2625mW
08-04-2026 15:32:21 RAM 3817/7620MB (lfb 1x1MB) SWAP 2370/12002MB (cached 117MB) CPU [0%@1728,0%@1728,0%@1728,0%@1728,100%@1728,0%@1728] GR3D_FREQ 9% cpu@57.468C soc2@55.75C soc0@56.718C gpu@57.125C tj@58.312C soc1@58.062C VDD_IN 8861mW/8880mW VDD_CPU_GPU_CV 2826mW/2827mW VDD_SOC 2625mW/2625mW
08-04-2026 15:32:21 RAM 3817/7620MB (lfb 1x1MB) SWAP 2370/12002MB (cached 117MB) CPU [0%@1728,0%@1728,0%@1728,0%@1728,100%@1728,0%@1728] GR3D_FREQ 10% cpu@57.093C soc2@55.75C soc0@56.531C gpu@56.968C tj@58.125C soc1@58.125C VDD_IN 8861mW/8880mW VDD_CPU_GPU_CV 2826mW/2827mW VDD_SOC 2625mW/2625mW
08-04-2026 15:32:22 RAM 3817/7620MB (lfb 1x1MB) SWAP 2370/12002MB (cached 117MB) CPU [0%@1728,0%@1728,0%@1728,0%@1728,100%@1728,0%@1728] GR3D_FREQ 9% cpu@57.062C soc2@55.718C soc0@56.531C gpu@56.937C tj@58.093C soc1@58.093C VDD_IN 8861mW/8880mW VDD_CPU_GPU_CV 2826mW/2827mW VDD_SOC 2625mW/2625mW
08-04-2026 15:32:22 RAM 3817/7620MB (lfb 1x1MB) SWAP 2370/12002MB (cached 117MB) CPU [0%@1728,0%@1728,0%@1728,8%@1728,100%@1728,9%@1728] GR3D_FREQ 8% cpu@57.031C soc2@55.781C soc0@56.593C gpu@57.031C tj@58.218C soc1@58.312C VDD_IN 8861mW/8880mW VDD_CPU_GPU_CV 2826mW/2827mW VDD_SOC 2625mW/2625mW
08-04-2026 15:32:22 RAM 3815/7620MB (lfb 1x1MB) SWAP 2370/12002MB (cached 117MB) CPU [0%@1728,0%@1728,20%@1728,10%@1728,100%@1728,0%@1728] GR3D_FREQ 8% cpu@57.437C soc2@55.812C soc0@56.75C gpu@56.906C tj@58.343C soc1@58.343C VDD_IN 8984mW/8880mW VDD_CPU_GPU_CV 2867mW/2828mW VDD_SOC 2625mW/2625mW
08-04-2026 15:32:22 RAM 3815/7620MB (lfb 1x1MB) SWAP 2370/12002MB (cached 117MB) CPU [0%@1728,0%@1728,9%@1728,0%@1728,100%@1728,0%@1728] GR3D_FREQ 9% cpu@57.468C soc2@55.75C soc0@56.531C gpu@56.906C tj@58.062C soc1@58.062C VDD_IN 8943mW/8880mW VDD_CPU_GPU_CV 2867mW/2828mW VDD_SOC 2625mW/2625mW
08-04-2026 15:32:22 RAM 3815/7620MB (lfb 1x1MB) SWAP 2370/12002MB (cached 117MB) CPU [0%@1728,9%@1728,0%@1728,0%@1728,100%@1728,0%@1728] GR3D_FREQ 9% cpu@57.062C soc2@55.718C soc0@56.593C gpu@57.062C tj@58.125C soc1@58.125C VDD_IN 8943mW/8880mW VDD_CPU_GPU_CV 2867mW/2828mW VDD_SOC 2625mW/2625mW
08-04-2026 15:32:22 RAM 3815/7620MB (lfb 1x1MB) SWAP 2370/12002MB (cached 117MB) CPU [0%@1728,0%@1728,9%@1728,0%@1728,100%@1728,0%@1728] GR3D_FREQ 8% cpu@57C soc2@55.75C soc0@56.656C gpu@56.968C tj@58.187C soc1@58.187C VDD_IN 8902mW/8880mW VDD_CPU_GPU_CV 2867mW/2828mW VDD_SOC 2625mW/2625mW
08-04-2026 15:32:22 RAM 3815/7620MB (lfb 1x1MB) SWAP 2370/12002MB (cached 117MB) CPU [8%@1728,0%@1728,0%@1728,0%@1728,100%@1728,0%@1728] GR3D_FREQ 8% cpu@57.125C soc2@55.812C soc0@56.656C gpu@56.906C tj@58.281C soc1@58.281C VDD_IN 8902mW/8880mW VDD_CPU_GPU_CV 2867mW/2828mW VDD_SOC 2625mW/2625mW
08-04-2026 15:32:22 RAM 3815/7620MB (lfb 1x1MB) SWAP 2370/12002MB (cached 117MB) CPU [0%@1728,0%@1728,0%@1728,0%@1728,100%@1728,0%@1728] GR3D_FREQ 9% cpu@57.406C soc2@55.812C soc0@56.781C gpu@57.031C tj@58.125C soc1@58.125C VDD_IN 8902mW/8881mW VDD_CPU_GPU_CV 2826mW/2828mW VDD_SOC 2625mW/2625mW
08-04-2026 15:32:22 RAM 3815/7620MB (lfb 1x1MB) SWAP 2370/12002MB (cached 117MB) CPU [0%@1728,0%@1728,0%@1728,0%@1728,100%@1728,0%@1728] GR3D_FREQ 9% cpu@57.031C soc2@55.687C soc0@56.5C gpu@56.937C tj@58.125C soc1@58.125C VDD_IN 8902mW/8881mW VDD_CPU_GPU_CV 2826mW/2828mW VDD_SOC 2625mW/2625mW
08-04-2026 15:32:22 RAM 3815/7620MB (lfb 1x1MB) SWAP 2370/12002MB (cached 117MB) CPU [10%@1728,9%@1728,0%@1728,0%@1728,100%@1728,0%@1728] GR3D_FREQ 9% cpu@57.062C soc2@55.781C soc0@56.656C gpu@57.156C tj@58.156C soc1@58.156C VDD_IN 8902mW/8881mW VDD_CPU_GPU_CV 2826mW/2828mW VDD_SOC 2625mW/2625mW
08-04-2026 15:32:23 RAM 3815/7620MB (lfb 1x1MB) SWAP 2370/12002MB (cached 117MB) CPU [8%@1728,0%@1728,9%@1728,0%@1728,100%@1728,0%@1728] GR3D_FREQ 9% cpu@57.093C soc2@55.75C soc0@56.656C gpu@57.031C tj@58.25C soc1@58.25C VDD_IN 8902mW/8881mW VDD_CPU_GPU_CV 2826mW/2828mW VDD_SOC 2625mW/2625mW
08-04-2026 15:32:23 RAM 3815/7620MB (lfb 1x1MB) SWAP 2370/12002MB (cached 117MB) CPU [0%@1728,0%@1728,0%@1728,9%@1728,100%@1728,0%@1728] GR3D_FREQ 8% cpu@57.437C soc2@55.75C soc0@56.75C gpu@56.843C tj@58.375C soc1@58.375C VDD_IN 8902mW/8881mW VDD_CPU_GPU_CV 2826mW/2828mW VDD_SOC 2625mW/2625mW
08-04-2026 15:32:23 RAM 3815/7620MB (lfb 1x1MB) SWAP 2370/12002MB (cached 117MB) CPU [0%@1728,9%@1728,0%@1728,0%@1728,100%@1728,0%@1728] GR3D_FREQ 9% cpu@57.5C soc2@55.687C soc0@56.5C gpu@57.062C tj@58.125C soc1@58.125C VDD_IN 8902mW/8881mW VDD_CPU_GPU_CV 2867mW/2828mW VDD_SOC 2625mW/2625mW
08-04-2026 15:32:23 RAM 3815/7620MB (lfb 1x1MB) SWAP 2370/12002MB (cached 117MB) CPU [0%@1728,0%@1728,0%@1728,0%@1728,100%@1728,0%@1728] GR3D_FREQ 10% cpu@57.093C soc2@55.687C soc0@56.562C gpu@57C tj@58.156C soc1@58.156C VDD_IN 8902mW/8881mW VDD_CPU_GPU_CV 2826mW/2828mW VDD_SOC 2625mW/2625mW
08-04-2026 15:32:23 RAM 3815/7620MB (lfb 1x1MB) SWAP 2370/12002MB (cached 117MB) CPU [0%@1728,0%@1728,0%@1728,0%@1728,100%@1728,0%@1728] GR3D_FREQ 9% cpu@57.125C soc2@55.812C soc0@56.593C gpu@56.968C tj@58.156C soc1@58.156C VDD_IN 8902mW/8881mW VDD_CPU_GPU_CV 2826mW/2828mW VDD_SOC 2625mW/2625mW
08-04-2026 15:32:23 RAM 3815/7620MB (lfb 1x1MB) SWAP 2370/12002MB (cached 117MB) CPU [0%@1728,9%@1728,0%@1728,0%@1728,100%@1728,0%@1728] GR3D_FREQ 8% cpu@57.125C soc2@55.781C soc0@56.718C gpu@57.062C tj@58.281C soc1@58.281C VDD_IN 8902mW/8881mW VDD_CPU_GPU_CV 2826mW/2828mW VDD_SOC 2625mW/2625mW
08-04-2026 15:32:23 RAM 3815/7620MB (lfb 1x1MB) SWAP 2370/12002MB (cached 117MB) CPU [8%@1728,0%@1728,0%@1728,0%@1728,100%@1728,0%@1728] GR3D_FREQ 8% cpu@57.437C soc2@55.812C soc0@56.812C gpu@56.906C tj@58.031C soc1@58.031C VDD_IN 8902mW/8881mW VDD_CPU_GPU_CV 2826mW/2828mW VDD_SOC 2625mW/2625mW
08-04-2026 15:32:23 RAM 3815/7620MB (lfb 1x1MB) SWAP 2370/12002MB (cached 117MB) CPU [0%@1728,0%@1728,0%@1728,0%@1728,100%@1728,0%@1728] GR3D_FREQ 9% cpu@57.062C soc2@55.75C soc0@56.625C gpu@56.906C tj@58.125C soc1@58.125C VDD_IN 8861mW/8881mW VDD_CPU_GPU_CV 2867mW/2828mW VDD_SOC 2625mW/2625mW
08-04-2026 15:32:23 RAM 3815/7620MB (lfb 1x1MB) SWAP 2370/12002MB (cached 117MB) CPU [0%@1728,0%@1728,0%@1728,9%@1728,100%@1728,0%@1728] GR3D_FREQ 11% cpu@57.093C soc2@55.781C soc0@56.562C gpu@57.062C tj@58.187C soc1@58.187C VDD_IN 8902mW/8881mW VDD_CPU_GPU_CV 2826mW/2828mW VDD_SOC 2625mW/2625mW
08-04-2026 15:32:24 RAM 3815/7620MB (lfb 1x1MB) SWAP 2370/12002MB (cached 117MB) CPU [0%@1728,0%@1728,0%@1728,0%@1728,100%@1728,0%@1728] GR3D_FREQ 8% cpu@57.125C soc2@55.812C soc0@56.562C gpu@56.968C tj@58.187C soc1@58.187C VDD_IN 8861mW/8881mW VDD_CPU_GPU_CV 2826mW/2828mW VDD_SOC 2625mW/2625mW
08-04-2026 15:32:24 RAM 3815/7620MB (lfb 1x1MB) SWAP 2370/12002MB (cached 117MB) CPU [0%@1728,9%@1728,0%@1728,0%@1728,100%@1728,9%@1728] GR3D_FREQ 9% cpu@57.375C soc2@55.812C soc0@56.781C gpu@57.218C tj@58.375C soc1@58.375C VDD_IN 8861mW/8881mW VDD_CPU_GPU_CV 2826mW/2828mW VDD_SOC 2625mW/2625mW
08-04-2026 15:32:24 RAM 3815/7620MB (lfb 1x1MB) SWAP 2370/12002MB (cached 117MB) CPU [0%@1728,0%@1728,9%@1728,0%@1728,100%@1728,0%@1728] GR3D_FREQ 8% cpu@57.031C soc2@55.781C soc0@56.562C gpu@57.125C tj@58.031C soc1@58.031C VDD_IN 8902mW/8881mW VDD_CPU_GPU_CV 2826mW/2828mW VDD_SOC 2625mW/2625mW
08-04-2026 15:32:24 RAM 3815/7620MB (lfb 1x1MB) SWAP 2370/12002MB (cached 117MB) CPU [0%@1728,8%@1728,0%@1728,9%@1728,100%@1728,0%@1728] GR3D_FREQ 10% cpu@57.062C soc2@55.718C soc0@56.562C gpu@56.937C tj@58.218C soc1@58.218C VDD_IN 8902mW/8881mW VDD_CPU_GPU_CV 2867mW/2828mW VDD_SOC 2625mW/2625mW
08-04-2026 15:32:24 RAM 3815/7620MB (lfb 1x1MB) SWAP 2370/12002MB (cached 117MB) CPU [0%@1728,0%@1728,0%@1728,0%@1728,100%@1728,0%@1728] GR3D_FREQ 9% cpu@57C soc2@55.75C soc0@56.625C gpu@57.218C tj@58.218C soc1@58.218C VDD_IN 8902mW/8881mW VDD_CPU_GPU_CV 2867mW/2828mW VDD_SOC 2625mW/2625mW
08-04-2026 15:32:24 RAM 3815/7620MB (lfb 1x1MB) SWAP 2370/12002MB (cached 117MB) CPU [0%@1728,0%@1728,0%@1728,0%@1728,100%@1728,0%@1728] GR3D_FREQ 8% cpu@57.093C soc2@55.781C soc0@56.843C gpu@57C tj@58.375C soc1@58.375C VDD_IN 8902mW/8881mW VDD_CPU_GPU_CV 2826mW/2828mW VDD_SOC 2625mW/2625mW
08-04-2026 15:32:24 RAM 3815/7620MB (lfb 1x1MB) SWAP 2370/12002MB (cached 117MB) CPU [0%@1728,0%@1728,0%@1728,0%@1728,100%@1728,0%@1728] GR3D_FREQ 8% cpu@57.437C soc2@55.812C soc0@56.812C gpu@56.968C tj@58.093C soc1@58.093C VDD_IN 8861mW/8881mW VDD_CPU_GPU_CV 2826mW/2828mW VDD_SOC 2625mW/2625mW
08-04-2026 15:32:24 RAM 3815/7620MB (lfb 1x1MB) SWAP 2370/12002MB (cached 117MB) CPU [0%@1728,0%@1728,0%@1728,0%@1728,100%@1728,0%@1728] GR3D_FREQ 9% cpu@57.031C soc2@55.687C soc0@56.593C gpu@57.187C tj@58.093C soc1@58.093C VDD_IN 8861mW/8881mW VDD_CPU_GPU_CV 2826mW/2828mW VDD_SOC 2625mW/2625mW
08-04-2026 15:32:24 RAM 3815/7620MB (lfb 1x1MB) SWAP 2370/12002MB (cached 117MB) CPU [9%@1728,0%@1728,0%@1728,0%@1728,100%@1728,0%@1728] GR3D_FREQ 10% cpu@57C soc2@55.75C soc0@56.531C gpu@57.031C tj@58.187C soc1@58.187C VDD_IN 8861mW/8881mW VDD_CPU_GPU_CV 2826mW/2828mW VDD_SOC 2625mW/2625mW
08-04-2026 15:32:24 RAM 3815/7620MB (lfb 1x1MB) SWAP 2370/12002MB (cached 117MB) CPU [0%@1728,8%@1728,0%@1728,0%@1728,100%@1728,0%@1728] GR3D_FREQ 8% cpu@57.093C soc2@55.75C soc0@56.718C gpu@56.968C tj@58.25C soc1@58.25C VDD_IN 8861mW/8881mW VDD_CPU_GPU_CV 2826mW/2828mW VDD_SOC 2625mW/2625mW
08-04-2026 15:32:25 RAM 3815/7620MB (lfb 1x1MB) SWAP 2370/12002MB (cached 117MB) CPU [0%@1728,0%@1728,0%@1728,0%@1728,100%@1728,0%@1728] GR3D_FREQ 8% cpu@57.343C soc2@55.843C soc0@56.75C gpu@57.031C tj@58.281C soc1@58.281C VDD_IN 8861mW/8881mW VDD_CPU_GPU_CV 2826mW/2828mW VDD_SOC 2625mW/2625mW
08-04-2026 15:32:25 RAM 3815/7620MB (lfb 1x1MB) SWAP 2370/12002MB (cached 117MB) CPU [9%@1728,0%@1728,0%@1728,0%@1728,100%@1728,9%@1728] GR3D_FREQ 9% cpu@57.062C soc2@55.687C soc0@56.562C gpu@57C tj@58.093C soc1@58.093C VDD_IN 8861mW/8881mW VDD_CPU_GPU_CV 2826mW/2828mW VDD_SOC 2625mW/2625mW
08-04-2026 15:32:25 RAM 3815/7620MB (lfb 1x1MB) SWAP 2370/12002MB (cached 117MB) CPU [0%@1728,0%@1728,0%@1728,0%@1728,100%@1728,0%@1728] GR3D_FREQ 9% cpu@57C soc2@55.75C soc0@56.562C gpu@56.937C tj@58.093C soc1@58.093C VDD_IN 8902mW/8881mW VDD_CPU_GPU_CV 2826mW/2828mW VDD_SOC 2625mW/2625mW
08-04-2026 15:32:25 RAM 3815/7620MB (lfb 1x1MB) SWAP 2370/12002MB (cached 117MB) CPU [0%@1728,0%@1728,8%@1728,0%@1728,100%@1728,0%@1728] GR3D_FREQ 9% cpu@57.062C soc2@55.75C soc0@56.687C gpu@57.156C tj@58.187C soc1@58.187C VDD_IN 8902mW/8881mW VDD_CPU_GPU_CV 2826mW/2828mW VDD_SOC 2625mW/2625mW
08-04-2026 15:32:25 RAM 3812/7620MB (lfb 1x1MB) SWAP 2370/12002MB (cached 117MB) CPU [16%@1728,20%@1728,0%@1728,16%@1728,100%@1728,0%@1728] GR3D_FREQ 8% cpu@57.187C soc2@55.812C soc0@56.781C gpu@56.875C tj@58.375C soc1@58.375C VDD_IN 8943mW/8881mW VDD_CPU_GPU_CV 2867mW/2829mW VDD_SOC 2625mW/2625mW
08-04-2026 15:32:25 RAM 3812/7620MB (lfb 1x1MB) SWAP 2370/12002MB (cached 117MB) CPU [0%@1728,0%@1728,0%@1728,0%@1728,100%@1728,0%@1728] GR3D_FREQ 8% cpu@57.468C soc2@55.718C soc0@56.468C gpu@56.875C tj@58.062C soc1@58.062C VDD_IN 8943mW/8881mW VDD_CPU_GPU_CV 2867mW/2829mW VDD_SOC 2625mW/2625mW
08-04-2026 15:32:25 RAM 3812/7620MB (lfb 1x1MB) SWAP 2370/12002MB (cached 117MB) CPU [0%@1728,0%@1728,0%@1728,0%@1728,100%@1728,0%@1728] GR3D_FREQ 9% cpu@57.156C soc2@55.781C soc0@56.468C gpu@57.062C tj@58.125C soc1@58.125C VDD_IN 8943mW/8882mW VDD_CPU_GPU_CV 2867mW/2829mW VDD_SOC 2625mW/2625mW
08-04-2026 15:32:25 RAM 3812/7620MB (lfb 1x1MB) SWAP 2370/12002MB (cached 117MB) CPU [0%@1728,0%@1728,0%@1728,0%@1728,100%@1728,0%@1728] GR3D_FREQ 9% cpu@57.156C soc2@55.781C soc0@56.656C gpu@57C tj@58.25C soc1@58.25C VDD_IN 8902mW/8882mW VDD_CPU_GPU_CV 2826mW/2829mW VDD_SOC 2625mW/2625mW
08-04-2026 15:32:25 RAM 3812/7620MB (lfb 1x1MB) SWAP 2370/12002MB (cached 117MB) CPU [0%@1728,0%@1728,9%@1728,0%@1728,100%@1728,0%@1728] GR3D_FREQ 8% cpu@57.062C soc2@55.812C soc0@56.625C gpu@57.187C tj@58.375C soc1@58.375C VDD_IN 8902mW/8882mW VDD_CPU_GPU_CV 2826mW/2829mW VDD_SOC 2625mW/2625mW
08-04-2026 15:32:26 RAM 3812/7620MB (lfb 1x1MB) SWAP 2370/12002MB (cached 117MB) CPU [0%@1728,0%@1728,0%@1728,0%@1728,100%@1728,0%@1728] GR3D_FREQ 8% cpu@57.437C soc2@55.812C soc0@56.812C gpu@57.093C tj@58.375C soc1@58.375C VDD_IN 8902mW/8882mW VDD_CPU_GPU_CV 2826mW/2829mW VDD_SOC 2625mW/2625mW
08-04-2026 15:32:26 RAM 3812/7620MB (lfb 1x1MB) SWAP 2370/12002MB (cached 117MB) CPU [16%@1728,0%@1728,0%@1728,0%@1728,100%@1728,0%@1728] GR3D_FREQ 8% cpu@57.062C soc2@55.812C soc0@56.562C gpu@56.906C tj@58.062C soc1@58.062C VDD_IN 8902mW/8882mW VDD_CPU_GPU_CV 2826mW/2829mW VDD_SOC 2625mW/2625mW
08-04-2026 15:32:26 RAM 3812/7620MB (lfb 1x1MB) SWAP 2370/12002MB (cached 117MB) CPU [9%@1728,9%@1728,0%@1728,0%@1728,100%@1728,0%@1728] GR3D_FREQ 9% cpu@57.125C soc2@55.718C soc0@56.531C gpu@57.187C tj@58.156C soc1@58.156C VDD_IN 8902mW/8882mW VDD_CPU_GPU_CV 2826mW/2829mW VDD_SOC 2625mW/2625mW
08-04-2026 15:32:26 RAM 3812/7620MB (lfb 1x1MB) SWAP 2370/12002MB (cached 117MB) CPU [0%@1728,0%@1728,0%@1728,0%@1728,100%@1728,0%@1728] GR3D_FREQ 8% cpu@57.125C soc2@55.781C soc0@56.656C gpu@57.062C tj@58.343C soc1@58.343C VDD_IN 8902mW/8882mW VDD_CPU_GPU_CV 2826mW/2829mW VDD_SOC 2625mW/2625mW
08-04-2026 15:32:26 RAM 3812/7620MB (lfb 1x1MB) SWAP 2370/12002MB (cached 117MB) CPU [0%@1728,0%@1728,0%@1728,0%@1728,100%@1728,0%@1728] GR3D_FREQ 8% cpu@57.375C soc2@55.812C soc0@56.781C gpu@56.937C tj@58.312C soc1@58.312C VDD_IN 8902mW/8882mW VDD_CPU_GPU_CV 2826mW/2829mW VDD_SOC 2625mW/2625mW
08-04-2026 15:32:26 RAM 3812/7620MB (lfb 1x1MB) SWAP 2370/12002MB (cached 117MB) CPU [0%@1728,0%@1728,8%@1728,9%@1728,100%@1728,0%@1728] GR3D_FREQ 9% cpu@57.531C soc2@55.718C soc0@56.531C gpu@57.156C tj@58.125C soc1@58.125C VDD_IN 8902mW/8882mW VDD_CPU_GPU_CV 2826mW/2829mW VDD_SOC 2625mW/2625mW
08-04-2026 15:32:26 RAM 3812/7620MB (lfb 1x1MB) SWAP 2370/12002MB (cached 117MB) CPU [0%@1728,0%@1728,0%@1728,8%@1728,100%@1728,0%@1728] GR3D_FREQ 9% cpu@57.093C soc2@55.718C soc0@56.562C gpu@57C tj@58.156C soc1@58.156C VDD_IN 8861mW/8882mW VDD_CPU_GPU_CV 2826mW/2829mW VDD_SOC 2625mW/2625mW
08-04-2026 15:32:26 RAM 3812/7620MB (lfb 1x1MB) SWAP 2370/12002MB (cached 117MB) CPU [0%@1728,0%@1728,0%@1728,0%@1728,100%@1728,0%@1728] GR3D_FREQ 11% cpu@57.093C soc2@55.718C soc0@56.593C gpu@57C tj@58.156C soc1@58.156C VDD_IN 8861mW/8882mW VDD_CPU_GPU_CV 2826mW/2829mW VDD_SOC 2625mW/2625mW
08-04-2026 15:32:26 RAM 3812/7620MB (lfb 1x1MB) SWAP 2370/12002MB (cached 117MB) CPU [0%@1728,0%@1728,0%@1728,0%@1728,100%@1728,0%@1728] GR3D_FREQ 9% cpu@57.187C soc2@55.812C soc0@56.656C gpu@57.093C tj@58.281C soc1@58.281C VDD_IN 8861mW/8882mW VDD_CPU_GPU_CV 2826mW/2829mW VDD_SOC 2625mW/2625mW
08-04-2026 15:32:26 RAM 3812/7620MB (lfb 1x1MB) SWAP 2370/12002MB (cached 117MB) CPU [0%@1728,0%@1728,0%@1728,0%@1728,100%@1728,0%@1728] GR3D_FREQ 8% cpu@57.562C soc2@55.781C soc0@56.812C gpu@56.968C tj@58.125C soc1@58.125C VDD_IN 8861mW/8882mW VDD_CPU_GPU_CV 2826mW/2829mW VDD_SOC 2625mW/2625mW
08-04-2026 15:32:27 RAM 3812/7620MB (lfb 1x1MB) SWAP 2370/12002MB (cached 117MB) CPU [0%@1728,0%@1728,0%@1728,0%@1728,100%@1728,0%@1728] GR3D_FREQ 8% cpu@57.093C soc2@55.75C soc0@56.593C gpu@56.906C tj@58.125C soc1@58.125C VDD_IN 8861mW/8882mW VDD_CPU_GPU_CV 2826mW/2829mW VDD_SOC 2625mW/2625mW
08-04-2026 15:32:27 RAM 3812/7620MB (lfb 1x1MB) SWAP 2370/12002MB (cached 117MB) CPU [0%@1728,0%@1728,0%@1728,0%@1728,100%@1728,9%@1728] GR3D_FREQ 9% cpu@57.062C soc2@55.75C soc0@56.593C gpu@57.093C tj@58.156C soc1@58.156C VDD_IN 8861mW/8882mW VDD_CPU_GPU_CV 2826mW/2829mW VDD_SOC 2625mW/2625mW
08-04-2026 15:32:27 RAM 3812/7620MB (lfb 1x1MB) SWAP 2370/12002MB (cached 117MB) CPU [0%@1728,0%@1728,0%@1728,0%@1728,100%@1728,0%@1728] GR3D_FREQ 10% cpu@57.125C soc2@55.718C soc0@56.687C gpu@56.968C tj@58.281C soc1@58.281C VDD_IN 8902mW/8882mW VDD_CPU_GPU_CV 2826mW/2829mW VDD_SOC 2625mW/2625mW
08-04-2026 15:32:27 RAM 3812/7620MB (lfb 1x1MB) SWAP 2370/12002MB (cached 117MB) CPU [9%@1728,0%@1728,0%@1728,0%@1728,100%@1728,0%@1728] GR3D_FREQ 8% cpu@57.406C soc2@55.718C soc0@56.781C gpu@57.218C tj@58.375C soc1@58.375C VDD_IN 8902mW/8882mW VDD_CPU_GPU_CV 2826mW/2829mW VDD_SOC 2625mW/2625mW
08-04-2026 15:32:27 RAM 3812/7620MB (lfb 1x1MB) SWAP 2370/12002MB (cached 117MB) CPU [0%@1728,0%@1728,0%@1728,0%@1728,100%@1728,0%@1728] GR3D_FREQ 8% cpu@57.031C soc2@55.656C soc0@56.5C gpu@57.062C tj@58.062C soc1@58.062C VDD_IN 8861mW/8882mW VDD_CPU_GPU_CV 2826mW/2829mW VDD_SOC 2625mW/2625mW
08-04-2026 15:32:27 RAM 3812/7620MB (lfb 1x1MB) SWAP 2370/12002MB (cached 117MB) CPU [0%@1728,0%@1728,0%@1728,8%@1728,100%@1728,0%@1728] GR3D_FREQ 9% cpu@57.156C soc2@55.656C soc0@56.562C gpu@56.937C tj@58.187C soc1@58.187C VDD_IN 8861mW/8882mW VDD_CPU_GPU_CV 2826mW/2829mW VDD_SOC 2625mW/2625mW
08-04-2026 15:32:27 RAM 3812/7620MB (lfb 1x1MB) SWAP 2370/12002MB (cached 117MB) CPU [0%@1728,16%@1728,0%@1728,0%@1728,100%@1728,0%@1728] GR3D_FREQ 10% cpu@57.093C soc2@55.781C soc0@56.718C gpu@57.156C tj@58.187C soc1@58.187C VDD_IN 8861mW/8882mW VDD_CPU_GPU_CV 2826mW/2829mW VDD_SOC 2625mW/2625mW
08-04-2026 15:32:27 RAM 3812/7620MB (lfb 1x1MB) SWAP 2370/12002MB (cached 117MB) CPU [0%@1728,0%@1728,0%@1728,0%@1728,100%@1728,0%@1728] GR3D_FREQ 9% cpu@57.093C soc2@55.843C soc0@56.687C gpu@57.031C tj@58.375C soc1@58.375C VDD_IN 8861mW/8882mW VDD_CPU_GPU_CV 2826mW/2829mW VDD_SOC 2625mW/2625mW
08-04-2026 15:32:27 RAM 3812/7620MB (lfb 1x1MB) SWAP 2370/12002MB (cached 117MB) CPU [0%@1728,0%@1728,0%@1728,0%@1728,100%@1728,0%@1728] GR3D_FREQ 9% cpu@57.468C soc2@55.843C soc0@56.562C gpu@56.968C tj@58.281C soc1@58.281C VDD_IN 8861mW/8882mW VDD_CPU_GPU_CV 2826mW/2829mW VDD_SOC 2625mW/2625mW
08-04-2026 15:32:28 RAM 3812/7620MB (lfb 1x1MB) SWAP 2370/12002MB (cached 117MB) CPU [0%@1728,0%@1728,0%@1728,0%@1728,100%@1728,0%@1728] GR3D_FREQ 8% cpu@57.093C soc2@55.781C soc0@56.593C gpu@57.156C tj@58.156C soc1@58.156C VDD_IN 8861mW/8882mW VDD_CPU_GPU_CV 2826mW/2829mW VDD_SOC 2625mW/2625mW
08-04-2026 15:32:28 RAM 3812/7620MB (lfb 1x1MB) SWAP 2370/12002MB (cached 117MB) CPU [0%@1728,0%@1728,0%@1728,0%@1728,100%@1728,0%@1728] GR3D_FREQ 8% cpu@57.093C soc2@55.75C soc0@56.5C gpu@57.031C tj@58.218C soc1@58.218C VDD_IN 8861mW/8881mW VDD_CPU_GPU_CV 2826mW/2829mW VDD_SOC 2625mW/2625mW
08-04-2026 15:32:28 RAM 3812/7620MB (lfb 1x1MB) SWAP 2370/12002MB (cached 117MB) CPU [9%@1728,0%@1728,0%@1728,0%@1728,100%@1728,9%@1728] GR3D_FREQ 9% cpu@57.125C soc2@55.812C soc0@56.656C gpu@56.968C tj@58.343C soc1@58.343C VDD_IN 8902mW/8882mW VDD_CPU_GPU_CV 2867mW/2829mW VDD_SOC 2625mW/2625mW
08-04-2026 15:32:28 RAM 3812/7620MB (lfb 1x1MB) SWAP 2370/12002MB (cached 117MB) CPU [0%@1728,0%@1728,0%@1728,0%@1728,100%@1728,0%@1728] GR3D_FREQ 8% cpu@57.375C soc2@55.843C soc0@56.718C gpu@57.25C tj@58.343C soc1@58.343C VDD_IN 8902mW/8882mW VDD_CPU_GPU_CV 2867mW/2829mW VDD_SOC 2625mW/2625mW
08-04-2026 15:32:28 RAM 3812/7620MB (lfb 1x1MB) SWAP 2370/12002MB (cached 117MB) CPU [0%@1728,0%@1728,0%@1728,0%@1728,100%@1728,0%@1728] GR3D_FREQ 8% cpu@57.093C soc2@55.656C soc0@56.531C gpu@56.968C tj@58.093C soc1@58.093C VDD_IN 8902mW/8882mW VDD_CPU_GPU_CV 2826mW/2829mW VDD_SOC 2625mW/2625mW
08-04-2026 15:32:28 RAM 3812/7620MB (lfb 1x1MB) SWAP 2370/12002MB (cached 117MB) CPU [9%@1728,0%@1728,0%@1728,0%@1728,100%@1728,0%@1728] GR3D_FREQ 9% cpu@57.125C soc2@55.75C soc0@56.593C gpu@57.281C tj@58.125C soc1@58.125C VDD_IN 8861mW/8882mW VDD_CPU_GPU_CV 2826mW/2829mW VDD_SOC 2625mW/2625mW
08-04-2026 15:32:28 RAM 3812/7620MB (lfb 1x1MB) SWAP 2370/12002MB (cached 117MB) CPU [0%@1728,0%@1728,0%@1728,0%@1728,100%@1728,0%@1728] GR3D_FREQ 9% cpu@57.125C soc2@55.812C soc0@56.656C gpu@57.093C tj@58.218C soc1@58.218C VDD_IN 8861mW/8882mW VDD_CPU_GPU_CV 2826mW/2829mW VDD_SOC 2625mW/2625mW
08-04-2026 15:32:28 RAM 3816/7620MB (lfb 1x1MB) SWAP 2370/12002MB (cached 117MB) CPU [0%@1728,20%@1728,9%@1728,9%@1728,100%@1728,0%@1728] GR3D_FREQ 8% cpu@57.187C soc2@55.812C soc0@56.75C gpu@56.968C tj@58.375C soc1@58.375C VDD_IN 8943mW/8882mW VDD_CPU_GPU_CV 2908mW/2829mW VDD_SOC 2625mW/2625mW
08-04-2026 15:32:28 RAM 3816/7620MB (lfb 1x1MB) SWAP 2370/12002MB (cached 117MB) CPU [0%@1728,0%@1728,0%@1728,0%@1728,100%@1728,0%@1728] GR3D_FREQ 8% cpu@57.531C soc2@55.812C soc0@56.625C gpu@57.187C tj@58.187C soc1@58.187C VDD_IN 8943mW/8882mW VDD_CPU_GPU_CV 2867mW/2829mW VDD_SOC 2625mW/2625mW
08-04-2026 15:32:28 RAM 3816/7620MB (lfb 1x1MB) SWAP 2370/12002MB (cached 117MB) CPU [9%@1728,9%@1728,0%@1728,0%@1728,100%@1728,0%@1728] GR3D_FREQ 9% cpu@57.093C soc2@55.781C soc0@56.562C gpu@57.062C tj@58.156C soc1@58.156C VDD_IN 8902mW/8882mW VDD_CPU_GPU_CV 2867mW/2829mW VDD_SOC 2625mW/2625mW
08-04-2026 15:32:29 RAM 3816/7620MB (lfb 1x1MB) SWAP 2370/12002MB (cached 117MB) CPU [8%@1728,0%@1728,0%@1728,0%@1728,100%@1728,0%@1728] GR3D_FREQ 9% cpu@57C soc2@55.718C soc0@56.625C gpu@56.968C tj@58.187C soc1@58.187C VDD_IN 8902mW/8882mW VDD_CPU_GPU_CV 2867mW/2829mW VDD_SOC 2625mW/2625mW
08-04-2026 15:32:29 RAM 3816/7620MB (lfb 1x1MB) SWAP 2370/12002MB (cached 117MB) CPU [9%@1728,0%@1728,0%@1728,0%@1728,100%@1728,0%@1728] GR3D_FREQ 11% cpu@57.187C soc2@55.812C soc0@56.656C gpu@57.218C tj@58.281C soc1@58.281C VDD_IN 8902mW/8882mW VDD_CPU_GPU_CV 2867mW/2829mW VDD_SOC 2625mW/2625mW
08-04-2026 15:32:29 RAM 3816/7620MB (lfb 1x1MB) SWAP 2370/12002MB (cached 117MB) CPU [0%@1728,9%@1728,0%@1728,0%@1728,100%@1728,0%@1728] GR3D_FREQ 9% cpu@57.468C soc2@55.875C soc0@56.812C gpu@57.031C tj@58.312C soc1@58.312C VDD_IN 8943mW/8882mW VDD_CPU_GPU_CV 2867mW/2830mW VDD_SOC 2625mW/2625mW
08-04-2026 15:32:29 RAM 3816/7620MB (lfb 1x1MB) SWAP 2370/12002MB (cached 117MB) CPU [0%@1728,0%@1728,0%@1728,18%@1728,100%@1728,0%@1728] GR3D_FREQ 8% cpu@57.187C soc2@55.75C soc0@56.562C gpu@56.968C tj@58.062C soc1@58.062C VDD_IN 8943mW/8882mW VDD_CPU_GPU_CV 2867mW/2830mW VDD_SOC 2625mW/2625mW
08-04-2026 15:32:29 RAM 3816/7620MB (lfb 1x1MB) SWAP 2370/12002MB (cached 117MB) CPU [0%@1728,0%@1728,0%@1728,0%@1728,100%@1728,0%@1728] GR3D_FREQ 8% cpu@57.062C soc2@55.781C soc0@56.656C gpu@57.187C tj@58.156C soc1@58.156C VDD_IN 8902mW/8882mW VDD_CPU_GPU_CV 2826mW/2830mW VDD_SOC 2625mW/2625mW
08-04-2026 15:32:29 RAM 3816/7620MB (lfb 1x1MB) SWAP 2370/12002MB (cached 117MB) CPU [0%@1728,0%@1728,9%@1728,0%@1728,100%@1728,0%@1728] GR3D_FREQ 9% cpu@57.062C soc2@55.718C soc0@56.656C gpu@57.031C tj@58.25C soc1@58.25C VDD_IN 8902mW/8882mW VDD_CPU_GPU_CV 2826mW/2830mW VDD_SOC 2625mW/2625mW
08-04-2026 15:32:29 RAM 3816/7620MB (lfb 1x1MB) SWAP 2370/12002MB (cached 117MB) CPU [0%@1728,0%@1728,0%@1728,0%@1728,100%@1728,0%@1728] GR3D_FREQ 10% cpu@57.125C soc2@55.812C soc0@56.812C gpu@56.906C tj@58.375C soc1@58.375C VDD_IN 8902mW/8883mW VDD_CPU_GPU_CV 2826mW/2830mW VDD_SOC 2625mW/2625mW
08-04-2026 15:32:29 RAM 3816/7620MB (lfb 1x1MB) SWAP 2370/12002MB (cached 117MB) CPU [0%@1728,0%@1728,0%@1728,0%@1728,100%@1728,0%@1728] GR3D_FREQ 8% cpu@57.031C soc2@55.656C soc0@56.562C gpu@57.156C tj@58.093C soc1@58.093C VDD_IN 8902mW/8883mW VDD_CPU_GPU_CV 2826mW/2830mW VDD_SOC 2625mW/2625mW
08-04-2026 15:32:29 RAM 3816/7620MB (lfb 1x1MB) SWAP 2370/12002MB (cached 117MB) CPU [0%@1728,0%@1728,0%@1728,0%@1728,100%@1728,0%@1728] GR3D_FREQ 8% cpu@57.093C soc2@55.718C soc0@56.656C gpu@57.031C tj@58.062C soc1@58.062C VDD_IN 8902mW/8883mW VDD_CPU_GPU_CV 2826mW/2830mW VDD_SOC 2625mW/2625mW
08-04-2026 15:32:30 RAM 3816/7620MB (lfb 1x1MB) SWAP 2370/12002MB (cached 117MB) CPU [0%@1728,0%@1728,0%@1728,0%@1728,100%@1728,0%@1728] GR3D_FREQ 9% cpu@57.031C soc2@55.781C soc0@56.593C gpu@57.281C tj@58.125C soc1@58.125C VDD_IN 8902mW/8883mW VDD_CPU_GPU_CV 2826mW/2830mW VDD_SOC 2625mW/2625mW
08-04-2026 15:32:30 RAM 3816/7620MB (lfb 1x1MB) SWAP 2370/12002MB (cached 117MB) CPU [0%@1728,0%@1728,0%@1728,0%@1728,100%@1728,0%@1728] GR3D_FREQ 9% cpu@57.125C soc2@55.75C soc0@56.687C gpu@57.125C tj@58.312C soc1@58.312C VDD_IN 8902mW/8883mW VDD_CPU_GPU_CV 2826mW/2830mW VDD_SOC 2625mW/2625mW
08-04-2026 15:32:30 RAM 3816/7620MB (lfb 1x1MB) SWAP 2370/12002MB (cached 117MB) CPU [0%@1728,0%@1728,9%@1728,0%@1728,100%@1728,9%@1728] GR3D_FREQ 9% cpu@57.562C soc2@55.843C soc0@56.562C gpu@57.031C tj@58.062C soc1@58.062C VDD_IN 8902mW/8883mW VDD_CPU_GPU_CV 2826mW/2830mW VDD_SOC 2625mW/2625mW
08-04-2026 15:32:30 RAM 3816/7620MB (lfb 1x1MB) SWAP 2370/12002MB (cached 117MB) CPU [0%@1728,0%@1728,0%@1728,0%@1728,100%@1728,0%@1728] GR3D_FREQ 9% cpu@57.093C soc2@55.75C soc0@56.562C gpu@57.312C tj@58.156C soc1@58.156C VDD_IN 8902mW/8883mW VDD_CPU_GPU_CV 2826mW/2830mW VDD_SOC 2625mW/2625mW
08-04-2026 15:32:30 RAM 3816/7620MB (lfb 1x1MB) SWAP 2370/12002MB (cached 117MB) CPU [0%@1728,0%@1728,0%@1728,0%@1728,100%@1728,0%@1728] GR3D_FREQ 8% cpu@57.062C soc2@55.687C soc0@56.562C gpu@57.093C tj@58.218C soc1@58.218C VDD_IN 8902mW/8883mW VDD_CPU_GPU_CV 2826mW/2830mW VDD_SOC 2625mW/2625mW
08-04-2026 15:32:30 RAM 3816/7620MB (lfb 1x1MB) SWAP 2370/12002MB (cached 117MB) CPU [0%@1728,0%@1728,0%@1728,9%@1728,100%@1728,8%@1728] GR3D_FREQ 8% cpu@57.125C soc2@55.812C soc0@56.656C gpu@57.031C tj@58.281C soc1@58.281C VDD_IN 8861mW/8883mW VDD_CPU_GPU_CV 2826mW/2830mW VDD_SOC 2625mW/2625mW
08-04-2026 15:32:30 RAM 3816/7620MB (lfb 1x1MB) SWAP 2370/12002MB (cached 117MB) CPU [9%@1728,9%@1728,0%@1728,0%@1728,100%@1728,0%@1728] GR3D_FREQ 9% cpu@57.187C soc2@55.781C soc0@56.656C gpu@57.281C tj@58.343C soc1@58.343C VDD_IN 8902mW/8883mW VDD_CPU_GPU_CV 2826mW/2830mW VDD_SOC 2625mW/2625mW
08-04-2026 15:32:30 RAM 3816/7620MB (lfb 1x1MB) SWAP 2370/12002MB (cached 117MB) CPU [0%@1728,0%@1728,0%@1728,0%@1728,100%@1728,0%@1728] GR3D_FREQ 9% cpu@57.093C soc2@55.656C soc0@56.531C gpu@57.062C tj@57.968C soc1@57.968C VDD_IN 8902mW/8883mW VDD_CPU_GPU_CV 2826mW/2830mW VDD_SOC 2625mW/2625mW
08-04-2026 15:32:30 RAM 3816/7620MB (lfb 1x1MB) SWAP 2370/12002MB (cached 117MB) CPU [0%@1728,0%@1728,0%@1728,0%@1728,100%@1728,0%@1728] GR3D_FREQ 8% cpu@57C soc2@55.843C soc0@56.656C gpu@56.843C tj@58.062C soc1@58.062C VDD_IN 8861mW/8883mW VDD_CPU_GPU_CV 2826mW/2830mW VDD_SOC 2625mW/2625mW
08-04-2026 15:32:30 RAM 3816/7620MB (lfb 1x1MB) SWAP 2370/12002MB (cached 117MB) CPU [0%@1728,0%@1728,0%@1728,0%@1728,100%@1728,0%@1728] GR3D_FREQ 8% cpu@57.062C soc2@55.687C soc0@56.625C gpu@57.25C tj@58.187C soc1@58.187C VDD_IN 8902mW/8883mW VDD_CPU_GPU_CV 2826mW/2829mW VDD_SOC 2625mW/2625mW
08-04-2026 15:32:31 RAM 3816/7620MB (lfb 1x1MB) SWAP 2370/12002MB (cached 117MB) CPU [0%@1728,0%@1728,0%@1728,0%@1728,100%@1728,0%@1728] GR3D_FREQ 9% cpu@57.125C soc2@55.843C soc0@56.625C gpu@57.031C tj@58.218C soc1@58.218C VDD_IN 8861mW/8883mW VDD_CPU_GPU_CV 2826mW/2829mW VDD_SOC 2625mW/2625mW
08-04-2026 15:32:31 RAM 3816/7620MB (lfb 1x1MB) SWAP 2370/12002MB (cached 117MB) CPU [0%@1728,0%@1728,0%@1728,0%@1728,100%@1728,0%@1728] GR3D_FREQ 9% cpu@57.187C soc2@55.812C soc0@56.593C gpu@56.781C tj@58.062C soc1@58.062C VDD_IN 8861mW/8883mW VDD_CPU_GPU_CV 2826mW/2829mW VDD_SOC 2625mW/2625mW
08-04-2026 15:32:31 RAM 3816/7620MB (lfb 1x1MB) SWAP 2370/12002MB (cached 117MB) CPU [8%@1728,8%@1728,0%@1728,0%@1728,100%@1728,9%@1728] GR3D_FREQ 9% cpu@57.187C soc2@55.687C soc0@56.656C gpu@57.156C tj@58.062C soc1@58.062C VDD_IN 8902mW/8883mW VDD_CPU_GPU_CV 2826mW/2829mW VDD_SOC 2625mW/2625mW
08-04-2026 15:32:31 RAM 3816/7620MB (lfb 1x1MB) SWAP 2370/12002MB (cached 117MB) CPU [0%@1728,0%@1728,8%@1728,0%@1728,100%@1728,0%@1728] GR3D_FREQ 9% cpu@57.062C soc2@55.687C soc0@56.562C gpu@57.031C tj@58.093C soc1@58.093C VDD_IN 8902mW/8883mW VDD_CPU_GPU_CV 2826mW/2829mW VDD_SOC 2625mW/2625mW
08-04-2026 15:32:31 RAM 3816/7620MB (lfb 1x1MB) SWAP 2370/12002MB (cached 117MB) CPU [0%@1728,0%@1728,0%@1728,0%@1728,100%@1728,0%@1728] GR3D_FREQ 8% cpu@57.062C soc2@55.812C soc0@56.75C gpu@56.75C tj@58.25C soc1@58.25C VDD_IN 8861mW/8883mW VDD_CPU_GPU_CV 2826mW/2829mW VDD_SOC 2625mW/2625mW
08-04-2026 15:32:31 RAM 3816/7620MB (lfb 1x1MB) SWAP 2370/12002MB (cached 117MB) CPU [0%@1728,8%@1728,0%@1728,0%@1728,100%@1728,0%@1728] GR3D_FREQ 9% cpu@57.031C soc2@55.812C soc0@56.718C gpu@57.031C tj@58.406C soc1@58.406C VDD_IN 8861mW/8883mW VDD_CPU_GPU_CV 2826mW/2829mW VDD_SOC 2625mW/2625mW
08-04-2026 15:32:31 RAM 3816/7620MB (lfb 1x1MB) SWAP 2370/12002MB (cached 117MB) CPU [0%@1728,0%@1728,9%@1728,9%@1728,100%@1728,0%@1728] GR3D_FREQ 10% cpu@57.156C soc2@55.812C soc0@56.625C gpu@57.031C tj@58.062C soc1@58.062C VDD_IN 8902mW/8883mW VDD_CPU_GPU_CV 2826mW/2829mW VDD_SOC 2625mW/2625mW
08-04-2026 15:32:31 RAM 3816/7620MB (lfb 1x1MB) SWAP 2370/12002MB (cached 117MB) CPU [0%@1728,0%@1728,0%@1728,0%@1728,100%@1728,0%@1728] GR3D_FREQ 8% cpu@57.093C soc2@55.75C soc0@56.562C gpu@57.343C tj@58.093C soc1@58.093C VDD_IN 8902mW/8883mW VDD_CPU_GPU_CV 2826mW/2829mW VDD_SOC 2625mW/2625mW
08-04-2026 15:32:31 RAM 3816/7620MB (lfb 1x1MB) SWAP 2370/12002MB (cached 117MB) CPU [0%@1728,0%@1728,0%@1728,0%@1728,100%@1728,0%@1728] GR3D_FREQ 8% cpu@57.031C soc2@55.781C soc0@56.625C gpu@57.125C tj@58.25C soc1@58.25C VDD_IN 8902mW/8883mW VDD_CPU_GPU_CV 2826mW/2829mW VDD_SOC 2625mW/2625mW
08-04-2026 15:32:31 RAM 3816/7620MB (lfb 1x1MB) SWAP 2370/12002MB (cached 117MB) CPU [0%@1728,0%@1728,25%@1728,10%@1728,100%@1728,9%@1728] GR3D_FREQ 8% cpu@57.25C soc2@55.812C soc0@56.625C gpu@56.843C tj@58.281C soc1@58.281C VDD_IN 8943mW/8883mW VDD_CPU_GPU_CV 2867mW/2830mW VDD_SOC 2625mW/2625mW
08-04-2026 15:32:32 RAM 3816/7620MB (lfb 1x1MB) SWAP 2370/12002MB (cached 117MB) CPU [0%@1728,0%@1728,0%@1728,0%@1728,100%@1728,0%@1728] GR3D_FREQ 9% cpu@57.062C soc2@55.812C soc0@56.5C gpu@57.312C tj@58.062C soc1@58.062C VDD_IN 8943mW/8883mW VDD_CPU_GPU_CV 2867mW/2830mW VDD_SOC 2625mW/2625mW
08-04-2026 15:32:32 RAM 3816/7620MB (lfb 1x1MB) SWAP 2370/12002MB (cached 117MB) CPU [0%@1728,9%@1728,0%@1728,0%@1728,100%@1728,0%@1728] GR3D_FREQ 9% cpu@57.062C soc2@55.781C soc0@56.5C gpu@57.093C tj@58.093C soc1@58.093C VDD_IN 8943mW/8883mW VDD_CPU_GPU_CV 2867mW/2830mW VDD_SOC 2625mW/2625mW
08-04-2026 15:32:32 RAM 3816/7620MB (lfb 1x1MB) SWAP 2370/12002MB (cached 117MB) CPU [0%@1728,0%@1728,0%@1728,0%@1728,100%@1728,0%@1728] GR3D_FREQ 8% cpu@57.093C soc2@55.75C soc0@56.593C gpu@56.875C tj@58.218C soc1@58.218C VDD_IN 8943mW/8884mW VDD_CPU_GPU_CV 2867mW/2830mW VDD_SOC 2625mW/2625mW
08-04-2026 15:32:32 RAM 3816/7620MB (lfb 1x1MB) SWAP 2370/12002MB (cached 117MB) CPU [0%@1728,0%@1728,0%@1728,0%@1728,100%@1728,0%@1728] GR3D_FREQ 8% cpu@57.187C soc2@55.718C soc0@56.656C gpu@57.312C tj@58.312C soc1@58.312C VDD_IN 8902mW/8884mW VDD_CPU_GPU_CV 2867mW/2830mW VDD_SOC 2625mW/2625mW
08-04-2026 15:32:32 RAM 3816/7620MB (lfb 1x1MB) SWAP 2370/12002MB (cached 117MB) CPU [0%@1728,0%@1728,0%@1728,0%@1728,100%@1728,0%@1728] GR3D_FREQ 8% cpu@57.187C soc2@55.812C soc0@56.75C gpu@57.062C tj@58.187C soc1@58.187C VDD_IN 8902mW/8884mW VDD_CPU_GPU_CV 2867mW/2830mW VDD_SOC 2625mW/2625mW
08-04-2026 15:32:32 RAM 3816/7620MB (lfb 1x1MB) SWAP 2370/12002MB (cached 117MB) CPU [0%@1728,9%@1728,0%@1728,0%@1728,100%@1728,0%@1728] GR3D_FREQ 10% cpu@57.062C soc2@55.718C soc0@56.562C gpu@56.75C tj@58.125C soc1@58.125C VDD_IN 8902mW/8884mW VDD_CPU_GPU_CV 2867mW/2830mW VDD_SOC 2625mW/2625mW
08-04-2026 15:32:32 RAM 3816/7620MB (lfb 1x1MB) SWAP 2370/12002MB (cached 117MB) CPU [0%@1728,0%@1728,0%@1728,0%@1728,100%@1728,0%@1728] GR3D_FREQ 9% cpu@57.062C soc2@55.687C soc0@56.562C gpu@57.25C tj@58.156C soc1@58.156C VDD_IN 8902mW/8884mW VDD_CPU_GPU_CV 2826mW/2830mW VDD_SOC 2625mW/2625mW
08-04-2026 15:32:32 RAM 3816/7620MB (lfb 1x1MB) SWAP 2370/12002MB (cached 117MB) CPU [0%@1728,8%@1728,0%@1728,0%@1728,100%@1728,0%@1728] GR3D_FREQ 8% cpu@57.187C soc2@55.812C soc0@56.593C gpu@57.093C tj@58.25C soc1@58.25C VDD_IN 8861mW/8884mW VDD_CPU_GPU_CV 2826mW/2830mW VDD_SOC 2625mW/2625mW
08-04-2026 15:32:32 RAM 3816/7620MB (lfb 1x1MB) SWAP 2370/12002MB (cached 117MB) CPU [0%@1728,0%@1728,0%@1728,0%@1728,100%@1728,0%@1728] GR3D_FREQ 8% cpu@57.125C soc2@55.812C soc0@56.687C gpu@56.812C tj@58.218C soc1@58.218C VDD_IN 8861mW/8884mW VDD_CPU_GPU_CV 2826mW/2830mW VDD_SOC 2625mW/2625mW
08-04-2026 15:32:33 RAM 3816/7620MB (lfb 1x1MB) SWAP 2370/12002MB (cached 117MB) CPU [0%@1728,0%@1728,0%@1728,0%@1728,100%@1728,0%@1728] GR3D_FREQ 9% cpu@57.156C soc2@55.875C soc0@56.531C gpu@57.125C tj@58.093C soc1@58.093C VDD_IN 8861mW/8884mW VDD_CPU_GPU_CV 2826mW/2830mW VDD_SOC 2625mW/2625mW
08-04-2026 15:32:33 RAM 3816/7620MB (lfb 1x1MB) SWAP 2370/12002MB (cached 117MB) CPU [0%@1728,0%@1728,0%@1728,0%@1728,100%@1728,9%@1728] GR3D_FREQ 10% cpu@57.187C soc2@55.75C soc0@56.562C gpu@56.843C tj@58.187C soc1@58.187C VDD_IN 8902mW/8884mW VDD_CPU_GPU_CV 2826mW/2830mW VDD_SOC 2625mW/2625mW
08-04-2026 15:32:33 RAM 3816/7620MB (lfb 1x1MB) SWAP 2370/12002MB (cached 117MB) CPU [0%@1728,0%@1728,9%@1728,9%@1728,100%@1728,0%@1728] GR3D_FREQ 8% cpu@57.156C soc2@55.687C soc0@56.625C gpu@56.843C tj@58.187C soc1@58.187C VDD_IN 8902mW/8884mW VDD_CPU_GPU_CV 2826mW/2830mW VDD_SOC 2625mW/2625mW
08-04-2026 15:32:33 RAM 3816/7620MB (lfb 1x1MB) SWAP 2370/12002MB (cached 117MB) CPU [0%@1728,9%@1728,0%@1728,0%@1728,100%@1728,0%@1728] GR3D_FREQ 8% cpu@57.218C soc2@55.75C soc0@56.718C gpu@57.187C tj@58.25C soc1@58.25C VDD_IN 8902mW/8884mW VDD_CPU_GPU_CV 2826mW/2830mW VDD_SOC 2625mW/2625mW
08-04-2026 15:32:33 RAM 3816/7620MB (lfb 1x1MB) SWAP 2370/12002MB (cached 117MB) CPU [0%@1728,0%@1728,0%@1728,0%@1728,100%@1728,0%@1728] GR3D_FREQ 9% cpu@57.156C soc2@55.812C soc0@56.781C gpu@56.781C tj@58.093C soc1@58.093C VDD_IN 8861mW/8884mW VDD_CPU_GPU_CV 2826mW/2830mW VDD_SOC 2625mW/2625mW
08-04-2026 15:32:33 RAM 3816/7620MB (lfb 1x1MB) SWAP 2370/12002MB (cached 117MB) CPU [0%@1728,0%@1728,0%@1728,0%@1728,100%@1728,0%@1728] GR3D_FREQ 9% cpu@57.125C soc2@55.718C soc0@56.531C gpu@57.281C tj@58.125C soc1@58.125C VDD_IN 8861mW/8884mW VDD_CPU_GPU_CV 2826mW/2830mW VDD_SOC 2625mW/2625mW
08-04-2026 15:32:33 RAM 3816/7620MB (lfb 1x1MB) SWAP 2370/12002MB (cached 117MB) CPU [0%@1728,0%@1728,0%@1728,0%@1728,100%@1728,0%@1728] GR3D_FREQ 9% cpu@57.093C soc2@55.718C soc0@56.687C gpu@57.093C tj@58.156C soc1@58.156C VDD_IN 8861mW/8884mW VDD_CPU_GPU_CV 2826mW/2830mW VDD_SOC 2625mW/2625mW
08-04-2026 15:32:33 RAM 3816/7620MB (lfb 1x1MB) SWAP 2370/12002MB (cached 117MB) CPU [9%@1728,0%@1728,0%@1728,0%@1728,100%@1728,0%@1728] GR3D_FREQ 9% cpu@57.093C soc2@55.781C soc0@56.562C gpu@56.875C tj@58.187C soc1@58.187C VDD_IN 8861mW/8884mW VDD_CPU_GPU_CV 2826mW/2830mW VDD_SOC 2625mW/2625mW
08-04-2026 15:32:33 RAM 3816/7620MB (lfb 1x1MB) SWAP 2370/12002MB (cached 117MB) CPU [0%@1728,0%@1728,0%@1728,0%@1728,100%@1728,0%@1728] GR3D_FREQ 8% cpu@57.031C soc2@55.75C soc0@56.687C gpu@57.312C tj@58.25C soc1@58.25C VDD_IN 8861mW/8883mW VDD_CPU_GPU_CV 2826mW/2830mW VDD_SOC 2625mW/2625mW
08-04-2026 15:32:33 RAM 3816/7620MB (lfb 1x1MB) SWAP 2370/12002MB (cached 117MB) CPU [0%@1728,0%@1728,0%@1728,0%@1728,100%@1728,0%@1728] GR3D_FREQ 8% cpu@57.062C soc2@55.781C soc0@56.531C gpu@57.062C tj@58C soc1@58C VDD_IN 8861mW/8883mW VDD_CPU_GPU_CV 2826mW/2830mW VDD_SOC 2625mW/2625mW
08-04-2026 15:32:34 RAM 3816/7620MB (lfb 1x1MB) SWAP 2370/12002MB (cached 117MB) CPU [0%@1728,0%@1728,0%@1728,8%@1728,100%@1728,0%@1728] GR3D_FREQ 9% cpu@57.062C soc2@55.718C soc0@56.562C gpu@56.843C tj@58.187C soc1@58.187C VDD_IN 8861mW/8883mW VDD_CPU_GPU_CV 2826mW/2830mW VDD_SOC 2625mW/2625mW
08-04-2026 15:32:34 RAM 3816/7620MB (lfb 1x1MB) SWAP 2370/12002MB (cached 117MB) CPU [0%@1728,9%@1728,0%@1728,0%@1728,100%@1728,9%@1728] GR3D_FREQ 9% cpu@57.062C soc2@55.75C soc0@56.656C gpu@57.25C tj@58.125C soc1@58.125C VDD_IN 8902mW/8883mW VDD_CPU_GPU_CV 2826mW/2830mW VDD_SOC 2625mW/2625mW
08-04-2026 15:32:34 RAM 3816/7620MB (lfb 1x1MB) SWAP 2370/12002MB (cached 117MB) CPU [0%@1728,0%@1728,9%@1728,0%@1728,100%@1728,0%@1728] GR3D_FREQ 8% cpu@57.125C soc2@55.75C soc0@56.781C gpu@56.937C tj@58.25C soc1@58.25C VDD_IN 8902mW/8883mW VDD_CPU_GPU_CV 2826mW/2830mW VDD_SOC 2625mW/2625mW
08-04-2026 15:32:34 RAM 3816/7620MB (lfb 1x1MB) SWAP 2370/12002MB (cached 117MB) CPU [0%@1728,8%@1728,0%@1728,0%@1728,100%@1728,0%@1728] GR3D_FREQ 8% cpu@57.187C soc2@55.718C soc0@56.75C gpu@56.812C tj@58.093C soc1@58.093C VDD_IN 8902mW/8883mW VDD_CPU_GPU_CV 2826mW/2830mW VDD_SOC 2625mW/2625mW
08-04-2026 15:32:34 RAM 3816/7620MB (lfb 1x1MB) SWAP 2370/12002MB (cached 117MB) CPU [0%@1728,0%@1728,0%@1728,0%@1728,100%@1728,0%@1728] GR3D_FREQ 9% cpu@57.093C soc2@55.687C soc0@56.531C gpu@57.156C tj@58.218C soc1@58.218C VDD_IN 8902mW/8884mW VDD_CPU_GPU_CV 2826mW/2830mW VDD_SOC 2625mW/2625mW
08-04-2026 15:32:34 RAM 3816/7620MB (lfb 1x1MB) SWAP 2370/12002MB (cached 117MB) CPU [0%@1728,0%@1728,0%@1728,0%@1728,100%@1728,0%@1728] GR3D_FREQ 10% cpu@57.156C soc2@55.75C soc0@56.625C gpu@56.843C tj@58.156C soc1@58.156C VDD_IN 8902mW/8884mW VDD_CPU_GPU_CV 2826mW/2830mW VDD_SOC 2625mW/2625mW
08-04-2026 15:32:34 RAM 3816/7620MB (lfb 1x1MB) SWAP 2370/12002MB (cached 117MB) CPU [0%@1728,0%@1728,0%@1728,0%@1728,100%@1728,0%@1728] GR3D_FREQ 8% cpu@57.125C soc2@55.781C soc0@56.656C gpu@56.812C tj@58.25C soc1@58.25C VDD_IN 8902mW/8884mW VDD_CPU_GPU_CV 2826mW/2830mW VDD_SOC 2625mW/2625mW
08-04-2026 15:32:34 RAM 3816/7620MB (lfb 1x1MB) SWAP 2370/12002MB (cached 117MB) CPU [0%@1728,0%@1728,0%@1728,0%@1728,100%@1728,0%@1728] GR3D_FREQ 9% cpu@57.25C soc2@55.812C soc0@56.687C gpu@57.218C tj@58.281C soc1@58.281C VDD_IN 8861mW/8884mW VDD_CPU_GPU_CV 2826mW/2830mW VDD_SOC 2625mW/2625mW
08-04-2026 15:32:34 RAM 3816/7620MB (lfb 1x1MB) SWAP 2370/12002MB (cached 117MB) CPU [0%@1728,0%@1728,0%@1728,0%@1728,100%@1728,0%@1728] GR3D_FREQ 8% cpu@57.156C soc2@55.843C soc0@56.875C gpu@56.843C tj@58.156C soc1@58.156C VDD_IN 8861mW/8884mW VDD_CPU_GPU_CV 2826mW/2830mW VDD_SOC 2625mW/2625mW
08-04-2026 15:32:35 RAM 3816/7620MB (lfb 1x1MB) SWAP 2370/12002MB (cached 117MB) CPU [0%@1728,0%@1728,0%@1728,0%@1728,100%@1728,0%@1728] GR3D_FREQ 9% cpu@57.031C soc2@55.75C soc0@56.5C gpu@56.812C tj@58.093C soc1@58.093C VDD_IN 8861mW/8883mW VDD_CPU_GPU_CV 2826mW/2830mW VDD_SOC 2625mW/2625mW
08-04-2026 15:32:35 RAM 3816/7620MB (lfb 1x1MB) SWAP 2370/12002MB (cached 117MB) CPU [0%@1728,0%@1728,0%@1728,0%@1728,100%@1728,9%@1728] GR3D_FREQ 9% cpu@57.031C soc2@55.687C soc0@56.656C gpu@56.937C tj@58.25C soc1@58.25C VDD_IN 8861mW/8883mW VDD_CPU_GPU_CV 2826mW/2830mW VDD_SOC 2625mW/2625mW
08-04-2026 15:32:35 RAM 3815/7620MB (lfb 1x1MB) SWAP 2370/12002MB (cached 117MB) CPU [9%@1728,0%@1728,20%@1728,0%@1728,100%@1728,0%@1728] GR3D_FREQ 8% cpu@57.156C soc2@55.75C soc0@56.562C gpu@56.906C tj@58.312C soc1@58.312C VDD_IN 8984mW/8884mW VDD_CPU_GPU_CV 2867mW/2830mW VDD_SOC 2625mW/2625mW
08-04-2026 15:32:35 RAM 3815/7620MB (lfb 1x1MB) SWAP 2370/12002MB (cached 117MB) CPU [0%@1728,0%@1728,0%@1728,0%@1728,100%@1728,0%@1728] GR3D_FREQ 8% cpu@57.187C soc2@55.781C soc0@56.718C gpu@57.343C tj@58.062C soc1@58.062C VDD_IN 8943mW/8884mW VDD_CPU_GPU_CV 2867mW/2830mW VDD_SOC 2625mW/2625mW
08-04-2026 15:32:35 RAM 3815/7620MB (lfb 1x1MB) SWAP 2370/12002MB (cached 117MB) CPU [0%@1728,0%@1728,0%@1728,0%@1728,100%@1728,0%@1728] GR3D_FREQ 9% cpu@57.031C soc2@55.75C soc0@56.656C gpu@56.843C tj@58.187C soc1@58.187C VDD_IN 8943mW/8884mW VDD_CPU_GPU_CV 2867mW/2830mW VDD_SOC 2625mW/2625mW
08-04-2026 15:32:35 RAM 3815/7620MB (lfb 1x1MB) SWAP 2370/12002MB (cached 117MB) CPU [0%@1728,0%@1728,0%@1728,0%@1728,100%@1728,0%@1728] GR3D_FREQ 11% cpu@57.125C soc2@55.656C soc0@56.625C gpu@56.843C tj@58.156C soc1@58.156C VDD_IN 8943mW/8884mW VDD_CPU_GPU_CV 2867mW/2830mW VDD_SOC 2625mW/2625mW
08-04-2026 15:32:35 RAM 3815/7620MB (lfb 1x1MB) SWAP 2370/12002MB (cached 117MB) CPU [9%@1728,0%@1728,9%@1728,8%@1728,100%@1728,0%@1728] GR3D_FREQ 8% cpu@57.062C soc2@55.75C soc0@56.656C gpu@57.218C tj@58.25C soc1@58.25C VDD_IN 8902mW/8884mW VDD_CPU_GPU_CV 2867mW/2830mW VDD_SOC 2625mW/2625mW
08-04-2026 15:32:35 RAM 3815/7620MB (lfb 1x1MB) SWAP 2370/12002MB (cached 117MB) CPU [0%@1728,0%@1728,8%@1728,0%@1728,100%@1728,0%@1728] GR3D_FREQ 8% cpu@57.125C soc2@55.781C soc0@56.75C gpu@56.843C tj@58.281C soc1@58.281C VDD_IN 8902mW/8884mW VDD_CPU_GPU_CV 2867mW/2830mW VDD_SOC 2625mW/2625mW
08-04-2026 15:32:35 RAM 3816/7620MB (lfb 1x1MB) SWAP 2370/12002MB (cached 117MB) CPU [0%@1728,9%@1728,0%@1728,10%@1728,100%@1728,0%@1728] GR3D_FREQ 8% cpu@57.218C soc2@55.812C soc0@56.562C gpu@56.843C tj@58.093C soc1@58.093C VDD_IN 8943mW/8884mW VDD_CPU_GPU_CV 2867mW/2830mW VDD_SOC 2625mW/2625mW
08-04-2026 15:32:35 RAM 3816/7620MB (lfb 1x1MB) SWAP 2370/12002MB (cached 117MB) CPU [0%@1728,0%@1728,0%@1728,0%@1728,100%@1728,0%@1728] GR3D_FREQ 9% cpu@57.125C soc2@55.75C soc0@56.593C gpu@57.281C tj@58.125C soc1@58.125C VDD_IN 8902mW/8884mW VDD_CPU_GPU_CV 2867mW/2831mW VDD_SOC 2625mW/2625mW
08-04-2026 15:32:36 RAM 3816/7620MB (lfb 1x1MB) SWAP 2370/12002MB (cached 117MB) CPU [0%@1728,0%@1728,0%@1728,0%@1728,100%@1728,0%@1728] GR3D_FREQ 11% cpu@57.093C soc2@55.75C soc0@56.656C gpu@56.875C tj@58.156C soc1@58.156C VDD_IN 8902mW/8884mW VDD_CPU_GPU_CV 2826mW/2831mW VDD_SOC 2625mW/2625mW
08-04-2026 15:32:36 RAM 3816/7620MB (lfb 1x1MB) SWAP 2370/12002MB (cached 117MB) CPU [8%@1728,0%@1728,0%@1728,0%@1728,100%@1728,9%@1728] GR3D_FREQ 9% cpu@57.187C soc2@55.812C soc0@56.75C gpu@56.781C tj@58.281C soc1@58.281C VDD_IN 8902mW/8884mW VDD_CPU_GPU_CV 2867mW/2831mW VDD_SOC 2625mW/2625mW
08-04-2026 15:32:36 RAM 3816/7620MB (lfb 1x1MB) SWAP 2370/12002MB (cached 117MB) CPU [0%@1728,8%@1728,0%@1728,0%@1728,100%@1728,0%@1728] GR3D_FREQ 8% cpu@57.218C soc2@55.812C soc0@56.781C gpu@57.281C tj@58.093C soc1@58.093C VDD_IN 8902mW/8884mW VDD_CPU_GPU_CV 2867mW/2831mW VDD_SOC 2625mW/2625mW
08-04-2026 15:32:36 RAM 3816/7620MB (lfb 1x1MB) SWAP 2370/12002MB (cached 117MB) CPU [9%@1728,0%@1728,0%@1728,0%@1728,100%@1728,0%@1728] GR3D_FREQ 8% cpu@57.187C soc2@55.718C soc0@56.562C gpu@56.906C tj@58.125C soc1@58.125C VDD_IN 8902mW/8885mW VDD_CPU_GPU_CV 2867mW/2831mW VDD_SOC 2625mW/2625mW
08-04-2026 15:32:36 RAM 3816/7620MB (lfb 1x1MB) SWAP 2370/12002MB (cached 117MB) CPU [0%@1728,0%@1728,0%@1728,0%@1728,100%@1728,0%@1728] GR3D_FREQ 9% cpu@57.156C soc2@55.687C soc0@56.562C gpu@56.875C tj@58.218C soc1@58.218C VDD_IN 8902mW/8885mW VDD_CPU_GPU_CV 2826mW/2831mW VDD_SOC 2625mW/2625mW
08-04-2026 15:32:36 RAM 3816/7620MB (lfb 1x1MB) SWAP 2370/12002MB (cached 117MB) CPU [0%@1728,0%@1728,0%@1728,0%@1728,100%@1728,0%@1728] GR3D_FREQ 11% cpu@57.156C soc2@55.75C soc0@56.687C gpu@57.093C tj@58.312C soc1@58.312C VDD_IN 8902mW/8885mW VDD_CPU_GPU_CV 2826mW/2831mW VDD_SOC 2625mW/2625mW
08-04-2026 15:32:36 RAM 3816/7620MB (lfb 1x1MB) SWAP 2370/12002MB (cached 117MB) CPU [0%@1728,0%@1728,0%@1728,0%@1728,100%@1728,0%@1728] GR3D_FREQ 8% cpu@57.156C soc2@55.812C soc0@56.781C gpu@56.843C tj@58.031C soc1@58.031C VDD_IN 8861mW/8885mW VDD_CPU_GPU_CV 2826mW/2831mW VDD_SOC 2625mW/2625mW
08-04-2026 15:32:36 RAM 3816/7620MB (lfb 1x1MB) SWAP 2370/12002MB (cached 117MB) CPU [0%@1728,0%@1728,0%@1728,0%@1728,100%@1728,0%@1728] GR3D_FREQ 8% cpu@57C soc2@55.687C soc0@56.656C gpu@56.812C tj@58.093C soc1@58.093C VDD_IN 8861mW/8884mW VDD_CPU_GPU_CV 2826mW/2831mW VDD_SOC 2625mW/2625mW
08-04-2026 15:32:36 RAM 3816/7620MB (lfb 1x1MB) SWAP 2370/12002MB (cached 117MB) CPU [0%@1728,0%@1728,0%@1728,0%@1728,100%@1728,0%@1728] GR3D_FREQ 9% cpu@57.093C soc2@55.687C soc0@56.593C gpu@56.875C tj@58.031C soc1@58.031C VDD_IN 8861mW/8884mW VDD_CPU_GPU_CV 2826mW/2831mW VDD_SOC 2625mW/2625mW
08-04-2026 15:32:37 RAM 3816/7620MB (lfb 1x1MB) SWAP 2370/12002MB (cached 117MB) CPU [0%@1728,0%@1728,0%@1728,0%@1728,100%@1728,0%@1728] GR3D_FREQ 9% cpu@57.093C soc2@55.718C soc0@56.656C gpu@56.875C tj@58.218C soc1@58.218C VDD_IN 8861mW/8884mW VDD_CPU_GPU_CV 2826mW/2831mW VDD_SOC 2625mW/2625mW
08-04-2026 15:32:37 RAM 3816/7620MB (lfb 1x1MB) SWAP 2370/12002MB (cached 117MB) CPU [0%@1728,0%@1728,0%@1728,0%@1728,100%@1728,0%@1728] GR3D_FREQ 9% cpu@57.156C soc2@55.781C soc0@56.718C gpu@57.343C tj@58.25C soc1@58.25C VDD_IN 8861mW/8884mW VDD_CPU_GPU_CV 2826mW/2831mW VDD_SOC 2625mW/2625mW
08-04-2026 15:32:37 RAM 3816/7620MB (lfb 1x1MB) SWAP 2370/12002MB (cached 117MB) CPU [0%@1728,9%@1728,0%@1728,0%@1728,100%@1728,9%@1728] GR3D_FREQ 9% cpu@57.187C soc2@55.843C soc0@56.781C gpu@56.937C tj@58.156C soc1@58.156C VDD_IN 8902mW/8884mW VDD_CPU_GPU_CV 2826mW/2831mW VDD_SOC 2625mW/2625mW
08-04-2026 15:32:37 RAM 3816/7620MB (lfb 1x1MB) SWAP 2370/12002MB (cached 117MB) CPU [0%@1728,8%@1728,0%@1728,0%@1728,100%@1728,0%@1728] GR3D_FREQ 8% cpu@57.093C soc2@55.718C soc0@56.656C gpu@56.875C tj@58.093C soc1@58.093C VDD_IN 8902mW/8884mW VDD_CPU_GPU_CV 2826mW/2831mW VDD_SOC 2625mW/2625mW
08-04-2026 15:32:37 RAM 3816/7620MB (lfb 1x1MB) SWAP 2370/12002MB (cached 117MB) CPU [0%@1728,0%@1728,0%@1728,0%@1728,100%@1728,0%@1728] GR3D_FREQ 9% cpu@57.031C soc2@55.75C soc0@56.656C gpu@57.343C tj@58.25C soc1@58.25C VDD_IN 8861mW/8884mW VDD_CPU_GPU_CV 2826mW/2831mW VDD_SOC 2625mW/2625mW
08-04-2026 15:32:37 RAM 3816/7620MB (lfb 1x1MB) SWAP 2370/12002MB (cached 117MB) CPU [0%@1728,0%@1728,0%@1728,0%@1728,100%@1728,0%@1728] GR3D_FREQ 9% cpu@57.187C soc2@55.781C soc0@56.625C gpu@56.937C tj@58.218C soc1@58.218C VDD_IN 8875mW/8884mW VDD_CPU_GPU_CV 2826mW/2831mW VDD_SOC 2625mW/2625mW
08-04-2026 15:32:37 RAM 3816/7620MB (lfb 1x1MB) SWAP 2370/12002MB (cached 117MB) CPU [0%@1728,9%@1728,0%@1728,0%@1728,100%@1728,0%@1728] GR3D_FREQ 9% cpu@57.125C soc2@55.843C soc0@56.781C gpu@56.812C tj@58.25C soc1@58.25C VDD_IN 8861mW/8884mW VDD_CPU_GPU_CV 2826mW/2831mW VDD_SOC 2625mW/2625mW
08-04-2026 15:32:37 RAM 3816/7620MB (lfb 1x1MB) SWAP 2370/12002MB (cached 117MB) CPU [0%@1728,0%@1728,0%@1728,0%@1728,100%@1728,0%@1728] GR3D_FREQ 8% cpu@57.156C soc2@55.812C soc0@56.468C gpu@56.937C tj@58.125C soc1@58.125C VDD_IN 8875mW/8884mW VDD_CPU_GPU_CV 2826mW/2831mW VDD_SOC 2625mW/2625mW
08-04-2026 15:32:37 RAM 3816/7620MB (lfb 1x1MB) SWAP 2370/12002MB (cached 117MB) CPU [0%@1728,0%@1728,0%@1728,0%@1728,100%@1728,0%@1728] GR3D_FREQ 8% cpu@57.125C soc2@55.781C soc0@56.562C gpu@56.906C tj@58.218C soc1@58.218C VDD_IN 8861mW/8884mW VDD_CPU_GPU_CV 2826mW/2831mW VDD_SOC 2625mW/2625mW
08-04-2026 15:32:37 RAM 3816/7620MB (lfb 1x1MB) SWAP 2370/12002MB (cached 117MB) CPU [0%@1728,0%@1728,0%@1728,0%@1728,100%@1728,0%@1728] GR3D_FREQ 9% cpu@57.125C soc2@55.75C soc0@56.625C gpu@56.843C tj@58.156C soc1@58.156C VDD_IN 8875mW/8884mW VDD_CPU_GPU_CV 2826mW/2831mW VDD_SOC 2625mW/2625mW
08-04-2026 15:32:38 RAM 3816/7620MB (lfb 1x1MB) SWAP 2370/12002MB (cached 117MB) CPU [0%@1728,0%@1728,0%@1728,0%@1728,100%@1728,0%@1728] GR3D_FREQ 10% cpu@57.125C soc2@55.718C soc0@56.687C gpu@56.906C tj@58.343C soc1@58.343C VDD_IN 8875mW/8884mW VDD_CPU_GPU_CV 2826mW/2831mW VDD_SOC 2625mW/2625mW
08-04-2026 15:32:38 RAM 3816/7620MB (lfb 1x1MB) SWAP 2370/12002MB (cached 117MB) CPU [0%@1728,0%@1728,0%@1728,0%@1728,100%@1728,9%@1728] GR3D_FREQ 8% cpu@57.093C soc2@55.812C soc0@56.812C gpu@56.843C tj@58.343C soc1@58.343C VDD_IN 8861mW/8884mW VDD_CPU_GPU_CV 2826mW/2831mW VDD_SOC 2625mW/2625mW
08-04-2026 15:32:38 RAM 3816/7620MB (lfb 1x1MB) SWAP 2370/12002MB (cached 117MB) CPU [0%@1728,0%@1728,0%@1728,8%@1728,100%@1728,0%@1728] GR3D_FREQ 9% cpu@57.281C soc2@55.781C soc0@56.593C gpu@56.781C tj@58.062C soc1@58.062C VDD_IN 8902mW/8884mW VDD_CPU_GPU_CV 2826mW/2831mW VDD_SOC 2625mW/2625mW
08-04-2026 15:32:38 RAM 3816/7620MB (lfb 1x1MB) SWAP 2370/12002MB (cached 117MB) CPU [0%@1728,0%@1728,0%@1728,0%@1728,100%@1728,0%@1728] GR3D_FREQ 8% cpu@57.093C soc2@55.781C soc0@56.593C gpu@56.906C tj@58.218C soc1@58.218C VDD_IN 8902mW/8884mW VDD_CPU_GPU_CV 2826mW/2831mW VDD_SOC 2625mW/2625mW
08-04-2026 15:32:38 RAM 3816/7620MB (lfb 1x1MB) SWAP 2370/12002MB (cached 117MB) CPU [0%@1728,18%@1728,18%@1728,18%@1728,100%@1728,0%@1728] GR3D_FREQ 10% cpu@57.218C soc2@55.781C soc0@56.625C gpu@56.843C tj@58.187C soc1@58.187C VDD_IN 8943mW/8884mW VDD_CPU_GPU_CV 2867mW/2831mW VDD_SOC 2625mW/2625mW
08-04-2026 15:32:38 RAM 3816/7620MB (lfb 1x1MB) SWAP 2370/12002MB (cached 117MB) CPU [9%@1728,0%@1728,0%@1728,8%@1728,100%@1728,0%@1728] GR3D_FREQ 9% cpu@57.187C soc2@55.75C soc0@56.781C gpu@56.843C tj@58.343C soc1@58.343C VDD_IN 8943mW/8884mW VDD_CPU_GPU_CV 2867mW/2831mW VDD_SOC 2625mW/2625mW
08-04-2026 15:32:38 RAM 3816/7620MB (lfb 1x1MB) SWAP 2370/12002MB (cached 117MB) CPU [0%@1728,9%@1728,9%@1728,0%@1728,100%@1728,0%@1728] GR3D_FREQ 8% cpu@57.25C soc2@55.781C soc0@56.531C gpu@56.906C tj@58.093C soc1@58.093C VDD_IN 8943mW/8885mW VDD_CPU_GPU_CV 2867mW/2831mW VDD_SOC 2625mW/2625mW
08-04-2026 15:32:38 RAM 3816/7620MB (lfb 1x1MB) SWAP 2370/12002MB (cached 117MB) CPU [0%@1728,8%@1728,0%@1728,0%@1728,100%@1728,0%@1728] GR3D_FREQ 8% cpu@57.156C soc2@55.75C soc0@56.5C gpu@56.875C tj@58.218C soc1@58.218C VDD_IN 8902mW/8885mW VDD_CPU_GPU_CV 2867mW/2831mW VDD_SOC 2625mW/2625mW
08-04-2026 15:32:38 RAM 3816/7620MB (lfb 1x1MB) SWAP 2370/12002MB (cached 117MB) CPU [0%@1728,0%@1728,0%@1728,8%@1728,100%@1728,0%@1728] GR3D_FREQ 9% cpu@57.156C soc2@55.812C soc0@56.625C gpu@56.968C tj@58.281C soc1@58.281C VDD_IN 8902mW/8885mW VDD_CPU_GPU_CV 2867mW/2831mW VDD_SOC 2625mW/2625mW
08-04-2026 15:32:39 RAM 3816/7620MB (lfb 1x1MB) SWAP 2370/12002MB (cached 117MB) CPU [0%@1728,0%@1728,0%@1728,0%@1728,100%@1728,0%@1728] GR3D_FREQ 11% cpu@57.156C soc2@55.75C soc0@56.656C gpu@56.875C tj@58.312C soc1@58.312C VDD_IN 8902mW/8885mW VDD_CPU_GPU_CV 2867mW/2831mW VDD_SOC 2625mW/2625mW
08-04-2026 15:32:39 RAM 3816/7620MB (lfb 1x1MB) SWAP 2370/12002MB (cached 117MB) CPU [0%@1728,0%@1728,0%@1728,0%@1728,100%@1728,0%@1728] GR3D_FREQ 8% cpu@57.218C soc2@55.875C soc0@56.812C gpu@56.812C tj@58.031C soc1@58.031C VDD_IN 8902mW/8885mW VDD_CPU_GPU_CV 2867mW/2831mW VDD_SOC 2625mW/2625mW
08-04-2026 15:32:39 RAM 3816/7620MB (lfb 1x1MB) SWAP 2370/12002MB (cached 117MB) CPU [0%@1728,0%@1728,0%@1728,0%@1728,100%@1728,9%@1728] GR3D_FREQ 8% cpu@57.093C soc2@55.718C soc0@56.531C gpu@56.937C tj@58.062C soc1@58.062C VDD_IN 8902mW/8885mW VDD_CPU_GPU_CV 2867mW/2831mW VDD_SOC 2625mW/2625mW
08-04-2026 15:32:39 RAM 3816/7620MB (lfb 1x1MB) SWAP 2370/12002MB (cached 117MB) CPU [0%@1728,0%@1728,0%@1728,9%@1728,100%@1728,0%@1728] GR3D_FREQ 9% cpu@57.093C soc2@55.718C soc0@56.5C gpu@56.843C tj@58.187C soc1@58.187C VDD_IN 8902mW/8885mW VDD_CPU_GPU_CV 2867mW/2831mW VDD_SOC 2625mW/2625mW
08-04-2026 15:32:39 RAM 3816/7620MB (lfb 1x1MB) SWAP 2370/12002MB (cached 117MB) CPU [0%@1728,0%@1728,0%@1728,0%@1728,100%@1728,0%@1728] GR3D_FREQ 9% cpu@57.125C soc2@55.781C soc0@56.625C gpu@56.843C tj@58.25C soc1@58.25C VDD_IN 8902mW/8885mW VDD_CPU_GPU_CV 2826mW/2831mW VDD_SOC 2625mW/2625mW
08-04-2026 15:32:39 RAM 3816/7620MB (lfb 1x1MB) SWAP 2370/12002MB (cached 117MB) CPU [0%@1728,0%@1728,0%@1728,0%@1728,100%@1728,0%@1728] GR3D_FREQ 9% cpu@57.218C soc2@55.812C soc0@56.781C gpu@56.875C tj@58.375C soc1@58.375C VDD_IN 8902mW/8885mW VDD_CPU_GPU_CV 2826mW/2831mW VDD_SOC 2625mW/2625mW
08-04-2026 15:32:39 RAM 3816/7620MB (lfb 1x1MB) SWAP 2370/12002MB (cached 117MB) CPU [0%@1728,0%@1728,0%@1728,0%@1728,100%@1728,0%@1728] GR3D_FREQ 9% cpu@57.218C soc2@55.718C soc0@56.5C gpu@56.875C tj@58.125C soc1@58.125C VDD_IN 8902mW/8885mW VDD_CPU_GPU_CV 2826mW/2831mW VDD_SOC 2625mW/2625mW
08-04-2026 15:32:39 RAM 3816/7620MB (lfb 1x1MB) SWAP 2370/12002MB (cached 117MB) CPU [0%@1728,10%@1728,0%@1728,0%@1728,100%@1728,0%@1728] GR3D_FREQ 8% cpu@57.031C soc2@55.718C soc0@56.593C gpu@56.812C tj@58.125C soc1@58.125C VDD_IN 8902mW/8885mW VDD_CPU_GPU_CV 2867mW/2831mW VDD_SOC 2625mW/2625mW
08-04-2026 15:32:39 RAM 3816/7620MB (lfb 1x1MB) SWAP 2370/12002MB (cached 117MB) CPU [0%@1728,0%@1728,0%@1728,0%@1728,100%@1728,0%@1728] GR3D_FREQ 8% cpu@57.187C soc2@55.718C soc0@56.718C gpu@56.968C tj@58.187C soc1@58.187C VDD_IN 8902mW/8885mW VDD_CPU_GPU_CV 2867mW/2831mW VDD_SOC 2625mW/2625mW
08-04-2026 15:32:39 RAM 3816/7620MB (lfb 1x1MB) SWAP 2370/12002MB (cached 117MB) CPU [0%@1728,0%@1728,0%@1728,0%@1728,100%@1728,0%@1728] GR3D_FREQ 9% cpu@57.062C soc2@55.812C soc0@56.687C gpu@56.875C tj@58.343C soc1@58.343C VDD_IN 8861mW/8885mW VDD_CPU_GPU_CV 2826mW/2831mW VDD_SOC 2625mW/2625mW
08-04-2026 15:32:40 RAM 3816/7620MB (lfb 1x1MB) SWAP 2370/12002MB (cached 117MB) CPU [0%@1728,0%@1728,0%@1728,0%@1728,100%@1728,0%@1728] GR3D_FREQ 9% cpu@57.156C soc2@55.937C soc0@56.562C gpu@57.031C tj@58.093C soc1@58.093C VDD_IN 8861mW/8885mW VDD_CPU_GPU_CV 2826mW/2831mW VDD_SOC 2625mW/2625mW
08-04-2026 15:32:40 RAM 3816/7620MB (lfb 1x1MB) SWAP 2370/12002MB (cached 117MB) CPU [0%@1728,0%@1728,0%@1728,0%@1728,100%@1728,0%@1728] GR3D_FREQ 8% cpu@57.281C soc2@55.812C soc0@56.593C gpu@56.875C tj@58.062C soc1@58.062C VDD_IN 8861mW/8885mW VDD_CPU_GPU_CV 2826mW/2831mW VDD_SOC 2625mW/2625mW
08-04-2026 15:32:40 RAM 3816/7620MB (lfb 1x1MB) SWAP 2370/12002MB (cached 117MB) CPU [0%@1728,0%@1728,0%@1728,0%@1728,100%@1728,9%@1728] GR3D_FREQ 8% cpu@57.156C soc2@55.687C soc0@56.625C gpu@56.812C tj@58.156C soc1@58.156C VDD_IN 8902mW/8885mW VDD_CPU_GPU_CV 2867mW/2831mW VDD_SOC 2625mW/2625mW
08-04-2026 15:32:40 RAM 3816/7620MB (lfb 1x1MB) SWAP 2370/12002MB (cached 117MB) CPU [0%@1728,0%@1728,0%@1728,0%@1728,100%@1728,0%@1728] GR3D_FREQ 9% cpu@57.156C soc2@55.75C soc0@56.625C gpu@56.968C tj@58.25C soc1@58.25C VDD_IN 8902mW/8885mW VDD_CPU_GPU_CV 2826mW/2831mW VDD_SOC 2625mW/2625mW
08-04-2026 15:32:40 RAM 3816/7620MB (lfb 1x1MB) SWAP 2370/12002MB (cached 117MB) CPU [0%@1728,0%@1728,0%@1728,8%@1728,100%@1728,0%@1728] GR3D_FREQ 10% cpu@57.218C soc2@55.812C soc0@56.875C gpu@56.906C tj@58.437C soc1@58.437C VDD_IN 8861mW/8885mW VDD_CPU_GPU_CV 2826mW/2831mW VDD_SOC 2625mW/2625mW
08-04-2026 15:32:40 RAM 3816/7620MB (lfb 1x1MB) SWAP 2370/12002MB (cached 117MB) CPU [0%@1728,9%@1728,0%@1728,9%@1728,100%@1728,0%@1728] GR3D_FREQ 8% cpu@57.281C soc2@55.718C soc0@56.531C gpu@56.781C tj@58.156C soc1@58.156C VDD_IN 8861mW/8885mW VDD_CPU_GPU_CV 2826mW/2831mW VDD_SOC 2625mW/2625mW
08-04-2026 15:32:40 RAM 3816/7620MB (lfb 1x1MB) SWAP 2370/12002MB (cached 117MB) CPU [16%@1728,0%@1728,9%@1728,0%@1728,100%@1728,0%@1728] GR3D_FREQ 9% cpu@57.156C soc2@55.75C soc0@56.625C gpu@56.968C tj@58.187C soc1@58.156C VDD_IN 8861mW/8885mW VDD_CPU_GPU_CV 2826mW/2831mW VDD_SOC 2625mW/2625mW
08-04-2026 15:32:40 RAM 3816/7620MB (lfb 1x1MB) SWAP 2370/12002MB (cached 117MB) CPU [0%@1728,0%@1728,0%@1728,0%@1728,100%@1728,0%@1728] GR3D_FREQ 8% cpu@57.187C soc2@55.718C soc0@56.75C gpu@56.937C tj@58.218C soc1@58.218C VDD_IN 8861mW/8885mW VDD_CPU_GPU_CV 2826mW/2831mW VDD_SOC 2625mW/2625mW
08-04-2026 15:32:40 RAM 3816/7620MB (lfb 1x1MB) SWAP 2370/12002MB (cached 117MB) CPU [0%@1728,0%@1728,0%@1728,0%@1728,100%@1728,0%@1728] GR3D_FREQ 9% cpu@57.156C soc2@55.781C soc0@56.718C gpu@56.812C tj@58.312C soc1@58.312C VDD_IN 8861mW/8885mW VDD_CPU_GPU_CV 2826mW/2831mW VDD_SOC 2625mW/2625mW
08-04-2026 15:32:41 RAM 3816/7620MB (lfb 1x1MB) SWAP 2370/12002MB (cached 117MB) CPU [0%@1728,0%@1728,0%@1728,0%@1728,100%@1728,0%@1728] GR3D_FREQ 10% cpu@57.218C soc2@55.843C soc0@56.562C gpu@56.968C tj@58.062C soc1@58.062C VDD_IN 8861mW/8885mW VDD_CPU_GPU_CV 2826mW/2831mW VDD_SOC 2625mW/2625mW
08-04-2026 15:32:41 RAM 3816/7620MB (lfb 1x1MB) SWAP 2370/12002MB (cached 117MB) CPU [0%@1728,0%@1728,0%@1728,0%@1728,100%@1728,0%@1728] GR3D_FREQ 8% cpu@57.343C soc2@55.812C soc0@56.562C gpu@56.812C tj@58.093C soc1@58.093C VDD_IN 8861mW/8885mW VDD_CPU_GPU_CV 2826mW/2831mW VDD_SOC 2625mW/2625mW
08-04-2026 15:32:41 RAM 3816/7620MB (lfb 1x1MB) SWAP 2370/12002MB (cached 117MB) CPU [0%@1728,0%@1728,9%@1728,0%@1728,100%@1728,0%@1728] GR3D_FREQ 8% cpu@57.187C soc2@55.781C soc0@56.593C gpu@57C tj@58.156C soc1@58.156C VDD_IN 8902mW/8885mW VDD_CPU_GPU_CV 2826mW/2831mW VDD_SOC 2625mW/2625mW
08-04-2026 15:32:41 RAM 3816/7620MB (lfb 1x1MB) SWAP 2370/12002MB (cached 117MB) CPU [0%@1728,0%@1728,0%@1728,0%@1728,100%@1728,0%@1728] GR3D_FREQ 8% cpu@57.218C soc2@55.75C soc0@56.625C gpu@56.968C tj@58.218C soc1@58.218C VDD_IN 8902mW/8885mW VDD_CPU_GPU_CV 2826mW/2831mW VDD_SOC 2625mW/2625mW
08-04-2026 15:32:41 RAM 3816/7620MB (lfb 1x1MB) SWAP 2370/12002MB (cached 117MB) CPU [0%@1728,8%@1728,0%@1728,0%@1728,100%@1728,0%@1728] GR3D_FREQ 9% cpu@57.187C soc2@55.781C soc0@56.843C gpu@56.875C tj@58.375C soc1@58.375C VDD_IN 8902mW/8885mW VDD_CPU_GPU_CV 2826mW/2831mW VDD_SOC 2625mW/2625mW
08-04-2026 15:32:41 RAM 3816/7620MB (lfb 1x1MB) SWAP 2370/12002MB (cached 117MB) CPU [0%@1728,0%@1728,0%@1728,0%@1728,100%@1728,0%@1728] GR3D_FREQ 9% cpu@57.25C soc2@55.75C soc0@56.5C gpu@57C tj@58.187C soc1@58.187C VDD_IN 8902mW/8885mW VDD_CPU_GPU_CV 2826mW/2831mW VDD_SOC 2625mW/2625mW
08-04-2026 15:32:41 RAM 3816/7620MB (lfb 1x1MB) SWAP 2370/12002MB (cached 117MB) CPU [0%@1728,9%@1728,0%@1728,0%@1728,100%@1728,0%@1728] GR3D_FREQ 8% cpu@57.093C soc2@55.687C soc0@56.562C gpu@56.875C tj@58.093C soc1@58.093C VDD_IN 8902mW/8885mW VDD_CPU_GPU_CV 2826mW/2831mW VDD_SOC 2625mW/2625mW
08-04-2026 15:32:41 RAM 3817/7620MB (lfb 1x1MB) SWAP 2370/12002MB (cached 117MB) CPU [16%@1728,0%@1728,0%@1728,20%@1728,100%@1728,0%@1728] GR3D_FREQ 8% cpu@57.093C soc2@55.812C soc0@56.687C gpu@56.875C tj@58.218C soc1@58.218C VDD_IN 8943mW/8885mW VDD_CPU_GPU_CV 2908mW/2831mW VDD_SOC 2625mW/2625mW
08-04-2026 15:32:41 RAM 3817/7620MB (lfb 1x1MB) SWAP 2370/12002MB (cached 117MB) CPU [0%@1728,0%@1728,0%@1728,0%@1728,100%@1728,0%@1728] GR3D_FREQ 9% cpu@57.218C soc2@55.812C soc0@56.687C gpu@57.031C tj@58.406C soc1@58.406C VDD_IN 8943mW/8885mW VDD_CPU_GPU_CV 2867mW/2832mW VDD_SOC 2625mW/2625mW
08-04-2026 15:32:41 RAM 3817/7620MB (lfb 1x1MB) SWAP 2370/12002MB (cached 117MB) CPU [0%@1728,8%@1728,0%@1728,0%@1728,100%@1728,0%@1728] GR3D_FREQ 10% cpu@57.218C soc2@55.906C soc0@56.593C gpu@56.906C tj@58.093C soc1@58.093C VDD_IN 8902mW/8885mW VDD_CPU_GPU_CV 2867mW/2832mW VDD_SOC 2625mW/2625mW
08-04-2026 15:32:42 RAM 3817/7620MB (lfb 1x1MB) SWAP 2370/12002MB (cached 117MB) CPU [0%@1728,0%@1728,0%@1728,0%@1728,100%@1728,0%@1728] GR3D_FREQ 9% cpu@57.312C soc2@55.718C soc0@56.656C gpu@56.812C tj@58.156C soc1@58.156C VDD_IN 8902mW/8885mW VDD_CPU_GPU_CV 2826mW/2832mW VDD_SOC 2625mW/2625mW
08-04-2026 15:32:42 RAM 3817/7620MB (lfb 1x1MB) SWAP 2370/12002MB (cached 117MB) CPU [9%@1728,0%@1728,0%@1728,0%@1728,100%@1728,9%@1728] GR3D_FREQ 8% cpu@57.156C soc2@55.812C soc0@56.625C gpu@57C tj@58.187C soc1@58.187C VDD_IN 8902mW/8885mW VDD_CPU_GPU_CV 2826mW/2832mW VDD_SOC 2625mW/2625mW
08-04-2026 15:32:42 RAM 3817/7620MB (lfb 1x1MB) SWAP 2370/12002MB (cached 117MB) CPU [0%@1728,9%@1728,0%@1728,0%@1728,100%@1728,9%@1728] GR3D_FREQ 8% cpu@57.187C soc2@55.781C soc0@56.625C gpu@56.937C tj@58.281C soc1@58.281C VDD_IN 8902mW/8885mW VDD_CPU_GPU_CV 2826mW/2832mW VDD_SOC 2625mW/2625mW
08-04-2026 15:32:42 RAM 3817/7620MB (lfb 1x1MB) SWAP 2370/12002MB (cached 117MB) CPU [0%@1728,0%@1728,0%@1728,0%@1728,100%@1728,0%@1728] GR3D_FREQ 9% cpu@57.25C soc2@55.812C soc0@56.562C gpu@57.031C tj@58.031C soc1@58.031C VDD_IN 8902mW/8885mW VDD_CPU_GPU_CV 2826mW/2832mW VDD_SOC 2625mW/2625mW
08-04-2026 15:32:42 RAM 3817/7620MB (lfb 1x1MB) SWAP 2370/12002MB (cached 117MB) CPU [0%@1728,0%@1728,0%@1728,0%@1728,100%@1728,0%@1728] GR3D_FREQ 10% cpu@57.187C soc2@55.718C soc0@56.593C gpu@56.875C tj@58.156C soc1@58.156C VDD_IN 8902mW/8885mW VDD_CPU_GPU_CV 2826mW/2832mW VDD_SOC 2625mW/2625mW
08-04-2026 15:32:42 RAM 3817/7620MB (lfb 1x1MB) SWAP 2370/12002MB (cached 117MB) CPU [0%@1728,0%@1728,0%@1728,8%@1728,100%@1728,0%@1728] GR3D_FREQ 8% cpu@57.093C soc2@55.718C soc0@56.656C gpu@56.906C tj@58.218C soc1@58.218C VDD_IN 8902mW/8885mW VDD_CPU_GPU_CV 2826mW/2832mW VDD_SOC 2625mW/2625mW
08-04-2026 15:32:42 RAM 3818/7620MB (lfb 1x1MB) SWAP 2370/12002MB (cached 117MB) CPU [0%@1728,0%@1728,0%@1728,0%@1728,100%@1728,0%@1728] GR3D_FREQ 8% cpu@57.062C soc2@55.781C soc0@56.687C gpu@56.968C tj@58.218C soc1@58.218C VDD_IN 8902mW/8885mW VDD_CPU_GPU_CV 2826mW/2832mW VDD_SOC 2625mW/2625mW
08-04-2026 15:32:42 RAM 3818/7620MB (lfb 1x1MB) SWAP 2370/12002MB (cached 117MB) CPU [0%@1728,0%@1728,0%@1728,0%@1728,100%@1728,0%@1728] GR3D_FREQ 9% cpu@57.218C soc2@55.75C soc0@56.718C gpu@56.968C tj@58.375C soc1@58.375C VDD_IN 8902mW/8885mW VDD_CPU_GPU_CV 2826mW/2832mW VDD_SOC 2625mW/2625mW
08-04-2026 15:32:42 RAM 3818/7620MB (lfb 1x1MB) SWAP 2370/12002MB (cached 117MB) CPU [0%@1728,0%@1728,0%@1728,0%@1728,100%@1728,0%@1728] GR3D_FREQ 9% cpu@57.312C soc2@55.937C soc0@56.531C gpu@56.906C tj@58.125C soc1@58.125C VDD_IN 8861mW/8885mW VDD_CPU_GPU_CV 2826mW/2832mW VDD_SOC 2625mW/2625mW
08-04-2026 15:32:43 RAM 3818/7620MB (lfb 1x1MB) SWAP 2370/12002MB (cached 117MB) CPU [0%@1728,9%@1728,0%@1728,0%@1728,100%@1728,0%@1728] GR3D_FREQ 9% cpu@57.343C soc2@55.718C soc0@56.625C gpu@57C tj@58.093C soc1@58.093C VDD_IN 8861mW/8885mW VDD_CPU_GPU_CV 2826mW/2832mW VDD_SOC 2625mW/2625mW
08-04-2026 15:32:43 RAM 3818/7620MB (lfb 1x1MB) SWAP 2370/12002MB (cached 117MB) CPU [0%@1728,0%@1728,9%@1728,0%@1728,100%@1728,0%@1728] GR3D_FREQ 9% cpu@57.25C soc2@55.687C soc0@56.593C gpu@56.937C tj@58.156C soc1@58.156C VDD_IN 8861mW/8885mW VDD_CPU_GPU_CV 2826mW/2832mW VDD_SOC 2625mW/2625mW
08-04-2026 15:32:43 RAM 3818/7620MB (lfb 1x1MB) SWAP 2370/12002MB (cached 117MB) CPU [0%@1728,0%@1728,0%@1728,0%@1728,100%@1728,0%@1728] GR3D_FREQ 8% cpu@57.187C soc2@55.812C soc0@56.656C gpu@56.843C tj@58.343C soc1@58.343C VDD_IN 8902mW/8885mW VDD_CPU_GPU_CV 2826mW/2832mW VDD_SOC 2625mW/2625mW
08-04-2026 15:32:43 RAM 3818/7620MB (lfb 1x1MB) SWAP 2370/12002MB (cached 117MB) CPU [0%@1728,0%@1728,9%@1728,0%@1728,100%@1728,0%@1728] GR3D_FREQ 8% cpu@57.281C soc2@55.75C soc0@56.531C gpu@57.031C tj@58.062C soc1@58.062C VDD_IN 8902mW/8885mW VDD_CPU_GPU_CV 2826mW/2831mW VDD_SOC 2625mW/2625mW
08-04-2026 15:32:43 RAM 3818/7620MB (lfb 1x1MB) SWAP 2370/12002MB (cached 117MB) CPU [8%@1728,0%@1728,0%@1728,0%@1728,100%@1728,0%@1728] GR3D_FREQ 9% cpu@57.281C soc2@55.718C soc0@56.625C gpu@56.937C tj@58.031C soc1@58.031C VDD_IN 8861mW/8885mW VDD_CPU_GPU_CV 2826mW/2831mW VDD_SOC 2625mW/2625mW
08-04-2026 15:32:43 RAM 3818/7620MB (lfb 1x1MB) SWAP 2370/12002MB (cached 117MB) CPU [0%@1728,0%@1728,0%@1728,0%@1728,100%@1728,0%@1728] GR3D_FREQ 9% cpu@57.125C soc2@55.781C soc0@56.656C gpu@57.062C tj@58.156C soc1@58.156C VDD_IN 8861mW/8885mW VDD_CPU_GPU_CV 2826mW/2831mW VDD_SOC 2625mW/2625mW
08-04-2026 15:32:43 RAM 3818/7620MB (lfb 1x1MB) SWAP 2370/12002MB (cached 117MB) CPU [0%@1728,0%@1728,0%@1728,8%@1728,100%@1728,0%@1728] GR3D_FREQ 8% cpu@57.25C soc2@55.718C soc0@56.656C gpu@56.968C tj@58.281C soc1@58.281C VDD_IN 8861mW/8885mW VDD_CPU_GPU_CV 2826mW/2831mW VDD_SOC 2625mW/2625mW
08-04-2026 15:32:43 RAM 3818/7620MB (lfb 1x1MB) SWAP 2370/12002MB (cached 117MB) CPU [0%@1728,0%@1728,9%@1728,9%@1728,100%@1728,0%@1728] GR3D_FREQ 8% cpu@57.218C soc2@55.812C soc0@56.781C gpu@56.906C tj@58.437C soc1@58.437C VDD_IN 8902mW/8885mW VDD_CPU_GPU_CV 2826mW/2831mW VDD_SOC 2625mW/2625mW
08-04-2026 15:32:43 RAM 3818/7620MB (lfb 1x1MB) SWAP 2370/12002MB (cached 117MB) CPU [0%@1728,0%@1728,0%@1728,0%@1728,100%@1728,0%@1728] GR3D_FREQ 9% cpu@57.218C soc2@55.75C soc0@56.5C gpu@57.093C tj@58.187C soc1@58.187C VDD_IN 8902mW/8885mW VDD_CPU_GPU_CV 2826mW/2831mW VDD_SOC 2625mW/2625mW
08-04-2026 15:32:43 RAM 3818/7620MB (lfb 1x1MB) SWAP 2370/12002MB (cached 117MB) CPU [0%@1728,0%@1728,0%@1728,0%@1728,100%@1728,0%@1728] GR3D_FREQ 10% cpu@57.437C soc2@55.656C soc0@56.562C gpu@56.968C tj@58.187C soc1@58.187C VDD_IN 8861mW/8885mW VDD_CPU_GPU_CV 2826mW/2831mW VDD_SOC 2625mW/2625mW
08-04-2026 15:32:44 RAM 3818/7620MB (lfb 1x1MB) SWAP 2370/12002MB (cached 117MB) CPU [0%@1728,0%@1728,0%@1728,0%@1728,100%@1728,0%@1728] GR3D_FREQ 8% cpu@57.156C soc2@55.718C soc0@56.625C gpu@56.906C tj@58.218C soc1@58.218C VDD_IN 8861mW/8885mW VDD_CPU_GPU_CV 2826mW/2831mW VDD_SOC 2625mW/2625mW
08-04-2026 15:32:44 RAM 3818/7620MB (lfb 1x1MB) SWAP 2370/12002MB (cached 117MB) CPU [9%@1728,0%@1728,0%@1728,0%@1728,100%@1728,0%@1728] GR3D_FREQ 9% cpu@57.156C soc2@55.718C soc0@56.718C gpu@57.031C tj@58.375C soc1@58.375C VDD_IN 8902mW/8885mW VDD_CPU_GPU_CV 2826mW/2831mW VDD_SOC 2625mW/2625mW
08-04-2026 15:32:44 RAM 3818/7620MB (lfb 1x1MB) SWAP 2370/12002MB (cached 117MB) CPU [0%@1728,0%@1728,9%@1728,8%@1728,100%@1728,0%@1728] GR3D_FREQ 8% cpu@57.25C soc2@55.875C soc0@56.531C gpu@57C tj@58.093C soc1@58.093C VDD_IN 8902mW/8885mW VDD_CPU_GPU_CV 2826mW/2831mW VDD_SOC 2625mW/2625mW
08-04-2026 15:32:44 RAM 3818/7620MB (lfb 1x1MB) SWAP 2370/12002MB (cached 117MB) CPU [0%@1728,0%@1728,0%@1728,0%@1728,100%@1728,0%@1728] GR3D_FREQ 9% cpu@57.25C soc2@55.718C soc0@56.625C gpu@56.937C tj@58.125C soc1@58.125C VDD_IN 8902mW/8885mW VDD_CPU_GPU_CV 2826mW/2831mW VDD_SOC 2625mW/2625mW
08-04-2026 15:32:44 RAM 3818/7620MB (lfb 1x1MB) SWAP 2370/12002MB (cached 117MB) CPU [0%@1728,0%@1728,0%@1728,0%@1728,100%@1728,0%@1728] GR3D_FREQ 10% cpu@57.093C soc2@55.718C soc0@56.593C gpu@57.031C tj@58.25C soc1@58.25C VDD_IN 8902mW/8885mW VDD_CPU_GPU_CV 2826mW/2831mW VDD_SOC 2625mW/2625mW
08-04-2026 15:32:44 RAM 3818/7620MB (lfb 1x1MB) SWAP 2370/12002MB (cached 117MB) CPU [0%@1728,0%@1728,0%@1728,0%@1728,100%@1728,0%@1728] GR3D_FREQ 8% cpu@57.093C soc2@55.75C soc0@56.656C gpu@56.906C tj@58.187C soc1@58.187C VDD_IN 8861mW/8885mW VDD_CPU_GPU_CV 2826mW/2831mW VDD_SOC 2625mW/2625mW
08-04-2026 15:32:44 RAM 3818/7620MB (lfb 1x1MB) SWAP 2370/12002MB (cached 117MB) CPU [0%@1728,0%@1728,0%@1728,0%@1728,100%@1728,0%@1728] GR3D_FREQ 8% cpu@57.218C soc2@55.812C soc0@56.468C gpu@56.875C tj@58.156C soc1@58.156C VDD_IN 8902mW/8885mW VDD_CPU_GPU_CV 2826mW/2831mW VDD_SOC 2625mW/2625mW
08-04-2026 15:32:44 RAM 3818/7620MB (lfb 1x1MB) SWAP 2370/12002MB (cached 117MB) CPU [0%@1728,0%@1728,0%@1728,0%@1728,100%@1728,0%@1728] GR3D_FREQ 8% cpu@57.312C soc2@55.656C soc0@56.5C gpu@57.031C tj@58.125C soc1@58.125C VDD_IN 8902mW/8885mW VDD_CPU_GPU_CV 2826mW/2831mW VDD_SOC 2625mW/2625mW
08-04-2026 15:32:44 RAM 3818/7620MB (lfb 1x1MB) SWAP 2370/12002MB (cached 117MB) CPU [0%@1728,0%@1728,0%@1728,0%@1728,100%@1728,0%@1728] GR3D_FREQ 9% cpu@57.062C soc2@55.75C soc0@56.656C gpu@56.875C tj@58.125C soc1@58.125C VDD_IN 8861mW/8885mW VDD_CPU_GPU_CV 2826mW/2831mW VDD_SOC 2625mW/2625mW
08-04-2026 15:32:45 RAM 3818/7620MB (lfb 1x1MB) SWAP 2370/12002MB (cached 117MB) CPU [16%@1728,0%@1728,0%@1728,10%@1728,100%@1728,0%@1728] GR3D_FREQ 9% cpu@57.187C soc2@55.812C soc0@56.656C gpu@56.937C tj@58.218C soc1@58.218C VDD_IN 8943mW/8885mW VDD_CPU_GPU_CV 2867mW/2831mW VDD_SOC 2625mW/2625mW
08-04-2026 15:32:45 RAM 3818/7620MB (lfb 1x1MB) SWAP 2370/12002MB (cached 117MB) CPU [0%@1728,8%@1728,0%@1728,0%@1728,100%@1728,0%@1728] GR3D_FREQ 8% cpu@57.218C soc2@55.812C soc0@56.75C gpu@56.937C tj@58.375C soc1@58.375C VDD_IN 8943mW/8885mW VDD_CPU_GPU_CV 2867mW/2831mW VDD_SOC 2625mW/2625mW
08-04-2026 15:32:45 RAM 3818/7620MB (lfb 1x1MB) SWAP 2370/12002MB (cached 117MB) CPU [0%@1728,0%@1728,0%@1728,0%@1728,100%@1728,0%@1728] GR3D_FREQ 9% cpu@57.343C soc2@55.906C soc0@56.531C gpu@56.906C tj@58.125C soc1@58.125C VDD_IN 8943mW/8885mW VDD_CPU_GPU_CV 2867mW/2832mW VDD_SOC 2625mW/2625mW
08-04-2026 15:32:45 RAM 3818/7620MB (lfb 1x1MB) SWAP 2370/12002MB (cached 117MB) CPU [0%@1728,0%@1728,0%@1728,0%@1728,100%@1728,0%@1728] GR3D_FREQ 9% cpu@57.375C soc2@55.781C soc0@56.625C gpu@56.812C tj@58.156C soc1@58.156C VDD_IN 8943mW/8886mW VDD_CPU_GPU_CV 2867mW/2832mW VDD_SOC 2625mW/2625mW
08-04-2026 15:32:45 RAM 3818/7620MB (lfb 1x1MB) SWAP 2370/12002MB (cached 117MB) CPU [9%@1728,0%@1728,0%@1728,0%@1728,100%@1728,0%@1728] GR3D_FREQ 10% cpu@57.156C soc2@55.75C soc0@56.718C gpu@56.968C tj@58.187C soc1@58.187C VDD_IN 8902mW/8886mW VDD_CPU_GPU_CV 2867mW/2832mW VDD_SOC 2625mW/2625mW
08-04-2026 15:32:45 RAM 3818/7620MB (lfb 1x1MB) SWAP 2370/12002MB (cached 117MB) CPU [0%@1728,0%@1728,9%@1728,0%@1728,100%@1728,0%@1728] GR3D_FREQ 9% cpu@57.25C soc2@55.781C soc0@56.781C gpu@56.968C tj@58.218C soc1@58.218C VDD_IN 8902mW/8886mW VDD_CPU_GPU_CV 2826mW/2832mW VDD_SOC 2625mW/2625mW
08-04-2026 15:32:45 RAM 3818/7620MB (lfb 1x1MB) SWAP 2370/12002MB (cached 117MB) CPU [0%@1728,0%@1728,0%@1728,0%@1728,100%@1728,9%@1728] GR3D_FREQ 8% cpu@57.187C soc2@55.906C soc0@56.593C gpu@56.812C tj@58.093C soc1@58.093C VDD_IN 8902mW/8886mW VDD_CPU_GPU_CV 2826mW/2832mW VDD_SOC 2625mW/2625mW
08-04-2026 15:32:45 RAM 3818/7620MB (lfb 1x1MB) SWAP 2370/12002MB (cached 117MB) CPU [0%@1728,0%@1728,0%@1728,0%@1728,100%@1728,0%@1728] GR3D_FREQ 8% cpu@57.312C soc2@55.687C soc0@56.5C gpu@57.031C tj@58.062C soc1@58.062C VDD_IN 8902mW/8886mW VDD_CPU_GPU_CV 2826mW/2832mW VDD_SOC 2625mW/2625mW
08-04-2026 15:32:45 RAM 3818/7620MB (lfb 1x1MB) SWAP 2370/12002MB (cached 117MB) CPU [0%@1728,9%@1728,0%@1728,0%@1728,100%@1728,0%@1728] GR3D_FREQ 9% cpu@57.187C soc2@55.781C soc0@56.625C gpu@56.906C tj@58.125C soc1@58.187C VDD_IN 8902mW/8886mW VDD_CPU_GPU_CV 2826mW/2832mW VDD_SOC 2625mW/2625mW
08-04-2026 15:32:45 RAM 3818/7620MB (lfb 1x1MB) SWAP 2370/12002MB (cached 117MB) CPU [0%@1728,0%@1728,0%@1728,0%@1728,100%@1728,0%@1728] GR3D_FREQ 10% cpu@57.156C soc2@55.812C soc0@56.656C gpu@57.031C tj@58.25C soc1@58.25C VDD_IN 8861mW/8886mW VDD_CPU_GPU_CV 2826mW/2832mW VDD_SOC 2625mW/2625mW
08-04-2026 15:32:46 RAM 3818/7620MB (lfb 1x1MB) SWAP 2370/12002MB (cached 117MB) CPU [0%@1728,0%@1728,0%@1728,0%@1728,100%@1728,0%@1728] GR3D_FREQ 9% cpu@57.187C soc2@55.812C soc0@56.781C gpu@56.937C tj@58.437C soc1@58.437C VDD_IN 8861mW/8886mW VDD_CPU_GPU_CV 2826mW/2832mW VDD_SOC 2625mW/2625mW
08-04-2026 15:32:46 RAM 3818/7620MB (lfb 1x1MB) SWAP 2370/12002MB (cached 117MB) CPU [0%@1728,9%@1728,0%@1728,0%@1728,100%@1728,0%@1728] GR3D_FREQ 8% cpu@57.343C soc2@55.812C soc0@56.468C gpu@56.875C tj@58.062C soc1@58.062C VDD_IN 8861mW/8886mW VDD_CPU_GPU_CV 2826mW/2832mW VDD_SOC 2625mW/2625mW
08-04-2026 15:32:46 RAM 3818/7620MB (lfb 1x1MB) SWAP 2370/12002MB (cached 117MB) CPU [0%@1728,8%@1728,0%@1728,0%@1728,100%@1728,0%@1728] GR3D_FREQ 9% cpu@57.375C soc2@55.687C soc0@56.625C gpu@57.031C tj@58.031C soc1@58.031C VDD_IN 8861mW/8886mW VDD_CPU_GPU_CV 2826mW/2832mW VDD_SOC 2625mW/2625mW
08-04-2026 15:32:46 RAM 3818/7620MB (lfb 1x1MB) SWAP 2370/12002MB (cached 117MB) CPU [0%@1728,0%@1728,0%@1728,0%@1728,100%@1728,0%@1728] GR3D_FREQ 8% cpu@57.093C soc2@55.781C soc0@56.593C gpu@56.906C tj@58.218C soc1@58.218C VDD_IN 8902mW/8886mW VDD_CPU_GPU_CV 2826mW/2832mW VDD_SOC 2625mW/2625mW
08-04-2026 15:32:46 RAM 3818/7620MB (lfb 1x1MB) SWAP 2370/12002MB (cached 117MB) CPU [0%@1728,0%@1728,0%@1728,0%@1728,100%@1728,0%@1728] GR3D_FREQ 10% cpu@57.062C soc2@55.781C soc0@56.781C gpu@56.843C tj@58.312C soc1@58.312C VDD_IN 8861mW/8886mW VDD_CPU_GPU_CV 2826mW/2832mW VDD_SOC 2625mW/2625mW
08-04-2026 15:32:46 RAM 3818/7620MB (lfb 1x1MB) SWAP 2370/12002MB (cached 117MB) CPU [0%@1728,0%@1728,0%@1728,0%@1728,100%@1728,0%@1728] GR3D_FREQ 9% cpu@57.156C soc2@55.812C soc0@56.593C gpu@57C tj@58.062C soc1@58.062C VDD_IN 8861mW/8885mW VDD_CPU_GPU_CV 2826mW/2832mW VDD_SOC 2625mW/2625mW
08-04-2026 15:32:46 RAM 3818/7620MB (lfb 1x1MB) SWAP 2370/12002MB (cached 117MB) CPU [0%@1728,9%@1728,0%@1728,0%@1728,100%@1728,0%@1728] GR3D_FREQ 8% cpu@57.406C soc2@55.75C soc0@56.593C gpu@56.906C tj@58.093C soc1@58.093C VDD_IN 8902mW/8886mW VDD_CPU_GPU_CV 2826mW/2832mW VDD_SOC 2625mW/2625mW
08-04-2026 15:32:46 RAM 3818/7620MB (lfb 1x1MB) SWAP 2370/12002MB (cached 117MB) CPU [0%@1728,0%@1728,0%@1728,0%@1728,100%@1728,0%@1728] GR3D_FREQ 8% cpu@57.218C soc2@55.781C soc0@56.656C gpu@56.875C tj@58.187C soc1@58.187C VDD_IN 8861mW/8885mW VDD_CPU_GPU_CV 2826mW/2832mW VDD_SOC 2625mW/2625mW
08-04-2026 15:32:46 RAM 3818/7620MB (lfb 1x1MB) SWAP 2370/12002MB (cached 117MB) CPU [0%@1728,0%@1728,0%@1728,0%@1728,100%@1728,0%@1728] GR3D_FREQ 9% cpu@57.218C soc2@55.75C soc0@56.75C gpu@56.937C tj@58.281C soc1@58.281C VDD_IN 8861mW/8885mW VDD_CPU_GPU_CV 2826mW/2832mW VDD_SOC 2625mW/2625mW
08-04-2026 15:32:47 RAM 3818/7620MB (lfb 1x1MB) SWAP 2370/12002MB (cached 117MB) CPU [0%@1728,0%@1728,0%@1728,0%@1728,100%@1728,0%@1728] GR3D_FREQ 11% cpu@57.281C soc2@55.812C soc0@56.781C gpu@56.937C tj@58.093C soc1@58.093C VDD_IN 8861mW/8885mW VDD_CPU_GPU_CV 2826mW/2832mW VDD_SOC 2625mW/2625mW
08-04-2026 15:32:47 RAM 3818/7620MB (lfb 1x1MB) SWAP 2370/12002MB (cached 117MB) CPU [0%@1728,0%@1728,0%@1728,0%@1728,100%@1728,0%@1728] GR3D_FREQ 8% cpu@57.343C soc2@55.656C soc0@56.5C gpu@57.031C tj@58.093C soc1@58.093C VDD_IN 8861mW/8885mW VDD_CPU_GPU_CV 2826mW/2832mW VDD_SOC 2625mW/2625mW
08-04-2026 15:32:47 RAM 3818/7620MB (lfb 1x1MB) SWAP 2370/12002MB (cached 117MB) CPU [0%@1728,9%@1728,0%@1728,0%@1728,100%@1728,0%@1728] GR3D_FREQ 8% cpu@57.437C soc2@55.718C soc0@56.593C gpu@56.968C tj@58.156C soc1@58.156C VDD_IN 8902mW/8885mW VDD_CPU_GPU_CV 2826mW/2831mW VDD_SOC 2625mW/2625mW
08-04-2026 15:32:47 RAM 3818/7620MB (lfb 1x1MB) SWAP 2370/12002MB (cached 117MB) CPU [0%@1728,0%@1728,0%@1728,0%@1728,100%@1728,0%@1728] GR3D_FREQ 9% cpu@57.156C soc2@55.75C soc0@56.687C gpu@56.906C tj@58.25C soc1@58.25C VDD_IN 8902mW/8885mW VDD_CPU_GPU_CV 2826mW/2831mW VDD_SOC 2625mW/2625mW
08-04-2026 15:32:47 RAM 3818/7620MB (lfb 1x1MB) SWAP 2370/12002MB (cached 117MB) CPU [0%@1728,0%@1728,0%@1728,0%@1728,100%@1728,0%@1728] GR3D_FREQ 9% cpu@57.187C soc2@55.781C soc0@56.656C gpu@57.156C tj@58.312C soc1@58.312C VDD_IN 8902mW/8885mW VDD_CPU_GPU_CV 2826mW/2831mW VDD_SOC 2625mW/2625mW
08-04-2026 15:32:47 RAM 3818/7620MB (lfb 1x1MB) SWAP 2370/12002MB (cached 117MB) CPU [0%@1728,8%@1728,0%@1728,0%@1728,100%@1728,0%@1728] GR3D_FREQ 9% cpu@57.312C soc2@55.843C soc0@56.781C gpu@57C tj@58.093C soc1@58.093C VDD_IN 8902mW/8885mW VDD_CPU_GPU_CV 2826mW/2831mW VDD_SOC 2625mW/2625mW
08-04-2026 15:32:47 RAM 3818/7620MB (lfb 1x1MB) SWAP 2370/12002MB (cached 117MB) CPU [0%@1728,0%@1728,0%@1728,0%@1728,100%@1728,0%@1728] GR3D_FREQ 9% cpu@57.312C soc2@55.656C soc0@56.625C gpu@56.937C tj@58.125C soc1@58.125C VDD_IN 8902mW/8886mW VDD_CPU_GPU_CV 2826mW/2831mW VDD_SOC 2625mW/2625mW
08-04-2026 15:32:47 RAM 3818/7620MB (lfb 1x1MB) SWAP 2370/12002MB (cached 117MB) CPU [9%@1728,9%@1728,0%@1728,0%@1728,100%@1728,0%@1728] GR3D_FREQ 8% cpu@57.125C soc2@55.75C soc0@56.687C gpu@57.031C tj@58.125C soc1@58.125C VDD_IN 8902mW/8886mW VDD_CPU_GPU_CV 2826mW/2831mW VDD_SOC 2625mW/2625mW
08-04-2026 15:32:47 RAM 3818/7620MB (lfb 1x1MB) SWAP 2370/12002MB (cached 117MB) CPU [9%@1728,0%@1728,0%@1728,0%@1728,100%@1728,0%@1728] GR3D_FREQ 8% cpu@57.187C soc2@55.781C soc0@56.687C gpu@56.968C tj@58.312C soc1@58.312C VDD_IN 8902mW/8886mW VDD_CPU_GPU_CV 2826mW/2831mW VDD_SOC 2625mW/2625mW
08-04-2026 15:32:47 RAM 3818/7620MB (lfb 1x1MB) SWAP 2370/12002MB (cached 117MB) CPU [0%@1728,0%@1728,0%@1728,0%@1728,100%@1728,0%@1728] GR3D_FREQ 9% cpu@57.281C soc2@55.812C soc0@56.718C gpu@57.156C tj@58.031C soc1@58.031C VDD_IN 8861mW/8886mW VDD_CPU_GPU_CV 2826mW/2831mW VDD_SOC 2625mW/2625mW
08-04-2026 15:32:48 RAM 3818/7620MB (lfb 1x1MB) SWAP 2370/12002MB (cached 117MB) CPU [0%@1728,0%@1728,0%@1728,0%@1728,100%@1728,0%@1728] GR3D_FREQ 9% cpu@57.406C soc2@55.718C soc0@56.531C gpu@57C tj@58.125C soc1@58.125C VDD_IN 8861mW/8885mW VDD_CPU_GPU_CV 2826mW/2831mW VDD_SOC 2625mW/2625mW
08-04-2026 15:32:48 RAM 3818/7620MB (lfb 1x1MB) SWAP 2370/12002MB (cached 117MB) CPU [0%@1728,0%@1728,0%@1728,0%@1728,100%@1728,0%@1728] GR3D_FREQ 8% cpu@57.5C soc2@55.718C soc0@56.562C gpu@56.906C tj@58.187C soc1@58.187C VDD_IN 8902mW/8886mW VDD_CPU_GPU_CV 2826mW/2831mW VDD_SOC 2625mW/2625mW
08-04-2026 15:32:48 RAM 3810/7620MB (lfb 1x1MB) SWAP 2370/12002MB (cached 117MB) CPU [10%@1728,20%@1728,0%@1728,0%@1728,100%@1728,9%@1728] GR3D_FREQ 8% cpu@57.312C soc2@55.812C soc0@56.625C gpu@57.125C tj@58.187C soc1@58.187C VDD_IN 8984mW/8886mW VDD_CPU_GPU_CV 2867mW/2831mW VDD_SOC 2625mW/2625mW
08-04-2026 15:32:48 RAM 3810/7620MB (lfb 1x1MB) SWAP 2370/12002MB (cached 117MB) CPU [0%@1728,0%@1728,9%@1728,9%@1728,100%@1728,0%@1728] GR3D_FREQ 10% cpu@57.25C soc2@55.781C soc0@56.718C gpu@57.031C tj@58.281C soc1@58.281C VDD_IN 8943mW/8886mW VDD_CPU_GPU_CV 2867mW/2832mW VDD_SOC 2625mW/2625mW
08-04-2026 15:32:48 RAM 3810/7620MB (lfb 1x1MB) SWAP 2370/12002MB (cached 117MB) CPU [0%@1728,9%@1728,0%@1728,0%@1728,100%@1728,0%@1728] GR3D_FREQ 10% cpu@57.218C soc2@55.812C soc0@56.531C gpu@56.937C tj@58.062C soc1@58.062C VDD_IN 8943mW/8886mW VDD_CPU_GPU_CV 2867mW/2832mW VDD_SOC 2625mW/2625mW
08-04-2026 15:32:48 RAM 3810/7620MB (lfb 1x1MB) SWAP 2370/12002MB (cached 117MB) CPU [0%@1728,0%@1728,0%@1728,0%@1728,100%@1728,0%@1728] GR3D_FREQ 8% cpu@57.281C soc2@55.75C soc0@56.593C gpu@57.062C tj@58.156C soc1@58.156C VDD_IN 8943mW/8886mW VDD_CPU_GPU_CV 2867mW/2832mW VDD_SOC 2625mW/2625mW
08-04-2026 15:32:48 RAM 3810/7620MB (lfb 1x1MB) SWAP 2370/12002MB (cached 117MB) CPU [9%@1728,0%@1728,0%@1728,18%@1728,100%@1728,0%@1728] GR3D_FREQ 9% cpu@57.218C soc2@55.812C soc0@56.718C gpu@57.031C tj@58.125C soc1@58.312C VDD_IN 8943mW/8886mW VDD_CPU_GPU_CV 2867mW/2832mW VDD_SOC 2625mW/2625mW
08-04-2026 15:32:48 RAM 3811/7620MB (lfb 1x1MB) SWAP 2370/12002MB (cached 117MB) CPU [0%@1728,0%@1728,8%@1728,0%@1728,100%@1728,0%@1728] GR3D_FREQ 8% cpu@57.218C soc2@55.812C soc0@56.75C gpu@56.906C tj@58.281C soc1@58.281C VDD_IN 8943mW/8886mW VDD_CPU_GPU_CV 2867mW/2832mW VDD_SOC 2625mW/2625mW
08-04-2026 15:32:48 RAM 3811/7620MB (lfb 1x1MB) SWAP 2370/12002MB (cached 117MB) CPU [0%@1728,8%@1728,0%@1728,0%@1728,100%@1728,0%@1728] GR3D_FREQ 10% cpu@57.218C soc2@55.843C soc0@56.812C gpu@57.125C tj@58.093C soc1@58.093C VDD_IN 8943mW/8886mW VDD_CPU_GPU_CV 2867mW/2832mW VDD_SOC 2625mW/2625mW
08-04-2026 15:32:49 RAM 3811/7620MB (lfb 1x1MB) SWAP 2370/12002MB (cached 117MB) CPU [0%@1728,0%@1728,0%@1728,0%@1728,100%@1728,0%@1728] GR3D_FREQ 9% cpu@57.343C soc2@55.75C soc0@56.562C gpu@56.968C tj@58.187C soc1@58.187C VDD_IN 8902mW/8886mW VDD_CPU_GPU_CV 2867mW/2832mW VDD_SOC 2625mW/2625mW
08-04-2026 15:32:49 RAM 3810/7620MB (lfb 1x1MB) SWAP 2370/12002MB (cached 117MB) CPU [0%@1728,0%@1728,0%@1728,0%@1728,100%@1728,0%@1728] GR3D_FREQ 8% cpu@57.218C soc2@55.812C soc0@56.75C gpu@56.968C tj@58.156C soc1@58.156C VDD_IN 8902mW/8886mW VDD_CPU_GPU_CV 2826mW/2832mW VDD_SOC 2625mW/2625mW
08-04-2026 15:32:49 RAM 3810/7620MB (lfb 1x1MB) SWAP 2370/12002MB (cached 117MB) CPU [0%@1728,0%@1728,9%@1728,0%@1728,100%@1728,0%@1728] GR3D_FREQ 8% cpu@57.125C soc2@55.75C soc0@56.687C gpu@57.125C tj@58.25C soc1@58.25C VDD_IN 8902mW/8886mW VDD_CPU_GPU_CV 2826mW/2832mW VDD_SOC 2625mW/2625mW
08-04-2026 15:32:49 RAM 3810/7620MB (lfb 1x1MB) SWAP 2370/12002MB (cached 117MB) CPU [0%@1728,0%@1728,0%@1728,0%@1728,100%@1728,0%@1728] GR3D_FREQ 8% cpu@57.218C soc2@55.812C soc0@56.75C gpu@57C tj@58.406C soc1@58.406C VDD_IN 8902mW/8886mW VDD_CPU_GPU_CV 2826mW/2832mW VDD_SOC 2625mW/2625mW
08-04-2026 15:32:49 RAM 3810/7620MB (lfb 1x1MB) SWAP 2370/12002MB (cached 117MB) CPU [0%@1728,0%@1728,0%@1728,0%@1728,100%@1728,0%@1728] GR3D_FREQ 9% cpu@57.343C soc2@55.812C soc0@56.5C gpu@56.812C tj@58.093C soc1@58.093C VDD_IN 8902mW/8886mW VDD_CPU_GPU_CV 2826mW/2832mW VDD_SOC 2625mW/2625mW
08-04-2026 15:32:49 RAM 3810/7620MB (lfb 1x1MB) SWAP 2370/12002MB (cached 117MB) CPU [0%@1728,0%@1728,0%@1728,0%@1728,100%@1728,0%@1728] GR3D_FREQ 9% cpu@57.375C soc2@55.75C soc0@56.562C gpu@57.062C tj@58.156C soc1@58.156C VDD_IN 8902mW/8886mW VDD_CPU_GPU_CV 2826mW/2832mW VDD_SOC 2625mW/2625mW
08-04-2026 15:32:49 RAM 3810/7620MB (lfb 1x1MB) SWAP 2370/12002MB (cached 117MB) CPU [0%@1728,0%@1728,0%@1728,0%@1728,100%@1728,0%@1728] GR3D_FREQ 8% cpu@57.125C soc2@55.812C soc0@56.781C gpu@56.906C tj@58.187C soc1@58.187C VDD_IN 8902mW/8887mW VDD_CPU_GPU_CV 2826mW/2832mW VDD_SOC 2625mW/2625mW
08-04-2026 15:32:49 RAM 3810/7620MB (lfb 1x1MB) SWAP 2370/12002MB (cached 117MB) CPU [0%@1728,0%@1728,0%@1728,0%@1728,100%@1728,0%@1728] GR3D_FREQ 9% cpu@57.187C soc2@55.812C soc0@56.718C gpu@56.843C tj@58.25C soc1@58.25C VDD_IN 8902mW/8887mW VDD_CPU_GPU_CV 2826mW/2832mW VDD_SOC 2625mW/2625mW
08-04-2026 15:32:49 RAM 3810/7620MB (lfb 1x1MB) SWAP 2370/12002MB (cached 117MB) CPU [0%@1728,0%@1728,0%@1728,0%@1728,100%@1728,0%@1728] GR3D_FREQ 8% cpu@57.312C soc2@55.843C soc0@56.531C gpu@57C tj@58.093C soc1@58.093C VDD_IN 8902mW/8887mW VDD_CPU_GPU_CV 2826mW/2832mW VDD_SOC 2625mW/2625mW
08-04-2026 15:32:49 RAM 3810/7620MB (lfb 1x1MB) SWAP 2370/12002MB (cached 117MB) CPU [0%@1728,0%@1728,0%@1728,0%@1728,100%@1728,0%@1728] GR3D_FREQ 10% cpu@57.406C soc2@55.718C soc0@56.562C gpu@56.906C tj@58.156C soc1@58.156C VDD_IN 8861mW/8887mW VDD_CPU_GPU_CV 2826mW/2832mW VDD_SOC 2625mW/2625mW
08-04-2026 15:32:50 RAM 3810/7620MB (lfb 1x1MB) SWAP 2370/12002MB (cached 117MB) CPU [0%@1728,0%@1728,0%@1728,0%@1728,100%@1728,0%@1728] GR3D_FREQ 9% cpu@57.125C soc2@55.812C soc0@56.687C gpu@57.031C tj@58.156C soc1@58.156C VDD_IN 8861mW/8886mW VDD_CPU_GPU_CV 2826mW/2832mW VDD_SOC 2625mW/2625mW
08-04-2026 15:32:50 RAM 3810/7620MB (lfb 1x1MB) SWAP 2370/12002MB (cached 117MB) CPU [0%@1728,9%@1728,0%@1728,0%@1728,100%@1728,0%@1728] GR3D_FREQ 8% cpu@57.062C soc2@55.812C soc0@56.75C gpu@57C tj@58.312C soc1@58.312C VDD_IN 8861mW/8886mW VDD_CPU_GPU_CV 2826mW/2832mW VDD_SOC 2625mW/2625mW
08-04-2026 15:32:50 RAM 3810/7620MB (lfb 1x1MB) SWAP 2370/12002MB (cached 117MB) CPU [8%@1728,0%@1728,0%@1728,0%@1728,100%@1728,0%@1728] GR3D_FREQ 8% cpu@57.187C soc2@55.75C soc0@56.718C gpu@56.906C tj@58.125C soc1@58.125C VDD_IN 8902mW/8886mW VDD_CPU_GPU_CV 2826mW/2832mW VDD_SOC 2625mW/2625mW
08-04-2026 15:32:50 RAM 3810/7620MB (lfb 1x1MB) SWAP 2370/12002MB (cached 117MB) CPU [9%@1728,9%@1728,0%@1728,0%@1728,100%@1728,0%@1728] GR3D_FREQ 9% cpu@57.218C soc2@55.718C soc0@56.531C gpu@57.031C tj@58.187C soc1@58.187C VDD_IN 8902mW/8886mW VDD_CPU_GPU_CV 2826mW/2832mW VDD_SOC 2625mW/2625mW
08-04-2026 15:32:50 RAM 3810/7620MB (lfb 1x1MB) SWAP 2370/12002MB (cached 117MB) CPU [0%@1728,0%@1728,0%@1728,0%@1728,100%@1728,0%@1728] GR3D_FREQ 11% cpu@57.437C soc2@55.812C soc0@56.593C gpu@57C tj@58.156C soc1@58.156C VDD_IN 8902mW/8887mW VDD_CPU_GPU_CV 2826mW/2832mW VDD_SOC 2625mW/2625mW
08-04-2026 15:32:50 RAM 3810/7620MB (lfb 1x1MB) SWAP 2370/12002MB (cached 117MB) CPU [0%@1728,0%@1728,0%@1728,0%@1728,100%@1728,0%@1728] GR3D_FREQ 8% cpu@57.093C soc2@55.75C soc0@56.687C gpu@56.843C tj@58.218C soc1@58.218C VDD_IN 8861mW/8886mW VDD_CPU_GPU_CV 2826mW/2832mW VDD_SOC 2625mW/2625mW
08-04-2026 15:32:50 RAM 3810/7620MB (lfb 1x1MB) SWAP 2370/12002MB (cached 117MB) CPU [0%@1728,0%@1728,0%@1728,0%@1728,100%@1728,0%@1728] GR3D_FREQ 8% cpu@57.218C soc2@55.843C soc0@56.718C gpu@57.093C tj@58.25C soc1@58.25C VDD_IN 8861mW/8886mW VDD_CPU_GPU_CV 2826mW/2832mW VDD_SOC 2625mW/2625mW
08-04-2026 15:32:50 RAM 3810/7620MB (lfb 1x1MB) SWAP 2370/12002MB (cached 117MB) CPU [8%@1728,0%@1728,0%@1728,0%@1728,100%@1728,0%@1728] GR3D_FREQ 9% cpu@57.25C soc2@55.906C soc0@56.593C gpu@57.031C tj@58.062C soc1@58.062C VDD_IN 8861mW/8886mW VDD_CPU_GPU_CV 2826mW/2832mW VDD_SOC 2625mW/2625mW
08-04-2026 15:32:50 RAM 3810/7620MB (lfb 1x1MB) SWAP 2370/12002MB (cached 117MB) CPU [0%@1728,0%@1728,9%@1728,9%@1728,100%@1728,0%@1728] GR3D_FREQ 9% cpu@57.375C soc2@55.75C soc0@56.593C gpu@56.906C tj@58.218C soc1@58.218C VDD_IN 8861mW/8886mW VDD_CPU_GPU_CV 2826mW/2832mW VDD_SOC 2625mW/2625mW
08-04-2026 15:32:50 RAM 3810/7620MB (lfb 1x1MB) SWAP 2370/12002MB (cached 117MB) CPU [0%@1728,0%@1728,0%@1728,0%@1728,100%@1728,0%@1728] GR3D_FREQ 9% cpu@57.093C soc2@55.781C soc0@56.625C gpu@57.062C tj@58.218C soc1@58.218C VDD_IN 8861mW/8886mW VDD_CPU_GPU_CV 2826mW/2832mW VDD_SOC 2625mW/2625mW
08-04-2026 15:32:51 RAM 3810/7620MB (lfb 1x1MB) SWAP 2370/12002MB (cached 117MB) CPU [0%@1728,0%@1728,0%@1728,0%@1728,100%@1728,0%@1728] GR3D_FREQ 9% cpu@57.125C soc2@55.781C soc0@56.656C gpu@57C tj@58.281C soc1@58.281C VDD_IN 8875mW/8886mW VDD_CPU_GPU_CV 2826mW/2832mW VDD_SOC 2625mW/2625mW
08-04-2026 15:32:51 RAM 3810/7620MB (lfb 1x1MB) SWAP 2370/12002MB (cached 117MB) CPU [0%@1728,0%@1728,9%@1728,0%@1728,100%@1728,0%@1728] GR3D_FREQ 8% cpu@57.343C soc2@55.812C soc0@56.781C gpu@57.156C tj@58.062C soc1@58.062C VDD_IN 8861mW/8886mW VDD_CPU_GPU_CV 2826mW/2832mW VDD_SOC 2625mW/2625mW
08-04-2026 15:32:51 RAM 3810/7620MB (lfb 1x1MB) SWAP 2370/12002MB (cached 117MB) CPU [0%@1728,0%@1728,0%@1728,9%@1728,100%@1728,0%@1728] GR3D_FREQ 8% cpu@57.375C soc2@55.687C soc0@56.468C gpu@57.031C tj@58.156C soc1@58.156C VDD_IN 8861mW/8886mW VDD_CPU_GPU_CV 2826mW/2832mW VDD_SOC 2625mW/2625mW
08-04-2026 15:32:51 RAM 3810/7620MB (lfb 1x1MB) SWAP 2370/12002MB (cached 117MB) CPU [0%@1728,0%@1728,0%@1728,0%@1728,100%@1728,0%@1728] GR3D_FREQ 9% cpu@57.5C soc2@55.781C soc0@56.656C gpu@56.968C tj@58.218C soc1@58.218C VDD_IN 8902mW/8886mW VDD_CPU_GPU_CV 2826mW/2832mW VDD_SOC 2625mW/2625mW
08-04-2026 15:32:51 RAM 3817/7620MB (lfb 1x1MB) SWAP 2370/12002MB (cached 117MB) CPU [0%@1728,10%@1728,27%@1728,0%@1728,100%@1728,0%@1728] GR3D_FREQ 9% cpu@57.156C soc2@55.812C soc0@56.656C gpu@57.125C tj@58.281C soc1@58.281C VDD_IN 8943mW/8886mW VDD_CPU_GPU_CV 2867mW/2832mW VDD_SOC 2625mW/2625mW
08-04-2026 15:32:51 RAM 3817/7620MB (lfb 1x1MB) SWAP 2370/12002MB (cached 117MB) CPU [0%@1728,8%@1728,9%@1728,0%@1728,100%@1728,0%@1728] GR3D_FREQ 8% cpu@57.187C soc2@55.812C soc0@56.656C gpu@57.031C tj@58.312C soc1@58.312C VDD_IN 8943mW/8886mW VDD_CPU_GPU_CV 2867mW/2832mW VDD_SOC 2625mW/2625mW
08-04-2026 15:32:51 RAM 3817/7620MB (lfb 1x1MB) SWAP 2370/12002MB (cached 117MB) CPU [0%@1728,0%@1728,0%@1728,0%@1728,100%@1728,0%@1728] GR3D_FREQ 8% cpu@57.375C soc2@55.656C soc0@56.5C gpu@56.843C tj@58.093C soc1@58.093C VDD_IN 8902mW/8886mW VDD_CPU_GPU_CV 2867mW/2832mW VDD_SOC 2625mW/2625mW
08-04-2026 15:32:51 RAM 3817/7620MB (lfb 1x1MB) SWAP 2370/12002MB (cached 117MB) CPU [0%@1728,0%@1728,0%@1728,0%@1728,100%@1728,0%@1728] GR3D_FREQ 8% cpu@57.406C soc2@55.718C soc0@56.531C gpu@57.093C tj@58.156C soc1@58.156C VDD_IN 8902mW/8886mW VDD_CPU_GPU_CV 2867mW/2832mW VDD_SOC 2625mW/2625mW
08-04-2026 15:32:51 RAM 3817/7620MB (lfb 1x1MB) SWAP 2370/12002MB (cached 117MB) CPU [0%@1728,0%@1728,0%@1728,0%@1728,100%@1728,0%@1728] GR3D_FREQ 9% cpu@57.125C soc2@55.781C soc0@56.625C gpu@57C tj@58.093C soc1@58.156C VDD_IN 8902mW/8886mW VDD_CPU_GPU_CV 2867mW/2832mW VDD_SOC 2625mW/2625mW
08-04-2026 15:32:52 RAM 3817/7620MB (lfb 1x1MB) SWAP 2370/12002MB (cached 117MB) CPU [0%@1728,0%@1728,0%@1728,0%@1728,100%@1728,0%@1728] GR3D_FREQ 10% cpu@57.093C soc2@55.875C soc0@56.718C gpu@56.968C tj@58.218C soc1@58.218C VDD_IN 8902mW/8887mW VDD_CPU_GPU_CV 2867mW/2832mW VDD_SOC 2625mW/2625mW
08-04-2026 15:32:52 RAM 3817/7620MB (lfb 1x1MB) SWAP 2370/12002MB (cached 117MB) CPU [9%@1728,8%@1728,0%@1728,0%@1728,100%@1728,0%@1728] GR3D_FREQ 8% cpu@57.218C soc2@55.906C soc0@56.718C gpu@57.093C tj@58.093C soc1@58.093C VDD_IN 8902mW/8887mW VDD_CPU_GPU_CV 2867mW/2832mW VDD_SOC 2625mW/2625mW
08-04-2026 15:32:52 RAM 3817/7620MB (lfb 1x1MB) SWAP 2370/12002MB (cached 117MB) CPU [9%@1728,0%@1728,0%@1728,0%@1728,100%@1728,0%@1728] GR3D_FREQ 9% cpu@57.312C soc2@55.718C soc0@56.593C gpu@57C tj@58.031C soc1@58.093C VDD_IN 8902mW/8887mW VDD_CPU_GPU_CV 2867mW/2832mW VDD_SOC 2625mW/2625mW
08-04-2026 15:32:52 RAM 3817/7620MB (lfb 1x1MB) SWAP 2370/12002MB (cached 117MB) CPU [0%@1728,0%@1728,0%@1728,0%@1728,100%@1728,0%@1728] GR3D_FREQ 8% cpu@57.156C soc2@55.718C soc0@56.593C gpu@56.843C tj@58.187C soc1@58.187C VDD_IN 8902mW/8887mW VDD_CPU_GPU_CV 2867mW/2832mW VDD_SOC 2625mW/2625mW
08-04-2026 15:32:52 RAM 3817/7620MB (lfb 1x1MB) SWAP 2370/12002MB (cached 117MB) CPU [0%@1728,0%@1728,8%@1728,0%@1728,100%@1728,0%@1728] GR3D_FREQ 9% cpu@57.218C soc2@55.812C soc0@56.656C gpu@57.062C tj@58.25C soc1@58.25C VDD_IN 8861mW/8887mW VDD_CPU_GPU_CV 2826mW/2832mW VDD_SOC 2625mW/2625mW
08-04-2026 15:32:52 RAM 3817/7620MB (lfb 1x1MB) SWAP 2370/12002MB (cached 117MB) CPU [0%@1728,0%@1728,0%@1728,0%@1728,100%@1728,0%@1728] GR3D_FREQ 10% cpu@57.25C soc2@55.781C soc0@56.781C gpu@57.031C tj@58.312C soc1@58.312C VDD_IN 8861mW/8887mW VDD_CPU_GPU_CV 2826mW/2832mW VDD_SOC 2625mW/2625mW
08-04-2026 15:32:52 RAM 3817/7620MB (lfb 1x1MB) SWAP 2370/12002MB (cached 117MB) CPU [9%@1728,0%@1728,9%@1728,0%@1728,100%@1728,0%@1728] GR3D_FREQ 8% cpu@57.312C soc2@55.875C soc0@56.562C gpu@56.875C tj@58.125C soc1@58.125C VDD_IN 8861mW/8886mW VDD_CPU_GPU_CV 2826mW/2832mW VDD_SOC 2625mW/2625mW
08-04-2026 15:32:52 RAM 3817/7620MB (lfb 1x1MB) SWAP 2370/12002MB (cached 117MB) CPU [0%@1728,8%@1728,0%@1728,0%@1728,100%@1728,0%@1728] GR3D_FREQ 8% cpu@57.437C soc2@55.75C soc0@56.5C gpu@57.093C tj@58.156C soc1@58.156C VDD_IN 8861mW/8886mW VDD_CPU_GPU_CV 2826mW/2832mW VDD_SOC 2625mW/2625mW
08-04-2026 15:32:52 RAM 3817/7620MB (lfb 1x1MB) SWAP 2370/12002MB (cached 117MB) CPU [0%@1728,0%@1728,0%@1728,0%@1728,100%@1728,0%@1728] GR3D_FREQ 8% cpu@57.187C soc2@55.812C soc0@56.625C gpu@57C tj@58.218C soc1@58.218C VDD_IN 8861mW/8886mW VDD_CPU_GPU_CV 2826mW/2832mW VDD_SOC 2625mW/2625mW
08-04-2026 15:32:52 RAM 3817/7620MB (lfb 1x1MB) SWAP 2370/12002MB (cached 117MB) CPU [0%@1728,0%@1728,0%@1728,0%@1728,100%@1728,0%@1728] GR3D_FREQ 9% cpu@57.156C soc2@55.812C soc0@56.812C gpu@57.218C tj@58.406C soc1@58.406C VDD_IN 8861mW/8886mW VDD_CPU_GPU_CV 2826mW/2832mW VDD_SOC 2625mW/2625mW
08-04-2026 15:32:53 RAM 3817/7620MB (lfb 1x1MB) SWAP 2370/12002MB (cached 117MB) CPU [0%@1728,0%@1728,0%@1728,0%@1728,100%@1728,0%@1728] GR3D_FREQ 10% cpu@57.218C soc2@55.812C soc0@56.843C gpu@57C tj@58.031C soc1@58.031C VDD_IN 8861mW/8886mW VDD_CPU_GPU_CV 2826mW/2832mW VDD_SOC 2625mW/2625mW
08-04-2026 15:32:53 RAM 3817/7620MB (lfb 1x1MB) SWAP 2370/12002MB (cached 117MB) CPU [0%@1728,9%@1728,0%@1728,0%@1728,100%@1728,0%@1728] GR3D_FREQ 8% cpu@57.406C soc2@55.687C soc0@56.593C gpu@56.937C tj@58.125C soc1@58.156C VDD_IN 8861mW/8886mW VDD_CPU_GPU_CV 2826mW/2832mW VDD_SOC 2625mW/2625mW
08-04-2026 15:32:53 RAM 3817/7620MB (lfb 1x1MB) SWAP 2370/12002MB (cached 117MB) CPU [9%@1728,0%@1728,0%@1728,0%@1728,100%@1728,0%@1728] GR3D_FREQ 9% cpu@57.156C soc2@55.812C soc0@56.625C gpu@57.187C tj@58.218C soc1@58.218C VDD_IN 8861mW/8886mW VDD_CPU_GPU_CV 2826mW/2832mW VDD_SOC 2625mW/2625mW
08-04-2026 15:32:53 RAM 3817/7620MB (lfb 1x1MB) SWAP 2370/12002MB (cached 117MB) CPU [0%@1728,0%@1728,0%@1728,0%@1728,100%@1728,0%@1728] GR3D_FREQ 8% cpu@57.218C soc2@55.718C soc0@56.625C gpu@57.031C tj@58.281C soc1@58.281C VDD_IN 8861mW/8886mW VDD_CPU_GPU_CV 2826mW/2832mW VDD_SOC 2625mW/2625mW
08-04-2026 15:32:53 RAM 3817/7620MB (lfb 1x1MB) SWAP 2370/12002MB (cached 117MB) CPU [0%@1728,0%@1728,0%@1728,0%@1728,100%@1728,0%@1728] GR3D_FREQ 9% cpu@57.281C soc2@55.812C soc0@56.687C gpu@56.968C tj@58.375C soc1@58.031C VDD_IN 8861mW/8886mW VDD_CPU_GPU_CV 2826mW/2832mW VDD_SOC 2625mW/2625mW
08-04-2026 15:32:53 RAM 3817/7620MB (lfb 1x1MB) SWAP 2370/12002MB (cached 117MB) CPU [0%@1728,0%@1728,0%@1728,0%@1728,100%@1728,8%@1728] GR3D_FREQ 9% cpu@57.25C soc2@55.75C soc0@56.531C gpu@57.093C tj@58.125C soc1@58.125C VDD_IN 8861mW/8886mW VDD_CPU_GPU_CV 2826mW/2832mW VDD_SOC 2625mW/2625mW
08-04-2026 15:32:53 RAM 3817/7620MB (lfb 1x1MB) SWAP 2370/12002MB (cached 117MB) CPU [9%@1728,0%@1728,0%@1728,0%@1728,100%@1728,0%@1728] GR3D_FREQ 8% cpu@57.406C soc2@55.781C soc0@56.625C gpu@57.031C tj@58.218C soc1@58.218C VDD_IN 8861mW/8886mW VDD_CPU_GPU_CV 2826mW/2832mW VDD_SOC 2625mW/2625mW
08-04-2026 15:32:53 RAM 3817/7620MB (lfb 1x1MB) SWAP 2370/12002MB (cached 117MB) CPU [0%@1728,0%@1728,0%@1728,0%@1728,100%@1728,0%@1728] GR3D_FREQ 8% cpu@57.218C soc2@55.781C soc0@56.687C gpu@56.937C tj@58.312C soc1@58.312C VDD_IN 8861mW/8886mW VDD_CPU_GPU_CV 2826mW/2832mW VDD_SOC 2625mW/2625mW
08-04-2026 15:32:53 RAM 3817/7620MB (lfb 1x1MB) SWAP 2370/12002MB (cached 117MB) CPU [0%@1728,0%@1728,0%@1728,0%@1728,100%@1728,0%@1728] GR3D_FREQ 9% cpu@57.187C soc2@55.75C soc0@56.75C gpu@57.062C tj@58.343C soc1@58.343C VDD_IN 8861mW/8886mW VDD_CPU_GPU_CV 2826mW/2832mW VDD_SOC 2625mW/2625mW
08-04-2026 15:32:54 RAM 3817/7620MB (lfb 1x1MB) SWAP 2370/12002MB (cached 117MB) CPU [0%@1728,0%@1728,0%@1728,0%@1728,100%@1728,0%@1728] GR3D_FREQ 10% cpu@57.312C soc2@55.875C soc0@56.843C gpu@56.968C tj@58.031C soc1@58.031C VDD_IN 8861mW/8886mW VDD_CPU_GPU_CV 2826mW/2832mW VDD_SOC 2625mW/2625mW
08-04-2026 15:32:54 RAM 3817/7620MB (lfb 1x1MB) SWAP 2370/12002MB (cached 117MB) CPU [0%@1728,9%@1728,9%@1728,0%@1728,100%@1728,9%@1728] GR3D_FREQ 8% cpu@57.343C soc2@55.687C soc0@56.531C gpu@56.968C tj@58.093C soc1@58.281C VDD_IN 8902mW/8886mW VDD_CPU_GPU_CV 2826mW/2832mW VDD_SOC 2625mW/2625mW
08-04-2026 15:32:54 RAM 3817/7620MB (lfb 1x1MB) SWAP 2370/12002MB (cached 117MB) CPU [0%@1728,0%@1728,0%@1728,0%@1728,100%@1728,0%@1728] GR3D_FREQ 8% cpu@57.218C soc2@55.718C soc0@56.75C gpu@57.062C tj@58.156C soc1@58.156C VDD_IN 8902mW/8886mW VDD_CPU_GPU_CV 2826mW/2832mW VDD_SOC 2625mW/2625mW
08-04-2026 15:32:54 RAM 3817/7620MB (lfb 1x1MB) SWAP 2370/12002MB (cached 117MB) CPU [0%@1728,0%@1728,0%@1728,0%@1728,100%@1728,0%@1728] GR3D_FREQ 9% cpu@57.281C soc2@55.843C soc0@56.625C gpu@57C tj@58.25C soc1@58.25C VDD_IN 8902mW/8886mW VDD_CPU_GPU_CV 2826mW/2832mW VDD_SOC 2625mW/2625mW
08-04-2026 15:32:54 RAM 3817/7620MB (lfb 1x1MB) SWAP 2370/12002MB (cached 117MB) CPU [0%@1728,0%@1728,0%@1728,0%@1728,100%@1728,0%@1728] GR3D_FREQ 9% cpu@57.281C soc2@55.843C soc0@56.781C gpu@57.187C tj@58.125C soc1@58.125C VDD_IN 8861mW/8886mW VDD_CPU_GPU_CV 2826mW/2832mW VDD_SOC 2625mW/2625mW
08-04-2026 15:32:54 RAM 3817/7620MB (lfb 1x1MB) SWAP 2370/12002MB (cached 117MB) CPU [0%@1728,0%@1728,0%@1728,0%@1728,100%@1728,0%@1728] GR3D_FREQ 11% cpu@57.375C soc2@55.718C soc0@56.5C gpu@57.031C tj@58.125C soc1@58.125C VDD_IN 8861mW/8886mW VDD_CPU_GPU_CV 2826mW/2832mW VDD_SOC 2625mW/2625mW
08-04-2026 15:32:54 RAM 3817/7620MB (lfb 1x1MB) SWAP 2370/12002MB (cached 117MB) CPU [0%@1728,0%@1728,0%@1728,0%@1728,100%@1728,0%@1728] GR3D_FREQ 9% cpu@57.343C soc2@55.781C soc0@56.562C gpu@57.031C tj@58.187C soc1@58.187C VDD_IN 8861mW/8886mW VDD_CPU_GPU_CV 2826mW/2832mW VDD_SOC 2625mW/2625mW
08-04-2026 15:32:54 RAM 3819/7620MB (lfb 1x1MB) SWAP 2370/12002MB (cached 117MB) CPU [18%@1728,18%@1728,0%@1728,0%@1728,100%@1728,0%@1728] GR3D_FREQ 8% cpu@57.156C soc2@55.75C soc0@56.656C gpu@57.156C tj@58.25C soc1@58.25C VDD_IN 8943mW/8886mW VDD_CPU_GPU_CV 2867mW/2832mW VDD_SOC 2625mW/2625mW
08-04-2026 15:32:54 RAM 3819/7620MB (lfb 1x1MB) SWAP 2370/12002MB (cached 117MB) CPU [0%@1728,0%@1728,0%@1728,0%@1728,100%@1728,0%@1728] GR3D_FREQ 8% cpu@57.281C soc2@55.812C soc0@56.781C gpu@57.031C tj@58.312C soc1@58.312C VDD_IN 8902mW/8886mW VDD_CPU_GPU_CV 2867mW/2832mW VDD_SOC 2625mW/2625mW
08-04-2026 15:32:54 RAM 3819/7620MB (lfb 1x1MB) SWAP 2370/12002MB (cached 117MB) CPU [0%@1728,0%@1728,0%@1728,0%@1728,100%@1728,0%@1728] GR3D_FREQ 9% cpu@57.187C soc2@55.843C soc0@56.562C gpu@56.968C tj@58.156C soc1@58.156C VDD_IN 8902mW/8886mW VDD_CPU_GPU_CV 2867mW/2832mW VDD_SOC 2625mW/2625mW
08-04-2026 15:32:55 RAM 3819/7620MB (lfb 1x1MB) SWAP 2370/12002MB (cached 117MB) CPU [0%@1728,0%@1728,0%@1728,9%@1728,100%@1728,0%@1728] GR3D_FREQ 9% cpu@57.437C soc2@55.718C soc0@56.593C gpu@57.187C tj@58.125C soc1@58.125C VDD_IN 8902mW/8886mW VDD_CPU_GPU_CV 2867mW/2832mW VDD_SOC 2625mW/2625mW
08-04-2026 15:32:55 RAM 3819/7620MB (lfb 1x1MB) SWAP 2370/12002MB (cached 117MB) CPU [0%@1728,0%@1728,0%@1728,0%@1728,100%@1728,0%@1728] GR3D_FREQ 8% cpu@57.156C soc2@55.75C soc0@56.593C gpu@57.031C tj@58.312C soc1@58.312C VDD_IN 8902mW/8886mW VDD_CPU_GPU_CV 2826mW/2832mW VDD_SOC 2625mW/2625mW
08-04-2026 15:32:55 RAM 3819/7620MB (lfb 1x1MB) SWAP 2370/12002MB (cached 117MB) CPU [0%@1728,9%@1728,0%@1728,0%@1728,100%@1728,0%@1728] GR3D_FREQ 8% cpu@57.218C soc2@55.75C soc0@56.718C gpu@56.906C tj@58.312C soc1@58.312C VDD_IN 8943mW/8886mW VDD_CPU_GPU_CV 2867mW/2832mW VDD_SOC 2625mW/2625mW
08-04-2026 15:32:55 RAM 3819/7620MB (lfb 1x1MB) SWAP 2370/12002MB (cached 117MB) CPU [0%@1728,0%@1728,0%@1728,0%@1728,100%@1728,0%@1728] GR3D_FREQ 9% cpu@57.281C soc2@55.875C soc0@56.562C gpu@57.093C tj@58.062C soc1@58.062C VDD_IN 8902mW/8886mW VDD_CPU_GPU_CV 2867mW/2832mW VDD_SOC 2625mW/2625mW
08-04-2026 15:32:55 RAM 3819/7620MB (lfb 1x1MB) SWAP 2370/12002MB (cached 117MB) CPU [0%@1728,0%@1728,0%@1728,0%@1728,100%@1728,0%@1728] GR3D_FREQ 10% cpu@57.406C soc2@55.718C soc0@56.562C gpu@57C tj@58.25C soc1@58.25C VDD_IN 8902mW/8886mW VDD_CPU_GPU_CV 2826mW/2832mW VDD_SOC 2625mW/2625mW
08-04-2026 15:32:55 RAM 3819/7620MB (lfb 1x1MB) SWAP 2370/12002MB (cached 117MB) CPU [9%@1728,0%@1728,0%@1728,0%@1728,100%@1728,0%@1728] GR3D_FREQ 8% cpu@57.218C soc2@55.781C soc0@56.531C gpu@57C tj@58.218C soc1@58.218C VDD_IN 8902mW/8886mW VDD_CPU_GPU_CV 2826mW/2832mW VDD_SOC 2625mW/2625mW
08-04-2026 15:32:55 RAM 3819/7620MB (lfb 1x1MB) SWAP 2370/12002MB (cached 117MB) CPU [0%@1728,0%@1728,0%@1728,9%@1728,100%@1728,0%@1728] GR3D_FREQ 9% cpu@57.187C soc2@55.812C soc0@56.656C gpu@57.093C tj@58.312C soc1@58.312C VDD_IN 8902mW/8886mW VDD_CPU_GPU_CV 2826mW/2832mW VDD_SOC 2625mW/2625mW
08-04-2026 15:32:55 RAM 3819/7620MB (lfb 1x1MB) SWAP 2370/12002MB (cached 117MB) CPU [9%@1728,0%@1728,0%@1728,0%@1728,100%@1728,0%@1728] GR3D_FREQ 8% cpu@57.187C soc2@55.812C soc0@56.718C gpu@56.937C tj@58.093C soc1@58.093C VDD_IN 8861mW/8886mW VDD_CPU_GPU_CV 2826mW/2832mW VDD_SOC 2625mW/2625mW
08-04-2026 15:32:55 RAM 3819/7620MB (lfb 1x1MB) SWAP 2370/12002MB (cached 117MB) CPU [9%@1728,0%@1728,0%@1728,0%@1728,100%@1728,0%@1728] GR3D_FREQ 9% cpu@57.312C soc2@55.75C soc0@56.593C gpu@56.875C tj@58.156C soc1@58.156C VDD_IN 8861mW/8886mW VDD_CPU_GPU_CV 2826mW/2832mW VDD_SOC 2625mW/2625mW
08-04-2026 15:32:56 RAM 3819/7620MB (lfb 1x1MB) SWAP 2370/12002MB (cached 117MB) CPU [0%@1728,0%@1728,0%@1728,0%@1728,100%@1728,0%@1728] GR3D_FREQ 10% cpu@57.406C soc2@55.75C soc0@56.593C gpu@57.031C tj@58.218C soc1@58.218C VDD_IN 8902mW/8886mW VDD_CPU_GPU_CV 2826mW/2832mW VDD_SOC 2625mW/2625mW
08-04-2026 15:32:56 RAM 3819/7620MB (lfb 1x1MB) SWAP 2370/12002MB (cached 117MB) CPU [0%@1728,0%@1728,0%@1728,0%@1728,100%@1728,0%@1728] GR3D_FREQ 8% cpu@57.125C soc2@55.781C soc0@56.593C gpu@56.968C tj@58.312C soc1@58.312C VDD_IN 8902mW/8886mW VDD_CPU_GPU_CV 2826mW/2832mW VDD_SOC 2625mW/2625mW
08-04-2026 15:32:56 RAM 3819/7620MB (lfb 1x1MB) SWAP 2370/12002MB (cached 117MB) CPU [9%@1728,9%@1728,0%@1728,0%@1728,100%@1728,0%@1728] GR3D_FREQ 8% cpu@57.218C soc2@55.843C soc0@56.75C gpu@56.906C tj@58.281C soc1@58.281C VDD_IN 8902mW/8886mW VDD_CPU_GPU_CV 2826mW/2832mW VDD_SOC 2625mW/2625mW
08-04-2026 15:32:56 RAM 3819/7620MB (lfb 1x1MB) SWAP 2370/12002MB (cached 117MB) CPU [0%@1728,16%@1728,0%@1728,0%@1728,100%@1728,0%@1728] GR3D_FREQ 8% cpu@57.343C soc2@55.843C soc0@56.562C gpu@57.093C tj@58.125C soc1@58.125C VDD_IN 8902mW/8886mW VDD_CPU_GPU_CV 2826mW/2832mW VDD_SOC 2625mW/2625mW
08-04-2026 15:32:56 RAM 3819/7620MB (lfb 1x1MB) SWAP 2370/12002MB (cached 117MB) CPU [0%@1728,0%@1728,8%@1728,0%@1728,100%@1728,0%@1728] GR3D_FREQ 9% cpu@57.375C soc2@55.75C soc0@56.562C gpu@56.937C tj@58.156C soc1@58.156C VDD_IN 8861mW/8886mW VDD_CPU_GPU_CV 2826mW/2832mW VDD_SOC 2625mW/2625mW
08-04-2026 15:32:56 RAM 3819/7620MB (lfb 1x1MB) SWAP 2370/12002MB (cached 117MB) CPU [0%@1728,0%@1728,0%@1728,0%@1728,100%@1728,0%@1728] GR3D_FREQ 10% cpu@57.218C soc2@55.75C soc0@56.593C gpu@57.125C tj@58.218C soc1@58.218C VDD_IN 8861mW/8886mW VDD_CPU_GPU_CV 2826mW/2832mW VDD_SOC 2625mW/2625mW
08-04-2026 15:32:56 RAM 3819/7620MB (lfb 1x1MB) SWAP 2370/12002MB (cached 117MB) CPU [0%@1728,0%@1728,8%@1728,0%@1728,100%@1728,0%@1728] GR3D_FREQ 8% cpu@57.187C soc2@55.75C soc0@56.75C gpu@57.093C tj@58.312C soc1@58.312C VDD_IN 8861mW/8886mW VDD_CPU_GPU_CV 2826mW/2832mW VDD_SOC 2625mW/2625mW
08-04-2026 15:32:56 RAM 3819/7620MB (lfb 1x1MB) SWAP 2370/12002MB (cached 117MB) CPU [9%@1728,0%@1728,9%@1728,0%@1728,100%@1728,0%@1728] GR3D_FREQ 9% cpu@57.375C soc2@55.812C soc0@56.781C gpu@56.937C tj@58.031C soc1@58.031C VDD_IN 8861mW/8886mW VDD_CPU_GPU_CV 2826mW/2832mW VDD_SOC 2625mW/2625mW
08-04-2026 15:32:56 RAM 3819/7620MB (lfb 1x1MB) SWAP 2370/12002MB (cached 117MB) CPU [0%@1728,0%@1728,0%@1728,0%@1728,100%@1728,0%@1728] GR3D_FREQ 8% cpu@57.406C soc2@55.781C soc0@56.531C gpu@57.25C tj@58.125C soc1@58.125C VDD_IN 8861mW/8886mW VDD_CPU_GPU_CV 2826mW/2832mW VDD_SOC 2625mW/2625mW
08-04-2026 15:32:56 RAM 3819/7620MB (lfb 1x1MB) SWAP 2370/12002MB (cached 117MB) CPU [0%@1728,8%@1728,0%@1728,0%@1728,100%@1728,0%@1728] GR3D_FREQ 9% cpu@57.5C soc2@55.781C soc0@56.656C gpu@57.093C tj@58.218C soc1@58.218C VDD_IN 8861mW/8886mW VDD_CPU_GPU_CV 2826mW/2832mW VDD_SOC 2625mW/2625mW
08-04-2026 15:32:57 RAM 3819/7620MB (lfb 1x1MB) SWAP 2370/12002MB (cached 117MB) CPU [0%@1728,0%@1728,0%@1728,0%@1728,100%@1728,0%@1728] GR3D_FREQ 9% cpu@57.156C soc2@55.812C soc0@56.656C gpu@56.937C tj@58.218C soc1@58.218C VDD_IN 8861mW/8886mW VDD_CPU_GPU_CV 2826mW/2832mW VDD_SOC 2625mW/2625mW
08-04-2026 15:32:57 RAM 3819/7620MB (lfb 1x1MB) SWAP 2370/12002MB (cached 117MB) CPU [0%@1728,0%@1728,0%@1728,0%@1728,100%@1728,0%@1728] GR3D_FREQ 8% cpu@57.156C soc2@55.812C soc0@56.718C gpu@57.187C tj@58.312C soc1@58.312C VDD_IN 8902mW/8886mW VDD_CPU_GPU_CV 2867mW/2832mW VDD_SOC 2625mW/2625mW
08-04-2026 15:32:57 RAM 3819/7620MB (lfb 1x1MB) SWAP 2370/12002MB (cached 117MB) CPU [0%@1728,0%@1728,0%@1728,0%@1728,100%@1728,0%@1728] GR3D_FREQ 8% cpu@57.343C soc2@55.812C soc0@56.687C gpu@57.031C tj@58.125C soc1@58.125C VDD_IN 8902mW/8886mW VDD_CPU_GPU_CV 2826mW/2832mW VDD_SOC 2625mW/2625mW
08-04-2026 15:32:57 RAM 3819/7620MB (lfb 1x1MB) SWAP 2370/12002MB (cached 117MB) CPU [0%@1728,0%@1728,0%@1728,0%@1728,100%@1728,0%@1728] GR3D_FREQ 8% cpu@57.468C soc2@55.687C soc0@56.625C gpu@56.906C tj@58.093C soc1@58.093C VDD_IN 8902mW/8886mW VDD_CPU_GPU_CV 2826mW/2832mW VDD_SOC 2625mW/2625mW
08-04-2026 15:32:57 RAM 3819/7620MB (lfb 1x1MB) SWAP 2370/12002MB (cached 117MB) CPU [0%@1728,0%@1728,0%@1728,0%@1728,100%@1728,0%@1728] GR3D_FREQ 9% cpu@57.187C soc2@55.843C soc0@56.625C gpu@57.093C tj@58.156C soc1@58.156C VDD_IN 8861mW/8886mW VDD_CPU_GPU_CV 2826mW/2832mW VDD_SOC 2625mW/2625mW
08-04-2026 15:32:57 RAM 3819/7620MB (lfb 1x1MB) SWAP 2370/12002MB (cached 117MB) CPU [8%@1728,0%@1728,0%@1728,0%@1728,100%@1728,0%@1728] GR3D_FREQ 10% cpu@57.156C soc2@55.781C soc0@56.781C gpu@57C tj@58.281C soc1@58.281C VDD_IN 8861mW/8886mW VDD_CPU_GPU_CV 2826mW/2832mW VDD_SOC 2625mW/2625mW
08-04-2026 15:32:57 RAM 3819/7620MB (lfb 1x1MB) SWAP 2370/12002MB (cached 117MB) CPU [0%@1728,8%@1728,0%@1728,0%@1728,100%@1728,0%@1728] GR3D_FREQ 8% cpu@57.281C soc2@55.812C soc0@56.718C gpu@56.968C tj@58.093C soc1@58.093C VDD_IN 8861mW/8886mW VDD_CPU_GPU_CV 2826mW/2832mW VDD_SOC 2625mW/2625mW
08-04-2026 15:32:57 RAM 3819/7620MB (lfb 1x1MB) SWAP 2370/12002MB (cached 117MB) CPU [0%@1728,0%@1728,0%@1728,0%@1728,100%@1728,8%@1728] GR3D_FREQ 9% cpu@57.281C soc2@55.718C soc0@56.593C gpu@57.031C tj@58.093C soc1@58.093C VDD_IN 8861mW/8886mW VDD_CPU_GPU_CV 2826mW/2832mW VDD_SOC 2625mW/2625mW
08-04-2026 15:32:57 RAM 3819/7620MB (lfb 1x1MB) SWAP 2370/12002MB (cached 117MB) CPU [0%@1728,0%@1728,0%@1728,0%@1728,100%@1728,0%@1728] GR3D_FREQ 8% cpu@57.5C soc2@55.781C soc0@56.656C gpu@57C tj@58.218C soc1@58.218C VDD_IN 8861mW/8886mW VDD_CPU_GPU_CV 2826mW/2832mW VDD_SOC 2625mW/2625mW
08-04-2026 15:32:58 RAM 3819/7620MB (lfb 1x1MB) SWAP 2370/12002MB (cached 117MB) CPU [10%@1728,22%@1728,0%@1728,9%@1728,100%@1728,0%@1728] GR3D_FREQ 9% cpu@57.312C soc2@55.812C soc0@56.656C gpu@57.218C tj@58.343C soc1@58.343C VDD_IN 8943mW/8886mW VDD_CPU_GPU_CV 2867mW/2832mW VDD_SOC 2625mW/2625mW
08-04-2026 15:32:58 RAM 3819/7620MB (lfb 1x1MB) SWAP 2370/12002MB (cached 117MB) CPU [0%@1728,0%@1728,9%@1728,0%@1728,100%@1728,0%@1728] GR3D_FREQ 9% cpu@57.281C soc2@55.843C soc0@56.781C gpu@57.125C tj@58.343C soc1@58.343C VDD_IN 8943mW/8886mW VDD_CPU_GPU_CV 2867mW/2832mW VDD_SOC 2625mW/2625mW
08-04-2026 15:32:58 RAM 3819/7620MB (lfb 1x1MB) SWAP 2370/12002MB (cached 117MB) CPU [9%@1728,0%@1728,0%@1728,0%@1728,100%@1728,0%@1728] GR3D_FREQ 8% cpu@57.343C soc2@55.781C soc0@56.468C gpu@56.937C tj@58.156C soc1@58.156C VDD_IN 8943mW/8886mW VDD_CPU_GPU_CV 2867mW/2832mW VDD_SOC 2625mW/2625mW
08-04-2026 15:32:58 RAM 3819/7620MB (lfb 1x1MB) SWAP 2370/12002MB (cached 117MB) CPU [0%@1728,0%@1728,0%@1728,0%@1728,100%@1728,0%@1728] GR3D_FREQ 8% cpu@57.343C soc2@55.75C soc0@56.562C gpu@57.093C tj@58.218C soc1@58.218C VDD_IN 8902mW/8886mW VDD_CPU_GPU_CV 2867mW/2832mW VDD_SOC 2625mW/2625mW
08-04-2026 15:32:58 RAM 3819/7620MB (lfb 1x1MB) SWAP 2370/12002MB (cached 117MB) CPU [9%@1728,0%@1728,0%@1728,0%@1728,100%@1728,0%@1728] GR3D_FREQ 9% cpu@57.125C soc2@55.781C soc0@56.625C gpu@57.125C tj@58.312C soc1@58.312C VDD_IN 8902mW/8886mW VDD_CPU_GPU_CV 2867mW/2832mW VDD_SOC 2625mW/2625mW
08-04-2026 15:32:58 RAM 3819/7620MB (lfb 1x1MB) SWAP 2370/12002MB (cached 117MB) CPU [0%@1728,0%@1728,0%@1728,9%@1728,100%@1728,0%@1728] GR3D_FREQ 10% cpu@57.218C soc2@55.812C soc0@56.75C gpu@57C tj@58.312C soc1@58.312C VDD_IN 8902mW/8886mW VDD_CPU_GPU_CV 2867mW/2832mW VDD_SOC 2625mW/2625mW
08-04-2026 15:32:58 RAM 3819/7620MB (lfb 1x1MB) SWAP 2370/12002MB (cached 117MB) CPU [0%@1728,0%@1728,9%@1728,0%@1728,100%@1728,0%@1728] GR3D_FREQ 8% cpu@57.281C soc2@55.875C soc0@56.468C gpu@57.187C tj@58.031C soc1@58.031C VDD_IN 8902mW/8886mW VDD_CPU_GPU_CV 2867mW/2833mW VDD_SOC 2625mW/2625mW
08-04-2026 15:32:58 RAM 3819/7620MB (lfb 1x1MB) SWAP 2370/12002MB (cached 117MB) CPU [0%@1728,0%@1728,0%@1728,0%@1728,100%@1728,8%@1728] GR3D_FREQ 8% cpu@57.406C soc2@55.781C soc0@56.562C gpu@57.093C tj@58.125C soc1@58.125C VDD_IN 8902mW/8886mW VDD_CPU_GPU_CV 2867mW/2833mW VDD_SOC 2625mW/2625mW
08-04-2026 15:32:58 RAM 3819/7620MB (lfb 1x1MB) SWAP 2370/12002MB (cached 117MB) CPU [9%@1728,0%@1728,0%@1728,0%@1728,100%@1728,0%@1728] GR3D_FREQ 9% cpu@57.156C soc2@55.812C soc0@56.593C gpu@57.031C tj@58.187C soc1@58.187C VDD_IN 8902mW/8886mW VDD_CPU_GPU_CV 2867mW/2833mW VDD_SOC 2625mW/2625mW
08-04-2026 15:32:58 RAM 3819/7620MB (lfb 1x1MB) SWAP 2370/12002MB (cached 117MB) CPU [0%@1728,0%@1728,0%@1728,0%@1728,100%@1728,0%@1728] GR3D_FREQ 8% cpu@57.218C soc2@55.843C soc0@56.75C gpu@57.093C tj@58.281C soc1@58.281C VDD_IN 8861mW/8886mW VDD_CPU_GPU_CV 2826mW/2833mW VDD_SOC 2625mW/2625mW
08-04-2026 15:32:59 RAM 3819/7620MB (lfb 1x1MB) SWAP 2370/12002MB (cached 117MB) CPU [9%@1728,0%@1728,9%@1728,9%@1728,100%@1728,0%@1728] GR3D_FREQ 10% cpu@57.218C soc2@55.812C soc0@56.718C gpu@57.031C tj@58.125C soc1@58.125C VDD_IN 8902mW/8886mW VDD_CPU_GPU_CV 2826mW/2833mW VDD_SOC 2625mW/2625mW
08-04-2026 15:32:59 RAM 3819/7620MB (lfb 1x1MB) SWAP 2370/12002MB (cached 117MB) CPU [0%@1728,0%@1728,0%@1728,0%@1728,100%@1728,0%@1728] GR3D_FREQ 9% cpu@57.312C soc2@55.718C soc0@56.531C gpu@56.968C tj@58.093C soc1@58.093C VDD_IN 8902mW/8886mW VDD_CPU_GPU_CV 2867mW/2833mW VDD_SOC 2625mW/2625mW
08-04-2026 15:32:59 RAM 3819/7620MB (lfb 1x1MB) SWAP 2370/12002MB (cached 117MB) CPU [0%@1728,0%@1728,9%@1728,0%@1728,100%@1728,0%@1728] GR3D_FREQ 8% cpu@57.406C soc2@55.687C soc0@56.656C gpu@57.093C tj@58.187C soc1@58.187C VDD_IN 8902mW/8886mW VDD_CPU_GPU_CV 2867mW/2833mW VDD_SOC 2625mW/2625mW
08-04-2026 15:32:59 RAM 3819/7620MB (lfb 1x1MB) SWAP 2370/12002MB (cached 117MB) CPU [0%@1728,9%@1728,8%@1728,0%@1728,100%@1728,0%@1728] GR3D_FREQ 8% cpu@57.125C soc2@55.75C soc0@56.781C gpu@57C tj@58.187C soc1@58.187C VDD_IN 8902mW/8886mW VDD_CPU_GPU_CV 2826mW/2833mW VDD_SOC 2625mW/2625mW
08-04-2026 15:32:59 RAM 3819/7620MB (lfb 1x1MB) SWAP 2370/12002MB (cached 117MB) CPU [0%@1728,9%@1728,0%@1728,0%@1728,100%@1728,0%@1728] GR3D_FREQ 9% cpu@57.25C soc2@55.875C soc0@56.718C gpu@56.781C tj@58.312C soc1@58.437C VDD_IN 8902mW/8886mW VDD_CPU_GPU_CV 2867mW/2833mW VDD_SOC 2625mW/2625mW
08-04-2026 15:32:59 RAM 3819/7620MB (lfb 1x1MB) SWAP 2370/12002MB (cached 117MB) CPU [0%@1728,0%@1728,0%@1728,9%@1728,100%@1728,0%@1728] GR3D_FREQ 10% cpu@57.375C soc2@55.781C soc0@56.531C gpu@57.062C tj@58.093C soc1@58.093C VDD_IN 8902mW/8886mW VDD_CPU_GPU_CV 2826mW/2833mW VDD_SOC 2625mW/2625mW
08-04-2026 15:32:59 RAM 3819/7620MB (lfb 1x1MB) SWAP 2370/12002MB (cached 117MB) CPU [0%@1728,0%@1728,0%@1728,0%@1728,100%@1728,0%@1728] GR3D_FREQ 8% cpu@57.437C soc2@55.75C soc0@56.593C gpu@57.031C tj@58.187C soc1@58.187C VDD_IN 8902mW/8886mW VDD_CPU_GPU_CV 2826mW/2833mW VDD_SOC 2625mW/2625mW
08-04-2026 15:32:59 RAM 3819/7620MB (lfb 1x1MB) SWAP 2370/12002MB (cached 117MB) CPU [9%@1728,0%@1728,0%@1728,0%@1728,100%@1728,0%@1728] GR3D_FREQ 8% cpu@57.156C soc2@55.781C soc0@56.687C gpu@56.875C tj@58.218C soc1@58.218C VDD_IN 8902mW/8886mW VDD_CPU_GPU_CV 2826mW/2833mW VDD_SOC 2625mW/2625mW
08-04-2026 15:32:59 RAM 3819/7620MB (lfb 1x1MB) SWAP 2370/12002MB (cached 117MB) CPU [9%@1728,0%@1728,0%@1728,0%@1728,100%@1728,0%@1728] GR3D_FREQ 9% cpu@57.281C soc2@55.812C soc0@56.687C gpu@57.093C tj@58.343C soc1@58.343C VDD_IN 8902mW/8886mW VDD_CPU_GPU_CV 2867mW/2833mW VDD_SOC 2625mW/2625mW
08-04-2026 15:33:00 RAM 3819/7620MB (lfb 1x1MB) SWAP 2370/12002MB (cached 117MB) CPU [0%@1728,0%@1728,0%@1728,0%@1728,100%@1728,0%@1728] GR3D_FREQ 15% cpu@57.281C soc2@55.875C soc0@56.5C gpu@56.968C tj@58.187C soc1@58.187C VDD_IN 8902mW/8886mW VDD_CPU_GPU_CV 2867mW/2833mW VDD_SOC 2625mW/2625mW
08-04-2026 15:33:00 RAM 3819/7620MB (lfb 1x1MB) SWAP 2370/12002MB (cached 117MB) CPU [0%@1728,0%@1728,9%@1728,0%@1728,100%@1728,0%@1728] GR3D_FREQ 10% cpu@57.375C soc2@55.781C soc0@56.593C gpu@56.906C tj@58.093C soc1@58.093C VDD_IN 8902mW/8887mW VDD_CPU_GPU_CV 2867mW/2833mW VDD_SOC 2625mW/2625mW
08-04-2026 15:33:00 RAM 3819/7620MB (lfb 1x1MB) SWAP 2370/12002MB (cached 117MB) CPU [9%@1728,0%@1728,0%@1728,0%@1728,100%@1728,0%@1728] GR3D_FREQ 9% cpu@57.125C soc2@55.843C soc0@56.687C gpu@57.031C tj@58.187C soc1@58.187C VDD_IN 8902mW/8887mW VDD_CPU_GPU_CV 2867mW/2833mW VDD_SOC 2625mW/2625mW
08-04-2026 15:33:00 RAM 3819/7620MB (lfb 1x1MB) SWAP 2370/12002MB (cached 117MB) CPU [0%@1728,16%@1728,0%@1728,0%@1728,100%@1728,0%@1728] GR3D_FREQ 8% cpu@57.187C soc2@55.812C soc0@56.687C gpu@57.031C tj@58.281C soc1@58.281C VDD_IN 8902mW/8887mW VDD_CPU_GPU_CV 2867mW/2833mW VDD_SOC 2625mW/2625mW
08-04-2026 15:33:00 RAM 3819/7620MB (lfb 1x1MB) SWAP 2370/12002MB (cached 117MB) CPU [0%@1728,0%@1728,8%@1728,0%@1728,100%@1728,0%@1728] GR3D_FREQ 8% cpu@57.281C soc2@55.781C soc0@56.718C gpu@56.906C tj@58.156C soc1@58.156C VDD_IN 8902mW/8887mW VDD_CPU_GPU_CV 2867mW/2833mW VDD_SOC 2625mW/2625mW
08-04-2026 15:33:00 RAM 3819/7620MB (lfb 1x1MB) SWAP 2370/12002MB (cached 117MB) CPU [0%@1728,0%@1728,0%@1728,0%@1728,100%@1728,0%@1728] GR3D_FREQ 9% cpu@57.312C soc2@55.781C soc0@56.531C gpu@57.062C tj@58.125C soc1@58.125C VDD_IN 8902mW/8887mW VDD_CPU_GPU_CV 2826mW/2833mW VDD_SOC 2625mW/2625mW
08-04-2026 15:33:00 RAM 3819/7620MB (lfb 1x1MB) SWAP 2370/12002MB (cached 117MB) CPU [9%@1728,0%@1728,0%@1728,9%@1728,100%@1728,0%@1728] GR3D_FREQ 11% cpu@57.437C soc2@55.781C soc0@56.593C gpu@56.875C tj@58.218C soc1@58.218C VDD_IN 8902mW/8887mW VDD_CPU_GPU_CV 2826mW/2833mW VDD_SOC 2625mW/2625mW
08-04-2026 15:33:00 RAM 3819/7620MB (lfb 1x1MB) SWAP 2370/12002MB (cached 117MB) CPU [0%@1728,0%@1728,0%@1728,0%@1728,100%@1728,0%@1728] GR3D_FREQ 8% cpu@57.156C soc2@55.781C soc0@56.656C gpu@57.156C tj@58.343C soc1@58.343C VDD_IN 8902mW/8887mW VDD_CPU_GPU_CV 2826mW/2833mW VDD_SOC 2625mW/2625mW
08-04-2026 15:33:00 RAM 3819/7620MB (lfb 1x1MB) SWAP 2370/12002MB (cached 117MB) CPU [0%@1728,0%@1728,0%@1728,0%@1728,100%@1728,0%@1728] GR3D_FREQ 8% cpu@57.156C soc2@55.812C soc0@56.812C gpu@57.062C tj@58.25C soc1@58.25C VDD_IN 8861mW/8887mW VDD_CPU_GPU_CV 2826mW/2833mW VDD_SOC 2625mW/2625mW
08-04-2026 15:33:00 RAM 3819/7620MB (lfb 1x1MB) SWAP 2370/12002MB (cached 117MB) CPU [0%@1728,0%@1728,0%@1728,0%@1728,100%@1728,0%@1728] GR3D_FREQ 9% cpu@57.281C soc2@55.812C soc0@56.531C gpu@56.968C tj@58.125C soc1@58.125C VDD_IN 8861mW/8887mW VDD_CPU_GPU_CV 2826mW/2833mW VDD_SOC 2625mW/2625mW
08-04-2026 15:33:01 RAM 3819/7620MB (lfb 1x1MB) SWAP 2370/12002MB (cached 117MB) CPU [0%@1728,0%@1728,0%@1728,0%@1728,100%@1728,0%@1728] GR3D_FREQ 9% cpu@57.468C soc2@55.781C soc0@56.656C gpu@57.031C tj@58.187C soc1@58.187C VDD_IN 8861mW/8887mW VDD_CPU_GPU_CV 2826mW/2833mW VDD_SOC 2625mW/2625mW
08-04-2026 15:33:01 RAM 3819/7620MB (lfb 1x1MB) SWAP 2370/12002MB (cached 117MB) CPU [0%@1728,0%@1728,9%@1728,0%@1728,100%@1728,0%@1728] GR3D_FREQ 9% cpu@57.25C soc2@55.812C soc0@56.593C gpu@57C tj@58.218C soc1@58.218C VDD_IN 8861mW/8887mW VDD_CPU_GPU_CV 2826mW/2833mW VDD_SOC 2625mW/2625mW
08-04-2026 15:33:01 RAM 3816/7620MB (lfb 1x1MB) SWAP 2370/12002MB (cached 117MB) CPU [0%@1728,27%@1728,0%@1728,10%@1728,100%@1728,0%@1728] GR3D_FREQ 9% cpu@57.25C soc2@55.875C soc0@56.75C gpu@56.875C tj@58.343C soc1@58.343C VDD_IN 8943mW/8887mW VDD_CPU_GPU_CV 2867mW/2833mW VDD_SOC 2625mW/2625mW
08-04-2026 15:33:01 RAM 3815/7620MB (lfb 1x1MB) SWAP 2370/12002MB (cached 117MB) CPU [0%@1728,0%@1728,0%@1728,0%@1728,100%@1728,0%@1728] GR3D_FREQ 8% cpu@57.25C soc2@55.812C soc0@56.75C gpu@57.093C tj@58.093C soc1@58.093C VDD_IN 8943mW/8887mW VDD_CPU_GPU_CV 2867mW/2833mW VDD_SOC 2625mW/2625mW
08-04-2026 15:33:01 RAM 3815/7620MB (lfb 1x1MB) SWAP 2370/12002MB (cached 117MB) CPU [0%@1728,0%@1728,0%@1728,0%@1728,100%@1728,0%@1728] GR3D_FREQ 9% cpu@57.375C soc2@55.781C soc0@56.593C gpu@57.031C tj@58.125C soc1@58.125C VDD_IN 8902mW/8887mW VDD_CPU_GPU_CV 2867mW/2833mW VDD_SOC 2625mW/2625mW
08-04-2026 15:33:01 RAM 3815/7620MB (lfb 1x1MB) SWAP 2370/12002MB (cached 117MB) CPU [0%@1728,0%@1728,0%@1728,18%@1728,100%@1728,0%@1728] GR3D_FREQ 10% cpu@57.468C soc2@55.812C soc0@56.687C gpu@56.968C tj@58.218C soc1@58.218C VDD_IN 8902mW/8887mW VDD_CPU_GPU_CV 2867mW/2833mW VDD_SOC 2625mW/2625mW
08-04-2026 15:33:01 RAM 3816/7620MB (lfb 1x1MB) SWAP 2370/12002MB (cached 117MB) CPU [0%@1728,0%@1728,0%@1728,0%@1728,100%@1728,0%@1728] GR3D_FREQ 8% cpu@57.125C soc2@55.718C soc0@56.687C gpu@57.031C tj@58.187C soc1@58.187C VDD_IN 8902mW/8887mW VDD_CPU_GPU_CV 2867mW/2833mW VDD_SOC 2625mW/2625mW
08-04-2026 15:33:01 RAM 3816/7620MB (lfb 1x1MB) SWAP 2370/12002MB (cached 117MB) CPU [0%@1728,0%@1728,0%@1728,0%@1728,100%@1728,0%@1728] GR3D_FREQ 8% cpu@57.281C soc2@55.75C soc0@56.75C gpu@56.968C tj@58.437C soc1@58.437C VDD_IN 8902mW/8887mW VDD_CPU_GPU_CV 2867mW/2833mW VDD_SOC 2625mW/2625mW
08-04-2026 15:33:01 RAM 3816/7620MB (lfb 1x1MB) SWAP 2370/12002MB (cached 117MB) CPU [0%@1728,0%@1728,0%@1728,0%@1728,100%@1728,0%@1728] GR3D_FREQ 8% cpu@57.25C soc2@55.812C soc0@56.625C gpu@56.906C tj@58.093C soc1@58.093C VDD_IN 8902mW/8887mW VDD_CPU_GPU_CV 2826mW/2833mW VDD_SOC 2625mW/2625mW
08-04-2026 15:33:02 RAM 3816/7620MB (lfb 1x1MB) SWAP 2370/12002MB (cached 117MB) CPU [0%@1728,0%@1728,0%@1728,0%@1728,100%@1728,0%@1728] GR3D_FREQ 9% cpu@57.437C soc2@55.75C soc0@56.531C gpu@57.031C tj@58.125C soc1@58.125C VDD_IN 8861mW/8887mW VDD_CPU_GPU_CV 2826mW/2833mW VDD_SOC 2625mW/2625mW
08-04-2026 15:33:02 RAM 3816/7620MB (lfb 1x1MB) SWAP 2370/12002MB (cached 117MB) CPU [0%@1728,0%@1728,0%@1728,0%@1728,100%@1728,0%@1728] GR3D_FREQ 10% cpu@57.125C soc2@55.781C soc0@56.656C gpu@57C tj@58.218C soc1@58.187C VDD_IN 8861mW/8887mW VDD_CPU_GPU_CV 2826mW/2833mW VDD_SOC 2625mW/2625mW
08-04-2026 15:33:02 RAM 3816/7620MB (lfb 1x1MB) SWAP 2370/12002MB (cached 117MB) CPU [0%@1728,0%@1728,0%@1728,9%@1728,100%@1728,0%@1728] GR3D_FREQ 8% cpu@57.218C soc2@55.812C soc0@56.781C gpu@57.156C tj@58.25C soc1@58.25C VDD_IN 8902mW/8887mW VDD_CPU_GPU_CV 2867mW/2833mW VDD_SOC 2625mW/2625mW
08-04-2026 15:33:02 RAM 3816/7620MB (lfb 1x1MB) SWAP 2370/12002MB (cached 117MB) CPU [9%@1728,0%@1728,0%@1728,0%@1728,100%@1728,0%@1728] GR3D_FREQ 9% cpu@57.281C soc2@55.843C soc0@56.75C gpu@57.062C tj@58.187C soc1@58.187C VDD_IN 8902mW/8887mW VDD_CPU_GPU_CV 2867mW/2833mW VDD_SOC 2625mW/2625mW
08-04-2026 15:33:02 RAM 3816/7620MB (lfb 1x1MB) SWAP 2370/12002MB (cached 117MB) CPU [0%@1728,0%@1728,0%@1728,0%@1728,100%@1728,0%@1728] GR3D_FREQ 8% cpu@57.406C soc2@55.75C soc0@56.625C gpu@57C tj@58.093C soc1@58.093C VDD_IN 8902mW/8887mW VDD_CPU_GPU_CV 2826mW/2833mW VDD_SOC 2625mW/2625mW
08-04-2026 15:33:02 RAM 3816/7620MB (lfb 1x1MB) SWAP 2370/12002MB (cached 117MB) CPU [0%@1728,0%@1728,9%@1728,0%@1728,100%@1728,0%@1728] GR3D_FREQ 9% cpu@57.25C soc2@55.781C soc0@56.687C gpu@57.125C tj@58.218C soc1@58.218C VDD_IN 8902mW/8887mW VDD_CPU_GPU_CV 2826mW/2833mW VDD_SOC 2625mW/2625mW
08-04-2026 15:33:02 RAM 3816/7620MB (lfb 1x1MB) SWAP 2370/12002MB (cached 117MB) CPU [0%@1728,0%@1728,0%@1728,0%@1728,100%@1728,0%@1728] GR3D_FREQ 10% cpu@57.093C soc2@55.718C soc0@56.75C gpu@57C tj@58.218C soc1@58.218C VDD_IN 8902mW/8887mW VDD_CPU_GPU_CV 2826mW/2833mW VDD_SOC 2625mW/2625mW
08-04-2026 15:33:02 RAM 3816/7620MB (lfb 1x1MB) SWAP 2370/12002MB (cached 117MB) CPU [0%@1728,0%@1728,0%@1728,0%@1728,100%@1728,0%@1728] GR3D_FREQ 8% cpu@57.312C soc2@55.75C soc0@56.75C gpu@56.875C tj@58.125C soc1@58.125C VDD_IN 8902mW/8887mW VDD_CPU_GPU_CV 2826mW/2833mW VDD_SOC 2625mW/2625mW
08-04-2026 15:33:02 RAM 3816/7620MB (lfb 1x1MB) SWAP 2370/12002MB (cached 117MB) CPU [0%@1728,0%@1728,0%@1728,0%@1728,100%@1728,0%@1728] GR3D_FREQ 8% cpu@57.312C soc2@55.718C soc0@56.625C gpu@57.093C tj@58.156C soc1@58.156C VDD_IN 8902mW/8887mW VDD_CPU_GPU_CV 2826mW/2833mW VDD_SOC 2625mW/2625mW
08-04-2026 15:33:02 RAM 3816/7620MB (lfb 1x1MB) SWAP 2370/12002MB (cached 117MB) CPU [8%@1728,0%@1728,0%@1728,0%@1728,100%@1728,0%@1728] GR3D_FREQ 8% cpu@57.406C soc2@55.781C soc0@56.562C gpu@57.031C tj@58.156C soc1@58.156C VDD_IN 8902mW/8887mW VDD_CPU_GPU_CV 2826mW/2833mW VDD_SOC 2625mW/2625mW
08-04-2026 15:33:03 RAM 3816/7620MB (lfb 1x1MB) SWAP 2370/12002MB (cached 117MB) CPU [0%@1728,0%@1728,0%@1728,0%@1728,100%@1728,0%@1728] GR3D_FREQ 9% cpu@57.25C soc2@55.75C soc0@56.687C gpu@56.968C tj@58.156C soc1@58.218C VDD_IN 8861mW/8887mW VDD_CPU_GPU_CV 2826mW/2833mW VDD_SOC 2625mW/2625mW
08-04-2026 15:33:03 RAM 3816/7620MB (lfb 1x1MB) SWAP 2370/12002MB (cached 117MB) CPU [0%@1728,0%@1728,0%@1728,0%@1728,100%@1728,0%@1728] GR3D_FREQ 10% cpu@57.312C soc2@55.843C soc0@56.718C gpu@57.125C tj@58.312C soc1@58.312C VDD_IN 8861mW/8887mW VDD_CPU_GPU_CV 2826mW/2833mW VDD_SOC 2625mW/2625mW
08-04-2026 15:33:03 RAM 3816/7620MB (lfb 1x1MB) SWAP 2370/12002MB (cached 117MB) CPU [0%@1728,0%@1728,0%@1728,0%@1728,100%@1728,0%@1728] GR3D_FREQ 8% cpu@57.312C soc2@55.906C soc0@56.843C gpu@57.031C tj@58.062C soc1@58.062C VDD_IN 8902mW/8887mW VDD_CPU_GPU_CV 2826mW/2833mW VDD_SOC 2625mW/2625mW
08-04-2026 15:33:03 RAM 3816/7620MB (lfb 1x1MB) SWAP 2370/12002MB (cached 117MB) CPU [0%@1728,0%@1728,0%@1728,0%@1728,100%@1728,0%@1728] GR3D_FREQ 9% cpu@57.437C soc2@55.781C soc0@56.593C gpu@56.875C tj@58.218C soc1@58.218C VDD_IN 8902mW/8887mW VDD_CPU_GPU_CV 2826mW/2833mW VDD_SOC 2625mW/2625mW
08-04-2026 15:33:03 RAM 3816/7620MB (lfb 1x1MB) SWAP 2370/12002MB (cached 117MB) CPU [0%@1728,0%@1728,0%@1728,0%@1728,100%@1728,0%@1728] GR3D_FREQ 8% cpu@57.218C soc2@55.781C soc0@56.625C gpu@57.093C tj@58.25C soc1@58.25C VDD_IN 8902mW/8887mW VDD_CPU_GPU_CV 2826mW/2833mW VDD_SOC 2625mW/2625mW
08-04-2026 15:33:03 RAM 3816/7620MB (lfb 1x1MB) SWAP 2370/12002MB (cached 117MB) CPU [9%@1728,0%@1728,0%@1728,0%@1728,100%@1728,0%@1728] GR3D_FREQ 9% cpu@57.156C soc2@55.812C soc0@56.656C gpu@56.968C tj@58.281C soc1@58.281C VDD_IN 8861mW/8887mW VDD_CPU_GPU_CV 2826mW/2833mW VDD_SOC 2625mW/2625mW
08-04-2026 15:33:03 RAM 3816/7620MB (lfb 1x1MB) SWAP 2370/12002MB (cached 117MB) CPU [9%@1728,0%@1728,0%@1728,0%@1728,100%@1728,0%@1728] GR3D_FREQ 9% cpu@57.281C soc2@55.812C soc0@56.781C gpu@56.843C tj@58.062C soc1@58.062C VDD_IN 8902mW/8887mW VDD_CPU_GPU_CV 2826mW/2833mW VDD_SOC 2625mW/2625mW
08-04-2026 15:33:03 RAM 3816/7620MB (lfb 1x1MB) SWAP 2370/12002MB (cached 117MB) CPU [0%@1728,0%@1728,0%@1728,0%@1728,100%@1728,0%@1728] GR3D_FREQ 8% cpu@57.375C soc2@55.812C soc0@56.5C gpu@57.031C tj@58.062C soc1@58.062C VDD_IN 8902mW/8887mW VDD_CPU_GPU_CV 2826mW/2833mW VDD_SOC 2625mW/2625mW
08-04-2026 15:33:03 RAM 3816/7620MB (lfb 1x1MB) SWAP 2370/12002MB (cached 117MB) CPU [0%@1728,9%@1728,9%@1728,0%@1728,100%@1728,0%@1728] GR3D_FREQ 8% cpu@57.406C soc2@55.781C soc0@56.656C gpu@56.968C tj@58.187C soc1@58.187C VDD_IN 8902mW/8887mW VDD_CPU_GPU_CV 2826mW/2833mW VDD_SOC 2625mW/2625mW
08-04-2026 15:33:04 RAM 3816/7620MB (lfb 1x1MB) SWAP 2370/12002MB (cached 117MB) CPU [0%@1728,0%@1728,0%@1728,0%@1728,100%@1728,0%@1728] GR3D_FREQ 8% cpu@57.281C soc2@55.718C soc0@56.593C gpu@57.156C tj@58.25C soc1@58.25C VDD_IN 8902mW/8887mW VDD_CPU_GPU_CV 2826mW/2833mW VDD_SOC 2625mW/2625mW
08-04-2026 15:33:04 RAM 3816/7620MB (lfb 1x1MB) SWAP 2370/12002MB (cached 117MB) CPU [0%@1728,0%@1728,0%@1728,0%@1728,100%@1728,0%@1728] GR3D_FREQ 9% cpu@57.156C soc2@55.875C soc0@56.75C gpu@57.031C tj@58.281C soc1@58.281C VDD_IN 8861mW/8887mW VDD_CPU_GPU_CV 2826mW/2833mW VDD_SOC 2625mW/2625mW
08-04-2026 15:33:04 RAM 3816/7620MB (lfb 1x1MB) SWAP 2370/12002MB (cached 117MB) CPU [0%@1728,0%@1728,0%@1728,9%@1728,100%@1728,0%@1728] GR3D_FREQ 9% cpu@57.312C soc2@55.781C soc0@56.625C gpu@56.937C tj@58.093C soc1@58.093C VDD_IN 8902mW/8887mW VDD_CPU_GPU_CV 2867mW/2833mW VDD_SOC 2625mW/2625mW
08-04-2026 15:33:04 RAM 3816/7620MB (lfb 1x1MB) SWAP 2370/12002MB (cached 117MB) CPU [0%@1728,0%@1728,0%@1728,0%@1728,100%@1728,0%@1728] GR3D_FREQ 8% cpu@57.437C soc2@55.718C soc0@56.656C gpu@57.187C tj@58.218C soc1@58.218C VDD_IN 8902mW/8887mW VDD_CPU_GPU_CV 2826mW/2833mW VDD_SOC 2625mW/2625mW
08-04-2026 15:33:04 RAM 3817/7620MB (lfb 1x1MB) SWAP 2370/12002MB (cached 117MB) CPU [9%@1728,16%@1728,0%@1728,0%@1728,100%@1728,0%@1728] GR3D_FREQ 9% cpu@57.093C soc2@55.781C soc0@56.593C gpu@57.031C tj@58.25C soc1@58.25C VDD_IN 8902mW/8887mW VDD_CPU_GPU_CV 2867mW/2833mW VDD_SOC 2625mW/2625mW
08-04-2026 15:33:04 RAM 3817/7620MB (lfb 1x1MB) SWAP 2370/12002MB (cached 117MB) CPU [0%@1728,9%@1728,18%@1728,0%@1728,100%@1728,0%@1728] GR3D_FREQ 8% cpu@57.156C soc2@55.812C soc0@56.718C gpu@56.968C tj@58.406C soc1@58.406C VDD_IN 8984mW/8887mW VDD_CPU_GPU_CV 2867mW/2833mW VDD_SOC 2625mW/2625mW
08-04-2026 15:33:04 RAM 3817/7620MB (lfb 1x1MB) SWAP 2370/12002MB (cached 117MB) CPU [8%@1728,0%@1728,0%@1728,0%@1728,100%@1728,0%@1728] GR3D_FREQ 11% cpu@57.218C soc2@55.812C soc0@56.562C gpu@56.843C tj@58.062C soc1@58.062C VDD_IN 8943mW/8887mW VDD_CPU_GPU_CV 2867mW/2833mW VDD_SOC 2625mW/2625mW
08-04-2026 15:33:04 RAM 3817/7620MB (lfb 1x1MB) SWAP 2370/12002MB (cached 117MB) CPU [0%@1728,0%@1728,0%@1728,0%@1728,100%@1728,0%@1728] GR3D_FREQ 9% cpu@57.375C soc2@55.781C soc0@56.531C gpu@57C tj@58.156C soc1@58.156C VDD_IN 8943mW/8887mW VDD_CPU_GPU_CV 2867mW/2833mW VDD_SOC 2625mW/2625mW
08-04-2026 15:33:04 RAM 3817/7620MB (lfb 1x1MB) SWAP 2370/12002MB (cached 117MB) CPU [0%@1728,0%@1728,0%@1728,0%@1728,100%@1728,0%@1728] GR3D_FREQ 8% cpu@57.187C soc2@55.812C soc0@56.625C gpu@56.875C tj@58.281C soc1@58.281C VDD_IN 8902mW/8887mW VDD_CPU_GPU_CV 2867mW/2833mW VDD_SOC 2625mW/2625mW
08-04-2026 15:33:04 RAM 3817/7620MB (lfb 1x1MB) SWAP 2370/12002MB (cached 117MB) CPU [0%@1728,0%@1728,0%@1728,0%@1728,100%@1728,0%@1728] GR3D_FREQ 8% cpu@57.125C soc2@55.843C soc0@56.718C gpu@56.906C tj@58.312C soc1@58.312C VDD_IN 8902mW/8887mW VDD_CPU_GPU_CV 2826mW/2833mW VDD_SOC 2625mW/2625mW
08-04-2026 15:33:05 RAM 3817/7620MB (lfb 1x1MB) SWAP 2370/12002MB (cached 117MB) CPU [0%@1728,9%@1728,0%@1728,0%@1728,100%@1728,0%@1728] GR3D_FREQ 9% cpu@57.187C soc2@55.843C soc0@56.5C gpu@57C tj@58.125C soc1@58.125C VDD_IN 8902mW/8887mW VDD_CPU_GPU_CV 2826mW/2833mW VDD_SOC 2625mW/2625mW
08-04-2026 15:33:05 RAM 3817/7620MB (lfb 1x1MB) SWAP 2370/12002MB (cached 117MB) CPU [0%@1728,0%@1728,0%@1728,0%@1728,100%@1728,0%@1728] GR3D_FREQ 10% cpu@57.343C soc2@55.812C soc0@56.625C gpu@56.906C tj@58.156C soc1@58.156C VDD_IN 8902mW/8887mW VDD_CPU_GPU_CV 2826mW/2833mW VDD_SOC 2625mW/2625mW
08-04-2026 15:33:05 RAM 3801/7620MB (lfb 1x1MB) SWAP 2370/12002MB (cached 117MB) CPU [10%@1728,0%@1728,8%@1728,0%@1728,100%@1728,0%@1728] GR3D_FREQ 8% cpu@57.062C soc2@55.781C soc0@56.562C gpu@56.843C tj@58.125C soc1@58.125C VDD_IN 8943mW/8887mW VDD_CPU_GPU_CV 2867mW/2833mW VDD_SOC 2625mW/2625mW
08-04-2026 15:33:05 RAM 3801/7620MB (lfb 1x1MB) SWAP 2370/12002MB (cached 117MB) CPU [0%@1728,16%@1728,0%@1728,0%@1728,100%@1728,0%@1728] GR3D_FREQ 8% cpu@57.25C soc2@55.812C soc0@56.75C gpu@56.968C tj@58.218C soc1@58.218C VDD_IN 8902mW/8887mW VDD_CPU_GPU_CV 2867mW/2834mW VDD_SOC 2625mW/2625mW
08-04-2026 15:33:05 RAM 3801/7620MB (lfb 1x1MB) SWAP 2370/12002MB (cached 117MB) CPU [0%@1728,0%@1728,0%@1728,0%@1728,100%@1728,0%@1728] GR3D_FREQ 9% cpu@57.187C soc2@55.875C soc0@56.781C gpu@56.906C tj@58.375C soc1@58.375C VDD_IN 8902mW/8887mW VDD_CPU_GPU_CV 2826mW/2834mW VDD_SOC 2625mW/2625mW
08-04-2026 15:33:05 RAM 3802/7620MB (lfb 1x1MB) SWAP 2370/12002MB (cached 117MB) CPU [0%@1728,0%@1728,0%@1728,0%@1728,100%@1728,0%@1728] GR3D_FREQ 10% cpu@57.375C soc2@55.843C soc0@56.531C gpu@57.031C tj@58.062C soc1@58.062C VDD_IN 8902mW/8887mW VDD_CPU_GPU_CV 2826mW/2834mW VDD_SOC 2625mW/2625mW
08-04-2026 15:33:05 RAM 3802/7620MB (lfb 1x1MB) SWAP 2370/12002MB (cached 117MB) CPU [0%@1728,0%@1728,0%@1728,0%@1728,100%@1728,0%@1728] GR3D_FREQ 9% cpu@57.437C soc2@55.75C soc0@56.562C gpu@56.968C tj@58.125C soc1@58.125C VDD_IN 8902mW/8888mW VDD_CPU_GPU_CV 2826mW/2833mW VDD_SOC 2625mW/2625mW
08-04-2026 15:33:05 RAM 3802/7620MB (lfb 1x1MB) SWAP 2370/12002MB (cached 117MB) CPU [15%@1728,9%@1728,0%@1728,0%@1728,100%@1728,0%@1728] GR3D_FREQ 9% cpu@57.125C soc2@55.812C soc0@56.687C gpu@56.875C tj@58.187C soc1@58.187C VDD_IN 8861mW/8887mW VDD_CPU_GPU_CV 2826mW/2833mW VDD_SOC 2625mW/2625mW
08-04-2026 15:33:05 RAM 3802/7620MB (lfb 1x1MB) SWAP 2370/12002MB (cached 117MB) CPU [0%@1728,0%@1728,0%@1728,0%@1728,100%@1728,0%@1728] GR3D_FREQ 8% cpu@57.218C soc2@55.812C soc0@56.781C gpu@56.968C tj@58.25C soc1@58.25C VDD_IN 8861mW/8887mW VDD_CPU_GPU_CV 2826mW/2833mW VDD_SOC 2625mW/2625mW
08-04-2026 15:33:06 RAM 3802/7620MB (lfb 1x1MB) SWAP 2370/12002MB (cached 117MB) CPU [0%@1728,8%@1728,8%@1728,0%@1728,100%@1728,0%@1728] GR3D_FREQ 9% cpu@57.343C soc2@55.812C soc0@56.625C gpu@56.937C tj@58.156C soc1@58.156C VDD_IN 8861mW/8887mW VDD_CPU_GPU_CV 2826mW/2833mW VDD_SOC 2625mW/2625mW
08-04-2026 15:33:06 RAM 3802/7620MB (lfb 1x1MB) SWAP 2370/12002MB (cached 117MB) CPU [0%@1728,0%@1728,0%@1728,0%@1728,100%@1728,0%@1728] GR3D_FREQ 9% cpu@57.25C soc2@55.75C soc0@56.593C gpu@56.875C tj@58.187C soc1@58.187C VDD_IN 8861mW/8887mW VDD_CPU_GPU_CV 2826mW/2833mW VDD_SOC 2625mW/2625mW
08-04-2026 15:33:06 RAM 3802/7620MB (lfb 1x1MB) SWAP 2370/12002MB (cached 117MB) CPU [9%@1728,0%@1728,0%@1728,0%@1728,100%@1728,0%@1728] GR3D_FREQ 9% cpu@57.156C soc2@55.781C soc0@56.593C gpu@57.125C tj@58.093C soc1@58.093C VDD_IN 8902mW/8887mW VDD_CPU_GPU_CV 2826mW/2833mW VDD_SOC 2625mW/2625mW
08-04-2026 15:33:06 RAM 3802/7620MB (lfb 1x1MB) SWAP 2370/12002MB (cached 117MB) CPU [0%@1728,9%@1728,0%@1728,0%@1728,100%@1728,0%@1728] GR3D_FREQ 8% cpu@57.156C soc2@55.812C soc0@56.718C gpu@56.937C tj@58.25C soc1@58.25C VDD_IN 8902mW/8887mW VDD_CPU_GPU_CV 2826mW/2833mW VDD_SOC 2625mW/2625mW
08-04-2026 15:33:06 RAM 3802/7620MB (lfb 1x1MB) SWAP 2370/12002MB (cached 117MB) CPU [0%@1728,9%@1728,0%@1728,0%@1728,100%@1728,0%@1728] GR3D_FREQ 8% cpu@57.25C soc2@55.875C soc0@56.718C gpu@56.875C tj@58.437C soc1@58.437C VDD_IN 8902mW/8887mW VDD_CPU_GPU_CV 2826mW/2833mW VDD_SOC 2625mW/2625mW
08-04-2026 15:33:06 RAM 3802/7620MB (lfb 1x1MB) SWAP 2370/12002MB (cached 117MB) CPU [0%@1728,0%@1728,0%@1728,0%@1728,100%@1728,0%@1728] GR3D_FREQ 9% cpu@57.343C soc2@55.906C soc0@56.562C gpu@57.031C tj@58.031C soc1@58.031C VDD_IN 8861mW/8887mW VDD_CPU_GPU_CV 2826mW/2833mW VDD_SOC 2625mW/2625mW
08-04-2026 15:33:06 RAM 3802/7620MB (lfb 1x1MB) SWAP 2370/12002MB (cached 117MB) CPU [0%@1728,0%@1728,0%@1728,8%@1728,100%@1728,0%@1728] GR3D_FREQ 10% cpu@57.343C soc2@55.812C soc0@56.656C gpu@56.906C tj@58.093C soc1@58.093C VDD_IN 8902mW/8887mW VDD_CPU_GPU_CV 2867mW/2833mW VDD_SOC 2625mW/2625mW
08-04-2026 15:33:06 RAM 3802/7620MB (lfb 1x1MB) SWAP 2370/12002MB (cached 117MB) CPU [0%@1728,0%@1728,0%@1728,0%@1728,100%@1728,0%@1728] GR3D_FREQ 8% cpu@57.218C soc2@55.781C soc0@56.687C gpu@56.875C tj@58.25C soc1@58.25C VDD_IN 8902mW/8887mW VDD_CPU_GPU_CV 2826mW/2833mW VDD_SOC 2625mW/2625mW
08-04-2026 15:33:06 RAM 3802/7620MB (lfb 1x1MB) SWAP 2370/12002MB (cached 117MB) CPU [0%@1728,0%@1728,0%@1728,0%@1728,100%@1728,0%@1728] GR3D_FREQ 9% cpu@57.25C soc2@55.781C soc0@56.718C gpu@56.968C tj@58.375C soc1@58.375C VDD_IN 8902mW/8887mW VDD_CPU_GPU_CV 2826mW/2833mW VDD_SOC 2625mW/2625mW
08-04-2026 15:33:06 RAM 3802/7620MB (lfb 1x1MB) SWAP 2370/12002MB (cached 117MB) CPU [0%@1728,0%@1728,0%@1728,0%@1728,100%@1728,0%@1728] GR3D_FREQ 8% cpu@57.25C soc2@55.843C soc0@56.593C gpu@56.937C tj@58.156C soc1@58.156C VDD_IN 8902mW/8887mW VDD_CPU_GPU_CV 2826mW/2833mW VDD_SOC 2625mW/2625mW
08-04-2026 15:33:07 RAM 3802/7620MB (lfb 1x1MB) SWAP 2370/12002MB (cached 117MB) CPU [0%@1728,9%@1728,0%@1728,0%@1728,100%@1728,0%@1728] GR3D_FREQ 9% cpu@57.312C soc2@55.75C soc0@56.531C gpu@57.093C tj@58.218C soc1@58.218C VDD_IN 8861mW/8887mW VDD_CPU_GPU_CV 2826mW/2833mW VDD_SOC 2625mW/2625mW
08-04-2026 15:33:07 RAM 3802/7620MB (lfb 1x1MB) SWAP 2370/12002MB (cached 117MB) CPU [0%@1728,0%@1728,0%@1728,0%@1728,100%@1728,0%@1728] GR3D_FREQ 10% cpu@57.156C soc2@55.718C soc0@56.718C gpu@56.968C tj@58.125C soc1@58.125C VDD_IN 8861mW/8887mW VDD_CPU_GPU_CV 2826mW/2833mW VDD_SOC 2625mW/2625mW
08-04-2026 15:33:07 RAM 3802/7620MB (lfb 1x1MB) SWAP 2370/12002MB (cached 117MB) CPU [9%@1728,0%@1728,0%@1728,0%@1728,100%@1728,0%@1728] GR3D_FREQ 8% cpu@57.187C soc2@55.812C soc0@56.781C gpu@56.906C tj@58.25C soc1@58.25C VDD_IN 8902mW/8887mW VDD_CPU_GPU_CV 2826mW/2833mW VDD_SOC 2625mW/2625mW
08-04-2026 15:33:07 RAM 3802/7620MB (lfb 1x1MB) SWAP 2370/12002MB (cached 117MB) CPU [0%@1728,9%@1728,0%@1728,0%@1728,100%@1728,0%@1728] GR3D_FREQ 8% cpu@57.281C soc2@55.812C soc0@56.75C gpu@57.031C tj@58.437C soc1@58.437C VDD_IN 8902mW/8887mW VDD_CPU_GPU_CV 2826mW/2833mW VDD_SOC 2625mW/2625mW
08-04-2026 15:33:07 RAM 3802/7620MB (lfb 1x1MB) SWAP 2370/12002MB (cached 117MB) CPU [0%@1728,0%@1728,0%@1728,0%@1728,100%@1728,0%@1728] GR3D_FREQ 8% cpu@57.343C soc2@55.718C soc0@56.593C gpu@56.968C tj@58.093C soc1@58.093C VDD_IN 8861mW/8887mW VDD_CPU_GPU_CV 2826mW/2833mW VDD_SOC 2625mW/2625mW
08-04-2026 15:33:07 RAM 3802/7620MB (lfb 1x1MB) SWAP 2370/12002MB (cached 117MB) CPU [0%@1728,0%@1728,9%@1728,8%@1728,100%@1728,0%@1728] GR3D_FREQ 9% cpu@57.437C soc2@55.781C soc0@56.625C gpu@56.906C tj@58.25C soc1@58.25C VDD_IN 8861mW/8887mW VDD_CPU_GPU_CV 2826mW/2833mW VDD_SOC 2625mW/2625mW
08-04-2026 15:33:07 RAM 3805/7620MB (lfb 1x1MB) SWAP 2370/12002MB (cached 117MB) CPU [0%@1728,9%@1728,10%@1728,0%@1728,100%@1728,0%@1728] GR3D_FREQ 10% cpu@57.218C soc2@55.843C soc0@56.687C gpu@57.031C tj@58.343C soc1@58.343C VDD_IN 8902mW/8887mW VDD_CPU_GPU_CV 2867mW/2833mW VDD_SOC 2625mW/2625mW
08-04-2026 15:33:07 RAM 3808/7620MB (lfb 1x1MB) SWAP 2370/12002MB (cached 117MB) CPU [0%@1728,0%@1728,10%@1728,0%@1728,100%@1728,0%@1728] GR3D_FREQ 8% cpu@57.281C soc2@55.843C soc0@56.687C gpu@57C tj@58.375C soc1@58.343C VDD_IN 8943mW/8887mW VDD_CPU_GPU_CV 2867mW/2833mW VDD_SOC 2625mW/2625mW
08-04-2026 15:33:07 RAM 3808/7620MB (lfb 1x1MB) SWAP 2370/12002MB (cached 117MB) CPU [9%@1728,0%@1728,0%@1728,0%@1728,100%@1728,0%@1728] GR3D_FREQ 9% cpu@57.343C soc2@55.781C soc0@56.593C gpu@56.906C tj@58.031C soc1@58.031C VDD_IN 8943mW/8888mW VDD_CPU_GPU_CV 2867mW/2834mW VDD_SOC 2625mW/2625mW
08-04-2026 15:33:08 RAM 3808/7620MB (lfb 1x1MB) SWAP 2370/12002MB (cached 117MB) CPU [0%@1728,0%@1728,18%@1728,0%@1728,100%@1728,0%@1728] GR3D_FREQ 8% cpu@57.406C soc2@55.812C soc0@56.531C gpu@57C tj@58.125C soc1@58.125C VDD_IN 8943mW/8888mW VDD_CPU_GPU_CV 2867mW/2834mW VDD_SOC 2625mW/2625mW
08-04-2026 15:33:08 RAM 3808/7620MB (lfb 1x1MB) SWAP 2370/12002MB (cached 117MB) CPU [0%@1728,0%@1728,0%@1728,0%@1728,100%@1728,0%@1728] GR3D_FREQ 9% cpu@57.156C soc2@55.718C soc0@56.593C gpu@56.937C tj@58.218C soc1@58.218C VDD_IN 8943mW/8888mW VDD_CPU_GPU_CV 2867mW/2834mW VDD_SOC 2625mW/2625mW
08-04-2026 15:33:08 RAM 3808/7620MB (lfb 1x1MB) SWAP 2370/12002MB (cached 117MB) CPU [9%@1728,16%@1728,8%@1728,0%@1728,100%@1728,0%@1728] GR3D_FREQ 9% cpu@57.218C soc2@55.812C soc0@56.75C gpu@56.937C tj@58.25C soc1@58.25C VDD_IN 8943mW/8888mW VDD_CPU_GPU_CV 2867mW/2834mW VDD_SOC 2625mW/2625mW
08-04-2026 15:33:08 RAM 3808/7620MB (lfb 1x1MB) SWAP 2370/12002MB (cached 117MB) CPU [0%@1728,9%@1728,0%@1728,0%@1728,100%@1728,0%@1728] GR3D_FREQ 8% cpu@57.281C soc2@55.843C soc0@56.531C gpu@57.031C tj@58.062C soc1@58.062C VDD_IN 8943mW/8888mW VDD_CPU_GPU_CV 2867mW/2834mW VDD_SOC 2625mW/2625mW
08-04-2026 15:33:08 RAM 3808/7620MB (lfb 1x1MB) SWAP 2370/12002MB (cached 117MB) CPU [0%@1728,0%@1728,0%@1728,0%@1728,100%@1728,0%@1728] GR3D_FREQ 8% cpu@57.312C soc2@55.781C soc0@56.625C gpu@56.906C tj@58.125C soc1@58.125C VDD_IN 8902mW/8888mW VDD_CPU_GPU_CV 2826mW/2834mW VDD_SOC 2625mW/2625mW
08-04-2026 15:33:08 RAM 3808/7620MB (lfb 1x1MB) SWAP 2370/12002MB (cached 117MB) CPU [0%@1728,0%@1728,0%@1728,0%@1728,100%@1728,0%@1728] GR3D_FREQ 8% cpu@57.187C soc2@55.75C soc0@56.656C gpu@57.125C tj@58.125C soc1@58.125C VDD_IN 8902mW/8888mW VDD_CPU_GPU_CV 2826mW/2834mW VDD_SOC 2625mW/2625mW
08-04-2026 15:33:08 RAM 3808/7620MB (lfb 1x1MB) SWAP 2370/12002MB (cached 117MB) CPU [0%@1728,0%@1728,0%@1728,0%@1728,100%@1728,0%@1728] GR3D_FREQ 9% cpu@57.312C soc2@55.812C soc0@56.718C gpu@57.031C tj@58.343C soc1@58.343C VDD_IN 8902mW/8888mW VDD_CPU_GPU_CV 2826mW/2834mW VDD_SOC 2625mW/2625mW
08-04-2026 15:33:08 RAM 3808/7620MB (lfb 1x1MB) SWAP 2370/12002MB (cached 117MB) CPU [0%@1728,0%@1728,0%@1728,0%@1728,100%@1728,0%@1728] GR3D_FREQ 9% cpu@57.218C soc2@55.781C soc0@56.781C gpu@56.906C tj@58.468C soc1@58.468C VDD_IN 8902mW/8888mW VDD_CPU_GPU_CV 2826mW/2834mW VDD_SOC 2625mW/2625mW
08-04-2026 15:33:08 RAM 3808/7620MB (lfb 1x1MB) SWAP 2370/12002MB (cached 117MB) CPU [0%@1728,9%@1728,0%@1728,0%@1728,100%@1728,0%@1728] GR3D_FREQ 8% cpu@57.375C soc2@55.718C soc0@56.687C gpu@57.062C tj@58.125C soc1@58.125C VDD_IN 8902mW/8888mW VDD_CPU_GPU_CV 2826mW/2834mW VDD_SOC 2625mW/2625mW
08-04-2026 15:33:08 RAM 3808/7620MB (lfb 1x1MB) SWAP 2370/12002MB (cached 117MB) CPU [9%@1728,0%@1728,0%@1728,8%@1728,100%@1728,0%@1728] GR3D_FREQ 9% cpu@57.468C soc2@55.843C soc0@56.656C gpu@57C tj@58.156C soc1@58.156C VDD_IN 8902mW/8888mW VDD_CPU_GPU_CV 2826mW/2834mW VDD_SOC 2625mW/2625mW
08-04-2026 15:33:09 RAM 3808/7620MB (lfb 1x1MB) SWAP 2370/12002MB (cached 117MB) CPU [0%@1728,0%@1728,0%@1728,0%@1728,100%@1728,0%@1728] GR3D_FREQ 8% cpu@57.218C soc2@55.781C soc0@56.593C gpu@56.906C tj@58.25C soc1@58.25C VDD_IN 8902mW/8888mW VDD_CPU_GPU_CV 2826mW/2834mW VDD_SOC 2625mW/2625mW
08-04-2026 15:33:09 RAM 3808/7620MB (lfb 1x1MB) SWAP 2370/12002MB (cached 117MB) CPU [9%@1728,0%@1728,9%@1728,9%@1728,100%@1728,0%@1728] GR3D_FREQ 10% cpu@57.187C soc2@55.781C soc0@56.687C gpu@57.031C tj@58.25C soc1@58.25C VDD_IN 8861mW/8888mW VDD_CPU_GPU_CV 2826mW/2834mW VDD_SOC 2625mW/2625mW
08-04-2026 15:33:09 RAM 3808/7620MB (lfb 1x1MB) SWAP 2370/12002MB (cached 117MB) CPU [0%@1728,9%@1728,9%@1728,0%@1728,100%@1728,0%@1728] GR3D_FREQ 9% cpu@57.25C soc2@55.875C soc0@56.562C gpu@57C tj@58.093C soc1@58.093C VDD_IN 8902mW/8888mW VDD_CPU_GPU_CV 2826mW/2834mW VDD_SOC 2625mW/2625mW
08-04-2026 15:33:09 RAM 3808/7620MB (lfb 1x1MB) SWAP 2370/12002MB (cached 117MB) CPU [9%@1728,0%@1728,0%@1728,0%@1728,100%@1728,0%@1728] GR3D_FREQ 8% cpu@57.343C soc2@55.781C soc0@56.593C gpu@56.906C tj@58.156C soc1@58.156C VDD_IN 8902mW/8888mW VDD_CPU_GPU_CV 2826mW/2834mW VDD_SOC 2625mW/2625mW
08-04-2026 15:33:09 RAM 3808/7620MB (lfb 1x1MB) SWAP 2370/12002MB (cached 117MB) CPU [0%@1728,0%@1728,0%@1728,0%@1728,100%@1728,0%@1728] GR3D_FREQ 8% cpu@57.218C soc2@55.812C soc0@56.625C gpu@57.031C tj@58.187C soc1@58.187C VDD_IN 8902mW/8888mW VDD_CPU_GPU_CV 2826mW/2834mW VDD_SOC 2625mW/2625mW
08-04-2026 15:33:09 RAM 3808/7620MB (lfb 1x1MB) SWAP 2370/12002MB (cached 117MB) CPU [0%@1728,0%@1728,0%@1728,0%@1728,100%@1728,0%@1728] GR3D_FREQ 9% cpu@57.187C soc2@55.875C soc0@56.656C gpu@57C tj@58.312C soc1@58.312C VDD_IN 8902mW/8888mW VDD_CPU_GPU_CV 2826mW/2834mW VDD_SOC 2625mW/2625mW
08-04-2026 15:33:09 RAM 3808/7620MB (lfb 1x1MB) SWAP 2370/12002MB (cached 117MB) CPU [0%@1728,0%@1728,0%@1728,0%@1728,100%@1728,0%@1728] GR3D_FREQ 10% cpu@57.312C soc2@55.812C soc0@56.875C gpu@56.875C tj@58.437C soc1@58.437C VDD_IN 8902mW/8888mW VDD_CPU_GPU_CV 2867mW/2834mW VDD_SOC 2625mW/2625mW
08-04-2026 15:33:09 RAM 3808/7620MB (lfb 1x1MB) SWAP 2370/12002MB (cached 117MB) CPU [0%@1728,0%@1728,0%@1728,0%@1728,100%@1728,0%@1728] GR3D_FREQ 8% cpu@57.25C soc2@55.812C soc0@56.5C gpu@57.031C tj@58.187C soc1@58.062C VDD_IN 8861mW/8888mW VDD_CPU_GPU_CV 2826mW/2834mW VDD_SOC 2625mW/2625mW
08-04-2026 15:33:09 RAM 3808/7620MB (lfb 1x1MB) SWAP 2370/12002MB (cached 117MB) CPU [0%@1728,0%@1728,0%@1728,0%@1728,100%@1728,0%@1728] GR3D_FREQ 8% cpu@57.437C soc2@55.781C soc0@56.656C gpu@57C tj@58.062C soc1@58.062C VDD_IN 8861mW/8888mW VDD_CPU_GPU_CV 2826mW/2834mW VDD_SOC 2625mW/2625mW
08-04-2026 15:33:10 RAM 3808/7620MB (lfb 1x1MB) SWAP 2370/12002MB (cached 117MB) CPU [9%@1728,0%@1728,0%@1728,0%@1728,100%@1728,0%@1728] GR3D_FREQ 9% cpu@57.25C soc2@55.812C soc0@56.718C gpu@57.093C tj@58.187C soc1@58.187C VDD_IN 8861mW/8888mW VDD_CPU_GPU_CV 2826mW/2834mW VDD_SOC 2625mW/2625mW
08-04-2026 15:33:10 RAM 3808/7620MB (lfb 1x1MB) SWAP 2370/12002MB (cached 117MB) CPU [0%@1728,0%@1728,0%@1728,0%@1728,100%@1728,0%@1728] GR3D_FREQ 9% cpu@57.187C soc2@55.812C soc0@56.718C gpu@56.968C tj@58.343C soc1@58.343C VDD_IN 8861mW/8888mW VDD_CPU_GPU_CV 2826mW/2834mW VDD_SOC 2625mW/2625mW
08-04-2026 15:33:10 RAM 3808/7620MB (lfb 1x1MB) SWAP 2370/12002MB (cached 117MB) CPU [9%@1728,8%@1728,0%@1728,9%@1728,100%@1728,0%@1728] GR3D_FREQ 9% cpu@57.312C soc2@55.843C soc0@56.562C gpu@57C tj@58.187C soc1@58.187C VDD_IN 8902mW/8888mW VDD_CPU_GPU_CV 2826mW/2834mW VDD_SOC 2625mW/2625mW
08-04-2026 15:33:10 RAM 3808/7620MB (lfb 1x1MB) SWAP 2370/12002MB (cached 117MB) CPU [0%@1728,55%@1728,0%@1728,9%@1728,100%@1728,0%@1728] GR3D_FREQ 8% cpu@57.406C soc2@55.812C soc0@56.562C gpu@57.125C tj@58.156C soc1@58.156C VDD_IN 8984mW/8888mW VDD_CPU_GPU_CV 2908mW/2834mW VDD_SOC 2666mW/2625mW
08-04-2026 15:33:10 RAM 3808/7620MB (lfb 1x1MB) SWAP 2370/12002MB (cached 117MB) CPU [0%@1728,0%@1728,0%@1728,8%@1728,100%@1728,0%@1728] GR3D_FREQ 8% cpu@57.125C soc2@55.781C soc0@56.593C gpu@57C tj@58.187C soc1@58.187C VDD_IN 8943mW/8888mW VDD_CPU_GPU_CV 2908mW/2834mW VDD_SOC 2625mW/2625mW
08-04-2026 15:33:10 RAM 3808/7620MB (lfb 1x1MB) SWAP 2370/12002MB (cached 117MB) CPU [0%@1728,0%@1728,0%@1728,0%@1728,100%@1728,0%@1728] GR3D_FREQ 9% cpu@57.343C soc2@55.812C soc0@56.718C gpu@56.937C tj@58.281C soc1@58.281C VDD_IN 8943mW/8888mW VDD_CPU_GPU_CV 2867mW/2834mW VDD_SOC 2625mW/2625mW
08-04-2026 15:33:10 RAM 3808/7620MB (lfb 1x1MB) SWAP 2370/12002MB (cached 117MB) CPU [0%@1728,0%@1728,0%@1728,0%@1728,100%@1728,0%@1728] GR3D_FREQ 10% cpu@57.25C soc2@55.781C soc0@56.812C gpu@57.062C tj@58.187C soc1@58.187C VDD_IN 8902mW/8888mW VDD_CPU_GPU_CV 2867mW/2834mW VDD_SOC 2625mW/2625mW
08-04-2026 15:33:10 RAM 3808/7620MB (lfb 1x1MB) SWAP 2370/12002MB (cached 117MB) CPU [0%@1728,9%@1728,0%@1728,0%@1728,100%@1728,0%@1728] GR3D_FREQ 8% cpu@57.406C soc2@55.75C soc0@56.593C gpu@56.937C tj@58.187C soc1@58.187C VDD_IN 8902mW/8888mW VDD_CPU_GPU_CV 2867mW/2834mW VDD_SOC 2625mW/2625mW
08-04-2026 15:33:10 RAM 3808/7620MB (lfb 1x1MB) SWAP 2370/12002MB (cached 117MB) CPU [0%@1728,0%@1728,0%@1728,9%@1728,100%@1728,0%@1728] GR3D_FREQ 8% cpu@57.218C soc2@55.781C soc0@56.687C gpu@57C tj@58.187C soc1@58.187C VDD_IN 8902mW/8888mW VDD_CPU_GPU_CV 2867mW/2834mW VDD_SOC 2625mW/2625mW
08-04-2026 15:33:10 RAM 3813/7620MB (lfb 1x1MB) SWAP 2370/12002MB (cached 117MB) CPU [0%@1728,0%@1728,18%@1728,0%@1728,100%@1728,0%@1728] GR3D_FREQ 8% cpu@57.25C soc2@55.812C soc0@56.656C gpu@57C tj@58.281C soc1@58.281C VDD_IN 8943mW/8888mW VDD_CPU_GPU_CV 2867mW/2834mW VDD_SOC 2625mW/2625mW
08-04-2026 15:33:11 RAM 3814/7620MB (lfb 1x1MB) SWAP 2370/12002MB (cached 117MB) CPU [9%@1728,0%@1728,0%@1728,0%@1728,100%@1728,0%@1728] GR3D_FREQ 9% cpu@57.25C soc2@55.812C soc0@56.687C gpu@56.937C tj@58.437C soc1@58.437C VDD_IN 8943mW/8888mW VDD_CPU_GPU_CV 2867mW/2834mW VDD_SOC 2666mW/2625mW
08-04-2026 15:33:11 RAM 3814/7620MB (lfb 1x1MB) SWAP 2370/12002MB (cached 117MB) CPU [0%@1728,15%@1728,0%@1728,0%@1728,100%@1728,0%@1728] GR3D_FREQ 10% cpu@57.312C soc2@55.843C soc0@56.5C gpu@56.968C tj@58.156C soc1@58.156C VDD_IN 8943mW/8888mW VDD_CPU_GPU_CV 2867mW/2834mW VDD_SOC 2625mW/2625mW
08-04-2026 15:33:11 RAM 3814/7620MB (lfb 1x1MB) SWAP 2370/12002MB (cached 117MB) CPU [0%@1728,0%@1728,0%@1728,0%@1728,100%@1728,0%@1728] GR3D_FREQ 8% cpu@57.406C soc2@55.812C soc0@56.625C gpu@57.031C tj@58.156C soc1@58.156C VDD_IN 8943mW/8889mW VDD_CPU_GPU_CV 2867mW/2834mW VDD_SOC 2625mW/2625mW
08-04-2026 15:33:11 RAM 3814/7620MB (lfb 1x1MB) SWAP 2370/12002MB (cached 117MB) CPU [0%@1728,0%@1728,0%@1728,0%@1728,100%@1728,0%@1728] GR3D_FREQ 9% cpu@57.25C soc2@55.718C soc0@56.625C gpu@56.937C tj@58.343C soc1@58.343C VDD_IN 8943mW/8889mW VDD_CPU_GPU_CV 2867mW/2834mW VDD_SOC 2625mW/2625mW
08-04-2026 15:33:11 RAM 3814/7620MB (lfb 1x1MB) SWAP 2370/12002MB (cached 117MB) CPU [0%@1728,0%@1728,0%@1728,0%@1728,100%@1728,0%@1728] GR3D_FREQ 8% cpu@57.25C soc2@55.812C soc0@56.781C gpu@56.906C tj@58.375C soc1@58.375C VDD_IN 8902mW/8889mW VDD_CPU_GPU_CV 2867mW/2834mW VDD_SOC 2625mW/2625mW
08-04-2026 15:33:11 RAM 3815/7620MB (lfb 1x1MB) SWAP 2370/12002MB (cached 117MB) CPU [0%@1728,0%@1728,0%@1728,9%@1728,100%@1728,0%@1728] GR3D_FREQ 8% cpu@57.343C soc2@55.843C soc0@56.562C gpu@56.968C tj@58.125C soc1@58.125C VDD_IN 8902mW/8889mW VDD_CPU_GPU_CV 2826mW/2834mW VDD_SOC 2625mW/2625mW
08-04-2026 15:33:11 RAM 3815/7620MB (lfb 1x1MB) SWAP 2370/12002MB (cached 117MB) CPU [0%@1728,0%@1728,0%@1728,0%@1728,100%@1728,0%@1728] GR3D_FREQ 10% cpu@57.468C soc2@55.781C soc0@56.562C gpu@56.875C tj@58.25C soc1@58.25C VDD_IN 8902mW/8889mW VDD_CPU_GPU_CV 2826mW/2834mW VDD_SOC 2625mW/2625mW
08-04-2026 15:33:11 RAM 3815/7620MB (lfb 1x1MB) SWAP 2370/12002MB (cached 117MB) CPU [0%@1728,0%@1728,0%@1728,0%@1728,100%@1728,0%@1728] GR3D_FREQ 9% cpu@57.093C soc2@55.812C soc0@56.593C gpu@56.937C tj@58.187C soc1@58.187C VDD_IN 8902mW/8889mW VDD_CPU_GPU_CV 2826mW/2834mW VDD_SOC 2625mW/2625mW
08-04-2026 15:33:11 RAM 3815/7620MB (lfb 1x1MB) SWAP 2370/12002MB (cached 117MB) CPU [0%@1728,0%@1728,0%@1728,0%@1728,100%@1728,0%@1728] GR3D_FREQ 8% cpu@57.125C soc2@55.718C soc0@56.781C gpu@56.968C tj@58.25C soc1@58.25C VDD_IN 8902mW/8889mW VDD_CPU_GPU_CV 2826mW/2834mW VDD_SOC 2625mW/2625mW
08-04-2026 15:33:12 RAM 3815/7620MB (lfb 1x1MB) SWAP 2370/12002MB (cached 117MB) CPU [9%@1728,0%@1728,0%@1728,9%@1728,100%@1728,0%@1728] GR3D_FREQ 8% cpu@57.25C soc2@55.875C soc0@56.75C gpu@56.968C tj@58.437C soc1@58.437C VDD_IN 8902mW/8889mW VDD_CPU_GPU_CV 2826mW/2834mW VDD_SOC 2625mW/2625mW
08-04-2026 15:33:12 RAM 3815/7620MB (lfb 1x1MB) SWAP 2370/12002MB (cached 117MB) CPU [0%@1728,0%@1728,9%@1728,0%@1728,100%@1728,0%@1728] GR3D_FREQ 9% cpu@57.437C soc2@55.781C soc0@56.562C gpu@57.062C tj@58.125C soc1@58.187C VDD_IN 8902mW/8889mW VDD_CPU_GPU_CV 2826mW/2834mW VDD_SOC 2625mW/2625mW
08-04-2026 15:33:12 RAM 3815/7620MB (lfb 1x1MB) SWAP 2370/12002MB (cached 117MB) CPU [0%@1728,9%@1728,0%@1728,0%@1728,100%@1728,0%@1728] GR3D_FREQ 11% cpu@57.125C soc2@55.781C soc0@56.625C gpu@57.062C tj@58.218C soc1@58.218C VDD_IN 8902mW/8889mW VDD_CPU_GPU_CV 2826mW/2834mW VDD_SOC 2625mW/2625mW
08-04-2026 15:33:12 RAM 3815/7620MB (lfb 1x1MB) SWAP 2370/12002MB (cached 117MB) CPU [9%@1728,8%@1728,0%@1728,0%@1728,100%@1728,0%@1728] GR3D_FREQ 8% cpu@57.187C soc2@55.687C soc0@56.718C gpu@56.968C tj@58.25C soc1@58.25C VDD_IN 8902mW/8889mW VDD_CPU_GPU_CV 2826mW/2834mW VDD_SOC 2625mW/2625mW
08-04-2026 15:33:12 RAM 3815/7620MB (lfb 1x1MB) SWAP 2370/12002MB (cached 117MB) CPU [0%@1728,0%@1728,9%@1728,0%@1728,100%@1728,0%@1728] GR3D_FREQ 8% cpu@57.187C soc2@55.812C soc0@56.75C gpu@57.062C tj@58.406C soc1@58.406C VDD_IN 8902mW/8889mW VDD_CPU_GPU_CV 2826mW/2834mW VDD_SOC 2625mW/2625mW
08-04-2026 15:33:12 RAM 3815/7620MB (lfb 1x1MB) SWAP 2370/12002MB (cached 117MB) CPU [0%@1728,0%@1728,0%@1728,0%@1728,100%@1728,0%@1728] GR3D_FREQ 9% cpu@57.218C soc2@55.906C soc0@56.562C gpu@56.968C tj@58.093C soc1@58.093C VDD_IN 8902mW/8889mW VDD_CPU_GPU_CV 2826mW/2834mW VDD_SOC 2625mW/2625mW
08-04-2026 15:33:12 RAM 3815/7620MB (lfb 1x1MB) SWAP 2370/12002MB (cached 117MB) CPU [0%@1728,0%@1728,0%@1728,0%@1728,100%@1728,0%@1728] GR3D_FREQ 9% cpu@57.343C soc2@55.656C soc0@56.531C gpu@56.906C tj@58.25C soc1@58.25C VDD_IN 8902mW/8889mW VDD_CPU_GPU_CV 2826mW/2834mW VDD_SOC 2625mW/2625mW
08-04-2026 15:33:12 RAM 3815/7620MB (lfb 1x1MB) SWAP 2370/12002MB (cached 117MB) CPU [0%@1728,0%@1728,0%@1728,0%@1728,100%@1728,0%@1728] GR3D_FREQ 9% cpu@57.062C soc2@55.812C soc0@56.718C gpu@57.093C tj@58.25C soc1@58.25C VDD_IN 8902mW/8889mW VDD_CPU_GPU_CV 2826mW/2834mW VDD_SOC 2625mW/2625mW
08-04-2026 15:33:12 RAM 3815/7620MB (lfb 1x1MB) SWAP 2370/12002MB (cached 117MB) CPU [0%@1728,0%@1728,0%@1728,0%@1728,100%@1728,0%@1728] GR3D_FREQ 9% cpu@57.187C soc2@55.812C soc0@56.718C gpu@56.968C tj@58.187C soc1@58.187C VDD_IN 8861mW/8889mW VDD_CPU_GPU_CV 2826mW/2834mW VDD_SOC 2625mW/2625mW
08-04-2026 15:33:12 RAM 3815/7620MB (lfb 1x1MB) SWAP 2370/12002MB (cached 117MB) CPU [0%@1728,0%@1728,0%@1728,0%@1728,100%@1728,0%@1728] GR3D_FREQ 8% cpu@57.25C soc2@55.812C soc0@56.718C gpu@56.906C tj@58.156C soc1@58.156C VDD_IN 8861mW/8889mW VDD_CPU_GPU_CV 2826mW/2834mW VDD_SOC 2625mW/2625mW
08-04-2026 15:33:13 RAM 3815/7620MB (lfb 1x1MB) SWAP 2370/12002MB (cached 117MB) CPU [8%@1728,0%@1728,0%@1728,0%@1728,100%@1728,0%@1728] GR3D_FREQ 8% cpu@57.312C soc2@55.812C soc0@56.656C gpu@57C tj@58.156C soc1@58.156C VDD_IN 8861mW/8889mW VDD_CPU_GPU_CV 2826mW/2834mW VDD_SOC 2625mW/2625mW
08-04-2026 15:33:13 RAM 3815/7620MB (lfb 1x1MB) SWAP 2370/12002MB (cached 117MB) CPU [0%@1728,8%@1728,9%@1728,8%@1728,100%@1728,0%@1728] GR3D_FREQ 9% cpu@57.125C soc2@55.812C soc0@56.593C gpu@57.031C tj@58.156C soc1@58.156C VDD_IN 8902mW/8889mW VDD_CPU_GPU_CV 2826mW/2834mW VDD_SOC 2625mW/2625mW
08-04-2026 15:33:13 RAM 3815/7620MB (lfb 1x1MB) SWAP 2370/12002MB (cached 117MB) CPU [0%@1728,0%@1728,0%@1728,9%@1728,100%@1728,0%@1728] GR3D_FREQ 9% cpu@57.281C soc2@55.75C soc0@56.593C gpu@56.906C tj@58.343C soc1@58.343C VDD_IN 8902mW/8889mW VDD_CPU_GPU_CV 2826mW/2834mW VDD_SOC 2625mW/2625mW
08-04-2026 15:33:13 RAM 3815/7620MB (lfb 1x1MB) SWAP 2370/12002MB (cached 117MB) CPU [9%@1728,0%@1728,9%@1728,0%@1728,100%@1728,0%@1728] GR3D_FREQ 8% cpu@57.218C soc2@55.812C soc0@56.781C gpu@57.031C tj@58.437C soc1@58.437C VDD_IN 8902mW/8889mW VDD_CPU_GPU_CV 2826mW/2834mW VDD_SOC 2625mW/2625mW
08-04-2026 15:33:13 RAM 3815/7620MB (lfb 1x1MB) SWAP 2370/12002MB (cached 117MB) CPU [8%@1728,0%@1728,0%@1728,0%@1728,100%@1728,0%@1728] GR3D_FREQ 8% cpu@57.281C soc2@55.843C soc0@56.625C gpu@57C tj@58.093C soc1@58.093C VDD_IN 8902mW/8889mW VDD_CPU_GPU_CV 2826mW/2834mW VDD_SOC 2625mW/2625mW
08-04-2026 15:33:13 RAM 3815/7620MB (lfb 1x1MB) SWAP 2370/12002MB (cached 117MB) CPU [0%@1728,0%@1728,0%@1728,0%@1728,100%@1728,0%@1728] GR3D_FREQ 9% cpu@57.437C soc2@55.75C soc0@56.656C gpu@56.875C tj@58.187C soc1@58.187C VDD_IN 8902mW/8889mW VDD_CPU_GPU_CV 2826mW/2834mW VDD_SOC 2625mW/2625mW
08-04-2026 15:33:13 RAM 3815/7620MB (lfb 1x1MB) SWAP 2370/12002MB (cached 117MB) CPU [9%@1728,0%@1728,0%@1728,0%@1728,100%@1728,0%@1728] GR3D_FREQ 10% cpu@57.093C soc2@55.812C soc0@56.625C gpu@57.031C tj@58.281C soc1@58.281C VDD_IN 8902mW/8889mW VDD_CPU_GPU_CV 2826mW/2834mW VDD_SOC 2625mW/2625mW
08-04-2026 15:33:13 RAM 3815/7620MB (lfb 1x1MB) SWAP 2370/12002MB (cached 117MB) CPU [0%@1728,0%@1728,0%@1728,0%@1728,100%@1728,0%@1728] GR3D_FREQ 8% cpu@57.25C soc2@55.812C soc0@56.718C gpu@56.937C tj@58.312C soc1@58.312C VDD_IN 8902mW/8889mW VDD_CPU_GPU_CV 2826mW/2834mW VDD_SOC 2625mW/2625mW
08-04-2026 15:33:13 RAM 3815/7620MB (lfb 1x1MB) SWAP 2370/12002MB (cached 117MB) CPU [0%@1728,0%@1728,0%@1728,0%@1728,100%@1728,0%@1728] GR3D_FREQ 9% cpu@57.281C soc2@55.812C soc0@56.562C gpu@56.937C tj@58.156C soc1@58.156C VDD_IN 8902mW/8889mW VDD_CPU_GPU_CV 2826mW/2834mW VDD_SOC 2625mW/2625mW
08-04-2026 15:33:13 RAM 3815/7620MB (lfb 1x1MB) SWAP 2370/12002MB (cached 117MB) CPU [0%@1728,8%@1728,0%@1728,0%@1728,100%@1728,0%@1728] GR3D_FREQ 8% cpu@57.343C soc2@55.75C soc0@56.593C gpu@56.937C tj@58.218C soc1@58.218C VDD_IN 8861mW/8889mW VDD_CPU_GPU_CV 2826mW/2834mW VDD_SOC 2625mW/2625mW
08-04-2026 15:33:14 RAM 3815/7620MB (lfb 1x1MB) SWAP 2370/12002MB (cached 117MB) CPU [0%@1728,0%@1728,0%@1728,0%@1728,100%@1728,0%@1728] GR3D_FREQ 8% cpu@57.156C soc2@55.812C soc0@56.656C gpu@57C tj@58.187C soc1@58.156C VDD_IN 8861mW/8889mW VDD_CPU_GPU_CV 2826mW/2834mW VDD_SOC 2625mW/2625mW
08-04-2026 15:33:14 RAM 3822/7620MB (lfb 1x1MB) SWAP 2370/12002MB (cached 117MB) CPU [0%@1728,0%@1728,0%@1728,9%@1728,100%@1728,0%@1728] GR3D_FREQ 9% cpu@57.156C soc2@55.781C soc0@56.781C gpu@56.781C tj@58.218C soc1@58.218C VDD_IN 8943mW/8889mW VDD_CPU_GPU_CV 2867mW/2834mW VDD_SOC 2625mW/2625mW
08-04-2026 15:33:14 RAM 3817/7620MB (lfb 1x1MB) SWAP 2370/12002MB (cached 117MB) CPU [23%@1728,9%@1728,9%@1728,0%@1728,100%@1728,0%@1728] GR3D_FREQ 8% cpu@57.156C soc2@55.812C soc0@56.812C gpu@57C tj@58.468C soc1@58.468C VDD_IN 8984mW/8889mW VDD_CPU_GPU_CV 2867mW/2834mW VDD_SOC 2625mW/2625mW
08-04-2026 15:33:14 RAM 3817/7620MB (lfb 1x1MB) SWAP 2370/12002MB (cached 117MB) CPU [0%@1728,0%@1728,0%@1728,10%@1728,100%@1728,0%@1728] GR3D_FREQ 8% cpu@57.343C soc2@55.812C soc0@56.531C gpu@56.968C tj@58.125C soc1@58.125C VDD_IN 8943mW/8889mW VDD_CPU_GPU_CV 2867mW/2834mW VDD_SOC 2625mW/2625mW
08-04-2026 15:33:14 RAM 3817/7620MB (lfb 1x1MB) SWAP 2370/12002MB (cached 117MB) CPU [0%@1728,0%@1728,0%@1728,0%@1728,100%@1728,0%@1728] GR3D_FREQ 8% cpu@57.125C soc2@55.812C soc0@56.625C gpu@56.843C tj@58.25C soc1@58.218C VDD_IN 8943mW/8889mW VDD_CPU_GPU_CV 2867mW/2834mW VDD_SOC 2625mW/2625mW
08-04-2026 15:33:14 RAM 3817/7620MB (lfb 1x1MB) SWAP 2370/12002MB (cached 117MB) CPU [0%@1728,0%@1728,0%@1728,0%@1728,100%@1728,0%@1728] GR3D_FREQ 9% cpu@57.281C soc2@55.812C soc0@56.718C gpu@56.968C tj@58.281C soc1@58.281C VDD_IN 8943mW/8889mW VDD_CPU_GPU_CV 2826mW/2834mW VDD_SOC 2625mW/2625mW
08-04-2026 15:33:14 RAM 3817/7620MB (lfb 1x1MB) SWAP 2370/12002MB (cached 117MB) CPU [0%@1728,0%@1728,0%@1728,0%@1728,100%@1728,8%@1728] GR3D_FREQ 10% cpu@57.187C soc2@55.812C soc0@56.687C gpu@56.937C tj@58.437C soc1@58.437C VDD_IN 8902mW/8889mW VDD_CPU_GPU_CV 2826mW/2834mW VDD_SOC 2625mW/2625mW
08-04-2026 15:33:14 RAM 3817/7620MB (lfb 1x1MB) SWAP 2370/12002MB (cached 117MB) CPU [9%@1728,0%@1728,0%@1728,0%@1728,100%@1728,0%@1728] GR3D_FREQ 8% cpu@57.218C soc2@55.875C soc0@56.5C gpu@56.875C tj@58.187C soc1@58.187C VDD_IN 8902mW/8889mW VDD_CPU_GPU_CV 2826mW/2834mW VDD_SOC 2625mW/2625mW
08-04-2026 15:33:14 RAM 3817/7620MB (lfb 1x1MB) SWAP 2370/12002MB (cached 117MB) CPU [0%@1728,0%@1728,0%@1728,8%@1728,100%@1728,0%@1728] GR3D_FREQ 9% cpu@57.187C soc2@55.75C soc0@56.656C gpu@56.968C tj@58.187C soc1@58.187C VDD_IN 8902mW/8889mW VDD_CPU_GPU_CV 2826mW/2834mW VDD_SOC 2625mW/2625mW
08-04-2026 15:33:15 RAM 3817/7620MB (lfb 1x1MB) SWAP 2370/12002MB (cached 117MB) CPU [0%@1728,0%@1728,0%@1728,0%@1728,100%@1728,0%@1728] GR3D_FREQ 8% cpu@57.125C soc2@55.718C soc0@56.687C gpu@56.906C tj@58.281C soc1@58.281C VDD_IN 8902mW/8889mW VDD_CPU_GPU_CV 2826mW/2834mW VDD_SOC 2625mW/2625mW
08-04-2026 15:33:15 RAM 3817/7620MB (lfb 1x1MB) SWAP 2370/12002MB (cached 117MB) CPU [0%@1728,0%@1728,0%@1728,0%@1728,100%@1728,0%@1728] GR3D_FREQ 9% cpu@57.25C soc2@55.781C soc0@56.718C gpu@56.968C tj@58.312C soc1@58.312C VDD_IN 8902mW/8889mW VDD_CPU_GPU_CV 2826mW/2834mW VDD_SOC 2625mW/2625mW
08-04-2026 15:33:15 RAM 3817/7620MB (lfb 1x1MB) SWAP 2370/12002MB (cached 117MB) CPU [9%@1728,0%@1728,9%@1728,0%@1728,100%@1728,0%@1728] GR3D_FREQ 9% cpu@57.343C soc2@55.875C soc0@56.937C gpu@56.968C tj@58.187C soc1@58.187C VDD_IN 8902mW/8889mW VDD_CPU_GPU_CV 2826mW/2834mW VDD_SOC 2625mW/2625mW
08-04-2026 15:33:15 RAM 3817/7620MB (lfb 1x1MB) SWAP 2370/12002MB (cached 117MB) CPU [0%@1728,9%@1728,0%@1728,0%@1728,100%@1728,0%@1728] GR3D_FREQ 8% cpu@57.312C soc2@55.781C soc0@56.687C gpu@56.906C tj@58.062C soc1@58.062C VDD_IN 8902mW/8889mW VDD_CPU_GPU_CV 2826mW/2834mW VDD_SOC 2625mW/2625mW
08-04-2026 15:33:15 RAM 3818/7620MB (lfb 1x1MB) SWAP 2370/12002MB (cached 117MB) CPU [0%@1728,0%@1728,0%@1728,0%@1728,100%@1728,0%@1728] GR3D_FREQ 8% cpu@57.218C soc2@55.812C soc0@56.625C gpu@57.031C tj@58.312C soc1@58.312C VDD_IN 8902mW/8889mW VDD_CPU_GPU_CV 2826mW/2834mW VDD_SOC 2625mW/2625mW
08-04-2026 15:33:15 RAM 3818/7620MB (lfb 1x1MB) SWAP 2370/12002MB (cached 117MB) CPU [9%@1728,0%@1728,0%@1728,9%@1728,100%@1728,0%@1728] GR3D_FREQ 8% cpu@57.218C soc2@55.781C soc0@56.656C gpu@56.937C tj@58.281C soc1@58.281C VDD_IN 8902mW/8889mW VDD_CPU_GPU_CV 2826mW/2834mW VDD_SOC 2625mW/2625mW
08-04-2026 15:33:15 RAM 3818/7620MB (lfb 1x1MB) SWAP 2370/12002MB (cached 117MB) CPU [0%@1728,0%@1728,0%@1728,0%@1728,100%@1728,0%@1728] GR3D_FREQ 9% cpu@57.156C soc2@55.812C soc0@56.812C gpu@56.906C tj@58.437C soc1@58.437C VDD_IN 8902mW/8889mW VDD_CPU_GPU_CV 2826mW/2834mW VDD_SOC 2625mW/2625mW
08-04-2026 15:33:15 RAM 3818/7620MB (lfb 1x1MB) SWAP 2370/12002MB (cached 117MB) CPU [0%@1728,0%@1728,0%@1728,0%@1728,100%@1728,0%@1728] GR3D_FREQ 9% cpu@57.281C soc2@55.75C soc0@56.625C gpu@57.062C tj@58.187C soc1@58.187C VDD_IN 8902mW/8889mW VDD_CPU_GPU_CV 2826mW/2834mW VDD_SOC 2625mW/2625mW
08-04-2026 15:33:15 RAM 3818/7620MB (lfb 1x1MB) SWAP 2370/12002MB (cached 117MB) CPU [0%@1728,0%@1728,0%@1728,0%@1728,100%@1728,0%@1728] GR3D_FREQ 8% cpu@57.125C soc2@55.781C soc0@56.687C gpu@56.968C tj@58.156C soc1@58.156C VDD_IN 8902mW/8889mW VDD_CPU_GPU_CV 2826mW/2834mW VDD_SOC 2625mW/2625mW
08-04-2026 15:33:15 RAM 3818/7620MB (lfb 1x1MB) SWAP 2370/12002MB (cached 117MB) CPU [0%@1728,0%@1728,0%@1728,0%@1728,100%@1728,0%@1728] GR3D_FREQ 9% cpu@57.187C soc2@55.812C soc0@56.625C gpu@56.906C tj@58.281C soc1@58.281C VDD_IN 8902mW/8889mW VDD_CPU_GPU_CV 2826mW/2834mW VDD_SOC 2625mW/2625mW
08-04-2026 15:33:16 RAM 3818/7620MB (lfb 1x1MB) SWAP 2370/12002MB (cached 117MB) CPU [0%@1728,0%@1728,0%@1728,0%@1728,100%@1728,0%@1728] GR3D_FREQ 8% cpu@57.187C soc2@55.812C soc0@56.687C gpu@57C tj@58.406C soc1@58.406C VDD_IN 8902mW/8889mW VDD_CPU_GPU_CV 2826mW/2834mW VDD_SOC 2625mW/2625mW
08-04-2026 15:33:16 RAM 3818/7620MB (lfb 1x1MB) SWAP 2370/12002MB (cached 117MB) CPU [9%@1728,0%@1728,0%@1728,0%@1728,100%@1728,0%@1728] GR3D_FREQ 9% cpu@57.312C soc2@55.812C soc0@56.562C gpu@56.937C tj@58.125C soc1@58.125C VDD_IN 8902mW/8889mW VDD_CPU_GPU_CV 2826mW/2834mW VDD_SOC 2625mW/2625mW
08-04-2026 15:33:16 RAM 3818/7620MB (lfb 1x1MB) SWAP 2370/12002MB (cached 117MB) CPU [0%@1728,9%@1728,9%@1728,0%@1728,100%@1728,0%@1728] GR3D_FREQ 9% cpu@57.218C soc2@55.812C soc0@56.625C gpu@56.906C tj@58.156C soc1@58.156C VDD_IN 8902mW/8889mW VDD_CPU_GPU_CV 2867mW/2834mW VDD_SOC 2625mW/2625mW
08-04-2026 15:33:16 RAM 3818/7620MB (lfb 1x1MB) SWAP 2370/12002MB (cached 117MB) CPU [0%@1728,0%@1728,0%@1728,0%@1728,100%@1728,0%@1728] GR3D_FREQ 8% cpu@57.156C soc2@55.843C soc0@56.625C gpu@57.031C tj@58.187C soc1@58.187C VDD_IN 8902mW/8889mW VDD_CPU_GPU_CV 2867mW/2834mW VDD_SOC 2625mW/2625mW
08-04-2026 15:33:16 RAM 3818/7620MB (lfb 1x1MB) SWAP 2370/12002MB (cached 117MB) CPU [9%@1728,0%@1728,0%@1728,0%@1728,100%@1728,0%@1728] GR3D_FREQ 8% cpu@57.25C soc2@55.812C soc0@56.562C gpu@56.937C tj@58.312C soc1@58.281C VDD_IN 8902mW/8889mW VDD_CPU_GPU_CV 2826mW/2834mW VDD_SOC 2625mW/2625mW
08-04-2026 15:33:16 RAM 3818/7620MB (lfb 1x1MB) SWAP 2370/12002MB (cached 117MB) CPU [9%@1728,0%@1728,0%@1728,8%@1728,100%@1728,0%@1728] GR3D_FREQ 8% cpu@57.218C soc2@55.906C soc0@56.812C gpu@56.812C tj@58.406C soc1@58.406C VDD_IN 8902mW/8889mW VDD_CPU_GPU_CV 2826mW/2834mW VDD_SOC 2625mW/2625mW
08-04-2026 15:33:16 RAM 3818/7620MB (lfb 1x1MB) SWAP 2370/12002MB (cached 117MB) CPU [0%@1728,0%@1728,0%@1728,0%@1728,100%@1728,0%@1728] GR3D_FREQ 9% cpu@57.281C soc2@55.781C soc0@56.562C gpu@56.968C tj@58.218C soc1@58.218C VDD_IN 8902mW/8889mW VDD_CPU_GPU_CV 2826mW/2834mW VDD_SOC 2625mW/2625mW
08-04-2026 15:33:16 RAM 3818/7620MB (lfb 1x1MB) SWAP 2370/12002MB (cached 117MB) CPU [8%@1728,0%@1728,0%@1728,0%@1728,100%@1728,0%@1728] GR3D_FREQ 9% cpu@57.25C soc2@55.75C soc0@56.593C gpu@56.875C tj@58.093C soc1@58.156C VDD_IN 8902mW/8890mW VDD_CPU_GPU_CV 2826mW/2834mW VDD_SOC 2625mW/2625mW
08-04-2026 15:33:16 RAM 3818/7620MB (lfb 1x1MB) SWAP 2370/12002MB (cached 117MB) CPU [0%@1728,0%@1728,0%@1728,0%@1728,100%@1728,0%@1728] GR3D_FREQ 8% cpu@57.187C soc2@55.812C soc0@56.687C gpu@57.031C tj@58.25C soc1@58.25C VDD_IN 8902mW/8890mW VDD_CPU_GPU_CV 2826mW/2834mW VDD_SOC 2625mW/2625mW
08-04-2026 15:33:17 RAM 3818/7620MB (lfb 1x1MB) SWAP 2370/12002MB (cached 117MB) CPU [0%@1728,0%@1728,0%@1728,0%@1728,100%@1728,0%@1728] GR3D_FREQ 9% cpu@57.187C soc2@55.875C soc0@56.625C gpu@56.906C tj@58.375C soc1@58.375C VDD_IN 8861mW/8889mW VDD_CPU_GPU_CV 2826mW/2834mW VDD_SOC 2625mW/2625mW
08-04-2026 15:33:17 RAM 3818/7620MB (lfb 1x1MB) SWAP 2370/12002MB (cached 117MB) CPU [0%@1728,0%@1728,0%@1728,0%@1728,100%@1728,0%@1728] GR3D_FREQ 8% cpu@57.343C soc2@55.843C soc0@56.468C gpu@56.812C tj@58.125C soc1@58.125C VDD_IN 8902mW/8889mW VDD_CPU_GPU_CV 2826mW/2834mW VDD_SOC 2625mW/2625mW
08-04-2026 15:33:17 RAM 3818/7620MB (lfb 1x1MB) SWAP 2370/12002MB (cached 117MB) CPU [0%@1728,0%@1728,0%@1728,0%@1728,100%@1728,0%@1728] GR3D_FREQ 10% cpu@57.375C soc2@55.781C soc0@56.593C gpu@57.031C tj@58.156C soc1@58.156C VDD_IN 8902mW/8890mW VDD_CPU_GPU_CV 2826mW/2834mW VDD_SOC 2625mW/2625mW
08-04-2026 15:33:17 RAM 3818/7620MB (lfb 1x1MB) SWAP 2370/12002MB (cached 117MB) CPU [0%@1728,0%@1728,0%@1728,0%@1728,100%@1728,0%@1728] GR3D_FREQ 9% cpu@57.125C soc2@55.812C soc0@56.656C gpu@56.968C tj@58.156C soc1@58.156C VDD_IN 8902mW/8890mW VDD_CPU_GPU_CV 2826mW/2834mW VDD_SOC 2625mW/2625mW
08-04-2026 15:33:17 RAM 3815/7620MB (lfb 1x1MB) SWAP 2370/12002MB (cached 117MB) CPU [20%@1728,9%@1728,0%@1728,9%@1728,100%@1728,0%@1728] GR3D_FREQ 8% cpu@57.218C soc2@55.812C soc0@56.75C gpu@56.875C tj@58.25C soc1@58.312C VDD_IN 8943mW/8890mW VDD_CPU_GPU_CV 2867mW/2834mW VDD_SOC 2625mW/2625mW
08-04-2026 15:33:17 RAM 3815/7620MB (lfb 1x1MB) SWAP 2370/12002MB (cached 117MB) CPU [9%@1728,0%@1728,0%@1728,0%@1728,100%@1728,0%@1728] GR3D_FREQ 8% cpu@57.343C soc2@55.812C soc0@56.812C gpu@57.031C tj@58.437C soc1@58.437C VDD_IN 8943mW/8890mW VDD_CPU_GPU_CV 2867mW/2834mW VDD_SOC 2625mW/2625mW
08-04-2026 15:33:17 RAM 3815/7620MB (lfb 1x1MB) SWAP 2370/12002MB (cached 117MB) CPU [0%@1728,0%@1728,0%@1728,0%@1728,100%@1728,8%@1728] GR3D_FREQ 9% cpu@57.343C soc2@55.75C soc0@56.687C gpu@56.906C tj@58.187C soc1@58.187C VDD_IN 8943mW/8890mW VDD_CPU_GPU_CV 2867mW/2834mW VDD_SOC 2625mW/2625mW
08-04-2026 15:33:17 RAM 3815/7620MB (lfb 1x1MB) SWAP 2370/12002MB (cached 117MB) CPU [0%@1728,0%@1728,0%@1728,0%@1728,100%@1728,0%@1728] GR3D_FREQ 11% cpu@57.187C soc2@55.781C soc0@56.687C gpu@56.875C tj@58.25C soc1@58.25C VDD_IN 8902mW/8890mW VDD_CPU_GPU_CV 2867mW/2834mW VDD_SOC 2625mW/2625mW
08-04-2026 15:33:17 RAM 3815/7620MB (lfb 1x1MB) SWAP 2370/12002MB (cached 117MB) CPU [9%@1728,0%@1728,8%@1728,0%@1728,100%@1728,0%@1728] GR3D_FREQ 8% cpu@57.187C soc2@55.781C soc0@56.687C gpu@57.031C tj@58.25C soc1@58.25C VDD_IN 8902mW/8890mW VDD_CPU_GPU_CV 2867mW/2834mW VDD_SOC 2625mW/2625mW
08-04-2026 15:33:17 RAM 3815/7620MB (lfb 1x1MB) SWAP 2370/12002MB (cached 117MB) CPU [9%@1728,8%@1728,0%@1728,0%@1728,100%@1728,0%@1728] GR3D_FREQ 8% cpu@57.281C soc2@55.781C soc0@56.812C gpu@56.937C tj@58.437C soc1@58.437C VDD_IN 8902mW/8890mW VDD_CPU_GPU_CV 2867mW/2834mW VDD_SOC 2625mW/2625mW
08-04-2026 15:33:18 RAM 3815/7620MB (lfb 1x1MB) SWAP 2370/12002MB (cached 117MB) CPU [0%@1728,0%@1728,0%@1728,0%@1728,100%@1728,0%@1728] GR3D_FREQ 9% cpu@57.281C soc2@55.843C soc0@56.593C gpu@56.875C tj@58.125C soc1@58.125C VDD_IN 8902mW/8890mW VDD_CPU_GPU_CV 2826mW/2834mW VDD_SOC 2625mW/2625mW
08-04-2026 15:33:18 RAM 3815/7620MB (lfb 1x1MB) SWAP 2370/12002MB (cached 117MB) CPU [0%@1728,0%@1728,0%@1728,0%@1728,100%@1728,0%@1728] GR3D_FREQ 9% cpu@57.156C soc2@55.781C soc0@56.656C gpu@56.968C tj@58.187C soc1@58.187C VDD_IN 8902mW/8890mW VDD_CPU_GPU_CV 2826mW/2834mW VDD_SOC 2625mW/2625mW
08-04-2026 15:33:18 RAM 3815/7620MB (lfb 1x1MB) SWAP 2370/12002MB (cached 117MB) CPU [0%@1728,8%@1728,0%@1728,0%@1728,100%@1728,8%@1728] GR3D_FREQ 11% cpu@57.093C soc2@55.781C soc0@56.687C gpu@56.937C tj@58.218C soc1@58.218C VDD_IN 8902mW/8890mW VDD_CPU_GPU_CV 2826mW/2834mW VDD_SOC 2625mW/2625mW
08-04-2026 15:33:18 RAM 3815/7620MB (lfb 1x1MB) SWAP 2370/12002MB (cached 117MB) CPU [0%@1728,0%@1728,9%@1728,0%@1728,100%@1728,0%@1728] GR3D_FREQ 9% cpu@57.218C soc2@55.75C soc0@56.75C gpu@56.875C tj@58.406C soc1@58.406C VDD_IN 8902mW/8890mW VDD_CPU_GPU_CV 2867mW/2834mW VDD_SOC 2625mW/2625mW
08-04-2026 15:33:18 RAM 3815/7620MB (lfb 1x1MB) SWAP 2370/12002MB (cached 117MB) CPU [0%@1728,9%@1728,0%@1728,0%@1728,100%@1728,0%@1728] GR3D_FREQ 8% cpu@57.25C soc2@55.937C soc0@56.562C gpu@56.937C tj@58.156C soc1@58.156C VDD_IN 8902mW/8890mW VDD_CPU_GPU_CV 2826mW/2834mW VDD_SOC 2625mW/2625mW
08-04-2026 15:33:18 RAM 3815/7620MB (lfb 1x1MB) SWAP 2370/12002MB (cached 117MB) CPU [0%@1728,0%@1728,0%@1728,0%@1728,100%@1728,0%@1728] GR3D_FREQ 8% cpu@57.187C soc2@55.75C soc0@56.656C gpu@56.937C tj@58.187C soc1@58.187C VDD_IN 8902mW/8890mW VDD_CPU_GPU_CV 2826mW/2834mW VDD_SOC 2625mW/2625mW
08-04-2026 15:33:18 RAM 3815/7620MB (lfb 1x1MB) SWAP 2370/12002MB (cached 117MB) CPU [0%@1728,0%@1728,0%@1728,0%@1728,100%@1728,0%@1728] GR3D_FREQ 9% cpu@57.125C soc2@55.812C soc0@56.687C gpu@56.906C tj@58.25C soc1@58.25C VDD_IN 8902mW/8890mW VDD_CPU_GPU_CV 2826mW/2834mW VDD_SOC 2625mW/2625mW
08-04-2026 15:33:18 RAM 3815/7620MB (lfb 1x1MB) SWAP 2370/12002MB (cached 117MB) CPU [0%@1728,8%@1728,0%@1728,0%@1728,100%@1728,0%@1728] GR3D_FREQ 10% cpu@57.187C soc2@55.812C soc0@56.75C gpu@57.031C tj@58.343C soc1@58.343C VDD_IN 8902mW/8890mW VDD_CPU_GPU_CV 2826mW/2834mW VDD_SOC 2625mW/2625mW
08-04-2026 15:33:18 RAM 3815/7620MB (lfb 1x1MB) SWAP 2370/12002MB (cached 117MB) CPU [0%@1728,0%@1728,0%@1728,0%@1728,100%@1728,0%@1728] GR3D_FREQ 8% cpu@57.25C soc2@55.843C soc0@56.875C gpu@56.875C tj@58.468C soc1@58.468C VDD_IN 8861mW/8890mW VDD_CPU_GPU_CV 2826mW/2834mW VDD_SOC 2625mW/2625mW
08-04-2026 15:33:19 RAM 3815/7620MB (lfb 1x1MB) SWAP 2370/12002MB (cached 117MB) CPU [0%@1728,0%@1728,0%@1728,0%@1728,100%@1728,0%@1728] GR3D_FREQ 8% cpu@57.343C soc2@55.718C soc0@56.593C gpu@57C tj@58.125C soc1@58.125C VDD_IN 8861mW/8890mW VDD_CPU_GPU_CV 2826mW/2834mW VDD_SOC 2625mW/2625mW
08-04-2026 15:33:19 RAM 3815/7620MB (lfb 1x1MB) SWAP 2370/12002MB (cached 117MB) CPU [9%@1728,0%@1728,0%@1728,0%@1728,100%@1728,0%@1728] GR3D_FREQ 9% cpu@57.218C soc2@55.812C soc0@56.562C gpu@56.968C tj@58.093C soc1@58.093C VDD_IN 8861mW/8890mW VDD_CPU_GPU_CV 2826mW/2834mW VDD_SOC 2625mW/2625mW
08-04-2026 15:33:19 RAM 3815/7620MB (lfb 1x1MB) SWAP 2370/12002MB (cached 117MB) CPU [9%@1728,0%@1728,9%@1728,0%@1728,100%@1728,0%@1728] GR3D_FREQ 9% cpu@57.218C soc2@55.812C soc0@56.718C gpu@56.812C tj@58.187C soc1@58.187C VDD_IN 8902mW/8890mW VDD_CPU_GPU_CV 2826mW/2834mW VDD_SOC 2625mW/2625mW
08-04-2026 15:33:19 RAM 3815/7620MB (lfb 1x1MB) SWAP 2370/12002MB (cached 117MB) CPU [0%@1728,0%@1728,0%@1728,0%@1728,100%@1728,0%@1728] GR3D_FREQ 9% cpu@57.156C soc2@55.843C soc0@56.875C gpu@56.968C tj@58.406C soc1@58.406C VDD_IN 8902mW/8890mW VDD_CPU_GPU_CV 2867mW/2834mW VDD_SOC 2625mW/2625mW
08-04-2026 15:33:19 RAM 3815/7620MB (lfb 1x1MB) SWAP 2370/12002MB (cached 117MB) CPU [0%@1728,0%@1728,0%@1728,0%@1728,100%@1728,0%@1728] GR3D_FREQ 9% cpu@57.218C soc2@55.906C soc0@56.625C gpu@57.031C tj@58.093C soc1@58.093C VDD_IN 8902mW/8890mW VDD_CPU_GPU_CV 2826mW/2834mW VDD_SOC 2625mW/2625mW
08-04-2026 15:33:19 RAM 3815/7620MB (lfb 1x1MB) SWAP 2370/12002MB (cached 117MB) CPU [0%@1728,0%@1728,0%@1728,0%@1728,100%@1728,0%@1728] GR3D_FREQ 8% cpu@57.187C soc2@55.781C soc0@56.656C gpu@56.906C tj@58.156C soc1@58.156C VDD_IN 8861mW/8890mW VDD_CPU_GPU_CV 2826mW/2834mW VDD_SOC 2625mW/2625mW
08-04-2026 15:33:19 RAM 3815/7620MB (lfb 1x1MB) SWAP 2370/12002MB (cached 117MB) CPU [9%@1728,0%@1728,0%@1728,0%@1728,100%@1728,0%@1728] GR3D_FREQ 8% cpu@57.156C soc2@55.812C soc0@56.718C gpu@57C tj@58.25C soc1@58.25C VDD_IN 8861mW/8890mW VDD_CPU_GPU_CV 2826mW/2834mW VDD_SOC 2625mW/2625mW
08-04-2026 15:33:19 RAM 3815/7620MB (lfb 1x1MB) SWAP 2370/12002MB (cached 117MB) CPU [0%@1728,0%@1728,0%@1728,0%@1728,100%@1728,0%@1728] GR3D_FREQ 9% cpu@57.187C soc2@55.781C soc0@56.625C gpu@56.875C tj@58.312C soc1@58.312C VDD_IN 8861mW/8890mW VDD_CPU_GPU_CV 2826mW/2834mW VDD_SOC 2625mW/2625mW
08-04-2026 15:33:19 RAM 3815/7620MB (lfb 1x1MB) SWAP 2370/12002MB (cached 117MB) CPU [0%@1728,0%@1728,0%@1728,0%@1728,100%@1728,0%@1728] GR3D_FREQ 8% cpu@57.187C soc2@55.875C soc0@56.843C gpu@56.875C tj@58.406C soc1@58.406C VDD_IN 8861mW/8890mW VDD_CPU_GPU_CV 2826mW/2834mW VDD_SOC 2625mW/2625mW
08-04-2026 15:33:19 RAM 3815/7620MB (lfb 1x1MB) SWAP 2370/12002MB (cached 117MB) CPU [0%@1728,0%@1728,0%@1728,0%@1728,100%@1728,0%@1728] GR3D_FREQ 8% cpu@57.375C soc2@55.812C soc0@56.625C gpu@57C tj@58.125C soc1@58.125C VDD_IN 8861mW/8890mW VDD_CPU_GPU_CV 2826mW/2834mW VDD_SOC 2625mW/2625mW
08-04-2026 15:33:20 RAM 3815/7620MB (lfb 1x1MB) SWAP 2370/12002MB (cached 117MB) CPU [0%@1728,9%@1728,0%@1728,0%@1728,100%@1728,0%@1728] GR3D_FREQ 8% cpu@57.156C soc2@55.781C soc0@56.687C gpu@56.875C tj@58.218C soc1@58.218C VDD_IN 8902mW/8890mW VDD_CPU_GPU_CV 2826mW/2834mW VDD_SOC 2625mW/2625mW
08-04-2026 15:33:20 RAM 3815/7620MB (lfb 1x1MB) SWAP 2370/12002MB (cached 117MB) CPU [0%@1728,0%@1728,9%@1728,9%@1728,100%@1728,0%@1728] GR3D_FREQ 9% cpu@57.156C soc2@55.781C soc0@56.718C gpu@56.875C tj@58.312C soc1@58.312C VDD_IN 8902mW/8890mW VDD_CPU_GPU_CV 2826mW/2834mW VDD_SOC 2625mW/2625mW
08-04-2026 15:33:20 RAM 3815/7620MB (lfb 1x1MB) SWAP 2370/12002MB (cached 117MB) CPU [0%@1728,0%@1728,0%@1728,0%@1728,100%@1728,0%@1728] GR3D_FREQ 10% cpu@57.187C soc2@55.812C soc0@56.843C gpu@56.937C tj@58.468C soc1@58.468C VDD_IN 8902mW/8890mW VDD_CPU_GPU_CV 2867mW/2834mW VDD_SOC 2625mW/2625mW
08-04-2026 15:33:20 RAM 3815/7620MB (lfb 1x1MB) SWAP 2370/12002MB (cached 117MB) CPU [0%@1728,0%@1728,0%@1728,0%@1728,100%@1728,0%@1728] GR3D_FREQ 8% cpu@57.281C soc2@55.781C soc0@56.625C gpu@56.875C tj@58.187C soc1@58.187C VDD_IN 8902mW/8890mW VDD_CPU_GPU_CV 2867mW/2834mW VDD_SOC 2625mW/2625mW
08-04-2026 15:33:20 RAM 3815/7620MB (lfb 1x1MB) SWAP 2370/12002MB (cached 117MB) CPU [0%@1728,9%@1728,0%@1728,0%@1728,100%@1728,0%@1728] GR3D_FREQ 9% cpu@57.093C soc2@55.781C soc0@56.687C gpu@56.875C tj@58.218C soc1@58.218C VDD_IN 8902mW/8890mW VDD_CPU_GPU_CV 2826mW/2834mW VDD_SOC 2625mW/2625mW
08-04-2026 15:33:20 RAM 3815/7620MB (lfb 1x1MB) SWAP 2370/12002MB (cached 117MB) CPU [10%@1728,0%@1728,8%@1728,9%@1728,100%@1728,0%@1728] GR3D_FREQ 8% cpu@57.156C soc2@55.812C soc0@56.75C gpu@56.968C tj@58.25C soc1@58.25C VDD_IN 8902mW/8890mW VDD_CPU_GPU_CV 2826mW/2834mW VDD_SOC 2625mW/2625mW
08-04-2026 15:33:20 RAM 3817/7620MB (lfb 1x1MB) SWAP 2370/12002MB (cached 117MB) CPU [9%@1728,0%@1728,9%@1728,30%@1728,100%@1728,0%@1728] GR3D_FREQ 9% cpu@57.375C soc2@55.875C soc0@56.781C gpu@56.875C tj@58.343C soc1@58.343C VDD_IN 8984mW/8890mW VDD_CPU_GPU_CV 2908mW/2834mW VDD_SOC 2625mW/2625mW
08-04-2026 15:33:20 RAM 3817/7620MB (lfb 1x1MB) SWAP 2370/12002MB (cached 117MB) CPU [0%@1728,0%@1728,10%@1728,0%@1728,100%@1728,0%@1728] GR3D_FREQ 9% cpu@57.312C soc2@55.875C soc0@56.625C gpu@56.906C tj@58.093C soc1@58.093C VDD_IN 8984mW/8890mW VDD_CPU_GPU_CV 2908mW/2834mW VDD_SOC 2625mW/2625mW
08-04-2026 15:33:20 RAM 3817/7620MB (lfb 1x1MB) SWAP 2370/12002MB (cached 117MB) CPU [0%@1728,0%@1728,0%@1728,9%@1728,100%@1728,0%@1728] GR3D_FREQ 8% cpu@57.156C soc2@55.812C soc0@56.593C gpu@56.968C tj@58.187C soc1@58.187C VDD_IN 8943mW/8890mW VDD_CPU_GPU_CV 2867mW/2834mW VDD_SOC 2625mW/2625mW
08-04-2026 15:33:21 RAM 3817/7620MB (lfb 1x1MB) SWAP 2370/12002MB (cached 117MB) CPU [0%@1728,0%@1728,0%@1728,0%@1728,100%@1728,0%@1728] GR3D_FREQ 8% cpu@57.156C soc2@55.812C soc0@56.781C gpu@56.875C tj@58.187C soc1@58.187C VDD_IN 8943mW/8890mW VDD_CPU_GPU_CV 2867mW/2834mW VDD_SOC 2625mW/2625mW
08-04-2026 15:33:21 RAM 3817/7620MB (lfb 1x1MB) SWAP 2370/12002MB (cached 117MB) CPU [9%@1728,0%@1728,0%@1728,0%@1728,100%@1728,0%@1728] GR3D_FREQ 8% cpu@57.218C soc2@55.812C soc0@56.718C gpu@56.937C tj@58.375C soc1@58.375C VDD_IN 8902mW/8890mW VDD_CPU_GPU_CV 2867mW/2834mW VDD_SOC 2625mW/2625mW
08-04-2026 15:33:21 RAM 3817/7620MB (lfb 1x1MB) SWAP 2370/12002MB (cached 117MB) CPU [0%@1728,9%@1728,0%@1728,0%@1728,100%@1728,0%@1728] GR3D_FREQ 9% cpu@57.281C soc2@55.875C soc0@56.875C gpu@57.031C tj@58.437C soc1@58.437C VDD_IN 8902mW/8890mW VDD_CPU_GPU_CV 2867mW/2834mW VDD_SOC 2625mW/2625mW
08-04-2026 15:33:21 RAM 3817/7620MB (lfb 1x1MB) SWAP 2370/12002MB (cached 117MB) CPU [0%@1728,0%@1728,0%@1728,0%@1728,100%@1728,0%@1728] GR3D_FREQ 9% cpu@57.343C soc2@55.812C soc0@56.593C gpu@56.906C tj@58.218C soc1@58.218C VDD_IN 8902mW/8890mW VDD_CPU_GPU_CV 2867mW/2834mW VDD_SOC 2625mW/2625mW
08-04-2026 15:33:21 RAM 3817/7620MB (lfb 1x1MB) SWAP 2370/12002MB (cached 117MB) CPU [0%@1728,0%@1728,0%@1728,0%@1728,100%@1728,0%@1728] GR3D_FREQ 8% cpu@57.156C soc2@55.781C soc0@56.718C gpu@57.031C tj@58.312C soc1@58.312C VDD_IN 8902mW/8890mW VDD_CPU_GPU_CV 2867mW/2835mW VDD_SOC 2625mW/2625mW
08-04-2026 15:33:21 RAM 3817/7620MB (lfb 1x1MB) SWAP 2370/12002MB (cached 117MB) CPU [0%@1728,0%@1728,0%@1728,0%@1728,100%@1728,0%@1728] GR3D_FREQ 9% cpu@57.218C soc2@55.875C soc0@56.593C gpu@56.937C tj@58.281C soc1@58.281C VDD_IN 8902mW/8890mW VDD_CPU_GPU_CV 2867mW/2835mW VDD_SOC 2625mW/2625mW
08-04-2026 15:33:21 RAM 3817/7620MB (lfb 1x1MB) SWAP 2370/12002MB (cached 117MB) CPU [0%@1728,0%@1728,0%@1728,16%@1728,100%@1728,0%@1728] GR3D_FREQ 8% cpu@57.312C soc2@55.781C soc0@56.875C gpu@56.812C tj@58.437C soc1@58.437C VDD_IN 8902mW/8890mW VDD_CPU_GPU_CV 2826mW/2835mW VDD_SOC 2625mW/2625mW
08-04-2026 15:33:21 RAM 3817/7620MB (lfb 1x1MB) SWAP 2370/12002MB (cached 117MB) CPU [0%@1728,0%@1728,0%@1728,0%@1728,100%@1728,0%@1728] GR3D_FREQ 10% cpu@57.25C soc2@55.75C soc0@56.625C gpu@56.968C tj@58.187C soc1@58.187C VDD_IN 8902mW/8890mW VDD_CPU_GPU_CV 2826mW/2835mW VDD_SOC 2625mW/2625mW
08-04-2026 15:33:21 RAM 3817/7620MB (lfb 1x1MB) SWAP 2370/12002MB (cached 117MB) CPU [8%@1728,0%@1728,0%@1728,0%@1728,100%@1728,0%@1728] GR3D_FREQ 9% cpu@57.187C soc2@55.718C soc0@56.656C gpu@57C tj@58.125C soc1@58.125C VDD_IN 8902mW/8890mW VDD_CPU_GPU_CV 2826mW/2835mW VDD_SOC 2625mW/2625mW
08-04-2026 15:33:21 RAM 3817/7620MB (lfb 1x1MB) SWAP 2370/12002MB (cached 117MB) CPU [0%@1728,0%@1728,0%@1728,0%@1728,100%@1728,0%@1728] GR3D_FREQ 8% cpu@57.25C soc2@55.812C soc0@56.687C gpu@56.875C tj@58.281C soc1@58.281C VDD_IN 8861mW/8890mW VDD_CPU_GPU_CV 2826mW/2835mW VDD_SOC 2625mW/2625mW
08-04-2026 15:33:22 RAM 3817/7620MB (lfb 1x1MB) SWAP 2370/12002MB (cached 117MB) CPU [0%@1728,0%@1728,0%@1728,0%@1728,100%@1728,0%@1728] GR3D_FREQ 8% cpu@57.187C soc2@55.812C soc0@56.75C gpu@56.968C tj@58.437C soc1@58.437C VDD_IN 8861mW/8890mW VDD_CPU_GPU_CV 2826mW/2835mW VDD_SOC 2625mW/2625mW
08-04-2026 15:33:22 RAM 3817/7620MB (lfb 1x1MB) SWAP 2370/12002MB (cached 117MB) CPU [0%@1728,0%@1728,0%@1728,0%@1728,100%@1728,0%@1728] GR3D_FREQ 8% cpu@57.125C soc2@55.875C soc0@56.906C gpu@56.906C tj@58.5C soc1@58.5C VDD_IN 8902mW/8890mW VDD_CPU_GPU_CV 2826mW/2835mW VDD_SOC 2625mW/2625mW
08-04-2026 15:33:22 RAM 3817/7620MB (lfb 1x1MB) SWAP 2370/12002MB (cached 117MB) CPU [0%@1728,9%@1728,0%@1728,0%@1728,100%@1728,0%@1728] GR3D_FREQ 9% cpu@57.375C soc2@55.75C soc0@56.656C gpu@56.875C tj@58.156C soc1@58.156C VDD_IN 8902mW/8890mW VDD_CPU_GPU_CV 2826mW/2834mW VDD_SOC 2625mW/2625mW
08-04-2026 15:33:22 RAM 3817/7620MB (lfb 1x1MB) SWAP 2370/12002MB (cached 117MB) CPU [0%@1728,0%@1728,9%@1728,0%@1728,100%@1728,0%@1728] GR3D_FREQ 9% cpu@57.187C soc2@55.812C soc0@56.625C gpu@56.968C tj@58.25C soc1@58.25C VDD_IN 8902mW/8890mW VDD_CPU_GPU_CV 2826mW/2834mW VDD_SOC 2625mW/2625mW
08-04-2026 15:33:22 RAM 3817/7620MB (lfb 1x1MB) SWAP 2370/12002MB (cached 117MB) CPU [0%@1728,0%@1728,0%@1728,0%@1728,100%@1728,0%@1728] GR3D_FREQ 8% cpu@57.312C soc2@55.812C soc0@56.718C gpu@56.875C tj@58.25C soc1@58.25C VDD_IN 8902mW/8890mW VDD_CPU_GPU_CV 2826mW/2834mW VDD_SOC 2625mW/2625mW
08-04-2026 15:33:22 RAM 3817/7620MB (lfb 1x1MB) SWAP 2370/12002MB (cached 117MB) CPU [0%@1728,0%@1728,0%@1728,0%@1728,100%@1728,0%@1728] GR3D_FREQ 9% cpu@57.218C soc2@55.875C soc0@56.875C gpu@57.031C tj@58.406C soc1@58.406C VDD_IN 8861mW/8890mW VDD_CPU_GPU_CV 2826mW/2834mW VDD_SOC 2625mW/2625mW
08-04-2026 15:33:22 RAM 3817/7620MB (lfb 1x1MB) SWAP 2370/12002MB (cached 117MB) CPU [0%@1728,0%@1728,0%@1728,0%@1728,100%@1728,0%@1728] GR3D_FREQ 9% cpu@57.406C soc2@55.843C soc0@56.625C gpu@56.968C tj@58.218C soc1@58.218C VDD_IN 8902mW/8890mW VDD_CPU_GPU_CV 2826mW/2834mW VDD_SOC 2625mW/2625mW
08-04-2026 15:33:22 RAM 3817/7620MB (lfb 1x1MB) SWAP 2370/12002MB (cached 117MB) CPU [0%@1728,0%@1728,0%@1728,9%@1728,100%@1728,0%@1728] GR3D_FREQ 10% cpu@57.156C soc2@55.75C soc0@56.687C gpu@56.875C tj@58.218C soc1@58.218C VDD_IN 8861mW/8890mW VDD_CPU_GPU_CV 2826mW/2834mW VDD_SOC 2625mW/2625mW
08-04-2026 15:33:22 RAM 3817/7620MB (lfb 1x1MB) SWAP 2370/12002MB (cached 117MB) CPU [0%@1728,0%@1728,0%@1728,8%@1728,100%@1728,0%@1728] GR3D_FREQ 9% cpu@57.25C soc2@55.812C soc0@56.718C gpu@57.062C tj@58.25C soc1@58.25C VDD_IN 8861mW/8890mW VDD_CPU_GPU_CV 2826mW/2834mW VDD_SOC 2625mW/2625mW
08-04-2026 15:33:23 RAM 3817/7620MB (lfb 1x1MB) SWAP 2370/12002MB (cached 117MB) CPU [0%@1728,0%@1728,0%@1728,0%@1728,100%@1728,0%@1728] GR3D_FREQ 8% cpu@57.218C soc2@55.843C soc0@56.75C gpu@56.937C tj@58.343C soc1@58.343C VDD_IN 8861mW/8890mW VDD_CPU_GPU_CV 2826mW/2834mW VDD_SOC 2625mW/2625mW
08-04-2026 15:33:23 RAM 3817/7620MB (lfb 1x1MB) SWAP 2370/12002MB (cached 117MB) CPU [0%@1728,0%@1728,0%@1728,9%@1728,100%@1728,0%@1728] GR3D_FREQ 8% cpu@57.312C soc2@55.875C soc0@56.562C gpu@56.906C tj@58.125C soc1@58.125C VDD_IN 8861mW/8890mW VDD_CPU_GPU_CV 2826mW/2834mW VDD_SOC 2625mW/2625mW
08-04-2026 15:33:23 RAM 3817/7620MB (lfb 1x1MB) SWAP 2370/12002MB (cached 117MB) CPU [0%@1728,0%@1728,9%@1728,0%@1728,100%@1728,0%@1728] GR3D_FREQ 9% cpu@57.437C soc2@55.812C soc0@56.687C gpu@57.031C tj@58.187C soc1@58.187C VDD_IN 8902mW/8890mW VDD_CPU_GPU_CV 2826mW/2834mW VDD_SOC 2625mW/2625mW
08-04-2026 15:33:23 RAM 3817/7620MB (lfb 1x1MB) SWAP 2370/12002MB (cached 117MB) CPU [0%@1728,9%@1728,0%@1728,0%@1728,100%@1728,0%@1728] GR3D_FREQ 10% cpu@57.187C soc2@55.812C soc0@56.687C gpu@56.843C tj@58.187C soc1@58.187C VDD_IN 8861mW/8890mW VDD_CPU_GPU_CV 2826mW/2834mW VDD_SOC 2625mW/2625mW
08-04-2026 15:33:23 RAM 3817/7620MB (lfb 1x1MB) SWAP 2370/12002MB (cached 117MB) CPU [0%@1728,0%@1728,0%@1728,0%@1728,100%@1728,0%@1728] GR3D_FREQ 8% cpu@57.156C soc2@55.812C soc0@56.781C gpu@56.906C tj@58.25C soc1@58.25C VDD_IN 8861mW/8890mW VDD_CPU_GPU_CV 2826mW/2834mW VDD_SOC 2625mW/2625mW
08-04-2026 15:33:23 RAM 3817/7620MB (lfb 1x1MB) SWAP 2370/12002MB (cached 117MB) CPU [0%@1728,0%@1728,0%@1728,0%@1728,100%@1728,0%@1728] GR3D_FREQ 8% cpu@57.125C soc2@55.812C soc0@56.812C gpu@57.031C tj@58.437C soc1@58.437C VDD_IN 8861mW/8890mW VDD_CPU_GPU_CV 2826mW/2834mW VDD_SOC 2625mW/2625mW
08-04-2026 15:33:23 RAM 3817/7620MB (lfb 1x1MB) SWAP 2370/12002MB (cached 117MB) CPU [0%@1728,0%@1728,0%@1728,0%@1728,100%@1728,0%@1728] GR3D_FREQ 9% cpu@57.312C soc2@55.843C soc0@56.593C gpu@56.843C tj@58.156C soc1@58.156C VDD_IN 8902mW/8890mW VDD_CPU_GPU_CV 2826mW/2834mW VDD_SOC 2625mW/2625mW
08-04-2026 15:33:23 RAM 3817/7620MB (lfb 1x1MB) SWAP 2370/12002MB (cached 117MB) CPU [0%@1728,0%@1728,0%@1728,0%@1728,100%@1728,0%@1728] GR3D_FREQ 9% cpu@57.093C soc2@55.812C soc0@56.718C gpu@56.875C tj@58.187C soc1@58.187C VDD_IN 8902mW/8890mW VDD_CPU_GPU_CV 2826mW/2834mW VDD_SOC 2625mW/2625mW
08-04-2026 15:33:23 RAM 3817/7620MB (lfb 1x1MB) SWAP 2370/12002MB (cached 117MB) CPU [0%@1728,0%@1728,0%@1728,0%@1728,100%@1728,0%@1728] GR3D_FREQ 10% cpu@57.25C soc2@55.843C soc0@56.687C gpu@56.937C tj@58.281C soc1@58.281C VDD_IN 8861mW/8890mW VDD_CPU_GPU_CV 2826mW/2834mW VDD_SOC 2625mW/2625mW
08-04-2026 15:33:23 RAM 3816/7620MB (lfb 1x1MB) SWAP 2370/12002MB (cached 117MB) CPU [18%@1728,0%@1728,0%@1728,18%@1728,100%@1728,0%@1728] GR3D_FREQ 8% cpu@57.281C soc2@55.906C soc0@56.781C gpu@56.906C tj@58.406C soc1@58.406C VDD_IN 8943mW/8890mW VDD_CPU_GPU_CV 2908mW/2834mW VDD_SOC 2625mW/2625mW
08-04-2026 15:33:24 RAM 3816/7620MB (lfb 1x1MB) SWAP 2370/12002MB (cached 117MB) CPU [0%@1728,0%@1728,0%@1728,0%@1728,100%@1728,0%@1728] GR3D_FREQ 8% cpu@57.312C soc2@55.906C soc0@56.625C gpu@56.875C tj@58.187C soc1@58.187C VDD_IN 8943mW/8890mW VDD_CPU_GPU_CV 2867mW/2834mW VDD_SOC 2625mW/2625mW
08-04-2026 15:33:24 RAM 3816/7620MB (lfb 1x1MB) SWAP 2370/12002MB (cached 117MB) CPU [0%@1728,8%@1728,0%@1728,0%@1728,100%@1728,0%@1728] GR3D_FREQ 9% cpu@57.218C soc2@55.812C soc0@56.656C gpu@57C tj@58.187C soc1@58.187C VDD_IN 8943mW/8890mW VDD_CPU_GPU_CV 2867mW/2835mW VDD_SOC 2625mW/2625mW
08-04-2026 15:33:24 RAM 3816/7620MB (lfb 1x1MB) SWAP 2370/12002MB (cached 117MB) CPU [0%@1728,0%@1728,9%@1728,0%@1728,100%@1728,0%@1728] GR3D_FREQ 10% cpu@57.187C soc2@55.812C soc0@56.718C gpu@56.906C tj@58.156C soc1@58.156C VDD_IN 8943mW/8890mW VDD_CPU_GPU_CV 2867mW/2835mW VDD_SOC 2625mW/2625mW
08-04-2026 15:33:24 RAM 3816/7620MB (lfb 1x1MB) SWAP 2370/12002MB (cached 117MB) CPU [0%@1728,0%@1728,0%@1728,0%@1728,100%@1728,0%@1728] GR3D_FREQ 8% cpu@57.312C soc2@55.875C soc0@56.75C gpu@56.906C tj@58.406C soc1@58.406C VDD_IN 8943mW/8890mW VDD_CPU_GPU_CV 2867mW/2835mW VDD_SOC 2625mW/2625mW
08-04-2026 15:33:24 RAM 3816/7620MB (lfb 1x1MB) SWAP 2370/12002MB (cached 117MB) CPU [9%@1728,0%@1728,0%@1728,0%@1728,100%@1728,0%@1728] GR3D_FREQ 8% cpu@57.281C soc2@55.875C soc0@56.906C gpu@56.937C tj@58.437C soc1@58.437C VDD_IN 8902mW/8890mW VDD_CPU_GPU_CV 2867mW/2835mW VDD_SOC 2625mW/2625mW
08-04-2026 15:33:24 RAM 3816/7620MB (lfb 1x1MB) SWAP 2370/12002MB (cached 117MB) CPU [0%@1728,0%@1728,0%@1728,9%@1728,100%@1728,0%@1728] GR3D_FREQ 8% cpu@57.375C soc2@55.75C soc0@56.656C gpu@56.906C tj@58.187C soc1@58.187C VDD_IN 8902mW/8890mW VDD_CPU_GPU_CV 2867mW/2835mW VDD_SOC 2625mW/2625mW
08-04-2026 15:33:24 RAM 3816/7620MB (lfb 1x1MB) SWAP 2370/12002MB (cached 117MB) CPU [0%@1728,9%@1728,0%@1728,0%@1728,100%@1728,0%@1728] GR3D_FREQ 9% cpu@57.093C soc2@55.75C soc0@56.718C gpu@56.968C tj@58.187C soc1@58.187C VDD_IN 8902mW/8890mW VDD_CPU_GPU_CV 2867mW/2835mW VDD_SOC 2625mW/2625mW
08-04-2026 15:33:24 RAM 3816/7620MB (lfb 1x1MB) SWAP 2370/12002MB (cached 117MB) CPU [0%@1728,0%@1728,0%@1728,0%@1728,100%@1728,0%@1728] GR3D_FREQ 10% cpu@57.156C soc2@55.812C soc0@56.781C gpu@57C tj@58.343C soc1@58.343C VDD_IN 8902mW/8890mW VDD_CPU_GPU_CV 2826mW/2835mW VDD_SOC 2625mW/2625mW
08-04-2026 15:33:24 RAM 3816/7620MB (lfb 1x1MB) SWAP 2370/12002MB (cached 117MB) CPU [0%@1728,8%@1728,0%@1728,8%@1728,100%@1728,0%@1728] GR3D_FREQ 8% cpu@57.281C soc2@55.812C soc0@56.812C gpu@56.937C tj@58.375C soc1@58.375C VDD_IN 8861mW/8890mW VDD_CPU_GPU_CV 2826mW/2835mW VDD_SOC 2625mW/2625mW
08-04-2026 15:33:25 RAM 3816/7620MB (lfb 1x1MB) SWAP 2370/12002MB (cached 117MB) CPU [0%@1728,0%@1728,0%@1728,0%@1728,100%@1728,0%@1728] GR3D_FREQ 9% cpu@57.281C soc2@55.812C soc0@56.625C gpu@56.937C tj@58.125C soc1@58.125C VDD_IN 8861mW/8890mW VDD_CPU_GPU_CV 2826mW/2835mW VDD_SOC 2625mW/2625mW
08-04-2026 15:33:25 RAM 3816/7620MB (lfb 1x1MB) SWAP 2370/12002MB (cached 117MB) CPU [0%@1728,0%@1728,0%@1728,0%@1728,100%@1728,9%@1728] GR3D_FREQ 8% cpu@57.156C soc2@55.781C soc0@56.75C gpu@56.937C tj@58.187C soc1@58.187C VDD_IN 8902mW/8890mW VDD_CPU_GPU_CV 2826mW/2835mW VDD_SOC 2625mW/2625mW
08-04-2026 15:33:25 RAM 3816/7620MB (lfb 1x1MB) SWAP 2370/12002MB (cached 117MB) CPU [0%@1728,0%@1728,0%@1728,9%@1728,100%@1728,0%@1728] GR3D_FREQ 9% cpu@57.281C soc2@55.843C soc0@56.75C gpu@56.937C tj@58.281C soc1@58.281C VDD_IN 8902mW/8890mW VDD_CPU_GPU_CV 2826mW/2835mW VDD_SOC 2625mW/2625mW
08-04-2026 15:33:25 RAM 3816/7620MB (lfb 1x1MB) SWAP 2370/12002MB (cached 117MB) CPU [0%@1728,0%@1728,0%@1728,0%@1728,100%@1728,0%@1728] GR3D_FREQ 9% cpu@57.312C soc2@55.812C soc0@56.718C gpu@56.906C tj@58.375C soc1@58.375C VDD_IN 8902mW/8890mW VDD_CPU_GPU_CV 2826mW/2835mW VDD_SOC 2625mW/2625mW
08-04-2026 15:33:25 RAM 3816/7620MB (lfb 1x1MB) SWAP 2370/12002MB (cached 117MB) CPU [8%@1728,0%@1728,0%@1728,0%@1728,100%@1728,0%@1728] GR3D_FREQ 8% cpu@57.281C soc2@55.812C soc0@56.812C gpu@56.937C tj@58.125C soc1@58.125C VDD_IN 8902mW/8890mW VDD_CPU_GPU_CV 2826mW/2835mW VDD_SOC 2625mW/2625mW
08-04-2026 15:33:25 RAM 3816/7620MB (lfb 1x1MB) SWAP 2370/12002MB (cached 117MB) CPU [9%@1728,0%@1728,0%@1728,0%@1728,100%@1728,0%@1728] GR3D_FREQ 8% cpu@57.281C soc2@55.812C soc0@56.593C gpu@56.843C tj@58.156C soc1@58.156C VDD_IN 8902mW/8890mW VDD_CPU_GPU_CV 2826mW/2835mW VDD_SOC 2625mW/2625mW
08-04-2026 15:33:25 RAM 3816/7620MB (lfb 1x1MB) SWAP 2370/12002MB (cached 117MB) CPU [0%@1728,0%@1728,0%@1728,0%@1728,100%@1728,0%@1728] GR3D_FREQ 8% cpu@57.218C soc2@55.781C soc0@56.656C gpu@57.031C tj@58.156C soc1@58.156C VDD_IN 8902mW/8890mW VDD_CPU_GPU_CV 2826mW/2835mW VDD_SOC 2625mW/2625mW
08-04-2026 15:33:25 RAM 3802/7620MB (lfb 1x1MB) SWAP 2370/12002MB (cached 117MB) CPU [0%@1728,0%@1728,0%@1728,0%@1728,100%@1728,0%@1728] GR3D_FREQ 9% cpu@57.25C soc2@55.812C soc0@56.75C gpu@56.937C tj@58.25C soc1@58.25C VDD_IN 8902mW/8890mW VDD_CPU_GPU_CV 2826mW/2835mW VDD_SOC 2625mW/2625mW
08-04-2026 15:33:25 RAM 3802/7620MB (lfb 1x1MB) SWAP 2370/12002MB (cached 117MB) CPU [0%@1728,0%@1728,9%@1728,0%@1728,100%@1728,0%@1728] GR3D_FREQ 10% cpu@57.187C soc2@55.843C soc0@56.875C gpu@56.937C tj@58.437C soc1@58.437C VDD_IN 8902mW/8890mW VDD_CPU_GPU_CV 2826mW/2835mW VDD_SOC 2625mW/2625mW
08-04-2026 15:33:25 RAM 3802/7620MB (lfb 1x1MB) SWAP 2370/12002MB (cached 117MB) CPU [0%@1728,8%@1728,0%@1728,0%@1728,100%@1728,0%@1728] GR3D_FREQ 8% cpu@57.187C soc2@55.875C soc0@56.687C gpu@56.937C tj@58.25C soc1@58.25C VDD_IN 8902mW/8890mW VDD_CPU_GPU_CV 2826mW/2835mW VDD_SOC 2625mW/2625mW
08-04-2026 15:33:26 RAM 3802/7620MB (lfb 1x1MB) SWAP 2370/12002MB (cached 117MB) CPU [0%@1728,0%@1728,0%@1728,0%@1728,100%@1728,0%@1728] GR3D_FREQ 9% cpu@57.125C soc2@55.812C soc0@56.625C gpu@56.875C tj@58.156C soc1@58.156C VDD_IN 8902mW/8890mW VDD_CPU_GPU_CV 2826mW/2835mW VDD_SOC 2625mW/2625mW
08-04-2026 15:33:26 RAM 3801/7620MB (lfb 1x1MB) SWAP 2370/12002MB (cached 117MB) CPU [0%@1728,9%@1728,0%@1728,0%@1728,100%@1728,0%@1728] GR3D_FREQ 8% cpu@57.218C soc2@55.843C soc0@56.75C gpu@57.031C tj@58.281C soc1@58.281C VDD_IN 8902mW/8890mW VDD_CPU_GPU_CV 2826mW/2835mW VDD_SOC 2625mW/2625mW
08-04-2026 15:33:26 RAM 3801/7620MB (lfb 1x1MB) SWAP 2370/12002MB (cached 117MB) CPU [0%@1728,0%@1728,0%@1728,9%@1728,100%@1728,0%@1728] GR3D_FREQ 10% cpu@57.156C soc2@55.812C soc0@56.781C gpu@56.906C tj@58.343C soc1@58.343C VDD_IN 8902mW/8890mW VDD_CPU_GPU_CV 2826mW/2835mW VDD_SOC 2625mW/2625mW
08-04-2026 15:33:26 RAM 3801/7620MB (lfb 1x1MB) SWAP 2370/12002MB (cached 117MB) CPU [8%@1728,0%@1728,0%@1728,0%@1728,100%@1728,0%@1728] GR3D_FREQ 9% cpu@57.312C soc2@55.875C soc0@56.562C gpu@56.812C tj@58.125C soc1@58.062C VDD_IN 8902mW/8890mW VDD_CPU_GPU_CV 2826mW/2835mW VDD_SOC 2625mW/2625mW
08-04-2026 15:33:26 RAM 3801/7620MB (lfb 1x1MB) SWAP 2370/12002MB (cached 117MB) CPU [0%@1728,0%@1728,0%@1728,0%@1728,100%@1728,0%@1728] GR3D_FREQ 8% cpu@57.031C soc2@55.781C soc0@56.687C gpu@57C tj@58.218C soc1@58.218C VDD_IN 8902mW/8890mW VDD_CPU_GPU_CV 2826mW/2835mW VDD_SOC 2625mW/2625mW
08-04-2026 15:33:26 RAM 3801/7620MB (lfb 1x1MB) SWAP 2370/12002MB (cached 117MB) CPU [0%@1728,0%@1728,0%@1728,0%@1728,100%@1728,0%@1728] GR3D_FREQ 8% cpu@57.125C soc2@55.812C soc0@56.656C gpu@56.906C tj@58.187C soc1@58.187C VDD_IN 8902mW/8890mW VDD_CPU_GPU_CV 2826mW/2835mW VDD_SOC 2625mW/2625mW
08-04-2026 15:33:26 RAM 3801/7620MB (lfb 1x1MB) SWAP 2370/12002MB (cached 117MB) CPU [0%@1728,0%@1728,0%@1728,0%@1728,100%@1728,0%@1728] GR3D_FREQ 9% cpu@57.156C soc2@55.781C soc0@56.687C gpu@56.843C tj@58.218C soc1@58.375C VDD_IN 8902mW/8890mW VDD_CPU_GPU_CV 2826mW/2835mW VDD_SOC 2625mW/2625mW
08-04-2026 15:33:26 RAM 3801/7620MB (lfb 1x1MB) SWAP 2370/12002MB (cached 117MB) CPU [0%@1728,0%@1728,0%@1728,0%@1728,100%@1728,0%@1728] GR3D_FREQ 9% cpu@57.312C soc2@55.875C soc0@56.843C gpu@57.031C tj@58.437C soc1@58.437C VDD_IN 8861mW/8890mW VDD_CPU_GPU_CV 2826mW/2834mW VDD_SOC 2625mW/2625mW
08-04-2026 15:33:26 RAM 3802/7620MB (lfb 1x1MB) SWAP 2370/12002MB (cached 117MB) CPU [0%@1728,0%@1728,0%@1728,0%@1728,100%@1728,0%@1728] GR3D_FREQ 9% cpu@57.312C soc2@55.687C soc0@56.625C gpu@56.875C tj@58.187C soc1@58.187C VDD_IN 8861mW/8890mW VDD_CPU_GPU_CV 2826mW/2834mW VDD_SOC 2625mW/2625mW
08-04-2026 15:33:27 RAM 3802/7620MB (lfb 1x1MB) SWAP 2370/12002MB (cached 117MB) CPU [0%@1728,8%@1728,0%@1728,0%@1728,100%@1728,0%@1728] GR3D_FREQ 8% cpu@57.125C soc2@55.781C soc0@56.625C gpu@56.812C tj@58.218C soc1@58.218C VDD_IN 8861mW/8890mW VDD_CPU_GPU_CV 2826mW/2834mW VDD_SOC 2625mW/2625mW
08-04-2026 15:33:27 RAM 3802/7620MB (lfb 1x1MB) SWAP 2370/12002MB (cached 117MB) CPU [9%@1728,0%@1728,0%@1728,0%@1728,100%@1728,0%@1728] GR3D_FREQ 9% cpu@57.312C soc2@55.812C soc0@56.781C gpu@57.031C tj@58.312C soc1@58.312C VDD_IN 8861mW/8890mW VDD_CPU_GPU_CV 2826mW/2834mW VDD_SOC 2625mW/2625mW
08-04-2026 15:33:27 RAM 3809/7620MB (lfb 1x1MB) SWAP 2370/12002MB (cached 117MB) CPU [9%@1728,16%@1728,9%@1728,30%@1728,100%@1728,0%@1728] GR3D_FREQ 8% cpu@57.406C soc2@55.906C soc0@56.718C gpu@56.968C tj@58.375C soc1@58.375C VDD_IN 8984mW/8890mW VDD_CPU_GPU_CV 2867mW/2835mW VDD_SOC 2625mW/2625mW
08-04-2026 15:33:27 RAM 3809/7620MB (lfb 1x1MB) SWAP 2370/12002MB (cached 117MB) CPU [0%@1728,10%@1728,0%@1728,0%@1728,100%@1728,0%@1728] GR3D_FREQ 10% cpu@57.312C soc2@55.937C soc0@56.531C gpu@56.875C tj@58.156C soc1@58.156C VDD_IN 8943mW/8890mW VDD_CPU_GPU_CV 2867mW/2835mW VDD_SOC 2625mW/2625mW
08-04-2026 15:33:27 RAM 3809/7620MB (lfb 1x1MB) SWAP 2370/12002MB (cached 117MB) CPU [0%@1728,9%@1728,0%@1728,0%@1728,100%@1728,0%@1728] GR3D_FREQ 9% cpu@57.156C soc2@55.75C soc0@56.593C gpu@57C tj@58.156C soc1@58.156C VDD_IN 8943mW/8891mW VDD_CPU_GPU_CV 2867mW/2835mW VDD_SOC 2625mW/2625mW
08-04-2026 15:33:27 RAM 3809/7620MB (lfb 1x1MB) SWAP 2370/12002MB (cached 117MB) CPU [0%@1728,0%@1728,0%@1728,0%@1728,100%@1728,0%@1728] GR3D_FREQ 8% cpu@57.218C soc2@55.843C soc0@56.781C gpu@56.875C tj@58.281C soc1@58.281C VDD_IN 8943mW/8891mW VDD_CPU_GPU_CV 2867mW/2835mW VDD_SOC 2625mW/2625mW
08-04-2026 15:33:27 RAM 3809/7620MB (lfb 1x1MB) SWAP 2370/12002MB (cached 117MB) CPU [0%@1728,0%@1728,0%@1728,0%@1728,100%@1728,0%@1728] GR3D_FREQ 8% cpu@57.187C soc2@55.875C soc0@56.781C gpu@56.843C tj@58.343C soc1@58.343C VDD_IN 8943mW/8891mW VDD_CPU_GPU_CV 2867mW/2835mW VDD_SOC 2625mW/2625mW
08-04-2026 15:33:27 RAM 3809/7620MB (lfb 1x1MB) SWAP 2370/12002MB (cached 117MB) CPU [0%@1728,9%@1728,0%@1728,0%@1728,100%@1728,0%@1728] GR3D_FREQ 9% cpu@57.218C soc2@55.812C soc0@56.781C gpu@57C tj@58.468C soc1@58.468C VDD_IN 8902mW/8891mW VDD_CPU_GPU_CV 2867mW/2835mW VDD_SOC 2625mW/2625mW
08-04-2026 15:33:27 RAM 3809/7620MB (lfb 1x1MB) SWAP 2370/12002MB (cached 117MB) CPU [0%@1728,0%@1728,0%@1728,0%@1728,100%@1728,0%@1728] GR3D_FREQ 11% cpu@57.281C soc2@55.75C soc0@56.656C gpu@56.812C tj@58.187C soc1@58.187C VDD_IN 8902mW/8891mW VDD_CPU_GPU_CV 2867mW/2835mW VDD_SOC 2625mW/2625mW
08-04-2026 15:33:27 RAM 3809/7620MB (lfb 1x1MB) SWAP 2370/12002MB (cached 117MB) CPU [0%@1728,0%@1728,0%@1728,0%@1728,100%@1728,0%@1728] GR3D_FREQ 8% cpu@57.125C soc2@55.812C soc0@56.625C gpu@57C tj@58.25C soc1@58.25C VDD_IN 8902mW/8891mW VDD_CPU_GPU_CV 2826mW/2835mW VDD_SOC 2625mW/2625mW
08-04-2026 15:33:28 RAM 3809/7620MB (lfb 1x1MB) SWAP 2370/12002MB (cached 117MB) CPU [0%@1728,0%@1728,0%@1728,0%@1728,100%@1728,0%@1728] GR3D_FREQ 8% cpu@57.156C soc2@55.812C soc0@56.781C gpu@56.968C tj@58.281C soc1@58.281C VDD_IN 8902mW/8891mW VDD_CPU_GPU_CV 2826mW/2835mW VDD_SOC 2625mW/2625mW
08-04-2026 15:33:28 RAM 3809/7620MB (lfb 1x1MB) SWAP 2370/12002MB (cached 117MB) CPU [0%@1728,9%@1728,9%@1728,0%@1728,100%@1728,0%@1728] GR3D_FREQ 9% cpu@57.281C soc2@55.781C soc0@56.75C gpu@56.843C tj@58.468C soc1@58.468C VDD_IN 8902mW/8891mW VDD_CPU_GPU_CV 2867mW/2835mW VDD_SOC 2625mW/2625mW
08-04-2026 15:33:28 RAM 3809/7620MB (lfb 1x1MB) SWAP 2370/12002MB (cached 117MB) CPU [0%@1728,0%@1728,0%@1728,0%@1728,100%@1728,0%@1728] GR3D_FREQ 9% cpu@57.281C soc2@55.781C soc0@56.562C gpu@57.031C tj@58.156C soc1@58.156C VDD_IN 8902mW/8891mW VDD_CPU_GPU_CV 2867mW/2835mW VDD_SOC 2625mW/2625mW
08-04-2026 15:33:28 RAM 3809/7620MB (lfb 1x1MB) SWAP 2370/12002MB (cached 117MB) CPU [0%@1728,9%@1728,0%@1728,0%@1728,100%@1728,0%@1728] GR3D_FREQ 9% cpu@57.25C soc2@55.718C soc0@56.687C gpu@56.875C tj@58.156C soc1@58.156C VDD_IN 8902mW/8891mW VDD_CPU_GPU_CV 2867mW/2835mW VDD_SOC 2625mW/2625mW
08-04-2026 15:33:28 RAM 3809/7620MB (lfb 1x1MB) SWAP 2370/12002MB (cached 117MB) CPU [0%@1728,0%@1728,0%@1728,0%@1728,100%@1728,0%@1728] GR3D_FREQ 9% cpu@57.093C soc2@55.812C soc0@56.656C gpu@56.906C tj@58.343C soc1@58.343C VDD_IN 8902mW/8891mW VDD_CPU_GPU_CV 2826mW/2835mW VDD_SOC 2625mW/2625mW
08-04-2026 15:33:28 RAM 3809/7620MB (lfb 1x1MB) SWAP 2370/12002MB (cached 117MB) CPU [0%@1728,0%@1728,0%@1728,0%@1728,100%@1728,0%@1728] GR3D_FREQ 8% cpu@57.187C soc2@55.843C soc0@56.718C gpu@57.031C tj@58.406C soc1@58.406C VDD_IN 8902mW/8891mW VDD_CPU_GPU_CV 2826mW/2835mW VDD_SOC 2625mW/2625mW
08-04-2026 15:33:28 RAM 3809/7620MB (lfb 1x1MB) SWAP 2370/12002MB (cached 117MB) CPU [9%@1728,0%@1728,0%@1728,8%@1728,100%@1728,0%@1728] GR3D_FREQ 8% cpu@57.312C soc2@55.812C soc0@56.656C gpu@56.875C tj@58.156C soc1@58.156C VDD_IN 8902mW/8891mW VDD_CPU_GPU_CV 2867mW/2835mW VDD_SOC 2625mW/2625mW
08-04-2026 15:33:28 RAM 3809/7620MB (lfb 1x1MB) SWAP 2370/12002MB (cached 117MB) CPU [0%@1728,0%@1728,0%@1728,0%@1728,100%@1728,0%@1728] GR3D_FREQ 9% cpu@57.343C soc2@55.812C soc0@56.656C gpu@56.906C tj@58.125C soc1@58.125C VDD_IN 8902mW/8891mW VDD_CPU_GPU_CV 2826mW/2835mW VDD_SOC 2625mW/2625mW
08-04-2026 15:33:28 RAM 3809/7620MB (lfb 1x1MB) SWAP 2370/12002MB (cached 117MB) CPU [0%@1728,0%@1728,0%@1728,0%@1728,100%@1728,0%@1728] GR3D_FREQ 9% cpu@57.125C soc2@55.75C soc0@56.687C gpu@56.937C tj@58.281C soc1@58.281C VDD_IN 8902mW/8891mW VDD_CPU_GPU_CV 2826mW/2835mW VDD_SOC 2625mW/2625mW
08-04-2026 15:33:29 RAM 3809/7620MB (lfb 1x1MB) SWAP 2370/12002MB (cached 117MB) CPU [0%@1728,0%@1728,0%@1728,0%@1728,100%@1728,0%@1728] GR3D_FREQ 8% cpu@57.187C soc2@55.75C soc0@56.781C gpu@56.875C tj@58.281C soc1@58.281C VDD_IN 8861mW/8891mW VDD_CPU_GPU_CV 2826mW/2835mW VDD_SOC 2625mW/2625mW
08-04-2026 15:33:29 RAM 3809/7620MB (lfb 1x1MB) SWAP 2370/12002MB (cached 117MB) CPU [0%@1728,0%@1728,0%@1728,0%@1728,100%@1728,0%@1728] GR3D_FREQ 8% cpu@57.218C soc2@55.812C soc0@56.781C gpu@57.031C tj@58.5C soc1@58.5C VDD_IN 8902mW/8891mW VDD_CPU_GPU_CV 2826mW/2835mW VDD_SOC 2625mW/2625mW
08-04-2026 15:33:29 RAM 3809/7620MB (lfb 1x1MB) SWAP 2370/12002MB (cached 117MB) CPU [0%@1728,0%@1728,16%@1728,0%@1728,100%@1728,0%@1728] GR3D_FREQ 9% cpu@57.25C soc2@55.906C soc0@56.593C gpu@56.937C tj@58.156C soc1@58.156C VDD_IN 8902mW/8891mW VDD_CPU_GPU_CV 2826mW/2835mW VDD_SOC 2625mW/2625mW
08-04-2026 15:33:29 RAM 3809/7620MB (lfb 1x1MB) SWAP 2370/12002MB (cached 117MB) CPU [0%@1728,0%@1728,8%@1728,8%@1728,100%@1728,0%@1728] GR3D_FREQ 9% cpu@57.187C soc2@55.75C soc0@56.687C gpu@56.906C tj@58.218C soc1@58.218C VDD_IN 8902mW/8891mW VDD_CPU_GPU_CV 2826mW/2835mW VDD_SOC 2625mW/2625mW
08-04-2026 15:33:29 RAM 3809/7620MB (lfb 1x1MB) SWAP 2370/12002MB (cached 117MB) CPU [0%@1728,0%@1728,0%@1728,0%@1728,100%@1728,0%@1728] GR3D_FREQ 9% cpu@57.218C soc2@55.75C soc0@56.781C gpu@57.093C tj@58.187C soc1@58.187C VDD_IN 8902mW/8891mW VDD_CPU_GPU_CV 2826mW/2835mW VDD_SOC 2625mW/2625mW
08-04-2026 15:33:29 RAM 3809/7620MB (lfb 1x1MB) SWAP 2370/12002MB (cached 117MB) CPU [0%@1728,0%@1728,0%@1728,0%@1728,100%@1728,0%@1728] GR3D_FREQ 9% cpu@57.25C soc2@55.843C soc0@56.781C gpu@56.937C tj@58.375C soc1@58.375C VDD_IN 8902mW/8891mW VDD_CPU_GPU_CV 2826mW/2835mW VDD_SOC 2625mW/2625mW
08-04-2026 15:33:29 RAM 3809/7620MB (lfb 1x1MB) SWAP 2370/12002MB (cached 117MB) CPU [0%@1728,0%@1728,0%@1728,0%@1728,100%@1728,0%@1728] GR3D_FREQ 8% cpu@57.312C soc2@55.843C soc0@56.531C gpu@56.843C tj@58.156C soc1@58.156C VDD_IN 8902mW/8891mW VDD_CPU_GPU_CV 2826mW/2835mW VDD_SOC 2625mW/2625mW
08-04-2026 15:33:29 RAM 3809/7620MB (lfb 1x1MB) SWAP 2370/12002MB (cached 117MB) CPU [0%@1728,0%@1728,0%@1728,0%@1728,100%@1728,0%@1728] GR3D_FREQ 9% cpu@57.406C soc2@55.812C soc0@56.656C gpu@57.031C tj@58.187C soc1@58.187C VDD_IN 8902mW/8891mW VDD_CPU_GPU_CV 2826mW/2835mW VDD_SOC 2625mW/2625mW
08-04-2026 15:33:29 RAM 3809/7620MB (lfb 1x1MB) SWAP 2370/12002MB (cached 117MB) CPU [0%@1728,0%@1728,0%@1728,0%@1728,100%@1728,9%@1728] GR3D_FREQ 9% cpu@57.25C soc2@55.812C soc0@56.656C gpu@57.031C tj@58.25C soc1@58.25C VDD_IN 8902mW/8891mW VDD_CPU_GPU_CV 2826mW/2835mW VDD_SOC 2625mW/2625mW
08-04-2026 15:33:29 RAM 3809/7620MB (lfb 1x1MB) SWAP 2370/12002MB (cached 117MB) CPU [0%@1728,0%@1728,0%@1728,0%@1728,100%@1728,0%@1728] GR3D_FREQ 9% cpu@57.156C soc2@55.843C soc0@56.781C gpu@56.906C tj@58.343C soc1@58.343C VDD_IN 8861mW/8891mW VDD_CPU_GPU_CV 2826mW/2835mW VDD_SOC 2625mW/2625mW
08-04-2026 15:33:30 RAM 3809/7620MB (lfb 1x1MB) SWAP 2370/12002MB (cached 117MB) CPU [0%@1728,0%@1728,0%@1728,0%@1728,100%@1728,0%@1728] GR3D_FREQ 8% cpu@57.281C soc2@55.843C soc0@56.937C gpu@57C tj@58.437C soc1@58.437C VDD_IN 8861mW/8891mW VDD_CPU_GPU_CV 2826mW/2835mW VDD_SOC 2625mW/2625mW
08-04-2026 15:33:30 RAM 3809/7620MB (lfb 1x1MB) SWAP 2370/12002MB (cached 117MB) CPU [0%@1728,0%@1728,0%@1728,0%@1728,100%@1728,0%@1728] GR3D_FREQ 8% cpu@57.375C soc2@55.812C soc0@56.562C gpu@56.937C tj@58.187C soc1@58.187C VDD_IN 8861mW/8891mW VDD_CPU_GPU_CV 2826mW/2835mW VDD_SOC 2625mW/2625mW
08-04-2026 15:33:30 RAM 3809/7620MB (lfb 1x1MB) SWAP 2370/12002MB (cached 117MB) CPU [0%@1728,0%@1728,0%@1728,0%@1728,100%@1728,0%@1728] GR3D_FREQ 9% cpu@57.156C soc2@55.812C soc0@56.656C gpu@56.875C tj@58.187C soc1@58.187C VDD_IN 8902mW/8891mW VDD_CPU_GPU_CV 2826mW/2835mW VDD_SOC 2625mW/2625mW
08-04-2026 15:33:30 RAM 3809/7620MB (lfb 1x1MB) SWAP 2370/12002MB (cached 117MB) CPU [0%@1728,9%@1728,0%@1728,0%@1728,100%@1728,0%@1728] GR3D_FREQ 10% cpu@57.187C soc2@55.75C soc0@56.781C gpu@57.031C tj@58.343C soc1@58.343C VDD_IN 8902mW/8891mW VDD_CPU_GPU_CV 2826mW/2835mW VDD_SOC 2625mW/2625mW
08-04-2026 15:33:30 RAM 3815/7620MB (lfb 1x1MB) SWAP 2370/12002MB (cached 117MB) CPU [18%@1728,9%@1728,10%@1728,0%@1728,100%@1728,0%@1728] GR3D_FREQ 8% cpu@57.343C soc2@55.906C soc0@56.75C gpu@56.906C tj@58.375C soc1@58.375C VDD_IN 8943mW/8891mW VDD_CPU_GPU_CV 2867mW/2835mW VDD_SOC 2625mW/2625mW
08-04-2026 15:33:30 RAM 3815/7620MB (lfb 1x1MB) SWAP 2370/12002MB (cached 117MB) CPU [0%@1728,9%@1728,0%@1728,0%@1728,100%@1728,0%@1728] GR3D_FREQ 9% cpu@57.343C soc2@55.875C soc0@56.593C gpu@56.812C tj@58.125C soc1@58.125C VDD_IN 8943mW/8891mW VDD_CPU_GPU_CV 2867mW/2835mW VDD_SOC 2625mW/2625mW
08-04-2026 15:33:30 RAM 3815/7620MB (lfb 1x1MB) SWAP 2370/12002MB (cached 117MB) CPU [0%@1728,0%@1728,0%@1728,0%@1728,100%@1728,0%@1728] GR3D_FREQ 8% cpu@57.187C soc2@55.781C soc0@56.656C gpu@57.031C tj@58.218C soc1@58.218C VDD_IN 8943mW/8891mW VDD_CPU_GPU_CV 2867mW/2835mW VDD_SOC 2625mW/2625mW
08-04-2026 15:33:30 RAM 3815/7620MB (lfb 1x1MB) SWAP 2370/12002MB (cached 117MB) CPU [8%@1728,0%@1728,9%@1728,8%@1728,100%@1728,0%@1728] GR3D_FREQ 9% cpu@57.125C soc2@55.812C soc0@56.687C gpu@56.906C tj@58.281C soc1@58.281C VDD_IN 8902mW/8891mW VDD_CPU_GPU_CV 2867mW/2835mW VDD_SOC 2625mW/2625mW
08-04-2026 15:33:30 RAM 3815/7620MB (lfb 1x1MB) SWAP 2370/12002MB (cached 117MB) CPU [9%@1728,0%@1728,0%@1728,0%@1728,100%@1728,0%@1728] GR3D_FREQ 9% cpu@57.218C soc2@55.812C soc0@56.718C gpu@56.75C tj@58.437C soc1@58.437C VDD_IN 8902mW/8891mW VDD_CPU_GPU_CV 2867mW/2835mW VDD_SOC 2625mW/2625mW
08-04-2026 15:33:31 RAM 3815/7620MB (lfb 1x1MB) SWAP 2370/12002MB (cached 117MB) CPU [0%@1728,0%@1728,0%@1728,0%@1728,100%@1728,0%@1728] GR3D_FREQ 8% cpu@57.25C soc2@55.843C soc0@56.593C gpu@56.906C tj@58.125C soc1@58.125C VDD_IN 8902mW/8891mW VDD_CPU_GPU_CV 2826mW/2835mW VDD_SOC 2625mW/2625mW
08-04-2026 15:33:31 RAM 3815/7620MB (lfb 1x1MB) SWAP 2370/12002MB (cached 117MB) CPU [0%@1728,0%@1728,9%@1728,0%@1728,100%@1728,0%@1728] GR3D_FREQ 8% cpu@57.312C soc2@55.812C soc0@56.593C gpu@56.968C tj@58.218C soc1@58.218C VDD_IN 8902mW/8891mW VDD_CPU_GPU_CV 2826mW/2835mW VDD_SOC 2625mW/2625mW
08-04-2026 15:33:31 RAM 3815/7620MB (lfb 1x1MB) SWAP 2370/12002MB (cached 117MB) CPU [0%@1728,0%@1728,0%@1728,0%@1728,100%@1728,0%@1728] GR3D_FREQ 9% cpu@57.125C soc2@55.781C soc0@56.656C gpu@57.031C tj@58.281C soc1@58.281C VDD_IN 8902mW/8891mW VDD_CPU_GPU_CV 2826mW/2835mW VDD_SOC 2625mW/2625mW
08-04-2026 15:33:31 RAM 3815/7620MB (lfb 1x1MB) SWAP 2370/12002MB (cached 117MB) CPU [0%@1728,0%@1728,0%@1728,0%@1728,100%@1728,0%@1728] GR3D_FREQ 9% cpu@57.156C soc2@55.781C soc0@56.718C gpu@56.937C tj@58.25C soc1@58.25C VDD_IN 8902mW/8891mW VDD_CPU_GPU_CV 2826mW/2835mW VDD_SOC 2625mW/2625mW
08-04-2026 15:33:31 RAM 3815/7620MB (lfb 1x1MB) SWAP 2370/12002MB (cached 117MB) CPU [0%@1728,0%@1728,0%@1728,0%@1728,100%@1728,0%@1728] GR3D_FREQ 9% cpu@57.312C soc2@55.906C soc0@56.812C gpu@56.906C tj@58.437C soc1@58.437C VDD_IN 8902mW/8891mW VDD_CPU_GPU_CV 2826mW/2835mW VDD_SOC 2625mW/2625mW
08-04-2026 15:33:31 RAM 3815/7620MB (lfb 1x1MB) SWAP 2370/12002MB (cached 117MB) CPU [0%@1728,0%@1728,0%@1728,8%@1728,100%@1728,0%@1728] GR3D_FREQ 8% cpu@57.281C soc2@55.812C soc0@56.625C gpu@56.937C tj@58.156C soc1@58.156C VDD_IN 8861mW/8891mW VDD_CPU_GPU_CV 2826mW/2835mW VDD_SOC 2625mW/2625mW
08-04-2026 15:33:31 RAM 3815/7620MB (lfb 1x1MB) SWAP 2370/12002MB (cached 117MB) CPU [0%@1728,0%@1728,0%@1728,0%@1728,100%@1728,0%@1728] GR3D_FREQ 9% cpu@57.156C soc2@55.718C soc0@56.656C gpu@56.968C tj@58.156C soc1@58.156C VDD_IN 8861mW/8891mW VDD_CPU_GPU_CV 2826mW/2835mW VDD_SOC 2625mW/2625mW
08-04-2026 15:33:31 RAM 3815/7620MB (lfb 1x1MB) SWAP 2370/12002MB (cached 117MB) CPU [0%@1728,0%@1728,0%@1728,0%@1728,100%@1728,0%@1728] GR3D_FREQ 9% cpu@57.093C soc2@55.843C soc0@56.656C gpu@56.875C tj@58.343C soc1@58.343C VDD_IN 8902mW/8891mW VDD_CPU_GPU_CV 2867mW/2835mW VDD_SOC 2625mW/2625mW
08-04-2026 15:33:31 RAM 3815/7620MB (lfb 1x1MB) SWAP 2370/12002MB (cached 117MB) CPU [0%@1728,0%@1728,0%@1728,0%@1728,100%@1728,0%@1728] GR3D_FREQ 11% cpu@57.156C soc2@55.843C soc0@56.75C gpu@57.031C tj@58.375C soc1@58.375C VDD_IN 8902mW/8891mW VDD_CPU_GPU_CV 2826mW/2835mW VDD_SOC 2625mW/2625mW
08-04-2026 15:33:31 RAM 3815/7620MB (lfb 1x1MB) SWAP 2370/12002MB (cached 117MB) CPU [0%@1728,0%@1728,0%@1728,0%@1728,100%@1728,0%@1728] GR3D_FREQ 9% cpu@57.343C soc2@55.968C soc0@56.5C gpu@56.843C tj@58.125C soc1@58.125C VDD_IN 8902mW/8891mW VDD_CPU_GPU_CV 2826mW/2835mW VDD_SOC 2625mW/2625mW
08-04-2026 15:33:32 RAM 3815/7620MB (lfb 1x1MB) SWAP 2370/12002MB (cached 117MB) CPU [0%@1728,0%@1728,0%@1728,0%@1728,100%@1728,0%@1728] GR3D_FREQ 8% cpu@57.312C soc2@55.812C soc0@56.593C gpu@56.875C tj@58.218C soc1@58.218C VDD_IN 8902mW/8891mW VDD_CPU_GPU_CV 2826mW/2835mW VDD_SOC 2625mW/2625mW
08-04-2026 15:33:32 RAM 3815/7620MB (lfb 1x1MB) SWAP 2370/12002MB (cached 117MB) CPU [0%@1728,16%@1728,0%@1728,0%@1728,100%@1728,0%@1728] GR3D_FREQ 8% cpu@57.187C soc2@55.812C soc0@56.562C gpu@57C tj@58.187C soc1@58.187C VDD_IN 8902mW/8891mW VDD_CPU_GPU_CV 2826mW/2835mW VDD_SOC 2625mW/2625mW
08-04-2026 15:33:32 RAM 3815/7620MB (lfb 1x1MB) SWAP 2370/12002MB (cached 117MB) CPU [0%@1728,0%@1728,0%@1728,0%@1728,100%@1728,0%@1728] GR3D_FREQ 9% cpu@57.312C soc2@55.812C soc0@56.75C gpu@56.875C tj@58.281C soc1@58.281C VDD_IN 8902mW/8891mW VDD_CPU_GPU_CV 2867mW/2835mW VDD_SOC 2625mW/2625mW
08-04-2026 15:33:32 RAM 3815/7620MB (lfb 1x1MB) SWAP 2370/12002MB (cached 117MB) CPU [0%@1728,0%@1728,0%@1728,0%@1728,100%@1728,0%@1728] GR3D_FREQ 11% cpu@57.281C soc2@55.875C soc0@56.875C gpu@56.812C tj@58.437C soc1@58.437C VDD_IN 8902mW/8891mW VDD_CPU_GPU_CV 2867mW/2835mW VDD_SOC 2625mW/2625mW
08-04-2026 15:33:32 RAM 3815/7620MB (lfb 1x1MB) SWAP 2370/12002MB (cached 117MB) CPU [0%@1728,0%@1728,15%@1728,0%@1728,100%@1728,0%@1728] GR3D_FREQ 8% cpu@57.312C soc2@55.656C soc0@56.625C gpu@57.031C tj@58.187C soc1@58.187C VDD_IN 8902mW/8891mW VDD_CPU_GPU_CV 2867mW/2835mW VDD_SOC 2625mW/2625mW
08-04-2026 15:33:32 RAM 3815/7620MB (lfb 1x1MB) SWAP 2370/12002MB (cached 117MB) CPU [8%@1728,0%@1728,0%@1728,0%@1728,100%@1728,0%@1728] GR3D_FREQ 8% cpu@57.062C soc2@55.812C soc0@56.562C gpu@56.812C tj@58.125C soc1@58.125C VDD_IN 8902mW/8891mW VDD_CPU_GPU_CV 2826mW/2835mW VDD_SOC 2625mW/2625mW
08-04-2026 15:33:32 RAM 3815/7620MB (lfb 1x1MB) SWAP 2370/12002MB (cached 117MB) CPU [0%@1728,0%@1728,0%@1728,0%@1728,100%@1728,0%@1728] GR3D_FREQ 9% cpu@57.218C soc2@55.812C soc0@56.75C gpu@57.062C tj@58.218C soc1@58.218C VDD_IN 8902mW/8891mW VDD_CPU_GPU_CV 2826mW/2835mW VDD_SOC 2625mW/2625mW
08-04-2026 15:33:32 RAM 3815/7620MB (lfb 1x1MB) SWAP 2370/12002MB (cached 117MB) CPU [0%@1728,0%@1728,0%@1728,0%@1728,100%@1728,0%@1728] GR3D_FREQ 9% cpu@57.25C soc2@55.875C soc0@56.75C gpu@57C tj@58.437C soc1@58.437C VDD_IN 8902mW/8891mW VDD_CPU_GPU_CV 2826mW/2835mW VDD_SOC 2625mW/2625mW
08-04-2026 15:33:32 RAM 3815/7620MB (lfb 1x1MB) SWAP 2370/12002MB (cached 117MB) CPU [0%@1728,0%@1728,9%@1728,0%@1728,100%@1728,0%@1728] GR3D_FREQ 9% cpu@57.281C soc2@55.843C soc0@56.656C gpu@56.875C tj@58.187C soc1@58.187C VDD_IN 8861mW/8891mW VDD_CPU_GPU_CV 2826mW/2835mW VDD_SOC 2625mW/2625mW
08-04-2026 15:33:33 RAM 3815/7620MB (lfb 1x1MB) SWAP 2370/12002MB (cached 117MB) CPU [0%@1728,0%@1728,0%@1728,0%@1728,100%@1728,0%@1728] GR3D_FREQ 9% cpu@57.375C soc2@55.812C soc0@56.625C gpu@57.031C tj@58.218C soc1@58.218C VDD_IN 8861mW/8891mW VDD_CPU_GPU_CV 2826mW/2835mW VDD_SOC 2625mW/2625mW
08-04-2026 15:33:33 RAM 3815/7620MB (lfb 1x1MB) SWAP 2370/12002MB (cached 117MB) CPU [0%@1728,0%@1728,0%@1728,0%@1728,100%@1728,0%@1728] GR3D_FREQ 8% cpu@57.156C soc2@55.812C soc0@56.687C gpu@57C tj@58.187C soc1@58.187C VDD_IN 8861mW/8891mW VDD_CPU_GPU_CV 2826mW/2835mW VDD_SOC 2625mW/2625mW
08-04-2026 15:33:33 RAM 3815/7620MB (lfb 1x1MB) SWAP 2370/12002MB (cached 117MB) CPU [0%@1728,0%@1728,0%@1728,0%@1728,100%@1728,0%@1728] GR3D_FREQ 8% cpu@57.187C soc2@55.875C soc0@56.781C gpu@56.875C tj@58.343C soc1@58.343C VDD_IN 8861mW/8891mW VDD_CPU_GPU_CV 2826mW/2835mW VDD_SOC 2625mW/2625mW
08-04-2026 15:33:33 RAM 3815/7620MB (lfb 1x1MB) SWAP 2370/12002MB (cached 117MB) CPU [0%@1728,0%@1728,0%@1728,0%@1728,100%@1728,0%@1728] GR3D_FREQ 9% cpu@57.218C soc2@55.843C soc0@56.562C gpu@57.031C tj@58.187C soc1@58.187C VDD_IN 8902mW/8891mW VDD_CPU_GPU_CV 2826mW/2835mW VDD_SOC 2625mW/2625mW
08-04-2026 15:33:33 RAM 3815/7620MB (lfb 1x1MB) SWAP 2370/12002MB (cached 117MB) CPU [0%@1728,0%@1728,0%@1728,0%@1728,100%@1728,0%@1728] GR3D_FREQ 9% cpu@57.281C soc2@55.75C soc0@56.656C gpu@56.937C tj@58.156C soc1@58.156C VDD_IN 8902mW/8891mW VDD_CPU_GPU_CV 2826mW/2835mW VDD_SOC 2625mW/2625mW
08-04-2026 15:33:33 RAM 3815/7620MB (lfb 1x1MB) SWAP 2370/12002MB (cached 117MB) CPU [0%@1728,0%@1728,0%@1728,0%@1728,100%@1728,0%@1728] GR3D_FREQ 8% cpu@57.125C soc2@55.781C soc0@56.718C gpu@57.062C tj@58.156C soc1@58.156C VDD_IN 8861mW/8891mW VDD_CPU_GPU_CV 2826mW/2835mW VDD_SOC 2625mW/2625mW
08-04-2026 15:33:33 RAM 3815/7620MB (lfb 1x1MB) SWAP 2370/12002MB (cached 117MB) CPU [8%@1728,0%@1728,0%@1728,0%@1728,100%@1728,0%@1728] GR3D_FREQ 8% cpu@57.125C soc2@55.812C soc0@56.718C gpu@56.937C tj@58.281C soc1@58.281C VDD_IN 8861mW/8891mW VDD_CPU_GPU_CV 2826mW/2835mW VDD_SOC 2625mW/2625mW
08-04-2026 15:33:33 RAM 3816/7620MB (lfb 1x1MB) SWAP 2370/12002MB (cached 117MB) CPU [9%@1728,10%@1728,18%@1728,10%@1728,100%@1728,0%@1728] GR3D_FREQ 8% cpu@57.312C soc2@55.781C soc0@56.781C gpu@56.906C tj@58.375C soc1@58.375C VDD_IN 8943mW/8891mW VDD_CPU_GPU_CV 2867mW/2835mW VDD_SOC 2625mW/2625mW
08-04-2026 15:33:33 RAM 3816/7620MB (lfb 1x1MB) SWAP 2370/12002MB (cached 117MB) CPU [0%@1728,18%@1728,0%@1728,0%@1728,100%@1728,0%@1728] GR3D_FREQ 9% cpu@57.312C soc2@55.968C soc0@56.593C gpu@57.093C tj@58.125C soc1@58.125C VDD_IN 8943mW/8891mW VDD_CPU_GPU_CV 2867mW/2835mW VDD_SOC 2625mW/2625mW
08-04-2026 15:33:33 RAM 3816/7620MB (lfb 1x1MB) SWAP 2370/12002MB (cached 117MB) CPU [0%@1728,0%@1728,0%@1728,0%@1728,100%@1728,0%@1728] GR3D_FREQ 9% cpu@57.437C soc2@55.781C soc0@56.593C gpu@57.031C tj@58.156C soc1@58.156C VDD_IN 8943mW/8891mW VDD_CPU_GPU_CV 2867mW/2835mW VDD_SOC 2625mW/2625mW
08-04-2026 15:33:34 RAM 3816/7620MB (lfb 1x1MB) SWAP 2370/12002MB (cached 117MB) CPU [8%@1728,0%@1728,0%@1728,0%@1728,100%@1728,0%@1728] GR3D_FREQ 8% cpu@57.156C soc2@55.843C soc0@56.687C gpu@56.968C tj@58.312C soc1@58.312C VDD_IN 8902mW/8891mW VDD_CPU_GPU_CV 2867mW/2835mW VDD_SOC 2625mW/2625mW
08-04-2026 15:33:34 RAM 3816/7620MB (lfb 1x1MB) SWAP 2370/12002MB (cached 117MB) CPU [0%@1728,0%@1728,0%@1728,0%@1728,100%@1728,0%@1728] GR3D_FREQ 9% cpu@57.25C soc2@55.843C soc0@56.781C gpu@57.062C tj@58.343C soc1@58.343C VDD_IN 8902mW/8891mW VDD_CPU_GPU_CV 2867mW/2835mW VDD_SOC 2625mW/2625mW
08-04-2026 15:33:34 RAM 3816/7620MB (lfb 1x1MB) SWAP 2370/12002MB (cached 117MB) CPU [0%@1728,0%@1728,0%@1728,0%@1728,100%@1728,0%@1728] GR3D_FREQ 8% cpu@57.312C soc2@55.875C soc0@56.625C gpu@57C tj@58.156C soc1@58.156C VDD_IN 8902mW/8891mW VDD_CPU_GPU_CV 2867mW/2835mW VDD_SOC 2625mW/2625mW
08-04-2026 15:33:34 RAM 3816/7620MB (lfb 1x1MB) SWAP 2370/12002MB (cached 117MB) CPU [0%@1728,0%@1728,0%@1728,0%@1728,100%@1728,0%@1728] GR3D_FREQ 10% cpu@57.343C soc2@55.812C soc0@56.687C gpu@56.937C tj@58.218C soc1@58.218C VDD_IN 8943mW/8891mW VDD_CPU_GPU_CV 2826mW/2835mW VDD_SOC 2625mW/2625mW
08-04-2026 15:33:34 RAM 3816/7620MB (lfb 1x1MB) SWAP 2370/12002MB (cached 117MB) CPU [0%@1728,0%@1728,0%@1728,0%@1728,100%@1728,0%@1728] GR3D_FREQ 9% cpu@57.187C soc2@55.812C soc0@56.625C gpu@57.031C tj@58.281C soc1@58.281C VDD_IN 8902mW/8891mW VDD_CPU_GPU_CV 2826mW/2835mW VDD_SOC 2625mW/2625mW
08-04-2026 15:33:34 RAM 3816/7620MB (lfb 1x1MB) SWAP 2370/12002MB (cached 117MB) CPU [0%@1728,0%@1728,0%@1728,0%@1728,100%@1728,0%@1728] GR3D_FREQ 8% cpu@57.218C soc2@55.937C soc0@56.781C gpu@56.937C tj@58.281C soc1@58.281C VDD_IN 8902mW/8891mW VDD_CPU_GPU_CV 2826mW/2835mW VDD_SOC 2625mW/2625mW
08-04-2026 15:33:34 RAM 3816/7620MB (lfb 1x1MB) SWAP 2370/12002MB (cached 117MB) CPU [0%@1728,0%@1728,0%@1728,0%@1728,100%@1728,0%@1728] GR3D_FREQ 8% cpu@57.281C soc2@55.843C soc0@56.781C gpu@56.906C tj@58.437C soc1@58.437C VDD_IN 8902mW/8891mW VDD_CPU_GPU_CV 2826mW/2835mW VDD_SOC 2625mW/2625mW
08-04-2026 15:33:34 RAM 3816/7620MB (lfb 1x1MB) SWAP 2370/12002MB (cached 117MB) CPU [0%@1728,8%@1728,0%@1728,0%@1728,100%@1728,0%@1728] GR3D_FREQ 9% cpu@57.406C soc2@55.812C soc0@56.593C gpu@57.062C tj@58.093C soc1@58.093C VDD_IN 8902mW/8891mW VDD_CPU_GPU_CV 2826mW/2835mW VDD_SOC 2625mW/2625mW
08-04-2026 15:33:34 RAM 3816/7620MB (lfb 1x1MB) SWAP 2370/12002MB (cached 117MB) CPU [0%@1728,0%@1728,0%@1728,0%@1728,100%@1728,0%@1728] GR3D_FREQ 11% cpu@57.156C soc2@55.718C soc0@56.781C gpu@56.906C tj@58.187C soc1@58.187C VDD_IN 8902mW/8891mW VDD_CPU_GPU_CV 2826mW/2835mW VDD_SOC 2625mW/2625mW
08-04-2026 15:33:35 RAM 3816/7620MB (lfb 1x1MB) SWAP 2370/12002MB (cached 117MB) CPU [0%@1728,0%@1728,0%@1728,0%@1728,100%@1728,0%@1728] GR3D_FREQ 8% cpu@57.218C soc2@55.812C soc0@56.718C gpu@56.906C tj@58.25C soc1@58.25C VDD_IN 8861mW/8891mW VDD_CPU_GPU_CV 2826mW/2835mW VDD_SOC 2625mW/2625mW
08-04-2026 15:33:35 RAM 3816/7620MB (lfb 1x1MB) SWAP 2370/12002MB (cached 117MB) CPU [0%@1728,0%@1728,0%@1728,0%@1728,100%@1728,0%@1728] GR3D_FREQ 8% cpu@57.312C soc2@55.812C soc0@56.75C gpu@57.031C tj@58.281C soc1@58.281C VDD_IN 8861mW/8891mW VDD_CPU_GPU_CV 2826mW/2835mW VDD_SOC 2625mW/2625mW
08-04-2026 15:33:35 RAM 3816/7620MB (lfb 1x1MB) SWAP 2370/12002MB (cached 117MB) CPU [0%@1728,9%@1728,0%@1728,0%@1728,100%@1728,0%@1728] GR3D_FREQ 9% cpu@57.312C soc2@55.937C soc0@56.687C gpu@57.031C tj@58.187C soc1@58.187C VDD_IN 8861mW/8891mW VDD_CPU_GPU_CV 2826mW/2835mW VDD_SOC 2625mW/2625mW
08-04-2026 15:33:35 RAM 3816/7620MB (lfb 1x1MB) SWAP 2370/12002MB (cached 117MB) CPU [9%@1728,0%@1728,9%@1728,0%@1728,100%@1728,0%@1728] GR3D_FREQ 9% cpu@57.406C soc2@55.812C soc0@56.625C gpu@57.125C tj@58.25C soc1@58.25C VDD_IN 8902mW/8891mW VDD_CPU_GPU_CV 2826mW/2835mW VDD_SOC 2625mW/2625mW
08-04-2026 15:33:35 RAM 3816/7620MB (lfb 1x1MB) SWAP 2370/12002MB (cached 117MB) CPU [0%@1728,9%@1728,0%@1728,9%@1728,100%@1728,0%@1728] GR3D_FREQ 10% cpu@57.25C soc2@55.75C soc0@56.593C gpu@57.062C tj@58.281C soc1@58.281C VDD_IN 8902mW/8891mW VDD_CPU_GPU_CV 2826mW/2835mW VDD_SOC 2625mW/2625mW
08-04-2026 15:33:35 RAM 3816/7620MB (lfb 1x1MB) SWAP 2370/12002MB (cached 117MB) CPU [0%@1728,0%@1728,0%@1728,0%@1728,100%@1728,0%@1728] GR3D_FREQ 9% cpu@57.25C soc2@55.781C soc0@56.718C gpu@56.906C tj@58.312C soc1@58.312C VDD_IN 8861mW/8891mW VDD_CPU_GPU_CV 2826mW/2835mW VDD_SOC 2625mW/2625mW
08-04-2026 15:33:35 RAM 3816/7620MB (lfb 1x1MB) SWAP 2370/12002MB (cached 117MB) CPU [9%@1728,0%@1728,0%@1728,0%@1728,100%@1728,0%@1728] GR3D_FREQ 8% cpu@57.281C soc2@55.875C soc0@56.781C gpu@57.093C tj@58.437C soc1@58.437C VDD_IN 8861mW/8891mW VDD_CPU_GPU_CV 2826mW/2835mW VDD_SOC 2625mW/2625mW
08-04-2026 15:33:35 RAM 3816/7620MB (lfb 1x1MB) SWAP 2370/12002MB (cached 117MB) CPU [0%@1728,0%@1728,0%@1728,0%@1728,100%@1728,0%@1728] GR3D_FREQ 8% cpu@57.343C soc2@55.75C soc0@56.625C gpu@57.031C tj@58.125C soc1@58.125C VDD_IN 8861mW/8891mW VDD_CPU_GPU_CV 2826mW/2835mW VDD_SOC 2625mW/2625mW
08-04-2026 15:33:35 RAM 3816/7620MB (lfb 1x1MB) SWAP 2370/12002MB (cached 117MB) CPU [0%@1728,8%@1728,0%@1728,0%@1728,100%@1728,0%@1728] GR3D_FREQ 9% cpu@57.093C soc2@55.812C soc0@56.562C gpu@56.906C tj@58.25C soc1@58.25C VDD_IN 8861mW/8891mW VDD_CPU_GPU_CV 2826mW/2835mW VDD_SOC 2625mW/2625mW
08-04-2026 15:33:35 RAM 3816/7620MB (lfb 1x1MB) SWAP 2370/12002MB (cached 117MB) CPU [0%@1728,0%@1728,0%@1728,0%@1728,100%@1728,0%@1728] GR3D_FREQ 10% cpu@57.156C soc2@55.812C soc0@56.718C gpu@57C tj@58.375C soc1@58.375C VDD_IN 8861mW/8891mW VDD_CPU_GPU_CV 2826mW/2835mW VDD_SOC 2625mW/2625mW
08-04-2026 15:33:36 RAM 3816/7620MB (lfb 1x1MB) SWAP 2370/12002MB (cached 117MB) CPU [0%@1728,0%@1728,0%@1728,0%@1728,100%@1728,0%@1728] GR3D_FREQ 8% cpu@57.187C soc2@55.812C soc0@56.75C gpu@57.031C tj@58.375C soc1@58.406C VDD_IN 8861mW/8891mW VDD_CPU_GPU_CV 2826mW/2835mW VDD_SOC 2625mW/2625mW
08-04-2026 15:33:36 RAM 3816/7620MB (lfb 1x1MB) SWAP 2370/12002MB (cached 117MB) CPU [0%@1728,9%@1728,0%@1728,0%@1728,100%@1728,0%@1728] GR3D_FREQ 8% cpu@57.187C soc2@55.875C soc0@56.593C gpu@56.875C tj@58.062C soc1@58.062C VDD_IN 8861mW/8891mW VDD_CPU_GPU_CV 2826mW/2835mW VDD_SOC 2625mW/2625mW
08-04-2026 15:33:36 RAM 3816/7620MB (lfb 1x1MB) SWAP 2370/12002MB (cached 117MB) CPU [0%@1728,18%@1728,0%@1728,0%@1728,100%@1728,0%@1728] GR3D_FREQ 8% cpu@57.343C soc2@55.781C soc0@56.531C gpu@56.968C tj@58.156C soc1@58.156C VDD_IN 8902mW/8891mW VDD_CPU_GPU_CV 2867mW/2835mW VDD_SOC 2625mW/2625mW
08-04-2026 15:33:36 RAM 3816/7620MB (lfb 1x1MB) SWAP 2370/12002MB (cached 117MB) CPU [8%@1728,0%@1728,0%@1728,0%@1728,100%@1728,8%@1728] GR3D_FREQ 9% cpu@57.187C soc2@55.875C soc0@56.687C gpu@56.968C tj@58.281C soc1@58.281C VDD_IN 8902mW/8891mW VDD_CPU_GPU_CV 2867mW/2835mW VDD_SOC 2625mW/2625mW
08-04-2026 15:33:36 RAM 3816/7620MB (lfb 1x1MB) SWAP 2370/12002MB (cached 117MB) CPU [0%@1728,0%@1728,0%@1728,0%@1728,100%@1728,0%@1728] GR3D_FREQ 9% cpu@57.281C soc2@55.875C soc0@56.75C gpu@56.968C tj@58.312C soc1@58.312C VDD_IN 8861mW/8891mW VDD_CPU_GPU_CV 2867mW/2835mW VDD_SOC 2625mW/2625mW
08-04-2026 15:33:36 RAM 3816/7620MB (lfb 1x1MB) SWAP 2370/12002MB (cached 117MB) CPU [0%@1728,9%@1728,0%@1728,0%@1728,100%@1728,0%@1728] GR3D_FREQ 9% cpu@57.343C soc2@55.875C soc0@56.468C gpu@57.031C tj@58.125C soc1@58.125C VDD_IN 8861mW/8891mW VDD_CPU_GPU_CV 2826mW/2835mW VDD_SOC 2625mW/2625mW
08-04-2026 15:33:36 RAM 3816/7620MB (lfb 1x1MB) SWAP 2370/12002MB (cached 117MB) CPU [0%@1728,0%@1728,0%@1728,0%@1728,100%@1728,0%@1728] GR3D_FREQ 8% cpu@57.375C soc2@55.812C soc0@56.562C gpu@57.031C tj@58.218C soc1@58.218C VDD_IN 8861mW/8891mW VDD_CPU_GPU_CV 2826mW/2835mW VDD_SOC 2625mW/2625mW
08-04-2026 15:33:36 RAM 3816/7620MB (lfb 1x1MB) SWAP 2370/12002MB (cached 117MB) CPU [0%@1728,0%@1728,0%@1728,0%@1728,100%@1728,0%@1728] GR3D_FREQ 8% cpu@57.218C soc2@55.843C soc0@56.625C gpu@57.156C tj@58.187C soc1@58.187C VDD_IN 8861mW/8891mW VDD_CPU_GPU_CV 2826mW/2835mW VDD_SOC 2625mW/2625mW
08-04-2026 15:33:36 RAM 3816/7620MB (lfb 1x1MB) SWAP 2370/12002MB (cached 117MB) CPU [0%@1728,0%@1728,0%@1728,0%@1728,100%@1728,0%@1728] GR3D_FREQ 9% cpu@57.218C soc2@55.843C soc0@56.75C gpu@57C tj@58.218C soc1@58.218C VDD_IN 8861mW/8891mW VDD_CPU_GPU_CV 2826mW/2835mW VDD_SOC 2625mW/2625mW
08-04-2026 15:33:37 RAM 3816/7620MB (lfb 1x1MB) SWAP 2370/12002MB (cached 117MB) CPU [30%@1728,9%@1728,18%@1728,0%@1728,100%@1728,0%@1728] GR3D_FREQ 8% cpu@57.25C soc2@55.937C soc0@56.781C gpu@57C tj@58.375C soc1@58.375C VDD_IN 8943mW/8891mW VDD_CPU_GPU_CV 2908mW/2835mW VDD_SOC 2625mW/2625mW
08-04-2026 15:33:37 RAM 3816/7620MB (lfb 1x1MB) SWAP 2370/12002MB (cached 117MB) CPU [0%@1728,9%@1728,0%@1728,0%@1728,100%@1728,0%@1728] GR3D_FREQ 8% cpu@57.375C soc2@55.812C soc0@56.656C gpu@57.062C tj@58.125C soc1@58.125C VDD_IN 8943mW/8891mW VDD_CPU_GPU_CV 2867mW/2835mW VDD_SOC 2625mW/2625mW
08-04-2026 15:33:37 RAM 3816/7620MB (lfb 1x1MB) SWAP 2370/12002MB (cached 117MB) CPU [0%@1728,0%@1728,0%@1728,9%@1728,100%@1728,0%@1728] GR3D_FREQ 8% cpu@57.375C soc2@55.781C soc0@56.468C gpu@56.968C tj@58.25C soc1@58.25C VDD_IN 8902mW/8891mW VDD_CPU_GPU_CV 2867mW/2835mW VDD_SOC 2625mW/2625mW
08-04-2026 15:33:37 RAM 3816/7620MB (lfb 1x1MB) SWAP 2370/12002MB (cached 117MB) CPU [0%@1728,0%@1728,0%@1728,0%@1728,100%@1728,0%@1728] GR3D_FREQ 9% cpu@57.125C soc2@55.843C soc0@56.625C gpu@56.906C tj@58.343C soc1@58.343C VDD_IN 8902mW/8891mW VDD_CPU_GPU_CV 2867mW/2835mW VDD_SOC 2625mW/2625mW
08-04-2026 15:33:37 RAM 3816/7620MB (lfb 1x1MB) SWAP 2370/12002MB (cached 117MB) CPU [0%@1728,0%@1728,0%@1728,0%@1728,100%@1728,0%@1728] GR3D_FREQ 10% cpu@57.281C soc2@55.843C soc0@56.781C gpu@57.093C tj@58.281C soc1@58.281C VDD_IN 8902mW/8891mW VDD_CPU_GPU_CV 2867mW/2835mW VDD_SOC 2625mW/2625mW
08-04-2026 15:33:37 RAM 3816/7620MB (lfb 1x1MB) SWAP 2370/12002MB (cached 117MB) CPU [0%@1728,0%@1728,0%@1728,0%@1728,100%@1728,0%@1728] GR3D_FREQ 8% cpu@57.312C soc2@55.906C soc0@56.531C gpu@57.031C tj@58.062C soc1@58.062C VDD_IN 8902mW/8891mW VDD_CPU_GPU_CV 2867mW/2835mW VDD_SOC 2625mW/2625mW
08-04-2026 15:33:37 RAM 3816/7620MB (lfb 1x1MB) SWAP 2370/12002MB (cached 117MB) CPU [0%@1728,0%@1728,0%@1728,0%@1728,100%@1728,0%@1728] GR3D_FREQ 9% cpu@57.343C soc2@55.781C soc0@56.656C gpu@56.937C tj@58.218C soc1@58.218C VDD_IN 8861mW/8891mW VDD_CPU_GPU_CV 2826mW/2835mW VDD_SOC 2625mW/2625mW
08-04-2026 15:33:37 RAM 3816/7620MB (lfb 1x1MB) SWAP 2370/12002MB (cached 117MB) CPU [9%@1728,0%@1728,0%@1728,0%@1728,100%@1728,0%@1728] GR3D_FREQ 8% cpu@57.156C soc2@55.75C soc0@56.625C gpu@57C tj@58.187C soc1@58.187C VDD_IN 8902mW/8891mW VDD_CPU_GPU_CV 2826mW/2835mW VDD_SOC 2625mW/2625mW
08-04-2026 15:33:37 RAM 3816/7620MB (lfb 1x1MB) SWAP 2370/12002MB (cached 117MB) CPU [0%@1728,0%@1728,0%@1728,0%@1728,100%@1728,0%@1728] GR3D_FREQ 9% cpu@57.156C soc2@55.812C soc0@56.75C gpu@56.906C tj@58.312C soc1@58.312C VDD_IN 8861mW/8891mW VDD_CPU_GPU_CV 2826mW/2835mW VDD_SOC 2625mW/2625mW
08-04-2026 15:33:37 RAM 3816/7620MB (lfb 1x1MB) SWAP 2370/12002MB (cached 117MB) CPU [0%@1728,0%@1728,0%@1728,0%@1728,100%@1728,0%@1728] GR3D_FREQ 9% cpu@57.25C soc2@55.843C soc0@56.812C gpu@56.906C tj@58.437C soc1@58.437C VDD_IN 8861mW/8891mW VDD_CPU_GPU_CV 2826mW/2835mW VDD_SOC 2625mW/2625mW
08-04-2026 15:33:38 RAM 3816/7620MB (lfb 1x1MB) SWAP 2370/12002MB (cached 117MB) CPU [0%@1728,0%@1728,0%@1728,9%@1728,100%@1728,0%@1728] GR3D_FREQ 8% cpu@57.343C soc2@55.906C soc0@56.562C gpu@57.031C tj@58.156C soc1@58.156C VDD_IN 8861mW/8891mW VDD_CPU_GPU_CV 2826mW/2835mW VDD_SOC 2625mW/2625mW
08-04-2026 15:33:38 RAM 3816/7620MB (lfb 1x1MB) SWAP 2370/12002MB (cached 117MB) CPU [0%@1728,0%@1728,0%@1728,0%@1728,100%@1728,0%@1728] GR3D_FREQ 8% cpu@57.406C soc2@55.812C soc0@56.75C gpu@57C tj@58.156C soc1@58.156C VDD_IN 8902mW/8891mW VDD_CPU_GPU_CV 2826mW/2835mW VDD_SOC 2625mW/2625mW
08-04-2026 15:33:38 RAM 3816/7620MB (lfb 1x1MB) SWAP 2370/12002MB (cached 117MB) CPU [0%@1728,9%@1728,0%@1728,0%@1728,100%@1728,0%@1728] GR3D_FREQ 9% cpu@57.125C soc2@55.75C soc0@56.625C gpu@57.187C tj@58.25C soc1@58.25C VDD_IN 8902mW/8891mW VDD_CPU_GPU_CV 2826mW/2835mW VDD_SOC 2625mW/2625mW
08-04-2026 15:33:38 RAM 3816/7620MB (lfb 1x1MB) SWAP 2370/12002MB (cached 117MB) CPU [0%@1728,0%@1728,0%@1728,0%@1728,100%@1728,0%@1728] GR3D_FREQ 9% cpu@57.156C soc2@55.812C soc0@56.75C gpu@57.031C tj@58.375C soc1@58.375C VDD_IN 8902mW/8891mW VDD_CPU_GPU_CV 2826mW/2835mW VDD_SOC 2625mW/2625mW
08-04-2026 15:33:38 RAM 3816/7620MB (lfb 1x1MB) SWAP 2370/12002MB (cached 117MB) CPU [0%@1728,8%@1728,0%@1728,0%@1728,100%@1728,0%@1728] GR3D_FREQ 9% cpu@57.25C soc2@55.843C soc0@56.593C gpu@56.937C tj@58.187C soc1@58.187C VDD_IN 8902mW/8891mW VDD_CPU_GPU_CV 2826mW/2835mW VDD_SOC 2625mW/2625mW
08-04-2026 15:33:38 RAM 3816/7620MB (lfb 1x1MB) SWAP 2370/12002MB (cached 117MB) CPU [0%@1728,0%@1728,0%@1728,0%@1728,100%@1728,0%@1728] GR3D_FREQ 8% cpu@57.406C soc2@55.812C soc0@56.625C gpu@57.25C tj@58.187C soc1@58.187C VDD_IN 8861mW/8891mW VDD_CPU_GPU_CV 2826mW/2835mW VDD_SOC 2625mW/2625mW
08-04-2026 15:33:38 RAM 3816/7620MB (lfb 1x1MB) SWAP 2370/12002MB (cached 117MB) CPU [9%@1728,0%@1728,0%@1728,0%@1728,100%@1728,0%@1728] GR3D_FREQ 9% cpu@57.125C soc2@55.718C soc0@56.781C gpu@57.031C tj@58.093C soc1@58.093C VDD_IN 8861mW/8891mW VDD_CPU_GPU_CV 2826mW/2835mW VDD_SOC 2625mW/2625mW
08-04-2026 15:33:38 RAM 3816/7620MB (lfb 1x1MB) SWAP 2370/12002MB (cached 117MB) CPU [0%@1728,0%@1728,0%@1728,0%@1728,100%@1728,0%@1728] GR3D_FREQ 9% cpu@57.25C soc2@55.781C soc0@56.718C gpu@56.937C tj@58.343C soc1@58.343C VDD_IN 8861mW/8891mW VDD_CPU_GPU_CV 2826mW/2835mW VDD_SOC 2625mW/2625mW
08-04-2026 15:33:38 RAM 3816/7620MB (lfb 1x1MB) SWAP 2370/12002MB (cached 117MB) CPU [9%@1728,0%@1728,8%@1728,0%@1728,100%@1728,9%@1728] GR3D_FREQ 10% cpu@57.25C soc2@55.875C soc0@56.781C gpu@57.125C tj@58.156C soc1@58.156C VDD_IN 8861mW/8891mW VDD_CPU_GPU_CV 2826mW/2835mW VDD_SOC 2625mW/2625mW
08-04-2026 15:33:38 RAM 3816/7620MB (lfb 1x1MB) SWAP 2370/12002MB (cached 117MB) CPU [0%@1728,0%@1728,0%@1728,0%@1728,100%@1728,0%@1728] GR3D_FREQ 9% cpu@57.343C soc2@55.812C soc0@56.562C gpu@57C tj@58.187C soc1@58.187C VDD_IN 8861mW/8891mW VDD_CPU_GPU_CV 2826mW/2835mW VDD_SOC 2625mW/2625mW
08-04-2026 15:33:39 RAM 3816/7620MB (lfb 1x1MB) SWAP 2370/12002MB (cached 117MB) CPU [0%@1728,0%@1728,0%@1728,9%@1728,100%@1728,0%@1728] GR3D_FREQ 8% cpu@57.5C soc2@55.781C soc0@56.625C gpu@57C tj@58.156C soc1@58.156C VDD_IN 8861mW/8891mW VDD_CPU_GPU_CV 2826mW/2835mW VDD_SOC 2625mW/2625mW
08-04-2026 15:33:39 RAM 3816/7620MB (lfb 1x1MB) SWAP 2370/12002MB (cached 117MB) CPU [0%@1728,0%@1728,0%@1728,0%@1728,100%@1728,0%@1728] GR3D_FREQ 8% cpu@57.125C soc2@55.75C soc0@56.718C gpu@57.125C tj@58.281C soc1@58.281C VDD_IN 8861mW/8891mW VDD_CPU_GPU_CV 2826mW/2835mW VDD_SOC 2625mW/2625mW
08-04-2026 15:33:39 RAM 3816/7620MB (lfb 1x1MB) SWAP 2370/12002MB (cached 117MB) CPU [0%@1728,0%@1728,0%@1728,0%@1728,100%@1728,0%@1728] GR3D_FREQ 9% cpu@57.312C soc2@55.906C soc0@56.781C gpu@56.968C tj@58.375C soc1@58.375C VDD_IN 8861mW/8891mW VDD_CPU_GPU_CV 2826mW/2835mW VDD_SOC 2625mW/2625mW
08-04-2026 15:33:39 RAM 3816/7620MB (lfb 1x1MB) SWAP 2370/12002MB (cached 117MB) CPU [0%@1728,0%@1728,0%@1728,0%@1728,100%@1728,0%@1728] GR3D_FREQ 10% cpu@57.25C soc2@55.906C soc0@56.687C gpu@56.968C tj@58.125C soc1@58.125C VDD_IN 8902mW/8891mW VDD_CPU_GPU_CV 2826mW/2835mW VDD_SOC 2625mW/2625mW
08-04-2026 15:33:39 RAM 3816/7620MB (lfb 1x1MB) SWAP 2370/12002MB (cached 117MB) CPU [9%@1728,0%@1728,0%@1728,0%@1728,100%@1728,0%@1728] GR3D_FREQ 8% cpu@57.437C soc2@55.75C soc0@56.593C gpu@57.031C tj@58.25C soc1@58.25C VDD_IN 8861mW/8891mW VDD_CPU_GPU_CV 2826mW/2835mW VDD_SOC 2625mW/2625mW
08-04-2026 15:33:39 RAM 3816/7620MB (lfb 1x1MB) SWAP 2370/12002MB (cached 117MB) CPU [0%@1728,9%@1728,0%@1728,0%@1728,100%@1728,0%@1728] GR3D_FREQ 8% cpu@57.187C soc2@55.812C soc0@56.625C gpu@56.937C tj@58.281C soc1@58.281C VDD_IN 8861mW/8891mW VDD_CPU_GPU_CV 2826mW/2835mW VDD_SOC 2625mW/2625mW
08-04-2026 15:33:39 RAM 3816/7620MB (lfb 1x1MB) SWAP 2370/12002MB (cached 117MB) CPU [0%@1728,0%@1728,0%@1728,0%@1728,100%@1728,0%@1728] GR3D_FREQ 9% cpu@57.218C soc2@55.781C soc0@56.781C gpu@57.187C tj@58.312C soc1@58.312C VDD_IN 8861mW/8891mW VDD_CPU_GPU_CV 2826mW/2835mW VDD_SOC 2625mW/2625mW
08-04-2026 15:33:39 RAM 3816/7620MB (lfb 1x1MB) SWAP 2370/12002MB (cached 117MB) CPU [0%@1728,0%@1728,0%@1728,0%@1728,100%@1728,0%@1728] GR3D_FREQ 9% cpu@57.25C soc2@55.875C soc0@56.781C gpu@57.093C tj@58.156C soc1@58.156C VDD_IN 8861mW/8891mW VDD_CPU_GPU_CV 2826mW/2835mW VDD_SOC 2625mW/2625mW
08-04-2026 15:33:39 RAM 3816/7620MB (lfb 1x1MB) SWAP 2370/12002MB (cached 117MB) CPU [9%@1728,0%@1728,0%@1728,0%@1728,100%@1728,0%@1728] GR3D_FREQ 9% cpu@57.375C soc2@55.812C soc0@56.593C gpu@56.968C tj@58.156C soc1@58.156C VDD_IN 8861mW/8891mW VDD_CPU_GPU_CV 2826mW/2835mW VDD_SOC 2625mW/2625mW
08-04-2026 15:33:40 RAM 3816/7620MB (lfb 1x1MB) SWAP 2370/12002MB (cached 117MB) CPU [0%@1728,0%@1728,0%@1728,0%@1728,100%@1728,0%@1728] GR3D_FREQ 9% cpu@57.437C soc2@55.812C soc0@56.656C gpu@57.093C tj@58.281C soc1@58.281C VDD_IN 8861mW/8891mW VDD_CPU_GPU_CV 2826mW/2835mW VDD_SOC 2625mW/2625mW
08-04-2026 15:33:40 RAM 3816/7620MB (lfb 1x1MB) SWAP 2370/12002MB (cached 117MB) CPU [0%@1728,0%@1728,0%@1728,0%@1728,100%@1728,0%@1728] GR3D_FREQ 8% cpu@57.312C soc2@55.812C soc0@56.718C gpu@57.031C tj@58.312C soc1@58.312C VDD_IN 8861mW/8890mW VDD_CPU_GPU_CV 2826mW/2835mW VDD_SOC 2625mW/2625mW
08-04-2026 15:33:40 RAM 3817/7620MB (lfb 1x1MB) SWAP 2370/12002MB (cached 117MB) CPU [33%@1728,18%@1728,20%@1728,0%@1728,100%@1728,9%@1728] GR3D_FREQ 8% cpu@57.343C soc2@55.906C soc0@56.781C gpu@56.968C tj@58.281C soc1@58.281C VDD_IN 8984mW/8891mW VDD_CPU_GPU_CV 2908mW/2835mW VDD_SOC 2625mW/2625mW
08-04-2026 15:33:40 RAM 3817/7620MB (lfb 1x1MB) SWAP 2370/12002MB (cached 117MB) CPU [0%@1728,0%@1728,0%@1728,10%@1728,100%@1728,0%@1728] GR3D_FREQ 10% cpu@57.375C soc2@55.781C soc0@56.562C gpu@57.093C tj@58.187C soc1@58.187C VDD_IN 8984mW/8891mW VDD_CPU_GPU_CV 2908mW/2835mW VDD_SOC 2625mW/2625mW
08-04-2026 15:33:40 RAM 3817/7620MB (lfb 1x1MB) SWAP 2370/12002MB (cached 117MB) CPU [0%@1728,0%@1728,0%@1728,0%@1728,100%@1728,0%@1728] GR3D_FREQ 8% cpu@57.437C soc2@55.812C soc0@56.656C gpu@57.031C tj@58.218C soc1@58.218C VDD_IN 8943mW/8891mW VDD_CPU_GPU_CV 2867mW/2835mW VDD_SOC 2625mW/2625mW
08-04-2026 15:33:40 RAM 3817/7620MB (lfb 1x1MB) SWAP 2370/12002MB (cached 117MB) CPU [9%@1728,0%@1728,0%@1728,0%@1728,100%@1728,0%@1728] GR3D_FREQ 8% cpu@57.093C soc2@55.812C soc0@56.656C gpu@56.968C tj@58.312C soc1@58.312C VDD_IN 8943mW/8891mW VDD_CPU_GPU_CV 2867mW/2835mW VDD_SOC 2625mW/2625mW
08-04-2026 15:33:40 RAM 3817/7620MB (lfb 1x1MB) SWAP 2370/12002MB (cached 117MB) CPU [0%@1728,9%@1728,0%@1728,0%@1728,100%@1728,0%@1728] GR3D_FREQ 8% cpu@57.218C soc2@55.781C soc0@56.718C gpu@57.093C tj@58.312C soc1@58.312C VDD_IN 8943mW/8891mW VDD_CPU_GPU_CV 2867mW/2835mW VDD_SOC 2625mW/2625mW
08-04-2026 15:33:40 RAM 3817/7620MB (lfb 1x1MB) SWAP 2370/12002MB (cached 117MB) CPU [0%@1728,0%@1728,8%@1728,0%@1728,100%@1728,0%@1728] GR3D_FREQ 10% cpu@57.187C soc2@55.812C soc0@56.625C gpu@57.031C tj@58.125C soc1@58.125C VDD_IN 8902mW/8891mW VDD_CPU_GPU_CV 2867mW/2835mW VDD_SOC 2625mW/2625mW
08-04-2026 15:33:40 RAM 3817/7620MB (lfb 1x1MB) SWAP 2370/12002MB (cached 117MB) CPU [0%@1728,0%@1728,9%@1728,0%@1728,100%@1728,0%@1728] GR3D_FREQ 10% cpu@57.281C soc2@55.812C soc0@56.562C gpu@56.968C tj@58.218C soc1@58.218C VDD_IN 8902mW/8891mW VDD_CPU_GPU_CV 2867mW/2835mW VDD_SOC 2625mW/2625mW
08-04-2026 15:33:40 RAM 3817/7620MB (lfb 1x1MB) SWAP 2370/12002MB (cached 117MB) CPU [0%@1728,0%@1728,0%@1728,9%@1728,100%@1728,0%@1728] GR3D_FREQ 8% cpu@57.125C soc2@55.812C soc0@56.687C gpu@57.093C tj@58.281C soc1@58.281C VDD_IN 8902mW/8891mW VDD_CPU_GPU_CV 2867mW/2835mW VDD_SOC 2625mW/2625mW
08-04-2026 15:33:41 RAM 3817/7620MB (lfb 1x1MB) SWAP 2370/12002MB (cached 117MB) CPU [0%@1728,0%@1728,0%@1728,0%@1728,100%@1728,0%@1728] GR3D_FREQ 9% cpu@57.25C soc2@55.75C soc0@56.593C gpu@57C tj@58.281C soc1@58.281C VDD_IN 8902mW/8891mW VDD_CPU_GPU_CV 2826mW/2835mW VDD_SOC 2625mW/2625mW
08-04-2026 15:33:41 RAM 3817/7620MB (lfb 1x1MB) SWAP 2370/12002MB (cached 117MB) CPU [0%@1728,0%@1728,9%@1728,0%@1728,100%@1728,0%@1728] GR3D_FREQ 8% cpu@57.312C soc2@55.906C soc0@56.687C gpu@57C tj@58.25C soc1@58.25C VDD_IN 8902mW/8891mW VDD_CPU_GPU_CV 2826mW/2835mW VDD_SOC 2625mW/2625mW
08-04-2026 15:33:41 RAM 3817/7620MB (lfb 1x1MB) SWAP 2370/12002MB (cached 117MB) CPU [0%@1728,0%@1728,0%@1728,9%@1728,100%@1728,8%@1728] GR3D_FREQ 9% cpu@57.343C soc2@55.906C soc0@56.656C gpu@57.031C tj@58.25C soc1@58.25C VDD_IN 8902mW/8891mW VDD_CPU_GPU_CV 2867mW/2835mW VDD_SOC 2625mW/2625mW
08-04-2026 15:33:41 RAM 3817/7620MB (lfb 1x1MB) SWAP 2370/12002MB (cached 117MB) CPU [0%@1728,0%@1728,9%@1728,0%@1728,100%@1728,0%@1728] GR3D_FREQ 9% cpu@57.343C soc2@55.812C soc0@56.625C gpu@57.031C tj@58.25C soc1@58.25C VDD_IN 8902mW/8891mW VDD_CPU_GPU_CV 2867mW/2835mW VDD_SOC 2625mW/2625mW
08-04-2026 15:33:41 RAM 3817/7620MB (lfb 1x1MB) SWAP 2370/12002MB (cached 117MB) CPU [0%@1728,0%@1728,9%@1728,0%@1728,100%@1728,0%@1728] GR3D_FREQ 8% cpu@57.218C soc2@55.875C soc0@56.625C gpu@56.843C tj@58.281C soc1@58.281C VDD_IN 8902mW/8891mW VDD_CPU_GPU_CV 2867mW/2835mW VDD_SOC 2625mW/2625mW
08-04-2026 15:33:41 RAM 3817/7620MB (lfb 1x1MB) SWAP 2370/12002MB (cached 117MB) CPU [0%@1728,0%@1728,0%@1728,0%@1728,100%@1728,0%@1728] GR3D_FREQ 8% cpu@57.218C soc2@55.812C soc0@56.781C gpu@57C tj@58.343C soc1@58.343C VDD_IN 8902mW/8891mW VDD_CPU_GPU_CV 2867mW/2835mW VDD_SOC 2625mW/2625mW
08-04-2026 15:33:41 RAM 3817/7620MB (lfb 1x1MB) SWAP 2370/12002MB (cached 117MB) CPU [0%@1728,9%@1728,0%@1728,8%@1728,100%@1728,0%@1728] GR3D_FREQ 9% cpu@57.281C soc2@55.906C soc0@56.625C gpu@56.968C tj@58.093C soc1@58.093C VDD_IN 8902mW/8891mW VDD_CPU_GPU_CV 2867mW/2835mW VDD_SOC 2625mW/2625mW
08-04-2026 15:33:41 RAM 3817/7620MB (lfb 1x1MB) SWAP 2370/12002MB (cached 117MB) CPU [0%@1728,0%@1728,0%@1728,0%@1728,100%@1728,0%@1728] GR3D_FREQ 11% cpu@57.281C soc2@55.75C soc0@56.593C gpu@57.187C tj@58.187C soc1@58.187C VDD_IN 8902mW/8891mW VDD_CPU_GPU_CV 2826mW/2835mW VDD_SOC 2625mW/2625mW
08-04-2026 15:33:41 RAM 3817/7620MB (lfb 1x1MB) SWAP 2370/12002MB (cached 117MB) CPU [0%@1728,0%@1728,0%@1728,9%@1728,100%@1728,0%@1728] GR3D_FREQ 8% cpu@57.156C soc2@55.812C soc0@56.687C gpu@57.062C tj@58.218C soc1@58.218C VDD_IN 8861mW/8891mW VDD_CPU_GPU_CV 2826mW/2835mW VDD_SOC 2625mW/2625mW
08-04-2026 15:33:42 RAM 3817/7620MB (lfb 1x1MB) SWAP 2370/12002MB (cached 117MB) CPU [0%@1728,0%@1728,0%@1728,0%@1728,100%@1728,0%@1728] GR3D_FREQ 8% cpu@57.125C soc2@55.843C soc0@56.781C gpu@56.968C tj@58.25C soc1@58.25C VDD_IN 8861mW/8891mW VDD_CPU_GPU_CV 2826mW/2835mW VDD_SOC 2625mW/2625mW
08-04-2026 15:33:42 RAM 3817/7620MB (lfb 1x1MB) SWAP 2370/12002MB (cached 117MB) CPU [0%@1728,0%@1728,0%@1728,9%@1728,100%@1728,0%@1728] GR3D_FREQ 8% cpu@57.312C soc2@55.843C soc0@56.781C gpu@57.125C tj@58.156C soc1@58.156C VDD_IN 8902mW/8891mW VDD_CPU_GPU_CV 2826mW/2835mW VDD_SOC 2625mW/2625mW
08-04-2026 15:33:42 RAM 3817/7620MB (lfb 1x1MB) SWAP 2370/12002MB (cached 117MB) CPU [0%@1728,0%@1728,0%@1728,0%@1728,100%@1728,0%@1728] GR3D_FREQ 9% cpu@57.375C soc2@55.812C soc0@56.625C gpu@56.968C tj@58.125C soc1@58.125C VDD_IN 8902mW/8891mW VDD_CPU_GPU_CV 2867mW/2835mW VDD_SOC 2625mW/2625mW
08-04-2026 15:33:42 RAM 3817/7620MB (lfb 1x1MB) SWAP 2370/12002MB (cached 117MB) CPU [0%@1728,0%@1728,9%@1728,0%@1728,100%@1728,0%@1728] GR3D_FREQ 9% cpu@57.187C soc2@55.812C soc0@56.75C gpu@57C tj@58.218C soc1@58.218C VDD_IN 8902mW/8891mW VDD_CPU_GPU_CV 2826mW/2835mW VDD_SOC 2625mW/2625mW
08-04-2026 15:33:42 RAM 3817/7620MB (lfb 1x1MB) SWAP 2370/12002MB (cached 117MB) CPU [0%@1728,0%@1728,0%@1728,0%@1728,100%@1728,0%@1728] GR3D_FREQ 9% cpu@57.187C soc2@55.812C soc0@56.687C gpu@57.156C tj@58.25C soc1@58.25C VDD_IN 8902mW/8891mW VDD_CPU_GPU_CV 2826mW/2835mW VDD_SOC 2625mW/2625mW
08-04-2026 15:33:42 RAM 3817/7620MB (lfb 1x1MB) SWAP 2370/12002MB (cached 117MB) CPU [0%@1728,0%@1728,9%@1728,8%@1728,100%@1728,0%@1728] GR3D_FREQ 8% cpu@57.187C soc2@55.812C soc0@56.781C gpu@57C tj@58.437C soc1@58.437C VDD_IN 8902mW/8891mW VDD_CPU_GPU_CV 2826mW/2835mW VDD_SOC 2625mW/2625mW
08-04-2026 15:33:42 RAM 3817/7620MB (lfb 1x1MB) SWAP 2370/12002MB (cached 117MB) CPU [0%@1728,8%@1728,0%@1728,0%@1728,100%@1728,0%@1728] GR3D_FREQ 9% cpu@57.281C soc2@55.843C soc0@56.562C gpu@56.937C tj@58.062C soc1@58.062C VDD_IN 8902mW/8891mW VDD_CPU_GPU_CV 2826mW/2835mW VDD_SOC 2625mW/2625mW
08-04-2026 15:33:42 RAM 3817/7620MB (lfb 1x1MB) SWAP 2370/12002MB (cached 117MB) CPU [0%@1728,0%@1728,0%@1728,9%@1728,100%@1728,0%@1728] GR3D_FREQ 9% cpu@57.375C soc2@55.812C soc0@56.593C gpu@57.062C tj@58.156C soc1@58.156C VDD_IN 8902mW/8891mW VDD_CPU_GPU_CV 2826mW/2835mW VDD_SOC 2625mW/2625mW
08-04-2026 15:33:42 RAM 3817/7620MB (lfb 1x1MB) SWAP 2370/12002MB (cached 117MB) CPU [0%@1728,0%@1728,0%@1728,0%@1728,100%@1728,0%@1728] GR3D_FREQ 9% cpu@57.218C soc2@55.812C soc0@56.656C gpu@57.031C tj@58.343C soc1@58.343C VDD_IN 8902mW/8891mW VDD_CPU_GPU_CV 2826mW/2835mW VDD_SOC 2625mW/2625mW
08-04-2026 15:33:42 RAM 3817/7620MB (lfb 1x1MB) SWAP 2370/12002MB (cached 117MB) CPU [0%@1728,0%@1728,0%@1728,0%@1728,100%@1728,0%@1728] GR3D_FREQ 8% cpu@57.281C soc2@55.812C soc0@56.718C gpu@57.218C tj@58.343C soc1@58.343C VDD_IN 8902mW/8891mW VDD_CPU_GPU_CV 2826mW/2835mW VDD_SOC 2625mW/2625mW
08-04-2026 15:33:43 RAM 3817/7620MB (lfb 1x1MB) SWAP 2370/12002MB (cached 117MB) CPU [0%@1728,0%@1728,0%@1728,0%@1728,100%@1728,0%@1728] GR3D_FREQ 8% cpu@57.281C soc2@55.812C soc0@56.781C gpu@57.062C tj@58.156C soc1@58.156C VDD_IN 8861mW/8891mW VDD_CPU_GPU_CV 2826mW/2835mW VDD_SOC 2625mW/2625mW
08-04-2026 15:33:43 RAM 3817/7620MB (lfb 1x1MB) SWAP 2370/12002MB (cached 117MB) CPU [0%@1728,0%@1728,0%@1728,16%@1728,100%@1728,0%@1728] GR3D_FREQ 9% cpu@57.312C soc2@55.812C soc0@56.593C gpu@57.031C tj@58.187C soc1@58.125C VDD_IN 8902mW/8891mW VDD_CPU_GPU_CV 2826mW/2835mW VDD_SOC 2625mW/2625mW
08-04-2026 15:33:43 RAM 3817/7620MB (lfb 1x1MB) SWAP 2370/12002MB (cached 117MB) CPU [9%@1728,0%@1728,0%@1728,0%@1728,100%@1728,0%@1728] GR3D_FREQ 10% cpu@57.218C soc2@55.75C soc0@56.687C gpu@57.125C tj@58.281C soc1@58.281C VDD_IN 8902mW/8891mW VDD_CPU_GPU_CV 2826mW/2835mW VDD_SOC 2625mW/2625mW
08-04-2026 15:33:43 RAM 3817/7620MB (lfb 1x1MB) SWAP 2370/12002MB (cached 117MB) CPU [0%@1728,0%@1728,0%@1728,0%@1728,100%@1728,0%@1728] GR3D_FREQ 9% cpu@57.25C soc2@55.843C soc0@56.656C gpu@57.093C tj@58.25C soc1@58.25C VDD_IN 8902mW/8891mW VDD_CPU_GPU_CV 2826mW/2835mW VDD_SOC 2625mW/2625mW
08-04-2026 15:33:43 RAM 3819/7620MB (lfb 1x1MB) SWAP 2370/12002MB (cached 117MB) CPU [27%@1728,0%@1728,0%@1728,9%@1728,100%@1728,0%@1728] GR3D_FREQ 9% cpu@57.312C soc2@55.843C soc0@56.781C gpu@56.968C tj@58.187C soc1@58.187C VDD_IN 8984mW/8891mW VDD_CPU_GPU_CV 2908mW/2835mW VDD_SOC 2625mW/2625mW
08-04-2026 15:33:43 RAM 3819/7620MB (lfb 1x1MB) SWAP 2370/12002MB (cached 117MB) CPU [0%@1728,9%@1728,0%@1728,0%@1728,100%@1728,0%@1728] GR3D_FREQ 8% cpu@57.343C soc2@55.812C soc0@56.531C gpu@57.093C tj@58.125C soc1@58.125C VDD_IN 8943mW/8891mW VDD_CPU_GPU_CV 2867mW/2835mW VDD_SOC 2625mW/2625mW
08-04-2026 15:33:43 RAM 3819/7620MB (lfb 1x1MB) SWAP 2370/12002MB (cached 117MB) CPU [0%@1728,0%@1728,0%@1728,0%@1728,100%@1728,0%@1728] GR3D_FREQ 9% cpu@57.5C soc2@55.812C soc0@56.656C gpu@57.031C tj@58.093C soc1@58.093C VDD_IN 8943mW/8891mW VDD_CPU_GPU_CV 2867mW/2835mW VDD_SOC 2625mW/2625mW
08-04-2026 15:33:43 RAM 3819/7620MB (lfb 1x1MB) SWAP 2370/12002MB (cached 117MB) CPU [0%@1728,0%@1728,0%@1728,0%@1728,100%@1728,0%@1728] GR3D_FREQ 10% cpu@57.187C soc2@55.781C soc0@56.687C gpu@56.968C tj@58.375C soc1@58.375C VDD_IN 8943mW/8891mW VDD_CPU_GPU_CV 2867mW/2835mW VDD_SOC 2625mW/2625mW
08-04-2026 15:33:43 RAM 3819/7620MB (lfb 1x1MB) SWAP 2370/12002MB (cached 117MB) CPU [0%@1728,0%@1728,0%@1728,0%@1728,100%@1728,0%@1728] GR3D_FREQ 8% cpu@57.312C soc2@55.843C soc0@56.718C gpu@57.125C tj@58.312C soc1@58.375C VDD_IN 8902mW/8891mW VDD_CPU_GPU_CV 2867mW/2835mW VDD_SOC 2625mW/2625mW
08-04-2026 15:33:44 RAM 3819/7620MB (lfb 1x1MB) SWAP 2370/12002MB (cached 117MB) CPU [0%@1728,0%@1728,8%@1728,0%@1728,100%@1728,0%@1728] GR3D_FREQ 8% cpu@57.281C soc2@55.937C soc0@56.593C gpu@57.031C tj@58.156C soc1@58.156C VDD_IN 8902mW/8891mW VDD_CPU_GPU_CV 2867mW/2835mW VDD_SOC 2625mW/2625mW
08-04-2026 15:33:44 RAM 3819/7620MB (lfb 1x1MB) SWAP 2370/12002MB (cached 117MB) CPU [0%@1728,0%@1728,0%@1728,0%@1728,100%@1728,0%@1728] GR3D_FREQ 8% cpu@57.437C soc2@55.781C soc0@56.625C gpu@56.968C tj@58.156C soc1@58.156C VDD_IN 8902mW/8891mW VDD_CPU_GPU_CV 2867mW/2835mW VDD_SOC 2625mW/2625mW
08-04-2026 15:33:44 RAM 3819/7620MB (lfb 1x1MB) SWAP 2370/12002MB (cached 117MB) CPU [0%@1728,9%@1728,9%@1728,0%@1728,100%@1728,0%@1728] GR3D_FREQ 9% cpu@57.187C soc2@55.781C soc0@56.593C gpu@57.093C tj@58.187C soc1@58.187C VDD_IN 8902mW/8891mW VDD_CPU_GPU_CV 2867mW/2836mW VDD_SOC 2625mW/2625mW
08-04-2026 15:33:44 RAM 3819/7620MB (lfb 1x1MB) SWAP 2370/12002MB (cached 117MB) CPU [16%@1728,0%@1728,0%@1728,0%@1728,100%@1728,0%@1728] GR3D_FREQ 10% cpu@57.218C soc2@55.843C soc0@56.75C gpu@57.031C tj@58.406C soc1@58.406C VDD_IN 8902mW/8891mW VDD_CPU_GPU_CV 2867mW/2836mW VDD_SOC 2625mW/2625mW
08-04-2026 15:33:44 RAM 3819/7620MB (lfb 1x1MB) SWAP 2370/12002MB (cached 117MB) CPU [0%@1728,0%@1728,0%@1728,0%@1728,100%@1728,0%@1728] GR3D_FREQ 8% cpu@57.312C soc2@55.843C soc0@56.687C gpu@57C tj@58.218C soc1@58.218C VDD_IN 8902mW/8891mW VDD_CPU_GPU_CV 2867mW/2836mW VDD_SOC 2625mW/2625mW
08-04-2026 15:33:44 RAM 3819/7620MB (lfb 1x1MB) SWAP 2370/12002MB (cached 117MB) CPU [0%@1728,0%@1728,0%@1728,0%@1728,100%@1728,0%@1728] GR3D_FREQ 9% cpu@57.25C soc2@55.781C soc0@56.593C gpu@57.062C tj@58.156C soc1@58.156C VDD_IN 8902mW/8891mW VDD_CPU_GPU_CV 2867mW/2836mW VDD_SOC 2625mW/2625mW
08-04-2026 15:33:44 RAM 3819/7620MB (lfb 1x1MB) SWAP 2370/12002MB (cached 117MB) CPU [0%@1728,16%@1728,0%@1728,0%@1728,100%@1728,0%@1728] GR3D_FREQ 8% cpu@57.218C soc2@55.812C soc0@56.718C gpu@57.031C tj@58.281C soc1@58.281C VDD_IN 8902mW/8891mW VDD_CPU_GPU_CV 2826mW/2836mW VDD_SOC 2625mW/2625mW
08-04-2026 15:33:44 RAM 3819/7620MB (lfb 1x1MB) SWAP 2370/12002MB (cached 117MB) CPU [0%@1728,0%@1728,0%@1728,0%@1728,100%@1728,0%@1728] GR3D_FREQ 9% cpu@57.218C soc2@55.875C soc0@56.75C gpu@56.937C tj@58.312C soc1@58.312C VDD_IN 8902mW/8891mW VDD_CPU_GPU_CV 2826mW/2836mW VDD_SOC 2625mW/2625mW
08-04-2026 15:33:44 RAM 3819/7620MB (lfb 1x1MB) SWAP 2370/12002MB (cached 117MB) CPU [0%@1728,0%@1728,0%@1728,0%@1728,100%@1728,0%@1728] GR3D_FREQ 10% cpu@57.312C soc2@55.843C soc0@56.781C gpu@57.031C tj@58.468C soc1@58.468C VDD_IN 8902mW/8891mW VDD_CPU_GPU_CV 2826mW/2836mW VDD_SOC 2625mW/2625mW
08-04-2026 15:33:44 RAM 3819/7620MB (lfb 1x1MB) SWAP 2370/12002MB (cached 117MB) CPU [0%@1728,0%@1728,0%@1728,0%@1728,100%@1728,0%@1728] GR3D_FREQ 8% cpu@57.343C soc2@55.812C soc0@56.625C gpu@57.031C tj@58.218C soc1@58.218C VDD_IN 8902mW/8891mW VDD_CPU_GPU_CV 2826mW/2836mW VDD_SOC 2625mW/2625mW
08-04-2026 15:33:45 RAM 3819/7620MB (lfb 1x1MB) SWAP 2370/12002MB (cached 117MB) CPU [8%@1728,0%@1728,0%@1728,0%@1728,100%@1728,0%@1728] GR3D_FREQ 8% cpu@57.406C soc2@55.781C soc0@56.656C gpu@57.187C tj@58.25C soc1@58.25C VDD_IN 8861mW/8891mW VDD_CPU_GPU_CV 2826mW/2836mW VDD_SOC 2625mW/2625mW
08-04-2026 15:33:45 RAM 3819/7620MB (lfb 1x1MB) SWAP 2370/12002MB (cached 117MB) CPU [0%@1728,0%@1728,0%@1728,0%@1728,100%@1728,0%@1728] GR3D_FREQ 8% cpu@57.25C soc2@55.781C soc0@56.656C gpu@57C tj@58.312C soc1@58.312C VDD_IN 8861mW/8891mW VDD_CPU_GPU_CV 2826mW/2836mW VDD_SOC 2625mW/2625mW
08-04-2026 15:33:45 RAM 3819/7620MB (lfb 1x1MB) SWAP 2370/12002MB (cached 117MB) CPU [0%@1728,9%@1728,0%@1728,9%@1728,100%@1728,0%@1728] GR3D_FREQ 9% cpu@57.25C soc2@55.812C soc0@56.781C gpu@56.937C tj@58.312C soc1@58.312C VDD_IN 8902mW/8891mW VDD_CPU_GPU_CV 2826mW/2836mW VDD_SOC 2625mW/2625mW
08-04-2026 15:33:45 RAM 3819/7620MB (lfb 1x1MB) SWAP 2370/12002MB (cached 117MB) CPU [0%@1728,0%@1728,0%@1728,0%@1728,100%@1728,0%@1728] GR3D_FREQ 10% cpu@57.375C soc2@55.937C soc0@56.562C gpu@57.093C tj@58.156C soc1@58.156C VDD_IN 8902mW/8891mW VDD_CPU_GPU_CV 2826mW/2836mW VDD_SOC 2625mW/2625mW
08-04-2026 15:33:45 RAM 3819/7620MB (lfb 1x1MB) SWAP 2370/12002MB (cached 117MB) CPU [0%@1728,0%@1728,0%@1728,0%@1728,100%@1728,0%@1728] GR3D_FREQ 8% cpu@57.406C soc2@55.812C soc0@56.656C gpu@57C tj@58.187C soc1@58.187C VDD_IN 8902mW/8891mW VDD_CPU_GPU_CV 2826mW/2836mW VDD_SOC 2625mW/2625mW
08-04-2026 15:33:45 RAM 3819/7620MB (lfb 1x1MB) SWAP 2370/12002MB (cached 117MB) CPU [0%@1728,0%@1728,0%@1728,0%@1728,100%@1728,0%@1728] GR3D_FREQ 9% cpu@57.25C soc2@55.781C soc0@56.687C gpu@56.968C tj@58.156C soc1@58.156C VDD_IN 8902mW/8891mW VDD_CPU_GPU_CV 2826mW/2836mW VDD_SOC 2625mW/2625mW
08-04-2026 15:33:45 RAM 3819/7620MB (lfb 1x1MB) SWAP 2370/12002MB (cached 117MB) CPU [0%@1728,9%@1728,0%@1728,0%@1728,100%@1728,0%@1728] GR3D_FREQ 8% cpu@57.125C soc2@55.75C soc0@56.718C gpu@57.093C tj@58.25C soc1@58.25C VDD_IN 8861mW/8891mW VDD_CPU_GPU_CV 2826mW/2836mW VDD_SOC 2625mW/2625mW
08-04-2026 15:33:45 RAM 3819/7620MB (lfb 1x1MB) SWAP 2370/12002MB (cached 117MB) CPU [0%@1728,0%@1728,0%@1728,0%@1728,100%@1728,0%@1728] GR3D_FREQ 9% cpu@57.281C soc2@55.843C soc0@56.718C gpu@57C tj@58.468C soc1@58.468C VDD_IN 8861mW/8891mW VDD_CPU_GPU_CV 2826mW/2835mW VDD_SOC 2625mW/2625mW
08-04-2026 15:33:45 RAM 3819/7620MB (lfb 1x1MB) SWAP 2370/12002MB (cached 117MB) CPU [0%@1728,0%@1728,0%@1728,0%@1728,100%@1728,0%@1728] GR3D_FREQ 10% cpu@57.375C soc2@55.875C soc0@56.593C gpu@56.906C tj@58.187C soc1@58.187C VDD_IN 8861mW/8891mW VDD_CPU_GPU_CV 2826mW/2835mW VDD_SOC 2625mW/2625mW
08-04-2026 15:33:46 RAM 3819/7620MB (lfb 1x1MB) SWAP 2370/12002MB (cached 117MB) CPU [0%@1728,0%@1728,0%@1728,9%@1728,100%@1728,0%@1728] GR3D_FREQ 8% cpu@57.406C soc2@55.812C soc0@56.656C gpu@57.093C tj@58.218C soc1@58.218C VDD_IN 8861mW/8891mW VDD_CPU_GPU_CV 2826mW/2835mW VDD_SOC 2625mW/2625mW
08-04-2026 15:33:46 RAM 3819/7620MB (lfb 1x1MB) SWAP 2370/12002MB (cached 117MB) CPU [0%@1728,0%@1728,0%@1728,0%@1728,100%@1728,0%@1728] GR3D_FREQ 8% cpu@57.218C soc2@55.781C soc0@56.718C gpu@57.031C tj@58.343C soc1@58.343C VDD_IN 8861mW/8891mW VDD_CPU_GPU_CV 2826mW/2835mW VDD_SOC 2625mW/2625mW
08-04-2026 15:33:46 RAM 3819/7620MB (lfb 1x1MB) SWAP 2370/12002MB (cached 117MB) CPU [0%@1728,0%@1728,0%@1728,0%@1728,100%@1728,0%@1728] GR3D_FREQ 8% cpu@57.218C soc2@55.875C soc0@56.781C gpu@56.968C tj@58.312C soc1@58.312C VDD_IN 8861mW/8891mW VDD_CPU_GPU_CV 2826mW/2835mW VDD_SOC 2625mW/2625mW
08-04-2026 15:33:46 RAM 3819/7620MB (lfb 1x1MB) SWAP 2370/12002MB (cached 117MB) CPU [0%@1728,0%@1728,0%@1728,0%@1728,100%@1728,0%@1728] GR3D_FREQ 9% cpu@57.25C soc2@55.906C soc0@56.687C gpu@57.093C tj@58.187C soc1@58.187C VDD_IN 8902mW/8891mW VDD_CPU_GPU_CV 2867mW/2835mW VDD_SOC 2625mW/2625mW
08-04-2026 15:33:46 RAM 3819/7620MB (lfb 1x1MB) SWAP 2370/12002MB (cached 117MB) CPU [0%@1728,9%@1728,0%@1728,0%@1728,100%@1728,0%@1728] GR3D_FREQ 9% cpu@57.375C soc2@55.812C soc0@56.593C gpu@57.031C tj@58.187C soc1@58.187C VDD_IN 8902mW/8891mW VDD_CPU_GPU_CV 2826mW/2835mW VDD_SOC 2625mW/2625mW
08-04-2026 15:33:46 RAM 3819/7620MB (lfb 1x1MB) SWAP 2370/12002MB (cached 117MB) CPU [0%@1728,0%@1728,0%@1728,0%@1728,100%@1728,0%@1728] GR3D_FREQ 8% cpu@57.125C soc2@55.812C soc0@56.656C gpu@57.218C tj@58.187C soc1@58.187C VDD_IN 8861mW/8891mW VDD_CPU_GPU_CV 2826mW/2835mW VDD_SOC 2625mW/2625mW
08-04-2026 15:33:46 RAM 3819/7620MB (lfb 1x1MB) SWAP 2370/12002MB (cached 117MB) CPU [9%@1728,0%@1728,0%@1728,8%@1728,100%@1728,0%@1728] GR3D_FREQ 8% cpu@57.281C soc2@55.812C soc0@56.718C gpu@57.062C tj@58.281C soc1@58.281C VDD_IN 8861mW/8891mW VDD_CPU_GPU_CV 2826mW/2835mW VDD_SOC 2625mW/2625mW
08-04-2026 15:33:46 RAM 3817/7620MB (lfb 1x1MB) SWAP 2370/12002MB (cached 117MB) CPU [0%@1728,20%@1728,0%@1728,20%@1728,100%@1728,0%@1728] GR3D_FREQ 9% cpu@57.25C soc2@55.843C soc0@56.812C gpu@57.031C tj@58.125C soc1@58.125C VDD_IN 8943mW/8891mW VDD_CPU_GPU_CV 2908mW/2836mW VDD_SOC 2666mW/2625mW
08-04-2026 15:33:46 RAM 3817/7620MB (lfb 1x1MB) SWAP 2370/12002MB (cached 117MB) CPU [0%@1728,0%@1728,0%@1728,0%@1728,100%@1728,0%@1728] GR3D_FREQ 9% cpu@57.406C soc2@55.812C soc0@56.562C gpu@57.187C tj@58.25C soc1@58.25C VDD_IN 8943mW/8891mW VDD_CPU_GPU_CV 2867mW/2836mW VDD_SOC 2625mW/2625mW
08-04-2026 15:33:46 RAM 3817/7620MB (lfb 1x1MB) SWAP 2370/12002MB (cached 117MB) CPU [0%@1728,0%@1728,9%@1728,0%@1728,100%@1728,0%@1728] GR3D_FREQ 9% cpu@57.5C soc2@55.812C soc0@56.687C gpu@57.031C tj@58.156C soc1@58.156C VDD_IN 8943mW/8891mW VDD_CPU_GPU_CV 2867mW/2836mW VDD_SOC 2625mW/2625mW
08-04-2026 15:33:47 RAM 3817/7620MB (lfb 1x1MB) SWAP 2370/12002MB (cached 117MB) CPU [0%@1728,0%@1728,0%@1728,0%@1728,100%@1728,0%@1728] GR3D_FREQ 8% cpu@57.218C soc2@55.875C soc0@56.687C gpu@57.031C tj@58.375C soc1@58.375C VDD_IN 8902mW/8891mW VDD_CPU_GPU_CV 2867mW/2836mW VDD_SOC 2625mW/2625mW
08-04-2026 15:33:47 RAM 3817/7620MB (lfb 1x1MB) SWAP 2370/12002MB (cached 117MB) CPU [0%@1728,0%@1728,0%@1728,0%@1728,100%@1728,0%@1728] GR3D_FREQ 8% cpu@57.187C soc2@55.812C soc0@56.75C gpu@57.156C tj@58.312C soc1@58.312C VDD_IN 8902mW/8891mW VDD_CPU_GPU_CV 2867mW/2836mW VDD_SOC 2625mW/2625mW
08-04-2026 15:33:47 RAM 3817/7620MB (lfb 1x1MB) SWAP 2370/12002MB (cached 117MB) CPU [9%@1728,0%@1728,0%@1728,0%@1728,100%@1728,0%@1728] GR3D_FREQ 9% cpu@57.312C soc2@55.906C soc0@56.625C gpu@57.031C tj@58.218C soc1@58.218C VDD_IN 8902mW/8891mW VDD_CPU_GPU_CV 2867mW/2836mW VDD_SOC 2625mW/2625mW
08-04-2026 15:33:47 RAM 3817/7620MB (lfb 1x1MB) SWAP 2370/12002MB (cached 117MB) CPU [0%@1728,8%@1728,0%@1728,0%@1728,100%@1728,0%@1728] GR3D_FREQ 10% cpu@57.375C soc2@55.75C soc0@56.562C gpu@56.968C tj@58.125C soc1@58.125C VDD_IN 8902mW/8891mW VDD_CPU_GPU_CV 2867mW/2836mW VDD_SOC 2625mW/2625mW
08-04-2026 15:33:47 RAM 3817/7620MB (lfb 1x1MB) SWAP 2370/12002MB (cached 117MB) CPU [0%@1728,0%@1728,0%@1728,0%@1728,100%@1728,0%@1728] GR3D_FREQ 8% cpu@57.125C soc2@55.718C soc0@56.656C gpu@57.093C tj@58.25C soc1@58.25C VDD_IN 8902mW/8891mW VDD_CPU_GPU_CV 2867mW/2836mW VDD_SOC 2625mW/2625mW
08-04-2026 15:33:47 RAM 3817/7620MB (lfb 1x1MB) SWAP 2370/12002MB (cached 117MB) CPU [0%@1728,0%@1728,8%@1728,0%@1728,100%@1728,0%@1728] GR3D_FREQ 8% cpu@57.187C soc2@55.812C soc0@56.75C gpu@57C tj@58.281C soc1@58.281C VDD_IN 8902mW/8891mW VDD_CPU_GPU_CV 2826mW/2836mW VDD_SOC 2625mW/2625mW
08-04-2026 15:33:47 RAM 3817/7620MB (lfb 1x1MB) SWAP 2370/12002MB (cached 117MB) CPU [0%@1728,15%@1728,0%@1728,0%@1728,100%@1728,0%@1728] GR3D_FREQ 9% cpu@57.218C soc2@55.843C soc0@56.812C gpu@57.031C tj@58.156C soc1@58.156C VDD_IN 8902mW/8891mW VDD_CPU_GPU_CV 2826mW/2836mW VDD_SOC 2625mW/2625mW
08-04-2026 15:33:47 RAM 3817/7620MB (lfb 1x1MB) SWAP 2370/12002MB (cached 117MB) CPU [0%@1728,0%@1728,0%@1728,9%@1728,100%@1728,0%@1728] GR3D_FREQ 10% cpu@57.406C soc2@55.781C soc0@56.562C gpu@57.031C tj@58.218C soc1@58.218C VDD_IN 8902mW/8891mW VDD_CPU_GPU_CV 2826mW/2836mW VDD_SOC 2625mW/2625mW
08-04-2026 15:33:47 RAM 3817/7620MB (lfb 1x1MB) SWAP 2370/12002MB (cached 117MB) CPU [0%@1728,0%@1728,0%@1728,0%@1728,100%@1728,0%@1728] GR3D_FREQ 9% cpu@57.531C soc2@55.781C soc0@56.687C gpu@57.031C tj@58.25C soc1@58.25C VDD_IN 8861mW/8891mW VDD_CPU_GPU_CV 2826mW/2836mW VDD_SOC 2625mW/2625mW
08-04-2026 15:33:48 RAM 3817/7620MB (lfb 1x1MB) SWAP 2370/12002MB (cached 117MB) CPU [0%@1728,8%@1728,0%@1728,9%@1728,100%@1728,0%@1728] GR3D_FREQ 9% cpu@57.218C soc2@55.812C soc0@56.656C gpu@57.218C tj@58.343C soc1@58.343C VDD_IN 8861mW/8891mW VDD_CPU_GPU_CV 2826mW/2836mW VDD_SOC 2625mW/2625mW
08-04-2026 15:33:48 RAM 3817/7620MB (lfb 1x1MB) SWAP 2370/12002MB (cached 117MB) CPU [0%@1728,0%@1728,0%@1728,0%@1728,100%@1728,0%@1728] GR3D_FREQ 8% cpu@57.218C soc2@55.875C soc0@56.812C gpu@57.093C tj@58.406C soc1@58.406C VDD_IN 8902mW/8891mW VDD_CPU_GPU_CV 2826mW/2836mW VDD_SOC 2625mW/2625mW
08-04-2026 15:33:48 RAM 3817/7620MB (lfb 1x1MB) SWAP 2370/12002MB (cached 117MB) CPU [9%@1728,9%@1728,0%@1728,0%@1728,100%@1728,0%@1728] GR3D_FREQ 9% cpu@57.25C soc2@55.75C soc0@56.687C gpu@57.031C tj@58.125C soc1@58.125C VDD_IN 8902mW/8891mW VDD_CPU_GPU_CV 2867mW/2836mW VDD_SOC 2625mW/2625mW
08-04-2026 15:33:48 RAM 3817/7620MB (lfb 1x1MB) SWAP 2370/12002MB (cached 117MB) CPU [0%@1728,9%@1728,0%@1728,0%@1728,100%@1728,0%@1728] GR3D_FREQ 10% cpu@57.468C soc2@55.75C soc0@56.656C gpu@57.25C tj@58.187C soc1@58.187C VDD_IN 8943mW/8891mW VDD_CPU_GPU_CV 2867mW/2836mW VDD_SOC 2625mW/2625mW
08-04-2026 15:33:48 RAM 3817/7620MB (lfb 1x1MB) SWAP 2370/12002MB (cached 117MB) CPU [0%@1728,0%@1728,0%@1728,0%@1728,100%@1728,0%@1728] GR3D_FREQ 9% cpu@57.187C soc2@55.812C soc0@56.687C gpu@57C tj@58.25C soc1@58.312C VDD_IN 8902mW/8891mW VDD_CPU_GPU_CV 2826mW/2836mW VDD_SOC 2625mW/2625mW
08-04-2026 15:33:48 RAM 3817/7620MB (lfb 1x1MB) SWAP 2370/12002MB (cached 117MB) CPU [36%@1728,0%@1728,0%@1728,9%@1728,70%@1728,0%@1728] GR3D_FREQ 8% cpu@57.093C soc2@55.906C soc0@56.781C gpu@57.031C tj@58.375C soc1@58.375C VDD_IN 8902mW/8891mW VDD_CPU_GPU_CV 2826mW/2836mW VDD_SOC 2625mW/2625mW
08-04-2026 15:33:48 RAM 3817/7620MB (lfb 1x1MB) SWAP 2370/12002MB (cached 117MB) CPU [100%@1728,0%@1728,0%@1728,0%@1728,0%@1728,0%@1728] GR3D_FREQ 9% cpu@57.25C soc2@56C soc0@56.625C gpu@57.218C tj@58.125C soc1@58.125C VDD_IN 8902mW/8891mW VDD_CPU_GPU_CV 2826mW/2836mW VDD_SOC 2625mW/2625mW
08-04-2026 15:33:48 RAM 3817/7620MB (lfb 1x1MB) SWAP 2370/12002MB (cached 117MB) CPU [100%@1728,0%@1728,0%@1728,0%@1728,0%@1728,0%@1728] GR3D_FREQ 8% cpu@57.187C soc2@55.875C soc0@56.656C gpu@57.062C tj@58.125C soc1@58.125C VDD_IN 8902mW/8891mW VDD_CPU_GPU_CV 2826mW/2836mW VDD_SOC 2625mW/2625mW
08-04-2026 15:33:48 RAM 3817/7620MB (lfb 1x1MB) SWAP 2370/12002MB (cached 117MB) CPU [100%@1728,9%@1728,0%@1728,0%@1728,0%@1728,9%@1728] GR3D_FREQ 8% cpu@57.156C soc2@55.906C soc0@56.687C gpu@56.968C tj@58.312C soc1@58.312C VDD_IN 8861mW/8891mW VDD_CPU_GPU_CV 2826mW/2836mW VDD_SOC 2625mW/2625mW
08-04-2026 15:33:48 RAM 3817/7620MB (lfb 1x1MB) SWAP 2370/12002MB (cached 117MB) CPU [100%@1728,0%@1728,8%@1728,0%@1728,0%@1728,0%@1728] GR3D_FREQ 9% cpu@57.218C soc2@55.937C soc0@56.812C gpu@56.968C tj@58.281C soc1@58.281C VDD_IN 8861mW/8891mW VDD_CPU_GPU_CV 2826mW/2836mW VDD_SOC 2625mW/2625mW
08-04-2026 15:33:49 RAM 3817/7620MB (lfb 1x1MB) SWAP 2370/12002MB (cached 117MB) CPU [100%@1728,0%@1728,0%@1728,0%@1728,0%@1728,0%@1728] GR3D_FREQ 8% cpu@57.218C soc2@56.062C soc0@56.656C gpu@57.031C tj@58.093C soc1@58.093C VDD_IN 8861mW/8891mW VDD_CPU_GPU_CV 2826mW/2836mW VDD_SOC 2625mW/2625mW
08-04-2026 15:33:49 RAM 3817/7620MB (lfb 1x1MB) SWAP 2370/12002MB (cached 117MB) CPU [100%@1728,0%@1728,0%@1728,0%@1728,0%@1728,8%@1728] GR3D_FREQ 8% cpu@57.187C soc2@55.937C soc0@56.562C gpu@56.937C tj@58.187C soc1@58.187C VDD_IN 8861mW/8891mW VDD_CPU_GPU_CV 2826mW/2836mW VDD_SOC 2625mW/2625mW
08-04-2026 15:33:49 RAM 3817/7620MB (lfb 1x1MB) SWAP 2370/12002MB (cached 117MB) CPU [100%@1728,0%@1728,0%@1728,0%@1728,0%@1728,0%@1728] GR3D_FREQ 9% cpu@57.187C soc2@55.968C soc0@56.656C gpu@56.875C tj@58.312C soc1@58.312C VDD_IN 8861mW/8891mW VDD_CPU_GPU_CV 2826mW/2836mW VDD_SOC 2625mW/2625mW
08-04-2026 15:33:49 RAM 3817/7620MB (lfb 1x1MB) SWAP 2370/12002MB (cached 117MB) CPU [100%@1728,9%@1728,0%@1728,0%@1728,0%@1728,0%@1728] GR3D_FREQ 8% cpu@57.187C soc2@55.968C soc0@56.781C gpu@57.031C tj@58.406C soc1@58.406C VDD_IN 8861mW/8891mW VDD_CPU_GPU_CV 2826mW/2836mW VDD_SOC 2625mW/2625mW
08-04-2026 15:33:49 RAM 3817/7620MB (lfb 1x1MB) SWAP 2370/12002MB (cached 117MB) CPU [100%@1728,0%@1728,0%@1728,0%@1728,0%@1728,0%@1728] GR3D_FREQ 8% cpu@57.468C soc2@56.093C soc0@56.937C gpu@56.937C tj@58.406C soc1@58.406C VDD_IN 8861mW/8891mW VDD_CPU_GPU_CV 2826mW/2836mW VDD_SOC 2625mW/2625mW
08-04-2026 15:33:49 RAM 3817/7620MB (lfb 1x1MB) SWAP 2370/12002MB (cached 117MB) CPU [100%@1728,8%@1728,0%@1728,0%@1728,0%@1728,0%@1728] GR3D_FREQ 9% cpu@57.093C soc2@55.937C soc0@56.625C gpu@56.812C tj@58.187C soc1@58.187C VDD_IN 8875mW/8891mW VDD_CPU_GPU_CV 2826mW/2836mW VDD_SOC 2625mW/2625mW
08-04-2026 15:33:49 RAM 3817/7620MB (lfb 1x1MB) SWAP 2370/12002MB (cached 117MB) CPU [100%@1728,0%@1728,0%@1728,0%@1728,0%@1728,0%@1728] GR3D_FREQ 10% cpu@57.156C soc2@55.906C soc0@56.656C gpu@57.375C tj@58.25C soc1@58.25C VDD_IN 8875mW/8891mW VDD_CPU_GPU_CV 2826mW/2836mW VDD_SOC 2625mW/2625mW
08-04-2026 15:33:49 RAM 3817/7620MB (lfb 1x1MB) SWAP 2370/12002MB (cached 117MB) CPU [100%@1728,0%@1728,0%@1728,0%@1728,0%@1728,0%@1728] GR3D_FREQ 8% cpu@57.25C soc2@55.906C soc0@56.75C gpu@56.968C tj@58.343C soc1@58.343C VDD_IN 8861mW/8891mW VDD_CPU_GPU_CV 2826mW/2836mW VDD_SOC 2625mW/2625mW
08-04-2026 15:33:49 RAM 3817/7620MB (lfb 1x1MB) SWAP 2370/12002MB (cached 117MB) CPU [100%@1728,0%@1728,0%@1728,0%@1728,0%@1728,0%@1728] GR3D_FREQ 8% cpu@57.468C soc2@56.093C soc0@56.906C gpu@57C tj@58.406C soc1@58.406C VDD_IN 8861mW/8891mW VDD_CPU_GPU_CV 2826mW/2836mW VDD_SOC 2625mW/2625mW
08-04-2026 15:33:50 RAM 3816/7620MB (lfb 1x1MB) SWAP 2370/12002MB (cached 117MB) CPU [100%@1728,0%@1728,30%@1728,9%@1728,0%@1728,0%@1728] GR3D_FREQ 9% cpu@57.625C soc2@55.968C soc0@56.687C gpu@57.312C tj@58.25C soc1@58.25C VDD_IN 8943mW/8891mW VDD_CPU_GPU_CV 2867mW/2836mW VDD_SOC 2666mW/2625mW
08-04-2026 15:33:50 RAM 3816/7620MB (lfb 1x1MB) SWAP 2370/12002MB (cached 117MB) CPU [100%@1728,0%@1728,0%@1728,0%@1728,0%@1728,0%@1728] GR3D_FREQ 8% cpu@57.187C soc2@55.937C soc0@56.781C gpu@57.031C tj@58.281C soc1@58.281C VDD_IN 8943mW/8891mW VDD_CPU_GPU_CV 2867mW/2836mW VDD_SOC 2666mW/2625mW
08-04-2026 15:33:50 RAM 3816/7620MB (lfb 1x1MB) SWAP 2370/12002MB (cached 117MB) CPU [100%@1728,0%@1728,0%@1728,9%@1728,0%@1728,0%@1728] GR3D_FREQ 8% cpu@57.218C soc2@55.968C soc0@56.687C gpu@56.906C tj@58.312C soc1@58.312C VDD_IN 8943mW/8891mW VDD_CPU_GPU_CV 2867mW/2836mW VDD_SOC 2666mW/2625mW
08-04-2026 15:33:50 RAM 3816/7620MB (lfb 1x1MB) SWAP 2370/12002MB (cached 117MB) CPU [100%@1728,8%@1728,0%@1728,0%@1728,0%@1728,0%@1728] GR3D_FREQ 10% cpu@57.406C soc2@56.031C soc0@56.781C gpu@57.312C tj@58.125C soc1@58.125C VDD_IN 8902mW/8891mW VDD_CPU_GPU_CV 2867mW/2836mW VDD_SOC 2625mW/2625mW
08-04-2026 15:33:50 RAM 3816/7620MB (lfb 1x1MB) SWAP 2370/12002MB (cached 117MB) CPU [100%@1728,0%@1728,0%@1728,0%@1728,0%@1728,0%@1728] GR3D_FREQ 8% cpu@57.562C soc2@55.906C soc0@56.625C gpu@57.187C tj@58.187C soc1@58.281C VDD_IN 8902mW/8891mW VDD_CPU_GPU_CV 2826mW/2836mW VDD_SOC 2625mW/2625mW
08-04-2026 15:33:50 RAM 3816/7620MB (lfb 1x1MB) SWAP 2370/12002MB (cached 117MB) CPU [100%@1728,0%@1728,9%@1728,0%@1728,0%@1728,0%@1728] GR3D_FREQ 8% cpu@57.218C soc2@56C soc0@56.687C gpu@56.812C tj@58.25C soc1@58.25C VDD_IN 8902mW/8891mW VDD_CPU_GPU_CV 2826mW/2836mW VDD_SOC 2625mW/2625mW
08-04-2026 15:33:50 RAM 3816/7620MB (lfb 1x1MB) SWAP 2370/12002MB (cached 117MB) CPU [100%@1728,0%@1728,0%@1728,0%@1728,0%@1728,0%@1728] GR3D_FREQ 9% cpu@57.187C soc2@55.968C soc0@56.75C gpu@57.312C tj@58.406C soc1@58.406C VDD_IN 8902mW/8891mW VDD_CPU_GPU_CV 2826mW/2836mW VDD_SOC 2625mW/2625mW
08-04-2026 15:33:50 RAM 3816/7620MB (lfb 1x1MB) SWAP 2370/12002MB (cached 117MB) CPU [100%@1728,9%@1728,0%@1728,0%@1728,0%@1728,0%@1728] GR3D_FREQ 8% cpu@57.281C soc2@55.968C soc0@56.843C gpu@57.093C tj@58.406C soc1@58.406C VDD_IN 8902mW/8891mW VDD_CPU_GPU_CV 2826mW/2836mW VDD_SOC 2625mW/2625mW
08-04-2026 15:33:50 RAM 3816/7620MB (lfb 1x1MB) SWAP 2370/12002MB (cached 117MB) CPU [100%@1728,0%@1728,0%@1728,0%@1728,8%@1728,0%@1728] GR3D_FREQ 8% cpu@57.5C soc2@55.937C soc0@56.656C gpu@56.875C tj@58.218C soc1@58.218C VDD_IN 8861mW/8891mW VDD_CPU_GPU_CV 2826mW/2836mW VDD_SOC 2625mW/2625mW
08-04-2026 15:33:50 RAM 3816/7620MB (lfb 1x1MB) SWAP 2370/12002MB (cached 117MB) CPU [100%@1728,0%@1728,0%@1728,0%@1728,0%@1728,0%@1728] GR3D_FREQ 9% cpu@57.218C soc2@55.968C soc0@56.687C gpu@57.312C tj@58.25C soc1@58.25C VDD_IN 8861mW/8891mW VDD_CPU_GPU_CV 2826mW/2836mW VDD_SOC 2625mW/2625mW
08-04-2026 15:33:51 RAM 3816/7620MB (lfb 1x1MB) SWAP 2370/12002MB (cached 117MB) CPU [100%@1728,0%@1728,0%@1728,0%@1728,0%@1728,0%@1728] GR3D_FREQ 10% cpu@57.343C soc2@56C soc0@56.687C gpu@57.156C tj@58.312C soc1@58.312C VDD_IN 8861mW/8891mW VDD_CPU_GPU_CV 2826mW/2836mW VDD_SOC 2625mW/2625mW
08-04-2026 15:33:51 RAM 3816/7620MB (lfb 1x1MB) SWAP 2370/12002MB (cached 117MB) CPU [100%@1728,0%@1728,0%@1728,0%@1728,0%@1728,0%@1728] GR3D_FREQ 8% cpu@57.406C soc2@56C soc0@56.875C gpu@57.031C tj@58.437C soc1@58.437C VDD_IN 8861mW/8891mW VDD_CPU_GPU_CV 2826mW/2836mW VDD_SOC 2625mW/2625mW
08-04-2026 15:33:51 RAM 3816/7620MB (lfb 1x1MB) SWAP 2370/12002MB (cached 117MB) CPU [100%@1728,9%@1728,16%@1728,0%@1728,0%@1728,0%@1728] GR3D_FREQ 9% cpu@57.375C soc2@55.968C soc0@56.656C gpu@57.218C tj@58.093C soc1@58.093C VDD_IN 8861mW/8891mW VDD_CPU_GPU_CV 2826mW/2836mW VDD_SOC 2625mW/2625mW
08-04-2026 15:33:51 RAM 3816/7620MB (lfb 1x1MB) SWAP 2370/12002MB (cached 117MB) CPU [100%@1728,9%@1728,0%@1728,0%@1728,0%@1728,0%@1728] GR3D_FREQ 9% cpu@57.5C soc2@56C soc0@56.625C gpu@57.125C tj@58.312C soc1@58.312C VDD_IN 8902mW/8891mW VDD_CPU_GPU_CV 2867mW/2836mW VDD_SOC 2625mW/2625mW
08-04-2026 15:33:51 RAM 3816/7620MB (lfb 1x1MB) SWAP 2370/12002MB (cached 117MB) CPU [100%@1728,0%@1728,0%@1728,0%@1728,0%@1728,0%@1728] GR3D_FREQ 8% cpu@57.218C soc2@55.937C soc0@56.75C gpu@57.031C tj@58.343C soc1@58.343C VDD_IN 8861mW/8891mW VDD_CPU_GPU_CV 2826mW/2836mW VDD_SOC 2625mW/2625mW
08-04-2026 15:33:51 RAM 3816/7620MB (lfb 1x1MB) SWAP 2370/12002MB (cached 117MB) CPU [100%@1728,9%@1728,0%@1728,0%@1728,0%@1728,0%@1728] GR3D_FREQ 9% cpu@57.281C soc2@56.031C soc0@56.843C gpu@57.218C tj@58.437C soc1@58.437C VDD_IN 8861mW/8891mW VDD_CPU_GPU_CV 2826mW/2836mW VDD_SOC 2625mW/2625mW
08-04-2026 15:33:51 RAM 3816/7620MB (lfb 1x1MB) SWAP 2370/12002MB (cached 117MB) CPU [100%@1728,0%@1728,0%@1728,0%@1728,0%@1728,0%@1728] GR3D_FREQ 9% cpu@57.312C soc2@55.937C soc0@57C gpu@57.031C tj@58.25C soc1@58.25C VDD_IN 8861mW/8891mW VDD_CPU_GPU_CV 2826mW/2836mW VDD_SOC 2625mW/2625mW
08-04-2026 15:33:51 RAM 3816/7620MB (lfb 1x1MB) SWAP 2370/12002MB (cached 117MB) CPU [100%@1728,0%@1728,0%@1728,0%@1728,0%@1728,0%@1728] GR3D_FREQ 8% cpu@57.5C soc2@55.937C soc0@56.593C gpu@57.031C tj@58.343C soc1@58.343C VDD_IN 8861mW/8891mW VDD_CPU_GPU_CV 2826mW/2836mW VDD_SOC 2625mW/2625mW
