08-04-2026 16:43:43 RAM 3867/7620MB (lfb 3x1MB) SWAP 2214/12002MB (cached 117MB) CPU [9%@1728,0%@1728,8%@1728,9%@1728,0%@1728,10%@1728] GR3D_FREQ 0% cpu@57.718C soc2@56.812C soc0@57.718C gpu@57.968C tj@59.125C soc1@59.125C VDD_IN 9025mW/9025mW VDD_CPU_GPU_CV 2862mW/2862mW VDD_SOC 2707mW/2707mW
08-04-2026 16:43:43 RAM 3867/7620MB (lfb 3x1MB) SWAP 2214/12002MB (cached 117MB) CPU [0%@1728,0%@1728,0%@1728,0%@1728,0%@1728,0%@1728] GR3D_FREQ 0% cpu@57.656C soc2@56.875C soc0@57.781C gpu@57.781C tj@59.312C soc1@59.312C VDD_IN 8710mW/8868mW VDD_CPU_GPU_CV 2621mW/2742mW VDD_SOC 2666mW/2687mW
08-04-2026 16:43:43 RAM 3867/7620MB (lfb 3x1MB) SWAP 2214/12002MB (cached 117MB) CPU [9%@1728,0%@1728,70%@1728,0%@1728,0%@1728,0%@1728] GR3D_FREQ 20% cpu@58.468C soc2@56.875C soc0@57.875C gpu@58.062C tj@59.031C soc1@59.031C VDD_IN 8751mW/8829mW VDD_CPU_GPU_CV 2621mW/2701mW VDD_SOC 2666mW/2680mW
08-04-2026 16:43:43 RAM 3867/7620MB (lfb 3x1MB) SWAP 2214/12002MB (cached 117MB) CPU [0%@1728,9%@1728,100%@1728,16%@1728,0%@1728,0%@1728] GR3D_FREQ 19% cpu@58.437C soc2@56.812C soc0@57.718C gpu@58.093C tj@59.093C soc1@59.062C VDD_IN 8902mW/8847mW VDD_CPU_GPU_CV 2785mW/2722mW VDD_SOC 2707mW/2687mW
08-04-2026 16:43:43 RAM 3867/7620MB (lfb 3x1MB) SWAP 2214/12002MB (cached 117MB) CPU [0%@1728,0%@1728,100%@1728,0%@1728,0%@1728,0%@1728] GR3D_FREQ 20% cpu@58.5C soc2@56.843C soc0@57.656C gpu@58C tj@59.093C soc1@59.093C VDD_IN 8984mW/8874mW VDD_CPU_GPU_CV 2862mW/2750mW VDD_SOC 2707mW/2691mW
08-04-2026 16:43:44 RAM 3867/7620MB (lfb 3x1MB) SWAP 2214/12002MB (cached 117MB) CPU [10%@1728,0%@1728,100%@1728,0%@1728,0%@1728,0%@1728] GR3D_FREQ 19% cpu@58.531C soc2@56.875C soc0@57.75C gpu@58.093C tj@59.156C soc1@59.156C VDD_IN 9107mW/8913mW VDD_CPU_GPU_CV 2944mW/2783mW VDD_SOC 2707mW/2693mW
08-04-2026 16:43:44 RAM 3867/7620MB (lfb 3x1MB) SWAP 2214/12002MB (cached 117MB) CPU [0%@1728,0%@1728,100%@1728,0%@1728,0%@1728,0%@1728] GR3D_FREQ 19% cpu@58.531C soc2@56.937C soc0@57.75C gpu@57.968C tj@58.968C soc1@58.968C VDD_IN 9189mW/8953mW VDD_CPU_GPU_CV 2985mW/2811mW VDD_SOC 2707mW/2695mW
08-04-2026 16:43:44 RAM 3867/7620MB (lfb 3x1MB) SWAP 2214/12002MB (cached 117MB) CPU [0%@1728,0%@1728,100%@1728,0%@1728,0%@1728,8%@1728] GR3D_FREQ 19% cpu@58.375C soc2@56.812C soc0@57.687C gpu@58C tj@59.062C soc1@59.062C VDD_IN 9271mW/8992mW VDD_CPU_GPU_CV 3026mW/2838mW VDD_SOC 2707mW/2697mW
08-04-2026 16:43:44 RAM 3867/7620MB (lfb 3x1MB) SWAP 2214/12002MB (cached 117MB) CPU [0%@1728,0%@1728,100%@1728,0%@1728,18%@1728,0%@1728] GR3D_FREQ 19% cpu@58.375C soc2@56.875C soc0@57.656C gpu@58.187C tj@59.062C soc1@59.062C VDD_IN 9312mW/9028mW VDD_CPU_GPU_CV 3108mW/2868mW VDD_SOC 2707mW/2698mW
08-04-2026 16:43:44 RAM 3867/7620MB (lfb 3x1MB) SWAP 2214/12002MB (cached 117MB) CPU [0%@1728,0%@1728,100%@1728,9%@1728,0%@1728,0%@1728] GR3D_FREQ 19% cpu@58.562C soc2@56.937C soc0@57.687C gpu@58.093C tj@59.093C soc1@59.093C VDD_IN 9353mW/9060mW VDD_CPU_GPU_CV 3148mW/2896mW VDD_SOC 2703mW/2698mW
08-04-2026 16:43:44 RAM 3867/7620MB (lfb 3x1MB) SWAP 2214/12002MB (cached 117MB) CPU [16%@1728,0%@1728,100%@1728,0%@1728,0%@1728,0%@1728] GR3D_FREQ 19% cpu@58.593C soc2@56.968C soc0@57.75C gpu@58C tj@59.343C soc1@59.343C VDD_IN 9394mW/9091mW VDD_CPU_GPU_CV 3148mW/2919mW VDD_SOC 2703mW/2699mW
08-04-2026 16:43:44 RAM 3867/7620MB (lfb 3x1MB) SWAP 2214/12002MB (cached 117MB) CPU [0%@1728,0%@1728,100%@1728,0%@1728,0%@1728,0%@1728] GR3D_FREQ 19% cpu@58.437C soc2@56.875C soc0@57.593C gpu@58.5C tj@59.062C soc1@59.062C VDD_IN 9394mW/9116mW VDD_CPU_GPU_CV 3148mW/2938mW VDD_SOC 2703mW/2699mW
08-04-2026 16:43:44 RAM 3867/7620MB (lfb 3x1MB) SWAP 2214/12002MB (cached 117MB) CPU [0%@1728,0%@1728,100%@1728,9%@1728,0%@1728,0%@1728] GR3D_FREQ 19% cpu@58.437C soc2@56.875C soc0@57.687C gpu@58.062C tj@59.187C soc1@59.187C VDD_IN 9435mW/9141mW VDD_CPU_GPU_CV 3189mW/2957mW VDD_SOC 2703mW/2699mW
08-04-2026 16:43:44 RAM 3867/7620MB (lfb 3x1MB) SWAP 2214/12002MB (cached 117MB) CPU [0%@1728,0%@1728,100%@1728,0%@1728,0%@1728,0%@1728] GR3D_FREQ 19% cpu@58.468C soc2@56.875C soc0@57.75C gpu@57.968C tj@59.125C soc1@59.125C VDD_IN 9435mW/9162mW VDD_CPU_GPU_CV 3189mW/2974mW VDD_SOC 2703mW/2700mW
08-04-2026 16:43:45 RAM 3867/7620MB (lfb 3x1MB) SWAP 2214/12002MB (cached 117MB) CPU [9%@1728,9%@1728,100%@1728,9%@1728,0%@1728,8%@1728] GR3D_FREQ 19% cpu@58.531C soc2@56.906C soc0@57.75C gpu@58.468C tj@59.312C soc1@59.312C VDD_IN 9435mW/9180mW VDD_CPU_GPU_CV 3189mW/2988mW VDD_SOC 2703mW/2700mW
08-04-2026 16:43:45 RAM 3867/7620MB (lfb 3x1MB) SWAP 2214/12002MB (cached 117MB) CPU [0%@1728,0%@1728,100%@1728,0%@1728,0%@1728,0%@1728] GR3D_FREQ 19% cpu@58.343C soc2@56.812C soc0@57.562C gpu@58.125C tj@59.062C soc1@59.062C VDD_IN 9476mW/9198mW VDD_CPU_GPU_CV 3189mW/3001mW VDD_SOC 2703mW/2700mW
08-04-2026 16:43:45 RAM 3867/7620MB (lfb 3x1MB) SWAP 2214/12002MB (cached 117MB) CPU [0%@1728,0%@1728,100%@1728,0%@1728,0%@1728,0%@1728] GR3D_FREQ 19% cpu@58.468C soc2@56.781C soc0@57.656C gpu@57.968C tj@59.062C soc1@59.062C VDD_IN 9435mW/9212mW VDD_CPU_GPU_CV 3189mW/3012mW VDD_SOC 2703mW/2700mW
08-04-2026 16:43:45 RAM 3867/7620MB (lfb 3x1MB) SWAP 2214/12002MB (cached 117MB) CPU [0%@1728,0%@1728,100%@1728,0%@1728,0%@1728,0%@1728] GR3D_FREQ 20% cpu@58.437C soc2@56.843C soc0@57.718C gpu@58.437C tj@59.062C soc1@59.062C VDD_IN 9435mW/9225mW VDD_CPU_GPU_CV 3189mW/3022mW VDD_SOC 2703mW/2700mW
08-04-2026 16:43:45 RAM 3872/7620MB (lfb 3x1MB) SWAP 2214/12002MB (cached 117MB) CPU [0%@1728,30%@1728,100%@1728,9%@1728,0%@1728,0%@1728] GR3D_FREQ 19% cpu@58.531C soc2@57C soc0@57.718C gpu@58C tj@59.25C soc1@59.25C VDD_IN 9517mW/9240mW VDD_CPU_GPU_CV 3230mW/3033mW VDD_SOC 2703mW/2701mW
08-04-2026 16:43:45 RAM 3872/7620MB (lfb 3x1MB) SWAP 2214/12002MB (cached 117MB) CPU [0%@1728,0%@1728,100%@1728,0%@1728,0%@1728,9%@1728] GR3D_FREQ 20% cpu@58.406C soc2@56.968C soc0@57.875C gpu@58.031C tj@59.093C soc1@59.093C VDD_IN 9517mW/9254mW VDD_CPU_GPU_CV 3271mW/3045mW VDD_SOC 2744mW/2703mW
08-04-2026 16:43:45 RAM 3872/7620MB (lfb 3x1MB) SWAP 2214/12002MB (cached 117MB) CPU [0%@1728,0%@1728,100%@1728,0%@1728,0%@1728,0%@1728] GR3D_FREQ 20% cpu@58.437C soc2@56.781C soc0@57.656C gpu@58.406C tj@59.062C soc1@59.062C VDD_IN 9517mW/9266mW VDD_CPU_GPU_CV 3230mW/3053mW VDD_SOC 2703mW/2703mW
08-04-2026 16:43:45 RAM 3872/7620MB (lfb 3x1MB) SWAP 2214/12002MB (cached 117MB) CPU [0%@1728,0%@1728,100%@1728,0%@1728,0%@1728,0%@1728] GR3D_FREQ 22% cpu@58.437C soc2@56.875C soc0@57.687C gpu@58.031C tj@59.093C soc1@59.093C VDD_IN 9517mW/9278mW VDD_CPU_GPU_CV 3230mW/3061mW VDD_SOC 2703mW/2703mW
08-04-2026 16:43:45 RAM 3872/7620MB (lfb 3x1MB) SWAP 2214/12002MB (cached 117MB) CPU [0%@1728,8%@1728,100%@1728,9%@1728,0%@1728,0%@1728] GR3D_FREQ 19% cpu@58.531C soc2@56.906C soc0@57.75C gpu@58.562C tj@59.25C soc1@59.25C VDD_IN 9517mW/9288mW VDD_CPU_GPU_CV 3230mW/3069mW VDD_SOC 2703mW/2703mW
08-04-2026 16:43:45 RAM 3872/7620MB (lfb 3x1MB) SWAP 2214/12002MB (cached 117MB) CPU [9%@1728,0%@1728,91%@1728,0%@1728,0%@1728,0%@1728] GR3D_FREQ 22% cpu@58.843C soc2@56.968C soc0@57.843C gpu@58.437C tj@59.093C soc1@59.093C VDD_IN 9517mW/9298mW VDD_CPU_GPU_CV 3230mW/3076mW VDD_SOC 2703mW/2703mW
08-04-2026 16:43:46 RAM 3871/7620MB (lfb 3x1MB) SWAP 2214/12002MB (cached 117MB) CPU [0%@1728,0%@1728,100%@1728,0%@1728,0%@1728,0%@1728] GR3D_FREQ 19% cpu@58.406C soc2@56.843C soc0@57.593C gpu@58.187C tj@59.093C soc1@59.093C VDD_IN 9476mW/9305mW VDD_CPU_GPU_CV 3189mW/3080mW VDD_SOC 2703mW/2703mW
08-04-2026 16:43:46 RAM 3871/7620MB (lfb 3x1MB) SWAP 2214/12002MB (cached 117MB) CPU [0%@1728,8%@1728,100%@1728,0%@1728,0%@1728,0%@1728] GR3D_FREQ 22% cpu@58.437C soc2@56.937C soc0@57.625C gpu@58.5C tj@59C soc1@59C VDD_IN 9517mW/9313mW VDD_CPU_GPU_CV 3189mW/3084mW VDD_SOC 2703mW/2703mW
08-04-2026 16:43:46 RAM 3871/7620MB (lfb 3x1MB) SWAP 2214/12002MB (cached 117MB) CPU [0%@1728,0%@1728,100%@1728,0%@1728,0%@1728,0%@1728] GR3D_FREQ 19% cpu@58.406C soc2@56.906C soc0@57.718C gpu@58.375C tj@59.218C soc1@59.218C VDD_IN 9476mW/9319mW VDD_CPU_GPU_CV 3189mW/3088mW VDD_SOC 2703mW/2703mW
08-04-2026 16:43:46 RAM 3871/7620MB (lfb 3x1MB) SWAP 2214/12002MB (cached 117MB) CPU [0%@1728,0%@1728,100%@1728,0%@1728,0%@1728,0%@1728] GR3D_FREQ 22% cpu@58.75C soc2@56.968C soc0@57.781C gpu@58.218C tj@59C soc1@59C VDD_IN 9476mW/9325mW VDD_CPU_GPU_CV 3189mW/3092mW VDD_SOC 2703mW/2703mW
08-04-2026 16:43:46 RAM 3871/7620MB (lfb 3x1MB) SWAP 2214/12002MB (cached 117MB) CPU [0%@1728,0%@1728,100%@1728,0%@1728,0%@1728,0%@1728] GR3D_FREQ 20% cpu@58.375C soc2@56.906C soc0@57.687C gpu@58.531C tj@59C soc1@59C VDD_IN 9476mW/9330mW VDD_CPU_GPU_CV 3189mW/3095mW VDD_SOC 2703mW/2703mW
08-04-2026 16:43:46 RAM 3871/7620MB (lfb 3x1MB) SWAP 2214/12002MB (cached 117MB) CPU [0%@1728,9%@1728,100%@1728,0%@1728,0%@1728,0%@1728] GR3D_FREQ 23% cpu@58.375C soc2@56.906C soc0@57.718C gpu@58.375C tj@59.062C soc1@59.062C VDD_IN 9476mW/9335mW VDD_CPU_GPU_CV 3230mW/3100mW VDD_SOC 2703mW/2703mW
08-04-2026 16:43:46 RAM 3871/7620MB (lfb 3x1MB) SWAP 2214/12002MB (cached 117MB) CPU [0%@1728,0%@1728,100%@1728,0%@1728,0%@1728,0%@1728] GR3D_FREQ 19% cpu@58.531C soc2@56.937C soc0@57.75C gpu@58.218C tj@59.187C soc1@59.187C VDD_IN 9476mW/9339mW VDD_CPU_GPU_CV 3230mW/3104mW VDD_SOC 2703mW/2703mW
08-04-2026 16:43:46 RAM 3871/7620MB (lfb 3x1MB) SWAP 2214/12002MB (cached 117MB) CPU [0%@1728,0%@1728,100%@1728,9%@1728,0%@1728,0%@1728] GR3D_FREQ 23% cpu@58.718C soc2@56.875C soc0@57.75C gpu@58.5C tj@59.062C soc1@59.062C VDD_IN 9476mW/9344mW VDD_CPU_GPU_CV 3230mW/3108mW VDD_SOC 2703mW/2703mW
08-04-2026 16:43:46 RAM 3871/7620MB (lfb 3x1MB) SWAP 2214/12002MB (cached 117MB) CPU [0%@1728,0%@1728,100%@1728,0%@1728,0%@1728,0%@1728] GR3D_FREQ 19% cpu@58.875C soc2@56.937C soc0@57.718C gpu@58.312C tj@59.031C soc1@59.031C VDD_IN 9476mW/9348mW VDD_CPU_GPU_CV 3230mW/3111mW VDD_SOC 2703mW/2703mW
08-04-2026 16:43:47 RAM 3871/7620MB (lfb 3x1MB) SWAP 2214/12002MB (cached 117MB) CPU [0%@1728,0%@1728,100%@1728,0%@1728,0%@1728,0%@1728] GR3D_FREQ 23% cpu@58.375C soc2@56.906C soc0@57.625C gpu@58.187C tj@59.093C soc1@59.093C VDD_IN 9476mW/9351mW VDD_CPU_GPU_CV 3230mW/3115mW VDD_SOC 2703mW/2703mW
08-04-2026 16:43:47 RAM 3871/7620MB (lfb 3x1MB) SWAP 2214/12002MB (cached 117MB) CPU [0%@1728,0%@1728,100%@1728,0%@1728,0%@1728,0%@1728] GR3D_FREQ 19% cpu@58.437C soc2@56.937C soc0@57.687C gpu@58.468C tj@59.156C soc1@59.156C VDD_IN 9435mW/9354mW VDD_CPU_GPU_CV 3230mW/3118mW VDD_SOC 2703mW/2703mW
08-04-2026 16:43:47 RAM 3871/7620MB (lfb 3x1MB) SWAP 2214/12002MB (cached 117MB) CPU [0%@1728,0%@1728,100%@1728,0%@1728,0%@1728,0%@1728] GR3D_FREQ 23% cpu@58.687C soc2@56.937C soc0@57.781C gpu@58.406C tj@59.312C soc1@59.312C VDD_IN 9476mW/9357mW VDD_CPU_GPU_CV 3271mW/3122mW VDD_SOC 2703mW/2703mW
08-04-2026 16:43:47 RAM 3871/7620MB (lfb 3x1MB) SWAP 2214/12002MB (cached 117MB) CPU [0%@1728,0%@1728,100%@1728,0%@1728,0%@1728,0%@1728] GR3D_FREQ 19% cpu@58.843C soc2@56.781C soc0@57.593C gpu@58.25C tj@59.031C soc1@59.031C VDD_IN 9476mW/9360mW VDD_CPU_GPU_CV 3230mW/3125mW VDD_SOC 2703mW/2703mW
08-04-2026 16:43:47 RAM 3871/7620MB (lfb 3x1MB) SWAP 2214/12002MB (cached 117MB) CPU [0%@1728,0%@1728,100%@1728,0%@1728,0%@1728,0%@1728] GR3D_FREQ 23% cpu@58.406C soc2@56.843C soc0@57.656C gpu@58.375C tj@59.125C soc1@59.125C VDD_IN 9476mW/9363mW VDD_CPU_GPU_CV 3230mW/3128mW VDD_SOC 2703mW/2703mW
08-04-2026 16:43:47 RAM 3871/7620MB (lfb 3x1MB) SWAP 2214/12002MB (cached 117MB) CPU [8%@1728,9%@1728,100%@1728,9%@1728,0%@1728,9%@1728] GR3D_FREQ 19% cpu@58.437C soc2@56.843C soc0@57.718C gpu@58.281C tj@59.218C soc1@59.218C VDD_IN 9435mW/9365mW VDD_CPU_GPU_CV 3230mW/3131mW VDD_SOC 2703mW/2703mW
08-04-2026 16:43:47 RAM 3871/7620MB (lfb 3x1MB) SWAP 2214/12002MB (cached 117MB) CPU [0%@1728,8%@1728,100%@1728,0%@1728,0%@1728,0%@1728] GR3D_FREQ 22% cpu@58.656C soc2@56.968C soc0@57.75C gpu@58.187C tj@59.343C soc1@59.343C VDD_IN 9435mW/9367mW VDD_CPU_GPU_CV 3230mW/3133mW VDD_SOC 2703mW/2703mW
08-04-2026 16:43:47 RAM 3871/7620MB (lfb 3x1MB) SWAP 2214/12002MB (cached 117MB) CPU [0%@1728,0%@1728,100%@1728,0%@1728,0%@1728,0%@1728] GR3D_FREQ 19% cpu@58.781C soc2@56.968C soc0@57.625C gpu@58.343C tj@59.125C soc1@59.125C VDD_IN 9435mW/9369mW VDD_CPU_GPU_CV 3230mW/3136mW VDD_SOC 2703mW/2703mW
08-04-2026 16:43:47 RAM 3871/7620MB (lfb 3x1MB) SWAP 2214/12002MB (cached 117MB) CPU [0%@1728,0%@1728,100%@1728,0%@1728,0%@1728,0%@1728] GR3D_FREQ 22% cpu@58.968C soc2@56.812C soc0@57.687C gpu@58.25C tj@59.031C soc1@59.031C VDD_IN 9435mW/9370mW VDD_CPU_GPU_CV 3230mW/3138mW VDD_SOC 2703mW/2703mW
08-04-2026 16:43:47 RAM 3871/7620MB (lfb 3x1MB) SWAP 2214/12002MB (cached 117MB) CPU [0%@1728,0%@1728,100%@1728,0%@1728,0%@1728,0%@1728] GR3D_FREQ 20% cpu@58.468C soc2@56.906C soc0@57.75C gpu@58.187C tj@59.125C soc1@59.125C VDD_IN 9435mW/9372mW VDD_CPU_GPU_CV 3230mW/3140mW VDD_SOC 2703mW/2703mW
08-04-2026 16:43:48 RAM 3871/7620MB (lfb 3x1MB) SWAP 2214/12002MB (cached 117MB) CPU [0%@1728,0%@1728,100%@1728,0%@1728,0%@1728,0%@1728] GR3D_FREQ 20% cpu@58.625C soc2@56.968C soc0@57.843C gpu@58.062C tj@59.25C soc1@59.25C VDD_IN 9435mW/9373mW VDD_CPU_GPU_CV 3230mW/3142mW VDD_SOC 2703mW/2703mW
08-04-2026 16:43:48 RAM 3871/7620MB (lfb 3x1MB) SWAP 2214/12002MB (cached 117MB) CPU [0%@1728,0%@1728,100%@1728,0%@1728,0%@1728,9%@1728] GR3D_FREQ 19% cpu@58.718C soc2@56.968C soc0@57.906C gpu@58.281C tj@59.25C soc1@59.25C VDD_IN 9435mW/9375mW VDD_CPU_GPU_CV 3189mW/3143mW VDD_SOC 2703mW/2703mW
08-04-2026 16:43:48 RAM 3871/7620MB (lfb 3x1MB) SWAP 2214/12002MB (cached 117MB) CPU [9%@1728,0%@1728,100%@1728,0%@1728,0%@1728,0%@1728] GR3D_FREQ 20% cpu@58.718C soc2@56.937C soc0@57.625C gpu@58.093C tj@59.093C soc1@59.093C VDD_IN 9435mW/9376mW VDD_CPU_GPU_CV 3189mW/3144mW VDD_SOC 2703mW/2703mW
08-04-2026 16:43:48 RAM 3871/7620MB (lfb 3x1MB) SWAP 2214/12002MB (cached 117MB) CPU [0%@1728,0%@1728,100%@1728,0%@1728,0%@1728,0%@1728] GR3D_FREQ 20% cpu@58.375C soc2@56.875C soc0@57.656C gpu@58.062C tj@59.093C soc1@59.093C VDD_IN 9435mW/9377mW VDD_CPU_GPU_CV 3189mW/3145mW VDD_SOC 2703mW/2703mW
08-04-2026 16:43:48 RAM 3871/7620MB (lfb 3x1MB) SWAP 2214/12002MB (cached 117MB) CPU [9%@1728,0%@1728,100%@1728,0%@1728,0%@1728,0%@1728] GR3D_FREQ 19% cpu@58.625C soc2@56.875C soc0@57.718C gpu@58.281C tj@59.343C soc1@59.343C VDD_IN 9435mW/9378mW VDD_CPU_GPU_CV 3230mW/3147mW VDD_SOC 2703mW/2703mW
08-04-2026 16:43:48 RAM 3871/7620MB (lfb 3x1MB) SWAP 2214/12002MB (cached 117MB) CPU [0%@1728,0%@1728,100%@1728,0%@1728,8%@1728,0%@1728] GR3D_FREQ 19% cpu@58.718C soc2@57C soc0@57.906C gpu@58.031C tj@59.343C soc1@59.343C VDD_IN 9476mW/9380mW VDD_CPU_GPU_CV 3230mW/3148mW VDD_SOC 2703mW/2703mW
08-04-2026 16:43:48 RAM 3866/7620MB (lfb 3x1MB) SWAP 2214/12002MB (cached 117MB) CPU [20%@1728,0%@1728,100%@1728,0%@1728,10%@1728,9%@1728] GR3D_FREQ 18% cpu@58.906C soc2@56.937C soc0@57.75C gpu@58.062C tj@59.031C soc1@59.031C VDD_IN 9558mW/9384mW VDD_CPU_GPU_CV 3312mW/3152mW VDD_SOC 2744mW/2704mW
08-04-2026 16:43:48 RAM 3866/7620MB (lfb 3x1MB) SWAP 2214/12002MB (cached 117MB) CPU [0%@1728,0%@1728,100%@1728,8%@1728,0%@1728,0%@1728] GR3D_FREQ 19% cpu@58.531C soc2@56.968C soc0@57.625C gpu@58.156C tj@59.093C soc1@59.093C VDD_IN 9517mW/9386mW VDD_CPU_GPU_CV 3271mW/3154mW VDD_SOC 2703mW/2704mW
08-04-2026 16:43:48 RAM 3866/7620MB (lfb 3x1MB) SWAP 2214/12002MB (cached 117MB) CPU [0%@1728,0%@1728,100%@1728,0%@1728,0%@1728,0%@1728] GR3D_FREQ 19% cpu@58.656C soc2@56.843C soc0@57.75C gpu@58.093C tj@59.156C soc1@59.156C VDD_IN 9517mW/9389mW VDD_CPU_GPU_CV 3271mW/3156mW VDD_SOC 2744mW/2704mW
08-04-2026 16:43:49 RAM 3866/7620MB (lfb 3x1MB) SWAP 2214/12002MB (cached 117MB) CPU [0%@1728,0%@1728,100%@1728,0%@1728,0%@1728,0%@1728] GR3D_FREQ 19% cpu@58.687C soc2@56.937C soc0@57.843C gpu@58C tj@59.312C soc1@59.312C VDD_IN 9476mW/9391mW VDD_CPU_GPU_CV 3271mW/3159mW VDD_SOC 2703mW/2704mW
08-04-2026 16:43:49 RAM 3866/7620MB (lfb 3x1MB) SWAP 2214/12002MB (cached 117MB) CPU [9%@1728,8%@1728,100%@1728,0%@1728,0%@1728,0%@1728] GR3D_FREQ 19% cpu@58.75C soc2@57C soc0@57.656C gpu@58.25C tj@59.062C soc1@59.062C VDD_IN 9476mW/9392mW VDD_CPU_GPU_CV 3271mW/3161mW VDD_SOC 2703mW/2704mW
08-04-2026 16:43:49 RAM 3866/7620MB (lfb 3x1MB) SWAP 2214/12002MB (cached 117MB) CPU [0%@1728,0%@1728,100%@1728,0%@1728,0%@1728,0%@1728] GR3D_FREQ 19% cpu@58.843C soc2@56.812C soc0@57.687C gpu@58.156C tj@59.062C soc1@59.062C VDD_IN 9435mW/9393mW VDD_CPU_GPU_CV 3271mW/3163mW VDD_SOC 2703mW/2704mW
08-04-2026 16:43:49 RAM 3866/7620MB (lfb 3x1MB) SWAP 2214/12002MB (cached 117MB) CPU [0%@1728,9%@1728,100%@1728,0%@1728,0%@1728,8%@1728] GR3D_FREQ 19% cpu@58.593C soc2@56.968C soc0@57.718C gpu@58.093C tj@59.156C soc1@59.156C VDD_IN 9476mW/9394mW VDD_CPU_GPU_CV 3271mW/3165mW VDD_SOC 2703mW/2704mW
08-04-2026 16:43:49 RAM 3866/7620MB (lfb 3x1MB) SWAP 2214/12002MB (cached 117MB) CPU [0%@1728,8%@1728,100%@1728,0%@1728,0%@1728,0%@1728] GR3D_FREQ 19% cpu@58.656C soc2@56.781C soc0@57.75C gpu@58.25C tj@59.218C soc1@59.218C VDD_IN 9435mW/9395mW VDD_CPU_GPU_CV 3271mW/3166mW VDD_SOC 2703mW/2704mW
08-04-2026 16:43:49 RAM 3866/7620MB (lfb 3x1MB) SWAP 2214/12002MB (cached 117MB) CPU [0%@1728,0%@1728,100%@1728,0%@1728,0%@1728,0%@1728] GR3D_FREQ 19% cpu@58.656C soc2@57C soc0@57.687C gpu@58.156C tj@59.093C soc1@59.093C VDD_IN 9476mW/9397mW VDD_CPU_GPU_CV 3271mW/3168mW VDD_SOC 2703mW/2704mW
08-04-2026 16:43:49 RAM 3866/7620MB (lfb 3x1MB) SWAP 2214/12002MB (cached 117MB) CPU [0%@1728,0%@1728,100%@1728,0%@1728,0%@1728,8%@1728] GR3D_FREQ 19% cpu@58.875C soc2@56.875C soc0@57.687C gpu@58.031C tj@59.156C soc1@59.156C VDD_IN 9476mW/9398mW VDD_CPU_GPU_CV 3271mW/3170mW VDD_SOC 2703mW/2704mW
08-04-2026 16:43:49 RAM 3866/7620MB (lfb 3x1MB) SWAP 2214/12002MB (cached 117MB) CPU [0%@1728,0%@1728,100%@1728,0%@1728,0%@1728,0%@1728] GR3D_FREQ 22% cpu@58.562C soc2@56.937C soc0@57.75C gpu@58.5C tj@59.218C soc1@59.218C VDD_IN 9476mW/9399mW VDD_CPU_GPU_CV 3271mW/3172mW VDD_SOC 2703mW/2704mW
08-04-2026 16:43:49 RAM 3866/7620MB (lfb 3x1MB) SWAP 2214/12002MB (cached 117MB) CPU [0%@1728,9%@1728,100%@1728,0%@1728,0%@1728,0%@1728] GR3D_FREQ 20% cpu@58.656C soc2@56.937C soc0@57.75C gpu@58.031C tj@59.187C soc1@59.187C VDD_IN 9435mW/9400mW VDD_CPU_GPU_CV 3271mW/3173mW VDD_SOC 2703mW/2704mW
08-04-2026 16:43:49 RAM 3866/7620MB (lfb 3x1MB) SWAP 2214/12002MB (cached 117MB) CPU [0%@1728,0%@1728,100%@1728,0%@1728,0%@1728,0%@1728] GR3D_FREQ 23% cpu@58.593C soc2@57C soc0@57.656C gpu@58C tj@59.062C soc1@59.062C VDD_IN 9476mW/9401mW VDD_CPU_GPU_CV 3271mW/3175mW VDD_SOC 2703mW/2704mW
08-04-2026 16:43:50 RAM 3866/7620MB (lfb 3x1MB) SWAP 2214/12002MB (cached 117MB) CPU [0%@1728,0%@1728,90%@1728,9%@1728,0%@1728,0%@1728] GR3D_FREQ 19% cpu@58.781C soc2@56.843C soc0@57.687C gpu@58.468C tj@59.062C soc1@59.062C VDD_IN 9476mW/9402mW VDD_CPU_GPU_CV 3271mW/3176mW VDD_SOC 2703mW/2704mW
08-04-2026 16:43:50 RAM 3866/7620MB (lfb 3x1MB) SWAP 2214/12002MB (cached 117MB) CPU [0%@1728,0%@1728,100%@1728,0%@1728,0%@1728,0%@1728] GR3D_FREQ 23% cpu@58.531C soc2@56.875C soc0@57.718C gpu@58.093C tj@59.156C soc1@59.156C VDD_IN 9476mW/9403mW VDD_CPU_GPU_CV 3271mW/3178mW VDD_SOC 2744mW/2705mW
08-04-2026 16:43:50 RAM 3866/7620MB (lfb 3x1MB) SWAP 2214/12002MB (cached 117MB) CPU [0%@1728,0%@1728,100%@1728,0%@1728,0%@1728,0%@1728] GR3D_FREQ 21% cpu@58.593C soc2@56.968C soc0@57.75C gpu@58.093C tj@59.218C soc1@59.218C VDD_IN 9476mW/9404mW VDD_CPU_GPU_CV 3230mW/3179mW VDD_SOC 2703mW/2705mW
08-04-2026 16:43:50 RAM 3866/7620MB (lfb 3x1MB) SWAP 2214/12002MB (cached 117MB) CPU [0%@1728,0%@1728,100%@1728,0%@1728,0%@1728,0%@1728] GR3D_FREQ 20% cpu@58.625C soc2@57.031C soc0@57.625C gpu@58.437C tj@59.062C soc1@59.062C VDD_IN 9476mW/9406mW VDD_CPU_GPU_CV 3271mW/3180mW VDD_SOC 2703mW/2705mW
08-04-2026 16:43:50 RAM 3866/7620MB (lfb 3x1MB) SWAP 2214/12002MB (cached 117MB) CPU [0%@1728,0%@1728,100%@1728,0%@1728,9%@1728,0%@1728] GR3D_FREQ 20% cpu@58.718C soc2@56.812C soc0@57.531C gpu@58.031C tj@59.093C soc1@59.093C VDD_IN 9476mW/9407mW VDD_CPU_GPU_CV 3230mW/3181mW VDD_SOC 2703mW/2705mW
08-04-2026 16:43:50 RAM 3866/7620MB (lfb 3x1MB) SWAP 2214/12002MB (cached 117MB) CPU [0%@1728,0%@1728,100%@1728,0%@1728,0%@1728,0%@1728] GR3D_FREQ 20% cpu@58.843C soc2@56.968C soc0@57.687C gpu@58.718C tj@59.125C soc1@59.125C VDD_IN 9476mW/9408mW VDD_CPU_GPU_CV 3230mW/3182mW VDD_SOC 2703mW/2705mW
08-04-2026 16:43:50 RAM 3866/7620MB (lfb 3x1MB) SWAP 2214/12002MB (cached 117MB) CPU [0%@1728,0%@1728,100%@1728,0%@1728,0%@1728,0%@1728] GR3D_FREQ 20% cpu@58.625C soc2@56.937C soc0@57.718C gpu@58.437C tj@59.187C soc1@59.187C VDD_IN 9476mW/9409mW VDD_CPU_GPU_CV 3230mW/3182mW VDD_SOC 2703mW/2705mW
08-04-2026 16:43:50 RAM 3866/7620MB (lfb 3x1MB) SWAP 2214/12002MB (cached 117MB) CPU [0%@1728,0%@1728,100%@1728,0%@1728,0%@1728,18%@1728] GR3D_FREQ 19% cpu@58.687C soc2@56.875C soc0@57.843C gpu@58.093C tj@59.312C soc1@59.312C VDD_IN 9517mW/9410mW VDD_CPU_GPU_CV 3271mW/3183mW VDD_SOC 2703mW/2705mW
08-04-2026 16:43:50 RAM 3866/7620MB (lfb 3x1MB) SWAP 2214/12002MB (cached 117MB) CPU [8%@1728,9%@1728,100%@1728,0%@1728,0%@1728,0%@1728] GR3D_FREQ 19% cpu@58.718C soc2@56.843C soc0@57.593C gpu@58.5C tj@59.125C soc1@59.125C VDD_IN 9476mW/9411mW VDD_CPU_GPU_CV 3271mW/3185mW VDD_SOC 2703mW/2705mW
08-04-2026 16:43:51 RAM 3866/7620MB (lfb 3x1MB) SWAP 2214/12002MB (cached 117MB) CPU [0%@1728,0%@1728,100%@1728,0%@1728,0%@1728,0%@1728] GR3D_FREQ 19% cpu@58.75C soc2@56.781C soc0@57.718C gpu@58.406C tj@59.062C soc1@59.062C VDD_IN 9476mW/9412mW VDD_CPU_GPU_CV 3271mW/3186mW VDD_SOC 2703mW/2705mW
08-04-2026 16:43:51 RAM 3866/7620MB (lfb 3x1MB) SWAP 2214/12002MB (cached 117MB) CPU [0%@1728,0%@1728,100%@1728,0%@1728,0%@1728,8%@1728] GR3D_FREQ 19% cpu@58.531C soc2@56.906C soc0@57.75C gpu@58C tj@59.125C soc1@59.125C VDD_IN 9476mW/9413mW VDD_CPU_GPU_CV 3230mW/3187mW VDD_SOC 2703mW/2705mW
08-04-2026 16:43:51 RAM 3866/7620MB (lfb 3x1MB) SWAP 2214/12002MB (cached 117MB) CPU [0%@1728,0%@1728,100%@1728,0%@1728,0%@1728,0%@1728] GR3D_FREQ 19% cpu@58.625C soc2@56.937C soc0@57.75C gpu@58.593C tj@59.281C soc1@59.281C VDD_IN 9435mW/9413mW VDD_CPU_GPU_CV 3230mW/3187mW VDD_SOC 2703mW/2705mW
08-04-2026 16:43:51 RAM 3866/7620MB (lfb 3x1MB) SWAP 2214/12002MB (cached 117MB) CPU [0%@1728,0%@1728,100%@1728,0%@1728,0%@1728,0%@1728] GR3D_FREQ 20% cpu@58.687C soc2@57.062C soc0@57.593C gpu@58.406C tj@59.062C soc1@59.062C VDD_IN 9476mW/9414mW VDD_CPU_GPU_CV 3230mW/3188mW VDD_SOC 2703mW/2705mW
08-04-2026 16:43:51 RAM 3866/7620MB (lfb 3x1MB) SWAP 2214/12002MB (cached 117MB) CPU [0%@1728,0%@1728,100%@1728,0%@1728,0%@1728,0%@1728] GR3D_FREQ 20% cpu@58.718C soc2@56.843C soc0@57.593C gpu@58.031C tj@59.125C soc1@59.125C VDD_IN 9476mW/9415mW VDD_CPU_GPU_CV 3230mW/3188mW VDD_SOC 2703mW/2705mW
08-04-2026 16:43:51 RAM 3866/7620MB (lfb 3x1MB) SWAP 2214/12002MB (cached 117MB) CPU [0%@1728,0%@1728,100%@1728,0%@1728,0%@1728,0%@1728] GR3D_FREQ 19% cpu@58.531C soc2@56.906C soc0@57.781C gpu@58.468C tj@59.093C soc1@59.093C VDD_IN 9476mW/9416mW VDD_CPU_GPU_CV 3230mW/3189mW VDD_SOC 2703mW/2705mW
08-04-2026 16:43:51 RAM 3866/7620MB (lfb 3x1MB) SWAP 2214/12002MB (cached 117MB) CPU [0%@1728,0%@1728,100%@1728,0%@1728,0%@1728,0%@1728] GR3D_FREQ 20% cpu@58.562C soc2@57C soc0@57.75C gpu@58.343C tj@59.343C soc1@59.343C VDD_IN 9476mW/9416mW VDD_CPU_GPU_CV 3230mW/3189mW VDD_SOC 2703mW/2705mW
08-04-2026 16:43:51 RAM 3866/7620MB (lfb 3x1MB) SWAP 2214/12002MB (cached 117MB) CPU [0%@1728,0%@1728,100%@1728,0%@1728,0%@1728,0%@1728] GR3D_FREQ 19% cpu@58.687C soc2@56.968C soc0@57.906C gpu@58.031C tj@59.031C soc1@59.031C VDD_IN 9476mW/9417mW VDD_CPU_GPU_CV 3230mW/3190mW VDD_SOC 2703mW/2704mW
08-04-2026 16:43:51 RAM 3866/7620MB (lfb 3x1MB) SWAP 2214/12002MB (cached 117MB) CPU [0%@1728,0%@1728,100%@1728,0%@1728,0%@1728,0%@1728] GR3D_FREQ 19% cpu@58.687C soc2@56.906C soc0@57.687C gpu@58.437C tj@59.031C soc1@59.031C VDD_IN 9435mW/9417mW VDD_CPU_GPU_CV 3230mW/3190mW VDD_SOC 2703mW/2704mW
08-04-2026 16:43:51 RAM 3868/7620MB (lfb 3x1MB) SWAP 2214/12002MB (cached 117MB) CPU [16%@1728,33%@1728,100%@1728,9%@1728,9%@1728,0%@1728] GR3D_FREQ 19% cpu@58.593C soc2@56.937C soc0@57.75C gpu@58.312C tj@59.187C soc1@59.187C VDD_IN 9517mW/9419mW VDD_CPU_GPU_CV 3271mW/3191mW VDD_SOC 2744mW/2705mW
08-04-2026 16:43:52 RAM 3868/7620MB (lfb 3x1MB) SWAP 2214/12002MB (cached 117MB) CPU [0%@1728,0%@1728,100%@1728,0%@1728,0%@1728,0%@1728] GR3D_FREQ 19% cpu@58.531C soc2@56.968C soc0@57.812C gpu@58.062C tj@59.156C soc1@59.156C VDD_IN 9517mW/9420mW VDD_CPU_GPU_CV 3271mW/3192mW VDD_SOC 2703mW/2705mW
08-04-2026 16:43:52 RAM 3868/7620MB (lfb 3x1MB) SWAP 2214/12002MB (cached 117MB) CPU [9%@1728,0%@1728,100%@1728,0%@1728,0%@1728,0%@1728] GR3D_FREQ 19% cpu@58.593C soc2@57C soc0@57.812C gpu@58.437C tj@59C soc1@59C VDD_IN 9517mW/9421mW VDD_CPU_GPU_CV 3271mW/3193mW VDD_SOC 2744mW/2705mW
08-04-2026 16:43:52 RAM 3868/7620MB (lfb 3x1MB) SWAP 2214/12002MB (cached 117MB) CPU [0%@1728,0%@1728,100%@1728,0%@1728,0%@1728,0%@1728] GR3D_FREQ 19% cpu@58.656C soc2@56.937C soc0@57.593C gpu@58.312C tj@59.031C soc1@59.031C VDD_IN 9476mW/9422mW VDD_CPU_GPU_CV 3271mW/3194mW VDD_SOC 2703mW/2705mW
08-04-2026 16:43:52 RAM 3868/7620MB (lfb 3x1MB) SWAP 2214/12002MB (cached 117MB) CPU [0%@1728,0%@1728,100%@1728,0%@1728,0%@1728,0%@1728] GR3D_FREQ 19% cpu@58.468C soc2@56.937C soc0@57.656C gpu@58.156C tj@59.156C soc1@59.156C VDD_IN 9476mW/9422mW VDD_CPU_GPU_CV 3271mW/3195mW VDD_SOC 2703mW/2705mW
08-04-2026 16:43:52 RAM 3868/7620MB (lfb 3x1MB) SWAP 2214/12002MB (cached 117MB) CPU [0%@1728,0%@1728,100%@1728,0%@1728,0%@1728,0%@1728] GR3D_FREQ 20% cpu@58.625C soc2@56.906C soc0@57.718C gpu@58.406C tj@59.187C soc1@59.187C VDD_IN 9476mW/9423mW VDD_CPU_GPU_CV 3230mW/3195mW VDD_SOC 2703mW/2705mW
08-04-2026 16:43:52 RAM 3868/7620MB (lfb 3x1MB) SWAP 2214/12002MB (cached 117MB) CPU [0%@1728,0%@1728,100%@1728,0%@1728,8%@1728,0%@1728] GR3D_FREQ 19% cpu@58.593C soc2@57C soc0@57.906C gpu@58.312C tj@59.031C soc1@59.031C VDD_IN 9476mW/9424mW VDD_CPU_GPU_CV 3230mW/3196mW VDD_SOC 2703mW/2705mW
08-04-2026 16:43:52 RAM 3868/7620MB (lfb 3x1MB) SWAP 2214/12002MB (cached 117MB) CPU [0%@1728,9%@1728,100%@1728,0%@1728,0%@1728,9%@1728] GR3D_FREQ 20% cpu@58.718C soc2@56.875C soc0@57.656C gpu@58.156C tj@59.125C soc1@59.125C VDD_IN 9435mW/9424mW VDD_CPU_GPU_CV 3230mW/3196mW VDD_SOC 2703mW/2705mW
08-04-2026 16:43:52 RAM 3868/7620MB (lfb 3x1MB) SWAP 2214/12002MB (cached 117MB) CPU [0%@1728,9%@1728,100%@1728,0%@1728,0%@1728,0%@1728] GR3D_FREQ 19% cpu@58.593C soc2@56.875C soc0@57.687C gpu@58.437C tj@59.093C soc1@59.093C VDD_IN 9476mW/9424mW VDD_CPU_GPU_CV 3271mW/3197mW VDD_SOC 2703mW/2705mW
08-04-2026 16:43:52 RAM 3868/7620MB (lfb 3x1MB) SWAP 2214/12002MB (cached 117MB) CPU [0%@1728,0%@1728,100%@1728,0%@1728,0%@1728,0%@1728] GR3D_FREQ 19% cpu@58.625C soc2@56.906C soc0@57.656C gpu@58.281C tj@59.218C soc1@59.218C VDD_IN 9435mW/9424mW VDD_CPU_GPU_CV 3271mW/3198mW VDD_SOC 2703mW/2705mW
08-04-2026 16:43:53 RAM 3868/7620MB (lfb 3x1MB) SWAP 2214/12002MB (cached 117MB) CPU [9%@1728,8%@1728,100%@1728,0%@1728,0%@1728,0%@1728] GR3D_FREQ 21% cpu@58.687C soc2@56.937C soc0@57.781C gpu@58.093C tj@58.968C soc1@58.968C VDD_IN 9435mW/9424mW VDD_CPU_GPU_CV 3271mW/3199mW VDD_SOC 2703mW/2705mW
08-04-2026 16:43:53 RAM 3868/7620MB (lfb 3x1MB) SWAP 2214/12002MB (cached 117MB) CPU [0%@1728,0%@1728,100%@1728,0%@1728,0%@1728,0%@1728] GR3D_FREQ 19% cpu@58.656C soc2@56.875C soc0@57.5C gpu@58.343C tj@58.968C soc1@58.968C VDD_IN 9435mW/9425mW VDD_CPU_GPU_CV 3271mW/3200mW VDD_SOC 2703mW/2705mW
08-04-2026 16:43:53 RAM 3868/7620MB (lfb 3x1MB) SWAP 2214/12002MB (cached 117MB) CPU [0%@1728,0%@1728,100%@1728,0%@1728,0%@1728,0%@1728] GR3D_FREQ 22% cpu@58.562C soc2@56.843C soc0@57.75C gpu@58.218C tj@59.125C soc1@59.125C VDD_IN 9435mW/9425mW VDD_CPU_GPU_CV 3271mW/3200mW VDD_SOC 2703mW/2705mW
08-04-2026 16:43:53 RAM 3868/7620MB (lfb 3x1MB) SWAP 2214/12002MB (cached 117MB) CPU [0%@1728,8%@1728,100%@1728,0%@1728,0%@1728,0%@1728] GR3D_FREQ 19% cpu@58.562C soc2@56.812C soc0@57.687C gpu@58.093C tj@59.125C soc1@59.125C VDD_IN 9435mW/9425mW VDD_CPU_GPU_CV 3230mW/3201mW VDD_SOC 2703mW/2705mW
08-04-2026 16:43:53 RAM 3868/7620MB (lfb 3x1MB) SWAP 2214/12002MB (cached 117MB) CPU [0%@1728,0%@1728,100%@1728,0%@1728,0%@1728,0%@1728] GR3D_FREQ 22% cpu@58.562C soc2@57C soc0@57.781C gpu@58.343C tj@59.156C soc1@59.156C VDD_IN 9435mW/9425mW VDD_CPU_GPU_CV 3230mW/3201mW VDD_SOC 2703mW/2705mW
08-04-2026 16:43:53 RAM 3868/7620MB (lfb 3x1MB) SWAP 2214/12002MB (cached 117MB) CPU [0%@1728,0%@1728,100%@1728,0%@1728,0%@1728,0%@1728] GR3D_FREQ 19% cpu@58.625C soc2@57C soc0@57.593C gpu@58.156C tj@59C soc1@59C VDD_IN 9476mW/9425mW VDD_CPU_GPU_CV 3230mW/3201mW VDD_SOC 2703mW/2705mW
08-04-2026 16:43:53 RAM 3868/7620MB (lfb 3x1MB) SWAP 2214/12002MB (cached 117MB) CPU [0%@1728,0%@1728,100%@1728,9%@1728,8%@1728,9%@1728] GR3D_FREQ 22% cpu@58.468C soc2@56.843C soc0@57.687C gpu@58.125C tj@59.093C soc1@59.093C VDD_IN 9476mW/9426mW VDD_CPU_GPU_CV 3230mW/3202mW VDD_SOC 2703mW/2705mW
08-04-2026 16:43:53 RAM 3868/7620MB (lfb 3x1MB) SWAP 2214/12002MB (cached 117MB) CPU [0%@1728,0%@1728,100%@1728,0%@1728,0%@1728,0%@1728] GR3D_FREQ 19% cpu@58.468C soc2@56.843C soc0@57.75C gpu@58.093C tj@59.125C soc1@59.125C VDD_IN 9476mW/9426mW VDD_CPU_GPU_CV 3230mW/3202mW VDD_SOC 2703mW/2705mW
08-04-2026 16:43:53 RAM 3868/7620MB (lfb 3x1MB) SWAP 2214/12002MB (cached 117MB) CPU [0%@1728,0%@1728,100%@1728,0%@1728,0%@1728,0%@1728] GR3D_FREQ 22% cpu@58.468C soc2@56.906C soc0@57.75C gpu@58.218C tj@59.375C soc1@59.375C VDD_IN 9476mW/9427mW VDD_CPU_GPU_CV 3230mW/3202mW VDD_SOC 2703mW/2705mW
08-04-2026 16:43:53 RAM 3868/7620MB (lfb 3x1MB) SWAP 2214/12002MB (cached 117MB) CPU [9%@1728,0%@1728,100%@1728,0%@1728,0%@1728,0%@1728] GR3D_FREQ 20% cpu@58.718C soc2@56.906C soc0@57.687C gpu@58.093C tj@59C soc1@59C VDD_IN 9476mW/9427mW VDD_CPU_GPU_CV 3230mW/3202mW VDD_SOC 2703mW/2705mW
08-04-2026 16:43:54 RAM 3868/7620MB (lfb 3x1MB) SWAP 2214/12002MB (cached 117MB) CPU [0%@1728,0%@1728,91%@1728,0%@1728,0%@1728,0%@1728] GR3D_FREQ 23% cpu@58.5C soc2@56.843C soc0@57.718C gpu@58C tj@58.968C soc1@58.968C VDD_IN 9476mW/9428mW VDD_CPU_GPU_CV 3271mW/3203mW VDD_SOC 2703mW/2705mW
08-04-2026 16:43:54 RAM 3868/7620MB (lfb 3x1MB) SWAP 2214/12002MB (cached 117MB) CPU [0%@1728,0%@1728,100%@1728,0%@1728,0%@1728,0%@1728] GR3D_FREQ 19% cpu@58.562C soc2@56.875C soc0@57.656C gpu@58.187C tj@59.125C soc1@59.125C VDD_IN 9476mW/9428mW VDD_CPU_GPU_CV 3271mW/3204mW VDD_SOC 2703mW/2705mW
08-04-2026 16:43:54 RAM 3868/7620MB (lfb 3x1MB) SWAP 2214/12002MB (cached 117MB) CPU [0%@1728,0%@1728,100%@1728,0%@1728,0%@1728,0%@1728] GR3D_FREQ 23% cpu@58.468C soc2@56.968C soc0@57.718C gpu@58.187C tj@59.281C soc1@59.281C VDD_IN 9476mW/9429mW VDD_CPU_GPU_CV 3271mW/3204mW VDD_SOC 2703mW/2705mW
08-04-2026 16:43:54 RAM 3868/7620MB (lfb 3x1MB) SWAP 2214/12002MB (cached 117MB) CPU [0%@1728,0%@1728,100%@1728,0%@1728,0%@1728,0%@1728] GR3D_FREQ 19% cpu@58.562C soc2@56.937C soc0@57.875C gpu@58C tj@59.281C soc1@59.281C VDD_IN 9476mW/9429mW VDD_CPU_GPU_CV 3230mW/3205mW VDD_SOC 2703mW/2705mW
08-04-2026 16:43:54 RAM 3868/7620MB (lfb 3x1MB) SWAP 2214/12002MB (cached 117MB) CPU [0%@1728,0%@1728,100%@1728,0%@1728,9%@1728,0%@1728] GR3D_FREQ 23% cpu@58.531C soc2@56.937C soc0@57.625C gpu@58.187C tj@59.031C soc1@59.031C VDD_IN 9476mW/9430mW VDD_CPU_GPU_CV 3230mW/3205mW VDD_SOC 2703mW/2705mW
08-04-2026 16:43:54 RAM 3868/7620MB (lfb 3x1MB) SWAP 2214/12002MB (cached 117MB) CPU [9%@1728,8%@1728,100%@1728,0%@1728,0%@1728,0%@1728] GR3D_FREQ 19% cpu@58.343C soc2@56.906C soc0@57.75C gpu@58.093C tj@59.156C soc1@59.156C VDD_IN 9435mW/9430mW VDD_CPU_GPU_CV 3271mW/3205mW VDD_SOC 2703mW/2705mW
08-04-2026 16:43:54 RAM 3868/7620MB (lfb 3x1MB) SWAP 2214/12002MB (cached 117MB) CPU [0%@1728,0%@1728,100%@1728,0%@1728,0%@1728,0%@1728] GR3D_FREQ 23% cpu@58.531C soc2@56.875C soc0@57.812C gpu@58.031C tj@59.25C soc1@59.25C VDD_IN 9476mW/9430mW VDD_CPU_GPU_CV 3230mW/3206mW VDD_SOC 2703mW/2705mW
08-04-2026 16:43:54 RAM 3868/7620MB (lfb 3x1MB) SWAP 2214/12002MB (cached 117MB) CPU [0%@1728,0%@1728,100%@1728,9%@1728,0%@1728,0%@1728] GR3D_FREQ 19% cpu@58.625C soc2@57.031C soc0@57.781C gpu@58.125C tj@59.312C soc1@59.312C VDD_IN 9476mW/9431mW VDD_CPU_GPU_CV 3271mW/3206mW VDD_SOC 2703mW/2705mW
08-04-2026 16:43:54 RAM 3868/7620MB (lfb 3x1MB) SWAP 2214/12002MB (cached 117MB) CPU [9%@1728,0%@1728,100%@1728,9%@1728,9%@1728,0%@1728] GR3D_FREQ 23% cpu@58.468C soc2@56.906C soc0@57.625C gpu@58.093C tj@59.062C soc1@59.062C VDD_IN 9476mW/9431mW VDD_CPU_GPU_CV 3271mW/3207mW VDD_SOC 2703mW/2705mW
08-04-2026 16:43:55 RAM 3868/7620MB (lfb 3x1MB) SWAP 2214/12002MB (cached 117MB) CPU [0%@1728,0%@1728,100%@1728,0%@1728,0%@1728,0%@1728] GR3D_FREQ 19% cpu@58.5C soc2@56.906C soc0@57.687C gpu@58.093C tj@59.125C soc1@59.125C VDD_IN 9476mW/9432mW VDD_CPU_GPU_CV 3230mW/3207mW VDD_SOC 2703mW/2705mW
08-04-2026 16:43:55 RAM 3868/7620MB (lfb 3x1MB) SWAP 2214/12002MB (cached 117MB) CPU [9%@1728,0%@1728,100%@1728,0%@1728,9%@1728,0%@1728] GR3D_FREQ 22% cpu@58.5C soc2@56.937C soc0@57.781C gpu@58.25C tj@59.25C soc1@59.25C VDD_IN 9476mW/9432mW VDD_CPU_GPU_CV 3230mW/3207mW VDD_SOC 2703mW/2705mW
08-04-2026 16:43:55 RAM 3873/7620MB (lfb 3x1MB) SWAP 2214/12002MB (cached 117MB) CPU [0%@1728,20%@1728,100%@1728,10%@1728,0%@1728,0%@1728] GR3D_FREQ 19% cpu@58.593C soc2@57C soc0@57.843C gpu@58C tj@59.281C soc1@59.281C VDD_IN 9517mW/9433mW VDD_CPU_GPU_CV 3271mW/3208mW VDD_SOC 2703mW/2705mW
08-04-2026 16:43:55 RAM 3873/7620MB (lfb 3x1MB) SWAP 2214/12002MB (cached 117MB) CPU [9%@1728,0%@1728,100%@1728,0%@1728,0%@1728,0%@1728] GR3D_FREQ 20% cpu@58.437C soc2@56.906C soc0@57.656C gpu@58C tj@59.125C soc1@59.125C VDD_IN 9517mW/9433mW VDD_CPU_GPU_CV 3271mW/3208mW VDD_SOC 2703mW/2705mW
08-04-2026 16:43:55 RAM 3873/7620MB (lfb 3x1MB) SWAP 2214/12002MB (cached 117MB) CPU [0%@1728,0%@1728,100%@1728,0%@1728,0%@1728,0%@1728] GR3D_FREQ 19% cpu@58.406C soc2@56.875C soc0@57.687C gpu@58.468C tj@59.125C soc1@59.125C VDD_IN 9476mW/9434mW VDD_CPU_GPU_CV 3271mW/3209mW VDD_SOC 2703mW/2705mW
08-04-2026 16:43:55 RAM 3873/7620MB (lfb 3x1MB) SWAP 2214/12002MB (cached 117MB) CPU [8%@1728,0%@1728,100%@1728,0%@1728,0%@1728,0%@1728] GR3D_FREQ 20% cpu@58.531C soc2@56.937C soc0@57.75C gpu@58C tj@59.187C soc1@59.187C VDD_IN 9476mW/9434mW VDD_CPU_GPU_CV 3271mW/3210mW VDD_SOC 2703mW/2705mW
08-04-2026 16:43:55 RAM 3873/7620MB (lfb 3x1MB) SWAP 2214/12002MB (cached 117MB) CPU [0%@1728,9%@1728,100%@1728,0%@1728,0%@1728,9%@1728] GR3D_FREQ 19% cpu@58.593C soc2@56.968C soc0@57.781C gpu@58.531C tj@59.218C soc1@59.218C VDD_IN 9476mW/9435mW VDD_CPU_GPU_CV 3271mW/3210mW VDD_SOC 2703mW/2705mW
08-04-2026 16:43:55 RAM 3873/7620MB (lfb 3x1MB) SWAP 2214/12002MB (cached 117MB) CPU [0%@1728,0%@1728,100%@1728,0%@1728,8%@1728,0%@1728] GR3D_FREQ 19% cpu@58.781C soc2@57C soc0@57.687C gpu@58.406C tj@59.031C soc1@59.031C VDD_IN 9476mW/9435mW VDD_CPU_GPU_CV 3271mW/3211mW VDD_SOC 2703mW/2705mW
08-04-2026 16:43:55 RAM 3873/7620MB (lfb 3x1MB) SWAP 2214/12002MB (cached 117MB) CPU [0%@1728,0%@1728,100%@1728,9%@1728,0%@1728,9%@1728] GR3D_FREQ 19% cpu@58.468C soc2@56.812C soc0@57.687C gpu@58.031C tj@59.093C soc1@59.093C VDD_IN 9435mW/9435mW VDD_CPU_GPU_CV 3271mW/3211mW VDD_SOC 2703mW/2705mW
08-04-2026 16:43:55 RAM 3873/7620MB (lfb 3x1MB) SWAP 2214/12002MB (cached 117MB) CPU [0%@1728,9%@1728,100%@1728,0%@1728,9%@1728,0%@1728] GR3D_FREQ 20% cpu@58.468C soc2@56.875C soc0@57.75C gpu@58.5C tj@59.156C soc1@59.156C VDD_IN 9476mW/9435mW VDD_CPU_GPU_CV 3271mW/3212mW VDD_SOC 2703mW/2705mW
08-04-2026 16:43:56 RAM 3873/7620MB (lfb 3x1MB) SWAP 2214/12002MB (cached 117MB) CPU [0%@1728,0%@1728,100%@1728,0%@1728,0%@1728,0%@1728] GR3D_FREQ 19% cpu@58.562C soc2@57C soc0@57.781C gpu@58.25C tj@59.25C soc1@59.25C VDD_IN 9435mW/9435mW VDD_CPU_GPU_CV 3271mW/3212mW VDD_SOC 2703mW/2705mW
08-04-2026 16:43:56 RAM 3873/7620MB (lfb 3x1MB) SWAP 2214/12002MB (cached 117MB) CPU [0%@1728,0%@1728,100%@1728,0%@1728,0%@1728,0%@1728] GR3D_FREQ 19% cpu@59C soc2@56.968C soc0@57.593C gpu@58.031C tj@59.062C soc1@59.062C VDD_IN 9476mW/9436mW VDD_CPU_GPU_CV 3271mW/3213mW VDD_SOC 2703mW/2705mW
08-04-2026 16:43:56 RAM 3873/7620MB (lfb 3x1MB) SWAP 2214/12002MB (cached 117MB) CPU [0%@1728,0%@1728,100%@1728,0%@1728,0%@1728,0%@1728] GR3D_FREQ 19% cpu@58.437C soc2@56.875C soc0@57.687C gpu@58.5C tj@59.093C soc1@59.093C VDD_IN 9435mW/9436mW VDD_CPU_GPU_CV 3271mW/3213mW VDD_SOC 2703mW/2705mW
08-04-2026 16:43:56 RAM 3873/7620MB (lfb 3x1MB) SWAP 2214/12002MB (cached 117MB) CPU [0%@1728,0%@1728,100%@1728,0%@1728,0%@1728,0%@1728] GR3D_FREQ 20% cpu@58.562C soc2@56.843C soc0@57.625C gpu@58.406C tj@59.218C soc1@59.218C VDD_IN 9435mW/9436mW VDD_CPU_GPU_CV 3271mW/3214mW VDD_SOC 2703mW/2705mW
08-04-2026 16:43:56 RAM 3873/7620MB (lfb 3x1MB) SWAP 2214/12002MB (cached 117MB) CPU [0%@1728,0%@1728,100%@1728,0%@1728,0%@1728,0%@1728] GR3D_FREQ 19% cpu@58.625C soc2@56.968C soc0@57.781C gpu@58C tj@59.218C soc1@59.218C VDD_IN 9476mW/9436mW VDD_CPU_GPU_CV 3230mW/3214mW VDD_SOC 2703mW/2705mW
08-04-2026 16:43:56 RAM 3873/7620MB (lfb 3x1MB) SWAP 2214/12002MB (cached 117MB) CPU [0%@1728,9%@1728,100%@1728,9%@1728,8%@1728,0%@1728] GR3D_FREQ 19% cpu@58.718C soc2@56.968C soc0@57.625C gpu@58.375C tj@59C soc1@59C VDD_IN 9476mW/9436mW VDD_CPU_GPU_CV 3230mW/3214mW VDD_SOC 2703mW/2705mW
08-04-2026 16:43:56 RAM 3873/7620MB (lfb 3x1MB) SWAP 2214/12002MB (cached 117MB) CPU [0%@1728,0%@1728,100%@1728,8%@1728,0%@1728,0%@1728] GR3D_FREQ 19% cpu@58.937C soc2@56.843C soc0@57.593C gpu@58.25C tj@59.062C soc1@59.062C VDD_IN 9476mW/9437mW VDD_CPU_GPU_CV 3230mW/3214mW VDD_SOC 2703mW/2705mW
08-04-2026 16:43:56 RAM 3873/7620MB (lfb 3x1MB) SWAP 2214/12002MB (cached 117MB) CPU [0%@1728,0%@1728,100%@1728,0%@1728,0%@1728,0%@1728] GR3D_FREQ 19% cpu@58.562C soc2@56.875C soc0@57.718C gpu@58.031C tj@59.125C soc1@59.125C VDD_IN 9476mW/9437mW VDD_CPU_GPU_CV 3230mW/3214mW VDD_SOC 2744mW/2705mW
08-04-2026 16:43:56 RAM 3873/7620MB (lfb 3x1MB) SWAP 2214/12002MB (cached 117MB) CPU [8%@1728,0%@1728,100%@1728,9%@1728,0%@1728,8%@1728] GR3D_FREQ 19% cpu@58.468C soc2@56.968C soc0@57.75C gpu@58.437C tj@59.218C soc1@59.218C VDD_IN 9476mW/9437mW VDD_CPU_GPU_CV 3230mW/3214mW VDD_SOC 2703mW/2705mW
08-04-2026 16:43:57 RAM 3873/7620MB (lfb 3x1MB) SWAP 2214/12002MB (cached 117MB) CPU [0%@1728,0%@1728,100%@1728,0%@1728,0%@1728,0%@1728] GR3D_FREQ 19% cpu@58.687C soc2@56.968C soc0@57.875C gpu@58.343C tj@59.343C soc1@59.343C VDD_IN 9517mW/9438mW VDD_CPU_GPU_CV 3230mW/3214mW VDD_SOC 2744mW/2705mW
08-04-2026 16:43:57 RAM 3873/7620MB (lfb 3x1MB) SWAP 2214/12002MB (cached 117MB) CPU [0%@1728,0%@1728,100%@1728,0%@1728,0%@1728,0%@1728] GR3D_FREQ 19% cpu@58.812C soc2@56.968C soc0@57.687C gpu@58.125C tj@59.093C soc1@59.093C VDD_IN 9476mW/9438mW VDD_CPU_GPU_CV 3189mW/3214mW VDD_SOC 2703mW/2705mW
08-04-2026 16:43:57 RAM 3873/7620MB (lfb 3x1MB) SWAP 2214/12002MB (cached 117MB) CPU [8%@1728,0%@1728,100%@1728,0%@1728,0%@1728,11%@1728] GR3D_FREQ 19% cpu@58.437C soc2@56.906C soc0@57.687C gpu@58.5C tj@59.062C soc1@59.062C VDD_IN 9517mW/9439mW VDD_CPU_GPU_CV 3230mW/3214mW VDD_SOC 2744mW/2705mW
08-04-2026 16:43:57 RAM 3873/7620MB (lfb 3x1MB) SWAP 2214/12002MB (cached 117MB) CPU [0%@1728,0%@1728,100%@1728,0%@1728,0%@1728,0%@1728] GR3D_FREQ 19% cpu@58.5C soc2@56.906C soc0@57.781C gpu@58.187C tj@59.156C soc1@59.156C VDD_IN 9476mW/9439mW VDD_CPU_GPU_CV 3189mW/3214mW VDD_SOC 2703mW/2705mW
08-04-2026 16:43:57 RAM 3873/7620MB (lfb 3x1MB) SWAP 2214/12002MB (cached 117MB) CPU [0%@1728,0%@1728,100%@1728,0%@1728,0%@1728,0%@1728] GR3D_FREQ 23% cpu@58.718C soc2@56.968C soc0@57.843C gpu@58.218C tj@59.375C soc1@59.375C VDD_IN 9476mW/9439mW VDD_CPU_GPU_CV 3230mW/3214mW VDD_SOC 2703mW/2705mW
08-04-2026 16:43:57 RAM 3873/7620MB (lfb 3x1MB) SWAP 2214/12002MB (cached 117MB) CPU [0%@1728,0%@1728,100%@1728,0%@1728,9%@1728,0%@1728] GR3D_FREQ 19% cpu@58.75C soc2@56.812C soc0@57.656C gpu@58.468C tj@59.093C soc1@59.093C VDD_IN 9476mW/9439mW VDD_CPU_GPU_CV 3189mW/3214mW VDD_SOC 2703mW/2705mW
08-04-2026 16:43:57 RAM 3873/7620MB (lfb 3x1MB) SWAP 2214/12002MB (cached 117MB) CPU [0%@1728,0%@1728,100%@1728,0%@1728,0%@1728,0%@1728] GR3D_FREQ 22% cpu@58.906C soc2@56.875C soc0@57.718C gpu@58.25C tj@59.187C soc1@59.187C VDD_IN 9476mW/9440mW VDD_CPU_GPU_CV 3230mW/3214mW VDD_SOC 2703mW/2705mW
08-04-2026 16:43:57 RAM 3873/7620MB (lfb 3x1MB) SWAP 2214/12002MB (cached 117MB) CPU [0%@1728,0%@1728,100%@1728,0%@1728,0%@1728,0%@1728] GR3D_FREQ 19% cpu@58.531C soc2@56.906C soc0@57.843C gpu@58.156C tj@59.093C soc1@59.093C VDD_IN 9435mW/9440mW VDD_CPU_GPU_CV 3230mW/3214mW VDD_SOC 2703mW/2705mW
08-04-2026 16:43:57 RAM 3873/7620MB (lfb 3x1MB) SWAP 2214/12002MB (cached 117MB) CPU [0%@1728,9%@1728,100%@1728,0%@1728,0%@1728,0%@1728] GR3D_FREQ 23% cpu@58.656C soc2@56.937C soc0@57.843C gpu@58.406C tj@59.25C soc1@59.25C VDD_IN 9476mW/9440mW VDD_CPU_GPU_CV 3230mW/3214mW VDD_SOC 2703mW/2705mW
08-04-2026 16:43:57 RAM 3873/7620MB (lfb 3x1MB) SWAP 2214/12002MB (cached 117MB) CPU [9%@1728,8%@1728,100%@1728,0%@1728,0%@1728,0%@1728] GR3D_FREQ 19% cpu@58.75C soc2@56.968C soc0@57.937C gpu@58.281C tj@59.031C soc1@59.031C VDD_IN 9476mW/9440mW VDD_CPU_GPU_CV 3271mW/3215mW VDD_SOC 2703mW/2705mW
08-04-2026 16:43:58 RAM 3873/7620MB (lfb 3x1MB) SWAP 2214/12002MB (cached 117MB) CPU [0%@1728,0%@1728,91%@1728,0%@1728,0%@1728,0%@1728] GR3D_FREQ 20% cpu@58.812C soc2@56.875C soc0@57.718C gpu@58.156C tj@59.093C soc1@59.093C VDD_IN 9476mW/9440mW VDD_CPU_GPU_CV 3271mW/3215mW VDD_SOC 2703mW/2705mW
08-04-2026 16:43:58 RAM 3873/7620MB (lfb 3x1MB) SWAP 2214/12002MB (cached 117MB) CPU [0%@1728,0%@1728,100%@1728,0%@1728,8%@1728,8%@1728] GR3D_FREQ 20% cpu@58.531C soc2@56.906C soc0@57.812C gpu@58.375C tj@59.156C soc1@59.156C VDD_IN 9435mW/9440mW VDD_CPU_GPU_CV 3271mW/3216mW VDD_SOC 2703mW/2705mW
08-04-2026 16:43:58 RAM 3873/7620MB (lfb 3x1MB) SWAP 2214/12002MB (cached 117MB) CPU [0%@1728,0%@1728,100%@1728,0%@1728,0%@1728,0%@1728] GR3D_FREQ 20% cpu@58.687C soc2@56.906C soc0@57.75C gpu@58.187C tj@59.25C soc1@59.25C VDD_IN 9476mW/9441mW VDD_CPU_GPU_CV 3271mW/3216mW VDD_SOC 2703mW/2705mW
08-04-2026 16:43:58 RAM 3873/7620MB (lfb 3x1MB) SWAP 2214/12002MB (cached 117MB) CPU [0%@1728,0%@1728,100%@1728,0%@1728,0%@1728,0%@1728] GR3D_FREQ 20% cpu@58.75C soc2@56.937C soc0@57.968C gpu@58.187C tj@59.062C soc1@59.062C VDD_IN 9435mW/9441mW VDD_CPU_GPU_CV 3271mW/3216mW VDD_SOC 2703mW/2705mW
08-04-2026 16:43:58 RAM 3875/7620MB (lfb 3x1MB) SWAP 2214/12002MB (cached 117MB) CPU [10%@1728,0%@1728,100%@1728,33%@1728,0%@1728,0%@1728] GR3D_FREQ 19% cpu@58.906C soc2@56.906C soc0@57.656C gpu@58.406C tj@59.031C soc1@59.031C VDD_IN 9517mW/9441mW VDD_CPU_GPU_CV 3312mW/3217mW VDD_SOC 2744mW/2706mW
08-04-2026 16:43:58 RAM 3875/7620MB (lfb 3x1MB) SWAP 2214/12002MB (cached 117MB) CPU [8%@1728,0%@1728,100%@1728,0%@1728,0%@1728,0%@1728] GR3D_FREQ 20% cpu@58.5C soc2@56.937C soc0@57.656C gpu@58.218C tj@59.125C soc1@59.125C VDD_IN 9517mW/9442mW VDD_CPU_GPU_CV 3271mW/3217mW VDD_SOC 2703mW/2706mW
08-04-2026 16:43:58 RAM 3875/7620MB (lfb 3x1MB) SWAP 2214/12002MB (cached 117MB) CPU [0%@1728,8%@1728,100%@1728,0%@1728,0%@1728,0%@1728] GR3D_FREQ 19% cpu@58.593C soc2@56.937C soc0@57.75C gpu@58.25C tj@59.281C soc1@59.281C VDD_IN 9476mW/9442mW VDD_CPU_GPU_CV 3271mW/3218mW VDD_SOC 2744mW/2706mW
08-04-2026 16:43:58 RAM 3875/7620MB (lfb 3x1MB) SWAP 2214/12002MB (cached 117MB) CPU [0%@1728,0%@1728,100%@1728,0%@1728,0%@1728,0%@1728] GR3D_FREQ 19% cpu@58.687C soc2@56.968C soc0@57.75C gpu@58.156C tj@58.937C soc1@58.937C VDD_IN 9476mW/9442mW VDD_CPU_GPU_CV 3271mW/3218mW VDD_SOC 2703mW/2706mW
08-04-2026 16:43:58 RAM 3875/7620MB (lfb 3x1MB) SWAP 2214/12002MB (cached 117MB) CPU [0%@1728,0%@1728,100%@1728,0%@1728,0%@1728,0%@1728] GR3D_FREQ 19% cpu@58.718C soc2@56.875C soc0@57.687C gpu@58.156C tj@59.125C soc1@59.125C VDD_IN 9435mW/9442mW VDD_CPU_GPU_CV 3271mW/3218mW VDD_SOC 2703mW/2706mW
08-04-2026 16:43:59 RAM 3875/7620MB (lfb 3x1MB) SWAP 2214/12002MB (cached 117MB) CPU [0%@1728,0%@1728,100%@1728,0%@1728,0%@1728,0%@1728] GR3D_FREQ 19% cpu@58.906C soc2@56.968C soc0@57.718C gpu@58.093C tj@59.125C soc1@59.125C VDD_IN 9476mW/9442mW VDD_CPU_GPU_CV 3271mW/3219mW VDD_SOC 2703mW/2706mW
08-04-2026 16:43:59 RAM 3875/7620MB (lfb 3x1MB) SWAP 2214/12002MB (cached 117MB) CPU [9%@1728,0%@1728,100%@1728,0%@1728,0%@1728,0%@1728] GR3D_FREQ 20% cpu@58.656C soc2@57C soc0@57.75C gpu@58.062C tj@59.218C soc1@59.218C VDD_IN 9476mW/9443mW VDD_CPU_GPU_CV 3271mW/3219mW VDD_SOC 2703mW/2706mW
08-04-2026 16:43:59 RAM 3875/7620MB (lfb 3x1MB) SWAP 2214/12002MB (cached 117MB) CPU [0%@1728,0%@1728,100%@1728,0%@1728,0%@1728,0%@1728] GR3D_FREQ 19% cpu@58.718C soc2@56.968C soc0@57.843C gpu@58.218C tj@59.375C soc1@59.375C VDD_IN 9476mW/9443mW VDD_CPU_GPU_CV 3230mW/3219mW VDD_SOC 2703mW/2706mW
08-04-2026 16:43:59 RAM 3875/7620MB (lfb 3x1MB) SWAP 2214/12002MB (cached 117MB) CPU [0%@1728,0%@1728,100%@1728,0%@1728,0%@1728,0%@1728] GR3D_FREQ 19% cpu@58.656C soc2@56.906C soc0@57.656C gpu@58.093C tj@59.062C soc1@59C VDD_IN 9476mW/9443mW VDD_CPU_GPU_CV 3230mW/3219mW VDD_SOC 2703mW/2706mW
08-04-2026 16:43:59 RAM 3875/7620MB (lfb 3x1MB) SWAP 2214/12002MB (cached 117MB) CPU [0%@1728,8%@1728,100%@1728,0%@1728,0%@1728,8%@1728] GR3D_FREQ 19% cpu@58.812C soc2@56.843C soc0@57.75C gpu@58C tj@59.062C soc1@59.062C VDD_IN 9476mW/9443mW VDD_CPU_GPU_CV 3230mW/3219mW VDD_SOC 2703mW/2706mW
08-04-2026 16:43:59 RAM 3875/7620MB (lfb 3x1MB) SWAP 2214/12002MB (cached 117MB) CPU [8%@1728,0%@1728,100%@1728,0%@1728,9%@1728,0%@1728] GR3D_FREQ 19% cpu@58.531C soc2@56.937C soc0@57.75C gpu@58.125C tj@59.187C soc1@59.187C VDD_IN 9476mW/9443mW VDD_CPU_GPU_CV 3230mW/3219mW VDD_SOC 2703mW/2706mW
08-04-2026 16:43:59 RAM 3875/7620MB (lfb 3x1MB) SWAP 2214/12002MB (cached 117MB) CPU [0%@1728,9%@1728,100%@1728,0%@1728,0%@1728,0%@1728] GR3D_FREQ 19% cpu@58.687C soc2@56.968C soc0@57.687C gpu@58.062C tj@59.343C soc1@59.343C VDD_IN 9476mW/9444mW VDD_CPU_GPU_CV 3230mW/3220mW VDD_SOC 2703mW/2706mW
08-04-2026 16:43:59 RAM 3875/7620MB (lfb 3x1MB) SWAP 2214/12002MB (cached 117MB) CPU [0%@1728,8%@1728,100%@1728,0%@1728,0%@1728,0%@1728] GR3D_FREQ 19% cpu@58.687C soc2@57.093C soc0@57.656C gpu@58C tj@59.031C soc1@59.031C VDD_IN 9435mW/9444mW VDD_CPU_GPU_CV 3230mW/3220mW VDD_SOC 2703mW/2706mW
08-04-2026 16:43:59 RAM 3875/7620MB (lfb 3x1MB) SWAP 2214/12002MB (cached 117MB) CPU [0%@1728,0%@1728,100%@1728,0%@1728,0%@1728,0%@1728] GR3D_FREQ 19% cpu@58.812C soc2@56.968C soc0@57.687C gpu@58.125C tj@59.093C soc1@59.093C VDD_IN 9435mW/9444mW VDD_CPU_GPU_CV 3230mW/3220mW VDD_SOC 2703mW/2706mW
08-04-2026 16:43:59 RAM 3875/7620MB (lfb 3x1MB) SWAP 2214/12002MB (cached 117MB) CPU [0%@1728,0%@1728,100%@1728,0%@1728,0%@1728,0%@1728] GR3D_FREQ 19% cpu@58.531C soc2@57C soc0@57.75C gpu@58.031C tj@59.187C soc1@59.187C VDD_IN 9435mW/9444mW VDD_CPU_GPU_CV 3230mW/3220mW VDD_SOC 2703mW/2706mW
08-04-2026 16:44:00 RAM 3875/7620MB (lfb 3x1MB) SWAP 2214/12002MB (cached 117MB) CPU [0%@1728,0%@1728,100%@1728,9%@1728,0%@1728,9%@1728] GR3D_FREQ 20% cpu@58.625C soc2@57C soc0@57.812C gpu@58.031C tj@59.343C soc1@59.343C VDD_IN 9435mW/9443mW VDD_CPU_GPU_CV 3271mW/3220mW VDD_SOC 2703mW/2706mW
08-04-2026 16:44:00 RAM 3875/7620MB (lfb 3x1MB) SWAP 2214/12002MB (cached 117MB) CPU [9%@1728,0%@1728,100%@1728,0%@1728,9%@1728,0%@1728] GR3D_FREQ 19% cpu@58.718C soc2@56.968C soc0@57.625C gpu@58.031C tj@59.031C soc1@59.031C VDD_IN 9435mW/9443mW VDD_CPU_GPU_CV 3271mW/3220mW VDD_SOC 2703mW/2706mW
08-04-2026 16:44:00 RAM 3875/7620MB (lfb 3x1MB) SWAP 2214/12002MB (cached 117MB) CPU [0%@1728,0%@1728,100%@1728,0%@1728,0%@1728,0%@1728] GR3D_FREQ 19% cpu@58.75C soc2@56.843C soc0@57.625C gpu@58.062C tj@59.093C soc1@59.093C VDD_IN 9435mW/9443mW VDD_CPU_GPU_CV 3271mW/3221mW VDD_SOC 2703mW/2706mW
08-04-2026 16:44:00 RAM 3875/7620MB (lfb 3x1MB) SWAP 2214/12002MB (cached 117MB) CPU [0%@1728,0%@1728,100%@1728,9%@1728,0%@1728,0%@1728] GR3D_FREQ 19% cpu@58.625C soc2@56.906C soc0@57.718C gpu@58.562C tj@59.187C soc1@59.187C VDD_IN 9435mW/9443mW VDD_CPU_GPU_CV 3271mW/3221mW VDD_SOC 2703mW/2706mW
08-04-2026 16:44:00 RAM 3875/7620MB (lfb 3x1MB) SWAP 2214/12002MB (cached 117MB) CPU [0%@1728,0%@1728,100%@1728,0%@1728,0%@1728,0%@1728] GR3D_FREQ 18% cpu@58.625C soc2@56.968C soc0@57.75C gpu@58.062C tj@59.218C soc1@59.218C VDD_IN 9476mW/9444mW VDD_CPU_GPU_CV 3271mW/3221mW VDD_SOC 2703mW/2706mW
08-04-2026 16:44:00 RAM 3875/7620MB (lfb 3x1MB) SWAP 2214/12002MB (cached 117MB) CPU [0%@1728,0%@1728,100%@1728,0%@1728,0%@1728,0%@1728] GR3D_FREQ 20% cpu@58.687C soc2@57.031C soc0@57.906C gpu@58C tj@59.312C soc1@59.312C VDD_IN 9435mW/9443mW VDD_CPU_GPU_CV 3271mW/3222mW VDD_SOC 2703mW/2705mW
08-04-2026 16:44:00 RAM 3875/7620MB (lfb 3x1MB) SWAP 2214/12002MB (cached 117MB) CPU [0%@1728,0%@1728,100%@1728,0%@1728,0%@1728,0%@1728] GR3D_FREQ 20% cpu@58.625C soc2@56.875C soc0@57.656C gpu@58.5C tj@59.093C soc1@59.093C VDD_IN 9476mW/9444mW VDD_CPU_GPU_CV 3230mW/3222mW VDD_SOC 2703mW/2705mW
08-04-2026 16:44:00 RAM 3875/7620MB (lfb 3x1MB) SWAP 2214/12002MB (cached 117MB) CPU [0%@1728,0%@1728,100%@1728,9%@1728,0%@1728,0%@1728] GR3D_FREQ 20% cpu@58.625C soc2@56.812C soc0@57.656C gpu@58C tj@59.093C soc1@59.093C VDD_IN 9435mW/9444mW VDD_CPU_GPU_CV 3230mW/3222mW VDD_SOC 2703mW/2705mW
08-04-2026 16:44:00 RAM 3875/7620MB (lfb 3x1MB) SWAP 2214/12002MB (cached 117MB) CPU [0%@1728,0%@1728,100%@1728,0%@1728,0%@1728,0%@1728] GR3D_FREQ 21% cpu@58.656C soc2@56.906C soc0@57.75C gpu@58.031C tj@59.218C soc1@59.218C VDD_IN 9435mW/9444mW VDD_CPU_GPU_CV 3271mW/3222mW VDD_SOC 2703mW/2705mW
08-04-2026 16:44:01 RAM 3875/7620MB (lfb 3x1MB) SWAP 2214/12002MB (cached 117MB) CPU [0%@1728,0%@1728,100%@1728,0%@1728,0%@1728,0%@1728] GR3D_FREQ 20% cpu@58.687C soc2@56.968C soc0@57.781C gpu@58.5C tj@59.406C soc1@59.406C VDD_IN 9476mW/9444mW VDD_CPU_GPU_CV 3230mW/3222mW VDD_SOC 2703mW/2705mW
08-04-2026 16:44:01 RAM 3875/7620MB (lfb 3x1MB) SWAP 2214/12002MB (cached 117MB) CPU [0%@1728,0%@1728,100%@1728,0%@1728,0%@1728,0%@1728] GR3D_FREQ 22% cpu@58.5C soc2@56.906C soc0@57.687C gpu@58.312C tj@59.125C soc1@59.125C VDD_IN 9476mW/9444mW VDD_CPU_GPU_CV 3230mW/3222mW VDD_SOC 2703mW/2705mW
08-04-2026 16:44:01 RAM 3875/7620MB (lfb 3x1MB) SWAP 2214/12002MB (cached 117MB) CPU [0%@1728,8%@1728,100%@1728,0%@1728,0%@1728,0%@1728] GR3D_FREQ 20% cpu@58.5C soc2@56.937C soc0@57.718C gpu@58.187C tj@59.187C soc1@59.187C VDD_IN 9476mW/9444mW VDD_CPU_GPU_CV 3230mW/3222mW VDD_SOC 2703mW/2705mW
08-04-2026 16:44:01 RAM 3875/7620MB (lfb 3x1MB) SWAP 2214/12002MB (cached 117MB) CPU [9%@1728,0%@1728,100%@1728,0%@1728,0%@1728,0%@1728] GR3D_FREQ 22% cpu@58.562C soc2@57C soc0@57.75C gpu@58.125C tj@59.281C soc1@59.281C VDD_IN 9476mW/9444mW VDD_CPU_GPU_CV 3230mW/3222mW VDD_SOC 2703mW/2705mW
08-04-2026 16:44:01 RAM 3875/7620MB (lfb 3x1MB) SWAP 2214/12002MB (cached 117MB) CPU [0%@1728,0%@1728,100%@1728,0%@1728,0%@1728,0%@1728] GR3D_FREQ 19% cpu@58.468C soc2@57C soc0@57.687C gpu@58.312C tj@59.156C soc1@59.156C VDD_IN 9476mW/9445mW VDD_CPU_GPU_CV 3230mW/3222mW VDD_SOC 2703mW/2705mW
08-04-2026 16:44:01 RAM 3875/7620MB (lfb 3x1MB) SWAP 2214/12002MB (cached 117MB) CPU [0%@1728,0%@1728,100%@1728,0%@1728,9%@1728,0%@1728] GR3D_FREQ 22% cpu@58.5C soc2@56.875C soc0@57.718C gpu@58.187C tj@59.062C soc1@59.062C VDD_IN 9476mW/9445mW VDD_CPU_GPU_CV 3230mW/3222mW VDD_SOC 2703mW/2705mW
08-04-2026 16:44:01 RAM 3875/7620MB (lfb 3x1MB) SWAP 2214/12002MB (cached 117MB) CPU [9%@1728,0%@1728,100%@1728,0%@1728,0%@1728,0%@1728] GR3D_FREQ 20% cpu@58.531C soc2@56.906C soc0@57.687C gpu@58.062C tj@59.156C soc1@59.156C VDD_IN 9476mW/9445mW VDD_CPU_GPU_CV 3230mW/3222mW VDD_SOC 2703mW/2705mW
08-04-2026 16:44:01 RAM 3877/7620MB (lfb 3x1MB) SWAP 2214/12002MB (cached 117MB) CPU [9%@1728,0%@1728,100%@1728,20%@1728,0%@1728,0%@1728] GR3D_FREQ 22% cpu@58.625C soc2@57.031C soc0@57.75C gpu@58.406C tj@59.218C soc1@59.218C VDD_IN 9558mW/9446mW VDD_CPU_GPU_CV 3271mW/3223mW VDD_SOC 2744mW/2706mW
08-04-2026 16:44:01 RAM 3877/7620MB (lfb 3x1MB) SWAP 2214/12002MB (cached 117MB) CPU [9%@1728,0%@1728,100%@1728,9%@1728,0%@1728,0%@1728] GR3D_FREQ 19% cpu@58.937C soc2@56.937C soc0@57.843C gpu@58.281C tj@59.093C soc1@59.093C VDD_IN 9517mW/9446mW VDD_CPU_GPU_CV 3271mW/3223mW VDD_SOC 2703mW/2706mW
08-04-2026 16:44:01 RAM 3877/7620MB (lfb 3x1MB) SWAP 2214/12002MB (cached 117MB) CPU [0%@1728,0%@1728,100%@1728,0%@1728,0%@1728,0%@1728] GR3D_FREQ 23% cpu@58.5C soc2@56.906C soc0@57.687C gpu@58.125C tj@59.062C soc1@59.062C VDD_IN 9517mW/9446mW VDD_CPU_GPU_CV 3271mW/3223mW VDD_SOC 2703mW/2706mW
08-04-2026 16:44:02 RAM 3877/7620MB (lfb 3x1MB) SWAP 2214/12002MB (cached 117MB) CPU [9%@1728,8%@1728,100%@1728,9%@1728,0%@1728,0%@1728] GR3D_FREQ 19% cpu@58.5C soc2@56.906C soc0@57.75C gpu@58.281C tj@59.218C soc1@59.218C VDD_IN 9476mW/9446mW VDD_CPU_GPU_CV 3271mW/3223mW VDD_SOC 2703mW/2706mW
08-04-2026 16:44:02 RAM 3877/7620MB (lfb 3x1MB) SWAP 2214/12002MB (cached 117MB) CPU [0%@1728,0%@1728,100%@1728,0%@1728,0%@1728,0%@1728] GR3D_FREQ 23% cpu@58.593C soc2@56.968C soc0@57.781C gpu@58.218C tj@59.343C soc1@59.343C VDD_IN 9476mW/9447mW VDD_CPU_GPU_CV 3271mW/3224mW VDD_SOC 2703mW/2706mW
08-04-2026 16:44:02 RAM 3877/7620MB (lfb 3x1MB) SWAP 2214/12002MB (cached 117MB) CPU [0%@1728,0%@1728,90%@1728,0%@1728,0%@1728,0%@1728] GR3D_FREQ 19% cpu@58.906C soc2@56.968C soc0@57.843C gpu@58.125C tj@59.031C soc1@59.031C VDD_IN 9476mW/9447mW VDD_CPU_GPU_CV 3271mW/3224mW VDD_SOC 2703mW/2705mW
08-04-2026 16:44:02 RAM 3877/7620MB (lfb 3x1MB) SWAP 2214/12002MB (cached 117MB) CPU [0%@1728,0%@1728,100%@1728,0%@1728,0%@1728,0%@1728] GR3D_FREQ 23% cpu@58.468C soc2@56.937C soc0@57.687C gpu@58.343C tj@59.062C soc1@59.062C VDD_IN 9476mW/9447mW VDD_CPU_GPU_CV 3271mW/3224mW VDD_SOC 2703mW/2705mW
08-04-2026 16:44:02 RAM 3877/7620MB (lfb 3x1MB) SWAP 2214/12002MB (cached 117MB) CPU [0%@1728,0%@1728,100%@1728,0%@1728,9%@1728,0%@1728] GR3D_FREQ 19% cpu@58.625C soc2@57C soc0@57.75C gpu@58.125C tj@59.187C soc1@59.187C VDD_IN 9476mW/9447mW VDD_CPU_GPU_CV 3271mW/3224mW VDD_SOC 2703mW/2705mW
08-04-2026 16:44:02 RAM 3877/7620MB (lfb 3x1MB) SWAP 2214/12002MB (cached 117MB) CPU [0%@1728,0%@1728,100%@1728,0%@1728,0%@1728,0%@1728] GR3D_FREQ 23% cpu@58.437C soc2@56.937C soc0@57.687C gpu@58.187C tj@59.312C soc1@59.312C VDD_IN 9476mW/9447mW VDD_CPU_GPU_CV 3230mW/3225mW VDD_SOC 2703mW/2705mW
08-04-2026 16:44:02 RAM 3877/7620MB (lfb 3x1MB) SWAP 2214/12002MB (cached 117MB) CPU [9%@1728,0%@1728,100%@1728,0%@1728,0%@1728,0%@1728] GR3D_FREQ 19% cpu@58.531C soc2@57.031C soc0@57.812C gpu@58.281C tj@59.25C soc1@59.25C VDD_IN 9476mW/9447mW VDD_CPU_GPU_CV 3230mW/3225mW VDD_SOC 2703mW/2705mW
08-04-2026 16:44:02 RAM 3877/7620MB (lfb 3x1MB) SWAP 2214/12002MB (cached 117MB) CPU [0%@1728,0%@1728,100%@1728,0%@1728,0%@1728,0%@1728] GR3D_FREQ 22% cpu@58.5C soc2@56.875C soc0@57.593C gpu@58.218C tj@59.125C soc1@59.125C VDD_IN 9476mW/9448mW VDD_CPU_GPU_CV 3230mW/3225mW VDD_SOC 2744mW/2706mW
08-04-2026 16:44:02 RAM 3877/7620MB (lfb 3x1MB) SWAP 2214/12002MB (cached 117MB) CPU [0%@1728,0%@1728,100%@1728,0%@1728,0%@1728,0%@1728] GR3D_FREQ 19% cpu@58.562C soc2@56.906C soc0@57.687C gpu@58.156C tj@59.125C soc1@59.125C VDD_IN 9476mW/9448mW VDD_CPU_GPU_CV 3230mW/3225mW VDD_SOC 2703mW/2706mW
08-04-2026 16:44:03 RAM 3877/7620MB (lfb 3x1MB) SWAP 2214/12002MB (cached 117MB) CPU [0%@1728,0%@1728,100%@1728,0%@1728,0%@1728,9%@1728] GR3D_FREQ 23% cpu@58.562C soc2@56.937C soc0@57.75C gpu@58.125C tj@59.312C soc1@59.312C VDD_IN 9517mW/9448mW VDD_CPU_GPU_CV 3230mW/3225mW VDD_SOC 2744mW/2706mW
08-04-2026 16:44:03 RAM 3877/7620MB (lfb 3x1MB) SWAP 2214/12002MB (cached 117MB) CPU [0%@1728,8%@1728,100%@1728,0%@1728,0%@1728,0%@1728] GR3D_FREQ 19% cpu@58.562C soc2@56.968C soc0@57.843C gpu@58.125C tj@59.25C soc1@59.25C VDD_IN 9517mW/9449mW VDD_CPU_GPU_CV 3230mW/3225mW VDD_SOC 2703mW/2706mW
08-04-2026 16:44:03 RAM 3877/7620MB (lfb 3x1MB) SWAP 2214/12002MB (cached 117MB) CPU [0%@1728,0%@1728,100%@1728,0%@1728,0%@1728,0%@1728] GR3D_FREQ 21% cpu@58.812C soc2@57.031C soc0@57.625C gpu@58.125C tj@59.062C soc1@59.062C VDD_IN 9476mW/9449mW VDD_CPU_GPU_CV 3230mW/3225mW VDD_SOC 2703mW/2706mW
08-04-2026 16:44:03 RAM 3877/7620MB (lfb 3x1MB) SWAP 2214/12002MB (cached 117MB) CPU [0%@1728,0%@1728,100%@1728,0%@1728,0%@1728,0%@1728] GR3D_FREQ 20% cpu@58.468C soc2@57.062C soc0@57.625C gpu@58.593C tj@59C soc1@59C VDD_IN 9435mW/9449mW VDD_CPU_GPU_CV 3230mW/3225mW VDD_SOC 2703mW/2706mW
08-04-2026 16:44:03 RAM 3877/7620MB (lfb 3x1MB) SWAP 2214/12002MB (cached 117MB) CPU [0%@1728,0%@1728,100%@1728,0%@1728,0%@1728,0%@1728] GR3D_FREQ 20% cpu@58.562C soc2@56.906C soc0@57.718C gpu@58.125C tj@59.218C soc1@59.218C VDD_IN 9476mW/9449mW VDD_CPU_GPU_CV 3230mW/3225mW VDD_SOC 2703mW/2706mW
08-04-2026 16:44:03 RAM 3877/7620MB (lfb 3x1MB) SWAP 2214/12002MB (cached 117MB) CPU [0%@1728,0%@1728,100%@1728,9%@1728,0%@1728,0%@1728] GR3D_FREQ 19% cpu@58.625C soc2@57.031C soc0@57.812C gpu@58.062C tj@59.218C soc1@59.218C VDD_IN 9435mW/9449mW VDD_CPU_GPU_CV 3189mW/3225mW VDD_SOC 2703mW/2706mW
08-04-2026 16:44:03 RAM 3877/7620MB (lfb 3x1MB) SWAP 2214/12002MB (cached 117MB) CPU [0%@1728,0%@1728,100%@1728,0%@1728,0%@1728,10%@1728] GR3D_FREQ 20% cpu@58.781C soc2@57.062C soc0@57.718C gpu@58.656C tj@59.125C soc1@59.125C VDD_IN 9476mW/9449mW VDD_CPU_GPU_CV 3230mW/3225mW VDD_SOC 2703mW/2706mW
08-04-2026 16:44:03 RAM 3877/7620MB (lfb 3x1MB) SWAP 2214/12002MB (cached 117MB) CPU [0%@1728,0%@1728,100%@1728,0%@1728,0%@1728,0%@1728] GR3D_FREQ 19% cpu@58.562C soc2@57C soc0@57.656C gpu@58.062C tj@59.093C soc1@59.093C VDD_IN 9435mW/9449mW VDD_CPU_GPU_CV 3230mW/3225mW VDD_SOC 2703mW/2706mW
08-04-2026 16:44:03 RAM 3877/7620MB (lfb 3x1MB) SWAP 2214/12002MB (cached 117MB) CPU [0%@1728,0%@1728,100%@1728,0%@1728,0%@1728,0%@1728] GR3D_FREQ 20% cpu@58.5C soc2@56.937C soc0@57.75C gpu@58.093C tj@59.218C soc1@59.218C VDD_IN 9435mW/9449mW VDD_CPU_GPU_CV 3271mW/3225mW VDD_SOC 2703mW/2706mW
08-04-2026 16:44:03 RAM 3877/7620MB (lfb 3x1MB) SWAP 2214/12002MB (cached 117MB) CPU [0%@1728,0%@1728,100%@1728,0%@1728,0%@1728,0%@1728] GR3D_FREQ 19% cpu@58.406C soc2@57C soc0@57.812C gpu@58.5C tj@59.281C soc1@59.281C VDD_IN 9435mW/9449mW VDD_CPU_GPU_CV 3271mW/3225mW VDD_SOC 2703mW/2706mW
08-04-2026 16:44:04 RAM 3877/7620MB (lfb 3x1MB) SWAP 2214/12002MB (cached 117MB) CPU [0%@1728,0%@1728,100%@1728,0%@1728,0%@1728,0%@1728] GR3D_FREQ 20% cpu@58.75C soc2@57.062C soc0@57.656C gpu@58.125C tj@59C soc1@59C VDD_IN 9435mW/9449mW VDD_CPU_GPU_CV 3271mW/3225mW VDD_SOC 2703mW/2706mW
08-04-2026 16:44:04 RAM 3876/7620MB (lfb 3x1MB) SWAP 2214/12002MB (cached 117MB) CPU [16%@1728,0%@1728,100%@1728,8%@1728,0%@1728,0%@1728] GR3D_FREQ 20% cpu@58.968C soc2@56.968C soc0@57.718C gpu@58.062C tj@59.093C soc1@59.093C VDD_IN 9435mW/9448mW VDD_CPU_GPU_CV 3271mW/3226mW VDD_SOC 2703mW/2706mW
08-04-2026 16:44:04 RAM 3876/7620MB (lfb 3x1MB) SWAP 2214/12002MB (cached 117MB) CPU [0%@1728,0%@1728,100%@1728,10%@1728,0%@1728,0%@1728] GR3D_FREQ 22% cpu@58.531C soc2@57.031C soc0@57.687C gpu@58.5C tj@59.156C soc1@59.218C VDD_IN 9476mW/9449mW VDD_CPU_GPU_CV 3271mW/3226mW VDD_SOC 2703mW/2706mW
08-04-2026 16:44:04 RAM 3876/7620MB (lfb 3x1MB) SWAP 2214/12002MB (cached 117MB) CPU [0%@1728,0%@1728,100%@1728,0%@1728,0%@1728,0%@1728] GR3D_FREQ 20% cpu@58.593C soc2@56.937C soc0@57.718C gpu@58.031C tj@59.156C soc1@59.156C VDD_IN 9435mW/9449mW VDD_CPU_GPU_CV 3271mW/3226mW VDD_SOC 2703mW/2706mW
08-04-2026 16:44:04 RAM 3876/7620MB (lfb 3x1MB) SWAP 2214/12002MB (cached 117MB) CPU [0%@1728,0%@1728,100%@1728,0%@1728,9%@1728,0%@1728] GR3D_FREQ 22% cpu@58.75C soc2@56.875C soc0@57.843C gpu@58.031C tj@59.343C soc1@59.343C VDD_IN 9476mW/9449mW VDD_CPU_GPU_CV 3271mW/3226mW VDD_SOC 2703mW/2706mW
08-04-2026 16:44:04 RAM 3876/7620MB (lfb 3x1MB) SWAP 2214/12002MB (cached 117MB) CPU [0%@1728,0%@1728,100%@1728,0%@1728,0%@1728,0%@1728] GR3D_FREQ 19% cpu@58.906C soc2@56.937C soc0@57.593C gpu@58.468C tj@59.062C soc1@59.062C VDD_IN 9476mW/9449mW VDD_CPU_GPU_CV 3230mW/3226mW VDD_SOC 2703mW/2706mW
08-04-2026 16:44:04 RAM 3876/7620MB (lfb 3x1MB) SWAP 2214/12002MB (cached 117MB) CPU [0%@1728,0%@1728,100%@1728,0%@1728,0%@1728,0%@1728] GR3D_FREQ 24% cpu@58.562C soc2@56.906C soc0@57.718C gpu@58.031C tj@59.093C soc1@59.093C VDD_IN 9476mW/9449mW VDD_CPU_GPU_CV 3230mW/3226mW VDD_SOC 2703mW/2706mW
08-04-2026 16:44:04 RAM 3876/7620MB (lfb 3x1MB) SWAP 2214/12002MB (cached 117MB) CPU [0%@1728,0%@1728,100%@1728,0%@1728,0%@1728,0%@1728] GR3D_FREQ 19% cpu@58.468C soc2@56.937C soc0@57.75C gpu@58C tj@59.156C soc1@59.156C VDD_IN 9476mW/9449mW VDD_CPU_GPU_CV 3230mW/3226mW VDD_SOC 2703mW/2706mW
08-04-2026 16:44:04 RAM 3876/7620MB (lfb 3x1MB) SWAP 2214/12002MB (cached 117MB) CPU [0%@1728,0%@1728,100%@1728,0%@1728,0%@1728,0%@1728] GR3D_FREQ 23% cpu@58.718C soc2@56.968C soc0@57.781C gpu@58.406C tj@59.312C soc1@59.312C VDD_IN 9476mW/9449mW VDD_CPU_GPU_CV 3230mW/3226mW VDD_SOC 2703mW/2706mW
08-04-2026 16:44:05 RAM 3878/7620MB (lfb 3x1MB) SWAP 2214/12002MB (cached 117MB) CPU [30%@1728,10%@1728,100%@1728,25%@1728,0%@1728,0%@1728] GR3D_FREQ 19% cpu@58.843C soc2@56.968C soc0@57.656C gpu@58C tj@59.187C soc1@59.187C VDD_IN 9558mW/9450mW VDD_CPU_GPU_CV 3271mW/3227mW VDD_SOC 2744mW/2706mW
08-04-2026 16:44:05 RAM 3878/7620MB (lfb 1x1MB) SWAP 2214/12002MB (cached 117MB) CPU [0%@1728,8%@1728,100%@1728,0%@1728,0%@1728,9%@1728] GR3D_FREQ 22% cpu@59.062C soc2@56.968C soc0@57.687C gpu@58.593C tj@59.218C soc1@59.218C VDD_IN 9558mW/9450mW VDD_CPU_GPU_CV 3312mW/3227mW VDD_SOC 2744mW/2706mW
08-04-2026 16:44:05 RAM 3878/7620MB (lfb 1x1MB) SWAP 2214/12002MB (cached 117MB) CPU [0%@1728,0%@1728,100%@1728,0%@1728,0%@1728,0%@1728] GR3D_FREQ 20% cpu@58.5C soc2@56.937C soc0@57.75C gpu@58.437C tj@59.187C soc1@59.187C VDD_IN 9517mW/9451mW VDD_CPU_GPU_CV 3271mW/3227mW VDD_SOC 2744mW/2706mW
08-04-2026 16:44:05 RAM 3878/7620MB (lfb 1x1MB) SWAP 2214/12002MB (cached 117MB) CPU [0%@1728,0%@1728,100%@1728,0%@1728,0%@1728,0%@1728] GR3D_FREQ 23% cpu@58.625C soc2@57C soc0@57.812C gpu@58.218C tj@59.343C soc1@59.343C VDD_IN 9517mW/9451mW VDD_CPU_GPU_CV 3271mW/3227mW VDD_SOC 2744mW/2706mW
08-04-2026 16:44:05 RAM 3878/7620MB (lfb 1x1MB) SWAP 2214/12002MB (cached 117MB) CPU [8%@1728,0%@1728,100%@1728,0%@1728,0%@1728,0%@1728] GR3D_FREQ 20% cpu@58.75C soc2@57.093C soc0@57.906C gpu@58.593C tj@59.062C soc1@59.062C VDD_IN 9517mW/9451mW VDD_CPU_GPU_CV 3230mW/3227mW VDD_SOC 2703mW/2706mW
08-04-2026 16:44:05 RAM 3878/7620MB (lfb 1x1MB) SWAP 2214/12002MB (cached 117MB) CPU [9%@1728,9%@1728,100%@1728,0%@1728,9%@1728,8%@1728] GR3D_FREQ 21% cpu@58.937C soc2@56.968C soc0@57.687C gpu@58.437C tj@59.093C soc1@59.093C VDD_IN 9517mW/9452mW VDD_CPU_GPU_CV 3271mW/3228mW VDD_SOC 2703mW/2706mW
08-04-2026 16:44:05 RAM 3878/7620MB (lfb 1x1MB) SWAP 2214/12002MB (cached 117MB) CPU [0%@1728,0%@1728,100%@1728,0%@1728,0%@1728,0%@1728] GR3D_FREQ 20% cpu@58.437C soc2@56.937C soc0@57.718C gpu@58.218C tj@59.218C soc1@59.218C VDD_IN 9476mW/9452mW VDD_CPU_GPU_CV 3230mW/3228mW VDD_SOC 2703mW/2706mW
08-04-2026 16:44:05 RAM 3878/7620MB (lfb 1x1MB) SWAP 2214/12002MB (cached 117MB) CPU [0%@1728,0%@1728,100%@1728,0%@1728,0%@1728,0%@1728] GR3D_FREQ 20% cpu@58.687C soc2@57C soc0@57.75C gpu@58.625C tj@59.25C soc1@59.25C VDD_IN 9476mW/9452mW VDD_CPU_GPU_CV 3271mW/3228mW VDD_SOC 2703mW/2706mW
08-04-2026 16:44:05 RAM 3878/7620MB (lfb 1x1MB) SWAP 2214/12002MB (cached 117MB) CPU [0%@1728,8%@1728,100%@1728,8%@1728,0%@1728,0%@1728] GR3D_FREQ 19% cpu@58.781C soc2@57C soc0@57.875C gpu@58.437C tj@59.031C soc1@59.031C VDD_IN 9476mW/9452mW VDD_CPU_GPU_CV 3230mW/3228mW VDD_SOC 2703mW/2706mW
08-04-2026 16:44:05 RAM 3878/7620MB (lfb 1x1MB) SWAP 2214/12002MB (cached 117MB) CPU [0%@1728,0%@1728,100%@1728,0%@1728,0%@1728,0%@1728] GR3D_FREQ 21% cpu@58.812C soc2@56.937C soc0@57.625C gpu@58.187C tj@59.125C soc1@59.125C VDD_IN 9517mW/9452mW VDD_CPU_GPU_CV 3230mW/3228mW VDD_SOC 2703mW/2706mW
08-04-2026 16:44:06 RAM 3878/7620MB (lfb 1x1MB) SWAP 2214/12002MB (cached 117MB) CPU [0%@1728,0%@1728,100%@1728,0%@1728,0%@1728,0%@1728] GR3D_FREQ 20% cpu@58.5C soc2@56.937C soc0@57.75C gpu@58.5C tj@59.156C soc1@59.156C VDD_IN 9476mW/9452mW VDD_CPU_GPU_CV 3230mW/3228mW VDD_SOC 2703mW/2706mW
08-04-2026 16:44:06 RAM 3878/7620MB (lfb 1x1MB) SWAP 2214/12002MB (cached 117MB) CPU [0%@1728,9%@1728,100%@1728,0%@1728,0%@1728,0%@1728] GR3D_FREQ 20% cpu@58.656C soc2@56.968C soc0@57.75C gpu@58.375C tj@59.218C soc1@59.218C VDD_IN 9476mW/9452mW VDD_CPU_GPU_CV 3230mW/3228mW VDD_SOC 2703mW/2706mW
08-04-2026 16:44:06 RAM 3878/7620MB (lfb 1x1MB) SWAP 2214/12002MB (cached 117MB) CPU [0%@1728,0%@1728,91%@1728,0%@1728,0%@1728,0%@1728] GR3D_FREQ 20% cpu@58.687C soc2@56.937C soc0@57.875C gpu@58.25C tj@59.062C soc1@59.062C VDD_IN 9435mW/9452mW VDD_CPU_GPU_CV 3230mW/3228mW VDD_SOC 2703mW/2706mW
08-04-2026 16:44:06 RAM 3878/7620MB (lfb 1x1MB) SWAP 2214/12002MB (cached 117MB) CPU [0%@1728,0%@1728,100%@1728,0%@1728,0%@1728,0%@1728] GR3D_FREQ 19% cpu@58.812C soc2@56.875C soc0@57.656C gpu@58.531C tj@59.125C soc1@59.125C VDD_IN 9435mW/9452mW VDD_CPU_GPU_CV 3230mW/3228mW VDD_SOC 2703mW/2706mW
08-04-2026 16:44:06 RAM 3878/7620MB (lfb 1x1MB) SWAP 2214/12002MB (cached 117MB) CPU [9%@1728,0%@1728,100%@1728,0%@1728,0%@1728,0%@1728] GR3D_FREQ 20% cpu@58.906C soc2@57C soc0@57.656C gpu@58.375C tj@59.156C soc1@59.156C VDD_IN 9435mW/9452mW VDD_CPU_GPU_CV 3230mW/3228mW VDD_SOC 2703mW/2706mW
08-04-2026 16:44:06 RAM 3878/7620MB (lfb 1x1MB) SWAP 2214/12002MB (cached 117MB) CPU [0%@1728,0%@1728,100%@1728,0%@1728,0%@1728,0%@1728] GR3D_FREQ 19% cpu@58.656C soc2@56.906C soc0@57.781C gpu@58.312C tj@59.187C soc1@59.187C VDD_IN 9476mW/9452mW VDD_CPU_GPU_CV 3230mW/3228mW VDD_SOC 2703mW/2706mW
08-04-2026 16:44:06 RAM 3878/7620MB (lfb 1x1MB) SWAP 2214/12002MB (cached 117MB) CPU [0%@1728,0%@1728,100%@1728,0%@1728,0%@1728,0%@1728] GR3D_FREQ 20% cpu@58.75C soc2@56.906C soc0@57.875C gpu@58.437C tj@59.343C soc1@59.343C VDD_IN 9435mW/9452mW VDD_CPU_GPU_CV 3230mW/3228mW VDD_SOC 2703mW/2706mW
08-04-2026 16:44:06 RAM 3878/7620MB (lfb 1x1MB) SWAP 2214/12002MB (cached 117MB) CPU [0%@1728,0%@1728,100%@1728,0%@1728,0%@1728,0%@1728] GR3D_FREQ 20% cpu@58.781C soc2@56.843C soc0@57.625C gpu@58.312C tj@59.125C soc1@59.125C VDD_IN 9435mW/9452mW VDD_CPU_GPU_CV 3271mW/3228mW VDD_SOC 2703mW/2706mW
08-04-2026 16:44:06 RAM 3878/7620MB (lfb 1x1MB) SWAP 2214/12002MB (cached 117MB) CPU [0%@1728,0%@1728,100%@1728,0%@1728,0%@1728,0%@1728] GR3D_FREQ 20% cpu@58.937C soc2@57C soc0@57.75C gpu@58.25C tj@59.093C soc1@59.093C VDD_IN 9476mW/9452mW VDD_CPU_GPU_CV 3230mW/3228mW VDD_SOC 2703mW/2706mW
08-04-2026 16:44:07 RAM 3878/7620MB (lfb 1x1MB) SWAP 2214/12002MB (cached 117MB) CPU [0%@1728,9%@1728,100%@1728,0%@1728,9%@1728,0%@1728] GR3D_FREQ 19% cpu@58.656C soc2@57C soc0@57.687C gpu@58.468C tj@59.281C soc1@59.281C VDD_IN 9476mW/9452mW VDD_CPU_GPU_CV 3230mW/3228mW VDD_SOC 2703mW/2706mW
08-04-2026 16:44:07 RAM 3878/7620MB (lfb 1x1MB) SWAP 2214/12002MB (cached 117MB) CPU [9%@1728,0%@1728,100%@1728,0%@1728,0%@1728,0%@1728] GR3D_FREQ 19% cpu@58.718C soc2@57C soc0@57.812C gpu@58.312C tj@59.218C soc1@59.375C VDD_IN 9476mW/9452mW VDD_CPU_GPU_CV 3230mW/3228mW VDD_SOC 2703mW/2706mW
08-04-2026 16:44:07 RAM 3878/7620MB (lfb 1x1MB) SWAP 2214/12002MB (cached 117MB) CPU [0%@1728,0%@1728,100%@1728,0%@1728,0%@1728,0%@1728] GR3D_FREQ 20% cpu@58.75C soc2@57C soc0@57.687C gpu@58.281C tj@59.093C soc1@59.093C VDD_IN 9476mW/9453mW VDD_CPU_GPU_CV 3230mW/3228mW VDD_SOC 2703mW/2706mW
08-04-2026 16:44:07 RAM 3878/7620MB (lfb 1x1MB) SWAP 2214/12002MB (cached 117MB) CPU [0%@1728,0%@1728,100%@1728,8%@1728,0%@1728,0%@1728] GR3D_FREQ 19% cpu@58.812C soc2@56.906C soc0@57.75C gpu@58.406C tj@59.125C soc1@59.125C VDD_IN 9476mW/9453mW VDD_CPU_GPU_CV 3230mW/3228mW VDD_SOC 2703mW/2706mW
08-04-2026 16:44:07 RAM 3878/7620MB (lfb 1x1MB) SWAP 2214/12002MB (cached 117MB) CPU [0%@1728,0%@1728,100%@1728,0%@1728,0%@1728,0%@1728] GR3D_FREQ 19% cpu@58.656C soc2@56.875C soc0@57.75C gpu@58.312C tj@59.218C soc1@59.218C VDD_IN 9435mW/9453mW VDD_CPU_GPU_CV 3230mW/3228mW VDD_SOC 2703mW/2706mW
08-04-2026 16:44:07 RAM 3878/7620MB (lfb 1x1MB) SWAP 2214/12002MB (cached 117MB) CPU [0%@1728,9%@1728,100%@1728,0%@1728,0%@1728,0%@1728] GR3D_FREQ 19% cpu@58.562C soc2@56.906C soc0@57.812C gpu@58.187C tj@59.218C soc1@59.218C VDD_IN 9435mW/9452mW VDD_CPU_GPU_CV 3230mW/3228mW VDD_SOC 2703mW/2706mW
08-04-2026 16:44:07 RAM 3878/7620MB (lfb 1x1MB) SWAP 2214/12002MB (cached 117MB) CPU [0%@1728,0%@1728,100%@1728,0%@1728,0%@1728,0%@1728] GR3D_FREQ 19% cpu@58.656C soc2@57.062C soc0@57.656C gpu@58.343C tj@59.093C soc1@59.093C VDD_IN 9435mW/9452mW VDD_CPU_GPU_CV 3230mW/3228mW VDD_SOC 2703mW/2706mW
08-04-2026 16:44:07 RAM 3878/7620MB (lfb 1x1MB) SWAP 2214/12002MB (cached 117MB) CPU [0%@1728,0%@1728,100%@1728,0%@1728,0%@1728,0%@1728] GR3D_FREQ 19% cpu@58.843C soc2@56.906C soc0@57.656C gpu@58.25C tj@59.125C soc1@59.125C VDD_IN 9435mW/9452mW VDD_CPU_GPU_CV 3230mW/3228mW VDD_SOC 2703mW/2706mW
08-04-2026 16:44:07 RAM 3878/7620MB (lfb 1x1MB) SWAP 2214/12002MB (cached 117MB) CPU [0%@1728,0%@1728,100%@1728,0%@1728,9%@1728,0%@1728] GR3D_FREQ 19% cpu@58.656C soc2@57C soc0@57.75C gpu@58.125C tj@59.218C soc1@59.218C VDD_IN 9435mW/9452mW VDD_CPU_GPU_CV 3189mW/3228mW VDD_SOC 2703mW/2706mW
08-04-2026 16:44:07 RAM 3878/7620MB (lfb 1x1MB) SWAP 2214/12002MB (cached 117MB) CPU [0%@1728,0%@1728,100%@1728,0%@1728,0%@1728,0%@1728] GR3D_FREQ 19% cpu@58.656C soc2@56.937C soc0@57.75C gpu@58.343C tj@59.218C soc1@59.218C VDD_IN 9476mW/9452mW VDD_CPU_GPU_CV 3189mW/3228mW VDD_SOC 2703mW/2706mW
08-04-2026 16:44:08 RAM 3878/7620MB (lfb 1x1MB) SWAP 2214/12002MB (cached 117MB) CPU [0%@1728,9%@1728,100%@1728,0%@1728,0%@1728,0%@1728] GR3D_FREQ 19% cpu@58.718C soc2@57.031C soc0@57.937C gpu@58.187C tj@59.375C soc1@59.375C VDD_IN 9435mW/9452mW VDD_CPU_GPU_CV 3230mW/3228mW VDD_SOC 2703mW/2706mW
08-04-2026 16:44:08 RAM 3878/7620MB (lfb 1x1MB) SWAP 2214/12002MB (cached 117MB) CPU [9%@1728,8%@1728,100%@1728,0%@1728,9%@1728,8%@1728] GR3D_FREQ 19% cpu@58.718C soc2@56.906C soc0@57.718C gpu@58.093C tj@59.062C soc1@59.062C VDD_IN 9476mW/9452mW VDD_CPU_GPU_CV 3230mW/3228mW VDD_SOC 2703mW/2706mW
08-04-2026 16:44:08 RAM 3872/7620MB (lfb 1x1MB) SWAP 2214/12002MB (cached 117MB) CPU [0%@1728,0%@1728,100%@1728,18%@1728,18%@1728,10%@1728] GR3D_FREQ 19% cpu@58.562C soc2@56.968C soc0@57.718C gpu@58.125C tj@59.218C soc1@59.218C VDD_IN 9517mW/9453mW VDD_CPU_GPU_CV 3271mW/3228mW VDD_SOC 2703mW/2706mW
08-04-2026 16:44:08 RAM 3872/7620MB (lfb 1x1MB) SWAP 2214/12002MB (cached 117MB) CPU [0%@1728,0%@1728,100%@1728,0%@1728,0%@1728,0%@1728] GR3D_FREQ 18% cpu@58.656C soc2@56.968C soc0@57.781C gpu@58.281C tj@59.187C soc1@59.187C VDD_IN 9517mW/9453mW VDD_CPU_GPU_CV 3271mW/3228mW VDD_SOC 2744mW/2706mW
08-04-2026 16:44:08 RAM 3872/7620MB (lfb 1x1MB) SWAP 2214/12002MB (cached 117MB) CPU [8%@1728,0%@1728,100%@1728,0%@1728,9%@1728,0%@1728] GR3D_FREQ 20% cpu@58.656C soc2@56.968C soc0@57.937C gpu@58.062C tj@59.343C soc1@59.343C VDD_IN 9476mW/9453mW VDD_CPU_GPU_CV 3271mW/3228mW VDD_SOC 2703mW/2706mW
08-04-2026 16:44:08 RAM 3872/7620MB (lfb 1x1MB) SWAP 2214/12002MB (cached 117MB) CPU [0%@1728,0%@1728,100%@1728,0%@1728,0%@1728,0%@1728] GR3D_FREQ 19% cpu@58.812C soc2@56.937C soc0@57.531C gpu@58.062C tj@59.156C soc1@59.156C VDD_IN 9476mW/9453mW VDD_CPU_GPU_CV 3271mW/3229mW VDD_SOC 2703mW/2706mW
08-04-2026 16:44:08 RAM 3872/7620MB (lfb 1x1MB) SWAP 2214/12002MB (cached 117MB) CPU [0%@1728,0%@1728,100%@1728,0%@1728,0%@1728,0%@1728] GR3D_FREQ 20% cpu@58.531C soc2@56.906C soc0@57.75C gpu@58.125C tj@59.125C soc1@59.125C VDD_IN 9476mW/9453mW VDD_CPU_GPU_CV 3230mW/3229mW VDD_SOC 2703mW/2706mW
08-04-2026 16:44:08 RAM 3872/7620MB (lfb 1x1MB) SWAP 2214/12002MB (cached 117MB) CPU [0%@1728,0%@1728,100%@1728,0%@1728,0%@1728,0%@1728] GR3D_FREQ 21% cpu@58.687C soc2@57C soc0@57.781C gpu@58.093C tj@59.187C soc1@59.187C VDD_IN 9517mW/9453mW VDD_CPU_GPU_CV 3271mW/3229mW VDD_SOC 2703mW/2706mW
08-04-2026 16:44:08 RAM 3872/7620MB (lfb 1x1MB) SWAP 2214/12002MB (cached 117MB) CPU [0%@1728,9%@1728,100%@1728,8%@1728,0%@1728,0%@1728] GR3D_FREQ 19% cpu@58.656C soc2@57C soc0@57.875C gpu@58C tj@59.375C soc1@59.375C VDD_IN 9476mW/9454mW VDD_CPU_GPU_CV 3230mW/3229mW VDD_SOC 2703mW/2706mW
08-04-2026 16:44:09 RAM 3872/7620MB (lfb 1x1MB) SWAP 2214/12002MB (cached 117MB) CPU [0%@1728,0%@1728,100%@1728,0%@1728,0%@1728,9%@1728] GR3D_FREQ 22% cpu@58.718C soc2@56.937C soc0@57.968C gpu@58.187C tj@59.093C soc1@59.093C VDD_IN 9476mW/9454mW VDD_CPU_GPU_CV 3230mW/3229mW VDD_SOC 2703mW/2706mW
08-04-2026 16:44:09 RAM 3871/7620MB (lfb 1x1MB) SWAP 2214/12002MB (cached 117MB) CPU [8%@1728,0%@1728,100%@1728,0%@1728,0%@1728,0%@1728] GR3D_FREQ 19% cpu@58.625C soc2@56.906C soc0@57.656C gpu@58.156C tj@59.187C soc1@59.187C VDD_IN 9476mW/9454mW VDD_CPU_GPU_CV 3230mW/3229mW VDD_SOC 2703mW/2706mW
08-04-2026 16:44:09 RAM 3871/7620MB (lfb 1x1MB) SWAP 2214/12002MB (cached 117MB) CPU [0%@1728,0%@1728,100%@1728,8%@1728,0%@1728,0%@1728] GR3D_FREQ 22% cpu@58.625C soc2@57C soc0@57.718C gpu@58.062C tj@59.156C soc1@59.156C VDD_IN 9476mW/9454mW VDD_CPU_GPU_CV 3230mW/3229mW VDD_SOC 2703mW/2706mW
08-04-2026 16:44:09 RAM 3871/7620MB (lfb 1x1MB) SWAP 2214/12002MB (cached 117MB) CPU [0%@1728,0%@1728,100%@1728,0%@1728,0%@1728,0%@1728] GR3D_FREQ 20% cpu@58.625C soc2@57C soc0@57.843C gpu@58.25C tj@59.312C soc1@59.312C VDD_IN 9435mW/9454mW VDD_CPU_GPU_CV 3230mW/3229mW VDD_SOC 2703mW/2706mW
08-04-2026 16:44:09 RAM 3871/7620MB (lfb 1x1MB) SWAP 2214/12002MB (cached 117MB) CPU [9%@1728,0%@1728,100%@1728,0%@1728,0%@1728,0%@1728] GR3D_FREQ 22% cpu@58.687C soc2@57C soc0@57.843C gpu@58.125C tj@59.093C soc1@59.093C VDD_IN 9476mW/9454mW VDD_CPU_GPU_CV 3230mW/3229mW VDD_SOC 2703mW/2706mW
08-04-2026 16:44:09 RAM 3871/7620MB (lfb 1x1MB) SWAP 2214/12002MB (cached 117MB) CPU [0%@1728,9%@1728,100%@1728,9%@1728,9%@1728,0%@1728] GR3D_FREQ 19% cpu@58.562C soc2@56.968C soc0@57.656C gpu@58.031C tj@59C soc1@59.187C VDD_IN 9435mW/9454mW VDD_CPU_GPU_CV 3189mW/3229mW VDD_SOC 2703mW/2706mW
08-04-2026 16:44:09 RAM 3871/7620MB (lfb 1x1MB) SWAP 2214/12002MB (cached 117MB) CPU [0%@1728,8%@1728,100%@1728,0%@1728,0%@1728,0%@1728] GR3D_FREQ 22% cpu@58.625C soc2@56.968C soc0@57.75C gpu@58.25C tj@59.156C soc1@59.156C VDD_IN 9435mW/9454mW VDD_CPU_GPU_CV 3230mW/3229mW VDD_SOC 2703mW/2706mW
08-04-2026 16:44:09 RAM 3871/7620MB (lfb 1x1MB) SWAP 2214/12002MB (cached 117MB) CPU [0%@1728,0%@1728,100%@1728,0%@1728,0%@1728,0%@1728] GR3D_FREQ 19% cpu@58.656C soc2@56.968C soc0@57.812C gpu@58.093C tj@59.312C soc1@59.312C VDD_IN 9435mW/9454mW VDD_CPU_GPU_CV 3230mW/3229mW VDD_SOC 2703mW/2706mW
08-04-2026 16:44:09 RAM 3871/7620MB (lfb 1x1MB) SWAP 2214/12002MB (cached 117MB) CPU [0%@1728,0%@1728,100%@1728,0%@1728,0%@1728,0%@1728] GR3D_FREQ 23% cpu@58.562C soc2@57C soc0@57.906C gpu@58.687C tj@59.093C soc1@59.093C VDD_IN 9476mW/9454mW VDD_CPU_GPU_CV 3230mW/3229mW VDD_SOC 2703mW/2706mW
08-04-2026 16:44:09 RAM 3871/7620MB (lfb 1x1MB) SWAP 2214/12002MB (cached 117MB) CPU [0%@1728,0%@1728,100%@1728,0%@1728,9%@1728,9%@1728] GR3D_FREQ 19% cpu@58.718C soc2@56.937C soc0@57.625C gpu@58.125C tj@59.156C soc1@59.156C VDD_IN 9476mW/9454mW VDD_CPU_GPU_CV 3230mW/3229mW VDD_SOC 2703mW/2706mW
08-04-2026 16:44:10 RAM 3871/7620MB (lfb 1x1MB) SWAP 2214/12002MB (cached 117MB) CPU [0%@1728,0%@1728,100%@1728,0%@1728,0%@1728,0%@1728] GR3D_FREQ 23% cpu@58.531C soc2@56.968C soc0@57.718C gpu@58.156C tj@59.093C soc1@59.093C VDD_IN 9476mW/9454mW VDD_CPU_GPU_CV 3230mW/3229mW VDD_SOC 2703mW/2706mW
08-04-2026 16:44:10 RAM 3871/7620MB (lfb 1x1MB) SWAP 2214/12002MB (cached 117MB) CPU [0%@1728,0%@1728,100%@1728,0%@1728,0%@1728,16%@1728] GR3D_FREQ 19% cpu@58.531C soc2@57C soc0@57.812C gpu@58.625C tj@59.25C soc1@59.25C VDD_IN 9476mW/9454mW VDD_CPU_GPU_CV 3271mW/3229mW VDD_SOC 2703mW/2706mW
08-04-2026 16:44:10 RAM 3871/7620MB (lfb 1x1MB) SWAP 2214/12002MB (cached 117MB) CPU [0%@1728,0%@1728,91%@1728,0%@1728,50%@1728,0%@1728] GR3D_FREQ 24% cpu@58.687C soc2@56.937C soc0@57.843C gpu@58.468C tj@59C soc1@59C VDD_IN 9599mW/9455mW VDD_CPU_GPU_CV 3312mW/3229mW VDD_SOC 2744mW/2706mW
08-04-2026 16:44:10 RAM 3871/7620MB (lfb 1x1MB) SWAP 2214/12002MB (cached 117MB) CPU [0%@1728,0%@1728,100%@1728,8%@1728,0%@1728,0%@1728] GR3D_FREQ 19% cpu@58.593C soc2@56.875C soc0@57.687C gpu@58.093C tj@59.093C soc1@59.031C VDD_IN 9558mW/9455mW VDD_CPU_GPU_CV 3312mW/3229mW VDD_SOC 2703mW/2706mW
08-04-2026 16:44:10 RAM 3871/7620MB (lfb 1x1MB) SWAP 2214/12002MB (cached 117MB) CPU [0%@1728,0%@1728,100%@1728,0%@1728,0%@1728,0%@1728] GR3D_FREQ 24% cpu@58.562C soc2@56.812C soc0@57.75C gpu@58.656C tj@59.218C soc1@59.218C VDD_IN 9558mW/9455mW VDD_CPU_GPU_CV 3312mW/3230mW VDD_SOC 2744mW/2706mW
08-04-2026 16:44:10 RAM 3871/7620MB (lfb 1x1MB) SWAP 2214/12002MB (cached 117MB) CPU [0%@1728,0%@1728,100%@1728,0%@1728,0%@1728,9%@1728] GR3D_FREQ 19% cpu@58.593C soc2@57C soc0@57.75C gpu@58.343C tj@59.25C soc1@59.25C VDD_IN 9517mW/9456mW VDD_CPU_GPU_CV 3271mW/3230mW VDD_SOC 2703mW/2706mW
08-04-2026 16:44:10 RAM 3871/7620MB (lfb 1x1MB) SWAP 2214/12002MB (cached 117MB) CPU [0%@1728,0%@1728,100%@1728,0%@1728,0%@1728,0%@1728] GR3D_FREQ 23% cpu@58.656C soc2@57.062C soc0@57.843C gpu@58.062C tj@59.406C soc1@59.406C VDD_IN 9517mW/9456mW VDD_CPU_GPU_CV 3271mW/3230mW VDD_SOC 2703mW/2706mW
08-04-2026 16:44:10 RAM 3871/7620MB (lfb 1x1MB) SWAP 2214/12002MB (cached 117MB) CPU [0%@1728,0%@1728,100%@1728,0%@1728,0%@1728,9%@1728] GR3D_FREQ 19% cpu@58.625C soc2@57.031C soc0@57.718C gpu@58.593C tj@59.062C soc1@59.156C VDD_IN 9517mW/9456mW VDD_CPU_GPU_CV 3271mW/3230mW VDD_SOC 2703mW/2706mW
08-04-2026 16:44:10 RAM 3871/7620MB (lfb 1x1MB) SWAP 2214/12002MB (cached 117MB) CPU [0%@1728,0%@1728,100%@1728,0%@1728,0%@1728,0%@1728] GR3D_FREQ 23% cpu@58.625C soc2@56.968C soc0@57.718C gpu@58.468C tj@59.125C soc1@59.125C VDD_IN 9476mW/9456mW VDD_CPU_GPU_CV 3271mW/3230mW VDD_SOC 2703mW/2706mW
08-04-2026 16:44:11 RAM 3871/7620MB (lfb 1x1MB) SWAP 2214/12002MB (cached 117MB) CPU [0%@1728,9%@1728,100%@1728,0%@1728,9%@1728,0%@1728] GR3D_FREQ 19% cpu@58.593C soc2@56.937C soc0@57.781C gpu@58.125C tj@59.25C soc1@59.25C VDD_IN 9476mW/9456mW VDD_CPU_GPU_CV 3271mW/3231mW VDD_SOC 2703mW/2706mW
08-04-2026 16:44:11 RAM 3871/7620MB (lfb 1x1MB) SWAP 2214/12002MB (cached 117MB) CPU [0%@1728,0%@1728,100%@1728,8%@1728,0%@1728,0%@1728] GR3D_FREQ 22% cpu@58.687C soc2@57.062C soc0@57.75C gpu@58.593C tj@59.343C soc1@59.343C VDD_IN 9476mW/9456mW VDD_CPU_GPU_CV 3271mW/3231mW VDD_SOC 2703mW/2706mW
08-04-2026 16:44:11 RAM 3871/7620MB (lfb 1x1MB) SWAP 2214/12002MB (cached 117MB) CPU [0%@1728,0%@1728,100%@1728,0%@1728,0%@1728,0%@1728] GR3D_FREQ 19% cpu@58.562C soc2@57.031C soc0@57.656C gpu@58.343C tj@59.062C soc1@59.062C VDD_IN 9476mW/9456mW VDD_CPU_GPU_CV 3230mW/3231mW VDD_SOC 2703mW/2706mW
08-04-2026 16:44:11 RAM 3872/7620MB (lfb 1x1MB) SWAP 2214/12002MB (cached 117MB) CPU [0%@1728,0%@1728,100%@1728,0%@1728,0%@1728,0%@1728] GR3D_FREQ 23% cpu@58.531C soc2@56.968C soc0@57.75C gpu@58.031C tj@59.218C soc1@59.218C VDD_IN 9476mW/9456mW VDD_CPU_GPU_CV 3230mW/3231mW VDD_SOC 2703mW/2706mW
08-04-2026 16:44:11 RAM 3872/7620MB (lfb 1x1MB) SWAP 2214/12002MB (cached 117MB) CPU [10%@1728,9%@1728,100%@1728,12%@1728,9%@1728,16%@1728] GR3D_FREQ 19% cpu@58.75C soc2@56.906C soc0@57.781C gpu@58.5C tj@59.218C soc1@59.218C VDD_IN 9517mW/9457mW VDD_CPU_GPU_CV 3271mW/3231mW VDD_SOC 2703mW/2706mW
08-04-2026 16:44:11 RAM 3873/7620MB (lfb 1x1MB) SWAP 2214/12002MB (cached 117MB) CPU [9%@1728,0%@1728,100%@1728,0%@1728,0%@1728,0%@1728] GR3D_FREQ 19% cpu@58.593C soc2@56.968C soc0@57.843C gpu@58.437C tj@59.281C soc1@59.281C VDD_IN 9517mW/9457mW VDD_CPU_GPU_CV 3271mW/3231mW VDD_SOC 2744mW/2706mW
08-04-2026 16:44:11 RAM 3873/7620MB (lfb 1x1MB) SWAP 2214/12002MB (cached 117MB) CPU [8%@1728,0%@1728,100%@1728,0%@1728,0%@1728,0%@1728] GR3D_FREQ 19% cpu@59C soc2@57C soc0@57.937C gpu@58.343C tj@59.156C soc1@59.156C VDD_IN 9517mW/9457mW VDD_CPU_GPU_CV 3271mW/3231mW VDD_SOC 2703mW/2706mW
08-04-2026 16:44:11 RAM 3873/7620MB (lfb 1x1MB) SWAP 2214/12002MB (cached 117MB) CPU [9%@1728,0%@1728,100%@1728,9%@1728,0%@1728,0%@1728] GR3D_FREQ 20% cpu@58.625C soc2@56.937C soc0@57.687C gpu@58.5C tj@59C soc1@59C VDD_IN 9517mW/9457mW VDD_CPU_GPU_CV 3271mW/3231mW VDD_SOC 2703mW/2706mW
08-04-2026 16:44:11 RAM 3873/7620MB (lfb 1x1MB) SWAP 2214/12002MB (cached 117MB) CPU [0%@1728,0%@1728,100%@1728,8%@1728,0%@1728,0%@1728] GR3D_FREQ 20% cpu@58.562C soc2@57.031C soc0@57.781C gpu@58.312C tj@59.125C soc1@59.125C VDD_IN 9476mW/9457mW VDD_CPU_GPU_CV 3230mW/3231mW VDD_SOC 2703mW/2706mW
08-04-2026 16:44:11 RAM 3873/7620MB (lfb 1x1MB) SWAP 2214/12002MB (cached 117MB) CPU [0%@1728,9%@1728,100%@1728,0%@1728,0%@1728,0%@1728] GR3D_FREQ 20% cpu@58.562C soc2@57C soc0@57.75C gpu@58.25C tj@59.25C soc1@59.25C VDD_IN 9517mW/9458mW VDD_CPU_GPU_CV 3230mW/3231mW VDD_SOC 2703mW/2706mW
08-04-2026 16:44:12 RAM 3873/7620MB (lfb 1x1MB) SWAP 2214/12002MB (cached 117MB) CPU [0%@1728,0%@1728,100%@1728,9%@1728,0%@1728,0%@1728] GR3D_FREQ 20% cpu@58.812C soc2@57.062C soc0@57.937C gpu@58.468C tj@59.031C soc1@59.031C VDD_IN 9476mW/9458mW VDD_CPU_GPU_CV 3230mW/3231mW VDD_SOC 2703mW/2706mW
08-04-2026 16:44:12 RAM 3872/7620MB (lfb 1x1MB) SWAP 2214/12002MB (cached 117MB) CPU [0%@1728,0%@1728,100%@1728,0%@1728,0%@1728,0%@1728] GR3D_FREQ 22% cpu@58.593C soc2@56.906C soc0@57.75C gpu@58.375C tj@59.187C soc1@59.187C VDD_IN 9476mW/9458mW VDD_CPU_GPU_CV 3230mW/3231mW VDD_SOC 2703mW/2706mW
08-04-2026 16:44:12 RAM 3872/7620MB (lfb 1x1MB) SWAP 2214/12002MB (cached 117MB) CPU [0%@1728,0%@1728,100%@1728,0%@1728,8%@1728,0%@1728] GR3D_FREQ 20% cpu@58.625C soc2@56.968C soc0@57.75C gpu@58.187C tj@59.25C soc1@59.25C VDD_IN 9476mW/9458mW VDD_CPU_GPU_CV 3230mW/3231mW VDD_SOC 2703mW/2706mW
08-04-2026 16:44:12 RAM 3872/7620MB (lfb 1x1MB) SWAP 2214/12002MB (cached 117MB) CPU [0%@1728,0%@1728,100%@1728,0%@1728,0%@1728,0%@1728] GR3D_FREQ 22% cpu@58.531C soc2@56.968C soc0@57.75C gpu@58.406C tj@59.281C soc1@59.281C VDD_IN 9476mW/9458mW VDD_CPU_GPU_CV 3230mW/3231mW VDD_SOC 2703mW/2706mW
08-04-2026 16:44:12 RAM 3872/7620MB (lfb 1x1MB) SWAP 2214/12002MB (cached 117MB) CPU [0%@1728,0%@1728,100%@1728,0%@1728,0%@1728,9%@1728] GR3D_FREQ 20% cpu@58.812C soc2@57.031C soc0@57.875C gpu@58.218C tj@59.125C soc1@59.125C VDD_IN 9476mW/9458mW VDD_CPU_GPU_CV 3230mW/3231mW VDD_SOC 2703mW/2706mW
08-04-2026 16:44:12 RAM 3872/7620MB (lfb 1x1MB) SWAP 2214/12002MB (cached 117MB) CPU [0%@1728,0%@1728,100%@1728,0%@1728,0%@1728,0%@1728] GR3D_FREQ 22% cpu@59.031C soc2@56.937C soc0@57.687C gpu@58.156C tj@59.156C soc1@59.156C VDD_IN 9476mW/9458mW VDD_CPU_GPU_CV 3230mW/3231mW VDD_SOC 2703mW/2706mW
08-04-2026 16:44:12 RAM 3872/7620MB (lfb 1x1MB) SWAP 2214/12002MB (cached 117MB) CPU [0%@1728,9%@1728,100%@1728,0%@1728,0%@1728,0%@1728] GR3D_FREQ 19% cpu@58.5C soc2@56.968C soc0@57.687C gpu@58.312C tj@59.125C soc1@59.125C VDD_IN 9476mW/9458mW VDD_CPU_GPU_CV 3230mW/3231mW VDD_SOC 2703mW/2706mW
08-04-2026 16:44:12 RAM 3872/7620MB (lfb 1x1MB) SWAP 2214/12002MB (cached 117MB) CPU [0%@1728,0%@1728,100%@1728,0%@1728,0%@1728,0%@1728] GR3D_FREQ 23% cpu@58.625C soc2@56.968C soc0@57.812C gpu@58.312C tj@59.281C soc1@59.281C VDD_IN 9476mW/9458mW VDD_CPU_GPU_CV 3230mW/3231mW VDD_SOC 2703mW/2706mW
08-04-2026 16:44:12 RAM 3872/7620MB (lfb 1x1MB) SWAP 2214/12002MB (cached 117MB) CPU [8%@1728,0%@1728,100%@1728,0%@1728,0%@1728,0%@1728] GR3D_FREQ 19% cpu@58.75C soc2@57C soc0@57.843C gpu@58.156C tj@59.406C soc1@59.406C VDD_IN 9435mW/9458mW VDD_CPU_GPU_CV 3230mW/3231mW VDD_SOC 2703mW/2706mW
08-04-2026 16:44:13 RAM 3872/7620MB (lfb 1x1MB) SWAP 2214/12002MB (cached 117MB) CPU [0%@1728,9%@1728,100%@1728,9%@1728,0%@1728,0%@1728] GR3D_FREQ 23% cpu@58.875C soc2@57.031C soc0@57.656C gpu@58C tj@59.125C soc1@59.125C VDD_IN 9476mW/9458mW VDD_CPU_GPU_CV 3230mW/3231mW VDD_SOC 2703mW/2706mW
08-04-2026 16:44:13 RAM 3872/7620MB (lfb 1x1MB) SWAP 2214/12002MB (cached 117MB) CPU [0%@1728,0%@1728,100%@1728,0%@1728,0%@1728,0%@1728] GR3D_FREQ 19% cpu@58.531C soc2@56.968C soc0@57.75C gpu@58.187C tj@59.187C soc1@59.187C VDD_IN 9476mW/9458mW VDD_CPU_GPU_CV 3230mW/3231mW VDD_SOC 2703mW/2706mW
08-04-2026 16:44:13 RAM 3872/7620MB (lfb 1x1MB) SWAP 2214/12002MB (cached 117MB) CPU [9%@1728,0%@1728,100%@1728,0%@1728,0%@1728,0%@1728] GR3D_FREQ 23% cpu@58.531C soc2@56.937C soc0@57.75C gpu@58.156C tj@59.156C soc1@59.156C VDD_IN 9476mW/9458mW VDD_CPU_GPU_CV 3230mW/3231mW VDD_SOC 2703mW/2706mW
08-04-2026 16:44:13 RAM 3872/7620MB (lfb 1x1MB) SWAP 2214/12002MB (cached 117MB) CPU [0%@1728,0%@1728,100%@1728,0%@1728,0%@1728,0%@1728] GR3D_FREQ 19% cpu@58.718C soc2@57C soc0@57.875C gpu@58.062C tj@59.312C soc1@59.312C VDD_IN 9435mW/9458mW VDD_CPU_GPU_CV 3230mW/3231mW VDD_SOC 2703mW/2706mW
08-04-2026 16:44:13 RAM 3872/7620MB (lfb 1x1MB) SWAP 2214/12002MB (cached 117MB) CPU [0%@1728,0%@1728,100%@1728,0%@1728,0%@1728,0%@1728] GR3D_FREQ 24% cpu@58.781C soc2@57.031C soc0@57.75C gpu@58.375C tj@59.093C soc1@59.093C VDD_IN 9476mW/9458mW VDD_CPU_GPU_CV 3230mW/3231mW VDD_SOC 2703mW/2706mW
08-04-2026 16:44:13 RAM 3872/7620MB (lfb 1x1MB) SWAP 2214/12002MB (cached 117MB) CPU [0%@1728,0%@1728,100%@1728,0%@1728,0%@1728,16%@1728] GR3D_FREQ 19% cpu@58.5C soc2@56.937C soc0@57.687C gpu@58.187C tj@59.156C soc1@59.156C VDD_IN 9476mW/9458mW VDD_CPU_GPU_CV 3230mW/3231mW VDD_SOC 2703mW/2706mW
08-04-2026 16:44:13 RAM 3872/7620MB (lfb 1x1MB) SWAP 2214/12002MB (cached 117MB) CPU [0%@1728,0%@1728,100%@1728,0%@1728,0%@1728,0%@1728] GR3D_FREQ 23% cpu@58.5C soc2@56.937C soc0@57.781C gpu@58.125C tj@59.218C soc1@59.218C VDD_IN 9476mW/9458mW VDD_CPU_GPU_CV 3230mW/3231mW VDD_SOC 2703mW/2706mW
08-04-2026 16:44:13 RAM 3872/7620MB (lfb 1x1MB) SWAP 2214/12002MB (cached 117MB) CPU [0%@1728,0%@1728,100%@1728,0%@1728,0%@1728,0%@1728] GR3D_FREQ 19% cpu@58.75C soc2@57C soc0@57.781C gpu@58.25C tj@59.406C soc1@59.406C VDD_IN 9476mW/9458mW VDD_CPU_GPU_CV 3230mW/3231mW VDD_SOC 2703mW/2706mW
08-04-2026 16:44:13 RAM 3872/7620MB (lfb 1x1MB) SWAP 2214/12002MB (cached 117MB) CPU [0%@1728,0%@1728,100%@1728,0%@1728,0%@1728,0%@1728] GR3D_FREQ 22% cpu@58.781C soc2@57.062C soc0@57.75C gpu@58.093C tj@59.031C soc1@59.031C VDD_IN 9476mW/9458mW VDD_CPU_GPU_CV 3230mW/3231mW VDD_SOC 2703mW/2706mW
08-04-2026 16:44:13 RAM 3872/7620MB (lfb 1x1MB) SWAP 2214/12002MB (cached 117MB) CPU [9%@1728,0%@1728,100%@1728,0%@1728,9%@1728,0%@1728] GR3D_FREQ 20% cpu@59C soc2@56.875C soc0@57.656C gpu@58.031C tj@59.125C soc1@59.125C VDD_IN 9476mW/9459mW VDD_CPU_GPU_CV 3230mW/3231mW VDD_SOC 2703mW/2706mW
08-04-2026 16:44:14 RAM 3872/7620MB (lfb 1x1MB) SWAP 2214/12002MB (cached 117MB) CPU [9%@1728,0%@1728,100%@1728,0%@1728,0%@1728,0%@1728] GR3D_FREQ 23% cpu@58.5C soc2@56.968C soc0@57.718C gpu@58.25C tj@59.25C soc1@59.25C VDD_IN 9476mW/9459mW VDD_CPU_GPU_CV 3230mW/3231mW VDD_SOC 2703mW/2706mW
08-04-2026 16:44:14 RAM 3872/7620MB (lfb 1x1MB) SWAP 2214/12002MB (cached 117MB) CPU [0%@1728,0%@1728,100%@1728,9%@1728,0%@1728,0%@1728] GR3D_FREQ 20% cpu@58.718C soc2@56.906C soc0@57.812C gpu@58.093C tj@59.312C soc1@59.312C VDD_IN 9476mW/9459mW VDD_CPU_GPU_CV 3230mW/3231mW VDD_SOC 2703mW/2706mW
08-04-2026 16:44:14 RAM 3872/7620MB (lfb 1x1MB) SWAP 2214/12002MB (cached 117MB) CPU [9%@1728,0%@1728,91%@1728,0%@1728,0%@1728,0%@1728] GR3D_FREQ 21% cpu@58.718C soc2@57.031C soc0@57.968C gpu@58.062C tj@59.343C soc1@59.093C VDD_IN 9476mW/9459mW VDD_CPU_GPU_CV 3230mW/3231mW VDD_SOC 2703mW/2706mW
08-04-2026 16:44:14 RAM 3872/7620MB (lfb 1x1MB) SWAP 2214/12002MB (cached 117MB) CPU [0%@1728,0%@1728,100%@1728,0%@1728,0%@1728,0%@1728] GR3D_FREQ 19% cpu@58.875C soc2@56.906C soc0@57.687C gpu@58.5C tj@59.125C soc1@59.125C VDD_IN 9476mW/9459mW VDD_CPU_GPU_CV 3230mW/3231mW VDD_SOC 2703mW/2706mW
08-04-2026 16:44:14 RAM 3872/7620MB (lfb 1x1MB) SWAP 2214/12002MB (cached 117MB) CPU [0%@1728,0%@1728,100%@1728,0%@1728,0%@1728,9%@1728] GR3D_FREQ 21% cpu@58.531C soc2@56.937C soc0@57.781C gpu@58.156C tj@59.25C soc1@59.25C VDD_IN 9476mW/9459mW VDD_CPU_GPU_CV 3230mW/3231mW VDD_SOC 2703mW/2706mW
08-04-2026 16:44:14 RAM 3872/7620MB (lfb 1x1MB) SWAP 2214/12002MB (cached 117MB) CPU [0%@1728,0%@1728,100%@1728,0%@1728,0%@1728,0%@1728] GR3D_FREQ 19% cpu@58.625C soc2@57C soc0@57.75C gpu@58.656C tj@59.343C soc1@59.343C VDD_IN 9476mW/9459mW VDD_CPU_GPU_CV 3230mW/3231mW VDD_SOC 2703mW/2706mW
08-04-2026 16:44:14 RAM 3879/7620MB (lfb 1x1MB) SWAP 2214/12002MB (cached 117MB) CPU [9%@1728,0%@1728,100%@1728,20%@1728,0%@1728,0%@1728] GR3D_FREQ 18% cpu@58.937C soc2@57.062C soc0@57.937C gpu@58.406C tj@59.093C soc1@59.093C VDD_IN 9558mW/9459mW VDD_CPU_GPU_CV 3271mW/3231mW VDD_SOC 2744mW/2706mW
08-04-2026 16:44:14 RAM 3873/7620MB (lfb 1x1MB) SWAP 2214/12002MB (cached 117MB) CPU [0%@1728,0%@1728,100%@1728,0%@1728,0%@1728,0%@1728] GR3D_FREQ 20% cpu@58.843C soc2@56.875C soc0@57.625C gpu@58.218C tj@59.062C soc1@59.062C VDD_IN 9558mW/9460mW VDD_CPU_GPU_CV 3271mW/3231mW VDD_SOC 2703mW/2706mW
08-04-2026 16:44:14 RAM 3873/7620MB (lfb 1x1MB) SWAP 2214/12002MB (cached 117MB) CPU [0%@1728,0%@1728,100%@1728,0%@1728,0%@1728,0%@1728] GR3D_FREQ 19% cpu@59.031C soc2@56.937C soc0@57.75C gpu@58.593C tj@59.156C soc1@59.156C VDD_IN 9558mW/9460mW VDD_CPU_GPU_CV 3271mW/3232mW VDD_SOC 2744mW/2706mW
08-04-2026 16:44:15 RAM 3873/7620MB (lfb 1x1MB) SWAP 2214/12002MB (cached 117MB) CPU [0%@1728,0%@1728,100%@1728,0%@1728,0%@1728,9%@1728] GR3D_FREQ 19% cpu@58.593C soc2@56.968C soc0@57.75C gpu@58.375C tj@59.25C soc1@59.25C VDD_IN 9558mW/9460mW VDD_CPU_GPU_CV 3271mW/3232mW VDD_SOC 2703mW/2706mW
08-04-2026 16:44:15 RAM 3873/7620MB (lfb 1x1MB) SWAP 2214/12002MB (cached 117MB) CPU [0%@1728,0%@1728,100%@1728,8%@1728,0%@1728,0%@1728] GR3D_FREQ 19% cpu@58.718C soc2@56.968C soc0@57.875C gpu@58.156C tj@59.031C soc1@59.031C VDD_IN 9558mW/9461mW VDD_CPU_GPU_CV 3271mW/3232mW VDD_SOC 2703mW/2706mW
08-04-2026 16:44:15 RAM 3873/7620MB (lfb 1x1MB) SWAP 2214/12002MB (cached 117MB) CPU [8%@1728,0%@1728,100%@1728,0%@1728,0%@1728,0%@1728] GR3D_FREQ 19% cpu@58.75C soc2@56.875C soc0@57.75C gpu@58.562C tj@59.125C soc1@59.125C VDD_IN 9517mW/9461mW VDD_CPU_GPU_CV 3271mW/3232mW VDD_SOC 2703mW/2706mW
08-04-2026 16:44:15 RAM 3873/7620MB (lfb 1x1MB) SWAP 2214/12002MB (cached 117MB) CPU [9%@1728,0%@1728,100%@1728,0%@1728,0%@1728,0%@1728] GR3D_FREQ 19% cpu@58.906C soc2@56.937C soc0@57.687C gpu@58.5C tj@59.156C soc1@59.156C VDD_IN 9476mW/9461mW VDD_CPU_GPU_CV 3271mW/3232mW VDD_SOC 2703mW/2706mW
08-04-2026 16:44:15 RAM 3873/7620MB (lfb 1x1MB) SWAP 2214/12002MB (cached 117MB) CPU [0%@1728,0%@1728,100%@1728,0%@1728,0%@1728,0%@1728] GR3D_FREQ 19% cpu@58.656C soc2@57C soc0@57.781C gpu@58.062C tj@59.218C soc1@59.218C VDD_IN 9476mW/9461mW VDD_CPU_GPU_CV 3230mW/3232mW VDD_SOC 2703mW/2706mW
08-04-2026 16:44:15 RAM 3873/7620MB (lfb 1x1MB) SWAP 2214/12002MB (cached 117MB) CPU [0%@1728,0%@1728,100%@1728,0%@1728,0%@1728,0%@1728] GR3D_FREQ 19% cpu@58.687C soc2@57.031C soc0@57.781C gpu@58.625C tj@59.406C soc1@59.406C VDD_IN 9476mW/9461mW VDD_CPU_GPU_CV 3271mW/3232mW VDD_SOC 2703mW/2706mW
08-04-2026 16:44:15 RAM 3873/7620MB (lfb 1x1MB) SWAP 2214/12002MB (cached 117MB) CPU [0%@1728,0%@1728,100%@1728,0%@1728,0%@1728,0%@1728] GR3D_FREQ 19% cpu@58.75C soc2@57.156C soc0@57.75C gpu@58.437C tj@59.125C soc1@59.125C VDD_IN 9476mW/9461mW VDD_CPU_GPU_CV 3230mW/3232mW VDD_SOC 2703mW/2706mW
08-04-2026 16:44:15 RAM 3873/7620MB (lfb 1x1MB) SWAP 2214/12002MB (cached 117MB) CPU [0%@1728,0%@1728,100%@1728,0%@1728,8%@1728,0%@1728] GR3D_FREQ 19% cpu@58.843C soc2@56.937C soc0@57.687C gpu@58.25C tj@59.093C soc1@59.093C VDD_IN 9476mW/9461mW VDD_CPU_GPU_CV 3271mW/3232mW VDD_SOC 2703mW/2706mW
08-04-2026 16:44:15 RAM 3873/7620MB (lfb 1x1MB) SWAP 2214/12002MB (cached 117MB) CPU [0%@1728,0%@1728,100%@1728,0%@1728,0%@1728,0%@1728] GR3D_FREQ 19% cpu@58.625C soc2@56.937C soc0@57.75C gpu@58.437C tj@59.125C soc1@59.125C VDD_IN 9476mW/9461mW VDD_CPU_GPU_CV 3271mW/3232mW VDD_SOC 2703mW/2706mW
08-04-2026 16:44:15 RAM 3873/7620MB (lfb 1x1MB) SWAP 2214/12002MB (cached 117MB) CPU [9%@1728,0%@1728,100%@1728,0%@1728,0%@1728,0%@1728] GR3D_FREQ 19% cpu@58.625C soc2@57.062C soc0@57.75C gpu@58.468C tj@59.375C soc1@59.375C VDD_IN 9476mW/9461mW VDD_CPU_GPU_CV 3230mW/3232mW VDD_SOC 2703mW/2706mW
08-04-2026 16:44:16 RAM 3873/7620MB (lfb 1x1MB) SWAP 2214/12002MB (cached 117MB) CPU [0%@1728,0%@1728,100%@1728,0%@1728,0%@1728,0%@1728] GR3D_FREQ 19% cpu@58.718C soc2@57.093C soc0@57.656C gpu@58.281C tj@59.125C soc1@59.125C VDD_IN 9476mW/9461mW VDD_CPU_GPU_CV 3230mW/3232mW VDD_SOC 2703mW/2706mW
08-04-2026 16:44:16 RAM 3873/7620MB (lfb 1x1MB) SWAP 2214/12002MB (cached 117MB) CPU [9%@1728,0%@1728,100%@1728,0%@1728,0%@1728,8%@1728] GR3D_FREQ 19% cpu@58.75C soc2@56.968C soc0@57.718C gpu@58.468C tj@59.093C soc1@59.093C VDD_IN 9476mW/9461mW VDD_CPU_GPU_CV 3189mW/3232mW VDD_SOC 2703mW/2706mW
08-04-2026 16:44:16 RAM 3873/7620MB (lfb 1x1MB) SWAP 2214/12002MB (cached 117MB) CPU [0%@1728,0%@1728,100%@1728,0%@1728,0%@1728,0%@1728] GR3D_FREQ 19% cpu@58.687C soc2@56.906C soc0@57.75C gpu@58.25C tj@59.281C soc1@59.281C VDD_IN 9476mW/9461mW VDD_CPU_GPU_CV 3230mW/3232mW VDD_SOC 2703mW/2706mW
08-04-2026 16:44:16 RAM 3873/7620MB (lfb 1x1MB) SWAP 2214/12002MB (cached 117MB) CPU [9%@1728,0%@1728,100%@1728,0%@1728,0%@1728,0%@1728] GR3D_FREQ 19% cpu@58.687C soc2@56.968C soc0@57.781C gpu@58.25C tj@59.281C soc1@59.281C VDD_IN 9435mW/9461mW VDD_CPU_GPU_CV 3230mW/3232mW VDD_SOC 2703mW/2706mW
08-04-2026 16:44:16 RAM 3873/7620MB (lfb 1x1MB) SWAP 2214/12002MB (cached 117MB) CPU [0%@1728,0%@1728,100%@1728,8%@1728,0%@1728,0%@1728] GR3D_FREQ 19% cpu@58.656C soc2@57.093C soc0@57.875C gpu@58.406C tj@59.406C soc1@59.406C VDD_IN 9476mW/9461mW VDD_CPU_GPU_CV 3230mW/3232mW VDD_SOC 2703mW/2706mW
08-04-2026 16:44:16 RAM 3873/7620MB (lfb 1x1MB) SWAP 2214/12002MB (cached 117MB) CPU [0%@1728,0%@1728,100%@1728,0%@1728,9%@1728,0%@1728] GR3D_FREQ 19% cpu@58.75C soc2@56.968C soc0@57.718C gpu@58.187C tj@59.125C soc1@59.125C VDD_IN 9435mW/9461mW VDD_CPU_GPU_CV 3271mW/3232mW VDD_SOC 2703mW/2706mW
08-04-2026 16:44:16 RAM 3875/7620MB (lfb 1x1MB) SWAP 2214/12002MB (cached 117MB) CPU [0%@1728,0%@1728,100%@1728,9%@1728,0%@1728,18%@1728] GR3D_FREQ 19% cpu@58.687C soc2@57C soc0@57.75C gpu@58.187C tj@59.156C soc1@59.156C VDD_IN 9517mW/9461mW VDD_CPU_GPU_CV 3271mW/3233mW VDD_SOC 2703mW/2706mW
08-04-2026 16:44:16 RAM 3875/7620MB (lfb 1x1MB) SWAP 2214/12002MB (cached 117MB) CPU [0%@1728,9%@1728,100%@1728,9%@1728,0%@1728,9%@1728] GR3D_FREQ 20% cpu@58.625C soc2@56.968C soc0@57.781C gpu@58.406C tj@59.312C soc1@59.312C VDD_IN 9476mW/9461mW VDD_CPU_GPU_CV 3230mW/3233mW VDD_SOC 2703mW/2706mW
08-04-2026 16:44:16 RAM 3875/7620MB (lfb 1x1MB) SWAP 2214/12002MB (cached 117MB) CPU [0%@1728,0%@1728,100%@1728,0%@1728,0%@1728,0%@1728] GR3D_FREQ 21% cpu@58.625C soc2@57.031C soc0@57.906C gpu@58.25C tj@59.406C soc1@59.406C VDD_IN 9517mW/9462mW VDD_CPU_GPU_CV 3230mW/3233mW VDD_SOC 2703mW/2706mW
08-04-2026 16:44:17 RAM 3875/7620MB (lfb 1x1MB) SWAP 2214/12002MB (cached 117MB) CPU [0%@1728,8%@1728,100%@1728,0%@1728,0%@1728,0%@1728] GR3D_FREQ 19% cpu@58.718C soc2@56.906C soc0@57.687C gpu@58.187C tj@59.156C soc1@59.156C VDD_IN 9476mW/9462mW VDD_CPU_GPU_CV 3230mW/3233mW VDD_SOC 2703mW/2706mW
08-04-2026 16:44:17 RAM 3875/7620MB (lfb 1x1MB) SWAP 2214/12002MB (cached 117MB) CPU [0%@1728,0%@1728,100%@1728,0%@1728,0%@1728,0%@1728] GR3D_FREQ 22% cpu@58.593C soc2@56.937C soc0@57.75C gpu@58.468C tj@59.218C soc1@59.218C VDD_IN 9476mW/9462mW VDD_CPU_GPU_CV 3230mW/3233mW VDD_SOC 2703mW/2706mW
08-04-2026 16:44:17 RAM 3875/7620MB (lfb 1x1MB) SWAP 2214/12002MB (cached 117MB) CPU [0%@1728,0%@1728,100%@1728,8%@1728,0%@1728,0%@1728] GR3D_FREQ 19% cpu@58.625C soc2@56.968C soc0@57.906C gpu@58.218C tj@59.281C soc1@59.281C VDD_IN 9476mW/9462mW VDD_CPU_GPU_CV 3189mW/3232mW VDD_SOC 2703mW/2706mW
08-04-2026 16:44:17 RAM 3875/7620MB (lfb 1x1MB) SWAP 2214/12002MB (cached 117MB) CPU [0%@1728,0%@1728,100%@1728,0%@1728,0%@1728,0%@1728] GR3D_FREQ 22% cpu@58.625C soc2@57.031C soc0@57.812C gpu@58.187C tj@59.375C soc1@59.375C VDD_IN 9476mW/9462mW VDD_CPU_GPU_CV 3189mW/3232mW VDD_SOC 2703mW/2706mW
08-04-2026 16:44:17 RAM 3875/7620MB (lfb 1x1MB) SWAP 2214/12002MB (cached 117MB) CPU [0%@1728,0%@1728,100%@1728,0%@1728,0%@1728,0%@1728] GR3D_FREQ 19% cpu@58.687C soc2@56.937C soc0@57.718C gpu@58.156C tj@59.125C soc1@59.125C VDD_IN 9435mW/9462mW VDD_CPU_GPU_CV 3230mW/3232mW VDD_SOC 2703mW/2706mW
08-04-2026 16:44:17 RAM 3875/7620MB (lfb 1x1MB) SWAP 2214/12002MB (cached 117MB) CPU [0%@1728,0%@1728,100%@1728,0%@1728,0%@1728,0%@1728] GR3D_FREQ 22% cpu@58.625C soc2@56.968C soc0@57.687C gpu@58.25C tj@59.125C soc1@59.125C VDD_IN 9476mW/9462mW VDD_CPU_GPU_CV 3230mW/3232mW VDD_SOC 2703mW/2706mW
08-04-2026 16:44:17 RAM 3875/7620MB (lfb 1x1MB) SWAP 2214/12002MB (cached 117MB) CPU [0%@1728,0%@1728,100%@1728,0%@1728,9%@1728,0%@1728] GR3D_FREQ 20% cpu@58.593C soc2@57C soc0@57.75C gpu@58.156C tj@59.187C soc1@59.187C VDD_IN 9476mW/9462mW VDD_CPU_GPU_CV 3230mW/3232mW VDD_SOC 2703mW/2706mW
08-04-2026 16:44:17 RAM 3875/7620MB (lfb 1x1MB) SWAP 2214/12002MB (cached 117MB) CPU [0%@1728,9%@1728,100%@1728,0%@1728,0%@1728,0%@1728] GR3D_FREQ 22% cpu@58.593C soc2@57.093C soc0@57.812C gpu@58.187C tj@59.406C soc1@59.406C VDD_IN 9476mW/9462mW VDD_CPU_GPU_CV 3230mW/3232mW VDD_SOC 2703mW/2706mW
08-04-2026 16:44:17 RAM 3875/7620MB (lfb 1x1MB) SWAP 2214/12002MB (cached 117MB) CPU [0%@1728,0%@1728,100%@1728,0%@1728,0%@1728,0%@1728] GR3D_FREQ 20% cpu@58.718C soc2@56.968C soc0@57.718C gpu@58.281C tj@59.187C soc1@59.187C VDD_IN 9476mW/9462mW VDD_CPU_GPU_CV 3230mW/3232mW VDD_SOC 2703mW/2706mW
08-04-2026 16:44:17 RAM 3875/7620MB (lfb 1x1MB) SWAP 2214/12002MB (cached 117MB) CPU [16%@1728,9%@1728,100%@1728,27%@1728,0%@1728,0%@1728] GR3D_FREQ 22% cpu@58.75C soc2@56.937C soc0@57.718C gpu@58.062C tj@59.125C soc1@59.125C VDD_IN 9558mW/9462mW VDD_CPU_GPU_CV 3271mW/3232mW VDD_SOC 2744mW/2706mW
08-04-2026 16:44:18 RAM 3875/7620MB (lfb 1x1MB) SWAP 2214/12002MB (cached 117MB) CPU [0%@1728,0%@1728,100%@1728,0%@1728,0%@1728,0%@1728] GR3D_FREQ 19% cpu@58.531C soc2@56.937C soc0@57.75C gpu@58.187C tj@59.187C soc1@59.187C VDD_IN 9517mW/9462mW VDD_CPU_GPU_CV 3271mW/3232mW VDD_SOC 2744mW/2706mW
08-04-2026 16:44:18 RAM 3875/7620MB (lfb 1x1MB) SWAP 2214/12002MB (cached 117MB) CPU [0%@1728,0%@1728,100%@1728,8%@1728,0%@1728,0%@1728] GR3D_FREQ 24% cpu@58.718C soc2@57.062C soc0@57.781C gpu@58.281C tj@59.312C soc1@59.312C VDD_IN 9517mW/9462mW VDD_CPU_GPU_CV 3271mW/3233mW VDD_SOC 2744mW/2706mW
08-04-2026 16:44:18 RAM 3875/7620MB (lfb 1x1MB) SWAP 2214/12002MB (cached 117MB) CPU [0%@1728,0%@1728,100%@1728,0%@1728,0%@1728,0%@1728] GR3D_FREQ 19% cpu@58.531C soc2@57.093C soc0@57.718C gpu@58.125C tj@59.125C soc1@59.125C VDD_IN 9476mW/9462mW VDD_CPU_GPU_CV 3271mW/3233mW VDD_SOC 2703mW/2706mW
08-04-2026 16:44:18 RAM 3875/7620MB (lfb 1x1MB) SWAP 2214/12002MB (cached 117MB) CPU [0%@1728,0%@1728,100%@1728,0%@1728,0%@1728,8%@1728] GR3D_FREQ 23% cpu@58.468C soc2@57.031C soc0@57.718C gpu@58.093C tj@59.156C soc1@59.156C VDD_IN 9476mW/9462mW VDD_CPU_GPU_CV 3271mW/3233mW VDD_SOC 2703mW/2706mW
08-04-2026 16:44:18 RAM 3875/7620MB (lfb 1x1MB) SWAP 2214/12002MB (cached 117MB) CPU [0%@1728,0%@1728,91%@1728,0%@1728,0%@1728,0%@1728] GR3D_FREQ 19% cpu@58.562C soc2@56.968C soc0@57.718C gpu@58.187C tj@59.281C soc1@59.281C VDD_IN 9476mW/9463mW VDD_CPU_GPU_CV 3271mW/3233mW VDD_SOC 2703mW/2706mW
08-04-2026 16:44:18 RAM 3875/7620MB (lfb 1x1MB) SWAP 2214/12002MB (cached 117MB) CPU [0%@1728,0%@1728,100%@1728,0%@1728,9%@1728,0%@1728] GR3D_FREQ 23% cpu@58.625C soc2@57C soc0@57.75C gpu@58.187C tj@59.25C soc1@59.25C VDD_IN 9517mW/9463mW VDD_CPU_GPU_CV 3271mW/3233mW VDD_SOC 2703mW/2706mW
08-04-2026 16:44:18 RAM 3875/7620MB (lfb 1x1MB) SWAP 2214/12002MB (cached 117MB) CPU [9%@1728,8%@1728,100%@1728,0%@1728,8%@1728,0%@1728] GR3D_FREQ 19% cpu@58.656C soc2@57C soc0@57.656C gpu@58.093C tj@59.031C soc1@59.031C VDD_IN 9476mW/9463mW VDD_CPU_GPU_CV 3271mW/3233mW VDD_SOC 2703mW/2706mW
08-04-2026 16:44:18 RAM 3875/7620MB (lfb 1x1MB) SWAP 2214/12002MB (cached 117MB) CPU [0%@1728,0%@1728,100%@1728,0%@1728,0%@1728,16%@1728] GR3D_FREQ 23% cpu@58.562C soc2@57C soc0@57.75C gpu@58.531C tj@59.187C soc1@59.187C VDD_IN 9476mW/9463mW VDD_CPU_GPU_CV 3271mW/3233mW VDD_SOC 2703mW/2706mW
08-04-2026 16:44:18 RAM 3875/7620MB (lfb 1x1MB) SWAP 2214/12002MB (cached 117MB) CPU [0%@1728,0%@1728,100%@1728,0%@1728,0%@1728,0%@1728] GR3D_FREQ 21% cpu@58.625C soc2@57C soc0@57.781C gpu@58.156C tj@59.25C soc1@59.25C VDD_IN 9476mW/9463mW VDD_CPU_GPU_CV 3230mW/3233mW VDD_SOC 2703mW/2706mW
08-04-2026 16:44:19 RAM 3875/7620MB (lfb 1x1MB) SWAP 2214/12002MB (cached 117MB) CPU [0%@1728,0%@1728,100%@1728,0%@1728,0%@1728,0%@1728] GR3D_FREQ 20% cpu@58.562C soc2@56.937C soc0@57.781C gpu@58.125C tj@59.25C soc1@59.25C VDD_IN 9476mW/9463mW VDD_CPU_GPU_CV 3230mW/3233mW VDD_SOC 2703mW/2706mW
08-04-2026 16:44:19 RAM 3875/7620MB (lfb 1x1MB) SWAP 2214/12002MB (cached 117MB) CPU [0%@1728,0%@1728,100%@1728,0%@1728,0%@1728,0%@1728] GR3D_FREQ 19% cpu@58.625C soc2@57C soc0@57.937C gpu@58.531C tj@59.406C soc1@59.406C VDD_IN 9476mW/9463mW VDD_CPU_GPU_CV 3230mW/3233mW VDD_SOC 2703mW/2706mW
08-04-2026 16:44:19 RAM 3875/7620MB (lfb 1x1MB) SWAP 2214/12002MB (cached 117MB) CPU [0%@1728,0%@1728,100%@1728,0%@1728,0%@1728,0%@1728] GR3D_FREQ 20% cpu@58.593C soc2@56.968C soc0@57.687C gpu@58.062C tj@59.093C soc1@59.093C VDD_IN 9476mW/9463mW VDD_CPU_GPU_CV 3189mW/3233mW VDD_SOC 2703mW/2706mW
08-04-2026 16:44:19 RAM 3875/7620MB (lfb 1x1MB) SWAP 2214/12002MB (cached 117MB) CPU [0%@1728,0%@1728,100%@1728,8%@1728,0%@1728,0%@1728] GR3D_FREQ 20% cpu@58.562C soc2@56.937C soc0@57.75C gpu@58.156C tj@59.156C soc1@59.156C VDD_IN 9435mW/9463mW VDD_CPU_GPU_CV 3189mW/3233mW VDD_SOC 2703mW/2706mW
08-04-2026 16:44:19 RAM 3875/7620MB (lfb 1x1MB) SWAP 2214/12002MB (cached 117MB) CPU [0%@1728,0%@1728,100%@1728,0%@1728,0%@1728,0%@1728] GR3D_FREQ 22% cpu@58.656C soc2@57.031C soc0@57.781C gpu@58.5C tj@59.281C soc1@59.281C VDD_IN 9435mW/9463mW VDD_CPU_GPU_CV 3189mW/3233mW VDD_SOC 2703mW/2706mW
08-04-2026 16:44:19 RAM 3875/7620MB (lfb 1x1MB) SWAP 2214/12002MB (cached 117MB) CPU [0%@1728,0%@1728,100%@1728,9%@1728,0%@1728,0%@1728] GR3D_FREQ 19% cpu@58.562C soc2@57.031C soc0@57.843C gpu@58.156C tj@59.406C soc1@59.406C VDD_IN 9435mW/9463mW VDD_CPU_GPU_CV 3230mW/3233mW VDD_SOC 2703mW/2706mW
08-04-2026 16:44:19 RAM 3875/7620MB (lfb 1x1MB) SWAP 2214/12002MB (cached 117MB) CPU [0%@1728,0%@1728,100%@1728,0%@1728,0%@1728,0%@1728] GR3D_FREQ 22% cpu@58.562C soc2@56.968C soc0@57.718C gpu@58.625C tj@59.125C soc1@59.125C VDD_IN 9435mW/9463mW VDD_CPU_GPU_CV 3230mW/3233mW VDD_SOC 2703mW/2706mW
08-04-2026 16:44:19 RAM 3875/7620MB (lfb 1x1MB) SWAP 2214/12002MB (cached 117MB) CPU [9%@1728,0%@1728,100%@1728,0%@1728,0%@1728,0%@1728] GR3D_FREQ 19% cpu@58.5C soc2@56.968C soc0@57.781C gpu@58.437C tj@59.187C soc1@59.187C VDD_IN 9435mW/9463mW VDD_CPU_GPU_CV 3230mW/3233mW VDD_SOC 2703mW/2706mW
08-04-2026 16:44:19 RAM 3875/7620MB (lfb 1x1MB) SWAP 2214/12002MB (cached 117MB) CPU [0%@1728,0%@1728,100%@1728,0%@1728,0%@1728,0%@1728] GR3D_FREQ 22% cpu@58.656C soc2@56.968C soc0@57.781C gpu@58.031C tj@59.25C soc1@59.25C VDD_IN 9476mW/9463mW VDD_CPU_GPU_CV 3230mW/3233mW VDD_SOC 2744mW/2706mW
08-04-2026 16:44:19 RAM 3875/7620MB (lfb 1x1MB) SWAP 2214/12002MB (cached 117MB) CPU [0%@1728,0%@1728,100%@1728,0%@1728,0%@1728,0%@1728] GR3D_FREQ 19% cpu@58.656C soc2@57.093C soc0@57.875C gpu@58.531C tj@59.281C soc1@59.281C VDD_IN 9476mW/9463mW VDD_CPU_GPU_CV 3189mW/3233mW VDD_SOC 2703mW/2706mW
08-04-2026 16:44:20 RAM 3875/7620MB (lfb 1x1MB) SWAP 2214/12002MB (cached 117MB) CPU [0%@1728,0%@1728,100%@1728,0%@1728,0%@1728,0%@1728] GR3D_FREQ 22% cpu@58.562C soc2@56.937C soc0@57.906C gpu@58.406C tj@59.093C soc1@59.093C VDD_IN 9476mW/9463mW VDD_CPU_GPU_CV 3230mW/3233mW VDD_SOC 2744mW/2706mW
08-04-2026 16:44:20 RAM 3875/7620MB (lfb 1x1MB) SWAP 2214/12002MB (cached 117MB) CPU [9%@1728,0%@1728,100%@1728,0%@1728,0%@1728,0%@1728] GR3D_FREQ 19% cpu@58.562C soc2@56.906C soc0@57.75C gpu@58.093C tj@59.187C soc1@59.187C VDD_IN 9476mW/9463mW VDD_CPU_GPU_CV 3189mW/3233mW VDD_SOC 2703mW/2706mW
08-04-2026 16:44:20 RAM 3875/7620MB (lfb 1x1MB) SWAP 2214/12002MB (cached 117MB) CPU [0%@1728,0%@1728,100%@1728,0%@1728,8%@1728,0%@1728] GR3D_FREQ 23% cpu@58.625C soc2@56.968C soc0@57.75C gpu@58.562C tj@59.156C soc1@59.156C VDD_IN 9517mW/9463mW VDD_CPU_GPU_CV 3189mW/3232mW VDD_SOC 2744mW/2706mW
08-04-2026 16:44:20 RAM 3875/7620MB (lfb 1x1MB) SWAP 2214/12002MB (cached 117MB) CPU [0%@1728,0%@1728,100%@1728,0%@1728,0%@1728,0%@1728] GR3D_FREQ 19% cpu@58.625C soc2@57C soc0@57.843C gpu@58.343C tj@59.312C soc1@59.312C VDD_IN 9476mW/9463mW VDD_CPU_GPU_CV 3189mW/3232mW VDD_SOC 2703mW/2706mW
08-04-2026 16:44:20 RAM 3875/7620MB (lfb 1x1MB) SWAP 2214/12002MB (cached 117MB) CPU [0%@1728,0%@1728,100%@1728,0%@1728,0%@1728,0%@1728] GR3D_FREQ 23% cpu@58.937C soc2@57.093C soc0@57.937C gpu@58.093C tj@59.156C soc1@59.156C VDD_IN 9517mW/9463mW VDD_CPU_GPU_CV 3189mW/3232mW VDD_SOC 2703mW/2706mW
08-04-2026 16:44:20 RAM 3875/7620MB (lfb 1x1MB) SWAP 2214/12002MB (cached 117MB) CPU [0%@1728,0%@1728,100%@1728,8%@1728,9%@1728,0%@1728] GR3D_FREQ 19% cpu@58.468C soc2@56.937C soc0@57.718C gpu@58.437C tj@59.093C soc1@59.093C VDD_IN 9476mW/9463mW VDD_CPU_GPU_CV 3189mW/3232mW VDD_SOC 2703mW/2706mW
08-04-2026 16:44:20 RAM 3875/7620MB (lfb 1x1MB) SWAP 2214/12002MB (cached 117MB) CPU [0%@1728,0%@1728,100%@1728,0%@1728,0%@1728,0%@1728] GR3D_FREQ 23% cpu@58.562C soc2@56.968C soc0@57.75C gpu@58.281C tj@59.187C soc1@59.187C VDD_IN 9476mW/9463mW VDD_CPU_GPU_CV 3230mW/3232mW VDD_SOC 2703mW/2706mW
08-04-2026 16:44:20 RAM 3875/7620MB (lfb 1x1MB) SWAP 2214/12002MB (cached 117MB) CPU [0%@1728,0%@1728,100%@1728,0%@1728,0%@1728,8%@1728] GR3D_FREQ 19% cpu@58.593C soc2@57C soc0@57.781C gpu@58.062C tj@59.25C soc1@59.25C VDD_IN 9476mW/9463mW VDD_CPU_GPU_CV 3189mW/3232mW VDD_SOC 2703mW/2706mW
08-04-2026 16:44:20 RAM 3875/7620MB (lfb 1x1MB) SWAP 2214/12002MB (cached 117MB) CPU [0%@1728,0%@1728,100%@1728,8%@1728,0%@1728,0%@1728] GR3D_FREQ 23% cpu@58.781C soc2@57.031C soc0@57.875C gpu@58.5C tj@59.062C soc1@59.062C VDD_IN 9476mW/9463mW VDD_CPU_GPU_CV 3189mW/3232mW VDD_SOC 2703mW/2706mW
08-04-2026 16:44:21 RAM 3875/7620MB (lfb 1x1MB) SWAP 2214/12002MB (cached 117MB) CPU [0%@1728,0%@1728,100%@1728,0%@1728,0%@1728,0%@1728] GR3D_FREQ 19% cpu@58.625C soc2@56.968C soc0@57.656C gpu@58.375C tj@59.187C soc1@59.156C VDD_IN 9476mW/9463mW VDD_CPU_GPU_CV 3230mW/3232mW VDD_SOC 2703mW/2706mW
08-04-2026 16:44:21 RAM 3875/7620MB (lfb 1x1MB) SWAP 2214/12002MB (cached 117MB) CPU [0%@1728,0%@1728,100%@1728,0%@1728,0%@1728,0%@1728] GR3D_FREQ 23% cpu@58.593C soc2@56.937C soc0@57.75C gpu@58.25C tj@59.156C soc1@59.156C VDD_IN 9476mW/9463mW VDD_CPU_GPU_CV 3230mW/3232mW VDD_SOC 2703mW/2706mW
08-04-2026 16:44:21 RAM 3874/7620MB (lfb 1x1MB) SWAP 2214/12002MB (cached 117MB) CPU [9%@1728,9%@1728,100%@1728,20%@1728,9%@1728,0%@1728] GR3D_FREQ 19% cpu@58.718C soc2@57C soc0@57.812C gpu@58.531C tj@59.25C soc1@59.25C VDD_IN 9558mW/9464mW VDD_CPU_GPU_CV 3271mW/3232mW VDD_SOC 2744mW/2706mW
08-04-2026 16:44:21 RAM 3874/7620MB (lfb 1x1MB) SWAP 2214/12002MB (cached 117MB) CPU [0%@1728,0%@1728,100%@1728,0%@1728,0%@1728,0%@1728] GR3D_FREQ 20% cpu@58.812C soc2@57.062C soc0@57.781C gpu@58.281C tj@59.062C soc1@59.062C VDD_IN 9558mW/9464mW VDD_CPU_GPU_CV 3271mW/3232mW VDD_SOC 2744mW/2707mW
08-04-2026 16:44:21 RAM 3874/7620MB (lfb 1x1MB) SWAP 2214/12002MB (cached 117MB) CPU [0%@1728,0%@1728,100%@1728,0%@1728,0%@1728,0%@1728] GR3D_FREQ 19% cpu@58.968C soc2@56.968C soc0@57.625C gpu@58.25C tj@59.125C soc1@59.125C VDD_IN 9517mW/9464mW VDD_CPU_GPU_CV 3230mW/3232mW VDD_SOC 2703mW/2707mW
08-04-2026 16:44:21 RAM 3874/7620MB (lfb 1x1MB) SWAP 2214/12002MB (cached 117MB) CPU [0%@1728,0%@1728,100%@1728,0%@1728,0%@1728,0%@1728] GR3D_FREQ 19% cpu@58.593C soc2@57.031C soc0@57.75C gpu@58.5C tj@59.125C soc1@59.125C VDD_IN 9517mW/9464mW VDD_CPU_GPU_CV 3230mW/3232mW VDD_SOC 2744mW/2707mW
08-04-2026 16:44:21 RAM 3874/7620MB (lfb 1x1MB) SWAP 2214/12002MB (cached 117MB) CPU [0%@1728,0%@1728,100%@1728,0%@1728,0%@1728,0%@1728] GR3D_FREQ 19% cpu@58.531C soc2@56.968C soc0@57.843C gpu@58.312C tj@59.25C soc1@59.25C VDD_IN 9517mW/9464mW VDD_CPU_GPU_CV 3230mW/3232mW VDD_SOC 2703mW/2707mW
08-04-2026 16:44:21 RAM 3874/7620MB (lfb 1x1MB) SWAP 2214/12002MB (cached 117MB) CPU [0%@1728,0%@1728,100%@1728,0%@1728,0%@1728,0%@1728] GR3D_FREQ 20% cpu@58.781C soc2@57.093C soc0@57.843C gpu@58.187C tj@59.375C soc1@59.375C VDD_IN 9517mW/9464mW VDD_CPU_GPU_CV 3230mW/3232mW VDD_SOC 2744mW/2707mW
08-04-2026 16:44:21 RAM 3874/7620MB (lfb 1x1MB) SWAP 2214/12002MB (cached 117MB) CPU [0%@1728,0%@1728,100%@1728,0%@1728,0%@1728,0%@1728] GR3D_FREQ 19% cpu@58.906C soc2@57.031C soc0@57.718C gpu@58.5C tj@59.156C soc1@59.156C VDD_IN 9476mW/9464mW VDD_CPU_GPU_CV 3230mW/3232mW VDD_SOC 2703mW/2707mW
08-04-2026 16:44:21 RAM 3874/7620MB (lfb 1x1MB) SWAP 2214/12002MB (cached 117MB) CPU [0%@1728,0%@1728,100%@1728,9%@1728,0%@1728,0%@1728] GR3D_FREQ 19% cpu@58.531C soc2@56.968C soc0@57.75C gpu@58.375C tj@59.156C soc1@59.156C VDD_IN 9476mW/9464mW VDD_CPU_GPU_CV 3230mW/3232mW VDD_SOC 2744mW/2707mW
08-04-2026 16:44:22 RAM 3874/7620MB (lfb 1x1MB) SWAP 2214/12002MB (cached 117MB) CPU [0%@1728,0%@1728,100%@1728,0%@1728,0%@1728,0%@1728] GR3D_FREQ 20% cpu@58.562C soc2@57C soc0@57.718C gpu@58.218C tj@59.218C soc1@59.218C VDD_IN 9476mW/9464mW VDD_CPU_GPU_CV 3271mW/3232mW VDD_SOC 2703mW/2707mW
08-04-2026 16:44:22 RAM 3874/7620MB (lfb 1x1MB) SWAP 2214/12002MB (cached 117MB) CPU [0%@1728,0%@1728,100%@1728,0%@1728,0%@1728,0%@1728] GR3D_FREQ 20% cpu@58.718C soc2@56.968C soc0@57.843C gpu@58.406C tj@59.343C soc1@59.343C VDD_IN 9476mW/9464mW VDD_CPU_GPU_CV 3230mW/3232mW VDD_SOC 2703mW/2707mW
08-04-2026 16:44:22 RAM 3874/7620MB (lfb 1x1MB) SWAP 2214/12002MB (cached 117MB) CPU [0%@1728,0%@1728,100%@1728,0%@1728,0%@1728,0%@1728] GR3D_FREQ 20% cpu@58.906C soc2@56.937C soc0@57.656C gpu@58.343C tj@59.062C soc1@59.062C VDD_IN 9476mW/9465mW VDD_CPU_GPU_CV 3230mW/3232mW VDD_SOC 2703mW/2707mW
08-04-2026 16:44:22 RAM 3874/7620MB (lfb 1x1MB) SWAP 2214/12002MB (cached 117MB) CPU [0%@1728,0%@1728,100%@1728,8%@1728,0%@1728,0%@1728] GR3D_FREQ 19% cpu@58.906C soc2@56.937C soc0@57.812C gpu@58.281C tj@59.156C soc1@59.156C VDD_IN 9476mW/9465mW VDD_CPU_GPU_CV 3230mW/3232mW VDD_SOC 2703mW/2707mW
08-04-2026 16:44:22 RAM 3874/7620MB (lfb 1x1MB) SWAP 2214/12002MB (cached 117MB) CPU [9%@1728,16%@1728,90%@1728,0%@1728,0%@1728,0%@1728] GR3D_FREQ 20% cpu@58.531C soc2@57C soc0@57.781C gpu@58.062C tj@59.281C soc1@59.281C VDD_IN 9476mW/9465mW VDD_CPU_GPU_CV 3230mW/3232mW VDD_SOC 2703mW/2707mW
08-04-2026 16:44:22 RAM 3874/7620MB (lfb 1x1MB) SWAP 2214/12002MB (cached 117MB) CPU [0%@1728,0%@1728,100%@1728,0%@1728,16%@1728,0%@1728] GR3D_FREQ 20% cpu@58.687C soc2@57.031C soc0@57.875C gpu@58.218C tj@59.343C soc1@59.343C VDD_IN 9476mW/9465mW VDD_CPU_GPU_CV 3230mW/3232mW VDD_SOC 2703mW/2707mW
08-04-2026 16:44:22 RAM 3874/7620MB (lfb 1x1MB) SWAP 2214/12002MB (cached 117MB) CPU [9%@1728,0%@1728,100%@1728,0%@1728,0%@1728,0%@1728] GR3D_FREQ 19% cpu@58.781C soc2@57.125C soc0@57.968C gpu@58.218C tj@59.125C soc1@59.125C VDD_IN 9476mW/9465mW VDD_CPU_GPU_CV 3230mW/3232mW VDD_SOC 2703mW/2707mW
08-04-2026 16:44:22 RAM 3874/7620MB (lfb 1x1MB) SWAP 2214/12002MB (cached 117MB) CPU [9%@1728,0%@1728,100%@1728,0%@1728,0%@1728,0%@1728] GR3D_FREQ 19% cpu@58.843C soc2@56.937C soc0@57.718C gpu@58.125C tj@59.156C soc1@59.156C VDD_IN 9476mW/9465mW VDD_CPU_GPU_CV 3230mW/3232mW VDD_SOC 2703mW/2707mW
08-04-2026 16:44:22 RAM 3874/7620MB (lfb 1x1MB) SWAP 2214/12002MB (cached 117MB) CPU [0%@1728,0%@1728,100%@1728,0%@1728,0%@1728,0%@1728] GR3D_FREQ 19% cpu@58.593C soc2@56.968C soc0@57.718C gpu@58.218C tj@59.187C soc1@59.187C VDD_IN 9476mW/9465mW VDD_CPU_GPU_CV 3230mW/3232mW VDD_SOC 2703mW/2707mW
08-04-2026 16:44:23 RAM 3874/7620MB (lfb 1x1MB) SWAP 2214/12002MB (cached 117MB) CPU [0%@1728,0%@1728,100%@1728,0%@1728,0%@1728,0%@1728] GR3D_FREQ 19% cpu@58.656C soc2@56.937C soc0@57.781C gpu@58.156C tj@59.375C soc1@59.375C VDD_IN 9476mW/9465mW VDD_CPU_GPU_CV 3230mW/3232mW VDD_SOC 2703mW/2707mW
08-04-2026 16:44:23 RAM 3874/7620MB (lfb 1x1MB) SWAP 2214/12002MB (cached 117MB) CPU [0%@1728,8%@1728,100%@1728,0%@1728,9%@1728,20%@1728] GR3D_FREQ 19% cpu@58.656C soc2@57.031C soc0@58C gpu@58.125C tj@59.156C soc1@59.156C VDD_IN 9476mW/9465mW VDD_CPU_GPU_CV 3230mW/3232mW VDD_SOC 2703mW/2707mW
08-04-2026 16:44:23 RAM 3874/7620MB (lfb 1x1MB) SWAP 2214/12002MB (cached 117MB) CPU [0%@1728,0%@1728,100%@1728,0%@1728,0%@1728,0%@1728] GR3D_FREQ 19% cpu@58.875C soc2@56.906C soc0@57.75C gpu@58.187C tj@59.125C soc1@59.125C VDD_IN 9435mW/9465mW VDD_CPU_GPU_CV 3230mW/3232mW VDD_SOC 2703mW/2707mW
08-04-2026 16:44:23 RAM 3874/7620MB (lfb 1x1MB) SWAP 2214/12002MB (cached 117MB) CPU [0%@1728,0%@1728,100%@1728,0%@1728,0%@1728,0%@1728] GR3D_FREQ 19% cpu@58.5C soc2@56.968C soc0@57.75C gpu@58.093C tj@59.218C soc1@59.218C VDD_IN 9435mW/9465mW VDD_CPU_GPU_CV 3230mW/3232mW VDD_SOC 2703mW/2707mW
08-04-2026 16:44:23 RAM 3874/7620MB (lfb 1x1MB) SWAP 2214/12002MB (cached 117MB) CPU [9%@1728,0%@1728,100%@1728,0%@1728,0%@1728,0%@1728] GR3D_FREQ 19% cpu@58.687C soc2@57C soc0@57.843C gpu@58.062C tj@59.343C soc1@59.343C VDD_IN 9435mW/9465mW VDD_CPU_GPU_CV 3230mW/3232mW VDD_SOC 2703mW/2707mW
08-04-2026 16:44:23 RAM 3874/7620MB (lfb 1x1MB) SWAP 2214/12002MB (cached 117MB) CPU [0%@1728,0%@1728,100%@1728,0%@1728,0%@1728,0%@1728] GR3D_FREQ 19% cpu@58.75C soc2@57.031C soc0@57.875C gpu@58.093C tj@59.343C soc1@59.343C VDD_IN 9476mW/9465mW VDD_CPU_GPU_CV 3230mW/3232mW VDD_SOC 2703mW/2707mW
08-04-2026 16:44:23 RAM 3874/7620MB (lfb 1x1MB) SWAP 2214/12002MB (cached 117MB) CPU [0%@1728,0%@1728,100%@1728,0%@1728,0%@1728,0%@1728] GR3D_FREQ 19% cpu@58.812C soc2@57.125C soc0@57.656C gpu@58.062C tj@59.093C soc1@59.093C VDD_IN 9476mW/9465mW VDD_CPU_GPU_CV 3189mW/3232mW VDD_SOC 2703mW/2707mW
08-04-2026 16:44:23 RAM 3874/7620MB (lfb 1x1MB) SWAP 2214/12002MB (cached 117MB) CPU [0%@1728,0%@1728,100%@1728,9%@1728,0%@1728,0%@1728] GR3D_FREQ 19% cpu@59.031C soc2@56.906C soc0@57.75C gpu@58.156C tj@59.156C soc1@59.156C VDD_IN 9476mW/9465mW VDD_CPU_GPU_CV 3230mW/3232mW VDD_SOC 2703mW/2707mW
08-04-2026 16:44:23 RAM 3874/7620MB (lfb 1x1MB) SWAP 2214/12002MB (cached 117MB) CPU [8%@1728,9%@1728,100%@1728,0%@1728,0%@1728,9%@1728] GR3D_FREQ 19% cpu@58.687C soc2@56.937C soc0@57.75C gpu@58.156C tj@59.281C soc1@59.281C VDD_IN 9476mW/9465mW VDD_CPU_GPU_CV 3230mW/3232mW VDD_SOC 2703mW/2707mW
08-04-2026 16:44:23 RAM 3874/7620MB (lfb 1x1MB) SWAP 2214/12002MB (cached 117MB) CPU [0%@1728,0%@1728,100%@1728,0%@1728,9%@1728,0%@1728] GR3D_FREQ 18% cpu@58.75C soc2@57C soc0@57.906C gpu@58.187C tj@59.281C soc1@59.281C VDD_IN 9517mW/9465mW VDD_CPU_GPU_CV 3230mW/3232mW VDD_SOC 2703mW/2707mW
08-04-2026 16:44:24 RAM 3874/7620MB (lfb 1x1MB) SWAP 2214/12002MB (cached 117MB) CPU [8%@1728,0%@1728,100%@1728,0%@1728,0%@1728,0%@1728] GR3D_FREQ 20% cpu@58.75C soc2@57.031C soc0@57.75C gpu@58C tj@59.062C soc1@59.062C VDD_IN 9476mW/9465mW VDD_CPU_GPU_CV 3230mW/3232mW VDD_SOC 2703mW/2707mW
08-04-2026 16:44:24 RAM 3874/7620MB (lfb 1x1MB) SWAP 2214/12002MB (cached 117MB) CPU [0%@1728,8%@1728,100%@1728,0%@1728,0%@1728,0%@1728] GR3D_FREQ 20% cpu@58.906C soc2@56.937C soc0@57.718C gpu@58.187C tj@59.25C soc1@59.25C VDD_IN 9476mW/9465mW VDD_CPU_GPU_CV 3230mW/3232mW VDD_SOC 2703mW/2707mW
08-04-2026 16:44:24 RAM 3874/7620MB (lfb 1x1MB) SWAP 2214/12002MB (cached 117MB) CPU [0%@1728,0%@1728,100%@1728,0%@1728,0%@1728,0%@1728] GR3D_FREQ 20% cpu@58.593C soc2@57C soc0@57.75C gpu@58.062C tj@59.218C soc1@59.218C VDD_IN 9476mW/9465mW VDD_CPU_GPU_CV 3189mW/3232mW VDD_SOC 2703mW/2707mW
08-04-2026 16:44:24 RAM 3874/7620MB (lfb 1x1MB) SWAP 2214/12002MB (cached 117MB) CPU [0%@1728,0%@1728,100%@1728,0%@1728,0%@1728,0%@1728] GR3D_FREQ 22% cpu@58.718C soc2@57.031C soc0@57.843C gpu@58.562C tj@59.25C soc1@59.25C VDD_IN 9476mW/9465mW VDD_CPU_GPU_CV 3230mW/3232mW VDD_SOC 2703mW/2707mW
08-04-2026 16:44:24 RAM 3866/7620MB (lfb 1x1MB) SWAP 2214/12002MB (cached 117MB) CPU [10%@1728,9%@1728,100%@1728,10%@1728,0%@1728,20%@1728] GR3D_FREQ 19% cpu@58.75C soc2@57C soc0@57.687C gpu@58.468C tj@59.093C soc1@59.093C VDD_IN 9517mW/9465mW VDD_CPU_GPU_CV 3271mW/3232mW VDD_SOC 2703mW/2707mW
08-04-2026 16:44:24 RAM 3866/7620MB (lfb 1x1MB) SWAP 2214/12002MB (cached 117MB) CPU [0%@1728,9%@1728,100%@1728,0%@1728,0%@1728,9%@1728] GR3D_FREQ 22% cpu@58.75C soc2@56.968C soc0@57.75C gpu@58.093C tj@59.218C soc1@59.218C VDD_IN 9558mW/9465mW VDD_CPU_GPU_CV 3271mW/3232mW VDD_SOC 2744mW/2707mW
08-04-2026 16:44:24 RAM 3866/7620MB (lfb 1x1MB) SWAP 2214/12002MB (cached 117MB) CPU [0%@1728,0%@1728,100%@1728,0%@1728,0%@1728,0%@1728] GR3D_FREQ 19% cpu@58.593C soc2@57.031C soc0@57.75C gpu@58.625C tj@59.25C soc1@59.25C VDD_IN 9517mW/9465mW VDD_CPU_GPU_CV 3230mW/3232mW VDD_SOC 2703mW/2707mW
08-04-2026 16:44:24 RAM 3866/7620MB (lfb 1x1MB) SWAP 2214/12002MB (cached 117MB) CPU [0%@1728,0%@1728,100%@1728,0%@1728,0%@1728,0%@1728] GR3D_FREQ 22% cpu@58.718C soc2@57.062C soc0@57.75C gpu@58.375C tj@59.343C soc1@59.343C VDD_IN 9517mW/9466mW VDD_CPU_GPU_CV 3230mW/3232mW VDD_SOC 2703mW/2707mW
08-04-2026 16:44:24 RAM 3866/7620MB (lfb 1x1MB) SWAP 2214/12002MB (cached 117MB) CPU [0%@1728,0%@1728,100%@1728,0%@1728,0%@1728,0%@1728] GR3D_FREQ 19% cpu@58.75C soc2@57.093C soc0@57.781C gpu@58.218C tj@59.125C soc1@59.125C VDD_IN 9517mW/9466mW VDD_CPU_GPU_CV 3230mW/3232mW VDD_SOC 2703mW/2707mW
08-04-2026 16:44:25 RAM 3866/7620MB (lfb 1x1MB) SWAP 2214/12002MB (cached 117MB) CPU [9%@1728,0%@1728,100%@1728,0%@1728,0%@1728,0%@1728] GR3D_FREQ 23% cpu@58.812C soc2@56.875C soc0@57.781C gpu@58.562C tj@59.187C soc1@59.187C VDD_IN 9517mW/9466mW VDD_CPU_GPU_CV 3230mW/3232mW VDD_SOC 2703mW/2707mW
08-04-2026 16:44:25 RAM 3866/7620MB (lfb 1x1MB) SWAP 2214/12002MB (cached 117MB) CPU [0%@1728,0%@1728,100%@1728,16%@1728,0%@1728,0%@1728] GR3D_FREQ 19% cpu@58.718C soc2@56.968C soc0@57.75C gpu@58.437C tj@59.25C soc1@59.25C VDD_IN 9517mW/9466mW VDD_CPU_GPU_CV 3230mW/3232mW VDD_SOC 2703mW/2707mW
08-04-2026 16:44:25 RAM 3866/7620MB (lfb 1x1MB) SWAP 2214/12002MB (cached 117MB) CPU [0%@1728,0%@1728,100%@1728,0%@1728,0%@1728,0%@1728] GR3D_FREQ 23% cpu@58.625C soc2@57.125C soc0@57.75C gpu@58.281C tj@59.312C soc1@59.312C VDD_IN 9517mW/9466mW VDD_CPU_GPU_CV 3230mW/3232mW VDD_SOC 2703mW/2707mW
08-04-2026 16:44:25 RAM 3866/7620MB (lfb 1x1MB) SWAP 2214/12002MB (cached 117MB) CPU [0%@1728,0%@1728,100%@1728,0%@1728,0%@1728,0%@1728] GR3D_FREQ 19% cpu@58.781C soc2@57.031C soc0@57.937C gpu@58.593C tj@59.156C soc1@59.156C VDD_IN 9476mW/9466mW VDD_CPU_GPU_CV 3230mW/3232mW VDD_SOC 2703mW/2707mW
08-04-2026 16:44:25 RAM 3866/7620MB (lfb 1x1MB) SWAP 2214/12002MB (cached 117MB) CPU [0%@1728,0%@1728,100%@1728,0%@1728,0%@1728,0%@1728] GR3D_FREQ 23% cpu@58.687C soc2@56.906C soc0@57.75C gpu@58.312C tj@59.125C soc1@59.125C VDD_IN 9476mW/9466mW VDD_CPU_GPU_CV 3230mW/3232mW VDD_SOC 2703mW/2707mW
08-04-2026 16:44:25 RAM 3866/7620MB (lfb 1x1MB) SWAP 2214/12002MB (cached 117MB) CPU [9%@1728,0%@1728,100%@1728,8%@1728,0%@1728,0%@1728] GR3D_FREQ 19% cpu@58.531C soc2@56.937C soc0@57.781C gpu@58.312C tj@59.218C soc1@59.218C VDD_IN 9435mW/9466mW VDD_CPU_GPU_CV 3271mW/3232mW VDD_SOC 2703mW/2707mW
08-04-2026 16:44:25 RAM 3866/7620MB (lfb 1x1MB) SWAP 2214/12002MB (cached 117MB) CPU [0%@1728,0%@1728,100%@1728,0%@1728,9%@1728,0%@1728] GR3D_FREQ 22% cpu@58.718C soc2@57C soc0@57.843C gpu@58.5C tj@59.406C soc1@59.406C VDD_IN 9476mW/9466mW VDD_CPU_GPU_CV 3271mW/3232mW VDD_SOC 2703mW/2707mW
08-04-2026 16:44:25 RAM 3866/7620MB (lfb 1x1MB) SWAP 2214/12002MB (cached 117MB) CPU [0%@1728,0%@1728,100%@1728,0%@1728,0%@1728,0%@1728] GR3D_FREQ 20% cpu@58.781C soc2@57C soc0@57.937C gpu@58.312C tj@59.125C soc1@59.125C VDD_IN 9476mW/9466mW VDD_CPU_GPU_CV 3230mW/3232mW VDD_SOC 2703mW/2707mW
08-04-2026 16:44:25 RAM 3866/7620MB (lfb 1x1MB) SWAP 2214/12002MB (cached 117MB) CPU [0%@1728,0%@1728,100%@1728,0%@1728,0%@1728,0%@1728] GR3D_FREQ 22% cpu@58.687C soc2@56.968C soc0@57.718C gpu@58.25C tj@59.125C soc1@59.125C VDD_IN 9476mW/9466mW VDD_CPU_GPU_CV 3230mW/3232mW VDD_SOC 2703mW/2707mW
08-04-2026 16:44:25 RAM 3866/7620MB (lfb 1x1MB) SWAP 2214/12002MB (cached 117MB) CPU [0%@1728,0%@1728,100%@1728,0%@1728,0%@1728,0%@1728] GR3D_FREQ 19% cpu@58.562C soc2@56.937C soc0@57.812C gpu@58.5C tj@59.187C soc1@59.187C VDD_IN 9476mW/9466mW VDD_CPU_GPU_CV 3230mW/3232mW VDD_SOC 2703mW/2707mW
08-04-2026 16:44:26 RAM 3866/7620MB (lfb 1x1MB) SWAP 2214/12002MB (cached 117MB) CPU [0%@1728,0%@1728,100%@1728,0%@1728,0%@1728,0%@1728] GR3D_FREQ 23% cpu@58.531C soc2@56.968C soc0@57.812C gpu@58.406C tj@59.406C soc1@59.406C VDD_IN 9435mW/9466mW VDD_CPU_GPU_CV 3230mW/3232mW VDD_SOC 2703mW/2707mW
08-04-2026 16:44:26 RAM 3866/7620MB (lfb 1x1MB) SWAP 2214/12002MB (cached 117MB) CPU [0%@1728,0%@1728,100%@1728,0%@1728,0%@1728,0%@1728] GR3D_FREQ 20% cpu@58.718C soc2@57.093C soc0@57.875C gpu@58.312C tj@59.343C soc1@59.062C VDD_IN 9476mW/9466mW VDD_CPU_GPU_CV 3230mW/3232mW VDD_SOC 2703mW/2707mW
08-04-2026 16:44:26 RAM 3866/7620MB (lfb 1x1MB) SWAP 2214/12002MB (cached 117MB) CPU [0%@1728,0%@1728,100%@1728,0%@1728,0%@1728,0%@1728] GR3D_FREQ 20% cpu@58.625C soc2@57.031C soc0@57.687C gpu@58.437C tj@59.062C soc1@59.062C VDD_IN 9476mW/9466mW VDD_CPU_GPU_CV 3230mW/3232mW VDD_SOC 2703mW/2707mW
08-04-2026 16:44:26 RAM 3866/7620MB (lfb 1x1MB) SWAP 2214/12002MB (cached 117MB) CPU [0%@1728,0%@1728,100%@1728,0%@1728,0%@1728,0%@1728] GR3D_FREQ 19% cpu@58.656C soc2@57C soc0@57.718C gpu@58.375C tj@59.25C soc1@59.25C VDD_IN 9435mW/9466mW VDD_CPU_GPU_CV 3230mW/3232mW VDD_SOC 2703mW/2707mW
08-04-2026 16:44:26 RAM 3866/7620MB (lfb 1x1MB) SWAP 2214/12002MB (cached 117MB) CPU [9%@1728,0%@1728,91%@1728,0%@1728,0%@1728,0%@1728] GR3D_FREQ 20% cpu@58.593C soc2@56.937C soc0@57.656C gpu@58.281C tj@59.312C soc1@59.312C VDD_IN 9476mW/9466mW VDD_CPU_GPU_CV 3230mW/3232mW VDD_SOC 2703mW/2706mW
08-04-2026 16:44:26 RAM 3866/7620MB (lfb 1x1MB) SWAP 2214/12002MB (cached 117MB) CPU [0%@1728,0%@1728,100%@1728,9%@1728,0%@1728,0%@1728] GR3D_FREQ 19% cpu@58.656C soc2@56.968C soc0@57.812C gpu@58.468C tj@59.343C soc1@59.343C VDD_IN 9435mW/9466mW VDD_CPU_GPU_CV 3230mW/3232mW VDD_SOC 2703mW/2706mW
08-04-2026 16:44:26 RAM 3866/7620MB (lfb 1x1MB) SWAP 2214/12002MB (cached 117MB) CPU [8%@1728,0%@1728,100%@1728,0%@1728,0%@1728,0%@1728] GR3D_FREQ 20% cpu@58.656C soc2@57.093C soc0@57.656C gpu@58.343C tj@59.156C soc1@59.156C VDD_IN 9435mW/9466mW VDD_CPU_GPU_CV 3230mW/3232mW VDD_SOC 2703mW/2706mW
08-04-2026 16:44:26 RAM 3866/7620MB (lfb 1x1MB) SWAP 2214/12002MB (cached 117MB) CPU [0%@1728,0%@1728,100%@1728,0%@1728,9%@1728,0%@1728] GR3D_FREQ 19% cpu@58.562C soc2@57C soc0@57.656C gpu@58.218C tj@59.187C soc1@59.187C VDD_IN 9435mW/9466mW VDD_CPU_GPU_CV 3230mW/3232mW VDD_SOC 2703mW/2706mW
08-04-2026 16:44:26 RAM 3866/7620MB (lfb 1x1MB) SWAP 2214/12002MB (cached 117MB) CPU [0%@1728,0%@1728,100%@1728,0%@1728,0%@1728,0%@1728] GR3D_FREQ 22% cpu@58.531C soc2@57C soc0@57.687C gpu@58.093C tj@59.281C soc1@59.281C VDD_IN 9476mW/9466mW VDD_CPU_GPU_CV 3230mW/3232mW VDD_SOC 2703mW/2706mW
08-04-2026 16:44:27 RAM 3866/7620MB (lfb 1x1MB) SWAP 2214/12002MB (cached 117MB) CPU [0%@1728,0%@1728,100%@1728,0%@1728,0%@1728,0%@1728] GR3D_FREQ 19% cpu@58.593C soc2@57.062C soc0@57.875C gpu@58.25C tj@59.406C soc1@59.406C VDD_IN 9476mW/9466mW VDD_CPU_GPU_CV 3230mW/3232mW VDD_SOC 2703mW/2706mW
08-04-2026 16:44:27 RAM 3866/7620MB (lfb 1x1MB) SWAP 2214/12002MB (cached 117MB) CPU [0%@1728,0%@1728,100%@1728,0%@1728,0%@1728,0%@1728] GR3D_FREQ 22% cpu@58.656C soc2@57.062C soc0@57.75C gpu@58.125C tj@59.031C soc1@59.031C VDD_IN 9476mW/9466mW VDD_CPU_GPU_CV 3230mW/3232mW VDD_SOC 2703mW/2706mW
08-04-2026 16:44:27 RAM 3866/7620MB (lfb 1x1MB) SWAP 2214/12002MB (cached 117MB) CPU [0%@1728,0%@1728,100%@1728,0%@1728,0%@1728,0%@1728] GR3D_FREQ 19% cpu@58.562C soc2@56.968C soc0@57.718C gpu@58.062C tj@59.062C soc1@59.062C VDD_IN 9476mW/9466mW VDD_CPU_GPU_CV 3189mW/3232mW VDD_SOC 2703mW/2706mW
08-04-2026 16:44:27 RAM 3866/7620MB (lfb 1x1MB) SWAP 2214/12002MB (cached 117MB) CPU [8%@1728,0%@1728,100%@1728,0%@1728,0%@1728,0%@1728] GR3D_FREQ 22% cpu@58.562C soc2@56.937C soc0@57.75C gpu@58.25C tj@59.281C soc1@59.281C VDD_IN 9476mW/9466mW VDD_CPU_GPU_CV 3189mW/3232mW VDD_SOC 2703mW/2706mW
08-04-2026 16:44:27 RAM 3866/7620MB (lfb 1x1MB) SWAP 2214/12002MB (cached 117MB) CPU [0%@1728,0%@1728,100%@1728,0%@1728,0%@1728,0%@1728] GR3D_FREQ 20% cpu@58.593C soc2@57C soc0@57.781C gpu@58.093C tj@59.343C soc1@59.343C VDD_IN 9476mW/9466mW VDD_CPU_GPU_CV 3189mW/3232mW VDD_SOC 2703mW/2706mW
08-04-2026 16:44:27 RAM 3866/7620MB (lfb 1x1MB) SWAP 2214/12002MB (cached 117MB) CPU [0%@1728,0%@1728,100%@1728,0%@1728,0%@1728,0%@1728] GR3D_FREQ 23% cpu@58.687C soc2@57.156C soc0@57.968C gpu@58.156C tj@59.437C soc1@59.437C VDD_IN 9476mW/9466mW VDD_CPU_GPU_CV 3189mW/3232mW VDD_SOC 2703mW/2706mW
08-04-2026 16:44:27 RAM 3866/7620MB (lfb 1x1MB) SWAP 2214/12002MB (cached 117MB) CPU [0%@1728,0%@1728,100%@1728,0%@1728,9%@1728,0%@1728] GR3D_FREQ 19% cpu@58.437C soc2@56.968C soc0@57.656C gpu@58.218C tj@59.187C soc1@59.187C VDD_IN 9476mW/9466mW VDD_CPU_GPU_CV 3189mW/3232mW VDD_SOC 2703mW/2706mW
08-04-2026 16:44:27 RAM 3867/7620MB (lfb 1x1MB) SWAP 2214/12002MB (cached 117MB) CPU [16%@1728,27%@1728,100%@1728,0%@1728,0%@1728,0%@1728] GR3D_FREQ 24% cpu@58.562C soc2@56.906C soc0@57.75C gpu@58.125C tj@59.25C soc1@59.25C VDD_IN 9558mW/9466mW VDD_CPU_GPU_CV 3271mW/3232mW VDD_SOC 2744mW/2706mW
08-04-2026 16:44:27 RAM 3867/7620MB (lfb 1x1MB) SWAP 2214/12002MB (cached 117MB) CPU [0%@1728,0%@1728,100%@1728,0%@1728,0%@1728,0%@1728] GR3D_FREQ 19% cpu@58.593C soc2@57.031C soc0@57.812C gpu@58.093C tj@59.343C soc1@59.343C VDD_IN 9558mW/9466mW VDD_CPU_GPU_CV 3271mW/3232mW VDD_SOC 2703mW/2706mW
08-04-2026 16:44:27 RAM 3867/7620MB (lfb 1x1MB) SWAP 2214/12002MB (cached 117MB) CPU [0%@1728,0%@1728,100%@1728,0%@1728,0%@1728,0%@1728] GR3D_FREQ 23% cpu@58.625C soc2@57.125C soc0@57.937C gpu@58.25C tj@59.406C soc1@59.406C VDD_IN 9558mW/9467mW VDD_CPU_GPU_CV 3230mW/3232mW VDD_SOC 2744mW/2707mW
08-04-2026 16:44:28 RAM 3867/7620MB (lfb 1x1MB) SWAP 2214/12002MB (cached 117MB) CPU [0%@1728,9%@1728,100%@1728,0%@1728,0%@1728,0%@1728] GR3D_FREQ 19% cpu@58.593C soc2@56.968C soc0@57.75C gpu@58.187C tj@59.125C soc1@59.125C VDD_IN 9517mW/9467mW VDD_CPU_GPU_CV 3230mW/3232mW VDD_SOC 2703mW/2707mW
08-04-2026 16:44:28 RAM 3867/7620MB (lfb 1x1MB) SWAP 2214/12002MB (cached 117MB) CPU [0%@1728,0%@1728,100%@1728,0%@1728,0%@1728,0%@1728] GR3D_FREQ 22% cpu@58.593C soc2@56.968C soc0@57.687C gpu@58.125C tj@59.187C soc1@59.187C VDD_IN 9517mW/9467mW VDD_CPU_GPU_CV 3230mW/3232mW VDD_SOC 2744mW/2707mW
08-04-2026 16:44:28 RAM 3867/7620MB (lfb 1x1MB) SWAP 2214/12002MB (cached 117MB) CPU [0%@1728,0%@1728,100%@1728,0%@1728,0%@1728,0%@1728] GR3D_FREQ 19% cpu@58.625C soc2@56.937C soc0@57.906C gpu@58.5C tj@59.312C soc1@59.312C VDD_IN 9476mW/9467mW VDD_CPU_GPU_CV 3230mW/3232mW VDD_SOC 2703mW/2707mW
08-04-2026 16:44:28 RAM 3867/7620MB (lfb 1x1MB) SWAP 2214/12002MB (cached 117MB) CPU [9%@1728,0%@1728,100%@1728,0%@1728,0%@1728,0%@1728] GR3D_FREQ 23% cpu@58.625C soc2@57.031C soc0@58C gpu@58.156C tj@59.375C soc1@59.375C VDD_IN 9476mW/9467mW VDD_CPU_GPU_CV 3230mW/3232mW VDD_SOC 2703mW/2707mW
08-04-2026 16:44:28 RAM 3867/7620MB (lfb 1x1MB) SWAP 2214/12002MB (cached 117MB) CPU [0%@1728,0%@1728,100%@1728,25%@1728,0%@1728,0%@1728] GR3D_FREQ 20% cpu@58.625C soc2@56.937C soc0@57.687C gpu@58.156C tj@59.125C soc1@59.125C VDD_IN 9476mW/9467mW VDD_CPU_GPU_CV 3230mW/3232mW VDD_SOC 2703mW/2707mW
08-04-2026 16:44:28 RAM 3867/7620MB (lfb 1x1MB) SWAP 2214/12002MB (cached 117MB) CPU [0%@1728,0%@1728,100%@1728,0%@1728,9%@1728,0%@1728] GR3D_FREQ 20% cpu@58.437C soc2@56.968C soc0@57.718C gpu@58.531C tj@59.125C soc1@59.125C VDD_IN 9476mW/9467mW VDD_CPU_GPU_CV 3271mW/3232mW VDD_SOC 2703mW/2707mW
08-04-2026 16:44:28 RAM 3867/7620MB (lfb 1x1MB) SWAP 2214/12002MB (cached 117MB) CPU [0%@1728,0%@1728,100%@1728,0%@1728,0%@1728,9%@1728] GR3D_FREQ 19% cpu@58.593C soc2@56.906C soc0@57.718C gpu@58.187C tj@59.281C soc1@59.281C VDD_IN 9476mW/9467mW VDD_CPU_GPU_CV 3230mW/3232mW VDD_SOC 2703mW/2707mW
08-04-2026 16:44:28 RAM 3867/7620MB (lfb 1x1MB) SWAP 2214/12002MB (cached 117MB) CPU [0%@1728,0%@1728,100%@1728,0%@1728,0%@1728,0%@1728] GR3D_FREQ 20% cpu@58.625C soc2@56.937C soc0@57.875C gpu@58.093C tj@59.343C soc1@59.093C VDD_IN 9476mW/9467mW VDD_CPU_GPU_CV 3230mW/3232mW VDD_SOC 2703mW/2707mW
08-04-2026 16:44:28 RAM 3867/7620MB (lfb 1x1MB) SWAP 2214/12002MB (cached 117MB) CPU [9%@1728,0%@1728,100%@1728,0%@1728,0%@1728,0%@1728] GR3D_FREQ 19% cpu@59C soc2@56.968C soc0@57.687C gpu@58.406C tj@59.125C soc1@59.125C VDD_IN 9476mW/9467mW VDD_CPU_GPU_CV 3230mW/3232mW VDD_SOC 2703mW/2707mW
08-04-2026 16:44:29 RAM 3867/7620MB (lfb 1x1MB) SWAP 2214/12002MB (cached 117MB) CPU [0%@1728,8%@1728,100%@1728,0%@1728,0%@1728,0%@1728] GR3D_FREQ 19% cpu@58.531C soc2@56.937C soc0@57.687C gpu@58.093C tj@59.093C soc1@59.093C VDD_IN 9517mW/9467mW VDD_CPU_GPU_CV 3230mW/3232mW VDD_SOC 2703mW/2707mW
08-04-2026 16:44:29 RAM 3867/7620MB (lfb 1x1MB) SWAP 2214/12002MB (cached 117MB) CPU [9%@1728,0%@1728,100%@1728,0%@1728,0%@1728,0%@1728] GR3D_FREQ 20% cpu@58.656C soc2@56.937C soc0@57.75C gpu@58.593C tj@59.312C soc1@59.312C VDD_IN 9476mW/9467mW VDD_CPU_GPU_CV 3230mW/3232mW VDD_SOC 2703mW/2707mW
08-04-2026 16:44:29 RAM 3867/7620MB (lfb 1x1MB) SWAP 2214/12002MB (cached 117MB) CPU [0%@1728,0%@1728,100%@1728,0%@1728,0%@1728,0%@1728] GR3D_FREQ 19% cpu@58.718C soc2@56.875C soc0@57.875C gpu@58.531C tj@59.406C soc1@59.406C VDD_IN 9476mW/9467mW VDD_CPU_GPU_CV 3230mW/3232mW VDD_SOC 2703mW/2707mW
08-04-2026 16:44:29 RAM 3867/7620MB (lfb 1x1MB) SWAP 2214/12002MB (cached 117MB) CPU [0%@1728,0%@1728,100%@1728,8%@1728,0%@1728,0%@1728] GR3D_FREQ 20% cpu@58.906C soc2@57C soc0@57.75C gpu@58.25C tj@59.093C soc1@59.093C VDD_IN 9476mW/9467mW VDD_CPU_GPU_CV 3230mW/3232mW VDD_SOC 2703mW/2707mW
08-04-2026 16:44:29 RAM 3867/7620MB (lfb 1x1MB) SWAP 2214/12002MB (cached 117MB) CPU [0%@1728,0%@1728,100%@1728,0%@1728,0%@1728,0%@1728] GR3D_FREQ 19% cpu@58.468C soc2@56.906C soc0@57.718C gpu@58.625C tj@59.093C soc1@59.093C VDD_IN 9476mW/9467mW VDD_CPU_GPU_CV 3230mW/3232mW VDD_SOC 2703mW/2707mW
08-04-2026 16:44:29 RAM 3867/7620MB (lfb 1x1MB) SWAP 2214/12002MB (cached 117MB) CPU [9%@1728,0%@1728,100%@1728,0%@1728,0%@1728,0%@1728] GR3D_FREQ 19% cpu@58.562C soc2@56.937C soc0@57.718C gpu@58.468C tj@59.218C soc1@59.218C VDD_IN 9476mW/9467mW VDD_CPU_GPU_CV 3230mW/3232mW VDD_SOC 2703mW/2707mW
08-04-2026 16:44:29 RAM 3867/7620MB (lfb 1x1MB) SWAP 2214/12002MB (cached 117MB) CPU [0%@1728,0%@1728,100%@1728,0%@1728,10%@1728,9%@1728] GR3D_FREQ 19% cpu@58.718C soc2@56.968C soc0@57.843C gpu@58.25C tj@59.375C soc1@59.375C VDD_IN 9476mW/9467mW VDD_CPU_GPU_CV 3271mW/3232mW VDD_SOC 2703mW/2707mW
08-04-2026 16:44:29 RAM 3867/7620MB (lfb 1x1MB) SWAP 2214/12002MB (cached 117MB) CPU [0%@1728,0%@1728,100%@1728,0%@1728,0%@1728,0%@1728] GR3D_FREQ 19% cpu@58.843C soc2@57.062C soc0@57.75C gpu@58.593C tj@59.125C soc1@59.125C VDD_IN 9476mW/9467mW VDD_CPU_GPU_CV 3230mW/3232mW VDD_SOC 2703mW/2707mW
08-04-2026 16:44:29 RAM 3867/7620MB (lfb 1x1MB) SWAP 2214/12002MB (cached 117MB) CPU [0%@1728,0%@1728,100%@1728,0%@1728,0%@1728,0%@1728] GR3D_FREQ 19% cpu@59C soc2@56.906C soc0@57.75C gpu@58.562C tj@59.156C soc1@59.156C VDD_IN 9435mW/9467mW VDD_CPU_GPU_CV 3271mW/3232mW VDD_SOC 2703mW/2707mW
08-04-2026 16:44:29 RAM 3867/7620MB (lfb 1x1MB) SWAP 2214/12002MB (cached 117MB) CPU [9%@1728,0%@1728,100%@1728,0%@1728,0%@1728,0%@1728] GR3D_FREQ 19% cpu@58.625C soc2@56.937C soc0@57.718C gpu@58.343C tj@59.187C soc1@59.187C VDD_IN 9435mW/9467mW VDD_CPU_GPU_CV 3230mW/3232mW VDD_SOC 2703mW/2707mW
08-04-2026 16:44:30 RAM 3867/7620MB (lfb 1x1MB) SWAP 2214/12002MB (cached 117MB) CPU [0%@1728,9%@1728,100%@1728,0%@1728,0%@1728,0%@1728] GR3D_FREQ 19% cpu@58.75C soc2@57C soc0@57.75C gpu@58.5C tj@59.375C soc1@59.375C VDD_IN 9435mW/9467mW VDD_CPU_GPU_CV 3230mW/3232mW VDD_SOC 2703mW/2707mW
08-04-2026 16:44:30 RAM 3867/7620MB (lfb 1x1MB) SWAP 2214/12002MB (cached 117MB) CPU [0%@1728,0%@1728,100%@1728,0%@1728,0%@1728,0%@1728] GR3D_FREQ 19% cpu@58.781C soc2@56.968C soc0@58C gpu@58.406C tj@59.468C soc1@59.468C VDD_IN 9435mW/9467mW VDD_CPU_GPU_CV 3230mW/3232mW VDD_SOC 2703mW/2706mW
08-04-2026 16:44:30 RAM 3867/7620MB (lfb 1x1MB) SWAP 2214/12002MB (cached 117MB) CPU [0%@1728,0%@1728,100%@1728,0%@1728,0%@1728,0%@1728] GR3D_FREQ 19% cpu@58.906C soc2@56.968C soc0@57.75C gpu@58.375C tj@59.187C soc1@59.187C VDD_IN 9394mW/9467mW VDD_CPU_GPU_CV 3230mW/3232mW VDD_SOC 2703mW/2706mW
08-04-2026 16:44:30 RAM 3867/7620MB (lfb 1x1MB) SWAP 2214/12002MB (cached 117MB) CPU [0%@1728,0%@1728,100%@1728,0%@1728,0%@1728,0%@1728] GR3D_FREQ 19% cpu@58.468C soc2@56.968C soc0@57.687C gpu@58.531C tj@59.156C soc1@59.156C VDD_IN 9435mW/9467mW VDD_CPU_GPU_CV 3230mW/3232mW VDD_SOC 2703mW/2706mW
08-04-2026 16:44:30 RAM 3867/7620MB (lfb 1x1MB) SWAP 2214/12002MB (cached 117MB) CPU [9%@1728,0%@1728,90%@1728,0%@1728,0%@1728,0%@1728] GR3D_FREQ 19% cpu@58.781C soc2@56.968C soc0@57.75C gpu@58.312C tj@59.281C soc1@59.281C VDD_IN 9435mW/9467mW VDD_CPU_GPU_CV 3230mW/3232mW VDD_SOC 2703mW/2706mW
08-04-2026 16:44:30 RAM 3867/7620MB (lfb 1x1MB) SWAP 2214/12002MB (cached 117MB) CPU [0%@1728,0%@1728,100%@1728,0%@1728,0%@1728,0%@1728] GR3D_FREQ 19% cpu@58.718C soc2@57.031C soc0@57.906C gpu@58.125C tj@59.343C soc1@59.343C VDD_IN 9435mW/9467mW VDD_CPU_GPU_CV 3230mW/3232mW VDD_SOC 2703mW/2706mW
08-04-2026 16:44:30 RAM 3867/7620MB (lfb 1x1MB) SWAP 2214/12002MB (cached 117MB) CPU [0%@1728,0%@1728,100%@1728,0%@1728,0%@1728,0%@1728] GR3D_FREQ 19% cpu@58.875C soc2@56.937C soc0@57.718C gpu@58.5C tj@59.156C soc1@59.156C VDD_IN 9435mW/9467mW VDD_CPU_GPU_CV 3230mW/3232mW VDD_SOC 2703mW/2706mW
08-04-2026 16:44:30 RAM 3867/7620MB (lfb 1x1MB) SWAP 2214/12002MB (cached 117MB) CPU [0%@1728,0%@1728,100%@1728,0%@1728,0%@1728,0%@1728] GR3D_FREQ 20% cpu@58.531C soc2@57C soc0@57.75C gpu@58.312C tj@59.187C soc1@59.187C VDD_IN 9435mW/9466mW VDD_CPU_GPU_CV 3230mW/3232mW VDD_SOC 2703mW/2706mW
08-04-2026 16:44:30 RAM 3867/7620MB (lfb 1x1MB) SWAP 2214/12002MB (cached 117MB) CPU [0%@1728,0%@1728,100%@1728,8%@1728,0%@1728,0%@1728] GR3D_FREQ 19% cpu@58.718C soc2@57.031C soc0@57.75C gpu@58.218C tj@59.25C soc1@59.25C VDD_IN 9435mW/9466mW VDD_CPU_GPU_CV 3230mW/3232mW VDD_SOC 2703mW/2706mW
08-04-2026 16:44:31 RAM 3871/7620MB (lfb 1x1MB) SWAP 2214/12002MB (cached 117MB) CPU [16%@1728,10%@1728,100%@1728,22%@1728,8%@1728,9%@1728] GR3D_FREQ 20% cpu@58.843C soc2@57.093C soc0@57.875C gpu@58.531C tj@59.343C soc1@59.343C VDD_IN 9517mW/9467mW VDD_CPU_GPU_CV 3271mW/3232mW VDD_SOC 2744mW/2707mW
08-04-2026 16:44:31 RAM 3871/7620MB (lfb 1x1MB) SWAP 2214/12002MB (cached 117MB) CPU [0%@1728,0%@1728,100%@1728,0%@1728,0%@1728,0%@1728] GR3D_FREQ 20% cpu@58.875C soc2@57.031C soc0@57.718C gpu@58.406C tj@59.062C soc1@59.062C VDD_IN 9517mW/9467mW VDD_CPU_GPU_CV 3271mW/3232mW VDD_SOC 2703mW/2707mW
08-04-2026 16:44:31 RAM 3871/7620MB (lfb 1x1MB) SWAP 2214/12002MB (cached 117MB) CPU [0%@1728,0%@1728,100%@1728,9%@1728,0%@1728,0%@1728] GR3D_FREQ 22% cpu@58.937C soc2@56.968C soc0@57.687C gpu@58.218C tj@59.125C soc1@59.125C VDD_IN 9517mW/9467mW VDD_CPU_GPU_CV 3271mW/3232mW VDD_SOC 2703mW/2707mW
08-04-2026 16:44:31 RAM 3871/7620MB (lfb 1x1MB) SWAP 2214/12002MB (cached 117MB) CPU [0%@1728,0%@1728,100%@1728,0%@1728,0%@1728,0%@1728] GR3D_FREQ 20% cpu@58.687C soc2@57C soc0@57.75C gpu@58.125C tj@59.281C soc1@59.281C VDD_IN 9476mW/9467mW VDD_CPU_GPU_CV 3271mW/3232mW VDD_SOC 2703mW/2707mW
08-04-2026 16:44:31 RAM 3871/7620MB (lfb 1x1MB) SWAP 2214/12002MB (cached 117MB) CPU [0%@1728,0%@1728,100%@1728,0%@1728,0%@1728,0%@1728] GR3D_FREQ 22% cpu@58.718C soc2@57.062C soc0@57.875C gpu@58.343C tj@59.343C soc1@59.343C VDD_IN 9476mW/9467mW VDD_CPU_GPU_CV 3230mW/3232mW VDD_SOC 2703mW/2706mW
08-04-2026 16:44:31 RAM 3871/7620MB (lfb 1x1MB) SWAP 2214/12002MB (cached 117MB) CPU [0%@1728,0%@1728,100%@1728,0%@1728,0%@1728,9%@1728] GR3D_FREQ 19% cpu@58.812C soc2@57.031C soc0@57.656C gpu@58.218C tj@59.125C soc1@59.125C VDD_IN 9476mW/9467mW VDD_CPU_GPU_CV 3271mW/3232mW VDD_SOC 2703mW/2706mW
08-04-2026 16:44:31 RAM 3871/7620MB (lfb 1x1MB) SWAP 2214/12002MB (cached 117MB) CPU [0%@1728,0%@1728,100%@1728,0%@1728,0%@1728,9%@1728] GR3D_FREQ 22% cpu@58.937C soc2@56.968C soc0@57.687C gpu@58.218C tj@59.187C soc1@59.187C VDD_IN 9476mW/9467mW VDD_CPU_GPU_CV 3271mW/3232mW VDD_SOC 2703mW/2706mW
08-04-2026 16:44:31 RAM 3871/7620MB (lfb 1x1MB) SWAP 2214/12002MB (cached 117MB) CPU [9%@1728,0%@1728,100%@1728,0%@1728,0%@1728,0%@1728] GR3D_FREQ 19% cpu@58.656C soc2@56.937C soc0@57.781C gpu@58.312C tj@59.218C soc1@59.218C VDD_IN 9435mW/9467mW VDD_CPU_GPU_CV 3271mW/3232mW VDD_SOC 2703mW/2706mW
08-04-2026 16:44:31 RAM 3871/7620MB (lfb 1x1MB) SWAP 2214/12002MB (cached 117MB) CPU [0%@1728,8%@1728,100%@1728,0%@1728,0%@1728,0%@1728] GR3D_FREQ 22% cpu@58.718C soc2@57C soc0@57.812C gpu@58.187C tj@59.156C soc1@59.156C VDD_IN 9476mW/9467mW VDD_CPU_GPU_CV 3271mW/3233mW VDD_SOC 2703mW/2706mW
08-04-2026 16:44:31 RAM 3871/7620MB (lfb 1x1MB) SWAP 2214/12002MB (cached 117MB) CPU [0%@1728,0%@1728,100%@1728,8%@1728,0%@1728,9%@1728] GR3D_FREQ 19% cpu@58.718C soc2@57C soc0@57.75C gpu@58.062C tj@59.093C soc1@59.093C VDD_IN 9476mW/9467mW VDD_CPU_GPU_CV 3271mW/3233mW VDD_SOC 2703mW/2706mW
08-04-2026 16:44:32 RAM 3871/7620MB (lfb 1x1MB) SWAP 2214/12002MB (cached 117MB) CPU [0%@1728,0%@1728,100%@1728,0%@1728,0%@1728,0%@1728] GR3D_FREQ 23% cpu@58.812C soc2@57.031C soc0@57.687C gpu@58.312C tj@59.187C soc1@59.187C VDD_IN 9476mW/9467mW VDD_CPU_GPU_CV 3230mW/3233mW VDD_SOC 2703mW/2706mW
08-04-2026 16:44:32 RAM 3871/7620MB (lfb 1x1MB) SWAP 2214/12002MB (cached 117MB) CPU [0%@1728,0%@1728,100%@1728,0%@1728,9%@1728,0%@1728] GR3D_FREQ 19% cpu@58.625C soc2@56.968C soc0@57.843C gpu@58.156C tj@59.187C soc1@59.25C VDD_IN 9476mW/9467mW VDD_CPU_GPU_CV 3230mW/3233mW VDD_SOC 2703mW/2706mW
08-04-2026 16:44:32 RAM 3871/7620MB (lfb 1x1MB) SWAP 2214/12002MB (cached 117MB) CPU [0%@1728,0%@1728,100%@1728,0%@1728,0%@1728,0%@1728] GR3D_FREQ 23% cpu@58.656C soc2@57.031C soc0@57.843C gpu@58.093C tj@59.25C soc1@59.25C VDD_IN 9476mW/9467mW VDD_CPU_GPU_CV 3230mW/3233mW VDD_SOC 2703mW/2706mW
08-04-2026 16:44:32 RAM 3871/7620MB (lfb 1x1MB) SWAP 2214/12002MB (cached 117MB) CPU [0%@1728,0%@1728,100%@1728,0%@1728,0%@1728,0%@1728] GR3D_FREQ 19% cpu@58.75C soc2@57.062C soc0@57.75C gpu@58.25C tj@59.156C soc1@59.156C VDD_IN 9476mW/9467mW VDD_CPU_GPU_CV 3230mW/3233mW VDD_SOC 2703mW/2706mW
08-04-2026 16:44:32 RAM 3871/7620MB (lfb 1x1MB) SWAP 2214/12002MB (cached 117MB) CPU [0%@1728,0%@1728,100%@1728,9%@1728,0%@1728,0%@1728] GR3D_FREQ 24% cpu@58.75C soc2@56.968C soc0@57.718C gpu@58.25C tj@59.187C soc1@59.187C VDD_IN 9476mW/9467mW VDD_CPU_GPU_CV 3230mW/3233mW VDD_SOC 2703mW/2706mW
08-04-2026 16:44:32 RAM 3871/7620MB (lfb 1x1MB) SWAP 2214/12002MB (cached 117MB) CPU [0%@1728,0%@1728,100%@1728,0%@1728,0%@1728,9%@1728] GR3D_FREQ 19% cpu@58.625C soc2@57C soc0@57.75C gpu@58.125C tj@59.156C soc1@59.218C VDD_IN 9476mW/9467mW VDD_CPU_GPU_CV 3230mW/3233mW VDD_SOC 2703mW/2706mW
08-04-2026 16:44:32 RAM 3871/7620MB (lfb 1x1MB) SWAP 2214/12002MB (cached 117MB) CPU [0%@1728,0%@1728,100%@1728,0%@1728,0%@1728,0%@1728] GR3D_FREQ 23% cpu@58.625C soc2@56.968C soc0@57.812C gpu@58.343C tj@59.25C soc1@59.25C VDD_IN 9476mW/9467mW VDD_CPU_GPU_CV 3230mW/3233mW VDD_SOC 2703mW/2706mW
08-04-2026 16:44:32 RAM 3871/7620MB (lfb 1x1MB) SWAP 2214/12002MB (cached 117MB) CPU [0%@1728,0%@1728,100%@1728,0%@1728,0%@1728,0%@1728] GR3D_FREQ 19% cpu@58.656C soc2@57.062C soc0@57.968C gpu@58.25C tj@59.406C soc1@59.406C VDD_IN 9476mW/9467mW VDD_CPU_GPU_CV 3230mW/3233mW VDD_SOC 2703mW/2706mW
08-04-2026 16:44:32 RAM 3871/7620MB (lfb 1x1MB) SWAP 2214/12002MB (cached 117MB) CPU [0%@1728,0%@1728,100%@1728,9%@1728,0%@1728,8%@1728] GR3D_FREQ 22% cpu@58.687C soc2@56.906C soc0@57.75C gpu@58.125C tj@59.156C soc1@59.156C VDD_IN 9476mW/9467mW VDD_CPU_GPU_CV 3230mW/3233mW VDD_SOC 2703mW/2706mW
08-04-2026 16:44:33 RAM 3871/7620MB (lfb 1x1MB) SWAP 2214/12002MB (cached 117MB) CPU [15%@1728,9%@1728,100%@1728,0%@1728,9%@1728,9%@1728] GR3D_FREQ 19% cpu@58.687C soc2@56.968C soc0@57.75C gpu@58.593C tj@59.187C soc1@59.281C VDD_IN 9435mW/9467mW VDD_CPU_GPU_CV 3271mW/3233mW VDD_SOC 2703mW/2706mW
08-04-2026 16:44:33 RAM 3871/7620MB (lfb 1x1MB) SWAP 2214/12002MB (cached 117MB) CPU [0%@1728,9%@1728,100%@1728,0%@1728,0%@1728,0%@1728] GR3D_FREQ 23% cpu@58.593C soc2@57.031C soc0@57.812C gpu@58.093C tj@59.25C soc1@59.25C VDD_IN 9435mW/9467mW VDD_CPU_GPU_CV 3271mW/3233mW VDD_SOC 2703mW/2706mW
08-04-2026 16:44:33 RAM 3871/7620MB (lfb 1x1MB) SWAP 2214/12002MB (cached 117MB) CPU [0%@1728,8%@1728,100%@1728,0%@1728,0%@1728,0%@1728] GR3D_FREQ 20% cpu@58.593C soc2@57.031C soc0@57.875C gpu@58.156C tj@59.437C soc1@59.437C VDD_IN 9435mW/9467mW VDD_CPU_GPU_CV 3271mW/3233mW VDD_SOC 2703mW/2706mW
08-04-2026 16:44:33 RAM 3871/7620MB (lfb 1x1MB) SWAP 2214/12002MB (cached 117MB) CPU [0%@1728,0%@1728,100%@1728,9%@1728,0%@1728,0%@1728] GR3D_FREQ 20% cpu@58.75C soc2@56.937C soc0@57.75C gpu@58.5C tj@59.125C soc1@59.125C VDD_IN 9435mW/9467mW VDD_CPU_GPU_CV 3271mW/3233mW VDD_SOC 2703mW/2706mW
08-04-2026 16:44:33 RAM 3871/7620MB (lfb 1x1MB) SWAP 2214/12002MB (cached 117MB) CPU [0%@1728,0%@1728,100%@1728,0%@1728,0%@1728,0%@1728] GR3D_FREQ 20% cpu@58.812C soc2@57C soc0@57.75C gpu@58.187C tj@59.218C soc1@59.218C VDD_IN 9435mW/9467mW VDD_CPU_GPU_CV 3230mW/3233mW VDD_SOC 2703mW/2706mW
08-04-2026 16:44:33 RAM 3871/7620MB (lfb 1x1MB) SWAP 2214/12002MB (cached 117MB) CPU [0%@1728,0%@1728,100%@1728,0%@1728,0%@1728,0%@1728] GR3D_FREQ 20% cpu@58.625C soc2@56.968C soc0@57.75C gpu@58.062C tj@59.187C soc1@59.187C VDD_IN 9435mW/9467mW VDD_CPU_GPU_CV 3230mW/3233mW VDD_SOC 2703mW/2706mW
08-04-2026 16:44:33 RAM 3871/7620MB (lfb 1x1MB) SWAP 2214/12002MB (cached 117MB) CPU [0%@1728,0%@1728,100%@1728,9%@1728,0%@1728,9%@1728] GR3D_FREQ 20% cpu@58.687C soc2@57.031C soc0@57.781C gpu@58.562C tj@59.343C soc1@59.343C VDD_IN 9435mW/9467mW VDD_CPU_GPU_CV 3230mW/3233mW VDD_SOC 2703mW/2706mW
08-04-2026 16:44:33 RAM 3871/7620MB (lfb 1x1MB) SWAP 2214/12002MB (cached 117MB) CPU [0%@1728,0%@1728,100%@1728,0%@1728,0%@1728,0%@1728] GR3D_FREQ 20% cpu@58.718C soc2@57.062C soc0@57.937C gpu@58.062C tj@59.156C soc1@59.156C VDD_IN 9476mW/9467mW VDD_CPU_GPU_CV 3230mW/3233mW VDD_SOC 2703mW/2706mW
08-04-2026 16:44:33 RAM 3871/7620MB (lfb 1x1MB) SWAP 2214/12002MB (cached 117MB) CPU [0%@1728,0%@1728,100%@1728,0%@1728,0%@1728,0%@1728] GR3D_FREQ 19% cpu@58.718C soc2@56.937C soc0@57.781C gpu@58.625C tj@59.093C soc1@59.187C VDD_IN 9476mW/9467mW VDD_CPU_GPU_CV 3230mW/3233mW VDD_SOC 2703mW/2706mW
08-04-2026 16:44:33 RAM 3871/7620MB (lfb 1x1MB) SWAP 2214/12002MB (cached 117MB) CPU [16%@1728,0%@1728,100%@1728,0%@1728,0%@1728,0%@1728] GR3D_FREQ 20% cpu@58.593C soc2@56.968C soc0@57.75C gpu@58.468C tj@59.218C soc1@59.218C VDD_IN 9476mW/9467mW VDD_CPU_GPU_CV 3230mW/3233mW VDD_SOC 2703mW/2706mW
08-04-2026 16:44:34 RAM 3871/7620MB (lfb 1x1MB) SWAP 2214/12002MB (cached 117MB) CPU [8%@1728,0%@1728,100%@1728,0%@1728,0%@1728,0%@1728] GR3D_FREQ 19% cpu@58.718C soc2@57.031C soc0@57.875C gpu@58.125C tj@59.281C soc1@59.281C VDD_IN 9435mW/9467mW VDD_CPU_GPU_CV 3230mW/3233mW VDD_SOC 2703mW/2706mW
08-04-2026 16:44:34 RAM 3871/7620MB (lfb 1x1MB) SWAP 2214/12002MB (cached 117MB) CPU [0%@1728,0%@1728,100%@1728,9%@1728,0%@1728,0%@1728] GR3D_FREQ 22% cpu@58.718C soc2@56.968C soc0@57.906C gpu@58.687C tj@59.156C soc1@59.156C VDD_IN 9435mW/9466mW VDD_CPU_GPU_CV 3230mW/3233mW VDD_SOC 2703mW/2706mW
08-04-2026 16:44:34 RAM 3870/7620MB (lfb 1x1MB) SWAP 2214/12002MB (cached 117MB) CPU [10%@1728,0%@1728,100%@1728,0%@1728,10%@1728,9%@1728] GR3D_FREQ 20% cpu@58.687C soc2@56.875C soc0@57.718C gpu@58.375C tj@59.25C soc1@59.25C VDD_IN 9517mW/9467mW VDD_CPU_GPU_CV 3271mW/3233mW VDD_SOC 2703mW/2706mW
08-04-2026 16:44:34 RAM 3870/7620MB (lfb 1x1MB) SWAP 2214/12002MB (cached 117MB) CPU [8%@1728,0%@1728,100%@1728,0%@1728,0%@1728,0%@1728] GR3D_FREQ 23% cpu@58.718C soc2@56.968C soc0@57.812C gpu@58.312C tj@59.218C soc1@59.218C VDD_IN 9517mW/9467mW VDD_CPU_GPU_CV 3271mW/3233mW VDD_SOC 2744mW/2706mW
08-04-2026 16:44:34 RAM 3870/7620MB (lfb 1x1MB) SWAP 2214/12002MB (cached 117MB) CPU [9%@1728,0%@1728,100%@1728,0%@1728,0%@1728,0%@1728] GR3D_FREQ 19% cpu@58.593C soc2@56.968C soc0@57.812C gpu@58.5C tj@59.343C soc1@59.343C VDD_IN 9517mW/9467mW VDD_CPU_GPU_CV 3271mW/3233mW VDD_SOC 2703mW/2706mW
08-04-2026 16:44:34 RAM 3870/7620MB (lfb 1x1MB) SWAP 2214/12002MB (cached 117MB) CPU [9%@1728,0%@1728,91%@1728,0%@1728,0%@1728,0%@1728] GR3D_FREQ 23% cpu@58.718C soc2@57.062C soc0@57.875C gpu@58.406C tj@59.093C soc1@59.093C VDD_IN 9517mW/9467mW VDD_CPU_GPU_CV 3271mW/3233mW VDD_SOC 2744mW/2706mW
08-04-2026 16:44:34 RAM 3870/7620MB (lfb 1x1MB) SWAP 2214/12002MB (cached 117MB) CPU [0%@1728,0%@1728,100%@1728,0%@1728,0%@1728,9%@1728] GR3D_FREQ 19% cpu@58.593C soc2@56.937C soc0@57.687C gpu@58.281C tj@59.25C soc1@59.25C VDD_IN 9517mW/9467mW VDD_CPU_GPU_CV 3271mW/3233mW VDD_SOC 2703mW/2706mW
08-04-2026 16:44:34 RAM 3870/7620MB (lfb 1x1MB) SWAP 2214/12002MB (cached 117MB) CPU [0%@1728,0%@1728,100%@1728,0%@1728,0%@1728,0%@1728] GR3D_FREQ 24% cpu@58.593C soc2@56.937C soc0@57.687C gpu@58.531C tj@59.125C soc1@59.125C VDD_IN 9517mW/9467mW VDD_CPU_GPU_CV 3230mW/3233mW VDD_SOC 2703mW/2706mW
08-04-2026 16:44:34 RAM 3870/7620MB (lfb 1x1MB) SWAP 2214/12002MB (cached 117MB) CPU [0%@1728,0%@1728,100%@1728,0%@1728,9%@1728,0%@1728] GR3D_FREQ 19% cpu@58.656C soc2@57.062C soc0@57.812C gpu@58.312C tj@59.25C soc1@59.25C VDD_IN 9517mW/9467mW VDD_CPU_GPU_CV 3230mW/3233mW VDD_SOC 2703mW/2706mW
08-04-2026 16:44:35 RAM 3870/7620MB (lfb 1x1MB) SWAP 2214/12002MB (cached 117MB) CPU [0%@1728,0%@1728,100%@1728,0%@1728,0%@1728,0%@1728] GR3D_FREQ 23% cpu@58.625C soc2@57.062C soc0@57.812C gpu@58.375C tj@59.156C soc1@59.156C VDD_IN 9517mW/9467mW VDD_CPU_GPU_CV 3230mW/3233mW VDD_SOC 2703mW/2706mW
08-04-2026 16:44:35 RAM 3870/7620MB (lfb 1x1MB) SWAP 2214/12002MB (cached 117MB) CPU [0%@1728,0%@1728,100%@1728,0%@1728,0%@1728,0%@1728] GR3D_FREQ 19% cpu@58.593C soc2@57C soc0@57.75C gpu@58.5C tj@59.125C soc1@59.125C VDD_IN 9517mW/9467mW VDD_CPU_GPU_CV 3189mW/3233mW VDD_SOC 2703mW/2706mW
08-04-2026 16:44:35 RAM 3870/7620MB (lfb 1x1MB) SWAP 2214/12002MB (cached 117MB) CPU [0%@1728,0%@1728,100%@1728,0%@1728,0%@1728,0%@1728] GR3D_FREQ 22% cpu@58.531C soc2@56.968C soc0@57.781C gpu@58.343C tj@59.218C soc1@59.218C VDD_IN 9517mW/9467mW VDD_CPU_GPU_CV 3230mW/3233mW VDD_SOC 2703mW/2706mW
08-04-2026 16:44:35 RAM 3870/7620MB (lfb 1x1MB) SWAP 2214/12002MB (cached 117MB) CPU [9%@1728,0%@1728,100%@1728,0%@1728,0%@1728,0%@1728] GR3D_FREQ 20% cpu@58.687C soc2@57.062C soc0@57.781C gpu@58.343C tj@59.25C soc1@59.25C VDD_IN 9476mW/9467mW VDD_CPU_GPU_CV 3189mW/3233mW VDD_SOC 2703mW/2706mW
08-04-2026 16:44:35 RAM 3870/7620MB (lfb 1x1MB) SWAP 2214/12002MB (cached 117MB) CPU [0%@1728,0%@1728,100%@1728,9%@1728,0%@1728,0%@1728] GR3D_FREQ 23% cpu@58.656C soc2@57C soc0@57.875C gpu@58.5C tj@59.406C soc1@59.406C VDD_IN 9476mW/9468mW VDD_CPU_GPU_CV 3189mW/3233mW VDD_SOC 2703mW/2706mW
08-04-2026 16:44:35 RAM 3870/7620MB (lfb 1x1MB) SWAP 2214/12002MB (cached 117MB) CPU [0%@1728,0%@1728,100%@1728,0%@1728,0%@1728,9%@1728] GR3D_FREQ 20% cpu@58.531C soc2@57.093C soc0@57.75C gpu@58.406C tj@59.125C soc1@59.125C VDD_IN 9476mW/9468mW VDD_CPU_GPU_CV 3189mW/3233mW VDD_SOC 2703mW/2706mW
08-04-2026 16:44:35 RAM 3870/7620MB (lfb 1x1MB) SWAP 2214/12002MB (cached 117MB) CPU [0%@1728,0%@1728,100%@1728,0%@1728,0%@1728,0%@1728] GR3D_FREQ 20% cpu@58.531C soc2@56.937C soc0@57.718C gpu@58.343C tj@59.187C soc1@59.187C VDD_IN 9517mW/9468mW VDD_CPU_GPU_CV 3189mW/3233mW VDD_SOC 2703mW/2706mW
08-04-2026 16:44:35 RAM 3870/7620MB (lfb 1x1MB) SWAP 2214/12002MB (cached 117MB) CPU [9%@1728,0%@1728,100%@1728,0%@1728,0%@1728,0%@1728] GR3D_FREQ 20% cpu@58.625C soc2@56.968C soc0@57.75C gpu@58.562C tj@59.187C soc1@59.187C VDD_IN 9476mW/9468mW VDD_CPU_GPU_CV 3230mW/3233mW VDD_SOC 2703mW/2706mW
08-04-2026 16:44:35 RAM 3853/7620MB (lfb 1x1MB) SWAP 2214/12002MB (cached 117MB) CPU [0%@1728,0%@1728,100%@1728,0%@1728,0%@1728,0%@1728] GR3D_FREQ 20% cpu@58.687C soc2@57.062C soc0@57.843C gpu@58.406C tj@59.375C soc1@59.375C VDD_IN 9517mW/9468mW VDD_CPU_GPU_CV 3230mW/3233mW VDD_SOC 2703mW/2706mW
08-04-2026 16:44:35 RAM 3854/7620MB (lfb 1x1MB) SWAP 2214/12002MB (cached 117MB) CPU [9%@1728,0%@1728,100%@1728,0%@1728,0%@1728,0%@1728] GR3D_FREQ 20% cpu@58.562C soc2@57.062C soc0@57.75C gpu@58.187C tj@59.187C soc1@59.187C VDD_IN 9476mW/9468mW VDD_CPU_GPU_CV 3189mW/3233mW VDD_SOC 2703mW/2706mW
08-04-2026 16:44:36 RAM 3855/7620MB (lfb 1x1MB) SWAP 2214/12002MB (cached 117MB) CPU [0%@1728,0%@1728,100%@1728,0%@1728,18%@1728,0%@1728] GR3D_FREQ 20% cpu@58.531C soc2@57C soc0@57.75C gpu@58.437C tj@59.125C soc1@59.125C VDD_IN 9517mW/9468mW VDD_CPU_GPU_CV 3230mW/3233mW VDD_SOC 2744mW/2706mW
08-04-2026 16:44:36 RAM 3854/7620MB (lfb 1x1MB) SWAP 2214/12002MB (cached 117MB) CPU [0%@1728,0%@1728,100%@1728,8%@1728,0%@1728,0%@1728] GR3D_FREQ 20% cpu@58.625C soc2@57.031C soc0@57.75C gpu@58.281C tj@59.281C soc1@59.281C VDD_IN 9517mW/9468mW VDD_CPU_GPU_CV 3230mW/3233mW VDD_SOC 2703mW/2706mW
08-04-2026 16:44:36 RAM 3854/7620MB (lfb 1x1MB) SWAP 2214/12002MB (cached 117MB) CPU [9%@1728,0%@1728,100%@1728,0%@1728,0%@1728,0%@1728] GR3D_FREQ 20% cpu@58.531C soc2@57.031C soc0@57.812C gpu@58.312C tj@59.343C soc1@59.343C VDD_IN 9517mW/9468mW VDD_CPU_GPU_CV 3230mW/3233mW VDD_SOC 2744mW/2707mW
08-04-2026 16:44:36 RAM 3854/7620MB (lfb 1x1MB) SWAP 2214/12002MB (cached 117MB) CPU [0%@1728,9%@1728,100%@1728,0%@1728,0%@1728,0%@1728] GR3D_FREQ 19% cpu@58.937C soc2@57.031C soc0@57.968C gpu@58.156C tj@59.218C soc1@59.218C VDD_IN 9517mW/9468mW VDD_CPU_GPU_CV 3230mW/3233mW VDD_SOC 2703mW/2706mW
08-04-2026 16:44:36 RAM 3855/7620MB (lfb 1x1MB) SWAP 2214/12002MB (cached 117MB) CPU [0%@1728,0%@1728,100%@1728,0%@1728,0%@1728,0%@1728] GR3D_FREQ 19% cpu@58.625C soc2@57C soc0@57.75C gpu@58.312C tj@59.093C soc1@59.093C VDD_IN 9517mW/9468mW VDD_CPU_GPU_CV 3230mW/3233mW VDD_SOC 2703mW/2706mW
08-04-2026 16:44:36 RAM 3855/7620MB (lfb 1x1MB) SWAP 2214/12002MB (cached 117MB) CPU [9%@1728,9%@1728,100%@1728,9%@1728,0%@1728,0%@1728] GR3D_FREQ 19% cpu@58.531C soc2@57C soc0@57.75C gpu@58.156C tj@59.187C soc1@59.187C VDD_IN 9476mW/9468mW VDD_CPU_GPU_CV 3230mW/3233mW VDD_SOC 2703mW/2706mW
08-04-2026 16:44:36 RAM 3855/7620MB (lfb 1x1MB) SWAP 2214/12002MB (cached 117MB) CPU [0%@1728,0%@1728,100%@1728,0%@1728,0%@1728,8%@1728] GR3D_FREQ 19% cpu@58.562C soc2@57C soc0@57.843C gpu@58.187C tj@59.312C soc1@59.312C VDD_IN 9476mW/9468mW VDD_CPU_GPU_CV 3230mW/3233mW VDD_SOC 2703mW/2706mW
08-04-2026 16:44:36 RAM 3855/7620MB (lfb 1x1MB) SWAP 2214/12002MB (cached 117MB) CPU [9%@1728,0%@1728,100%@1728,0%@1728,0%@1728,0%@1728] GR3D_FREQ 20% cpu@58.843C soc2@57C soc0@57.906C gpu@58.375C tj@59.187C soc1@59.187C VDD_IN 9476mW/9468mW VDD_CPU_GPU_CV 3230mW/3233mW VDD_SOC 2703mW/2706mW
08-04-2026 16:44:36 RAM 3855/7620MB (lfb 1x1MB) SWAP 2214/12002MB (cached 117MB) CPU [0%@1728,0%@1728,100%@1728,0%@1728,0%@1728,0%@1728] GR3D_FREQ 20% cpu@58.531C soc2@56.937C soc0@57.812C gpu@58.281C tj@59.25C soc1@59.25C VDD_IN 9476mW/9468mW VDD_CPU_GPU_CV 3230mW/3233mW VDD_SOC 2703mW/2706mW
08-04-2026 16:44:37 RAM 3855/7620MB (lfb 1x1MB) SWAP 2214/12002MB (cached 117MB) CPU [0%@1728,0%@1728,100%@1728,0%@1728,0%@1728,0%@1728] GR3D_FREQ 19% cpu@58.687C soc2@57.031C soc0@57.718C gpu@58.125C tj@59.187C soc1@59.187C VDD_IN 9476mW/9468mW VDD_CPU_GPU_CV 3230mW/3233mW VDD_SOC 2703mW/2706mW
08-04-2026 16:44:37 RAM 3855/7620MB (lfb 1x1MB) SWAP 2214/12002MB (cached 117MB) CPU [0%@1728,9%@1728,100%@1728,0%@1728,0%@1728,9%@1728] GR3D_FREQ 19% cpu@58.593C soc2@56.968C soc0@57.781C gpu@58.25C tj@59.343C soc1@59.343C VDD_IN 9476mW/9468mW VDD_CPU_GPU_CV 3230mW/3233mW VDD_SOC 2703mW/2706mW
08-04-2026 16:44:37 RAM 3855/7620MB (lfb 1x1MB) SWAP 2214/12002MB (cached 117MB) CPU [0%@1728,0%@1728,100%@1728,9%@1728,0%@1728,0%@1728] GR3D_FREQ 19% cpu@58.906C soc2@57C soc0@57.906C gpu@58.093C tj@59.125C soc1@59.125C VDD_IN 9476mW/9468mW VDD_CPU_GPU_CV 3230mW/3233mW VDD_SOC 2703mW/2706mW
08-04-2026 16:44:37 RAM 3855/7620MB (lfb 1x1MB) SWAP 2214/12002MB (cached 117MB) CPU [0%@1728,0%@1728,100%@1728,0%@1728,0%@1728,0%@1728] GR3D_FREQ 19% cpu@58.937C soc2@57.093C soc0@57.687C gpu@58.187C tj@59.062C soc1@59.062C VDD_IN 9476mW/9468mW VDD_CPU_GPU_CV 3189mW/3233mW VDD_SOC 2703mW/2706mW
08-04-2026 16:44:37 RAM 3855/7620MB (lfb 1x1MB) SWAP 2214/12002MB (cached 117MB) CPU [0%@1728,0%@1728,100%@1728,0%@1728,0%@1728,0%@1728] GR3D_FREQ 19% cpu@58.5C soc2@56.937C soc0@57.75C gpu@58.187C tj@59.156C soc1@59.156C VDD_IN 9476mW/9468mW VDD_CPU_GPU_CV 3189mW/3232mW VDD_SOC 2703mW/2706mW
08-04-2026 16:44:37 RAM 3860/7620MB (lfb 1x1MB) SWAP 2214/12002MB (cached 117MB) CPU [9%@1728,20%@1728,100%@1728,0%@1728,9%@1728,0%@1728] GR3D_FREQ 19% cpu@58.593C soc2@57C soc0@57.781C gpu@58.156C tj@59.281C soc1@59.281C VDD_IN 9517mW/9468mW VDD_CPU_GPU_CV 3230mW/3232mW VDD_SOC 2703mW/2706mW
08-04-2026 16:44:37 RAM 3860/7620MB (lfb 1x1MB) SWAP 2214/12002MB (cached 117MB) CPU [0%@1728,0%@1728,100%@1728,0%@1728,0%@1728,0%@1728] GR3D_FREQ 19% cpu@58.906C soc2@57.031C soc0@58C gpu@58.031C tj@59.406C soc1@59.406C VDD_IN 9517mW/9469mW VDD_CPU_GPU_CV 3271mW/3233mW VDD_SOC 2703mW/2706mW
08-04-2026 16:44:37 RAM 3860/7620MB (lfb 1x1MB) SWAP 2214/12002MB (cached 117MB) CPU [0%@1728,0%@1728,100%@1728,0%@1728,0%@1728,0%@1728] GR3D_FREQ 19% cpu@59C soc2@56.968C soc0@57.687C gpu@58.5C tj@59.125C soc1@59.125C VDD_IN 9476mW/9469mW VDD_CPU_GPU_CV 3271mW/3233mW VDD_SOC 2703mW/2706mW
08-04-2026 16:44:37 RAM 3862/7620MB (lfb 1x1MB) SWAP 2214/12002MB (cached 117MB) CPU [0%@1728,0%@1728,100%@1728,0%@1728,0%@1728,9%@1728] GR3D_FREQ 18% cpu@58.562C soc2@56.968C soc0@57.687C gpu@58.156C tj@59.156C soc1@59.156C VDD_IN 9517mW/9469mW VDD_CPU_GPU_CV 3271mW/3233mW VDD_SOC 2703mW/2706mW
08-04-2026 16:44:37 RAM 3862/7620MB (lfb 1x1MB) SWAP 2214/12002MB (cached 117MB) CPU [9%@1728,0%@1728,100%@1728,9%@1728,0%@1728,0%@1728] GR3D_FREQ 20% cpu@58.5C soc2@56.968C soc0@57.75C gpu@58.093C tj@59.312C soc1@59.312C VDD_IN 9517mW/9469mW VDD_CPU_GPU_CV 3271mW/3233mW VDD_SOC 2703mW/2706mW
08-04-2026 16:44:38 RAM 3862/7620MB (lfb 1x1MB) SWAP 2214/12002MB (cached 117MB) CPU [0%@1728,0%@1728,100%@1728,8%@1728,0%@1728,0%@1728] GR3D_FREQ 21% cpu@58.781C soc2@57C soc0@57.812C gpu@58.468C tj@59.406C soc1@59.406C VDD_IN 9517mW/9469mW VDD_CPU_GPU_CV 3271mW/3233mW VDD_SOC 2703mW/2706mW
08-04-2026 16:44:38 RAM 3862/7620MB (lfb 1x1MB) SWAP 2214/12002MB (cached 117MB) CPU [9%@1728,0%@1728,100%@1728,0%@1728,8%@1728,0%@1728] GR3D_FREQ 20% cpu@58.906C soc2@57.125C soc0@57.656C gpu@58.093C tj@59.125C soc1@59.125C VDD_IN 9476mW/9469mW VDD_CPU_GPU_CV 3271mW/3233mW VDD_SOC 2703mW/2706mW
08-04-2026 16:44:38 RAM 3862/7620MB (lfb 1x1MB) SWAP 2214/12002MB (cached 117MB) CPU [0%@1728,0%@1728,100%@1728,0%@1728,0%@1728,0%@1728] GR3D_FREQ 22% cpu@58.562C soc2@57C soc0@57.75C gpu@58.187C tj@59.156C soc1@59.156C VDD_IN 9517mW/9469mW VDD_CPU_GPU_CV 3230mW/3233mW VDD_SOC 2703mW/2706mW
08-04-2026 16:44:38 RAM 3862/7620MB (lfb 1x1MB) SWAP 2214/12002MB (cached 117MB) CPU [0%@1728,0%@1728,100%@1728,0%@1728,0%@1728,0%@1728] GR3D_FREQ 19% cpu@58.562C soc2@56.875C soc0@57.75C gpu@58.468C tj@59.312C soc1@59.312C VDD_IN 9476mW/9469mW VDD_CPU_GPU_CV 3230mW/3233mW VDD_SOC 2703mW/2706mW
08-04-2026 16:44:38 RAM 3862/7620MB (lfb 1x1MB) SWAP 2214/12002MB (cached 117MB) CPU [0%@1728,0%@1728,100%@1728,0%@1728,0%@1728,0%@1728] GR3D_FREQ 22% cpu@58.843C soc2@57C soc0@57.781C gpu@58.156C tj@59.437C soc1@59.437C VDD_IN 9476mW/9469mW VDD_CPU_GPU_CV 3230mW/3233mW VDD_SOC 2703mW/2706mW
08-04-2026 16:44:38 RAM 3862/7620MB (lfb 1x1MB) SWAP 2214/12002MB (cached 117MB) CPU [9%@1728,0%@1728,91%@1728,0%@1728,0%@1728,9%@1728] GR3D_FREQ 19% cpu@58.781C soc2@57.125C soc0@57.75C gpu@58.656C tj@59.156C soc1@59.156C VDD_IN 9476mW/9469mW VDD_CPU_GPU_CV 3230mW/3233mW VDD_SOC 2703mW/2706mW
08-04-2026 16:44:38 RAM 3862/7620MB (lfb 1x1MB) SWAP 2214/12002MB (cached 117MB) CPU [0%@1728,0%@1728,100%@1728,0%@1728,0%@1728,0%@1728] GR3D_FREQ 22% cpu@59.031C soc2@57C soc0@57.687C gpu@58.5C tj@59.218C soc1@59.218C VDD_IN 9517mW/9469mW VDD_CPU_GPU_CV 3230mW/3233mW VDD_SOC 2703mW/2706mW
08-04-2026 16:44:38 RAM 3862/7620MB (lfb 1x1MB) SWAP 2214/12002MB (cached 117MB) CPU [0%@1728,0%@1728,100%@1728,0%@1728,0%@1728,0%@1728] GR3D_FREQ 20% cpu@58.562C soc2@57C soc0@57.781C gpu@58.218C tj@59.218C soc1@59.218C VDD_IN 9476mW/9469mW VDD_CPU_GPU_CV 3189mW/3233mW VDD_SOC 2703mW/2706mW
08-04-2026 16:44:38 RAM 3862/7620MB (lfb 1x1MB) SWAP 2214/12002MB (cached 117MB) CPU [0%@1728,0%@1728,100%@1728,9%@1728,9%@1728,0%@1728] GR3D_FREQ 23% cpu@58.687C soc2@57.031C soc0@57.781C gpu@58.656C tj@59.406C soc1@59.406C VDD_IN 9476mW/9469mW VDD_CPU_GPU_CV 3230mW/3233mW VDD_SOC 2703mW/2706mW
08-04-2026 16:44:39 RAM 3862/7620MB (lfb 1x1MB) SWAP 2214/12002MB (cached 117MB) CPU [0%@1728,0%@1728,100%@1728,0%@1728,0%@1728,0%@1728] GR3D_FREQ 20% cpu@58.812C soc2@57.062C soc0@58C gpu@58.5C tj@59.437C soc1@59.437C VDD_IN 9476mW/9469mW VDD_CPU_GPU_CV 3230mW/3233mW VDD_SOC 2703mW/2706mW
08-04-2026 16:44:39 RAM 3862/7620MB (lfb 1x1MB) SWAP 2214/12002MB (cached 117MB) CPU [0%@1728,0%@1728,100%@1728,9%@1728,0%@1728,0%@1728] GR3D_FREQ 22% cpu@58.875C soc2@57C soc0@57.718C gpu@58.25C tj@59.156C soc1@59.156C VDD_IN 9476mW/9469mW VDD_CPU_GPU_CV 3230mW/3233mW VDD_SOC 2703mW/2706mW
08-04-2026 16:44:39 RAM 3862/7620MB (lfb 1x1MB) SWAP 2214/12002MB (cached 117MB) CPU [9%@1728,8%@1728,100%@1728,0%@1728,0%@1728,9%@1728] GR3D_FREQ 19% cpu@58.562C soc2@56.906C soc0@57.718C gpu@58.593C tj@59.281C soc1@59.281C VDD_IN 9435mW/9469mW VDD_CPU_GPU_CV 3230mW/3233mW VDD_SOC 2703mW/2706mW
08-04-2026 16:44:39 RAM 3862/7620MB (lfb 1x1MB) SWAP 2214/12002MB (cached 117MB) CPU [0%@1728,0%@1728,100%@1728,0%@1728,0%@1728,0%@1728] GR3D_FREQ 23% cpu@58.687C soc2@57.062C soc0@57.75C gpu@58.437C tj@59.375C soc1@59.375C VDD_IN 9476mW/9469mW VDD_CPU_GPU_CV 3230mW/3233mW VDD_SOC 2703mW/2706mW
08-04-2026 16:44:39 RAM 3862/7620MB (lfb 1x1MB) SWAP 2214/12002MB (cached 117MB) CPU [0%@1728,0%@1728,100%@1728,0%@1728,0%@1728,0%@1728] GR3D_FREQ 19% cpu@58.781C soc2@57.062C soc0@57.906C gpu@58.125C tj@59.343C soc1@59.343C VDD_IN 9476mW/9469mW VDD_CPU_GPU_CV 3230mW/3233mW VDD_SOC 2703mW/2706mW
08-04-2026 16:44:39 RAM 3862/7620MB (lfb 1x1MB) SWAP 2214/12002MB (cached 117MB) CPU [0%@1728,0%@1728,100%@1728,0%@1728,0%@1728,9%@1728] GR3D_FREQ 24% cpu@58.843C soc2@56.968C soc0@57.718C gpu@58.562C tj@59.125C soc1@59.125C VDD_IN 9476mW/9469mW VDD_CPU_GPU_CV 3230mW/3233mW VDD_SOC 2703mW/2706mW
08-04-2026 16:44:39 RAM 3863/7620MB (lfb 1x1MB) SWAP 2214/12002MB (cached 117MB) CPU [0%@1728,0%@1728,100%@1728,0%@1728,0%@1728,0%@1728] GR3D_FREQ 19% cpu@59.031C soc2@56.968C soc0@57.718C gpu@58.406C tj@59.156C soc1@59.156C VDD_IN 9476mW/9469mW VDD_CPU_GPU_CV 3230mW/3233mW VDD_SOC 2703mW/2706mW
08-04-2026 16:44:39 RAM 3863/7620MB (lfb 1x1MB) SWAP 2214/12002MB (cached 117MB) CPU [9%@1728,0%@1728,100%@1728,0%@1728,0%@1728,0%@1728] GR3D_FREQ 24% cpu@58.625C soc2@56.968C soc0@57.781C gpu@58.281C tj@59.343C soc1@59.343C VDD_IN 9476mW/9469mW VDD_CPU_GPU_CV 3230mW/3233mW VDD_SOC 2703mW/2706mW
08-04-2026 16:44:39 RAM 3863/7620MB (lfb 1x1MB) SWAP 2214/12002MB (cached 117MB) CPU [0%@1728,0%@1728,100%@1728,0%@1728,0%@1728,9%@1728] GR3D_FREQ 19% cpu@58.718C soc2@57C soc0@57.875C gpu@58.5C tj@59.375C soc1@59.375C VDD_IN 9476mW/9469mW VDD_CPU_GPU_CV 3230mW/3233mW VDD_SOC 2703mW/2706mW
08-04-2026 16:44:39 RAM 3863/7620MB (lfb 1x1MB) SWAP 2214/12002MB (cached 117MB) CPU [0%@1728,0%@1728,100%@1728,0%@1728,0%@1728,0%@1728] GR3D_FREQ 23% cpu@58.75C soc2@57.062C soc0@57.75C gpu@58.375C tj@59.156C soc1@59.156C VDD_IN 9476mW/9469mW VDD_CPU_GPU_CV 3230mW/3233mW VDD_SOC 2703mW/2706mW
08-04-2026 16:44:40 RAM 3863/7620MB (lfb 1x1MB) SWAP 2214/12002MB (cached 117MB) CPU [0%@1728,0%@1728,100%@1728,8%@1728,0%@1728,0%@1728] GR3D_FREQ 19% cpu@58.875C soc2@56.968C soc0@57.75C gpu@58.312C tj@59.218C soc1@59.218C VDD_IN 9476mW/9469mW VDD_CPU_GPU_CV 3230mW/3233mW VDD_SOC 2703mW/2706mW
08-04-2026 16:44:40 RAM 3862/7620MB (lfb 1x1MB) SWAP 2214/12002MB (cached 117MB) CPU [0%@1728,0%@1728,100%@1728,0%@1728,0%@1728,0%@1728] GR3D_FREQ 22% cpu@58.687C soc2@57C soc0@57.781C gpu@58.5C tj@59.25C soc1@59.25C VDD_IN 9476mW/9469mW VDD_CPU_GPU_CV 3230mW/3233mW VDD_SOC 2703mW/2706mW
08-04-2026 16:44:40 RAM 3862/7620MB (lfb 1x1MB) SWAP 2214/12002MB (cached 117MB) CPU [0%@1728,0%@1728,100%@1728,0%@1728,0%@1728,0%@1728] GR3D_FREQ 19% cpu@58.718C soc2@57.031C soc0@57.875C gpu@58.375C tj@59.343C soc1@59.343C VDD_IN 9476mW/9469mW VDD_CPU_GPU_CV 3189mW/3233mW VDD_SOC 2703mW/2706mW
08-04-2026 16:44:40 RAM 3862/7620MB (lfb 1x1MB) SWAP 2214/12002MB (cached 117MB) CPU [0%@1728,8%@1728,100%@1728,8%@1728,0%@1728,0%@1728] GR3D_FREQ 22% cpu@58.843C soc2@57.062C soc0@57.656C gpu@58.281C tj@59.125C soc1@59.125C VDD_IN 9476mW/9469mW VDD_CPU_GPU_CV 3189mW/3233mW VDD_SOC 2703mW/2706mW
08-04-2026 16:44:40 RAM 3862/7620MB (lfb 1x1MB) SWAP 2214/12002MB (cached 117MB) CPU [0%@1728,0%@1728,100%@1728,0%@1728,0%@1728,0%@1728] GR3D_FREQ 20% cpu@58.781C soc2@57C soc0@57.718C gpu@58.468C tj@59.187C soc1@59.187C VDD_IN 9435mW/9469mW VDD_CPU_GPU_CV 3189mW/3232mW VDD_SOC 2703mW/2706mW
08-04-2026 16:44:40 RAM 3862/7620MB (lfb 1x1MB) SWAP 2214/12002MB (cached 117MB) CPU [16%@1728,0%@1728,100%@1728,0%@1728,0%@1728,0%@1728] GR3D_FREQ 20% cpu@58.656C soc2@56.968C soc0@57.75C gpu@58.343C tj@59.312C soc1@59.312C VDD_IN 9476mW/9469mW VDD_CPU_GPU_CV 3230mW/3232mW VDD_SOC 2703mW/2706mW
08-04-2026 16:44:40 RAM 3864/7620MB (lfb 1x1MB) SWAP 2214/12002MB (cached 117MB) CPU [9%@1728,9%@1728,100%@1728,0%@1728,0%@1728,9%@1728] GR3D_FREQ 20% cpu@58.718C soc2@57.031C soc0@57.843C gpu@58.218C tj@59.343C soc1@59.343C VDD_IN 9476mW/9469mW VDD_CPU_GPU_CV 3271mW/3233mW VDD_SOC 2703mW/2706mW
08-04-2026 16:44:40 RAM 3861/7620MB (lfb 1x1MB) SWAP 2214/12002MB (cached 117MB) CPU [0%@1728,10%@1728,100%@1728,0%@1728,9%@1728,0%@1728] GR3D_FREQ 19% cpu@58.75C soc2@57.093C soc0@57.718C gpu@58.437C tj@59.218C soc1@59.218C VDD_IN 9517mW/9469mW VDD_CPU_GPU_CV 3312mW/3233mW VDD_SOC 2744mW/2706mW
08-04-2026 16:44:40 RAM 3861/7620MB (lfb 1x1MB) SWAP 2214/12002MB (cached 117MB) CPU [0%@1728,0%@1728,100%@1728,0%@1728,9%@1728,0%@1728] GR3D_FREQ 19% cpu@58.875C soc2@56.937C soc0@57.687C gpu@58.281C tj@59.156C soc1@59.156C VDD_IN 9476mW/9469mW VDD_CPU_GPU_CV 3312mW/3233mW VDD_SOC 2703mW/2706mW
08-04-2026 16:44:41 RAM 3861/7620MB (lfb 1x1MB) SWAP 2214/12002MB (cached 117MB) CPU [0%@1728,8%@1728,100%@1728,0%@1728,0%@1728,0%@1728] GR3D_FREQ 19% cpu@58.656C soc2@57C soc0@57.75C gpu@58.218C tj@59.25C soc1@59.25C VDD_IN 9517mW/9469mW VDD_CPU_GPU_CV 3312mW/3233mW VDD_SOC 2744mW/2706mW
08-04-2026 16:44:41 RAM 3862/7620MB (lfb 1x1MB) SWAP 2214/12002MB (cached 117MB) CPU [0%@1728,0%@1728,100%@1728,0%@1728,0%@1728,0%@1728] GR3D_FREQ 20% cpu@58.718C soc2@56.937C soc0@57.843C gpu@58.125C tj@59.25C soc1@59.25C VDD_IN 9476mW/9469mW VDD_CPU_GPU_CV 3271mW/3233mW VDD_SOC 2703mW/2706mW
08-04-2026 16:44:41 RAM 3862/7620MB (lfb 1x1MB) SWAP 2214/12002MB (cached 117MB) CPU [0%@1728,9%@1728,100%@1728,0%@1728,0%@1728,0%@1728] GR3D_FREQ 19% cpu@58.593C soc2@56.968C soc0@57.968C gpu@58.281C tj@59.406C soc1@59.406C VDD_IN 9476mW/9469mW VDD_CPU_GPU_CV 3271mW/3233mW VDD_SOC 2703mW/2706mW
08-04-2026 16:44:41 RAM 3862/7620MB (lfb 1x1MB) SWAP 2214/12002MB (cached 117MB) CPU [0%@1728,0%@1728,100%@1728,0%@1728,0%@1728,0%@1728] GR3D_FREQ 20% cpu@58.75C soc2@57C soc0@57.687C gpu@58.125C tj@59.062C soc1@59.062C VDD_IN 9476mW/9469mW VDD_CPU_GPU_CV 3271mW/3233mW VDD_SOC 2703mW/2706mW
08-04-2026 16:44:41 RAM 3862/7620MB (lfb 1x1MB) SWAP 2214/12002MB (cached 117MB) CPU [9%@1728,0%@1728,100%@1728,0%@1728,0%@1728,0%@1728] GR3D_FREQ 23% cpu@58.562C soc2@57C soc0@57.812C gpu@58.156C tj@59.218C soc1@59.218C VDD_IN 9476mW/9469mW VDD_CPU_GPU_CV 3230mW/3233mW VDD_SOC 2703mW/2706mW
08-04-2026 16:44:41 RAM 3862/7620MB (lfb 1x1MB) SWAP 2214/12002MB (cached 117MB) CPU [8%@1728,0%@1728,100%@1728,0%@1728,0%@1728,9%@1728] GR3D_FREQ 19% cpu@58.718C soc2@56.968C soc0@57.812C gpu@58.312C tj@59.25C soc1@59.25C VDD_IN 9476mW/9469mW VDD_CPU_GPU_CV 3230mW/3233mW VDD_SOC 2703mW/2706mW
08-04-2026 16:44:41 RAM 3862/7620MB (lfb 1x1MB) SWAP 2214/12002MB (cached 117MB) CPU [9%@1728,0%@1728,100%@1728,0%@1728,0%@1728,0%@1728] GR3D_FREQ 23% cpu@58.687C soc2@56.968C soc0@57.968C gpu@58.187C tj@59.406C soc1@59.406C VDD_IN 9476mW/9469mW VDD_CPU_GPU_CV 3271mW/3233mW VDD_SOC 2703mW/2706mW
08-04-2026 16:44:41 RAM 3862/7620MB (lfb 1x1MB) SWAP 2214/12002MB (cached 117MB) CPU [0%@1728,0%@1728,100%@1728,0%@1728,0%@1728,0%@1728] GR3D_FREQ 19% cpu@58.75C soc2@56.875C soc0@57.687C gpu@58.156C tj@59.062C soc1@59.062C VDD_IN 9435mW/9469mW VDD_CPU_GPU_CV 3230mW/3233mW VDD_SOC 2703mW/2706mW
08-04-2026 16:44:41 RAM 3862/7620MB (lfb 1x1MB) SWAP 2214/12002MB (cached 117MB) CPU [0%@1728,0%@1728,100%@1728,0%@1728,0%@1728,0%@1728] GR3D_FREQ 23% cpu@58.5C soc2@56.968C soc0@57.687C gpu@58.281C tj@59.125C soc1@59.125C VDD_IN 9435mW/9469mW VDD_CPU_GPU_CV 3230mW/3233mW VDD_SOC 2703mW/2706mW
08-04-2026 16:44:41 RAM 3862/7620MB (lfb 1x1MB) SWAP 2214/12002MB (cached 117MB) CPU [9%@1728,0%@1728,100%@1728,16%@1728,0%@1728,0%@1728] GR3D_FREQ 19% cpu@58.687C soc2@56.968C soc0@57.906C gpu@58.25C tj@59.25C soc1@59.25C VDD_IN 9435mW/9469mW VDD_CPU_GPU_CV 3230mW/3233mW VDD_SOC 2703mW/2706mW
08-04-2026 16:44:42 RAM 3862/7620MB (lfb 1x1MB) SWAP 2214/12002MB (cached 117MB) CPU [0%@1728,0%@1728,100%@1728,0%@1728,0%@1728,0%@1728] GR3D_FREQ 23% cpu@58.75C soc2@57C soc0@57.875C gpu@58.187C tj@59.281C soc1@59.281C VDD_IN 9435mW/9469mW VDD_CPU_GPU_CV 3230mW/3233mW VDD_SOC 2703mW/2706mW
08-04-2026 16:44:42 RAM 3862/7620MB (lfb 1x1MB) SWAP 2214/12002MB (cached 117MB) CPU [0%@1728,0%@1728,100%@1728,0%@1728,0%@1728,0%@1728] GR3D_FREQ 19% cpu@58.718C soc2@56.906C soc0@57.75C gpu@58.187C tj@59.125C soc1@59.125C VDD_IN 9435mW/9469mW VDD_CPU_GPU_CV 3230mW/3233mW VDD_SOC 2703mW/2706mW
08-04-2026 16:44:42 RAM 3862/7620MB (lfb 1x1MB) SWAP 2214/12002MB (cached 117MB) CPU [0%@1728,0%@1728,100%@1728,0%@1728,0%@1728,0%@1728] GR3D_FREQ 22% cpu@58.531C soc2@57C soc0@57.75C gpu@58.218C tj@59.187C soc1@59.187C VDD_IN 9476mW/9469mW VDD_CPU_GPU_CV 3230mW/3233mW VDD_SOC 2703mW/2706mW
08-04-2026 16:44:42 RAM 3862/7620MB (lfb 1x1MB) SWAP 2214/12002MB (cached 117MB) CPU [0%@1728,0%@1728,100%@1728,0%@1728,0%@1728,0%@1728] GR3D_FREQ 20% cpu@58.562C soc2@56.937C soc0@57.812C gpu@58.218C tj@59.281C soc1@59.281C VDD_IN 9435mW/9469mW VDD_CPU_GPU_CV 3189mW/3233mW VDD_SOC 2703mW/2706mW
08-04-2026 16:44:42 RAM 3862/7620MB (lfb 1x1MB) SWAP 2214/12002MB (cached 117MB) CPU [9%@1728,0%@1728,91%@1728,0%@1728,0%@1728,0%@1728] GR3D_FREQ 23% cpu@58.656C soc2@57C soc0@57.812C gpu@58.312C tj@59.312C soc1@59.312C VDD_IN 9435mW/9469mW VDD_CPU_GPU_CV 3230mW/3233mW VDD_SOC 2703mW/2706mW
08-04-2026 16:44:42 RAM 3862/7620MB (lfb 1x1MB) SWAP 2214/12002MB (cached 117MB) CPU [0%@1728,0%@1728,100%@1728,0%@1728,0%@1728,0%@1728] GR3D_FREQ 20% cpu@58.718C soc2@57.031C soc0@58C gpu@58.218C tj@59.093C soc1@59.093C VDD_IN 9476mW/9469mW VDD_CPU_GPU_CV 3230mW/3233mW VDD_SOC 2703mW/2706mW
08-04-2026 16:44:42 RAM 3862/7620MB (lfb 1x1MB) SWAP 2214/12002MB (cached 117MB) CPU [0%@1728,0%@1728,100%@1728,0%@1728,10%@1728,0%@1728] GR3D_FREQ 20% cpu@58.656C soc2@56.968C soc0@57.75C gpu@58.125C tj@59.25C soc1@59.25C VDD_IN 9517mW/9469mW VDD_CPU_GPU_CV 3230mW/3233mW VDD_SOC 2703mW/2706mW
08-04-2026 16:44:42 RAM 3862/7620MB (lfb 1x1MB) SWAP 2214/12002MB (cached 117MB) CPU [0%@1728,9%@1728,100%@1728,0%@1728,0%@1728,0%@1728] GR3D_FREQ 20% cpu@58.5C soc2@56.937C soc0@57.812C gpu@58.531C tj@59.218C soc1@59.218C VDD_IN 9476mW/9469mW VDD_CPU_GPU_CV 3230mW/3233mW VDD_SOC 2703mW/2706mW
08-04-2026 16:44:42 RAM 3862/7620MB (lfb 1x1MB) SWAP 2214/12002MB (cached 117MB) CPU [0%@1728,0%@1728,100%@1728,0%@1728,9%@1728,8%@1728] GR3D_FREQ 20% cpu@58.656C soc2@56.968C soc0@57.843C gpu@58.281C tj@59.312C soc1@59.312C VDD_IN 9476mW/9469mW VDD_CPU_GPU_CV 3230mW/3233mW VDD_SOC 2744mW/2706mW
08-04-2026 16:44:43 RAM 3862/7620MB (lfb 1x1MB) SWAP 2214/12002MB (cached 117MB) CPU [0%@1728,9%@1728,100%@1728,0%@1728,0%@1728,0%@1728] GR3D_FREQ 20% cpu@58.718C soc2@56.968C soc0@57.843C gpu@58.218C tj@59.125C soc1@59.125C VDD_IN 9476mW/9469mW VDD_CPU_GPU_CV 3230mW/3233mW VDD_SOC 2703mW/2706mW
08-04-2026 16:44:43 RAM 3862/7620MB (lfb 1x1MB) SWAP 2214/12002MB (cached 117MB) CPU [0%@1728,0%@1728,100%@1728,0%@1728,0%@1728,0%@1728] GR3D_FREQ 20% cpu@58.531C soc2@56.937C soc0@57.718C gpu@58.5C tj@59.218C soc1@59.218C VDD_IN 9476mW/9469mW VDD_CPU_GPU_CV 3230mW/3233mW VDD_SOC 2703mW/2706mW
08-04-2026 16:44:43 RAM 3862/7620MB (lfb 1x1MB) SWAP 2214/12002MB (cached 117MB) CPU [0%@1728,9%@1728,100%@1728,0%@1728,0%@1728,0%@1728] GR3D_FREQ 20% cpu@58.625C soc2@57C soc0@57.75C gpu@58.125C tj@59.218C soc1@59.218C VDD_IN 9476mW/9469mW VDD_CPU_GPU_CV 3271mW/3233mW VDD_SOC 2703mW/2706mW
08-04-2026 16:44:43 RAM 3862/7620MB (lfb 1x1MB) SWAP 2214/12002MB (cached 117MB) CPU [0%@1728,0%@1728,100%@1728,0%@1728,0%@1728,0%@1728] GR3D_FREQ 20% cpu@58.718C soc2@56.937C soc0@57.843C gpu@58.187C tj@59.281C soc1@59.281C VDD_IN 9476mW/9469mW VDD_CPU_GPU_CV 3271mW/3233mW VDD_SOC 2703mW/2706mW
08-04-2026 16:44:43 RAM 3862/7620MB (lfb 1x1MB) SWAP 2214/12002MB (cached 117MB) CPU [0%@1728,0%@1728,100%@1728,0%@1728,0%@1728,0%@1728] GR3D_FREQ 19% cpu@58.593C soc2@57.093C soc0@57.781C gpu@58.5C tj@59.062C soc1@59.062C VDD_IN 9435mW/9469mW VDD_CPU_GPU_CV 3271mW/3233mW VDD_SOC 2703mW/2706mW
08-04-2026 16:44:43 RAM 3862/7620MB (lfb 1x1MB) SWAP 2214/12002MB (cached 117MB) CPU [0%@1728,0%@1728,100%@1728,0%@1728,0%@1728,0%@1728] GR3D_FREQ 19% cpu@58.531C soc2@56.968C soc0@57.75C gpu@58.156C tj@59.125C soc1@59.156C VDD_IN 9476mW/9469mW VDD_CPU_GPU_CV 3271mW/3233mW VDD_SOC 2703mW/2706mW
08-04-2026 16:44:43 RAM 3862/7620MB (lfb 1x1MB) SWAP 2214/12002MB (cached 117MB) CPU [0%@1728,8%@1728,100%@1728,0%@1728,0%@1728,0%@1728] GR3D_FREQ 19% cpu@58.562C soc2@57.031C soc0@57.656C gpu@58.687C tj@59.187C soc1@59.187C VDD_IN 9476mW/9469mW VDD_CPU_GPU_CV 3230mW/3233mW VDD_SOC 2703mW/2706mW
08-04-2026 16:44:43 RAM 3862/7620MB (lfb 1x1MB) SWAP 2214/12002MB (cached 117MB) CPU [0%@1728,0%@1728,100%@1728,0%@1728,0%@1728,0%@1728] GR3D_FREQ 19% cpu@58.656C soc2@57C soc0@57.75C gpu@58.5C tj@59.25C soc1@59.25C VDD_IN 9435mW/9469mW VDD_CPU_GPU_CV 3230mW/3233mW VDD_SOC 2703mW/2706mW
08-04-2026 16:44:43 RAM 3862/7620MB (lfb 1x1MB) SWAP 2214/12002MB (cached 117MB) CPU [0%@1728,0%@1728,100%@1728,8%@1728,0%@1728,0%@1728] GR3D_FREQ 19% cpu@58.593C soc2@57.031C soc0@57.875C gpu@58.156C tj@59.406C soc1@59.406C VDD_IN 9476mW/9469mW VDD_CPU_GPU_CV 3230mW/3233mW VDD_SOC 2703mW/2706mW
08-04-2026 16:44:43 RAM 3868/7620MB (lfb 1x1MB) SWAP 2214/12002MB (cached 117MB) CPU [9%@1728,0%@1728,100%@1728,20%@1728,0%@1728,0%@1728] GR3D_FREQ 19% cpu@58.843C soc2@56.937C soc0@57.75C gpu@58.562C tj@59.125C soc1@59.25C VDD_IN 9517mW/9469mW VDD_CPU_GPU_CV 3230mW/3233mW VDD_SOC 2703mW/2706mW
08-04-2026 16:44:44 RAM 3869/7620MB (lfb 1x1MB) SWAP 2214/12002MB (cached 117MB) CPU [9%@1728,9%@1728,100%@1728,9%@1728,9%@1728,10%@1728] GR3D_FREQ 19% cpu@58.687C soc2@57.031C soc0@57.75C gpu@58.437C tj@59.187C soc1@59.187C VDD_IN 9558mW/9469mW VDD_CPU_GPU_CV 3271mW/3233mW VDD_SOC 2703mW/2706mW
08-04-2026 16:44:44 RAM 3869/7620MB (lfb 1x1MB) SWAP 2214/12002MB (cached 117MB) CPU [0%@1728,9%@1728,100%@1728,0%@1728,0%@1728,0%@1728] GR3D_FREQ 19% cpu@58.625C soc2@57C soc0@57.843C gpu@58.062C tj@59.25C soc1@59.25C VDD_IN 9517mW/9469mW VDD_CPU_GPU_CV 3271mW/3233mW VDD_SOC 2703mW/2706mW
08-04-2026 16:44:44 RAM 3869/7620MB (lfb 1x1MB) SWAP 2214/12002MB (cached 117MB) CPU [0%@1728,0%@1728,27%@1728,0%@1728,72%@1728,0%@1728] GR3D_FREQ 19% cpu@58.125C soc2@57.031C soc0@57.812C gpu@58.5C tj@59.406C soc1@59.406C VDD_IN 9476mW/9469mW VDD_CPU_GPU_CV 3271mW/3234mW VDD_SOC 2703mW/2706mW
08-04-2026 16:44:44 RAM 3869/7620MB (lfb 1x1MB) SWAP 2214/12002MB (cached 117MB) CPU [9%@1728,0%@1728,0%@1728,9%@1728,100%@1728,0%@1728] GR3D_FREQ 19% cpu@58.375C soc2@56.843C soc0@57.75C gpu@58.406C tj@59.062C soc1@59.062C VDD_IN 9476mW/9469mW VDD_CPU_GPU_CV 3230mW/3234mW VDD_SOC 2703mW/2706mW
08-04-2026 16:44:44 RAM 3869/7620MB (lfb 1x1MB) SWAP 2214/12002MB (cached 117MB) CPU [0%@1728,0%@1728,0%@1728,0%@1728,100%@1728,0%@1728] GR3D_FREQ 19% cpu@58.468C soc2@56.937C soc0@57.75C gpu@58.031C tj@59.187C soc1@59.187C VDD_IN 9476mW/9469mW VDD_CPU_GPU_CV 3230mW/3234mW VDD_SOC 2703mW/2706mW
08-04-2026 16:44:44 RAM 3869/7620MB (lfb 1x1MB) SWAP 2214/12002MB (cached 117MB) CPU [9%@1728,0%@1728,0%@1728,0%@1728,100%@1728,9%@1728] GR3D_FREQ 19% cpu@58.312C soc2@56.968C soc0@57.781C gpu@58.562C tj@59.25C soc1@59.25C VDD_IN 9476mW/9469mW VDD_CPU_GPU_CV 3230mW/3233mW VDD_SOC 2703mW/2706mW
08-04-2026 16:44:44 RAM 3869/7620MB (lfb 1x1MB) SWAP 2214/12002MB (cached 117MB) CPU [0%@1728,0%@1728,0%@1728,9%@1728,100%@1728,9%@1728] GR3D_FREQ 18% cpu@58.312C soc2@56.906C soc0@57.812C gpu@58.375C tj@59.312C soc1@59.312C VDD_IN 9476mW/9469mW VDD_CPU_GPU_CV 3230mW/3233mW VDD_SOC 2703mW/2706mW
08-04-2026 16:44:44 RAM 3869/7620MB (lfb 1x1MB) SWAP 2214/12002MB (cached 117MB) CPU [0%@1728,0%@1728,0%@1728,0%@1728,100%@1728,0%@1728] GR3D_FREQ 19% cpu@58.281C soc2@57.031C soc0@58.031C gpu@58.062C tj@59.531C soc1@59.531C VDD_IN 9476mW/9470mW VDD_CPU_GPU_CV 3230mW/3233mW VDD_SOC 2703mW/2706mW
08-04-2026 16:44:44 RAM 3869/7620MB (lfb 1x1MB) SWAP 2214/12002MB (cached 117MB) CPU [0%@1728,0%@1728,0%@1728,0%@1728,100%@1728,0%@1728] GR3D_FREQ 18% cpu@58.406C soc2@56.75C soc0@57.718C gpu@58.468C tj@59.156C soc1@59.156C VDD_IN 9476mW/9470mW VDD_CPU_GPU_CV 3230mW/3233mW VDD_SOC 2703mW/2706mW
08-04-2026 16:44:45 RAM 3869/7620MB (lfb 1x1MB) SWAP 2214/12002MB (cached 117MB) CPU [0%@1728,0%@1728,0%@1728,9%@1728,100%@1728,0%@1728] GR3D_FREQ 20% cpu@58.25C soc2@56.906C soc0@57.687C gpu@58.062C tj@59.187C soc1@59.187C VDD_IN 9476mW/9470mW VDD_CPU_GPU_CV 3230mW/3233mW VDD_SOC 2703mW/2706mW
08-04-2026 16:44:45 RAM 3869/7620MB (lfb 1x1MB) SWAP 2214/12002MB (cached 117MB) CPU [0%@1728,9%@1728,0%@1728,0%@1728,100%@1728,0%@1728] GR3D_FREQ 19% cpu@58.312C soc2@56.906C soc0@57.843C gpu@58.593C tj@59.312C soc1@59.312C VDD_IN 9476mW/9470mW VDD_CPU_GPU_CV 3230mW/3233mW VDD_SOC 2703mW/2706mW
08-04-2026 16:44:45 RAM 3869/7620MB (lfb 1x1MB) SWAP 2214/12002MB (cached 117MB) CPU [0%@1728,0%@1728,0%@1728,8%@1728,100%@1728,0%@1728] GR3D_FREQ 20% cpu@58.375C soc2@56.906C soc0@57.812C gpu@58.406C tj@59.437C soc1@59.437C VDD_IN 9476mW/9470mW VDD_CPU_GPU_CV 3230mW/3233mW VDD_SOC 2703mW/2706mW
08-04-2026 16:44:45 RAM 3869/7620MB (lfb 1x1MB) SWAP 2214/12002MB (cached 117MB) CPU [0%@1728,0%@1728,0%@1728,0%@1728,100%@1728,0%@1728] GR3D_FREQ 21% cpu@58.468C soc2@57C soc0@57.718C gpu@58.125C tj@59.156C soc1@59.156C VDD_IN 9476mW/9470mW VDD_CPU_GPU_CV 3230mW/3233mW VDD_SOC 2703mW/2706mW
08-04-2026 16:44:45 RAM 3869/7620MB (lfb 1x1MB) SWAP 2214/12002MB (cached 117MB) CPU [0%@1728,0%@1728,0%@1728,0%@1728,100%@1728,0%@1728] GR3D_FREQ 20% cpu@58.468C soc2@56.937C soc0@57.75C gpu@58.593C tj@59.125C soc1@59.125C VDD_IN 9435mW/9470mW VDD_CPU_GPU_CV 3230mW/3233mW VDD_SOC 2703mW/2706mW
08-04-2026 16:44:45 RAM 3869/7620MB (lfb 1x1MB) SWAP 2214/12002MB (cached 117MB) CPU [0%@1728,9%@1728,0%@1728,0%@1728,100%@1728,9%@1728] GR3D_FREQ 21% cpu@58.218C soc2@56.937C soc0@57.781C gpu@58.343C tj@59.312C soc1@59.312C VDD_IN 9476mW/9470mW VDD_CPU_GPU_CV 3230mW/3233mW VDD_SOC 2703mW/2706mW
08-04-2026 16:44:45 RAM 3869/7620MB (lfb 1x1MB) SWAP 2214/12002MB (cached 117MB) CPU [0%@1728,0%@1728,0%@1728,0%@1728,100%@1728,0%@1728] GR3D_FREQ 20% cpu@58.281C soc2@56.937C soc0@57.843C gpu@58.125C tj@59.375C soc1@59.375C VDD_IN 9476mW/9470mW VDD_CPU_GPU_CV 3230mW/3233mW VDD_SOC 2703mW/2706mW
08-04-2026 16:44:45 RAM 3869/7620MB (lfb 1x1MB) SWAP 2214/12002MB (cached 117MB) CPU [9%@1728,0%@1728,0%@1728,0%@1728,100%@1728,0%@1728] GR3D_FREQ 22% cpu@58.406C soc2@57.093C soc0@57.937C gpu@58.593C tj@59.125C soc1@59.125C VDD_IN 9476mW/9470mW VDD_CPU_GPU_CV 3230mW/3233mW VDD_SOC 2703mW/2706mW
08-04-2026 16:44:45 RAM 3869/7620MB (lfb 1x1MB) SWAP 2214/12002MB (cached 117MB) CPU [0%@1728,0%@1728,0%@1728,0%@1728,100%@1728,0%@1728] GR3D_FREQ 19% cpu@58.343C soc2@56.968C soc0@57.718C gpu@58.125C tj@59.093C soc1@59.187C VDD_IN 9435mW/9469mW VDD_CPU_GPU_CV 3230mW/3233mW VDD_SOC 2703mW/2706mW
08-04-2026 16:44:45 RAM 3869/7620MB (lfb 1x1MB) SWAP 2214/12002MB (cached 117MB) CPU [8%@1728,0%@1728,0%@1728,0%@1728,100%@1728,0%@1728] GR3D_FREQ 22% cpu@58.5C soc2@56.906C soc0@57.718C gpu@58.062C tj@59.156C soc1@59.156C VDD_IN 9476mW/9469mW VDD_CPU_GPU_CV 3271mW/3233mW VDD_SOC 2703mW/2706mW
08-04-2026 16:44:46 RAM 3854/7620MB (lfb 1x1MB) SWAP 2214/12002MB (cached 117MB) CPU [0%@1728,0%@1728,0%@1728,0%@1728,100%@1728,9%@1728] GR3D_FREQ 20% cpu@58.281C soc2@56.906C soc0@57.843C gpu@58.531C tj@59.312C soc1@59.312C VDD_IN 9476mW/9469mW VDD_CPU_GPU_CV 3230mW/3233mW VDD_SOC 2703mW/2706mW
08-04-2026 16:44:46 RAM 3853/7620MB (lfb 1x1MB) SWAP 2214/12002MB (cached 117MB) CPU [0%@1728,0%@1728,0%@1728,0%@1728,100%@1728,0%@1728] GR3D_FREQ 22% cpu@58.343C soc2@56.968C soc0@57.718C gpu@58.125C tj@59.343C soc1@59.343C VDD_IN 9476mW/9470mW VDD_CPU_GPU_CV 3271mW/3234mW VDD_SOC 2703mW/2706mW
08-04-2026 16:44:46 RAM 3853/7620MB (lfb 1x1MB) SWAP 2214/12002MB (cached 117MB) CPU [0%@1728,9%@1728,0%@1728,0%@1728,100%@1728,0%@1728] GR3D_FREQ 19% cpu@58.437C soc2@57C soc0@57.718C gpu@58.062C tj@59.093C soc1@59.093C VDD_IN 9435mW/9469mW VDD_CPU_GPU_CV 3271mW/3234mW VDD_SOC 2703mW/2706mW
08-04-2026 16:44:46 RAM 3853/7620MB (lfb 1x1MB) SWAP 2214/12002MB (cached 117MB) CPU [0%@1728,0%@1728,0%@1728,0%@1728,100%@1728,0%@1728] GR3D_FREQ 22% cpu@58.468C soc2@56.906C soc0@57.718C gpu@58.5C tj@59.125C soc1@59.125C VDD_IN 9476mW/9469mW VDD_CPU_GPU_CV 3271mW/3234mW VDD_SOC 2703mW/2706mW
08-04-2026 16:44:46 RAM 3853/7620MB (lfb 1x1MB) SWAP 2214/12002MB (cached 117MB) CPU [0%@1728,0%@1728,0%@1728,0%@1728,100%@1728,0%@1728] GR3D_FREQ 20% cpu@58.281C soc2@56.875C soc0@57.718C gpu@58.093C tj@59.156C soc1@59.156C VDD_IN 9435mW/9469mW VDD_CPU_GPU_CV 3230mW/3234mW VDD_SOC 2703mW/2706mW
08-04-2026 16:44:46 RAM 3853/7620MB (lfb 1x1MB) SWAP 2214/12002MB (cached 117MB) CPU [0%@1728,0%@1728,0%@1728,0%@1728,100%@1728,16%@1728] GR3D_FREQ 23% cpu@58.281C soc2@56.937C soc0@57.843C gpu@58.093C tj@59.343C soc1@59.343C VDD_IN 9476mW/9469mW VDD_CPU_GPU_CV 3230mW/3234mW VDD_SOC 2703mW/2706mW
08-04-2026 16:44:46 RAM 3853/7620MB (lfb 1x1MB) SWAP 2214/12002MB (cached 117MB) CPU [0%@1728,0%@1728,0%@1728,0%@1728,100%@1728,0%@1728] GR3D_FREQ 19% cpu@58.406C soc2@57C soc0@57.843C gpu@58.5C tj@59.156C soc1@59.156C VDD_IN 9435mW/9469mW VDD_CPU_GPU_CV 3230mW/3234mW VDD_SOC 2703mW/2706mW
08-04-2026 16:44:46 RAM 3853/7620MB (lfb 1x1MB) SWAP 2214/12002MB (cached 117MB) CPU [0%@1728,0%@1728,0%@1728,0%@1728,100%@1728,0%@1728] GR3D_FREQ 23% cpu@58.468C soc2@56.875C soc0@57.718C gpu@58C tj@59.125C soc1@59.125C VDD_IN 9476mW/9469mW VDD_CPU_GPU_CV 3230mW/3234mW VDD_SOC 2703mW/2706mW
08-04-2026 16:44:46 RAM 3853/7620MB (lfb 1x1MB) SWAP 2214/12002MB (cached 117MB) CPU [0%@1728,0%@1728,0%@1728,0%@1728,100%@1728,0%@1728] GR3D_FREQ 19% cpu@58.562C soc2@56.968C soc0@57.75C gpu@58.625C tj@59.187C soc1@59.187C VDD_IN 9435mW/9469mW VDD_CPU_GPU_CV 3230mW/3234mW VDD_SOC 2703mW/2706mW
08-04-2026 16:44:47 RAM 3853/7620MB (lfb 1x1MB) SWAP 2214/12002MB (cached 117MB) CPU [0%@1728,0%@1728,0%@1728,0%@1728,100%@1728,0%@1728] GR3D_FREQ 23% cpu@58.281C soc2@56.937C soc0@57.812C gpu@58.125C tj@59.218C soc1@59.218C VDD_IN 9476mW/9469mW VDD_CPU_GPU_CV 3230mW/3234mW VDD_SOC 2703mW/2706mW
08-04-2026 16:44:47 RAM 3853/7620MB (lfb 1x1MB) SWAP 2214/12002MB (cached 117MB) CPU [0%@1728,0%@1728,0%@1728,0%@1728,100%@1728,9%@1728] GR3D_FREQ 19% cpu@58.343C soc2@57C soc0@57.843C gpu@58.062C tj@59.343C soc1@59.343C VDD_IN 9435mW/9469mW VDD_CPU_GPU_CV 3230mW/3234mW VDD_SOC 2703mW/2706mW
08-04-2026 16:44:47 RAM 3863/7620MB (lfb 1x1MB) SWAP 2214/12002MB (cached 117MB) CPU [10%@1728,0%@1728,0%@1728,0%@1728,100%@1728,0%@1728] GR3D_FREQ 24% cpu@58.531C soc2@56.843C soc0@57.687C gpu@58.5C tj@59.187C soc1@59.187C VDD_IN 9517mW/9469mW VDD_CPU_GPU_CV 3271mW/3234mW VDD_SOC 2744mW/2706mW
08-04-2026 16:44:47 RAM 3862/7620MB (lfb 1x1MB) SWAP 2214/12002MB (cached 117MB) CPU [0%@1728,9%@1728,0%@1728,9%@1728,100%@1728,0%@1728] GR3D_FREQ 19% cpu@58.531C soc2@56.906C soc0@57.718C gpu@58.343C tj@59.187C soc1@59.187C VDD_IN 9517mW/9469mW VDD_CPU_GPU_CV 3271mW/3234mW VDD_SOC 2703mW/2706mW
08-04-2026 16:44:47 RAM 3862/7620MB (lfb 1x1MB) SWAP 2214/12002MB (cached 117MB) CPU [0%@1728,0%@1728,0%@1728,0%@1728,100%@1728,0%@1728] GR3D_FREQ 23% cpu@58.343C soc2@56.875C soc0@57.718C gpu@58.031C tj@59.281C soc1@59.281C VDD_IN 9517mW/9470mW VDD_CPU_GPU_CV 3271mW/3234mW VDD_SOC 2703mW/2706mW
08-04-2026 16:44:47 RAM 3862/7620MB (lfb 1x1MB) SWAP 2214/12002MB (cached 117MB) CPU [0%@1728,0%@1728,0%@1728,0%@1728,90%@1728,0%@1728] GR3D_FREQ 19% cpu@58.281C soc2@56.968C soc0@57.843C gpu@58.531C tj@59.281C soc1@59.281C VDD_IN 9476mW/9470mW VDD_CPU_GPU_CV 3271mW/3234mW VDD_SOC 2703mW/2706mW
08-04-2026 16:44:47 RAM 3862/7620MB (lfb 1x1MB) SWAP 2214/12002MB (cached 117MB) CPU [0%@1728,0%@1728,0%@1728,0%@1728,100%@1728,0%@1728] GR3D_FREQ 22% cpu@58.375C soc2@57C soc0@57.937C gpu@58.156C tj@59.093C soc1@59.093C VDD_IN 9517mW/9470mW VDD_CPU_GPU_CV 3271mW/3234mW VDD_SOC 2703mW/2706mW
08-04-2026 16:44:47 RAM 3862/7620MB (lfb 1x1MB) SWAP 2214/12002MB (cached 117MB) CPU [0%@1728,0%@1728,0%@1728,0%@1728,100%@1728,0%@1728] GR3D_FREQ 20% cpu@58.406C soc2@56.875C soc0@57.718C gpu@58C tj@59.156C soc1@59.218C VDD_IN 9476mW/9470mW VDD_CPU_GPU_CV 3230mW/3234mW VDD_SOC 2703mW/2706mW
08-04-2026 16:44:47 RAM 3862/7620MB (lfb 1x1MB) SWAP 2214/12002MB (cached 117MB) CPU [0%@1728,0%@1728,0%@1728,0%@1728,100%@1728,0%@1728] GR3D_FREQ 23% cpu@58.593C soc2@56.906C soc0@57.75C gpu@58.5C tj@59.25C soc1@59.25C VDD_IN 9476mW/9470mW VDD_CPU_GPU_CV 3230mW/3234mW VDD_SOC 2703mW/2706mW
08-04-2026 16:44:47 RAM 3862/7620MB (lfb 1x1MB) SWAP 2214/12002MB (cached 117MB) CPU [0%@1728,0%@1728,0%@1728,0%@1728,100%@1728,0%@1728] GR3D_FREQ 19% cpu@58.312C soc2@56.937C soc0@57.75C gpu@58.125C tj@59.281C soc1@59.281C VDD_IN 9476mW/9470mW VDD_CPU_GPU_CV 3230mW/3234mW VDD_SOC 2703mW/2706mW
08-04-2026 16:44:48 RAM 3862/7620MB (lfb 1x1MB) SWAP 2214/12002MB (cached 117MB) CPU [0%@1728,9%@1728,0%@1728,0%@1728,100%@1728,0%@1728] GR3D_FREQ 23% cpu@58.437C soc2@56.968C soc0@57.906C gpu@58.031C tj@59.375C soc1@59.375C VDD_IN 9476mW/9470mW VDD_CPU_GPU_CV 3271mW/3234mW VDD_SOC 2703mW/2706mW
08-04-2026 16:44:48 RAM 3862/7620MB (lfb 1x1MB) SWAP 2214/12002MB (cached 117MB) CPU [0%@1728,0%@1728,0%@1728,0%@1728,100%@1728,0%@1728] GR3D_FREQ 20% cpu@58.437C soc2@57.062C soc0@57.75C gpu@58.468C tj@59.156C soc1@59.156C VDD_IN 9435mW/9470mW VDD_CPU_GPU_CV 3230mW/3234mW VDD_SOC 2703mW/2706mW
08-04-2026 16:44:48 RAM 3862/7620MB (lfb 1x1MB) SWAP 2214/12002MB (cached 117MB) CPU [0%@1728,0%@1728,0%@1728,0%@1728,100%@1728,9%@1728] GR3D_FREQ 20% cpu@58.468C soc2@56.906C soc0@57.656C gpu@58.156C tj@59.187C soc1@59.187C VDD_IN 9476mW/9470mW VDD_CPU_GPU_CV 3271mW/3234mW VDD_SOC 2703mW/2706mW
08-04-2026 16:44:48 RAM 3862/7620MB (lfb 1x1MB) SWAP 2214/12002MB (cached 117MB) CPU [0%@1728,0%@1728,0%@1728,0%@1728,100%@1728,0%@1728] GR3D_FREQ 20% cpu@58.281C soc2@56.875C soc0@57.781C gpu@58C tj@59.25C soc1@59.25C VDD_IN 9435mW/9470mW VDD_CPU_GPU_CV 3230mW/3234mW VDD_SOC 2703mW/2706mW
08-04-2026 16:44:48 RAM 3862/7620MB (lfb 1x1MB) SWAP 2214/12002MB (cached 117MB) CPU [0%@1728,0%@1728,0%@1728,0%@1728,100%@1728,0%@1728] GR3D_FREQ 20% cpu@58.343C soc2@56.968C soc0@57.843C gpu@58.218C tj@59.375C soc1@59.375C VDD_IN 9476mW/9470mW VDD_CPU_GPU_CV 3271mW/3234mW VDD_SOC 2703mW/2706mW
08-04-2026 16:44:48 RAM 3862/7620MB (lfb 1x1MB) SWAP 2214/12002MB (cached 117MB) CPU [0%@1728,0%@1728,0%@1728,0%@1728,100%@1728,9%@1728] GR3D_FREQ 20% cpu@58.437C soc2@57C soc0@57.875C gpu@58.093C tj@59.093C soc1@59.093C VDD_IN 9476mW/9470mW VDD_CPU_GPU_CV 3271mW/3234mW VDD_SOC 2703mW/2706mW
08-04-2026 16:44:48 RAM 3862/7620MB (lfb 1x1MB) SWAP 2214/12002MB (cached 117MB) CPU [9%@1728,0%@1728,0%@1728,10%@1728,100%@1728,0%@1728] GR3D_FREQ 20% cpu@58.531C soc2@56.937C soc0@57.781C gpu@58.625C tj@59.093C soc1@59.093C VDD_IN 9476mW/9470mW VDD_CPU_GPU_CV 3271mW/3234mW VDD_SOC 2703mW/2706mW
08-04-2026 16:44:48 RAM 3862/7620MB (lfb 1x1MB) SWAP 2214/12002MB (cached 117MB) CPU [0%@1728,0%@1728,0%@1728,0%@1728,100%@1728,0%@1728] GR3D_FREQ 20% cpu@58.281C soc2@57.031C soc0@57.75C gpu@58.156C tj@59.218C soc1@59.218C VDD_IN 9476mW/9470mW VDD_CPU_GPU_CV 3271mW/3234mW VDD_SOC 2703mW/2706mW
08-04-2026 16:44:48 RAM 3862/7620MB (lfb 1x1MB) SWAP 2214/12002MB (cached 117MB) CPU [0%@1728,0%@1728,0%@1728,0%@1728,100%@1728,0%@1728] GR3D_FREQ 19% cpu@58.25C soc2@56.906C soc0@57.781C gpu@58.062C tj@59.25C soc1@59.25C VDD_IN 9476mW/9470mW VDD_CPU_GPU_CV 3271mW/3234mW VDD_SOC 2703mW/2706mW
08-04-2026 16:44:48 RAM 3862/7620MB (lfb 1x1MB) SWAP 2214/12002MB (cached 117MB) CPU [8%@1728,9%@1728,0%@1728,0%@1728,100%@1728,0%@1728] GR3D_FREQ 20% cpu@58.312C soc2@56.968C soc0@57.843C gpu@58.5C tj@59.218C soc1@59.218C VDD_IN 9476mW/9470mW VDD_CPU_GPU_CV 3271mW/3234mW VDD_SOC 2703mW/2706mW
08-04-2026 16:44:49 RAM 3862/7620MB (lfb 1x1MB) SWAP 2214/12002MB (cached 117MB) CPU [0%@1728,8%@1728,0%@1728,0%@1728,100%@1728,18%@1728] GR3D_FREQ 19% cpu@58.468C soc2@56.875C soc0@57.687C gpu@58.125C tj@59.125C soc1@59.125C VDD_IN 9517mW/9470mW VDD_CPU_GPU_CV 3271mW/3234mW VDD_SOC 2703mW/2706mW
08-04-2026 16:44:49 RAM 3862/7620MB (lfb 1x1MB) SWAP 2214/12002MB (cached 117MB) CPU [0%@1728,0%@1728,0%@1728,0%@1728,100%@1728,0%@1728] GR3D_FREQ 20% cpu@58.562C soc2@56.906C soc0@57.75C gpu@58.156C tj@59.125C soc1@59.125C VDD_IN 9476mW/9470mW VDD_CPU_GPU_CV 3271mW/3234mW VDD_SOC 2703mW/2706mW
08-04-2026 16:44:49 RAM 3862/7620MB (lfb 1x1MB) SWAP 2214/12002MB (cached 117MB) CPU [0%@1728,0%@1728,0%@1728,0%@1728,100%@1728,0%@1728] GR3D_FREQ 19% cpu@58.343C soc2@56.906C soc0@57.75C gpu@58.5C tj@59.281C soc1@59.281C VDD_IN 9476mW/9470mW VDD_CPU_GPU_CV 3271mW/3235mW VDD_SOC 2703mW/2706mW
08-04-2026 16:44:49 RAM 3862/7620MB (lfb 1x1MB) SWAP 2214/12002MB (cached 117MB) CPU [0%@1728,8%@1728,0%@1728,0%@1728,100%@1728,0%@1728] GR3D_FREQ 20% cpu@58.375C soc2@56.906C soc0@57.906C gpu@58.187C tj@59.375C soc1@59.375C VDD_IN 9435mW/9470mW VDD_CPU_GPU_CV 3271mW/3235mW VDD_SOC 2703mW/2706mW
08-04-2026 16:44:49 RAM 3862/7620MB (lfb 1x1MB) SWAP 2214/12002MB (cached 117MB) CPU [0%@1728,9%@1728,0%@1728,0%@1728,100%@1728,0%@1728] GR3D_FREQ 20% cpu@58.437C soc2@57.031C soc0@57.656C gpu@58.093C tj@59.093C soc1@59.093C VDD_IN 9476mW/9470mW VDD_CPU_GPU_CV 3271mW/3235mW VDD_SOC 2703mW/2706mW
08-04-2026 16:44:49 RAM 3862/7620MB (lfb 1x1MB) SWAP 2214/12002MB (cached 117MB) CPU [0%@1728,0%@1728,0%@1728,0%@1728,100%@1728,0%@1728] GR3D_FREQ 20% cpu@58.468C soc2@56.843C soc0@57.687C gpu@58.531C tj@59.156C soc1@59.156C VDD_IN 9435mW/9470mW VDD_CPU_GPU_CV 3271mW/3235mW VDD_SOC 2703mW/2706mW
08-04-2026 16:44:49 RAM 3862/7620MB (lfb 1x1MB) SWAP 2214/12002MB (cached 117MB) CPU [9%@1728,0%@1728,0%@1728,0%@1728,100%@1728,0%@1728] GR3D_FREQ 19% cpu@58.25C soc2@56.968C soc0@57.75C gpu@58.093C tj@59.25C soc1@59.25C VDD_IN 9476mW/9470mW VDD_CPU_GPU_CV 3271mW/3235mW VDD_SOC 2703mW/2706mW
08-04-2026 16:44:49 RAM 3862/7620MB (lfb 1x1MB) SWAP 2214/12002MB (cached 117MB) CPU [0%@1728,8%@1728,0%@1728,0%@1728,100%@1728,0%@1728] GR3D_FREQ 20% cpu@58.406C soc2@56.937C soc0@57.781C gpu@58.187C tj@59.312C soc1@59.312C VDD_IN 9435mW/9470mW VDD_CPU_GPU_CV 3271mW/3235mW VDD_SOC 2703mW/2706mW
08-04-2026 16:44:49 RAM 3862/7620MB (lfb 1x1MB) SWAP 2214/12002MB (cached 117MB) CPU [9%@1728,0%@1728,0%@1728,0%@1728,100%@1728,0%@1728] GR3D_FREQ 20% cpu@58.406C soc2@56.812C soc0@57.968C gpu@58.218C tj@59.125C soc1@59.125C VDD_IN 9435mW/9469mW VDD_CPU_GPU_CV 3271mW/3235mW VDD_SOC 2703mW/2706mW
08-04-2026 16:44:50 RAM 3862/7620MB (lfb 1x1MB) SWAP 2214/12002MB (cached 117MB) CPU [0%@1728,0%@1728,8%@1728,0%@1728,100%@1728,0%@1728] GR3D_FREQ 19% cpu@58.531C soc2@56.781C soc0@57.75C gpu@58.093C tj@59.156C soc1@59.156C VDD_IN 9435mW/9469mW VDD_CPU_GPU_CV 3271mW/3235mW VDD_SOC 2703mW/2706mW
08-04-2026 16:44:50 RAM 3862/7620MB (lfb 1x1MB) SWAP 2214/12002MB (cached 117MB) CPU [0%@1728,0%@1728,0%@1728,8%@1728,100%@1728,0%@1728] GR3D_FREQ 19% cpu@58.5C soc2@56.906C soc0@57.687C gpu@58.093C tj@59.25C soc1@59.25C VDD_IN 9476mW/9469mW VDD_CPU_GPU_CV 3271mW/3235mW VDD_SOC 2703mW/2706mW
08-04-2026 16:44:50 RAM 3862/7620MB (lfb 1x1MB) SWAP 2214/12002MB (cached 117MB) CPU [0%@1728,8%@1728,0%@1728,0%@1728,100%@1728,0%@1728] GR3D_FREQ 19% cpu@58.437C soc2@56.906C soc0@57.781C gpu@58.218C tj@59.281C soc1@59.281C VDD_IN 9435mW/9469mW VDD_CPU_GPU_CV 3271mW/3235mW VDD_SOC 2703mW/2706mW
08-04-2026 16:44:50 RAM 3862/7620MB (lfb 1x1MB) SWAP 2214/12002MB (cached 117MB) CPU [0%@1728,0%@1728,0%@1728,0%@1728,100%@1728,0%@1728] GR3D_FREQ 19% cpu@58.437C soc2@56.968C soc0@57.875C gpu@58.187C tj@59.281C soc1@59.281C VDD_IN 9435mW/9469mW VDD_CPU_GPU_CV 3271mW/3235mW VDD_SOC 2703mW/2706mW
08-04-2026 16:44:50 RAM 3862/7620MB (lfb 1x1MB) SWAP 2214/12002MB (cached 117MB) CPU [10%@1728,0%@1728,20%@1728,9%@1728,100%@1728,0%@1728] GR3D_FREQ 19% cpu@58.5C soc2@57.031C soc0@57.906C gpu@58.656C tj@59.093C soc1@59.093C VDD_IN 9517mW/9469mW VDD_CPU_GPU_CV 3271mW/3235mW VDD_SOC 2703mW/2706mW
08-04-2026 16:44:50 RAM 3862/7620MB (lfb 1x1MB) SWAP 2214/12002MB (cached 117MB) CPU [0%@1728,0%@1728,9%@1728,0%@1728,100%@1728,0%@1728] GR3D_FREQ 19% cpu@58.531C soc2@56.906C soc0@57.687C gpu@58.156C tj@59.187C soc1@59.187C VDD_IN 9476mW/9469mW VDD_CPU_GPU_CV 3271mW/3235mW VDD_SOC 2703mW/2706mW
08-04-2026 16:44:50 RAM 3862/7620MB (lfb 1x1MB) SWAP 2214/12002MB (cached 117MB) CPU [0%@1728,0%@1728,0%@1728,0%@1728,100%@1728,0%@1728] GR3D_FREQ 19% cpu@58.218C soc2@56.906C soc0@57.812C gpu@58.093C tj@59.156C soc1@59.156C VDD_IN 9476mW/9469mW VDD_CPU_GPU_CV 3271mW/3235mW VDD_SOC 2703mW/2706mW
08-04-2026 16:44:50 RAM 3862/7620MB (lfb 1x1MB) SWAP 2214/12002MB (cached 117MB) CPU [0%@1728,0%@1728,0%@1728,0%@1728,100%@1728,0%@1728] GR3D_FREQ 19% cpu@58.343C soc2@56.906C soc0@57.875C gpu@58.531C tj@59.312C soc1@59.312C VDD_IN 9435mW/9469mW VDD_CPU_GPU_CV 3271mW/3235mW VDD_SOC 2703mW/2706mW
08-04-2026 16:44:50 RAM 3862/7620MB (lfb 1x1MB) SWAP 2214/12002MB (cached 117MB) CPU [0%@1728,0%@1728,0%@1728,0%@1728,100%@1728,0%@1728] GR3D_FREQ 20% cpu@58.406C soc2@56.968C soc0@57.937C gpu@58.125C tj@59.125C soc1@59.125C VDD_IN 9476mW/9469mW VDD_CPU_GPU_CV 3271mW/3235mW VDD_SOC 2703mW/2706mW
08-04-2026 16:44:50 RAM 3862/7620MB (lfb 1x1MB) SWAP 2214/12002MB (cached 117MB) CPU [0%@1728,8%@1728,0%@1728,0%@1728,100%@1728,0%@1728] GR3D_FREQ 19% cpu@58.468C soc2@56.906C soc0@57.75C gpu@58.093C tj@59.125C soc1@59.125C VDD_IN 9476mW/9469mW VDD_CPU_GPU_CV 3230mW/3235mW VDD_SOC 2703mW/2706mW
08-04-2026 16:44:51 RAM 3862/7620MB (lfb 1x1MB) SWAP 2214/12002MB (cached 117MB) CPU [0%@1728,0%@1728,0%@1728,0%@1728,100%@1728,0%@1728] GR3D_FREQ 19% cpu@58.593C soc2@56.937C soc0@57.812C gpu@58.5C tj@59.187C soc1@59.187C VDD_IN 9476mW/9469mW VDD_CPU_GPU_CV 3230mW/3235mW VDD_SOC 2703mW/2706mW
08-04-2026 16:44:51 RAM 3862/7620MB (lfb 1x1MB) SWAP 2214/12002MB (cached 117MB) CPU [0%@1728,0%@1728,9%@1728,0%@1728,100%@1728,0%@1728] GR3D_FREQ 19% cpu@58.375C soc2@56.875C soc0@57.812C gpu@58.062C tj@59.25C soc1@59.25C VDD_IN 9476mW/9469mW VDD_CPU_GPU_CV 3230mW/3235mW VDD_SOC 2703mW/2706mW
08-04-2026 16:44:51 RAM 3862/7620MB (lfb 1x1MB) SWAP 2214/12002MB (cached 117MB) CPU [0%@1728,0%@1728,0%@1728,0%@1728,100%@1728,0%@1728] GR3D_FREQ 18% cpu@58.343C soc2@57.031C soc0@57.906C gpu@58.062C tj@59.406C soc1@59.156C VDD_IN 9476mW/9469mW VDD_CPU_GPU_CV 3230mW/3235mW VDD_SOC 2703mW/2706mW
08-04-2026 16:44:51 RAM 3862/7620MB (lfb 1x1MB) SWAP 2214/12002MB (cached 117MB) CPU [0%@1728,8%@1728,0%@1728,0%@1728,90%@1728,0%@1728] GR3D_FREQ 20% cpu@58.468C soc2@56.875C soc0@57.687C gpu@58.5C tj@59.218C soc1@59.218C VDD_IN 9435mW/9469mW VDD_CPU_GPU_CV 3230mW/3235mW VDD_SOC 2703mW/2706mW
08-04-2026 16:44:51 RAM 3862/7620MB (lfb 1x1MB) SWAP 2214/12002MB (cached 117MB) CPU [0%@1728,0%@1728,0%@1728,0%@1728,100%@1728,0%@1728] GR3D_FREQ 19% cpu@58.468C soc2@57.031C soc0@57.75C gpu@58.093C tj@59.218C soc1@59.218C VDD_IN 9435mW/9469mW VDD_CPU_GPU_CV 3230mW/3235mW VDD_SOC 2703mW/2706mW
08-04-2026 16:44:51 RAM 3862/7620MB (lfb 1x1MB) SWAP 2214/12002MB (cached 117MB) CPU [0%@1728,0%@1728,0%@1728,0%@1728,100%@1728,0%@1728] GR3D_FREQ 20% cpu@58.218C soc2@56.968C soc0@57.687C gpu@58C tj@59.25C soc1@59.281C VDD_IN 9435mW/9469mW VDD_CPU_GPU_CV 3230mW/3235mW VDD_SOC 2703mW/2706mW
08-04-2026 16:44:51 RAM 3862/7620MB (lfb 1x1MB) SWAP 2214/12002MB (cached 117MB) CPU [0%@1728,0%@1728,0%@1728,0%@1728,100%@1728,0%@1728] GR3D_FREQ 21% cpu@58.406C soc2@57C soc0@57.875C gpu@58.218C tj@59.312C soc1@59.312C VDD_IN 9435mW/9469mW VDD_CPU_GPU_CV 3230mW/3235mW VDD_SOC 2703mW/2706mW
08-04-2026 16:44:51 RAM 3862/7620MB (lfb 1x1MB) SWAP 2214/12002MB (cached 117MB) CPU [0%@1728,0%@1728,0%@1728,0%@1728,100%@1728,0%@1728] GR3D_FREQ 19% cpu@58.406C soc2@57.031C soc0@57.875C gpu@58.062C tj@59.125C soc1@59.125C VDD_IN 9435mW/9469mW VDD_CPU_GPU_CV 3271mW/3235mW VDD_SOC 2703mW/2706mW
08-04-2026 16:44:51 RAM 3862/7620MB (lfb 1x1MB) SWAP 2214/12002MB (cached 117MB) CPU [0%@1728,0%@1728,0%@1728,9%@1728,100%@1728,0%@1728] GR3D_FREQ 22% cpu@58.468C soc2@56.843C soc0@57.656C gpu@58C tj@59.156C soc1@59.156C VDD_IN 9435mW/9469mW VDD_CPU_GPU_CV 3271mW/3235mW VDD_SOC 2703mW/2706mW
08-04-2026 16:44:52 RAM 3862/7620MB (lfb 1x1MB) SWAP 2214/12002MB (cached 117MB) CPU [0%@1728,0%@1728,0%@1728,0%@1728,100%@1728,0%@1728] GR3D_FREQ 19% cpu@58.625C soc2@56.937C soc0@57.781C gpu@58.218C tj@59.218C soc1@59.218C VDD_IN 9435mW/9469mW VDD_CPU_GPU_CV 3230mW/3235mW VDD_SOC 2703mW/2706mW
08-04-2026 16:44:52 RAM 3862/7620MB (lfb 1x1MB) SWAP 2214/12002MB (cached 117MB) CPU [0%@1728,0%@1728,0%@1728,0%@1728,100%@1728,0%@1728] GR3D_FREQ 22% cpu@58.312C soc2@56.906C soc0@57.812C gpu@58.093C tj@59.312C soc1@59.312C VDD_IN 9435mW/9469mW VDD_CPU_GPU_CV 3271mW/3235mW VDD_SOC 2703mW/2706mW
08-04-2026 16:44:52 RAM 3862/7620MB (lfb 1x1MB) SWAP 2214/12002MB (cached 117MB) CPU [0%@1728,0%@1728,0%@1728,0%@1728,100%@1728,0%@1728] GR3D_FREQ 19% cpu@58.406C soc2@57.062C soc0@57.843C gpu@58.593C tj@59.375C soc1@59.375C VDD_IN 9435mW/9469mW VDD_CPU_GPU_CV 3230mW/3235mW VDD_SOC 2703mW/2706mW
08-04-2026 16:44:52 RAM 3862/7620MB (lfb 1x1MB) SWAP 2214/12002MB (cached 117MB) CPU [0%@1728,0%@1728,0%@1728,0%@1728,100%@1728,0%@1728] GR3D_FREQ 22% cpu@58.437C soc2@57C soc0@57.75C gpu@58.093C tj@59.187C soc1@59.187C VDD_IN 9476mW/9469mW VDD_CPU_GPU_CV 3230mW/3235mW VDD_SOC 2703mW/2706mW
08-04-2026 16:44:52 RAM 3862/7620MB (lfb 1x1MB) SWAP 2214/12002MB (cached 117MB) CPU [0%@1728,0%@1728,0%@1728,0%@1728,100%@1728,0%@1728] GR3D_FREQ 20% cpu@58.562C soc2@56.968C soc0@57.75C gpu@58.093C tj@59.187C soc1@59.187C VDD_IN 9435mW/9469mW VDD_CPU_GPU_CV 3230mW/3235mW VDD_SOC 2703mW/2706mW
08-04-2026 16:44:52 RAM 3862/7620MB (lfb 1x1MB) SWAP 2214/12002MB (cached 117MB) CPU [0%@1728,8%@1728,9%@1728,0%@1728,100%@1728,0%@1728] GR3D_FREQ 22% cpu@58.218C soc2@56.937C soc0@57.781C gpu@58.187C tj@59.156C soc1@59.156C VDD_IN 9476mW/9469mW VDD_CPU_GPU_CV 3230mW/3235mW VDD_SOC 2703mW/2706mW
08-04-2026 16:44:52 RAM 3862/7620MB (lfb 1x1MB) SWAP 2214/12002MB (cached 117MB) CPU [0%@1728,0%@1728,0%@1728,18%@1728,100%@1728,0%@1728] GR3D_FREQ 20% cpu@58.375C soc2@56.968C soc0@57.937C gpu@58.125C tj@59.343C soc1@59.343C VDD_IN 9476mW/9469mW VDD_CPU_GPU_CV 3230mW/3235mW VDD_SOC 2703mW/2706mW
08-04-2026 16:44:52 RAM 3862/7620MB (lfb 1x1MB) SWAP 2214/12002MB (cached 117MB) CPU [0%@1728,0%@1728,0%@1728,0%@1728,100%@1728,0%@1728] GR3D_FREQ 22% cpu@58.437C soc2@57C soc0@58.031C gpu@58.125C tj@59.156C soc1@59.156C VDD_IN 9476mW/9469mW VDD_CPU_GPU_CV 3230mW/3235mW VDD_SOC 2703mW/2706mW
08-04-2026 16:44:52 RAM 3862/7620MB (lfb 1x1MB) SWAP 2214/12002MB (cached 117MB) CPU [0%@1728,0%@1728,0%@1728,0%@1728,100%@1728,0%@1728] GR3D_FREQ 19% cpu@58.468C soc2@56.812C soc0@57.75C gpu@58.187C tj@59.218C soc1@59.218C VDD_IN 9435mW/9469mW VDD_CPU_GPU_CV 3271mW/3236mW VDD_SOC 2703mW/2706mW
08-04-2026 16:44:52 RAM 3862/7620MB (lfb 1x1MB) SWAP 2214/12002MB (cached 117MB) CPU [9%@1728,0%@1728,0%@1728,0%@1728,100%@1728,0%@1728] GR3D_FREQ 22% cpu@58.625C soc2@56.937C soc0@57.75C gpu@58.156C tj@59.187C soc1@59.187C VDD_IN 9476mW/9469mW VDD_CPU_GPU_CV 3271mW/3236mW VDD_SOC 2703mW/2706mW
08-04-2026 16:44:53 RAM 3862/7620MB (lfb 1x1MB) SWAP 2214/12002MB (cached 117MB) CPU [9%@1728,0%@1728,0%@1728,0%@1728,100%@1728,0%@1728] GR3D_FREQ 19% cpu@58.312C soc2@56.937C soc0@57.843C gpu@58.125C tj@59.218C soc1@59.218C VDD_IN 9476mW/9469mW VDD_CPU_GPU_CV 3230mW/3236mW VDD_SOC 2703mW/2706mW
08-04-2026 16:44:53 RAM 3862/7620MB (lfb 1x1MB) SWAP 2214/12002MB (cached 117MB) CPU [0%@1728,9%@1728,0%@1728,0%@1728,100%@1728,0%@1728] GR3D_FREQ 23% cpu@58.375C soc2@56.968C soc0@57.937C gpu@58.281C tj@59.406C soc1@59.406C VDD_IN 9476mW/9469mW VDD_CPU_GPU_CV 3271mW/3236mW VDD_SOC 2703mW/2706mW
08-04-2026 16:44:53 RAM 3862/7620MB (lfb 1x1MB) SWAP 2214/12002MB (cached 117MB) CPU [0%@1728,0%@1728,0%@1728,0%@1728,100%@1728,0%@1728] GR3D_FREQ 19% cpu@58.468C soc2@56.875C soc0@57.718C gpu@58.187C tj@59.156C soc1@59.156C VDD_IN 9476mW/9469mW VDD_CPU_GPU_CV 3271mW/3236mW VDD_SOC 2703mW/2706mW
08-04-2026 16:44:53 RAM 3862/7620MB (lfb 1x1MB) SWAP 2214/12002MB (cached 117MB) CPU [0%@1728,0%@1728,0%@1728,0%@1728,100%@1728,0%@1728] GR3D_FREQ 23% cpu@58.656C soc2@56.875C soc0@57.625C gpu@58.093C tj@59.281C soc1@59.281C VDD_IN 9476mW/9469mW VDD_CPU_GPU_CV 3230mW/3236mW VDD_SOC 2703mW/2706mW
08-04-2026 16:44:53 RAM 3862/7620MB (lfb 1x1MB) SWAP 2214/12002MB (cached 117MB) CPU [0%@1728,0%@1728,0%@1728,0%@1728,100%@1728,0%@1728] GR3D_FREQ 19% cpu@58.343C soc2@57C soc0@57.781C gpu@58.156C tj@59.25C soc1@59.25C VDD_IN 9476mW/9469mW VDD_CPU_GPU_CV 3271mW/3236mW VDD_SOC 2703mW/2706mW
08-04-2026 16:44:53 RAM 3862/7620MB (lfb 1x1MB) SWAP 2214/12002MB (cached 117MB) CPU [0%@1728,0%@1728,0%@1728,0%@1728,100%@1728,0%@1728] GR3D_FREQ 23% cpu@58.406C soc2@57.031C soc0@57.906C gpu@58.156C tj@59.406C soc1@59.406C VDD_IN 9476mW/9469mW VDD_CPU_GPU_CV 3230mW/3236mW VDD_SOC 2703mW/2706mW
08-04-2026 16:44:53 RAM 3870/7620MB (lfb 1x1MB) SWAP 2214/12002MB (cached 117MB) CPU [0%@1728,0%@1728,27%@1728,0%@1728,100%@1728,0%@1728] GR3D_FREQ 19% cpu@58.5C soc2@57.031C soc0@57.968C gpu@58.093C tj@59.125C soc1@59.125C VDD_IN 9517mW/9469mW VDD_CPU_GPU_CV 3312mW/3236mW VDD_SOC 2703mW/2706mW
08-04-2026 16:44:53 RAM 3869/7620MB (lfb 1x1MB) SWAP 2214/12002MB (cached 117MB) CPU [0%@1728,0%@1728,0%@1728,0%@1728,100%@1728,0%@1728] GR3D_FREQ 23% cpu@58.531C soc2@56.937C soc0@57.718C gpu@58.218C tj@59.187C soc1@59.187C VDD_IN 9517mW/9469mW VDD_CPU_GPU_CV 3271mW/3236mW VDD_SOC 2703mW/2706mW
08-04-2026 16:44:53 RAM 3869/7620MB (lfb 1x1MB) SWAP 2214/12002MB (cached 117MB) CPU [0%@1728,9%@1728,0%@1728,8%@1728,100%@1728,0%@1728] GR3D_FREQ 19% cpu@58.343C soc2@56.906C soc0@57.75C gpu@58.125C tj@59.218C soc1@59.218C VDD_IN 9517mW/9469mW VDD_CPU_GPU_CV 3271mW/3236mW VDD_SOC 2703mW/2706mW
08-04-2026 16:44:54 RAM 3869/7620MB (lfb 1x1MB) SWAP 2214/12002MB (cached 117MB) CPU [0%@1728,0%@1728,0%@1728,0%@1728,100%@1728,0%@1728] GR3D_FREQ 23% cpu@58.406C soc2@57C soc0@57.906C gpu@58.625C tj@59.312C soc1@59.312C VDD_IN 9517mW/9469mW VDD_CPU_GPU_CV 3271mW/3236mW VDD_SOC 2703mW/2706mW
08-04-2026 16:44:54 RAM 3869/7620MB (lfb 1x1MB) SWAP 2214/12002MB (cached 117MB) CPU [9%@1728,0%@1728,0%@1728,0%@1728,100%@1728,0%@1728] GR3D_FREQ 19% cpu@58.468C soc2@56.968C soc0@57.875C gpu@58.093C tj@59.125C soc1@59.125C VDD_IN 9476mW/9469mW VDD_CPU_GPU_CV 3271mW/3236mW VDD_SOC 2703mW/2706mW
08-04-2026 16:44:54 RAM 3869/7620MB (lfb 1x1MB) SWAP 2214/12002MB (cached 117MB) CPU [0%@1728,8%@1728,0%@1728,0%@1728,100%@1728,0%@1728] GR3D_FREQ 23% cpu@58.562C soc2@56.875C soc0@57.781C gpu@58.156C tj@59.156C soc1@59.156C VDD_IN 9476mW/9469mW VDD_CPU_GPU_CV 3230mW/3236mW VDD_SOC 2703mW/2706mW
08-04-2026 16:44:54 RAM 3869/7620MB (lfb 1x1MB) SWAP 2214/12002MB (cached 117MB) CPU [0%@1728,0%@1728,0%@1728,0%@1728,100%@1728,0%@1728] GR3D_FREQ 19% cpu@58.562C soc2@56.937C soc0@57.781C gpu@58.562C tj@59.25C soc1@59.25C VDD_IN 9476mW/9469mW VDD_CPU_GPU_CV 3230mW/3236mW VDD_SOC 2703mW/2706mW
08-04-2026 16:44:54 RAM 3869/7620MB (lfb 1x1MB) SWAP 2214/12002MB (cached 117MB) CPU [0%@1728,0%@1728,0%@1728,0%@1728,100%@1728,0%@1728] GR3D_FREQ 22% cpu@58.312C soc2@57C soc0@57.812C gpu@58.187C tj@59.312C soc1@59.312C VDD_IN 9476mW/9469mW VDD_CPU_GPU_CV 3230mW/3236mW VDD_SOC 2703mW/2706mW
08-04-2026 16:44:54 RAM 3869/7620MB (lfb 1x1MB) SWAP 2214/12002MB (cached 117MB) CPU [0%@1728,0%@1728,0%@1728,9%@1728,100%@1728,8%@1728] GR3D_FREQ 20% cpu@58.437C soc2@56.937C soc0@57.906C gpu@58.125C tj@59.406C soc1@59.406C VDD_IN 9476mW/9469mW VDD_CPU_GPU_CV 3230mW/3236mW VDD_SOC 2703mW/2706mW
08-04-2026 16:44:54 RAM 3869/7620MB (lfb 1x1MB) SWAP 2214/12002MB (cached 117MB) CPU [9%@1728,0%@1728,0%@1728,0%@1728,100%@1728,0%@1728] GR3D_FREQ 23% cpu@58.468C soc2@56.875C soc0@57.718C gpu@58.531C tj@59.25C soc1@59.25C VDD_IN 9476mW/9469mW VDD_CPU_GPU_CV 3230mW/3236mW VDD_SOC 2703mW/2706mW
08-04-2026 16:44:54 RAM 3869/7620MB (lfb 1x1MB) SWAP 2214/12002MB (cached 117MB) CPU [0%@1728,0%@1728,0%@1728,0%@1728,100%@1728,0%@1728] GR3D_FREQ 19% cpu@58.5C soc2@56.968C soc0@57.781C gpu@58.093C tj@59.187C soc1@59.187C VDD_IN 9435mW/9469mW VDD_CPU_GPU_CV 3230mW/3236mW VDD_SOC 2703mW/2706mW
08-04-2026 16:44:54 RAM 3869/7620MB (lfb 1x1MB) SWAP 2214/12002MB (cached 117MB) CPU [0%@1728,0%@1728,0%@1728,0%@1728,100%@1728,9%@1728] GR3D_FREQ 23% cpu@58.437C soc2@57C soc0@57.781C gpu@58.062C tj@59.281C soc1@59.281C VDD_IN 9476mW/9469mW VDD_CPU_GPU_CV 3230mW/3236mW VDD_SOC 2703mW/2706mW
08-04-2026 16:44:54 RAM 3869/7620MB (lfb 1x1MB) SWAP 2214/12002MB (cached 117MB) CPU [0%@1728,16%@1728,0%@1728,0%@1728,100%@1728,0%@1728] GR3D_FREQ 20% cpu@58.343C soc2@56.937C soc0@57.843C gpu@58.156C tj@59.343C soc1@59.343C VDD_IN 9476mW/9469mW VDD_CPU_GPU_CV 3230mW/3236mW VDD_SOC 2703mW/2706mW
08-04-2026 16:44:55 RAM 3869/7620MB (lfb 1x1MB) SWAP 2214/12002MB (cached 117MB) CPU [0%@1728,0%@1728,0%@1728,0%@1728,100%@1728,0%@1728] GR3D_FREQ 20% cpu@58.437C soc2@57.031C soc0@57.906C gpu@58.062C tj@59.156C soc1@59.156C VDD_IN 9476mW/9469mW VDD_CPU_GPU_CV 3230mW/3236mW VDD_SOC 2703mW/2706mW
08-04-2026 16:44:55 RAM 3869/7620MB (lfb 1x1MB) SWAP 2214/12002MB (cached 117MB) CPU [0%@1728,0%@1728,0%@1728,0%@1728,91%@1728,0%@1728] GR3D_FREQ 20% cpu@58.5C soc2@56.968C soc0@57.687C gpu@58.031C tj@59.156C soc1@59.156C VDD_IN 9435mW/9469mW VDD_CPU_GPU_CV 3230mW/3236mW VDD_SOC 2703mW/2706mW
08-04-2026 16:44:55 RAM 3869/7620MB (lfb 1x1MB) SWAP 2214/12002MB (cached 117MB) CPU [0%@1728,0%@1728,0%@1728,0%@1728,100%@1728,0%@1728] GR3D_FREQ 20% cpu@58.593C soc2@56.937C soc0@57.75C gpu@58.062C tj@59.156C soc1@59.156C VDD_IN 9476mW/9469mW VDD_CPU_GPU_CV 3230mW/3236mW VDD_SOC 2703mW/2706mW
08-04-2026 16:44:55 RAM 3869/7620MB (lfb 1x1MB) SWAP 2214/12002MB (cached 117MB) CPU [0%@1728,0%@1728,0%@1728,0%@1728,100%@1728,0%@1728] GR3D_FREQ 19% cpu@58.312C soc2@56.937C soc0@57.812C gpu@58.062C tj@59.312C soc1@59.312C VDD_IN 9435mW/9469mW VDD_CPU_GPU_CV 3230mW/3236mW VDD_SOC 2703mW/2706mW
08-04-2026 16:44:55 RAM 3869/7620MB (lfb 1x1MB) SWAP 2214/12002MB (cached 117MB) CPU [0%@1728,0%@1728,0%@1728,0%@1728,100%@1728,0%@1728] GR3D_FREQ 19% cpu@58.406C soc2@56.968C soc0@57.937C gpu@58C tj@59.343C soc1@59.218C VDD_IN 9435mW/9469mW VDD_CPU_GPU_CV 3230mW/3236mW VDD_SOC 2703mW/2706mW
08-04-2026 16:44:55 RAM 3869/7620MB (lfb 1x1MB) SWAP 2214/12002MB (cached 117MB) CPU [0%@1728,9%@1728,0%@1728,9%@1728,100%@1728,0%@1728] GR3D_FREQ 19% cpu@58.468C soc2@56.906C soc0@57.75C gpu@58.062C tj@59.156C soc1@59.156C VDD_IN 9435mW/9469mW VDD_CPU_GPU_CV 3230mW/3236mW VDD_SOC 2703mW/2706mW
08-04-2026 16:44:55 RAM 3869/7620MB (lfb 1x1MB) SWAP 2214/12002MB (cached 117MB) CPU [0%@1728,0%@1728,8%@1728,0%@1728,100%@1728,0%@1728] GR3D_FREQ 20% cpu@58.593C soc2@56.937C soc0@57.75C gpu@58.093C tj@59.218C soc1@59.218C VDD_IN 9476mW/9469mW VDD_CPU_GPU_CV 3271mW/3236mW VDD_SOC 2703mW/2706mW
08-04-2026 16:44:55 RAM 3869/7620MB (lfb 1x1MB) SWAP 2214/12002MB (cached 117MB) CPU [0%@1728,0%@1728,0%@1728,0%@1728,100%@1728,0%@1728] GR3D_FREQ 19% cpu@58.281C soc2@57C soc0@57.843C gpu@58.593C tj@59.312C soc1@59.312C VDD_IN 9435mW/9469mW VDD_CPU_GPU_CV 3271mW/3236mW VDD_SOC 2703mW/2706mW
08-04-2026 16:44:55 RAM 3869/7620MB (lfb 1x1MB) SWAP 2214/12002MB (cached 117MB) CPU [0%@1728,0%@1728,0%@1728,0%@1728,100%@1728,0%@1728] GR3D_FREQ 20% cpu@58.343C soc2@56.937C soc0@57.843C gpu@58.156C tj@59.406C soc1@59.406C VDD_IN 9435mW/9469mW VDD_CPU_GPU_CV 3271mW/3236mW VDD_SOC 2703mW/2706mW
08-04-2026 16:44:56 RAM 3869/7620MB (lfb 1x1MB) SWAP 2214/12002MB (cached 117MB) CPU [0%@1728,9%@1728,0%@1728,0%@1728,100%@1728,0%@1728] GR3D_FREQ 19% cpu@58.343C soc2@56.906C soc0@58C gpu@58.062C tj@59.218C soc1@59.218C VDD_IN 9476mW/9469mW VDD_CPU_GPU_CV 3230mW/3236mW VDD_SOC 2703mW/2706mW
08-04-2026 16:44:56 RAM 3869/7620MB (lfb 1x1MB) SWAP 2214/12002MB (cached 117MB) CPU [0%@1728,0%@1728,0%@1728,0%@1728,100%@1728,0%@1728] GR3D_FREQ 20% cpu@58.5C soc2@56.875C soc0@57.75C gpu@58.562C tj@59.187C soc1@59.187C VDD_IN 9476mW/9469mW VDD_CPU_GPU_CV 3230mW/3236mW VDD_SOC 2703mW/2706mW
08-04-2026 16:44:56 RAM 3869/7620MB (lfb 1x1MB) SWAP 2214/12002MB (cached 117MB) CPU [0%@1728,0%@1728,0%@1728,8%@1728,100%@1728,0%@1728] GR3D_FREQ 20% cpu@58.281C soc2@56.968C soc0@57.812C gpu@58.187C tj@59.25C soc1@59.25C VDD_IN 9476mW/9469mW VDD_CPU_GPU_CV 3230mW/3236mW VDD_SOC 2703mW/2706mW
08-04-2026 16:44:56 RAM 3869/7620MB (lfb 1x1MB) SWAP 2214/12002MB (cached 117MB) CPU [0%@1728,0%@1728,0%@1728,0%@1728,100%@1728,0%@1728] GR3D_FREQ 20% cpu@58.281C soc2@56.937C soc0@57.843C gpu@58.125C tj@59.281C soc1@59.281C VDD_IN 9476mW/9469mW VDD_CPU_GPU_CV 3230mW/3236mW VDD_SOC 2703mW/2706mW
08-04-2026 16:44:56 RAM 3869/7620MB (lfb 1x1MB) SWAP 2214/12002MB (cached 117MB) CPU [8%@1728,0%@1728,0%@1728,0%@1728,100%@1728,0%@1728] GR3D_FREQ 19% cpu@58.343C soc2@57C soc0@57.906C gpu@58.25C tj@59.187C soc1@59.187C VDD_IN 9435mW/9469mW VDD_CPU_GPU_CV 3230mW/3236mW VDD_SOC 2703mW/2706mW
08-04-2026 16:44:56 RAM 3869/7620MB (lfb 1x1MB) SWAP 2214/12002MB (cached 117MB) CPU [0%@1728,0%@1728,0%@1728,0%@1728,100%@1728,0%@1728] GR3D_FREQ 20% cpu@58.437C soc2@56.875C soc0@57.75C gpu@58.156C tj@59.281C soc1@59.281C VDD_IN 9476mW/9469mW VDD_CPU_GPU_CV 3271mW/3236mW VDD_SOC 2703mW/2706mW
08-04-2026 16:44:56 RAM 3869/7620MB (lfb 1x1MB) SWAP 2214/12002MB (cached 117MB) CPU [0%@1728,0%@1728,0%@1728,0%@1728,100%@1728,0%@1728] GR3D_FREQ 20% cpu@58.593C soc2@56.937C soc0@57.781C gpu@58C tj@59.25C soc1@59.25C VDD_IN 9476mW/9469mW VDD_CPU_GPU_CV 3230mW/3236mW VDD_SOC 2703mW/2706mW
08-04-2026 16:44:56 RAM 3869/7620MB (lfb 1x1MB) SWAP 2214/12002MB (cached 117MB) CPU [0%@1728,0%@1728,0%@1728,0%@1728,100%@1728,0%@1728] GR3D_FREQ 19% cpu@58.281C soc2@57C soc0@57.75C gpu@58.218C tj@59.312C soc1@59.312C VDD_IN 9476mW/9469mW VDD_CPU_GPU_CV 3271mW/3236mW VDD_SOC 2703mW/2706mW
08-04-2026 16:44:56 RAM 3869/7620MB (lfb 1x1MB) SWAP 2214/12002MB (cached 117MB) CPU [0%@1728,0%@1728,0%@1728,0%@1728,100%@1728,9%@1728] GR3D_FREQ 19% cpu@58.406C soc2@56.968C soc0@57.875C gpu@58.125C tj@59.375C soc1@59.375C VDD_IN 9476mW/9469mW VDD_CPU_GPU_CV 3230mW/3236mW VDD_SOC 2703mW/2706mW
08-04-2026 16:44:56 RAM 3870/7620MB (lfb 1x1MB) SWAP 2214/12002MB (cached 117MB) CPU [9%@1728,9%@1728,27%@1728,0%@1728,100%@1728,0%@1728] GR3D_FREQ 19% cpu@58.593C soc2@57.062C soc0@57.718C gpu@58.062C tj@59.25C soc1@59.25C VDD_IN 9558mW/9469mW VDD_CPU_GPU_CV 3312mW/3236mW VDD_SOC 2744mW/2706mW
08-04-2026 16:44:57 RAM 3870/7620MB (lfb 1x1MB) SWAP 2214/12002MB (cached 117MB) CPU [0%@1728,16%@1728,0%@1728,0%@1728,100%@1728,0%@1728] GR3D_FREQ 19% cpu@58.593C soc2@56.906C soc0@57.75C gpu@58.187C tj@59.156C soc1@59.156C VDD_IN 9517mW/9469mW VDD_CPU_GPU_CV 3312mW/3236mW VDD_SOC 2703mW/2706mW
08-04-2026 16:44:57 RAM 3869/7620MB (lfb 1x1MB) SWAP 2214/12002MB (cached 117MB) CPU [0%@1728,0%@1728,0%@1728,8%@1728,100%@1728,0%@1728] GR3D_FREQ 19% cpu@58.375C soc2@56.906C soc0@57.781C gpu@58.125C tj@59.187C soc1@59.281C VDD_IN 9558mW/9469mW VDD_CPU_GPU_CV 3271mW/3236mW VDD_SOC 2744mW/2706mW
08-04-2026 16:44:57 RAM 3869/7620MB (lfb 1x1MB) SWAP 2214/12002MB (cached 117MB) CPU [0%@1728,0%@1728,0%@1728,0%@1728,100%@1728,0%@1728] GR3D_FREQ 19% cpu@58.343C soc2@56.906C soc0@57.906C gpu@58.031C tj@59.375C soc1@59.375C VDD_IN 9517mW/9469mW VDD_CPU_GPU_CV 3271mW/3236mW VDD_SOC 2703mW/2706mW
08-04-2026 16:44:57 RAM 3869/7620MB (lfb 1x1MB) SWAP 2214/12002MB (cached 117MB) CPU [0%@1728,0%@1728,0%@1728,0%@1728,100%@1728,0%@1728] GR3D_FREQ 19% cpu@58.406C soc2@57C soc0@57.968C gpu@58.218C tj@59.156C soc1@59.156C VDD_IN 9517mW/9470mW VDD_CPU_GPU_CV 3271mW/3236mW VDD_SOC 2703mW/2706mW
08-04-2026 16:44:57 RAM 3870/7620MB (lfb 1x1MB) SWAP 2214/12002MB (cached 117MB) CPU [0%@1728,0%@1728,0%@1728,0%@1728,100%@1728,0%@1728] GR3D_FREQ 19% cpu@58.468C soc2@56.937C soc0@57.75C gpu@58.156C tj@59.187C soc1@59.187C VDD_IN 9476mW/9470mW VDD_CPU_GPU_CV 3271mW/3236mW VDD_SOC 2703mW/2706mW
08-04-2026 16:44:57 RAM 3870/7620MB (lfb 1x1MB) SWAP 2214/12002MB (cached 117MB) CPU [0%@1728,9%@1728,0%@1728,0%@1728,100%@1728,0%@1728] GR3D_FREQ 19% cpu@58.281C soc2@57C soc0@57.687C gpu@58.625C tj@59.218C soc1@59.218C VDD_IN 9517mW/9470mW VDD_CPU_GPU_CV 3271mW/3237mW VDD_SOC 2703mW/2706mW
08-04-2026 16:44:57 RAM 3870/7620MB (lfb 1x1MB) SWAP 2214/12002MB (cached 117MB) CPU [0%@1728,0%@1728,8%@1728,0%@1728,100%@1728,0%@1728] GR3D_FREQ 19% cpu@58.25C soc2@56.937C soc0@57.875C gpu@58.218C tj@59.375C soc1@59.375C VDD_IN 9517mW/9470mW VDD_CPU_GPU_CV 3271mW/3237mW VDD_SOC 2703mW/2706mW
08-04-2026 16:44:57 RAM 3870/7620MB (lfb 1x1MB) SWAP 2214/12002MB (cached 117MB) CPU [0%@1728,0%@1728,0%@1728,0%@1728,100%@1728,0%@1728] GR3D_FREQ 19% cpu@58.375C soc2@57C soc0@57.906C gpu@58.218C tj@59.093C soc1@59.093C VDD_IN 9517mW/9470mW VDD_CPU_GPU_CV 3230mW/3237mW VDD_SOC 2703mW/2706mW
08-04-2026 16:44:57 RAM 3870/7620MB (lfb 1x1MB) SWAP 2214/12002MB (cached 117MB) CPU [0%@1728,0%@1728,0%@1728,0%@1728,100%@1728,0%@1728] GR3D_FREQ 19% cpu@58.437C soc2@56.937C soc0@57.687C gpu@58.656C tj@59.187C soc1@59.187C VDD_IN 9476mW/9470mW VDD_CPU_GPU_CV 3230mW/3237mW VDD_SOC 2703mW/2706mW
08-04-2026 16:44:58 RAM 3870/7620MB (lfb 1x1MB) SWAP 2214/12002MB (cached 117MB) CPU [0%@1728,8%@1728,0%@1728,8%@1728,100%@1728,0%@1728] GR3D_FREQ 19% cpu@58.25C soc2@56.843C soc0@57.75C gpu@58.156C tj@59.125C soc1@59.125C VDD_IN 9476mW/9470mW VDD_CPU_GPU_CV 3230mW/3237mW VDD_SOC 2703mW/2706mW
08-04-2026 16:44:58 RAM 3870/7620MB (lfb 1x1MB) SWAP 2214/12002MB (cached 117MB) CPU [0%@1728,0%@1728,0%@1728,0%@1728,100%@1728,0%@1728] GR3D_FREQ 19% cpu@58.343C soc2@56.937C soc0@57.781C gpu@58.125C tj@59.25C soc1@59.25C VDD_IN 9476mW/9470mW VDD_CPU_GPU_CV 3230mW/3237mW VDD_SOC 2703mW/2706mW
08-04-2026 16:44:58 RAM 3870/7620MB (lfb 1x1MB) SWAP 2214/12002MB (cached 117MB) CPU [0%@1728,0%@1728,0%@1728,0%@1728,100%@1728,0%@1728] GR3D_FREQ 19% cpu@58.343C soc2@57C soc0@57.968C gpu@58.625C tj@59.125C soc1@59.125C VDD_IN 9476mW/9470mW VDD_CPU_GPU_CV 3230mW/3237mW VDD_SOC 2703mW/2706mW
08-04-2026 16:44:58 RAM 3870/7620MB (lfb 1x1MB) SWAP 2214/12002MB (cached 117MB) CPU [0%@1728,0%@1728,0%@1728,0%@1728,100%@1728,0%@1728] GR3D_FREQ 20% cpu@58.375C soc2@56.968C soc0@57.718C gpu@58.156C tj@59.125C soc1@59.125C VDD_IN 9476mW/9470mW VDD_CPU_GPU_CV 3271mW/3237mW VDD_SOC 2703mW/2706mW
08-04-2026 16:44:58 RAM 3870/7620MB (lfb 1x1MB) SWAP 2214/12002MB (cached 117MB) CPU [8%@1728,9%@1728,0%@1728,0%@1728,100%@1728,0%@1728] GR3D_FREQ 19% cpu@58.531C soc2@56.906C soc0@57.718C gpu@58.062C tj@59.218C soc1@59.218C VDD_IN 9476mW/9470mW VDD_CPU_GPU_CV 3230mW/3237mW VDD_SOC 2703mW/2706mW
08-04-2026 16:44:58 RAM 3870/7620MB (lfb 1x1MB) SWAP 2214/12002MB (cached 117MB) CPU [0%@1728,0%@1728,0%@1728,0%@1728,100%@1728,0%@1728] GR3D_FREQ 19% cpu@58.25C soc2@56.937C soc0@57.75C gpu@58.468C tj@59.218C soc1@59.218C VDD_IN 9476mW/9470mW VDD_CPU_GPU_CV 3271mW/3237mW VDD_SOC 2703mW/2706mW
08-04-2026 16:44:58 RAM 3870/7620MB (lfb 1x1MB) SWAP 2214/12002MB (cached 117MB) CPU [0%@1728,0%@1728,0%@1728,0%@1728,100%@1728,0%@1728] GR3D_FREQ 20% cpu@58.25C soc2@57C soc0@57.843C gpu@58.156C tj@59.312C soc1@59.312C VDD_IN 9476mW/9470mW VDD_CPU_GPU_CV 3271mW/3237mW VDD_SOC 2703mW/2706mW
08-04-2026 16:44:58 RAM 3870/7620MB (lfb 1x1MB) SWAP 2214/12002MB (cached 117MB) CPU [0%@1728,0%@1728,0%@1728,0%@1728,100%@1728,0%@1728] GR3D_FREQ 19% cpu@58.375C soc2@57.062C soc0@57.843C gpu@58.062C tj@59.187C soc1@59.187C VDD_IN 9476mW/9470mW VDD_CPU_GPU_CV 3271mW/3237mW VDD_SOC 2703mW/2706mW
08-04-2026 16:44:58 RAM 3870/7620MB (lfb 1x1MB) SWAP 2214/12002MB (cached 117MB) CPU [0%@1728,0%@1728,0%@1728,0%@1728,90%@1728,9%@1728] GR3D_FREQ 19% cpu@58.437C soc2@56.843C soc0@57.718C gpu@58.5C tj@59.125C soc1@59.125C VDD_IN 9476mW/9470mW VDD_CPU_GPU_CV 3271mW/3237mW VDD_SOC 2703mW/2706mW
08-04-2026 16:44:58 RAM 3870/7620MB (lfb 1x1MB) SWAP 2214/12002MB (cached 117MB) CPU [0%@1728,0%@1728,8%@1728,9%@1728,100%@1728,0%@1728] GR3D_FREQ 19% cpu@58.281C soc2@56.843C soc0@57.718C gpu@58.062C tj@59.218C soc1@59.218C VDD_IN 9476mW/9470mW VDD_CPU_GPU_CV 3230mW/3237mW VDD_SOC 2703mW/2706mW
08-04-2026 16:44:59 RAM 3870/7620MB (lfb 1x1MB) SWAP 2214/12002MB (cached 117MB) CPU [0%@1728,0%@1728,0%@1728,0%@1728,100%@1728,0%@1728] GR3D_FREQ 21% cpu@58.25C soc2@57.031C soc0@57.843C gpu@58.031C tj@59.312C soc1@59.312C VDD_IN 9476mW/9470mW VDD_CPU_GPU_CV 3230mW/3237mW VDD_SOC 2703mW/2706mW
08-04-2026 16:44:59 RAM 3870/7620MB (lfb 1x1MB) SWAP 2214/12002MB (cached 117MB) CPU [0%@1728,0%@1728,0%@1728,0%@1728,100%@1728,0%@1728] GR3D_FREQ 20% cpu@58.437C soc2@56.968C soc0@57.843C gpu@58.218C tj@59.125C soc1@59.125C VDD_IN 9476mW/9470mW VDD_CPU_GPU_CV 3230mW/3237mW VDD_SOC 2703mW/2706mW
08-04-2026 16:44:59 RAM 3870/7620MB (lfb 1x1MB) SWAP 2214/12002MB (cached 117MB) CPU [0%@1728,0%@1728,0%@1728,0%@1728,100%@1728,0%@1728] GR3D_FREQ 21% cpu@58.406C soc2@56.937C soc0@57.593C gpu@58.156C tj@59.062C soc1@59.062C VDD_IN 9476mW/9470mW VDD_CPU_GPU_CV 3230mW/3237mW VDD_SOC 2703mW/2706mW
08-04-2026 16:44:59 RAM 3870/7620MB (lfb 1x1MB) SWAP 2214/12002MB (cached 117MB) CPU [9%@1728,0%@1728,9%@1728,0%@1728,100%@1728,0%@1728] GR3D_FREQ 21% cpu@58.468C soc2@56.906C soc0@57.75C gpu@58.625C tj@59.187C soc1@59.187C VDD_IN 9476mW/9470mW VDD_CPU_GPU_CV 3230mW/3237mW VDD_SOC 2703mW/2706mW
08-04-2026 16:44:59 RAM 3870/7620MB (lfb 1x1MB) SWAP 2214/12002MB (cached 117MB) CPU [0%@1728,0%@1728,8%@1728,0%@1728,100%@1728,0%@1728] GR3D_FREQ 20% cpu@58.343C soc2@56.906C soc0@57.781C gpu@58.125C tj@59.343C soc1@59.343C VDD_IN 9476mW/9470mW VDD_CPU_GPU_CV 3230mW/3237mW VDD_SOC 2703mW/2706mW
08-04-2026 16:44:59 RAM 3870/7620MB (lfb 1x1MB) SWAP 2214/12002MB (cached 117MB) CPU [0%@1728,0%@1728,9%@1728,0%@1728,100%@1728,0%@1728] GR3D_FREQ 22% cpu@58.218C soc2@57C soc0@57.843C gpu@58.031C tj@59.406C soc1@59.406C VDD_IN 9476mW/9470mW VDD_CPU_GPU_CV 3230mW/3237mW VDD_SOC 2703mW/2706mW
08-04-2026 16:44:59 RAM 3870/7620MB (lfb 1x1MB) SWAP 2214/12002MB (cached 117MB) CPU [0%@1728,0%@1728,0%@1728,0%@1728,100%@1728,0%@1728] GR3D_FREQ 20% cpu@58.406C soc2@56.968C soc0@57.656C gpu@58.593C tj@59.125C soc1@59.125C VDD_IN 9476mW/9470mW VDD_CPU_GPU_CV 3230mW/3237mW VDD_SOC 2703mW/2706mW
08-04-2026 16:44:59 RAM 3870/7620MB (lfb 1x1MB) SWAP 2214/12002MB (cached 117MB) CPU [0%@1728,0%@1728,0%@1728,0%@1728,100%@1728,0%@1728] GR3D_FREQ 22% cpu@58.375C soc2@56.906C soc0@57.75C gpu@58.093C tj@59.281C soc1@59.281C VDD_IN 9476mW/9470mW VDD_CPU_GPU_CV 3230mW/3237mW VDD_SOC 2703mW/2706mW
08-04-2026 16:44:59 RAM 3870/7620MB (lfb 1x1MB) SWAP 2214/12002MB (cached 117MB) CPU [8%@1728,0%@1728,0%@1728,0%@1728,100%@1728,8%@1728] GR3D_FREQ 19% cpu@58.25C soc2@56.906C soc0@57.75C gpu@58.125C tj@59.25C soc1@59.218C VDD_IN 9435mW/9470mW VDD_CPU_GPU_CV 3230mW/3237mW VDD_SOC 2703mW/2706mW
08-04-2026 16:45:00 RAM 3870/7620MB (lfb 1x1MB) SWAP 2214/12002MB (cached 117MB) CPU [0%@1728,9%@1728,0%@1728,9%@1728,100%@1728,0%@1728] GR3D_FREQ 30% cpu@58.375C soc2@56.843C soc0@57.875C gpu@58.5C tj@59.312C soc1@59.312C VDD_IN 9476mW/9470mW VDD_CPU_GPU_CV 3230mW/3237mW VDD_SOC 2703mW/2706mW
08-04-2026 16:45:00 RAM 3870/7620MB (lfb 1x1MB) SWAP 2214/12002MB (cached 117MB) CPU [0%@1728,0%@1728,0%@1728,0%@1728,100%@1728,0%@1728] GR3D_FREQ 20% cpu@58.343C soc2@56.937C soc0@57.906C gpu@58.125C tj@59.093C soc1@59.093C VDD_IN 9435mW/9470mW VDD_CPU_GPU_CV 3230mW/3237mW VDD_SOC 2703mW/2706mW
08-04-2026 16:45:00 RAM 3864/7620MB (lfb 1x1MB) SWAP 2214/12002MB (cached 117MB) CPU [10%@1728,9%@1728,0%@1728,27%@1728,100%@1728,16%@1728] GR3D_FREQ 19% cpu@58.593C soc2@56.968C soc0@57.75C gpu@58.093C tj@59.218C soc1@59.218C VDD_IN 9517mW/9470mW VDD_CPU_GPU_CV 3312mW/3237mW VDD_SOC 2703mW/2706mW
08-04-2026 16:45:00 RAM 3864/7620MB (lfb 1x1MB) SWAP 2214/12002MB (cached 117MB) CPU [0%@1728,0%@1728,0%@1728,0%@1728,100%@1728,0%@1728] GR3D_FREQ 20% cpu@58.25C soc2@56.843C soc0@57.75C gpu@58.5C tj@59.281C soc1@59.281C VDD_IN 9517mW/9470mW VDD_CPU_GPU_CV 3312mW/3237mW VDD_SOC 2703mW/2706mW
08-04-2026 16:45:00 RAM 3864/7620MB (lfb 1x1MB) SWAP 2214/12002MB (cached 117MB) CPU [0%@1728,0%@1728,0%@1728,0%@1728,100%@1728,0%@1728] GR3D_FREQ 19% cpu@58.375C soc2@56.968C soc0@57.843C gpu@58.093C tj@59.25C soc1@59.25C VDD_IN 9517mW/9470mW VDD_CPU_GPU_CV 3271mW/3237mW VDD_SOC 2703mW/2706mW
08-04-2026 16:45:00 RAM 3864/7620MB (lfb 1x1MB) SWAP 2214/12002MB (cached 117MB) CPU [0%@1728,0%@1728,0%@1728,0%@1728,100%@1728,0%@1728] GR3D_FREQ 20% cpu@58.437C soc2@56.968C soc0@57.875C gpu@58.031C tj@59.125C soc1@59.125C VDD_IN 9476mW/9470mW VDD_CPU_GPU_CV 3271mW/3237mW VDD_SOC 2703mW/2706mW
08-04-2026 16:45:00 RAM 3864/7620MB (lfb 1x1MB) SWAP 2214/12002MB (cached 117MB) CPU [0%@1728,0%@1728,0%@1728,0%@1728,100%@1728,0%@1728] GR3D_FREQ 19% cpu@58.406C soc2@56.968C soc0@57.656C gpu@58.406C tj@59.187C soc1@59.187C VDD_IN 9476mW/9470mW VDD_CPU_GPU_CV 3271mW/3237mW VDD_SOC 2703mW/2706mW
08-04-2026 16:45:00 RAM 3864/7620MB (lfb 1x1MB) SWAP 2214/12002MB (cached 117MB) CPU [0%@1728,0%@1728,0%@1728,9%@1728,100%@1728,0%@1728] GR3D_FREQ 19% cpu@58.343C soc2@56.875C soc0@57.75C gpu@58.031C tj@59.187C soc1@59.187C VDD_IN 9476mW/9470mW VDD_CPU_GPU_CV 3271mW/3237mW VDD_SOC 2703mW/2706mW
08-04-2026 16:45:00 RAM 3864/7620MB (lfb 1x1MB) SWAP 2214/12002MB (cached 117MB) CPU [0%@1728,0%@1728,0%@1728,0%@1728,100%@1728,8%@1728] GR3D_FREQ 19% cpu@58.343C soc2@56.937C soc0@57.781C gpu@58C tj@59.281C soc1@59.281C VDD_IN 9476mW/9470mW VDD_CPU_GPU_CV 3271mW/3237mW VDD_SOC 2703mW/2706mW
08-04-2026 16:45:00 RAM 3864/7620MB (lfb 1x1MB) SWAP 2214/12002MB (cached 117MB) CPU [8%@1728,9%@1728,8%@1728,0%@1728,100%@1728,0%@1728] GR3D_FREQ 19% cpu@58.406C soc2@57C soc0@57.781C gpu@58.375C tj@59.406C soc1@59.406C VDD_IN 9476mW/9470mW VDD_CPU_GPU_CV 3230mW/3237mW VDD_SOC 2703mW/2706mW
08-04-2026 16:45:01 RAM 3864/7620MB (lfb 1x1MB) SWAP 2214/12002MB (cached 117MB) CPU [0%@1728,0%@1728,0%@1728,0%@1728,100%@1728,0%@1728] GR3D_FREQ 19% cpu@58.375C soc2@56.937C soc0@57.625C gpu@58.093C tj@59.187C soc1@59.187C VDD_IN 9476mW/9470mW VDD_CPU_GPU_CV 3271mW/3237mW VDD_SOC 2703mW/2706mW
08-04-2026 16:45:01 RAM 3864/7620MB (lfb 1x1MB) SWAP 2214/12002MB (cached 117MB) CPU [0%@1728,0%@1728,0%@1728,0%@1728,100%@1728,0%@1728] GR3D_FREQ 19% cpu@58.562C soc2@56.843C soc0@57.75C gpu@58.593C tj@59.187C soc1@59.187C VDD_IN 9476mW/9470mW VDD_CPU_GPU_CV 3230mW/3237mW VDD_SOC 2703mW/2706mW
08-04-2026 16:45:01 RAM 3864/7620MB (lfb 1x1MB) SWAP 2214/12002MB (cached 117MB) CPU [0%@1728,0%@1728,0%@1728,0%@1728,100%@1728,0%@1728] GR3D_FREQ 19% cpu@58.25C soc2@56.968C soc0@57.75C gpu@58.406C tj@59.25C soc1@59.25C VDD_IN 9476mW/9470mW VDD_CPU_GPU_CV 3230mW/3237mW VDD_SOC 2703mW/2706mW
08-04-2026 16:45:01 RAM 3864/7620MB (lfb 1x1MB) SWAP 2214/12002MB (cached 117MB) CPU [0%@1728,0%@1728,0%@1728,0%@1728,100%@1728,0%@1728] GR3D_FREQ 19% cpu@58.343C soc2@56.968C soc0@57.781C gpu@58.125C tj@59.312C soc1@59.312C VDD_IN 9476mW/9470mW VDD_CPU_GPU_CV 3230mW/3237mW VDD_SOC 2703mW/2706mW
08-04-2026 16:45:01 RAM 3864/7620MB (lfb 1x1MB) SWAP 2214/12002MB (cached 117MB) CPU [0%@1728,9%@1728,8%@1728,0%@1728,100%@1728,0%@1728] GR3D_FREQ 19% cpu@58.375C soc2@56.937C soc0@57.718C gpu@58.5C tj@59.187C soc1@59.187C VDD_IN 9476mW/9470mW VDD_CPU_GPU_CV 3230mW/3237mW VDD_SOC 2703mW/2706mW
08-04-2026 16:45:01 RAM 3864/7620MB (lfb 1x1MB) SWAP 2214/12002MB (cached 117MB) CPU [0%@1728,0%@1728,0%@1728,0%@1728,100%@1728,0%@1728] GR3D_FREQ 19% cpu@58.406C soc2@56.875C soc0@57.656C gpu@58.312C tj@59.125C soc1@59.125C VDD_IN 9476mW/9470mW VDD_CPU_GPU_CV 3230mW/3237mW VDD_SOC 2703mW/2706mW
08-04-2026 16:45:01 RAM 3864/7620MB (lfb 1x1MB) SWAP 2214/12002MB (cached 117MB) CPU [0%@1728,0%@1728,0%@1728,0%@1728,100%@1728,0%@1728] GR3D_FREQ 19% cpu@58.25C soc2@56.968C soc0@57.718C gpu@58.125C tj@59.218C soc1@59.25C VDD_IN 9476mW/9470mW VDD_CPU_GPU_CV 3230mW/3237mW VDD_SOC 2703mW/2706mW
08-04-2026 16:45:01 RAM 3864/7620MB (lfb 1x1MB) SWAP 2214/12002MB (cached 117MB) CPU [0%@1728,8%@1728,0%@1728,0%@1728,100%@1728,0%@1728] GR3D_FREQ 19% cpu@58.187C soc2@56.906C soc0@57.75C gpu@58.5C tj@59.312C soc1@59.312C VDD_IN 9476mW/9470mW VDD_CPU_GPU_CV 3230mW/3237mW VDD_SOC 2703mW/2706mW
08-04-2026 16:45:01 RAM 3864/7620MB (lfb 1x1MB) SWAP 2214/12002MB (cached 117MB) CPU [0%@1728,0%@1728,0%@1728,0%@1728,100%@1728,9%@1728] GR3D_FREQ 19% cpu@58.375C soc2@56.937C soc0@57.781C gpu@58.343C tj@59.437C soc1@59.437C VDD_IN 9476mW/9470mW VDD_CPU_GPU_CV 3230mW/3237mW VDD_SOC 2703mW/2706mW
08-04-2026 16:45:02 RAM 3864/7620MB (lfb 1x1MB) SWAP 2214/12002MB (cached 117MB) CPU [10%@1728,0%@1728,0%@1728,9%@1728,100%@1728,0%@1728] GR3D_FREQ 19% cpu@58.343C soc2@56.937C soc0@57.718C gpu@58C tj@59.187C soc1@59.187C VDD_IN 9476mW/9470mW VDD_CPU_GPU_CV 3230mW/3237mW VDD_SOC 2703mW/2706mW
08-04-2026 16:45:02 RAM 3864/7620MB (lfb 1x1MB) SWAP 2214/12002MB (cached 117MB) CPU [0%@1728,0%@1728,0%@1728,0%@1728,100%@1728,0%@1728] GR3D_FREQ 20% cpu@58.187C soc2@56.906C soc0@57.75C gpu@58.5C tj@59.125C soc1@59.125C VDD_IN 9517mW/9470mW VDD_CPU_GPU_CV 3230mW/3237mW VDD_SOC 2703mW/2706mW
08-04-2026 16:45:02 RAM 3864/7620MB (lfb 1x1MB) SWAP 2214/12002MB (cached 117MB) CPU [0%@1728,0%@1728,0%@1728,0%@1728,100%@1728,0%@1728] GR3D_FREQ 19% cpu@58.281C soc2@56.937C soc0@57.781C gpu@58.343C tj@59.312C soc1@59.312C VDD_IN 9476mW/9470mW VDD_CPU_GPU_CV 3230mW/3237mW VDD_SOC 2703mW/2706mW
08-04-2026 16:45:02 RAM 3864/7620MB (lfb 1x1MB) SWAP 2214/12002MB (cached 117MB) CPU [9%@1728,0%@1728,0%@1728,0%@1728,100%@1728,0%@1728] GR3D_FREQ 19% cpu@58.375C soc2@56.906C soc0@57.937C gpu@58.031C tj@59.312C soc1@59.312C VDD_IN 9476mW/9470mW VDD_CPU_GPU_CV 3230mW/3237mW VDD_SOC 2703mW/2706mW
08-04-2026 16:45:02 RAM 3864/7620MB (lfb 1x1MB) SWAP 2214/12002MB (cached 117MB) CPU [0%@1728,0%@1728,0%@1728,0%@1728,100%@1728,0%@1728] GR3D_FREQ 20% cpu@58.406C soc2@56.906C soc0@57.656C gpu@58.468C tj@59.093C soc1@59.093C VDD_IN 9476mW/9470mW VDD_CPU_GPU_CV 3230mW/3237mW VDD_SOC 2703mW/2706mW
08-04-2026 16:45:02 RAM 3864/7620MB (lfb 1x1MB) SWAP 2214/12002MB (cached 117MB) CPU [9%@1728,0%@1728,0%@1728,9%@1728,100%@1728,0%@1728] GR3D_FREQ 19% cpu@58.437C soc2@56.812C soc0@57.718C gpu@58.25C tj@59.156C soc1@59.156C VDD_IN 9476mW/9470mW VDD_CPU_GPU_CV 3230mW/3237mW VDD_SOC 2703mW/2706mW
08-04-2026 16:45:02 RAM 3864/7620MB (lfb 1x1MB) SWAP 2214/12002MB (cached 117MB) CPU [0%@1728,9%@1728,0%@1728,0%@1728,90%@1728,0%@1728] GR3D_FREQ 20% cpu@58.281C soc2@57C soc0@57.718C gpu@58.156C tj@59.343C soc1@59.343C VDD_IN 9476mW/9470mW VDD_CPU_GPU_CV 3230mW/3237mW VDD_SOC 2703mW/2706mW
08-04-2026 16:45:02 RAM 3864/7620MB (lfb 1x1MB) SWAP 2214/12002MB (cached 117MB) CPU [9%@1728,0%@1728,0%@1728,0%@1728,100%@1728,0%@1728] GR3D_FREQ 19% cpu@58.25C soc2@56.875C soc0@57.75C gpu@58.468C tj@59.281C soc1@59.281C VDD_IN 9476mW/9470mW VDD_CPU_GPU_CV 3230mW/3237mW VDD_SOC 2703mW/2706mW
08-04-2026 16:45:02 RAM 3864/7620MB (lfb 1x1MB) SWAP 2214/12002MB (cached 117MB) CPU [0%@1728,0%@1728,8%@1728,0%@1728,100%@1728,0%@1728] GR3D_FREQ 19% cpu@58.343C soc2@57C soc0@58C gpu@58.093C tj@59.468C soc1@59.468C VDD_IN 9476mW/9470mW VDD_CPU_GPU_CV 3230mW/3237mW VDD_SOC 2703mW/2706mW
08-04-2026 16:45:02 RAM 3864/7620MB (lfb 1x1MB) SWAP 2214/12002MB (cached 117MB) CPU [0%@1728,0%@1728,0%@1728,0%@1728,100%@1728,0%@1728] GR3D_FREQ 18% cpu@58.468C soc2@56.906C soc0@57.625C gpu@58.656C tj@59.125C soc1@59.125C VDD_IN 9476mW/9470mW VDD_CPU_GPU_CV 3230mW/3237mW VDD_SOC 2703mW/2706mW
08-04-2026 16:45:03 RAM 3864/7620MB (lfb 1x1MB) SWAP 2214/12002MB (cached 117MB) CPU [0%@1728,0%@1728,0%@1728,0%@1728,100%@1728,0%@1728] GR3D_FREQ 20% cpu@58.343C soc2@56.843C soc0@57.75C gpu@58.375C tj@59.187C soc1@59.187C VDD_IN 9435mW/9470mW VDD_CPU_GPU_CV 3230mW/3237mW VDD_SOC 2703mW/2706mW
08-04-2026 16:45:03 RAM 3864/7620MB (lfb 1x1MB) SWAP 2214/12002MB (cached 117MB) CPU [0%@1728,9%@1728,0%@1728,0%@1728,100%@1728,0%@1728] GR3D_FREQ 20% cpu@58.25C soc2@56.937C soc0@57.781C gpu@58.156C tj@59.281C soc1@59.281C VDD_IN 9476mW/9470mW VDD_CPU_GPU_CV 3230mW/3237mW VDD_SOC 2703mW/2706mW
08-04-2026 16:45:03 RAM 3864/7620MB (lfb 1x1MB) SWAP 2214/12002MB (cached 117MB) CPU [8%@1728,8%@1728,0%@1728,0%@1728,100%@1728,0%@1728] GR3D_FREQ 20% cpu@58.281C soc2@56.968C soc0@57.75C gpu@58.562C tj@59.437C soc1@59.437C VDD_IN 9476mW/9470mW VDD_CPU_GPU_CV 3230mW/3237mW VDD_SOC 2703mW/2706mW
08-04-2026 16:45:03 RAM 3864/7620MB (lfb 1x1MB) SWAP 2214/12002MB (cached 117MB) CPU [0%@1728,0%@1728,0%@1728,0%@1728,100%@1728,0%@1728] GR3D_FREQ 21% cpu@58.406C soc2@57.031C soc0@57.593C gpu@58.343C tj@59.125C soc1@59.125C VDD_IN 9476mW/9470mW VDD_CPU_GPU_CV 3230mW/3237mW VDD_SOC 2703mW/2706mW
08-04-2026 16:45:03 RAM 3870/7620MB (lfb 1x1MB) SWAP 2214/12002MB (cached 117MB) CPU [9%@1728,0%@1728,0%@1728,20%@1728,100%@1728,0%@1728] GR3D_FREQ 19% cpu@58.562C soc2@56.937C soc0@57.75C gpu@58.125C tj@59.187C soc1@59.187C VDD_IN 9517mW/9470mW VDD_CPU_GPU_CV 3312mW/3237mW VDD_SOC 2703mW/2706mW
08-04-2026 16:45:03 RAM 3870/7620MB (lfb 1x1MB) SWAP 2214/12002MB (cached 117MB) CPU [0%@1728,0%@1728,9%@1728,0%@1728,100%@1728,0%@1728] GR3D_FREQ 21% cpu@58.25C soc2@56.812C soc0@57.75C gpu@58.593C tj@59.187C soc1@59.187C VDD_IN 9517mW/9470mW VDD_CPU_GPU_CV 3312mW/3237mW VDD_SOC 2703mW/2706mW
08-04-2026 16:45:03 RAM 3870/7620MB (lfb 1x1MB) SWAP 2214/12002MB (cached 117MB) CPU [0%@1728,0%@1728,0%@1728,0%@1728,100%@1728,0%@1728] GR3D_FREQ 19% cpu@58.281C soc2@56.968C soc0@57.843C gpu@58.406C tj@59.281C soc1@59.375C VDD_IN 9517mW/9470mW VDD_CPU_GPU_CV 3312mW/3237mW VDD_SOC 2703mW/2706mW
08-04-2026 16:45:03 RAM 3870/7620MB (lfb 1x1MB) SWAP 2214/12002MB (cached 117MB) CPU [0%@1728,0%@1728,0%@1728,0%@1728,100%@1728,0%@1728] GR3D_FREQ 22% cpu@58.343C soc2@57C soc0@57.687C gpu@58.156C tj@59.156C soc1@59.156C VDD_IN 9517mW/9470mW VDD_CPU_GPU_CV 3271mW/3237mW VDD_SOC 2703mW/2706mW
08-04-2026 16:45:03 RAM 3870/7620MB (lfb 1x1MB) SWAP 2214/12002MB (cached 117MB) CPU [9%@1728,0%@1728,0%@1728,0%@1728,100%@1728,0%@1728] GR3D_FREQ 20% cpu@58.468C soc2@56.906C soc0@57.75C gpu@58.5C tj@59.187C soc1@59.187C VDD_IN 9476mW/9470mW VDD_CPU_GPU_CV 3271mW/3237mW VDD_SOC 2703mW/2706mW
08-04-2026 16:45:04 RAM 3870/7620MB (lfb 1x1MB) SWAP 2214/12002MB (cached 117MB) CPU [0%@1728,23%@1728,0%@1728,0%@1728,100%@1728,0%@1728] GR3D_FREQ 22% cpu@58.375C soc2@56.937C soc0@57.75C gpu@58.406C tj@59.25C soc1@59.25C VDD_IN 9517mW/9471mW VDD_CPU_GPU_CV 3271mW/3237mW VDD_SOC 2703mW/2706mW
08-04-2026 16:45:04 RAM 3870/7620MB (lfb 1x1MB) SWAP 2214/12002MB (cached 117MB) CPU [0%@1728,0%@1728,0%@1728,0%@1728,100%@1728,0%@1728] GR3D_FREQ 19% cpu@58.25C soc2@57.031C soc0@57.906C gpu@58.125C tj@59.281C soc1@59.281C VDD_IN 9476mW/9471mW VDD_CPU_GPU_CV 3271mW/3237mW VDD_SOC 2703mW/2706mW
08-04-2026 16:45:04 RAM 3870/7620MB (lfb 1x1MB) SWAP 2214/12002MB (cached 117MB) CPU [0%@1728,0%@1728,0%@1728,0%@1728,100%@1728,9%@1728] GR3D_FREQ 22% cpu@58.437C soc2@57.031C soc0@58C gpu@58.5C tj@59.343C soc1@59.343C VDD_IN 9476mW/9471mW VDD_CPU_GPU_CV 3271mW/3237mW VDD_SOC 2703mW/2706mW
08-04-2026 16:45:04 RAM 3870/7620MB (lfb 1x1MB) SWAP 2214/12002MB (cached 117MB) CPU [0%@1728,0%@1728,0%@1728,0%@1728,100%@1728,0%@1728] GR3D_FREQ 19% cpu@58.312C soc2@56.906C soc0@57.718C gpu@58.312C tj@59.125C soc1@59.125C VDD_IN 9476mW/9471mW VDD_CPU_GPU_CV 3271mW/3237mW VDD_SOC 2703mW/2706mW
08-04-2026 16:45:04 RAM 3870/7620MB (lfb 1x1MB) SWAP 2214/12002MB (cached 117MB) CPU [0%@1728,0%@1728,0%@1728,0%@1728,100%@1728,0%@1728] GR3D_FREQ 22% cpu@58.187C soc2@56.781C soc0@57.75C gpu@58C tj@59.218C soc1@59.218C VDD_IN 9476mW/9471mW VDD_CPU_GPU_CV 3230mW/3237mW VDD_SOC 2703mW/2706mW
08-04-2026 16:45:04 RAM 3870/7620MB (lfb 1x1MB) SWAP 2214/12002MB (cached 117MB) CPU [0%@1728,0%@1728,0%@1728,8%@1728,100%@1728,0%@1728] GR3D_FREQ 19% cpu@58.406C soc2@56.812C soc0@57.75C gpu@58.437C tj@59.312C soc1@59.312C VDD_IN 9435mW/9471mW VDD_CPU_GPU_CV 3271mW/3238mW VDD_SOC 2703mW/2706mW
08-04-2026 16:45:04 RAM 3870/7620MB (lfb 1x1MB) SWAP 2214/12002MB (cached 117MB) CPU [9%@1728,0%@1728,0%@1728,0%@1728,100%@1728,0%@1728] GR3D_FREQ 22% cpu@58.281C soc2@57C soc0@57.781C gpu@58.312C tj@59.375C soc1@59.375C VDD_IN 9476mW/9471mW VDD_CPU_GPU_CV 3230mW/3238mW VDD_SOC 2703mW/2706mW
08-04-2026 16:45:04 RAM 3870/7620MB (lfb 1x1MB) SWAP 2214/12002MB (cached 117MB) CPU [0%@1728,10%@1728,0%@1728,0%@1728,100%@1728,0%@1728] GR3D_FREQ 20% cpu@58.375C soc2@56.875C soc0@57.687C gpu@58.625C tj@59.187C soc1@59.187C VDD_IN 9476mW/9471mW VDD_CPU_GPU_CV 3230mW/3238mW VDD_SOC 2703mW/2706mW
08-04-2026 16:45:04 RAM 3870/7620MB (lfb 1x1MB) SWAP 2214/12002MB (cached 117MB) CPU [0%@1728,8%@1728,0%@1728,0%@1728,100%@1728,9%@1728] GR3D_FREQ 23% cpu@58.437C soc2@56.875C soc0@57.75C gpu@58.468C tj@59.125C soc1@59.125C VDD_IN 9476mW/9471mW VDD_CPU_GPU_CV 3230mW/3237mW VDD_SOC 2703mW/2706mW
08-04-2026 16:45:04 RAM 3870/7620MB (lfb 1x1MB) SWAP 2214/12002MB (cached 117MB) CPU [0%@1728,9%@1728,9%@1728,0%@1728,100%@1728,0%@1728] GR3D_FREQ 19% cpu@58.187C soc2@56.937C soc0@57.75C gpu@58.343C tj@59.25C soc1@59.25C VDD_IN 9476mW/9471mW VDD_CPU_GPU_CV 3230mW/3237mW VDD_SOC 2703mW/2706mW
08-04-2026 16:45:05 RAM 3870/7620MB (lfb 1x1MB) SWAP 2214/12002MB (cached 117MB) CPU [0%@1728,0%@1728,0%@1728,0%@1728,100%@1728,0%@1728] GR3D_FREQ 24% cpu@58.312C soc2@57C soc0@57.843C gpu@58.562C tj@59.312C soc1@59.406C VDD_IN 9476mW/9471mW VDD_CPU_GPU_CV 3230mW/3237mW VDD_SOC 2703mW/2706mW
08-04-2026 16:45:05 RAM 3870/7620MB (lfb 1x1MB) SWAP 2214/12002MB (cached 117MB) CPU [0%@1728,0%@1728,0%@1728,0%@1728,100%@1728,0%@1728] GR3D_FREQ 19% cpu@58.343C soc2@57.031C soc0@57.968C gpu@58.375C tj@59.437C soc1@59.437C VDD_IN 9435mW/9470mW VDD_CPU_GPU_CV 3230mW/3237mW VDD_SOC 2703mW/2706mW
08-04-2026 16:45:05 RAM 3870/7620MB (lfb 1x1MB) SWAP 2214/12002MB (cached 117MB) CPU [0%@1728,0%@1728,0%@1728,0%@1728,100%@1728,0%@1728] GR3D_FREQ 23% cpu@58.468C soc2@56.937C soc0@57.75C gpu@58.156C tj@59.187C soc1@59.187C VDD_IN 9476mW/9470mW VDD_CPU_GPU_CV 3230mW/3237mW VDD_SOC 2703mW/2706mW
08-04-2026 16:45:05 RAM 3870/7620MB (lfb 1x1MB) SWAP 2214/12002MB (cached 117MB) CPU [0%@1728,0%@1728,0%@1728,0%@1728,100%@1728,0%@1728] GR3D_FREQ 19% cpu@58.187C soc2@56.937C soc0@57.75C gpu@58.593C tj@59.187C soc1@59.187C VDD_IN 9435mW/9470mW VDD_CPU_GPU_CV 3230mW/3237mW VDD_SOC 2703mW/2706mW
08-04-2026 16:45:05 RAM 3870/7620MB (lfb 1x1MB) SWAP 2214/12002MB (cached 117MB) CPU [0%@1728,0%@1728,0%@1728,0%@1728,100%@1728,0%@1728] GR3D_FREQ 23% cpu@58.281C soc2@56.906C soc0@57.843C gpu@58.312C tj@59.218C soc1@59.218C VDD_IN 9476mW/9470mW VDD_CPU_GPU_CV 3230mW/3237mW VDD_SOC 2703mW/2706mW
08-04-2026 16:45:05 RAM 3870/7620MB (lfb 1x1MB) SWAP 2214/12002MB (cached 117MB) CPU [0%@1728,0%@1728,0%@1728,0%@1728,100%@1728,0%@1728] GR3D_FREQ 19% cpu@58.343C soc2@57C soc0@57.843C gpu@58.062C tj@59.437C soc1@59.437C VDD_IN 9435mW/9470mW VDD_CPU_GPU_CV 3230mW/3237mW VDD_SOC 2703mW/2706mW
08-04-2026 16:45:05 RAM 3870/7620MB (lfb 1x1MB) SWAP 2214/12002MB (cached 117MB) CPU [0%@1728,9%@1728,0%@1728,0%@1728,100%@1728,0%@1728] GR3D_FREQ 23% cpu@58.406C soc2@57.062C soc0@57.687C gpu@58.5C tj@59.093C soc1@59.093C VDD_IN 9476mW/9470mW VDD_CPU_GPU_CV 3230mW/3237mW VDD_SOC 2703mW/2706mW
08-04-2026 16:45:05 RAM 3870/7620MB (lfb 1x1MB) SWAP 2214/12002MB (cached 117MB) CPU [0%@1728,0%@1728,0%@1728,0%@1728,100%@1728,0%@1728] GR3D_FREQ 19% cpu@58.218C soc2@56.906C soc0@57.75C gpu@58.343C tj@59.218C soc1@59.218C VDD_IN 9435mW/9470mW VDD_CPU_GPU_CV 3230mW/3237mW VDD_SOC 2703mW/2706mW
08-04-2026 16:45:05 RAM 3870/7620MB (lfb 1x1MB) SWAP 2214/12002MB (cached 117MB) CPU [0%@1728,0%@1728,0%@1728,0%@1728,100%@1728,0%@1728] GR3D_FREQ 23% cpu@58.281C soc2@56.937C soc0@57.656C gpu@58.125C tj@59.25C soc1@59.25C VDD_IN 9476mW/9470mW VDD_CPU_GPU_CV 3230mW/3237mW VDD_SOC 2703mW/2706mW
08-04-2026 16:45:06 RAM 3870/7620MB (lfb 1x1MB) SWAP 2214/12002MB (cached 117MB) CPU [0%@1728,0%@1728,9%@1728,0%@1728,100%@1728,0%@1728] GR3D_FREQ 19% cpu@58.25C soc2@57C soc0@57.75C gpu@58.5C tj@59.437C soc1@59.437C VDD_IN 9476mW/9470mW VDD_CPU_GPU_CV 3230mW/3237mW VDD_SOC 2703mW/2706mW
08-04-2026 16:45:06 RAM 3870/7620MB (lfb 1x1MB) SWAP 2214/12002MB (cached 117MB) CPU [0%@1728,0%@1728,0%@1728,0%@1728,100%@1728,0%@1728] GR3D_FREQ 24% cpu@58.375C soc2@56.906C soc0@57.687C gpu@58.312C tj@59.093C soc1@59.093C VDD_IN 9476mW/9470mW VDD_CPU_GPU_CV 3230mW/3237mW VDD_SOC 2703mW/2706mW
08-04-2026 16:45:06 RAM 3870/7620MB (lfb 1x1MB) SWAP 2214/12002MB (cached 117MB) CPU [0%@1728,0%@1728,0%@1728,0%@1728,100%@1728,0%@1728] GR3D_FREQ 19% cpu@58.406C soc2@56.937C soc0@57.75C gpu@58.125C tj@59.187C soc1@59.187C VDD_IN 9476mW/9470mW VDD_CPU_GPU_CV 3230mW/3237mW VDD_SOC 2703mW/2706mW
08-04-2026 16:45:06 RAM 3870/7620MB (lfb 1x1MB) SWAP 2214/12002MB (cached 117MB) CPU [15%@1728,0%@1728,0%@1728,0%@1728,90%@1728,0%@1728] GR3D_FREQ 23% cpu@58.25C soc2@56.937C soc0@57.75C gpu@58.468C tj@59.187C soc1@59.187C VDD_IN 9476mW/9470mW VDD_CPU_GPU_CV 3230mW/3237mW VDD_SOC 2703mW/2706mW
08-04-2026 16:45:06 RAM 3870/7620MB (lfb 1x1MB) SWAP 2214/12002MB (cached 117MB) CPU [0%@1728,0%@1728,0%@1728,0%@1728,100%@1728,0%@1728] GR3D_FREQ 19% cpu@58.281C soc2@57C soc0@57.812C gpu@58.25C tj@59.25C soc1@59.25C VDD_IN 9476mW/9470mW VDD_CPU_GPU_CV 3230mW/3237mW VDD_SOC 2703mW/2706mW
08-04-2026 16:45:06 RAM 3870/7620MB (lfb 1x1MB) SWAP 2214/12002MB (cached 117MB) CPU [0%@1728,0%@1728,0%@1728,0%@1728,100%@1728,0%@1728] GR3D_FREQ 23% cpu@58.406C soc2@56.937C soc0@57.937C gpu@58.593C tj@59.437C soc1@59.437C VDD_IN 9476mW/9470mW VDD_CPU_GPU_CV 3230mW/3237mW VDD_SOC 2703mW/2706mW
08-04-2026 16:45:06 RAM 3870/7620MB (lfb 1x1MB) SWAP 2214/12002MB (cached 117MB) CPU [0%@1728,0%@1728,0%@1728,0%@1728,100%@1728,0%@1728] GR3D_FREQ 19% cpu@58.468C soc2@56.906C soc0@57.718C gpu@58.437C tj@59.187C soc1@59.187C VDD_IN 9476mW/9470mW VDD_CPU_GPU_CV 3230mW/3237mW VDD_SOC 2703mW/2706mW
08-04-2026 16:45:06 RAM 3873/7620MB (lfb 1x1MB) SWAP 2214/12002MB (cached 117MB) CPU [0%@1728,0%@1728,0%@1728,27%@1728,100%@1728,0%@1728] GR3D_FREQ 21% cpu@58.25C soc2@57.031C soc0@57.718C gpu@58.25C tj@59.187C soc1@59.187C VDD_IN 9558mW/9471mW VDD_CPU_GPU_CV 3271mW/3237mW VDD_SOC 2744mW/2706mW
08-04-2026 16:45:06 RAM 3873/7620MB (lfb 1x1MB) SWAP 2214/12002MB (cached 117MB) CPU [0%@1728,0%@1728,15%@1728,0%@1728,100%@1728,9%@1728] GR3D_FREQ 19% cpu@58.343C soc2@56.937C soc0@57.781C gpu@58.531C tj@59.312C soc1@59.312C VDD_IN 9517mW/9471mW VDD_CPU_GPU_CV 3271mW/3237mW VDD_SOC 2703mW/2706mW
08-04-2026 16:45:06 RAM 3873/7620MB (lfb 1x1MB) SWAP 2214/12002MB (cached 117MB) CPU [9%@1728,9%@1728,0%@1728,0%@1728,100%@1728,0%@1728] GR3D_FREQ 23% cpu@58.343C soc2@57.031C soc0@57.875C gpu@58.468C tj@59.375C soc1@59.375C VDD_IN 9517mW/9471mW VDD_CPU_GPU_CV 3271mW/3237mW VDD_SOC 2703mW/2706mW
08-04-2026 16:45:07 RAM 3873/7620MB (lfb 1x1MB) SWAP 2214/12002MB (cached 117MB) CPU [0%@1728,0%@1728,0%@1728,0%@1728,100%@1728,0%@1728] GR3D_FREQ 19% cpu@58.437C soc2@57.031C soc0@57.656C gpu@58.187C tj@59.093C soc1@59.093C VDD_IN 9476mW/9471mW VDD_CPU_GPU_CV 3271mW/3238mW VDD_SOC 2703mW/2706mW
08-04-2026 16:45:07 RAM 3873/7620MB (lfb 1x1MB) SWAP 2214/12002MB (cached 117MB) CPU [0%@1728,0%@1728,0%@1728,0%@1728,100%@1728,0%@1728] GR3D_FREQ 22% cpu@58.25C soc2@56.875C soc0@57.75C gpu@58.593C tj@59.125C soc1@59.125C VDD_IN 9517mW/9471mW VDD_CPU_GPU_CV 3271mW/3238mW VDD_SOC 2703mW/2706mW
08-04-2026 16:45:07 RAM 3873/7620MB (lfb 1x1MB) SWAP 2214/12002MB (cached 117MB) CPU [0%@1728,0%@1728,0%@1728,8%@1728,100%@1728,0%@1728] GR3D_FREQ 20% cpu@58.218C soc2@56.968C soc0@57.781C gpu@58.343C tj@59.156C soc1@59.156C VDD_IN 9476mW/9471mW VDD_CPU_GPU_CV 3271mW/3238mW VDD_SOC 2703mW/2706mW
08-04-2026 16:45:07 RAM 3873/7620MB (lfb 1x1MB) SWAP 2214/12002MB (cached 117MB) CPU [9%@1728,0%@1728,9%@1728,0%@1728,100%@1728,0%@1728] GR3D_FREQ 20% cpu@58.281C soc2@56.843C soc0@57.812C gpu@58.281C tj@59.343C soc1@59.343C VDD_IN 9517mW/9471mW VDD_CPU_GPU_CV 3271mW/3238mW VDD_SOC 2703mW/2706mW
08-04-2026 16:45:07 RAM 3873/7620MB (lfb 1x1MB) SWAP 2214/12002MB (cached 117MB) CPU [0%@1728,0%@1728,0%@1728,0%@1728,100%@1728,0%@1728] GR3D_FREQ 20% cpu@58.343C soc2@57C soc0@58C gpu@58.5C tj@59.531C soc1@59.531C VDD_IN 9476mW/9471mW VDD_CPU_GPU_CV 3271mW/3238mW VDD_SOC 2703mW/2706mW
08-04-2026 16:45:07 RAM 3873/7620MB (lfb 1x1MB) SWAP 2214/12002MB (cached 117MB) CPU [0%@1728,0%@1728,0%@1728,0%@1728,100%@1728,0%@1728] GR3D_FREQ 20% cpu@58.406C soc2@56.968C soc0@57.687C gpu@58.281C tj@59.218C soc1@59.218C VDD_IN 9517mW/9471mW VDD_CPU_GPU_CV 3271mW/3238mW VDD_SOC 2703mW/2706mW
08-04-2026 16:45:07 RAM 3873/7620MB (lfb 1x1MB) SWAP 2214/12002MB (cached 117MB) CPU [0%@1728,9%@1728,0%@1728,0%@1728,100%@1728,0%@1728] GR3D_FREQ 20% cpu@58.218C soc2@56.875C soc0@57.75C gpu@58.031C tj@59.218C soc1@59.218C VDD_IN 9476mW/9471mW VDD_CPU_GPU_CV 3271mW/3238mW VDD_SOC 2703mW/2706mW
08-04-2026 16:45:07 RAM 3873/7620MB (lfb 1x1MB) SWAP 2214/12002MB (cached 117MB) CPU [0%@1728,0%@1728,0%@1728,9%@1728,100%@1728,0%@1728] GR3D_FREQ 21% cpu@58.25C soc2@56.968C soc0@57.875C gpu@58.5C tj@59.25C soc1@59.25C VDD_IN 9476mW/9471mW VDD_CPU_GPU_CV 3271mW/3238mW VDD_SOC 2703mW/2706mW
08-04-2026 16:45:07 RAM 3873/7620MB (lfb 1x1MB) SWAP 2214/12002MB (cached 117MB) CPU [0%@1728,0%@1728,0%@1728,0%@1728,100%@1728,0%@1728] GR3D_FREQ 20% cpu@58.343C soc2@57.031C soc0@58C gpu@58.187C tj@59.406C soc1@59.406C VDD_IN 9476mW/9471mW VDD_CPU_GPU_CV 3230mW/3238mW VDD_SOC 2703mW/2706mW
08-04-2026 16:45:08 RAM 3873/7620MB (lfb 1x1MB) SWAP 2214/12002MB (cached 117MB) CPU [0%@1728,0%@1728,0%@1728,0%@1728,100%@1728,0%@1728] GR3D_FREQ 19% cpu@58.312C soc2@56.843C soc0@57.75C gpu@58.093C tj@59.156C soc1@59.156C VDD_IN 9476mW/9471mW VDD_CPU_GPU_CV 3271mW/3238mW VDD_SOC 2703mW/2706mW
08-04-2026 16:45:08 RAM 3873/7620MB (lfb 1x1MB) SWAP 2214/12002MB (cached 117MB) CPU [0%@1728,0%@1728,0%@1728,0%@1728,100%@1728,0%@1728] GR3D_FREQ 19% cpu@58.312C soc2@56.937C soc0@57.75C gpu@58.437C tj@59.218C soc1@59.218C VDD_IN 9476mW/9471mW VDD_CPU_GPU_CV 3230mW/3238mW VDD_SOC 2703mW/2706mW
08-04-2026 16:45:08 RAM 3872/7620MB (lfb 1x1MB) SWAP 2214/12002MB (cached 117MB) CPU [0%@1728,0%@1728,0%@1728,0%@1728,100%@1728,0%@1728] GR3D_FREQ 20% cpu@58.25C soc2@56.906C soc0@57.75C gpu@58.375C tj@59.218C soc1@59.218C VDD_IN 9476mW/9471mW VDD_CPU_GPU_CV 3230mW/3238mW VDD_SOC 2703mW/2706mW
08-04-2026 16:45:08 RAM 3872/7620MB (lfb 1x1MB) SWAP 2214/12002MB (cached 117MB) CPU [0%@1728,0%@1728,0%@1728,0%@1728,100%@1728,0%@1728] GR3D_FREQ 19% cpu@58.312C soc2@56.937C soc0@57.843C gpu@58.593C tj@59.406C soc1@59.406C VDD_IN 9476mW/9471mW VDD_CPU_GPU_CV 3230mW/3238mW VDD_SOC 2703mW/2706mW
08-04-2026 16:45:08 RAM 3872/7620MB (lfb 1x1MB) SWAP 2214/12002MB (cached 117MB) CPU [0%@1728,0%@1728,10%@1728,0%@1728,100%@1728,0%@1728] GR3D_FREQ 20% cpu@58.375C soc2@56.968C soc0@57.718C gpu@58.406C tj@59.187C soc1@59.125C VDD_IN 9517mW/9471mW VDD_CPU_GPU_CV 3230mW/3238mW VDD_SOC 2703mW/2706mW
08-04-2026 16:45:08 RAM 3872/7620MB (lfb 1x1MB) SWAP 2214/12002MB (cached 117MB) CPU [0%@1728,0%@1728,16%@1728,0%@1728,100%@1728,0%@1728] GR3D_FREQ 20% cpu@58.218C soc2@56.875C soc0@57.718C gpu@58.25C tj@59.156C soc1@59.156C VDD_IN 9476mW/9471mW VDD_CPU_GPU_CV 3230mW/3238mW VDD_SOC 2703mW/2706mW
08-04-2026 16:45:08 RAM 3872/7620MB (lfb 1x1MB) SWAP 2214/12002MB (cached 117MB) CPU [0%@1728,0%@1728,0%@1728,0%@1728,100%@1728,0%@1728] GR3D_FREQ 20% cpu@58.25C soc2@56.968C soc0@57.75C gpu@58.562C tj@59.218C soc1@59.218C VDD_IN 9476mW/9471mW VDD_CPU_GPU_CV 3271mW/3238mW VDD_SOC 2703mW/2706mW
08-04-2026 16:45:08 RAM 3872/7620MB (lfb 1x1MB) SWAP 2214/12002MB (cached 117MB) CPU [9%@1728,0%@1728,0%@1728,0%@1728,100%@1728,0%@1728] GR3D_FREQ 19% cpu@58.312C soc2@56.906C soc0@57.843C gpu@58.375C tj@59.375C soc1@59.375C VDD_IN 9476mW/9471mW VDD_CPU_GPU_CV 3230mW/3238mW VDD_SOC 2703mW/2706mW
08-04-2026 16:45:08 RAM 3872/7620MB (lfb 1x1MB) SWAP 2214/12002MB (cached 117MB) CPU [0%@1728,0%@1728,0%@1728,9%@1728,100%@1728,0%@1728] GR3D_FREQ 19% cpu@58.406C soc2@57.031C soc0@58C gpu@58.281C tj@59.437C soc1@59.437C VDD_IN 9517mW/9471mW VDD_CPU_GPU_CV 3271mW/3238mW VDD_SOC 2703mW/2706mW
08-04-2026 16:45:08 RAM 3872/7620MB (lfb 1x1MB) SWAP 2214/12002MB (cached 117MB) CPU [9%@1728,9%@1728,9%@1728,0%@1728,100%@1728,0%@1728] GR3D_FREQ 20% cpu@58.531C soc2@56.906C soc0@57.75C gpu@58.562C tj@59.156C soc1@59.156C VDD_IN 9476mW/9471mW VDD_CPU_GPU_CV 3271mW/3238mW VDD_SOC 2703mW/2706mW
08-04-2026 16:45:09 RAM 3872/7620MB (lfb 1x1MB) SWAP 2214/12002MB (cached 117MB) CPU [0%@1728,0%@1728,0%@1728,16%@1728,100%@1728,0%@1728] GR3D_FREQ 19% cpu@58.281C soc2@56.968C soc0@57.75C gpu@58.343C tj@59.312C soc1@59.312C VDD_IN 9517mW/9471mW VDD_CPU_GPU_CV 3271mW/3238mW VDD_SOC 2703mW/2706mW
08-04-2026 16:45:09 RAM 3872/7620MB (lfb 1x1MB) SWAP 2214/12002MB (cached 117MB) CPU [0%@1728,0%@1728,0%@1728,0%@1728,100%@1728,0%@1728] GR3D_FREQ 20% cpu@58.25C soc2@56.875C soc0@57.843C gpu@58.25C tj@59.25C soc1@59.25C VDD_IN 9476mW/9471mW VDD_CPU_GPU_CV 3271mW/3238mW VDD_SOC 2703mW/2706mW
08-04-2026 16:45:09 RAM 3872/7620MB (lfb 1x1MB) SWAP 2214/12002MB (cached 117MB) CPU [0%@1728,0%@1728,0%@1728,0%@1728,100%@1728,0%@1728] GR3D_FREQ 19% cpu@58.281C soc2@56.937C soc0@57.968C gpu@58.5C tj@59.406C soc1@59.406C VDD_IN 9476mW/9471mW VDD_CPU_GPU_CV 3271mW/3238mW VDD_SOC 2703mW/2706mW
08-04-2026 16:45:09 RAM 3872/7620MB (lfb 1x1MB) SWAP 2214/12002MB (cached 117MB) CPU [0%@1728,0%@1728,0%@1728,0%@1728,100%@1728,0%@1728] GR3D_FREQ 19% cpu@58.281C soc2@56.906C soc0@57.656C gpu@58.312C tj@59.093C soc1@59.093C VDD_IN 9476mW/9471mW VDD_CPU_GPU_CV 3271mW/3238mW VDD_SOC 2703mW/2706mW
08-04-2026 16:45:09 RAM 3872/7620MB (lfb 1x1MB) SWAP 2214/12002MB (cached 117MB) CPU [0%@1728,0%@1728,0%@1728,0%@1728,100%@1728,0%@1728] GR3D_FREQ 19% cpu@58.218C soc2@56.906C soc0@57.75C gpu@58.218C tj@59.156C soc1@59.156C VDD_IN 9476mW/9471mW VDD_CPU_GPU_CV 3271mW/3238mW VDD_SOC 2703mW/2706mW
08-04-2026 16:45:09 RAM 3872/7620MB (lfb 1x1MB) SWAP 2214/12002MB (cached 117MB) CPU [9%@1728,0%@1728,0%@1728,0%@1728,100%@1728,0%@1728] GR3D_FREQ 19% cpu@58.25C soc2@56.937C soc0@57.781C gpu@58.5C tj@59.25C soc1@59.25C VDD_IN 9476mW/9471mW VDD_CPU_GPU_CV 3271mW/3238mW VDD_SOC 2703mW/2705mW
08-04-2026 16:45:09 RAM 3872/7620MB (lfb 1x1MB) SWAP 2214/12002MB (cached 117MB) CPU [0%@1728,0%@1728,0%@1728,0%@1728,100%@1728,0%@1728] GR3D_FREQ 19% cpu@58.218C soc2@56.906C soc0@57.812C gpu@58.375C tj@59.343C soc1@59.343C VDD_IN 9476mW/9471mW VDD_CPU_GPU_CV 3271mW/3238mW VDD_SOC 2703mW/2705mW
08-04-2026 16:45:09 RAM 3872/7620MB (lfb 1x1MB) SWAP 2214/12002MB (cached 117MB) CPU [9%@1728,0%@1728,0%@1728,0%@1728,100%@1728,0%@1728] GR3D_FREQ 19% cpu@58.312C soc2@57.062C soc0@58C gpu@58.062C tj@59.406C soc1@59.156C VDD_IN 9476mW/9471mW VDD_CPU_GPU_CV 3271mW/3238mW VDD_SOC 2703mW/2705mW
08-04-2026 16:45:09 RAM 3872/7620MB (lfb 1x1MB) SWAP 2214/12002MB (cached 117MB) CPU [0%@1728,0%@1728,0%@1728,0%@1728,100%@1728,9%@1728] GR3D_FREQ 19% cpu@58.187C soc2@56.937C soc0@57.812C gpu@58.5C tj@59.218C soc1@59.218C VDD_IN 9476mW/9471mW VDD_CPU_GPU_CV 3271mW/3238mW VDD_SOC 2703mW/2705mW
08-04-2026 16:45:10 RAM 3873/7620MB (lfb 1x1MB) SWAP 2214/12002MB (cached 117MB) CPU [18%@1728,10%@1728,9%@1728,10%@1728,100%@1728,0%@1728] GR3D_FREQ 19% cpu@58.343C soc2@56.968C soc0@57.812C gpu@58.375C tj@59.187C soc1@59.187C VDD_IN 9558mW/9471mW VDD_CPU_GPU_CV 3312mW/3238mW VDD_SOC 2744mW/2706mW
08-04-2026 16:45:10 RAM 3873/7620MB (lfb 1x1MB) SWAP 2214/12002MB (cached 117MB) CPU [0%@1728,0%@1728,0%@1728,0%@1728,100%@1728,0%@1728] GR3D_FREQ 19% cpu@58.25C soc2@57.062C soc0@57.843C gpu@58.656C tj@59.312C soc1@59.312C VDD_IN 9517mW/9471mW VDD_CPU_GPU_CV 3312mW/3238mW VDD_SOC 2744mW/2706mW
08-04-2026 16:45:10 RAM 3873/7620MB (lfb 1x1MB) SWAP 2214/12002MB (cached 117MB) CPU [0%@1728,0%@1728,0%@1728,0%@1728,90%@1728,0%@1728] GR3D_FREQ 19% cpu@58.343C soc2@57C soc0@57.968C gpu@58.406C tj@59.406C soc1@59.406C VDD_IN 9517mW/9471mW VDD_CPU_GPU_CV 3271mW/3238mW VDD_SOC 2703mW/2706mW
08-04-2026 16:45:10 RAM 3873/7620MB (lfb 1x1MB) SWAP 2214/12002MB (cached 117MB) CPU [0%@1728,9%@1728,0%@1728,0%@1728,100%@1728,54%@1728] GR3D_FREQ 19% cpu@58.562C soc2@56.937C soc0@57.656C gpu@58.312C tj@59.093C soc1@59.093C VDD_IN 9599mW/9472mW VDD_CPU_GPU_CV 3312mW/3239mW VDD_SOC 2744mW/2706mW
08-04-2026 16:45:10 RAM 3873/7620MB (lfb 1x1MB) SWAP 2214/12002MB (cached 117MB) CPU [0%@1728,0%@1728,0%@1728,0%@1728,100%@1728,0%@1728] GR3D_FREQ 19% cpu@58.281C soc2@56.937C soc0@57.75C gpu@58.531C tj@59.281C soc1@59.281C VDD_IN 9558mW/9472mW VDD_CPU_GPU_CV 3312mW/3239mW VDD_SOC 2744mW/2706mW
08-04-2026 16:45:10 RAM 3873/7620MB (lfb 1x1MB) SWAP 2214/12002MB (cached 117MB) CPU [0%@1728,0%@1728,9%@1728,0%@1728,100%@1728,0%@1728] GR3D_FREQ 19% cpu@58.312C soc2@56.843C soc0@57.75C gpu@58.406C tj@59.25C soc1@59.25C VDD_IN 9558mW/9472mW VDD_CPU_GPU_CV 3312mW/3239mW VDD_SOC 2744mW/2706mW
08-04-2026 16:45:10 RAM 3874/7620MB (lfb 1x1MB) SWAP 2214/12002MB (cached 117MB) CPU [0%@1728,0%@1728,0%@1728,0%@1728,100%@1728,0%@1728] GR3D_FREQ 19% cpu@58.375C soc2@57.062C soc0@57.843C gpu@58.25C tj@59.312C soc1@59.312C VDD_IN 9517mW/9472mW VDD_CPU_GPU_CV 3271mW/3239mW VDD_SOC 2703mW/2706mW
08-04-2026 16:45:10 RAM 3874/7620MB (lfb 1x1MB) SWAP 2214/12002MB (cached 117MB) CPU [0%@1728,8%@1728,0%@1728,0%@1728,100%@1728,0%@1728] GR3D_FREQ 19% cpu@58.406C soc2@57.031C soc0@58C gpu@58.5C tj@59.125C soc1@59.125C VDD_IN 9517mW/9472mW VDD_CPU_GPU_CV 3271mW/3239mW VDD_SOC 2703mW/2706mW
08-04-2026 16:45:10 RAM 3874/7620MB (lfb 1x1MB) SWAP 2214/12002MB (cached 117MB) CPU [0%@1728,0%@1728,0%@1728,0%@1728,100%@1728,0%@1728] GR3D_FREQ 20% cpu@58.25C soc2@56.937C soc0@57.75C gpu@58.406C tj@59.187C soc1@59.156C VDD_IN 9517mW/9472mW VDD_CPU_GPU_CV 3271mW/3239mW VDD_SOC 2703mW/2706mW
08-04-2026 16:45:10 RAM 3874/7620MB (lfb 1x1MB) SWAP 2214/12002MB (cached 117MB) CPU [8%@1728,0%@1728,9%@1728,0%@1728,100%@1728,0%@1728] GR3D_FREQ 20% cpu@58.312C soc2@56.875C soc0@57.781C gpu@58.312C tj@59.281C soc1@59.281C VDD_IN 9476mW/9472mW VDD_CPU_GPU_CV 3271mW/3239mW VDD_SOC 2703mW/2706mW
08-04-2026 16:45:11 RAM 3874/7620MB (lfb 1x1MB) SWAP 2214/12002MB (cached 117MB) CPU [0%@1728,0%@1728,0%@1728,9%@1728,100%@1728,0%@1728] GR3D_FREQ 19% cpu@58.312C soc2@57C soc0@57.75C gpu@58.468C tj@59.281C soc1@59.281C VDD_IN 9476mW/9472mW VDD_CPU_GPU_CV 3271mW/3239mW VDD_SOC 2703mW/2706mW
08-04-2026 16:45:11 RAM 3874/7620MB (lfb 1x1MB) SWAP 2214/12002MB (cached 117MB) CPU [0%@1728,0%@1728,0%@1728,9%@1728,100%@1728,0%@1728] GR3D_FREQ 19% cpu@58.375C soc2@56.968C soc0@57.906C gpu@58.312C tj@59.125C soc1@59.125C VDD_IN 9435mW/9472mW VDD_CPU_GPU_CV 3271mW/3239mW VDD_SOC 2703mW/2706mW
08-04-2026 16:45:11 RAM 3874/7620MB (lfb 1x1MB) SWAP 2214/12002MB (cached 117MB) CPU [0%@1728,0%@1728,0%@1728,8%@1728,100%@1728,0%@1728] GR3D_FREQ 18% cpu@58.218C soc2@56.875C soc0@57.718C gpu@58.25C tj@59.187C soc1@59.187C VDD_IN 9476mW/9472mW VDD_CPU_GPU_CV 3230mW/3239mW VDD_SOC 2703mW/2706mW
08-04-2026 16:45:11 RAM 3874/7620MB (lfb 1x1MB) SWAP 2214/12002MB (cached 117MB) CPU [0%@1728,0%@1728,0%@1728,0%@1728,100%@1728,0%@1728] GR3D_FREQ 21% cpu@58.125C soc2@56.843C soc0@57.75C gpu@58.437C tj@59.343C soc1@59.343C VDD_IN 9435mW/9472mW VDD_CPU_GPU_CV 3230mW/3239mW VDD_SOC 2703mW/2706mW
08-04-2026 16:45:11 RAM 3874/7620MB (lfb 1x1MB) SWAP 2214/12002MB (cached 117MB) CPU [0%@1728,0%@1728,0%@1728,0%@1728,100%@1728,0%@1728] GR3D_FREQ 19% cpu@58.218C soc2@56.937C soc0@57.75C gpu@58.312C tj@59.343C soc1@59.343C VDD_IN 9435mW/9472mW VDD_CPU_GPU_CV 3230mW/3239mW VDD_SOC 2703mW/2706mW
08-04-2026 16:45:11 RAM 3874/7620MB (lfb 1x1MB) SWAP 2214/12002MB (cached 117MB) CPU [0%@1728,0%@1728,8%@1728,0%@1728,100%@1728,0%@1728] GR3D_FREQ 20% cpu@58.312C soc2@56.968C soc0@57.906C gpu@58.218C tj@59.406C soc1@59.406C VDD_IN 9476mW/9472mW VDD_CPU_GPU_CV 3230mW/3239mW VDD_SOC 2703mW/2706mW
08-04-2026 16:45:11 RAM 3874/7620MB (lfb 1x1MB) SWAP 2214/12002MB (cached 117MB) CPU [0%@1728,0%@1728,0%@1728,0%@1728,100%@1728,0%@1728] GR3D_FREQ 20% cpu@58.468C soc2@56.937C soc0@57.75C gpu@58.406C tj@59.25C soc1@59.25C VDD_IN 9476mW/9472mW VDD_CPU_GPU_CV 3230mW/3239mW VDD_SOC 2703mW/2706mW
08-04-2026 16:45:11 RAM 3874/7620MB (lfb 1x1MB) SWAP 2214/12002MB (cached 117MB) CPU [0%@1728,0%@1728,0%@1728,0%@1728,100%@1728,0%@1728] GR3D_FREQ 20% cpu@58.25C soc2@56.937C soc0@57.75C gpu@58.218C tj@59.25C soc1@59.25C VDD_IN 9435mW/9472mW VDD_CPU_GPU_CV 3230mW/3239mW VDD_SOC 2703mW/2706mW
08-04-2026 16:45:11 RAM 3874/7620MB (lfb 1x1MB) SWAP 2214/12002MB (cached 117MB) CPU [0%@1728,9%@1728,0%@1728,0%@1728,100%@1728,0%@1728] GR3D_FREQ 21% cpu@58.25C soc2@56.937C soc0@57.812C gpu@58.187C tj@59.343C soc1@59.343C VDD_IN 9476mW/9472mW VDD_CPU_GPU_CV 3230mW/3239mW VDD_SOC 2703mW/2706mW
08-04-2026 16:45:12 RAM 3874/7620MB (lfb 1x1MB) SWAP 2214/12002MB (cached 117MB) CPU [0%@1728,0%@1728,0%@1728,0%@1728,100%@1728,0%@1728] GR3D_FREQ 20% cpu@58.187C soc2@57C soc0@57.843C gpu@58.406C tj@59.406C soc1@59.406C VDD_IN 9476mW/9472mW VDD_CPU_GPU_CV 3230mW/3239mW VDD_SOC 2703mW/2706mW
08-04-2026 16:45:12 RAM 3874/7620MB (lfb 1x1MB) SWAP 2214/12002MB (cached 117MB) CPU [9%@1728,0%@1728,0%@1728,0%@1728,100%@1728,0%@1728] GR3D_FREQ 22% cpu@58.375C soc2@57.031C soc0@57.937C gpu@58.218C tj@59.156C soc1@59.156C VDD_IN 9476mW/9472mW VDD_CPU_GPU_CV 3230mW/3239mW VDD_SOC 2703mW/2706mW
08-04-2026 16:45:12 RAM 3874/7620MB (lfb 1x1MB) SWAP 2214/12002MB (cached 117MB) CPU [0%@1728,0%@1728,0%@1728,8%@1728,100%@1728,0%@1728] GR3D_FREQ 20% cpu@58.156C soc2@56.875C soc0@57.687C gpu@58.125C tj@59.187C soc1@59.187C VDD_IN 9435mW/9472mW VDD_CPU_GPU_CV 3230mW/3239mW VDD_SOC 2703mW/2706mW
08-04-2026 16:45:12 RAM 3874/7620MB (lfb 1x1MB) SWAP 2214/12002MB (cached 117MB) CPU [0%@1728,0%@1728,0%@1728,0%@1728,100%@1728,0%@1728] GR3D_FREQ 22% cpu@58.218C soc2@56.968C soc0@57.75C gpu@58.312C tj@59.25C soc1@59.25C VDD_IN 9476mW/9472mW VDD_CPU_GPU_CV 3230mW/3239mW VDD_SOC 2703mW/2706mW
08-04-2026 16:45:12 RAM 3874/7620MB (lfb 1x1MB) SWAP 2214/12002MB (cached 117MB) CPU [0%@1728,0%@1728,0%@1728,0%@1728,100%@1728,0%@1728] GR3D_FREQ 19% cpu@58.25C soc2@57C soc0@57.906C gpu@58.25C tj@59.343C soc1@59.343C VDD_IN 9435mW/9472mW VDD_CPU_GPU_CV 3230mW/3239mW VDD_SOC 2703mW/2706mW
08-04-2026 16:45:12 RAM 3874/7620MB (lfb 1x1MB) SWAP 2214/12002MB (cached 117MB) CPU [0%@1728,0%@1728,0%@1728,9%@1728,100%@1728,0%@1728] GR3D_FREQ 22% cpu@58.406C soc2@56.968C soc0@58C gpu@58.5C tj@59.375C soc1@59.375C VDD_IN 9435mW/9472mW VDD_CPU_GPU_CV 3230mW/3239mW VDD_SOC 2703mW/2706mW
08-04-2026 16:45:12 RAM 3874/7620MB (lfb 1x1MB) SWAP 2214/12002MB (cached 117MB) CPU [0%@1728,0%@1728,0%@1728,0%@1728,100%@1728,0%@1728] GR3D_FREQ 20% cpu@58.375C soc2@57C soc0@57.718C gpu@58.406C tj@59.218C soc1@59.218C VDD_IN 9435mW/9472mW VDD_CPU_GPU_CV 3230mW/3239mW VDD_SOC 2703mW/2706mW
08-04-2026 16:45:12 RAM 3874/7620MB (lfb 1x1MB) SWAP 2214/12002MB (cached 117MB) CPU [0%@1728,0%@1728,0%@1728,0%@1728,100%@1728,0%@1728] GR3D_FREQ 22% cpu@58.281C soc2@56.937C soc0@57.75C gpu@58.312C tj@59.312C soc1@59.312C VDD_IN 9435mW/9472mW VDD_CPU_GPU_CV 3230mW/3239mW VDD_SOC 2703mW/2706mW
08-04-2026 16:45:12 RAM 3874/7620MB (lfb 1x1MB) SWAP 2214/12002MB (cached 117MB) CPU [18%@1728,0%@1728,8%@1728,0%@1728,100%@1728,9%@1728] GR3D_FREQ 19% cpu@58.25C soc2@56.937C soc0@57.843C gpu@58.437C tj@59.281C soc1@59.281C VDD_IN 9476mW/9472mW VDD_CPU_GPU_CV 3230mW/3239mW VDD_SOC 2703mW/2706mW
08-04-2026 16:45:12 RAM 3874/7620MB (lfb 1x1MB) SWAP 2214/12002MB (cached 117MB) CPU [0%@1728,0%@1728,0%@1728,0%@1728,100%@1728,0%@1728] GR3D_FREQ 22% cpu@58.281C soc2@56.968C soc0@57.937C gpu@58.375C tj@59.343C soc1@59.343C VDD_IN 9476mW/9472mW VDD_CPU_GPU_CV 3230mW/3239mW VDD_SOC 2703mW/2706mW
08-04-2026 16:45:13 RAM 3874/7620MB (lfb 1x1MB) SWAP 2214/12002MB (cached 117MB) CPU [0%@1728,0%@1728,0%@1728,0%@1728,100%@1728,0%@1728] GR3D_FREQ 19% cpu@58.343C soc2@56.906C soc0@58.031C gpu@58.25C tj@59.125C soc1@59.125C VDD_IN 9476mW/9472mW VDD_CPU_GPU_CV 3230mW/3239mW VDD_SOC 2703mW/2706mW
08-04-2026 16:45:13 RAM 3874/7620MB (lfb 1x1MB) SWAP 2214/12002MB (cached 117MB) CPU [0%@1728,0%@1728,0%@1728,0%@1728,100%@1728,0%@1728] GR3D_FREQ 22% cpu@58.281C soc2@56.968C soc0@57.75C gpu@58.468C tj@59.187C soc1@59.187C VDD_IN 9476mW/9472mW VDD_CPU_GPU_CV 3230mW/3239mW VDD_SOC 2703mW/2706mW
08-04-2026 16:45:13 RAM 3872/7620MB (lfb 1x1MB) SWAP 2214/12002MB (cached 117MB) CPU [10%@1728,0%@1728,10%@1728,0%@1728,100%@1728,0%@1728] GR3D_FREQ 19% cpu@58.343C soc2@56.968C soc0@57.75C gpu@58.25C tj@59.187C soc1@59.187C VDD_IN 9517mW/9472mW VDD_CPU_GPU_CV 3271mW/3239mW VDD_SOC 2703mW/2706mW
08-04-2026 16:45:13 RAM 3872/7620MB (lfb 1x1MB) SWAP 2214/12002MB (cached 117MB) CPU [0%@1728,9%@1728,0%@1728,0%@1728,100%@1728,0%@1728] GR3D_FREQ 22% cpu@58.343C soc2@56.937C soc0@57.843C gpu@58.25C tj@59.406C soc1@59.406C VDD_IN 9517mW/9472mW VDD_CPU_GPU_CV 3271mW/3239mW VDD_SOC 2703mW/2706mW
08-04-2026 16:45:13 RAM 3872/7620MB (lfb 1x1MB) SWAP 2214/12002MB (cached 117MB) CPU [9%@1728,0%@1728,0%@1728,0%@1728,100%@1728,0%@1728] GR3D_FREQ 19% cpu@58.281C soc2@57.093C soc0@57.937C gpu@58.437C tj@59.218C soc1@59.218C VDD_IN 9476mW/9472mW VDD_CPU_GPU_CV 3271mW/3239mW VDD_SOC 2703mW/2706mW
08-04-2026 16:45:13 RAM 3872/7620MB (lfb 1x1MB) SWAP 2214/12002MB (cached 117MB) CPU [0%@1728,0%@1728,0%@1728,8%@1728,100%@1728,0%@1728] GR3D_FREQ 22% cpu@58.343C soc2@56.937C soc0@57.781C gpu@58.281C tj@59.187C soc1@59.187C VDD_IN 9517mW/9472mW VDD_CPU_GPU_CV 3230mW/3239mW VDD_SOC 2703mW/2706mW
08-04-2026 16:45:13 RAM 3872/7620MB (lfb 1x1MB) SWAP 2214/12002MB (cached 117MB) CPU [0%@1728,9%@1728,0%@1728,0%@1728,100%@1728,0%@1728] GR3D_FREQ 19% cpu@58.343C soc2@56.968C soc0@57.75C gpu@58.156C tj@59.25C soc1@59.25C VDD_IN 9517mW/9472mW VDD_CPU_GPU_CV 3230mW/3239mW VDD_SOC 2703mW/2706mW
08-04-2026 16:45:13 RAM 3872/7620MB (lfb 1x1MB) SWAP 2214/12002MB (cached 117MB) CPU [0%@1728,0%@1728,0%@1728,0%@1728,100%@1728,0%@1728] GR3D_FREQ 23% cpu@58.281C soc2@57C soc0@57.812C gpu@58.406C tj@59.343C soc1@59.343C VDD_IN 9517mW/9472mW VDD_CPU_GPU_CV 3230mW/3239mW VDD_SOC 2703mW/2706mW
08-04-2026 16:45:13 RAM 3872/7620MB (lfb 1x1MB) SWAP 2214/12002MB (cached 117MB) CPU [0%@1728,8%@1728,9%@1728,16%@1728,100%@1728,9%@1728] GR3D_FREQ 19% cpu@58.406C soc2@57.062C soc0@57.968C gpu@58.312C tj@59.375C soc1@59.375C VDD_IN 9476mW/9472mW VDD_CPU_GPU_CV 3230mW/3239mW VDD_SOC 2703mW/2706mW
08-04-2026 16:45:13 RAM 3872/7620MB (lfb 1x1MB) SWAP 2214/12002MB (cached 117MB) CPU [0%@1728,9%@1728,0%@1728,0%@1728,91%@1728,0%@1728] GR3D_FREQ 23% cpu@58.187C soc2@56.906C soc0@57.75C gpu@58.125C tj@59.125C soc1@59.125C VDD_IN 9517mW/9472mW VDD_CPU_GPU_CV 3230mW/3239mW VDD_SOC 2703mW/2706mW
08-04-2026 16:45:14 RAM 3872/7620MB (lfb 1x1MB) SWAP 2214/12002MB (cached 117MB) CPU [0%@1728,0%@1728,0%@1728,0%@1728,100%@1728,0%@1728] GR3D_FREQ 19% cpu@58.25C soc2@56.843C soc0@57.75C gpu@58.437C tj@59.281C soc1@59.281C VDD_IN 9476mW/9472mW VDD_CPU_GPU_CV 3230mW/3239mW VDD_SOC 2703mW/2706mW
08-04-2026 16:45:14 RAM 3872/7620MB (lfb 1x1MB) SWAP 2214/12002MB (cached 117MB) CPU [0%@1728,0%@1728,0%@1728,0%@1728,100%@1728,0%@1728] GR3D_FREQ 23% cpu@58.343C soc2@56.968C soc0@57.75C gpu@58.312C tj@59.312C soc1@59.312C VDD_IN 9517mW/9472mW VDD_CPU_GPU_CV 3230mW/3239mW VDD_SOC 2703mW/2706mW
08-04-2026 16:45:14 RAM 3872/7620MB (lfb 1x1MB) SWAP 2214/12002MB (cached 117MB) CPU [0%@1728,0%@1728,0%@1728,0%@1728,100%@1728,0%@1728] GR3D_FREQ 19% cpu@58.343C soc2@57C soc0@57.875C gpu@58.125C tj@59.375C soc1@59.375C VDD_IN 9476mW/9472mW VDD_CPU_GPU_CV 3230mW/3239mW VDD_SOC 2703mW/2706mW
08-04-2026 16:45:14 RAM 3872/7620MB (lfb 1x1MB) SWAP 2214/12002MB (cached 117MB) CPU [9%@1728,0%@1728,0%@1728,0%@1728,100%@1728,0%@1728] GR3D_FREQ 23% cpu@58.375C soc2@57C soc0@57.968C gpu@58.5C tj@59.125C soc1@59.125C VDD_IN 9476mW/9472mW VDD_CPU_GPU_CV 3230mW/3239mW VDD_SOC 2703mW/2706mW
08-04-2026 16:45:14 RAM 3872/7620MB (lfb 1x1MB) SWAP 2214/12002MB (cached 117MB) CPU [0%@1728,0%@1728,0%@1728,0%@1728,100%@1728,0%@1728] GR3D_FREQ 19% cpu@58.281C soc2@56.937C soc0@57.75C gpu@58.281C tj@59.25C soc1@59.25C VDD_IN 9476mW/9472mW VDD_CPU_GPU_CV 3230mW/3239mW VDD_SOC 2703mW/2706mW
08-04-2026 16:45:14 RAM 3872/7620MB (lfb 1x1MB) SWAP 2214/12002MB (cached 117MB) CPU [0%@1728,0%@1728,9%@1728,0%@1728,100%@1728,0%@1728] GR3D_FREQ 23% cpu@58.281C soc2@57C soc0@57.812C gpu@58.156C tj@59.281C soc1@59.281C VDD_IN 9476mW/9472mW VDD_CPU_GPU_CV 3230mW/3239mW VDD_SOC 2703mW/2706mW
08-04-2026 16:45:14 RAM 3872/7620MB (lfb 1x1MB) SWAP 2214/12002MB (cached 117MB) CPU [0%@1728,0%@1728,0%@1728,0%@1728,100%@1728,0%@1728] GR3D_FREQ 19% cpu@58.343C soc2@56.968C soc0@57.875C gpu@58.375C tj@59.343C soc1@59.343C VDD_IN 9476mW/9472mW VDD_CPU_GPU_CV 3230mW/3239mW VDD_SOC 2703mW/2706mW
08-04-2026 16:45:14 RAM 3872/7620MB (lfb 1x1MB) SWAP 2214/12002MB (cached 117MB) CPU [11%@1728,8%@1728,0%@1728,8%@1728,100%@1728,0%@1728] GR3D_FREQ 24% cpu@58.406C soc2@56.968C soc0@57.937C gpu@58.218C tj@59.156C soc1@59.156C VDD_IN 9517mW/9472mW VDD_CPU_GPU_CV 3230mW/3239mW VDD_SOC 2703mW/2706mW
08-04-2026 16:45:14 RAM 3872/7620MB (lfb 1x1MB) SWAP 2214/12002MB (cached 117MB) CPU [0%@1728,0%@1728,0%@1728,0%@1728,100%@1728,0%@1728] GR3D_FREQ 19% cpu@58.187C soc2@56.906C soc0@57.718C gpu@58.531C tj@59.218C soc1@59.218C VDD_IN 9476mW/9472mW VDD_CPU_GPU_CV 3230mW/3239mW VDD_SOC 2703mW/2706mW
08-04-2026 16:45:15 RAM 3872/7620MB (lfb 1x1MB) SWAP 2214/12002MB (cached 117MB) CPU [0%@1728,0%@1728,0%@1728,0%@1728,100%@1728,0%@1728] GR3D_FREQ 23% cpu@58.218C soc2@56.875C soc0@57.781C gpu@58.375C tj@59.187C soc1@59.187C VDD_IN 9476mW/9472mW VDD_CPU_GPU_CV 3230mW/3239mW VDD_SOC 2703mW/2706mW
08-04-2026 16:45:15 RAM 3872/7620MB (lfb 1x1MB) SWAP 2214/12002MB (cached 117MB) CPU [0%@1728,0%@1728,0%@1728,8%@1728,100%@1728,0%@1728] GR3D_FREQ 19% cpu@58.281C soc2@56.937C soc0@57.75C gpu@58.218C tj@59.375C soc1@59.375C VDD_IN 9476mW/9472mW VDD_CPU_GPU_CV 3230mW/3239mW VDD_SOC 2703mW/2706mW
08-04-2026 16:45:15 RAM 3872/7620MB (lfb 1x1MB) SWAP 2214/12002MB (cached 117MB) CPU [16%@1728,0%@1728,0%@1728,0%@1728,100%@1728,0%@1728] GR3D_FREQ 23% cpu@58.312C soc2@57.031C soc0@57.812C gpu@58.5C tj@59.375C soc1@59.375C VDD_IN 9476mW/9472mW VDD_CPU_GPU_CV 3271mW/3239mW VDD_SOC 2703mW/2706mW
08-04-2026 16:45:15 RAM 3872/7620MB (lfb 1x1MB) SWAP 2214/12002MB (cached 117MB) CPU [0%@1728,0%@1728,0%@1728,0%@1728,100%@1728,0%@1728] GR3D_FREQ 19% cpu@58.437C soc2@57.031C soc0@58.062C gpu@58.343C tj@59.156C soc1@59.156C VDD_IN 9435mW/9472mW VDD_CPU_GPU_CV 3230mW/3239mW VDD_SOC 2703mW/2706mW
08-04-2026 16:45:15 RAM 3872/7620MB (lfb 1x1MB) SWAP 2214/12002MB (cached 117MB) CPU [0%@1728,0%@1728,0%@1728,0%@1728,100%@1728,0%@1728] GR3D_FREQ 23% cpu@58.25C soc2@56.937C soc0@57.687C gpu@58.25C tj@59.25C soc1@59.25C VDD_IN 9476mW/9472mW VDD_CPU_GPU_CV 3230mW/3239mW VDD_SOC 2703mW/2706mW
08-04-2026 16:45:15 RAM 3872/7620MB (lfb 1x1MB) SWAP 2214/12002MB (cached 117MB) CPU [0%@1728,0%@1728,0%@1728,0%@1728,100%@1728,0%@1728] GR3D_FREQ 19% cpu@58.25C soc2@56.968C soc0@57.781C gpu@58.375C tj@59.218C soc1@59.218C VDD_IN 9435mW/9472mW VDD_CPU_GPU_CV 3230mW/3239mW VDD_SOC 2703mW/2706mW
08-04-2026 16:45:15 RAM 3872/7620MB (lfb 1x1MB) SWAP 2214/12002MB (cached 117MB) CPU [0%@1728,0%@1728,0%@1728,9%@1728,100%@1728,0%@1728] GR3D_FREQ 21% cpu@58.375C soc2@57C soc0@57.937C gpu@58.375C tj@59.343C soc1@59.343C VDD_IN 9435mW/9472mW VDD_CPU_GPU_CV 3271mW/3239mW VDD_SOC 2703mW/2706mW
08-04-2026 16:45:15 RAM 3872/7620MB (lfb 1x1MB) SWAP 2214/12002MB (cached 117MB) CPU [8%@1728,0%@1728,0%@1728,0%@1728,100%@1728,0%@1728] GR3D_FREQ 20% cpu@58.312C soc2@57.062C soc0@57.937C gpu@58.218C tj@59.156C soc1@59.156C VDD_IN 9435mW/9472mW VDD_CPU_GPU_CV 3230mW/3239mW VDD_SOC 2703mW/2706mW
08-04-2026 16:45:15 RAM 3872/7620MB (lfb 1x1MB) SWAP 2214/12002MB (cached 117MB) CPU [0%@1728,0%@1728,9%@1728,0%@1728,100%@1728,0%@1728] GR3D_FREQ 22% cpu@58.218C soc2@56.968C soc0@57.75C gpu@58.5C tj@59.125C soc1@59.125C VDD_IN 9476mW/9472mW VDD_CPU_GPU_CV 3271mW/3239mW VDD_SOC 2703mW/2706mW
08-04-2026 16:45:15 RAM 3872/7620MB (lfb 1x1MB) SWAP 2214/12002MB (cached 117MB) CPU [0%@1728,0%@1728,0%@1728,0%@1728,100%@1728,0%@1728] GR3D_FREQ 19% cpu@58.343C soc2@56.875C soc0@57.937C gpu@58.25C tj@59.187C soc1@59.187C VDD_IN 9435mW/9472mW VDD_CPU_GPU_CV 3271mW/3239mW VDD_SOC 2703mW/2706mW
08-04-2026 16:45:16 RAM 3872/7620MB (lfb 1x1MB) SWAP 2214/12002MB (cached 117MB) CPU [8%@1728,9%@1728,0%@1728,0%@1728,100%@1728,0%@1728] GR3D_FREQ 23% cpu@58.343C soc2@56.968C soc0@57.781C gpu@58.187C tj@59.406C soc1@59.406C VDD_IN 9476mW/9472mW VDD_CPU_GPU_CV 3271mW/3239mW VDD_SOC 2703mW/2706mW
08-04-2026 16:45:16 RAM 3872/7620MB (lfb 1x1MB) SWAP 2214/12002MB (cached 117MB) CPU [0%@1728,0%@1728,0%@1728,0%@1728,100%@1728,0%@1728] GR3D_FREQ 20% cpu@58.343C soc2@56.937C soc0@57.968C gpu@58.406C tj@59.343C soc1@59.343C VDD_IN 9435mW/9472mW VDD_CPU_GPU_CV 3230mW/3239mW VDD_SOC 2703mW/2706mW
08-04-2026 16:45:16 RAM 3872/7620MB (lfb 1x1MB) SWAP 2214/12002MB (cached 117MB) CPU [0%@1728,0%@1728,0%@1728,0%@1728,100%@1728,0%@1728] GR3D_FREQ 22% cpu@58.437C soc2@56.937C soc0@57.75C gpu@58.25C tj@59.187C soc1@59.187C VDD_IN 9435mW/9472mW VDD_CPU_GPU_CV 3230mW/3239mW VDD_SOC 2703mW/2706mW
08-04-2026 16:45:16 RAM 3872/7620MB (lfb 1x1MB) SWAP 2214/12002MB (cached 117MB) CPU [0%@1728,9%@1728,0%@1728,0%@1728,100%@1728,0%@1728] GR3D_FREQ 20% cpu@58.187C soc2@56.843C soc0@57.781C gpu@58.5C tj@59.218C soc1@59.218C VDD_IN 9435mW/9472mW VDD_CPU_GPU_CV 3230mW/3239mW VDD_SOC 2703mW/2706mW
08-04-2026 16:45:16 RAM 3874/7620MB (lfb 1x1MB) SWAP 2214/12002MB (cached 117MB) CPU [0%@1728,0%@1728,16%@1728,27%@1728,100%@1728,0%@1728] GR3D_FREQ 20% cpu@58.406C soc2@56.937C soc0@57.812C gpu@58.375C tj@59.25C soc1@59.25C VDD_IN 9517mW/9472mW VDD_CPU_GPU_CV 3312mW/3239mW VDD_SOC 2703mW/2706mW
08-04-2026 16:45:16 RAM 3874/7620MB (lfb 1x1MB) SWAP 2214/12002MB (cached 117MB) CPU [0%@1728,0%@1728,0%@1728,9%@1728,100%@1728,0%@1728] GR3D_FREQ 20% cpu@58.375C soc2@57.031C soc0@57.906C gpu@58.218C tj@59.343C soc1@59.343C VDD_IN 9517mW/9472mW VDD_CPU_GPU_CV 3271mW/3239mW VDD_SOC 2703mW/2706mW
08-04-2026 16:45:16 RAM 3874/7620MB (lfb 1x1MB) SWAP 2214/12002MB (cached 117MB) CPU [0%@1728,0%@1728,0%@1728,0%@1728,100%@1728,0%@1728] GR3D_FREQ 19% cpu@58.406C soc2@56.968C soc0@57.968C gpu@58.5C tj@59.187C soc1@59.187C VDD_IN 9517mW/9472mW VDD_CPU_GPU_CV 3271mW/3239mW VDD_SOC 2703mW/2706mW
08-04-2026 16:45:16 RAM 3874/7620MB (lfb 1x1MB) SWAP 2214/12002MB (cached 117MB) CPU [9%@1728,0%@1728,0%@1728,0%@1728,100%@1728,9%@1728] GR3D_FREQ 20% cpu@58.281C soc2@56.937C soc0@57.656C gpu@58.281C tj@59.25C soc1@59.25C VDD_IN 9476mW/9472mW VDD_CPU_GPU_CV 3271mW/3239mW VDD_SOC 2703mW/2706mW
08-04-2026 16:45:16 RAM 3874/7620MB (lfb 1x1MB) SWAP 2214/12002MB (cached 117MB) CPU [0%@1728,0%@1728,0%@1728,9%@1728,100%@1728,0%@1728] GR3D_FREQ 20% cpu@58.312C soc2@56.937C soc0@57.781C gpu@58.187C tj@59.281C soc1@59.281C VDD_IN 9476mW/9472mW VDD_CPU_GPU_CV 3271mW/3239mW VDD_SOC 2703mW/2706mW
08-04-2026 16:45:17 RAM 3874/7620MB (lfb 1x1MB) SWAP 2214/12002MB (cached 117MB) CPU [9%@1728,0%@1728,9%@1728,0%@1728,100%@1728,0%@1728] GR3D_FREQ 20% cpu@58.281C soc2@57C soc0@57.812C gpu@58.468C tj@59.343C soc1@59.343C VDD_IN 9476mW/9472mW VDD_CPU_GPU_CV 3271mW/3239mW VDD_SOC 2703mW/2706mW
08-04-2026 16:45:17 RAM 3874/7620MB (lfb 1x1MB) SWAP 2214/12002MB (cached 117MB) CPU [0%@1728,0%@1728,0%@1728,0%@1728,100%@1728,0%@1728] GR3D_FREQ 20% cpu@58.25C soc2@57C soc0@57.968C gpu@58.312C tj@59.406C soc1@59.218C VDD_IN 9476mW/9472mW VDD_CPU_GPU_CV 3271mW/3239mW VDD_SOC 2703mW/2706mW
08-04-2026 16:45:17 RAM 3874/7620MB (lfb 1x1MB) SWAP 2214/12002MB (cached 117MB) CPU [0%@1728,0%@1728,0%@1728,0%@1728,100%@1728,0%@1728] GR3D_FREQ 20% cpu@58.25C soc2@56.843C soc0@57.781C gpu@58.218C tj@59.187C soc1@59.187C VDD_IN 9476mW/9472mW VDD_CPU_GPU_CV 3230mW/3239mW VDD_SOC 2703mW/2706mW
08-04-2026 16:45:17 RAM 3874/7620MB (lfb 1x1MB) SWAP 2214/12002MB (cached 117MB) CPU [0%@1728,0%@1728,0%@1728,0%@1728,100%@1728,0%@1728] GR3D_FREQ 19% cpu@58.25C soc2@56.968C soc0@57.75C gpu@58.406C tj@59.218C soc1@59.218C VDD_IN 9476mW/9472mW VDD_CPU_GPU_CV 3230mW/3239mW VDD_SOC 2703mW/2706mW
08-04-2026 16:45:17 RAM 3874/7620MB (lfb 1x1MB) SWAP 2214/12002MB (cached 117MB) CPU [0%@1728,0%@1728,0%@1728,0%@1728,100%@1728,0%@1728] GR3D_FREQ 20% cpu@58.312C soc2@56.968C soc0@57.75C gpu@58.218C tj@59.25C soc1@59.343C VDD_IN 9435mW/9472mW VDD_CPU_GPU_CV 3230mW/3239mW VDD_SOC 2703mW/2706mW
08-04-2026 16:45:17 RAM 3874/7620MB (lfb 1x1MB) SWAP 2214/12002MB (cached 117MB) CPU [0%@1728,0%@1728,0%@1728,0%@1728,100%@1728,0%@1728] GR3D_FREQ 20% cpu@58.281C soc2@56.937C soc0@57.812C gpu@58.218C tj@59.468C soc1@59.468C VDD_IN 9435mW/9472mW VDD_CPU_GPU_CV 3230mW/3239mW VDD_SOC 2703mW/2706mW
08-04-2026 16:45:17 RAM 3874/7620MB (lfb 1x1MB) SWAP 2214/12002MB (cached 117MB) CPU [0%@1728,0%@1728,8%@1728,9%@1728,91%@1728,0%@1728] GR3D_FREQ 19% cpu@58.406C soc2@56.968C soc0@57.937C gpu@58.343C tj@59.218C soc1@59.218C VDD_IN 9435mW/9472mW VDD_CPU_GPU_CV 3230mW/3239mW VDD_SOC 2703mW/2706mW
08-04-2026 16:45:17 RAM 3874/7620MB (lfb 1x1MB) SWAP 2214/12002MB (cached 117MB) CPU [0%@1728,0%@1728,0%@1728,0%@1728,100%@1728,0%@1728] GR3D_FREQ 22% cpu@58.218C soc2@56.968C soc0@57.718C gpu@58.218C tj@59.218C soc1@59.25C VDD_IN 9435mW/9472mW VDD_CPU_GPU_CV 3230mW/3239mW VDD_SOC 2703mW/2706mW
08-04-2026 16:45:17 RAM 3874/7620MB (lfb 1x1MB) SWAP 2214/12002MB (cached 117MB) CPU [0%@1728,9%@1728,0%@1728,0%@1728,100%@1728,0%@1728] GR3D_FREQ 20% cpu@58.25C soc2@57C soc0@57.812C gpu@58.5C tj@59.25C soc1@59.25C VDD_IN 9435mW/9472mW VDD_CPU_GPU_CV 3230mW/3239mW VDD_SOC 2703mW/2706mW
08-04-2026 16:45:17 RAM 3874/7620MB (lfb 1x1MB) SWAP 2214/12002MB (cached 117MB) CPU [0%@1728,0%@1728,0%@1728,0%@1728,100%@1728,0%@1728] GR3D_FREQ 22% cpu@58.312C soc2@57.031C soc0@57.843C gpu@58.406C tj@59.343C soc1@59.343C VDD_IN 9476mW/9472mW VDD_CPU_GPU_CV 3230mW/3239mW VDD_SOC 2703mW/2706mW
08-04-2026 16:45:18 RAM 3874/7620MB (lfb 1x1MB) SWAP 2214/12002MB (cached 117MB) CPU [0%@1728,0%@1728,0%@1728,0%@1728,100%@1728,0%@1728] GR3D_FREQ 20% cpu@58.343C soc2@57C soc0@58C gpu@58.187C tj@59.406C soc1@59.156C VDD_IN 9435mW/9472mW VDD_CPU_GPU_CV 3230mW/3239mW VDD_SOC 2703mW/2706mW
08-04-2026 16:45:18 RAM 3874/7620MB (lfb 1x1MB) SWAP 2214/12002MB (cached 117MB) CPU [0%@1728,0%@1728,0%@1728,0%@1728,100%@1728,0%@1728] GR3D_FREQ 22% cpu@58.187C soc2@57C soc0@57.75C gpu@58.468C tj@59.25C soc1@59.25C VDD_IN 9476mW/9472mW VDD_CPU_GPU_CV 3230mW/3239mW VDD_SOC 2703mW/2705mW
08-04-2026 16:45:18 RAM 3874/7620MB (lfb 1x1MB) SWAP 2214/12002MB (cached 117MB) CPU [0%@1728,8%@1728,0%@1728,0%@1728,100%@1728,0%@1728] GR3D_FREQ 20% cpu@58.25C soc2@56.937C soc0@57.781C gpu@58.312C tj@59.25C soc1@59.25C VDD_IN 9435mW/9472mW VDD_CPU_GPU_CV 3230mW/3239mW VDD_SOC 2703mW/2705mW
08-04-2026 16:45:18 RAM 3874/7620MB (lfb 1x1MB) SWAP 2214/12002MB (cached 117MB) CPU [0%@1728,0%@1728,0%@1728,0%@1728,100%@1728,0%@1728] GR3D_FREQ 22% cpu@58.281C soc2@56.937C soc0@57.781C gpu@58.25C tj@59.312C soc1@59.312C VDD_IN 9476mW/9472mW VDD_CPU_GPU_CV 3230mW/3239mW VDD_SOC 2703mW/2705mW
08-04-2026 16:45:18 RAM 3874/7620MB (lfb 1x1MB) SWAP 2214/12002MB (cached 117MB) CPU [0%@1728,0%@1728,0%@1728,0%@1728,100%@1728,0%@1728] GR3D_FREQ 20% cpu@58.375C soc2@57C soc0@57.906C gpu@58.437C tj@59.406C soc1@59.406C VDD_IN 9435mW/9472mW VDD_CPU_GPU_CV 3230mW/3239mW VDD_SOC 2703mW/2705mW
08-04-2026 16:45:18 RAM 3874/7620MB (lfb 1x1MB) SWAP 2214/12002MB (cached 117MB) CPU [0%@1728,0%@1728,0%@1728,0%@1728,100%@1728,0%@1728] GR3D_FREQ 22% cpu@58.312C soc2@57.062C soc0@57.75C gpu@58.25C tj@59.156C soc1@59.156C VDD_IN 9476mW/9472mW VDD_CPU_GPU_CV 3230mW/3239mW VDD_SOC 2703mW/2705mW
08-04-2026 16:45:18 RAM 3874/7620MB (lfb 1x1MB) SWAP 2214/12002MB (cached 117MB) CPU [0%@1728,9%@1728,0%@1728,0%@1728,100%@1728,0%@1728] GR3D_FREQ 19% cpu@58.218C soc2@57C soc0@57.75C gpu@58.218C tj@59.218C soc1@59.218C VDD_IN 9435mW/9472mW VDD_CPU_GPU_CV 3230mW/3239mW VDD_SOC 2703mW/2705mW
08-04-2026 16:45:18 RAM 3874/7620MB (lfb 1x1MB) SWAP 2214/12002MB (cached 117MB) CPU [0%@1728,8%@1728,0%@1728,0%@1728,100%@1728,9%@1728] GR3D_FREQ 22% cpu@58.25C soc2@56.906C soc0@57.75C gpu@58.437C tj@59.281C soc1@59.281C VDD_IN 9476mW/9472mW VDD_CPU_GPU_CV 3230mW/3239mW VDD_SOC 2703mW/2705mW
08-04-2026 16:45:18 RAM 3874/7620MB (lfb 1x1MB) SWAP 2214/12002MB (cached 117MB) CPU [0%@1728,0%@1728,0%@1728,0%@1728,100%@1728,0%@1728] GR3D_FREQ 19% cpu@58.343C soc2@56.968C soc0@57.812C gpu@58.312C tj@59.343C soc1@59.343C VDD_IN 9435mW/9472mW VDD_CPU_GPU_CV 3230mW/3239mW VDD_SOC 2703mW/2705mW
08-04-2026 16:45:19 RAM 3874/7620MB (lfb 1x1MB) SWAP 2214/12002MB (cached 117MB) CPU [0%@1728,0%@1728,0%@1728,0%@1728,100%@1728,0%@1728] GR3D_FREQ 24% cpu@58.312C soc2@57.093C soc0@57.968C gpu@58.156C tj@59.187C soc1@59.187C VDD_IN 9476mW/9472mW VDD_CPU_GPU_CV 3230mW/3239mW VDD_SOC 2703mW/2705mW
08-04-2026 16:45:19 RAM 3874/7620MB (lfb 1x1MB) SWAP 2214/12002MB (cached 117MB) CPU [0%@1728,0%@1728,0%@1728,0%@1728,100%@1728,0%@1728] GR3D_FREQ 19% cpu@58.25C soc2@56.875C soc0@57.75C gpu@58.375C tj@59.187C soc1@59.187C VDD_IN 9435mW/9471mW VDD_CPU_GPU_CV 3230mW/3239mW VDD_SOC 2703mW/2705mW
08-04-2026 16:45:19 RAM 3874/7620MB (lfb 1x1MB) SWAP 2214/12002MB (cached 117MB) CPU [8%@1728,0%@1728,9%@1728,0%@1728,100%@1728,0%@1728] GR3D_FREQ 23% cpu@58.218C soc2@57C soc0@57.718C gpu@58.25C tj@59.281C soc1@59.281C VDD_IN 9476mW/9471mW VDD_CPU_GPU_CV 3230mW/3239mW VDD_SOC 2703mW/2705mW
08-04-2026 16:45:19 RAM 3874/7620MB (lfb 1x1MB) SWAP 2214/12002MB (cached 117MB) CPU [0%@1728,0%@1728,0%@1728,0%@1728,100%@1728,0%@1728] GR3D_FREQ 19% cpu@58.312C soc2@56.968C soc0@57.843C gpu@58.156C tj@59.343C soc1@59.343C VDD_IN 9435mW/9471mW VDD_CPU_GPU_CV 3230mW/3239mW VDD_SOC 2703mW/2705mW
08-04-2026 16:45:19 RAM 3874/7620MB (lfb 1x1MB) SWAP 2214/12002MB (cached 117MB) CPU [0%@1728,0%@1728,0%@1728,0%@1728,100%@1728,0%@1728] GR3D_FREQ 23% cpu@58.312C soc2@56.968C soc0@57.875C gpu@58.375C tj@59.437C soc1@59.437C VDD_IN 9476mW/9471mW VDD_CPU_GPU_CV 3230mW/3239mW VDD_SOC 2703mW/2705mW
08-04-2026 16:45:19 RAM 3874/7620MB (lfb 1x1MB) SWAP 2214/12002MB (cached 117MB) CPU [0%@1728,0%@1728,0%@1728,9%@1728,100%@1728,0%@1728] GR3D_FREQ 19% cpu@58.437C soc2@56.843C soc0@57.781C gpu@58.25C tj@59.125C soc1@59.125C VDD_IN 9435mW/9471mW VDD_CPU_GPU_CV 3230mW/3239mW VDD_SOC 2703mW/2705mW
08-04-2026 16:45:19 RAM 3874/7620MB (lfb 1x1MB) SWAP 2214/12002MB (cached 117MB) CPU [0%@1728,0%@1728,0%@1728,0%@1728,100%@1728,0%@1728] GR3D_FREQ 23% cpu@58.281C soc2@56.875C soc0@57.75C gpu@58.593C tj@59.187C soc1@59.187C VDD_IN 9476mW/9471mW VDD_CPU_GPU_CV 3230mW/3239mW VDD_SOC 2703mW/2705mW
08-04-2026 16:45:19 RAM 3873/7620MB (lfb 1x1MB) SWAP 2214/12002MB (cached 117MB) CPU [20%@1728,0%@1728,9%@1728,0%@1728,100%@1728,0%@1728] GR3D_FREQ 19% cpu@58.437C soc2@57C soc0@57.812C gpu@58.406C tj@59.218C soc1@59.312C VDD_IN 9517mW/9471mW VDD_CPU_GPU_CV 3312mW/3239mW VDD_SOC 2703mW/2705mW
08-04-2026 16:45:19 RAM 3873/7620MB (lfb 1x1MB) SWAP 2214/12002MB (cached 117MB) CPU [0%@1728,0%@1728,0%@1728,0%@1728,100%@1728,0%@1728] GR3D_FREQ 23% cpu@58.375C soc2@57C soc0@57.781C gpu@58.25C tj@59.343C soc1@59.343C VDD_IN 9517mW/9472mW VDD_CPU_GPU_CV 3271mW/3239mW VDD_SOC 2703mW/2705mW
08-04-2026 16:45:19 RAM 3873/7620MB (lfb 1x1MB) SWAP 2214/12002MB (cached 117MB) CPU [0%@1728,0%@1728,0%@1728,0%@1728,100%@1728,0%@1728] GR3D_FREQ 19% cpu@58.406C soc2@57.031C soc0@57.937C gpu@58.468C tj@59.031C soc1@59.031C VDD_IN 9517mW/9472mW VDD_CPU_GPU_CV 3271mW/3239mW VDD_SOC 2703mW/2705mW
08-04-2026 16:45:20 RAM 3873/7620MB (lfb 1x1MB) SWAP 2214/12002MB (cached 117MB) CPU [0%@1728,0%@1728,0%@1728,0%@1728,100%@1728,0%@1728] GR3D_FREQ 23% cpu@58.281C soc2@56.937C soc0@57.718C gpu@58.375C tj@59.187C soc1@59.187C VDD_IN 9517mW/9472mW VDD_CPU_GPU_CV 3271mW/3239mW VDD_SOC 2703mW/2705mW
08-04-2026 16:45:20 RAM 3873/7620MB (lfb 1x1MB) SWAP 2214/12002MB (cached 117MB) CPU [9%@1728,8%@1728,0%@1728,9%@1728,100%@1728,0%@1728] GR3D_FREQ 19% cpu@58.25C soc2@57.062C soc0@57.75C gpu@58.156C tj@59.25C soc1@59.25C VDD_IN 9476mW/9472mW VDD_CPU_GPU_CV 3230mW/3239mW VDD_SOC 2703mW/2705mW
08-04-2026 16:45:20 RAM 3873/7620MB (lfb 1x1MB) SWAP 2214/12002MB (cached 117MB) CPU [0%@1728,0%@1728,0%@1728,0%@1728,100%@1728,0%@1728] GR3D_FREQ 21% cpu@58.25C soc2@56.906C soc0@57.843C gpu@58.562C tj@59.343C soc1@59.343C VDD_IN 9476mW/9472mW VDD_CPU_GPU_CV 3230mW/3239mW VDD_SOC 2703mW/2705mW
08-04-2026 16:45:20 RAM 3873/7620MB (lfb 1x1MB) SWAP 2214/12002MB (cached 117MB) CPU [0%@1728,0%@1728,0%@1728,0%@1728,100%@1728,0%@1728] GR3D_FREQ 20% cpu@58.406C soc2@56.968C soc0@57.937C gpu@58.375C tj@59.156C soc1@59.156C VDD_IN 9476mW/9472mW VDD_CPU_GPU_CV 3230mW/3239mW VDD_SOC 2703mW/2705mW
08-04-2026 16:45:20 RAM 3873/7620MB (lfb 1x1MB) SWAP 2214/12002MB (cached 117MB) CPU [8%@1728,0%@1728,0%@1728,0%@1728,100%@1728,0%@1728] GR3D_FREQ 23% cpu@58.281C soc2@56.968C soc0@57.781C gpu@58.312C tj@59.218C soc1@59.218C VDD_IN 9476mW/9472mW VDD_CPU_GPU_CV 3230mW/3239mW VDD_SOC 2703mW/2705mW
08-04-2026 16:45:20 RAM 3873/7620MB (lfb 1x1MB) SWAP 2214/12002MB (cached 117MB) CPU [0%@1728,0%@1728,0%@1728,0%@1728,100%@1728,0%@1728] GR3D_FREQ 19% cpu@58.187C soc2@57.031C soc0@57.718C gpu@58.5C tj@59.156C soc1@59.156C VDD_IN 9476mW/9472mW VDD_CPU_GPU_CV 3230mW/3239mW VDD_SOC 2703mW/2705mW
08-04-2026 16:45:20 RAM 3873/7620MB (lfb 1x1MB) SWAP 2214/12002MB (cached 117MB) CPU [0%@1728,0%@1728,0%@1728,0%@1728,100%@1728,0%@1728] GR3D_FREQ 23% cpu@58.343C soc2@56.875C soc0@57.75C gpu@58.375C tj@59.343C soc1@59.343C VDD_IN 9476mW/9472mW VDD_CPU_GPU_CV 3230mW/3239mW VDD_SOC 2703mW/2705mW
08-04-2026 16:45:20 RAM 3873/7620MB (lfb 1x1MB) SWAP 2214/12002MB (cached 117MB) CPU [0%@1728,0%@1728,0%@1728,0%@1728,100%@1728,9%@1728] GR3D_FREQ 20% cpu@58.406C soc2@57C soc0@57.843C gpu@58.156C tj@59.125C soc1@59.125C VDD_IN 9476mW/9472mW VDD_CPU_GPU_CV 3230mW/3239mW VDD_SOC 2703mW/2705mW
08-04-2026 16:45:20 RAM 3873/7620MB (lfb 1x1MB) SWAP 2214/12002MB (cached 117MB) CPU [16%@1728,0%@1728,8%@1728,9%@1728,100%@1728,0%@1728] GR3D_FREQ 20% cpu@58.343C soc2@56.906C soc0@57.75C gpu@58.437C tj@59.125C soc1@59.125C VDD_IN 9476mW/9472mW VDD_CPU_GPU_CV 3271mW/3239mW VDD_SOC 2703mW/2705mW
08-04-2026 16:45:21 RAM 3873/7620MB (lfb 1x1MB) SWAP 2214/12002MB (cached 117MB) CPU [0%@1728,0%@1728,0%@1728,0%@1728,100%@1728,0%@1728] GR3D_FREQ 19% cpu@58.312C soc2@56.937C soc0@57.75C gpu@58.312C tj@59.218C soc1@59.218C VDD_IN 9476mW/9472mW VDD_CPU_GPU_CV 3230mW/3239mW VDD_SOC 2703mW/2705mW
08-04-2026 16:45:21 RAM 3873/7620MB (lfb 1x1MB) SWAP 2214/12002MB (cached 117MB) CPU [0%@1728,0%@1728,0%@1728,0%@1728,100%@1728,0%@1728] GR3D_FREQ 20% cpu@58.312C soc2@56.937C soc0@57.843C gpu@58.25C tj@59.375C soc1@59.375C VDD_IN 9476mW/9472mW VDD_CPU_GPU_CV 3230mW/3239mW VDD_SOC 2703mW/2705mW
08-04-2026 16:45:21 RAM 3873/7620MB (lfb 1x1MB) SWAP 2214/12002MB (cached 117MB) CPU [0%@1728,0%@1728,0%@1728,9%@1728,100%@1728,0%@1728] GR3D_FREQ 19% cpu@58.343C soc2@56.968C soc0@57.968C gpu@58.343C tj@59.343C soc1@59.343C VDD_IN 9476mW/9472mW VDD_CPU_GPU_CV 3271mW/3239mW VDD_SOC 2703mW/2705mW
08-04-2026 16:45:21 RAM 3873/7620MB (lfb 1x1MB) SWAP 2214/12002MB (cached 117MB) CPU [0%@1728,18%@1728,0%@1728,9%@1728,100%@1728,0%@1728] GR3D_FREQ 20% cpu@58.406C soc2@57C soc0@57.718C gpu@58.312C tj@59.156C soc1@59.156C VDD_IN 9476mW/9472mW VDD_CPU_GPU_CV 3271mW/3239mW VDD_SOC 2703mW/2705mW
08-04-2026 16:45:21 RAM 3873/7620MB (lfb 1x1MB) SWAP 2214/12002MB (cached 117MB) CPU [0%@1728,0%@1728,0%@1728,0%@1728,91%@1728,0%@1728] GR3D_FREQ 19% cpu@58.187C soc2@56.937C soc0@57.75C gpu@58.156C tj@59.156C soc1@59.156C VDD_IN 9476mW/9472mW VDD_CPU_GPU_CV 3271mW/3239mW VDD_SOC 2703mW/2705mW
08-04-2026 16:45:21 RAM 3873/7620MB (lfb 1x1MB) SWAP 2214/12002MB (cached 117MB) CPU [0%@1728,0%@1728,0%@1728,0%@1728,100%@1728,0%@1728] GR3D_FREQ 20% cpu@58.25C soc2@56.968C soc0@57.781C gpu@58.468C tj@59.25C soc1@59.25C VDD_IN 9476mW/9472mW VDD_CPU_GPU_CV 3230mW/3239mW VDD_SOC 2703mW/2705mW
08-04-2026 16:45:21 RAM 3873/7620MB (lfb 1x1MB) SWAP 2214/12002MB (cached 117MB) CPU [0%@1728,0%@1728,0%@1728,9%@1728,100%@1728,0%@1728] GR3D_FREQ 20% cpu@58.281C soc2@57C soc0@57.875C gpu@58.343C tj@59.312C soc1@59.312C VDD_IN 9476mW/9472mW VDD_CPU_GPU_CV 3230mW/3239mW VDD_SOC 2703mW/2705mW
08-04-2026 16:45:21 RAM 3873/7620MB (lfb 1x1MB) SWAP 2214/12002MB (cached 117MB) CPU [0%@1728,0%@1728,0%@1728,0%@1728,100%@1728,0%@1728] GR3D_FREQ 19% cpu@58.375C soc2@57.031C soc0@57.843C gpu@58.25C tj@59.093C soc1@59.093C VDD_IN 9476mW/9472mW VDD_CPU_GPU_CV 3230mW/3239mW VDD_SOC 2703mW/2705mW
08-04-2026 16:45:21 RAM 3873/7620MB (lfb 1x1MB) SWAP 2214/12002MB (cached 117MB) CPU [0%@1728,0%@1728,0%@1728,0%@1728,100%@1728,0%@1728] GR3D_FREQ 19% cpu@58.218C soc2@56.906C soc0@57.75C gpu@58.406C tj@59.156C soc1@59.156C VDD_IN 9435mW/9472mW VDD_CPU_GPU_CV 3230mW/3239mW VDD_SOC 2703mW/2705mW
08-04-2026 16:45:21 RAM 3873/7620MB (lfb 1x1MB) SWAP 2214/12002MB (cached 117MB) CPU [0%@1728,0%@1728,0%@1728,0%@1728,100%@1728,0%@1728] GR3D_FREQ 19% cpu@58.218C soc2@56.968C soc0@57.75C gpu@58.312C tj@59.218C soc1@59.218C VDD_IN 9476mW/9472mW VDD_CPU_GPU_CV 3271mW/3239mW VDD_SOC 2703mW/2705mW
08-04-2026 16:45:22 RAM 3873/7620MB (lfb 1x1MB) SWAP 2214/12002MB (cached 117MB) CPU [0%@1728,0%@1728,0%@1728,0%@1728,100%@1728,0%@1728] GR3D_FREQ 19% cpu@58.312C soc2@56.937C soc0@57.75C gpu@58.156C tj@59.281C soc1@59.281C VDD_IN 9435mW/9472mW VDD_CPU_GPU_CV 3230mW/3239mW VDD_SOC 2703mW/2705mW
08-04-2026 16:45:22 RAM 3873/7620MB (lfb 1x1MB) SWAP 2214/12002MB (cached 117MB) CPU [0%@1728,0%@1728,0%@1728,0%@1728,100%@1728,0%@1728] GR3D_FREQ 20% cpu@58.312C soc2@56.968C soc0@57.937C gpu@58.375C tj@59.312C soc1@59.312C VDD_IN 9476mW/9472mW VDD_CPU_GPU_CV 3230mW/3239mW VDD_SOC 2703mW/2705mW
08-04-2026 16:45:22 RAM 3873/7620MB (lfb 1x1MB) SWAP 2214/12002MB (cached 117MB) CPU [0%@1728,0%@1728,0%@1728,0%@1728,100%@1728,0%@1728] GR3D_FREQ 20% cpu@58.375C soc2@57.031C soc0@57.75C gpu@58.187C tj@59.125C soc1@59.125C VDD_IN 9476mW/9472mW VDD_CPU_GPU_CV 3230mW/3239mW VDD_SOC 2703mW/2705mW
08-04-2026 16:45:22 RAM 3873/7620MB (lfb 1x1MB) SWAP 2214/12002MB (cached 117MB) CPU [0%@1728,0%@1728,0%@1728,0%@1728,100%@1728,0%@1728] GR3D_FREQ 19% cpu@58.218C soc2@57.031C soc0@57.687C gpu@58.125C tj@59.218C soc1@59.218C VDD_IN 9435mW/9472mW VDD_CPU_GPU_CV 3230mW/3239mW VDD_SOC 2703mW/2705mW
08-04-2026 16:45:22 RAM 3873/7620MB (lfb 1x1MB) SWAP 2214/12002MB (cached 117MB) CPU [0%@1728,8%@1728,0%@1728,0%@1728,100%@1728,0%@1728] GR3D_FREQ 19% cpu@58.281C soc2@56.875C soc0@57.781C gpu@58.312C tj@59.218C soc1@59.218C VDD_IN 9435mW/9472mW VDD_CPU_GPU_CV 3230mW/3239mW VDD_SOC 2703mW/2705mW
08-04-2026 16:45:22 RAM 3873/7620MB (lfb 1x1MB) SWAP 2214/12002MB (cached 117MB) CPU [0%@1728,0%@1728,9%@1728,9%@1728,100%@1728,0%@1728] GR3D_FREQ 20% cpu@58.343C soc2@57.031C soc0@57.937C gpu@58.25C tj@59.406C soc1@59.406C VDD_IN 9435mW/9472mW VDD_CPU_GPU_CV 3230mW/3239mW VDD_SOC 2703mW/2705mW
08-04-2026 16:45:22 RAM 3873/7620MB (lfb 1x1MB) SWAP 2214/12002MB (cached 117MB) CPU [9%@1728,0%@1728,0%@1728,0%@1728,100%@1728,0%@1728] GR3D_FREQ 20% cpu@58.375C soc2@57.062C soc0@57.968C gpu@58.343C tj@59.125C soc1@59.125C VDD_IN 9435mW/9471mW VDD_CPU_GPU_CV 3230mW/3239mW VDD_SOC 2703mW/2705mW
08-04-2026 16:45:22 RAM 3873/7620MB (lfb 1x1MB) SWAP 2214/12002MB (cached 117MB) CPU [0%@1728,0%@1728,0%@1728,0%@1728,100%@1728,0%@1728] GR3D_FREQ 19% cpu@58.281C soc2@56.906C soc0@57.718C gpu@58.406C tj@59.156C soc1@59.156C VDD_IN 9435mW/9471mW VDD_CPU_GPU_CV 3230mW/3239mW VDD_SOC 2703mW/2705mW
08-04-2026 16:45:22 RAM 3873/7620MB (lfb 1x1MB) SWAP 2214/12002MB (cached 117MB) CPU [0%@1728,9%@1728,0%@1728,0%@1728,100%@1728,0%@1728] GR3D_FREQ 20% cpu@58.218C soc2@56.937C soc0@57.75C gpu@58.187C tj@59.25C soc1@59.25C VDD_IN 9476mW/9471mW VDD_CPU_GPU_CV 3230mW/3239mW VDD_SOC 2703mW/2705mW
08-04-2026 16:45:23 RAM 3874/7620MB (lfb 1x1MB) SWAP 2214/12002MB (cached 117MB) CPU [20%@1728,0%@1728,9%@1728,0%@1728,100%@1728,0%@1728] GR3D_FREQ 19% cpu@58.375C soc2@57.031C soc0@57.875C gpu@58.406C tj@59.281C soc1@59.281C VDD_IN 9517mW/9471mW VDD_CPU_GPU_CV 3271mW/3239mW VDD_SOC 2703mW/2705mW
08-04-2026 16:45:23 RAM 3874/7620MB (lfb 1x1MB) SWAP 2214/12002MB (cached 117MB) CPU [0%@1728,0%@1728,9%@1728,0%@1728,100%@1728,0%@1728] GR3D_FREQ 19% cpu@58.375C soc2@56.937C soc0@57.937C gpu@58.25C tj@59.218C soc1@59.218C VDD_IN 9517mW/9472mW VDD_CPU_GPU_CV 3271mW/3239mW VDD_SOC 2703mW/2705mW
08-04-2026 16:45:23 RAM 3874/7620MB (lfb 1x1MB) SWAP 2214/12002MB (cached 117MB) CPU [0%@1728,9%@1728,0%@1728,0%@1728,100%@1728,0%@1728] GR3D_FREQ 19% cpu@58.343C soc2@56.937C soc0@57.812C gpu@58.156C tj@59.156C soc1@59.156C VDD_IN 9476mW/9472mW VDD_CPU_GPU_CV 3271mW/3239mW VDD_SOC 2703mW/2705mW
08-04-2026 16:45:23 RAM 3874/7620MB (lfb 1x1MB) SWAP 2214/12002MB (cached 117MB) CPU [0%@1728,0%@1728,0%@1728,0%@1728,100%@1728,0%@1728] GR3D_FREQ 19% cpu@58.25C soc2@56.937C soc0@57.687C gpu@58.406C tj@59.281C soc1@59.281C VDD_IN 9476mW/9472mW VDD_CPU_GPU_CV 3271mW/3239mW VDD_SOC 2703mW/2705mW
08-04-2026 16:45:23 RAM 3874/7620MB (lfb 1x1MB) SWAP 2214/12002MB (cached 117MB) CPU [0%@1728,0%@1728,0%@1728,0%@1728,100%@1728,0%@1728] GR3D_FREQ 19% cpu@58.125C soc2@56.968C soc0@57.843C gpu@58.281C tj@59.218C soc1@59.218C VDD_IN 9476mW/9472mW VDD_CPU_GPU_CV 3230mW/3239mW VDD_SOC 2703mW/2705mW
08-04-2026 16:45:23 RAM 3874/7620MB (lfb 1x1MB) SWAP 2214/12002MB (cached 117MB) CPU [0%@1728,0%@1728,0%@1728,0%@1728,100%@1728,0%@1728] GR3D_FREQ 19% cpu@58.218C soc2@56.968C soc0@57.937C gpu@58.187C tj@59.375C soc1@59.375C VDD_IN 9476mW/9472mW VDD_CPU_GPU_CV 3230mW/3239mW VDD_SOC 2703mW/2705mW
08-04-2026 16:45:23 RAM 3874/7620MB (lfb 1x1MB) SWAP 2214/12002MB (cached 117MB) CPU [0%@1728,0%@1728,0%@1728,9%@1728,100%@1728,0%@1728] GR3D_FREQ 19% cpu@58.281C soc2@57.093C soc0@57.687C gpu@58.281C tj@59.093C soc1@59.093C VDD_IN 9435mW/9472mW VDD_CPU_GPU_CV 3271mW/3239mW VDD_SOC 2703mW/2705mW
08-04-2026 16:45:23 RAM 3874/7620MB (lfb 1x1MB) SWAP 2214/12002MB (cached 117MB) CPU [0%@1728,0%@1728,9%@1728,0%@1728,100%@1728,0%@1728] GR3D_FREQ 19% cpu@58.281C soc2@56.906C soc0@57.687C gpu@58.218C tj@59.218C soc1@59.218C VDD_IN 9476mW/9472mW VDD_CPU_GPU_CV 3271mW/3239mW VDD_SOC 2703mW/2705mW
08-04-2026 16:45:23 RAM 3874/7620MB (lfb 1x1MB) SWAP 2214/12002MB (cached 117MB) CPU [0%@1728,0%@1728,0%@1728,0%@1728,100%@1728,8%@1728] GR3D_FREQ 19% cpu@58.312C soc2@56.875C soc0@57.718C gpu@58.187C tj@59.312C soc1@59.312C VDD_IN 9435mW/9471mW VDD_CPU_GPU_CV 3271mW/3239mW VDD_SOC 2703mW/2705mW
08-04-2026 16:45:23 RAM 3874/7620MB (lfb 1x1MB) SWAP 2214/12002MB (cached 117MB) CPU [0%@1728,0%@1728,0%@1728,0%@1728,100%@1728,0%@1728] GR3D_FREQ 19% cpu@58.312C soc2@56.968C soc0@57.906C gpu@58.281C tj@59.375C soc1@59.375C VDD_IN 9476mW/9471mW VDD_CPU_GPU_CV 3230mW/3239mW VDD_SOC 2703mW/2705mW
08-04-2026 16:45:24 RAM 3874/7620MB (lfb 1x1MB) SWAP 2214/12002MB (cached 117MB) CPU [9%@1728,0%@1728,0%@1728,0%@1728,100%@1728,0%@1728] GR3D_FREQ 19% cpu@58.375C soc2@56.968C soc0@57.687C gpu@58.25C tj@59.218C soc1@59.218C VDD_IN 9435mW/9471mW VDD_CPU_GPU_CV 3230mW/3239mW VDD_SOC 2703mW/2705mW
08-04-2026 16:45:24 RAM 3874/7620MB (lfb 1x1MB) SWAP 2214/12002MB (cached 117MB) CPU [0%@1728,0%@1728,0%@1728,0%@1728,100%@1728,0%@1728] GR3D_FREQ 19% cpu@58.281C soc2@56.968C soc0@57.718C gpu@58.062C tj@59.281C soc1@59.281C VDD_IN 9476mW/9471mW VDD_CPU_GPU_CV 3230mW/3239mW VDD_SOC 2703mW/2705mW
08-04-2026 16:45:24 RAM 3874/7620MB (lfb 1x1MB) SWAP 2214/12002MB (cached 117MB) CPU [0%@1728,0%@1728,0%@1728,0%@1728,100%@1728,0%@1728] GR3D_FREQ 19% cpu@58.187C soc2@56.906C soc0@57.75C gpu@58.25C tj@59.218C soc1@59.218C VDD_IN 9435mW/9471mW VDD_CPU_GPU_CV 3230mW/3239mW VDD_SOC 2703mW/2705mW
08-04-2026 16:45:24 RAM 3874/7620MB (lfb 1x1MB) SWAP 2214/12002MB (cached 117MB) CPU [0%@1728,0%@1728,0%@1728,0%@1728,100%@1728,0%@1728] GR3D_FREQ 19% cpu@58.25C soc2@56.968C soc0@57.812C gpu@58.281C tj@59.25C soc1@59.25C VDD_IN 9476mW/9471mW VDD_CPU_GPU_CV 3230mW/3239mW VDD_SOC 2703mW/2705mW
08-04-2026 16:45:24 RAM 3874/7620MB (lfb 1x1MB) SWAP 2214/12002MB (cached 117MB) CPU [16%@1728,0%@1728,0%@1728,0%@1728,100%@1728,0%@1728] GR3D_FREQ 19% cpu@58.281C soc2@56.968C soc0@57.937C gpu@58.093C tj@59.125C soc1@59.125C VDD_IN 9435mW/9471mW VDD_CPU_GPU_CV 3230mW/3239mW VDD_SOC 2703mW/2705mW
08-04-2026 16:45:24 RAM 3874/7620MB (lfb 1x1MB) SWAP 2214/12002MB (cached 117MB) CPU [0%@1728,8%@1728,0%@1728,0%@1728,100%@1728,0%@1728] GR3D_FREQ 19% cpu@58.25C soc2@56.937C soc0@57.718C gpu@58.281C tj@59.218C soc1@59.218C VDD_IN 9476mW/9471mW VDD_CPU_GPU_CV 3230mW/3239mW VDD_SOC 2703mW/2705mW
08-04-2026 16:45:24 RAM 3874/7620MB (lfb 1x1MB) SWAP 2214/12002MB (cached 117MB) CPU [8%@1728,0%@1728,0%@1728,0%@1728,100%@1728,0%@1728] GR3D_FREQ 19% cpu@58.218C soc2@56.937C soc0@57.781C gpu@58.218C tj@59.187C soc1@59.187C VDD_IN 9435mW/9471mW VDD_CPU_GPU_CV 3230mW/3239mW VDD_SOC 2703mW/2705mW
08-04-2026 16:45:24 RAM 3874/7620MB (lfb 1x1MB) SWAP 2214/12002MB (cached 117MB) CPU [0%@1728,0%@1728,0%@1728,0%@1728,100%@1728,0%@1728] GR3D_FREQ 20% cpu@58.281C soc2@56.937C soc0@57.812C gpu@58C tj@59.25C soc1@59.25C VDD_IN 9435mW/9471mW VDD_CPU_GPU_CV 3230mW/3239mW VDD_SOC 2703mW/2705mW
08-04-2026 16:45:24 RAM 3875/7620MB (lfb 1x1MB) SWAP 2214/12002MB (cached 117MB) CPU [9%@1728,0%@1728,0%@1728,18%@1728,100%@1728,0%@1728] GR3D_FREQ 19% cpu@58.281C soc2@56.968C soc0@57.812C gpu@58.25C tj@59.406C soc1@59.406C VDD_IN 9476mW/9471mW VDD_CPU_GPU_CV 3230mW/3239mW VDD_SOC 2703mW/2705mW
08-04-2026 16:45:25 RAM 3875/7620MB (lfb 1x1MB) SWAP 2214/12002MB (cached 117MB) CPU [0%@1728,0%@1728,0%@1728,0%@1728,100%@1728,0%@1728] GR3D_FREQ 19% cpu@58.375C soc2@57.031C soc0@57.781C gpu@58.187C tj@59.156C soc1@59.156C VDD_IN 9476mW/9471mW VDD_CPU_GPU_CV 3230mW/3239mW VDD_SOC 2703mW/2705mW
08-04-2026 16:45:25 RAM 3875/7620MB (lfb 1x1MB) SWAP 2214/12002MB (cached 117MB) CPU [0%@1728,0%@1728,0%@1728,0%@1728,90%@1728,0%@1728] GR3D_FREQ 20% cpu@58.187C soc2@56.906C soc0@57.75C gpu@58.062C tj@59.187C soc1@59.187C VDD_IN 9476mW/9471mW VDD_CPU_GPU_CV 3230mW/3239mW VDD_SOC 2703mW/2705mW
08-04-2026 16:45:25 RAM 3875/7620MB (lfb 1x1MB) SWAP 2214/12002MB (cached 117MB) CPU [0%@1728,8%@1728,0%@1728,0%@1728,100%@1728,0%@1728] GR3D_FREQ 19% cpu@58.343C soc2@56.968C soc0@57.781C gpu@58.25C tj@59.281C soc1@59.25C VDD_IN 9476mW/9471mW VDD_CPU_GPU_CV 3230mW/3239mW VDD_SOC 2703mW/2705mW
08-04-2026 16:45:25 RAM 3875/7620MB (lfb 1x1MB) SWAP 2214/12002MB (cached 117MB) CPU [0%@1728,0%@1728,0%@1728,0%@1728,100%@1728,0%@1728] GR3D_FREQ 19% cpu@58.312C soc2@56.875C soc0@57.906C gpu@58.187C tj@59.343C soc1@59.343C VDD_IN 9435mW/9471mW VDD_CPU_GPU_CV 3230mW/3239mW VDD_SOC 2703mW/2705mW
08-04-2026 16:45:25 RAM 3875/7620MB (lfb 1x1MB) SWAP 2214/12002MB (cached 117MB) CPU [0%@1728,0%@1728,0%@1728,0%@1728,100%@1728,0%@1728] GR3D_FREQ 18% cpu@58.343C soc2@56.968C soc0@57.843C gpu@58.437C tj@59.093C soc1@59.093C VDD_IN 9476mW/9471mW VDD_CPU_GPU_CV 3230mW/3239mW VDD_SOC 2703mW/2705mW
08-04-2026 16:45:25 RAM 3875/7620MB (lfb 1x1MB) SWAP 2214/12002MB (cached 117MB) CPU [0%@1728,9%@1728,16%@1728,0%@1728,100%@1728,0%@1728] GR3D_FREQ 20% cpu@58.281C soc2@56.937C soc0@57.781C gpu@58.187C tj@59.187C soc1@59.218C VDD_IN 9476mW/9471mW VDD_CPU_GPU_CV 3230mW/3239mW VDD_SOC 2703mW/2705mW
08-04-2026 16:45:25 RAM 3875/7620MB (lfb 1x1MB) SWAP 2214/12002MB (cached 117MB) CPU [0%@1728,9%@1728,0%@1728,0%@1728,100%@1728,0%@1728] GR3D_FREQ 20% cpu@58.156C soc2@57.031C soc0@57.781C gpu@58.156C tj@59.218C soc1@59.218C VDD_IN 9476mW/9471mW VDD_CPU_GPU_CV 3230mW/3239mW VDD_SOC 2703mW/2705mW
08-04-2026 16:45:25 RAM 3875/7620MB (lfb 1x1MB) SWAP 2214/12002MB (cached 117MB) CPU [0%@1728,0%@1728,0%@1728,0%@1728,100%@1728,0%@1728] GR3D_FREQ 20% cpu@58.375C soc2@57.031C soc0@57.75C gpu@58.281C tj@59.281C soc1@59.281C VDD_IN 9476mW/9471mW VDD_CPU_GPU_CV 3230mW/3239mW VDD_SOC 2703mW/2705mW
08-04-2026 16:45:25 RAM 3875/7620MB (lfb 1x1MB) SWAP 2214/12002MB (cached 117MB) CPU [9%@1728,0%@1728,0%@1728,0%@1728,100%@1728,0%@1728] GR3D_FREQ 21% cpu@58.343C soc2@56.937C soc0@57.937C gpu@58.187C tj@59.531C soc1@59.531C VDD_IN 9476mW/9471mW VDD_CPU_GPU_CV 3230mW/3239mW VDD_SOC 2703mW/2705mW
08-04-2026 16:45:25 RAM 3875/7620MB (lfb 1x1MB) SWAP 2214/12002MB (cached 117MB) CPU [0%@1728,9%@1728,9%@1728,0%@1728,100%@1728,0%@1728] GR3D_FREQ 19% cpu@58.25C soc2@56.968C soc0@57.687C gpu@58.187C tj@59.281C soc1@59.281C VDD_IN 9476mW/9471mW VDD_CPU_GPU_CV 3230mW/3239mW VDD_SOC 2703mW/2705mW
08-04-2026 16:45:26 RAM 3875/7620MB (lfb 1x1MB) SWAP 2214/12002MB (cached 117MB) CPU [0%@1728,0%@1728,0%@1728,0%@1728,100%@1728,0%@1728] GR3D_FREQ 22% cpu@58.281C soc2@56.937C soc0@57.812C gpu@58.343C tj@59.187C soc1@59.187C VDD_IN 9476mW/9471mW VDD_CPU_GPU_CV 3230mW/3239mW VDD_SOC 2703mW/2705mW
08-04-2026 16:45:26 RAM 3875/7620MB (lfb 1x1MB) SWAP 2214/12002MB (cached 117MB) CPU [9%@1728,0%@1728,0%@1728,0%@1728,100%@1728,0%@1728] GR3D_FREQ 20% cpu@58.343C soc2@56.968C soc0@57.781C gpu@58.25C tj@59.312C soc1@59.312C VDD_IN 9476mW/9471mW VDD_CPU_GPU_CV 3230mW/3239mW VDD_SOC 2703mW/2705mW
08-04-2026 16:45:26 RAM 3871/7620MB (lfb 1x1MB) SWAP 2214/12002MB (cached 117MB) CPU [0%@1728,0%@1728,10%@1728,20%@1728,100%@1728,0%@1728] GR3D_FREQ 22% cpu@58.375C soc2@57C soc0@57.843C gpu@58.093C tj@59.343C soc1@59.343C VDD_IN 9558mW/9471mW VDD_CPU_GPU_CV 3312mW/3239mW VDD_SOC 2703mW/2705mW
08-04-2026 16:45:26 RAM 3871/7620MB (lfb 1x1MB) SWAP 2214/12002MB (cached 117MB) CPU [0%@1728,0%@1728,0%@1728,0%@1728,100%@1728,0%@1728] GR3D_FREQ 20% cpu@58.25C soc2@57.062C soc0@57.718C gpu@58.281C tj@59.218C soc1@59.218C VDD_IN 9517mW/9471mW VDD_CPU_GPU_CV 3271mW/3239mW VDD_SOC 2703mW/2705mW
08-04-2026 16:45:26 RAM 3871/7620MB (lfb 1x1MB) SWAP 2214/12002MB (cached 117MB) CPU [0%@1728,0%@1728,0%@1728,8%@1728,100%@1728,0%@1728] GR3D_FREQ 22% cpu@58.312C soc2@56.906C soc0@57.75C gpu@58.281C tj@59.281C soc1@59.281C VDD_IN 9517mW/9472mW VDD_CPU_GPU_CV 3271mW/3239mW VDD_SOC 2703mW/2705mW
08-04-2026 16:45:26 RAM 3871/7620MB (lfb 1x1MB) SWAP 2214/12002MB (cached 117MB) CPU [0%@1728,0%@1728,8%@1728,9%@1728,100%@1728,0%@1728] GR3D_FREQ 19% cpu@58.25C soc2@56.906C soc0@57.75C gpu@58.062C tj@59.218C soc1@59.281C VDD_IN 9517mW/9472mW VDD_CPU_GPU_CV 3271mW/3239mW VDD_SOC 2703mW/2705mW
08-04-2026 16:45:26 RAM 3871/7620MB (lfb 1x1MB) SWAP 2214/12002MB (cached 117MB) CPU [0%@1728,0%@1728,0%@1728,9%@1728,100%@1728,0%@1728] GR3D_FREQ 22% cpu@58.25C soc2@57C soc0@57.906C gpu@58.312C tj@59.312C soc1@59.312C VDD_IN 9517mW/9472mW VDD_CPU_GPU_CV 3271mW/3239mW VDD_SOC 2703mW/2705mW
08-04-2026 16:45:26 RAM 3871/7620MB (lfb 1x1MB) SWAP 2214/12002MB (cached 117MB) CPU [0%@1728,0%@1728,0%@1728,0%@1728,100%@1728,0%@1728] GR3D_FREQ 19% cpu@58.343C soc2@57C soc0@57.968C gpu@58.312C tj@59.187C soc1@59.187C VDD_IN 9476mW/9472mW VDD_CPU_GPU_CV 3230mW/3239mW VDD_SOC 2703mW/2705mW
08-04-2026 16:45:26 RAM 3871/7620MB (lfb 1x1MB) SWAP 2214/12002MB (cached 117MB) CPU [9%@1728,0%@1728,0%@1728,0%@1728,100%@1728,0%@1728] GR3D_FREQ 22% cpu@58.281C soc2@56.968C soc0@57.75C gpu@58.093C tj@59.218C soc1@59.218C VDD_IN 9476mW/9472mW VDD_CPU_GPU_CV 3230mW/3239mW VDD_SOC 2703mW/2705mW
08-04-2026 16:45:27 RAM 3871/7620MB (lfb 1x1MB) SWAP 2214/12002MB (cached 117MB) CPU [0%@1728,0%@1728,0%@1728,0%@1728,100%@1728,0%@1728] GR3D_FREQ 19% cpu@58.25C soc2@56.937C soc0@57.75C gpu@58.218C tj@59.218C soc1@59.218C VDD_IN 9476mW/9472mW VDD_CPU_GPU_CV 3230mW/3239mW VDD_SOC 2703mW/2705mW
08-04-2026 16:45:27 RAM 3871/7620MB (lfb 1x1MB) SWAP 2214/12002MB (cached 117MB) CPU [0%@1728,9%@1728,0%@1728,9%@1728,100%@1728,0%@1728] GR3D_FREQ 22% cpu@58.343C soc2@56.968C soc0@57.812C gpu@58.187C tj@59.312C soc1@59.312C VDD_IN 9476mW/9472mW VDD_CPU_GPU_CV 3230mW/3239mW VDD_SOC 2703mW/2705mW
08-04-2026 16:45:27 RAM 3871/7620MB (lfb 1x1MB) SWAP 2214/12002MB (cached 117MB) CPU [9%@1728,9%@1728,0%@1728,0%@1728,100%@1728,0%@1728] GR3D_FREQ 19% cpu@58.375C soc2@57C soc0@57.968C gpu@58.093C tj@59.468C soc1@59.468C VDD_IN 9476mW/9472mW VDD_CPU_GPU_CV 3230mW/3239mW VDD_SOC 2703mW/2705mW
08-04-2026 16:45:27 RAM 3871/7620MB (lfb 1x1MB) SWAP 2214/12002MB (cached 117MB) CPU [0%@1728,0%@1728,0%@1728,0%@1728,100%@1728,0%@1728] GR3D_FREQ 22% cpu@58.187C soc2@57C soc0@57.75C gpu@58.281C tj@59.218C soc1@59.218C VDD_IN 9476mW/9472mW VDD_CPU_GPU_CV 3230mW/3239mW VDD_SOC 2703mW/2705mW
08-04-2026 16:45:27 RAM 3871/7620MB (lfb 1x1MB) SWAP 2214/12002MB (cached 117MB) CPU [15%@1728,0%@1728,0%@1728,0%@1728,100%@1728,0%@1728] GR3D_FREQ 20% cpu@58.25C soc2@56.968C soc0@57.75C gpu@58.156C tj@59.218C soc1@59.218C VDD_IN 9476mW/9472mW VDD_CPU_GPU_CV 3230mW/3239mW VDD_SOC 2703mW/2705mW
08-04-2026 16:45:27 RAM 3871/7620MB (lfb 1x1MB) SWAP 2214/12002MB (cached 117MB) CPU [0%@1728,0%@1728,0%@1728,8%@1728,100%@1728,0%@1728] GR3D_FREQ 23% cpu@58.343C soc2@56.906C soc0@57.75C gpu@58.375C tj@59.281C soc1@59.281C VDD_IN 9476mW/9472mW VDD_CPU_GPU_CV 3230mW/3239mW VDD_SOC 2703mW/2705mW
08-04-2026 16:45:27 RAM 3871/7620MB (lfb 1x1MB) SWAP 2214/12002MB (cached 117MB) CPU [0%@1728,0%@1728,0%@1728,0%@1728,100%@1728,0%@1728] GR3D_FREQ 19% cpu@58.312C soc2@57.031C soc0@57.812C gpu@58.218C tj@59.312C soc1@59.312C VDD_IN 9476mW/9472mW VDD_CPU_GPU_CV 3230mW/3239mW VDD_SOC 2703mW/2705mW
08-04-2026 16:45:27 RAM 3871/7620MB (lfb 1x1MB) SWAP 2214/12002MB (cached 117MB) CPU [9%@1728,0%@1728,0%@1728,10%@1728,100%@1728,0%@1728] GR3D_FREQ 23% cpu@58.312C soc2@57.031C soc0@57.906C gpu@58.187C tj@59.156C soc1@59.156C VDD_IN 9476mW/9472mW VDD_CPU_GPU_CV 3230mW/3239mW VDD_SOC 2703mW/2705mW
08-04-2026 16:45:27 RAM 3871/7620MB (lfb 1x1MB) SWAP 2214/12002MB (cached 117MB) CPU [0%@1728,0%@1728,0%@1728,0%@1728,100%@1728,0%@1728] GR3D_FREQ 19% cpu@58.218C soc2@56.906C soc0@57.781C gpu@58.281C tj@59.156C soc1@59.156C VDD_IN 9476mW/9472mW VDD_CPU_GPU_CV 3230mW/3239mW VDD_SOC 2703mW/2705mW
08-04-2026 16:45:27 RAM 3871/7620MB (lfb 1x1MB) SWAP 2214/12002MB (cached 117MB) CPU [0%@1728,0%@1728,0%@1728,0%@1728,100%@1728,0%@1728] GR3D_FREQ 23% cpu@58.343C soc2@57C soc0@57.75C gpu@58.25C tj@59.25C soc1@59.25C VDD_IN 9476mW/9472mW VDD_CPU_GPU_CV 3230mW/3239mW VDD_SOC 2703mW/2705mW
08-04-2026 16:45:28 RAM 3871/7620MB (lfb 1x1MB) SWAP 2214/12002MB (cached 117MB) CPU [0%@1728,0%@1728,0%@1728,0%@1728,100%@1728,0%@1728] GR3D_FREQ 19% cpu@58.25C soc2@56.968C soc0@57.875C gpu@58.281C tj@59.343C soc1@59.343C VDD_IN 9476mW/9472mW VDD_CPU_GPU_CV 3230mW/3239mW VDD_SOC 2703mW/2705mW
08-04-2026 16:45:28 RAM 3871/7620MB (lfb 1x1MB) SWAP 2214/12002MB (cached 117MB) CPU [0%@1728,0%@1728,9%@1728,0%@1728,100%@1728,0%@1728] GR3D_FREQ 23% cpu@58.281C soc2@57C soc0@58C gpu@58.343C tj@59.531C soc1@59.531C VDD_IN 9476mW/9472mW VDD_CPU_GPU_CV 3230mW/3239mW VDD_SOC 2703mW/2705mW
08-04-2026 16:45:28 RAM 3871/7620MB (lfb 1x1MB) SWAP 2214/12002MB (cached 117MB) CPU [0%@1728,0%@1728,0%@1728,0%@1728,100%@1728,0%@1728] GR3D_FREQ 19% cpu@58.218C soc2@57.093C soc0@57.75C gpu@58.281C tj@59.156C soc1@59.156C VDD_IN 9435mW/9472mW VDD_CPU_GPU_CV 3230mW/3239mW VDD_SOC 2703mW/2705mW
08-04-2026 16:45:28 RAM 3871/7620MB (lfb 1x1MB) SWAP 2214/12002MB (cached 117MB) CPU [0%@1728,0%@1728,0%@1728,0%@1728,100%@1728,0%@1728] GR3D_FREQ 24% cpu@58.25C soc2@56.937C soc0@57.75C gpu@58.218C tj@59.218C soc1@59.218C VDD_IN 9476mW/9472mW VDD_CPU_GPU_CV 3230mW/3239mW VDD_SOC 2703mW/2705mW
08-04-2026 16:45:28 RAM 3871/7620MB (lfb 1x1MB) SWAP 2214/12002MB (cached 117MB) CPU [0%@1728,0%@1728,0%@1728,9%@1728,100%@1728,0%@1728] GR3D_FREQ 19% cpu@58.25C soc2@56.937C soc0@57.875C gpu@58.312C tj@59.281C soc1@59.281C VDD_IN 9435mW/9472mW VDD_CPU_GPU_CV 3230mW/3239mW VDD_SOC 2703mW/2705mW
08-04-2026 16:45:28 RAM 3871/7620MB (lfb 1x1MB) SWAP 2214/12002MB (cached 117MB) CPU [0%@1728,0%@1728,9%@1728,0%@1728,100%@1728,0%@1728] GR3D_FREQ 23% cpu@58.281C soc2@57.031C soc0@57.75C gpu@58.281C tj@59.406C soc1@59.406C VDD_IN 9476mW/9472mW VDD_CPU_GPU_CV 3230mW/3239mW VDD_SOC 2703mW/2705mW
08-04-2026 16:45:28 RAM 3871/7620MB (lfb 1x1MB) SWAP 2214/12002MB (cached 117MB) CPU [0%@1728,0%@1728,0%@1728,0%@1728,100%@1728,0%@1728] GR3D_FREQ 19% cpu@58.375C soc2@56.968C soc0@57.781C gpu@58.125C tj@59.25C soc1@59.25C VDD_IN 9476mW/9472mW VDD_CPU_GPU_CV 3230mW/3239mW VDD_SOC 2703mW/2705mW
08-04-2026 16:45:28 RAM 3871/7620MB (lfb 1x1MB) SWAP 2214/12002MB (cached 117MB) CPU [0%@1728,0%@1728,0%@1728,0%@1728,90%@1728,0%@1728] GR3D_FREQ 23% cpu@58.218C soc2@56.906C soc0@57.812C gpu@58.312C tj@59.25C soc1@59.25C VDD_IN 9476mW/9472mW VDD_CPU_GPU_CV 3230mW/3239mW VDD_SOC 2703mW/2705mW
08-04-2026 16:45:28 RAM 3871/7620MB (lfb 1x1MB) SWAP 2214/12002MB (cached 117MB) CPU [0%@1728,0%@1728,0%@1728,9%@1728,100%@1728,9%@1728] GR3D_FREQ 19% cpu@58.281C soc2@56.937C soc0@57.75C gpu@58.281C tj@59.25C soc1@59.25C VDD_IN 9476mW/9472mW VDD_CPU_GPU_CV 3230mW/3239mW VDD_SOC 2703mW/2705mW
08-04-2026 16:45:29 RAM 3871/7620MB (lfb 1x1MB) SWAP 2214/12002MB (cached 117MB) CPU [0%@1728,0%@1728,0%@1728,9%@1728,100%@1728,0%@1728] GR3D_FREQ 23% cpu@58.312C soc2@57C soc0@57.937C gpu@58.25C tj@59.281C soc1@59.281C VDD_IN 9476mW/9472mW VDD_CPU_GPU_CV 3230mW/3239mW VDD_SOC 2703mW/2705mW
08-04-2026 16:45:29 RAM 3871/7620MB (lfb 1x1MB) SWAP 2214/12002MB (cached 117MB) CPU [0%@1728,0%@1728,0%@1728,0%@1728,100%@1728,0%@1728] GR3D_FREQ 19% cpu@58.343C soc2@57C soc0@57.937C gpu@58.156C tj@59.406C soc1@59.406C VDD_IN 9476mW/9472mW VDD_CPU_GPU_CV 3230mW/3239mW VDD_SOC 2703mW/2705mW
08-04-2026 16:45:29 RAM 3871/7620MB (lfb 1x1MB) SWAP 2214/12002MB (cached 117MB) CPU [0%@1728,0%@1728,0%@1728,0%@1728,100%@1728,0%@1728] GR3D_FREQ 22% cpu@58.25C soc2@56.937C soc0@57.75C gpu@58.312C tj@59.187C soc1@59.187C VDD_IN 9476mW/9472mW VDD_CPU_GPU_CV 3230mW/3239mW VDD_SOC 2703mW/2705mW
08-04-2026 16:45:29 RAM 3871/7620MB (lfb 1x1MB) SWAP 2214/12002MB (cached 117MB) CPU [0%@1728,0%@1728,0%@1728,0%@1728,100%@1728,0%@1728] GR3D_FREQ 20% cpu@58.218C soc2@56.906C soc0@57.781C gpu@58.312C tj@59.156C soc1@59.156C VDD_IN 9476mW/9472mW VDD_CPU_GPU_CV 3230mW/3239mW VDD_SOC 2703mW/2705mW
08-04-2026 16:45:29 RAM 3871/7620MB (lfb 1x1MB) SWAP 2214/12002MB (cached 117MB) CPU [0%@1728,9%@1728,0%@1728,0%@1728,100%@1728,0%@1728] GR3D_FREQ 22% cpu@58.343C soc2@57C soc0@57.812C gpu@58.218C tj@59.312C soc1@59.312C VDD_IN 9476mW/9472mW VDD_CPU_GPU_CV 3230mW/3239mW VDD_SOC 2703mW/2705mW
08-04-2026 16:45:29 RAM 3874/7620MB (lfb 1x1MB) SWAP 2214/12002MB (cached 117MB) CPU [0%@1728,0%@1728,9%@1728,20%@1728,100%@1728,0%@1728] GR3D_FREQ 19% cpu@58.406C soc2@57C soc0@57.937C gpu@58.156C tj@59.406C soc1@59.406C VDD_IN 9517mW/9472mW VDD_CPU_GPU_CV 3271mW/3239mW VDD_SOC 2703mW/2705mW
08-04-2026 16:45:29 RAM 3874/7620MB (lfb 1x1MB) SWAP 2214/12002MB (cached 117MB) CPU [0%@1728,0%@1728,0%@1728,0%@1728,100%@1728,0%@1728] GR3D_FREQ 23% cpu@58.25C soc2@57.062C soc0@57.781C gpu@58.281C tj@59.125C soc1@59.125C VDD_IN 9517mW/9472mW VDD_CPU_GPU_CV 3271mW/3239mW VDD_SOC 2703mW/2705mW
08-04-2026 16:45:29 RAM 3874/7620MB (lfb 1x1MB) SWAP 2214/12002MB (cached 117MB) CPU [0%@1728,0%@1728,0%@1728,0%@1728,100%@1728,0%@1728] GR3D_FREQ 20% cpu@58.218C soc2@56.875C soc0@57.781C gpu@58.156C tj@59.25C soc1@59.25C VDD_IN 9476mW/9472mW VDD_CPU_GPU_CV 3271mW/3239mW VDD_SOC 2703mW/2705mW
08-04-2026 16:45:29 RAM 3874/7620MB (lfb 1x1MB) SWAP 2214/12002MB (cached 117MB) CPU [8%@1728,0%@1728,0%@1728,0%@1728,100%@1728,0%@1728] GR3D_FREQ 19% cpu@58.281C soc2@57C soc0@57.781C gpu@58.125C tj@59.281C soc1@59.281C VDD_IN 9517mW/9472mW VDD_CPU_GPU_CV 3271mW/3239mW VDD_SOC 2703mW/2705mW
08-04-2026 16:45:29 RAM 3874/7620MB (lfb 1x1MB) SWAP 2214/12002MB (cached 117MB) CPU [0%@1728,9%@1728,0%@1728,0%@1728,100%@1728,0%@1728] GR3D_FREQ 20% cpu@58.343C soc2@57.031C soc0@57.937C gpu@58.281C tj@59.312C soc1@59.312C VDD_IN 9476mW/9472mW VDD_CPU_GPU_CV 3271mW/3239mW VDD_SOC 2703mW/2705mW
08-04-2026 16:45:30 RAM 3874/7620MB (lfb 1x1MB) SWAP 2214/12002MB (cached 117MB) CPU [0%@1728,0%@1728,0%@1728,0%@1728,100%@1728,0%@1728] GR3D_FREQ 20% cpu@58.312C soc2@57C soc0@57.75C gpu@58.187C tj@59.187C soc1@59.187C VDD_IN 9476mW/9472mW VDD_CPU_GPU_CV 3230mW/3239mW VDD_SOC 2703mW/2705mW
08-04-2026 16:45:30 RAM 3874/7620MB (lfb 1x1MB) SWAP 2214/12002MB (cached 117MB) CPU [0%@1728,0%@1728,8%@1728,0%@1728,100%@1728,0%@1728] GR3D_FREQ 19% cpu@58.406C soc2@56.968C soc0@57.812C gpu@58.156C tj@59.25C soc1@59.25C VDD_IN 9476mW/9472mW VDD_CPU_GPU_CV 3230mW/3239mW VDD_SOC 2703mW/2705mW
08-04-2026 16:45:30 RAM 3874/7620MB (lfb 1x1MB) SWAP 2214/12002MB (cached 117MB) CPU [0%@1728,9%@1728,9%@1728,0%@1728,100%@1728,0%@1728] GR3D_FREQ 20% cpu@58.312C soc2@56.906C soc0@57.843C gpu@58.25C tj@59.25C soc1@59.25C VDD_IN 9476mW/9472mW VDD_CPU_GPU_CV 3230mW/3239mW VDD_SOC 2703mW/2705mW
08-04-2026 16:45:30 RAM 3874/7620MB (lfb 1x1MB) SWAP 2214/12002MB (cached 117MB) CPU [0%@1728,0%@1728,0%@1728,0%@1728,100%@1728,0%@1728] GR3D_FREQ 20% cpu@58.218C soc2@57.031C soc0@57.843C gpu@58.187C tj@59.281C soc1@59.281C VDD_IN 9435mW/9472mW VDD_CPU_GPU_CV 3230mW/3239mW VDD_SOC 2703mW/2705mW
08-04-2026 16:45:30 RAM 3874/7620MB (lfb 1x1MB) SWAP 2214/12002MB (cached 117MB) CPU [0%@1728,0%@1728,0%@1728,0%@1728,100%@1728,0%@1728] GR3D_FREQ 19% cpu@58.25C soc2@56.968C soc0@57.843C gpu@58.125C tj@59.468C soc1@59.468C VDD_IN 9435mW/9472mW VDD_CPU_GPU_CV 3230mW/3239mW VDD_SOC 2703mW/2705mW
08-04-2026 16:45:30 RAM 3874/7620MB (lfb 1x1MB) SWAP 2214/12002MB (cached 117MB) CPU [0%@1728,0%@1728,0%@1728,8%@1728,100%@1728,0%@1728] GR3D_FREQ 20% cpu@58.437C soc2@56.875C soc0@57.75C gpu@58.187C tj@59.125C soc1@59.125C VDD_IN 9435mW/9472mW VDD_CPU_GPU_CV 3230mW/3239mW VDD_SOC 2703mW/2705mW
08-04-2026 16:45:30 RAM 3874/7620MB (lfb 1x1MB) SWAP 2214/12002MB (cached 117MB) CPU [0%@1728,0%@1728,0%@1728,0%@1728,100%@1728,0%@1728] GR3D_FREQ 20% cpu@58.25C soc2@56.937C soc0@57.812C gpu@58.156C tj@59.218C soc1@59.218C VDD_IN 9476mW/9472mW VDD_CPU_GPU_CV 3230mW/3239mW VDD_SOC 2703mW/2705mW
08-04-2026 16:45:30 RAM 3874/7620MB (lfb 1x1MB) SWAP 2214/12002MB (cached 117MB) CPU [0%@1728,0%@1728,0%@1728,0%@1728,100%@1728,0%@1728] GR3D_FREQ 19% cpu@58.187C soc2@56.937C soc0@57.781C gpu@58.156C tj@59.312C soc1@59.312C VDD_IN 9435mW/9472mW VDD_CPU_GPU_CV 3230mW/3239mW VDD_SOC 2703mW/2705mW
08-04-2026 16:45:30 RAM 3874/7620MB (lfb 1x1MB) SWAP 2214/12002MB (cached 117MB) CPU [8%@1728,0%@1728,0%@1728,9%@1728,100%@1728,8%@1728] GR3D_FREQ 20% cpu@58.343C soc2@57C soc0@57.968C gpu@58.25C tj@59.375C soc1@59.375C VDD_IN 9476mW/9472mW VDD_CPU_GPU_CV 3230mW/3239mW VDD_SOC 2703mW/2705mW
08-04-2026 16:45:31 RAM 3874/7620MB (lfb 1x1MB) SWAP 2214/12002MB (cached 117MB) CPU [0%@1728,9%@1728,0%@1728,0%@1728,100%@1728,0%@1728] GR3D_FREQ 20% cpu@58.343C soc2@57.031C soc0@57.718C gpu@58.187C tj@59.218C soc1@59.218C VDD_IN 9476mW/9472mW VDD_CPU_GPU_CV 3230mW/3239mW VDD_SOC 2703mW/2705mW
08-04-2026 16:45:31 RAM 3874/7620MB (lfb 1x1MB) SWAP 2214/12002MB (cached 117MB) CPU [0%@1728,0%@1728,0%@1728,0%@1728,100%@1728,0%@1728] GR3D_FREQ 19% cpu@58.25C soc2@56.968C soc0@57.781C gpu@58.406C tj@59.25C soc1@59.25C VDD_IN 9476mW/9472mW VDD_CPU_GPU_CV 3230mW/3239mW VDD_SOC 2703mW/2705mW
08-04-2026 16:45:31 RAM 3874/7620MB (lfb 1x1MB) SWAP 2214/12002MB (cached 117MB) CPU [9%@1728,0%@1728,0%@1728,0%@1728,100%@1728,0%@1728] GR3D_FREQ 19% cpu@58.312C soc2@56.906C soc0@57.75C gpu@58.187C tj@59.187C soc1@59.25C VDD_IN 9476mW/9472mW VDD_CPU_GPU_CV 3230mW/3239mW VDD_SOC 2703mW/2705mW
08-04-2026 16:45:31 RAM 3874/7620MB (lfb 1x1MB) SWAP 2214/12002MB (cached 117MB) CPU [0%@1728,0%@1728,0%@1728,0%@1728,100%@1728,0%@1728] GR3D_FREQ 20% cpu@58.281C soc2@56.937C soc0@57.906C gpu@58.218C tj@59.375C soc1@59.375C VDD_IN 9476mW/9472mW VDD_CPU_GPU_CV 3230mW/3239mW VDD_SOC 2703mW/2705mW
08-04-2026 16:45:31 RAM 3874/7620MB (lfb 1x1MB) SWAP 2214/12002MB (cached 117MB) CPU [9%@1728,0%@1728,0%@1728,0%@1728,100%@1728,0%@1728] GR3D_FREQ 19% cpu@58.281C soc2@56.968C soc0@57.968C gpu@58.281C tj@59.5C soc1@59.5C VDD_IN 9435mW/9472mW VDD_CPU_GPU_CV 3230mW/3239mW VDD_SOC 2703mW/2705mW
08-04-2026 16:45:31 RAM 3874/7620MB (lfb 1x1MB) SWAP 2214/12002MB (cached 117MB) CPU [9%@1728,0%@1728,9%@1728,0%@1728,100%@1728,0%@1728] GR3D_FREQ 20% cpu@58.281C soc2@56.937C soc0@57.75C gpu@58.25C tj@59.156C soc1@59.187C VDD_IN 9435mW/9472mW VDD_CPU_GPU_CV 3230mW/3239mW VDD_SOC 2703mW/2705mW
08-04-2026 16:45:31 RAM 3874/7620MB (lfb 1x1MB) SWAP 2214/12002MB (cached 117MB) CPU [0%@1728,0%@1728,0%@1728,0%@1728,100%@1728,0%@1728] GR3D_FREQ 20% cpu@58.25C soc2@56.937C soc0@57.781C gpu@58.187C tj@59.343C soc1@59.343C VDD_IN 9435mW/9472mW VDD_CPU_GPU_CV 3230mW/3239mW VDD_SOC 2703mW/2705mW
08-04-2026 16:45:31 RAM 3874/7620MB (lfb 1x1MB) SWAP 2214/12002MB (cached 117MB) CPU [0%@1728,0%@1728,0%@1728,0%@1728,100%@1728,0%@1728] GR3D_FREQ 19% cpu@58.312C soc2@56.937C soc0@57.812C gpu@58.25C tj@59.25C soc1@59.25C VDD_IN 9435mW/9472mW VDD_CPU_GPU_CV 3230mW/3239mW VDD_SOC 2703mW/2705mW
08-04-2026 16:45:31 RAM 3874/7620MB (lfb 1x1MB) SWAP 2214/12002MB (cached 117MB) CPU [0%@1728,0%@1728,0%@1728,0%@1728,100%@1728,0%@1728] GR3D_FREQ 20% cpu@58.312C soc2@56.937C soc0@57.906C gpu@58.281C tj@59.375C soc1@59.375C VDD_IN 9435mW/9471mW VDD_CPU_GPU_CV 3230mW/3239mW VDD_SOC 2703mW/2705mW
08-04-2026 16:45:31 RAM 3874/7620MB (lfb 1x1MB) SWAP 2214/12002MB (cached 117MB) CPU [0%@1728,0%@1728,0%@1728,0%@1728,100%@1728,0%@1728] GR3D_FREQ 19% cpu@58.343C soc2@57.156C soc0@57.718C gpu@58.218C tj@59.25C soc1@59.25C VDD_IN 9435mW/9471mW VDD_CPU_GPU_CV 3230mW/3239mW VDD_SOC 2703mW/2705mW
08-04-2026 16:45:32 RAM 3874/7620MB (lfb 1x1MB) SWAP 2214/12002MB (cached 117MB) CPU [0%@1728,0%@1728,0%@1728,0%@1728,100%@1728,0%@1728] GR3D_FREQ 20% cpu@58.156C soc2@56.875C soc0@57.75C gpu@58.281C tj@59.218C soc1@59.218C VDD_IN 9435mW/9471mW VDD_CPU_GPU_CV 3230mW/3239mW VDD_SOC 2703mW/2705mW
08-04-2026 16:45:32 RAM 3874/7620MB (lfb 1x1MB) SWAP 2214/12002MB (cached 117MB) CPU [0%@1728,0%@1728,0%@1728,0%@1728,100%@1728,0%@1728] GR3D_FREQ 19% cpu@58.218C soc2@56.968C soc0@57.843C gpu@58.187C tj@59.25C soc1@59.25C VDD_IN 9435mW/9471mW VDD_CPU_GPU_CV 3230mW/3239mW VDD_SOC 2703mW/2705mW
08-04-2026 16:45:32 RAM 3874/7620MB (lfb 1x1MB) SWAP 2214/12002MB (cached 117MB) CPU [0%@1728,8%@1728,0%@1728,0%@1728,100%@1728,0%@1728] GR3D_FREQ 19% cpu@58.343C soc2@56.906C soc0@57.781C gpu@58.093C tj@59.343C soc1@59.343C VDD_IN 9435mW/9471mW VDD_CPU_GPU_CV 3230mW/3239mW VDD_SOC 2703mW/2705mW
08-04-2026 16:45:32 RAM 3874/7620MB (lfb 1x1MB) SWAP 2214/12002MB (cached 117MB) CPU [0%@1728,0%@1728,0%@1728,0%@1728,90%@1728,0%@1728] GR3D_FREQ 19% cpu@58.343C soc2@57.062C soc0@57.937C gpu@58.312C tj@59.125C soc1@59.125C VDD_IN 9435mW/9471mW VDD_CPU_GPU_CV 3230mW/3239mW VDD_SOC 2703mW/2705mW
08-04-2026 16:45:32 RAM 3874/7620MB (lfb 1x1MB) SWAP 2214/12002MB (cached 117MB) CPU [0%@1728,0%@1728,0%@1728,0%@1728,100%@1728,0%@1728] GR3D_FREQ 19% cpu@58.218C soc2@56.812C soc0@57.687C gpu@58.156C tj@59.218C soc1@59.218C VDD_IN 9435mW/9471mW VDD_CPU_GPU_CV 3230mW/3239mW VDD_SOC 2703mW/2705mW
08-04-2026 16:45:32 RAM 3874/7620MB (lfb 1x1MB) SWAP 2214/12002MB (cached 117MB) CPU [0%@1728,0%@1728,0%@1728,0%@1728,100%@1728,0%@1728] GR3D_FREQ 19% cpu@58.25C soc2@56.968C soc0@57.812C gpu@58.437C tj@59.25C soc1@59.25C VDD_IN 9476mW/9471mW VDD_CPU_GPU_CV 3230mW/3239mW VDD_SOC 2703mW/2705mW
08-04-2026 16:45:32 RAM 3875/7620MB (lfb 1x1MB) SWAP 2214/12002MB (cached 117MB) CPU [0%@1728,9%@1728,9%@1728,0%@1728,100%@1728,0%@1728] GR3D_FREQ 19% cpu@58.25C soc2@56.843C soc0@57.812C gpu@58.25C tj@59.25C soc1@59.25C VDD_IN 9476mW/9471mW VDD_CPU_GPU_CV 3230mW/3239mW VDD_SOC 2703mW/2705mW
08-04-2026 16:45:32 RAM 3875/7620MB (lfb 1x1MB) SWAP 2214/12002MB (cached 117MB) CPU [0%@1728,9%@1728,0%@1728,25%@1728,100%@1728,0%@1728] GR3D_FREQ 19% cpu@58.375C soc2@57.031C soc0@57.906C gpu@58.156C tj@59.406C soc1@59.406C VDD_IN 9517mW/9471mW VDD_CPU_GPU_CV 3271mW/3239mW VDD_SOC 2744mW/2705mW
08-04-2026 16:45:32 RAM 3875/7620MB (lfb 1x1MB) SWAP 2214/12002MB (cached 117MB) CPU [0%@1728,0%@1728,0%@1728,0%@1728,100%@1728,0%@1728] GR3D_FREQ 19% cpu@58.281C soc2@57.093C soc0@57.75C gpu@58.375C tj@59.156C soc1@59.156C VDD_IN 9517mW/9471mW VDD_CPU_GPU_CV 3271mW/3239mW VDD_SOC 2703mW/2705mW
08-04-2026 16:45:33 RAM 3875/7620MB (lfb 1x1MB) SWAP 2214/12002MB (cached 117MB) CPU [0%@1728,0%@1728,16%@1728,0%@1728,100%@1728,0%@1728] GR3D_FREQ 19% cpu@58.25C soc2@56.937C soc0@57.781C gpu@58.343C tj@59.25C soc1@59.25C VDD_IN 9517mW/9471mW VDD_CPU_GPU_CV 3271mW/3239mW VDD_SOC 2744mW/2705mW
08-04-2026 16:45:33 RAM 3875/7620MB (lfb 1x1MB) SWAP 2214/12002MB (cached 117MB) CPU [0%@1728,9%@1728,0%@1728,0%@1728,100%@1728,0%@1728] GR3D_FREQ 19% cpu@58.312C soc2@56.906C soc0@57.812C gpu@58.218C tj@59.375C soc1@59.375C VDD_IN 9517mW/9471mW VDD_CPU_GPU_CV 3271mW/3239mW VDD_SOC 2703mW/2705mW
08-04-2026 16:45:33 RAM 3875/7620MB (lfb 1x1MB) SWAP 2214/12002MB (cached 117MB) CPU [0%@1728,0%@1728,0%@1728,0%@1728,100%@1728,0%@1728] GR3D_FREQ 19% cpu@58.343C soc2@57.031C soc0@57.875C gpu@58.125C tj@59.343C soc1@59.406C VDD_IN 9517mW/9472mW VDD_CPU_GPU_CV 3271mW/3239mW VDD_SOC 2703mW/2705mW
08-04-2026 16:45:33 RAM 3875/7620MB (lfb 1x1MB) SWAP 2214/12002MB (cached 117MB) CPU [0%@1728,0%@1728,0%@1728,0%@1728,100%@1728,0%@1728] GR3D_FREQ 19% cpu@58.687C soc2@57.093C soc0@57.75C gpu@58.25C tj@59.187C soc1@59.187C VDD_IN 9476mW/9472mW VDD_CPU_GPU_CV 3271mW/3239mW VDD_SOC 2703mW/2705mW
08-04-2026 16:45:33 RAM 3875/7620MB (lfb 1x1MB) SWAP 2214/12002MB (cached 117MB) CPU [0%@1728,0%@1728,0%@1728,0%@1728,100%@1728,0%@1728] GR3D_FREQ 19% cpu@58.343C soc2@56.968C soc0@57.75C gpu@58.187C tj@59.281C soc1@59.281C VDD_IN 9476mW/9472mW VDD_CPU_GPU_CV 3271mW/3239mW VDD_SOC 2703mW/2705mW
08-04-2026 16:45:33 RAM 3875/7620MB (lfb 1x1MB) SWAP 2214/12002MB (cached 117MB) CPU [0%@1728,0%@1728,0%@1728,0%@1728,100%@1728,0%@1728] GR3D_FREQ 19% cpu@58.375C soc2@56.906C soc0@57.812C gpu@58.125C tj@59.25C soc1@59.25C VDD_IN 9476mW/9472mW VDD_CPU_GPU_CV 3271mW/3239mW VDD_SOC 2703mW/2705mW
08-04-2026 16:45:33 RAM 3875/7620MB (lfb 1x1MB) SWAP 2214/12002MB (cached 117MB) CPU [0%@1728,0%@1728,0%@1728,0%@1728,100%@1728,0%@1728] GR3D_FREQ 19% cpu@58.312C soc2@56.968C soc0@57.937C gpu@58.25C tj@59.343C soc1@59.343C VDD_IN 9476mW/9472mW VDD_CPU_GPU_CV 3271mW/3239mW VDD_SOC 2703mW/2705mW
08-04-2026 16:45:33 RAM 3875/7620MB (lfb 1x1MB) SWAP 2214/12002MB (cached 117MB) CPU [0%@1728,0%@1728,0%@1728,0%@1728,100%@1728,0%@1728] GR3D_FREQ 19% cpu@58.375C soc2@56.968C soc0@58.031C gpu@58.156C tj@59.5C soc1@59.5C VDD_IN 9476mW/9472mW VDD_CPU_GPU_CV 3230mW/3239mW VDD_SOC 2703mW/2705mW
08-04-2026 16:45:33 RAM 3875/7620MB (lfb 1x1MB) SWAP 2214/12002MB (cached 117MB) CPU [0%@1728,0%@1728,0%@1728,0%@1728,100%@1728,16%@1728] GR3D_FREQ 19% cpu@58.281C soc2@56.968C soc0@57.75C gpu@58.343C tj@59.218C soc1@59.218C VDD_IN 9476mW/9472mW VDD_CPU_GPU_CV 3271mW/3239mW VDD_SOC 2703mW/2705mW
08-04-2026 16:45:33 RAM 3875/7620MB (lfb 1x1MB) SWAP 2214/12002MB (cached 117MB) CPU [8%@1728,0%@1728,0%@1728,0%@1728,100%@1728,0%@1728] GR3D_FREQ 19% cpu@58.156C soc2@56.968C soc0@57.812C gpu@58.281C tj@59.187C soc1@59.187C VDD_IN 9476mW/9472mW VDD_CPU_GPU_CV 3230mW/3239mW VDD_SOC 2703mW/2705mW
08-04-2026 16:45:34 RAM 3875/7620MB (lfb 1x1MB) SWAP 2214/12002MB (cached 117MB) CPU [0%@1728,0%@1728,9%@1728,9%@1728,100%@1728,0%@1728] GR3D_FREQ 19% cpu@58.343C soc2@57C soc0@57.843C gpu@58.25C tj@59.281C soc1@59.281C VDD_IN 9476mW/9472mW VDD_CPU_GPU_CV 3230mW/3239mW VDD_SOC 2703mW/2705mW
08-04-2026 16:45:34 RAM 3875/7620MB (lfb 1x1MB) SWAP 2214/12002MB (cached 117MB) CPU [18%@1728,0%@1728,0%@1728,0%@1728,100%@1728,0%@1728] GR3D_FREQ 19% cpu@58.25C soc2@57.031C soc0@57.875C gpu@58.343C tj@59.406C soc1@59.406C VDD_IN 9476mW/9472mW VDD_CPU_GPU_CV 3230mW/3239mW VDD_SOC 2703mW/2705mW
08-04-2026 16:45:34 RAM 3875/7620MB (lfb 1x1MB) SWAP 2214/12002MB (cached 117MB) CPU [0%@1728,0%@1728,0%@1728,0%@1728,100%@1728,0%@1728] GR3D_FREQ 20% cpu@58.25C soc2@56.968C soc0@57.781C gpu@58.156C tj@59.187C soc1@59.187C VDD_IN 9517mW/9472mW VDD_CPU_GPU_CV 3271mW/3239mW VDD_SOC 2703mW/2705mW
08-04-2026 16:45:34 RAM 3875/7620MB (lfb 1x1MB) SWAP 2214/12002MB (cached 117MB) CPU [0%@1728,0%@1728,0%@1728,0%@1728,100%@1728,0%@1728] GR3D_FREQ 19% cpu@58.25C soc2@56.906C soc0@57.781C gpu@58.187C tj@59.281C soc1@59.281C VDD_IN 9476mW/9472mW VDD_CPU_GPU_CV 3271mW/3239mW VDD_SOC 2703mW/2705mW
08-04-2026 16:45:34 RAM 3875/7620MB (lfb 1x1MB) SWAP 2214/12002MB (cached 117MB) CPU [0%@1728,0%@1728,0%@1728,0%@1728,100%@1728,0%@1728] GR3D_FREQ 20% cpu@58.281C soc2@56.937C soc0@57.812C gpu@58.312C tj@59.281C soc1@59.281C VDD_IN 9476mW/9472mW VDD_CPU_GPU_CV 3271mW/3239mW VDD_SOC 2703mW/2705mW
08-04-2026 16:45:34 RAM 3875/7620MB (lfb 1x1MB) SWAP 2214/12002MB (cached 117MB) CPU [0%@1728,8%@1728,15%@1728,0%@1728,100%@1728,0%@1728] GR3D_FREQ 20% cpu@58.156C soc2@57C soc0@57.875C gpu@58.156C tj@59.406C soc1@59.406C VDD_IN 9476mW/9472mW VDD_CPU_GPU_CV 3230mW/3239mW VDD_SOC 2703mW/2705mW
08-04-2026 16:45:34 RAM 3875/7620MB (lfb 1x1MB) SWAP 2214/12002MB (cached 117MB) CPU [0%@1728,0%@1728,0%@1728,0%@1728,100%@1728,0%@1728] GR3D_FREQ 19% cpu@58.656C soc2@57.031C soc0@57.75C gpu@58.156C tj@59.187C soc1@59.187C VDD_IN 9476mW/9472mW VDD_CPU_GPU_CV 3271mW/3239mW VDD_SOC 2703mW/2705mW
08-04-2026 16:45:34 RAM 3875/7620MB (lfb 1x1MB) SWAP 2214/12002MB (cached 117MB) CPU [0%@1728,0%@1728,0%@1728,0%@1728,100%@1728,0%@1728] GR3D_FREQ 19% cpu@58.343C soc2@56.937C soc0@57.718C gpu@58.281C tj@59.218C soc1@59.218C VDD_IN 9476mW/9472mW VDD_CPU_GPU_CV 3230mW/3239mW VDD_SOC 2703mW/2705mW
08-04-2026 16:45:34 RAM 3875/7620MB (lfb 1x1MB) SWAP 2214/12002MB (cached 117MB) CPU [0%@1728,0%@1728,0%@1728,0%@1728,100%@1728,0%@1728] GR3D_FREQ 20% cpu@58.281C soc2@56.937C soc0@57.812C gpu@58.25C tj@59.281C soc1@59.281C VDD_IN 9476mW/9472mW VDD_CPU_GPU_CV 3271mW/3239mW VDD_SOC 2703mW/2705mW
08-04-2026 16:45:35 RAM 3875/7620MB (lfb 1x1MB) SWAP 2214/12002MB (cached 117MB) CPU [0%@1728,0%@1728,0%@1728,0%@1728,100%@1728,0%@1728] GR3D_FREQ 19% cpu@58.312C soc2@56.968C soc0@57.843C gpu@58.187C tj@59.312C soc1@59.312C VDD_IN 9476mW/9472mW VDD_CPU_GPU_CV 3230mW/3239mW VDD_SOC 2703mW/2705mW
08-04-2026 16:45:35 RAM 3875/7620MB (lfb 1x1MB) SWAP 2214/12002MB (cached 117MB) CPU [0%@1728,0%@1728,0%@1728,0%@1728,100%@1728,0%@1728] GR3D_FREQ 20% cpu@58.375C soc2@56.968C soc0@58C gpu@58.187C tj@59.406C soc1@59.406C VDD_IN 9476mW/9472mW VDD_CPU_GPU_CV 3230mW/3239mW VDD_SOC 2703mW/2705mW
08-04-2026 16:45:35 RAM 3875/7620MB (lfb 1x1MB) SWAP 2214/12002MB (cached 117MB) CPU [9%@1728,9%@1728,0%@1728,0%@1728,100%@1728,0%@1728] GR3D_FREQ 20% cpu@58.25C soc2@57.093C soc0@57.75C gpu@58.187C tj@59.156C soc1@59.156C VDD_IN 9476mW/9472mW VDD_CPU_GPU_CV 3230mW/3239mW VDD_SOC 2703mW/2705mW
08-04-2026 16:45:35 RAM 3875/7620MB (lfb 1x1MB) SWAP 2214/12002MB (cached 117MB) CPU [0%@1728,0%@1728,0%@1728,0%@1728,100%@1728,0%@1728] GR3D_FREQ 20% cpu@58.218C soc2@56.906C soc0@57.843C gpu@58.187C tj@59.218C soc1@59.218C VDD_IN 9435mW/9472mW VDD_CPU_GPU_CV 3230mW/3239mW VDD_SOC 2703mW/2705mW
08-04-2026 16:45:35 RAM 3875/7620MB (lfb 1x1MB) SWAP 2214/12002MB (cached 117MB) CPU [0%@1728,0%@1728,0%@1728,0%@1728,100%@1728,0%@1728] GR3D_FREQ 21% cpu@58.281C soc2@56.968C soc0@57.781C gpu@58.25C tj@59.25C soc1@59.25C VDD_IN 9435mW/9472mW VDD_CPU_GPU_CV 3230mW/3239mW VDD_SOC 2703mW/2705mW
08-04-2026 16:45:35 RAM 3875/7620MB (lfb 1x1MB) SWAP 2214/12002MB (cached 117MB) CPU [9%@1728,0%@1728,0%@1728,0%@1728,100%@1728,0%@1728] GR3D_FREQ 20% cpu@58.343C soc2@57.031C soc0@57.906C gpu@58.187C tj@59.312C soc1@59.312C VDD_IN 9435mW/9472mW VDD_CPU_GPU_CV 3230mW/3239mW VDD_SOC 2703mW/2705mW
08-04-2026 16:45:35 RAM 3875/7620MB (lfb 1x1MB) SWAP 2214/12002MB (cached 117MB) CPU [0%@1728,0%@1728,0%@1728,0%@1728,100%@1728,0%@1728] GR3D_FREQ 21% cpu@58.625C soc2@56.968C soc0@57.75C gpu@58.125C tj@59.156C soc1@59.156C VDD_IN 9435mW/9471mW VDD_CPU_GPU_CV 3230mW/3239mW VDD_SOC 2703mW/2705mW
08-04-2026 16:45:35 RAM 3875/7620MB (lfb 1x1MB) SWAP 2214/12002MB (cached 117MB) CPU [0%@1728,0%@1728,0%@1728,0%@1728,100%@1728,0%@1728] GR3D_FREQ 19% cpu@58.25C soc2@56.812C soc0@57.718C gpu@58.156C tj@59.156C soc1@59.156C VDD_IN 9435mW/9471mW VDD_CPU_GPU_CV 3230mW/3239mW VDD_SOC 2703mW/2705mW
08-04-2026 16:45:35 RAM 3875/7620MB (lfb 1x1MB) SWAP 2214/12002MB (cached 117MB) CPU [0%@1728,0%@1728,9%@1728,8%@1728,100%@1728,9%@1728] GR3D_FREQ 22% cpu@58.312C soc2@57C soc0@57.75C gpu@58.093C tj@59.187C soc1@59.187C VDD_IN 9476mW/9471mW VDD_CPU_GPU_CV 3230mW/3239mW VDD_SOC 2703mW/2705mW
08-04-2026 16:45:35 RAM 3875/7620MB (lfb 1x1MB) SWAP 2214/12002MB (cached 117MB) CPU [0%@1728,0%@1728,0%@1728,18%@1728,100%@1728,0%@1728] GR3D_FREQ 19% cpu@58.312C soc2@56.937C soc0@57.906C gpu@58.75C tj@59.406C soc1@59.406C VDD_IN 9476mW/9471mW VDD_CPU_GPU_CV 3230mW/3239mW VDD_SOC 2703mW/2705mW
08-04-2026 16:45:36 RAM 3876/7620MB (lfb 1x1MB) SWAP 2214/12002MB (cached 117MB) CPU [0%@1728,9%@1728,0%@1728,0%@1728,100%@1728,16%@1728] GR3D_FREQ 19% cpu@58.593C soc2@56.968C soc0@57.968C gpu@58.125C tj@59.468C soc1@59.468C VDD_IN 9517mW/9472mW VDD_CPU_GPU_CV 3271mW/3239mW VDD_SOC 2703mW/2705mW
08-04-2026 16:45:36 RAM 3876/7620MB (lfb 1x1MB) SWAP 2214/12002MB (cached 117MB) CPU [0%@1728,0%@1728,0%@1728,0%@1728,91%@1728,0%@1728] GR3D_FREQ 19% cpu@58.312C soc2@56.875C soc0@57.75C gpu@58.062C tj@59.218C soc1@59.218C VDD_IN 9517mW/9472mW VDD_CPU_GPU_CV 3230mW/3239mW VDD_SOC 2703mW/2705mW
08-04-2026 16:45:36 RAM 3876/7620MB (lfb 1x1MB) SWAP 2214/12002MB (cached 117MB) CPU [0%@1728,0%@1728,0%@1728,0%@1728,100%@1728,0%@1728] GR3D_FREQ 20% cpu@58.187C soc2@57.031C soc0@57.781C gpu@58.656C tj@59.25C soc1@59.25C VDD_IN 9517mW/9472mW VDD_CPU_GPU_CV 3271mW/3239mW VDD_SOC 2703mW/2705mW
08-04-2026 16:45:36 RAM 3876/7620MB (lfb 1x1MB) SWAP 2214/12002MB (cached 117MB) CPU [0%@1728,0%@1728,0%@1728,0%@1728,100%@1728,0%@1728] GR3D_FREQ 20% cpu@58.218C soc2@56.937C soc0@57.781C gpu@58.125C tj@59.25C soc1@59.25C VDD_IN 9476mW/9472mW VDD_CPU_GPU_CV 3230mW/3239mW VDD_SOC 2703mW/2705mW
08-04-2026 16:45:36 RAM 3876/7620MB (lfb 1x1MB) SWAP 2214/12002MB (cached 117MB) CPU [0%@1728,0%@1728,0%@1728,0%@1728,100%@1728,0%@1728] GR3D_FREQ 19% cpu@58.375C soc2@57.031C soc0@57.968C gpu@58.125C tj@59.5C soc1@59.5C VDD_IN 9476mW/9472mW VDD_CPU_GPU_CV 3230mW/3239mW VDD_SOC 2703mW/2705mW
08-04-2026 16:45:36 RAM 3876/7620MB (lfb 1x1MB) SWAP 2214/12002MB (cached 117MB) CPU [16%@1728,0%@1728,9%@1728,0%@1728,100%@1728,0%@1728] GR3D_FREQ 20% cpu@58.625C soc2@57C soc0@57.75C gpu@58.187C tj@59.187C soc1@59.187C VDD_IN 9476mW/9472mW VDD_CPU_GPU_CV 3230mW/3239mW VDD_SOC 2703mW/2705mW
08-04-2026 16:45:36 RAM 3876/7620MB (lfb 1x1MB) SWAP 2214/12002MB (cached 117MB) CPU [0%@1728,0%@1728,0%@1728,0%@1728,100%@1728,0%@1728] GR3D_FREQ 20% cpu@58.156C soc2@56.937C soc0@57.781C gpu@58.218C tj@59.281C soc1@59.281C VDD_IN 9476mW/9472mW VDD_CPU_GPU_CV 3230mW/3239mW VDD_SOC 2703mW/2705mW
08-04-2026 16:45:36 RAM 3876/7620MB (lfb 1x1MB) SWAP 2214/12002MB (cached 117MB) CPU [9%@1728,0%@1728,0%@1728,0%@1728,100%@1728,0%@1728] GR3D_FREQ 19% cpu@58.218C soc2@57C soc0@57.906C gpu@58.125C tj@59.281C soc1@59.281C VDD_IN 9476mW/9472mW VDD_CPU_GPU_CV 3230mW/3239mW VDD_SOC 2703mW/2705mW
08-04-2026 16:45:36 RAM 3876/7620MB (lfb 1x1MB) SWAP 2214/12002MB (cached 117MB) CPU [0%@1728,0%@1728,0%@1728,0%@1728,100%@1728,0%@1728] GR3D_FREQ 20% cpu@58.281C soc2@57C soc0@57.906C gpu@58.093C tj@59.375C soc1@59.375C VDD_IN 9476mW/9472mW VDD_CPU_GPU_CV 3230mW/3239mW VDD_SOC 2703mW/2705mW
08-04-2026 16:45:37 RAM 3876/7620MB (lfb 1x1MB) SWAP 2214/12002MB (cached 117MB) CPU [0%@1728,0%@1728,0%@1728,0%@1728,100%@1728,0%@1728] GR3D_FREQ 20% cpu@58.656C soc2@57C soc0@58C gpu@58.156C tj@59.5C soc1@59.5C VDD_IN 9476mW/9472mW VDD_CPU_GPU_CV 3230mW/3239mW VDD_SOC 2703mW/2705mW
08-04-2026 16:45:37 RAM 3876/7620MB (lfb 1x1MB) SWAP 2214/12002MB (cached 117MB) CPU [0%@1728,9%@1728,0%@1728,0%@1728,100%@1728,0%@1728] GR3D_FREQ 20% cpu@58.281C soc2@56.906C soc0@57.75C gpu@58.218C tj@59.218C soc1@59.218C VDD_IN 9476mW/9472mW VDD_CPU_GPU_CV 3230mW/3239mW VDD_SOC 2703mW/2705mW
08-04-2026 16:45:37 RAM 3876/7620MB (lfb 1x1MB) SWAP 2214/12002MB (cached 117MB) CPU [0%@1728,0%@1728,0%@1728,0%@1728,100%@1728,0%@1728] GR3D_FREQ 20% cpu@58.25C soc2@56.968C soc0@57.75C gpu@58.156C tj@59.25C soc1@59.25C VDD_IN 9476mW/9472mW VDD_CPU_GPU_CV 3230mW/3239mW VDD_SOC 2703mW/2705mW
08-04-2026 16:45:37 RAM 3876/7620MB (lfb 1x1MB) SWAP 2214/12002MB (cached 117MB) CPU [0%@1728,0%@1728,0%@1728,0%@1728,100%@1728,0%@1728] GR3D_FREQ 19% cpu@58.25C soc2@56.937C soc0@57.875C gpu@58.093C tj@59.281C soc1@59.281C VDD_IN 9476mW/9472mW VDD_CPU_GPU_CV 3230mW/3239mW VDD_SOC 2703mW/2705mW
08-04-2026 16:45:37 RAM 3876/7620MB (lfb 1x1MB) SWAP 2214/12002MB (cached 117MB) CPU [0%@1728,0%@1728,0%@1728,0%@1728,100%@1728,0%@1728] GR3D_FREQ 20% cpu@58.312C soc2@57C soc0@58.062C gpu@58.031C tj@59.406C soc1@59.406C VDD_IN 9435mW/9472mW VDD_CPU_GPU_CV 3230mW/3239mW VDD_SOC 2703mW/2705mW
08-04-2026 16:45:37 RAM 3876/7620MB (lfb 1x1MB) SWAP 2214/12002MB (cached 117MB) CPU [0%@1728,0%@1728,0%@1728,0%@1728,100%@1728,0%@1728] GR3D_FREQ 19% cpu@58.218C soc2@56.937C soc0@57.75C gpu@58.218C tj@59.187C soc1@59.187C VDD_IN 9476mW/9472mW VDD_CPU_GPU_CV 3230mW/3239mW VDD_SOC 2703mW/2705mW
08-04-2026 16:45:37 RAM 3876/7620MB (lfb 1x1MB) SWAP 2214/12002MB (cached 117MB) CPU [0%@1728,0%@1728,0%@1728,0%@1728,100%@1728,0%@1728] GR3D_FREQ 19% cpu@58.281C soc2@56.937C soc0@57.75C gpu@58.093C tj@59.218C soc1@59.218C VDD_IN 9435mW/9472mW VDD_CPU_GPU_CV 3230mW/3239mW VDD_SOC 2703mW/2705mW
08-04-2026 16:45:37 RAM 3876/7620MB (lfb 1x1MB) SWAP 2214/12002MB (cached 117MB) CPU [0%@1728,0%@1728,0%@1728,0%@1728,100%@1728,0%@1728] GR3D_FREQ 19% cpu@58.25C soc2@56.906C soc0@57.781C gpu@58.187C tj@59.25C soc1@59.25C VDD_IN 9476mW/9472mW VDD_CPU_GPU_CV 3230mW/3239mW VDD_SOC 2703mW/2705mW
08-04-2026 16:45:37 RAM 3876/7620MB (lfb 1x1MB) SWAP 2214/12002MB (cached 117MB) CPU [0%@1728,0%@1728,0%@1728,0%@1728,100%@1728,0%@1728] GR3D_FREQ 19% cpu@58.343C soc2@57.031C soc0@57.875C gpu@58.156C tj@59.406C soc1@59.406C VDD_IN 9435mW/9472mW VDD_CPU_GPU_CV 3230mW/3239mW VDD_SOC 2703mW/2705mW
08-04-2026 16:45:37 RAM 3876/7620MB (lfb 1x1MB) SWAP 2214/12002MB (cached 117MB) CPU [0%@1728,0%@1728,0%@1728,16%@1728,100%@1728,0%@1728] GR3D_FREQ 19% cpu@58.593C soc2@57C soc0@57.75C gpu@58.031C tj@59.125C soc1@59.125C VDD_IN 9476mW/9472mW VDD_CPU_GPU_CV 3230mW/3239mW VDD_SOC 2703mW/2705mW
08-04-2026 16:45:38 RAM 3876/7620MB (lfb 1x1MB) SWAP 2214/12002MB (cached 117MB) CPU [0%@1728,0%@1728,0%@1728,0%@1728,100%@1728,0%@1728] GR3D_FREQ 19% cpu@58.312C soc2@56.968C soc0@57.75C gpu@58.218C tj@59.156C soc1@59.156C VDD_IN 9435mW/9472mW VDD_CPU_GPU_CV 3230mW/3239mW VDD_SOC 2703mW/2705mW
08-04-2026 16:45:38 RAM 3876/7620MB (lfb 1x1MB) SWAP 2214/12002MB (cached 117MB) CPU [0%@1728,8%@1728,0%@1728,0%@1728,100%@1728,0%@1728] GR3D_FREQ 19% cpu@58.25C soc2@56.906C soc0@57.75C gpu@58.125C tj@59.156C soc1@59.156C VDD_IN 9476mW/9472mW VDD_CPU_GPU_CV 3230mW/3239mW VDD_SOC 2703mW/2705mW
08-04-2026 16:45:38 RAM 3876/7620MB (lfb 1x1MB) SWAP 2214/12002MB (cached 117MB) CPU [0%@1728,0%@1728,0%@1728,0%@1728,100%@1728,0%@1728] GR3D_FREQ 19% cpu@58.218C soc2@56.968C soc0@57.781C gpu@58C tj@59.312C soc1@59.312C VDD_IN 9476mW/9472mW VDD_CPU_GPU_CV 3230mW/3239mW VDD_SOC 2703mW/2705mW
08-04-2026 16:45:38 RAM 3876/7620MB (lfb 1x1MB) SWAP 2214/12002MB (cached 117MB) CPU [0%@1728,0%@1728,0%@1728,0%@1728,100%@1728,0%@1728] GR3D_FREQ 19% cpu@58.281C soc2@56.968C soc0@58.031C gpu@58.281C tj@59.468C soc1@59.468C VDD_IN 9476mW/9472mW VDD_CPU_GPU_CV 3230mW/3239mW VDD_SOC 2703mW/2705mW
08-04-2026 16:45:38 RAM 3876/7620MB (lfb 1x1MB) SWAP 2214/12002MB (cached 117MB) CPU [0%@1728,0%@1728,0%@1728,0%@1728,100%@1728,0%@1728] GR3D_FREQ 19% cpu@58.281C soc2@56.906C soc0@57.75C gpu@58.187C tj@59.156C soc1@59.156C VDD_IN 9435mW/9471mW VDD_CPU_GPU_CV 3230mW/3239mW VDD_SOC 2703mW/2705mW
08-04-2026 16:45:38 RAM 3876/7620MB (lfb 1x1MB) SWAP 2214/12002MB (cached 117MB) CPU [0%@1728,0%@1728,0%@1728,0%@1728,100%@1728,0%@1728] GR3D_FREQ 19% cpu@58.218C soc2@56.906C soc0@57.781C gpu@58.156C tj@59.062C soc1@59.062C VDD_IN 9476mW/9471mW VDD_CPU_GPU_CV 3230mW/3239mW VDD_SOC 2703mW/2705mW
08-04-2026 16:45:38 RAM 3876/7620MB (lfb 1x1MB) SWAP 2214/12002MB (cached 117MB) CPU [0%@1728,0%@1728,0%@1728,0%@1728,100%@1728,0%@1728] GR3D_FREQ 19% cpu@58.187C soc2@56.968C soc0@57.781C gpu@58.312C tj@59.281C soc1@59.281C VDD_IN 9476mW/9471mW VDD_CPU_GPU_CV 3230mW/3239mW VDD_SOC 2703mW/2705mW
08-04-2026 16:45:38 RAM 3876/7620MB (lfb 1x1MB) SWAP 2214/12002MB (cached 117MB) CPU [0%@1728,0%@1728,0%@1728,0%@1728,100%@1728,0%@1728] GR3D_FREQ 19% cpu@58.187C soc2@56.937C soc0@57.906C gpu@58.187C tj@59.406C soc1@59.406C VDD_IN 9476mW/9472mW VDD_CPU_GPU_CV 3230mW/3239mW VDD_SOC 2703mW/2705mW
08-04-2026 16:45:38 RAM 3876/7620MB (lfb 1x1MB) SWAP 2214/12002MB (cached 117MB) CPU [0%@1728,0%@1728,0%@1728,0%@1728,100%@1728,9%@1728] GR3D_FREQ 19% cpu@58.687C soc2@57.031C soc0@57.687C gpu@58.281C tj@59.062C soc1@59.062C VDD_IN 9476mW/9472mW VDD_CPU_GPU_CV 3230mW/3239mW VDD_SOC 2703mW/2705mW
08-04-2026 16:45:38 RAM 3876/7620MB (lfb 1x1MB) SWAP 2214/12002MB (cached 117MB) CPU [0%@1728,0%@1728,0%@1728,10%@1728,100%@1728,0%@1728] GR3D_FREQ 19% cpu@58.312C soc2@57C soc0@57.781C gpu@58.281C tj@59.218C soc1@59.218C VDD_IN 9476mW/9472mW VDD_CPU_GPU_CV 3230mW/3239mW VDD_SOC 2703mW/2705mW
08-04-2026 16:45:39 RAM 3876/7620MB (lfb 1x1MB) SWAP 2214/12002MB (cached 117MB) CPU [0%@1728,0%@1728,0%@1728,0%@1728,100%@1728,0%@1728] GR3D_FREQ 19% cpu@58.187C soc2@56.906C soc0@57.75C gpu@58.156C tj@59.187C soc1@59.187C VDD_IN 9435mW/9471mW VDD_CPU_GPU_CV 3230mW/3239mW VDD_SOC 2703mW/2705mW
08-04-2026 16:45:39 RAM 3878/7620MB (lfb 1x1MB) SWAP 2214/12002MB (cached 117MB) CPU [0%@1728,27%@1728,9%@1728,0%@1728,100%@1728,0%@1728] GR3D_FREQ 20% cpu@58.218C soc2@56.906C soc0@57.875C gpu@58.25C tj@59.25C soc1@59.25C VDD_IN 9517mW/9472mW VDD_CPU_GPU_CV 3271mW/3239mW VDD_SOC 2703mW/2705mW
08-04-2026 16:45:39 RAM 3876/7620MB (lfb 1x1MB) SWAP 2214/12002MB (cached 117MB) CPU [16%@1728,8%@1728,10%@1728,9%@1728,100%@1728,0%@1728] GR3D_FREQ 19% cpu@58.75C soc2@57.062C soc0@58.125C gpu@58.25C tj@59.406C soc1@59.406C VDD_IN 9517mW/9472mW VDD_CPU_GPU_CV 3271mW/3239mW VDD_SOC 2703mW/2705mW
08-04-2026 16:45:39 RAM 3876/7620MB (lfb 1x1MB) SWAP 2214/12002MB (cached 117MB) CPU [0%@1728,0%@1728,0%@1728,0%@1728,100%@1728,0%@1728] GR3D_FREQ 18% cpu@58.25C soc2@56.968C soc0@57.75C gpu@58.093C tj@59.156C soc1@59.156C VDD_IN 9517mW/9472mW VDD_CPU_GPU_CV 3312mW/3239mW VDD_SOC 2703mW/2705mW
08-04-2026 16:45:39 RAM 3876/7620MB (lfb 1x1MB) SWAP 2214/12002MB (cached 117MB) CPU [0%@1728,9%@1728,0%@1728,0%@1728,100%@1728,0%@1728] GR3D_FREQ 20% cpu@58.218C soc2@56.968C soc0@57.781C gpu@58.281C tj@59.218C soc1@59.218C VDD_IN 9517mW/9472mW VDD_CPU_GPU_CV 3271mW/3239mW VDD_SOC 2703mW/2705mW
08-04-2026 16:45:39 RAM 3876/7620MB (lfb 1x1MB) SWAP 2214/12002MB (cached 117MB) CPU [9%@1728,0%@1728,0%@1728,0%@1728,100%@1728,0%@1728] GR3D_FREQ 20% cpu@58.312C soc2@56.968C soc0@57.812C gpu@58.25C tj@59.281C soc1@59.281C VDD_IN 9517mW/9472mW VDD_CPU_GPU_CV 3271mW/3239mW VDD_SOC 2703mW/2705mW
08-04-2026 16:45:39 RAM 3876/7620MB (lfb 1x1MB) SWAP 2214/12002MB (cached 117MB) CPU [0%@1728,0%@1728,0%@1728,0%@1728,100%@1728,0%@1728] GR3D_FREQ 20% cpu@58.25C soc2@57.031C soc0@57.906C gpu@58.125C tj@59.437C soc1@59.437C VDD_IN 9476mW/9472mW VDD_CPU_GPU_CV 3230mW/3239mW VDD_SOC 2703mW/2705mW
08-04-2026 16:45:39 RAM 3876/7620MB (lfb 1x1MB) SWAP 2214/12002MB (cached 117MB) CPU [0%@1728,0%@1728,0%@1728,0%@1728,90%@1728,0%@1728] GR3D_FREQ 19% cpu@58.156C soc2@57.062C soc0@57.75C gpu@58.312C tj@59.093C soc1@59.093C VDD_IN 9476mW/9472mW VDD_CPU_GPU_CV 3230mW/3239mW VDD_SOC 2703mW/2705mW
08-04-2026 16:45:39 RAM 3876/7620MB (lfb 1x1MB) SWAP 2214/12002MB (cached 117MB) CPU [0%@1728,0%@1728,0%@1728,0%@1728,100%@1728,0%@1728] GR3D_FREQ 20% cpu@58.218C soc2@56.875C soc0@57.843C gpu@58.218C tj@59.218C soc1@59.218C VDD_IN 9476mW/9472mW VDD_CPU_GPU_CV 3230mW/3239mW VDD_SOC 2703mW/2705mW
08-04-2026 16:45:40 RAM 3876/7620MB (lfb 1x1MB) SWAP 2214/12002MB (cached 117MB) CPU [8%@1728,0%@1728,0%@1728,0%@1728,100%@1728,0%@1728] GR3D_FREQ 21% cpu@58.218C soc2@56.937C soc0@57.781C gpu@58.093C tj@59.312C soc1@59.312C VDD_IN 9476mW/9472mW VDD_CPU_GPU_CV 3230mW/3239mW VDD_SOC 2703mW/2705mW
08-04-2026 16:45:40 RAM 3876/7620MB (lfb 1x1MB) SWAP 2214/12002MB (cached 117MB) CPU [0%@1728,0%@1728,0%@1728,0%@1728,100%@1728,0%@1728] GR3D_FREQ 19% cpu@58.312C soc2@57C soc0@57.875C gpu@58.312C tj@59.406C soc1@59.406C VDD_IN 9476mW/9472mW VDD_CPU_GPU_CV 3230mW/3239mW VDD_SOC 2703mW/2705mW
08-04-2026 16:45:40 RAM 3876/7620MB (lfb 1x1MB) SWAP 2214/12002MB (cached 117MB) CPU [0%@1728,0%@1728,0%@1728,0%@1728,100%@1728,0%@1728] GR3D_FREQ 22% cpu@58.625C soc2@57C soc0@57.593C gpu@58.218C tj@59.187C soc1@59.187C VDD_IN 9476mW/9472mW VDD_CPU_GPU_CV 3230mW/3239mW VDD_SOC 2703mW/2705mW
08-04-2026 16:45:40 RAM 3876/7620MB (lfb 1x1MB) SWAP 2214/12002MB (cached 117MB) CPU [0%@1728,0%@1728,0%@1728,9%@1728,100%@1728,0%@1728] GR3D_FREQ 20% cpu@58.218C soc2@56.906C soc0@57.75C gpu@58.093C tj@59.218C soc1@59.218C VDD_IN 9476mW/9472mW VDD_CPU_GPU_CV 3230mW/3239mW VDD_SOC 2703mW/2705mW
08-04-2026 16:45:40 RAM 3876/7620MB (lfb 1x1MB) SWAP 2214/12002MB (cached 117MB) CPU [0%@1728,0%@1728,0%@1728,0%@1728,100%@1728,0%@1728] GR3D_FREQ 22% cpu@58.312C soc2@56.968C soc0@57.75C gpu@58.281C tj@59.218C soc1@59.218C VDD_IN 9476mW/9472mW VDD_CPU_GPU_CV 3230mW/3239mW VDD_SOC 2703mW/2705mW
08-04-2026 16:45:40 RAM 3876/7620MB (lfb 1x1MB) SWAP 2214/12002MB (cached 117MB) CPU [18%@1728,0%@1728,0%@1728,0%@1728,100%@1728,0%@1728] GR3D_FREQ 19% cpu@58.312C soc2@56.968C soc0@57.843C gpu@58.218C tj@59.312C soc1@59.312C VDD_IN 9476mW/9472mW VDD_CPU_GPU_CV 3271mW/3239mW VDD_SOC 2703mW/2705mW
08-04-2026 16:45:40 RAM 3876/7620MB (lfb 1x1MB) SWAP 2214/12002MB (cached 117MB) CPU [0%@1728,8%@1728,0%@1728,9%@1728,100%@1728,0%@1728] GR3D_FREQ 22% cpu@58.25C soc2@57.031C soc0@58C gpu@58.093C tj@59.406C soc1@59.406C VDD_IN 9517mW/9472mW VDD_CPU_GPU_CV 3230mW/3239mW VDD_SOC 2703mW/2705mW
08-04-2026 16:45:40 RAM 3876/7620MB (lfb 1x1MB) SWAP 2214/12002MB (cached 117MB) CPU [0%@1728,0%@1728,0%@1728,0%@1728,100%@1728,0%@1728] GR3D_FREQ 19% cpu@58.218C soc2@56.906C soc0@57.718C gpu@58.281C tj@59.125C soc1@59.125C VDD_IN 9476mW/9472mW VDD_CPU_GPU_CV 3230mW/3239mW VDD_SOC 2703mW/2705mW
08-04-2026 16:45:40 RAM 3876/7620MB (lfb 1x1MB) SWAP 2214/12002MB (cached 117MB) CPU [0%@1728,0%@1728,0%@1728,0%@1728,100%@1728,9%@1728] GR3D_FREQ 22% cpu@58.187C soc2@57.031C soc0@57.75C gpu@58.125C tj@59.156C soc1@59.156C VDD_IN 9476mW/9472mW VDD_CPU_GPU_CV 3230mW/3239mW VDD_SOC 2703mW/2705mW
08-04-2026 16:45:40 RAM 3876/7620MB (lfb 1x1MB) SWAP 2214/12002MB (cached 117MB) CPU [0%@1728,8%@1728,0%@1728,9%@1728,100%@1728,0%@1728] GR3D_FREQ 19% cpu@58.25C soc2@57.031C soc0@57.843C gpu@58.125C tj@59.218C soc1@59.218C VDD_IN 9476mW/9472mW VDD_CPU_GPU_CV 3230mW/3239mW VDD_SOC 2703mW/2705mW
08-04-2026 16:45:41 RAM 3876/7620MB (lfb 1x1MB) SWAP 2214/12002MB (cached 117MB) CPU [0%@1728,0%@1728,0%@1728,0%@1728,100%@1728,0%@1728] GR3D_FREQ 22% cpu@58.218C soc2@57.062C soc0@57.968C gpu@58.156C tj@59.406C soc1@59.406C VDD_IN 9476mW/9472mW VDD_CPU_GPU_CV 3230mW/3239mW VDD_SOC 2703mW/2705mW
08-04-2026 16:45:41 RAM 3876/7620MB (lfb 1x1MB) SWAP 2214/12002MB (cached 117MB) CPU [0%@1728,0%@1728,9%@1728,0%@1728,100%@1728,0%@1728] GR3D_FREQ 20% cpu@58.718C soc2@56.968C soc0@57.75C gpu@58.156C tj@59.218C soc1@59.218C VDD_IN 9476mW/9472mW VDD_CPU_GPU_CV 3230mW/3239mW VDD_SOC 2703mW/2705mW
08-04-2026 16:45:41 RAM 3876/7620MB (lfb 1x1MB) SWAP 2214/12002MB (cached 117MB) CPU [0%@1728,0%@1728,0%@1728,0%@1728,100%@1728,0%@1728] GR3D_FREQ 22% cpu@58.218C soc2@56.875C soc0@57.75C gpu@58.625C tj@59.187C soc1@59.187C VDD_IN 9476mW/9472mW VDD_CPU_GPU_CV 3230mW/3239mW VDD_SOC 2703mW/2705mW
08-04-2026 16:45:41 RAM 3876/7620MB (lfb 1x1MB) SWAP 2214/12002MB (cached 117MB) CPU [9%@1728,0%@1728,0%@1728,0%@1728,100%@1728,0%@1728] GR3D_FREQ 19% cpu@58.187C soc2@56.937C soc0@57.75C gpu@58.218C tj@59.218C soc1@59.218C VDD_IN 9476mW/9472mW VDD_CPU_GPU_CV 3230mW/3239mW VDD_SOC 2703mW/2705mW
08-04-2026 16:45:41 RAM 3876/7620MB (lfb 1x1MB) SWAP 2214/12002MB (cached 117MB) CPU [0%@1728,0%@1728,0%@1728,0%@1728,100%@1728,0%@1728] GR3D_FREQ 22% cpu@58.343C soc2@56.968C soc0@57.781C gpu@58.093C tj@59.312C soc1@59.312C VDD_IN 9476mW/9472mW VDD_CPU_GPU_CV 3230mW/3239mW VDD_SOC 2703mW/2705mW
08-04-2026 16:45:41 RAM 3876/7620MB (lfb 1x1MB) SWAP 2214/12002MB (cached 117MB) CPU [0%@1728,9%@1728,0%@1728,0%@1728,100%@1728,0%@1728] GR3D_FREQ 20% cpu@58.656C soc2@57C soc0@58C gpu@58.281C tj@59.5C soc1@59.5C VDD_IN 9435mW/9472mW VDD_CPU_GPU_CV 3271mW/3239mW VDD_SOC 2703mW/2705mW
08-04-2026 16:45:41 RAM 3876/7620MB (lfb 1x1MB) SWAP 2214/12002MB (cached 117MB) CPU [0%@1728,0%@1728,0%@1728,0%@1728,100%@1728,0%@1728] GR3D_FREQ 23% cpu@58.25C soc2@56.968C soc0@57.75C gpu@58.187C tj@59.218C soc1@59.218C VDD_IN 9476mW/9472mW VDD_CPU_GPU_CV 3230mW/3239mW VDD_SOC 2703mW/2705mW
08-04-2026 16:45:41 RAM 3876/7620MB (lfb 1x1MB) SWAP 2214/12002MB (cached 117MB) CPU [0%@1728,0%@1728,0%@1728,0%@1728,100%@1728,0%@1728] GR3D_FREQ 19% cpu@58.156C soc2@56.906C soc0@57.75C gpu@58.093C tj@59.25C soc1@59.25C VDD_IN 9435mW/9472mW VDD_CPU_GPU_CV 3230mW/3239mW VDD_SOC 2703mW/2705mW
08-04-2026 16:45:41 RAM 3876/7620MB (lfb 1x1MB) SWAP 2214/12002MB (cached 117MB) CPU [0%@1728,0%@1728,0%@1728,0%@1728,100%@1728,0%@1728] GR3D_FREQ 24% cpu@58.218C soc2@56.968C soc0@57.875C gpu@58.218C tj@59.312C soc1@59.312C VDD_IN 9476mW/9472mW VDD_CPU_GPU_CV 3230mW/3239mW VDD_SOC 2703mW/2705mW
08-04-2026 16:45:42 RAM 3876/7620MB (lfb 1x1MB) SWAP 2214/12002MB (cached 117MB) CPU [0%@1728,0%@1728,0%@1728,9%@1728,100%@1728,0%@1728] GR3D_FREQ 19% cpu@58.281C soc2@57.031C soc0@57.906C gpu@58.187C tj@59.343C soc1@59.343C VDD_IN 9435mW/9472mW VDD_CPU_GPU_CV 3230mW/3239mW VDD_SOC 2703mW/2705mW
08-04-2026 16:45:42 RAM 3876/7620MB (lfb 1x1MB) SWAP 2214/12002MB (cached 117MB) CPU [0%@1728,0%@1728,0%@1728,9%@1728,100%@1728,0%@1728] GR3D_FREQ 23% cpu@58.218C soc2@56.937C soc0@57.75C gpu@58.093C tj@59.218C soc1@59.218C VDD_IN 9476mW/9472mW VDD_CPU_GPU_CV 3230mW/3239mW VDD_SOC 2703mW/2705mW
08-04-2026 16:45:42 RAM 3876/7620MB (lfb 1x1MB) SWAP 2214/12002MB (cached 117MB) CPU [0%@1728,0%@1728,0%@1728,15%@1728,100%@1728,0%@1728] GR3D_FREQ 19% cpu@58.187C soc2@56.906C soc0@57.75C gpu@58.187C tj@59.25C soc1@59.25C VDD_IN 9435mW/9472mW VDD_CPU_GPU_CV 3230mW/3239mW VDD_SOC 2703mW/2705mW
08-04-2026 16:45:42 RAM 3876/7620MB (lfb 1x1MB) SWAP 2214/12002MB (cached 117MB) CPU [0%@1728,0%@1728,0%@1728,0%@1728,100%@1728,0%@1728] GR3D_FREQ 23% cpu@58.343C soc2@56.937C soc0@57.781C gpu@58.187C tj@59.312C soc1@59.312C VDD_IN 9476mW/9472mW VDD_CPU_GPU_CV 3230mW/3239mW VDD_SOC 2703mW/2705mW
08-04-2026 16:45:42 RAM 3882/7620MB (lfb 1x1MB) SWAP 2214/12002MB (cached 117MB) CPU [0%@1728,20%@1728,0%@1728,9%@1728,100%@1728,0%@1728] GR3D_FREQ 19% cpu@58.281C soc2@57C soc0@57.843C gpu@58.093C tj@59.343C soc1@59.343C VDD_IN 9517mW/9472mW VDD_CPU_GPU_CV 3271mW/3239mW VDD_SOC 2703mW/2705mW
08-04-2026 16:45:42 RAM 3875/7620MB (lfb 1x1MB) SWAP 2214/12002MB (cached 117MB) CPU [9%@1728,0%@1728,9%@1728,0%@1728,100%@1728,0%@1728] GR3D_FREQ 23% cpu@58.625C soc2@57.062C soc0@57.656C gpu@58.187C tj@59.093C soc1@59.187C VDD_IN 9558mW/9472mW VDD_CPU_GPU_CV 3271mW/3239mW VDD_SOC 2703mW/2705mW
08-04-2026 16:45:42 RAM 3875/7620MB (lfb 1x1MB) SWAP 2214/12002MB (cached 117MB) CPU [0%@1728,0%@1728,0%@1728,0%@1728,100%@1728,0%@1728] GR3D_FREQ 19% cpu@58.343C soc2@56.906C soc0@57.75C gpu@58.093C tj@59.187C soc1@59.187C VDD_IN 9517mW/9472mW VDD_CPU_GPU_CV 3230mW/3239mW VDD_SOC 2703mW/2705mW
08-04-2026 16:45:42 RAM 3875/7620MB (lfb 1x1MB) SWAP 2214/12002MB (cached 117MB) CPU [0%@1728,0%@1728,0%@1728,0%@1728,100%@1728,0%@1728] GR3D_FREQ 23% cpu@58.218C soc2@56.937C soc0@57.781C gpu@58.093C tj@59.281C soc1@59.281C VDD_IN 9517mW/9472mW VDD_CPU_GPU_CV 3271mW/3239mW VDD_SOC 2703mW/2705mW
08-04-2026 16:45:42 RAM 3875/7620MB (lfb 1x1MB) SWAP 2214/12002MB (cached 117MB) CPU [0%@1728,0%@1728,0%@1728,0%@1728,100%@1728,0%@1728] GR3D_FREQ 19% cpu@58.375C soc2@56.937C soc0@57.812C gpu@58.218C tj@59.312C soc1@59.406C VDD_IN 9517mW/9472mW VDD_CPU_GPU_CV 3230mW/3239mW VDD_SOC 2703mW/2705mW
08-04-2026 16:45:42 RAM 3875/7620MB (lfb 1x1MB) SWAP 2214/12002MB (cached 117MB) CPU [9%@1728,0%@1728,0%@1728,0%@1728,100%@1728,0%@1728] GR3D_FREQ 23% cpu@58.531C soc2@57.062C soc0@58C gpu@58.125C tj@59.406C soc1@59.406C VDD_IN 9517mW/9472mW VDD_CPU_GPU_CV 3271mW/3239mW VDD_SOC 2703mW/2705mW
08-04-2026 16:45:43 RAM 3875/7620MB (lfb 1x1MB) SWAP 2214/12002MB (cached 117MB) CPU [0%@1728,0%@1728,0%@1728,0%@1728,100%@1728,0%@1728] GR3D_FREQ 19% cpu@58.156C soc2@56.937C soc0@57.75C gpu@58.562C tj@59.218C soc1@59.218C VDD_IN 9476mW/9472mW VDD_CPU_GPU_CV 3230mW/3239mW VDD_SOC 2703mW/2705mW
08-04-2026 16:45:43 RAM 3875/7620MB (lfb 1x1MB) SWAP 2214/12002MB (cached 117MB) CPU [0%@1728,0%@1728,0%@1728,0%@1728,100%@1728,0%@1728] GR3D_FREQ 22% cpu@58.25C soc2@57C soc0@57.812C gpu@58.125C tj@59.218C soc1@59.218C VDD_IN 9476mW/9472mW VDD_CPU_GPU_CV 3230mW/3239mW VDD_SOC 2703mW/2705mW
08-04-2026 16:45:43 RAM 3875/7620MB (lfb 1x1MB) SWAP 2214/12002MB (cached 117MB) CPU [0%@1728,0%@1728,0%@1728,0%@1728,100%@1728,0%@1728] GR3D_FREQ 20% cpu@58.218C soc2@57C soc0@57.812C gpu@58.093C tj@59.375C soc1@59.375C VDD_IN 9476mW/9472mW VDD_CPU_GPU_CV 3230mW/3239mW VDD_SOC 2703mW/2705mW
08-04-2026 16:45:43 RAM 3874/7620MB (lfb 1x1MB) SWAP 2214/12002MB (cached 117MB) CPU [0%@1728,9%@1728,0%@1728,0%@1728,100%@1728,0%@1728] GR3D_FREQ 22% cpu@58.187C soc2@57.031C soc0@57.812C gpu@58.25C tj@59.406C soc1@59.406C VDD_IN 9476mW/9472mW VDD_CPU_GPU_CV 3230mW/3239mW VDD_SOC 2703mW/2705mW
08-04-2026 16:45:43 RAM 3874/7620MB (lfb 1x1MB) SWAP 2214/12002MB (cached 117MB) CPU [9%@1728,0%@1728,0%@1728,0%@1728,100%@1728,0%@1728] GR3D_FREQ 19% cpu@58.656C soc2@56.875C soc0@57.718C gpu@58.093C tj@59.156C soc1@59.156C VDD_IN 9476mW/9472mW VDD_CPU_GPU_CV 3230mW/3239mW VDD_SOC 2703mW/2705mW
08-04-2026 16:45:43 RAM 3874/7620MB (lfb 1x1MB) SWAP 2214/12002MB (cached 117MB) CPU [9%@1728,9%@1728,0%@1728,0%@1728,91%@1728,0%@1728] GR3D_FREQ 23% cpu@58.281C soc2@57C soc0@57.812C gpu@58.062C tj@59.25C soc1@59.25C VDD_IN 9476mW/9472mW VDD_CPU_GPU_CV 3230mW/3239mW VDD_SOC 2703mW/2705mW
08-04-2026 16:45:43 RAM 3874/7620MB (lfb 1x1MB) SWAP 2214/12002MB (cached 117MB) CPU [0%@1728,0%@1728,0%@1728,0%@1728,100%@1728,0%@1728] GR3D_FREQ 19% cpu@58.25C soc2@56.937C soc0@57.937C gpu@58.25C tj@59.218C soc1@59.218C VDD_IN 9476mW/9472mW VDD_CPU_GPU_CV 3230mW/3239mW VDD_SOC 2703mW/2705mW
