08-04-2026 08:48:36 RAM 3599/7620MB (lfb 53x1MB) SWAP 2644/12002MB (cached 127MB) CPU [0%@1728,0%@1728,0%@1728,0%@1728,8%@1728,9%@1728] GR3D_FREQ 0% cpu@70.062C soc2@69C soc0@70.25C gpu@70.062C tj@71.062C soc1@71.062C VDD_IN 7999mW/7999mW VDD_CPU_GPU_CV 1843mW/1843mW VDD_SOC 2748mW/2748mW
08-04-2026 08:48:36 RAM 3599/7620MB (lfb 53x1MB) SWAP 2644/12002MB (cached 127MB) CPU [0%@1728,0%@1728,9%@1728,9%@1728,0%@1728,0%@1728] GR3D_FREQ 0% cpu@70.343C soc2@68.812C soc0@70.25C gpu@70.218C tj@70.875C soc1@70.875C VDD_IN 7999mW/7999mW VDD_CPU_GPU_CV 1843mW/1843mW VDD_SOC 2748mW/2748mW
08-04-2026 08:48:36 RAM 3602/7620MB (lfb 53x1MB) SWAP 2644/12002MB (cached 127MB) CPU [16%@1728,27%@1728,10%@1728,0%@1728,16%@1728,0%@1728] GR3D_FREQ 0% cpu@70.062C soc2@68.843C soc0@69.937C gpu@70.125C tj@71.031C soc1@71.031C VDD_IN 8081mW/8026mW VDD_CPU_GPU_CV 1925mW/1870mW VDD_SOC 2748mW/2748mW
08-04-2026 08:48:36 RAM 3608/7620MB (lfb 53x1MB) SWAP 2644/12002MB (cached 127MB) CPU [9%@1728,100%@1728,0%@1728,0%@1728,0%@1728,0%@1728] GR3D_FREQ 1% cpu@70.187C soc2@68.812C soc0@70.062C gpu@69.968C tj@71.062C soc1@71C VDD_IN 8286mW/8091mW VDD_CPU_GPU_CV 2085mW/1924mW VDD_SOC 2744mW/2747mW
08-04-2026 08:48:36 RAM 3617/7620MB (lfb 53x1MB) SWAP 2644/12002MB (cached 127MB) CPU [0%@1728,100%@1728,0%@1728,0%@1728,0%@1728,0%@1728] GR3D_FREQ 0% cpu@70.093C soc2@68.906C soc0@70.093C gpu@69.843C tj@71.031C soc1@71.031C VDD_IN 8327mW/8138mW VDD_CPU_GPU_CV 2126mW/1964mW VDD_SOC 2744mW/2746mW
08-04-2026 08:48:36 RAM 3694/7620MB (lfb 53x1MB) SWAP 2644/12002MB (cached 127MB) CPU [50%@1728,100%@1728,60%@1728,60%@1728,40%@1728,40%@1728] GR3D_FREQ 0% cpu@70.812C soc2@68.968C soc0@69.906C gpu@69.937C tj@70.875C soc1@70.875C VDD_IN 8765mW/8243mW VDD_CPU_GPU_CV 2494mW/2053mW VDD_SOC 2785mW/2753mW
08-04-2026 08:48:36 RAM 3706/7620MB (lfb 53x1MB) SWAP 2644/12002MB (cached 127MB) CPU [20%@1728,100%@1728,27%@1728,20%@1728,27%@1728,27%@1728] GR3D_FREQ 0% cpu@70.187C soc2@68.937C soc0@69.875C gpu@69.968C tj@70.875C soc1@70.875C VDD_IN 8929mW/8341mW VDD_CPU_GPU_CV 2617mW/2133mW VDD_SOC 2785mW/2757mW
08-04-2026 08:48:37 RAM 3716/7620MB (lfb 53x1MB) SWAP 2644/12002MB (cached 127MB) CPU [9%@1728,100%@1728,0%@1728,9%@1728,0%@1728,0%@1728] GR3D_FREQ 0% cpu@70.218C soc2@68.937C soc0@70C gpu@69.812C tj@71C soc1@71C VDD_IN 8888mW/8409mW VDD_CPU_GPU_CV 2617mW/2194mW VDD_SOC 2744mW/2756mW
08-04-2026 08:48:37 RAM 3724/7620MB (lfb 53x1MB) SWAP 2644/12002MB (cached 127MB) CPU [0%@1728,100%@1728,0%@1728,9%@1728,9%@1728,0%@1728] GR3D_FREQ 0% cpu@70.187C soc2@68.906C soc0@70.031C gpu@70.218C tj@71.093C soc1@71.093C VDD_IN 8847mW/8458mW VDD_CPU_GPU_CV 2576mW/2236mW VDD_SOC 2744mW/2754mW
08-04-2026 08:48:37 RAM 3741/7620MB (lfb 53x1MB) SWAP 2644/12002MB (cached 127MB) CPU [9%@1728,100%@1728,0%@1728,0%@1728,0%@1728,0%@1728] GR3D_FREQ 0% cpu@70.531C soc2@68.843C soc0@69.875C gpu@69.906C tj@70.906C soc1@70.906C VDD_IN 8847mW/8497mW VDD_CPU_GPU_CV 2576mW/2270mW VDD_SOC 2744mW/2753mW
08-04-2026 08:48:37 RAM 3749/7620MB (lfb 53x1MB) SWAP 2644/12002MB (cached 127MB) CPU [70%@1728,100%@1728,60%@1728,63%@1728,66%@1728,70%@1728] GR3D_FREQ 0% cpu@70.375C soc2@68.906C soc0@69.875C gpu@69.781C tj@70.875C soc1@70.875C VDD_IN 9011mW/8544mW VDD_CPU_GPU_CV 2694mW/2309mW VDD_SOC 2785mW/2756mW
08-04-2026 08:48:37 RAM 3760/7620MB (lfb 53x1MB) SWAP 2644/12002MB (cached 127MB) CPU [0%@1728,100%@1728,0%@1728,18%@1728,0%@1728,9%@1728] GR3D_FREQ 0% cpu@70.25C soc2@68.875C soc0@69.906C gpu@70.125C tj@70.968C soc1@70.968C VDD_IN 9011mW/8582mW VDD_CPU_GPU_CV 2694mW/2341mW VDD_SOC 2785mW/2759mW
08-04-2026 08:48:37 RAM 3762/7620MB (lfb 53x1MB) SWAP 2644/12002MB (cached 127MB) CPU [9%@1728,100%@1728,9%@1728,0%@1728,0%@1728,0%@1728] GR3D_FREQ 0% cpu@70.156C soc2@68.937C soc0@69.906C gpu@69.812C tj@71.062C soc1@71.062C VDD_IN 9011mW/8615mW VDD_CPU_GPU_CV 2654mW/2365mW VDD_SOC 2785mW/2761mW
08-04-2026 08:48:37 RAM 3767/7620MB (lfb 53x1MB) SWAP 2644/12002MB (cached 127MB) CPU [10%@1728,100%@1728,8%@1728,9%@1728,9%@1728,0%@1728] GR3D_FREQ 0% cpu@70.468C soc2@68.906C soc0@70.062C gpu@69.75C tj@70.781C soc1@70.781C VDD_IN 9011mW/8644mW VDD_CPU_GPU_CV 2658mW/2386mW VDD_SOC 2785mW/2762mW
08-04-2026 08:48:37 RAM 3772/7620MB (lfb 53x1MB) SWAP 2644/12002MB (cached 127MB) CPU [30%@1728,100%@1728,20%@1728,10%@1728,0%@1728,0%@1728] GR3D_FREQ 0% cpu@70.343C soc2@68.843C soc0@69.843C gpu@70.218C tj@70.906C soc1@70.906C VDD_IN 9052mW/8671mW VDD_CPU_GPU_CV 2694mW/2406mW VDD_SOC 2785mW/2764mW
08-04-2026 08:48:37 RAM 3777/7620MB (lfb 53x1MB) SWAP 2644/12002MB (cached 127MB) CPU [0%@1728,100%@1728,0%@1728,9%@1728,9%@1728,10%@1728] GR3D_FREQ 0% cpu@70.125C soc2@68.812C soc0@69.812C gpu@69.812C tj@70.843C soc1@70.843C VDD_IN 9011mW/8692mW VDD_CPU_GPU_CV 2658mW/2422mW VDD_SOC 2785mW/2765mW
08-04-2026 08:48:37 RAM 3779/7620MB (lfb 53x1MB) SWAP 2644/12002MB (cached 127MB) CPU [0%@1728,100%@1728,8%@1728,0%@1728,0%@1728,0%@1728] GR3D_FREQ 0% cpu@70.125C soc2@68.75C soc0@69.968C gpu@70.156C tj@71C soc1@71C VDD_IN 8970mW/8709mW VDD_CPU_GPU_CV 2617mW/2434mW VDD_SOC 2785mW/2766mW
08-04-2026 08:48:38 RAM 3783/7620MB (lfb 53x1MB) SWAP 2644/12002MB (cached 127MB) CPU [0%@1728,100%@1728,0%@1728,0%@1728,0%@1728,0%@1728] GR3D_FREQ 0% cpu@70.406C soc2@68.812C soc0@69.937C gpu@70C tj@70.75C soc1@70.75C VDD_IN 8929mW/8721mW VDD_CPU_GPU_CV 2617mW/2444mW VDD_SOC 2785mW/2767mW
08-04-2026 08:48:38 RAM 3786/7620MB (lfb 53x1MB) SWAP 2644/12002MB (cached 127MB) CPU [0%@1728,100%@1728,0%@1728,0%@1728,9%@1728,8%@1728] GR3D_FREQ 0% cpu@69.968C soc2@68.781C soc0@69.812C gpu@69.875C tj@70.781C soc1@70.781C VDD_IN 8888mW/8730mW VDD_CPU_GPU_CV 2576mW/2451mW VDD_SOC 2785mW/2768mW
08-04-2026 08:48:38 RAM 3786/7620MB (lfb 53x1MB) SWAP 2644/12002MB (cached 127MB) CPU [8%@1728,100%@1728,9%@1728,9%@1728,0%@1728,9%@1728] GR3D_FREQ 0% cpu@70C soc2@68.75C soc0@69.875C gpu@70.156C tj@70.875C soc1@70.875C VDD_IN 8888mW/8737mW VDD_CPU_GPU_CV 2576mW/2457mW VDD_SOC 2785mW/2769mW
08-04-2026 08:48:38 RAM 3788/7620MB (lfb 53x1MB) SWAP 2644/12002MB (cached 127MB) CPU [10%@1728,100%@1728,0%@1728,10%@1728,16%@1728,10%@1728] GR3D_FREQ 0% cpu@70.062C soc2@68.781C soc0@69.875C gpu@70C tj@70.968C soc1@70.968C VDD_IN 8888mW/8745mW VDD_CPU_GPU_CV 2576mW/2463mW VDD_SOC 2785mW/2770mW
08-04-2026 08:48:38 RAM 3785/7620MB (lfb 53x1MB) SWAP 2644/12002MB (cached 127MB) CPU [20%@1728,100%@1728,30%@1728,33%@1728,10%@1728,9%@1728] GR3D_FREQ 0% cpu@70.5C soc2@68.843C soc0@69.687C gpu@69.781C tj@70.687C soc1@70.687C VDD_IN 9052mW/8759mW VDD_CPU_GPU_CV 2694mW/2473mW VDD_SOC 2785mW/2771mW
08-04-2026 08:48:38 RAM 3786/7620MB (lfb 53x1MB) SWAP 2644/12002MB (cached 127MB) CPU [9%@1728,100%@1728,10%@1728,0%@1728,0%@1728,0%@1728] GR3D_FREQ 0% cpu@70.343C soc2@68.687C soc0@69.687C gpu@69.781C tj@70.718C soc1@70.718C VDD_IN 9052mW/8771mW VDD_CPU_GPU_CV 2654mW/2481mW VDD_SOC 2785mW/2771mW
08-04-2026 08:48:38 RAM 3790/7620MB (lfb 53x1MB) SWAP 2644/12002MB (cached 127MB) CPU [0%@1728,100%@1728,0%@1728,9%@1728,0%@1728,0%@1728] GR3D_FREQ 0% cpu@70.031C soc2@68.718C soc0@69.687C gpu@69.906C tj@70.875C soc1@70.875C VDD_IN 9011mW/8781mW VDD_CPU_GPU_CV 2617mW/2487mW VDD_SOC 2785mW/2772mW
08-04-2026 08:48:38 RAM 3795/7620MB (lfb 53x1MB) SWAP 2644/12002MB (cached 127MB) CPU [9%@1728,100%@1728,10%@1728,18%@1728,18%@1728,9%@1728] GR3D_FREQ 0% cpu@70.187C soc2@68.718C soc0@69.875C gpu@69.875C tj@70.843C soc1@70.843C VDD_IN 9052mW/8792mW VDD_CPU_GPU_CV 2654mW/2493mW VDD_SOC 2785mW/2772mW
08-04-2026 08:48:38 RAM 3797/7620MB (lfb 53x1MB) SWAP 2644/12002MB (cached 127MB) CPU [0%@1728,100%@1728,0%@1728,9%@1728,0%@1728,0%@1728] GR3D_FREQ 0% cpu@70.25C soc2@68.75C soc0@69.625C gpu@69.718C tj@70.718C soc1@70.718C VDD_IN 8970mW/8799mW VDD_CPU_GPU_CV 2617mW/2498mW VDD_SOC 2785mW/2773mW
08-04-2026 08:48:39 RAM 3812/7620MB (lfb 53x1MB) SWAP 2644/12002MB (cached 127MB) CPU [9%@1728,90%@1728,0%@1728,0%@1728,0%@1728,9%@1728] GR3D_FREQ 0% cpu@70.312C soc2@68.687C soc0@69.687C gpu@69.687C tj@70.625C soc1@70.625C VDD_IN 8929mW/8804mW VDD_CPU_GPU_CV 2576mW/2501mW VDD_SOC 2785mW/2773mW
08-04-2026 08:48:39 RAM 3848/7620MB (lfb 53x1MB) SWAP 2644/12002MB (cached 127MB) CPU [9%@1728,100%@1728,0%@1728,0%@1728,0%@1728,0%@1728] GR3D_FREQ 9% cpu@69.906C soc2@68.625C soc0@69.718C gpu@69.781C tj@70.718C soc1@70.718C VDD_IN 8970mW/8810mW VDD_CPU_GPU_CV 2576mW/2504mW VDD_SOC 2785mW/2774mW
08-04-2026 08:48:39 RAM 3860/7620MB (lfb 53x1MB) SWAP 2644/12002MB (cached 127MB) CPU [0%@1728,100%@1728,9%@1728,0%@1728,0%@1728,0%@1728] GR3D_FREQ 0% cpu@70.062C soc2@68.718C soc0@69.843C gpu@69.656C tj@70.843C soc1@70.843C VDD_IN 9011mW/8817mW VDD_CPU_GPU_CV 2576mW/2506mW VDD_SOC 2826mW/2776mW
08-04-2026 08:48:39 RAM 3873/7620MB (lfb 53x1MB) SWAP 2644/12002MB (cached 127MB) CPU [9%@1728,100%@1728,0%@1728,0%@1728,0%@1728,15%@1728] GR3D_FREQ 3% cpu@70.156C soc2@68.687C soc0@69.843C gpu@69.687C tj@70.656C soc1@70.656C VDD_IN 8970mW/8822mW VDD_CPU_GPU_CV 2576mW/2509mW VDD_SOC 2785mW/2776mW
08-04-2026 08:48:39 RAM 3964/7620MB (lfb 53x1MB) SWAP 2644/12002MB (cached 127MB) CPU [0%@1728,90%@1728,18%@1728,25%@1728,9%@1728,0%@1728] GR3D_FREQ 18% cpu@70.312C soc2@68.656C soc0@69.625C gpu@70.218C tj@70.625C soc1@70.781C VDD_IN 9461mW/8842mW VDD_CPU_GPU_CV 2817mW/2518mW VDD_SOC 2903mW/2780mW
08-04-2026 08:48:39 RAM 4004/7620MB (lfb 53x1MB) SWAP 2644/12002MB (cached 127MB) CPU [0%@1728,100%@1728,0%@1728,0%@1728,0%@1728,0%@1728] GR3D_FREQ 0% cpu@70C soc2@68.718C soc0@69.687C gpu@69.718C tj@70.656C soc1@70.781C VDD_IN 9543mW/8864mW VDD_CPU_GPU_CV 2858mW/2529mW VDD_SOC 2944mW/2785mW
08-04-2026 08:48:39 RAM 4021/7620MB (lfb 51x1MB) SWAP 2644/12002MB (cached 127MB) CPU [0%@1728,70%@1728,0%@1728,9%@1728,9%@1728,9%@1728] GR3D_FREQ 5% cpu@70.187C soc2@68.781C soc0@69.781C gpu@70.125C tj@70.875C soc1@70.875C VDD_IN 11106mW/8932mW VDD_CPU_GPU_CV 3622mW/2562mW VDD_SOC 3302mW/2801mW
08-04-2026 08:48:39 RAM 4037/7620MB (lfb 51x1MB) SWAP 2644/12002MB (cached 127MB) CPU [25%@1728,100%@1728,11%@1728,18%@1728,10%@1728,0%@1728] GR3D_FREQ 0% cpu@70.343C soc2@68.781C soc0@69.593C gpu@70.281C tj@70.656C soc1@70.656C VDD_IN 10657mW/8983mW VDD_CPU_GPU_CV 3424mW/2588mW VDD_SOC 3184mW/2812mW
08-04-2026 08:48:39 RAM 4036/7620MB (lfb 51x1MB) SWAP 2644/12002MB (cached 127MB) CPU [0%@1728,100%@1728,0%@1728,0%@1728,0%@1728,16%@1728] GR3D_FREQ 1% cpu@70.187C soc2@68.656C soc0@69.75C gpu@69.718C tj@70.687C soc1@70.687C VDD_IN 10264mW/9020mW VDD_CPU_GPU_CV 3220mW/2606mW VDD_SOC 3103mW/2820mW
08-04-2026 08:48:39 RAM 4036/7620MB (lfb 51x1MB) SWAP 2644/12002MB (cached 127MB) CPU [0%@1728,100%@1728,0%@1728,9%@1728,0%@1728,0%@1728] GR3D_FREQ 0% cpu@69.968C soc2@68.687C soc0@69.718C gpu@69.656C tj@70.75C soc1@70.75C VDD_IN 9937mW/9045mW VDD_CPU_GPU_CV 3057mW/2618mW VDD_SOC 3026mW/2826mW
08-04-2026 08:48:40 RAM 4037/7620MB (lfb 51x1MB) SWAP 2644/12002MB (cached 127MB) CPU [0%@1728,100%@1728,16%@1728,0%@1728,8%@1728,0%@1728] GR3D_FREQ 1% cpu@70C soc2@68.593C soc0@69.718C gpu@70.125C tj@70.843C soc1@70.843C VDD_IN 9666mW/9062mW VDD_CPU_GPU_CV 2939mW/2627mW VDD_SOC 2985mW/2830mW
08-04-2026 08:48:40 RAM 4037/7620MB (lfb 51x1MB) SWAP 2644/12002MB (cached 127MB) CPU [9%@1728,100%@1728,0%@1728,0%@1728,0%@1728,0%@1728] GR3D_FREQ 99% cpu@70.093C soc2@68.937C soc0@69.593C gpu@71.343C tj@71.343C soc1@70.562C VDD_IN 11618mW/9129mW VDD_CPU_GPU_CV 3942mW/2661mW VDD_SOC 3465mW/2847mW
08-04-2026 08:48:40 RAM 4037/7620MB (lfb 51x1MB) SWAP 2644/12002MB (cached 127MB) CPU [9%@1728,81%@1728,60%@1728,16%@1728,27%@1728,0%@1728] GR3D_FREQ 99% cpu@70.625C soc2@69C soc0@69.656C gpu@71.375C tj@71.375C soc1@70.562C VDD_IN 14142mW/9258mW VDD_CPU_GPU_CV 5177mW/2726mW VDD_SOC 4057mW/2878mW
08-04-2026 08:48:40 RAM 4037/7620MB (lfb 51x1MB) SWAP 2644/12002MB (cached 127MB) CPU [0%@1728,0%@1728,9%@1728,18%@1728,100%@1728,0%@1728] GR3D_FREQ 99% cpu@70.562C soc2@69.218C soc0@69.718C gpu@72.062C tj@72.062C soc1@70.656C VDD_IN 16002mW/9426mW VDD_CPU_GPU_CV 6128mW/2811mW VDD_SOC 4489mW/2918mW
08-04-2026 08:48:40 RAM 4037/7620MB (lfb 51x1MB) SWAP 2644/12002MB (cached 127MB) CPU [0%@1728,9%@1728,10%@1728,9%@1728,100%@1728,10%@1728] GR3D_FREQ 99% cpu@70.593C soc2@69.218C soc0@69.875C gpu@72.093C tj@72.093C soc1@70.843C VDD_IN 17365mW/9620mW VDD_CPU_GPU_CV 6872mW/2910mW VDD_SOC 4798mW/2964mW
08-04-2026 08:48:40 RAM 4037/7620MB (lfb 51x1MB) SWAP 2644/12002MB (cached 127MB) CPU [10%@1728,0%@1728,9%@1728,0%@1728,100%@1728,16%@1728] GR3D_FREQ 99% cpu@70.781C soc2@69.343C soc0@69.75C gpu@72.031C tj@72.031C soc1@70.593C VDD_IN 18547mW/9832mW VDD_CPU_GPU_CV 7423mW/3018mW VDD_SOC 5112mW/3015mW
08-04-2026 08:48:40 RAM 4037/7620MB (lfb 51x1MB) SWAP 2644/12002MB (cached 127MB) CPU [0%@1728,0%@1728,0%@1728,9%@1728,100%@1728,9%@1728] GR3D_FREQ 99% cpu@70.843C soc2@69.312C soc0@69.812C gpu@72.531C tj@72.25C soc1@70.687C VDD_IN 19403mW/10055mW VDD_CPU_GPU_CV 7852mW/3130mW VDD_SOC 5265mW/3068mW
08-04-2026 08:48:40 RAM 4037/7620MB (lfb 51x1MB) SWAP 2644/12002MB (cached 127MB) CPU [20%@1728,9%@1728,10%@1728,10%@1728,100%@1728,10%@1728] GR3D_FREQ 99% cpu@70.875C soc2@69.375C soc0@69.937C gpu@72.437C tj@72.437C soc1@70.812C VDD_IN 20096mW/10283mW VDD_CPU_GPU_CV 8200mW/3245mW VDD_SOC 5457mW/3122mW
08-04-2026 08:48:40 RAM 4037/7620MB (lfb 51x1MB) SWAP 2644/12002MB (cached 127MB) CPU [0%@1728,0%@1728,0%@1728,0%@1728,100%@1728,0%@1728] GR3D_FREQ 99% cpu@71.062C soc2@69.593C soc0@69.968C gpu@72.468C tj@72.468C soc1@70.875C VDD_IN 20698mW/10515mW VDD_CPU_GPU_CV 8466mW/3361mW VDD_SOC 5617mW/3177mW
08-04-2026 08:48:41 RAM 4037/7620MB (lfb 51x1MB) SWAP 2644/12002MB (cached 127MB) CPU [0%@1728,0%@1728,0%@1728,0%@1728,100%@1728,0%@1728] GR3D_FREQ 99% cpu@71.343C soc2@69.593C soc0@69.875C gpu@72.531C tj@72.531C soc1@70.718C VDD_IN 21067mW/10744mW VDD_CPU_GPU_CV 8692mW/3477mW VDD_SOC 5689mW/3232mW
08-04-2026 08:48:41 RAM 4037/7620MB (lfb 51x1MB) SWAP 2644/12002MB (cached 127MB) CPU [0%@1728,0%@1728,0%@1728,0%@1728,100%@1728,0%@1728] GR3D_FREQ 99% cpu@71.093C soc2@69.562C soc0@70C gpu@72.562C tj@72.562C soc1@70.781C VDD_IN 21428mW/10971mW VDD_CPU_GPU_CV 8851mW/3591mW VDD_SOC 5809mW/3287mW
08-04-2026 08:48:41 RAM 4037/7620MB (lfb 51x1MB) SWAP 2644/12002MB (cached 127MB) CPU [9%@1728,0%@1728,10%@1728,0%@1728,100%@1728,15%@1728] GR3D_FREQ 99% cpu@71.093C soc2@69.656C soc0@70.156C gpu@72.718C tj@72.718C soc1@70.843C VDD_IN 21709mW/11195mW VDD_CPU_GPU_CV 8971mW/3703mW VDD_SOC 5849mW/3340mW
08-04-2026 08:48:41 RAM 4038/7620MB (lfb 51x1MB) SWAP 2644/12002MB (cached 127MB) CPU [0%@1728,0%@1728,0%@1728,0%@1728,100%@1728,0%@1728] GR3D_FREQ 99% cpu@71.312C soc2@69.718C soc0@70.281C gpu@72.75C tj@72.75C soc1@70.968C VDD_IN 21915mW/11414mW VDD_CPU_GPU_CV 9076mW/3813mW VDD_SOC 5880mW/3392mW
08-04-2026 08:48:41 RAM 4038/7620MB (lfb 51x1MB) SWAP 2644/12002MB (cached 127MB) CPU [0%@1728,16%@1728,20%@1728,16%@1728,100%@1728,0%@1728] GR3D_FREQ 99% cpu@71.5C soc2@69.75C soc0@70.125C gpu@72.656C tj@72.656C soc1@70.781C VDD_IN 22075mW/11627mW VDD_CPU_GPU_CV 9155mW/3920mW VDD_SOC 5880mW/3442mW
08-04-2026 08:48:41 RAM 4038/7620MB (lfb 51x1MB) SWAP 2644/12002MB (cached 127MB) CPU [18%@1728,9%@1728,0%@1728,0%@1728,100%@1728,0%@1728] GR3D_FREQ 99% cpu@71.125C soc2@69.781C soc0@70.125C gpu@73.093C tj@73.093C soc1@70.843C VDD_IN 22195mW/11834mW VDD_CPU_GPU_CV 9235mW/4024mW VDD_SOC 5920mW/3490mW
08-04-2026 08:48:41 RAM 4038/7620MB (lfb 51x1MB) SWAP 2644/12002MB (cached 127MB) CPU [9%@1728,0%@1728,9%@1728,9%@1728,100%@1728,0%@1728] GR3D_FREQ 99% cpu@71.156C soc2@69.781C soc0@70.156C gpu@72.812C tj@72.812C soc1@71C VDD_IN 22195mW/12034mW VDD_CPU_GPU_CV 9275mW/4125mW VDD_SOC 5920mW/3537mW
08-04-2026 08:48:41 RAM 4037/7620MB (lfb 51x1MB) SWAP 2644/12002MB (cached 127MB) CPU [36%@1728,30%@1728,11%@1728,11%@1728,100%@1728,0%@1728] GR3D_FREQ 99% cpu@71.656C soc2@70C soc0@70.312C gpu@72.75C tj@72.75C soc1@70.812C VDD_IN 22355mW/12228mW VDD_CPU_GPU_CV 9354mW/4224mW VDD_SOC 5920mW/3582mW
08-04-2026 08:48:41 RAM 4037/7620MB (lfb 51x1MB) SWAP 2644/12002MB (cached 127MB) CPU [9%@1728,0%@1728,16%@1728,0%@1728,100%@1728,0%@1728] GR3D_FREQ 99% cpu@71.562C soc2@69.875C soc0@70.093C gpu@73.312C tj@73.312C soc1@70.906C VDD_IN 22395mW/12417mW VDD_CPU_GPU_CV 9394mW/4320mW VDD_SOC 5960mW/3626mW
08-04-2026 08:48:41 RAM 4037/7620MB (lfb 51x1MB) SWAP 2644/12002MB (cached 127MB) CPU [0%@1728,0%@1728,0%@1728,0%@1728,100%@1728,0%@1728] GR3D_FREQ 99% cpu@71.812C soc2@69.937C soc0@70.281C gpu@73.093C tj@73.093C soc1@70.937C VDD_IN 22395mW/12598mW VDD_CPU_GPU_CV 9394mW/4412mW VDD_SOC 5960mW/3669mW
08-04-2026 08:48:42 RAM 4037/7620MB (lfb 51x1MB) SWAP 2644/12002MB (cached 127MB) CPU [9%@1728,0%@1728,0%@1728,0%@1728,100%@1728,0%@1728] GR3D_FREQ 99% cpu@71.5C soc2@70.031C soc0@70.375C gpu@73.406C tj@73.406C soc1@71C VDD_IN 22475mW/12774mW VDD_CPU_GPU_CV 9394mW/4501mW VDD_SOC 5960mW/3709mW
08-04-2026 08:48:42 RAM 4037/7620MB (lfb 51x1MB) SWAP 2644/12002MB (cached 127MB) CPU [9%@1728,0%@1728,0%@1728,0%@1728,100%@1728,0%@1728] GR3D_FREQ 99% cpu@71.562C soc2@70.156C soc0@70.5C gpu@73.406C tj@73.406C soc1@71.187C VDD_IN 22475mW/12945mW VDD_CPU_GPU_CV 9434mW/4587mW VDD_SOC 6000mW/3750mW
08-04-2026 08:48:42 RAM 4037/7620MB (lfb 51x1MB) SWAP 2644/12002MB (cached 127MB) CPU [0%@1728,16%@1728,0%@1728,16%@1728,100%@1728,0%@1728] GR3D_FREQ 99% cpu@71.687C soc2@70.031C soc0@70.312C gpu@73.312C tj@73.312C soc1@70.968C VDD_IN 22515mW/13110mW VDD_CPU_GPU_CV 9459mW/4671mW VDD_SOC 6000mW/3788mW
08-04-2026 08:48:42 RAM 4037/7620MB (lfb 51x1MB) SWAP 2644/12002MB (cached 127MB) CPU [0%@1728,0%@1728,0%@1728,10%@1728,100%@1728,9%@1728] GR3D_FREQ 99% cpu@71.562C soc2@70.093C soc0@70.406C gpu@73.218C tj@73.218C soc1@71.031C VDD_IN 22556mW/13270mW VDD_CPU_GPU_CV 9459mW/4752mW VDD_SOC 6000mW/3826mW
08-04-2026 08:48:42 RAM 4037/7620MB (lfb 51x1MB) SWAP 2644/12002MB (cached 127MB) CPU [0%@1728,18%@1728,9%@1728,0%@1728,100%@1728,8%@1728] GR3D_FREQ 99% cpu@71.656C soc2@70.25C soc0@70.437C gpu@73.25C tj@73.25C soc1@71.156C VDD_IN 22475mW/13423mW VDD_CPU_GPU_CV 9459mW/4831mW VDD_SOC 6000mW/3862mW
08-04-2026 08:48:42 RAM 4037/7620MB (lfb 51x1MB) SWAP 2644/12002MB (cached 127MB) CPU [0%@1728,0%@1728,0%@1728,10%@1728,100%@1728,0%@1728] GR3D_FREQ 99% cpu@71.593C soc2@70.218C soc0@70.531C gpu@73.343C tj@73.343C soc1@71.031C VDD_IN 22435mW/13571mW VDD_CPU_GPU_CV 9474mW/4907mW VDD_SOC 5960mW/3897mW
08-04-2026 08:48:42 RAM 4037/7620MB (lfb 51x1MB) SWAP 2644/12002MB (cached 127MB) CPU [0%@1728,9%@1728,8%@1728,9%@1728,100%@1728,0%@1728] GR3D_FREQ 99% cpu@71.718C soc2@70.125C soc0@70.406C gpu@73.375C tj@73.375C soc1@71.062C VDD_IN 22475mW/13714mW VDD_CPU_GPU_CV 9434mW/4980mW VDD_SOC 6000mW/3930mW
08-04-2026 08:48:42 RAM 4038/7620MB (lfb 51x1MB) SWAP 2644/12002MB (cached 127MB) CPU [20%@1728,18%@1728,11%@1728,9%@1728,100%@1728,0%@1728] GR3D_FREQ 99% cpu@71.625C soc2@70.281C soc0@70.5C gpu@73.281C tj@73.281C soc1@71.187C VDD_IN 22515mW/13854mW VDD_CPU_GPU_CV 9459mW/5051mW VDD_SOC 6000mW/3963mW
08-04-2026 08:48:42 RAM 4038/7620MB (lfb 51x1MB) SWAP 2644/12002MB (cached 127MB) CPU [9%@1728,0%@1728,9%@1728,0%@1728,100%@1728,0%@1728] GR3D_FREQ 99% cpu@71.656C soc2@70.281C soc0@70.562C gpu@73.468C tj@73.468C soc1@71.156C VDD_IN 22475mW/13989mW VDD_CPU_GPU_CV 9459mW/5120mW VDD_SOC 6000mW/3995mW
08-04-2026 08:48:43 RAM 4038/7620MB (lfb 51x1MB) SWAP 2644/12002MB (cached 127MB) CPU [0%@1728,9%@1728,0%@1728,0%@1728,100%@1728,0%@1728] GR3D_FREQ 99% cpu@71.718C soc2@70.343C soc0@70.437C gpu@73.468C tj@73.468C soc1@71.062C VDD_IN 22515mW/14120mW VDD_CPU_GPU_CV 9459mW/5187mW VDD_SOC 6000mW/4026mW
08-04-2026 08:48:43 RAM 4038/7620MB (lfb 51x1MB) SWAP 2644/12002MB (cached 127MB) CPU [16%@1728,16%@1728,0%@1728,9%@1728,100%@1728,0%@1728] GR3D_FREQ 99% cpu@71.781C soc2@70.343C soc0@70.5C gpu@73.5C tj@73.5C soc1@71.125C VDD_IN 22556mW/14248mW VDD_CPU_GPU_CV 9459mW/5252mW VDD_SOC 6000mW/4056mW
08-04-2026 08:48:43 RAM 4038/7620MB (lfb 51x1MB) SWAP 2644/12002MB (cached 127MB) CPU [0%@1728,0%@1728,0%@1728,9%@1728,100%@1728,0%@1728] GR3D_FREQ 99% cpu@71.75C soc2@70.281C soc0@70.593C gpu@73.312C tj@73.312C soc1@71.281C VDD_IN 22596mW/14372mW VDD_CPU_GPU_CV 9498mW/5315mW VDD_SOC 5990mW/4085mW
08-04-2026 08:48:43 RAM 4038/7620MB (lfb 51x1MB) SWAP 2644/12002MB (cached 127MB) CPU [0%@1728,0%@1728,0%@1728,16%@1728,100%@1728,0%@1728] GR3D_FREQ 99% cpu@71.75C soc2@70.375C soc0@70.718C gpu@73.687C tj@73.687C soc1@71.375C VDD_IN 22636mW/14494mW VDD_CPU_GPU_CV 9459mW/5376mW VDD_SOC 6030mW/4113mW
08-04-2026 08:48:43 RAM 4038/7620MB (lfb 51x1MB) SWAP 2644/12002MB (cached 127MB) CPU [18%@1728,20%@1728,18%@1728,36%@1728,100%@1728,0%@1728] GR3D_FREQ 99% cpu@71.812C soc2@70.437C soc0@70.75C gpu@73.375C tj@73.375C soc1@71.218C VDD_IN 22515mW/14610mW VDD_CPU_GPU_CV 9459mW/5435mW VDD_SOC 6000mW/4141mW
08-04-2026 08:48:43 RAM 4038/7620MB (lfb 51x1MB) SWAP 2644/12002MB (cached 127MB) CPU [0%@1728,10%@1728,0%@1728,9%@1728,100%@1728,0%@1728] GR3D_FREQ 99% cpu@71.937C soc2@70.406C soc0@70.562C gpu@73.968C tj@73.968C soc1@71.187C VDD_IN 22515mW/14723mW VDD_CPU_GPU_CV 9498mW/5493mW VDD_SOC 6000mW/4167mW
08-04-2026 08:48:43 RAM 4038/7620MB (lfb 51x1MB) SWAP 2644/12002MB (cached 127MB) CPU [9%@1728,9%@1728,9%@1728,0%@1728,100%@1728,0%@1728] GR3D_FREQ 99% cpu@71.781C soc2@70.437C soc0@70.718C gpu@73.718C tj@73.718C soc1@71.25C VDD_IN 22435mW/14832mW VDD_CPU_GPU_CV 9419mW/5548mW VDD_SOC 6000mW/4193mW
08-04-2026 08:48:43 RAM 4038/7620MB (lfb 51x1MB) SWAP 2644/12002MB (cached 127MB) CPU [0%@1728,33%@1728,16%@1728,11%@1728,100%@1728,0%@1728] GR3D_FREQ 99% cpu@71.937C soc2@70.5C soc0@70.812C gpu@73.562C tj@73.562C soc1@71.406C VDD_IN 22475mW/14938mW VDD_CPU_GPU_CV 9459mW/5603mW VDD_SOC 6000mW/4218mW
08-04-2026 08:48:43 RAM 4037/7620MB (lfb 51x1MB) SWAP 2644/12002MB (cached 127MB) CPU [10%@1728,18%@1728,0%@1728,0%@1728,100%@1728,0%@1728] GR3D_FREQ 99% cpu@72.25C soc2@70.375C soc0@70.687C gpu@73.968C tj@73.968C soc1@71.218C VDD_IN 22435mW/15041mW VDD_CPU_GPU_CV 9459mW/5655mW VDD_SOC 6000mW/4243mW
08-04-2026 08:48:43 RAM 4037/7620MB (lfb 51x1MB) SWAP 2644/12002MB (cached 127MB) CPU [0%@1728,9%@1728,0%@1728,0%@1728,100%@1728,0%@1728] GR3D_FREQ 99% cpu@71.812C soc2@70.5C soc0@70.656C gpu@73.812C tj@73.812C soc1@71.281C VDD_IN 22475mW/15141mW VDD_CPU_GPU_CV 9459mW/5707mW VDD_SOC 6000mW/4266mW
08-04-2026 08:48:44 RAM 4037/7620MB (lfb 51x1MB) SWAP 2644/12002MB (cached 127MB) CPU [0%@1728,9%@1728,9%@1728,0%@1728,100%@1728,0%@1728] GR3D_FREQ 99% cpu@71.843C soc2@70.5C soc0@70.656C gpu@73.781C tj@73.781C soc1@71.343C VDD_IN 22515mW/15239mW VDD_CPU_GPU_CV 9459mW/5757mW VDD_SOC 6000mW/4289mW
08-04-2026 08:48:44 RAM 4037/7620MB (lfb 51x1MB) SWAP 2644/12002MB (cached 127MB) CPU [0%@1728,0%@1728,0%@1728,0%@1728,100%@1728,0%@1728] GR3D_FREQ 99% cpu@71.812C soc2@70.531C soc0@70.875C gpu@73.593C tj@73.593C soc1@71.531C VDD_IN 22556mW/15336mW VDD_CPU_GPU_CV 9498mW/5806mW VDD_SOC 6000mW/4312mW
08-04-2026 08:48:44 RAM 4037/7620MB (lfb 51x1MB) SWAP 2644/12002MB (cached 127MB) CPU [0%@1728,0%@1728,18%@1728,9%@1728,100%@1728,0%@1728] GR3D_FREQ 99% cpu@72.281C soc2@70.531C soc0@70.75C gpu@73.875C tj@73.875C soc1@71.312C VDD_IN 22596mW/15430mW VDD_CPU_GPU_CV 9459mW/5854mW VDD_SOC 6030mW/4334mW
08-04-2026 08:48:44 RAM 4037/7620MB (lfb 51x1MB) SWAP 2644/12002MB (cached 127MB) CPU [0%@1728,18%@1728,9%@1728,0%@1728,100%@1728,0%@1728] GR3D_FREQ 99% cpu@72.031C soc2@70.593C soc0@70.781C gpu@73.875C tj@73.875C soc1@71.343C VDD_IN 22515mW/15521mW VDD_CPU_GPU_CV 9498mW/5900mW VDD_SOC 6000mW/4356mW
08-04-2026 08:48:44 RAM 4037/7620MB (lfb 51x1MB) SWAP 2644/12002MB (cached 127MB) CPU [10%@1728,9%@1728,18%@1728,9%@1728,100%@1728,0%@1728] GR3D_FREQ 99% cpu@72.062C soc2@70.531C soc0@70.875C gpu@73.718C tj@73.718C soc1@71.406C VDD_IN 22435mW/15608mW VDD_CPU_GPU_CV 9459mW/5945mW VDD_SOC 6000mW/4376mW
08-04-2026 08:48:44 RAM 4037/7620MB (lfb 51x1MB) SWAP 2644/12002MB (cached 127MB) CPU [16%@1728,9%@1728,0%@1728,9%@1728,100%@1728,0%@1728] GR3D_FREQ 99% cpu@72.25C soc2@70.593C soc0@70.968C gpu@73.531C tj@73.531C soc1@71.281C VDD_IN 22475mW/15694mW VDD_CPU_GPU_CV 9419mW/5989mW VDD_SOC 6000mW/4397mW
08-04-2026 08:48:44 RAM 4037/7620MB (lfb 51x1MB) SWAP 2644/12002MB (cached 127MB) CPU [9%@1728,10%@1728,18%@1728,0%@1728,100%@1728,0%@1728] GR3D_FREQ 99% cpu@72.468C soc2@70.593C soc0@70.812C gpu@74.187C tj@74.187C soc1@71.406C VDD_IN 22475mW/15778mW VDD_CPU_GPU_CV 9419mW/6031mW VDD_SOC 6000mW/4417mW
08-04-2026 08:48:44 RAM 4038/7620MB (lfb 51x1MB) SWAP 2644/12002MB (cached 127MB) CPU [30%@1728,20%@1728,27%@1728,20%@1728,100%@1728,0%@1728] GR3D_FREQ 99% cpu@72.062C soc2@70.625C soc0@70.843C gpu@73.75C tj@73.75C soc1@71.406C VDD_IN 22515mW/15860mW VDD_CPU_GPU_CV 9498mW/6073mW VDD_SOC 6000mW/4436mW
08-04-2026 08:48:44 RAM 4037/7620MB (lfb 51x1MB) SWAP 2644/12002MB (cached 127MB) CPU [0%@1728,0%@1728,0%@1728,0%@1728,100%@1728,0%@1728] GR3D_FREQ 99% cpu@72.25C soc2@70.625C soc0@70.875C gpu@73.718C tj@73.718C soc1@71.437C VDD_IN 22596mW/15941mW VDD_CPU_GPU_CV 9498mW/6115mW VDD_SOC 6030mW/4455mW
08-04-2026 08:48:45 RAM 4037/7620MB (lfb 51x1MB) SWAP 2644/12002MB (cached 127MB) CPU [0%@1728,9%@1728,0%@1728,8%@1728,100%@1728,0%@1728] GR3D_FREQ 99% cpu@72.187C soc2@70.75C soc0@71C gpu@74.281C tj@74.281C soc1@71.625C VDD_IN 22596mW/16020mW VDD_CPU_GPU_CV 9498mW/6155mW VDD_SOC 6000mW/4473mW
08-04-2026 08:48:45 RAM 4037/7620MB (lfb 51x1MB) SWAP 2644/12002MB (cached 127MB) CPU [0%@1728,18%@1728,9%@1728,0%@1728,100%@1728,0%@1728] GR3D_FREQ 99% cpu@72.281C soc2@70.593C soc0@70.75C gpu@74C tj@74C soc1@71.437C VDD_IN 22556mW/16097mW VDD_CPU_GPU_CV 9498mW/6194mW VDD_SOC 6000mW/4491mW
08-04-2026 08:48:45 RAM 4037/7620MB (lfb 51x1MB) SWAP 2644/12002MB (cached 127MB) CPU [0%@1728,0%@1728,0%@1728,9%@1728,100%@1728,0%@1728] GR3D_FREQ 99% cpu@72.375C soc2@70.593C soc0@70.875C gpu@73.687C tj@73.687C soc1@71.5C VDD_IN 22556mW/16172mW VDD_CPU_GPU_CV 9459mW/6232mW VDD_SOC 6030mW/4509mW
08-04-2026 08:48:45 RAM 4037/7620MB (lfb 51x1MB) SWAP 2644/12002MB (cached 127MB) CPU [0%@1728,9%@1728,0%@1728,9%@1728,100%@1728,0%@1728] GR3D_FREQ 99% cpu@72.125C soc2@70.656C soc0@70.906C gpu@74.218C tj@74.218C soc1@71.562C VDD_IN 22556mW/16246mW VDD_CPU_GPU_CV 9459mW/6269mW VDD_SOC 5990mW/4526mW
08-04-2026 08:48:45 RAM 4037/7620MB (lfb 51x1MB) SWAP 2644/12002MB (cached 127MB) CPU [16%@1728,27%@1728,10%@1728,9%@1728,100%@1728,9%@1728] GR3D_FREQ 99% cpu@72.218C soc2@70.718C soc0@71.031C gpu@74C tj@74C soc1@71.406C VDD_IN 22435mW/16316mW VDD_CPU_GPU_CV 9459mW/6306mW VDD_SOC 6000mW/4543mW
08-04-2026 08:48:45 RAM 4037/7620MB (lfb 51x1MB) SWAP 2644/12002MB (cached 127MB) CPU [0%@1728,9%@1728,9%@1728,10%@1728,100%@1728,0%@1728] GR3D_FREQ 99% cpu@72.281C soc2@70.687C soc0@70.812C gpu@73.875C tj@73.875C soc1@71.5C VDD_IN 22475mW/16385mW VDD_CPU_GPU_CV 9419mW/6341mW VDD_SOC 6000mW/4559mW
08-04-2026 08:48:45 RAM 4037/7620MB (lfb 51x1MB) SWAP 2644/12002MB (cached 127MB) CPU [0%@1728,10%@1728,0%@1728,9%@1728,100%@1728,0%@1728] GR3D_FREQ 99% cpu@72.062C soc2@70.75C soc0@70.937C gpu@74.25C tj@74.25C soc1@71.531C VDD_IN 22475mW/16453mW VDD_CPU_GPU_CV 9459mW/6375mW VDD_SOC 6000mW/4575mW
08-04-2026 08:48:45 RAM 4039/7620MB (lfb 51x1MB) SWAP 2644/12002MB (cached 127MB) CPU [18%@1728,10%@1728,11%@1728,25%@1728,100%@1728,0%@1728] GR3D_FREQ 99% cpu@72.343C soc2@70.812C soc0@70.937C gpu@74C tj@74C soc1@71.531C VDD_IN 22515mW/16520mW VDD_CPU_GPU_CV 9498mW/6410mW VDD_SOC 6000mW/4591mW
08-04-2026 08:48:45 RAM 4038/7620MB (lfb 51x1MB) SWAP 2644/12002MB (cached 127MB) CPU [0%@1728,9%@1728,9%@1728,0%@1728,100%@1728,0%@1728] GR3D_FREQ 99% cpu@72.218C soc2@70.75C soc0@70.812C gpu@73.968C tj@73.968C soc1@71.437C VDD_IN 22515mW/16585mW VDD_CPU_GPU_CV 9459mW/6443mW VDD_SOC 6000mW/4606mW
08-04-2026 08:48:45 RAM 4038/7620MB (lfb 51x1MB) SWAP 2644/12002MB (cached 127MB) CPU [0%@1728,0%@1728,9%@1728,16%@1728,100%@1728,0%@1728] GR3D_FREQ 99% cpu@72.187C soc2@70.656C soc0@70.875C gpu@73.906C tj@73.906C soc1@71.437C VDD_IN 22515mW/16648mW VDD_CPU_GPU_CV 9459mW/6475mW VDD_SOC 6000mW/4621mW
08-04-2026 08:48:46 RAM 4038/7620MB (lfb 51x1MB) SWAP 2644/12002MB (cached 127MB) CPU [9%@1728,0%@1728,0%@1728,0%@1728,100%@1728,0%@1728] GR3D_FREQ 99% cpu@72.125C soc2@70.718C soc0@70.968C gpu@74.031C tj@73.562C soc1@71.531C VDD_IN 22515mW/16711mW VDD_CPU_GPU_CV 9459mW/6507mW VDD_SOC 6000mW/4636mW
08-04-2026 08:48:46 RAM 4038/7620MB (lfb 51x1MB) SWAP 2644/12002MB (cached 127MB) CPU [0%@1728,0%@1728,16%@1728,0%@1728,100%@1728,0%@1728] GR3D_FREQ 99% cpu@72.125C soc2@70.843C soc0@70.937C gpu@73.937C tj@73.937C soc1@71.625C VDD_IN 22596mW/16773mW VDD_CPU_GPU_CV 9459mW/6538mW VDD_SOC 5990mW/4650mW
08-04-2026 08:48:46 RAM 4038/7620MB (lfb 51x1MB) SWAP 2644/12002MB (cached 127MB) CPU [0%@1728,0%@1728,9%@1728,0%@1728,100%@1728,0%@1728] GR3D_FREQ 99% cpu@72.187C soc2@70.843C soc0@71.093C gpu@73.968C tj@73.968C soc1@71.375C VDD_IN 22556mW/16833mW VDD_CPU_GPU_CV 9459mW/6568mW VDD_SOC 5990mW/4664mW
08-04-2026 08:48:46 RAM 4038/7620MB (lfb 51x1MB) SWAP 2644/12002MB (cached 127MB) CPU [0%@1728,10%@1728,0%@1728,0%@1728,100%@1728,0%@1728] GR3D_FREQ 99% cpu@72.375C soc2@70.781C soc0@70.843C gpu@73.75C tj@73.75C soc1@71.5C VDD_IN 22636mW/16893mW VDD_CPU_GPU_CV 9459mW/6598mW VDD_SOC 6030mW/4678mW
08-04-2026 08:48:46 RAM 4038/7620MB (lfb 51x1MB) SWAP 2644/12002MB (cached 127MB) CPU [10%@1728,18%@1728,10%@1728,9%@1728,100%@1728,0%@1728] GR3D_FREQ 99% cpu@72.062C soc2@70.687C soc0@70.906C gpu@73.906C tj@73.906C soc1@71.5C VDD_IN 22636mW/16952mW VDD_CPU_GPU_CV 9459mW/6627mW VDD_SOC 6030mW/4692mW
08-04-2026 08:48:46 RAM 4038/7620MB (lfb 51x1MB) SWAP 2644/12002MB (cached 127MB) CPU [16%@1728,0%@1728,0%@1728,0%@1728,100%@1728,0%@1728] GR3D_FREQ 99% cpu@72.093C soc2@70.75C soc0@71C gpu@73.906C tj@73.906C soc1@71.656C VDD_IN 22596mW/17009mW VDD_CPU_GPU_CV 9498mW/6656mW VDD_SOC 5990mW/4705mW
08-04-2026 08:48:46 RAM 4039/7620MB (lfb 51x1MB) SWAP 2644/12002MB (cached 127MB) CPU [0%@1728,0%@1728,0%@1728,9%@1728,100%@1728,0%@1728] GR3D_FREQ 99% cpu@72.093C soc2@70.906C soc0@70.875C gpu@73.781C tj@73.781C soc1@71.437C VDD_IN 22636mW/17065mW VDD_CPU_GPU_CV 9498mW/6685mW VDD_SOC 6030mW/4718mW
08-04-2026 08:48:46 RAM 4038/7620MB (lfb 51x1MB) SWAP 2644/12002MB (cached 127MB) CPU [10%@1728,20%@1728,18%@1728,18%@1728,100%@1728,10%@1728] GR3D_FREQ 99% cpu@72.093C soc2@70.718C soc0@70.906C gpu@74.312C tj@74.312C soc1@71.437C VDD_IN 22636mW/17120mW VDD_CPU_GPU_CV 9459mW/6712mW VDD_SOC 5990mW/4731mW
08-04-2026 08:48:46 RAM 4038/7620MB (lfb 51x1MB) SWAP 2644/12002MB (cached 127MB) CPU [0%@1728,0%@1728,0%@1728,9%@1728,100%@1728,8%@1728] GR3D_FREQ 99% cpu@72.093C soc2@70.718C soc0@70.812C gpu@73.968C tj@73.968C soc1@71.531C VDD_IN 22636mW/17174mW VDD_CPU_GPU_CV 9498mW/6740mW VDD_SOC 5990mW/4743mW
08-04-2026 08:48:47 RAM 4038/7620MB (lfb 51x1MB) SWAP 2644/12002MB (cached 127MB) CPU [0%@1728,0%@1728,0%@1728,0%@1728,100%@1728,0%@1728] GR3D_FREQ 99% cpu@72.125C soc2@70.781C soc0@71C gpu@73.75C tj@73.75C soc1@71.625C VDD_IN 22636mW/17227mW VDD_CPU_GPU_CV 9459mW/6766mW VDD_SOC 6030mW/4756mW
08-04-2026 08:48:47 RAM 4038/7620MB (lfb 51x1MB) SWAP 2644/12002MB (cached 127MB) CPU [9%@1728,0%@1728,0%@1728,0%@1728,100%@1728,0%@1728] GR3D_FREQ 99% cpu@72.468C soc2@70.843C soc0@70.875C gpu@74.218C tj@74.218C soc1@71.468C VDD_IN 22596mW/17279mW VDD_CPU_GPU_CV 9459mW/6792mW VDD_SOC 6030mW/4768mW
08-04-2026 08:48:47 RAM 4038/7620MB (lfb 51x1MB) SWAP 2644/12002MB (cached 127MB) CPU [0%@1728,9%@1728,0%@1728,0%@1728,100%@1728,0%@1728] GR3D_FREQ 99% cpu@72.031C soc2@70.812C soc0@70.937C gpu@74.125C tj@74.125C soc1@71.5C VDD_IN 22596mW/17329mW VDD_CPU_GPU_CV 9498mW/6818mW VDD_SOC 5990mW/4780mW
08-04-2026 08:48:47 RAM 4038/7620MB (lfb 51x1MB) SWAP 2644/12002MB (cached 127MB) CPU [9%@1728,0%@1728,0%@1728,9%@1728,100%@1728,9%@1728] GR3D_FREQ 99% cpu@72.062C soc2@70.843C soc0@71C gpu@73.968C tj@73.968C soc1@71.5C VDD_IN 22600mW/17379mW VDD_CPU_GPU_CV 9498mW/6843mW VDD_SOC 6030mW/4792mW
08-04-2026 08:48:47 RAM 4038/7620MB (lfb 51x1MB) SWAP 2644/12002MB (cached 127MB) CPU [16%@1728,18%@1728,9%@1728,0%@1728,100%@1728,0%@1728] GR3D_FREQ 99% cpu@72.312C soc2@70.843C soc0@71.062C gpu@74.156C tj@74.156C soc1@71.562C VDD_IN 22556mW/17427mW VDD_CPU_GPU_CV 9459mW/6867mW VDD_SOC 5990mW/4803mW
08-04-2026 08:48:47 RAM 4038/7620MB (lfb 51x1MB) SWAP 2644/12002MB (cached 127MB) CPU [10%@1728,9%@1728,9%@1728,0%@1728,100%@1728,0%@1728] GR3D_FREQ 99% cpu@72.312C soc2@70.781C soc0@70.843C gpu@74.187C tj@74.187C soc1@71.437C VDD_IN 22556mW/17475mW VDD_CPU_GPU_CV 9498mW/6892mW VDD_SOC 5990mW/4814mW
08-04-2026 08:48:47 RAM 4038/7620MB (lfb 51x1MB) SWAP 2644/12002MB (cached 127MB) CPU [23%@1728,9%@1728,0%@1728,9%@1728,100%@1728,9%@1728] GR3D_FREQ 99% cpu@72.125C soc2@70.781C soc0@70.843C gpu@74C tj@74C soc1@71.5C VDD_IN 22515mW/17521mW VDD_CPU_GPU_CV 9459mW/6915mW VDD_SOC 6000mW/4825mW
08-04-2026 08:48:47 RAM 4038/7620MB (lfb 51x1MB) SWAP 2644/12002MB (cached 127MB) CPU [20%@1728,10%@1728,20%@1728,18%@1728,100%@1728,0%@1728] GR3D_FREQ 99% cpu@72.343C soc2@70.812C soc0@70.906C gpu@74.156C tj@74.156C soc1@71.531C VDD_IN 22556mW/17567mW VDD_CPU_GPU_CV 9498mW/6939mW VDD_SOC 5990mW/4835mW
08-04-2026 08:48:47 RAM 4037/7620MB (lfb 51x1MB) SWAP 2644/12002MB (cached 127MB) CPU [0%@1728,8%@1728,0%@1728,0%@1728,100%@1728,0%@1728] GR3D_FREQ 99% cpu@72.281C soc2@70.781C soc0@71.031C gpu@74.125C tj@74.125C soc1@71.593C VDD_IN 22560mW/17612mW VDD_CPU_GPU_CV 9498mW/6962mW VDD_SOC 5990mW/4846mW
08-04-2026 08:48:47 RAM 4037/7620MB (lfb 51x1MB) SWAP 2644/12002MB (cached 127MB) CPU [10%@1728,0%@1728,27%@1728,9%@1728,100%@1728,0%@1728] GR3D_FREQ 99% cpu@72.593C soc2@70.843C soc0@70.843C gpu@74C tj@74C soc1@71.375C VDD_IN 22560mW/17656mW VDD_CPU_GPU_CV 9538mW/6985mW VDD_SOC 5990mW/4856mW
08-04-2026 08:48:48 RAM 4036/7620MB (lfb 51x1MB) SWAP 2644/12002MB (cached 127MB) CPU [0%@1728,0%@1728,0%@1728,0%@1728,100%@1728,0%@1728] GR3D_FREQ 99% cpu@72.468C soc2@70.656C soc0@70.906C gpu@74C tj@74C soc1@71.531C VDD_IN 22560mW/17700mW VDD_CPU_GPU_CV 9498mW/7007mW VDD_SOC 6030mW/4866mW
08-04-2026 08:48:48 RAM 4036/7620MB (lfb 51x1MB) SWAP 2644/12002MB (cached 127MB) CPU [9%@1728,0%@1728,9%@1728,0%@1728,100%@1728,8%@1728] GR3D_FREQ 99% cpu@72.062C soc2@70.781C soc0@70.968C gpu@74.125C tj@74.125C soc1@71.562C VDD_IN 22556mW/17742mW VDD_CPU_GPU_CV 9498mW/7029mW VDD_SOC 5990mW/4876mW
08-04-2026 08:48:48 RAM 4036/7620MB (lfb 51x1MB) SWAP 2644/12002MB (cached 127MB) CPU [0%@1728,0%@1728,0%@1728,0%@1728,100%@1728,9%@1728] GR3D_FREQ 99% cpu@72.312C soc2@70.875C soc0@71C gpu@73.906C tj@73.906C soc1@71.593C VDD_IN 22560mW/17784mW VDD_CPU_GPU_CV 9498mW/7050mW VDD_SOC 6030mW/4886mW
08-04-2026 08:48:48 RAM 4037/7620MB (lfb 51x1MB) SWAP 2644/12002MB (cached 127MB) CPU [0%@1728,25%@1728,18%@1728,18%@1728,100%@1728,0%@1728] GR3D_FREQ 99% cpu@72.718C soc2@70.812C soc0@70.906C gpu@73.906C tj@73.906C soc1@71.437C VDD_IN 22596mW/17825mW VDD_CPU_GPU_CV 9498mW/7071mW VDD_SOC 6030mW/4896mW
08-04-2026 08:48:48 RAM 4037/7620MB (lfb 51x1MB) SWAP 2644/12002MB (cached 127MB) CPU [18%@1728,10%@1728,18%@1728,10%@1728,100%@1728,10%@1728] GR3D_FREQ 99% cpu@72.312C soc2@70.75C soc0@70.906C gpu@73.812C tj@73.812C soc1@71.5C VDD_IN 22515mW/17866mW VDD_CPU_GPU_CV 9498mW/7092mW VDD_SOC 5990mW/4905mW
08-04-2026 08:48:48 RAM 4037/7620MB (lfb 51x1MB) SWAP 2644/12002MB (cached 127MB) CPU [0%@1728,10%@1728,0%@1728,0%@1728,100%@1728,8%@1728] GR3D_FREQ 99% cpu@72.218C soc2@70.843C soc0@70.968C gpu@73.906C tj@73.906C soc1@71.531C VDD_IN 22475mW/17905mW VDD_CPU_GPU_CV 9459mW/7112mW VDD_SOC 6000mW/4915mW
08-04-2026 08:48:48 RAM 4037/7620MB (lfb 51x1MB) SWAP 2644/12002MB (cached 127MB) CPU [0%@1728,9%@1728,9%@1728,8%@1728,100%@1728,0%@1728] GR3D_FREQ 99% cpu@72.406C soc2@70.812C soc0@71.093C gpu@73.843C tj@73.843C soc1@71.406C VDD_IN 22475mW/17943mW VDD_CPU_GPU_CV 9459mW/7132mW VDD_SOC 6000mW/4924mW
08-04-2026 08:48:48 RAM 4039/7620MB (lfb 51x1MB) SWAP 2644/12002MB (cached 127MB) CPU [30%@1728,9%@1728,20%@1728,18%@1728,100%@1728,0%@1728] GR3D_FREQ 99% cpu@72.343C soc2@70.75C soc0@70.843C gpu@74C tj@74C soc1@71.437C VDD_IN 22515mW/17981mW VDD_CPU_GPU_CV 9498mW/7152mW VDD_SOC 6000mW/4933mW
08-04-2026 08:48:48 RAM 4039/7620MB (lfb 51x1MB) SWAP 2644/12002MB (cached 127MB) CPU [0%@1728,9%@1728,0%@1728,0%@1728,100%@1728,0%@1728] GR3D_FREQ 99% cpu@72.437C soc2@70.718C soc0@70.843C gpu@74.218C tj@74.218C soc1@71.531C VDD_IN 22556mW/18019mW VDD_CPU_GPU_CV 9498mW/7171mW VDD_SOC 5990mW/4941mW
08-04-2026 08:48:49 RAM 4039/7620MB (lfb 51x1MB) SWAP 2644/12002MB (cached 127MB) CPU [8%@1728,9%@1728,0%@1728,0%@1728,100%@1728,0%@1728] GR3D_FREQ 99% cpu@72.218C soc2@70.875C soc0@71C gpu@74.125C tj@74.125C soc1@71.531C VDD_IN 22596mW/18056mW VDD_CPU_GPU_CV 9498mW/7190mW VDD_SOC 6030mW/4950mW
08-04-2026 08:48:49 RAM 4039/7620MB (lfb 51x1MB) SWAP 2644/12002MB (cached 127MB) CPU [9%@1728,0%@1728,0%@1728,0%@1728,100%@1728,0%@1728] GR3D_FREQ 99% cpu@72.218C soc2@70.843C soc0@70.843C gpu@74.375C tj@74.375C soc1@71.406C VDD_IN 22596mW/18093mW VDD_CPU_GPU_CV 9498mW/7209mW VDD_SOC 5990mW/4959mW
08-04-2026 08:48:49 RAM 4039/7620MB (lfb 51x1MB) SWAP 2644/12002MB (cached 127MB) CPU [9%@1728,9%@1728,0%@1728,16%@1728,100%@1728,8%@1728] GR3D_FREQ 99% cpu@72.281C soc2@70.75C soc0@70.843C gpu@74.156C tj@74.156C soc1@71.406C VDD_IN 22640mW/18130mW VDD_CPU_GPU_CV 9498mW/7227mW VDD_SOC 6030mW/4967mW
08-04-2026 08:48:49 RAM 4039/7620MB (lfb 51x1MB) SWAP 2644/12002MB (cached 127MB) CPU [0%@1728,0%@1728,8%@1728,0%@1728,100%@1728,9%@1728] GR3D_FREQ 99% cpu@72.156C soc2@70.75C soc0@70.875C gpu@74.125C tj@74.125C soc1@71.5C VDD_IN 22600mW/18166mW VDD_CPU_GPU_CV 9498mW/7246mW VDD_SOC 6030mW/4976mW
08-04-2026 08:48:49 RAM 4039/7620MB (lfb 51x1MB) SWAP 2644/12002MB (cached 127MB) CPU [18%@1728,27%@1728,10%@1728,9%@1728,100%@1728,0%@1728] GR3D_FREQ 99% cpu@72.218C soc2@70.781C soc0@70.968C gpu@73.812C tj@73.812C soc1@71.625C VDD_IN 22556mW/18201mW VDD_CPU_GPU_CV 9459mW/7263mW VDD_SOC 5990mW/4984mW
08-04-2026 08:48:49 RAM 4039/7620MB (lfb 51x1MB) SWAP 2644/12002MB (cached 127MB) CPU [0%@1728,10%@1728,0%@1728,9%@1728,100%@1728,0%@1728] GR3D_FREQ 99% cpu@72.218C soc2@70.843C soc0@71.062C gpu@74.062C tj@73.906C soc1@71.375C VDD_IN 22596mW/18235mW VDD_CPU_GPU_CV 9459mW/7280mW VDD_SOC 6030mW/4992mW
08-04-2026 08:48:49 RAM 4039/7620MB (lfb 51x1MB) SWAP 2644/12002MB (cached 127MB) CPU [10%@1728,9%@1728,0%@1728,10%@1728,100%@1728,0%@1728] GR3D_FREQ 99% cpu@72.062C soc2@70.718C soc0@70.843C gpu@74.187C tj@74.187C soc1@71.5C VDD_IN 22596mW/18269mW VDD_CPU_GPU_CV 9498mW/7298mW VDD_SOC 5990mW/5000mW
08-04-2026 08:48:49 RAM 4039/7620MB (lfb 51x1MB) SWAP 2644/12002MB (cached 127MB) CPU [10%@1728,22%@1728,10%@1728,9%@1728,100%@1728,0%@1728] GR3D_FREQ 99% cpu@72.281C soc2@70.781C soc0@70.968C gpu@73.875C tj@73.875C soc1@71.468C VDD_IN 22556mW/18303mW VDD_CPU_GPU_CV 9498mW/7315mW VDD_SOC 5990mW/5008mW
08-04-2026 08:48:49 RAM 4039/7620MB (lfb 51x1MB) SWAP 2644/12002MB (cached 127MB) CPU [9%@1728,9%@1728,9%@1728,0%@1728,100%@1728,0%@1728] GR3D_FREQ 99% cpu@72.187C soc2@70.812C soc0@70.968C gpu@73.843C tj@73.843C soc1@71.593C VDD_IN 22556mW/18335mW VDD_CPU_GPU_CV 9459mW/7331mW VDD_SOC 5990mW/5015mW
08-04-2026 08:48:49 RAM 4039/7620MB (lfb 51x1MB) SWAP 2644/12002MB (cached 127MB) CPU [0%@1728,0%@1728,0%@1728,0%@1728,100%@1728,0%@1728] GR3D_FREQ 99% cpu@72.5C soc2@70.812C soc0@70.843C gpu@73.906C tj@73.906C soc1@71.437C VDD_IN 22596mW/18368mW VDD_CPU_GPU_CV 9498mW/7348mW VDD_SOC 5990mW/5023mW
08-04-2026 08:48:50 RAM 4039/7620MB (lfb 51x1MB) SWAP 2644/12002MB (cached 127MB) CPU [9%@1728,0%@1728,0%@1728,0%@1728,100%@1728,0%@1728] GR3D_FREQ 99% cpu@72.187C soc2@70.718C soc0@70.843C gpu@73.812C tj@73.812C soc1@71.593C VDD_IN 22600mW/18400mW VDD_CPU_GPU_CV 9498mW/7364mW VDD_SOC 6030mW/5030mW
08-04-2026 08:48:50 RAM 4039/7620MB (lfb 51x1MB) SWAP 2644/12002MB (cached 127MB) CPU [8%@1728,16%@1728,9%@1728,0%@1728,100%@1728,0%@1728] GR3D_FREQ 99% cpu@72.187C soc2@70.843C soc0@70.937C gpu@73.875C tj@73.875C soc1@71.468C VDD_IN 22636mW/18432mW VDD_CPU_GPU_CV 9459mW/7380mW VDD_SOC 6030mW/5038mW
08-04-2026 08:48:50 RAM 4039/7620MB (lfb 51x1MB) SWAP 2644/12002MB (cached 127MB) CPU [70%@1728,18%@1728,9%@1728,9%@1728,100%@1728,8%@1728] GR3D_FREQ 99% cpu@72.125C soc2@70.843C soc0@70.937C gpu@74.312C tj@74.312C soc1@71.687C VDD_IN 22596mW/18463mW VDD_CPU_GPU_CV 9498mW/7396mW VDD_SOC 5990mW/5045mW
08-04-2026 08:48:50 RAM 4039/7620MB (lfb 51x1MB) SWAP 2644/12002MB (cached 127MB) CPU [10%@1728,16%@1728,0%@1728,0%@1728,100%@1728,0%@1728] GR3D_FREQ 99% cpu@72.437C soc2@70.687C soc0@70.843C gpu@73.937C tj@73.937C soc1@71.375C VDD_IN 22556mW/18493mW VDD_CPU_GPU_CV 9459mW/7411mW VDD_SOC 5990mW/5052mW
08-04-2026 08:48:50 RAM 4039/7620MB (lfb 51x1MB) SWAP 2644/12002MB (cached 127MB) CPU [10%@1728,0%@1728,0%@1728,9%@1728,100%@1728,0%@1728] GR3D_FREQ 99% cpu@72.062C soc2@70.75C soc0@70.843C gpu@73.843C tj@74C soc1@71.468C VDD_IN 22596mW/18523mW VDD_CPU_GPU_CV 9459mW/7426mW VDD_SOC 6030mW/5059mW
08-04-2026 08:48:50 RAM 4039/7620MB (lfb 51x1MB) SWAP 2644/12002MB (cached 127MB) CPU [16%@1728,16%@1728,9%@1728,0%@1728,100%@1728,0%@1728] GR3D_FREQ 99% cpu@72.093C soc2@70.718C soc0@70.937C gpu@74.281C tj@74.281C soc1@71.593C VDD_IN 22556mW/18553mW VDD_CPU_GPU_CV 9459mW/7441mW VDD_SOC 5990mW/5066mW
08-04-2026 08:48:50 RAM 4039/7620MB (lfb 51x1MB) SWAP 2644/12002MB (cached 127MB) CPU [0%@1728,9%@1728,0%@1728,11%@1728,100%@1728,0%@1728] GR3D_FREQ 99% cpu@72.25C soc2@70.781C soc0@71C gpu@74.031C tj@74.031C soc1@71.375C VDD_IN 22556mW/18582mW VDD_CPU_GPU_CV 9459mW/7455mW VDD_SOC 6030mW/5073mW
08-04-2026 08:48:50 RAM 4038/7620MB (lfb 51x1MB) SWAP 2644/12002MB (cached 127MB) CPU [27%@1728,27%@1728,20%@1728,16%@1728,100%@1728,0%@1728] GR3D_FREQ 99% cpu@72.406C soc2@70.718C soc0@70.843C gpu@74.062C tj@74.062C soc1@71.343C VDD_IN 22596mW/18611mW VDD_CPU_GPU_CV 9498mW/7470mW VDD_SOC 6030mW/5080mW
08-04-2026 08:48:50 RAM 4038/7620MB (lfb 51x1MB) SWAP 2644/12002MB (cached 127MB) CPU [0%@1728,9%@1728,0%@1728,0%@1728,100%@1728,0%@1728] GR3D_FREQ 99% cpu@72.437C soc2@70.687C soc0@70.843C gpu@73.937C tj@73.937C soc1@71.375C VDD_IN 22636mW/18639mW VDD_CPU_GPU_CV 9498mW/7485mW VDD_SOC 6030mW/5087mW
08-04-2026 08:48:51 RAM 4038/7620MB (lfb 51x1MB) SWAP 2644/12002MB (cached 127MB) CPU [0%@1728,0%@1728,0%@1728,0%@1728,100%@1728,0%@1728] GR3D_FREQ 99% cpu@72.187C soc2@70.75C soc0@70.843C gpu@74C tj@74C soc1@71.468C VDD_IN 22636mW/18668mW VDD_CPU_GPU_CV 9459mW/7499mW VDD_SOC 6030mW/5093mW
08-04-2026 08:48:51 RAM 4038/7620MB (lfb 51x1MB) SWAP 2644/12002MB (cached 127MB) CPU [0%@1728,0%@1728,0%@1728,8%@1728,100%@1728,0%@1728] GR3D_FREQ 99% cpu@72.25C soc2@70.843C soc0@70.968C gpu@73.968C tj@73.968C soc1@71.625C VDD_IN 22676mW/18696mW VDD_CPU_GPU_CV 9498mW/7513mW VDD_SOC 6030mW/5100mW
08-04-2026 08:48:51 RAM 4035/7620MB (lfb 51x1MB) SWAP 2644/12002MB (cached 127MB) CPU [25%@1728,27%@1728,20%@1728,10%@1728,100%@1728,0%@1728] GR3D_FREQ 99% cpu@72.406C soc2@70.718C soc0@70.75C gpu@73.937C tj@73.937C soc1@71.375C VDD_IN 22636mW/18723mW VDD_CPU_GPU_CV 9498mW/7527mW VDD_SOC 5990mW/5106mW
08-04-2026 08:48:51 RAM 4035/7620MB (lfb 51x1MB) SWAP 2644/12002MB (cached 127MB) CPU [9%@1728,0%@1728,0%@1728,0%@1728,100%@1728,0%@1728] GR3D_FREQ 99% cpu@72.437C soc2@70.687C soc0@70.843C gpu@73.781C tj@73.781C soc1@71.437C VDD_IN 22596mW/18750mW VDD_CPU_GPU_CV 9459mW/7540mW VDD_SOC 6030mW/5113mW
08-04-2026 08:48:51 RAM 4035/7620MB (lfb 51x1MB) SWAP 2644/12002MB (cached 127MB) CPU [10%@1728,9%@1728,25%@1728,0%@1728,100%@1728,9%@1728] GR3D_FREQ 99% cpu@72.093C soc2@70.812C soc0@70.843C gpu@73.906C tj@73.906C soc1@71.531C VDD_IN 22556mW/18777mW VDD_CPU_GPU_CV 9419mW/7553mW VDD_SOC 5990mW/5119mW
08-04-2026 08:48:51 RAM 4035/7620MB (lfb 51x1MB) SWAP 2644/12002MB (cached 127MB) CPU [9%@1728,0%@1728,0%@1728,0%@1728,100%@1728,9%@1728] GR3D_FREQ 99% cpu@72.187C soc2@70.75C soc0@70.968C gpu@73.812C tj@73.812C soc1@71.375C VDD_IN 22515mW/18802mW VDD_CPU_GPU_CV 9459mW/7566mW VDD_SOC 6000mW/5125mW
08-04-2026 08:48:51 RAM 4035/7620MB (lfb 51x1MB) SWAP 2644/12002MB (cached 127MB) CPU [10%@1728,0%@1728,0%@1728,16%@1728,100%@1728,8%@1728] GR3D_FREQ 99% cpu@72.25C soc2@70.75C soc0@70.75C gpu@73.625C tj@73.625C soc1@71.375C VDD_IN 22515mW/18827mW VDD_CPU_GPU_CV 9419mW/7579mW VDD_SOC 6000mW/5131mW
08-04-2026 08:48:51 RAM 4038/7620MB (lfb 51x1MB) SWAP 2644/12002MB (cached 127MB) CPU [25%@1728,18%@1728,30%@1728,11%@1728,100%@1728,0%@1728] GR3D_FREQ 99% cpu@72.625C soc2@70.718C soc0@70.875C gpu@74.218C tj@74.218C soc1@71.437C VDD_IN 22556mW/18853mW VDD_CPU_GPU_CV 9459mW/7591mW VDD_SOC 5990mW/5136mW
08-04-2026 08:48:51 RAM 4037/7620MB (lfb 51x1MB) SWAP 2644/12002MB (cached 127MB) CPU [0%@1728,0%@1728,0%@1728,0%@1728,100%@1728,0%@1728] GR3D_FREQ 99% cpu@72.062C soc2@70.656C soc0@70.875C gpu@73.906C tj@73.906C soc1@71.5C VDD_IN 22556mW/18878mW VDD_CPU_GPU_CV 9498mW/7604mW VDD_SOC 5990mW/5142mW
08-04-2026 08:48:52 RAM 4037/7620MB (lfb 51x1MB) SWAP 2644/12002MB (cached 127MB) CPU [9%@1728,0%@1728,0%@1728,0%@1728,100%@1728,0%@1728] GR3D_FREQ 99% cpu@72.156C soc2@70.75C soc0@70.75C gpu@73.625C tj@73.625C soc1@71.312C VDD_IN 22515mW/18902mW VDD_CPU_GPU_CV 9459mW/7617mW VDD_SOC 6000mW/5148mW
08-04-2026 08:48:52 RAM 4037/7620MB (lfb 51x1MB) SWAP 2644/12002MB (cached 127MB) CPU [9%@1728,9%@1728,0%@1728,9%@1728,100%@1728,0%@1728] GR3D_FREQ 99% cpu@72.218C soc2@70.625C soc0@70.812C gpu@74.25C tj@74.25C soc1@71.343C VDD_IN 22556mW/18926mW VDD_CPU_GPU_CV 9459mW/7629mW VDD_SOC 5990mW/5153mW
08-04-2026 08:48:52 RAM 4037/7620MB (lfb 51x1MB) SWAP 2644/12002MB (cached 127MB) CPU [0%@1728,0%@1728,0%@1728,0%@1728,100%@1728,0%@1728] GR3D_FREQ 99% cpu@72.031C soc2@70.625C soc0@70.875C gpu@74.031C tj@74.031C soc1@71.468C VDD_IN 22556mW/18950mW VDD_CPU_GPU_CV 9459mW/7641mW VDD_SOC 5990mW/5159mW
08-04-2026 08:48:52 RAM 4037/7620MB (lfb 51x1MB) SWAP 2644/12002MB (cached 127MB) CPU [0%@1728,0%@1728,0%@1728,0%@1728,100%@1728,0%@1728] GR3D_FREQ 99% cpu@72.156C soc2@70.625C soc0@70.937C gpu@73.812C tj@73.812C soc1@71.468C VDD_IN 22596mW/18974mW VDD_CPU_GPU_CV 9459mW/7653mW VDD_SOC 6030mW/5165mW
08-04-2026 08:48:52 RAM 4037/7620MB (lfb 51x1MB) SWAP 2644/12002MB (cached 127MB) CPU [20%@1728,0%@1728,9%@1728,9%@1728,100%@1728,0%@1728] GR3D_FREQ 99% cpu@72.125C soc2@70.75C soc0@71C gpu@74.031C tj@74.031C soc1@71.531C VDD_IN 22596mW/18997mW VDD_CPU_GPU_CV 9459mW/7664mW VDD_SOC 6030mW/5170mW
08-04-2026 08:48:52 RAM 4037/7620MB (lfb 51x1MB) SWAP 2644/12002MB (cached 127MB) CPU [9%@1728,10%@1728,9%@1728,0%@1728,100%@1728,0%@1728] GR3D_FREQ 99% cpu@72.187C soc2@70.531C soc0@70.75C gpu@74.062C tj@74.062C soc1@71.312C VDD_IN 22515mW/19020mW VDD_CPU_GPU_CV 9459mW/7676mW VDD_SOC 6000mW/5176mW
08-04-2026 08:48:52 RAM 4037/7620MB (lfb 51x1MB) SWAP 2644/12002MB (cached 127MB) CPU [9%@1728,9%@1728,0%@1728,10%@1728,100%@1728,9%@1728] GR3D_FREQ 99% cpu@71.937C soc2@70.687C soc0@70.75C gpu@73.781C tj@73.781C soc1@71.343C VDD_IN 22515mW/19042mW VDD_CPU_GPU_CV 9419mW/7687mW VDD_SOC 6000mW/5181mW
08-04-2026 08:48:52 RAM 4037/7620MB (lfb 51x1MB) SWAP 2644/12002MB (cached 127MB) CPU [9%@1728,0%@1728,0%@1728,9%@1728,100%@1728,0%@1728] GR3D_FREQ 99% cpu@72.062C soc2@70.625C soc0@70.875C gpu@73.718C tj@73.718C soc1@71.468C VDD_IN 22515mW/19064mW VDD_CPU_GPU_CV 9419mW/7698mW VDD_SOC 5990mW/5186mW
08-04-2026 08:48:52 RAM 4038/7620MB (lfb 51x1MB) SWAP 2644/12002MB (cached 127MB) CPU [27%@1728,18%@1728,10%@1728,10%@1728,100%@1728,0%@1728] GR3D_FREQ 99% cpu@72.281C soc2@70.625C soc0@70.718C gpu@74C tj@74C soc1@71.25C VDD_IN 22556mW/19087mW VDD_CPU_GPU_CV 9459mW/7709mW VDD_SOC 5990mW/5191mW
08-04-2026 08:48:52 RAM 4038/7620MB (lfb 51x1MB) SWAP 2644/12002MB (cached 127MB) CPU [9%@1728,0%@1728,0%@1728,0%@1728,100%@1728,0%@1728] GR3D_FREQ 99% cpu@71.937C soc2@70.593C soc0@70.781C gpu@73.781C tj@73.781C soc1@71.312C VDD_IN 22596mW/19109mW VDD_CPU_GPU_CV 9459mW/7720mW VDD_SOC 5990mW/5196mW
08-04-2026 08:48:53 RAM 4038/7620MB (lfb 51x1MB) SWAP 2644/12002MB (cached 127MB) CPU [0%@1728,9%@1728,0%@1728,9%@1728,100%@1728,0%@1728] GR3D_FREQ 99% cpu@71.906C soc2@70.5C soc0@70.812C gpu@73.75C tj@73.75C soc1@71.406C VDD_IN 22636mW/19131mW VDD_CPU_GPU_CV 9459mW/7731mW VDD_SOC 6030mW/5201mW
08-04-2026 08:48:53 RAM 4038/7620MB (lfb 51x1MB) SWAP 2644/12002MB (cached 127MB) CPU [0%@1728,0%@1728,16%@1728,0%@1728,100%@1728,0%@1728] GR3D_FREQ 99% cpu@71.968C soc2@70.656C soc0@70.875C gpu@74C tj@73.687C soc1@71.5C VDD_IN 22596mW/19152mW VDD_CPU_GPU_CV 9498mW/7742mW VDD_SOC 5990mW/5206mW
08-04-2026 08:48:53 RAM 4038/7620MB (lfb 51x1MB) SWAP 2644/12002MB (cached 127MB) CPU [10%@1728,15%@1728,0%@1728,0%@1728,100%@1728,0%@1728] GR3D_FREQ 99% cpu@72.281C soc2@70.718C soc0@70.843C gpu@73.843C tj@73.843C soc1@71.156C VDD_IN 22596mW/19173mW VDD_CPU_GPU_CV 9498mW/7753mW VDD_SOC 6030mW/5211mW
08-04-2026 08:48:53 RAM 4038/7620MB (lfb 51x1MB) SWAP 2644/12002MB (cached 127MB) CPU [0%@1728,0%@1728,0%@1728,9%@1728,100%@1728,0%@1728] GR3D_FREQ 99% cpu@71.937C soc2@70.531C soc0@70.656C gpu@73.687C tj@73.687C soc1@71.25C VDD_IN 22600mW/19194mW VDD_CPU_GPU_CV 9498mW/7764mW VDD_SOC 6030mW/5216mW
08-04-2026 08:48:53 RAM 4039/7620MB (lfb 51x1MB) SWAP 2644/12002MB (cached 127MB) CPU [18%@1728,30%@1728,11%@1728,11%@1728,100%@1728,8%@1728] GR3D_FREQ 99% cpu@71.968C soc2@70.531C soc0@70.718C gpu@73.656C tj@73.656C soc1@71.281C VDD_IN 22556mW/19215mW VDD_CPU_GPU_CV 9498mW/7774mW VDD_SOC 5950mW/5221mW
08-04-2026 08:48:53 RAM 4039/7620MB (lfb 51x1MB) SWAP 2644/12002MB (cached 127MB) CPU [25%@1728,0%@1728,18%@1728,16%@1728,100%@1728,0%@1728] GR3D_FREQ 99% cpu@72.093C soc2@70.593C soc0@70.875C gpu@74.093C tj@74.093C soc1@71.406C VDD_IN 22556mW/19235mW VDD_CPU_GPU_CV 9498mW/7785mW VDD_SOC 5990mW/5226mW
08-04-2026 08:48:53 RAM 4039/7620MB (lfb 51x1MB) SWAP 2644/12002MB (cached 127MB) CPU [0%@1728,0%@1728,0%@1728,16%@1728,100%@1728,0%@1728] GR3D_FREQ 99% cpu@72.156C soc2@70.562C soc0@70.968C gpu@73.687C tj@73.687C soc1@71.312C VDD_IN 22596mW/19255mW VDD_CPU_GPU_CV 9498mW/7795mW VDD_SOC 5990mW/5230mW
08-04-2026 08:48:53 RAM 4039/7620MB (lfb 51x1MB) SWAP 2644/12002MB (cached 127MB) CPU [20%@1728,10%@1728,10%@1728,10%@1728,100%@1728,0%@1728] GR3D_FREQ 99% cpu@71.968C soc2@70.593C soc0@70.656C gpu@73.718C tj@73.718C soc1@71.281C VDD_IN 22556mW/19275mW VDD_CPU_GPU_CV 9498mW/7805mW VDD_SOC 5990mW/5235mW
08-04-2026 08:48:53 RAM 4039/7620MB (lfb 51x1MB) SWAP 2644/12002MB (cached 127MB) CPU [0%@1728,0%@1728,9%@1728,0%@1728,100%@1728,0%@1728] GR3D_FREQ 99% cpu@71.906C soc2@70.593C soc0@70.718C gpu@74C tj@74C soc1@71.343C VDD_IN 22636mW/19295mW VDD_CPU_GPU_CV 9498mW/7815mW VDD_SOC 5990mW/5239mW
08-04-2026 08:48:54 RAM 4039/7620MB (lfb 51x1MB) SWAP 2644/12002MB (cached 127MB) CPU [16%@1728,0%@1728,9%@1728,0%@1728,100%@1728,0%@1728] GR3D_FREQ 99% cpu@72.062C soc2@70.593C soc0@70.843C gpu@73.937C tj@73.937C soc1@71.531C VDD_IN 22636mW/19315mW VDD_CPU_GPU_CV 9498mW/7825mW VDD_SOC 5990mW/5244mW
08-04-2026 08:48:54 RAM 4039/7620MB (lfb 51x1MB) SWAP 2644/12002MB (cached 127MB) CPU [0%@1728,0%@1728,0%@1728,9%@1728,100%@1728,0%@1728] GR3D_FREQ 99% cpu@72.25C soc2@70.625C soc0@70.656C gpu@73.687C tj@73.687C soc1@71.218C VDD_IN 22636mW/19335mW VDD_CPU_GPU_CV 9538mW/7835mW VDD_SOC 6030mW/5248mW
08-04-2026 08:48:54 RAM 4039/7620MB (lfb 51x1MB) SWAP 2644/12002MB (cached 127MB) CPU [9%@1728,0%@1728,9%@1728,0%@1728,100%@1728,0%@1728] GR3D_FREQ 99% cpu@72.375C soc2@70.531C soc0@70.687C gpu@74.031C tj@74.031C soc1@71.25C VDD_IN 22640mW/19354mW VDD_CPU_GPU_CV 9498mW/7845mW VDD_SOC 6030mW/5253mW
08-04-2026 08:48:54 RAM 4039/7620MB (lfb 51x1MB) SWAP 2644/12002MB (cached 127MB) CPU [16%@1728,0%@1728,9%@1728,9%@1728,100%@1728,0%@1728] GR3D_FREQ 99% cpu@71.906C soc2@70.625C soc0@70.75C gpu@73.968C tj@73.968C soc1@71.406C VDD_IN 22640mW/19373mW VDD_CPU_GPU_CV 9498mW/7855mW VDD_SOC 6030mW/5257mW
08-04-2026 08:48:54 RAM 4039/7620MB (lfb 51x1MB) SWAP 2644/12002MB (cached 127MB) CPU [0%@1728,0%@1728,10%@1728,0%@1728,100%@1728,0%@1728] GR3D_FREQ 99% cpu@72.187C soc2@70.687C soc0@70.906C gpu@73.562C tj@73.562C soc1@71.5C VDD_IN 22636mW/19392mW VDD_CPU_GPU_CV 9498mW/7864mW VDD_SOC 6030mW/5262mW
08-04-2026 08:48:54 RAM 4037/7620MB (lfb 51x1MB) SWAP 2644/12002MB (cached 127MB) CPU [27%@1728,10%@1728,25%@1728,20%@1728,100%@1728,18%@1728] GR3D_FREQ 99% cpu@72.218C soc2@70.5C soc0@70.656C gpu@73.906C tj@73.906C soc1@71.25C VDD_IN 22556mW/19410mW VDD_CPU_GPU_CV 9459mW/7873mW VDD_SOC 6030mW/5266mW
08-04-2026 08:48:54 RAM 4037/7620MB (lfb 51x1MB) SWAP 2644/12002MB (cached 127MB) CPU [9%@1728,0%@1728,0%@1728,18%@1728,100%@1728,0%@1728] GR3D_FREQ 99% cpu@71.937C soc2@70.562C soc0@70.718C gpu@73.875C tj@73.875C soc1@71.343C VDD_IN 22515mW/19428mW VDD_CPU_GPU_CV 9459mW/7882mW VDD_SOC 5990mW/5270mW
08-04-2026 08:48:54 RAM 4037/7620MB (lfb 51x1MB) SWAP 2644/12002MB (cached 127MB) CPU [0%@1728,16%@1728,0%@1728,8%@1728,100%@1728,0%@1728] GR3D_FREQ 99% cpu@72.031C soc2@70.562C soc0@70.875C gpu@73.718C tj@73.718C soc1@71.437C VDD_IN 22556mW/19446mW VDD_CPU_GPU_CV 9459mW/7891mW VDD_SOC 5990mW/5274mW
08-04-2026 08:48:54 RAM 4037/7620MB (lfb 51x1MB) SWAP 2644/12002MB (cached 127MB) CPU [30%@1728,20%@1728,9%@1728,10%@1728,100%@1728,0%@1728] GR3D_FREQ 99% cpu@72.031C soc2@70.687C soc0@70.875C gpu@73.593C tj@73.593C soc1@71.25C VDD_IN 22600mW/19463mW VDD_CPU_GPU_CV 9498mW/7900mW VDD_SOC 6030mW/5279mW
08-04-2026 08:48:54 RAM 4041/7620MB (lfb 31x1MB) SWAP 2644/12002MB (cached 127MB) CPU [36%@1728,0%@1728,0%@1728,0%@1728,100%@1728,0%@1728] GR3D_FREQ 99% cpu@72.281C soc2@70.562C soc0@70.781C gpu@73.718C tj@73.718C soc1@71.281C VDD_IN 22556mW/19481mW VDD_CPU_GPU_CV 9498mW/7909mW VDD_SOC 5990mW/5283mW
08-04-2026 08:48:55 RAM 4041/7620MB (lfb 31x1MB) SWAP 2644/12002MB (cached 127MB) CPU [0%@1728,16%@1728,0%@1728,0%@1728,100%@1728,0%@1728] GR3D_FREQ 99% cpu@72.218C soc2@70.562C soc0@70.75C gpu@73.843C tj@73.843C soc1@71.375C VDD_IN 22556mW/19498mW VDD_CPU_GPU_CV 9498mW/7918mW VDD_SOC 5990mW/5287mW
08-04-2026 08:48:55 RAM 4041/7620MB (lfb 31x1MB) SWAP 2644/12002MB (cached 127MB) CPU [0%@1728,0%@1728,0%@1728,9%@1728,100%@1728,0%@1728] GR3D_FREQ 99% cpu@72.031C soc2@70.562C soc0@70.875C gpu@73.656C tj@73.656C soc1@71.468C VDD_IN 22596mW/19515mW VDD_CPU_GPU_CV 9459mW/7927mW VDD_SOC 5990mW/5291mW
08-04-2026 08:48:55 RAM 4042/7620MB (lfb 31x1MB) SWAP 2644/12002MB (cached 127MB) CPU [0%@1728,0%@1728,8%@1728,9%@1728,100%@1728,0%@1728] GR3D_FREQ 99% cpu@71.968C soc2@70.718C soc0@70.906C gpu@73.75C tj@73.75C soc1@71.593C VDD_IN 22556mW/19532mW VDD_CPU_GPU_CV 9459mW/7935mW VDD_SOC 5990mW/5294mW
08-04-2026 08:48:55 RAM 4042/7620MB (lfb 31x1MB) SWAP 2644/12002MB (cached 127MB) CPU [0%@1728,0%@1728,0%@1728,0%@1728,100%@1728,8%@1728] GR3D_FREQ 99% cpu@72.093C soc2@70.562C soc0@70.75C gpu@74C tj@74C soc1@71.343C VDD_IN 22556mW/19549mW VDD_CPU_GPU_CV 9459mW/7944mW VDD_SOC 5990mW/5298mW
08-04-2026 08:48:55 RAM 4042/7620MB (lfb 31x1MB) SWAP 2644/12002MB (cached 127MB) CPU [0%@1728,9%@1728,18%@1728,0%@1728,100%@1728,0%@1728] GR3D_FREQ 99% cpu@71.968C soc2@70.5C soc0@70.812C gpu@73.593C tj@73.593C soc1@71.468C VDD_IN 22556mW/19565mW VDD_CPU_GPU_CV 9419mW/7952mW VDD_SOC 5990mW/5302mW
08-04-2026 08:48:55 RAM 4042/7620MB (lfb 31x1MB) SWAP 2644/12002MB (cached 127MB) CPU [16%@1728,9%@1728,0%@1728,10%@1728,100%@1728,9%@1728] GR3D_FREQ 99% cpu@72.062C soc2@70.562C soc0@70.937C gpu@73.812C tj@73.812C soc1@71.531C VDD_IN 22515mW/19581mW VDD_CPU_GPU_CV 9419mW/7960mW VDD_SOC 5990mW/5306mW
08-04-2026 08:48:55 RAM 4042/7620MB (lfb 31x1MB) SWAP 2644/12002MB (cached 127MB) CPU [9%@1728,0%@1728,0%@1728,10%@1728,100%@1728,0%@1728] GR3D_FREQ 99% cpu@72.468C soc2@70.625C soc0@70.843C gpu@74.031C tj@74.031C soc1@71.375C VDD_IN 22475mW/19597mW VDD_CPU_GPU_CV 9419mW/7968mW VDD_SOC 5990mW/5309mW
08-04-2026 08:48:55 RAM 4043/7620MB (lfb 31x1MB) SWAP 2644/12002MB (cached 127MB) CPU [18%@1728,0%@1728,10%@1728,0%@1728,100%@1728,0%@1728] GR3D_FREQ 99% cpu@72.156C soc2@70.75C soc0@70.812C gpu@73.906C tj@73.906C soc1@71.406C VDD_IN 22556mW/19613mW VDD_CPU_GPU_CV 9419mW/7975mW VDD_SOC 5990mW/5313mW
08-04-2026 08:48:55 RAM 4043/7620MB (lfb 31x1MB) SWAP 2644/12002MB (cached 127MB) CPU [0%@1728,9%@1728,16%@1728,0%@1728,100%@1728,0%@1728] GR3D_FREQ 99% cpu@72C soc2@70.75C soc0@70.875C gpu@73.906C tj@73.906C soc1@71.531C VDD_IN 22596mW/19628mW VDD_CPU_GPU_CV 9498mW/7984mW VDD_SOC 5990mW/5317mW
08-04-2026 08:48:56 RAM 4043/7620MB (lfb 31x1MB) SWAP 2644/12002MB (cached 127MB) CPU [0%@1728,0%@1728,0%@1728,0%@1728,100%@1728,0%@1728] GR3D_FREQ 99% cpu@72.312C soc2@70.781C soc0@71C gpu@74.031C tj@74.031C soc1@71.656C VDD_IN 22596mW/19644mW VDD_CPU_GPU_CV 9459mW/7991mW VDD_SOC 6030mW/5321mW
08-04-2026 08:48:56 RAM 4043/7620MB (lfb 31x1MB) SWAP 2644/12002MB (cached 127MB) CPU [0%@1728,9%@1728,0%@1728,9%@1728,100%@1728,0%@1728] GR3D_FREQ 99% cpu@72.437C soc2@70.843C soc0@70.906C gpu@73.968C tj@73.968C soc1@71.406C VDD_IN 22636mW/19660mW VDD_CPU_GPU_CV 9459mW/7999mW VDD_SOC 6030mW/5324mW
08-04-2026 08:48:56 RAM 4043/7620MB (lfb 31x1MB) SWAP 2644/12002MB (cached 127MB) CPU [0%@1728,9%@1728,0%@1728,16%@1728,100%@1728,9%@1728] GR3D_FREQ 99% cpu@72.031C soc2@70.687C soc0@70.875C gpu@74C tj@74C soc1@71.468C VDD_IN 22556mW/19675mW VDD_CPU_GPU_CV 9459mW/8007mW VDD_SOC 5990mW/5328mW
08-04-2026 08:48:56 RAM 4043/7620MB (lfb 31x1MB) SWAP 2644/12002MB (cached 127MB) CPU [0%@1728,0%@1728,0%@1728,0%@1728,100%@1728,0%@1728] GR3D_FREQ 99% cpu@71.968C soc2@70.812C soc0@70.906C gpu@73.718C tj@73.718C soc1@71.531C VDD_IN 22515mW/19690mW VDD_CPU_GPU_CV 9419mW/8014mW VDD_SOC 6040mW/5332mW
08-04-2026 08:48:56 RAM 4043/7620MB (lfb 31x1MB) SWAP 2644/12002MB (cached 127MB) CPU [25%@1728,9%@1728,10%@1728,0%@1728,100%@1728,0%@1728] GR3D_FREQ 99% cpu@72.312C soc2@70.812C soc0@71.062C gpu@74C tj@74C soc1@71.687C VDD_IN 22515mW/19705mW VDD_CPU_GPU_CV 9419mW/8022mW VDD_SOC 6000mW/5335mW
08-04-2026 08:48:56 RAM 4043/7620MB (lfb 31x1MB) SWAP 2644/12002MB (cached 127MB) CPU [0%@1728,0%@1728,18%@1728,10%@1728,100%@1728,0%@1728] GR3D_FREQ 99% cpu@72.281C soc2@70.625C soc0@70.875C gpu@73.906C tj@73.906C soc1@71.406C VDD_IN 22435mW/19719mW VDD_CPU_GPU_CV 9419mW/8029mW VDD_SOC 6000mW/5338mW
08-04-2026 08:48:56 RAM 4043/7620MB (lfb 31x1MB) SWAP 2644/12002MB (cached 127MB) CPU [0%@1728,0%@1728,0%@1728,0%@1728,100%@1728,9%@1728] GR3D_FREQ 99% cpu@72.093C soc2@70.687C soc0@70.843C gpu@73.781C tj@73.781C soc1@71.531C VDD_IN 22395mW/19733mW VDD_CPU_GPU_CV 9419mW/8036mW VDD_SOC 6000mW/5342mW
08-04-2026 08:48:56 RAM 4043/7620MB (lfb 31x1MB) SWAP 2644/12002MB (cached 127MB) CPU [0%@1728,25%@1728,8%@1728,9%@1728,100%@1728,8%@1728] GR3D_FREQ 99% cpu@72.281C soc2@70.687C soc0@70.937C gpu@73.718C tj@73.718C soc1@71.5C VDD_IN 22475mW/19747mW VDD_CPU_GPU_CV 9419mW/8043mW VDD_SOC 6000mW/5345mW
08-04-2026 08:48:56 RAM 4043/7620MB (lfb 31x1MB) SWAP 2644/12002MB (cached 127MB) CPU [10%@1728,0%@1728,10%@1728,0%@1728,100%@1728,0%@1728] GR3D_FREQ 99% cpu@72.312C soc2@70.781C soc0@71.031C gpu@73.937C tj@74.156C soc1@71.781C VDD_IN 22475mW/19761mW VDD_CPU_GPU_CV 9459mW/8050mW VDD_SOC 6000mW/5349mW
08-04-2026 08:48:56 RAM 4043/7620MB (lfb 31x1MB) SWAP 2644/12002MB (cached 127MB) CPU [9%@1728,0%@1728,0%@1728,9%@1728,100%@1728,0%@1728] GR3D_FREQ 99% cpu@72.343C soc2@70.687C soc0@70.875C gpu@73.875C tj@73.875C soc1@71.406C VDD_IN 22515mW/19775mW VDD_CPU_GPU_CV 9459mW/8057mW VDD_SOC 5990mW/5352mW
08-04-2026 08:48:57 RAM 4043/7620MB (lfb 31x1MB) SWAP 2644/12002MB (cached 127MB) CPU [0%@1728,8%@1728,0%@1728,9%@1728,100%@1728,0%@1728] GR3D_FREQ 99% cpu@72.562C soc2@70.718C soc0@70.906C gpu@74.406C tj@74.406C soc1@71.531C VDD_IN 22556mW/19789mW VDD_CPU_GPU_CV 9459mW/8065mW VDD_SOC 5990mW/5355mW
08-04-2026 08:48:57 RAM 4043/7620MB (lfb 31x1MB) SWAP 2644/12002MB (cached 127MB) CPU [0%@1728,0%@1728,18%@1728,0%@1728,100%@1728,0%@1728] GR3D_FREQ 99% cpu@72.156C soc2@70.718C soc0@70.906C gpu@74.125C tj@74.125C soc1@71.531C VDD_IN 22556mW/19803mW VDD_CPU_GPU_CV 9459mW/8072mW VDD_SOC 5990mW/5358mW
08-04-2026 08:48:57 RAM 4043/7620MB (lfb 31x1MB) SWAP 2644/12002MB (cached 127MB) CPU [9%@1728,9%@1728,0%@1728,0%@1728,100%@1728,0%@1728] GR3D_FREQ 99% cpu@72.343C soc2@70.843C soc0@71.062C gpu@73.75C tj@73.75C soc1@71.687C VDD_IN 22556mW/19817mW VDD_CPU_GPU_CV 9459mW/8078mW VDD_SOC 6030mW/5362mW
08-04-2026 08:48:57 RAM 4043/7620MB (lfb 31x1MB) SWAP 2644/12002MB (cached 127MB) CPU [0%@1728,0%@1728,0%@1728,0%@1728,100%@1728,0%@1728] GR3D_FREQ 99% cpu@72.375C soc2@70.625C soc0@70.937C gpu@74.343C tj@74.343C soc1@71.437C VDD_IN 22556mW/19830mW VDD_CPU_GPU_CV 9459mW/8085mW VDD_SOC 6030mW/5365mW
08-04-2026 08:48:57 RAM 4043/7620MB (lfb 31x1MB) SWAP 2644/12002MB (cached 127MB) CPU [27%@1728,9%@1728,0%@1728,18%@1728,100%@1728,0%@1728] GR3D_FREQ 99% cpu@72.125C soc2@70.656C soc0@70.906C gpu@74.062C tj@74.062C soc1@71.531C VDD_IN 22435mW/19843mW VDD_CPU_GPU_CV 9419mW/8092mW VDD_SOC 6000mW/5368mW
08-04-2026 08:48:57 RAM 4043/7620MB (lfb 31x1MB) SWAP 2644/12002MB (cached 127MB) CPU [18%@1728,9%@1728,16%@1728,9%@1728,100%@1728,15%@1728] GR3D_FREQ 99% cpu@72.281C soc2@70.812C soc0@70.968C gpu@73.906C tj@73.906C soc1@71.531C VDD_IN 22515mW/19856mW VDD_CPU_GPU_CV 9459mW/8099mW VDD_SOC 5990mW/5371mW
08-04-2026 08:48:57 RAM 4044/7620MB (lfb 31x1MB) SWAP 2644/12002MB (cached 127MB) CPU [10%@1728,0%@1728,0%@1728,10%@1728,100%@1728,0%@1728] GR3D_FREQ 99% cpu@72.406C soc2@70.875C soc0@70.906C gpu@73.906C tj@73.906C soc1@71.468C VDD_IN 22515mW/19869mW VDD_CPU_GPU_CV 9459mW/8105mW VDD_SOC 5990mW/5374mW
08-04-2026 08:48:57 RAM 4043/7620MB (lfb 31x1MB) SWAP 2644/12002MB (cached 127MB) CPU [30%@1728,20%@1728,30%@1728,25%@1728,100%@1728,16%@1728] GR3D_FREQ 99% cpu@72.468C soc2@70.718C soc0@70.968C gpu@74.125C tj@74.125C soc1@71.468C VDD_IN 22556mW/19882mW VDD_CPU_GPU_CV 9498mW/8112mW VDD_SOC 5990mW/5377mW
08-04-2026 08:48:57 RAM 4042/7620MB (lfb 31x1MB) SWAP 2644/12002MB (cached 127MB) CPU [9%@1728,0%@1728,0%@1728,0%@1728,100%@1728,0%@1728] GR3D_FREQ 99% cpu@72.25C soc2@70.812C soc0@71C gpu@73.937C tj@73.937C soc1@71.531C VDD_IN 22596mW/19896mW VDD_CPU_GPU_CV 9498mW/8119mW VDD_SOC 5990mW/5380mW
08-04-2026 08:48:58 RAM 4042/7620MB (lfb 31x1MB) SWAP 2644/12002MB (cached 127MB) CPU [9%@1728,0%@1728,0%@1728,0%@1728,100%@1728,0%@1728] GR3D_FREQ 99% cpu@72.281C soc2@70.781C soc0@71.125C gpu@74C tj@74C soc1@71.656C VDD_IN 22556mW/19908mW VDD_CPU_GPU_CV 9459mW/8125mW VDD_SOC 5990mW/5383mW
08-04-2026 08:48:58 RAM 4042/7620MB (lfb 31x1MB) SWAP 2644/12002MB (cached 127MB) CPU [0%@1728,9%@1728,0%@1728,0%@1728,100%@1728,0%@1728] GR3D_FREQ 99% cpu@72.281C soc2@70.843C soc0@71.218C gpu@73.968C tj@73.968C soc1@71.375C VDD_IN 22596mW/19921mW VDD_CPU_GPU_CV 9498mW/8132mW VDD_SOC 5990mW/5386mW
08-04-2026 08:48:58 RAM 4042/7620MB (lfb 31x1MB) SWAP 2644/12002MB (cached 127MB) CPU [9%@1728,0%@1728,0%@1728,9%@1728,100%@1728,9%@1728] GR3D_FREQ 99% cpu@72.281C soc2@70.75C soc0@70.875C gpu@74.5C tj@74.5C soc1@71.531C VDD_IN 22600mW/19934mW VDD_CPU_GPU_CV 9498mW/8138mW VDD_SOC 6030mW/5389mW
08-04-2026 08:48:58 RAM 4042/7620MB (lfb 31x1MB) SWAP 2644/12002MB (cached 127MB) CPU [10%@1728,16%@1728,0%@1728,9%@1728,100%@1728,0%@1728] GR3D_FREQ 99% cpu@72.218C soc2@70.812C soc0@70.968C gpu@74.062C tj@74.062C soc1@71.656C VDD_IN 22600mW/19947mW VDD_CPU_GPU_CV 9498mW/8145mW VDD_SOC 6030mW/5392mW
08-04-2026 08:48:58 RAM 4043/7620MB (lfb 31x1MB) SWAP 2644/12002MB (cached 127MB) CPU [18%@1728,20%@1728,36%@1728,10%@1728,100%@1728,0%@1728] GR3D_FREQ 99% cpu@72.625C soc2@70.843C soc0@71.093C gpu@73.906C tj@73.906C soc1@71.718C VDD_IN 22596mW/19959mW VDD_CPU_GPU_CV 9498mW/8151mW VDD_SOC 5990mW/5395mW
08-04-2026 08:48:58 RAM 4043/7620MB (lfb 31x1MB) SWAP 2644/12002MB (cached 127MB) CPU [10%@1728,9%@1728,16%@1728,16%@1728,100%@1728,0%@1728] GR3D_FREQ 99% cpu@72.343C soc2@70.812C soc0@70.937C gpu@74.437C tj@74.437C soc1@71.5C VDD_IN 22560mW/19972mW VDD_CPU_GPU_CV 9498mW/8158mW VDD_SOC 6030mW/5398mW
08-04-2026 08:48:58 RAM 4043/7620MB (lfb 31x1MB) SWAP 2644/12002MB (cached 127MB) CPU [9%@1728,0%@1728,0%@1728,9%@1728,100%@1728,0%@1728] GR3D_FREQ 99% cpu@72.187C soc2@70.781C soc0@71C gpu@74.218C tj@74.218C soc1@71.5C VDD_IN 22515mW/19984mW VDD_CPU_GPU_CV 9459mW/8164mW VDD_SOC 6000mW/5401mW
08-04-2026 08:48:58 RAM 4044/7620MB (lfb 31x1MB) SWAP 2644/12002MB (cached 127MB) CPU [10%@1728,18%@1728,18%@1728,0%@1728,100%@1728,0%@1728] GR3D_FREQ 99% cpu@72.375C soc2@70.812C soc0@71.062C gpu@74.093C tj@74.093C soc1@71.593C VDD_IN 22556mW/19996mW VDD_CPU_GPU_CV 9498mW/8170mW VDD_SOC 5990mW/5404mW
08-04-2026 08:48:58 RAM 4044/7620MB (lfb 31x1MB) SWAP 2644/12002MB (cached 127MB) CPU [10%@1728,23%@1728,18%@1728,16%@1728,100%@1728,0%@1728] GR3D_FREQ 99% cpu@72.437C soc2@70.843C soc0@71.187C gpu@74.281C tj@74.281C soc1@71.781C VDD_IN 22596mW/20008mW VDD_CPU_GPU_CV 9498mW/8176mW VDD_SOC 6030mW/5406mW
08-04-2026 08:48:58 RAM 4044/7620MB (lfb 31x1MB) SWAP 2644/12002MB (cached 127MB) CPU [0%@1728,0%@1728,0%@1728,0%@1728,100%@1728,0%@1728] GR3D_FREQ 99% cpu@72.531C soc2@70.843C soc0@70.937C gpu@74.156C tj@74.156C soc1@71.5C VDD_IN 22560mW/20020mW VDD_CPU_GPU_CV 9498mW/8182mW VDD_SOC 6030mW/5409mW
08-04-2026 08:48:59 RAM 4044/7620MB (lfb 31x1MB) SWAP 2644/12002MB (cached 127MB) CPU [0%@1728,9%@1728,0%@1728,0%@1728,100%@1728,0%@1728] GR3D_FREQ 99% cpu@72.187C soc2@70.75C soc0@70.968C gpu@74.218C tj@74.218C soc1@71.531C VDD_IN 22560mW/20031mW VDD_CPU_GPU_CV 9498mW/8188mW VDD_SOC 5990mW/5412mW
08-04-2026 08:48:59 RAM 4044/7620MB (lfb 31x1MB) SWAP 2644/12002MB (cached 127MB) CPU [0%@1728,0%@1728,0%@1728,0%@1728,100%@1728,0%@1728] GR3D_FREQ 99% cpu@72.218C soc2@70.843C soc0@71C gpu@74C tj@74C soc1@71.562C VDD_IN 22596mW/20043mW VDD_CPU_GPU_CV 9498mW/8194mW VDD_SOC 6030mW/5415mW
08-04-2026 08:48:59 RAM 4044/7620MB (lfb 31x1MB) SWAP 2644/12002MB (cached 127MB) CPU [0%@1728,0%@1728,9%@1728,0%@1728,45%@1728,0%@1728] GR3D_FREQ 99% cpu@72.343C soc2@70.937C soc0@71.093C gpu@74.218C tj@74.218C soc1@71.468C VDD_IN 22596mW/20055mW VDD_CPU_GPU_CV 9419mW/8200mW VDD_SOC 6030mW/5418mW
08-04-2026 08:48:59 RAM 4044/7620MB (lfb 31x1MB) SWAP 2644/12002MB (cached 127MB) CPU [9%@1728,0%@1728,9%@1728,9%@1728,0%@1728,0%@1728] GR3D_FREQ 99% cpu@72.437C soc2@70.781C soc0@70.843C gpu@74.125C tj@74.125C soc1@71.5C VDD_IN 22475mW/20066mW VDD_CPU_GPU_CV 9339mW/8205mW VDD_SOC 6030mW/5420mW
08-04-2026 08:48:59 RAM 4044/7620MB (lfb 31x1MB) SWAP 2644/12002MB (cached 127MB) CPU [25%@1728,9%@1728,10%@1728,0%@1728,0%@1728,0%@1728] GR3D_FREQ 99% cpu@71.968C soc2@70.812C soc0@70.968C gpu@74.031C tj@74.031C soc1@71.531C VDD_IN 22355mW/20076mW VDD_CPU_GPU_CV 9235mW/8210mW VDD_SOC 6040mW/5423mW
08-04-2026 08:48:59 RAM 4044/7620MB (lfb 31x1MB) SWAP 2644/12002MB (cached 127MB) CPU [9%@1728,10%@1728,0%@1728,9%@1728,0%@1728,0%@1728] GR3D_FREQ 99% cpu@72.125C soc2@70.843C soc0@71.062C gpu@74C tj@74C soc1@71.531C VDD_IN 22355mW/20086mW VDD_CPU_GPU_CV 9195mW/8214mW VDD_SOC 6040mW/5426mW
08-04-2026 08:48:59 RAM 4044/7620MB (lfb 31x1MB) SWAP 2644/12002MB (cached 127MB) CPU [10%@1728,9%@1728,9%@1728,0%@1728,0%@1728,0%@1728] GR3D_FREQ 99% cpu@72.187C soc2@70.843C soc0@71.187C gpu@74C tj@74C soc1@71.5C VDD_IN 22315mW/20096mW VDD_CPU_GPU_CV 9195mW/8219mW VDD_SOC 6040mW/5429mW
08-04-2026 08:48:59 RAM 4043/7620MB (lfb 31x1MB) SWAP 2644/12002MB (cached 127MB) CPU [16%@1728,10%@1728,10%@1728,27%@1728,0%@1728,0%@1728] GR3D_FREQ 97% cpu@72.375C soc2@70.843C soc0@70.968C gpu@73.906C tj@73.906C soc1@71.5C VDD_IN 22355mW/20106mW VDD_CPU_GPU_CV 9195mW/8223mW VDD_SOC 6080mW/5432mW
08-04-2026 08:48:59 RAM 4043/7620MB (lfb 31x1MB) SWAP 2644/12002MB (cached 127MB) CPU [0%@1728,0%@1728,0%@1728,9%@1728,9%@1728,0%@1728] GR3D_FREQ 99% cpu@72.437C soc2@70.812C soc0@70.968C gpu@74.031C tj@74.031C soc1@71.562C VDD_IN 22355mW/20116mW VDD_CPU_GPU_CV 9155mW/8227mW VDD_SOC 6040mW/5434mW
08-04-2026 08:49:00 RAM 4043/7620MB (lfb 31x1MB) SWAP 2644/12002MB (cached 127MB) CPU [9%@1728,9%@1728,9%@1728,0%@1728,10%@1728,0%@1728] GR3D_FREQ 99% cpu@72.125C soc2@70.781C soc0@70.968C gpu@74.218C tj@74.218C soc1@71.562C VDD_IN 22315mW/20126mW VDD_CPU_GPU_CV 9116mW/8231mW VDD_SOC 6040mW/5437mW
08-04-2026 08:49:00 RAM 4043/7620MB (lfb 31x1MB) SWAP 2644/12002MB (cached 127MB) CPU [0%@1728,0%@1728,0%@1728,0%@1728,9%@1728,0%@1728] GR3D_FREQ 98% cpu@72.25C soc2@70.843C soc0@71.062C gpu@73.937C tj@73.937C soc1@71.437C VDD_IN 22355mW/20136mW VDD_CPU_GPU_CV 9076mW/8235mW VDD_SOC 6080mW/5440mW
08-04-2026 08:49:00 RAM 4043/7620MB (lfb 31x1MB) SWAP 2644/12002MB (cached 127MB) CPU [10%@1728,0%@1728,0%@1728,0%@1728,9%@1728,0%@1728] GR3D_FREQ 99% cpu@72.25C soc2@70.687C soc0@70.843C gpu@73.968C tj@73.968C soc1@71.437C VDD_IN 22315mW/20145mW VDD_CPU_GPU_CV 9076mW/8239mW VDD_SOC 6040mW/5443mW
08-04-2026 08:49:00 RAM 4043/7620MB (lfb 31x1MB) SWAP 2644/12002MB (cached 127MB) CPU [50%@1728,0%@1728,9%@1728,0%@1728,0%@1728,0%@1728] GR3D_FREQ 99% cpu@72.062C soc2@70.843C soc0@70.937C gpu@74.218C tj@74.218C soc1@71.5C VDD_IN 22395mW/20155mW VDD_CPU_GPU_CV 9116mW/8242mW VDD_SOC 6070mW/5445mW
08-04-2026 08:49:00 RAM 4043/7620MB (lfb 31x1MB) SWAP 2644/12002MB (cached 127MB) CPU [10%@1728,10%@1728,0%@1728,0%@1728,9%@1728,0%@1728] GR3D_FREQ 99% cpu@72.187C soc2@70.843C soc0@71.031C gpu@74.093C tj@74.093C soc1@71.625C VDD_IN 22355mW/20165mW VDD_CPU_GPU_CV 9076mW/8246mW VDD_SOC 6080mW/5448mW
08-04-2026 08:49:00 RAM 4043/7620MB (lfb 31x1MB) SWAP 2644/12002MB (cached 127MB) CPU [18%@1728,0%@1728,9%@1728,16%@1728,0%@1728,9%@1728] GR3D_FREQ 99% cpu@72.093C soc2@70.875C soc0@70.843C gpu@73.906C tj@73.906C soc1@71.437C VDD_IN 22275mW/20174mW VDD_CPU_GPU_CV 9076mW/8250mW VDD_SOC 6040mW/5451mW
08-04-2026 08:49:00 RAM 4043/7620MB (lfb 31x1MB) SWAP 2644/12002MB (cached 127MB) CPU [0%@1728,9%@1728,0%@1728,10%@1728,9%@1728,0%@1728] GR3D_FREQ 99% cpu@72.125C soc2@70.687C soc0@70.843C gpu@74.093C tj@74.093C soc1@71.468C VDD_IN 22275mW/20183mW VDD_CPU_GPU_CV 9036mW/8253mW VDD_SOC 6040mW/5453mW
08-04-2026 08:49:00 RAM 4043/7620MB (lfb 31x1MB) SWAP 2644/12002MB (cached 127MB) CPU [25%@1728,10%@1728,10%@1728,9%@1728,9%@1728,0%@1728] GR3D_FREQ 99% cpu@72.218C soc2@70.718C soc0@70.812C gpu@74.187C tj@74.187C soc1@71.531C VDD_IN 22315mW/20192mW VDD_CPU_GPU_CV 9076mW/8256mW VDD_SOC 6040mW/5456mW
08-04-2026 08:49:00 RAM 4042/7620MB (lfb 31x1MB) SWAP 2644/12002MB (cached 127MB) CPU [10%@1728,27%@1728,10%@1728,10%@1728,10%@1728,27%@1728] GR3D_FREQ 99% cpu@72.062C soc2@70.75C soc0@71C gpu@74.031C tj@74.031C soc1@71.656C VDD_IN 22355mW/20201mW VDD_CPU_GPU_CV 9155mW/8260mW VDD_SOC 6040mW/5458mW
08-04-2026 08:49:00 RAM 4042/7620MB (lfb 31x1MB) SWAP 2644/12002MB (cached 127MB) CPU [16%@1728,0%@1728,9%@1728,0%@1728,0%@1728,10%@1728] GR3D_FREQ 99% cpu@72.125C soc2@70.843C soc0@70.843C gpu@74.281C tj@74.281C soc1@71.468C VDD_IN 22355mW/20211mW VDD_CPU_GPU_CV 9116mW/8264mW VDD_SOC 6080mW/5461mW
08-04-2026 08:49:01 RAM 4042/7620MB (lfb 31x1MB) SWAP 2644/12002MB (cached 127MB) CPU [9%@1728,0%@1728,8%@1728,0%@1728,0%@1728,0%@1728] GR3D_FREQ 99% cpu@71.906C soc2@70.75C soc0@70.968C gpu@74.125C tj@74.125C soc1@71.437C VDD_IN 22355mW/20220mW VDD_CPU_GPU_CV 9116mW/8268mW VDD_SOC 6080mW/5463mW
08-04-2026 08:49:01 RAM 4041/7620MB (lfb 31x1MB) SWAP 2644/12002MB (cached 127MB) CPU [0%@1728,0%@1728,0%@1728,9%@1728,0%@1728,9%@1728] GR3D_FREQ 99% cpu@71.968C soc2@70.687C soc0@70.875C gpu@74.031C tj@74.031C soc1@71.531C VDD_IN 22315mW/20229mW VDD_CPU_GPU_CV 9076mW/8271mW VDD_SOC 6040mW/5466mW
08-04-2026 08:49:01 RAM 4041/7620MB (lfb 31x1MB) SWAP 2644/12002MB (cached 127MB) CPU [0%@1728,9%@1728,0%@1728,9%@1728,0%@1728,16%@1728] GR3D_FREQ 95% cpu@71.968C soc2@70.718C soc0@70.968C gpu@73.875C tj@73.875C soc1@71.531C VDD_IN 22315mW/20237mW VDD_CPU_GPU_CV 9076mW/8274mW VDD_SOC 6080mW/5468mW
08-04-2026 08:49:01 RAM 4041/7620MB (lfb 31x1MB) SWAP 2644/12002MB (cached 127MB) CPU [0%@1728,0%@1728,0%@1728,9%@1728,0%@1728,0%@1728] GR3D_FREQ 99% cpu@71.937C soc2@70.781C soc0@70.843C gpu@73.875C tj@73.875C soc1@71.406C VDD_IN 22355mW/20246mW VDD_CPU_GPU_CV 9076mW/8278mW VDD_SOC 6080mW/5471mW
08-04-2026 08:49:01 RAM 4042/7620MB (lfb 31x1MB) SWAP 2644/12002MB (cached 127MB) CPU [30%@1728,10%@1728,18%@1728,9%@1728,0%@1728,10%@1728] GR3D_FREQ 99% cpu@72.062C soc2@70.625C soc0@70.937C gpu@73.875C tj@73.875C soc1@71.468C VDD_IN 22235mW/20254mW VDD_CPU_GPU_CV 9036mW/8281mW VDD_SOC 6040mW/5473mW
08-04-2026 08:49:01 RAM 4042/7620MB (lfb 31x1MB) SWAP 2644/12002MB (cached 127MB) CPU [10%@1728,9%@1728,0%@1728,18%@1728,9%@1728,9%@1728] GR3D_FREQ 97% cpu@71.968C soc2@70.781C soc0@70.968C gpu@73.906C tj@73.906C soc1@71.5C VDD_IN 22315mW/20263mW VDD_CPU_GPU_CV 9076mW/8284mW VDD_SOC 6080mW/5476mW
08-04-2026 08:49:01 RAM 4042/7620MB (lfb 31x1MB) SWAP 2644/12002MB (cached 127MB) CPU [0%@1728,9%@1728,9%@1728,0%@1728,0%@1728,0%@1728] GR3D_FREQ 99% cpu@72.031C soc2@70.718C soc0@71C gpu@73.968C tj@73.968C soc1@71.656C VDD_IN 22275mW/20271mW VDD_CPU_GPU_CV 9036mW/8287mW VDD_SOC 6040mW/5478mW
08-04-2026 08:49:01 RAM 4042/7620MB (lfb 31x1MB) SWAP 2644/12002MB (cached 127MB) CPU [10%@1728,30%@1728,20%@1728,25%@1728,0%@1728,10%@1728] GR3D_FREQ 99% cpu@72.343C soc2@70.812C soc0@70.843C gpu@74.218C tj@74.218C soc1@71.437C VDD_IN 22355mW/20280mW VDD_CPU_GPU_CV 9116mW/8291mW VDD_SOC 6080mW/5481mW
08-04-2026 08:49:01 RAM 4042/7620MB (lfb 31x1MB) SWAP 2644/12002MB (cached 127MB) CPU [0%@1728,0%@1728,0%@1728,9%@1728,0%@1728,10%@1728] GR3D_FREQ 99% cpu@72C soc2@70.718C soc0@70.875C gpu@73.812C tj@73.812C soc1@71.437C VDD_IN 22355mW/20288mW VDD_CPU_GPU_CV 9116mW/8294mW VDD_SOC 6080mW/5483mW
08-04-2026 08:49:02 RAM 4042/7620MB (lfb 31x1MB) SWAP 2644/12002MB (cached 127MB) CPU [9%@1728,0%@1728,0%@1728,9%@1728,0%@1728,0%@1728] GR3D_FREQ 99% cpu@71.968C soc2@70.625C soc0@70.937C gpu@73.843C tj@73.843C soc1@71.437C VDD_IN 22355mW/20297mW VDD_CPU_GPU_CV 9116mW/8297mW VDD_SOC 6080mW/5486mW
08-04-2026 08:49:02 RAM 4042/7620MB (lfb 31x1MB) SWAP 2644/12002MB (cached 127MB) CPU [0%@1728,0%@1728,0%@1728,0%@1728,0%@1728,9%@1728] GR3D_FREQ 99% cpu@72.25C soc2@70.625C soc0@70.968C gpu@74.125C tj@74.125C soc1@71.593C VDD_IN 22355mW/20305mW VDD_CPU_GPU_CV 9076mW/8301mW VDD_SOC 6080mW/5488mW
08-04-2026 08:49:02 RAM 4042/7620MB (lfb 31x1MB) SWAP 2644/12002MB (cached 127MB) CPU [0%@1728,0%@1728,9%@1728,0%@1728,0%@1728,10%@1728] GR3D_FREQ 99% cpu@72.25C soc2@70.781C soc0@70.843C gpu@73.906C tj@73.906C soc1@71.437C VDD_IN 22355mW/20313mW VDD_CPU_GPU_CV 9076mW/8304mW VDD_SOC 6080mW/5490mW
08-04-2026 08:49:02 RAM 4042/7620MB (lfb 31x1MB) SWAP 2644/12002MB (cached 127MB) CPU [9%@1728,0%@1728,0%@1728,9%@1728,0%@1728,9%@1728] GR3D_FREQ 99% cpu@71.875C soc2@70.656C soc0@70.875C gpu@73.875C tj@73.875C soc1@71.468C VDD_IN 22355mW/20322mW VDD_CPU_GPU_CV 9076mW/8307mW VDD_SOC 6080mW/5493mW
08-04-2026 08:49:02 RAM 4042/7620MB (lfb 31x1MB) SWAP 2644/12002MB (cached 127MB) CPU [0%@1728,9%@1728,18%@1728,9%@1728,0%@1728,18%@1728] GR3D_FREQ 99% cpu@71.937C soc2@70.625C soc0@70.875C gpu@74C tj@74C soc1@71.468C VDD_IN 22315mW/20330mW VDD_CPU_GPU_CV 9076mW/8310mW VDD_SOC 6080mW/5495mW
08-04-2026 08:49:02 RAM 4042/7620MB (lfb 31x1MB) SWAP 2644/12002MB (cached 127MB) CPU [0%@1728,10%@1728,0%@1728,9%@1728,0%@1728,10%@1728] GR3D_FREQ 99% cpu@72C soc2@70.75C soc0@71.031C gpu@74.031C tj@74.031C soc1@71.625C VDD_IN 22315mW/20338mW VDD_CPU_GPU_CV 9076mW/8313mW VDD_SOC 6080mW/5497mW
08-04-2026 08:49:02 RAM 4042/7620MB (lfb 31x1MB) SWAP 2644/12002MB (cached 127MB) CPU [16%@1728,9%@1728,9%@1728,0%@1728,0%@1728,9%@1728] GR3D_FREQ 99% cpu@72.187C soc2@70.562C soc0@70.812C gpu@74.312C tj@74.312C soc1@71.343C VDD_IN 22235mW/20345mW VDD_CPU_GPU_CV 9036mW/8316mW VDD_SOC 6040mW/5500mW
08-04-2026 08:49:02 RAM 4042/7620MB (lfb 31x1MB) SWAP 2644/12002MB (cached 127MB) CPU [0%@1728,0%@1728,18%@1728,0%@1728,0%@1728,10%@1728] GR3D_FREQ 96% cpu@72.406C soc2@70.625C soc0@70.843C gpu@74.031C tj@74.031C soc1@71.406C VDD_IN 22235mW/20353mW VDD_CPU_GPU_CV 9036mW/8319mW VDD_SOC 6040mW/5502mW
08-04-2026 08:49:02 RAM 4041/7620MB (lfb 31x1MB) SWAP 2644/12002MB (cached 127MB) CPU [18%@1728,0%@1728,18%@1728,10%@1728,8%@1728,9%@1728] GR3D_FREQ 99% cpu@71.937C soc2@70.656C soc0@70.875C gpu@73.937C tj@73.937C soc1@71.468C VDD_IN 22275mW/20360mW VDD_CPU_GPU_CV 9076mW/8322mW VDD_SOC 6040mW/5504mW
08-04-2026 08:49:02 RAM 4041/7620MB (lfb 31x1MB) SWAP 2644/12002MB (cached 127MB) CPU [9%@1728,8%@1728,0%@1728,9%@1728,0%@1728,0%@1728] GR3D_FREQ 99% cpu@72C soc2@70.593C soc0@70.937C gpu@73.968C tj@73.968C soc1@71.531C VDD_IN 22235mW/20368mW VDD_CPU_GPU_CV 9036mW/8325mW VDD_SOC 6040mW/5506mW
08-04-2026 08:49:03 RAM 4041/7620MB (lfb 31x1MB) SWAP 2644/12002MB (cached 127MB) CPU [0%@1728,0%@1728,0%@1728,0%@1728,0%@1728,10%@1728] GR3D_FREQ 97% cpu@72.218C soc2@70.625C soc0@70.781C gpu@74.062C tj@73.781C soc1@71.312C VDD_IN 22235mW/20375mW VDD_CPU_GPU_CV 9036mW/8327mW VDD_SOC 6040mW/5508mW
08-04-2026 08:49:03 RAM 4041/7620MB (lfb 31x1MB) SWAP 2644/12002MB (cached 127MB) CPU [0%@1728,0%@1728,9%@1728,16%@1728,0%@1728,9%@1728] GR3D_FREQ 99% cpu@72.187C soc2@70.593C soc0@70.843C gpu@74C tj@74C soc1@71.375C VDD_IN 22275mW/20382mW VDD_CPU_GPU_CV 9036mW/8330mW VDD_SOC 6040mW/5510mW
08-04-2026 08:49:03 RAM 4041/7620MB (lfb 31x1MB) SWAP 2644/12002MB (cached 127MB) CPU [0%@1728,0%@1728,0%@1728,9%@1728,0%@1728,0%@1728] GR3D_FREQ 99% cpu@71.968C soc2@70.562C soc0@70.843C gpu@73.875C tj@73.875C soc1@71.375C VDD_IN 22235mW/20390mW VDD_CPU_GPU_CV 9036mW/8333mW VDD_SOC 6040mW/5512mW
08-04-2026 08:49:03 RAM 4041/7620MB (lfb 31x1MB) SWAP 2644/12002MB (cached 127MB) CPU [0%@1728,0%@1728,0%@1728,9%@1728,9%@1728,18%@1728] GR3D_FREQ 97% cpu@72.062C soc2@70.593C soc0@71.062C gpu@73.656C tj@73.656C soc1@71.531C VDD_IN 22235mW/20397mW VDD_CPU_GPU_CV 8996mW/8335mW VDD_SOC 6080mW/5514mW
08-04-2026 08:49:03 RAM 4042/7620MB (lfb 31x1MB) SWAP 2644/12002MB (cached 127MB) CPU [25%@1728,18%@1728,33%@1728,20%@1728,9%@1728,18%@1728] GR3D_FREQ 99% cpu@72.125C soc2@70.562C soc0@70.812C gpu@73.687C tj@73.687C soc1@71.312C VDD_IN 22195mW/20404mW VDD_CPU_GPU_CV 8996mW/8338mW VDD_SOC 6040mW/5516mW
08-04-2026 08:49:03 RAM 4042/7620MB (lfb 31x1MB) SWAP 2644/12002MB (cached 127MB) CPU [9%@1728,0%@1728,0%@1728,20%@1728,0%@1728,9%@1728] GR3D_FREQ 99% cpu@71.937C soc2@70.562C soc0@70.843C gpu@73.781C tj@73.781C soc1@71.375C VDD_IN 22195mW/20411mW VDD_CPU_GPU_CV 8996mW/8341mW VDD_SOC 6040mW/5518mW
08-04-2026 08:49:03 RAM 4042/7620MB (lfb 31x1MB) SWAP 2644/12002MB (cached 127MB) CPU [9%@1728,0%@1728,16%@1728,0%@1728,0%@1728,10%@1728] GR3D_FREQ 95% cpu@71.937C soc2@70.593C soc0@70.906C gpu@73.718C tj@73.718C soc1@71.437C VDD_IN 22155mW/20417mW VDD_CPU_GPU_CV 8996mW/8343mW VDD_SOC 6040mW/5520mW
08-04-2026 08:49:03 RAM 4043/7620MB (lfb 31x1MB) SWAP 2644/12002MB (cached 127MB) CPU [10%@1728,9%@1728,9%@1728,18%@1728,18%@1728,9%@1728] GR3D_FREQ 99% cpu@71.968C soc2@70.718C soc0@70.843C gpu@74.25C tj@74.25C soc1@71.343C VDD_IN 22275mW/20424mW VDD_CPU_GPU_CV 9076mW/8346mW VDD_SOC 6040mW/5522mW
08-04-2026 08:49:03 RAM 4043/7620MB (lfb 31x1MB) SWAP 2644/12002MB (cached 127MB) CPU [9%@1728,0%@1728,0%@1728,0%@1728,8%@1728,0%@1728] GR3D_FREQ 99% cpu@71.968C soc2@70.562C soc0@70.812C gpu@74.062C tj@74.062C soc1@71.343C VDD_IN 22275mW/20431mW VDD_CPU_GPU_CV 9076mW/8349mW VDD_SOC 6040mW/5524mW
08-04-2026 08:49:04 RAM 4042/7620MB (lfb 31x1MB) SWAP 2644/12002MB (cached 127MB) CPU [20%@1728,0%@1728,10%@1728,36%@1728,0%@1728,0%@1728] GR3D_FREQ 94% cpu@71.875C soc2@70.625C soc0@70.781C gpu@73.656C tj@73.656C soc1@71.375C VDD_IN 22315mW/20439mW VDD_CPU_GPU_CV 9076mW/8351mW VDD_SOC 6080mW/5527mW
08-04-2026 08:49:04 RAM 4042/7620MB (lfb 31x1MB) SWAP 2644/12002MB (cached 127MB) CPU [9%@1728,9%@1728,0%@1728,0%@1728,0%@1728,0%@1728] GR3D_FREQ 99% cpu@71.812C soc2@70.656C soc0@70.843C gpu@74.343C tj@74.343C soc1@71.468C VDD_IN 22315mW/20446mW VDD_CPU_GPU_CV 9076mW/8354mW VDD_SOC 6080mW/5529mW
08-04-2026 08:49:04 RAM 4042/7620MB (lfb 31x1MB) SWAP 2644/12002MB (cached 127MB) CPU [10%@1728,0%@1728,0%@1728,0%@1728,0%@1728,0%@1728] GR3D_FREQ 99% cpu@71.937C soc2@70.687C soc0@71.031C gpu@73.906C tj@73.906C soc1@71.281C VDD_IN 22275mW/20453mW VDD_CPU_GPU_CV 9036mW/8357mW VDD_SOC 6080mW/5531mW
08-04-2026 08:49:04 RAM 4042/7620MB (lfb 31x1MB) SWAP 2644/12002MB (cached 127MB) CPU [0%@1728,9%@1728,0%@1728,0%@1728,0%@1728,0%@1728] GR3D_FREQ 96% cpu@71.875C soc2@70.625C soc0@70.812C gpu@73.968C tj@73.968C soc1@71.375C VDD_IN 22315mW/20460mW VDD_CPU_GPU_CV 9036mW/8359mW VDD_SOC 6080mW/5533mW
08-04-2026 08:49:04 RAM 4042/7620MB (lfb 31x1MB) SWAP 2644/12002MB (cached 127MB) CPU [10%@1728,16%@1728,18%@1728,9%@1728,0%@1728,9%@1728] GR3D_FREQ 99% cpu@72.062C soc2@70.625C soc0@70.906C gpu@74.218C tj@73.781C soc1@71.406C VDD_IN 22275mW/20466mW VDD_CPU_GPU_CV 9036mW/8362mW VDD_SOC 6040mW/5535mW
08-04-2026 08:49:04 RAM 4042/7620MB (lfb 31x1MB) SWAP 2644/12002MB (cached 127MB) CPU [18%@1728,10%@1728,0%@1728,9%@1728,0%@1728,0%@1728] GR3D_FREQ 99% cpu@71.875C soc2@70.718C soc0@70.968C gpu@73.906C tj@73.906C soc1@71.531C VDD_IN 22235mW/20473mW VDD_CPU_GPU_CV 8996mW/8364mW VDD_SOC 6040mW/5537mW
08-04-2026 08:49:04 RAM 4042/7620MB (lfb 31x1MB) SWAP 2644/12002MB (cached 127MB) CPU [10%@1728,16%@1728,9%@1728,0%@1728,0%@1728,0%@1728] GR3D_FREQ 95% cpu@72.281C soc2@70.75C soc0@70.843C gpu@73.937C tj@73.937C soc1@71.343C VDD_IN 22195mW/20479mW VDD_CPU_GPU_CV 8996mW/8366mW VDD_SOC 6040mW/5538mW
08-04-2026 08:49:04 RAM 4042/7620MB (lfb 31x1MB) SWAP 2644/12002MB (cached 127MB) CPU [0%@1728,0%@1728,0%@1728,9%@1728,0%@1728,18%@1728] GR3D_FREQ 99% cpu@71.968C soc2@70.625C soc0@70.843C gpu@73.937C tj@73.937C soc1@71.343C VDD_IN 22235mW/20486mW VDD_CPU_GPU_CV 9036mW/8369mW VDD_SOC 6040mW/5540mW
08-04-2026 08:49:04 RAM 4043/7620MB (lfb 31x1MB) SWAP 2644/12002MB (cached 127MB) CPU [18%@1728,18%@1728,9%@1728,9%@1728,9%@1728,0%@1728] GR3D_FREQ 96% cpu@71.937C soc2@70.718C soc0@70.843C gpu@73.812C tj@73.812C soc1@71.406C VDD_IN 22235mW/20492mW VDD_CPU_GPU_CV 9036mW/8371mW VDD_SOC 6080mW/5542mW
08-04-2026 08:49:04 RAM 4043/7620MB (lfb 31x1MB) SWAP 2644/12002MB (cached 127MB) CPU [0%@1728,0%@1728,0%@1728,0%@1728,8%@1728,0%@1728] GR3D_FREQ 99% cpu@72.093C soc2@70.718C soc0@70.937C gpu@73.937C tj@73.937C soc1@71.687C VDD_IN 22235mW/20499mW VDD_CPU_GPU_CV 8996mW/8374mW VDD_SOC 6080mW/5544mW
08-04-2026 08:49:05 RAM 4043/7620MB (lfb 31x1MB) SWAP 2644/12002MB (cached 127MB) CPU [16%@1728,9%@1728,0%@1728,0%@1728,0%@1728,0%@1728] GR3D_FREQ 99% cpu@72.125C soc2@70.75C soc0@70.843C gpu@73.937C tj@73.937C soc1@71.468C VDD_IN 22235mW/20505mW VDD_CPU_GPU_CV 8996mW/8376mW VDD_SOC 6040mW/5546mW
08-04-2026 08:49:05 RAM 4043/7620MB (lfb 31x1MB) SWAP 2644/12002MB (cached 127MB) CPU [10%@1728,9%@1728,0%@1728,0%@1728,0%@1728,0%@1728] GR3D_FREQ 96% cpu@71.843C soc2@70.656C soc0@70.812C gpu@73.812C tj@73.812C soc1@71.468C VDD_IN 22235mW/20511mW VDD_CPU_GPU_CV 8996mW/8378mW VDD_SOC 6040mW/5548mW
08-04-2026 08:49:05 RAM 4044/7620MB (lfb 31x1MB) SWAP 2644/12002MB (cached 127MB) CPU [9%@1728,0%@1728,0%@1728,0%@1728,0%@1728,0%@1728] GR3D_FREQ 99% cpu@71.906C soc2@70.687C soc0@70.906C gpu@74.437C tj@74.437C soc1@71.468C VDD_IN 22275mW/20518mW VDD_CPU_GPU_CV 9036mW/8381mW VDD_SOC 6080mW/5550mW
08-04-2026 08:49:05 RAM 4044/7620MB (lfb 31x1MB) SWAP 2644/12002MB (cached 127MB) CPU [9%@1728,0%@1728,0%@1728,0%@1728,0%@1728,0%@1728] GR3D_FREQ 99% cpu@72.093C soc2@70.625C soc0@71.031C gpu@73.937C tj@73.937C soc1@71.593C VDD_IN 22275mW/20524mW VDD_CPU_GPU_CV 9036mW/8383mW VDD_SOC 6040mW/5552mW
08-04-2026 08:49:05 RAM 4044/7620MB (lfb 31x1MB) SWAP 2644/12002MB (cached 127MB) CPU [11%@1728,0%@1728,25%@1728,10%@1728,0%@1728,0%@1728] GR3D_FREQ 95% cpu@72.375C soc2@70.687C soc0@70.906C gpu@73.843C tj@73.843C soc1@71.406C VDD_IN 22195mW/20530mW VDD_CPU_GPU_CV 8996mW/8385mW VDD_SOC 6040mW/5553mW
08-04-2026 08:49:05 RAM 4044/7620MB (lfb 31x1MB) SWAP 2644/12002MB (cached 127MB) CPU [9%@1728,9%@1728,0%@1728,18%@1728,0%@1728,0%@1728] GR3D_FREQ 99% cpu@71.875C soc2@70.656C soc0@70.968C gpu@74.343C tj@74.343C soc1@71.531C VDD_IN 22195mW/20536mW VDD_CPU_GPU_CV 9036mW/8387mW VDD_SOC 6040mW/5555mW
08-04-2026 08:49:05 RAM 4044/7620MB (lfb 31x1MB) SWAP 2644/12002MB (cached 127MB) CPU [0%@1728,0%@1728,25%@1728,0%@1728,0%@1728,0%@1728] GR3D_FREQ 99% cpu@71.906C soc2@70.75C soc0@70.937C gpu@74.062C tj@74.062C soc1@71.593C VDD_IN 22155mW/20542mW VDD_CPU_GPU_CV 9036mW/8390mW VDD_SOC 6040mW/5557mW
08-04-2026 08:49:05 RAM 4043/7620MB (lfb 31x1MB) SWAP 2644/12002MB (cached 127MB) CPU [25%@1728,10%@1728,16%@1728,10%@1728,9%@1728,27%@1728] GR3D_FREQ 94% cpu@72.281C soc2@70.812C soc0@71.031C gpu@73.906C tj@73.906C soc1@71.625C VDD_IN 22195mW/20548mW VDD_CPU_GPU_CV 9036mW/8392mW VDD_SOC 6040mW/5558mW
08-04-2026 08:49:05 RAM 4043/7620MB (lfb 31x1MB) SWAP 2644/12002MB (cached 127MB) CPU [0%@1728,0%@1728,9%@1728,0%@1728,0%@1728,0%@1728] GR3D_FREQ 99% cpu@72.281C soc2@70.843C soc0@70.968C gpu@74.375C tj@74.375C soc1@71.406C VDD_IN 22275mW/20554mW VDD_CPU_GPU_CV 9076mW/8394mW VDD_SOC 6040mW/5560mW
08-04-2026 08:49:06 RAM 4043/7620MB (lfb 31x1MB) SWAP 2644/12002MB (cached 127MB) CPU [0%@1728,10%@1728,0%@1728,0%@1728,16%@1728,0%@1728] GR3D_FREQ 99% cpu@72.375C soc2@70.656C soc0@70.843C gpu@74.187C tj@74.187C soc1@71.5C VDD_IN 22235mW/20560mW VDD_CPU_GPU_CV 9076mW/8397mW VDD_SOC 6040mW/5562mW
08-04-2026 08:49:06 RAM 4043/7620MB (lfb 31x1MB) SWAP 2644/12002MB (cached 127MB) CPU [0%@1728,16%@1728,9%@1728,0%@1728,0%@1728,0%@1728] GR3D_FREQ 96% cpu@72.031C soc2@70.781C soc0@71.062C gpu@74C tj@74C soc1@71.531C VDD_IN 22235mW/20566mW VDD_CPU_GPU_CV 9036mW/8399mW VDD_SOC 6080mW/5564mW
08-04-2026 08:49:06 RAM 4043/7620MB (lfb 31x1MB) SWAP 2644/12002MB (cached 127MB) CPU [0%@1728,0%@1728,0%@1728,0%@1728,0%@1728,9%@1728] GR3D_FREQ 99% cpu@72.125C soc2@70.843C soc0@71.125C gpu@74.312C tj@74.312C soc1@71.656C VDD_IN 22275mW/20572mW VDD_CPU_GPU_CV 9036mW/8401mW VDD_SOC 6080mW/5566mW
08-04-2026 08:49:06 RAM 4043/7620MB (lfb 31x1MB) SWAP 2644/12002MB (cached 127MB) CPU [0%@1728,9%@1728,0%@1728,0%@1728,0%@1728,9%@1728] GR3D_FREQ 99% cpu@72.25C soc2@70.843C soc0@70.875C gpu@74.062C tj@74.062C soc1@71.468C VDD_IN 22235mW/20577mW VDD_CPU_GPU_CV 9036mW/8404mW VDD_SOC 6080mW/5567mW
08-04-2026 08:49:06 RAM 4043/7620MB (lfb 31x1MB) SWAP 2644/12002MB (cached 127MB) CPU [9%@1728,10%@1728,18%@1728,10%@1728,0%@1728,0%@1728] GR3D_FREQ 99% cpu@72.281C soc2@70.812C soc0@70.875C gpu@73.968C tj@73.968C soc1@71.5C VDD_IN 22195mW/20583mW VDD_CPU_GPU_CV 8996mW/8406mW VDD_SOC 6080mW/5569mW
08-04-2026 08:49:06 RAM 4043/7620MB (lfb 31x1MB) SWAP 2644/12002MB (cached 127MB) CPU [9%@1728,10%@1728,10%@1728,9%@1728,0%@1728,0%@1728] GR3D_FREQ 99% cpu@72.062C soc2@70.812C soc0@71.031C gpu@74C tj@74C soc1@71.656C VDD_IN 22195mW/20589mW VDD_CPU_GPU_CV 9036mW/8408mW VDD_SOC 6040mW/5571mW
08-04-2026 08:49:06 RAM 4043/7620MB (lfb 31x1MB) SWAP 2644/12002MB (cached 127MB) CPU [16%@1728,16%@1728,16%@1728,9%@1728,0%@1728,0%@1728] GR3D_FREQ 99% cpu@72.093C soc2@70.875C soc0@71.156C gpu@74.062C tj@74.062C soc1@71.468C VDD_IN 22195mW/20594mW VDD_CPU_GPU_CV 9036mW/8410mW VDD_SOC 6040mW/5572mW
08-04-2026 08:49:06 RAM 4044/7620MB (lfb 31x1MB) SWAP 2644/12002MB (cached 127MB) CPU [9%@1728,18%@1728,0%@1728,9%@1728,18%@1728,16%@1728] GR3D_FREQ 99% cpu@72.25C soc2@70.843C soc0@70.906C gpu@74.062C tj@74.062C soc1@71.531C VDD_IN 22275mW/20600mW VDD_CPU_GPU_CV 9076mW/8412mW VDD_SOC 6080mW/5574mW
08-04-2026 08:49:06 RAM 4043/7620MB (lfb 31x1MB) SWAP 2644/12002MB (cached 127MB) CPU [0%@1728,10%@1728,9%@1728,9%@1728,9%@1728,0%@1728] GR3D_FREQ 99% cpu@72C soc2@70.781C soc0@70.968C gpu@74C tj@74C soc1@71.562C VDD_IN 22315mW/20606mW VDD_CPU_GPU_CV 9076mW/8415mW VDD_SOC 6040mW/5576mW
08-04-2026 08:49:06 RAM 4043/7620MB (lfb 31x1MB) SWAP 2644/12002MB (cached 127MB) CPU [0%@1728,10%@1728,9%@1728,0%@1728,0%@1728,0%@1728] GR3D_FREQ 99% cpu@72.093C soc2@70.843C soc0@71.062C gpu@73.968C tj@73.968C soc1@71.625C VDD_IN 22315mW/20612mW VDD_CPU_GPU_CV 9076mW/8417mW VDD_SOC 6080mW/5577mW
08-04-2026 08:49:07 RAM 4043/7620MB (lfb 31x1MB) SWAP 2644/12002MB (cached 127MB) CPU [0%@1728,9%@1728,0%@1728,0%@1728,0%@1728,8%@1728] GR3D_FREQ 99% cpu@72.093C soc2@70.812C soc0@71.218C gpu@74.437C tj@74.437C soc1@71.781C VDD_IN 22315mW/20617mW VDD_CPU_GPU_CV 9076mW/8419mW VDD_SOC 6080mW/5579mW
08-04-2026 08:49:07 RAM 4044/7620MB (lfb 31x1MB) SWAP 2644/12002MB (cached 127MB) CPU [0%@1728,0%@1728,9%@1728,9%@1728,0%@1728,9%@1728] GR3D_FREQ 99% cpu@72.125C soc2@70.687C soc0@70.906C gpu@74C tj@74C soc1@71.468C VDD_IN 22315mW/20623mW VDD_CPU_GPU_CV 9076mW/8421mW VDD_SOC 6080mW/5581mW
08-04-2026 08:49:07 RAM 4042/7620MB (lfb 31x1MB) SWAP 2644/12002MB (cached 127MB) CPU [0%@1728,18%@1728,11%@1728,0%@1728,0%@1728,10%@1728] GR3D_FREQ 95% cpu@72.031C soc2@70.812C soc0@71C gpu@73.968C tj@73.968C soc1@71.562C VDD_IN 22275mW/20629mW VDD_CPU_GPU_CV 9076mW/8424mW VDD_SOC 6080mW/5583mW
08-04-2026 08:49:07 RAM 4042/7620MB (lfb 31x1MB) SWAP 2644/12002MB (cached 127MB) CPU [0%@1728,9%@1728,8%@1728,9%@1728,0%@1728,0%@1728] GR3D_FREQ 99% cpu@72.062C soc2@70.75C soc0@71.187C gpu@74.437C tj@74.437C soc1@71.593C VDD_IN 22315mW/20635mW VDD_CPU_GPU_CV 9076mW/8426mW VDD_SOC 6080mW/5584mW
08-04-2026 08:49:07 RAM 4042/7620MB (lfb 31x1MB) SWAP 2644/12002MB (cached 127MB) CPU [0%@1728,18%@1728,27%@1728,16%@1728,0%@1728,0%@1728] GR3D_FREQ 99% cpu@72.031C soc2@70.843C soc0@71.218C gpu@74.218C tj@74.218C soc1@71.468C VDD_IN 22275mW/20640mW VDD_CPU_GPU_CV 9076mW/8428mW VDD_SOC 6040mW/5586mW
08-04-2026 08:49:07 RAM 4042/7620MB (lfb 31x1MB) SWAP 2644/12002MB (cached 127MB) CPU [0%@1728,20%@1728,0%@1728,9%@1728,9%@1728,0%@1728] GR3D_FREQ 96% cpu@71.968C soc2@70.812C soc0@70.906C gpu@73.875C tj@73.875C soc1@71.531C VDD_IN 22275mW/20646mW VDD_CPU_GPU_CV 9036mW/8430mW VDD_SOC 6080mW/5587mW
08-04-2026 08:49:07 RAM 4042/7620MB (lfb 31x1MB) SWAP 2644/12002MB (cached 127MB) CPU [0%@1728,0%@1728,0%@1728,9%@1728,0%@1728,0%@1728] GR3D_FREQ 99% cpu@71.968C soc2@70.781C soc0@71.093C gpu@74.343C tj@74.343C soc1@71.531C VDD_IN 22235mW/20651mW VDD_CPU_GPU_CV 9036mW/8432mW VDD_SOC 6080mW/5589mW
08-04-2026 08:49:07 RAM 4043/7620MB (lfb 31x1MB) SWAP 2644/12002MB (cached 127MB) CPU [18%@1728,18%@1728,10%@1728,0%@1728,18%@1728,16%@1728] GR3D_FREQ 99% cpu@72.031C soc2@70.781C soc0@71.062C gpu@74.093C tj@74.093C soc1@71.625C VDD_IN 22275mW/20656mW VDD_CPU_GPU_CV 9076mW/8434mW VDD_SOC 6040mW/5591mW
08-04-2026 08:49:07 RAM 4043/7620MB (lfb 31x1MB) SWAP 2644/12002MB (cached 127MB) CPU [0%@1728,10%@1728,0%@1728,0%@1728,0%@1728,0%@1728] GR3D_FREQ 96% cpu@72.281C soc2@70.875C soc0@71C gpu@73.906C tj@73.906C soc1@71.468C VDD_IN 22235mW/20662mW VDD_CPU_GPU_CV 9036mW/8436mW VDD_SOC 6080mW/5592mW
08-04-2026 08:49:08 RAM 4043/7620MB (lfb 31x1MB) SWAP 2644/12002MB (cached 127MB) CPU [0%@1728,9%@1728,0%@1728,0%@1728,0%@1728,0%@1728] GR3D_FREQ 99% cpu@71.937C soc2@70.843C soc0@70.968C gpu@74.343C tj@74.343C soc1@71.5C VDD_IN 22275mW/20667mW VDD_CPU_GPU_CV 9036mW/8438mW VDD_SOC 6080mW/5594mW
08-04-2026 08:49:08 RAM 4043/7620MB (lfb 31x1MB) SWAP 2644/12002MB (cached 127MB) CPU [0%@1728,18%@1728,0%@1728,0%@1728,0%@1728,0%@1728] GR3D_FREQ 99% cpu@71.968C soc2@70.781C soc0@71C gpu@74.031C tj@74.031C soc1@71.531C VDD_IN 22315mW/20672mW VDD_CPU_GPU_CV 9076mW/8440mW VDD_SOC 6080mW/5595mW
08-04-2026 08:49:08 RAM 4043/7620MB (lfb 31x1MB) SWAP 2644/12002MB (cached 127MB) CPU [21%@1728,9%@1728,0%@1728,9%@1728,9%@1728,0%@1728] GR3D_FREQ 99% cpu@72.062C soc2@70.843C soc0@71.062C gpu@74C tj@74C soc1@71.687C VDD_IN 22315mW/20678mW VDD_CPU_GPU_CV 9076mW/8442mW VDD_SOC 6080mW/5597mW
08-04-2026 08:49:08 RAM 4043/7620MB (lfb 31x1MB) SWAP 2644/12002MB (cached 127MB) CPU [0%@1728,0%@1728,0%@1728,9%@1728,0%@1728,0%@1728] GR3D_FREQ 99% cpu@72.25C soc2@70.843C soc0@70.875C gpu@73.968C tj@73.968C soc1@71.375C VDD_IN 22275mW/20683mW VDD_CPU_GPU_CV 9036mW/8444mW VDD_SOC 6080mW/5599mW
08-04-2026 08:49:08 RAM 4043/7620MB (lfb 31x1MB) SWAP 2644/12002MB (cached 127MB) CPU [20%@1728,18%@1728,30%@1728,25%@1728,9%@1728,0%@1728] GR3D_FREQ 99% cpu@72.093C soc2@70.718C soc0@70.843C gpu@73.968C tj@73.593C soc1@71.5C VDD_IN 22235mW/20688mW VDD_CPU_GPU_CV 9036mW/8446mW VDD_SOC 6040mW/5600mW
08-04-2026 08:49:08 RAM 4043/7620MB (lfb 31x1MB) SWAP 2644/12002MB (cached 127MB) CPU [0%@1728,9%@1728,9%@1728,0%@1728,0%@1728,9%@1728] GR3D_FREQ 99% cpu@72C soc2@70.875C soc0@70.906C gpu@73.968C tj@73.968C soc1@71.562C VDD_IN 22275mW/20693mW VDD_CPU_GPU_CV 9036mW/8448mW VDD_SOC 6040mW/5601mW
08-04-2026 08:49:08 RAM 4043/7620MB (lfb 31x1MB) SWAP 2644/12002MB (cached 127MB) CPU [16%@1728,0%@1728,0%@1728,9%@1728,0%@1728,0%@1728] GR3D_FREQ 99% cpu@72.156C soc2@70.812C soc0@71.031C gpu@73.937C tj@73.937C soc1@71.718C VDD_IN 22195mW/20698mW VDD_CPU_GPU_CV 9036mW/8450mW VDD_SOC 6040mW/5603mW
08-04-2026 08:49:08 RAM 4044/7620MB (lfb 31x1MB) SWAP 2644/12002MB (cached 127MB) CPU [0%@1728,18%@1728,0%@1728,0%@1728,0%@1728,20%@1728] GR3D_FREQ 95% cpu@72.312C soc2@70.718C soc0@70.906C gpu@73.75C tj@73.75C soc1@71.437C VDD_IN 22235mW/20703mW VDD_CPU_GPU_CV 9036mW/8452mW VDD_SOC 6040mW/5604mW
08-04-2026 08:49:08 RAM 4043/7620MB (lfb 31x1MB) SWAP 2644/12002MB (cached 127MB) CPU [0%@1728,10%@1728,18%@1728,0%@1728,0%@1728,0%@1728] GR3D_FREQ 99% cpu@72.468C soc2@70.718C soc0@70.843C gpu@74.281C tj@74.281C soc1@71.406C VDD_IN 22275mW/20708mW VDD_CPU_GPU_CV 9036mW/8454mW VDD_SOC 6040mW/5606mW
08-04-2026 08:49:08 RAM 4043/7620MB (lfb 31x1MB) SWAP 2644/12002MB (cached 127MB) CPU [0%@1728,16%@1728,0%@1728,0%@1728,0%@1728,0%@1728] GR3D_FREQ 99% cpu@71.968C soc2@70.812C soc0@71C gpu@74.062C tj@74.062C soc1@71.593C VDD_IN 22235mW/20713mW VDD_CPU_GPU_CV 9036mW/8456mW VDD_SOC 6040mW/5607mW
08-04-2026 08:49:09 RAM 4043/7620MB (lfb 31x1MB) SWAP 2644/12002MB (cached 127MB) CPU [8%@1728,10%@1728,0%@1728,9%@1728,0%@1728,0%@1728] GR3D_FREQ 97% cpu@72.125C soc2@70.843C soc0@71.093C gpu@73.843C tj@73.843C soc1@71.593C VDD_IN 22275mW/20718mW VDD_CPU_GPU_CV 9036mW/8458mW VDD_SOC 6080mW/5609mW
08-04-2026 08:49:09 RAM 4043/7620MB (lfb 31x1MB) SWAP 2644/12002MB (cached 127MB) CPU [9%@1728,10%@1728,0%@1728,0%@1728,0%@1728,0%@1728] GR3D_FREQ 99% cpu@72.187C soc2@70.718C soc0@70.875C gpu@74.187C tj@74.187C soc1@71.437C VDD_IN 22275mW/20723mW VDD_CPU_GPU_CV 9036mW/8459mW VDD_SOC 6080mW/5610mW
08-04-2026 08:49:09 RAM 4043/7620MB (lfb 31x1MB) SWAP 2644/12002MB (cached 127MB) CPU [0%@1728,9%@1728,0%@1728,0%@1728,0%@1728,0%@1728] GR3D_FREQ 99% cpu@71.937C soc2@70.656C soc0@70.937C gpu@74.125C tj@74.125C soc1@71.531C VDD_IN 22275mW/20728mW VDD_CPU_GPU_CV 9036mW/8461mW VDD_SOC 6040mW/5611mW
08-04-2026 08:49:09 RAM 4044/7620MB (lfb 31x1MB) SWAP 2644/12002MB (cached 127MB) CPU [0%@1728,10%@1728,0%@1728,9%@1728,0%@1728,0%@1728] GR3D_FREQ 96% cpu@72C soc2@70.718C soc0@71.093C gpu@73.968C tj@73.968C soc1@71.531C VDD_IN 22235mW/20733mW VDD_CPU_GPU_CV 9036mW/8463mW VDD_SOC 6080mW/5613mW
08-04-2026 08:49:09 RAM 4044/7620MB (lfb 31x1MB) SWAP 2644/12002MB (cached 127MB) CPU [0%@1728,25%@1728,18%@1728,10%@1728,9%@1728,9%@1728] GR3D_FREQ 99% cpu@72.125C soc2@70.875C soc0@71.125C gpu@74.125C tj@74.125C soc1@71.468C VDD_IN 22195mW/20737mW VDD_CPU_GPU_CV 8996mW/8465mW VDD_SOC 6040mW/5614mW
08-04-2026 08:49:09 RAM 4044/7620MB (lfb 31x1MB) SWAP 2644/12002MB (cached 127MB) CPU [9%@1728,0%@1728,10%@1728,0%@1728,0%@1728,0%@1728] GR3D_FREQ 99% cpu@72.156C soc2@70.656C soc0@70.843C gpu@74.093C tj@74.093C soc1@71.437C VDD_IN 22235mW/20742mW VDD_CPU_GPU_CV 9036mW/8467mW VDD_SOC 6040mW/5616mW
08-04-2026 08:49:09 RAM 4044/7620MB (lfb 31x1MB) SWAP 2644/12002MB (cached 127MB) CPU [9%@1728,10%@1728,0%@1728,0%@1728,0%@1728,0%@1728] GR3D_FREQ 96% cpu@71.937C soc2@70.781C soc0@70.968C gpu@73.968C tj@73.968C soc1@71.468C VDD_IN 22155mW/20747mW VDD_CPU_GPU_CV 8996mW/8468mW VDD_SOC 6040mW/5617mW
08-04-2026 08:49:09 RAM 4043/7620MB (lfb 31x1MB) SWAP 2644/12002MB (cached 127MB) CPU [25%@1728,20%@1728,9%@1728,18%@1728,25%@1728,0%@1728] GR3D_FREQ 99% cpu@72.031C soc2@70.781C soc0@71.062C gpu@73.906C tj@73.906C soc1@71.562C VDD_IN 22235mW/20751mW VDD_CPU_GPU_CV 9036mW/8470mW VDD_SOC 6040mW/5618mW
08-04-2026 08:49:09 RAM 4043/7620MB (lfb 31x1MB) SWAP 2644/12002MB (cached 127MB) CPU [0%@1728,16%@1728,0%@1728,0%@1728,9%@1728,8%@1728] GR3D_FREQ 99% cpu@72.062C soc2@70.843C soc0@70.843C gpu@74.093C tj@74.093C soc1@71.375C VDD_IN 22235mW/20756mW VDD_CPU_GPU_CV 9036mW/8472mW VDD_SOC 6040mW/5620mW
08-04-2026 08:49:10 RAM 4043/7620MB (lfb 31x1MB) SWAP 2644/12002MB (cached 127MB) CPU [0%@1728,10%@1728,0%@1728,0%@1728,10%@1728,0%@1728] GR3D_FREQ 96% cpu@72.125C soc2@70.656C soc0@70.906C gpu@73.968C tj@73.968C soc1@71.468C VDD_IN 22235mW/20760mW VDD_CPU_GPU_CV 9036mW/8474mW VDD_SOC 6040mW/5621mW
08-04-2026 08:49:10 RAM 4043/7620MB (lfb 31x1MB) SWAP 2644/12002MB (cached 127MB) CPU [0%@1728,9%@1728,9%@1728,0%@1728,0%@1728,0%@1728] GR3D_FREQ 99% cpu@71.906C soc2@70.718C soc0@70.937C gpu@73.968C tj@73.968C soc1@71.5C VDD_IN 22275mW/20765mW VDD_CPU_GPU_CV 9036mW/8475mW VDD_SOC 6040mW/5622mW
08-04-2026 08:49:10 RAM 4043/7620MB (lfb 31x1MB) SWAP 2644/12002MB (cached 127MB) CPU [0%@1728,0%@1728,30%@1728,9%@1728,9%@1728,0%@1728] GR3D_FREQ 99% cpu@72.312C soc2@70.75C soc0@71C gpu@73.781C tj@73.781C soc1@71.593C VDD_IN 22275mW/20770mW VDD_CPU_GPU_CV 9076mW/8477mW VDD_SOC 6080mW/5624mW
08-04-2026 08:49:10 RAM 4042/7620MB (lfb 31x1MB) SWAP 2644/12002MB (cached 127MB) CPU [0%@1728,10%@1728,36%@1728,16%@1728,0%@1728,0%@1728] GR3D_FREQ 95% cpu@72.093C soc2@70.843C soc0@71.125C gpu@73.937C tj@73.937C soc1@71.468C VDD_IN 22315mW/20775mW VDD_CPU_GPU_CV 9076mW/8479mW VDD_SOC 6080mW/5625mW
08-04-2026 08:49:10 RAM 4048/7620MB (lfb 31x1MB) SWAP 2644/12002MB (cached 127MB) CPU [18%@1728,18%@1728,10%@1728,10%@1728,0%@1728,20%@1728] GR3D_FREQ 99% cpu@72.031C soc2@70.687C soc0@70.968C gpu@73.875C tj@73.875C soc1@71.406C VDD_IN 22275mW/20779mW VDD_CPU_GPU_CV 9076mW/8481mW VDD_SOC 6040mW/5626mW
08-04-2026 08:49:10 RAM 4041/7620MB (lfb 31x1MB) SWAP 2644/12002MB (cached 127MB) CPU [0%@1728,10%@1728,0%@1728,0%@1728,10%@1728,16%@1728] GR3D_FREQ 99% cpu@71.968C soc2@70.75C soc0@71C gpu@74.437C tj@74.437C soc1@71.531C VDD_IN 22235mW/20784mW VDD_CPU_GPU_CV 9036mW/8483mW VDD_SOC 6040mW/5628mW
08-04-2026 08:49:10 RAM 4041/7620MB (lfb 31x1MB) SWAP 2644/12002MB (cached 127MB) CPU [9%@1728,18%@1728,0%@1728,9%@1728,0%@1728,0%@1728] GR3D_FREQ 95% cpu@71.968C soc2@70.812C soc0@71.031C gpu@74.031C tj@74.031C soc1@71.593C VDD_IN 22235mW/20788mW VDD_CPU_GPU_CV 8996mW/8484mW VDD_SOC 6080mW/5629mW
08-04-2026 08:49:10 RAM 4042/7620MB (lfb 31x1MB) SWAP 2644/12002MB (cached 127MB) CPU [10%@1728,0%@1728,23%@1728,9%@1728,18%@1728,10%@1728] GR3D_FREQ 99% cpu@72.406C soc2@70.843C soc0@70.875C gpu@73.937C tj@73.937C soc1@71.437C VDD_IN 22275mW/20793mW VDD_CPU_GPU_CV 9036mW/8486mW VDD_SOC 6040mW/5630mW
08-04-2026 08:49:10 RAM 4041/7620MB (lfb 31x1MB) SWAP 2644/12002MB (cached 127MB) CPU [0%@1728,10%@1728,18%@1728,10%@1728,0%@1728,0%@1728] GR3D_FREQ 99% cpu@71.937C soc2@70.687C soc0@70.906C gpu@74.312C tj@74.312C soc1@71.5C VDD_IN 22235mW/20797mW VDD_CPU_GPU_CV 9036mW/8487mW VDD_SOC 6040mW/5632mW
08-04-2026 08:49:10 RAM 4041/7620MB (lfb 31x1MB) SWAP 2644/12002MB (cached 127MB) CPU [9%@1728,16%@1728,0%@1728,0%@1728,0%@1728,0%@1728] GR3D_FREQ 96% cpu@71.968C soc2@70.718C soc0@71.062C gpu@74.125C tj@74.125C soc1@71.531C VDD_IN 22275mW/20801mW VDD_CPU_GPU_CV 9036mW/8489mW VDD_SOC 6080mW/5633mW
08-04-2026 08:49:11 RAM 4041/7620MB (lfb 31x1MB) SWAP 2644/12002MB (cached 127MB) CPU [0%@1728,0%@1728,0%@1728,0%@1728,0%@1728,16%@1728] GR3D_FREQ 99% cpu@71.937C soc2@70.781C soc0@71.031C gpu@74.125C tj@74.125C soc1@71.562C VDD_IN 22275mW/20806mW VDD_CPU_GPU_CV 9036mW/8491mW VDD_SOC 6080mW/5634mW
08-04-2026 08:49:11 RAM 4041/7620MB (lfb 31x1MB) SWAP 2644/12002MB (cached 127MB) CPU [8%@1728,18%@1728,8%@1728,9%@1728,0%@1728,0%@1728] GR3D_FREQ 99% cpu@72.312C soc2@70.843C soc0@70.906C gpu@74.187C tj@74.187C soc1@71.531C VDD_IN 22275mW/20810mW VDD_CPU_GPU_CV 9036mW/8492mW VDD_SOC 6080mW/5636mW
08-04-2026 08:49:11 RAM 4041/7620MB (lfb 31x1MB) SWAP 2644/12002MB (cached 127MB) CPU [9%@1728,0%@1728,0%@1728,16%@1728,0%@1728,0%@1728] GR3D_FREQ 95% cpu@71.937C soc2@70.718C soc0@70.906C gpu@74.156C tj@74.156C soc1@71.468C VDD_IN 22275mW/20815mW VDD_CPU_GPU_CV 9036mW/8494mW VDD_SOC 6080mW/5637mW
08-04-2026 08:49:11 RAM 4041/7620MB (lfb 31x1MB) SWAP 2644/12002MB (cached 127MB) CPU [0%@1728,9%@1728,0%@1728,0%@1728,0%@1728,0%@1728] GR3D_FREQ 99% cpu@71.875C soc2@70.781C soc0@70.968C gpu@74.031C tj@74.031C soc1@71.5C VDD_IN 22275mW/20819mW VDD_CPU_GPU_CV 9036mW/8496mW VDD_SOC 6040mW/5638mW
08-04-2026 08:49:11 RAM 4041/7620MB (lfb 31x1MB) SWAP 2644/12002MB (cached 127MB) CPU [11%@1728,11%@1728,9%@1728,0%@1728,10%@1728,0%@1728] GR3D_FREQ 99% cpu@72.031C soc2@70.718C soc0@71C gpu@73.843C tj@73.843C soc1@71.625C VDD_IN 22195mW/20823mW VDD_CPU_GPU_CV 8996mW/8497mW VDD_SOC 6040mW/5639mW
08-04-2026 08:49:11 RAM 4041/7620MB (lfb 31x1MB) SWAP 2644/12002MB (cached 127MB) CPU [9%@1728,0%@1728,9%@1728,0%@1728,0%@1728,0%@1728] GR3D_FREQ 99% cpu@72.25C soc2@70.875C soc0@70.843C gpu@74.125C tj@74.125C soc1@71.406C VDD_IN 22195mW/20827mW VDD_CPU_GPU_CV 8996mW/8499mW VDD_SOC 6040mW/5641mW
08-04-2026 08:49:11 RAM 4041/7620MB (lfb 31x1MB) SWAP 2644/12002MB (cached 127MB) CPU [0%@1728,16%@1728,0%@1728,0%@1728,0%@1728,0%@1728] GR3D_FREQ 99% cpu@72.281C soc2@70.687C soc0@70.937C gpu@74C tj@74C soc1@71.406C VDD_IN 22155mW/20831mW VDD_CPU_GPU_CV 8996mW/8500mW VDD_SOC 6040mW/5642mW
08-04-2026 08:49:11 RAM 4042/7620MB (lfb 31x1MB) SWAP 2644/12002MB (cached 127MB) CPU [18%@1728,20%@1728,9%@1728,25%@1728,0%@1728,10%@1728] GR3D_FREQ 94% cpu@71.968C soc2@70.781C soc0@70.968C gpu@73.781C tj@73.781C soc1@71.562C VDD_IN 22235mW/20835mW VDD_CPU_GPU_CV 9036mW/8502mW VDD_SOC 6040mW/5643mW
08-04-2026 08:49:11 RAM 4042/7620MB (lfb 31x1MB) SWAP 2644/12002MB (cached 127MB) CPU [10%@1728,0%@1728,9%@1728,0%@1728,0%@1728,8%@1728] GR3D_FREQ 99% cpu@72.031C soc2@70.781C soc0@71C gpu@73.906C tj@73.906C soc1@71.718C VDD_IN 22235mW/20840mW VDD_CPU_GPU_CV 9036mW/8503mW VDD_SOC 6080mW/5644mW
08-04-2026 08:49:12 RAM 4042/7620MB (lfb 31x1MB) SWAP 2644/12002MB (cached 127MB) CPU [8%@1728,16%@1728,0%@1728,9%@1728,9%@1728,0%@1728] GR3D_FREQ 99% cpu@72.125C soc2@70.781C soc0@70.906C gpu@74.093C tj@74.093C soc1@71.468C VDD_IN 22275mW/20844mW VDD_CPU_GPU_CV 9076mW/8505mW VDD_SOC 6040mW/5645mW
08-04-2026 08:49:12 RAM 4042/7620MB (lfb 31x1MB) SWAP 2644/12002MB (cached 127MB) CPU [0%@1728,0%@1728,0%@1728,0%@1728,0%@1728,0%@1728] GR3D_FREQ 97% cpu@72.218C soc2@70.656C soc0@70.906C gpu@74C tj@74C soc1@71.406C VDD_IN 22275mW/20848mW VDD_CPU_GPU_CV 9036mW/8507mW VDD_SOC 6080mW/5647mW
08-04-2026 08:49:12 RAM 4042/7620MB (lfb 31x1MB) SWAP 2644/12002MB (cached 127MB) CPU [0%@1728,10%@1728,0%@1728,8%@1728,0%@1728,9%@1728] GR3D_FREQ 99% cpu@72.062C soc2@70.75C soc0@70.906C gpu@73.968C tj@73.968C soc1@71.468C VDD_IN 22315mW/20852mW VDD_CPU_GPU_CV 9036mW/8508mW VDD_SOC 6080mW/5648mW
08-04-2026 08:49:12 RAM 4042/7620MB (lfb 31x1MB) SWAP 2644/12002MB (cached 127MB) CPU [0%@1728,9%@1728,0%@1728,9%@1728,0%@1728,8%@1728] GR3D_FREQ 99% cpu@72.031C soc2@70.718C soc0@71.062C gpu@74.25C tj@74.25C soc1@71.593C VDD_IN 22235mW/20856mW VDD_CPU_GPU_CV 9036mW/8510mW VDD_SOC 6040mW/5649mW
08-04-2026 08:49:12 RAM 4042/7620MB (lfb 31x1MB) SWAP 2644/12002MB (cached 127MB) CPU [18%@1728,10%@1728,8%@1728,10%@1728,9%@1728,0%@1728] GR3D_FREQ 97% cpu@72.218C soc2@70.687C soc0@70.906C gpu@73.875C tj@73.875C soc1@71.437C VDD_IN 22235mW/20860mW VDD_CPU_GPU_CV 8996mW/8511mW VDD_SOC 6040mW/5650mW
08-04-2026 08:49:12 RAM 4042/7620MB (lfb 31x1MB) SWAP 2644/12002MB (cached 127MB) CPU [0%@1728,10%@1728,0%@1728,0%@1728,9%@1728,0%@1728] GR3D_FREQ 99% cpu@72.187C soc2@70.687C soc0@70.968C gpu@73.875C tj@73.875C soc1@71.531C VDD_IN 22235mW/20864mW VDD_CPU_GPU_CV 9036mW/8513mW VDD_SOC 6040mW/5651mW
08-04-2026 08:49:12 RAM 4042/7620MB (lfb 31x1MB) SWAP 2644/12002MB (cached 127MB) CPU [18%@1728,16%@1728,9%@1728,0%@1728,9%@1728,0%@1728] GR3D_FREQ 99% cpu@71.906C soc2@70.656C soc0@70.875C gpu@74.25C tj@74.25C soc1@71.531C VDD_IN 22235mW/20868mW VDD_CPU_GPU_CV 9036mW/8514mW VDD_SOC 6040mW/5652mW
08-04-2026 08:49:12 RAM 4042/7620MB (lfb 31x1MB) SWAP 2644/12002MB (cached 127MB) CPU [9%@1728,18%@1728,0%@1728,10%@1728,0%@1728,0%@1728] GR3D_FREQ 95% cpu@72.125C soc2@70.812C soc0@71C gpu@74.031C tj@74.031C soc1@71.406C VDD_IN 22275mW/20872mW VDD_CPU_GPU_CV 9036mW/8516mW VDD_SOC 6080mW/5654mW
08-04-2026 08:49:12 RAM 4041/7620MB (lfb 31x1MB) SWAP 2644/12002MB (cached 127MB) CPU [11%@1728,18%@1728,10%@1728,0%@1728,0%@1728,0%@1728] GR3D_FREQ 99% cpu@72.125C soc2@70.593C soc0@70.875C gpu@73.843C tj@73.843C soc1@71.437C VDD_IN 22235mW/20876mW VDD_CPU_GPU_CV 9036mW/8517mW VDD_SOC 6040mW/5655mW
08-04-2026 08:49:12 RAM 4041/7620MB (lfb 31x1MB) SWAP 2644/12002MB (cached 127MB) CPU [0%@1728,0%@1728,0%@1728,0%@1728,0%@1728,9%@1728] GR3D_FREQ 99% cpu@72.187C soc2@70.718C soc0@70.937C gpu@74.218C tj@74.218C soc1@71.406C VDD_IN 22275mW/20880mW VDD_CPU_GPU_CV 9036mW/8519mW VDD_SOC 6040mW/5656mW
08-04-2026 08:49:13 RAM 4041/7620MB (lfb 31x1MB) SWAP 2644/12002MB (cached 127MB) CPU [0%@1728,9%@1728,16%@1728,9%@1728,0%@1728,0%@1728] GR3D_FREQ 99% cpu@72.062C soc2@70.656C soc0@71C gpu@74.156C tj@74.156C soc1@71.531C VDD_IN 22275mW/20884mW VDD_CPU_GPU_CV 9036mW/8520mW VDD_SOC 6080mW/5657mW
08-04-2026 08:49:13 RAM 4041/7620MB (lfb 31x1MB) SWAP 2644/12002MB (cached 127MB) CPU [9%@1728,16%@1728,0%@1728,9%@1728,0%@1728,0%@1728] GR3D_FREQ 99% cpu@71.875C soc2@70.718C soc0@71.125C gpu@74C tj@74C soc1@71.687C VDD_IN 22275mW/20888mW VDD_CPU_GPU_CV 9036mW/8522mW VDD_SOC 6040mW/5658mW
08-04-2026 08:49:13 RAM 4041/7620MB (lfb 31x1MB) SWAP 2644/12002MB (cached 127MB) CPU [9%@1728,10%@1728,0%@1728,0%@1728,0%@1728,0%@1728] GR3D_FREQ 99% cpu@72.125C soc2@70.656C soc0@70.843C gpu@74.031C tj@74.031C soc1@71.437C VDD_IN 22275mW/20892mW VDD_CPU_GPU_CV 9036mW/8523mW VDD_SOC 6080mW/5659mW
08-04-2026 08:49:13 RAM 4042/7620MB (lfb 31x1MB) SWAP 2644/12002MB (cached 127MB) CPU [9%@1728,9%@1728,9%@1728,10%@1728,9%@1728,0%@1728] GR3D_FREQ 99% cpu@72.062C soc2@70.656C soc0@70.843C gpu@74.062C tj@74.062C soc1@71.5C VDD_IN 22275mW/20896mW VDD_CPU_GPU_CV 9036mW/8524mW VDD_SOC 6080mW/5661mW
08-04-2026 08:49:13 RAM 4042/7620MB (lfb 31x1MB) SWAP 2644/12002MB (cached 127MB) CPU [10%@1728,20%@1728,10%@1728,10%@1728,10%@1728,0%@1728] GR3D_FREQ 99% cpu@72.093C soc2@70.687C soc0@70.968C gpu@74C tj@74C soc1@71.531C VDD_IN 22235mW/20900mW VDD_CPU_GPU_CV 9076mW/8526mW VDD_SOC 6040mW/5662mW
08-04-2026 08:49:13 RAM 4042/7620MB (lfb 31x1MB) SWAP 2644/12002MB (cached 127MB) CPU [9%@1728,20%@1728,0%@1728,9%@1728,0%@1728,0%@1728] GR3D_FREQ 99% cpu@72.031C soc2@70.75C soc0@71C gpu@73.75C tj@73.75C soc1@71.312C VDD_IN 22235mW/20904mW VDD_CPU_GPU_CV 9036mW/8527mW VDD_SOC 6080mW/5663mW
08-04-2026 08:49:13 RAM 4040/7620MB (lfb 31x1MB) SWAP 2644/12002MB (cached 127MB) CPU [22%@1728,10%@1728,18%@1728,18%@1728,9%@1728,0%@1728] GR3D_FREQ 99% cpu@71.937C soc2@70.656C soc0@70.843C gpu@73.843C tj@73.843C soc1@71.406C VDD_IN 22275mW/20907mW VDD_CPU_GPU_CV 9076mW/8529mW VDD_SOC 6040mW/5664mW
08-04-2026 08:49:13 RAM 4042/7620MB (lfb 31x1MB) SWAP 2644/12002MB (cached 127MB) CPU [10%@1728,18%@1728,0%@1728,0%@1728,18%@1728,10%@1728] GR3D_FREQ 99% cpu@71.875C soc2@70.75C soc0@70.937C gpu@73.937C tj@73.937C soc1@71.406C VDD_IN 22315mW/20911mW VDD_CPU_GPU_CV 9116mW/8531mW VDD_SOC 6040mW/5665mW
08-04-2026 08:49:13 RAM 4042/7620MB (lfb 31x1MB) SWAP 2644/12002MB (cached 127MB) CPU [16%@1728,18%@1728,9%@1728,0%@1728,0%@1728,0%@1728] GR3D_FREQ 99% cpu@72C soc2@70.656C soc0@70.906C gpu@73.781C tj@73.781C soc1@71.531C VDD_IN 22275mW/20915mW VDD_CPU_GPU_CV 9076mW/8532mW VDD_SOC 6080mW/5666mW
08-04-2026 08:49:14 RAM 4042/7620MB (lfb 31x1MB) SWAP 2644/12002MB (cached 127MB) CPU [0%@1728,0%@1728,0%@1728,8%@1728,0%@1728,9%@1728] GR3D_FREQ 99% cpu@72.218C soc2@70.718C soc0@70.937C gpu@73.781C tj@73.781C soc1@71.343C VDD_IN 22315mW/20919mW VDD_CPU_GPU_CV 9076mW/8534mW VDD_SOC 6080mW/5667mW
08-04-2026 08:49:14 RAM 4042/7620MB (lfb 31x1MB) SWAP 2644/12002MB (cached 127MB) CPU [0%@1728,9%@1728,0%@1728,16%@1728,0%@1728,0%@1728] GR3D_FREQ 99% cpu@71.75C soc2@70.593C soc0@70.843C gpu@73.937C tj@73.937C soc1@71.437C VDD_IN 22275mW/20923mW VDD_CPU_GPU_CV 9076mW/8535mW VDD_SOC 6040mW/5668mW
08-04-2026 08:49:14 RAM 4042/7620MB (lfb 31x1MB) SWAP 2644/12002MB (cached 127MB) CPU [0%@1728,10%@1728,0%@1728,9%@1728,0%@1728,9%@1728] GR3D_FREQ 96% cpu@71.843C soc2@70.656C soc0@70.875C gpu@73.875C tj@73.875C soc1@71.343C VDD_IN 22275mW/20927mW VDD_CPU_GPU_CV 9076mW/8537mW VDD_SOC 6080mW/5669mW
08-04-2026 08:49:14 RAM 4042/7620MB (lfb 31x1MB) SWAP 2644/12002MB (cached 127MB) CPU [16%@1728,9%@1728,0%@1728,0%@1728,0%@1728,0%@1728] GR3D_FREQ 99% cpu@71.906C soc2@70.656C soc0@70.968C gpu@73.843C tj@73.843C soc1@71.437C VDD_IN 22275mW/20930mW VDD_CPU_GPU_CV 9036mW/8538mW VDD_SOC 6080mW/5671mW
08-04-2026 08:49:14 RAM 4042/7620MB (lfb 31x1MB) SWAP 2644/12002MB (cached 127MB) CPU [10%@1728,27%@1728,16%@1728,16%@1728,0%@1728,0%@1728] GR3D_FREQ 99% cpu@72.031C soc2@70.656C soc0@71.031C gpu@74C tj@74C soc1@71.531C VDD_IN 22155mW/20934mW VDD_CPU_GPU_CV 8996mW/8539mW VDD_SOC 6040mW/5672mW
08-04-2026 08:49:14 RAM 4042/7620MB (lfb 31x1MB) SWAP 2644/12002MB (cached 127MB) CPU [9%@1728,10%@1728,0%@1728,0%@1728,9%@1728,16%@1728] GR3D_FREQ 99% cpu@71.75C soc2@70.593C soc0@70.812C gpu@73.75C tj@73.75C soc1@71.343C VDD_IN 22195mW/20937mW VDD_CPU_GPU_CV 8996mW/8541mW VDD_SOC 6040mW/5673mW
08-04-2026 08:49:14 RAM 4042/7620MB (lfb 31x1MB) SWAP 2644/12002MB (cached 127MB) CPU [10%@1728,16%@1728,9%@1728,9%@1728,0%@1728,0%@1728] GR3D_FREQ 99% cpu@71.812C soc2@70.562C soc0@70.812C gpu@73.718C tj@73.718C soc1@71.375C VDD_IN 22195mW/20941mW VDD_CPU_GPU_CV 8996mW/8542mW VDD_SOC 6040mW/5674mW
08-04-2026 08:49:14 RAM 4043/7620MB (lfb 31x1MB) SWAP 2644/12002MB (cached 127MB) CPU [0%@1728,10%@1728,0%@1728,0%@1728,27%@1728,16%@1728] GR3D_FREQ 99% cpu@71.937C soc2@70.625C soc0@70.843C gpu@74.062C tj@74.062C soc1@71.531C VDD_IN 22235mW/20944mW VDD_CPU_GPU_CV 9076mW/8543mW VDD_SOC 6040mW/5675mW
08-04-2026 08:49:14 RAM 4043/7620MB (lfb 31x1MB) SWAP 2644/12002MB (cached 127MB) CPU [16%@1728,0%@1728,18%@1728,0%@1728,8%@1728,9%@1728] GR3D_FREQ 95% cpu@72.125C soc2@70.593C soc0@70.968C gpu@74C tj@74C soc1@71.156C VDD_IN 22275mW/20948mW VDD_CPU_GPU_CV 9076mW/8545mW VDD_SOC 6080mW/5676mW
08-04-2026 08:49:14 RAM 4043/7620MB (lfb 31x1MB) SWAP 2644/12002MB (cached 127MB) CPU [0%@1728,0%@1728,0%@1728,0%@1728,0%@1728,0%@1728] GR3D_FREQ 99% cpu@72.156C soc2@70.593C soc0@70.843C gpu@74.25C tj@74.25C soc1@71.312C VDD_IN 22275mW/20951mW VDD_CPU_GPU_CV 9036mW/8546mW VDD_SOC 6040mW/5677mW
08-04-2026 08:49:15 RAM 4043/7620MB (lfb 31x1MB) SWAP 2644/12002MB (cached 127MB) CPU [0%@1728,0%@1728,9%@1728,0%@1728,0%@1728,0%@1728] GR3D_FREQ 99% cpu@71.718C soc2@70.5C soc0@70.843C gpu@74.093C tj@74.093C soc1@71.312C VDD_IN 22235mW/20955mW VDD_CPU_GPU_CV 9036mW/8547mW VDD_SOC 6040mW/5678mW
08-04-2026 08:49:15 RAM 4043/7620MB (lfb 31x1MB) SWAP 2644/12002MB (cached 127MB) CPU [0%@1728,0%@1728,0%@1728,0%@1728,0%@1728,0%@1728] GR3D_FREQ 95% cpu@72C soc2@70.593C soc0@70.875C gpu@73.875C tj@73.875C soc1@71.375C VDD_IN 22315mW/20959mW VDD_CPU_GPU_CV 9036mW/8549mW VDD_SOC 6080mW/5679mW
08-04-2026 08:49:15 RAM 4043/7620MB (lfb 31x1MB) SWAP 2644/12002MB (cached 127MB) CPU [9%@1728,0%@1728,18%@1728,0%@1728,8%@1728,0%@1728] GR3D_FREQ 99% cpu@72C soc2@70.625C soc0@70.781C gpu@73.906C tj@73.906C soc1@71.281C VDD_IN 22275mW/20962mW VDD_CPU_GPU_CV 9036mW/8550mW VDD_SOC 6080mW/5680mW
08-04-2026 08:49:15 RAM 4043/7620MB (lfb 31x1MB) SWAP 2644/12002MB (cached 127MB) CPU [0%@1728,0%@1728,9%@1728,0%@1728,0%@1728,0%@1728] GR3D_FREQ 96% cpu@72.062C soc2@70.531C soc0@70.718C gpu@73.937C tj@73.625C soc1@71.281C VDD_IN 22315mW/20966mW VDD_CPU_GPU_CV 9036mW/8551mW VDD_SOC 6080mW/5681mW
08-04-2026 08:49:15 RAM 4043/7620MB (lfb 31x1MB) SWAP 2644/12002MB (cached 127MB) CPU [30%@1728,0%@1728,10%@1728,9%@1728,0%@1728,10%@1728] GR3D_FREQ 99% cpu@71.812C soc2@70.593C soc0@70.843C gpu@73.843C tj@73.843C soc1@71.343C VDD_IN 22275mW/20969mW VDD_CPU_GPU_CV 9036mW/8553mW VDD_SOC 6040mW/5682mW
08-04-2026 08:49:15 RAM 4043/7620MB (lfb 31x1MB) SWAP 2644/12002MB (cached 127MB) CPU [0%@1728,0%@1728,9%@1728,9%@1728,0%@1728,0%@1728] GR3D_FREQ 99% cpu@71.906C soc2@70.531C soc0@70.906C gpu@73.781C tj@73.781C soc1@71.468C VDD_IN 22275mW/20973mW VDD_CPU_GPU_CV 9036mW/8554mW VDD_SOC 6040mW/5683mW
08-04-2026 08:49:15 RAM 4043/7620MB (lfb 31x1MB) SWAP 2644/12002MB (cached 127MB) CPU [8%@1728,9%@1728,10%@1728,0%@1728,0%@1728,0%@1728] GR3D_FREQ 96% cpu@72.187C soc2@70.625C soc0@71C gpu@73.625C tj@73.625C soc1@71.312C VDD_IN 22195mW/20976mW VDD_CPU_GPU_CV 8996mW/8555mW VDD_SOC 6040mW/5684mW
08-04-2026 08:49:15 RAM 4045/7620MB (lfb 31x1MB) SWAP 2644/12002MB (cached 127MB) CPU [11%@1728,10%@1728,9%@1728,10%@1728,11%@1728,9%@1728] GR3D_FREQ 99% cpu@72.125C soc2@70.5C soc0@70.75C gpu@73.875C tj@73.875C soc1@71.25C VDD_IN 22275mW/20979mW VDD_CPU_GPU_CV 9036mW/8556mW VDD_SOC 6040mW/5685mW
08-04-2026 08:49:15 RAM 4045/7620MB (lfb 31x1MB) SWAP 2644/12002MB (cached 127MB) CPU [8%@1728,9%@1728,0%@1728,0%@1728,8%@1728,0%@1728] GR3D_FREQ 99% cpu@71.875C soc2@70.562C soc0@70.781C gpu@73.781C tj@73.781C soc1@71.343C VDD_IN 22275mW/20983mW VDD_CPU_GPU_CV 9036mW/8558mW VDD_SOC 6040mW/5686mW
08-04-2026 08:49:16 RAM 4045/7620MB (lfb 31x1MB) SWAP 2644/12002MB (cached 127MB) CPU [0%@1728,0%@1728,10%@1728,16%@1728,0%@1728,0%@1728] GR3D_FREQ 96% cpu@71.906C soc2@70.593C soc0@70.937C gpu@73.656C tj@73.656C soc1@71.5C VDD_IN 22315mW/20986mW VDD_CPU_GPU_CV 9076mW/8559mW VDD_SOC 6080mW/5687mW
08-04-2026 08:49:16 RAM 4044/7620MB (lfb 31x1MB) SWAP 2644/12002MB (cached 127MB) CPU [0%@1728,9%@1728,9%@1728,0%@1728,0%@1728,0%@1728] GR3D_FREQ 99% cpu@71.906C soc2@70.656C soc0@70.781C gpu@74.156C tj@74.156C soc1@71.25C VDD_IN 22315mW/20990mW VDD_CPU_GPU_CV 9036mW/8560mW VDD_SOC 6080mW/5688mW
08-04-2026 08:49:16 RAM 4044/7620MB (lfb 31x1MB) SWAP 2644/12002MB (cached 127MB) CPU [0%@1728,0%@1728,0%@1728,0%@1728,0%@1728,9%@1728] GR3D_FREQ 99% cpu@72.031C soc2@70.531C soc0@70.812C gpu@73.812C tj@73.812C soc1@71.312C VDD_IN 22275mW/20993mW VDD_CPU_GPU_CV 9036mW/8562mW VDD_SOC 6040mW/5689mW
08-04-2026 08:49:16 RAM 4044/7620MB (lfb 31x1MB) SWAP 2644/12002MB (cached 127MB) CPU [16%@1728,0%@1728,18%@1728,0%@1728,0%@1728,0%@1728] GR3D_FREQ 96% cpu@71.812C soc2@70.5C soc0@70.843C gpu@73.718C tj@73.718C soc1@71.437C VDD_IN 22275mW/20997mW VDD_CPU_GPU_CV 9036mW/8563mW VDD_SOC 6080mW/5690mW
08-04-2026 08:49:16 RAM 4044/7620MB (lfb 31x1MB) SWAP 2644/12002MB (cached 127MB) CPU [20%@1728,9%@1728,9%@1728,9%@1728,18%@1728,0%@1728] GR3D_FREQ 99% cpu@71.937C soc2@70.687C soc0@70.906C gpu@74.156C tj@74.156C soc1@71.437C VDD_IN 22235mW/21000mW VDD_CPU_GPU_CV 9036mW/8564mW VDD_SOC 6080mW/5691mW
08-04-2026 08:49:16 RAM 4044/7620MB (lfb 31x1MB) SWAP 2644/12002MB (cached 127MB) CPU [0%@1728,9%@1728,0%@1728,9%@1728,0%@1728,9%@1728] GR3D_FREQ 99% cpu@71.875C soc2@70.687C soc0@70.843C gpu@73.781C tj@74C soc1@71.312C VDD_IN 22195mW/21003mW VDD_CPU_GPU_CV 8996mW/8565mW VDD_SOC 6040mW/5692mW
08-04-2026 08:49:16 RAM 4044/7620MB (lfb 31x1MB) SWAP 2644/12002MB (cached 127MB) CPU [9%@1728,0%@1728,18%@1728,9%@1728,0%@1728,0%@1728] GR3D_FREQ 95% cpu@72.062C soc2@70.468C soc0@70.843C gpu@73.625C tj@73.625C soc1@71.343C VDD_IN 22155mW/21006mW VDD_CPU_GPU_CV 8996mW/8566mW VDD_SOC 6040mW/5693mW
08-04-2026 08:49:16 RAM 4045/7620MB (lfb 31x1MB) SWAP 2644/12002MB (cached 127MB) CPU [10%@1728,9%@1728,0%@1728,10%@1728,18%@1728,0%@1728] GR3D_FREQ 99% cpu@71.843C soc2@70.562C soc0@70.875C gpu@74.093C tj@74.093C soc1@71.437C VDD_IN 22195mW/21009mW VDD_CPU_GPU_CV 8996mW/8567mW VDD_SOC 6040mW/5693mW
08-04-2026 08:49:16 RAM 4043/7620MB (lfb 31x1MB) SWAP 2644/12002MB (cached 127MB) CPU [9%@1728,10%@1728,30%@1728,20%@1728,0%@1728,9%@1728] GR3D_FREQ 99% cpu@71.843C soc2@70.562C soc0@70.906C gpu@74.093C tj@74.093C soc1@71.593C VDD_IN 22235mW/21012mW VDD_CPU_GPU_CV 9076mW/8569mW VDD_SOC 6000mW/5694mW
08-04-2026 08:49:16 RAM 4043/7620MB (lfb 31x1MB) SWAP 2644/12002MB (cached 127MB) CPU [18%@1728,16%@1728,10%@1728,0%@1728,0%@1728,9%@1728] GR3D_FREQ 95% cpu@72C soc2@70.593C soc0@70.812C gpu@73.781C tj@73.781C soc1@71.343C VDD_IN 22275mW/21016mW VDD_CPU_GPU_CV 9076mW/8570mW VDD_SOC 6040mW/5695mW
08-04-2026 08:49:17 RAM 4043/7620MB (lfb 31x1MB) SWAP 2644/12002MB (cached 127MB) CPU [9%@1728,8%@1728,16%@1728,0%@1728,0%@1728,0%@1728] GR3D_FREQ 99% cpu@71.906C soc2@70.531C soc0@70.781C gpu@74.156C tj@74.156C soc1@71.343C VDD_IN 22275mW/21019mW VDD_CPU_GPU_CV 9076mW/8571mW VDD_SOC 6040mW/5696mW
08-04-2026 08:49:17 RAM 4042/7620MB (lfb 31x1MB) SWAP 2644/12002MB (cached 127MB) CPU [9%@1728,0%@1728,0%@1728,9%@1728,0%@1728,0%@1728] GR3D_FREQ 99% cpu@71.843C soc2@70.625C soc0@70.906C gpu@74.031C tj@74.031C soc1@71.468C VDD_IN 22235mW/21022mW VDD_CPU_GPU_CV 9036mW/8572mW VDD_SOC 6040mW/5697mW
08-04-2026 08:49:17 RAM 4043/7620MB (lfb 31x1MB) SWAP 2644/12002MB (cached 127MB) CPU [0%@1728,9%@1728,18%@1728,8%@1728,9%@1728,0%@1728] GR3D_FREQ 96% cpu@71.812C soc2@70.656C soc0@70.937C gpu@73.843C tj@73.843C soc1@71.531C VDD_IN 22235mW/21025mW VDD_CPU_GPU_CV 8996mW/8574mW VDD_SOC 6080mW/5698mW
08-04-2026 08:49:17 RAM 4043/7620MB (lfb 31x1MB) SWAP 2644/12002MB (cached 127MB) CPU [0%@1728,0%@1728,0%@1728,0%@1728,0%@1728,0%@1728] GR3D_FREQ 99% cpu@71.875C soc2@70.75C soc0@71.093C gpu@74.218C tj@74.218C soc1@71.437C VDD_IN 22275mW/21028mW VDD_CPU_GPU_CV 9036mW/8575mW VDD_SOC 6040mW/5699mW
08-04-2026 08:49:17 RAM 4043/7620MB (lfb 31x1MB) SWAP 2644/12002MB (cached 127MB) CPU [18%@1728,9%@1728,20%@1728,9%@1728,0%@1728,10%@1728] GR3D_FREQ 99% cpu@71.906C soc2@70.562C soc0@70.781C gpu@74C tj@74C soc1@71.406C VDD_IN 22235mW/21031mW VDD_CPU_GPU_CV 9036mW/8576mW VDD_SOC 6040mW/5700mW
08-04-2026 08:49:17 RAM 4043/7620MB (lfb 31x1MB) SWAP 2644/12002MB (cached 127MB) CPU [0%@1728,0%@1728,18%@1728,10%@1728,0%@1728,0%@1728] GR3D_FREQ 95% cpu@71.937C soc2@70.687C soc0@70.875C gpu@73.843C tj@73.843C soc1@71.406C VDD_IN 22235mW/21034mW VDD_CPU_GPU_CV 9036mW/8577mW VDD_SOC 6080mW/5701mW
08-04-2026 08:49:17 RAM 4043/7620MB (lfb 31x1MB) SWAP 2644/12002MB (cached 127MB) CPU [30%@1728,9%@1728,10%@1728,9%@1728,9%@1728,0%@1728] GR3D_FREQ 99% cpu@71.937C soc2@70.687C soc0@71C gpu@73.906C tj@73.906C soc1@71.531C VDD_IN 22195mW/21037mW VDD_CPU_GPU_CV 8996mW/8578mW VDD_SOC 6040mW/5701mW
08-04-2026 08:49:17 RAM 4041/7620MB (lfb 31x1MB) SWAP 2644/12002MB (cached 127MB) CPU [10%@1728,10%@1728,9%@1728,10%@1728,25%@1728,10%@1728] GR3D_FREQ 99% cpu@72.312C soc2@70.75C soc0@70.781C gpu@74.031C tj@74.031C soc1@71.281C VDD_IN 22275mW/21040mW VDD_CPU_GPU_CV 9076mW/8579mW VDD_SOC 6040mW/5702mW
08-04-2026 08:49:17 RAM 4041/7620MB (lfb 31x1MB) SWAP 2644/12002MB (cached 127MB) CPU [9%@1728,9%@1728,25%@1728,0%@1728,0%@1728,0%@1728] GR3D_FREQ 96% cpu@71.968C soc2@70.593C soc0@70.875C gpu@73.812C tj@73.812C soc1@71.343C VDD_IN 22275mW/21044mW VDD_CPU_GPU_CV 9076mW/8581mW VDD_SOC 6080mW/5703mW
08-04-2026 08:49:18 RAM 4041/7620MB (lfb 31x1MB) SWAP 2644/12002MB (cached 127MB) CPU [0%@1728,0%@1728,0%@1728,0%@1728,0%@1728,0%@1728] GR3D_FREQ 99% cpu@71.843C soc2@70.625C soc0@70.906C gpu@74C tj@74C soc1@71.5C VDD_IN 22275mW/21047mW VDD_CPU_GPU_CV 9076mW/8582mW VDD_SOC 6040mW/5704mW
08-04-2026 08:49:18 RAM 4041/7620MB (lfb 31x1MB) SWAP 2644/12002MB (cached 127MB) CPU [9%@1728,0%@1728,10%@1728,0%@1728,0%@1728,0%@1728] GR3D_FREQ 99% cpu@72.093C soc2@70.687C soc0@71.125C gpu@73.625C tj@73.625C soc1@71.625C VDD_IN 22275mW/21050mW VDD_CPU_GPU_CV 9036mW/8583mW VDD_SOC 6080mW/5705mW
08-04-2026 08:49:18 RAM 4041/7620MB (lfb 31x1MB) SWAP 2644/12002MB (cached 127MB) CPU [9%@1728,0%@1728,9%@1728,0%@1728,0%@1728,10%@1728] GR3D_FREQ 99% cpu@72.218C soc2@70.718C soc0@70.843C gpu@73.843C tj@73.843C soc1@71.343C VDD_IN 22315mW/21053mW VDD_CPU_GPU_CV 9076mW/8584mW VDD_SOC 6080mW/5706mW
08-04-2026 08:49:18 RAM 4041/7620MB (lfb 31x1MB) SWAP 2644/12002MB (cached 127MB) CPU [9%@1728,0%@1728,9%@1728,0%@1728,0%@1728,0%@1728] GR3D_FREQ 99% cpu@71.812C soc2@70.656C soc0@70.843C gpu@73.906C tj@73.906C soc1@71.406C VDD_IN 22315mW/21056mW VDD_CPU_GPU_CV 9076mW/8586mW VDD_SOC 6080mW/5707mW
08-04-2026 08:49:18 RAM 4042/7620MB (lfb 31x1MB) SWAP 2644/12002MB (cached 127MB) CPU [22%@1728,16%@1728,40%@1728,0%@1728,10%@1728,0%@1728] GR3D_FREQ 99% cpu@72.25C soc2@70.812C soc0@70.875C gpu@73.5C tj@73.5C soc1@71.531C VDD_IN 22275mW/21059mW VDD_CPU_GPU_CV 9036mW/8587mW VDD_SOC 6040mW/5708mW
08-04-2026 08:49:18 RAM 4042/7620MB (lfb 31x1MB) SWAP 2644/12002MB (cached 127MB) CPU [0%@1728,0%@1728,9%@1728,0%@1728,10%@1728,0%@1728] GR3D_FREQ 95% cpu@72.062C soc2@70.75C soc0@71C gpu@74.218C tj@74.218C soc1@71.406C VDD_IN 22235mW/21062mW VDD_CPU_GPU_CV 9036mW/8588mW VDD_SOC 6040mW/5709mW
08-04-2026 08:49:18 RAM 4042/7620MB (lfb 31x1MB) SWAP 2644/12002MB (cached 127MB) CPU [9%@1728,9%@1728,10%@1728,0%@1728,0%@1728,0%@1728] GR3D_FREQ 99% cpu@72.218C soc2@70.656C soc0@70.937C gpu@74.062C tj@74.062C soc1@71.437C VDD_IN 22195mW/21065mW VDD_CPU_GPU_CV 9036mW/8589mW VDD_SOC 6040mW/5709mW
08-04-2026 08:49:18 RAM 4043/7620MB (lfb 31x1MB) SWAP 2644/12002MB (cached 127MB) CPU [0%@1728,18%@1728,18%@1728,0%@1728,18%@1728,0%@1728] GR3D_FREQ 99% cpu@72.406C soc2@70.593C soc0@70.937C gpu@73.562C tj@73.562C soc1@71.468C VDD_IN 22195mW/21068mW VDD_CPU_GPU_CV 8996mW/8590mW VDD_SOC 6040mW/5710mW
08-04-2026 08:49:18 RAM 4043/7620MB (lfb 31x1MB) SWAP 2644/12002MB (cached 127MB) CPU [16%@1728,9%@1728,9%@1728,16%@1728,0%@1728,0%@1728] GR3D_FREQ 95% cpu@71.937C soc2@70.656C soc0@71C gpu@74.125C tj@74.125C soc1@71.531C VDD_IN 22195mW/21070mW VDD_CPU_GPU_CV 9036mW/8591mW VDD_SOC 6040mW/5711mW
08-04-2026 08:49:19 RAM 4043/7620MB (lfb 31x1MB) SWAP 2644/12002MB (cached 127MB) CPU [0%@1728,0%@1728,0%@1728,0%@1728,0%@1728,0%@1728] GR3D_FREQ 99% cpu@72.062C soc2@70.812C soc0@71.093C gpu@74.125C tj@74.125C soc1@71.687C VDD_IN 22195mW/21073mW VDD_CPU_GPU_CV 9036mW/8592mW VDD_SOC 6040mW/5712mW
08-04-2026 08:49:19 RAM 4043/7620MB (lfb 31x1MB) SWAP 2644/12002MB (cached 127MB) CPU [16%@1728,0%@1728,10%@1728,0%@1728,0%@1728,0%@1728] GR3D_FREQ 99% cpu@72.25C soc2@70.656C soc0@70.937C gpu@73.781C tj@73.968C soc1@71.437C VDD_IN 22235mW/21076mW VDD_CPU_GPU_CV 8996mW/8593mW VDD_SOC 6040mW/5713mW
08-04-2026 08:49:19 RAM 4043/7620MB (lfb 31x1MB) SWAP 2644/12002MB (cached 127MB) CPU [0%@1728,8%@1728,9%@1728,0%@1728,0%@1728,0%@1728] GR3D_FREQ 99% cpu@72.25C soc2@70.656C soc0@70.875C gpu@74.218C tj@74.218C soc1@71.468C VDD_IN 22235mW/21079mW VDD_CPU_GPU_CV 9036mW/8594mW VDD_SOC 6080mW/5714mW
08-04-2026 08:49:19 RAM 4043/7620MB (lfb 31x1MB) SWAP 2644/12002MB (cached 127MB) CPU [10%@1728,0%@1728,0%@1728,0%@1728,9%@1728,9%@1728] GR3D_FREQ 99% cpu@71.937C soc2@70.687C soc0@70.937C gpu@74.062C tj@74.062C soc1@71.468C VDD_IN 22235mW/21082mW VDD_CPU_GPU_CV 9036mW/8595mW VDD_SOC 6040mW/5714mW
08-04-2026 08:49:19 RAM 4043/7620MB (lfb 31x1MB) SWAP 2644/12002MB (cached 127MB) CPU [9%@1728,0%@1728,16%@1728,9%@1728,0%@1728,0%@1728] GR3D_FREQ 95% cpu@72.125C soc2@70.718C soc0@71.093C gpu@74.031C tj@74.031C soc1@71.625C VDD_IN 22195mW/21084mW VDD_CPU_GPU_CV 8996mW/8596mW VDD_SOC 6040mW/5715mW
08-04-2026 08:49:19 RAM 4043/7620MB (lfb 31x1MB) SWAP 2644/12002MB (cached 127MB) CPU [20%@1728,16%@1728,0%@1728,16%@1728,18%@1728,0%@1728] GR3D_FREQ 99% cpu@72.187C soc2@70.687C soc0@70.937C gpu@74.093C tj@74.093C soc1@71.468C VDD_IN 22155mW/21087mW VDD_CPU_GPU_CV 8996mW/8597mW VDD_SOC 6040mW/5716mW
08-04-2026 08:49:19 RAM 4043/7620MB (lfb 31x1MB) SWAP 2644/12002MB (cached 127MB) CPU [9%@1728,0%@1728,16%@1728,0%@1728,0%@1728,0%@1728] GR3D_FREQ 99% cpu@72.312C soc2@70.687C soc0@70.968C gpu@74.093C tj@74.093C soc1@71.5C VDD_IN 22155mW/21090mW VDD_CPU_GPU_CV 8996mW/8598mW VDD_SOC 6040mW/5717mW
08-04-2026 08:49:19 RAM 4043/7620MB (lfb 31x1MB) SWAP 2644/12002MB (cached 127MB) CPU [16%@1728,10%@1728,0%@1728,0%@1728,9%@1728,9%@1728] GR3D_FREQ 96% cpu@72C soc2@70.781C soc0@70.906C gpu@74C tj@74C soc1@71.531C VDD_IN 22155mW/21092mW VDD_CPU_GPU_CV 8996mW/8599mW VDD_SOC 6040mW/5718mW
08-04-2026 08:49:19 RAM 4043/7620MB (lfb 31x1MB) SWAP 2644/12002MB (cached 127MB) CPU [10%@1728,9%@1728,10%@1728,9%@1728,20%@1728,9%@1728] GR3D_FREQ 99% cpu@72.093C soc2@70.812C soc0@71.093C gpu@73.937C tj@73.937C soc1@71.406C VDD_IN 22235mW/21095mW VDD_CPU_GPU_CV 9036mW/8600mW VDD_SOC 6040mW/5718mW
08-04-2026 08:49:19 RAM 4044/7620MB (lfb 31x1MB) SWAP 2644/12002MB (cached 127MB) CPU [9%@1728,10%@1728,0%@1728,10%@1728,8%@1728,0%@1728] GR3D_FREQ 99% cpu@72.125C soc2@70.718C soc0@70.843C gpu@74.125C tj@74.125C soc1@71.437C VDD_IN 22195mW/21098mW VDD_CPU_GPU_CV 9036mW/8601mW VDD_SOC 6040mW/5719mW
08-04-2026 08:49:20 RAM 4041/7620MB (lfb 31x1MB) SWAP 2644/12002MB (cached 127MB) CPU [10%@1728,0%@1728,25%@1728,0%@1728,0%@1728,9%@1728] GR3D_FREQ 96% cpu@72.375C soc2@70.718C soc0@70.968C gpu@74C tj@74C soc1@71.437C VDD_IN 22195mW/21100mW VDD_CPU_GPU_CV 9036mW/8602mW VDD_SOC 6040mW/5720mW
08-04-2026 08:49:20 RAM 4041/7620MB (lfb 31x1MB) SWAP 2644/12002MB (cached 127MB) CPU [0%@1728,0%@1728,0%@1728,0%@1728,0%@1728,0%@1728] GR3D_FREQ 99% cpu@72.062C soc2@70.781C soc0@71.062C gpu@73.937C tj@73.937C soc1@71.562C VDD_IN 22235mW/21103mW VDD_CPU_GPU_CV 9036mW/8603mW VDD_SOC 6040mW/5721mW
08-04-2026 08:49:20 RAM 4041/7620MB (lfb 31x1MB) SWAP 2644/12002MB (cached 127MB) CPU [0%@1728,0%@1728,45%@1728,16%@1728,9%@1728,16%@1728] GR3D_FREQ 99% cpu@72.437C soc2@70.812C soc0@71.062C gpu@73.937C tj@73.937C soc1@71.781C VDD_IN 22275mW/21106mW VDD_CPU_GPU_CV 9076mW/8604mW VDD_SOC 6040mW/5721mW
08-04-2026 08:49:20 RAM 4041/7620MB (lfb 31x1MB) SWAP 2644/12002MB (cached 127MB) CPU [0%@1728,23%@1728,18%@1728,0%@1728,0%@1728,0%@1728] GR3D_FREQ 96% cpu@72.125C soc2@70.625C soc0@70.843C gpu@73.968C tj@73.968C soc1@71.437C VDD_IN 22235mW/21108mW VDD_CPU_GPU_CV 9036mW/8605mW VDD_SOC 6040mW/5722mW
08-04-2026 08:49:20 RAM 4041/7620MB (lfb 31x1MB) SWAP 2644/12002MB (cached 127MB) CPU [20%@1728,10%@1728,0%@1728,0%@1728,0%@1728,0%@1728] GR3D_FREQ 99% cpu@71.968C soc2@70.75C soc0@71C gpu@73.968C tj@73.968C soc1@71.5C VDD_IN 22235mW/21111mW VDD_CPU_GPU_CV 9036mW/8607mW VDD_SOC 6040mW/5723mW
08-04-2026 08:49:20 RAM 4041/7620MB (lfb 31x1MB) SWAP 2644/12002MB (cached 127MB) CPU [16%@1728,10%@1728,9%@1728,0%@1728,10%@1728,0%@1728] GR3D_FREQ 99% cpu@72C soc2@70.75C soc0@71.062C gpu@74.5C tj@74.5C soc1@71.656C VDD_IN 22195mW/21114mW VDD_CPU_GPU_CV 9036mW/8608mW VDD_SOC 6040mW/5724mW
08-04-2026 08:49:20 RAM 4041/7620MB (lfb 31x1MB) SWAP 2644/12002MB (cached 127MB) CPU [9%@1728,10%@1728,0%@1728,9%@1728,0%@1728,0%@1728] GR3D_FREQ 96% cpu@72.031C soc2@70.812C soc0@71.156C gpu@74.156C tj@74.156C soc1@71.437C VDD_IN 22155mW/21116mW VDD_CPU_GPU_CV 8996mW/8608mW VDD_SOC 6040mW/5724mW
08-04-2026 08:49:20 RAM 4042/7620MB (lfb 31x1MB) SWAP 2644/12002MB (cached 127MB) CPU [10%@1728,9%@1728,9%@1728,9%@1728,11%@1728,0%@1728] GR3D_FREQ 99% cpu@72.156C soc2@70.687C soc0@70.906C gpu@73.937C tj@73.937C soc1@71.468C VDD_IN 22195mW/21119mW VDD_CPU_GPU_CV 9036mW/8609mW VDD_SOC 6040mW/5725mW
08-04-2026 08:49:20 RAM 4042/7620MB (lfb 31x1MB) SWAP 2644/12002MB (cached 127MB) CPU [9%@1728,18%@1728,0%@1728,0%@1728,15%@1728,0%@1728] GR3D_FREQ 99% cpu@71.937C soc2@70.718C soc0@70.968C gpu@74.406C tj@74.406C soc1@71.531C VDD_IN 22235mW/21121mW VDD_CPU_GPU_CV 9076mW/8611mW VDD_SOC 6040mW/5726mW
08-04-2026 08:49:21 RAM 4042/7620MB (lfb 31x1MB) SWAP 2644/12002MB (cached 127MB) CPU [9%@1728,18%@1728,0%@1728,0%@1728,9%@1728,9%@1728] GR3D_FREQ 96% cpu@71.937C soc2@70.718C soc0@71.125C gpu@74.125C tj@74.125C soc1@71.562C VDD_IN 22275mW/21124mW VDD_CPU_GPU_CV 9036mW/8612mW VDD_SOC 6080mW/5727mW
08-04-2026 08:49:21 RAM 4042/7620MB (lfb 31x1MB) SWAP 2644/12002MB (cached 127MB) CPU [9%@1728,0%@1728,9%@1728,0%@1728,0%@1728,0%@1728] GR3D_FREQ 99% cpu@72.343C soc2@70.75C soc0@71.093C gpu@74.125C tj@74.125C soc1@71.5C VDD_IN 22275mW/21127mW VDD_CPU_GPU_CV 9076mW/8613mW VDD_SOC 6080mW/5728mW
08-04-2026 08:49:21 RAM 4042/7620MB (lfb 31x1MB) SWAP 2644/12002MB (cached 127MB) CPU [0%@1728,0%@1728,9%@1728,0%@1728,0%@1728,0%@1728] GR3D_FREQ 99% cpu@72.156C soc2@70.718C soc0@70.968C gpu@74.25C tj@74.25C soc1@71.531C VDD_IN 22275mW/21129mW VDD_CPU_GPU_CV 9036mW/8614mW VDD_SOC 6080mW/5728mW
08-04-2026 08:49:21 RAM 4042/7620MB (lfb 31x1MB) SWAP 2644/12002MB (cached 127MB) CPU [0%@1728,0%@1728,9%@1728,9%@1728,0%@1728,16%@1728] GR3D_FREQ 99% cpu@72.062C soc2@70.718C soc0@70.968C gpu@74.25C tj@74.25C soc1@71.531C VDD_IN 22315mW/21132mW VDD_CPU_GPU_CV 9076mW/8615mW VDD_SOC 6080mW/5729mW
08-04-2026 08:49:21 RAM 4042/7620MB (lfb 31x1MB) SWAP 2644/12002MB (cached 127MB) CPU [16%@1728,0%@1728,0%@1728,0%@1728,0%@1728,0%@1728] GR3D_FREQ 99% cpu@72C soc2@70.843C soc0@71.062C gpu@74.218C tj@74.218C soc1@71.562C VDD_IN 22315mW/21135mW VDD_CPU_GPU_CV 9036mW/8616mW VDD_SOC 6080mW/5730mW
08-04-2026 08:49:21 RAM 4042/7620MB (lfb 31x1MB) SWAP 2644/12002MB (cached 127MB) CPU [0%@1728,18%@1728,18%@1728,9%@1728,9%@1728,10%@1728] GR3D_FREQ 99% cpu@72.312C soc2@70.875C soc0@71.218C gpu@73.968C tj@73.968C soc1@71.656C VDD_IN 22275mW/21138mW VDD_CPU_GPU_CV 9036mW/8617mW VDD_SOC 6080mW/5731mW
08-04-2026 08:49:21 RAM 4042/7620MB (lfb 31x1MB) SWAP 2644/12002MB (cached 127MB) CPU [9%@1728,10%@1728,16%@1728,0%@1728,0%@1728,0%@1728] GR3D_FREQ 99% cpu@71.937C soc2@70.812C soc0@71.031C gpu@74.187C tj@74.187C soc1@71.5C VDD_IN 22315mW/21140mW VDD_CPU_GPU_CV 9036mW/8618mW VDD_SOC 6080mW/5732mW
08-04-2026 08:49:21 RAM 4042/7620MB (lfb 31x1MB) SWAP 2644/12002MB (cached 127MB) CPU [0%@1728,9%@1728,9%@1728,0%@1728,0%@1728,9%@1728] GR3D_FREQ 99% cpu@71.968C soc2@70.75C soc0@71.031C gpu@74.156C tj@74.156C soc1@71.531C VDD_IN 22235mW/21143mW VDD_CPU_GPU_CV 9036mW/8619mW VDD_SOC 6040mW/5732mW
08-04-2026 08:49:21 RAM 4043/7620MB (lfb 31x1MB) SWAP 2644/12002MB (cached 127MB) CPU [25%@1728,9%@1728,20%@1728,10%@1728,9%@1728,10%@1728] GR3D_FREQ 99% cpu@72.25C soc2@70.875C soc0@71.093C gpu@73.968C tj@73.968C soc1@71.625C VDD_IN 22315mW/21146mW VDD_CPU_GPU_CV 9076mW/8620mW VDD_SOC 6080mW/5733mW
08-04-2026 08:49:21 RAM 4043/7620MB (lfb 31x1MB) SWAP 2644/12002MB (cached 127MB) CPU [16%@1728,0%@1728,9%@1728,0%@1728,9%@1728,0%@1728] GR3D_FREQ 99% cpu@72.281C soc2@70.906C soc0@71.218C gpu@74C tj@74C soc1@71.437C VDD_IN 22315mW/21148mW VDD_CPU_GPU_CV 9076mW/8621mW VDD_SOC 6080mW/5734mW
08-04-2026 08:49:22 RAM 4043/7620MB (lfb 31x1MB) SWAP 2644/12002MB (cached 127MB) CPU [0%@1728,0%@1728,10%@1728,0%@1728,0%@1728,0%@1728] GR3D_FREQ 99% cpu@72.343C soc2@70.781C soc0@70.937C gpu@74.156C tj@74.156C soc1@71.531C VDD_IN 22315mW/21151mW VDD_CPU_GPU_CV 9076mW/8622mW VDD_SOC 6080mW/5735mW
08-04-2026 08:49:22 RAM 4043/7620MB (lfb 31x1MB) SWAP 2644/12002MB (cached 127MB) CPU [9%@1728,0%@1728,18%@1728,0%@1728,0%@1728,0%@1728] GR3D_FREQ 95% cpu@72.062C soc2@70.75C soc0@71C gpu@74.062C tj@74.062C soc1@71.531C VDD_IN 22275mW/21154mW VDD_CPU_GPU_CV 9036mW/8623mW VDD_SOC 6080mW/5736mW
08-04-2026 08:49:22 RAM 4043/7620MB (lfb 31x1MB) SWAP 2644/12002MB (cached 127MB) CPU [0%@1728,0%@1728,9%@1728,9%@1728,9%@1728,0%@1728] GR3D_FREQ 99% cpu@72.156C soc2@70.843C soc0@71.093C gpu@74C tj@74C soc1@71.625C VDD_IN 22315mW/21156mW VDD_CPU_GPU_CV 9036mW/8624mW VDD_SOC 6080mW/5736mW
08-04-2026 08:49:22 RAM 4043/7620MB (lfb 31x1MB) SWAP 2644/12002MB (cached 127MB) CPU [0%@1728,0%@1728,0%@1728,0%@1728,0%@1728,0%@1728] GR3D_FREQ 99% cpu@72.25C soc2@70.843C soc0@70.937C gpu@74.468C tj@74.468C soc1@71.468C VDD_IN 22275mW/21159mW VDD_CPU_GPU_CV 9036mW/8625mW VDD_SOC 6040mW/5737mW
08-04-2026 08:49:22 RAM 4043/7620MB (lfb 31x1MB) SWAP 2644/12002MB (cached 127MB) CPU [0%@1728,18%@1728,10%@1728,0%@1728,0%@1728,9%@1728] GR3D_FREQ 95% cpu@72.187C soc2@70.718C soc0@70.968C gpu@73.968C tj@73.968C soc1@71.531C VDD_IN 22235mW/21161mW VDD_CPU_GPU_CV 8996mW/8625mW VDD_SOC 6040mW/5738mW
08-04-2026 08:49:22 RAM 4043/7620MB (lfb 31x1MB) SWAP 2644/12002MB (cached 127MB) CPU [0%@1728,10%@1728,0%@1728,9%@1728,0%@1728,9%@1728] GR3D_FREQ 99% cpu@71.937C soc2@70.781C soc0@71C gpu@74C tj@74C soc1@71.531C VDD_IN 22275mW/21164mW VDD_CPU_GPU_CV 9036mW/8626mW VDD_SOC 6040mW/5738mW
08-04-2026 08:49:22 RAM 4043/7620MB (lfb 31x1MB) SWAP 2644/12002MB (cached 127MB) CPU [0%@1728,9%@1728,9%@1728,9%@1728,0%@1728,0%@1728] GR3D_FREQ 99% cpu@72.156C soc2@70.75C soc0@71.062C gpu@74.312C tj@74.312C soc1@71.656C VDD_IN 22235mW/21166mW VDD_CPU_GPU_CV 9036mW/8627mW VDD_SOC 6040mW/5739mW
08-04-2026 08:49:22 RAM 4044/7620MB (lfb 31x1MB) SWAP 2644/12002MB (cached 127MB) CPU [18%@1728,10%@1728,18%@1728,9%@1728,0%@1728,18%@1728] GR3D_FREQ 95% cpu@72.312C soc2@70.875C soc0@71.25C gpu@74C tj@74C soc1@71.531C VDD_IN 22275mW/21169mW VDD_CPU_GPU_CV 9036mW/8628mW VDD_SOC 6080mW/5740mW
08-04-2026 08:49:22 RAM 4044/7620MB (lfb 31x1MB) SWAP 2644/12002MB (cached 127MB) CPU [10%@1728,18%@1728,9%@1728,18%@1728,18%@1728,0%@1728] GR3D_FREQ 99% cpu@72.281C soc2@70.75C soc0@70.937C gpu@74C tj@74C soc1@71.5C VDD_IN 22315mW/21171mW VDD_CPU_GPU_CV 9076mW/8629mW VDD_SOC 6040mW/5741mW
08-04-2026 08:49:23 RAM 4044/7620MB (lfb 31x1MB) SWAP 2644/12002MB (cached 127MB) CPU [9%@1728,9%@1728,0%@1728,0%@1728,0%@1728,0%@1728] GR3D_FREQ 99% cpu@72.062C soc2@70.75C soc0@71C gpu@74.375C tj@74.375C soc1@71.531C VDD_IN 22315mW/21174mW VDD_CPU_GPU_CV 9076mW/8630mW VDD_SOC 6040mW/5741mW
08-04-2026 08:49:23 RAM 4044/7620MB (lfb 31x1MB) SWAP 2644/12002MB (cached 127MB) CPU [0%@1728,10%@1728,0%@1728,0%@1728,0%@1728,8%@1728] GR3D_FREQ 97% cpu@72.187C soc2@70.843C soc0@71.062C gpu@74.187C tj@74.187C soc1@71.687C VDD_IN 22315mW/21176mW VDD_CPU_GPU_CV 9036mW/8631mW VDD_SOC 6080mW/5742mW
08-04-2026 08:49:23 RAM 4042/7620MB (lfb 31x1MB) SWAP 2644/12002MB (cached 127MB) CPU [27%@1728,9%@1728,9%@1728,0%@1728,0%@1728,10%@1728] GR3D_FREQ 99% cpu@72.187C soc2@70.937C soc0@71.156C gpu@74.031C tj@74.031C soc1@71.5C VDD_IN 22355mW/21179mW VDD_CPU_GPU_CV 9116mW/8632mW VDD_SOC 6080mW/5743mW
08-04-2026 08:49:23 RAM 4042/7620MB (lfb 31x1MB) SWAP 2644/12002MB (cached 127MB) CPU [0%@1728,10%@1728,0%@1728,0%@1728,9%@1728,8%@1728] GR3D_FREQ 95% cpu@72.281C soc2@70.781C soc0@70.875C gpu@74.062C tj@74.062C soc1@71.531C VDD_IN 22355mW/21182mW VDD_CPU_GPU_CV 9076mW/8633mW VDD_SOC 6080mW/5743mW
08-04-2026 08:49:23 RAM 4043/7620MB (lfb 31x1MB) SWAP 2644/12002MB (cached 127MB) CPU [18%@1728,10%@1728,27%@1728,10%@1728,0%@1728,0%@1728] GR3D_FREQ 99% cpu@72.25C soc2@70.843C soc0@71.062C gpu@74.031C tj@74.031C soc1@71.593C VDD_IN 22355mW/21184mW VDD_CPU_GPU_CV 9116mW/8634mW VDD_SOC 6080mW/5744mW
08-04-2026 08:49:23 RAM 4043/7620MB (lfb 31x1MB) SWAP 2644/12002MB (cached 127MB) CPU [10%@1728,10%@1728,10%@1728,0%@1728,16%@1728,0%@1728] GR3D_FREQ 99% cpu@72.125C soc2@70.75C soc0@71.062C gpu@74C tj@74C soc1@71.718C VDD_IN 22275mW/21187mW VDD_CPU_GPU_CV 9076mW/8635mW VDD_SOC 6040mW/5745mW
08-04-2026 08:49:23 RAM 4043/7620MB (lfb 31x1MB) SWAP 2644/12002MB (cached 127MB) CPU [0%@1728,18%@1728,0%@1728,0%@1728,0%@1728,0%@1728] GR3D_FREQ 96% cpu@72.125C soc2@70.906C soc0@70.937C gpu@73.875C tj@73.875C soc1@71.437C VDD_IN 22275mW/21189mW VDD_CPU_GPU_CV 9076mW/8636mW VDD_SOC 6080mW/5746mW
08-04-2026 08:49:23 RAM 4043/7620MB (lfb 31x1MB) SWAP 2644/12002MB (cached 127MB) CPU [0%@1728,0%@1728,0%@1728,0%@1728,0%@1728,0%@1728] GR3D_FREQ 99% cpu@71.968C soc2@70.75C soc0@70.906C gpu@73.968C tj@73.968C soc1@71.531C VDD_IN 22235mW/21192mW VDD_CPU_GPU_CV 9036mW/8637mW VDD_SOC 6040mW/5746mW
08-04-2026 08:49:23 RAM 4044/7620MB (lfb 31x1MB) SWAP 2644/12002MB (cached 127MB) CPU [10%@1728,30%@1728,25%@1728,33%@1728,0%@1728,0%@1728] GR3D_FREQ 99% cpu@72C soc2@70.843C soc0@71.031C gpu@74C tj@74C soc1@71.531C VDD_IN 22315mW/21194mW VDD_CPU_GPU_CV 9116mW/8638mW VDD_SOC 6040mW/5747mW
08-04-2026 08:49:23 RAM 4044/7620MB (lfb 31x1MB) SWAP 2644/12002MB (cached 127MB) CPU [0%@1728,0%@1728,10%@1728,0%@1728,0%@1728,0%@1728] GR3D_FREQ 96% cpu@72.156C soc2@70.875C soc0@71.062C gpu@73.875C tj@73.875C soc1@71.687C VDD_IN 22315mW/21196mW VDD_CPU_GPU_CV 9076mW/8639mW VDD_SOC 6080mW/5748mW
08-04-2026 08:49:24 RAM 4044/7620MB (lfb 31x1MB) SWAP 2644/12002MB (cached 127MB) CPU [0%@1728,0%@1728,9%@1728,0%@1728,0%@1728,0%@1728] GR3D_FREQ 99% cpu@72.031C soc2@70.843C soc0@70.906C gpu@73.843C tj@73.843C soc1@71.468C VDD_IN 22275mW/21199mW VDD_CPU_GPU_CV 9036mW/8640mW VDD_SOC 6080mW/5748mW
08-04-2026 08:49:24 RAM 4044/7620MB (lfb 31x1MB) SWAP 2644/12002MB (cached 127MB) CPU [9%@1728,0%@1728,0%@1728,0%@1728,0%@1728,0%@1728] GR3D_FREQ 99% cpu@71.843C soc2@70.687C soc0@70.937C gpu@74.093C tj@74.093C soc1@71.5C VDD_IN 22275mW/21201mW VDD_CPU_GPU_CV 9076mW/8641mW VDD_SOC 6040mW/5749mW
08-04-2026 08:49:24 RAM 4044/7620MB (lfb 31x1MB) SWAP 2644/12002MB (cached 127MB) CPU [9%@1728,0%@1728,10%@1728,0%@1728,9%@1728,0%@1728] GR3D_FREQ 95% cpu@72C soc2@70.781C soc0@70.906C gpu@73.906C tj@73.906C soc1@71.5C VDD_IN 22275mW/21204mW VDD_CPU_GPU_CV 9076mW/8642mW VDD_SOC 6080mW/5750mW
08-04-2026 08:49:24 RAM 4044/7620MB (lfb 31x1MB) SWAP 2644/12002MB (cached 127MB) CPU [0%@1728,0%@1728,9%@1728,0%@1728,0%@1728,9%@1728] GR3D_FREQ 99% cpu@72.031C soc2@70.75C soc0@71.093C gpu@73.937C tj@73.937C soc1@71.593C VDD_IN 22275mW/21206mW VDD_CPU_GPU_CV 9076mW/8643mW VDD_SOC 6080mW/5750mW
08-04-2026 08:49:24 RAM 4045/7620MB (lfb 31x1MB) SWAP 2644/12002MB (cached 127MB) CPU [0%@1728,0%@1728,20%@1728,0%@1728,0%@1728,0%@1728] GR3D_FREQ 99% cpu@72.031C soc2@70.781C soc0@70.937C gpu@74.187C tj@74.187C soc1@71.437C VDD_IN 22195mW/21208mW VDD_CPU_GPU_CV 9036mW/8644mW VDD_SOC 6040mW/5751mW
08-04-2026 08:49:24 RAM 4045/7620MB (lfb 31x1MB) SWAP 2644/12002MB (cached 127MB) CPU [0%@1728,9%@1728,18%@1728,0%@1728,10%@1728,0%@1728] GR3D_FREQ 95% cpu@71.906C soc2@70.687C soc0@70.906C gpu@73.906C tj@73.906C soc1@71.437C VDD_IN 22235mW/21210mW VDD_CPU_GPU_CV 9036mW/8645mW VDD_SOC 6040mW/5752mW
08-04-2026 08:49:24 RAM 4045/7620MB (lfb 31x1MB) SWAP 2644/12002MB (cached 127MB) CPU [0%@1728,0%@1728,18%@1728,0%@1728,0%@1728,8%@1728] GR3D_FREQ 99% cpu@71.937C soc2@70.812C soc0@70.937C gpu@74.437C tj@74.437C soc1@71.531C VDD_IN 22195mW/21212mW VDD_CPU_GPU_CV 9036mW/8646mW VDD_SOC 6040mW/5752mW
08-04-2026 08:49:24 RAM 4044/7620MB (lfb 31x1MB) SWAP 2644/12002MB (cached 127MB) CPU [16%@1728,18%@1728,9%@1728,0%@1728,0%@1728,0%@1728] GR3D_FREQ 99% cpu@72.062C soc2@70.75C soc0@71.093C gpu@74.093C tj@74.093C soc1@71.531C VDD_IN 22235mW/21215mW VDD_CPU_GPU_CV 9076mW/8646mW VDD_SOC 6040mW/5753mW
08-04-2026 08:49:24 RAM 4042/7620MB (lfb 31x1MB) SWAP 2644/12002MB (cached 127MB) CPU [0%@1728,0%@1728,18%@1728,16%@1728,0%@1728,0%@1728] GR3D_FREQ 96% cpu@72.281C soc2@70.843C soc0@70.812C gpu@73.937C tj@73.937C soc1@71.406C VDD_IN 22275mW/21217mW VDD_CPU_GPU_CV 9076mW/8647mW VDD_SOC 6080mW/5754mW
08-04-2026 08:49:25 RAM 4042/7620MB (lfb 31x1MB) SWAP 2644/12002MB (cached 127MB) CPU [16%@1728,10%@1728,0%@1728,0%@1728,0%@1728,0%@1728] GR3D_FREQ 99% cpu@71.812C soc2@70.718C soc0@70.875C gpu@74.312C tj@74.312C soc1@71.406C VDD_IN 22275mW/21219mW VDD_CPU_GPU_CV 9076mW/8648mW VDD_SOC 6040mW/5754mW
08-04-2026 08:49:25 RAM 4042/7620MB (lfb 31x1MB) SWAP 2644/12002MB (cached 127MB) CPU [0%@1728,0%@1728,9%@1728,0%@1728,0%@1728,0%@1728] GR3D_FREQ 99% cpu@71.875C soc2@70.687C soc0@70.968C gpu@74.062C tj@74.062C soc1@71.437C VDD_IN 22275mW/21222mW VDD_CPU_GPU_CV 9036mW/8649mW VDD_SOC 6040mW/5755mW
08-04-2026 08:49:25 RAM 4042/7620MB (lfb 31x1MB) SWAP 2644/12002MB (cached 127MB) CPU [0%@1728,9%@1728,10%@1728,0%@1728,9%@1728,0%@1728] GR3D_FREQ 96% cpu@72.062C soc2@70.75C soc0@71.031C gpu@74C tj@74C soc1@71.593C VDD_IN 22275mW/21224mW VDD_CPU_GPU_CV 9036mW/8650mW VDD_SOC 6080mW/5756mW
08-04-2026 08:49:25 RAM 4042/7620MB (lfb 31x1MB) SWAP 2644/12002MB (cached 127MB) CPU [0%@1728,0%@1728,0%@1728,0%@1728,0%@1728,0%@1728] GR3D_FREQ 99% cpu@72.093C soc2@70.562C soc0@70.812C gpu@73.906C tj@73.906C soc1@71.375C VDD_IN 22235mW/21226mW VDD_CPU_GPU_CV 9036mW/8651mW VDD_SOC 6040mW/5756mW
08-04-2026 08:49:25 RAM 4042/7620MB (lfb 31x1MB) SWAP 2644/12002MB (cached 127MB) CPU [0%@1728,16%@1728,18%@1728,0%@1728,0%@1728,9%@1728] GR3D_FREQ 99% cpu@71.875C soc2@70.687C soc0@70.875C gpu@74.031C tj@74.031C soc1@71.375C VDD_IN 22235mW/21228mW VDD_CPU_GPU_CV 8996mW/8652mW VDD_SOC 6080mW/5757mW
08-04-2026 08:49:25 RAM 4042/7620MB (lfb 31x1MB) SWAP 2644/12002MB (cached 127MB) CPU [9%@1728,9%@1728,0%@1728,18%@1728,16%@1728,9%@1728] GR3D_FREQ 94% cpu@72C soc2@70.718C soc0@71.031C gpu@73.843C tj@73.843C soc1@71.5C VDD_IN 22115mW/21230mW VDD_CPU_GPU_CV 8996mW/8652mW VDD_SOC 6040mW/5758mW
08-04-2026 08:49:25 RAM 4042/7620MB (lfb 31x1MB) SWAP 2644/12002MB (cached 127MB) CPU [0%@1728,10%@1728,10%@1728,9%@1728,0%@1728,0%@1728] GR3D_FREQ 99% cpu@72.062C soc2@70.75C soc0@71C gpu@73.968C tj@73.968C soc1@71.343C VDD_IN 22155mW/21232mW VDD_CPU_GPU_CV 8996mW/8653mW VDD_SOC 6040mW/5758mW
08-04-2026 08:49:25 RAM 4042/7620MB (lfb 31x1MB) SWAP 2644/12002MB (cached 127MB) CPU [0%@1728,10%@1728,9%@1728,0%@1728,0%@1728,0%@1728] GR3D_FREQ 99% cpu@72.25C soc2@70.593C soc0@70.843C gpu@73.718C tj@73.718C soc1@71.375C VDD_IN 22155mW/21234mW VDD_CPU_GPU_CV 8996mW/8654mW VDD_SOC 6040mW/5759mW
08-04-2026 08:49:25 RAM 4043/7620MB (lfb 31x1MB) SWAP 2644/12002MB (cached 127MB) CPU [27%@1728,0%@1728,20%@1728,10%@1728,0%@1728,0%@1728] GR3D_FREQ 94% cpu@72.281C soc2@70.625C soc0@70.843C gpu@73.687C tj@73.687C soc1@71.437C VDD_IN 22235mW/21236mW VDD_CPU_GPU_CV 9036mW/8655mW VDD_SOC 6040mW/5759mW
08-04-2026 08:49:25 RAM 4043/7620MB (lfb 31x1MB) SWAP 2644/12002MB (cached 127MB) CPU [0%@1728,9%@1728,9%@1728,0%@1728,0%@1728,0%@1728] GR3D_FREQ 99% cpu@71.968C soc2@70.687C soc0@71C gpu@74C tj@74C soc1@71.531C VDD_IN 22195mW/21238mW VDD_CPU_GPU_CV 9036mW/8655mW VDD_SOC 6040mW/5760mW
08-04-2026 08:49:26 RAM 4043/7620MB (lfb 31x1MB) SWAP 2644/12002MB (cached 127MB) CPU [0%@1728,9%@1728,10%@1728,0%@1728,0%@1728,0%@1728] GR3D_FREQ 99% cpu@72.187C soc2@70.687C soc0@71.062C gpu@73.687C tj@73.687C soc1@71.531C VDD_IN 22235mW/21240mW VDD_CPU_GPU_CV 8996mW/8656mW VDD_SOC 6040mW/5761mW
08-04-2026 08:49:26 RAM 4043/7620MB (lfb 31x1MB) SWAP 2644/12002MB (cached 127MB) CPU [0%@1728,0%@1728,9%@1728,0%@1728,0%@1728,0%@1728] GR3D_FREQ 99% cpu@72.125C soc2@70.531C soc0@70.875C gpu@74.375C tj@74.375C soc1@71.406C VDD_IN 22235mW/21242mW VDD_CPU_GPU_CV 9036mW/8657mW VDD_SOC 6040mW/5761mW
08-04-2026 08:49:26 RAM 4043/7620MB (lfb 31x1MB) SWAP 2644/12002MB (cached 127MB) CPU [0%@1728,10%@1728,10%@1728,0%@1728,0%@1728,0%@1728] GR3D_FREQ 99% cpu@71.906C soc2@70.656C soc0@70.937C gpu@74.187C tj@74.187C soc1@71.375C VDD_IN 22275mW/21244mW VDD_CPU_GPU_CV 9036mW/8658mW VDD_SOC 6040mW/5762mW
08-04-2026 08:49:26 RAM 4043/7620MB (lfb 31x1MB) SWAP 2644/12002MB (cached 127MB) CPU [0%@1728,0%@1728,10%@1728,0%@1728,0%@1728,0%@1728] GR3D_FREQ 99% cpu@71.968C soc2@70.593C soc0@70.968C gpu@73.75C tj@73.75C soc1@71.531C VDD_IN 22275mW/21247mW VDD_CPU_GPU_CV 9036mW/8658mW VDD_SOC 6080mW/5762mW
08-04-2026 08:49:26 RAM 4041/7620MB (lfb 31x1MB) SWAP 2644/12002MB (cached 127MB) CPU [25%@1728,36%@1728,18%@1728,33%@1728,9%@1728,18%@1728] GR3D_FREQ 99% cpu@72.156C soc2@70.718C soc0@71.062C gpu@74.156C tj@74.156C soc1@71.5C VDD_IN 22195mW/21249mW VDD_CPU_GPU_CV 9036mW/8659mW VDD_SOC 6040mW/5763mW
08-04-2026 08:49:26 RAM 4041/7620MB (lfb 31x1MB) SWAP 2644/12002MB (cached 127MB) CPU [10%@1728,0%@1728,9%@1728,9%@1728,0%@1728,0%@1728] GR3D_FREQ 99% cpu@72.156C soc2@70.625C soc0@70.875C gpu@74.093C tj@74.093C soc1@71.375C VDD_IN 22235mW/21251mW VDD_CPU_GPU_CV 9076mW/8660mW VDD_SOC 6040mW/5764mW
08-04-2026 08:49:26 RAM 4041/7620MB (lfb 31x1MB) SWAP 2644/12002MB (cached 127MB) CPU [0%@1728,9%@1728,18%@1728,0%@1728,0%@1728,8%@1728] GR3D_FREQ 99% cpu@71.906C soc2@70.718C soc0@70.937C gpu@73.906C tj@73.906C soc1@71.406C VDD_IN 22195mW/21253mW VDD_CPU_GPU_CV 9036mW/8661mW VDD_SOC 6040mW/5764mW
08-04-2026 08:49:26 RAM 4043/7620MB (lfb 31x1MB) SWAP 2644/12002MB (cached 127MB) CPU [0%@1728,11%@1728,20%@1728,9%@1728,9%@1728,0%@1728] GR3D_FREQ 99% cpu@72.093C soc2@70.687C soc0@71.031C gpu@74.25C tj@74.25C soc1@71.593C VDD_IN 22235mW/21255mW VDD_CPU_GPU_CV 9076mW/8662mW VDD_SOC 6080mW/5765mW
08-04-2026 08:49:26 RAM 4043/7620MB (lfb 31x1MB) SWAP 2644/12002MB (cached 127MB) CPU [0%@1728,0%@1728,9%@1728,0%@1728,0%@1728,0%@1728] GR3D_FREQ 99% cpu@71.937C soc2@70.75C soc0@70.875C gpu@74.156C tj@74.156C soc1@71.375C VDD_IN 22275mW/21257mW VDD_CPU_GPU_CV 9116mW/8663mW VDD_SOC 6040mW/5765mW
08-04-2026 08:49:27 RAM 4043/7620MB (lfb 31x1MB) SWAP 2644/12002MB (cached 127MB) CPU [0%@1728,9%@1728,0%@1728,9%@1728,16%@1728,0%@1728] GR3D_FREQ 96% cpu@72.125C soc2@70.656C soc0@70.937C gpu@74.062C tj@74.062C soc1@71.406C VDD_IN 22275mW/21259mW VDD_CPU_GPU_CV 9076mW/8664mW VDD_SOC 6080mW/5766mW
08-04-2026 08:49:27 RAM 4043/7620MB (lfb 31x1MB) SWAP 2644/12002MB (cached 127MB) CPU [0%@1728,9%@1728,0%@1728,9%@1728,0%@1728,0%@1728] GR3D_FREQ 99% cpu@71.906C soc2@70.687C soc0@70.875C gpu@73.937C tj@73.937C soc1@71.5C VDD_IN 22275mW/21261mW VDD_CPU_GPU_CV 9076mW/8664mW VDD_SOC 6080mW/5767mW
08-04-2026 08:49:27 RAM 4043/7620MB (lfb 31x1MB) SWAP 2644/12002MB (cached 127MB) CPU [0%@1728,9%@1728,0%@1728,0%@1728,0%@1728,0%@1728] GR3D_FREQ 99% cpu@71.906C soc2@70.656C soc0@70.875C gpu@74.031C tj@74.031C soc1@71.531C VDD_IN 22275mW/21263mW VDD_CPU_GPU_CV 9076mW/8665mW VDD_SOC 6080mW/5767mW
08-04-2026 08:49:27 RAM 4043/7620MB (lfb 31x1MB) SWAP 2644/12002MB (cached 127MB) CPU [0%@1728,9%@1728,0%@1728,9%@1728,0%@1728,0%@1728] GR3D_FREQ 99% cpu@72C soc2@70.75C soc0@71.093C gpu@73.875C tj@73.875C soc1@71.343C VDD_IN 22275mW/21265mW VDD_CPU_GPU_CV 9036mW/8666mW VDD_SOC 6080mW/5768mW
08-04-2026 08:49:27 RAM 4043/7620MB (lfb 31x1MB) SWAP 2644/12002MB (cached 127MB) CPU [0%@1728,0%@1728,0%@1728,9%@1728,0%@1728,9%@1728] GR3D_FREQ 99% cpu@71.812C soc2@70.625C soc0@70.875C gpu@74C tj@74C soc1@71.437C VDD_IN 22275mW/21267mW VDD_CPU_GPU_CV 9036mW/8667mW VDD_SOC 6080mW/5769mW
08-04-2026 08:49:27 RAM 4043/7620MB (lfb 31x1MB) SWAP 2644/12002MB (cached 127MB) CPU [16%@1728,0%@1728,0%@1728,20%@1728,10%@1728,9%@1728] GR3D_FREQ 99% cpu@71.843C soc2@70.625C soc0@70.875C gpu@73.812C tj@73.812C soc1@71.406C VDD_IN 22155mW/21269mW VDD_CPU_GPU_CV 9036mW/8668mW VDD_SOC 6040mW/5769mW
08-04-2026 08:49:27 RAM 4045/7620MB (lfb 29x1MB) SWAP 2644/12002MB (cached 127MB) CPU [9%@1728,0%@1728,0%@1728,18%@1728,0%@1728,10%@1728] GR3D_FREQ 99% cpu@71.937C soc2@70.687C soc0@71.031C gpu@73.843C tj@73.843C soc1@71.531C VDD_IN 22195mW/21271mW VDD_CPU_GPU_CV 9036mW/8668mW VDD_SOC 6040mW/5770mW
08-04-2026 08:49:27 RAM 4045/7620MB (lfb 29x1MB) SWAP 2644/12002MB (cached 127MB) CPU [0%@1728,0%@1728,0%@1728,0%@1728,0%@1728,0%@1728] GR3D_FREQ 99% cpu@72.218C soc2@70.781C soc0@70.843C gpu@74C tj@74C soc1@71.312C VDD_IN 22195mW/21273mW VDD_CPU_GPU_CV 9036mW/8669mW VDD_SOC 6040mW/5770mW
08-04-2026 08:49:27 RAM 4047/7620MB (lfb 29x1MB) SWAP 2644/12002MB (cached 127MB) CPU [20%@1728,18%@1728,27%@1728,25%@1728,0%@1728,0%@1728] GR3D_FREQ 99% cpu@71.906C soc2@70.656C soc0@70.875C gpu@73.718C tj@73.718C soc1@71.375C VDD_IN 22275mW/21275mW VDD_CPU_GPU_CV 9076mW/8670mW VDD_SOC 6040mW/5771mW
08-04-2026 08:49:27 RAM 4047/7620MB (lfb 29x1MB) SWAP 2644/12002MB (cached 127MB) CPU [23%@1728,0%@1728,9%@1728,0%@1728,8%@1728,9%@1728] GR3D_FREQ 99% cpu@71.937C soc2@70.718C soc0@70.875C gpu@74.312C tj@74.312C soc1@71.437C VDD_IN 22275mW/21277mW VDD_CPU_GPU_CV 9076mW/8671mW VDD_SOC 6080mW/5771mW
08-04-2026 08:49:28 RAM 4047/7620MB (lfb 29x1MB) SWAP 2644/12002MB (cached 127MB) CPU [0%@1728,0%@1728,9%@1728,0%@1728,0%@1728,0%@1728] GR3D_FREQ 99% cpu@71.843C soc2@70.625C soc0@70.968C gpu@73.875C tj@73.875C soc1@71.593C VDD_IN 22275mW/21279mW VDD_CPU_GPU_CV 9036mW/8671mW VDD_SOC 6040mW/5772mW
08-04-2026 08:49:28 RAM 4047/7620MB (lfb 29x1MB) SWAP 2644/12002MB (cached 127MB) CPU [0%@1728,0%@1728,18%@1728,0%@1728,9%@1728,0%@1728] GR3D_FREQ 99% cpu@72.218C soc2@70.718C soc0@70.843C gpu@73.656C tj@73.656C soc1@71.312C VDD_IN 22275mW/21281mW VDD_CPU_GPU_CV 9036mW/8672mW VDD_SOC 6080mW/5773mW
08-04-2026 08:49:28 RAM 4047/7620MB (lfb 29x1MB) SWAP 2644/12002MB (cached 127MB) CPU [0%@1728,0%@1728,9%@1728,9%@1728,9%@1728,16%@1728] GR3D_FREQ 99% cpu@71.875C soc2@70.656C soc0@70.781C gpu@74.218C tj@74.218C soc1@71.468C VDD_IN 22275mW/21283mW VDD_CPU_GPU_CV 9036mW/8673mW VDD_SOC 6080mW/5773mW
08-04-2026 08:49:28 RAM 4047/7620MB (lfb 29x1MB) SWAP 2644/12002MB (cached 127MB) CPU [9%@1728,9%@1728,10%@1728,0%@1728,0%@1728,0%@1728] GR3D_FREQ 99% cpu@71.75C soc2@70.593C soc0@70.937C gpu@73.843C tj@73.843C soc1@71.468C VDD_IN 22235mW/21285mW VDD_CPU_GPU_CV 9036mW/8674mW VDD_SOC 6040mW/5774mW
08-04-2026 08:49:28 RAM 4048/7620MB (lfb 29x1MB) SWAP 2644/12002MB (cached 127MB) CPU [33%@1728,0%@1728,10%@1728,0%@1728,0%@1728,10%@1728] GR3D_FREQ 99% cpu@72.156C soc2@70.687C soc0@70.937C gpu@73.5C tj@73.5C soc1@71.531C VDD_IN 22235mW/21287mW VDD_CPU_GPU_CV 9036mW/8674mW VDD_SOC 6040mW/5774mW
08-04-2026 08:49:28 RAM 4048/7620MB (lfb 29x1MB) SWAP 2644/12002MB (cached 127MB) CPU [0%@1728,9%@1728,9%@1728,9%@1728,0%@1728,0%@1728] GR3D_FREQ 99% cpu@72.25C soc2@70.687C soc0@71C gpu@74.156C tj@74.156C soc1@71.406C VDD_IN 22275mW/21289mW VDD_CPU_GPU_CV 9076mW/8675mW VDD_SOC 6040mW/5775mW
08-04-2026 08:49:28 RAM 4048/7620MB (lfb 29x1MB) SWAP 2644/12002MB (cached 127MB) CPU [0%@1728,0%@1728,18%@1728,0%@1728,0%@1728,9%@1728] GR3D_FREQ 99% cpu@71.781C soc2@70.625C soc0@70.843C gpu@74C tj@74C soc1@71.343C VDD_IN 22235mW/21291mW VDD_CPU_GPU_CV 9036mW/8676mW VDD_SOC 6040mW/5775mW
08-04-2026 08:49:28 RAM 4048/7620MB (lfb 29x1MB) SWAP 2644/12002MB (cached 127MB) CPU [10%@1728,20%@1728,18%@1728,25%@1728,16%@1728,0%@1728] GR3D_FREQ 97% cpu@72.062C soc2@70.625C soc0@70.875C gpu@73.812C tj@73.812C soc1@71.5C VDD_IN 22275mW/21293mW VDD_CPU_GPU_CV 9036mW/8677mW VDD_SOC 6040mW/5776mW
08-04-2026 08:49:28 RAM 4046/7620MB (lfb 29x1MB) SWAP 2644/12002MB (cached 127MB) CPU [0%@1728,0%@1728,0%@1728,9%@1728,0%@1728,0%@1728] GR3D_FREQ 99% cpu@72.062C soc2@70.625C soc0@70.968C gpu@74.093C tj@74.093C soc1@71.562C VDD_IN 22275mW/21295mW VDD_CPU_GPU_CV 9036mW/8677mW VDD_SOC 6040mW/5776mW
08-04-2026 08:49:29 RAM 4046/7620MB (lfb 29x1MB) SWAP 2644/12002MB (cached 127MB) CPU [0%@1728,0%@1728,9%@1728,0%@1728,0%@1728,0%@1728] GR3D_FREQ 99% cpu@72.125C soc2@70.562C soc0@70.843C gpu@74.062C tj@74.062C soc1@71.343C VDD_IN 22235mW/21297mW VDD_CPU_GPU_CV 9036mW/8678mW VDD_SOC 6040mW/5777mW
08-04-2026 08:49:29 RAM 4046/7620MB (lfb 29x1MB) SWAP 2644/12002MB (cached 127MB) CPU [9%@1728,9%@1728,10%@1728,0%@1728,0%@1728,9%@1728] GR3D_FREQ 96% cpu@72.156C soc2@70.593C soc0@70.781C gpu@73.937C tj@73.937C soc1@71.312C VDD_IN 22275mW/21299mW VDD_CPU_GPU_CV 9036mW/8679mW VDD_SOC 6040mW/5777mW
08-04-2026 08:49:29 RAM 4046/7620MB (lfb 29x1MB) SWAP 2644/12002MB (cached 127MB) CPU [9%@1728,0%@1728,0%@1728,0%@1728,0%@1728,0%@1728] GR3D_FREQ 99% cpu@71.968C soc2@70.593C soc0@70.843C gpu@73.875C tj@73.875C soc1@71.5C VDD_IN 22315mW/21301mW VDD_CPU_GPU_CV 9036mW/8680mW VDD_SOC 6080mW/5778mW
08-04-2026 08:49:29 RAM 4046/7620MB (lfb 29x1MB) SWAP 2644/12002MB (cached 127MB) CPU [0%@1728,0%@1728,9%@1728,0%@1728,9%@1728,11%@1728] GR3D_FREQ 99% cpu@71.906C soc2@70.625C soc0@70.937C gpu@74C tj@74C soc1@71.531C VDD_IN 22275mW/21303mW VDD_CPU_GPU_CV 9036mW/8680mW VDD_SOC 6040mW/5779mW
08-04-2026 08:49:29 RAM 4046/7620MB (lfb 29x1MB) SWAP 2644/12002MB (cached 127MB) CPU [16%@1728,0%@1728,10%@1728,0%@1728,0%@1728,8%@1728] GR3D_FREQ 95% cpu@72.031C soc2@70.562C soc0@70.812C gpu@73.812C tj@73.812C soc1@71.218C VDD_IN 22275mW/21304mW VDD_CPU_GPU_CV 9036mW/8681mW VDD_SOC 6080mW/5779mW
08-04-2026 08:49:29 RAM 4046/7620MB (lfb 29x1MB) SWAP 2644/12002MB (cached 127MB) CPU [0%@1728,10%@1728,0%@1728,18%@1728,9%@1728,0%@1728] GR3D_FREQ 99% cpu@72.093C soc2@70.562C soc0@70.812C gpu@73.75C tj@73.75C soc1@71.375C VDD_IN 22235mW/21306mW VDD_CPU_GPU_CV 9036mW/8682mW VDD_SOC 6040mW/5780mW
08-04-2026 08:49:29 RAM 4046/7620MB (lfb 29x1MB) SWAP 2644/12002MB (cached 127MB) CPU [16%@1728,9%@1728,9%@1728,0%@1728,0%@1728,0%@1728] GR3D_FREQ 99% cpu@71.812C soc2@70.531C soc0@70.843C gpu@73.625C tj@73.625C soc1@71.375C VDD_IN 22195mW/21308mW VDD_CPU_GPU_CV 8996mW/8682mW VDD_SOC 6040mW/5780mW
08-04-2026 08:49:29 RAM 4043/7620MB (lfb 29x1MB) SWAP 2644/12002MB (cached 127MB) CPU [11%@1728,10%@1728,18%@1728,20%@1728,0%@1728,0%@1728] GR3D_FREQ 94% cpu@71.968C soc2@70.625C soc0@70.906C gpu@73.843C tj@73.843C soc1@71.406C VDD_IN 22235mW/21310mW VDD_CPU_GPU_CV 9036mW/8683mW VDD_SOC 6040mW/5781mW
08-04-2026 08:49:29 RAM 4044/7620MB (lfb 29x1MB) SWAP 2644/12002MB (cached 127MB) CPU [10%@1728,25%@1728,27%@1728,27%@1728,0%@1728,0%@1728] GR3D_FREQ 99% cpu@72C soc2@70.593C soc0@70.75C gpu@73.812C tj@73.812C soc1@71.25C VDD_IN 22275mW/21312mW VDD_CPU_GPU_CV 9076mW/8684mW VDD_SOC 6040mW/5781mW
08-04-2026 08:49:29 RAM 4044/7620MB (lfb 29x1MB) SWAP 2644/12002MB (cached 127MB) CPU [0%@1728,0%@1728,16%@1728,0%@1728,0%@1728,9%@1728] GR3D_FREQ 99% cpu@72.062C soc2@70.5C soc0@70.843C gpu@73.75C tj@73.75C soc1@71.343C VDD_IN 22275mW/21314mW VDD_CPU_GPU_CV 9076mW/8684mW VDD_SOC 6040mW/5782mW
08-04-2026 08:49:30 RAM 4044/7620MB (lfb 29x1MB) SWAP 2644/12002MB (cached 127MB) CPU [0%@1728,0%@1728,18%@1728,0%@1728,9%@1728,9%@1728] GR3D_FREQ 96% cpu@71.937C soc2@70.625C soc0@70.843C gpu@74.031C tj@74.031C soc1@71.312C VDD_IN 22315mW/21316mW VDD_CPU_GPU_CV 9076mW/8685mW VDD_SOC 6080mW/5782mW
08-04-2026 08:49:30 RAM 4044/7620MB (lfb 29x1MB) SWAP 2644/12002MB (cached 127MB) CPU [0%@1728,9%@1728,0%@1728,0%@1728,0%@1728,0%@1728] GR3D_FREQ 99% cpu@71.937C soc2@70.625C soc0@71.031C gpu@73.843C tj@73.843C soc1@71.593C VDD_IN 22315mW/21318mW VDD_CPU_GPU_CV 9076mW/8686mW VDD_SOC 6080mW/5783mW
08-04-2026 08:49:30 RAM 4044/7620MB (lfb 29x1MB) SWAP 2644/12002MB (cached 127MB) CPU [0%@1728,0%@1728,18%@1728,60%@1728,0%@1728,16%@1728] GR3D_FREQ 99% cpu@72.25C soc2@70.562C soc0@70.843C gpu@74.125C tj@74.125C soc1@71.281C VDD_IN 22315mW/21319mW VDD_CPU_GPU_CV 9116mW/8687mW VDD_SOC 6080mW/5783mW
08-04-2026 08:49:30 RAM 4044/7620MB (lfb 29x1MB) SWAP 2644/12002MB (cached 127MB) CPU [0%@1728,0%@1728,0%@1728,8%@1728,0%@1728,0%@1728] GR3D_FREQ 96% cpu@71.875C soc2@70.531C soc0@70.843C gpu@74.031C tj@74.031C soc1@71.375C VDD_IN 22355mW/21322mW VDD_CPU_GPU_CV 9076mW/8688mW VDD_SOC 6080mW/5784mW
08-04-2026 08:49:30 RAM 4044/7620MB (lfb 29x1MB) SWAP 2644/12002MB (cached 127MB) CPU [0%@1728,0%@1728,10%@1728,27%@1728,9%@1728,0%@1728] GR3D_FREQ 99% cpu@71.968C soc2@70.656C soc0@70.875C gpu@74C tj@74C soc1@71.437C VDD_IN 22275mW/21323mW VDD_CPU_GPU_CV 9036mW/8688mW VDD_SOC 6040mW/5785mW
08-04-2026 08:49:30 RAM 4044/7620MB (lfb 29x1MB) SWAP 2644/12002MB (cached 127MB) CPU [18%@1728,0%@1728,18%@1728,9%@1728,16%@1728,0%@1728] GR3D_FREQ 94% cpu@71.937C soc2@70.656C soc0@70.968C gpu@73.656C tj@73.656C soc1@71.218C VDD_IN 22235mW/21325mW VDD_CPU_GPU_CV 9036mW/8689mW VDD_SOC 6040mW/5785mW
08-04-2026 08:49:30 RAM 4044/7620MB (lfb 29x1MB) SWAP 2644/12002MB (cached 127MB) CPU [0%@1728,0%@1728,0%@1728,10%@1728,0%@1728,0%@1728] GR3D_FREQ 99% cpu@71.75C soc2@70.593C soc0@70.75C gpu@74C tj@74C soc1@71.375C VDD_IN 22195mW/21327mW VDD_CPU_GPU_CV 8996mW/8690mW VDD_SOC 6040mW/5786mW
08-04-2026 08:49:30 RAM 4045/7620MB (lfb 29x1MB) SWAP 2644/12002MB (cached 127MB) CPU [9%@1728,20%@1728,18%@1728,18%@1728,0%@1728,0%@1728] GR3D_FREQ 99% cpu@72C soc2@70.531C soc0@70.875C gpu@74C tj@74C soc1@71.437C VDD_IN 22235mW/21329mW VDD_CPU_GPU_CV 9036mW/8690mW VDD_SOC 6040mW/5786mW
08-04-2026 08:49:30 RAM 4044/7620MB (lfb 29x1MB) SWAP 2644/12002MB (cached 127MB) CPU [0%@1728,0%@1728,18%@1728,0%@1728,0%@1728,0%@1728] GR3D_FREQ 96% cpu@72.062C soc2@70.656C soc0@70.968C gpu@73.781C tj@73.781C soc1@71.437C VDD_IN 22275mW/21330mW VDD_CPU_GPU_CV 9036mW/8691mW VDD_SOC 6040mW/5787mW
08-04-2026 08:49:31 RAM 4044/7620MB (lfb 29x1MB) SWAP 2644/12002MB (cached 127MB) CPU [9%@1728,9%@1728,16%@1728,9%@1728,0%@1728,0%@1728] GR3D_FREQ 99% cpu@72.25C soc2@70.625C soc0@70.75C gpu@73.906C tj@73.906C soc1@71.343C VDD_IN 22275mW/21332mW VDD_CPU_GPU_CV 9036mW/8692mW VDD_SOC 6040mW/5787mW
08-04-2026 08:49:31 RAM 4044/7620MB (lfb 29x1MB) SWAP 2644/12002MB (cached 127MB) CPU [9%@1728,0%@1728,9%@1728,9%@1728,0%@1728,0%@1728] GR3D_FREQ 99% cpu@71.781C soc2@70.562C soc0@70.843C gpu@74.031C tj@74.031C soc1@71.312C VDD_IN 22235mW/21334mW VDD_CPU_GPU_CV 9036mW/8692mW VDD_SOC 6040mW/5788mW
08-04-2026 08:49:31 RAM 4044/7620MB (lfb 29x1MB) SWAP 2644/12002MB (cached 127MB) CPU [0%@1728,9%@1728,10%@1728,0%@1728,0%@1728,0%@1728] GR3D_FREQ 97% cpu@71.812C soc2@70.625C soc0@70.906C gpu@73.812C tj@73.812C soc1@71.406C VDD_IN 22235mW/21336mW VDD_CPU_GPU_CV 8996mW/8693mW VDD_SOC 6040mW/5788mW
08-04-2026 08:49:31 RAM 4044/7620MB (lfb 29x1MB) SWAP 2644/12002MB (cached 127MB) CPU [0%@1728,0%@1728,9%@1728,0%@1728,9%@1728,0%@1728] GR3D_FREQ 99% cpu@72.062C soc2@70.656C soc0@70.937C gpu@73.812C tj@73.812C soc1@71.5C VDD_IN 22195mW/21337mW VDD_CPU_GPU_CV 8996mW/8693mW VDD_SOC 6080mW/5789mW
08-04-2026 08:49:31 RAM 4044/7620MB (lfb 29x1MB) SWAP 2644/12002MB (cached 127MB) CPU [0%@1728,0%@1728,0%@1728,0%@1728,0%@1728,9%@1728] GR3D_FREQ 99% cpu@72.093C soc2@70.562C soc0@71.031C gpu@73.875C tj@73.875C soc1@71.343C VDD_IN 22195mW/21339mW VDD_CPU_GPU_CV 8996mW/8694mW VDD_SOC 6040mW/5789mW
08-04-2026 08:49:31 RAM 4044/7620MB (lfb 29x1MB) SWAP 2644/12002MB (cached 127MB) CPU [9%@1728,9%@1728,20%@1728,20%@1728,0%@1728,0%@1728] GR3D_FREQ 94% cpu@71.968C soc2@70.687C soc0@70.875C gpu@73.843C tj@73.843C soc1@71.406C VDD_IN 22195mW/21341mW VDD_CPU_GPU_CV 8996mW/8695mW VDD_SOC 6040mW/5790mW
08-04-2026 08:49:31 RAM 4044/7620MB (lfb 29x1MB) SWAP 2644/12002MB (cached 127MB) CPU [10%@1728,0%@1728,9%@1728,0%@1728,0%@1728,9%@1728] GR3D_FREQ 99% cpu@71.875C soc2@70.625C soc0@70.906C gpu@73.906C tj@73.906C soc1@71.468C VDD_IN 22195mW/21342mW VDD_CPU_GPU_CV 8996mW/8695mW VDD_SOC 6040mW/5790mW
08-04-2026 08:49:31 RAM 4044/7620MB (lfb 29x1MB) SWAP 2644/12002MB (cached 127MB) CPU [0%@1728,9%@1728,9%@1728,9%@1728,0%@1728,8%@1728] GR3D_FREQ 99% cpu@72.031C soc2@70.562C soc0@70.968C gpu@74.437C tj@74.437C soc1@71.625C VDD_IN 22195mW/21344mW VDD_CPU_GPU_CV 8996mW/8696mW VDD_SOC 6040mW/5790mW
08-04-2026 08:49:31 RAM 4043/7620MB (lfb 29x1MB) SWAP 2644/12002MB (cached 127MB) CPU [9%@1728,20%@1728,20%@1728,10%@1728,0%@1728,0%@1728] GR3D_FREQ 95% cpu@72.281C soc2@70.812C soc0@70.843C gpu@74.218C tj@74.218C soc1@71.375C VDD_IN 22275mW/21346mW VDD_CPU_GPU_CV 9076mW/8696mW VDD_SOC 6040mW/5791mW
08-04-2026 08:49:31 RAM 4043/7620MB (lfb 29x1MB) SWAP 2644/12002MB (cached 127MB) CPU [0%@1728,16%@1728,0%@1728,0%@1728,0%@1728,0%@1728] GR3D_FREQ 99% cpu@72.281C soc2@70.656C soc0@70.875C gpu@73.937C tj@73.937C soc1@71.343C VDD_IN 22275mW/21347mW VDD_CPU_GPU_CV 9036mW/8697mW VDD_SOC 6080mW/5791mW
08-04-2026 08:49:32 RAM 4043/7620MB (lfb 29x1MB) SWAP 2644/12002MB (cached 127MB) CPU [0%@1728,9%@1728,9%@1728,9%@1728,0%@1728,0%@1728] GR3D_FREQ 99% cpu@71.812C soc2@70.625C soc0@70.937C gpu@74.375C tj@74.375C soc1@71.468C VDD_IN 22235mW/21349mW VDD_CPU_GPU_CV 9036mW/8698mW VDD_SOC 6040mW/5792mW
08-04-2026 08:49:32 RAM 4043/7620MB (lfb 29x1MB) SWAP 2644/12002MB (cached 127MB) CPU [0%@1728,0%@1728,0%@1728,10%@1728,9%@1728,0%@1728] GR3D_FREQ 97% cpu@72.062C soc2@70.531C soc0@71.062C gpu@74C tj@74C soc1@71.531C VDD_IN 22275mW/21351mW VDD_CPU_GPU_CV 9036mW/8698mW VDD_SOC 6080mW/5792mW
08-04-2026 08:49:32 RAM 4043/7620MB (lfb 29x1MB) SWAP 2644/12002MB (cached 127MB) CPU [0%@1728,0%@1728,0%@1728,9%@1728,0%@1728,0%@1728] GR3D_FREQ 99% cpu@72.125C soc2@70.718C soc0@70.843C gpu@73.906C tj@73.906C soc1@71.343C VDD_IN 22275mW/21352mW VDD_CPU_GPU_CV 9036mW/8699mW VDD_SOC 6080mW/5793mW
08-04-2026 08:49:32 RAM 4043/7620MB (lfb 29x1MB) SWAP 2644/12002MB (cached 127MB) CPU [0%@1728,0%@1728,0%@1728,9%@1728,0%@1728,0%@1728] GR3D_FREQ 99% cpu@72.218C soc2@70.625C soc0@70.937C gpu@74.218C tj@74.218C soc1@71.375C VDD_IN 22275mW/21354mW VDD_CPU_GPU_CV 9036mW/8700mW VDD_SOC 6080mW/5794mW
08-04-2026 08:49:32 RAM 4043/7620MB (lfb 29x1MB) SWAP 2644/12002MB (cached 127MB) CPU [9%@1728,0%@1728,9%@1728,22%@1728,0%@1728,10%@1728] GR3D_FREQ 94% cpu@71.968C soc2@70.656C soc0@70.875C gpu@74.031C tj@74.031C soc1@71.468C VDD_IN 22235mW/21356mW VDD_CPU_GPU_CV 9036mW/8700mW VDD_SOC 6080mW/5794mW
08-04-2026 08:49:32 RAM 4043/7620MB (lfb 29x1MB) SWAP 2644/12002MB (cached 127MB) CPU [9%@1728,9%@1728,9%@1728,16%@1728,0%@1728,0%@1728] GR3D_FREQ 99% cpu@72.062C soc2@70.687C soc0@70.906C gpu@73.968C tj@73.968C soc1@71.625C VDD_IN 22235mW/21358mW VDD_CPU_GPU_CV 9036mW/8701mW VDD_SOC 6040mW/5795mW
08-04-2026 08:49:32 RAM 4043/7620MB (lfb 29x1MB) SWAP 2644/12002MB (cached 127MB) CPU [0%@1728,9%@1728,0%@1728,10%@1728,0%@1728,0%@1728] GR3D_FREQ 99% cpu@72.125C soc2@70.625C soc0@70.843C gpu@74.125C tj@74.125C soc1@71.312C VDD_IN 22235mW/21359mW VDD_CPU_GPU_CV 9036mW/8701mW VDD_SOC 6040mW/5795mW
08-04-2026 08:49:32 RAM 4045/7620MB (lfb 29x1MB) SWAP 2644/12002MB (cached 127MB) CPU [27%@1728,11%@1728,20%@1728,27%@1728,8%@1728,0%@1728] GR3D_FREQ 93% cpu@72.437C soc2@70.718C soc0@70.843C gpu@74C tj@74C soc1@71.312C VDD_IN 22275mW/21361mW VDD_CPU_GPU_CV 9036mW/8702mW VDD_SOC 6080mW/5796mW
08-04-2026 08:49:32 RAM 4043/7620MB (lfb 29x1MB) SWAP 2644/12002MB (cached 127MB) CPU [20%@1728,10%@1728,18%@1728,0%@1728,0%@1728,9%@1728] GR3D_FREQ 99% cpu@72C soc2@70.687C soc0@70.843C gpu@74C tj@74C soc1@71.531C VDD_IN 22275mW/21363mW VDD_CPU_GPU_CV 9076mW/8703mW VDD_SOC 6040mW/5796mW
08-04-2026 08:49:33 RAM 4043/7620MB (lfb 29x1MB) SWAP 2644/12002MB (cached 127MB) CPU [0%@1728,23%@1728,16%@1728,0%@1728,0%@1728,0%@1728] GR3D_FREQ 99% cpu@72.218C soc2@70.718C soc0@71.031C gpu@73.781C tj@73.781C soc1@71.531C VDD_IN 22275mW/21364mW VDD_CPU_GPU_CV 9036mW/8703mW VDD_SOC 6080mW/5797mW
08-04-2026 08:49:33 RAM 4043/7620MB (lfb 29x1MB) SWAP 2644/12002MB (cached 127MB) CPU [0%@1728,0%@1728,0%@1728,0%@1728,0%@1728,0%@1728] GR3D_FREQ 96% cpu@72.093C soc2@70.625C soc0@70.812C gpu@73.843C tj@73.843C soc1@71.312C VDD_IN 22275mW/21366mW VDD_CPU_GPU_CV 9036mW/8704mW VDD_SOC 6080mW/5797mW
08-04-2026 08:49:33 RAM 4043/7620MB (lfb 29x1MB) SWAP 2644/12002MB (cached 127MB) CPU [0%@1728,23%@1728,9%@1728,9%@1728,0%@1728,0%@1728] GR3D_FREQ 99% cpu@72.156C soc2@70.656C soc0@70.875C gpu@73.968C tj@73.968C soc1@71.375C VDD_IN 22235mW/21368mW VDD_CPU_GPU_CV 9036mW/8705mW VDD_SOC 6040mW/5798mW
08-04-2026 08:49:33 RAM 4043/7620MB (lfb 29x1MB) SWAP 2644/12002MB (cached 127MB) CPU [0%@1728,0%@1728,9%@1728,0%@1728,16%@1728,0%@1728] GR3D_FREQ 99% cpu@71.875C soc2@70.687C soc0@70.906C gpu@73.781C tj@73.781C soc1@71.5C VDD_IN 22235mW/21369mW VDD_CPU_GPU_CV 8996mW/8705mW VDD_SOC 6080mW/5798mW
08-04-2026 08:49:33 RAM 4044/7620MB (lfb 29x1MB) SWAP 2644/12002MB (cached 127MB) CPU [27%@1728,9%@1728,10%@1728,18%@1728,0%@1728,0%@1728] GR3D_FREQ 99% cpu@72C soc2@70.718C soc0@70.937C gpu@73.875C tj@73.875C soc1@71.562C VDD_IN 22315mW/21371mW VDD_CPU_GPU_CV 9076mW/8706mW VDD_SOC 6080mW/5799mW
08-04-2026 08:49:33 RAM 4044/7620MB (lfb 29x1MB) SWAP 2644/12002MB (cached 127MB) CPU [20%@1728,0%@1728,0%@1728,0%@1728,9%@1728,0%@1728] GR3D_FREQ 99% cpu@72C soc2@70.625C soc0@70.843C gpu@74.281C tj@74.281C soc1@71.281C VDD_IN 22235mW/21372mW VDD_CPU_GPU_CV 9036mW/8706mW VDD_SOC 6040mW/5799mW
08-04-2026 08:49:33 RAM 4044/7620MB (lfb 29x1MB) SWAP 2644/12002MB (cached 127MB) CPU [9%@1728,0%@1728,18%@1728,16%@1728,0%@1728,9%@1728] GR3D_FREQ 99% cpu@72.343C soc2@70.562C soc0@70.781C gpu@73.75C tj@73.75C soc1@71.406C VDD_IN 22235mW/21374mW VDD_CPU_GPU_CV 9036mW/8707mW VDD_SOC 6040mW/5799mW
08-04-2026 08:49:33 RAM 4044/7620MB (lfb 29x1MB) SWAP 2644/12002MB (cached 127MB) CPU [0%@1728,0%@1728,0%@1728,0%@1728,0%@1728,0%@1728] GR3D_FREQ 99% cpu@71.875C soc2@70.625C soc0@70.937C gpu@73.812C tj@73.812C soc1@71.468C VDD_IN 22195mW/21376mW VDD_CPU_GPU_CV 8996mW/8708mW VDD_SOC 6040mW/5800mW
08-04-2026 08:49:33 RAM 4045/7620MB (lfb 29x1MB) SWAP 2644/12002MB (cached 127MB) CPU [18%@1728,18%@1728,38%@1728,27%@1728,9%@1728,0%@1728] GR3D_FREQ 99% cpu@71.906C soc2@70.687C soc0@71C gpu@74.218C tj@74.218C soc1@71.562C VDD_IN 22275mW/21377mW VDD_CPU_GPU_CV 9076mW/8708mW VDD_SOC 6040mW/5800mW
08-04-2026 08:49:33 RAM 4045/7620MB (lfb 29x1MB) SWAP 2644/12002MB (cached 127MB) CPU [0%@1728,9%@1728,10%@1728,0%@1728,0%@1728,0%@1728] GR3D_FREQ 99% cpu@72.125C soc2@70.593C soc0@70.781C gpu@73.812C tj@73.812C soc1@71.312C VDD_IN 22275mW/21379mW VDD_CPU_GPU_CV 9076mW/8709mW VDD_SOC 6040mW/5801mW
08-04-2026 08:49:34 RAM 4045/7620MB (lfb 29x1MB) SWAP 2644/12002MB (cached 127MB) CPU [0%@1728,8%@1728,9%@1728,0%@1728,0%@1728,0%@1728] GR3D_FREQ 99% cpu@71.812C soc2@70.562C soc0@70.875C gpu@73.781C tj@73.781C soc1@71.375C VDD_IN 22235mW/21380mW VDD_CPU_GPU_CV 9036mW/8710mW VDD_SOC 6040mW/5801mW
08-04-2026 08:49:34 RAM 4045/7620MB (lfb 29x1MB) SWAP 2644/12002MB (cached 127MB) CPU [0%@1728,0%@1728,10%@1728,0%@1728,0%@1728,9%@1728] GR3D_FREQ 99% cpu@71.812C soc2@70.656C soc0@70.843C gpu@74.218C tj@74.218C soc1@71.468C VDD_IN 22235mW/21382mW VDD_CPU_GPU_CV 9036mW/8710mW VDD_SOC 6040mW/5802mW
08-04-2026 08:49:34 RAM 4045/7620MB (lfb 29x1MB) SWAP 2644/12002MB (cached 127MB) CPU [0%@1728,0%@1728,10%@1728,0%@1728,0%@1728,0%@1728] GR3D_FREQ 99% cpu@71.906C soc2@70.656C soc0@71.031C gpu@74C tj@74C soc1@71.281C VDD_IN 22235mW/21383mW VDD_CPU_GPU_CV 9036mW/8711mW VDD_SOC 6040mW/5802mW
08-04-2026 08:49:34 RAM 4045/7620MB (lfb 29x1MB) SWAP 2644/12002MB (cached 127MB) CPU [16%@1728,0%@1728,16%@1728,9%@1728,0%@1728,0%@1728] GR3D_FREQ 99% cpu@71.968C soc2@70.593C soc0@70.75C gpu@73.75C tj@73.75C soc1@71.312C VDD_IN 22235mW/21385mW VDD_CPU_GPU_CV 9036mW/8711mW VDD_SOC 6080mW/5803mW
08-04-2026 08:49:34 RAM 4045/7620MB (lfb 29x1MB) SWAP 2644/12002MB (cached 127MB) CPU [18%@1728,0%@1728,10%@1728,0%@1728,9%@1728,0%@1728] GR3D_FREQ 99% cpu@71.906C soc2@70.625C soc0@70.812C gpu@74.062C tj@74.062C soc1@71.406C VDD_IN 22195mW/21387mW VDD_CPU_GPU_CV 9036mW/8712mW VDD_SOC 6040mW/5803mW
08-04-2026 08:49:34 RAM 4045/7620MB (lfb 29x1MB) SWAP 2644/12002MB (cached 127MB) CPU [9%@1728,9%@1728,18%@1728,10%@1728,9%@1728,16%@1728] GR3D_FREQ 94% cpu@71.875C soc2@70.656C soc0@70.906C gpu@74C tj@74C soc1@71.406C VDD_IN 22155mW/21388mW VDD_CPU_GPU_CV 8996mW/8712mW VDD_SOC 6040mW/5803mW
08-04-2026 08:49:34 RAM 4045/7620MB (lfb 29x1MB) SWAP 2644/12002MB (cached 127MB) CPU [0%@1728,9%@1728,10%@1728,0%@1728,0%@1728,0%@1728] GR3D_FREQ 99% cpu@72.062C soc2@70.687C soc0@71.031C gpu@73.843C tj@73.843C soc1@71.5C VDD_IN 22155mW/21389mW VDD_CPU_GPU_CV 8996mW/8713mW VDD_SOC 6040mW/5804mW
08-04-2026 08:49:34 RAM 4046/7620MB (lfb 29x1MB) SWAP 2644/12002MB (cached 127MB) CPU [20%@1728,18%@1728,16%@1728,11%@1728,0%@1728,0%@1728] GR3D_FREQ 99% cpu@72.156C soc2@70.625C soc0@70.75C gpu@73.75C tj@73.75C soc1@71.312C VDD_IN 22195mW/21391mW VDD_CPU_GPU_CV 9036mW/8714mW VDD_SOC 6040mW/5804mW
08-04-2026 08:49:34 RAM 4045/7620MB (lfb 29x1MB) SWAP 2644/12002MB (cached 127MB) CPU [0%@1728,0%@1728,10%@1728,0%@1728,0%@1728,0%@1728] GR3D_FREQ 96% cpu@71.812C soc2@70.593C soc0@70.781C gpu@73.937C tj@73.937C soc1@71.343C VDD_IN 22195mW/21392mW VDD_CPU_GPU_CV 9036mW/8714mW VDD_SOC 6040mW/5805mW
08-04-2026 08:49:35 RAM 4045/7620MB (lfb 29x1MB) SWAP 2644/12002MB (cached 127MB) CPU [0%@1728,9%@1728,10%@1728,0%@1728,0%@1728,0%@1728] GR3D_FREQ 99% cpu@71.812C soc2@70.562C soc0@70.843C gpu@73.968C tj@73.968C soc1@71.5C VDD_IN 22235mW/21394mW VDD_CPU_GPU_CV 9036mW/8715mW VDD_SOC 6040mW/5805mW
08-04-2026 08:49:35 RAM 4045/7620MB (lfb 29x1MB) SWAP 2644/12002MB (cached 127MB) CPU [9%@1728,0%@1728,9%@1728,0%@1728,0%@1728,0%@1728] GR3D_FREQ 99% cpu@72C soc2@70.656C soc0@71C gpu@73.656C tj@73.656C soc1@71.343C VDD_IN 22235mW/21395mW VDD_CPU_GPU_CV 9036mW/8715mW VDD_SOC 6040mW/5806mW
08-04-2026 08:49:35 RAM 4045/7620MB (lfb 29x1MB) SWAP 2644/12002MB (cached 127MB) CPU [0%@1728,0%@1728,10%@1728,8%@1728,9%@1728,0%@1728] GR3D_FREQ 99% cpu@72.156C soc2@70.562C soc0@70.843C gpu@73.687C tj@73.687C soc1@71.218C VDD_IN 22315mW/21397mW VDD_CPU_GPU_CV 9036mW/8716mW VDD_SOC 6080mW/5806mW
08-04-2026 08:49:35 RAM 4045/7620MB (lfb 29x1MB) SWAP 2644/12002MB (cached 127MB) CPU [0%@1728,9%@1728,9%@1728,0%@1728,0%@1728,0%@1728] GR3D_FREQ 99% cpu@71.687C soc2@70.5C soc0@70.843C gpu@73.875C tj@73.875C soc1@71.406C VDD_IN 22275mW/21398mW VDD_CPU_GPU_CV 9036mW/8716mW VDD_SOC 6080mW/5807mW
08-04-2026 08:49:35 RAM 4045/7620MB (lfb 29x1MB) SWAP 2644/12002MB (cached 127MB) CPU [0%@1728,9%@1728,10%@1728,0%@1728,0%@1728,0%@1728] GR3D_FREQ 99% cpu@71.937C soc2@70.625C soc0@70.843C gpu@73.562C tj@73.562C soc1@71.375C VDD_IN 22275mW/21400mW VDD_CPU_GPU_CV 9036mW/8717mW VDD_SOC 6080mW/5807mW
08-04-2026 08:49:35 RAM 4045/7620MB (lfb 29x1MB) SWAP 2644/12002MB (cached 127MB) CPU [33%@1728,0%@1728,16%@1728,0%@1728,9%@1728,0%@1728] GR3D_FREQ 99% cpu@72C soc2@70.718C soc0@70.781C gpu@73.593C tj@73.593C soc1@71.281C VDD_IN 22235mW/21401mW VDD_CPU_GPU_CV 9036mW/8718mW VDD_SOC 6040mW/5807mW
08-04-2026 08:49:35 RAM 4045/7620MB (lfb 29x1MB) SWAP 2644/12002MB (cached 127MB) CPU [0%@1728,9%@1728,10%@1728,9%@1728,0%@1728,0%@1728] GR3D_FREQ 99% cpu@72.093C soc2@70.531C soc0@70.781C gpu@74.062C tj@74.062C soc1@71.281C VDD_IN 22195mW/21403mW VDD_CPU_GPU_CV 8996mW/8718mW VDD_SOC 6040mW/5808mW
08-04-2026 08:49:35 RAM 4045/7620MB (lfb 29x1MB) SWAP 2644/12002MB (cached 127MB) CPU [0%@1728,9%@1728,9%@1728,0%@1728,0%@1728,0%@1728] GR3D_FREQ 99% cpu@71.812C soc2@70.531C soc0@70.812C gpu@73.531C tj@73.531C soc1@71.312C VDD_IN 22195mW/21404mW VDD_CPU_GPU_CV 8996mW/8718mW VDD_SOC 6040mW/5808mW
08-04-2026 08:49:35 RAM 4045/7620MB (lfb 29x1MB) SWAP 2644/12002MB (cached 127MB) CPU [18%@1728,18%@1728,27%@1728,20%@1728,9%@1728,0%@1728] GR3D_FREQ 99% cpu@71.875C soc2@70.562C soc0@70.812C gpu@74.312C tj@74.312C soc1@71.468C VDD_IN 22275mW/21406mW VDD_CPU_GPU_CV 9036mW/8719mW VDD_SOC 6040mW/5809mW
08-04-2026 08:49:35 RAM 4045/7620MB (lfb 29x1MB) SWAP 2644/12002MB (cached 127MB) CPU [25%@1728,0%@1728,9%@1728,27%@1728,9%@1728,9%@1728] GR3D_FREQ 99% cpu@72.125C soc2@70.593C soc0@70.937C gpu@74C tj@74C soc1@71.125C VDD_IN 22315mW/21407mW VDD_CPU_GPU_CV 9116mW/8720mW VDD_SOC 6040mW/5809mW
08-04-2026 08:49:36 RAM 4042/7620MB (lfb 29x1MB) SWAP 2644/12002MB (cached 127MB) CPU [0%@1728,0%@1728,10%@1728,9%@1728,0%@1728,0%@1728] GR3D_FREQ 99% cpu@72.187C soc2@70.437C soc0@70.718C gpu@73.875C tj@73.875C soc1@71.218C VDD_IN 22275mW/21409mW VDD_CPU_GPU_CV 9076mW/8720mW VDD_SOC 6080mW/5810mW
08-04-2026 08:49:36 RAM 4042/7620MB (lfb 29x1MB) SWAP 2644/12002MB (cached 127MB) CPU [0%@1728,0%@1728,0%@1728,0%@1728,8%@1728,0%@1728] GR3D_FREQ 99% cpu@71.781C soc2@70.562C soc0@70.781C gpu@74.218C tj@74.218C soc1@71.312C VDD_IN 22275mW/21410mW VDD_CPU_GPU_CV 9076mW/8721mW VDD_SOC 6080mW/5810mW
08-04-2026 08:49:36 RAM 4042/7620MB (lfb 29x1MB) SWAP 2644/12002MB (cached 127MB) CPU [0%@1728,0%@1728,9%@1728,0%@1728,0%@1728,0%@1728] GR3D_FREQ 99% cpu@71.75C soc2@70.562C soc0@70.812C gpu@74C tj@74C soc1@71.406C VDD_IN 22275mW/21412mW VDD_CPU_GPU_CV 9076mW/8722mW VDD_SOC 6040mW/5810mW
08-04-2026 08:49:36 RAM 4042/7620MB (lfb 29x1MB) SWAP 2644/12002MB (cached 127MB) CPU [0%@1728,0%@1728,10%@1728,9%@1728,0%@1728,0%@1728] GR3D_FREQ 97% cpu@71.875C soc2@70.593C soc0@70.906C gpu@73.875C tj@73.875C soc1@71.156C VDD_IN 22275mW/21413mW VDD_CPU_GPU_CV 9036mW/8722mW VDD_SOC 6080mW/5811mW
08-04-2026 08:49:36 RAM 4042/7620MB (lfb 29x1MB) SWAP 2644/12002MB (cached 127MB) CPU [11%@1728,0%@1728,10%@1728,9%@1728,0%@1728,9%@1728] GR3D_FREQ 99% cpu@72.031C soc2@70.468C soc0@70.812C gpu@73.656C tj@73.656C soc1@71.218C VDD_IN 22195mW/21415mW VDD_CPU_GPU_CV 8996mW/8723mW VDD_SOC 6040mW/5811mW
08-04-2026 08:49:36 RAM 4042/7620MB (lfb 29x1MB) SWAP 2644/12002MB (cached 127MB) CPU [9%@1728,0%@1728,0%@1728,0%@1728,0%@1728,0%@1728] GR3D_FREQ 99% cpu@71.718C soc2@70.5C soc0@70.75C gpu@73.968C tj@73.968C soc1@71.312C VDD_IN 22235mW/21416mW VDD_CPU_GPU_CV 9036mW/8723mW VDD_SOC 6040mW/5812mW
08-04-2026 08:49:36 RAM 4042/7620MB (lfb 29x1MB) SWAP 2644/12002MB (cached 127MB) CPU [9%@1728,9%@1728,18%@1728,0%@1728,0%@1728,0%@1728] GR3D_FREQ 96% cpu@71.812C soc2@70.437C soc0@70.843C gpu@73.75C tj@73.75C soc1@71.406C VDD_IN 22155mW/21418mW VDD_CPU_GPU_CV 8996mW/8724mW VDD_SOC 6040mW/5812mW
08-04-2026 08:49:36 RAM 4046/7620MB (lfb 29x1MB) SWAP 2644/12002MB (cached 127MB) CPU [9%@1728,27%@1728,9%@1728,20%@1728,0%@1728,0%@1728] GR3D_FREQ 99% cpu@71.937C soc2@70.5C soc0@70.687C gpu@73.781C tj@73.781C soc1@71.187C VDD_IN 22235mW/21419mW VDD_CPU_GPU_CV 9036mW/8724mW VDD_SOC 6040mW/5812mW
08-04-2026 08:49:36 RAM 4045/7620MB (lfb 29x1MB) SWAP 2644/12002MB (cached 127MB) CPU [0%@1728,0%@1728,10%@1728,8%@1728,0%@1728,16%@1728] GR3D_FREQ 99% cpu@71.812C soc2@70.375C soc0@70.718C gpu@73.687C tj@73.687C soc1@71.25C VDD_IN 22235mW/21420mW VDD_CPU_GPU_CV 9036mW/8725mW VDD_SOC 6040mW/5813mW
08-04-2026 08:49:37 RAM 4045/7620MB (lfb 29x1MB) SWAP 2644/12002MB (cached 127MB) CPU [15%@1728,0%@1728,0%@1728,0%@1728,0%@1728,9%@1728] GR3D_FREQ 96% cpu@71.781C soc2@70.437C soc0@70.75C gpu@73.75C tj@73.75C soc1@71.25C VDD_IN 22275mW/21422mW VDD_CPU_GPU_CV 9036mW/8725mW VDD_SOC 6080mW/5813mW
08-04-2026 08:49:37 RAM 4045/7620MB (lfb 29x1MB) SWAP 2644/12002MB (cached 127MB) CPU [0%@1728,0%@1728,18%@1728,0%@1728,0%@1728,0%@1728] GR3D_FREQ 99% cpu@71.75C soc2@70.5C soc0@70.843C gpu@73.781C tj@73.781C soc1@71.468C VDD_IN 22275mW/21423mW VDD_CPU_GPU_CV 9036mW/8726mW VDD_SOC 6040mW/5814mW
08-04-2026 08:49:37 RAM 4045/7620MB (lfb 29x1MB) SWAP 2644/12002MB (cached 127MB) CPU [9%@1728,0%@1728,9%@1728,9%@1728,9%@1728,0%@1728] GR3D_FREQ 99% cpu@71.781C soc2@70.406C soc0@70.937C gpu@73.593C tj@73.593C soc1@71.218C VDD_IN 22275mW/21425mW VDD_CPU_GPU_CV 9036mW/8726mW VDD_SOC 6080mW/5814mW
08-04-2026 08:49:37 RAM 4045/7620MB (lfb 29x1MB) SWAP 2644/12002MB (cached 127MB) CPU [0%@1728,0%@1728,10%@1728,0%@1728,0%@1728,9%@1728] GR3D_FREQ 96% cpu@71.718C soc2@70.437C soc0@70.718C gpu@74.093C tj@74.093C soc1@71.25C VDD_IN 22275mW/21426mW VDD_CPU_GPU_CV 9036mW/8727mW VDD_SOC 6080mW/5815mW
08-04-2026 08:49:37 RAM 4045/7620MB (lfb 29x1MB) SWAP 2644/12002MB (cached 127MB) CPU [0%@1728,0%@1728,0%@1728,0%@1728,0%@1728,0%@1728] GR3D_FREQ 99% cpu@71.687C soc2@70.5C soc0@70.781C gpu@73.687C tj@73.687C soc1@71.375C VDD_IN 22275mW/21428mW VDD_CPU_GPU_CV 9036mW/8727mW VDD_SOC 6080mW/5815mW
08-04-2026 08:49:37 RAM 4045/7620MB (lfb 29x1MB) SWAP 2644/12002MB (cached 127MB) CPU [16%@1728,10%@1728,10%@1728,18%@1728,9%@1728,9%@1728] GR3D_FREQ 99% cpu@71.843C soc2@70.531C soc0@70.906C gpu@73.562C tj@73.562C soc1@71.5C VDD_IN 22235mW/21429mW VDD_CPU_GPU_CV 8996mW/8728mW VDD_SOC 6040mW/5815mW
08-04-2026 08:49:37 RAM 4045/7620MB (lfb 29x1MB) SWAP 2644/12002MB (cached 127MB) CPU [0%@1728,0%@1728,9%@1728,0%@1728,0%@1728,9%@1728] GR3D_FREQ 96% cpu@72.156C soc2@70.468C soc0@70.718C gpu@74.093C tj@74.093C soc1@71.218C VDD_IN 22275mW/21431mW VDD_CPU_GPU_CV 9036mW/8728mW VDD_SOC 6080mW/5816mW
08-04-2026 08:49:37 RAM 4045/7620MB (lfb 29x1MB) SWAP 2644/12002MB (cached 127MB) CPU [0%@1728,16%@1728,9%@1728,8%@1728,0%@1728,0%@1728] GR3D_FREQ 99% cpu@71.687C soc2@70.5C soc0@70.812C gpu@73.937C tj@73.937C soc1@71.281C VDD_IN 22195mW/21432mW VDD_CPU_GPU_CV 8996mW/8729mW VDD_SOC 6040mW/5816mW
08-04-2026 08:49:37 RAM 4046/7620MB (lfb 29x1MB) SWAP 2644/12002MB (cached 127MB) CPU [27%@1728,10%@1728,11%@1728,27%@1728,0%@1728,0%@1728] GR3D_FREQ 99% cpu@71.843C soc2@70.531C soc0@70.843C gpu@73.656C tj@73.656C soc1@71.406C VDD_IN 22235mW/21433mW VDD_CPU_GPU_CV 9036mW/8729mW VDD_SOC 6040mW/5817mW
08-04-2026 08:49:37 RAM 4046/7620MB (lfb 29x1MB) SWAP 2644/12002MB (cached 127MB) CPU [0%@1728,0%@1728,9%@1728,0%@1728,0%@1728,0%@1728] GR3D_FREQ 96% cpu@71.843C soc2@70.593C soc0@70.906C gpu@74.156C tj@74.156C soc1@71.5C VDD_IN 22275mW/21435mW VDD_CPU_GPU_CV 9036mW/8730mW VDD_SOC 6040mW/5817mW
08-04-2026 08:49:38 RAM 4046/7620MB (lfb 29x1MB) SWAP 2644/12002MB (cached 127MB) CPU [0%@1728,0%@1728,0%@1728,0%@1728,8%@1728,0%@1728] GR3D_FREQ 99% cpu@72.062C soc2@70.531C soc0@70.75C gpu@74.125C tj@74.125C soc1@71.281C VDD_IN 22235mW/21436mW VDD_CPU_GPU_CV 9036mW/8730mW VDD_SOC 6040mW/5817mW
08-04-2026 08:49:38 RAM 4046/7620MB (lfb 29x1MB) SWAP 2644/12002MB (cached 127MB) CPU [15%@1728,0%@1728,16%@1728,0%@1728,0%@1728,0%@1728] GR3D_FREQ 97% cpu@71.812C soc2@70.531C soc0@70.875C gpu@73.843C tj@73.843C soc1@71.312C VDD_IN 22275mW/21437mW VDD_CPU_GPU_CV 9036mW/8731mW VDD_SOC 6080mW/5818mW
08-04-2026 08:49:38 RAM 4046/7620MB (lfb 29x1MB) SWAP 2644/12002MB (cached 127MB) CPU [0%@1728,9%@1728,0%@1728,9%@1728,9%@1728,9%@1728] GR3D_FREQ 99% cpu@71.812C soc2@70.562C soc0@70.875C gpu@74.187C tj@74.187C soc1@71.437C VDD_IN 22275mW/21439mW VDD_CPU_GPU_CV 9036mW/8732mW VDD_SOC 6080mW/5818mW
08-04-2026 08:49:38 RAM 4046/7620MB (lfb 29x1MB) SWAP 2644/12002MB (cached 127MB) CPU [10%@1728,0%@1728,16%@1728,0%@1728,9%@1728,0%@1728] GR3D_FREQ 99% cpu@71.968C soc2@70.656C soc0@70.875C gpu@74C tj@74C soc1@71.468C VDD_IN 22235mW/21440mW VDD_CPU_GPU_CV 9036mW/8732mW VDD_SOC 6040mW/5819mW
08-04-2026 08:49:38 RAM 4046/7620MB (lfb 29x1MB) SWAP 2644/12002MB (cached 127MB) CPU [18%@1728,18%@1728,10%@1728,27%@1728,0%@1728,0%@1728] GR3D_FREQ 96% cpu@72.156C soc2@70.5C soc0@70.781C gpu@73.625C tj@73.625C soc1@71.312C VDD_IN 22195mW/21442mW VDD_CPU_GPU_CV 9036mW/8733mW VDD_SOC 6040mW/5819mW
08-04-2026 08:49:38 RAM 4046/7620MB (lfb 29x1MB) SWAP 2644/12002MB (cached 127MB) CPU [9%@1728,0%@1728,16%@1728,0%@1728,9%@1728,0%@1728] GR3D_FREQ 99% cpu@71.812C soc2@70.593C soc0@70.812C gpu@73.812C tj@73.812C soc1@71.375C VDD_IN 22235mW/21443mW VDD_CPU_GPU_CV 9036mW/8733mW VDD_SOC 6040mW/5819mW
08-04-2026 08:49:38 RAM 4046/7620MB (lfb 29x1MB) SWAP 2644/12002MB (cached 127MB) CPU [0%@1728,9%@1728,10%@1728,9%@1728,0%@1728,0%@1728] GR3D_FREQ 99% cpu@71.937C soc2@70.625C soc0@70.937C gpu@74.062C tj@74.062C soc1@71.468C VDD_IN 22195mW/21444mW VDD_CPU_GPU_CV 8996mW/8733mW VDD_SOC 6040mW/5820mW
08-04-2026 08:49:38 RAM 4046/7620MB (lfb 29x1MB) SWAP 2644/12002MB (cached 127MB) CPU [16%@1728,10%@1728,27%@1728,25%@1728,9%@1728,0%@1728] GR3D_FREQ 95% cpu@72.281C soc2@70.687C soc0@70.968C gpu@73.812C tj@73.812C soc1@71.593C VDD_IN 22275mW/21446mW VDD_CPU_GPU_CV 9036mW/8734mW VDD_SOC 6040mW/5820mW
08-04-2026 08:49:38 RAM 4044/7620MB (lfb 29x1MB) SWAP 2644/12002MB (cached 127MB) CPU [9%@1728,0%@1728,10%@1728,9%@1728,0%@1728,0%@1728] GR3D_FREQ 99% cpu@72.187C soc2@70.531C soc0@70.875C gpu@73.781C tj@73.781C soc1@71.406C VDD_IN 22235mW/21447mW VDD_CPU_GPU_CV 9036mW/8735mW VDD_SOC 6040mW/5821mW
08-04-2026 08:49:39 RAM 4044/7620MB (lfb 29x1MB) SWAP 2644/12002MB (cached 127MB) CPU [0%@1728,9%@1728,9%@1728,9%@1728,0%@1728,0%@1728] GR3D_FREQ 99% cpu@72.218C soc2@70.531C soc0@70.906C gpu@73.906C tj@73.906C soc1@71.375C VDD_IN 22235mW/21448mW VDD_CPU_GPU_CV 9036mW/8735mW VDD_SOC 6040mW/5821mW
08-04-2026 08:49:39 RAM 4044/7620MB (lfb 29x1MB) SWAP 2644/12002MB (cached 127MB) CPU [0%@1728,0%@1728,10%@1728,0%@1728,0%@1728,0%@1728] GR3D_FREQ 96% cpu@71.937C soc2@70.562C soc0@71C gpu@73.875C tj@73.875C soc1@71.468C VDD_IN 22235mW/21450mW VDD_CPU_GPU_CV 8996mW/8735mW VDD_SOC 6040mW/5821mW
08-04-2026 08:49:39 RAM 4042/7620MB (lfb 29x1MB) SWAP 2644/12002MB (cached 127MB) CPU [9%@1728,10%@1728,25%@1728,27%@1728,9%@1728,10%@1728] GR3D_FREQ 99% cpu@72.093C soc2@70.718C soc0@71.093C gpu@73.843C tj@73.843C soc1@71.562C VDD_IN 22275mW/21451mW VDD_CPU_GPU_CV 9036mW/8736mW VDD_SOC 6040mW/5822mW
08-04-2026 08:49:39 RAM 4042/7620MB (lfb 29x1MB) SWAP 2644/12002MB (cached 127MB) CPU [0%@1728,0%@1728,0%@1728,0%@1728,0%@1728,0%@1728] GR3D_FREQ 99% cpu@72.093C soc2@70.562C soc0@70.843C gpu@73.843C tj@73.843C soc1@71.312C VDD_IN 22235mW/21452mW VDD_CPU_GPU_CV 9036mW/8736mW VDD_SOC 6040mW/5822mW
08-04-2026 08:49:39 RAM 4042/7620MB (lfb 29x1MB) SWAP 2644/12002MB (cached 127MB) CPU [0%@1728,9%@1728,10%@1728,0%@1728,0%@1728,0%@1728] GR3D_FREQ 95% cpu@72.187C soc2@70.593C soc0@70.875C gpu@74.125C tj@74.125C soc1@71.437C VDD_IN 22235mW/21454mW VDD_CPU_GPU_CV 9036mW/8737mW VDD_SOC 6040mW/5822mW
08-04-2026 08:49:39 RAM 4042/7620MB (lfb 29x1MB) SWAP 2644/12002MB (cached 127MB) CPU [10%@1728,0%@1728,10%@1728,0%@1728,9%@1728,18%@1728] GR3D_FREQ 99% cpu@71.906C soc2@70.656C soc0@70.875C gpu@73.843C tj@73.843C soc1@71.437C VDD_IN 22195mW/21455mW VDD_CPU_GPU_CV 9036mW/8737mW VDD_SOC 6040mW/5823mW
08-04-2026 08:49:39 RAM 4042/7620MB (lfb 29x1MB) SWAP 2644/12002MB (cached 127MB) CPU [9%@1728,9%@1728,16%@1728,0%@1728,0%@1728,9%@1728] GR3D_FREQ 99% cpu@71.937C soc2@70.781C soc0@71.031C gpu@73.75C tj@73.75C soc1@71.312C VDD_IN 22195mW/21456mW VDD_CPU_GPU_CV 9036mW/8738mW VDD_SOC 6040mW/5823mW
08-04-2026 08:49:39 RAM 4042/7620MB (lfb 29x1MB) SWAP 2644/12002MB (cached 127MB) CPU [0%@1728,0%@1728,10%@1728,0%@1728,9%@1728,0%@1728] GR3D_FREQ 96% cpu@72.062C soc2@70.656C soc0@70.812C gpu@74.125C tj@74.125C soc1@71.375C VDD_IN 22155mW/21457mW VDD_CPU_GPU_CV 8996mW/8738mW VDD_SOC 6040mW/5823mW
08-04-2026 08:49:39 RAM 4044/7620MB (lfb 29x1MB) SWAP 2644/12002MB (cached 127MB) CPU [10%@1728,0%@1728,20%@1728,18%@1728,0%@1728,0%@1728] GR3D_FREQ 99% cpu@72.281C soc2@70.593C soc0@70.937C gpu@74C tj@74C soc1@71.437C VDD_IN 22235mW/21458mW VDD_CPU_GPU_CV 9036mW/8739mW VDD_SOC 6040mW/5824mW
08-04-2026 08:49:39 RAM 4044/7620MB (lfb 29x1MB) SWAP 2644/12002MB (cached 127MB) CPU [9%@1728,0%@1728,9%@1728,9%@1728,0%@1728,0%@1728] GR3D_FREQ 99% cpu@71.843C soc2@70.656C soc0@70.906C gpu@73.843C tj@73.843C soc1@71.531C VDD_IN 22235mW/21460mW VDD_CPU_GPU_CV 9036mW/8739mW VDD_SOC 6040mW/5824mW
08-04-2026 08:49:40 RAM 4044/7620MB (lfb 29x1MB) SWAP 2644/12002MB (cached 127MB) CPU [9%@1728,16%@1728,10%@1728,0%@1728,9%@1728,0%@1728] GR3D_FREQ 96% cpu@71.937C soc2@70.718C soc0@71.062C gpu@74.062C tj@74.062C soc1@71.625C VDD_IN 22235mW/21461mW VDD_CPU_GPU_CV 9036mW/8740mW VDD_SOC 6080mW/5825mW
08-04-2026 08:49:40 RAM 4044/7620MB (lfb 29x1MB) SWAP 2644/12002MB (cached 127MB) CPU [0%@1728,0%@1728,0%@1728,0%@1728,0%@1728,9%@1728] GR3D_FREQ 99% cpu@72C soc2@70.593C soc0@70.843C gpu@74.093C tj@74.093C soc1@71.437C VDD_IN 22235mW/21462mW VDD_CPU_GPU_CV 9036mW/8740mW VDD_SOC 6040mW/5825mW
08-04-2026 08:49:40 RAM 4044/7620MB (lfb 29x1MB) SWAP 2644/12002MB (cached 127MB) CPU [60%@1728,0%@1728,18%@1728,10%@1728,0%@1728,9%@1728] GR3D_FREQ 99% cpu@72C soc2@70.718C soc0@70.906C gpu@73.812C tj@73.812C soc1@71.468C VDD_IN 22315mW/21464mW VDD_CPU_GPU_CV 9076mW/8741mW VDD_SOC 6040mW/5825mW
08-04-2026 08:49:40 RAM 4044/7620MB (lfb 29x1MB) SWAP 2644/12002MB (cached 127MB) CPU [9%@1728,9%@1728,0%@1728,8%@1728,0%@1728,9%@1728] GR3D_FREQ 96% cpu@72C soc2@70.718C soc0@70.843C gpu@74.093C tj@74.093C soc1@71.562C VDD_IN 22315mW/21465mW VDD_CPU_GPU_CV 9076mW/8741mW VDD_SOC 6080mW/5826mW
08-04-2026 08:49:40 RAM 4044/7620MB (lfb 29x1MB) SWAP 2644/12002MB (cached 127MB) CPU [20%@1728,9%@1728,10%@1728,10%@1728,8%@1728,9%@1728] GR3D_FREQ 99% cpu@72.031C soc2@70.718C soc0@71.125C gpu@74C tj@74C soc1@71.687C VDD_IN 22235mW/21466mW VDD_CPU_GPU_CV 9076mW/8742mW VDD_SOC 6040mW/5826mW
08-04-2026 08:49:40 RAM 4044/7620MB (lfb 29x1MB) SWAP 2644/12002MB (cached 127MB) CPU [10%@1728,0%@1728,18%@1728,9%@1728,0%@1728,0%@1728] GR3D_FREQ 99% cpu@72C soc2@70.625C soc0@70.875C gpu@73.812C tj@73.812C soc1@71.375C VDD_IN 22235mW/21468mW VDD_CPU_GPU_CV 9036mW/8742mW VDD_SOC 6040mW/5826mW
08-04-2026 08:49:40 RAM 4044/7620MB (lfb 29x1MB) SWAP 2644/12002MB (cached 127MB) CPU [0%@1728,0%@1728,0%@1728,0%@1728,0%@1728,0%@1728] GR3D_FREQ 95% cpu@71.906C soc2@70.687C soc0@70.937C gpu@73.937C tj@73.937C soc1@71.375C VDD_IN 22235mW/21469mW VDD_CPU_GPU_CV 9036mW/8743mW VDD_SOC 6040mW/5827mW
08-04-2026 08:49:40 RAM 4045/7620MB (lfb 29x1MB) SWAP 2644/12002MB (cached 127MB) CPU [10%@1728,27%@1728,25%@1728,10%@1728,0%@1728,9%@1728] GR3D_FREQ 99% cpu@72.093C soc2@70.75C soc0@71.062C gpu@74.062C tj@74.062C soc1@71.531C VDD_IN 22275mW/21470mW VDD_CPU_GPU_CV 9076mW/8743mW VDD_SOC 6040mW/5827mW
08-04-2026 08:49:40 RAM 4045/7620MB (lfb 29x1MB) SWAP 2644/12002MB (cached 127MB) CPU [16%@1728,0%@1728,10%@1728,9%@1728,0%@1728,0%@1728] GR3D_FREQ 99% cpu@72.312C soc2@70.781C soc0@71.187C gpu@73.843C tj@73.843C soc1@71.437C VDD_IN 22275mW/21471mW VDD_CPU_GPU_CV 9076mW/8744mW VDD_SOC 6080mW/5828mW
08-04-2026 08:49:41 RAM 4045/7620MB (lfb 29x1MB) SWAP 2644/12002MB (cached 127MB) CPU [0%@1728,8%@1728,9%@1728,0%@1728,0%@1728,0%@1728] GR3D_FREQ 96% cpu@71.937C soc2@70.593C soc0@70.843C gpu@73.937C tj@73.937C soc1@71.468C VDD_IN 22315mW/21473mW VDD_CPU_GPU_CV 9076mW/8745mW VDD_SOC 6080mW/5828mW
08-04-2026 08:49:41 RAM 4045/7620MB (lfb 29x1MB) SWAP 2644/12002MB (cached 127MB) CPU [0%@1728,0%@1728,0%@1728,9%@1728,0%@1728,9%@1728] GR3D_FREQ 99% cpu@71.906C soc2@70.656C soc0@70.968C gpu@73.843C tj@73.843C soc1@71.468C VDD_IN 22315mW/21474mW VDD_CPU_GPU_CV 9076mW/8745mW VDD_SOC 6080mW/5828mW
08-04-2026 08:49:41 RAM 4045/7620MB (lfb 29x1MB) SWAP 2644/12002MB (cached 127MB) CPU [0%@1728,0%@1728,16%@1728,0%@1728,9%@1728,9%@1728] GR3D_FREQ 99% cpu@72C soc2@70.656C soc0@71.031C gpu@73.906C tj@73.906C soc1@71.531C VDD_IN 22315mW/21476mW VDD_CPU_GPU_CV 9076mW/8746mW VDD_SOC 6080mW/5829mW
08-04-2026 08:49:41 RAM 4045/7620MB (lfb 29x1MB) SWAP 2644/12002MB (cached 127MB) CPU [9%@1728,0%@1728,0%@1728,0%@1728,0%@1728,0%@1728] GR3D_FREQ 99% cpu@72.25C soc2@70.843C soc0@70.875C gpu@73.906C tj@73.906C soc1@71.406C VDD_IN 22315mW/21477mW VDD_CPU_GPU_CV 9076mW/8746mW VDD_SOC 6080mW/5829mW
08-04-2026 08:49:41 RAM 4045/7620MB (lfb 29x1MB) SWAP 2644/12002MB (cached 127MB) CPU [0%@1728,9%@1728,9%@1728,0%@1728,0%@1728,0%@1728] GR3D_FREQ 99% cpu@71.812C soc2@70.625C soc0@70.875C gpu@74.437C tj@74.437C soc1@71.375C VDD_IN 22315mW/21478mW VDD_CPU_GPU_CV 9076mW/8747mW VDD_SOC 6080mW/5830mW
08-04-2026 08:49:41 RAM 4045/7620MB (lfb 29x1MB) SWAP 2644/12002MB (cached 127MB) CPU [20%@1728,16%@1728,10%@1728,16%@1728,0%@1728,9%@1728] GR3D_FREQ 99% cpu@71.937C soc2@70.593C soc0@70.937C gpu@74.218C tj@74.218C soc1@71.437C VDD_IN 22235mW/21479mW VDD_CPU_GPU_CV 9036mW/8747mW VDD_SOC 6040mW/5830mW
08-04-2026 08:49:41 RAM 4045/7620MB (lfb 29x1MB) SWAP 2644/12002MB (cached 127MB) CPU [16%@1728,0%@1728,9%@1728,0%@1728,0%@1728,0%@1728] GR3D_FREQ 99% cpu@71.875C soc2@70.656C soc0@70.906C gpu@73.906C tj@73.906C soc1@71.593C VDD_IN 22235mW/21481mW VDD_CPU_GPU_CV 9036mW/8748mW VDD_SOC 6080mW/5830mW
08-04-2026 08:49:41 RAM 4045/7620MB (lfb 29x1MB) SWAP 2644/12002MB (cached 127MB) CPU [0%@1728,0%@1728,9%@1728,0%@1728,0%@1728,0%@1728] GR3D_FREQ 99% cpu@72.25C soc2@70.718C soc0@71.093C gpu@74.375C tj@74.375C soc1@71.375C VDD_IN 22155mW/21482mW VDD_CPU_GPU_CV 8996mW/8748mW VDD_SOC 6040mW/5831mW
08-04-2026 08:49:41 RAM 4044/7620MB (lfb 29x1MB) SWAP 2644/12002MB (cached 127MB) CPU [10%@1728,27%@1728,22%@1728,20%@1728,8%@1728,9%@1728] GR3D_FREQ 99% cpu@72.375C soc2@70.625C soc0@70.843C gpu@74.093C tj@74.093C soc1@71.375C VDD_IN 22235mW/21483mW VDD_CPU_GPU_CV 9076mW/8749mW VDD_SOC 6040mW/5831mW
08-04-2026 08:49:41 RAM 4044/7620MB (lfb 29x1MB) SWAP 2644/12002MB (cached 127MB) CPU [0%@1728,0%@1728,0%@1728,0%@1728,0%@1728,0%@1728] GR3D_FREQ 99% cpu@71.875C soc2@70.718C soc0@70.875C gpu@74.031C tj@74.031C soc1@71.531C VDD_IN 22275mW/21484mW VDD_CPU_GPU_CV 9076mW/8749mW VDD_SOC 6080mW/5831mW
08-04-2026 08:49:42 RAM 4044/7620MB (lfb 29x1MB) SWAP 2644/12002MB (cached 127MB) CPU [0%@1728,0%@1728,0%@1728,9%@1728,0%@1728,9%@1728] GR3D_FREQ 99% cpu@72.031C soc2@70.687C soc0@71.062C gpu@74.218C tj@74.218C soc1@71.468C VDD_IN 22235mW/21485mW VDD_CPU_GPU_CV 9036mW/8750mW VDD_SOC 6040mW/5832mW
08-04-2026 08:49:42 RAM 4044/7620MB (lfb 29x1MB) SWAP 2644/12002MB (cached 127MB) CPU [0%@1728,0%@1728,0%@1728,18%@1728,0%@1728,9%@1728] GR3D_FREQ 99% cpu@72.156C soc2@70.718C soc0@70.875C gpu@74C tj@74C soc1@71.343C VDD_IN 22235mW/21487mW VDD_CPU_GPU_CV 9036mW/8750mW VDD_SOC 6080mW/5832mW
08-04-2026 08:49:42 RAM 4044/7620MB (lfb 29x1MB) SWAP 2644/12002MB (cached 127MB) CPU [9%@1728,9%@1728,9%@1728,16%@1728,0%@1728,0%@1728] GR3D_FREQ 99% cpu@72.187C soc2@70.687C soc0@70.843C gpu@74.062C tj@74.062C soc1@71.468C VDD_IN 22235mW/21488mW VDD_CPU_GPU_CV 9036mW/8750mW VDD_SOC 6080mW/5833mW
08-04-2026 08:49:42 RAM 4044/7620MB (lfb 29x1MB) SWAP 2644/12002MB (cached 127MB) CPU [9%@1728,0%@1728,0%@1728,10%@1728,0%@1728,9%@1728] GR3D_FREQ 99% cpu@71.812C soc2@70.656C soc0@70.906C gpu@73.843C tj@73.843C soc1@71.406C VDD_IN 22235mW/21489mW VDD_CPU_GPU_CV 9036mW/8751mW VDD_SOC 6080mW/5833mW
08-04-2026 08:49:42 RAM 4043/7620MB (lfb 29x1MB) SWAP 2644/12002MB (cached 127MB) CPU [45%@1728,18%@1728,20%@1728,27%@1728,0%@1728,25%@1728] GR3D_FREQ 99% cpu@72.218C soc2@70.75C soc0@71C gpu@73.906C tj@73.906C soc1@71.562C VDD_IN 22235mW/21490mW VDD_CPU_GPU_CV 9036mW/8751mW VDD_SOC 6080mW/5833mW
08-04-2026 08:49:42 RAM 4043/7620MB (lfb 29x1MB) SWAP 2644/12002MB (cached 127MB) CPU [0%@1728,0%@1728,9%@1728,0%@1728,9%@1728,0%@1728] GR3D_FREQ 99% cpu@72.093C soc2@70.75C soc0@70.843C gpu@74C tj@74C soc1@71.343C VDD_IN 22235mW/21491mW VDD_CPU_GPU_CV 9036mW/8752mW VDD_SOC 6040mW/5834mW
08-04-2026 08:49:42 RAM 4043/7620MB (lfb 29x1MB) SWAP 2644/12002MB (cached 127MB) CPU [9%@1728,0%@1728,0%@1728,0%@1728,0%@1728,0%@1728] GR3D_FREQ 99% cpu@72.156C soc2@70.687C soc0@70.843C gpu@73.843C tj@73.843C soc1@71.406C VDD_IN 22195mW/21493mW VDD_CPU_GPU_CV 9036mW/8752mW VDD_SOC 6040mW/5834mW
08-04-2026 08:49:42 RAM 4046/7620MB (lfb 29x1MB) SWAP 2644/12002MB (cached 127MB) CPU [10%@1728,27%@1728,27%@1728,0%@1728,0%@1728,0%@1728] GR3D_FREQ 99% cpu@72.218C soc2@70.687C soc0@70.937C gpu@73.687C tj@73.687C soc1@71.5C VDD_IN 22275mW/21494mW VDD_CPU_GPU_CV 9036mW/8753mW VDD_SOC 6080mW/5834mW
08-04-2026 08:49:42 RAM 4045/7620MB (lfb 29x1MB) SWAP 2644/12002MB (cached 127MB) CPU [9%@1728,9%@1728,0%@1728,9%@1728,0%@1728,9%@1728] GR3D_FREQ 99% cpu@72C soc2@70.687C soc0@70.937C gpu@74C tj@74C soc1@71.531C VDD_IN 22235mW/21495mW VDD_CPU_GPU_CV 9076mW/8753mW VDD_SOC 6040mW/5835mW
08-04-2026 08:49:43 RAM 4045/7620MB (lfb 29x1MB) SWAP 2644/12002MB (cached 127MB) CPU [9%@1728,0%@1728,18%@1728,0%@1728,9%@1728,0%@1728] GR3D_FREQ 99% cpu@72.062C soc2@70.75C soc0@71.062C gpu@73.781C tj@73.781C soc1@71.375C VDD_IN 22235mW/21496mW VDD_CPU_GPU_CV 9036mW/8754mW VDD_SOC 6040mW/5835mW
08-04-2026 08:49:43 RAM 4045/7620MB (lfb 29x1MB) SWAP 2644/12002MB (cached 127MB) CPU [0%@1728,0%@1728,0%@1728,0%@1728,0%@1728,0%@1728] GR3D_FREQ 99% cpu@72.156C soc2@70.656C soc0@70.906C gpu@73.812C tj@73.812C soc1@71.343C VDD_IN 22275mW/21497mW VDD_CPU_GPU_CV 9036mW/8754mW VDD_SOC 6080mW/5835mW
08-04-2026 08:49:43 RAM 4045/7620MB (lfb 29x1MB) SWAP 2644/12002MB (cached 127MB) CPU [0%@1728,0%@1728,10%@1728,0%@1728,8%@1728,9%@1728] GR3D_FREQ 99% cpu@71.937C soc2@70.656C soc0@70.937C gpu@73.937C tj@73.937C soc1@71.468C VDD_IN 22235mW/21498mW VDD_CPU_GPU_CV 9036mW/8755mW VDD_SOC 6040mW/5836mW
08-04-2026 08:49:43 RAM 4045/7620MB (lfb 29x1MB) SWAP 2644/12002MB (cached 127MB) CPU [0%@1728,9%@1728,16%@1728,0%@1728,0%@1728,9%@1728] GR3D_FREQ 99% cpu@72.093C soc2@70.687C soc0@71C gpu@73.687C tj@73.687C soc1@71.531C VDD_IN 22235mW/21500mW VDD_CPU_GPU_CV 8996mW/8755mW VDD_SOC 6080mW/5836mW
08-04-2026 08:49:43 RAM 4046/7620MB (lfb 29x1MB) SWAP 2644/12002MB (cached 127MB) CPU [33%@1728,9%@1728,11%@1728,9%@1728,0%@1728,0%@1728] GR3D_FREQ 99% cpu@72.093C soc2@70.781C soc0@70.875C gpu@73.843C tj@73.843C soc1@71.312C VDD_IN 22315mW/21501mW VDD_CPU_GPU_CV 9036mW/8755mW VDD_SOC 6080mW/5837mW
08-04-2026 08:49:43 RAM 4046/7620MB (lfb 29x1MB) SWAP 2644/12002MB (cached 127MB) CPU [11%@1728,0%@1728,16%@1728,0%@1728,0%@1728,9%@1728] GR3D_FREQ 99% cpu@72.187C soc2@70.625C soc0@70.843C gpu@74.312C tj@74.312C soc1@71.312C VDD_IN 22235mW/21502mW VDD_CPU_GPU_CV 9036mW/8756mW VDD_SOC 6040mW/5837mW
08-04-2026 08:49:43 RAM 4046/7620MB (lfb 29x1MB) SWAP 2644/12002MB (cached 127MB) CPU [0%@1728,0%@1728,10%@1728,10%@1728,9%@1728,0%@1728] GR3D_FREQ 99% cpu@72.031C soc2@70.718C soc0@70.968C gpu@73.812C tj@73.812C soc1@71.531C VDD_IN 22275mW/21503mW VDD_CPU_GPU_CV 9076mW/8756mW VDD_SOC 6080mW/5837mW
08-04-2026 08:49:43 RAM 4046/7620MB (lfb 29x1MB) SWAP 2644/12002MB (cached 127MB) CPU [9%@1728,0%@1728,18%@1728,0%@1728,16%@1728,0%@1728] GR3D_FREQ 99% cpu@71.937C soc2@70.687C soc0@71.031C gpu@73.875C tj@73.875C soc1@71.625C VDD_IN 22195mW/21504mW VDD_CPU_GPU_CV 9036mW/8757mW VDD_SOC 6040mW/5838mW
08-04-2026 08:49:43 RAM 4047/7620MB (lfb 29x1MB) SWAP 2644/12002MB (cached 127MB) CPU [10%@1728,18%@1728,25%@1728,18%@1728,0%@1728,0%@1728] GR3D_FREQ 99% cpu@72C soc2@70.781C soc0@70.812C gpu@74.25C tj@74.25C soc1@71.343C VDD_IN 22195mW/21505mW VDD_CPU_GPU_CV 9076mW/8757mW VDD_SOC 6040mW/5838mW
08-04-2026 08:49:43 RAM 4047/7620MB (lfb 29x1MB) SWAP 2644/12002MB (cached 127MB) CPU [8%@1728,0%@1728,9%@1728,16%@1728,0%@1728,9%@1728] GR3D_FREQ 99% cpu@72.25C soc2@70.656C soc0@70.843C gpu@74.031C tj@74.031C soc1@71.437C VDD_IN 22195mW/21507mW VDD_CPU_GPU_CV 9036mW/8758mW VDD_SOC 6040mW/5838mW
08-04-2026 08:49:44 RAM 4047/7620MB (lfb 29x1MB) SWAP 2644/12002MB (cached 127MB) CPU [0%@1728,9%@1728,0%@1728,0%@1728,0%@1728,0%@1728] GR3D_FREQ 99% cpu@71.906C soc2@70.687C soc0@70.968C gpu@73.906C tj@73.906C soc1@71.531C VDD_IN 22235mW/21508mW VDD_CPU_GPU_CV 9036mW/8758mW VDD_SOC 6040mW/5838mW
08-04-2026 08:49:44 RAM 4047/7620MB (lfb 29x1MB) SWAP 2644/12002MB (cached 127MB) CPU [9%@1728,8%@1728,0%@1728,9%@1728,8%@1728,0%@1728] GR3D_FREQ 99% cpu@71.937C soc2@70.718C soc0@70.968C gpu@74.156C tj@74.156C soc1@71.531C VDD_IN 22195mW/21509mW VDD_CPU_GPU_CV 9036mW/8759mW VDD_SOC 6040mW/5839mW
08-04-2026 08:49:44 RAM 4047/7620MB (lfb 29x1MB) SWAP 2644/12002MB (cached 127MB) CPU [0%@1728,0%@1728,0%@1728,10%@1728,0%@1728,0%@1728] GR3D_FREQ 96% cpu@72.031C soc2@70.812C soc0@71.187C gpu@74.062C tj@74.062C soc1@71.406C VDD_IN 22235mW/21510mW VDD_CPU_GPU_CV 8996mW/8759mW VDD_SOC 6040mW/5839mW
08-04-2026 08:49:44 RAM 4047/7620MB (lfb 29x1MB) SWAP 2644/12002MB (cached 127MB) CPU [0%@1728,0%@1728,0%@1728,0%@1728,0%@1728,0%@1728] GR3D_FREQ 99% cpu@71.968C soc2@70.625C soc0@70.906C gpu@74.437C tj@74.437C soc1@71.406C VDD_IN 22235mW/21511mW VDD_CPU_GPU_CV 9036mW/8759mW VDD_SOC 6080mW/5839mW
08-04-2026 08:49:44 RAM 4047/7620MB (lfb 29x1MB) SWAP 2644/12002MB (cached 127MB) CPU [11%@1728,9%@1728,0%@1728,18%@1728,9%@1728,9%@1728] GR3D_FREQ 99% cpu@71.875C soc2@70.687C soc0@70.906C gpu@74.062C tj@74.062C soc1@71.437C VDD_IN 22155mW/21512mW VDD_CPU_GPU_CV 8996mW/8760mW VDD_SOC 6040mW/5840mW
08-04-2026 08:49:44 RAM 4047/7620MB (lfb 29x1MB) SWAP 2644/12002MB (cached 127MB) CPU [9%@1728,0%@1728,0%@1728,18%@1728,9%@1728,0%@1728] GR3D_FREQ 96% cpu@72C soc2@70.656C soc0@70.906C gpu@73.968C tj@73.968C soc1@71.531C VDD_IN 22155mW/21513mW VDD_CPU_GPU_CV 8996mW/8760mW VDD_SOC 6040mW/5840mW
08-04-2026 08:49:44 RAM 4047/7620MB (lfb 29x1MB) SWAP 2644/12002MB (cached 127MB) CPU [16%@1728,0%@1728,0%@1728,0%@1728,9%@1728,0%@1728] GR3D_FREQ 99% cpu@72.281C soc2@70.75C soc0@71.093C gpu@74C tj@74C soc1@71.343C VDD_IN 22195mW/21514mW VDD_CPU_GPU_CV 8996mW/8760mW VDD_SOC 6040mW/5840mW
08-04-2026 08:49:44 RAM 4046/7620MB (lfb 29x1MB) SWAP 2644/12002MB (cached 127MB) CPU [10%@1728,27%@1728,25%@1728,11%@1728,0%@1728,0%@1728] GR3D_FREQ 99% cpu@71.968C soc2@70.625C soc0@70.843C gpu@74.218C tj@74.218C soc1@71.375C VDD_IN 22195mW/21515mW VDD_CPU_GPU_CV 9036mW/8761mW VDD_SOC 6040mW/5841mW
08-04-2026 08:49:44 RAM 4045/7620MB (lfb 29x1MB) SWAP 2644/12002MB (cached 127MB) CPU [0%@1728,0%@1728,0%@1728,18%@1728,0%@1728,0%@1728] GR3D_FREQ 96% cpu@71.875C soc2@70.75C soc0@70.937C gpu@74.031C tj@74.031C soc1@71.468C VDD_IN 22195mW/21516mW VDD_CPU_GPU_CV 9036mW/8761mW VDD_SOC 6040mW/5841mW
08-04-2026 08:49:45 RAM 4045/7620MB (lfb 29x1MB) SWAP 2644/12002MB (cached 127MB) CPU [0%@1728,0%@1728,0%@1728,16%@1728,0%@1728,0%@1728] GR3D_FREQ 99% cpu@71.968C soc2@70.687C soc0@71C gpu@73.968C tj@73.968C soc1@71.562C VDD_IN 22275mW/21517mW VDD_CPU_GPU_CV 9036mW/8762mW VDD_SOC 6040mW/5841mW
08-04-2026 08:49:45 RAM 4045/7620MB (lfb 29x1MB) SWAP 2644/12002MB (cached 127MB) CPU [0%@1728,0%@1728,0%@1728,9%@1728,9%@1728,0%@1728] GR3D_FREQ 99% cpu@72.187C soc2@70.75C soc0@70.781C gpu@73.812C tj@73.812C soc1@71.437C VDD_IN 22235mW/21518mW VDD_CPU_GPU_CV 9036mW/8762mW VDD_SOC 6040mW/5842mW
08-04-2026 08:49:45 RAM 4045/7620MB (lfb 29x1MB) SWAP 2644/12002MB (cached 127MB) CPU [0%@1728,0%@1728,0%@1728,10%@1728,9%@1728,0%@1728] GR3D_FREQ 97% cpu@71.812C soc2@70.562C soc0@70.906C gpu@74C tj@74C soc1@71.406C VDD_IN 22235mW/21519mW VDD_CPU_GPU_CV 9036mW/8763mW VDD_SOC 6080mW/5842mW
08-04-2026 08:49:45 RAM 4045/7620MB (lfb 29x1MB) SWAP 2644/12002MB (cached 127MB) CPU [0%@1728,9%@1728,0%@1728,9%@1728,0%@1728,0%@1728] GR3D_FREQ 99% cpu@71.812C soc2@70.625C soc0@70.906C gpu@74C tj@74C soc1@71.5C VDD_IN 22235mW/21521mW VDD_CPU_GPU_CV 9036mW/8763mW VDD_SOC 6080mW/5842mW
08-04-2026 08:49:45 RAM 4045/7620MB (lfb 29x1MB) SWAP 2644/12002MB (cached 127MB) CPU [0%@1728,0%@1728,0%@1728,0%@1728,0%@1728,0%@1728] GR3D_FREQ 99% cpu@72C soc2@70.687C soc0@70.937C gpu@73.75C tj@73.75C soc1@71.562C VDD_IN 22275mW/21522mW VDD_CPU_GPU_CV 9036mW/8763mW VDD_SOC 6080mW/5843mW
08-04-2026 08:49:45 RAM 4045/7620MB (lfb 29x1MB) SWAP 2644/12002MB (cached 127MB) CPU [27%@1728,10%@1728,0%@1728,10%@1728,9%@1728,9%@1728] GR3D_FREQ 95% cpu@72.187C soc2@70.562C soc0@71.125C gpu@73.687C tj@73.687C soc1@71.406C VDD_IN 22235mW/21523mW VDD_CPU_GPU_CV 9036mW/8764mW VDD_SOC 6080mW/5843mW
08-04-2026 08:49:45 RAM 4045/7620MB (lfb 29x1MB) SWAP 2644/12002MB (cached 127MB) CPU [9%@1728,0%@1728,9%@1728,9%@1728,0%@1728,0%@1728] GR3D_FREQ 99% cpu@71.75C soc2@70.593C soc0@70.843C gpu@73.843C tj@74.125C soc1@71.468C VDD_IN 22235mW/21524mW VDD_CPU_GPU_CV 9036mW/8764mW VDD_SOC 6040mW/5843mW
08-04-2026 08:49:45 RAM 4043/7620MB (lfb 29x1MB) SWAP 2644/12002MB (cached 127MB) CPU [9%@1728,0%@1728,22%@1728,20%@1728,0%@1728,0%@1728] GR3D_FREQ 99% cpu@71.812C soc2@70.593C soc0@70.906C gpu@73.843C tj@73.843C soc1@71.5C VDD_IN 22235mW/21525mW VDD_CPU_GPU_CV 9036mW/8765mW VDD_SOC 6040mW/5844mW
08-04-2026 08:49:45 RAM 4044/7620MB (lfb 29x1MB) SWAP 2644/12002MB (cached 127MB) CPU [20%@1728,18%@1728,10%@1728,18%@1728,0%@1728,0%@1728] GR3D_FREQ 94% cpu@72.062C soc2@70.75C soc0@70.968C gpu@74.218C tj@74.218C soc1@71.562C VDD_IN 22275mW/21526mW VDD_CPU_GPU_CV 9076mW/8765mW VDD_SOC 6080mW/5844mW
08-04-2026 08:49:45 RAM 4044/7620MB (lfb 29x1MB) SWAP 2644/12002MB (cached 127MB) CPU [0%@1728,0%@1728,0%@1728,10%@1728,0%@1728,9%@1728] GR3D_FREQ 99% cpu@72.125C soc2@70.593C soc0@70.812C gpu@74.093C tj@74.093C soc1@71.25C VDD_IN 22235mW/21527mW VDD_CPU_GPU_CV 9076mW/8766mW VDD_SOC 6040mW/5844mW
08-04-2026 08:49:46 RAM 4044/7620MB (lfb 29x1MB) SWAP 2644/12002MB (cached 127MB) CPU [0%@1728,15%@1728,9%@1728,9%@1728,0%@1728,8%@1728] GR3D_FREQ 99% cpu@72.312C soc2@70.625C soc0@70.812C gpu@73.781C tj@73.781C soc1@71.312C VDD_IN 22235mW/21528mW VDD_CPU_GPU_CV 9036mW/8766mW VDD_SOC 6040mW/5845mW
08-04-2026 08:49:46 RAM 4044/7620MB (lfb 29x1MB) SWAP 2644/12002MB (cached 127MB) CPU [8%@1728,0%@1728,9%@1728,0%@1728,0%@1728,0%@1728] GR3D_FREQ 99% cpu@71.812C soc2@70.531C soc0@70.906C gpu@74.25C tj@74.25C soc1@71.5C VDD_IN 22275mW/21529mW VDD_CPU_GPU_CV 9036mW/8766mW VDD_SOC 6080mW/5845mW
08-04-2026 08:49:46 RAM 4044/7620MB (lfb 29x1MB) SWAP 2644/12002MB (cached 127MB) CPU [9%@1728,0%@1728,0%@1728,10%@1728,9%@1728,0%@1728] GR3D_FREQ 99% cpu@72C soc2@70.562C soc0@70.968C gpu@74.125C tj@74.125C soc1@71.562C VDD_IN 22235mW/21530mW VDD_CPU_GPU_CV 9036mW/8767mW VDD_SOC 6040mW/5845mW
08-04-2026 08:49:46 RAM 4044/7620MB (lfb 29x1MB) SWAP 2644/12002MB (cached 127MB) CPU [0%@1728,0%@1728,9%@1728,10%@1728,0%@1728,0%@1728] GR3D_FREQ 97% cpu@72.093C soc2@70.531C soc0@70.75C gpu@73.812C tj@73.812C soc1@71.312C VDD_IN 22235mW/21531mW VDD_CPU_GPU_CV 9036mW/8767mW VDD_SOC 6080mW/5846mW
08-04-2026 08:49:46 RAM 4044/7620MB (lfb 29x1MB) SWAP 2644/12002MB (cached 127MB) CPU [20%@1728,9%@1728,0%@1728,9%@1728,0%@1728,9%@1728] GR3D_FREQ 99% cpu@71.812C soc2@70.531C soc0@70.843C gpu@73.781C tj@73.781C soc1@71.281C VDD_IN 22195mW/21532mW VDD_CPU_GPU_CV 8996mW/8768mW VDD_SOC 6040mW/5846mW
08-04-2026 08:49:46 RAM 4044/7620MB (lfb 29x1MB) SWAP 2644/12002MB (cached 127MB) CPU [9%@1728,9%@1728,0%@1728,9%@1728,0%@1728,0%@1728] GR3D_FREQ 99% cpu@71.875C soc2@70.562C soc0@70.906C gpu@74C tj@74C soc1@71.375C VDD_IN 22195mW/21533mW VDD_CPU_GPU_CV 9036mW/8768mW VDD_SOC 6040mW/5846mW
08-04-2026 08:49:46 RAM 4044/7620MB (lfb 29x1MB) SWAP 2644/12002MB (cached 127MB) CPU [16%@1728,0%@1728,0%@1728,18%@1728,0%@1728,9%@1728] GR3D_FREQ 96% cpu@71.937C soc2@70.656C soc0@70.968C gpu@73.781C tj@73.781C soc1@71.25C VDD_IN 22155mW/21534mW VDD_CPU_GPU_CV 8996mW/8768mW VDD_SOC 6040mW/5846mW
08-04-2026 08:49:46 RAM 4045/7620MB (lfb 29x1MB) SWAP 2644/12002MB (cached 127MB) CPU [11%@1728,10%@1728,10%@1728,27%@1728,9%@1728,0%@1728] GR3D_FREQ 99% cpu@72.281C soc2@70.656C soc0@70.843C gpu@73.843C tj@73.843C soc1@71.218C VDD_IN 22235mW/21535mW VDD_CPU_GPU_CV 9036mW/8769mW VDD_SOC 6040mW/5847mW
08-04-2026 08:49:46 RAM 4044/7620MB (lfb 29x1MB) SWAP 2644/12002MB (cached 127MB) CPU [9%@1728,0%@1728,0%@1728,9%@1728,0%@1728,0%@1728] GR3D_FREQ 99% cpu@72C soc2@70.562C soc0@70.875C gpu@73.781C tj@73.781C soc1@71.312C VDD_IN 22235mW/21536mW VDD_CPU_GPU_CV 9036mW/8769mW VDD_SOC 6040mW/5847mW
08-04-2026 08:49:47 RAM 4044/7620MB (lfb 29x1MB) SWAP 2644/12002MB (cached 127MB) CPU [0%@1728,0%@1728,0%@1728,10%@1728,0%@1728,9%@1728] GR3D_FREQ 96% cpu@71.812C soc2@70.531C soc0@70.906C gpu@73.875C tj@73.875C soc1@71.468C VDD_IN 22235mW/21537mW VDD_CPU_GPU_CV 9036mW/8769mW VDD_SOC 6080mW/5847mW
08-04-2026 08:49:47 RAM 4044/7620MB (lfb 29x1MB) SWAP 2644/12002MB (cached 127MB) CPU [0%@1728,0%@1728,8%@1728,9%@1728,8%@1728,0%@1728] GR3D_FREQ 99% cpu@71.906C soc2@70.625C soc0@70.968C gpu@73.843C tj@73.843C soc1@71.562C VDD_IN 22275mW/21539mW VDD_CPU_GPU_CV 9036mW/8770mW VDD_SOC 6080mW/5848mW
08-04-2026 08:49:47 RAM 4044/7620MB (lfb 29x1MB) SWAP 2644/12002MB (cached 127MB) CPU [0%@1728,0%@1728,0%@1728,0%@1728,0%@1728,9%@1728] GR3D_FREQ 99% cpu@71.906C soc2@70.531C soc0@70.781C gpu@73.718C tj@73.718C soc1@71.312C VDD_IN 22275mW/21540mW VDD_CPU_GPU_CV 9036mW/8770mW VDD_SOC 6040mW/5848mW
08-04-2026 08:49:47 RAM 4044/7620MB (lfb 29x1MB) SWAP 2644/12002MB (cached 127MB) CPU [9%@1728,0%@1728,0%@1728,9%@1728,0%@1728,0%@1728] GR3D_FREQ 97% cpu@72.156C soc2@70.562C soc0@70.843C gpu@73.937C tj@74.187C soc1@71.281C VDD_IN 22275mW/21541mW VDD_CPU_GPU_CV 9036mW/8771mW VDD_SOC 6080mW/5848mW
08-04-2026 08:49:47 RAM 4044/7620MB (lfb 29x1MB) SWAP 2644/12002MB (cached 127MB) CPU [0%@1728,0%@1728,0%@1728,10%@1728,0%@1728,0%@1728] GR3D_FREQ 99% cpu@71.812C soc2@70.5C soc0@70.937C gpu@73.812C tj@73.812C soc1@71.468C VDD_IN 22275mW/21542mW VDD_CPU_GPU_CV 9036mW/8771mW VDD_SOC 6080mW/5849mW
08-04-2026 08:49:47 RAM 4044/7620MB (lfb 29x1MB) SWAP 2644/12002MB (cached 127MB) CPU [27%@1728,0%@1728,18%@1728,9%@1728,10%@1728,16%@1728] GR3D_FREQ 99% cpu@71.812C soc2@70.593C soc0@71.062C gpu@73.718C tj@73.718C soc1@71.562C VDD_IN 22195mW/21543mW VDD_CPU_GPU_CV 9036mW/8771mW VDD_SOC 6040mW/5849mW
08-04-2026 08:49:47 RAM 4044/7620MB (lfb 29x1MB) SWAP 2644/12002MB (cached 127MB) CPU [0%@1728,9%@1728,0%@1728,10%@1728,0%@1728,0%@1728] GR3D_FREQ 95% cpu@71.937C soc2@70.593C soc0@70.906C gpu@74.062C tj@74.062C soc1@71.312C VDD_IN 22195mW/21544mW VDD_CPU_GPU_CV 8996mW/8772mW VDD_SOC 6080mW/5849mW
08-04-2026 08:49:47 RAM 4045/7620MB (lfb 29x1MB) SWAP 2644/12002MB (cached 127MB) CPU [0%@1728,0%@1728,9%@1728,18%@1728,8%@1728,0%@1728] GR3D_FREQ 99% cpu@71.968C soc2@70.531C soc0@70.906C gpu@74.093C tj@74.093C soc1@71.312C VDD_IN 22195mW/21545mW VDD_CPU_GPU_CV 8996mW/8772mW VDD_SOC 6040mW/5850mW
08-04-2026 08:49:47 RAM 4045/7620MB (lfb 29x1MB) SWAP 2644/12002MB (cached 127MB) CPU [20%@1728,20%@1728,0%@1728,9%@1728,0%@1728,0%@1728] GR3D_FREQ 99% cpu@71.906C soc2@70.656C soc0@71C gpu@74C tj@74C soc1@71.468C VDD_IN 22235mW/21546mW VDD_CPU_GPU_CV 9036mW/8772mW VDD_SOC 6040mW/5850mW
08-04-2026 08:49:47 RAM 4045/7620MB (lfb 29x1MB) SWAP 2644/12002MB (cached 127MB) CPU [8%@1728,0%@1728,10%@1728,0%@1728,0%@1728,0%@1728] GR3D_FREQ 95% cpu@72.281C soc2@70.75C soc0@70.843C gpu@74.156C tj@74.156C soc1@71.312C VDD_IN 22275mW/21547mW VDD_CPU_GPU_CV 9036mW/8773mW VDD_SOC 6080mW/5850mW
08-04-2026 08:49:48 RAM 4045/7620MB (lfb 29x1MB) SWAP 2644/12002MB (cached 127MB) CPU [0%@1728,8%@1728,0%@1728,9%@1728,9%@1728,0%@1728] GR3D_FREQ 99% cpu@71.875C soc2@70.562C soc0@70.843C gpu@74.125C tj@74.125C soc1@71.437C VDD_IN 22235mW/21548mW VDD_CPU_GPU_CV 9036mW/8773mW VDD_SOC 6040mW/5851mW
08-04-2026 08:49:48 RAM 4045/7620MB (lfb 29x1MB) SWAP 2644/12002MB (cached 127MB) CPU [0%@1728,0%@1728,0%@1728,10%@1728,0%@1728,9%@1728] GR3D_FREQ 99% cpu@71.812C soc2@70.593C soc0@70.937C gpu@73.843C tj@73.843C soc1@71.406C VDD_IN 22275mW/21549mW VDD_CPU_GPU_CV 9036mW/8774mW VDD_SOC 6080mW/5851mW
08-04-2026 08:49:48 RAM 4045/7620MB (lfb 29x1MB) SWAP 2644/12002MB (cached 127MB) CPU [0%@1728,9%@1728,0%@1728,9%@1728,0%@1728,9%@1728] GR3D_FREQ 99% cpu@72.062C soc2@70.625C soc0@71.031C gpu@74C tj@74C soc1@71.531C VDD_IN 22275mW/21550mW VDD_CPU_GPU_CV 9036mW/8774mW VDD_SOC 6080mW/5851mW
08-04-2026 08:49:48 RAM 4045/7620MB (lfb 29x1MB) SWAP 2644/12002MB (cached 127MB) CPU [9%@1728,27%@1728,9%@1728,0%@1728,9%@1728,0%@1728] GR3D_FREQ 99% cpu@72.156C soc2@70.781C soc0@70.843C gpu@74.062C tj@74.062C soc1@71.25C VDD_IN 22275mW/21551mW VDD_CPU_GPU_CV 9076mW/8774mW VDD_SOC 6040mW/5851mW
08-04-2026 08:49:48 RAM 4045/7620MB (lfb 29x1MB) SWAP 2644/12002MB (cached 127MB) CPU [10%@1728,0%@1728,18%@1728,25%@1728,18%@1728,0%@1728] GR3D_FREQ 99% cpu@72.031C soc2@70.593C soc0@70.906C gpu@73.718C tj@73.718C soc1@71.437C VDD_IN 22195mW/21552mW VDD_CPU_GPU_CV 9036mW/8775mW VDD_SOC 6040mW/5852mW
08-04-2026 08:49:48 RAM 4045/7620MB (lfb 29x1MB) SWAP 2644/12002MB (cached 127MB) CPU [16%@1728,0%@1728,18%@1728,10%@1728,0%@1728,16%@1728] GR3D_FREQ 94% cpu@71.937C soc2@70.656C soc0@70.937C gpu@73.781C tj@73.781C soc1@71.5C VDD_IN 22235mW/21553mW VDD_CPU_GPU_CV 9036mW/8775mW VDD_SOC 6040mW/5852mW
08-04-2026 08:49:48 RAM 4045/7620MB (lfb 29x1MB) SWAP 2644/12002MB (cached 127MB) CPU [10%@1728,16%@1728,0%@1728,0%@1728,0%@1728,0%@1728] GR3D_FREQ 99% cpu@72C soc2@70.625C soc0@71.062C gpu@73.812C tj@73.812C soc1@71.562C VDD_IN 22155mW/21554mW VDD_CPU_GPU_CV 8996mW/8776mW VDD_SOC 6040mW/5852mW
08-04-2026 08:49:48 RAM 4053/7620MB (lfb 29x1MB) SWAP 2644/12002MB (cached 127MB) CPU [11%@1728,10%@1728,18%@1728,27%@1728,0%@1728,0%@1728] GR3D_FREQ 99% cpu@72.531C soc2@70.843C soc0@70.843C gpu@74C tj@74C soc1@71.406C VDD_IN 22235mW/21555mW VDD_CPU_GPU_CV 9036mW/8776mW VDD_SOC 6040mW/5853mW
08-04-2026 08:49:48 RAM 4045/7620MB (lfb 29x1MB) SWAP 2644/12002MB (cached 127MB) CPU [16%@1728,18%@1728,36%@1728,9%@1728,10%@1728,0%@1728] GR3D_FREQ 95% cpu@72.312C soc2@70.656C soc0@70.875C gpu@73.875C tj@73.875C soc1@71.437C VDD_IN 22315mW/21556mW VDD_CPU_GPU_CV 9076mW/8776mW VDD_SOC 6040mW/5853mW
08-04-2026 08:49:49 RAM 4045/7620MB (lfb 29x1MB) SWAP 2644/12002MB (cached 127MB) CPU [0%@1728,0%@1728,0%@1728,9%@1728,0%@1728,0%@1728] GR3D_FREQ 99% cpu@71.906C soc2@70.718C soc0@70.968C gpu@73.781C tj@73.781C soc1@71.5C VDD_IN 22315mW/21557mW VDD_CPU_GPU_CV 9076mW/8777mW VDD_SOC 6040mW/5853mW
08-04-2026 08:49:49 RAM 4045/7620MB (lfb 29x1MB) SWAP 2644/12002MB (cached 127MB) CPU [0%@1728,0%@1728,10%@1728,0%@1728,0%@1728,0%@1728] GR3D_FREQ 99% cpu@72.093C soc2@70.687C soc0@71.062C gpu@74.281C tj@74.281C soc1@71.562C VDD_IN 22315mW/21558mW VDD_CPU_GPU_CV 9076mW/8777mW VDD_SOC 6040mW/5853mW
08-04-2026 08:49:49 RAM 4045/7620MB (lfb 29x1MB) SWAP 2644/12002MB (cached 127MB) CPU [0%@1728,0%@1728,9%@1728,0%@1728,0%@1728,9%@1728] GR3D_FREQ 99% cpu@72.187C soc2@70.656C soc0@70.843C gpu@74.156C tj@74.156C soc1@71.406C VDD_IN 22275mW/21559mW VDD_CPU_GPU_CV 9036mW/8778mW VDD_SOC 6080mW/5854mW
08-04-2026 08:49:49 RAM 4045/7620MB (lfb 29x1MB) SWAP 2644/12002MB (cached 127MB) CPU [9%@1728,0%@1728,9%@1728,0%@1728,0%@1728,9%@1728] GR3D_FREQ 99% cpu@72.156C soc2@70.718C soc0@70.906C gpu@73.968C tj@73.968C soc1@71.437C VDD_IN 22275mW/21560mW VDD_CPU_GPU_CV 9076mW/8778mW VDD_SOC 6040mW/5854mW
08-04-2026 08:49:49 RAM 4045/7620MB (lfb 29x1MB) SWAP 2644/12002MB (cached 127MB) CPU [0%@1728,9%@1728,18%@1728,0%@1728,0%@1728,0%@1728] GR3D_FREQ 99% cpu@71.937C soc2@70.625C soc0@70.937C gpu@74.218C tj@74.218C soc1@71.531C VDD_IN 22275mW/21561mW VDD_CPU_GPU_CV 9036mW/8778mW VDD_SOC 6080mW/5854mW
08-04-2026 08:49:49 RAM 4045/7620MB (lfb 29x1MB) SWAP 2644/12002MB (cached 127MB) CPU [18%@1728,10%@1728,10%@1728,9%@1728,9%@1728,10%@1728] GR3D_FREQ 99% cpu@72C soc2@70.718C soc0@71.125C gpu@74.031C tj@74.031C soc1@71.593C VDD_IN 22235mW/21562mW VDD_CPU_GPU_CV 9036mW/8779mW VDD_SOC 6040mW/5855mW
08-04-2026 08:49:49 RAM 4045/7620MB (lfb 29x1MB) SWAP 2644/12002MB (cached 127MB) CPU [9%@1728,0%@1728,9%@1728,0%@1728,0%@1728,0%@1728] GR3D_FREQ 99% cpu@72.062C soc2@70.593C soc0@70.812C gpu@73.937C tj@73.937C soc1@71.375C VDD_IN 22195mW/21563mW VDD_CPU_GPU_CV 9036mW/8779mW VDD_SOC 6040mW/5855mW
08-04-2026 08:49:49 RAM 4046/7620MB (lfb 29x1MB) SWAP 2644/12002MB (cached 127MB) CPU [10%@1728,0%@1728,10%@1728,0%@1728,0%@1728,0%@1728] GR3D_FREQ 96% cpu@72.25C soc2@70.593C soc0@70.906C gpu@74.218C tj@74.218C soc1@71.406C VDD_IN 22195mW/21564mW VDD_CPU_GPU_CV 8996mW/8779mW VDD_SOC 6040mW/5855mW
08-04-2026 08:49:49 RAM 4044/7620MB (lfb 29x1MB) SWAP 2644/12002MB (cached 127MB) CPU [30%@1728,11%@1728,10%@1728,10%@1728,0%@1728,0%@1728] GR3D_FREQ 99% cpu@71.906C soc2@70.687C soc0@70.875C gpu@74.062C tj@74.062C soc1@71.437C VDD_IN 22275mW/21565mW VDD_CPU_GPU_CV 9076mW/8780mW VDD_SOC 6040mW/5855mW
08-04-2026 08:49:50 RAM 4044/7620MB (lfb 29x1MB) SWAP 2644/12002MB (cached 127MB) CPU [0%@1728,10%@1728,9%@1728,0%@1728,0%@1728,9%@1728] GR3D_FREQ 99% cpu@71.968C soc2@70.75C soc0@70.781C gpu@73.937C tj@73.937C soc1@71.312C VDD_IN 22235mW/21566mW VDD_CPU_GPU_CV 9076mW/8780mW VDD_SOC 6040mW/5856mW
08-04-2026 08:49:50 RAM 4044/7620MB (lfb 29x1MB) SWAP 2644/12002MB (cached 127MB) CPU [0%@1728,0%@1728,10%@1728,0%@1728,0%@1728,0%@1728] GR3D_FREQ 96% cpu@71.937C soc2@70.656C soc0@70.843C gpu@73.75C tj@73.75C soc1@71.312C VDD_IN 22275mW/21567mW VDD_CPU_GPU_CV 9036mW/8781mW VDD_SOC 6080mW/5856mW
08-04-2026 08:49:50 RAM 4044/7620MB (lfb 29x1MB) SWAP 2644/12002MB (cached 127MB) CPU [9%@1728,9%@1728,9%@1728,16%@1728,0%@1728,0%@1728] GR3D_FREQ 99% cpu@71.843C soc2@70.593C soc0@70.843C gpu@74C tj@74C soc1@71.406C VDD_IN 22275mW/21568mW VDD_CPU_GPU_CV 9036mW/8781mW VDD_SOC 6080mW/5856mW
08-04-2026 08:49:50 RAM 4044/7620MB (lfb 29x1MB) SWAP 2644/12002MB (cached 127MB) CPU [60%@1728,0%@1728,10%@1728,0%@1728,0%@1728,9%@1728] GR3D_FREQ 99% cpu@71.875C soc2@70.75C soc0@70.937C gpu@73.968C tj@73.968C soc1@71.468C VDD_IN 22315mW/21569mW VDD_CPU_GPU_CV 9076mW/8781mW VDD_SOC 6080mW/5857mW
08-04-2026 08:49:50 RAM 4044/7620MB (lfb 29x1MB) SWAP 2644/12002MB (cached 127MB) CPU [0%@1728,9%@1728,9%@1728,0%@1728,0%@1728,9%@1728] GR3D_FREQ 99% cpu@71.875C soc2@70.75C soc0@71.093C gpu@73.781C tj@73.781C soc1@71.343C VDD_IN 22315mW/21570mW VDD_CPU_GPU_CV 9076mW/8782mW VDD_SOC 6080mW/5857mW
08-04-2026 08:49:50 RAM 4044/7620MB (lfb 29x1MB) SWAP 2644/12002MB (cached 127MB) CPU [25%@1728,9%@1728,0%@1728,10%@1728,9%@1728,0%@1728] GR3D_FREQ 99% cpu@72C soc2@70.593C soc0@70.812C gpu@73.75C tj@73.75C soc1@71.375C VDD_IN 22195mW/21571mW VDD_CPU_GPU_CV 9036mW/8782mW VDD_SOC 6040mW/5857mW
08-04-2026 08:49:50 RAM 4044/7620MB (lfb 29x1MB) SWAP 2644/12002MB (cached 127MB) CPU [0%@1728,0%@1728,16%@1728,8%@1728,0%@1728,9%@1728] GR3D_FREQ 99% cpu@71.812C soc2@70.562C soc0@70.937C gpu@73.781C tj@73.781C soc1@71.437C VDD_IN 22195mW/21572mW VDD_CPU_GPU_CV 9036mW/8783mW VDD_SOC 6040mW/5857mW
08-04-2026 08:49:50 RAM 4044/7620MB (lfb 29x1MB) SWAP 2644/12002MB (cached 127MB) CPU [0%@1728,9%@1728,10%@1728,0%@1728,0%@1728,9%@1728] GR3D_FREQ 95% cpu@71.812C soc2@70.687C soc0@70.937C gpu@73.625C tj@73.625C soc1@71.437C VDD_IN 22195mW/21573mW VDD_CPU_GPU_CV 8996mW/8783mW VDD_SOC 6040mW/5858mW
08-04-2026 08:49:50 RAM 4045/7620MB (lfb 29x1MB) SWAP 2644/12002MB (cached 127MB) CPU [33%@1728,0%@1728,18%@1728,0%@1728,0%@1728,0%@1728] GR3D_FREQ 99% cpu@72.062C soc2@70.718C soc0@71C gpu@73.812C tj@73.812C soc1@71.218C VDD_IN 22235mW/21574mW VDD_CPU_GPU_CV 9076mW/8783mW VDD_SOC 6040mW/5858mW
08-04-2026 08:49:50 RAM 4045/7620MB (lfb 29x1MB) SWAP 2644/12002MB (cached 127MB) CPU [0%@1728,9%@1728,0%@1728,0%@1728,0%@1728,0%@1728] GR3D_FREQ 99% cpu@71.875C soc2@70.468C soc0@70.781C gpu@74C tj@74C soc1@71.343C VDD_IN 22235mW/21575mW VDD_CPU_GPU_CV 9036mW/8784mW VDD_SOC 6040mW/5858mW
08-04-2026 08:49:51 RAM 4045/7620MB (lfb 29x1MB) SWAP 2644/12002MB (cached 127MB) CPU [9%@1728,0%@1728,10%@1728,0%@1728,0%@1728,0%@1728] GR3D_FREQ 99% cpu@71.875C soc2@70.593C soc0@70.812C gpu@73.75C tj@73.75C soc1@71.343C VDD_IN 22275mW/21576mW VDD_CPU_GPU_CV 9036mW/8784mW VDD_SOC 6080mW/5858mW
08-04-2026 08:49:51 RAM 4045/7620MB (lfb 29x1MB) SWAP 2644/12002MB (cached 127MB) CPU [0%@1728,0%@1728,9%@1728,0%@1728,0%@1728,0%@1728] GR3D_FREQ 99% cpu@71.812C soc2@70.625C soc0@70.906C gpu@73.75C tj@73.75C soc1@71.375C VDD_IN 22235mW/21577mW VDD_CPU_GPU_CV 9036mW/8784mW VDD_SOC 6040mW/5859mW
08-04-2026 08:49:51 RAM 4045/7620MB (lfb 29x1MB) SWAP 2644/12002MB (cached 127MB) CPU [0%@1728,0%@1728,10%@1728,0%@1728,0%@1728,16%@1728] GR3D_FREQ 99% cpu@72.187C soc2@70.687C soc0@70.812C gpu@73.968C tj@73.968C soc1@71.343C VDD_IN 22275mW/21578mW VDD_CPU_GPU_CV 9036mW/8785mW VDD_SOC 6080mW/5859mW
08-04-2026 08:49:51 RAM 4045/7620MB (lfb 29x1MB) SWAP 2644/12002MB (cached 127MB) CPU [8%@1728,9%@1728,9%@1728,0%@1728,0%@1728,9%@1728] GR3D_FREQ 99% cpu@71.812C soc2@70.562C soc0@70.812C gpu@73.906C tj@73.906C soc1@71.25C VDD_IN 22275mW/21578mW VDD_CPU_GPU_CV 9036mW/8785mW VDD_SOC 6080mW/5859mW
08-04-2026 08:49:51 RAM 4045/7620MB (lfb 29x1MB) SWAP 2644/12002MB (cached 127MB) CPU [0%@1728,0%@1728,0%@1728,9%@1728,0%@1728,0%@1728] GR3D_FREQ 99% cpu@71.781C soc2@70.531C soc0@70.843C gpu@74.156C tj@74.156C soc1@71.281C VDD_IN 22235mW/21579mW VDD_CPU_GPU_CV 9036mW/8785mW VDD_SOC 6040mW/5860mW
08-04-2026 08:49:51 RAM 4045/7620MB (lfb 29x1MB) SWAP 2644/12002MB (cached 127MB) CPU [27%@1728,0%@1728,27%@1728,9%@1728,0%@1728,9%@1728] GR3D_FREQ 99% cpu@72.031C soc2@70.593C soc0@70.843C gpu@73.968C tj@73.968C soc1@71.531C VDD_IN 22195mW/21580mW VDD_CPU_GPU_CV 8996mW/8786mW VDD_SOC 6040mW/5860mW
08-04-2026 08:49:51 RAM 4045/7620MB (lfb 29x1MB) SWAP 2644/12002MB (cached 127MB) CPU [0%@1728,0%@1728,9%@1728,0%@1728,0%@1728,0%@1728] GR3D_FREQ 99% cpu@72.281C soc2@70.687C soc0@71.093C gpu@73.937C tj@73.937C soc1@71.187C VDD_IN 22235mW/21581mW VDD_CPU_GPU_CV 9036mW/8786mW VDD_SOC 6040mW/5860mW
08-04-2026 08:49:51 RAM 4045/7620MB (lfb 29x1MB) SWAP 2644/12002MB (cached 127MB) CPU [9%@1728,9%@1728,10%@1728,0%@1728,0%@1728,9%@1728] GR3D_FREQ 99% cpu@72.093C soc2@70.593C soc0@70.843C gpu@73.937C tj@73.937C soc1@71.25C VDD_IN 22195mW/21582mW VDD_CPU_GPU_CV 9036mW/8786mW VDD_SOC 6040mW/5860mW
08-04-2026 08:49:51 RAM 4046/7620MB (lfb 29x1MB) SWAP 2644/12002MB (cached 127MB) CPU [20%@1728,0%@1728,25%@1728,25%@1728,9%@1728,0%@1728] GR3D_FREQ 94% cpu@71.875C soc2@70.562C soc0@70.843C gpu@74C tj@74C soc1@71.343C VDD_IN 22275mW/21583mW VDD_CPU_GPU_CV 9076mW/8787mW VDD_SOC 6040mW/5861mW
08-04-2026 08:49:52 RAM 4045/7620MB (lfb 29x1MB) SWAP 2644/12002MB (cached 127MB) CPU [25%@1728,27%@1728,18%@1728,10%@1728,9%@1728,0%@1728] GR3D_FREQ 99% cpu@71.968C soc2@70.687C soc0@70.937C gpu@73.968C tj@73.968C soc1@71.5C VDD_IN 22315mW/21584mW VDD_CPU_GPU_CV 9076mW/8787mW VDD_SOC 6040mW/5861mW
08-04-2026 08:49:52 RAM 4045/7620MB (lfb 29x1MB) SWAP 2644/12002MB (cached 127MB) CPU [0%@1728,0%@1728,0%@1728,0%@1728,0%@1728,0%@1728] GR3D_FREQ 99% cpu@72.093C soc2@70.593C soc0@70.968C gpu@73.906C tj@73.906C soc1@71.281C VDD_IN 22275mW/21585mW VDD_CPU_GPU_CV 9076mW/8788mW VDD_SOC 6040mW/5861mW
08-04-2026 08:49:52 RAM 4045/7620MB (lfb 29x1MB) SWAP 2644/12002MB (cached 127MB) CPU [0%@1728,9%@1728,10%@1728,0%@1728,0%@1728,0%@1728] GR3D_FREQ 96% cpu@72.187C soc2@70.5C soc0@70.875C gpu@74C tj@74C soc1@71.375C VDD_IN 22275mW/21586mW VDD_CPU_GPU_CV 9076mW/8788mW VDD_SOC 6080mW/5861mW
08-04-2026 08:49:52 RAM 4045/7620MB (lfb 29x1MB) SWAP 2644/12002MB (cached 127MB) CPU [9%@1728,0%@1728,18%@1728,0%@1728,9%@1728,0%@1728] GR3D_FREQ 99% cpu@71.812C soc2@70.656C soc0@70.906C gpu@74.031C tj@74.031C soc1@71.375C VDD_IN 22315mW/21587mW VDD_CPU_GPU_CV 9076mW/8788mW VDD_SOC 6080mW/5862mW
08-04-2026 08:49:52 RAM 4045/7620MB (lfb 29x1MB) SWAP 2644/12002MB (cached 127MB) CPU [0%@1728,0%@1728,0%@1728,0%@1728,0%@1728,10%@1728] GR3D_FREQ 99% cpu@71.968C soc2@70.625C soc0@70.968C gpu@73.843C tj@73.843C soc1@71.531C VDD_IN 22315mW/21588mW VDD_CPU_GPU_CV 9076mW/8789mW VDD_SOC 6080mW/5862mW
08-04-2026 08:49:52 RAM 4045/7620MB (lfb 29x1MB) SWAP 2644/12002MB (cached 127MB) CPU [11%@1728,0%@1728,16%@1728,18%@1728,9%@1728,16%@1728] GR3D_FREQ 97% cpu@72.125C soc2@70.781C soc0@70.843C gpu@73.687C tj@73.687C soc1@71.343C VDD_IN 22195mW/21589mW VDD_CPU_GPU_CV 9036mW/8789mW VDD_SOC 6040mW/5862mW
08-04-2026 08:49:52 RAM 4045/7620MB (lfb 29x1MB) SWAP 2644/12002MB (cached 127MB) CPU [0%@1728,0%@1728,0%@1728,9%@1728,0%@1728,9%@1728] GR3D_FREQ 99% cpu@72.187C soc2@70.593C soc0@70.906C gpu@74.437C tj@74.437C soc1@71.406C VDD_IN 22195mW/21590mW VDD_CPU_GPU_CV 9036mW/8790mW VDD_SOC 6040mW/5863mW
08-04-2026 08:49:52 RAM 4045/7620MB (lfb 29x1MB) SWAP 2644/12002MB (cached 127MB) CPU [0%@1728,0%@1728,0%@1728,9%@1728,0%@1728,0%@1728] GR3D_FREQ 99% cpu@71.937C soc2@70.656C soc0@70.937C gpu@73.875C tj@73.875C soc1@71.375C VDD_IN 22155mW/21590mW VDD_CPU_GPU_CV 9036mW/8790mW VDD_SOC 6040mW/5863mW
08-04-2026 08:49:52 RAM 4048/7620MB (lfb 29x1MB) SWAP 2644/12002MB (cached 127MB) CPU [18%@1728,18%@1728,0%@1728,20%@1728,0%@1728,0%@1728] GR3D_FREQ 94% cpu@72.062C soc2@70.656C soc0@71.187C gpu@73.593C tj@73.593C soc1@71.593C VDD_IN 22275mW/21591mW VDD_CPU_GPU_CV 9036mW/8790mW VDD_SOC 6040mW/5863mW
08-04-2026 08:49:52 RAM 4048/7620MB (lfb 29x1MB) SWAP 2644/12002MB (cached 127MB) CPU [9%@1728,9%@1728,9%@1728,18%@1728,0%@1728,0%@1728] GR3D_FREQ 99% cpu@72.031C soc2@70.718C soc0@71.093C gpu@74.406C tj@74.406C soc1@71.343C VDD_IN 22275mW/21592mW VDD_CPU_GPU_CV 9076mW/8791mW VDD_SOC 6080mW/5863mW
08-04-2026 08:49:53 RAM 4048/7620MB (lfb 29x1MB) SWAP 2644/12002MB (cached 127MB) CPU [0%@1728,0%@1728,9%@1728,10%@1728,15%@1728,0%@1728] GR3D_FREQ 99% cpu@72.218C soc2@70.656C soc0@70.875C gpu@73.937C tj@73.937C soc1@71.375C VDD_IN 22275mW/21593mW VDD_CPU_GPU_CV 9036mW/8791mW VDD_SOC 6080mW/5864mW
08-04-2026 08:49:53 RAM 4047/7620MB (lfb 29x1MB) SWAP 2644/12002MB (cached 127MB) CPU [0%@1728,9%@1728,15%@1728,9%@1728,0%@1728,0%@1728] GR3D_FREQ 96% cpu@72C soc2@70.843C soc0@70.937C gpu@73.812C tj@73.812C soc1@71.593C VDD_IN 22315mW/21594mW VDD_CPU_GPU_CV 9076mW/8791mW VDD_SOC 6080mW/5864mW
08-04-2026 08:49:53 RAM 4047/7620MB (lfb 29x1MB) SWAP 2644/12002MB (cached 127MB) CPU [0%@1728,0%@1728,0%@1728,0%@1728,0%@1728,9%@1728] GR3D_FREQ 99% cpu@72.031C soc2@70.718C soc0@71.031C gpu@74.437C tj@74.437C soc1@71.531C VDD_IN 22315mW/21595mW VDD_CPU_GPU_CV 9076mW/8792mW VDD_SOC 6080mW/5864mW
08-04-2026 08:49:53 RAM 4048/7620MB (lfb 29x1MB) SWAP 2644/12002MB (cached 127MB) CPU [0%@1728,0%@1728,0%@1728,18%@1728,0%@1728,0%@1728] GR3D_FREQ 97% cpu@72.156C soc2@70.781C soc0@70.937C gpu@74.062C tj@74.062C soc1@71.468C VDD_IN 22315mW/21596mW VDD_CPU_GPU_CV 9036mW/8792mW VDD_SOC 6080mW/5864mW
08-04-2026 08:49:53 RAM 4047/7620MB (lfb 29x1MB) SWAP 2644/12002MB (cached 127MB) CPU [9%@1728,0%@1728,27%@1728,0%@1728,16%@1728,0%@1728] GR3D_FREQ 99% cpu@72.25C soc2@70.75C soc0@70.937C gpu@73.906C tj@74.031C soc1@71.468C VDD_IN 22315mW/21597mW VDD_CPU_GPU_CV 9076mW/8792mW VDD_SOC 6080mW/5865mW
08-04-2026 08:49:53 RAM 4047/7620MB (lfb 29x1MB) SWAP 2644/12002MB (cached 127MB) CPU [11%@1728,0%@1728,10%@1728,18%@1728,0%@1728,9%@1728] GR3D_FREQ 99% cpu@72C soc2@70.687C soc0@71.031C gpu@74.343C tj@74.343C soc1@71.531C VDD_IN 22315mW/21598mW VDD_CPU_GPU_CV 9116mW/8793mW VDD_SOC 6040mW/5865mW
08-04-2026 08:49:53 RAM 4047/7620MB (lfb 29x1MB) SWAP 2644/12002MB (cached 127MB) CPU [0%@1728,0%@1728,9%@1728,18%@1728,0%@1728,0%@1728] GR3D_FREQ 96% cpu@72.031C soc2@70.75C soc0@71C gpu@74.031C tj@74.031C soc1@71.562C VDD_IN 22275mW/21599mW VDD_CPU_GPU_CV 9036mW/8793mW VDD_SOC 6040mW/5865mW
08-04-2026 08:49:53 RAM 4047/7620MB (lfb 29x1MB) SWAP 2644/12002MB (cached 127MB) CPU [0%@1728,9%@1728,0%@1728,10%@1728,0%@1728,0%@1728] GR3D_FREQ 99% cpu@72.062C soc2@70.812C soc0@71C gpu@73.968C tj@73.968C soc1@71.437C VDD_IN 22235mW/21600mW VDD_CPU_GPU_CV 9036mW/8794mW VDD_SOC 6040mW/5866mW
08-04-2026 08:49:53 RAM 4047/7620MB (lfb 29x1MB) SWAP 2644/12002MB (cached 127MB) CPU [25%@1728,18%@1728,10%@1728,0%@1728,9%@1728,0%@1728] GR3D_FREQ 99% cpu@72C soc2@70.687C soc0@71.062C gpu@74.281C tj@74.281C soc1@71.375C VDD_IN 22275mW/21601mW VDD_CPU_GPU_CV 9076mW/8794mW VDD_SOC 6040mW/5866mW
08-04-2026 08:49:54 RAM 4047/7620MB (lfb 29x1MB) SWAP 2644/12002MB (cached 127MB) CPU [0%@1728,0%@1728,0%@1728,20%@1728,9%@1728,0%@1728] GR3D_FREQ 96% cpu@72.031C soc2@70.718C soc0@70.968C gpu@74.062C tj@74.062C soc1@71.531C VDD_IN 22275mW/21602mW VDD_CPU_GPU_CV 9076mW/8794mW VDD_SOC 6040mW/5866mW
08-04-2026 08:49:54 RAM 4047/7620MB (lfb 29x1MB) SWAP 2644/12002MB (cached 127MB) CPU [0%@1728,0%@1728,9%@1728,9%@1728,0%@1728,0%@1728] GR3D_FREQ 99% cpu@72C soc2@70.75C soc0@71.031C gpu@74.062C tj@74.062C soc1@71.562C VDD_IN 22275mW/21603mW VDD_CPU_GPU_CV 9036mW/8795mW VDD_SOC 6080mW/5866mW
08-04-2026 08:49:54 RAM 4047/7620MB (lfb 29x1MB) SWAP 2644/12002MB (cached 127MB) CPU [0%@1728,0%@1728,0%@1728,9%@1728,0%@1728,0%@1728] GR3D_FREQ 99% cpu@72C soc2@70.843C soc0@71.156C gpu@73.937C tj@73.937C soc1@71.406C VDD_IN 22235mW/21604mW VDD_CPU_GPU_CV 9036mW/8795mW VDD_SOC 6040mW/5866mW
08-04-2026 08:49:54 RAM 4047/7620MB (lfb 29x1MB) SWAP 2644/12002MB (cached 127MB) CPU [0%@1728,9%@1728,9%@1728,18%@1728,9%@1728,9%@1728] GR3D_FREQ 95% cpu@71.906C soc2@70.687C soc0@70.937C gpu@74C tj@74C soc1@71.468C VDD_IN 22235mW/21604mW VDD_CPU_GPU_CV 9036mW/8795mW VDD_SOC 6040mW/5867mW
08-04-2026 08:49:54 RAM 4047/7620MB (lfb 29x1MB) SWAP 2644/12002MB (cached 127MB) CPU [9%@1728,0%@1728,0%@1728,0%@1728,0%@1728,0%@1728] GR3D_FREQ 99% cpu@72C soc2@70.593C soc0@70.937C gpu@74C tj@74C soc1@71.531C VDD_IN 22275mW/21605mW VDD_CPU_GPU_CV 9036mW/8796mW VDD_SOC 6040mW/5867mW
08-04-2026 08:49:54 RAM 4047/7620MB (lfb 29x1MB) SWAP 2644/12002MB (cached 127MB) CPU [10%@1728,18%@1728,0%@1728,10%@1728,0%@1728,0%@1728] GR3D_FREQ 99% cpu@71.906C soc2@70.656C soc0@71.062C gpu@73.937C tj@73.937C soc1@71.625C VDD_IN 22155mW/21606mW VDD_CPU_GPU_CV 8996mW/8796mW VDD_SOC 6040mW/5867mW
08-04-2026 08:49:54 RAM 4047/7620MB (lfb 29x1MB) SWAP 2644/12002MB (cached 127MB) CPU [10%@1728,9%@1728,0%@1728,10%@1728,0%@1728,0%@1728] GR3D_FREQ 96% cpu@71.968C soc2@70.812C soc0@70.843C gpu@73.781C tj@73.781C soc1@71.375C VDD_IN 22195mW/21607mW VDD_CPU_GPU_CV 8996mW/8796mW VDD_SOC 6040mW/5867mW
08-04-2026 08:49:54 RAM 4047/7620MB (lfb 29x1MB) SWAP 2644/12002MB (cached 127MB) CPU [0%@1728,0%@1728,9%@1728,9%@1728,9%@1728,0%@1728] GR3D_FREQ 99% cpu@71.843C soc2@70.656C soc0@70.906C gpu@73.968C tj@74.281C soc1@71.437C VDD_IN 22195mW/21608mW VDD_CPU_GPU_CV 8996mW/8796mW VDD_SOC 6040mW/5868mW
08-04-2026 08:49:54 RAM 4048/7620MB (lfb 29x1MB) SWAP 2644/12002MB (cached 127MB) CPU [10%@1728,9%@1728,16%@1728,27%@1728,9%@1728,9%@1728] GR3D_FREQ 99% cpu@71.843C soc2@70.75C soc0@71.031C gpu@73.843C tj@73.843C soc1@71.531C VDD_IN 22235mW/21608mW VDD_CPU_GPU_CV 9076mW/8797mW VDD_SOC 6040mW/5868mW
08-04-2026 08:49:54 RAM 4047/7620MB (lfb 29x1MB) SWAP 2644/12002MB (cached 127MB) CPU [16%@1728,0%@1728,0%@1728,18%@1728,0%@1728,0%@1728] GR3D_FREQ 96% cpu@72.156C soc2@70.781C soc0@71.125C gpu@73.875C tj@73.875C soc1@71.593C VDD_IN 22275mW/21609mW VDD_CPU_GPU_CV 9036mW/8797mW VDD_SOC 6080mW/5868mW
08-04-2026 08:49:55 RAM 4047/7620MB (lfb 29x1MB) SWAP 2644/12002MB (cached 127MB) CPU [0%@1728,9%@1728,9%@1728,9%@1728,0%@1728,0%@1728] GR3D_FREQ 99% cpu@72.281C soc2@70.625C soc0@70.906C gpu@74.25C tj@74.25C soc1@71.375C VDD_IN 22275mW/21610mW VDD_CPU_GPU_CV 9036mW/8797mW VDD_SOC 6040mW/5868mW
08-04-2026 08:49:55 RAM 4047/7620MB (lfb 29x1MB) SWAP 2644/12002MB (cached 127MB) CPU [0%@1728,0%@1728,0%@1728,10%@1728,0%@1728,9%@1728] GR3D_FREQ 99% cpu@71.937C soc2@70.656C soc0@70.937C gpu@73.968C tj@73.968C soc1@71.5C VDD_IN 22275mW/21611mW VDD_CPU_GPU_CV 9036mW/8798mW VDD_SOC 6080mW/5869mW
08-04-2026 08:49:55 RAM 4045/7620MB (lfb 29x1MB) SWAP 2644/12002MB (cached 127MB) CPU [30%@1728,0%@1728,9%@1728,18%@1728,18%@1728,0%@1728] GR3D_FREQ 99% cpu@72.031C soc2@70.718C soc0@70.937C gpu@73.875C tj@73.875C soc1@71.562C VDD_IN 22355mW/21612mW VDD_CPU_GPU_CV 9076mW/8798mW VDD_SOC 6080mW/5869mW
08-04-2026 08:49:55 RAM 4045/7620MB (lfb 29x1MB) SWAP 2644/12002MB (cached 127MB) CPU [0%@1728,0%@1728,0%@1728,20%@1728,8%@1728,0%@1728] GR3D_FREQ 99% cpu@72.156C soc2@70.75C soc0@71.062C gpu@74.218C tj@74.218C soc1@71.406C VDD_IN 22315mW/21613mW VDD_CPU_GPU_CV 9116mW/8799mW VDD_SOC 6080mW/5869mW
08-04-2026 08:49:55 RAM 4045/7620MB (lfb 29x1MB) SWAP 2644/12002MB (cached 127MB) CPU [0%@1728,9%@1728,0%@1728,18%@1728,0%@1728,0%@1728] GR3D_FREQ 99% cpu@72.281C soc2@70.625C soc0@70.875C gpu@74.093C tj@74.093C soc1@71.437C VDD_IN 22315mW/21614mW VDD_CPU_GPU_CV 9076mW/8799mW VDD_SOC 6080mW/5870mW
08-04-2026 08:49:55 RAM 4045/7620MB (lfb 29x1MB) SWAP 2644/12002MB (cached 127MB) CPU [33%@1728,9%@1728,0%@1728,10%@1728,0%@1728,0%@1728] GR3D_FREQ 99% cpu@71.843C soc2@70.656C soc0@70.937C gpu@74C tj@74C soc1@71.437C VDD_IN 22235mW/21615mW VDD_CPU_GPU_CV 9036mW/8799mW VDD_SOC 6040mW/5870mW
08-04-2026 08:49:55 RAM 4045/7620MB (lfb 29x1MB) SWAP 2644/12002MB (cached 127MB) CPU [0%@1728,0%@1728,0%@1728,9%@1728,9%@1728,0%@1728] GR3D_FREQ 99% cpu@72.031C soc2@70.656C soc0@71C gpu@74.156C tj@74.156C soc1@71.468C VDD_IN 22235mW/21616mW VDD_CPU_GPU_CV 9036mW/8800mW VDD_SOC 6040mW/5870mW
08-04-2026 08:49:55 RAM 4045/7620MB (lfb 29x1MB) SWAP 2644/12002MB (cached 127MB) CPU [18%@1728,8%@1728,9%@1728,9%@1728,0%@1728,0%@1728] GR3D_FREQ 99% cpu@72.312C soc2@70.812C soc0@71.187C gpu@74C tj@74C soc1@71.343C VDD_IN 22235mW/21616mW VDD_CPU_GPU_CV 9036mW/8800mW VDD_SOC 6080mW/5870mW
08-04-2026 08:49:55 RAM 4045/7620MB (lfb 29x1MB) SWAP 2644/12002MB (cached 127MB) CPU [10%@1728,10%@1728,18%@1728,10%@1728,10%@1728,9%@1728] GR3D_FREQ 99% cpu@72.25C soc2@70.625C soc0@70.937C gpu@73.906C tj@73.906C soc1@71.375C VDD_IN 22315mW/21617mW VDD_CPU_GPU_CV 9076mW/8800mW VDD_SOC 6080mW/5871mW
08-04-2026 08:49:56 RAM 4045/7620MB (lfb 29x1MB) SWAP 2644/12002MB (cached 127MB) CPU [9%@1728,0%@1728,0%@1728,0%@1728,0%@1728,0%@1728] GR3D_FREQ 99% cpu@72.281C soc2@70.656C soc0@70.906C gpu@73.937C tj@73.937C soc1@71.437C VDD_IN 22315mW/21618mW VDD_CPU_GPU_CV 9076mW/8801mW VDD_SOC 6080mW/5871mW
08-04-2026 08:49:56 RAM 4045/7620MB (lfb 29x1MB) SWAP 2644/12002MB (cached 127MB) CPU [0%@1728,0%@1728,10%@1728,8%@1728,8%@1728,0%@1728] GR3D_FREQ 96% cpu@72.031C soc2@70.687C soc0@70.875C gpu@74C tj@74C soc1@71.562C VDD_IN 22315mW/21619mW VDD_CPU_GPU_CV 9076mW/8801mW VDD_SOC 6080mW/5871mW
08-04-2026 08:49:56 RAM 4045/7620MB (lfb 29x1MB) SWAP 2644/12002MB (cached 127MB) CPU [0%@1728,0%@1728,9%@1728,0%@1728,0%@1728,0%@1728] GR3D_FREQ 99% cpu@72.031C soc2@70.75C soc0@71.156C gpu@74C tj@74C soc1@71.625C VDD_IN 22355mW/21620mW VDD_CPU_GPU_CV 9076mW/8801mW VDD_SOC 6080mW/5871mW
08-04-2026 08:49:56 RAM 4045/7620MB (lfb 29x1MB) SWAP 2644/12002MB (cached 127MB) CPU [9%@1728,0%@1728,0%@1728,0%@1728,0%@1728,9%@1728] GR3D_FREQ 99% cpu@72.093C soc2@70.625C soc0@70.843C gpu@73.968C tj@73.968C soc1@71.406C VDD_IN 22355mW/21621mW VDD_CPU_GPU_CV 9076mW/8802mW VDD_SOC 6080mW/5872mW
08-04-2026 08:49:56 RAM 4045/7620MB (lfb 29x1MB) SWAP 2644/12002MB (cached 127MB) CPU [9%@1728,9%@1728,10%@1728,0%@1728,0%@1728,0%@1728] GR3D_FREQ 96% cpu@71.906C soc2@70.687C soc0@71.062C gpu@73.812C tj@73.812C soc1@71.406C VDD_IN 22355mW/21622mW VDD_CPU_GPU_CV 9076mW/8802mW VDD_SOC 6080mW/5872mW
08-04-2026 08:49:56 RAM 4045/7620MB (lfb 29x1MB) SWAP 2644/12002MB (cached 127MB) CPU [9%@1728,10%@1728,9%@1728,16%@1728,9%@1728,16%@1728] GR3D_FREQ 99% cpu@72C soc2@70.687C soc0@71C gpu@73.812C tj@73.812C soc1@71.531C VDD_IN 22275mW/21623mW VDD_CPU_GPU_CV 9036mW/8802mW VDD_SOC 6040mW/5872mW
08-04-2026 08:49:56 RAM 4045/7620MB (lfb 29x1MB) SWAP 2644/12002MB (cached 127MB) CPU [0%@1728,9%@1728,9%@1728,9%@1728,0%@1728,0%@1728] GR3D_FREQ 99% cpu@72C soc2@70.75C soc0@71.062C gpu@73.75C tj@73.75C soc1@71.312C VDD_IN 22235mW/21624mW VDD_CPU_GPU_CV 9036mW/8803mW VDD_SOC 6040mW/5872mW
08-04-2026 08:49:56 RAM 4045/7620MB (lfb 29x1MB) SWAP 2644/12002MB (cached 127MB) CPU [10%@1728,9%@1728,0%@1728,8%@1728,9%@1728,9%@1728] GR3D_FREQ 95% cpu@72.156C soc2@70.718C soc0@70.843C gpu@74.156C tj@74.156C soc1@71.343C VDD_IN 22195mW/21625mW VDD_CPU_GPU_CV 8996mW/8803mW VDD_SOC 6080mW/5873mW
08-04-2026 08:49:56 RAM 4047/7620MB (lfb 29x1MB) SWAP 2644/12002MB (cached 127MB) CPU [18%@1728,10%@1728,9%@1728,0%@1728,9%@1728,18%@1728] GR3D_FREQ 99% cpu@72.312C soc2@70.687C soc0@70.968C gpu@73.843C tj@73.843C soc1@71.468C VDD_IN 22235mW/21625mW VDD_CPU_GPU_CV 9036mW/8803mW VDD_SOC 6040mW/5873mW
08-04-2026 08:49:56 RAM 4046/7620MB (lfb 29x1MB) SWAP 2644/12002MB (cached 127MB) CPU [9%@1728,0%@1728,10%@1728,8%@1728,0%@1728,9%@1728] GR3D_FREQ 99% cpu@72.031C soc2@70.75C soc0@71.062C gpu@73.906C tj@73.906C soc1@71.468C VDD_IN 22275mW/21626mW VDD_CPU_GPU_CV 9036mW/8803mW VDD_SOC 6040mW/5873mW
08-04-2026 08:49:57 RAM 4046/7620MB (lfb 29x1MB) SWAP 2644/12002MB (cached 127MB) CPU [0%@1728,0%@1728,9%@1728,0%@1728,0%@1728,9%@1728] GR3D_FREQ 96% cpu@72.093C soc2@70.781C soc0@70.968C gpu@74.312C tj@74.312C soc1@71.343C VDD_IN 22275mW/21627mW VDD_CPU_GPU_CV 9036mW/8804mW VDD_SOC 6080mW/5873mW
08-04-2026 08:49:57 RAM 4046/7620MB (lfb 29x1MB) SWAP 2644/12002MB (cached 127MB) CPU [9%@1728,0%@1728,9%@1728,0%@1728,0%@1728,0%@1728] GR3D_FREQ 99% cpu@72.031C soc2@70.625C soc0@70.968C gpu@74.218C tj@74.218C soc1@71.406C VDD_IN 22275mW/21628mW VDD_CPU_GPU_CV 9036mW/8804mW VDD_SOC 6080mW/5874mW
08-04-2026 08:49:57 RAM 4046/7620MB (lfb 29x1MB) SWAP 2644/12002MB (cached 127MB) CPU [0%@1728,9%@1728,10%@1728,8%@1728,0%@1728,0%@1728] GR3D_FREQ 99% cpu@71.968C soc2@70.687C soc0@70.875C gpu@73.687C tj@73.687C soc1@71.437C VDD_IN 22275mW/21629mW VDD_CPU_GPU_CV 9036mW/8804mW VDD_SOC 6080mW/5874mW
08-04-2026 08:49:57 RAM 4046/7620MB (lfb 29x1MB) SWAP 2644/12002MB (cached 127MB) CPU [0%@1728,0%@1728,0%@1728,0%@1728,0%@1728,0%@1728] GR3D_FREQ 99% cpu@71.968C soc2@70.75C soc0@70.968C gpu@74.375C tj@74.375C soc1@71.562C VDD_IN 22275mW/21630mW VDD_CPU_GPU_CV 9036mW/8805mW VDD_SOC 6080mW/5874mW
08-04-2026 08:49:57 RAM 4046/7620MB (lfb 29x1MB) SWAP 2644/12002MB (cached 127MB) CPU [0%@1728,0%@1728,9%@1728,0%@1728,0%@1728,9%@1728] GR3D_FREQ 99% cpu@71.968C soc2@70.781C soc0@71.125C gpu@74.156C tj@74.156C soc1@71.343C VDD_IN 22235mW/21630mW VDD_CPU_GPU_CV 9036mW/8805mW VDD_SOC 6040mW/5874mW
08-04-2026 08:49:57 RAM 4046/7620MB (lfb 29x1MB) SWAP 2644/12002MB (cached 127MB) CPU [30%@1728,27%@1728,30%@1728,16%@1728,10%@1728,9%@1728] GR3D_FREQ 95% cpu@71.937C soc2@70.75C soc0@70.937C gpu@73.937C tj@73.937C soc1@71.406C VDD_IN 22195mW/21631mW VDD_CPU_GPU_CV 8996mW/8805mW VDD_SOC 6040mW/5875mW
08-04-2026 08:49:57 RAM 4046/7620MB (lfb 29x1MB) SWAP 2644/12002MB (cached 127MB) CPU [8%@1728,0%@1728,0%@1728,0%@1728,0%@1728,0%@1728] GR3D_FREQ 99% cpu@71.968C soc2@70.687C soc0@71C gpu@74C tj@74C soc1@71.437C VDD_IN 22195mW/21632mW VDD_CPU_GPU_CV 8996mW/8805mW VDD_SOC 6040mW/5875mW
08-04-2026 08:49:57 RAM 4046/7620MB (lfb 29x1MB) SWAP 2644/12002MB (cached 127MB) CPU [0%@1728,9%@1728,0%@1728,0%@1728,0%@1728,18%@1728] GR3D_FREQ 99% cpu@71.875C soc2@70.687C soc0@71C gpu@74.156C tj@74.156C soc1@71.5C VDD_IN 22155mW/21632mW VDD_CPU_GPU_CV 8996mW/8806mW VDD_SOC 6040mW/5875mW
08-04-2026 08:49:57 RAM 4046/7620MB (lfb 29x1MB) SWAP 2644/12002MB (cached 127MB) CPU [20%@1728,0%@1728,25%@1728,0%@1728,0%@1728,9%@1728] GR3D_FREQ 94% cpu@72.25C soc2@70.812C soc0@70.843C gpu@73.875C tj@73.875C soc1@71.343C VDD_IN 22195mW/21633mW VDD_CPU_GPU_CV 9036mW/8806mW VDD_SOC 6040mW/5875mW
08-04-2026 08:49:58 RAM 4046/7620MB (lfb 29x1MB) SWAP 2644/12002MB (cached 127MB) CPU [0%@1728,10%@1728,9%@1728,0%@1728,0%@1728,0%@1728] GR3D_FREQ 99% cpu@71.875C soc2@70.718C soc0@70.875C gpu@73.968C tj@73.968C soc1@71.343C VDD_IN 22235mW/21634mW VDD_CPU_GPU_CV 9036mW/8806mW VDD_SOC 6040mW/5875mW
08-04-2026 08:49:58 RAM 4046/7620MB (lfb 29x1MB) SWAP 2644/12002MB (cached 127MB) CPU [0%@1728,0%@1728,0%@1728,0%@1728,0%@1728,9%@1728] GR3D_FREQ 99% cpu@71.812C soc2@70.687C soc0@70.937C gpu@74.125C tj@73.968C soc1@71.5C VDD_IN 22235mW/21635mW VDD_CPU_GPU_CV 9036mW/8807mW VDD_SOC 6040mW/5876mW
08-04-2026 08:49:58 RAM 4046/7620MB (lfb 29x1MB) SWAP 2644/12002MB (cached 127MB) CPU [0%@1728,0%@1728,9%@1728,0%@1728,0%@1728,0%@1728] GR3D_FREQ 96% cpu@71.906C soc2@70.718C soc0@70.937C gpu@73.906C tj@73.906C soc1@71.625C VDD_IN 22235mW/21635mW VDD_CPU_GPU_CV 8996mW/8807mW VDD_SOC 6040mW/5876mW
08-04-2026 08:49:58 RAM 4046/7620MB (lfb 29x1MB) SWAP 2644/12002MB (cached 127MB) CPU [0%@1728,0%@1728,10%@1728,0%@1728,9%@1728,9%@1728] GR3D_FREQ 99% cpu@72.187C soc2@70.656C soc0@70.875C gpu@73.906C tj@73.906C soc1@71.343C VDD_IN 22275mW/21636mW VDD_CPU_GPU_CV 9036mW/8807mW VDD_SOC 6080mW/5876mW
08-04-2026 08:49:58 RAM 4047/7620MB (lfb 29x1MB) SWAP 2644/12002MB (cached 127MB) CPU [10%@1728,0%@1728,33%@1728,18%@1728,9%@1728,9%@1728] GR3D_FREQ 99% cpu@72.031C soc2@70.625C soc0@70.906C gpu@73.843C tj@73.843C soc1@71.375C VDD_IN 22275mW/21637mW VDD_CPU_GPU_CV 9076mW/8808mW VDD_SOC 6040mW/5876mW
08-04-2026 08:49:58 RAM 4045/7620MB (lfb 29x1MB) SWAP 2644/12002MB (cached 127MB) CPU [27%@1728,10%@1728,20%@1728,20%@1728,10%@1728,9%@1728] GR3D_FREQ 95% cpu@71.968C soc2@70.656C soc0@70.875C gpu@73.781C tj@74.031C soc1@71.5C VDD_IN 22235mW/21638mW VDD_CPU_GPU_CV 9076mW/8808mW VDD_SOC 6040mW/5877mW
08-04-2026 08:49:58 RAM 4045/7620MB (lfb 29x1MB) SWAP 2644/12002MB (cached 127MB) CPU [0%@1728,0%@1728,10%@1728,0%@1728,9%@1728,0%@1728] GR3D_FREQ 99% cpu@72.156C soc2@70.687C soc0@71.031C gpu@73.75C tj@73.75C soc1@71.531C VDD_IN 22235mW/21639mW VDD_CPU_GPU_CV 9076mW/8808mW VDD_SOC 6040mW/5877mW
08-04-2026 08:49:58 RAM 4045/7620MB (lfb 29x1MB) SWAP 2644/12002MB (cached 127MB) CPU [0%@1728,8%@1728,9%@1728,9%@1728,0%@1728,0%@1728] GR3D_FREQ 99% cpu@72.125C soc2@70.718C soc0@70.843C gpu@73.812C tj@73.812C soc1@71.343C VDD_IN 22155mW/21639mW VDD_CPU_GPU_CV 9036mW/8808mW VDD_SOC 6040mW/5877mW
08-04-2026 08:49:58 RAM 4046/7620MB (lfb 29x1MB) SWAP 2644/12002MB (cached 127MB) CPU [30%@1728,0%@1728,18%@1728,10%@1728,18%@1728,0%@1728] GR3D_FREQ 94% cpu@72.25C soc2@70.593C soc0@70.843C gpu@74.281C tj@74.281C soc1@71.468C VDD_IN 22235mW/21640mW VDD_CPU_GPU_CV 9076mW/8809mW VDD_SOC 6040mW/5877mW
08-04-2026 08:49:58 RAM 4046/7620MB (lfb 29x1MB) SWAP 2644/12002MB (cached 127MB) CPU [0%@1728,9%@1728,0%@1728,0%@1728,0%@1728,0%@1728] GR3D_FREQ 99% cpu@71.875C soc2@70.593C soc0@70.906C gpu@73.906C tj@73.906C soc1@71.437C VDD_IN 22275mW/21641mW VDD_CPU_GPU_CV 9076mW/8809mW VDD_SOC 6040mW/5877mW
08-04-2026 08:49:59 RAM 4046/7620MB (lfb 29x1MB) SWAP 2644/12002MB (cached 127MB) CPU [9%@1728,0%@1728,16%@1728,0%@1728,0%@1728,0%@1728] GR3D_FREQ 99% cpu@71.875C soc2@70.593C soc0@71.062C gpu@73.781C tj@73.781C soc1@71.531C VDD_IN 22235mW/21642mW VDD_CPU_GPU_CV 9036mW/8809mW VDD_SOC 6040mW/5878mW
08-04-2026 08:49:59 RAM 4046/7620MB (lfb 29x1MB) SWAP 2644/12002MB (cached 127MB) CPU [0%@1728,16%@1728,10%@1728,0%@1728,0%@1728,0%@1728] GR3D_FREQ 95% cpu@72.062C soc2@70.625C soc0@70.812C gpu@74.187C tj@74.187C soc1@71.312C VDD_IN 22235mW/21642mW VDD_CPU_GPU_CV 9036mW/8810mW VDD_SOC 6040mW/5878mW
08-04-2026 08:49:59 RAM 4046/7620MB (lfb 29x1MB) SWAP 2644/12002MB (cached 127MB) CPU [0%@1728,0%@1728,9%@1728,0%@1728,0%@1728,16%@1728] GR3D_FREQ 99% cpu@72.25C soc2@70.687C soc0@70.781C gpu@74.031C tj@74.031C soc1@71.281C VDD_IN 22275mW/21643mW VDD_CPU_GPU_CV 9036mW/8810mW VDD_SOC 6040mW/5878mW
08-04-2026 08:49:59 RAM 4047/7620MB (lfb 29x1MB) SWAP 2644/12002MB (cached 127MB) CPU [0%@1728,0%@1728,0%@1728,0%@1728,0%@1728,8%@1728] GR3D_FREQ 99% cpu@71.843C soc2@70.625C soc0@70.843C gpu@73.687C tj@73.687C soc1@71.375C VDD_IN 22235mW/21644mW VDD_CPU_GPU_CV 9036mW/8810mW VDD_SOC 6040mW/5878mW
08-04-2026 08:49:59 RAM 4047/7620MB (lfb 29x1MB) SWAP 2644/12002MB (cached 127MB) CPU [0%@1728,0%@1728,18%@1728,9%@1728,9%@1728,0%@1728] GR3D_FREQ 96% cpu@71.937C soc2@70.593C soc0@71C gpu@74.062C tj@74.062C soc1@71.5C VDD_IN 22275mW/21645mW VDD_CPU_GPU_CV 9036mW/8811mW VDD_SOC 6080mW/5878mW
08-04-2026 08:49:59 RAM 4047/7620MB (lfb 29x1MB) SWAP 2644/12002MB (cached 127MB) CPU [16%@1728,9%@1728,0%@1728,10%@1728,9%@1728,10%@1728] GR3D_FREQ 99% cpu@72C soc2@70.812C soc0@70.781C gpu@74.031C tj@74.031C soc1@71.343C VDD_IN 22195mW/21645mW VDD_CPU_GPU_CV 8996mW/8811mW VDD_SOC 6040mW/5879mW
08-04-2026 08:49:59 RAM 4047/7620MB (lfb 29x1MB) SWAP 2644/12002MB (cached 127MB) CPU [0%@1728,0%@1728,18%@1728,10%@1728,0%@1728,0%@1728] GR3D_FREQ 99% cpu@72.125C soc2@70.562C soc0@70.781C gpu@73.843C tj@73.843C soc1@71.312C VDD_IN 22235mW/21646mW VDD_CPU_GPU_CV 9036mW/8811mW VDD_SOC 6040mW/5879mW
08-04-2026 08:49:59 RAM 4047/7620MB (lfb 29x1MB) SWAP 2644/12002MB (cached 127MB) CPU [9%@1728,0%@1728,9%@1728,0%@1728,9%@1728,18%@1728] GR3D_FREQ 96% cpu@71.875C soc2@70.625C soc0@70.843C gpu@73.843C tj@73.843C soc1@71.406C VDD_IN 22155mW/21647mW VDD_CPU_GPU_CV 8996mW/8811mW VDD_SOC 6040mW/5879mW
08-04-2026 08:49:59 RAM 4046/7620MB (lfb 29x1MB) SWAP 2644/12002MB (cached 127MB) CPU [10%@1728,10%@1728,10%@1728,0%@1728,9%@1728,0%@1728] GR3D_FREQ 99% cpu@71.875C soc2@70.531C soc0@71.062C gpu@74C tj@74C soc1@71.5C VDD_IN 22235mW/21648mW VDD_CPU_GPU_CV 9036mW/8812mW VDD_SOC 6040mW/5879mW
08-04-2026 08:50:00 RAM 4046/7620MB (lfb 29x1MB) SWAP 2644/12002MB (cached 127MB) CPU [18%@1728,9%@1728,0%@1728,0%@1728,0%@1728,0%@1728] GR3D_FREQ 99% cpu@72C soc2@70.562C soc0@70.781C gpu@73.718C tj@73.718C soc1@71.281C VDD_IN 22195mW/21648mW VDD_CPU_GPU_CV 9036mW/8812mW VDD_SOC 6040mW/5879mW
08-04-2026 08:50:00 RAM 4046/7620MB (lfb 29x1MB) SWAP 2644/12002MB (cached 127MB) CPU [18%@1728,9%@1728,9%@1728,0%@1728,9%@1728,0%@1728] GR3D_FREQ 96% cpu@72.062C soc2@70.562C soc0@70.812C gpu@73.781C tj@73.781C soc1@71.375C VDD_IN 22195mW/21649mW VDD_CPU_GPU_CV 9036mW/8812mW VDD_SOC 6040mW/5880mW
08-04-2026 08:50:00 RAM 4046/7620MB (lfb 29x1MB) SWAP 2644/12002MB (cached 127MB) CPU [0%@1728,0%@1728,0%@1728,0%@1728,0%@1728,0%@1728] GR3D_FREQ 99% cpu@71.781C soc2@70.562C soc0@70.843C gpu@73.843C tj@73.843C soc1@71.406C VDD_IN 22195mW/21650mW VDD_CPU_GPU_CV 8996mW/8812mW VDD_SOC 6040mW/5880mW
08-04-2026 08:50:00 RAM 4046/7620MB (lfb 29x1MB) SWAP 2644/12002MB (cached 127MB) CPU [18%@1728,9%@1728,9%@1728,0%@1728,8%@1728,0%@1728] GR3D_FREQ 99% cpu@71.968C soc2@70.593C soc0@70.968C gpu@73.656C tj@73.656C soc1@71.5C VDD_IN 22195mW/21650mW VDD_CPU_GPU_CV 8996mW/8813mW VDD_SOC 6040mW/5880mW
08-04-2026 08:50:00 RAM 4047/7620MB (lfb 29x1MB) SWAP 2644/12002MB (cached 127MB) CPU [0%@1728,0%@1728,0%@1728,0%@1728,0%@1728,0%@1728] GR3D_FREQ 98% cpu@71.875C soc2@70.5C soc0@70.843C gpu@73.781C tj@73.781C soc1@71.281C VDD_IN 22235mW/21651mW VDD_CPU_GPU_CV 9036mW/8813mW VDD_SOC 6040mW/5880mW
08-04-2026 08:50:00 RAM 4047/7620MB (lfb 29x1MB) SWAP 2644/12002MB (cached 127MB) CPU [18%@1728,25%@1728,0%@1728,0%@1728,0%@1728,18%@1728] GR3D_FREQ 99% cpu@72.031C soc2@70.562C soc0@70.843C gpu@73.687C tj@73.687C soc1@71.312C VDD_IN 22195mW/21652mW VDD_CPU_GPU_CV 9036mW/8813mW VDD_SOC 6040mW/5880mW
08-04-2026 08:50:00 RAM 4047/7620MB (lfb 29x1MB) SWAP 2644/12002MB (cached 127MB) CPU [25%@1728,10%@1728,9%@1728,0%@1728,8%@1728,0%@1728] GR3D_FREQ 99% cpu@71.875C soc2@70.656C soc0@70.843C gpu@73.75C tj@73.75C soc1@71.5C VDD_IN 22195mW/21652mW VDD_CPU_GPU_CV 9036mW/8813mW VDD_SOC 6040mW/5881mW
08-04-2026 08:50:00 RAM 4047/7620MB (lfb 29x1MB) SWAP 2644/12002MB (cached 127MB) CPU [9%@1728,0%@1728,0%@1728,0%@1728,0%@1728,8%@1728] GR3D_FREQ 96% cpu@71.812C soc2@70.625C soc0@70.937C gpu@73.812C tj@73.812C soc1@71.531C VDD_IN 22155mW/21653mW VDD_CPU_GPU_CV 8996mW/8814mW VDD_SOC 6040mW/5881mW
08-04-2026 08:50:00 RAM 4046/7620MB (lfb 29x1MB) SWAP 2644/12002MB (cached 127MB) CPU [18%@1728,16%@1728,9%@1728,10%@1728,10%@1728,10%@1728] GR3D_FREQ 99% cpu@71.968C soc2@70.593C soc0@70.843C gpu@73.625C tj@73.625C soc1@71.281C VDD_IN 22275mW/21654mW VDD_CPU_GPU_CV 9076mW/8814mW VDD_SOC 6040mW/5881mW
08-04-2026 08:50:00 RAM 4045/7620MB (lfb 29x1MB) SWAP 2644/12002MB (cached 127MB) CPU [10%@1728,0%@1728,0%@1728,0%@1728,0%@1728,0%@1728] GR3D_FREQ 99% cpu@71.812C soc2@70.593C soc0@70.781C gpu@74.031C tj@74.031C soc1@71.375C VDD_IN 22235mW/21655mW VDD_CPU_GPU_CV 9076mW/8814mW VDD_SOC 6040mW/5881mW
08-04-2026 08:50:01 RAM 4045/7620MB (lfb 29x1MB) SWAP 2644/12002MB (cached 127MB) CPU [10%@1728,0%@1728,0%@1728,0%@1728,9%@1728,0%@1728] GR3D_FREQ 99% cpu@71.812C soc2@70.625C soc0@70.906C gpu@73.656C tj@73.656C soc1@71.375C VDD_IN 22235mW/21655mW VDD_CPU_GPU_CV 9036mW/8815mW VDD_SOC 6040mW/5881mW
08-04-2026 08:50:01 RAM 4045/7620MB (lfb 29x1MB) SWAP 2644/12002MB (cached 127MB) CPU [0%@1728,0%@1728,0%@1728,0%@1728,0%@1728,0%@1728] GR3D_FREQ 99% cpu@71.781C soc2@70.531C soc0@70.937C gpu@74.281C tj@74.281C soc1@71.187C VDD_IN 22235mW/21656mW VDD_CPU_GPU_CV 9076mW/8815mW VDD_SOC 6040mW/5882mW
08-04-2026 08:50:01 RAM 4045/7620MB (lfb 29x1MB) SWAP 2644/12002MB (cached 127MB) CPU [18%@1728,9%@1728,16%@1728,63%@1728,0%@1728,9%@1728] GR3D_FREQ 94% cpu@72C soc2@70.437C soc0@70.812C gpu@74C tj@74C soc1@71.218C VDD_IN 22315mW/21657mW VDD_CPU_GPU_CV 9076mW/8815mW VDD_SOC 6040mW/5882mW
08-04-2026 08:50:01 RAM 4045/7620MB (lfb 29x1MB) SWAP 2644/12002MB (cached 127MB) CPU [0%@1728,8%@1728,0%@1728,0%@1728,0%@1728,0%@1728] GR3D_FREQ 99% cpu@71.781C soc2@70.562C soc0@70.875C gpu@73.875C tj@73.875C soc1@71.281C VDD_IN 22315mW/21658mW VDD_CPU_GPU_CV 9076mW/8816mW VDD_SOC 6080mW/5882mW
08-04-2026 08:50:01 RAM 4045/7620MB (lfb 29x1MB) SWAP 2644/12002MB (cached 127MB) CPU [0%@1728,0%@1728,0%@1728,0%@1728,0%@1728,0%@1728] GR3D_FREQ 99% cpu@71.718C soc2@70.562C soc0@70.906C gpu@74.25C tj@74.25C soc1@71.343C VDD_IN 22275mW/21658mW VDD_CPU_GPU_CV 9076mW/8816mW VDD_SOC 6080mW/5882mW
08-04-2026 08:50:01 RAM 4045/7620MB (lfb 29x1MB) SWAP 2644/12002MB (cached 127MB) CPU [25%@1728,10%@1728,0%@1728,20%@1728,9%@1728,18%@1728] GR3D_FREQ 95% cpu@71.968C soc2@70.468C soc0@70.968C gpu@73.968C tj@73.968C soc1@71.531C VDD_IN 22195mW/21659mW VDD_CPU_GPU_CV 8996mW/8816mW VDD_SOC 6040mW/5883mW
08-04-2026 08:50:01 RAM 4049/7620MB (lfb 29x1MB) SWAP 2644/12002MB (cached 127MB) CPU [25%@1728,9%@1728,18%@1728,0%@1728,0%@1728,0%@1728] GR3D_FREQ 99% cpu@71.875C soc2@70.593C soc0@70.75C gpu@73.906C tj@73.906C soc1@71.281C VDD_IN 22275mW/21660mW VDD_CPU_GPU_CV 9036mW/8816mW VDD_SOC 6040mW/5883mW
08-04-2026 08:50:01 RAM 4044/7620MB (lfb 29x1MB) SWAP 2644/12002MB (cached 127MB) CPU [36%@1728,0%@1728,9%@1728,0%@1728,20%@1728,0%@1728] GR3D_FREQ 99% cpu@71.687C soc2@70.593C soc0@70.843C gpu@73.718C tj@73.718C soc1@71.312C VDD_IN 22275mW/21661mW VDD_CPU_GPU_CV 9036mW/8817mW VDD_SOC 6040mW/5883mW
08-04-2026 08:50:01 RAM 4043/7620MB (lfb 29x1MB) SWAP 2644/12002MB (cached 127MB) CPU [0%@1728,18%@1728,11%@1728,16%@1728,16%@1728,0%@1728] GR3D_FREQ 95% cpu@71.875C soc2@70.531C soc0@70.843C gpu@73.656C tj@73.656C soc1@71.406C VDD_IN 22275mW/21661mW VDD_CPU_GPU_CV 9076mW/8817mW VDD_SOC 6040mW/5883mW
08-04-2026 08:50:02 RAM 4043/7620MB (lfb 29x1MB) SWAP 2644/12002MB (cached 127MB) CPU [9%@1728,10%@1728,9%@1728,0%@1728,9%@1728,0%@1728] GR3D_FREQ 99% cpu@72.093C soc2@70.593C soc0@70.875C gpu@73.875C tj@73.875C soc1@71.281C VDD_IN 22275mW/21662mW VDD_CPU_GPU_CV 9076mW/8817mW VDD_SOC 6040mW/5883mW
08-04-2026 08:50:02 RAM 4043/7620MB (lfb 29x1MB) SWAP 2644/12002MB (cached 127MB) CPU [0%@1728,0%@1728,9%@1728,0%@1728,0%@1728,0%@1728] GR3D_FREQ 99% cpu@72.031C soc2@70.562C soc0@70.781C gpu@73.75C tj@73.75C soc1@71.218C VDD_IN 22275mW/21663mW VDD_CPU_GPU_CV 9076mW/8818mW VDD_SOC 6040mW/5883mW
08-04-2026 08:50:02 RAM 4043/7620MB (lfb 29x1MB) SWAP 2644/12002MB (cached 127MB) CPU [0%@1728,9%@1728,10%@1728,0%@1728,0%@1728,0%@1728] GR3D_FREQ 99% cpu@71.812C soc2@70.562C soc0@70.812C gpu@73.75C tj@73.75C soc1@71.312C VDD_IN 22315mW/21664mW VDD_CPU_GPU_CV 9076mW/8818mW VDD_SOC 6080mW/5884mW
08-04-2026 08:50:02 RAM 4043/7620MB (lfb 29x1MB) SWAP 2644/12002MB (cached 127MB) CPU [0%@1728,0%@1728,9%@1728,0%@1728,16%@1728,0%@1728] GR3D_FREQ 99% cpu@71.875C soc2@70.562C soc0@70.906C gpu@74.281C tj@74.281C soc1@71.406C VDD_IN 22315mW/21664mW VDD_CPU_GPU_CV 9076mW/8818mW VDD_SOC 6080mW/5884mW
08-04-2026 08:50:02 RAM 4043/7620MB (lfb 29x1MB) SWAP 2644/12002MB (cached 127MB) CPU [0%@1728,0%@1728,10%@1728,0%@1728,0%@1728,0%@1728] GR3D_FREQ 99% cpu@72.25C soc2@70.687C soc0@70.718C gpu@73.656C tj@73.656C soc1@71.218C VDD_IN 22275mW/21665mW VDD_CPU_GPU_CV 9036mW/8819mW VDD_SOC 6080mW/5884mW
08-04-2026 08:50:02 RAM 4043/7620MB (lfb 29x1MB) SWAP 2644/12002MB (cached 127MB) CPU [9%@1728,0%@1728,9%@1728,10%@1728,0%@1728,16%@1728] GR3D_FREQ 99% cpu@72.062C soc2@70.593C soc0@70.781C gpu@73.625C tj@73.625C soc1@71.218C VDD_IN 22235mW/21666mW VDD_CPU_GPU_CV 9036mW/8819mW VDD_SOC 6040mW/5884mW
08-04-2026 08:50:02 RAM 4043/7620MB (lfb 29x1MB) SWAP 2644/12002MB (cached 127MB) CPU [0%@1728,9%@1728,18%@1728,0%@1728,9%@1728,0%@1728] GR3D_FREQ 99% cpu@71.718C soc2@70.562C soc0@70.937C gpu@74.156C tj@74.156C soc1@71.375C VDD_IN 22235mW/21667mW VDD_CPU_GPU_CV 9036mW/8819mW VDD_SOC 6040mW/5885mW
08-04-2026 08:50:02 RAM 4043/7620MB (lfb 29x1MB) SWAP 2644/12002MB (cached 127MB) CPU [10%@1728,0%@1728,10%@1728,0%@1728,9%@1728,0%@1728] GR3D_FREQ 99% cpu@72.093C soc2@70.593C soc0@70.937C gpu@73.843C tj@73.843C soc1@71.468C VDD_IN 22155mW/21667mW VDD_CPU_GPU_CV 8996mW/8819mW VDD_SOC 6040mW/5885mW
08-04-2026 08:50:02 RAM 4044/7620MB (lfb 29x1MB) SWAP 2644/12002MB (cached 127MB) CPU [9%@1728,16%@1728,16%@1728,18%@1728,20%@1728,0%@1728] GR3D_FREQ 99% cpu@72.062C soc2@70.656C soc0@71C gpu@73.687C tj@73.687C soc1@71.312C VDD_IN 22275mW/21668mW VDD_CPU_GPU_CV 9036mW/8820mW VDD_SOC 6040mW/5885mW
08-04-2026 08:50:02 RAM 4044/7620MB (lfb 29x1MB) SWAP 2644/12002MB (cached 127MB) CPU [9%@1728,0%@1728,0%@1728,0%@1728,9%@1728,0%@1728] GR3D_FREQ 99% cpu@72C soc2@70.562C soc0@70.875C gpu@74.187C tj@74.187C soc1@71.375C VDD_IN 22235mW/21669mW VDD_CPU_GPU_CV 9036mW/8820mW VDD_SOC 6040mW/5885mW
08-04-2026 08:50:03 RAM 4044/7620MB (lfb 29x1MB) SWAP 2644/12002MB (cached 127MB) CPU [0%@1728,0%@1728,10%@1728,0%@1728,0%@1728,0%@1728] GR3D_FREQ 99% cpu@71.843C soc2@70.531C soc0@70.843C gpu@73.968C tj@73.968C soc1@71.406C VDD_IN 22235mW/21669mW VDD_CPU_GPU_CV 9036mW/8820mW VDD_SOC 6080mW/5885mW
08-04-2026 08:50:03 RAM 4044/7620MB (lfb 29x1MB) SWAP 2644/12002MB (cached 127MB) CPU [0%@1728,0%@1728,9%@1728,0%@1728,0%@1728,0%@1728] GR3D_FREQ 99% cpu@71.843C soc2@70.687C soc0@70.843C gpu@73.937C tj@73.937C soc1@71.468C VDD_IN 22235mW/21670mW VDD_CPU_GPU_CV 9036mW/8820mW VDD_SOC 6040mW/5886mW
08-04-2026 08:50:03 RAM 4044/7620MB (lfb 29x1MB) SWAP 2644/12002MB (cached 127MB) CPU [9%@1728,9%@1728,10%@1728,0%@1728,0%@1728,9%@1728] GR3D_FREQ 99% cpu@71.906C soc2@70.531C soc0@71C gpu@74.156C tj@74.156C soc1@71.281C VDD_IN 22235mW/21671mW VDD_CPU_GPU_CV 9036mW/8821mW VDD_SOC 6040mW/5886mW
08-04-2026 08:50:03 RAM 4044/7620MB (lfb 29x1MB) SWAP 2644/12002MB (cached 127MB) CPU [8%@1728,0%@1728,9%@1728,0%@1728,0%@1728,0%@1728] GR3D_FREQ 99% cpu@72.093C soc2@70.562C soc0@70.718C gpu@73.906C tj@73.906C soc1@71.281C VDD_IN 22235mW/21671mW VDD_CPU_GPU_CV 8996mW/8821mW VDD_SOC 6080mW/5886mW
08-04-2026 08:50:03 RAM 4045/7620MB (lfb 29x1MB) SWAP 2644/12002MB (cached 127MB) CPU [22%@1728,16%@1728,18%@1728,16%@1728,9%@1728,16%@1728] GR3D_FREQ 99% cpu@71.906C soc2@70.687C soc0@70.843C gpu@73.812C tj@73.812C soc1@71.5C VDD_IN 22315mW/21672mW VDD_CPU_GPU_CV 9076mW/8821mW VDD_SOC 6080mW/5886mW
08-04-2026 08:50:03 RAM 4045/7620MB (lfb 29x1MB) SWAP 2644/12002MB (cached 127MB) CPU [18%@1728,0%@1728,18%@1728,9%@1728,16%@1728,0%@1728] GR3D_FREQ 99% cpu@71.875C soc2@70.687C soc0@70.843C gpu@73.843C tj@73.843C soc1@71.437C VDD_IN 22195mW/21673mW VDD_CPU_GPU_CV 9036mW/8821mW VDD_SOC 6040mW/5886mW
08-04-2026 08:50:03 RAM 4045/7620MB (lfb 29x1MB) SWAP 2644/12002MB (cached 127MB) CPU [0%@1728,0%@1728,10%@1728,9%@1728,0%@1728,0%@1728] GR3D_FREQ 99% cpu@72.031C soc2@70.625C soc0@70.812C gpu@73.937C tj@73.937C soc1@71.218C VDD_IN 22235mW/21673mW VDD_CPU_GPU_CV 9036mW/8822mW VDD_SOC 6040mW/5887mW
08-04-2026 08:50:03 RAM 4045/7620MB (lfb 29x1MB) SWAP 2644/12002MB (cached 127MB) CPU [18%@1728,9%@1728,9%@1728,0%@1728,9%@1728,0%@1728] GR3D_FREQ 99% cpu@72C soc2@70.593C soc0@70.75C gpu@73.875C tj@73.875C soc1@71.343C VDD_IN 22235mW/21674mW VDD_CPU_GPU_CV 9036mW/8822mW VDD_SOC 6080mW/5887mW
08-04-2026 08:50:03 RAM 4046/7620MB (lfb 29x1MB) SWAP 2644/12002MB (cached 127MB) CPU [16%@1728,18%@1728,10%@1728,0%@1728,0%@1728,9%@1728] GR3D_FREQ 99% cpu@71.812C soc2@70.593C soc0@70.812C gpu@73.812C tj@73.812C soc1@71.343C VDD_IN 22235mW/21675mW VDD_CPU_GPU_CV 9076mW/8822mW VDD_SOC 6040mW/5887mW
08-04-2026 08:50:04 RAM 4046/7620MB (lfb 29x1MB) SWAP 2644/12002MB (cached 127MB) CPU [0%@1728,0%@1728,10%@1728,0%@1728,0%@1728,16%@1728] GR3D_FREQ 96% cpu@71.812C soc2@70.656C soc0@70.875C gpu@73.937C tj@73.937C soc1@71.531C VDD_IN 22275mW/21675mW VDD_CPU_GPU_CV 9076mW/8823mW VDD_SOC 6080mW/5887mW
08-04-2026 08:50:04 RAM 4046/7620MB (lfb 29x1MB) SWAP 2644/12002MB (cached 127MB) CPU [0%@1728,0%@1728,9%@1728,0%@1728,0%@1728,0%@1728] GR3D_FREQ 99% cpu@71.812C soc2@70.687C soc0@70.781C gpu@73.906C tj@73.906C soc1@71.281C VDD_IN 22275mW/21676mW VDD_CPU_GPU_CV 9076mW/8823mW VDD_SOC 6080mW/5887mW
08-04-2026 08:50:04 RAM 4046/7620MB (lfb 29x1MB) SWAP 2644/12002MB (cached 127MB) CPU [0%@1728,9%@1728,0%@1728,9%@1728,0%@1728,0%@1728] GR3D_FREQ 99% cpu@71.968C soc2@70.468C soc0@70.843C gpu@73.75C tj@73.75C soc1@71.281C VDD_IN 22275mW/21677mW VDD_CPU_GPU_CV 9076mW/8823mW VDD_SOC 6080mW/5888mW
08-04-2026 08:50:04 RAM 4046/7620MB (lfb 29x1MB) SWAP 2644/12002MB (cached 127MB) CPU [0%@1728,0%@1728,18%@1728,9%@1728,16%@1728,9%@1728] GR3D_FREQ 96% cpu@71.875C soc2@70.562C soc0@70.843C gpu@73.718C tj@73.718C soc1@71.406C VDD_IN 22275mW/21678mW VDD_CPU_GPU_CV 9036mW/8823mW VDD_SOC 6080mW/5888mW
08-04-2026 08:50:04 RAM 4047/7620MB (lfb 29x1MB) SWAP 2644/12002MB (cached 127MB) CPU [0%@1728,0%@1728,10%@1728,0%@1728,0%@1728,0%@1728] GR3D_FREQ 99% cpu@71.843C soc2@70.656C soc0@70.937C gpu@74.25C tj@74.25C soc1@71.468C VDD_IN 22275mW/21678mW VDD_CPU_GPU_CV 9076mW/8824mW VDD_SOC 6080mW/5888mW
08-04-2026 08:50:04 RAM 4047/7620MB (lfb 29x1MB) SWAP 2644/12002MB (cached 127MB) CPU [27%@1728,0%@1728,25%@1728,0%@1728,0%@1728,16%@1728] GR3D_FREQ 99% cpu@72.156C soc2@70.687C soc0@70.812C gpu@73.593C tj@73.593C soc1@71.312C VDD_IN 22235mW/21679mW VDD_CPU_GPU_CV 9036mW/8824mW VDD_SOC 6040mW/5888mW
08-04-2026 08:50:04 RAM 4047/7620MB (lfb 29x1MB) SWAP 2644/12002MB (cached 127MB) CPU [18%@1728,9%@1728,0%@1728,0%@1728,0%@1728,0%@1728] GR3D_FREQ 96% cpu@71.875C soc2@70.562C soc0@70.781C gpu@73.687C tj@73.687C soc1@71.375C VDD_IN 22235mW/21680mW VDD_CPU_GPU_CV 9036mW/8824mW VDD_SOC 6080mW/5889mW
08-04-2026 08:50:04 RAM 4047/7620MB (lfb 29x1MB) SWAP 2644/12002MB (cached 127MB) CPU [9%@1728,0%@1728,0%@1728,9%@1728,9%@1728,0%@1728] GR3D_FREQ 99% cpu@71.812C soc2@70.562C soc0@70.843C gpu@74.218C tj@74.218C soc1@71.437C VDD_IN 22195mW/21680mW VDD_CPU_GPU_CV 9036mW/8824mW VDD_SOC 6040mW/5889mW
08-04-2026 08:50:04 RAM 4052/7620MB (lfb 29x1MB) SWAP 2644/12002MB (cached 127MB) CPU [33%@1728,40%@1728,18%@1728,20%@1728,0%@1728,10%@1728] GR3D_FREQ 99% cpu@72.062C soc2@70.593C soc0@70.968C gpu@73.812C tj@73.812C soc1@71.625C VDD_IN 22235mW/21681mW VDD_CPU_GPU_CV 9076mW/8825mW VDD_SOC 6040mW/5889mW
08-04-2026 08:50:04 RAM 4045/7620MB (lfb 29x1MB) SWAP 2644/12002MB (cached 127MB) CPU [0%@1728,0%@1728,10%@1728,0%@1728,0%@1728,0%@1728] GR3D_FREQ 99% cpu@72.312C soc2@70.593C soc0@70.937C gpu@73.656C tj@73.656C soc1@71.281C VDD_IN 22235mW/21682mW VDD_CPU_GPU_CV 9076mW/8825mW VDD_SOC 6040mW/5889mW
08-04-2026 08:50:05 RAM 4045/7620MB (lfb 29x1MB) SWAP 2644/12002MB (cached 127MB) CPU [9%@1728,0%@1728,0%@1728,0%@1728,9%@1728,9%@1728] GR3D_FREQ 99% cpu@71.812C soc2@70.5C soc0@70.875C gpu@74.125C tj@74.125C soc1@71.406C VDD_IN 22235mW/21682mW VDD_CPU_GPU_CV 9036mW/8825mW VDD_SOC 6040mW/5889mW
08-04-2026 08:50:05 RAM 4044/7620MB (lfb 29x1MB) SWAP 2644/12002MB (cached 127MB) CPU [0%@1728,0%@1728,18%@1728,0%@1728,0%@1728,0%@1728] GR3D_FREQ 96% cpu@71.968C soc2@70.562C soc0@70.875C gpu@73.843C tj@73.843C soc1@71.531C VDD_IN 22235mW/21683mW VDD_CPU_GPU_CV 9036mW/8826mW VDD_SOC 6040mW/5889mW
08-04-2026 08:50:05 RAM 4045/7620MB (lfb 29x1MB) SWAP 2644/12002MB (cached 127MB) CPU [0%@1728,0%@1728,16%@1728,9%@1728,0%@1728,0%@1728] GR3D_FREQ 99% cpu@71.968C soc2@70.687C soc0@71C gpu@73.937C tj@73.937C soc1@71.531C VDD_IN 22235mW/21684mW VDD_CPU_GPU_CV 9036mW/8826mW VDD_SOC 6040mW/5890mW
08-04-2026 08:50:05 RAM 4045/7620MB (lfb 29x1MB) SWAP 2644/12002MB (cached 127MB) CPU [9%@1728,0%@1728,10%@1728,0%@1728,9%@1728,0%@1728] GR3D_FREQ 99% cpu@72.187C soc2@70.531C soc0@70.781C gpu@74.093C tj@74.093C soc1@71.281C VDD_IN 22235mW/21684mW VDD_CPU_GPU_CV 9036mW/8826mW VDD_SOC 6040mW/5890mW
08-04-2026 08:50:05 RAM 4045/7620MB (lfb 29x1MB) SWAP 2644/12002MB (cached 127MB) CPU [0%@1728,9%@1728,9%@1728,9%@1728,0%@1728,16%@1728] GR3D_FREQ 97% cpu@71.843C soc2@70.625C soc0@70.812C gpu@73.968C tj@73.968C soc1@71.343C VDD_IN 22275mW/21685mW VDD_CPU_GPU_CV 9036mW/8826mW VDD_SOC 6040mW/5890mW
08-04-2026 08:50:05 RAM 4045/7620MB (lfb 29x1MB) SWAP 2644/12002MB (cached 127MB) CPU [9%@1728,9%@1728,11%@1728,0%@1728,0%@1728,9%@1728] GR3D_FREQ 99% cpu@71.843C soc2@70.625C soc0@70.875C gpu@73.843C tj@73.843C soc1@71.5C VDD_IN 22155mW/21685mW VDD_CPU_GPU_CV 8996mW/8826mW VDD_SOC 6040mW/5890mW
08-04-2026 08:50:05 RAM 4045/7620MB (lfb 29x1MB) SWAP 2644/12002MB (cached 127MB) CPU [0%@1728,9%@1728,9%@1728,0%@1728,0%@1728,0%@1728] GR3D_FREQ 99% cpu@71.968C soc2@70.625C soc0@71.093C gpu@73.781C tj@73.781C soc1@71.281C VDD_IN 22155mW/21686mW VDD_CPU_GPU_CV 8996mW/8827mW VDD_SOC 6040mW/5890mW
08-04-2026 08:50:05 RAM 4045/7620MB (lfb 29x1MB) SWAP 2644/12002MB (cached 127MB) CPU [11%@1728,9%@1728,18%@1728,9%@1728,0%@1728,0%@1728] GR3D_FREQ 95% cpu@72.281C soc2@70.625C soc0@70.781C gpu@73.875C tj@73.875C soc1@71.25C VDD_IN 22195mW/21687mW VDD_CPU_GPU_CV 8996mW/8827mW VDD_SOC 6040mW/5891mW
08-04-2026 08:50:05 RAM 4046/7620MB (lfb 29x1MB) SWAP 2644/12002MB (cached 127MB) CPU [10%@1728,9%@1728,18%@1728,0%@1728,0%@1728,9%@1728] GR3D_FREQ 99% cpu@72.25C soc2@70.593C soc0@70.875C gpu@73.906C tj@73.906C soc1@71.375C VDD_IN 22195mW/21687mW VDD_CPU_GPU_CV 9036mW/8827mW VDD_SOC 6040mW/5891mW
08-04-2026 08:50:06 RAM 4046/7620MB (lfb 29x1MB) SWAP 2644/12002MB (cached 127MB) CPU [16%@1728,9%@1728,0%@1728,0%@1728,0%@1728,0%@1728] GR3D_FREQ 99% cpu@71.875C soc2@70.625C soc0@70.937C gpu@73.75C tj@73.75C soc1@71.437C VDD_IN 22195mW/21688mW VDD_CPU_GPU_CV 9036mW/8827mW VDD_SOC 6040mW/5891mW
08-04-2026 08:50:06 RAM 4046/7620MB (lfb 29x1MB) SWAP 2644/12002MB (cached 127MB) CPU [0%@1728,0%@1728,18%@1728,8%@1728,0%@1728,0%@1728] GR3D_FREQ 96% cpu@72.031C soc2@70.625C soc0@70.968C gpu@73.937C tj@73.718C soc1@71.593C VDD_IN 22195mW/21688mW VDD_CPU_GPU_CV 8996mW/8828mW VDD_SOC 6040mW/5891mW
08-04-2026 08:50:06 RAM 4046/7620MB (lfb 29x1MB) SWAP 2644/12002MB (cached 127MB) CPU [0%@1728,0%@1728,0%@1728,0%@1728,0%@1728,9%@1728] GR3D_FREQ 99% cpu@72.156C soc2@70.531C soc0@70.781C gpu@73.843C tj@73.843C soc1@71.281C VDD_IN 22235mW/21689mW VDD_CPU_GPU_CV 9036mW/8828mW VDD_SOC 6080mW/5891mW
08-04-2026 08:50:06 RAM 4046/7620MB (lfb 29x1MB) SWAP 2644/12002MB (cached 127MB) CPU [0%@1728,0%@1728,9%@1728,0%@1728,0%@1728,0%@1728] GR3D_FREQ 99% cpu@72.062C soc2@70.593C soc0@70.812C gpu@73.843C tj@73.843C soc1@71.375C VDD_IN 22235mW/21690mW VDD_CPU_GPU_CV 9036mW/8828mW VDD_SOC 6040mW/5891mW
08-04-2026 08:50:06 RAM 4046/7620MB (lfb 29x1MB) SWAP 2644/12002MB (cached 127MB) CPU [8%@1728,0%@1728,10%@1728,0%@1728,0%@1728,8%@1728] GR3D_FREQ 97% cpu@71.843C soc2@70.562C soc0@70.875C gpu@73.75C tj@73.75C soc1@71.375C VDD_IN 22235mW/21690mW VDD_CPU_GPU_CV 9036mW/8828mW VDD_SOC 6080mW/5892mW
08-04-2026 08:50:06 RAM 4046/7620MB (lfb 29x1MB) SWAP 2644/12002MB (cached 127MB) CPU [0%@1728,20%@1728,9%@1728,16%@1728,9%@1728,0%@1728] GR3D_FREQ 99% cpu@72C soc2@70.687C soc0@71C gpu@74.062C tj@74.062C soc1@71.281C VDD_IN 22195mW/21691mW VDD_CPU_GPU_CV 9036mW/8829mW VDD_SOC 6040mW/5892mW
08-04-2026 08:50:06 RAM 4046/7620MB (lfb 29x1MB) SWAP 2644/12002MB (cached 127MB) CPU [0%@1728,9%@1728,10%@1728,9%@1728,0%@1728,9%@1728] GR3D_FREQ 99% cpu@72C soc2@70.531C soc0@70.843C gpu@73.718C tj@73.718C soc1@71.281C VDD_IN 22195mW/21691mW VDD_CPU_GPU_CV 9036mW/8829mW VDD_SOC 6040mW/5892mW
08-04-2026 08:50:06 RAM 4046/7620MB (lfb 29x1MB) SWAP 2644/12002MB (cached 127MB) CPU [9%@1728,8%@1728,18%@1728,0%@1728,0%@1728,9%@1728] GR3D_FREQ 96% cpu@71.812C soc2@70.531C soc0@70.843C gpu@74.187C tj@74.187C soc1@71.343C VDD_IN 22155mW/21692mW VDD_CPU_GPU_CV 8996mW/8829mW VDD_SOC 6040mW/5892mW
08-04-2026 08:50:06 RAM 4048/7620MB (lfb 29x1MB) SWAP 2644/12002MB (cached 127MB) CPU [18%@1728,20%@1728,18%@1728,9%@1728,9%@1728,0%@1728] GR3D_FREQ 99% cpu@72.125C soc2@70.625C soc0@70.906C gpu@74.031C tj@74.031C soc1@71.5C VDD_IN 22195mW/21693mW VDD_CPU_GPU_CV 9036mW/8829mW VDD_SOC 6040mW/5892mW
08-04-2026 08:50:06 RAM 4048/7620MB (lfb 29x1MB) SWAP 2644/12002MB (cached 127MB) CPU [0%@1728,16%@1728,10%@1728,0%@1728,0%@1728,0%@1728] GR3D_FREQ 99% cpu@71.843C soc2@70.625C soc0@70.812C gpu@73.906C tj@73.906C soc1@71.312C VDD_IN 22155mW/21693mW VDD_CPU_GPU_CV 9036mW/8829mW VDD_SOC 6040mW/5893mW
08-04-2026 08:50:07 RAM 4048/7620MB (lfb 29x1MB) SWAP 2644/12002MB (cached 127MB) CPU [0%@1728,0%@1728,18%@1728,0%@1728,0%@1728,0%@1728] GR3D_FREQ 96% cpu@71.875C soc2@70.531C soc0@70.812C gpu@74.125C tj@74.125C soc1@71.343C VDD_IN 22235mW/21694mW VDD_CPU_GPU_CV 9036mW/8830mW VDD_SOC 6080mW/5893mW
08-04-2026 08:50:07 RAM 4048/7620MB (lfb 29x1MB) SWAP 2644/12002MB (cached 127MB) CPU [0%@1728,0%@1728,0%@1728,0%@1728,0%@1728,9%@1728] GR3D_FREQ 99% cpu@71.812C soc2@70.531C soc0@70.812C gpu@74.093C tj@74.093C soc1@71.437C VDD_IN 22195mW/21694mW VDD_CPU_GPU_CV 9036mW/8830mW VDD_SOC 6040mW/5893mW
08-04-2026 08:50:07 RAM 4048/7620MB (lfb 29x1MB) SWAP 2644/12002MB (cached 127MB) CPU [0%@1728,9%@1728,18%@1728,0%@1728,9%@1728,0%@1728] GR3D_FREQ 99% cpu@71.875C soc2@70.656C soc0@70.875C gpu@73.843C tj@73.843C soc1@71.5C VDD_IN 22195mW/21695mW VDD_CPU_GPU_CV 9036mW/8830mW VDD_SOC 6080mW/5893mW
08-04-2026 08:50:07 RAM 4048/7620MB (lfb 29x1MB) SWAP 2644/12002MB (cached 127MB) CPU [0%@1728,0%@1728,0%@1728,0%@1728,0%@1728,9%@1728] GR3D_FREQ 96% cpu@71.968C soc2@70.625C soc0@71.093C gpu@73.843C tj@73.843C soc1@71.25C VDD_IN 22235mW/21696mW VDD_CPU_GPU_CV 9036mW/8830mW VDD_SOC 6080mW/5893mW
08-04-2026 08:50:07 RAM 4048/7620MB (lfb 29x1MB) SWAP 2644/12002MB (cached 127MB) CPU [9%@1728,9%@1728,9%@1728,8%@1728,0%@1728,0%@1728] GR3D_FREQ 99% cpu@71.843C soc2@70.593C soc0@70.875C gpu@73.906C tj@73.906C soc1@71.312C VDD_IN 22235mW/21696mW VDD_CPU_GPU_CV 9036mW/8831mW VDD_SOC 6080mW/5894mW
08-04-2026 08:50:07 RAM 4048/7620MB (lfb 29x1MB) SWAP 2644/12002MB (cached 127MB) CPU [0%@1728,9%@1728,20%@1728,0%@1728,0%@1728,0%@1728] GR3D_FREQ 99% cpu@72C soc2@70.593C soc0@70.843C gpu@73.781C tj@73.781C soc1@71.437C VDD_IN 22155mW/21697mW VDD_CPU_GPU_CV 8996mW/8831mW VDD_SOC 6040mW/5894mW
08-04-2026 08:50:07 RAM 4048/7620MB (lfb 29x1MB) SWAP 2644/12002MB (cached 127MB) CPU [9%@1728,0%@1728,9%@1728,9%@1728,0%@1728,0%@1728] GR3D_FREQ 96% cpu@71.937C soc2@70.687C soc0@70.937C gpu@73.875C tj@73.875C soc1@71.562C VDD_IN 22195mW/21697mW VDD_CPU_GPU_CV 8996mW/8831mW VDD_SOC 6040mW/5894mW
08-04-2026 08:50:07 RAM 4048/7620MB (lfb 29x1MB) SWAP 2644/12002MB (cached 127MB) CPU [9%@1728,30%@1728,16%@1728,0%@1728,16%@1728,9%@1728] GR3D_FREQ 99% cpu@72.187C soc2@70.531C soc0@70.843C gpu@73.75C tj@73.75C soc1@71.312C VDD_IN 22155mW/21698mW VDD_CPU_GPU_CV 8996mW/8831mW VDD_SOC 6040mW/5894mW
08-04-2026 08:50:07 RAM 4047/7620MB (lfb 29x1MB) SWAP 2644/12002MB (cached 127MB) CPU [10%@1728,0%@1728,20%@1728,20%@1728,9%@1728,9%@1728] GR3D_FREQ 99% cpu@71.843C soc2@70.656C soc0@70.843C gpu@74.156C tj@74.156C soc1@71.375C VDD_IN 22195mW/21698mW VDD_CPU_GPU_CV 9036mW/8831mW VDD_SOC 6040mW/5894mW
08-04-2026 08:50:08 RAM 4046/7620MB (lfb 29x1MB) SWAP 2644/12002MB (cached 127MB) CPU [18%@1728,27%@1728,18%@1728,9%@1728,9%@1728,0%@1728] GR3D_FREQ 95% cpu@71.875C soc2@70.625C soc0@70.843C gpu@73.937C tj@73.937C soc1@71.343C VDD_IN 22275mW/21699mW VDD_CPU_GPU_CV 9076mW/8832mW VDD_SOC 6040mW/5894mW
08-04-2026 08:50:08 RAM 4046/7620MB (lfb 29x1MB) SWAP 2644/12002MB (cached 127MB) CPU [0%@1728,0%@1728,9%@1728,9%@1728,0%@1728,16%@1728] GR3D_FREQ 99% cpu@71.906C soc2@70.625C soc0@70.968C gpu@73.843C tj@73.843C soc1@71.562C VDD_IN 22275mW/21700mW VDD_CPU_GPU_CV 9076mW/8832mW VDD_SOC 6040mW/5895mW
08-04-2026 08:50:08 RAM 4046/7620MB (lfb 29x1MB) SWAP 2644/12002MB (cached 127MB) CPU [0%@1728,0%@1728,10%@1728,0%@1728,0%@1728,9%@1728] GR3D_FREQ 99% cpu@72.093C soc2@70.531C soc0@70.906C gpu@74.187C tj@74.187C soc1@71.312C VDD_IN 22275mW/21700mW VDD_CPU_GPU_CV 9036mW/8832mW VDD_SOC 6080mW/5895mW
08-04-2026 08:50:08 RAM 4046/7620MB (lfb 29x1MB) SWAP 2644/12002MB (cached 127MB) CPU [20%@1728,0%@1728,9%@1728,0%@1728,18%@1728,10%@1728] GR3D_FREQ 99% cpu@71.812C soc2@70.531C soc0@70.843C gpu@74C tj@74C soc1@71.312C VDD_IN 22275mW/21701mW VDD_CPU_GPU_CV 9036mW/8832mW VDD_SOC 6080mW/5895mW
08-04-2026 08:50:08 RAM 4047/7620MB (lfb 29x1MB) SWAP 2644/12002MB (cached 127MB) CPU [9%@1728,27%@1728,10%@1728,9%@1728,0%@1728,9%@1728] GR3D_FREQ 99% cpu@71.875C soc2@70.656C soc0@70.937C gpu@73.875C tj@73.875C soc1@71.343C VDD_IN 22315mW/21702mW VDD_CPU_GPU_CV 9076mW/8833mW VDD_SOC 6040mW/5895mW
08-04-2026 08:50:08 RAM 4047/7620MB (lfb 29x1MB) SWAP 2644/12002MB (cached 127MB) CPU [10%@1728,10%@1728,10%@1728,0%@1728,0%@1728,0%@1728] GR3D_FREQ 95% cpu@72C soc2@70.656C soc0@71.062C gpu@74.062C tj@74.062C soc1@71.562C VDD_IN 22235mW/21702mW VDD_CPU_GPU_CV 8996mW/8833mW VDD_SOC 6040mW/5895mW
08-04-2026 08:50:08 RAM 4047/7620MB (lfb 29x1MB) SWAP 2644/12002MB (cached 127MB) CPU [0%@1728,0%@1728,9%@1728,8%@1728,0%@1728,9%@1728] GR3D_FREQ 99% cpu@72.187C soc2@70.5C soc0@71.062C gpu@74.031C tj@74.031C soc1@71.312C VDD_IN 22235mW/21703mW VDD_CPU_GPU_CV 9036mW/8833mW VDD_SOC 6040mW/5896mW
08-04-2026 08:50:08 RAM 4047/7620MB (lfb 29x1MB) SWAP 2644/12002MB (cached 127MB) CPU [0%@1728,9%@1728,0%@1728,0%@1728,0%@1728,0%@1728] GR3D_FREQ 99% cpu@71.781C soc2@70.531C soc0@70.843C gpu@73.812C tj@73.812C soc1@71.375C VDD_IN 22195mW/21703mW VDD_CPU_GPU_CV 8996mW/8833mW VDD_SOC 6040mW/5896mW
08-04-2026 08:50:08 RAM 4048/7620MB (lfb 29x1MB) SWAP 2644/12002MB (cached 127MB) CPU [20%@1728,10%@1728,18%@1728,27%@1728,9%@1728,0%@1728] GR3D_FREQ 95% cpu@71.906C soc2@70.593C soc0@70.906C gpu@74.093C tj@74.093C soc1@71.437C VDD_IN 22235mW/21704mW VDD_CPU_GPU_CV 9036mW/8834mW VDD_SOC 6040mW/5896mW
08-04-2026 08:50:08 RAM 4048/7620MB (lfb 29x1MB) SWAP 2644/12002MB (cached 127MB) CPU [0%@1728,0%@1728,9%@1728,0%@1728,16%@1728,0%@1728] GR3D_FREQ 99% cpu@72.031C soc2@70.625C soc0@70.968C gpu@74.031C tj@74.031C soc1@71.468C VDD_IN 22275mW/21705mW VDD_CPU_GPU_CV 9076mW/8834mW VDD_SOC 6080mW/5896mW
08-04-2026 08:50:09 RAM 4048/7620MB (lfb 29x1MB) SWAP 2644/12002MB (cached 127MB) CPU [0%@1728,0%@1728,0%@1728,0%@1728,0%@1728,0%@1728] GR3D_FREQ 99% cpu@72.125C soc2@70.562C soc0@70.843C gpu@73.875C tj@73.875C soc1@71.312C VDD_IN 22235mW/21705mW VDD_CPU_GPU_CV 9036mW/8834mW VDD_SOC 6040mW/5896mW
08-04-2026 08:50:09 RAM 4048/7620MB (lfb 29x1MB) SWAP 2644/12002MB (cached 127MB) CPU [0%@1728,8%@1728,30%@1728,0%@1728,9%@1728,0%@1728] GR3D_FREQ 95% cpu@72.218C soc2@70.593C soc0@70.875C gpu@74.218C tj@73.781C soc1@71.375C VDD_IN 22275mW/21706mW VDD_CPU_GPU_CV 9036mW/8834mW VDD_SOC 6080mW/5896mW
08-04-2026 08:50:09 RAM 4048/7620MB (lfb 29x1MB) SWAP 2644/12002MB (cached 127MB) CPU [9%@1728,9%@1728,0%@1728,0%@1728,9%@1728,0%@1728] GR3D_FREQ 99% cpu@71.906C soc2@70.593C soc0@70.968C gpu@74C tj@74C soc1@71.5C VDD_IN 22275mW/21707mW VDD_CPU_GPU_CV 9036mW/8835mW VDD_SOC 6080mW/5897mW
08-04-2026 08:50:09 RAM 4048/7620MB (lfb 29x1MB) SWAP 2644/12002MB (cached 127MB) CPU [0%@1728,0%@1728,10%@1728,0%@1728,0%@1728,9%@1728] GR3D_FREQ 99% cpu@72.093C soc2@70.718C soc0@70.968C gpu@73.937C tj@73.937C soc1@71.593C VDD_IN 22275mW/21707mW VDD_CPU_GPU_CV 9036mW/8835mW VDD_SOC 6080mW/5897mW
08-04-2026 08:50:09 RAM 4048/7620MB (lfb 29x1MB) SWAP 2644/12002MB (cached 127MB) CPU [0%@1728,0%@1728,10%@1728,9%@1728,18%@1728,0%@1728] GR3D_FREQ 99% cpu@72.156C soc2@70.531C soc0@70.843C gpu@73.906C tj@73.906C soc1@71.312C VDD_IN 22315mW/21708mW VDD_CPU_GPU_CV 9036mW/8835mW VDD_SOC 6080mW/5897mW
08-04-2026 08:50:09 RAM 4048/7620MB (lfb 29x1MB) SWAP 2644/12002MB (cached 127MB) CPU [9%@1728,25%@1728,9%@1728,10%@1728,0%@1728,0%@1728] GR3D_FREQ 99% cpu@72.156C soc2@70.656C soc0@70.937C gpu@74.062C tj@74.062C soc1@71.406C VDD_IN 22235mW/21709mW VDD_CPU_GPU_CV 8996mW/8835mW VDD_SOC 6040mW/5897mW
08-04-2026 08:50:09 RAM 4048/7620MB (lfb 29x1MB) SWAP 2644/12002MB (cached 127MB) CPU [9%@1728,0%@1728,10%@1728,0%@1728,0%@1728,0%@1728] GR3D_FREQ 99% cpu@71.875C soc2@70.687C soc0@70.937C gpu@73.875C tj@73.875C soc1@71.5C VDD_IN 22235mW/21709mW VDD_CPU_GPU_CV 8996mW/8835mW VDD_SOC 6040mW/5897mW
08-04-2026 08:50:09 RAM 4048/7620MB (lfb 29x1MB) SWAP 2644/12002MB (cached 127MB) CPU [0%@1728,9%@1728,10%@1728,10%@1728,0%@1728,9%@1728] GR3D_FREQ 99% cpu@72.093C soc2@70.687C soc0@71.125C gpu@73.843C tj@73.843C soc1@71.593C VDD_IN 22275mW/21710mW VDD_CPU_GPU_CV 9036mW/8836mW VDD_SOC 6080mW/5898mW
08-04-2026 08:50:09 RAM 4046/7620MB (lfb 29x1MB) SWAP 2644/12002MB (cached 127MB) CPU [18%@1728,0%@1728,9%@1728,18%@1728,9%@1728,9%@1728] GR3D_FREQ 99% cpu@72.093C soc2@70.625C soc0@70.843C gpu@73.843C tj@73.843C soc1@71.343C VDD_IN 22275mW/21710mW VDD_CPU_GPU_CV 9076mW/8836mW VDD_SOC 6040mW/5898mW
08-04-2026 08:50:10 RAM 4047/7620MB (lfb 29x1MB) SWAP 2644/12002MB (cached 127MB) CPU [9%@1728,0%@1728,18%@1728,0%@1728,0%@1728,9%@1728] GR3D_FREQ 99% cpu@72.281C soc2@70.593C soc0@70.906C gpu@73.875C tj@73.875C soc1@71.437C VDD_IN 22315mW/21711mW VDD_CPU_GPU_CV 9036mW/8836mW VDD_SOC 6080mW/5898mW
08-04-2026 08:50:10 RAM 4047/7620MB (lfb 29x1MB) SWAP 2644/12002MB (cached 127MB) CPU [10%@1728,0%@1728,0%@1728,0%@1728,0%@1728,0%@1728] GR3D_FREQ 99% cpu@71.875C soc2@70.687C soc0@70.968C gpu@73.812C tj@73.812C soc1@71.468C VDD_IN 22315mW/21712mW VDD_CPU_GPU_CV 9036mW/8836mW VDD_SOC 6080mW/5898mW
08-04-2026 08:50:10 RAM 4047/7620MB (lfb 29x1MB) SWAP 2644/12002MB (cached 127MB) CPU [0%@1728,0%@1728,9%@1728,0%@1728,0%@1728,0%@1728] GR3D_FREQ 99% cpu@71.937C soc2@70.656C soc0@71.031C gpu@73.781C tj@73.781C soc1@71.625C VDD_IN 22235mW/21712mW VDD_CPU_GPU_CV 9036mW/8837mW VDD_SOC 6040mW/5898mW
08-04-2026 08:50:10 RAM 4047/7620MB (lfb 29x1MB) SWAP 2644/12002MB (cached 127MB) CPU [9%@1728,9%@1728,18%@1728,0%@1728,9%@1728,9%@1728] GR3D_FREQ 99% cpu@72.156C soc2@70.593C soc0@70.906C gpu@74.125C tj@74.125C soc1@71.375C VDD_IN 22275mW/21713mW VDD_CPU_GPU_CV 9036mW/8837mW VDD_SOC 6080mW/5899mW
08-04-2026 08:50:10 RAM 4047/7620MB (lfb 29x1MB) SWAP 2644/12002MB (cached 127MB) CPU [0%@1728,0%@1728,0%@1728,9%@1728,0%@1728,0%@1728] GR3D_FREQ 99% cpu@72.031C soc2@70.656C soc0@70.937C gpu@73.906C tj@73.906C soc1@71.437C VDD_IN 22275mW/21714mW VDD_CPU_GPU_CV 9036mW/8837mW VDD_SOC 6080mW/5899mW
08-04-2026 08:50:10 RAM 4047/7620MB (lfb 29x1MB) SWAP 2644/12002MB (cached 127MB) CPU [10%@1728,0%@1728,27%@1728,0%@1728,9%@1728,0%@1728] GR3D_FREQ 99% cpu@71.906C soc2@70.593C soc0@70.968C gpu@73.843C tj@73.843C soc1@71.468C VDD_IN 22235mW/21714mW VDD_CPU_GPU_CV 9036mW/8837mW VDD_SOC 6040mW/5899mW
08-04-2026 08:50:10 RAM 4047/7620MB (lfb 29x1MB) SWAP 2644/12002MB (cached 127MB) CPU [0%@1728,0%@1728,10%@1728,9%@1728,9%@1728,9%@1728] GR3D_FREQ 99% cpu@72.156C soc2@70.718C soc0@71.062C gpu@74.062C tj@74.062C soc1@71.562C VDD_IN 22235mW/21715mW VDD_CPU_GPU_CV 9036mW/8837mW VDD_SOC 6040mW/5899mW
08-04-2026 08:50:10 RAM 4047/7620MB (lfb 29x1MB) SWAP 2644/12002MB (cached 127MB) CPU [9%@1728,8%@1728,9%@1728,0%@1728,0%@1728,0%@1728] GR3D_FREQ 99% cpu@72.031C soc2@70.593C soc0@70.843C gpu@74.031C tj@74.031C soc1@71.343C VDD_IN 22195mW/21715mW VDD_CPU_GPU_CV 8996mW/8838mW VDD_SOC 6040mW/5899mW
08-04-2026 08:50:10 RAM 4046/7620MB (lfb 29x1MB) SWAP 2644/12002MB (cached 127MB) CPU [20%@1728,10%@1728,18%@1728,27%@1728,0%@1728,16%@1728] GR3D_FREQ 99% cpu@71.843C soc2@70.593C soc0@70.875C gpu@74.375C tj@74.375C soc1@71.437C VDD_IN 22235mW/21716mW VDD_CPU_GPU_CV 9076mW/8838mW VDD_SOC 6040mW/5899mW
08-04-2026 08:50:10 RAM 4046/7620MB (lfb 29x1MB) SWAP 2644/12002MB (cached 127MB) CPU [0%@1728,0%@1728,10%@1728,0%@1728,0%@1728,9%@1728] GR3D_FREQ 96% cpu@71.968C soc2@70.656C soc0@70.968C gpu@74.125C tj@74.125C soc1@71.343C VDD_IN 22235mW/21716mW VDD_CPU_GPU_CV 9036mW/8838mW VDD_SOC 6080mW/5900mW
08-04-2026 08:50:11 RAM 4046/7620MB (lfb 29x1MB) SWAP 2644/12002MB (cached 127MB) CPU [16%@1728,0%@1728,9%@1728,9%@1728,9%@1728,0%@1728] GR3D_FREQ 99% cpu@71.937C soc2@70.718C soc0@71C gpu@74.031C tj@74.031C soc1@71.562C VDD_IN 22275mW/21717mW VDD_CPU_GPU_CV 9036mW/8838mW VDD_SOC 6080mW/5900mW
08-04-2026 08:50:11 RAM 4047/7620MB (lfb 29x1MB) SWAP 2644/12002MB (cached 127MB) CPU [0%@1728,9%@1728,10%@1728,0%@1728,0%@1728,0%@1728] GR3D_FREQ 99% cpu@71.875C soc2@70.656C soc0@70.906C gpu@73.906C tj@73.906C soc1@71.312C VDD_IN 22275mW/21718mW VDD_CPU_GPU_CV 9076mW/8839mW VDD_SOC 6080mW/5900mW
08-04-2026 08:50:11 RAM 4044/7620MB (lfb 29x1MB) SWAP 2644/12002MB (cached 127MB) CPU [0%@1728,20%@1728,10%@1728,0%@1728,10%@1728,0%@1728] GR3D_FREQ 95% cpu@71.812C soc2@70.656C soc0@70.843C gpu@74.125C tj@74.125C soc1@71.406C VDD_IN 22315mW/21718mW VDD_CPU_GPU_CV 9116mW/8839mW VDD_SOC 6080mW/5900mW
08-04-2026 08:50:11 RAM 4044/7620MB (lfb 29x1MB) SWAP 2644/12002MB (cached 127MB) CPU [0%@1728,0%@1728,16%@1728,9%@1728,0%@1728,9%@1728] GR3D_FREQ 99% cpu@71.843C soc2@70.625C soc0@71C gpu@73.937C tj@73.937C soc1@71.5C VDD_IN 22315mW/21719mW VDD_CPU_GPU_CV 9076mW/8839mW VDD_SOC 6080mW/5900mW
08-04-2026 08:50:11 RAM 4044/7620MB (lfb 29x1MB) SWAP 2644/12002MB (cached 127MB) CPU [0%@1728,0%@1728,10%@1728,9%@1728,0%@1728,9%@1728] GR3D_FREQ 99% cpu@71.906C soc2@70.656C soc0@70.968C gpu@73.781C tj@73.781C soc1@71.312C VDD_IN 22315mW/21720mW VDD_CPU_GPU_CV 9076mW/8839mW VDD_SOC 6080mW/5901mW
08-04-2026 08:50:11 RAM 4044/7620MB (lfb 29x1MB) SWAP 2644/12002MB (cached 127MB) CPU [18%@1728,9%@1728,11%@1728,0%@1728,0%@1728,0%@1728] GR3D_FREQ 95% cpu@71.843C soc2@70.562C soc0@70.781C gpu@73.687C tj@73.687C soc1@71.312C VDD_IN 22235mW/21720mW VDD_CPU_GPU_CV 9036mW/8840mW VDD_SOC 6080mW/5901mW
08-04-2026 08:50:11 RAM 4044/7620MB (lfb 29x1MB) SWAP 2644/12002MB (cached 127MB) CPU [10%@1728,0%@1728,16%@1728,0%@1728,9%@1728,0%@1728] GR3D_FREQ 99% cpu@71.812C soc2@70.656C soc0@70.906C gpu@73.875C tj@73.875C soc1@71.468C VDD_IN 22235mW/21721mW VDD_CPU_GPU_CV 9036mW/8840mW VDD_SOC 6040mW/5901mW
08-04-2026 08:50:11 RAM 4045/7620MB (lfb 29x1MB) SWAP 2644/12002MB (cached 127MB) CPU [16%@1728,9%@1728,9%@1728,10%@1728,0%@1728,8%@1728] GR3D_FREQ 99% cpu@71.937C soc2@70.625C soc0@70.937C gpu@73.781C tj@73.781C soc1@71.531C VDD_IN 22235mW/21721mW VDD_CPU_GPU_CV 9036mW/8840mW VDD_SOC 6040mW/5901mW
08-04-2026 08:50:11 RAM 4046/7620MB (lfb 29x1MB) SWAP 2644/12002MB (cached 127MB) CPU [11%@1728,9%@1728,18%@1728,0%@1728,9%@1728,9%@1728] GR3D_FREQ 95% cpu@72.218C soc2@70.781C soc0@71.125C gpu@73.656C tj@73.656C soc1@71.312C VDD_IN 22275mW/21722mW VDD_CPU_GPU_CV 9036mW/8840mW VDD_SOC 6040mW/5901mW
08-04-2026 08:50:12 RAM 4046/7620MB (lfb 29x1MB) SWAP 2644/12002MB (cached 127MB) CPU [0%@1728,0%@1728,0%@1728,9%@1728,9%@1728,0%@1728] GR3D_FREQ 99% cpu@72.156C soc2@70.625C soc0@70.875C gpu@73.781C tj@73.781C soc1@71.343C VDD_IN 22235mW/21723mW VDD_CPU_GPU_CV 9036mW/8841mW VDD_SOC 6040mW/5901mW
08-04-2026 08:50:12 RAM 4046/7620MB (lfb 29x1MB) SWAP 2644/12002MB (cached 127MB) CPU [9%@1728,0%@1728,9%@1728,0%@1728,0%@1728,0%@1728] GR3D_FREQ 99% cpu@71.812C soc2@70.593C soc0@70.812C gpu@74C tj@74C soc1@71.437C VDD_IN 22235mW/21723mW VDD_CPU_GPU_CV 9036mW/8841mW VDD_SOC 6080mW/5902mW
08-04-2026 08:50:12 RAM 4046/7620MB (lfb 29x1MB) SWAP 2644/12002MB (cached 127MB) CPU [0%@1728,0%@1728,45%@1728,0%@1728,0%@1728,9%@1728] GR3D_FREQ 99% cpu@72.125C soc2@70.593C soc0@70.906C gpu@73.812C tj@73.812C soc1@71.468C VDD_IN 22315mW/21724mW VDD_CPU_GPU_CV 9076mW/8841mW VDD_SOC 6080mW/5902mW
08-04-2026 08:50:12 RAM 4046/7620MB (lfb 29x1MB) SWAP 2644/12002MB (cached 127MB) CPU [9%@1728,9%@1728,27%@1728,9%@1728,0%@1728,0%@1728] GR3D_FREQ 99% cpu@72.093C soc2@70.656C soc0@70.812C gpu@74.437C tj@74.437C soc1@71.187C VDD_IN 22315mW/21724mW VDD_CPU_GPU_CV 9116mW/8841mW VDD_SOC 6080mW/5902mW
08-04-2026 08:50:12 RAM 4046/7620MB (lfb 29x1MB) SWAP 2644/12002MB (cached 127MB) CPU [0%@1728,0%@1728,0%@1728,18%@1728,9%@1728,0%@1728] GR3D_FREQ 96% cpu@72.156C soc2@70.593C soc0@70.843C gpu@74.062C tj@74.062C soc1@71.312C VDD_IN 22315mW/21725mW VDD_CPU_GPU_CV 9076mW/8842mW VDD_SOC 6080mW/5902mW
08-04-2026 08:50:12 RAM 4046/7620MB (lfb 29x1MB) SWAP 2644/12002MB (cached 127MB) CPU [27%@1728,0%@1728,0%@1728,10%@1728,23%@1728,0%@1728] GR3D_FREQ 99% cpu@71.812C soc2@70.656C soc0@70.843C gpu@73.937C tj@73.937C soc1@71.375C VDD_IN 22235mW/21726mW VDD_CPU_GPU_CV 9036mW/8842mW VDD_SOC 6040mW/5902mW
08-04-2026 08:50:12 RAM 4046/7620MB (lfb 29x1MB) SWAP 2644/12002MB (cached 127MB) CPU [0%@1728,0%@1728,16%@1728,0%@1728,9%@1728,0%@1728] GR3D_FREQ 99% cpu@71.937C soc2@70.562C soc0@70.843C gpu@74.281C tj@74.281C soc1@71.562C VDD_IN 22275mW/21726mW VDD_CPU_GPU_CV 9076mW/8842mW VDD_SOC 6040mW/5902mW
08-04-2026 08:50:12 RAM 4046/7620MB (lfb 29x1MB) SWAP 2644/12002MB (cached 127MB) CPU [0%@1728,0%@1728,0%@1728,18%@1728,0%@1728,9%@1728] GR3D_FREQ 95% cpu@72.125C soc2@70.718C soc0@70.843C gpu@74C tj@74C soc1@71.312C VDD_IN 22195mW/21727mW VDD_CPU_GPU_CV 8996mW/8842mW VDD_SOC 6080mW/5903mW
08-04-2026 08:50:12 RAM 4046/7620MB (lfb 29x1MB) SWAP 2644/12002MB (cached 127MB) CPU [20%@1728,10%@1728,27%@1728,10%@1728,0%@1728,0%@1728] GR3D_FREQ 99% cpu@72.156C soc2@70.625C soc0@70.843C gpu@73.968C tj@73.968C soc1@71.281C VDD_IN 22275mW/21727mW VDD_CPU_GPU_CV 9076mW/8842mW VDD_SOC 6080mW/5903mW
08-04-2026 08:50:12 RAM 4046/7620MB (lfb 29x1MB) SWAP 2644/12002MB (cached 127MB) CPU [0%@1728,0%@1728,0%@1728,9%@1728,0%@1728,0%@1728] GR3D_FREQ 99% cpu@71.843C soc2@70.468C soc0@70.875C gpu@74.218C tj@74.218C soc1@71.406C VDD_IN 22275mW/21728mW VDD_CPU_GPU_CV 9076mW/8843mW VDD_SOC 6040mW/5903mW
08-04-2026 08:50:13 RAM 4046/7620MB (lfb 29x1MB) SWAP 2644/12002MB (cached 127MB) CPU [0%@1728,16%@1728,9%@1728,10%@1728,0%@1728,9%@1728] GR3D_FREQ 95% cpu@71.937C soc2@70.625C soc0@70.875C gpu@73.937C tj@73.937C soc1@71.468C VDD_IN 22275mW/21729mW VDD_CPU_GPU_CV 9036mW/8843mW VDD_SOC 6040mW/5903mW
08-04-2026 08:50:13 RAM 4046/7620MB (lfb 29x1MB) SWAP 2644/12002MB (cached 127MB) CPU [0%@1728,0%@1728,0%@1728,0%@1728,0%@1728,0%@1728] GR3D_FREQ 99% cpu@72C soc2@70.593C soc0@71.093C gpu@73.875C tj@73.875C soc1@71.281C VDD_IN 22275mW/21729mW VDD_CPU_GPU_CV 9036mW/8843mW VDD_SOC 6080mW/5903mW
08-04-2026 08:50:13 RAM 4046/7620MB (lfb 29x1MB) SWAP 2644/12002MB (cached 127MB) CPU [0%@1728,0%@1728,0%@1728,10%@1728,10%@1728,8%@1728] GR3D_FREQ 99% cpu@72.062C soc2@70.5C soc0@70.875C gpu@73.812C tj@73.812C soc1@71.281C VDD_IN 22275mW/21730mW VDD_CPU_GPU_CV 9076mW/8843mW VDD_SOC 6040mW/5903mW
08-04-2026 08:50:13 RAM 4046/7620MB (lfb 29x1MB) SWAP 2644/12002MB (cached 127MB) CPU [0%@1728,18%@1728,0%@1728,25%@1728,9%@1728,9%@1728] GR3D_FREQ 95% cpu@71.812C soc2@70.593C soc0@70.843C gpu@73.968C tj@73.968C soc1@71.343C VDD_IN 22275mW/21730mW VDD_CPU_GPU_CV 9036mW/8844mW VDD_SOC 6080mW/5904mW
08-04-2026 08:50:13 RAM 4047/7620MB (lfb 29x1MB) SWAP 2644/12002MB (cached 127MB) CPU [0%@1728,10%@1728,10%@1728,18%@1728,0%@1728,0%@1728] GR3D_FREQ 99% cpu@72.218C soc2@70.562C soc0@71.031C gpu@73.937C tj@73.937C soc1@71.5C VDD_IN 22355mW/21731mW VDD_CPU_GPU_CV 9116mW/8844mW VDD_SOC 6080mW/5904mW
08-04-2026 08:50:13 RAM 4047/7620MB (lfb 29x1MB) SWAP 2644/12002MB (cached 127MB) CPU [16%@1728,0%@1728,18%@1728,9%@1728,0%@1728,0%@1728] GR3D_FREQ 99% cpu@72C soc2@70.75C soc0@70.812C gpu@73.812C tj@73.812C soc1@71.25C VDD_IN 22275mW/21732mW VDD_CPU_GPU_CV 9076mW/8844mW VDD_SOC 6040mW/5904mW
08-04-2026 08:50:13 RAM 4047/7620MB (lfb 29x1MB) SWAP 2644/12002MB (cached 127MB) CPU [0%@1728,9%@1728,0%@1728,11%@1728,0%@1728,0%@1728] GR3D_FREQ 96% cpu@72.156C soc2@70.562C soc0@70.937C gpu@73.625C tj@73.625C soc1@71.343C VDD_IN 22275mW/21732mW VDD_CPU_GPU_CV 9076mW/8844mW VDD_SOC 6080mW/5904mW
08-04-2026 08:50:13 RAM 4046/7620MB (lfb 29x1MB) SWAP 2644/12002MB (cached 127MB) CPU [18%@1728,0%@1728,9%@1728,9%@1728,0%@1728,0%@1728] GR3D_FREQ 99% cpu@72.062C soc2@70.656C soc0@70.968C gpu@73.968C tj@73.968C soc1@71.468C VDD_IN 22315mW/21733mW VDD_CPU_GPU_CV 9076mW/8845mW VDD_SOC 6040mW/5904mW
08-04-2026 08:50:13 RAM 4046/7620MB (lfb 29x1MB) SWAP 2644/12002MB (cached 127MB) CPU [0%@1728,10%@1728,10%@1728,0%@1728,9%@1728,0%@1728] GR3D_FREQ 99% cpu@71.968C soc2@70.656C soc0@70.968C gpu@73.781C tj@73.781C soc1@71.625C VDD_IN 22315mW/21733mW VDD_CPU_GPU_CV 9076mW/8845mW VDD_SOC 6040mW/5904mW
08-04-2026 08:50:14 RAM 4046/7620MB (lfb 29x1MB) SWAP 2644/12002MB (cached 127MB) CPU [9%@1728,9%@1728,10%@1728,0%@1728,9%@1728,0%@1728] GR3D_FREQ 96% cpu@71.906C soc2@70.781C soc0@70.875C gpu@73.75C tj@73.75C soc1@71.312C VDD_IN 22315mW/21734mW VDD_CPU_GPU_CV 9076mW/8845mW VDD_SOC 6080mW/5905mW
08-04-2026 08:50:14 RAM 4046/7620MB (lfb 29x1MB) SWAP 2644/12002MB (cached 127MB) CPU [9%@1728,0%@1728,9%@1728,16%@1728,9%@1728,0%@1728] GR3D_FREQ 99% cpu@72.062C soc2@70.656C soc0@70.875C gpu@74.281C tj@74.281C soc1@71.375C VDD_IN 22315mW/21735mW VDD_CPU_GPU_CV 9076mW/8845mW VDD_SOC 6040mW/5905mW
08-04-2026 08:50:14 RAM 4046/7620MB (lfb 29x1MB) SWAP 2644/12002MB (cached 127MB) CPU [0%@1728,0%@1728,18%@1728,9%@1728,0%@1728,0%@1728] GR3D_FREQ 99% cpu@72.093C soc2@70.687C soc0@70.906C gpu@73.718C tj@73.718C soc1@71.406C VDD_IN 22315mW/21735mW VDD_CPU_GPU_CV 9076mW/8846mW VDD_SOC 6080mW/5905mW
08-04-2026 08:50:14 RAM 4046/7620MB (lfb 29x1MB) SWAP 2644/12002MB (cached 127MB) CPU [0%@1728,0%@1728,9%@1728,0%@1728,0%@1728,0%@1728] GR3D_FREQ 99% cpu@72C soc2@70.718C soc0@71C gpu@73.843C tj@73.843C soc1@71.593C VDD_IN 22315mW/21736mW VDD_CPU_GPU_CV 9076mW/8846mW VDD_SOC 6080mW/5905mW
08-04-2026 08:50:14 RAM 4052/7620MB (lfb 29x1MB) SWAP 2644/12002MB (cached 127MB) CPU [9%@1728,20%@1728,9%@1728,10%@1728,10%@1728,8%@1728] GR3D_FREQ 99% cpu@72.031C soc2@70.531C soc0@70.875C gpu@74.156C tj@74.156C soc1@71.406C VDD_IN 22355mW/21737mW VDD_CPU_GPU_CV 9116mW/8846mW VDD_SOC 6080mW/5905mW
08-04-2026 08:50:14 RAM 4045/7620MB (lfb 29x1MB) SWAP 2644/12002MB (cached 127MB) CPU [10%@1728,0%@1728,18%@1728,22%@1728,9%@1728,10%@1728] GR3D_FREQ 99% cpu@72C soc2@70.625C soc0@70.843C gpu@73.906C tj@73.906C soc1@71.375C VDD_IN 22235mW/21737mW VDD_CPU_GPU_CV 9076mW/8846mW VDD_SOC 6040mW/5906mW
08-04-2026 08:50:14 RAM 4045/7620MB (lfb 29x1MB) SWAP 2644/12002MB (cached 127MB) CPU [0%@1728,0%@1728,9%@1728,9%@1728,9%@1728,0%@1728] GR3D_FREQ 99% cpu@71.906C soc2@70.718C soc0@71C gpu@73.75C tj@73.75C soc1@71.531C VDD_IN 22275mW/21738mW VDD_CPU_GPU_CV 9076mW/8847mW VDD_SOC 6040mW/5906mW
08-04-2026 08:50:14 RAM 4045/7620MB (lfb 29x1MB) SWAP 2644/12002MB (cached 127MB) CPU [9%@1728,20%@1728,0%@1728,9%@1728,0%@1728,0%@1728] GR3D_FREQ 99% cpu@71.812C soc2@70.718C soc0@70.937C gpu@74.281C tj@74.281C soc1@71.625C VDD_IN 22235mW/21738mW VDD_CPU_GPU_CV 9076mW/8847mW VDD_SOC 6040mW/5906mW
08-04-2026 08:50:14 RAM 4045/7620MB (lfb 29x1MB) SWAP 2644/12002MB (cached 127MB) CPU [10%@1728,10%@1728,9%@1728,30%@1728,9%@1728,0%@1728] GR3D_FREQ 99% cpu@72.312C soc2@70.656C soc0@70.843C gpu@73.906C tj@73.906C soc1@71.375C VDD_IN 22275mW/21739mW VDD_CPU_GPU_CV 9036mW/8847mW VDD_SOC 6040mW/5906mW
08-04-2026 08:50:14 RAM 4045/7620MB (lfb 29x1MB) SWAP 2644/12002MB (cached 127MB) CPU [0%@1728,16%@1728,9%@1728,10%@1728,0%@1728,0%@1728] GR3D_FREQ 99% cpu@71.875C soc2@70.593C soc0@70.937C gpu@74C tj@74C soc1@71.437C VDD_IN 22235mW/21739mW VDD_CPU_GPU_CV 9036mW/8847mW VDD_SOC 6040mW/5906mW
08-04-2026 08:50:15 RAM 4045/7620MB (lfb 29x1MB) SWAP 2644/12002MB (cached 127MB) CPU [0%@1728,0%@1728,0%@1728,9%@1728,0%@1728,0%@1728] GR3D_FREQ 99% cpu@71.812C soc2@70.625C soc0@70.937C gpu@74.156C tj@74.156C soc1@71.5C VDD_IN 22235mW/21740mW VDD_CPU_GPU_CV 9036mW/8847mW VDD_SOC 6040mW/5906mW
08-04-2026 08:50:15 RAM 4045/7620MB (lfb 29x1MB) SWAP 2644/12002MB (cached 127MB) CPU [0%@1728,0%@1728,0%@1728,0%@1728,0%@1728,0%@1728] GR3D_FREQ 99% cpu@71.937C soc2@70.656C soc0@70.968C gpu@74.062C tj@74.062C soc1@71.531C VDD_IN 22235mW/21740mW VDD_CPU_GPU_CV 9036mW/8848mW VDD_SOC 6080mW/5906mW
08-04-2026 08:50:15 RAM 4045/7620MB (lfb 29x1MB) SWAP 2644/12002MB (cached 127MB) CPU [9%@1728,0%@1728,9%@1728,9%@1728,9%@1728,10%@1728] GR3D_FREQ 99% cpu@72.25C soc2@70.625C soc0@70.875C gpu@73.968C tj@73.968C soc1@71.375C VDD_IN 22235mW/21741mW VDD_CPU_GPU_CV 9036mW/8848mW VDD_SOC 6080mW/5907mW
08-04-2026 08:50:15 RAM 4045/7620MB (lfb 29x1MB) SWAP 2644/12002MB (cached 127MB) CPU [0%@1728,0%@1728,0%@1728,9%@1728,9%@1728,0%@1728] GR3D_FREQ 99% cpu@71.812C soc2@70.656C soc0@70.843C gpu@73.968C tj@73.968C soc1@71.406C VDD_IN 22275mW/21742mW VDD_CPU_GPU_CV 9076mW/8848mW VDD_SOC 6040mW/5907mW
08-04-2026 08:50:15 RAM 4045/7620MB (lfb 29x1MB) SWAP 2644/12002MB (cached 127MB) CPU [16%@1728,0%@1728,9%@1728,10%@1728,8%@1728,9%@1728] GR3D_FREQ 97% cpu@72.031C soc2@70.718C soc0@70.937C gpu@74C tj@74C soc1@71.5C VDD_IN 22275mW/21742mW VDD_CPU_GPU_CV 9036mW/8848mW VDD_SOC 6040mW/5907mW
08-04-2026 08:50:15 RAM 4045/7620MB (lfb 29x1MB) SWAP 2644/12002MB (cached 127MB) CPU [0%@1728,9%@1728,10%@1728,16%@1728,0%@1728,10%@1728] GR3D_FREQ 99% cpu@72.093C soc2@70.687C soc0@71.062C gpu@73.937C tj@73.937C soc1@71.5C VDD_IN 22195mW/21743mW VDD_CPU_GPU_CV 9036mW/8849mW VDD_SOC 6040mW/5907mW
08-04-2026 08:50:15 RAM 4045/7620MB (lfb 29x1MB) SWAP 2644/12002MB (cached 127MB) CPU [10%@1728,9%@1728,0%@1728,10%@1728,0%@1728,0%@1728] GR3D_FREQ 99% cpu@72.343C soc2@70.687C soc0@71.031C gpu@73.906C tj@73.906C soc1@71.406C VDD_IN 22195mW/21743mW VDD_CPU_GPU_CV 9036mW/8849mW VDD_SOC 6040mW/5907mW
08-04-2026 08:50:15 RAM 4046/7620MB (lfb 29x1MB) SWAP 2644/12002MB (cached 127MB) CPU [9%@1728,18%@1728,0%@1728,9%@1728,0%@1728,0%@1728] GR3D_FREQ 99% cpu@72.062C soc2@70.687C soc0@70.968C gpu@73.812C tj@73.812C soc1@71.531C VDD_IN 22195mW/21744mW VDD_CPU_GPU_CV 9036mW/8849mW VDD_SOC 6040mW/5907mW
08-04-2026 08:50:15 RAM 4046/7620MB (lfb 29x1MB) SWAP 2644/12002MB (cached 127MB) CPU [0%@1728,9%@1728,10%@1728,25%@1728,0%@1728,0%@1728] GR3D_FREQ 99% cpu@71.906C soc2@70.593C soc0@71.062C gpu@74C tj@74C soc1@71.468C VDD_IN 22235mW/21744mW VDD_CPU_GPU_CV 9036mW/8849mW VDD_SOC 6040mW/5907mW
08-04-2026 08:50:16 RAM 4046/7620MB (lfb 29x1MB) SWAP 2644/12002MB (cached 127MB) CPU [0%@1728,9%@1728,0%@1728,0%@1728,9%@1728,0%@1728] GR3D_FREQ 99% cpu@72.093C soc2@70.687C soc0@71.062C gpu@73.843C tj@73.843C soc1@71.656C VDD_IN 22195mW/21745mW VDD_CPU_GPU_CV 9036mW/8849mW VDD_SOC 6040mW/5908mW
08-04-2026 08:50:16 RAM 4046/7620MB (lfb 29x1MB) SWAP 2644/12002MB (cached 127MB) CPU [9%@1728,9%@1728,9%@1728,9%@1728,0%@1728,9%@1728] GR3D_FREQ 96% cpu@72.187C soc2@70.687C soc0@70.906C gpu@73.812C tj@73.812C soc1@71.312C VDD_IN 22195mW/21745mW VDD_CPU_GPU_CV 8996mW/8849mW VDD_SOC 6080mW/5908mW
08-04-2026 08:50:16 RAM 4046/7620MB (lfb 29x1MB) SWAP 2644/12002MB (cached 127MB) CPU [8%@1728,0%@1728,0%@1728,9%@1728,0%@1728,15%@1728] GR3D_FREQ 99% cpu@72C soc2@70.593C soc0@71C gpu@74.343C tj@74.343C soc1@71.531C VDD_IN 22235mW/21745mW VDD_CPU_GPU_CV 9036mW/8850mW VDD_SOC 6080mW/5908mW
08-04-2026 08:50:16 RAM 4046/7620MB (lfb 29x1MB) SWAP 2644/12002MB (cached 127MB) CPU [0%@1728,0%@1728,0%@1728,10%@1728,9%@1728,0%@1728] GR3D_FREQ 99% cpu@72.062C soc2@70.812C soc0@71.125C gpu@74.031C tj@74.031C soc1@71.687C VDD_IN 22195mW/21746mW VDD_CPU_GPU_CV 8996mW/8850mW VDD_SOC 6080mW/5908mW
08-04-2026 08:50:16 RAM 4046/7620MB (lfb 29x1MB) SWAP 2644/12002MB (cached 127MB) CPU [0%@1728,0%@1728,0%@1728,9%@1728,0%@1728,0%@1728] GR3D_FREQ 99% cpu@72.093C soc2@70.656C soc0@70.937C gpu@73.875C tj@73.875C soc1@71.437C VDD_IN 22235mW/21746mW VDD_CPU_GPU_CV 8996mW/8850mW VDD_SOC 6080mW/5908mW
08-04-2026 08:50:16 RAM 4046/7620MB (lfb 29x1MB) SWAP 2644/12002MB (cached 127MB) CPU [0%@1728,20%@1728,10%@1728,0%@1728,10%@1728,0%@1728] GR3D_FREQ 99% cpu@72.156C soc2@70.687C soc0@71C gpu@73.937C tj@73.937C soc1@71.437C VDD_IN 22155mW/21747mW VDD_CPU_GPU_CV 8996mW/8850mW VDD_SOC 6040mW/5908mW
08-04-2026 08:50:16 RAM 4046/7620MB (lfb 29x1MB) SWAP 2644/12002MB (cached 127MB) CPU [0%@1728,0%@1728,9%@1728,9%@1728,9%@1728,0%@1728] GR3D_FREQ 99% cpu@72.156C soc2@70.687C soc0@71.062C gpu@73.968C tj@73.968C soc1@71.5C VDD_IN 22115mW/21747mW VDD_CPU_GPU_CV 8996mW/8850mW VDD_SOC 6040mW/5909mW
08-04-2026 08:50:16 RAM 4046/7620MB (lfb 29x1MB) SWAP 2644/12002MB (cached 127MB) CPU [0%@1728,0%@1728,10%@1728,0%@1728,0%@1728,9%@1728] GR3D_FREQ 99% cpu@72.093C soc2@70.75C soc0@71.187C gpu@74C tj@74C soc1@71.656C VDD_IN 22155mW/21748mW VDD_CPU_GPU_CV 8996mW/8850mW VDD_SOC 6040mW/5909mW
08-04-2026 08:50:16 RAM 4045/7620MB (lfb 29x1MB) SWAP 2644/12002MB (cached 127MB) CPU [10%@1728,18%@1728,20%@1728,18%@1728,9%@1728,9%@1728] GR3D_FREQ 99% cpu@72.093C soc2@70.687C soc0@71C gpu@74.031C tj@74.031C soc1@71.437C VDD_IN 22235mW/21748mW VDD_CPU_GPU_CV 9076mW/8851mW VDD_SOC 6080mW/5909mW
08-04-2026 08:50:16 RAM 4045/7620MB (lfb 29x1MB) SWAP 2644/12002MB (cached 127MB) CPU [0%@1728,0%@1728,18%@1728,0%@1728,0%@1728,0%@1728] GR3D_FREQ 99% cpu@72.093C soc2@70.781C soc0@70.968C gpu@73.781C tj@73.781C soc1@71.562C VDD_IN 22275mW/21749mW VDD_CPU_GPU_CV 9036mW/8851mW VDD_SOC 6080mW/5909mW
08-04-2026 08:50:17 RAM 4045/7620MB (lfb 29x1MB) SWAP 2644/12002MB (cached 127MB) CPU [9%@1728,0%@1728,0%@1728,0%@1728,0%@1728,0%@1728] GR3D_FREQ 99% cpu@72C soc2@70.75C soc0@71.062C gpu@74.031C tj@74.031C soc1@71.531C VDD_IN 22275mW/21749mW VDD_CPU_GPU_CV 9036mW/8851mW VDD_SOC 6080mW/5909mW
08-04-2026 08:50:17 RAM 4045/7620MB (lfb 29x1MB) SWAP 2644/12002MB (cached 127MB) CPU [0%@1728,0%@1728,9%@1728,0%@1728,9%@1728,0%@1728] GR3D_FREQ 99% cpu@71.937C soc2@70.843C soc0@71.187C gpu@74C tj@74C soc1@71.625C VDD_IN 22275mW/21750mW VDD_CPU_GPU_CV 9076mW/8851mW VDD_SOC 6040mW/5909mW
08-04-2026 08:50:17 RAM 4045/7620MB (lfb 29x1MB) SWAP 2644/12002MB (cached 127MB) CPU [0%@1728,0%@1728,18%@1728,9%@1728,9%@1728,0%@1728] GR3D_FREQ 95% cpu@72.093C soc2@70.812C soc0@70.968C gpu@73.906C tj@73.906C soc1@71.468C VDD_IN 22315mW/21750mW VDD_CPU_GPU_CV 9036mW/8851mW VDD_SOC 6080mW/5910mW
08-04-2026 08:50:17 RAM 4045/7620MB (lfb 29x1MB) SWAP 2644/12002MB (cached 127MB) CPU [0%@1728,0%@1728,0%@1728,0%@1728,0%@1728,9%@1728] GR3D_FREQ 99% cpu@71.906C soc2@70.718C soc0@71.031C gpu@74C tj@74C soc1@71.5C VDD_IN 22315mW/21751mW VDD_CPU_GPU_CV 9036mW/8852mW VDD_SOC 6080mW/5910mW
08-04-2026 08:50:17 RAM 4045/7620MB (lfb 29x1MB) SWAP 2644/12002MB (cached 127MB) CPU [0%@1728,18%@1728,9%@1728,0%@1728,0%@1728,0%@1728] GR3D_FREQ 99% cpu@72C soc2@70.75C soc0@71.062C gpu@74C tj@74C soc1@71.531C VDD_IN 22315mW/21752mW VDD_CPU_GPU_CV 9076mW/8852mW VDD_SOC 6080mW/5910mW
08-04-2026 08:50:17 RAM 4045/7620MB (lfb 29x1MB) SWAP 2644/12002MB (cached 127MB) CPU [9%@1728,0%@1728,18%@1728,9%@1728,9%@1728,0%@1728] GR3D_FREQ 95% cpu@72.125C soc2@70.875C soc0@71.125C gpu@73.937C tj@73.937C soc1@71.687C VDD_IN 22275mW/21752mW VDD_CPU_GPU_CV 9076mW/8852mW VDD_SOC 6040mW/5910mW
08-04-2026 08:50:17 RAM 4043/7620MB (lfb 29x1MB) SWAP 2644/12002MB (cached 127MB) CPU [20%@1728,9%@1728,0%@1728,27%@1728,9%@1728,0%@1728] GR3D_FREQ 99% cpu@72.468C soc2@71C soc0@70.937C gpu@74.187C tj@74.187C soc1@71.437C VDD_IN 22315mW/21753mW VDD_CPU_GPU_CV 9116mW/8852mW VDD_SOC 6080mW/5910mW
08-04-2026 08:50:17 RAM 4044/7620MB (lfb 29x1MB) SWAP 2644/12002MB (cached 127MB) CPU [0%@1728,0%@1728,11%@1728,9%@1728,9%@1728,0%@1728] GR3D_FREQ 99% cpu@72C soc2@70.812C soc0@71C gpu@74.125C tj@74.125C soc1@71.5C VDD_IN 22275mW/21753mW VDD_CPU_GPU_CV 9076mW/8853mW VDD_SOC 6040mW/5910mW
08-04-2026 08:50:17 RAM 4044/7620MB (lfb 29x1MB) SWAP 2644/12002MB (cached 127MB) CPU [9%@1728,10%@1728,25%@1728,18%@1728,0%@1728,0%@1728] GR3D_FREQ 95% cpu@71.968C soc2@70.718C soc0@71C gpu@73.968C tj@73.968C soc1@71.593C VDD_IN 22235mW/21754mW VDD_CPU_GPU_CV 9076mW/8853mW VDD_SOC 6040mW/5911mW
08-04-2026 08:50:18 RAM 4044/7620MB (lfb 29x1MB) SWAP 2644/12002MB (cached 127MB) CPU [0%@1728,9%@1728,9%@1728,9%@1728,0%@1728,0%@1728] GR3D_FREQ 99% cpu@72.281C soc2@70.937C soc0@71.156C gpu@74.25C tj@74.25C soc1@71.468C VDD_IN 22275mW/21754mW VDD_CPU_GPU_CV 9036mW/8853mW VDD_SOC 6040mW/5911mW
08-04-2026 08:50:18 RAM 4045/7620MB (lfb 29x1MB) SWAP 2644/12002MB (cached 127MB) CPU [9%@1728,9%@1728,9%@1728,0%@1728,9%@1728,9%@1728] GR3D_FREQ 99% cpu@72.375C soc2@70.75C soc0@71.031C gpu@74.125C tj@74.125C soc1@71.5C VDD_IN 22275mW/21755mW VDD_CPU_GPU_CV 9076mW/8853mW VDD_SOC 6040mW/5911mW
08-04-2026 08:50:18 RAM 4045/7620MB (lfb 29x1MB) SWAP 2644/12002MB (cached 127MB) CPU [0%@1728,0%@1728,10%@1728,0%@1728,0%@1728,16%@1728] GR3D_FREQ 97% cpu@72.093C soc2@70.812C soc0@71C gpu@74C tj@74C soc1@71.562C VDD_IN 22315mW/21755mW VDD_CPU_GPU_CV 9076mW/8854mW VDD_SOC 6080mW/5911mW
08-04-2026 08:50:18 RAM 4045/7620MB (lfb 29x1MB) SWAP 2644/12002MB (cached 127MB) CPU [0%@1728,0%@1728,9%@1728,0%@1728,0%@1728,0%@1728] GR3D_FREQ 99% cpu@72.187C soc2@70.843C soc0@71.062C gpu@74.062C tj@74.062C soc1@71.625C VDD_IN 22315mW/21756mW VDD_CPU_GPU_CV 9076mW/8854mW VDD_SOC 6080mW/5911mW
08-04-2026 08:50:18 RAM 4046/7620MB (lfb 29x1MB) SWAP 2644/12002MB (cached 127MB) CPU [23%@1728,30%@1728,10%@1728,9%@1728,0%@1728,9%@1728] GR3D_FREQ 99% cpu@72.437C soc2@70.906C soc0@71C gpu@74C tj@74C soc1@71.468C VDD_IN 22315mW/21757mW VDD_CPU_GPU_CV 9076mW/8854mW VDD_SOC 6080mW/5911mW
08-04-2026 08:50:18 RAM 4046/7620MB (lfb 29x1MB) SWAP 2644/12002MB (cached 127MB) CPU [0%@1728,18%@1728,10%@1728,0%@1728,10%@1728,18%@1728] GR3D_FREQ 95% cpu@72.437C soc2@70.75C soc0@71.062C gpu@73.937C tj@73.937C soc1@71.593C VDD_IN 22275mW/21757mW VDD_CPU_GPU_CV 9036mW/8854mW VDD_SOC 6040mW/5911mW
08-04-2026 08:50:18 RAM 4046/7620MB (lfb 29x1MB) SWAP 2644/12002MB (cached 127MB) CPU [0%@1728,9%@1728,16%@1728,0%@1728,0%@1728,0%@1728] GR3D_FREQ 99% cpu@72.093C soc2@70.812C soc0@71.125C gpu@74C tj@74C soc1@71.593C VDD_IN 22235mW/21758mW VDD_CPU_GPU_CV 9036mW/8854mW VDD_SOC 6040mW/5912mW
08-04-2026 08:50:18 RAM 4046/7620MB (lfb 29x1MB) SWAP 2644/12002MB (cached 127MB) CPU [0%@1728,0%@1728,10%@1728,0%@1728,0%@1728,9%@1728] GR3D_FREQ 99% cpu@72.312C soc2@70.843C soc0@71.25C gpu@73.781C tj@73.781C soc1@71.781C VDD_IN 22195mW/21758mW VDD_CPU_GPU_CV 8996mW/8855mW VDD_SOC 6040mW/5912mW
08-04-2026 08:50:18 RAM 4046/7620MB (lfb 29x1MB) SWAP 2644/12002MB (cached 127MB) CPU [10%@1728,9%@1728,11%@1728,10%@1728,9%@1728,0%@1728] GR3D_FREQ 94% cpu@72.281C soc2@71C soc0@71.25C gpu@74.062C tj@74.062C soc1@71.531C VDD_IN 22275mW/21759mW VDD_CPU_GPU_CV 9076mW/8855mW VDD_SOC 6080mW/5912mW
08-04-2026 08:50:19 RAM 4046/7620MB (lfb 29x1MB) SWAP 2644/12002MB (cached 127MB) CPU [0%@1728,0%@1728,16%@1728,9%@1728,8%@1728,9%@1728] GR3D_FREQ 99% cpu@72.343C soc2@70.812C soc0@71.125C gpu@74.093C tj@74.093C soc1@71.562C VDD_IN 22275mW/21759mW VDD_CPU_GPU_CV 9076mW/8855mW VDD_SOC 6080mW/5912mW
08-04-2026 08:50:19 RAM 4046/7620MB (lfb 29x1MB) SWAP 2644/12002MB (cached 127MB) CPU [0%@1728,16%@1728,10%@1728,0%@1728,0%@1728,9%@1728] GR3D_FREQ 99% cpu@72.218C soc2@70.843C soc0@71.031C gpu@74.531C tj@74.531C soc1@71.562C VDD_IN 22315mW/21760mW VDD_CPU_GPU_CV 9076mW/8855mW VDD_SOC 6080mW/5912mW
08-04-2026 08:50:19 RAM 4046/7620MB (lfb 29x1MB) SWAP 2644/12002MB (cached 127MB) CPU [0%@1728,0%@1728,16%@1728,0%@1728,0%@1728,0%@1728] GR3D_FREQ 98% cpu@72.218C soc2@70.843C soc0@71.281C gpu@74.343C tj@74.343C soc1@71.75C VDD_IN 22275mW/21760mW VDD_CPU_GPU_CV 9076mW/8855mW VDD_SOC 6080mW/5912mW
08-04-2026 08:50:19 RAM 4046/7620MB (lfb 29x1MB) SWAP 2644/12002MB (cached 127MB) CPU [16%@1728,0%@1728,10%@1728,0%@1728,0%@1728,9%@1728] GR3D_FREQ 99% cpu@72.281C soc2@70.906C soc0@71.281C gpu@74.156C tj@74.156C soc1@71.531C VDD_IN 22315mW/21761mW VDD_CPU_GPU_CV 9076mW/8856mW VDD_SOC 6080mW/5913mW
08-04-2026 08:50:19 RAM 4046/7620MB (lfb 29x1MB) SWAP 2644/12002MB (cached 127MB) CPU [0%@1728,9%@1728,10%@1728,0%@1728,0%@1728,0%@1728] GR3D_FREQ 96% cpu@72.343C soc2@70.843C soc0@71.125C gpu@74.531C tj@74.531C soc1@71.562C VDD_IN 22315mW/21761mW VDD_CPU_GPU_CV 9076mW/8856mW VDD_SOC 6080mW/5913mW
08-04-2026 08:50:19 RAM 4046/7620MB (lfb 29x1MB) SWAP 2644/12002MB (cached 127MB) CPU [9%@1728,18%@1728,18%@1728,18%@1728,10%@1728,0%@1728] GR3D_FREQ 99% cpu@72.187C soc2@70.875C soc0@71.156C gpu@74.343C tj@74.343C soc1@71.625C VDD_IN 22355mW/21762mW VDD_CPU_GPU_CV 9076mW/8856mW VDD_SOC 6080mW/5913mW
08-04-2026 08:50:19 RAM 4046/7620MB (lfb 29x1MB) SWAP 2644/12002MB (cached 127MB) CPU [0%@1728,0%@1728,25%@1728,8%@1728,9%@1728,0%@1728] GR3D_FREQ 99% cpu@72.187C soc2@70.843C soc0@71.25C gpu@74.218C tj@74.218C soc1@71.75C VDD_IN 22195mW/21762mW VDD_CPU_GPU_CV 9036mW/8856mW VDD_SOC 6040mW/5913mW
08-04-2026 08:50:19 RAM 4046/7620MB (lfb 29x1MB) SWAP 2644/12002MB (cached 127MB) CPU [9%@1728,9%@1728,10%@1728,0%@1728,0%@1728,0%@1728] GR3D_FREQ 96% cpu@72.218C soc2@70.937C soc0@71.125C gpu@74.468C tj@74.468C soc1@71.531C VDD_IN 22195mW/21763mW VDD_CPU_GPU_CV 9036mW/8856mW VDD_SOC 6040mW/5913mW
08-04-2026 08:50:19 RAM 4046/7620MB (lfb 29x1MB) SWAP 2644/12002MB (cached 127MB) CPU [10%@1728,25%@1728,9%@1728,9%@1728,0%@1728,0%@1728] GR3D_FREQ 99% cpu@72.25C soc2@70.875C soc0@71.093C gpu@74C tj@74C soc1@71.562C VDD_IN 22275mW/21763mW VDD_CPU_GPU_CV 9076mW/8857mW VDD_SOC 6040mW/5913mW
08-04-2026 08:50:19 RAM 4046/7620MB (lfb 29x1MB) SWAP 2644/12002MB (cached 127MB) CPU [0%@1728,9%@1728,10%@1728,18%@1728,0%@1728,0%@1728] GR3D_FREQ 99% cpu@72.125C soc2@70.875C soc0@71.093C gpu@74.156C tj@74.156C soc1@71.625C VDD_IN 22235mW/21764mW VDD_CPU_GPU_CV 9076mW/8857mW VDD_SOC 6040mW/5913mW
08-04-2026 08:50:20 RAM 4046/7620MB (lfb 29x1MB) SWAP 2644/12002MB (cached 127MB) CPU [0%@1728,0%@1728,10%@1728,0%@1728,0%@1728,0%@1728] GR3D_FREQ 96% cpu@72.156C soc2@70.937C soc0@71.312C gpu@73.937C tj@73.937C soc1@71.593C VDD_IN 22275mW/21764mW VDD_CPU_GPU_CV 9076mW/8857mW VDD_SOC 6080mW/5914mW
08-04-2026 08:50:20 RAM 4046/7620MB (lfb 29x1MB) SWAP 2644/12002MB (cached 127MB) CPU [9%@1728,0%@1728,9%@1728,0%@1728,0%@1728,0%@1728] GR3D_FREQ 99% cpu@72.031C soc2@70.843C soc0@71.093C gpu@74.125C tj@74.125C soc1@71.562C VDD_IN 22235mW/21765mW VDD_CPU_GPU_CV 9076mW/8857mW VDD_SOC 6080mW/5914mW
08-04-2026 08:50:20 RAM 4046/7620MB (lfb 29x1MB) SWAP 2644/12002MB (cached 127MB) CPU [0%@1728,0%@1728,10%@1728,9%@1728,15%@1728,0%@1728] GR3D_FREQ 99% cpu@72.125C soc2@70.906C soc0@71.093C gpu@74.531C tj@74.531C soc1@71.593C VDD_IN 22275mW/21765mW VDD_CPU_GPU_CV 9036mW/8858mW VDD_SOC 6080mW/5914mW
08-04-2026 08:50:20 RAM 4046/7620MB (lfb 29x1MB) SWAP 2644/12002MB (cached 127MB) CPU [0%@1728,0%@1728,0%@1728,9%@1728,9%@1728,0%@1728] GR3D_FREQ 99% cpu@72.187C soc2@70.906C soc0@71.218C gpu@74.125C tj@74.125C soc1@71.593C VDD_IN 22275mW/21766mW VDD_CPU_GPU_CV 9036mW/8858mW VDD_SOC 6080mW/5914mW
08-04-2026 08:50:20 RAM 4046/7620MB (lfb 29x1MB) SWAP 2644/12002MB (cached 127MB) CPU [9%@1728,0%@1728,9%@1728,0%@1728,0%@1728,0%@1728] GR3D_FREQ 99% cpu@72.343C soc2@70.875C soc0@71.375C gpu@74.125C tj@74.125C soc1@71.812C VDD_IN 22275mW/21766mW VDD_CPU_GPU_CV 9036mW/8858mW VDD_SOC 6080mW/5914mW
08-04-2026 08:50:20 RAM 4046/7620MB (lfb 29x1MB) SWAP 2644/12002MB (cached 127MB) CPU [0%@1728,27%@1728,10%@1728,9%@1728,0%@1728,0%@1728] GR3D_FREQ 99% cpu@72.125C soc2@70.843C soc0@71.093C gpu@74.468C tj@74.468C soc1@71.531C VDD_IN 22155mW/21767mW VDD_CPU_GPU_CV 8996mW/8858mW VDD_SOC 6040mW/5914mW
08-04-2026 08:50:20 RAM 4046/7620MB (lfb 29x1MB) SWAP 2644/12002MB (cached 127MB) CPU [23%@1728,0%@1728,10%@1728,0%@1728,9%@1728,0%@1728] GR3D_FREQ 99% cpu@72.125C soc2@70.843C soc0@71.187C gpu@74.281C tj@74.281C soc1@71.625C VDD_IN 22195mW/21767mW VDD_CPU_GPU_CV 8996mW/8858mW VDD_SOC 6040mW/5915mW
08-04-2026 08:50:20 RAM 4046/7620MB (lfb 29x1MB) SWAP 2644/12002MB (cached 127MB) CPU [9%@1728,0%@1728,0%@1728,0%@1728,0%@1728,0%@1728] GR3D_FREQ 99% cpu@72.156C soc2@70.875C soc0@71.187C gpu@74.062C tj@74.062C soc1@71.593C VDD_IN 22155mW/21768mW VDD_CPU_GPU_CV 8996mW/8858mW VDD_SOC 6040mW/5915mW
08-04-2026 08:50:20 RAM 4045/7620MB (lfb 29x1MB) SWAP 2644/12002MB (cached 127MB) CPU [22%@1728,27%@1728,36%@1728,18%@1728,18%@1728,25%@1728] GR3D_FREQ 99% cpu@72.687C soc2@70.906C soc0@71.312C gpu@74.312C tj@74.312C soc1@71.593C VDD_IN 22195mW/21768mW VDD_CPU_GPU_CV 9036mW/8858mW VDD_SOC 6040mW/5915mW
08-04-2026 08:50:21 RAM 4045/7620MB (lfb 29x1MB) SWAP 2644/12002MB (cached 127MB) CPU [9%@1728,0%@1728,0%@1728,0%@1728,9%@1728,0%@1728] GR3D_FREQ 99% cpu@72.437C soc2@70.843C soc0@71.093C gpu@74.218C tj@74.218C soc1@71.562C VDD_IN 22275mW/21769mW VDD_CPU_GPU_CV 9076mW/8859mW VDD_SOC 6040mW/5915mW
08-04-2026 08:50:21 RAM 4045/7620MB (lfb 29x1MB) SWAP 2644/12002MB (cached 127MB) CPU [10%@1728,0%@1728,0%@1728,9%@1728,9%@1728,0%@1728] GR3D_FREQ 99% cpu@71.968C soc2@70.875C soc0@71.062C gpu@74.25C tj@74.25C soc1@71.593C VDD_IN 22275mW/21769mW VDD_CPU_GPU_CV 9076mW/8859mW VDD_SOC 6040mW/5915mW
08-04-2026 08:50:21 RAM 4045/7620MB (lfb 29x1MB) SWAP 2644/12002MB (cached 127MB) CPU [27%@1728,0%@1728,0%@1728,0%@1728,0%@1728,0%@1728] GR3D_FREQ 99% cpu@72.218C soc2@70.906C soc0@71.187C gpu@74.312C tj@74.062C soc1@71.812C VDD_IN 22275mW/21770mW VDD_CPU_GPU_CV 9076mW/8859mW VDD_SOC 6080mW/5915mW
08-04-2026 08:50:21 RAM 4045/7620MB (lfb 29x1MB) SWAP 2644/12002MB (cached 127MB) CPU [0%@1728,0%@1728,0%@1728,0%@1728,9%@1728,9%@1728] GR3D_FREQ 99% cpu@72.281C soc2@71C soc0@71.031C gpu@74.343C tj@74.343C soc1@71.531C VDD_IN 22275mW/21770mW VDD_CPU_GPU_CV 9076mW/8859mW VDD_SOC 6080mW/5915mW
08-04-2026 08:50:21 RAM 4045/7620MB (lfb 29x1MB) SWAP 2644/12002MB (cached 127MB) CPU [9%@1728,0%@1728,8%@1728,0%@1728,9%@1728,0%@1728] GR3D_FREQ 99% cpu@72.312C soc2@70.843C soc0@71.031C gpu@74.218C tj@74.218C soc1@71.531C VDD_IN 22275mW/21771mW VDD_CPU_GPU_CV 9076mW/8860mW VDD_SOC 6040mW/5915mW
08-04-2026 08:50:21 RAM 4045/7620MB (lfb 29x1MB) SWAP 2644/12002MB (cached 127MB) CPU [10%@1728,18%@1728,10%@1728,9%@1728,9%@1728,9%@1728] GR3D_FREQ 96% cpu@72.062C soc2@70.843C soc0@71.125C gpu@74C tj@74C soc1@71.531C VDD_IN 22275mW/21771mW VDD_CPU_GPU_CV 9076mW/8860mW VDD_SOC 6080mW/5916mW
08-04-2026 08:50:21 RAM 4045/7620MB (lfb 29x1MB) SWAP 2644/12002MB (cached 127MB) CPU [10%@1728,0%@1728,9%@1728,0%@1728,10%@1728,18%@1728] GR3D_FREQ 99% cpu@72.25C soc2@70.906C soc0@71.156C gpu@74.343C tj@74.343C soc1@71.75C VDD_IN 22195mW/21772mW VDD_CPU_GPU_CV 9036mW/8860mW VDD_SOC 6080mW/5916mW
08-04-2026 08:50:21 RAM 4045/7620MB (lfb 29x1MB) SWAP 2644/12002MB (cached 127MB) CPU [9%@1728,0%@1728,0%@1728,0%@1728,9%@1728,0%@1728] GR3D_FREQ 99% cpu@72.187C soc2@71C soc0@71.031C gpu@74.062C tj@74.062C soc1@71.531C VDD_IN 22155mW/21772mW VDD_CPU_GPU_CV 9036mW/8860mW VDD_SOC 6040mW/5916mW
08-04-2026 08:50:21 RAM 4046/7620MB (lfb 29x1MB) SWAP 2644/12002MB (cached 127MB) CPU [10%@1728,18%@1728,9%@1728,11%@1728,0%@1728,0%@1728] GR3D_FREQ 99% cpu@72.437C soc2@70.843C soc0@71C gpu@74C tj@74C soc1@71.531C VDD_IN 22195mW/21772mW VDD_CPU_GPU_CV 9036mW/8860mW VDD_SOC 6040mW/5916mW
08-04-2026 08:50:21 RAM 4046/7620MB (lfb 29x1MB) SWAP 2644/12002MB (cached 127MB) CPU [18%@1728,18%@1728,0%@1728,0%@1728,9%@1728,9%@1728] GR3D_FREQ 99% cpu@72.156C soc2@70.843C soc0@71.093C gpu@73.968C tj@73.968C soc1@71.593C VDD_IN 22195mW/21773mW VDD_CPU_GPU_CV 9036mW/8860mW VDD_SOC 6080mW/5916mW
08-04-2026 08:50:22 RAM 4046/7620MB (lfb 29x1MB) SWAP 2644/12002MB (cached 127MB) CPU [0%@1728,0%@1728,8%@1728,0%@1728,0%@1728,0%@1728] GR3D_FREQ 99% cpu@72.093C soc2@70.843C soc0@71.187C gpu@74.031C tj@74.031C soc1@71.75C VDD_IN 22195mW/21773mW VDD_CPU_GPU_CV 9036mW/8861mW VDD_SOC 6040mW/5916mW
08-04-2026 08:50:22 RAM 4046/7620MB (lfb 29x1MB) SWAP 2644/12002MB (cached 127MB) CPU [9%@1728,0%@1728,20%@1728,0%@1728,0%@1728,0%@1728] GR3D_FREQ 95% cpu@72.312C soc2@70.843C soc0@71.25C gpu@73.937C tj@73.937C soc1@71.531C VDD_IN 22235mW/21774mW VDD_CPU_GPU_CV 9036mW/8861mW VDD_SOC 6040mW/5916mW
08-04-2026 08:50:22 RAM 4046/7620MB (lfb 29x1MB) SWAP 2644/12002MB (cached 127MB) CPU [9%@1728,9%@1728,10%@1728,9%@1728,9%@1728,0%@1728] GR3D_FREQ 99% cpu@72.281C soc2@70.718C soc0@71.031C gpu@73.937C tj@73.937C soc1@71.5C VDD_IN 22235mW/21774mW VDD_CPU_GPU_CV 9036mW/8861mW VDD_SOC 6040mW/5917mW
08-04-2026 08:50:22 RAM 4046/7620MB (lfb 29x1MB) SWAP 2644/12002MB (cached 127MB) CPU [0%@1728,0%@1728,9%@1728,9%@1728,0%@1728,0%@1728] GR3D_FREQ 99% cpu@72.125C soc2@70.843C soc0@71.125C gpu@74.468C tj@74.468C soc1@71.562C VDD_IN 22235mW/21775mW VDD_CPU_GPU_CV 9036mW/8861mW VDD_SOC 6040mW/5917mW
08-04-2026 08:50:22 RAM 4046/7620MB (lfb 29x1MB) SWAP 2644/12002MB (cached 127MB) CPU [0%@1728,0%@1728,10%@1728,0%@1728,0%@1728,0%@1728] GR3D_FREQ 96% cpu@72.125C soc2@70.812C soc0@71.156C gpu@73.937C tj@73.937C soc1@71.531C VDD_IN 22275mW/21775mW VDD_CPU_GPU_CV 9036mW/8861mW VDD_SOC 6080mW/5917mW
08-04-2026 08:50:22 RAM 4046/7620MB (lfb 29x1MB) SWAP 2644/12002MB (cached 127MB) CPU [0%@1728,20%@1728,25%@1728,0%@1728,10%@1728,9%@1728] GR3D_FREQ 99% cpu@72.187C soc2@70.875C soc0@70.937C gpu@73.937C tj@73.937C soc1@71.437C VDD_IN 22195mW/21775mW VDD_CPU_GPU_CV 9036mW/8862mW VDD_SOC 6040mW/5917mW
08-04-2026 08:50:22 RAM 4046/7620MB (lfb 29x1MB) SWAP 2644/12002MB (cached 127MB) CPU [0%@1728,9%@1728,16%@1728,9%@1728,8%@1728,0%@1728] GR3D_FREQ 99% cpu@72.218C soc2@70.781C soc0@71.093C gpu@74.343C tj@74.343C soc1@71.531C VDD_IN 22195mW/21776mW VDD_CPU_GPU_CV 9036mW/8862mW VDD_SOC 6040mW/5917mW
08-04-2026 08:50:22 RAM 4046/7620MB (lfb 29x1MB) SWAP 2644/12002MB (cached 127MB) CPU [0%@1728,9%@1728,10%@1728,0%@1728,0%@1728,0%@1728] GR3D_FREQ 99% cpu@72.093C soc2@70.843C soc0@71.062C gpu@74.062C tj@74.062C soc1@71.531C VDD_IN 22155mW/21776mW VDD_CPU_GPU_CV 8996mW/8862mW VDD_SOC 6040mW/5917mW
08-04-2026 08:50:22 RAM 4046/7620MB (lfb 29x1MB) SWAP 2644/12002MB (cached 127MB) CPU [20%@1728,0%@1728,10%@1728,11%@1728,0%@1728,0%@1728] GR3D_FREQ 99% cpu@72.093C soc2@70.843C soc0@71.125C gpu@73.937C tj@73.937C soc1@71.656C VDD_IN 22235mW/21777mW VDD_CPU_GPU_CV 9036mW/8862mW VDD_SOC 6040mW/5917mW
08-04-2026 08:50:23 RAM 4046/7620MB (lfb 29x1MB) SWAP 2644/12002MB (cached 127MB) CPU [9%@1728,8%@1728,10%@1728,0%@1728,9%@1728,0%@1728] GR3D_FREQ 99% cpu@72.156C soc2@70.937C soc0@71.093C gpu@74.343C tj@74.343C soc1@71.468C VDD_IN 22235mW/21777mW VDD_CPU_GPU_CV 9036mW/8862mW VDD_SOC 6040mW/5917mW
08-04-2026 08:50:23 RAM 4046/7620MB (lfb 29x1MB) SWAP 2644/12002MB (cached 127MB) CPU [0%@1728,0%@1728,16%@1728,0%@1728,0%@1728,0%@1728] GR3D_FREQ 99% cpu@72.062C soc2@70.781C soc0@71C gpu@74.218C tj@74.218C soc1@71.531C VDD_IN 22275mW/21778mW VDD_CPU_GPU_CV 9036mW/8862mW VDD_SOC 6080mW/5918mW
08-04-2026 08:50:23 RAM 4046/7620MB (lfb 29x1MB) SWAP 2644/12002MB (cached 127MB) CPU [0%@1728,0%@1728,0%@1728,0%@1728,0%@1728,0%@1728] GR3D_FREQ 99% cpu@72.031C soc2@70.843C soc0@71.093C gpu@74.187C tj@74.187C soc1@71.562C VDD_IN 22235mW/21778mW VDD_CPU_GPU_CV 9036mW/8863mW VDD_SOC 6040mW/5918mW
08-04-2026 08:50:23 RAM 4046/7620MB (lfb 29x1MB) SWAP 2644/12002MB (cached 127MB) CPU [18%@1728,54%@1728,0%@1728,9%@1728,10%@1728,10%@1728] GR3D_FREQ 99% cpu@72.125C soc2@70.875C soc0@71.218C gpu@74.312C tj@74.312C soc1@71.531C VDD_IN 22275mW/21779mW VDD_CPU_GPU_CV 9076mW/8863mW VDD_SOC 6040mW/5918mW
08-04-2026 08:50:23 RAM 4047/7620MB (lfb 29x1MB) SWAP 2644/12002MB (cached 127MB) CPU [18%@1728,0%@1728,9%@1728,27%@1728,9%@1728,9%@1728] GR3D_FREQ 99% cpu@72.187C soc2@70.843C soc0@71.031C gpu@74.156C tj@74.156C soc1@71.531C VDD_IN 22315mW/21779mW VDD_CPU_GPU_CV 9076mW/8863mW VDD_SOC 6040mW/5918mW
08-04-2026 08:50:23 RAM 4047/7620MB (lfb 29x1MB) SWAP 2644/12002MB (cached 127MB) CPU [18%@1728,10%@1728,0%@1728,9%@1728,9%@1728,0%@1728] GR3D_FREQ 99% cpu@72.062C soc2@70.843C soc0@71.062C gpu@74.093C tj@74.093C soc1@71.531C VDD_IN 22275mW/21780mW VDD_CPU_GPU_CV 9076mW/8863mW VDD_SOC 6040mW/5918mW
08-04-2026 08:50:23 RAM 4047/7620MB (lfb 29x1MB) SWAP 2644/12002MB (cached 127MB) CPU [11%@1728,9%@1728,0%@1728,0%@1728,0%@1728,18%@1728] GR3D_FREQ 99% cpu@72.187C soc2@70.781C soc0@71.187C gpu@73.875C tj@73.875C soc1@71.593C VDD_IN 22195mW/21780mW VDD_CPU_GPU_CV 9036mW/8863mW VDD_SOC 6040mW/5918mW
08-04-2026 08:50:23 RAM 4047/7620MB (lfb 29x1MB) SWAP 2644/12002MB (cached 127MB) CPU [9%@1728,0%@1728,9%@1728,0%@1728,0%@1728,0%@1728] GR3D_FREQ 99% cpu@72.312C soc2@70.937C soc0@71.281C gpu@73.937C tj@73.937C soc1@71.625C VDD_IN 22195mW/21780mW VDD_CPU_GPU_CV 8996mW/8863mW VDD_SOC 6040mW/5918mW
08-04-2026 08:50:23 RAM 4046/7620MB (lfb 29x1MB) SWAP 2644/12002MB (cached 127MB) CPU [0%@1728,25%@1728,9%@1728,10%@1728,0%@1728,8%@1728] GR3D_FREQ 99% cpu@72.468C soc2@70.718C soc0@71.093C gpu@74C tj@74C soc1@71.5C VDD_IN 22235mW/21781mW VDD_CPU_GPU_CV 9036mW/8864mW VDD_SOC 6040mW/5918mW
08-04-2026 08:50:23 RAM 4052/7620MB (lfb 29x1MB) SWAP 2644/12002MB (cached 127MB) CPU [27%@1728,9%@1728,27%@1728,0%@1728,9%@1728,10%@1728] GR3D_FREQ 99% cpu@72.375C soc2@70.843C soc0@71.093C gpu@73.781C tj@73.781C soc1@71.562C VDD_IN 22275mW/21781mW VDD_CPU_GPU_CV 9076mW/8864mW VDD_SOC 6040mW/5919mW
08-04-2026 08:50:24 RAM 4044/7620MB (lfb 29x1MB) SWAP 2644/12002MB (cached 127MB) CPU [9%@1728,16%@1728,0%@1728,0%@1728,0%@1728,0%@1728] GR3D_FREQ 99% cpu@72.156C soc2@70.843C soc0@71.125C gpu@73.906C tj@73.906C soc1@71.593C VDD_IN 22275mW/21782mW VDD_CPU_GPU_CV 9036mW/8864mW VDD_SOC 6040mW/5919mW
08-04-2026 08:50:24 RAM 4043/7620MB (lfb 29x1MB) SWAP 2644/12002MB (cached 127MB) CPU [0%@1728,0%@1728,9%@1728,9%@1728,0%@1728,9%@1728] GR3D_FREQ 99% cpu@72.25C soc2@70.843C soc0@71.281C gpu@74.406C tj@74.406C soc1@71.437C VDD_IN 22235mW/21782mW VDD_CPU_GPU_CV 9036mW/8864mW VDD_SOC 6040mW/5919mW
08-04-2026 08:50:24 RAM 4043/7620MB (lfb 29x1MB) SWAP 2644/12002MB (cached 127MB) CPU [9%@1728,0%@1728,10%@1728,0%@1728,9%@1728,9%@1728] GR3D_FREQ 99% cpu@72.375C soc2@70.843C soc0@70.968C gpu@73.843C tj@73.843C soc1@71.531C VDD_IN 22235mW/21783mW VDD_CPU_GPU_CV 8996mW/8864mW VDD_SOC 6040mW/5919mW
08-04-2026 08:50:24 RAM 4043/7620MB (lfb 29x1MB) SWAP 2644/12002MB (cached 127MB) CPU [0%@1728,9%@1728,9%@1728,0%@1728,0%@1728,0%@1728] GR3D_FREQ 99% cpu@71.968C soc2@70.843C soc0@71.093C gpu@73.937C tj@73.937C soc1@71.531C VDD_IN 22235mW/21783mW VDD_CPU_GPU_CV 8996mW/8864mW VDD_SOC 6040mW/5919mW
08-04-2026 08:50:24 RAM 4043/7620MB (lfb 29x1MB) SWAP 2644/12002MB (cached 127MB) CPU [0%@1728,0%@1728,0%@1728,16%@1728,0%@1728,0%@1728] GR3D_FREQ 99% cpu@72.093C soc2@70.812C soc0@71.187C gpu@74.312C tj@74.312C soc1@71.593C VDD_IN 22235mW/21784mW VDD_CPU_GPU_CV 9036mW/8865mW VDD_SOC 6040mW/5919mW
08-04-2026 08:50:24 RAM 4043/7620MB (lfb 29x1MB) SWAP 2644/12002MB (cached 127MB) CPU [16%@1728,18%@1728,18%@1728,0%@1728,0%@1728,18%@1728] GR3D_FREQ 99% cpu@72.312C soc2@70.906C soc0@70.906C gpu@73.937C tj@73.937C soc1@71.5C VDD_IN 22195mW/21784mW VDD_CPU_GPU_CV 9036mW/8865mW VDD_SOC 6040mW/5919mW
08-04-2026 08:50:24 RAM 4043/7620MB (lfb 29x1MB) SWAP 2644/12002MB (cached 127MB) CPU [0%@1728,9%@1728,0%@1728,0%@1728,0%@1728,9%@1728] GR3D_FREQ 99% cpu@72.25C soc2@70.75C soc0@71.062C gpu@74.406C tj@74.406C soc1@71.5C VDD_IN 22235mW/21784mW VDD_CPU_GPU_CV 9036mW/8865mW VDD_SOC 6040mW/5919mW
08-04-2026 08:50:24 RAM 4043/7620MB (lfb 29x1MB) SWAP 2644/12002MB (cached 127MB) CPU [0%@1728,0%@1728,9%@1728,0%@1728,0%@1728,0%@1728] GR3D_FREQ 99% cpu@72.375C soc2@70.781C soc0@71.062C gpu@74.343C tj@74.343C soc1@71.531C VDD_IN 22155mW/21785mW VDD_CPU_GPU_CV 8996mW/8865mW VDD_SOC 6040mW/5920mW
08-04-2026 08:50:24 RAM 4046/7620MB (lfb 29x1MB) SWAP 2644/12002MB (cached 127MB) CPU [10%@1728,18%@1728,25%@1728,27%@1728,9%@1728,0%@1728] GR3D_FREQ 99% cpu@72.281C soc2@70.843C soc0@71.031C gpu@74.093C tj@74.093C soc1@71.531C VDD_IN 22195mW/21785mW VDD_CPU_GPU_CV 9036mW/8865mW VDD_SOC 6040mW/5920mW
08-04-2026 08:50:25 RAM 4046/7620MB (lfb 29x1MB) SWAP 2644/12002MB (cached 127MB) CPU [9%@1728,8%@1728,10%@1728,0%@1728,0%@1728,0%@1728] GR3D_FREQ 99% cpu@72.187C soc2@70.875C soc0@71.218C gpu@74.437C tj@74.437C soc1@71.718C VDD_IN 22235mW/21786mW VDD_CPU_GPU_CV 9036mW/8865mW VDD_SOC 6040mW/5920mW
08-04-2026 08:50:25 RAM 4046/7620MB (lfb 29x1MB) SWAP 2644/12002MB (cached 127MB) CPU [0%@1728,0%@1728,0%@1728,0%@1728,0%@1728,0%@1728] GR3D_FREQ 99% cpu@72.281C soc2@70.75C soc0@71C gpu@74.281C tj@74.281C soc1@71.437C VDD_IN 22235mW/21786mW VDD_CPU_GPU_CV 9036mW/8866mW VDD_SOC 6040mW/5920mW
08-04-2026 08:50:25 RAM 4046/7620MB (lfb 29x1MB) SWAP 2644/12002MB (cached 127MB) CPU [0%@1728,0%@1728,10%@1728,9%@1728,0%@1728,9%@1728] GR3D_FREQ 95% cpu@72.281C soc2@70.812C soc0@71.031C gpu@74.062C tj@74.062C soc1@71.468C VDD_IN 22235mW/21787mW VDD_CPU_GPU_CV 8996mW/8866mW VDD_SOC 6040mW/5920mW
08-04-2026 08:50:25 RAM 4046/7620MB (lfb 29x1MB) SWAP 2644/12002MB (cached 127MB) CPU [0%@1728,0%@1728,9%@1728,0%@1728,9%@1728,16%@1728] GR3D_FREQ 99% cpu@72.031C soc2@70.843C soc0@71.031C gpu@74.062C tj@74.062C soc1@71.562C VDD_IN 22275mW/21787mW VDD_CPU_GPU_CV 9036mW/8866mW VDD_SOC 6080mW/5920mW
08-04-2026 08:50:25 RAM 4046/7620MB (lfb 29x1MB) SWAP 2644/12002MB (cached 127MB) CPU [0%@1728,0%@1728,0%@1728,0%@1728,0%@1728,9%@1728] GR3D_FREQ 99% cpu@72.062C soc2@70.781C soc0@71.187C gpu@74.156C tj@74.156C soc1@71.593C VDD_IN 22235mW/21787mW VDD_CPU_GPU_CV 9036mW/8866mW VDD_SOC 6040mW/5920mW
08-04-2026 08:50:25 RAM 4046/7620MB (lfb 29x1MB) SWAP 2644/12002MB (cached 127MB) CPU [0%@1728,18%@1728,10%@1728,0%@1728,0%@1728,10%@1728] GR3D_FREQ 96% cpu@72.25C soc2@70.687C soc0@70.968C gpu@74C tj@74C soc1@71.468C VDD_IN 22235mW/21788mW VDD_CPU_GPU_CV 9036mW/8866mW VDD_SOC 6080mW/5920mW
08-04-2026 08:50:25 RAM 4046/7620MB (lfb 29x1MB) SWAP 2644/12002MB (cached 127MB) CPU [16%@1728,0%@1728,9%@1728,0%@1728,0%@1728,0%@1728] GR3D_FREQ 99% cpu@71.937C soc2@70.687C soc0@70.968C gpu@74C tj@74C soc1@71.406C VDD_IN 22195mW/21788mW VDD_CPU_GPU_CV 9036mW/8866mW VDD_SOC 6040mW/5921mW
08-04-2026 08:50:25 RAM 4046/7620MB (lfb 29x1MB) SWAP 2644/12002MB (cached 127MB) CPU [0%@1728,0%@1728,0%@1728,0%@1728,0%@1728,0%@1728] GR3D_FREQ 99% cpu@71.937C soc2@70.718C soc0@71.062C gpu@73.875C tj@73.875C soc1@71.5C VDD_IN 22155mW/21789mW VDD_CPU_GPU_CV 8996mW/8866mW VDD_SOC 6040mW/5921mW
08-04-2026 08:50:25 RAM 4046/7620MB (lfb 29x1MB) SWAP 2644/12002MB (cached 127MB) CPU [0%@1728,10%@1728,18%@1728,18%@1728,0%@1728,9%@1728] GR3D_FREQ 94% cpu@72.218C soc2@70.781C soc0@70.843C gpu@74C tj@74C soc1@71.406C VDD_IN 22195mW/21789mW VDD_CPU_GPU_CV 8996mW/8867mW VDD_SOC 6040mW/5921mW
08-04-2026 08:50:25 RAM 4045/7620MB (lfb 29x1MB) SWAP 2644/12002MB (cached 127MB) CPU [9%@1728,9%@1728,0%@1728,0%@1728,9%@1728,0%@1728] GR3D_FREQ 99% cpu@72C soc2@70.687C soc0@70.875C gpu@74C tj@74C soc1@71.468C VDD_IN 22235mW/21789mW VDD_CPU_GPU_CV 9036mW/8867mW VDD_SOC 6040mW/5921mW
08-04-2026 08:50:26 RAM 4045/7620MB (lfb 29x1MB) SWAP 2644/12002MB (cached 127MB) CPU [0%@1728,0%@1728,9%@1728,0%@1728,0%@1728,9%@1728] GR3D_FREQ 99% cpu@71.906C soc2@70.812C soc0@71C gpu@73.875C tj@73.875C soc1@71.468C VDD_IN 22195mW/21790mW VDD_CPU_GPU_CV 9036mW/8867mW VDD_SOC 6040mW/5921mW
08-04-2026 08:50:26 RAM 4045/7620MB (lfb 29x1MB) SWAP 2644/12002MB (cached 127MB) CPU [9%@1728,10%@1728,10%@1728,0%@1728,0%@1728,9%@1728] GR3D_FREQ 96% cpu@72.031C soc2@70.656C soc0@71.093C gpu@74.281C tj@74.281C soc1@71.531C VDD_IN 22275mW/21790mW VDD_CPU_GPU_CV 9036mW/8867mW VDD_SOC 6080mW/5921mW
08-04-2026 08:50:26 RAM 4045/7620MB (lfb 29x1MB) SWAP 2644/12002MB (cached 127MB) CPU [16%@1728,0%@1728,9%@1728,9%@1728,0%@1728,0%@1728] GR3D_FREQ 99% cpu@72.031C soc2@70.812C soc0@71.156C gpu@73.937C tj@73.937C soc1@71.406C VDD_IN 22275mW/21791mW VDD_CPU_GPU_CV 9036mW/8867mW VDD_SOC 6040mW/5921mW
08-04-2026 08:50:26 RAM 4045/7620MB (lfb 29x1MB) SWAP 2644/12002MB (cached 127MB) CPU [0%@1728,0%@1728,10%@1728,0%@1728,0%@1728,0%@1728] GR3D_FREQ 95% cpu@72.125C soc2@70.625C soc0@70.968C gpu@73.781C tj@73.781C soc1@71.437C VDD_IN 22235mW/21791mW VDD_CPU_GPU_CV 8996mW/8867mW VDD_SOC 6080mW/5921mW
08-04-2026 08:50:26 RAM 4045/7620MB (lfb 29x1MB) SWAP 2644/12002MB (cached 127MB) CPU [9%@1728,0%@1728,0%@1728,9%@1728,0%@1728,9%@1728] GR3D_FREQ 99% cpu@71.937C soc2@70.781C soc0@70.906C gpu@74.218C tj@74.218C soc1@71.5C VDD_IN 22275mW/21792mW VDD_CPU_GPU_CV 9036mW/8868mW VDD_SOC 6080mW/5922mW
08-04-2026 08:50:26 RAM 4045/7620MB (lfb 29x1MB) SWAP 2644/12002MB (cached 127MB) CPU [0%@1728,22%@1728,10%@1728,0%@1728,0%@1728,0%@1728] GR3D_FREQ 99% cpu@72C soc2@70.718C soc0@71.156C gpu@74.093C tj@74.093C soc1@71.531C VDD_IN 22195mW/21792mW VDD_CPU_GPU_CV 8996mW/8868mW VDD_SOC 6040mW/5922mW
08-04-2026 08:50:26 RAM 4045/7620MB (lfb 29x1MB) SWAP 2644/12002MB (cached 127MB) CPU [0%@1728,9%@1728,18%@1728,0%@1728,0%@1728,0%@1728] GR3D_FREQ 96% cpu@72.375C soc2@70.781C soc0@70.968C gpu@73.937C tj@73.937C soc1@71.343C VDD_IN 22235mW/21792mW VDD_CPU_GPU_CV 8996mW/8868mW VDD_SOC 6080mW/5922mW
08-04-2026 08:50:26 RAM 4045/7620MB (lfb 29x1MB) SWAP 2644/12002MB (cached 127MB) CPU [9%@1728,0%@1728,16%@1728,0%@1728,0%@1728,0%@1728] GR3D_FREQ 99% cpu@71.875C soc2@70.687C soc0@70.968C gpu@74.187C tj@74.187C soc1@71.468C VDD_IN 22195mW/21793mW VDD_CPU_GPU_CV 8996mW/8868mW VDD_SOC 6080mW/5922mW
08-04-2026 08:50:26 RAM 4045/7620MB (lfb 29x1MB) SWAP 2644/12002MB (cached 127MB) CPU [25%@1728,9%@1728,0%@1728,20%@1728,9%@1728,0%@1728] GR3D_FREQ 99% cpu@71.968C soc2@70.75C soc0@71C gpu@74.25C tj@74.25C soc1@71.468C VDD_IN 22235mW/21793mW VDD_CPU_GPU_CV 9076mW/8868mW VDD_SOC 6080mW/5922mW
08-04-2026 08:50:27 RAM 4045/7620MB (lfb 29x1MB) SWAP 2644/12002MB (cached 127MB) CPU [0%@1728,0%@1728,18%@1728,0%@1728,9%@1728,0%@1728] GR3D_FREQ 96% cpu@72.031C soc2@70.687C soc0@71.093C gpu@73.968C tj@73.968C soc1@71.593C VDD_IN 22275mW/21794mW VDD_CPU_GPU_CV 9076mW/8868mW VDD_SOC 6080mW/5922mW
08-04-2026 08:50:27 RAM 4045/7620MB (lfb 29x1MB) SWAP 2644/12002MB (cached 127MB) CPU [0%@1728,9%@1728,0%@1728,0%@1728,0%@1728,0%@1728] GR3D_FREQ 99% cpu@72.281C soc2@70.812C soc0@70.875C gpu@74.281C tj@73.906C soc1@71.312C VDD_IN 22275mW/21794mW VDD_CPU_GPU_CV 9076mW/8868mW VDD_SOC 6080mW/5922mW
08-04-2026 08:50:27 RAM 4043/7620MB (lfb 29x1MB) SWAP 2644/12002MB (cached 127MB) CPU [0%@1728,10%@1728,0%@1728,41%@1728,0%@1728,0%@1728] GR3D_FREQ 99% cpu@72.093C soc2@70.656C soc0@70.875C gpu@74.031C tj@74.031C soc1@71.375C VDD_IN 22275mW/21795mW VDD_CPU_GPU_CV 9116mW/8869mW VDD_SOC 6080mW/5923mW
08-04-2026 08:50:27 RAM 4043/7620MB (lfb 29x1MB) SWAP 2644/12002MB (cached 127MB) CPU [0%@1728,0%@1728,25%@1728,9%@1728,9%@1728,9%@1728] GR3D_FREQ 94% cpu@72.031C soc2@70.687C soc0@71C gpu@73.906C tj@73.906C soc1@71.468C VDD_IN 22275mW/21795mW VDD_CPU_GPU_CV 9076mW/8869mW VDD_SOC 6080mW/5923mW
08-04-2026 08:50:27 RAM 4043/7620MB (lfb 29x1MB) SWAP 2644/12002MB (cached 127MB) CPU [0%@1728,0%@1728,9%@1728,0%@1728,9%@1728,0%@1728] GR3D_FREQ 99% cpu@72.156C soc2@70.656C soc0@71.093C gpu@73.875C tj@73.875C soc1@71.593C VDD_IN 22275mW/21796mW VDD_CPU_GPU_CV 9036mW/8869mW VDD_SOC 6080mW/5923mW
08-04-2026 08:50:27 RAM 4043/7620MB (lfb 29x1MB) SWAP 2644/12002MB (cached 127MB) CPU [10%@1728,0%@1728,0%@1728,0%@1728,0%@1728,9%@1728] GR3D_FREQ 99% cpu@72.406C soc2@70.875C soc0@71.156C gpu@74.093C tj@74.093C soc1@71.375C VDD_IN 22275mW/21796mW VDD_CPU_GPU_CV 9076mW/8869mW VDD_SOC 6040mW/5923mW
08-04-2026 08:50:27 RAM 4043/7620MB (lfb 29x1MB) SWAP 2644/12002MB (cached 127MB) CPU [9%@1728,23%@1728,18%@1728,0%@1728,9%@1728,9%@1728] GR3D_FREQ 95% cpu@71.937C soc2@70.625C soc0@70.843C gpu@73.937C tj@73.937C soc1@71.406C VDD_IN 22195mW/21796mW VDD_CPU_GPU_CV 8996mW/8869mW VDD_SOC 6040mW/5923mW
08-04-2026 08:50:27 RAM 4043/7620MB (lfb 29x1MB) SWAP 2644/12002MB (cached 127MB) CPU [16%@1728,9%@1728,0%@1728,0%@1728,0%@1728,0%@1728] GR3D_FREQ 99% cpu@71.812C soc2@70.687C soc0@70.937C gpu@73.812C tj@73.812C soc1@71.531C VDD_IN 22195mW/21797mW VDD_CPU_GPU_CV 8996mW/8870mW VDD_SOC 6040mW/5923mW
08-04-2026 08:50:27 RAM 4045/7620MB (lfb 29x1MB) SWAP 2644/12002MB (cached 127MB) CPU [10%@1728,10%@1728,18%@1728,10%@1728,0%@1728,9%@1728] GR3D_FREQ 99% cpu@72.062C soc2@70.75C soc0@71.062C gpu@73.843C tj@73.843C soc1@71.5C VDD_IN 22195mW/21797mW VDD_CPU_GPU_CV 9036mW/8870mW VDD_SOC 6040mW/5923mW
08-04-2026 08:50:27 RAM 4045/7620MB (lfb 29x1MB) SWAP 2644/12002MB (cached 127MB) CPU [27%@1728,9%@1728,0%@1728,0%@1728,0%@1728,9%@1728] GR3D_FREQ 96% cpu@72.218C soc2@70.781C soc0@70.875C gpu@73.75C tj@73.75C soc1@71.312C VDD_IN 22155mW/21797mW VDD_CPU_GPU_CV 8996mW/8870mW VDD_SOC 6040mW/5923mW
08-04-2026 08:50:28 RAM 4045/7620MB (lfb 29x1MB) SWAP 2644/12002MB (cached 127MB) CPU [9%@1728,0%@1728,0%@1728,8%@1728,9%@1728,9%@1728] GR3D_FREQ 99% cpu@72.187C soc2@70.718C soc0@70.843C gpu@73.843C tj@73.843C soc1@71.312C VDD_IN 22195mW/21798mW VDD_CPU_GPU_CV 9036mW/8870mW VDD_SOC 6040mW/5924mW
08-04-2026 08:50:28 RAM 4045/7620MB (lfb 29x1MB) SWAP 2644/12002MB (cached 127MB) CPU [10%@1728,8%@1728,9%@1728,0%@1728,8%@1728,0%@1728] GR3D_FREQ 99% cpu@71.75C soc2@70.656C soc0@70.875C gpu@73.875C tj@73.875C soc1@71.5C VDD_IN 22195mW/21798mW VDD_CPU_GPU_CV 9036mW/8870mW VDD_SOC 6040mW/5924mW
08-04-2026 08:50:28 RAM 4045/7620MB (lfb 29x1MB) SWAP 2644/12002MB (cached 127MB) CPU [16%@1728,9%@1728,9%@1728,0%@1728,0%@1728,0%@1728] GR3D_FREQ 94% cpu@72.093C soc2@70.656C soc0@70.875C gpu@74.062C tj@74.062C soc1@71.562C VDD_IN 22195mW/21799mW VDD_CPU_GPU_CV 8996mW/8870mW VDD_SOC 6040mW/5924mW
08-04-2026 08:50:28 RAM 4045/7620MB (lfb 29x1MB) SWAP 2644/12002MB (cached 127MB) CPU [0%@1728,0%@1728,9%@1728,0%@1728,0%@1728,0%@1728] GR3D_FREQ 99% cpu@72.093C soc2@70.75C soc0@70.843C gpu@73.843C tj@73.843C soc1@71.375C VDD_IN 22235mW/21799mW VDD_CPU_GPU_CV 8996mW/8870mW VDD_SOC 6040mW/5924mW
08-04-2026 08:50:28 RAM 4046/7620MB (lfb 29x1MB) SWAP 2644/12002MB (cached 127MB) CPU [10%@1728,0%@1728,0%@1728,27%@1728,0%@1728,9%@1728] GR3D_FREQ 99% cpu@72.093C soc2@70.656C soc0@70.843C gpu@73.75C tj@73.75C soc1@71.375C VDD_IN 22315mW/21799mW VDD_CPU_GPU_CV 9076mW/8871mW VDD_SOC 6080mW/5924mW
08-04-2026 08:50:28 RAM 4046/7620MB (lfb 29x1MB) SWAP 2644/12002MB (cached 127MB) CPU [20%@1728,0%@1728,10%@1728,0%@1728,18%@1728,23%@1728] GR3D_FREQ 95% cpu@72C soc2@70.593C soc0@70.906C gpu@73.968C tj@73.968C soc1@71.406C VDD_IN 22235mW/21800mW VDD_CPU_GPU_CV 9036mW/8871mW VDD_SOC 6040mW/5924mW
08-04-2026 08:50:28 RAM 4046/7620MB (lfb 29x1MB) SWAP 2644/12002MB (cached 127MB) CPU [0%@1728,0%@1728,9%@1728,0%@1728,0%@1728,0%@1728] GR3D_FREQ 99% cpu@71.937C soc2@70.687C soc0@71C gpu@74.093C tj@74.093C soc1@71.5C VDD_IN 22235mW/21800mW VDD_CPU_GPU_CV 9076mW/8871mW VDD_SOC 6040mW/5924mW
08-04-2026 08:50:28 RAM 4046/7620MB (lfb 29x1MB) SWAP 2644/12002MB (cached 127MB) CPU [0%@1728,0%@1728,0%@1728,0%@1728,0%@1728,0%@1728] GR3D_FREQ 99% cpu@72.062C soc2@70.687C soc0@70.812C gpu@74.25C tj@74.25C soc1@71.375C VDD_IN 22195mW/21801mW VDD_CPU_GPU_CV 9036mW/8871mW VDD_SOC 6040mW/5924mW
08-04-2026 08:50:28 RAM 4046/7620MB (lfb 29x1MB) SWAP 2644/12002MB (cached 127MB) CPU [20%@1728,9%@1728,18%@1728,20%@1728,0%@1728,0%@1728] GR3D_FREQ 94% cpu@72.25C soc2@70.625C soc0@70.843C gpu@74C tj@74C soc1@71.406C VDD_IN 22275mW/21801mW VDD_CPU_GPU_CV 9036mW/8871mW VDD_SOC 6080mW/5924mW
08-04-2026 08:50:29 RAM 4046/7620MB (lfb 29x1MB) SWAP 2644/12002MB (cached 127MB) CPU [0%@1728,0%@1728,0%@1728,9%@1728,0%@1728,9%@1728] GR3D_FREQ 99% cpu@71.843C soc2@70.625C soc0@70.875C gpu@73.968C tj@73.968C soc1@71.437C VDD_IN 22235mW/21801mW VDD_CPU_GPU_CV 9036mW/8871mW VDD_SOC 6040mW/5925mW
08-04-2026 08:50:29 RAM 4046/7620MB (lfb 29x1MB) SWAP 2644/12002MB (cached 127MB) CPU [9%@1728,0%@1728,0%@1728,0%@1728,9%@1728,0%@1728] GR3D_FREQ 99% cpu@72.062C soc2@70.656C soc0@71.031C gpu@73.75C tj@73.75C soc1@71.531C VDD_IN 22235mW/21802mW VDD_CPU_GPU_CV 9036mW/8871mW VDD_SOC 6040mW/5925mW
08-04-2026 08:50:29 RAM 4046/7620MB (lfb 29x1MB) SWAP 2644/12002MB (cached 127MB) CPU [9%@1728,0%@1728,9%@1728,0%@1728,0%@1728,0%@1728] GR3D_FREQ 95% cpu@72C soc2@70.781C soc0@70.812C gpu@74.093C tj@74.093C soc1@71.406C VDD_IN 22275mW/21802mW VDD_CPU_GPU_CV 9036mW/8872mW VDD_SOC 6040mW/5925mW
08-04-2026 08:50:29 RAM 4046/7620MB (lfb 29x1MB) SWAP 2644/12002MB (cached 127MB) CPU [10%@1728,9%@1728,16%@1728,0%@1728,0%@1728,9%@1728] GR3D_FREQ 99% cpu@72C soc2@70.562C soc0@70.843C gpu@73.875C tj@73.875C soc1@71.312C VDD_IN 22235mW/21803mW VDD_CPU_GPU_CV 9036mW/8872mW VDD_SOC 6040mW/5925mW
08-04-2026 08:50:29 RAM 4046/7620MB (lfb 29x1MB) SWAP 2644/12002MB (cached 127MB) CPU [0%@1728,9%@1728,18%@1728,0%@1728,0%@1728,9%@1728] GR3D_FREQ 99% cpu@72.031C soc2@70.656C soc0@70.906C gpu@73.781C tj@73.781C soc1@71.468C VDD_IN 22235mW/21803mW VDD_CPU_GPU_CV 8996mW/8872mW VDD_SOC 6080mW/5925mW
08-04-2026 08:50:29 RAM 4046/7620MB (lfb 29x1MB) SWAP 2644/12002MB (cached 127MB) CPU [8%@1728,10%@1728,9%@1728,0%@1728,0%@1728,0%@1728] GR3D_FREQ 99% cpu@72.031C soc2@70.75C soc0@71.031C gpu@73.781C tj@73.781C soc1@71.468C VDD_IN 22235mW/21804mW VDD_CPU_GPU_CV 8996mW/8872mW VDD_SOC 6040mW/5925mW
08-04-2026 08:50:29 RAM 4046/7620MB (lfb 29x1MB) SWAP 2644/12002MB (cached 127MB) CPU [0%@1728,10%@1728,0%@1728,9%@1728,10%@1728,9%@1728] GR3D_FREQ 99% cpu@72C soc2@70.531C soc0@70.781C gpu@74C tj@74C soc1@71.375C VDD_IN 22195mW/21804mW VDD_CPU_GPU_CV 8996mW/8872mW VDD_SOC 6040mW/5925mW
08-04-2026 08:50:29 RAM 4046/7620MB (lfb 29x1MB) SWAP 2644/12002MB (cached 127MB) CPU [9%@1728,0%@1728,9%@1728,0%@1728,0%@1728,0%@1728] GR3D_FREQ 99% cpu@71.906C soc2@70.656C soc0@70.875C gpu@73.656C tj@73.656C soc1@71.375C VDD_IN 22155mW/21804mW VDD_CPU_GPU_CV 8956mW/8872mW VDD_SOC 6040mW/5925mW
08-04-2026 08:50:29 RAM 4047/7620MB (lfb 29x1MB) SWAP 2644/12002MB (cached 127MB) CPU [10%@1728,16%@1728,10%@1728,18%@1728,0%@1728,9%@1728] GR3D_FREQ 95% cpu@71.968C soc2@70.593C soc0@70.937C gpu@73.718C tj@73.718C soc1@71.437C VDD_IN 22195mW/21805mW VDD_CPU_GPU_CV 8996mW/8872mW VDD_SOC 6040mW/5925mW
08-04-2026 08:50:29 RAM 4047/7620MB (lfb 29x1MB) SWAP 2644/12002MB (cached 127MB) CPU [9%@1728,9%@1728,18%@1728,9%@1728,8%@1728,9%@1728] GR3D_FREQ 99% cpu@71.875C soc2@70.531C soc0@71C gpu@73.781C tj@73.781C soc1@71.218C VDD_IN 22235mW/21805mW VDD_CPU_GPU_CV 9036mW/8872mW VDD_SOC 6040mW/5926mW
08-04-2026 08:50:30 RAM 4047/7620MB (lfb 29x1MB) SWAP 2644/12002MB (cached 127MB) CPU [0%@1728,0%@1728,9%@1728,0%@1728,0%@1728,0%@1728] GR3D_FREQ 99% cpu@71.843C soc2@70.656C soc0@70.843C gpu@74C tj@74C soc1@71.343C VDD_IN 22235mW/21805mW VDD_CPU_GPU_CV 9036mW/8873mW VDD_SOC 6040mW/5926mW
08-04-2026 08:50:30 RAM 4047/7620MB (lfb 29x1MB) SWAP 2644/12002MB (cached 127MB) CPU [0%@1728,0%@1728,9%@1728,0%@1728,0%@1728,0%@1728] GR3D_FREQ 99% cpu@71.75C soc2@70.562C soc0@70.875C gpu@73.843C tj@73.843C soc1@71.343C VDD_IN 22235mW/21806mW VDD_CPU_GPU_CV 9036mW/8873mW VDD_SOC 6040mW/5926mW
08-04-2026 08:50:30 RAM 4047/7620MB (lfb 29x1MB) SWAP 2644/12002MB (cached 127MB) CPU [9%@1728,16%@1728,0%@1728,9%@1728,0%@1728,0%@1728] GR3D_FREQ 99% cpu@71.75C soc2@70.593C soc0@70.843C gpu@74.281C tj@74.281C soc1@71.468C VDD_IN 22235mW/21806mW VDD_CPU_GPU_CV 9036mW/8873mW VDD_SOC 6040mW/5926mW
08-04-2026 08:50:30 RAM 4047/7620MB (lfb 29x1MB) SWAP 2644/12002MB (cached 127MB) CPU [0%@1728,0%@1728,10%@1728,0%@1728,0%@1728,9%@1728] GR3D_FREQ 96% cpu@72.031C soc2@70.531C soc0@70.843C gpu@74C tj@74C soc1@71.281C VDD_IN 22235mW/21807mW VDD_CPU_GPU_CV 9036mW/8873mW VDD_SOC 6040mW/5926mW
08-04-2026 08:50:30 RAM 4045/7620MB (lfb 29x1MB) SWAP 2644/12002MB (cached 127MB) CPU [9%@1728,30%@1728,25%@1728,18%@1728,0%@1728,9%@1728] GR3D_FREQ 99% cpu@71.843C soc2@70.531C soc0@70.812C gpu@73.75C tj@73.75C soc1@71.281C VDD_IN 22275mW/21807mW VDD_CPU_GPU_CV 9076mW/8873mW VDD_SOC 6040mW/5926mW
08-04-2026 08:50:30 RAM 4043/7620MB (lfb 29x1MB) SWAP 2644/12002MB (cached 127MB) CPU [10%@1728,18%@1728,0%@1728,9%@1728,9%@1728,9%@1728] GR3D_FREQ 99% cpu@71.781C soc2@70.468C soc0@70.843C gpu@74.125C tj@74.125C soc1@71.375C VDD_IN 22195mW/21807mW VDD_CPU_GPU_CV 9076mW/8873mW VDD_SOC 6000mW/5926mW
08-04-2026 08:50:30 RAM 4043/7620MB (lfb 29x1MB) SWAP 2644/12002MB (cached 127MB) CPU [0%@1728,0%@1728,11%@1728,0%@1728,0%@1728,0%@1728] GR3D_FREQ 96% cpu@71.812C soc2@70.531C soc0@70.875C gpu@74.031C tj@74.031C soc1@71.375C VDD_IN 22195mW/21808mW VDD_CPU_GPU_CV 9036mW/8874mW VDD_SOC 6040mW/5926mW
08-04-2026 08:50:30 RAM 4043/7620MB (lfb 29x1MB) SWAP 2644/12002MB (cached 127MB) CPU [9%@1728,0%@1728,9%@1728,0%@1728,0%@1728,9%@1728] GR3D_FREQ 99% cpu@72.062C soc2@70.593C soc0@71.031C gpu@73.937C tj@73.937C soc1@71.437C VDD_IN 22195mW/21808mW VDD_CPU_GPU_CV 9036mW/8874mW VDD_SOC 6040mW/5926mW
08-04-2026 08:50:30 RAM 4045/7620MB (lfb 29x1MB) SWAP 2644/12002MB (cached 127MB) CPU [27%@1728,9%@1728,10%@1728,0%@1728,0%@1728,0%@1728] GR3D_FREQ 99% cpu@72.125C soc2@70.531C soc0@70.812C gpu@74.218C tj@73.781C soc1@71.25C VDD_IN 22235mW/21808mW VDD_CPU_GPU_CV 9076mW/8874mW VDD_SOC 6040mW/5927mW
08-04-2026 08:50:31 RAM 4045/7620MB (lfb 29x1MB) SWAP 2644/12002MB (cached 127MB) CPU [8%@1728,0%@1728,10%@1728,0%@1728,0%@1728,0%@1728] GR3D_FREQ 96% cpu@71.781C soc2@70.562C soc0@70.843C gpu@73.937C tj@73.937C soc1@71.281C VDD_IN 22235mW/21809mW VDD_CPU_GPU_CV 9036mW/8874mW VDD_SOC 6040mW/5927mW
08-04-2026 08:50:31 RAM 4045/7620MB (lfb 29x1MB) SWAP 2644/12002MB (cached 127MB) CPU [0%@1728,0%@1728,9%@1728,0%@1728,0%@1728,0%@1728] GR3D_FREQ 99% cpu@71.843C soc2@70.656C soc0@70.906C gpu@73.875C tj@73.875C soc1@71.437C VDD_IN 22235mW/21809mW VDD_CPU_GPU_CV 9036mW/8874mW VDD_SOC 6040mW/5927mW
08-04-2026 08:50:31 RAM 4045/7620MB (lfb 29x1MB) SWAP 2644/12002MB (cached 127MB) CPU [0%@1728,9%@1728,16%@1728,0%@1728,9%@1728,9%@1728] GR3D_FREQ 99% cpu@72.031C soc2@70.625C soc0@70.968C gpu@73.75C tj@73.75C soc1@71.25C VDD_IN 22235mW/21810mW VDD_CPU_GPU_CV 9036mW/8874mW VDD_SOC 6080mW/5927mW
08-04-2026 08:50:31 RAM 4045/7620MB (lfb 29x1MB) SWAP 2644/12002MB (cached 127MB) CPU [0%@1728,0%@1728,0%@1728,0%@1728,9%@1728,0%@1728] GR3D_FREQ 99% cpu@72.156C soc2@70.437C soc0@70.812C gpu@73.875C tj@73.875C soc1@71.218C VDD_IN 22275mW/21810mW VDD_CPU_GPU_CV 9036mW/8875mW VDD_SOC 6080mW/5927mW
08-04-2026 08:50:31 RAM 4045/7620MB (lfb 29x1MB) SWAP 2644/12002MB (cached 127MB) CPU [0%@1728,15%@1728,9%@1728,9%@1728,0%@1728,0%@1728] GR3D_FREQ 99% cpu@71.718C soc2@70.468C soc0@70.781C gpu@73.875C tj@73.875C soc1@71.343C VDD_IN 22275mW/21811mW VDD_CPU_GPU_CV 9036mW/8875mW VDD_SOC 6080mW/5927mW
08-04-2026 08:50:31 RAM 4045/7620MB (lfb 29x1MB) SWAP 2644/12002MB (cached 127MB) CPU [9%@1728,10%@1728,18%@1728,0%@1728,0%@1728,16%@1728] GR3D_FREQ 99% cpu@72.156C soc2@70.531C soc0@70.875C gpu@73.531C tj@73.531C soc1@71.437C VDD_IN 22275mW/21811mW VDD_CPU_GPU_CV 9036mW/8875mW VDD_SOC 6080mW/5927mW
08-04-2026 08:50:31 RAM 4045/7620MB (lfb 29x1MB) SWAP 2644/12002MB (cached 127MB) CPU [0%@1728,0%@1728,10%@1728,0%@1728,10%@1728,0%@1728] GR3D_FREQ 99% cpu@71.937C soc2@70.593C soc0@70.75C gpu@73.656C tj@73.656C soc1@71.281C VDD_IN 22235mW/21811mW VDD_CPU_GPU_CV 9036mW/8875mW VDD_SOC 6080mW/5927mW
08-04-2026 08:50:31 RAM 4045/7620MB (lfb 29x1MB) SWAP 2644/12002MB (cached 127MB) CPU [9%@1728,9%@1728,18%@1728,0%@1728,15%@1728,9%@1728] GR3D_FREQ 99% cpu@72.281C soc2@70.468C soc0@70.812C gpu@74.125C tj@74.125C soc1@71.312C VDD_IN 22195mW/21812mW VDD_CPU_GPU_CV 9036mW/8875mW VDD_SOC 6040mW/5928mW
08-04-2026 08:50:31 RAM 4046/7620MB (lfb 29x1MB) SWAP 2644/12002MB (cached 127MB) CPU [20%@1728,18%@1728,25%@1728,0%@1728,0%@1728,0%@1728] GR3D_FREQ 99% cpu@71.906C soc2@70.5C soc0@70.875C gpu@73.562C tj@73.875C soc1@71.406C VDD_IN 22235mW/21812mW VDD_CPU_GPU_CV 9036mW/8875mW VDD_SOC 6040mW/5928mW
08-04-2026 08:50:31 RAM 4046/7620MB (lfb 29x1MB) SWAP 2644/12002MB (cached 127MB) CPU [10%@1728,0%@1728,0%@1728,9%@1728,0%@1728,0%@1728] GR3D_FREQ 99% cpu@71.937C soc2@70.656C soc0@70.937C gpu@73.718C tj@73.718C soc1@71.437C VDD_IN 22275mW/21812mW VDD_CPU_GPU_CV 9076mW/8875mW VDD_SOC 6040mW/5928mW
08-04-2026 08:50:32 RAM 4046/7620MB (lfb 29x1MB) SWAP 2644/12002MB (cached 127MB) CPU [9%@1728,8%@1728,0%@1728,0%@1728,0%@1728,0%@1728] GR3D_FREQ 99% cpu@71.968C soc2@70.687C soc0@70.843C gpu@74.187C tj@74.187C soc1@71.25C VDD_IN 22275mW/21813mW VDD_CPU_GPU_CV 9036mW/8876mW VDD_SOC 6040mW/5928mW
08-04-2026 08:50:32 RAM 4046/7620MB (lfb 29x1MB) SWAP 2644/12002MB (cached 127MB) CPU [10%@1728,0%@1728,0%@1728,0%@1728,0%@1728,0%@1728] GR3D_FREQ 99% cpu@72.093C soc2@70.531C soc0@70.781C gpu@73.906C tj@73.906C soc1@71.281C VDD_IN 22235mW/21813mW VDD_CPU_GPU_CV 9036mW/8876mW VDD_SOC 6040mW/5928mW
08-04-2026 08:50:32 RAM 4046/7620MB (lfb 29x1MB) SWAP 2644/12002MB (cached 127MB) CPU [18%@1728,0%@1728,0%@1728,0%@1728,9%@1728,0%@1728] GR3D_FREQ 99% cpu@71.843C soc2@70.656C soc0@70.968C gpu@73.812C tj@73.812C soc1@71.375C VDD_IN 22235mW/21814mW VDD_CPU_GPU_CV 8996mW/8876mW VDD_SOC 6040mW/5928mW
08-04-2026 08:50:32 RAM 4046/7620MB (lfb 29x1MB) SWAP 2644/12002MB (cached 127MB) CPU [16%@1728,9%@1728,9%@1728,0%@1728,0%@1728,0%@1728] GR3D_FREQ 99% cpu@71.906C soc2@70.593C soc0@71C gpu@74.156C tj@74.156C soc1@71.531C VDD_IN 22195mW/21814mW VDD_CPU_GPU_CV 9036mW/8876mW VDD_SOC 6040mW/5928mW
08-04-2026 08:50:32 RAM 4046/7620MB (lfb 29x1MB) SWAP 2644/12002MB (cached 127MB) CPU [18%@1728,0%@1728,0%@1728,0%@1728,0%@1728,9%@1728] GR3D_FREQ 97% cpu@72.031C soc2@70.656C soc0@70.843C gpu@73.968C tj@73.968C soc1@71.218C VDD_IN 22235mW/21814mW VDD_CPU_GPU_CV 8996mW/8876mW VDD_SOC 6040mW/5928mW
08-04-2026 08:50:32 RAM 4046/7620MB (lfb 29x1MB) SWAP 2644/12002MB (cached 127MB) CPU [10%@1728,18%@1728,9%@1728,9%@1728,18%@1728,9%@1728] GR3D_FREQ 99% cpu@72.093C soc2@70.531C soc0@70.875C gpu@73.875C tj@73.875C soc1@71.406C VDD_IN 22195mW/21815mW VDD_CPU_GPU_CV 8996mW/8876mW VDD_SOC 6040mW/5928mW
08-04-2026 08:50:32 RAM 4046/7620MB (lfb 29x1MB) SWAP 2644/12002MB (cached 127MB) CPU [16%@1728,0%@1728,9%@1728,0%@1728,0%@1728,0%@1728] GR3D_FREQ 99% cpu@71.812C soc2@70.625C soc0@70.843C gpu@74.125C tj@74.125C soc1@71.406C VDD_IN 22195mW/21815mW VDD_CPU_GPU_CV 9036mW/8876mW VDD_SOC 6040mW/5928mW
08-04-2026 08:50:32 RAM 4046/7620MB (lfb 29x1MB) SWAP 2644/12002MB (cached 127MB) CPU [18%@1728,0%@1728,0%@1728,0%@1728,0%@1728,9%@1728] GR3D_FREQ 99% cpu@71.875C soc2@70.687C soc0@70.937C gpu@73.968C tj@73.968C soc1@71.531C VDD_IN 22195mW/21815mW VDD_CPU_GPU_CV 8996mW/8876mW VDD_SOC 6040mW/5929mW
08-04-2026 08:50:32 RAM 4045/7620MB (lfb 29x1MB) SWAP 2644/12002MB (cached 127MB) CPU [10%@1728,0%@1728,20%@1728,18%@1728,8%@1728,0%@1728] GR3D_FREQ 99% cpu@71.937C soc2@70.656C soc0@70.843C gpu@73.968C tj@73.968C soc1@71.406C VDD_IN 22275mW/21816mW VDD_CPU_GPU_CV 9036mW/8877mW VDD_SOC 6040mW/5929mW
08-04-2026 08:50:33 RAM 4045/7620MB (lfb 29x1MB) SWAP 2644/12002MB (cached 127MB) CPU [10%@1728,0%@1728,9%@1728,0%@1728,0%@1728,9%@1728] GR3D_FREQ 99% cpu@71.812C soc2@70.5C soc0@70.937C gpu@73.812C tj@73.812C soc1@71.375C VDD_IN 22235mW/21816mW VDD_CPU_GPU_CV 9076mW/8877mW VDD_SOC 6040mW/5929mW
08-04-2026 08:50:33 RAM 4045/7620MB (lfb 29x1MB) SWAP 2644/12002MB (cached 127MB) CPU [10%@1728,0%@1728,0%@1728,0%@1728,0%@1728,0%@1728] GR3D_FREQ 96% cpu@71.843C soc2@70.656C soc0@70.937C gpu@74.062C tj@74.062C soc1@71.5C VDD_IN 22235mW/21817mW VDD_CPU_GPU_CV 9036mW/8877mW VDD_SOC 6040mW/5929mW
08-04-2026 08:50:33 RAM 4047/7620MB (lfb 28x1MB) SWAP 2644/12002MB (cached 127MB) CPU [0%@1728,9%@1728,9%@1728,8%@1728,0%@1728,0%@1728] GR3D_FREQ 99% cpu@71.968C soc2@70.656C soc0@71.125C gpu@74C tj@74C soc1@71.531C VDD_IN 22315mW/21817mW VDD_CPU_GPU_CV 9076mW/8877mW VDD_SOC 6080mW/5929mW
08-04-2026 08:50:33 RAM 4047/7620MB (lfb 28x1MB) SWAP 2644/12002MB (cached 127MB) CPU [10%@1728,9%@1728,0%@1728,9%@1728,0%@1728,9%@1728] GR3D_FREQ 99% cpu@71.875C soc2@70.593C soc0@70.843C gpu@73.843C tj@73.843C soc1@71.375C VDD_IN 22275mW/21817mW VDD_CPU_GPU_CV 9076mW/8877mW VDD_SOC 6080mW/5929mW
08-04-2026 08:50:33 RAM 4047/7620MB (lfb 28x1MB) SWAP 2644/12002MB (cached 127MB) CPU [10%@1728,9%@1728,33%@1728,0%@1728,18%@1728,0%@1728] GR3D_FREQ 94% cpu@71.937C soc2@70.625C soc0@70.906C gpu@73.781C tj@73.781C soc1@71.406C VDD_IN 22355mW/21818mW VDD_CPU_GPU_CV 9076mW/8877mW VDD_SOC 6080mW/5929mW
08-04-2026 08:50:33 RAM 4047/7620MB (lfb 28x1MB) SWAP 2644/12002MB (cached 127MB) CPU [18%@1728,9%@1728,0%@1728,9%@1728,0%@1728,0%@1728] GR3D_FREQ 99% cpu@72.062C soc2@70.625C soc0@70.906C gpu@73.937C tj@73.937C soc1@71.406C VDD_IN 22275mW/21818mW VDD_CPU_GPU_CV 9076mW/8878mW VDD_SOC 6080mW/5929mW
08-04-2026 08:50:33 RAM 4047/7620MB (lfb 28x1MB) SWAP 2644/12002MB (cached 127MB) CPU [9%@1728,10%@1728,16%@1728,0%@1728,0%@1728,0%@1728] GR3D_FREQ 99% cpu@71.937C soc2@70.656C soc0@71.125C gpu@73.812C tj@73.812C soc1@71.656C VDD_IN 22195mW/21819mW VDD_CPU_GPU_CV 9036mW/8878mW VDD_SOC 6040mW/5929mW
08-04-2026 08:50:33 RAM 4045/7620MB (lfb 28x1MB) SWAP 2644/12002MB (cached 127MB) CPU [20%@1728,9%@1728,18%@1728,20%@1728,15%@1728,9%@1728] GR3D_FREQ 95% cpu@72.343C soc2@70.625C soc0@70.875C gpu@73.687C tj@73.687C soc1@71.375C VDD_IN 22235mW/21819mW VDD_CPU_GPU_CV 9036mW/8878mW VDD_SOC 6080mW/5930mW
08-04-2026 08:50:33 RAM 4048/7620MB (lfb 28x1MB) SWAP 2644/12002MB (cached 127MB) CPU [16%@1728,18%@1728,11%@1728,10%@1728,9%@1728,9%@1728] GR3D_FREQ 99% cpu@71.875C soc2@70.718C soc0@71C gpu@74.218C tj@74.218C soc1@71.406C VDD_IN 22275mW/21819mW VDD_CPU_GPU_CV 9116mW/8878mW VDD_SOC 6040mW/5930mW
08-04-2026 08:50:33 RAM 4048/7620MB (lfb 28x1MB) SWAP 2644/12002MB (cached 127MB) CPU [18%@1728,0%@1728,9%@1728,9%@1728,0%@1728,0%@1728] GR3D_FREQ 99% cpu@71.875C soc2@70.687C soc0@70.906C gpu@73.75C tj@73.75C soc1@71.5C VDD_IN 22275mW/21820mW VDD_CPU_GPU_CV 9076mW/8878mW VDD_SOC 6040mW/5930mW
08-04-2026 08:50:34 RAM 4048/7620MB (lfb 28x1MB) SWAP 2644/12002MB (cached 127MB) CPU [10%@1728,0%@1728,0%@1728,0%@1728,0%@1728,9%@1728] GR3D_FREQ 99% cpu@72.25C soc2@70.656C soc0@71.125C gpu@73.843C tj@73.843C soc1@71.531C VDD_IN 22315mW/21820mW VDD_CPU_GPU_CV 9076mW/8879mW VDD_SOC 6080mW/5930mW
08-04-2026 08:50:34 RAM 4048/7620MB (lfb 28x1MB) SWAP 2644/12002MB (cached 127MB) CPU [9%@1728,10%@1728,0%@1728,20%@1728,0%@1728,0%@1728] GR3D_FREQ 99% cpu@72.281C soc2@70.593C soc0@70.968C gpu@74.218C tj@74.218C soc1@71.343C VDD_IN 22315mW/21821mW VDD_CPU_GPU_CV 9116mW/8879mW VDD_SOC 6080mW/5930mW
08-04-2026 08:50:34 RAM 4048/7620MB (lfb 28x1MB) SWAP 2644/12002MB (cached 127MB) CPU [20%@1728,23%@1728,16%@1728,54%@1728,9%@1728,9%@1728] GR3D_FREQ 95% cpu@72.25C soc2@70.656C soc0@70.937C gpu@73.968C tj@73.968C soc1@71.531C VDD_IN 22355mW/21821mW VDD_CPU_GPU_CV 9116mW/8879mW VDD_SOC 6080mW/5930mW
08-04-2026 08:50:34 RAM 4048/7620MB (lfb 28x1MB) SWAP 2644/12002MB (cached 127MB) CPU [9%@1728,0%@1728,0%@1728,0%@1728,0%@1728,9%@1728] GR3D_FREQ 99% cpu@72.093C soc2@70.75C soc0@71.031C gpu@74.437C tj@74.437C soc1@71.531C VDD_IN 22355mW/21822mW VDD_CPU_GPU_CV 9116mW/8879mW VDD_SOC 6080mW/5930mW
08-04-2026 08:50:34 RAM 4048/7620MB (lfb 28x1MB) SWAP 2644/12002MB (cached 127MB) CPU [0%@1728,8%@1728,0%@1728,9%@1728,0%@1728,0%@1728] GR3D_FREQ 99% cpu@72.25C soc2@70.718C soc0@71.125C gpu@74.218C tj@74.218C soc1@71.406C VDD_IN 22315mW/21822mW VDD_CPU_GPU_CV 9076mW/8879mW VDD_SOC 6080mW/5930mW
08-04-2026 08:50:34 RAM 4048/7620MB (lfb 28x1MB) SWAP 2644/12002MB (cached 127MB) CPU [30%@1728,18%@1728,0%@1728,10%@1728,16%@1728,16%@1728] GR3D_FREQ 95% cpu@72.375C soc2@70.625C soc0@70.906C gpu@73.937C tj@73.937C soc1@71.437C VDD_IN 22235mW/21823mW VDD_CPU_GPU_CV 9036mW/8879mW VDD_SOC 6040mW/5931mW
08-04-2026 08:50:34 RAM 4048/7620MB (lfb 28x1MB) SWAP 2644/12002MB (cached 127MB) CPU [9%@1728,9%@1728,23%@1728,0%@1728,0%@1728,0%@1728] GR3D_FREQ 99% cpu@71.843C soc2@70.718C soc0@70.937C gpu@74C tj@74C soc1@71.375C VDD_IN 22275mW/21823mW VDD_CPU_GPU_CV 9076mW/8880mW VDD_SOC 6080mW/5931mW
08-04-2026 08:50:34 RAM 4048/7620MB (lfb 28x1MB) SWAP 2644/12002MB (cached 127MB) CPU [10%@1728,0%@1728,0%@1728,9%@1728,0%@1728,0%@1728] GR3D_FREQ 99% cpu@72.031C soc2@70.656C soc0@71.031C gpu@74.218C tj@74.218C soc1@71.562C VDD_IN 22195mW/21823mW VDD_CPU_GPU_CV 9036mW/8880mW VDD_SOC 6040mW/5931mW
08-04-2026 08:50:34 RAM 4047/7620MB (lfb 28x1MB) SWAP 2644/12002MB (cached 127MB) CPU [10%@1728,10%@1728,18%@1728,18%@1728,9%@1728,9%@1728] GR3D_FREQ 95% cpu@72.218C soc2@70.843C soc0@71.187C gpu@74C tj@74C soc1@71.687C VDD_IN 22315mW/21824mW VDD_CPU_GPU_CV 9076mW/8880mW VDD_SOC 6080mW/5931mW
08-04-2026 08:50:35 RAM 4047/7620MB (lfb 28x1MB) SWAP 2644/12002MB (cached 127MB) CPU [9%@1728,0%@1728,0%@1728,0%@1728,0%@1728,0%@1728] GR3D_FREQ 99% cpu@72.25C soc2@70.656C soc0@70.968C gpu@73.968C tj@73.968C soc1@71.437C VDD_IN 22275mW/21824mW VDD_CPU_GPU_CV 9076mW/8880mW VDD_SOC 6080mW/5931mW
08-04-2026 08:50:35 RAM 4047/7620MB (lfb 28x1MB) SWAP 2644/12002MB (cached 127MB) CPU [0%@1728,8%@1728,9%@1728,0%@1728,8%@1728,0%@1728] GR3D_FREQ 99% cpu@72.062C soc2@70.718C soc0@71.093C gpu@74C tj@74C soc1@71.531C VDD_IN 22275mW/21824mW VDD_CPU_GPU_CV 9076mW/8880mW VDD_SOC 6080mW/5931mW
08-04-2026 08:50:35 RAM 4047/7620MB (lfb 28x1MB) SWAP 2644/12002MB (cached 127MB) CPU [10%@1728,9%@1728,0%@1728,9%@1728,0%@1728,9%@1728] GR3D_FREQ 97% cpu@72.093C soc2@70.812C soc0@71C gpu@74.093C tj@74.093C soc1@71.562C VDD_IN 22315mW/21825mW VDD_CPU_GPU_CV 9076mW/8880mW VDD_SOC 6080mW/5931mW
08-04-2026 08:50:35 RAM 4047/7620MB (lfb 28x1MB) SWAP 2644/12002MB (cached 127MB) CPU [28%@1728,0%@1728,0%@1728,0%@1728,0%@1728,10%@1728] GR3D_FREQ 99% cpu@72.093C soc2@70.718C soc0@71.218C gpu@74C tj@74C soc1@71.375C VDD_IN 22315mW/21825mW VDD_CPU_GPU_CV 9076mW/8881mW VDD_SOC 6080mW/5931mW
08-04-2026 08:50:35 RAM 4047/7620MB (lfb 28x1MB) SWAP 2644/12002MB (cached 127MB) CPU [0%@1728,8%@1728,0%@1728,9%@1728,0%@1728,9%@1728] GR3D_FREQ 99% cpu@72.218C soc2@70.656C soc0@70.968C gpu@73.875C tj@73.875C soc1@71.468C VDD_IN 22315mW/21826mW VDD_CPU_GPU_CV 9076mW/8881mW VDD_SOC 6080mW/5932mW
08-04-2026 08:50:35 RAM 4047/7620MB (lfb 28x1MB) SWAP 2644/12002MB (cached 127MB) CPU [18%@1728,10%@1728,9%@1728,0%@1728,0%@1728,0%@1728] GR3D_FREQ 96% cpu@72.031C soc2@70.687C soc0@71C gpu@73.75C tj@73.75C soc1@71.531C VDD_IN 22275mW/21826mW VDD_CPU_GPU_CV 9036mW/8881mW VDD_SOC 6080mW/5932mW
08-04-2026 08:50:35 RAM 4047/7620MB (lfb 28x1MB) SWAP 2644/12002MB (cached 127MB) CPU [0%@1728,10%@1728,0%@1728,0%@1728,0%@1728,0%@1728] GR3D_FREQ 99% cpu@72.062C soc2@70.718C soc0@71.156C gpu@74.281C tj@74.281C soc1@71.5C VDD_IN 22235mW/21827mW VDD_CPU_GPU_CV 9036mW/8881mW VDD_SOC 6080mW/5932mW
08-04-2026 08:50:35 RAM 4047/7620MB (lfb 28x1MB) SWAP 2644/12002MB (cached 127MB) CPU [10%@1728,0%@1728,0%@1728,0%@1728,0%@1728,9%@1728] GR3D_FREQ 99% cpu@72.093C soc2@70.812C soc0@70.968C gpu@73.937C tj@73.937C soc1@71.375C VDD_IN 22195mW/21827mW VDD_CPU_GPU_CV 9036mW/8881mW VDD_SOC 6040mW/5932mW
08-04-2026 08:50:35 RAM 4048/7620MB (lfb 28x1MB) SWAP 2644/12002MB (cached 127MB) CPU [18%@1728,9%@1728,10%@1728,18%@1728,0%@1728,0%@1728] GR3D_FREQ 96% cpu@72.406C soc2@70.687C soc0@70.968C gpu@74.281C tj@74.281C soc1@71.437C VDD_IN 22275mW/21827mW VDD_CPU_GPU_CV 9036mW/8881mW VDD_SOC 6080mW/5932mW
08-04-2026 08:50:35 RAM 4047/7620MB (lfb 28x1MB) SWAP 2644/12002MB (cached 127MB) CPU [18%@1728,0%@1728,0%@1728,9%@1728,0%@1728,0%@1728] GR3D_FREQ 99% cpu@71.937C soc2@70.843C soc0@71C gpu@74.281C tj@74.281C soc1@71.5C VDD_IN 22275mW/21828mW VDD_CPU_GPU_CV 9076mW/8882mW VDD_SOC 6080mW/5932mW
08-04-2026 08:50:36 RAM 4047/7620MB (lfb 28x1MB) SWAP 2644/12002MB (cached 127MB) CPU [9%@1728,0%@1728,0%@1728,0%@1728,0%@1728,0%@1728] GR3D_FREQ 99% cpu@72.031C soc2@70.781C soc0@71.062C gpu@73.843C tj@73.843C soc1@71.625C VDD_IN 22275mW/21828mW VDD_CPU_GPU_CV 9036mW/8882mW VDD_SOC 6080mW/5932mW
08-04-2026 08:50:36 RAM 4047/7620MB (lfb 28x1MB) SWAP 2644/12002MB (cached 127MB) CPU [10%@1728,0%@1728,0%@1728,0%@1728,0%@1728,8%@1728] GR3D_FREQ 98% cpu@71.968C soc2@70.625C soc0@71.187C gpu@74.406C tj@74.406C soc1@71.531C VDD_IN 22275mW/21828mW VDD_CPU_GPU_CV 9036mW/8882mW VDD_SOC 6080mW/5932mW
08-04-2026 08:50:36 RAM 4047/7620MB (lfb 28x1MB) SWAP 2644/12002MB (cached 127MB) CPU [0%@1728,0%@1728,0%@1728,0%@1728,0%@1728,10%@1728] GR3D_FREQ 99% cpu@71.937C soc2@70.718C soc0@71C gpu@74.25C tj@74.25C soc1@71.5C VDD_IN 22275mW/21829mW VDD_CPU_GPU_CV 9036mW/8882mW VDD_SOC 6080mW/5933mW
08-04-2026 08:50:36 RAM 4047/7620MB (lfb 28x1MB) SWAP 2644/12002MB (cached 127MB) CPU [18%@1728,0%@1728,9%@1728,9%@1728,0%@1728,0%@1728] GR3D_FREQ 99% cpu@71.968C soc2@70.562C soc0@71C gpu@74.031C tj@74.031C soc1@71.562C VDD_IN 22315mW/21829mW VDD_CPU_GPU_CV 9036mW/8882mW VDD_SOC 6080mW/5933mW
08-04-2026 08:50:36 RAM 4047/7620MB (lfb 28x1MB) SWAP 2644/12002MB (cached 127MB) CPU [0%@1728,10%@1728,8%@1728,0%@1728,0%@1728,16%@1728] GR3D_FREQ 99% cpu@72C soc2@70.843C soc0@71.281C gpu@73.937C tj@73.937C soc1@71.562C VDD_IN 22315mW/21830mW VDD_CPU_GPU_CV 9036mW/8882mW VDD_SOC 6080mW/5933mW
08-04-2026 08:50:36 RAM 4047/7620MB (lfb 28x1MB) SWAP 2644/12002MB (cached 127MB) CPU [10%@1728,0%@1728,0%@1728,25%@1728,10%@1728,9%@1728] GR3D_FREQ 99% cpu@72.031C soc2@70.718C soc0@70.968C gpu@74.156C tj@74.156C soc1@71.437C VDD_IN 22235mW/21830mW VDD_CPU_GPU_CV 9036mW/8882mW VDD_SOC 6040mW/5933mW
08-04-2026 08:50:36 RAM 4047/7620MB (lfb 28x1MB) SWAP 2644/12002MB (cached 127MB) CPU [10%@1728,9%@1728,0%@1728,0%@1728,8%@1728,0%@1728] GR3D_FREQ 99% cpu@71.968C soc2@70.812C soc0@71.031C gpu@73.937C tj@73.937C soc1@71.406C VDD_IN 22235mW/21830mW VDD_CPU_GPU_CV 8996mW/8882mW VDD_SOC 6040mW/5933mW
08-04-2026 08:50:36 RAM 4047/7620MB (lfb 28x1MB) SWAP 2644/12002MB (cached 127MB) CPU [9%@1728,0%@1728,9%@1728,0%@1728,9%@1728,0%@1728] GR3D_FREQ 99% cpu@72.031C soc2@70.75C soc0@70.968C gpu@74C tj@74C soc1@71.531C VDD_IN 22235mW/21831mW VDD_CPU_GPU_CV 8996mW/8883mW VDD_SOC 6040mW/5933mW
08-04-2026 08:50:36 RAM 4045/7620MB (lfb 28x1MB) SWAP 2644/12002MB (cached 127MB) CPU [27%@1728,11%@1728,20%@1728,36%@1728,0%@1728,9%@1728] GR3D_FREQ 99% cpu@72.125C soc2@70.906C soc0@71.125C gpu@73.968C tj@73.968C soc1@71.687C VDD_IN 22275mW/21831mW VDD_CPU_GPU_CV 9076mW/8883mW VDD_SOC 6040mW/5933mW
08-04-2026 08:50:37 RAM 4045/7620MB (lfb 28x1MB) SWAP 2644/12002MB (cached 127MB) CPU [18%@1728,0%@1728,0%@1728,0%@1728,9%@1728,9%@1728] GR3D_FREQ 99% cpu@72.312C soc2@70.718C soc0@70.906C gpu@74.062C tj@74.062C soc1@71.437C VDD_IN 22275mW/21832mW VDD_CPU_GPU_CV 9076mW/8883mW VDD_SOC 6040mW/5933mW
08-04-2026 08:50:37 RAM 4045/7620MB (lfb 28x1MB) SWAP 2644/12002MB (cached 127MB) CPU [0%@1728,0%@1728,9%@1728,8%@1728,0%@1728,0%@1728] GR3D_FREQ 99% cpu@72.031C soc2@70.687C soc0@71C gpu@74.031C tj@74.031C soc1@71.5C VDD_IN 22275mW/21832mW VDD_CPU_GPU_CV 9036mW/8883mW VDD_SOC 6080mW/5933mW
08-04-2026 08:50:37 RAM 4045/7620MB (lfb 28x1MB) SWAP 2644/12002MB (cached 127MB) CPU [0%@1728,0%@1728,0%@1728,0%@1728,9%@1728,0%@1728] GR3D_FREQ 99% cpu@71.968C soc2@70.718C soc0@71.031C gpu@74.125C tj@74.125C soc1@71.531C VDD_IN 22235mW/21832mW VDD_CPU_GPU_CV 9036mW/8883mW VDD_SOC 6040mW/5934mW
08-04-2026 08:50:37 RAM 4044/7620MB (lfb 28x1MB) SWAP 2644/12002MB (cached 127MB) CPU [18%@1728,9%@1728,0%@1728,0%@1728,9%@1728,9%@1728] GR3D_FREQ 99% cpu@72.218C soc2@70.843C soc0@71.156C gpu@74.125C tj@74.125C soc1@71.531C VDD_IN 22235mW/21833mW VDD_CPU_GPU_CV 9036mW/8883mW VDD_SOC 6080mW/5934mW
08-04-2026 08:50:37 RAM 4044/7620MB (lfb 28x1MB) SWAP 2644/12002MB (cached 127MB) CPU [10%@1728,0%@1728,0%@1728,0%@1728,0%@1728,0%@1728] GR3D_FREQ 99% cpu@72.218C soc2@70.687C soc0@70.937C gpu@74.031C tj@74.031C soc1@71.468C VDD_IN 22315mW/21833mW VDD_CPU_GPU_CV 9076mW/8883mW VDD_SOC 6080mW/5934mW
08-04-2026 08:50:37 RAM 4044/7620MB (lfb 28x1MB) SWAP 2644/12002MB (cached 127MB) CPU [16%@1728,8%@1728,9%@1728,18%@1728,16%@1728,9%@1728] GR3D_FREQ 99% cpu@72.031C soc2@70.687C soc0@70.968C gpu@73.937C tj@73.937C soc1@71.468C VDD_IN 22315mW/21833mW VDD_CPU_GPU_CV 9116mW/8884mW VDD_SOC 6080mW/5934mW
08-04-2026 08:50:37 RAM 4044/7620MB (lfb 28x1MB) SWAP 2644/12002MB (cached 127MB) CPU [0%@1728,10%@1728,18%@1728,10%@1728,9%@1728,9%@1728] GR3D_FREQ 99% cpu@71.968C soc2@70.781C soc0@71.062C gpu@74.25C tj@74.25C soc1@71.531C VDD_IN 22275mW/21834mW VDD_CPU_GPU_CV 9076mW/8884mW VDD_SOC 6080mW/5934mW
08-04-2026 08:50:37 RAM 4044/7620MB (lfb 28x1MB) SWAP 2644/12002MB (cached 127MB) CPU [0%@1728,0%@1728,9%@1728,0%@1728,0%@1728,0%@1728] GR3D_FREQ 99% cpu@72.156C soc2@70.812C soc0@71.156C gpu@74C tj@74.25C soc1@71.656C VDD_IN 22235mW/21834mW VDD_CPU_GPU_CV 9036mW/8884mW VDD_SOC 6040mW/5934mW
08-04-2026 08:50:37 RAM 4048/7620MB (lfb 28x1MB) SWAP 2644/12002MB (cached 127MB) CPU [0%@1728,20%@1728,10%@1728,10%@1728,0%@1728,0%@1728] GR3D_FREQ 99% cpu@72.468C soc2@70.687C soc0@71.031C gpu@73.843C tj@73.843C soc1@71.406C VDD_IN 22275mW/21835mW VDD_CPU_GPU_CV 9076mW/8884mW VDD_SOC 6040mW/5934mW
08-04-2026 08:50:37 RAM 4047/7620MB (lfb 28x1MB) SWAP 2644/12002MB (cached 127MB) CPU [0%@1728,8%@1728,18%@1728,0%@1728,0%@1728,0%@1728] GR3D_FREQ 99% cpu@72.437C soc2@70.812C soc0@71.062C gpu@74.218C tj@74.218C soc1@71.437C VDD_IN 22275mW/21835mW VDD_CPU_GPU_CV 9036mW/8884mW VDD_SOC 6080mW/5934mW
08-04-2026 08:50:38 RAM 4047/7620MB (lfb 28x1MB) SWAP 2644/12002MB (cached 127MB) CPU [0%@1728,0%@1728,0%@1728,0%@1728,0%@1728,0%@1728] GR3D_FREQ 99% cpu@72.062C soc2@70.812C soc0@71.156C gpu@74.25C tj@74.25C soc1@71.5C VDD_IN 22235mW/21835mW VDD_CPU_GPU_CV 9036mW/8884mW VDD_SOC 6080mW/5935mW
08-04-2026 08:50:38 RAM 4047/7620MB (lfb 28x1MB) SWAP 2644/12002MB (cached 127MB) CPU [0%@1728,0%@1728,10%@1728,8%@1728,16%@1728,0%@1728] GR3D_FREQ 99% cpu@72.312C soc2@70.843C soc0@71.25C gpu@73.937C tj@73.937C soc1@71.625C VDD_IN 22275mW/21836mW VDD_CPU_GPU_CV 9036mW/8885mW VDD_SOC 6080mW/5935mW
08-04-2026 08:50:38 RAM 4047/7620MB (lfb 28x1MB) SWAP 2644/12002MB (cached 127MB) CPU [0%@1728,0%@1728,9%@1728,0%@1728,0%@1728,18%@1728] GR3D_FREQ 99% cpu@72.281C soc2@70.781C soc0@70.906C gpu@74.375C tj@74.375C soc1@71.406C VDD_IN 22315mW/21836mW VDD_CPU_GPU_CV 9076mW/8885mW VDD_SOC 6080mW/5935mW
08-04-2026 08:50:38 RAM 4047/7620MB (lfb 28x1MB) SWAP 2644/12002MB (cached 127MB) CPU [9%@1728,0%@1728,10%@1728,9%@1728,0%@1728,0%@1728] GR3D_FREQ 99% cpu@72.312C soc2@70.718C soc0@71.031C gpu@74.125C tj@74.125C soc1@71.468C VDD_IN 22315mW/21837mW VDD_CPU_GPU_CV 9076mW/8885mW VDD_SOC 6080mW/5935mW
08-04-2026 08:50:38 RAM 4047/7620MB (lfb 28x1MB) SWAP 2644/12002MB (cached 127MB) CPU [38%@1728,10%@1728,18%@1728,9%@1728,9%@1728,0%@1728] GR3D_FREQ 94% cpu@72.25C soc2@70.781C soc0@71C gpu@73.968C tj@73.968C soc1@71.625C VDD_IN 22355mW/21837mW VDD_CPU_GPU_CV 9116mW/8885mW VDD_SOC 6080mW/5935mW
08-04-2026 08:50:38 RAM 4047/7620MB (lfb 28x1MB) SWAP 2644/12002MB (cached 127MB) CPU [0%@1728,16%@1728,9%@1728,20%@1728,0%@1728,0%@1728] GR3D_FREQ 99% cpu@72.125C soc2@70.875C soc0@71.156C gpu@74C tj@74C soc1@71.437C VDD_IN 22275mW/21837mW VDD_CPU_GPU_CV 9076mW/8885mW VDD_SOC 6040mW/5935mW
08-04-2026 08:50:38 RAM 4047/7620MB (lfb 28x1MB) SWAP 2644/12002MB (cached 127MB) CPU [0%@1728,0%@1728,0%@1728,0%@1728,0%@1728,0%@1728] GR3D_FREQ 99% cpu@72.156C soc2@70.843C soc0@70.906C gpu@74.125C tj@74.125C soc1@71.406C VDD_IN 22275mW/21838mW VDD_CPU_GPU_CV 9076mW/8885mW VDD_SOC 6040mW/5935mW
08-04-2026 08:50:38 RAM 4047/7620MB (lfb 28x1MB) SWAP 2644/12002MB (cached 127MB) CPU [0%@1728,0%@1728,10%@1728,9%@1728,0%@1728,0%@1728] GR3D_FREQ 96% cpu@72.531C soc2@70.781C soc0@70.968C gpu@73.906C tj@73.906C soc1@71.5C VDD_IN 22275mW/21838mW VDD_CPU_GPU_CV 9036mW/8886mW VDD_SOC 6080mW/5935mW
08-04-2026 08:50:38 RAM 4047/7620MB (lfb 28x1MB) SWAP 2644/12002MB (cached 127MB) CPU [10%@1728,10%@1728,18%@1728,11%@1728,9%@1728,9%@1728] GR3D_FREQ 99% cpu@72.062C soc2@70.875C soc0@71.031C gpu@73.937C tj@73.937C soc1@71.562C VDD_IN 22315mW/21838mW VDD_CPU_GPU_CV 9076mW/8886mW VDD_SOC 6040mW/5935mW
08-04-2026 08:50:39 RAM 4047/7620MB (lfb 28x1MB) SWAP 2644/12002MB (cached 127MB) CPU [0%@1728,9%@1728,0%@1728,0%@1728,0%@1728,0%@1728] GR3D_FREQ 99% cpu@72.062C soc2@70.812C soc0@71.093C gpu@73.968C tj@73.968C soc1@71.406C VDD_IN 22315mW/21839mW VDD_CPU_GPU_CV 9076mW/8886mW VDD_SOC 6040mW/5935mW
08-04-2026 08:50:39 RAM 4047/7620MB (lfb 28x1MB) SWAP 2644/12002MB (cached 127MB) CPU [0%@1728,0%@1728,18%@1728,0%@1728,0%@1728,0%@1728] GR3D_FREQ 96% cpu@72.281C soc2@70.718C soc0@70.937C gpu@74.031C tj@74.031C soc1@71.5C VDD_IN 22315mW/21839mW VDD_CPU_GPU_CV 9036mW/8886mW VDD_SOC 6040mW/5936mW
08-04-2026 08:50:39 RAM 4047/7620MB (lfb 28x1MB) SWAP 2644/12002MB (cached 127MB) CPU [0%@1728,16%@1728,0%@1728,0%@1728,0%@1728,9%@1728] GR3D_FREQ 99% cpu@72.218C soc2@70.718C soc0@70.906C gpu@74C tj@74C soc1@71.468C VDD_IN 22315mW/21840mW VDD_CPU_GPU_CV 9036mW/8886mW VDD_SOC 6080mW/5936mW
08-04-2026 08:50:39 RAM 4047/7620MB (lfb 28x1MB) SWAP 2644/12002MB (cached 127MB) CPU [16%@1728,0%@1728,18%@1728,8%@1728,0%@1728,9%@1728] GR3D_FREQ 99% cpu@71.937C soc2@70.687C soc0@71C gpu@73.875C tj@73.875C soc1@71.531C VDD_IN 22315mW/21840mW VDD_CPU_GPU_CV 9076mW/8886mW VDD_SOC 6080mW/5936mW
08-04-2026 08:50:39 RAM 4047/7620MB (lfb 28x1MB) SWAP 2644/12002MB (cached 127MB) CPU [0%@1728,0%@1728,0%@1728,0%@1728,0%@1728,0%@1728] GR3D_FREQ 96% cpu@72.093C soc2@70.843C soc0@71.125C gpu@74C tj@74C soc1@71.75C VDD_IN 22355mW/21841mW VDD_CPU_GPU_CV 9036mW/8886mW VDD_SOC 6080mW/5936mW
08-04-2026 08:50:39 RAM 4047/7620MB (lfb 28x1MB) SWAP 2644/12002MB (cached 127MB) CPU [9%@1728,10%@1728,18%@1728,18%@1728,9%@1728,9%@1728] GR3D_FREQ 99% cpu@72.156C soc2@70.656C soc0@70.875C gpu@73.875C tj@73.875C soc1@71.406C VDD_IN 22315mW/21841mW VDD_CPU_GPU_CV 9036mW/8887mW VDD_SOC 6040mW/5936mW
08-04-2026 08:50:39 RAM 4047/7620MB (lfb 28x1MB) SWAP 2644/12002MB (cached 127MB) CPU [0%@1728,10%@1728,0%@1728,0%@1728,0%@1728,0%@1728] GR3D_FREQ 99% cpu@71.906C soc2@70.656C soc0@70.906C gpu@73.906C tj@73.906C soc1@71.5C VDD_IN 22235mW/21841mW VDD_CPU_GPU_CV 9036mW/8887mW VDD_SOC 6040mW/5936mW
08-04-2026 08:50:39 RAM 4047/7620MB (lfb 28x1MB) SWAP 2644/12002MB (cached 127MB) CPU [0%@1728,9%@1728,10%@1728,0%@1728,0%@1728,0%@1728] GR3D_FREQ 98% cpu@71.968C soc2@70.687C soc0@70.968C gpu@74.187C tj@74.187C soc1@71.625C VDD_IN 22195mW/21842mW VDD_CPU_GPU_CV 8996mW/8887mW VDD_SOC 6040mW/5936mW
08-04-2026 08:50:39 RAM 4047/7620MB (lfb 28x1MB) SWAP 2644/12002MB (cached 127MB) CPU [18%@1728,0%@1728,20%@1728,20%@1728,0%@1728,0%@1728] GR3D_FREQ 99% cpu@72.281C soc2@70.75C soc0@71.125C gpu@74.156C tj@74.156C soc1@71.437C VDD_IN 22275mW/21842mW VDD_CPU_GPU_CV 9036mW/8887mW VDD_SOC 6040mW/5936mW
08-04-2026 08:50:39 RAM 4046/7620MB (lfb 28x1MB) SWAP 2644/12002MB (cached 127MB) CPU [16%@1728,36%@1728,18%@1728,16%@1728,0%@1728,16%@1728] GR3D_FREQ 99% cpu@72C soc2@70.593C soc0@70.937C gpu@74.406C tj@74.406C soc1@71.468C VDD_IN 22315mW/21842mW VDD_CPU_GPU_CV 9076mW/8887mW VDD_SOC 6040mW/5936mW
08-04-2026 08:50:40 RAM 4045/7620MB (lfb 28x1MB) SWAP 2644/12002MB (cached 127MB) CPU [9%@1728,0%@1728,10%@1728,9%@1728,0%@1728,9%@1728] GR3D_FREQ 95% cpu@71.937C soc2@70.718C soc0@71C gpu@74.031C tj@74.031C soc1@71.531C VDD_IN 22315mW/21843mW VDD_CPU_GPU_CV 9036mW/8887mW VDD_SOC 6080mW/5937mW
08-04-2026 08:50:40 RAM 4045/7620MB (lfb 28x1MB) SWAP 2644/12002MB (cached 127MB) CPU [0%@1728,0%@1728,9%@1728,0%@1728,0%@1728,16%@1728] GR3D_FREQ 99% cpu@71.937C soc2@70.718C soc0@71.093C gpu@74.187C tj@74.187C soc1@71.531C VDD_IN 22275mW/21843mW VDD_CPU_GPU_CV 9076mW/8887mW VDD_SOC 6040mW/5937mW
08-04-2026 08:50:40 RAM 4045/7620MB (lfb 28x1MB) SWAP 2644/12002MB (cached 127MB) CPU [0%@1728,0%@1728,18%@1728,0%@1728,8%@1728,0%@1728] GR3D_FREQ 99% cpu@72.25C soc2@70.75C soc0@70.875C gpu@73.781C tj@73.781C soc1@71.375C VDD_IN 22275mW/21844mW VDD_CPU_GPU_CV 9076mW/8887mW VDD_SOC 6080mW/5937mW
08-04-2026 08:50:40 RAM 4045/7620MB (lfb 28x1MB) SWAP 2644/12002MB (cached 127MB) CPU [8%@1728,0%@1728,0%@1728,0%@1728,0%@1728,0%@1728] GR3D_FREQ 96% cpu@71.937C soc2@70.687C soc0@70.906C gpu@74.093C tj@74.093C soc1@71.437C VDD_IN 22315mW/21844mW VDD_CPU_GPU_CV 9036mW/8888mW VDD_SOC 6080mW/5937mW
08-04-2026 08:50:40 RAM 4045/7620MB (lfb 28x1MB) SWAP 2644/12002MB (cached 127MB) CPU [0%@1728,9%@1728,10%@1728,8%@1728,8%@1728,9%@1728] GR3D_FREQ 99% cpu@71.906C soc2@70.625C soc0@70.937C gpu@74C tj@74C soc1@71.468C VDD_IN 22275mW/21844mW VDD_CPU_GPU_CV 9036mW/8888mW VDD_SOC 6080mW/5937mW
08-04-2026 08:50:40 RAM 4046/7620MB (lfb 28x1MB) SWAP 2644/12002MB (cached 127MB) CPU [10%@1728,27%@1728,18%@1728,10%@1728,0%@1728,0%@1728] GR3D_FREQ 99% cpu@72.187C soc2@70.75C soc0@71.093C gpu@73.812C tj@73.812C soc1@71.593C VDD_IN 22235mW/21845mW VDD_CPU_GPU_CV 8996mW/8888mW VDD_SOC 6040mW/5937mW
08-04-2026 08:50:40 RAM 4046/7620MB (lfb 28x1MB) SWAP 2644/12002MB (cached 127MB) CPU [9%@1728,0%@1728,0%@1728,0%@1728,0%@1728,9%@1728] GR3D_FREQ 96% cpu@72.281C soc2@70.843C soc0@71.187C gpu@73.968C tj@73.968C soc1@71.312C VDD_IN 22275mW/21845mW VDD_CPU_GPU_CV 9036mW/8888mW VDD_SOC 6040mW/5937mW
08-04-2026 08:50:40 RAM 4046/7620MB (lfb 28x1MB) SWAP 2644/12002MB (cached 127MB) CPU [0%@1728,0%@1728,9%@1728,0%@1728,0%@1728,0%@1728] GR3D_FREQ 99% cpu@72.281C soc2@70.593C soc0@70.968C gpu@74C tj@74C soc1@71.406C VDD_IN 22195mW/21845mW VDD_CPU_GPU_CV 8996mW/8888mW VDD_SOC 6040mW/5937mW
08-04-2026 08:50:40 RAM 4045/7620MB (lfb 28x1MB) SWAP 2644/12002MB (cached 127MB) CPU [10%@1728,10%@1728,27%@1728,0%@1728,0%@1728,9%@1728] GR3D_FREQ 99% cpu@72.125C soc2@70.75C soc0@71C gpu@73.781C tj@73.781C soc1@71.437C VDD_IN 22235mW/21846mW VDD_CPU_GPU_CV 9036mW/8888mW VDD_SOC 6040mW/5937mW
08-04-2026 08:50:41 RAM 4045/7620MB (lfb 28x1MB) SWAP 2644/12002MB (cached 127MB) CPU [0%@1728,0%@1728,9%@1728,9%@1728,0%@1728,9%@1728] GR3D_FREQ 96% cpu@72.031C soc2@70.75C soc0@71.093C gpu@73.906C tj@73.906C soc1@71.531C VDD_IN 22235mW/21846mW VDD_CPU_GPU_CV 9036mW/8888mW VDD_SOC 6040mW/5937mW
08-04-2026 08:50:41 RAM 4045/7620MB (lfb 28x1MB) SWAP 2644/12002MB (cached 127MB) CPU [0%@1728,0%@1728,0%@1728,9%@1728,0%@1728,0%@1728] GR3D_FREQ 99% cpu@72.156C soc2@70.625C soc0@70.875C gpu@74.406C tj@74.406C soc1@71.312C VDD_IN 22235mW/21846mW VDD_CPU_GPU_CV 9036mW/8888mW VDD_SOC 6040mW/5937mW
08-04-2026 08:50:41 RAM 4045/7620MB (lfb 28x1MB) SWAP 2644/12002MB (cached 127MB) CPU [0%@1728,0%@1728,0%@1728,10%@1728,0%@1728,8%@1728] GR3D_FREQ 99% cpu@72.25C soc2@70.718C soc0@70.906C gpu@73.875C tj@73.875C soc1@71.406C VDD_IN 22235mW/21847mW VDD_CPU_GPU_CV 8996mW/8888mW VDD_SOC 6080mW/5938mW
08-04-2026 08:50:41 RAM 4046/7620MB (lfb 28x1MB) SWAP 2644/12002MB (cached 127MB) CPU [9%@1728,0%@1728,0%@1728,9%@1728,0%@1728,10%@1728] GR3D_FREQ 99% cpu@71.906C soc2@70.531C soc0@70.906C gpu@73.843C tj@73.843C soc1@71.5C VDD_IN 22235mW/21847mW VDD_CPU_GPU_CV 9036mW/8889mW VDD_SOC 6080mW/5938mW
08-04-2026 08:50:41 RAM 4046/7620MB (lfb 28x1MB) SWAP 2644/12002MB (cached 127MB) CPU [0%@1728,0%@1728,0%@1728,0%@1728,0%@1728,0%@1728] GR3D_FREQ 99% cpu@71.968C soc2@70.656C soc0@71.062C gpu@74.312C tj@74.312C soc1@71.625C VDD_IN 22195mW/21847mW VDD_CPU_GPU_CV 9036mW/8889mW VDD_SOC 6040mW/5938mW
08-04-2026 08:50:41 RAM 4046/7620MB (lfb 28x1MB) SWAP 2644/12002MB (cached 127MB) CPU [9%@1728,9%@1728,9%@1728,27%@1728,9%@1728,0%@1728] GR3D_FREQ 95% cpu@72.25C soc2@70.687C soc0@70.843C gpu@74C tj@74C soc1@71.312C VDD_IN 22235mW/21848mW VDD_CPU_GPU_CV 8996mW/8889mW VDD_SOC 6040mW/5938mW
08-04-2026 08:50:41 RAM 4046/7620MB (lfb 28x1MB) SWAP 2644/12002MB (cached 127MB) CPU [16%@1728,16%@1728,18%@1728,0%@1728,0%@1728,9%@1728] GR3D_FREQ 99% cpu@72.25C soc2@70.687C soc0@70.906C gpu@73.718C tj@73.718C soc1@71.406C VDD_IN 22195mW/21848mW VDD_CPU_GPU_CV 8996mW/8889mW VDD_SOC 6040mW/5938mW
08-04-2026 08:50:41 RAM 4046/7620MB (lfb 28x1MB) SWAP 2644/12002MB (cached 127MB) CPU [0%@1728,0%@1728,9%@1728,0%@1728,0%@1728,9%@1728] GR3D_FREQ 99% cpu@71.812C soc2@70.625C soc0@70.906C gpu@74.312C tj@74.312C soc1@71.468C VDD_IN 22155mW/21848mW VDD_CPU_GPU_CV 8996mW/8889mW VDD_SOC 6040mW/5938mW
08-04-2026 08:50:41 RAM 4046/7620MB (lfb 28x1MB) SWAP 2644/12002MB (cached 127MB) CPU [0%@1728,18%@1728,18%@1728,10%@1728,0%@1728,0%@1728] GR3D_FREQ 96% cpu@72.218C soc2@70.718C soc0@71.031C gpu@74.031C tj@74.031C soc1@71.531C VDD_IN 22195mW/21848mW VDD_CPU_GPU_CV 8996mW/8889mW VDD_SOC 6040mW/5938mW
08-04-2026 08:50:41 RAM 4046/7620MB (lfb 28x1MB) SWAP 2644/12002MB (cached 127MB) CPU [0%@1728,0%@1728,10%@1728,0%@1728,0%@1728,0%@1728] GR3D_FREQ 99% cpu@72.031C soc2@70.718C soc0@71.093C gpu@74.031C tj@74.031C soc1@71.343C VDD_IN 22235mW/21849mW VDD_CPU_GPU_CV 9036mW/8889mW VDD_SOC 6040mW/5938mW
08-04-2026 08:50:42 RAM 4046/7620MB (lfb 28x1MB) SWAP 2644/12002MB (cached 127MB) CPU [0%@1728,0%@1728,9%@1728,0%@1728,0%@1728,9%@1728] GR3D_FREQ 99% cpu@72.093C soc2@70.593C soc0@70.843C gpu@74.156C tj@74.156C soc1@71.343C VDD_IN 22195mW/21849mW VDD_CPU_GPU_CV 9036mW/8889mW VDD_SOC 6040mW/5938mW
08-04-2026 08:50:42 RAM 4046/7620MB (lfb 28x1MB) SWAP 2644/12002MB (cached 127MB) CPU [0%@1728,0%@1728,10%@1728,0%@1728,0%@1728,0%@1728] GR3D_FREQ 97% cpu@71.937C soc2@70.656C soc0@70.875C gpu@73.906C tj@73.906C soc1@71.406C VDD_IN 22275mW/21849mW VDD_CPU_GPU_CV 9036mW/8889mW VDD_SOC 6080mW/5938mW
08-04-2026 08:50:42 RAM 4046/7620MB (lfb 28x1MB) SWAP 2644/12002MB (cached 127MB) CPU [9%@1728,16%@1728,0%@1728,16%@1728,9%@1728,0%@1728] GR3D_FREQ 99% cpu@71.906C soc2@70.718C soc0@70.937C gpu@74C tj@74C soc1@71.625C VDD_IN 22275mW/21850mW VDD_CPU_GPU_CV 9036mW/8890mW VDD_SOC 6040mW/5939mW
08-04-2026 08:50:42 RAM 4046/7620MB (lfb 28x1MB) SWAP 2644/12002MB (cached 127MB) CPU [0%@1728,0%@1728,10%@1728,0%@1728,0%@1728,9%@1728] GR3D_FREQ 99% cpu@72.031C soc2@70.593C soc0@70.843C gpu@73.781C tj@73.781C soc1@71.312C VDD_IN 22275mW/21850mW VDD_CPU_GPU_CV 9036mW/8890mW VDD_SOC 6040mW/5939mW
08-04-2026 08:50:42 RAM 4046/7620MB (lfb 28x1MB) SWAP 2644/12002MB (cached 127MB) CPU [0%@1728,0%@1728,9%@1728,0%@1728,0%@1728,9%@1728] GR3D_FREQ 99% cpu@72.093C soc2@70.656C soc0@70.875C gpu@74.031C tj@74.031C soc1@71.406C VDD_IN 22315mW/21850mW VDD_CPU_GPU_CV 9036mW/8890mW VDD_SOC 6080mW/5939mW
08-04-2026 08:50:42 RAM 4046/7620MB (lfb 28x1MB) SWAP 2644/12002MB (cached 127MB) CPU [0%@1728,9%@1728,18%@1728,27%@1728,0%@1728,9%@1728] GR3D_FREQ 99% cpu@71.937C soc2@70.656C soc0@70.937C gpu@73.906C tj@73.906C soc1@71.406C VDD_IN 22235mW/21851mW VDD_CPU_GPU_CV 9036mW/8890mW VDD_SOC 6040mW/5939mW
08-04-2026 08:50:42 RAM 4046/7620MB (lfb 28x1MB) SWAP 2644/12002MB (cached 127MB) CPU [8%@1728,9%@1728,18%@1728,0%@1728,0%@1728,0%@1728] GR3D_FREQ 99% cpu@72.093C soc2@70.687C soc0@71.031C gpu@73.593C tj@73.593C soc1@71.5C VDD_IN 22235mW/21851mW VDD_CPU_GPU_CV 9036mW/8890mW VDD_SOC 6080mW/5939mW
08-04-2026 08:50:42 RAM 4046/7620MB (lfb 28x1MB) SWAP 2644/12002MB (cached 127MB) CPU [0%@1728,9%@1728,0%@1728,0%@1728,0%@1728,9%@1728] GR3D_FREQ 99% cpu@71.875C soc2@70.531C soc0@70.812C gpu@73.781C tj@73.781C soc1@71.281C VDD_IN 22235mW/21851mW VDD_CPU_GPU_CV 9036mW/8890mW VDD_SOC 6040mW/5939mW
08-04-2026 08:50:42 RAM 4046/7620MB (lfb 28x1MB) SWAP 2644/12002MB (cached 127MB) CPU [18%@1728,25%@1728,18%@1728,9%@1728,0%@1728,0%@1728] GR3D_FREQ 99% cpu@71.812C soc2@70.593C soc0@70.812C gpu@73.875C tj@73.875C soc1@71.375C VDD_IN 22275mW/21852mW VDD_CPU_GPU_CV 9076mW/8890mW VDD_SOC 6040mW/5939mW
08-04-2026 08:50:43 RAM 4046/7620MB (lfb 28x1MB) SWAP 2644/12002MB (cached 127MB) CPU [0%@1728,0%@1728,10%@1728,0%@1728,9%@1728,0%@1728] GR3D_FREQ 99% cpu@71.968C soc2@70.593C soc0@70.843C gpu@73.75C tj@73.75C soc1@71.437C VDD_IN 22275mW/21852mW VDD_CPU_GPU_CV 9076mW/8891mW VDD_SOC 6080mW/5939mW
08-04-2026 08:50:43 RAM 4046/7620MB (lfb 28x1MB) SWAP 2644/12002MB (cached 127MB) CPU [0%@1728,0%@1728,16%@1728,0%@1728,8%@1728,9%@1728] GR3D_FREQ 99% cpu@71.875C soc2@70.656C soc0@71C gpu@73.843C tj@73.843C soc1@71.468C VDD_IN 22275mW/21852mW VDD_CPU_GPU_CV 9036mW/8891mW VDD_SOC 6080mW/5939mW
08-04-2026 08:50:43 RAM 4044/7620MB (lfb 28x1MB) SWAP 2644/12002MB (cached 127MB) CPU [9%@1728,20%@1728,0%@1728,0%@1728,0%@1728,16%@1728] GR3D_FREQ 99% cpu@71.875C soc2@70.531C soc0@70.812C gpu@74.218C tj@74.218C soc1@71.312C VDD_IN 22315mW/21853mW VDD_CPU_GPU_CV 9116mW/8891mW VDD_SOC 6040mW/5939mW
08-04-2026 08:50:43 RAM 4044/7620MB (lfb 28x1MB) SWAP 2644/12002MB (cached 127MB) CPU [0%@1728,0%@1728,0%@1728,10%@1728,9%@1728,10%@1728] GR3D_FREQ 99% cpu@71.781C soc2@70.593C soc0@70.781C gpu@73.656C tj@73.656C soc1@71.343C VDD_IN 22275mW/21853mW VDD_CPU_GPU_CV 9076mW/8891mW VDD_SOC 6080mW/5940mW
08-04-2026 08:50:43 RAM 4045/7620MB (lfb 28x1MB) SWAP 2644/12002MB (cached 127MB) CPU [0%@1728,33%@1728,16%@1728,9%@1728,0%@1728,0%@1728] GR3D_FREQ 99% cpu@71.812C soc2@70.656C soc0@70.968C gpu@73.687C tj@73.687C soc1@71.437C VDD_IN 22315mW/21854mW VDD_CPU_GPU_CV 9076mW/8891mW VDD_SOC 6080mW/5940mW
08-04-2026 08:50:43 RAM 4045/7620MB (lfb 28x1MB) SWAP 2644/12002MB (cached 127MB) CPU [10%@1728,11%@1728,18%@1728,9%@1728,0%@1728,0%@1728] GR3D_FREQ 99% cpu@71.843C soc2@70.593C soc0@70.968C gpu@74C tj@74C soc1@71.562C VDD_IN 22315mW/21854mW VDD_CPU_GPU_CV 9116mW/8891mW VDD_SOC 6040mW/5940mW
08-04-2026 08:50:43 RAM 4045/7620MB (lfb 28x1MB) SWAP 2644/12002MB (cached 127MB) CPU [0%@1728,0%@1728,10%@1728,0%@1728,0%@1728,9%@1728] GR3D_FREQ 99% cpu@71.781C soc2@70.562C soc0@70.75C gpu@73.843C tj@73.843C soc1@71.25C VDD_IN 22235mW/21854mW VDD_CPU_GPU_CV 9036mW/8891mW VDD_SOC 6040mW/5940mW
08-04-2026 08:50:43 RAM 4045/7620MB (lfb 28x1MB) SWAP 2644/12002MB (cached 127MB) CPU [0%@1728,9%@1728,0%@1728,0%@1728,9%@1728,9%@1728] GR3D_FREQ 99% cpu@71.781C soc2@70.468C soc0@70.843C gpu@73.687C tj@73.687C soc1@71.281C VDD_IN 22195mW/21855mW VDD_CPU_GPU_CV 8996mW/8892mW VDD_SOC 6040mW/5940mW
08-04-2026 08:50:43 RAM 4047/7620MB (lfb 28x1MB) SWAP 2644/12002MB (cached 127MB) CPU [10%@1728,0%@1728,10%@1728,27%@1728,0%@1728,9%@1728] GR3D_FREQ 99% cpu@72C soc2@70.593C soc0@70.906C gpu@74.187C tj@74.187C soc1@71.437C VDD_IN 22235mW/21855mW VDD_CPU_GPU_CV 9076mW/8892mW VDD_SOC 6040mW/5940mW
08-04-2026 08:50:43 RAM 4047/7620MB (lfb 28x1MB) SWAP 2644/12002MB (cached 127MB) CPU [0%@1728,9%@1728,9%@1728,0%@1728,9%@1728,0%@1728] GR3D_FREQ 95% cpu@72.062C soc2@70.625C soc0@70.968C gpu@73.875C tj@73.875C soc1@71.5C VDD_IN 22235mW/21855mW VDD_CPU_GPU_CV 9036mW/8892mW VDD_SOC 6040mW/5940mW
08-04-2026 08:50:44 RAM 4047/7620MB (lfb 28x1MB) SWAP 2644/12002MB (cached 127MB) CPU [0%@1728,0%@1728,10%@1728,9%@1728,9%@1728,9%@1728] GR3D_FREQ 99% cpu@72.187C soc2@70.531C soc0@70.781C gpu@73.687C tj@73.687C soc1@71.25C VDD_IN 22275mW/21856mW VDD_CPU_GPU_CV 9076mW/8892mW VDD_SOC 6080mW/5940mW
08-04-2026 08:50:44 RAM 4047/7620MB (lfb 28x1MB) SWAP 2644/12002MB (cached 127MB) CPU [0%@1728,0%@1728,9%@1728,9%@1728,0%@1728,0%@1728] GR3D_FREQ 99% cpu@71.812C soc2@70.562C soc0@70.875C gpu@74.093C tj@74.093C soc1@71.343C VDD_IN 22275mW/21856mW VDD_CPU_GPU_CV 9036mW/8892mW VDD_SOC 6040mW/5940mW
08-04-2026 08:50:44 RAM 4047/7620MB (lfb 28x1MB) SWAP 2644/12002MB (cached 127MB) CPU [0%@1728,0%@1728,10%@1728,0%@1728,8%@1728,10%@1728] GR3D_FREQ 95% cpu@71.843C soc2@70.531C soc0@70.812C gpu@73.906C tj@73.906C soc1@71.281C VDD_IN 22275mW/21856mW VDD_CPU_GPU_CV 9036mW/8892mW VDD_SOC 6080mW/5940mW
08-04-2026 08:50:44 RAM 4047/7620MB (lfb 28x1MB) SWAP 2644/12002MB (cached 127MB) CPU [0%@1728,0%@1728,0%@1728,0%@1728,0%@1728,0%@1728] GR3D_FREQ 99% cpu@71.875C soc2@70.562C soc0@71.093C gpu@73.906C tj@73.906C soc1@71.5C VDD_IN 22275mW/21857mW VDD_CPU_GPU_CV 9036mW/8892mW VDD_SOC 6040mW/5940mW
08-04-2026 08:50:44 RAM 4047/7620MB (lfb 28x1MB) SWAP 2644/12002MB (cached 127MB) CPU [8%@1728,0%@1728,10%@1728,0%@1728,0%@1728,0%@1728] GR3D_FREQ 99% cpu@72.031C soc2@70.5C soc0@70.843C gpu@74.031C tj@74.031C soc1@71.312C VDD_IN 22275mW/21857mW VDD_CPU_GPU_CV 9036mW/8892mW VDD_SOC 6080mW/5941mW
08-04-2026 08:50:44 RAM 4047/7620MB (lfb 28x1MB) SWAP 2644/12002MB (cached 127MB) CPU [0%@1728,25%@1728,25%@1728,10%@1728,9%@1728,0%@1728] GR3D_FREQ 95% cpu@71.781C soc2@70.531C soc0@70.843C gpu@73.781C tj@73.781C soc1@71.406C VDD_IN 22195mW/21857mW VDD_CPU_GPU_CV 8996mW/8892mW VDD_SOC 6040mW/5941mW
08-04-2026 08:50:44 RAM 4047/7620MB (lfb 28x1MB) SWAP 2644/12002MB (cached 127MB) CPU [0%@1728,0%@1728,0%@1728,0%@1728,0%@1728,16%@1728] GR3D_FREQ 99% cpu@71.875C soc2@70.593C soc0@70.906C gpu@73.843C tj@73.843C soc1@71.437C VDD_IN 22195mW/21857mW VDD_CPU_GPU_CV 9036mW/8893mW VDD_SOC 6040mW/5941mW
08-04-2026 08:50:44 RAM 4047/7620MB (lfb 28x1MB) SWAP 2644/12002MB (cached 127MB) CPU [9%@1728,0%@1728,9%@1728,0%@1728,9%@1728,0%@1728] GR3D_FREQ 99% cpu@71.968C soc2@70.593C soc0@70.937C gpu@73.687C tj@73.687C soc1@71.531C VDD_IN 22155mW/21858mW VDD_CPU_GPU_CV 9036mW/8893mW VDD_SOC 6040mW/5941mW
08-04-2026 08:50:44 RAM 4046/7620MB (lfb 28x1MB) SWAP 2644/12002MB (cached 127MB) CPU [20%@1728,9%@1728,20%@1728,10%@1728,0%@1728,0%@1728] GR3D_FREQ 95% cpu@72.125C soc2@70.531C soc0@70.812C gpu@73.906C tj@73.906C soc1@71.281C VDD_IN 22275mW/21858mW VDD_CPU_GPU_CV 9076mW/8893mW VDD_SOC 6080mW/5941mW
08-04-2026 08:50:45 RAM 4046/7620MB (lfb 28x1MB) SWAP 2644/12002MB (cached 127MB) CPU [0%@1728,0%@1728,9%@1728,0%@1728,0%@1728,0%@1728] GR3D_FREQ 99% cpu@72.187C soc2@70.625C soc0@70.906C gpu@73.906C tj@73.906C soc1@71.406C VDD_IN 22275mW/21858mW VDD_CPU_GPU_CV 9076mW/8893mW VDD_SOC 6040mW/5941mW
08-04-2026 08:50:45 RAM 4046/7620MB (lfb 28x1MB) SWAP 2644/12002MB (cached 127MB) CPU [8%@1728,0%@1728,10%@1728,0%@1728,0%@1728,9%@1728] GR3D_FREQ 99% cpu@71.937C soc2@70.5C soc0@70.968C gpu@73.625C tj@73.625C soc1@71.437C VDD_IN 22275mW/21859mW VDD_CPU_GPU_CV 9036mW/8893mW VDD_SOC 6080mW/5941mW
08-04-2026 08:50:45 RAM 4046/7620MB (lfb 28x1MB) SWAP 2644/12002MB (cached 127MB) CPU [0%@1728,36%@1728,9%@1728,23%@1728,9%@1728,0%@1728] GR3D_FREQ 97% cpu@71.968C soc2@70.656C soc0@71.093C gpu@73.75C tj@73.75C soc1@71.593C VDD_IN 22355mW/21859mW VDD_CPU_GPU_CV 9116mW/8893mW VDD_SOC 6080mW/5941mW
08-04-2026 08:50:45 RAM 4046/7620MB (lfb 28x1MB) SWAP 2644/12002MB (cached 127MB) CPU [0%@1728,20%@1728,16%@1728,0%@1728,9%@1728,0%@1728] GR3D_FREQ 99% cpu@72.062C soc2@70.593C soc0@70.812C gpu@73.968C tj@73.968C soc1@71.312C VDD_IN 22355mW/21860mW VDD_CPU_GPU_CV 9116mW/8894mW VDD_SOC 6080mW/5941mW
08-04-2026 08:50:45 RAM 4046/7620MB (lfb 28x1MB) SWAP 2644/12002MB (cached 127MB) CPU [0%@1728,0%@1728,18%@1728,0%@1728,0%@1728,9%@1728] GR3D_FREQ 96% cpu@71.906C soc2@70.593C soc0@70.843C gpu@73.75C tj@73.75C soc1@71.375C VDD_IN 22315mW/21860mW VDD_CPU_GPU_CV 9076mW/8894mW VDD_SOC 6080mW/5941mW
08-04-2026 08:50:45 RAM 4046/7620MB (lfb 28x1MB) SWAP 2644/12002MB (cached 127MB) CPU [9%@1728,10%@1728,0%@1728,0%@1728,9%@1728,9%@1728] GR3D_FREQ 99% cpu@72.062C soc2@70.625C soc0@70.875C gpu@74.125C tj@74.125C soc1@71.437C VDD_IN 22315mW/21860mW VDD_CPU_GPU_CV 9116mW/8894mW VDD_SOC 6080mW/5942mW
08-04-2026 08:50:45 RAM 4046/7620MB (lfb 28x1MB) SWAP 2644/12002MB (cached 127MB) CPU [0%@1728,0%@1728,9%@1728,9%@1728,0%@1728,0%@1728] GR3D_FREQ 99% cpu@71.968C soc2@70.656C soc0@70.968C gpu@74.062C tj@74.062C soc1@71.25C VDD_IN 22275mW/21861mW VDD_CPU_GPU_CV 9076mW/8894mW VDD_SOC 6040mW/5942mW
08-04-2026 08:50:45 RAM 4046/7620MB (lfb 28x1MB) SWAP 2644/12002MB (cached 127MB) CPU [0%@1728,0%@1728,25%@1728,0%@1728,9%@1728,0%@1728] GR3D_FREQ 97% cpu@72.125C soc2@70.437C soc0@70.812C gpu@73.656C tj@73.656C soc1@71.343C VDD_IN 22235mW/21861mW VDD_CPU_GPU_CV 9036mW/8894mW VDD_SOC 6040mW/5942mW
08-04-2026 08:50:45 RAM 4046/7620MB (lfb 28x1MB) SWAP 2644/12002MB (cached 127MB) CPU [0%@1728,20%@1728,27%@1728,10%@1728,0%@1728,0%@1728] GR3D_FREQ 99% cpu@72.312C soc2@70.593C soc0@70.843C gpu@74.312C tj@74.312C soc1@71.375C VDD_IN 22275mW/21861mW VDD_CPU_GPU_CV 9076mW/8894mW VDD_SOC 6040mW/5942mW
08-04-2026 08:50:45 RAM 4044/7620MB (lfb 28x1MB) SWAP 2644/12002MB (cached 127MB) CPU [0%@1728,0%@1728,0%@1728,0%@1728,0%@1728,0%@1728] GR3D_FREQ 99% cpu@71.875C soc2@70.625C soc0@70.875C gpu@74.031C tj@74.031C soc1@71.468C VDD_IN 22275mW/21862mW VDD_CPU_GPU_CV 9076mW/8894mW VDD_SOC 6040mW/5942mW
08-04-2026 08:50:46 RAM 4044/7620MB (lfb 28x1MB) SWAP 2644/12002MB (cached 127MB) CPU [0%@1728,0%@1728,0%@1728,10%@1728,0%@1728,0%@1728] GR3D_FREQ 97% cpu@71.937C soc2@70.625C soc0@71C gpu@73.843C tj@73.843C soc1@71.25C VDD_IN 22235mW/21862mW VDD_CPU_GPU_CV 9036mW/8895mW VDD_SOC 6040mW/5942mW
08-04-2026 08:50:46 RAM 4044/7620MB (lfb 28x1MB) SWAP 2644/12002MB (cached 127MB) CPU [16%@1728,0%@1728,0%@1728,10%@1728,9%@1728,0%@1728] GR3D_FREQ 99% cpu@71.937C soc2@70.593C soc0@70.812C gpu@74.281C tj@74.281C soc1@71.375C VDD_IN 22275mW/21862mW VDD_CPU_GPU_CV 9076mW/8895mW VDD_SOC 6080mW/5942mW
08-04-2026 08:50:46 RAM 4044/7620MB (lfb 28x1MB) SWAP 2644/12002MB (cached 127MB) CPU [18%@1728,0%@1728,0%@1728,9%@1728,0%@1728,9%@1728] GR3D_FREQ 99% cpu@72.093C soc2@70.531C soc0@70.875C gpu@74C tj@74C soc1@71.312C VDD_IN 22275mW/21863mW VDD_CPU_GPU_CV 9076mW/8895mW VDD_SOC 6040mW/5942mW
08-04-2026 08:50:46 RAM 4044/7620MB (lfb 28x1MB) SWAP 2644/12002MB (cached 127MB) CPU [0%@1728,0%@1728,0%@1728,10%@1728,0%@1728,16%@1728] GR3D_FREQ 96% cpu@71.906C soc2@70.593C soc0@70.875C gpu@73.875C tj@73.875C soc1@71.406C VDD_IN 22275mW/21863mW VDD_CPU_GPU_CV 9036mW/8895mW VDD_SOC 6080mW/5942mW
08-04-2026 08:50:46 RAM 4045/7620MB (lfb 28x1MB) SWAP 2644/12002MB (cached 127MB) CPU [16%@1728,18%@1728,27%@1728,10%@1728,9%@1728,0%@1728] GR3D_FREQ 99% cpu@71.937C soc2@70.593C soc0@71.093C gpu@73.968C tj@73.968C soc1@71.562C VDD_IN 22275mW/21863mW VDD_CPU_GPU_CV 9076mW/8895mW VDD_SOC 6040mW/5942mW
08-04-2026 08:50:46 RAM 4045/7620MB (lfb 28x1MB) SWAP 2644/12002MB (cached 127MB) CPU [10%@1728,16%@1728,20%@1728,9%@1728,18%@1728,10%@1728] GR3D_FREQ 99% cpu@72.031C soc2@70.531C soc0@70.875C gpu@74C tj@74C soc1@71.343C VDD_IN 22235mW/21864mW VDD_CPU_GPU_CV 9076mW/8895mW VDD_SOC 6040mW/5942mW
08-04-2026 08:50:46 RAM 4045/7620MB (lfb 28x1MB) SWAP 2644/12002MB (cached 127MB) CPU [25%@1728,0%@1728,8%@1728,0%@1728,0%@1728,0%@1728] GR3D_FREQ 96% cpu@72C soc2@70.531C soc0@70.937C gpu@73.812C tj@73.812C soc1@71.375C VDD_IN 22235mW/21864mW VDD_CPU_GPU_CV 9036mW/8895mW VDD_SOC 6080mW/5943mW
08-04-2026 08:50:46 RAM 4045/7620MB (lfb 28x1MB) SWAP 2644/12002MB (cached 127MB) CPU [10%@1728,0%@1728,9%@1728,0%@1728,0%@1728,9%@1728] GR3D_FREQ 99% cpu@71.875C soc2@70.718C soc0@70.906C gpu@74C tj@74C soc1@71.531C VDD_IN 22235mW/21864mW VDD_CPU_GPU_CV 9036mW/8895mW VDD_SOC 6040mW/5943mW
08-04-2026 08:50:46 RAM 4046/7620MB (lfb 28x1MB) SWAP 2644/12002MB (cached 127MB) CPU [0%@1728,33%@1728,11%@1728,0%@1728,0%@1728,0%@1728] GR3D_FREQ 99% cpu@71.968C soc2@70.687C soc0@71.093C gpu@73.718C tj@73.718C soc1@71.375C VDD_IN 22275mW/21864mW VDD_CPU_GPU_CV 9076mW/8896mW VDD_SOC 6040mW/5943mW
08-04-2026 08:50:47 RAM 4046/7620MB (lfb 28x1MB) SWAP 2644/12002MB (cached 127MB) CPU [18%@1728,0%@1728,0%@1728,0%@1728,8%@1728,16%@1728] GR3D_FREQ 99% cpu@71.937C soc2@70.656C soc0@70.875C gpu@73.937C tj@73.937C soc1@71.406C VDD_IN 22275mW/21865mW VDD_CPU_GPU_CV 9036mW/8896mW VDD_SOC 6080mW/5943mW
08-04-2026 08:50:47 RAM 4046/7620MB (lfb 28x1MB) SWAP 2644/12002MB (cached 127MB) CPU [20%@1728,8%@1728,0%@1728,0%@1728,0%@1728,9%@1728] GR3D_FREQ 99% cpu@71.812C soc2@70.75C soc0@70.906C gpu@73.843C tj@73.843C soc1@71.406C VDD_IN 22315mW/21865mW VDD_CPU_GPU_CV 9076mW/8896mW VDD_SOC 6080mW/5943mW
08-04-2026 08:50:47 RAM 4046/7620MB (lfb 28x1MB) SWAP 2644/12002MB (cached 127MB) CPU [10%@1728,0%@1728,9%@1728,9%@1728,9%@1728,0%@1728] GR3D_FREQ 99% cpu@71.937C soc2@70.718C soc0@71.062C gpu@73.687C tj@73.687C soc1@71.531C VDD_IN 22315mW/21866mW VDD_CPU_GPU_CV 9036mW/8896mW VDD_SOC 6080mW/5943mW
08-04-2026 08:50:47 RAM 4046/7620MB (lfb 28x1MB) SWAP 2644/12002MB (cached 127MB) CPU [16%@1728,0%@1728,0%@1728,9%@1728,9%@1728,0%@1728] GR3D_FREQ 99% cpu@72.218C soc2@70.718C soc0@70.843C gpu@74.375C tj@74.375C soc1@71.343C VDD_IN 22275mW/21866mW VDD_CPU_GPU_CV 9036mW/8896mW VDD_SOC 6040mW/5943mW
08-04-2026 08:50:47 RAM 4046/7620MB (lfb 28x1MB) SWAP 2644/12002MB (cached 127MB) CPU [10%@1728,0%@1728,0%@1728,0%@1728,9%@1728,0%@1728] GR3D_FREQ 99% cpu@71.937C soc2@70.656C soc0@70.968C gpu@73.968C tj@73.968C soc1@71.5C VDD_IN 22315mW/21866mW VDD_CPU_GPU_CV 9076mW/8896mW VDD_SOC 6040mW/5943mW
08-04-2026 08:50:47 RAM 4046/7620MB (lfb 28x1MB) SWAP 2644/12002MB (cached 127MB) CPU [18%@1728,9%@1728,20%@1728,0%@1728,0%@1728,9%@1728] GR3D_FREQ 99% cpu@72.187C soc2@70.656C soc0@71.031C gpu@73.718C tj@73.718C soc1@71.468C VDD_IN 22275mW/21867mW VDD_CPU_GPU_CV 9036mW/8896mW VDD_SOC 6040mW/5943mW
08-04-2026 08:50:47 RAM 4046/7620MB (lfb 28x1MB) SWAP 2644/12002MB (cached 127MB) CPU [9%@1728,9%@1728,16%@1728,0%@1728,0%@1728,0%@1728] GR3D_FREQ 99% cpu@72.031C soc2@70.812C soc0@71.125C gpu@74.312C tj@74.312C soc1@71.593C VDD_IN 22195mW/21867mW VDD_CPU_GPU_CV 8996mW/8896mW VDD_SOC 6040mW/5943mW
08-04-2026 08:50:47 RAM 4046/7620MB (lfb 28x1MB) SWAP 2644/12002MB (cached 127MB) CPU [0%@1728,0%@1728,0%@1728,0%@1728,0%@1728,0%@1728] GR3D_FREQ 99% cpu@72.281C soc2@70.812C soc0@71.218C gpu@74.125C tj@74.125C soc1@71.406C VDD_IN 22195mW/21867mW VDD_CPU_GPU_CV 9036mW/8897mW VDD_SOC 6040mW/5943mW
08-04-2026 08:50:47 RAM 4047/7620MB (lfb 28x1MB) SWAP 2644/12002MB (cached 127MB) CPU [16%@1728,16%@1728,11%@1728,11%@1728,9%@1728,0%@1728] GR3D_FREQ 99% cpu@72.375C soc2@70.718C soc0@70.968C gpu@73.75C tj@73.75C soc1@71.468C VDD_IN 22275mW/21867mW VDD_CPU_GPU_CV 9036mW/8897mW VDD_SOC 6040mW/5944mW
08-04-2026 08:50:47 RAM 4046/7620MB (lfb 28x1MB) SWAP 2644/12002MB (cached 127MB) CPU [0%@1728,0%@1728,0%@1728,16%@1728,9%@1728,9%@1728] GR3D_FREQ 99% cpu@71.968C soc2@70.687C soc0@70.937C gpu@74.343C tj@74.343C soc1@71.437C VDD_IN 22275mW/21868mW VDD_CPU_GPU_CV 9036mW/8897mW VDD_SOC 6080mW/5944mW
08-04-2026 08:50:48 RAM 4046/7620MB (lfb 28x1MB) SWAP 2644/12002MB (cached 127MB) CPU [0%@1728,0%@1728,0%@1728,0%@1728,9%@1728,0%@1728] GR3D_FREQ 99% cpu@72.093C soc2@70.812C soc0@71.125C gpu@74.343C tj@74.343C soc1@71.593C VDD_IN 22275mW/21868mW VDD_CPU_GPU_CV 9036mW/8897mW VDD_SOC 6040mW/5944mW
08-04-2026 08:50:48 RAM 4046/7620MB (lfb 28x1MB) SWAP 2644/12002MB (cached 127MB) CPU [0%@1728,0%@1728,0%@1728,18%@1728,0%@1728,0%@1728] GR3D_FREQ 96% cpu@72.281C soc2@70.843C soc0@70.937C gpu@74.093C tj@74.093C soc1@71.375C VDD_IN 22275mW/21868mW VDD_CPU_GPU_CV 9036mW/8897mW VDD_SOC 6080mW/5944mW
08-04-2026 08:50:48 RAM 4046/7620MB (lfb 28x1MB) SWAP 2644/12002MB (cached 127MB) CPU [0%@1728,0%@1728,0%@1728,9%@1728,0%@1728,0%@1728] GR3D_FREQ 99% cpu@72.375C soc2@70.687C soc0@71.031C gpu@74.312C tj@74.312C soc1@71.406C VDD_IN 22275mW/21869mW VDD_CPU_GPU_CV 9036mW/8897mW VDD_SOC 6080mW/5944mW
08-04-2026 08:50:48 RAM 4047/7620MB (lfb 28x1MB) SWAP 2644/12002MB (cached 127MB) CPU [9%@1728,9%@1728,27%@1728,9%@1728,0%@1728,9%@1728] GR3D_FREQ 99% cpu@72.281C soc2@70.75C soc0@71.093C gpu@74.125C tj@74.125C soc1@71.531C VDD_IN 22315mW/21869mW VDD_CPU_GPU_CV 9076mW/8897mW VDD_SOC 6080mW/5944mW
08-04-2026 08:50:48 RAM 4048/7620MB (lfb 28x1MB) SWAP 2644/12002MB (cached 127MB) CPU [0%@1728,10%@1728,0%@1728,11%@1728,0%@1728,9%@1728] GR3D_FREQ 96% cpu@72.218C soc2@70.843C soc0@71.062C gpu@73.875C tj@73.875C soc1@71.625C VDD_IN 22275mW/21869mW VDD_CPU_GPU_CV 9076mW/8897mW VDD_SOC 6080mW/5944mW
08-04-2026 08:50:48 RAM 4048/7620MB (lfb 28x1MB) SWAP 2644/12002MB (cached 127MB) CPU [10%@1728,9%@1728,20%@1728,18%@1728,9%@1728,10%@1728] GR3D_FREQ 99% cpu@72.218C soc2@70.687C soc0@70.968C gpu@74C tj@74C soc1@71.468C VDD_IN 22195mW/21870mW VDD_CPU_GPU_CV 9036mW/8897mW VDD_SOC 6040mW/5944mW
08-04-2026 08:50:48 RAM 4048/7620MB (lfb 28x1MB) SWAP 2644/12002MB (cached 127MB) CPU [0%@1728,0%@1728,0%@1728,0%@1728,9%@1728,0%@1728] GR3D_FREQ 99% cpu@72.375C soc2@70.718C soc0@70.968C gpu@74.218C tj@74.218C soc1@71.468C VDD_IN 22195mW/21870mW VDD_CPU_GPU_CV 9036mW/8898mW VDD_SOC 6040mW/5944mW
08-04-2026 08:50:48 RAM 4048/7620MB (lfb 28x1MB) SWAP 2644/12002MB (cached 127MB) CPU [0%@1728,0%@1728,9%@1728,25%@1728,0%@1728,9%@1728] GR3D_FREQ 96% cpu@72.062C soc2@70.812C soc0@71.093C gpu@73.937C tj@73.937C soc1@71.531C VDD_IN 22195mW/21870mW VDD_CPU_GPU_CV 9036mW/8898mW VDD_SOC 6080mW/5944mW
08-04-2026 08:50:48 RAM 4048/7620MB (lfb 28x1MB) SWAP 2644/12002MB (cached 127MB) CPU [10%@1728,10%@1728,20%@1728,10%@1728,0%@1728,0%@1728] GR3D_FREQ 99% cpu@72.062C soc2@70.875C soc0@71.125C gpu@74.031C tj@74.031C soc1@71.593C VDD_IN 22235mW/21870mW VDD_CPU_GPU_CV 9076mW/8898mW VDD_SOC 6040mW/5944mW
08-04-2026 08:50:49 RAM 4048/7620MB (lfb 28x1MB) SWAP 2644/12002MB (cached 127MB) CPU [0%@1728,0%@1728,0%@1728,0%@1728,0%@1728,0%@1728] GR3D_FREQ 99% cpu@72.093C soc2@70.718C soc0@71.031C gpu@73.843C tj@73.843C soc1@71.5C VDD_IN 22235mW/21871mW VDD_CPU_GPU_CV 9036mW/8898mW VDD_SOC 6040mW/5945mW
08-04-2026 08:50:49 RAM 4048/7620MB (lfb 28x1MB) SWAP 2644/12002MB (cached 127MB) CPU [9%@1728,9%@1728,15%@1728,18%@1728,0%@1728,9%@1728] GR3D_FREQ 96% cpu@72.281C soc2@70.75C soc0@71C gpu@73.937C tj@73.937C soc1@71.5C VDD_IN 22275mW/21871mW VDD_CPU_GPU_CV 9036mW/8898mW VDD_SOC 6080mW/5945mW
08-04-2026 08:50:49 RAM 4048/7620MB (lfb 28x1MB) SWAP 2644/12002MB (cached 127MB) CPU [0%@1728,0%@1728,0%@1728,9%@1728,9%@1728,0%@1728] GR3D_FREQ 99% cpu@71.968C soc2@70.687C soc0@71.062C gpu@73.968C tj@73.968C soc1@71.468C VDD_IN 22275mW/21871mW VDD_CPU_GPU_CV 9036mW/8898mW VDD_SOC 6080mW/5945mW
08-04-2026 08:50:49 RAM 4048/7620MB (lfb 28x1MB) SWAP 2644/12002MB (cached 127MB) CPU [9%@1728,0%@1728,0%@1728,9%@1728,0%@1728,0%@1728] GR3D_FREQ 96% cpu@72.093C soc2@70.718C soc0@71.093C gpu@73.781C tj@73.781C soc1@71.718C VDD_IN 22315mW/21872mW VDD_CPU_GPU_CV 9036mW/8898mW VDD_SOC 6080mW/5945mW
08-04-2026 08:50:49 RAM 4047/7620MB (lfb 28x1MB) SWAP 2644/12002MB (cached 127MB) CPU [9%@1728,0%@1728,0%@1728,10%@1728,0%@1728,0%@1728] GR3D_FREQ 99% cpu@72.187C soc2@70.843C soc0@71C gpu@74.25C tj@74.25C soc1@71.437C VDD_IN 22275mW/21872mW VDD_CPU_GPU_CV 9036mW/8898mW VDD_SOC 6080mW/5945mW
08-04-2026 08:50:49 RAM 4047/7620MB (lfb 28x1MB) SWAP 2644/12002MB (cached 127MB) CPU [9%@1728,9%@1728,18%@1728,0%@1728,0%@1728,10%@1728] GR3D_FREQ 99% cpu@72.375C soc2@70.812C soc0@70.937C gpu@73.843C tj@73.843C soc1@71.437C VDD_IN 22275mW/21872mW VDD_CPU_GPU_CV 9036mW/8898mW VDD_SOC 6040mW/5945mW
08-04-2026 08:50:49 RAM 4047/7620MB (lfb 28x1MB) SWAP 2644/12002MB (cached 127MB) CPU [0%@1728,0%@1728,0%@1728,10%@1728,9%@1728,9%@1728] GR3D_FREQ 96% cpu@72C soc2@70.781C soc0@71.031C gpu@73.687C tj@73.687C soc1@71.531C VDD_IN 22235mW/21873mW VDD_CPU_GPU_CV 9036mW/8899mW VDD_SOC 6040mW/5945mW
08-04-2026 08:50:49 RAM 4045/7620MB (lfb 28x1MB) SWAP 2644/12002MB (cached 127MB) CPU [20%@1728,9%@1728,10%@1728,18%@1728,0%@1728,0%@1728] GR3D_FREQ 99% cpu@72.156C soc2@70.843C soc0@71.187C gpu@74.218C tj@74.218C soc1@71.687C VDD_IN 22275mW/21873mW VDD_CPU_GPU_CV 9036mW/8899mW VDD_SOC 6040mW/5945mW
08-04-2026 08:50:49 RAM 4047/7620MB (lfb 28x1MB) SWAP 2644/12002MB (cached 127MB) CPU [18%@1728,18%@1728,27%@1728,18%@1728,0%@1728,0%@1728] GR3D_FREQ 99% cpu@72.312C soc2@70.718C soc0@70.906C gpu@74.218C tj@74.218C soc1@71.437C VDD_IN 22355mW/21873mW VDD_CPU_GPU_CV 9116mW/8899mW VDD_SOC 6040mW/5945mW
08-04-2026 08:50:50 RAM 4046/7620MB (lfb 28x1MB) SWAP 2644/12002MB (cached 127MB) CPU [9%@1728,0%@1728,8%@1728,18%@1728,0%@1728,0%@1728] GR3D_FREQ 96% cpu@72.031C soc2@70.718C soc0@70.937C gpu@74.375C tj@74.375C soc1@71.5C VDD_IN 22355mW/21874mW VDD_CPU_GPU_CV 9116mW/8899mW VDD_SOC 6080mW/5945mW
08-04-2026 08:50:50 RAM 4046/7620MB (lfb 28x1MB) SWAP 2644/12002MB (cached 127MB) CPU [0%@1728,9%@1728,0%@1728,9%@1728,0%@1728,9%@1728] GR3D_FREQ 99% cpu@72C soc2@70.875C soc0@71.031C gpu@74.187C tj@74.187C soc1@71.593C VDD_IN 22355mW/21874mW VDD_CPU_GPU_CV 9076mW/8899mW VDD_SOC 6080mW/5945mW
08-04-2026 08:50:50 RAM 4046/7620MB (lfb 28x1MB) SWAP 2644/12002MB (cached 127MB) CPU [0%@1728,0%@1728,0%@1728,0%@1728,0%@1728,9%@1728] GR3D_FREQ 99% cpu@72.125C soc2@70.781C soc0@71.125C gpu@74.125C tj@74.125C soc1@71.625C VDD_IN 22315mW/21874mW VDD_CPU_GPU_CV 9076mW/8899mW VDD_SOC 6040mW/5946mW
08-04-2026 08:50:50 RAM 4046/7620MB (lfb 28x1MB) SWAP 2644/12002MB (cached 127MB) CPU [0%@1728,0%@1728,9%@1728,27%@1728,8%@1728,0%@1728] GR3D_FREQ 96% cpu@72.156C soc2@70.781C soc0@70.937C gpu@74.031C tj@74.031C soc1@71.468C VDD_IN 22355mW/21875mW VDD_CPU_GPU_CV 9076mW/8899mW VDD_SOC 6080mW/5946mW
08-04-2026 08:50:50 RAM 4046/7620MB (lfb 28x1MB) SWAP 2644/12002MB (cached 127MB) CPU [0%@1728,0%@1728,0%@1728,0%@1728,0%@1728,0%@1728] GR3D_FREQ 99% cpu@72C soc2@70.75C soc0@71.031C gpu@74.218C tj@74.218C soc1@71.5C VDD_IN 22355mW/21875mW VDD_CPU_GPU_CV 9076mW/8900mW VDD_SOC 6080mW/5946mW
08-04-2026 08:50:50 RAM 4046/7620MB (lfb 28x1MB) SWAP 2644/12002MB (cached 127MB) CPU [9%@1728,0%@1728,0%@1728,9%@1728,0%@1728,0%@1728] GR3D_FREQ 99% cpu@71.968C soc2@70.718C soc0@71.093C gpu@74.062C tj@74.062C soc1@71.625C VDD_IN 22355mW/21876mW VDD_CPU_GPU_CV 9076mW/8900mW VDD_SOC 6080mW/5946mW
08-04-2026 08:50:50 RAM 4046/7620MB (lfb 28x1MB) SWAP 2644/12002MB (cached 127MB) CPU [9%@1728,16%@1728,25%@1728,10%@1728,9%@1728,0%@1728] GR3D_FREQ 94% cpu@72.062C soc2@70.781C soc0@71.093C gpu@73.906C tj@73.906C soc1@71.718C VDD_IN 22275mW/21876mW VDD_CPU_GPU_CV 9036mW/8900mW VDD_SOC 6040mW/5946mW
08-04-2026 08:50:50 RAM 4046/7620MB (lfb 28x1MB) SWAP 2644/12002MB (cached 127MB) CPU [0%@1728,9%@1728,16%@1728,10%@1728,9%@1728,9%@1728] GR3D_FREQ 99% cpu@71.968C soc2@70.625C soc0@70.968C gpu@73.937C tj@73.937C soc1@71.437C VDD_IN 22275mW/21876mW VDD_CPU_GPU_CV 9036mW/8900mW VDD_SOC 6080mW/5946mW
08-04-2026 08:50:50 RAM 4047/7620MB (lfb 28x1MB) SWAP 2644/12002MB (cached 127MB) CPU [9%@1728,0%@1728,0%@1728,9%@1728,0%@1728,16%@1728] GR3D_FREQ 99% cpu@72C soc2@70.656C soc0@70.937C gpu@74C tj@74C soc1@71.531C VDD_IN 22235mW/21876mW VDD_CPU_GPU_CV 9036mW/8900mW VDD_SOC 6040mW/5946mW
08-04-2026 08:50:50 RAM 4046/7620MB (lfb 28x1MB) SWAP 2644/12002MB (cached 127MB) CPU [11%@1728,10%@1728,20%@1728,0%@1728,0%@1728,0%@1728] GR3D_FREQ 95% cpu@71.906C soc2@70.718C soc0@71.062C gpu@73.875C tj@73.875C soc1@71.562C VDD_IN 22275mW/21877mW VDD_CPU_GPU_CV 9036mW/8900mW VDD_SOC 6080mW/5946mW
08-04-2026 08:50:51 RAM 4046/7620MB (lfb 28x1MB) SWAP 2644/12002MB (cached 127MB) CPU [8%@1728,10%@1728,0%@1728,0%@1728,0%@1728,9%@1728] GR3D_FREQ 99% cpu@72.093C soc2@70.843C soc0@71.156C gpu@73.906C tj@73.906C soc1@71.687C VDD_IN 22235mW/21877mW VDD_CPU_GPU_CV 9036mW/8900mW VDD_SOC 6080mW/5946mW
08-04-2026 08:50:51 RAM 4046/7620MB (lfb 28x1MB) SWAP 2644/12002MB (cached 127MB) CPU [9%@1728,9%@1728,9%@1728,16%@1728,0%@1728,0%@1728] GR3D_FREQ 99% cpu@72.312C soc2@70.656C soc0@71.031C gpu@74.281C tj@74.281C soc1@71.375C VDD_IN 22275mW/21877mW VDD_CPU_GPU_CV 9036mW/8900mW VDD_SOC 6080mW/5946mW
08-04-2026 08:50:51 RAM 4046/7620MB (lfb 28x1MB) SWAP 2644/12002MB (cached 127MB) CPU [0%@1728,10%@1728,0%@1728,0%@1728,0%@1728,0%@1728] GR3D_FREQ 95% cpu@71.937C soc2@70.718C soc0@70.968C gpu@73.906C tj@73.906C soc1@71.406C VDD_IN 22315mW/21878mW VDD_CPU_GPU_CV 9036mW/8900mW VDD_SOC 6080mW/5947mW
08-04-2026 08:50:51 RAM 4046/7620MB (lfb 28x1MB) SWAP 2644/12002MB (cached 127MB) CPU [0%@1728,0%@1728,0%@1728,0%@1728,0%@1728,9%@1728] GR3D_FREQ 99% cpu@72.156C soc2@70.718C soc0@71.062C gpu@73.968C tj@73.968C soc1@71.562C VDD_IN 22235mW/21878mW VDD_CPU_GPU_CV 9036mW/8901mW VDD_SOC 6040mW/5947mW
08-04-2026 08:50:51 RAM 4046/7620MB (lfb 28x1MB) SWAP 2644/12002MB (cached 127MB) CPU [0%@1728,18%@1728,0%@1728,0%@1728,0%@1728,0%@1728] GR3D_FREQ 99% cpu@72.25C soc2@70.75C soc0@71.093C gpu@74.187C tj@74.187C soc1@71.406C VDD_IN 22275mW/21878mW VDD_CPU_GPU_CV 9036mW/8901mW VDD_SOC 6080mW/5947mW
08-04-2026 08:50:51 RAM 4046/7620MB (lfb 28x1MB) SWAP 2644/12002MB (cached 127MB) CPU [9%@1728,18%@1728,9%@1728,9%@1728,10%@1728,10%@1728] GR3D_FREQ 99% cpu@72.312C soc2@70.812C soc0@71C gpu@74.093C tj@74.093C soc1@71.437C VDD_IN 22275mW/21879mW VDD_CPU_GPU_CV 9036mW/8901mW VDD_SOC 6080mW/5947mW
08-04-2026 08:50:51 RAM 4046/7620MB (lfb 28x1MB) SWAP 2644/12002MB (cached 127MB) CPU [9%@1728,10%@1728,9%@1728,9%@1728,0%@1728,0%@1728] GR3D_FREQ 99% cpu@71.937C soc2@70.812C soc0@70.968C gpu@73.906C tj@73.906C soc1@71.468C VDD_IN 22235mW/21879mW VDD_CPU_GPU_CV 8996mW/8901mW VDD_SOC 6040mW/5947mW
08-04-2026 08:50:51 RAM 4046/7620MB (lfb 28x1MB) SWAP 2644/12002MB (cached 127MB) CPU [0%@1728,10%@1728,0%@1728,0%@1728,0%@1728,0%@1728] GR3D_FREQ 99% cpu@72.187C soc2@70.718C soc0@71.062C gpu@74.187C tj@74.187C soc1@71.531C VDD_IN 22195mW/21879mW VDD_CPU_GPU_CV 8996mW/8901mW VDD_SOC 6040mW/5947mW
08-04-2026 08:50:51 RAM 4046/7620MB (lfb 28x1MB) SWAP 2644/12002MB (cached 127MB) CPU [0%@1728,18%@1728,25%@1728,16%@1728,0%@1728,0%@1728] GR3D_FREQ 99% cpu@72.312C soc2@70.843C soc0@71.312C gpu@74.187C tj@74.187C soc1@71.718C VDD_IN 22275mW/21879mW VDD_CPU_GPU_CV 9036mW/8901mW VDD_SOC 6040mW/5947mW
08-04-2026 08:50:52 RAM 4045/7620MB (lfb 28x1MB) SWAP 2644/12002MB (cached 127MB) CPU [9%@1728,10%@1728,0%@1728,0%@1728,0%@1728,9%@1728] GR3D_FREQ 99% cpu@72.375C soc2@70.718C soc0@70.968C gpu@74.156C tj@74.156C soc1@71.531C VDD_IN 22275mW/21880mW VDD_CPU_GPU_CV 9076mW/8901mW VDD_SOC 6080mW/5947mW
08-04-2026 08:50:52 RAM 4045/7620MB (lfb 28x1MB) SWAP 2644/12002MB (cached 127MB) CPU [0%@1728,18%@1728,0%@1728,0%@1728,9%@1728,9%@1728] GR3D_FREQ 99% cpu@72.437C soc2@70.812C soc0@71.093C gpu@74.343C tj@74.343C soc1@71.562C VDD_IN 22315mW/21880mW VDD_CPU_GPU_CV 9076mW/8901mW VDD_SOC 6080mW/5947mW
08-04-2026 08:50:52 RAM 4045/7620MB (lfb 28x1MB) SWAP 2644/12002MB (cached 127MB) CPU [0%@1728,0%@1728,0%@1728,0%@1728,0%@1728,0%@1728] GR3D_FREQ 99% cpu@72.062C soc2@70.718C soc0@71.156C gpu@74.218C tj@74.218C soc1@71.593C VDD_IN 22315mW/21880mW VDD_CPU_GPU_CV 9076mW/8901mW VDD_SOC 6080mW/5947mW
08-04-2026 08:50:52 RAM 4045/7620MB (lfb 28x1MB) SWAP 2644/12002MB (cached 127MB) CPU [8%@1728,9%@1728,0%@1728,0%@1728,0%@1728,0%@1728] GR3D_FREQ 99% cpu@72.156C soc2@70.781C soc0@71.156C gpu@74.093C tj@74.093C soc1@71.687C VDD_IN 22315mW/21881mW VDD_CPU_GPU_CV 9076mW/8902mW VDD_SOC 6080mW/5947mW
08-04-2026 08:50:52 RAM 4045/7620MB (lfb 28x1MB) SWAP 2644/12002MB (cached 127MB) CPU [0%@1728,10%@1728,0%@1728,0%@1728,0%@1728,9%@1728] GR3D_FREQ 95% cpu@72.156C soc2@70.687C soc0@70.937C gpu@74.312C tj@74.312C soc1@71.531C VDD_IN 22315mW/21881mW VDD_CPU_GPU_CV 9036mW/8902mW VDD_SOC 6080mW/5948mW
08-04-2026 08:50:52 RAM 4045/7620MB (lfb 28x1MB) SWAP 2644/12002MB (cached 127MB) CPU [9%@1728,9%@1728,0%@1728,16%@1728,0%@1728,9%@1728] GR3D_FREQ 99% cpu@71.968C soc2@70.812C soc0@71C gpu@74.093C tj@74.093C soc1@71.437C VDD_IN 22355mW/21881mW VDD_CPU_GPU_CV 9076mW/8902mW VDD_SOC 6080mW/5948mW
08-04-2026 08:50:52 RAM 4045/7620MB (lfb 28x1MB) SWAP 2644/12002MB (cached 127MB) CPU [0%@1728,10%@1728,27%@1728,0%@1728,16%@1728,0%@1728] GR3D_FREQ 99% cpu@72.156C soc2@70.812C soc0@71.156C gpu@74C tj@74C soc1@71.593C VDD_IN 22235mW/21882mW VDD_CPU_GPU_CV 9036mW/8902mW VDD_SOC 6040mW/5948mW
08-04-2026 08:50:52 RAM 4046/7620MB (lfb 28x1MB) SWAP 2644/12002MB (cached 127MB) CPU [0%@1728,18%@1728,9%@1728,0%@1728,0%@1728,0%@1728] GR3D_FREQ 96% cpu@72.093C soc2@70.812C soc0@70.968C gpu@73.937C tj@73.937C soc1@71.375C VDD_IN 22315mW/21882mW VDD_CPU_GPU_CV 9036mW/8902mW VDD_SOC 6080mW/5948mW
08-04-2026 08:50:52 RAM 4046/7620MB (lfb 28x1MB) SWAP 2644/12002MB (cached 127MB) CPU [0%@1728,10%@1728,0%@1728,0%@1728,0%@1728,0%@1728] GR3D_FREQ 99% cpu@72.218C soc2@70.718C soc0@70.968C gpu@73.937C tj@73.937C soc1@71.468C VDD_IN 22235mW/21882mW VDD_CPU_GPU_CV 8996mW/8902mW VDD_SOC 6040mW/5948mW
08-04-2026 08:50:52 RAM 4043/7620MB (lfb 28x1MB) SWAP 2644/12002MB (cached 127MB) CPU [27%@1728,36%@1728,20%@1728,20%@1728,0%@1728,25%@1728] GR3D_FREQ 99% cpu@72.062C soc2@70.781C soc0@71.062C gpu@74C tj@74C soc1@71.531C VDD_IN 22315mW/21883mW VDD_CPU_GPU_CV 9076mW/8902mW VDD_SOC 6040mW/5948mW
08-04-2026 08:50:53 RAM 4043/7620MB (lfb 28x1MB) SWAP 2644/12002MB (cached 127MB) CPU [0%@1728,10%@1728,0%@1728,0%@1728,0%@1728,0%@1728] GR3D_FREQ 96% cpu@72.062C soc2@70.812C soc0@71.156C gpu@73.906C tj@73.906C soc1@71.593C VDD_IN 22315mW/21883mW VDD_CPU_GPU_CV 9076mW/8902mW VDD_SOC 6080mW/5948mW
08-04-2026 08:50:53 RAM 4043/7620MB (lfb 28x1MB) SWAP 2644/12002MB (cached 127MB) CPU [0%@1728,9%@1728,0%@1728,0%@1728,8%@1728,9%@1728] GR3D_FREQ 99% cpu@72.187C soc2@70.875C soc0@71C gpu@74C tj@74C soc1@71.468C VDD_IN 22275mW/21883mW VDD_CPU_GPU_CV 9036mW/8902mW VDD_SOC 6040mW/5948mW
08-04-2026 08:50:53 RAM 4043/7620MB (lfb 28x1MB) SWAP 2644/12002MB (cached 127MB) CPU [0%@1728,9%@1728,0%@1728,9%@1728,0%@1728,16%@1728] GR3D_FREQ 99% cpu@72.187C soc2@70.718C soc0@70.968C gpu@74C tj@74C soc1@71.437C VDD_IN 22275mW/21884mW VDD_CPU_GPU_CV 9036mW/8903mW VDD_SOC 6040mW/5948mW
08-04-2026 08:50:53 RAM 4043/7620MB (lfb 28x1MB) SWAP 2644/12002MB (cached 127MB) CPU [0%@1728,10%@1728,0%@1728,0%@1728,0%@1728,0%@1728] GR3D_FREQ 99% cpu@72.062C soc2@70.781C soc0@71.031C gpu@73.937C tj@73.937C soc1@71.562C VDD_IN 22275mW/21884mW VDD_CPU_GPU_CV 9036mW/8903mW VDD_SOC 6040mW/5948mW
08-04-2026 08:50:53 RAM 4044/7620MB (lfb 28x1MB) SWAP 2644/12002MB (cached 127MB) CPU [10%@1728,9%@1728,18%@1728,20%@1728,0%@1728,0%@1728] GR3D_FREQ 99% cpu@72.062C soc2@70.687C soc0@71.062C gpu@73.875C tj@73.875C soc1@71.593C VDD_IN 22275mW/21884mW VDD_CPU_GPU_CV 9076mW/8903mW VDD_SOC 6040mW/5948mW
08-04-2026 08:50:53 RAM 4044/7620MB (lfb 28x1MB) SWAP 2644/12002MB (cached 127MB) CPU [9%@1728,10%@1728,20%@1728,16%@1728,0%@1728,10%@1728] GR3D_FREQ 99% cpu@72.218C soc2@70.843C soc0@71.25C gpu@74.187C tj@74.187C soc1@71.437C VDD_IN 22275mW/21885mW VDD_CPU_GPU_CV 9036mW/8903mW VDD_SOC 6040mW/5948mW
08-04-2026 08:50:53 RAM 4044/7620MB (lfb 28x1MB) SWAP 2644/12002MB (cached 127MB) CPU [10%@1728,10%@1728,0%@1728,0%@1728,0%@1728,9%@1728] GR3D_FREQ 99% cpu@71.937C soc2@70.75C soc0@70.875C gpu@74.031C tj@74.031C soc1@71.562C VDD_IN 22275mW/21885mW VDD_CPU_GPU_CV 9036mW/8903mW VDD_SOC 6040mW/5949mW
08-04-2026 08:50:53 RAM 4044/7620MB (lfb 28x1MB) SWAP 2644/12002MB (cached 127MB) CPU [0%@1728,0%@1728,0%@1728,0%@1728,0%@1728,9%@1728] GR3D_FREQ 99% cpu@71.937C soc2@70.718C soc0@71.062C gpu@73.875C tj@73.875C soc1@71.5C VDD_IN 22235mW/21885mW VDD_CPU_GPU_CV 9036mW/8903mW VDD_SOC 6040mW/5949mW
08-04-2026 08:50:53 RAM 4046/7620MB (lfb 28x1MB) SWAP 2644/12002MB (cached 127MB) CPU [20%@1728,18%@1728,20%@1728,25%@1728,9%@1728,0%@1728] GR3D_FREQ 99% cpu@72.218C soc2@70.781C soc0@71.156C gpu@74C tj@74C soc1@71.562C VDD_IN 22275mW/21885mW VDD_CPU_GPU_CV 9036mW/8903mW VDD_SOC 6040mW/5949mW
08-04-2026 08:50:54 RAM 4046/7620MB (lfb 28x1MB) SWAP 2644/12002MB (cached 127MB) CPU [9%@1728,0%@1728,0%@1728,0%@1728,0%@1728,9%@1728] GR3D_FREQ 99% cpu@72.312C soc2@70.843C soc0@70.937C gpu@74.093C tj@74.093C soc1@71.437C VDD_IN 22275mW/21886mW VDD_CPU_GPU_CV 9036mW/8903mW VDD_SOC 6040mW/5949mW
08-04-2026 08:50:54 RAM 4046/7620MB (lfb 28x1MB) SWAP 2644/12002MB (cached 127MB) CPU [0%@1728,9%@1728,9%@1728,9%@1728,9%@1728,0%@1728] GR3D_FREQ 99% cpu@71.875C soc2@70.75C soc0@71C gpu@74.062C tj@74.062C soc1@71.437C VDD_IN 22275mW/21886mW VDD_CPU_GPU_CV 9036mW/8903mW VDD_SOC 6040mW/5949mW
08-04-2026 08:50:54 RAM 4046/7620MB (lfb 28x1MB) SWAP 2644/12002MB (cached 127MB) CPU [0%@1728,0%@1728,0%@1728,16%@1728,0%@1728,0%@1728] GR3D_FREQ 96% cpu@72C soc2@70.687C soc0@70.875C gpu@74.031C tj@74.031C soc1@71.531C VDD_IN 22235mW/21886mW VDD_CPU_GPU_CV 8996mW/8904mW VDD_SOC 6080mW/5949mW
08-04-2026 08:50:54 RAM 4046/7620MB (lfb 28x1MB) SWAP 2644/12002MB (cached 127MB) CPU [10%@1728,0%@1728,0%@1728,10%@1728,0%@1728,0%@1728] GR3D_FREQ 99% cpu@72C soc2@70.75C soc0@71.031C gpu@74.125C tj@74.125C soc1@71.625C VDD_IN 22275mW/21887mW VDD_CPU_GPU_CV 9036mW/8904mW VDD_SOC 6040mW/5949mW
08-04-2026 08:50:54 RAM 4046/7620MB (lfb 28x1MB) SWAP 2644/12002MB (cached 127MB) CPU [0%@1728,0%@1728,10%@1728,0%@1728,0%@1728,9%@1728] GR3D_FREQ 99% cpu@72.218C soc2@70.843C soc0@70.812C gpu@74C tj@74C soc1@71.343C VDD_IN 22235mW/21887mW VDD_CPU_GPU_CV 9036mW/8904mW VDD_SOC 6040mW/5949mW
08-04-2026 08:50:54 RAM 4046/7620MB (lfb 28x1MB) SWAP 2644/12002MB (cached 127MB) CPU [0%@1728,0%@1728,9%@1728,18%@1728,0%@1728,9%@1728] GR3D_FREQ 96% cpu@71.906C soc2@70.687C soc0@70.937C gpu@73.906C tj@73.906C soc1@71.468C VDD_IN 22275mW/21887mW VDD_CPU_GPU_CV 9036mW/8904mW VDD_SOC 6040mW/5949mW
08-04-2026 08:50:54 RAM 4046/7620MB (lfb 28x1MB) SWAP 2644/12002MB (cached 127MB) CPU [18%@1728,0%@1728,18%@1728,10%@1728,0%@1728,0%@1728] GR3D_FREQ 99% cpu@71.843C soc2@70.718C soc0@70.968C gpu@74.031C tj@74.031C soc1@71.437C VDD_IN 22235mW/21887mW VDD_CPU_GPU_CV 9036mW/8904mW VDD_SOC 6040mW/5949mW
08-04-2026 08:50:54 RAM 4046/7620MB (lfb 28x1MB) SWAP 2644/12002MB (cached 127MB) CPU [0%@1728,9%@1728,9%@1728,10%@1728,9%@1728,9%@1728] GR3D_FREQ 99% cpu@72.031C soc2@70.718C soc0@71C gpu@74C tj@74C soc1@71.562C VDD_IN 22235mW/21888mW VDD_CPU_GPU_CV 9036mW/8904mW VDD_SOC 6040mW/5949mW
08-04-2026 08:50:54 RAM 4046/7620MB (lfb 28x1MB) SWAP 2644/12002MB (cached 127MB) CPU [9%@1728,0%@1728,0%@1728,0%@1728,0%@1728,0%@1728] GR3D_FREQ 96% cpu@72.312C soc2@70.843C soc0@70.906C gpu@73.875C tj@73.875C soc1@71.343C VDD_IN 22195mW/21888mW VDD_CPU_GPU_CV 8996mW/8904mW VDD_SOC 6040mW/5949mW
08-04-2026 08:50:54 RAM 4046/7620MB (lfb 28x1MB) SWAP 2644/12002MB (cached 127MB) CPU [0%@1728,16%@1728,0%@1728,20%@1728,18%@1728,0%@1728] GR3D_FREQ 99% cpu@72.312C soc2@70.625C soc0@70.968C gpu@73.875C tj@73.875C soc1@71.437C VDD_IN 22275mW/21888mW VDD_CPU_GPU_CV 9036mW/8904mW VDD_SOC 6040mW/5949mW
08-04-2026 08:50:55 RAM 4046/7620MB (lfb 28x1MB) SWAP 2644/12002MB (cached 127MB) CPU [9%@1728,0%@1728,0%@1728,9%@1728,0%@1728,9%@1728] GR3D_FREQ 99% cpu@71.968C soc2@70.687C soc0@70.968C gpu@74C tj@74C soc1@71.437C VDD_IN 22275mW/21888mW VDD_CPU_GPU_CV 9036mW/8904mW VDD_SOC 6040mW/5949mW
08-04-2026 08:50:55 RAM 4046/7620MB (lfb 28x1MB) SWAP 2644/12002MB (cached 127MB) CPU [0%@1728,0%@1728,0%@1728,10%@1728,0%@1728,0%@1728] GR3D_FREQ 96% cpu@72.125C soc2@70.656C soc0@70.968C gpu@73.843C tj@73.843C soc1@71.625C VDD_IN 22275mW/21889mW VDD_CPU_GPU_CV 9036mW/8904mW VDD_SOC 6080mW/5950mW
08-04-2026 08:50:55 RAM 4046/7620MB (lfb 28x1MB) SWAP 2644/12002MB (cached 127MB) CPU [16%@1728,0%@1728,16%@1728,23%@1728,0%@1728,0%@1728] GR3D_FREQ 99% cpu@72.218C soc2@70.5C soc0@70.843C gpu@74.406C tj@74.406C soc1@71.406C VDD_IN 22315mW/21889mW VDD_CPU_GPU_CV 9076mW/8905mW VDD_SOC 6040mW/5950mW
08-04-2026 08:50:55 RAM 4046/7620MB (lfb 28x1MB) SWAP 2644/12002MB (cached 127MB) CPU [0%@1728,0%@1728,0%@1728,0%@1728,0%@1728,9%@1728] GR3D_FREQ 99% cpu@72.218C soc2@70.718C soc0@70.906C gpu@74.031C tj@74.031C soc1@71.343C VDD_IN 22275mW/21889mW VDD_CPU_GPU_CV 9036mW/8905mW VDD_SOC 6080mW/5950mW
08-04-2026 08:50:55 RAM 4046/7620MB (lfb 28x1MB) SWAP 2644/12002MB (cached 127MB) CPU [0%@1728,0%@1728,0%@1728,9%@1728,0%@1728,0%@1728] GR3D_FREQ 96% cpu@72.093C soc2@70.656C soc0@71C gpu@73.781C tj@73.781C soc1@71.5C VDD_IN 22315mW/21890mW VDD_CPU_GPU_CV 9036mW/8905mW VDD_SOC 6080mW/5950mW
08-04-2026 08:50:55 RAM 4046/7620MB (lfb 28x1MB) SWAP 2644/12002MB (cached 127MB) CPU [9%@1728,10%@1728,11%@1728,10%@1728,0%@1728,0%@1728] GR3D_FREQ 99% cpu@72.281C soc2@70.656C soc0@71.125C gpu@74.437C tj@74.437C soc1@71.656C VDD_IN 22315mW/21890mW VDD_CPU_GPU_CV 9076mW/8905mW VDD_SOC 6040mW/5950mW
08-04-2026 08:50:55 RAM 4046/7620MB (lfb 28x1MB) SWAP 2644/12002MB (cached 127MB) CPU [10%@1728,0%@1728,0%@1728,18%@1728,0%@1728,0%@1728] GR3D_FREQ 99% cpu@72.156C soc2@70.593C soc0@70.843C gpu@74.031C tj@74.031C soc1@71.406C VDD_IN 22235mW/21890mW VDD_CPU_GPU_CV 9036mW/8905mW VDD_SOC 6040mW/5950mW
08-04-2026 08:50:55 RAM 4046/7620MB (lfb 28x1MB) SWAP 2644/12002MB (cached 127MB) CPU [0%@1728,9%@1728,0%@1728,9%@1728,0%@1728,0%@1728] GR3D_FREQ 97% cpu@72.281C soc2@70.687C soc0@70.937C gpu@74C tj@74C soc1@71.531C VDD_IN 22195mW/21891mW VDD_CPU_GPU_CV 8996mW/8905mW VDD_SOC 6080mW/5950mW
08-04-2026 08:50:55 RAM 4046/7620MB (lfb 28x1MB) SWAP 2644/12002MB (cached 127MB) CPU [0%@1728,0%@1728,18%@1728,18%@1728,25%@1728,9%@1728] GR3D_FREQ 99% cpu@72.093C soc2@70.625C soc0@70.968C gpu@74.343C tj@74.343C soc1@71.531C VDD_IN 22235mW/21891mW VDD_CPU_GPU_CV 9076mW/8905mW VDD_SOC 6040mW/5950mW
08-04-2026 08:50:56 RAM 4045/7620MB (lfb 28x1MB) SWAP 2644/12002MB (cached 127MB) CPU [25%@1728,16%@1728,9%@1728,40%@1728,0%@1728,18%@1728] GR3D_FREQ 99% cpu@72.093C soc2@70.75C soc0@71.093C gpu@74C tj@74C soc1@71.593C VDD_IN 22235mW/21891mW VDD_CPU_GPU_CV 9076mW/8905mW VDD_SOC 6040mW/5950mW
08-04-2026 08:50:56 RAM 4045/7620MB (lfb 28x1MB) SWAP 2644/12002MB (cached 127MB) CPU [0%@1728,0%@1728,16%@1728,9%@1728,0%@1728,0%@1728] GR3D_FREQ 96% cpu@72.187C soc2@70.656C soc0@70.937C gpu@74C tj@74C soc1@71.406C VDD_IN 22275mW/21891mW VDD_CPU_GPU_CV 9036mW/8905mW VDD_SOC 6080mW/5950mW
08-04-2026 08:50:56 RAM 4045/7620MB (lfb 28x1MB) SWAP 2644/12002MB (cached 127MB) CPU [0%@1728,9%@1728,0%@1728,0%@1728,9%@1728,0%@1728] GR3D_FREQ 99% cpu@72.187C soc2@70.687C soc0@70.968C gpu@74C tj@74C soc1@71.437C VDD_IN 22235mW/21892mW VDD_CPU_GPU_CV 9036mW/8905mW VDD_SOC 6040mW/5950mW
08-04-2026 08:50:56 RAM 4045/7620MB (lfb 28x1MB) SWAP 2644/12002MB (cached 127MB) CPU [0%@1728,54%@1728,0%@1728,18%@1728,9%@1728,9%@1728] GR3D_FREQ 99% cpu@72.093C soc2@70.781C soc0@71C gpu@74C tj@74C soc1@71.531C VDD_IN 22315mW/21892mW VDD_CPU_GPU_CV 9076mW/8906mW VDD_SOC 6080mW/5950mW
08-04-2026 08:50:56 RAM 4045/7620MB (lfb 28x1MB) SWAP 2644/12002MB (cached 127MB) CPU [0%@1728,0%@1728,9%@1728,10%@1728,0%@1728,0%@1728] GR3D_FREQ 95% cpu@72.156C soc2@70.843C soc0@71.093C gpu@74.031C tj@74.031C soc1@71.687C VDD_IN 22315mW/21892mW VDD_CPU_GPU_CV 9076mW/8906mW VDD_SOC 6080mW/5951mW
08-04-2026 08:50:56 RAM 4045/7620MB (lfb 28x1MB) SWAP 2644/12002MB (cached 127MB) CPU [10%@1728,0%@1728,0%@1728,0%@1728,9%@1728,9%@1728] GR3D_FREQ 99% cpu@72.125C soc2@70.687C soc0@70.875C gpu@73.968C tj@73.968C soc1@71.468C VDD_IN 22275mW/21893mW VDD_CPU_GPU_CV 9076mW/8906mW VDD_SOC 6040mW/5951mW
08-04-2026 08:50:56 RAM 4045/7620MB (lfb 28x1MB) SWAP 2644/12002MB (cached 127MB) CPU [0%@1728,18%@1728,16%@1728,18%@1728,0%@1728,9%@1728] GR3D_FREQ 99% cpu@72.218C soc2@70.687C soc0@71C gpu@73.968C tj@73.75C soc1@71.562C VDD_IN 22195mW/21893mW VDD_CPU_GPU_CV 8996mW/8906mW VDD_SOC 6040mW/5951mW
08-04-2026 08:50:56 RAM 4045/7620MB (lfb 28x1MB) SWAP 2644/12002MB (cached 127MB) CPU [9%@1728,0%@1728,0%@1728,10%@1728,0%@1728,0%@1728] GR3D_FREQ 96% cpu@72.062C soc2@70.781C soc0@71.062C gpu@74C tj@74C soc1@71.562C VDD_IN 22235mW/21893mW VDD_CPU_GPU_CV 9036mW/8906mW VDD_SOC 6080mW/5951mW
08-04-2026 08:50:56 RAM 4045/7620MB (lfb 28x1MB) SWAP 2644/12002MB (cached 127MB) CPU [9%@1728,9%@1728,0%@1728,0%@1728,9%@1728,0%@1728] GR3D_FREQ 99% cpu@72.062C soc2@70.812C soc0@71.218C gpu@74C tj@74C soc1@71.718C VDD_IN 22195mW/21893mW VDD_CPU_GPU_CV 8996mW/8906mW VDD_SOC 6040mW/5951mW
08-04-2026 08:50:56 RAM 4046/7620MB (lfb 28x1MB) SWAP 2644/12002MB (cached 127MB) CPU [10%@1728,25%@1728,0%@1728,18%@1728,10%@1728,9%@1728] GR3D_FREQ 99% cpu@72.156C soc2@70.656C soc0@71C gpu@73.781C tj@73.781C soc1@71.5C VDD_IN 22235mW/21893mW VDD_CPU_GPU_CV 9036mW/8906mW VDD_SOC 6080mW/5951mW
08-04-2026 08:50:57 RAM 4046/7620MB (lfb 28x1MB) SWAP 2644/12002MB (cached 127MB) CPU [0%@1728,0%@1728,9%@1728,0%@1728,0%@1728,0%@1728] GR3D_FREQ 99% cpu@72.031C soc2@70.843C soc0@71C gpu@74.031C tj@74.031C soc1@71.531C VDD_IN 22235mW/21894mW VDD_CPU_GPU_CV 9036mW/8906mW VDD_SOC 6080mW/5951mW
08-04-2026 08:50:57 RAM 4046/7620MB (lfb 28x1MB) SWAP 2644/12002MB (cached 127MB) CPU [0%@1728,0%@1728,0%@1728,10%@1728,0%@1728,9%@1728] GR3D_FREQ 99% cpu@72C soc2@70.812C soc0@71.093C gpu@74.062C tj@74.062C soc1@71.625C VDD_IN 22235mW/21894mW VDD_CPU_GPU_CV 9036mW/8906mW VDD_SOC 6040mW/5951mW
08-04-2026 08:50:57 RAM 4046/7620MB (lfb 28x1MB) SWAP 2644/12002MB (cached 127MB) CPU [9%@1728,0%@1728,0%@1728,10%@1728,0%@1728,0%@1728] GR3D_FREQ 96% cpu@72.156C soc2@70.843C soc0@71.156C gpu@73.906C tj@73.906C soc1@71.562C VDD_IN 22235mW/21894mW VDD_CPU_GPU_CV 9036mW/8906mW VDD_SOC 6080mW/5951mW
08-04-2026 08:50:57 RAM 4046/7620MB (lfb 28x1MB) SWAP 2644/12002MB (cached 127MB) CPU [8%@1728,0%@1728,0%@1728,8%@1728,0%@1728,8%@1728] GR3D_FREQ 99% cpu@72C soc2@70.875C soc0@71.187C gpu@74C tj@74C soc1@71.593C VDD_IN 22275mW/21895mW VDD_CPU_GPU_CV 9036mW/8907mW VDD_SOC 6080mW/5951mW
08-04-2026 08:50:57 RAM 4046/7620MB (lfb 28x1MB) SWAP 2644/12002MB (cached 127MB) CPU [16%@1728,0%@1728,9%@1728,9%@1728,0%@1728,0%@1728] GR3D_FREQ 99% cpu@72.187C soc2@70.781C soc0@71.218C gpu@73.968C tj@73.968C soc1@71.75C VDD_IN 22275mW/21895mW VDD_CPU_GPU_CV 9036mW/8907mW VDD_SOC 6080mW/5951mW
08-04-2026 08:50:57 RAM 4046/7620MB (lfb 28x1MB) SWAP 2644/12002MB (cached 127MB) CPU [0%@1728,18%@1728,16%@1728,10%@1728,9%@1728,0%@1728] GR3D_FREQ 95% cpu@72.343C soc2@70.812C soc0@70.968C gpu@73.781C tj@73.781C soc1@71.437C VDD_IN 22235mW/21895mW VDD_CPU_GPU_CV 8996mW/8907mW VDD_SOC 6080mW/5951mW
08-04-2026 08:50:57 RAM 4046/7620MB (lfb 28x1MB) SWAP 2644/12002MB (cached 127MB) CPU [9%@1728,0%@1728,0%@1728,10%@1728,0%@1728,9%@1728] GR3D_FREQ 99% cpu@72.343C soc2@70.812C soc0@71.093C gpu@74.343C tj@74.343C soc1@71.531C VDD_IN 22195mW/21895mW VDD_CPU_GPU_CV 9036mW/8907mW VDD_SOC 6040mW/5952mW
08-04-2026 08:50:57 RAM 4046/7620MB (lfb 28x1MB) SWAP 2644/12002MB (cached 127MB) CPU [0%@1728,0%@1728,16%@1728,0%@1728,0%@1728,0%@1728] GR3D_FREQ 99% cpu@72.062C soc2@70.781C soc0@71.156C gpu@73.875C tj@73.875C soc1@71.656C VDD_IN 22155mW/21895mW VDD_CPU_GPU_CV 8996mW/8907mW VDD_SOC 6040mW/5952mW
08-04-2026 08:50:57 RAM 4045/7620MB (lfb 28x1MB) SWAP 2644/12002MB (cached 127MB) CPU [9%@1728,0%@1728,10%@1728,18%@1728,11%@1728,0%@1728] GR3D_FREQ 94% cpu@72.312C soc2@70.906C soc0@71.25C gpu@74.343C tj@74.343C soc1@71.5C VDD_IN 22235mW/21896mW VDD_CPU_GPU_CV 9036mW/8907mW VDD_SOC 6080mW/5952mW
08-04-2026 08:50:58 RAM 4045/7620MB (lfb 28x1MB) SWAP 2644/12002MB (cached 127MB) CPU [0%@1728,0%@1728,0%@1728,0%@1728,0%@1728,0%@1728] GR3D_FREQ 99% cpu@72.281C soc2@70.75C soc0@71.031C gpu@74.375C tj@74.375C soc1@71.593C VDD_IN 22235mW/21896mW VDD_CPU_GPU_CV 9036mW/8907mW VDD_SOC 6040mW/5952mW
08-04-2026 08:50:58 RAM 4045/7620MB (lfb 28x1MB) SWAP 2644/12002MB (cached 127MB) CPU [0%@1728,9%@1728,0%@1728,18%@1728,0%@1728,0%@1728] GR3D_FREQ 99% cpu@72.062C soc2@70.75C soc0@71.031C gpu@74C tj@74C soc1@71.562C VDD_IN 22195mW/21896mW VDD_CPU_GPU_CV 8996mW/8907mW VDD_SOC 6080mW/5952mW
08-04-2026 08:50:58 RAM 4045/7620MB (lfb 28x1MB) SWAP 2644/12002MB (cached 127MB) CPU [9%@1728,8%@1728,9%@1728,9%@1728,0%@1728,9%@1728] GR3D_FREQ 96% cpu@72.062C soc2@70.843C soc0@71.062C gpu@74.468C tj@74.093C soc1@71.593C VDD_IN 22275mW/21896mW VDD_CPU_GPU_CV 8996mW/8907mW VDD_SOC 6080mW/5952mW
08-04-2026 08:50:58 RAM 4045/7620MB (lfb 28x1MB) SWAP 2644/12002MB (cached 127MB) CPU [9%@1728,0%@1728,9%@1728,10%@1728,9%@1728,0%@1728] GR3D_FREQ 99% cpu@72.125C soc2@70.875C soc0@71.25C gpu@74.218C tj@74.218C soc1@71.687C VDD_IN 22235mW/21897mW VDD_CPU_GPU_CV 9036mW/8907mW VDD_SOC 6080mW/5952mW
08-04-2026 08:50:58 RAM 4046/7620MB (lfb 28x1MB) SWAP 2644/12002MB (cached 127MB) CPU [16%@1728,0%@1728,27%@1728,11%@1728,18%@1728,0%@1728] GR3D_FREQ 99% cpu@72.468C soc2@70.906C soc0@71.031C gpu@74.062C tj@74.062C soc1@71.531C VDD_IN 22275mW/21897mW VDD_CPU_GPU_CV 9076mW/8907mW VDD_SOC 6080mW/5952mW
08-04-2026 08:50:58 RAM 4046/7620MB (lfb 28x1MB) SWAP 2644/12002MB (cached 127MB) CPU [0%@1728,9%@1728,9%@1728,9%@1728,0%@1728,8%@1728] GR3D_FREQ 99% cpu@72.062C soc2@70.843C soc0@71.093C gpu@74.062C tj@74.062C soc1@71.562C VDD_IN 22315mW/21897mW VDD_CPU_GPU_CV 9076mW/8908mW VDD_SOC 6080mW/5952mW
08-04-2026 08:50:58 RAM 4046/7620MB (lfb 28x1MB) SWAP 2644/12002MB (cached 127MB) CPU [0%@1728,27%@1728,0%@1728,16%@1728,0%@1728,18%@1728] GR3D_FREQ 99% cpu@72.093C soc2@70.781C soc0@71.156C gpu@74.062C tj@74.062C soc1@71.656C VDD_IN 22235mW/21898mW VDD_CPU_GPU_CV 9076mW/8908mW VDD_SOC 6040mW/5952mW
08-04-2026 08:50:58 RAM 4046/7620MB (lfb 28x1MB) SWAP 2644/12002MB (cached 127MB) CPU [0%@1728,18%@1728,0%@1728,0%@1728,0%@1728,0%@1728] GR3D_FREQ 99% cpu@72.156C soc2@70.906C soc0@71.187C gpu@74C tj@74C soc1@71.406C VDD_IN 22275mW/21898mW VDD_CPU_GPU_CV 9036mW/8908mW VDD_SOC 6040mW/5952mW
08-04-2026 08:50:58 RAM 4047/7620MB (lfb 28x1MB) SWAP 2644/12002MB (cached 127MB) CPU [9%@1728,0%@1728,10%@1728,0%@1728,0%@1728,18%@1728] GR3D_FREQ 97% cpu@72C soc2@70.718C soc0@71C gpu@74.031C tj@74.031C soc1@71.468C VDD_IN 22235mW/21898mW VDD_CPU_GPU_CV 9076mW/8908mW VDD_SOC 6040mW/5952mW
08-04-2026 08:50:58 RAM 4047/7620MB (lfb 28x1MB) SWAP 2644/12002MB (cached 127MB) CPU [0%@1728,9%@1728,8%@1728,10%@1728,9%@1728,0%@1728] GR3D_FREQ 99% cpu@72C soc2@70.781C soc0@71C gpu@73.968C tj@73.968C soc1@71.562C VDD_IN 22275mW/21898mW VDD_CPU_GPU_CV 9076mW/8908mW VDD_SOC 6040mW/5953mW
08-04-2026 08:50:59 RAM 4047/7620MB (lfb 28x1MB) SWAP 2644/12002MB (cached 127MB) CPU [0%@1728,10%@1728,0%@1728,0%@1728,9%@1728,0%@1728] GR3D_FREQ 99% cpu@72.093C soc2@70.843C soc0@71.093C gpu@74.468C tj@74.468C soc1@71.562C VDD_IN 22275mW/21899mW VDD_CPU_GPU_CV 9036mW/8908mW VDD_SOC 6040mW/5953mW
08-04-2026 08:50:59 RAM 4047/7620MB (lfb 28x1MB) SWAP 2644/12002MB (cached 127MB) CPU [0%@1728,0%@1728,0%@1728,0%@1728,0%@1728,9%@1728] GR3D_FREQ 99% cpu@72.375C soc2@70.875C soc0@70.968C gpu@74C tj@74C soc1@71.437C VDD_IN 22275mW/21899mW VDD_CPU_GPU_CV 9036mW/8908mW VDD_SOC 6080mW/5953mW
08-04-2026 08:50:59 RAM 4046/7620MB (lfb 28x1MB) SWAP 2644/12002MB (cached 127MB) CPU [9%@1728,36%@1728,0%@1728,11%@1728,0%@1728,9%@1728] GR3D_FREQ 99% cpu@72C soc2@70.812C soc0@71.031C gpu@74.062C tj@74.062C soc1@71.531C VDD_IN 22275mW/21899mW VDD_CPU_GPU_CV 9076mW/8908mW VDD_SOC 6040mW/5953mW
08-04-2026 08:50:59 RAM 4046/7620MB (lfb 28x1MB) SWAP 2644/12002MB (cached 127MB) CPU [0%@1728,0%@1728,0%@1728,9%@1728,0%@1728,0%@1728] GR3D_FREQ 96% cpu@72C soc2@70.781C soc0@71C gpu@74.5C tj@74.5C soc1@71.531C VDD_IN 22275mW/21899mW VDD_CPU_GPU_CV 9036mW/8908mW VDD_SOC 6080mW/5953mW
08-04-2026 08:50:59 RAM 4046/7620MB (lfb 28x1MB) SWAP 2644/12002MB (cached 127MB) CPU [0%@1728,0%@1728,9%@1728,10%@1728,0%@1728,0%@1728] GR3D_FREQ 99% cpu@72.031C soc2@70.875C soc0@71.062C gpu@74.281C tj@74.281C soc1@71.718C VDD_IN 22275mW/21900mW VDD_CPU_GPU_CV 9036mW/8909mW VDD_SOC 6080mW/5953mW
08-04-2026 08:50:59 RAM 4046/7620MB (lfb 28x1MB) SWAP 2644/12002MB (cached 127MB) CPU [9%@1728,0%@1728,18%@1728,18%@1728,9%@1728,0%@1728] GR3D_FREQ 99% cpu@72.343C soc2@70.781C soc0@71.25C gpu@73.968C tj@73.968C soc1@71.812C VDD_IN 22155mW/21900mW VDD_CPU_GPU_CV 9036mW/8909mW VDD_SOC 6040mW/5953mW
08-04-2026 08:50:59 RAM 4046/7620MB (lfb 28x1MB) SWAP 2644/12002MB (cached 127MB) CPU [9%@1728,18%@1728,0%@1728,0%@1728,0%@1728,0%@1728] GR3D_FREQ 95% cpu@72.437C soc2@70.781C soc0@71.062C gpu@74.281C tj@74.281C soc1@71.531C VDD_IN 22195mW/21900mW VDD_CPU_GPU_CV 9036mW/8909mW VDD_SOC 6040mW/5953mW
08-04-2026 08:50:59 RAM 4046/7620MB (lfb 28x1MB) SWAP 2644/12002MB (cached 127MB) CPU [9%@1728,40%@1728,0%@1728,0%@1728,0%@1728,9%@1728] GR3D_FREQ 0% cpu@71.968C soc2@70.625C soc0@71C gpu@73.093C tj@73.093C soc1@71.625C VDD_IN 20986mW/21900mW VDD_CPU_GPU_CV 8412mW/8908mW VDD_SOC 5729mW/5953mW
08-04-2026 08:50:59 RAM 4046/7620MB (lfb 28x1MB) SWAP 2644/12002MB (cached 127MB) CPU [25%@1728,100%@1728,10%@1728,9%@1728,9%@1728,25%@1728] GR3D_FREQ 0% cpu@72.031C soc2@70.437C soc0@71.125C gpu@72.156C tj@72.156C soc1@71.656C VDD_IN 18506mW/21897mW VDD_CPU_GPU_CV 7142mW/8907mW VDD_SOC 5112mW/5952mW
08-04-2026 08:51:00 RAM 4046/7620MB (lfb 28x1MB) SWAP 2644/12002MB (cached 127MB) CPU [0%@1728,100%@1728,9%@1728,9%@1728,9%@1728,0%@1728] GR3D_FREQ 6% cpu@72.125C soc2@70.375C soc0@71.093C gpu@72.343C tj@72.343C soc1@71.468C VDD_IN 16421mW/21893mW VDD_CPU_GPU_CV 6078mW/8905mW VDD_SOC 4644mW/5951mW
08-04-2026 08:51:00 RAM 4046/7620MB (lfb 28x1MB) SWAP 2644/12002MB (cached 127MB) CPU [9%@1728,100%@1728,0%@1728,0%@1728,0%@1728,0%@1728] GR3D_FREQ 0% cpu@71.593C soc2@70.187C soc0@70.875C gpu@71.937C tj@71.937C soc1@71.5C VDD_IN 14810mW/21888mW VDD_CPU_GPU_CV 5249mW/8902mW VDD_SOC 4253mW/5950mW
08-04-2026 08:51:00 RAM 4043/7620MB (lfb 28x1MB) SWAP 2644/12002MB (cached 127MB) CPU [0%@1728,100%@1728,11%@1728,0%@1728,0%@1728,0%@1728] GR3D_FREQ 0% cpu@71.437C soc2@70.187C soc0@70.937C gpu@71.562C tj@71.562C soc1@71.5C VDD_IN 13533mW/21882mW VDD_CPU_GPU_CV 4618mW/8899mW VDD_SOC 3942mW/5949mW
08-04-2026 08:51:00 RAM 4022/7620MB (lfb 28x1MB) SWAP 2644/12002MB (cached 127MB) CPU [9%@1728,100%@1728,23%@1728,0%@1728,9%@1728,0%@1728] GR3D_FREQ 0% cpu@71.437C soc2@70.125C soc0@70.937C gpu@71.656C tj@71.656C soc1@71.531C VDD_IN 12536mW/21875mW VDD_CPU_GPU_CV 4179mW/8896mW VDD_SOC 3704mW/5947mW
