08-04-2026 21:02:29 RAM 3880/7620MB (lfb 148x1MB) SWAP 1691/12002MB (cached 50MB) CPU [25%@1728,0%@1728,0%@1728,0%@1728,0%@1728,0%@1728] GR3D_FREQ 0% cpu@58.562C soc2@57.687C soc0@58.406C gpu@58.656C tj@59.968C soc1@59.968C VDD_IN 8820mW/8820mW VDD_CPU_GPU_CV 2703mW/2703mW VDD_SOC 2666mW/2666mW
08-04-2026 21:02:29 RAM 3880/7620MB (lfb 148x1MB) SWAP 1691/12002MB (cached 50MB) CPU [100%@1728,0%@1728,9%@1728,0%@1728,0%@1728,0%@1728] GR3D_FREQ 16% cpu@59.187C soc2@57.843C soc0@58.5C gpu@58.593C tj@59.843C soc1@59.843C VDD_IN 8902mW/8861mW VDD_CPU_GPU_CV 2785mW/2744mW VDD_SOC 2666mW/2666mW
08-04-2026 21:02:29 RAM 3880/7620MB (lfb 148x1MB) SWAP 1691/12002MB (cached 50MB) CPU [100%@1728,0%@1728,0%@1728,8%@1728,0%@1728,0%@1728] GR3D_FREQ 16% cpu@59.281C soc2@57.75C soc0@58.343C gpu@58.968C tj@59.781C soc1@59.781C VDD_IN 8984mW/8902mW VDD_CPU_GPU_CV 2826mW/2771mW VDD_SOC 2666mW/2666mW
08-04-2026 21:02:29 RAM 3880/7620MB (lfb 148x1MB) SWAP 1691/12002MB (cached 50MB) CPU [100%@1728,0%@1728,0%@1728,0%@1728,0%@1728,0%@1728] GR3D_FREQ 17% cpu@58.937C soc2@57.75C soc0@58.406C gpu@58.687C tj@59.875C soc1@59.875C VDD_IN 9025mW/8933mW VDD_CPU_GPU_CV 2908mW/2806mW VDD_SOC 2666mW/2666mW
08-04-2026 21:02:29 RAM 3880/7620MB (lfb 148x1MB) SWAP 1691/12002MB (cached 50MB) CPU [100%@1728,0%@1728,0%@1728,0%@1728,0%@1728,0%@1728] GR3D_FREQ 17% cpu@58.906C soc2@57.75C soc0@58.468C gpu@59.156C tj@59.906C soc1@59.906C VDD_IN 9066mW/8959mW VDD_CPU_GPU_CV 2903mW/2825mW VDD_SOC 2666mW/2666mW
08-04-2026 21:02:29 RAM 3880/7620MB (lfb 148x1MB) SWAP 1691/12002MB (cached 50MB) CPU [100%@1728,0%@1728,0%@1728,0%@1728,0%@1728,0%@1728] GR3D_FREQ 16% cpu@59.218C soc2@57.843C soc0@58.531C gpu@58.968C tj@60.093C soc1@60.093C VDD_IN 9066mW/8977mW VDD_CPU_GPU_CV 2944mW/2845mW VDD_SOC 2666mW/2666mW
08-04-2026 21:02:29 RAM 3880/7620MB (lfb 148x1MB) SWAP 1691/12002MB (cached 50MB) CPU [100%@1728,0%@1728,0%@1728,0%@1728,0%@1728,0%@1728] GR3D_FREQ 17% cpu@59.343C soc2@57.843C soc0@58.343C gpu@58.718C tj@59.875C soc1@59.875C VDD_IN 9107mW/8996mW VDD_CPU_GPU_CV 2985mW/2865mW VDD_SOC 2666mW/2666mW
08-04-2026 21:02:29 RAM 3880/7620MB (lfb 148x1MB) SWAP 1691/12002MB (cached 50MB) CPU [100%@1728,0%@1728,0%@1728,0%@1728,0%@1728,0%@1728] GR3D_FREQ 16% cpu@59.406C soc2@57.75C soc0@58.468C gpu@59.156C tj@59.843C soc1@59.843C VDD_IN 9148mW/9015mW VDD_CPU_GPU_CV 2985mW/2880mW VDD_SOC 2666mW/2666mW
08-04-2026 21:02:30 RAM 3880/7620MB (lfb 148x1MB) SWAP 1691/12002MB (cached 50MB) CPU [100%@1728,0%@1728,0%@1728,0%@1728,0%@1728,0%@1728] GR3D_FREQ 17% cpu@58.968C soc2@57.843C soc0@58.406C gpu@58.968C tj@59.875C soc1@59.875C VDD_IN 9148mW/9030mW VDD_CPU_GPU_CV 2985mW/2892mW VDD_SOC 2662mW/2666mW
08-04-2026 21:02:30 RAM 3880/7620MB (lfb 148x1MB) SWAP 1691/12002MB (cached 50MB) CPU [100%@1728,0%@1728,0%@1728,9%@1728,0%@1728,0%@1728] GR3D_FREQ 17% cpu@59.093C soc2@57.781C soc0@58.531C gpu@58.687C tj@59.906C soc1@59.906C VDD_IN 9148mW/9041mW VDD_CPU_GPU_CV 3026mW/2905mW VDD_SOC 2662mW/2665mW
08-04-2026 21:02:30 RAM 3880/7620MB (lfb 148x1MB) SWAP 1691/12002MB (cached 50MB) CPU [100%@1728,0%@1728,0%@1728,0%@1728,0%@1728,0%@1728] GR3D_FREQ 16% cpu@59.25C soc2@57.843C soc0@58.406C gpu@59.062C tj@59.781C soc1@59.781C VDD_IN 9148mW/9051mW VDD_CPU_GPU_CV 3026mW/2916mW VDD_SOC 2662mW/2665mW
08-04-2026 21:02:30 RAM 3880/7620MB (lfb 148x1MB) SWAP 1691/12002MB (cached 50MB) CPU [100%@1728,0%@1728,0%@1728,0%@1728,0%@1728,0%@1728] GR3D_FREQ 16% cpu@59.468C soc2@57.75C soc0@58.468C gpu@58.875C tj@59.812C soc1@59.812C VDD_IN 9148mW/9059mW VDD_CPU_GPU_CV 3026mW/2925mW VDD_SOC 2666mW/2665mW
08-04-2026 21:02:30 RAM 3880/7620MB (lfb 148x1MB) SWAP 1691/12002MB (cached 50MB) CPU [100%@1728,0%@1728,8%@1728,0%@1728,0%@1728,0%@1728] GR3D_FREQ 16% cpu@59.031C soc2@57.75C soc0@58.437C gpu@58.656C tj@59.906C soc1@59.906C VDD_IN 9189mW/9069mW VDD_CPU_GPU_CV 3026mW/2933mW VDD_SOC 2662mW/2665mW
08-04-2026 21:02:30 RAM 3880/7620MB (lfb 148x1MB) SWAP 1691/12002MB (cached 50MB) CPU [100%@1728,0%@1728,0%@1728,0%@1728,0%@1728,8%@1728] GR3D_FREQ 17% cpu@59.093C soc2@57.781C soc0@58.468C gpu@59.062C tj@59.906C soc1@59.906C VDD_IN 9189mW/9078mW VDD_CPU_GPU_CV 3026mW/2940mW VDD_SOC 2662mW/2665mW
08-04-2026 21:02:30 RAM 3880/7620MB (lfb 148x1MB) SWAP 1691/12002MB (cached 50MB) CPU [100%@1728,0%@1728,0%@1728,0%@1728,0%@1728,0%@1728] GR3D_FREQ 16% cpu@59.187C soc2@57.781C soc0@58.687C gpu@58.906C tj@60.125C soc1@60.125C VDD_IN 9189mW/9085mW VDD_CPU_GPU_CV 3026mW/2945mW VDD_SOC 2662mW/2664mW
08-04-2026 21:02:30 RAM 3880/7620MB (lfb 148x1MB) SWAP 1691/12002MB (cached 50MB) CPU [100%@1728,0%@1728,0%@1728,0%@1728,0%@1728,0%@1728] GR3D_FREQ 17% cpu@59.312C soc2@57.75C soc0@58.312C gpu@58.843C tj@59.875C soc1@59.875C VDD_IN 9189mW/9092mW VDD_CPU_GPU_CV 3026mW/2950mW VDD_SOC 2662mW/2664mW
08-04-2026 21:02:30 RAM 3880/7620MB (lfb 148x1MB) SWAP 1691/12002MB (cached 50MB) CPU [100%@1728,0%@1728,0%@1728,9%@1728,0%@1728,0%@1728] GR3D_FREQ 17% cpu@59.031C soc2@57.75C soc0@58.343C gpu@59.062C tj@59.875C soc1@59.875C VDD_IN 9189mW/9097mW VDD_CPU_GPU_CV 3026mW/2955mW VDD_SOC 2662mW/2664mW
08-04-2026 21:02:30 RAM 3880/7620MB (lfb 148x1MB) SWAP 1691/12002MB (cached 50MB) CPU [100%@1728,0%@1728,0%@1728,0%@1728,0%@1728,0%@1728] GR3D_FREQ 16% cpu@59.187C soc2@57.812C soc0@58.437C gpu@58.843C tj@59.906C soc1@59.906C VDD_IN 9189mW/9102mW VDD_CPU_GPU_CV 3026mW/2959mW VDD_SOC 2662mW/2664mW
08-04-2026 21:02:31 RAM 3880/7620MB (lfb 148x1MB) SWAP 1691/12002MB (cached 50MB) CPU [100%@1728,0%@1728,0%@1728,0%@1728,0%@1728,0%@1728] GR3D_FREQ 17% cpu@59.156C soc2@57.843C soc0@58.5C gpu@58.781C tj@60C soc1@60C VDD_IN 9189mW/9107mW VDD_CPU_GPU_CV 3026mW/2962mW VDD_SOC 2662mW/2664mW
08-04-2026 21:02:31 RAM 3880/7620MB (lfb 148x1MB) SWAP 1691/12002MB (cached 50MB) CPU [100%@1728,0%@1728,9%@1728,0%@1728,0%@1728,0%@1728] GR3D_FREQ 16% cpu@59.218C soc2@57.781C soc0@58.312C gpu@59C tj@59.937C soc1@59.937C VDD_IN 9189mW/9111mW VDD_CPU_GPU_CV 3026mW/2965mW VDD_SOC 2662mW/2664mW
08-04-2026 21:02:31 RAM 3880/7620MB (lfb 148x1MB) SWAP 1691/12002MB (cached 50MB) CPU [100%@1728,0%@1728,0%@1728,0%@1728,0%@1728,0%@1728] GR3D_FREQ 16% cpu@59.375C soc2@57.75C soc0@58.406C gpu@58.843C tj@59.843C soc1@59.843C VDD_IN 9189mW/9115mW VDD_CPU_GPU_CV 3026mW/2968mW VDD_SOC 2666mW/2664mW
08-04-2026 21:02:31 RAM 3880/7620MB (lfb 148x1MB) SWAP 1691/12002MB (cached 50MB) CPU [100%@1728,9%@1728,9%@1728,0%@1728,0%@1728,0%@1728] GR3D_FREQ 16% cpu@59.093C soc2@57.843C soc0@58.562C gpu@58.843C tj@59.906C soc1@59.906C VDD_IN 9189mW/9118mW VDD_CPU_GPU_CV 3026mW/2971mW VDD_SOC 2662mW/2664mW
08-04-2026 21:02:31 RAM 3882/7620MB (lfb 148x1MB) SWAP 1691/12002MB (cached 50MB) CPU [83%@1728,9%@1728,9%@1728,25%@1728,20%@1728,9%@1728] GR3D_FREQ 15% cpu@59.031C soc2@57.812C soc0@58.625C gpu@59C tj@59.937C soc1@59.937C VDD_IN 9271mW/9125mW VDD_CPU_GPU_CV 3108mW/2977mW VDD_SOC 2703mW/2666mW
08-04-2026 21:02:31 RAM 3880/7620MB (lfb 148x1MB) SWAP 1691/12002MB (cached 50MB) CPU [0%@1728,0%@1728,0%@1728,0%@1728,100%@1728,0%@1728] GR3D_FREQ 17% cpu@59.156C soc2@57.687C soc0@58.687C gpu@58.875C tj@59.875C soc1@59.875C VDD_IN 9230mW/9129mW VDD_CPU_GPU_CV 3067mW/2981mW VDD_SOC 2703mW/2667mW
08-04-2026 21:02:31 RAM 3880/7620MB (lfb 148x1MB) SWAP 1691/12002MB (cached 50MB) CPU [0%@1728,9%@1728,9%@1728,0%@1728,100%@1728,0%@1728] GR3D_FREQ 17% cpu@58.906C soc2@57.593C soc0@58.406C gpu@58.781C tj@59.843C soc1@59.843C VDD_IN 9230mW/9133mW VDD_CPU_GPU_CV 3067mW/2984mW VDD_SOC 2662mW/2667mW
08-04-2026 21:02:31 RAM 3880/7620MB (lfb 148x1MB) SWAP 1691/12002MB (cached 50MB) CPU [8%@1728,0%@1728,0%@1728,0%@1728,100%@1728,0%@1728] GR3D_FREQ 16% cpu@58.906C soc2@57.656C soc0@58.531C gpu@58.906C tj@59.906C soc1@59.906C VDD_IN 9230mW/9137mW VDD_CPU_GPU_CV 3067mW/2987mW VDD_SOC 2662mW/2667mW
08-04-2026 21:02:31 RAM 3880/7620MB (lfb 148x1MB) SWAP 1691/12002MB (cached 50MB) CPU [0%@1728,0%@1728,0%@1728,0%@1728,100%@1728,0%@1728] GR3D_FREQ 17% cpu@58.937C soc2@57.625C soc0@58.531C gpu@58.812C tj@60C soc1@60C VDD_IN 9230mW/9140mW VDD_CPU_GPU_CV 3067mW/2990mW VDD_SOC 2662mW/2667mW
08-04-2026 21:02:32 RAM 3880/7620MB (lfb 148x1MB) SWAP 1691/12002MB (cached 50MB) CPU [0%@1728,0%@1728,0%@1728,0%@1728,100%@1728,0%@1728] GR3D_FREQ 16% cpu@59.125C soc2@57.687C soc0@58.656C gpu@59.125C tj@60.031C soc1@60.031C VDD_IN 9189mW/9142mW VDD_CPU_GPU_CV 3067mW/2993mW VDD_SOC 2662mW/2666mW
08-04-2026 21:02:32 RAM 3880/7620MB (lfb 148x1MB) SWAP 1691/12002MB (cached 50MB) CPU [0%@1728,0%@1728,0%@1728,8%@1728,100%@1728,0%@1728] GR3D_FREQ 17% cpu@58.875C soc2@57.531C soc0@58.375C gpu@58.875C tj@59.843C soc1@59.843C VDD_IN 9189mW/9144mW VDD_CPU_GPU_CV 3026mW/2994mW VDD_SOC 2666mW/2666mW
08-04-2026 21:02:32 RAM 3880/7620MB (lfb 148x1MB) SWAP 1691/12002MB (cached 50MB) CPU [0%@1728,0%@1728,0%@1728,0%@1728,100%@1728,0%@1728] GR3D_FREQ 17% cpu@58.937C soc2@57.562C soc0@58.406C gpu@58.812C tj@59.843C soc1@59.875C VDD_IN 9189mW/9145mW VDD_CPU_GPU_CV 3026mW/2995mW VDD_SOC 2666mW/2666mW
08-04-2026 21:02:32 RAM 3880/7620MB (lfb 148x1MB) SWAP 1691/12002MB (cached 50MB) CPU [0%@1728,0%@1728,0%@1728,0%@1728,100%@1728,0%@1728] GR3D_FREQ 16% cpu@58.875C soc2@57.687C soc0@58.531C gpu@59.031C tj@59.875C soc1@59.875C VDD_IN 9189mW/9147mW VDD_CPU_GPU_CV 3026mW/2996mW VDD_SOC 2662mW/2666mW
08-04-2026 21:02:32 RAM 3880/7620MB (lfb 148x1MB) SWAP 1691/12002MB (cached 50MB) CPU [0%@1728,0%@1728,0%@1728,0%@1728,100%@1728,0%@1728] GR3D_FREQ 17% cpu@59C soc2@57.656C soc0@58.5C gpu@58.937C tj@59.968C soc1@59.968C VDD_IN 9189mW/9148mW VDD_CPU_GPU_CV 3026mW/2997mW VDD_SOC 2666mW/2666mW
08-04-2026 21:02:32 RAM 3880/7620MB (lfb 148x1MB) SWAP 1691/12002MB (cached 50MB) CPU [0%@1728,0%@1728,0%@1728,0%@1728,100%@1728,0%@1728] GR3D_FREQ 17% cpu@59.281C soc2@57.687C soc0@58.312C gpu@58.781C tj@59.75C soc1@59.75C VDD_IN 9189mW/9149mW VDD_CPU_GPU_CV 3026mW/2998mW VDD_SOC 2666mW/2666mW
08-04-2026 21:02:32 RAM 3880/7620MB (lfb 148x1MB) SWAP 1691/12002MB (cached 50MB) CPU [0%@1728,0%@1728,0%@1728,0%@1728,100%@1728,0%@1728] GR3D_FREQ 17% cpu@58.968C soc2@57.562C soc0@58.406C gpu@58.968C tj@59.843C soc1@59.843C VDD_IN 9189mW/9150mW VDD_CPU_GPU_CV 3026mW/2999mW VDD_SOC 2666mW/2666mW
08-04-2026 21:02:32 RAM 3880/7620MB (lfb 148x1MB) SWAP 1691/12002MB (cached 50MB) CPU [0%@1728,0%@1728,0%@1728,0%@1728,100%@1728,0%@1728] GR3D_FREQ 16% cpu@58.937C soc2@57.625C soc0@58.375C gpu@58.937C tj@59.906C soc1@59.906C VDD_IN 9189mW/9152mW VDD_CPU_GPU_CV 3026mW/3000mW VDD_SOC 2662mW/2666mW
08-04-2026 21:02:32 RAM 3880/7620MB (lfb 148x1MB) SWAP 1691/12002MB (cached 50MB) CPU [0%@1728,0%@1728,9%@1728,0%@1728,100%@1728,0%@1728] GR3D_FREQ 16% cpu@58.968C soc2@57.687C soc0@58.468C gpu@59.125C tj@60C soc1@60C VDD_IN 9189mW/9153mW VDD_CPU_GPU_CV 3026mW/3000mW VDD_SOC 2666mW/2666mW
08-04-2026 21:02:32 RAM 3880/7620MB (lfb 148x1MB) SWAP 1691/12002MB (cached 50MB) CPU [0%@1728,0%@1728,0%@1728,0%@1728,100%@1728,0%@1728] GR3D_FREQ 17% cpu@58.937C soc2@57.687C soc0@58.562C gpu@58.968C tj@60.093C soc1@60.093C VDD_IN 9189mW/9154mW VDD_CPU_GPU_CV 3026mW/3001mW VDD_SOC 2662mW/2666mW
08-04-2026 21:02:33 RAM 3880/7620MB (lfb 148x1MB) SWAP 1691/12002MB (cached 50MB) CPU [0%@1728,0%@1728,0%@1728,0%@1728,100%@1728,0%@1728] GR3D_FREQ 17% cpu@58.937C soc2@57.687C soc0@58.312C gpu@58.875C tj@59.812C soc1@59.812C VDD_IN 9189mW/9154mW VDD_CPU_GPU_CV 3026mW/3002mW VDD_SOC 2666mW/2666mW
08-04-2026 21:02:33 RAM 3880/7620MB (lfb 148x1MB) SWAP 1691/12002MB (cached 50MB) CPU [0%@1728,0%@1728,0%@1728,0%@1728,100%@1728,0%@1728] GR3D_FREQ 16% cpu@58.843C soc2@57.562C soc0@58.437C gpu@59.187C tj@59.875C soc1@59.875C VDD_IN 9189mW/9155mW VDD_CPU_GPU_CV 3026mW/3002mW VDD_SOC 2666mW/2666mW
08-04-2026 21:02:33 RAM 3880/7620MB (lfb 148x1MB) SWAP 1691/12002MB (cached 50MB) CPU [0%@1728,0%@1728,9%@1728,0%@1728,100%@1728,0%@1728] GR3D_FREQ 17% cpu@58.937C soc2@57.562C soc0@58.406C gpu@58.968C tj@59.937C soc1@59.937C VDD_IN 9189mW/9156mW VDD_CPU_GPU_CV 3026mW/3003mW VDD_SOC 2666mW/2666mW
08-04-2026 21:02:33 RAM 3880/7620MB (lfb 148x1MB) SWAP 1691/12002MB (cached 50MB) CPU [0%@1728,0%@1728,0%@1728,8%@1728,100%@1728,0%@1728] GR3D_FREQ 17% cpu@58.968C soc2@57.687C soc0@58.437C gpu@58.593C tj@60C soc1@60C VDD_IN 9189mW/9157mW VDD_CPU_GPU_CV 3026mW/3003mW VDD_SOC 2662mW/2666mW
08-04-2026 21:02:33 RAM 3880/7620MB (lfb 148x1MB) SWAP 1691/12002MB (cached 50MB) CPU [0%@1728,0%@1728,0%@1728,0%@1728,100%@1728,0%@1728] GR3D_FREQ 17% cpu@59.093C soc2@57.718C soc0@58.625C gpu@59.031C tj@59.812C soc1@59.812C VDD_IN 9189mW/9158mW VDD_CPU_GPU_CV 3026mW/3004mW VDD_SOC 2662mW/2666mW
08-04-2026 21:02:33 RAM 3880/7620MB (lfb 148x1MB) SWAP 1691/12002MB (cached 50MB) CPU [0%@1728,0%@1728,0%@1728,0%@1728,100%@1728,0%@1728] GR3D_FREQ 17% cpu@58.937C soc2@57.656C soc0@58.281C gpu@58.906C tj@59.843C soc1@59.843C VDD_IN 9189mW/9158mW VDD_CPU_GPU_CV 3026mW/3005mW VDD_SOC 2662mW/2666mW
08-04-2026 21:02:33 RAM 3880/7620MB (lfb 148x1MB) SWAP 1691/12002MB (cached 50MB) CPU [0%@1728,0%@1728,0%@1728,0%@1728,100%@1728,0%@1728] GR3D_FREQ 16% cpu@58.937C soc2@57.593C soc0@58.375C gpu@58.625C tj@59.875C soc1@59.875C VDD_IN 9189mW/9159mW VDD_CPU_GPU_CV 3026mW/3005mW VDD_SOC 2662mW/2666mW
08-04-2026 21:02:33 RAM 3880/7620MB (lfb 148x1MB) SWAP 1691/12002MB (cached 50MB) CPU [0%@1728,0%@1728,0%@1728,0%@1728,100%@1728,0%@1728] GR3D_FREQ 17% cpu@59C soc2@57.531C soc0@58.406C gpu@59.093C tj@59.937C soc1@59.937C VDD_IN 9189mW/9160mW VDD_CPU_GPU_CV 3026mW/3005mW VDD_SOC 2666mW/2666mW
08-04-2026 21:02:33 RAM 3880/7620MB (lfb 148x1MB) SWAP 1691/12002MB (cached 50MB) CPU [0%@1728,0%@1728,0%@1728,0%@1728,100%@1728,0%@1728] GR3D_FREQ 16% cpu@59.062C soc2@57.75C soc0@58.5C gpu@58.718C tj@59.968C soc1@59.968C VDD_IN 9189mW/9160mW VDD_CPU_GPU_CV 3026mW/3006mW VDD_SOC 2662mW/2666mW
08-04-2026 21:02:33 RAM 3880/7620MB (lfb 148x1MB) SWAP 1691/12002MB (cached 50MB) CPU [0%@1728,0%@1728,0%@1728,0%@1728,100%@1728,0%@1728] GR3D_FREQ 16% cpu@59.031C soc2@57.75C soc0@58.656C gpu@58.593C tj@59.843C soc1@59.843C VDD_IN 9189mW/9161mW VDD_CPU_GPU_CV 3026mW/3006mW VDD_SOC 2662mW/2665mW
08-04-2026 21:02:34 RAM 3880/7620MB (lfb 148x1MB) SWAP 1691/12002MB (cached 50MB) CPU [0%@1728,0%@1728,0%@1728,0%@1728,100%@1728,0%@1728] GR3D_FREQ 17% cpu@58.968C soc2@57.562C soc0@58.343C gpu@59C tj@59.75C soc1@59.75C VDD_IN 9189mW/9162mW VDD_CPU_GPU_CV 3026mW/3007mW VDD_SOC 2662mW/2665mW
08-04-2026 21:02:34 RAM 3880/7620MB (lfb 148x1MB) SWAP 1691/12002MB (cached 50MB) CPU [9%@1728,0%@1728,0%@1728,0%@1728,100%@1728,0%@1728] GR3D_FREQ 16% cpu@59C soc2@57.625C soc0@58.437C gpu@58.718C tj@59.875C soc1@59.875C VDD_IN 9189mW/9162mW VDD_CPU_GPU_CV 3026mW/3007mW VDD_SOC 2662mW/2665mW
08-04-2026 21:02:34 RAM 3880/7620MB (lfb 148x1MB) SWAP 1691/12002MB (cached 50MB) CPU [0%@1728,0%@1728,8%@1728,0%@1728,100%@1728,0%@1728] GR3D_FREQ 16% cpu@58.937C soc2@57.625C soc0@58.468C gpu@58.687C tj@59.937C soc1@59.937C VDD_IN 9189mW/9163mW VDD_CPU_GPU_CV 3026mW/3008mW VDD_SOC 2666mW/2665mW
08-04-2026 21:02:34 RAM 3880/7620MB (lfb 148x1MB) SWAP 1691/12002MB (cached 50MB) CPU [0%@1728,0%@1728,0%@1728,0%@1728,100%@1728,0%@1728] GR3D_FREQ 17% cpu@58.937C soc2@57.687C soc0@58.593C gpu@58.687C tj@59.968C soc1@59.968C VDD_IN 9189mW/9163mW VDD_CPU_GPU_CV 3026mW/3008mW VDD_SOC 2662mW/2665mW
08-04-2026 21:02:34 RAM 3880/7620MB (lfb 148x1MB) SWAP 1691/12002MB (cached 50MB) CPU [0%@1728,0%@1728,0%@1728,0%@1728,100%@1728,0%@1728] GR3D_FREQ 17% cpu@59.093C soc2@57.718C soc0@58.437C gpu@58.718C tj@59.781C soc1@59.781C VDD_IN 9189mW/9164mW VDD_CPU_GPU_CV 3026mW/3008mW VDD_SOC 2662mW/2665mW
08-04-2026 21:02:34 RAM 3880/7620MB (lfb 148x1MB) SWAP 1691/12002MB (cached 50MB) CPU [0%@1728,0%@1728,0%@1728,0%@1728,100%@1728,0%@1728] GR3D_FREQ 16% cpu@58.937C soc2@57.625C soc0@58.343C gpu@59.25C tj@59.906C soc1@59.906C VDD_IN 9189mW/9164mW VDD_CPU_GPU_CV 3026mW/3009mW VDD_SOC 2662mW/2665mW
08-04-2026 21:02:34 RAM 3886/7620MB (lfb 148x1MB) SWAP 1691/12002MB (cached 50MB) CPU [0%@1728,9%@1728,27%@1728,0%@1728,100%@1728,0%@1728] GR3D_FREQ 16% cpu@59.031C soc2@57.656C soc0@58.437C gpu@58.718C tj@59.875C soc1@59.875C VDD_IN 9271mW/9166mW VDD_CPU_GPU_CV 3067mW/3010mW VDD_SOC 2662mW/2665mW
08-04-2026 21:02:34 RAM 3884/7620MB (lfb 148x1MB) SWAP 1691/12002MB (cached 50MB) CPU [0%@1728,0%@1728,0%@1728,0%@1728,100%@1728,0%@1728] GR3D_FREQ 17% cpu@59.031C soc2@57.718C soc0@58.468C gpu@58.656C tj@59.906C soc1@59.906C VDD_IN 9230mW/9167mW VDD_CPU_GPU_CV 3067mW/3011mW VDD_SOC 2662mW/2665mW
08-04-2026 21:02:34 RAM 3884/7620MB (lfb 148x1MB) SWAP 1691/12002MB (cached 50MB) CPU [0%@1728,0%@1728,0%@1728,0%@1728,100%@1728,0%@1728] GR3D_FREQ 16% cpu@59.062C soc2@57.75C soc0@58.656C gpu@59.156C tj@59.781C soc1@59.781C VDD_IN 9230mW/9168mW VDD_CPU_GPU_CV 3067mW/3012mW VDD_SOC 2662mW/2665mW
08-04-2026 21:02:35 RAM 3884/7620MB (lfb 148x1MB) SWAP 1691/12002MB (cached 50MB) CPU [0%@1728,0%@1728,0%@1728,0%@1728,100%@1728,0%@1728] GR3D_FREQ 16% cpu@58.937C soc2@57.593C soc0@58.406C gpu@58.75C tj@59.812C soc1@59.812C VDD_IN 9230mW/9170mW VDD_CPU_GPU_CV 3067mW/3013mW VDD_SOC 2662mW/2665mW
08-04-2026 21:02:35 RAM 3884/7620MB (lfb 148x1MB) SWAP 1691/12002MB (cached 50MB) CPU [0%@1728,0%@1728,9%@1728,0%@1728,100%@1728,0%@1728] GR3D_FREQ 17% cpu@58.937C soc2@57.625C soc0@58.406C gpu@58.687C tj@59.843C soc1@59.843C VDD_IN 9189mW/9170mW VDD_CPU_GPU_CV 3067mW/3014mW VDD_SOC 2666mW/2665mW
08-04-2026 21:02:35 RAM 3884/7620MB (lfb 148x1MB) SWAP 1691/12002MB (cached 50MB) CPU [0%@1728,0%@1728,0%@1728,0%@1728,100%@1728,0%@1728] GR3D_FREQ 17% cpu@58.906C soc2@57.687C soc0@58.531C gpu@58.75C tj@59.937C soc1@59.937C VDD_IN 9189mW/9170mW VDD_CPU_GPU_CV 3026mW/3014mW VDD_SOC 2662mW/2665mW
08-04-2026 21:02:35 RAM 3884/7620MB (lfb 148x1MB) SWAP 1691/12002MB (cached 50MB) CPU [0%@1728,0%@1728,0%@1728,0%@1728,100%@1728,0%@1728] GR3D_FREQ 16% cpu@59.031C soc2@57.687C soc0@58.625C gpu@58.75C tj@60C soc1@60C VDD_IN 9189mW/9171mW VDD_CPU_GPU_CV 3067mW/3015mW VDD_SOC 2666mW/2665mW
08-04-2026 21:02:35 RAM 3884/7620MB (lfb 148x1MB) SWAP 1691/12002MB (cached 50MB) CPU [0%@1728,0%@1728,0%@1728,0%@1728,100%@1728,0%@1728] GR3D_FREQ 17% cpu@59.187C soc2@57.718C soc0@58.406C gpu@58.625C tj@59.843C soc1@59.843C VDD_IN 9189mW/9171mW VDD_CPU_GPU_CV 3026mW/3015mW VDD_SOC 2662mW/2665mW
08-04-2026 21:02:35 RAM 3884/7620MB (lfb 148x1MB) SWAP 1691/12002MB (cached 50MB) CPU [0%@1728,0%@1728,0%@1728,0%@1728,100%@1728,0%@1728] GR3D_FREQ 16% cpu@58.937C soc2@57.656C soc0@58.437C gpu@58.75C tj@59.875C soc1@59.875C VDD_IN 9189mW/9171mW VDD_CPU_GPU_CV 3026mW/3015mW VDD_SOC 2666mW/2665mW
08-04-2026 21:02:35 RAM 3884/7620MB (lfb 148x1MB) SWAP 1691/12002MB (cached 50MB) CPU [0%@1728,0%@1728,0%@1728,0%@1728,100%@1728,0%@1728] GR3D_FREQ 17% cpu@58.968C soc2@57.656C soc0@58.343C gpu@58.687C tj@59.906C soc1@59.906C VDD_IN 9189mW/9171mW VDD_CPU_GPU_CV 3067mW/3016mW VDD_SOC 2662mW/2665mW
08-04-2026 21:02:35 RAM 3884/7620MB (lfb 148x1MB) SWAP 1691/12002MB (cached 50MB) CPU [9%@1728,0%@1728,0%@1728,0%@1728,100%@1728,0%@1728] GR3D_FREQ 16% cpu@58.937C soc2@57.687C soc0@58.5C gpu@58.812C tj@59.906C soc1@60C VDD_IN 9189mW/9172mW VDD_CPU_GPU_CV 3067mW/3017mW VDD_SOC 2662mW/2665mW
08-04-2026 21:02:35 RAM 3884/7620MB (lfb 148x1MB) SWAP 1691/12002MB (cached 50MB) CPU [0%@1728,0%@1728,0%@1728,0%@1728,100%@1728,0%@1728] GR3D_FREQ 17% cpu@59.031C soc2@57.656C soc0@58.687C gpu@58.781C tj@60.093C soc1@60.093C VDD_IN 9189mW/9172mW VDD_CPU_GPU_CV 3067mW/3017mW VDD_SOC 2662mW/2665mW
08-04-2026 21:02:35 RAM 3884/7620MB (lfb 148x1MB) SWAP 1691/12002MB (cached 50MB) CPU [0%@1728,0%@1728,0%@1728,0%@1728,100%@1728,0%@1728] GR3D_FREQ 16% cpu@59.125C soc2@57.5C soc0@58.375C gpu@58.656C tj@59.875C soc1@59.875C VDD_IN 9189mW/9172mW VDD_CPU_GPU_CV 3067mW/3018mW VDD_SOC 2666mW/2665mW
08-04-2026 21:02:36 RAM 3884/7620MB (lfb 148x1MB) SWAP 1691/12002MB (cached 50MB) CPU [0%@1728,0%@1728,9%@1728,0%@1728,100%@1728,0%@1728] GR3D_FREQ 17% cpu@58.968C soc2@57.531C soc0@58.437C gpu@58.812C tj@59.906C soc1@59.906C VDD_IN 9189mW/9172mW VDD_CPU_GPU_CV 3067mW/3019mW VDD_SOC 2666mW/2665mW
08-04-2026 21:02:36 RAM 3884/7620MB (lfb 148x1MB) SWAP 1691/12002MB (cached 50MB) CPU [0%@1728,0%@1728,0%@1728,0%@1728,100%@1728,0%@1728] GR3D_FREQ 17% cpu@59.031C soc2@57.625C soc0@58.437C gpu@58.75C tj@59.906C soc1@59.906C VDD_IN 9189mW/9173mW VDD_CPU_GPU_CV 3067mW/3020mW VDD_SOC 2666mW/2665mW
08-04-2026 21:02:36 RAM 3884/7620MB (lfb 148x1MB) SWAP 1691/12002MB (cached 50MB) CPU [0%@1728,9%@1728,0%@1728,0%@1728,100%@1728,0%@1728] GR3D_FREQ 16% cpu@59.093C soc2@57.718C soc0@58.531C gpu@58.968C tj@60.031C soc1@60.031C VDD_IN 9189mW/9173mW VDD_CPU_GPU_CV 3026mW/3020mW VDD_SOC 2662mW/2665mW
08-04-2026 21:02:36 RAM 3884/7620MB (lfb 148x1MB) SWAP 1691/12002MB (cached 50MB) CPU [0%@1728,0%@1728,9%@1728,0%@1728,100%@1728,0%@1728] GR3D_FREQ 17% cpu@59.125C soc2@57.656C soc0@58.406C gpu@58.875C tj@59.843C soc1@59.843C VDD_IN 9189mW/9173mW VDD_CPU_GPU_CV 3067mW/3020mW VDD_SOC 2662mW/2665mW
08-04-2026 21:02:36 RAM 3885/7620MB (lfb 148x1MB) SWAP 1691/12002MB (cached 50MB) CPU [0%@1728,0%@1728,0%@1728,0%@1728,100%@1728,0%@1728] GR3D_FREQ 16% cpu@59.187C soc2@57.468C soc0@58.406C gpu@58.75C tj@59.906C soc1@59.906C VDD_IN 9189mW/9173mW VDD_CPU_GPU_CV 3067mW/3021mW VDD_SOC 2666mW/2665mW
08-04-2026 21:02:36 RAM 3885/7620MB (lfb 148x1MB) SWAP 1691/12002MB (cached 50MB) CPU [0%@1728,0%@1728,0%@1728,0%@1728,100%@1728,0%@1728] GR3D_FREQ 17% cpu@58.968C soc2@57.562C soc0@58.437C gpu@58.968C tj@59.906C soc1@59.906C VDD_IN 9189mW/9174mW VDD_CPU_GPU_CV 3067mW/3022mW VDD_SOC 2662mW/2665mW
08-04-2026 21:02:36 RAM 3885/7620MB (lfb 148x1MB) SWAP 1691/12002MB (cached 50MB) CPU [0%@1728,0%@1728,0%@1728,0%@1728,100%@1728,0%@1728] GR3D_FREQ 17% cpu@59.093C soc2@57.562C soc0@58.437C gpu@58.781C tj@59.906C soc1@59.906C VDD_IN 9189mW/9174mW VDD_CPU_GPU_CV 3067mW/3022mW VDD_SOC 2662mW/2665mW
08-04-2026 21:02:36 RAM 3885/7620MB (lfb 148x1MB) SWAP 1691/12002MB (cached 50MB) CPU [0%@1728,0%@1728,0%@1728,9%@1728,100%@1728,0%@1728] GR3D_FREQ 16% cpu@59.125C soc2@57.75C soc0@58.593C gpu@58.75C tj@59.781C soc1@59.781C VDD_IN 9189mW/9174mW VDD_CPU_GPU_CV 3067mW/3023mW VDD_SOC 2662mW/2665mW
08-04-2026 21:02:36 RAM 3885/7620MB (lfb 148x1MB) SWAP 1691/12002MB (cached 50MB) CPU [9%@1728,0%@1728,0%@1728,0%@1728,100%@1728,0%@1728] GR3D_FREQ 17% cpu@59.25C soc2@57.656C soc0@58.375C gpu@58.968C tj@59.843C soc1@59.843C VDD_IN 9189mW/9174mW VDD_CPU_GPU_CV 3067mW/3024mW VDD_SOC 2666mW/2665mW
08-04-2026 21:02:37 RAM 3885/7620MB (lfb 148x1MB) SWAP 1691/12002MB (cached 50MB) CPU [0%@1728,0%@1728,0%@1728,0%@1728,100%@1728,0%@1728] GR3D_FREQ 17% cpu@59.312C soc2@57.625C soc0@58.406C gpu@58.781C tj@59.812C soc1@59.812C VDD_IN 9189mW/9174mW VDD_CPU_GPU_CV 3067mW/3024mW VDD_SOC 2662mW/2665mW
08-04-2026 21:02:37 RAM 3885/7620MB (lfb 148x1MB) SWAP 1691/12002MB (cached 50MB) CPU [0%@1728,0%@1728,0%@1728,0%@1728,100%@1728,0%@1728] GR3D_FREQ 16% cpu@59.031C soc2@57.656C soc0@58.468C gpu@59C tj@59.906C soc1@59.906C VDD_IN 9189mW/9175mW VDD_CPU_GPU_CV 3067mW/3025mW VDD_SOC 2666mW/2665mW
08-04-2026 21:02:37 RAM 3885/7620MB (lfb 148x1MB) SWAP 1691/12002MB (cached 50MB) CPU [0%@1728,0%@1728,0%@1728,0%@1728,100%@1728,0%@1728] GR3D_FREQ 16% cpu@59.093C soc2@57.656C soc0@58.468C gpu@58.843C tj@59.937C soc1@59.937C VDD_IN 9189mW/9175mW VDD_CPU_GPU_CV 3067mW/3025mW VDD_SOC 2666mW/2665mW
08-04-2026 21:02:37 RAM 3885/7620MB (lfb 148x1MB) SWAP 1691/12002MB (cached 50MB) CPU [8%@1728,0%@1728,0%@1728,0%@1728,100%@1728,0%@1728] GR3D_FREQ 16% cpu@59.093C soc2@57.656C soc0@58.437C gpu@58.781C tj@59.781C soc1@59.781C VDD_IN 9189mW/9175mW VDD_CPU_GPU_CV 3026mW/3025mW VDD_SOC 2662mW/2665mW
08-04-2026 21:02:37 RAM 3885/7620MB (lfb 148x1MB) SWAP 1691/12002MB (cached 50MB) CPU [0%@1728,9%@1728,0%@1728,0%@1728,100%@1728,0%@1728] GR3D_FREQ 16% cpu@59.218C soc2@57.531C soc0@58.375C gpu@59.031C tj@59.843C soc1@59.843C VDD_IN 9189mW/9175mW VDD_CPU_GPU_CV 3026mW/3025mW VDD_SOC 2666mW/2665mW
08-04-2026 21:02:37 RAM 3885/7620MB (lfb 148x1MB) SWAP 1691/12002MB (cached 50MB) CPU [0%@1728,0%@1728,0%@1728,0%@1728,100%@1728,0%@1728] GR3D_FREQ 17% cpu@59.031C soc2@57.5C soc0@58.437C gpu@58.843C tj@59.906C soc1@59.906C VDD_IN 9189mW/9175mW VDD_CPU_GPU_CV 3026mW/3025mW VDD_SOC 2666mW/2665mW
08-04-2026 21:02:37 RAM 3885/7620MB (lfb 148x1MB) SWAP 1691/12002MB (cached 50MB) CPU [0%@1728,0%@1728,0%@1728,0%@1728,100%@1728,0%@1728] GR3D_FREQ 16% cpu@58.937C soc2@57.625C soc0@58.437C gpu@58.812C tj@59.937C soc1@59.937C VDD_IN 9189mW/9176mW VDD_CPU_GPU_CV 3026mW/3025mW VDD_SOC 2662mW/2665mW
08-04-2026 21:02:37 RAM 3885/7620MB (lfb 148x1MB) SWAP 1691/12002MB (cached 50MB) CPU [0%@1728,0%@1728,0%@1728,0%@1728,100%@1728,0%@1728] GR3D_FREQ 16% cpu@59.187C soc2@57.625C soc0@58.593C gpu@58.906C tj@60.031C soc1@60.031C VDD_IN 9189mW/9176mW VDD_CPU_GPU_CV 3026mW/3025mW VDD_SOC 2662mW/2665mW
08-04-2026 21:02:37 RAM 3885/7620MB (lfb 148x1MB) SWAP 1691/12002MB (cached 50MB) CPU [0%@1728,0%@1728,0%@1728,0%@1728,100%@1728,0%@1728] GR3D_FREQ 16% cpu@59.156C soc2@57.718C soc0@58.375C gpu@58.875C tj@59.75C soc1@59.75C VDD_IN 9189mW/9176mW VDD_CPU_GPU_CV 3026mW/3025mW VDD_SOC 2666mW/2665mW
08-04-2026 21:02:37 RAM 3886/7620MB (lfb 148x1MB) SWAP 1691/12002MB (cached 50MB) CPU [9%@1728,0%@1728,10%@1728,20%@1728,100%@1728,9%@1728] GR3D_FREQ 16% cpu@59.406C soc2@57.687C soc0@58.406C gpu@59C tj@59.812C soc1@59.812C VDD_IN 9271mW/9177mW VDD_CPU_GPU_CV 3108mW/3026mW VDD_SOC 2662mW/2665mW
08-04-2026 21:02:38 RAM 3884/7620MB (lfb 148x1MB) SWAP 1691/12002MB (cached 50MB) CPU [9%@1728,0%@1728,0%@1728,0%@1728,100%@1728,0%@1728] GR3D_FREQ 17% cpu@59C soc2@57.625C soc0@58.437C gpu@58.937C tj@59.875C soc1@59.937C VDD_IN 9230mW/9178mW VDD_CPU_GPU_CV 3067mW/3027mW VDD_SOC 2662mW/2665mW
08-04-2026 21:02:38 RAM 3884/7620MB (lfb 148x1MB) SWAP 1691/12002MB (cached 50MB) CPU [0%@1728,0%@1728,0%@1728,0%@1728,100%@1728,0%@1728] GR3D_FREQ 16% cpu@59.187C soc2@57.718C soc0@58.5C gpu@58.843C tj@59.968C soc1@59.968C VDD_IN 9230mW/9178mW VDD_CPU_GPU_CV 3067mW/3027mW VDD_SOC 2662mW/2665mW
08-04-2026 21:02:38 RAM 3884/7620MB (lfb 148x1MB) SWAP 1691/12002MB (cached 50MB) CPU [0%@1728,0%@1728,9%@1728,0%@1728,100%@1728,0%@1728] GR3D_FREQ 16% cpu@59.218C soc2@57.75C soc0@58.343C gpu@59.062C tj@59.812C soc1@59.812C VDD_IN 9230mW/9179mW VDD_CPU_GPU_CV 3067mW/3028mW VDD_SOC 2662mW/2664mW
08-04-2026 21:02:38 RAM 3884/7620MB (lfb 148x1MB) SWAP 1691/12002MB (cached 50MB) CPU [0%@1728,0%@1728,9%@1728,9%@1728,100%@1728,0%@1728] GR3D_FREQ 17% cpu@59.25C soc2@57.656C soc0@58.406C gpu@58.937C tj@59.843C soc1@59.843C VDD_IN 9230mW/9179mW VDD_CPU_GPU_CV 3067mW/3028mW VDD_SOC 2662mW/2664mW
08-04-2026 21:02:38 RAM 3884/7620MB (lfb 148x1MB) SWAP 1691/12002MB (cached 50MB) CPU [0%@1728,0%@1728,0%@1728,0%@1728,100%@1728,0%@1728] GR3D_FREQ 16% cpu@59C soc2@57.593C soc0@58.406C gpu@58.906C tj@59.906C soc1@59.906C VDD_IN 9230mW/9180mW VDD_CPU_GPU_CV 3067mW/3029mW VDD_SOC 2662mW/2664mW
08-04-2026 21:02:38 RAM 3884/7620MB (lfb 148x1MB) SWAP 1691/12002MB (cached 50MB) CPU [0%@1728,0%@1728,9%@1728,0%@1728,100%@1728,0%@1728] GR3D_FREQ 17% cpu@59.031C soc2@57.593C soc0@58.531C gpu@59.031C tj@59.937C soc1@59.937C VDD_IN 9230mW/9180mW VDD_CPU_GPU_CV 3067mW/3029mW VDD_SOC 2662mW/2664mW
08-04-2026 21:02:38 RAM 3884/7620MB (lfb 148x1MB) SWAP 1691/12002MB (cached 50MB) CPU [0%@1728,0%@1728,0%@1728,0%@1728,100%@1728,0%@1728] GR3D_FREQ 17% cpu@59.093C soc2@57.687C soc0@58.531C gpu@58.843C tj@59.968C soc1@59.843C VDD_IN 9189mW/9181mW VDD_CPU_GPU_CV 3067mW/3029mW VDD_SOC 2662mW/2664mW
08-04-2026 21:02:38 RAM 3884/7620MB (lfb 148x1MB) SWAP 1691/12002MB (cached 50MB) CPU [0%@1728,0%@1728,0%@1728,0%@1728,100%@1728,0%@1728] GR3D_FREQ 16% cpu@59.187C soc2@57.656C soc0@58.406C gpu@58.75C tj@59.812C soc1@59.812C VDD_IN 9189mW/9181mW VDD_CPU_GPU_CV 3067mW/3030mW VDD_SOC 2662mW/2664mW
08-04-2026 21:02:38 RAM 3884/7620MB (lfb 148x1MB) SWAP 1691/12002MB (cached 50MB) CPU [0%@1728,0%@1728,0%@1728,0%@1728,100%@1728,0%@1728] GR3D_FREQ 16% cpu@59.312C soc2@57.531C soc0@58.406C gpu@58.968C tj@59.906C soc1@59.906C VDD_IN 9189mW/9181mW VDD_CPU_GPU_CV 3026mW/3030mW VDD_SOC 2662mW/2664mW
08-04-2026 21:02:39 RAM 3884/7620MB (lfb 148x1MB) SWAP 1691/12002MB (cached 50MB) CPU [0%@1728,0%@1728,0%@1728,0%@1728,100%@1728,0%@1728] GR3D_FREQ 16% cpu@59C soc2@57.625C soc0@58.468C gpu@58.875C tj@59.906C soc1@59.906C VDD_IN 9189mW/9181mW VDD_CPU_GPU_CV 3026mW/3030mW VDD_SOC 2662mW/2664mW
08-04-2026 21:02:39 RAM 3884/7620MB (lfb 148x1MB) SWAP 1691/12002MB (cached 50MB) CPU [0%@1728,0%@1728,0%@1728,0%@1728,100%@1728,0%@1728] GR3D_FREQ 16% cpu@59.125C soc2@57.656C soc0@58.5C gpu@59.156C tj@60.031C soc1@60.031C VDD_IN 9189mW/9181mW VDD_CPU_GPU_CV 3026mW/3030mW VDD_SOC 2662mW/2664mW
08-04-2026 21:02:39 RAM 3884/7620MB (lfb 148x1MB) SWAP 1691/12002MB (cached 50MB) CPU [0%@1728,0%@1728,0%@1728,0%@1728,100%@1728,0%@1728] GR3D_FREQ 17% cpu@59.093C soc2@57.75C soc0@58.687C gpu@58.875C tj@59.843C soc1@59.843C VDD_IN 9189mW/9181mW VDD_CPU_GPU_CV 3026mW/3030mW VDD_SOC 2666mW/2664mW
08-04-2026 21:02:39 RAM 3884/7620MB (lfb 148x1MB) SWAP 1691/12002MB (cached 50MB) CPU [0%@1728,0%@1728,0%@1728,0%@1728,100%@1728,0%@1728] GR3D_FREQ 16% cpu@59.187C soc2@57.562C soc0@58.375C gpu@58.812C tj@59.781C soc1@59.781C VDD_IN 9189mW/9181mW VDD_CPU_GPU_CV 3026mW/3030mW VDD_SOC 2666mW/2664mW
08-04-2026 21:02:39 RAM 3884/7620MB (lfb 148x1MB) SWAP 1691/12002MB (cached 50MB) CPU [0%@1728,0%@1728,0%@1728,0%@1728,100%@1728,0%@1728] GR3D_FREQ 16% cpu@58.937C soc2@57.625C soc0@58.406C gpu@59.156C tj@59.906C soc1@59.906C VDD_IN 9189mW/9181mW VDD_CPU_GPU_CV 3067mW/3030mW VDD_SOC 2666mW/2664mW
08-04-2026 21:02:39 RAM 3884/7620MB (lfb 148x1MB) SWAP 1691/12002MB (cached 50MB) CPU [0%@1728,0%@1728,0%@1728,0%@1728,100%@1728,0%@1728] GR3D_FREQ 16% cpu@59.125C soc2@57.656C soc0@58.5C gpu@58.937C tj@59.906C soc1@59.906C VDD_IN 9189mW/9181mW VDD_CPU_GPU_CV 3067mW/3030mW VDD_SOC 2666mW/2664mW
08-04-2026 21:02:39 RAM 3884/7620MB (lfb 148x1MB) SWAP 1691/12002MB (cached 50MB) CPU [0%@1728,0%@1728,0%@1728,0%@1728,100%@1728,0%@1728] GR3D_FREQ 17% cpu@59.156C soc2@57.687C soc0@58.687C gpu@58.656C tj@60.062C soc1@60.062C VDD_IN 9189mW/9181mW VDD_CPU_GPU_CV 3026mW/3030mW VDD_SOC 2666mW/2664mW
08-04-2026 21:02:39 RAM 3884/7620MB (lfb 148x1MB) SWAP 1691/12002MB (cached 50MB) CPU [0%@1728,0%@1728,9%@1728,0%@1728,100%@1728,0%@1728] GR3D_FREQ 16% cpu@59.156C soc2@57.531C soc0@58.343C gpu@59.031C tj@59.875C soc1@59.875C VDD_IN 9189mW/9181mW VDD_CPU_GPU_CV 3067mW/3031mW VDD_SOC 2662mW/2664mW
08-04-2026 21:02:39 RAM 3884/7620MB (lfb 148x1MB) SWAP 1691/12002MB (cached 50MB) CPU [0%@1728,0%@1728,0%@1728,0%@1728,100%@1728,0%@1728] GR3D_FREQ 16% cpu@59.343C soc2@57.593C soc0@58.437C gpu@58.968C tj@59.875C soc1@59.875C VDD_IN 9189mW/9181mW VDD_CPU_GPU_CV 3067mW/3031mW VDD_SOC 2662mW/2664mW
08-04-2026 21:02:39 RAM 3884/7620MB (lfb 148x1MB) SWAP 1691/12002MB (cached 50MB) CPU [0%@1728,9%@1728,0%@1728,0%@1728,100%@1728,0%@1728] GR3D_FREQ 17% cpu@58.937C soc2@57.656C soc0@58.406C gpu@58.656C tj@59.875C soc1@59.875C VDD_IN 9189mW/9182mW VDD_CPU_GPU_CV 3067mW/3031mW VDD_SOC 2662mW/2664mW
08-04-2026 21:02:40 RAM 3884/7620MB (lfb 148x1MB) SWAP 1691/12002MB (cached 50MB) CPU [0%@1728,0%@1728,9%@1728,0%@1728,100%@1728,0%@1728] GR3D_FREQ 16% cpu@59.125C soc2@57.656C soc0@58.437C gpu@59.031C tj@59.906C soc1@59.906C VDD_IN 9189mW/9182mW VDD_CPU_GPU_CV 3026mW/3031mW VDD_SOC 2662mW/2664mW
08-04-2026 21:02:40 RAM 3884/7620MB (lfb 148x1MB) SWAP 1691/12002MB (cached 50MB) CPU [0%@1728,0%@1728,0%@1728,0%@1728,100%@1728,0%@1728] GR3D_FREQ 16% cpu@59.093C soc2@57.687C soc0@58.625C gpu@58.656C tj@60.062C soc1@60.062C VDD_IN 9189mW/9182mW VDD_CPU_GPU_CV 3026mW/3031mW VDD_SOC 2662mW/2664mW
08-04-2026 21:02:40 RAM 3884/7620MB (lfb 148x1MB) SWAP 1691/12002MB (cached 50MB) CPU [0%@1728,0%@1728,9%@1728,0%@1728,100%@1728,0%@1728] GR3D_FREQ 16% cpu@59.25C soc2@57.531C soc0@58.343C gpu@58.687C tj@59.812C soc1@59.812C VDD_IN 9189mW/9182mW VDD_CPU_GPU_CV 3067mW/3032mW VDD_SOC 2662mW/2664mW
08-04-2026 21:02:40 RAM 3884/7620MB (lfb 148x1MB) SWAP 1691/12002MB (cached 50MB) CPU [0%@1728,8%@1728,0%@1728,0%@1728,100%@1728,0%@1728] GR3D_FREQ 17% cpu@59C soc2@57.625C soc0@58.406C gpu@59C tj@59.937C soc1@59.937C VDD_IN 9189mW/9182mW VDD_CPU_GPU_CV 3067mW/3032mW VDD_SOC 2666mW/2664mW
08-04-2026 21:02:40 RAM 3884/7620MB (lfb 148x1MB) SWAP 1691/12002MB (cached 50MB) CPU [0%@1728,0%@1728,0%@1728,0%@1728,100%@1728,0%@1728] GR3D_FREQ 16% cpu@58.906C soc2@57.687C soc0@58.437C gpu@58.687C tj@59.937C soc1@59.937C VDD_IN 9189mW/9182mW VDD_CPU_GPU_CV 3026mW/3032mW VDD_SOC 2662mW/2664mW
08-04-2026 21:02:40 RAM 3884/7620MB (lfb 148x1MB) SWAP 1691/12002MB (cached 50MB) CPU [0%@1728,0%@1728,0%@1728,0%@1728,100%@1728,0%@1728] GR3D_FREQ 16% cpu@59.125C soc2@57.687C soc0@58.593C gpu@59.093C tj@59.906C soc1@60.062C VDD_IN 9189mW/9182mW VDD_CPU_GPU_CV 3026mW/3032mW VDD_SOC 2666mW/2664mW
08-04-2026 21:02:40 RAM 3884/7620MB (lfb 148x1MB) SWAP 1691/12002MB (cached 50MB) CPU [0%@1728,0%@1728,0%@1728,0%@1728,100%@1728,0%@1728] GR3D_FREQ 17% cpu@59.187C soc2@57.75C soc0@58.375C gpu@58.75C tj@59.812C soc1@59.812C VDD_IN 9189mW/9182mW VDD_CPU_GPU_CV 3026mW/3032mW VDD_SOC 2662mW/2664mW
08-04-2026 21:02:40 RAM 3884/7620MB (lfb 148x1MB) SWAP 1691/12002MB (cached 50MB) CPU [0%@1728,0%@1728,0%@1728,0%@1728,100%@1728,0%@1728] GR3D_FREQ 16% cpu@59.343C soc2@57.593C soc0@58.406C gpu@58.656C tj@59.906C soc1@59.906C VDD_IN 9189mW/9182mW VDD_CPU_GPU_CV 3026mW/3032mW VDD_SOC 2662mW/2664mW
08-04-2026 21:02:40 RAM 3884/7620MB (lfb 148x1MB) SWAP 1691/12002MB (cached 50MB) CPU [8%@1728,0%@1728,0%@1728,0%@1728,100%@1728,0%@1728] GR3D_FREQ 17% cpu@58.937C soc2@57.593C soc0@58.468C gpu@59.093C tj@59.906C soc1@59.906C VDD_IN 9189mW/9182mW VDD_CPU_GPU_CV 3026mW/3032mW VDD_SOC 2666mW/2664mW
08-04-2026 21:02:41 RAM 3884/7620MB (lfb 148x1MB) SWAP 1691/12002MB (cached 50MB) CPU [0%@1728,0%@1728,0%@1728,0%@1728,100%@1728,0%@1728] GR3D_FREQ 16% cpu@58.937C soc2@57.625C soc0@58.468C gpu@58.687C tj@60C soc1@60C VDD_IN 9189mW/9182mW VDD_CPU_GPU_CV 3026mW/3032mW VDD_SOC 2666mW/2664mW
08-04-2026 21:02:41 RAM 3884/7620MB (lfb 148x1MB) SWAP 1691/12002MB (cached 50MB) CPU [0%@1728,0%@1728,0%@1728,0%@1728,100%@1728,0%@1728] GR3D_FREQ 17% cpu@59.218C soc2@57.687C soc0@58.593C gpu@58.656C tj@59.968C soc1@59.968C VDD_IN 9189mW/9182mW VDD_CPU_GPU_CV 3026mW/3032mW VDD_SOC 2662mW/2664mW
08-04-2026 21:02:41 RAM 3884/7620MB (lfb 148x1MB) SWAP 1691/12002MB (cached 50MB) CPU [0%@1728,27%@1728,16%@1728,9%@1728,100%@1728,0%@1728] GR3D_FREQ 16% cpu@59.437C soc2@57.625C soc0@58.437C gpu@58.75C tj@59.812C soc1@59.812C VDD_IN 9271mW/9183mW VDD_CPU_GPU_CV 3108mW/3032mW VDD_SOC 2662mW/2664mW
08-04-2026 21:02:41 RAM 3884/7620MB (lfb 148x1MB) SWAP 1691/12002MB (cached 50MB) CPU [0%@1728,0%@1728,0%@1728,0%@1728,100%@1728,0%@1728] GR3D_FREQ 16% cpu@59C soc2@57.656C soc0@58.375C gpu@58.718C tj@59.843C soc1@59.843C VDD_IN 9230mW/9183mW VDD_CPU_GPU_CV 3108mW/3033mW VDD_SOC 2662mW/2664mW
08-04-2026 21:02:41 RAM 3884/7620MB (lfb 148x1MB) SWAP 1691/12002MB (cached 50MB) CPU [0%@1728,0%@1728,0%@1728,0%@1728,100%@1728,0%@1728] GR3D_FREQ 17% cpu@58.937C soc2@57.562C soc0@58.375C gpu@58.625C tj@59.906C soc1@59.906C VDD_IN 9230mW/9184mW VDD_CPU_GPU_CV 3067mW/3033mW VDD_SOC 2662mW/2664mW
08-04-2026 21:02:41 RAM 3884/7620MB (lfb 148x1MB) SWAP 1691/12002MB (cached 50MB) CPU [0%@1728,0%@1728,0%@1728,0%@1728,100%@1728,0%@1728] GR3D_FREQ 17% cpu@59.125C soc2@57.718C soc0@58.468C gpu@58.781C tj@59.906C soc1@59.906C VDD_IN 9230mW/9184mW VDD_CPU_GPU_CV 3067mW/3033mW VDD_SOC 2662mW/2664mW
08-04-2026 21:02:41 RAM 3884/7620MB (lfb 148x1MB) SWAP 1691/12002MB (cached 50MB) CPU [0%@1728,0%@1728,0%@1728,0%@1728,100%@1728,0%@1728] GR3D_FREQ 16% cpu@59.281C soc2@57.718C soc0@58.593C gpu@58.687C tj@59.781C soc1@59.781C VDD_IN 9230mW/9185mW VDD_CPU_GPU_CV 3067mW/3034mW VDD_SOC 2662mW/2664mW
08-04-2026 21:02:41 RAM 3884/7620MB (lfb 148x1MB) SWAP 1691/12002MB (cached 50MB) CPU [0%@1728,0%@1728,0%@1728,0%@1728,100%@1728,0%@1728] GR3D_FREQ 16% cpu@59.437C soc2@57.593C soc0@58.343C gpu@58.75C tj@59.812C soc1@59.812C VDD_IN 9189mW/9185mW VDD_CPU_GPU_CV 3067mW/3034mW VDD_SOC 2662mW/2664mW
08-04-2026 21:02:41 RAM 3884/7620MB (lfb 148x1MB) SWAP 1691/12002MB (cached 50MB) CPU [0%@1728,0%@1728,0%@1728,0%@1728,100%@1728,0%@1728] GR3D_FREQ 17% cpu@58.968C soc2@57.593C soc0@58.406C gpu@58.812C tj@59.937C soc1@59.937C VDD_IN 9189mW/9185mW VDD_CPU_GPU_CV 3067mW/3034mW VDD_SOC 2662mW/2664mW
08-04-2026 21:02:41 RAM 3884/7620MB (lfb 148x1MB) SWAP 1691/12002MB (cached 50MB) CPU [0%@1728,0%@1728,0%@1728,0%@1728,100%@1728,0%@1728] GR3D_FREQ 17% cpu@58.937C soc2@57.625C soc0@58.468C gpu@58.718C tj@59.906C soc1@59.906C VDD_IN 9189mW/9185mW VDD_CPU_GPU_CV 3067mW/3034mW VDD_SOC 2662mW/2664mW
08-04-2026 21:02:42 RAM 3884/7620MB (lfb 148x1MB) SWAP 1691/12002MB (cached 50MB) CPU [0%@1728,8%@1728,0%@1728,0%@1728,100%@1728,0%@1728] GR3D_FREQ 16% cpu@59.218C soc2@57.625C soc0@58.625C gpu@58.656C tj@60C soc1@60C VDD_IN 9189mW/9185mW VDD_CPU_GPU_CV 3067mW/3035mW VDD_SOC 2662mW/2664mW
08-04-2026 21:02:42 RAM 3884/7620MB (lfb 148x1MB) SWAP 1691/12002MB (cached 50MB) CPU [0%@1728,9%@1728,0%@1728,0%@1728,100%@1728,0%@1728] GR3D_FREQ 16% cpu@59.343C soc2@57.656C soc0@58.406C gpu@58.75C tj@59.875C soc1@59.875C VDD_IN 9189mW/9185mW VDD_CPU_GPU_CV 3067mW/3035mW VDD_SOC 2662mW/2664mW
08-04-2026 21:02:42 RAM 3884/7620MB (lfb 148x1MB) SWAP 1691/12002MB (cached 50MB) CPU [0%@1728,0%@1728,0%@1728,0%@1728,100%@1728,0%@1728] GR3D_FREQ 17% cpu@59C soc2@57.562C soc0@58.375C gpu@58.656C tj@59.906C soc1@59.906C VDD_IN 9189mW/9185mW VDD_CPU_GPU_CV 3026mW/3035mW VDD_SOC 2662mW/2664mW
08-04-2026 21:02:42 RAM 3884/7620MB (lfb 148x1MB) SWAP 1691/12002MB (cached 50MB) CPU [0%@1728,0%@1728,0%@1728,0%@1728,100%@1728,0%@1728] GR3D_FREQ 16% cpu@58.937C soc2@57.593C soc0@58.437C gpu@58.781C tj@59.906C soc1@59.906C VDD_IN 9189mW/9185mW VDD_CPU_GPU_CV 3067mW/3035mW VDD_SOC 2666mW/2664mW
08-04-2026 21:02:42 RAM 3884/7620MB (lfb 148x1MB) SWAP 1691/12002MB (cached 50MB) CPU [0%@1728,0%@1728,0%@1728,0%@1728,100%@1728,0%@1728] GR3D_FREQ 16% cpu@58.937C soc2@57.656C soc0@58.562C gpu@58.687C tj@60.031C soc1@60.031C VDD_IN 9189mW/9185mW VDD_CPU_GPU_CV 3026mW/3035mW VDD_SOC 2666mW/2664mW
08-04-2026 21:02:42 RAM 3884/7620MB (lfb 148x1MB) SWAP 1691/12002MB (cached 50MB) CPU [0%@1728,0%@1728,0%@1728,0%@1728,100%@1728,0%@1728] GR3D_FREQ 17% cpu@59.25C soc2@57.687C soc0@58.625C gpu@58.687C tj@59.875C soc1@59.875C VDD_IN 9189mW/9185mW VDD_CPU_GPU_CV 3026mW/3035mW VDD_SOC 2666mW/2664mW
08-04-2026 21:02:42 RAM 3884/7620MB (lfb 148x1MB) SWAP 1691/12002MB (cached 50MB) CPU [0%@1728,0%@1728,0%@1728,0%@1728,100%@1728,0%@1728] GR3D_FREQ 16% cpu@58.843C soc2@57.562C soc0@58.375C gpu@58.781C tj@59.843C soc1@59.843C VDD_IN 9189mW/9185mW VDD_CPU_GPU_CV 3026mW/3035mW VDD_SOC 2662mW/2664mW
08-04-2026 21:02:42 RAM 3884/7620MB (lfb 148x1MB) SWAP 1691/12002MB (cached 50MB) CPU [0%@1728,0%@1728,0%@1728,0%@1728,100%@1728,0%@1728] GR3D_FREQ 17% cpu@58.937C soc2@57.656C soc0@58.375C gpu@58.781C tj@59.843C soc1@59.843C VDD_IN 9189mW/9185mW VDD_CPU_GPU_CV 3026mW/3035mW VDD_SOC 2662mW/2664mW
08-04-2026 21:02:42 RAM 3884/7620MB (lfb 148x1MB) SWAP 1691/12002MB (cached 50MB) CPU [0%@1728,0%@1728,0%@1728,0%@1728,100%@1728,0%@1728] GR3D_FREQ 17% cpu@58.937C soc2@57.625C soc0@58.437C gpu@58.843C tj@59.968C soc1@59.968C VDD_IN 9189mW/9185mW VDD_CPU_GPU_CV 3026mW/3035mW VDD_SOC 2662mW/2664mW
08-04-2026 21:02:43 RAM 3884/7620MB (lfb 148x1MB) SWAP 1691/12002MB (cached 50MB) CPU [0%@1728,0%@1728,0%@1728,0%@1728,100%@1728,0%@1728] GR3D_FREQ 17% cpu@59.031C soc2@57.656C soc0@58.593C gpu@58.812C tj@59.968C soc1@59.968C VDD_IN 9189mW/9185mW VDD_CPU_GPU_CV 3026mW/3035mW VDD_SOC 2666mW/2664mW
08-04-2026 21:02:43 RAM 3884/7620MB (lfb 148x1MB) SWAP 1691/12002MB (cached 50MB) CPU [0%@1728,0%@1728,0%@1728,0%@1728,100%@1728,0%@1728] GR3D_FREQ 17% cpu@59.343C soc2@57.781C soc0@58.406C gpu@58.812C tj@59.875C soc1@59.875C VDD_IN 9189mW/9185mW VDD_CPU_GPU_CV 3026mW/3035mW VDD_SOC 2662mW/2664mW
08-04-2026 21:02:43 RAM 3884/7620MB (lfb 148x1MB) SWAP 1691/12002MB (cached 50MB) CPU [0%@1728,0%@1728,0%@1728,0%@1728,100%@1728,0%@1728] GR3D_FREQ 16% cpu@58.937C soc2@57.562C soc0@58.375C gpu@58.843C tj@59.843C soc1@59.843C VDD_IN 9189mW/9185mW VDD_CPU_GPU_CV 3026mW/3035mW VDD_SOC 2662mW/2664mW
08-04-2026 21:02:43 RAM 3884/7620MB (lfb 148x1MB) SWAP 1691/12002MB (cached 50MB) CPU [0%@1728,0%@1728,0%@1728,8%@1728,100%@1728,0%@1728] GR3D_FREQ 17% cpu@58.968C soc2@57.625C soc0@58.437C gpu@58.687C tj@59.906C soc1@59.906C VDD_IN 9189mW/9185mW VDD_CPU_GPU_CV 3026mW/3035mW VDD_SOC 2662mW/2664mW
08-04-2026 21:02:43 RAM 3884/7620MB (lfb 148x1MB) SWAP 1691/12002MB (cached 50MB) CPU [9%@1728,0%@1728,0%@1728,0%@1728,100%@1728,0%@1728] GR3D_FREQ 17% cpu@58.937C soc2@57.625C soc0@58.531C gpu@58.687C tj@59.968C soc1@60C VDD_IN 9189mW/9185mW VDD_CPU_GPU_CV 3026mW/3035mW VDD_SOC 2662mW/2664mW
08-04-2026 21:02:43 RAM 3884/7620MB (lfb 148x1MB) SWAP 1691/12002MB (cached 50MB) CPU [0%@1728,0%@1728,0%@1728,0%@1728,100%@1728,0%@1728] GR3D_FREQ 16% cpu@59.343C soc2@57.75C soc0@58.562C gpu@58.812C tj@60.093C soc1@60.093C VDD_IN 9189mW/9185mW VDD_CPU_GPU_CV 3026mW/3034mW VDD_SOC 2662mW/2664mW
08-04-2026 21:02:43 RAM 3884/7620MB (lfb 148x1MB) SWAP 1691/12002MB (cached 50MB) CPU [0%@1728,0%@1728,9%@1728,0%@1728,100%@1728,0%@1728] GR3D_FREQ 17% cpu@58.937C soc2@57.593C soc0@58.343C gpu@58.687C tj@59.843C soc1@59.843C VDD_IN 9189mW/9185mW VDD_CPU_GPU_CV 3026mW/3034mW VDD_SOC 2662mW/2664mW
08-04-2026 21:02:43 RAM 3884/7620MB (lfb 148x1MB) SWAP 1691/12002MB (cached 50MB) CPU [0%@1728,9%@1728,0%@1728,0%@1728,100%@1728,0%@1728] GR3D_FREQ 17% cpu@58.906C soc2@57.593C soc0@58.406C gpu@58.906C tj@59.875C soc1@59.875C VDD_IN 9189mW/9185mW VDD_CPU_GPU_CV 3067mW/3035mW VDD_SOC 2662mW/2664mW
08-04-2026 21:02:43 RAM 3884/7620MB (lfb 148x1MB) SWAP 1691/12002MB (cached 50MB) CPU [0%@1728,0%@1728,0%@1728,0%@1728,100%@1728,0%@1728] GR3D_FREQ 16% cpu@58.968C soc2@57.593C soc0@58.5C gpu@58.781C tj@59.875C soc1@59.875C VDD_IN 9189mW/9185mW VDD_CPU_GPU_CV 3067mW/3035mW VDD_SOC 2662mW/2664mW
08-04-2026 21:02:43 RAM 3884/7620MB (lfb 148x1MB) SWAP 1691/12002MB (cached 50MB) CPU [0%@1728,0%@1728,9%@1728,0%@1728,100%@1728,0%@1728] GR3D_FREQ 17% cpu@58.968C soc2@57.687C soc0@58.562C gpu@58.75C tj@60.062C soc1@60.062C VDD_IN 9189mW/9185mW VDD_CPU_GPU_CV 3026mW/3035mW VDD_SOC 2666mW/2664mW
08-04-2026 21:02:44 RAM 3884/7620MB (lfb 148x1MB) SWAP 1691/12002MB (cached 50MB) CPU [0%@1728,0%@1728,0%@1728,0%@1728,100%@1728,0%@1728] GR3D_FREQ 16% cpu@59.437C soc2@57.656C soc0@58.437C gpu@58.968C tj@59.812C soc1@59.812C VDD_IN 9189mW/9185mW VDD_CPU_GPU_CV 3026mW/3035mW VDD_SOC 2662mW/2664mW
08-04-2026 21:02:44 RAM 3884/7620MB (lfb 148x1MB) SWAP 1691/12002MB (cached 50MB) CPU [0%@1728,0%@1728,0%@1728,0%@1728,100%@1728,0%@1728] GR3D_FREQ 17% cpu@58.968C soc2@57.625C soc0@58.437C gpu@58.75C tj@59.875C soc1@59.875C VDD_IN 9189mW/9185mW VDD_CPU_GPU_CV 3026mW/3035mW VDD_SOC 2666mW/2664mW
08-04-2026 21:02:44 RAM 3884/7620MB (lfb 148x1MB) SWAP 1691/12002MB (cached 50MB) CPU [0%@1728,0%@1728,0%@1728,0%@1728,100%@1728,0%@1728] GR3D_FREQ 16% cpu@58.937C soc2@57.656C soc0@58.406C gpu@58.937C tj@59.906C soc1@59.906C VDD_IN 9189mW/9185mW VDD_CPU_GPU_CV 3026mW/3035mW VDD_SOC 2662mW/2664mW
08-04-2026 21:02:44 RAM 3884/7620MB (lfb 148x1MB) SWAP 1691/12002MB (cached 50MB) CPU [0%@1728,9%@1728,0%@1728,0%@1728,100%@1728,0%@1728] GR3D_FREQ 16% cpu@58.968C soc2@57.625C soc0@58.468C gpu@58.843C tj@59.968C soc1@59.968C VDD_IN 9189mW/9185mW VDD_CPU_GPU_CV 3026mW/3035mW VDD_SOC 2666mW/2664mW
08-04-2026 21:02:44 RAM 3883/7620MB (lfb 148x1MB) SWAP 1691/12002MB (cached 50MB) CPU [27%@1728,0%@1728,9%@1728,9%@1728,100%@1728,0%@1728] GR3D_FREQ 16% cpu@59.125C soc2@57.718C soc0@58.562C gpu@58.718C tj@60.125C soc1@60.125C VDD_IN 9271mW/9186mW VDD_CPU_GPU_CV 3108mW/3035mW VDD_SOC 2662mW/2664mW
08-04-2026 21:02:44 RAM 3883/7620MB (lfb 148x1MB) SWAP 1691/12002MB (cached 50MB) CPU [0%@1728,0%@1728,0%@1728,0%@1728,100%@1728,0%@1728] GR3D_FREQ 17% cpu@58.937C soc2@57.593C soc0@58.375C gpu@59C tj@59.875C soc1@59.875C VDD_IN 9230mW/9186mW VDD_CPU_GPU_CV 3067mW/3035mW VDD_SOC 2662mW/2664mW
08-04-2026 21:02:44 RAM 3883/7620MB (lfb 148x1MB) SWAP 1691/12002MB (cached 50MB) CPU [0%@1728,0%@1728,0%@1728,0%@1728,100%@1728,0%@1728] GR3D_FREQ 17% cpu@58.906C soc2@57.687C soc0@58.375C gpu@58.937C tj@59.843C soc1@59.843C VDD_IN 9230mW/9187mW VDD_CPU_GPU_CV 3067mW/3035mW VDD_SOC 2662mW/2664mW
08-04-2026 21:02:44 RAM 3883/7620MB (lfb 148x1MB) SWAP 1691/12002MB (cached 50MB) CPU [9%@1728,0%@1728,0%@1728,0%@1728,100%@1728,0%@1728] GR3D_FREQ 17% cpu@58.937C soc2@57.593C soc0@58.5C gpu@58.812C tj@60C soc1@60C VDD_IN 9230mW/9187mW VDD_CPU_GPU_CV 3067mW/3036mW VDD_SOC 2662mW/2664mW
08-04-2026 21:02:44 RAM 3883/7620MB (lfb 148x1MB) SWAP 1691/12002MB (cached 50MB) CPU [0%@1728,0%@1728,0%@1728,0%@1728,100%@1728,0%@1728] GR3D_FREQ 16% cpu@59.062C soc2@57.75C soc0@58.468C gpu@58.968C tj@59.906C soc1@60C VDD_IN 9189mW/9187mW VDD_CPU_GPU_CV 3067mW/3036mW VDD_SOC 2662mW/2664mW
08-04-2026 21:02:45 RAM 3883/7620MB (lfb 148x1MB) SWAP 1691/12002MB (cached 50MB) CPU [0%@1728,0%@1728,0%@1728,0%@1728,100%@1728,0%@1728] GR3D_FREQ 16% cpu@59.031C soc2@57.75C soc0@58.375C gpu@58.843C tj@59.781C soc1@59.781C VDD_IN 9189mW/9187mW VDD_CPU_GPU_CV 3067mW/3036mW VDD_SOC 2662mW/2664mW
08-04-2026 21:02:45 RAM 3883/7620MB (lfb 148x1MB) SWAP 1691/12002MB (cached 50MB) CPU [0%@1728,0%@1728,0%@1728,0%@1728,100%@1728,0%@1728] GR3D_FREQ 16% cpu@58.937C soc2@57.625C soc0@58.468C gpu@59.093C tj@59.875C soc1@59.875C VDD_IN 9189mW/9187mW VDD_CPU_GPU_CV 3067mW/3036mW VDD_SOC 2662mW/2664mW
08-04-2026 21:02:45 RAM 3883/7620MB (lfb 148x1MB) SWAP 1691/12002MB (cached 50MB) CPU [0%@1728,0%@1728,0%@1728,0%@1728,100%@1728,0%@1728] GR3D_FREQ 17% cpu@58.937C soc2@57.593C soc0@58.437C gpu@59C tj@59.937C soc1@59.937C VDD_IN 9189mW/9187mW VDD_CPU_GPU_CV 3067mW/3037mW VDD_SOC 2662mW/2664mW
08-04-2026 21:02:45 RAM 3883/7620MB (lfb 148x1MB) SWAP 1691/12002MB (cached 50MB) CPU [0%@1728,9%@1728,0%@1728,0%@1728,100%@1728,0%@1728] GR3D_FREQ 16% cpu@59C soc2@57.593C soc0@58.437C gpu@58.875C tj@59.937C soc1@59.937C VDD_IN 9189mW/9187mW VDD_CPU_GPU_CV 3067mW/3037mW VDD_SOC 2666mW/2664mW
08-04-2026 21:02:45 RAM 3883/7620MB (lfb 148x1MB) SWAP 1691/12002MB (cached 50MB) CPU [0%@1728,0%@1728,0%@1728,0%@1728,100%@1728,0%@1728] GR3D_FREQ 16% cpu@59.031C soc2@57.75C soc0@58.531C gpu@59.093C tj@59.812C soc1@59.812C VDD_IN 9189mW/9187mW VDD_CPU_GPU_CV 3067mW/3037mW VDD_SOC 2662mW/2664mW
08-04-2026 21:02:45 RAM 3883/7620MB (lfb 148x1MB) SWAP 1691/12002MB (cached 50MB) CPU [0%@1728,0%@1728,0%@1728,0%@1728,100%@1728,0%@1728] GR3D_FREQ 17% cpu@59.062C soc2@57.718C soc0@58.375C gpu@58.968C tj@59.812C soc1@59.812C VDD_IN 9189mW/9187mW VDD_CPU_GPU_CV 3067mW/3037mW VDD_SOC 2666mW/2664mW
08-04-2026 21:02:45 RAM 3883/7620MB (lfb 148x1MB) SWAP 1691/12002MB (cached 50MB) CPU [0%@1728,0%@1728,0%@1728,0%@1728,100%@1728,0%@1728] GR3D_FREQ 16% cpu@59.062C soc2@57.562C soc0@58.437C gpu@58.656C tj@59.843C soc1@59.843C VDD_IN 9189mW/9187mW VDD_CPU_GPU_CV 3067mW/3037mW VDD_SOC 2666mW/2664mW
08-04-2026 21:02:45 RAM 3883/7620MB (lfb 148x1MB) SWAP 1691/12002MB (cached 50MB) CPU [0%@1728,0%@1728,0%@1728,0%@1728,100%@1728,0%@1728] GR3D_FREQ 16% cpu@58.968C soc2@57.593C soc0@58.468C gpu@59.062C tj@59.906C soc1@59.906C VDD_IN 9189mW/9187mW VDD_CPU_GPU_CV 3026mW/3037mW VDD_SOC 2666mW/2664mW
08-04-2026 21:02:45 RAM 3883/7620MB (lfb 148x1MB) SWAP 1691/12002MB (cached 50MB) CPU [8%@1728,0%@1728,0%@1728,0%@1728,100%@1728,0%@1728] GR3D_FREQ 17% cpu@59.031C soc2@57.687C soc0@58.5C gpu@58.968C tj@60C soc1@60C VDD_IN 9189mW/9187mW VDD_CPU_GPU_CV 3026mW/3037mW VDD_SOC 2666mW/2664mW
08-04-2026 21:02:45 RAM 3883/7620MB (lfb 148x1MB) SWAP 1691/12002MB (cached 50MB) CPU [0%@1728,0%@1728,0%@1728,0%@1728,100%@1728,0%@1728] GR3D_FREQ 16% cpu@59.031C soc2@57.718C soc0@58.593C gpu@58.625C tj@59.843C soc1@59.843C VDD_IN 9189mW/9187mW VDD_CPU_GPU_CV 3026mW/3037mW VDD_SOC 2666mW/2664mW
08-04-2026 21:02:46 RAM 3883/7620MB (lfb 148x1MB) SWAP 1691/12002MB (cached 50MB) CPU [0%@1728,0%@1728,0%@1728,0%@1728,100%@1728,0%@1728] GR3D_FREQ 17% cpu@59.062C soc2@57.593C soc0@58.406C gpu@59C tj@59.781C soc1@59.781C VDD_IN 9189mW/9187mW VDD_CPU_GPU_CV 3026mW/3037mW VDD_SOC 2662mW/2664mW
08-04-2026 21:02:46 RAM 3883/7620MB (lfb 148x1MB) SWAP 1691/12002MB (cached 50MB) CPU [0%@1728,0%@1728,0%@1728,0%@1728,100%@1728,0%@1728] GR3D_FREQ 16% cpu@58.937C soc2@57.562C soc0@58.437C gpu@58.75C tj@59.906C soc1@59.906C VDD_IN 9189mW/9187mW VDD_CPU_GPU_CV 3026mW/3037mW VDD_SOC 2662mW/2664mW
08-04-2026 21:02:46 RAM 3883/7620MB (lfb 148x1MB) SWAP 1691/12002MB (cached 50MB) CPU [0%@1728,0%@1728,0%@1728,0%@1728,100%@1728,0%@1728] GR3D_FREQ 16% cpu@58.968C soc2@57.593C soc0@58.5C gpu@59.281C tj@59.937C soc1@59.937C VDD_IN 9189mW/9187mW VDD_CPU_GPU_CV 3026mW/3037mW VDD_SOC 2666mW/2664mW
08-04-2026 21:02:46 RAM 3883/7620MB (lfb 148x1MB) SWAP 1691/12002MB (cached 50MB) CPU [9%@1728,0%@1728,0%@1728,0%@1728,100%@1728,0%@1728] GR3D_FREQ 17% cpu@59.093C soc2@57.625C soc0@58.562C gpu@58.968C tj@60.031C soc1@60.031C VDD_IN 9189mW/9187mW VDD_CPU_GPU_CV 3067mW/3037mW VDD_SOC 2662mW/2664mW
08-04-2026 21:02:46 RAM 3883/7620MB (lfb 148x1MB) SWAP 1691/12002MB (cached 50MB) CPU [0%@1728,0%@1728,0%@1728,0%@1728,100%@1728,0%@1728] GR3D_FREQ 16% cpu@59.125C soc2@57.718C soc0@58.593C gpu@58.687C tj@59.812C soc1@59.812C VDD_IN 9189mW/9187mW VDD_CPU_GPU_CV 3067mW/3037mW VDD_SOC 2662mW/2664mW
08-04-2026 21:02:46 RAM 3883/7620MB (lfb 148x1MB) SWAP 1691/12002MB (cached 50MB) CPU [9%@1728,0%@1728,0%@1728,0%@1728,100%@1728,0%@1728] GR3D_FREQ 17% cpu@59.125C soc2@57.562C soc0@58.343C gpu@59.093C tj@59.781C soc1@59.781C VDD_IN 9189mW/9187mW VDD_CPU_GPU_CV 3067mW/3037mW VDD_SOC 2662mW/2664mW
08-04-2026 21:02:46 RAM 3883/7620MB (lfb 148x1MB) SWAP 1691/12002MB (cached 50MB) CPU [0%@1728,0%@1728,0%@1728,0%@1728,100%@1728,0%@1728] GR3D_FREQ 16% cpu@58.968C soc2@57.625C soc0@58.343C gpu@59.031C tj@59.906C soc1@59.906C VDD_IN 9189mW/9187mW VDD_CPU_GPU_CV 3067mW/3038mW VDD_SOC 2662mW/2664mW
08-04-2026 21:02:46 RAM 3883/7620MB (lfb 148x1MB) SWAP 1691/12002MB (cached 50MB) CPU [0%@1728,0%@1728,0%@1728,0%@1728,100%@1728,0%@1728] GR3D_FREQ 16% cpu@59C soc2@57.687C soc0@58.468C gpu@58.656C tj@59.906C soc1@59.906C VDD_IN 9189mW/9187mW VDD_CPU_GPU_CV 3026mW/3038mW VDD_SOC 2662mW/2664mW
08-04-2026 21:02:46 RAM 3883/7620MB (lfb 148x1MB) SWAP 1691/12002MB (cached 50MB) CPU [0%@1728,0%@1728,8%@1728,0%@1728,100%@1728,0%@1728] GR3D_FREQ 16% cpu@59.062C soc2@57.687C soc0@58.562C gpu@59.093C tj@60.062C soc1@60.062C VDD_IN 9189mW/9187mW VDD_CPU_GPU_CV 3067mW/3038mW VDD_SOC 2662mW/2664mW
08-04-2026 21:02:47 RAM 3883/7620MB (lfb 148x1MB) SWAP 1691/12002MB (cached 50MB) CPU [0%@1728,0%@1728,0%@1728,0%@1728,100%@1728,0%@1728] GR3D_FREQ 17% cpu@59.156C soc2@57.625C soc0@58.375C gpu@58.781C tj@59.812C soc1@59.812C VDD_IN 9189mW/9187mW VDD_CPU_GPU_CV 3067mW/3038mW VDD_SOC 2662mW/2664mW
08-04-2026 21:02:47 RAM 3883/7620MB (lfb 148x1MB) SWAP 1691/12002MB (cached 50MB) CPU [0%@1728,0%@1728,0%@1728,0%@1728,100%@1728,0%@1728] GR3D_FREQ 16% cpu@59.031C soc2@57.593C soc0@58.437C gpu@58.656C tj@59.875C soc1@59.875C VDD_IN 9189mW/9187mW VDD_CPU_GPU_CV 3067mW/3038mW VDD_SOC 2662mW/2664mW
08-04-2026 21:02:47 RAM 3882/7620MB (lfb 148x1MB) SWAP 1691/12002MB (cached 50MB) CPU [0%@1728,0%@1728,0%@1728,0%@1728,100%@1728,0%@1728] GR3D_FREQ 16% cpu@59C soc2@57.656C soc0@58.531C gpu@59.156C tj@59.812C soc1@59.812C VDD_IN 9189mW/9187mW VDD_CPU_GPU_CV 3026mW/3038mW VDD_SOC 2662mW/2664mW
08-04-2026 21:02:47 RAM 3883/7620MB (lfb 148x1MB) SWAP 1691/12002MB (cached 50MB) CPU [0%@1728,0%@1728,9%@1728,0%@1728,100%@1728,0%@1728] GR3D_FREQ 17% cpu@59.062C soc2@57.656C soc0@58.593C gpu@58.718C tj@60.062C soc1@60.062C VDD_IN 9189mW/9187mW VDD_CPU_GPU_CV 3067mW/3038mW VDD_SOC 2662mW/2664mW
08-04-2026 21:02:47 RAM 3883/7620MB (lfb 148x1MB) SWAP 1691/12002MB (cached 50MB) CPU [16%@1728,0%@1728,9%@1728,0%@1728,100%@1728,0%@1728] GR3D_FREQ 16% cpu@59.125C soc2@57.718C soc0@58.406C gpu@58.687C tj@59.781C soc1@59.781C VDD_IN 9189mW/9187mW VDD_CPU_GPU_CV 3067mW/3038mW VDD_SOC 2662mW/2664mW
08-04-2026 21:02:47 RAM 3883/7620MB (lfb 148x1MB) SWAP 1691/12002MB (cached 50MB) CPU [0%@1728,0%@1728,0%@1728,0%@1728,100%@1728,0%@1728] GR3D_FREQ 17% cpu@59.187C soc2@57.656C soc0@58.375C gpu@58.781C tj@59.843C soc1@59.843C VDD_IN 9189mW/9187mW VDD_CPU_GPU_CV 3067mW/3038mW VDD_SOC 2662mW/2664mW
08-04-2026 21:02:47 RAM 3883/7620MB (lfb 148x1MB) SWAP 1691/12002MB (cached 50MB) CPU [0%@1728,0%@1728,0%@1728,0%@1728,100%@1728,0%@1728] GR3D_FREQ 16% cpu@59.062C soc2@57.625C soc0@58.468C gpu@58.718C tj@59.812C soc1@59.906C VDD_IN 9189mW/9187mW VDD_CPU_GPU_CV 3067mW/3039mW VDD_SOC 2662mW/2664mW
08-04-2026 21:02:47 RAM 3883/7620MB (lfb 148x1MB) SWAP 1691/12002MB (cached 50MB) CPU [0%@1728,10%@1728,27%@1728,0%@1728,100%@1728,9%@1728] GR3D_FREQ 16% cpu@59.125C soc2@57.687C soc0@58.531C gpu@58.625C tj@59.937C soc1@59.937C VDD_IN 9271mW/9188mW VDD_CPU_GPU_CV 3108mW/3039mW VDD_SOC 2662mW/2664mW
08-04-2026 21:02:47 RAM 3883/7620MB (lfb 148x1MB) SWAP 1691/12002MB (cached 50MB) CPU [0%@1728,9%@1728,0%@1728,0%@1728,100%@1728,0%@1728] GR3D_FREQ 17% cpu@59.062C soc2@57.687C soc0@58.531C gpu@58.718C tj@60.062C soc1@60.062C VDD_IN 9271mW/9188mW VDD_CPU_GPU_CV 3108mW/3039mW VDD_SOC 2662mW/2664mW
08-04-2026 21:02:47 RAM 3883/7620MB (lfb 148x1MB) SWAP 1691/12002MB (cached 50MB) CPU [0%@1728,0%@1728,0%@1728,0%@1728,100%@1728,0%@1728] GR3D_FREQ 16% cpu@59.093C soc2@57.625C soc0@58.343C gpu@58.593C tj@59.781C soc1@59.812C VDD_IN 9230mW/9188mW VDD_CPU_GPU_CV 3067mW/3040mW VDD_SOC 2662mW/2664mW
08-04-2026 21:02:48 RAM 3883/7620MB (lfb 148x1MB) SWAP 1691/12002MB (cached 50MB) CPU [0%@1728,0%@1728,0%@1728,0%@1728,100%@1728,0%@1728] GR3D_FREQ 16% cpu@59.25C soc2@57.656C soc0@58.406C gpu@59.218C tj@59.843C soc1@59.843C VDD_IN 9230mW/9189mW VDD_CPU_GPU_CV 3067mW/3040mW VDD_SOC 2662mW/2664mW
08-04-2026 21:02:48 RAM 3883/7620MB (lfb 148x1MB) SWAP 1691/12002MB (cached 50MB) CPU [0%@1728,0%@1728,0%@1728,0%@1728,100%@1728,0%@1728] GR3D_FREQ 16% cpu@59.031C soc2@57.625C soc0@58.375C gpu@58.687C tj@59.906C soc1@59.906C VDD_IN 9230mW/9189mW VDD_CPU_GPU_CV 3067mW/3040mW VDD_SOC 2662mW/2664mW
08-04-2026 21:02:48 RAM 3883/7620MB (lfb 148x1MB) SWAP 1691/12002MB (cached 50MB) CPU [0%@1728,0%@1728,0%@1728,0%@1728,100%@1728,0%@1728] GR3D_FREQ 16% cpu@59.031C soc2@57.75C soc0@58.593C gpu@58.656C tj@59.968C soc1@59.968C VDD_IN 9230mW/9189mW VDD_CPU_GPU_CV 3067mW/3040mW VDD_SOC 2662mW/2664mW
08-04-2026 21:02:48 RAM 3883/7620MB (lfb 148x1MB) SWAP 1691/12002MB (cached 50MB) CPU [0%@1728,0%@1728,9%@1728,0%@1728,100%@1728,0%@1728] GR3D_FREQ 17% cpu@59.062C soc2@57.718C soc0@58.375C gpu@58.718C tj@59.812C soc1@59.812C VDD_IN 9230mW/9189mW VDD_CPU_GPU_CV 3067mW/3040mW VDD_SOC 2662mW/2664mW
08-04-2026 21:02:48 RAM 3883/7620MB (lfb 148x1MB) SWAP 1691/12002MB (cached 50MB) CPU [0%@1728,0%@1728,0%@1728,0%@1728,100%@1728,0%@1728] GR3D_FREQ 17% cpu@59.25C soc2@57.656C soc0@58.312C gpu@58.75C tj@59.812C soc1@59.812C VDD_IN 9230mW/9189mW VDD_CPU_GPU_CV 3067mW/3040mW VDD_SOC 2662mW/2664mW
08-04-2026 21:02:48 RAM 3883/7620MB (lfb 148x1MB) SWAP 1691/12002MB (cached 50MB) CPU [0%@1728,0%@1728,0%@1728,0%@1728,100%@1728,0%@1728] GR3D_FREQ 17% cpu@58.906C soc2@57.593C soc0@58.437C gpu@58.718C tj@59.843C soc1@59.843C VDD_IN 9230mW/9190mW VDD_CPU_GPU_CV 3067mW/3040mW VDD_SOC 2662mW/2664mW
08-04-2026 21:02:48 RAM 3883/7620MB (lfb 148x1MB) SWAP 1691/12002MB (cached 50MB) CPU [0%@1728,0%@1728,0%@1728,0%@1728,100%@1728,0%@1728] GR3D_FREQ 17% cpu@59C soc2@57.718C soc0@58.406C gpu@58.843C tj@59.968C soc1@59.968C VDD_IN 9189mW/9190mW VDD_CPU_GPU_CV 3067mW/3041mW VDD_SOC 2662mW/2664mW
08-04-2026 21:02:48 RAM 3883/7620MB (lfb 148x1MB) SWAP 1691/12002MB (cached 50MB) CPU [0%@1728,0%@1728,0%@1728,0%@1728,100%@1728,0%@1728] GR3D_FREQ 17% cpu@59.093C soc2@57.656C soc0@58.593C gpu@58.687C tj@59.937C soc1@60.062C VDD_IN 9189mW/9190mW VDD_CPU_GPU_CV 3067mW/3041mW VDD_SOC 2662mW/2664mW
08-04-2026 21:02:48 RAM 3883/7620MB (lfb 148x1MB) SWAP 1691/12002MB (cached 50MB) CPU [0%@1728,0%@1728,0%@1728,0%@1728,100%@1728,0%@1728] GR3D_FREQ 17% cpu@59.125C soc2@57.75C soc0@58.343C gpu@58.718C tj@59.718C soc1@59.718C VDD_IN 9189mW/9190mW VDD_CPU_GPU_CV 3067mW/3041mW VDD_SOC 2662mW/2664mW
08-04-2026 21:02:48 RAM 3883/7620MB (lfb 148x1MB) SWAP 1691/12002MB (cached 50MB) CPU [0%@1728,0%@1728,0%@1728,0%@1728,100%@1728,0%@1728] GR3D_FREQ 17% cpu@59.281C soc2@57.468C soc0@58.406C gpu@58.75C tj@59.812C soc1@59.812C VDD_IN 9189mW/9190mW VDD_CPU_GPU_CV 3067mW/3041mW VDD_SOC 2662mW/2664mW
08-04-2026 21:02:49 RAM 3883/7620MB (lfb 148x1MB) SWAP 1691/12002MB (cached 50MB) CPU [9%@1728,0%@1728,0%@1728,0%@1728,100%@1728,0%@1728] GR3D_FREQ 17% cpu@59.156C soc2@57.562C soc0@58.468C gpu@58.718C tj@59.906C soc1@59.906C VDD_IN 9189mW/9190mW VDD_CPU_GPU_CV 3067mW/3041mW VDD_SOC 2662mW/2664mW
08-04-2026 21:02:49 RAM 3883/7620MB (lfb 148x1MB) SWAP 1691/12002MB (cached 50MB) CPU [0%@1728,0%@1728,0%@1728,0%@1728,100%@1728,0%@1728] GR3D_FREQ 17% cpu@59.093C soc2@57.656C soc0@58.5C gpu@58.906C tj@59.968C soc1@59.968C VDD_IN 9189mW/9190mW VDD_CPU_GPU_CV 3067mW/3041mW VDD_SOC 2662mW/2664mW
08-04-2026 21:02:49 RAM 3883/7620MB (lfb 148x1MB) SWAP 1691/12002MB (cached 50MB) CPU [0%@1728,0%@1728,0%@1728,8%@1728,100%@1728,0%@1728] GR3D_FREQ 17% cpu@59.125C soc2@57.687C soc0@58.593C gpu@58.875C tj@60.062C soc1@59.843C VDD_IN 9189mW/9190mW VDD_CPU_GPU_CV 3067mW/3041mW VDD_SOC 2662mW/2664mW
08-04-2026 21:02:49 RAM 3883/7620MB (lfb 148x1MB) SWAP 1691/12002MB (cached 50MB) CPU [0%@1728,0%@1728,0%@1728,0%@1728,100%@1728,0%@1728] GR3D_FREQ 16% cpu@59.25C soc2@57.625C soc0@58.406C gpu@58.656C tj@59.875C soc1@59.875C VDD_IN 9189mW/9190mW VDD_CPU_GPU_CV 3067mW/3042mW VDD_SOC 2662mW/2664mW
08-04-2026 21:02:49 RAM 3883/7620MB (lfb 148x1MB) SWAP 1691/12002MB (cached 50MB) CPU [8%@1728,9%@1728,0%@1728,0%@1728,100%@1728,0%@1728] GR3D_FREQ 17% cpu@59.218C soc2@57.625C soc0@58.437C gpu@58.812C tj@59.906C soc1@59.906C VDD_IN 9189mW/9190mW VDD_CPU_GPU_CV 3067mW/3042mW VDD_SOC 2662mW/2664mW
08-04-2026 21:02:49 RAM 3883/7620MB (lfb 148x1MB) SWAP 1691/12002MB (cached 50MB) CPU [0%@1728,0%@1728,0%@1728,0%@1728,100%@1728,0%@1728] GR3D_FREQ 16% cpu@59.062C soc2@57.625C soc0@58.406C gpu@58.718C tj@59.937C soc1@59.937C VDD_IN 9189mW/9190mW VDD_CPU_GPU_CV 3067mW/3042mW VDD_SOC 2662mW/2664mW
08-04-2026 21:02:49 RAM 3883/7620MB (lfb 148x1MB) SWAP 1691/12002MB (cached 50MB) CPU [0%@1728,0%@1728,0%@1728,0%@1728,100%@1728,0%@1728] GR3D_FREQ 17% cpu@59.156C soc2@57.718C soc0@58.562C gpu@58.937C tj@59.968C soc1@59.968C VDD_IN 9189mW/9190mW VDD_CPU_GPU_CV 3026mW/3042mW VDD_SOC 2666mW/2664mW
08-04-2026 21:02:49 RAM 3883/7620MB (lfb 148x1MB) SWAP 1691/12002MB (cached 50MB) CPU [0%@1728,0%@1728,0%@1728,0%@1728,100%@1728,0%@1728] GR3D_FREQ 16% cpu@59.187C soc2@57.75C soc0@58.687C gpu@58.781C tj@59.812C soc1@59.812C VDD_IN 9189mW/9190mW VDD_CPU_GPU_CV 3067mW/3042mW VDD_SOC 2666mW/2664mW
08-04-2026 21:02:49 RAM 3883/7620MB (lfb 148x1MB) SWAP 1691/12002MB (cached 50MB) CPU [0%@1728,0%@1728,0%@1728,0%@1728,100%@1728,0%@1728] GR3D_FREQ 17% cpu@59.218C soc2@57.625C soc0@58.437C gpu@58.75C tj@59.781C soc1@59.781C VDD_IN 9189mW/9190mW VDD_CPU_GPU_CV 3026mW/3042mW VDD_SOC 2666mW/2664mW
08-04-2026 21:02:50 RAM 3883/7620MB (lfb 148x1MB) SWAP 1691/12002MB (cached 50MB) CPU [0%@1728,0%@1728,0%@1728,0%@1728,100%@1728,0%@1728] GR3D_FREQ 16% cpu@58.968C soc2@57.656C soc0@58.5C gpu@58.968C tj@59.875C soc1@59.875C VDD_IN 9189mW/9190mW VDD_CPU_GPU_CV 3026mW/3042mW VDD_SOC 2662mW/2664mW
08-04-2026 21:02:50 RAM 3883/7620MB (lfb 148x1MB) SWAP 1691/12002MB (cached 50MB) CPU [0%@1728,0%@1728,0%@1728,0%@1728,100%@1728,0%@1728] GR3D_FREQ 17% cpu@59.062C soc2@57.687C soc0@58.437C gpu@58.843C tj@59.906C soc1@59.906C VDD_IN 9189mW/9190mW VDD_CPU_GPU_CV 3026mW/3042mW VDD_SOC 2666mW/2664mW
08-04-2026 21:02:50 RAM 3883/7620MB (lfb 148x1MB) SWAP 1691/12002MB (cached 50MB) CPU [0%@1728,0%@1728,0%@1728,0%@1728,100%@1728,0%@1728] GR3D_FREQ 16% cpu@59.093C soc2@57.687C soc0@58.593C gpu@59.031C tj@60.093C soc1@60.093C VDD_IN 9189mW/9190mW VDD_CPU_GPU_CV 3026mW/3042mW VDD_SOC 2666mW/2664mW
08-04-2026 21:02:50 RAM 3883/7620MB (lfb 148x1MB) SWAP 1691/12002MB (cached 50MB) CPU [0%@1728,8%@1728,0%@1728,0%@1728,100%@1728,0%@1728] GR3D_FREQ 16% cpu@59.218C soc2@57.562C soc0@58.375C gpu@58.906C tj@59.75C soc1@59.75C VDD_IN 9189mW/9190mW VDD_CPU_GPU_CV 3067mW/3042mW VDD_SOC 2666mW/2664mW
08-04-2026 21:02:50 RAM 3883/7620MB (lfb 148x1MB) SWAP 1691/12002MB (cached 50MB) CPU [0%@1728,0%@1728,0%@1728,0%@1728,100%@1728,0%@1728] GR3D_FREQ 17% cpu@59.25C soc2@57.531C soc0@58.406C gpu@58.812C tj@59.875C soc1@59.875C VDD_IN 9189mW/9190mW VDD_CPU_GPU_CV 3067mW/3042mW VDD_SOC 2662mW/2664mW
08-04-2026 21:02:50 RAM 3883/7620MB (lfb 148x1MB) SWAP 1691/12002MB (cached 50MB) CPU [0%@1728,0%@1728,0%@1728,0%@1728,100%@1728,0%@1728] GR3D_FREQ 17% cpu@58.937C soc2@57.656C soc0@58.437C gpu@59.062C tj@59.937C soc1@59.937C VDD_IN 9189mW/9190mW VDD_CPU_GPU_CV 3026mW/3042mW VDD_SOC 2662mW/2664mW
08-04-2026 21:02:50 RAM 3883/7620MB (lfb 148x1MB) SWAP 1691/12002MB (cached 50MB) CPU [0%@1728,0%@1728,0%@1728,0%@1728,100%@1728,0%@1728] GR3D_FREQ 17% cpu@59.062C soc2@57.562C soc0@58.593C gpu@58.843C tj@59.937C soc1@59.937C VDD_IN 9189mW/9190mW VDD_CPU_GPU_CV 3026mW/3042mW VDD_SOC 2662mW/2664mW
08-04-2026 21:02:50 RAM 3883/7620MB (lfb 148x1MB) SWAP 1691/12002MB (cached 50MB) CPU [8%@1728,0%@1728,0%@1728,0%@1728,100%@1728,0%@1728] GR3D_FREQ 16% cpu@59.156C soc2@57.656C soc0@58.656C gpu@59.093C tj@60.125C soc1@60.125C VDD_IN 9189mW/9190mW VDD_CPU_GPU_CV 3026mW/3042mW VDD_SOC 2662mW/2664mW
08-04-2026 21:02:50 RAM 3883/7620MB (lfb 148x1MB) SWAP 1691/12002MB (cached 50MB) CPU [0%@1728,0%@1728,0%@1728,0%@1728,100%@1728,0%@1728] GR3D_FREQ 17% cpu@59.25C soc2@57.625C soc0@58.406C gpu@59C tj@59.906C soc1@59.906C VDD_IN 9189mW/9190mW VDD_CPU_GPU_CV 3026mW/3041mW VDD_SOC 2662mW/2664mW
08-04-2026 21:02:50 RAM 3881/7620MB (lfb 151x1MB) SWAP 1691/12002MB (cached 50MB) CPU [10%@1728,20%@1728,0%@1728,0%@1728,100%@1728,22%@1728] GR3D_FREQ 16% cpu@59.125C soc2@57.656C soc0@58.468C gpu@58.875C tj@59.875C soc1@59.875C VDD_IN 9312mW/9190mW VDD_CPU_GPU_CV 3108mW/3042mW VDD_SOC 2703mW/2664mW
08-04-2026 21:02:51 RAM 3875/7620MB (lfb 151x1MB) SWAP 1691/12002MB (cached 50MB) CPU [0%@1728,0%@1728,0%@1728,0%@1728,100%@1728,0%@1728] GR3D_FREQ 17% cpu@58.906C soc2@57.625C soc0@58.531C gpu@59.187C tj@59.968C soc1@59.968C VDD_IN 9312mW/9191mW VDD_CPU_GPU_CV 3108mW/3042mW VDD_SOC 2703mW/2664mW
08-04-2026 21:02:51 RAM 3875/7620MB (lfb 151x1MB) SWAP 1691/12002MB (cached 50MB) CPU [0%@1728,8%@1728,0%@1728,0%@1728,100%@1728,0%@1728] GR3D_FREQ 16% cpu@59.156C soc2@57.75C soc0@58.531C gpu@58.937C tj@60.031C soc1@60.031C VDD_IN 9271mW/9191mW VDD_CPU_GPU_CV 3108mW/3042mW VDD_SOC 2662mW/2664mW
08-04-2026 21:02:51 RAM 3875/7620MB (lfb 151x1MB) SWAP 1691/12002MB (cached 50MB) CPU [0%@1728,0%@1728,0%@1728,0%@1728,100%@1728,0%@1728] GR3D_FREQ 17% cpu@59.281C soc2@57.75C soc0@58.343C gpu@58.843C tj@59.781C soc1@59.781C VDD_IN 9271mW/9192mW VDD_CPU_GPU_CV 3067mW/3043mW VDD_SOC 2662mW/2664mW
08-04-2026 21:02:51 RAM 3875/7620MB (lfb 151x1MB) SWAP 1691/12002MB (cached 50MB) CPU [8%@1728,0%@1728,0%@1728,0%@1728,100%@1728,0%@1728] GR3D_FREQ 17% cpu@59.375C soc2@57.625C soc0@58.312C gpu@59.062C tj@59.812C soc1@59.812C VDD_IN 9230mW/9192mW VDD_CPU_GPU_CV 3067mW/3043mW VDD_SOC 2662mW/2664mW
08-04-2026 21:02:51 RAM 3875/7620MB (lfb 151x1MB) SWAP 1691/12002MB (cached 50MB) CPU [16%@1728,0%@1728,0%@1728,0%@1728,100%@1728,0%@1728] GR3D_FREQ 17% cpu@59C soc2@57.656C soc0@58.468C gpu@58.937C tj@59.906C soc1@59.906C VDD_IN 9230mW/9192mW VDD_CPU_GPU_CV 3067mW/3043mW VDD_SOC 2662mW/2664mW
08-04-2026 21:02:51 RAM 3875/7620MB (lfb 151x1MB) SWAP 1691/12002MB (cached 50MB) CPU [0%@1728,0%@1728,0%@1728,0%@1728,100%@1728,0%@1728] GR3D_FREQ 16% cpu@59.218C soc2@57.625C soc0@58.593C gpu@58.687C tj@59.906C soc1@59.906C VDD_IN 9230mW/9192mW VDD_CPU_GPU_CV 3067mW/3043mW VDD_SOC 2662mW/2664mW
08-04-2026 21:02:51 RAM 3875/7620MB (lfb 151x1MB) SWAP 1691/12002MB (cached 50MB) CPU [0%@1728,0%@1728,0%@1728,0%@1728,100%@1728,0%@1728] GR3D_FREQ 17% cpu@59.156C soc2@57.75C soc0@58.593C gpu@58.968C tj@59.75C soc1@59.75C VDD_IN 9230mW/9192mW VDD_CPU_GPU_CV 3067mW/3043mW VDD_SOC 2662mW/2664mW
08-04-2026 21:02:51 RAM 3875/7620MB (lfb 151x1MB) SWAP 1691/12002MB (cached 50MB) CPU [0%@1728,10%@1728,0%@1728,0%@1728,100%@1728,0%@1728] GR3D_FREQ 16% cpu@59.375C soc2@57.625C soc0@58.437C gpu@58.875C tj@59.781C soc1@59.781C VDD_IN 9230mW/9192mW VDD_CPU_GPU_CV 3067mW/3043mW VDD_SOC 2662mW/2664mW
08-04-2026 21:02:51 RAM 3875/7620MB (lfb 151x1MB) SWAP 1691/12002MB (cached 50MB) CPU [0%@1728,0%@1728,0%@1728,0%@1728,100%@1728,0%@1728] GR3D_FREQ 17% cpu@58.968C soc2@57.593C soc0@58.406C gpu@58.656C tj@59.843C soc1@59.843C VDD_IN 9189mW/9192mW VDD_CPU_GPU_CV 3067mW/3043mW VDD_SOC 2662mW/2664mW
08-04-2026 21:02:52 RAM 3875/7620MB (lfb 151x1MB) SWAP 1691/12002MB (cached 50MB) CPU [0%@1728,0%@1728,0%@1728,0%@1728,100%@1728,0%@1728] GR3D_FREQ 17% cpu@58.937C soc2@57.656C soc0@58.437C gpu@59.062C tj@59.968C soc1@59.968C VDD_IN 9189mW/9192mW VDD_CPU_GPU_CV 3067mW/3043mW VDD_SOC 2662mW/2664mW
08-04-2026 21:02:52 RAM 3875/7620MB (lfb 151x1MB) SWAP 1691/12002MB (cached 50MB) CPU [0%@1728,0%@1728,0%@1728,0%@1728,100%@1728,0%@1728] GR3D_FREQ 16% cpu@59.156C soc2@57.687C soc0@58.562C gpu@58.625C tj@60.031C soc1@60.031C VDD_IN 9189mW/9192mW VDD_CPU_GPU_CV 3067mW/3043mW VDD_SOC 2662mW/2664mW
08-04-2026 21:02:52 RAM 3875/7620MB (lfb 151x1MB) SWAP 1691/12002MB (cached 50MB) CPU [0%@1728,0%@1728,0%@1728,0%@1728,100%@1728,0%@1728] GR3D_FREQ 17% cpu@59.343C soc2@57.75C soc0@58.375C gpu@59.156C tj@59.781C soc1@59.781C VDD_IN 9189mW/9192mW VDD_CPU_GPU_CV 3067mW/3044mW VDD_SOC 2662mW/2664mW
08-04-2026 21:02:52 RAM 3875/7620MB (lfb 151x1MB) SWAP 1691/12002MB (cached 50MB) CPU [0%@1728,0%@1728,0%@1728,0%@1728,100%@1728,0%@1728] GR3D_FREQ 16% cpu@59.406C soc2@57.687C soc0@58.343C gpu@59.062C tj@59.875C soc1@59.875C VDD_IN 9189mW/9192mW VDD_CPU_GPU_CV 3067mW/3044mW VDD_SOC 2662mW/2664mW
08-04-2026 21:02:52 RAM 3875/7620MB (lfb 151x1MB) SWAP 1691/12002MB (cached 50MB) CPU [0%@1728,0%@1728,0%@1728,0%@1728,100%@1728,0%@1728] GR3D_FREQ 16% cpu@58.968C soc2@57.656C soc0@58.406C gpu@58.75C tj@59.906C soc1@59.906C VDD_IN 9189mW/9192mW VDD_CPU_GPU_CV 3067mW/3044mW VDD_SOC 2662mW/2664mW
08-04-2026 21:02:52 RAM 3875/7620MB (lfb 151x1MB) SWAP 1691/12002MB (cached 50MB) CPU [0%@1728,0%@1728,0%@1728,0%@1728,100%@1728,0%@1728] GR3D_FREQ 17% cpu@59.031C soc2@57.593C soc0@58.468C gpu@59.156C tj@59.937C soc1@59.937C VDD_IN 9189mW/9192mW VDD_CPU_GPU_CV 3067mW/3044mW VDD_SOC 2662mW/2664mW
08-04-2026 21:02:52 RAM 3875/7620MB (lfb 151x1MB) SWAP 1691/12002MB (cached 50MB) CPU [0%@1728,0%@1728,0%@1728,0%@1728,100%@1728,0%@1728] GR3D_FREQ 17% cpu@59.187C soc2@57.593C soc0@58.625C gpu@58.937C tj@59.812C soc1@59.812C VDD_IN 9189mW/9192mW VDD_CPU_GPU_CV 3067mW/3044mW VDD_SOC 2662mW/2664mW
08-04-2026 21:02:52 RAM 3875/7620MB (lfb 151x1MB) SWAP 1691/12002MB (cached 50MB) CPU [0%@1728,0%@1728,0%@1728,0%@1728,100%@1728,0%@1728] GR3D_FREQ 16% cpu@59.375C soc2@57.562C soc0@58.343C gpu@58.593C tj@59.781C soc1@59.781C VDD_IN 9189mW/9192mW VDD_CPU_GPU_CV 3067mW/3044mW VDD_SOC 2662mW/2664mW
08-04-2026 21:02:52 RAM 3875/7620MB (lfb 151x1MB) SWAP 1691/12002MB (cached 50MB) CPU [0%@1728,0%@1728,0%@1728,0%@1728,100%@1728,0%@1728] GR3D_FREQ 17% cpu@59C soc2@57.531C soc0@58.375C gpu@59.062C tj@59.906C soc1@59.906C VDD_IN 9189mW/9192mW VDD_CPU_GPU_CV 3026mW/3044mW VDD_SOC 2666mW/2664mW
08-04-2026 21:02:52 RAM 3875/7620MB (lfb 151x1MB) SWAP 1691/12002MB (cached 50MB) CPU [0%@1728,0%@1728,0%@1728,0%@1728,100%@1728,0%@1728] GR3D_FREQ 16% cpu@58.968C soc2@57.656C soc0@58.468C gpu@58.687C tj@59.843C soc1@59.843C VDD_IN 9189mW/9192mW VDD_CPU_GPU_CV 3067mW/3044mW VDD_SOC 2662mW/2664mW
08-04-2026 21:02:53 RAM 3875/7620MB (lfb 151x1MB) SWAP 1691/12002MB (cached 50MB) CPU [0%@1728,9%@1728,0%@1728,0%@1728,100%@1728,0%@1728] GR3D_FREQ 17% cpu@59.031C soc2@57.656C soc0@58.593C gpu@58.656C tj@59.937C soc1@59.937C VDD_IN 9189mW/9192mW VDD_CPU_GPU_CV 3067mW/3044mW VDD_SOC 2662mW/2664mW
08-04-2026 21:02:53 RAM 3875/7620MB (lfb 151x1MB) SWAP 1691/12002MB (cached 50MB) CPU [0%@1728,0%@1728,0%@1728,0%@1728,100%@1728,0%@1728] GR3D_FREQ 17% cpu@59.218C soc2@57.718C soc0@58.562C gpu@59.031C tj@59.843C soc1@59.843C VDD_IN 9189mW/9192mW VDD_CPU_GPU_CV 3067mW/3044mW VDD_SOC 2662mW/2664mW
08-04-2026 21:02:53 RAM 3875/7620MB (lfb 151x1MB) SWAP 1691/12002MB (cached 50MB) CPU [0%@1728,0%@1728,0%@1728,0%@1728,100%@1728,0%@1728] GR3D_FREQ 16% cpu@58.906C soc2@57.625C soc0@58.437C gpu@58.718C tj@59.812C soc1@59.812C VDD_IN 9189mW/9192mW VDD_CPU_GPU_CV 3067mW/3044mW VDD_SOC 2666mW/2664mW
08-04-2026 21:02:53 RAM 3875/7620MB (lfb 151x1MB) SWAP 1691/12002MB (cached 50MB) CPU [0%@1728,0%@1728,0%@1728,0%@1728,100%@1728,0%@1728] GR3D_FREQ 16% cpu@58.937C soc2@57.625C soc0@58.406C gpu@58.718C tj@59.906C soc1@59.906C VDD_IN 9189mW/9192mW VDD_CPU_GPU_CV 3067mW/3044mW VDD_SOC 2662mW/2664mW
08-04-2026 21:02:53 RAM 3875/7620MB (lfb 151x1MB) SWAP 1691/12002MB (cached 50MB) CPU [0%@1728,0%@1728,0%@1728,0%@1728,100%@1728,0%@1728] GR3D_FREQ 17% cpu@58.968C soc2@57.687C soc0@58.562C gpu@59C tj@59.937C soc1@59.937C VDD_IN 9189mW/9192mW VDD_CPU_GPU_CV 3067mW/3045mW VDD_SOC 2662mW/2664mW
08-04-2026 21:02:53 RAM 3875/7620MB (lfb 151x1MB) SWAP 1691/12002MB (cached 50MB) CPU [0%@1728,0%@1728,0%@1728,0%@1728,100%@1728,0%@1728] GR3D_FREQ 17% cpu@59.218C soc2@57.687C soc0@58.531C gpu@58.687C tj@60C soc1@60C VDD_IN 9189mW/9192mW VDD_CPU_GPU_CV 3067mW/3045mW VDD_SOC 2662mW/2664mW
08-04-2026 21:02:53 RAM 3875/7620MB (lfb 151x1MB) SWAP 1691/12002MB (cached 50MB) CPU [0%@1728,0%@1728,0%@1728,0%@1728,100%@1728,0%@1728] GR3D_FREQ 17% cpu@59.343C soc2@57.75C soc0@58.375C gpu@58.656C tj@59.812C soc1@59.812C VDD_IN 9189mW/9192mW VDD_CPU_GPU_CV 3067mW/3045mW VDD_SOC 2662mW/2664mW
08-04-2026 21:02:53 RAM 3875/7620MB (lfb 151x1MB) SWAP 1691/12002MB (cached 50MB) CPU [9%@1728,0%@1728,0%@1728,0%@1728,100%@1728,0%@1728] GR3D_FREQ 16% cpu@59C soc2@57.593C soc0@58.406C gpu@58.718C tj@59.843C soc1@59.843C VDD_IN 9189mW/9192mW VDD_CPU_GPU_CV 3067mW/3045mW VDD_SOC 2662mW/2664mW
08-04-2026 21:02:53 RAM 3875/7620MB (lfb 151x1MB) SWAP 1691/12002MB (cached 50MB) CPU [0%@1728,0%@1728,0%@1728,0%@1728,100%@1728,0%@1728] GR3D_FREQ 17% cpu@59C soc2@57.593C soc0@58.531C gpu@58.718C tj@59.937C soc1@59.937C VDD_IN 9189mW/9192mW VDD_CPU_GPU_CV 3067mW/3045mW VDD_SOC 2662mW/2664mW
08-04-2026 21:02:54 RAM 3875/7620MB (lfb 151x1MB) SWAP 1691/12002MB (cached 50MB) CPU [0%@1728,0%@1728,0%@1728,0%@1728,100%@1728,0%@1728] GR3D_FREQ 17% cpu@59.031C soc2@57.687C soc0@58.562C gpu@59.25C tj@60.031C soc1@60.031C VDD_IN 9189mW/9192mW VDD_CPU_GPU_CV 3067mW/3045mW VDD_SOC 2662mW/2664mW
08-04-2026 21:02:54 RAM 3875/7620MB (lfb 151x1MB) SWAP 1691/12002MB (cached 50MB) CPU [0%@1728,0%@1728,0%@1728,0%@1728,100%@1728,0%@1728] GR3D_FREQ 16% cpu@59.343C soc2@57.687C soc0@58.625C gpu@58.75C tj@60.093C soc1@60.093C VDD_IN 9189mW/9192mW VDD_CPU_GPU_CV 3026mW/3045mW VDD_SOC 2662mW/2664mW
08-04-2026 21:02:54 RAM 3879/7620MB (lfb 152x1MB) SWAP 1691/12002MB (cached 50MB) CPU [9%@1728,0%@1728,18%@1728,9%@1728,100%@1728,0%@1728] GR3D_FREQ 16% cpu@59.062C soc2@57.656C soc0@58.406C gpu@58.718C tj@59.875C soc1@59.875C VDD_IN 9271mW/9192mW VDD_CPU_GPU_CV 3108mW/3045mW VDD_SOC 2662mW/2664mW
08-04-2026 21:02:54 RAM 3879/7620MB (lfb 152x1MB) SWAP 1691/12002MB (cached 50MB) CPU [0%@1728,0%@1728,0%@1728,0%@1728,100%@1728,0%@1728] GR3D_FREQ 16% cpu@59C soc2@57.656C soc0@58.406C gpu@58.843C tj@59.906C soc1@59.906C VDD_IN 9230mW/9193mW VDD_CPU_GPU_CV 3108mW/3045mW VDD_SOC 2662mW/2664mW
08-04-2026 21:02:54 RAM 3879/7620MB (lfb 152x1MB) SWAP 1691/12002MB (cached 50MB) CPU [0%@1728,0%@1728,0%@1728,0%@1728,100%@1728,0%@1728] GR3D_FREQ 17% cpu@58.937C soc2@57.625C soc0@58.5C gpu@58.656C tj@59.906C soc1@59.906C VDD_IN 9230mW/9193mW VDD_CPU_GPU_CV 3067mW/3046mW VDD_SOC 2662mW/2664mW
08-04-2026 21:02:54 RAM 3879/7620MB (lfb 152x1MB) SWAP 1691/12002MB (cached 50MB) CPU [0%@1728,0%@1728,0%@1728,0%@1728,100%@1728,0%@1728] GR3D_FREQ 17% cpu@59.031C soc2@57.625C soc0@58.468C gpu@58.656C tj@59.968C soc1@59.968C VDD_IN 9230mW/9193mW VDD_CPU_GPU_CV 3067mW/3046mW VDD_SOC 2662mW/2664mW
08-04-2026 21:02:54 RAM 3879/7620MB (lfb 152x1MB) SWAP 1691/12002MB (cached 50MB) CPU [8%@1728,0%@1728,0%@1728,0%@1728,100%@1728,0%@1728] GR3D_FREQ 17% cpu@59.437C soc2@57.781C soc0@58.343C gpu@58.812C tj@59.812C soc1@59.843C VDD_IN 9230mW/9193mW VDD_CPU_GPU_CV 3067mW/3046mW VDD_SOC 2662mW/2664mW
08-04-2026 21:02:54 RAM 3879/7620MB (lfb 152x1MB) SWAP 1691/12002MB (cached 50MB) CPU [0%@1728,0%@1728,0%@1728,0%@1728,100%@1728,0%@1728] GR3D_FREQ 16% cpu@58.937C soc2@57.562C soc0@58.375C gpu@58.718C tj@59.906C soc1@59.906C VDD_IN 9230mW/9193mW VDD_CPU_GPU_CV 3067mW/3046mW VDD_SOC 2662mW/2664mW
08-04-2026 21:02:54 RAM 3879/7620MB (lfb 152x1MB) SWAP 1691/12002MB (cached 50MB) CPU [0%@1728,0%@1728,0%@1728,0%@1728,100%@1728,0%@1728] GR3D_FREQ 17% cpu@59.031C soc2@57.531C soc0@58.406C gpu@58.593C tj@59.906C soc1@59.906C VDD_IN 9189mW/9193mW VDD_CPU_GPU_CV 3067mW/3046mW VDD_SOC 2662mW/2664mW
08-04-2026 21:02:54 RAM 3879/7620MB (lfb 152x1MB) SWAP 1691/12002MB (cached 50MB) CPU [0%@1728,0%@1728,0%@1728,0%@1728,100%@1728,0%@1728] GR3D_FREQ 17% cpu@59.062C soc2@57.687C soc0@58.468C gpu@58.843C tj@60C soc1@60C VDD_IN 9189mW/9193mW VDD_CPU_GPU_CV 3067mW/3046mW VDD_SOC 2662mW/2664mW
08-04-2026 21:02:55 RAM 3879/7620MB (lfb 152x1MB) SWAP 1691/12002MB (cached 50MB) CPU [0%@1728,0%@1728,0%@1728,0%@1728,100%@1728,0%@1728] GR3D_FREQ 16% cpu@59.062C soc2@57.718C soc0@58.562C gpu@58.718C tj@60.156C soc1@60.156C VDD_IN 9189mW/9193mW VDD_CPU_GPU_CV 3067mW/3046mW VDD_SOC 2662mW/2664mW
08-04-2026 21:02:55 RAM 3879/7620MB (lfb 152x1MB) SWAP 1691/12002MB (cached 50MB) CPU [0%@1728,0%@1728,0%@1728,0%@1728,100%@1728,0%@1728] GR3D_FREQ 17% cpu@58.937C soc2@57.625C soc0@58.375C gpu@58.812C tj@59.843C soc1@59.843C VDD_IN 9189mW/9193mW VDD_CPU_GPU_CV 3026mW/3046mW VDD_SOC 2662mW/2664mW
08-04-2026 21:02:55 RAM 3879/7620MB (lfb 152x1MB) SWAP 1691/12002MB (cached 50MB) CPU [0%@1728,0%@1728,0%@1728,0%@1728,100%@1728,0%@1728] GR3D_FREQ 16% cpu@58.968C soc2@57.625C soc0@58.375C gpu@58.781C tj@59.906C soc1@59.906C VDD_IN 9189mW/9193mW VDD_CPU_GPU_CV 3026mW/3046mW VDD_SOC 2666mW/2664mW
08-04-2026 21:02:55 RAM 3879/7620MB (lfb 152x1MB) SWAP 1691/12002MB (cached 50MB) CPU [0%@1728,0%@1728,0%@1728,0%@1728,100%@1728,0%@1728] GR3D_FREQ 16% cpu@58.968C soc2@57.593C soc0@58.562C gpu@58.687C tj@59.937C soc1@59.937C VDD_IN 9189mW/9193mW VDD_CPU_GPU_CV 3067mW/3046mW VDD_SOC 2666mW/2664mW
08-04-2026 21:02:55 RAM 3879/7620MB (lfb 152x1MB) SWAP 1691/12002MB (cached 50MB) CPU [0%@1728,0%@1728,0%@1728,0%@1728,100%@1728,0%@1728] GR3D_FREQ 16% cpu@58.968C soc2@57.656C soc0@58.625C gpu@58.781C tj@59.937C soc1@59.937C VDD_IN 9189mW/9193mW VDD_CPU_GPU_CV 3067mW/3046mW VDD_SOC 2662mW/2664mW
08-04-2026 21:02:55 RAM 3879/7620MB (lfb 152x1MB) SWAP 1691/12002MB (cached 50MB) CPU [0%@1728,0%@1728,0%@1728,0%@1728,100%@1728,0%@1728] GR3D_FREQ 16% cpu@59.125C soc2@57.656C soc0@58.437C gpu@58.75C tj@59.781C soc1@59.781C VDD_IN 9189mW/9193mW VDD_CPU_GPU_CV 3026mW/3046mW VDD_SOC 2662mW/2664mW
08-04-2026 21:02:55 RAM 3879/7620MB (lfb 152x1MB) SWAP 1691/12002MB (cached 50MB) CPU [0%@1728,9%@1728,0%@1728,0%@1728,100%@1728,0%@1728] GR3D_FREQ 17% cpu@58.968C soc2@57.593C soc0@58.343C gpu@58.937C tj@59.875C soc1@59.875C VDD_IN 9189mW/9193mW VDD_CPU_GPU_CV 3067mW/3046mW VDD_SOC 2662mW/2664mW
08-04-2026 21:02:55 RAM 3879/7620MB (lfb 152x1MB) SWAP 1691/12002MB (cached 50MB) CPU [0%@1728,10%@1728,0%@1728,0%@1728,100%@1728,0%@1728] GR3D_FREQ 16% cpu@58.968C soc2@57.593C soc0@58.437C gpu@58.812C tj@59.843C soc1@59.843C VDD_IN 9230mW/9193mW VDD_CPU_GPU_CV 3067mW/3046mW VDD_SOC 2662mW/2664mW
08-04-2026 21:02:55 RAM 3879/7620MB (lfb 152x1MB) SWAP 1691/12002MB (cached 50MB) CPU [0%@1728,0%@1728,9%@1728,0%@1728,100%@1728,0%@1728] GR3D_FREQ 17% cpu@59.031C soc2@57.656C soc0@58.437C gpu@58.656C tj@59.968C soc1@59.968C VDD_IN 9230mW/9193mW VDD_CPU_GPU_CV 3067mW/3046mW VDD_SOC 2666mW/2664mW
08-04-2026 21:02:56 RAM 3879/7620MB (lfb 152x1MB) SWAP 1691/12002MB (cached 50MB) CPU [0%@1728,0%@1728,0%@1728,0%@1728,100%@1728,0%@1728] GR3D_FREQ 16% cpu@58.968C soc2@57.718C soc0@58.593C gpu@58.843C tj@59.968C soc1@59.968C VDD_IN 9189mW/9193mW VDD_CPU_GPU_CV 3067mW/3046mW VDD_SOC 2666mW/2664mW
08-04-2026 21:02:56 RAM 3879/7620MB (lfb 152x1MB) SWAP 1691/12002MB (cached 50MB) CPU [9%@1728,0%@1728,0%@1728,0%@1728,100%@1728,0%@1728] GR3D_FREQ 16% cpu@59.062C soc2@57.75C soc0@58.437C gpu@58.812C tj@59.812C soc1@59.812C VDD_IN 9189mW/9193mW VDD_CPU_GPU_CV 3067mW/3046mW VDD_SOC 2666mW/2664mW
08-04-2026 21:02:56 RAM 3879/7620MB (lfb 152x1MB) SWAP 1691/12002MB (cached 50MB) CPU [0%@1728,0%@1728,0%@1728,0%@1728,100%@1728,0%@1728] GR3D_FREQ 16% cpu@58.906C soc2@57.687C soc0@58.375C gpu@58.968C tj@59.812C soc1@59.812C VDD_IN 9189mW/9193mW VDD_CPU_GPU_CV 3067mW/3046mW VDD_SOC 2666mW/2664mW
08-04-2026 21:02:56 RAM 3879/7620MB (lfb 152x1MB) SWAP 1691/12002MB (cached 50MB) CPU [0%@1728,0%@1728,0%@1728,0%@1728,100%@1728,0%@1728] GR3D_FREQ 17% cpu@59C soc2@57.625C soc0@58.5C gpu@58.875C tj@59.781C soc1@59.781C VDD_IN 9189mW/9193mW VDD_CPU_GPU_CV 3067mW/3047mW VDD_SOC 2666mW/2664mW
08-04-2026 21:02:56 RAM 3879/7620MB (lfb 152x1MB) SWAP 1691/12002MB (cached 50MB) CPU [0%@1728,0%@1728,0%@1728,0%@1728,100%@1728,0%@1728] GR3D_FREQ 17% cpu@59.062C soc2@57.625C soc0@58.531C gpu@58.812C tj@60C soc1@60C VDD_IN 9189mW/9193mW VDD_CPU_GPU_CV 3067mW/3047mW VDD_SOC 2662mW/2664mW
08-04-2026 21:02:56 RAM 3879/7620MB (lfb 152x1MB) SWAP 1691/12002MB (cached 50MB) CPU [0%@1728,0%@1728,0%@1728,0%@1728,100%@1728,0%@1728] GR3D_FREQ 17% cpu@59C soc2@57.656C soc0@58.656C gpu@58.906C tj@59.968C soc1@59.968C VDD_IN 9189mW/9193mW VDD_CPU_GPU_CV 3067mW/3047mW VDD_SOC 2666mW/2664mW
08-04-2026 21:02:56 RAM 3879/7620MB (lfb 152x1MB) SWAP 1691/12002MB (cached 50MB) CPU [8%@1728,0%@1728,0%@1728,0%@1728,100%@1728,0%@1728] GR3D_FREQ 16% cpu@59.125C soc2@57.625C soc0@58.375C gpu@58.843C tj@59.843C soc1@59.843C VDD_IN 9189mW/9193mW VDD_CPU_GPU_CV 3026mW/3047mW VDD_SOC 2662mW/2664mW
08-04-2026 21:02:56 RAM 3879/7620MB (lfb 152x1MB) SWAP 1691/12002MB (cached 50MB) CPU [0%@1728,0%@1728,0%@1728,0%@1728,100%@1728,0%@1728] GR3D_FREQ 17% cpu@59.062C soc2@57.562C soc0@58.437C gpu@59.125C tj@59.906C soc1@59.906C VDD_IN 9189mW/9193mW VDD_CPU_GPU_CV 3026mW/3047mW VDD_SOC 2662mW/2664mW
08-04-2026 21:02:56 RAM 3879/7620MB (lfb 152x1MB) SWAP 1691/12002MB (cached 50MB) CPU [0%@1728,0%@1728,0%@1728,0%@1728,100%@1728,0%@1728] GR3D_FREQ 16% cpu@59.062C soc2@57.625C soc0@58.593C gpu@58.937C tj@59.906C soc1@59.906C VDD_IN 9189mW/9193mW VDD_CPU_GPU_CV 3026mW/3046mW VDD_SOC 2662mW/2664mW
08-04-2026 21:02:56 RAM 3879/7620MB (lfb 152x1MB) SWAP 1691/12002MB (cached 50MB) CPU [0%@1728,0%@1728,0%@1728,0%@1728,100%@1728,0%@1728] GR3D_FREQ 17% cpu@59.125C soc2@57.75C soc0@58.531C gpu@58.906C tj@59.937C soc1@59.937C VDD_IN 9189mW/9193mW VDD_CPU_GPU_CV 3067mW/3047mW VDD_SOC 2662mW/2664mW
08-04-2026 21:02:57 RAM 3879/7620MB (lfb 152x1MB) SWAP 1691/12002MB (cached 50MB) CPU [0%@1728,0%@1728,0%@1728,0%@1728,100%@1728,0%@1728] GR3D_FREQ 17% cpu@59.093C soc2@57.75C soc0@58.656C gpu@59.125C tj@60.093C soc1@60.093C VDD_IN 9189mW/9193mW VDD_CPU_GPU_CV 3067mW/3047mW VDD_SOC 2662mW/2664mW
08-04-2026 21:02:57 RAM 3879/7620MB (lfb 152x1MB) SWAP 1691/12002MB (cached 50MB) CPU [0%@1728,0%@1728,0%@1728,0%@1728,100%@1728,0%@1728] GR3D_FREQ 17% cpu@59.125C soc2@57.562C soc0@58.437C gpu@58.968C tj@59.781C soc1@59.781C VDD_IN 9189mW/9193mW VDD_CPU_GPU_CV 3067mW/3047mW VDD_SOC 2666mW/2664mW
08-04-2026 21:02:57 RAM 3879/7620MB (lfb 152x1MB) SWAP 1691/12002MB (cached 50MB) CPU [0%@1728,0%@1728,0%@1728,0%@1728,100%@1728,0%@1728] GR3D_FREQ 17% cpu@58.906C soc2@57.625C soc0@58.468C gpu@58.718C tj@59.875C soc1@59.875C VDD_IN 9189mW/9193mW VDD_CPU_GPU_CV 3067mW/3047mW VDD_SOC 2662mW/2664mW
08-04-2026 21:02:57 RAM 3884/7620MB (lfb 152x1MB) SWAP 1691/12002MB (cached 50MB) CPU [0%@1728,0%@1728,9%@1728,27%@1728,100%@1728,0%@1728] GR3D_FREQ 17% cpu@59C soc2@57.687C soc0@58.5C gpu@59.031C tj@60C soc1@60C VDD_IN 9271mW/9193mW VDD_CPU_GPU_CV 3108mW/3047mW VDD_SOC 2662mW/2664mW
08-04-2026 21:02:57 RAM 3884/7620MB (lfb 152x1MB) SWAP 1691/12002MB (cached 50MB) CPU [0%@1728,0%@1728,0%@1728,0%@1728,100%@1728,0%@1728] GR3D_FREQ 16% cpu@59.031C soc2@57.718C soc0@58.625C gpu@58.906C tj@60.062C soc1@60.062C VDD_IN 9271mW/9194mW VDD_CPU_GPU_CV 3108mW/3047mW VDD_SOC 2662mW/2664mW
08-04-2026 21:02:57 RAM 3884/7620MB (lfb 152x1MB) SWAP 1691/12002MB (cached 50MB) CPU [16%@1728,0%@1728,0%@1728,0%@1728,100%@1728,0%@1728] GR3D_FREQ 17% cpu@59.187C soc2@57.656C soc0@58.406C gpu@58.687C tj@59.781C soc1@59.781C VDD_IN 9230mW/9194mW VDD_CPU_GPU_CV 3067mW/3047mW VDD_SOC 2662mW/2664mW
08-04-2026 21:02:57 RAM 3884/7620MB (lfb 152x1MB) SWAP 1691/12002MB (cached 50MB) CPU [0%@1728,0%@1728,0%@1728,0%@1728,100%@1728,0%@1728] GR3D_FREQ 17% cpu@59.125C soc2@57.593C soc0@58.437C gpu@59.031C tj@59.875C soc1@59.875C VDD_IN 9230mW/9194mW VDD_CPU_GPU_CV 3067mW/3047mW VDD_SOC 2662mW/2664mW
08-04-2026 21:02:57 RAM 3884/7620MB (lfb 152x1MB) SWAP 1691/12002MB (cached 50MB) CPU [0%@1728,0%@1728,0%@1728,0%@1728,100%@1728,0%@1728] GR3D_FREQ 16% cpu@58.937C soc2@57.687C soc0@58.468C gpu@58.906C tj@59.906C soc1@59.906C VDD_IN 9230mW/9194mW VDD_CPU_GPU_CV 3067mW/3047mW VDD_SOC 2662mW/2664mW
08-04-2026 21:02:57 RAM 3884/7620MB (lfb 152x1MB) SWAP 1691/12002MB (cached 50MB) CPU [0%@1728,0%@1728,0%@1728,0%@1728,100%@1728,0%@1728] GR3D_FREQ 17% cpu@59.093C soc2@57.718C soc0@58.593C gpu@59.156C tj@59.906C soc1@59.906C VDD_IN 9230mW/9194mW VDD_CPU_GPU_CV 3067mW/3048mW VDD_SOC 2662mW/2664mW
08-04-2026 21:02:58 RAM 3884/7620MB (lfb 152x1MB) SWAP 1691/12002MB (cached 50MB) CPU [0%@1728,0%@1728,0%@1728,0%@1728,100%@1728,0%@1728] GR3D_FREQ 16% cpu@59.125C soc2@57.687C soc0@58.406C gpu@58.968C tj@59.906C soc1@59.906C VDD_IN 9189mW/9194mW VDD_CPU_GPU_CV 3067mW/3048mW VDD_SOC 2662mW/2664mW
08-04-2026 21:02:58 RAM 3884/7620MB (lfb 152x1MB) SWAP 1691/12002MB (cached 50MB) CPU [0%@1728,0%@1728,0%@1728,0%@1728,100%@1728,0%@1728] GR3D_FREQ 17% cpu@59.093C soc2@57.625C soc0@58.343C gpu@58.656C tj@59.843C soc1@59.843C VDD_IN 9189mW/9194mW VDD_CPU_GPU_CV 3067mW/3048mW VDD_SOC 2662mW/2664mW
08-04-2026 21:02:58 RAM 3884/7620MB (lfb 152x1MB) SWAP 1691/12002MB (cached 50MB) CPU [0%@1728,0%@1728,0%@1728,0%@1728,100%@1728,0%@1728] GR3D_FREQ 17% cpu@58.968C soc2@57.593C soc0@58.406C gpu@59.093C tj@59.906C soc1@59.906C VDD_IN 9189mW/9194mW VDD_CPU_GPU_CV 3067mW/3048mW VDD_SOC 2662mW/2664mW
08-04-2026 21:02:58 RAM 3884/7620MB (lfb 152x1MB) SWAP 1691/12002MB (cached 50MB) CPU [0%@1728,0%@1728,0%@1728,0%@1728,100%@1728,0%@1728] GR3D_FREQ 17% cpu@58.968C soc2@57.718C soc0@58.437C gpu@59C tj@59.906C soc1@59.906C VDD_IN 9189mW/9194mW VDD_CPU_GPU_CV 3067mW/3048mW VDD_SOC 2662mW/2664mW
08-04-2026 21:02:58 RAM 3884/7620MB (lfb 152x1MB) SWAP 1691/12002MB (cached 50MB) CPU [0%@1728,0%@1728,0%@1728,0%@1728,100%@1728,0%@1728] GR3D_FREQ 17% cpu@59.093C soc2@57.687C soc0@58.593C gpu@58.687C tj@59.906C soc1@60.031C VDD_IN 9189mW/9194mW VDD_CPU_GPU_CV 3067mW/3048mW VDD_SOC 2662mW/2664mW
08-04-2026 21:02:58 RAM 3884/7620MB (lfb 152x1MB) SWAP 1691/12002MB (cached 50MB) CPU [0%@1728,0%@1728,0%@1728,0%@1728,100%@1728,0%@1728] GR3D_FREQ 16% cpu@59.187C soc2@57.625C soc0@58.343C gpu@59.156C tj@59.875C soc1@59.875C VDD_IN 9189mW/9194mW VDD_CPU_GPU_CV 3067mW/3048mW VDD_SOC 2662mW/2664mW
08-04-2026 21:02:58 RAM 3884/7620MB (lfb 152x1MB) SWAP 1691/12002MB (cached 50MB) CPU [0%@1728,8%@1728,0%@1728,0%@1728,100%@1728,0%@1728] GR3D_FREQ 16% cpu@59.25C soc2@57.593C soc0@58.406C gpu@58.75C tj@59.843C soc1@59.843C VDD_IN 9189mW/9194mW VDD_CPU_GPU_CV 3026mW/3048mW VDD_SOC 2662mW/2664mW
08-04-2026 21:02:58 RAM 3884/7620MB (lfb 152x1MB) SWAP 1691/12002MB (cached 50MB) CPU [0%@1728,0%@1728,0%@1728,0%@1728,100%@1728,0%@1728] GR3D_FREQ 17% cpu@59.062C soc2@57.718C soc0@58.531C gpu@58.593C tj@59.906C soc1@59.906C VDD_IN 9189mW/9194mW VDD_CPU_GPU_CV 3026mW/3048mW VDD_SOC 2662mW/2664mW
08-04-2026 21:02:58 RAM 3884/7620MB (lfb 152x1MB) SWAP 1691/12002MB (cached 50MB) CPU [0%@1728,0%@1728,0%@1728,0%@1728,100%@1728,0%@1728] GR3D_FREQ 16% cpu@59.062C soc2@57.687C soc0@58.531C gpu@59.093C tj@59.906C soc1@59.906C VDD_IN 9189mW/9194mW VDD_CPU_GPU_CV 3026mW/3048mW VDD_SOC 2666mW/2664mW
08-04-2026 21:02:58 RAM 3884/7620MB (lfb 152x1MB) SWAP 1691/12002MB (cached 50MB) CPU [0%@1728,0%@1728,0%@1728,0%@1728,100%@1728,0%@1728] GR3D_FREQ 17% cpu@59.125C soc2@57.656C soc0@58.562C gpu@58.718C tj@59.781C soc1@59.781C VDD_IN 9189mW/9194mW VDD_CPU_GPU_CV 3026mW/3048mW VDD_SOC 2662mW/2664mW
08-04-2026 21:02:59 RAM 3884/7620MB (lfb 152x1MB) SWAP 1691/12002MB (cached 50MB) CPU [0%@1728,0%@1728,0%@1728,0%@1728,100%@1728,0%@1728] GR3D_FREQ 16% cpu@59.25C soc2@57.625C soc0@58.343C gpu@58.687C tj@59.843C soc1@59.843C VDD_IN 9189mW/9194mW VDD_CPU_GPU_CV 3067mW/3048mW VDD_SOC 2662mW/2664mW
08-04-2026 21:02:59 RAM 3884/7620MB (lfb 152x1MB) SWAP 1691/12002MB (cached 50MB) CPU [0%@1728,0%@1728,0%@1728,0%@1728,100%@1728,0%@1728] GR3D_FREQ 17% cpu@59.312C soc2@57.656C soc0@58.406C gpu@58.656C tj@59.875C soc1@59.875C VDD_IN 9189mW/9194mW VDD_CPU_GPU_CV 3067mW/3048mW VDD_SOC 2662mW/2664mW
08-04-2026 21:02:59 RAM 3884/7620MB (lfb 152x1MB) SWAP 1691/12002MB (cached 50MB) CPU [0%@1728,0%@1728,0%@1728,0%@1728,100%@1728,0%@1728] GR3D_FREQ 17% cpu@59.062C soc2@57.593C soc0@58.5C gpu@58.687C tj@59.843C soc1@59.843C VDD_IN 9189mW/9194mW VDD_CPU_GPU_CV 3067mW/3048mW VDD_SOC 2666mW/2664mW
08-04-2026 21:02:59 RAM 3884/7620MB (lfb 152x1MB) SWAP 1691/12002MB (cached 50MB) CPU [0%@1728,9%@1728,0%@1728,0%@1728,100%@1728,0%@1728] GR3D_FREQ 17% cpu@59.125C soc2@57.75C soc0@58.593C gpu@58.656C tj@59.968C soc1@59.968C VDD_IN 9189mW/9194mW VDD_CPU_GPU_CV 3067mW/3048mW VDD_SOC 2666mW/2664mW
08-04-2026 21:02:59 RAM 3884/7620MB (lfb 152x1MB) SWAP 1691/12002MB (cached 50MB) CPU [0%@1728,0%@1728,0%@1728,0%@1728,100%@1728,0%@1728] GR3D_FREQ 16% cpu@59.218C soc2@57.75C soc0@58.625C gpu@58.75C tj@59.812C soc1@59.812C VDD_IN 9189mW/9194mW VDD_CPU_GPU_CV 3067mW/3048mW VDD_SOC 2666mW/2664mW
08-04-2026 21:02:59 RAM 3884/7620MB (lfb 152x1MB) SWAP 1691/12002MB (cached 50MB) CPU [0%@1728,0%@1728,0%@1728,0%@1728,100%@1728,0%@1728] GR3D_FREQ 17% cpu@59.281C soc2@57.656C soc0@58.343C gpu@58.718C tj@59.781C soc1@59.781C VDD_IN 9189mW/9194mW VDD_CPU_GPU_CV 3067mW/3048mW VDD_SOC 2662mW/2664mW
08-04-2026 21:02:59 RAM 3884/7620MB (lfb 152x1MB) SWAP 1691/12002MB (cached 50MB) CPU [0%@1728,0%@1728,0%@1728,0%@1728,100%@1728,0%@1728] GR3D_FREQ 16% cpu@59.437C soc2@57.562C soc0@58.437C gpu@58.781C tj@59.843C soc1@59.843C VDD_IN 9189mW/9194mW VDD_CPU_GPU_CV 3067mW/3048mW VDD_SOC 2662mW/2664mW
08-04-2026 21:02:59 RAM 3884/7620MB (lfb 152x1MB) SWAP 1691/12002MB (cached 50MB) CPU [0%@1728,0%@1728,0%@1728,0%@1728,100%@1728,0%@1728] GR3D_FREQ 17% cpu@59.062C soc2@57.718C soc0@58.406C gpu@58.75C tj@59.906C soc1@59.906C VDD_IN 9189mW/9194mW VDD_CPU_GPU_CV 3067mW/3048mW VDD_SOC 2662mW/2664mW
08-04-2026 21:02:59 RAM 3884/7620MB (lfb 152x1MB) SWAP 1691/12002MB (cached 50MB) CPU [0%@1728,0%@1728,9%@1728,0%@1728,100%@1728,0%@1728] GR3D_FREQ 16% cpu@59.187C soc2@57.718C soc0@58.656C gpu@58.687C tj@60C soc1@60C VDD_IN 9189mW/9194mW VDD_CPU_GPU_CV 3067mW/3048mW VDD_SOC 2662mW/2664mW
08-04-2026 21:03:00 RAM 3884/7620MB (lfb 152x1MB) SWAP 1691/12002MB (cached 50MB) CPU [0%@1728,0%@1728,0%@1728,0%@1728,100%@1728,0%@1728] GR3D_FREQ 16% cpu@59.281C soc2@57.687C soc0@58.437C gpu@58.781C tj@59.781C soc1@59.781C VDD_IN 9189mW/9194mW VDD_CPU_GPU_CV 3067mW/3048mW VDD_SOC 2662mW/2664mW
08-04-2026 21:03:00 RAM 3884/7620MB (lfb 152x1MB) SWAP 1691/12002MB (cached 50MB) CPU [0%@1728,0%@1728,0%@1728,0%@1728,100%@1728,0%@1728] GR3D_FREQ 17% cpu@59.375C soc2@57.656C soc0@58.437C gpu@58.75C tj@59.906C soc1@59.906C VDD_IN 9189mW/9194mW VDD_CPU_GPU_CV 3067mW/3048mW VDD_SOC 2662mW/2664mW
08-04-2026 21:03:00 RAM 3884/7620MB (lfb 152x1MB) SWAP 1691/12002MB (cached 50MB) CPU [0%@1728,0%@1728,0%@1728,0%@1728,100%@1728,0%@1728] GR3D_FREQ 17% cpu@58.968C soc2@57.656C soc0@58.437C gpu@58.906C tj@59.875C soc1@59.875C VDD_IN 9189mW/9194mW VDD_CPU_GPU_CV 3067mW/3048mW VDD_SOC 2666mW/2664mW
08-04-2026 21:03:00 RAM 3884/7620MB (lfb 152x1MB) SWAP 1691/12002MB (cached 50MB) CPU [0%@1728,0%@1728,0%@1728,0%@1728,100%@1728,0%@1728] GR3D_FREQ 17% cpu@59.031C soc2@57.656C soc0@58.468C gpu@58.812C tj@60C soc1@60C VDD_IN 9189mW/9194mW VDD_CPU_GPU_CV 3067mW/3048mW VDD_SOC 2662mW/2664mW
08-04-2026 21:03:00 RAM 3884/7620MB (lfb 152x1MB) SWAP 1691/12002MB (cached 50MB) CPU [0%@1728,0%@1728,9%@1728,0%@1728,100%@1728,0%@1728] GR3D_FREQ 17% cpu@59.187C soc2@57.75C soc0@58.718C gpu@58.75C tj@60.093C soc1@60.093C VDD_IN 9189mW/9194mW VDD_CPU_GPU_CV 3067mW/3049mW VDD_SOC 2662mW/2664mW
08-04-2026 21:03:00 RAM 3884/7620MB (lfb 152x1MB) SWAP 1691/12002MB (cached 50MB) CPU [27%@1728,16%@1728,0%@1728,9%@1728,100%@1728,0%@1728] GR3D_FREQ 16% cpu@59.312C soc2@57.593C soc0@58.281C gpu@58.843C tj@59.812C soc1@59.812C VDD_IN 9271mW/9194mW VDD_CPU_GPU_CV 3108mW/3049mW VDD_SOC 2662mW/2664mW
08-04-2026 21:03:00 RAM 3884/7620MB (lfb 152x1MB) SWAP 1691/12002MB (cached 50MB) CPU [0%@1728,0%@1728,0%@1728,0%@1728,100%@1728,0%@1728] GR3D_FREQ 17% cpu@58.906C soc2@57.625C soc0@58.468C gpu@58.812C tj@59.843C soc1@59.843C VDD_IN 9271mW/9194mW VDD_CPU_GPU_CV 3108mW/3049mW VDD_SOC 2662mW/2664mW
08-04-2026 21:03:00 RAM 3884/7620MB (lfb 152x1MB) SWAP 1691/12002MB (cached 50MB) CPU [0%@1728,0%@1728,0%@1728,0%@1728,100%@1728,0%@1728] GR3D_FREQ 17% cpu@59.156C soc2@57.687C soc0@58.5C gpu@58.687C tj@59.906C soc1@59.906C VDD_IN 9271mW/9195mW VDD_CPU_GPU_CV 3067mW/3049mW VDD_SOC 2662mW/2664mW
08-04-2026 21:03:00 RAM 3884/7620MB (lfb 152x1MB) SWAP 1691/12002MB (cached 50MB) CPU [0%@1728,0%@1728,0%@1728,0%@1728,100%@1728,0%@1728] GR3D_FREQ 16% cpu@59.093C soc2@57.687C soc0@58.531C gpu@58.937C tj@60C soc1@60C VDD_IN 9230mW/9195mW VDD_CPU_GPU_CV 3067mW/3049mW VDD_SOC 2662mW/2664mW
08-04-2026 21:03:00 RAM 3884/7620MB (lfb 152x1MB) SWAP 1691/12002MB (cached 50MB) CPU [0%@1728,0%@1728,0%@1728,0%@1728,100%@1728,0%@1728] GR3D_FREQ 17% cpu@59.218C soc2@57.625C soc0@58.437C gpu@58.812C tj@59.781C soc1@59.718C VDD_IN 9230mW/9195mW VDD_CPU_GPU_CV 3067mW/3049mW VDD_SOC 2662mW/2664mW
08-04-2026 21:03:01 RAM 3884/7620MB (lfb 152x1MB) SWAP 1691/12002MB (cached 50MB) CPU [0%@1728,0%@1728,0%@1728,0%@1728,100%@1728,0%@1728] GR3D_FREQ 16% cpu@59.375C soc2@57.656C soc0@58.406C gpu@58.656C tj@59.843C soc1@59.843C VDD_IN 9230mW/9195mW VDD_CPU_GPU_CV 3067mW/3049mW VDD_SOC 2662mW/2664mW
08-04-2026 21:03:01 RAM 3884/7620MB (lfb 152x1MB) SWAP 1691/12002MB (cached 50MB) CPU [0%@1728,0%@1728,0%@1728,0%@1728,100%@1728,0%@1728] GR3D_FREQ 17% cpu@58.968C soc2@57.625C soc0@58.437C gpu@58.812C tj@60C soc1@60C VDD_IN 9189mW/9195mW VDD_CPU_GPU_CV 3067mW/3049mW VDD_SOC 2662mW/2664mW
08-04-2026 21:03:01 RAM 3884/7620MB (lfb 152x1MB) SWAP 1691/12002MB (cached 50MB) CPU [9%@1728,0%@1728,0%@1728,0%@1728,100%@1728,0%@1728] GR3D_FREQ 16% cpu@59.031C soc2@57.687C soc0@58.562C gpu@58.75C tj@59.906C soc1@59.906C VDD_IN 9230mW/9195mW VDD_CPU_GPU_CV 3067mW/3049mW VDD_SOC 2662mW/2664mW
08-04-2026 21:03:01 RAM 3884/7620MB (lfb 152x1MB) SWAP 1691/12002MB (cached 50MB) CPU [9%@1728,0%@1728,9%@1728,9%@1728,100%@1728,0%@1728] GR3D_FREQ 16% cpu@59.343C soc2@57.75C soc0@58.593C gpu@58.968C tj@60.031C soc1@60.031C VDD_IN 9230mW/9195mW VDD_CPU_GPU_CV 3067mW/3049mW VDD_SOC 2662mW/2664mW
08-04-2026 21:03:01 RAM 3884/7620MB (lfb 152x1MB) SWAP 1691/12002MB (cached 50MB) CPU [0%@1728,0%@1728,0%@1728,0%@1728,100%@1728,0%@1728] GR3D_FREQ 17% cpu@58.968C soc2@57.687C soc0@58.437C gpu@58.812C tj@59.937C soc1@59.937C VDD_IN 9230mW/9195mW VDD_CPU_GPU_CV 3067mW/3049mW VDD_SOC 2662mW/2664mW
08-04-2026 21:03:01 RAM 3884/7620MB (lfb 152x1MB) SWAP 1691/12002MB (cached 50MB) CPU [9%@1728,0%@1728,0%@1728,0%@1728,100%@1728,0%@1728] GR3D_FREQ 16% cpu@59.093C soc2@57.718C soc0@58.593C gpu@59.031C tj@60C soc1@60C VDD_IN 9189mW/9195mW VDD_CPU_GPU_CV 3067mW/3049mW VDD_SOC 2662mW/2664mW
08-04-2026 21:03:01 RAM 3884/7620MB (lfb 152x1MB) SWAP 1691/12002MB (cached 50MB) CPU [0%@1728,0%@1728,0%@1728,0%@1728,100%@1728,0%@1728] GR3D_FREQ 17% cpu@59.031C soc2@57.75C soc0@58.625C gpu@58.875C tj@59.781C soc1@59.781C VDD_IN 9230mW/9195mW VDD_CPU_GPU_CV 3067mW/3050mW VDD_SOC 2662mW/2664mW
08-04-2026 21:03:01 RAM 3884/7620MB (lfb 152x1MB) SWAP 1691/12002MB (cached 50MB) CPU [0%@1728,0%@1728,0%@1728,0%@1728,100%@1728,0%@1728] GR3D_FREQ 16% cpu@58.937C soc2@57.625C soc0@58.375C gpu@58.812C tj@59.812C soc1@59.812C VDD_IN 9189mW/9195mW VDD_CPU_GPU_CV 3067mW/3050mW VDD_SOC 2662mW/2664mW
08-04-2026 21:03:01 RAM 3884/7620MB (lfb 152x1MB) SWAP 1691/12002MB (cached 50MB) CPU [0%@1728,0%@1728,0%@1728,0%@1728,100%@1728,0%@1728] GR3D_FREQ 16% cpu@58.968C soc2@57.718C soc0@58.5C gpu@58.968C tj@59.937C soc1@59.937C VDD_IN 9189mW/9195mW VDD_CPU_GPU_CV 3067mW/3050mW VDD_SOC 2662mW/2664mW
08-04-2026 21:03:02 RAM 3884/7620MB (lfb 152x1MB) SWAP 1691/12002MB (cached 50MB) CPU [0%@1728,0%@1728,0%@1728,0%@1728,100%@1728,0%@1728] GR3D_FREQ 17% cpu@59.093C soc2@57.625C soc0@58.468C gpu@58.875C tj@59.937C soc1@59.937C VDD_IN 9189mW/9195mW VDD_CPU_GPU_CV 3067mW/3050mW VDD_SOC 2662mW/2664mW
08-04-2026 21:03:02 RAM 3884/7620MB (lfb 152x1MB) SWAP 1691/12002MB (cached 50MB) CPU [0%@1728,0%@1728,0%@1728,0%@1728,100%@1728,0%@1728] GR3D_FREQ 16% cpu@59.062C soc2@57.75C soc0@58.593C gpu@59.156C tj@60.031C soc1@60.031C VDD_IN 9189mW/9195mW VDD_CPU_GPU_CV 3067mW/3050mW VDD_SOC 2662mW/2664mW
08-04-2026 21:03:02 RAM 3884/7620MB (lfb 152x1MB) SWAP 1691/12002MB (cached 50MB) CPU [8%@1728,0%@1728,0%@1728,0%@1728,100%@1728,0%@1728] GR3D_FREQ 17% cpu@59.093C soc2@57.593C soc0@58.437C gpu@58.968C tj@59.781C soc1@59.781C VDD_IN 9189mW/9195mW VDD_CPU_GPU_CV 3067mW/3050mW VDD_SOC 2662mW/2664mW
08-04-2026 21:03:02 RAM 3884/7620MB (lfb 152x1MB) SWAP 1691/12002MB (cached 50MB) CPU [0%@1728,0%@1728,0%@1728,0%@1728,100%@1728,0%@1728] GR3D_FREQ 17% cpu@59C soc2@57.718C soc0@58.437C gpu@58.875C tj@59.781C soc1@59.781C VDD_IN 9189mW/9195mW VDD_CPU_GPU_CV 3067mW/3050mW VDD_SOC 2662mW/2664mW
08-04-2026 21:03:02 RAM 3884/7620MB (lfb 152x1MB) SWAP 1691/12002MB (cached 50MB) CPU [0%@1728,0%@1728,0%@1728,0%@1728,100%@1728,0%@1728] GR3D_FREQ 16% cpu@59.031C soc2@57.75C soc0@58.406C gpu@59.062C tj@59.906C soc1@59.906C VDD_IN 9189mW/9195mW VDD_CPU_GPU_CV 3067mW/3050mW VDD_SOC 2662mW/2664mW
08-04-2026 21:03:02 RAM 3884/7620MB (lfb 152x1MB) SWAP 1691/12002MB (cached 50MB) CPU [0%@1728,0%@1728,0%@1728,0%@1728,100%@1728,0%@1728] GR3D_FREQ 17% cpu@59C soc2@57.656C soc0@58.531C gpu@58.937C tj@60.125C soc1@60.125C VDD_IN 9189mW/9195mW VDD_CPU_GPU_CV 3067mW/3050mW VDD_SOC 2662mW/2664mW
08-04-2026 21:03:02 RAM 3884/7620MB (lfb 152x1MB) SWAP 1691/12002MB (cached 50MB) CPU [0%@1728,0%@1728,0%@1728,0%@1728,100%@1728,0%@1728] GR3D_FREQ 16% cpu@59.062C soc2@57.718C soc0@58.343C gpu@58.75C tj@59.781C soc1@59.781C VDD_IN 9189mW/9195mW VDD_CPU_GPU_CV 3067mW/3050mW VDD_SOC 2666mW/2664mW
08-04-2026 21:03:02 RAM 3884/7620MB (lfb 152x1MB) SWAP 1691/12002MB (cached 50MB) CPU [0%@1728,0%@1728,0%@1728,0%@1728,100%@1728,0%@1728] GR3D_FREQ 16% cpu@59.218C soc2@57.656C soc0@58.375C gpu@59.031C tj@59.812C soc1@59.812C VDD_IN 9189mW/9195mW VDD_CPU_GPU_CV 3067mW/3050mW VDD_SOC 2666mW/2664mW
08-04-2026 21:03:02 RAM 3884/7620MB (lfb 152x1MB) SWAP 1691/12002MB (cached 50MB) CPU [0%@1728,9%@1728,0%@1728,0%@1728,100%@1728,0%@1728] GR3D_FREQ 17% cpu@59.031C soc2@57.593C soc0@58.468C gpu@58.968C tj@59.906C soc1@59.906C VDD_IN 9189mW/9195mW VDD_CPU_GPU_CV 3067mW/3050mW VDD_SOC 2666mW/2664mW
08-04-2026 21:03:02 RAM 3884/7620MB (lfb 152x1MB) SWAP 1691/12002MB (cached 50MB) CPU [0%@1728,8%@1728,0%@1728,0%@1728,100%@1728,0%@1728] GR3D_FREQ 17% cpu@59.062C soc2@57.656C soc0@58.531C gpu@58.687C tj@59.968C soc1@59.968C VDD_IN 9189mW/9195mW VDD_CPU_GPU_CV 3067mW/3050mW VDD_SOC 2662mW/2664mW
08-04-2026 21:03:03 RAM 3884/7620MB (lfb 152x1MB) SWAP 1691/12002MB (cached 50MB) CPU [0%@1728,0%@1728,0%@1728,0%@1728,100%@1728,0%@1728] GR3D_FREQ 16% cpu@59.093C soc2@57.75C soc0@58.593C gpu@58.968C tj@60.062C soc1@60.062C VDD_IN 9189mW/9195mW VDD_CPU_GPU_CV 3067mW/3050mW VDD_SOC 2662mW/2664mW
08-04-2026 21:03:03 RAM 3884/7620MB (lfb 152x1MB) SWAP 1691/12002MB (cached 50MB) CPU [9%@1728,0%@1728,0%@1728,0%@1728,100%@1728,0%@1728] GR3D_FREQ 16% cpu@59.093C soc2@57.812C soc0@58.375C gpu@58.656C tj@59.906C soc1@59.906C VDD_IN 9189mW/9195mW VDD_CPU_GPU_CV 3067mW/3050mW VDD_SOC 2666mW/2664mW
08-04-2026 21:03:03 RAM 3884/7620MB (lfb 152x1MB) SWAP 1691/12002MB (cached 50MB) CPU [0%@1728,0%@1728,0%@1728,0%@1728,100%@1728,0%@1728] GR3D_FREQ 16% cpu@59.187C soc2@57.656C soc0@58.437C gpu@59.187C tj@59.906C soc1@59.906C VDD_IN 9189mW/9195mW VDD_CPU_GPU_CV 3067mW/3050mW VDD_SOC 2666mW/2664mW
08-04-2026 21:03:03 RAM 3884/7620MB (lfb 152x1MB) SWAP 1691/12002MB (cached 50MB) CPU [9%@1728,0%@1728,0%@1728,0%@1728,100%@1728,0%@1728] GR3D_FREQ 16% cpu@59.062C soc2@57.718C soc0@58.437C gpu@59C tj@59.906C soc1@59.906C VDD_IN 9189mW/9195mW VDD_CPU_GPU_CV 3067mW/3050mW VDD_SOC 2662mW/2664mW
08-04-2026 21:03:03 RAM 3884/7620MB (lfb 152x1MB) SWAP 1691/12002MB (cached 50MB) CPU [0%@1728,0%@1728,0%@1728,0%@1728,100%@1728,0%@1728] GR3D_FREQ 16% cpu@59.125C soc2@57.75C soc0@58.562C gpu@58.75C tj@59.968C soc1@59.968C VDD_IN 9189mW/9195mW VDD_CPU_GPU_CV 3067mW/3050mW VDD_SOC 2662mW/2664mW
08-04-2026 21:03:03 RAM 3884/7620MB (lfb 152x1MB) SWAP 1691/12002MB (cached 50MB) CPU [0%@1728,9%@1728,0%@1728,0%@1728,100%@1728,0%@1728] GR3D_FREQ 16% cpu@59.125C soc2@57.75C soc0@58.625C gpu@59.187C tj@59.843C soc1@59.843C VDD_IN 9189mW/9195mW VDD_CPU_GPU_CV 3067mW/3050mW VDD_SOC 2666mW/2664mW
08-04-2026 21:03:03 RAM 3884/7620MB (lfb 152x1MB) SWAP 1691/12002MB (cached 50MB) CPU [0%@1728,0%@1728,0%@1728,0%@1728,100%@1728,0%@1728] GR3D_FREQ 17% cpu@59.093C soc2@57.656C soc0@58.375C gpu@58.75C tj@59.843C soc1@59.875C VDD_IN 9189mW/9195mW VDD_CPU_GPU_CV 3026mW/3050mW VDD_SOC 2662mW/2664mW
08-04-2026 21:03:03 RAM 3884/7620MB (lfb 152x1MB) SWAP 1691/12002MB (cached 50MB) CPU [9%@1728,0%@1728,20%@1728,10%@1728,100%@1728,0%@1728] GR3D_FREQ 17% cpu@59.093C soc2@57.656C soc0@58.5C gpu@58.656C tj@59.843C soc1@59.843C VDD_IN 9271mW/9195mW VDD_CPU_GPU_CV 3108mW/3051mW VDD_SOC 2662mW/2664mW
08-04-2026 21:03:03 RAM 3884/7620MB (lfb 152x1MB) SWAP 1691/12002MB (cached 50MB) CPU [0%@1728,0%@1728,0%@1728,0%@1728,100%@1728,0%@1728] GR3D_FREQ 16% cpu@59.093C soc2@57.625C soc0@58.437C gpu@59.125C tj@59.937C soc1@59.937C VDD_IN 9271mW/9195mW VDD_CPU_GPU_CV 3108mW/3051mW VDD_SOC 2662mW/2664mW
08-04-2026 21:03:04 RAM 3884/7620MB (lfb 152x1MB) SWAP 1691/12002MB (cached 50MB) CPU [0%@1728,0%@1728,0%@1728,0%@1728,100%@1728,0%@1728] GR3D_FREQ 16% cpu@59.093C soc2@57.75C soc0@58.468C gpu@58.781C tj@60.062C soc1@60.062C VDD_IN 9230mW/9196mW VDD_CPU_GPU_CV 3067mW/3051mW VDD_SOC 2662mW/2664mW
08-04-2026 21:03:04 RAM 3884/7620MB (lfb 152x1MB) SWAP 1691/12002MB (cached 50MB) CPU [0%@1728,0%@1728,0%@1728,8%@1728,100%@1728,0%@1728] GR3D_FREQ 16% cpu@59.218C soc2@57.812C soc0@58.406C gpu@58.718C tj@59.812C soc1@59.812C VDD_IN 9230mW/9196mW VDD_CPU_GPU_CV 3067mW/3051mW VDD_SOC 2662mW/2664mW
08-04-2026 21:03:04 RAM 3884/7620MB (lfb 152x1MB) SWAP 1691/12002MB (cached 50MB) CPU [0%@1728,0%@1728,0%@1728,0%@1728,100%@1728,0%@1728] GR3D_FREQ 16% cpu@59.25C soc2@57.687C soc0@58.375C gpu@59.093C tj@59.843C soc1@59.843C VDD_IN 9230mW/9196mW VDD_CPU_GPU_CV 3067mW/3051mW VDD_SOC 2662mW/2664mW
08-04-2026 21:03:04 RAM 3884/7620MB (lfb 152x1MB) SWAP 1691/12002MB (cached 50MB) CPU [0%@1728,0%@1728,0%@1728,0%@1728,100%@1728,0%@1728] GR3D_FREQ 17% cpu@59.031C soc2@57.625C soc0@58.531C gpu@58.75C tj@59.906C soc1@59.906C VDD_IN 9189mW/9196mW VDD_CPU_GPU_CV 3067mW/3051mW VDD_SOC 2662mW/2663mW
08-04-2026 21:03:04 RAM 3884/7620MB (lfb 152x1MB) SWAP 1691/12002MB (cached 50MB) CPU [0%@1728,0%@1728,0%@1728,0%@1728,100%@1728,0%@1728] GR3D_FREQ 16% cpu@59.125C soc2@57.656C soc0@58.593C gpu@58.593C tj@59.968C soc1@59.968C VDD_IN 9189mW/9196mW VDD_CPU_GPU_CV 3067mW/3051mW VDD_SOC 2666mW/2664mW
08-04-2026 21:03:04 RAM 3884/7620MB (lfb 152x1MB) SWAP 1691/12002MB (cached 50MB) CPU [0%@1728,0%@1728,0%@1728,0%@1728,100%@1728,0%@1728] GR3D_FREQ 16% cpu@59.187C soc2@57.687C soc0@58.531C gpu@59.062C tj@59.812C soc1@59.812C VDD_IN 9189mW/9196mW VDD_CPU_GPU_CV 3067mW/3051mW VDD_SOC 2662mW/2664mW
08-04-2026 21:03:04 RAM 3884/7620MB (lfb 152x1MB) SWAP 1691/12002MB (cached 50MB) CPU [9%@1728,0%@1728,0%@1728,0%@1728,100%@1728,0%@1728] GR3D_FREQ 17% cpu@59.281C soc2@57.687C soc0@58.281C gpu@58.781C tj@59.843C soc1@59.843C VDD_IN 9189mW/9196mW VDD_CPU_GPU_CV 3067mW/3051mW VDD_SOC 2662mW/2663mW
08-04-2026 21:03:04 RAM 3884/7620MB (lfb 152x1MB) SWAP 1691/12002MB (cached 50MB) CPU [0%@1728,0%@1728,0%@1728,0%@1728,100%@1728,0%@1728] GR3D_FREQ 16% cpu@59.375C soc2@57.656C soc0@58.406C gpu@58.687C tj@59.875C soc1@59.875C VDD_IN 9189mW/9196mW VDD_CPU_GPU_CV 3067mW/3051mW VDD_SOC 2666mW/2664mW
08-04-2026 21:03:04 RAM 3884/7620MB (lfb 152x1MB) SWAP 1691/12002MB (cached 50MB) CPU [0%@1728,0%@1728,0%@1728,0%@1728,100%@1728,0%@1728] GR3D_FREQ 17% cpu@59.156C soc2@57.656C soc0@58.468C gpu@58.781C tj@60C soc1@60C VDD_IN 9189mW/9196mW VDD_CPU_GPU_CV 3067mW/3051mW VDD_SOC 2662mW/2664mW
08-04-2026 21:03:04 RAM 3884/7620MB (lfb 152x1MB) SWAP 1691/12002MB (cached 50MB) CPU [0%@1728,0%@1728,0%@1728,0%@1728,100%@1728,0%@1728] GR3D_FREQ 16% cpu@59.093C soc2@57.75C soc0@58.593C gpu@58.718C tj@59.968C soc1@59.968C VDD_IN 9189mW/9196mW VDD_CPU_GPU_CV 3067mW/3051mW VDD_SOC 2666mW/2664mW
08-04-2026 21:03:05 RAM 3884/7620MB (lfb 152x1MB) SWAP 1691/12002MB (cached 50MB) CPU [0%@1728,0%@1728,0%@1728,0%@1728,100%@1728,0%@1728] GR3D_FREQ 17% cpu@59.156C soc2@57.75C soc0@58.625C gpu@59.187C tj@59.843C soc1@59.843C VDD_IN 9189mW/9196mW VDD_CPU_GPU_CV 3026mW/3051mW VDD_SOC 2666mW/2664mW
08-04-2026 21:03:05 RAM 3884/7620MB (lfb 152x1MB) SWAP 1691/12002MB (cached 50MB) CPU [0%@1728,0%@1728,0%@1728,0%@1728,100%@1728,0%@1728] GR3D_FREQ 17% cpu@59.312C soc2@57.656C soc0@58.406C gpu@58.75C tj@59.875C soc1@59.875C VDD_IN 9189mW/9196mW VDD_CPU_GPU_CV 3067mW/3051mW VDD_SOC 2666mW/2664mW
08-04-2026 21:03:05 RAM 3884/7620MB (lfb 152x1MB) SWAP 1691/12002MB (cached 50MB) CPU [0%@1728,0%@1728,0%@1728,0%@1728,100%@1728,0%@1728] GR3D_FREQ 17% cpu@59.406C soc2@57.625C soc0@58.406C gpu@58.781C tj@59.906C soc1@59.906C VDD_IN 9189mW/9196mW VDD_CPU_GPU_CV 3026mW/3051mW VDD_SOC 2666mW/2664mW
08-04-2026 21:03:05 RAM 3884/7620MB (lfb 152x1MB) SWAP 1691/12002MB (cached 50MB) CPU [0%@1728,0%@1728,0%@1728,0%@1728,100%@1728,0%@1728] GR3D_FREQ 16% cpu@59.031C soc2@57.625C soc0@58.5C gpu@58.781C tj@59.906C soc1@60.031C VDD_IN 9189mW/9196mW VDD_CPU_GPU_CV 3067mW/3051mW VDD_SOC 2662mW/2664mW
08-04-2026 21:03:05 RAM 3884/7620MB (lfb 152x1MB) SWAP 1691/12002MB (cached 50MB) CPU [0%@1728,9%@1728,0%@1728,0%@1728,100%@1728,0%@1728] GR3D_FREQ 16% cpu@59.093C soc2@57.75C soc0@58.593C gpu@58.718C tj@60C soc1@60C VDD_IN 9189mW/9195mW VDD_CPU_GPU_CV 3067mW/3051mW VDD_SOC 2662mW/2664mW
08-04-2026 21:03:05 RAM 3884/7620MB (lfb 152x1MB) SWAP 1691/12002MB (cached 50MB) CPU [0%@1728,0%@1728,0%@1728,0%@1728,100%@1728,0%@1728] GR3D_FREQ 16% cpu@59.25C soc2@57.625C soc0@58.312C gpu@58.718C tj@59.843C soc1@59.843C VDD_IN 9189mW/9195mW VDD_CPU_GPU_CV 3067mW/3051mW VDD_SOC 2666mW/2664mW
08-04-2026 21:03:05 RAM 3884/7620MB (lfb 152x1MB) SWAP 1691/12002MB (cached 50MB) CPU [0%@1728,0%@1728,0%@1728,0%@1728,100%@1728,0%@1728] GR3D_FREQ 16% cpu@59.437C soc2@57.75C soc0@58.375C gpu@58.781C tj@59.906C soc1@59.906C VDD_IN 9189mW/9195mW VDD_CPU_GPU_CV 3067mW/3051mW VDD_SOC 2666mW/2664mW
08-04-2026 21:03:05 RAM 3884/7620MB (lfb 152x1MB) SWAP 1691/12002MB (cached 50MB) CPU [9%@1728,0%@1728,0%@1728,0%@1728,100%@1728,0%@1728] GR3D_FREQ 16% cpu@58.968C soc2@57.718C soc0@58.531C gpu@58.781C tj@59.906C soc1@59.906C VDD_IN 9189mW/9195mW VDD_CPU_GPU_CV 3067mW/3051mW VDD_SOC 2662mW/2664mW
08-04-2026 21:03:05 RAM 3884/7620MB (lfb 152x1MB) SWAP 1691/12002MB (cached 50MB) CPU [0%@1728,0%@1728,0%@1728,0%@1728,100%@1728,0%@1728] GR3D_FREQ 17% cpu@59.156C soc2@57.687C soc0@58.531C gpu@58.906C tj@60.031C soc1@60.031C VDD_IN 9189mW/9195mW VDD_CPU_GPU_CV 3067mW/3051mW VDD_SOC 2662mW/2664mW
08-04-2026 21:03:05 RAM 3884/7620MB (lfb 152x1MB) SWAP 1691/12002MB (cached 50MB) CPU [0%@1728,8%@1728,0%@1728,0%@1728,100%@1728,0%@1728] GR3D_FREQ 17% cpu@59.25C soc2@57.75C soc0@58.625C gpu@58.718C tj@60.156C soc1@60.156C VDD_IN 9189mW/9195mW VDD_CPU_GPU_CV 3067mW/3051mW VDD_SOC 2662mW/2664mW
08-04-2026 21:03:06 RAM 3884/7620MB (lfb 152x1MB) SWAP 1691/12002MB (cached 50MB) CPU [0%@1728,0%@1728,0%@1728,0%@1728,100%@1728,0%@1728] GR3D_FREQ 17% cpu@59.437C soc2@57.656C soc0@58.343C gpu@58.75C tj@59.906C soc1@59.906C VDD_IN 9189mW/9195mW VDD_CPU_GPU_CV 3067mW/3051mW VDD_SOC 2662mW/2664mW
08-04-2026 21:03:06 RAM 3884/7620MB (lfb 152x1MB) SWAP 1691/12002MB (cached 50MB) CPU [0%@1728,0%@1728,0%@1728,0%@1728,100%@1728,0%@1728] GR3D_FREQ 17% cpu@58.906C soc2@57.625C soc0@58.468C gpu@58.906C tj@59.875C soc1@59.875C VDD_IN 9189mW/9195mW VDD_CPU_GPU_CV 3026mW/3051mW VDD_SOC 2666mW/2664mW
08-04-2026 21:03:06 RAM 3884/7620MB (lfb 152x1MB) SWAP 1691/12002MB (cached 50MB) CPU [0%@1728,0%@1728,0%@1728,0%@1728,100%@1728,0%@1728] GR3D_FREQ 16% cpu@58.968C soc2@57.687C soc0@58.437C gpu@58.781C tj@59.937C soc1@59.937C VDD_IN 9189mW/9195mW VDD_CPU_GPU_CV 3026mW/3051mW VDD_SOC 2666mW/2664mW
08-04-2026 21:03:06 RAM 3884/7620MB (lfb 152x1MB) SWAP 1691/12002MB (cached 50MB) CPU [9%@1728,0%@1728,0%@1728,0%@1728,100%@1728,0%@1728] GR3D_FREQ 17% cpu@59.093C soc2@57.687C soc0@58.531C gpu@58.968C tj@60.031C soc1@60.031C VDD_IN 9189mW/9195mW VDD_CPU_GPU_CV 3067mW/3051mW VDD_SOC 2666mW/2664mW
08-04-2026 21:03:06 RAM 3884/7620MB (lfb 152x1MB) SWAP 1691/12002MB (cached 50MB) CPU [0%@1728,0%@1728,0%@1728,0%@1728,100%@1728,0%@1728] GR3D_FREQ 16% cpu@59.25C soc2@57.75C soc0@58.437C gpu@58.843C tj@59.843C soc1@59.843C VDD_IN 9189mW/9195mW VDD_CPU_GPU_CV 3067mW/3051mW VDD_SOC 2666mW/2664mW
08-04-2026 21:03:06 RAM 3884/7620MB (lfb 152x1MB) SWAP 1691/12002MB (cached 50MB) CPU [8%@1728,9%@1728,0%@1728,0%@1728,100%@1728,0%@1728] GR3D_FREQ 17% cpu@59.406C soc2@57.656C soc0@58.406C gpu@58.781C tj@59.843C soc1@59.843C VDD_IN 9189mW/9195mW VDD_CPU_GPU_CV 3067mW/3051mW VDD_SOC 2662mW/2664mW
08-04-2026 21:03:06 RAM 3884/7620MB (lfb 152x1MB) SWAP 1691/12002MB (cached 50MB) CPU [0%@1728,0%@1728,0%@1728,0%@1728,100%@1728,0%@1728] GR3D_FREQ 17% cpu@58.937C soc2@57.593C soc0@58.593C gpu@58.968C tj@59.875C soc1@59.968C VDD_IN 9189mW/9195mW VDD_CPU_GPU_CV 3067mW/3052mW VDD_SOC 2662mW/2664mW
08-04-2026 21:03:06 RAM 3884/7620MB (lfb 152x1MB) SWAP 1691/12002MB (cached 50MB) CPU [0%@1728,0%@1728,0%@1728,0%@1728,100%@1728,0%@1728] GR3D_FREQ 16% cpu@58.968C soc2@57.687C soc0@58.5C gpu@58.812C tj@60C soc1@60C VDD_IN 9189mW/9195mW VDD_CPU_GPU_CV 3067mW/3052mW VDD_SOC 2666mW/2664mW
08-04-2026 21:03:06 RAM 3884/7620MB (lfb 152x1MB) SWAP 1691/12002MB (cached 50MB) CPU [0%@1728,0%@1728,0%@1728,8%@1728,100%@1728,0%@1728] GR3D_FREQ 17% cpu@59.187C soc2@57.75C soc0@58.562C gpu@59.062C tj@59.812C soc1@59.812C VDD_IN 9189mW/9195mW VDD_CPU_GPU_CV 3067mW/3052mW VDD_SOC 2666mW/2664mW
08-04-2026 21:03:07 RAM 3884/7620MB (lfb 152x1MB) SWAP 1691/12002MB (cached 50MB) CPU [0%@1728,10%@1728,18%@1728,0%@1728,100%@1728,9%@1728] GR3D_FREQ 16% cpu@59.375C soc2@57.625C soc0@58.406C gpu@58.968C tj@59.812C soc1@59.812C VDD_IN 9271mW/9195mW VDD_CPU_GPU_CV 3108mW/3052mW VDD_SOC 2662mW/2664mW
08-04-2026 21:03:07 RAM 3884/7620MB (lfb 152x1MB) SWAP 1691/12002MB (cached 50MB) CPU [0%@1728,0%@1728,0%@1728,0%@1728,100%@1728,0%@1728] GR3D_FREQ 17% cpu@59.031C soc2@57.687C soc0@58.5C gpu@58.781C tj@59.906C soc1@59.906C VDD_IN 9230mW/9196mW VDD_CPU_GPU_CV 3108mW/3052mW VDD_SOC 2662mW/2664mW
08-04-2026 21:03:07 RAM 3884/7620MB (lfb 152x1MB) SWAP 1691/12002MB (cached 50MB) CPU [0%@1728,0%@1728,0%@1728,0%@1728,100%@1728,0%@1728] GR3D_FREQ 16% cpu@58.875C soc2@57.687C soc0@58.468C gpu@59.062C tj@59.906C soc1@59.906C VDD_IN 9230mW/9196mW VDD_CPU_GPU_CV 3067mW/3052mW VDD_SOC 2662mW/2664mW
08-04-2026 21:03:07 RAM 3884/7620MB (lfb 152x1MB) SWAP 1691/12002MB (cached 50MB) CPU [0%@1728,0%@1728,9%@1728,0%@1728,100%@1728,0%@1728] GR3D_FREQ 17% cpu@59.218C soc2@57.687C soc0@58.562C gpu@58.906C tj@59.937C soc1@59.937C VDD_IN 9230mW/9196mW VDD_CPU_GPU_CV 3067mW/3052mW VDD_SOC 2662mW/2664mW
08-04-2026 21:03:07 RAM 3884/7620MB (lfb 152x1MB) SWAP 1691/12002MB (cached 50MB) CPU [0%@1728,0%@1728,0%@1728,0%@1728,100%@1728,0%@1728] GR3D_FREQ 17% cpu@59.25C soc2@57.687C soc0@58.343C gpu@58.812C tj@59.843C soc1@59.843C VDD_IN 9230mW/9196mW VDD_CPU_GPU_CV 3067mW/3052mW VDD_SOC 2662mW/2664mW
08-04-2026 21:03:07 RAM 3884/7620MB (lfb 152x1MB) SWAP 1691/12002MB (cached 50MB) CPU [0%@1728,8%@1728,0%@1728,0%@1728,100%@1728,0%@1728] GR3D_FREQ 16% cpu@59.531C soc2@57.625C soc0@58.343C gpu@59.031C tj@59.843C soc1@59.843C VDD_IN 9230mW/9196mW VDD_CPU_GPU_CV 3067mW/3052mW VDD_SOC 2662mW/2664mW
08-04-2026 21:03:07 RAM 3884/7620MB (lfb 152x1MB) SWAP 1691/12002MB (cached 50MB) CPU [0%@1728,0%@1728,0%@1728,0%@1728,100%@1728,0%@1728] GR3D_FREQ 17% cpu@59.031C soc2@57.75C soc0@58.468C gpu@58.843C tj@59.906C soc1@59.906C VDD_IN 9230mW/9196mW VDD_CPU_GPU_CV 3067mW/3052mW VDD_SOC 2662mW/2664mW
08-04-2026 21:03:07 RAM 3884/7620MB (lfb 152x1MB) SWAP 1691/12002MB (cached 50MB) CPU [0%@1728,0%@1728,0%@1728,0%@1728,100%@1728,0%@1728] GR3D_FREQ 16% cpu@58.968C soc2@57.687C soc0@58.468C gpu@59.218C tj@59.937C soc1@59.937C VDD_IN 9230mW/9196mW VDD_CPU_GPU_CV 3067mW/3052mW VDD_SOC 2662mW/2664mW
08-04-2026 21:03:07 RAM 3884/7620MB (lfb 152x1MB) SWAP 1691/12002MB (cached 50MB) CPU [0%@1728,0%@1728,0%@1728,0%@1728,100%@1728,0%@1728] GR3D_FREQ 17% cpu@59.156C soc2@57.718C soc0@58.531C gpu@58.968C tj@60.031C soc1@60.031C VDD_IN 9230mW/9196mW VDD_CPU_GPU_CV 3067mW/3052mW VDD_SOC 2662mW/2664mW
08-04-2026 21:03:07 RAM 3884/7620MB (lfb 152x1MB) SWAP 1691/12002MB (cached 50MB) CPU [0%@1728,0%@1728,0%@1728,9%@1728,100%@1728,0%@1728] GR3D_FREQ 17% cpu@59.343C soc2@57.656C soc0@58.468C gpu@58.812C tj@59.906C soc1@59.906C VDD_IN 9230mW/9196mW VDD_CPU_GPU_CV 3067mW/3052mW VDD_SOC 2662mW/2664mW
08-04-2026 21:03:08 RAM 3884/7620MB (lfb 152x1MB) SWAP 1691/12002MB (cached 50MB) CPU [0%@1728,0%@1728,0%@1728,0%@1728,100%@1728,0%@1728] GR3D_FREQ 17% cpu@58.968C soc2@57.625C soc0@58.437C gpu@59.125C tj@59.781C soc1@59.781C VDD_IN 9189mW/9196mW VDD_CPU_GPU_CV 3067mW/3052mW VDD_SOC 2662mW/2664mW
08-04-2026 21:03:08 RAM 3884/7620MB (lfb 152x1MB) SWAP 1691/12002MB (cached 50MB) CPU [0%@1728,0%@1728,0%@1728,0%@1728,100%@1728,0%@1728] GR3D_FREQ 16% cpu@58.968C soc2@57.718C soc0@58.437C gpu@58.968C tj@59.906C soc1@59.906C VDD_IN 9189mW/9196mW VDD_CPU_GPU_CV 3067mW/3052mW VDD_SOC 2662mW/2664mW
08-04-2026 21:03:08 RAM 3884/7620MB (lfb 152x1MB) SWAP 1691/12002MB (cached 50MB) CPU [0%@1728,0%@1728,0%@1728,0%@1728,100%@1728,0%@1728] GR3D_FREQ 16% cpu@59.093C soc2@57.75C soc0@58.437C gpu@58.875C tj@59.968C soc1@59.968C VDD_IN 9189mW/9196mW VDD_CPU_GPU_CV 3067mW/3052mW VDD_SOC 2662mW/2663mW
08-04-2026 21:03:08 RAM 3884/7620MB (lfb 152x1MB) SWAP 1691/12002MB (cached 50MB) CPU [0%@1728,0%@1728,0%@1728,0%@1728,100%@1728,0%@1728] GR3D_FREQ 17% cpu@59.343C soc2@57.718C soc0@58.656C gpu@59.031C tj@59.843C soc1@59.843C VDD_IN 9189mW/9196mW VDD_CPU_GPU_CV 3067mW/3052mW VDD_SOC 2662mW/2663mW
08-04-2026 21:03:08 RAM 3884/7620MB (lfb 152x1MB) SWAP 1691/12002MB (cached 50MB) CPU [0%@1728,9%@1728,0%@1728,0%@1728,100%@1728,0%@1728] GR3D_FREQ 16% cpu@59C soc2@57.687C soc0@58.375C gpu@58.968C tj@59.875C soc1@59.875C VDD_IN 9189mW/9196mW VDD_CPU_GPU_CV 3067mW/3052mW VDD_SOC 2662mW/2663mW
08-04-2026 21:03:08 RAM 3884/7620MB (lfb 152x1MB) SWAP 1691/12002MB (cached 50MB) CPU [0%@1728,0%@1728,0%@1728,0%@1728,100%@1728,0%@1728] GR3D_FREQ 17% cpu@59C soc2@57.718C soc0@58.437C gpu@58.718C tj@59.906C soc1@59.906C VDD_IN 9189mW/9196mW VDD_CPU_GPU_CV 3067mW/3052mW VDD_SOC 2662mW/2663mW
08-04-2026 21:03:08 RAM 3884/7620MB (lfb 152x1MB) SWAP 1691/12002MB (cached 50MB) CPU [9%@1728,0%@1728,0%@1728,0%@1728,100%@1728,0%@1728] GR3D_FREQ 17% cpu@58.937C soc2@57.656C soc0@58.531C gpu@59.062C tj@59.937C soc1@59.937C VDD_IN 9189mW/9196mW VDD_CPU_GPU_CV 3067mW/3053mW VDD_SOC 2662mW/2663mW
08-04-2026 21:03:08 RAM 3884/7620MB (lfb 152x1MB) SWAP 1691/12002MB (cached 50MB) CPU [0%@1728,0%@1728,0%@1728,0%@1728,100%@1728,0%@1728] GR3D_FREQ 16% cpu@58.968C soc2@57.75C soc0@58.656C gpu@58.937C tj@60C soc1@60C VDD_IN 9189mW/9196mW VDD_CPU_GPU_CV 3067mW/3053mW VDD_SOC 2662mW/2663mW
08-04-2026 21:03:08 RAM 3884/7620MB (lfb 152x1MB) SWAP 1691/12002MB (cached 50MB) CPU [0%@1728,0%@1728,0%@1728,0%@1728,100%@1728,0%@1728] GR3D_FREQ 17% cpu@59.312C soc2@57.812C soc0@58.343C gpu@59.218C tj@59.875C soc1@59.875C VDD_IN 9189mW/9196mW VDD_CPU_GPU_CV 3067mW/3053mW VDD_SOC 2662mW/2663mW
08-04-2026 21:03:09 RAM 3884/7620MB (lfb 152x1MB) SWAP 1691/12002MB (cached 50MB) CPU [0%@1728,16%@1728,0%@1728,0%@1728,100%@1728,0%@1728] GR3D_FREQ 16% cpu@58.968C soc2@57.687C soc0@58.531C gpu@59C tj@59.906C soc1@59.906C VDD_IN 9189mW/9196mW VDD_CPU_GPU_CV 3067mW/3053mW VDD_SOC 2662mW/2663mW
08-04-2026 21:03:09 RAM 3884/7620MB (lfb 152x1MB) SWAP 1691/12002MB (cached 50MB) CPU [0%@1728,0%@1728,0%@1728,0%@1728,100%@1728,0%@1728] GR3D_FREQ 17% cpu@58.937C soc2@57.718C soc0@58.531C gpu@58.687C tj@59.906C soc1@59.906C VDD_IN 9189mW/9196mW VDD_CPU_GPU_CV 3067mW/3053mW VDD_SOC 2662mW/2663mW
08-04-2026 21:03:09 RAM 3884/7620MB (lfb 152x1MB) SWAP 1691/12002MB (cached 50MB) CPU [0%@1728,0%@1728,0%@1728,0%@1728,100%@1728,0%@1728] GR3D_FREQ 16% cpu@59.062C soc2@57.656C soc0@58.5C gpu@59.156C tj@59.937C soc1@59.937C VDD_IN 9189mW/9196mW VDD_CPU_GPU_CV 3067mW/3053mW VDD_SOC 2662mW/2663mW
08-04-2026 21:03:09 RAM 3884/7620MB (lfb 152x1MB) SWAP 1691/12002MB (cached 50MB) CPU [8%@1728,0%@1728,0%@1728,0%@1728,100%@1728,0%@1728] GR3D_FREQ 17% cpu@58.968C soc2@57.75C soc0@58.687C gpu@59C tj@60.062C soc1@60.062C VDD_IN 9189mW/9196mW VDD_CPU_GPU_CV 3067mW/3053mW VDD_SOC 2662mW/2663mW
08-04-2026 21:03:09 RAM 3884/7620MB (lfb 152x1MB) SWAP 1691/12002MB (cached 50MB) CPU [0%@1728,0%@1728,0%@1728,0%@1728,100%@1728,0%@1728] GR3D_FREQ 17% cpu@59C soc2@57.593C soc0@58.437C gpu@58.656C tj@59.906C soc1@59.906C VDD_IN 9189mW/9196mW VDD_CPU_GPU_CV 3067mW/3053mW VDD_SOC 2662mW/2663mW
08-04-2026 21:03:09 RAM 3884/7620MB (lfb 152x1MB) SWAP 1691/12002MB (cached 50MB) CPU [0%@1728,0%@1728,0%@1728,0%@1728,100%@1728,0%@1728] GR3D_FREQ 17% cpu@59.093C soc2@57.593C soc0@58.468C gpu@59.187C tj@59.906C soc1@59.906C VDD_IN 9189mW/9196mW VDD_CPU_GPU_CV 3067mW/3053mW VDD_SOC 2662mW/2663mW
08-04-2026 21:03:09 RAM 3884/7620MB (lfb 152x1MB) SWAP 1691/12002MB (cached 50MB) CPU [0%@1728,0%@1728,0%@1728,0%@1728,100%@1728,0%@1728] GR3D_FREQ 17% cpu@59.031C soc2@57.656C soc0@58.562C gpu@58.718C tj@60C soc1@60C VDD_IN 9189mW/9196mW VDD_CPU_GPU_CV 3067mW/3053mW VDD_SOC 2662mW/2663mW
08-04-2026 21:03:09 RAM 3884/7620MB (lfb 152x1MB) SWAP 1691/12002MB (cached 50MB) CPU [0%@1728,0%@1728,0%@1728,0%@1728,100%@1728,0%@1728] GR3D_FREQ 17% cpu@59.062C soc2@57.656C soc0@58.562C gpu@58.75C tj@59.968C soc1@60.093C VDD_IN 9189mW/9196mW VDD_CPU_GPU_CV 3067mW/3053mW VDD_SOC 2662mW/2663mW
08-04-2026 21:03:09 RAM 3884/7620MB (lfb 152x1MB) SWAP 1691/12002MB (cached 50MB) CPU [0%@1728,0%@1728,0%@1728,0%@1728,100%@1728,0%@1728] GR3D_FREQ 17% cpu@59.218C soc2@57.75C soc0@58.375C gpu@59.093C tj@59.812C soc1@59.812C VDD_IN 9189mW/9196mW VDD_CPU_GPU_CV 3067mW/3053mW VDD_SOC 2662mW/2663mW
08-04-2026 21:03:09 RAM 3884/7620MB (lfb 152x1MB) SWAP 1691/12002MB (cached 50MB) CPU [0%@1728,0%@1728,0%@1728,0%@1728,100%@1728,0%@1728] GR3D_FREQ 16% cpu@58.968C soc2@57.593C soc0@58.406C gpu@58.718C tj@59.937C soc1@59.937C VDD_IN 9189mW/9196mW VDD_CPU_GPU_CV 3026mW/3053mW VDD_SOC 2662mW/2663mW
08-04-2026 21:03:10 RAM 3884/7620MB (lfb 152x1MB) SWAP 1691/12002MB (cached 50MB) CPU [0%@1728,0%@1728,0%@1728,0%@1728,100%@1728,0%@1728] GR3D_FREQ 17% cpu@59C soc2@57.593C soc0@58.437C gpu@58.812C tj@59.812C soc1@59.812C VDD_IN 9189mW/9196mW VDD_CPU_GPU_CV 3067mW/3053mW VDD_SOC 2662mW/2663mW
08-04-2026 21:03:10 RAM 3885/7620MB (lfb 152x1MB) SWAP 1691/12002MB (cached 50MB) CPU [0%@1728,0%@1728,0%@1728,0%@1728,100%@1728,0%@1728] GR3D_FREQ 16% cpu@58.968C soc2@57.625C soc0@58.5C gpu@59.093C tj@59.906C soc1@59.906C VDD_IN 9189mW/9196mW VDD_CPU_GPU_CV 3067mW/3053mW VDD_SOC 2662mW/2663mW
08-04-2026 21:03:10 RAM 3878/7620MB (lfb 152x1MB) SWAP 1691/12002MB (cached 50MB) CPU [20%@1728,10%@1728,63%@1728,9%@1728,100%@1728,0%@1728] GR3D_FREQ 16% cpu@59.25C soc2@57.781C soc0@58.625C gpu@58.718C tj@60.093C soc1@60.093C VDD_IN 9394mW/9196mW VDD_CPU_GPU_CV 3189mW/3053mW VDD_SOC 2703mW/2664mW
08-04-2026 21:03:10 RAM 3878/7620MB (lfb 152x1MB) SWAP 1691/12002MB (cached 50MB) CPU [0%@1728,0%@1728,0%@1728,9%@1728,100%@1728,0%@1728] GR3D_FREQ 17% cpu@59.062C soc2@57.593C soc0@58.312C gpu@58.687C tj@59.875C soc1@59.875C VDD_IN 9353mW/9197mW VDD_CPU_GPU_CV 3148mW/3054mW VDD_SOC 2703mW/2664mW
08-04-2026 21:03:10 RAM 3878/7620MB (lfb 152x1MB) SWAP 1691/12002MB (cached 50MB) CPU [0%@1728,0%@1728,0%@1728,8%@1728,100%@1728,0%@1728] GR3D_FREQ 16% cpu@59.031C soc2@57.718C soc0@58.437C gpu@58.968C tj@59.968C soc1@59.968C VDD_IN 9312mW/9197mW VDD_CPU_GPU_CV 3148mW/3054mW VDD_SOC 2703mW/2664mW
08-04-2026 21:03:10 RAM 3878/7620MB (lfb 152x1MB) SWAP 1691/12002MB (cached 50MB) CPU [0%@1728,0%@1728,0%@1728,0%@1728,100%@1728,0%@1728] GR3D_FREQ 17% cpu@58.968C soc2@57.656C soc0@58.562C gpu@58.75C tj@59.937C soc1@59.937C VDD_IN 9312mW/9197mW VDD_CPU_GPU_CV 3108mW/3054mW VDD_SOC 2662mW/2664mW
08-04-2026 21:03:10 RAM 3878/7620MB (lfb 152x1MB) SWAP 1691/12002MB (cached 50MB) CPU [0%@1728,0%@1728,0%@1728,0%@1728,100%@1728,0%@1728] GR3D_FREQ 16% cpu@59.062C soc2@57.593C soc0@58.593C gpu@59.25C tj@60.093C soc1@60.093C VDD_IN 9271mW/9198mW VDD_CPU_GPU_CV 3108mW/3054mW VDD_SOC 2662mW/2664mW
08-04-2026 21:03:10 RAM 3878/7620MB (lfb 152x1MB) SWAP 1691/12002MB (cached 50MB) CPU [0%@1728,0%@1728,0%@1728,0%@1728,100%@1728,0%@1728] GR3D_FREQ 17% cpu@58.968C soc2@57.625C soc0@58.5C gpu@58.75C tj@59.875C soc1@59.875C VDD_IN 9271mW/9198mW VDD_CPU_GPU_CV 3108mW/3054mW VDD_SOC 2662mW/2664mW
08-04-2026 21:03:10 RAM 3878/7620MB (lfb 152x1MB) SWAP 1691/12002MB (cached 50MB) CPU [0%@1728,0%@1728,0%@1728,0%@1728,100%@1728,0%@1728] GR3D_FREQ 16% cpu@59.062C soc2@57.562C soc0@58.468C gpu@58.718C tj@59.906C soc1@59.906C VDD_IN 9230mW/9198mW VDD_CPU_GPU_CV 3067mW/3054mW VDD_SOC 2662mW/2664mW
08-04-2026 21:03:11 RAM 3878/7620MB (lfb 152x1MB) SWAP 1691/12002MB (cached 50MB) CPU [63%@1728,0%@1728,0%@1728,0%@1728,36%@1728,0%@1728] GR3D_FREQ 16% cpu@58.937C soc2@57.75C soc0@58.406C gpu@59.187C tj@59.906C soc1@59.906C VDD_IN 9230mW/9198mW VDD_CPU_GPU_CV 3067mW/3054mW VDD_SOC 2662mW/2664mW
08-04-2026 21:03:11 RAM 3878/7620MB (lfb 152x1MB) SWAP 1691/12002MB (cached 50MB) CPU [100%@1728,0%@1728,0%@1728,0%@1728,0%@1728,0%@1728] GR3D_FREQ 16% cpu@59.218C soc2@57.812C soc0@58.625C gpu@58.718C tj@59.968C soc1@59.968C VDD_IN 9189mW/9198mW VDD_CPU_GPU_CV 3067mW/3054mW VDD_SOC 2662mW/2664mW
08-04-2026 21:03:11 RAM 3878/7620MB (lfb 152x1MB) SWAP 1691/12002MB (cached 50MB) CPU [100%@1728,0%@1728,0%@1728,0%@1728,0%@1728,0%@1728] GR3D_FREQ 16% cpu@59.25C soc2@57.843C soc0@58.718C gpu@58.75C tj@59.812C soc1@59.812C VDD_IN 9189mW/9198mW VDD_CPU_GPU_CV 3026mW/3054mW VDD_SOC 2666mW/2664mW
08-04-2026 21:03:11 RAM 3878/7620MB (lfb 152x1MB) SWAP 1691/12002MB (cached 50MB) CPU [100%@1728,0%@1728,0%@1728,0%@1728,0%@1728,0%@1728] GR3D_FREQ 16% cpu@59.375C soc2@57.781C soc0@58.468C gpu@59.125C tj@59.906C soc1@59.906C VDD_IN 9189mW/9198mW VDD_CPU_GPU_CV 3026mW/3054mW VDD_SOC 2666mW/2664mW
08-04-2026 21:03:11 RAM 3878/7620MB (lfb 152x1MB) SWAP 1691/12002MB (cached 50MB) CPU [100%@1728,0%@1728,0%@1728,0%@1728,0%@1728,0%@1728] GR3D_FREQ 16% cpu@59.031C soc2@57.843C soc0@58.5C gpu@58.875C tj@59.843C soc1@59.843C VDD_IN 9189mW/9198mW VDD_CPU_GPU_CV 3026mW/3054mW VDD_SOC 2666mW/2664mW
08-04-2026 21:03:11 RAM 3878/7620MB (lfb 152x1MB) SWAP 1691/12002MB (cached 50MB) CPU [100%@1728,0%@1728,0%@1728,0%@1728,0%@1728,0%@1728] GR3D_FREQ 17% cpu@58.968C soc2@57.875C soc0@58.562C gpu@58.75C tj@60.031C soc1@60.031C VDD_IN 9189mW/9198mW VDD_CPU_GPU_CV 3026mW/3054mW VDD_SOC 2662mW/2664mW
08-04-2026 21:03:11 RAM 3878/7620MB (lfb 152x1MB) SWAP 1691/12002MB (cached 50MB) CPU [100%@1728,0%@1728,0%@1728,0%@1728,0%@1728,0%@1728] GR3D_FREQ 16% cpu@59.187C soc2@57.843C soc0@58.531C gpu@59.187C tj@60.093C soc1@60.093C VDD_IN 9148mW/9198mW VDD_CPU_GPU_CV 3026mW/3054mW VDD_SOC 2662mW/2664mW
08-04-2026 21:03:11 RAM 3878/7620MB (lfb 152x1MB) SWAP 1691/12002MB (cached 50MB) CPU [100%@1728,0%@1728,0%@1728,0%@1728,0%@1728,0%@1728] GR3D_FREQ 16% cpu@59.281C soc2@57.968C soc0@58.468C gpu@58.75C tj@59.906C soc1@59.906C VDD_IN 9148mW/9198mW VDD_CPU_GPU_CV 3026mW/3054mW VDD_SOC 2666mW/2664mW
08-04-2026 21:03:11 RAM 3878/7620MB (lfb 152x1MB) SWAP 1691/12002MB (cached 50MB) CPU [100%@1728,0%@1728,0%@1728,9%@1728,0%@1728,0%@1728] GR3D_FREQ 16% cpu@59.5C soc2@57.75C soc0@58.437C gpu@58.718C tj@59.906C soc1@59.906C VDD_IN 9148mW/9197mW VDD_CPU_GPU_CV 2985mW/3054mW VDD_SOC 2662mW/2664mW
08-04-2026 21:03:11 RAM 3878/7620MB (lfb 152x1MB) SWAP 1691/12002MB (cached 50MB) CPU [100%@1728,9%@1728,0%@1728,10%@1728,0%@1728,0%@1728] GR3D_FREQ 16% cpu@59.062C soc2@57.875C soc0@58.5C gpu@59.062C tj@59.906C soc1@59.906C VDD_IN 9148mW/9197mW VDD_CPU_GPU_CV 3026mW/3054mW VDD_SOC 2666mW/2664mW
08-04-2026 21:03:12 RAM 3878/7620MB (lfb 152x1MB) SWAP 1691/12002MB (cached 50MB) CPU [100%@1728,0%@1728,0%@1728,8%@1728,0%@1728,0%@1728] GR3D_FREQ 16% cpu@59.187C soc2@57.843C soc0@58.625C gpu@58.812C tj@60.062C soc1@60.062C VDD_IN 9148mW/9197mW VDD_CPU_GPU_CV 3026mW/3054mW VDD_SOC 2666mW/2664mW
08-04-2026 21:03:12 RAM 3878/7620MB (lfb 152x1MB) SWAP 1691/12002MB (cached 50MB) CPU [100%@1728,0%@1728,0%@1728,0%@1728,0%@1728,0%@1728] GR3D_FREQ 16% cpu@59.25C soc2@57.937C soc0@58.531C gpu@58.75C tj@59.812C soc1@59.812C VDD_IN 9148mW/9197mW VDD_CPU_GPU_CV 3026mW/3053mW VDD_SOC 2666mW/2664mW
08-04-2026 21:03:12 RAM 3878/7620MB (lfb 152x1MB) SWAP 1691/12002MB (cached 50MB) CPU [100%@1728,0%@1728,0%@1728,0%@1728,0%@1728,0%@1728] GR3D_FREQ 17% cpu@59.312C soc2@57.75C soc0@58.437C gpu@59.031C tj@59.906C soc1@59.906C VDD_IN 9148mW/9197mW VDD_CPU_GPU_CV 3026mW/3053mW VDD_SOC 2666mW/2664mW
08-04-2026 21:03:12 RAM 3878/7620MB (lfb 152x1MB) SWAP 1691/12002MB (cached 50MB) CPU [100%@1728,8%@1728,0%@1728,0%@1728,0%@1728,0%@1728] GR3D_FREQ 16% cpu@59C soc2@57.812C soc0@58.5C gpu@58.718C tj@59.875C soc1@59.875C VDD_IN 9148mW/9197mW VDD_CPU_GPU_CV 3026mW/3053mW VDD_SOC 2662mW/2664mW
08-04-2026 21:03:12 RAM 3878/7620MB (lfb 152x1MB) SWAP 1691/12002MB (cached 50MB) CPU [100%@1728,0%@1728,0%@1728,0%@1728,0%@1728,0%@1728] GR3D_FREQ 17% cpu@59.187C soc2@57.875C soc0@58.562C gpu@59.312C tj@60.031C soc1@60.031C VDD_IN 9148mW/9197mW VDD_CPU_GPU_CV 3026mW/3053mW VDD_SOC 2666mW/2664mW
08-04-2026 21:03:12 RAM 3878/7620MB (lfb 152x1MB) SWAP 1691/12002MB (cached 50MB) CPU [100%@1728,0%@1728,0%@1728,0%@1728,0%@1728,0%@1728] GR3D_FREQ 16% cpu@59.25C soc2@57.906C soc0@58.625C gpu@59.031C tj@60.187C soc1@60.187C VDD_IN 9148mW/9197mW VDD_CPU_GPU_CV 3026mW/3053mW VDD_SOC 2666mW/2664mW
08-04-2026 21:03:12 RAM 3878/7620MB (lfb 152x1MB) SWAP 1691/12002MB (cached 50MB) CPU [100%@1728,0%@1728,0%@1728,8%@1728,0%@1728,0%@1728] GR3D_FREQ 16% cpu@59.312C soc2@57.843C soc0@58.5C gpu@58.718C tj@59.906C soc1@59.906C VDD_IN 9148mW/9196mW VDD_CPU_GPU_CV 3026mW/3053mW VDD_SOC 2666mW/2664mW
08-04-2026 21:03:12 RAM 3878/7620MB (lfb 152x1MB) SWAP 1691/12002MB (cached 50MB) CPU [100%@1728,0%@1728,0%@1728,0%@1728,0%@1728,0%@1728] GR3D_FREQ 17% cpu@59C soc2@57.843C soc0@58.437C gpu@59.25C tj@59.968C soc1@59.968C VDD_IN 9148mW/9196mW VDD_CPU_GPU_CV 3026mW/3053mW VDD_SOC 2662mW/2664mW
08-04-2026 21:03:12 RAM 3878/7620MB (lfb 152x1MB) SWAP 1691/12002MB (cached 50MB) CPU [100%@1728,0%@1728,8%@1728,0%@1728,0%@1728,0%@1728] GR3D_FREQ 16% cpu@59.156C soc2@57.843C soc0@58.593C gpu@59.031C tj@60C soc1@60C VDD_IN 9148mW/9196mW VDD_CPU_GPU_CV 3026mW/3053mW VDD_SOC 2666mW/2664mW
08-04-2026 21:03:13 RAM 3878/7620MB (lfb 152x1MB) SWAP 1691/12002MB (cached 50MB) CPU [100%@1728,0%@1728,0%@1728,0%@1728,0%@1728,0%@1728] GR3D_FREQ 17% cpu@59.281C soc2@57.875C soc0@58.656C gpu@58.75C tj@60.125C soc1@60.125C VDD_IN 9148mW/9196mW VDD_CPU_GPU_CV 3026mW/3053mW VDD_SOC 2666mW/2664mW
08-04-2026 21:03:13 RAM 3878/7620MB (lfb 152x1MB) SWAP 1691/12002MB (cached 50MB) CPU [100%@1728,0%@1728,0%@1728,0%@1728,0%@1728,0%@1728] GR3D_FREQ 16% cpu@59.312C soc2@57.843C soc0@58.5C gpu@59.218C tj@59.875C soc1@59.875C VDD_IN 9148mW/9196mW VDD_CPU_GPU_CV 3026mW/3053mW VDD_SOC 2666mW/2664mW
08-04-2026 21:03:13 RAM 3878/7620MB (lfb 152x1MB) SWAP 1691/12002MB (cached 50MB) CPU [100%@1728,0%@1728,0%@1728,0%@1728,0%@1728,0%@1728] GR3D_FREQ 16% cpu@59.437C soc2@57.812C soc0@58.5C gpu@58.968C tj@59.937C soc1@59.937C VDD_IN 9148mW/9196mW VDD_CPU_GPU_CV 3026mW/3053mW VDD_SOC 2666mW/2664mW
08-04-2026 21:03:13 RAM 3878/7620MB (lfb 152x1MB) SWAP 1691/12002MB (cached 50MB) CPU [100%@1728,9%@1728,0%@1728,0%@1728,0%@1728,0%@1728] GR3D_FREQ 16% cpu@59.125C soc2@57.937C soc0@58.562C gpu@58.781C tj@59.937C soc1@59.937C VDD_IN 9148mW/9196mW VDD_CPU_GPU_CV 3026mW/3053mW VDD_SOC 2662mW/2664mW
08-04-2026 21:03:13 RAM 3881/7620MB (lfb 152x1MB) SWAP 1691/12002MB (cached 50MB) CPU [100%@1728,9%@1728,9%@1728,0%@1728,0%@1728,0%@1728] GR3D_FREQ 16% cpu@59.25C soc2@57.906C soc0@58.718C gpu@59.093C tj@60.062C soc1@60.062C VDD_IN 9189mW/9196mW VDD_CPU_GPU_CV 3026mW/3053mW VDD_SOC 2662mW/2664mW
08-04-2026 21:03:13 RAM 3882/7620MB (lfb 152x1MB) SWAP 1691/12002MB (cached 50MB) CPU [100%@1728,0%@1728,18%@1728,0%@1728,0%@1728,0%@1728] GR3D_FREQ 17% cpu@59.312C soc2@57.875C soc0@58.5C gpu@58.937C tj@59.812C soc1@59.812C VDD_IN 9230mW/9196mW VDD_CPU_GPU_CV 3067mW/3053mW VDD_SOC 2703mW/2664mW
08-04-2026 21:03:13 RAM 3882/7620MB (lfb 152x1MB) SWAP 1691/12002MB (cached 50MB) CPU [100%@1728,0%@1728,0%@1728,0%@1728,0%@1728,0%@1728] GR3D_FREQ 16% cpu@59.468C soc2@57.781C soc0@58.437C gpu@58.906C tj@59.906C soc1@59.906C VDD_IN 9230mW/9196mW VDD_CPU_GPU_CV 3067mW/3053mW VDD_SOC 2703mW/2664mW
08-04-2026 21:03:13 RAM 3882/7620MB (lfb 152x1MB) SWAP 1691/12002MB (cached 50MB) CPU [100%@1728,0%@1728,0%@1728,0%@1728,0%@1728,0%@1728] GR3D_FREQ 17% cpu@59.125C soc2@57.875C soc0@58.437C gpu@59.187C tj@59.968C soc1@59.968C VDD_IN 9189mW/9196mW VDD_CPU_GPU_CV 3067mW/3053mW VDD_SOC 2662mW/2664mW
08-04-2026 21:03:13 RAM 3882/7620MB (lfb 152x1MB) SWAP 1691/12002MB (cached 50MB) CPU [100%@1728,0%@1728,0%@1728,0%@1728,0%@1728,0%@1728] GR3D_FREQ 16% cpu@59.187C soc2@57.812C soc0@58.562C gpu@59C tj@60.062C soc1@60.062C VDD_IN 9189mW/9196mW VDD_CPU_GPU_CV 3067mW/3053mW VDD_SOC 2666mW/2664mW
08-04-2026 21:03:13 RAM 3882/7620MB (lfb 152x1MB) SWAP 1691/12002MB (cached 50MB) CPU [100%@1728,0%@1728,0%@1728,0%@1728,0%@1728,0%@1728] GR3D_FREQ 16% cpu@59.281C soc2@57.843C soc0@58.468C gpu@58.843C tj@59.843C soc1@59.843C VDD_IN 9189mW/9196mW VDD_CPU_GPU_CV 3026mW/3053mW VDD_SOC 2662mW/2664mW
08-04-2026 21:03:14 RAM 3882/7620MB (lfb 152x1MB) SWAP 1691/12002MB (cached 50MB) CPU [100%@1728,0%@1728,0%@1728,0%@1728,0%@1728,0%@1728] GR3D_FREQ 16% cpu@59.375C soc2@57.843C soc0@58.468C gpu@59.062C tj@59.906C soc1@59.906C VDD_IN 9189mW/9196mW VDD_CPU_GPU_CV 3026mW/3053mW VDD_SOC 2662mW/2664mW
08-04-2026 21:03:14 RAM 3882/7620MB (lfb 152x1MB) SWAP 1691/12002MB (cached 50MB) CPU [100%@1728,9%@1728,0%@1728,0%@1728,0%@1728,0%@1728] GR3D_FREQ 16% cpu@59.156C soc2@57.75C soc0@58.5C gpu@58.968C tj@60C soc1@60C VDD_IN 9189mW/9196mW VDD_CPU_GPU_CV 3026mW/3053mW VDD_SOC 2666mW/2664mW
08-04-2026 21:03:14 RAM 3882/7620MB (lfb 152x1MB) SWAP 1691/12002MB (cached 50MB) CPU [100%@1728,0%@1728,0%@1728,0%@1728,0%@1728,0%@1728] GR3D_FREQ 16% cpu@59.187C soc2@57.812C soc0@58.593C gpu@58.875C tj@59.937C soc1@59.937C VDD_IN 9189mW/9196mW VDD_CPU_GPU_CV 3026mW/3053mW VDD_SOC 2666mW/2664mW
08-04-2026 21:03:14 RAM 3882/7620MB (lfb 152x1MB) SWAP 1691/12002MB (cached 50MB) CPU [100%@1728,0%@1728,0%@1728,0%@1728,0%@1728,0%@1728] GR3D_FREQ 16% cpu@59.218C soc2@57.906C soc0@58.468C gpu@59.062C tj@59.812C soc1@59.812C VDD_IN 9189mW/9196mW VDD_CPU_GPU_CV 3026mW/3053mW VDD_SOC 2662mW/2664mW
08-04-2026 21:03:14 RAM 3882/7620MB (lfb 152x1MB) SWAP 1691/12002MB (cached 50MB) CPU [100%@1728,0%@1728,0%@1728,8%@1728,0%@1728,0%@1728] GR3D_FREQ 16% cpu@59.343C soc2@57.843C soc0@58.468C gpu@58.968C tj@59.906C soc1@59.906C VDD_IN 9189mW/9196mW VDD_CPU_GPU_CV 3026mW/3052mW VDD_SOC 2662mW/2664mW
08-04-2026 21:03:14 RAM 3882/7620MB (lfb 152x1MB) SWAP 1691/12002MB (cached 50MB) CPU [100%@1728,0%@1728,0%@1728,0%@1728,0%@1728,0%@1728] GR3D_FREQ 17% cpu@59.093C soc2@57.812C soc0@58.5C gpu@58.875C tj@59.906C soc1@60C VDD_IN 9189mW/9196mW VDD_CPU_GPU_CV 3026mW/3052mW VDD_SOC 2662mW/2664mW
08-04-2026 21:03:14 RAM 3882/7620MB (lfb 152x1MB) SWAP 1691/12002MB (cached 50MB) CPU [100%@1728,0%@1728,0%@1728,0%@1728,0%@1728,0%@1728] GR3D_FREQ 16% cpu@59.187C soc2@57.875C soc0@58.531C gpu@59.031C tj@59.968C soc1@59.968C VDD_IN 9189mW/9196mW VDD_CPU_GPU_CV 3026mW/3052mW VDD_SOC 2666mW/2664mW
08-04-2026 21:03:14 RAM 3882/7620MB (lfb 152x1MB) SWAP 1691/12002MB (cached 50MB) CPU [100%@1728,0%@1728,0%@1728,0%@1728,0%@1728,0%@1728] GR3D_FREQ 16% cpu@59.218C soc2@57.906C soc0@58.406C gpu@58.906C tj@59.75C soc1@59.75C VDD_IN 9189mW/9196mW VDD_CPU_GPU_CV 3026mW/3052mW VDD_SOC 2662mW/2664mW
08-04-2026 21:03:14 RAM 3882/7620MB (lfb 152x1MB) SWAP 1691/12002MB (cached 50MB) CPU [100%@1728,9%@1728,0%@1728,0%@1728,9%@1728,0%@1728] GR3D_FREQ 16% cpu@59.25C soc2@57.843C soc0@58.406C gpu@58.906C tj@59.906C soc1@59.906C VDD_IN 9189mW/9196mW VDD_CPU_GPU_CV 3026mW/3052mW VDD_SOC 2662mW/2664mW
08-04-2026 21:03:15 RAM 3882/7620MB (lfb 152x1MB) SWAP 1691/12002MB (cached 50MB) CPU [100%@1728,0%@1728,0%@1728,0%@1728,0%@1728,0%@1728] GR3D_FREQ 17% cpu@59.125C soc2@57.812C soc0@58.437C gpu@59C tj@59.906C soc1@59.906C VDD_IN 9189mW/9196mW VDD_CPU_GPU_CV 3026mW/3052mW VDD_SOC 2662mW/2664mW
08-04-2026 21:03:15 RAM 3882/7620MB (lfb 152x1MB) SWAP 1691/12002MB (cached 50MB) CPU [100%@1728,0%@1728,0%@1728,0%@1728,0%@1728,0%@1728] GR3D_FREQ 17% cpu@59.062C soc2@57.843C soc0@58.531C gpu@58.875C tj@60C soc1@60C VDD_IN 9189mW/9196mW VDD_CPU_GPU_CV 3026mW/3052mW VDD_SOC 2662mW/2664mW
08-04-2026 21:03:15 RAM 3882/7620MB (lfb 152x1MB) SWAP 1691/12002MB (cached 50MB) CPU [100%@1728,0%@1728,0%@1728,0%@1728,0%@1728,0%@1728] GR3D_FREQ 17% cpu@59.25C soc2@57.875C soc0@58.593C gpu@58.812C tj@60.187C soc1@60.187C VDD_IN 9189mW/9196mW VDD_CPU_GPU_CV 3026mW/3052mW VDD_SOC 2662mW/2664mW
08-04-2026 21:03:15 RAM 3882/7620MB (lfb 152x1MB) SWAP 1691/12002MB (cached 50MB) CPU [100%@1728,0%@1728,0%@1728,0%@1728,0%@1728,0%@1728] GR3D_FREQ 17% cpu@59.25C soc2@57.812C soc0@58.5C gpu@59.031C tj@59.843C soc1@59.937C VDD_IN 9189mW/9196mW VDD_CPU_GPU_CV 3026mW/3052mW VDD_SOC 2662mW/2664mW
08-04-2026 21:03:15 RAM 3882/7620MB (lfb 152x1MB) SWAP 1691/12002MB (cached 50MB) CPU [100%@1728,0%@1728,0%@1728,0%@1728,0%@1728,0%@1728] GR3D_FREQ 16% cpu@59.125C soc2@57.812C soc0@58.406C gpu@58.968C tj@59.968C soc1@59.968C VDD_IN 9189mW/9196mW VDD_CPU_GPU_CV 3026mW/3052mW VDD_SOC 2666mW/2664mW
08-04-2026 21:03:15 RAM 3882/7620MB (lfb 152x1MB) SWAP 1691/12002MB (cached 50MB) CPU [100%@1728,0%@1728,0%@1728,0%@1728,0%@1728,0%@1728] GR3D_FREQ 17% cpu@59.093C soc2@57.906C soc0@58.5C gpu@58.812C tj@60C soc1@60C VDD_IN 9189mW/9196mW VDD_CPU_GPU_CV 3026mW/3052mW VDD_SOC 2666mW/2664mW
08-04-2026 21:03:15 RAM 3882/7620MB (lfb 152x1MB) SWAP 1691/12002MB (cached 50MB) CPU [100%@1728,0%@1728,0%@1728,0%@1728,0%@1728,0%@1728] GR3D_FREQ 17% cpu@59.187C soc2@57.875C soc0@58.531C gpu@58.968C tj@60.093C soc1@60.093C VDD_IN 9189mW/9196mW VDD_CPU_GPU_CV 3026mW/3052mW VDD_SOC 2666mW/2664mW
08-04-2026 21:03:15 RAM 3882/7620MB (lfb 152x1MB) SWAP 1691/12002MB (cached 50MB) CPU [100%@1728,0%@1728,0%@1728,0%@1728,0%@1728,0%@1728] GR3D_FREQ 17% cpu@59.187C soc2@57.968C soc0@58.406C gpu@58.843C tj@59.875C soc1@59.875C VDD_IN 9189mW/9196mW VDD_CPU_GPU_CV 3026mW/3052mW VDD_SOC 2662mW/2664mW
08-04-2026 21:03:15 RAM 3882/7620MB (lfb 152x1MB) SWAP 1691/12002MB (cached 50MB) CPU [100%@1728,0%@1728,0%@1728,0%@1728,0%@1728,0%@1728] GR3D_FREQ 16% cpu@59.281C soc2@57.781C soc0@58.437C gpu@58.781C tj@60C soc1@60C VDD_IN 9189mW/9196mW VDD_CPU_GPU_CV 3026mW/3052mW VDD_SOC 2666mW/2664mW
08-04-2026 21:03:15 RAM 3882/7620MB (lfb 152x1MB) SWAP 1691/12002MB (cached 50MB) CPU [100%@1728,0%@1728,0%@1728,9%@1728,0%@1728,0%@1728] GR3D_FREQ 16% cpu@59.187C soc2@57.843C soc0@58.406C gpu@59C tj@59.968C soc1@59.968C VDD_IN 9189mW/9196mW VDD_CPU_GPU_CV 3026mW/3052mW VDD_SOC 2666mW/2664mW
08-04-2026 21:03:16 RAM 3882/7620MB (lfb 152x1MB) SWAP 1691/12002MB (cached 50MB) CPU [100%@1728,0%@1728,0%@1728,0%@1728,0%@1728,0%@1728] GR3D_FREQ 17% cpu@59.093C soc2@57.843C soc0@58.625C gpu@58.875C tj@59.937C soc1@59.937C VDD_IN 9189mW/9196mW VDD_CPU_GPU_CV 3026mW/3052mW VDD_SOC 2662mW/2664mW
08-04-2026 21:03:16 RAM 3882/7620MB (lfb 152x1MB) SWAP 1691/12002MB (cached 50MB) CPU [100%@1728,9%@1728,0%@1728,0%@1728,0%@1728,0%@1728] GR3D_FREQ 16% cpu@59.218C soc2@57.937C soc0@58.687C gpu@58.812C tj@60.156C soc1@60.156C VDD_IN 9189mW/9196mW VDD_CPU_GPU_CV 3026mW/3052mW VDD_SOC 2662mW/2664mW
08-04-2026 21:03:16 RAM 3882/7620MB (lfb 152x1MB) SWAP 1691/12002MB (cached 50MB) CPU [100%@1728,0%@1728,0%@1728,0%@1728,0%@1728,0%@1728] GR3D_FREQ 16% cpu@59.312C soc2@57.781C soc0@58.468C gpu@58.968C tj@59.937C soc1@59.937C VDD_IN 9189mW/9196mW VDD_CPU_GPU_CV 3026mW/3051mW VDD_SOC 2662mW/2664mW
08-04-2026 21:03:16 RAM 3882/7620MB (lfb 152x1MB) SWAP 1691/12002MB (cached 50MB) CPU [100%@1728,0%@1728,9%@1728,0%@1728,0%@1728,0%@1728] GR3D_FREQ 16% cpu@59.031C soc2@57.781C soc0@58.5C gpu@58.937C tj@59.937C soc1@59.937C VDD_IN 9189mW/9196mW VDD_CPU_GPU_CV 3026mW/3051mW VDD_SOC 2666mW/2664mW
08-04-2026 21:03:16 RAM 3882/7620MB (lfb 152x1MB) SWAP 1691/12002MB (cached 50MB) CPU [100%@1728,0%@1728,0%@1728,0%@1728,0%@1728,0%@1728] GR3D_FREQ 16% cpu@59.125C soc2@57.843C soc0@58.531C gpu@58.781C tj@59.968C soc1@59.968C VDD_IN 9189mW/9196mW VDD_CPU_GPU_CV 3026mW/3051mW VDD_SOC 2666mW/2664mW
08-04-2026 21:03:16 RAM 3882/7620MB (lfb 152x1MB) SWAP 1691/12002MB (cached 50MB) CPU [100%@1728,0%@1728,0%@1728,0%@1728,0%@1728,0%@1728] GR3D_FREQ 16% cpu@59.187C soc2@57.875C soc0@58.687C gpu@58.937C tj@60.093C soc1@60.093C VDD_IN 9189mW/9196mW VDD_CPU_GPU_CV 3026mW/3051mW VDD_SOC 2662mW/2664mW
08-04-2026 21:03:16 RAM 3889/7620MB (lfb 152x1MB) SWAP 1691/12002MB (cached 50MB) CPU [100%@1728,0%@1728,9%@1728,16%@1728,0%@1728,0%@1728] GR3D_FREQ 16% cpu@59.281C soc2@57.75C soc0@58.406C gpu@58.812C tj@59.937C soc1@59.937C VDD_IN 9230mW/9196mW VDD_CPU_GPU_CV 3067mW/3051mW VDD_SOC 2703mW/2664mW
08-04-2026 21:03:16 RAM 3882/7620MB (lfb 152x1MB) SWAP 1691/12002MB (cached 50MB) CPU [100%@1728,0%@1728,0%@1728,0%@1728,0%@1728,9%@1728] GR3D_FREQ 16% cpu@59.156C soc2@57.843C soc0@58.5C gpu@58.781C tj@59.937C soc1@59.937C VDD_IN 9271mW/9196mW VDD_CPU_GPU_CV 3067mW/3051mW VDD_SOC 2703mW/2664mW
08-04-2026 21:03:16 RAM 3882/7620MB (lfb 152x1MB) SWAP 1691/12002MB (cached 50MB) CPU [100%@1728,0%@1728,0%@1728,0%@1728,0%@1728,0%@1728] GR3D_FREQ 16% cpu@59.125C soc2@57.875C soc0@58.593C gpu@58.75C tj@60.093C soc1@60.031C VDD_IN 9230mW/9196mW VDD_CPU_GPU_CV 3067mW/3051mW VDD_SOC 2662mW/2664mW
08-04-2026 21:03:17 RAM 3882/7620MB (lfb 152x1MB) SWAP 1691/12002MB (cached 50MB) CPU [100%@1728,0%@1728,0%@1728,0%@1728,0%@1728,0%@1728] GR3D_FREQ 16% cpu@59.156C soc2@57.937C soc0@58.656C gpu@58.812C tj@60.093C soc1@60.093C VDD_IN 9230mW/9196mW VDD_CPU_GPU_CV 3067mW/3051mW VDD_SOC 2662mW/2664mW
08-04-2026 21:03:17 RAM 3882/7620MB (lfb 152x1MB) SWAP 1691/12002MB (cached 50MB) CPU [100%@1728,0%@1728,0%@1728,0%@1728,0%@1728,9%@1728] GR3D_FREQ 17% cpu@59.187C soc2@57.75C soc0@58.75C gpu@58.718C tj@59.906C soc1@59.906C VDD_IN 9230mW/9196mW VDD_CPU_GPU_CV 3067mW/3051mW VDD_SOC 2662mW/2664mW
08-04-2026 21:03:17 RAM 3882/7620MB (lfb 152x1MB) SWAP 1691/12002MB (cached 50MB) CPU [100%@1728,0%@1728,0%@1728,0%@1728,0%@1728,0%@1728] GR3D_FREQ 17% cpu@59.125C soc2@57.781C soc0@58.437C gpu@59.343C tj@59.875C soc1@59.875C VDD_IN 9230mW/9196mW VDD_CPU_GPU_CV 3067mW/3051mW VDD_SOC 2662mW/2664mW
08-04-2026 21:03:17 RAM 3882/7620MB (lfb 152x1MB) SWAP 1691/12002MB (cached 50MB) CPU [100%@1728,0%@1728,0%@1728,0%@1728,0%@1728,0%@1728] GR3D_FREQ 16% cpu@59.156C soc2@57.843C soc0@58.437C gpu@58.812C tj@59.937C soc1@59.937C VDD_IN 9230mW/9196mW VDD_CPU_GPU_CV 3067mW/3052mW VDD_SOC 2662mW/2664mW
08-04-2026 21:03:17 RAM 3882/7620MB (lfb 152x1MB) SWAP 1691/12002MB (cached 50MB) CPU [100%@1728,0%@1728,0%@1728,0%@1728,0%@1728,0%@1728] GR3D_FREQ 16% cpu@59.187C soc2@57.968C soc0@58.593C gpu@58.687C tj@60C soc1@60C VDD_IN 9189mW/9196mW VDD_CPU_GPU_CV 3067mW/3052mW VDD_SOC 2662mW/2664mW
08-04-2026 21:03:17 RAM 3882/7620MB (lfb 152x1MB) SWAP 1691/12002MB (cached 50MB) CPU [100%@1728,0%@1728,0%@1728,0%@1728,0%@1728,0%@1728] GR3D_FREQ 17% cpu@59.187C soc2@57.937C soc0@58.625C gpu@58.906C tj@60.125C soc1@59.843C VDD_IN 9189mW/9196mW VDD_CPU_GPU_CV 3067mW/3052mW VDD_SOC 2662mW/2664mW
08-04-2026 21:03:17 RAM 3882/7620MB (lfb 152x1MB) SWAP 1691/12002MB (cached 50MB) CPU [100%@1728,0%@1728,0%@1728,0%@1728,0%@1728,0%@1728] GR3D_FREQ 16% cpu@59.218C soc2@57.75C soc0@58.437C gpu@58.781C tj@59.906C soc1@59.906C VDD_IN 9189mW/9196mW VDD_CPU_GPU_CV 3067mW/3052mW VDD_SOC 2662mW/2664mW
08-04-2026 21:03:17 RAM 3882/7620MB (lfb 152x1MB) SWAP 1691/12002MB (cached 50MB) CPU [100%@1728,0%@1728,0%@1728,0%@1728,0%@1728,0%@1728] GR3D_FREQ 16% cpu@59.093C soc2@57.75C soc0@58.437C gpu@58.75C tj@59.906C soc1@59.906C VDD_IN 9189mW/9196mW VDD_CPU_GPU_CV 3026mW/3052mW VDD_SOC 2666mW/2664mW
08-04-2026 21:03:17 RAM 3882/7620MB (lfb 152x1MB) SWAP 1691/12002MB (cached 50MB) CPU [100%@1728,0%@1728,0%@1728,0%@1728,0%@1728,0%@1728] GR3D_FREQ 16% cpu@59.156C soc2@57.843C soc0@58.531C gpu@58.875C tj@60.031C soc1@60.031C VDD_IN 9189mW/9196mW VDD_CPU_GPU_CV 3026mW/3052mW VDD_SOC 2666mW/2664mW
08-04-2026 21:03:17 RAM 3882/7620MB (lfb 152x1MB) SWAP 1691/12002MB (cached 50MB) CPU [100%@1728,0%@1728,0%@1728,0%@1728,0%@1728,9%@1728] GR3D_FREQ 17% cpu@59.156C soc2@57.906C soc0@58.656C gpu@58.75C tj@60.125C soc1@60.125C VDD_IN 9189mW/9196mW VDD_CPU_GPU_CV 3026mW/3051mW VDD_SOC 2666mW/2664mW
08-04-2026 21:03:18 RAM 3882/7620MB (lfb 152x1MB) SWAP 1691/12002MB (cached 50MB) CPU [100%@1728,0%@1728,0%@1728,0%@1728,0%@1728,0%@1728] GR3D_FREQ 17% cpu@59.218C soc2@57.906C soc0@58.375C gpu@58.718C tj@59.875C soc1@59.875C VDD_IN 9189mW/9196mW VDD_CPU_GPU_CV 3026mW/3051mW VDD_SOC 2662mW/2664mW
08-04-2026 21:03:18 RAM 3882/7620MB (lfb 152x1MB) SWAP 1691/12002MB (cached 50MB) CPU [100%@1728,0%@1728,0%@1728,0%@1728,0%@1728,0%@1728] GR3D_FREQ 17% cpu@59.125C soc2@57.875C soc0@58.468C gpu@58.906C tj@59.875C soc1@59.875C VDD_IN 9189mW/9196mW VDD_CPU_GPU_CV 3026mW/3051mW VDD_SOC 2666mW/2664mW
08-04-2026 21:03:18 RAM 3882/7620MB (lfb 152x1MB) SWAP 1691/12002MB (cached 50MB) CPU [100%@1728,0%@1728,0%@1728,0%@1728,0%@1728,0%@1728] GR3D_FREQ 16% cpu@59.187C soc2@57.875C soc0@58.625C gpu@58.781C tj@59.906C soc1@59.906C VDD_IN 9189mW/9196mW VDD_CPU_GPU_CV 3026mW/3051mW VDD_SOC 2662mW/2664mW
08-04-2026 21:03:18 RAM 3882/7620MB (lfb 152x1MB) SWAP 1691/12002MB (cached 50MB) CPU [100%@1728,9%@1728,0%@1728,9%@1728,0%@1728,0%@1728] GR3D_FREQ 16% cpu@59.187C soc2@57.875C soc0@58.593C gpu@58.843C tj@60.093C soc1@60.093C VDD_IN 9189mW/9196mW VDD_CPU_GPU_CV 3067mW/3051mW VDD_SOC 2662mW/2664mW
08-04-2026 21:03:18 RAM 3882/7620MB (lfb 152x1MB) SWAP 1691/12002MB (cached 50MB) CPU [100%@1728,0%@1728,0%@1728,0%@1728,0%@1728,0%@1728] GR3D_FREQ 16% cpu@59.156C soc2@57.968C soc0@58.718C gpu@58.875C tj@60.156C soc1@60.156C VDD_IN 9189mW/9196mW VDD_CPU_GPU_CV 3026mW/3051mW VDD_SOC 2662mW/2664mW
08-04-2026 21:03:18 RAM 3882/7620MB (lfb 152x1MB) SWAP 1691/12002MB (cached 50MB) CPU [100%@1728,0%@1728,0%@1728,0%@1728,0%@1728,0%@1728] GR3D_FREQ 16% cpu@59.281C soc2@57.781C soc0@58.562C gpu@58.75C tj@59.906C soc1@59.906C VDD_IN 9189mW/9196mW VDD_CPU_GPU_CV 3026mW/3051mW VDD_SOC 2662mW/2664mW
08-04-2026 21:03:18 RAM 3882/7620MB (lfb 152x1MB) SWAP 1691/12002MB (cached 50MB) CPU [100%@1728,0%@1728,0%@1728,0%@1728,0%@1728,0%@1728] GR3D_FREQ 16% cpu@59.156C soc2@57.812C soc0@58.406C gpu@58.906C tj@59.906C soc1@59.906C VDD_IN 9189mW/9196mW VDD_CPU_GPU_CV 3026mW/3051mW VDD_SOC 2662mW/2664mW
08-04-2026 21:03:18 RAM 3882/7620MB (lfb 152x1MB) SWAP 1691/12002MB (cached 50MB) CPU [100%@1728,0%@1728,0%@1728,0%@1728,0%@1728,0%@1728] GR3D_FREQ 16% cpu@59.062C soc2@57.781C soc0@58.625C gpu@58.812C tj@59.968C soc1@59.968C VDD_IN 9189mW/9196mW VDD_CPU_GPU_CV 3026mW/3051mW VDD_SOC 2666mW/2664mW
08-04-2026 21:03:18 RAM 3882/7620MB (lfb 152x1MB) SWAP 1691/12002MB (cached 50MB) CPU [100%@1728,0%@1728,0%@1728,0%@1728,0%@1728,0%@1728] GR3D_FREQ 16% cpu@59.187C soc2@57.906C soc0@58.718C gpu@58.75C tj@60.125C soc1@60.125C VDD_IN 9189mW/9196mW VDD_CPU_GPU_CV 3026mW/3051mW VDD_SOC 2662mW/2664mW
08-04-2026 21:03:19 RAM 3882/7620MB (lfb 152x1MB) SWAP 1691/12002MB (cached 50MB) CPU [100%@1728,0%@1728,0%@1728,0%@1728,0%@1728,0%@1728] GR3D_FREQ 16% cpu@59.156C soc2@58C soc0@58.468C gpu@58.906C tj@59.875C soc1@59.875C VDD_IN 9189mW/9196mW VDD_CPU_GPU_CV 3026mW/3051mW VDD_SOC 2662mW/2664mW
08-04-2026 21:03:19 RAM 3882/7620MB (lfb 152x1MB) SWAP 1691/12002MB (cached 50MB) CPU [100%@1728,0%@1728,0%@1728,0%@1728,0%@1728,0%@1728] GR3D_FREQ 17% cpu@59.093C soc2@57.843C soc0@58.468C gpu@58.843C tj@59.937C soc1@59.937C VDD_IN 9189mW/9196mW VDD_CPU_GPU_CV 3026mW/3051mW VDD_SOC 2662mW/2664mW
08-04-2026 21:03:19 RAM 3882/7620MB (lfb 152x1MB) SWAP 1691/12002MB (cached 50MB) CPU [100%@1728,0%@1728,0%@1728,0%@1728,0%@1728,0%@1728] GR3D_FREQ 17% cpu@59.125C soc2@57.906C soc0@58.437C gpu@58.968C tj@59.968C soc1@59.968C VDD_IN 9189mW/9196mW VDD_CPU_GPU_CV 3026mW/3051mW VDD_SOC 2662mW/2664mW
08-04-2026 21:03:19 RAM 3882/7620MB (lfb 152x1MB) SWAP 1691/12002MB (cached 50MB) CPU [100%@1728,0%@1728,0%@1728,0%@1728,0%@1728,0%@1728] GR3D_FREQ 16% cpu@59.125C soc2@57.906C soc0@58.562C gpu@58.875C tj@59.906C soc1@60.156C VDD_IN 9189mW/9196mW VDD_CPU_GPU_CV 3026mW/3051mW VDD_SOC 2662mW/2664mW
08-04-2026 21:03:19 RAM 3882/7620MB (lfb 152x1MB) SWAP 1691/12002MB (cached 50MB) CPU [100%@1728,0%@1728,0%@1728,0%@1728,0%@1728,0%@1728] GR3D_FREQ 17% cpu@59.187C soc2@57.906C soc0@58.718C gpu@58.75C tj@60.187C soc1@60.187C VDD_IN 9189mW/9196mW VDD_CPU_GPU_CV 3026mW/3051mW VDD_SOC 2662mW/2664mW
08-04-2026 21:03:19 RAM 3882/7620MB (lfb 152x1MB) SWAP 1691/12002MB (cached 50MB) CPU [100%@1728,0%@1728,0%@1728,0%@1728,0%@1728,0%@1728] GR3D_FREQ 17% cpu@59.218C soc2@57.843C soc0@58.437C gpu@58.968C tj@59.875C soc1@59.875C VDD_IN 9189mW/9196mW VDD_CPU_GPU_CV 3026mW/3051mW VDD_SOC 2662mW/2664mW
08-04-2026 21:03:19 RAM 3882/7620MB (lfb 152x1MB) SWAP 1691/12002MB (cached 50MB) CPU [100%@1728,0%@1728,0%@1728,0%@1728,0%@1728,9%@1728] GR3D_FREQ 16% cpu@59.156C soc2@57.812C soc0@58.531C gpu@58.843C tj@59.906C soc1@59.906C VDD_IN 9189mW/9196mW VDD_CPU_GPU_CV 3026mW/3051mW VDD_SOC 2662mW/2664mW
08-04-2026 21:03:19 RAM 3882/7620MB (lfb 152x1MB) SWAP 1691/12002MB (cached 50MB) CPU [100%@1728,0%@1728,8%@1728,0%@1728,0%@1728,0%@1728] GR3D_FREQ 17% cpu@59.125C soc2@57.812C soc0@58.531C gpu@58.812C tj@60.031C soc1@60.031C VDD_IN 9189mW/9196mW VDD_CPU_GPU_CV 3026mW/3051mW VDD_SOC 2666mW/2664mW
08-04-2026 21:03:19 RAM 3882/7620MB (lfb 152x1MB) SWAP 1691/12002MB (cached 50MB) CPU [100%@1728,0%@1728,0%@1728,0%@1728,0%@1728,0%@1728] GR3D_FREQ 17% cpu@59.187C soc2@57.906C soc0@58.562C gpu@58.875C tj@60.187C soc1@60.187C VDD_IN 9189mW/9196mW VDD_CPU_GPU_CV 3026mW/3051mW VDD_SOC 2662mW/2664mW
08-04-2026 21:03:19 RAM 3890/7620MB (lfb 152x1MB) SWAP 1691/12002MB (cached 50MB) CPU [100%@1728,0%@1728,10%@1728,10%@1728,0%@1728,0%@1728] GR3D_FREQ 15% cpu@59.375C soc2@57.75C soc0@58.468C gpu@58.812C tj@59.843C soc1@59.843C VDD_IN 9230mW/9196mW VDD_CPU_GPU_CV 3067mW/3051mW VDD_SOC 2703mW/2664mW
08-04-2026 21:03:20 RAM 3886/7620MB (lfb 152x1MB) SWAP 1691/12002MB (cached 50MB) CPU [10%@1728,0%@1728,0%@1728,0%@1728,23%@1728,90%@1728] GR3D_FREQ 16% cpu@59C soc2@57.718C soc0@58.406C gpu@58.812C tj@59.843C soc1@59.843C VDD_IN 9271mW/9196mW VDD_CPU_GPU_CV 3067mW/3051mW VDD_SOC 2662mW/2664mW
08-04-2026 21:03:20 RAM 3886/7620MB (lfb 152x1MB) SWAP 1691/12002MB (cached 50MB) CPU [0%@1728,0%@1728,0%@1728,0%@1728,0%@1728,100%@1728] GR3D_FREQ 17% cpu@58.656C soc2@57.656C soc0@58.531C gpu@58.937C tj@59.906C soc1@59.906C VDD_IN 9230mW/9196mW VDD_CPU_GPU_CV 3067mW/3051mW VDD_SOC 2662mW/2664mW
08-04-2026 21:03:20 RAM 3886/7620MB (lfb 152x1MB) SWAP 1691/12002MB (cached 50MB) CPU [0%@1728,0%@1728,0%@1728,0%@1728,0%@1728,100%@1728] GR3D_FREQ 17% cpu@58.812C soc2@57.718C soc0@58.593C gpu@58.781C tj@60.093C soc1@60.093C VDD_IN 9230mW/9196mW VDD_CPU_GPU_CV 3067mW/3051mW VDD_SOC 2662mW/2664mW
08-04-2026 21:03:20 RAM 3886/7620MB (lfb 152x1MB) SWAP 1691/12002MB (cached 50MB) CPU [0%@1728,9%@1728,0%@1728,8%@1728,0%@1728,100%@1728] GR3D_FREQ 16% cpu@58.906C soc2@57.75C soc0@58.343C gpu@58.812C tj@59.906C soc1@59.906C VDD_IN 9230mW/9196mW VDD_CPU_GPU_CV 3067mW/3051mW VDD_SOC 2662mW/2664mW
08-04-2026 21:03:20 RAM 3886/7620MB (lfb 152x1MB) SWAP 1691/12002MB (cached 50MB) CPU [0%@1728,0%@1728,9%@1728,0%@1728,0%@1728,100%@1728] GR3D_FREQ 17% cpu@58.968C soc2@57.562C soc0@58.406C gpu@58.875C tj@59.937C soc1@59.937C VDD_IN 9230mW/9196mW VDD_CPU_GPU_CV 3067mW/3051mW VDD_SOC 2662mW/2664mW
08-04-2026 21:03:20 RAM 3886/7620MB (lfb 152x1MB) SWAP 1691/12002MB (cached 50MB) CPU [0%@1728,0%@1728,0%@1728,0%@1728,0%@1728,100%@1728] GR3D_FREQ 16% cpu@58.875C soc2@57.75C soc0@58.406C gpu@58.843C tj@59.906C soc1@59.906C VDD_IN 9189mW/9196mW VDD_CPU_GPU_CV 3067mW/3051mW VDD_SOC 2666mW/2664mW
08-04-2026 21:03:20 RAM 3886/7620MB (lfb 152x1MB) SWAP 1691/12002MB (cached 50MB) CPU [0%@1728,0%@1728,0%@1728,0%@1728,0%@1728,100%@1728] GR3D_FREQ 16% cpu@58.718C soc2@57.687C soc0@58.562C gpu@58.968C tj@59.906C soc1@59.906C VDD_IN 9189mW/9196mW VDD_CPU_GPU_CV 3067mW/3051mW VDD_SOC 2666mW/2664mW
08-04-2026 21:03:20 RAM 3886/7620MB (lfb 152x1MB) SWAP 1691/12002MB (cached 50MB) CPU [0%@1728,0%@1728,0%@1728,0%@1728,0%@1728,100%@1728] GR3D_FREQ 16% cpu@58.75C soc2@57.75C soc0@58.656C gpu@58.875C tj@60.093C soc1@60.093C VDD_IN 9189mW/9196mW VDD_CPU_GPU_CV 3067mW/3051mW VDD_SOC 2666mW/2664mW
08-04-2026 21:03:20 RAM 3886/7620MB (lfb 152x1MB) SWAP 1691/12002MB (cached 50MB) CPU [0%@1728,0%@1728,0%@1728,0%@1728,0%@1728,100%@1728] GR3D_FREQ 16% cpu@58.937C soc2@57.593C soc0@58.437C gpu@58.781C tj@59.875C soc1@59.875C VDD_IN 9189mW/9196mW VDD_CPU_GPU_CV 3026mW/3051mW VDD_SOC 2666mW/2664mW
08-04-2026 21:03:21 RAM 3886/7620MB (lfb 152x1MB) SWAP 1691/12002MB (cached 50MB) CPU [0%@1728,0%@1728,0%@1728,0%@1728,0%@1728,100%@1728] GR3D_FREQ 16% cpu@59C soc2@57.593C soc0@58.437C gpu@58.968C tj@59.937C soc1@59.937C VDD_IN 9189mW/9196mW VDD_CPU_GPU_CV 3026mW/3051mW VDD_SOC 2666mW/2664mW
08-04-2026 21:03:21 RAM 3886/7620MB (lfb 152x1MB) SWAP 1691/12002MB (cached 50MB) CPU [0%@1728,0%@1728,0%@1728,0%@1728,0%@1728,100%@1728] GR3D_FREQ 17% cpu@58.562C soc2@57.718C soc0@58.562C gpu@58.906C tj@59.968C soc1@59.968C VDD_IN 9189mW/9196mW VDD_CPU_GPU_CV 3026mW/3051mW VDD_SOC 2662mW/2664mW
08-04-2026 21:03:21 RAM 3886/7620MB (lfb 152x1MB) SWAP 1691/12002MB (cached 50MB) CPU [0%@1728,0%@1728,0%@1728,0%@1728,0%@1728,100%@1728] GR3D_FREQ 16% cpu@58.718C soc2@57.656C soc0@58.656C gpu@58.781C tj@59.968C soc1@59.968C VDD_IN 9189mW/9196mW VDD_CPU_GPU_CV 3026mW/3051mW VDD_SOC 2662mW/2664mW
08-04-2026 21:03:21 RAM 3886/7620MB (lfb 152x1MB) SWAP 1691/12002MB (cached 50MB) CPU [0%@1728,0%@1728,0%@1728,0%@1728,0%@1728,100%@1728] GR3D_FREQ 17% cpu@58.843C soc2@57.781C soc0@58.406C gpu@58.968C tj@59.906C soc1@59.906C VDD_IN 9189mW/9196mW VDD_CPU_GPU_CV 3026mW/3051mW VDD_SOC 2666mW/2664mW
08-04-2026 21:03:21 RAM 3886/7620MB (lfb 152x1MB) SWAP 1691/12002MB (cached 50MB) CPU [0%@1728,0%@1728,0%@1728,0%@1728,0%@1728,100%@1728] GR3D_FREQ 16% cpu@58.968C soc2@57.687C soc0@58.406C gpu@58.843C tj@59.906C soc1@59.906C VDD_IN 9189mW/9196mW VDD_CPU_GPU_CV 3067mW/3051mW VDD_SOC 2666mW/2664mW
08-04-2026 21:03:21 RAM 3886/7620MB (lfb 152x1MB) SWAP 1691/12002MB (cached 50MB) CPU [0%@1728,0%@1728,8%@1728,0%@1728,0%@1728,100%@1728] GR3D_FREQ 17% cpu@58.875C soc2@57.75C soc0@58.5C gpu@59.031C tj@59.968C soc1@59.968C VDD_IN 9189mW/9196mW VDD_CPU_GPU_CV 3026mW/3051mW VDD_SOC 2666mW/2664mW
08-04-2026 21:03:21 RAM 3886/7620MB (lfb 152x1MB) SWAP 1691/12002MB (cached 50MB) CPU [0%@1728,0%@1728,0%@1728,0%@1728,0%@1728,100%@1728] GR3D_FREQ 16% cpu@58.593C soc2@57.687C soc0@58.531C gpu@58.812C tj@59.968C soc1@59.968C VDD_IN 9189mW/9196mW VDD_CPU_GPU_CV 3026mW/3051mW VDD_SOC 2662mW/2664mW
08-04-2026 21:03:21 RAM 3886/7620MB (lfb 152x1MB) SWAP 1691/12002MB (cached 50MB) CPU [0%@1728,0%@1728,0%@1728,0%@1728,0%@1728,100%@1728] GR3D_FREQ 17% cpu@58.843C soc2@57.75C soc0@58.562C gpu@58.812C tj@60.062C soc1@60.062C VDD_IN 9189mW/9196mW VDD_CPU_GPU_CV 3026mW/3051mW VDD_SOC 2662mW/2664mW
08-04-2026 21:03:21 RAM 3886/7620MB (lfb 152x1MB) SWAP 1691/12002MB (cached 50MB) CPU [0%@1728,0%@1728,0%@1728,0%@1728,0%@1728,100%@1728] GR3D_FREQ 16% cpu@58.937C soc2@57.75C soc0@58.375C gpu@58.968C tj@59.875C soc1@59.875C VDD_IN 9189mW/9196mW VDD_CPU_GPU_CV 3026mW/3050mW VDD_SOC 2662mW/2664mW
08-04-2026 21:03:21 RAM 3886/7620MB (lfb 152x1MB) SWAP 1691/12002MB (cached 50MB) CPU [0%@1728,0%@1728,9%@1728,0%@1728,0%@1728,100%@1728] GR3D_FREQ 17% cpu@58.718C soc2@57.656C soc0@58.437C gpu@58.875C tj@59.906C soc1@59.906C VDD_IN 9189mW/9196mW VDD_CPU_GPU_CV 3026mW/3050mW VDD_SOC 2666mW/2664mW
08-04-2026 21:03:22 RAM 3886/7620MB (lfb 152x1MB) SWAP 1691/12002MB (cached 50MB) CPU [0%@1728,0%@1728,0%@1728,0%@1728,0%@1728,100%@1728] GR3D_FREQ 17% cpu@58.687C soc2@57.625C soc0@58.531C gpu@59.125C tj@59.937C soc1@59.937C VDD_IN 9189mW/9196mW VDD_CPU_GPU_CV 3026mW/3050mW VDD_SOC 2662mW/2664mW
08-04-2026 21:03:22 RAM 3886/7620MB (lfb 152x1MB) SWAP 1691/12002MB (cached 50MB) CPU [0%@1728,0%@1728,0%@1728,0%@1728,0%@1728,100%@1728] GR3D_FREQ 16% cpu@58.656C soc2@57.75C soc0@58.5C gpu@59C tj@60C soc1@60C VDD_IN 9189mW/9196mW VDD_CPU_GPU_CV 3026mW/3050mW VDD_SOC 2662mW/2664mW
08-04-2026 21:03:22 RAM 3886/7620MB (lfb 152x1MB) SWAP 1691/12002MB (cached 50MB) CPU [0%@1728,9%@1728,0%@1728,0%@1728,0%@1728,100%@1728] GR3D_FREQ 17% cpu@59C soc2@57.812C soc0@58.625C gpu@58.875C tj@60.031C soc1@59.781C VDD_IN 9189mW/9196mW VDD_CPU_GPU_CV 3026mW/3050mW VDD_SOC 2662mW/2664mW
08-04-2026 21:03:22 RAM 3886/7620MB (lfb 152x1MB) SWAP 1691/12002MB (cached 50MB) CPU [0%@1728,0%@1728,0%@1728,0%@1728,0%@1728,100%@1728] GR3D_FREQ 16% cpu@59.125C soc2@57.656C soc0@58.437C gpu@59.062C tj@59.843C soc1@59.843C VDD_IN 9189mW/9196mW VDD_CPU_GPU_CV 3067mW/3050mW VDD_SOC 2662mW/2664mW
08-04-2026 21:03:22 RAM 3886/7620MB (lfb 152x1MB) SWAP 1691/12002MB (cached 50MB) CPU [0%@1728,0%@1728,0%@1728,0%@1728,0%@1728,100%@1728] GR3D_FREQ 16% cpu@58.843C soc2@57.625C soc0@58.468C gpu@58.968C tj@59.875C soc1@59.875C VDD_IN 9189mW/9196mW VDD_CPU_GPU_CV 3067mW/3050mW VDD_SOC 2666mW/2664mW
08-04-2026 21:03:22 RAM 3886/7620MB (lfb 152x1MB) SWAP 1691/12002MB (cached 50MB) CPU [9%@1728,0%@1728,0%@1728,0%@1728,0%@1728,100%@1728] GR3D_FREQ 16% cpu@58.687C soc2@57.656C soc0@58.468C gpu@58.625C tj@59.906C soc1@59.906C VDD_IN 9189mW/9196mW VDD_CPU_GPU_CV 3026mW/3050mW VDD_SOC 2662mW/2664mW
08-04-2026 21:03:22 RAM 3886/7620MB (lfb 152x1MB) SWAP 1691/12002MB (cached 50MB) CPU [0%@1728,0%@1728,0%@1728,0%@1728,0%@1728,100%@1728] GR3D_FREQ 16% cpu@58.687C soc2@57.75C soc0@58.593C gpu@59.062C tj@60.031C soc1@60.031C VDD_IN 9189mW/9196mW VDD_CPU_GPU_CV 3067mW/3050mW VDD_SOC 2662mW/2664mW
08-04-2026 21:03:22 RAM 3886/7620MB (lfb 152x1MB) SWAP 1691/12002MB (cached 50MB) CPU [0%@1728,0%@1728,0%@1728,0%@1728,0%@1728,100%@1728] GR3D_FREQ 16% cpu@59.062C soc2@57.781C soc0@58.687C gpu@58.937C tj@59.875C soc1@59.875C VDD_IN 9189mW/9196mW VDD_CPU_GPU_CV 3067mW/3050mW VDD_SOC 2662mW/2664mW
08-04-2026 21:03:22 RAM 3886/7620MB (lfb 152x1MB) SWAP 1691/12002MB (cached 50MB) CPU [0%@1728,0%@1728,9%@1728,0%@1728,0%@1728,100%@1728] GR3D_FREQ 17% cpu@58.937C soc2@57.75C soc0@58.437C gpu@58.687C tj@59.812C soc1@59.812C VDD_IN 9189mW/9196mW VDD_CPU_GPU_CV 3067mW/3050mW VDD_SOC 2662mW/2664mW
08-04-2026 21:03:23 RAM 3886/7620MB (lfb 152x1MB) SWAP 1691/12002MB (cached 50MB) CPU [0%@1728,0%@1728,0%@1728,0%@1728,0%@1728,100%@1728] GR3D_FREQ 16% cpu@58.656C soc2@57.687C soc0@58.406C gpu@59.031C tj@59.906C soc1@59.906C VDD_IN 9189mW/9196mW VDD_CPU_GPU_CV 3067mW/3050mW VDD_SOC 2666mW/2664mW
08-04-2026 21:03:23 RAM 3886/7620MB (lfb 152x1MB) SWAP 1691/12002MB (cached 50MB) CPU [0%@1728,0%@1728,0%@1728,0%@1728,0%@1728,100%@1728] GR3D_FREQ 16% cpu@58.687C soc2@57.687C soc0@58.531C gpu@58.656C tj@59.968C soc1@59.968C VDD_IN 9189mW/9196mW VDD_CPU_GPU_CV 3067mW/3050mW VDD_SOC 2662mW/2664mW
08-04-2026 21:03:23 RAM 3889/7620MB (lfb 152x1MB) SWAP 1691/12002MB (cached 50MB) CPU [0%@1728,9%@1728,0%@1728,25%@1728,0%@1728,100%@1728] GR3D_FREQ 16% cpu@59.25C soc2@57.718C soc0@58.656C gpu@59.218C tj@60.093C soc1@60.093C VDD_IN 9271mW/9196mW VDD_CPU_GPU_CV 3108mW/3051mW VDD_SOC 2662mW/2664mW
08-04-2026 21:03:23 RAM 3886/7620MB (lfb 152x1MB) SWAP 1691/12002MB (cached 50MB) CPU [0%@1728,9%@1728,0%@1728,0%@1728,0%@1728,100%@1728] GR3D_FREQ 16% cpu@59.125C soc2@57.656C soc0@58.343C gpu@59.031C tj@59.812C soc1@59.812C VDD_IN 9271mW/9196mW VDD_CPU_GPU_CV 3108mW/3051mW VDD_SOC 2662mW/2664mW
08-04-2026 21:03:23 RAM 3886/7620MB (lfb 152x1MB) SWAP 1691/12002MB (cached 50MB) CPU [0%@1728,0%@1728,0%@1728,0%@1728,9%@1728,100%@1728] GR3D_FREQ 16% cpu@58.843C soc2@57.656C soc0@58.468C gpu@58.937C tj@59.968C soc1@59.968C VDD_IN 9271mW/9196mW VDD_CPU_GPU_CV 3108mW/3051mW VDD_SOC 2662mW/2664mW
08-04-2026 21:03:23 RAM 3886/7620MB (lfb 152x1MB) SWAP 1691/12002MB (cached 50MB) CPU [0%@1728,0%@1728,0%@1728,0%@1728,0%@1728,100%@1728] GR3D_FREQ 16% cpu@58.687C soc2@57.718C soc0@58.5C gpu@59.156C tj@59.906C soc1@59.906C VDD_IN 9230mW/9196mW VDD_CPU_GPU_CV 3067mW/3051mW VDD_SOC 2662mW/2664mW
08-04-2026 21:03:23 RAM 3886/7620MB (lfb 152x1MB) SWAP 1691/12002MB (cached 50MB) CPU [0%@1728,0%@1728,9%@1728,0%@1728,0%@1728,100%@1728] GR3D_FREQ 17% cpu@58.718C soc2@57.687C soc0@58.593C gpu@59C tj@60.062C soc1@60.062C VDD_IN 9230mW/9196mW VDD_CPU_GPU_CV 3067mW/3051mW VDD_SOC 2662mW/2664mW
08-04-2026 21:03:23 RAM 3885/7620MB (lfb 151x1MB) SWAP 1691/12002MB (cached 50MB) CPU [8%@1728,9%@1728,0%@1728,0%@1728,10%@1728,100%@1728] GR3D_FREQ 16% cpu@59.156C soc2@57.781C soc0@58.718C gpu@58.718C tj@59.843C soc1@59.843C VDD_IN 9271mW/9197mW VDD_CPU_GPU_CV 3067mW/3051mW VDD_SOC 2703mW/2664mW
08-04-2026 21:03:23 RAM 3885/7620MB (lfb 151x1MB) SWAP 1691/12002MB (cached 50MB) CPU [0%@1728,0%@1728,0%@1728,0%@1728,0%@1728,100%@1728] GR3D_FREQ 17% cpu@58.937C soc2@57.625C soc0@58.437C gpu@59.125C tj@59.906C soc1@59.906C VDD_IN 9271mW/9197mW VDD_CPU_GPU_CV 3067mW/3051mW VDD_SOC 2666mW/2664mW
08-04-2026 21:03:23 RAM 3885/7620MB (lfb 151x1MB) SWAP 1691/12002MB (cached 50MB) CPU [0%@1728,0%@1728,0%@1728,0%@1728,0%@1728,100%@1728] GR3D_FREQ 17% cpu@58.625C soc2@57.593C soc0@58.5C gpu@59C tj@59.968C soc1@59.968C VDD_IN 9230mW/9197mW VDD_CPU_GPU_CV 3067mW/3051mW VDD_SOC 2662mW/2664mW
08-04-2026 21:03:24 RAM 3885/7620MB (lfb 151x1MB) SWAP 1691/12002MB (cached 50MB) CPU [10%@1728,0%@1728,0%@1728,0%@1728,0%@1728,100%@1728] GR3D_FREQ 16% cpu@58.687C soc2@57.687C soc0@58.375C gpu@58.656C tj@59.906C soc1@60C VDD_IN 9230mW/9197mW VDD_CPU_GPU_CV 3067mW/3051mW VDD_SOC 2662mW/2664mW
08-04-2026 21:03:24 RAM 3885/7620MB (lfb 151x1MB) SWAP 1691/12002MB (cached 50MB) CPU [0%@1728,0%@1728,0%@1728,0%@1728,0%@1728,100%@1728] GR3D_FREQ 17% cpu@58.781C soc2@57.75C soc0@58.656C gpu@59.125C tj@60.093C soc1@60.093C VDD_IN 9230mW/9197mW VDD_CPU_GPU_CV 3067mW/3051mW VDD_SOC 2662mW/2664mW
08-04-2026 21:03:24 RAM 3885/7620MB (lfb 151x1MB) SWAP 1691/12002MB (cached 50MB) CPU [0%@1728,0%@1728,0%@1728,0%@1728,0%@1728,100%@1728] GR3D_FREQ 17% cpu@58.812C soc2@57.781C soc0@58.468C gpu@58.812C tj@59.875C soc1@59.875C VDD_IN 9230mW/9197mW VDD_CPU_GPU_CV 3067mW/3051mW VDD_SOC 2662mW/2664mW
08-04-2026 21:03:24 RAM 3885/7620MB (lfb 151x1MB) SWAP 1691/12002MB (cached 50MB) CPU [9%@1728,0%@1728,0%@1728,0%@1728,0%@1728,100%@1728] GR3D_FREQ 16% cpu@58.875C soc2@57.687C soc0@58.437C gpu@58.625C tj@59.937C soc1@59.937C VDD_IN 9230mW/9197mW VDD_CPU_GPU_CV 3067mW/3051mW VDD_SOC 2662mW/2664mW
08-04-2026 21:03:24 RAM 3885/7620MB (lfb 151x1MB) SWAP 1691/12002MB (cached 50MB) CPU [0%@1728,0%@1728,0%@1728,0%@1728,0%@1728,100%@1728] GR3D_FREQ 17% cpu@58.718C soc2@57.687C soc0@58.468C gpu@59.031C tj@59.937C soc1@59.937C VDD_IN 9230mW/9197mW VDD_CPU_GPU_CV 3067mW/3051mW VDD_SOC 2666mW/2664mW
08-04-2026 21:03:24 RAM 3885/7620MB (lfb 151x1MB) SWAP 1691/12002MB (cached 50MB) CPU [8%@1728,0%@1728,0%@1728,9%@1728,0%@1728,100%@1728] GR3D_FREQ 16% cpu@58.75C soc2@57.687C soc0@58.593C gpu@58.687C tj@60.062C soc1@60.062C VDD_IN 9230mW/9197mW VDD_CPU_GPU_CV 3067mW/3051mW VDD_SOC 2666mW/2664mW
08-04-2026 21:03:24 RAM 3885/7620MB (lfb 151x1MB) SWAP 1691/12002MB (cached 50MB) CPU [0%@1728,0%@1728,0%@1728,0%@1728,0%@1728,100%@1728] GR3D_FREQ 17% cpu@59.093C soc2@57.781C soc0@58.375C gpu@58.656C tj@59.843C soc1@59.843C VDD_IN 9230mW/9197mW VDD_CPU_GPU_CV 3067mW/3051mW VDD_SOC 2662mW/2664mW
08-04-2026 21:03:24 RAM 3885/7620MB (lfb 151x1MB) SWAP 1691/12002MB (cached 50MB) CPU [0%@1728,0%@1728,0%@1728,0%@1728,0%@1728,100%@1728] GR3D_FREQ 16% cpu@58.906C soc2@57.687C soc0@58.468C gpu@59.093C tj@59.843C soc1@59.843C VDD_IN 9230mW/9197mW VDD_CPU_GPU_CV 3067mW/3051mW VDD_SOC 2662mW/2664mW
08-04-2026 21:03:24 RAM 3885/7620MB (lfb 151x1MB) SWAP 1691/12002MB (cached 50MB) CPU [0%@1728,0%@1728,0%@1728,0%@1728,0%@1728,100%@1728] GR3D_FREQ 17% cpu@58.968C soc2@57.718C soc0@58.5C gpu@58.718C tj@59.906C soc1@59.906C VDD_IN 9189mW/9197mW VDD_CPU_GPU_CV 3067mW/3051mW VDD_SOC 2662mW/2664mW
08-04-2026 21:03:24 RAM 3885/7620MB (lfb 151x1MB) SWAP 1691/12002MB (cached 50MB) CPU [0%@1728,0%@1728,0%@1728,0%@1728,0%@1728,100%@1728] GR3D_FREQ 16% cpu@58.75C soc2@57.656C soc0@58.468C gpu@59.25C tj@59.937C soc1@59.937C VDD_IN 9189mW/9197mW VDD_CPU_GPU_CV 3067mW/3051mW VDD_SOC 2666mW/2664mW
08-04-2026 21:03:25 RAM 3885/7620MB (lfb 151x1MB) SWAP 1691/12002MB (cached 50MB) CPU [0%@1728,0%@1728,0%@1728,0%@1728,0%@1728,100%@1728] GR3D_FREQ 17% cpu@58.75C soc2@57.687C soc0@58.593C gpu@58.75C tj@60.125C soc1@60.125C VDD_IN 9189mW/9197mW VDD_CPU_GPU_CV 3067mW/3051mW VDD_SOC 2662mW/2664mW
08-04-2026 21:03:25 RAM 3885/7620MB (lfb 151x1MB) SWAP 1691/12002MB (cached 50MB) CPU [0%@1728,0%@1728,8%@1728,0%@1728,0%@1728,100%@1728] GR3D_FREQ 16% cpu@58.906C soc2@57.781C soc0@58.437C gpu@58.687C tj@59.875C soc1@59.875C VDD_IN 9189mW/9197mW VDD_CPU_GPU_CV 3067mW/3051mW VDD_SOC 2666mW/2664mW
08-04-2026 21:03:25 RAM 3885/7620MB (lfb 151x1MB) SWAP 1691/12002MB (cached 50MB) CPU [0%@1728,0%@1728,0%@1728,0%@1728,0%@1728,100%@1728] GR3D_FREQ 17% cpu@58.906C soc2@57.656C soc0@58.5C gpu@58.906C tj@59.906C soc1@59.906C VDD_IN 9189mW/9197mW VDD_CPU_GPU_CV 3067mW/3051mW VDD_SOC 2662mW/2664mW
08-04-2026 21:03:25 RAM 3885/7620MB (lfb 151x1MB) SWAP 1691/12002MB (cached 50MB) CPU [0%@1728,9%@1728,9%@1728,0%@1728,0%@1728,100%@1728] GR3D_FREQ 17% cpu@58.656C soc2@57.718C soc0@58.531C gpu@58.718C tj@59.906C soc1@59.906C VDD_IN 9189mW/9197mW VDD_CPU_GPU_CV 3067mW/3051mW VDD_SOC 2662mW/2664mW
08-04-2026 21:03:25 RAM 3885/7620MB (lfb 151x1MB) SWAP 1691/12002MB (cached 50MB) CPU [0%@1728,0%@1728,0%@1728,0%@1728,0%@1728,100%@1728] GR3D_FREQ 17% cpu@58.75C soc2@57.718C soc0@58.531C gpu@58.75C tj@59.968C soc1@59.968C VDD_IN 9189mW/9197mW VDD_CPU_GPU_CV 3067mW/3051mW VDD_SOC 2666mW/2664mW
08-04-2026 21:03:25 RAM 3885/7620MB (lfb 151x1MB) SWAP 1691/12002MB (cached 50MB) CPU [0%@1728,8%@1728,0%@1728,0%@1728,0%@1728,100%@1728] GR3D_FREQ 16% cpu@58.781C soc2@57.75C soc0@58.687C gpu@58.75C tj@59.843C soc1@59.843C VDD_IN 9189mW/9197mW VDD_CPU_GPU_CV 3067mW/3051mW VDD_SOC 2666mW/2664mW
08-04-2026 21:03:25 RAM 3885/7620MB (lfb 151x1MB) SWAP 1691/12002MB (cached 50MB) CPU [0%@1728,0%@1728,0%@1728,0%@1728,0%@1728,100%@1728] GR3D_FREQ 17% cpu@58.875C soc2@57.687C soc0@58.468C gpu@58.687C tj@59.906C soc1@59.906C VDD_IN 9189mW/9197mW VDD_CPU_GPU_CV 3067mW/3051mW VDD_SOC 2662mW/2664mW
08-04-2026 21:03:25 RAM 3885/7620MB (lfb 151x1MB) SWAP 1691/12002MB (cached 50MB) CPU [0%@1728,0%@1728,0%@1728,0%@1728,0%@1728,100%@1728] GR3D_FREQ 17% cpu@58.656C soc2@57.593C soc0@58.406C gpu@58.718C tj@59.906C soc1@59.906C VDD_IN 9189mW/9197mW VDD_CPU_GPU_CV 3067mW/3051mW VDD_SOC 2662mW/2664mW
08-04-2026 21:03:25 RAM 3885/7620MB (lfb 151x1MB) SWAP 1691/12002MB (cached 50MB) CPU [0%@1728,0%@1728,0%@1728,0%@1728,0%@1728,100%@1728] GR3D_FREQ 17% cpu@58.75C soc2@57.718C soc0@58.562C gpu@58.875C tj@59.906C soc1@59.968C VDD_IN 9189mW/9197mW VDD_CPU_GPU_CV 3067mW/3052mW VDD_SOC 2666mW/2664mW
08-04-2026 21:03:26 RAM 3885/7620MB (lfb 151x1MB) SWAP 1691/12002MB (cached 50MB) CPU [0%@1728,0%@1728,0%@1728,0%@1728,0%@1728,100%@1728] GR3D_FREQ 17% cpu@58.718C soc2@57.687C soc0@58.562C gpu@58.75C tj@60C soc1@60C VDD_IN 9189mW/9197mW VDD_CPU_GPU_CV 3026mW/3051mW VDD_SOC 2662mW/2664mW
08-04-2026 21:03:26 RAM 3885/7620MB (lfb 151x1MB) SWAP 1691/12002MB (cached 50MB) CPU [0%@1728,0%@1728,0%@1728,0%@1728,0%@1728,100%@1728] GR3D_FREQ 17% cpu@58.875C soc2@57.781C soc0@58.718C gpu@58.781C tj@59.812C soc1@59.812C VDD_IN 9189mW/9197mW VDD_CPU_GPU_CV 3026mW/3051mW VDD_SOC 2666mW/2664mW
08-04-2026 21:03:26 RAM 3885/7620MB (lfb 151x1MB) SWAP 1691/12002MB (cached 50MB) CPU [0%@1728,0%@1728,0%@1728,0%@1728,0%@1728,100%@1728] GR3D_FREQ 16% cpu@58.937C soc2@57.625C soc0@58.343C gpu@58.781C tj@59.875C soc1@59.875C VDD_IN 9189mW/9197mW VDD_CPU_GPU_CV 3026mW/3051mW VDD_SOC 2662mW/2664mW
08-04-2026 21:03:26 RAM 3885/7620MB (lfb 151x1MB) SWAP 1691/12002MB (cached 50MB) CPU [0%@1728,9%@1728,0%@1728,0%@1728,0%@1728,100%@1728] GR3D_FREQ 17% cpu@58.75C soc2@57.625C soc0@58.343C gpu@58.75C tj@59.906C soc1@59.906C VDD_IN 9189mW/9197mW VDD_CPU_GPU_CV 3067mW/3051mW VDD_SOC 2662mW/2664mW
08-04-2026 21:03:26 RAM 3887/7620MB (lfb 151x1MB) SWAP 1691/12002MB (cached 50MB) CPU [10%@1728,0%@1728,20%@1728,0%@1728,9%@1728,100%@1728] GR3D_FREQ 16% cpu@59C soc2@57.75C soc0@58.531C gpu@58.875C tj@60.031C soc1@60.031C VDD_IN 9271mW/9197mW VDD_CPU_GPU_CV 3108mW/3052mW VDD_SOC 2662mW/2664mW
08-04-2026 21:03:26 RAM 3885/7620MB (lfb 151x1MB) SWAP 1691/12002MB (cached 50MB) CPU [0%@1728,0%@1728,0%@1728,0%@1728,0%@1728,100%@1728] GR3D_FREQ 17% cpu@58.812C soc2@57.75C soc0@58.625C gpu@58.75C tj@60.093C soc1@60.093C VDD_IN 9271mW/9197mW VDD_CPU_GPU_CV 3108mW/3052mW VDD_SOC 2662mW/2664mW
08-04-2026 21:03:26 RAM 3885/7620MB (lfb 151x1MB) SWAP 1691/12002MB (cached 50MB) CPU [0%@1728,0%@1728,0%@1728,0%@1728,0%@1728,100%@1728] GR3D_FREQ 16% cpu@58.937C soc2@57.812C soc0@58.406C gpu@58.75C tj@59.843C soc1@59.843C VDD_IN 9271mW/9198mW VDD_CPU_GPU_CV 3067mW/3052mW VDD_SOC 2662mW/2664mW
08-04-2026 21:03:26 RAM 3885/7620MB (lfb 151x1MB) SWAP 1691/12002MB (cached 50MB) CPU [0%@1728,0%@1728,0%@1728,0%@1728,0%@1728,100%@1728] GR3D_FREQ 17% cpu@58.718C soc2@57.656C soc0@58.406C gpu@58.875C tj@59.937C soc1@59.937C VDD_IN 9230mW/9198mW VDD_CPU_GPU_CV 3067mW/3052mW VDD_SOC 2662mW/2664mW
08-04-2026 21:03:26 RAM 3885/7620MB (lfb 151x1MB) SWAP 1691/12002MB (cached 50MB) CPU [0%@1728,0%@1728,8%@1728,0%@1728,0%@1728,100%@1728] GR3D_FREQ 17% cpu@58.625C soc2@57.593C soc0@58.5C gpu@58.718C tj@59.937C soc1@59.937C VDD_IN 9230mW/9198mW VDD_CPU_GPU_CV 3067mW/3052mW VDD_SOC 2662mW/2664mW
08-04-2026 21:03:26 RAM 3885/7620MB (lfb 151x1MB) SWAP 1691/12002MB (cached 50MB) CPU [0%@1728,0%@1728,9%@1728,0%@1728,0%@1728,100%@1728] GR3D_FREQ 17% cpu@58.75C soc2@57.75C soc0@58.562C gpu@58.875C tj@60C soc1@60C VDD_IN 9230mW/9198mW VDD_CPU_GPU_CV 3067mW/3052mW VDD_SOC 2662mW/2664mW
08-04-2026 21:03:27 RAM 3885/7620MB (lfb 151x1MB) SWAP 1691/12002MB (cached 50MB) CPU [0%@1728,0%@1728,0%@1728,0%@1728,0%@1728,100%@1728] GR3D_FREQ 16% cpu@58.906C soc2@57.75C soc0@58.687C gpu@58.906C tj@59.906C soc1@59.906C VDD_IN 9230mW/9198mW VDD_CPU_GPU_CV 3067mW/3052mW VDD_SOC 2662mW/2664mW
08-04-2026 21:03:27 RAM 3885/7620MB (lfb 151x1MB) SWAP 1691/12002MB (cached 50MB) CPU [0%@1728,0%@1728,0%@1728,0%@1728,0%@1728,100%@1728] GR3D_FREQ 17% cpu@58.937C soc2@57.625C soc0@58.437C gpu@58.75C tj@59.812C soc1@59.812C VDD_IN 9230mW/9198mW VDD_CPU_GPU_CV 3067mW/3052mW VDD_SOC 2662mW/2664mW
08-04-2026 21:03:27 RAM 3885/7620MB (lfb 151x1MB) SWAP 1691/12002MB (cached 50MB) CPU [0%@1728,0%@1728,0%@1728,0%@1728,0%@1728,100%@1728] GR3D_FREQ 17% cpu@58.625C soc2@57.593C soc0@58.468C gpu@58.937C tj@59.968C soc1@59.968C VDD_IN 9230mW/9198mW VDD_CPU_GPU_CV 3067mW/3052mW VDD_SOC 2662mW/2664mW
08-04-2026 21:03:27 RAM 3885/7620MB (lfb 151x1MB) SWAP 1691/12002MB (cached 50MB) CPU [0%@1728,9%@1728,0%@1728,0%@1728,0%@1728,100%@1728] GR3D_FREQ 16% cpu@58.781C soc2@57.625C soc0@58.531C gpu@58.812C tj@60C soc1@60.062C VDD_IN 9230mW/9198mW VDD_CPU_GPU_CV 3067mW/3052mW VDD_SOC 2662mW/2664mW
08-04-2026 21:03:27 RAM 3885/7620MB (lfb 151x1MB) SWAP 1691/12002MB (cached 50MB) CPU [0%@1728,0%@1728,8%@1728,0%@1728,0%@1728,100%@1728] GR3D_FREQ 17% cpu@58.875C soc2@57.718C soc0@58.718C gpu@58.781C tj@60.125C soc1@60.125C VDD_IN 9189mW/9198mW VDD_CPU_GPU_CV 3067mW/3052mW VDD_SOC 2662mW/2664mW
08-04-2026 21:03:27 RAM 3885/7620MB (lfb 151x1MB) SWAP 1691/12002MB (cached 50MB) CPU [8%@1728,0%@1728,0%@1728,0%@1728,0%@1728,100%@1728] GR3D_FREQ 17% cpu@58.906C soc2@57.593C soc0@58.468C gpu@58.937C tj@59.906C soc1@59.906C VDD_IN 9189mW/9198mW VDD_CPU_GPU_CV 3067mW/3052mW VDD_SOC 2662mW/2664mW
08-04-2026 21:03:27 RAM 3885/7620MB (lfb 151x1MB) SWAP 1691/12002MB (cached 50MB) CPU [0%@1728,0%@1728,0%@1728,0%@1728,0%@1728,100%@1728] GR3D_FREQ 17% cpu@58.843C soc2@57.625C soc0@58.437C gpu@58.812C tj@59.906C soc1@59.906C VDD_IN 9189mW/9198mW VDD_CPU_GPU_CV 3067mW/3052mW VDD_SOC 2662mW/2664mW
08-04-2026 21:03:27 RAM 3885/7620MB (lfb 151x1MB) SWAP 1691/12002MB (cached 50MB) CPU [8%@1728,0%@1728,0%@1728,0%@1728,0%@1728,100%@1728] GR3D_FREQ 17% cpu@58.687C soc2@57.625C soc0@58.531C gpu@59.031C tj@59.937C soc1@59.937C VDD_IN 9189mW/9198mW VDD_CPU_GPU_CV 3067mW/3052mW VDD_SOC 2662mW/2664mW
08-04-2026 21:03:27 RAM 3885/7620MB (lfb 151x1MB) SWAP 1691/12002MB (cached 50MB) CPU [0%@1728,0%@1728,9%@1728,0%@1728,0%@1728,100%@1728] GR3D_FREQ 17% cpu@58.718C soc2@57.75C soc0@58.625C gpu@58.906C tj@60.062C soc1@60.062C VDD_IN 9189mW/9198mW VDD_CPU_GPU_CV 3067mW/3052mW VDD_SOC 2662mW/2664mW
08-04-2026 21:03:28 RAM 3885/7620MB (lfb 151x1MB) SWAP 1691/12002MB (cached 50MB) CPU [0%@1728,8%@1728,0%@1728,0%@1728,0%@1728,100%@1728] GR3D_FREQ 16% cpu@58.875C soc2@57.687C soc0@58.718C gpu@58.843C tj@60.125C soc1@60.125C VDD_IN 9189mW/9198mW VDD_CPU_GPU_CV 3067mW/3052mW VDD_SOC 2666mW/2664mW
08-04-2026 21:03:28 RAM 3885/7620MB (lfb 151x1MB) SWAP 1691/12002MB (cached 50MB) CPU [0%@1728,0%@1728,0%@1728,0%@1728,0%@1728,100%@1728] GR3D_FREQ 17% cpu@58.843C soc2@57.687C soc0@58.406C gpu@58.937C tj@59.906C soc1@59.906C VDD_IN 9189mW/9198mW VDD_CPU_GPU_CV 3067mW/3052mW VDD_SOC 2662mW/2664mW
08-04-2026 21:03:28 RAM 3885/7620MB (lfb 151x1MB) SWAP 1691/12002MB (cached 50MB) CPU [0%@1728,0%@1728,0%@1728,0%@1728,0%@1728,100%@1728] GR3D_FREQ 17% cpu@58.687C soc2@57.656C soc0@58.437C gpu@58.843C tj@59.875C soc1@59.875C VDD_IN 9189mW/9198mW VDD_CPU_GPU_CV 3067mW/3052mW VDD_SOC 2666mW/2664mW
08-04-2026 21:03:28 RAM 3885/7620MB (lfb 151x1MB) SWAP 1691/12002MB (cached 50MB) CPU [0%@1728,0%@1728,0%@1728,0%@1728,0%@1728,100%@1728] GR3D_FREQ 17% cpu@58.687C soc2@57.687C soc0@58.5C gpu@59.062C tj@59.937C soc1@59.937C VDD_IN 9230mW/9198mW VDD_CPU_GPU_CV 3067mW/3052mW VDD_SOC 2662mW/2664mW
08-04-2026 21:03:28 RAM 3885/7620MB (lfb 151x1MB) SWAP 1691/12002MB (cached 50MB) CPU [0%@1728,0%@1728,9%@1728,8%@1728,0%@1728,100%@1728] GR3D_FREQ 16% cpu@58.812C soc2@57.718C soc0@58.593C gpu@58.906C tj@60.093C soc1@60.093C VDD_IN 9230mW/9198mW VDD_CPU_GPU_CV 3067mW/3052mW VDD_SOC 2662mW/2664mW
08-04-2026 21:03:28 RAM 3885/7620MB (lfb 151x1MB) SWAP 1691/12002MB (cached 50MB) CPU [0%@1728,0%@1728,0%@1728,0%@1728,0%@1728,100%@1728] GR3D_FREQ 17% cpu@58.906C soc2@57.781C soc0@58.406C gpu@58.843C tj@59.875C soc1@59.875C VDD_IN 9189mW/9198mW VDD_CPU_GPU_CV 3067mW/3052mW VDD_SOC 2662mW/2664mW
08-04-2026 21:03:28 RAM 3885/7620MB (lfb 151x1MB) SWAP 1691/12002MB (cached 50MB) CPU [0%@1728,9%@1728,0%@1728,0%@1728,0%@1728,100%@1728] GR3D_FREQ 16% cpu@58.937C soc2@57.75C soc0@58.406C gpu@59.125C tj@59.906C soc1@59.906C VDD_IN 9189mW/9198mW VDD_CPU_GPU_CV 3067mW/3052mW VDD_SOC 2666mW/2664mW
08-04-2026 21:03:28 RAM 3885/7620MB (lfb 151x1MB) SWAP 1691/12002MB (cached 50MB) CPU [0%@1728,0%@1728,0%@1728,0%@1728,0%@1728,100%@1728] GR3D_FREQ 16% cpu@58.718C soc2@57.656C soc0@58.562C gpu@58.937C tj@59.937C soc1@59.937C VDD_IN 9189mW/9198mW VDD_CPU_GPU_CV 3067mW/3052mW VDD_SOC 2662mW/2664mW
08-04-2026 21:03:28 RAM 3885/7620MB (lfb 151x1MB) SWAP 1691/12002MB (cached 50MB) CPU [0%@1728,0%@1728,0%@1728,0%@1728,0%@1728,100%@1728] GR3D_FREQ 16% cpu@58.781C soc2@57.718C soc0@58.531C gpu@59.25C tj@60.031C soc1@60.031C VDD_IN 9189mW/9198mW VDD_CPU_GPU_CV 3067mW/3052mW VDD_SOC 2662mW/2664mW
08-04-2026 21:03:28 RAM 3885/7620MB (lfb 151x1MB) SWAP 1691/12002MB (cached 50MB) CPU [0%@1728,0%@1728,0%@1728,0%@1728,0%@1728,100%@1728] GR3D_FREQ 17% cpu@58.812C soc2@57.718C soc0@58.562C gpu@58.968C tj@59.843C soc1@59.843C VDD_IN 9189mW/9198mW VDD_CPU_GPU_CV 3067mW/3052mW VDD_SOC 2662mW/2664mW
08-04-2026 21:03:29 RAM 3885/7620MB (lfb 151x1MB) SWAP 1691/12002MB (cached 50MB) CPU [0%@1728,0%@1728,0%@1728,0%@1728,0%@1728,100%@1728] GR3D_FREQ 16% cpu@58.906C soc2@57.75C soc0@58.5C gpu@59C tj@59.906C soc1@59.906C VDD_IN 9189mW/9198mW VDD_CPU_GPU_CV 3067mW/3052mW VDD_SOC 2666mW/2664mW
08-04-2026 21:03:29 RAM 3885/7620MB (lfb 151x1MB) SWAP 1691/12002MB (cached 50MB) CPU [0%@1728,0%@1728,0%@1728,0%@1728,0%@1728,100%@1728] GR3D_FREQ 16% cpu@59C soc2@57.656C soc0@58.593C gpu@59.25C tj@59.906C soc1@59.906C VDD_IN 9189mW/9198mW VDD_CPU_GPU_CV 3067mW/3052mW VDD_SOC 2666mW/2664mW
08-04-2026 21:03:29 RAM 3885/7620MB (lfb 151x1MB) SWAP 1691/12002MB (cached 50MB) CPU [0%@1728,0%@1728,0%@1728,0%@1728,0%@1728,100%@1728] GR3D_FREQ 16% cpu@58.656C soc2@57.718C soc0@58.468C gpu@59.062C tj@59.906C soc1@59.906C VDD_IN 9189mW/9198mW VDD_CPU_GPU_CV 3067mW/3052mW VDD_SOC 2666mW/2664mW
08-04-2026 21:03:29 RAM 3885/7620MB (lfb 151x1MB) SWAP 1691/12002MB (cached 50MB) CPU [0%@1728,0%@1728,9%@1728,0%@1728,0%@1728,100%@1728] GR3D_FREQ 16% cpu@58.812C soc2@57.75C soc0@58.593C gpu@58.75C tj@60.031C soc1@60.031C VDD_IN 9189mW/9198mW VDD_CPU_GPU_CV 3067mW/3052mW VDD_SOC 2666mW/2664mW
08-04-2026 21:03:29 RAM 3885/7620MB (lfb 151x1MB) SWAP 1691/12002MB (cached 50MB) CPU [0%@1728,0%@1728,0%@1728,0%@1728,0%@1728,100%@1728] GR3D_FREQ 17% cpu@58.906C soc2@57.75C soc0@58.656C gpu@59.281C tj@59.843C soc1@59.843C VDD_IN 9189mW/9198mW VDD_CPU_GPU_CV 3067mW/3052mW VDD_SOC 2662mW/2664mW
08-04-2026 21:03:29 RAM 3885/7620MB (lfb 151x1MB) SWAP 1691/12002MB (cached 50MB) CPU [0%@1728,0%@1728,0%@1728,8%@1728,0%@1728,100%@1728] GR3D_FREQ 17% cpu@59.062C soc2@57.718C soc0@58.437C gpu@58.968C tj@59.906C soc1@59.906C VDD_IN 9189mW/9198mW VDD_CPU_GPU_CV 3067mW/3052mW VDD_SOC 2662mW/2664mW
08-04-2026 21:03:29 RAM 3887/7620MB (lfb 151x1MB) SWAP 1691/12002MB (cached 50MB) CPU [20%@1728,18%@1728,0%@1728,0%@1728,0%@1728,100%@1728] GR3D_FREQ 16% cpu@59.156C soc2@57.75C soc0@58.468C gpu@58.75C tj@59.937C soc1@59.937C VDD_IN 9271mW/9198mW VDD_CPU_GPU_CV 3108mW/3052mW VDD_SOC 2662mW/2664mW
08-04-2026 21:03:29 RAM 3885/7620MB (lfb 151x1MB) SWAP 1691/12002MB (cached 50MB) CPU [0%@1728,0%@1728,0%@1728,9%@1728,0%@1728,100%@1728] GR3D_FREQ 17% cpu@58.718C soc2@57.656C soc0@58.531C gpu@59.125C tj@60.062C soc1@60.062C VDD_IN 9271mW/9198mW VDD_CPU_GPU_CV 3108mW/3053mW VDD_SOC 2662mW/2664mW
08-04-2026 21:03:29 RAM 3885/7620MB (lfb 151x1MB) SWAP 1691/12002MB (cached 50MB) CPU [0%@1728,0%@1728,0%@1728,0%@1728,0%@1728,100%@1728] GR3D_FREQ 16% cpu@58.812C soc2@57.781C soc0@58.562C gpu@58.937C tj@60.093C soc1@60.093C VDD_IN 9230mW/9198mW VDD_CPU_GPU_CV 3067mW/3053mW VDD_SOC 2662mW/2664mW
08-04-2026 21:03:30 RAM 3885/7620MB (lfb 151x1MB) SWAP 1691/12002MB (cached 50MB) CPU [0%@1728,0%@1728,0%@1728,0%@1728,0%@1728,100%@1728] GR3D_FREQ 17% cpu@58.937C soc2@57.75C soc0@58.437C gpu@58.656C tj@59.875C soc1@59.875C VDD_IN 9230mW/9198mW VDD_CPU_GPU_CV 3067mW/3053mW VDD_SOC 2662mW/2664mW
08-04-2026 21:03:30 RAM 3885/7620MB (lfb 151x1MB) SWAP 1691/12002MB (cached 50MB) CPU [0%@1728,0%@1728,0%@1728,0%@1728,0%@1728,100%@1728] GR3D_FREQ 16% cpu@59.031C soc2@57.625C soc0@58.593C gpu@59.093C tj@59.937C soc1@59.937C VDD_IN 9230mW/9198mW VDD_CPU_GPU_CV 3067mW/3053mW VDD_SOC 2662mW/2664mW
08-04-2026 21:03:30 RAM 3885/7620MB (lfb 151x1MB) SWAP 1691/12002MB (cached 50MB) CPU [0%@1728,0%@1728,0%@1728,0%@1728,9%@1728,100%@1728] GR3D_FREQ 17% cpu@58.687C soc2@57.656C soc0@58.468C gpu@58.781C tj@60C soc1@60C VDD_IN 9230mW/9198mW VDD_CPU_GPU_CV 3067mW/3053mW VDD_SOC 2662mW/2664mW
08-04-2026 21:03:30 RAM 3885/7620MB (lfb 151x1MB) SWAP 1691/12002MB (cached 50MB) CPU [0%@1728,0%@1728,0%@1728,0%@1728,0%@1728,100%@1728] GR3D_FREQ 16% cpu@58.906C soc2@57.687C soc0@58.625C gpu@58.656C tj@60.093C soc1@60.093C VDD_IN 9230mW/9198mW VDD_CPU_GPU_CV 3067mW/3053mW VDD_SOC 2662mW/2664mW
08-04-2026 21:03:30 RAM 3885/7620MB (lfb 151x1MB) SWAP 1691/12002MB (cached 50MB) CPU [15%@1728,8%@1728,0%@1728,0%@1728,0%@1728,100%@1728] GR3D_FREQ 17% cpu@58.937C soc2@57.812C soc0@58.625C gpu@59C tj@59.906C soc1@59.906C VDD_IN 9230mW/9198mW VDD_CPU_GPU_CV 3067mW/3053mW VDD_SOC 2662mW/2664mW
08-04-2026 21:03:30 RAM 3885/7620MB (lfb 151x1MB) SWAP 1691/12002MB (cached 50MB) CPU [0%@1728,0%@1728,0%@1728,0%@1728,0%@1728,100%@1728] GR3D_FREQ 16% cpu@58.968C soc2@57.625C soc0@58.468C gpu@58.75C tj@59.906C soc1@59.906C VDD_IN 9230mW/9198mW VDD_CPU_GPU_CV 3067mW/3053mW VDD_SOC 2662mW/2664mW
08-04-2026 21:03:30 RAM 3885/7620MB (lfb 151x1MB) SWAP 1691/12002MB (cached 50MB) CPU [0%@1728,0%@1728,0%@1728,0%@1728,0%@1728,100%@1728] GR3D_FREQ 17% cpu@59.062C soc2@57.625C soc0@58.5C gpu@59.218C tj@59.968C soc1@59.968C VDD_IN 9230mW/9198mW VDD_CPU_GPU_CV 3067mW/3053mW VDD_SOC 2662mW/2664mW
08-04-2026 21:03:30 RAM 3885/7620MB (lfb 151x1MB) SWAP 1691/12002MB (cached 50MB) CPU [0%@1728,0%@1728,0%@1728,0%@1728,0%@1728,100%@1728] GR3D_FREQ 16% cpu@58.718C soc2@57.75C soc0@58.5C gpu@58.968C tj@59.937C soc1@59.937C VDD_IN 9189mW/9198mW VDD_CPU_GPU_CV 3067mW/3053mW VDD_SOC 2662mW/2664mW
08-04-2026 21:03:30 RAM 3885/7620MB (lfb 151x1MB) SWAP 1691/12002MB (cached 50MB) CPU [0%@1728,0%@1728,0%@1728,0%@1728,0%@1728,100%@1728] GR3D_FREQ 17% cpu@58.781C soc2@57.75C soc0@58.656C gpu@58.687C tj@60.125C soc1@60.125C VDD_IN 9189mW/9198mW VDD_CPU_GPU_CV 3067mW/3053mW VDD_SOC 2662mW/2664mW
08-04-2026 21:03:30 RAM 3885/7620MB (lfb 151x1MB) SWAP 1691/12002MB (cached 50MB) CPU [0%@1728,0%@1728,0%@1728,0%@1728,0%@1728,100%@1728] GR3D_FREQ 17% cpu@58.875C soc2@57.75C soc0@58.406C gpu@59.187C tj@59.906C soc1@59.906C VDD_IN 9189mW/9198mW VDD_CPU_GPU_CV 3067mW/3053mW VDD_SOC 2662mW/2664mW
08-04-2026 21:03:31 RAM 3885/7620MB (lfb 151x1MB) SWAP 1691/12002MB (cached 50MB) CPU [0%@1728,0%@1728,0%@1728,0%@1728,0%@1728,100%@1728] GR3D_FREQ 16% cpu@59.093C soc2@57.562C soc0@58.437C gpu@58.75C tj@59.843C soc1@59.843C VDD_IN 9189mW/9198mW VDD_CPU_GPU_CV 3067mW/3053mW VDD_SOC 2662mW/2664mW
08-04-2026 21:03:31 RAM 3885/7620MB (lfb 151x1MB) SWAP 1691/12002MB (cached 50MB) CPU [0%@1728,0%@1728,0%@1728,0%@1728,0%@1728,100%@1728] GR3D_FREQ 17% cpu@58.906C soc2@57.718C soc0@58.562C gpu@58.687C tj@59.906C soc1@59.906C VDD_IN 9189mW/9198mW VDD_CPU_GPU_CV 3067mW/3053mW VDD_SOC 2662mW/2664mW
08-04-2026 21:03:31 RAM 3885/7620MB (lfb 151x1MB) SWAP 1691/12002MB (cached 50MB) CPU [0%@1728,0%@1728,0%@1728,0%@1728,0%@1728,100%@1728] GR3D_FREQ 17% cpu@58.843C soc2@57.656C soc0@58.5C gpu@58.843C tj@60.031C soc1@60.031C VDD_IN 9189mW/9198mW VDD_CPU_GPU_CV 3067mW/3053mW VDD_SOC 2662mW/2664mW
08-04-2026 21:03:31 RAM 3885/7620MB (lfb 151x1MB) SWAP 1691/12002MB (cached 50MB) CPU [0%@1728,0%@1728,0%@1728,0%@1728,0%@1728,100%@1728] GR3D_FREQ 16% cpu@58.875C soc2@57.75C soc0@58.625C gpu@58.843C tj@60.125C soc1@60.125C VDD_IN 9189mW/9198mW VDD_CPU_GPU_CV 3067mW/3053mW VDD_SOC 2662mW/2664mW
08-04-2026 21:03:31 RAM 3885/7620MB (lfb 151x1MB) SWAP 1691/12002MB (cached 50MB) CPU [0%@1728,0%@1728,0%@1728,0%@1728,8%@1728,100%@1728] GR3D_FREQ 17% cpu@58.937C soc2@57.75C soc0@58.437C gpu@58.718C tj@59.875C soc1@59.875C VDD_IN 9189mW/9198mW VDD_CPU_GPU_CV 3067mW/3053mW VDD_SOC 2666mW/2664mW
08-04-2026 21:03:31 RAM 3885/7620MB (lfb 151x1MB) SWAP 1691/12002MB (cached 50MB) CPU [0%@1728,0%@1728,0%@1728,0%@1728,0%@1728,100%@1728] GR3D_FREQ 17% cpu@59.093C soc2@57.625C soc0@58.468C gpu@58.812C tj@59.906C soc1@59.906C VDD_IN 9189mW/9198mW VDD_CPU_GPU_CV 3067mW/3053mW VDD_SOC 2662mW/2664mW
08-04-2026 21:03:31 RAM 3885/7620MB (lfb 151x1MB) SWAP 1691/12002MB (cached 50MB) CPU [0%@1728,0%@1728,0%@1728,0%@1728,0%@1728,100%@1728] GR3D_FREQ 16% cpu@58.718C soc2@57.718C soc0@58.593C gpu@58.812C tj@60C soc1@60C VDD_IN 9189mW/9198mW VDD_CPU_GPU_CV 3067mW/3053mW VDD_SOC 2662mW/2664mW
08-04-2026 21:03:31 RAM 3885/7620MB (lfb 151x1MB) SWAP 1691/12002MB (cached 50MB) CPU [0%@1728,0%@1728,0%@1728,0%@1728,0%@1728,100%@1728] GR3D_FREQ 17% cpu@58.812C soc2@57.718C soc0@58.593C gpu@58.687C tj@60.062C soc1@60.062C VDD_IN 9189mW/9198mW VDD_CPU_GPU_CV 3026mW/3053mW VDD_SOC 2666mW/2664mW
08-04-2026 21:03:31 RAM 3885/7620MB (lfb 151x1MB) SWAP 1691/12002MB (cached 50MB) CPU [0%@1728,0%@1728,0%@1728,0%@1728,0%@1728,100%@1728] GR3D_FREQ 17% cpu@58.937C soc2@57.75C soc0@58.281C gpu@58.875C tj@59.906C soc1@59.906C VDD_IN 9189mW/9198mW VDD_CPU_GPU_CV 3026mW/3053mW VDD_SOC 2662mW/2664mW
08-04-2026 21:03:32 RAM 3885/7620MB (lfb 151x1MB) SWAP 1691/12002MB (cached 50MB) CPU [0%@1728,0%@1728,0%@1728,0%@1728,0%@1728,100%@1728] GR3D_FREQ 17% cpu@59.062C soc2@57.687C soc0@58.406C gpu@58.781C tj@59.843C soc1@59.843C VDD_IN 9189mW/9198mW VDD_CPU_GPU_CV 3067mW/3053mW VDD_SOC 2662mW/2664mW
08-04-2026 21:03:32 RAM 3885/7620MB (lfb 151x1MB) SWAP 1691/12002MB (cached 50MB) CPU [0%@1728,9%@1728,0%@1728,0%@1728,0%@1728,100%@1728] GR3D_FREQ 17% cpu@58.656C soc2@57.687C soc0@58.5C gpu@58.656C tj@59.937C soc1@59.937C VDD_IN 9189mW/9198mW VDD_CPU_GPU_CV 3067mW/3053mW VDD_SOC 2662mW/2664mW
08-04-2026 21:03:32 RAM 3885/7620MB (lfb 151x1MB) SWAP 1691/12002MB (cached 50MB) CPU [0%@1728,9%@1728,0%@1728,0%@1728,0%@1728,100%@1728] GR3D_FREQ 17% cpu@58.875C soc2@57.625C soc0@58.531C gpu@58.718C tj@60.031C soc1@60.031C VDD_IN 9189mW/9198mW VDD_CPU_GPU_CV 3067mW/3053mW VDD_SOC 2666mW/2664mW
08-04-2026 21:03:32 RAM 3885/7620MB (lfb 151x1MB) SWAP 1691/12002MB (cached 50MB) CPU [0%@1728,0%@1728,0%@1728,0%@1728,0%@1728,100%@1728] GR3D_FREQ 16% cpu@58.937C soc2@57.75C soc0@58.625C gpu@58.75C tj@60.062C soc1@60.062C VDD_IN 9189mW/9198mW VDD_CPU_GPU_CV 3067mW/3053mW VDD_SOC 2662mW/2664mW
08-04-2026 21:03:32 RAM 3885/7620MB (lfb 151x1MB) SWAP 1691/12002MB (cached 50MB) CPU [0%@1728,0%@1728,0%@1728,0%@1728,0%@1728,100%@1728] GR3D_FREQ 17% cpu@58.937C soc2@57.656C soc0@58.468C gpu@58.906C tj@59.812C soc1@59.812C VDD_IN 9230mW/9198mW VDD_CPU_GPU_CV 3067mW/3053mW VDD_SOC 2662mW/2664mW
08-04-2026 21:03:32 RAM 3885/7620MB (lfb 151x1MB) SWAP 1691/12002MB (cached 50MB) CPU [0%@1728,0%@1728,0%@1728,0%@1728,0%@1728,100%@1728] GR3D_FREQ 17% cpu@58.937C soc2@57.718C soc0@58.468C gpu@58.812C tj@59.906C soc1@59.906C VDD_IN 9230mW/9198mW VDD_CPU_GPU_CV 3067mW/3053mW VDD_SOC 2666mW/2664mW
08-04-2026 21:03:32 RAM 3885/7620MB (lfb 151x1MB) SWAP 1691/12002MB (cached 50MB) CPU [0%@1728,0%@1728,0%@1728,9%@1728,0%@1728,100%@1728] GR3D_FREQ 16% cpu@58.718C soc2@57.718C soc0@58.593C gpu@58.75C tj@60C soc1@60C VDD_IN 9230mW/9198mW VDD_CPU_GPU_CV 3067mW/3053mW VDD_SOC 2662mW/2664mW
08-04-2026 21:03:32 RAM 3885/7620MB (lfb 151x1MB) SWAP 1691/12002MB (cached 50MB) CPU [15%@1728,0%@1728,0%@1728,0%@1728,0%@1728,100%@1728] GR3D_FREQ 17% cpu@58.875C soc2@57.718C soc0@58.562C gpu@58.843C tj@60.062C soc1@60.062C VDD_IN 9189mW/9198mW VDD_CPU_GPU_CV 3067mW/3053mW VDD_SOC 2662mW/2664mW
08-04-2026 21:03:32 RAM 3885/7620MB (lfb 151x1MB) SWAP 1691/12002MB (cached 50MB) CPU [0%@1728,0%@1728,0%@1728,0%@1728,0%@1728,100%@1728] GR3D_FREQ 16% cpu@58.906C soc2@57.781C soc0@58.468C gpu@58.718C tj@59.906C soc1@59.906C VDD_IN 9189mW/9198mW VDD_CPU_GPU_CV 3026mW/3053mW VDD_SOC 2662mW/2664mW
08-04-2026 21:03:32 RAM 3891/7620MB (lfb 151x1MB) SWAP 1691/12002MB (cached 50MB) CPU [0%@1728,16%@1728,20%@1728,0%@1728,9%@1728,100%@1728] GR3D_FREQ 16% cpu@59.343C soc2@57.625C soc0@58.437C gpu@58.687C tj@59.906C soc1@59.906C VDD_IN 9271mW/9198mW VDD_CPU_GPU_CV 3108mW/3053mW VDD_SOC 2703mW/2664mW
08-04-2026 21:03:33 RAM 3891/7620MB (lfb 151x1MB) SWAP 1691/12002MB (cached 50MB) CPU [0%@1728,9%@1728,0%@1728,0%@1728,0%@1728,100%@1728] GR3D_FREQ 17% cpu@59C soc2@57.625C soc0@58.531C gpu@58.843C tj@59.906C soc1@59.906C VDD_IN 9271mW/9199mW VDD_CPU_GPU_CV 3067mW/3053mW VDD_SOC 2662mW/2664mW
08-04-2026 21:03:33 RAM 3891/7620MB (lfb 151x1MB) SWAP 1691/12002MB (cached 50MB) CPU [0%@1728,0%@1728,0%@1728,0%@1728,0%@1728,100%@1728] GR3D_FREQ 16% cpu@58.718C soc2@57.656C soc0@58.593C gpu@58.781C tj@60.093C soc1@60.093C VDD_IN 9271mW/9199mW VDD_CPU_GPU_CV 3067mW/3053mW VDD_SOC 2662mW/2664mW
08-04-2026 21:03:33 RAM 3891/7620MB (lfb 151x1MB) SWAP 1691/12002MB (cached 50MB) CPU [0%@1728,0%@1728,0%@1728,9%@1728,0%@1728,100%@1728] GR3D_FREQ 17% cpu@58.906C soc2@57.687C soc0@58.625C gpu@58.875C tj@59.843C soc1@59.843C VDD_IN 9230mW/9199mW VDD_CPU_GPU_CV 3067mW/3053mW VDD_SOC 2662mW/2664mW
08-04-2026 21:03:33 RAM 3891/7620MB (lfb 151x1MB) SWAP 1691/12002MB (cached 50MB) CPU [0%@1728,0%@1728,9%@1728,0%@1728,0%@1728,100%@1728] GR3D_FREQ 16% cpu@58.937C soc2@57.687C soc0@58.375C gpu@58.781C tj@59.781C soc1@59.781C VDD_IN 9230mW/9199mW VDD_CPU_GPU_CV 3067mW/3053mW VDD_SOC 2662mW/2664mW
08-04-2026 21:03:33 RAM 3891/7620MB (lfb 151x1MB) SWAP 1691/12002MB (cached 50MB) CPU [0%@1728,0%@1728,0%@1728,0%@1728,0%@1728,100%@1728] GR3D_FREQ 17% cpu@59C soc2@57.656C soc0@58.437C gpu@58.687C tj@59.906C soc1@59.906C VDD_IN 9230mW/9199mW VDD_CPU_GPU_CV 3067mW/3053mW VDD_SOC 2662mW/2664mW
08-04-2026 21:03:33 RAM 3891/7620MB (lfb 151x1MB) SWAP 1691/12002MB (cached 50MB) CPU [0%@1728,0%@1728,0%@1728,0%@1728,0%@1728,100%@1728] GR3D_FREQ 16% cpu@58.812C soc2@57.625C soc0@58.5C gpu@58.875C tj@59.906C soc1@59.906C VDD_IN 9230mW/9199mW VDD_CPU_GPU_CV 3067mW/3053mW VDD_SOC 2662mW/2664mW
08-04-2026 21:03:33 RAM 3891/7620MB (lfb 151x1MB) SWAP 1691/12002MB (cached 50MB) CPU [0%@1728,0%@1728,0%@1728,0%@1728,0%@1728,100%@1728] GR3D_FREQ 17% cpu@58.875C soc2@57.75C soc0@58.593C gpu@58.875C tj@60.031C soc1@60.031C VDD_IN 9230mW/9199mW VDD_CPU_GPU_CV 3067mW/3053mW VDD_SOC 2662mW/2664mW
08-04-2026 21:03:33 RAM 3891/7620MB (lfb 151x1MB) SWAP 1691/12002MB (cached 50MB) CPU [0%@1728,0%@1728,0%@1728,0%@1728,0%@1728,100%@1728] GR3D_FREQ 16% cpu@58.937C soc2@57.812C soc0@58.687C gpu@58.75C tj@59.906C soc1@59.906C VDD_IN 9230mW/9199mW VDD_CPU_GPU_CV 3067mW/3053mW VDD_SOC 2662mW/2664mW
08-04-2026 21:03:33 RAM 3891/7620MB (lfb 151x1MB) SWAP 1691/12002MB (cached 50MB) CPU [0%@1728,0%@1728,0%@1728,0%@1728,0%@1728,100%@1728] GR3D_FREQ 17% cpu@59.125C soc2@57.593C soc0@58.406C gpu@58.843C tj@59.906C soc1@59.906C VDD_IN 9189mW/9199mW VDD_CPU_GPU_CV 3067mW/3053mW VDD_SOC 2662mW/2664mW
08-04-2026 21:03:34 RAM 3891/7620MB (lfb 151x1MB) SWAP 1691/12002MB (cached 50MB) CPU [9%@1728,0%@1728,0%@1728,0%@1728,0%@1728,100%@1728] GR3D_FREQ 16% cpu@58.718C soc2@57.75C soc0@58.531C gpu@58.812C tj@59.937C soc1@59.937C VDD_IN 9230mW/9199mW VDD_CPU_GPU_CV 3067mW/3053mW VDD_SOC 2662mW/2664mW
08-04-2026 21:03:34 RAM 3891/7620MB (lfb 151x1MB) SWAP 1691/12002MB (cached 50MB) CPU [0%@1728,0%@1728,0%@1728,0%@1728,0%@1728,100%@1728] GR3D_FREQ 16% cpu@58.687C soc2@57.687C soc0@58.531C gpu@58.937C tj@60.093C soc1@60.093C VDD_IN 9230mW/9199mW VDD_CPU_GPU_CV 3067mW/3053mW VDD_SOC 2662mW/2664mW
08-04-2026 21:03:34 RAM 3891/7620MB (lfb 151x1MB) SWAP 1691/12002MB (cached 50MB) CPU [0%@1728,0%@1728,0%@1728,0%@1728,0%@1728,100%@1728] GR3D_FREQ 17% cpu@58.968C soc2@57.75C soc0@58.593C gpu@58.843C tj@60.156C soc1@60.156C VDD_IN 9189mW/9199mW VDD_CPU_GPU_CV 3067mW/3053mW VDD_SOC 2662mW/2664mW
08-04-2026 21:03:34 RAM 3891/7620MB (lfb 151x1MB) SWAP 1691/12002MB (cached 50MB) CPU [0%@1728,0%@1728,0%@1728,0%@1728,0%@1728,100%@1728] GR3D_FREQ 17% cpu@59.031C soc2@57.625C soc0@58.687C gpu@58.843C tj@59.937C soc1@59.937C VDD_IN 9189mW/9199mW VDD_CPU_GPU_CV 3067mW/3053mW VDD_SOC 2666mW/2664mW
08-04-2026 21:03:34 RAM 3891/7620MB (lfb 151x1MB) SWAP 1691/12002MB (cached 50MB) CPU [0%@1728,9%@1728,0%@1728,0%@1728,0%@1728,100%@1728] GR3D_FREQ 17% cpu@58.812C soc2@57.687C soc0@58.437C gpu@58.906C tj@59.906C soc1@59.906C VDD_IN 9189mW/9199mW VDD_CPU_GPU_CV 3067mW/3053mW VDD_SOC 2662mW/2664mW
08-04-2026 21:03:34 RAM 3891/7620MB (lfb 151x1MB) SWAP 1691/12002MB (cached 50MB) CPU [0%@1728,0%@1728,0%@1728,0%@1728,0%@1728,100%@1728] GR3D_FREQ 16% cpu@58.718C soc2@57.75C soc0@58.5C gpu@58.812C tj@59.937C soc1@59.937C VDD_IN 9189mW/9199mW VDD_CPU_GPU_CV 3067mW/3053mW VDD_SOC 2666mW/2664mW
08-04-2026 21:03:34 RAM 3891/7620MB (lfb 151x1MB) SWAP 1691/12002MB (cached 50MB) CPU [0%@1728,0%@1728,0%@1728,0%@1728,0%@1728,100%@1728] GR3D_FREQ 16% cpu@58.718C soc2@57.687C soc0@58.468C gpu@59.062C tj@59.968C soc1@59.968C VDD_IN 9189mW/9199mW VDD_CPU_GPU_CV 3067mW/3054mW VDD_SOC 2662mW/2664mW
08-04-2026 21:03:34 RAM 3891/7620MB (lfb 151x1MB) SWAP 1691/12002MB (cached 50MB) CPU [0%@1728,0%@1728,0%@1728,0%@1728,0%@1728,100%@1728] GR3D_FREQ 17% cpu@58.937C soc2@57.718C soc0@58.625C gpu@58.937C tj@60.093C soc1@60.093C VDD_IN 9189mW/9199mW VDD_CPU_GPU_CV 3067mW/3054mW VDD_SOC 2662mW/2664mW
08-04-2026 21:03:34 RAM 3891/7620MB (lfb 151x1MB) SWAP 1691/12002MB (cached 50MB) CPU [0%@1728,0%@1728,0%@1728,0%@1728,0%@1728,100%@1728] GR3D_FREQ 16% cpu@58.937C soc2@57.656C soc0@58.406C gpu@58.843C tj@59.812C soc1@59.812C VDD_IN 9189mW/9199mW VDD_CPU_GPU_CV 3067mW/3054mW VDD_SOC 2666mW/2664mW
08-04-2026 21:03:34 RAM 3891/7620MB (lfb 151x1MB) SWAP 1691/12002MB (cached 50MB) CPU [0%@1728,0%@1728,0%@1728,0%@1728,0%@1728,100%@1728] GR3D_FREQ 17% cpu@59C soc2@57.656C soc0@58.406C gpu@59.031C tj@59.906C soc1@59.906C VDD_IN 9189mW/9199mW VDD_CPU_GPU_CV 3067mW/3054mW VDD_SOC 2662mW/2664mW
08-04-2026 21:03:35 RAM 3891/7620MB (lfb 151x1MB) SWAP 1691/12002MB (cached 50MB) CPU [0%@1728,0%@1728,0%@1728,0%@1728,0%@1728,100%@1728] GR3D_FREQ 16% cpu@58.718C soc2@57.781C soc0@58.531C gpu@58.937C tj@59.937C soc1@59.937C VDD_IN 9189mW/9199mW VDD_CPU_GPU_CV 3067mW/3054mW VDD_SOC 2662mW/2664mW
08-04-2026 21:03:35 RAM 3891/7620MB (lfb 151x1MB) SWAP 1691/12002MB (cached 50MB) CPU [0%@1728,0%@1728,0%@1728,0%@1728,0%@1728,100%@1728] GR3D_FREQ 16% cpu@58.781C soc2@57.718C soc0@58.625C gpu@59.25C tj@60.093C soc1@60.093C VDD_IN 9189mW/9199mW VDD_CPU_GPU_CV 3026mW/3054mW VDD_SOC 2666mW/2664mW
08-04-2026 21:03:35 RAM 3891/7620MB (lfb 151x1MB) SWAP 1691/12002MB (cached 50MB) CPU [0%@1728,0%@1728,0%@1728,0%@1728,0%@1728,100%@1728] GR3D_FREQ 17% cpu@59.031C soc2@57.812C soc0@58.437C gpu@59.031C tj@59.843C soc1@59.843C VDD_IN 9189mW/9199mW VDD_CPU_GPU_CV 3026mW/3054mW VDD_SOC 2666mW/2664mW
08-04-2026 21:03:35 RAM 3891/7620MB (lfb 151x1MB) SWAP 1691/12002MB (cached 50MB) CPU [0%@1728,0%@1728,9%@1728,0%@1728,0%@1728,100%@1728] GR3D_FREQ 17% cpu@58.875C soc2@57.593C soc0@58.406C gpu@58.875C tj@59.906C soc1@59.906C VDD_IN 9189mW/9199mW VDD_CPU_GPU_CV 3067mW/3054mW VDD_SOC 2662mW/2664mW
08-04-2026 21:03:35 RAM 3891/7620MB (lfb 151x1MB) SWAP 1691/12002MB (cached 50MB) CPU [0%@1728,0%@1728,0%@1728,0%@1728,0%@1728,100%@1728] GR3D_FREQ 17% cpu@59.093C soc2@57.625C soc0@58.437C gpu@59.156C tj@59.968C soc1@59.968C VDD_IN 9189mW/9199mW VDD_CPU_GPU_CV 3067mW/3054mW VDD_SOC 2662mW/2664mW
08-04-2026 21:03:35 RAM 3891/7620MB (lfb 151x1MB) SWAP 1691/12002MB (cached 50MB) CPU [0%@1728,0%@1728,0%@1728,0%@1728,0%@1728,100%@1728] GR3D_FREQ 16% cpu@58.75C soc2@57.656C soc0@58.468C gpu@58.968C tj@59.968C soc1@59.968C VDD_IN 9189mW/9199mW VDD_CPU_GPU_CV 3067mW/3054mW VDD_SOC 2662mW/2664mW
08-04-2026 21:03:35 RAM 3891/7620MB (lfb 151x1MB) SWAP 1691/12002MB (cached 50MB) CPU [0%@1728,0%@1728,0%@1728,0%@1728,0%@1728,100%@1728] GR3D_FREQ 17% cpu@58.843C soc2@57.687C soc0@58.593C gpu@58.687C tj@60.156C soc1@60.156C VDD_IN 9189mW/9199mW VDD_CPU_GPU_CV 3067mW/3054mW VDD_SOC 2666mW/2664mW
08-04-2026 21:03:35 RAM 3891/7620MB (lfb 151x1MB) SWAP 1691/12002MB (cached 50MB) CPU [0%@1728,0%@1728,0%@1728,0%@1728,0%@1728,100%@1728] GR3D_FREQ 16% cpu@58.937C soc2@57.75C soc0@58.437C gpu@59.093C tj@59.906C soc1@59.906C VDD_IN 9189mW/9199mW VDD_CPU_GPU_CV 3067mW/3054mW VDD_SOC 2662mW/2664mW
08-04-2026 21:03:35 RAM 3891/7620MB (lfb 151x1MB) SWAP 1691/12002MB (cached 50MB) CPU [0%@1728,0%@1728,0%@1728,0%@1728,0%@1728,100%@1728] GR3D_FREQ 17% cpu@58.937C soc2@57.718C soc0@58.437C gpu@59.031C tj@59.906C soc1@59.906C VDD_IN 9189mW/9199mW VDD_CPU_GPU_CV 3026mW/3054mW VDD_SOC 2662mW/2664mW
08-04-2026 21:03:36 RAM 3891/7620MB (lfb 151x1MB) SWAP 1691/12002MB (cached 50MB) CPU [0%@1728,8%@1728,0%@1728,0%@1728,0%@1728,100%@1728] GR3D_FREQ 16% cpu@58.75C soc2@57.656C soc0@58.5C gpu@58.687C tj@60C soc1@60C VDD_IN 9189mW/9199mW VDD_CPU_GPU_CV 3026mW/3054mW VDD_SOC 2662mW/2664mW
08-04-2026 21:03:36 RAM 3891/7620MB (lfb 151x1MB) SWAP 1691/12002MB (cached 50MB) CPU [0%@1728,0%@1728,0%@1728,0%@1728,0%@1728,100%@1728] GR3D_FREQ 17% cpu@58.718C soc2@57.75C soc0@58.593C gpu@59.062C tj@60.031C soc1@60.031C VDD_IN 9189mW/9199mW VDD_CPU_GPU_CV 3067mW/3054mW VDD_SOC 2662mW/2664mW
08-04-2026 21:03:36 RAM 3894/7620MB (lfb 152x1MB) SWAP 1691/12002MB (cached 50MB) CPU [27%@1728,0%@1728,0%@1728,9%@1728,0%@1728,100%@1728] GR3D_FREQ 16% cpu@58.937C soc2@57.781C soc0@58.437C gpu@59C tj@59.906C soc1@59.906C VDD_IN 9271mW/9199mW VDD_CPU_GPU_CV 3108mW/3054mW VDD_SOC 2662mW/2664mW
08-04-2026 21:03:36 RAM 3890/7620MB (lfb 152x1MB) SWAP 1691/12002MB (cached 50MB) CPU [0%@1728,8%@1728,0%@1728,0%@1728,0%@1728,100%@1728] GR3D_FREQ 17% cpu@58.875C soc2@57.687C soc0@58.375C gpu@58.718C tj@59.875C soc1@59.875C VDD_IN 9271mW/9199mW VDD_CPU_GPU_CV 3108mW/3054mW VDD_SOC 2662mW/2664mW
08-04-2026 21:03:36 RAM 3890/7620MB (lfb 152x1MB) SWAP 1691/12002MB (cached 50MB) CPU [0%@1728,9%@1728,0%@1728,0%@1728,0%@1728,100%@1728] GR3D_FREQ 16% cpu@58.687C soc2@57.718C soc0@58.5C gpu@59.031C tj@59.937C soc1@59.937C VDD_IN 9271mW/9199mW VDD_CPU_GPU_CV 3108mW/3054mW VDD_SOC 2662mW/2664mW
08-04-2026 21:03:36 RAM 3890/7620MB (lfb 152x1MB) SWAP 1691/12002MB (cached 50MB) CPU [0%@1728,0%@1728,0%@1728,0%@1728,0%@1728,100%@1728] GR3D_FREQ 17% cpu@58.656C soc2@57.687C soc0@58.562C gpu@58.781C tj@60C soc1@60C VDD_IN 9230mW/9199mW VDD_CPU_GPU_CV 3108mW/3054mW VDD_SOC 2666mW/2664mW
08-04-2026 21:03:36 RAM 3890/7620MB (lfb 152x1MB) SWAP 1691/12002MB (cached 50MB) CPU [0%@1728,0%@1728,0%@1728,0%@1728,0%@1728,100%@1728] GR3D_FREQ 17% cpu@58.781C soc2@57.75C soc0@58.656C gpu@59.281C tj@60.093C soc1@60.093C VDD_IN 9230mW/9199mW VDD_CPU_GPU_CV 3067mW/3054mW VDD_SOC 2662mW/2664mW
08-04-2026 21:03:36 RAM 3890/7620MB (lfb 152x1MB) SWAP 1691/12002MB (cached 50MB) CPU [0%@1728,0%@1728,0%@1728,0%@1728,0%@1728,100%@1728] GR3D_FREQ 16% cpu@58.875C soc2@57.656C soc0@58.437C gpu@59C tj@59.843C soc1@59.843C VDD_IN 9230mW/9199mW VDD_CPU_GPU_CV 3067mW/3054mW VDD_SOC 2662mW/2664mW
08-04-2026 21:03:36 RAM 3890/7620MB (lfb 152x1MB) SWAP 1691/12002MB (cached 50MB) CPU [0%@1728,9%@1728,0%@1728,0%@1728,0%@1728,100%@1728] GR3D_FREQ 17% cpu@59.062C soc2@57.656C soc0@58.531C gpu@58.718C tj@59.906C soc1@59.906C VDD_IN 9230mW/9199mW VDD_CPU_GPU_CV 3067mW/3054mW VDD_SOC 2662mW/2664mW
08-04-2026 21:03:36 RAM 3890/7620MB (lfb 152x1MB) SWAP 1691/12002MB (cached 50MB) CPU [0%@1728,0%@1728,0%@1728,0%@1728,0%@1728,100%@1728] GR3D_FREQ 16% cpu@58.656C soc2@57.718C soc0@58.5C gpu@59.187C tj@60C soc1@60C VDD_IN 9230mW/9199mW VDD_CPU_GPU_CV 3067mW/3054mW VDD_SOC 2662mW/2664mW
08-04-2026 21:03:37 RAM 3890/7620MB (lfb 152x1MB) SWAP 1691/12002MB (cached 50MB) CPU [0%@1728,0%@1728,0%@1728,0%@1728,8%@1728,100%@1728] GR3D_FREQ 17% cpu@58.718C soc2@57.718C soc0@58.625C gpu@59C tj@60.031C soc1@60.031C VDD_IN 9230mW/9199mW VDD_CPU_GPU_CV 3067mW/3054mW VDD_SOC 2662mW/2664mW
08-04-2026 21:03:37 RAM 3890/7620MB (lfb 152x1MB) SWAP 1691/12002MB (cached 50MB) CPU [0%@1728,0%@1728,0%@1728,0%@1728,0%@1728,100%@1728] GR3D_FREQ 16% cpu@58.781C soc2@57.75C soc0@58.625C gpu@58.75C tj@59.875C soc1@59.875C VDD_IN 9230mW/9199mW VDD_CPU_GPU_CV 3067mW/3054mW VDD_SOC 2662mW/2664mW
08-04-2026 21:03:37 RAM 3890/7620MB (lfb 152x1MB) SWAP 1691/12002MB (cached 50MB) CPU [9%@1728,0%@1728,0%@1728,0%@1728,0%@1728,100%@1728] GR3D_FREQ 17% cpu@58.937C soc2@57.687C soc0@58.437C gpu@59.093C tj@59.812C soc1@59.812C VDD_IN 9189mW/9199mW VDD_CPU_GPU_CV 3067mW/3054mW VDD_SOC 2662mW/2664mW
08-04-2026 21:03:37 RAM 3890/7620MB (lfb 152x1MB) SWAP 1691/12002MB (cached 50MB) CPU [8%@1728,0%@1728,0%@1728,8%@1728,9%@1728,100%@1728] GR3D_FREQ 17% cpu@58.656C soc2@57.562C soc0@58.468C gpu@58.781C tj@59.875C soc1@59.875C VDD_IN 9230mW/9199mW VDD_CPU_GPU_CV 3067mW/3054mW VDD_SOC 2662mW/2664mW
08-04-2026 21:03:37 RAM 3890/7620MB (lfb 152x1MB) SWAP 1691/12002MB (cached 50MB) CPU [0%@1728,0%@1728,0%@1728,0%@1728,0%@1728,100%@1728] GR3D_FREQ 17% cpu@58.718C soc2@57.656C soc0@58.593C gpu@58.75C tj@59.968C soc1@59.968C VDD_IN 9230mW/9200mW VDD_CPU_GPU_CV 3067mW/3054mW VDD_SOC 2662mW/2664mW
08-04-2026 21:03:37 RAM 3890/7620MB (lfb 152x1MB) SWAP 1691/12002MB (cached 50MB) CPU [0%@1728,0%@1728,0%@1728,0%@1728,0%@1728,100%@1728] GR3D_FREQ 16% cpu@58.718C soc2@57.781C soc0@58.562C gpu@59.062C tj@60.062C soc1@60.062C VDD_IN 9230mW/9200mW VDD_CPU_GPU_CV 3067mW/3054mW VDD_SOC 2662mW/2664mW
08-04-2026 21:03:37 RAM 3890/7620MB (lfb 152x1MB) SWAP 1691/12002MB (cached 50MB) CPU [0%@1728,0%@1728,0%@1728,0%@1728,0%@1728,100%@1728] GR3D_FREQ 17% cpu@58.937C soc2@57.75C soc0@58.718C gpu@58.812C tj@59.843C soc1@59.843C VDD_IN 9189mW/9200mW VDD_CPU_GPU_CV 3067mW/3054mW VDD_SOC 2666mW/2664mW
08-04-2026 21:03:37 RAM 3890/7620MB (lfb 152x1MB) SWAP 1691/12002MB (cached 50MB) CPU [0%@1728,0%@1728,0%@1728,0%@1728,0%@1728,100%@1728] GR3D_FREQ 17% cpu@58.906C soc2@57.687C soc0@58.531C gpu@58.687C tj@59.937C soc1@59.968C VDD_IN 9189mW/9200mW VDD_CPU_GPU_CV 3067mW/3054mW VDD_SOC 2666mW/2664mW
08-04-2026 21:03:37 RAM 3890/7620MB (lfb 152x1MB) SWAP 1691/12002MB (cached 50MB) CPU [0%@1728,0%@1728,0%@1728,0%@1728,0%@1728,100%@1728] GR3D_FREQ 16% cpu@58.718C soc2@57.656C soc0@58.562C gpu@58.812C tj@59.937C soc1@59.937C VDD_IN 9189mW/9200mW VDD_CPU_GPU_CV 3067mW/3054mW VDD_SOC 2662mW/2664mW
08-04-2026 21:03:38 RAM 3890/7620MB (lfb 152x1MB) SWAP 1691/12002MB (cached 50MB) CPU [0%@1728,0%@1728,0%@1728,0%@1728,0%@1728,100%@1728] GR3D_FREQ 16% cpu@58.781C soc2@57.687C soc0@58.5C gpu@58.75C tj@60.093C soc1@60.093C VDD_IN 9189mW/9199mW VDD_CPU_GPU_CV 3067mW/3054mW VDD_SOC 2662mW/2664mW
08-04-2026 21:03:38 RAM 3890/7620MB (lfb 152x1MB) SWAP 1691/12002MB (cached 50MB) CPU [0%@1728,0%@1728,0%@1728,0%@1728,0%@1728,100%@1728] GR3D_FREQ 17% cpu@58.781C soc2@57.718C soc0@58.718C gpu@58.687C tj@60.093C soc1@60.093C VDD_IN 9189mW/9199mW VDD_CPU_GPU_CV 3067mW/3054mW VDD_SOC 2662mW/2664mW
08-04-2026 21:03:38 RAM 3890/7620MB (lfb 152x1MB) SWAP 1691/12002MB (cached 50MB) CPU [0%@1728,9%@1728,0%@1728,0%@1728,0%@1728,100%@1728] GR3D_FREQ 17% cpu@58.875C soc2@57.593C soc0@58.468C gpu@58.812C tj@59.875C soc1@59.875C VDD_IN 9189mW/9199mW VDD_CPU_GPU_CV 3067mW/3054mW VDD_SOC 2662mW/2664mW
08-04-2026 21:03:38 RAM 3890/7620MB (lfb 152x1MB) SWAP 1691/12002MB (cached 50MB) CPU [0%@1728,0%@1728,0%@1728,0%@1728,0%@1728,100%@1728] GR3D_FREQ 16% cpu@58.718C soc2@57.687C soc0@58.468C gpu@58.75C tj@59.937C soc1@59.937C VDD_IN 9189mW/9199mW VDD_CPU_GPU_CV 3067mW/3054mW VDD_SOC 2662mW/2664mW
08-04-2026 21:03:38 RAM 3890/7620MB (lfb 152x1MB) SWAP 1691/12002MB (cached 50MB) CPU [0%@1728,0%@1728,0%@1728,0%@1728,0%@1728,100%@1728] GR3D_FREQ 17% cpu@58.687C soc2@57.75C soc0@58.5C gpu@58.843C tj@59.968C soc1@59.968C VDD_IN 9230mW/9199mW VDD_CPU_GPU_CV 3067mW/3054mW VDD_SOC 2666mW/2664mW
08-04-2026 21:03:38 RAM 3890/7620MB (lfb 152x1MB) SWAP 1691/12002MB (cached 50MB) CPU [0%@1728,0%@1728,0%@1728,0%@1728,0%@1728,100%@1728] GR3D_FREQ 16% cpu@58.781C soc2@57.75C soc0@58.656C gpu@58.875C tj@60C soc1@60C VDD_IN 9230mW/9200mW VDD_CPU_GPU_CV 3067mW/3054mW VDD_SOC 2662mW/2664mW
08-04-2026 21:03:38 RAM 3890/7620MB (lfb 152x1MB) SWAP 1691/12002MB (cached 50MB) CPU [8%@1728,0%@1728,0%@1728,0%@1728,0%@1728,100%@1728] GR3D_FREQ 16% cpu@58.843C soc2@57.75C soc0@58.687C gpu@58.687C tj@60.281C soc1@60.281C VDD_IN 9230mW/9200mW VDD_CPU_GPU_CV 3067mW/3054mW VDD_SOC 2662mW/2664mW
08-04-2026 21:03:38 RAM 3890/7620MB (lfb 152x1MB) SWAP 1691/12002MB (cached 50MB) CPU [0%@1728,0%@1728,0%@1728,0%@1728,0%@1728,100%@1728] GR3D_FREQ 16% cpu@58.937C soc2@57.625C soc0@58.437C gpu@58.875C tj@59.906C soc1@59.906C VDD_IN 9230mW/9200mW VDD_CPU_GPU_CV 3067mW/3054mW VDD_SOC 2662mW/2664mW
08-04-2026 21:03:38 RAM 3890/7620MB (lfb 152x1MB) SWAP 1691/12002MB (cached 50MB) CPU [0%@1728,0%@1728,0%@1728,0%@1728,0%@1728,100%@1728] GR3D_FREQ 16% cpu@58.687C soc2@57.687C soc0@58.5C gpu@58.781C tj@59.968C soc1@59.968C VDD_IN 9189mW/9200mW VDD_CPU_GPU_CV 3067mW/3054mW VDD_SOC 2662mW/2664mW
08-04-2026 21:03:38 RAM 3890/7620MB (lfb 152x1MB) SWAP 1691/12002MB (cached 50MB) CPU [0%@1728,0%@1728,0%@1728,0%@1728,0%@1728,100%@1728] GR3D_FREQ 17% cpu@58.75C soc2@57.656C soc0@58.562C gpu@58.75C tj@60C soc1@60C VDD_IN 9189mW/9200mW VDD_CPU_GPU_CV 3026mW/3054mW VDD_SOC 2666mW/2664mW
08-04-2026 21:03:39 RAM 3890/7620MB (lfb 152x1MB) SWAP 1691/12002MB (cached 50MB) CPU [0%@1728,0%@1728,0%@1728,0%@1728,0%@1728,100%@1728] GR3D_FREQ 17% cpu@58.781C soc2@57.718C soc0@58.625C gpu@58.875C tj@60.093C soc1@60.093C VDD_IN 9189mW/9200mW VDD_CPU_GPU_CV 3067mW/3054mW VDD_SOC 2666mW/2664mW
08-04-2026 21:03:39 RAM 3890/7620MB (lfb 152x1MB) SWAP 1691/12002MB (cached 50MB) CPU [0%@1728,8%@1728,0%@1728,0%@1728,0%@1728,100%@1728] GR3D_FREQ 16% cpu@58.968C soc2@57.656C soc0@58.406C gpu@58.75C tj@59.875C soc1@59.875C VDD_IN 9189mW/9200mW VDD_CPU_GPU_CV 3067mW/3054mW VDD_SOC 2666mW/2664mW
08-04-2026 21:03:39 RAM 3890/7620MB (lfb 152x1MB) SWAP 1691/12002MB (cached 50MB) CPU [0%@1728,0%@1728,0%@1728,0%@1728,0%@1728,100%@1728] GR3D_FREQ 16% cpu@58.875C soc2@57.718C soc0@58.468C gpu@58.812C tj@59.875C soc1@59.875C VDD_IN 9189mW/9200mW VDD_CPU_GPU_CV 3026mW/3054mW VDD_SOC 2666mW/2664mW
08-04-2026 21:03:39 RAM 3890/7620MB (lfb 152x1MB) SWAP 1691/12002MB (cached 50MB) CPU [0%@1728,0%@1728,0%@1728,0%@1728,0%@1728,100%@1728] GR3D_FREQ 17% cpu@58.781C soc2@57.781C soc0@58.437C gpu@58.718C tj@59.968C soc1@59.968C VDD_IN 9189mW/9200mW VDD_CPU_GPU_CV 3067mW/3054mW VDD_SOC 2662mW/2664mW
08-04-2026 21:03:39 RAM 3889/7620MB (lfb 152x1MB) SWAP 1691/12002MB (cached 50MB) CPU [20%@1728,0%@1728,0%@1728,10%@1728,0%@1728,100%@1728] GR3D_FREQ 16% cpu@58.937C soc2@57.75C soc0@58.531C gpu@58.812C tj@59.906C soc1@59.906C VDD_IN 9271mW/9200mW VDD_CPU_GPU_CV 3108mW/3054mW VDD_SOC 2703mW/2664mW
08-04-2026 21:03:39 RAM 3889/7620MB (lfb 152x1MB) SWAP 1691/12002MB (cached 50MB) CPU [0%@1728,0%@1728,0%@1728,0%@1728,0%@1728,100%@1728] GR3D_FREQ 16% cpu@58.843C soc2@57.75C soc0@58.406C gpu@58.875C tj@59.875C soc1@59.875C VDD_IN 9271mW/9200mW VDD_CPU_GPU_CV 3108mW/3054mW VDD_SOC 2662mW/2664mW
08-04-2026 21:03:39 RAM 3889/7620MB (lfb 152x1MB) SWAP 1691/12002MB (cached 50MB) CPU [0%@1728,0%@1728,0%@1728,0%@1728,0%@1728,100%@1728] GR3D_FREQ 16% cpu@58.843C soc2@57.656C soc0@58.468C gpu@58.781C tj@59.906C soc1@59.906C VDD_IN 9271mW/9200mW VDD_CPU_GPU_CV 3067mW/3054mW VDD_SOC 2662mW/2664mW
08-04-2026 21:03:39 RAM 3889/7620MB (lfb 152x1MB) SWAP 1691/12002MB (cached 50MB) CPU [0%@1728,0%@1728,0%@1728,0%@1728,0%@1728,100%@1728] GR3D_FREQ 16% cpu@58.718C soc2@57.718C soc0@58.468C gpu@58.781C tj@59.906C soc1@59.906C VDD_IN 9230mW/9200mW VDD_CPU_GPU_CV 3067mW/3054mW VDD_SOC 2662mW/2664mW
08-04-2026 21:03:39 RAM 3889/7620MB (lfb 152x1MB) SWAP 1691/12002MB (cached 50MB) CPU [0%@1728,0%@1728,0%@1728,0%@1728,0%@1728,100%@1728] GR3D_FREQ 17% cpu@58.75C soc2@57.625C soc0@58.687C gpu@58.812C tj@60.031C soc1@60.031C VDD_IN 9230mW/9200mW VDD_CPU_GPU_CV 3067mW/3055mW VDD_SOC 2662mW/2664mW
08-04-2026 21:03:40 RAM 3889/7620MB (lfb 152x1MB) SWAP 1691/12002MB (cached 50MB) CPU [9%@1728,0%@1728,0%@1728,0%@1728,0%@1728,100%@1728] GR3D_FREQ 16% cpu@58.781C soc2@57.687C soc0@58.593C gpu@58.75C tj@60.187C soc1@60.187C VDD_IN 9230mW/9200mW VDD_CPU_GPU_CV 3067mW/3055mW VDD_SOC 2662mW/2664mW
08-04-2026 21:03:40 RAM 3889/7620MB (lfb 152x1MB) SWAP 1691/12002MB (cached 50MB) CPU [0%@1728,9%@1728,0%@1728,0%@1728,0%@1728,100%@1728] GR3D_FREQ 16% cpu@59C soc2@57.687C soc0@58.375C gpu@59.031C tj@59.875C soc1@59.875C VDD_IN 9230mW/9200mW VDD_CPU_GPU_CV 3067mW/3055mW VDD_SOC 2662mW/2664mW
08-04-2026 21:03:40 RAM 3889/7620MB (lfb 152x1MB) SWAP 1691/12002MB (cached 50MB) CPU [0%@1728,9%@1728,8%@1728,0%@1728,0%@1728,100%@1728] GR3D_FREQ 17% cpu@58.937C soc2@57.656C soc0@58.593C gpu@58.781C tj@59.937C soc1@59.937C VDD_IN 9230mW/9200mW VDD_CPU_GPU_CV 3067mW/3055mW VDD_SOC 2662mW/2664mW
08-04-2026 21:03:40 RAM 3889/7620MB (lfb 152x1MB) SWAP 1691/12002MB (cached 50MB) CPU [0%@1728,0%@1728,9%@1728,0%@1728,0%@1728,100%@1728] GR3D_FREQ 16% cpu@58.75C soc2@57.656C soc0@58.468C gpu@58.781C tj@59.968C soc1@59.968C VDD_IN 9230mW/9200mW VDD_CPU_GPU_CV 3067mW/3055mW VDD_SOC 2662mW/2664mW
08-04-2026 21:03:40 RAM 3889/7620MB (lfb 152x1MB) SWAP 1691/12002MB (cached 50MB) CPU [0%@1728,0%@1728,0%@1728,0%@1728,0%@1728,100%@1728] GR3D_FREQ 17% cpu@58.781C soc2@57.718C soc0@58.656C gpu@58.906C tj@60.062C soc1@60.062C VDD_IN 9230mW/9200mW VDD_CPU_GPU_CV 3067mW/3055mW VDD_SOC 2662mW/2664mW
08-04-2026 21:03:40 RAM 3889/7620MB (lfb 152x1MB) SWAP 1691/12002MB (cached 50MB) CPU [0%@1728,9%@1728,0%@1728,0%@1728,0%@1728,100%@1728] GR3D_FREQ 16% cpu@58.906C soc2@57.75C soc0@58.718C gpu@58.875C tj@59.875C soc1@59.875C VDD_IN 9230mW/9200mW VDD_CPU_GPU_CV 3067mW/3055mW VDD_SOC 2662mW/2664mW
08-04-2026 21:03:40 RAM 3889/7620MB (lfb 152x1MB) SWAP 1691/12002MB (cached 50MB) CPU [0%@1728,0%@1728,0%@1728,0%@1728,0%@1728,100%@1728] GR3D_FREQ 17% cpu@58.875C soc2@57.625C soc0@58.468C gpu@59.031C tj@59.906C soc1@59.906C VDD_IN 9230mW/9200mW VDD_CPU_GPU_CV 3067mW/3055mW VDD_SOC 2662mW/2664mW
08-04-2026 21:03:40 RAM 3889/7620MB (lfb 152x1MB) SWAP 1691/12002MB (cached 50MB) CPU [0%@1728,0%@1728,0%@1728,0%@1728,0%@1728,100%@1728] GR3D_FREQ 16% cpu@58.937C soc2@57.687C soc0@58.468C gpu@58.968C tj@59.906C soc1@59.906C VDD_IN 9189mW/9200mW VDD_CPU_GPU_CV 3067mW/3055mW VDD_SOC 2662mW/2664mW
08-04-2026 21:03:40 RAM 3889/7620MB (lfb 152x1MB) SWAP 1691/12002MB (cached 50MB) CPU [0%@1728,0%@1728,0%@1728,0%@1728,0%@1728,100%@1728] GR3D_FREQ 17% cpu@58.718C soc2@57.687C soc0@58.5C gpu@58.812C tj@59.906C soc1@59.906C VDD_IN 9189mW/9200mW VDD_CPU_GPU_CV 3067mW/3055mW VDD_SOC 2662mW/2664mW
08-04-2026 21:03:40 RAM 3889/7620MB (lfb 152x1MB) SWAP 1691/12002MB (cached 50MB) CPU [0%@1728,8%@1728,0%@1728,0%@1728,0%@1728,100%@1728] GR3D_FREQ 16% cpu@58.75C soc2@57.562C soc0@58.718C gpu@58.968C tj@60.031C soc1@60.031C VDD_IN 9189mW/9200mW VDD_CPU_GPU_CV 3067mW/3055mW VDD_SOC 2666mW/2664mW
08-04-2026 21:03:41 RAM 3889/7620MB (lfb 152x1MB) SWAP 1691/12002MB (cached 50MB) CPU [0%@1728,0%@1728,0%@1728,0%@1728,0%@1728,100%@1728] GR3D_FREQ 17% cpu@58.812C soc2@57.812C soc0@58.656C gpu@58.968C tj@59.812C soc1@59.812C VDD_IN 9189mW/9200mW VDD_CPU_GPU_CV 3067mW/3055mW VDD_SOC 2666mW/2664mW
08-04-2026 21:03:41 RAM 3889/7620MB (lfb 152x1MB) SWAP 1691/12002MB (cached 50MB) CPU [0%@1728,9%@1728,0%@1728,0%@1728,0%@1728,100%@1728] GR3D_FREQ 16% cpu@58.937C soc2@57.687C soc0@58.468C gpu@58.812C tj@59.906C soc1@59.906C VDD_IN 9189mW/9200mW VDD_CPU_GPU_CV 3067mW/3055mW VDD_SOC 2666mW/2664mW
08-04-2026 21:03:41 RAM 3889/7620MB (lfb 152x1MB) SWAP 1691/12002MB (cached 50MB) CPU [0%@1728,0%@1728,0%@1728,0%@1728,0%@1728,100%@1728] GR3D_FREQ 17% cpu@59.031C soc2@57.718C soc0@58.531C gpu@58.968C tj@59.875C soc1@59.875C VDD_IN 9189mW/9200mW VDD_CPU_GPU_CV 3067mW/3055mW VDD_SOC 2666mW/2664mW
08-04-2026 21:03:41 RAM 3889/7620MB (lfb 152x1MB) SWAP 1691/12002MB (cached 50MB) CPU [0%@1728,0%@1728,0%@1728,0%@1728,0%@1728,100%@1728] GR3D_FREQ 17% cpu@58.781C soc2@57.687C soc0@58.531C gpu@58.812C tj@60C soc1@60C VDD_IN 9189mW/9200mW VDD_CPU_GPU_CV 3067mW/3055mW VDD_SOC 2662mW/2664mW
08-04-2026 21:03:41 RAM 3889/7620MB (lfb 152x1MB) SWAP 1691/12002MB (cached 50MB) CPU [0%@1728,0%@1728,0%@1728,9%@1728,0%@1728,100%@1728] GR3D_FREQ 17% cpu@58.906C soc2@57.75C soc0@58.625C gpu@59.156C tj@60.125C soc1@60.125C VDD_IN 9230mW/9200mW VDD_CPU_GPU_CV 3067mW/3055mW VDD_SOC 2662mW/2664mW
08-04-2026 21:03:41 RAM 3889/7620MB (lfb 152x1MB) SWAP 1691/12002MB (cached 50MB) CPU [0%@1728,9%@1728,0%@1728,0%@1728,0%@1728,100%@1728] GR3D_FREQ 17% cpu@58.937C soc2@57.656C soc0@58.5C gpu@58.968C tj@59.812C soc1@59.812C VDD_IN 9189mW/9200mW VDD_CPU_GPU_CV 3067mW/3055mW VDD_SOC 2662mW/2664mW
08-04-2026 21:03:41 RAM 3889/7620MB (lfb 152x1MB) SWAP 1691/12002MB (cached 50MB) CPU [0%@1728,0%@1728,0%@1728,0%@1728,0%@1728,100%@1728] GR3D_FREQ 17% cpu@59C soc2@57.687C soc0@58.406C gpu@58.875C tj@59.906C soc1@59.906C VDD_IN 9189mW/9200mW VDD_CPU_GPU_CV 3067mW/3055mW VDD_SOC 2662mW/2664mW
08-04-2026 21:03:41 RAM 3889/7620MB (lfb 152x1MB) SWAP 1691/12002MB (cached 50MB) CPU [0%@1728,0%@1728,0%@1728,0%@1728,0%@1728,100%@1728] GR3D_FREQ 16% cpu@58.843C soc2@57.687C soc0@58.5C gpu@59.062C tj@59.937C soc1@59.937C VDD_IN 9189mW/9200mW VDD_CPU_GPU_CV 3067mW/3055mW VDD_SOC 2662mW/2664mW
08-04-2026 21:03:41 RAM 3889/7620MB (lfb 152x1MB) SWAP 1691/12002MB (cached 50MB) CPU [0%@1728,8%@1728,0%@1728,0%@1728,0%@1728,100%@1728] GR3D_FREQ 17% cpu@58.781C soc2@57.656C soc0@58.718C gpu@58.937C tj@60C soc1@60C VDD_IN 9189mW/9200mW VDD_CPU_GPU_CV 3067mW/3055mW VDD_SOC 2662mW/2664mW
08-04-2026 21:03:41 RAM 3889/7620MB (lfb 152x1MB) SWAP 1691/12002MB (cached 50MB) CPU [0%@1728,0%@1728,0%@1728,9%@1728,0%@1728,100%@1728] GR3D_FREQ 16% cpu@58.906C soc2@57.781C soc0@58.625C gpu@58.75C tj@59.843C soc1@59.843C VDD_IN 9189mW/9200mW VDD_CPU_GPU_CV 3067mW/3055mW VDD_SOC 2666mW/2664mW
08-04-2026 21:03:42 RAM 3889/7620MB (lfb 152x1MB) SWAP 1691/12002MB (cached 50MB) CPU [0%@1728,0%@1728,0%@1728,0%@1728,0%@1728,100%@1728] GR3D_FREQ 17% cpu@58.937C soc2@57.656C soc0@58.531C gpu@59.062C tj@59.906C soc1@59.906C VDD_IN 9189mW/9200mW VDD_CPU_GPU_CV 3067mW/3055mW VDD_SOC 2662mW/2664mW
08-04-2026 21:03:42 RAM 3889/7620MB (lfb 152x1MB) SWAP 1691/12002MB (cached 50MB) CPU [0%@1728,0%@1728,0%@1728,0%@1728,0%@1728,100%@1728] GR3D_FREQ 17% cpu@59.125C soc2@57.687C soc0@58.437C gpu@58.906C tj@59.906C soc1@59.906C VDD_IN 9189mW/9200mW VDD_CPU_GPU_CV 3067mW/3055mW VDD_SOC 2662mW/2664mW
08-04-2026 21:03:42 RAM 3889/7620MB (lfb 152x1MB) SWAP 1691/12002MB (cached 50MB) CPU [0%@1728,0%@1728,0%@1728,0%@1728,0%@1728,100%@1728] GR3D_FREQ 17% cpu@58.781C soc2@57.625C soc0@58.562C gpu@59.312C tj@59.937C soc1@60C VDD_IN 9189mW/9200mW VDD_CPU_GPU_CV 3067mW/3055mW VDD_SOC 2662mW/2664mW
08-04-2026 21:03:42 RAM 3889/7620MB (lfb 152x1MB) SWAP 1691/12002MB (cached 50MB) CPU [9%@1728,0%@1728,0%@1728,0%@1728,0%@1728,100%@1728] GR3D_FREQ 16% cpu@58.812C soc2@57.687C soc0@58.718C gpu@59.062C tj@60.125C soc1@60.125C VDD_IN 9189mW/9200mW VDD_CPU_GPU_CV 3067mW/3055mW VDD_SOC 2662mW/2664mW
08-04-2026 21:03:42 RAM 3889/7620MB (lfb 152x1MB) SWAP 1691/12002MB (cached 50MB) CPU [0%@1728,15%@1728,0%@1728,0%@1728,0%@1728,100%@1728] GR3D_FREQ 17% cpu@58.937C soc2@57.593C soc0@58.5C gpu@58.968C tj@59.843C soc1@59.843C VDD_IN 9189mW/9200mW VDD_CPU_GPU_CV 3067mW/3055mW VDD_SOC 2666mW/2664mW
08-04-2026 21:03:42 RAM 3889/7620MB (lfb 152x1MB) SWAP 1691/12002MB (cached 50MB) CPU [0%@1728,0%@1728,0%@1728,0%@1728,0%@1728,100%@1728] GR3D_FREQ 16% cpu@59.031C soc2@57.625C soc0@58.437C gpu@59.281C tj@59.843C soc1@59.843C VDD_IN 9189mW/9200mW VDD_CPU_GPU_CV 3067mW/3055mW VDD_SOC 2662mW/2664mW
08-04-2026 21:03:42 RAM 3893/7620MB (lfb 152x1MB) SWAP 1691/12002MB (cached 50MB) CPU [20%@1728,0%@1728,9%@1728,0%@1728,0%@1728,100%@1728] GR3D_FREQ 16% cpu@58.781C soc2@57.687C soc0@58.5C gpu@59.031C tj@59.968C soc1@59.968C VDD_IN 9271mW/9200mW VDD_CPU_GPU_CV 3108mW/3055mW VDD_SOC 2662mW/2664mW
08-04-2026 21:03:42 RAM 3893/7620MB (lfb 152x1MB) SWAP 1691/12002MB (cached 50MB) CPU [0%@1728,0%@1728,0%@1728,8%@1728,0%@1728,100%@1728] GR3D_FREQ 17% cpu@58.843C soc2@57.75C soc0@58.593C gpu@58.875C tj@60.031C soc1@60.031C VDD_IN 9271mW/9200mW VDD_CPU_GPU_CV 3108mW/3055mW VDD_SOC 2662mW/2664mW
08-04-2026 21:03:42 RAM 3893/7620MB (lfb 152x1MB) SWAP 1691/12002MB (cached 50MB) CPU [0%@1728,0%@1728,0%@1728,0%@1728,0%@1728,100%@1728] GR3D_FREQ 17% cpu@58.937C soc2@57.75C soc0@58.687C gpu@59.187C tj@60.125C soc1@60.125C VDD_IN 9230mW/9200mW VDD_CPU_GPU_CV 3067mW/3055mW VDD_SOC 2662mW/2664mW
08-04-2026 21:03:43 RAM 3893/7620MB (lfb 152x1MB) SWAP 1691/12002MB (cached 50MB) CPU [0%@1728,0%@1728,0%@1728,0%@1728,0%@1728,100%@1728] GR3D_FREQ 16% cpu@59C soc2@57.687C soc0@58.5C gpu@59.031C tj@59.875C soc1@59.875C VDD_IN 9230mW/9200mW VDD_CPU_GPU_CV 3067mW/3055mW VDD_SOC 2662mW/2664mW
08-04-2026 21:03:43 RAM 3893/7620MB (lfb 152x1MB) SWAP 1691/12002MB (cached 50MB) CPU [0%@1728,0%@1728,0%@1728,0%@1728,0%@1728,100%@1728] GR3D_FREQ 16% cpu@58.937C soc2@57.625C soc0@58.531C gpu@58.75C tj@59.906C soc1@59.906C VDD_IN 9230mW/9200mW VDD_CPU_GPU_CV 3067mW/3055mW VDD_SOC 2662mW/2664mW
08-04-2026 21:03:43 RAM 3893/7620MB (lfb 152x1MB) SWAP 1691/12002MB (cached 50MB) CPU [0%@1728,0%@1728,9%@1728,0%@1728,9%@1728,100%@1728] GR3D_FREQ 16% cpu@58.812C soc2@57.75C soc0@58.656C gpu@59.156C tj@60.031C soc1@60.031C VDD_IN 9230mW/9200mW VDD_CPU_GPU_CV 3067mW/3055mW VDD_SOC 2662mW/2664mW
08-04-2026 21:03:43 RAM 3893/7620MB (lfb 152x1MB) SWAP 1691/12002MB (cached 50MB) CPU [0%@1728,0%@1728,0%@1728,0%@1728,0%@1728,100%@1728] GR3D_FREQ 16% cpu@58.906C soc2@57.75C soc0@58.718C gpu@59.031C tj@60.125C soc1@60.125C VDD_IN 9230mW/9200mW VDD_CPU_GPU_CV 3067mW/3055mW VDD_SOC 2662mW/2664mW
08-04-2026 21:03:43 RAM 3893/7620MB (lfb 152x1MB) SWAP 1691/12002MB (cached 50MB) CPU [16%@1728,0%@1728,0%@1728,0%@1728,0%@1728,100%@1728] GR3D_FREQ 17% cpu@59.031C soc2@57.812C soc0@58.468C gpu@58.687C tj@59.906C soc1@59.906C VDD_IN 9230mW/9200mW VDD_CPU_GPU_CV 3067mW/3055mW VDD_SOC 2662mW/2664mW
08-04-2026 21:03:43 RAM 3893/7620MB (lfb 152x1MB) SWAP 1691/12002MB (cached 50MB) CPU [8%@1728,0%@1728,0%@1728,0%@1728,0%@1728,100%@1728] GR3D_FREQ 16% cpu@59.031C soc2@57.656C soc0@58.437C gpu@59.125C tj@59.875C soc1@59.875C VDD_IN 9230mW/9200mW VDD_CPU_GPU_CV 3067mW/3055mW VDD_SOC 2662mW/2664mW
08-04-2026 21:03:43 RAM 3893/7620MB (lfb 152x1MB) SWAP 1691/12002MB (cached 50MB) CPU [0%@1728,15%@1728,0%@1728,0%@1728,0%@1728,100%@1728] GR3D_FREQ 17% cpu@58.656C soc2@57.718C soc0@58.656C gpu@59C tj@59.937C soc1@59.937C VDD_IN 9230mW/9201mW VDD_CPU_GPU_CV 3067mW/3055mW VDD_SOC 2662mW/2664mW
08-04-2026 21:03:43 RAM 3893/7620MB (lfb 152x1MB) SWAP 1691/12002MB (cached 50MB) CPU [0%@1728,0%@1728,0%@1728,0%@1728,0%@1728,100%@1728] GR3D_FREQ 16% cpu@58.937C soc2@57.75C soc0@58.625C gpu@58.718C tj@60.125C soc1@60.125C VDD_IN 9230mW/9201mW VDD_CPU_GPU_CV 3067mW/3055mW VDD_SOC 2662mW/2664mW
08-04-2026 21:03:43 RAM 3893/7620MB (lfb 152x1MB) SWAP 1691/12002MB (cached 50MB) CPU [0%@1728,0%@1728,0%@1728,0%@1728,0%@1728,100%@1728] GR3D_FREQ 17% cpu@58.937C soc2@57.75C soc0@58.468C gpu@59.062C tj@59.875C soc1@59.875C VDD_IN 9230mW/9201mW VDD_CPU_GPU_CV 3067mW/3055mW VDD_SOC 2662mW/2664mW
08-04-2026 21:03:43 RAM 3893/7620MB (lfb 152x1MB) SWAP 1691/12002MB (cached 50MB) CPU [0%@1728,0%@1728,0%@1728,0%@1728,0%@1728,100%@1728] GR3D_FREQ 16% cpu@58.968C soc2@57.625C soc0@58.5C gpu@58.75C tj@59.906C soc1@59.906C VDD_IN 9230mW/9201mW VDD_CPU_GPU_CV 3067mW/3055mW VDD_SOC 2662mW/2664mW
08-04-2026 21:03:44 RAM 3893/7620MB (lfb 152x1MB) SWAP 1691/12002MB (cached 50MB) CPU [0%@1728,0%@1728,0%@1728,0%@1728,0%@1728,100%@1728] GR3D_FREQ 17% cpu@58.843C soc2@57.687C soc0@58.531C gpu@59.281C tj@59.937C soc1@59.937C VDD_IN 9189mW/9201mW VDD_CPU_GPU_CV 3067mW/3055mW VDD_SOC 2662mW/2664mW
08-04-2026 21:03:44 RAM 3893/7620MB (lfb 152x1MB) SWAP 1691/12002MB (cached 50MB) CPU [10%@1728,0%@1728,0%@1728,0%@1728,0%@1728,100%@1728] GR3D_FREQ 16% cpu@58.843C soc2@57.75C soc0@58.593C gpu@59C tj@59.968C soc1@59.968C VDD_IN 9230mW/9201mW VDD_CPU_GPU_CV 3067mW/3055mW VDD_SOC 2662mW/2664mW
08-04-2026 21:03:44 RAM 3893/7620MB (lfb 152x1MB) SWAP 1691/12002MB (cached 50MB) CPU [9%@1728,0%@1728,0%@1728,0%@1728,0%@1728,100%@1728] GR3D_FREQ 17% cpu@58.906C soc2@57.718C soc0@58.718C gpu@58.687C tj@60.187C soc1@60.187C VDD_IN 9230mW/9201mW VDD_CPU_GPU_CV 3067mW/3055mW VDD_SOC 2662mW/2664mW
08-04-2026 21:03:44 RAM 3893/7620MB (lfb 152x1MB) SWAP 1691/12002MB (cached 50MB) CPU [0%@1728,0%@1728,0%@1728,0%@1728,0%@1728,100%@1728] GR3D_FREQ 17% cpu@59.031C soc2@57.593C soc0@58.5C gpu@59.187C tj@59.875C soc1@59.906C VDD_IN 9230mW/9201mW VDD_CPU_GPU_CV 3067mW/3055mW VDD_SOC 2662mW/2664mW
08-04-2026 21:03:44 RAM 3893/7620MB (lfb 152x1MB) SWAP 1691/12002MB (cached 50MB) CPU [0%@1728,9%@1728,0%@1728,0%@1728,0%@1728,100%@1728] GR3D_FREQ 16% cpu@59.125C soc2@57.718C soc0@58.5C gpu@59.093C tj@59.906C soc1@59.906C VDD_IN 9230mW/9201mW VDD_CPU_GPU_CV 3067mW/3055mW VDD_SOC 2662mW/2664mW
08-04-2026 21:03:44 RAM 3893/7620MB (lfb 152x1MB) SWAP 1691/12002MB (cached 50MB) CPU [0%@1728,0%@1728,0%@1728,0%@1728,0%@1728,100%@1728] GR3D_FREQ 17% cpu@58.687C soc2@57.718C soc0@58.468C gpu@58.656C tj@59.968C soc1@59.968C VDD_IN 9189mW/9201mW VDD_CPU_GPU_CV 3067mW/3055mW VDD_SOC 2662mW/2664mW
08-04-2026 21:03:44 RAM 3893/7620MB (lfb 152x1MB) SWAP 1691/12002MB (cached 50MB) CPU [0%@1728,0%@1728,0%@1728,0%@1728,0%@1728,100%@1728] GR3D_FREQ 17% cpu@58.843C soc2@57.781C soc0@58.593C gpu@59.062C tj@60.031C soc1@60.031C VDD_IN 9189mW/9201mW VDD_CPU_GPU_CV 3067mW/3055mW VDD_SOC 2662mW/2664mW
08-04-2026 21:03:44 RAM 3893/7620MB (lfb 152x1MB) SWAP 1691/12002MB (cached 50MB) CPU [0%@1728,0%@1728,0%@1728,0%@1728,0%@1728,100%@1728] GR3D_FREQ 17% cpu@58.906C soc2@57.781C soc0@58.468C gpu@58.781C tj@59.906C soc1@59.906C VDD_IN 9189mW/9201mW VDD_CPU_GPU_CV 3067mW/3055mW VDD_SOC 2666mW/2664mW
08-04-2026 21:03:44 RAM 3893/7620MB (lfb 152x1MB) SWAP 1691/12002MB (cached 50MB) CPU [0%@1728,0%@1728,0%@1728,0%@1728,0%@1728,100%@1728] GR3D_FREQ 16% cpu@58.968C soc2@57.687C soc0@58.5C gpu@58.718C tj@59.906C soc1@59.906C VDD_IN 9189mW/9201mW VDD_CPU_GPU_CV 3067mW/3055mW VDD_SOC 2662mW/2664mW
08-04-2026 21:03:45 RAM 3893/7620MB (lfb 152x1MB) SWAP 1691/12002MB (cached 50MB) CPU [0%@1728,0%@1728,0%@1728,0%@1728,0%@1728,100%@1728] GR3D_FREQ 17% cpu@58.812C soc2@57.75C soc0@58.531C gpu@59.093C tj@59.968C soc1@59.968C VDD_IN 9189mW/9201mW VDD_CPU_GPU_CV 3067mW/3055mW VDD_SOC 2662mW/2664mW
08-04-2026 21:03:45 RAM 3893/7620MB (lfb 152x1MB) SWAP 1691/12002MB (cached 50MB) CPU [0%@1728,0%@1728,0%@1728,0%@1728,0%@1728,100%@1728] GR3D_FREQ 16% cpu@58.656C soc2@57.687C soc0@58.531C gpu@58.781C tj@59.968C soc1@59.968C VDD_IN 9189mW/9201mW VDD_CPU_GPU_CV 3067mW/3055mW VDD_SOC 2662mW/2664mW
08-04-2026 21:03:45 RAM 3893/7620MB (lfb 152x1MB) SWAP 1691/12002MB (cached 50MB) CPU [0%@1728,0%@1728,0%@1728,0%@1728,0%@1728,100%@1728] GR3D_FREQ 17% cpu@58.937C soc2@57.75C soc0@58.687C gpu@58.718C tj@60C soc1@60C VDD_IN 9189mW/9201mW VDD_CPU_GPU_CV 3067mW/3056mW VDD_SOC 2662mW/2664mW
08-04-2026 21:03:45 RAM 3893/7620MB (lfb 152x1MB) SWAP 1691/12002MB (cached 50MB) CPU [0%@1728,0%@1728,0%@1728,0%@1728,0%@1728,100%@1728] GR3D_FREQ 16% cpu@58.968C soc2@57.781C soc0@58.406C gpu@58.75C tj@59.875C soc1@59.875C VDD_IN 9189mW/9201mW VDD_CPU_GPU_CV 3067mW/3056mW VDD_SOC 2662mW/2664mW
08-04-2026 21:03:45 RAM 3893/7620MB (lfb 152x1MB) SWAP 1691/12002MB (cached 50MB) CPU [0%@1728,0%@1728,0%@1728,0%@1728,0%@1728,100%@1728] GR3D_FREQ 17% cpu@58.843C soc2@57.625C soc0@58.468C gpu@58.687C tj@59.906C soc1@59.906C VDD_IN 9189mW/9201mW VDD_CPU_GPU_CV 3067mW/3056mW VDD_SOC 2662mW/2664mW
08-04-2026 21:03:45 RAM 3893/7620MB (lfb 152x1MB) SWAP 1691/12002MB (cached 50MB) CPU [0%@1728,0%@1728,0%@1728,0%@1728,0%@1728,100%@1728] GR3D_FREQ 16% cpu@58.687C soc2@57.656C soc0@58.531C gpu@58.687C tj@59.906C soc1@59.906C VDD_IN 9189mW/9201mW VDD_CPU_GPU_CV 3067mW/3056mW VDD_SOC 2662mW/2664mW
08-04-2026 21:03:45 RAM 3893/7620MB (lfb 152x1MB) SWAP 1691/12002MB (cached 50MB) CPU [0%@1728,0%@1728,0%@1728,0%@1728,0%@1728,100%@1728] GR3D_FREQ 17% cpu@58.718C soc2@57.718C soc0@58.562C gpu@58.781C tj@60.031C soc1@60.031C VDD_IN 9189mW/9201mW VDD_CPU_GPU_CV 3067mW/3056mW VDD_SOC 2662mW/2664mW
08-04-2026 21:03:45 RAM 3893/7620MB (lfb 152x1MB) SWAP 1691/12002MB (cached 50MB) CPU [0%@1728,0%@1728,0%@1728,0%@1728,0%@1728,100%@1728] GR3D_FREQ 16% cpu@58.937C soc2@57.687C soc0@58.625C gpu@58.75C tj@60.093C soc1@59.937C VDD_IN 9189mW/9201mW VDD_CPU_GPU_CV 3067mW/3056mW VDD_SOC 2666mW/2664mW
08-04-2026 21:03:45 RAM 3893/7620MB (lfb 152x1MB) SWAP 1691/12002MB (cached 50MB) CPU [0%@1728,0%@1728,0%@1728,0%@1728,0%@1728,100%@1728] GR3D_FREQ 17% cpu@59.031C soc2@57.812C soc0@58.437C gpu@58.937C tj@59.906C soc1@59.906C VDD_IN 9189mW/9201mW VDD_CPU_GPU_CV 3067mW/3056mW VDD_SOC 2662mW/2664mW
08-04-2026 21:03:45 RAM 3888/7620MB (lfb 152x1MB) SWAP 1691/12002MB (cached 50MB) CPU [20%@1728,10%@1728,0%@1728,0%@1728,0%@1728,100%@1728] GR3D_FREQ 16% cpu@59.093C soc2@57.718C soc0@58.437C gpu@58.812C tj@59.937C soc1@59.937C VDD_IN 9271mW/9201mW VDD_CPU_GPU_CV 3108mW/3056mW VDD_SOC 2662mW/2664mW
08-04-2026 21:03:46 RAM 3888/7620MB (lfb 152x1MB) SWAP 1691/12002MB (cached 50MB) CPU [0%@1728,0%@1728,0%@1728,0%@1728,0%@1728,100%@1728] GR3D_FREQ 17% cpu@58.75C soc2@57.718C soc0@58.5C gpu@58.843C tj@60C soc1@60C VDD_IN 9271mW/9201mW VDD_CPU_GPU_CV 3108mW/3056mW VDD_SOC 2662mW/2664mW
08-04-2026 21:03:46 RAM 3888/7620MB (lfb 152x1MB) SWAP 1691/12002MB (cached 50MB) CPU [0%@1728,0%@1728,0%@1728,0%@1728,0%@1728,100%@1728] GR3D_FREQ 16% cpu@58.718C soc2@57.781C soc0@58.562C gpu@58.875C tj@60.031C soc1@60.031C VDD_IN 9230mW/9201mW VDD_CPU_GPU_CV 3067mW/3056mW VDD_SOC 2662mW/2664mW
08-04-2026 21:03:46 RAM 3888/7620MB (lfb 152x1MB) SWAP 1691/12002MB (cached 50MB) CPU [0%@1728,0%@1728,0%@1728,0%@1728,0%@1728,100%@1728] GR3D_FREQ 17% cpu@58.937C soc2@57.75C soc0@58.718C gpu@58.75C tj@59.906C soc1@59.906C VDD_IN 9230mW/9201mW VDD_CPU_GPU_CV 3067mW/3056mW VDD_SOC 2662mW/2664mW
08-04-2026 21:03:46 RAM 3888/7620MB (lfb 152x1MB) SWAP 1691/12002MB (cached 50MB) CPU [0%@1728,0%@1728,0%@1728,0%@1728,0%@1728,100%@1728] GR3D_FREQ 16% cpu@58.875C soc2@57.656C soc0@58.437C gpu@58.718C tj@59.906C soc1@59.906C VDD_IN 9230mW/9201mW VDD_CPU_GPU_CV 3067mW/3056mW VDD_SOC 2662mW/2664mW
08-04-2026 21:03:46 RAM 3888/7620MB (lfb 152x1MB) SWAP 1691/12002MB (cached 50MB) CPU [0%@1728,0%@1728,0%@1728,0%@1728,0%@1728,100%@1728] GR3D_FREQ 17% cpu@58.937C soc2@57.75C soc0@58.656C gpu@58.812C tj@60.25C soc1@60.25C VDD_IN 9230mW/9201mW VDD_CPU_GPU_CV 3067mW/3056mW VDD_SOC 2662mW/2664mW
08-04-2026 21:03:46 RAM 3888/7620MB (lfb 152x1MB) SWAP 1691/12002MB (cached 50MB) CPU [0%@1728,0%@1728,9%@1728,0%@1728,0%@1728,100%@1728] GR3D_FREQ 16% cpu@58.906C soc2@57.625C soc0@58.437C gpu@58.718C tj@59.937C soc1@59.937C VDD_IN 9230mW/9201mW VDD_CPU_GPU_CV 3067mW/3056mW VDD_SOC 2662mW/2664mW
08-04-2026 21:03:46 RAM 3888/7620MB (lfb 152x1MB) SWAP 1691/12002MB (cached 50MB) CPU [0%@1728,0%@1728,0%@1728,0%@1728,0%@1728,100%@1728] GR3D_FREQ 17% cpu@58.781C soc2@57.625C soc0@58.5C gpu@58.875C tj@60C soc1@60C VDD_IN 9189mW/9201mW VDD_CPU_GPU_CV 3067mW/3056mW VDD_SOC 2662mW/2664mW
08-04-2026 21:03:46 RAM 3888/7620MB (lfb 152x1MB) SWAP 1691/12002MB (cached 50MB) CPU [0%@1728,0%@1728,0%@1728,0%@1728,0%@1728,100%@1728] GR3D_FREQ 16% cpu@58.843C soc2@57.687C soc0@58.562C gpu@58.781C tj@59.968C soc1@59.968C VDD_IN 9189mW/9201mW VDD_CPU_GPU_CV 3067mW/3056mW VDD_SOC 2662mW/2664mW
08-04-2026 21:03:46 RAM 3888/7620MB (lfb 152x1MB) SWAP 1691/12002MB (cached 50MB) CPU [0%@1728,0%@1728,0%@1728,0%@1728,0%@1728,100%@1728] GR3D_FREQ 16% cpu@58.781C soc2@57.687C soc0@58.562C gpu@58.656C tj@60.125C soc1@60.125C VDD_IN 9189mW/9201mW VDD_CPU_GPU_CV 3067mW/3056mW VDD_SOC 2662mW/2664mW
08-04-2026 21:03:47 RAM 3888/7620MB (lfb 152x1MB) SWAP 1691/12002MB (cached 50MB) CPU [9%@1728,0%@1728,0%@1728,0%@1728,0%@1728,100%@1728] GR3D_FREQ 16% cpu@59.031C soc2@57.718C soc0@58.437C gpu@58.843C tj@59.968C soc1@59.968C VDD_IN 9189mW/9201mW VDD_CPU_GPU_CV 3067mW/3056mW VDD_SOC 2662mW/2664mW
08-04-2026 21:03:47 RAM 3888/7620MB (lfb 152x1MB) SWAP 1691/12002MB (cached 50MB) CPU [0%@1728,0%@1728,0%@1728,0%@1728,0%@1728,100%@1728] GR3D_FREQ 16% cpu@58.937C soc2@57.718C soc0@58.5C gpu@58.75C tj@59.968C soc1@59.968C VDD_IN 9189mW/9201mW VDD_CPU_GPU_CV 3067mW/3056mW VDD_SOC 2662mW/2664mW
08-04-2026 21:03:47 RAM 3888/7620MB (lfb 152x1MB) SWAP 1691/12002MB (cached 50MB) CPU [0%@1728,0%@1728,0%@1728,0%@1728,0%@1728,100%@1728] GR3D_FREQ 17% cpu@58.75C soc2@57.687C soc0@58.5C gpu@58.718C tj@59.906C soc1@59.906C VDD_IN 9189mW/9201mW VDD_CPU_GPU_CV 3067mW/3056mW VDD_SOC 2662mW/2664mW
08-04-2026 21:03:47 RAM 3888/7620MB (lfb 152x1MB) SWAP 1691/12002MB (cached 50MB) CPU [0%@1728,0%@1728,0%@1728,0%@1728,0%@1728,100%@1728] GR3D_FREQ 16% cpu@58.718C soc2@57.75C soc0@58.625C gpu@58.812C tj@60.062C soc1@60.062C VDD_IN 9189mW/9201mW VDD_CPU_GPU_CV 3067mW/3056mW VDD_SOC 2666mW/2664mW
08-04-2026 21:03:47 RAM 3888/7620MB (lfb 152x1MB) SWAP 1691/12002MB (cached 50MB) CPU [0%@1728,0%@1728,0%@1728,0%@1728,0%@1728,100%@1728] GR3D_FREQ 17% cpu@58.875C soc2@57.718C soc0@58.468C gpu@58.812C tj@59.875C soc1@59.875C VDD_IN 9189mW/9201mW VDD_CPU_GPU_CV 3067mW/3056mW VDD_SOC 2662mW/2664mW
08-04-2026 21:03:47 RAM 3888/7620MB (lfb 152x1MB) SWAP 1691/12002MB (cached 50MB) CPU [0%@1728,0%@1728,0%@1728,0%@1728,0%@1728,100%@1728] GR3D_FREQ 17% cpu@58.875C soc2@57.625C soc0@58.468C gpu@58.906C tj@59.906C soc1@59.906C VDD_IN 9189mW/9201mW VDD_CPU_GPU_CV 3067mW/3056mW VDD_SOC 2662mW/2664mW
08-04-2026 21:03:47 RAM 3888/7620MB (lfb 152x1MB) SWAP 1691/12002MB (cached 50MB) CPU [0%@1728,0%@1728,0%@1728,0%@1728,0%@1728,100%@1728] GR3D_FREQ 17% cpu@58.75C soc2@57.656C soc0@58.5C gpu@58.937C tj@59.937C soc1@59.937C VDD_IN 9189mW/9201mW VDD_CPU_GPU_CV 3067mW/3056mW VDD_SOC 2662mW/2664mW
08-04-2026 21:03:47 RAM 3888/7620MB (lfb 152x1MB) SWAP 1691/12002MB (cached 50MB) CPU [0%@1728,0%@1728,0%@1728,0%@1728,0%@1728,100%@1728] GR3D_FREQ 17% cpu@58.843C soc2@57.75C soc0@58.593C gpu@58.75C tj@59.968C soc1@59.968C VDD_IN 9189mW/9201mW VDD_CPU_GPU_CV 3067mW/3056mW VDD_SOC 2662mW/2664mW
08-04-2026 21:03:47 RAM 3888/7620MB (lfb 152x1MB) SWAP 1691/12002MB (cached 50MB) CPU [0%@1728,0%@1728,0%@1728,0%@1728,0%@1728,100%@1728] GR3D_FREQ 17% cpu@58.906C soc2@57.656C soc0@58.625C gpu@58.968C tj@60.125C soc1@60.125C VDD_IN 9189mW/9201mW VDD_CPU_GPU_CV 3067mW/3056mW VDD_SOC 2666mW/2664mW
08-04-2026 21:03:47 RAM 3888/7620MB (lfb 152x1MB) SWAP 1691/12002MB (cached 50MB) CPU [0%@1728,0%@1728,0%@1728,0%@1728,9%@1728,100%@1728] GR3D_FREQ 16% cpu@59.031C soc2@57.687C soc0@58.5C gpu@58.843C tj@59.875C soc1@59.875C VDD_IN 9189mW/9201mW VDD_CPU_GPU_CV 3067mW/3056mW VDD_SOC 2666mW/2664mW
08-04-2026 21:03:48 RAM 3888/7620MB (lfb 152x1MB) SWAP 1691/12002MB (cached 50MB) CPU [0%@1728,0%@1728,0%@1728,0%@1728,0%@1728,100%@1728] GR3D_FREQ 17% cpu@58.687C soc2@57.718C soc0@58.5C gpu@58.781C tj@59.906C soc1@59.906C VDD_IN 9189mW/9201mW VDD_CPU_GPU_CV 3067mW/3056mW VDD_SOC 2662mW/2664mW
08-04-2026 21:03:48 RAM 3888/7620MB (lfb 152x1MB) SWAP 1691/12002MB (cached 50MB) CPU [0%@1728,0%@1728,0%@1728,0%@1728,0%@1728,100%@1728] GR3D_FREQ 16% cpu@58.75C soc2@57.718C soc0@58.375C gpu@58.906C tj@60C soc1@60C VDD_IN 9189mW/9201mW VDD_CPU_GPU_CV 3067mW/3056mW VDD_SOC 2662mW/2664mW
08-04-2026 21:03:48 RAM 3888/7620MB (lfb 152x1MB) SWAP 1691/12002MB (cached 50MB) CPU [9%@1728,0%@1728,0%@1728,0%@1728,0%@1728,100%@1728] GR3D_FREQ 16% cpu@58.718C soc2@57.718C soc0@58.593C gpu@58.843C tj@60C soc1@60.093C VDD_IN 9189mW/9201mW VDD_CPU_GPU_CV 3067mW/3056mW VDD_SOC 2662mW/2664mW
08-04-2026 21:03:48 RAM 3888/7620MB (lfb 152x1MB) SWAP 1691/12002MB (cached 50MB) CPU [9%@1728,9%@1728,10%@1728,0%@1728,0%@1728,100%@1728] GR3D_FREQ 17% cpu@58.968C soc2@57.718C soc0@58.406C gpu@58.625C tj@59.937C soc1@59.937C VDD_IN 9230mW/9201mW VDD_CPU_GPU_CV 3067mW/3056mW VDD_SOC 2662mW/2664mW
08-04-2026 21:03:48 RAM 3888/7620MB (lfb 152x1MB) SWAP 1691/12002MB (cached 50MB) CPU [8%@1728,0%@1728,0%@1728,0%@1728,0%@1728,100%@1728] GR3D_FREQ 17% cpu@59C soc2@57.687C soc0@58.437C gpu@58.906C tj@59.906C soc1@59.906C VDD_IN 9230mW/9201mW VDD_CPU_GPU_CV 3067mW/3056mW VDD_SOC 2662mW/2664mW
08-04-2026 21:03:48 RAM 3888/7620MB (lfb 152x1MB) SWAP 1691/12002MB (cached 50MB) CPU [0%@1728,0%@1728,0%@1728,9%@1728,0%@1728,100%@1728] GR3D_FREQ 16% cpu@58.75C soc2@57.75C soc0@58.5C gpu@58.843C tj@59.937C soc1@59.937C VDD_IN 9230mW/9201mW VDD_CPU_GPU_CV 3067mW/3056mW VDD_SOC 2662mW/2664mW
08-04-2026 21:03:48 RAM 3888/7620MB (lfb 152x1MB) SWAP 1691/12002MB (cached 50MB) CPU [0%@1728,0%@1728,0%@1728,0%@1728,0%@1728,100%@1728] GR3D_FREQ 17% cpu@58.75C soc2@57.75C soc0@58.5C gpu@59.031C tj@60.031C soc1@60.031C VDD_IN 9230mW/9201mW VDD_CPU_GPU_CV 3067mW/3056mW VDD_SOC 2662mW/2664mW
08-04-2026 21:03:48 RAM 3888/7620MB (lfb 152x1MB) SWAP 1691/12002MB (cached 50MB) CPU [0%@1728,0%@1728,0%@1728,0%@1728,0%@1728,100%@1728] GR3D_FREQ 16% cpu@58.843C soc2@57.718C soc0@58.593C gpu@58.937C tj@60.187C soc1@60.187C VDD_IN 9189mW/9201mW VDD_CPU_GPU_CV 3067mW/3056mW VDD_SOC 2662mW/2664mW
08-04-2026 21:03:48 RAM 3888/7620MB (lfb 152x1MB) SWAP 1691/12002MB (cached 50MB) CPU [0%@1728,8%@1728,0%@1728,0%@1728,0%@1728,100%@1728] GR3D_FREQ 17% cpu@58.875C soc2@57.687C soc0@58.531C gpu@58.781C tj@59.875C soc1@59.937C VDD_IN 9189mW/9201mW VDD_CPU_GPU_CV 3067mW/3056mW VDD_SOC 2662mW/2664mW
08-04-2026 21:03:49 RAM 3888/7620MB (lfb 152x1MB) SWAP 1691/12002MB (cached 50MB) CPU [0%@1728,9%@1728,0%@1728,0%@1728,0%@1728,100%@1728] GR3D_FREQ 16% cpu@58.718C soc2@57.625C soc0@58.5C gpu@59C tj@59.937C soc1@59.937C VDD_IN 9189mW/9201mW VDD_CPU_GPU_CV 3067mW/3056mW VDD_SOC 2662mW/2664mW
08-04-2026 21:03:49 RAM 3888/7620MB (lfb 152x1MB) SWAP 1691/12002MB (cached 50MB) CPU [0%@1728,0%@1728,0%@1728,0%@1728,0%@1728,100%@1728] GR3D_FREQ 17% cpu@58.656C soc2@57.718C soc0@58.531C gpu@58.875C tj@60C soc1@60C VDD_IN 9189mW/9201mW VDD_CPU_GPU_CV 3067mW/3056mW VDD_SOC 2662mW/2664mW
08-04-2026 21:03:49 RAM 3887/7620MB (lfb 152x1MB) SWAP 1691/12002MB (cached 50MB) CPU [0%@1728,0%@1728,20%@1728,0%@1728,0%@1728,100%@1728] GR3D_FREQ 16% cpu@58.937C soc2@57.687C soc0@58.593C gpu@58.781C tj@60.125C soc1@60.125C VDD_IN 9271mW/9201mW VDD_CPU_GPU_CV 3108mW/3056mW VDD_SOC 2662mW/2664mW
08-04-2026 21:03:49 RAM 3887/7620MB (lfb 152x1MB) SWAP 1691/12002MB (cached 50MB) CPU [0%@1728,0%@1728,0%@1728,8%@1728,0%@1728,100%@1728] GR3D_FREQ 16% cpu@59C soc2@57.812C soc0@58.406C gpu@58.968C tj@59.906C soc1@59.906C VDD_IN 9271mW/9201mW VDD_CPU_GPU_CV 3108mW/3056mW VDD_SOC 2662mW/2664mW
08-04-2026 21:03:49 RAM 3887/7620MB (lfb 152x1MB) SWAP 1691/12002MB (cached 50MB) CPU [0%@1728,0%@1728,8%@1728,9%@1728,9%@1728,100%@1728] GR3D_FREQ 17% cpu@58.937C soc2@57.718C soc0@58.406C gpu@58.906C tj@59.906C soc1@59.906C VDD_IN 9230mW/9201mW VDD_CPU_GPU_CV 3067mW/3056mW VDD_SOC 2662mW/2664mW
08-04-2026 21:03:49 RAM 3887/7620MB (lfb 152x1MB) SWAP 1691/12002MB (cached 50MB) CPU [0%@1728,0%@1728,0%@1728,0%@1728,0%@1728,100%@1728] GR3D_FREQ 16% cpu@58.656C soc2@57.718C soc0@58.5C gpu@58.843C tj@59.906C soc1@59.906C VDD_IN 9230mW/9201mW VDD_CPU_GPU_CV 3067mW/3056mW VDD_SOC 2662mW/2664mW
08-04-2026 21:03:49 RAM 3887/7620MB (lfb 152x1MB) SWAP 1691/12002MB (cached 50MB) CPU [0%@1728,0%@1728,0%@1728,0%@1728,0%@1728,100%@1728] GR3D_FREQ 16% cpu@58.812C soc2@57.687C soc0@58.656C gpu@58.906C tj@60.062C soc1@60.062C VDD_IN 9230mW/9201mW VDD_CPU_GPU_CV 3067mW/3056mW VDD_SOC 2662mW/2664mW
08-04-2026 21:03:49 RAM 3887/7620MB (lfb 152x1MB) SWAP 1691/12002MB (cached 50MB) CPU [0%@1728,0%@1728,0%@1728,0%@1728,0%@1728,100%@1728] GR3D_FREQ 17% cpu@58.843C soc2@57.75C soc0@58.5C gpu@58.843C tj@59.875C soc1@59.875C VDD_IN 9230mW/9201mW VDD_CPU_GPU_CV 3067mW/3056mW VDD_SOC 2662mW/2664mW
08-04-2026 21:03:49 RAM 3887/7620MB (lfb 152x1MB) SWAP 1691/12002MB (cached 50MB) CPU [0%@1728,0%@1728,0%@1728,0%@1728,0%@1728,100%@1728] GR3D_FREQ 16% cpu@58.937C soc2@57.656C soc0@58.437C gpu@58.75C tj@59.937C soc1@59.937C VDD_IN 9189mW/9201mW VDD_CPU_GPU_CV 3067mW/3056mW VDD_SOC 2662mW/2664mW
08-04-2026 21:03:49 RAM 3887/7620MB (lfb 152x1MB) SWAP 1691/12002MB (cached 50MB) CPU [0%@1728,0%@1728,0%@1728,0%@1728,0%@1728,100%@1728] GR3D_FREQ 17% cpu@58.687C soc2@57.687C soc0@58.5C gpu@58.906C tj@59.906C soc1@59.906C VDD_IN 9189mW/9201mW VDD_CPU_GPU_CV 3067mW/3056mW VDD_SOC 2662mW/2664mW
08-04-2026 21:03:50 RAM 3887/7620MB (lfb 152x1MB) SWAP 1691/12002MB (cached 50MB) CPU [0%@1728,0%@1728,0%@1728,0%@1728,0%@1728,100%@1728] GR3D_FREQ 16% cpu@58.75C soc2@57.687C soc0@58.562C gpu@58.781C tj@60.031C soc1@60.031C VDD_IN 9189mW/9201mW VDD_CPU_GPU_CV 3067mW/3056mW VDD_SOC 2662mW/2664mW
08-04-2026 21:03:50 RAM 3887/7620MB (lfb 152x1MB) SWAP 1691/12002MB (cached 50MB) CPU [0%@1728,0%@1728,0%@1728,0%@1728,0%@1728,100%@1728] GR3D_FREQ 16% cpu@58.812C soc2@57.718C soc0@58.625C gpu@58.812C tj@60.093C soc1@60.093C VDD_IN 9189mW/9201mW VDD_CPU_GPU_CV 3067mW/3056mW VDD_SOC 2662mW/2664mW
08-04-2026 21:03:50 RAM 3887/7620MB (lfb 152x1MB) SWAP 1691/12002MB (cached 50MB) CPU [0%@1728,0%@1728,0%@1728,0%@1728,9%@1728,100%@1728] GR3D_FREQ 17% cpu@59.093C soc2@57.75C soc0@58.406C gpu@58.812C tj@59.906C soc1@59.906C VDD_IN 9189mW/9201mW VDD_CPU_GPU_CV 3067mW/3056mW VDD_SOC 2662mW/2664mW
08-04-2026 21:03:50 RAM 3887/7620MB (lfb 152x1MB) SWAP 1691/12002MB (cached 50MB) CPU [9%@1728,0%@1728,0%@1728,0%@1728,0%@1728,100%@1728] GR3D_FREQ 16% cpu@59C soc2@57.75C soc0@58.5C gpu@58.75C tj@59.875C soc1@59.875C VDD_IN 9189mW/9201mW VDD_CPU_GPU_CV 3067mW/3056mW VDD_SOC 2662mW/2664mW
08-04-2026 21:03:50 RAM 3887/7620MB (lfb 152x1MB) SWAP 1691/12002MB (cached 50MB) CPU [0%@1728,0%@1728,0%@1728,0%@1728,0%@1728,100%@1728] GR3D_FREQ 17% cpu@58.781C soc2@57.718C soc0@58.468C gpu@58.968C tj@60C soc1@60C VDD_IN 9189mW/9201mW VDD_CPU_GPU_CV 3067mW/3056mW VDD_SOC 2662mW/2664mW
08-04-2026 21:03:50 RAM 3887/7620MB (lfb 152x1MB) SWAP 1691/12002MB (cached 50MB) CPU [0%@1728,0%@1728,0%@1728,0%@1728,0%@1728,100%@1728] GR3D_FREQ 17% cpu@58.781C soc2@57.687C soc0@58.656C gpu@58.843C tj@60C soc1@60C VDD_IN 9189mW/9201mW VDD_CPU_GPU_CV 3067mW/3056mW VDD_SOC 2662mW/2664mW
08-04-2026 21:03:50 RAM 3887/7620MB (lfb 152x1MB) SWAP 1691/12002MB (cached 50MB) CPU [0%@1728,0%@1728,0%@1728,0%@1728,0%@1728,100%@1728] GR3D_FREQ 17% cpu@58.937C soc2@57.687C soc0@58.718C gpu@58.812C tj@59.875C soc1@59.875C VDD_IN 9189mW/9201mW VDD_CPU_GPU_CV 3067mW/3056mW VDD_SOC 2662mW/2664mW
08-04-2026 21:03:50 RAM 3887/7620MB (lfb 152x1MB) SWAP 1691/12002MB (cached 50MB) CPU [0%@1728,8%@1728,0%@1728,0%@1728,0%@1728,100%@1728] GR3D_FREQ 16% cpu@58.937C soc2@57.625C soc0@58.437C gpu@58.937C tj@59.906C soc1@59.906C VDD_IN 9189mW/9201mW VDD_CPU_GPU_CV 3067mW/3056mW VDD_SOC 2662mW/2664mW
08-04-2026 21:03:50 RAM 3887/7620MB (lfb 152x1MB) SWAP 1691/12002MB (cached 50MB) CPU [0%@1728,0%@1728,0%@1728,0%@1728,0%@1728,100%@1728] GR3D_FREQ 17% cpu@58.718C soc2@57.687C soc0@58.625C gpu@58.843C tj@59.937C soc1@59.937C VDD_IN 9189mW/9201mW VDD_CPU_GPU_CV 3067mW/3057mW VDD_SOC 2662mW/2664mW
08-04-2026 21:03:51 RAM 3887/7620MB (lfb 152x1MB) SWAP 1691/12002MB (cached 50MB) CPU [0%@1728,0%@1728,0%@1728,0%@1728,0%@1728,100%@1728] GR3D_FREQ 17% cpu@58.781C soc2@57.718C soc0@58.593C gpu@58.812C tj@59.906C soc1@59.906C VDD_IN 9189mW/9201mW VDD_CPU_GPU_CV 3067mW/3057mW VDD_SOC 2662mW/2664mW
08-04-2026 21:03:51 RAM 3887/7620MB (lfb 152x1MB) SWAP 1691/12002MB (cached 50MB) CPU [0%@1728,0%@1728,0%@1728,0%@1728,0%@1728,100%@1728] GR3D_FREQ 17% cpu@58.812C soc2@57.75C soc0@58.625C gpu@58.968C tj@60.156C soc1@60.156C VDD_IN 9189mW/9201mW VDD_CPU_GPU_CV 3067mW/3057mW VDD_SOC 2666mW/2664mW
08-04-2026 21:03:51 RAM 3887/7620MB (lfb 152x1MB) SWAP 1691/12002MB (cached 50MB) CPU [0%@1728,0%@1728,0%@1728,0%@1728,0%@1728,100%@1728] GR3D_FREQ 17% cpu@58.875C soc2@57.656C soc0@58.5C gpu@58.843C tj@59.906C soc1@59.906C VDD_IN 9189mW/9201mW VDD_CPU_GPU_CV 3067mW/3057mW VDD_SOC 2662mW/2664mW
08-04-2026 21:03:51 RAM 3887/7620MB (lfb 152x1MB) SWAP 1691/12002MB (cached 50MB) CPU [0%@1728,0%@1728,0%@1728,0%@1728,0%@1728,100%@1728] GR3D_FREQ 17% cpu@58.937C soc2@57.593C soc0@58.5C gpu@59.062C tj@59.937C soc1@59.937C VDD_IN 9189mW/9201mW VDD_CPU_GPU_CV 3067mW/3057mW VDD_SOC 2666mW/2664mW
08-04-2026 21:03:51 RAM 3887/7620MB (lfb 152x1MB) SWAP 1691/12002MB (cached 50MB) CPU [0%@1728,0%@1728,8%@1728,0%@1728,9%@1728,100%@1728] GR3D_FREQ 17% cpu@58.687C soc2@57.718C soc0@58.468C gpu@58.937C tj@59.968C soc1@59.968C VDD_IN 9189mW/9201mW VDD_CPU_GPU_CV 3067mW/3057mW VDD_SOC 2662mW/2664mW
08-04-2026 21:03:51 RAM 3887/7620MB (lfb 152x1MB) SWAP 1691/12002MB (cached 50MB) CPU [0%@1728,0%@1728,0%@1728,0%@1728,0%@1728,100%@1728] GR3D_FREQ 16% cpu@58.718C soc2@57.75C soc0@58.687C gpu@58.812C tj@60C soc1@60C VDD_IN 9189mW/9201mW VDD_CPU_GPU_CV 3067mW/3057mW VDD_SOC 2662mW/2664mW
08-04-2026 21:03:51 RAM 3887/7620MB (lfb 152x1MB) SWAP 1691/12002MB (cached 50MB) CPU [0%@1728,0%@1728,0%@1728,8%@1728,0%@1728,100%@1728] GR3D_FREQ 17% cpu@59.062C soc2@57.75C soc0@58.656C gpu@59C tj@59.875C soc1@59.875C VDD_IN 9189mW/9201mW VDD_CPU_GPU_CV 3067mW/3057mW VDD_SOC 2662mW/2664mW
08-04-2026 21:03:51 RAM 3887/7620MB (lfb 152x1MB) SWAP 1691/12002MB (cached 50MB) CPU [9%@1728,0%@1728,0%@1728,0%@1728,0%@1728,100%@1728] GR3D_FREQ 16% cpu@58.875C soc2@57.687C soc0@58.406C gpu@58.968C tj@59.906C soc1@59.906C VDD_IN 9189mW/9201mW VDD_CPU_GPU_CV 3067mW/3057mW VDD_SOC 2662mW/2664mW
08-04-2026 21:03:51 RAM 3887/7620MB (lfb 152x1MB) SWAP 1691/12002MB (cached 50MB) CPU [0%@1728,0%@1728,0%@1728,0%@1728,0%@1728,100%@1728] GR3D_FREQ 17% cpu@58.781C soc2@57.687C soc0@58.593C gpu@58.75C tj@59.906C soc1@59.906C VDD_IN 9189mW/9201mW VDD_CPU_GPU_CV 3067mW/3057mW VDD_SOC 2662mW/2664mW
08-04-2026 21:03:51 RAM 3887/7620MB (lfb 152x1MB) SWAP 1691/12002MB (cached 50MB) CPU [0%@1728,0%@1728,0%@1728,0%@1728,9%@1728,100%@1728] GR3D_FREQ 16% cpu@58.781C soc2@57.75C soc0@58.5C gpu@58.968C tj@60C soc1@60C VDD_IN 9189mW/9201mW VDD_CPU_GPU_CV 3067mW/3057mW VDD_SOC 2662mW/2664mW
08-04-2026 21:03:52 RAM 3887/7620MB (lfb 152x1MB) SWAP 1691/12002MB (cached 50MB) CPU [0%@1728,0%@1728,8%@1728,0%@1728,0%@1728,100%@1728] GR3D_FREQ 17% cpu@58.875C soc2@57.75C soc0@58.656C gpu@58.906C tj@59.906C soc1@59.906C VDD_IN 9189mW/9201mW VDD_CPU_GPU_CV 3067mW/3057mW VDD_SOC 2662mW/2664mW
08-04-2026 21:03:52 RAM 3887/7620MB (lfb 152x1MB) SWAP 1691/12002MB (cached 50MB) CPU [0%@1728,0%@1728,0%@1728,0%@1728,0%@1728,100%@1728] GR3D_FREQ 16% cpu@58.906C soc2@57.843C soc0@58.437C gpu@58.812C tj@59.906C soc1@59.906C VDD_IN 9189mW/9201mW VDD_CPU_GPU_CV 3067mW/3057mW VDD_SOC 2662mW/2664mW
08-04-2026 21:03:52 RAM 3887/7620MB (lfb 152x1MB) SWAP 1691/12002MB (cached 50MB) CPU [0%@1728,0%@1728,0%@1728,0%@1728,0%@1728,100%@1728] GR3D_FREQ 17% cpu@59C soc2@57.625C soc0@58.437C gpu@59C tj@59.906C soc1@59.906C VDD_IN 9189mW/9201mW VDD_CPU_GPU_CV 3067mW/3057mW VDD_SOC 2662mW/2664mW
08-04-2026 21:03:52 RAM 3887/7620MB (lfb 152x1MB) SWAP 1691/12002MB (cached 50MB) CPU [8%@1728,0%@1728,0%@1728,0%@1728,0%@1728,100%@1728] GR3D_FREQ 16% cpu@58.875C soc2@57.75C soc0@58.562C gpu@58.875C tj@59.906C soc1@59.906C VDD_IN 9189mW/9201mW VDD_CPU_GPU_CV 3067mW/3057mW VDD_SOC 2662mW/2664mW
08-04-2026 21:03:52 RAM 3890/7620MB (lfb 152x1MB) SWAP 1691/12002MB (cached 50MB) CPU [10%@1728,0%@1728,10%@1728,18%@1728,0%@1728,100%@1728] GR3D_FREQ 16% cpu@58.843C soc2@57.75C soc0@58.687C gpu@58.812C tj@60C soc1@60C VDD_IN 9271mW/9201mW VDD_CPU_GPU_CV 3108mW/3057mW VDD_SOC 2662mW/2664mW
08-04-2026 21:03:52 RAM 3890/7620MB (lfb 152x1MB) SWAP 1691/12002MB (cached 50MB) CPU [0%@1728,0%@1728,0%@1728,0%@1728,0%@1728,100%@1728] GR3D_FREQ 17% cpu@59C soc2@57.75C soc0@58.5C gpu@58.968C tj@59.906C soc1@59.906C VDD_IN 9271mW/9201mW VDD_CPU_GPU_CV 3108mW/3057mW VDD_SOC 2662mW/2664mW
08-04-2026 21:03:52 RAM 3890/7620MB (lfb 152x1MB) SWAP 1691/12002MB (cached 50MB) CPU [0%@1728,0%@1728,0%@1728,0%@1728,0%@1728,100%@1728] GR3D_FREQ 16% cpu@58.937C soc2@57.593C soc0@58.437C gpu@58.843C tj@59.875C soc1@59.875C VDD_IN 9230mW/9201mW VDD_CPU_GPU_CV 3067mW/3057mW VDD_SOC 2662mW/2664mW
08-04-2026 21:03:52 RAM 3890/7620MB (lfb 152x1MB) SWAP 1691/12002MB (cached 50MB) CPU [0%@1728,0%@1728,9%@1728,0%@1728,8%@1728,100%@1728] GR3D_FREQ 16% cpu@58.718C soc2@57.718C soc0@58.5C gpu@58.781C tj@60C soc1@60C VDD_IN 9230mW/9201mW VDD_CPU_GPU_CV 3067mW/3057mW VDD_SOC 2662mW/2664mW
08-04-2026 21:03:52 RAM 3890/7620MB (lfb 152x1MB) SWAP 1691/12002MB (cached 50MB) CPU [0%@1728,0%@1728,0%@1728,0%@1728,0%@1728,100%@1728] GR3D_FREQ 17% cpu@58.781C soc2@57.75C soc0@58.531C gpu@58.968C tj@60.031C soc1@60.031C VDD_IN 9230mW/9201mW VDD_CPU_GPU_CV 3067mW/3057mW VDD_SOC 2666mW/2664mW
08-04-2026 21:03:53 RAM 3890/7620MB (lfb 152x1MB) SWAP 1691/12002MB (cached 50MB) CPU [0%@1728,0%@1728,0%@1728,0%@1728,0%@1728,100%@1728] GR3D_FREQ 16% cpu@58.843C soc2@57.718C soc0@58.656C gpu@58.781C tj@59.875C soc1@59.875C VDD_IN 9189mW/9201mW VDD_CPU_GPU_CV 3067mW/3057mW VDD_SOC 2662mW/2664mW
08-04-2026 21:03:53 RAM 3889/7620MB (lfb 152x1MB) SWAP 1691/12002MB (cached 50MB) CPU [0%@1728,0%@1728,0%@1728,0%@1728,0%@1728,100%@1728] GR3D_FREQ 17% cpu@58.906C soc2@57.656C soc0@58.406C gpu@59.031C tj@59.812C soc1@59.812C VDD_IN 9189mW/9201mW VDD_CPU_GPU_CV 3067mW/3057mW VDD_SOC 2662mW/2664mW
08-04-2026 21:03:53 RAM 3889/7620MB (lfb 152x1MB) SWAP 1691/12002MB (cached 50MB) CPU [0%@1728,0%@1728,0%@1728,0%@1728,0%@1728,100%@1728] GR3D_FREQ 17% cpu@58.968C soc2@57.687C soc0@58.562C gpu@58.968C tj@59.906C soc1@59.906C VDD_IN 9189mW/9201mW VDD_CPU_GPU_CV 3067mW/3057mW VDD_SOC 2662mW/2664mW
08-04-2026 21:03:53 RAM 3890/7620MB (lfb 152x1MB) SWAP 1691/12002MB (cached 50MB) CPU [8%@1728,0%@1728,0%@1728,0%@1728,0%@1728,100%@1728] GR3D_FREQ 17% cpu@58.812C soc2@57.593C soc0@58.531C gpu@58.875C tj@60.031C soc1@60.031C VDD_IN 9189mW/9201mW VDD_CPU_GPU_CV 3067mW/3057mW VDD_SOC 2662mW/2664mW
08-04-2026 21:03:53 RAM 3890/7620MB (lfb 152x1MB) SWAP 1691/12002MB (cached 50MB) CPU [0%@1728,0%@1728,0%@1728,0%@1728,0%@1728,100%@1728] GR3D_FREQ 17% cpu@58.781C soc2@57.718C soc0@58.593C gpu@59C tj@60.093C soc1@60.187C VDD_IN 9189mW/9201mW VDD_CPU_GPU_CV 3067mW/3057mW VDD_SOC 2662mW/2664mW
08-04-2026 21:03:53 RAM 3890/7620MB (lfb 152x1MB) SWAP 1691/12002MB (cached 50MB) CPU [0%@1728,0%@1728,0%@1728,0%@1728,0%@1728,100%@1728] GR3D_FREQ 16% cpu@59.125C soc2@57.75C soc0@58.531C gpu@58.937C tj@59.906C soc1@59.906C VDD_IN 9189mW/9201mW VDD_CPU_GPU_CV 3067mW/3057mW VDD_SOC 2662mW/2664mW
08-04-2026 21:03:53 RAM 3890/7620MB (lfb 152x1MB) SWAP 1691/12002MB (cached 50MB) CPU [0%@1728,0%@1728,0%@1728,0%@1728,0%@1728,100%@1728] GR3D_FREQ 17% cpu@59C soc2@57.656C soc0@58.468C gpu@58.843C tj@59.906C soc1@59.906C VDD_IN 9189mW/9201mW VDD_CPU_GPU_CV 3067mW/3057mW VDD_SOC 2666mW/2664mW
08-04-2026 21:03:53 RAM 3890/7620MB (lfb 152x1MB) SWAP 1691/12002MB (cached 50MB) CPU [0%@1728,0%@1728,0%@1728,0%@1728,9%@1728,100%@1728] GR3D_FREQ 16% cpu@58.781C soc2@57.656C soc0@58.562C gpu@59.031C tj@59.906C soc1@60C VDD_IN 9189mW/9201mW VDD_CPU_GPU_CV 3067mW/3057mW VDD_SOC 2662mW/2664mW
08-04-2026 21:03:53 RAM 3890/7620MB (lfb 152x1MB) SWAP 1691/12002MB (cached 50MB) CPU [0%@1728,0%@1728,0%@1728,0%@1728,0%@1728,100%@1728] GR3D_FREQ 16% cpu@58.75C soc2@57.718C soc0@58.562C gpu@58.875C tj@60C soc1@60C VDD_IN 9189mW/9201mW VDD_CPU_GPU_CV 3067mW/3057mW VDD_SOC 2666mW/2664mW
08-04-2026 21:03:53 RAM 3890/7620MB (lfb 152x1MB) SWAP 1691/12002MB (cached 50MB) CPU [0%@1728,9%@1728,0%@1728,0%@1728,0%@1728,100%@1728] GR3D_FREQ 17% cpu@59.031C soc2@57.75C soc0@58.718C gpu@58.812C tj@59.906C soc1@59.906C VDD_IN 9189mW/9201mW VDD_CPU_GPU_CV 3067mW/3057mW VDD_SOC 2662mW/2664mW
08-04-2026 21:03:54 RAM 3890/7620MB (lfb 152x1MB) SWAP 1691/12002MB (cached 50MB) CPU [9%@1728,0%@1728,0%@1728,0%@1728,0%@1728,100%@1728] GR3D_FREQ 16% cpu@58.906C soc2@57.625C soc0@58.5C gpu@58.968C tj@59.875C soc1@59.875C VDD_IN 9189mW/9201mW VDD_CPU_GPU_CV 3067mW/3057mW VDD_SOC 2662mW/2664mW
08-04-2026 21:03:54 RAM 3890/7620MB (lfb 152x1MB) SWAP 1691/12002MB (cached 50MB) CPU [0%@1728,0%@1728,0%@1728,0%@1728,0%@1728,100%@1728] GR3D_FREQ 17% cpu@58.75C soc2@57.718C soc0@58.468C gpu@58.843C tj@59.875C soc1@59.875C VDD_IN 9189mW/9201mW VDD_CPU_GPU_CV 3067mW/3057mW VDD_SOC 2662mW/2664mW
08-04-2026 21:03:54 RAM 3890/7620MB (lfb 152x1MB) SWAP 1691/12002MB (cached 50MB) CPU [0%@1728,0%@1728,0%@1728,0%@1728,0%@1728,100%@1728] GR3D_FREQ 16% cpu@58.75C soc2@57.718C soc0@58.468C gpu@58.781C tj@60.031C soc1@60.031C VDD_IN 9189mW/9201mW VDD_CPU_GPU_CV 3067mW/3057mW VDD_SOC 2662mW/2664mW
08-04-2026 21:03:54 RAM 3890/7620MB (lfb 152x1MB) SWAP 1691/12002MB (cached 50MB) CPU [0%@1728,0%@1728,0%@1728,0%@1728,0%@1728,100%@1728] GR3D_FREQ 17% cpu@58.812C soc2@57.781C soc0@58.531C gpu@59.031C tj@60.125C soc1@60.125C VDD_IN 9230mW/9201mW VDD_CPU_GPU_CV 3067mW/3057mW VDD_SOC 2662mW/2664mW
08-04-2026 21:03:54 RAM 3890/7620MB (lfb 152x1MB) SWAP 1691/12002MB (cached 50MB) CPU [0%@1728,0%@1728,0%@1728,0%@1728,8%@1728,100%@1728] GR3D_FREQ 16% cpu@58.812C soc2@57.593C soc0@58.406C gpu@58.875C tj@59.812C soc1@59.812C VDD_IN 9189mW/9201mW VDD_CPU_GPU_CV 3067mW/3057mW VDD_SOC 2662mW/2664mW
08-04-2026 21:03:54 RAM 3890/7620MB (lfb 152x1MB) SWAP 1691/12002MB (cached 50MB) CPU [9%@1728,0%@1728,0%@1728,0%@1728,0%@1728,100%@1728] GR3D_FREQ 16% cpu@59C soc2@57.718C soc0@58.406C gpu@59.031C tj@59.875C soc1@59.875C VDD_IN 9189mW/9201mW VDD_CPU_GPU_CV 3067mW/3057mW VDD_SOC 2662mW/2664mW
08-04-2026 21:03:54 RAM 3890/7620MB (lfb 152x1MB) SWAP 1691/12002MB (cached 50MB) CPU [0%@1728,0%@1728,0%@1728,0%@1728,0%@1728,100%@1728] GR3D_FREQ 16% cpu@58.687C soc2@57.718C soc0@58.437C gpu@58.968C tj@59.968C soc1@59.968C VDD_IN 9189mW/9201mW VDD_CPU_GPU_CV 3067mW/3057mW VDD_SOC 2662mW/2664mW
08-04-2026 21:03:54 RAM 3890/7620MB (lfb 152x1MB) SWAP 1691/12002MB (cached 50MB) CPU [0%@1728,0%@1728,0%@1728,0%@1728,0%@1728,100%@1728] GR3D_FREQ 16% cpu@58.812C soc2@57.718C soc0@58.593C gpu@58.843C tj@60.031C soc1@60.031C VDD_IN 9189mW/9201mW VDD_CPU_GPU_CV 3067mW/3057mW VDD_SOC 2662mW/2664mW
08-04-2026 21:03:54 RAM 3890/7620MB (lfb 152x1MB) SWAP 1691/12002MB (cached 50MB) CPU [0%@1728,0%@1728,0%@1728,0%@1728,0%@1728,100%@1728] GR3D_FREQ 16% cpu@58.875C soc2@57.812C soc0@58.656C gpu@59.031C tj@59.906C soc1@59.906C VDD_IN 9189mW/9201mW VDD_CPU_GPU_CV 3067mW/3057mW VDD_SOC 2666mW/2664mW
08-04-2026 21:03:55 RAM 3890/7620MB (lfb 152x1MB) SWAP 1691/12002MB (cached 50MB) CPU [0%@1728,0%@1728,0%@1728,0%@1728,0%@1728,100%@1728] GR3D_FREQ 17% cpu@58.875C soc2@57.625C soc0@58.437C gpu@58.906C tj@59.937C soc1@59.937C VDD_IN 9189mW/9201mW VDD_CPU_GPU_CV 3067mW/3057mW VDD_SOC 2666mW/2664mW
08-04-2026 21:03:55 RAM 3890/7620MB (lfb 152x1MB) SWAP 1691/12002MB (cached 50MB) CPU [0%@1728,0%@1728,0%@1728,0%@1728,0%@1728,100%@1728] GR3D_FREQ 17% cpu@59.062C soc2@57.687C soc0@58.5C gpu@58.843C tj@60C soc1@60C VDD_IN 9189mW/9201mW VDD_CPU_GPU_CV 3067mW/3057mW VDD_SOC 2662mW/2664mW
08-04-2026 21:03:55 RAM 3890/7620MB (lfb 152x1MB) SWAP 1691/12002MB (cached 50MB) CPU [0%@1728,0%@1728,0%@1728,0%@1728,0%@1728,100%@1728] GR3D_FREQ 16% cpu@58.687C soc2@57.687C soc0@58.5C gpu@59.031C tj@60C soc1@60C VDD_IN 9189mW/9201mW VDD_CPU_GPU_CV 3067mW/3057mW VDD_SOC 2662mW/2664mW
08-04-2026 21:03:55 RAM 3890/7620MB (lfb 152x1MB) SWAP 1691/12002MB (cached 50MB) CPU [0%@1728,0%@1728,0%@1728,0%@1728,0%@1728,100%@1728] GR3D_FREQ 17% cpu@58.843C soc2@57.781C soc0@58.656C gpu@58.968C tj@60.093C soc1@60.093C VDD_IN 9189mW/9201mW VDD_CPU_GPU_CV 3026mW/3057mW VDD_SOC 2666mW/2664mW
08-04-2026 21:03:55 RAM 3890/7620MB (lfb 152x1MB) SWAP 1691/12002MB (cached 50MB) CPU [0%@1728,0%@1728,8%@1728,0%@1728,0%@1728,100%@1728] GR3D_FREQ 17% cpu@58.937C soc2@57.687C soc0@58.375C gpu@58.781C tj@59.906C soc1@59.906C VDD_IN 9189mW/9201mW VDD_CPU_GPU_CV 3067mW/3057mW VDD_SOC 2662mW/2664mW
08-04-2026 21:03:55 RAM 3890/7620MB (lfb 152x1MB) SWAP 1691/12002MB (cached 50MB) CPU [0%@1728,8%@1728,0%@1728,0%@1728,0%@1728,100%@1728] GR3D_FREQ 16% cpu@58.968C soc2@57.687C soc0@58.468C gpu@58.968C tj@59.906C soc1@59.906C VDD_IN 9189mW/9201mW VDD_CPU_GPU_CV 3067mW/3057mW VDD_SOC 2662mW/2664mW
08-04-2026 21:03:55 RAM 3890/7620MB (lfb 152x1MB) SWAP 1691/12002MB (cached 50MB) CPU [0%@1728,0%@1728,0%@1728,0%@1728,0%@1728,100%@1728] GR3D_FREQ 17% cpu@58.781C soc2@57.687C soc0@58.5C gpu@58.937C tj@60C soc1@60C VDD_IN 9189mW/9201mW VDD_CPU_GPU_CV 3067mW/3057mW VDD_SOC 2662mW/2664mW
08-04-2026 21:03:55 RAM 3889/7620MB (lfb 152x1MB) SWAP 1691/12002MB (cached 50MB) CPU [0%@1728,11%@1728,0%@1728,0%@1728,9%@1728,100%@1728] GR3D_FREQ 16% cpu@58.937C soc2@57.75C soc0@58.687C gpu@58.781C tj@60.093C soc1@60.093C VDD_IN 9271mW/9201mW VDD_CPU_GPU_CV 3108mW/3057mW VDD_SOC 2662mW/2664mW
08-04-2026 21:03:55 RAM 3889/7620MB (lfb 152x1MB) SWAP 1691/12002MB (cached 50MB) CPU [0%@1728,0%@1728,0%@1728,0%@1728,0%@1728,100%@1728] GR3D_FREQ 17% cpu@59.125C soc2@57.75C soc0@58.312C gpu@58.968C tj@59.875C soc1@59.875C VDD_IN 9271mW/9201mW VDD_CPU_GPU_CV 3067mW/3057mW VDD_SOC 2662mW/2664mW
08-04-2026 21:03:55 RAM 3889/7620MB (lfb 152x1MB) SWAP 1691/12002MB (cached 50MB) CPU [0%@1728,0%@1728,0%@1728,0%@1728,0%@1728,100%@1728] GR3D_FREQ 16% cpu@58.937C soc2@57.593C soc0@58.468C gpu@58.875C tj@59.906C soc1@59.906C VDD_IN 9230mW/9201mW VDD_CPU_GPU_CV 3067mW/3057mW VDD_SOC 2662mW/2664mW
08-04-2026 21:03:56 RAM 3889/7620MB (lfb 152x1MB) SWAP 1691/12002MB (cached 50MB) CPU [0%@1728,0%@1728,0%@1728,0%@1728,0%@1728,100%@1728] GR3D_FREQ 17% cpu@58.75C soc2@57.718C soc0@58.562C gpu@59.093C tj@59.906C soc1@59.906C VDD_IN 9230mW/9201mW VDD_CPU_GPU_CV 3067mW/3057mW VDD_SOC 2662mW/2664mW
08-04-2026 21:03:56 RAM 3889/7620MB (lfb 152x1MB) SWAP 1691/12002MB (cached 50MB) CPU [0%@1728,0%@1728,0%@1728,0%@1728,0%@1728,100%@1728] GR3D_FREQ 16% cpu@58.875C soc2@57.75C soc0@58.656C gpu@58.968C tj@60.031C soc1@60.031C VDD_IN 9230mW/9201mW VDD_CPU_GPU_CV 3067mW/3057mW VDD_SOC 2662mW/2664mW
08-04-2026 21:03:56 RAM 3889/7620MB (lfb 152x1MB) SWAP 1691/12002MB (cached 50MB) CPU [0%@1728,0%@1728,0%@1728,0%@1728,0%@1728,100%@1728] GR3D_FREQ 17% cpu@58.906C soc2@57.75C soc0@58.687C gpu@58.812C tj@59.875C soc1@59.875C VDD_IN 9230mW/9201mW VDD_CPU_GPU_CV 3067mW/3057mW VDD_SOC 2666mW/2664mW
08-04-2026 21:03:56 RAM 3889/7620MB (lfb 152x1MB) SWAP 1691/12002MB (cached 50MB) CPU [0%@1728,0%@1728,0%@1728,0%@1728,0%@1728,100%@1728] GR3D_FREQ 17% cpu@58.968C soc2@57.687C soc0@58.5C gpu@58.968C tj@59.937C soc1@59.937C VDD_IN 9230mW/9201mW VDD_CPU_GPU_CV 3067mW/3057mW VDD_SOC 2666mW/2664mW
08-04-2026 21:03:56 RAM 3890/7620MB (lfb 152x1MB) SWAP 1691/12002MB (cached 50MB) CPU [0%@1728,0%@1728,0%@1728,0%@1728,9%@1728,100%@1728] GR3D_FREQ 16% cpu@59.156C soc2@57.656C soc0@58.5C gpu@58.968C tj@59.906C soc1@59.906C VDD_IN 9230mW/9201mW VDD_CPU_GPU_CV 3067mW/3057mW VDD_SOC 2662mW/2664mW
08-04-2026 21:03:56 RAM 3890/7620MB (lfb 152x1MB) SWAP 1691/12002MB (cached 50MB) CPU [0%@1728,0%@1728,0%@1728,0%@1728,0%@1728,100%@1728] GR3D_FREQ 17% cpu@58.75C soc2@57.75C soc0@58.562C gpu@58.781C tj@60.093C soc1@60.093C VDD_IN 9230mW/9201mW VDD_CPU_GPU_CV 3067mW/3057mW VDD_SOC 2662mW/2664mW
08-04-2026 21:03:56 RAM 3890/7620MB (lfb 152x1MB) SWAP 1691/12002MB (cached 50MB) CPU [0%@1728,0%@1728,0%@1728,0%@1728,0%@1728,100%@1728] GR3D_FREQ 16% cpu@58.875C soc2@57.781C soc0@58.593C gpu@59.031C tj@60.093C soc1@60.093C VDD_IN 9230mW/9201mW VDD_CPU_GPU_CV 3067mW/3057mW VDD_SOC 2662mW/2664mW
08-04-2026 21:03:56 RAM 3890/7620MB (lfb 152x1MB) SWAP 1691/12002MB (cached 50MB) CPU [0%@1728,0%@1728,0%@1728,0%@1728,0%@1728,100%@1728] GR3D_FREQ 16% cpu@58.875C soc2@57.812C soc0@58.5C gpu@58.937C tj@59.875C soc1@59.875C VDD_IN 9230mW/9201mW VDD_CPU_GPU_CV 3067mW/3057mW VDD_SOC 2666mW/2664mW
08-04-2026 21:03:56 RAM 3890/7620MB (lfb 152x1MB) SWAP 1691/12002MB (cached 50MB) CPU [0%@1728,9%@1728,0%@1728,0%@1728,0%@1728,100%@1728] GR3D_FREQ 16% cpu@58.968C soc2@57.656C soc0@58.375C gpu@58.781C tj@59.937C soc1@59.937C VDD_IN 9230mW/9201mW VDD_CPU_GPU_CV 3067mW/3057mW VDD_SOC 2662mW/2664mW
08-04-2026 21:03:57 RAM 3890/7620MB (lfb 152x1MB) SWAP 1691/12002MB (cached 50MB) CPU [0%@1728,0%@1728,0%@1728,0%@1728,0%@1728,100%@1728] GR3D_FREQ 16% cpu@58.75C soc2@57.75C soc0@58.437C gpu@59.031C tj@59.968C soc1@59.968C VDD_IN 9230mW/9201mW VDD_CPU_GPU_CV 3067mW/3057mW VDD_SOC 2666mW/2664mW
08-04-2026 21:03:57 RAM 3890/7620MB (lfb 152x1MB) SWAP 1691/12002MB (cached 50MB) CPU [0%@1728,0%@1728,0%@1728,0%@1728,0%@1728,100%@1728] GR3D_FREQ 16% cpu@58.781C soc2@57.75C soc0@58.718C gpu@58.906C tj@60.031C soc1@60.031C VDD_IN 9189mW/9201mW VDD_CPU_GPU_CV 3067mW/3057mW VDD_SOC 2666mW/2664mW
08-04-2026 21:03:57 RAM 3890/7620MB (lfb 152x1MB) SWAP 1691/12002MB (cached 50MB) CPU [0%@1728,0%@1728,0%@1728,0%@1728,0%@1728,100%@1728] GR3D_FREQ 16% cpu@58.875C soc2@57.75C soc0@58.718C gpu@58.75C tj@59.906C soc1@59.906C VDD_IN 9189mW/9201mW VDD_CPU_GPU_CV 3067mW/3057mW VDD_SOC 2662mW/2664mW
08-04-2026 21:03:57 RAM 3890/7620MB (lfb 152x1MB) SWAP 1691/12002MB (cached 50MB) CPU [0%@1728,0%@1728,0%@1728,0%@1728,0%@1728,100%@1728] GR3D_FREQ 17% cpu@58.875C soc2@57.625C soc0@58.468C gpu@58.968C tj@59.843C soc1@59.843C VDD_IN 9189mW/9201mW VDD_CPU_GPU_CV 3067mW/3057mW VDD_SOC 2666mW/2664mW
08-04-2026 21:03:57 RAM 3890/7620MB (lfb 152x1MB) SWAP 1691/12002MB (cached 50MB) CPU [0%@1728,0%@1728,0%@1728,9%@1728,0%@1728,100%@1728] GR3D_FREQ 16% cpu@59.031C soc2@57.687C soc0@58.406C gpu@58.937C tj@59.906C soc1@59.906C VDD_IN 9230mW/9201mW VDD_CPU_GPU_CV 3067mW/3057mW VDD_SOC 2666mW/2664mW
08-04-2026 21:03:57 RAM 3890/7620MB (lfb 152x1MB) SWAP 1691/12002MB (cached 50MB) CPU [0%@1728,0%@1728,0%@1728,0%@1728,0%@1728,100%@1728] GR3D_FREQ 16% cpu@58.812C soc2@57.656C soc0@58.531C gpu@59.156C tj@59.906C soc1@59.906C VDD_IN 9230mW/9201mW VDD_CPU_GPU_CV 3067mW/3057mW VDD_SOC 2666mW/2664mW
08-04-2026 21:03:57 RAM 3890/7620MB (lfb 152x1MB) SWAP 1691/12002MB (cached 50MB) CPU [0%@1728,0%@1728,0%@1728,0%@1728,0%@1728,100%@1728] GR3D_FREQ 17% cpu@58.843C soc2@57.75C soc0@58.625C gpu@59C tj@60.093C soc1@60.093C VDD_IN 9230mW/9201mW VDD_CPU_GPU_CV 3067mW/3057mW VDD_SOC 2662mW/2664mW
08-04-2026 21:03:57 RAM 3890/7620MB (lfb 152x1MB) SWAP 1691/12002MB (cached 50MB) CPU [0%@1728,0%@1728,0%@1728,0%@1728,9%@1728,100%@1728] GR3D_FREQ 17% cpu@58.875C soc2@57.781C soc0@58.468C gpu@58.812C tj@59.906C soc1@59.906C VDD_IN 9230mW/9201mW VDD_CPU_GPU_CV 3067mW/3057mW VDD_SOC 2662mW/2664mW
08-04-2026 21:03:57 RAM 3890/7620MB (lfb 152x1MB) SWAP 1691/12002MB (cached 50MB) CPU [0%@1728,0%@1728,0%@1728,0%@1728,0%@1728,100%@1728] GR3D_FREQ 16% cpu@59C soc2@57.75C soc0@58.468C gpu@59.031C tj@59.875C soc1@59.875C VDD_IN 9189mW/9201mW VDD_CPU_GPU_CV 3067mW/3057mW VDD_SOC 2662mW/2664mW
08-04-2026 21:03:57 RAM 3890/7620MB (lfb 152x1MB) SWAP 1691/12002MB (cached 50MB) CPU [9%@1728,0%@1728,0%@1728,0%@1728,0%@1728,100%@1728] GR3D_FREQ 17% cpu@58.718C soc2@57.718C soc0@58.531C gpu@58.968C tj@59.906C soc1@59.906C VDD_IN 9189mW/9201mW VDD_CPU_GPU_CV 3067mW/3057mW VDD_SOC 2662mW/2664mW
08-04-2026 21:03:58 RAM 3890/7620MB (lfb 152x1MB) SWAP 1691/12002MB (cached 50MB) CPU [0%@1728,9%@1728,0%@1728,0%@1728,0%@1728,100%@1728] GR3D_FREQ 16% cpu@58.781C soc2@57.718C soc0@58.531C gpu@58.843C tj@60.062C soc1@60.062C VDD_IN 9189mW/9201mW VDD_CPU_GPU_CV 3067mW/3057mW VDD_SOC 2662mW/2664mW
08-04-2026 21:03:58 RAM 3890/7620MB (lfb 152x1MB) SWAP 1691/12002MB (cached 50MB) CPU [0%@1728,0%@1728,0%@1728,0%@1728,0%@1728,100%@1728] GR3D_FREQ 17% cpu@58.937C soc2@57.781C soc0@58.656C gpu@59.031C tj@59.906C soc1@59.906C VDD_IN 9189mW/9201mW VDD_CPU_GPU_CV 3067mW/3057mW VDD_SOC 2662mW/2664mW
08-04-2026 21:03:58 RAM 3890/7620MB (lfb 152x1MB) SWAP 1691/12002MB (cached 50MB) CPU [0%@1728,0%@1728,0%@1728,0%@1728,0%@1728,100%@1728] GR3D_FREQ 16% cpu@58.937C soc2@57.687C soc0@58.468C gpu@58.968C tj@59.937C soc1@59.937C VDD_IN 9189mW/9201mW VDD_CPU_GPU_CV 3067mW/3057mW VDD_SOC 2666mW/2664mW
08-04-2026 21:03:58 RAM 3890/7620MB (lfb 152x1MB) SWAP 1691/12002MB (cached 50MB) CPU [0%@1728,0%@1728,0%@1728,0%@1728,0%@1728,100%@1728] GR3D_FREQ 17% cpu@59.156C soc2@57.75C soc0@58.593C gpu@58.781C tj@59.906C soc1@59.906C VDD_IN 9189mW/9201mW VDD_CPU_GPU_CV 3067mW/3057mW VDD_SOC 2662mW/2664mW
08-04-2026 21:03:58 RAM 3890/7620MB (lfb 152x1MB) SWAP 1691/12002MB (cached 50MB) CPU [9%@1728,0%@1728,0%@1728,0%@1728,0%@1728,100%@1728] GR3D_FREQ 16% cpu@58.812C soc2@57.718C soc0@58.468C gpu@59.093C tj@60.031C soc1@60.031C VDD_IN 9189mW/9201mW VDD_CPU_GPU_CV 3067mW/3057mW VDD_SOC 2666mW/2664mW
08-04-2026 21:03:58 RAM 3890/7620MB (lfb 152x1MB) SWAP 1691/12002MB (cached 50MB) CPU [0%@1728,0%@1728,0%@1728,0%@1728,9%@1728,100%@1728] GR3D_FREQ 16% cpu@58.781C soc2@57.718C soc0@58.718C gpu@58.937C tj@60.125C soc1@60.125C VDD_IN 9189mW/9201mW VDD_CPU_GPU_CV 3067mW/3058mW VDD_SOC 2662mW/2664mW
08-04-2026 21:03:58 RAM 3890/7620MB (lfb 152x1MB) SWAP 1691/12002MB (cached 50MB) CPU [0%@1728,0%@1728,0%@1728,0%@1728,0%@1728,100%@1728] GR3D_FREQ 17% cpu@58.968C soc2@57.625C soc0@58.468C gpu@59.187C tj@59.812C soc1@59.812C VDD_IN 9189mW/9201mW VDD_CPU_GPU_CV 3067mW/3058mW VDD_SOC 2662mW/2664mW
08-04-2026 21:03:58 RAM 3890/7620MB (lfb 152x1MB) SWAP 1691/12002MB (cached 50MB) CPU [0%@1728,0%@1728,0%@1728,0%@1728,0%@1728,100%@1728] GR3D_FREQ 16% cpu@59.031C soc2@57.625C soc0@58.406C gpu@59C tj@59.968C soc1@59.968C VDD_IN 9189mW/9201mW VDD_CPU_GPU_CV 3067mW/3058mW VDD_SOC 2662mW/2664mW
08-04-2026 21:03:58 RAM 3890/7620MB (lfb 152x1MB) SWAP 1691/12002MB (cached 50MB) CPU [0%@1728,0%@1728,0%@1728,0%@1728,0%@1728,100%@1728] GR3D_FREQ 17% cpu@58.781C soc2@57.718C soc0@58.5C gpu@58.875C tj@59.937C soc1@59.937C VDD_IN 9189mW/9201mW VDD_CPU_GPU_CV 3067mW/3058mW VDD_SOC 2662mW/2664mW
08-04-2026 21:03:59 RAM 3889/7620MB (lfb 152x1MB) SWAP 1691/12002MB (cached 50MB) CPU [20%@1728,9%@1728,0%@1728,0%@1728,0%@1728,100%@1728] GR3D_FREQ 17% cpu@59C soc2@57.75C soc0@58.656C gpu@59.187C tj@60.062C soc1@60.062C VDD_IN 9271mW/9201mW VDD_CPU_GPU_CV 3108mW/3058mW VDD_SOC 2662mW/2664mW
08-04-2026 21:03:59 RAM 3889/7620MB (lfb 152x1MB) SWAP 1691/12002MB (cached 50MB) CPU [0%@1728,0%@1728,0%@1728,0%@1728,0%@1728,100%@1728] GR3D_FREQ 16% cpu@58.906C soc2@57.875C soc0@58.687C gpu@59.031C tj@59.843C soc1@59.843C VDD_IN 9271mW/9201mW VDD_CPU_GPU_CV 3108mW/3058mW VDD_SOC 2662mW/2664mW
08-04-2026 21:03:59 RAM 3889/7620MB (lfb 152x1MB) SWAP 1691/12002MB (cached 50MB) CPU [0%@1728,8%@1728,0%@1728,0%@1728,0%@1728,100%@1728] GR3D_FREQ 17% cpu@58.937C soc2@57.75C soc0@58.468C gpu@58.875C tj@59.937C soc1@59.937C VDD_IN 9230mW/9201mW VDD_CPU_GPU_CV 3067mW/3058mW VDD_SOC 2662mW/2664mW
08-04-2026 21:03:59 RAM 3889/7620MB (lfb 152x1MB) SWAP 1691/12002MB (cached 50MB) CPU [0%@1728,0%@1728,0%@1728,0%@1728,9%@1728,100%@1728] GR3D_FREQ 16% cpu@58.781C soc2@57.75C soc0@58.562C gpu@59.125C tj@59.906C soc1@59.906C VDD_IN 9230mW/9201mW VDD_CPU_GPU_CV 3067mW/3058mW VDD_SOC 2662mW/2664mW
08-04-2026 21:03:59 RAM 3889/7620MB (lfb 152x1MB) SWAP 1691/12002MB (cached 50MB) CPU [0%@1728,0%@1728,0%@1728,8%@1728,8%@1728,100%@1728] GR3D_FREQ 17% cpu@58.812C soc2@57.75C soc0@58.625C gpu@59.031C tj@60.031C soc1@60.031C VDD_IN 9230mW/9201mW VDD_CPU_GPU_CV 3067mW/3058mW VDD_SOC 2662mW/2664mW
08-04-2026 21:03:59 RAM 3889/7620MB (lfb 152x1MB) SWAP 1691/12002MB (cached 50MB) CPU [0%@1728,0%@1728,0%@1728,0%@1728,0%@1728,100%@1728] GR3D_FREQ 17% cpu@58.781C soc2@57.781C soc0@58.75C gpu@58.937C tj@59.812C soc1@59.812C VDD_IN 9230mW/9202mW VDD_CPU_GPU_CV 3067mW/3058mW VDD_SOC 2662mW/2664mW
08-04-2026 21:03:59 RAM 3889/7620MB (lfb 152x1MB) SWAP 1691/12002MB (cached 50MB) CPU [0%@1728,0%@1728,0%@1728,0%@1728,0%@1728,100%@1728] GR3D_FREQ 17% cpu@59C soc2@57.656C soc0@58.468C gpu@59.125C tj@59.906C soc1@59.906C VDD_IN 9230mW/9202mW VDD_CPU_GPU_CV 3067mW/3058mW VDD_SOC 2662mW/2664mW
08-04-2026 21:03:59 RAM 3889/7620MB (lfb 152x1MB) SWAP 1691/12002MB (cached 50MB) CPU [0%@1728,0%@1728,0%@1728,0%@1728,0%@1728,100%@1728] GR3D_FREQ 17% cpu@58.968C soc2@57.718C soc0@58.531C gpu@58.937C tj@59.937C soc1@59.937C VDD_IN 9230mW/9202mW VDD_CPU_GPU_CV 3067mW/3058mW VDD_SOC 2662mW/2664mW
08-04-2026 21:03:59 RAM 3889/7620MB (lfb 152x1MB) SWAP 1691/12002MB (cached 50MB) CPU [9%@1728,0%@1728,0%@1728,0%@1728,0%@1728,100%@1728] GR3D_FREQ 17% cpu@58.875C soc2@57.75C soc0@58.468C gpu@58.906C tj@60C soc1@60C VDD_IN 9230mW/9202mW VDD_CPU_GPU_CV 3067mW/3058mW VDD_SOC 2662mW/2664mW
08-04-2026 21:03:59 RAM 3889/7620MB (lfb 152x1MB) SWAP 1691/12002MB (cached 50MB) CPU [0%@1728,0%@1728,0%@1728,0%@1728,0%@1728,100%@1728] GR3D_FREQ 16% cpu@58.812C soc2@57.718C soc0@58.656C gpu@59.125C tj@60C soc1@60C VDD_IN 9189mW/9202mW VDD_CPU_GPU_CV 3067mW/3058mW VDD_SOC 2662mW/2664mW
08-04-2026 21:04:00 RAM 3889/7620MB (lfb 152x1MB) SWAP 1691/12002MB (cached 50MB) CPU [0%@1728,0%@1728,0%@1728,0%@1728,0%@1728,100%@1728] GR3D_FREQ 17% cpu@58.906C soc2@57.812C soc0@58.5C gpu@58.937C tj@59.906C soc1@59.906C VDD_IN 9189mW/9202mW VDD_CPU_GPU_CV 3067mW/3058mW VDD_SOC 2662mW/2664mW
08-04-2026 21:04:00 RAM 3889/7620MB (lfb 152x1MB) SWAP 1691/12002MB (cached 50MB) CPU [0%@1728,0%@1728,0%@1728,0%@1728,0%@1728,100%@1728] GR3D_FREQ 17% cpu@59C soc2@57.718C soc0@58.5C gpu@58.875C tj@59.937C soc1@59.937C VDD_IN 9189mW/9202mW VDD_CPU_GPU_CV 3067mW/3058mW VDD_SOC 2666mW/2664mW
08-04-2026 21:04:00 RAM 3889/7620MB (lfb 152x1MB) SWAP 1691/12002MB (cached 50MB) CPU [0%@1728,0%@1728,0%@1728,0%@1728,0%@1728,100%@1728] GR3D_FREQ 16% cpu@58.781C soc2@57.718C soc0@58.531C gpu@59.031C tj@59.937C soc1@59.937C VDD_IN 9189mW/9202mW VDD_CPU_GPU_CV 3067mW/3058mW VDD_SOC 2662mW/2664mW
08-04-2026 21:04:00 RAM 3889/7620MB (lfb 152x1MB) SWAP 1691/12002MB (cached 50MB) CPU [0%@1728,16%@1728,0%@1728,0%@1728,0%@1728,100%@1728] GR3D_FREQ 17% cpu@58.875C soc2@57.812C soc0@58.562C gpu@58.937C tj@59.937C soc1@59.937C VDD_IN 9230mW/9202mW VDD_CPU_GPU_CV 3067mW/3058mW VDD_SOC 2662mW/2664mW
08-04-2026 21:04:00 RAM 3889/7620MB (lfb 152x1MB) SWAP 1691/12002MB (cached 50MB) CPU [0%@1728,0%@1728,0%@1728,0%@1728,0%@1728,100%@1728] GR3D_FREQ 16% cpu@58.937C soc2@57.781C soc0@58.718C gpu@58.843C tj@59.906C soc1@59.906C VDD_IN 9230mW/9202mW VDD_CPU_GPU_CV 3067mW/3058mW VDD_SOC 2662mW/2664mW
08-04-2026 21:04:00 RAM 3889/7620MB (lfb 152x1MB) SWAP 1691/12002MB (cached 50MB) CPU [9%@1728,0%@1728,0%@1728,8%@1728,0%@1728,100%@1728] GR3D_FREQ 17% cpu@58.937C soc2@57.656C soc0@58.406C gpu@58.968C tj@59.875C soc1@59.875C VDD_IN 9230mW/9202mW VDD_CPU_GPU_CV 3067mW/3058mW VDD_SOC 2662mW/2664mW
08-04-2026 21:04:00 RAM 3889/7620MB (lfb 152x1MB) SWAP 1691/12002MB (cached 50MB) CPU [0%@1728,0%@1728,0%@1728,0%@1728,9%@1728,100%@1728] GR3D_FREQ 16% cpu@59.062C soc2@57.687C soc0@58.5C gpu@58.875C tj@60C soc1@60C VDD_IN 9230mW/9202mW VDD_CPU_GPU_CV 3067mW/3058mW VDD_SOC 2662mW/2664mW
08-04-2026 21:04:00 RAM 3889/7620MB (lfb 152x1MB) SWAP 1691/12002MB (cached 50MB) CPU [0%@1728,0%@1728,0%@1728,0%@1728,0%@1728,100%@1728] GR3D_FREQ 17% cpu@58.75C soc2@57.687C soc0@58.562C gpu@59.093C tj@60.031C soc1@60.031C VDD_IN 9230mW/9202mW VDD_CPU_GPU_CV 3067mW/3058mW VDD_SOC 2662mW/2664mW
08-04-2026 21:04:00 RAM 3889/7620MB (lfb 152x1MB) SWAP 1691/12002MB (cached 50MB) CPU [0%@1728,0%@1728,0%@1728,0%@1728,0%@1728,100%@1728] GR3D_FREQ 17% cpu@58.906C soc2@57.718C soc0@58.718C gpu@58.968C tj@60.125C soc1@60.125C VDD_IN 9189mW/9202mW VDD_CPU_GPU_CV 3067mW/3058mW VDD_SOC 2662mW/2664mW
08-04-2026 21:04:01 RAM 3889/7620MB (lfb 152x1MB) SWAP 1691/12002MB (cached 50MB) CPU [0%@1728,0%@1728,0%@1728,0%@1728,0%@1728,100%@1728] GR3D_FREQ 16% cpu@58.937C soc2@57.812C soc0@58.562C gpu@58.875C tj@59.906C soc1@59.906C VDD_IN 9189mW/9202mW VDD_CPU_GPU_CV 3067mW/3058mW VDD_SOC 2662mW/2664mW
08-04-2026 21:04:01 RAM 3889/7620MB (lfb 152x1MB) SWAP 1691/12002MB (cached 50MB) CPU [0%@1728,0%@1728,0%@1728,0%@1728,0%@1728,100%@1728] GR3D_FREQ 17% cpu@59.031C soc2@57.687C soc0@58.562C gpu@59.125C tj@59.906C soc1@59.906C VDD_IN 9189mW/9202mW VDD_CPU_GPU_CV 3067mW/3058mW VDD_SOC 2662mW/2664mW
08-04-2026 21:04:01 RAM 3889/7620MB (lfb 152x1MB) SWAP 1691/12002MB (cached 50MB) CPU [0%@1728,0%@1728,0%@1728,0%@1728,0%@1728,100%@1728] GR3D_FREQ 16% cpu@58.812C soc2@57.718C soc0@58.531C gpu@59C tj@60.093C soc1@60.093C VDD_IN 9189mW/9202mW VDD_CPU_GPU_CV 3067mW/3058mW VDD_SOC 2662mW/2664mW
08-04-2026 21:04:01 RAM 3889/7620MB (lfb 152x1MB) SWAP 1691/12002MB (cached 50MB) CPU [0%@1728,8%@1728,0%@1728,0%@1728,0%@1728,100%@1728] GR3D_FREQ 17% cpu@58.75C soc2@57.75C soc0@58.687C gpu@58.906C tj@60.031C soc1@60.031C VDD_IN 9189mW/9202mW VDD_CPU_GPU_CV 3067mW/3058mW VDD_SOC 2662mW/2664mW
08-04-2026 21:04:01 RAM 3889/7620MB (lfb 152x1MB) SWAP 1691/12002MB (cached 50MB) CPU [9%@1728,0%@1728,9%@1728,0%@1728,9%@1728,100%@1728] GR3D_FREQ 16% cpu@58.937C soc2@57.781C soc0@58.687C gpu@59.093C tj@59.875C soc1@59.875C VDD_IN 9189mW/9202mW VDD_CPU_GPU_CV 3067mW/3058mW VDD_SOC 2662mW/2664mW
08-04-2026 21:04:01 RAM 3889/7620MB (lfb 152x1MB) SWAP 1691/12002MB (cached 50MB) CPU [0%@1728,0%@1728,0%@1728,0%@1728,0%@1728,100%@1728] GR3D_FREQ 17% cpu@58.968C soc2@57.75C soc0@58.375C gpu@58.968C tj@59.875C soc1@59.875C VDD_IN 9189mW/9202mW VDD_CPU_GPU_CV 3067mW/3058mW VDD_SOC 2662mW/2664mW
08-04-2026 21:04:01 RAM 3889/7620MB (lfb 152x1MB) SWAP 1691/12002MB (cached 50MB) CPU [0%@1728,0%@1728,0%@1728,0%@1728,0%@1728,100%@1728] GR3D_FREQ 17% cpu@59.062C soc2@57.687C soc0@58.437C gpu@58.906C tj@59.937C soc1@59.937C VDD_IN 9189mW/9202mW VDD_CPU_GPU_CV 3067mW/3058mW VDD_SOC 2662mW/2664mW
08-04-2026 21:04:01 RAM 3889/7620MB (lfb 152x1MB) SWAP 1691/12002MB (cached 50MB) CPU [0%@1728,0%@1728,0%@1728,0%@1728,0%@1728,100%@1728] GR3D_FREQ 16% cpu@58.812C soc2@57.718C soc0@58.593C gpu@59.125C tj@60.062C soc1@60.062C VDD_IN 9189mW/9202mW VDD_CPU_GPU_CV 3067mW/3058mW VDD_SOC 2662mW/2664mW
08-04-2026 21:04:01 RAM 3889/7620MB (lfb 152x1MB) SWAP 1691/12002MB (cached 50MB) CPU [0%@1728,0%@1728,0%@1728,0%@1728,0%@1728,100%@1728] GR3D_FREQ 17% cpu@58.812C soc2@57.781C soc0@58.656C gpu@59.031C tj@60.062C soc1@60.062C VDD_IN 9189mW/9202mW VDD_CPU_GPU_CV 3067mW/3058mW VDD_SOC 2662mW/2664mW
08-04-2026 21:04:01 RAM 3889/7620MB (lfb 152x1MB) SWAP 1691/12002MB (cached 50MB) CPU [0%@1728,0%@1728,0%@1728,0%@1728,8%@1728,100%@1728] GR3D_FREQ 16% cpu@58.906C soc2@57.656C soc0@58.437C gpu@59.187C tj@59.875C soc1@59.875C VDD_IN 9189mW/9202mW VDD_CPU_GPU_CV 3067mW/3058mW VDD_SOC 2666mW/2664mW
08-04-2026 21:04:02 RAM 3889/7620MB (lfb 152x1MB) SWAP 1691/12002MB (cached 50MB) CPU [0%@1728,0%@1728,0%@1728,0%@1728,0%@1728,100%@1728] GR3D_FREQ 17% cpu@59.031C soc2@57.687C soc0@58.5C gpu@59C tj@59.906C soc1@59.906C VDD_IN 9189mW/9202mW VDD_CPU_GPU_CV 3067mW/3058mW VDD_SOC 2662mW/2664mW
08-04-2026 21:04:02 RAM 3889/7620MB (lfb 152x1MB) SWAP 1691/12002MB (cached 50MB) CPU [0%@1728,0%@1728,0%@1728,0%@1728,0%@1728,100%@1728] GR3D_FREQ 16% cpu@58.812C soc2@57.75C soc0@58.5C gpu@58.906C tj@60C soc1@60C VDD_IN 9189mW/9202mW VDD_CPU_GPU_CV 3067mW/3058mW VDD_SOC 2662mW/2664mW
08-04-2026 21:04:02 RAM 3888/7620MB (lfb 152x1MB) SWAP 1691/12002MB (cached 50MB) CPU [18%@1728,9%@1728,0%@1728,9%@1728,0%@1728,100%@1728] GR3D_FREQ 17% cpu@58.968C soc2@57.687C soc0@58.718C gpu@59.187C tj@60.093C soc1@60.093C VDD_IN 9271mW/9202mW VDD_CPU_GPU_CV 3108mW/3058mW VDD_SOC 2703mW/2664mW
08-04-2026 21:04:02 RAM 3888/7620MB (lfb 152x1MB) SWAP 1691/12002MB (cached 50MB) CPU [0%@1728,0%@1728,0%@1728,9%@1728,0%@1728,100%@1728] GR3D_FREQ 17% cpu@58.937C soc2@57.875C soc0@58.718C gpu@59.031C tj@59.875C soc1@59.875C VDD_IN 9271mW/9202mW VDD_CPU_GPU_CV 3108mW/3058mW VDD_SOC 2703mW/2664mW
08-04-2026 21:04:02 RAM 3888/7620MB (lfb 152x1MB) SWAP 1691/12002MB (cached 50MB) CPU [0%@1728,0%@1728,0%@1728,0%@1728,0%@1728,100%@1728] GR3D_FREQ 16% cpu@59C soc2@57.687C soc0@58.5C gpu@58.843C tj@59.843C soc1@60C VDD_IN 9230mW/9202mW VDD_CPU_GPU_CV 3108mW/3058mW VDD_SOC 2662mW/2664mW
08-04-2026 21:04:02 RAM 3888/7620MB (lfb 152x1MB) SWAP 1691/12002MB (cached 50MB) CPU [0%@1728,0%@1728,0%@1728,0%@1728,8%@1728,100%@1728] GR3D_FREQ 17% cpu@58.843C soc2@57.687C soc0@58.531C gpu@59.156C tj@59.937C soc1@59.937C VDD_IN 9230mW/9202mW VDD_CPU_GPU_CV 3067mW/3058mW VDD_SOC 2662mW/2664mW
08-04-2026 21:04:02 RAM 3888/7620MB (lfb 152x1MB) SWAP 1691/12002MB (cached 50MB) CPU [0%@1728,0%@1728,0%@1728,0%@1728,0%@1728,100%@1728] GR3D_FREQ 17% cpu@58.812C soc2@57.812C soc0@58.5C gpu@59C tj@59.968C soc1@59.968C VDD_IN 9230mW/9202mW VDD_CPU_GPU_CV 3067mW/3058mW VDD_SOC 2703mW/2664mW
08-04-2026 21:04:02 RAM 3888/7620MB (lfb 152x1MB) SWAP 1691/12002MB (cached 50MB) CPU [0%@1728,0%@1728,0%@1728,0%@1728,0%@1728,100%@1728] GR3D_FREQ 17% cpu@58.875C soc2@57.781C soc0@58.562C gpu@58.875C tj@59.875C soc1@59.875C VDD_IN 9230mW/9202mW VDD_CPU_GPU_CV 3067mW/3058mW VDD_SOC 2662mW/2664mW
08-04-2026 21:04:02 RAM 3888/7620MB (lfb 152x1MB) SWAP 1691/12002MB (cached 50MB) CPU [0%@1728,0%@1728,0%@1728,0%@1728,0%@1728,100%@1728] GR3D_FREQ 16% cpu@58.937C soc2@57.75C soc0@58.468C gpu@59.187C tj@59.843C soc1@59.843C VDD_IN 9230mW/9202mW VDD_CPU_GPU_CV 3067mW/3058mW VDD_SOC 2662mW/2664mW
08-04-2026 21:04:03 RAM 3888/7620MB (lfb 152x1MB) SWAP 1691/12002MB (cached 50MB) CPU [0%@1728,0%@1728,0%@1728,9%@1728,0%@1728,100%@1728] GR3D_FREQ 16% cpu@59.125C soc2@57.718C soc0@58.562C gpu@58.937C tj@59.937C soc1@59.937C VDD_IN 9230mW/9202mW VDD_CPU_GPU_CV 3067mW/3058mW VDD_SOC 2662mW/2664mW
08-04-2026 21:04:03 RAM 3888/7620MB (lfb 152x1MB) SWAP 1691/12002MB (cached 50MB) CPU [9%@1728,0%@1728,0%@1728,0%@1728,0%@1728,100%@1728] GR3D_FREQ 17% cpu@58.781C soc2@57.75C soc0@58.625C gpu@58.843C tj@60.031C soc1@60.031C VDD_IN 9230mW/9202mW VDD_CPU_GPU_CV 3067mW/3058mW VDD_SOC 2662mW/2664mW
08-04-2026 21:04:03 RAM 3888/7620MB (lfb 152x1MB) SWAP 1691/12002MB (cached 50MB) CPU [0%@1728,0%@1728,0%@1728,0%@1728,0%@1728,100%@1728] GR3D_FREQ 16% cpu@58.843C soc2@57.718C soc0@58.625C gpu@59.156C tj@60.093C soc1@60.093C VDD_IN 9189mW/9202mW VDD_CPU_GPU_CV 3067mW/3058mW VDD_SOC 2662mW/2664mW
08-04-2026 21:04:03 RAM 3888/7620MB (lfb 152x1MB) SWAP 1691/12002MB (cached 50MB) CPU [0%@1728,0%@1728,0%@1728,0%@1728,0%@1728,100%@1728] GR3D_FREQ 16% cpu@58.843C soc2@57.625C soc0@58.75C gpu@59.031C tj@59.875C soc1@59.875C VDD_IN 9189mW/9202mW VDD_CPU_GPU_CV 3067mW/3058mW VDD_SOC 2662mW/2664mW
08-04-2026 21:04:03 RAM 3888/7620MB (lfb 152x1MB) SWAP 1691/12002MB (cached 50MB) CPU [0%@1728,0%@1728,0%@1728,0%@1728,0%@1728,100%@1728] GR3D_FREQ 16% cpu@59.125C soc2@57.656C soc0@58.5C gpu@58.843C tj@60C soc1@60C VDD_IN 9230mW/9202mW VDD_CPU_GPU_CV 3067mW/3058mW VDD_SOC 2662mW/2664mW
08-04-2026 21:04:03 RAM 3888/7620MB (lfb 152x1MB) SWAP 1691/12002MB (cached 50MB) CPU [0%@1728,0%@1728,0%@1728,0%@1728,9%@1728,100%@1728] GR3D_FREQ 17% cpu@58.812C soc2@57.781C soc0@58.531C gpu@59.062C tj@59.968C soc1@59.968C VDD_IN 9230mW/9202mW VDD_CPU_GPU_CV 3067mW/3058mW VDD_SOC 2662mW/2664mW
08-04-2026 21:04:03 RAM 3888/7620MB (lfb 152x1MB) SWAP 1691/12002MB (cached 50MB) CPU [9%@1728,0%@1728,0%@1728,0%@1728,0%@1728,100%@1728] GR3D_FREQ 16% cpu@58.875C soc2@57.718C soc0@58.656C gpu@58.937C tj@60.062C soc1@60.062C VDD_IN 9230mW/9202mW VDD_CPU_GPU_CV 3067mW/3058mW VDD_SOC 2662mW/2664mW
08-04-2026 21:04:03 RAM 3888/7620MB (lfb 152x1MB) SWAP 1691/12002MB (cached 50MB) CPU [0%@1728,0%@1728,0%@1728,0%@1728,0%@1728,100%@1728] GR3D_FREQ 17% cpu@58.937C soc2@57.718C soc0@58.656C gpu@58.812C tj@59.906C soc1@59.906C VDD_IN 9189mW/9202mW VDD_CPU_GPU_CV 3067mW/3058mW VDD_SOC 2662mW/2664mW
08-04-2026 21:04:03 RAM 3888/7620MB (lfb 152x1MB) SWAP 1691/12002MB (cached 50MB) CPU [0%@1728,0%@1728,0%@1728,0%@1728,0%@1728,100%@1728] GR3D_FREQ 16% cpu@58.937C soc2@57.718C soc0@58.468C gpu@59.062C tj@59.937C soc1@59.937C VDD_IN 9230mW/9202mW VDD_CPU_GPU_CV 3067mW/3058mW VDD_SOC 2662mW/2664mW
08-04-2026 21:04:03 RAM 3888/7620MB (lfb 152x1MB) SWAP 1691/12002MB (cached 50MB) CPU [9%@1728,0%@1728,0%@1728,0%@1728,0%@1728,100%@1728] GR3D_FREQ 17% cpu@59.156C soc2@57.718C soc0@58.562C gpu@58.968C tj@59.937C soc1@59.937C VDD_IN 9230mW/9202mW VDD_CPU_GPU_CV 3067mW/3058mW VDD_SOC 2662mW/2664mW
08-04-2026 21:04:04 RAM 3888/7620MB (lfb 152x1MB) SWAP 1691/12002MB (cached 50MB) CPU [0%@1728,0%@1728,0%@1728,0%@1728,0%@1728,100%@1728] GR3D_FREQ 16% cpu@58.875C soc2@57.75C soc0@58.593C gpu@59.187C tj@60.031C soc1@60.031C VDD_IN 9189mW/9202mW VDD_CPU_GPU_CV 3067mW/3058mW VDD_SOC 2662mW/2664mW
08-04-2026 21:04:04 RAM 3888/7620MB (lfb 152x1MB) SWAP 1691/12002MB (cached 50MB) CPU [0%@1728,0%@1728,9%@1728,0%@1728,0%@1728,100%@1728] GR3D_FREQ 17% cpu@58.75C soc2@57.687C soc0@58.625C gpu@59C tj@60.093C soc1@60.093C VDD_IN 9189mW/9202mW VDD_CPU_GPU_CV 3067mW/3058mW VDD_SOC 2662mW/2664mW
08-04-2026 21:04:04 RAM 3888/7620MB (lfb 152x1MB) SWAP 1691/12002MB (cached 50MB) CPU [0%@1728,0%@1728,0%@1728,0%@1728,0%@1728,100%@1728] GR3D_FREQ 16% cpu@58.968C soc2@57.75C soc0@58.5C gpu@58.906C tj@59.875C soc1@59.875C VDD_IN 9189mW/9202mW VDD_CPU_GPU_CV 3067mW/3058mW VDD_SOC 2662mW/2664mW
08-04-2026 21:04:04 RAM 3888/7620MB (lfb 152x1MB) SWAP 1691/12002MB (cached 50MB) CPU [0%@1728,0%@1728,9%@1728,0%@1728,0%@1728,100%@1728] GR3D_FREQ 17% cpu@59.156C soc2@57.687C soc0@58.5C gpu@59.25C tj@59.906C soc1@59.906C VDD_IN 9230mW/9202mW VDD_CPU_GPU_CV 3067mW/3058mW VDD_SOC 2662mW/2664mW
08-04-2026 21:04:04 RAM 3888/7620MB (lfb 152x1MB) SWAP 1691/12002MB (cached 50MB) CPU [0%@1728,0%@1728,0%@1728,0%@1728,0%@1728,100%@1728] GR3D_FREQ 16% cpu@58.781C soc2@57.75C soc0@58.562C gpu@58.968C tj@59.906C soc1@59.906C VDD_IN 9230mW/9202mW VDD_CPU_GPU_CV 3067mW/3058mW VDD_SOC 2662mW/2664mW
08-04-2026 21:04:04 RAM 3888/7620MB (lfb 152x1MB) SWAP 1691/12002MB (cached 50MB) CPU [0%@1728,9%@1728,0%@1728,0%@1728,0%@1728,100%@1728] GR3D_FREQ 16% cpu@58.906C soc2@57.75C soc0@58.625C gpu@58.906C tj@60.125C soc1@60.125C VDD_IN 9230mW/9202mW VDD_CPU_GPU_CV 3067mW/3058mW VDD_SOC 2662mW/2664mW
08-04-2026 21:04:04 RAM 3888/7620MB (lfb 152x1MB) SWAP 1691/12002MB (cached 50MB) CPU [0%@1728,0%@1728,0%@1728,0%@1728,0%@1728,100%@1728] GR3D_FREQ 16% cpu@58.937C soc2@57.75C soc0@58.718C gpu@59.125C tj@59.843C soc1@59.843C VDD_IN 9230mW/9202mW VDD_CPU_GPU_CV 3067mW/3058mW VDD_SOC 2662mW/2664mW
08-04-2026 21:04:04 RAM 3888/7620MB (lfb 152x1MB) SWAP 1691/12002MB (cached 50MB) CPU [0%@1728,0%@1728,0%@1728,0%@1728,9%@1728,100%@1728] GR3D_FREQ 16% cpu@58.968C soc2@57.625C soc0@58.468C gpu@59C tj@59.906C soc1@59.906C VDD_IN 9189mW/9202mW VDD_CPU_GPU_CV 3067mW/3058mW VDD_SOC 2662mW/2664mW
08-04-2026 21:04:04 RAM 3888/7620MB (lfb 152x1MB) SWAP 1691/12002MB (cached 50MB) CPU [0%@1728,0%@1728,0%@1728,0%@1728,0%@1728,100%@1728] GR3D_FREQ 17% cpu@59.156C soc2@57.75C soc0@58.5C gpu@58.843C tj@59.906C soc1@59.906C VDD_IN 9189mW/9202mW VDD_CPU_GPU_CV 3067mW/3058mW VDD_SOC 2662mW/2664mW
08-04-2026 21:04:04 RAM 3888/7620MB (lfb 152x1MB) SWAP 1691/12002MB (cached 50MB) CPU [0%@1728,0%@1728,0%@1728,0%@1728,0%@1728,100%@1728] GR3D_FREQ 16% cpu@58.812C soc2@57.687C soc0@58.562C gpu@59.093C tj@60.093C soc1@60.093C VDD_IN 9189mW/9202mW VDD_CPU_GPU_CV 3067mW/3058mW VDD_SOC 2666mW/2664mW
08-04-2026 21:04:05 RAM 3888/7620MB (lfb 152x1MB) SWAP 1691/12002MB (cached 50MB) CPU [0%@1728,0%@1728,0%@1728,0%@1728,8%@1728,100%@1728] GR3D_FREQ 17% cpu@59C soc2@57.75C soc0@58.656C gpu@58.968C tj@60.062C soc1@60.062C VDD_IN 9189mW/9202mW VDD_CPU_GPU_CV 3067mW/3058mW VDD_SOC 2662mW/2664mW
08-04-2026 21:04:05 RAM 3888/7620MB (lfb 152x1MB) SWAP 1691/12002MB (cached 50MB) CPU [0%@1728,0%@1728,0%@1728,0%@1728,0%@1728,100%@1728] GR3D_FREQ 17% cpu@58.906C soc2@57.718C soc0@58.406C gpu@59.312C tj@59.937C soc1@59.937C VDD_IN 9230mW/9202mW VDD_CPU_GPU_CV 3067mW/3058mW VDD_SOC 2662mW/2664mW
08-04-2026 21:04:05 RAM 3888/7620MB (lfb 152x1MB) SWAP 1691/12002MB (cached 50MB) CPU [0%@1728,0%@1728,0%@1728,0%@1728,0%@1728,100%@1728] GR3D_FREQ 17% cpu@59.062C soc2@57.75C soc0@58.437C gpu@59.093C tj@59.968C soc1@59.968C VDD_IN 9189mW/9202mW VDD_CPU_GPU_CV 3067mW/3058mW VDD_SOC 2662mW/2664mW
08-04-2026 21:04:05 RAM 3888/7620MB (lfb 152x1MB) SWAP 1691/12002MB (cached 50MB) CPU [0%@1728,0%@1728,0%@1728,0%@1728,0%@1728,100%@1728] GR3D_FREQ 17% cpu@58.843C soc2@57.75C soc0@58.593C gpu@58.906C tj@59.968C soc1@59.968C VDD_IN 9230mW/9202mW VDD_CPU_GPU_CV 3067mW/3058mW VDD_SOC 2662mW/2664mW
08-04-2026 21:04:05 RAM 3887/7620MB (lfb 152x1MB) SWAP 1691/12002MB (cached 50MB) CPU [8%@1728,20%@1728,9%@1728,8%@1728,0%@1728,100%@1728] GR3D_FREQ 17% cpu@58.937C soc2@57.75C soc0@58.656C gpu@59.218C tj@60.093C soc1@60.093C VDD_IN 9271mW/9202mW VDD_CPU_GPU_CV 3108mW/3058mW VDD_SOC 2662mW/2664mW
08-04-2026 21:04:05 RAM 3887/7620MB (lfb 152x1MB) SWAP 1691/12002MB (cached 50MB) CPU [0%@1728,0%@1728,0%@1728,0%@1728,0%@1728,100%@1728] GR3D_FREQ 17% cpu@58.968C soc2@57.812C soc0@58.718C gpu@59.062C tj@59.906C soc1@59.906C VDD_IN 9271mW/9202mW VDD_CPU_GPU_CV 3108mW/3059mW VDD_SOC 2662mW/2664mW
08-04-2026 21:04:05 RAM 3887/7620MB (lfb 152x1MB) SWAP 1691/12002MB (cached 50MB) CPU [0%@1728,0%@1728,0%@1728,0%@1728,0%@1728,100%@1728] GR3D_FREQ 17% cpu@59.031C soc2@57.656C soc0@58.5C gpu@58.937C tj@59.937C soc1@59.937C VDD_IN 9271mW/9202mW VDD_CPU_GPU_CV 3108mW/3059mW VDD_SOC 2662mW/2664mW
08-04-2026 21:04:05 RAM 3887/7620MB (lfb 152x1MB) SWAP 1691/12002MB (cached 50MB) CPU [8%@1728,0%@1728,0%@1728,0%@1728,0%@1728,100%@1728] GR3D_FREQ 16% cpu@58.843C soc2@57.718C soc0@58.562C gpu@59.218C tj@59.968C soc1@59.968C VDD_IN 9230mW/9202mW VDD_CPU_GPU_CV 3067mW/3059mW VDD_SOC 2662mW/2664mW
08-04-2026 21:04:05 RAM 3887/7620MB (lfb 152x1MB) SWAP 1691/12002MB (cached 50MB) CPU [0%@1728,0%@1728,0%@1728,0%@1728,0%@1728,100%@1728] GR3D_FREQ 16% cpu@58.812C soc2@57.718C soc0@58.593C gpu@59.031C tj@60.031C soc1@60.031C VDD_IN 9230mW/9202mW VDD_CPU_GPU_CV 3067mW/3059mW VDD_SOC 2662mW/2664mW
08-04-2026 21:04:06 RAM 3887/7620MB (lfb 152x1MB) SWAP 1691/12002MB (cached 50MB) CPU [0%@1728,0%@1728,0%@1728,0%@1728,8%@1728,100%@1728] GR3D_FREQ 17% cpu@58.968C soc2@57.75C soc0@58.625C gpu@58.968C tj@59.906C soc1@59.906C VDD_IN 9230mW/9202mW VDD_CPU_GPU_CV 3067mW/3059mW VDD_SOC 2662mW/2664mW
08-04-2026 21:04:06 RAM 3887/7620MB (lfb 152x1MB) SWAP 1691/12002MB (cached 50MB) CPU [9%@1728,0%@1728,0%@1728,0%@1728,0%@1728,100%@1728] GR3D_FREQ 16% cpu@58.937C soc2@57.687C soc0@58.437C gpu@59.218C tj@59.968C soc1@59.968C VDD_IN 9230mW/9202mW VDD_CPU_GPU_CV 3067mW/3059mW VDD_SOC 2662mW/2664mW
08-04-2026 21:04:06 RAM 3887/7620MB (lfb 152x1MB) SWAP 1691/12002MB (cached 50MB) CPU [0%@1728,0%@1728,0%@1728,0%@1728,0%@1728,100%@1728] GR3D_FREQ 17% cpu@59.062C soc2@57.656C soc0@58.531C gpu@59.031C tj@60C soc1@60C VDD_IN 9230mW/9202mW VDD_CPU_GPU_CV 3067mW/3059mW VDD_SOC 2662mW/2664mW
08-04-2026 21:04:06 RAM 3887/7620MB (lfb 152x1MB) SWAP 1691/12002MB (cached 50MB) CPU [0%@1728,0%@1728,0%@1728,0%@1728,0%@1728,100%@1728] GR3D_FREQ 17% cpu@58.906C soc2@57.718C soc0@58.625C gpu@58.906C tj@60C soc1@60C VDD_IN 9189mW/9202mW VDD_CPU_GPU_CV 3067mW/3059mW VDD_SOC 2662mW/2664mW
08-04-2026 21:04:06 RAM 3887/7620MB (lfb 152x1MB) SWAP 1691/12002MB (cached 50MB) CPU [0%@1728,0%@1728,0%@1728,0%@1728,0%@1728,100%@1728] GR3D_FREQ 16% cpu@58.843C soc2@57.718C soc0@58.687C gpu@59.093C tj@60.125C soc1@60.125C VDD_IN 9230mW/9202mW VDD_CPU_GPU_CV 3067mW/3059mW VDD_SOC 2662mW/2664mW
08-04-2026 21:04:06 RAM 3887/7620MB (lfb 152x1MB) SWAP 1691/12002MB (cached 50MB) CPU [0%@1728,0%@1728,0%@1728,0%@1728,9%@1728,100%@1728] GR3D_FREQ 17% cpu@58.937C soc2@57.687C soc0@58.468C gpu@59C tj@59.906C soc1@59.906C VDD_IN 9189mW/9202mW VDD_CPU_GPU_CV 3067mW/3059mW VDD_SOC 2662mW/2664mW
08-04-2026 21:04:06 RAM 3887/7620MB (lfb 152x1MB) SWAP 1691/12002MB (cached 50MB) CPU [0%@1728,0%@1728,0%@1728,0%@1728,0%@1728,100%@1728] GR3D_FREQ 16% cpu@59.031C soc2@57.687C soc0@58.468C gpu@58.906C tj@60.031C soc1@60.031C VDD_IN 9189mW/9202mW VDD_CPU_GPU_CV 3067mW/3059mW VDD_SOC 2662mW/2664mW
08-04-2026 21:04:06 RAM 3887/7620MB (lfb 152x1MB) SWAP 1691/12002MB (cached 50MB) CPU [0%@1728,9%@1728,0%@1728,0%@1728,9%@1728,100%@1728] GR3D_FREQ 17% cpu@58.843C soc2@57.656C soc0@58.5C gpu@59.187C tj@59.906C soc1@59.906C VDD_IN 9189mW/9202mW VDD_CPU_GPU_CV 3067mW/3059mW VDD_SOC 2662mW/2664mW
08-04-2026 21:04:06 RAM 3887/7620MB (lfb 152x1MB) SWAP 1691/12002MB (cached 50MB) CPU [0%@1728,8%@1728,0%@1728,0%@1728,0%@1728,100%@1728] GR3D_FREQ 17% cpu@58.812C soc2@57.75C soc0@58.656C gpu@58.937C tj@60.031C soc1@60.031C VDD_IN 9189mW/9202mW VDD_CPU_GPU_CV 3067mW/3059mW VDD_SOC 2662mW/2664mW
08-04-2026 21:04:06 RAM 3887/7620MB (lfb 152x1MB) SWAP 1691/12002MB (cached 50MB) CPU [0%@1728,0%@1728,0%@1728,0%@1728,0%@1728,100%@1728] GR3D_FREQ 16% cpu@58.937C soc2@57.812C soc0@58.718C gpu@59.312C tj@59.937C soc1@59.937C VDD_IN 9189mW/9202mW VDD_CPU_GPU_CV 3067mW/3059mW VDD_SOC 2662mW/2664mW
08-04-2026 21:04:07 RAM 3887/7620MB (lfb 152x1MB) SWAP 1691/12002MB (cached 50MB) CPU [0%@1728,0%@1728,0%@1728,0%@1728,0%@1728,100%@1728] GR3D_FREQ 17% cpu@59.031C soc2@57.718C soc0@58.5C gpu@59.156C tj@59.937C soc1@59.937C VDD_IN 9189mW/9202mW VDD_CPU_GPU_CV 3067mW/3059mW VDD_SOC 2662mW/2664mW
08-04-2026 21:04:07 RAM 3887/7620MB (lfb 152x1MB) SWAP 1691/12002MB (cached 50MB) CPU [0%@1728,0%@1728,0%@1728,0%@1728,0%@1728,100%@1728] GR3D_FREQ 16% cpu@59.093C soc2@57.718C soc0@58.5C gpu@59C tj@60.062C soc1@60.062C VDD_IN 9189mW/9202mW VDD_CPU_GPU_CV 3067mW/3059mW VDD_SOC 2662mW/2664mW
08-04-2026 21:04:07 RAM 3887/7620MB (lfb 152x1MB) SWAP 1691/12002MB (cached 50MB) CPU [0%@1728,0%@1728,0%@1728,0%@1728,0%@1728,100%@1728] GR3D_FREQ 17% cpu@58.812C soc2@57.75C soc0@58.687C gpu@59.25C tj@60.062C soc1@60.062C VDD_IN 9189mW/9202mW VDD_CPU_GPU_CV 3067mW/3059mW VDD_SOC 2662mW/2664mW
08-04-2026 21:04:07 RAM 3887/7620MB (lfb 152x1MB) SWAP 1691/12002MB (cached 50MB) CPU [0%@1728,0%@1728,0%@1728,0%@1728,0%@1728,100%@1728] GR3D_FREQ 16% cpu@58.906C soc2@57.75C soc0@58.687C gpu@59.062C tj@60.125C soc1@60.125C VDD_IN 9189mW/9202mW VDD_CPU_GPU_CV 3067mW/3059mW VDD_SOC 2662mW/2664mW
08-04-2026 21:04:07 RAM 3887/7620MB (lfb 152x1MB) SWAP 1691/12002MB (cached 50MB) CPU [0%@1728,0%@1728,0%@1728,0%@1728,0%@1728,100%@1728] GR3D_FREQ 17% cpu@58.937C soc2@57.75C soc0@58.5C gpu@58.906C tj@59.843C soc1@59.843C VDD_IN 9189mW/9202mW VDD_CPU_GPU_CV 3067mW/3059mW VDD_SOC 2662mW/2664mW
08-04-2026 21:04:07 RAM 3887/7620MB (lfb 152x1MB) SWAP 1691/12002MB (cached 50MB) CPU [0%@1728,0%@1728,0%@1728,0%@1728,0%@1728,100%@1728] GR3D_FREQ 17% cpu@59.031C soc2@57.656C soc0@58.437C gpu@59.187C tj@59.968C soc1@59.968C VDD_IN 9189mW/9202mW VDD_CPU_GPU_CV 3067mW/3059mW VDD_SOC 2662mW/2664mW
08-04-2026 21:04:07 RAM 3887/7620MB (lfb 152x1MB) SWAP 1691/12002MB (cached 50MB) CPU [0%@1728,0%@1728,0%@1728,0%@1728,8%@1728,100%@1728] GR3D_FREQ 16% cpu@58.875C soc2@57.687C soc0@58.625C gpu@59.031C tj@60.031C soc1@60.031C VDD_IN 9189mW/9202mW VDD_CPU_GPU_CV 3067mW/3059mW VDD_SOC 2662mW/2664mW
08-04-2026 21:04:07 RAM 3887/7620MB (lfb 152x1MB) SWAP 1691/12002MB (cached 50MB) CPU [0%@1728,0%@1728,0%@1728,0%@1728,0%@1728,100%@1728] GR3D_FREQ 17% cpu@58.906C soc2@57.781C soc0@58.593C gpu@58.968C tj@60.062C soc1@60.062C VDD_IN 9189mW/9202mW VDD_CPU_GPU_CV 3067mW/3059mW VDD_SOC 2662mW/2664mW
08-04-2026 21:04:07 RAM 3887/7620MB (lfb 152x1MB) SWAP 1691/12002MB (cached 50MB) CPU [0%@1728,0%@1728,0%@1728,0%@1728,0%@1728,100%@1728] GR3D_FREQ 16% cpu@58.937C soc2@57.75C soc0@58.843C gpu@59.156C tj@59.906C soc1@59.906C VDD_IN 9189mW/9202mW VDD_CPU_GPU_CV 3067mW/3059mW VDD_SOC 2662mW/2664mW
08-04-2026 21:04:08 RAM 3887/7620MB (lfb 152x1MB) SWAP 1691/12002MB (cached 50MB) CPU [0%@1728,0%@1728,0%@1728,0%@1728,0%@1728,100%@1728] GR3D_FREQ 16% cpu@58.937C soc2@57.656C soc0@58.562C gpu@58.968C tj@59.906C soc1@59.906C VDD_IN 9189mW/9202mW VDD_CPU_GPU_CV 3067mW/3059mW VDD_SOC 2662mW/2664mW
08-04-2026 21:04:08 RAM 3887/7620MB (lfb 152x1MB) SWAP 1691/12002MB (cached 50MB) CPU [0%@1728,0%@1728,0%@1728,0%@1728,9%@1728,100%@1728] GR3D_FREQ 16% cpu@58.656C soc2@57.687C soc0@58.531C gpu@58.718C tj@59.906C soc1@59.906C VDD_IN 9189mW/9202mW VDD_CPU_GPU_CV 3067mW/3059mW VDD_SOC 2662mW/2664mW
08-04-2026 21:04:08 RAM 3887/7620MB (lfb 152x1MB) SWAP 1691/12002MB (cached 50MB) CPU [0%@1728,0%@1728,0%@1728,0%@1728,0%@1728,100%@1728] GR3D_FREQ 16% cpu@58.937C soc2@57.718C soc0@58.593C gpu@59.156C tj@60.093C soc1@60.093C VDD_IN 9189mW/9202mW VDD_CPU_GPU_CV 3067mW/3059mW VDD_SOC 2662mW/2664mW
08-04-2026 21:04:08 RAM 3887/7620MB (lfb 152x1MB) SWAP 1691/12002MB (cached 50MB) CPU [0%@1728,0%@1728,0%@1728,0%@1728,0%@1728,100%@1728] GR3D_FREQ 17% cpu@58.937C soc2@57.75C soc0@58.718C gpu@58.937C tj@60.156C soc1@60.156C VDD_IN 9189mW/9202mW VDD_CPU_GPU_CV 3067mW/3059mW VDD_SOC 2662mW/2664mW
08-04-2026 21:04:08 RAM 3887/7620MB (lfb 152x1MB) SWAP 1691/12002MB (cached 50MB) CPU [15%@1728,0%@1728,9%@1728,0%@1728,0%@1728,100%@1728] GR3D_FREQ 17% cpu@59.031C soc2@57.625C soc0@58.468C gpu@58.75C tj@59.875C soc1@59.875C VDD_IN 9230mW/9202mW VDD_CPU_GPU_CV 3067mW/3059mW VDD_SOC 2662mW/2664mW
08-04-2026 21:04:08 RAM 3887/7620MB (lfb 152x1MB) SWAP 1691/12002MB (cached 50MB) CPU [0%@1728,0%@1728,0%@1728,0%@1728,0%@1728,100%@1728] GR3D_FREQ 17% cpu@59.062C soc2@57.718C soc0@58.468C gpu@59.093C tj@59.906C soc1@60C VDD_IN 9230mW/9202mW VDD_CPU_GPU_CV 3067mW/3059mW VDD_SOC 2662mW/2664mW
08-04-2026 21:04:08 RAM 3887/7620MB (lfb 152x1MB) SWAP 1691/12002MB (cached 50MB) CPU [0%@1728,0%@1728,0%@1728,0%@1728,0%@1728,100%@1728] GR3D_FREQ 17% cpu@58.937C soc2@57.718C soc0@58.562C gpu@58.968C tj@60C soc1@60C VDD_IN 9189mW/9202mW VDD_CPU_GPU_CV 3067mW/3059mW VDD_SOC 2662mW/2664mW
08-04-2026 21:04:08 RAM 3886/7620MB (lfb 152x1MB) SWAP 1691/12002MB (cached 50MB) CPU [0%@1728,9%@1728,9%@1728,18%@1728,0%@1728,100%@1728] GR3D_FREQ 16% cpu@58.906C soc2@57.75C soc0@58.687C gpu@59.25C tj@60.093C soc1@60.093C VDD_IN 9271mW/9202mW VDD_CPU_GPU_CV 3108mW/3059mW VDD_SOC 2662mW/2664mW
08-04-2026 21:04:08 RAM 3886/7620MB (lfb 152x1MB) SWAP 1691/12002MB (cached 50MB) CPU [0%@1728,0%@1728,0%@1728,0%@1728,0%@1728,100%@1728] GR3D_FREQ 17% cpu@59.031C soc2@57.75C soc0@58.718C gpu@59.093C tj@59.906C soc1@59.906C VDD_IN 9271mW/9202mW VDD_CPU_GPU_CV 3108mW/3059mW VDD_SOC 2662mW/2664mW
08-04-2026 21:04:08 RAM 3886/7620MB (lfb 152x1MB) SWAP 1691/12002MB (cached 50MB) CPU [0%@1728,0%@1728,0%@1728,0%@1728,0%@1728,100%@1728] GR3D_FREQ 16% cpu@59.062C soc2@57.75C soc0@58.5C gpu@58.968C tj@59.906C soc1@59.906C VDD_IN 9230mW/9202mW VDD_CPU_GPU_CV 3067mW/3059mW VDD_SOC 2662mW/2664mW
08-04-2026 21:04:09 RAM 3886/7620MB (lfb 152x1MB) SWAP 1691/12002MB (cached 50MB) CPU [0%@1728,0%@1728,0%@1728,0%@1728,0%@1728,100%@1728] GR3D_FREQ 16% cpu@58.687C soc2@57.812C soc0@58.531C gpu@59.312C tj@60C soc1@60C VDD_IN 9230mW/9202mW VDD_CPU_GPU_CV 3067mW/3059mW VDD_SOC 2662mW/2664mW
08-04-2026 21:04:09 RAM 3886/7620MB (lfb 152x1MB) SWAP 1691/12002MB (cached 50MB) CPU [0%@1728,0%@1728,0%@1728,0%@1728,0%@1728,100%@1728] GR3D_FREQ 17% cpu@58.937C soc2@57.75C soc0@58.593C gpu@59.093C tj@60.093C soc1@60.093C VDD_IN 9230mW/9202mW VDD_CPU_GPU_CV 3067mW/3059mW VDD_SOC 2662mW/2664mW
08-04-2026 21:04:09 RAM 3886/7620MB (lfb 152x1MB) SWAP 1691/12002MB (cached 50MB) CPU [0%@1728,0%@1728,0%@1728,0%@1728,0%@1728,100%@1728] GR3D_FREQ 16% cpu@58.968C soc2@57.75C soc0@58.781C gpu@58.875C tj@60.125C soc1@60.125C VDD_IN 9230mW/9203mW VDD_CPU_GPU_CV 3067mW/3059mW VDD_SOC 2662mW/2664mW
08-04-2026 21:04:09 RAM 3886/7620MB (lfb 152x1MB) SWAP 1691/12002MB (cached 50MB) CPU [0%@1728,9%@1728,0%@1728,0%@1728,9%@1728,100%@1728] GR3D_FREQ 17% cpu@58.937C soc2@57.718C soc0@58.593C gpu@59.187C tj@59.906C soc1@59.906C VDD_IN 9230mW/9203mW VDD_CPU_GPU_CV 3067mW/3059mW VDD_SOC 2662mW/2664mW
08-04-2026 21:04:09 RAM 3886/7620MB (lfb 152x1MB) SWAP 1691/12002MB (cached 50MB) CPU [0%@1728,0%@1728,0%@1728,0%@1728,0%@1728,100%@1728] GR3D_FREQ 17% cpu@59.125C soc2@57.718C soc0@58.531C gpu@59.031C tj@59.968C soc1@59.968C VDD_IN 9230mW/9203mW VDD_CPU_GPU_CV 3067mW/3059mW VDD_SOC 2662mW/2664mW
08-04-2026 21:04:09 RAM 3886/7620MB (lfb 152x1MB) SWAP 1691/12002MB (cached 50MB) CPU [0%@1728,0%@1728,0%@1728,0%@1728,0%@1728,100%@1728] GR3D_FREQ 17% cpu@58.812C soc2@57.75C soc0@58.625C gpu@58.968C tj@59.968C soc1@59.968C VDD_IN 9230mW/9203mW VDD_CPU_GPU_CV 3067mW/3059mW VDD_SOC 2662mW/2664mW
08-04-2026 21:04:09 RAM 3886/7620MB (lfb 152x1MB) SWAP 1691/12002MB (cached 50MB) CPU [0%@1728,0%@1728,0%@1728,0%@1728,0%@1728,100%@1728] GR3D_FREQ 17% cpu@58.875C soc2@57.718C soc0@58.687C gpu@59.25C tj@60.062C soc1@60.062C VDD_IN 9189mW/9203mW VDD_CPU_GPU_CV 3067mW/3059mW VDD_SOC 2662mW/2664mW
08-04-2026 21:04:09 RAM 3886/7620MB (lfb 152x1MB) SWAP 1691/12002MB (cached 50MB) CPU [0%@1728,0%@1728,0%@1728,0%@1728,0%@1728,100%@1728] GR3D_FREQ 16% cpu@59C soc2@57.75C soc0@58.531C gpu@58.968C tj@59.906C soc1@59.906C VDD_IN 9189mW/9203mW VDD_CPU_GPU_CV 3067mW/3059mW VDD_SOC 2662mW/2664mW
08-04-2026 21:04:09 RAM 3886/7620MB (lfb 152x1MB) SWAP 1691/12002MB (cached 50MB) CPU [0%@1728,0%@1728,0%@1728,0%@1728,0%@1728,100%@1728] GR3D_FREQ 17% cpu@59.062C soc2@57.75C soc0@58.562C gpu@58.781C tj@59.906C soc1@59.906C VDD_IN 9189mW/9203mW VDD_CPU_GPU_CV 3067mW/3059mW VDD_SOC 2662mW/2664mW
08-04-2026 21:04:10 RAM 3886/7620MB (lfb 152x1MB) SWAP 1691/12002MB (cached 50MB) CPU [0%@1728,0%@1728,0%@1728,0%@1728,0%@1728,100%@1728] GR3D_FREQ 17% cpu@58.687C soc2@57.75C soc0@58.593C gpu@59.125C tj@59.968C soc1@59.968C VDD_IN 9189mW/9203mW VDD_CPU_GPU_CV 3067mW/3059mW VDD_SOC 2662mW/2664mW
08-04-2026 21:04:10 RAM 3886/7620MB (lfb 152x1MB) SWAP 1691/12002MB (cached 50MB) CPU [0%@1728,0%@1728,0%@1728,0%@1728,0%@1728,100%@1728] GR3D_FREQ 16% cpu@58.812C soc2@57.75C soc0@58.656C gpu@58.968C tj@60.093C soc1@60.093C VDD_IN 9189mW/9203mW VDD_CPU_GPU_CV 3067mW/3059mW VDD_SOC 2662mW/2664mW
08-04-2026 21:04:10 RAM 3886/7620MB (lfb 152x1MB) SWAP 1691/12002MB (cached 50MB) CPU [0%@1728,20%@1728,0%@1728,0%@1728,0%@1728,100%@1728] GR3D_FREQ 16% cpu@58.906C soc2@57.75C soc0@58.718C gpu@58.75C tj@60.156C soc1@60.156C VDD_IN 9230mW/9203mW VDD_CPU_GPU_CV 3067mW/3059mW VDD_SOC 2662mW/2664mW
08-04-2026 21:04:10 RAM 3886/7620MB (lfb 152x1MB) SWAP 1691/12002MB (cached 50MB) CPU [0%@1728,36%@1728,0%@1728,0%@1728,0%@1728,100%@1728] GR3D_FREQ 17% cpu@59.062C soc2@57.718C soc0@58.437C gpu@59.093C tj@59.875C soc1@59.875C VDD_IN 9312mW/9203mW VDD_CPU_GPU_CV 3108mW/3059mW VDD_SOC 2662mW/2664mW
08-04-2026 21:04:10 RAM 3886/7620MB (lfb 152x1MB) SWAP 1691/12002MB (cached 50MB) CPU [0%@1728,0%@1728,0%@1728,0%@1728,0%@1728,100%@1728] GR3D_FREQ 16% cpu@59.187C soc2@57.625C soc0@58.531C gpu@58.968C tj@59.968C soc1@59.968C VDD_IN 9271mW/9203mW VDD_CPU_GPU_CV 3108mW/3059mW VDD_SOC 2662mW/2664mW
08-04-2026 21:04:10 RAM 3886/7620MB (lfb 152x1MB) SWAP 1691/12002MB (cached 50MB) CPU [0%@1728,0%@1728,0%@1728,0%@1728,0%@1728,100%@1728] GR3D_FREQ 17% cpu@58.812C soc2@57.718C soc0@58.593C gpu@59.281C tj@60.031C soc1@60.031C VDD_IN 9271mW/9203mW VDD_CPU_GPU_CV 3108mW/3059mW VDD_SOC 2662mW/2664mW
08-04-2026 21:04:10 RAM 3886/7620MB (lfb 152x1MB) SWAP 1691/12002MB (cached 50MB) CPU [0%@1728,0%@1728,0%@1728,0%@1728,8%@1728,100%@1728] GR3D_FREQ 16% cpu@58.937C soc2@57.781C soc0@58.718C gpu@59.125C tj@60.156C soc1@60.156C VDD_IN 9271mW/9203mW VDD_CPU_GPU_CV 3067mW/3059mW VDD_SOC 2662mW/2664mW
08-04-2026 21:04:10 RAM 3886/7620MB (lfb 152x1MB) SWAP 1691/12002MB (cached 50MB) CPU [0%@1728,0%@1728,0%@1728,0%@1728,0%@1728,100%@1728] GR3D_FREQ 16% cpu@58.937C soc2@57.687C soc0@58.406C gpu@58.937C tj@59.906C soc1@59.906C VDD_IN 9230mW/9203mW VDD_CPU_GPU_CV 3067mW/3059mW VDD_SOC 2662mW/2664mW
08-04-2026 21:04:10 RAM 3886/7620MB (lfb 152x1MB) SWAP 1691/12002MB (cached 50MB) CPU [0%@1728,0%@1728,0%@1728,0%@1728,0%@1728,100%@1728] GR3D_FREQ 17% cpu@59.093C soc2@57.75C soc0@58.468C gpu@59.312C tj@59.937C soc1@59.937C VDD_IN 9230mW/9203mW VDD_CPU_GPU_CV 3067mW/3059mW VDD_SOC 2662mW/2664mW
08-04-2026 21:04:10 RAM 3886/7620MB (lfb 152x1MB) SWAP 1691/12002MB (cached 50MB) CPU [0%@1728,0%@1728,0%@1728,0%@1728,0%@1728,100%@1728] GR3D_FREQ 16% cpu@58.75C soc2@57.718C soc0@58.5C gpu@59.093C tj@60C soc1@60C VDD_IN 9230mW/9203mW VDD_CPU_GPU_CV 3067mW/3059mW VDD_SOC 2662mW/2664mW
08-04-2026 21:04:11 RAM 3886/7620MB (lfb 152x1MB) SWAP 1691/12002MB (cached 50MB) CPU [0%@1728,0%@1728,0%@1728,0%@1728,9%@1728,100%@1728] GR3D_FREQ 17% cpu@58.875C soc2@57.75C soc0@58.656C gpu@58.781C tj@60.062C soc1@60.062C VDD_IN 9230mW/9203mW VDD_CPU_GPU_CV 3067mW/3059mW VDD_SOC 2662mW/2664mW
08-04-2026 21:04:11 RAM 3886/7620MB (lfb 152x1MB) SWAP 1691/12002MB (cached 50MB) CPU [0%@1728,9%@1728,0%@1728,8%@1728,0%@1728,100%@1728] GR3D_FREQ 17% cpu@58.937C soc2@57.843C soc0@58.718C gpu@59.218C tj@60.218C soc1@60.218C VDD_IN 9230mW/9203mW VDD_CPU_GPU_CV 3067mW/3059mW VDD_SOC 2662mW/2664mW
08-04-2026 21:04:11 RAM 3887/7620MB (lfb 152x1MB) SWAP 1691/12002MB (cached 50MB) CPU [0%@1728,0%@1728,0%@1728,0%@1728,0%@1728,100%@1728] GR3D_FREQ 17% cpu@59.031C soc2@57.625C soc0@58.437C gpu@58.968C tj@59.906C soc1@59.906C VDD_IN 9189mW/9203mW VDD_CPU_GPU_CV 3067mW/3059mW VDD_SOC 2662mW/2664mW
08-04-2026 21:04:11 RAM 3887/7620MB (lfb 152x1MB) SWAP 1691/12002MB (cached 50MB) CPU [0%@1728,0%@1728,0%@1728,0%@1728,0%@1728,100%@1728] GR3D_FREQ 17% cpu@58.937C soc2@57.625C soc0@58.5C gpu@58.75C tj@59.968C soc1@59.968C VDD_IN 9230mW/9203mW VDD_CPU_GPU_CV 3067mW/3059mW VDD_SOC 2666mW/2664mW
08-04-2026 21:04:11 RAM 3887/7620MB (lfb 152x1MB) SWAP 1691/12002MB (cached 50MB) CPU [0%@1728,0%@1728,0%@1728,0%@1728,0%@1728,100%@1728] GR3D_FREQ 16% cpu@58.812C soc2@57.75C soc0@58.562C gpu@59.218C tj@60.031C soc1@60.031C VDD_IN 9230mW/9203mW VDD_CPU_GPU_CV 3067mW/3059mW VDD_SOC 2666mW/2664mW
08-04-2026 21:04:11 RAM 3887/7620MB (lfb 152x1MB) SWAP 1691/12002MB (cached 50MB) CPU [0%@1728,0%@1728,0%@1728,0%@1728,0%@1728,100%@1728] GR3D_FREQ 17% cpu@58.968C soc2@57.812C soc0@58.718C gpu@59.062C tj@60.187C soc1@60.187C VDD_IN 9189mW/9203mW VDD_CPU_GPU_CV 3067mW/3059mW VDD_SOC 2662mW/2664mW
08-04-2026 21:04:11 RAM 3887/7620MB (lfb 152x1MB) SWAP 1691/12002MB (cached 50MB) CPU [0%@1728,0%@1728,0%@1728,0%@1728,0%@1728,100%@1728] GR3D_FREQ 16% cpu@59.062C soc2@57.843C soc0@58.437C gpu@58.812C tj@59.875C soc1@59.875C VDD_IN 9189mW/9203mW VDD_CPU_GPU_CV 3067mW/3059mW VDD_SOC 2662mW/2664mW
08-04-2026 21:04:11 RAM 3887/7620MB (lfb 152x1MB) SWAP 1691/12002MB (cached 50MB) CPU [0%@1728,0%@1728,0%@1728,0%@1728,0%@1728,100%@1728] GR3D_FREQ 17% cpu@59.187C soc2@57.75C soc0@58.531C gpu@59.125C tj@59.906C soc1@59.906C VDD_IN 9189mW/9203mW VDD_CPU_GPU_CV 3067mW/3059mW VDD_SOC 2666mW/2664mW
08-04-2026 21:04:11 RAM 3887/7620MB (lfb 152x1MB) SWAP 1691/12002MB (cached 50MB) CPU [0%@1728,0%@1728,0%@1728,0%@1728,9%@1728,100%@1728] GR3D_FREQ 16% cpu@58.718C soc2@57.75C soc0@58.593C gpu@58.968C tj@59.937C soc1@59.937C VDD_IN 9189mW/9203mW VDD_CPU_GPU_CV 3067mW/3059mW VDD_SOC 2662mW/2664mW
08-04-2026 21:04:12 RAM 3885/7620MB (lfb 152x1MB) SWAP 1691/12002MB (cached 50MB) CPU [33%@1728,18%@1728,0%@1728,9%@1728,0%@1728,100%@1728] GR3D_FREQ 16% cpu@58.937C soc2@57.75C soc0@58.656C gpu@58.687C tj@60.125C soc1@60.125C VDD_IN 9271mW/9203mW VDD_CPU_GPU_CV 3108mW/3059mW VDD_SOC 2662mW/2664mW
08-04-2026 21:04:12 RAM 3885/7620MB (lfb 152x1MB) SWAP 1691/12002MB (cached 50MB) CPU [0%@1728,0%@1728,0%@1728,0%@1728,0%@1728,100%@1728] GR3D_FREQ 17% cpu@59C soc2@57.812C soc0@58.468C gpu@59.125C tj@59.906C soc1@59.906C VDD_IN 9271mW/9203mW VDD_CPU_GPU_CV 3108mW/3059mW VDD_SOC 2662mW/2664mW
08-04-2026 21:04:12 RAM 3885/7620MB (lfb 152x1MB) SWAP 1691/12002MB (cached 50MB) CPU [0%@1728,0%@1728,0%@1728,0%@1728,0%@1728,100%@1728] GR3D_FREQ 16% cpu@58.968C soc2@57.75C soc0@58.562C gpu@59.031C tj@59.937C soc1@59.937C VDD_IN 9230mW/9203mW VDD_CPU_GPU_CV 3108mW/3059mW VDD_SOC 2662mW/2664mW
08-04-2026 21:04:12 RAM 3885/7620MB (lfb 152x1MB) SWAP 1691/12002MB (cached 50MB) CPU [0%@1728,0%@1728,0%@1728,0%@1728,0%@1728,100%@1728] GR3D_FREQ 16% cpu@58.718C soc2@57.718C soc0@58.562C gpu@59.25C tj@60C soc1@60C VDD_IN 9230mW/9203mW VDD_CPU_GPU_CV 3067mW/3059mW VDD_SOC 2662mW/2664mW
08-04-2026 21:04:12 RAM 3885/7620MB (lfb 152x1MB) SWAP 1691/12002MB (cached 50MB) CPU [0%@1728,9%@1728,10%@1728,0%@1728,8%@1728,100%@1728] GR3D_FREQ 16% cpu@58.937C soc2@57.718C soc0@58.593C gpu@59.093C tj@60.125C soc1@60.125C VDD_IN 9230mW/9203mW VDD_CPU_GPU_CV 3108mW/3059mW VDD_SOC 2662mW/2664mW
08-04-2026 21:04:12 RAM 3885/7620MB (lfb 152x1MB) SWAP 1691/12002MB (cached 50MB) CPU [0%@1728,0%@1728,0%@1728,0%@1728,0%@1728,100%@1728] GR3D_FREQ 16% cpu@58.906C soc2@57.843C soc0@58.718C gpu@58.937C tj@60.156C soc1@60.156C VDD_IN 9230mW/9203mW VDD_CPU_GPU_CV 3067mW/3059mW VDD_SOC 2662mW/2664mW
08-04-2026 21:04:12 RAM 3885/7620MB (lfb 152x1MB) SWAP 1691/12002MB (cached 50MB) CPU [0%@1728,0%@1728,9%@1728,0%@1728,0%@1728,100%@1728] GR3D_FREQ 17% cpu@58.875C soc2@57.656C soc0@58.406C gpu@59.25C tj@59.968C soc1@59.968C VDD_IN 9230mW/9203mW VDD_CPU_GPU_CV 3067mW/3059mW VDD_SOC 2662mW/2664mW
08-04-2026 21:04:12 RAM 3885/7620MB (lfb 152x1MB) SWAP 1691/12002MB (cached 50MB) CPU [0%@1728,0%@1728,0%@1728,0%@1728,0%@1728,100%@1728] GR3D_FREQ 16% cpu@59.125C soc2@57.687C soc0@58.562C gpu@59.125C tj@60C soc1@60C VDD_IN 9230mW/9203mW VDD_CPU_GPU_CV 3067mW/3060mW VDD_SOC 2666mW/2664mW
08-04-2026 21:04:12 RAM 3885/7620MB (lfb 152x1MB) SWAP 1691/12002MB (cached 50MB) CPU [0%@1728,0%@1728,0%@1728,0%@1728,0%@1728,100%@1728] GR3D_FREQ 16% cpu@58.937C soc2@57.781C soc0@58.593C gpu@58.781C tj@60.031C soc1@60.031C VDD_IN 9230mW/9203mW VDD_CPU_GPU_CV 3067mW/3060mW VDD_SOC 2662mW/2664mW
08-04-2026 21:04:12 RAM 3885/7620MB (lfb 152x1MB) SWAP 1691/12002MB (cached 50MB) CPU [0%@1728,0%@1728,0%@1728,0%@1728,0%@1728,100%@1728] GR3D_FREQ 16% cpu@58.937C soc2@57.718C soc0@58.625C gpu@59.218C tj@60.25C soc1@60.25C VDD_IN 9230mW/9203mW VDD_CPU_GPU_CV 3067mW/3060mW VDD_SOC 2662mW/2664mW
08-04-2026 21:04:13 RAM 3885/7620MB (lfb 152x1MB) SWAP 1691/12002MB (cached 50MB) CPU [0%@1728,0%@1728,0%@1728,0%@1728,0%@1728,100%@1728] GR3D_FREQ 16% cpu@59C soc2@57.781C soc0@58.437C gpu@59.062C tj@59.906C soc1@59.906C VDD_IN 9230mW/9203mW VDD_CPU_GPU_CV 3067mW/3060mW VDD_SOC 2662mW/2664mW
08-04-2026 21:04:13 RAM 3885/7620MB (lfb 152x1MB) SWAP 1691/12002MB (cached 50MB) CPU [8%@1728,0%@1728,0%@1728,0%@1728,0%@1728,100%@1728] GR3D_FREQ 17% cpu@59.093C soc2@57.718C soc0@58.5C gpu@58.812C tj@59.906C soc1@59.906C VDD_IN 9189mW/9203mW VDD_CPU_GPU_CV 3067mW/3060mW VDD_SOC 2662mW/2664mW
08-04-2026 21:04:13 RAM 3885/7620MB (lfb 152x1MB) SWAP 1691/12002MB (cached 50MB) CPU [9%@1728,0%@1728,0%@1728,0%@1728,0%@1728,100%@1728] GR3D_FREQ 16% cpu@58.656C soc2@57.656C soc0@58.437C gpu@59.281C tj@60C soc1@60C VDD_IN 9189mW/9203mW VDD_CPU_GPU_CV 3067mW/3060mW VDD_SOC 2662mW/2664mW
08-04-2026 21:04:13 RAM 3885/7620MB (lfb 152x1MB) SWAP 1691/12002MB (cached 50MB) CPU [0%@1728,0%@1728,0%@1728,0%@1728,0%@1728,100%@1728] GR3D_FREQ 17% cpu@58.937C soc2@57.656C soc0@58.531C gpu@59.031C tj@60.156C soc1@60.156C VDD_IN 9230mW/9203mW VDD_CPU_GPU_CV 3067mW/3060mW VDD_SOC 2662mW/2664mW
08-04-2026 21:04:13 RAM 3885/7620MB (lfb 152x1MB) SWAP 1691/12002MB (cached 50MB) CPU [0%@1728,0%@1728,0%@1728,0%@1728,9%@1728,100%@1728] GR3D_FREQ 17% cpu@59.031C soc2@57.75C soc0@58.656C gpu@58.687C tj@60.187C soc1@60.187C VDD_IN 9230mW/9203mW VDD_CPU_GPU_CV 3067mW/3060mW VDD_SOC 2662mW/2664mW
08-04-2026 21:04:13 RAM 3885/7620MB (lfb 152x1MB) SWAP 1691/12002MB (cached 50MB) CPU [0%@1728,0%@1728,0%@1728,0%@1728,0%@1728,100%@1728] GR3D_FREQ 16% cpu@59.031C soc2@57.75C soc0@58.468C gpu@59.187C tj@59.906C soc1@59.906C VDD_IN 9230mW/9203mW VDD_CPU_GPU_CV 3067mW/3060mW VDD_SOC 2666mW/2664mW
08-04-2026 21:04:13 RAM 3885/7620MB (lfb 152x1MB) SWAP 1691/12002MB (cached 50MB) CPU [0%@1728,0%@1728,0%@1728,0%@1728,0%@1728,100%@1728] GR3D_FREQ 17% cpu@59C soc2@57.781C soc0@58.531C gpu@59C tj@60C soc1@60C VDD_IN 9189mW/9203mW VDD_CPU_GPU_CV 3067mW/3060mW VDD_SOC 2666mW/2664mW
08-04-2026 21:04:13 RAM 3885/7620MB (lfb 152x1MB) SWAP 1691/12002MB (cached 50MB) CPU [0%@1728,0%@1728,0%@1728,0%@1728,0%@1728,100%@1728] GR3D_FREQ 16% cpu@58.812C soc2@57.687C soc0@58.687C gpu@58.781C tj@60.031C soc1@60.031C VDD_IN 9189mW/9203mW VDD_CPU_GPU_CV 3067mW/3060mW VDD_SOC 2666mW/2664mW
08-04-2026 21:04:13 RAM 3885/7620MB (lfb 152x1MB) SWAP 1691/12002MB (cached 50MB) CPU [0%@1728,0%@1728,0%@1728,0%@1728,0%@1728,100%@1728] GR3D_FREQ 17% cpu@58.906C soc2@57.75C soc0@58.593C gpu@59.062C tj@60.156C soc1@60.156C VDD_IN 9189mW/9203mW VDD_CPU_GPU_CV 3067mW/3060mW VDD_SOC 2662mW/2664mW
08-04-2026 21:04:14 RAM 3885/7620MB (lfb 152x1MB) SWAP 1691/12002MB (cached 50MB) CPU [0%@1728,0%@1728,0%@1728,0%@1728,0%@1728,100%@1728] GR3D_FREQ 17% cpu@59.031C soc2@57.687C soc0@58.5C gpu@58.781C tj@59.906C soc1@59.906C VDD_IN 9230mW/9203mW VDD_CPU_GPU_CV 3067mW/3060mW VDD_SOC 2662mW/2664mW
08-04-2026 21:04:14 RAM 3885/7620MB (lfb 152x1MB) SWAP 1691/12002MB (cached 50MB) CPU [0%@1728,0%@1728,0%@1728,0%@1728,0%@1728,100%@1728] GR3D_FREQ 16% cpu@59.062C soc2@57.75C soc0@58.562C gpu@59.312C tj@59.968C soc1@59.968C VDD_IN 9189mW/9203mW VDD_CPU_GPU_CV 3067mW/3060mW VDD_SOC 2662mW/2664mW
08-04-2026 21:04:14 RAM 3885/7620MB (lfb 152x1MB) SWAP 1691/12002MB (cached 50MB) CPU [0%@1728,0%@1728,0%@1728,0%@1728,0%@1728,100%@1728] GR3D_FREQ 16% cpu@58.718C soc2@57.75C soc0@58.531C gpu@59.062C tj@60.031C soc1@60.031C VDD_IN 9189mW/9203mW VDD_CPU_GPU_CV 3067mW/3060mW VDD_SOC 2662mW/2664mW
08-04-2026 21:04:14 RAM 3885/7620MB (lfb 152x1MB) SWAP 1691/12002MB (cached 50MB) CPU [0%@1728,8%@1728,0%@1728,0%@1728,0%@1728,100%@1728] GR3D_FREQ 17% cpu@58.843C soc2@57.75C soc0@58.562C gpu@58.781C tj@60.125C soc1@60.125C VDD_IN 9189mW/9203mW VDD_CPU_GPU_CV 3067mW/3060mW VDD_SOC 2662mW/2664mW
08-04-2026 21:04:14 RAM 3885/7620MB (lfb 152x1MB) SWAP 1691/12002MB (cached 50MB) CPU [0%@1728,0%@1728,0%@1728,0%@1728,0%@1728,100%@1728] GR3D_FREQ 16% cpu@59C soc2@57.843C soc0@58.468C gpu@59.218C tj@59.937C soc1@59.937C VDD_IN 9230mW/9203mW VDD_CPU_GPU_CV 3067mW/3060mW VDD_SOC 2666mW/2664mW
08-04-2026 21:04:14 RAM 3885/7620MB (lfb 152x1MB) SWAP 1691/12002MB (cached 50MB) CPU [0%@1728,9%@1728,0%@1728,0%@1728,0%@1728,100%@1728] GR3D_FREQ 17% cpu@59.125C soc2@57.656C soc0@58.531C gpu@59.093C tj@59.906C soc1@59.906C VDD_IN 9230mW/9203mW VDD_CPU_GPU_CV 3067mW/3060mW VDD_SOC 2662mW/2664mW
08-04-2026 21:04:14 RAM 3885/7620MB (lfb 152x1MB) SWAP 1691/12002MB (cached 50MB) CPU [0%@1728,0%@1728,0%@1728,0%@1728,0%@1728,100%@1728] GR3D_FREQ 17% cpu@58.968C soc2@57.75C soc0@58.562C gpu@58.75C tj@60.093C soc1@60.093C VDD_IN 9189mW/9203mW VDD_CPU_GPU_CV 3067mW/3060mW VDD_SOC 2662mW/2664mW
08-04-2026 21:04:14 RAM 3885/7620MB (lfb 152x1MB) SWAP 1691/12002MB (cached 50MB) CPU [0%@1728,0%@1728,0%@1728,0%@1728,0%@1728,100%@1728] GR3D_FREQ 17% cpu@58.906C soc2@57.718C soc0@58.593C gpu@59.343C tj@60C soc1@60C VDD_IN 9189mW/9203mW VDD_CPU_GPU_CV 3067mW/3060mW VDD_SOC 2662mW/2664mW
08-04-2026 21:04:14 RAM 3885/7620MB (lfb 152x1MB) SWAP 1691/12002MB (cached 50MB) CPU [0%@1728,0%@1728,0%@1728,0%@1728,9%@1728,100%@1728] GR3D_FREQ 17% cpu@58.937C soc2@57.812C soc0@58.593C gpu@59.031C tj@60.187C soc1@60.187C VDD_IN 9189mW/9203mW VDD_CPU_GPU_CV 3067mW/3060mW VDD_SOC 2662mW/2664mW
08-04-2026 21:04:14 RAM 3885/7620MB (lfb 152x1MB) SWAP 1691/12002MB (cached 50MB) CPU [0%@1728,0%@1728,0%@1728,0%@1728,0%@1728,100%@1728] GR3D_FREQ 16% cpu@59C soc2@57.843C soc0@58.468C gpu@58.781C tj@59.906C soc1@59.937C VDD_IN 9189mW/9203mW VDD_CPU_GPU_CV 3067mW/3060mW VDD_SOC 2662mW/2664mW
08-04-2026 21:04:15 RAM 3885/7620MB (lfb 152x1MB) SWAP 1691/12002MB (cached 50MB) CPU [0%@1728,0%@1728,0%@1728,0%@1728,0%@1728,100%@1728] GR3D_FREQ 17% cpu@59.062C soc2@57.718C soc0@58.531C gpu@59.093C tj@60.031C soc1@60.031C VDD_IN 9189mW/9203mW VDD_CPU_GPU_CV 3067mW/3060mW VDD_SOC 2662mW/2664mW
08-04-2026 21:04:15 RAM 3885/7620MB (lfb 152x1MB) SWAP 1691/12002MB (cached 50MB) CPU [0%@1728,0%@1728,0%@1728,0%@1728,0%@1728,100%@1728] GR3D_FREQ 16% cpu@58.718C soc2@57.718C soc0@58.562C gpu@58.875C tj@60.031C soc1@60.031C VDD_IN 9189mW/9203mW VDD_CPU_GPU_CV 3067mW/3060mW VDD_SOC 2662mW/2664mW
08-04-2026 21:04:15 RAM 3888/7620MB (lfb 152x1MB) SWAP 1691/12002MB (cached 50MB) CPU [11%@1728,9%@1728,9%@1728,10%@1728,9%@1728,100%@1728] GR3D_FREQ 17% cpu@58.968C soc2@57.781C soc0@58.625C gpu@58.781C tj@60.125C soc1@60.125C VDD_IN 9271mW/9203mW VDD_CPU_GPU_CV 3108mW/3060mW VDD_SOC 2662mW/2664mW
08-04-2026 21:04:15 RAM 3888/7620MB (lfb 152x1MB) SWAP 1691/12002MB (cached 50MB) CPU [0%@1728,0%@1728,9%@1728,0%@1728,0%@1728,100%@1728] GR3D_FREQ 17% cpu@59.031C soc2@57.75C soc0@58.5C gpu@59.187C tj@59.937C soc1@59.937C VDD_IN 9271mW/9203mW VDD_CPU_GPU_CV 3108mW/3060mW VDD_SOC 2662mW/2664mW
08-04-2026 21:04:15 RAM 3888/7620MB (lfb 152x1MB) SWAP 1691/12002MB (cached 50MB) CPU [8%@1728,0%@1728,0%@1728,0%@1728,0%@1728,100%@1728] GR3D_FREQ 17% cpu@59.031C soc2@57.75C soc0@58.531C gpu@58.843C tj@59.906C soc1@59.906C VDD_IN 9230mW/9204mW VDD_CPU_GPU_CV 3108mW/3060mW VDD_SOC 2662mW/2664mW
08-04-2026 21:04:15 RAM 3888/7620MB (lfb 152x1MB) SWAP 1691/12002MB (cached 50MB) CPU [0%@1728,0%@1728,8%@1728,0%@1728,0%@1728,100%@1728] GR3D_FREQ 17% cpu@58.75C soc2@57.687C soc0@58.625C gpu@58.75C tj@60.062C soc1@60.062C VDD_IN 9230mW/9204mW VDD_CPU_GPU_CV 3067mW/3060mW VDD_SOC 2662mW/2664mW
08-04-2026 21:04:15 RAM 3888/7620MB (lfb 152x1MB) SWAP 1691/12002MB (cached 50MB) CPU [0%@1728,0%@1728,0%@1728,0%@1728,0%@1728,100%@1728] GR3D_FREQ 16% cpu@58.906C soc2@57.75C soc0@58.593C gpu@59.125C tj@60.062C soc1@60.062C VDD_IN 9230mW/9204mW VDD_CPU_GPU_CV 3067mW/3060mW VDD_SOC 2662mW/2664mW
08-04-2026 21:04:15 RAM 3888/7620MB (lfb 152x1MB) SWAP 1691/12002MB (cached 50MB) CPU [0%@1728,0%@1728,0%@1728,0%@1728,0%@1728,100%@1728] GR3D_FREQ 17% cpu@58.906C soc2@57.781C soc0@58.781C gpu@58.812C tj@60.125C soc1@60.125C VDD_IN 9230mW/9204mW VDD_CPU_GPU_CV 3067mW/3060mW VDD_SOC 2662mW/2664mW
08-04-2026 21:04:15 RAM 3888/7620MB (lfb 152x1MB) SWAP 1691/12002MB (cached 50MB) CPU [0%@1728,0%@1728,0%@1728,0%@1728,0%@1728,100%@1728] GR3D_FREQ 16% cpu@59.062C soc2@57.718C soc0@58.5C gpu@59.281C tj@59.906C soc1@59.906C VDD_IN 9189mW/9204mW VDD_CPU_GPU_CV 3067mW/3060mW VDD_SOC 2662mW/2664mW
08-04-2026 21:04:16 RAM 3888/7620MB (lfb 152x1MB) SWAP 1691/12002MB (cached 50MB) CPU [0%@1728,0%@1728,0%@1728,0%@1728,9%@1728,100%@1728] GR3D_FREQ 17% cpu@58.968C soc2@57.718C soc0@58.5C gpu@59.125C tj@59.906C soc1@59.906C VDD_IN 9189mW/9204mW VDD_CPU_GPU_CV 3067mW/3060mW VDD_SOC 2662mW/2664mW
08-04-2026 21:04:16 RAM 3888/7620MB (lfb 152x1MB) SWAP 1691/12002MB (cached 50MB) CPU [0%@1728,0%@1728,0%@1728,0%@1728,8%@1728,100%@1728] GR3D_FREQ 17% cpu@58.687C soc2@57.75C soc0@58.562C gpu@58.781C tj@60.093C soc1@60.093C VDD_IN 9189mW/9204mW VDD_CPU_GPU_CV 3067mW/3060mW VDD_SOC 2666mW/2664mW
08-04-2026 21:04:16 RAM 3888/7620MB (lfb 152x1MB) SWAP 1691/12002MB (cached 50MB) CPU [0%@1728,0%@1728,0%@1728,0%@1728,0%@1728,100%@1728] GR3D_FREQ 17% cpu@58.906C soc2@57.75C soc0@58.625C gpu@59.218C tj@60.125C soc1@60.125C VDD_IN 9189mW/9204mW VDD_CPU_GPU_CV 3067mW/3060mW VDD_SOC 2666mW/2664mW
08-04-2026 21:04:16 RAM 3888/7620MB (lfb 152x1MB) SWAP 1691/12002MB (cached 50MB) CPU [0%@1728,0%@1728,0%@1728,0%@1728,0%@1728,100%@1728] GR3D_FREQ 17% cpu@58.968C soc2@57.812C soc0@58.531C gpu@59.031C tj@59.906C soc1@59.906C VDD_IN 9189mW/9204mW VDD_CPU_GPU_CV 3067mW/3060mW VDD_SOC 2662mW/2664mW
08-04-2026 21:04:16 RAM 3888/7620MB (lfb 152x1MB) SWAP 1691/12002MB (cached 50MB) CPU [0%@1728,9%@1728,8%@1728,9%@1728,0%@1728,100%@1728] GR3D_FREQ 16% cpu@59.156C soc2@57.718C soc0@58.562C gpu@58.718C tj@59.968C soc1@59.968C VDD_IN 9230mW/9204mW VDD_CPU_GPU_CV 3067mW/3060mW VDD_SOC 2662mW/2664mW
08-04-2026 21:04:16 RAM 3888/7620MB (lfb 152x1MB) SWAP 1691/12002MB (cached 50MB) CPU [0%@1728,0%@1728,0%@1728,0%@1728,9%@1728,100%@1728] GR3D_FREQ 16% cpu@58.781C soc2@57.75C soc0@58.593C gpu@59.218C tj@59.968C soc1@59.968C VDD_IN 9230mW/9204mW VDD_CPU_GPU_CV 3067mW/3060mW VDD_SOC 2662mW/2664mW
08-04-2026 21:04:16 RAM 3888/7620MB (lfb 152x1MB) SWAP 1691/12002MB (cached 50MB) CPU [0%@1728,0%@1728,0%@1728,0%@1728,0%@1728,100%@1728] GR3D_FREQ 17% cpu@58.875C soc2@57.75C soc0@58.687C gpu@59.093C tj@60.093C soc1@60.093C VDD_IN 9230mW/9204mW VDD_CPU_GPU_CV 3067mW/3060mW VDD_SOC 2662mW/2664mW
08-04-2026 21:04:16 RAM 3888/7620MB (lfb 152x1MB) SWAP 1691/12002MB (cached 50MB) CPU [0%@1728,0%@1728,0%@1728,0%@1728,0%@1728,100%@1728] GR3D_FREQ 16% cpu@58.937C soc2@57.781C soc0@58.75C gpu@58.781C tj@60.218C soc1@60.218C VDD_IN 9189mW/9204mW VDD_CPU_GPU_CV 3067mW/3060mW VDD_SOC 2662mW/2664mW
08-04-2026 21:04:16 RAM 3888/7620MB (lfb 152x1MB) SWAP 1691/12002MB (cached 50MB) CPU [0%@1728,0%@1728,0%@1728,0%@1728,0%@1728,100%@1728] GR3D_FREQ 17% cpu@59.093C soc2@57.75C soc0@58.5C gpu@59.187C tj@59.968C soc1@59.968C VDD_IN 9189mW/9204mW VDD_CPU_GPU_CV 3067mW/3060mW VDD_SOC 2666mW/2664mW
08-04-2026 21:04:16 RAM 3888/7620MB (lfb 152x1MB) SWAP 1691/12002MB (cached 50MB) CPU [0%@1728,0%@1728,0%@1728,0%@1728,0%@1728,100%@1728] GR3D_FREQ 16% cpu@58.906C soc2@57.781C soc0@58.5C gpu@58.843C tj@59.937C soc1@59.937C VDD_IN 9189mW/9204mW VDD_CPU_GPU_CV 3067mW/3060mW VDD_SOC 2662mW/2664mW
08-04-2026 21:04:17 RAM 3888/7620MB (lfb 152x1MB) SWAP 1691/12002MB (cached 50MB) CPU [0%@1728,0%@1728,0%@1728,0%@1728,0%@1728,100%@1728] GR3D_FREQ 16% cpu@58.781C soc2@57.687C soc0@58.656C gpu@58.687C tj@60.062C soc1@60.062C VDD_IN 9189mW/9204mW VDD_CPU_GPU_CV 3067mW/3060mW VDD_SOC 2662mW/2664mW
08-04-2026 21:04:17 RAM 3888/7620MB (lfb 152x1MB) SWAP 1691/12002MB (cached 50MB) CPU [0%@1728,0%@1728,0%@1728,0%@1728,0%@1728,100%@1728] GR3D_FREQ 17% cpu@58.937C soc2@57.781C soc0@58.593C gpu@59.187C tj@60.25C soc1@60.25C VDD_IN 9189mW/9204mW VDD_CPU_GPU_CV 3067mW/3060mW VDD_SOC 2666mW/2664mW
08-04-2026 21:04:17 RAM 3888/7620MB (lfb 152x1MB) SWAP 1691/12002MB (cached 50MB) CPU [0%@1728,0%@1728,0%@1728,0%@1728,0%@1728,100%@1728] GR3D_FREQ 16% cpu@59.031C soc2@57.843C soc0@58.5C gpu@58.843C tj@59.875C soc1@59.875C VDD_IN 9189mW/9204mW VDD_CPU_GPU_CV 3067mW/3060mW VDD_SOC 2662mW/2664mW
08-04-2026 21:04:17 RAM 3888/7620MB (lfb 152x1MB) SWAP 1691/12002MB (cached 50MB) CPU [9%@1728,0%@1728,0%@1728,0%@1728,0%@1728,100%@1728] GR3D_FREQ 17% cpu@59.218C soc2@57.718C soc0@58.562C gpu@58.75C tj@60.031C soc1@60.031C VDD_IN 9189mW/9204mW VDD_CPU_GPU_CV 3067mW/3060mW VDD_SOC 2662mW/2664mW
08-04-2026 21:04:17 RAM 3888/7620MB (lfb 152x1MB) SWAP 1691/12002MB (cached 50MB) CPU [0%@1728,0%@1728,0%@1728,0%@1728,0%@1728,100%@1728] GR3D_FREQ 16% cpu@58.687C soc2@57.781C soc0@58.5C gpu@59.156C tj@59.906C soc1@59.906C VDD_IN 9189mW/9203mW VDD_CPU_GPU_CV 3067mW/3060mW VDD_SOC 2666mW/2664mW
08-04-2026 21:04:17 RAM 3888/7620MB (lfb 152x1MB) SWAP 1691/12002MB (cached 50MB) CPU [16%@1728,0%@1728,0%@1728,0%@1728,0%@1728,100%@1728] GR3D_FREQ 17% cpu@58.937C soc2@57.75C soc0@58.656C gpu@58.718C tj@60.031C soc1@60.031C VDD_IN 9189mW/9203mW VDD_CPU_GPU_CV 3067mW/3060mW VDD_SOC 2662mW/2664mW
08-04-2026 21:04:17 RAM 3888/7620MB (lfb 152x1MB) SWAP 1691/12002MB (cached 50MB) CPU [0%@1728,0%@1728,0%@1728,0%@1728,0%@1728,100%@1728] GR3D_FREQ 16% cpu@58.937C soc2@57.843C soc0@58.406C gpu@59.375C tj@59.937C soc1@59.937C VDD_IN 9189mW/9203mW VDD_CPU_GPU_CV 3067mW/3060mW VDD_SOC 2662mW/2664mW
08-04-2026 21:04:17 RAM 3888/7620MB (lfb 152x1MB) SWAP 1691/12002MB (cached 50MB) CPU [0%@1728,0%@1728,0%@1728,0%@1728,0%@1728,100%@1728] GR3D_FREQ 17% cpu@59.031C soc2@57.656C soc0@58.5C gpu@58.875C tj@59.968C soc1@59.968C VDD_IN 9189mW/9203mW VDD_CPU_GPU_CV 3067mW/3060mW VDD_SOC 2662mW/2664mW
08-04-2026 21:04:17 RAM 3888/7620MB (lfb 152x1MB) SWAP 1691/12002MB (cached 50MB) CPU [0%@1728,0%@1728,0%@1728,0%@1728,0%@1728,100%@1728] GR3D_FREQ 17% cpu@59.062C soc2@57.687C soc0@58.5C gpu@58.812C tj@60C soc1@60C VDD_IN 9189mW/9203mW VDD_CPU_GPU_CV 3067mW/3060mW VDD_SOC 2662mW/2664mW
08-04-2026 21:04:18 RAM 3888/7620MB (lfb 152x1MB) SWAP 1691/12002MB (cached 50MB) CPU [0%@1728,0%@1728,0%@1728,0%@1728,0%@1728,100%@1728] GR3D_FREQ 17% cpu@58.718C soc2@57.718C soc0@58.593C gpu@59.25C tj@60.093C soc1@60.093C VDD_IN 9189mW/9203mW VDD_CPU_GPU_CV 3067mW/3060mW VDD_SOC 2666mW/2664mW
08-04-2026 21:04:18 RAM 3888/7620MB (lfb 152x1MB) SWAP 1691/12002MB (cached 50MB) CPU [0%@1728,0%@1728,0%@1728,0%@1728,0%@1728,100%@1728] GR3D_FREQ 17% cpu@58.968C soc2@57.781C soc0@58.625C gpu@58.843C tj@60.156C soc1@60.156C VDD_IN 9189mW/9203mW VDD_CPU_GPU_CV 3067mW/3060mW VDD_SOC 2666mW/2664mW
08-04-2026 21:04:18 RAM 3888/7620MB (lfb 152x1MB) SWAP 1691/12002MB (cached 50MB) CPU [0%@1728,0%@1728,0%@1728,0%@1728,0%@1728,100%@1728] GR3D_FREQ 17% cpu@59.062C soc2@57.625C soc0@58.468C gpu@58.781C tj@59.906C soc1@59.906C VDD_IN 9189mW/9203mW VDD_CPU_GPU_CV 3067mW/3060mW VDD_SOC 2662mW/2664mW
08-04-2026 21:04:18 RAM 3888/7620MB (lfb 152x1MB) SWAP 1691/12002MB (cached 50MB) CPU [9%@1728,0%@1728,0%@1728,0%@1728,0%@1728,100%@1728] GR3D_FREQ 17% cpu@58.843C soc2@57.75C soc0@58.593C gpu@59.25C tj@60C soc1@60C VDD_IN 9189mW/9203mW VDD_CPU_GPU_CV 3067mW/3060mW VDD_SOC 2662mW/2664mW
08-04-2026 21:04:18 RAM 3888/7620MB (lfb 152x1MB) SWAP 1691/12002MB (cached 50MB) CPU [0%@1728,0%@1728,0%@1728,9%@1728,0%@1728,100%@1728] GR3D_FREQ 16% cpu@58.781C soc2@57.718C soc0@58.531C gpu@58.812C tj@60.062C soc1@60.062C VDD_IN 9189mW/9203mW VDD_CPU_GPU_CV 3067mW/3060mW VDD_SOC 2666mW/2664mW
08-04-2026 21:04:18 RAM 3882/7620MB (lfb 152x1MB) SWAP 1691/12002MB (cached 50MB) CPU [0%@1728,20%@1728,10%@1728,0%@1728,16%@1728,100%@1728] GR3D_FREQ 17% cpu@58.968C soc2@57.812C soc0@58.593C gpu@58.812C tj@60.093C soc1@60.093C VDD_IN 9271mW/9203mW VDD_CPU_GPU_CV 3108mW/3060mW VDD_SOC 2703mW/2664mW
08-04-2026 21:04:18 RAM 3882/7620MB (lfb 152x1MB) SWAP 1691/12002MB (cached 50MB) CPU [0%@1728,0%@1728,0%@1728,0%@1728,0%@1728,100%@1728] GR3D_FREQ 17% cpu@59.031C soc2@57.75C soc0@58.437C gpu@59.25C tj@59.937C soc1@59.937C VDD_IN 9271mW/9203mW VDD_CPU_GPU_CV 3108mW/3060mW VDD_SOC 2662mW/2664mW
08-04-2026 21:04:18 RAM 3882/7620MB (lfb 152x1MB) SWAP 1691/12002MB (cached 50MB) CPU [0%@1728,0%@1728,0%@1728,0%@1728,0%@1728,100%@1728] GR3D_FREQ 16% cpu@59.125C soc2@57.687C soc0@58.5C gpu@58.812C tj@59.906C soc1@59.906C VDD_IN 9230mW/9204mW VDD_CPU_GPU_CV 3067mW/3060mW VDD_SOC 2662mW/2664mW
08-04-2026 21:04:18 RAM 3882/7620MB (lfb 152x1MB) SWAP 1691/12002MB (cached 50MB) CPU [0%@1728,0%@1728,0%@1728,0%@1728,0%@1728,100%@1728] GR3D_FREQ 17% cpu@58.968C soc2@57.687C soc0@58.531C gpu@58.812C tj@59.968C soc1@59.968C VDD_IN 9230mW/9204mW VDD_CPU_GPU_CV 3067mW/3060mW VDD_SOC 2662mW/2664mW
08-04-2026 21:04:18 RAM 3882/7620MB (lfb 152x1MB) SWAP 1691/12002MB (cached 50MB) CPU [0%@1728,0%@1728,0%@1728,0%@1728,0%@1728,100%@1728] GR3D_FREQ 16% cpu@58.812C soc2@57.75C soc0@58.625C gpu@59.187C tj@60.062C soc1@60.062C VDD_IN 9230mW/9204mW VDD_CPU_GPU_CV 3067mW/3060mW VDD_SOC 2662mW/2664mW
08-04-2026 21:04:19 RAM 3882/7620MB (lfb 152x1MB) SWAP 1691/12002MB (cached 50MB) CPU [0%@1728,0%@1728,0%@1728,0%@1728,0%@1728,100%@1728] GR3D_FREQ 17% cpu@59C soc2@57.75C soc0@58.718C gpu@58.812C tj@60.281C soc1@60.281C VDD_IN 9230mW/9204mW VDD_CPU_GPU_CV 3067mW/3060mW VDD_SOC 2662mW/2664mW
08-04-2026 21:04:19 RAM 3882/7620MB (lfb 152x1MB) SWAP 1691/12002MB (cached 50MB) CPU [0%@1728,0%@1728,0%@1728,0%@1728,0%@1728,100%@1728] GR3D_FREQ 16% cpu@59.093C soc2@57.843C soc0@58.562C gpu@58.75C tj@59.968C soc1@59.968C VDD_IN 9230mW/9204mW VDD_CPU_GPU_CV 3067mW/3060mW VDD_SOC 2662mW/2664mW
08-04-2026 21:04:19 RAM 3882/7620MB (lfb 152x1MB) SWAP 1691/12002MB (cached 50MB) CPU [0%@1728,0%@1728,0%@1728,0%@1728,0%@1728,100%@1728] GR3D_FREQ 17% cpu@58.968C soc2@57.718C soc0@58.593C gpu@59.093C tj@59.906C soc1@59.906C VDD_IN 9230mW/9204mW VDD_CPU_GPU_CV 3067mW/3060mW VDD_SOC 2662mW/2664mW
08-04-2026 21:04:19 RAM 3882/7620MB (lfb 152x1MB) SWAP 1691/12002MB (cached 50MB) CPU [0%@1728,0%@1728,0%@1728,0%@1728,9%@1728,100%@1728] GR3D_FREQ 17% cpu@58.718C soc2@57.75C soc0@58.593C gpu@58.781C tj@60.093C soc1@60.093C VDD_IN 9230mW/9204mW VDD_CPU_GPU_CV 3067mW/3060mW VDD_SOC 2662mW/2664mW
08-04-2026 21:04:19 RAM 3882/7620MB (lfb 152x1MB) SWAP 1691/12002MB (cached 50MB) CPU [0%@1728,0%@1728,0%@1728,0%@1728,0%@1728,100%@1728] GR3D_FREQ 17% cpu@58.937C soc2@57.812C soc0@58.687C gpu@59.343C tj@60.031C soc1@60.093C VDD_IN 9230mW/9204mW VDD_CPU_GPU_CV 3067mW/3060mW VDD_SOC 2662mW/2664mW
08-04-2026 21:04:19 RAM 3882/7620MB (lfb 152x1MB) SWAP 1691/12002MB (cached 50MB) CPU [0%@1728,0%@1728,0%@1728,0%@1728,0%@1728,100%@1728] GR3D_FREQ 17% cpu@59C soc2@57.812C soc0@58.5C gpu@58.812C tj@59.812C soc1@59.812C VDD_IN 9230mW/9204mW VDD_CPU_GPU_CV 3067mW/3060mW VDD_SOC 2662mW/2664mW
08-04-2026 21:04:19 RAM 3882/7620MB (lfb 152x1MB) SWAP 1691/12002MB (cached 50MB) CPU [0%@1728,0%@1728,0%@1728,0%@1728,0%@1728,100%@1728] GR3D_FREQ 17% cpu@59.125C soc2@57.718C soc0@58.5C gpu@58.812C tj@59.937C soc1@59.937C VDD_IN 9230mW/9204mW VDD_CPU_GPU_CV 3067mW/3060mW VDD_SOC 2666mW/2664mW
08-04-2026 21:04:19 RAM 3882/7620MB (lfb 152x1MB) SWAP 1691/12002MB (cached 50MB) CPU [0%@1728,0%@1728,0%@1728,0%@1728,0%@1728,100%@1728] GR3D_FREQ 17% cpu@59C soc2@57.781C soc0@58.531C gpu@59.281C tj@59.968C soc1@59.968C VDD_IN 9230mW/9204mW VDD_CPU_GPU_CV 3067mW/3060mW VDD_SOC 2666mW/2664mW
08-04-2026 21:04:19 RAM 3882/7620MB (lfb 152x1MB) SWAP 1691/12002MB (cached 50MB) CPU [0%@1728,0%@1728,0%@1728,0%@1728,0%@1728,100%@1728] GR3D_FREQ 16% cpu@58.75C soc2@57.812C soc0@58.718C gpu@58.875C tj@60.062C soc1@60.062C VDD_IN 9189mW/9204mW VDD_CPU_GPU_CV 3067mW/3060mW VDD_SOC 2662mW/2664mW
08-04-2026 21:04:20 RAM 3882/7620MB (lfb 152x1MB) SWAP 1691/12002MB (cached 50MB) CPU [0%@1728,0%@1728,0%@1728,0%@1728,0%@1728,100%@1728] GR3D_FREQ 17% cpu@59C soc2@57.843C soc0@58.75C gpu@58.843C tj@59.906C soc1@59.906C VDD_IN 9189mW/9204mW VDD_CPU_GPU_CV 3067mW/3060mW VDD_SOC 2662mW/2664mW
08-04-2026 21:04:20 RAM 3882/7620MB (lfb 152x1MB) SWAP 1691/12002MB (cached 50MB) CPU [0%@1728,0%@1728,0%@1728,0%@1728,0%@1728,100%@1728] GR3D_FREQ 16% cpu@59.156C soc2@57.656C soc0@58.531C gpu@59.187C tj@59.937C soc1@59.937C VDD_IN 9189mW/9204mW VDD_CPU_GPU_CV 3067mW/3060mW VDD_SOC 2662mW/2664mW
08-04-2026 21:04:20 RAM 3882/7620MB (lfb 152x1MB) SWAP 1691/12002MB (cached 50MB) CPU [0%@1728,0%@1728,0%@1728,0%@1728,0%@1728,100%@1728] GR3D_FREQ 17% cpu@59C soc2@57.687C soc0@58.656C gpu@58.843C tj@60C soc1@60C VDD_IN 9189mW/9204mW VDD_CPU_GPU_CV 3067mW/3060mW VDD_SOC 2662mW/2664mW
08-04-2026 21:04:20 RAM 3882/7620MB (lfb 152x1MB) SWAP 1691/12002MB (cached 50MB) CPU [0%@1728,0%@1728,0%@1728,0%@1728,0%@1728,100%@1728] GR3D_FREQ 17% cpu@58.812C soc2@57.75C soc0@58.625C gpu@58.781C tj@60.062C soc1@60.062C VDD_IN 9189mW/9204mW VDD_CPU_GPU_CV 3067mW/3060mW VDD_SOC 2662mW/2664mW
08-04-2026 21:04:20 RAM 3882/7620MB (lfb 152x1MB) SWAP 1691/12002MB (cached 50MB) CPU [0%@1728,0%@1728,0%@1728,0%@1728,0%@1728,100%@1728] GR3D_FREQ 16% cpu@59C soc2@57.812C soc0@58.718C gpu@59.25C tj@60.125C soc1@60.125C VDD_IN 9230mW/9204mW VDD_CPU_GPU_CV 3067mW/3060mW VDD_SOC 2662mW/2664mW
08-04-2026 21:04:20 RAM 3882/7620MB (lfb 152x1MB) SWAP 1691/12002MB (cached 50MB) CPU [0%@1728,8%@1728,0%@1728,9%@1728,16%@1728,100%@1728] GR3D_FREQ 17% cpu@59.093C soc2@57.843C soc0@58.5C gpu@58.812C tj@59.875C soc1@59.875C VDD_IN 9230mW/9204mW VDD_CPU_GPU_CV 3067mW/3060mW VDD_SOC 2662mW/2664mW
08-04-2026 21:04:20 RAM 3882/7620MB (lfb 152x1MB) SWAP 1691/12002MB (cached 50MB) CPU [0%@1728,0%@1728,0%@1728,0%@1728,0%@1728,100%@1728] GR3D_FREQ 16% cpu@59.25C soc2@57.718C soc0@58.562C gpu@58.812C tj@59.937C soc1@59.937C VDD_IN 9230mW/9204mW VDD_CPU_GPU_CV 3067mW/3060mW VDD_SOC 2662mW/2664mW
08-04-2026 21:04:20 RAM 3882/7620MB (lfb 152x1MB) SWAP 1691/12002MB (cached 50MB) CPU [0%@1728,0%@1728,0%@1728,0%@1728,0%@1728,100%@1728] GR3D_FREQ 17% cpu@58.781C soc2@57.75C soc0@58.531C gpu@58.968C tj@60.031C soc1@60.031C VDD_IN 9189mW/9204mW VDD_CPU_GPU_CV 3067mW/3060mW VDD_SOC 2662mW/2664mW
08-04-2026 21:04:20 RAM 3882/7620MB (lfb 152x1MB) SWAP 1691/12002MB (cached 50MB) CPU [0%@1728,0%@1728,0%@1728,0%@1728,9%@1728,100%@1728] GR3D_FREQ 17% cpu@58.812C soc2@57.75C soc0@58.656C gpu@58.812C tj@60.093C soc1@60.093C VDD_IN 9189mW/9204mW VDD_CPU_GPU_CV 3067mW/3060mW VDD_SOC 2662mW/2664mW
08-04-2026 21:04:20 RAM 3882/7620MB (lfb 152x1MB) SWAP 1691/12002MB (cached 50MB) CPU [0%@1728,0%@1728,0%@1728,0%@1728,0%@1728,100%@1728] GR3D_FREQ 17% cpu@59.062C soc2@57.875C soc0@58.718C gpu@58.781C tj@59.906C soc1@59.906C VDD_IN 9189mW/9204mW VDD_CPU_GPU_CV 3067mW/3060mW VDD_SOC 2662mW/2664mW
08-04-2026 21:04:21 RAM 3882/7620MB (lfb 152x1MB) SWAP 1691/12002MB (cached 50MB) CPU [0%@1728,0%@1728,0%@1728,0%@1728,0%@1728,100%@1728] GR3D_FREQ 17% cpu@59.031C soc2@57.75C soc0@58.5C gpu@58.843C tj@59.968C soc1@59.968C VDD_IN 9189mW/9204mW VDD_CPU_GPU_CV 3067mW/3060mW VDD_SOC 2662mW/2664mW
08-04-2026 21:04:21 RAM 3882/7620MB (lfb 152x1MB) SWAP 1691/12002MB (cached 50MB) CPU [0%@1728,0%@1728,0%@1728,0%@1728,0%@1728,100%@1728] GR3D_FREQ 16% cpu@58.968C soc2@57.687C soc0@58.5C gpu@58.781C tj@60.031C soc1@60.031C VDD_IN 9189mW/9204mW VDD_CPU_GPU_CV 3067mW/3060mW VDD_SOC 2662mW/2664mW
08-04-2026 21:04:21 RAM 3882/7620MB (lfb 152x1MB) SWAP 1691/12002MB (cached 50MB) CPU [0%@1728,0%@1728,0%@1728,0%@1728,0%@1728,100%@1728] GR3D_FREQ 16% cpu@58.843C soc2@57.75C soc0@58.593C gpu@59.375C tj@60.125C soc1@60.125C VDD_IN 9189mW/9204mW VDD_CPU_GPU_CV 3067mW/3060mW VDD_SOC 2662mW/2664mW
08-04-2026 21:04:21 RAM 3882/7620MB (lfb 152x1MB) SWAP 1691/12002MB (cached 50MB) CPU [0%@1728,9%@1728,0%@1728,0%@1728,0%@1728,100%@1728] GR3D_FREQ 17% cpu@58.968C soc2@57.843C soc0@58.687C gpu@58.875C tj@60.125C soc1@60.125C VDD_IN 9189mW/9204mW VDD_CPU_GPU_CV 3067mW/3060mW VDD_SOC 2662mW/2664mW
08-04-2026 21:04:21 RAM 3882/7620MB (lfb 152x1MB) SWAP 1691/12002MB (cached 50MB) CPU [0%@1728,0%@1728,0%@1728,0%@1728,0%@1728,100%@1728] GR3D_FREQ 16% cpu@59.031C soc2@57.781C soc0@58.781C gpu@58.812C tj@59.937C soc1@59.937C VDD_IN 9189mW/9204mW VDD_CPU_GPU_CV 3067mW/3060mW VDD_SOC 2662mW/2664mW
08-04-2026 21:04:21 RAM 3882/7620MB (lfb 152x1MB) SWAP 1691/12002MB (cached 50MB) CPU [0%@1728,0%@1728,0%@1728,0%@1728,0%@1728,100%@1728] GR3D_FREQ 16% cpu@59C soc2@57.75C soc0@58.531C gpu@58.906C tj@59.968C soc1@59.968C VDD_IN 9189mW/9204mW VDD_CPU_GPU_CV 3067mW/3060mW VDD_SOC 2662mW/2664mW
08-04-2026 21:04:21 RAM 3883/7620MB (lfb 152x1MB) SWAP 1691/12002MB (cached 50MB) CPU [0%@1728,0%@1728,0%@1728,0%@1728,0%@1728,100%@1728] GR3D_FREQ 16% cpu@58.781C soc2@57.718C soc0@58.625C gpu@58.843C tj@60C soc1@60.062C VDD_IN 9230mW/9204mW VDD_CPU_GPU_CV 3067mW/3060mW VDD_SOC 2662mW/2664mW
08-04-2026 21:04:21 RAM 3889/7620MB (lfb 152x1MB) SWAP 1691/12002MB (cached 50MB) CPU [9%@1728,20%@1728,0%@1728,0%@1728,0%@1728,100%@1728] GR3D_FREQ 17% cpu@58.937C soc2@57.812C soc0@58.625C gpu@58.812C tj@60.093C soc1@60.093C VDD_IN 9271mW/9204mW VDD_CPU_GPU_CV 3108mW/3060mW VDD_SOC 2703mW/2664mW
08-04-2026 21:04:21 RAM 3889/7620MB (lfb 152x1MB) SWAP 1691/12002MB (cached 50MB) CPU [0%@1728,0%@1728,0%@1728,0%@1728,0%@1728,100%@1728] GR3D_FREQ 16% cpu@59.031C soc2@57.812C soc0@58.718C gpu@59.218C tj@60.031C soc1@60.031C VDD_IN 9271mW/9204mW VDD_CPU_GPU_CV 3108mW/3060mW VDD_SOC 2662mW/2664mW
08-04-2026 21:04:22 RAM 3889/7620MB (lfb 152x1MB) SWAP 1691/12002MB (cached 50MB) CPU [0%@1728,9%@1728,0%@1728,0%@1728,0%@1728,100%@1728] GR3D_FREQ 17% cpu@59.218C soc2@57.687C soc0@58.593C gpu@58.812C tj@60C soc1@60C VDD_IN 9230mW/9204mW VDD_CPU_GPU_CV 3067mW/3060mW VDD_SOC 2662mW/2664mW
08-04-2026 21:04:22 RAM 3889/7620MB (lfb 152x1MB) SWAP 1691/12002MB (cached 50MB) CPU [0%@1728,0%@1728,0%@1728,0%@1728,0%@1728,100%@1728] GR3D_FREQ 16% cpu@59C soc2@57.812C soc0@58.562C gpu@58.812C tj@60.031C soc1@60.031C VDD_IN 9230mW/9204mW VDD_CPU_GPU_CV 3067mW/3060mW VDD_SOC 2662mW/2664mW
08-04-2026 21:04:22 RAM 3889/7620MB (lfb 152x1MB) SWAP 1691/12002MB (cached 50MB) CPU [0%@1728,0%@1728,0%@1728,0%@1728,0%@1728,100%@1728] GR3D_FREQ 17% cpu@58.843C soc2@57.75C soc0@58.625C gpu@58.906C tj@60.062C soc1@60.062C VDD_IN 9230mW/9204mW VDD_CPU_GPU_CV 3067mW/3060mW VDD_SOC 2662mW/2664mW
08-04-2026 21:04:22 RAM 3889/7620MB (lfb 152x1MB) SWAP 1691/12002MB (cached 50MB) CPU [9%@1728,0%@1728,0%@1728,0%@1728,0%@1728,100%@1728] GR3D_FREQ 17% cpu@58.937C soc2@57.843C soc0@58.718C gpu@58.875C tj@60.156C soc1@60.156C VDD_IN 9230mW/9204mW VDD_CPU_GPU_CV 3067mW/3060mW VDD_SOC 2662mW/2664mW
08-04-2026 21:04:22 RAM 3889/7620MB (lfb 152x1MB) SWAP 1691/12002MB (cached 50MB) CPU [0%@1728,0%@1728,0%@1728,0%@1728,0%@1728,100%@1728] GR3D_FREQ 16% cpu@59.218C soc2@57.937C soc0@58.531C gpu@58.843C tj@59.968C soc1@59.968C VDD_IN 9230mW/9204mW VDD_CPU_GPU_CV 3067mW/3060mW VDD_SOC 2662mW/2664mW
08-04-2026 21:04:22 RAM 3889/7620MB (lfb 152x1MB) SWAP 1691/12002MB (cached 50MB) CPU [8%@1728,9%@1728,0%@1728,0%@1728,0%@1728,100%@1728] GR3D_FREQ 17% cpu@59C soc2@57.687C soc0@58.562C gpu@58.875C tj@60C soc1@60C VDD_IN 9230mW/9204mW VDD_CPU_GPU_CV 3067mW/3060mW VDD_SOC 2662mW/2664mW
08-04-2026 21:04:22 RAM 3889/7620MB (lfb 152x1MB) SWAP 1691/12002MB (cached 50MB) CPU [0%@1728,0%@1728,0%@1728,0%@1728,0%@1728,100%@1728] GR3D_FREQ 16% cpu@58.75C soc2@57.75C soc0@58.562C gpu@58.906C tj@60.031C soc1@60.031C VDD_IN 9230mW/9204mW VDD_CPU_GPU_CV 3067mW/3060mW VDD_SOC 2662mW/2664mW
08-04-2026 21:04:22 RAM 3889/7620MB (lfb 152x1MB) SWAP 1691/12002MB (cached 50MB) CPU [0%@1728,0%@1728,0%@1728,0%@1728,0%@1728,100%@1728] GR3D_FREQ 16% cpu@58.75C soc2@57.75C soc0@58.718C gpu@58.843C tj@60.093C soc1@60.093C VDD_IN 9230mW/9204mW VDD_CPU_GPU_CV 3067mW/3060mW VDD_SOC 2662mW/2664mW
08-04-2026 21:04:22 RAM 3889/7620MB (lfb 152x1MB) SWAP 1691/12002MB (cached 50MB) CPU [8%@1728,0%@1728,0%@1728,0%@1728,0%@1728,100%@1728] GR3D_FREQ 16% cpu@59.062C soc2@57.843C soc0@58.718C gpu@58.906C tj@59.937C soc1@59.937C VDD_IN 9189mW/9204mW VDD_CPU_GPU_CV 3067mW/3060mW VDD_SOC 2662mW/2664mW
08-04-2026 21:04:22 RAM 3889/7620MB (lfb 152x1MB) SWAP 1691/12002MB (cached 50MB) CPU [0%@1728,0%@1728,0%@1728,9%@1728,0%@1728,100%@1728] GR3D_FREQ 17% cpu@59.156C soc2@57.687C soc0@58.593C gpu@58.781C tj@59.906C soc1@59.906C VDD_IN 9189mW/9204mW VDD_CPU_GPU_CV 3067mW/3060mW VDD_SOC 2662mW/2664mW
08-04-2026 21:04:23 RAM 3889/7620MB (lfb 152x1MB) SWAP 1691/12002MB (cached 50MB) CPU [0%@1728,0%@1728,0%@1728,0%@1728,0%@1728,100%@1728] GR3D_FREQ 17% cpu@58.968C soc2@57.718C soc0@58.562C gpu@59.031C tj@60C soc1@60C VDD_IN 9189mW/9204mW VDD_CPU_GPU_CV 3067mW/3060mW VDD_SOC 2666mW/2664mW
08-04-2026 21:04:23 RAM 3889/7620MB (lfb 152x1MB) SWAP 1691/12002MB (cached 50MB) CPU [0%@1728,0%@1728,0%@1728,0%@1728,0%@1728,100%@1728] GR3D_FREQ 16% cpu@58.843C soc2@57.718C soc0@58.593C gpu@58.875C tj@60.062C soc1@60.062C VDD_IN 9189mW/9204mW VDD_CPU_GPU_CV 3067mW/3060mW VDD_SOC 2666mW/2664mW
08-04-2026 21:04:23 RAM 3889/7620MB (lfb 152x1MB) SWAP 1691/12002MB (cached 50MB) CPU [0%@1728,0%@1728,0%@1728,0%@1728,0%@1728,100%@1728] GR3D_FREQ 17% cpu@58.812C soc2@57.781C soc0@58.718C gpu@58.812C tj@60.125C soc1@60.125C VDD_IN 9189mW/9204mW VDD_CPU_GPU_CV 3067mW/3060mW VDD_SOC 2666mW/2664mW
08-04-2026 21:04:23 RAM 3889/7620MB (lfb 152x1MB) SWAP 1691/12002MB (cached 50MB) CPU [0%@1728,0%@1728,0%@1728,0%@1728,0%@1728,100%@1728] GR3D_FREQ 16% cpu@59.218C soc2@57.812C soc0@58.718C gpu@58.968C tj@59.968C soc1@59.968C VDD_IN 9189mW/9204mW VDD_CPU_GPU_CV 3067mW/3060mW VDD_SOC 2662mW/2664mW
08-04-2026 21:04:23 RAM 3889/7620MB (lfb 152x1MB) SWAP 1691/12002MB (cached 50MB) CPU [0%@1728,0%@1728,0%@1728,0%@1728,0%@1728,100%@1728] GR3D_FREQ 17% cpu@59.062C soc2@57.75C soc0@58.437C gpu@58.781C tj@59.906C soc1@59.906C VDD_IN 9189mW/9204mW VDD_CPU_GPU_CV 3067mW/3060mW VDD_SOC 2662mW/2664mW
08-04-2026 21:04:23 RAM 3889/7620MB (lfb 152x1MB) SWAP 1691/12002MB (cached 50MB) CPU [8%@1728,0%@1728,0%@1728,0%@1728,0%@1728,100%@1728] GR3D_FREQ 16% cpu@58.781C soc2@57.75C soc0@58.5C gpu@58.968C tj@60C soc1@60C VDD_IN 9189mW/9204mW VDD_CPU_GPU_CV 3067mW/3060mW VDD_SOC 2662mW/2664mW
08-04-2026 21:04:23 RAM 3889/7620MB (lfb 152x1MB) SWAP 1691/12002MB (cached 50MB) CPU [0%@1728,9%@1728,0%@1728,0%@1728,0%@1728,100%@1728] GR3D_FREQ 16% cpu@58.812C soc2@57.718C soc0@58.625C gpu@58.906C tj@60.156C soc1@60.156C VDD_IN 9189mW/9204mW VDD_CPU_GPU_CV 3067mW/3060mW VDD_SOC 2662mW/2664mW
08-04-2026 21:04:23 RAM 3889/7620MB (lfb 152x1MB) SWAP 1691/12002MB (cached 50MB) CPU [0%@1728,0%@1728,9%@1728,0%@1728,0%@1728,100%@1728] GR3D_FREQ 16% cpu@58.875C soc2@57.75C soc0@58.812C gpu@58.843C tj@60.25C soc1@60.25C VDD_IN 9189mW/9204mW VDD_CPU_GPU_CV 3067mW/3060mW VDD_SOC 2662mW/2664mW
08-04-2026 21:04:23 RAM 3889/7620MB (lfb 152x1MB) SWAP 1691/12002MB (cached 50MB) CPU [0%@1728,0%@1728,0%@1728,0%@1728,0%@1728,100%@1728] GR3D_FREQ 16% cpu@59C soc2@57.781C soc0@58.593C gpu@58.968C tj@60.031C soc1@60.031C VDD_IN 9189mW/9204mW VDD_CPU_GPU_CV 3067mW/3060mW VDD_SOC 2662mW/2664mW
08-04-2026 21:04:23 RAM 3889/7620MB (lfb 152x1MB) SWAP 1691/12002MB (cached 50MB) CPU [0%@1728,0%@1728,0%@1728,0%@1728,0%@1728,100%@1728] GR3D_FREQ 17% cpu@59C soc2@57.843C soc0@58.5C gpu@58.875C tj@59.906C soc1@59.906C VDD_IN 9189mW/9204mW VDD_CPU_GPU_CV 3067mW/3061mW VDD_SOC 2662mW/2664mW
08-04-2026 21:04:24 RAM 3889/7620MB (lfb 152x1MB) SWAP 1691/12002MB (cached 50MB) CPU [0%@1728,0%@1728,0%@1728,0%@1728,0%@1728,100%@1728] GR3D_FREQ 16% cpu@58.843C soc2@57.75C soc0@58.531C gpu@59.062C tj@60.093C soc1@60.093C VDD_IN 9189mW/9204mW VDD_CPU_GPU_CV 3067mW/3061mW VDD_SOC 2662mW/2664mW
08-04-2026 21:04:24 RAM 3889/7620MB (lfb 152x1MB) SWAP 1691/12002MB (cached 50MB) CPU [0%@1728,0%@1728,0%@1728,0%@1728,0%@1728,100%@1728] GR3D_FREQ 16% cpu@58.843C soc2@57.75C soc0@58.687C gpu@58.968C tj@60.125C soc1@60.125C VDD_IN 9189mW/9204mW VDD_CPU_GPU_CV 3067mW/3061mW VDD_SOC 2662mW/2664mW
08-04-2026 21:04:24 RAM 3889/7620MB (lfb 152x1MB) SWAP 1691/12002MB (cached 50MB) CPU [0%@1728,0%@1728,8%@1728,0%@1728,0%@1728,100%@1728] GR3D_FREQ 16% cpu@58.906C soc2@57.812C soc0@58.5C gpu@58.937C tj@59.968C soc1@59.968C VDD_IN 9189mW/9204mW VDD_CPU_GPU_CV 3026mW/3060mW VDD_SOC 2662mW/2664mW
08-04-2026 21:04:24 RAM 3889/7620MB (lfb 152x1MB) SWAP 1691/12002MB (cached 50MB) CPU [9%@1728,0%@1728,0%@1728,0%@1728,0%@1728,100%@1728] GR3D_FREQ 16% cpu@59.125C soc2@57.718C soc0@58.593C gpu@59C tj@59.968C soc1@59.968C VDD_IN 9189mW/9204mW VDD_CPU_GPU_CV 3067mW/3060mW VDD_SOC 2662mW/2664mW
08-04-2026 21:04:24 RAM 3889/7620MB (lfb 152x1MB) SWAP 1691/12002MB (cached 50MB) CPU [9%@1728,0%@1728,16%@1728,0%@1728,0%@1728,100%@1728] GR3D_FREQ 16% cpu@59.125C soc2@57.718C soc0@58.562C gpu@58.906C tj@59.968C soc1@59.968C VDD_IN 9230mW/9204mW VDD_CPU_GPU_CV 3067mW/3060mW VDD_SOC 2662mW/2664mW
08-04-2026 21:04:24 RAM 3889/7620MB (lfb 152x1MB) SWAP 1691/12002MB (cached 50MB) CPU [0%@1728,0%@1728,0%@1728,0%@1728,0%@1728,100%@1728] GR3D_FREQ 17% cpu@58.843C soc2@57.687C soc0@58.718C gpu@59.218C tj@60.062C soc1@60.062C VDD_IN 9230mW/9204mW VDD_CPU_GPU_CV 3067mW/3060mW VDD_SOC 2662mW/2664mW
08-04-2026 21:04:24 RAM 3889/7620MB (lfb 152x1MB) SWAP 1691/12002MB (cached 50MB) CPU [0%@1728,0%@1728,0%@1728,0%@1728,0%@1728,100%@1728] GR3D_FREQ 17% cpu@58.906C soc2@57.843C soc0@58.687C gpu@59.062C tj@60.156C soc1@60.156C VDD_IN 9230mW/9204mW VDD_CPU_GPU_CV 3067mW/3061mW VDD_SOC 2662mW/2664mW
08-04-2026 21:04:24 RAM 3889/7620MB (lfb 152x1MB) SWAP 1691/12002MB (cached 50MB) CPU [0%@1728,0%@1728,0%@1728,0%@1728,0%@1728,100%@1728] GR3D_FREQ 17% cpu@58.968C soc2@57.718C soc0@58.5C gpu@58.906C tj@59.906C soc1@59.906C VDD_IN 9230mW/9204mW VDD_CPU_GPU_CV 3067mW/3061mW VDD_SOC 2662mW/2664mW
08-04-2026 21:04:24 RAM 3889/7620MB (lfb 152x1MB) SWAP 1691/12002MB (cached 50MB) CPU [0%@1728,0%@1728,0%@1728,9%@1728,0%@1728,100%@1728] GR3D_FREQ 16% cpu@59.031C soc2@57.75C soc0@58.656C gpu@59.156C tj@59.968C soc1@59.968C VDD_IN 9230mW/9204mW VDD_CPU_GPU_CV 3067mW/3061mW VDD_SOC 2662mW/2664mW
08-04-2026 21:04:25 RAM 3887/7620MB (lfb 152x1MB) SWAP 1691/12002MB (cached 50MB) CPU [0%@1728,0%@1728,11%@1728,0%@1728,9%@1728,100%@1728] GR3D_FREQ 16% cpu@58.781C soc2@57.75C soc0@58.625C gpu@59.062C tj@60.062C soc1@60.062C VDD_IN 9271mW/9204mW VDD_CPU_GPU_CV 3108mW/3061mW VDD_SOC 2662mW/2664mW
08-04-2026 21:04:25 RAM 3887/7620MB (lfb 152x1MB) SWAP 1691/12002MB (cached 50MB) CPU [0%@1728,0%@1728,0%@1728,0%@1728,0%@1728,100%@1728] GR3D_FREQ 16% cpu@58.843C soc2@57.781C soc0@58.718C gpu@58.875C tj@60.125C soc1@60.125C VDD_IN 9230mW/9204mW VDD_CPU_GPU_CV 3108mW/3061mW VDD_SOC 2662mW/2664mW
08-04-2026 21:04:25 RAM 3887/7620MB (lfb 152x1MB) SWAP 1691/12002MB (cached 50MB) CPU [0%@1728,0%@1728,0%@1728,0%@1728,0%@1728,100%@1728] GR3D_FREQ 17% cpu@58.968C soc2@57.875C soc0@58.5C gpu@59.062C tj@59.906C soc1@59.906C VDD_IN 9230mW/9204mW VDD_CPU_GPU_CV 3067mW/3061mW VDD_SOC 2662mW/2664mW
08-04-2026 21:04:25 RAM 3887/7620MB (lfb 152x1MB) SWAP 1691/12002MB (cached 50MB) CPU [0%@1728,0%@1728,8%@1728,0%@1728,0%@1728,100%@1728] GR3D_FREQ 16% cpu@59.125C soc2@57.656C soc0@58.562C gpu@58.937C tj@60C soc1@60C VDD_IN 9230mW/9204mW VDD_CPU_GPU_CV 3067mW/3061mW VDD_SOC 2662mW/2664mW
08-04-2026 21:04:25 RAM 3887/7620MB (lfb 152x1MB) SWAP 1691/12002MB (cached 50MB) CPU [0%@1728,0%@1728,0%@1728,0%@1728,0%@1728,100%@1728] GR3D_FREQ 17% cpu@58.75C soc2@57.75C soc0@58.5C gpu@58.875C tj@60.031C soc1@60.031C VDD_IN 9230mW/9204mW VDD_CPU_GPU_CV 3067mW/3061mW VDD_SOC 2662mW/2664mW
08-04-2026 21:04:25 RAM 3887/7620MB (lfb 152x1MB) SWAP 1691/12002MB (cached 50MB) CPU [0%@1728,0%@1728,9%@1728,0%@1728,0%@1728,100%@1728] GR3D_FREQ 16% cpu@58.812C soc2@57.812C soc0@58.687C gpu@59.093C tj@60.031C soc1@60.031C VDD_IN 9230mW/9204mW VDD_CPU_GPU_CV 3067mW/3061mW VDD_SOC 2662mW/2664mW
08-04-2026 21:04:25 RAM 3887/7620MB (lfb 152x1MB) SWAP 1691/12002MB (cached 50MB) CPU [0%@1728,0%@1728,0%@1728,0%@1728,0%@1728,100%@1728] GR3D_FREQ 16% cpu@58.875C soc2@57.781C soc0@58.687C gpu@59.062C tj@60.093C soc1@60.218C VDD_IN 9230mW/9204mW VDD_CPU_GPU_CV 3067mW/3061mW VDD_SOC 2662mW/2664mW
08-04-2026 21:04:25 RAM 3887/7620MB (lfb 152x1MB) SWAP 1691/12002MB (cached 50MB) CPU [8%@1728,0%@1728,0%@1728,0%@1728,0%@1728,100%@1728] GR3D_FREQ 17% cpu@58.968C soc2@57.906C soc0@58.531C gpu@59.218C tj@59.968C soc1@59.968C VDD_IN 9230mW/9204mW VDD_CPU_GPU_CV 3067mW/3061mW VDD_SOC 2662mW/2664mW
08-04-2026 21:04:25 RAM 3887/7620MB (lfb 152x1MB) SWAP 1691/12002MB (cached 50MB) CPU [0%@1728,0%@1728,0%@1728,0%@1728,0%@1728,100%@1728] GR3D_FREQ 17% cpu@59.031C soc2@57.781C soc0@58.531C gpu@59.062C tj@60.031C soc1@60.031C VDD_IN 9230mW/9204mW VDD_CPU_GPU_CV 3067mW/3061mW VDD_SOC 2662mW/2664mW
08-04-2026 21:04:25 RAM 3887/7620MB (lfb 152x1MB) SWAP 1691/12002MB (cached 50MB) CPU [0%@1728,0%@1728,0%@1728,0%@1728,0%@1728,100%@1728] GR3D_FREQ 17% cpu@58.718C soc2@57.75C soc0@58.687C gpu@58.937C tj@60C soc1@60C VDD_IN 9189mW/9204mW VDD_CPU_GPU_CV 3067mW/3061mW VDD_SOC 2662mW/2664mW
08-04-2026 21:04:26 RAM 3887/7620MB (lfb 152x1MB) SWAP 1691/12002MB (cached 50MB) CPU [0%@1728,0%@1728,0%@1728,0%@1728,0%@1728,100%@1728] GR3D_FREQ 17% cpu@58.781C soc2@57.718C soc0@58.656C gpu@59.187C tj@60.093C soc1@60.093C VDD_IN 9189mW/9204mW VDD_CPU_GPU_CV 3067mW/3061mW VDD_SOC 2662mW/2664mW
08-04-2026 21:04:26 RAM 3887/7620MB (lfb 152x1MB) SWAP 1691/12002MB (cached 50MB) CPU [0%@1728,0%@1728,0%@1728,0%@1728,0%@1728,100%@1728] GR3D_FREQ 16% cpu@58.968C soc2@57.781C soc0@58.718C gpu@59.093C tj@60.031C soc1@60.031C VDD_IN 9189mW/9204mW VDD_CPU_GPU_CV 3067mW/3061mW VDD_SOC 2662mW/2664mW
08-04-2026 21:04:26 RAM 3887/7620MB (lfb 152x1MB) SWAP 1691/12002MB (cached 50MB) CPU [0%@1728,0%@1728,0%@1728,0%@1728,0%@1728,100%@1728] GR3D_FREQ 17% cpu@59.031C soc2@57.625C soc0@58.562C gpu@58.812C tj@59.968C soc1@59.968C VDD_IN 9189mW/9204mW VDD_CPU_GPU_CV 3067mW/3061mW VDD_SOC 2662mW/2664mW
08-04-2026 21:04:26 RAM 3887/7620MB (lfb 152x1MB) SWAP 1691/12002MB (cached 50MB) CPU [0%@1728,9%@1728,0%@1728,0%@1728,0%@1728,100%@1728] GR3D_FREQ 17% cpu@58.937C soc2@57.718C soc0@58.593C gpu@59.156C tj@60.031C soc1@60.031C VDD_IN 9189mW/9204mW VDD_CPU_GPU_CV 3067mW/3061mW VDD_SOC 2662mW/2664mW
08-04-2026 21:04:26 RAM 3887/7620MB (lfb 152x1MB) SWAP 1691/12002MB (cached 50MB) CPU [0%@1728,0%@1728,0%@1728,0%@1728,0%@1728,100%@1728] GR3D_FREQ 16% cpu@58.843C soc2@57.718C soc0@58.656C gpu@59.031C tj@59.968C soc1@59.968C VDD_IN 9189mW/9204mW VDD_CPU_GPU_CV 3067mW/3061mW VDD_SOC 2662mW/2664mW
08-04-2026 21:04:26 RAM 3887/7620MB (lfb 152x1MB) SWAP 1691/12002MB (cached 50MB) CPU [0%@1728,9%@1728,0%@1728,0%@1728,0%@1728,100%@1728] GR3D_FREQ 16% cpu@58.843C soc2@57.75C soc0@58.687C gpu@58.75C tj@60.156C soc1@60.156C VDD_IN 9189mW/9204mW VDD_CPU_GPU_CV 3067mW/3061mW VDD_SOC 2666mW/2664mW
08-04-2026 21:04:26 RAM 3887/7620MB (lfb 152x1MB) SWAP 1691/12002MB (cached 50MB) CPU [0%@1728,0%@1728,0%@1728,0%@1728,0%@1728,100%@1728] GR3D_FREQ 17% cpu@59C soc2@57.843C soc0@58.75C gpu@59.125C tj@59.906C soc1@59.906C VDD_IN 9189mW/9204mW VDD_CPU_GPU_CV 3067mW/3061mW VDD_SOC 2666mW/2664mW
08-04-2026 21:04:26 RAM 3887/7620MB (lfb 152x1MB) SWAP 1691/12002MB (cached 50MB) CPU [0%@1728,0%@1728,0%@1728,0%@1728,0%@1728,100%@1728] GR3D_FREQ 17% cpu@59.156C soc2@57.75C soc0@58.437C gpu@58.843C tj@59.968C soc1@59.968C VDD_IN 9189mW/9204mW VDD_CPU_GPU_CV 3067mW/3061mW VDD_SOC 2666mW/2664mW
08-04-2026 21:04:26 RAM 3887/7620MB (lfb 152x1MB) SWAP 1691/12002MB (cached 50MB) CPU [0%@1728,0%@1728,0%@1728,0%@1728,0%@1728,100%@1728] GR3D_FREQ 17% cpu@58.781C soc2@57.75C soc0@58.593C gpu@59.375C tj@60.031C soc1@60.031C VDD_IN 9189mW/9204mW VDD_CPU_GPU_CV 3067mW/3061mW VDD_SOC 2662mW/2664mW
08-04-2026 21:04:27 RAM 3887/7620MB (lfb 152x1MB) SWAP 1691/12002MB (cached 50MB) CPU [0%@1728,0%@1728,0%@1728,0%@1728,0%@1728,100%@1728] GR3D_FREQ 17% cpu@58.781C soc2@57.718C soc0@58.718C gpu@59.187C tj@60.031C soc1@60.187C VDD_IN 9189mW/9204mW VDD_CPU_GPU_CV 3067mW/3061mW VDD_SOC 2662mW/2664mW
08-04-2026 21:04:27 RAM 3887/7620MB (lfb 152x1MB) SWAP 1691/12002MB (cached 50MB) CPU [0%@1728,0%@1728,0%@1728,0%@1728,0%@1728,100%@1728] GR3D_FREQ 16% cpu@59.031C soc2@57.843C soc0@58.687C gpu@58.812C tj@60.187C soc1@60.187C VDD_IN 9189mW/9204mW VDD_CPU_GPU_CV 3067mW/3061mW VDD_SOC 2662mW/2664mW
08-04-2026 21:04:27 RAM 3887/7620MB (lfb 152x1MB) SWAP 1691/12002MB (cached 50MB) CPU [0%@1728,0%@1728,0%@1728,0%@1728,0%@1728,100%@1728] GR3D_FREQ 17% cpu@58.937C soc2@57.718C soc0@58.531C gpu@59.281C tj@59.968C soc1@59.968C VDD_IN 9189mW/9204mW VDD_CPU_GPU_CV 3067mW/3061mW VDD_SOC 2662mW/2664mW
08-04-2026 21:04:27 RAM 3887/7620MB (lfb 152x1MB) SWAP 1691/12002MB (cached 50MB) CPU [0%@1728,0%@1728,0%@1728,0%@1728,0%@1728,100%@1728] GR3D_FREQ 16% cpu@58.812C soc2@57.75C soc0@58.593C gpu@58.906C tj@60.031C soc1@60.031C VDD_IN 9189mW/9204mW VDD_CPU_GPU_CV 3067mW/3061mW VDD_SOC 2662mW/2664mW
08-04-2026 21:04:27 RAM 3887/7620MB (lfb 152x1MB) SWAP 1691/12002MB (cached 50MB) CPU [0%@1728,8%@1728,0%@1728,0%@1728,0%@1728,100%@1728] GR3D_FREQ 17% cpu@58.812C soc2@57.718C soc0@58.687C gpu@58.843C tj@60.125C soc1@60.125C VDD_IN 9230mW/9204mW VDD_CPU_GPU_CV 3067mW/3061mW VDD_SOC 2662mW/2664mW
08-04-2026 21:04:27 RAM 3887/7620MB (lfb 152x1MB) SWAP 1691/12002MB (cached 50MB) CPU [9%@1728,0%@1728,0%@1728,9%@1728,0%@1728,100%@1728] GR3D_FREQ 17% cpu@58.937C soc2@57.781C soc0@58.656C gpu@59.281C tj@60.187C soc1@60.187C VDD_IN 9230mW/9204mW VDD_CPU_GPU_CV 3067mW/3061mW VDD_SOC 2662mW/2664mW
08-04-2026 21:04:27 RAM 3887/7620MB (lfb 152x1MB) SWAP 1691/12002MB (cached 50MB) CPU [0%@1728,0%@1728,0%@1728,0%@1728,0%@1728,100%@1728] GR3D_FREQ 17% cpu@58.968C soc2@57.906C soc0@58.843C gpu@58.906C tj@60.187C soc1@60.187C VDD_IN 9189mW/9204mW VDD_CPU_GPU_CV 3067mW/3061mW VDD_SOC 2666mW/2664mW
08-04-2026 21:04:27 RAM 3887/7620MB (lfb 152x1MB) SWAP 1691/12002MB (cached 50MB) CPU [0%@1728,0%@1728,0%@1728,0%@1728,0%@1728,100%@1728] GR3D_FREQ 17% cpu@59C soc2@57.593C soc0@58.531C gpu@58.75C tj@59.968C soc1@59.968C VDD_IN 9189mW/9204mW VDD_CPU_GPU_CV 3067mW/3061mW VDD_SOC 2666mW/2664mW
08-04-2026 21:04:27 RAM 3887/7620MB (lfb 152x1MB) SWAP 1691/12002MB (cached 50MB) CPU [0%@1728,0%@1728,0%@1728,0%@1728,0%@1728,100%@1728] GR3D_FREQ 16% cpu@58.812C soc2@57.781C soc0@58.593C gpu@59.25C tj@59.968C soc1@59.968C VDD_IN 9189mW/9204mW VDD_CPU_GPU_CV 3067mW/3061mW VDD_SOC 2666mW/2664mW
08-04-2026 21:04:27 RAM 3887/7620MB (lfb 152x1MB) SWAP 1691/12002MB (cached 50MB) CPU [0%@1728,0%@1728,0%@1728,0%@1728,0%@1728,100%@1728] GR3D_FREQ 16% cpu@58.843C soc2@57.75C soc0@58.656C gpu@58.781C tj@60.093C soc1@60.093C VDD_IN 9189mW/9204mW VDD_CPU_GPU_CV 3067mW/3061mW VDD_SOC 2666mW/2664mW
08-04-2026 21:04:28 RAM 3887/7620MB (lfb 152x1MB) SWAP 1691/12002MB (cached 50MB) CPU [0%@1728,0%@1728,0%@1728,0%@1728,0%@1728,100%@1728] GR3D_FREQ 16% cpu@58.812C soc2@57.781C soc0@58.718C gpu@58.843C tj@60.187C soc1@60.187C VDD_IN 9189mW/9204mW VDD_CPU_GPU_CV 3067mW/3061mW VDD_SOC 2662mW/2664mW
08-04-2026 21:04:28 RAM 3887/7620MB (lfb 152x1MB) SWAP 1691/12002MB (cached 50MB) CPU [0%@1728,0%@1728,0%@1728,0%@1728,0%@1728,100%@1728] GR3D_FREQ 17% cpu@59.125C soc2@57.875C soc0@58.5C gpu@58.937C tj@59.937C soc1@59.937C VDD_IN 9189mW/9204mW VDD_CPU_GPU_CV 3067mW/3061mW VDD_SOC 2662mW/2664mW
08-04-2026 21:04:28 RAM 3887/7620MB (lfb 152x1MB) SWAP 1691/12002MB (cached 50MB) CPU [10%@1728,0%@1728,0%@1728,10%@1728,0%@1728,100%@1728] GR3D_FREQ 17% cpu@59C soc2@57.656C soc0@58.562C gpu@58.843C tj@60C soc1@60C VDD_IN 9271mW/9204mW VDD_CPU_GPU_CV 3108mW/3061mW VDD_SOC 2662mW/2664mW
08-04-2026 21:04:28 RAM 3887/7620MB (lfb 152x1MB) SWAP 1691/12002MB (cached 50MB) CPU [9%@1728,0%@1728,0%@1728,0%@1728,0%@1728,100%@1728] GR3D_FREQ 16% cpu@58.875C soc2@57.718C soc0@58.593C gpu@58.812C tj@60.031C soc1@60.031C VDD_IN 9271mW/9204mW VDD_CPU_GPU_CV 3108mW/3061mW VDD_SOC 2662mW/2664mW
08-04-2026 21:04:28 RAM 3887/7620MB (lfb 152x1MB) SWAP 1691/12002MB (cached 50MB) CPU [8%@1728,0%@1728,9%@1728,0%@1728,0%@1728,100%@1728] GR3D_FREQ 17% cpu@58.875C soc2@57.812C soc0@58.687C gpu@58.843C tj@60.125C soc1@60.125C VDD_IN 9230mW/9204mW VDD_CPU_GPU_CV 3108mW/3061mW VDD_SOC 2662mW/2664mW
08-04-2026 21:04:28 RAM 3887/7620MB (lfb 152x1MB) SWAP 1691/12002MB (cached 50MB) CPU [0%@1728,9%@1728,10%@1728,0%@1728,0%@1728,100%@1728] GR3D_FREQ 16% cpu@59C soc2@57.781C soc0@58.593C gpu@58.843C tj@59.906C soc1@59.906C VDD_IN 9230mW/9204mW VDD_CPU_GPU_CV 3108mW/3061mW VDD_SOC 2662mW/2664mW
08-04-2026 21:04:28 RAM 3887/7620MB (lfb 152x1MB) SWAP 1691/12002MB (cached 50MB) CPU [0%@1728,0%@1728,8%@1728,0%@1728,0%@1728,100%@1728] GR3D_FREQ 17% cpu@59C soc2@57.75C soc0@58.531C gpu@59.312C tj@59.937C soc1@59.937C VDD_IN 9230mW/9204mW VDD_CPU_GPU_CV 3067mW/3061mW VDD_SOC 2662mW/2664mW
08-04-2026 21:04:28 RAM 3887/7620MB (lfb 152x1MB) SWAP 1691/12002MB (cached 50MB) CPU [0%@1728,0%@1728,0%@1728,0%@1728,0%@1728,100%@1728] GR3D_FREQ 16% cpu@58.843C soc2@57.75C soc0@58.625C gpu@58.906C tj@59.937C soc1@59.937C VDD_IN 9230mW/9204mW VDD_CPU_GPU_CV 3067mW/3061mW VDD_SOC 2662mW/2664mW
08-04-2026 21:04:28 RAM 3887/7620MB (lfb 152x1MB) SWAP 1691/12002MB (cached 50MB) CPU [0%@1728,0%@1728,0%@1728,0%@1728,0%@1728,100%@1728] GR3D_FREQ 17% cpu@58.843C soc2@57.75C soc0@58.562C gpu@58.843C tj@60.062C soc1@60.062C VDD_IN 9230mW/9204mW VDD_CPU_GPU_CV 3067mW/3061mW VDD_SOC 2662mW/2664mW
08-04-2026 21:04:29 RAM 3887/7620MB (lfb 152x1MB) SWAP 1691/12002MB (cached 50MB) CPU [0%@1728,0%@1728,0%@1728,0%@1728,0%@1728,100%@1728] GR3D_FREQ 17% cpu@58.968C soc2@57.812C soc0@58.625C gpu@58.937C tj@60.218C soc1@60.218C VDD_IN 9230mW/9204mW VDD_CPU_GPU_CV 3067mW/3061mW VDD_SOC 2666mW/2664mW
08-04-2026 21:04:29 RAM 3887/7620MB (lfb 152x1MB) SWAP 1691/12002MB (cached 50MB) CPU [0%@1728,0%@1728,0%@1728,0%@1728,0%@1728,100%@1728] GR3D_FREQ 17% cpu@59C soc2@57.906C soc0@58.531C gpu@58.875C tj@59.906C soc1@59.906C VDD_IN 9230mW/9204mW VDD_CPU_GPU_CV 3067mW/3061mW VDD_SOC 2662mW/2664mW
